{
	"version": "0.3.14", 
	"suite": "unknown_suite", 
	"function_id": 7, 
	"function_name": "StepEllipsoid", 
	"maximization": false, 
	"algorithm": {"name": "DE", "info": "algorithm_info"},
	"attributes": ["evaluations", "raw_y"],
	"scenarios": [
		{"dimension": 23,
		"path": "data_f7_StepEllipsoid/IOHprofiler_f7_DIM23.dat",
		"runs": [
			{"instance": 0, "evals": 1101, "best": {"evals": 596, "y": 414.7157896654244, "x": [0.765254310212824, -3.6543570577047033, -1.8082214457403563, 1.337710479936026, -1.4737591627640967, -1.2704516037760227, 1.592674823297192, 0.3025917172043249, 2.6248390208603984, 2.9594208815500895, -1.4503529495436602, -0.34201377250355325, 1.8309470493668165, -0.2608697879669224, -4.117823231822359, 0.2733136774173923, -2.284573330560031, -0.5148131976260785, -4.307698810640038, 0.2649024844386907, 3.735033714423275, -0.7668299771226634, 2.249725186430571]}},
			{"instance": 0, "evals": 1101, "best": {"evals": 685, "y": 395.8770859295164, "x": [0.748558129834695, -1.7817221160255166, 2.0813887481825724, 2.4868571210580823, 0.7649992304872786, -2.019341757828387, 2.2919532963056177, 1.6836414572145522, -1.6980511305833788, 4.231875633376276, -3.0967826315027356, -1.0062165263775205, -3.01625982129781, 0.19633381849130416, -2.6218710437152826, -0.5446645399150447, -4.111346218530981, -4.8129553327702315, -4.226641710954983, -2.0388064068814193, 3.604498140576384, 1.003877159765393, 4.527929853937003]}},
			{"instance": 0, "evals": 1101, "best": {"evals": 875, "y": 232.91268686125224, "x": [-0.49724557282348925, -2.2774616337804887, -0.8160030593221483, 2.2241642635996577, 0.08826946446725259, 0.828262872718815, 2.1192982110036684, 2.563495185011168, 4.981804571008491, 4.160994139528714, -2.454660732950669, 0.6465048213662876, 4.168204446324552, 0.4259164224450305, 0.8511674257874822, 0.9596238013320422, -1.2170438221348014, -1.1111164475398794, -2.679668991783323, -1.1222468772786394, -2.061692792900167, 1.7906521639565458, -0.3705820699148985]}},
			{"instance": 0, "evals": 1101, "best": {"evals": 581, "y": 365.37012669170457, "x": [-1.0607865453712408, 3.491997491249416, 2.4055437061590315, 0.8971298394553635, 0.8237434756048883, 0.25083380934120036, 3.5046487411661627, 0.3294625570206753, -0.01848729538563232, 4.821978351873846, -1.5052115442893264, 0.12767215894373862, -2.6188513294393916, 0.5097960032292908, 2.913866495777415, -2.2801208322684383, -0.5664644364320701, -1.9123282374443895, -2.011006657183698, -3.0715529777105233, -0.733467178627234, -1.5915828336207118, -0.8763950139420013]}},
			{"instance": 0, "evals": 1101, "best": {"evals": 951, "y": 347.437539655366, "x": [-2.159555427431651, -3.4354737565829154, -1.196502648404088, 1.5966337166657212, 3.4281919354373898, -2.3204660865140685, 3.982027344937535, 4.612949450769853, 0.9712281904227213, 3.5322464881012863, -3.219182362690318, -0.7902807737865878, 3.255201413639263, -1.9708626077248144, -0.587437948658911, -0.4046218014161953, -4.906479372934415, -2.1240546410007655, -1.7100831038944397, -1.047877159546514, 0.5595541262376391, 3.3056140886493144, -0.49782427812194285]}},
			{"instance": 0, "evals": 1101, "best": {"evals": 897, "y": 305.784040373813, "x": [-3.5782630360153034, 2.5720413568759346, -0.038668660306131475, -1.451341815902322, -3.1900463980327296, -3.603234941064597, 4.264608532941445, -1.0308546838628807, 0.8594513283295964, 1.5397502819939781, -0.38565836093887196, 0.006524800166091138, 1.3643654755397636, 3.209721408346372, 4.517799459315028, 1.0030567365102445, -1.3016497564911662, -1.4948986642455653, 2.7157924483016487, -0.033950009261434655, -4.652688026389004, 0.8940730125401015, -0.9452966624252603]}},
			{"instance": 0, "evals": 1101, "best": {"evals": 980, "y": 293.7774387787703, "x": [-3.609105955624279, 4.085603127478598, -4.307867043654985, -3.975115738169256, 0.30388541187856055, -0.8022687501163142, -0.5419359812393267, 2.0446708153047943, -0.15603322249238083, 3.883092646977966, -3.0678480350503783, 1.1160885306888164, -3.341213709884446, -4.1570547324396, 4.149734411672844, 2.4002181254384425, -0.4387955425858716, 0.20099821194911272, -1.4613751396688532, -3.089084310396685, 0.252092997376832, -1.7919870804609794, -2.152506633869703]}},
			{"instance": 0, "evals": 1101, "best": {"evals": 857, "y": 382.72720081546277, "x": [0.5683697102834608, -2.086915847561798, -3.26290788065445, -2.290064271108764, -1.9940524240307322, -1.6934477073295149, -0.6317367915515759, 1.5805560530818812, 2.678596074636806, -1.2674214362874672, -4.922047496703002, -1.9621689365428872, 2.9556445133874387, -2.1887579163895374, 4.139420935549059, 2.303620295425625, -0.7249495560558858, -2.2564723395329134, -0.5898648202919843, -1.6062331259898366, -4.144236098854356, -2.625578516561431, -2.3444341342837247]}},
			{"instance": 0, "evals": 1101, "best": {"evals": 486, "y": 290.0528289900589, "x": [0.12696813809034868, -1.6545490729632615, -3.2475072031140573, 0.9767817772572824, 1.5202283555032832, -1.1049432599644402, -1.666469369369353, -0.6994454120607765, 2.5229307737396223, 2.1573619786709646, -3.3417880898683796, 0.222048518941107, -2.677773307539826, -0.15946581302997287, 2.2726756981609917, -0.18223494551583386, -4.3839710448939595, -3.2525481972621995, -0.671309504894753, 1.6685677058395862, -0.5207976057980446, 1.3971863115346508, 2.5814900620775427]}},
			{"instance": 0, "evals": 1101, "best": {"evals": 293, "y": 356.9658986704572, "x": [-0.6984446988864288, -3.966670835790942, -1.1168487862298604, 0.6663653807652175, -0.5534833985000098, -3.043601025538818, -2.1281786845299573, 3.8169177957170355, 3.1399587861731315, 0.4707988002678938, -2.4315701753049233, -2.2191691095236123, -4.239501012188595, -3.5853143677150987, 1.0998107811542144, -4.632226961238657, 0.13730526258889597, 0.8886326177440251, 0.248648862077268, -1.7972013110305554, -1.2583576318141874, -3.7415857572803057, -4.016806025370095]}},
			{"instance": 0, "evals": 1101, "best": {"evals": 798, "y": 236.79523381754439, "x": [-3.556040839453985, 0.8502986147909402, -3.622841743249655, -2.458069298596718, 1.7893937087614757, -4.383584300828883, 2.5569601835904168, -1.3332528453457555, 2.9875310784218687, 3.0178871644713663, -2.929386389403238, -0.05443341008913838, 1.2003708825423107, -2.763808123743083, 1.7003377171579168, -1.5218216853294209, -3.0765108047012046, -2.075515331248279, 0.755084959251008, 2.2991107288205663, 0.5281824364494885, 1.8335751196797139, -0.7337779853892941]}},
			{"instance": 0, "evals": 1101, "best": {"evals": 1057, "y": 393.8232051203482, "x": [-2.627448635428907, 3.3756102436876727, 0.7470105606871069, 1.1678370473617496, 1.6067923581830534, -1.87288430266358, 2.9119515828714793, 4.571094967363678, 4.409878078390978, 2.315230543917123, -2.7433794236254148, -1.9087226201856424, 3.518234893617043, -1.0295101236030169, 2.317310640279392, 3.674599389491849, 2.8568392354827656, -0.19750758377430877, -0.2254653526059469, 2.01362322811857, -1.589010152442846, -4.745220749504865, -4.436119370739734]}},
			{"instance": 0, "evals": 1101, "best": {"evals": 1083, "y": 477.78933337650574, "x": [-4.738070476986797, 2.0452777157047297, 4.103794468819798, -0.8316771194960477, -1.7399744485583666, -0.47876813574259014, 3.750441516855105, -1.6889215412676934, -3.3990250985484387, 4.6448185767565935, -0.16693125161189126, -1.8773076553364862, -3.3473016131499653, -1.3914237298441887, 2.70956456536335, 3.4785572849007433, 2.941237814373162, 1.6010274240040618, -2.1268296869100474, -0.8727247076128046, 1.4643449406919462, -2.86315389599626, 4.2885418895198395]}},
			{"instance": 0, "evals": 1101, "best": {"evals": 276, "y": 490.631811612582,