{
	"version": "0.3.14", 
	"suite": "unknown_suite", 
	"function_id": 9, 
	"function_name": "RosenbrockRotated", 
	"maximization": false, 
	"algorithm": {"name": "DE", "info": "algorithm_info"},
	"attributes": ["evaluations", "raw_y"],
	"scenarios": [
		{"dimension": 23,
		"path": "data_f9_RosenbrockRotated/IOHprofiler_f9_DIM23.dat",
		"runs": [
			{"instance": 0, "evals": 1101, "best": {"evals": 1088, "y": 33091.784781104936, "x": [-1.0292918007437417, 1.8677861522968362, -2.406835841511981, -0.03894435473411795, -1.7208806565215462, -3.704704399895487, 1.5601548206446778, -0.18443847959156212, -1.7363076789162089, -1.2407100758965988, -1.6396916414603215, 0.4238560312085893, -2.3383122184839804, 2.0248393590262572, -2.3157761935317, -0.13373785521269999, -1.7475730780163254, 1.7457609769040727, -3.007240471697654, -2.2034620053037464, 1.377175185379821, 2.336193370576022, 0.1319689139295479]}},
			{"instance": 0, "evals": 1101, "best": {"evals": 579, "y": 31361.143603249195, "x": [0.7740626647094095, 2.3763324936069186, -0.14691444134450826, 1.8193234797519056, -0.8776205389091358, -2.2127709047148048, -1.1595325548334046, 2.588668890652185, 0.19983333175248652, -1.2921198634006568, -3.399790722406525, -1.1694006795814724, 0.4553841167851269, 2.8144866074877006, -2.287722015502078, -0.3494626369465168, 0.5395387429985843, -0.6092800921548407, 0.5056535206837767, 0.20387991672578565, -1.637913497979145, 1.8853388575159078, -0.32458359832867023]}},
			{"instance": 0, "evals": 1101, "best": {"evals": 1085, "y": 28481.53691468001, "x": [-0.6772354737914021, 0.2615083809917076, 0.9245949515567657, 0.7912683185807836, -1.1994190894831431, 2.0260691562216575, -0.07820320991597529, 0.4840284907903625, -1.3107636890954542, 0.04929843723791105, -2.6961266181385817, -1.8263227534757944, 4.2618264548349805, -0.43625808671084676, -0.4556899798547711, -2.99690810326122, 0.7740800886274553, 0.055750479524025565, 0.14954804784933273, -3.090302316315526, 0.40576573475406086, -1.4243130144393543, 1.6330553738359237]}},
			{"instance": 0, "evals": 1101, "best": {"evals": 760, "y": 23581.994881359966, "x": [1.7416809529569788, -0.38398631093496416, 1.1967755221539464, 0.20469482929894633, 2.3129960500032376, -1.2322159581201784, -1.0805599392110548, 1.1660868399534894, 2.4010654817628465, 1.9884694273466401, -1.0500467168350807, -0.4372261608318202, -0.8775970631840508, -0.35939232767325224, -0.7359753225118504, -0.26911751576434484, 0.3100297110764201, -2.5520539887695692, -2.9690790833083875, -1.2357991841119698, 0.6034638462800679, -1.3919709537420677, 0.3445013315768566]}},
			{"instance": 0, "evals": 1101, "best": {"evals": 891, "y": 31308.68784953664, "x": [0.877795632708158, -0.5644446487966865, 0.5396487202318916, -0.617910939355284, -0.7133236466273516, 2.598870802981625, -0.3079356359668397, 0.8498347633251655, 0.4622719482443741, -4.0434238752222225, 0.19229579577383027, 1.404283862919224, -1.5959761609636147, 1.975244769773724, -2.9590234262785167, -1.0581784862313324, 0.3595176457747984, -0.5338358255876843, 2.301835620066226, -1.4779067664907142, 0.49134159751220574, -2.1097083749932466, -1.056490834364026]}},
			{"instance": 0, "evals": 1101, "best": {"evals": 1097, "y": 35262.39015899023, "x": [0.8500698535915894, 0.8745364884142317, 1.1684439247810907, -2.586789252926078, 1.4083155563734582, -2.2775129244436307, 1.1384289724211276, -1.0308546838628807, -0.7057531833375918, -0.13903331976875055, -0.38565836093887196, 1.4375163277508962, -2.171983980889492, -1.7772779662871478, -0.557504570442739, -1.3516377488653761, 2.4281887276425964, -0.3918754030978233, 2.7157924483016487, 1.8506093802515957, -0.6896367915223418, 0.578678818667897, 0.43683674481615054]}},
			{"instance": 0, "evals": 1101, "best": {"evals": 868, "y": 30957.72783642484, "x": [0.7228414650975297, 0.3411536850709942, 1.3075673173102929, -0.10993538135439551, 2.006346856713541, 2.5705933012717717, 2.7954196234673745, -0.16296861967201015, -2.6796759329635305, 2.966519442478825, -0.8649319258342587, 1.6978143662219232, -0.062197044473850216, 0.08464549205695149, 0.6794834503417051, 0.24667882593301904, -0.8370538627112967, -0.12015624360354948, -0.4443734216109376, 0.8277827137697475, -0.10765367997329922, -3.1463636798866137, 0.7117555487567522]}},
			{"instance": 0, "evals": 1101, "best": {"evals": 754, "y": 24780.065055919153, "x": [0.1726046730823949, 1.4845052346274983, -1.7796860707064965, -1.937179908441283, 1.2225889734683837, -0.7789833454983928, 0.84727588465516, -0.824891869038388, 0.16778517322599162, 1.3663933611926264, -0.40339468994073147, 1.846766345926706, 2.620519080977216, -2.097845830190128, -0.3578230660220826, 1.8691037713527465, -2.2506846145992037, 0.14690168332484177, 0.8954678326733831, -1.8955298353008212, -0.06001318140154943, -1.4242330124234934, -2.2865436713493112]}},
			{"instance": 0, "evals": 1101, "best": {"evals": 883, "y": 28745.83597324697, "x": [-0.046180457591394886, -0.16169895132233592, -1.5904993155166995, 0.2584257063483859, -1.3933601212435676, -0.4150945999321709, -2.0679720441402205, -1.341031245032306, -1.6196025721371585, -0.7678519009454252, 2.2601159430289055, -0.40837625054432825, -2.316589099357705, 3.3227673677722125, 0.7409846346804057, -2.7669832910826777, -2.0719801771700777, 1.4790575394131658, -2.1753162803704273, -2.1954138817171973, 0.518374242882909, -1.0978336127427268, 1.1127407811035437]}},
			{"instance": 0, "evals": 1101, "best": {"evals": 771, "y": 27029.986572923637, "x": [-1.7452950555181286, 2.1604009756338556, 2.6276036229906348, -3.180978420413369, 0.39911309278209206, -0.6135946404519451, -0.041732018599633935, -0.09994574217833918, 1.4520928218346176, -2.39697255245222, 1.898199022399913, -1.6685151543571224, 1.3432319860326913, -0.06964860229851189, -2.5601113136302027, 0.5392162538568659, 0.9961679854908052, -0.1267731013964859, 1.7370481865427827, 1.6583231124617324, 1.090343407799603, 1.8986365110159746, 2.4768930440897634]}},
			{"instance": 0, "evals": 1101, "best": {"evals": 1079, "y": 33191.18488701138, "x": [2.095309678924665, 0.8479629790429914, -1.7487312123469698, -0.8521954935673328, 0.8717078743441609, -2.9907505423887004, 0.5070000552595983, 1.760488067243996, -1.2105320523598602, -0.6026631875109305, -0.1731956542788784, -3.547465910491328, -0.2630713377879941, 2.626275026672611, -0.09891939384762427, -0.6870329838145743, 2.361821223061799, -0.8664547009839261, -0.2590195614744246, -1.1103724301854614, -1.7549082900597064, -2.408018480925736, -0.8035488490304257]}},
			{"instance": 0, "evals": 1101, "best": {"evals": 778, "y": 33340.77170920146, "x": [-4.671845281521687, 3.46006090658393, 3.175604366281928, 1.4023209803513472, 4.093574158684174, -2.3282775128231665, 1.5487141549903267, 1.3146934372067065, 3.1540041825963536, -0.7348324438540961, 2.4069784929428053, 2.619776109760875, 3.6951331679045794, -2.026727505884544, 1.5500341840069654, 1.2101484216092808, 0.9497276725704287, 0.29506775354760295, 0.44186893238228, 1.8871281823674737, -0.9520964549889097, -0.8798064540230621, -0.6233092301508179]}},
			{"instance": 0, "evals": 1101, "best": {"evals": 853, "y": 29293.280675770453, "x": [1.7536020427377401, 1.632466591091077, 2.860083302750186, -2.424019058672825, -0.5213325817622025, -1.35042400939371, -0.21488993465994, 1.3580396474415624, -1.1153544018560946, 1.7175609827213256, 3.879871304419467, 0.6674409710882552, 0.8498443349818339, 0.7631530747598985, -0.5513296681029947, -0.389719188374575, 1.0498870326738232, -0.860391260910851, -1.2413410785638752, 0.9825645000561996, 0.4949956069120365, 2.0437692485912127, -0.4708819483939397]}},
			{"instance": 0, "evals": 1101, "best": {"evals": 683, "y": 40194.93710841158,