{
	"version": "0.3.14", 
	"suite": "unknown_suite", 
	"function_id": 21, 
	"function_name": "Gallagher101", 
	"maximization": false, 
	"algorithm": {"name": "DE", "info": "algorithm_info"},
	"attributes": ["evaluations", "raw_y"],
	"scenarios": [
		{"dimension": 23,
		"path": "data_f21_Gallagher101/IOHprofiler_f21_DIM23.dat",
		"runs": [
			{"instance": 0, "evals": 1101, "best": {"evals": 761, "y": 67.9552329223454, "x": [3.65294751792168, 2.6212432887107546, -2.6510486656752774, -1.9203812851218727, -1.944587657852992, 3.6114310052697167, -3.4606996675898016, -2.2075185994407454, 2.396720968181829, 0.5932192985512317, -0.23332770930613922, -0.5369520594956054, 3.1164826020195084, 3.6486116770325685, -4.9526254813439055, 2.338325019962695, -0.5795082541438878, -4.475414939310981, 1.1133509559307475, -1.014957664227202, 0.6451897043050989, -1.9217156469263164, 2.5326567570138634]}},
			{"instance": 0, "evals": 1101, "best": {"evals": 689, "y": 73.09097476536417, "x": [0.8021502480931115, 1.9301833946559506, -2.25576507028444, 4.187633847183056, 3.5890119467648187, 3.910430575629361, -0.5486110754192783, 0.8285747483600923, -1.8479901312489013, 3.447711403216961, 0.8826736291382793, -4.151006288299998, -1.4893579394173728, 0.8058992789857997, 2.3086511108848713, 0.5962077114990296, -0.4202239605925193, -2.177859654095516, -3.1816850837665167, 2.9085158345026993, -2.852291951711421, 2.200631392757843, 1.502681154936775]}},
			{"instance": 0, "evals": 1101, "best": {"evals": 62, "y": 71.43629899339862, "x": [-1.0519881243115883, 1.2162058403206641, 2.4441411967099085, -0.01314045878264647, 1.9813271557051344, -0.3415326736275448, -0.4815142798032479, 3.2837549494118736, 2.8424903642087873, -1.9806521471091876, 3.1535534868119215, 3.439331103624477, -2.114802920294485, -3.5712921447486434, -4.138511233063667, -3.9930431765803274, -1.837917256468832, -0.1521760894203883, 0.9617479672354454, 2.6235599712422246, 1.5331774357507142, -0.18557905903978167, -1.0437704305600288]}},
			{"instance": 0, "evals": 1101, "best": {"evals": 691, "y": 75.79501548217628, "x": [0.1540802793017404, 3.5564145821240842, 4.772363598579409, -0.31319329423659603, 1.6418025799637501, -2.3220629625419473, 4.9944142711601085, -1.0392632063300837, -0.4876093479778474, -0.3755979706616248, 3.9495294221739723, 4.2326651453343365, -3.013876164804275, -1.693663934876973, -2.1385395093415074, -1.712056866863473, -2.448023588865503, 1.7514764350389997, 0.607594764198166, 0.006138623085897521, -3.815967906769723, -1.4375684009449232, -2.5445191857406204]}},
			{"instance": 0, "evals": 1101, "best": {"evals": 1074, "y": 71.14118094238869, "x": [-0.5505082396261374, -0.052579262189181186, 0.8577873896821189, 1.0466725857897927, 0.1864298494322103, -0.5469902217900484, 1.8217067750497016, -4.6556703886402, 0.1780154755899357, 0.89687689586055, -4.35507091176717, -0.6755894946871068, -1.9412151169527303, -3.543674942017727, 4.111534027321721, -4.910941869123674, 2.943995239372574, 1.4559963984003232, -0.7749916970805293, 0.4272557828420225, 0.7677706263801087, -1.2694932117915982, 1.5479156750211267]}},
			{"instance": 0, "evals": 1101, "best": {"evals": 1089, "y": 69.90468887984642, "x": [-4.030558422652203, 2.712551944255624, -1.215450372099781, -3.9535068631716683, -4.880112239988444, -1.2183884724232987, 1.5010468367598877, -4.017449542356799, 0.6402274895778204, 0.3954686428692664, 2.1397286443165378, 4.180261657351645, 0.47449558099742317, 4.516336000098924, 1.9888193125768523, -1.759282451573009, 2.7274660565168567, -0.9312514896721602, -1.016323834053553, 3.056315399685559, -1.5772875014099528, -0.9297403240886313, 1.167809894758421]}},
			{"instance": 0, "evals": 1101, "best": {"evals": 885, "y": 74.646891970764, "x": [-1.9356791704236151, 4.295446538585466, -3.0862954523274677, 2.518839489868137, 0.5232480427187083, 1.9990604089003874, -1.9507624169257158, -1.5727375614761439, 2.206428616273244, 2.901262014102396, 0.43193675863444403, -3.415010273529317, -0.7366643625139071, 3.34357168462473, 4.557499500703365, 0.8343743154178886, 4.070057122608752, 1.181417492277106, -2.112228869088634, -4.05582907763168, -3.928374086401373, 3.2585657046862906, -0.7017106140035225]}},
			{"instance": 0, "evals": 1101, "best": {"evals": 780, "y": 67.15192155708755, "x": [1.8874816407166346, -1.1500892513708427, -0.22412123716507537, 3.8963652903220836, -0.031340061353870574, 1.5815747602183812, -1.3637563346971553, 1.0045629349733587, 0.3465560414904174, 4.206863328436439, -1.259994207374148, 0.5716097365267663, -0.42786545913041873, -2.9302107763779164, 0.7405940431890814, -0.10314105765376969, -1.5390425309530937, -3.212809599211845, -1.4672016209023595, -4.4867559757636934, -1.4764240255446461, 2.105128720493063, -2.1197398566850008]}},
			{"instance": 0, "evals": 1101, "best": {"evals": 562, "y": 69.173862571726, "x": [3.01873187514871, -4.759182417850544, 2.3112066275956447, -3.6579924688025733, -2.5073829422560747, 0.12812383224691737, -2.526157561963966, 1.2044024679877072, -0.8507472376373766, 2.5971641241316004, -0.3485761678769528, 1.056403145035393, -0.9767132796219418, -2.1226286718570377, 0.23250907623105377, 4.397769048521434, -2.258351108340495, 1.8204507739277886, 3.239784446835106, 1.6636746587379179, 0.9793497386938244, -1.1080364017682345, -1.0722580530202008]}},
			{"instance": 0, "evals": 1101, "best": {"evals": 653, "y": 71.85507299622704, "x": [0.28361548052938, -1.6188686497264815, -2.4606105271696, 0.23815410429152095, 3.1175955518245573, 2.8105891707561668, -2.1643455974141066, 1.1502097005177276, 4.664078565031874, 0.3382207410906095, -0.17233314578615477, -2.447065992677362, 3.202042975668695, 4.178673406679936, -0.46154850065790676, 2.0961418488509898, -0.7983438355070192, -3.7744588271840094, 1.3618487109661306, -0.6676887453610525, 2.916045971321921, -1.48804097723297, 2.5622107988233997]}},
			{"instance": 0, "evals": 1101, "best": {"evals": 782, "y": 71.687874138772, "x": [1.553934882590763, 0.2986473389030424, -0.6778690875140776, -0.4701059132287524, 0.27364478895770805, 3.859260483505439, -1.7377615821809964, -2.9452388621747634, 1.6250281889278355, 1.555052712597452, -1.0868062734117077, -1.8445522566617454, 2.1394967394491404, 3.150292636618776, -2.7703863056416322, -1.7314884508575226, 3.1834731349726364, 1.650204847082755, 0.4560341255323682, -2.4826160822384438, 4.223455643654232, -0.8558597338114597, 0.2952937440359581]}},
			{"instance": 0, "evals": 1101, "best": {"evals": 471, "y": 70.8737406171322, "x": [1.837487667375708, -1.7312374126509917, -0.059920660955910865, 3.499116925368838, -0.16454869581114018, 2.0034437837712242, 2.6669860348159715, -3.880528671124811, 4.22595468007645, -1.707507978619773, -2.1274638771023624, 3.176811612208329, 0.9779418396779938, -3.6600059595782106, 3.130346195581432, 0.19050480099410194, -0.7958922590350621, -2.7676692148573165, 0.028319179060272148, -0.5587364507409114, 1.748487330032816, 2.8761986232258487, -1.4257795986703772]}},
			{"instance": 0, "evals": 1101, "best": {"evals": 979, "y": 71.29832748325343, "x": [4.955658383266105, -0.09077026112785802, -4.6948479780900945, 4.023070433566678, -2.0372077965149193, -0.0030855582709250484, -0.558811160300329, 2.940839952056247, -0.9654228476192834, -0.3629460959002264, -0.021950414115461503, -1.7298122435275527, -2.0016418325289074, 0.4365516630792783, 2.515089646079067, 1.3081057821676723, -1.4845347776892646, 4.446037242875246, 2.798124998500371, 1.904806700085002, -1.1865620971991122, -3.763037513036992, 3.8992139855294283]}},
			{"instance": 0, "evals": 1101, "best": {"evals": 551, "y": 67.98934388282163,