evaluations raw_y
1 54.41223126248674
2 104.95581519196352
3 85.64105136656156
4 116.97663555087927
5 76.29194095704226
6 85.97590040703085
7 98.44312060376355
8 73.61631190444491
9 91.91340121626352
10 77.13814891762698
11 107.1167897908115
12 86.97507395422522
13 116.1391039323462
14 116.60509774569162
15 98.48909970748346
16 115.41388786061012
17 74.20764873568703
18 102.37184980211313
19 86.58319299535461
20 117.01157777617976
21 107.813780124352
22 66.67184831452201
23 66.78699976588223
24 99.44755578063858
25 68.81780615121062
26 92.181897988449
27 66.11690979215375
28 66.69585990474195
29 88.01326331751514
30 105.84180723272826
31 121.71451788839693
32 102.73941637546824
33 89.13786716315902
34 81.58257378959172
35 58.14489959932381
36 89.64640254708699
37 65.25773745070583
38 77.76471771041685
39 99.9971239052706
40 71.32799937776709
41 115.38079804042732
42 40.395452959782695
43 121.9451518214427
44 88.8353975409856
45 110.32600099722453
46 66.59092124819827
47 92.24715859263928
48 102.35846535590206
49 76.24733556780505
50 62.742811909893305
51 102.98117792469674
52 84.04893605209438
53 54.89208457388758
54 93.30121200673709
55 81.95600431866707
56 91.66417341572479
57 110.75714170975914
58 102.24324932035398
59 110.46075717368745
60 92.82104715150481
61 54.41223126248674
62 102.73941637546824
63 85.64105136656156
64 81.58257378959172
65 58.14489959932381
66 85.97590040703085
67 65.25773745070583
68 73.61631190444491
69 91.91340121626352
70 71.32799937776709
71 107.1167897908115
72 40.395452959782695
73 116.1391039323462
74 88.8353975409856
75 98.48909970748346
76 66.59092124819827
77 74.20764873568703
78 102.35846535590206
79 76.24733556780505
80 62.742811909893305
81 102.98117792469674
82 66.67184831452201
83 54.89208457388758
84 93.30121200673709
85 68.81780615121062
86 91.66417341572479
87 66.11690979215375
88 66.69585990474195
89 88.01326331751514
90 92.82104715150481
91 71.93601196460396
92 96.26689627897109
93 32.14942680115084
94 39.25541293405083
95 81.56855358167482
96 62.73766352786632
97 69.01228912124874
98 98.5980507780609
99 114.82779908303513
100 79.51148427191303
101 95.33539319798582
102 72.90458001082567
103 95.3630087874555
104 84.72180632295888
105 93.59912056565162
106 110.24365674398805
107 112.40550760830004
108 113.4073189547826
109 57.35971047067893
110 113.68041872856082
111 134.84581933600964
112 61.09360687621893
113 88.54865994274175
114 108.74734910452399
115 97.51724817980028
116 59.29986696305864
117 121.38373836864639
118 116.76037410862068
119 98.06726661386014
120 95.67354543050612
121 54.41223126248674
122 96.26689627897109
123 32.14942680115084
124 39.25541293405083
125 58.14489959932381
126 62.73766352786632
127 65.25773745070583
128 73.61631190444491
129 91.91340121626352
130 71.32799937776709
131 95.33539319798582
132 40.395452959782695
133 95.3630087874555
134 84.72180632295888
135 93.59912056565162
136 66.59092124819827
137 74.20764873568703
138 102.35846535590206
139 57.35971047067893
140 62.742811909893305
141 102.98117792469674
142 61.09360687621893
143 54.89208457388758
144 93.30121200673709
145 68.81780615121062
146 59.29986696305864
147 66.11690979215375
148 66.69585990474195
149 88.01326331751514
150 92.82104715150481
151 73.25644270829467
152 89.32650881933213
153 117.20998844500978
154 102.35201941386651
155 79.3853619279684
156 90.5371058268247
157 114.78224204462043
158 130.45149864866488
159 97.41109435650517
160 72.41969003119021
161 115.16310473830849
162 83.11041152463717
163 103.59657218491168
164 90.84001737395653
165 55.48925605203474
166 74.06347611870348
167 98.2892793255296
168 68.50294303218087
169 73.87416777097428
170 120.3446094768745
171 68.01822491932285
172 98.34597029112487
173 90.80293368167409
174 70.97966366569693
175 76.44797034203188
176 80.10139336386726
177 64.98374115738734
178 81.23680037247584
179 91.29882958611114
180 68.9151678783541
181 54.41223126248674
182 89.32650881933213
183 32.14942680115084
184 39.25541293405083
185 58.14489959932381
186 62.73766352786632
187 65.25773745070583
188 73.61631190444491
189 91.91340121626352
190 71.32799937776709
191 95.33539319798582
192 40.395452959782695
193 95.3630087874555
194 84.72180632295888
195 55.48925605203474
196 66.59092124819827
197 74.20764873568703
198 68.50294303218087
199 57.35971047067893
200 62.742811909893305
201 68.01822491932285
202 61.09360687621893
203 54.89208457388758
204 70.97966366569693
205 68.81780615121062
206 59.29986696305864
207 64.98374115738734
208 66.69585990474195
209 88.01326331751514
210 68.9151678783541
211 88.11872199683165
212 80.79043578189065
213 54.8125793626898
214 17.396253127864064
215 91.0603686260336
216 113.80635531134165
217 70.51082227793569
218 89.12229620281087
219 76.19506414105628
220 91.73559090627103
221 74.43247677589943
222 94.49820107442996
223 124.04869766735143
224 73.9611737897356
225 78.14203260463191
226 65.05765438016779
227 103.84952533669481
228 103.03848939436159
229 69.92548564385442
230 89.71162089015804
231 62.75184740418763
232 86.249010104805
233 71.6433225685945
234 80.57446156603388
235 92.12370594637898
236 51.111005786239545
237 106.80237124160992
238 60.9779617591271
239 87.97344704582915
240 66.4887719070455
241 54.41223126248674
242 80.79043578189065
243 32.14942680115084
244 17.396253127864064
245 58.14489959932381
246 62.73766352786632
247 65.25773745070583
248 73.61631190444491
249 76.19506414105628
250 71.32799937776709
251 74.43247677589943
252 40.395452959782695
253 95.3630087874555
254 73.9611737897356
255 55.48925605203474
256 65.05765438016779
257 74.20764873568703
258 68.50294303218087
259 57.35971047067893
260 62.742811909893305
261 62.75184740418763
262 61.09360687621893
263 54.89208457388758
264 70.97966366569693
265 68.81780615121062
266 51.111005786239545
267 64.98374115738734
268 60.9779617591271
269 87.97344704582915
270 66.4887719070455
271 85.40084650148579
272 57.2336266396195
273 55.503555262298136
274 86.80720880315023
275 68.56564638062602
276 106.18503171011862
277 71.14881369826631
278 98.20433717538319
279 67.24967177993328
280 72.51533136018078
281 117.10989146417278
282 98.88741761218724
283 85.8619136144519
284 89.09944095036721
285 93.38151923921902
286 98.7821181293789
287 95.30929508462367
288 50.85588816491169
289 90.70792994731117
290 75.97663570995967
291 82.20158421717113
292 79.50218527400465
293 73.79432051720497
294 90.25141934651154
295 43.526336453335496
296 49.254980591089605
297 79.44764646777395
298 95.82364086100431
299 89.44697239489848
300 138.91372467834384
301 54.41223126248674
302 57.2336266396195
303 32.14942680115084
304 17.396253127864064
305 58.14489959932381
306 62.73766352786632
307 65.25773745070583
308 73.61631190444491
309 67.24967177993328
310 71.32799937776709
311 74.43247677589943
312 40.395452959782695
313 85.8619136144519
314 73.9611737897356
315 55.48925605203474
316 65.05765438016779
317 74.20764873568703
318 50.85588816491169
319 57.35971047067893
320 62.742811909893305
321 62.75184740418763
322 61.09360687621893
323 54.89208457388758
324 70.97966366569693
325 43.526336453335496
326 49.254980591089605
327 64.98374115738734
328 60.9779617591271
329 87.97344704582915
330 66.4887719070455
331 75.3718918925353
332 65.31203913664747
333 64.5774255135487
334 89.99145182460262
335 96.7855565275381
336 40.573498276509554
337 56.287022218572105
338 60.31490396200529
339 78.03627574631912
340 63.49779437637014
341 82.52383684604652
342 94.26005260106149
343 40.532514058067854
344 64.0122592005216
345 78.41053798136493
346 70.38242080151245
347 96.48630370095421
348 24.729094508353995
349 61.81155349053566
350 69.08917251629825
351 55.31336326566982
352 82.61927321125287
353 84.08053957689233
354 96.10132227456361
355 60.083354120540655
356 93.90620635412886
357 49.64659665803414
358 97.39458419824214
359 73.30104955404386
360 75.01628558528097
361 54.41223126248674
362 57.2336266396195
363 32.14942680115084
364 17.396253127864064
365 58.14489959932381
366 40.573498276509554
367 56.287022218572105
368 60.31490396200529
369 67.24967177993328
370 63.49779437637014
371 74.43247677589943
372 40.395452959782695
373 40.532514058067854
374 64.0122592005216
375 55.48925605203474
376 65.05765438016779
377 74.20764873568703
378 24.729094508353995
379 57.35971047067893
380 62.742811909893305
381 55.31336326566982
382 61.09360687621893
383 54.89208457388758
384 70.97966366569693
385 43.526336453335496
386 49.254980591089605
387 49.64659665803414
388 60.9779617591271
389 73.30104955404386
390 66.4887719070455
391 96.19854759008764
392 53.1892081038825
393 56.02083905832323
394 75.02903571773308
395 50.54979570753138
396 78.54031527146958
397 83.4474449287316
398 56.90320842032315
399 73.85344587697855
400 88.51283388219993
401 87.75758118399358
402 89.16655120817698
403 81.665098670981
404 87.89160651902058
405 73.70164538774901
406 86.48229161691279
407 45.23162621292236
408 78.376871784987
409 54.96596139589313
410 65.18709670178094
411 88.31528832205939
412 108.26815447082652
413 90.02154656738526
414 79.00550790955931
415 73.89881538881667
416 117.76929880953915
417 98.80439049317432
418 65.64285272000278
419 69.32414736340435
420 91.70953160438688
421 54.41223126248674
422 53.1892081038825
423 32.14942680115084
424 17.396253127864064
425 50.54979570753138
426 40.573498276509554
427 56.287022218572105
428 56.90320842032315
429 67.24967177993328
430 63.49779437637014
431 74.43247677589943
432 40.395452959782695
433 40.532514058067854
434 64.0122592005216
435 55.48925605203474
436 65.05765438016779
437 45.23162621292236
438 24.729094508353995
439 54.96596139589313
440 62.742811909893305
441 55.31336326566982
442 61.09360687621893
443 54.89208457388758
444 70.97966366569693
445 43.526336453335496
446 49.254980591089605
447 49.64659665803414
448 60.9779617591271
449 69.32414736340435
450 66.4887719070455
451 85.1579827659839
452 67.52066339068058
453 83.92764691877971
454 70.6229027816797
455 102.8614757587496
456 55.85480625799214
457 41.84272964457522
458 87.84162347912215
459 78.37318770550783
460 70.12241761317291
461 47.67942421342512
462 83.47508551271517
463 65.20824786010756
464 136.50805503039683
465 92.15971829762294
466 61.610836385909465
467 82.3204861671029
468 98.80439049317432
469 35.96916128324136
470 76.12163820809366
471 91.33629160883561
472 43.221184921589334
473 94.85829613960315
474 61.985693864957625
475 85.6402586006657
476 109.59648798732337
477 51.51127498527215
478 74.73266667870703
479 80.35935756436582
480 82.08283712171024
481 54.41223126248674
482 53.1892081038825
483 32.14942680115084
484 17.396253127864064
485 50.54979570753138
486 40.573498276509554
487 41.84272964457522
488 56.90320842032315
489 67.24967177993328
490 63.49779437637014
491 47.67942421342512
492 40.395452959782695
493 40.532514058067854
494 64.0122592005216
495 55.48925605203474
496 61.610836385909465
497 45.23162621292236
498 24.729094508353995
499 35.96916128324136
500 62.742811909893305
501 55.31336326566982
502 43.221184921589334
503 54.89208457388758
504 61.985693864957625
505 43.526336453335496
506 49.254980591089605
507 49.64659665803414
508 60.9779617591271
509 69.32414736340435
510 66.4887719070455
511 77.56913887524564
512 77.21628673423763
513 76.74294732682898
514 82.38313990352057
515 73.50627422248752
516 101.92095878791096
517 88.8112652714043
518 73.98078591193888
519 39.96848950912453
520 74.96527759682519
521 78.15060113467959
522 58.06006093745058
523 72.10007780483366
524 78.005919536394
525 73.1931195042482
526 83.41196372150556
527 97.99077693880048
528 62.201523290923646
529 88.40155855224523
530 101.51048605206634
531 92.90058635535527
532 78.19596412001604
533 54.74124900316333
534 69.21577083861902
535 95.96529707399183
536 76.85474239153972
537 97.80372928335996
538 113.98943321037021
539 63.3706255361157
540 48.10565484224775
541 54.41223126248674
542 53.1892081038825
543 32.14942680115084
544 17.396253127864064
545 50.54979570753138
546 40.573498276509554
547 41.84272964457522
548 56.90320842032315
549 39.96848950912453
550 63.49779437637014
551 47.67942421342512
552 40.395452959782695
553 40.532514058067854
554 64.0122592005216
555 55.48925605203474
556 61.610836385909465
557 45.23162621292236
558 24.729094508353995
559 35.96916128324136
560 62.742811909893305
561 55.31336326566982
562 43.221184921589334
563 54.74124900316333
564 61.985693864957625
565 43.526336453335496
566 49.254980591089605
567 49.64659665803414
568 60.9779617591271
569 63.3706255361157
570 48.10565484224775
571 111.14646779140884
572 81.22523673585407
573 119.43971133005812
574 84.67522616159101
575 62.933605004400626
576 56.0016093847009
577 96.07997106556836
578 98.13704334095569
579 54.347012811456146
580 54.33632173544135
581 77.2077624425073
582 99.3710836482007
583 52.317850115618675
584 36.34185684770902
585 84.13743984964701
586 76.32768704230807
587 87.32575900373682
588 78.92455621662305
589 81.26565708447015
590 99.71622711685217
591 89.02573141918981
592 44.082667134032846
593 64.65727288754954
594 101.25074878198669
595 94.12173397496014
596 110.43248028560173
597 58.23367913776244
598 91.6089162043513
599 80.77028139680584
600 69.3489013986376
601 54.41223126248674
602 53.1892081038825
603 32.14942680115084
604 17.396253127864064
605 50.54979570753138
606 40.573498276509554
607 41.84272964457522
608 56.90320842032315
609 39.96848950912453
610 54.33632173544135
611 47.67942421342512
612 40.395452959782695
613 40.532514058067854
614 36.34185684770902
615 55.48925605203474
616 61.610836385909465
617 45.23162621292236
618 24.729094508353995
619 35.96916128324136
620 62.742811909893305
621 55.31336326566982
622 43.221184921589334
623 54.74124900316333
624 61.985693864957625
625 43.526336453335496
626 49.254980591089605
627 49.64659665803414
628 60.9779617591271
629 63.3706255361157
630 48.10565484224775
631 38.16427743325204
632 106.5781399832087
633 54.57333266584439
634 87.7582009303619
635 87.27758245156446
636 57.05890893243162
637 85.85798874542928
638 66.39728798516157
639 73.34693759358852
640 74.17473514725543
641 54.13180114647686
642 103.31813433034054
643 83.50474849204235
644 101.18394250057514
645 104.45346186579614
646 70.89297162449841
647 64.30623349372048
648 54.343197933955366
649 74.25975941472646
650 50.4776346163059
651 80.26403260784102
652 65.55278856790848
653 115.87179371229078
654 30.005814602713716
655 24.765252263940486
656 68.03781725137662
657 88.53293499546047
658 85.41386964035996
659 53.79742635498559
660 84.9259007069498
661 38.16427743325204
662 53.1892081038825
663 32.14942680115084
664 17.396253127864064
665 50.54979570753138
666 40.573498276509554
667 41.84272964457522
668 56.90320842032315
669 39.96848950912453
670 54.33632173544135
671 47.67942421342512
672 40.395452959782695
673 40.532514058067854
674 36.34185684770902
675 55.48925605203474
676 61.610836385909465
677 45.23162621292236
678 24.729094508353995
679 35.96916128324136
680 50.4776346163059
681 55.31336326566982
682 43.221184921589334
683 54.74124900316333
684 30.005814602713716
685 24.765252263940486
686 49.254980591089605
687 49.64659665803414
688 60.9779617591271
689 53.79742635498559
690 48.10565484224775
691 100.29853728953046
692 87.77847308031659
693 75.14631515732285
694 50.371574587554406
695 74.05658137278016
696 33.10713339236134
697 45.907461369506194
698 86.12052943228949
699 75.06932758375747
700 69.40765176923577
701 69.59769897445995
702 62.75776616997378
703 65.80553299649097
704 82.45501741617275
705 103.193478186876
706 97.47333619384067
707 65.11856772391302
708 67.9553754686776
709 83.2123888666612
710 38.139335179692196
711 80.47349210169156
712 85.62784084389205
713 92.03832553345129
714 81.5892969487529
715 57.80195018325147
716 74.24278773668335
717 65.05292238991655
718 101.55783187982459
719 64.57005600434788
720 78.48332539295646
721 38.16427743325204
722 53.1892081038825
723 32.14942680115084
724 17.396253127864064
725 50.54979570753138
726 33.10713339236134
727 41.84272964457522
728 56.90320842032315
729 39.96848950912453
730 54.33632173544135
731 47.67942421342512
732 40.395452959782695
733 40.532514058067854
734 36.34185684770902
735 55.48925605203474
736 61.610836385909465
737 45.23162621292236
738 24.729094508353995
739 35.96916128324136
740 38.139335179692196
741 55.31336326566982
742 43.221184921589334
743 54.74124900316333
744 30.005814602713716
745 24.765252263940486
746 49.254980591089605
747 49.64659665803414
748 60.9779617591271
749 53.79742635498559
750 48.10565484224775
751 87.97757351102243
752 76.81895462019827
753 66.67523106129616
754 102.29109577620676
755 66.43074637669349
756 69.59735927751737
757 90.59126509790647
758 63.475170066485845
759 56.01775815673523
760 67.78811650792879
761 76.15947592241034
762 74.47338828596799
763 106.69942047313596
764 92.49568037312348
765 102.15626144169647
766 63.11712010314749
767 97.16891404970228
768 50.148956461265584
769 109.42529601450273
770 92.79565220491408
771 69.07142167741823
772 39.8272587782958
773 71.70905554786727
774 81.2938165057088
775 59.73314116596255
776 88.69255864076317
777 96.26695259502142
778 74.1047469397402
779 63.82055507106566
780 105.53251659533811
781 38.16427743325204
782 53.1892081038825
783 32.14942680115084
784 17.396253127864064
785 50.54979570753138
786 33.10713339236134
787 41.84272964457522
788 56.90320842032315
789 39.96848950912453
790 54.33632173544135
791 47.67942421342512
792 40.395452959782695
793 40.532514058067854
794 36.34185684770902
795 55.48925605203474
796 61.610836385909465
797 45.23162621292236
798 24.729094508353995
799 35.96916128324136
800 38.139335179692196
801 55.31336326566982
802 39.8272587782958
803 54.74124900316333
804 30.005814602713716
805 24.765252263940486
806 49.254980591089605
807 49.64659665803414
808 60.9779617591271
809 53.79742635498559
810 48.10565484224775
811 72.867355373152
812 70.87047768777799
813 107.6982019621895
814 79.11428031436625
815 81.43358211958987
816 48.61233829951304
817 54.7514612758427
818 79.29616191275296
819 84.54225935136158
820 84.01179921435536
821 68.370901401584
822 84.85489495482643
823 67.725946671401
824 72.25690322702921
825 76.99325307813444
826 79.76253736341005
827 57.97369227778024
828 76.97390191936682
829 35.05215088161499
830 48.21079217457128
831 86.90038573246153
832 79.0748072021875
833 101.32549017031556
834 99.10987868768225
835 59.959857863409844
836 75.01452092893571
837 85.56718779616696
838 42.00959957366373
839 42.497797345345006
840 84.66248577240873
841 38.16427743325204
842 53.1892081038825
843 32.14942680115084
844 17.396253127864064
845 50.54979570753138
846 33.10713339236134
847 41.84272964457522
848 56.90320842032315
849 39.96848950912453
850 54.33632173544135
851 47.67942421342512
852 40.395452959782695
853 40.532514058067854
854 36.34185684770902
855 55.48925605203474
856 61.610836385909465
857 45.23162621292236
858 24.729094508353995
859 35.05215088161499
860 38.139335179692196
861 55.31336326566982
862 39.8272587782958
863 54.74124900316333
864 30.005814602713716
865 24.765252263940486
866 49.254980591089605
867 49.64659665803414
868 42.00959957366373
869 42.497797345345006
870 48.10565484224775
871 88.87921420274583
872 109.64138742904223
873 49.08877116543269
874 64.61874576978971
875 69.82125155918996
876 71.86770624023694
877 87.59282214943488
878 93.30806787055324
879 76.39435308152576
880 85.0868153831076
881 34.35221552019924
882 55.872305491685765
883 72.9722148601483
884 62.460074766739055
885 75.18590387490842
886 81.95841933161026
887 89.99786348221564
888 95.61398939319508
889 69.64815658466091
890 88.09464748357111
891 88.80144195868468
892 108.16393722855165
893 90.31389896002175
894 35.17978422049028
895 107.0507511678693
896 73.47012834208047
897 75.78602411957934
898 114.63263824889786
899 79.20801558368433
900 84.23823320964392
901 38.16427743325204
902 53.1892081038825
903 32.14942680115084
904 17.396253127864064
905 50.54979570753138
906 33.10713339236134
907 41.84272964457522
908 56.90320842032315
909 39.96848950912453
910 54.33632173544135
911 34.35221552019924
912 40.395452959782695
913 40.532514058067854
914 36.34185684770902
915 55.48925605203474
916 61.610836385909465
917 45.23162621292236
918 24.729094508353995
919 35.05215088161499
920 38.139335179692196
921 55.31336326566982
922 39.8272587782958
923 54.74124900316333
924 30.005814602713716
925 24.765252263940486
926 49.254980591089605
927 49.64659665803414
928 42.00959957366373
929 42.497797345345006
930 48.10565484224775
931 56.44708340988582
932 54.8898078472516
933 94.29029658863828
934 68.57432793690722
935 50.24482456551211
936 61.363190159358936
937 96.89397642731386
938 72.5104345983133
939 53.078067434065545
940 75.11211036985526
941 64.69964070514536
942 104.43539583938754
943 90.99187703567425
944 60.77255111954794
945 44.83329814003081
946 57.19764206698465
947 90.94709401318445
948 56.33154416178399
949 63.99828330995054
950 67.85791256212232
951 31.626446698194705
952 63.18074416518327
953 69.02994871145002
954 74.8176727533868
955 66.26767708484579
956 66.29929360179214
957 79.19714219770692
958 50.78010859046536
959 74.5216734097683
960 58.03693843085013
961 38.16427743325204
962 53.1892081038825
963 32.14942680115084
964 17.396253127864064
965 50.24482456551211
966 33.10713339236134
967 41.84272964457522
968 56.90320842032315
969 39.96848950912453
970 54.33632173544135
971 34.35221552019924
972 40.395452959782695
973 40.532514058067854
974 36.34185684770902
975 44.83329814003081
976 57.19764206698465
977 45.23162621292236
978 24.729094508353995
979 35.05215088161499
980 38.139335179692196
981 31.626446698194705
982 39.8272587782958
983 54.74124900316333
984 30.005814602713716
985 24.765252263940486
986 49.254980591089605
987 49.64659665803414
988 42.00959957366373
989 42.497797345345006
990 48.10565484224775
evaluations raw_y
1 87.34722138502528
2 63.25580682368104
3 91.76345528730717
4 83.00413797621371
5 106.42696867648073
6 107.0896233203711
7 104.17066337041989
8 94.62324347311369
9 103.88486429575708
10 111.00502099254287
11 117.3448419912051
12 114.65700087134238
13 97.56645699709011
14 93.3232035510246
15 84.20490179487408
16 110.81245106250421
17 95.19240865344135
18 83.23077248210913
19 82.51809214453061
20 81.34975504685946
21 117.70967946973877
22 117.29096836072976
23 103.66505564029916
24 111.10657217128835
25 122.23934151900508
26 60.616245469257684
27 92.47990578781707
28 108.09007712273697
29 118.12002219408804
30 124.92086309925223
31 110.83574204155693
32 111.75491804878426
33 103.807787169535
34 90.49239879075472
35 121.96167427440672
36 101.68609175098936
37 51.11006361553343
38 104.81591523832842
39 93.42899955475403
40 90.33333552586193
41 144.0962294187405
42 94.70893054607521
43 122.031917841874
44 81.03219392349784
45 104.11392494497788
46 126.71445404391072
47 92.19708668802565
48 81.92554328807317
49 108.38700616076449
50 81.391764520725
51 121.49880154554002
52 91.00375263441646
53 69.1376159952857
54 128.8920657295286
55 72.95086582567825
56 87.12768254709442
57 66.68220621896097
58 63.86105150755139
59 102.52862147031183
60 76.01853436569054
61 87.34722138502528
62 63.25580682368104
63 91.76345528730717
64 83.00413797621371
65 106.42696867648073
66 101.68609175098936
67 51.11006361553343
68 94.62324347311369
69 93.42899955475403
70 90.33333552586193
71 117.3448419912051
72 94.70893054607521
73 97.56645699709011
74 81.03219392349784
75 84.20490179487408
76 110.81245106250421
77 92.19708668802565
78 81.92554328807317
79 82.51809214453061
80 81.34975504685946
81 117.70967946973877
82 91.00375263441646
83 69.1376159952857
84 111.10657217128835
85 72.95086582567825
86 60.616245469257684
87 66.68220621896097
88 63.86105150755139
89 102.52862147031183
90 76.01853436569054
91 70.76881496296751
92 136.13592721402728
93 103.1887669741059
94 80.6175751603756
95 116.67530642121325
96 111.6465578027132
97 58.28533124388947
98 95.49975558201518
99 64.22812006835869
100 105.05433364549093
101 95.22153237421391
102 80.9555624015101
103 108.24167394982251
104 78.59816686363662
105 110.48241210145605
106 101.37033408813248
107 93.06587295173937
108 112.87920164011686
109 130.05748381625023
110 81.33808695819855
111 96.8565221485313
112 109.41591310205577
113 61.559394609521746
114 111.83793295883554
115 92.4789215223434
116 85.78724010263278
117 69.86912457842884
118 86.49376952609725
119 103.76324241222528
120 110.22538000502288
121 70.76881496296751
122 63.25580682368104
123 91.76345528730717
124 80.6175751603756
125 106.42696867648073
126 101.68609175098936
127 51.11006361553343
128 94.62324347311369
129 64.22812006835869
130 90.33333552586193
131 95.22153237421391
132 80.9555624015101
133 97.56645699709011
134 78.59816686363662
135 84.20490179487408
136 101.37033408813248
137 92.19708668802565
138 81.92554328807317
139 82.51809214453061
140 81.33808695819855
141 96.8565221485313
142 91.00375263441646
143 61.559394609521746
144 111.10657217128835
145 72.95086582567825
146 60.616245469257684
147 66.68220621896097
148 63.86105150755139
149 102.52862147031183
150 76.01853436569054
151 111.85497160832186
152 86.23475111488426
153 87.7085083875992
154 101.99661534825842
155 72.59871427351578
156 113.81445386869419
157 73.27020828450274
158 59.20174341156742
159 70.97582442307181
160 106.38323924676222
161 83.11218091291963
162 72.2028706843189
163 96.4026801226182
164 72.53029565422753
165 121.99710779553776
166 109.88642347575518
167 81.75948824591482
168 117.9012478347347
169 87.69697913507488
170 84.7735634291083
171 71.24431497781073
172 102.7171014694566
173 58.2010410710421
174 74.42722370210112
175 96.03922500025325
176 76.33804425071104
177 98.16971446513915
178 78.02022795693418
179 100.13555627550184
180 84.87778856744274
181 70.76881496296751
182 63.25580682368104
183 87.7085083875992
184 80.6175751603756
185 72.59871427351578
186 101.68609175098936
187 51.11006361553343
188 59.20174341156742
189 64.22812006835869
190 90.33333552586193
191 83.11218091291963
192 72.2028706843189
193 96.4026801226182
194 72.53029565422753
195 84.20490179487408
196 101.37033408813248
197 81.75948824591482
198 81.92554328807317
199 82.51809214453061
200 81.33808695819855
201 71.24431497781073
202 91.00375263441646
203 58.2010410710421
204 74.42722370210112
205 72.95086582567825
206 60.616245469257684
207 66.68220621896097
208 63.86105150755139
209 100.13555627550184
210 76.01853436569054
211 127.02749081378607
212 115.76275056692012
213 97.52779513385327
214 124.34472845604604
215 60.566645032920206
216 90.9029032005495
217 84.35859061734429
218 110.64034772996916
219 123.72612463353953
220 117.38994959234401
221 87.92346316248705
222 71.41364507505192
223 86.29149227269622
224 99.98935649647348
225 123.96472354857897
226 111.57818042807403
227 94.733556955679
228 88.79360383123073
229 80.31091770972736
230 97.94623579746263
231 108.87011021067954
232 117.02799671350289
233 45.81261625314151
234 84.92415653362085
235 70.21545258937657
236 125.10188618481831
237 71.02113279932885
238 101.45981267007629
239 85.53423819254303
240 79.68328716249454
241 70.76881496296751
242 63.25580682368104
243 87.7085083875992
244 80.6175751603756
245 60.566645032920206
246 90.9029032005495
247 51.11006361553343
248 59.20174341156742
249 64.22812006835869
250 90.33333552586193
251 83.11218091291963
252 71.41364507505192
253 86.29149227269622
254 72.53029565422753
255 84.20490179487408
256 101.37033408813248
257 81.75948824591482
258 81.92554328807317
259 80.31091770972736
260 81.33808695819855
261 71.24431497781073
262 91.00375263441646
263 45.81261625314151
264 74.42722370210112
265 70.21545258937657
266 60.616245469257684
267 66.68220621896097
268 63.86105150755139
269 85.53423819254303
270 76.01853436569054
271 86.46811139108837
272 104.36425708123178
273 73.82086959799052
274 90.79921853357793
275 105.59879554860052
276 105.29378635673697
277 74.02211338928419
278 70.19515686357015
279 116.63858543982766
280 114.8723865534575
281 89.63623840134971
282 85.92747397461557
283 82.8384336810816
284 51.1291805147251
285 98.78023913268902
286 120.93167115095052
287 79.75092485685016
288 64.59258512836979
289 82.84678840038455
290 94.69314430079336
291 105.83207275319461
292 80.00723128296006
293 95.45071480946166
294 130.72265450020024
295 102.53636614771317
296 61.21745856996058
297 67.31879168653404
298 59.550426662120856
299 100.6223373824591
300 108.2350966251478
301 70.76881496296751
302 63.25580682368104
303 73.82086959799052
304 80.6175751603756
305 60.566645032920206
306 90.9029032005495
307 51.11006361553343
308 59.20174341156742
309 64.22812006835869
310 90.33333552586193
311 83.11218091291963
312 71.41364507505192
313 82.8384336810816
314 51.1291805147251
315 84.20490179487408
316 101.37033408813248
317 79.75092485685016
318 64.59258512836979
319 80.31091770972736
320 81.33808695819855
321 71.24431497781073
322 80.00723128296006
323 45.81261625314151
324 74.42722370210112
325 70.21545258937657
326 60.616245469257684
327 66.68220621896097
328 59.550426662120856
329 85.53423819254303
330 76.01853436569054
331 97.36409924725139
332 86.67808048645438
333 97.68055779324148
334 63.96329864200848
335 89.64183230344767
336 124.56098594926789
337 71.69317969084422
338 79.42270901370293
339 98.1879501532409
340 85.41859383765183
341 105.82842486447633
342 103.11954099326289
343 93.82177177808714
344 110.39813329754155
345 69.52125658028149
346 67.7010934552774
347 76.28363020172306
348 59.673214697600216
349 107.30164949166877
350 70.21545258937657
351 79.10474400640564
352 72.58839487417981
353 94.44392747006897
354 89.37234376452137
355 63.396479087589995
356 68.06928089561521
357 94.3999423224898
358 90.04941912113794
359 83.83901913265333
360 109.74171897286928
361 70.76881496296751
362 63.25580682368104
363 73.82086959799052
364 63.96329864200848
365 60.566645032920206
366 90.9029032005495
367 51.11006361553343
368 59.20174341156742
369 64.22812006835869
370 85.41859383765183
371 83.11218091291963
372 71.41364507505192
373 82.8384336810816
374 51.1291805147251
375 69.52125658028149
376 67.7010934552774
377 76.28363020172306
378 59.673214697600216
379 80.31091770972736
380 70.21545258937657
381 71.24431497781073
382 72.58839487417981
383 45.81261625314151
384 74.42722370210112
385 63.396479087589995
386 60.616245469257684
387 66.68220621896097
388 59.550426662120856
389 83.83901913265333
390 76.01853436569054
391 100.37897118325475
392 93.27568421099318
393 99.15068166784923
394 69.8441626865349
395 105.57889053999315
396 81.33163600179952
397 85.55154675377625
398 68.28605046998996
399 83.85288317572626
400 78.2613535861484
401 47.40388969473711
402 93.62122295885108
403 83.41814884208998
404 51.32948454054293
405 86.94309033257782
406 97.59972113065523
407 64.89574551566264
408 104.07302860582985
409 100.18769779012665
410 71.49650367422333
411 105.80671242831829
412 49.577945844780565
413 70.07568366015838
414 49.20277967218975
415 90.0209871618346
416 73.13858063331232
417 71.74557881151163
418 109.66962435552824
419 134.75520465108514
420 95.84944906965637
421 70.76881496296751
422 63.25580682368104
423 73.82086959799052
424 63.96329864200848
425 60.566645032920206
426 81.33163600179952
427 51.11006361553343
428 59.20174341156742
429 64.22812006835869
430 78.2613535861484
431 47.40388969473711
432 71.41364507505192
433 82.8384336810816
434 51.1291805147251
435 69.52125658028149
436 67.7010934552774
437 64.89574551566264
438 59.673214697600216
439 80.31091770972736
440 70.21545258937657
441 71.24431497781073
442 49.577945844780565
443 45.81261625314151
444 49.20277967218975
445 63.396479087589995
446 60.616245469257684
447 66.68220621896097
448 59.550426662120856
449 83.83901913265333
450 76.01853436569054
451 57.58165445304047
452 93.53894719557067
453 109.84764037786724
454 78.90451010080791
455 101.51112028612847
456 107.9660723291912
457 83.41314985099851
458 53.154744849773294
459 54.0037316030663
460 76.99308186584649
461 73.87186374363291
462 89.12310036068891
463 139.41215806798465
464 59.635231937817366
465 78.13752183048771
466 56.98041180507762
467 124.23246284220988
468 135.68667009296135
469 108.41678318506075
470 59.654456302801236
471 63.575362121583
472 108.88539672229439
473 77.77368381316913
474 100.95930350311647
475 85.98021694626772
476 78.08237806258447
477 96.15817843581215
478 104.55938527019978
479 70.62160752946903
480 101.17888807665409
481 57.58165445304047
482 63.25580682368104
483 73.82086959799052
484 63.96329864200848
485 60.566645032920206
486 81.33163600179952
487 51.11006361553343
488 53.154744849773294
489 54.0037316030663
490 76.99308186584649
491 47.40388969473711
492 71.41364507505192
493 82.8384336810816
494 51.1291805147251
495 69.52125658028149
496 56.98041180507762
497 64.89574551566264
498 59.673214697600216
499 80.31091770972736
500 59.654456302801236
501 63.575362121583
502 49.577945844780565
503 45.81261625314151
504 49.20277967218975
505 63.396479087589995
506 60.616245469257684
507 66.68220621896097
508 59.550426662120856
509 70.62160752946903
510 76.01853436569054
511 88.35586004459306
512 111.37537842088469
513 65.75107039694979
514 116.83209802186403
515 108.12424000421147
516 109.1230757304792
517 67.01120285338362
518 85.31080509037031
519 96.5105574882176
520 90.54415460553135
521 107.67917022416313
522 76.97587584771985
523 75.84483717531239
524 95.06680011764401
525 57.140913146232144
526 101.68720983730874
527 90.610959777372
528 91.51126248423364
529 80.94375632203014
530 68.86588296538919
531 92.83848993885951
532 75.9446552939662
533 83.30916400368812
534 108.97903748337137
535 55.11525412519283
536 82.22205019731837
537 87.76570426522706
538 48.7466274547521
539 94.01390296735681
540 117.89627176375855
541 57.58165445304047
542 63.25580682368104
543 65.75107039694979
544 63.96329864200848
545 60.566645032920206
546 81.33163600179952
547 51.11006361553343
548 53.154744849773294
549 54.0037316030663
550 76.99308186584649
551 47.40388969473711
552 71.41364507505192
553 75.84483717531239
554 51.1291805147251
555 57.140913146232144
556 56.98041180507762
557 64.89574551566264
558 59.673214697600216
559 80.31091770972736
560 59.654456302801236
561 63.575362121583
562 49.577945844780565
563 45.81261625314151
564 49.20277967218975
565 55.11525412519283
566 60.616245469257684
567 66.68220621896097
568 48.7466274547521
569 70.62160752946903
570 76.01853436569054
571 73.39847442852131
572 99.63033269037473
573 89.11845610996389
574 80.54254776718018
575 131.59117015116954
576 108.01675538607955
577 80.73964478449841
578 113.35144148743682
579 56.75050893645152
580 75.6327405199564
581 83.45985337735291
582 42.00331077760567
583 80.89108772766272
584 120.17781362532654
585 138.03451428437808
586 87.61842113876475
587 72.2730506530344
588 117.67361414847657
589 89.81537668062848
590 129.93288355512124
591 78.85357692718438
592 96.09619352052208
593 98.49283261946195
594 63.18023100340439
595 103.92123962399461
596 60.19249173323967
597 138.04592353320396
598 106.48218325375449
599 87.38098573317009
600 75.84314159914194
601 57.58165445304047
602 63.25580682368104
603 65.75107039694979
604 63.96329864200848
605 60.566645032920206
606 81.33163600179952
607 51.11006361553343
608 53.154744849773294
609 54.0037316030663
610 75.6327405199564
611 47.40388969473711
612 42.00331077760567
613 75.84483717531239
614 51.1291805147251
615 57.140913146232144
616 56.98041180507762
617 64.89574551566264
618 59.673214697600216
619 80.31091770972736
620 59.654456302801236
621 63.575362121583
622 49.577945844780565
623 45.81261625314151
624 49.20277967218975
625 55.11525412519283
626 60.19249173323967
627 66.68220621896097
628 48.7466274547521
629 70.62160752946903
630 75.84314159914194
631 72.66554625777763
632 41.84952776769036
633 121.90437523829024
634 44.99895840563883
635 107.61756943686585
636 90.8019726258384
637 67.19112025216313
638 71.00304580049286
639 106.91664642633017
640 81.95797193215232
641 77.91883099598365
642 47.571004764845924
643 113.96252882382184
644 47.35225218683316
645 75.10313266736657
646 49.09419020761207
647 115.49563719618465
648 82.60408087774448
649 79.69192404852635
650 69.18908492234581
651 79.63750315635448
652 81.82066544782313
653 86.03436063739946
654 55.72038142490658
655 75.79417541934401
656 91.68262271888796
657 92.41684588409828
658 109.0720633910114
659 107.68324216035262
660 121.43880570803053
661 57.58165445304047
662 41.84952776769036
663 65.75107039694979
664 44.99895840563883
665 60.566645032920206
666 81.33163600179952
667 51.11006361553343
668 53.154744849773294
669 54.0037316030663
670 75.6327405199564
671 47.40388969473711
672 42.00331077760567
673 75.84483717531239
674 47.35225218683316
675 57.140913146232144
676 49.09419020761207
677 64.89574551566264
678 59.673214697600216
679 79.69192404852635
680 59.654456302801236
681 63.575362121583
682 49.577945844780565
683 45.81261625314151
684 49.20277967218975
685 55.11525412519283
686 60.19249173323967
687 66.68220621896097
688 48.7466274547521
689 70.62160752946903
690 75.84314159914194
691 84.37896074159815
692 71.03472188572184
693 86.07471279276477
694 75.13970027200837
695 66.2429800314625
696 86.01351952714407
697 79.73828092788072
698 77.44746426288432
699 80.4510763408547
700 109.71175619154857
701 109.99617254981574
702 83.67720844616156
703 90.17892933090488
704 124.54496444533578
705 103.58562303150673
706 70.76650703702582
707 91.65987284295878
708 79.34829168674759
709 66.39155579597558
710 37.04418930390513
711 53.06661866976043
712 68.39025575314561
713 102.64872670494229
714 98.47077459673005
715 81.42663669260929
716 55.00582908830893
717 84.48105685567654
718 103.29583691076613
719 54.95870103523612
720 102.5723972207895
721 57.58165445304047
722 41.84952776769036
723 65.75107039694979
724 44.99895840563883
725 60.566645032920206
726 81.33163600179952
727 51.11006361553343
728 53.154744849773294
729 54.0037316030663
730 75.6327405199564
731 47.40388969473711
732 42.00331077760567
733 75.84483717531239
734 47.35225218683316
735 57.140913146232144
736 49.09419020761207
737 64.89574551566264
738 59.673214697600216
739 66.39155579597558
740 37.04418930390513
741 53.06661866976043
742 49.577945844780565
743 45.81261625314151
744 49.20277967218975
745 55.11525412519283
746 55.00582908830893
747 66.68220621896097
748 48.7466274547521
749 54.95870103523612
750 75.84314159914194
751 81.38043180691277
752 78.16034560104767
753 121.06515476913505
754 129.8335910105444
755 84.19647522650396
756 79.45841087404918
757 89.7543076646813
758 86.78278718030941
759 94.71382256399099
760 78.56874586607192
761 75.6327405199564
762 72.3651525441819
763 75.27553145119312
764 75.91611877883335
765 60.39981816862521
766 114.45854022249837
767 68.63005512004517
768 65.83315000706024
769 98.40095938192006
770 70.61789363426757
771 87.5370597458667
772 64.95555086073045
773 79.51916508946498
774 82.83378860084184
775 48.552693925858655
776 121.06264809264937
777 92.70852452576732
778 107.44846144381646
779 78.36537642755917
780 97.53069362566578
781 57.58165445304047
782 41.84952776769036
783 65.75107039694979
784 44.99895840563883
785 60.566645032920206
786 79.45841087404918
787 51.11006361553343
788 53.154744849773294
789 54.0037316030663
790 75.6327405199564
791 47.40388969473711
792 42.00331077760567
793 75.27553145119312
794 47.35225218683316
795 57.140913146232144
796 49.09419020761207
797 64.89574551566264
798 59.673214697600216
799 66.39155579597558
800 37.04418930390513
801 53.06661866976043
802 49.577945844780565
803 45.81261625314151
804 49.20277967218975
805 48.552693925858655
806 55.00582908830893
807 66.68220621896097
808 48.7466274547521
809 54.95870103523612
810 75.84314159914194
811 47.94382890701112
812 109.90777623485822
813 139.18187649812856
814 78.3712337474031
815 79.98083086173457
816 95.08708117299918
817 62.84014639836583
818 96.90818013150168
819 70.93645858627923
820 95.8064502219283
821 113.96430224128343
822 113.0735022464357
823 60.660683857889545
824 66.87860816523556
825 66.0131264425348
826 81.54313073495766
827 123.05780050649736
828 48.39446410987401
829 45.81166974205291
830 47.90829238757811
831 95.18520243363466
832 81.02112618016396
833 91.16582802495306
834 66.11940836548078
835 101.18411692609799
836 84.66907643436062
837 96.91338462441206
838 85.99381351389334
839 85.53369143427037
840 84.92129498078654
841 47.94382890701112
842 41.84952776769036
843 65.75107039694979
844 44.99895840563883
845 60.566645032920206
846 79.45841087404918
847 51.11006361553343
848 53.154744849773294
849 54.0037316030663
850 75.6327405199564
851 47.40388969473711
852 42.00331077760567
853 60.660683857889545
854 47.35225218683316
855 57.140913146232144
856 49.09419020761207
857 64.89574551566264
858 48.39446410987401
859 45.81166974205291
860 37.04418930390513
861 53.06661866976043
862 49.577945844780565
863 45.81261625314151
864 49.20277967218975
865 48.552693925858655
866 55.00582908830893
867 66.68220621896097
868 48.7466274547521
869 54.95870103523612
870 75.84314159914194
871 90.02927490691081
872 86.84430979027803
873 62.116180748520826
874 106.71813920330881
875 58.936386820700754
876 53.03142211230209
877 77.7249685382132
878 70.49441875874105
879 46.3534908599581
880 112.73744843329274
881 51.611264841669815
882 75.61100513196445
883 89.06652644415713
884 88.63897771873454
885 74.85205155888767
886 97.6968846892585
887 35.43512685098413
888 86.82993352844196
889 86.99413241577247
890 33.64487638808513
891 107.49941334654818
892 90.34517720084945
893 96.1224870957139
894 86.45260986818593
895 83.91571329520197
896 70.16791463584788
897 57.00870606564382
898 74.36907869363822
899 61.77566972278827
900 59.792349056397626
901 47.94382890701112
902 41.84952776769036
903 62.116180748520826
904 44.99895840563883
905 58.936386820700754
906 53.03142211230209
907 51.11006361553343
908 53.154744849773294
909 46.3534908599581
910 75.6327405199564
911 47.40388969473711
912 42.00331077760567
913 60.660683857889545
914 47.35225218683316
915 57.140913146232144
916 49.09419020761207
917 35.43512685098413
918 48.39446410987401
919 45.81166974205291
920 33.64487638808513
921 53.06661866976043
922 49.577945844780565
923 45.81261625314151
924 49.20277967218975
925 48.552693925858655
926 55.00582908830893
927 57.00870606564382
928 48.7466274547521
929 54.95870103523612
930 59.792349056397626
931 56.746479933818364
932 63.16704561605364
933 39.914219718520606
934 116.9232148839934
935 116.27275985617278
936 130.9503828089486
937 84.41832495162957
938 74.29065977958322
939 82.50074146255638
940 73.42907775731501
941 77.63870682607666
942 113.74516008499499
943 76.43559895085635
944 77.09169809453044
945 86.9268001966432
946 87.504638275117
947 84.14295636070047
948 55.65075104115322
949 98.71964940674431
950 70.21560700137593
951 68.49163298934326
952 59.091439886931894
953 55.87934140386355
954 63.54504407361783
955 60.43735935411716
956 56.04130401077837
957 85.207742338512
958 90.91394394844984
959 49.59106083447711
960 62.212798486036675
961 47.94382890701112
962 41.84952776769036
963 39.914219718520606
964 44.99895840563883
965 58.936386820700754
966 53.03142211230209
967 51.11006361553343
968 53.154744849773294
969 46.3534908599581
970 73.42907775731501
971 47.40388969473711
972 42.00331077760567
973 60.660683857889545
974 47.35225218683316
975 57.140913146232144
976 49.09419020761207
977 35.43512685098413
978 48.39446410987401
979 45.81166974205291
980 33.64487638808513
981 53.06661866976043
982 49.577945844780565
983 45.81261625314151
984 49.20277967218975
985 48.552693925858655
986 55.00582908830893
987 57.00870606564382
988 48.7466274547521
989 49.59106083447711
990 59.792349056397626
evaluations raw_y
1 99.0732711220966
2 71.71017339589484
3 79.31129847978846
4 64.44224618752716
5 87.85694427530115
6 87.68473077274159
7 58.425755218895645
8 70.56957156504045
9 101.10620076234291
10 97.45831444053255
11 82.40703924111824
12 135.63602364120854
13 57.69822039308323
14 91.4834112233131
15 86.64957073853255
16 119.8982499816118
17 79.69675960083794
18 82.31041644767444
19 77.40732581441429
20 50.20880946761321
21 74.59804005661935
22 113.79680042108907
23 107.94180080290829
24 102.85835697357457
25 112.22267541045056
26 88.29781356570274
27 106.21519627393701
28 119.24354143943651
29 85.7594675969331
30 80.17295820097883
31 112.6007339766972
32 96.65811360945372
33 91.22534682892228
34 74.68290268098009
35 84.3751209320575
36 79.73577663511738
37 109.55529807377059
38 84.39684193811125
39 105.71919772946895
40 65.6555153641003
41 91.45081910779038
42 95.18567549815123
43 94.78692915663208
44 97.79369752516011
45 80.31485178821424
46 53.94249251891465
47 115.52885234202986
48 91.9589052741868
49 83.18936148000648
50 82.55427302503367
51 98.16090932975814
52 79.39124584088847
53 101.40998287488632
54 69.48250764630768
55 96.83090950108496
56 95.26389977351833
57 72.6112629593448
58 128.18804234319353
59 86.4504881342485
60 99.60896664440854
61 99.0732711220966
62 71.71017339589484
63 79.31129847978846
64 64.44224618752716
65 84.3751209320575
66 79.73577663511738
67 58.425755218895645
68 70.56957156504045
69 101.10620076234291
70 65.6555153641003
71 82.40703924111824
72 95.18567549815123
73 57.69822039308323
74 91.4834112233131
75 80.31485178821424
76 53.94249251891465
77 79.69675960083794
78 82.31041644767444
79 77.40732581441429
80 50.20880946761321
81 74.59804005661935
82 79.39124584088847
83 101.40998287488632
84 69.48250764630768
85 96.83090950108496
86 88.29781356570274
87 72.6112629593448
88 119.24354143943651
89 85.7594675969331
90 80.17295820097883
91 89.22716726574842
92 75.53688978198548
93 95.54995714036556
94 88.6150044149735
95 113.96556261990384
96 87.04043173917526
97 81.50643365200452
98 96.45301988706073
99 66.41564953530315
100 106.32680329446073
101 95.34185382919486
102 105.30839153317196
103 92.69631543296029
104 40.41740581418331
105 103.10602549099417
106 54.406769023961786
107 80.05919672847644
108 71.01354318104052
109 82.09086631322793
110 54.69226661496535
111 74.68067965200282
112 37.21332953156658
113 61.67671479302331
114 52.75065033356898
115 95.76614590513903
116 94.60535666130576
117 87.92978856653347
118 52.19024181873817
119 88.7062373847279
120 119.85990084519855
121 89.22716726574842
122 71.71017339589484
123 79.31129847978846
124 64.44224618752716
125 84.3751209320575
126 79.73577663511738
127 58.425755218895645
128 70.56957156504045
129 66.41564953530315
130 65.6555153641003
131 82.40703924111824
132 95.18567549815123
133 57.69822039308323
134 40.41740581418331
135 80.31485178821424
136 53.94249251891465
137 79.69675960083794
138 71.01354318104052
139 77.40732581441429
140 50.20880946761321
141 74.59804005661935
142 37.21332953156658
143 61.67671479302331
144 52.75065033356898
145 95.76614590513903
146 88.29781356570274
147 72.6112629593448
148 52.19024181873817
149 85.7594675969331
150 80.17295820097883
151 103.09203384757872
152 71.23388309477528
153 113.62249809223869
154 107.88921404633797
155 88.23846184859813
156 90.8597693963677
157 22.657580412169356
158 115.08090925923568
159 85.50580695271228
160 90.95413864608857
161 110.57157672467244
162 108.60619869173577
163 55.656805668535426
164 118.39519365427604
165 77.49392936591498
166 92.44422022667979
167 86.29162280126724
168 88.08338260078462
169 73.1968883265307
170 49.945636524963064
171 79.31077662234057
172 79.75103049987936
173 68.30531732884657
174 92.5950815658849
175 95.3498760980789
176 99.78428784197354
177 97.76536784953315
178 53.662114891556186
179 74.50681978548135
180 60.87063106108276
181 89.22716726574842
182 71.23388309477528
183 79.31129847978846
184 64.44224618752716
185 84.3751209320575
186 79.73577663511738
187 22.657580412169356
188 70.56957156504045
189 66.41564953530315
190 65.6555153641003
191 82.40703924111824
192 95.18567549815123
193 55.656805668535426
194 40.41740581418331
195 77.49392936591498
196 53.94249251891465
197 79.69675960083794
198 71.01354318104052
199 73.1968883265307
200 49.945636524963064
201 74.59804005661935
202 37.21332953156658
203 61.67671479302331
204 52.75065033356898
205 95.3498760980789
206 88.29781356570274
207 72.6112629593448
208 52.19024181873817
209 74.50681978548135
210 60.87063106108276
211 69.62182188191107
212 83.86384408488463
213 94.26001720028408
214 50.58248859313436
215 94.6929202897518
216 69.70157240240897
217 116.90083788492981
218 77.42685452055674
219 131.06559599331777
220 54.260692882549336
221 61.13437418226862
222 129.43084017734768
223 84.86936712290381
224 89.91739746403161
225 112.34395429723251
226 80.34544532761036
227 82.90898842331457
228 75.79501542359064
229 89.79969947879198
230 101.45756088258419
231 75.45141163747343
232 70.04628275924483
233 104.49423941257238
234 93.93479608660638
235 101.62882112578512
236 123.73405099428257
237 96.58034160566173
238 65.39641941994805
239 81.68576430000383
240 52.93229701901229
241 69.62182188191107
242 71.23388309477528
243 79.31129847978846
244 50.58248859313436
245 84.3751209320575
246 69.70157240240897
247 22.657580412169356
248 70.56957156504045
249 66.41564953530315
250 54.260692882549336
251 61.13437418226862
252 95.18567549815123
253 55.656805668535426
254 40.41740581418331
255 77.49392936591498
256 53.94249251891465
257 79.69675960083794
258 71.01354318104052
259 73.1968883265307
260 49.945636524963064
261 74.59804005661935
262 37.21332953156658
263 61.67671479302331
264 52.75065033356898
265 95.3498760980789
266 88.29781356570274
267 72.6112629593448
268 52.19024181873817
269 74.50681978548135
270 52.93229701901229
271 74.70664343701311
272 54.727940455781464
273 104.39930758100971
274 90.3005157595407
275 142.86700698892042
276 81.97721448750339
277 79.69683184424443
278 121.68491541172403
279 70.79402478865268
280 74.958677728114
281 50.20336960615761
282 61.59547571869648
283 69.79269318123204
284 73.37504079585015
285 54.120948672198125
286 111.10266647086084
287 107.80879649762775
288 58.339551520977665
289 71.74440116577847
290 58.428998897385284
291 46.17444547548368
292 86.40131118817038
293 88.49690901489033
294 86.06814966186809
295 80.26694359329821
296 53.703453458147514
297 76.65377741650077
298 56.00067599998613
299 39.81740961155856
300 95.12433483453812
301 69.62182188191107
302 54.727940455781464
303 79.31129847978846
304 50.58248859313436
305 84.3751209320575
306 69.70157240240897
307 22.657580412169356
308 70.56957156504045
309 66.41564953530315
310 54.260692882549336
311 50.20336960615761
312 61.59547571869648
313 55.656805668535426
314 40.41740581418331
315 54.120948672198125
316 53.94249251891465
317 79.69675960083794
318 58.339551520977665
319 71.74440116577847
320 49.945636524963064
321 46.17444547548368
322 37.21332953156658
323 61.67671479302331
324 52.75065033356898
325 80.26694359329821
326 53.703453458147514
327 72.6112629593448
328 52.19024181873817
329 39.81740961155856
330 52.93229701901229
331 37.66529926889215
332 75.62126947441524
333 88.12905501693682
334 101.5958008825562
335 72.78205181943048
336 78.4772008764001
337 118.08147720020887
338 84.38713162655492
339 74.28864892161545
340 59.21041939458421
341 59.944110841322875
342 67.2697178300423
343 93.97439353256675
344 86.89374222288683
345 45.84902241502317
346 76.40060250667217
347 93.23464880327037
348 80.00537131780392
349 121.66747630229013
350 79.80661243998256
351 118.2444537191216
352 61.10438347147226
353 94.06231314833478
354 108.14645336362193
355 106.39849228009425
356 87.59746057357773
357 104.50606974187025
358 41.37876365600753
359 104.6962388152873
360 93.93546026487692
361 37.66529926889215
362 54.727940455781464
363 79.31129847978846
364 50.58248859313436
365 72.78205181943048
366 69.70157240240897
367 22.657580412169356
368 70.56957156504045
369 66.41564953530315
370 54.260692882549336
371 50.20336960615761
372 61.59547571869648
373 55.656805668535426
374 40.41740581418331
375 45.84902241502317
376 53.94249251891465
377 79.69675960083794
378 58.339551520977665
379 71.74440116577847
380 49.945636524963064
381 46.17444547548368
382 37.21332953156658
383 61.67671479302331
384 52.75065033356898
385 80.26694359329821
386 53.703453458147514
387 72.6112629593448
388 41.37876365600753
389 39.81740961155856
390 52.93229701901229
391 72.41162934071232
392 97.31350217901527
393 97.88490075788803
394 95.50187380264391
395 51.61518006425438
396 70.09229538084135
397 75.09974743110325
398 100.15042984918603
399 63.54309540192009
400 63.17511248034067
401 55.39208190133559
402 84.36833703194267
403 83.65953778357996
404 66.43448287406925
405 100.27253191066445
406 68.68865680976666
407 74.47570441001024
408 127.49173972325545
409 42.09303967893648
410 96.89014784200768
411 94.1921858341524
412 109.97677541205223
413 75.96215492216872
414 93.54816214754399
415 87.094141895485
416 73.7934854114668
417 44.34049711670862
418 117.18297491867946
419 107.13935872213108
420 77.5495599896966
421 37.66529926889215
422 54.727940455781464
423 79.31129847978846
424 50.58248859313436
425 51.61518006425438
426 69.70157240240897
427 22.657580412169356
428 70.56957156504045
429 63.54309540192009
430 54.260692882549336
431 50.20336960615761
432 61.59547571869648
433 55.656805668535426
434 40.41740581418331
435 45.84902241502317
436 53.94249251891465
437 74.47570441001024
438 58.339551520977665
439 42.09303967893648
440 49.945636524963064
441 46.17444547548368
442 37.21332953156658
443 61.67671479302331
444 52.75065033356898
445 80.26694359329821
446 53.703453458147514
447 44.34049711670862
448 41.37876365600753
449 39.81740961155856
450 52.93229701901229
451 61.640611396624145
452 76.12657145643729
453 79.12656003572035
454 89.23164583925038
455 61.08800619044845
456 97.11209066159982
457 98.3961423057423
458 95.76165496209967
459 93.57815969225003
460 83.71281287394649
461 124.26584976088104
462 72.17164485636687
463 90.92277535433608
464 51.750338307650736
465 73.47253043391102
466 70.80338237356221
467 81.6298558271508
468 93.26045392663197
469 93.16496750270298
470 102.42564636642294
471 61.06515997767057
472 75.27049339359259
473 63.13772013819708
474 48.679987917919895
475 111.24008478287911
476 75.20076409352255
477 123.08579154169034
478 94.42339318542913
479 106.7495238201505
480 72.55255154527626
481 37.66529926889215
482 54.727940455781464
483 79.12656003572035
484 50.58248859313436
485 51.61518006425438
486 69.70157240240897
487 22.657580412169356
488 70.56957156504045
489 63.54309540192009
490 54.260692882549336
491 50.20336960615761
492 61.59547571869648
493 55.656805668535426
494 40.41740581418331
495 45.84902241502317
496 53.94249251891465
497 74.47570441001024
498 58.339551520977665
499 42.09303967893648
500 49.945636524963064
501 46.17444547548368
502 37.21332953156658
503 61.67671479302331
504 48.679987917919895
505 80.26694359329821
506 53.703453458147514
507 44.34049711670862
508 41.37876365600753
509 39.81740961155856
510 52.93229701901229
511 62.58581327670412
512 40.25688810017711
513 84.94728054811725
514 56.66605490705032
515 61.08404277197177
516 96.18170383952409
517 97.91744761617724
518 67.81432989732716
519 119.88304689850922
520 81.91049456320349
521 56.51776196024598
522 69.50366081115678
523 83.69988166819546
524 81.68706968118614
525 104.88253634786345
526 103.3781613064565
527 78.91831430614134
528 73.2948157835866
529 83.75432846845123
530 69.98082006379488
531 97.8330344056487
532 72.01545942487714
533 94.56394199644997
534 103.78621658199287
535 71.41559249577273
536 56.15483150517133
537 83.00102325888709
538 72.49893360611789
539 79.68363443291196
540 99.91008990880904
541 37.66529926889215
542 40.25688810017711
543 79.12656003572035
544 50.58248859313436
545 51.61518006425438
546 69.70157240240897
547 22.657580412169356
548 67.81432989732716
549 63.54309540192009
550 54.260692882549336
551 50.20336960615761
552 61.59547571869648
553 55.656805668535426
554 40.41740581418331
555 45.84902241502317
556 53.94249251891465
557 74.47570441001024
558 58.339551520977665
559 42.09303967893648
560 49.945636524963064
561 46.17444547548368
562 37.21332953156658
563 61.67671479302331
564 48.679987917919895
565 71.41559249577273
566 53.703453458147514
567 44.34049711670862
568 41.37876365600753
569 39.81740961155856
570 52.93229701901229
571 108.51551989542412
572 102.7832811494213
573 59.727936308578755
574 58.563578305210754
575 94.43425846911208
576 112.10604292693193
577 103.61520632579447
578 59.08502612224833
579 39.96468896022275
580 90.36945318441835
581 81.45285337726497
582 88.6925786512631
583 75.41204415361156
584 69.06723807336839
585 81.57652346408187
586 66.02100769099356
587 91.71453810737374
588 67.0510644573364
589 90.63848692553763
590 110.11706880752614
591 85.25225394544121
592 102.79535893793047
593 80.78244467656248
594 77.72726713131775
595 55.884740163621544
596 88.85028374285022
597 55.67143696883453
598 67.09691920334882
599 72.96185660088278
600 67.40228342820636
601 37.66529926889215
602 40.25688810017711
603 59.727936308578755
604 50.58248859313436
605 51.61518006425438
606 69.70157240240897
607 22.657580412169356
608 59.08502612224833
609 39.96468896022275
610 54.260692882549336
611 50.20336960615761
612 61.59547571869648
613 55.656805668535426
614 40.41740581418331
615 45.84902241502317
616 53.94249251891465
617 74.47570441001024
618 58.339551520977665
619 42.09303967893648
620 49.945636524963064
621 46.17444547548368
622 37.21332953156658
623 61.67671479302331
624 48.679987917919895
625 55.884740163621544
626 53.703453458147514
627 44.34049711670862
628 41.37876365600753
629 39.81740961155856
630 52.93229701901229
631 69.7294882744969
632 97.72369890582324
633 61.71325190420659
634 80.01723811251578
635 89.12825173758786
636 80.91381185933562
637 51.65814645335693
638 72.13928827719533
639 64.6600365028024
640 96.63716563509809
641 117.01848263377781
642 44.19056280013132
643 101.83196684690562
644 54.09152348947463
645 87.4790820582185
646 85.78299956102421
647 74.97121749470743
648 84.24734138743881
649 57.84561879439137
650 129.70969032603514
651 81.87889006195385
652 108.3042223473782
653 119.66508204162176
654 79.53288642602709
655 70.11522110463966
656 89.60243779003815
657 79.610815296396
658 103.09738592570179
659 68.77488554391856
660 65.59394002061981
661 37.66529926889215
662 40.25688810017711
663 59.727936308578755
664 50.58248859313436
665 51.61518006425438
666 69.70157240240897
667 22.657580412169356
668 59.08502612224833
669 39.96468896022275
670 54.260692882549336
671 50.20336960615761
672 44.19056280013132
673 55.656805668535426
674 40.41740581418331
675 45.84902241502317
676 53.94249251891465
677 74.47570441001024
678 58.339551520977665
679 42.09303967893648
680 49.945636524963064
681 46.17444547548368
682 37.21332953156658
683 61.67671479302331
684 48.679987917919895
685 55.884740163621544
686 53.703453458147514
687 44.34049711670862
688 41.37876365600753
689 39.81740961155856
690 52.93229701901229
691 45.517888239504884
692 62.5249095646292
693 84.50050068860287
694 51.17381957719259
695 78.05104521391813
696 60.015731930370855
697 56.27924753336408
698 127.83127803070272
699 82.83709769266522
700 124.42717221276295
701 77.66351368515096
702 90.86497141135938
703 48.535481537009076
704 43.5974219320212
705 94.45122220200699
706 71.49338460168116
707 83.04619264154461
708 76.03902072640858
709 80.21325420283479
710 115.87110015475523
711 50.936723912965505
712 114.35167272477504
713 43.93334562058418
714 101.49495918865773
715 54.513605635012745
716 75.83298979721712
717 47.33173526111517
718 93.06024476811807
719 90.58979611033581
720 69.29777799696988
721 37.66529926889215
722 40.25688810017711
723 59.727936308578755
724 50.58248859313436
725 51.61518006425438
726 60.015731930370855
727 22.657580412169356
728 59.08502612224833
729 39.96468896022275
730 54.260692882549336
731 50.20336960615761
732 44.19056280013132
733 48.535481537009076
734 40.41740581418331
735 45.84902241502317
736 53.94249251891465
737 74.47570441001024
738 58.339551520977665
739 42.09303967893648
740 49.945636524963064
741 46.17444547548368
742 37.21332953156658
743 43.93334562058418
744 48.679987917919895
745 54.513605635012745
746 53.703453458147514
747 44.34049711670862
748 41.37876365600753
749 39.81740961155856
750 52.93229701901229
751 115.34678409231442
752 86.19883305639152
753 61.80567520631273
754 34.23467110192777
755 102.06616957106095
756 87.14141169871156
757 78.16383762080123
758 61.22812624102955
759 80.0632352528971
760 58.44371010221798
761 83.92425468749173
762 70.18613721818076
763 104.77590133018609
764 93.10069752974877
765 64.23264496540205
766 89.49603798793768
767 90.23379513100622
768 75.95362154305496
769 102.69637278945814
770 71.02083567454437
771 80.41752015885086
772 90.13928863889917
773 76.89281867577635
774 86.85726600649551
775 61.71560318812513
776 91.88476658680216
777 49.95795175685213
778 83.74415476928698
779 89.96854226579921
780 34.82575418734076
781 37.66529926889215
782 40.25688810017711
783 59.727936308578755
784 34.23467110192777
785 51.61518006425438
786 60.015731930370855
787 22.657580412169356
788 59.08502612224833
789 39.96468896022275
790 54.260692882549336
791 50.20336960615761
792 44.19056280013132
793 48.535481537009076
794 40.41740581418331
795 45.84902241502317
796 53.94249251891465
797 74.47570441001024
798 58.339551520977665
799 42.09303967893648
800 49.945636524963064
801 46.17444547548368
802 37.21332953156658
803 43.93334562058418
804 48.679987917919895
805 54.513605635012745
806 53.703453458147514
807 44.34049711670862
808 41.37876365600753
809 39.81740961155856
810 34.82575418734076
811 57.623365841057904
812 70.2566642037882
813 75.42157049303013
814 62.710357415565284
815 93.99192304044016
816 66.29027364215473
817 92.50974741445417
818 40.79494799816622
819 36.96098251528761
820 77.19656566175254
821 34.44886192929231
822 31.954605778586114
823 65.31813076431301
824 63.65212752792436
825 83.24380763984446
826 38.36878783868845
827 66.94030374079225
828 62.98729527154913
829 78.08907719636582
830 84.43125797632216
831 76.72268899141562
832 75.16390635699851
833 84.2953552450438
834 80.59398852796569
835 100.68542681532671
836 68.17885108588332
837 81.03882703803188
838 97.36727259936333
839 45.065981360414696
840 82.56136743570528
841 37.66529926889215
842 40.25688810017711
843 59.727936308578755
844 34.23467110192777
845 51.61518006425438
846 60.015731930370855
847 22.657580412169356
848 40.79494799816622
849 36.96098251528761
850 54.260692882549336
851 34.44886192929231
852 31.954605778586114
853 48.535481537009076
854 40.41740581418331
855 45.84902241502317
856 38.36878783868845
857 66.94030374079225
858 58.339551520977665
859 42.09303967893648
860 49.945636524963064
861 46.17444547548368
862 37.21332953156658
863 43.93334562058418
864 48.679987917919895
865 54.513605635012745
866 53.703453458147514
867 44.34049711670862
868 41.37876365600753
869 39.81740961155856
870 34.82575418734076
871 91.57844173911766
872 90.90336797217245
873 79.00153586968332
874 61.655882918763474
875 40.045977353160296
876 98.92629132190942
877 78.50214913663915
878 47.106849318673184
879 86.5526788488427
880 102.6542692157357
881 124.04614897143274
882 99.76614814032138
883 69.46580292287072
884 64.4773191755303
885 61.931505864011726
886 51.133999806327324
887 62.622210456458234
888 100.97028265510212
889 100.54916723641512
890 89.9770229197185
891 61.977215423889476
892 56.920879178226755
893 55.52096715688188
894 81.03825083474501
895 23.558195523323885
896 65.35578269296795
897 79.0088649722124
898 63.999563749679815
899 92.57508653972442
900 58.51488349520574
901 37.66529926889215
902 40.25688810017711
903 59.727936308578755
904 34.23467110192777
905 40.045977353160296
906 60.015731930370855
907 22.657580412169356
908 40.79494799816622
909 36.96098251528761
910 54.260692882549336
911 34.44886192929231
912 31.954605778586114
913 48.535481537009076
914 40.41740581418331
915 45.84902241502317
916 38.36878783868845
917 62.622210456458234
918 58.339551520977665
919 42.09303967893648
920 49.945636524963064
921 46.17444547548368
922 37.21332953156658
923 43.93334562058418
924 48.679987917919895
925 23.558195523323885
926 53.703453458147514
927 44.34049711670862
928 41.37876365600753
929 39.81740961155856
930 34.82575418734076
931 98.90620463586387
932 61.518812792828214
933 87.16925392928732
934 90.10922934932279
935 75.10783982332786
936 47.27661336231621
937 75.97699045283409
938 51.0062457376618
939 80.06854932938735
940 71.90777160813332
941 65.70431524495145
942 46.53765241754631
943 76.9042870734539
944 112.63841601555455
945 69.79346176836174
946 130.10705962351153
947 112.95514485485234
948 75.84655835385504
949 125.06570777758401
950 78.25040673886699
951 118.0234316720476
952 71.39743074808305
953 95.32861339927818
954 109.05975239599873
955 57.00534151983312
956 69.87740248674574
957 79.09255161969
958 44.71908067367706
959 101.2412155966359
960 124.0730967503657
961 37.66529926889215
962 40.25688810017711
963 59.727936308578755
964 34.23467110192777
965 40.045977353160296
966 47.27661336231621
967 22.657580412169356
968 40.79494799816622
969 36.96098251528761
970 54.260692882549336
971 34.44886192929231
972 31.954605778586114
973 48.535481537009076
974 40.41740581418331
975 45.84902241502317
976 38.36878783868845
977 62.622210456458234
978 58.339551520977665
979 42.09303967893648
980 49.945636524963064
981 46.17444547548368
982 37.21332953156658
983 43.93334562058418
984 48.679987917919895
985 23.558195523323885
986 53.703453458147514
987 44.34049711670862
988 41.37876365600753
989 39.81740961155856
990 34.82575418734076
evaluations raw_y
1 95.77476506899333
2 87.95872028885931
3 78.63776401588939
4 87.42157902458976
5 57.31290002543611
6 90.53269291953102
7 92.63328144022637
8 71.6927549966359
9 47.27505090855587
10 86.86669041407322
11 79.87505984712803
12 95.09910085542887
13 58.58261162890862
14 119.11993017448894
15 30.35646748827888
16 109.82898176138924
17 80.26801281517344
18 64.58974708727017
19 72.54446761105496
20 56.80665398799029
21 120.10706899985426
22 104.93264696439223
23 78.36031028935426
24 110.84589833224845
25 75.45158326299742
26 94.48396197637295
27 121.09027006414851
28 98.412484194748
29 94.49286127991874
30 84.73092662222429
31 86.69416335636855
32 80.88958639162242
33 118.74823991192999
34 103.10918750472433
35 52.705605276443556
36 91.17873561536365
37 121.57872690466526
38 55.6038195990518
39 120.51984598228834
40 102.49789905187609
41 122.07639781401879
42 80.51895811421568
43 78.68223839505032
44 91.96864643444904
45 45.45175247568202
46 116.97946530942005
47 112.05021185530907
48 108.1074151201652
49 78.3741880682164
50 65.81552853757665
51 94.01402100705249
52 111.74986701439383
53 62.66676877139477
54 88.89136928178425
55 67.98010531700768
56 108.71335004604431
57 110.15954173671416
58 96.09200656523106
59 112.13574832754821
60 129.82057208087923
61 86.69416335636855
62 80.88958639162242
63 78.63776401588939
64 87.42157902458976
65 52.705605276443556
66 90.53269291953102
67 92.63328144022637
68 55.6038195990518
69 47.27505090855587
70 86.86669041407322
71 79.87505984712803
72 80.51895811421568
73 58.58261162890862
74 91.96864643444904
75 30.35646748827888
76 109.82898176138924
77 80.26801281517344
78 64.58974708727017
79 72.54446761105496
80 56.80665398799029
81 94.01402100705249
82 104.93264696439223
83 62.66676877139477
84 88.89136928178425
85 67.98010531700768
86 94.48396197637295
87 110.15954173671416
88 96.09200656523106
89 94.49286127991874
90 84.73092662222429
91 82.62368086542745
92 126.62312596398121
93 114.26426331326387
94 99.70954914108549
95 74.70923519902759
96 80.07309626949294
97 90.76437737571712
98 93.73101816067867
99 70.64523108183879
100 93.0590358601498
101 45.74843087764227
102 88.96576333804705
103 85.2828157021683
104 114.497102324097
105 62.74167063173826
106 82.40549917384664
107 78.86717188006864
108 71.13133275265415
109 96.72650137646022
110 56.567616939460336
111 87.87600646832664
112 99.43361459610612
113 44.786056223166064
114 71.22094316783543
115 105.14824091653514
116 124.02726154668797
117 91.73764725059543
118 91.9924619961358
119 70.35491234615553
120 59.98050976762768
121 82.62368086542745
122 80.88958639162242
123 78.63776401588939
124 87.42157902458976
125 52.705605276443556
126 80.07309626949294
127 90.76437737571712
128 55.6038195990518
129 47.27505090855587
130 86.86669041407322
131 45.74843087764227
132 80.51895811421568
133 58.58261162890862
134 91.96864643444904
135 30.35646748827888
136 82.40549917384664
137 78.86717188006864
138 64.58974708727017
139 72.54446761105496
140 56.567616939460336
141 87.87600646832664
142 99.43361459610612
143 44.786056223166064
144 71.22094316783543
145 67.98010531700768
146 94.48396197637295
147 91.73764725059543
148 91.9924619961358
149 70.35491234615553
150 59.98050976762768
151 107.78225816850572
152 52.321700215200835
153 77.18267925865874
154 109.76489873723841
155 77.41737135022919
156 103.844460799887
157 111.76830784459207
158 55.657715564249926
159 87.41981846801876
160 52.85028907300447
161 97.74439263026713
162 103.98162170075942
163 91.01829707089968
164 52.246826381475245
165 96.84205271015023
166 95.49428970422713
167 112.21881328570686
168 89.37835711829176
169 89.92945717787427
170 87.38828260808452
171 88.31796222986007
172 93.06058639671915
173 72.541110849027
174 110.73746050538232
175 102.39584218560907
176 90.86496398449506
177 94.6270053733387
178 65.91271028860906
179 78.21185858486623
180 92.49049897871225
181 82.62368086542745
182 52.321700215200835
183 77.18267925865874
184 87.42157902458976
185 52.705605276443556
186 80.07309626949294
187 90.76437737571712
188 55.6038195990518
189 47.27505090855587
190 52.85028907300447
191 45.74843087764227
192 80.51895811421568
193 58.58261162890862
194 52.246826381475245
195 30.35646748827888
196 82.40549917384664
197 78.86717188006864
198 64.58974708727017
199 72.54446761105496
200 56.567616939460336
201 87.87600646832664
202 93.06058639671915
203 44.786056223166064
204 71.22094316783543
205 67.98010531700768
206 90.86496398449506
207 91.73764725059543
208 65.91271028860906
209 70.35491234615553
210 59.98050976762768
211 57.98393782764097
212 124.17854762887104
213 134.89134948551984
214 75.883262855099
215 104.96516226494322
216 72.43430232102884
217 74.23620997373501
218 77.65155048998547
219 112.0593391511798
220 102.69669318515233
221 91.02820361859968
222 83.13169444014483
223 100.11718981590195
224 103.13481478112355
225 76.14205106949348
226 51.29518999280939
227 67.05290960370169
228 97.91129136371536
229 74.43591311897349
230 89.92017957833076
231 125.12117786236095
232 78.41785503699163
233 93.08189428789879
234 117.92613242771145
235 115.9841645293162
236 71.65268609197771
237 66.27639379880009
238 90.69275384688947
239 78.92557830893313
240 53.59254842777977
241 57.98393782764097
242 52.321700215200835
243 77.18267925865874
244 75.883262855099
245 52.705605276443556
246 72.43430232102884
247 74.23620997373501
248 55.6038195990518
249 47.27505090855587
250 52.85028907300447
251 45.74843087764227
252 80.51895811421568
253 58.58261162890862
254 52.246826381475245
255 30.35646748827888
256 51.29518999280939
257 67.05290960370169
258 64.58974708727017
259 72.54446761105496
260 56.567616939460336
261 87.87600646832664
262 78.41785503699163
263 44.786056223166064
264 71.22094316783543
265 67.98010531700768
266 71.65268609197771
267 66.27639379880009
268 65.91271028860906
269 70.35491234615553
270 53.59254842777977
271 129.28011179430365
272 79.22393438327954
273 89.4853060135439
274 128.22791775040838
275 83.7319194008921
276 102.02682073318047
277 81.06425954703386
278 77.05945812900694
279 38.401091369967006
280 61.89144745916764
281 57.56811478603648
282 76.78766677470057
283 83.54072238444203
284 59.43102500314156
285 38.53095726577337
286 59.29718235022169
287 88.55520039482494
288 55.65207431273765
289 66.2993159829589
290 97.50784904399147
291 77.44143085580177
292 106.50464750810062
293 62.0720818871327
294 129.40131049191825
295 81.62951591044794
296 98.85344745341993
297 88.75173230733988
298 96.40533297827618
299 139.68867027637515
300 81.23990566450914
301 57.98393782764097
302 52.321700215200835
303 77.18267925865874
304 75.883262855099
305 52.705605276443556
306 72.43430232102884
307 74.23620997373501
308 55.6038195990518
309 38.401091369967006
310 52.85028907300447
311 45.74843087764227
312 76.78766677470057
313 58.58261162890862
314 52.246826381475245
315 30.35646748827888
316 51.29518999280939
317 67.05290960370169
318 55.65207431273765
319 66.2993159829589
320 56.567616939460336
321 77.44143085580177
322 78.41785503699163
323 44.786056223166064
324 71.22094316783543
325 67.98010531700768
326 71.65268609197771
327 66.27639379880009
328 65.91271028860906
329 70.35491234615553
330 53.59254842777977
331 91.80752471013679
332 102.85335755513543
333 93.89094327964006
334 63.074013278025596
335 54.64596392026578
336 124.19389076516573
337 86.60349139539912
338 56.653141190815404
339 92.9245662456157
340 63.55217058656317
341 87.26474170142767
342 69.08987290067807
343 60.931906600270125
344 83.69295993452081
345 58.00948312134578
346 119.72055530059097
347 62.062486101412745
348 13.747532664624316
349 59.15103391905992
350 94.29838224401188
351 121.07557678817624
352 143.91289848380984
353 92.6200458802929
354 74.03450431196724
355 94.27705643971149
356 76.05729929794036
357 80.13643733078706
358 66.09132400326877
359 68.76991134402448
360 72.88640297094182
361 57.98393782764097
362 52.321700215200835
363 77.18267925865874
364 63.074013278025596
365 52.705605276443556
366 72.43430232102884
367 74.23620997373501
368 55.6038195990518
369 38.401091369967006
370 52.85028907300447
371 45.74843087764227
372 69.08987290067807
373 58.58261162890862
374 52.246826381475245
375 30.35646748827888
376 51.29518999280939
377 62.062486101412745
378 13.747532664624316
379 59.15103391905992
380 56.567616939460336
381 77.44143085580177
382 78.41785503699163
383 44.786056223166064
384 71.22094316783543
385 67.98010531700768
386 71.65268609197771
387 66.27639379880009
388 65.91271028860906
389 68.76991134402448
390 53.59254842777977
391 107.98471272945224
392 76.74912632739938
393 91.31219406920661
394 101.71232251491774
395 96.43890107793757
396 30.998373818346373
397 65.88879260142645
398 93.74469805497591
399 90.61161961621764
400 93.66808191274198
401 60.081357541790226
402 126.21421957901399
403 54.97971622784855
404 67.26954532897295
405 38.401144060343626
406 66.36752580188875
407 63.669463846721506
408 112.4967761203252
409 63.89805144025055
410 91.38901267380339
411 107.37226012992883
412 89.09011519601626
413 89.50108691032133
414 83.06316539803828
415 95.9184742966582
416 94.04253722208134
417 83.75226838371597
418 62.73666028053684
419 117.95179716110059
420 68.13783087903919
421 57.98393782764097
422 52.321700215200835
423 77.18267925865874
424 63.074013278025596
425 52.705605276443556
426 30.998373818346373
427 65.88879260142645
428 55.6038195990518
429 38.401091369967006
430 52.85028907300447
431 45.74843087764227
432 69.08987290067807
433 54.97971622784855
434 52.246826381475245
435 30.35646748827888
436 51.29518999280939
437 62.062486101412745
438 13.747532664624316
439 59.15103391905992
440 56.567616939460336
441 77.44143085580177
442 78.41785503699163
443 44.786056223166064
444 71.22094316783543
445 67.98010531700768
446 71.65268609197771
447 66.27639379880009
448 62.73666028053684
449 68.76991134402448
450 53.59254842777977
451 93.98275188739944
452 52.20260848795709
453 84.80574606383468
454 102.06977278349939
455 89.57095092786173
456 104.41091410012416
457 46.272093967486995
458 93.06955041467302
459 48.55200394769244
460 83.22288642542875
461 70.13870764972631
462 75.147537419738
463 99.64618594882279
464 76.84831109449749
465 90.51508270009471
466 69.1763932158555
467 75.57350168809647
468 54.14230953569764
469 132.198394286756
470 70.9218140874541
471 59.85556074008375
472 87.21912479458128
473 76.68016936409333
474 79.45881835990873
475 90.2785521799947
476 62.54572829991121
477 132.67529840548883
478 86.52950885431065
479 80.17013385515102
480 72.31299880138259
481 57.98393782764097
482 52.20260848795709
483 77.18267925865874
484 63.074013278025596
485 52.705605276443556
486 30.998373818346373
487 46.272093967486995
488 55.6038195990518
489 38.401091369967006
490 52.85028907300447
491 45.74843087764227
492 69.08987290067807
493 54.97971622784855
494 52.246826381475245
495 30.35646748827888
496 51.29518999280939
497 62.062486101412745
498 13.747532664624316
499 59.15103391905992
500 56.567616939460336
501 59.85556074008375
502 78.41785503699163
503 44.786056223166064
504 71.22094316783543
505 67.98010531700768
506 62.54572829991121
507 66.27639379880009
508 62.73666028053684
509 68.76991134402448
510 53.59254842777977
511 95.48891597257231
512 92.88616678064912
513 99.00644969228318
514 95.79873125758289
515 113.07481744428925
516 44.135376664096704
517 49.693627725140814
518 127.68965383180004
519 64.50588906237239
520 96.2488023547316
521 76.81366871669049
522 74.13155524067992
523 90.72764392889394
524 84.50934985991667
525 51.88155591440646
526 80.78446909028582
527 71.60082801426282
528 60.34752624201576
529 99.56861209312976
530 96.96415222328788
531 55.87493350563758
532 81.85255434674882
533 85.197699355284
534 66.43924875489901
535 82.81162028868283
536 94.86290350984903
537 95.54539926343696
538 75.48321682718745
539 78.14750182451903
540 111.48139316220508
541 57.98393782764097
542 52.20260848795709
543 77.18267925865874
544 63.074013278025596
545 52.705605276443556
546 30.998373818346373
547 46.272093967486995
548 55.6038195990518
549 38.401091369967006
550 52.85028907300447
551 45.74843087764227
552 69.08987290067807
553 54.97971622784855
554 52.246826381475245
555 30.35646748827888
556 51.29518999280939
557 62.062486101412745
558 13.747532664624316
559 59.15103391905992
560 56.567616939460336
561 55.87493350563758
562 78.41785503699163
563 44.786056223166064
564 66.43924875489901
565 67.98010531700768
566 62.54572829991121
567 66.27639379880009
568 62.73666028053684
569 68.76991134402448
570 53.59254842777977
571 69.88711304341626
572 78.67359103112443
573 76.52563336377753
574 87.04905228118818
575 106.76507436568336
576 55.13496321787635
577 56.698258399801944
578 104.70706548390834
579 89.79710858156484
580 117.9403372835932
581 93.84408990722196
582 93.63812956037845
583 109.63980173214732
584 126.40394638737597
585 50.51515085066321
586 64.29345897154113
587 49.3902588466513
588 114.7860570125534
589 96.22868116120372
590 52.14315796775133
591 43.593841247566125
592 79.87518078218774
593 90.46362960252935
594 94.05257777133262
595 96.79806299688394
596 77.35086250162601
597 75.87928571253528
598 121.94321981059971
599 132.38744394766567
600 86.98032059118768
601 57.98393782764097
602 52.20260848795709
603 76.52563336377753
604 63.074013278025596
605 52.705605276443556
606 30.998373818346373
607 46.272093967486995
608 55.6038195990518
609 38.401091369967006
610 52.85028907300447
611 45.74843087764227
612 69.08987290067807
613 54.97971622784855
614 52.246826381475245
615 30.35646748827888
616 51.29518999280939
617 49.3902588466513
618 13.747532664624316
619 59.15103391905992
620 52.14315796775133
621 43.593841247566125
622 78.41785503699163
623 44.786056223166064
624 66.43924875489901
625 67.98010531700768
626 62.54572829991121
627 66.27639379880009
628 62.73666028053684
629 68.76991134402448
630 53.59254842777977
631 61.856979842126734
632 70.82627975495942
633 59.022794863653885
634 88.16946082332618
635 96.08333534506161
636 96.85691718764016
637 103.17995701149297
638 74.61278178266159
639 92.53326269178355
640 56.37902778978644
641 37.87803526298859
642 86.35188554128914
643 105.32821261808829
644 87.0748732342926
645 112.40219882117596
646 143.14644720529915
647 91.96006684990915
648 51.392590147139515
649 58.090154781615084
650 64.90177221763507
651 71.45381355886406
652 59.01841456046701
653 69.62320402376236
654 43.15524917817739
655 106.74868147286787
656 70.88840880694814
657 67.54416012491004
658 46.864641291814806
659 88.48375163790564
660 67.8133272073737
661 57.98393782764097
662 52.20260848795709
663 59.022794863653885
664 63.074013278025596
665 52.705605276443556
666 30.998373818346373
667 46.272093967486995
668 55.6038195990518
669 38.401091369967006
670 52.85028907300447
671 37.87803526298859
672 69.08987290067807
673 54.97971622784855
674 52.246826381475245
675 30.35646748827888
676 51.29518999280939
677 49.3902588466513
678 13.747532664624316
679 58.090154781615084
680 52.14315796775133
681 43.593841247566125
682 59.01841456046701
683 44.786056223166064
684 43.15524917817739
685 67.98010531700768
686 62.54572829991121
687 66.27639379880009
688 46.864641291814806
689 68.76991134402448
690 53.59254842777977
691 117.8669935332186
692 60.43028627307377
693 49.14596108058055
694 61.88156077181129
695 55.05833126211927
696 86.71466634975064
697 105.63705801911391
698 54.60060946236099
699 77.2916030629402
700 86.74329057196886
701 86.74745585822814
702 63.30204325392248
703 55.13798613234926
704 51.25612097933303
705 103.73156558822532
706 94.14112005779283
707 66.92773496935162
708 67.19176117508322
709 61.33871781087904
710 22.870747344426405
711 67.37597478666899
712 77.8649526423275
713 89.23327479361352
714 86.87835450062995
715 65.03401691398471
716 57.220925248708596
717 123.71470594222825
718 96.04765580989198
719 65.1451058083365
720 99.0092487900401
721 57.98393782764097
722 52.20260848795709
723 49.14596108058055
724 61.88156077181129
725 52.705605276443556
726 30.998373818346373
727 46.272093967486995
728 54.60060946236099
729 38.401091369967006
730 52.85028907300447
731 37.87803526298859
732 63.30204325392248
733 54.97971622784855
734 51.25612097933303
735 30.35646748827888
736 51.29518999280939
737 49.3902588466513
738 13.747532664624316
739 58.090154781615084
740 22.870747344426405
741 43.593841247566125
742 59.01841456046701
743 44.786056223166064
744 43.15524917817739
745 65.03401691398471
746 57.220925248708596
747 66.27639379880009
748 46.864641291814806
749 65.1451058083365
750 53.59254842777977
751 76.20867813873897
752 101.59152058623602
753 71.78943608283987
754 80.64070899733716
755 58.32360302557476
756 92.23675649686267
757 83.68962366751491
758 66.3447182788567
759 104.1644784554476
760 76.38779541931419
761 43.49173882193664
762 83.59924788850202
763 67.5853295412424
764 63.826295500942926
765 44.855740175579186
766 80.48825983551941
767 82.12573496151428
768 79.07119277372135
769 91.58680607687434
770 26.265239652087104
771 113.08777460958643
772 82.69106647260045
773 60.704620202079525
774 47.03276434194814
775 89.81971270747466
776 69.9576753007654
777 104.39777371516728
778 64.41843479418877
779 73.51648702503525
780 92.66272352418284
781 57.98393782764097
782 52.20260848795709
783 49.14596108058055
784 61.88156077181129
785 52.705605276443556
786 30.998373818346373
787 46.272093967486995
788 54.60060946236099
789 38.401091369967006
790 52.85028907300447
791 37.87803526298859
792 63.30204325392248
793 54.97971622784855
794 51.25612097933303
795 30.35646748827888
796 51.29518999280939
797 49.3902588466513
798 13.747532664624316
799 58.090154781615084
800 22.870747344426405
801 43.593841247566125
802 59.01841456046701
803 44.786056223166064
804 43.15524917817739
805 65.03401691398471
806 57.220925248708596
807 66.27639379880009
808 46.864641291814806
809 65.1451058083365
810 53.59254842777977
811 54.53537978193711
812 98.049691719491
813 80.58416280415958
814 93.63232638995402
815 77.76508497498284
816 58.18235792539198
817 97.38681910951296
818 74.23610016010649
819 73.82982857491845
820 93.35153253289954
821 112.37834024390213
822 86.94248723728005
823 56.4637164384141
824 99.29752201226296
825 122.01090033052697
826 96.05803933549895
827 77.54168985019811
828 117.38256330647854
829 79.30200482394751
830 88.41511082284073
831 93.4866386383259
832 69.15637186526025
833 128.66651480314812
834 82.226658939565
835 89.89171856982816
836 77.75469275988249
837 85.12661307989177
838 80.95105315111452
839 94.96652767593599
840 113.98749406000047
841 54.53537978193711
842 52.20260848795709
843 49.14596108058055
844 61.88156077181129
845 52.705605276443556
846 30.998373818346373
847 46.272093967486995
848 54.60060946236099
849 38.401091369967006
850 52.85028907300447
851 37.87803526298859
852 63.30204325392248
853 54.97971622784855
854 51.25612097933303
855 30.35646748827888
856 51.29518999280939
857 49.3902588466513
858 13.747532664624316
859 58.090154781615084
860 22.870747344426405
861 43.593841247566125
862 59.01841456046701
863 44.786056223166064
864 43.15524917817739
865 65.03401691398471
866 57.220925248708596
867 66.27639379880009
868 46.864641291814806
869 65.1451058083365
870 53.59254842777977
871 70.17789462991118
872 110.67700890938386
873 79.19642944294569
874 109.05495671565006
875 86.36780995492474
876 74.87192339184469
877 89.73252791924315
878 74.3963059476614
879 80.55025264411505
880 57.17016436058017
881 67.86686070511729
882 81.04968260225971
883 68.13575202241108
884 30.681881278363015
885 75.80663532879846
886 99.38559418206668
887 87.52062421514124
888 96.47487567611782
889 81.07787946606291
890 74.05720394909685
891 76.32695951823105
892 82.22423722673122
893 83.74389023654808
894 102.29973323586846
895 65.09033088589928
896 80.58119977603678
897 114.30828646585742
898 88.71349954162895
899 77.45040240470388
900 57.80246656986215
901 54.53537978193711
902 52.20260848795709
903 49.14596108058055
904 61.88156077181129
905 52.705605276443556
906 30.998373818346373
907 46.272093967486995
908 54.60060946236099
909 38.401091369967006
910 52.85028907300447
911 37.87803526298859
912 63.30204325392248
913 54.97971622784855
914 30.681881278363015
915 30.35646748827888
916 51.29518999280939
917 49.3902588466513
918 13.747532664624316
919 58.090154781615084
920 22.870747344426405
921 43.593841247566125
922 59.01841456046701
923 44.786056223166064
924 43.15524917817739
925 65.03401691398471
926 57.220925248708596
927 66.27639379880009
928 46.864641291814806
929 65.1451058083365
930 53.59254842777977
931 62.976339042404774
932 114.11930176615678
933 91.6761850197371
934 95.62924612946455
935 90.32023044087063
936 90.54120232433975
937 79.55140492036605
938 90.0735274062999
939 120.8707154958152
940 130.4534018732897
941 65.54394941479451
942 76.9686666981448
943 78.16710762085694
944 84.55334795748841
945 67.20939138431095
946 102.75205379929375
947 64.96248746550089
948 64.5248817642447
949 102.71565515028156
950 68.28448839982502
951 51.06324867338766
952 93.01392718365716
953 129.6080903405114
954 86.72740640461409
955 110.91750306075438
956 82.06990915423827
957 120.18984786764332
958 37.87338573406818
959 41.39045499366248
960 62.439829261194845
961 54.53537978193711
962 52.20260848795709
963 49.14596108058055
964 61.88156077181129
965 52.705605276443556
966 30.998373818346373
967 46.272093967486995
968 54.60060946236099
969 38.401091369967006
970 52.85028907300447
971 37.87803526298859
972 63.30204325392248
973 54.97971622784855
974 30.681881278363015
975 30.35646748827888
976 51.29518999280939
977 49.3902588466513
978 13.747532664624316
979 58.090154781615084
980 22.870747344426405
981 43.593841247566125
982 59.01841456046701
983 44.786056223166064
984 43.15524917817739
985 65.03401691398471
986 57.220925248708596
987 66.27639379880009
988 37.87338573406818
989 41.39045499366248
990 53.59254842777977
evaluations raw_y
1 94.86692638994117
2 105.68671904735146
3 96.38141472113448
4 106.0451322035837
5 119.1073206284561
6 80.69820221279912
7 100.07452356707847
8 68.64980450587097
9 54.583596876538714
10 56.353737829409404
11 60.560881101209645
12 74.34713728883088
13 49.47671147658221
14 91.13370825637762
15 91.06930410926797
16 117.4464779206922
17 123.3641709394639
18 115.52568031508356
19 85.10858502415599
20 56.74446579594777
21 94.92559597121246
22 79.584613323501
23 85.91269820738822
24 82.85769554001523
25 128.89816547876612
26 133.43371249015837
27 90.63129094380722
28 96.24501543232768
29 69.24539155973021
30 131.5024126325029
31 115.47025942994829
32 93.20363396715553
33 112.9521021280921
34 51.33513740800751
35 121.10112033203252
36 89.37862091289229
37 103.55679058959791
38 89.61916360040958
39 105.67977439479746
40 93.30743268476702
41 63.426807303956686
42 108.11528185865068
43 104.3237259113304
44 106.79043034537851
45 116.19246357399734
46 115.96719056936944
47 95.61158941820634
48 131.5884229920391
49 84.62875127984162
50 87.71082378983726
51 66.37991686396037
52 96.58237197160145
53 116.17975857766244
54 74.10246081641563
55 65.35528109656835
56 75.9636736436842
57 74.67010214854939
58 108.6160096663753
59 64.45532760310859
60 140.44692089628765
61 94.86692638994117
62 93.20363396715553
63 96.38141472113448
64 51.33513740800751
65 119.1073206284561
66 80.69820221279912
67 100.07452356707847
68 68.64980450587097
69 54.583596876538714
70 56.353737829409404
71 60.560881101209645
72 74.34713728883088
73 49.47671147658221
74 91.13370825637762
75 91.06930410926797
76 115.96719056936944
77 95.61158941820634
78 115.52568031508356
79 84.62875127984162
80 56.74446579594777
81 66.37991686396037
82 79.584613323501
83 85.91269820738822
84 74.10246081641563
85 65.35528109656835
86 75.9636736436842
87 74.67010214854939
88 96.24501543232768
89 64.45532760310859
90 131.5024126325029
91 89.23836078928151
92 114.07645969794066
93 116.71801842507104
94 85.04195788916991
95 79.95521747596683
96 87.17088046209555
97 42.375608317415846
98 148.8946625740427
99 82.80133394760901
100 65.19868621024135
101 73.11149502834627
102 106.5844166898124
103 46.674258058097585
104 88.68705001951696
105 121.49960557320867
106 134.1164068997444
107 88.41084294858447
108 88.37180755514942
109 116.57834249265518
110 82.05946853123876
111 111.21534741901363
112 87.64978989012504
113 65.94470101178985
114 65.23191920565097
115 59.06722599759203
116 129.57669807001986
117 104.64002304568055
118 91.06863175753728
119 98.23177395126694
120 98.88168928129953
121 89.23836078928151
122 93.20363396715553
123 96.38141472113448
124 51.33513740800751
125 79.95521747596683
126 80.69820221279912
127 42.375608317415846
128 68.64980450587097
129 54.583596876538714
130 56.353737829409404
131 60.560881101209645
132 74.34713728883088
133 46.674258058097585
134 88.68705001951696
135 91.06930410926797
136 115.96719056936944
137 88.41084294858447
138 88.37180755514942
139 84.62875127984162
140 56.74446579594777
141 66.37991686396037
142 79.584613323501
143 65.94470101178985
144 65.23191920565097
145 59.06722599759203
146 75.9636736436842
147 74.67010214854939
148 91.06863175753728
149 64.45532760310859
150 98.88168928129953
151 43.53156270403691
152 113.37374797138145
153 96.58518111272933
154 76.9127818036217
155 123.63116545687564
156 101.1145466530779
157 81.27176635718183
158 76.686945800795
159 121.50299011568183
160 99.23784998011809
161 92.12546574240157
162 115.96157709551123
163 86.46520747918204
164 89.36931192183388
165 92.59452309503409
166 94.45537533386337
167 94.00690065843187
168 54.658379349460894
169 78.00268850541232
170 94.843795023166
171 103.23407217151234
172 77.51798608822992
173 76.6374286138666
174 115.66645807585003
175 98.09744753731172
176 93.2250811819089
177 64.65555686523223
178 80.16739877027246
179 78.47111146348985
180 81.90218187694325
181 43.53156270403691
182 93.20363396715553
183 96.38141472113448
184 51.33513740800751
185 79.95521747596683
186 80.69820221279912
187 42.375608317415846
188 68.64980450587097
189 54.583596876538714
190 56.353737829409404
191 60.560881101209645
192 74.34713728883088
193 46.674258058097585
194 88.68705001951696
195 91.06930410926797
196 94.45537533386337
197 88.41084294858447
198 54.658379349460894
199 78.00268850541232
200 56.74446579594777
201 66.37991686396037
202 77.51798608822992
203 65.94470101178985
204 65.23191920565097
205 59.06722599759203
206 75.9636736436842
207 64.65555686523223
208 80.16739877027246
209 64.45532760310859
210 81.90218187694325
211 94.15335567570693
212 53.771816044745506
213 105.49549629837944
214 132.1702338472893
215 63.93411128181047
216 109.68931158543715
217 76.15501485484945
218 91.69127118188834
219 88.65063215512052
220 118.6829754938111
221 74.915990093613
222 106.30276687129277
223 83.05656303848136
224 63.30691641785978
225 87.83951162924157
226 55.573296462555994
227 75.90535664440196
228 50.247057785579976
229 95.83836602315526
230 54.835826327857475
231 96.42173367390353
232 85.39772904586084
233 43.58108053903197
234 77.75920495528183
235 96.80441267194702
236 97.95500534053532
237 110.700273409152
238 101.5337961569503
239 60.840683139489926
240 71.89883494985371
241 43.53156270403691
242 53.771816044745506
243 96.38141472113448
244 51.33513740800751
245 63.93411128181047
246 80.69820221279912
247 42.375608317415846
248 68.64980450587097
249 54.583596876538714
250 56.353737829409404
251 60.560881101209645
252 74.34713728883088
253 46.674258058097585
254 63.30691641785978
255 87.83951162924157
256 55.573296462555994
257 75.90535664440196
258 50.247057785579976
259 78.00268850541232
260 54.835826327857475
261 66.37991686396037
262 77.51798608822992
263 43.58108053903197
264 65.23191920565097
265 59.06722599759203
266 75.9636736436842
267 64.65555686523223
268 80.16739877027246
269 60.840683139489926
270 71.89883494985371
271 76.78772592092231
272 80.04424038355339
273 40.72929812820762
274 114.36498565896112
275 97.44161828178655
276 102.99765793330747
277 82.91155754265435
278 74.5644043454052
279 35.46233277715347
280 88.41274435823442
281 96.77353924628237
282 56.55298754756134
283 74.6254955703161
284 78.65322223948175
285 96.92426615485601
286 83.69099443329921
287 94.63513704915238
288 101.65868680568428
289 70.71275268791817
290 88.55224652262238
291 62.261106831743135
292 75.45823976494752
293 89.75202462782359
294 114.84433194147765
295 112.2056723970163
296 78.43653383089836
297 78.02108216204134
298 76.39834680227123
299 70.55681064698405
300 37.26864118967524
301 43.53156270403691
302 53.771816044745506
303 40.72929812820762
304 51.33513740800751
305 63.93411128181047
306 80.69820221279912
307 42.375608317415846
308 68.64980450587097
309 35.46233277715347
310 56.353737829409404
311 60.560881101209645
312 56.55298754756134
313 46.674258058097585
314 63.30691641785978
315 87.83951162924157
316 55.573296462555994
317 75.90535664440196
318 50.247057785579976
319 70.71275268791817
320 54.835826327857475
321 62.261106831743135
322 75.45823976494752
323 43.58108053903197
324 65.23191920565097
325 59.06722599759203
326 75.9636736436842
327 64.65555686523223
328 76.39834680227123
329 60.840683139489926
330 37.26864118967524
331 60.07107205952022
332 106.4519567906379
333 126.24854384128832
334 72.89823615449198
335 70.32960946624327
336 107.71150574883777
337 41.455378259537596
338 113.00375581553821
339 65.04522208470351
340 47.5388436696307
341 90.11989968303703
342 68.07252119979387
343 58.15994525398628
344 110.24097825530735
345 66.33418987232044
346 73.249150351216
347 71.15488713143475
348 64.51550719096045
349 69.00635082162214
350 65.81030146093126
351 89.54060438752843
352 85.63913613623026
353 92.20103262249644
354 110.87968753903243
355 59.41442355762966
356 101.91145772014278
357 73.7851054697861
358 98.62417209920335
359 90.92558401345283
360 55.54353743195297
361 43.53156270403691
362 53.771816044745506
363 40.72929812820762
364 51.33513740800751
365 63.93411128181047
366 80.69820221279912
367 41.455378259537596
368 68.64980450587097
369 35.46233277715347
370 47.5388436696307
371 60.560881101209645
372 56.55298754756134
373 46.674258058097585
374 63.30691641785978
375 66.33418987232044
376 55.573296462555994
377 71.15488713143475
378 50.247057785579976
379 69.00635082162214
380 54.835826327857475
381 62.261106831743135
382 75.45823976494752
383 43.58108053903197
384 65.23191920565097
385 59.06722599759203
386 75.9636736436842
387 64.65555686523223
388 76.39834680227123
389 60.840683139489926
390 37.26864118967524
391 86.67356849615294
392 79.7585110975695
393 89.31447531182408
394 80.52594388718168
395 98.44404154165328
396 106.1721628629617
397 85.58666676403412
398 80.30045200242077
399 79.09376563559016
400 64.53513254774533
401 54.213253126849324
402 98.07091264237975
403 96.05322436261746
404 40.412343727930875
405 77.66109595857112
406 89.29869609136838
407 117.82566511990271
408 100.51281998749735
409 68.95867865485387
410 99.52407205203428
411 78.70104497885367
412 132.61682554496787
413 71.40617617432093
414 90.72137862934696
415 68.430475120383
416 87.32732336399606
417 96.2246771644662
418 87.40031179510987
419 108.21472767101707
420 83.84690193553749
421 43.53156270403691
422 53.771816044745506
423 40.72929812820762
424 51.33513740800751
425 63.93411128181047
426 80.69820221279912
427 41.455378259537596
428 68.64980450587097
429 35.46233277715347
430 47.5388436696307
431 54.213253126849324
432 56.55298754756134
433 46.674258058097585
434 40.412343727930875
435 66.33418987232044
436 55.573296462555994
437 71.15488713143475
438 50.247057785579976
439 68.95867865485387
440 54.835826327857475
441 62.261106831743135
442 75.45823976494752
443 43.58108053903197
444 65.23191920565097
445 59.06722599759203
446 75.9636736436842
447 64.65555686523223
448 76.39834680227123
449 60.840683139489926
450 37.26864118967524
451 64.89744136396284
452 81.77378038816241
453 107.41932991755932
454 44.67588817251724
455 89.97572240406313
456 64.64828945160988
457 100.55799815508973
458 105.39354651267638
459 46.66960067430206
460 59.72634028973073
461 98.82160820199724
462 57.21001700010112
463 85.21607244965313
464 85.79763254459375
465 68.14556270792119
466 53.31990218059381
467 100.67163459890426
468 74.00974294676232
469 96.50178985632948
470 54.02947856262368
471 91.90779627313373
472 99.93456490288285
473 42.18692366328427
474 103.54196410560388
475 90.89061698171076
476 59.34104753155789
477 69.16878165033764
478 53.74584622343754
479 69.05255975869522
480 88.7055084655986
481 43.53156270403691
482 53.771816044745506
483 40.72929812820762
484 44.67588817251724
485 63.93411128181047
486 64.64828945160988
487 41.455378259537596
488 68.64980450587097
489 35.46233277715347
490 47.5388436696307
491 54.213253126849324
492 56.55298754756134
493 46.674258058097585
494 40.412343727930875
495 66.33418987232044
496 53.31990218059381
497 71.15488713143475
498 50.247057785579976
499 68.95867865485387
500 54.02947856262368
501 62.261106831743135
502 75.45823976494752
503 42.18692366328427
504 65.23191920565097
505 59.06722599759203
506 59.34104753155789
507 64.65555686523223
508 53.74584622343754
509 60.840683139489926
510 37.26864118967524
511 108.7303564110314
512 85.3847551019272
513 134.74841582538374
514 84.03264709280458
515 98.85630716755355
516 80.17815804084873
517 86.57622511069769
518 119.90356433610881
519 90.56377095297437
520 53.84000238296824
521 72.79969676845123
522 95.47137306938914
523 61.45646682675181
524 98.26463298226912
525 70.42809392610975
526 116.00395741377626
527 89.25663423993689
528 99.07266130835364
529 69.28357595924167
530 63.835267008582015
531 102.53165860766748
532 80.38354048690205
533 81.23331912996886
534 70.16268151666027
535 37.44950083113959
536 50.80754111535276
537 100.65621406881793
538 81.75747136439072
539 91.18886047289776
540 102.99684560251517
541 43.53156270403691
542 53.771816044745506
543 40.72929812820762
544 44.67588817251724
545 63.93411128181047
546 64.64828945160988
547 41.455378259537596
548 68.64980450587097
549 35.46233277715347
550 47.5388436696307
551 54.213253126849324
552 56.55298754756134
553 46.674258058097585
554 40.412343727930875
555 66.33418987232044
556 53.31990218059381
557 71.15488713143475
558 50.247057785579976
559 68.95867865485387
560 54.02947856262368
561 62.261106831743135
562 75.45823976494752
563 42.18692366328427
564 65.23191920565097
565 37.44950083113959
566 50.80754111535276
567 64.65555686523223
568 53.74584622343754
569 60.840683139489926
570 37.26864118967524
571 53.05545078940739
572 101.84828860097285
573 101.55747102876609
574 60.70684809424927
575 48.632190136137666
576 79.35054608986769
577 61.077930220752044
578 124.30942339102953
579 64.32003115161135
580 67.81359146211975
581 76.59533866449794
582 45.32942883214788
583 65.06733109599425
584 73.26700500949966
585 77.415879351148
586 76.54713621460868
587 60.30269823917521
588 82.8829288971821
589 86.97906504197738
590 58.50857934156187
591 94.2961280178455
592 84.56077904833973
593 114.60363048614778
594 81.03473981525491
595 84.60116556300756
596 87.38387666563722
597 65.79168460277592
598 84.2529058121336
599 48.77337956173176
600 104.8677777940311
601 43.53156270403691
602 53.771816044745506
603 40.72929812820762
604 44.67588817251724
605 48.632190136137666
606 64.64828945160988
607 41.455378259537596
608 68.64980450587097
609 35.46233277715347
610 47.5388436696307
611 54.213253126849324
612 45.32942883214788
613 46.674258058097585
614 40.412343727930875
615 66.33418987232044
616 53.31990218059381
617 60.30269823917521
618 50.247057785579976
619 68.95867865485387
620 54.02947856262368
621 62.261106831743135
622 75.45823976494752
623 42.18692366328427
624 65.23191920565097
625 37.44950083113959
626 50.80754111535276
627 64.65555686523223
628 53.74584622343754
629 48.77337956173176
630 37.26864118967524
631 27.21256676771766
632 66.44340242903203
633 100.86187135115283
634 78.98334327664172
635 77.29175107289184
636 94.6059708067331
637 86.11968314019217
638 104.23136112310156
639 40.31071118967415
640 66.50644626738372
641 67.00563964231034
642 120.18402375436999
643 93.34970652852402
644 63.67803046916393
645 94.66163173922791
646 54.831198967403715
647 79.0880959820416
648 81.59914430667557
649 86.3720642149647
650 97.18179664197338
651 98.14882051433845
652 58.67958048886042
653 79.37169979606175
654 66.3921355705868
655 66.29875232588114
656 51.273419035835715
657 19.125389262318066
658 68.04128354958402
659 27.38911906390094
660 97.67132179196125
661 27.21256676771766
662 53.771816044745506
663 40.72929812820762
664 44.67588817251724
665 48.632190136137666
666 64.64828945160988
667 41.455378259537596
668 68.64980450587097
669 35.46233277715347
670 47.5388436696307
671 54.213253126849324
672 45.32942883214788
673 46.674258058097585
674 40.412343727930875
675 66.33418987232044
676 53.31990218059381
677 60.30269823917521
678 50.247057785579976
679 68.95867865485387
680 54.02947856262368
681 62.261106831743135
682 58.67958048886042
683 42.18692366328427
684 65.23191920565097
685 37.44950083113959
686 50.80754111535276
687 19.125389262318066
688 53.74584622343754
689 27.38911906390094
690 37.26864118967524
691 64.79482461488905
692 102.59524371380859
693 111.2603448967549
694 72.09239310328904
695 108.05988494599544
696 63.318578612964316
697 81.09644297116722
698 81.72438702653301
699 83.39915421116841
700 102.08944851854785
701 60.85186268371146
702 85.77853760963049
703 52.04534116510599
704 87.87576920424195
705 112.56047262529935
706 97.02766674139662
707 52.866155233052616
708 78.55632880781906
709 80.31689538215466
710 84.73264780073788
711 60.033314725364335
712 71.63083201942084
713 124.47512197706925
714 80.82934510776066
715 57.359490370326874
716 73.49608973461801
717 46.87348965055803
718 40.40350571818219
719 91.03143819714228
720 32.77397469026261
721 27.21256676771766
722 53.771816044745506
723 40.72929812820762
724 44.67588817251724
725 48.632190136137666
726 63.318578612964316
727 41.455378259537596
728 68.64980450587097
729 35.46233277715347
730 47.5388436696307
731 54.213253126849324
732 45.32942883214788
733 46.674258058097585
734 40.412343727930875
735 66.33418987232044
736 53.31990218059381
737 52.866155233052616
738 50.247057785579976
739 68.95867865485387
740 54.02947856262368
741 60.033314725364335
742 58.67958048886042
743 42.18692366328427
744 65.23191920565097
745 37.44950083113959
746 50.80754111535276
747 19.125389262318066
748 40.40350571818219
749 27.38911906390094
750 32.77397469026261
751 88.67944891031672
752 59.92995767036461
753 66.44501275372073
754 99.65966051199399
755 76.68689814955539
756 58.12022358091262
757 53.784295013719806
758 73.5734677319359
759 66.25966032119754
760 98.59323767352772
761 96.28057087073157
762 52.91963287539607
763 62.61236838881889
764 52.77155892600565
765 65.40880559470743
766 74.59268087149123
767 66.53054899026259
768 77.28007502543284
769 65.70260336990664
770 85.17456396081413
771 81.82196062565596
772 92.84909980774333
773 40.75990932229274
774 68.34870729248601
775 82.56294839898592
776 110.55295786873461
777 68.65088722819482
778 40.87578598268261
779 55.41924031063832
780 83.97578775775096
781 27.21256676771766
782 53.771816044745506
783 40.72929812820762
784 44.67588817251724
785 48.632190136137666
786 58.12022358091262
787 41.455378259537596
788 68.64980450587097
789 35.46233277715347
790 47.5388436696307
791 54.213253126849324
792 45.32942883214788
793 46.674258058097585
794 40.412343727930875
795 65.40880559470743
796 53.31990218059381
797 52.866155233052616
798 50.247057785579976
799 65.70260336990664
800 54.02947856262368
801 60.033314725364335
802 58.67958048886042
803 40.75990932229274
804 65.23191920565097
805 37.44950083113959
806 50.80754111535276
807 19.125389262318066
808 40.40350571818219
809 27.38911906390094
810 32.77397469026261
811 64.49223152822084
812 78.79313221069141
813 79.78530698933027
814 98.77906184919108
815 67.28527599191962
816 27.695886987470328
817 101.99146687215615
818 73.74915661442327
819 72.72972844482437
820 72.55723136553249
821 101.09926867448445
822 104.72076067919251
823 77.80430740200566
824 67.5084494835994
825 104.27461867882627
826 102.04507811905084
827 56.24812449107267
828 84.08848737994748
829 76.78008835954049
830 76.47633184001681
831 57.3868530954675
832 74.75353817748424
833 83.77285414347631
834 73.6542752380948
835 92.84865509694777
836 110.24832400909654
837 90.17343780465677
838 88.39143656702856
839 119.4428060807675
840 80.37722237836824
841 27.21256676771766
842 53.771816044745506
843 40.72929812820762
844 44.67588817251724
845 48.632190136137666
846 27.695886987470328
847 41.455378259537596
848 68.64980450587097
849 35.46233277715347
850 47.5388436696307
851 54.213253126849324
852 45.32942883214788
853 46.674258058097585
854 40.412343727930875
855 65.40880559470743
856 53.31990218059381
857 52.866155233052616
858 50.247057785579976
859 65.70260336990664
860 54.02947856262368
861 57.3868530954675
862 58.67958048886042
863 40.75990932229274
864 65.23191920565097
865 37.44950083113959
866 50.80754111535276
867 19.125389262318066
868 40.40350571818219
869 27.38911906390094
870 32.77397469026261
871 43.46990742854218
872 43.00431604389754
873 111.13016409882863
874 95.49506151688723
875 59.771584325947586
876 109.51307068561076
877 82.79619569087029
878 82.37610872706507
879 107.5989021968944
880 80.394207167842
881 79.07214111116164
882 64.5798777792606
883 83.14488203191446
884 113.17006862378739
885 74.70614917231552
886 54.834024041791146
887 79.56602355718323
888 65.52851508400886
889 82.3462641896069
890 81.51773948208748
891 38.102876144733436
892 58.548039037130465
893 80.93432633744783
894 89.43020032738487
895 78.06109369646708
896 103.38656745666796
897 59.80166282830446
898 74.95868364536538
899 64.24792556849918
900 52.83685316698867
901 27.21256676771766
902 43.00431604389754
903 40.72929812820762
904 44.67588817251724
905 48.632190136137666
906 27.695886987470328
907 41.455378259537596
908 68.64980450587097
909 35.46233277715347
910 47.5388436696307
911 54.213253126849324
912 45.32942883214788
913 46.674258058097585
914 40.412343727930875
915 65.40880559470743
916 53.31990218059381
917 52.866155233052616
918 50.247057785579976
919 65.70260336990664
920 54.02947856262368
921 38.102876144733436
922 58.548039037130465
923 40.75990932229274
924 65.23191920565097
925 37.44950083113959
926 50.80754111535276
927 19.125389262318066
928 40.40350571818219
929 27.38911906390094
930 32.77397469026261
931 74.44782118965999
932 90.15638037586396
933 99.4329007402539
934 90.92544866311053
935 32.1110897670633
936 89.37068051000364
937 107.0895989226656
938 110.58586189182307
939 18.28893239146408
940 50.66694906958085
941 72.83798293874216
942 62.23870213416352
943 54.163743373394574
944 83.93193928672969
945 59.22156880179917
946 70.15614502357474
947 51.049080925246955
948 117.66501990180747
949 92.13438183481082
950 85.28060789073848
951 101.2823691010188
952 65.7163119951484
953 79.57645614099073
954 84.87526401677039
955 73.57430862106496
956 20.516174721706538
957 49.50492961012448
958 108.23483551323542
959 52.60205131371027
960 83.6133169463447
961 27.21256676771766
962 43.00431604389754
963 40.72929812820762
964 44.67588817251724
965 32.1110897670633
966 27.695886987470328
967 41.455378259537596
968 68.64980450587097
969 18.28893239146408
970 47.5388436696307
971 54.213253126849324
972 45.32942883214788
973 46.674258058097585
974 40.412343727930875
975 59.22156880179917
976 53.31990218059381
977 51.049080925246955
978 50.247057785579976
979 65.70260336990664
980 54.02947856262368
981 38.102876144733436
982 58.548039037130465
983 40.75990932229274
984 65.23191920565097
985 37.44950083113959
986 20.516174721706538
987 19.125389262318066
988 40.40350571818219
989 27.38911906390094
990 32.77397469026261
