{
	"version": "0.3.14", 
	"suite": "unknown_suite", 
	"function_id": 8, 
	"function_name": "Rosenbrock", 
	"maximization": false, 
	"algorithm": {"name": "DE", "info": "algorithm_info"},
	"attributes": ["evaluations", "raw_y"],
	"scenarios": [
		{"dimension": 23,
		"path": "data_f8_Rosenbrock/IOHprofiler_f8_DIM23.dat",
		"runs": [
			{"instance": 0, "evals": 2301, "best": {"evals": 2158, "y": 11193.496969533182, "x": [-2.372845696779347, -2.371315346294319, 2.0815446103163504, 2.3405352931840917, -1.0943040327524045, 1.8281111254289233, -0.41056370233408856, -2.0177629206340075, 0.016595716856630305, -2.828593548788586, -1.8316378482221007, 1.4644428520131807, -1.959845553427769, 2.2878403854789013, -0.1550992020787645, 1.4460948928197228, -1.1156390090030497, 3.2283251007267597, -1.385257310365526, -1.7150228443782538, -1.6851680313437922, -0.21866987858824416, -2.932892175846591]}},
			{"instance": 0, "evals": 2301, "best": {"evals": 2066, "y": 19891.086986462262, "x": [-3.182907924380948, -3.9442512258158984, 1.1132869130544158, 1.668297178174071, -2.4704333096486737, 0.09255769348979137, 0.6289200488986783, -3.5277657200795756, -2.115733152385263, 0.3181637514412339, -2.3109318977913906, 3.62148809025499, -0.5971076010051257, 0.9779271725257557, -2.356316700709844, 0.5241063809728739, -3.860477689021642, 3.2205331083562108, 0.07291573736948487, -1.5138341592232347, -0.8914130190903096, 3.0658428234990396, 3.971506264709852]}},
			{"instance": 0, "evals": 2301, "best": {"evals": 2181, "y": 24991.398284758507, "x": [-1.4314082062318485, -0.9530517793954081, 2.5515173715753523, 0.9581516634636205, 0.5691385044187377, 2.641640471281934, -1.492315588925312, -1.5416192889566696, -2.0331774911966813, -3.4672454349610753, -3.715977642361634, -0.547668561853671, -4.426787720682449, 0.2597847382904779, 0.7960144201605701, -1.5485937576372253, -2.0926513428049405, -0.615359279839975, -4.047769818663828, 1.7108090490471104, 0.7137772099033177, -0.6494857543003423, 0.8266104258334803]}},
			{"instance": 0, "evals": 2301, "best": {"evals": 2287, "y": 18003.550987461236, "x": [-1.5129780669889281, -1.5493052746580585, 2.347114048235034, 2.706807534004759, -0.8931680963616204, 0.8714200200010254, -2.36018358607306, -0.2992434981694596, 0.5648257062603692, -0.8584281675936798, -4.711452008624585, 2.5573326289843106, -4.018870399550134, -0.11515897730920666, -1.980031752832868, -1.4301180972478351, -3.9383478450721916, -2.0521436583575916, 0.1194431928045957, 1.4943458999405577, -2.242426436481106, -1.9050313443460674, -1.2100053674169204]}},
			{"instance": 0, "evals": 2301, "best": {"evals": 790, "y": 13780.870369229888, "x": [-1.564772280737897, -3.103840527625396, 3.2932149739433236, 0.8270034196949341, 0.001556382025296843, 2.725274391300669, -2.600350363026644, -2.8310017400285465, -0.10056352356366016, -3.53518054912402, -2.203631012744758, 1.2799198733542418, -2.1643380057831525, 1.4894264703458, 0.3830787813682335, -1.7730104562063873, -1.8166888500853693, 0.659278506785804, -1.8386572282573101, -0.41423203372704975, -0.8434340186375882, 2.615430727242556, -3.389047960266905]}},
			{"instance": 0, "evals": 2301, "best": {"evals": 2298, "y": 12992.66298104319, "x": [-4.85427291254357, -3.2470921094606, 0.4574942287281569, 2.2207779617245706, -1.4090938741667314, 1.3815257653366606, -2.5396824157032976, -0.4430807212547334, 1.3185527016509444, -4.359778574671399, -2.6305983386609757, 3.4115211646798023, -2.1588068287291993, -0.07903706066675809, 0.2766482960060719, 1.7908324741196313, -4.023493033082041, 2.0422193024298525, -0.20078512933212944, 1.2308038310557952, 1.488047240003199, 1.4171125862888148, -4.352011573102484]}},
			{"instance": 0, "evals": 2301, "best": {"evals": 2298, "y": 13571.114610802188, "x": [-4.40696818104003, -4.572942522719482, 0.02034511968963293, 2.476083355477883, -0.03933309505967397, 0.4975277528854849, -4.119597622155526, -1.287990563890915, -1.6753022272382458, -1.5277870846755999, -0.5001460234481598, 2.8084388764827266, -3.1621256771316393, -0.9997905975935211, 1.0777624117635383, 2.4527262539071333, -2.962675011724631, 2.3391362342099384, 0.9909343067649828, -0.22449392868402113, -1.9174989910641749, 1.7432042035034594, 0.6388701367479785]}},
			{"instance": 0, "evals": 2301, "best": {"evals": 1882, "y": 15964.406346518368, "x": [-4.920356737283488, -3.455914794654787, 1.0608679301176789, -0.13567693917970114, 1.1333281606834829, 2.0555892527425046, -3.628299915189751, -2.6257488975424557, 1.2804414649566809, -3.379642838294045, -0.5362766053414307, 2.908203873441323, -2.799031743967201, 0.663937757343672, -0.8233442264735187, 1.7074070889047825, -4.628814328705253, 1.6016866760442066, -3.1623180015087415, 1.804509692488868, -0.5129441907916426, -0.9702460934499082, -2.00951415656483]}},
			{"instance": 0, "evals": 2301, "best": {"evals": 1668, "y": 23820.481657414693, "x": [-0.6168490205903112, -2.643515010685359, -0.10006741346187709, 1.185017420311491, -2.7438199752866748, 0.46195852944671767, 0.9154861116020125, -0.15732779561741705, -1.8616519134356713, -2.253060923407854, -2.2770879133155195, 1.6493267423181144, -3.8167736453224066, -1.4019800613178153, 0.9741988977270903, 2.3861469659372365, -2.982855849081515, 1.3420786267099758, -0.501287206986442, -2.792930536486929, -2.6373357453442945, 0.9289214563677819, -3.1657729082855255]}},
			{"instance": 0, "evals": 2301, "best": {"evals": 2072, "y": 21291.94344152449, "x": [-2.1928602899259317, -3.6836088288708884, 2.28938298183489, 1.3460780920109592, -3.210232888889244, 0.024461812564051222, 0.07631267951200127, -4.375217109251523, 2.939002946919916, -0.12104354268283457, -1.7843611801669643, -0.2970035271021816, -0.5428016142040313, 0.18906046923279507, -1.3942103599076083, 0.660949769239972, -4.0048365424349095, -0.512336424795254, -1.3207260158926195, -1.634655775276692, -1.5708157075773956, 1.6256396673336369, -4.622838142464127]}},
			{"instance": 0, "evals": 2301, "best": {"evals": 2276, "y": 19103.128335997484, "x": [-3.0443186660971517, -2.604242566105986, 0.8618179755593381, 3.9120606351151634, 0.025589320594759934, -0.9081380497944961, -1.6321805004905463, -1.9763802390162226, 2.0205986002998753, -2.6776596043633965, -1.5993106683273874, -0.019771180753643924, -2.918941733963721, -0.34206729960765725, 1.6473407366014978, -1.0180671311888254, -4.091145290492337, -1.7812591779900644, -0.3248952758445123, -0.6873346855100396, 0.7869996693681685, 2.3414979576659154, -0.8860465591729657]}},
			{"instance": 0, "evals": 2301, "best": {"evals": 2287, "y": 25046.89491342616, "x": [-1.699730427899903, -3.6514311443641723, 2.2200589757211624, 2.7827084170185077, -0.15347822029068459, 0.6307710767740411, -2.336493719935722, -2.9198823199222144, 1.4755489840158065, -1.3220125954251745, -2.975277823850343, 4.242048916361431, 0.34538820617330046, 2.4896935193433336, -0.13016080031781496, 1.818494319600176, -1.221012983073729, 0.5666845509539169, 0.14966986830765894, -1.7382183616866131, -1.662536955924904, 2.6786813704424253, -0.4799622065627389]}},
			{"instance": 0, "evals": 2301, "best": {"evals": 2293, "y": 7469.003503307429, "x": [-3.397078660900861, -3.6737042255571284, 0.5169544540405675, 0.4376131084009245, 1.0620929428583668, 2.2105628039427483, 0.16425158675545615, -0.2672074253322113, 1.2144013466331103, -1.6382624822256366, -4.613098934453404, 2.559449337018655, -2.931533385120918, 0.18814408996816, 0.8921511121438643, 1.161114894901746, -3.6498009131402704, -0.9657827568799231, -2.1245931147664203, 0.5860623974109735, -2.1100460078094114, 0.8611555002488659, -1.9152685622305092]}},
			{"instance": 0, "evals": 2301, "best": {"evals": 1980, "y": 18058.19847265008,