evaluations raw_y
1 3.618206920026508
2 2.0585601589215052
3 2.5637802438198736
4 2.005766643151696
5 1.7249666089474593
6 0.6768766573420486
7 -1.658678124431846
8 6.06530004762072
9 -0.741426131313209
10 -2.6351932391966093
11 -0.9687599752112899
12 -4.988920281184216
13 -0.7666055232840062
14 0.4292535290735852
15 1.2106954174025855
16 -5.304365586090942
17 -0.4553204534751586
18 0.2477286625181176
19 0.14905377174730958
20 -0.024440541640770887
21 -0.49018152402342186
22 0.9330955206058835
23 1.6685691619070275
24 3.055107638298318
25 4.698291990342854
26 -0.6415957541217734
27 -2.66014781483026
28 0.03208419849401951
29 3.7353139983542483
30 5.774753678063495
31 -5.306910560402955
32 -2.1506288530137976
33 -0.4894436495490607
34 -4.046535997923495
35 -5.5464418132699915
36 -0.8209318372881822
37 -1.8980139764294448
38 1.4884256228712127
39 3.717465007418739
40 0.23555098544410796
41 0.9057312197728667
42 -2.9039115769739565
43 2.2832825439854276
44 -2.2276496186358683
45 -1.0681619561462248
46 -6.697566182616653
47 -2.1410044962191845
48 -7.233938231007062
49 0.9420741555286123
50 -2.2500275809319414
51 -3.9051902026055454
52 0.22789913214175778
53 -0.8983695600275439
54 -5.459311154182507
55 -3.72127049081749
56 4.477951920052348
57 8.603806109304617
58 1.6849836038182473
59 1.40831177153031
60 -0.5796269048638371
61 -2.6115581509193166
62 -2.6669545268413546
63 2.302761439515952
64 0.9235277539195935
65 0.23964965463519777
66 0.6226995391188241
67 -1.6484360481166342
68 -1.107375113559097
69 -0.9706006451596854
70 -3.1433298627431294
71 -4.033217243289832
72 -5.341463309541603
73 -5.5126409221228
74 -1.8663177784281781
75 1.431019673773618
76 -6.725028519760793
77 -2.0684868171654327
78 -5.404226936450486
79 -0.6486694053106213
80 -3.997733819876381
81 -0.5271075232792819
82 -3.9469206397705032
83 1.7564520732532523
84 3.0002561026066012
85 1.5827954674448812
86 -7.308247174909796
87 -2.9197536785427363
88 0.015384998115505706
89 1.8304311148273498
90 -0.31054887961017574
91 -5.382884799060836
92 -4.554663485005101
93 -3.0164279969500853
94 -2.7884311054175743
95 -0.16175487403997088
96 -3.497511530930762
97 -0.799613771996894
98 1.1240966501006528
99 -4.688088807763115
100 -3.3821958941185923
101 -0.8420957040554652
102 4.724681029534627
103 1.6701534267107452
104 4.972793785808407
105 -0.9467815321885014
106 -2.389629646651485
107 -2.7942377512083825
108 -3.3909389907692518
109 -2.292967879033676
110 -4.74147815827002
111 -6.379507821580582
112 -1.8849743094153106
113 -1.4171000878199698
114 -1.1345153723921237
115 4.9285326106422644
116 -0.8459738175649114
117 4.071992089551722
118 -2.676070951859389
119 0.6885458354667032
120 -1.839057715878348
121 -3.644322176546173
122 -2.5726587819374362
123 -0.9758443683989126
124 0.9249631810216834
125 -0.6306270661479163
126 0.5903874490321585
127 -1.254623104207657
128 -4.677291221058159
129 -3.557379121282204
130 -2.862000139219916
131 -4.34103567018916
132 -5.410702432983237
133 -5.786103200139451
134 -1.61982393417029
135 1.5446715093304693
136 -6.602054576229737
137 -2.0977233263610016
138 -5.528756288986048
139 -1.5152328053708042
140 -4.025633976957232
141 -0.9815869506514868
142 -4.336599451381603
143 -2.6407347447261618
144 -1.3396511097727397
145 1.8047595393010345
146 -7.27575942165904
147 -5.9391763509285544
148 -0.6338568901490789
149 0.6320678111763257
150 0.049723857480802436
151 -1.4547824896975428
152 -5.176295651183347
153 -5.700616974289225
154 -4.068283592586097
155 -0.7225924501472386
156 -6.273016308145032
157 1.8403037069958936
158 0.028251263103784504
159 -3.4441619485280133
160 -2.4720004766475614
161 0.008477846160745676
162 -2.9053066400242766
163 3.6637311377051636
164 1.942859328971856
165 0.307417710247194
166 -5.554753268896018
167 -5.397556268208357
168 -5.952893336245116
169 1.5686232491671248
170 -3.913408461453056
171 -0.010758658898887347
172 -3.178102320304227
173 -2.928992400577787
174 -2.187441073860879
175 -2.4819261845175657
176 0.02784483278850104
177 -2.2141295112739323
178 -0.5121132284329863
179 -0.2901476808978947
180 -0.7148486267695712
181 -3.6073312567572104
182 -2.6273864122996993
183 -0.9936510116071873
184 0.959800376802367
185 -2.3898842719520337
186 0.7071973805616364
187 -2.7805778361131686
188 -5.611027266439033
189 -6.605124807150578
190 -2.6144176837993225
191 -4.145483608434691
192 -5.375108116458901
193 -5.788067988779349
194 -3.1833560146348834
195 0.5055707927281103
196 -6.66781003905846
197 -2.767929676644956
198 -5.517796847008398
199 -2.456618467079472
200 -4.0281179984512345
201 -0.8850498201278377
202 -4.691586133566345
203 -3.1718247297481525
204 -2.187036075876404
205 -0.16809511150195244
206 -7.446189156386956
207 -5.916767149226982
208 -2.216683985337219
209 -0.2865593302107446
210 -0.22345463281619074
211 -5.5228042144571035
212 -5.523202859338174
213 -6.641313469433097
214 -4.683489321264326
215 0.26394289163892454
216 -3.6842422950979747
217 -1.9336591576109152
218 -4.028953344796022
219 0.07528177956042238
220 -6.372734978633778
221 -2.599727147724037
222 2.380042471405645
223 -0.007221521928487496
224 -0.2836154822282625
225 4.292392771360013
226 -0.34406972938795133
227 -6.0297153313752645
228 -3.4253345001502082
229 -0.8476703839248392
230 -4.161434555514497
231 -1.2061800217272658
232 0.3713085533030272
233 -3.7317545804929084
234 -2.9397356816738265
235 -1.5078475801062035
236 -5.932928778825123
237 -1.58945575596304
238 -2.86985779746589
239 -2.770909382592975
240 -1.6552310488133581
241 -3.8444654475173445
242 -2.6990896478979183
243 -1.1342151195060513
244 1.0972559452738098
245 -2.7685357778269633
246 -0.11193522102234256
247 -3.9484531940305274
248 -6.220166745043523
249 -6.709064774620566
250 -6.716112218607101
251 -4.18237067002472
252 -5.3906227044574475
253 -5.852410776073353
254 -3.4046843409402974
255 0.39888440285560883
256 -2.9391695386428234
257 -3.7689471224627886
258 -5.45173877065311
259 -6.662851688876485
260 -3.8724094804151363
261 -1.3990638521542633
262 -4.499737607190182
263 -3.306013413199428
264 -5.913874100825376
265 -1.4885995046020155
266 -7.183678575215802
267 -5.8576982031719655
268 -1.9649622118329195
269 -2.8527497818476415
270 -2.91635494954374
271 -5.6180271426833555
272 -6.090027103667919
273 -5.372726264631422
274 -0.4719880491177203
275 -3.1202479855590255
276 -0.8721027996714019
277 -3.6083547649190155
278 -4.032544256315583
279 -4.181590259886049
280 -2.121358145536452
281 -3.3083715814510586
282 -0.11555968467994795
283 0.12579058572761462
284 3.3819487369114576
285 2.554372875301339
286 -5.05364520583584
287 -3.815328881339713
288 -3.776507635625098
289 -4.077171637546846
290 -3.6035907200299877
291 -2.2409049609379266
292 -1.8880169780145195
293 -3.119625362867753
294 -4.332215526730716
295 1.4136085156402538
296 -5.091040843266158
297 -2.1046666322240335
298 -3.3746138215033534
299 0.8479742496599096
300 -0.25081311295150127
301 -4.193006872074181
302 -3.2889031887339812
303 -1.0499030385493984
304 0.937606305604844
305 -2.7256049949735814
306 -0.12286467804414782
307 -3.9340122754091578
308 -6.350675870519476
309 -6.605110657576241
310 -6.621140199789192
311 -4.234079058677262
312 -5.4046552073286716
313 -5.6153423115024
314 -4.431846279247902
315 0.004997633213928731
316 -3.039137255690422
317 -3.7971220282908202
318 -5.529754618599129
319 -6.63147966692641
320 -3.815459554654044
321 -1.4760677934648256
322 -4.372669946670664
323 -4.019588488382989
324 -5.877406612266284
325 -1.6383608113909334
326 -7.391896557848212
327 -5.97000720245069
328 -3.2604508592654655
329 -2.6817227207272953
330 -5.128118092663306
331 -4.437631761770137
332 -4.676076769479736
333 -0.8474467860836127
334 -1.547814439593909
335 -3.1213031074931563
336 -2.334640162241685
337 -5.325760734034173
338 -4.325851560269548
339 -4.418112293317328
340 -2.800668916732099
341 1.1291859117346337
342 2.0443023558233056
343 -3.811642447053816
344 1.2681047769201366
345 0.3430964935699292
346 -3.7898102270046947
347 -6.563892682508574
348 -4.120943582991967
349 -6.1875929280378426
350 -4.27546209775601
351 -2.075419186799097
352 -1.5974798491340498
353 -0.6980892544938873
354 -1.0997372281564919
355 -1.7690370991851179
356 -4.129481591333968
357 -1.4135003178049927
358 -3.3780708368839827
359 -3.5290797664571314
360 -1.9211176437944408
361 -4.178985788813314
362 -3.3925816939003046
363 -1.0565852643860258
364 0.28716283006724186
365 -3.150381710206169
366 -3.891568966718715
367 -4.4176748599205355
368 -6.358730405418813
369 -6.6854209158529345
370 -6.693011604569747
371 -5.3018467908953015
372 -5.408314301162125
373 -5.5803175184399345
374 -4.2877159160980085
375 0.005043472296279183
376 -2.7855348231941077
377 -3.838907746702193
378 -5.5390728191025085
379 -6.66561944949567
380 -3.8658092779665316
381 -1.899580973064132
382 -4.279900495714771
383 -4.3280755048167014
384 -6.086843962592138
385 -3.58715110170677
386 -7.1721224232733
387 -5.962944214622033
388 -4.186885259793856
389 -3.291818424815416
390 -5.18324778971942
391 -1.9994930327996399
392 -3.6954031845020747
393 -6.650471317546466
394 -8.917657682165455
395 -5.3879427885703315
396 -7.537157142343323
397 -3.2350476066344207
398 -1.8742843481475906
399 -5.914610012650372
400 -6.235582951422155
401 -1.7525527272473689
402 -2.7858910447013376
403 0.6934333526279343
404 2.6114477248150023
405 1.9913881566751659
406 -1.3616673155519052
407 -5.391179437823
408 -5.041304617446121
409 -4.767054823530664
410 -3.7890393898802497
411 -5.648498992298171
412 -1.5151402261098599
413 -3.737151339651364
414 -0.15581086613600598
415 -3.9382783257730383
416 -2.8159546632090864
417 -1.8732684129576702
418 -2.8507886320139084
419 -1.5499234629697682
420 -1.4974848932063454
421 -5.956459133696404
422 -2.716182770651907
423 -1.1519009670199012
424 0.22683055023274123
425 -2.519332228259793
426 -6.255487837872569
427 -4.4164485857880935
428 -6.7690309888443485
429 -6.62786308389978
430 -6.651954751729514
431 -7.226114793422109
432 -5.393936538773542
433 -8.991145096049223
434 -4.314709391932585
435 0.14553022708029004
436 -2.7719095103497358
437 -3.828320544424757
438 -5.462393612377075
439 -6.725279513356943
440 -3.7048173008212077
441 -1.8272482995279498
442 -4.384178893204814
443 -4.038639127153897
444 -5.843901897402663
445 -3.652504051355709
446 -7.153943693894626
447 -5.963438690796328
448 -4.186270770049281
449 -3.330359023893454
450 -5.7239033286766245
451 -8.009535336330629
452 -6.012325573033877
453 -4.9714761011150985
454 -5.976390732931327
455 -6.649988320804793
456 -7.4951039728612905
457 -3.8509173754899564
458 -4.567632787008581
459 -2.399187683358469
460 -4.388703645937803
461 -6.209728421801401
462 -7.60161587022427
463 1.637487875412023
464 -0.6874294709058592
465 -1.3381743257016891
466 -7.427972733213832
467 -6.782122904596993
468 -5.198046765763958
469 -7.367575695990116
470 -5.147590304284922
471 -5.711054289906402
472 -3.9893257303222573
473 -4.171820150535993
474 -1.9914729031887841
475 -0.14877253072782085
476 -4.393457898284052
477 2.153282258493549
478 1.1327378428569053
479 -2.7709303242919834
480 1.1073959671884943
481 -5.938517535931123
482 -6.3267803789830825
483 -1.158421900713641
484 -1.2708040704145591
485 -7.6686585535371785
486 -7.49989501599511
487 -4.417618050311138
488 -6.78314000714742
489 -6.636825418014387
490 -6.570693153192975
491 -7.525298259451077
492 -5.382280231422124
493 -8.955056968482431
494 -3.844293460400068
495 -0.7982765554101318
496 -2.922345163647579
497 -3.8927974933761376
498 -5.64180369721043
499 -6.683559394893423
500 -4.467759254167256
501 -2.007935453304974
502 -4.379150894795648
503 -4.337842599319315
504 -7.519259819951648
505 -3.4799762290842877
506 -7.3675194889365505
507 -5.941219505081918
508 -4.239993078043035
509 -3.3057534106966475
510 -5.251014813242308
511 -6.688283241132737
512 -7.707698045072167
513 -6.287728909337019
514 -5.397474217112007
515 -6.598310821629954
516 -5.622789714883969
517 -3.5929655990274263
518 -7.180152066321747
519 -4.631415696041636
520 -4.481956994511915
521 -5.301482198891311
522 -4.0202038140212215
523 -6.709762857140123
524 0.09811894368003923
525 -3.750093163275009
526 -2.4735432613387482
527 -6.078546993351705
528 -3.8332772461365052
529 -5.747510981099674
530 0.05988647344435483
531 -6.236447362789808
532 -6.083139658507919
533 -3.5741452337791157
534 -2.618478540827741
535 -1.3175184632970194
536 -3.329524387391876
537 -5.96980830109197
538 -3.186913899654329
539 -3.3679338781588255
540 -1.8761852383270983
541 -5.953160510641244
542 -7.140677802543633
543 -1.0922867279654176
544 -6.741578874582858
545 -7.441280164717466
546 -7.44679069235696
547 -4.994373043817524
548 -6.701391060136925
549 -6.633378917679229
550 -6.67078156495489
551 -7.483140326370811
552 -5.366649749466555
553 -9.021571669167088
554 -4.0539936008566
555 -3.8351216068897216
556 -3.6254450059887935
557 -3.6191781889984296
558 -5.69696462861171
559 -6.770018608945762
560 -6.330273636966335
561 -1.7945764717920822
562 -4.028683404075358
563 -4.040625431315765
564 -7.83817081940644
565 -5.9483618248928005
566 -7.417570494379121
567 -5.953756566108113
568 -4.222198593843383
569 -3.3775062600237087
570 -6.289330768689219
571 -4.182164873378562
572 -5.600070903494502
573 -7.23764751882785
574 -5.40530035007895
575 -6.5638649291918165
576 -4.298202128119337
577 -6.790631968838388
578 -5.254778116284818
579 -4.9450543348718
580 -6.005849965184219
581 -4.6020477446873205
582 -2.2423448556507486
583 -2.7289906572110807
584 -4.714792744078835
585 5.299907042342223
586 -6.23527910481696
587 -1.4971088434534332
588 -4.560096914394108
589 -3.1626451853839863
590 -1.0707341391448273
591 -5.808466209336895
592 -0.4672609174938166
593 -2.754537085656795
594 -1.6203518555713035
595 -2.502907766719417
596 -4.762509368697654
597 -1.46988825629283
598 -6.554511210441116
599 -2.828156796867905
600 0.7680967826667553
601 -6.030616764567934
602 -7.091304364011324
603 -1.0596449556037597
604 -6.78432635394506
605 -7.598354527978616
606 -7.484460491978004
607 -5.211988026251627
608 -6.768903023610712
609 -6.647617756816127
610 -6.693640882002967
611 -7.4427757644573935
612 -5.345785901364056
613 -8.864380762559314
614 -4.025688043252938
615 -4.6017348292237585
616 -3.550324639473573
617 -6.47885109864205
618 -5.592583420560476
619 -6.794665107565843
620 -6.0309859840406785
621 -1.9900307467626706
622 -4.61218350420545
623 -4.335903248778233
624 -7.266269700804304
625 -5.917462694745614
626 -7.381437845233175
627 -5.956196151727151
628 -4.205010473951686
629 -3.224376000178495
630 -6.488687721639156
631 -7.2523108868370105
632 -5.071033947485921
633 -4.65113168089938
634 -7.875222755712507
635 -5.637266310204488
636 -5.78378765072768
637 -8.869631478106056
638 -4.819183240366789
639 -4.994293710209008
640 -4.671213081281253
641 -4.710834244064109
642 -1.2628214946923983
643 -6.747273505747877
644 -6.00811811859049
645 1.4825968446875064
646 -2.9625571486513835
647 -1.1682787302791837
648 -6.024602604226562
649 -5.780208291877144
650 -4.919053137841757
651 -8.139613627874695
652 -5.469626475144346
653 -1.5255901142082646
654 -0.5743305852879577
655 -5.213206810397303
656 -2.848403302287029
657 -3.54316425681596
658 -8.950083484313183
659 -1.4832631612817748
660 -3.3970488713974465
661 -6.015540838492293
662 -7.161377417369582
663 -1.1870285701060588
664 -6.730439442585734
665 -7.693991269768469
666 -7.440926141951933
667 -4.968111300953824
668 -8.827613195044432
669 -6.645916182676461
670 -6.687334936320296
671 -7.8202667542731685
672 -5.360541470459104
673 -9.000406070051048
674 -6.000674433442345
675 -6.644444252086573
676 -8.913266178937192
677 -6.402948394973423
678 -5.694377022906299
679 -6.69794520490391
680 -8.075113675734123
681 -3.403077402724561
682 -5.587357798160626
683 -3.997521846646292
684 -7.662041208455269
685 -6.149042801706195
686 -7.407218700152501
687 -5.934057122343172
688 -4.245796279894496
689 -3.3891059313316614
690 -6.308550403365504
691 -7.255275361522651
692 -9.416030835749238
693 -4.980475861451408
694 -5.487608606035188
695 -6.320885788634565
696 -5.252963754004498
697 -4.627509364206029
698 -7.665217784332148
699 -5.453569740223953
700 -2.529060110191696
701 -5.21840315739151
702 -6.6930174452830435
703 -5.1535850906452385
704 -3.749574268036094
705 0.08571504587060248
706 -7.189985614096324
707 -5.827068884464166
708 -1.1728667428226418
709 -5.620170943111778
710 -8.726309269023005
711 -4.900834442481501
712 -4.950435922996307
713 -4.096092197711209
714 -5.564195814438017
715 -3.4600458741601963
716 -5.351067409218781
717 -3.671828522325078
718 -1.2086274157452666
719 -7.8477106388177535
720 -1.5082479400724307
721 -6.107225598585373
722 -7.191082280933342
723 -0.9940620878328328
724 -6.258508724921467
725 -7.6657692562642925
726 -7.483515535283158
727 -5.275409190665393
728 -9.249500152838555
729 -6.633401907700441
730 -7.641391123650331
731 -7.8380751784091505
732 -5.3163600437959975
733 -8.870207921354586
734 -6.851667211670361
735 -6.721122238389571
736 -8.941559067672776
737 -6.362365459908548
738 -5.471408452554104
739 -8.632811106927202
740 -8.396786633064263
741 -7.846043832758348
742 -5.627861101145941
743 -3.9740014119684477
744 -7.426176470358904
745 -6.70351480499891
746 -7.307791171152382
747 -5.931441258333153
748 -4.236706069432563
749 -3.2541548132866343
750 -6.233120593627046
751 -7.680943757686564
752 -5.856109038933507
753 -5.709881139468329
754 -6.101196841171493
755 -5.858211728268137
756 -7.117888429235584
757 -5.652172287591333
758 -5.777597576976629
759 -7.09873426144222
760 -5.5645968994180075
761 -3.847580678825963
762 -6.036158771441845
763 -4.334308379083602
764 -5.1803532470999105
765 -0.030502524358630212
766 -5.028329921691769
767 -4.5793174660126255
768 -1.0483939164911398
769 -5.748472406275842
770 -7.86496061495263
771 -1.7912636726919997
772 -1.636339444573551
773 -8.08793258948735
774 -5.6866641528732895
775 -4.974329770099388
776 -3.700357975917193
777 -0.49969943773508024
778 -3.5350579250555936
779 -4.418549464029282
780 -0.17610319916900666
781 -5.86089856895888
782 -7.17471516748314
783 -1.1491216223357956
784 -6.287167170075233
785 -7.415336001133792
786 -7.458627688811135
787 -4.826710240262667
788 -9.466589489432424
789 -6.648934612124889
790 -7.667933296659282
791 -7.88258671464985
792 -5.283045537597525
793 -8.959509389819761
794 -6.707704401127783
795 -7.007711636939589
796 -8.970826146435472
797 -7.9269296758335015
798 -5.732758509315999
799 -8.719861786162815
800 -8.284840424909246
801 -7.8552063284563465
802 -5.7038821889560065
803 -4.507198275562254
804 -7.874123233244485
805 -6.79911270232792
806 -7.224657224659178
807 -5.97442522770489
808 -4.239824748885534
809 -3.3492101561283993
810 -6.279705848946664
811 -6.8996399146497485
812 -5.974727474954764
813 -5.839681335650207
814 -6.243744533697618
815 -8.045769880307668
816 -4.54441205925214
817 -5.654435085838998
818 -6.857769349565371
819 -4.8189118313208255
820 -7.200637016529641
821 -5.191642770313445
822 -3.5442996787651877
823 -5.038077607127704
824 -7.025111270156245
825 0.6927223529024221
826 -5.762277052247706
827 -5.77242989479049
828 -8.5894130380534
829 -3.274019620274887
830 -6.123371052628167
831 -6.072648564766643
832 -6.444568179497459
833 -3.7010554868220282
834 -5.6789745868645065
835 -3.057441448213038
836 -1.0346495045129165
837 -2.8750530308942404
838 -2.7766183172156316
839 -5.090677771572676
840 -4.501003449872071
841 -6.050101293365522
842 -7.138325790456491
843 -0.9363002931287665
844 -6.281433895906338
845 -7.234928401640266
846 -8.075514433786077
847 -7.112067356576338
848 -9.193684103011996
849 -7.227832362132902
850 -7.7105573874291204
851 -7.86968116428986
852 -5.4644138225461525
853 -9.015880946361357
854 -6.709910822420001
855 -7.032854809925671
856 -8.91206307069808
857 -8.022399527222513
858 -5.47288416325895
859 -8.534811228884776
860 -8.623840918901921
861 -7.850081317025457
862 -5.309789289519156
863 -4.5910424624476125
864 -7.8451803508186035
865 -6.616121668525438
866 -7.386369151509675
867 -5.912284758012449
868 -5.206641832881682
869 -4.1978588005033055
870 -6.309492277691087
871 -6.799267140441294
872 -6.744367315744726
873 -5.702397903237691
874 -8.293387530355288
875 -7.059149767140601
876 -5.8587804983407095
877 -7.699053636018811
878 -6.005367045043245
879 -5.668257250643549
880 -5.760813153738464
881 -5.923985767469398
882 -3.660024266931628
883 -5.570040311122073
884 -3.3228462741737324
885 0.684412337969086
886 -6.736018224026921
887 -3.7351240709767004
888 -4.468301055493866
889 -8.137164587557933
890 -5.334408693064835
891 -5.161424604052707
892 -2.8555019500274956
893 -1.6078339687835494
894 -2.9153243618119857
895 -4.084036908191207
896 -5.3266328501165265
897 -3.279284623827195
898 -6.913093470012449
899 -3.9277700409881016
900 -3.071472995663866
901 -6.062261011771271
902 -7.1094305524373915
903 -0.9268780037912152
904 -5.977375853210516
905 -7.645151419165145
906 -7.387204809927378
907 -7.129054338027725
908 -9.418232619491107
909 -7.708782199259901
910 -7.62168861562118
911 -8.311438169104521
912 -5.372351668138808
913 -8.846776683446326
914 -6.691128232649313
915 -7.103005536123713
916 -8.885858193246534
917 -8.234947430157218
918 -5.7055172819807645
919 -8.787145670847467
920 -8.772982403598462
921 -7.851794321893875
922 -5.419849033022135
923 -4.514905793774575
924 -7.850744049395015
925 -6.678403122059702
926 -7.897089315752465
927 -5.948699494334589
928 -6.890338336753963
929 -4.218260970539881
930 -6.3756921768123425
931 -6.635232958184209
932 -6.8246732420000376
933 -7.036915297741002
934 -6.296300543482777
935 -7.990526130623752
936 -5.98789896288223
937 -5.407258856973225
938 -1.3574807863190677
939 -6.766606922326677
940 -2.542104670791951
941 -6.883056866273019
942 -6.379050331690531
943 -4.5415665703098815
944 -2.850318382393367
945 4.988991312084779
946 -4.823708175793616
947 -6.886083646069359
948 -6.071677125727954
949 -3.959038901980552
950 -6.481922289585033
951 -8.05016160182897
952 -3.714506115460164
953 -6.834949780078686
954 -3.495692815632486
955 -6.33999742784795
956 -5.04171107168813
957 -2.5308381792314822
958 -6.208355208356504
959 -0.6279199872629185
960 -5.767660907389225
961 -6.25768657967635
962 -7.154173530138016
963 -1.1022591167084397
964 -5.79251311779338
965 -7.881300659809403
966 -7.465279102856457
967 -7.17650274650128
968 -9.231984113092718
969 -7.720425256216012
970 -7.4794768069959465
971 -8.311391269977959
972 -5.353959007954709
973 -8.922800535570413
974 -6.810671257796119
975 -7.0494392983822785
976 -8.93372083741332
977 -8.145909342302112
978 -5.710310584089439
979 -8.680308715806415
980 -8.33483595265873
981 -8.082944224003317
982 -6.130996068332701
983 -4.32196899355118
984 -7.810794775075432
985 -6.711387685827954
986 -7.9891246379676755
987 -5.88828819874144
988 -6.911576847255885
989 -5.720993140975902
990 -6.348887008397342
evaluations raw_y
1 -3.919362573928572
2 -3.2027228974210518
3 -1.372073974499568
4 1.9954213620482306
5 1.963176326090668
6 0.8147098213477257
7 4.3257193648764
8 1.1290365432204397
9 0.49601972252863746
10 -1.3844672135617022
11 -1.9792408267439687
12 0.819649794932745
13 -2.053049419439437
14 3.861497197869129
15 -0.6943443109567269
16 2.3176641854008495
17 2.5732106165398103
18 4.560807930373239
19 -0.8138175042137675
20 0.38183345116065615
21 3.8222355246512203
22 2.9299296794231133
23 -2.800926651989131
24 2.5002891273478713
25 -4.686472160314228
26 0.9354537722437837
27 2.740959003769076
28 -1.2844064613353992
29 -4.520648681925272
30 0.14243978214697056
31 0.4411263649775404
32 -3.5542962652348997
33 -1.5481286695826488
34 -1.7287957531132347
35 -0.6064011016334889
36 -3.2845985890605527
37 0.40080709748204113
38 -2.818676632841601
39 -2.1321529780119084
40 -4.3775525145670535
41 0.798058645931289
42 6.895775257899382
43 0.5634707910358507
44 0.15776892917713162
45 -1.8094076659012281
46 -3.1211914404489156
47 -3.601803509297416
48 -1.8027524211979633
49 1.4199241779819738
50 2.107670882584136
51 -0.537144960496941
52 -0.7377544902889416
53 -0.007177489557487823
54 -2.0589879993701414
55 4.164858932119255
56 -0.21874635881983168
57 0.2323032287865347
58 4.472731450306247
59 0.6113545572393937
60 -0.4531603699816513
61 -4.343622225736564
62 -3.6066213431164766
63 -3.331471431000742
64 0.3101544519784523
65 1.8942939846546007
66 -1.8763042582389715
67 -1.7172745345745495
68 1.1018776360574596
69 -2.7961401785086144
70 -1.1078128692901126
71 -1.9572557088241411
72 -4.562228491235104
73 -1.9065725803918858
74 0.019253061567648316
75 -0.6422093013438689
76 -2.1538019328211253
77 -0.1563020552081475
78 -0.5139028477980462
79 -0.03789885827445803
80 -1.0144664899159996
81 0.3834188796831673
82 2.7652661661481317
83 -2.764026352271484
84 2.5231455642497904
85 -4.714171613058469
86 0.5729737893275324
87 0.08823795208026068
88 -1.2655986569711903
89 -4.420168451099834
90 -0.8135423540724299
91 -1.2852659017891344
92 -8.026286924092005
93 -2.1573419595733307
94 -3.235041927184119
95 -2.0666470434772712
96 -5.586493249935306
97 -0.46587097232767294
98 -1.2485405882818235
99 0.005151712119946972
100 -2.0581634403832822
101 -1.6879888380801547
102 1.163448608427823
103 2.372508660623212
104 0.8531175653182539
105 3.5397618910789035
106 -3.0216782332588905
107 -4.993382129669338
108 -1.8962080978792637
109 -1.6239139352031124
110 -1.7182163593728588
111 -4.704012469497894
112 -2.7336127767292058
113 -2.7561700840683367
114 0.21166555016135405
115 1.2777429634846305
116 -4.008210167045924
117 -0.016451568633932052
118 -2.739661751550399
119 0.9753659300358275
120 1.0700884956774994
121 -8.113382895827524
122 -3.555037952657836
123 -3.270292847387702
124 0.5079755486673507
125 1.9687185354259693
126 -1.8964022196532597
127 -1.4215847134255997
128 0.7712373357766045
129 -2.683830705247538
130 -2.4550599700708555
131 -5.596206336251289
132 -4.492064590282579
133 -2.0880129316505798
134 0.034353045929921985
135 -1.7923942491216376
136 -2.264692284487525
137 -0.5110173190150632
138 -2.8248403153751442
139 -0.5358535201139437
140 -4.537056658531525
141 0.028748952114473363
142 1.0663613772359837
143 -2.8582018035062227
144 0.9180574228932459
145 -4.682920535734166
146 -2.743301405479789
147 -3.981247710679744
148 -1.8551726443762981
149 -4.976142573529288
150 -2.698913775837373
151 -2.610276299476935
152 -4.70492268834166
153 -3.826984719486338
154 -4.801818640432299
155 -1.1249018529665824
156 -1.2213473263589667
157 -2.603405751706602
158 -3.2501634142113422
159 -5.11684997366736
160 -2.685105347751371
161 -0.5708712053704157
162 0.4345010693746495
163 -2.8926446773802628
164 -4.57555573049157
165 0.04722833083863824
166 0.390790448231516
167 -6.330917622958637
168 0.14164296165814888
169 0.5180610777801005
170 -0.8798591574456949
171 2.463167744447669
172 -3.6019437421266947
173 2.148486589872253
174 -4.163596532643685
175 2.0788257354676403
176 1.6559544987149872
177 2.3135182462973223
178 -2.780805175542279
179 -0.17253908044143496
180 4.275904617080874
181 -8.370274263419429
182 -5.202539351268961
183 -3.528223109277783
184 -2.956213467372408
185 0.558484584617658
186 -4.880032930601927
187 -2.005739175817609
188 -4.584603144936861
189 -2.8367317652209234
190 -2.4902692647895837
191 -5.414401360852957
192 -4.919753980021921
193 -3.1631381985454006
194 0.1994332561924426
195 -2.648790854775516
196 -4.089665066904544
197 -0.5078424135575711
198 -2.814757055531096
199 -0.3107450760812663
200 -4.610252768879711
201 -2.90423466037149
202 1.0239574294126264
203 -2.812183643469307
204 -0.2257339350419686
205 -6.358558786261023
206 -3.8837066328546337
207 -4.012273697308208
208 -1.6997685988136357
209 -4.918633942547964
210 -2.5988722383460594
211 -6.236991137765118
212 -2.5713725654354365
213 -4.064298689218916
214 -6.335462473812582
215 -0.745932478080265
216 -0.7584449447802377
217 -6.338053641813092
218 -4.8333375076598415
219 -2.1235724642632476
220 -4.256766894859026
221 1.422878042573945
222 -0.38729652361512323
223 0.04524471028009591
224 -1.906420646880639
225 0.4125306357316586
226 -3.356089780745489
227 0.19270263724703907
228 -1.3989447330560578
229 -2.0108352858544514
230 -3.753836343993063
231 -0.5056612842435316
232 -3.123900927826683
233 -2.4533057703657666
234 -3.744024367642275
235 -2.428973156906986
236 0.7601885412657787
237 -3.277769932500191
238 -2.7765391338085177
239 4.5672489246456065
240 0.30313519143729273
241 -8.180049797220043
242 -5.148513796265022
243 -6.531900537536698
244 -3.168386402019925
245 0.1791062505202501
246 -4.959724668862599
247 -1.7911018939447194
248 -4.507278211250647
249 -4.0070374286044705
250 -2.4789355711325802
251 -5.574980505040177
252 -6.454017133650565
253 -4.865733546246266
254 -2.173890136285335
255 -2.32210641045706
256 -4.036557659367205
257 -3.616539827767144
258 -2.8342156203392395
259 -2.5694490249007726
260 -4.715662496028436
261 -3.357496042133757
262 0.2603204135443843
263 -3.7457329084227164
264 -0.0640830345613236
265 -6.425136968920472
266 -3.564810083431686
267 -4.122513121403626
268 -1.9948767417754747
269 -5.006402596799451
270 -2.459311384609834
271 -7.181910413791559
272 -3.3840410658130184
273 -5.694061051241833
274 -2.2537933001297303
275 0.6875560367924282
276 -4.5763895175859295
277 -3.997317307066119
278 -1.907396011280977
279 -4.2880944107327785
280 -1.456669724013093
281 -1.430156592620576
282 -3.420499161120004
283 -0.27550190009112646
284 -3.0263958270677858
285 -3.777620669927623
286 -3.780736566948124
287 -2.2835861585814454
288 -1.1548287030297213
289 -3.3280972760395016
290 -2.3684323235547247
291 -4.559462598493359
292 -0.27896383330111246
293 -7.9104168159718595
294 -6.0816929203239125
295 -2.7162692587761357
296 -3.851382068125604
297 -0.15717282589115175
298 2.1806897379009818
299 0.9958875064898569
300 0.5793302508367603
301 -6.498617706625037
302 -4.96398534139621
303 -8.110693785102354
304 -3.074372430931228
305 -3.64042764900431
306 -4.920175422837099
307 -2.4456107845419206
308 -4.58198671911768
309 -4.569591965381243
310 -2.810509853547871
311 -5.371210327888603
312 -6.245227368506198
313 -4.742329408507687
314 -1.7380228216663451
315 -3.291512903537388
316 -3.9763464570407057
317 -3.6135768374176145
318 -2.7892582610324608
319 -3.907933592141104
320 -4.5244633696340095
321 -6.342584549067291
322 0.16560289939963693
323 -4.733437666672949
324 -0.43826022215473237
325 -6.5167351061896035
326 -8.014491019613303
327 -3.9692164051452843
328 -1.809856028150704
329 -5.0269402965463295
330 -2.694144460512675
331 -5.33731628935047
332 -3.289705304788862
333 -7.274428285464172
334 -6.372623643628087
335 -3.416394454303087
336 -1.7279943489629899
337 -5.339451842148999
338 -3.2170470115761676
339 -3.4304684377794494
340 1.3457744325154173
341 -1.3270907633647102
342 -0.26111746464399666
343 0.1369217823384524
344 -1.7888173617865768
345 -0.6584985266365462
346 -5.2109247310656786
347 -4.422649681822604
348 -7.163136431260768
349 -3.1764243528886498
350 -2.012069420507973
351 -4.524467175632859
352 -1.4341961895339688
353 -0.07392275591398688
354 -2.46315983787082
355 -1.9412042011249466
356 0.7264294630242462
357 -0.2613333479755311
358 -0.20639510509320064
359 1.4834149726743298
360 0.2662432492553906
361 -6.436368475719435
362 -5.152870778444677
363 -8.358550522421307
364 -2.8994448514343665
365 -3.3885415590397145
366 -4.772385102535701
367 -2.693013205622653
368 -4.542547652308069
369 -4.370992795956384
370 -2.5416372266812237
371 -6.353368527395732
372 -7.260161051088946
373 -5.270352009217933
374 -1.6990700743438218
375 -2.80267040167504
376 -3.9317913066144166
377 -3.4790138023733945
378 -2.6690120936880373
379 -4.017714167241914
380 -4.522173183060932
381 -7.186077198149303
382 0.2154491367426651
383 -4.854697801654507
384 -0.3247379111415124
385 -6.402304456649672
386 -7.973063115283783
387 -3.9357917028317164
388 -1.7074144239814206
389 -5.072463174197836
390 -2.645361422290672
391 -2.861577253992075
392 -6.949642731638985
393 -6.808497211393562
394 -4.700923214366034
395 -5.333433943805337
396 -3.8653448522960314
397 -1.9335429756822216
398 -3.7994629453380986
399 -4.186267508185337
400 -2.8188435665868425
401 -1.5853746033809168
402 0.23280505985600092
403 -3.6841473038989268
404 -2.504021841372155
405 -8.433687425244326
406 -4.327493455063618
407 -5.120517833274276
408 -5.536496422987647
409 -2.7421932429115934
410 -4.40598491677213
411 -5.894496812682827
412 0.2554836423157587
413 -3.424627693091861
414 -0.17048166029890552
415 -4.0258721140719835
416 -5.863236946904156
417 -0.898948874661328
418 3.8353406958591494
419 2.2089887256488576
420 -1.020185621336686
421 -6.614193394671832
422 -4.994022331655388
423 -8.282126756985953
424 -3.242337208954167
425 -3.8353182877056455
426 -4.930445803211208
427 -3.692120364878737
428 -4.562232521266107
429 -4.472965509824942
430 -2.6531616822170645
431 -6.36836506055765
432 -7.128513305304816
433 -5.3267706868625995
434 -8.43947117157808
435 -2.8945721042931964
436 -4.30162102447876
437 -4.015442045721994
438 -5.887345258695439
439 -3.8523319890791283
440 -5.9176967207176
441 -7.224471813519958
442 -1.0414078278831052
443 -4.658476890741781
444 -0.40220704947734165
445 -6.356451677152094
446 -8.034549997012212
447 -3.9682280060360617
448 -1.7871991084721137
449 -4.668595436677039
450 -2.636802575352053
451 0.023692055218726554
452 -6.702967225588521
453 -3.0729321444187465
454 -4.380456314909944
455 -5.289230366291271
456 -3.5998216773644724
457 -4.455592366126505
458 -1.5497586991457175
459 -0.6511164444563353
460 -5.012314639288647
461 -3.283303905054038
462 -2.7284654314139978
463 -2.4245076414698032
464 -4.57594643363136
465 0.10256686424641946
466 -5.298433207995403
467 -4.2853930687001975
468 -4.623379134236144
469 -5.149248821219313
470 -6.345071089880244
471 -4.757159000152239
472 -5.811563543760414
473 -3.016118569837841
474 -0.4546296505397752
475 -5.167270277499775
476 -3.380966818552953
477 -1.4854094276456409
478 -5.151454278178622
479 -2.140428912121427
480 1.7137585001278433
481 -6.616867045779483
482 -5.043959237044259
483 -8.123920096481287
484 -3.3009353297310717
485 -3.6389096864425454
486 -4.893063881335437
487 -3.696058078291587
488 -4.56479068826298
489 -5.02552029876701
490 -2.8236996412168924
491 -6.372335868080839
492 -2.060692125147626
493 -5.318500068141615
494 -8.289572137991506
495 -4.844474623897778
496 -4.016619254990755
497 -5.2835984482968446
498 -5.799396707084331
499 -3.9393995008150844
500 -6.3004336677626425
501 -7.307927885561268
502 -2.140717670112768
503 -4.546458952081856
504 -0.2269486752693587
505 -6.359238143401882
506 -8.00439715089061
507 -3.9655958089902135
508 -7.277322062777865
509 -6.2039440656136735
510 -5.199387070212586
511 1.4522793422028306
512 -4.907001082037221
513 -2.94075612055131
514 -3.835088049846843
515 -5.324264690924773
516 -1.1297028567714473
517 -5.367017194164629
518 -2.969637054036376
519 -5.834530284875971
520 -5.455861415557776
521 -3.874678989153115
522 -1.153833694822151
523 -3.267573610550152
524 2.113858388094888
525 -0.2806578225306691
526 -1.9004046974203566
527 -4.366453319238211
528 -6.021479905166085
529 -6.338493089919159
530 -7.395939108853893
531 -5.065768438238825
532 -4.568124193734089
533 -2.5381305064921347
534 -1.8883500086010359
535 -4.956577260039693
536 -3.2662097899586207
537 -3.232421094669974
538 -4.761978932072384
539 -0.05126251097929168
540 2.9477384539274447
541 -6.46722299621301
542 -5.311774908317465
543 -8.246008394719695
544 -2.8249271498638877
545 -3.7032222205786223
546 -4.901628534146586
547 -3.8710126578529196
548 -5.817476447939785
549 -5.363851909897643
550 -2.735361184364307
551 -6.369799812083638
552 -1.6741685478374293
553 -5.336182798116468
554 -8.807877761333526
555 -5.895737285906412
556 -3.866845480976074
557 -4.795357596324484
558 -5.882597580896014
559 -4.633020434131291
560 -7.522276468851159
561 -7.196189359358832
562 -2.1362435534146713
563 -4.9817554587250115
564 -0.2643170499619182
565 -6.397657943628397
566 -8.072184845117429
567 -3.9834669284648996
568 -7.172899233972684
569 -6.000787813169695
570 -5.177532791522784
571 -7.137075577168333
572 -4.158404379909931
573 -7.5172584054475164
574 -2.912096864809961
575 -3.5759347194195397
576 -3.8219865791783567
577 -5.1946207193408735
578 -5.903385335075602
579 -2.0569258855075563
580 -0.01683070733760904
581 -5.274424082500684
582 -2.6689944224228763
583 -2.2179325131694196
584 0.7184022938206703
585 -1.386851313164302
586 -6.863875217060013
587 -6.715041983761555
588 -5.222700038567
589 -6.512363469339146
590 -0.40868830217017743
591 -5.334071705159662
592 -5.682102151030298
593 -3.343941252805804
594 -4.470126559339929
595 -2.8391351746328684
596 -1.694341737332565
597 -0.309449658236018
598 -0.06383819949529386
599 -1.1124003256863277
600 4.5144751334994195
601 -7.4955161429759265
602 -5.292444754447498
603 -8.196196566109915
604 -2.853676077659398
605 -3.4167006087943537
606 -5.137582452337776
607 -5.154249270289412
608 -5.365938026303241
609 -5.354892780614434
610 -2.5346389347411793
611 -6.3541283668186495
612 -1.7283029648361343
613 -5.8963668897386246
614 -8.762014070311109
615 -5.95240599011838
616 -4.260051870122667
617 -4.776765084809334
618 -5.774136671898966
619 -4.3963889842312
620 -7.456947489316775
621 -7.315856974223186
622 -2.125647045539061
623 -5.0578583900294225
624 -0.4159706102171593
625 -6.398663362909162
626 -8.02087563708647
627 -4.042768268939258
628 -7.243615859195072
629 -6.176312019087301
630 -5.014412117726211
631 -6.0050413733102745
632 -5.128939440399324
633 -5.507252635593728
634 -4.0016328477683
635 -4.707359015041495
636 -5.357474160492205
637 -4.7429584476493885
638 -2.8056412240103925
639 -3.5743648886462136
640 -1.0976701672034437
641 -0.4472996551773758
642 -1.85015706917906
643 -4.186701660387203
644 -0.4401615141567719
645 -1.047629757620295
646 -4.41502669537765
647 -5.298698717100993
648 -6.495529582148232
649 -7.559224780951782
650 -2.350246040684173
651 -5.755313152470733
652 -5.295887616450888
653 -6.549496079967867
654 -1.8731221389507269
655 -1.7966706778168666
656 -7.271490501198124
657 -6.540402029741887
658 -2.8782620822667146
659 -3.610053255691873
660 0.8228041406059806
661 -7.575694755439089
662 -5.307965689178785
663 -7.947373418493686
664 -4.187743747228005
665 -3.548097408146457
666 -4.8420521351986014
667 -5.1817701349898515
668 -5.637462200180658
669 -5.344187452956292
670 -2.487789028159268
671 -6.360048343656672
672 -1.750966564494144
673 -5.914128045989732
674 -8.520393649875299
675 -5.810658558893401
676 -6.509896846039633
677 -4.92326037681376
678 -5.829022183862306
679 -7.205444637122925
680 -7.552666871539294
681 -7.402076436944403
682 -3.9162852772855534
683 -6.547644330332148
684 -0.3508943009070816
685 -6.485468399549799
686 -8.063843996626787
687 -4.1052896752894465
688 -7.575248036671751
689 -6.04466356192287
690 -5.354203711142645
691 -4.302317661914473
692 -6.149619126652395
693 -6.353488918663108
694 -6.375701945877737
695 -6.547692697710567
696 -3.854354501779441
697 -1.8870336251700557
698 -4.020651786374087
699 2.0886376521853753
700 -5.026344513491423
701 -4.4013766583277265
702 -7.005617309111909
703 -4.148068572355903
704 -0.8316413503783342
705 -2.0619826063906572
706 -6.842409551827332
707 -3.2669197276439883
708 -4.065135347058971
709 -2.0797823516869802
710 -4.2142354290784745
711 -7.79074749764483
712 -4.064370759667204
713 -4.867751375368432
714 -5.142619752000645
715 -3.3600980867151553
716 -5.400717770638266
717 -4.474151553135204
718 -5.590625569721665
719 -3.171560526066845
720 -0.037380146782311136
721 -7.6252288599922275
722 -4.851745817989654
723 -8.075620155975692
724 -6.990271856440457
725 -4.217887085901751
726 -5.123281979752062
727 -5.2577137878398394
728 -5.773973674924648
729 -5.239287461317126
730 -2.7091204955475567
731 -6.513977843040303
732 -1.9246157458652595
733 -6.538150790953993
734 -8.41353456386389
735 -5.799046809113108
736 -6.713894421612499
737 -4.951435400804148
738 -5.764329896071945
739 -7.0056693785607
740 -7.42983754367954
741 -7.22361452800275
742 -3.8765692798925446
743 -7.795311220241322
744 -0.11117424706473224
745 -6.378147749441217
746 -7.956436387273899
747 -5.429543580804772
748 -7.620350909291364
749 -6.0907225783978465
750 -5.346533803102599
751 -7.396612356504944
752 -3.6093619759683113
753 -2.0932270468090866
754 -1.8303924052271132
755 -5.102984675839696
756 -4.182003625559723
757 -3.916449836096796
758 -5.850614328177936
759 -2.8191314485827843
760 -6.279100570727344
761 -2.8090233461826113
762 -4.053125380763785
763 -1.583287938955492
764 0.4042880476093464
765 -4.066873191504957
766 -5.061789173757385
767 -4.090191561885505
768 -2.9408263538125614
769 -6.38336843213791
770 -2.6898015785263096
771 -6.197917089424312
772 -5.26808753379837
773 -5.078068921940925
774 -6.374994331683504
775 -6.064091818691594
776 -5.383579190831601
777 -7.9546903556362105
778 -7.1303490265372025
779 -2.867210621645474
780 -0.2563750240371954
781 -7.345043307041874
782 -4.985385806689394
783 -7.096203209548823
784 -7.006010236852664
785 -4.168791709672569
786 -4.967742005045553
787 -5.329054983565961
788 -5.503607553817033
789 -6.306852633806706
790 -2.7176286027271637
791 -6.511091524888307
792 -4.197956907943668
793 -6.4588209925986115
794 -8.460698332966677
795 -5.888886540609107
796 -6.505138748421806
797 -8.280376075564686
798 -6.054088615711006
799 -7.329661966207576
800 -7.415936331833659
801 -7.329508311173375
802 -3.782601557584231
803 -7.76948959496521
804 -0.13607694500389464
805 -6.407113956646457
806 -7.923165108937556
807 -5.3881638471541375
808 -7.459537207157497
809 -6.637985123483532
810 -7.917971919935003
811 -2.1012678312269877
812 -3.0633498443832967
813 -2.9412239688962183
814 -5.442126235521696
815 -3.8849075766917123
816 -7.926604822811999
817 -4.991087906736288
818 -6.515533376034757
819 -4.972303752060193
820 -6.7792935324584525
821 -0.9917470091582086
822 -3.7820355066907467
823 1.4955524656618633
824 0.8146485142291301
825 -1.6627820293907012
826 -7.252305223790582
827 -8.547592366659561
828 -3.584788000532572
829 -6.196708709573984
830 -7.185753519093452
831 -6.576944219634662
832 -3.2538481214857478
833 -6.255402524948896
834 -7.428868896197968
835 -6.1505732966526825
836 -8.911322323103834
837 -4.727184086484166
838 -5.309233457470022
839 -5.6185157904862475
840 0.5461300727571163
841 -7.604473594016321
842 -4.819848486566864
843 -7.264154533927048
844 -6.989694432369826
845 -3.916464355654264
846 -5.186858586590719
847 -6.773538502480666
848 -5.7296917185325755
849 -6.306894415917094
850 -2.8467818314027076
851 -6.353545466373222
852 -4.259670953819532
853 -7.900451887885293
854 -8.725169706665637
855 -6.314807365346974
856 -6.440043391120715
857 -8.272302005116815
858 -6.063651756046804
859 -7.034843978599421
860 -7.314301209202876
861 -7.1607132331375425
862 -5.773458153720996
863 -7.7838788260150045
864 -0.23398338780173086
865 -8.827175656019849
866 -8.56534050727796
867 -5.726692712243469
868 -7.409248886826122
869 -7.193921124176687
870 -7.933751518297568
871 -5.26059371436492
872 -4.4568422016442995
873 -4.791570569284783
874 -4.972209080626708
875 -2.5481574894178234
876 -5.492245638715575
877 -6.8302102499563295
878 -4.314245604087494
879 -2.113893300256271
880 -4.941595699131124
881 -4.173346828966007
882 -1.5655366391098007
883 -0.1914392726266119
884 -6.765583315289383
885 -1.8927425969035567
886 -6.956292205304109
887 -6.774978815712914
888 -5.730300491932504
889 -5.132066269184723
890 -5.821821245818646
891 -3.6019720818002656
892 -8.272855341153045
893 -6.692757293677076
894 -4.271237296856002
895 -1.6401999980024589
896 -7.51936368635091
897 -5.1212865821251725
898 -5.654069913579625
899 -4.4499608727176545
900 -6.009804412490077
901 -7.468090407481308
902 -5.039243974758011
903 -7.243472090033729
904 -6.984102256388792
905 -6.744327918412284
906 -5.014948869036592
907 -6.783231505519221
908 -7.89028759474622
909 -7.5770391268475565
910 -2.753893708271409
911 -6.8082459600124565
912 -3.840380251641276
913 -7.809329805968417
914 -8.486404016410216
915 -6.269409912619837
916 -6.710661098939745
917 -8.10453531050723
918 -6.039885733267477
919 -7.227148990206784
920 -7.299464159606881
921 -7.271376805673881
922 -5.524671849145444
923 -7.7644228653214675
924 -5.72208535154196
925 -8.852183605530508
926 -8.539397737001627
927 -5.388944410578041
928 -7.457091738358043
929 -8.48292855584375
930 -5.665303853036756
931 -3.9299819237743736
932 -2.9607293351111625
933 -3.8516844136710073
934 -7.898617456528519
935 -2.7843013736564473
936 -3.4167443767569377
937 -6.280977151585708
938 -6.98442987865716
939 -3.459289320564569
940 -5.2878860439325965
941 -5.880559304356822
942 -2.1876888257342535
943 -4.570696589912494
944 -1.0292355902690207
945 -2.112128580492675
946 -7.325308008611563
947 -7.588856765485031
948 -6.352326933896466
949 -5.1087391810031
950 -5.318783196803943
951 -3.353847894678991
952 -4.597096037535331
953 -5.77298536172987
954 -5.240325687158324
955 -4.602800759162028
956 -3.7333707921152612
957 -4.0372104260670065
958 -4.912064588855467
959 -3.9202807874100345
960 -5.34329956645822
961 -7.6303193910185385
962 -5.311722937549985
963 -7.314469009464552
964 -6.974049686082332
965 -6.853221280682195
966 -5.044458518996727
967 -6.740608997923854
968 -7.9063169795063075
969 -8.038293970127771
970 -2.6700853880809614
971 -6.984199594654501
972 -4.272523119275705
973 -7.84099977863407
974 -8.719021847518151
975 -6.4239224219436295
976 -6.7077698581713046
977 -7.977879996939101
978 -6.064701198502091
979 -7.084569134716947
980 -7.329500222348498
981 -7.168198836766743
982 -5.746506723862893
983 -7.759156577281643
984 -5.590781336069005
985 -8.744364965275494
986 -8.550772179002948
987 -5.29929293854986
988 -7.512581171074739
989 -8.270843110007075
990 -5.548827674576351
evaluations raw_y
1 -2.9412355712728977
2 0.22412768426960933
3 -1.0739333207778952
4 1.1425056470658068
5 -1.6190409378224937
6 -5.716667573703801
7 1.592601835636092
8 2.1676694125951954
9 4.287918664483748
10 -0.6679981008891576
11 1.1371900177810992
12 -4.486809853264796
13 3.089482420184277
14 -2.671417323775154
15 -2.642698884112645
16 -0.28231257858315323
17 -0.6796202690727158
18 -1.5196177736215248
19 -1.1579350623726923
20 -1.2523825588084811
21 3.4071528160531965
22 -1.1650889245034022
23 3.0306430429243845
24 0.8307153029125687
25 0.10268322039074379
26 -0.054658387572028594
27 -2.5507520904486394
28 -1.8252879108490194
29 -2.917641671078752
30 2.0837262504258263
31 -2.779368364111728
32 -2.581890075322218
33 -0.461218855446233
34 -1.2459215125590923
35 -4.317570626729435
36 -5.977428335050514
37 -2.649022730644654
38 2.260574801129103
39 -3.4759006718896392
40 -3.3096560255824645
41 -0.9349939218747463
42 -2.57410255988917
43 -2.2829331309636087
44 0.9886403671968037
45 -0.5340053577584631
46 1.5040310591969523
47 -5.6877476976250305
48 -0.25807056267505774
49 0.8059861808137525
50 0.8845804275708653
51 0.8771915088351756
52 -0.39378558775282596
53 -4.011272236929832
54 0.7104405526291497
55 1.4410902065541291
56 0.02514268546715139
57 -0.4107631454093038
58 1.3744953250430183
59 -0.787727074613147
60 1.0949887942135632
61 -2.966849370278884
62 -3.4477118112730496
63 -2.6335117526193668
64 -0.8460789945070406
65 -5.8655847762706905
66 -5.701197023402845
67 -2.7112039432560904
68 -2.3126274979788106
69 -0.1258074901937298
70 -0.6912018229000814
71 -3.1184809147142776
72 -4.47800863143953
73 1.1675497053812085
74 -2.4746944402628026
75 -3.97942357971813
76 -0.26914197970463477
77 -3.9185735771365526
78 -1.3635603017995845
79 -1.079053496750384
80 -0.9259092485968945
81 1.2585216480459938
82 -1.1108732634235075
83 -0.8515966808498615
84 -0.294363115851883
85 -0.08409812124338854
86 0.05057864961552558
87 -5.6597678499857915
88 -1.7998720466840321
89 -3.005919499912795
90 1.3670977840633478
91 -1.4388410147027177
92 -0.9429782285636333
93 -3.4909454863411686
94 -5.8596770995158804
95 -1.8963812470848076
96 -1.7394171025770595
97 -6.193093236250281
98 -1.8592550190521815
99 -4.978584778181788
100 -3.9576658880528166
101 -5.019754001246821
102 -4.661762040937673
103 -0.9189562243886659
104 -2.2155443259552716
105 -3.038491674118937
106 -5.0011438823171614
107 -0.14947777548628008
108 -3.118828475769525
109 0.4274377264227521
110 0.5858735906112708
111 -4.73963732358153
112 2.6120090397649802
113 -0.15163998028029343
114 -0.8176238108183448
115 -0.7559293050922149
116 -1.5976261023081928
117 -3.0784414328673373
118 -7.836200915279526
119 2.4024895528689925
120 1.2414831748325958
121 -6.138660596944247
122 -3.496280552392951
123 -4.988757447929645
124 -4.615885396523462
125 -5.786310026650219
126 -5.845917804155048
127 -2.6565907125929513
128 -5.03208817851239
129 -1.9378975102580063
130 -0.5790751047990329
131 -2.988521056064223
132 -4.460050858944337
133 -2.8940126765012653
134 -4.043142123100784
135 -6.048229754898466
136 -1.3607963674037098
137 -3.9427953742276522
138 -1.658183875916635
139 -1.223725369561325
140 -0.9663068916747635
141 1.237626938768698
142 -4.550551850661295
143 -0.6257847793795258
144 -0.8198342062854851
145 -3.2789498435493587
146 -7.862880471347347
147 -5.599148859248577
148 -1.7045790557549094
149 -3.1929746876389977
150 1.531898736648385
151 -5.436640986073046
152 0.41828696802025966
153 -6.040954768606606
154 -3.2707993604066363
155 -6.907212941258788
156 -3.76385083612917
157 -4.240900248789285
158 -0.7593517577855399
159 -3.5925943514721346
160 -0.9111167016523154
161 -2.828078741924798
162 -1.6553824550037712
163 3.4606632509507746
164 4.074159928457945
165 -3.0917974178430168
166 -4.585552600527586
167 -5.347106411543541
168 -3.6183254532902986
169 -1.0805675366161591
170 0.39310516969608855
171 -0.25297632298227823
172 1.4912211099036534
173 -1.0126455986112863
174 -4.586596923073371
175 -3.5142403010061183
176 -2.9324328916595537
177 -0.5254820653423403
178 -2.247796387170988
179 5.218025978398843
180 -2.4630590591673927
181 -5.732213694889666
182 -3.4957085863413333
183 -4.978647740191951
184 -4.299341461602168
185 -5.701064622029856
186 -5.881141438871254
187 -2.7878527138132023
188 -7.053638766549502
189 -2.039500580416799
190 -3.2389442096164087
191 -3.1086103139114902
192 -4.452437423951503
193 -2.647207316841019
194 -3.9139055513025234
195 -5.80952774855006
196 -4.5930449619263225
197 -3.688822956734639
198 -1.3481871438833268
199 -3.1502844111099892
200 -3.090609475907175
201 1.2667889763954419
202 -4.633937324648391
203 -2.091717767744872
204 -0.9417224291633426
205 -3.2525407889635582
206 -7.842698012473051
207 -5.361693109554143
208 -1.8170775326925623
209 -2.940837660597519
210 -2.2854735947995595
211 -5.2956355379605276
212 -4.996871095558256
213 -2.4274856794043287
214 -6.585600249712378
215 -5.905126616861072
216 -6.387628587895214
217 -4.878451082604308
218 -6.677368900583647
219 -7.722442245022758
220 -3.5201836728008846
221 -2.3110890335025114
222 -1.6534040018063276
223 0.9335062754033534
224 -3.402776257395329
225 -4.19521963461299
226 -4.97888045620318
227 -4.443008786299283
228 -3.5464012160534937
229 -3.8797074906217452
230 0.3892476971489639
231 -5.422104142571731
232 -2.7828667065262804
233 0.028656268685325663
234 -2.451800038889751
235 -2.973647754865938
236 -3.2249528525158717
237 -0.2649974318043824
238 -7.476775066544582
239 0.19114715751685774
240 -0.9066119811495397
241 -6.582563628442816
242 -3.71462807466939
243 -6.360449385336994
244 -6.480820293798968
245 -6.015848113028936
246 -6.123472936950708
247 -2.5961679830350435
248 -6.8503890018728395
249 -4.350897768430561
250 -3.244495529006041
251 -2.785334924922219
252 -5.085467282596734
253 -3.046777656896666
254 -7.912656808270247
255 -6.011604897942647
256 -4.598735323627136
257 -3.7867956129001827
258 -7.417018343137371
259 -3.6018585640406156
260 -2.9483162715737836
261 -1.2574349085740524
262 -4.4693921647815085
263 -3.1553433214616056
264 -0.6428147204490069
265 -5.232185497764761
266 -7.83869037276077
267 -5.625968065946075
268 -1.7432375735140777
269 -3.1340654390589076
270 -3.094567456681722
271 -4.092500088372565
272 -4.695435463434389
273 -6.107992809098574
274 -6.495401814292055
275 -5.197288861699492
276 -4.574970017407265
277 -5.600904045881389
278 0.49819862305167517
279 -3.4551028841221916
280 -2.7769006336968833
281 -6.627023076909356
282 -6.669765389028084
283 -1.437606372214599
284 -6.259658328619855
285 -0.42225845405704165
286 -5.492088631302668
287 -5.4668851361688935
288 -3.3302548901190763
289 -6.304037866568025
290 -5.445043688122401
291 -3.807584594597589
292 -3.8492228442078575
293 -2.4293792436711894
294 -6.452859079063239
295 -3.366138821952257
296 -4.381261454850094
297 -1.744226951264978
298 -2.797942033135245
299 -1.7331132350548077
300 -0.8796767671804815
301 -6.497576898417147
302 -6.870641891500001
303 -6.299006256268824
304 -6.53484885085513
305 -5.883198888865479
306 -5.908147820555242
307 -2.4192665938178095
308 -7.086376961712871
309 -4.272929013438297
310 -7.057470265782484
311 -6.225975727518042
312 -5.046796241502498
313 -3.1812959481220004
314 -7.84912007834052
315 -5.9359502130945145
316 -5.444551231132567
317 -4.1165075562036355
318 -7.540430368335937
319 -3.451543083441574
320 -2.919334175996714
321 -1.759674735348599
322 -4.498519494865464
323 -6.724907627023
324 -0.8597401908992002
325 -6.2710109888273236
326 -7.88406539578243
327 -5.344431051552609
328 -2.7909244864614378
329 -3.5847048433677706
330 -4.468039955010994
331 -7.405090949665787
332 -5.017745756572781
333 -0.8292090335609005
334 -3.0669679334125393
335 -4.1211919131380155
336 -4.794913633859741
337 -4.2169753981834806
338 -6.0967280347150155
339 -2.4037127160656837
340 0.18579562713395353
341 -3.8012558990504104
342 -3.2628509044256506
343 -2.061560536656201
344 -1.3273916937737131
345 2.431020038293547
346 -3.8406319783464262
347 -6.244453080064182
348 -4.242590787471018
349 -7.208809457639243
350 -8.072933836812759
351 -7.077664967792976
352 -7.064864092737158
353 -4.154979710748006
354 -4.452057026278246
355 -4.456417595268635
356 -5.310637489557788
357 -1.1363934090956986
358 -5.064295611249146
359 -6.777034785410455
360 -2.481096624478559
361 -6.465183935740885
362 -6.87628771923342
363 -6.385974267130557
364 -6.199180562431236
365 -6.026433118491904
366 -6.072383883038056
367 -2.471356934712712
368 -7.090439682267444
369 -4.437621563696862
370 -6.855965805608699
371 -6.293326028022182
372 -5.293692283468245
373 -3.317671630643645
374 -7.833199660858835
375 -5.802273095904135
376 -8.088740329782086
377 -4.370627352929181
378 -7.660939927278317
379 -4.952499291505331
380 -2.9240812010632427
381 -6.805106552625701
382 -7.246367829534854
383 -6.622780026477618
384 -2.6693355833944907
385 -7.213784547275162
386 -7.895647079261702
387 -7.067496568889914
388 -5.227023965950414
389 -4.52326944234459
390 -4.284183176994127
391 -1.6502252774782726
392 -2.6015264541196594
393 -7.239134955208593
394 -4.883294948664152
395 -3.185854735788218
396 -5.343516885785218
397 -5.733013966832038
398 -0.19016411156633634
399 -3.9047005893097944
400 -4.474503945278447
401 -4.167533714406216
402 0.852309833718308
403 -0.0530759798195277
404 -2.7674954918856827
405 -2.786598613425978
406 -3.969220643898727
407 -5.041748351753279
408 -4.2877353390811805
409 -3.4860870383104716
410 -5.67397696281675
411 -7.282821646569204
412 -5.319560468048273
413 -6.096749499136536
414 -5.119713856553723
415 -5.3172317614532245
416 -6.921507543568104
417 -5.8723570189082785
418 -4.214646007418074
419 -2.6983706051575065
420 -0.22286730192108084
421 -6.570919905195243
422 -7.410644661718628
423 -6.389427377008619
424 -6.395248091213555
425 -5.740915481290827
426 -6.3539116634472625
427 -2.759353137996453
428 -7.101589788656733
429 -4.386437283451409
430 -6.658815440752772
431 -6.397068573127245
432 -5.037444042002508
433 -3.163823988455201
434 -7.863355004337293
435 -5.855470110436623
436 -8.101101141851544
437 -5.87177423648394
438 -7.590167745507395
439 -5.562661086076113
440 -2.927129162269032
441 -6.703577642956817
442 -7.294044391607565
443 -6.586477325279017
444 -2.5133837634883878
445 -7.219238949137363
446 -7.908157167443769
447 -7.237764434407374
448 -5.331927347130954
449 -7.0059734671469585
450 -4.5420334702882945
451 -5.3192215103773
452 -4.114766998377122
453 -0.28897780195409045
454 0.09280822154814557
455 -2.991473476974933
456 -6.840973245441784
457 -2.470128601762886
458 -5.667713531507221
459 -0.07852713087165089
460 1.3313902637563828
461 -3.467559152096619
462 -0.8499515356130959
463 -8.026525729474955
464 -1.3981283117713947
465 0.34008822680170625
466 -2.8975065719714594
467 -5.24227327204606
468 -8.498518268972171
469 -4.370478591117745
470 -5.1547909926863
471 -6.2594521773525065
472 -3.966866786129609
473 -5.434598840442147
474 -7.432156650478447
475 -4.706385127389336
476 -5.73691530171586
477 -4.891370543522066
478 -1.101029167545876
479 -5.414465513816689
480 -6.086681019606186
481 -6.563280783668557
482 -7.260266180128168
483 -6.388754685619041
484 -6.492159559518419
485 -5.877766175941676
486 -6.0508570624038915
487 -2.495174970552543
488 -6.948619374731779
489 -8.227112163532858
490 -6.886121496526803
491 -6.958114586808642
492 -5.211170026024793
493 -2.9541114936884227
494 -8.007818868638235
495 -6.153807551173486
496 -8.101085253200011
497 -5.868438371852584
498 -8.572916564205935
499 -5.716985858736172
500 -5.611332783705301
501 -6.925470217377501
502 -6.973179981667559
503 -7.414771525796636
504 -6.212241670057258
505 -7.19375575481069
506 -7.912006484348026
507 -7.269944735396409
508 -5.074084379366892
509 -6.601665912950086
510 -4.341070153602048
511 -6.10679606030782
512 -4.609802000876835
513 -4.9780770080651715
514 -3.4546183976437304
515 -4.294586821903599
516 -6.474564422318261
517 -5.047617430976964
518 -6.06831226149075
519 -2.6769970124853657
520 -2.494439778525982
521 -3.8055367852669506
522 -7.29516716331115
523 -3.5706592073885104
524 -1.1923155152123752
525 -1.6957841946050112
526 -4.922612653358445
527 -3.576406324133499
528 -6.299890063665643
529 -4.714966524545516
530 -5.3639273541003485
531 -5.685655023800466
532 -1.1742440643440328
533 -2.2237241696460717
534 -7.314071489005645
535 -1.2146742264710637
536 -6.844903601986957
537 -5.158163000249338
538 -3.617526401183914
539 -7.771578780678619
540 -5.878603531191721
541 -6.447564691345617
542 -7.311744524475286
543 -6.304751649660557
544 -6.503082579195577
545 -7.749933125769278
546 -6.217207305483447
547 -2.6817286543917365
548 -7.045351280507013
549 -8.285310777492965
550 -6.9249650131752745
551 -6.760218185165604
552 -5.184099858174178
553 -3.0530289668055683
554 -7.69625202519629
555 -5.7261851959676395
556 -8.101619002250402
557 -6.850090180987687
558 -8.55835329559233
559 -5.711912969635786
560 -5.5526188867332245
561 -6.909462991616608
562 -7.3223045528683235
563 -7.5132958795207365
564 -6.10629063827362
565 -7.606078637405325
566 -7.9131092163513435
567 -7.27620740572698
568 -7.771198771051499
569 -7.188772386117014
570 -5.917127211954719
571 -4.479652651602838
572 -5.586236608674435
573 -5.5990596017084115
574 -6.59394565027234
575 -4.605474436818257
576 -4.622591479569864
577 -4.130193051022062
578 -6.184077119229734
579 -2.5824125111030973
580 -7.132984964638162
581 -4.843148633366798
582 -4.284996504251811
583 -2.428489656922155
584 -4.4878886680925545
585 -5.689570272709819
586 -6.054494838732661
587 -5.17943345100073
588 -5.12697389248089
589 -5.591490621781872
590 -6.158509793399799
591 -5.121782260823361
592 -3.5761346374122414
593 -5.170408791299904
594 -6.496255510449481
595 -5.679845304410612
596 -5.298506381365323
597 -0.5420316223292313
598 -3.8967506826887828
599 -4.8511043781478245
600 -4.746914939060584
601 -6.570204478840505
602 -7.318885842795472
603 -7.110843442303745
604 -6.449461265171118
605 -7.653187237964112
606 -6.011508112643678
607 -5.581818237797816
608 -6.959061191025615
609 -8.097786952605114
610 -6.942097154257964
611 -7.105277056894207
612 -5.0181928695010525
613 -4.532124400214467
614 -7.7658679494388565
615 -6.049930772509655
616 -8.0672015512081
617 -6.831700481017328
618 -8.394451106908988
619 -5.991149956475084
620 -5.515095817711029
621 -6.425128444774971
622 -7.237399510518256
623 -7.35003255506843
624 -5.9667047777710245
625 -7.6765646222796455
626 -7.890438548758785
627 -7.285052684108145
628 -7.901530504984872
629 -7.13173255302691
630 -5.752795918836215
631 -3.6581717783866186
632 -3.4402595272349115
633 -2.0938105021006437
634 -4.340798782610353
635 -5.874814493146543
636 -6.783346066292226
637 -5.999129188445539
638 -5.598253973452289
639 -4.149140852362228
640 -4.838723624745142
641 -2.7720761089098054
642 -2.029075654922997
643 -6.210409491456077
644 -5.114881376120364
645 -4.662482638454356
646 -5.167329387274506
647 -7.1455515682023
648 -5.764566346506694
649 -6.36125381371572
650 -2.5005898882487703
651 -4.664367170977322
652 -7.076960971399941
653 -4.078601867401963
654 -4.977667768763764
655 -6.097106435178488
656 -4.67253611653546
657 -4.491834882383586
658 -4.50351702252352
659 -6.339796043561655
660 -3.0771529543663556
661 -6.560207368699863
662 -7.183075920331777
663 -7.111256387886202
664 -5.43041631576677
665 -7.658647274067777
666 -5.9567638141712145
667 -6.2918707248039345
668 -7.174571631633153
669 -8.292445794605374
670 -6.902082130340629
671 -6.977795323905345
672 -6.2691682150386745
673 -4.828867254531679
674 -7.956043389569915
675 -6.05866312247775
676 -8.100456657630414
677 -6.839117527763222
678 -8.440440025548378
679 -6.026816606660454
680 -5.549918128918663
681 -6.904667854240814
682 -7.170908894373874
683 -7.433233939193583
684 -5.904681778589241
685 -7.26599953197122
686 -7.689384091641663
687 -7.2386191438962015
688 -7.902122233223072
689 -7.197296156918635
690 -6.282456712516475
691 -4.289450543346534
692 -7.122185476097775
693 -5.479100251302189
694 -5.4297557471887234
695 -4.843021605358746
696 -5.417382606215381
697 -4.904810283162004
698 -2.9151841155507285
699 -1.931575092462052
700 -5.278647008055078
701 -6.552245561386285
702 -4.455987262947715
703 -2.422922672025079
704 -0.8071976656213331
705 -1.0883216285530566
706 -3.742279474099041
707 -7.283617356080954
708 -7.5579358318732845
709 -4.274258418003992
710 -5.689218134912334
711 -7.454655721640979
712 -4.692765004275913
713 -4.12318522569204
714 -1.698955782235073
715 -6.223942331905549
716 -4.4524011085657715
717 -5.716893531350049
718 -4.57594995375248
719 -2.7323162576724664
720 -3.323239373039689
721 -6.533347741007539
722 -7.286539077509978
723 -7.102804847197618
724 -5.526346596859048
725 -7.685294272183155
726 -6.1953701046925636
727 -6.955223915839165
728 -6.193015795115694
729 -7.648475037014557
730 -6.960733621932015
731 -7.01112151868569
732 -6.43654586576129
733 -4.783662643900965
734 -7.8683659416334395
735 -6.250994729188008
736 -8.057947735779193
737 -6.836132841381705
738 -8.58913100088903
739 -5.8994811291024245
740 -5.391215202923982
741 -6.598072311129243
742 -7.155048429209979
743 -7.559394360911981
744 -6.00016502212897
745 -7.296730064989387
746 -7.691791161011328
747 -7.274718553921138
748 -8.08831801169586
749 -7.210548651897551
750 -6.384836046075134
751 0.6974002805659482
752 -2.6828911391152133
753 -4.2091724399144095
754 -4.53101378280273
755 -4.578295994311713
756 -1.3525508874029915
757 -5.918116040056337
758 -4.641602338002354
759 -3.529496932969343
760 -2.5316368284963047
761 1.3068373087318343
762 -3.5328075370056973
763 -7.703794975186003
764 -4.5558710936591424
765 -2.488002564938299
766 -6.344397963172166
767 -8.90469358267729
768 -4.743414878420051
769 -5.572534557255958
770 -5.019911502423664
771 -8.78114316526422
772 -5.308952866209932
773 -5.984719179777449
774 -6.134827611710477
775 -5.1097892468395045
776 -3.685835475244697
777 -5.978541959828449
778 -5.419073206398449
779 -6.0709438422373605
780 -4.016460967678638
781 -6.445295919744692
782 -7.221116756297622
783 -7.12603041243082
784 -5.154619970125806
785 -7.533161671328705
786 -6.0367675456282575
787 -6.9646133627751805
788 -7.557800815338876
789 -7.67757861974562
790 -6.979237976893226
791 -6.8621159058101755
792 -6.655216493537706
793 -4.678700739189083
794 -7.963623587839143
795 -5.678862771584404
796 -8.058786535303213
797 -6.84511499134087
798 -8.565884644997057
799 -6.166943473835385
800 -5.555381204105585
801 -7.150877440734676
802 -6.838454749116439
803 -7.494409557600389
804 -6.120314290369329
805 -8.884248550487717
806 -7.913535686858634
807 -7.248678782700365
808 -8.733253367789061
809 -7.221611995003606
810 -6.273543055271064
811 -4.1101786851532
812 -0.16019202044786998
813 -1.6275158453780267
814 -7.110929375367041
815 -3.9386691500935402
816 -4.1232141915631635
817 -4.600247726046383
818 -5.7587771168012925
819 -3.1130140138080282
820 -3.763478593173497
821 -4.67437631376658
822 -4.024700309192723
823 -3.064653570975248
824 0.0651983341361457
825 -1.806144304910036
826 -5.309351147616942
827 -4.2917881336955315
828 -7.8891595693837715
829 -3.852875003886022
830 -7.105748777665132
831 -3.085763007485854
832 -7.392295102862576
833 -4.312372585678694
834 -5.482964914221244
835 -5.308716349529924
836 -4.033850831841946
837 -5.0575458669412825
838 -1.7605499379226217
839 -4.712311998260871
840 -1.9220361746612893
841 -6.541519500737024
842 -7.41704521268798
843 -7.058155606657662
844 -5.438957619059763
845 -7.678219146067816
846 -6.139031886908341
847 -6.795596427956845
848 -7.747179040594361
849 -7.768591127188263
850 -6.986531616523527
851 -7.159910145967582
852 -6.7406545963734725
853 -4.853487168716323
854 -8.045031105271057
855 -5.773026746724501
856 -7.994125039257852
857 -6.8427140264822475
858 -8.477394565885017
859 -6.106774528334984
860 -5.5667024585588125
861 -7.2846244814643555
862 -6.950682499396203
863 -7.591715153507024
864 -5.953992206424401
865 -8.599817466669665
866 -7.778608638771066
867 -7.386453453722391
868 -9.048723190803692
869 -7.230742199222993
870 -6.254525552528942
871 -1.0158089121561784
872 -5.251782981078086
873 -6.58978226811209
874 -1.8643459683010482
875 -1.1847562172543393
876 -3.182725655664401
877 -9.169357029430548
878 -3.7378666571957657
879 -6.295020561318967
880 -4.147116561597011
881 -7.275598805880952
882 -4.106590296658436
883 -4.97491845184805
884 -2.61701248469492
885 0.5764488416817087
886 -4.251281977437609
887 -5.216243943782767
888 -6.4143595281203565
889 -4.2820167775258255
890 -2.2251675236334596
891 -3.498777202159441
892 -7.458504898183928
893 -3.101416619097276
894 -4.241332039173841
895 -7.9649798615680645
896 -5.610307297110389
897 -4.774826616754745
898 -6.389409031779463
899 -7.025860500611355
900 -3.51972534642341
901 -7.275218692122728
902 -7.204617156765708
903 -9.108965305710571
904 -5.078605921630099
905 -7.623656385539743
906 -6.259221944550613
907 -6.9334482120681376
908 -7.727207181348819
909 -7.933642630638231
910 -7.109095227684774
911 -6.824049305551077
912 -6.544842485196432
913 -4.5113979651411045
914 -7.889366324903033
915 -6.052821645864347
916 -8.038948479607747
917 -6.8389855156283605
918 -8.579096628604757
919 -6.363045032387002
920 -5.3782156135737065
921 -7.256186463951564
922 -8.132258967942352
923 -7.526646033802555
924 -6.951559730598323
925 -8.890614047668626
926 -7.826202475538461
927 -7.453099150299217
928 -8.698155229607094
929 -7.225439595041091
930 -6.355302454093533
931 -7.051391539507685
932 -4.681803916978117
933 -2.9410591273683773
934 -6.583485243408969
935 -4.634122271476433
936 -6.671764299807783
937 -5.254331479004021
938 -4.894773520797314
939 -3.84115762299887
940 -7.415620782011703
941 -3.624132516615237
942 -3.2903936310215407
943 -2.454714868139072
944 -5.049632568779446
945 -2.603148625299753
946 -5.63581652257226
947 -4.7480753546163115
948 -4.880217571504712
949 -5.333295472976008
950 -5.2613928543477515
951 -5.340102032007468
952 -5.766400216677171
953 -4.901118831811939
954 -6.721249082990995
955 -7.080816796757104
956 -7.295094859872517
957 -5.426804877692609
958 -5.261641183113189
959 -5.625983094662764
960 -0.058011484487573456
961 -7.2668511577323525
962 -7.3977531322978995
963 -9.241628350122273
964 -5.1703823879677255
965 -7.5309916328295365
966 -6.020871185615198
967 -6.792325227149783
968 -7.544233765680325
969 -7.89724683537847
970 -6.769055613055558
971 -7.453935711579982
972 -6.602026221707226
973 -4.61326148696825
974 -7.670966841020319
975 -5.885712896825272
976 -8.10645515796938
977 -6.839152575041271
978 -8.102893611483745
979 -6.315987839780888
980 -5.563419396809589
981 -6.986897801820014
982 -8.57946091299673
983 -7.41626471687454
984 -7.292492643659189
985 -8.818802043095507
986 -7.897571879052994
987 -7.435979516151314
988 -8.744311670748786
989 -7.175150556176418
990 -6.354457484853948
evaluations raw_y
1 5.78997958506179
2 -3.5976871952276768
3 -3.0634912940896597
4 -0.884679955466256
5 -0.19070695560440687
6 -0.28371022537354507
7 2.765242193097484
8 -0.9763751727000315
9 -5.52525215915605
10 -0.5205184213913484
11 -2.2637973153240925
12 6.000609469507116
13 -1.5341968105980563
14 -4.157758681686044
15 2.64912519708686
16 -4.431885588741103
17 0.29525240228763006
18 3.523023141763276
19 4.6560679303083266
20 3.4204477120704433
21 0.7069925636436696
22 5.681423965212982
23 -3.5709563780837317
24 -3.046795541985851
25 -2.130252252767807
26 -2.737804321295019
27 -1.445820108013219
28 0.7640315034823174
29 2.662741469302409
30 1.04049054317133
31 -6.057090532567031
32 -6.4693077353475905
33 -5.037092670944756
34 -4.555153897415723
35 -3.6309436381538323
36 -5.245089673386708
37 -2.5159350082159597
38 -1.8792257476716425
39 -4.450867280415411
40 -1.5096732016560517
41 -3.257902728890931
42 -0.5020643745715908
43 1.6334884432212537
44 -2.0493796690899666
45 5.304617035748659
46 -4.171887925966825
47 -4.49646465926023
48 -1.384542362015021
49 1.343653758529254
50 -4.540957736846959
51 -1.2419189483663913
52 -0.7486691927107679
53 4.170289340399562
54 -1.1070016471375288
55 -2.0979619400639913
56 -3.8552375800069676
57 0.9070903280039423
58 -1.557749092618984
59 0.4054984306566673
60 -3.049230753645896
61 -2.0782203112333613
62 -4.894408284448255
63 -4.141269317443833
64 -2.175590609206124
65 -3.231173212063592
66 -1.5431759838160202
67 1.9900429064158898
68 -2.4315824905123655
69 -5.8587355933513035
70 -4.372066184698824
71 -3.5042095125104553
72 5.476537280066784
73 -5.575422953524683
74 -6.311080828566688
75 -0.3139297158411298
76 -4.475861884195079
77 -0.6727601133808526
78 -1.3359834191707816
79 0.4031925121206173
80 1.0516302906244408
81 0.7415472456023724
82 -2.910802401289665
83 -4.50908783897777
84 -3.0657783673704833
85 -4.8362601818363
86 -2.7976454868992056
87 -1.4309995849432613
88 -1.3089602013419115
89 -3.839199533444106
90 -2.2446241782904677
91 -2.7028711439507713
92 -5.406557109241914
93 -4.755929386109986
94 -5.611518231446426
95 -5.7012855492560455
96 -6.4738775471166505
97 -6.196533932887611
98 -0.05432905288152327
99 1.7003625357203964
100 0.7127027554873109
101 -1.7745963092640105
102 0.29780425637316255
103 0.6677097574797055
104 0.5376274713280266
105 6.0953987159196386
106 -2.2626603472585973
107 -3.941105736497968
108 -5.400427749424401
109 -1.0164498577832504
110 0.3819787390697569
111 -2.326047525410608
112 0.43515580701801887
113 -3.2959272476067167
114 0.3945888882251518
115 2.5634234118699277
116 -1.260272378673975
117 -1.7766125880421195
118 -2.821114753779485
119 2.1529559615683085
120 0.5868217444804315
121 -2.1756475221347533
122 -5.976209190851984
123 -6.470453394409384
124 -2.2554326908945894
125 -3.1826983883304356
126 -1.5001033078257473
127 0.9067190799696766
128 -3.0804090177667938
129 -6.042424373693361
130 -5.789325329147641
131 -6.1912446084394475
132 5.20432501200464
133 -5.51729835043737
134 -6.452854847706051
135 -0.4298661784396773
136 -5.263554725835293
137 -1.960135204000458
138 -1.3941042026811743
139 -3.1354936894316943
140 0.49726365769131087
141 0.6684876302698322
142 -3.1329956107728796
143 -4.503237371933997
144 -2.5576470267218516
145 -4.546323041191446
146 -2.673090576728726
147 -1.6136294607785033
148 -1.331281709055223
149 -3.862936136270461
150 -3.0309475983448695
151 -5.362178442635066
152 -3.3112391793785414
153 -5.090127738232187
154 -3.9733051597557965
155 -2.750405841311938
156 -0.43241758251264917
157 -4.534342621950379
158 -3.5726330039652936
159 -2.147867405986053
160 -2.3667197499516517
161 -4.0020805898155505
162 3.7692837531895464
163 -1.6211058055517062
164 0.6051988435742451
165 -7.924114046965945
166 -5.382349000006213
167 -4.961726789512305
168 -4.559509376719646
169 -2.028820086808494
170 -0.9370454015855804
171 -1.5229123621312715
172 -5.39697535065793
173 -3.1909074757650364
174 -3.881351371819875
175 -1.8121109863915903
176 0.6786692643767545
177 -2.956392101166929
178 -7.338858056853852
179 -0.508268783011001
180 -4.297261096174718
181 -4.044636474318638
182 -5.749121436999241
183 -6.376556840678775
184 -2.6702142876728914
185 -3.4827907327954915
186 -1.537920578320727
187 0.551532467289501
188 -2.7972389812559357
189 -6.175845480166894
190 -5.8434119667341475
191 -6.196853208712996
192 -8.211651820410424
193 -5.3701075806401715
194 -6.173517315656945
195 -1.2520883952949864
196 -5.385404372052289
197 -1.9144076153668668
198 -2.8458427096923207
199 -2.9339229434095944
200 -0.5539706758110337
201 -4.237754371359445
202 -3.0498909722195533
203 -4.559644943719301
204 -3.8299784234639036
205 -4.996666050564962
206 -3.3865245420274652
207 -1.4805397565792298
208 -7.302624702151458
209 -3.82787004516183
210 -5.201399336709732
211 -3.7010598791228904
212 -6.76997833142953
213 -4.872601198315999
214 -5.85780143835431
215 -0.032804765600827256
216 -3.74731719358226
217 -3.847192023314967
218 -5.22712972378352
219 -4.169413803236024
220 -1.148658120499544
221 0.5075691829268189
222 -4.184836698438828
223 -1.4001211783464158
224 3.2390304307698377
225 1.3557147490262484
226 -2.629232879896376
227 -7.108338333793778
228 -1.7520905678894805
229 -6.565644496119138
230 -5.111656675230176
231 -2.5139796119131743
232 -3.865540389623285
233 0.09992798332377206
234 -2.8562525743285034
235 -4.998103142137173
236 -2.917560484922363
237 -1.3334034342167689
238 -5.028531282006297
239 -0.45317209952414805
240 -2.4546811809747613
241 -4.242737622412365
242 -5.435348640298951
243 -6.891205752716913
244 -3.8639686842712537
245 -3.2792881145302593
246 -1.5388765232122905
247 0.43916679557285865
248 -2.9087122645735346
249 -6.099350335418627
250 -5.793777896325296
251 -6.194064464968175
252 -7.821272329008465
253 -5.299548004744477
254 -6.672425913510671
255 -1.4229823227144855
256 -7.090410417630592
257 -5.146457687828133
258 -3.1307402354865506
259 -2.898607877568062
260 -2.6126927224735175
261 -4.402003889463863
262 -4.98717178296739
263 -5.112484341021432
264 -3.9534750235543124
265 -6.5471268444389095
266 -3.3590229839299317
267 -1.433817030264225
268 -7.358008384628028
269 -3.7699712776747454
270 -5.272369224106141
271 -3.500966812492831
272 -2.4156537213001203
273 -3.3231599907077016
274 -4.765331623219202
275 -5.097615401960933
276 -0.45196378220411704
277 -1.7672254338914808
278 -5.80349917424234
279 -3.2560600717733577
280 -2.5971505866222775
281 -0.3613381676608805
282 1.6228842026119925
283 0.17831768967171593
284 -4.440733745089816
285 -3.262250465113776
286 -4.545572785808928
287 -6.137970159814078
288 -5.115807240216012
289 -3.6993694296491912
290 -2.1700755199879964
291 -5.1206142045286
292 -3.4125017488410814
293 -5.389614483201969
294 0.5544427547613188
295 -3.6189778732352553
296 -4.9125590310548
297 -2.2611216062771664
298 -2.4388178771952833
299 -1.0709298681062374
300 0.07348300837701523
301 -4.241815545346335
302 -5.5481395034902725
303 -6.677258312310303
304 -3.916252625059088
305 -3.4216696975765113
306 -5.120531368505247
307 -3.643722353778151
308 -2.8011339884560873
309 -5.883177878865568
310 -6.098661007407434
311 -6.186720301108677
312 -7.801943254750624
313 -5.792795377175701
314 -6.335420309037837
315 -4.357555681682032
316 -7.083426524925725
317 -4.781096484064043
318 -4.913447657041841
319 -2.9761140548058087
320 -2.976122059237169
321 -4.607558434548977
322 -5.112853913122068
323 -1.4625152065447315
324 -5.503234296499633
325 -6.56007663628513
326 -3.6938631113157894
327 -1.36655077184799
328 -7.171654301293267
329 -3.8713073829954228
330 -5.213783994292619
331 -1.687340680099142
332 -7.205559600925509
333 -0.5713833380018241
334 -3.845775836855566
335 -2.342644383482564
336 -5.6995987279629
337 -3.4292180741960205
338 -2.437193496861724
339 -2.0950782293424948
340 -1.0640653606412098
341 -4.667682268149456
342 -2.558473657730645
343 -0.026969581686454767
344 -6.328390783148507
345 -1.6265100293525139
346 -3.453725885016487
347 -8.543750795559212
348 -7.707828680311783
349 -4.781557263334704
350 0.8461891231395013
351 -5.117562218158049
352 -3.829590054655717
353 -3.7167862544244383
354 -3.4261334557825087
355 -3.9831839062309395
356 -0.8237475754013137
357 -4.067536853753128
358 -1.1694472573023096
359 -4.595250474866802
360 -1.63280523918429
361 -4.636954112428002
362 -5.9310144259141
363 -7.27020034945331
364 -4.143585441400386
365 -6.192719629009483
366 -5.120403070943276
367 -3.5526383239272032
368 -2.81672166411438
369 -5.9554539602785965
370 -6.008309715452401
371 -6.179649847269868
372 -7.5744733879159005
373 -6.0120166798142005
374 -6.428141641682202
375 -4.378887260152298
376 -8.5447781550942
377 -5.145326194289172
378 -4.92971109957365
379 -2.9846928915786077
380 -3.961246433904928
381 -4.402575809214596
382 -5.116514000922004
383 -4.863544224157361
384 -5.397037898058931
385 -7.6839849765044566
386 -3.4446887749009947
387 -1.6815722107503137
388 -7.306746601086618
389 -3.936336034185778
390 -5.1877662051217355
391 -5.380911482607422
392 -3.951554746642683
393 -5.668596538899775
394 -6.412433446146281
395 -2.2823138294742753
396 -2.3763751807207933
397 -2.119770868502501
398 -5.6576872657729265
399 -1.9450621340631564
400 -5.9549674380050455
401 -1.9374749388333263
402 -2.8493795599454974
403 -3.422748173287378
404 -1.4529081128994539
405 2.177775352308074
406 -5.901547351054587
407 -3.853056760452254
408 -6.047651940068045
409 -3.767815824733934
410 -3.2654736484512346
411 -5.325495021303323
412 -6.999753620070531
413 -6.553386056171629
414 -0.8429503729442731
415 -4.64878315835432
416 -2.726735387228005
417 -3.056733795246239
418 -6.460960467153746
419 -4.063874180636647
420 -6.988605888004104
421 -4.682056257037058
422 -5.7115256827183725
423 -7.374416935074482
424 -4.1566918300521065
425 -6.711443552912925
426 -5.95139435032493
427 -3.78694337725396
428 -2.651189453473512
429 -6.063667147487884
430 -6.020454214605313
431 -6.181648274823392
432 -8.003800427532806
433 -5.817758817662575
434 -6.623314096475525
435 -4.41810154053665
436 -8.550286758408324
437 -5.504122764276088
438 -6.57886387519504
439 -3.9529160859513484
440 -3.7289140501750033
441 -4.697347183414343
442 -7.002904800668035
443 -4.837294549002084
444 -5.611486121946811
445 -7.6912833467843384
446 -6.663475905207102
447 -7.115650013561577
448 -7.363543913233102
449 -4.00188871905251
450 -5.366214747979181
451 -5.1903603082326715
452 -7.001603536168781
453 -6.349395742454629
454 -5.5219171237124565
455 -3.04632002657525
456 -2.1152439350945964
457 -2.37507764399599
458 -6.479108769954609
459 -4.6744218912180715
460 -0.012386376244992572
461 -1.5931090719778003
462 -4.975793000156357
463 -1.6846238300089997
464 -4.487418999177215
465 1.4422573171723978
466 -6.85226398298485
467 -3.6409659264862713
468 -4.7982983292408115
469 -4.291774579493449
470 -5.109235948679981
471 -4.559465829383759
472 -5.135839901205738
473 -5.860162665053924
474 -3.1407048158092783
475 -4.9856994024533865
476 -4.106979239244814
477 -1.7544820187003687
478 -3.023106174262144
479 -2.5461751771952867
480 -5.021880053578344
481 -4.647311271829786
482 -5.698077822513967
483 -7.276356093199951
484 -3.803849268313324
485 -6.426214803344452
486 -6.4625208104049054
487 -4.683323164285425
488 -2.914058591649216
489 -5.985322733500654
490 -5.973143792288236
491 -6.185905705219909
492 -8.120370177567029
493 -5.833951026723909
494 -6.254894541077514
495 -4.994479888712433
496 -8.525870661866747
497 -5.325506492635806
498 -6.580394911261868
499 -4.181514347247555
500 -4.695690047155274
501 -4.665110799946498
502 -6.980474658084428
503 -4.7721344857263235
504 -5.867189058715744
505 -7.680050336004342
506 -6.660987549580675
507 -7.219661548007535
508 -7.356765019851161
509 -3.933939767009206
510 -5.291211763619572
511 -4.745519224514507
512 -4.477342575276505
513 -4.252907144644796
514 -7.046088894141125
515 -4.800737584625141
516 -5.497373943691437
517 -3.0878516044657522
518 -0.23569402848643844
519 -2.5178221266597234
520 -6.2183698326294685
521 -3.8602517248249524
522 -7.203952083276618
523 -3.560396537189819
524 -6.090351005005205
525 -2.8272699398546504
526 -5.425518581209269
527 -3.422447477318304
528 -5.197972731724984
529 -8.886724860235457
530 -6.750062369478892
531 -7.27205467639824
532 -5.328526395734787
533 -4.5963247745928415
534 -2.7326222503012314
535 -3.017474062440464
536 -3.040899318158497
537 -2.374183772689589
538 -2.2370851632209843
539 -1.1969088491475148
540 -3.1817148010991163
541 -4.653855483208985
542 -5.944295805558703
543 -7.14100672520966
544 -6.037818413404112
545 -7.144579485467347
546 -6.586683695880641
547 -7.487226954598991
548 -3.0469846258984137
549 -6.189699669943463
550 -5.757184207911245
551 -6.190841112600383
552 -8.080537396141466
553 -6.006628994063825
554 -6.251391877778327
555 -4.1031176441172015
556 -8.537121372086522
557 -5.336598654385053
558 -6.582012069455757
559 -4.991467566520781
560 -4.921037039825022
561 -4.653180583068277
562 -6.995083497373932
563 -4.713492044717948
564 -5.874031103260905
565 -7.700097840715792
566 -7.211257651810161
567 -8.866728251425037
568 -7.335575549515506
569 -3.933608507852116
570 -5.390560160225162
571 -4.334107471048997
572 -2.925181562697143
573 -3.656879091099649
574 -3.9490936583360963
575 -4.173113439298316
576 -3.6184387621713685
577 -7.511688527743367
578 -2.5944362738892677
579 -7.340124191760777
580 -4.161344954026826
581 -1.1193807387752344
582 0.9920775548064277
583 -6.081642410856128
584 -3.1286360305410974
585 1.2580019103508029
586 -4.548491753678098
587 -5.367233175482266
588 -7.076311069004337
589 -8.236372009243658
590 -4.443353524986547
591 -7.096529237464774
592 -4.714010117258257
593 -4.758205124409966
594 -2.615020000964515
595 -3.3919831482449596
596 -5.558137339868832
597 -2.2595764668820446
598 -2.26615360066527
599 -4.798550807757491
600 -1.624197203022869
601 -5.479868720938838
602 -6.2884594280793955
603 -7.552147835006201
604 -7.5544019952770345
605 -6.6699244413945635
606 -6.460797512286517
607 -7.406714685062524
608 -2.708418232247411
609 -6.085810376920065
610 -6.131481385485231
611 -7.53681058450281
612 -7.847584419426159
613 -5.669023857501147
614 -6.531147626987315
615 -3.911315328496179
616 -8.534364878717579
617 -5.402072121108492
618 -6.535633270322258
619 -5.554623276093627
620 -5.887234507312015
621 -4.878224376425327
622 -7.107861120353194
623 -4.86655568423049
624 -5.015249892318913
625 -7.704757023715832
626 -7.291116044986838
627 -8.893358714236577
628 -8.0347625688266
629 -3.8471061116762546
630 -5.429977586030852
631 -0.7764236667177181
632 -7.007399322382373
633 0.19957192181198116
634 -4.588825728726754
635 -4.3487160580512
636 -3.7830402686828912
637 -4.956003625411034
638 -6.345507228049898
639 -1.3615138166556666
640 -1.4476180968950918
641 -3.7696287401136357
642 -2.579130382577787
643 -2.62101321708308
644 -5.716071638790902
645 -0.5547792373437421
646 -5.651284647563022
647 -8.642800028333225
648 -6.367636230238299
649 -3.923688245970947
650 -6.365664662160449
651 -6.8719773169778025
652 -3.4245670016818566
653 -9.768207975096114
654 -4.880705876890485
655 -5.132306568471423
656 -5.46023965694335
657 -3.539289445756421
658 -3.783465008545461
659 -4.523930377235675
660 -0.05732928467181305
661 -7.966567831535678
662 -6.360754571279103
663 -7.509909569866982
664 -7.57021002296651
665 -6.76639055365402
666 -6.412523601224418
667 -7.324409479025394
668 -2.8918210331470786
669 -5.798129189035901
670 -6.009136250713492
671 -7.53998995015866
672 -5.679793080588848
673 -5.801684843952023
674 -6.512255105399822
675 -5.5613799839955504
676 -8.639470946128458
677 -5.490825452799512
678 -6.49329381077764
679 -5.428752766448788
680 -9.715941816698924
681 -4.88021964224408
682 -7.111641807274325
683 -4.742550258993904
684 -4.811094127126305
685 -7.703020032574155
686 -7.348891826992481
687 -8.900741387281226
688 -7.968457657197205
689 -3.9560877507308034
690 -5.402892277364032
691 -5.026919568542329
692 0.1074115361235688
693 -7.566136838103913
694 -3.876510801181409
695 -0.34782420531578156
696 -5.007973772218366
697 -5.275702273884691
698 -5.799346725317933
699 -2.5772682070308197
700 -5.760474518276266
701 -2.8675610571551196
702 -5.051068610524685
703 -6.9329382113918845
704 -4.640251804251816
705 -0.4775908470612133
706 -5.709985138045649
707 -7.314128668825502
708 -4.955853378144413
709 -7.484161847737118
710 -5.223923116201208
711 -5.467619466762559
712 -5.862441185750978
713 -5.600378590148069
714 -5.200364586075873
715 -8.817110694114273
716 -4.414907041880857
717 -4.218396303053287
718 -5.17371937492716
719 -3.877564889954371
720 -0.6252534945215965
721 -7.903783842155179
722 -6.118233618306172
723 -7.632520815876401
724 -7.467708770253455
725 -7.018483803882776
726 -6.301269829810572
727 -7.382701638284865
728 -3.052893376941251
729 -6.130998258817215
730 -5.8698305491525655
731 -7.743853305392814
732 -7.709425735894488
733 -5.943779995814168
734 -6.253030671871081
735 -5.6612744271209765
736 -8.629705730127467
737 -5.462761324268844
738 -6.581999860341652
739 -8.756269492608162
740 -9.79368258459509
741 -4.873111347274704
742 -7.111056119166296
743 -4.676946416837723
744 -5.076024553254896
745 -6.513862520193588
746 -7.351852064236586
747 -8.880997198366128
748 -8.25232423359019
749 -3.869837937433006
750 -5.179988780998718
751 -5.277773630528957
752 -3.1238045332515028
753 -6.301717621319108
754 -7.064721682837747
755 -2.191754438834635
756 -4.773800855196226
757 -4.266920123567464
758 -4.454582670053039
759 -5.7910562139152395
760 -2.5757348557239883
761 -5.939051132806776
762 -6.40038038255093
763 -2.5897912300115506
764 -4.471092970905896
765 0.9907904944004923
766 -9.790742529839598
767 -9.021582942821366
768 -5.713890157996035
769 -7.680068098640001
770 -6.95276835759076
771 -6.3115611713073765
772 -5.503559424996209
773 -5.465412243235008
774 -3.8868113860443745
775 -5.148460871796384
776 -4.402980229310554
777 -4.207598330256485
778 -2.867389205312401
779 -4.413357156291777
780 -3.107055580958444
781 -7.770319393063299
782 -6.139669105705985
783 -7.5569610636525475
784 -7.540160713754151
785 -6.721391624211028
786 -6.324435233356233
787 -7.435919122092341
788 -2.7137029530773797
789 -5.848146474292024
790 -5.840539217674563
791 -7.762449471625794
792 -7.699375948410559
793 -6.321289355021024
794 -6.1692814953834345
795 -5.737014881275659
796 -8.643691785259984
797 -5.483025437149842
798 -6.57044091157829
799 -8.804914083704304
800 -9.79750672056495
801 -4.8817756186349595
802 -7.114874438946943
803 -4.821895395944954
804 -5.066997286441907
805 -6.608571662426351
806 -7.355359319416245
807 -9.00594091259901
808 -8.22139786473932
809 -4.042790500002665
810 -5.092169925897347
811 -2.029916629138357
812 -4.985460932692255
813 -3.133350229754365
814 -3.354109171054857
815 -2.3560279675446743
816 -3.003853633316759
817 -2.5199234475411303
818 -6.607395233374557
819 -4.258369444675157
820 -4.153276009687414
821 -2.440847495991381
822 -4.624688333086426
823 -4.596192795908295
824 -1.2046053803341104
825 1.876817201380109
826 -5.8004995467329445
827 -5.420536617414096
828 -4.8656155644262356
829 -5.92167762778396
830 -5.217457911423206
831 -7.901876998610241
832 -6.69279422388259
833 -6.411856543607434
834 -6.255914323689187
835 -4.987200628178064
836 -4.632949309720354
837 -5.976290081778235
838 -5.393192743313846
839 -3.857980048902874
840 -3.463317242976862
841 -7.877371924644862
842 -6.1717374075134535
843 -7.484655378806266
844 -7.61085095085277
845 -6.9885969055999535
846 -6.583012799505742
847 -7.421434351054774
848 -2.817826070516397
849 -5.82851009878107
850 -5.736988812459457
851 -7.506183233760293
852 -7.710596020793137
853 -6.318653102879305
854 -6.241606965114005
855 -5.486058606046843
856 -8.617616745795921
857 -5.455187600828331
858 -6.5641979055678465
859 -8.7845844740739
860 -9.665211517373303
861 -5.231285420118356
862 -7.115569813915747
863 -4.768867414867771
864 -6.029717136078949
865 -6.648333862076892
866 -7.92852916433289
867 -9.05381185506199
868 -8.194063659377505
869 -3.9484283075481157
870 -5.347324934416601
871 -4.950717134139171
872 -3.683496607476212
873 -5.265416710926387
874 -5.382074163915416
875 -4.2703654438198395
876 -2.974505199928347
877 -3.7365691262488827
878 -2.441529176118913
879 -2.708368822074068
880 -5.685186446065684
881 -3.1620014010122373
882 -2.084388470939921
883 -0.22767212432451678
884 -3.2126631281933786
885 -1.4005389034832656
886 -6.677829279791473
887 -4.8148840784061555
888 -5.616390428619206
889 -7.529897266844586
890 -5.804445931139776
891 -6.893663420295641
892 -7.08718307895594
893 -5.8026013959496785
894 -5.010894584749266
895 -5.688715903299869
896 -6.464049107751589
897 -4.211775283305158
898 -5.785383348213507
899 -0.08172399500475226
900 -3.8223831820663414
901 -8.244487363130453
902 -6.437778707395288
903 -7.4617371016928455
904 -7.433691707330153
905 -6.927055237548258
906 -6.488281196740278
907 -7.2108571074217345
908 -2.7056167276232306
909 -6.0111505636485205
910 -5.920566817134783
911 -7.7620901881523645
912 -7.6907701049255
913 -6.368841890095955
914 -6.681829764124452
915 -5.662168099347436
916 -8.646430684009037
917 -6.422265820676641
918 -6.545421064425893
919 -8.813592272898841
920 -9.720453269026127
921 -5.770363475397538
922 -7.108060062919354
923 -4.686011955779432
924 -6.062216278079878
925 -6.7465511813072725
926 -7.959405010222362
927 -9.088440462419364
928 -8.253118672855114
929 -3.976750224733759
930 -5.43315791371965
931 -4.774011166270703
932 -3.970702963106188
933 -3.6852032353283812
934 -4.336508004567347
935 -2.2916839162104923
936 -3.304391743898169
937 -5.355837363711821
938 -2.463358401374452
939 -0.8750733086450692
940 -0.16296801147124082
941 -0.8616026568612967
942 -2.531080935869158
943 -3.355306098496509
944 -6.629530209356189
945 2.40691414474953
946 -5.542959066101945
947 -7.31683358117213
948 -3.9336083587331827
949 -7.086097219657591
950 -2.696763163701711
951 -7.998238205059292
952 -6.131708303615936
953 -1.8757541546271232
954 -3.057433931205679
955 -4.652697834022367
956 -5.46588421978646
957 -8.057447915157631
958 -1.9885818664003712
959 -3.146802192240769
960 -4.125231025593868
961 -7.815008841264152
962 -5.923130689593849
963 -7.487156266186176
964 -7.595180769064847
965 -7.049530425931296
966 -6.534806339849103
967 -7.240845552758048
968 -2.99806094629843
969 -6.183450167393518
970 -5.7381056611146
971 -7.769907722709438
972 -7.7075053787557515
973 -6.519779036389768
974 -6.4472917472482605
975 -6.144970136854742
976 -8.640345950062782
977 -6.434101429576258
978 -6.540755960746585
979 -8.78098180526348
980 -9.780837859571236
981 -8.057693527750374
982 -7.109426280618602
983 -4.64715457086723
984 -5.998262178961612
985 -6.844769721716905
986 -8.114586735900566
987 -9.108497097036722
988 -8.166949602802248
989 -4.186429666152184
990 -5.248959155735744
evaluations raw_y
1 5.516141043309509
2 -4.8091556751714295
3 0.020664156877623067
4 -3.445907577466646
5 -1.7869222341484334
6 2.3848408527612457
7 -1.3869107597330521
8 1.1211470033485829
9 -0.8883544514158439
10 2.3842965270068843
11 1.0823573236892565
12 0.11013248825322583
13 0.8722681726411827
14 0.319971870540521
15 2.034786983632893
16 1.7416475169012404
17 1.0315458386662244
18 3.772407460663049
19 -2.4263130029939357
20 -5.050372926136876
21 1.9439599054319943
22 1.4056464408576534
23 -0.7128486164630614
24 0.7790919149348791
25 3.3642482879695206
26 -3.5476171004758386
27 -0.02730604518733732
28 1.0888134974339083
29 2.962825218600537
30 3.217493407698323
31 -2.7200796454170324
32 -4.208766993696078
33 -1.2968981629756975
34 -1.4474835888607556
35 -1.7265775889774526
36 1.5758828090622672
37 -1.1715103410583416
38 -0.7981189156055819
39 0.08721210449507806
40 0.7742150996736425
41 -2.860128663261533
42 -0.30544310235062505
43 1.2277058072629485
44 -2.3434974958361234
45 2.654457094882153
46 -0.5295390923523527
47 -2.1796649300722444
48 -0.4000858288080868
49 -1.770021178130989
50 1.0796941285296688
51 1.0755944954438907
52 -0.8137396252842066
53 -1.6793862976251646
54 1.605030580117499
55 1.110169390065011
56 4.434483047226802
57 -2.310373112671743
58 2.162852491116766
59 0.05526272358854199
60 -1.455109011169899
61 2.6204084183555465
62 -4.942640334496005
63 0.011232685916654656
64 -4.1702767624428425
65 -1.625642197929028
66 -2.4082244318549466
67 -1.5052747860166444
68 -2.8247296369462758
69 -1.5755130891143683
70 1.2797848261510019
71 0.21210944033317092
72 -1.1769751870952523
73 -0.17599800078356026
74 -0.568210056538431
75 -0.0931817227271588
76 0.7853461289479868
77 -0.722263680023957
78 -1.685287762960041
79 -2.54203540462272
80 -5.087147628623116
81 1.9463115717943658
82 1.1389504222576288
83 -2.051486531796939
84 0.9735948206796484
85 -0.16531670726512593
86 -3.8761651880990025
87 -0.019092994829526706
88 -1.7928430714397203
89 -2.3214286323095092
90 2.24252630710275
91 -2.367642599571101
92 -4.410936885022424
93 -3.7022863471615395
94 1.6855438589272778
95 4.50382890742182
96 -2.3887078761203493
97 -2.58277503690183
98 -1.3323650150368336
99 -0.5450416788079996
100 -2.2986728863831143
101 -1.8061932657364757
102 3.9029531757690026
103 -0.5037029183834465
104 0.21673077540368071
105 0.7033555097920172
106 -1.6431979653796123
107 -3.4420782963553447
108 -1.7926019961954482
109 0.17965112707780398
110 -4.28007446208035
111 -0.2970374928894093
112 -4.766047373239057
113 -3.2292703398932208
114 0.307916840165082
115 2.5015164666904997
116 1.2177985245317486
117 1.9164817619666923
118 2.679436699291412
119 2.2910360933198968
120 3.2363386588046024
121 0.5965266369152062
122 -4.704479859770271
123 -0.003940767484088287
124 -4.416146748361984
125 -1.567338875323442
126 -2.179298123200506
127 -2.5819161479764423
128 -3.6229284190071653
129 -2.247947117692643
130 0.5263992169373137
131 0.0572381447099481
132 -1.349105707421586
133 -2.157250700427808
134 -0.34795788281052525
135 -1.923784459671131
136 1.1673468546445447
137 -3.31443028557345
138 -4.500355295625384
139 -2.3390824385160816
140 -5.101226545733858
141 2.233569637387326
142 1.7002992396838708
143 -4.422139021805798
144 1.149324114389262
145 -0.15847222673537975
146 -3.5615366807156885
147 -0.2235807918470361
148 -1.4397945966151404
149 -2.4274468724783813
150 1.8240240349653034
151 -1.218627599935306
152 -5.06425487293877
153 -1.8189792238609561
154 1.9008942067869905
155 -3.572015729093086
156 -2.696346336495258
157 -1.918957516116855
158 -4.980895780169366
159 -0.5266872105194593
160 -2.9498524003202182
161 -0.5478383191246363
162 2.136483713791811
163 -1.2052533203644398
164 0.7355464311681987
165 2.3202142886275046
166 -1.5306361113027385
167 -0.7414335341788274
168 -4.936383700019517
169 -3.4129762793863314
170 1.0004047740276976
171 -3.2835366891522626
172 -2.147755355652538
173 -2.2937642589838405
174 0.10814053204497924
175 0.7822696957480423
176 1.4675175539853362
177 2.3772229945769885
178 0.6780045360331418
179 -0.2930857517341589
180 0.14966781900272283
181 0.38988825146609285
182 -4.689364936080569
183 0.08349762961276502
184 -5.053895073536863
185 -1.8266882453320565
186 -2.4829066065322563
187 -2.712224530899271
188 -3.580213401068282
189 -3.6901478403446597
190 0.49694955990817025
191 -1.2039811903150095
192 -2.9389746988773497
193 -1.9492619978505992
194 -0.842929187436416
195 -4.831958884213451
196 0.9481663637730333
197 -3.08437873476369
198 -4.669859387452338
199 -2.699913275265883
200 -4.883451269788718
201 0.3985065224236084
202 0.6996170738849429
203 -4.860582647700061
204 1.0743362959282403
205 -0.04935617707830399
206 -3.8442369045206983
207 0.30863128226895326
208 -2.236744790073708
209 -3.119421710661992
210 -0.16220450454318286
211 -2.1966639613831074
212 -2.00232409296134
213 -4.0380895896982265
214 -5.338959554628484
215 -4.058014990257679
216 -2.246975196482359
217 -1.0902286490779463
218 -4.779740416142026
219 -0.7063684896545529
220 -0.6653925977744891
221 -2.843702413400349
222 -1.3954479535361373
223 0.3985820890373731
224 4.951478100196157
225 -2.6887056560883495
226 -4.262012079477664
227 -4.552020805005315
228 -3.596390936816326
229 -2.0605960896282567
230 -1.1212567505756665
231 -3.893737845567226
232 -1.3768818964790739
233 -2.210440351843153
234 -3.024975528799829
235 -0.6781597166833615
236 0.4287153951821344
237 -1.4586769038951837
238 0.879198704921452
239 3.071361207234626
240 2.3759604903521607
241 0.5112502106584178
242 -4.51325555808178
243 0.12002260189578046
244 -5.05087021663666
245 -1.7280742389524606
246 -4.767928511925637
247 -2.5891277846165077
248 -3.9475113894296294
249 -5.618191348167846
250 -2.646282348184066
251 -3.0160570884417117
252 -3.2206060391244202
253 -2.3984549532550807
254 -1.4616664361468472
255 -4.7561285526675405
256 1.3624754799050849
257 -4.024971942412313
258 -4.574762004688026
259 -2.198750062729171
260 -5.012264867863849
261 -1.4804559057394542
262 0.9054361908266014
263 -4.8085689725049825
264 1.0808960471132196
265 -0.558417278542442
266 -3.8916058881081157
267 0.28398455408280193
268 -2.2977447845223633
269 -3.156907840272623
270 -2.9754505472057384
271 -2.2468349513809267
272 -1.8403242409134213
273 -0.910796204714952
274 -3.03145486851613
275 -1.3853222683634696
276 -3.8605794877455546
277 -3.237603874508302
278 -1.2482122121500794
279 -4.02127729081116
280 -0.24696147218113013
281 -1.1965552531906498
282 1.2698882323135774
283 -0.684158006955952
284 -0.061805197071633046
285 4.035493025228745
286 -0.1497376105887266
287 -1.874050408011298
288 0.2555551301993581
289 -3.4277688755076032
290 0.9104474010920826
291 -3.3852457220970944
292 -1.7967534734693986
293 -1.5243852229785833
294 -4.08127346303409
295 3.4718125795516754
296 4.774792174323733
297 -0.37879246451692944
298 0.8279702912780974
299 2.3236296573466446
300 2.8907283952894787
301 0.5533123762460015
302 -4.612884557332094
303 -0.018417550977777676
304 -5.037744427627392
305 -1.6429889499659522
306 -4.943465230687893
307 -2.582924188943827
308 -4.288071340947933
309 -5.7663230216126875
310 -4.038161808378591
311 -2.9376256721572434
312 -3.238814674131289
313 -1.9768711114062218
314 -1.430326724377229
315 -5.016003362419477
316 1.2746764327400864
317 -3.8444263512637677
318 -4.659467466436625
319 -3.9735002736259726
320 -5.525160472012975
321 -1.712808875323079
322 0.6039652592808692
323 -4.6395141366378185
324 0.7378695593630354
325 -0.7272076867858203
326 -3.7025618931716107
327 -0.561677397766994
328 -2.3711256520214277
329 -3.3614596343525136
330 -2.8246474482371347
331 -1.847799337822467
332 -4.644671368955951
333 -4.2990983570651995
334 -4.751481528079938
335 -3.7380099606239594
336 -4.315944633764869
337 -5.1773508853519745
338 -3.7347220133681933
339 -1.71841800201983
340 -1.8407366640394864
341 -1.926751983838314
342 3.8960120876931135
343 -1.0751783807059967
344 0.36957276241104253
345 -1.2946262988212107
346 -1.5481583330098543
347 -2.9524744897267614
348 1.0193371941276117
349 1.7266332458970697
350 -0.5803777759592826
351 -1.2348126997625917
352 -4.118083813766269
353 -1.8470412305921162
354 0.4667386233154509
355 -3.1685733529695095
356 -1.0821002082053917
357 1.513165707881489
358 3.47427450692335
359 5.734944882126489
360 1.8927511790559715
361 -1.2631817809358805
362 -4.674828151381459
363 -0.013995132355108778
364 -5.059216366908912
365 -1.8781323883820267
366 -4.924184990000406
367 -2.5084547580692034
368 -4.315839870816105
369 -5.5580015505735085
370 -5.195364524822274
371 -2.7848104074598763
372 -3.846722875165828
373 -2.2041439416011173
374 -1.4453205905738449
375 -5.0146460897357485
376 1.0519864283496103
377 -3.8041274270912906
378 -4.590256919607353
379 -3.947714594920827
380 -4.96444692557943
381 -3.2434065479162113
382 0.5219926172530792
383 -4.646611111049916
384 0.7876042787586265
385 -1.055212710006425
386 -3.5144558227334146
387 -0.15088165200514828
388 -2.2414761309282487
389 -4.140757220936824
390 -2.8522781854232364
391 -1.410026616848965
392 -0.8740017666783892
393 -2.7135332098889666
394 -2.8173855957427074
395 -2.6095365390488143
396 -5.375911511570354
397 -2.6909561900177117
398 -3.8707446997863264
399 -2.644347388823711
400 1.4745397996733056
401 -3.3223254545791603
402 3.844135287291562
403 0.3515936990729811
404 1.4991575122003484
405 -0.7437562373082581
406 -2.111747742417989
407 -0.884353653983976
408 -1.244247190978193
409 -1.2334920658314084
410 -0.9195805914973033
411 -6.327786421216071
412 -3.9641531374982826
413 -1.3064514017242883
414 -0.9646174970843066
415 0.033002194066628535
416 3.762361375796
417 -0.10262238457668159
418 4.311501783088707
419 0.8747331715739374
420 0.6525167668275094
421 -1.3809196332994176
422 -5.259170041956292
423 -0.2683678384094596
424 -5.0640461419277285
425 -1.729617583725507
426 -4.8268134645465155
427 -2.5760734704853734
428 -4.266809003427894
429 -5.569866999142801
430 -5.120903904160171
431 -2.9068359889852915
432 -3.8963569462363603
433 -3.2885347480964873
434 -1.4868135773608906
435 -4.788250500952412
436 0.6643401869951941
437 -6.0353170466119135
438 -4.356835182173368
439 -4.23394139053434
440 -4.754706553890632
441 -3.227680115183756
442 0.8203688824899156
443 -4.815186908589544
444 0.7809708046828386
445 -1.0278957376015836
446 -4.4031691767564505
447 -0.46179874149395134
448 -2.2934426099090763
449 -4.091082751359507
450 -2.817773119330837
451 -5.228601917302465
452 -2.9907794354684674
453 -2.993055797991156
454 -4.960745086219922
455 -4.137548971326139
456 -0.5681916969076433
457 -5.873082567728644
458 -3.0887232119831687
459 -3.214022174446245
460 -1.0768896083857034
461 1.837311007788918
462 1.7060513434871254
463 -1.0334115465554086
464 0.979318104836389
465 -0.8822764174247946
466 -4.35391809777266
467 -1.9676448552548849
468 -3.0133359377264903
469 -5.232167017535191
470 -2.1518153193537413
471 -2.9141800145492143
472 0.08340485396008492
473 -3.9744365780385964
474 0.7509429410145785
475 -1.1867073362382738
476 -1.127298892348403
477 -2.590383949977691
478 0.3340260824764127
479 2.42814745666333
480 3.302298866256059
481 -1.2911996215136994
482 -5.1731528849957975
483 -0.6958426527884106
484 -5.051167525974206
485 -1.6796346149480568
486 -4.939031988037797
487 -2.4810075189350917
488 -5.564102544734773
489 -5.733540367938163
490 -5.097416576879832
491 -2.97322997150266
492 -3.817003404474696
493 -3.312651010596838
494 -1.2120958007820235
495 -4.887180015709462
496 0.1960289127035482
497 -5.967303835220642
498 0.8259120360701709
499 -3.906358990119512
500 -4.770413003085218
501 -4.0083756332352385
502 0.8282959904125822
503 -4.422071161632459
504 -4.754198847666406
505 -1.2475635237999143
506 -4.9472397832123765
507 -2.360986374060086
508 -2.215458902145373
509 -4.112145968950913
510 -3.328423025323856
511 -3.674492958796722
512 -1.6641302175634811
513 -1.9190045241453708
514 -0.36783004138244096
515 -3.440920821764051
516 -1.5030927796957296
517 -4.594209432109764
518 -2.3287777290395937
519 -3.2766732379716994
520 -2.080450744854433
521 -2.4045936536571513
522 3.5752703981185756
523 3.3853552831170086
524 -1.180583582391623
525 -2.713210902446196
526 -5.547883985268749
527 -5.564744978619272
528 -2.204263658826295
529 -4.491736480172868
530 -3.5873546026748233
531 -0.7125454815013151
532 -5.486009095866981
533 -1.2026685993645498
534 -0.8655528439234224
535 -1.135771258542771
536 -2.9999006634605525
537 -0.5855946442734807
538 -5.944664402969295
539 0.31529201677268903
540 -1.2721208451944843
541 -1.1461359369734858
542 -5.239655130994734
543 -2.8265196978092764
544 -5.064109032916095
545 -1.6769508227028498
546 -4.928571962832405
547 -2.5848700822335084
548 -5.988316084679936
549 -5.587979659854626
550 -5.421807973572805
551 -2.811647930801487
552 -3.895563884294151
553 -3.3024221263783256
554 -1.3205511960321616
555 -4.888729032294115
556 -5.9644428373338805
557 -6.00587841932235
558 0.3085712727721438
559 -4.052151933300977
560 -5.2958520155566555
561 -5.432231999800243
562 -1.124086819162475
563 -4.844517028829676
564 -4.608281449231163
565 -1.1686005378040176
566 -5.439059333041404
567 -2.447025079593891
568 -2.9411884269105317
569 -4.13616796518852
570 -2.977043170754783
571 -0.4379948471261774
572 -4.081262308041199
573 -3.660859066144118
574 -5.078398680429661
575 -3.0934348869206203
576 -2.9401382800742963
577 -2.1437461156727364
578 -0.3434587396414664
579 -3.9176708227751598
580 -2.7328890866073183
581 -3.875204998766081
582 -4.471304500985702
583 0.04882487668969457
584 1.7773560213859034
585 2.3195890038830753
586 -3.467591689425534
587 0.4926650465552909
588 -5.236559993167475
589 -2.0934992940244856
590 -2.4710715395790124
591 -2.910067445296046
592 -4.582116413428913
593 -2.7324275460852157
594 -2.3835902048120774
595 -4.424503668938897
596 -2.677917777990811
597 -1.5525309337800695
598 -0.6410580898529791
599 -3.8795054721918953
600 -1.752939794589306
601 -1.156493581805432
602 -5.0365378271629675
603 -2.8067010043176137
604 -5.060022083199387
605 -1.8204351608333098
606 -5.154577994175143
607 -4.7515049922201715
608 -5.922714811636809
609 -5.5397781367135535
610 -5.088364252913408
611 -3.8360730681765065
612 -3.8166885550233176
613 -3.8945210041875367
614 -1.3212596244248125
615 -4.919291278077639
616 -6.134351355748414
617 -6.289201695173649
618 -1.4248401840887923
619 -4.259610220498417
620 -4.890749754608793
621 -5.614380197712051
622 -3.88969071369654
623 -4.576190034259488
624 -4.7284928681963665
625 -1.1916309384857657
626 -5.448307867366014
627 -2.3574740364439903
628 -2.9025560298401563
629 -4.135982746014568
630 -4.227016836106241
631 -4.443548867042083
632 -3.709371024390461
633 -2.7161128145650393
634 -2.2427097220446415
635 -1.442701368063829
636 -4.964676225205171
637 -1.4725980644153371
638 -2.0386407729569638
639 -5.3926018863093335
640 -2.9792699123146256
641 -3.532916168917799
642 -0.35103897495842784
643 0.6579092452930699
644 -1.4345636477120636
645 0.9953470300127081
646 -7.528643566712976
647 -2.570321505332649
648 -2.762735676698295
649 -4.7393343238273875
650 -2.368154250633341
651 -3.923857802718582
652 -3.84155386566875
653 -2.0931678203986643
654 -1.3228334925494347
655 -1.9142298870705687
656 -2.0347086323749095
657 -2.7755866530867213
658 -1.8273491274536855
659 -3.362241501535482
660 -1.210535520762062
661 -1.2217866426092174
662 -5.035601523512015
663 -2.9298740554935536
664 -5.04992990522573
665 -1.6754403827485669
666 -4.884788696430886
667 -4.497889393889691
668 -5.600305768574215
669 -5.732062741789038
670 -5.3754136659538
671 -3.8672215269866275
672 -3.8997720543479244
673 -5.3953427997789545
674 -1.70872577766878
675 -4.87978753564091
676 -5.728085970510195
677 -7.551105195695595
678 -3.2501907083385526
679 -3.8298671375714766
680 -4.704230381465703
681 -5.597802814121088
682 -3.8734885102470304
683 -4.565656069660456
684 -4.667325665820941
685 -1.379710957032271
686 -5.444776949931831
687 -2.450915769002323
688 -2.8377317780383513
689 -4.077434792479828
690 -4.267078286416071
691 0.9968340436915678
692 -3.146713582266697
693 -5.094191597318672
694 -5.2703146048865985
695 -2.9592628576663116
696 -2.7317680582462995
697 -5.427060504878116
698 -3.1128279506679326
699 -2.4898281370257074
700 -0.8280676071079494
701 -4.459021231692042
702 -3.319137208797464
703 -4.468746304183278
704 -0.3119162959769575
705 0.3690892361066279
706 -4.985764512401169
707 -4.580757820084646
708 -3.959259126507697
709 -1.797427003757011
710 -3.7163695406396333
711 -5.266754349374805
712 -5.309479932109399
713 -4.673251413229845
714 -1.1666123010470026
715 -4.141994663229807
716 0.16772916623741874
717 -1.8174939191670034
718 -2.321012704697719
719 -2.139540396314027
720 -3.4029821338426807
721 -1.1478279758800083
722 -5.3534670349396265
723 -3.2009730806150802
724 -5.064485586266326
725 -1.888455377283935
726 -4.996678275314219
727 -4.807160745686124
728 -5.682619518746708
729 -5.574774354003199
730 -5.349307875042557
731 -4.461425831497746
732 -3.8751005608720366
733 -5.330042091614584
734 -4.479076201906703
735 -4.854413019877164
736 -5.6145083077547415
737 -7.5457561336234225
738 -3.2356088746769367
739 -3.902825090809762
740 -4.922449938681813
741 -5.61456526326923
742 -4.2122285109653195
743 -5.4420880179455775
744 -5.248256178505673
745 -3.4452044643825843
746 -5.548901379868038
747 -2.4383685305356204
748 -3.2783960842554394
749 -4.142376952701072
750 -4.4504717095248925
751 -0.6817369757459675
752 -3.981360310616581
753 -3.2757063611293726
754 -4.485270258617657
755 -1.8701872696541875
756 -4.3566675953079095
757 -4.271368681372441
758 -1.817672044084163
759 -1.3992691871510285
760 -3.188623122838778
761 -6.014856872788049
762 -4.0372276104605485
763 -0.20364223489280506
764 4.143032293607865
765 1.555211467254303
766 -5.594777551644428
767 -4.891853321757308
768 -0.8651130128356805
769 -5.5010949123890045
770 -4.779435229674902
771 -6.2922157517525825
772 -5.235502293652745
773 -5.391331841617867
774 -4.337022722647626
775 -4.970727269703544
776 -2.6304472710411604
777 -4.106035970277008
778 -5.078321975805634
779 -2.966681025811995
780 -1.783445548096885
781 -1.3909458013192495
782 -5.414143843031899
783 -3.3504166934589223
784 -5.0642499574604285
785 -1.7163797395785874
786 -2.9272494187867113
787 -4.694381367810986
788 -5.785384524699734
789 -5.697971670301166
790 -5.405598771521407
791 -5.994276679698287
792 -3.962202413568272
793 -5.301404908574564
794 -4.2292255015557405
795 -4.894491926327104
796 -5.936611678669825
797 -7.54970850613323
798 -3.364540031776903
799 -3.9948070743584476
800 -5.266719835018193
801 -5.585588297859212
802 -4.8588463633438135
803 -5.330203507956642
804 -6.270768762400094
805 -5.269904895574143
806 -5.546086096001979
807 -2.6931656157688457
808 -5.26207838642709
809 -4.140451038930364
810 -4.618732035204463
811 -3.121064291604507
812 -5.206662286464656
813 -3.115653495369518
814 -3.2016332614294987
815 -3.972237423207583
816 -6.057572527781177
817 -3.1133786099041134
818 -6.084123571997376
819 -2.565035010068819
820 -2.7767868279151755
821 -2.579277143687012
822 -1.365670056473674
823 1.8844217523975875
824 0.6777833244914618
825 3.4517807860789445
826 -6.986473256010068
827 -5.73660330667121
828 -5.507282430597798
829 -3.536790336452991
830 -6.364793783800073
831 -4.814833343662312
832 -4.7286830539108875
833 -6.390247232810568
834 -7.63007672906449
835 -5.731654050802118
836 -2.991895878799808
837 -0.43486537166170347
838 -1.431828718996903
839 -4.237035114502729
840 -4.20495749082287
841 -1.2178854040534701
842 -5.343395258275227
843 -3.2196114165741445
844 -5.062066316696997
845 -1.892841183905795
846 -3.4950741029840393
847 -4.8035402275284556
848 -5.908958727490831
849 -5.32610652146623
850 -5.166190754524899
851 -5.99772179578487
852 -3.975283620960349
853 -6.058433949038076
854 -4.0649474498956675
855 -6.0502967939380445
856 -7.742199602949193
857 -7.530880047619432
858 -4.277254723381486
859 -3.938750050157462
860 -6.575665991465069
861 -5.575143029648737
862 -5.676780491689648
863 -5.407255230718199
864 -6.243500890132937
865 -5.069403525208189
866 -6.394559466265364
867 -4.150094314175022
868 -5.7964113130367725
869 -4.1258403813401365
870 -4.536318721048053
871 -4.599779472949076
872 -2.0003704309690855
873 -4.7200026146526115
874 -3.700178238451057
875 -3.5689978070560673
876 -3.721580838349985
877 -3.1269710035549325
878 -2.6440596024534484
879 -3.505684393635063
880 -3.2408989182698202
881 -2.5476171908230563
882 -2.915064318523715
883 -2.716499720274542
884 -0.0961890166521068
885 5.774812421329204
886 -7.2238181927942735
887 -5.738539767703914
888 -4.946676646294948
889 -7.045086328089593
890 -4.34831671905321
891 -0.4911982979387376
892 -8.32062443272696
893 -6.174758569820778
894 -4.885059182272748
895 -5.117303612019777
896 -3.0827034976276755
897 -3.978129002764231
898 -3.0992734869466294
899 -0.7476583306492883
900 -3.6120826049332737
901 -1.0847298788085924
902 -5.096199612407611
903 -3.1093735282804973
904 -5.065480314174092
905 -1.6333761434012253
906 -3.1382255156116146
907 -5.157617130411905
908 -5.653663880318887
909 -5.702518744358636
910 -5.307600300200027
911 -6.013375078944936
912 -4.048942390368767
913 -6.066815882298861
914 -4.494768567677384
915 -5.901311103725164
916 -7.577469343984871
917 -7.490005088418828
918 -4.275061745325342
919 -4.152513426698751
920 -6.652039023601379
921 -6.10481567905245
922 -8.32199704008111
923 -5.574416399206813
924 -6.160241157084254
925 -5.1204285861802274
926 -6.964583225561269
927 -4.512417068009057
928 -5.563510669351359
929 -4.123557011699358
930 -4.697986820883669
931 -3.116708367830565
932 -5.368459781665656
933 -5.423697512436099
934 -1.5352595543671443
935 -1.2282522619175178
936 -4.808742520802989
937 -8.404891588043233
938 -2.162579557766387
939 -4.363134286357534
940 -1.705571654472457
941 -1.6178008343320271
942 -6.173152872541513
943 -1.4504982576805676
944 -1.3441871351850245
945 2.0714861884850344
946 -5.906335882871534
947 -6.535949171521438
948 -4.080205084807768
949 -3.7750461680707907
950 -6.6713423208118625
951 -3.3555702314771976
952 -3.798135294722796
953 -2.6880092307784804
954 -2.618236769863061
955 -1.70380127350122
956 -2.9830874384989596
957 0.5927361274739175
958 -5.0014316856122205
959 -2.1296837849825714
960 -2.978872304863816
961 -1.3359310898425334
962 -5.0714649693039355
963 -3.1791316523817543
964 -5.064256423669826
965 -1.8043557973526883
966 -6.063339421438916
967 -8.107534341536764
968 -5.976687167197652
969 -5.721527334475941
970 -5.3413656649010255
971 -5.998106195994189
972 -4.0417526321697705
973 -6.054206199022554
974 -4.52994534820489
975 -6.018669554905119
976 -7.726931733073584
977 -7.55128057592359
978 -4.965661671205428
979 -4.055925319736786
980 -6.605472447467307
981 -6.1658554548267634
982 -8.375547088432205
983 -5.1620230088859085
984 -5.948302642290775
985 -5.108927041251243
986 -7.057926319613971
987 -4.306968088609467
988 -6.020750198012395
989 -4.12405950375308
990 -4.51137899431066
