{
	"version": "0.3.14", 
	"suite": "unknown_suite", 
	"function_id": 8, 
	"function_name": "Rosenbrock", 
	"maximization": false, 
	"algorithm": {"name": "DE", "info": "algorithm_info"},
	"attributes": ["evaluations", "raw_y"],
	"scenarios": [
		{"dimension": 23,
		"path": "data_f8_Rosenbrock/IOHprofiler_f8_DIM23.dat",
		"runs": [
			{"instance": 0, "evals": 221, "best": {"evals": 137, "y": 61936.23109725499, "x": [-1.3637039762070602, -0.3576148026077508, 2.2273775223880463, -0.18577360937755838, 0.13151089675101968, -1.9912169018323036, -2.151595056225324, -4.518755274166166, -0.1601063182025282, 0.0267902322886151, -4.485212487500107, -2.2135353576338854, -3.5020045410303005, 0.8735795187783801, -0.5218940184997949, -0.10547239722436963, -3.22980367949522, -2.456715466593238, -2.157899034488458, -2.552957180308938, -0.5599513906563414, 2.2821634861185958, -1.322168672807468]}},
			{"instance": 0, "evals": 221, "best": {"evals": 216, "y": 85704.57585769141, "x": [-1.246786542269862, -3.5575997888189645, 3.6728937550534155, -0.06556269262902203, -0.4379362969453793, -1.1894491950397952, 1.2463746886296125, -2.6712085384818494, -1.4851637543413658, -4.15612052105013, -0.4164591818612533, 3.040249951214654, -1.1192155836312327, 0.3468981765743131, 1.560793656815085, 4.840894639665143, -4.2401853529548355, 2.120252683230556, -0.17426044722777423, 0.47456611080484734, 1.9129612744792008, -1.9657506198843588, -0.4246840366137081]}},
			{"instance": 0, "evals": 221, "best": {"evals": 155, "y": 104397.28849858195, "x": [-1.3323017203311796, -0.5144036466383173, 0.5774689962058299, 1.7240049668674395, -3.163444294866143, 2.8639614482956994, -2.1407955836036807, -0.7284231929895624, -3.980661946173915, 1.753273560354337, 1.9654706428570403, 2.471575935367522, -1.851430001884918, -0.46903282108384303, 1.9152710382965068, -1.3793972561336574, -1.0611536505838304, -0.11798479996374556, -0.18643994312365564, 0.18068481150487692, -2.346575251930668, -0.14552743800026247, -0.3859880917442391]}},
			{"instance": 0, "evals": 221, "best": {"evals": 192, "y": 37280.340830523775, "x": [-0.4460880055206782, -1.3129278736967753, 3.856653596068126, 3.306212163809531, -0.3068322421574825, -2.071657746745245, -2.1868173881393083, -1.2615991403454805, 2.168775734120805, -2.888933214197539, -1.2290570664403915, 2.2367033663703575, -3.244901934701173, 0.9285056175070121, 1.6903289861625073, 2.465410989294792, -2.0792050501027664, 0.10400767878414596, -0.9176537917804346, 1.0497235554467053, -4.41802229869713, 2.39345117053425, 2.4827722779560304]}},
			{"instance": 0, "evals": 221, "best": {"evals": 178, "y": 39332.8894824752, "x": [-4.060687990575439, -1.946404053473593, 2.083273840501219, -0.0035865702210680084, 0.5643213571930388, -0.07158418184154769, 0.5599051700970581, 0.8527507566531041, -1.5768843485173623, 1.1584335586899295, -3.989084817047067, -1.413077144626067, -1.8174322236687934, 0.7533096274770663, 0.19108276728545492, -1.3353840982588512, -1.212934882816254, -0.3173008951898284, -3.156520196943191, 0.8013438416706631, -2.8548012718827143, 1.7216047849411513, -1.3924047242283304]}},
			{"instance": 0, "evals": 221, "best": {"evals": 197, "y": 67277.95736974727, "x": [-2.839282673266271, 0.5668347878505406, 0.3545884745523544, 0.5973924664948178, -2.1462148242746046, -1.1052633575851127, -3.1276616038467053, 0.21266238562443807, -0.4297037578735716, -1.3322069901782252, -0.7590448889572807, 1.600164114548697, -0.9040274196018498, 2.1788859286643505, -3.439945023430819, 1.671779569919233, -3.1390498086272585, -1.6571064459903302, 0.601347732147602, -2.896862761216778, 0.11870530274607916, -0.38149633050888276, -0.6772915407878854]}},
			{"instance": 0, "evals": 221, "best": {"evals": 160, "y": 71168.61150791692, "x": [0.40658165183988615, -2.61661242192678, 1.270494173976454, -2.068232415909989, -0.35476943423087626, 1.4315687757466167, 0.88742209235303, 0.5219709818957243, -2.0529558496137423, 0.19997145957837148, -3.5390459811509785, 3.290201288187574, -1.679061013587496, 2.6604816968568805, 1.1447478128561182, -0.18103814348713243, -3.425072440375282, 3.3398986210711796, -1.933375875435054, -1.3459160586149297, -0.86212242844692, 1.7557986006023283, -4.077055318611947]}},
			{"instance": 0, "evals": 221, "best": {"evals": 218, "y": 69434.44644356726, "x": [-4.592858146659539, -3.782424333780087, 4.76779051738129, 1.5346949740884872, 2.01323944611119, -0.9054066361780584, 1.208496424772198, -2.6857724775738614, -0.16302604464273873, -3.7807133105375277, -2.882420307347748, 0.934906040637228, -4.629014338609995, 3.668755992489797, -0.07817702035948537, -0.6923361038908018, -4.394732976404888, 3.318817680008687, -0.635664560757368, -1.9586419672015134, 0.050396466701878806, 1.818526433229095, 2.575173455981164]}},
			{"instance": 0, "evals": 221, "best": {"evals": 177, "y": 42539.064155140884, "x": [-4.696210916558433, -3.215629937592237, 2.214970765734737, 0.8178506378235886, -1.5511817275900595, -1.930376620059376, -0.3558300327888908, -3.7935578137269688, 2.3033164487776814, 1.6526273614234235, -3.343632620314636, 1.3771063455015424, -1.0938756515941321, 0.7065038344280294, 1.4192248058461248, 2.8562702283047905, -0.3861398033513175, 0.054649942972749055, -1.2973853918314893, -0.489794536699115, 0.8668045648728997, 0.6620023222276283, 1.6209721634586298]}},
			{"instance": 0, "evals": 221, "best": {"evals": 193, "y": 46220.38095313123, "x": [-1.1878598674044856, -1.0067353597980557, 1.2271973726072072, -0.2711840274316706, 0.7215552575085078, 0.8753138224859023, 1.3110636463229477, -0.30886329586701033, 1.5116605892683301, 0.955484372153244, -3.236093573266538, -1.7463443837870944, -2.223175616188737, -0.11820695873243059, -1.3013340219249399, 2.3513018898905944, -2.165701375759074, -1.09175338619949, -0.06943180179924269, 2.6519903085052396, -0.6473430155058143, -1.6006506494369084, 4.028693959775596]}},
			{"instance": 0, "evals": 221, "best": {"evals": 177, "y": 49330.1774813898, "x": [-0.15140675622625643, -4.9712232937480625, 2.4598777924195314, 0.1797012156414164, 0.6575874636891745, 1.5106940129868907, -3.786343443304578, -1.026016306359908, -2.4684314654469985, -3.0531039778334925, -3.919059118293826, 0.20959877612642241, -0.3044468022921969, 0.21849599887867033, -0.7315326875066113, 1.6876975991347676, -1.2142171507940347, -0.5768639821760155, 1.2810136931540157, -0.7511871710925675, 1.133322772246839, 0.7613152185547811, 3.989724232138875]}},
			{"instance": 0, "evals": 221, "best": {"evals": 211, "y": 83332.74472574616, "x": [-3.317274034157214, -0.04661816260307905, 1.5386224937187984, 2.5275849930672702, -2.452489602357242, -0.7509603525463917, -1.5406782328930957, 0.05111094881677558, -0.478073779027691, -2.292359397576107, -1.3627079224560856, -1.0353322452352898, -4.221585843561959, -3.6078282810053057, -2.8916000549926233, 0.8857500131230942, -2.289300405398253, 4.175030670159387, -1.5897993607217549, 3.028133736429428, -0.633463702042337, 2.274617690985309, -2.046308530651462]}},
			{"instance": 0, "evals": 221, "best": {"evals": 171, "y": 52887.28419701916, "x": [-0.7290981440988642, -2.7226983708664267, 3.700029580792573, 2.08669008492478, -0.6948787418621676, 2.831209381501024, -1.025393919706132, -3.9755113441149437, -0.7107548432692745, -0.6861658580441432, -3.8436535048732905, -2.444688275354726, -0.2652489167404304, 0.30034186358555326, -3.8770083296694158, 0.4382817141931348, -1.6995841094451705, 3.788715653293721, -0.41369534322966883, 0.4061366618777318, 0.7744791284321986, 1.7998696198000363, -3.647417856872029]}},
			{"instance": 0, "evals": 221, "best": {"evals": 194, "y": 83456.58017260098,