{
	"version": "0.3.14", 
	"suite": "unknown_suite", 
	"function_id": 19, 
	"function_name": "GriewankRosenbrock", 
	"maximization": false, 
	"algorithm": {"name": "DE", "info": "algorithm_info"},
	"attributes": ["evaluations", "raw_y"],
	"scenarios": [
		{"dimension": 23,
		"path": "data_f19_GriewankRosenbrock/IOHprofiler_f19_DIM23.dat",
		"runs": [
			{"instance": 0, "evals": 221, "best": {"evals": 213, "y": 11.23944517827244, "x": [-1.243010469999093, 0.20068021177810813, 2.619206119580329, 0.4848760241636647, 0.7110242998843903, -0.13629337762831795, -0.48660190026370165, -1.0872371783335835, -4.2756286473197145, 0.01482030000775092, -4.115074979480805, -0.9371405187538695, 0.3691041546855036, -4.209872814691646, -1.2796423446367409, -3.1961584261820786, -0.2960073435545234, -0.33203618638028465, -2.1906549031261924, -0.4200626924223272, 0.6784385082217175, 3.2965082268126658, 0.47522696888332006]}},
			{"instance": 0, "evals": 221, "best": {"evals": 32, "y": 17.6645429903768, "x": [0.2531826445072136, -4.339446921778399, 1.9753613826185128, -1.3994009806927399, 0.38094664121111244, -1.4471602576307738, 2.6979518311040667, 2.8667632986077525, 2.1532231052913566, -2.3185677038807917, -3.177826000113968, -3.7474876890379205, 0.4677702387574816, -1.481533884324422, 1.5097174521854448, 3.6969588485163385, 1.7123384172275857, 0.157364186291288, -0.4069631178692621, 1.0129797624534778, 1.707650254430357, -0.6086909603761024, -2.5534494539528696]}},
			{"instance": 0, "evals": 221, "best": {"evals": 218, "y": 12.629483617877316, "x": [-0.12608611016227989, 3.10912482652777, 0.06496096204101409, 0.33075840513754917, 0.7125165631254999, -0.9640892621106514, -1.5890841084654892, -0.7284231929895624, -2.573261129331886, 0.8850667706805209, 3.0004000305927185, 3.5314531655859156, 0.14864314005066914, 3.4197502540627127, -0.7537752733309425, 1.8612819497130269, -0.2253577735827359, 0.655389146196601, 2.161503940628413, 0.5087960161473848, 2.2454067406098135, -0.6189527100444291, 1.0900079925186985]}},
			{"instance": 0, "evals": 221, "best": {"evals": 192, "y": 12.064795145367853, "x": [-0.4460880055206782, -2.9377186256984453, -0.24602628136117044, 0.14241967922372467, -2.9171864137492, 1.0857033786365058, -2.056865628911871, -1.2615991403454805, -0.35259690487752593, -0.5992896561663037, 4.636832722605021, 2.300109887745778, 0.3325800754841737, 1.3857480867086274, -0.23874304889947862, 3.5053456756542034, -1.852952503199205, 0.10400767878414596, -0.9176537917804346, 1.0497235554467053, 3.4593178565924916, -1.434245007171274, -1.2235489648585802]}},
			{"instance": 0, "evals": 221, "best": {"evals": 71, "y": 13.245788330774568, "x": [-0.3969415753368093, 0.40523858938849067, 2.083273840501219, -2.4959196495310225, 1.7817069744099538, 0.6726203387679437, 2.254568524640694, -0.08957839128176903, -1.5710835980831732, 1.1584335586899295, -1.4188378349572996, -0.7622825322047824, -1.8174322236687934, 0.14504008141915947, 0.8006445398438933, -1.525106527896431, -1.2862068309743733, -2.0808016131763445, -2.113479516870341, 0.8013438416706631, -1.2560482029317976, 4.761813997282548, 3.6439890553615344]}},
			{"instance": 0, "evals": 221, "best": {"evals": 212, "y": 15.122639310606289, "x": [1.983770147799933, -0.19503039918239162, -0.7917834551768039, 3.2042855895943845, 0.7271093509493678, -1.7127510105834705, 1.9664473814666423, -2.359691354657393, 1.172195629615278, 1.4879616473640596, -0.3871780162335403, 1.1610620670287988, -0.7590258019705296, 1.980692330040522, -1.0159255512201932, 0.2822486523050882, -0.5331730076609388, -1.2696905322506638, -0.08386597441082655, -0.04822987634382159, -3.3312472160445687, 2.878820479270662, -1.7280924618979854]}},
			{"instance": 0, "evals": 221, "best": {"evals": 213, "y": 11.183286954487226, "x": [0.9437550368800771, -1.1914850056423143, 0.2802511166066832, -1.2290816217491738, -1.3115153236151702, 1.3738413601651938, -0.06299303153979352, -1.2173337834507891, 0.8728256008549251, 2.2086610225864654, 0.19833955811140536, 2.2556132547443406, 1.36151848201705, 2.4670965973544003, -0.8889174253039207, -0.10014499990246195, 0.48014318904449826, 0.6819088792702539, 2.4774357502478206, -0.3676474943079846, 1.5795953373247051, 0.9862994628683461, 0.24646090491376782]}},
			{"instance": 0, "evals": 221, "best": {"evals": 211, "y": 21.926751286472836, "x": [-4.075990525672057, 1.5886476407281283, -1.5399492931389258, -0.7830265906393832, -2.464175093228423, -2.438100575985845, 3.2045648752893854, -2.5482307570995433, -1.1040205303789237, 0.5121790189647326, -1.9377429654541989, 1.048683134242375, 1.3250641001735524, 2.2759324669672223, -1.8365227394321462, -1.1040545600751281, 3.872940486978189, 1.9773651318244951, -0.15386153603643749, 0.16706081539384687, -0.41166629627295714, -3.105737645405852, -3.749535535852393]}},
			{"instance": 0, "evals": 221, "best": {"evals": 214, "y": 15.34460684797267, "x": [-1.1368598254039064, -0.7536039099466505, 1.4017646339338512, -3.1499709750609717, 1.4278221219692862, -1.5118911637565633, -2.361232409514396, 2.5051998553598835, 0.5570231569527149, 3.7681794032229234, -0.9029793776272981, -2.808722071680114, -2.5353523543081513, -0.6915919965246053, 1.5278884519425966, 1.8280807781866688, -0.3889423085107597, -0.11506037333098618, -0.9073609509036116, 0.7796411014334386, 0.3030829467243641, 3.5815588975937747, 0.39850563130345407]}},
			{"instance": 0, "evals": 221, "best": {"evals": 214, "y": 16.357696253821885, "x": [0.8344608206518656, 0.8756995172139028, 0.1939271732410197, -1.4305635660597984, -3.0678010547789123, -1.5860505912272533, 2.8742249062935565, -1.205720949939821, -0.9592224342200373, -3.2038824919494844, -2.6902975416366495, -0.45970520293767136, -0.967341450552631, 2.497867476569571, -0.23628027271348184, -1.732809828746984, 0.012091533617035077, 3.070468684882658, -0.6503574038247515, 1.5666042419915645, 0.8203429764810819, -0.5993026608607699, -1.6217391246937805]}},
			{"instance": 0, "evals": 221, "best": {"evals": 218, "y": 10.261049624698979, "x": [-1.0609370505034375, 1.715456308958614, 0.6293146193058647, 0.07610399837613668, 1.3057260634547503, -1.378297108236235, 1.370192131823548, 2.964775084614157, 3.4629695502844258, -0.3616173017846478, -0.2705573853337111, 2.0732038247008333, -1.5046312472212657, -0.54099155236582, -3.470103620769904, 0.37558415020104396, -0.7780531328393772, -1.6423217809382962, -0.17034477745895327, -1.5363876407542176, 0.8597958232143117, 0.13794731745005606, 1.0656847270385565]}},
			{"instance": 0, "evals": 221, "best": {"evals": 200, "y": 15.454449498863198, "x": [-3.1217491858181106, -0.32158150011130693, 4.685209301540642, -0.3215486694195546, 3.1226023425211764, 0.498437676430046, 1.368093117796728, 2.5567380011484255, 2.2306716936744033, -1.6978466387705626, -3.342908921464302, -2.524564467703816, -0.39374816828963866, -0.2545114089046496, -2.0867219666641637, -0.4813644195856914, -1.0178277176632893, 1.8633564279486485, -3.527106332335228, -2.203006306791091, 1.5371737094879683, -1.4360282014819425, 3.016069462327314]}},
			{"instance": 0, "evals": 221, "best": {"evals": 154, "y": 16.527069072545046, "x": [0.02038373821915429, 2.2054129899485364, 4.792639330156904, -0.5325686559724585, -3.1955705037544053, 2.101448767944042, -0.967235466157983, -0.8492454344026381, -2.131916434404504, 0.4682434824649646, 2.9966747110624423, 0.06854322034380544, 0.3692113530518659, 2.0533537533356627, 0.13262048904033907, 1.1685334160355731, -1.7387572296443083, -1.4849570850521219, 0.9760024919823342, 0.5121339205170072, -3.2909282923430445, -1.139274060391376, -3.647417856872029]}},
			{"instance": 0, "evals": 221, "best": {"evals": 197, "y": 14.798271674276634,