{
	"version": "0.3.14", 
	"suite": "unknown_suite", 
	"function_id": 19, 
	"function_name": "GriewankRosenbrock", 
	"maximization": false, 
	"algorithm": {"name": "DE", "info": "algorithm_info"},
	"attributes": ["evaluations", "raw_y"],
	"scenarios": [
		{"dimension": 23,
		"path": "data_f19_GriewankRosenbrock/IOHprofiler_f19_DIM23.dat",
		"runs": [
			{"instance": 0, "evals": 2301, "best": {"evals": 1651, "y": 9.038500168092233, "x": [-0.6775329686953384, -0.03667783864902474, -0.04664367329588803, -0.5482899857194825, -1.6772995329311806, -0.589897022569908, 2.1258599194797156, -0.006048131193327144, 0.2652950114310788, -0.9128191312257203, -3.4098213567753577, -1.3872784630511414, -1.0935961451742933, -0.15503286399731753, 0.46303105868687133, -0.6025420256341714, 1.9284983412687158, 1.1093292122442144, -2.1436091302882816, 2.3265829445851702, -2.137427826734604, 1.0789821940619078, -2.274914166527796]}},
			{"instance": 0, "evals": 2301, "best": {"evals": 1872, "y": 9.006306522789705, "x": [-2.6951985634437428, -0.320562752374812, -2.013798051429882, 0.7842447674895021, -2.2973746638255323, -0.37376484958732825, 1.2954944263617394, 2.216202602953169, -2.4744901997924464, 2.4735709159505306, -0.6784817610236844, -1.1411505319907684, -2.108726379403673, -0.37531160452797485, 0.7051580646668851, 0.139666847677675, -1.8262194078506524, -0.3698294253494465, -0.4167849427337704, -0.7337791595864518, 1.3992395784955352, -1.8263168831820447, -0.4226085238679289]}},
			{"instance": 0, "evals": 2301, "best": {"evals": 1995, "y": 10.062449710012906, "x": [-0.9735534093282787, -2.7366445579115966, -0.9743662542698441, -0.7112721974853398, 1.2219447045104659, -3.496496090328587, 0.23703710278910783, 0.21168257598464868, 0.2856875662991438, 0.24256576073399028, 1.0518170288293587, 0.2793316263949649, 1.8392532794165035, -0.8825997053408106, 0.07220440922237437, -1.0404622926412528, 1.3921152261177747, -0.2396697967207193, -0.31271125656830706, 0.6527629800924117, 1.031362680758836, -2.282921459470533, -1.8975347078396094]}},
			{"instance": 0, "evals": 2301, "best": {"evals": 1771, "y": 11.271928236324275, "x": [-1.7933367864460952, 1.5955765609995674, -0.5176336658127305, -0.49482506603880516, -1.279470422475794, 2.8286727610826174, -1.9268850841982939, 0.35635059458782337, 1.2134132818233223, 1.6710986848897198, 2.3855780527105885, -0.03253958345735031, -1.8142161711030378, 1.92547490622402, 0.7374035181821288, -0.2711920612358978, -3.5598700506274055, -3.5338498509178042, 0.5010248691761203, 2.169603394486049, 0.0619795808285204, 0.265970777163818, 0.5049885397138514]}},
			{"instance": 0, "evals": 2301, "best": {"evals": 2279, "y": 10.397750546518965, "x": [-1.189028658593454, -0.8011858445079041, 0.110036622342216, 1.4117692555914771, -0.1967248620294313, -1.0166092686599506, 0.554565401311633, 0.6425081796081629, 0.10637669337730193, -1.6378963420076418, 0.15698965500797923, -0.20019360278169507, -3.5964644380510227, 2.5586963460032592, -0.4639089479079481, -1.134922732123902, -1.4964473633359567, -0.06918069122573844, -1.8348823867637851, -0.44354322799946444, 1.051465945268484, -1.158958052411459, -1.6431362530248874]}},
			{"instance": 0, "evals": 2301, "best": {"evals": 1684, "y": 8.692231589865086, "x": [-1.3104848310899104, -0.5927466902941658, -0.07030007328369337, 0.7727808226314519, 1.5585546981321066, -0.9209210920646047, 1.7737250579349768, -1.8457350311670226, 1.0057773865465065, 2.84177233977423, -2.9809001102835273, -0.06275353377323367, -0.8121969543077849, -0.9356227907472894, 2.996199863450401, 0.9766060811983124, -1.4095091090484448, -2.0236052063410908, 1.0398733815273111, -0.5340963755148653, -1.6221502965530028, -0.6353409913153882, -1.8160061276829886]}},
			{"instance": 0, "evals": 2301, "best": {"evals": 1093, "y": 9.919742095737885, "x": [0.9688590188745692, -1.669491512970067, 0.18103059581120773, 0.4441806032176321, 3.0106896147166706, -0.7122424449303644, -0.774156884784742, 0.8841310528354533, -1.4128501938227436, 1.7558677593522751, -1.7585879777350932, -0.05214478793991262, 1.8048818444694144, -1.2891515499854167, -1.0138284496658323, -0.18411411266793998, 0.9167317965857134, -1.4218068698852457, -2.7939081902240086, 0.35286922179680813, 0.8383053198406141, -0.3240523844065577, 1.535176665581656]}},
			{"instance": 0, "evals": 2301, "best": {"evals": 2090, "y": 9.183840560998876, "x": [-1.4993306312067822, 0.1840886121180536, 0.6239163527161924, 0.5795270058534152, 1.4140674609347323, -0.1760857896631851, 2.603220375969199, -0.9848187614670669, -0.7668992576574167, -0.794099135881204, -3.09826453447201, 0.3487852475211837, 2.08700731577638, 0.9691068706780062, 0.23181062289141685, 0.22406139075178322, -1.1638986880632973, -1.783359607437034, -1.492814430960395, -0.06749130257579572, -0.4226737767678477, -3.2613178813584414, -1.3525375836647244]}},
			{"instance": 0, "evals": 2301, "best": {"evals": 2259, "y": 9.849148811120791, "x": [-1.0422701057336055, -1.1564405776823183, 2.726498516981879, 0.7192952105621133, 1.50521930148737, 1.4517742751953602, 0.8024319634185495, -2.084182077465937, -0.1060184479267734, -1.6621374362003771, -3.9855491636342713, -2.5867713558948378, 2.2159424941321584, -3.635963807422218, -1.5808182097881098, -1.2628697609181345, 1.4355057792522068, 2.0687072146028207, 0.7745534810118317, 1.59876524813532, 0.5502450326833189, 1.0548255309065033, -0.38291389508004525]}},
			{"instance": 0, "evals": 2301, "best": {"evals": 1992, "y": 10.741143414253385, "x": [-1.5168753373508828, 0.730113090213738, 0.1120081566160116, 1.2681952194573594, 1.3295772427951436, 3.2222612391996366, -0.2657856199012145, 0.10716693878230821, 0.9504747136464, 1.2017929006699202, 0.3780439825175521, 1.9188602967901591, 1.5545195181477844, 0.5634641132842664, -1.7273009764678353, 0.7166840474326877, -0.07368759203500996, -3.122482492418265, -2.2743650982997785, 1.0800953291862474, 4.443054679888801, 0.037756466540692424, -1.5623296177322032]}},
			{"instance": 0, "evals": 2301, "best": {"evals": 1771, "y": 10.269049276686316, "x": [-0.12926197547945983, 1.6257038633000018, -1.0986101116109146, 0.22356881019091385, -0.37628417579014384, 3.652774802103618, -2.0185935849780003, -1.0782697204472773, -0.29024113578466526, 0.211354873008597, -0.3447124879525987, -0.8351857624954784, 2.1442449695770187, 1.291297653094651, -0.22107153436588245, -0.1641567769346326, 1.3289289704101979, -1.0928668164680662, -1.9301007166311024, 1.0270791008595572, 2.2885575739890456, 2.175688825118928, 0.8808465577250799]}},
			{"instance": 0, "evals": 2301, "best": {"evals": 1756, "y": 9.446293652491079, "x": [-0.4577499549539792, 1.0335916093071602, 0.31764672802368377, 1.0084898954594401, -1.9442416789559094, -0.7517481865930462, -0.057236563403427754, -1.4913019750721679, -3.109965431739549, 1.067821702742017, -3.8503733519702634, -1.2120469161923026, 0.05138514034989927, -3.28983469900626, 1.6607954542661958, -2.0324694124771936, 3.6241450578962624, 0.578438931329627, -1.9333898288840063, -1.3210809380552764, 0.4772973665408393, 0.47925301849586466, -1.4287562177716047]}},
			{"instance": 0, "evals": 2301, "best": {"evals": 1382, "y": 9.883984932039283, "x": [1.2403979043934408, -2.299717863800538, 1.655482482555243, 0.16665847449782945, 1.0574591030172176, -0.709391267448964, 1.0043637435720436, 0.5238723563366048, -3.342468877963735, 4.047209219987256, -2.7039934092469404, 1.0832339684388725, 0.2857556890328521, 0.41006779690929207, -0.957087299956241, -2.7731250573963697, -1.2641769236885114, -2.8212078962035188, -0.6159749754067818, 0.41732766489379824, 0.888319663796906, -1.3409609622835352, 0.05151677959315837]}},
			{"instance": 0, "evals": 2301, "best": {"evals": 2094, "y": 10.393621466950433,