{
	"version": "0.3.14", 
	"suite": "unknown_suite", 
	"function_id": 61, 
	"function_name": "cheap_func_0", 
	"maximization": false, 
	"algorithm": {"name": "DE", "info": "algorithm_info"},
	"attributes": ["evaluations", "raw_y"],
	"scenarios": [
		{"dimension": 23,
		"path": "data_f61_cheap_func_0/IOHprofiler_f61_DIM23.dat",
		"runs": [
			{"instance": 1, "evals": 221, "best": {"evals": 157, "y": -2.358349146730392, "x": [0.24252239542787046, -0.04898824521636602, -0.27477485691832076, -0.000365196125413747, 0.012391391493061954, 0.2516203629917849, -0.5715730753649375, 0.328529119840461, -0.006596526423872762, -0.017454997215887724, -0.6228051790735808, -0.26645047469484284, -0.11447186740158244, -0.02327187470026873, -0.03204277384464023, -0.12406257393925757, -0.16225366464902446, -0.180806791148826, -0.17503464342759023, -0.14890872632270474, 0.14151915959116462, 0.12569402117389383, -0.07769203602162164]}},
			{"instance": 1, "evals": 221, "best": {"evals": 195, "y": -2.490047594310305, "x": [0.22977089155074737, 0.31939238987582863, 0.4273982195287006, 0.025608524594382592, -0.32791111571639886, 0.4275700126857688, 0.024265387230698626, -0.2966947888655869, 0.1778002766091601, 0.15638379493289262, 0.5284446198688302, -0.011578228784797917, 0.24190885203964166, -0.13770687875861526, 0.02560820990634896, -0.35663124000410373, 0.06528259877133843, 0.004933161500393232, -0.13905434436004782, -0.18919133221561302, -0.001530858685347164, -0.0016633539823641685, 0.04865282637108856]}},
			{"instance": 1, "evals": 221, "best": {"evals": 218, "y": -2.9169727477567067, "x": [0.23330498816903378, 0.06551278030420013, 0.07664729271504528, -0.5419017879958183, 0.37945060831479677, 0.6589318694853539, 0.020610580095391184, -0.01012101379094299, -0.38600368776573535, 0.5183817268404886, 0.0041164927026582365, 0.4761573845808097, 0.03510173057566693, -0.016630717072248835, 0.12093214492030446, 0.08717567831412465, -0.013652351275003749, -0.04590129800127296, 0.03770919230573586, 0.0015567845609916198, 0.2783273793363432, -0.06332454869625245, 0.21177715992724533]}},
			{"instance": 1, "evals": 221, "best": {"evals": 194, "y": -3.150024135874385, "x": [0.38844769381940125, -0.7287883823207295, 0.511904394601424, 0.5066472676110707, 0.1924361893013549, 0.7105137147546705, -0.0037503691664183963, 0.17123268808983183, 0.5862004757213024, 0.6304725616174354, 0.5633605973930049, -0.3816593142607039, -0.0002266854825996728, 0.18167931631244716, 0.2714776815469354, -0.09471512010585686, 0.2082835455061921, -0.010756517417585848, 0.10129364232486983, -0.09179486591821846, -0.0035358392691157703, 0.1581290434578469, 0.10592185722843994]}},
			{"instance": 1, "evals": 221, "best": {"evals": 134, "y": -2.374385418831844, "x": [0.08803601916735951, 0.4680992984063759, 0.29514250521482116, -0.3548354313677359, 0.23916604509110112, 0.39549650522278823, 0.09318367893289975, -0.12229235033196673, 0.7251626099117905, 0.04964559779602806, 0.3339795631165179, 0.02716412154754555, 0.025103269103481707, -0.1361973123417431, 0.16047186287125004, -0.08212419675453045, 0.25281345477783534, -0.0044923480319968845, 0.09947486397051913, 0.0887378312326397, 0.2037823719861639, 0.19523373552234546, 0.0688269439617192]}},
			{"instance": 1, "evals": 221, "best": {"evals": 220, "y": -2.4125911615127515, "x": [0.1567213558071478, -0.2238523628189789, 0.6115638614812116, 0.7476175177620986, 0.6888995482924373, 0.7112763000711783, -0.021654092564050348, 0.11803864650125873, 0.6549412889616123, -0.23056552633743055, -0.1999084396280721, 0.544778569355208, 0.23227973159980214, -0.023615487275100946, -0.029255529637460143, 0.12803392175032113, 0.07909188899698369, 0.22172944865424293, -0.044200854930726056, 0.10858499931656913, 0.3010485371283794, 0.03760525591870034, 0.2054927507298343]}},
			{"instance": 1, "evals": 221, "best": {"evals": 200, "y": -3.001629046054521, "x": [0.08254785626794625, -0.31268260880000953, 0.173824583804423, 0.5914912744996358, 0.17432927392211311, 0.6180036021572921, 0.03069075454692405, -0.004462257571613226, 0.07874757326452181, 0.028150778111323216, 0.43906962795616344, -0.1357616503547896, 0.39655724085824995, 0.16122363795050654, 0.00037749529069530663, -0.01222444619489338, 0.16876687817114921, 0.13331021683621896, 0.026240066336981463, -0.03645207904787097, 0.13042929107564713, 0.009361399525853409, 0.03006283799090237]}},
			{"instance": 1, "evals": 221, "best": {"evals": 197, "y": -2.6120959923783977, "x": [0.2399373002627394, 0.5216678996817974, 0.5446798894815967, 0.5277601010902666, 0.566072039337152, 0.17115550586815986, -0.05234621954991758, 0.3471148278441861, 0.6479541902124832, -0.3390484768307187, 0.07109561788643881, 0.6495040565099925, -0.3673836659656812, -0.06318463220684306, -0.019250571340348716, 0.015629407784279514, 0.03049434545549229, -0.1428964891276853, -0.16467767373272274, 0.10214432026209558, 0.2556097850089366, 0.08454907501982235, 0.0852809946665026]}},
			{"instance": 1, "evals": 221, "best": {"evals": 116, "y": -2.5002038156409174, "x": [0.04908392618867141, 0.6157311816944571, -0.5304529611339789, -0.08012767681948674, 0.5176970821272555, -0.0012400398781693966, 0.43247427487708046, -0.6153335535393025, 0.5423479870712107, 0.44716555825958537, 0.1739753774428313, 0.6576772095987079, -0.004771552810292512, -0.33039631826235166, 0.017326436248626953, 0.005803418386339437, -0.21662786885118812, 0.12923424617587267, -0.21318323025767993, -0.10858242924903505, 0.10802940596705185, -0.002005241033329861, -0.10202559916626557]}},
			{"instance": 1, "evals": 221, "best": {"evals": 193, "y": -3.039372379740259, "x": [0.31154011956956285, 0.4694032583849297, 0.5627996589443153, 0.3113136540737922, -0.1774688638791711, 0.6870173791356878, -0.16876478095268993, 0.33334257604255046, 0.24656682363894156, 0.4435146533673688, 0.1885442978826244, 0.5992035336209267, 0.004098877686441571, 0.28997189117992983, -0.0017286193772466096, 0.29346876600246863, -0.1588628088619224, -0.02685687872728243, -0.019147500894447653, 0.0036344653441992003, 0.11745340611478503, 0.023771432713223822, -0.05157458278208324]}},
			{"instance": 1, "evals": 221, "best": {"evals": 71, "y": -2.5125392527223904, "x": [0.12197604629480821, -0.12606192916426495, 0.3200485046741293, 0.32028381660803873, 0.008634277910750887, 0.004922230262099592, -0.0622585094862666, 0.39684927953676014, 0.04222913519450122, -0.5891703121352636, 0.7155745021861752, -0.0025936777321230453, 0.31579637736875116, 0.37975806242160093, 0.271462204640158, -0.0013839100031384222, -0.14024384341875407, 0.16748230209629322, 0.1323487214259372, -0.1449704501598294, -0.04406548259578348, 0.13886289638689595, 0.15455522213513534]}},
			{"instance": 1, "evals": 221, "best": {"evals": 215, "y": -2.649830960199209, "x": [0.16408189391781414, -0.3276831019646931, -0.09622651194017873, -0.6184268461604235, 0.38821390639884934, -0.6039957145145457, 0.5056537752550246, 0.5364728869216976, 0.7310422447756968, 0.5548517541185704, -0.17203456241979326, 0.520275653903118, -0.3021618801492542, -0.04193429207607208, 0.016780702066887504, -0.0007762442760818333, 0.006559653494994433, 0.31767591949431984, 0.27150144191558007, -0.14016322871312684, 0.023200159123501957, -0.017963351173912956, 0.0276021001406348]}},
			{"instance": 1, "evals": 221, "best": {"evals": 196, "y": -2.702175885893776, "x": [0.7783941802644676, -0.7083177546695438, 0.20222360746054235, 0.11924620492079635, 0.5894725920672644, -0.061257857060118714, -0.046896843453313575, -0.24370405945693346, 0.6906665195589723, 0.01566690171218066, 0.4547167568728041, 0.25255193374540996, -0.01699011226505498, 0.20473063387447343, -0.020908962930560382, 0.0838902777538042, 0.22772404446210004, 0.24979105130321955, -0.007222837258722928, -0.012167930044528888, -0.016450592643025508, -0.056309410007209335, 0.08671716642261079]}},
			{"instance": 1, "evals": 221, "best": {"evals": 214, "y": -3.2522838773347535,