evaluations raw_y
1 6.532914515638034
2 40.59513053992728
3 45.4031293137682
4 72.53482247343847
5 54.30823347857782
6 35.17162886612902
7 36.620888389392746
8 26.972028295032167
9 28.258371377130587
10 30.281425288543886
11 48.88699227681555
12 26.382261967715177
13 51.52599410350931
14 55.954036285646175
15 52.193906851146245
16 59.05436426188181
17 27.060958832414528
18 40.87560393156553
19 28.761504519748282
20 69.08442390328005
21 41.60333552308335
22 29.84212898433343
23 30.140777257651354
24 34.337997652527456
25 28.438807430452975
26 35.08206904496153
27 19.622887894772337
28 6.252065881333518
29 42.52924721541096
30 67.24467086590317
31 124.87802700688493
32 89.51388096110354
33 100.3906800217999
34 107.14275048959489
35 102.34629161035575
36 106.18512288911192
37 111.19915152905367
38 89.51379638063241
39 106.59022177248075
40 77.2552863341843
41 119.94343751506412
42 97.61640430364932
43 105.89355682230311
44 89.4007192122722
45 100.15519621455636
46 124.99999999896943
47 102.89658978444123
48 32.61690058485224
49 114.73352537144993
50 75.64866902378814
51 112.96075308089661
52 92.02212766438358
53 124.99999999896943
54 97.4119152736179
55 99.94571448200949
56 124.99999999896943
57 115.6594490233685
58 77.44201137146128
59 103.1482259845733
60 124.99999999896943
61 96.33581022671385
62 115.98909367896036
63 124.99999999896943
64 89.94447820370127
65 115.98791734109777
66 78.54561799902147
67 116.52149027352937
68 100.5045924045774
69 103.83095346291528
70 118.985724884591
71 63.70276047964485
72 102.63157853953703
73 75.47011536399076
74 60.46281288858206
75 118.50018573770578
76 79.58856228009847
77 83.99859101216666
78 117.7373925215958
79 94.4595905228951
80 116.8572221505942
81 124.99999999896943
82 100.10277620664588
83 102.64780589351082
84 111.81957651275943
85 111.343326498234
86 106.87973895136606
87 112.65926285783695
88 35.699446666519805
89 124.99999999896943
90 100.00116841337531
91 101.67151444398606
92 124.99999999896943
93 124.99999999896943
94 6.252065881333518
95 6.532914515638034
96 19.622887894772337
97 26.382261967715177
98 26.972028295032167
99 27.060958832414528
100 28.258371377130587
101 28.438807430452975
102 28.761504519748282
103 29.84212898433343
104 30.140777257651354
105 30.281425288543886
106 32.61690058485224
107 34.337997652527456
108 35.08206904496153
109 35.17162886612902
110 35.699446666519805
111 36.620888389392746
112 40.59513053992728
113 40.87560393156553
114 41.60333552308335
115 42.52924721541096
116 45.4031293137682
117 48.88699227681555
118 51.52599410350931
119 52.193906851146245
120 54.30823347857782
121 55.954036285646175
122 59.05436426188181
123 60.46281288858206
124 88.44577656386241
125 100.88924735498543
126 103.83130568960972
127 97.68507888277604
128 69.03449267183048
129 75.31142717843116
130 53.6754894737846
131 74.51253197939519
132 104.73827056042384
133 77.27180496274771
134 106.89853931477292
135 92.91332607692117
136 105.48184421837314
137 82.33690742078768
138 87.50046447557645
139 114.55519444037701
140 103.60996133320786
141 99.63682308486845
142 124.99999999896943
143 77.17021806991978
144 100.00839803439987
145 124.99999999896943
146 124.99999999896943
147 96.61296128876471
148 119.42785608326206
149 79.56903513136434
150 74.74018628735703
151 113.07907880321318
152 54.521666348285535
153 78.4880183477767
154 119.12780328850488
155 63.334213595585
156 93.93065199285331
157 80.70183315355159
158 99.95534629813491
159 77.82759496565187
160 124.46435629608727
161 83.11802053874865
162 100.14587361642688
163 86.81585279584657
164 35.30418154053485
165 58.03831714483828
166 81.31747330879753
167 102.42942497273432
168 84.8512698475456
169 78.0905245877951
170 101.54619247493537
171 102.45042632771906
172 124.99999999896943
173 88.09896229490106
174 100.99729016856185
175 6.252065881333518
176 6.532914515638034
177 19.622887894772337
178 26.382261967715177
179 26.972028295032167
180 27.060958832414528
181 28.258371377130587
182 28.438807430452975
183 28.761504519748282
184 29.84212898433343
185 30.140777257651354
186 30.281425288543886
187 32.61690058485224
188 34.337997652527456
189 35.08206904496153
190 35.17162886612902
191 35.30418154053485
192 35.699446666519805
193 36.620888389392746
194 40.59513053992728
195 40.87560393156553
196 41.60333552308335
197 42.52924721541096
198 45.4031293137682
199 48.88699227681555
200 51.52599410350931
201 52.193906851146245
202 53.6754894737846
203 54.30823347857782
204 54.521666348285535
205 109.93012854894516
206 114.43134912241987
207 24.009825454945656
208 98.49579131153851
209 103.61145024095407
210 100.29535707314189
211 78.39829474495082
212 100.00298088513193
213 62.34249035214105
214 124.99999999896943
215 124.99999999896943
216 74.29541038977364
217 99.88365086852298
218 88.06318102770678
219 84.97382373438927
220 53.0797033828126
221 81.32361290241337
222 108.88751626374481
223 77.60216862684223
224 56.710243070036526
225 86.95616088415788
226 124.99999999896943
227 77.65534400514244
228 69.96059937464572
229 86.90683377360176
230 100.64595974033163
231 105.93644671470398
232 61.64983280818636
233 100.81544640582638
234 102.39711260851797
235 75.57927147535892
236 83.05944437628688
237 75.29677452761106
238 115.7332099409569
239 45.33116251941076
240 31.43630465177259
241 104.72852994237418
242 100.30569187546807
243 118.22459054042118
244 78.91194627869716
245 49.73178387975708
246 120.76898145469642
247 113.91710477504249
248 97.47322676241961
249 93.76095197612236
250 6.252065881333518
251 6.532914515638034
252 19.622887894772337
253 24.009825454945656
254 26.382261967715177
255 26.972028295032167
256 27.060958832414528
257 28.258371377130587
258 28.438807430452975
259 28.761504519748282
260 29.84212898433343
261 30.140777257651354
262 30.281425288543886
263 31.43630465177259
264 32.61690058485224
265 34.337997652527456
266 35.08206904496153
267 35.17162886612902
268 35.30418154053485
269 35.699446666519805
270 36.620888389392746
271 40.59513053992728
272 40.87560393156553
273 41.60333552308335
274 42.52924721541096
275 45.33116251941076
276 45.4031293137682
277 48.88699227681555
278 49.73178387975708
279 51.52599410350931
280 86.04899155382597
281 103.83533388510135
282 58.54707588621868
283 74.6682543855957
284 82.5544520172475
285 93.33648757307215
286 55.642247501350205
287 102.58877576272442
288 96.30353930989169
289 96.37162206420562
290 92.78157589164763
291 80.62964441857658
292 102.91030410529147
293 104.88443521144127
294 53.78043998875698
295 74.12276531050338
296 89.15151285221694
297 100.26818141552076
298 43.51748015289849
299 98.57804801124215
300 48.92434109029896
301 102.69475285608694
302 76.98615843572401
303 77.78767497031552
304 124.99999999896943
305 94.27048534868487
306 86.0922121490456
307 101.51815064412843
308 106.66672566128871
309 100.97891150385131
310 88.6393790410554
311 102.08544472918615
312 68.7565493772532
313 81.6217912187721
314 85.07665614572011
315 93.5128325666123
316 104.52767928647947
317 76.51732434279664
318 50.38804852119013
319 90.97006505851972
320 52.066814254169905
321 69.93435747834705
322 80.39988137964109
323 106.01953027535156
324 104.10975095920237
325 79.49284158737261
326 6.252065881333518
327 6.532914515638034
328 19.622887894772337
329 24.009825454945656
330 26.382261967715177
331 26.972028295032167
332 27.060958832414528
333 28.258371377130587
334 28.438807430452975
335 28.761504519748282
336 29.84212898433343
337 30.140777257651354
338 30.281425288543886
339 31.43630465177259
340 32.61690058485224
341 34.337997652527456
342 35.08206904496153
343 35.17162886612902
344 35.30418154053485
345 35.699446666519805
346 36.620888389392746
347 40.59513053992728
348 40.87560393156553
349 41.60333552308335
350 42.52924721541096
351 43.51748015289849
352 45.33116251941076
353 45.4031293137682
354 48.88699227681555
355 48.92434109029896
356 75.19268022853804
357 90.0001169048329
358 86.10220155215642
359 62.82302354189169
360 51.467975848215275
361 85.82110827273037
362 82.06593788081385
363 101.91858166209877
364 61.06446316592663
365 121.81002950712856
366 40.406536013962786
367 111.52750190336451
368 60.741507332401284
369 102.09750706127149
370 64.67230315986434
371 51.889752296672675
372 99.9299001636552
373 83.50080342652012
374 109.0345834223142
375 62.83104079537524
376 34.87266595614882
377 62.309476890450256
378 90.88651862337287
379 75.81651599352587
380 108.44884367469223
381 70.97059371497325
382 97.60330225401141
383 94.83126854375632
384 89.94494356914772
385 92.90123720112565
386 123.83132912447631
387 40.35248432252226
388 77.40169333508186
389 71.41653965447786
390 81.21451942995263
391 58.352456378114184
392 93.43440548643262
393 26.481768480197253
394 94.3488731532094
395 99.90373920538943
396 63.452626097881996
397 6.252065881333518
398 6.532914515638034
399 19.622887894772337
400 24.009825454945656
401 26.382261967715177
402 26.481768480197253
403 26.972028295032167
404 27.060958832414528
405 28.258371377130587
406 28.438807430452975
407 28.761504519748282
408 29.84212898433343
409 30.140777257651354
410 30.281425288543886
411 31.43630465177259
412 32.61690058485224
413 34.337997652527456
414 34.87266595614882
415 35.08206904496153
416 35.17162886612902
417 35.30418154053485
418 35.699446666519805
419 36.620888389392746
420 40.35248432252226
421 40.406536013962786
422 40.59513053992728
423 40.87560393156553
424 41.60333552308335
425 42.52924721541096
426 43.51748015289849
427 65.03340700678817
428 38.184543851147865
429 67.83229453970252
430 72.09060133694128
431 38.469983106409416
432 85.53276072632868
433 86.4743406400312
434 65.08290662525832
435 72.24115956537271
436 52.33783629751672
437 73.70309394335553
438 44.079712311994726
439 50.46798044932001
440 54.30273261362847
441 62.22710463834043
442 60.83244950178416
443 88.66655557125195
444 74.03337995839503
445 60.482762894787655
446 67.79345715197591
447 98.8061385075298
448 24.53335048236904
449 38.899014226683136
450 91.96141125603644
451 52.31532827857241
452 89.54534679317184
453 72.80090068655484
454 88.70025239149436
455 62.22569471662186
456 88.0590181307506
457 113.11699167572576
458 36.482047719499846
459 47.5835987458455
460 51.89554711819389
461 63.88418301113932
462 105.4201829415993
463 75.73378286735735
464 89.77439447132845
465 6.252065881333518
466 6.532914515638034
467 19.622887894772337
468 24.009825454945656
469 24.53335048236904
470 26.382261967715177
471 26.481768480197253
472 26.972028295032167
473 27.060958832414528
474 28.258371377130587
475 28.438807430452975
476 28.761504519748282
477 29.84212898433343
478 30.140777257651354
479 30.281425288543886
480 31.43630465177259
481 32.61690058485224
482 34.337997652527456
483 34.87266595614882
484 35.08206904496153
485 35.17162886612902
486 35.30418154053485
487 35.699446666519805
488 36.482047719499846
489 36.620888389392746
490 38.184543851147865
491 38.469983106409416
492 38.899014226683136
493 40.35248432252226
494 40.406536013962786
495 40.600764286291394
496 58.60852811820779
497 98.6081884839541
498 72.23893145368343
499 63.22958579891822
500 75.66923789478372
501 77.63618361163306
502 52.452239661360586
503 9.06975038265801
504 108.46423507040636
505 36.74694299215116
506 72.84942123905071
507 68.81316413974254
508 36.67030817592454
509 7.567012228427195
510 98.40272172664393
511 56.56506624732122
512 74.63299090605115
513 29.21676126916157
514 55.54867187401382
515 79.37592754770534
516 40.34045096632487
517 62.38747484112757
518 59.50944225731401
519 52.42631976556984
520 63.724725949895
521 93.14650198883051
522 75.28773033680484
523 65.65822189516285
524 116.75262039081503
525 6.252065881333518
526 6.532914515638034
527 7.567012228427195
528 9.06975038265801
529 19.622887894772337
530 24.009825454945656
531 24.53335048236904
532 26.382261967715177
533 26.481768480197253
534 26.972028295032167
535 27.060958832414528
536 28.258371377130587
537 28.438807430452975
538 28.761504519748282
539 29.21676126916157
540 29.84212898433343
541 30.140777257651354
542 30.281425288543886
543 31.43630465177259
544 32.61690058485224
545 34.337997652527456
546 34.87266595614882
547 35.08206904496153
548 35.17162886612902
549 35.30418154053485
550 35.699446666519805
551 36.482047719499846
552 36.620888389392746
553 36.67030817592454
554 36.74694299215116
555 46.07147187198979
556 11.43942859750248
557 21.374406743731004
558 72.92701910316032
559 44.95280707605968
560 42.08390364115463
561 29.56634849506878
562 60.89764211397863
563 58.706510322429196
564 40.31896347771716
565 11.153631116573088
566 55.712867270287425
567 78.11431606099613
568 22.359030614573708
569 59.78673897119531
570 46.65356849375601
571 57.212351874584485
572 45.78127159281826
573 30.028985718726716
574 57.40412613351423
575 56.3567826908621
576 50.811814608731765
577 28.99812312046948
578 78.51547430115627
579 61.11098572666007
580 25.97524496693039
581 81.06366006433043
582 34.772856148005424
583 73.27215949681361
584 40.80064888017685
585 34.623466604446534
586 26.474714122853864
587 63.531864221025806
588 46.09203115466662
589 6.252065881333518
590 6.532914515638034
591 7.567012228427195
592 9.06975038265801
593 11.153631116573088
594 11.43942859750248
595 19.622887894772337
596 21.374406743731004
597 22.359030614573708
598 24.009825454945656
599 24.53335048236904
600 25.97524496693039
601 26.382261967715177
602 26.474714122853864
603 26.481768480197253
604 26.972028295032167
605 27.060958832414528
606 28.258371377130587
607 28.438807430452975
608 28.761504519748282
609 28.99812312046948
610 29.21676126916157
611 29.56634849506878
612 29.84212898433343
613 30.028985718726716
614 30.140777257651354
615 30.281425288543886
616 31.43630465177259
617 32.61690058485224
618 34.337997652527456
619 60.32513080969518
620 26.92265287210742
621 22.013067233639678
622 47.39264403186422
623 8.779985403649023
624 28.23401469289925
625 33.52898349977847
626 32.11645055429485
627 31.927548141882653
628 38.86214564186511
629 23.398778743658944
630 63.901062321764385
631 5.070878285754406
632 54.92302975004702
633 36.0318205501741
634 22.789384510954193
635 53.99294566419544
636 49.382668351003666
637 41.491658573863916
638 19.41000097083145
639 29.318984783286524
640 4.166542140517972
641 16.161079067981454
642 48.70200393871214
643 79.48914235314577
644 23.72361802837584
645 51.80825952652031
646 36.01489631046801
647 45.77696752506318
648 58.677391437225474
649 64.24814959068398
650 47.7565190418668
651 52.68894214142292
652 22.638278709049462
653 22.27535803900779
654 56.15230338152738
655 39.07471944787407
656 47.160090877025574
657 31.930618148698
658 16.892238748273506
659 46.11201222634917
660 4.166542140517972
661 5.070878285754406
662 6.252065881333518
663 6.532914515638034
664 7.567012228427195
665 8.779985403649023
666 9.06975038265801
667 11.153631116573088
668 11.43942859750248
669 16.161079067981454
670 16.892238748273506
671 19.41000097083145
672 19.622887894772337
673 21.374406743731004
674 22.013067233639678
675 22.27535803900779
676 22.359030614573708
677 22.638278709049462
678 22.789384510954193
679 23.398778743658944
680 23.72361802837584
681 24.009825454945656
682 24.53335048236904
683 25.97524496693039
684 26.382261967715177
685 26.474714122853864
686 26.481768480197253
687 26.92265287210742
688 26.972028295032167
689 27.060958832414528
690 13.73201928391613
691 6.306386780141128
692 9.129049269160134
693 24.365085998875983
694 9.487158709894867
695 20.641327842623568
696 14.90842589381078
697 17.244662379925337
698 10.476799551984175
699 11.24652117616059
700 14.875814798172653
701 44.326946811323154
702 8.699294687014868
703 20.071218976571302
704 17.376192821965738
705 32.72399152267279
706 24.79149134473014
707 49.13046163646001
708 16.972749759877782
709 36.398075392362664
710 19.286295598278073
711 28.958259384450166
712 17.89952289640629
713 12.075500977073506
714 11.817442818535547
715 34.01218471765106
716 13.15351486018311
717 33.332197816174116
718 9.726861176575742
719 33.57766911703601
720 13.77191397008779
721 20.976676875961353
722 11.986437323864946
723 17.560928844486945
724 33.35972218994394
725 41.48998181789878
726 17.654200338305987
727 11.782621611985236
728 35.95615103195415
729 26.87838130597822
730 39.17071585798868
731 21.05975302198235
732 45.69992539390832
733 4.166542140517972
734 5.070878285754406
735 6.252065881333518
736 6.306386780141128
737 6.532914515638034
738 7.567012228427195
739 8.699294687014868
740 8.779985403649023
741 9.06975038265801
742 9.129049269160134
743 9.487158709894867
744 9.726861176575742
745 10.476799551984175
746 11.153631116573088
747 11.24652117616059
748 11.43942859750248
749 11.782621611985236
750 11.817442818535547
751 11.986437323864946
752 12.075500977073506
753 13.15351486018311
754 13.73201928391613
755 13.77191397008779
756 14.875814798172653
757 14.90842589381078
758 16.161079067981454
759 16.892238748273506
760 16.972749759877782
761 17.244662379925337
762 17.376192821965738
763 12.18688590357857
764 9.518753753271053
765 4.1931656798962935
766 7.7229914035534
767 11.484538606030792
768 10.874119200608938
769 2.620541086364592
770 26.21635999682588
771 2.287777578864004
772 24.06472431820813
773 5.351191490198352
774 13.274245371946169
775 14.092911569340274
776 15.994713958291383
777 18.0799642505884
778 8.943542271889694
779 6.110422055438519
780 4.2544960858454175
781 18.385446483043545
782 14.930959567778725
783 20.022631430428262
784 12.72972388320994
785 2.3129347405163014
786 33.34734366030716
787 13.749327886365771
788 4.213225695323406
789 31.015733293613785
790 16.497397906309153
791 8.660286136867102
792 17.687453571659027
793 17.857859342548785
794 14.120745364037447
795 8.496423549754835
796 8.110050497140115
797 9.487781256456834
798 20.238267992203852
799 11.474315855464013
800 18.412027707646722
801 16.763022103908156
802 23.08247770951828
803 13.377978695858467
804 20.651590597349998
805 24.27358474684639
806 18.012177928496104
807 10.479613131273492
808 37.84025841089613
809 14.221532899131349
810 15.320615881455044
811 26.28973717238643
812 15.258009067483306
813 26.155022511816448
814 20.67670343574523
815 9.716372185262331
816 13.108561154762992
817 19.693643911596418
818 9.750053012569136
819 18.1195240541685
820 27.60016963191812
821 27.48341627348102
822 2.287777578864004
823 2.3129347405163014
824 2.620541086364592
825 4.166542140517972
826 4.1931656798962935
827 4.213225695323406
828 4.2544960858454175
829 5.070878285754406
830 5.351191490198352
831 6.110422055438519
832 6.252065881333518
833 6.306386780141128
834 6.532914515638034
835 7.567012228427195
836 7.7229914035534
837 8.110050497140115
838 8.496423549754835
839 8.660286136867102
840 8.699294687014868
841 8.779985403649023
842 8.943542271889694
843 9.06975038265801
844 9.129049269160134
845 9.487158709894867
846 9.487781256456834
847 9.518753753271053
848 9.716372185262331
849 9.726861176575742
850 9.750053012569136
851 10.476799551984175
852 3.0387370326098435
853 8.147065407066401
854 4.921884258365088
855 5.162869570705553
856 4.945338195777002
857 4.647573022452102
858 4.262429175723263
859 5.725810638869149
860 5.1581787679936175
861 9.286268261705102
862 8.366358270283946
863 2.3202826495031363
864 3.253054752917013
865 5.819503686269217
866 8.531630674271925
867 10.310799402954526
868 12.778873462733669
869 9.306855213633183
870 11.03660894978972
871 4.0060441202403405
872 3.3022628375342578
873 17.427285489177805
874 5.690830726955389
875 5.658366711691715
876 7.727681950439715
877 8.62623794460191
878 4.988488828015444
879 4.802492948133421
880 10.704010312528888
881 1.6348934000319875
882 7.4924433468129905
883 12.184553317183582
884 4.398489086178709
885 7.91627433542556
886 3.6464549717200985
887 11.520137889502118
888 4.171349105964761
889 15.519870136881512
890 7.463064594909296
891 20.637775710633495
892 8.440517128961526
893 8.945357641554406
894 10.250799154876393
895 1.911820628624909
896 11.937258981050315
897 17.342477351458005
898 1.6348934000319875
899 1.911820628624909
900 2.287777578864004
901 2.3129347405163014
902 2.3202826495031363
903 2.620541086364592
904 3.0387370326098435
905 3.253054752917013
906 3.3022628375342578
907 3.6464549717200985
908 4.0060441202403405
909 4.166542140517972
910 4.171349105964761
911 4.1931656798962935
912 4.213225695323406
913 4.2544960858454175
914 4.262429175723263
915 4.398489086178709
916 4.647573022452102
917 4.802492948133421
918 4.921884258365088
919 4.945338195777002
920 4.988488828015444
921 5.070878285754406
922 5.1581787679936175
923 5.162869570705553
924 5.351191490198352
925 5.658366711691715
926 5.690830726955389
927 5.725810638869149
928 2.9797223443477625
929 5.229452394505854
930 3.759944938776454
931 3.5916703054742047
932 7.4489132816587205
933 4.032799154315821
934 3.278772443351258
935 3.812968780639479
936 0.9944675148059547
937 2.626146038271757
938 1.2690672420076825
939 4.031665966803925
940 1.496180008179965
941 5.446387366625078
942 4.297049254732314
943 0.11821884945079214
944 3.8798802196755875
945 2.611665397230695
946 0.8089725140877142
947 2.2237581652027716
948 3.0725882920519547
949 2.3612275682743347
950 4.81320580383202
951 5.277987275782545
952 1.8487428037035136
953 1.6969819508942452
954 9.056127148768866
955 1.5291793505882607
956 6.098242514591297
957 6.224891501321755
958 1.8672388889710396
959 3.5388781707826062
960 4.478570362967308
961 6.38340862399514
962 8.81083349748389
963 6.595669828219234
964 2.5780077771551655
965 5.18180314288352
966 9.829127470718248
967 9.373490366202462
968 1.4183675671141245
969 2.908292098446565
970 6.902849710353791
971 8.404427130236275
972 6.322359708269779
973 0.11821884945079214
974 0.8089725140877142
975 0.9944675148059547
976 1.2690672420076825
977 1.4183675671141245
978 1.496180008179965
979 1.5291793505882607
980 1.6348934000319875
981 1.6969819508942452
982 1.8487428037035136
983 1.8672388889710396
984 1.911820628624909
985 2.2237581652027716
986 2.287777578864004
987 2.3129347405163014
988 2.3202826495031363
989 2.3612275682743347
990 2.5780077771551655
991 2.611665397230695
992 2.620541086364592
993 2.626146038271757
994 2.908292098446565
995 2.9797223443477625
996 3.0387370326098435
997 3.0725882920519547
998 3.253054752917013
999 3.278772443351258
1000 3.3022628375342578
1001 3.5388781707826062
1002 3.5916703054742047
1003 1.0949282063059176
1004 0.2562568106734844
1005 0.9333328109973373
1006 0.5945973683145471
1007 -0.26937253000751077
1008 2.6554539807288675
1009 1.4013312886660318
1010 0.0855487925175834
1011 1.517403719286452
1012 1.365194107161536
1013 1.1909978078945385
1014 2.476440408009833
1015 1.8492078780208994
1016 1.377546993290212
1017 1.12669959927751
1018 3.1882204061741977
1019 1.8571940673792147
1020 1.89561542827998
1021 1.4773975721527732
1022 2.333898405965736
1023 3.137699530635254
1024 1.3782876252837561
1025 0.4900589410891186
1026 1.755963970523162
1027 2.5471054504468866
1028 2.8863186011396342
1029 1.3191606399897249
1030 3.483864399905251
1031 3.508943493656399
1032 2.4663557256199717
1033 2.342014795167409
1034 2.079344917649519
1035 4.883789957930659
1036 3.049950061130925
1037 1.2204569895892494
1038 3.836311450292513
1039 5.00122286800841
1040 2.8091174518042963
1041 0.4245765723070427
1042 1.9629893682537496
1043 4.6291809474299965
1044 4.893450066764059
1045 -0.26937253000751077
1046 0.0855487925175834
1047 0.11821884945079214
1048 0.2562568106734844
1049 0.4245765723070427
1050 0.4900589410891186
1051 0.5945973683145471
1052 0.8089725140877142
1053 0.9333328109973373
1054 0.9944675148059547
1055 1.0949282063059176
1056 1.12669959927751
1057 1.1909978078945385
1058 1.2204569895892494
1059 1.2690672420076825
1060 1.3191606399897249
1061 1.365194107161536
1062 1.377546993290212
1063 1.3782876252837561
1064 1.4013312886660318
1065 1.4183675671141245
1066 1.4773975721527732
1067 1.496180008179965
1068 1.517403719286452
1069 1.5291793505882607
1070 1.6348934000319875
1071 1.6969819508942452
1072 1.755963970523162
1073 1.8487428037035136
1074 1.8492078780208994
1075 -4.089139826513044e-05
1076 -0.19112952433354408
1077 0.07198794894012411
1078 -0.13880674501259666
1079 0.055741999430528544
1080 0.36256022748821687
1081 0.61578406220352
1082 0.09602176957139058
1083 0.4671865870552112
1084 0.16935103076537633
1085 0.28137787895209043
1086 -0.11792743274772027
1087 -0.06651309666930716
1088 0.3540361305760536
1089 -0.055145530142069576
1090 0.17249753553155944
1091 1.2454531405408305
1092 0.862016985575935
1093 0.04029936262466044
1094 0.4544013320114964
1095 0.4712443517855628
1096 0.8427234628191291
1097 0.5194696517812574
1098 0.8768738734135197
1099 1.1881997930069885
1100 1.2537262055520337
1101 0.9571305044272771
1102 0.6022368254243726
1103 1.3743327594872743
1104 1.4179951793458565
1105 1.2435757559263618
1106 1.3474618396663136
1107 1.0519297265566148
1108 1.0183857204785183
1109 1.1054037329320239
1110 1.037986631014506
1111 1.1321493784960035
1112 1.0752704229321677
1113 1.780963087248379
1114 1.445029362091954
1115 1.30519537438703
1116 -0.26937253000751077
1117 -0.19112952433354408
1118 -0.13880674501259666
1119 -0.11792743274772027
1120 -0.06651309666930716
1121 -0.055145530142069576
1122 -4.089139826513044e-05
1123 0.04029936262466044
1124 0.055741999430528544
1125 0.07198794894012411
1126 0.0855487925175834
1127 0.09602176957139058
1128 0.11821884945079214
1129 0.16935103076537633
1130 0.17249753553155944
1131 0.2562568106734844
1132 0.28137787895209043
1133 0.3540361305760536
1134 0.36256022748821687
1135 0.4245765723070427
1136 0.4544013320114964
1137 0.4671865870552112
1138 0.4712443517855628
1139 0.4900589410891186
1140 0.5194696517812574
1141 0.5945973683145471
1142 0.6022368254243726
1143 0.61578406220352
1144 0.8089725140877142
1145 0.8427234628191291
1146 -0.2448982728355359
1147 -0.2207550437576425
1148 -0.3013626421967853
1149 -0.30583279163895066
1150 -0.3013279196644787
1151 -0.17222958217396334
1152 -0.1759532068650092
1153 -0.20511028828304956
1154 -0.15272558229574595
1155 -0.1424026535206792
1156 -0.17829675936749217
1157 -0.1297068549351666
1158 -0.15491652524703003
1159 -0.12374729954663172
1160 -0.07815982318214326
1161 -0.13296269273302996
1162 -0.14995723146575013
1163 -0.06552638187137444
1164 0.009544807955583323
1165 -0.13587001411691796
1166 -0.12545155257891333
1167 -0.1094500765217074
1168 -0.07629085079662984
1169 -0.12368364709826474
1170 -0.03648096658688549
1171 0.04655277042857919
1172 0.008381546835983078
1173 -0.030971563072576758
1174 0.11059324927564906
1175 0.019856968445967516
1176 0.1167638994013358
1177 0.15334071215143963
1178 0.11705709422060773
1179 0.1761821573925373
1180 0.05621068056276057
1181 -0.043481879519084776
1182 -0.05549121123970874
1183 -0.010284249705202864
1184 0.14295544422859807
1185 -0.041518700182137214
1186 0.05404733173438481
1187 0.19922743040200563
1188 0.18702434849944038
1189 0.19629356959624905
1190 0.12820963903832006
1191 0.10805315461053061
1192 0.16201331787470646
1193 0.17787347720040148
1194 0.22342428956488558
1195 0.15101861622676394
1196 0.20694426386969544
1197 0.16047665944772943
1198 0.18601639456623192
1199 0.37214813884748266
1200 0.25384167588959483
1201 0.2503645666162151
1202 0.3118176422662262
1203 0.4795367139423042
1204 0.2714161704347081
1205 0.2730481944310821
1206 0.5460964664557777
1207 0.3378778759477341
1208 0.3691856396203951
1209 0.5152272711487526
1210 0.521022231054435
1211 0.541146664861758
1212 0.7723259647397323
1213 0.5422272877717518
1214 0.5688793485685502
1215 -0.30583279163895066
1216 -0.3013626421967853
1217 -0.3013279196644787
1218 -0.26937253000751077
1219 -0.2448982728355359
1220 -0.2207550437576425
1221 -0.20511028828304956
1222 -0.19112952433354408
1223 -0.17829675936749217
1224 -0.1759532068650092
1225 -0.17222958217396334
1226 -0.15491652524703003
1227 -0.15272558229574595
1228 -0.14995723146575013
1229 -0.1424026535206792
1230 -0.13880674501259666
1231 -0.13587001411691796
1232 -0.13296269273302996
1233 -0.1297068549351666
1234 -0.12545155257891333
1235 -0.12374729954663172
1236 -0.12368364709826474
1237 -0.11792743274772027
1238 -0.1094500765217074
1239 -0.07815982318214326
1240 -0.07629085079662984
1241 -0.06651309666930716
1242 -0.06552638187137444
1243 -0.05549121123970874
1244 -0.055145530142069576
evaluations raw_y
1 46.93092824124554
2 29.932430007627477
3 49.400786428986116
4 25.822785244574806
5 52.30104170222517
6 79.20308449293078
7 41.42308488224097
8 47.548158664197864
9 58.945514014375256
10 39.31981019572451
11 39.94503105890771
12 37.56941844156764
13 41.268277512258315
14 23.1113279075597
15 52.90278107207962
16 43.201499325614044
17 30.053918938859493
18 41.893963514801676
19 36.547561748571226
20 49.72965199199122
21 36.64204647519439
22 71.78329163092546
23 65.3083128765764
24 49.48056664931212
25 87.16433524228307
26 30.971385744640976
27 55.171301911459246
28 37.098920755377904
29 67.90477494986013
30 51.531930821281954
31 99.67858835343638
32 106.692211320367
33 91.13117200624795
34 83.5060608362331
35 62.8273935511518
36 118.07100918540746
37 124.99999999896943
38 105.92882261654363
39 120.87507131211049
40 106.1101264103673
41 70.87262959091281
42 70.00528475199445
43 124.99999999896943
44 116.02360048533453
45 114.46159637030189
46 113.65684901231262
47 70.51682212265888
48 111.31281535405968
49 124.99999999896943
50 67.62841703736854
51 75.7399000908988
52 88.9776361894961
53 113.29812730536649
54 74.42915403001264
55 109.38478574748501
56 90.66933035916301
57 111.16636756628705
58 115.22316816374332
59 42.01579944947788
60 100.30012175256891
61 87.28014975123672
62 91.908935907384
63 124.99999999896943
64 100.21519616160472
65 94.64677794889624
66 30.2894695241667
67 103.1398124979589
68 88.23525485114128
69 124.99999999896943
70 100.22020736218897
71 92.2798060638734
72 100.05968891261702
73 102.45938956493936
74 76.19072182130786
75 124.99999999896943
76 99.88827185827282
77 82.87943136029614
78 73.51417714754776
79 124.99999999896943
80 70.61612386457735
81 101.47499794073573
82 124.99999999896943
83 101.9919477179531
84 100.02374285457074
85 101.59943786420787
86 124.99999999896943
87 67.98030907911485
88 113.97211485802784
89 85.77928870783862
90 124.99999999896943
91 106.62537022407852
92 98.67839790695211
93 124.99999999896943
94 101.27454753174536
95 75.83442154028968
96 119.58760674491373
97 60.288449374313636
98 124.99999999896943
99 114.86775819215737
100 124.99999999896943
101 111.72888861267491
102 105.29935333237243
103 80.03569577001149
104 87.34656395374209
105 78.49919666428592
106 76.68168858274463
107 23.1113279075597
108 25.822785244574806
109 29.932430007627477
110 30.053918938859493
111 30.2894695241667
112 30.971385744640976
113 36.547561748571226
114 36.64204647519439
115 37.098920755377904
116 37.56941844156764
117 39.31981019572451
118 39.94503105890771
119 41.268277512258315
120 41.42308488224097
121 41.893963514801676
122 42.01579944947788
123 43.201499325614044
124 46.93092824124554
125 47.548158664197864
126 49.400786428986116
127 49.48056664931212
128 49.72965199199122
129 51.531930821281954
130 52.30104170222517
131 52.90278107207962
132 55.171301911459246
133 58.945514014375256
134 60.288449374313636
135 62.8273935511518
136 65.3083128765764
137 124.99999999896943
138 74.03578546381961
139 61.45426281419982
140 121.15121730272705
141 82.5437418715986
142 73.39517996523152
143 77.28322367986661
144 79.6549486766163
145 54.16182547986361
146 53.433564633412075
147 124.77053244266928
148 124.7611056733592
149 108.1058598667062
150 92.364298828188
151 124.99999999896943
152 115.44253716364544
153 83.89396605823583
154 84.43833316544048
155 85.02022130813158
156 75.65234209626969
157 83.88262053907623
158 122.04413014428592
159 64.16342461901652
160 112.60245606312706
161 111.41857171651172
162 124.99999999896943
163 89.26318357119061
164 108.89019435784174
165 80.01062513574313
166 124.99999999896943
167 69.40822344777234
168 74.38344741639384
169 110.46979579991667
170 87.2913304265558
171 62.88794511855685
172 110.06824519084525
173 92.85066570816663
174 67.82484596914433
175 67.52729713567695
176 75.16454013370581
177 118.78904216866312
178 89.13301079189716
179 124.99999999896943
180 82.7436887428228
181 118.1154182156645
182 68.46142908796301
183 100.69972836027324
184 101.72341230404555
185 95.41632797981984
186 75.03425375728285
187 86.9682269583028
188 93.86206931164773
189 89.93995791201486
190 80.1473684458091
191 107.11257234713818
192 87.37336326348594
193 99.97463265778744
194 80.52354322734126
195 115.71397229568774
196 77.23370228827747
197 72.4585030428611
198 59.996315098854026
199 123.92867294483815
200 77.38324746788535
201 23.1113279075597
202 25.822785244574806
203 29.932430007627477
204 30.053918938859493
205 30.2894695241667
206 30.971385744640976
207 36.547561748571226
208 36.64204647519439
209 37.098920755377904
210 37.56941844156764
211 39.31981019572451
212 39.94503105890771
213 41.268277512258315
214 41.42308488224097
215 41.893963514801676
216 42.01579944947788
217 43.201499325614044
218 46.93092824124554
219 47.548158664197864
220 49.400786428986116
221 49.48056664931212
222 49.72965199199122
223 51.531930821281954
224 52.30104170222517
225 52.90278107207962
226 53.433564633412075
227 54.16182547986361
228 55.171301911459246
229 58.945514014375256
230 59.996315098854026
231 77.75224475183916
232 91.26054023123108
233 56.47119673933818
234 111.98179899628357
235 87.27036599023819
236 76.77587829606725
237 90.273205965624
238 51.8829868650654
239 73.70860282684221
240 68.68858866724112
241 102.79070393809504
242 100.38773482740554
243 83.08485408028305
244 62.807787037037706
245 67.38211799170196
246 79.90927362071413
247 80.2772668945218
248 100.63019617528717
249 100.50638670314366
250 100.51009849917976
251 92.25156173358552
252 68.27947890924871
253 124.99999999896943
254 55.754900603237346
255 86.67046878925635
256 59.57761059222239
257 110.83957862040643
258 75.53698733838361
259 117.296919713288
260 116.43821417258711
261 99.80534516826245
262 124.99999999896943
263 73.63600830306082
264 119.4715217266296
265 80.19991138632169
266 99.92036678281004
267 91.07157364015748
268 96.40302630866893
269 102.1695404180393
270 82.28584617620585
271 116.06940468783905
272 57.46406745016522
273 97.10915160548234
274 60.6906399138817
275 104.65907153558122
276 85.96453895066998
277 106.24578345873465
278 75.87131251068976
279 93.63670687680224
280 77.68137261174886
281 124.99999999896943
282 81.69106010050132
283 84.58574808979635
284 103.40105904512737
285 97.30576120910357
286 64.66056052700193
287 70.0153243619586
288 23.1113279075597
289 25.822785244574806
290 29.932430007627477
291 30.053918938859493
292 30.2894695241667
293 30.971385744640976
294 36.547561748571226
295 36.64204647519439
296 37.098920755377904
297 37.56941844156764
298 39.31981019572451
299 39.94503105890771
300 41.268277512258315
301 41.42308488224097
302 41.893963514801676
303 42.01579944947788
304 43.201499325614044
305 46.93092824124554
306 47.548158664197864
307 49.400786428986116
308 49.48056664931212
309 49.72965199199122
310 51.531930821281954
311 51.8829868650654
312 52.30104170222517
313 52.90278107207962
314 53.433564633412075
315 54.16182547986361
316 55.171301911459246
317 55.754900603237346
318 124.99999999896943
319 52.354979812878746
320 110.85536570539918
321 100.66833324676303
322 81.94475482408062
323 100.02881304702338
324 84.29097818123566
325 67.38713810070145
326 110.20746451115971
327 53.33351651315323
328 103.2326785631033
329 114.66795231505274
330 70.17845126400779
331 89.28107133443261
332 75.00310757987855
333 87.03067990627386
334 102.11730106433437
335 66.51559112716258
336 86.12612385775063
337 92.92404674074108
338 124.99999999896943
339 106.3999304930853
340 53.74539721076261
341 55.64171525100457
342 41.478311200803724
343 95.67485366655781
344 94.81664867770856
345 82.5279834328459
346 103.65188582978482
347 69.93529385360762
348 61.332462352179725
349 83.48269567759128
350 41.624681955207116
351 88.93512570585084
352 81.51462395254633
353 85.12266659571576
354 85.85678088120504
355 111.60463209639718
356 93.95071124299157
357 77.32346086953693
358 55.526963073774816
359 45.14453036607428
360 73.62112071802775
361 92.40772032034829
362 23.1113279075597
363 25.822785244574806
364 29.932430007627477
365 30.053918938859493
366 30.2894695241667
367 30.971385744640976
368 36.547561748571226
369 36.64204647519439
370 37.098920755377904
371 37.56941844156764
372 39.31981019572451
373 39.94503105890771
374 41.268277512258315
375 41.42308488224097
376 41.478311200803724
377 41.624681955207116
378 41.893963514801676
379 42.01579944947788
380 43.201499325614044
381 45.14453036607428
382 46.93092824124554
383 47.548158664197864
384 49.400786428986116
385 49.48056664931212
386 49.72965199199122
387 51.531930821281954
388 51.8829868650654
389 52.30104170222517
390 52.354979812878746
391 52.90278107207962
392 100.83286598106795
393 83.65011036197252
394 109.39213605220641
395 102.35751243577144
396 100.31909839307019
397 36.04798970160988
398 73.85583975305303
399 113.70889785083439
400 79.63907765910882
401 51.17180214850034
402 88.007727097771
403 96.18301350538975
404 124.99999999896943
405 96.24089880568124
406 29.127691502508007
407 100.38081360867308
408 110.23093997194663
409 100.75580554364787
410 84.6896882428411
411 56.17012317090363
412 55.86795935898999
413 112.81672223863607
414 85.1362350898378
415 82.01242684865541
416 45.18646388676076
417 109.72255396747339
418 76.61058292468287
419 98.712516755301
420 72.29830117939916
421 85.80910023245666
422 72.32120823749347
423 124.35648134722523
424 124.99999999896943
425 103.84988723041799
426 79.56461580510296
427 86.27848782477001
428 51.860146778580145
429 47.562322669305836
430 83.96062349386412
431 80.07690086838171
432 58.81580188288123
433 86.47230796369
434 23.1113279075597
435 25.822785244574806
436 29.127691502508007
437 29.932430007627477
438 30.053918938859493
439 30.2894695241667
440 30.971385744640976
441 36.04798970160988
442 36.547561748571226
443 36.64204647519439
444 37.098920755377904
445 37.56941844156764
446 39.31981019572451
447 39.94503105890771
448 41.268277512258315
449 41.42308488224097
450 41.478311200803724
451 41.624681955207116
452 41.893963514801676
453 42.01579944947788
454 43.201499325614044
455 45.14453036607428
456 45.18646388676076
457 46.93092824124554
458 47.548158664197864
459 47.562322669305836
460 49.400786428986116
461 49.48056664931212
462 49.72965199199122
463 51.17180214850034
464 60.57936510188681
465 102.81208431728645
466 56.21527663466726
467 47.43612864579006
468 108.41050024336263
469 40.121532663860165
470 48.821293659910246
471 60.82645511381128
472 107.59079779745387
473 66.60339462287527
474 24.851210336154363
475 52.722423956245215
476 62.87992671691259
477 73.52217705530782
478 70.58384702524002
479 58.30646868387928
480 35.943724431541675
481 33.66565537089475
482 36.70645253265211
483 77.48673426804186
484 77.7718263929842
485 42.73180151992453
486 45.3552268777444
487 102.140923501331
488 109.39985943085533
489 65.81025202901596
490 71.2910253732696
491 101.42127429120596
492 43.71062487040373
493 69.04579601708215
494 35.30820622415698
495 81.77843240118196
496 83.13621384003277
497 81.7400316210482
498 90.86937329736595
499 39.57633186414545
500 87.66512316819762
501 63.135445537631895
502 95.95713849611234
503 62.10988894227388
504 64.22430411024945
505 23.87513556617469
506 36.91550594062222
507 62.809308634879365
508 63.27319971923076
509 120.47764073744406
510 89.5417168749542
511 23.1113279075597
512 23.87513556617469
513 24.851210336154363
514 25.822785244574806
515 29.127691502508007
516 29.932430007627477
517 30.053918938859493
518 30.2894695241667
519 30.971385744640976
520 33.66565537089475
521 35.30820622415698
522 35.943724431541675
523 36.04798970160988
524 36.547561748571226
525 36.64204647519439
526 36.70645253265211
527 36.91550594062222
528 37.098920755377904
529 37.56941844156764
530 39.31981019572451
531 39.57633186414545
532 39.94503105890771
533 40.121532663860165
534 41.268277512258315
535 41.42308488224097
536 41.478311200803724
537 41.624681955207116
538 41.893963514801676
539 42.01579944947788
540 42.73180151992453
541 74.97255618299828
542 47.37392833047727
543 39.70342667741023
544 34.52363941767553
545 57.53834655802835
546 64.44855934104362
547 84.601111306677
548 18.669934725611473
549 55.63740024401239
550 21.325350528963476
551 76.36757010007136
552 87.00109951357267
553 62.62901553743704
554 37.22761456037006
555 39.22325782968939
556 18.18318328598549
557 46.07330059264624
558 51.398354574429646
559 117.10540528987144
560 94.07343364476047
561 45.7453312765881
562 64.08098430959453
563 61.51604722171338
564 22.528359451132303
565 77.38316799567211
566 42.546663946504204
567 60.99299187866357
568 28.30625899618552
569 35.74270550272937
570 51.84578862966974
571 85.77525924112027
572 36.16380928190885
573 93.6644529233447
574 73.2856083517637
575 55.65311148876288
576 83.28531500548056
577 99.51400733545142
578 49.10542457754615
579 22.001481697898825
580 98.89434313457348
581 28.460828768206895
582 67.59422111596393
583 18.18318328598549
584 18.669934725611473
585 21.325350528963476
586 22.001481697898825
587 22.528359451132303
588 23.1113279075597
589 23.87513556617469
590 24.851210336154363
591 25.822785244574806
592 28.30625899618552
593 28.460828768206895
594 29.127691502508007
595 29.932430007627477
596 30.053918938859493
597 30.2894695241667
598 30.971385744640976
599 33.66565537089475
600 34.52363941767553
601 35.30820622415698
602 35.74270550272937
603 35.943724431541675
604 36.04798970160988
605 36.16380928190885
606 36.547561748571226
607 36.64204647519439
608 36.70645253265211
609 36.91550594062222
610 37.098920755377904
611 37.22761456037006
612 37.56941844156764
613 85.28235640150106
614 42.85774641356996
615 59.28285838940694
616 51.46699603005527
617 25.769831151053577
618 77.99648871887487
619 20.791483465393092
620 53.528584858132135
621 59.42846304697599
622 57.43853131989843
623 84.09866936203568
624 56.267847602420446
625 52.02963900298071
626 32.37060414507727
627 27.973168144325356
628 53.535507735959435
629 65.76076984796345
630 65.83856250810203
631 40.825513427343786
632 75.68781838836662
633 42.78094918839462
634 55.67612965706199
635 31.672195552518176
636 59.41466188121881
637 66.26004058624326
638 55.103268598779515
639 27.457475628572283
640 58.8818666038905
641 31.39183506994412
642 52.68569867338309
643 54.711648713065344
644 32.24918687321676
645 33.27596797703233
646 74.66750455945507
647 52.71007448770835
648 29.672990357633726
649 36.49206731269704
650 50.99904073231265
651 54.47316062882618
652 29.62634903153849
653 37.626080057470865
654 30.237055372131845
655 67.3969760852444
656 18.18318328598549
657 18.669934725611473
658 20.791483465393092
659 21.325350528963476
660 22.001481697898825
661 22.528359451132303
662 23.1113279075597
663 23.87513556617469
664 24.851210336154363
665 25.769831151053577
666 25.822785244574806
667 27.457475628572283
668 27.973168144325356
669 28.30625899618552
670 28.460828768206895
671 29.127691502508007
672 29.62634903153849
673 29.672990357633726
674 29.932430007627477
675 30.053918938859493
676 30.237055372131845
677 30.2894695241667
678 30.971385744640976
679 31.39183506994412
680 31.672195552518176
681 32.24918687321676
682 32.37060414507727
683 33.27596797703233
684 33.66565537089475
685 34.52363941767553
686 43.460077872998056
687 44.007874320487424
688 19.8340545210434
689 64.2941328220145
690 26.46099232659326
691 17.593143145668733
692 48.04068658476232
693 42.104247213217434
694 13.71301191738296
695 76.376060210894
696 46.436925635472605
697 54.35137434570625
698 22.59623475757625
699 22.81228893980673
700 46.76819778939725
701 43.81485496129356
702 14.895668057348397
703 5.626256891062104
704 31.420870896301665
705 34.918994411682824
706 16.300659113121057
707 48.31832458095328
708 68.18523703821363
709 45.27801401773723
710 47.248954613310765
711 40.57123365019369
712 20.379184391955373
713 31.022313321047527
714 31.502533717310868
715 85.23347908189693
716 61.287409549266414
717 67.06432673816566
718 14.713970475630516
719 46.134332672204884
720 70.12233478073396
721 54.0705152792425
722 19.748465798135975
723 47.023906837297595
724 30.4838307416928
725 55.706465568299905
726 13.111947211243956
727 62.91568830056678
728 67.67799056005838
729 33.323573572832196
730 55.52039856064808
731 72.39954543822952
732 38.089528988686
733 31.51705335725872
734 36.89062014253839
735 5.626256891062104
736 13.111947211243956
737 13.71301191738296
738 14.713970475630516
739 14.895668057348397
740 16.300659113121057
741 17.593143145668733
742 18.18318328598549
743 18.669934725611473
744 19.748465798135975
745 19.8340545210434
746 20.379184391955373
747 20.791483465393092
748 21.325350528963476
749 22.001481697898825
750 22.528359451132303
751 22.59623475757625
752 22.81228893980673
753 23.1113279075597
754 23.87513556617469
755 24.851210336154363
756 25.769831151053577
757 25.822785244574806
758 26.46099232659326
759 27.457475628572283
760 27.973168144325356
761 28.30625899618552
762 28.460828768206895
763 29.127691502508007
764 29.62634903153849
765 14.331255895494417
766 14.243612026666828
767 25.771244997694343
768 18.581032608147154
769 14.342873721802244
770 18.146513578018983
771 19.280073899991464
772 29.79513009129801
773 28.642111889979276
774 36.316924881292195
775 31.609207142155793
776 8.162739801153098
777 9.203447679147658
778 39.6304935531231
779 33.65930231168791
780 1.956202044557726
781 5.901375215751449
782 13.917548442675487
783 14.38321584571005
784 25.694313055659062
785 18.016155470875965
786 60.29413184103253
787 17.64013976782689
788 28.895443446488425
789 30.85863949435206
790 27.034288837524397
791 35.82619336254164
792 47.18975895497396
793 27.03603948715794
794 13.286504426774732
795 43.999019861453114
796 38.593559953928484
797 33.00808144962842
798 37.99453363985141
799 46.9964994255844
800 33.900852489027706
801 32.61475673937869
802 32.53747761020639
803 1.956202044557726
804 5.626256891062104
805 5.901375215751449
806 8.162739801153098
807 9.203447679147658
808 13.111947211243956
809 13.286504426774732
810 13.71301191738296
811 13.917548442675487
812 14.243612026666828
813 14.331255895494417
814 14.342873721802244
815 14.38321584571005
816 14.713970475630516
817 14.895668057348397
818 16.300659113121057
819 17.593143145668733
820 17.64013976782689
821 18.016155470875965
822 18.146513578018983
823 18.18318328598549
824 18.581032608147154
825 18.669934725611473
826 19.280073899991464
827 19.748465798135975
828 19.8340545210434
829 20.379184391955373
830 20.791483465393092
831 21.325350528963476
832 22.001481697898825
833 7.253572146311466
834 11.63671816895688
835 3.7955519597752834
836 12.258800019199107
837 18.026370722383206
838 12.105995274833848
839 11.741401456479966
840 3.102468424706822
841 7.867375943947403
842 20.697378927990986
843 8.216123185394014
844 3.749303265824116
845 25.93701675535652
846 26.314235534335396
847 20.517078636060088
848 16.93369261458662
849 31.64833592066662
850 5.09197703915054
851 20.905106618176927
852 12.917130903664061
853 31.370027745078236
854 12.609319407792187
855 16.838901093524253
856 20.555976651073834
857 7.690936880148736
858 7.798750926178425
859 30.829260269457503
860 29.180088509157706
861 9.590256141169547
862 38.93490647132823
863 25.841574752838405
864 17.600218637991116
865 12.176053573832803
866 38.27802571588998
867 24.37142539862568
868 25.5948683616996
869 1.956202044557726
870 3.102468424706822
871 3.749303265824116
872 3.7955519597752834
873 5.09197703915054
874 5.626256891062104
875 5.901375215751449
876 7.253572146311466
877 7.690936880148736
878 7.798750926178425
879 7.867375943947403
880 8.162739801153098
881 8.216123185394014
882 9.203447679147658
883 9.590256141169547
884 11.63671816895688
885 11.741401456479966
886 12.105995274833848
887 12.176053573832803
888 12.258800019199107
889 12.609319407792187
890 12.917130903664061
891 13.111947211243956
892 13.286504426774732
893 13.71301191738296
894 13.917548442675487
895 14.243612026666828
896 14.331255895494417
897 14.342873721802244
898 14.38321584571005
899 1.887532922644823
900 8.179062341815127
901 -0.12764688532628687
902 12.715131359474055
903 1.2394015453941085
904 9.809813047048738
905 0.2655709743966042
906 6.3274267033611356
907 9.81792561241429
908 6.526470753450562
909 7.603000301639443
910 6.784629624243966
911 4.786025412725886
912 6.367335260110013
913 12.391805680372817
914 3.951070806511396
915 1.6244172383616244
916 8.661799209047274
917 5.9696479273334475
918 13.687322861062459
919 12.128925152176631
920 4.763228091229627
921 12.022158845872482
922 8.272098178594016
923 5.13218060790403
924 7.238119685627046
925 13.132899265518745
926 10.85402693863826
927 9.740222355872099
928 8.644988726866806
929 8.382322142858495
930 7.920062906951169
931 17.693650898091903
932 16.84447562484372
933 10.44481350870386
934 6.328328943585792
935 4.006140337845997
936 4.788097075187577
937 9.444588299436658
938 20.959461720549445
939 13.546267532228017
940 20.995715882176352
941 16.057772066031752
942 -0.12764688532628687
943 0.2655709743966042
944 1.2394015453941085
945 1.6244172383616244
946 1.887532922644823
947 1.956202044557726
948 3.102468424706822
949 3.749303265824116
950 3.7955519597752834
951 3.951070806511396
952 4.006140337845997
953 4.763228091229627
954 4.786025412725886
955 4.788097075187577
956 5.09197703915054
957 5.13218060790403
958 5.626256891062104
959 5.901375215751449
960 5.9696479273334475
961 6.3274267033611356
962 6.328328943585792
963 6.367335260110013
964 6.526470753450562
965 6.784629624243966
966 7.238119685627046
967 7.253572146311466
968 7.603000301639443
969 7.690936880148736
970 7.798750926178425
971 7.867375943947403
972 0.7538930221600852
973 1.1863540125619443
974 1.3150479454090473
975 1.9211047192439692
976 0.7020008294505204
977 2.9098720812190013
978 0.7421711844845731
979 1.873916442389445
980 2.24350969166998
981 5.0716448961321765
982 2.485357519249757
983 0.8946994028038391
984 1.7819175658705002
985 -0.3073081260531488
986 2.9717086614621078
987 6.740090030463444
988 6.071660893354777
989 4.264954441060619
990 1.1214757197926513
991 4.799560377040047
992 2.4624551794831886
993 3.8469554453079855
994 2.6738261311170195
995 4.574561537326792
996 7.585897683525563
997 7.300710237645128
998 9.531121670655553
999 9.913344121199588
1000 6.1504654236735865
1001 3.6318136096837614
1002 7.9339694732938915
1003 2.2861131153522716
1004 7.0720495700604635
1005 9.404868010347196
1006 11.166727740958128
1007 2.8298695458225853
1008 5.246242594878385
1009 8.559304076342343
1010 5.302526662802955
1011 9.641534063464867
1012 -0.3073081260531488
1013 -0.12764688532628687
1014 0.2655709743966042
1015 0.7020008294505204
1016 0.7421711844845731
1017 0.7538930221600852
1018 0.8946994028038391
1019 1.1214757197926513
1020 1.1863540125619443
1021 1.2394015453941085
1022 1.3150479454090473
1023 1.6244172383616244
1024 1.7819175658705002
1025 1.873916442389445
1026 1.887532922644823
1027 1.9211047192439692
1028 1.956202044557726
1029 2.24350969166998
1030 2.2861131153522716
1031 2.4624551794831886
1032 2.485357519249757
1033 2.6738261311170195
1034 2.8298695458225853
1035 2.9098720812190013
1036 2.9717086614621078
1037 3.102468424706822
1038 3.6318136096837614
1039 3.749303265824116
1040 3.7955519597752834
1041 3.8469554453079855
1042 -0.30559342703686365
1043 0.009963660766012794
1044 0.08642960206662603
1045 0.9260412992918985
1046 0.0930683830611772
1047 0.9391351794261811
1048 0.1681458451411632
1049 -0.231013584778796
1050 0.10105788980575053
1051 1.1947481507263467
1052 0.07161800632151988
1053 0.7691700798092513
1054 -0.18435171745927154
1055 1.4732385162371588
1056 0.5462623266799493
1057 3.0907203243168393
1058 1.1904461577272094
1059 -0.32484651713162116
1060 -0.08897250849213129
1061 1.113774046708558
1062 1.7508425116720459
1063 1.4446097493730274
1064 2.5721822731340347
1065 1.4015065442389578
1066 2.1599049343170655
1067 0.20659890661030766
1068 2.1813234869709266
1069 2.137223638544348
1070 2.7569530686671118
1071 0.5482050302805542
1072 1.6219945325844218
1073 2.0538520228058084
1074 1.636729504518117
1075 1.1712668514090934
1076 2.8638602628436596
1077 1.7396538538132043
1078 2.472577968800696
1079 2.927766652857385
1080 1.7327211459301997
1081 1.6405327211990566
1082 3.1379111045483508
1083 3.0333734784236452
1084 3.6520788374636672
1085 2.499673580283853
1086 2.3560352363903427
1087 3.128885293026657
1088 1.8542130052638375
1089 2.0926608807374683
1090 1.6795355639585297
1091 1.511019379157958
1092 3.527029718776427
1093 3.5072553757609155
1094 4.49082418734508
1095 3.032223987317587
1096 3.225653870314695
1097 4.341302285862058
1098 2.9968966628932656
1099 -0.32484651713162116
1100 -0.3073081260531488
1101 -0.30559342703686365
1102 -0.231013584778796
1103 -0.18435171745927154
1104 -0.12764688532628687
1105 -0.08897250849213129
1106 0.009963660766012794
1107 0.07161800632151988
1108 0.08642960206662603
1109 0.0930683830611772
1110 0.10105788980575053
1111 0.1681458451411632
1112 0.20659890661030766
1113 0.2655709743966042
1114 0.5462623266799493
1115 0.5482050302805542
1116 0.7020008294505204
1117 0.7421711844845731
1118 0.7538930221600852
1119 0.7691700798092513
1120 0.8946994028038391
1121 0.9260412992918985
1122 0.9391351794261811
1123 1.113774046708558
1124 1.1214757197926513
1125 1.1712668514090934
1126 1.1863540125619443
1127 1.1904461577272094
1128 1.1947481507263467
1129 -0.30968536560742554
1130 -0.1293217072369634
1131 -0.4192762350666803
1132 -0.0734456305900203
1133 -0.29132782464912876
1134 0.10110740304710453
1135 0.09366922320479515
1136 -0.18368084279507518
1137 -0.3768936503424306
1138 0.13485702662447163
1139 0.018983621487843272
1140 -0.2338697017529914
1141 -0.13833512543713727
1142 -0.259972801096129
1143 0.08049324057633783
1144 0.1525497726366265
1145 0.03667130278920988
1146 -0.35443153592815624
1147 -0.021448921645584096
1148 0.13683942352647294
1149 -0.23183463492093676
1150 0.2911800498881431
1151 -0.24759440032376945
1152 -0.0026684925318061214
1153 0.22885842933214906
1154 0.003062630800939492
1155 -0.019850323687743088
1156 0.09908242755355862
1157 -0.19542305204102928
1158 -0.18791494563188244
1159 -0.230139874997626
1160 -0.20212802090668186
1161 0.4716081143313928
1162 0.7051637728868911
1163 0.24504538180860097
1164 0.13751829083828293
1165 0.191939083181639
1166 0.022078687356739568
1167 0.3298210726770685
1168 0.4240484054643495
1169 -0.34571380649906847
1170 0.6914764840221304
1171 0.564162723481328
1172 0.2083668796309825
1173 0.1278591192041884
1174 0.3657655743278446
1175 0.48595388453415383
1176 0.5861874076360634
1177 0.3132845062204033
1178 0.022994382103833644
1179 -0.1492185102513418
1180 -0.02936726316444893
1181 0.1225515072354385
1182 0.5517959968851769
1183 0.9013022504165193
1184 0.6920738008682139
1185 0.8427977840459042
1186 0.5774805018896083
1187 1.0039762274714832
1188 0.7995575520142755
1189 0.746410867209035
1190 -0.4192762350666803
1191 -0.3768936503424306
1192 -0.35443153592815624
1193 -0.34571380649906847
1194 -0.32484651713162116
1195 -0.30968536560742554
1196 -0.3073081260531488
1197 -0.30559342703686365
1198 -0.29132782464912876
1199 -0.259972801096129
1200 -0.24759440032376945
1201 -0.2338697017529914
1202 -0.23183463492093676
1203 -0.231013584778796
1204 -0.230139874997626
1205 -0.20212802090668186
1206 -0.19542305204102928
1207 -0.18791494563188244
1208 -0.18435171745927154
1209 -0.18368084279507518
1210 -0.1492185102513418
1211 -0.13833512543713727
1212 -0.1293217072369634
1213 -0.12764688532628687
1214 -0.08897250849213129
1215 -0.0734456305900203
1216 -0.02936726316444893
1217 -0.021448921645584096
1218 -0.019850323687743088
1219 -0.0026684925318061214
1220 -0.4125290820491523
1221 -0.4010392448577111
1222 -0.45830948652248354
1223 -0.38424146185013275
1224 -0.4357646234639156
1225 -0.34705718021670195
1226 -0.33902288550506565
1227 -0.4383825841095649
1228 -0.34609796388291836
1229 -0.336442423870994
1230 -0.33841652063973454
1231 -0.3124024710992101
1232 -0.312870638641981
1233 -0.328727486694074
1234 -0.33665879225743295
1235 -0.35313643124090155
1236 -0.38560074724744237
1237 -0.36875028089586726
1238 -0.31875961414338566
1239 -0.27770248398875436
1240 -0.338449584722157
1241 -0.30444711634060945
1242 -0.34711376265296034
1243 -0.286490935594881
1244 -0.3685260354205531
1245 -0.17195562898759192
1246 -0.311611658793675
1247 -0.3601695399462373
1248 -0.35884230657419947
1249 -0.16422239317222204
1250 -0.21138961599200617
1251 -0.29326969349031806
1252 -0.2717195138719945
1253 -0.2766809794789828
1254 -0.3527122988073865
1255 -0.21057944756922758
1256 -0.1611277928860707
1257 -0.13784537648830858
1258 -0.3275095507178786
1259 -0.17468962902030644
1260 -0.25414317684338683
1261 -0.2973830768055037
1262 -0.20639476987271227
1263 -0.26957732336972906
1264 -0.21449969972507116
1265 -0.13442386913696613
1266 -0.1759618482027256
1267 -0.25546052086574633
1268 -0.18391994893854313
1269 -0.10845897598381599
1270 -0.1480495945394279
1271 -0.17184109118915497
1272 -0.10344879471937479
1273 -0.13695700396684252
1274 -0.15311460904387325
1275 -0.09031131352363692
1276 -0.15087055478688138
1277 -0.21416256088903157
1278 -0.06518696441575722
1279 -0.03946123069786556
1280 -0.45830948652248354
1281 -0.4383825841095649
1282 -0.4357646234639156
1283 -0.4192762350666803
1284 -0.4125290820491523
1285 -0.4010392448577111
1286 -0.38560074724744237
1287 -0.38424146185013275
1288 -0.3768936503424306
1289 -0.36875028089586726
1290 -0.3685260354205531
1291 -0.3601695399462373
1292 -0.35884230657419947
1293 -0.35443153592815624
1294 -0.35313643124090155
1295 -0.3527122988073865
1296 -0.34711376265296034
1297 -0.34705718021670195
1298 -0.34609796388291836
1299 -0.34571380649906847
1300 -0.33902288550506565
1301 -0.338449584722157
1302 -0.33841652063973454
1303 -0.33665879225743295
1304 -0.336442423870994
1305 -0.328727486694074
1306 -0.3275095507178786
1307 -0.32484651713162116
1308 -0.31875961414338566
1309 -0.312870638641981
evaluations raw_y
1 24.023890571044394
2 22.4837490872175
3 24.78172288909347
4 50.211336307292264
5 49.49752099525325
6 33.947091961137545
7 10.645597706900519
8 25.781440771825405
9 39.49586801809984
10 29.15616194052786
11 32.46598899968797
12 94.01135214690645
13 32.206312289771425
14 46.306878978757915
15 21.060952866607366
16 44.86039528075018
17 26.78142954754645
18 40.44744821365828
19 40.816679687428824
20 30.708640087587234
21 49.81789197195485
22 28.589321893092293
23 24.587003810888206
24 23.27377806120154
25 35.57342390988893
26 44.696995260813345
27 33.67692168475451
28 63.490562954984675
29 41.05313286590466
30 44.757435405227696
31 89.68662200132482
32 101.90612653558559
33 112.25219223512688
34 79.02168928712511
35 56.77881774319388
36 101.04296559996294
37 80.81641898235603
38 103.30848123316366
39 106.04088411619581
40 99.85898021091195
41 83.49043795597964
42 99.99295025245021
43 124.99999999896943
44 108.91913311815084
45 113.58599857484633
46 100.48624243967706
47 113.55258923126989
48 99.32608896566913
49 94.9384152503405
50 124.99999999896943
51 75.43262101966981
52 101.00582481023135
53 103.55256775158175
54 91.30526493191837
55 94.54665582780615
56 124.96073335850735
57 124.99999999896943
58 93.12316609873146
59 71.13929241604275
60 76.05081840090278
61 100.74714507359772
62 124.92961658766556
63 68.93801891175983
64 80.83900872251378
65 93.75227208594787
66 121.90618042542722
67 101.42292423616998
68 87.3945316943164
69 96.55498672008297
70 82.10718510844526
71 99.89173558303828
72 106.39126980484286
73 73.4207307979448
74 124.99999999896943
75 99.93007505370124
76 101.6494751552278
77 86.20540365078827
78 124.99999999896943
79 97.67029819652555
80 124.99999999896943
81 66.47809655286505
82 90.13674933081494
83 121.10874137079942
84 103.57728039142589
85 66.07458585246864
86 119.59479989967387
87 86.11132929510876
88 63.50407799592582
89 62.42747159123584
90 73.11129243175641
91 77.979244119963
92 103.77881090792508
93 110.45060886699945
94 123.14125494214682
95 33.67109169052161
96 100.52374471213788
97 76.68999925003098
98 54.35446082572741
99 84.2013580120684
100 82.56269406471556
101 105.80407192166996
102 124.99999999896943
103 100.68918378004992
104 109.96114842744205
105 80.7383163780049
106 124.99999999896943
107 92.39393843012729
108 99.96022975143971
109 100.48367917271534
110 74.78109767585917
111 113.05847159888191
112 109.17589466227312
113 124.99999999896943
114 57.74490586206518
115 42.37675536585078
116 124.98435584883147
117 118.07821334936767
118 114.51704761741404
119 10.645597706900519
120 21.060952866607366
121 22.4837490872175
122 23.27377806120154
123 24.023890571044394
124 24.587003810888206
125 24.78172288909347
126 25.781440771825405
127 26.78142954754645
128 28.589321893092293
129 29.15616194052786
130 30.708640087587234
131 32.206312289771425
132 32.46598899968797
133 33.67109169052161
134 33.67692168475451
135 33.947091961137545
136 35.57342390988893
137 39.49586801809984
138 40.44744821365828
139 40.816679687428824
140 41.05313286590466
141 42.37675536585078
142 44.696995260813345
143 44.757435405227696
144 44.86039528075018
145 46.306878978757915
146 49.49752099525325
147 49.81789197195485
148 50.211336307292264
149 120.68569839647922
150 38.40612626995221
151 99.37062446767264
152 108.09716217893715
153 78.90396868366568
154 93.31015523756803
155 78.80547782829612
156 82.42315438581896
157 94.6763009487708
158 70.73032199536705
159 124.99999999896943
160 79.49072284003582
161 80.55232854235659
162 112.16112457674828
163 80.39748020161804
164 60.79808594385729
165 95.18369974296651
166 108.56699358581878
167 114.86354519438308
168 67.4463282491785
169 107.41749241320842
170 76.70295219506998
171 117.69668745019749
172 101.70372574818633
173 105.81553912938773
174 124.99999999896943
175 58.03224219393167
176 121.76543417532042
177 119.9444573694613
178 88.98237813589854
179 80.31414161013399
180 67.3384768874918
181 63.840994284399954
182 102.69231180100782
183 124.99999999896943
184 105.87630184446249
185 75.60687728959643
186 99.98765531778996
187 110.9487107792357
188 81.02331627227952
189 89.07880527627486
190 76.78426015258026
191 105.20825450166724
192 101.65117290801759
193 93.58953579914431
194 104.0389412522732
195 63.95983359246
196 85.49951629829906
197 110.97083468962195
198 10.645597706900519
199 21.060952866607366
200 22.4837490872175
201 23.27377806120154
202 24.023890571044394
203 24.587003810888206
204 24.78172288909347
205 25.781440771825405
206 26.78142954754645
207 28.589321893092293
208 29.15616194052786
209 30.708640087587234
210 32.206312289771425
211 32.46598899968797
212 33.67109169052161
213 33.67692168475451
214 33.947091961137545
215 35.57342390988893
216 38.40612626995221
217 39.49586801809984
218 40.44744821365828
219 40.816679687428824
220 41.05313286590466
221 42.37675536585078
222 44.696995260813345
223 44.757435405227696
224 44.86039528075018
225 46.306878978757915
226 49.49752099525325
227 49.81789197195485
228 89.20743626131984
229 59.493862917857186
230 121.60337249803614
231 62.86428383050644
232 47.61642657022622
233 78.39856219009297
234 106.66411085072365
235 101.0349447199887
236 56.81142255677838
237 81.95955484343773
238 74.08918560789668
239 74.07765491090623
240 95.61916273032396
241 101.27380690999549
242 96.59695729256771
243 102.02489363123756
244 109.73316453245496
245 80.62297533109155
246 51.05358497098662
247 85.71902684057962
248 76.35310879639627
249 68.91027272879624
250 101.18200433429251
251 81.48676354215489
252 108.3922752521432
253 99.92382435204581
254 113.57138985893025
255 88.21928996187106
256 60.395243197265785
257 85.2985552062218
258 54.92678919179855
259 68.56514563051935
260 78.52892354546363
261 77.76090780108606
262 108.33155209297368
263 116.63514234341162
264 69.00883205101356
265 62.870810113335786
266 59.70157016348404
267 82.0860200535869
268 124.99999999896943
269 98.1659512174162
270 75.47248412316813
271 72.14114097385769
272 81.5954528255464
273 58.06949594585532
274 52.26874691008524
275 75.23518848997051
276 91.95090445951328
277 54.85395075424581
278 10.645597706900519
279 21.060952866607366
280 22.4837490872175
281 23.27377806120154
282 24.023890571044394
283 24.587003810888206
284 24.78172288909347
285 25.781440771825405
286 26.78142954754645
287 28.589321893092293
288 29.15616194052786
289 30.708640087587234
290 32.206312289771425
291 32.46598899968797
292 33.67109169052161
293 33.67692168475451
294 33.947091961137545
295 35.57342390988893
296 38.40612626995221
297 39.49586801809984
298 40.44744821365828
299 40.816679687428824
300 41.05313286590466
301 42.37675536585078
302 44.696995260813345
303 44.757435405227696
304 44.86039528075018
305 46.306878978757915
306 47.61642657022622
307 49.49752099525325
308 100.78773066329845
309 113.06031118393385
310 124.99999999896943
311 77.79800377775592
312 75.16293126649137
313 99.9795038238485
314 75.52680720414436
315 107.44518654600007
316 108.97038962785575
317 95.95524818495058
318 73.84832630920049
319 37.53792345619397
320 98.2766292182192
321 104.08997323613004
322 101.51224407743464
323 99.89112574469719
324 92.21436478858568
325 93.42890362715306
326 44.98839983486056
327 83.43537916357892
328 83.93950352605532
329 108.70313592106523
330 88.56297050838462
331 85.58291213449358
332 108.49575238171796
333 49.09967260300114
334 82.32661413533589
335 98.56809011524419
336 107.0092558400222
337 105.2019819723106
338 106.97690794022354
339 66.35773573971495
340 110.41473481964306
341 112.25267457193523
342 101.9494452643957
343 123.74342488501115
344 90.17979973572743
345 110.11299416178151
346 50.20075881305288
347 87.92294679826144
348 113.18301841999396
349 78.89702265843643
350 124.99999999896943
351 91.7627264946908
352 101.3123436075597
353 52.37368220494004
354 102.74809578328329
355 80.79611289271635
356 80.59759536633155
357 55.26178367672082
358 10.645597706900519
359 21.060952866607366
360 22.4837490872175
361 23.27377806120154
362 24.023890571044394
363 24.587003810888206
364 24.78172288909347
365 25.781440771825405
366 26.78142954754645
367 28.589321893092293
368 29.15616194052786
369 30.708640087587234
370 32.206312289771425
371 32.46598899968797
372 33.67109169052161
373 33.67692168475451
374 33.947091961137545
375 35.57342390988893
376 37.53792345619397
377 38.40612626995221
378 39.49586801809984
379 40.44744821365828
380 40.816679687428824
381 41.05313286590466
382 42.37675536585078
383 44.696995260813345
384 44.757435405227696
385 44.86039528075018
386 44.98839983486056
387 46.306878978757915
388 81.62246175257465
389 68.09311560225404
390 83.55455082070172
391 100.53488768920494
392 21.20654737613878
393 58.16060190717949
394 95.98902176452954
395 54.24715842559837
396 67.95536066831241
397 81.26222345833231
398 124.99999999896943
399 91.59811711903102
400 84.23470063681789
401 109.2884205021679
402 95.28911706874601
403 59.76338073751496
404 121.1701748687716
405 52.61922140617569
406 98.28465530157995
407 90.98476413551366
408 106.76311100719137
409 83.00498030160648
410 64.60880305869576
411 124.39071918790472
412 80.81159355452569
413 94.61447868730811
414 61.74779552557278
415 63.10792087737551
416 78.95433635674885
417 39.46519154854968
418 76.13152381502596
419 94.66736407941943
420 34.34804636257825
421 70.46522563871159
422 88.97364662561816
423 55.344320901677
424 97.81540485885606
425 103.72862600199784
426 102.94056386106047
427 87.69615134815761
428 64.75713259302691
429 10.645597706900519
430 21.060952866607366
431 21.20654737613878
432 22.4837490872175
433 23.27377806120154
434 24.023890571044394
435 24.587003810888206
436 24.78172288909347
437 25.781440771825405
438 26.78142954754645
439 28.589321893092293
440 29.15616194052786
441 30.708640087587234
442 32.206312289771425
443 32.46598899968797
444 33.67109169052161
445 33.67692168475451
446 33.947091961137545
447 34.34804636257825
448 35.57342390988893
449 37.53792345619397
450 38.40612626995221
451 39.46519154854968
452 39.49586801809984
453 40.44744821365828
454 40.816679687428824
455 41.05313286590466
456 42.37675536585078
457 44.696995260813345
458 44.757435405227696
459 77.23154743803882
460 100.29967906563682
461 60.8190347064663
462 35.61966536455111
463 27.458661195498784
464 95.05311798674703
465 27.287708966499228
466 81.77003561830534
467 86.50153599287077
468 29.51460117876196
469 44.370733383042015
470 96.75037411442426
471 91.985793863895
472 92.28117120667326
473 35.56121147351253
474 29.131094120409816
475 73.49274001181286
476 59.23097996802372
477 61.77734304577383
478 84.33930493416517
479 80.22598615693994
480 58.328931580016146
481 33.03745749835554
482 38.20068410564308
483 36.45814670405161
484 90.1613943897705
485 106.04834549779468
486 67.13436267172077
487 73.87183210184558
488 100.60013604881307
489 79.75654226457682
490 56.87342550387874
491 66.26139211155578
492 81.55741421723961
493 66.23490340281975
494 55.11884476347032
495 81.46686172171484
496 65.8865450588271
497 48.229203578539504
498 70.44942516735928
499 55.93978702288444
500 66.42902655813181
501 10.645597706900519
502 21.060952866607366
503 21.20654737613878
504 22.4837490872175
505 23.27377806120154
506 24.023890571044394
507 24.587003810888206
508 24.78172288909347
509 25.781440771825405
510 26.78142954754645
511 27.287708966499228
512 27.458661195498784
513 28.589321893092293
514 29.131094120409816
515 29.15616194052786
516 29.51460117876196
517 30.708640087587234
518 32.206312289771425
519 32.46598899968797
520 33.03745749835554
521 33.67109169052161
522 33.67692168475451
523 33.947091961137545
524 34.34804636257825
525 35.56121147351253
526 35.57342390988893
527 35.61966536455111
528 36.45814670405161
529 37.53792345619397
530 38.20068410564308
531 88.7301852491177
532 22.186742443668752
533 43.783856708024366
534 56.60966208543976
535 40.067009546739435
536 49.01440595458669
537 66.5853185094099
538 63.220637471902904
539 49.1383552181891
540 47.32822157700421
541 55.64468157284581
542 80.79245535646264
543 57.37584142629757
544 18.329746359131878
545 61.92496267285126
546 80.96703420149147
547 60.68490964279288
548 92.83485383083718
549 50.661627171179134
550 31.8157293565226
551 79.53341139195443
552 92.75359714663068
553 59.728571881771636
554 64.02510736609989
555 27.44926275148281
556 26.67232016832555
557 45.48382219814541
558 53.026802508432745
559 63.1865648144781
560 50.27552005909161
561 46.19142641933372
562 74.46506764091173
563 73.28647166580274
564 50.44063184559023
565 10.645597706900519
566 18.329746359131878
567 21.060952866607366
568 21.20654737613878
569 22.186742443668752
570 22.4837490872175
571 23.27377806120154
572 24.023890571044394
573 24.587003810888206
574 24.78172288909347
575 25.781440771825405
576 26.67232016832555
577 26.78142954754645
578 27.287708966499228
579 27.44926275148281
580 27.458661195498784
581 28.589321893092293
582 29.131094120409816
583 29.15616194052786
584 29.51460117876196
585 30.708640087587234
586 31.8157293565226
587 32.206312289771425
588 32.46598899968797
589 33.03745749835554
590 33.67109169052161
591 33.67692168475451
592 33.947091961137545
593 34.34804636257825
594 35.56121147351253
595 51.84798153403797
596 47.667727464472485
597 35.448671941943104
598 81.43817004275569
599 40.267208060851175
600 18.035998648836067
601 57.47189466704449
602 51.09291038528676
603 59.13854084012659
604 64.18889740712018
605 48.011623675326994
606 46.469734621154494
607 28.63121097939192
608 7.139714852719791
609 60.998240492202314
610 59.26631227575855
611 70.61796674471984
612 43.70895189801492
613 57.67166543535504
614 25.811755199332495
615 20.44645424580472
616 57.10056775247788
617 53.050300340304126
618 37.09405637664417
619 57.94507954173628
620 58.56471508413884
621 59.77493583040682
622 40.488489110423465
623 83.94870370878814
624 55.600646231771144
625 29.317615469299835
626 41.591981030051535
627 42.89340933128618
628 33.85719049832944
629 7.139714852719791
630 10.645597706900519
631 18.035998648836067
632 18.329746359131878
633 20.44645424580472
634 21.060952866607366
635 21.20654737613878
636 22.186742443668752
637 22.4837490872175
638 23.27377806120154
639 24.023890571044394
640 24.587003810888206
641 24.78172288909347
642 25.781440771825405
643 25.811755199332495
644 26.67232016832555
645 26.78142954754645
646 27.287708966499228
647 27.44926275148281
648 27.458661195498784
649 28.589321893092293
650 28.63121097939192
651 29.131094120409816
652 29.15616194052786
653 29.317615469299835
654 29.51460117876196
655 30.708640087587234
656 31.8157293565226
657 32.206312289771425
658 32.46598899968797
659 39.27337293725426
660 30.372603781583006
661 32.778009798384176
662 23.553118528173663
663 30.284344913550886
664 39.64350605016512
665 38.8379215650692
666 25.152788340456585
667 31.47259787190611
668 18.682467706763575
669 11.88708481950174
670 45.36412067067104
671 49.788928393760095
672 66.85051622769403
673 60.25725362029524
674 49.80091654109344
675 62.91576210810503
676 33.73128423859913
677 33.154040840315616
678 80.07433057786609
679 30.900392506413407
680 74.8958420377486
681 23.185624203774534
682 30.323182960027864
683 59.47126970944465
684 4.4870418651477095
685 36.36307844944983
686 61.53038893384204
687 40.84168854093067
688 40.08296578747026
689 11.275481141638423
690 4.4870418651477095
691 7.139714852719791
692 10.645597706900519
693 11.275481141638423
694 11.88708481950174
695 18.035998648836067
696 18.329746359131878
697 18.682467706763575
698 20.44645424580472
699 21.060952866607366
700 21.20654737613878
701 22.186742443668752
702 22.4837490872175
703 23.185624203774534
704 23.27377806120154
705 23.553118528173663
706 24.023890571044394
707 24.587003810888206
708 24.78172288909347
709 25.152788340456585
710 25.781440771825405
711 25.811755199332495
712 26.67232016832555
713 26.78142954754645
714 27.287708966499228
715 27.44926275148281
716 27.458661195498784
717 28.589321893092293
718 28.63121097939192
719 29.131094120409816
720 29.050432413669643
721 12.510385830915533
722 43.75833797409918
723 10.72069523650826
724 26.437194898808652
725 16.39651544381292
726 12.156659618418658
727 10.941437274867624
728 44.12996338223857
729 15.034284409592251
730 17.294515950948036
731 20.78748596588984
732 9.868550176132144
733 28.32628386662635
734 45.31693203028668
735 24.95286745155541
736 41.22001960600548
737 42.45152149542106
738 25.27411450986781
739 23.7726210619056
740 5.721588724552897
741 17.03817643561136
742 6.166193072828488
743 42.78466326984707
744 45.699210859515105
745 36.917520366521025
746 39.154538903830165
747 14.547376798672856
748 32.46728309244032
749 58.25015817634464
750 26.97568097500516
751 51.79072195049603
752 18.811570082238628
753 4.4870418651477095
754 5.721588724552897
755 6.166193072828488
756 7.139714852719791
757 9.868550176132144
758 10.645597706900519
759 10.72069523650826
760 10.941437274867624
761 11.275481141638423
762 11.88708481950174
763 12.156659618418658
764 12.510385830915533
765 14.547376798672856
766 15.034284409592251
767 16.39651544381292
768 17.03817643561136
769 17.294515950948036
770 18.035998648836067
771 18.329746359131878
772 18.682467706763575
773 18.811570082238628
774 20.44645424580472
775 20.78748596588984
776 21.060952866607366
777 21.20654737613878
778 22.186742443668752
779 22.4837490872175
780 23.185624203774534
781 23.27377806120154
782 23.553118528173663
783 8.00277635520012
784 6.616626285603878
785 17.823709738962496
786 12.233289542523384
787 7.0044191132502585
788 8.567445158249397
789 2.8534059613934
790 15.62307013833562
791 17.53887830930989
792 7.339529081515446
793 6.854277466120199
794 16.492213351301608
795 25.134291414193445
796 5.474845362641319
797 15.095148894567165
798 9.558874197672564
799 14.921820293870688
800 9.651417974995825
801 24.446980032805726
802 10.55000955051671
803 4.593702661079851
804 38.56080956527189
805 8.675663146308121
806 22.433478763239528
807 14.593467804871644
808 29.733531648569738
809 22.054066223232084
810 14.529706718876042
811 21.52105033138658
812 15.447694268458259
813 18.9631139723576
814 4.880969997158637
815 23.838929441207924
816 19.10135491762165
817 9.573707898561764
818 10.784875884825563
819 25.672134423248195
820 21.124326341865032
821 24.773994105165183
822 15.128179558939356
823 22.744336262634956
824 37.90446289821587
825 9.425335129885033
826 13.87099499402925
827 31.082663068120524
828 16.783533679925203
829 34.50148956628239
830 15.30421823737435
831 40.69094592316766
832 36.545713807549674
833 2.8534059613934
834 4.4870418651477095
835 4.593702661079851
836 4.880969997158637
837 5.474845362641319
838 5.721588724552897
839 6.166193072828488
840 6.616626285603878
841 6.854277466120199
842 7.0044191132502585
843 7.139714852719791
844 7.339529081515446
845 8.00277635520012
846 8.567445158249397
847 8.675663146308121
848 9.425335129885033
849 9.558874197672564
850 9.573707898561764
851 9.651417974995825
852 9.868550176132144
853 10.55000955051671
854 10.645597706900519
855 10.72069523650826
856 10.784875884825563
857 10.941437274867624
858 11.275481141638423
859 11.88708481950174
860 12.156659618418658
861 12.233289542523384
862 12.510385830915533
863 6.374032642365909
864 4.035897811788009
865 5.909034606122071
866 4.870824546981533
867 8.814636523058649
868 9.074987035341124
869 7.674533067968697
870 14.238128559950482
871 5.776961032665629
872 16.939187574983837
873 4.662731319518058
874 4.222046971489072
875 4.948826025601188
876 13.82079338352258
877 6.339375199026521
878 19.180156758267973
879 5.796982530356817
880 0.345059768004566
881 15.874410506206987
882 3.416415451811014
883 18.019749739124272
884 3.659496950260894
885 11.8107078266284
886 14.96835969127245
887 10.288742102723724
888 0.31623264075445423
889 12.395426469910054
890 16.644570013407872
891 20.932878289011914
892 6.850804099530834
893 11.788415313523414
894 7.511327985890864
895 11.809279731204855
896 9.052636001171324
897 20.784394944824967
898 4.552070588891456
899 9.207391435504087
900 7.105061204214902
901 12.957689675964579
902 14.017926994703759
903 16.1838046440669
904 10.407275215005951
905 14.894079712347025
906 15.541574624704072
907 11.783238907545279
908 18.004210603548657
909 14.838147500412154
910 0.31623264075445423
911 0.345059768004566
912 2.8534059613934
913 3.416415451811014
914 3.659496950260894
915 4.035897811788009
916 4.222046971489072
917 4.4870418651477095
918 4.552070588891456
919 4.593702661079851
920 4.662731319518058
921 4.870824546981533
922 4.880969997158637
923 4.948826025601188
924 5.474845362641319
925 5.721588724552897
926 5.776961032665629
927 5.796982530356817
928 5.909034606122071
929 6.166193072828488
930 6.339375199026521
931 6.374032642365909
932 6.616626285603878
933 6.850804099530834
934 6.854277466120199
935 7.0044191132502585
936 7.105061204214902
937 7.139714852719791
938 7.339529081515446
939 7.511327985890864
940 2.4239766693450107
941 3.206482252049928
942 1.1614767869366331
943 0.1406056120226022
944 2.23219482645243
945 2.8248345437988336
946 2.1472909742009563
947 0.8995228164870162
948 1.5115503371030434
949 6.889739206073117
950 0.8822485440435566
951 2.43235761154737
952 5.6432836476012955
953 1.700458752350984
954 10.274865007138109
955 5.6975366684153315
956 8.02985292245056
957 2.4970380788967663
958 4.252650044020781
959 6.31053919844179
960 4.380160699038167
961 4.4233943657419355
962 6.305736632715006
963 4.43243852255415
964 4.35113020658571
965 7.87003127996838
966 8.500210182959965
967 5.241677941133749
968 6.97447490172843
969 6.056202555806439
970 6.942153786603234
971 4.22955974874585
972 9.361018440867554
973 12.991838136727091
974 6.552748292889844
975 0.1406056120226022
976 0.31623264075445423
977 0.345059768004566
978 0.8822485440435566
979 0.8995228164870162
980 1.1614767869366331
981 1.5115503371030434
982 1.700458752350984
983 2.1472909742009563
984 2.23219482645243
985 2.4239766693450107
986 2.43235761154737
987 2.4970380788967663
988 2.8248345437988336
989 2.8534059613934
990 3.206482252049928
991 3.416415451811014
992 3.659496950260894
993 4.035897811788009
994 4.222046971489072
995 4.22955974874585
996 4.252650044020781
997 4.35113020658571
998 4.380160699038167
999 4.4233943657419355
1000 4.43243852255415
1001 4.4870418651477095
1002 4.552070588891456
1003 4.593702661079851
1004 4.662731319518058
1005 0.4189533265311774
1006 0.14089461142750437
1007 0.54950962547692
1008 0.5528608218657111
1009 0.5865815057946884
1010 0.8231800824214115
1011 1.070342689262351
1012 0.6472395949163998
1013 0.12394734944786434
1014 -0.09983938523584263
1015 1.0745472894592611
1016 0.7904767671518659
1017 0.19998095706798252
1018 1.5404919544100202
1019 1.5129120387011221
1020 2.0659137548922293
1021 0.8881602686737697
1022 1.153347658882194
1023 1.0362300434984897
1024 2.5349719723735396
1025 1.174993863451716
1026 2.016548075957223
1027 1.540002588445133
1028 2.265992389347215
1029 2.0366892908505347
1030 2.6003336380356306
1031 3.042367798675472
1032 1.8079079756430232
1033 1.58525115892373
1034 1.3916270953048675
1035 1.5147602382741054
1036 1.8916465698239935
1037 4.899452990750591
1038 3.981025825243464
1039 3.466459232211811
1040 3.995547385375235
1041 3.1411132847723757
1042 3.887821917178211
1043 1.5066767322565862
1044 2.9640159983238643
1045 2.623198678044467
1046 3.038220605819378
1047 1.8922970596472979
1048 3.5765314876236647
1049 3.556780823761961
1050 1.451664302074869
1051 5.978334219331119
1052 -0.09983938523584263
1053 0.12394734944786434
1054 0.1406056120226022
1055 0.14089461142750437
1056 0.19998095706798252
1057 0.31623264075445423
1058 0.345059768004566
1059 0.4189533265311774
1060 0.54950962547692
1061 0.5528608218657111
1062 0.5865815057946884
1063 0.6472395949163998
1064 0.7904767671518659
1065 0.8231800824214115
1066 0.8822485440435566
1067 0.8881602686737697
1068 0.8995228164870162
1069 1.0362300434984897
1070 1.070342689262351
1071 1.0745472894592611
1072 1.153347658882194
1073 1.1614767869366331
1074 1.174993863451716
1075 1.3916270953048675
1076 1.451664302074869
1077 1.5066767322565862
1078 1.5115503371030434
1079 1.5129120387011221
1080 1.5147602382741054
1081 1.540002588445133
1082 0.04603314489956589
1083 0.152333049557559
1084 0.3494026191981082
1085 -0.058166607715419816
1086 -0.28124936666747896
1087 -0.033212264460208196
1088 0.11165736375448093
1089 0.06825014329158702
1090 0.04463775064409525
1091 0.05457509026847107
1092 0.12231064919456852
1093 0.3581999977653492
1094 0.60527617007313
1095 0.40159565064537084
1096 0.42556972619428285
1097 0.2597147819985888
1098 0.30005215787718553
1099 0.1620701672163194
1100 0.43169689517113397
1101 0.3171565976847034
1102 0.2713784203093692
1103 0.15898248310720436
1104 0.4159704946065435
1105 0.5528332007388801
1106 0.5758474036646362
1107 0.9214786561691614
1108 0.30002462444634637
1109 0.4681133510675828
1110 0.45604208784708045
1111 0.7306707579597688
1112 0.6988533756614943
1113 0.4142562674564525
1114 1.2433843774222857
1115 0.1895969700529162
1116 0.7389444290688221
1117 0.8583714819092694
1118 0.7960825378803563
1119 0.8833728608055627
1120 0.8643788741943277
1121 0.6349059791680819
1122 0.8713608648161204
1123 0.6314048975131705
1124 1.5932743122272253
1125 1.3409813607173044
1126 0.7633346034412211
1127 1.2996298653617189
1128 1.0435700064444724
1129 0.5923010493001419
1130 0.6329121764120618
1131 0.9694686065224551
1132 0.6664473443745187
1133 0.7230788898023284
1134 1.6900450961395022
1135 1.0684829614907403
1136 -0.28124936666747896
1137 -0.09983938523584263
1138 -0.058166607715419816
1139 -0.033212264460208196
1140 0.04463775064409525
1141 0.04603314489956589
1142 0.05457509026847107
1143 0.06825014329158702
1144 0.11165736375448093
1145 0.12231064919456852
1146 0.12394734944786434
1147 0.1406056120226022
1148 0.14089461142750437
1149 0.152333049557559
1150 0.15898248310720436
1151 0.1620701672163194
1152 0.1895969700529162
1153 0.19998095706798252
1154 0.2597147819985888
1155 0.2713784203093692
1156 0.30002462444634637
1157 0.30005215787718553
1158 0.31623264075445423
1159 0.3171565976847034
1160 0.345059768004566
1161 0.3494026191981082
1162 0.3581999977653492
1163 0.40159565064537084
1164 0.4142562674564525
1165 0.4159704946065435
1166 -0.317012547032509
1167 -0.2990680899893624
1168 -0.31627279573154965
1169 -0.22061415998395684
1170 -0.2973696689531833
1171 -0.049761885994266786
1172 -0.09572788791090886
1173 -0.015305940670992002
1174 -0.09867166787029985
1175 -0.13175485494927097
1176 0.07799287463366678
1177 -0.04122146018540618
1178 -0.04131603085756286
1179 -0.056434616931186454
1180 0.03839869198229101
1181 0.003779423574476082
1182 0.11355979382234077
1183 -0.04342649152990524
1184 0.0446660575209743
1185 0.09156579794596809
1186 0.03185055682510124
1187 0.14833327818313047
1188 0.09223495364713974
1189 0.04491759152108177
1190 0.1918062990710998
1191 0.08685328368797152
1192 0.19135991551690862
1193 0.20951959988691932
1194 0.1623940209135557
1195 0.1909589829387322
1196 0.2769048342032614
1197 0.19068441001605474
1198 0.18398221321260355
1199 0.24101965428117278
1200 0.14639169549409214
1201 0.27153173283590915
1202 0.3001293179149611
1203 -0.317012547032509
1204 -0.31627279573154965
1205 -0.2990680899893624
1206 -0.2973696689531833
1207 -0.28124936666747896
1208 -0.22061415998395684
1209 -0.13175485494927097
1210 -0.09983938523584263
1211 -0.09867166787029985
1212 -0.09572788791090886
1213 -0.058166607715419816
1214 -0.056434616931186454
1215 -0.049761885994266786
1216 -0.04342649152990524
1217 -0.04131603085756286
1218 -0.04122146018540618
1219 -0.033212264460208196
1220 -0.015305940670992002
1221 0.003779423574476082
1222 0.03185055682510124
1223 0.03839869198229101
1224 0.04463775064409525
1225 0.0446660575209743
1226 0.04491759152108177
1227 0.04603314489956589
1228 0.05457509026847107
1229 0.06825014329158702
1230 0.07799287463366678
1231 0.08685328368797152
1232 0.09156579794596809
evaluations raw_y
1 24.25137758464131
2 58.73194492893693
3 32.332948231988965
4 30.140524350957097
5 20.571955661876768
6 39.58386696421234
7 55.18112853721985
8 28.639446351317822
9 10.482185038794567
10 23.306597528916114
11 34.481860426226646
12 19.446511550098467
13 10.364532329017077
14 55.60678573010805
15 11.728198326213546
16 74.17742616710628
17 47.37851085305826
18 39.69500612967756
19 25.288790918757588
20 30.08577680895278
21 57.29395825040517
22 43.403959484162584
23 36.52927398270902
24 51.13579631688515
25 21.011804452349462
26 61.53801402135814
27 60.898281318978405
28 46.52496929915473
29 38.89911855521959
30 36.96862514237083
31 100.51647269861095
32 124.99999999896943
33 94.03157733080994
34 124.99999999896943
35 67.0648075801135
36 101.53157812362006
37 124.99999999896943
38 124.99999999896943
39 79.07345545099199
40 76.07702820199137
41 111.59053947997906
42 43.895582396105915
43 120.20801723417058
44 103.39766634303132
45 99.37255713805615
46 50.030002681261436
47 102.32342983417861
48 123.57615191574095
49 99.88432510163395
50 124.99999999896943
51 52.42350360044256
52 124.99999999896943
53 57.921828912356126
54 106.50282051840398
55 102.34260419746631
56 47.59822081182041
57 90.59312476787959
58 71.74596572566912
59 101.25633357911995
60 105.52146917505436
61 84.22690632196114
62 47.94675053126113
63 101.90774289480308
64 97.35309133661954
65 92.88642182000874
66 106.2240731736873
67 107.03944445303591
68 97.75655494373393
69 107.60810886741405
70 101.10872811172312
71 94.31469573863099
72 103.8135478258988
73 91.38805659710366
74 66.545091435733
75 94.87536570801463
76 76.6238467023975
77 124.99999999896943
78 66.48335711888855
79 81.1277548356495
80 72.9347298206935
81 82.04115974511896
82 104.39442215355515
83 92.71953621063182
84 89.52325101060065
85 108.41583582070814
86 106.7821296671074
87 76.4660099958654
88 47.075722166380274
89 104.71916538234979
90 104.76083870252766
91 102.89989304916216
92 104.3521755554297
93 122.74985512534016
94 94.77291657381447
95 119.2087048648796
96 94.17879524012201
97 73.55887462673996
98 124.26761433842357
99 86.70781472801492
100 80.77411243836994
101 123.38110042284562
102 10.364532329017077
103 10.482185038794567
104 11.728198326213546
105 19.446511550098467
106 20.571955661876768
107 21.011804452349462
108 23.306597528916114
109 24.25137758464131
110 25.288790918757588
111 28.639446351317822
112 30.08577680895278
113 30.140524350957097
114 32.332948231988965
115 34.481860426226646
116 36.52927398270902
117 36.96862514237083
118 38.89911855521959
119 39.58386696421234
120 39.69500612967756
121 43.403959484162584
122 43.895582396105915
123 46.52496929915473
124 47.075722166380274
125 47.37851085305826
126 47.59822081182041
127 47.94675053126113
128 50.030002681261436
129 51.13579631688515
130 52.42350360044256
131 55.18112853721985
132 99.32945801971962
133 100.95374313471338
134 117.1711658803777
135 114.7482063512051
136 88.36246745805013
137 85.4895693618282
138 108.97340661259635
139 105.5987312741781
140 89.50015994832872
141 112.36180738677926
142 92.91799597711426
143 82.59640167255576
144 116.23612912982543
145 101.717166774061
146 97.67367203198542
147 116.70916060519842
148 60.60920449788522
149 102.89639632810871
150 107.29655007359753
151 117.49719486992699
152 115.84324823784836
153 110.9816666447159
154 84.94929926765494
155 79.57264645484325
156 118.61145226067245
157 78.93064314009324
158 124.74226167107075
159 117.51467110479413
160 55.50554092806819
161 49.078496978651636
162 104.08209073910965
163 79.77213837020261
164 101.86262133142222
165 101.91144739679815
166 50.885964322560305
167 100.27686984984386
168 87.33327504517057
169 89.47521365560718
170 101.10110293604735
171 117.72008675117121
172 124.99999999896943
173 73.29699971726457
174 100.57334979499316
175 74.9864695621362
176 96.32699345944036
177 99.90971008525037
178 108.50329552077517
179 77.15076608993473
180 94.11772603968018
181 73.09435439699784
182 10.364532329017077
183 10.482185038794567
184 11.728198326213546
185 19.446511550098467
186 20.571955661876768
187 21.011804452349462
188 23.306597528916114
189 24.25137758464131
190 25.288790918757588
191 28.639446351317822
192 30.08577680895278
193 30.140524350957097
194 32.332948231988965
195 34.481860426226646
196 36.52927398270902
197 36.96862514237083
198 38.89911855521959
199 39.58386696421234
200 39.69500612967756
201 43.403959484162584
202 43.895582396105915
203 46.52496929915473
204 47.075722166380274
205 47.37851085305826
206 47.59822081182041
207 47.94675053126113
208 49.078496978651636
209 50.030002681261436
210 50.885964322560305
211 51.13579631688515
212 82.57701713401791
213 70.2996082777957
214 89.16239956915291
215 86.71787621237642
216 78.36296868487193
217 65.56517625818653
218 119.44090454836612
219 114.52378531673871
220 92.04359004538745
221 106.83725433414833
222 90.12914695718351
223 81.90966853119983
224 90.04787457667099
225 104.28207597790771
226 97.09327110326024
227 102.0090101795455
228 73.44749269071843
229 86.23776846732356
230 58.8516174043223
231 77.821763963728
232 89.74497685520589
233 83.30478110993195
234 73.04133516478474
235 46.148400070771636
236 107.40716985710019
237 88.42899294722409
238 115.29237613274287
239 105.67107479343268
240 124.99999999896943
241 99.80653764224733
242 100.73646687351001
243 102.82229911095597
244 119.62269846049999
245 97.1102277298513
246 109.84080296636576
247 82.66597727138378
248 111.62572896788282
249 68.35821238979189
250 110.72285308539412
251 119.55264144879129
252 71.109075877391
253 76.36668263831149
254 119.70871391205813
255 91.52172481372583
256 105.74276765214154
257 97.13352111512633
258 10.364532329017077
259 10.482185038794567
260 11.728198326213546
261 19.446511550098467
262 20.571955661876768
263 21.011804452349462
264 23.306597528916114
265 24.25137758464131
266 25.288790918757588
267 28.639446351317822
268 30.08577680895278
269 30.140524350957097
270 32.332948231988965
271 34.481860426226646
272 36.52927398270902
273 36.96862514237083
274 38.89911855521959
275 39.58386696421234
276 39.69500612967756
277 43.403959484162584
278 43.895582396105915
279 46.148400070771636
280 46.52496929915473
281 47.075722166380274
282 47.37851085305826
283 47.59822081182041
284 47.94675053126113
285 49.078496978651636
286 50.030002681261436
287 50.885964322560305
288 83.77053040894499
289 119.89359930046857
290 103.01520480729603
291 58.400576904093604
292 63.74205245401261
293 62.71170156279558
294 124.99999999896943
295 49.23976998391913
296 81.32355240568508
297 67.98187910454872
298 73.0267830635589
299 82.52786956244124
300 94.54596111331375
301 75.14232060005871
302 90.8141928779407
303 90.78960544795058
304 62.32598726053603
305 82.76507742482667
306 78.67022942361177
307 65.01457087475897
308 76.9995216877821
309 100.40711304420661
310 99.25917771997143
311 94.62151535713483
312 51.75425318585869
313 99.1429469900954
314 96.86334954280076
315 82.85747176669672
316 79.06764394708183
317 90.41180860705208
318 39.58828352274267
319 82.42831796458101
320 60.08808798710144
321 39.38486131957949
322 103.128418809038
323 57.068212921992284
324 117.11518933124931
325 63.63029237780748
326 105.48302166083491
327 80.22935581159263
328 74.15143675436144
329 99.13202962402208
330 60.31682639523853
331 63.539795136168074
332 64.28786103145096
333 33.38260410808203
334 10.364532329017077
335 10.482185038794567
336 11.728198326213546
337 19.446511550098467
338 20.571955661876768
339 21.011804452349462
340 23.306597528916114
341 24.25137758464131
342 25.288790918757588
343 28.639446351317822
344 30.08577680895278
345 30.140524350957097
346 32.332948231988965
347 33.38260410808203
348 34.481860426226646
349 36.52927398270902
350 36.96862514237083
351 38.89911855521959
352 39.38486131957949
353 39.58386696421234
354 39.58828352274267
355 39.69500612967756
356 43.403959484162584
357 43.895582396105915
358 46.148400070771636
359 46.52496929915473
360 47.075722166380274
361 47.37851085305826
362 47.59822081182041
363 47.94675053126113
364 72.7191239951551
365 124.99999999896943
366 65.65822810564728
367 56.566147993601625
368 65.64220260981803
369 50.03569191985569
370 109.00916529949126
371 86.54004836970051
372 73.43139290799297
373 86.44565652640136
374 74.73253178750235
375 97.74388648046111
376 79.90048042157734
377 74.0702209756078
378 53.24653301500889
379 59.60188739888668
380 107.81272129676344
381 120.03094228680075
382 71.4820259241082
383 66.08834424923553
384 57.776960243490166
385 91.1817087562473
386 64.67873312420784
387 101.85884254339797
388 63.862635218384206
389 94.02569522891493
390 43.069795566808395
391 87.40849639122847
392 14.040406633219302
393 72.61805410466903
394 103.25099919964302
395 84.97914487044419
396 104.53451443513087
397 121.18831726246441
398 77.25837093639056
399 78.76715739854966
400 107.31489899179176
401 58.08806752024615
402 75.97679365450392
403 75.36803006641418
404 113.21733895260415
405 100.71252487410528
406 77.28991378606743
407 64.03409201493913
408 98.05701050314622
409 64.8539328842252
410 75.55463524592845
411 82.07415617038512
412 10.364532329017077
413 10.482185038794567
414 11.728198326213546
415 14.040406633219302
416 19.446511550098467
417 20.571955661876768
418 21.011804452349462
419 23.306597528916114
420 24.25137758464131
421 25.288790918757588
422 28.639446351317822
423 30.08577680895278
424 30.140524350957097
425 32.332948231988965
426 33.38260410808203
427 34.481860426226646
428 36.52927398270902
429 36.96862514237083
430 38.89911855521959
431 39.38486131957949
432 39.58386696421234
433 39.58828352274267
434 39.69500612967756
435 43.069795566808395
436 43.403959484162584
437 43.895582396105915
438 46.148400070771636
439 46.52496929915473
440 47.075722166380274
441 47.37851085305826
442 55.172398928222165
443 38.33650236047958
444 72.41069708164041
445 63.25098610777446
446 38.47564016058481
447 124.21264333433301
448 80.7566020419723
449 81.94504631298678
450 72.06629715301165
451 34.26497792908131
452 92.96344732647592
453 88.43442220443062
454 85.44104740878844
455 93.12804145770032
456 43.0242034539039
457 78.71770436430606
458 5.140721754558614
459 51.12083902721238
460 92.00167576048038
461 45.202994589932096
462 87.66673159782722
463 85.86666529494116
464 28.916568063771354
465 23.767054982040953
466 73.11305158648783
467 43.100940235664815
468 32.1691470718538
469 36.462634635564655
470 81.57953738736883
471 56.45746735259814
472 51.38584316583005
473 45.78111477301387
474 42.802125127115154
475 100.2566498913541
476 50.21727154123067
477 87.8174258083019
478 71.89338691341011
479 92.6902877994108
480 82.93665743198176
481 34.05286001633081
482 14.557007688353307
483 92.57565476862273
484 66.64193588899576
485 8.892623823754185
486 101.22661541380755
487 71.51581578322336
488 60.596643129673325
489 74.5043264342384
490 38.32397289691211
491 56.248543785906705
492 63.91688607230267
493 5.140721754558614
494 8.892623823754185
495 10.364532329017077
496 10.482185038794567
497 11.728198326213546
498 14.040406633219302
499 14.557007688353307
500 19.446511550098467
501 20.571955661876768
502 21.011804452349462
503 23.306597528916114
504 23.767054982040953
505 24.25137758464131
506 25.288790918757588
507 28.639446351317822
508 28.916568063771354
509 30.08577680895278
510 30.140524350957097
511 32.1691470718538
512 32.332948231988965
513 33.38260410808203
514 34.05286001633081
515 34.26497792908131
516 34.481860426226646
517 36.462634635564655
518 36.52927398270902
519 36.96862514237083
520 38.32397289691211
521 38.33650236047958
522 38.47564016058481
523 35.72314412027967
524 67.13910816939863
525 70.69812248271529
526 74.96960349584658
527 57.2094641887882
528 80.10443659414466
529 42.14551181158157
530 68.14898432904445
531 49.703951550656576
532 27.87380386866508
533 30.149010358606297
534 63.590028113523545
535 47.28937754741243
536 58.92442884984611
537 89.80271568167134
538 108.15317513901708
539 58.855697317553656
540 57.33574446203706
541 34.898362142983345
542 18.795762662925128
543 67.14221254704572
544 33.60305170045083
545 56.81735444791326
546 46.17877435757463
547 61.980473465962554
548 52.74295485595296
549 40.18167020920624
550 73.42994698240935
551 91.42055266176905
552 36.246246243927565
553 41.377293755221274
554 69.78871046124104
555 70.08464293890262
556 99.08944675142894
557 25.05559558121128
558 88.66002422458918
559 32.19641009422002
560 33.06689389978833
561 52.493498204003295
562 45.49765362872413
563 63.350833389341275
564 89.36364431094367
565 68.89131862404015
566 50.94652003267004
567 5.140721754558614
568 8.892623823754185
569 10.364532329017077
570 10.482185038794567
571 11.728198326213546
572 14.040406633219302
573 14.557007688353307
574 18.795762662925128
575 19.446511550098467
576 20.571955661876768
577 21.011804452349462
578 23.306597528916114
579 23.767054982040953
580 24.25137758464131
581 25.05559558121128
582 25.288790918757588
583 27.87380386866508
584 28.639446351317822
585 28.916568063771354
586 30.08577680895278
587 30.140524350957097
588 30.149010358606297
589 32.1691470718538
590 32.19641009422002
591 32.332948231988965
592 33.06689389978833
593 33.38260410808203
594 33.60305170045083
595 34.05286001633081
596 34.26497792908131
597 45.5181469316384
598 24.797256514727607
599 28.61581606167563
600 25.78839673603291
601 54.60108707558963
602 34.356928858237936
603 15.273092245994395
604 75.61735095813228
605 20.010017329137867
606 11.235535957741808
607 78.78588739868482
608 34.94169863649975
609 58.11784789404968
610 69.49962671780627
611 31.962662547407803
612 9.644787757979392
613 47.94388163050566
614 44.22207630743534
615 41.789269802511555
616 29.44530075171398
617 47.86449590825491
618 54.98589500223077
619 50.004753485592104
620 35.280560863471294
621 49.36958595724144
622 35.134986245256364
623 14.96032241826554
624 17.38671521896301
625 42.171461477639035
626 97.74988885553908
627 25.514209089996886
628 36.300625476015085
629 38.707415581904236
630 36.94722354535546
631 49.32940657419681
632 44.1814858062964
633 64.58720069023006
634 81.0395868658033
635 35.639126139615136
636 36.308597460258945
637 5.140721754558614
638 8.892623823754185
639 9.644787757979392
640 10.364532329017077
641 10.482185038794567
642 11.235535957741808
643 11.728198326213546
644 14.040406633219302
645 14.557007688353307
646 14.96032241826554
647 15.273092245994395
648 17.38671521896301
649 18.795762662925128
650 19.446511550098467
651 20.010017329137867
652 20.571955661876768
653 21.011804452349462
654 23.306597528916114
655 23.767054982040953
656 24.25137758464131
657 24.797256514727607
658 25.05559558121128
659 25.288790918757588
660 25.514209089996886
661 25.78839673603291
662 27.87380386866508
663 28.61581606167563
664 28.639446351317822
665 28.916568063771354
666 29.44530075171398
667 36.64961439234077
668 43.64735569961132
669 38.335497365694366
670 21.764394656847827
671 21.493979365566503
672 63.7713733640281
673 30.93818795695261
674 28.536158473763702
675 21.7125937593975
676 25.783602383922258
677 14.352274124877608
678 21.25258895276974
679 13.293427558885726
680 23.24211420708268
681 35.64495939197369
682 47.79777808352109
683 35.89415554215034
684 65.94430801649868
685 38.42831409867528
686 27.529446457344807
687 23.751824710390782
688 28.462443357079252
689 24.24930028741537
690 15.972638501328568
691 30.044369378763395
692 78.27165564669232
693 41.463268332325235
694 67.32223800689765
695 32.83276554593851
696 47.26360006834182
697 44.01892726129126
698 14.565387597938656
699 37.840987035967544
700 34.07818900595821
701 25.94178134391958
702 10.381592516423543
703 11.192159139697223
704 49.94217359912529
705 75.03749128356776
706 29.047198810202275
707 49.573102592474235
708 25.043114702927838
709 54.216795565879124
710 22.237223080777582
711 26.462764761217624
712 78.50131804896735
713 83.80416351056073
714 5.140721754558614
715 8.892623823754185
716 9.644787757979392
717 10.364532329017077
718 10.381592516423543
719 10.482185038794567
720 11.192159139697223
721 11.235535957741808
722 11.728198326213546
723 13.293427558885726
724 14.040406633219302
725 14.352274124877608
726 14.557007688353307
727 14.565387597938656
728 14.96032241826554
729 15.273092245994395
730 15.972638501328568
731 17.38671521896301
732 18.795762662925128
733 19.446511550098467
734 20.010017329137867
735 20.571955661876768
736 21.011804452349462
737 21.25258895276974
738 21.493979365566503
739 21.7125937593975
740 21.764394656847827
741 22.237223080777582
742 23.24211420708268
743 23.306597528916114
744 12.756899936921975
745 12.798648294464305
746 12.699359226173188
747 17.17825760519676
748 16.273885763152403
749 29.816156019528602
750 5.526953856116422
751 22.58160608248491
752 42.590238049051564
753 28.338684318391845
754 10.395363377499336
755 14.250946203469354
756 61.14954419541917
757 21.633183283470036
758 18.82227041749373
759 31.659473618089667
760 48.29267412178662
761 31.70519636411317
762 11.078158646907422
763 28.59821521813859
764 36.737838173300474
765 28.578362728319412
766 33.93608162355742
767 38.77483396687926
768 37.84774768150565
769 27.779233623920412
770 32.251726819371314
771 18.09456606240189
772 22.99258760067763
773 27.675253309732568
774 26.11150585227909
775 21.454157022527163
776 24.782045471066656
777 42.22115319179106
778 20.29347212985931
779 27.381176787579342
780 8.028320764360341
781 40.71888650368847
782 31.956889223231542
783 11.835699739914029
784 12.562214973418701
785 21.83177441783746
786 25.60968435195242
787 55.34152433031562
788 3.2952619883747487
789 20.72696938882813
790 7.909301253361963
791 52.10346404147047
792 3.2952619883747487
793 5.140721754558614
794 5.526953856116422
795 7.909301253361963
796 8.028320764360341
797 8.892623823754185
798 9.644787757979392
799 10.364532329017077
800 10.381592516423543
801 10.395363377499336
802 10.482185038794567
803 11.078158646907422
804 11.192159139697223
805 11.235535957741808
806 11.728198326213546
807 11.835699739914029
808 12.562214973418701
809 12.699359226173188
810 12.756899936921975
811 12.798648294464305
812 13.293427558885726
813 14.040406633219302
814 14.250946203469354
815 14.352274124877608
816 14.557007688353307
817 14.565387597938656
818 14.96032241826554
819 15.273092245994395
820 15.972638501328568
821 16.273885763152403
822 4.724820289746251
823 20.659362954999704
824 16.742951398988744
825 13.024373304854272
826 5.231018692081899
827 4.393209201559306
828 13.263667289385756
829 9.982120585159974
830 14.343162124159758
831 4.965267827188501
832 16.21109168226902
833 6.076056783131126
834 18.795924047347178
835 10.884243593917022
836 23.701899298654702
837 9.512988544085498
838 17.664259650691516
839 15.763783260824267
840 16.702482169699586
841 19.66989605359923
842 6.234981954061449
843 24.550088131046216
844 21.65733863144908
845 8.156193927494632
846 13.363233280300685
847 4.631959331937679
848 35.594425311093005
849 19.87391971780414
850 11.359003224533947
851 13.627703719708538
852 34.60267715894881
853 5.107829050196173
854 15.402814805985551
855 12.87009254024192
856 13.392816517966953
857 18.138341877591014
858 15.75029588632036
859 18.52733483576565
860 26.19631572773643
861 38.09846898745784
862 24.647443947788528
863 8.534075277747249
864 3.2952619883747487
865 4.393209201559306
866 4.631959331937679
867 4.724820289746251
868 4.965267827188501
869 5.107829050196173
870 5.140721754558614
871 5.231018692081899
872 5.526953856116422
873 6.076056783131126
874 6.234981954061449
875 7.909301253361963
876 8.028320764360341
877 8.156193927494632
878 8.534075277747249
879 8.892623823754185
880 9.512988544085498
881 9.644787757979392
882 9.982120585159974
883 10.364532329017077
884 10.381592516423543
885 10.395363377499336
886 10.482185038794567
887 10.884243593917022
888 11.078158646907422
889 11.192159139697223
890 11.235535957741808
891 11.359003224533947
892 11.728198326213546
893 11.835699739914029
894 15.17668257961079
895 7.974987667166038
896 5.28459697479286
897 4.601604834823918
898 10.091784395965776
899 7.778203083504191
900 15.279616654805967
901 5.1936259832761476
902 4.616982963546486
903 17.482182885620233
904 6.509108295610274
905 9.056150320428685
906 8.534096916038358
907 1.6516377885659734
908 6.3473902952681875
909 7.015715831218207
910 15.418807415013317
911 16.26572478185672
912 1.340058814773912
913 8.550388584792522
914 10.28695341713592
915 12.017769340575109
916 10.969305213084828
917 4.963434053022757
918 8.849042432732348
919 10.000522782237022
920 8.250736245844898
921 10.203726600523211
922 7.656856804712228
923 5.850817556986558
924 3.2361769063862194
925 16.912310609764557
926 0.6355659951305146
927 4.078658205951875
928 16.376045939194924
929 4.401866959125613
930 4.23608950497146
931 18.131656446338166
932 17.132930616797132
933 18.19075871351083
934 16.58404728662032
935 4.0281380439925245
936 9.347551396705548
937 14.21799247888434
938 6.425431449187114
939 2.7431348808917724
940 11.606699912010466
941 15.026398154862688
942 11.530620023331855
943 21.471942404710518
944 0.6355659951305146
945 1.340058814773912
946 1.6516377885659734
947 2.7431348808917724
948 3.2361769063862194
949 3.2952619883747487
950 4.0281380439925245
951 4.078658205951875
952 4.23608950497146
953 4.393209201559306
954 4.401866959125613
955 4.601604834823918
956 4.616982963546486
957 4.631959331937679
958 4.724820289746251
959 4.963434053022757
960 4.965267827188501
961 5.107829050196173
962 5.140721754558614
963 5.1936259832761476
964 5.231018692081899
965 5.28459697479286
966 5.526953856116422
967 5.850817556986558
968 6.076056783131126
969 6.234981954061449
970 6.3473902952681875
971 6.425431449187114
972 6.509108295610274
973 7.015715831218207
974 1.4867385863904423
975 3.9151097005610733
976 2.075261864863786
977 0.8976504644336796
978 -0.30808734503474355
979 1.4435261921941047
980 5.036567454003738
981 1.3903702961090265
982 3.0746506367860467
983 3.6551372533724633
984 2.0645839954060614
985 6.048443393779342
986 2.8826570713265243
987 2.0461870055139784
988 2.5556641446932664
989 1.7010782033717584
990 4.0046447438940165
991 1.5280705486739696
992 9.66077300274679
993 10.505905750043748
994 7.7422923564182575
995 3.626731032326811
996 6.392389595847839
997 7.711093317288087
998 4.813939103601656
999 3.5261696471354798
1000 4.335989220020814
1001 4.920389006045486
1002 3.573488735984869
1003 6.334153733256391
1004 7.9924528405590225
1005 1.5715181400536624
1006 3.2475946623665406
1007 8.208177311757467
1008 7.989953239454778
1009 3.9775246919939
1010 11.88582450120426
1011 5.972081256766396
1012 2.9519450292563225
1013 8.677838959336121
1014 7.302788003920155
1015 6.2154586432988195
1016 -0.30808734503474355
1017 0.6355659951305146
1018 0.8976504644336796
1019 1.340058814773912
1020 1.3903702961090265
1021 1.4435261921941047
1022 1.4867385863904423
1023 1.5280705486739696
1024 1.5715181400536624
1025 1.6516377885659734
1026 1.7010782033717584
1027 2.0461870055139784
1028 2.0645839954060614
1029 2.075261864863786
1030 2.5556641446932664
1031 2.7431348808917724
1032 2.8826570713265243
1033 2.9519450292563225
1034 3.0746506367860467
1035 3.2361769063862194
1036 3.2475946623665406
1037 3.2952619883747487
1038 3.5261696471354798
1039 3.573488735984869
1040 3.626731032326811
1041 3.6551372533724633
1042 3.9151097005610733
1043 3.9775246919939
1044 4.0046447438940165
1045 4.0281380439925245
1046 0.3293549351841564
1047 0.3625588538076909
1048 -0.08550036505413777
1049 -0.14499671190380792
1050 -0.27555247643096237
1051 1.288327103333062
1052 2.2929804318390565
1053 0.9756085755443134
1054 2.2743179278290713
1055 0.9808264970240286
1056 0.11312681478160846
1057 1.3283997926035005
1058 0.5327645887045709
1059 0.9533176620672752
1060 2.464571989441983
1061 2.491292440466067
1062 1.5216863573577024
1063 2.441777768639678
1064 2.8703835241143185
1065 1.7883227663593848
1066 3.2640696624302104
1067 2.205382196355068
1068 1.3216599728619445
1069 0.8531099891820666
1070 2.883540546350358
1071 0.936096640632808
1072 2.2785569794057965
1073 0.5267292698184532
1074 0.7175023108664038
1075 2.6606819184476267
1076 2.2834533985535597
1077 1.739155724283329
1078 1.96471448765777
1079 3.0341407737533936
1080 3.003374393926823
1081 1.8311469226604293
1082 3.3469366038863986
1083 3.820386357485085
1084 2.1252126793311374
1085 1.6020811499392809
1086 -0.30808734503474355
1087 -0.27555247643096237
1088 -0.14499671190380792
1089 -0.08550036505413777
1090 0.11312681478160846
1091 0.3293549351841564
1092 0.3625588538076909
1093 0.5267292698184532
1094 0.5327645887045709
1095 0.6355659951305146
1096 0.7175023108664038
1097 0.8531099891820666
1098 0.8976504644336796
1099 0.936096640632808
1100 0.9533176620672752
1101 0.9756085755443134
1102 0.9808264970240286
1103 1.288327103333062
1104 1.3216599728619445
1105 1.3283997926035005
1106 1.340058814773912
1107 1.3903702961090265
1108 1.4435261921941047
1109 1.4867385863904423
1110 1.5216863573577024
1111 1.5280705486739696
1112 1.5715181400536624
1113 1.6020811499392809
1114 1.6516377885659734
1115 1.7010782033717584
1116 0.0686229961810812
1117 -0.16608648297383782
1118 -0.1023384775419125
1119 0.041661864464958454
1120 -0.2412520908905305
1121 -0.16985452983424043
1122 -0.2897584963142067
1123 -0.11446837900591617
1124 -0.24836186356384476
1125 -0.14205766333811176
1126 -0.028531928490845015
1127 -0.016649697393987195
1128 -0.320696076137453
1129 -0.24800939894574808
1130 0.07869785920304456
1131 0.1998575256578597
1132 0.2843913418555732
1133 0.6419810811695603
1134 0.37220046640099747
1135 -0.09181673051819306
1136 -0.03484990027081486
1137 0.7000473804342182
1138 0.6184203129166914
1139 0.12182566875915274
1140 0.40783467124014955
1141 0.1886199391825622
1142 0.6594009188839496
1143 0.4803972508900763
1144 0.5699582011015939
1145 0.5126515634098509
1146 0.816085779662223
1147 1.0173338699587102
1148 1.038202052473453
1149 0.8779199856144454
1150 0.7386372469395872
1151 0.8578199613550244
1152 0.6532867416573163
1153 1.3618273938307284
1154 1.1512550080529333
1155 0.8131220696373176
1156 1.3406178577871133
1157 1.4543102541093795
1158 -0.320696076137453
1159 -0.30808734503474355
1160 -0.2897584963142067
1161 -0.27555247643096237
1162 -0.24836186356384476
1163 -0.24800939894574808
1164 -0.2412520908905305
1165 -0.16985452983424043
1166 -0.16608648297383782
1167 -0.14499671190380792
1168 -0.14205766333811176
1169 -0.11446837900591617
1170 -0.1023384775419125
1171 -0.09181673051819306
1172 -0.08550036505413777
1173 -0.03484990027081486
1174 -0.028531928490845015
1175 -0.016649697393987195
1176 0.041661864464958454
1177 0.0686229961810812
1178 0.07869785920304456
1179 0.11312681478160846
1180 0.12182566875915274
1181 0.1886199391825622
1182 0.1998575256578597
1183 0.2843913418555732
1184 0.3293549351841564
1185 0.3625588538076909
1186 0.37220046640099747
1187 0.40783467124014955
1188 -0.3565817107886783
1189 -0.3172913260957458
1190 -0.3707681469324204
1191 -0.3280301673283106
1192 -0.303946353876413
1193 -0.29208301384078744
1194 -0.22715225334016365
1195 -0.2891819661543143
1196 -0.2454029349220411
1197 -0.2947235455158038
1198 -0.25510684175484916
1199 -0.17413220171606691
1200 -0.33039292551554056
1201 -0.21181551899963763
1202 -0.21098572553735973
1203 -0.2426034710000904
1204 -0.26320659850980377
1205 -0.20961222340656127
1206 -0.303039573055001
1207 -0.23310023750336076
1208 -0.3568054027198577
1209 -0.30546732427073464
1210 -0.2628088868104828
1211 -0.28747701740471904
1212 -0.31733969312069576
1213 -0.2808287054706188
1214 -0.25689029614287906
1215 -0.28030253092553015
1216 -0.2218076320992648
1217 -0.1394406970737928
1218 -0.1680152683778034
1219 -0.1938542983028429
1220 -0.20384499089612274
1221 -0.2299991260153973
1222 -0.14519195151040154
1223 -0.14452815693136006
1224 -0.17914980809649006
1225 -0.20050296792646538
1226 -0.1759070094452348
1227 -0.15523448208598922
1228 -0.16825490626208084
1229 -0.1399030828452663
1230 -0.16734380061015014
1231 -0.05547115311268369
1232 0.028455632984472734
1233 -0.1349736695780684
1234 -0.08146488698211107
1235 -0.14622101527143427
1236 0.025710756938277568
1237 -0.019417939846393617
1238 -0.08312757195963422
1239 0.005241444452573796
1240 -0.12645022280217272
1241 -0.06131359810938691
1242 0.0038215384763988225
1243 -0.05799663380531389
1244 0.021427350976140513
1245 -0.03729011661419385
1246 0.02690127928810304
1247 -0.025773701361243573
1248 0.08864361103791185
1249 0.07699235968307272
1250 0.14240186628373297
1251 0.04201079140212444
1252 0.16769562356334256
1253 0.08413122094872105
1254 0.1360659669218663
1255 0.06292814773521471
1256 0.22078591768567007
1257 0.24245307659072995
1258 0.24264374472305078
1259 -0.3707681469324204
1260 -0.3568054027198577
1261 -0.3565817107886783
1262 -0.33039292551554056
1263 -0.3280301673283106
1264 -0.320696076137453
1265 -0.31733969312069576
1266 -0.3172913260957458
1267 -0.30808734503474355
1268 -0.30546732427073464
1269 -0.303946353876413
1270 -0.303039573055001
1271 -0.2947235455158038
1272 -0.29208301384078744
1273 -0.2897584963142067
1274 -0.2891819661543143
1275 -0.28747701740471904
1276 -0.2808287054706188
1277 -0.28030253092553015
1278 -0.27555247643096237
1279 -0.26320659850980377
1280 -0.2628088868104828
1281 -0.25689029614287906
1282 -0.25510684175484916
1283 -0.24836186356384476
1284 -0.24800939894574808
1285 -0.2454029349220411
1286 -0.2426034710000904
1287 -0.2412520908905305
1288 -0.23310023750336076
evaluations raw_y
1 52.83024085528328
2 61.62951550718749
3 64.73764948510383
4 67.85476423180108
5 52.78163980093064
6 36.321299860662165
7 46.21423836823309
8 5.205155358661466
9 21.453868435918928
10 11.202627387829402
11 28.771531749367107
12 39.61349720520677
13 32.46934921153117
14 38.50066850053316
15 40.91989212534539
16 24.128371647359295
17 39.326347331503094
18 39.48949941193948
19 32.45390093856051
20 12.465450842070071
21 46.275668429409635
22 38.1550984896881
23 43.88562980981464
24 59.38296185975437
25 58.817463941825096
26 68.88952193257504
27 28.461291837281134
28 51.880907137617776
29 33.85457622636676
30 42.113995025132525
31 124.99999999896943
32 99.88660455021063
33 101.92031796463517
34 124.99999999896943
35 89.45945145119575
36 119.21934442769837
37 81.30840279134182
38 78.35364468794258
39 86.61390431430394
40 116.11159065517626
41 102.93218901674504
42 82.1736954643602
43 81.99844989912224
44 107.28457324174235
45 90.55760456394928
46 85.17148347120236
47 101.88806379291583
48 105.48341736467474
49 84.04232331666412
50 121.12303045955916
51 108.26347211513387
52 94.83132436008862
53 86.60428910798504
54 104.0846337335266
55 116.82688048082446
56 115.92097859057209
57 37.039163814281146
58 124.99999999896943
59 99.89167826931573
60 81.98181044705129
61 85.25356743323401
62 80.26470061646118
63 91.08327722741853
64 91.78471311550892
65 68.11190687286827
66 100.38384894364891
67 124.99999999896943
68 90.24181532695268
69 121.16760098482
70 124.41678741474385
71 80.80441308446085
72 65.80284479876198
73 51.32179144670325
74 100.0404546006096
75 57.44657886211445
76 61.75217334337281
77 101.99672878503826
78 113.52519536233719
79 116.53796580220646
80 86.53664032075514
81 92.17309321754276
82 111.50931250404768
83 104.57638133604678
84 5.205155358661466
85 11.202627387829402
86 12.465450842070071
87 21.453868435918928
88 24.128371647359295
89 28.461291837281134
90 28.771531749367107
91 32.45390093856051
92 32.46934921153117
93 33.85457622636676
94 36.321299860662165
95 37.039163814281146
96 38.1550984896881
97 38.50066850053316
98 39.326347331503094
99 39.48949941193948
100 39.61349720520677
101 40.91989212534539
102 42.113995025132525
103 43.88562980981464
104 46.21423836823309
105 46.275668429409635
106 51.32179144670325
107 51.880907137617776
108 52.78163980093064
109 52.83024085528328
110 57.44657886211445
111 58.817463941825096
112 59.38296185975437
113 61.62951550718749
114 87.55029921607853
115 106.1772112335881
116 124.99999999896943
117 99.8813334315631
118 124.99999999896943
119 80.16982330069403
120 75.2362693885788
121 105.83648598202025
122 98.7154247979483
123 68.86327899116507
124 48.4919003420555
125 116.43426780627289
126 83.51353541981508
127 100.01776868642611
128 87.16391295103452
129 117.76882330708918
130 79.54010468011451
131 100.15464049520686
132 102.21452199046658
133 75.07100986921232
134 106.6227210274059
135 63.684321633368754
136 81.7232261832973
137 124.99999999896943
138 124.99999999896943
139 124.19124812687666
140 124.99999999896943
141 91.8246536416264
142 106.77410362893269
143 124.99999999896943
144 86.77118313000152
145 99.45861910012543
146 86.88456915047027
147 124.37637195834232
148 87.65791345768591
149 103.90359755332602
150 124.99999999896943
151 81.61278989570272
152 80.7056003410655
153 95.0537175729358
154 99.21661754519785
155 90.69529298434192
156 101.24614273631626
157 112.74794733616444
158 115.92519963438721
159 5.205155358661466
160 11.202627387829402
161 12.465450842070071
162 21.453868435918928
163 24.128371647359295
164 28.461291837281134
165 28.771531749367107
166 32.45390093856051
167 32.46934921153117
168 33.85457622636676
169 36.321299860662165
170 37.039163814281146
171 38.1550984896881
172 38.50066850053316
173 39.326347331503094
174 39.48949941193948
175 39.61349720520677
176 40.91989212534539
177 42.113995025132525
178 43.88562980981464
179 46.21423836823309
180 46.275668429409635
181 48.4919003420555
182 51.32179144670325
183 51.880907137617776
184 52.78163980093064
185 52.83024085528328
186 57.44657886211445
187 58.817463941825096
188 59.38296185975437
189 77.43487571719028
190 76.61489795723824
191 91.93634186405532
192 54.03315136206822
193 81.57426728331207
194 105.24094283911916
195 68.76921052039017
196 75.81569008046596
197 114.77500329554155
198 84.2666646339272
199 80.7005326457473
200 111.56808257706903
201 85.15331644299512
202 73.25566470135081
203 107.97722624428785
204 75.24773980591
205 102.4608508053857
206 60.028025647773234
207 85.03125806482817
208 37.81108238684971
209 104.91959292674808
210 81.84268319939358
211 71.27247567717669
212 77.64525094127735
213 49.92541818037559
214 33.16368502667472
215 87.5938929456987
216 106.40797209464868
217 113.12541376409881
218 124.99999999896943
219 96.43426629590299
220 66.50295094740973
221 104.23261582997668
222 67.21810480214108
223 73.56087653956956
224 60.04023813019096
225 102.78658079848266
226 84.24242607130584
227 92.0509791402316
228 108.37257376975222
229 80.62332831807873
230 73.85955109999708
231 123.03374223424348
232 97.9151935191464
233 5.205155358661466
234 11.202627387829402
235 12.465450842070071
236 21.453868435918928
237 24.128371647359295
238 28.461291837281134
239 28.771531749367107
240 32.45390093856051
241 32.46934921153117
242 33.16368502667472
243 33.85457622636676
244 36.321299860662165
245 37.039163814281146
246 37.81108238684971
247 38.1550984896881
248 38.50066850053316
249 39.326347331503094
250 39.48949941193948
251 39.61349720520677
252 40.91989212534539
253 42.113995025132525
254 43.88562980981464
255 46.21423836823309
256 46.275668429409635
257 48.4919003420555
258 49.92541818037559
259 51.32179144670325
260 51.880907137617776
261 52.78163980093064
262 52.83024085528328
263 89.68749740939873
264 58.55702153047429
265 81.90165920846248
266 41.56535026802024
267 39.48929399850638
268 82.98122318150705
269 64.59200637271304
270 62.58497156986194
271 88.45174446959405
272 83.52151865208131
273 93.99246025907183
274 77.11056577050493
275 109.97016696603315
276 102.11717799853486
277 37.74142298377827
278 63.0097098126012
279 74.47266205074008
280 79.1976055258064
281 104.73357006244485
282 57.92582911476375
283 90.68360542044513
284 75.8125030721068
285 86.96279700790627
286 82.58576388667872
287 77.48923304602052
288 55.01578916065168
289 62.53944008497751
290 81.44558336331042
291 93.65025104347771
292 104.06769672156076
293 80.93845461663457
294 61.00611424226571
295 93.85115047324359
296 80.69751233594249
297 18.569665339995083
298 74.35792728360144
299 105.05026709665636
300 69.78494818427168
301 101.14501367448304
302 51.18695402269327
303 5.205155358661466
304 11.202627387829402
305 12.465450842070071
306 18.569665339995083
307 21.453868435918928
308 24.128371647359295
309 28.461291837281134
310 28.771531749367107
311 32.45390093856051
312 32.46934921153117
313 33.16368502667472
314 33.85457622636676
315 36.321299860662165
316 37.039163814281146
317 37.74142298377827
318 37.81108238684971
319 38.1550984896881
320 38.50066850053316
321 39.326347331503094
322 39.48929399850638
323 39.48949941193948
324 39.61349720520677
325 40.91989212534539
326 41.56535026802024
327 42.113995025132525
328 43.88562980981464
329 46.21423836823309
330 46.275668429409635
331 48.4919003420555
332 49.92541818037559
333 99.01487132200907
334 73.06237458209552
335 59.20694977275922
336 79.9624786862845
337 108.09692242969442
338 65.40241868402468
339 52.41375689865731
340 55.07720093811438
341 95.29630608199996
342 50.271549560479784
343 88.05344173644392
344 63.097105487233705
345 56.95382744372841
346 93.19814200735573
347 66.30342089078064
348 74.76497011721898
349 80.08599102258765
350 93.37197967901024
351 76.64017581838463
352 94.42937510468988
353 92.59858950865528
354 79.28998987275791
355 68.96187837853303
356 77.65626890518654
357 73.4743981739243
358 96.26638062709726
359 51.5491787153093
360 98.46015605347783
361 107.48158052388737
362 37.5125300921765
363 88.47530155059273
364 78.05635034700524
365 106.64251852700627
366 34.39041632485681
367 104.35182596867584
368 81.54836459663827
369 61.88140110930795
370 93.76219133790428
371 75.11817333232767
372 72.83821500144383
373 5.205155358661466
374 11.202627387829402
375 12.465450842070071
376 18.569665339995083
377 21.453868435918928
378 24.128371647359295
379 28.461291837281134
380 28.771531749367107
381 32.45390093856051
382 32.46934921153117
383 33.16368502667472
384 33.85457622636676
385 34.39041632485681
386 36.321299860662165
387 37.039163814281146
388 37.5125300921765
389 37.74142298377827
390 37.81108238684971
391 38.1550984896881
392 38.50066850053316
393 39.326347331503094
394 39.48929399850638
395 39.48949941193948
396 39.61349720520677
397 40.91989212534539
398 41.56535026802024
399 42.113995025132525
400 43.88562980981464
401 46.21423836823309
402 46.275668429409635
403 72.65657993096515
404 19.47268820961685
405 68.99314758224399
406 74.6415493047793
407 45.224876633905915
408 29.610262552474346
409 8.527547071327268
410 21.342089096618245
411 46.14651334948362
412 59.79435165369932
413 71.81375692048472
414 33.86594796204658
415 25.874665802362713
416 83.87258050445786
417 72.58283011206922
418 69.15435709555747
419 90.4885909546167
420 55.13167160279391
421 63.131195542397
422 57.53108153396372
423 82.0363196409428
424 74.12876493718699
425 71.20253935477432
426 111.0455588066175
427 28.10296319434021
428 107.62953881632345
429 45.61375886034115
430 61.38800042085949
431 55.250159689313634
432 68.6664137124259
433 49.68975236204376
434 67.44520102289582
435 24.935227544952284
436 122.40338793272775
437 57.97187471603765
438 5.205155358661466
439 8.527547071327268
440 11.202627387829402
441 12.465450842070071
442 18.569665339995083
443 19.47268820961685
444 21.342089096618245
445 21.453868435918928
446 24.128371647359295
447 24.935227544952284
448 25.874665802362713
449 28.10296319434021
450 28.461291837281134
451 28.771531749367107
452 29.610262552474346
453 32.45390093856051
454 32.46934921153117
455 33.16368502667472
456 33.85457622636676
457 33.86594796204658
458 34.39041632485681
459 36.321299860662165
460 37.039163814281146
461 37.5125300921765
462 37.74142298377827
463 37.81108238684971
464 38.1550984896881
465 38.50066850053316
466 39.326347331503094
467 39.48929399850638
468 60.3057671685479
469 32.23143649810109
470 42.08784939896431
471 69.2623186950226
472 42.95014176802686
473 35.958917700500315
474 39.64528325145646
475 56.14491016958766
476 68.47052791907987
477 41.71649496457845
478 59.1001861960512
479 50.00667197446625
480 47.8928805055161
481 33.630665103428555
482 51.73714541375319
483 37.57691859856707
484 38.799067803161606
485 68.88923419207401
486 50.770508559610334
487 56.77705778928032
488 33.164267733834706
489 62.88125527069198
490 23.91125248643667
491 79.09699551524434
492 34.080914053228724
493 27.604885583399877
494 34.75887659146421
495 82.33656336448475
496 106.36692334832011
497 31.806418563095498
498 51.62512855620197
499 50.9595560929443
500 25.66363007071072
501 109.03313845003072
502 60.116263746898106
503 93.92557801458675
504 5.205155358661466
505 8.527547071327268
506 11.202627387829402
507 12.465450842070071
508 18.569665339995083
509 19.47268820961685
510 21.342089096618245
511 21.453868435918928
512 23.91125248643667
513 24.128371647359295
514 24.935227544952284
515 25.66363007071072
516 25.874665802362713
517 27.604885583399877
518 28.10296319434021
519 28.461291837281134
520 28.771531749367107
521 29.610262552474346
522 31.806418563095498
523 32.23143649810109
524 32.45390093856051
525 32.46934921153117
526 33.16368502667472
527 33.164267733834706
528 33.630665103428555
529 33.85457622636676
530 33.86594796204658
531 34.080914053228724
532 34.39041632485681
533 34.75887659146421
534 67.75383089108844
535 41.152317225902486
536 79.8765686571854
537 45.04817507234473
538 32.16838366922454
539 64.89515170421383
540 32.588691854801105
541 49.79530446664217
542 22.346106160821193
543 35.372453172492
544 24.71096788128953
545 68.3013657556368
546 62.05651875309187
547 20.27873340681041
548 47.3559583381757
549 20.022216405660775
550 15.65686853804544
551 31.773166048772794
552 29.138772570009667
553 54.37380384541189
554 68.55230215868635
555 29.4923464268845
556 68.13732518870066
557 14.45893995860661
558 87.87215708679476
559 95.05472102350578
560 49.786024036613696
561 32.5190096082844
562 52.278028098973245
563 39.06609980902396
564 56.48304681855527
565 36.317771770750376
566 5.205155358661466
567 8.527547071327268
568 11.202627387829402
569 12.465450842070071
570 14.45893995860661
571 15.65686853804544
572 18.569665339995083
573 19.47268820961685
574 20.022216405660775
575 20.27873340681041
576 21.342089096618245
577 21.453868435918928
578 22.346106160821193
579 23.91125248643667
580 24.128371647359295
581 24.71096788128953
582 24.935227544952284
583 25.66363007071072
584 25.874665802362713
585 27.604885583399877
586 28.10296319434021
587 28.461291837281134
588 28.771531749367107
589 29.138772570009667
590 29.4923464268845
591 29.610262552474346
592 31.773166048772794
593 31.806418563095498
594 32.16838366922454
595 32.23143649810109
596 61.04135064512426
597 21.878540744228648
598 40.06863255235756
599 16.364869180552404
600 11.746371934674753
601 35.891230065632676
602 40.11612732867717
603 46.30645768454086
604 28.440400959412823
605 15.010673043869748
606 54.007185723119036
607 42.35374074094638
608 20.07626465245593
609 27.130511053732867
610 37.35003089308959
611 40.01543686577576
612 40.11772329376707
613 19.814538611845162
614 24.86992379895764
615 17.701204653881437
616 42.9565081516093
617 53.52997902793746
618 66.28245023419996
619 48.6107124068991
620 72.77482783517351
621 61.831069155038854
622 82.20807087430518
623 9.668379811727698
624 48.72805435681675
625 47.394351989497224
626 27.93300471280759
627 51.66852339037982
628 21.36268992161693
629 72.4221726783064
630 7.509333338323005
631 4.99983685156061
632 57.69466737837372
633 47.392983571981446
634 16.60942076226073
635 4.99983685156061
636 5.205155358661466
637 7.509333338323005
638 8.527547071327268
639 9.668379811727698
640 11.202627387829402
641 11.746371934674753
642 12.465450842070071
643 14.45893995860661
644 15.010673043869748
645 15.65686853804544
646 16.364869180552404
647 16.60942076226073
648 17.701204653881437
649 18.569665339995083
650 19.47268820961685
651 19.814538611845162
652 20.022216405660775
653 20.07626465245593
654 20.27873340681041
655 21.342089096618245
656 21.36268992161693
657 21.453868435918928
658 21.878540744228648
659 22.346106160821193
660 23.91125248643667
661 24.128371647359295
662 24.71096788128953
663 24.86992379895764
664 24.935227544952284
665 15.37113588620424
666 14.453160640075588
667 18.429272977587388
668 17.815240425186104
669 6.037339803668089
670 26.567605087263054
671 14.874892856361313
672 13.730482893749425
673 12.080302289100407
674 26.77625058013328
675 42.33214267793076
676 36.77238548073651
677 29.149209886998698
678 33.520291993237485
679 13.429709421983652
680 28.274459196495503
681 9.976313026656738
682 16.232277498076908
683 12.121820297759394
684 4.237815874180525
685 29.260716448204388
686 34.66830197935285
687 36.38297178879444
688 45.596969047325004
689 22.293398461803744
690 28.576698572173513
691 29.291024374754755
692 23.342511253325753
693 9.780651457586014
694 15.372794946182498
695 59.72903654057182
696 34.707044013900195
697 36.09658268691311
698 22.78556334511542
699 13.73703939635932
700 9.541445757221307
701 20.449202724834116
702 35.2492168624624
703 53.791983372778596
704 41.11981373563002
705 13.665880783000231
706 31.285972840165524
707 14.338148347578178
708 36.83106346066388
709 36.177323864534216
710 34.49256147474402
711 4.237815874180525
712 4.99983685156061
713 5.205155358661466
714 6.037339803668089
715 7.509333338323005
716 8.527547071327268
717 9.541445757221307
718 9.668379811727698
719 9.780651457586014
720 9.976313026656738
721 11.202627387829402
722 11.746371934674753
723 12.080302289100407
724 12.121820297759394
725 12.465450842070071
726 13.429709421983652
727 13.665880783000231
728 13.730482893749425
729 13.73703939635932
730 14.338148347578178
731 14.453160640075588
732 14.45893995860661
733 14.874892856361313
734 15.010673043869748
735 15.37113588620424
736 15.372794946182498
737 15.65686853804544
738 16.232277498076908
739 16.364869180552404
740 16.60942076226073
741 17.828419382846853
742 24.827784668828887
743 8.64398008313788
744 20.159014796582454
745 18.73645328495144
746 12.619913224017337
747 16.462863719649736
748 18.389636115350992
749 7.070322945162392
750 12.412193703075127
751 23.733772330935068
752 3.451976063441289
753 17.557352054191455
754 6.74306784672697
755 22.70422604372229
756 22.47078121322453
757 27.73069348838468
758 1.3266754076368947
759 13.443525830485545
760 23.07893840895679
761 1.9321329739155066
762 7.908533893416815
763 17.935291547429774
764 31.820913751689826
765 26.227831896571708
766 14.554278212486912
767 5.279451045379244
768 14.254326434674763
769 24.109170793310465
770 20.10652589447652
771 18.676087502037223
772 27.557100609317303
773 22.776563702911915
774 11.301272884726908
775 24.665893491006976
776 16.719645918816447
777 21.716357676777736
778 21.92871109660683
779 19.704157740782456
780 9.241002946558465
781 30.690783251461117
782 1.3266754076368947
783 1.9321329739155066
784 3.451976063441289
785 4.237815874180525
786 4.99983685156061
787 5.205155358661466
788 5.279451045379244
789 6.037339803668089
790 6.74306784672697
791 7.070322945162392
792 7.509333338323005
793 7.908533893416815
794 8.527547071327268
795 8.64398008313788
796 9.241002946558465
797 9.541445757221307
798 9.668379811727698
799 9.780651457586014
800 9.976313026656738
801 11.202627387829402
802 11.301272884726908
803 11.746371934674753
804 12.080302289100407
805 12.121820297759394
806 12.412193703075127
807 12.465450842070071
808 12.619913224017337
809 13.429709421983652
810 13.443525830485545
811 13.665880783000231
812 0.7098267872155205
813 4.167320628234406
814 6.5242516302309905
815 2.0301514693412606
816 6.224861842048297
817 2.4164505736770154
818 4.787626770967893
819 6.014370639847096
820 7.253954719018766
821 9.866483433372025
822 8.5163417852868
823 2.505605954633446
824 2.5700267574241114
825 9.371049926608263
826 7.196842164013365
827 5.203820888443492
828 7.603215065775329
829 13.439641936779534
830 6.55011097377597
831 6.370844280737746
832 1.53632839784931
833 6.295794721673143
834 6.673969680442753
835 14.269027049425063
836 12.966352728624255
837 14.08904260452519
838 10.682013668156342
839 7.597198345746146
840 15.170677137494442
841 15.700886710268433
842 7.205747882451396
843 7.2741051838874675
844 16.982278762367518
845 6.971890514720429
846 1.685172870704458
847 7.7300234165394945
848 18.688184113263997
849 6.45245786375514
850 14.324256842711849
851 13.531248292021555
852 13.921051838250916
853 25.529506510897285
854 13.280062441137026
855 24.15430543846909
856 21.47027355030949
857 0.7098267872155205
858 1.3266754076368947
859 1.53632839784931
860 1.685172870704458
861 1.9321329739155066
862 2.0301514693412606
863 2.4164505736770154
864 2.505605954633446
865 2.5700267574241114
866 3.451976063441289
867 4.167320628234406
868 4.237815874180525
869 4.787626770967893
870 4.99983685156061
871 5.203820888443492
872 5.205155358661466
873 5.279451045379244
874 6.014370639847096
875 6.037339803668089
876 6.224861842048297
877 6.295794721673143
878 6.370844280737746
879 6.45245786375514
880 6.5242516302309905
881 6.55011097377597
882 6.673969680442753
883 6.74306784672697
884 6.971890514720429
885 7.070322945162392
886 7.196842164013365
887 1.3133991473163078
888 3.157724019631653
889 1.798820714870811
890 3.3908938148438867
891 0.408088457539856
892 1.8519583434204452
893 0.4690432587315043
894 4.06138815185583
895 5.154334049631259
896 0.280389354646032
897 5.115715498992251
898 3.5715107042019993
899 1.442474963033868
900 4.4843120072921065
901 4.121281514948801
902 0.39723120947783597
903 1.9454497598454468
904 4.882595802657653
905 0.4337358034203278
906 5.851841007881441
907 1.2725706765741085
908 3.031749721048914
909 6.436150338932178
910 0.4485401647927755
911 1.8376549106564926
912 4.110722815237894
913 6.100319963931863
914 2.4543098327966963
915 7.192992002515568
916 6.550047625034253
917 1.2575796240624908
918 4.74065457831235
919 4.808535631650205
920 5.92460864281789
921 4.138395487631184
922 2.339804673958902
923 4.43033906300538
924 5.5621460676975465
925 7.132393779724968
926 6.716155318194254
927 1.2480059883512689
928 7.149967733973964
929 5.477177959406398
930 7.676894053849723
931 0.280389354646032
932 0.39723120947783597
933 0.408088457539856
934 0.4337358034203278
935 0.4485401647927755
936 0.4690432587315043
937 0.7098267872155205
938 1.2480059883512689
939 1.2575796240624908
940 1.2725706765741085
941 1.3133991473163078
942 1.3266754076368947
943 1.442474963033868
944 1.53632839784931
945 1.685172870704458
946 1.798820714870811
947 1.8376549106564926
948 1.8519583434204452
949 1.9321329739155066
950 1.9454497598454468
951 2.0301514693412606
952 2.339804673958902
953 2.4164505736770154
954 2.4543098327966963
955 2.505605954633446
956 2.5700267574241114
957 3.031749721048914
958 3.157724019631653
959 3.3908938148438867
960 3.451976063441289
961 1.0499414990295084
962 -0.05918272737417857
963 1.335899112521096
964 1.5968154839314153
965 0.4506523906713182
966 0.17895119550758937
967 0.755033770517997
968 0.5932114463001463
969 0.1293612615140433
970 0.24687357509629448
971 2.5665035164903034
972 1.8185629931471095
973 0.4183685090877182
974 0.7467611943043847
975 0.6840851686251231
976 1.794383155283025
977 1.2269956671908946
978 0.8720963864167819
979 1.618755871714339
980 0.5843607982076853
981 1.9174173108772607
982 0.5108586505963193
983 0.6922577039408073
984 0.8195472989546064
985 -0.4616005975576803
986 0.19104373397244345
987 2.766656046118377
988 2.1211463166172693
989 0.1841603302015407
990 2.3205089950730815
991 1.989749014925116
992 1.4525336555949773
993 0.8909930644031153
994 1.6393301987421685
995 2.065908189667605
996 0.19436425090264564
997 1.3346057315266175
998 2.2025016200218612
999 2.5110188666177757
1000 1.6175181360814468
1001 1.8882386324725478
1002 1.1881074145833146
1003 0.766683298894459
1004 0.6990397372564283
1005 1.0353537227685066
1006 1.3891264882632441
1007 0.7715736165894231
1008 1.0155395206216118
1009 1.895363360112802
1010 0.7102102624733396
1011 2.1455108031108696
1012 0.3594638329531257
1013 3.5152508070505384
1014 1.840939009278069
1015 4.015110501749951
1016 1.5100024456974404
1017 2.0775427139639024
1018 2.1156422080032087
1019 1.2311845581143261
1020 2.2481063072838925
1021 3.6691094488539036
1022 0.8844143495207037
1023 4.080232688354982
1024 2.207569505118058
1025 4.363281620527796
1026 4.117945361446255
1027 3.4907106718616108
1028 0.8619749224299629
1029 4.01428932246969
1030 -0.4616005975576803
1031 -0.05918272737417857
1032 0.1293612615140433
1033 0.17895119550758937
1034 0.1841603302015407
1035 0.19104373397244345
1036 0.19436425090264564
1037 0.24687357509629448
1038 0.280389354646032
1039 0.3594638329531257
1040 0.39723120947783597
1041 0.408088457539856
1042 0.4183685090877182
1043 0.4337358034203278
1044 0.4485401647927755
1045 0.4506523906713182
1046 0.4690432587315043
1047 0.5108586505963193
1048 0.5843607982076853
1049 0.5932114463001463
1050 0.6840851686251231
1051 0.6922577039408073
1052 0.6990397372564283
1053 0.7098267872155205
1054 0.7102102624733396
1055 0.7467611943043847
1056 0.755033770517997
1057 0.766683298894459
1058 0.7715736165894231
1059 0.8195472989546064
1060 -0.3639747112729447
1061 -0.09616796909714143
1062 -0.1692961763947045
1063 -0.4628573193497374
1064 0.014378583557968616
1065 -0.19665257838162647
1066 0.0415996013559341
1067 0.05080734797563957
1068 0.4506960232435068
1069 0.3814085668686906
1070 0.18986600837064632
1071 0.006111524105927801
1072 0.8302345775386459
1073 0.5500982107644101
1074 0.16704015421686974
1075 0.14413428698479736
1076 0.5239601487583057
1077 0.42353987348563155
1078 0.38506966772465456
1079 0.7032571567937347
1080 -0.027757017199123102
1081 0.5929169972931423
1082 0.4999889112065756
1083 0.6263558785422156
1084 0.4839374279793243
1085 0.390341810854478
1086 0.668980056718972
1087 0.33642469109449863
1088 0.17841234098199948
1089 0.9219480923577863
1090 0.4682316383918477
1091 -0.4628573193497374
1092 -0.4616005975576803
1093 -0.3639747112729447
1094 -0.19665257838162647
1095 -0.1692961763947045
1096 -0.09616796909714143
1097 -0.05918272737417857
1098 -0.027757017199123102
1099 0.006111524105927801
1100 0.014378583557968616
1101 0.0415996013559341
1102 0.05080734797563957
1103 0.1293612615140433
1104 0.14413428698479736
1105 0.16704015421686974
1106 0.17841234098199948
1107 0.17895119550758937
1108 0.1841603302015407
1109 0.18986600837064632
1110 0.19104373397244345
1111 0.19436425090264564
1112 0.24687357509629448
1113 0.280389354646032
1114 0.33642469109449863
1115 0.3594638329531257
1116 0.3814085668686906
1117 0.38506966772465456
1118 0.390341810854478
1119 0.39723120947783597
1120 0.408088457539856
1121 -0.4254105287979294
1122 -0.409797062415137
1123 -0.4015891571794301
1124 -0.4678196999280324
1125 -0.36663479788252856
1126 -0.4426367681073595
1127 -0.4145807047087287
1128 -0.4222418037180592
1129 -0.42141693362485855
1130 -0.36000312250046157
1131 -0.37789275956366175
1132 -0.363459060276177
1133 -0.31184168013140634
1134 -0.23548267175888765
1135 -0.21126689479853233
1136 -0.2097306966451601
1137 -0.06686250717490744
1138 -0.1661463277959035
1139 -0.12701681466685028
1140 -0.1055749158078998
1141 -0.01361232579190469
1142 -0.019374920187056055
1143 -0.09851933044354128
1144 -0.04257812942892947
1145 -0.04629057328206848
1146 0.021516626049171095
1147 0.06844709629212237
1148 -0.05967188443163318
1149 0.09983991851116747
1150 0.14475631446578896
1151 0.00023578684282243856
1152 0.08315357892589126
1153 0.07606308237474341
1154 0.11298858067120798
1155 0.07423904153478417
1156 0.1915198985585046
1157 0.21425285201058164
1158 0.08276548971866249
1159 0.1926401542149508
1160 0.23888580789116654
1161 0.17755767826721608
1162 0.10403348918875427
1163 -0.4678196999280324
1164 -0.4628573193497374
1165 -0.4616005975576803
1166 -0.4426367681073595
1167 -0.4254105287979294
1168 -0.4222418037180592
1169 -0.42141693362485855
1170 -0.4145807047087287
1171 -0.409797062415137
1172 -0.4015891571794301
1173 -0.37789275956366175
1174 -0.36663479788252856
1175 -0.3639747112729447
1176 -0.363459060276177
1177 -0.36000312250046157
1178 -0.31184168013140634
1179 -0.23548267175888765
1180 -0.21126689479853233
1181 -0.2097306966451601
1182 -0.19665257838162647
1183 -0.1692961763947045
1184 -0.1661463277959035
1185 -0.12701681466685028
1186 -0.1055749158078998
1187 -0.09851933044354128
1188 -0.09616796909714143
1189 -0.06686250717490744
1190 -0.05967188443163318
1191 -0.05918272737417857
1192 -0.04629057328206848
