{
	"version": "0.3.14", 
	"suite": "unknown_suite", 
	"function_id": 60, 
	"function_name": "meta_surface", 
	"maximization": false, 
	"algorithm": {"name": "RefinedEnhancedHybridPSO_DE_Improved", "info": "algorithm_info"},
	"attributes": ["evaluations", "raw_y"],
	"scenarios": [
		{"dimension": 45,
		"path": "data_f60_meta_surface/IOHprofiler_f60_DIM45.dat",
		"runs": [
			{"instance": 1, "evals": 4500, "best": {"evals": 3526, "y": -0.04501323401927948, "x": [-3.03945067032148, -2.271828113455523, -2.0876189728092123, 1.4360325427268743, -3.0557073215914676, -0.9333743634007766, 4.230509976885027, 0.8937225854531349, 3.9834849379842336, 1.2029620195398645, 1.297881158910124, 3.484941323551276, 3.578011258067324, -0.26875674392758075, -2.8082432396243275, -1.336376542028693, 4.374226004620286, 1.7231628265580134, -1.779669983034164, -0.4747344554769279, 4.055909266093622, -0.47735956622499126, -2.0097417627235363, 1.509241935413346, 1.0502409666192147, 1.3047374277684443, 1.534716170474571, -3.4342262527441307, 0.16565085856949396, 0.28933051270552745, 0.4338461630737637, 0.7726614272914324, 0.31990561147771646, 2.5272871466202442, -2.3735999192882935, 0.07142888274336989, 3.3722938166989254, 1.6369275415722746, 0.449258093722254, 2.7707798048201084, 0.7273646271227343, 2.3086453961724023, 1.1624383879023883, 0.882102265302773, 0.9438563039004431]}},
			{"instance": 1, "evals": 4500, "best": {"evals": 4054, "y": -0.02906833589076996, "x": [1.061079811261865, -1.3901808017354467, -1.5691207575106543, 0.22716861965160226, -2.830163641350019, 0.19358096018242443, -0.3309201152532424, -2.7986098571378486, 2.5648733137956565, 4.1103698550790355, 0.3411917990926373, 2.120483490975469, -2.06416886616261, -1.6679115634159596, -0.831820794171724, -0.011904205102604482, -1.1443221230887994, 3.0017557301971736, 0.31265825919663737, 2.4008699348603626, 2.99217304419555, -0.019503460006876416, -0.3428522583859304, -1.8730344309495794, -1.626095192219931, -2.184240427322623, -0.9363761403730307, -1.1572117236557256, 0.5077078809126297, 0.6715772039869434, 0.3606820458101182, 2.3537288798905154, 4.147039062840786, 0.1575436609587008, 1.0283088732646184, 1.8124302535798418, 1.9448557552613028, 0.05964452278181637, 1.7472438946196696, 2.374266632049812, 0.47742014459594406, 3.7475153975192614, 3.798035470350485, 1.6360059852556477, -1.650271049536435]}},
			{"instance": 1, "evals": 4500, "best": {"evals": 1460, "y": -0.009566307067871094, "x": [0.90084338138851, 0.685750584668459, -0.5820260009475962, 0.5553178413528469, 3.283965452841062, -0.7063842308981948, -0.2587261832224982, 1.7348811137400166, 1.384357497127645, -0.7480368747469178, 1.8129642823471606, 1.8621260333038239, 1.5287495317535722, 1.4122109341356386, 0.6226391135121632, 2.694094373210255, 0.834227604047103, 2.1065071990664324, 1.5226966260042196, 2.5399571527389493, 1.721784956942702, 1.2381640367924058, 3.5850598529961273, 0.2216816150286987, -1.6820246015159226, 1.1162667057097113, 0.1498515967059718, 1.1828845627624762, -0.7490334593320019, -1.4194040402376789, -0.9364158478558813, -3.4153600330106677, 0.13323491844991348, -0.7133350771244713, 2.5196405696628212, -0.7459408912899066, 0.18173415638880436, -1.5807661335080652, 1.1554149026600118, 0.7418338484634553, 0.8987064508082521, -2.0039256820289664, -1.9879418174591452, 0.7499059024265018, -2.838163649370604]}},
			{"instance": 1, "evals": 4500, "best": {"evals": 652, "y": -0.04118414223194122, "x": [-1.167850838480451, -0.9156028040072413, -1.8759023457357749, -2.9360825118102927, -0.1932262566904441, 2.790126852262471, -2.5642582668460383, -0.6532786991517157, -0.8237459018768534, 1.2677735580475427, 1.9129319044925737, -1.0005671105670144, 1.2000613482479485, -4.259267524279312, -4.679938320106917, 2.4554184468095306, -2.562881808732356, 1.2823137128434516, 0.8062990346581934, -0.08283192235130404, -0.4948614710809151, 0.3445729124938863, 3.554945570442447, 3.7613469032625666, 2.97068067441129, 1.0640983798554757, -0.10037926845011085, 3.1505741511743803, -1.1097814617646966, -1.8651289615816988, 0.44603229582537457, 2.7361776674894456, 4.275024239127245, 1.490107394061046, 1.3717521089105282, -2.9423805779134535, 2.1265937302284006, 0.14823555620836174, 2.9878371413684794, 3.6256800318868736, 2.9257383222035984, 1.8517447854374731, 4.384704131692568, 4.9064904444814035, 4.154224943650451]}},
			{"instance": 1, "evals": 4500, "best": {"evals": 3820, "y": -0.027188822627067566, "x": [0.8051323982340937, -2.734497793004512, -2.716165439684493, 3.231902336530651, 2.7679554316158543, 2.0679617707800326, 4.265104961881138, 0.22486820139327407, 1.2508820869454091, 4.124891245837747, 3.098990319146651, 1.4096861824692521, 2.3107510673226033, 0.9923604821577718, 3.368594169580529, 4.411575707941733, -0.19037910441879258, 1.4575214007498327, 4.947032155243455, 4.990964323358722, 0.4863770468950248, 4.343202740697414, 1.1763583428996514, -2.3121370568333908, 2.289132449464701, 3.3880925257504844, 0.990285686556103, 1.1646911656940813, -3.3662461369209336, 4.753133874359449, -0.6301039297075687, -2.3005806996150167, 1.436142751344178, 0.2862094552090032, 0.2584178470680296, -0.7068811025398452, -2.635660663444962, 3.36473158110299, -3.4428093680909138, -0.19452253497742578, 0.9036945482367037, -1.3622214825342085, 4.085426158388146, 0.5014861264387425, -0.9250333525320915]}},
			{"instance": 1, "evals": 4500, "best": {"evals": 3369, "y": -0.03918503224849701, "x": [2.8333965877895975, -2.005086124825369, -1.0801525919496064, 5, 1.2158831242010775, -0.8184226361675534, -1.8155603685442212, 1.851643464373138, 2.433255005195308, 2.197441109848878, -5, 1.5082668553424774, -0.0028840643284221285, 2.027776046579348, -2.6333333323280534, 0.550396102725874, -3.7632469648448055, -0.4769646677772191, 1.8197843684968187, 3.9140044116477104, -0.7529149793423804, -3.307586540902822, -2.7233136487241945, -5, 0.20540599754615613, -5, 5, -0.7497133998230556, 1.635260724416154, 1.2305761544908393, 5, 0.9594016746592573, 0.49506911527237896, -1.674740757285632, 0.6266406406725602, 1.5543017470592042, 0.32289943541277766, 3.7918322827828046, 2.8272361682004186, 2.7626490982222416, 2.826262052373363, 0.09332817998359068, 4.0007415654302445, 1.5304141727051406, 1.7597023586099603]}},
			{"instance": 1, "evals": 4500, "best": {"evals": 990, "y": -0.04087643325328827, "x": [-1.3363231063141752, -2.015443720304846, 2.8037050232395515, 1.4723490758820834, 2.803828897140043, 0.8585080225951003, -0.5635014466112837, -0.5274967609287576, -1.9752155383322947, 2.3638143697047482, -0.9019553475690267, 3.721921907121602, -2.3933391356452143, 1.5252557566212923, 1.6597288616676538, -0.9750579533982147, 1.361334882137332, -0.9145658041365723, 2.32125425029678, 3.9718970055600393, 0.041074899779475676, 1.321502302709527, 1.772382550508845, 0.25188801752939755, 1.1954947000448721, -1.8617948597652625, -2.288779897604807, 2.3925513374505143, 1.6493182078128603, -0.373084823262215, 1.4264226027531048, 1.7013117856143198, 1.1502888075687725, 2.31596029663168, 3.1265799926336535, 1.9730467835807557, 1.0643062626595465, 2.3763946033668026, 1.1812400627239525, 0.45056439405071497, 0.6339822246315796, 1.1284246030817346, 0.9614545952014163, 0.516716028349107, -1.8348195002347303]}},
			{"instance": 1, "evals": 4500, "best": {"evals": 4216, "y": -0.04459318518638611,