evaluations raw_y
1 6.886346792268051
2 40.50436554892532
3 45.48525196553867
4 72.45885989129096
5 54.26449676561289
6 35.46413449624247
7 36.75433381473195
8 27.164480790982545
9 28.181084606775983
10 30.49125882609539
11 48.987903206239025
12 26.425881113317647
13 51.60657087113256
14 56.088808793189465
15 52.077790369723125
16 59.34450464999223
17 27.111760639611695
18 41.0183007426088
19 28.943100533612338
20 69.3573045970468
21 41.43043412670342
22 30.076755698861604
23 30.336780865794193
24 34.126657104122884
25 28.671868923376916
26 35.23941573583407
27 19.928622112432794
28 6.43583762650959
29 42.53051235840851
30 67.47075270246484
31 6.43583762650959
32 9.103587171318527
33 1.1473312025819469
34 3.5087520383514903
35 5.663554234383298
36 6.365053708029159
37 6.97442351747439
38 8.449357130916184
39 4.072522760238282
40 23.9044733939533
41 10.299605171610734
42 35.91158870621627
43 23.830137285976722
44 11.921423204174841
45 69.29347899808447
46 15.306013565778475
47 3.051202911702496
48 14.37257789633532
49 23.8959901138511
50 19.794745420937822
51 77.6705256187713
52 28.648338852179645
53 81.36925145645976
54 79.66043633825217
55 91.68293143416165
56 73.38507515605241
57 125.0
58 125.0
59 125.0
60 125.0
61 6.43583762650959
62 6.886346792268051
63 1.1473312025819469
64 3.5087520383514903
65 5.663554234383298
66 6.365053708029159
67 6.97442351747439
68 8.449357130916184
69 4.072522760238282
70 23.9044733939533
71 10.299605171610734
72 30.49125882609539
73 23.830137285976722
74 11.921423204174841
75 35.46413449624247
76 15.306013565778475
77 3.051202911702496
78 14.37257789633532
79 23.8959901138511
80 19.794745420937822
81 45.48525196553867
82 28.648338852179645
83 51.60657087113256
84 52.077790369723125
85 54.26449676561289
86 56.088808793189465
87 59.34450464999223
88 67.47075270246484
89 69.3573045970468
90 72.45885989129096
91 1.1473312025819469
92 2.8046781351361885
93 9.293501636662656
94 9.439369118018178
95 5.569877194279878
96 9.70003705563006
97 7.8297087846728
98 13.248598018923248
99 18.740828513236757
100 0.7779844894192367
101 5.328076191751883
102 6.318247385557314
103 7.978392510882839
104 8.438875189827762
105 5.904530661890287
106 11.721643075137575
107 21.52079864229675
108 1.6760238941446166
109 35.07451315381616
110 47.13275043556821
111 1.3216253667291273
112 85.82228697113885
113 125.0
114 125.0
115 101.77415441047002
116 105.61125339550651
117 125.0
118 114.88338536377742
119 125.0
120 125.0
121 1.1473312025819469
122 2.8046781351361885
123 3.5087520383514903
124 4.072522760238282
125 5.569877194279878
126 6.365053708029159
127 6.43583762650959
128 6.886346792268051
129 6.97442351747439
130 0.7779844894192367
131 5.328076191751883
132 6.318247385557314
133 7.978392510882839
134 8.438875189827762
135 5.904530661890287
136 11.721643075137575
137 21.52079864229675
138 1.6760238941446166
139 28.648338852179645
140 30.49125882609539
141 1.3216253667291273
142 45.48525196553867
143 51.60657087113256
144 52.077790369723125
145 54.26449676561289
146 56.088808793189465
147 59.34450464999223
148 67.47075270246484
149 69.3573045970468
150 72.45885989129096
151 0.7779844894192367
152 0.7667743878711543
153 1.8386417672826336
154 1.2754898026007107
155 7.094956572979326
156 1.4191502297048155
157 0.77012194722585
158 22.502742426791833
159 4.795784340510226
160 11.731914296047684
161 6.511408092267435
162 1.495495533506812
163 8.79993018736615
164 6.893770519597938
165 7.683123164517217
166 9.943026809563081
167 7.132308037514606
168 6.660749258217908
169 11.483523642250121
170 44.84266736048945
171 33.27564484505136
172 89.2021204380255
173 125.0
174 58.67254948550776
175 77.64318588302
176 125.0
177 119.45821717545134
178 125.0
179 125.0
180 105.40824721067297
181 0.7779844894192367
182 0.7667743878711543
183 1.3216253667291273
184 1.2754898026007107
185 2.8046781351361885
186 1.4191502297048155
187 0.77012194722585
188 5.328076191751883
189 4.795784340510226
190 5.904530661890287
191 6.318247385557314
192 1.495495533506812
193 6.43583762650959
194 6.886346792268051
195 6.97442351747439
196 7.978392510882839
197 7.132308037514606
198 6.660749258217908
199 11.483523642250121
200 28.648338852179645
201 30.49125882609539
202 45.48525196553867
203 51.60657087113256
204 52.077790369723125
205 54.26449676561289
206 56.088808793189465
207 59.34450464999223
208 67.47075270246484
209 69.3573045970468
210 72.45885989129096
211 0.7667743878711543
212 1.5196626667320245
213 1.6455334556543566
214 1.3418396682578688
215 0.710329033868015
216 5.26416626907497
217 5.741469227225611
218 4.335133305405142
219 0.8943434965605698
220 8.213466865086758
221 2.3384307950088603
222 0.5923724697946097
223 1.1441889824198317
224 7.065600254591482
225 30.289127706917572
226 0.7533427930256832
227 2.8834247751175472
228 6.764988127533057
229 1.4701147817900682
230 110.01748088199388
231 16.37202390253061
232 66.89256102181508
233 125.0
234 79.85406617351244
235 103.88757015501623
236 125.0
237 84.49709661248497
238 114.0078595193328
239 100.4783310290517
240 112.89653712587943
241 0.7667743878711543
242 0.77012194722585
243 0.7779844894192367
244 1.2754898026007107
245 0.710329033868015
246 1.4191502297048155
247 1.495495533506812
248 2.8046781351361885
249 0.8943434965605698
250 5.328076191751883
251 2.3384307950088603
252 0.5923724697946097
253 1.1441889824198317
254 6.660749258217908
255 6.886346792268051
256 0.7533427930256832
257 2.8834247751175472
258 6.764988127533057
259 1.4701147817900682
260 28.648338852179645
261 16.37202390253061
262 45.48525196553867
263 51.60657087113256
264 52.077790369723125
265 54.26449676561289
266 56.088808793189465
267 59.34450464999223
268 67.47075270246484
269 69.3573045970468
270 72.45885989129096
271 0.5923724697946097
272 0.7571845043398749
273 0.7501106463255073
274 0.6169036271659122
275 8.454113704321522
276 9.256111815807579
277 0.5933734977620976
278 7.278092494897806
279 6.85280625850358
280 13.710697953297023
281 15.004724900494223
282 0.8574204390671318
283 0.559814353814864
284 3.070152101889516
285 23.93289470339588
286 30.79548000764754
287 0.8703293300198145
288 0.608869247703571
289 86.3095158283607
290 5.965716417891193
291 100.2203658365674
292 109.72319487320756
293 87.49632507836178
294 105.87655281761802
295 125.0
296 24.296690701588243
297 101.7241470716027
298 125.0
299 97.364017778049
300 125.0
301 0.5923724697946097
302 0.710329033868015
303 0.7501106463255073
304 0.6169036271659122
305 0.77012194722585
306 0.7779844894192367
307 0.5933734977620976
308 1.1441889824198317
309 1.2754898026007107
310 1.4191502297048155
311 1.4701147817900682
312 0.8574204390671318
313 0.559814353814864
314 2.8046781351361885
315 2.8834247751175472
316 5.328076191751883
317 0.8703293300198145
318 0.608869247703571
319 6.886346792268051
320 5.965716417891193
321 28.648338852179645
322 45.48525196553867
323 51.60657087113256
324 52.077790369723125
325 54.26449676561289
326 24.296690701588243
327 59.34450464999223
328 67.47075270246484
329 69.3573045970468
330 72.45885989129096
331 0.559814353814864
332 0.29895333870210233
333 0.6026935463520764
334 0.6563713292349339
335 0.5792987938986833
336 0.9071205335792606
337 1.9447726041466247
338 0.470640531384278
339 3.216821352603211
340 0.5424988642868915
341 0.10054105176468468
342 0.5461932196935623
343 15.910954414014576
344 0.2941895619820207
345 0.616606546037683
346 22.25006903982002
347 25.559034613891598
348 7.517388179204978
349 69.78433971529937
350 0.5093914891971514
351 8.229610886860616
352 71.70511589598381
353 100.24081815968209
354 0.4767086195379851
355 125.0
356 50.04961159845912
357 125.0
358 125.0
359 125.0
360 79.20513923384232
361 0.559814353814864
362 0.29895333870210233
363 0.5933734977620976
364 0.608869247703571
365 0.5792987938986833
366 0.710329033868015
367 0.7501106463255073
368 0.470640531384278
369 0.7779844894192367
370 0.5424988642868915
371 0.10054105176468468
372 0.5461932196935623
373 1.2754898026007107
374 0.2941895619820207
375 0.616606546037683
376 2.8046781351361885
377 2.8834247751175472
378 5.328076191751883
379 5.965716417891193
380 0.5093914891971514
381 8.229610886860616
382 28.648338852179645
383 45.48525196553867
384 0.4767086195379851
385 52.077790369723125
386 50.04961159845912
387 59.34450464999223
388 67.47075270246484
389 69.3573045970468
390 72.45885989129096
391 0.10054105176468468
392 0.07481560204744611
393 0.5056297448318819
394 0.07357174022030159
395 1.2364471551076543
396 0.14097540994944552
397 0.20803654082611184
398 2.6484087834764845
399 0.09800412390227162
400 0.38327592631631996
401 12.752500988348283
402 0.22540995662855212
403 19.163099148542123
404 0.1064356227966033
405 2.266525068081781
406 16.568916020173397
407 59.81278987302007
408 42.10577080946902
409 0.3854988650415808
410 95.35927945150593
411 30.02444270222305
412 98.5200029784167
413 88.72148054369119
414 125.0
415 125.0
416 125.0
417 125.0
418 125.0
419 125.0
420 125.0
421 0.10054105176468468
422 0.07481560204744611
423 0.29895333870210233
424 0.07357174022030159
425 0.4767086195379851
426 0.14097540994944552
427 0.20803654082611184
428 0.5461932196935623
429 0.09800412390227162
430 0.38327592631631996
431 0.5933734977620976
432 0.22540995662855212
433 0.616606546037683
434 0.1064356227966033
435 0.7501106463255073
436 0.7779844894192367
437 1.2754898026007107
438 2.8046781351361885
439 0.3854988650415808
440 5.328076191751883
441 5.965716417891193
442 8.229610886860616
443 28.648338852179645
444 45.48525196553867
445 50.04961159845912
446 52.077790369723125
447 59.34450464999223
448 67.47075270246484
449 69.3573045970468
450 72.45885989129096
451 0.07357174022030159
452 0.06672184876842945
453 0.30691385223987105
454 0.06896976893975527
455 0.08284427347139038
456 0.8266723088922093
457 0.2594386773427465
458 0.1873036967682885
459 4.209951818615819
460 7.661317668378832
461 9.895374598376286
462 20.896068141383836
463 0.32404694562775904
464 0.0798601351835463
465 98.85875528284072
466 116.86404204890405
467 3.1676843755871333
468 125.0
469 125.0
470 1.72275489217133
471 125.0
472 51.706669162794825
473 125.0
474 125.0
475 125.0
476 125.0
477 125.0
478 125.0
479 125.0
480 125.0
481 0.07357174022030159
482 0.06672184876842945
483 0.09800412390227162
484 0.06896976893975527
485 0.08284427347139038
486 0.14097540994944552
487 0.20803654082611184
488 0.1873036967682885
489 0.29895333870210233
490 0.38327592631631996
491 0.3854988650415808
492 0.4767086195379851
493 0.32404694562775904
494 0.0798601351835463
495 0.616606546037683
496 0.7501106463255073
497 0.7779844894192367
498 1.2754898026007107
499 2.8046781351361885
500 1.72275489217133
501 5.965716417891193
502 8.229610886860616
503 28.648338852179645
504 45.48525196553867
505 50.04961159845912
506 52.077790369723125
507 59.34450464999223
508 67.47075270246484
509 69.3573045970468
510 72.45885989129096
511 0.06672184876842945
512 0.12578741565646004
513 0.4123129232795303
514 0.6697655898339488
515 0.06850087731973983
516 0.0517842921733859
517 0.06595559548039602
518 0.06621255253313063
519 9.741101190197078
520 32.96267145392111
521 0.09285321238042071
522 0.3410456884917202
523 0.1491360222865115
524 1.2028111141367468
525 100.04631343738616
526 106.85769567438479
527 46.50547949205585
528 125.0
529 102.94634236619723
530 114.71082899280498
531 68.84623384357465
532 54.46279325525478
533 125.0
534 125.0
535 125.0
536 125.0
537 125.0
538 125.0
539 125.0
540 125.0
541 0.06672184876842945
542 0.06896976893975527
543 0.07357174022030159
544 0.0798601351835463
545 0.06850087731973983
546 0.0517842921733859
547 0.06595559548039602
548 0.06621255253313063
549 0.20803654082611184
550 0.29895333870210233
551 0.09285321238042071
552 0.3410456884917202
553 0.1491360222865115
554 0.4767086195379851
555 0.616606546037683
556 0.7501106463255073
557 0.7779844894192367
558 1.2754898026007107
559 1.72275489217133
560 2.8046781351361885
561 5.965716417891193
562 8.229610886860616
563 28.648338852179645
564 45.48525196553867
565 50.04961159845912
566 52.077790369723125
567 59.34450464999223
568 67.47075270246484
569 69.3573045970468
570 72.45885989129096
571 0.0517842921733859
572 0.05368057074901579
573 0.052584058940103186
574 0.2264760510534262
575 1.958882697572434
576 0.04351628203687918
577 0.8315588206681032
578 3.964979595907004
579 0.057510050312019396
580 18.36098248684855
581 0.13268691950943398
582 60.19317045141959
583 2.6919058666929825
584 3.852291178063363
585 0.08796717951794936
586 12.962357494507698
587 125.0
588 39.01322223398267
589 125.0
590 104.55995956274941
591 103.61433647111653
592 125.0
593 125.0
594 125.0
595 125.0
596 125.0
597 125.0
598 125.0
599 125.0
600 125.0
601 0.0517842921733859
602 0.05368057074901579
603 0.052584058940103186
604 0.06672184876842945
605 0.06850087731973983
606 0.04351628203687918
607 0.07357174022030159
608 0.0798601351835463
609 0.057510050312019396
610 0.1491360222865115
611 0.13268691950943398
612 0.29895333870210233
613 0.3410456884917202
614 0.4767086195379851
615 0.08796717951794936
616 0.7501106463255073
617 0.7779844894192367
618 1.2754898026007107
619 1.72275489217133
620 2.8046781351361885
621 5.965716417891193
622 8.229610886860616
623 28.648338852179645
624 45.48525196553867
625 50.04961159845912
626 52.077790369723125
627 59.34450464999223
628 67.47075270246484
629 69.3573045970468
630 72.45885989129096
631 0.04351628203687918
632 0.04312238305687939
633 0.3813846783459337
634 0.32876375542279124
635 1.2237927993185633
636 0.04895275226144227
637 0.042694057230298496
638 0.09373190323280683
639 0.07169637030144092
640 0.5129130603955382
641 86.45222461246966
642 0.679411544052682
643 2.8787480113350017
644 1.6895130746153075
645 125.0
646 2.6089956699537424
647 26.1067302032818
648 125.0
649 125.0
650 125.0
651 53.35486605629252
652 125.0
653 125.0
654 125.0
655 125.0
656 125.0
657 125.0
658 125.0
659 125.0
660 125.0
661 0.04351628203687918
662 0.04312238305687939
663 0.052584058940103186
664 0.05368057074901579
665 0.057510050312019396
666 0.04895275226144227
667 0.042694057230298496
668 0.07357174022030159
669 0.07169637030144092
670 0.08796717951794936
671 0.13268691950943398
672 0.1491360222865115
673 0.29895333870210233
674 0.3410456884917202
675 0.4767086195379851
676 0.7501106463255073
677 0.7779844894192367
678 1.2754898026007107
679 1.72275489217133
680 2.8046781351361885
681 5.965716417891193
682 8.229610886860616
683 28.648338852179645
684 45.48525196553867
685 50.04961159845912
686 52.077790369723125
687 59.34450464999223
688 67.47075270246484
689 69.3573045970468
690 72.45885989129096
691 0.042694057230298496
692 0.04269809111995322
693 0.03238732536609356
694 0.05240048140378458
695 1.4361774604964226
696 3.0102391198087646
697 0.4036781460772281
698 0.19413041120002222
699 0.04263051186589094
700 78.54307017170592
701 84.83287772217032
702 108.49289012072008
703 63.73982850879453
704 125.0
705 125.0
706 47.79522595020515
707 125.0
708 125.0
709 50.450298637750784
710 125.0
711 125.0
712 125.0
713 125.0
714 125.0
715 125.0
716 125.0
717 125.0
718 125.0
719 125.0
720 125.0
721 0.042694057230298496
722 0.04269809111995322
723 0.03238732536609356
724 0.04895275226144227
725 0.052584058940103186
726 0.05368057074901579
727 0.057510050312019396
728 0.07169637030144092
729 0.04263051186589094
730 0.08796717951794936
731 0.13268691950943398
732 0.1491360222865115
733 0.29895333870210233
734 0.3410456884917202
735 0.4767086195379851
736 0.7501106463255073
737 0.7779844894192367
738 1.2754898026007107
739 1.72275489217133
740 2.8046781351361885
741 5.965716417891193
742 8.229610886860616
743 28.648338852179645
744 45.48525196553867
745 50.04961159845912
746 52.077790369723125
747 59.34450464999223
748 67.47075270246484
749 69.3573045970468
750 72.45885989129096
751 0.03238732536609356
752 0.02917428141563034
753 0.03845283378275537
754 0.03055893202393064
755 0.030678434336211854
756 7.616801260990829
757 28.93730960530467
758 61.75611360473858
759 0.33448297181448944
760 18.33162467176775
761 21.53369768274993
762 125.0
763 111.80540340464955
764 117.90628914553362
765 125.0
766 125.0
767 125.0
768 125.0
769 125.0
770 125.0
771 125.0
772 125.0
773 125.0
774 125.0
775 125.0
776 125.0
777 125.0
778 125.0
779 125.0
780 125.0
781 0.03238732536609356
782 0.02917428141563034
783 0.03845283378275537
784 0.03055893202393064
785 0.030678434336211854
786 0.052584058940103186
787 0.05368057074901579
788 0.057510050312019396
789 0.07169637030144092
790 0.08796717951794936
791 0.13268691950943398
792 0.1491360222865115
793 0.29895333870210233
794 0.3410456884917202
795 0.4767086195379851
796 0.7501106463255073
797 0.7779844894192367
798 1.2754898026007107
799 1.72275489217133
800 2.8046781351361885
801 5.965716417891193
802 8.229610886860616
803 28.648338852179645
804 45.48525196553867
805 50.04961159845912
806 52.077790369723125
807 59.34450464999223
808 67.47075270246484
809 69.3573045970468
810 72.45885989129096
811 0.02917428141563034
812 0.012591388691793175
813 0.20904365422821294
814 0.02647847768216712
815 0.032519538941376894
816 7.879918862956702
817 29.008250102666153
818 0.02559870157782272
819 26.486659594644838
820 33.13552409561855
821 54.73636002854105
822 125.0
823 125.0
824 125.0
825 125.0
826 125.0
827 125.0
828 125.0
829 125.0
830 125.0
831 125.0
832 125.0
833 125.0
834 125.0
835 125.0
836 125.0
837 125.0
838 125.0
839 125.0
840 125.0
841 0.02917428141563034
842 0.012591388691793175
843 0.030678434336211854
844 0.02647847768216712
845 0.032519538941376894
846 0.052584058940103186
847 0.05368057074901579
848 0.02559870157782272
849 0.07169637030144092
850 0.08796717951794936
851 0.13268691950943398
852 0.1491360222865115
853 0.29895333870210233
854 0.3410456884917202
855 0.4767086195379851
856 0.7501106463255073
857 0.7779844894192367
858 1.2754898026007107
859 1.72275489217133
860 2.8046781351361885
861 5.965716417891193
862 8.229610886860616
863 28.648338852179645
864 45.48525196553867
865 50.04961159845912
866 52.077790369723125
867 59.34450464999223
868 67.47075270246484
869 69.3573045970468
870 72.45885989129096
871 0.012591388691793175
872 0.013677990861707944
873 0.012423862351482125
874 2.0784811508864385
875 16.83487951999093
876 61.30360625591456
877 101.3157083027233
878 12.947087914446087
879 38.67731149282571
880 51.56626925300916
881 125.0
882 107.15751789851436
883 125.0
884 125.0
885 125.0
886 125.0
887 125.0
888 125.0
889 125.0
890 125.0
891 125.0
892 125.0
893 125.0
894 125.0
895 125.0
896 125.0
897 125.0
898 125.0
899 125.0
900 125.0
901 0.012591388691793175
902 0.013677990861707944
903 0.012423862351482125
904 0.02917428141563034
905 0.030678434336211854
906 0.032519538941376894
907 0.052584058940103186
908 0.05368057074901579
909 0.07169637030144092
910 0.08796717951794936
911 0.13268691950943398
912 0.1491360222865115
913 0.29895333870210233
914 0.3410456884917202
915 0.4767086195379851
916 0.7501106463255073
917 0.7779844894192367
918 1.2754898026007107
919 1.72275489217133
920 2.8046781351361885
921 5.965716417891193
922 8.229610886860616
923 28.648338852179645
924 45.48525196553867
925 50.04961159845912
926 52.077790369723125
927 59.34450464999223
928 67.47075270246484
929 69.3573045970468
930 72.45885989129096
931 0.012423862351482125
932 0.17796332722256275
933 1.0860800028577609
934 10.625351504236678
935 0.1513140946925736
936 125.0
937 41.162992948865124
938 125.0
939 125.0
940 125.0
941 125.0
942 125.0
943 125.0
944 125.0
945 125.0
946 125.0
947 125.0
948 125.0
949 125.0
950 125.0
951 125.0
952 125.0
953 125.0
954 125.0
955 125.0
956 125.0
957 125.0
958 125.0
959 125.0
960 125.0
961 0.012423862351482125
962 0.012591388691793175
963 0.013677990861707944
964 0.02917428141563034
965 0.030678434336211854
966 0.032519538941376894
967 0.052584058940103186
968 0.05368057074901579
969 0.07169637030144092
970 0.08796717951794936
971 0.13268691950943398
972 0.1491360222865115
973 0.29895333870210233
974 0.3410456884917202
975 0.4767086195379851
976 0.7501106463255073
977 0.7779844894192367
978 1.2754898026007107
979 1.72275489217133
980 2.8046781351361885
981 5.965716417891193
982 8.229610886860616
983 28.648338852179645
984 45.48525196553867
985 50.04961159845912
986 52.077790369723125
987 59.34450464999223
988 67.47075270246484
989 69.3573045970468
990 72.45885989129096
evaluations raw_y
1 47.12899219723016
2 29.913024242122013
3 49.48038362855696
4 25.984600006663538
5 52.0398115561897
6 78.8699859658221
7 41.44345707406853
8 47.82894328965424
9 58.72701545701555
10 39.53129101863968
11 40.170611913245956
12 37.66426140818976
13 41.40513416509917
14 23.320346211170726
15 53.214597720743384
16 43.35879826482589
17 29.924719347158863
18 41.82827329212504
19 36.86266957756842
20 49.98914678679338
21 36.7464117569072
22 72.08387648398204
23 65.2793550791994
24 49.78002430615812
25 87.6029464168834
26 31.257126908818847
27 55.29290406633423
28 37.17210436510381
29 68.19127353559972
30 51.96893392736941
31 23.320346211170726
32 36.549471196548154
33 57.43800403158686
34 10.778284486616524
35 27.35868104469382
36 39.42337713569695
37 36.206185904643725
38 19.112617412240976
39 25.11915588153541
40 28.337606890030354
41 98.13465739919526
42 36.41106341173587
43 72.00628918219611
44 33.888342573812444
45 23.825971437824656
46 22.752343482064177
47 16.342684572390556
48 14.87500846213151
49 55.734197118326634
50 54.82951544161794
51 20.589914487635454
52 24.98078458706764
53 109.86090724224056
54 124.56616048405111
55 65.70614913915598
56 86.48934599861913
57 125.0
58 125.0
59 125.0
60 119.80254831801491
61 23.320346211170726
62 25.984600006663538
63 29.913024242122013
64 10.778284486616524
65 27.35868104469382
66 36.7464117569072
67 36.206185904643725
68 19.112617412240976
69 25.11915588153541
70 28.337606890030354
71 40.170611913245956
72 36.41106341173587
73 41.44345707406853
74 33.888342573812444
75 23.825971437824656
76 22.752343482064177
77 16.342684572390556
78 14.87500846213151
79 49.78002430615812
80 49.98914678679338
81 20.589914487635454
82 24.98078458706764
83 53.214597720743384
84 55.29290406633423
85 58.72701545701555
86 65.2793550791994
87 68.19127353559972
88 72.08387648398204
89 78.8699859658221
90 87.6029464168834
91 10.778284486616524
92 12.785631803105312
93 17.40680494864292
94 9.287434191236294
95 13.168439882370294
96 11.260775638356165
97 7.948431749782926
98 14.592960963149247
99 14.228503309358219
100 21.072142391849535
101 10.97098761786739
102 23.70042804420286
103 3.159207194026534
104 9.277029704643063
105 24.506838821170312
106 13.19222889175186
107 17.462711445791893
108 3.591331141385749
109 72.34745107512923
110 61.61574804768659
111 106.78138922986147
112 63.54114316014362
113 60.02148916934461
114 66.17623314438636
115 80.94586268585152
116 112.95831500259241
117 112.75482423396467
118 125.0
119 116.87154687371897
120 125.0
121 10.778284486616524
122 12.785631803105312
123 16.342684572390556
124 9.287434191236294
125 13.168439882370294
126 11.260775638356165
127 7.948431749782926
128 14.592960963149247
129 14.228503309358219
130 21.072142391849535
131 10.97098761786739
132 23.70042804420286
133 3.159207194026534
134 9.277029704643063
135 24.506838821170312
136 13.19222889175186
137 17.462711445791893
138 3.591331141385749
139 40.170611913245956
140 41.44345707406853
141 49.78002430615812
142 49.98914678679338
143 53.214597720743384
144 55.29290406633423
145 58.72701545701555
146 65.2793550791994
147 68.19127353559972
148 72.08387648398204
149 78.8699859658221
150 87.6029464168834
151 3.159207194026534
152 5.669015490940457
153 3.0689569745767757
154 15.793772750443255
155 7.916480545838062
156 2.9903616048068415
157 8.361245090113226
158 4.151422865548282
159 20.7968961270089
160 26.666586394004003
161 9.16425532112471
162 3.2138510321520615
163 4.218615236435235
164 11.942462499928805
165 3.300839246283941
166 33.227420567625494
167 6.289449679098849
168 25.67479683121025
169 102.34661465947437
170 80.02775352429693
171 66.9117103152244
172 62.43148858200398
173 117.39274238336334
174 77.53746741128981
175 6.80156495290997
176 102.87466458098102
177 125.0
178 119.50059629174201
179 102.87429409724028
180 125.0
181 3.159207194026534
182 3.591331141385749
183 3.0689569745767757
184 9.277029704643063
185 7.916480545838062
186 2.9903616048068415
187 8.361245090113226
188 4.151422865548282
189 12.785631803105312
190 13.168439882370294
191 9.16425532112471
192 3.2138510321520615
193 4.218615236435235
194 11.942462499928805
195 3.300839246283941
196 21.072142391849535
197 6.289449679098849
198 24.506838821170312
199 40.170611913245956
200 41.44345707406853
201 49.78002430615812
202 49.98914678679338
203 53.214597720743384
204 55.29290406633423
205 6.80156495290997
206 65.2793550791994
207 68.19127353559972
208 72.08387648398204
209 78.8699859658221
210 87.6029464168834
211 2.9903616048068415
212 4.699221382850382
213 2.111747016634962
214 2.7584807157360025
215 5.0795935904650396
216 2.512746015121849
217 2.6676502691601574
218 11.552808806961055
219 5.809705753640894
220 5.579920013219873
221 3.0652104508584452
222 6.371947079915845
223 9.762895609862438
224 13.362166281426427
225 4.30936077918924
226 7.590467204545853
227 3.320549412311568
228 6.406257343550433
229 88.33091545969388
230 20.670542805633232
231 83.8776885839265
232 125.0
233 107.98838797265901
234 125.0
235 39.76431119554246
236 48.4346492564333
237 125.0
238 103.24922724236121
239 125.0
240 125.0
241 2.9903616048068415
242 3.0689569745767757
243 2.111747016634962
244 2.7584807157360025
245 3.300839246283941
246 2.512746015121849
247 2.6676502691601574
248 4.218615236435235
249 5.809705753640894
250 5.579920013219873
251 3.0652104508584452
252 6.371947079915845
253 9.16425532112471
254 9.277029704643063
255 4.30936077918924
256 7.590467204545853
257 3.320549412311568
258 6.406257343550433
259 24.506838821170312
260 20.670542805633232
261 41.44345707406853
262 49.78002430615812
263 49.98914678679338
264 53.214597720743384
265 39.76431119554246
266 48.4346492564333
267 68.19127353559972
268 72.08387648398204
269 78.8699859658221
270 87.6029464168834
271 2.111747016634962
272 4.226066318710038
273 1.8910174118795329
274 1.834772909317257
275 5.942749615184956
276 5.363889708971036
277 8.645218424714226
278 1.703769695650294
279 9.710143647814203
280 2.8770980777308144
281 3.304918518068543
282 0.969711396448095
283 3.0531300677176807
284 41.0295215233892
285 25.74380109332505
286 18.87670179529753
287 2.7712758499402215
288 11.601020569569508
289 88.83486351449834
290 8.399633283893548
291 11.658912785032483
292 105.24506296564508
293 11.291822779951161
294 103.45712038749434
295 125.0
296 103.1829947060602
297 124.62059321461764
298 75.50852015233501
299 107.82827086948996
300 113.10516841436292
301 2.111747016634962
302 2.512746015121849
303 1.8910174118795329
304 1.834772909317257
305 2.9903616048068415
306 3.0652104508584452
307 3.0689569745767757
308 1.703769695650294
309 3.320549412311568
310 2.8770980777308144
311 3.304918518068543
312 0.969711396448095
313 3.0531300677176807
314 6.371947079915845
315 6.406257343550433
316 7.590467204545853
317 2.7712758499402215
318 9.277029704643063
319 20.670542805633232
320 8.399633283893548
321 11.658912785032483
322 41.44345707406853
323 11.291822779951161
324 49.78002430615812
325 49.98914678679338
326 53.214597720743384
327 68.19127353559972
328 72.08387648398204
329 78.8699859658221
330 87.6029464168834
331 0.969711396448095
332 2.2211841880933165
333 1.01801614852962
334 2.0661680576461516
335 0.8691163570803652
336 0.997328250991768
337 4.697507516003974
338 1.6838761333691752
339 2.8885887560314067
340 0.9577243690344335
341 6.30391788392076
342 0.9005317585286463
343 0.90610468601286
344 40.65129348020329
345 21.244561471445195
346 51.263814986288764
347 38.64772228557528
348 48.81626132552706
349 76.5687538429606
350 88.96294761969837
351 72.33124755330144
352 64.01077819414608
353 125.0
354 125.0
355 0.39432941835826
356 77.18289785795419
357 87.02689377941036
358 125.0
359 125.0
360 125.0
361 0.969711396448095
362 1.703769695650294
363 1.01801614852962
364 1.8910174118795329
365 0.8691163570803652
366 0.997328250991768
367 2.7712758499402215
368 1.6838761333691752
369 2.8885887560314067
370 0.9577243690344335
371 3.0652104508584452
372 0.9005317585286463
373 0.90610468601286
374 3.320549412311568
375 6.371947079915845
376 6.406257343550433
377 7.590467204545853
378 8.399633283893548
379 9.277029704643063
380 11.291822779951161
381 11.658912785032483
382 20.670542805633232
383 41.44345707406853
384 49.78002430615812
385 0.39432941835826
386 53.214597720743384
387 68.19127353559972
388 72.08387648398204
389 78.8699859658221
390 87.6029464168834
391 0.39432941835826
392 0.7604852109564955
393 1.358193234809779
394 0.354800110362245
395 0.3998480040152522
396 1.546985832310519
397 2.196183137481895
398 0.3722399507019743
399 0.3856595797417463
400 0.5532906141760507
401 6.8802594452793695
402 4.613994417698374
403 0.4533646054716939
404 0.5197821079523399
405 19.069676782470896
406 0.47413524814879826
407 65.62462945575712
408 3.01141535603632
409 113.23661466542659
410 5.0813072687973975
411 6.005302403005456
412 22.53083202870157
413 125.0
414 102.48902287285236
415 103.34943147440562
416 107.82325443304212
417 125.0
418 100.97203629009826
419 125.0
420 125.0
421 0.39432941835826
422 0.7604852109564955
423 0.9005317585286463
424 0.354800110362245
425 0.3998480040152522
426 0.969711396448095
427 0.997328250991768
428 0.3722399507019743
429 0.3856595797417463
430 0.5532906141760507
431 1.8910174118795329
432 2.7712758499402215
433 0.4533646054716939
434 0.5197821079523399
435 3.320549412311568
436 0.47413524814879826
437 6.406257343550433
438 3.01141535603632
439 8.399633283893548
440 5.0813072687973975
441 6.005302403005456
442 11.658912785032483
443 20.670542805633232
444 41.44345707406853
445 49.78002430615812
446 53.214597720743384
447 68.19127353559972
448 72.08387648398204
449 78.8699859658221
450 87.6029464168834
451 0.354800110362245
452 0.3479200205010216
453 0.326281599540387
454 1.2146434355819002
455 0.34246799440701886
456 1.8137981347962164
457 0.3466333843276544
458 0.3805819535927558
459 0.42120139360420805
460 11.269268213767273
461 27.45584916443421
462 59.335882185717395
463 80.88273228032641
464 85.78781453769027
465 107.15844446224648
466 1.5837963475019792
467 125.0
468 96.03718365509859
469 105.12839549306952
470 1.1007532262589688
471 22.487869386265288
472 125.0
473 101.16984663035848
474 125.0
475 125.0
476 125.0
477 17.630154769244324
478 125.0
479 125.0
480 125.0
481 0.354800110362245
482 0.3479200205010216
483 0.326281599540387
484 0.39432941835826
485 0.34246799440701886
486 0.4533646054716939
487 0.3466333843276544
488 0.3805819535927558
489 0.42120139360420805
490 0.7604852109564955
491 0.9005317585286463
492 0.969711396448095
493 0.997328250991768
494 1.8910174118795329
495 2.7712758499402215
496 1.5837963475019792
497 3.320549412311568
498 5.0813072687973975
499 6.005302403005456
500 1.1007532262589688
501 8.399633283893548
502 11.658912785032483
503 20.670542805633232
504 41.44345707406853
505 49.78002430615812
506 53.214597720743384
507 17.630154769244324
508 72.08387648398204
509 78.8699859658221
510 87.6029464168834
511 0.326281599540387
512 0.3395349678283732
513 0.3014983457597214
514 0.38216949139469
515 1.1700517277135676
516 1.0324521154950603
517 0.12714489034177845
518 0.6071218841341639
519 0.29949372160828797
520 0.21201640302946514
521 66.7513216721337
522 121.7929708870749
523 0.1817154359362404
524 1.499159460309303
525 125.0
526 44.53852932759979
527 120.29620989750481
528 16.614037741906202
529 125.0
530 112.32732936021802
531 125.0
532 125.0
533 125.0
534 99.7590887773832
535 125.0
536 125.0
537 125.0
538 125.0
539 125.0
540 125.0
541 0.326281599540387
542 0.3395349678283732
543 0.3014983457597214
544 0.3479200205010216
545 0.354800110362245
546 0.3805819535927558
547 0.12714489034177845
548 0.42120139360420805
549 0.29949372160828797
550 0.21201640302946514
551 0.9005317585286463
552 0.969711396448095
553 0.1817154359362404
554 1.1007532262589688
555 1.5837963475019792
556 1.8910174118795329
557 2.7712758499402215
558 3.320549412311568
559 5.0813072687973975
560 6.005302403005456
561 8.399633283893548
562 11.658912785032483
563 17.630154769244324
564 20.670542805633232
565 41.44345707406853
566 49.78002430615812
567 53.214597720743384
568 72.08387648398204
569 78.8699859658221
570 87.6029464168834
571 0.12714489034177845
572 0.2826030051910565
573 0.13232658441278344
574 0.13244283900631088
575 2.58874144018986
576 0.15605221710039943
577 0.602107995570152
578 1.061326320011573
579 61.509238567528286
580 87.46348047450853
581 1.760967578432546
582 102.31345321571624
583 100.0065116553576
584 125.0
585 32.01962938903502
586 101.25347015557084
587 1.309928372572946
588 125.0
589 103.50743698067839
590 125.0
591 125.0
592 106.8486355186081
593 125.0
594 125.0
595 125.0
596 125.0
597 125.0
598 125.0
599 125.0
600 125.0
601 0.12714489034177845
602 0.1817154359362404
603 0.13232658441278344
604 0.13244283900631088
605 0.3014983457597214
606 0.15605221710039943
607 0.3395349678283732
608 0.3479200205010216
609 0.354800110362245
610 0.3805819535927558
611 0.42120139360420805
612 0.9005317585286463
613 0.969711396448095
614 1.1007532262589688
615 1.5837963475019792
616 1.8910174118795329
617 1.309928372572946
618 3.320549412311568
619 5.0813072687973975
620 6.005302403005456
621 8.399633283893548
622 11.658912785032483
623 17.630154769244324
624 20.670542805633232
625 41.44345707406853
626 49.78002430615812
627 53.214597720743384
628 72.08387648398204
629 78.8699859658221
630 87.6029464168834
631 0.12714489034177845
632 0.12387818833800304
633 0.4456938665525615
634 0.12081687161283618
635 0.114606732844386
636 0.12957278653595167
637 8.330853285872829
638 0.1450359393312449
639 0.7421431726231306
640 0.7576474479233952
641 100.20305647553444
642 8.588345178591402
643 3.7106319539585972
644 24.09094915176157
645 13.327132393307455
646 125.0
647 100.61544145623009
648 100.10086601356339
649 125.0
650 125.0
651 100.98036160372608
652 125.0
653 125.0
654 125.0
655 125.0
656 125.0
657 125.0
658 125.0
659 125.0
660 125.0
661 0.12714489034177845
662 0.12387818833800304
663 0.13244283900631088
664 0.12081687161283618
665 0.114606732844386
666 0.12957278653595167
667 0.3395349678283732
668 0.1450359393312449
669 0.354800110362245
670 0.3805819535927558
671 0.42120139360420805
672 0.9005317585286463
673 0.969711396448095
674 1.1007532262589688
675 1.309928372572946
676 1.5837963475019792
677 1.8910174118795329
678 3.320549412311568
679 5.0813072687973975
680 6.005302403005456
681 8.399633283893548
682 11.658912785032483
683 17.630154769244324
684 20.670542805633232
685 41.44345707406853
686 49.78002430615812
687 53.214597720743384
688 72.08387648398204
689 78.8699859658221
690 87.6029464168834
691 0.114606732844386
692 0.11237332404213776
693 0.12320047481838431
694 0.12568116766986298
695 0.1257646447181047
696 8.361023758305697
697 0.1178077054858375
698 0.4027462653901909
699 53.22945739359625
700 73.81542291728034
701 84.5068932205591
702 100.02906620036666
703 38.121153105547464
704 118.26529654940495
705 108.08186742055636
706 125.0
707 125.0
708 125.0
709 125.0
710 125.0
711 100.05558738777778
712 125.0
713 122.12388408173818
714 125.0
715 125.0
716 125.0
717 125.0
718 125.0
719 125.0
720 125.0
721 0.114606732844386
722 0.11237332404213776
723 0.12320047481838431
724 0.12568116766986298
725 0.1257646447181047
726 0.13244283900631088
727 0.1178077054858375
728 0.3395349678283732
729 0.354800110362245
730 0.3805819535927558
731 0.42120139360420805
732 0.9005317585286463
733 0.969711396448095
734 1.1007532262589688
735 1.309928372572946
736 1.5837963475019792
737 1.8910174118795329
738 3.320549412311568
739 5.0813072687973975
740 6.005302403005456
741 8.399633283893548
742 11.658912785032483
743 17.630154769244324
744 20.670542805633232
745 41.44345707406853
746 49.78002430615812
747 53.214597720743384
748 72.08387648398204
749 78.8699859658221
750 87.6029464168834
751 0.11237332404213776
752 0.10771382460612883
753 0.3131326755838049
754 0.1051160316834136
755 2.199592276512897
756 9.02831085490508
757 35.74466292442962
758 0.22637468992378698
759 1.971084804537009
760 0.22812302971180323
761 17.42156466784925
762 125.0
763 81.96164389961982
764 116.87717971310772
765 105.1881683275489
766 125.0
767 125.0
768 125.0
769 125.0
770 125.0
771 125.0
772 125.0
773 125.0
774 125.0
775 125.0
776 125.0
777 125.0
778 125.0
779 125.0
780 125.0
781 0.11237332404213776
782 0.10771382460612883
783 0.1178077054858375
784 0.1051160316834136
785 0.12568116766986298
786 0.1257646447181047
787 0.13244283900631088
788 0.22637468992378698
789 0.354800110362245
790 0.22812302971180323
791 0.42120139360420805
792 0.9005317585286463
793 0.969711396448095
794 1.1007532262589688
795 1.309928372572946
796 1.5837963475019792
797 1.8910174118795329
798 3.320549412311568
799 5.0813072687973975
800 6.005302403005456
801 8.399633283893548
802 11.658912785032483
803 17.630154769244324
804 20.670542805633232
805 41.44345707406853
806 49.78002430615812
807 53.214597720743384
808 72.08387648398204
809 78.8699859658221
810 87.6029464168834
811 0.1051160316834136
812 0.08919372166240791
813 0.04414707884724095
814 1.3161653759405545
815 7.0739709161838356
816 34.90538844590832
817 77.41985890860285
818 12.1847060486274
819 13.144592518291612
820 125.0
821 86.05168204405696
822 125.0
823 125.0
824 125.0
825 125.0
826 125.0
827 125.0
828 125.0
829 125.0
830 125.0
831 125.0
832 125.0
833 125.0
834 125.0
835 125.0
836 125.0
837 125.0
838 125.0
839 125.0
840 125.0
841 0.1051160316834136
842 0.08919372166240791
843 0.04414707884724095
844 0.1178077054858375
845 0.12568116766986298
846 0.1257646447181047
847 0.13244283900631088
848 0.22637468992378698
849 0.22812302971180323
850 0.354800110362245
851 0.42120139360420805
852 0.9005317585286463
853 0.969711396448095
854 1.1007532262589688
855 1.309928372572946
856 1.5837963475019792
857 1.8910174118795329
858 3.320549412311568
859 5.0813072687973975
860 6.005302403005456
861 8.399633283893548
862 11.658912785032483
863 17.630154769244324
864 20.670542805633232
865 41.44345707406853
866 49.78002430615812
867 53.214597720743384
868 72.08387648398204
869 78.8699859658221
870 87.6029464168834
871 0.04414707884724095
872 0.5002108676520117
873 8.6031604691861
874 0.10561648266334447
875 101.01112547799129
876 125.0
877 125.0
878 125.0
879 125.0
880 125.0
881 125.0
882 125.0
883 125.0
884 125.0
885 125.0
886 125.0
887 125.0
888 125.0
889 125.0
890 125.0
891 125.0
892 125.0
893 125.0
894 125.0
895 125.0
896 125.0
897 125.0
898 125.0
899 125.0
900 125.0
901 0.04414707884724095
902 0.08919372166240791
903 0.1051160316834136
904 0.10561648266334447
905 0.12568116766986298
906 0.1257646447181047
907 0.13244283900631088
908 0.22637468992378698
909 0.22812302971180323
910 0.354800110362245
911 0.42120139360420805
912 0.9005317585286463
913 0.969711396448095
914 1.1007532262589688
915 1.309928372572946
916 1.5837963475019792
917 1.8910174118795329
918 3.320549412311568
919 5.0813072687973975
920 6.005302403005456
921 8.399633283893548
922 11.658912785032483
923 17.630154769244324
924 20.670542805633232
925 41.44345707406853
926 49.78002430615812
927 53.214597720743384
928 72.08387648398204
929 78.8699859658221
930 87.6029464168834
931 0.04414707884724095
932 0.03839960997724912
933 0.005481681710650289
934 97.56081126216989
935 125.0
936 46.0152817739825
937 125.0
938 125.0
939 125.0
940 125.0
941 125.0
942 125.0
943 125.0
944 125.0
945 125.0
946 125.0
947 125.0
948 125.0
949 125.0
950 125.0
951 125.0
952 125.0
953 125.0
954 125.0
955 125.0
956 125.0
957 125.0
958 125.0
959 125.0
960 125.0
961 0.04414707884724095
962 0.03839960997724912
963 0.005481681710650289
964 0.10561648266334447
965 0.12568116766986298
966 0.1257646447181047
967 0.13244283900631088
968 0.22637468992378698
969 0.22812302971180323
970 0.354800110362245
971 0.42120139360420805
972 0.9005317585286463
973 0.969711396448095
974 1.1007532262589688
975 1.309928372572946
976 1.5837963475019792
977 1.8910174118795329
978 3.320549412311568
979 5.0813072687973975
980 6.005302403005456
981 8.399633283893548
982 11.658912785032483
983 17.630154769244324
984 20.670542805633232
985 41.44345707406853
986 49.78002430615812
987 53.214597720743384
988 72.08387648398204
989 78.8699859658221
990 87.6029464168834
evaluations raw_y
1 24.49265448846084
2 22.574733414258105
3 25.001673720860744
4 50.082367382310494
5 49.63303918597847
6 34.28414733202299
7 11.029990367627303
8 25.713466870671557
9 39.481024862937524
10 29.23068663498416
11 32.443761240907705
12 93.82883883696661
13 32.01923731891093
14 46.34364812297665
15 21.299220414196117
16 44.95015566365328
17 27.091509213370816
18 40.5494877711879
19 41.0980854320969
20 30.533239483908492
21 49.69565559518281
22 28.988924749134654
23 24.8400439537114
24 23.50748241129232
25 35.68337720517657
26 44.671876481238094
27 33.70922047352261
28 63.60638166866083
29 41.01693499210335
30 45.03885384053813
31 11.029990367627303
32 9.453923961125174
33 25.65709483970987
34 22.84224262261599
35 26.588899212776628
36 22.715368041556125
37 36.95163659969598
38 33.722847157505946
39 39.19590055046879
40 20.343211932056715
41 18.840966204624504
42 53.883987484868506
43 17.074858522858058
44 59.149370345637195
45 23.667866784953542
46 37.739309481501635
47 39.29804477607666
48 17.382440482609997
49 26.3481786053704
50 31.73298172957731
51 10.414379251893672
52 49.807136270394594
53 11.23028877875591
54 28.21400801842004
55 41.99439771496189
56 11.77018462958176
57 42.59651793553956
58 115.65957802073801
59 121.19149933059194
60 125.0
61 11.029990367627303
62 9.453923961125174
63 22.574733414258105
64 22.84224262261599
65 24.49265448846084
66 22.715368041556125
67 25.001673720860744
68 25.713466870671557
69 27.091509213370816
70 20.343211932056715
71 18.840966204624504
72 30.533239483908492
73 17.074858522858058
74 32.443761240907705
75 23.667866784953542
76 34.28414733202299
77 35.68337720517657
78 17.382440482609997
79 26.3481786053704
80 31.73298172957731
81 10.414379251893672
82 44.671876481238094
83 11.23028877875591
84 28.21400801842004
85 41.99439771496189
86 11.77018462958176
87 42.59651793553956
88 50.082367382310494
89 63.60638166866083
90 93.82883883696661
91 9.453923961125174
92 7.932918239041875
93 8.983751792210708
94 11.277145229557307
95 22.426592608616694
96 15.027679732055821
97 19.030497908771952
98 8.258049131115756
99 7.821100949606342
100 38.86017830611435
101 9.597218287973954
102 22.988996685420446
103 2.9303377547099583
104 14.533164308235635
105 34.3106548895111
106 19.03785420173586
107 16.369404513260786
108 10.558682920362264
109 6.160991830450092
110 11.740591049176416
111 7.879688102937102
112 16.549264933057305
113 10.782572015078784
114 16.946539986410574
115 97.74359921417218
116 9.210833104077766
117 20.02235396162687
118 43.905728754953515
119 125.0
120 61.28233827977613
121 9.453923961125174
122 7.932918239041875
123 8.983751792210708
124 11.23028877875591
125 11.77018462958176
126 15.027679732055821
127 17.382440482609997
128 8.258049131115756
129 7.821100949606342
130 22.574733414258105
131 9.597218287973954
132 22.84224262261599
133 2.9303377547099583
134 14.533164308235635
135 25.001673720860744
136 19.03785420173586
137 16.369404513260786
138 10.558682920362264
139 6.160991830450092
140 11.740591049176416
141 7.879688102937102
142 16.549264933057305
143 10.782572015078784
144 16.946539986410574
145 41.99439771496189
146 9.210833104077766
147 20.02235396162687
148 43.905728754953515
149 63.60638166866083
150 61.28233827977613
151 2.9303377547099583
152 2.5510230649884016
153 2.9829412040284358
154 3.179280221000522
155 2.1944079711606146
156 7.2784891082266805
157 3.1415250735578875
158 4.5857470460052525
159 2.9817230037968914
160 4.085980117227348
161 17.992296720728486
162 3.7365040349557104
163 13.554306510598607
164 7.874227442517966
165 3.247044053318172
166 6.887237255508767
167 5.8308621854906475
168 43.82430279374395
169 7.953944273963821
170 32.225932067314794
171 33.39523428740806
172 2.294236121212602
173 36.86359539241969
174 25.771475568415237
175 89.0040909134037
176 99.90272900735988
177 100.15179896448024
178 125.0
179 125.0
180 125.0
181 2.9303377547099583
182 2.5510230649884016
183 2.9829412040284358
184 3.179280221000522
185 2.1944079711606146
186 7.2784891082266805
187 3.1415250735578875
188 4.5857470460052525
189 2.9817230037968914
190 4.085980117227348
191 10.558682920362264
192 3.7365040349557104
193 11.23028877875591
194 7.874227442517966
195 3.247044053318172
196 6.887237255508767
197 5.8308621854906475
198 16.369404513260786
199 7.953944273963821
200 16.946539986410574
201 17.382440482609997
202 2.294236121212602
203 20.02235396162687
204 22.574733414258105
205 22.84224262261599
206 25.001673720860744
207 41.99439771496189
208 43.905728754953515
209 61.28233827977613
210 63.60638166866083
211 2.1944079711606146
212 2.0624562149261294
213 2.0981235216988363
214 1.6955249900437805
215 4.579075477463296
216 2.187374828800764
217 2.293716699007681
218 1.9798830476784208
219 2.335554209472808
220 5.163342871470872
221 8.083006042777518
222 2.8432951035865246
223 24.25410965548132
224 2.2576344802292914
225 15.928395151504319
226 2.2151330049994127
227 40.230452368191806
228 1.971046803612919
229 2.135430458183522
230 9.635570404897662
231 69.91824897329043
232 63.889944954851764
233 1.6575353139005302
234 82.52298024853022
235 100.75067339441821
236 80.42353015063578
237 9.06271533805194
238 125.0
239 103.96065319270622
240 124.2179628832335
241 2.1944079711606146
242 2.0624562149261294
243 2.0981235216988363
244 1.6955249900437805
245 2.9817230037968914
246 2.187374828800764
247 2.293716699007681
248 1.9798830476784208
249 2.335554209472808
250 3.7365040349557104
251 4.085980117227348
252 2.8432951035865246
253 5.8308621854906475
254 2.2576344802292914
255 7.2784891082266805
256 2.2151330049994127
257 7.953944273963821
258 1.971046803612919
259 2.135430458183522
260 9.635570404897662
261 16.946539986410574
262 17.382440482609997
263 1.6575353139005302
264 22.574733414258105
265 22.84224262261599
266 25.001673720860744
267 9.06271533805194
268 43.905728754953515
269 61.28233827977613
270 63.60638166866083
271 1.6575353139005302
272 1.4885459978255053
273 1.6584760272300212
274 2.163359848531716
275 1.5780594412032682
276 3.3795634711055156
277 6.272540368789776
278 4.321209145504763
279 8.12483372247005
280 2.4664545626322982
281 4.773676991288789
282 1.4451436562680147
283 1.8333492131435027
284 2.940596302776597
285 1.5914713242562895
286 4.065196554208965
287 34.81492908598587
288 1.8292453531001018
289 54.29083957659321
290 8.72908162109414
291 4.872978474018031
292 7.064288583244205
293 106.93499048598187
294 100.25911782166769
295 125.0
296 97.53084064821024
297 16.815523085403996
298 70.18516890648421
299 125.0
300 125.0
301 1.6575353139005302
302 1.4885459978255053
303 1.6584760272300212
304 1.9798830476784208
305 1.5780594412032682
306 2.0981235216988363
307 2.135430458183522
308 2.187374828800764
309 2.1944079711606146
310 2.2151330049994127
311 2.2576344802292914
312 1.4451436562680147
313 1.8333492131435027
314 2.8432951035865246
315 1.5914713242562895
316 3.7365040349557104
317 4.085980117227348
318 1.8292453531001018
319 7.2784891082266805
320 7.953944273963821
321 4.872978474018031
322 7.064288583244205
323 16.946539986410574
324 17.382440482609997
325 22.574733414258105
326 22.84224262261599
327 16.815523085403996
328 43.905728754953515
329 61.28233827977613
330 63.60638166866083
331 1.4451436562680147
332 2.4316465962098297
333 2.8779311670514076
334 2.5042634682093547
335 1.385193993056124
336 3.8714283603248205
337 0.9470349485846102
338 1.4468270798919578
339 3.6008196460117596
340 1.4463838532068891
341 7.444487069851216
342 13.304107111535892
343 4.400566022534246
344 4.202566935630197
345 16.33076508373029
346 10.217396738751816
347 25.419912153481363
348 1.4396205021215105
349 38.485611680976554
350 1.7763298879580078
351 63.48349848691007
352 20.87754967147317
353 26.3927708537232
354 17.431177315954468
355 23.057121224193565
356 125.0
357 47.82474061381382
358 79.84724893369815
359 84.03257586947973
360 101.45210350001433
361 1.4451436562680147
362 1.4885459978255053
363 1.5780594412032682
364 1.5914713242562895
365 1.385193993056124
366 1.6584760272300212
367 0.9470349485846102
368 1.4468270798919578
369 1.9798830476784208
370 1.4463838532068891
371 2.135430458183522
372 2.187374828800764
373 2.1944079711606146
374 2.2151330049994127
375 2.2576344802292914
376 2.8432951035865246
377 3.7365040349557104
378 1.4396205021215105
379 4.872978474018031
380 1.7763298879580078
381 7.2784891082266805
382 7.953944273963821
383 16.815523085403996
384 16.946539986410574
385 17.382440482609997
386 22.574733414258105
387 22.84224262261599
388 43.905728754953515
389 61.28233827977613
390 63.60638166866083
391 0.9470349485846102
392 0.8686461081749781
393 1.0181290705089965
394 0.94364460984585
395 6.5140118586366205
396 3.1376349113319297
397 1.647641342986081
398 0.9470077284182494
399 0.7022466171883899
400 7.813735241394067
401 18.46749662379586
402 13.39346821135357
403 0.9744778729344316
404 3.1711530427586796
405 47.13325767961103
406 56.2688276764235
407 55.02646237141263
408 15.346709838865639
409 64.85866353263087
410 26.481037149495002
411 49.81352353603843
412 102.7655887651134
413 56.342636222780044
414 125.0
415 65.1033350095837
416 2.8791524532521646
417 109.12862842039526
418 118.86544059293841
419 125.0
420 125.0
421 0.9470349485846102
422 0.8686461081749781
423 1.0181290705089965
424 0.94364460984585
425 1.4463838532068891
426 1.4468270798919578
427 1.4885459978255053
428 0.9470077284182494
429 0.7022466171883899
430 1.6584760272300212
431 1.7763298879580078
432 1.9798830476784208
433 0.9744778729344316
434 2.187374828800764
435 2.1944079711606146
436 2.2151330049994127
437 2.2576344802292914
438 2.8432951035865246
439 3.7365040349557104
440 4.872978474018031
441 7.2784891082266805
442 7.953944273963821
443 16.815523085403996
444 16.946539986410574
445 17.382440482609997
446 2.8791524532521646
447 22.84224262261599
448 43.905728754953515
449 61.28233827977613
450 63.60638166866083
451 0.7022466171883899
452 1.4467862412014287
453 0.7900424110551822
454 0.6941586467508707
455 1.173059984528509
456 0.6767398670824111
457 3.0734108247025356
458 9.530467887936595
459 19.184087156567998
460 1.6245735307053102
461 0.514498776294346
462 69.54129794896053
463 1.2694085944019913
464 6.907049778874355
465 97.36330021920007
466 9.347281049859014
467 102.37455910943739
468 0.9026922106261578
469 111.38590092272554
470 125.0
471 125.0
472 125.0
473 35.15139652383429
474 125.0
475 91.73761077911692
476 125.0
477 125.0
478 125.0
479 125.0
480 125.0
481 0.7022466171883899
482 0.8686461081749781
483 0.7900424110551822
484 0.6941586467508707
485 0.9470349485846102
486 0.6767398670824111
487 1.0181290705089965
488 1.4463838532068891
489 1.4468270798919578
490 1.4885459978255053
491 0.514498776294346
492 1.7763298879580078
493 1.2694085944019913
494 2.187374828800764
495 2.1944079711606146
496 2.2151330049994127
497 2.2576344802292914
498 0.9026922106261578
499 2.8791524532521646
500 3.7365040349557104
501 4.872978474018031
502 7.2784891082266805
503 7.953944273963821
504 16.815523085403996
505 16.946539986410574
506 17.382440482609997
507 22.84224262261599
508 43.905728754953515
509 61.28233827977613
510 63.60638166866083
511 0.514498776294346
512 0.3413537899077687
513 0.8823076239347433
514 0.3613155875262124
515 0.5126345520664422
516 0.7327126871405806
517 0.5996643229808136
518 2.589448805924227
519 1.1340371774819213
520 20.014003550208425
521 1.2202923092517541
522 2.0579310872438588
523 79.69961763209218
524 0.5057334131515776
525 15.92384984844694
526 41.73019644929079
527 7.819921646754406
528 120.7745459908355
529 31.05166958504969
530 125.0
531 125.0
532 125.0
533 125.0
534 21.28287263063868
535 125.0
536 125.0
537 125.0
538 125.0
539 125.0
540 125.0
541 0.514498776294346
542 0.3413537899077687
543 0.6941586467508707
544 0.3613155875262124
545 0.5126345520664422
546 0.7327126871405806
547 0.5996643229808136
548 0.9470349485846102
549 1.0181290705089965
550 1.2694085944019913
551 1.2202923092517541
552 1.4468270798919578
553 1.4885459978255053
554 0.5057334131515776
555 2.187374828800764
556 2.1944079711606146
557 2.2151330049994127
558 2.2576344802292914
559 2.8791524532521646
560 3.7365040349557104
561 4.872978474018031
562 7.2784891082266805
563 7.953944273963821
564 16.815523085403996
565 16.946539986410574
566 17.382440482609997
567 22.84224262261599
568 43.905728754953515
569 61.28233827977613
570 63.60638166866083
571 0.3413537899077687
572 0.2811658664255471
573 0.3459854472595017
574 0.0884898214990762
575 1.081829464811073
576 0.3680304584361112
577 0.3220298249561211
578 0.3336812930922925
579 46.75353632943176
580 71.47986260443359
581 104.66780452865359
582 0.7838857419107816
583 117.52050825645405
584 125.0
585 31.696864055166298
586 125.0
587 125.0
588 125.0
589 125.0
590 111.80777185969154
591 125.0
592 125.0
593 125.0
594 125.0
595 125.0
596 125.0
597 125.0
598 125.0
599 125.0
600 125.0
601 0.3413537899077687
602 0.2811658664255471
603 0.3459854472595017
604 0.0884898214990762
605 0.514498776294346
606 0.3680304584361112
607 0.3220298249561211
608 0.3336812930922925
609 0.9470349485846102
610 1.0181290705089965
611 1.2202923092517541
612 0.7838857419107816
613 1.4468270798919578
614 1.4885459978255053
615 2.187374828800764
616 2.1944079711606146
617 2.2151330049994127
618 2.2576344802292914
619 2.8791524532521646
620 3.7365040349557104
621 4.872978474018031
622 7.2784891082266805
623 7.953944273963821
624 16.815523085403996
625 16.946539986410574
626 17.382440482609997
627 22.84224262261599
628 43.905728754953515
629 61.28233827977613
630 63.60638166866083
631 0.0884898214990762
632 0.07832704470307905
633 0.4546935216670488
634 0.08777457533540439
635 6.355123642761989
636 17.15207592201313
637 44.92219122094722
638 76.0243064498453
639 84.70121510969466
640 100.06027542335215
641 100.00577819520952
642 101.81543679821297
643 77.45090072284566
644 109.6582658069097
645 78.53406242220392
646 103.44912390454249
647 100.0446911629591
648 125.0
649 100.36906339546253
650 101.10178243069788
651 101.07555171722767
652 125.0
653 107.54313881708562
654 125.0
655 125.0
656 125.0
657 114.77982841193841
658 125.0
659 125.0
660 125.0
661 0.0884898214990762
662 0.07832704470307905
663 0.3220298249561211
664 0.08777457533540439
665 0.3413537899077687
666 0.3459854472595017
667 0.3680304584361112
668 0.514498776294346
669 0.7838857419107816
670 0.9470349485846102
671 1.0181290705089965
672 1.2202923092517541
673 1.4468270798919578
674 1.4885459978255053
675 2.187374828800764
676 2.1944079711606146
677 2.2151330049994127
678 2.2576344802292914
679 2.8791524532521646
680 3.7365040349557104
681 4.872978474018031
682 7.2784891082266805
683 7.953944273963821
684 16.815523085403996
685 16.946539986410574
686 17.382440482609997
687 22.84224262261599
688 43.905728754953515
689 61.28233827977613
690 63.60638166866083
691 0.07832704470307905
692 0.19024613664059697
693 0.4833133275746354
694 2.6476580164454457
695 10.74632875049706
696 0.3932424355421014
697 94.24142391769024
698 0.4969094354089666
699 125.0
700 69.28530830682892
701 125.0
702 125.0
703 125.0
704 125.0
705 125.0
706 125.0
707 125.0
708 125.0
709 125.0
710 125.0
711 125.0
712 125.0
713 125.0
714 125.0
715 125.0
716 125.0
717 125.0
718 125.0
719 125.0
720 125.0
721 0.07832704470307905
722 0.08777457533540439
723 0.0884898214990762
724 0.3220298249561211
725 0.3413537899077687
726 0.3459854472595017
727 0.3680304584361112
728 0.4969094354089666
729 0.7838857419107816
730 0.9470349485846102
731 1.0181290705089965
732 1.2202923092517541
733 1.4468270798919578
734 1.4885459978255053
735 2.187374828800764
736 2.1944079711606146
737 2.2151330049994127
738 2.2576344802292914
739 2.8791524532521646
740 3.7365040349557104
741 4.872978474018031
742 7.2784891082266805
743 7.953944273963821
744 16.815523085403996
745 16.946539986410574
746 17.382440482609997
747 22.84224262261599
748 43.905728754953515
749 61.28233827977613
750 63.60638166866083
751 0.07832704470307905
752 0.06915207037450098
753 0.07834901230059352
754 0.08707733626440659
755 18.06012474903736
756 67.91148932715635
757 94.53331679887256
758 14.991839555432758
759 101.50762418449395
760 73.1700963079101
761 82.69038826147005
762 100.41996599100966
763 100.34813154791826
764 125.0
765 125.0
766 114.856419038873
767 125.0
768 125.0
769 125.0
770 125.0
771 125.0
772 125.0
773 125.0
774 125.0
775 125.0
776 125.0
777 125.0
778 125.0
779 125.0
780 125.0
781 0.07832704470307905
782 0.06915207037450098
783 0.07834901230059352
784 0.08707733626440659
785 0.3413537899077687
786 0.3459854472595017
787 0.3680304584361112
788 0.4969094354089666
789 0.7838857419107816
790 0.9470349485846102
791 1.0181290705089965
792 1.2202923092517541
793 1.4468270798919578
794 1.4885459978255053
795 2.187374828800764
796 2.1944079711606146
797 2.2151330049994127
798 2.2576344802292914
799 2.8791524532521646
800 3.7365040349557104
801 4.872978474018031
802 7.2784891082266805
803 7.953944273963821
804 16.815523085403996
805 16.946539986410574
806 17.382440482609997
807 22.84224262261599
808 43.905728754953515
809 61.28233827977613
810 63.60638166866083
811 0.06915207037450098
812 0.0758485660661598
813 0.299295994053754
814 2.563116326555972
815 10.045870224699524
816 0.2588881625993156
817 55.22402297115161
818 81.3427261894924
819 87.2154872727025
820 52.49490213807001
821 115.18136319506758
822 125.0
823 125.0
824 125.0
825 118.9157545516054
826 125.0
827 125.0
828 125.0
829 125.0
830 125.0
831 125.0
832 125.0
833 125.0
834 125.0
835 125.0
836 125.0
837 125.0
838 125.0
839 125.0
840 125.0
841 0.06915207037450098
842 0.0758485660661598
843 0.07834901230059352
844 0.08707733626440659
845 0.3413537899077687
846 0.2588881625993156
847 0.3680304584361112
848 0.4969094354089666
849 0.7838857419107816
850 0.9470349485846102
851 1.0181290705089965
852 1.2202923092517541
853 1.4468270798919578
854 1.4885459978255053
855 2.187374828800764
856 2.1944079711606146
857 2.2151330049994127
858 2.2576344802292914
859 2.8791524532521646
860 3.7365040349557104
861 4.872978474018031
862 7.2784891082266805
863 7.953944273963821
864 16.815523085403996
865 16.946539986410574
866 17.382440482609997
867 22.84224262261599
868 43.905728754953515
869 61.28233827977613
870 63.60638166866083
871 0.06915207037450098
872 0.3594152038870958
873 0.8557472140689066
874 4.102577362244844
875 35.58784913462321
876 99.35190604836771
877 67.53657282438154
878 125.0
879 74.74246921323318
880 125.0
881 107.04468597406466
882 125.0
883 125.0
884 125.0
885 125.0
886 125.0
887 125.0
888 125.0
889 125.0
890 125.0
891 125.0
892 125.0
893 125.0
894 125.0
895 125.0
896 125.0
897 125.0
898 125.0
899 125.0
900 125.0
901 0.06915207037450098
902 0.0758485660661598
903 0.07834901230059352
904 0.08707733626440659
905 0.2588881625993156
906 0.3413537899077687
907 0.3680304584361112
908 0.4969094354089666
909 0.7838857419107816
910 0.9470349485846102
911 1.0181290705089965
912 1.2202923092517541
913 1.4468270798919578
914 1.4885459978255053
915 2.187374828800764
916 2.1944079711606146
917 2.2151330049994127
918 2.2576344802292914
919 2.8791524532521646
920 3.7365040349557104
921 4.872978474018031
922 7.2784891082266805
923 7.953944273963821
924 16.815523085403996
925 16.946539986410574
926 17.382440482609997
927 22.84224262261599
928 43.905728754953515
929 61.28233827977613
930 63.60638166866083
931 0.06915207037450098
932 0.920299072654818
933 4.133940982437397
934 0.4006615632254308
935 115.30384234985269
936 100.30294289443714
937 61.025000268766306
938 40.930181857662504
939 125.0
940 125.0
941 125.0
942 125.0
943 125.0
944 125.0
945 125.0
946 125.0
947 125.0
948 125.0
949 125.0
950 125.0
951 125.0
952 125.0
953 125.0
954 125.0
955 125.0
956 125.0
957 125.0
958 125.0
959 125.0
960 125.0
961 0.06915207037450098
962 0.0758485660661598
963 0.07834901230059352
964 0.08707733626440659
965 0.2588881625993156
966 0.3413537899077687
967 0.3680304584361112
968 0.4969094354089666
969 0.7838857419107816
970 0.9470349485846102
971 1.0181290705089965
972 1.2202923092517541
973 1.4468270798919578
974 1.4885459978255053
975 2.187374828800764
976 2.1944079711606146
977 2.2151330049994127
978 2.2576344802292914
979 2.8791524532521646
980 3.7365040349557104
981 4.872978474018031
982 7.2784891082266805
983 7.953944273963821
984 16.815523085403996
985 16.946539986410574
986 17.382440482609997
987 22.84224262261599
988 43.905728754953515
989 61.28233827977613
990 63.60638166866083
evaluations raw_y
1 24.345232265225174
2 58.951095052500726
3 32.46637449747993
4 30.445854045519365
5 20.576536273732536
6 39.75754517255324
7 55.01530982561129
8 28.74941599176371
9 10.627035046848533
10 23.199508063652143
11 34.61766988762919
12 19.425814388897862
13 10.48618261750683
14 55.5580496838445
15 11.965635491544413
16 73.85893483250018
17 47.435151999254586
18 39.982835150576534
19 25.579190052485924
20 30.30706188119111
21 57.060020508135516
22 43.59329395059883
23 36.563962376448494
24 51.2478670524293
25 21.21417762311138
26 61.32710401399934
27 60.71601714289744
28 46.314750687472056
29 38.71843068873533
30 37.296464235251385
31 10.48618261750683
32 11.672778594679142
33 12.33831916461615
34 16.630176748458545
35 15.50614357272959
36 24.43811525281135
37 62.77173505406981
38 45.13246776621733
39 52.32651153782165
40 52.23145677582547
41 6.7936593295880074
42 35.92101434845176
43 9.95107938434597
44 14.495781586837023
45 42.32222772098022
46 1.2051178308136659
47 3.0670105368912166
48 15.293219187063182
49 29.572768123929382
50 14.384259113392575
51 12.982786119846306
52 46.50486429698816
53 69.14633064257025
54 100.69894176407463
55 100.0005786953096
56 116.93118026167465
57 123.09510179468613
58 108.176816265991
59 104.43247091476746
60 125.0
61 10.48618261750683
62 10.627035046848533
63 11.965635491544413
64 16.630176748458545
65 15.50614357272959
66 21.21417762311138
67 23.199508063652143
68 24.345232265225174
69 25.579190052485924
70 28.74941599176371
71 6.7936593295880074
72 30.445854045519365
73 9.95107938434597
74 14.495781586837023
75 36.563962376448494
76 1.2051178308136659
77 3.0670105368912166
78 15.293219187063182
79 29.572768123929382
80 14.384259113392575
81 12.982786119846306
82 46.50486429698816
83 51.2478670524293
84 55.01530982561129
85 55.5580496838445
86 57.060020508135516
87 58.951095052500726
88 60.71601714289744
89 61.32710401399934
90 73.85893483250018
91 1.2051178308136659
92 3.8315278153048435
93 6.025142130044093
94 1.1419088918102378
95 1.062399031009374
96 6.938790538647708
97 1.1070872602433721
98 8.62408366111484
99 3.7005232905141785
100 8.879693365906636
101 24.38051824672049
102 28.01378153313301
103 14.123128102942959
104 4.188136992771652
105 3.0213686962675954
106 10.759523745058209
107 3.8408995839147226
108 5.790527202154558
109 27.522874937087973
110 54.19973576423041
111 26.3428292736609
112 79.25784087085094
113 112.72455557388828
114 107.22520569187219
115 116.91207943125487
116 18.073264379962964
117 106.64847511431489
118 95.6053887566355
119 105.41507042941758
120 125.0
121 1.2051178308136659
122 3.0670105368912166
123 6.025142130044093
124 1.1419088918102378
125 1.062399031009374
126 6.938790538647708
127 1.1070872602433721
128 8.62408366111484
129 3.7005232905141785
130 8.879693365906636
131 15.293219187063182
132 15.50614357272959
133 14.123128102942959
134 4.188136992771652
135 3.0213686962675954
136 10.759523745058209
137 3.8408995839147226
138 5.790527202154558
139 27.522874937087973
140 30.445854045519365
141 26.3428292736609
142 46.50486429698816
143 51.2478670524293
144 55.01530982561129
145 55.5580496838445
146 18.073264379962964
147 58.951095052500726
148 60.71601714289744
149 61.32710401399934
150 73.85893483250018
151 1.062399031009374
152 1.3822300343784666
153 0.63432027059351
154 1.649632959500515
155 4.97797472578978
156 1.3882859062732056
157 3.2085877501033884
158 0.9696088265593908
159 10.783206522157633
160 2.683365256879808
161 11.344284403075346
162 10.262945838040164
163 1.6824527599474226
164 0.899405631090378
165 1.9398806641776498
166 1.0492152677332593
167 36.9393543577762
168 28.985207493204516
169 1.3102291727634647
170 98.18209798128865
171 29.123112823364057
172 16.757807366651793
173 18.28961299249183
174 101.35212939218242
175 102.67562690598936
176 102.83068351000396
177 78.21111126284448
178 76.72989718269338
179 125.0
180 84.91301419897397
181 1.062399031009374
182 1.1070872602433721
183 0.63432027059351
184 1.2051178308136659
185 3.0213686962675954
186 1.3882859062732056
187 3.2085877501033884
188 0.9696088265593908
189 4.188136992771652
190 2.683365256879808
191 6.025142130044093
192 6.938790538647708
193 1.6824527599474226
194 0.899405631090378
195 1.9398806641776498
196 1.0492152677332593
197 15.293219187063182
198 15.50614357272959
199 1.3102291727634647
200 26.3428292736609
201 27.522874937087973
202 16.757807366651793
203 18.28961299249183
204 51.2478670524293
205 55.01530982561129
206 55.5580496838445
207 58.951095052500726
208 60.71601714289744
209 61.32710401399934
210 73.85893483250018
211 0.63432027059351
212 2.659394763643426
213 0.6668070133584129
214 0.5512775705622921
215 5.725944122034809
216 0.4416547574786054
217 1.1187949247370907
218 1.8152502603857228
219 0.4647092194291737
220 8.539304348875286
221 9.037026801117374
222 2.3718420559490996
223 11.340023052029276
224 23.547001673570417
225 2.184402174783213
226 27.553730714325013
227 33.327964468536855
228 43.16222944866581
229 98.48580720361451
230 54.015785119958394
231 12.51715173771166
232 86.65214905085912
233 111.34334329520144
234 42.933617554965494
235 100.066153085549
236 56.036457442598405
237 45.067104016280204
238 100.12623180480499
239 64.75255250694602
240 125.0
241 0.63432027059351
242 0.899405631090378
243 0.6668070133584129
244 0.5512775705622921
245 1.062399031009374
246 0.4416547574786054
247 1.1187949247370907
248 1.3102291727634647
249 0.4647092194291737
250 1.6824527599474226
251 1.9398806641776498
252 2.3718420559490996
253 3.0213686962675954
254 3.2085877501033884
255 2.184402174783213
256 6.025142130044093
257 6.938790538647708
258 15.293219187063182
259 15.50614357272959
260 16.757807366651793
261 12.51715173771166
262 26.3428292736609
263 27.522874937087973
264 42.933617554965494
265 55.01530982561129
266 55.5580496838445
267 45.067104016280204
268 60.71601714289744
269 61.32710401399934
270 73.85893483250018
271 0.4416547574786054
272 1.5633804790863866
273 0.9806545606723684
274 0.8042485970874044
275 0.47128786996340083
276 0.6243991077979963
277 5.295308362088198
278 1.2973936582183447
279 0.3328850802110571
280 2.77278122341856
281 0.4514330157749856
282 2.645797977343116
283 0.47477745538880156
284 20.67767166500732
285 2.634617816593084
286 1.9818674960893918
287 2.067651533439574
288 1.065212614572599
289 11.152146851166322
290 40.59045919947279
291 81.50084682342296
292 6.673149967032877
293 64.87383058014638
294 89.43461846818322
295 119.53397888816049
296 123.35078717158048
297 125.0
298 117.80917626602236
299 100.52053223295455
300 25.513955299551142
301 0.4416547574786054
302 0.4647092194291737
303 0.5512775705622921
304 0.63432027059351
305 0.47128786996340083
306 0.6243991077979963
307 1.062399031009374
308 1.1187949247370907
309 0.3328850802110571
310 1.6824527599474226
311 0.4514330157749856
312 2.184402174783213
313 0.47477745538880156
314 3.0213686962675954
315 2.634617816593084
316 1.9818674960893918
317 2.067651533439574
318 1.065212614572599
319 11.152146851166322
320 15.50614357272959
321 16.757807366651793
322 6.673149967032877
323 27.522874937087973
324 42.933617554965494
325 45.067104016280204
326 55.01530982561129
327 55.5580496838445
328 60.71601714289744
329 61.32710401399934
330 25.513955299551142
331 0.3328850802110571
332 0.3156861929282718
333 0.3172755021918041
334 1.7449389778404634
335 2.754570215068054
336 3.3847313612064682
337 0.3017341402441296
338 3.5137552342141296
339 0.32175376852181103
340 11.384293365919586
341 2.6759703563246404
342 11.074354563815497
343 0.4770003029451186
344 0.12334649726208449
345 5.58026323686667
346 1.0546729328020283
347 3.995691929213973
348 2.389085592734169
349 18.503793317764217
350 89.75771080317145
351 125.0
352 39.87383295139703
353 56.1887933924327
354 116.63366453628905
355 55.59252052676937
356 106.9950250063178
357 125.0
358 14.570043175969833
359 78.38949478009157
360 53.11326834420491
361 0.3328850802110571
362 0.3156861929282718
363 0.3172755021918041
364 0.4647092194291737
365 0.47128786996340083
366 0.47477745538880156
367 0.3017341402441296
368 0.6243991077979963
369 0.32175376852181103
370 1.062399031009374
371 1.065212614572599
372 1.1187949247370907
373 0.4770003029451186
374 0.12334649726208449
375 2.067651533439574
376 1.0546729328020283
377 2.634617816593084
378 2.389085592734169
379 6.673149967032877
380 11.152146851166322
381 15.50614357272959
382 16.757807366651793
383 25.513955299551142
384 27.522874937087973
385 42.933617554965494
386 45.067104016280204
387 55.01530982561129
388 14.570043175969833
389 60.71601714289744
390 53.11326834420491
391 0.12334649726208449
392 0.1187890919200873
393 0.14912769860620675
394 0.13652564704432735
395 0.13384484653090414
396 1.9212982095429343
397 0.10062626010597327
398 0.19368822321019422
399 0.35618155340129654
400 8.197592403409644
401 0.4180964723059908
402 0.7650127544147837
403 8.217000459790357
404 0.17590119660099854
405 0.24272914302787912
406 44.716252902278974
407 53.01793464527184
408 0.8835649116831056
409 82.41123027705011
410 100.12688031380083
411 56.68090177240539
412 125.0
413 11.456974940661997
414 111.8566844282794
415 101.64926547426793
416 125.0
417 125.0
418 90.88464627317019
419 125.0
420 125.0
421 0.12334649726208449
422 0.1187890919200873
423 0.14912769860620675
424 0.13652564704432735
425 0.13384484653090414
426 0.3328850802110571
427 0.10062626010597327
428 0.19368822321019422
429 0.35618155340129654
430 0.4770003029451186
431 0.4180964723059908
432 0.7650127544147837
433 1.062399031009374
434 0.17590119660099854
435 0.24272914302787912
436 2.067651533439574
437 2.389085592734169
438 0.8835649116831056
439 6.673149967032877
440 11.152146851166322
441 14.570043175969833
442 15.50614357272959
443 11.456974940661997
444 25.513955299551142
445 27.522874937087973
446 42.933617554965494
447 45.067104016280204
448 53.11326834420491
449 55.01530982561129
450 60.71601714289744
451 0.10062626010597327
452 0.242323250257735
453 0.5136152376953864
454 0.06881465849739596
455 0.08428078079920422
456 2.4119194840837777
457 4.798176845319064
458 1.4500131396751113
459 0.07553700700453794
460 7.945652527322388
461 0.02166003171021829
462 37.28910329509675
463 0.09309751586159243
464 2.316332512769229
465 78.05729659082493
466 1.0150747428276647
467 125.0
468 125.0
469 125.0
470 15.471220251555158
471 125.0
472 125.0
473 125.0
474 125.0
475 125.0
476 125.0
477 125.0
478 125.0
479 125.0
480 125.0
481 0.10062626010597327
482 0.1187890919200873
483 0.12334649726208449
484 0.06881465849739596
485 0.08428078079920422
486 0.14912769860620675
487 0.17590119660099854
488 0.19368822321019422
489 0.07553700700453794
490 0.3328850802110571
491 0.02166003171021829
492 0.4180964723059908
493 0.09309751586159243
494 0.7650127544147837
495 0.8835649116831056
496 1.0150747428276647
497 2.067651533439574
498 2.389085592734169
499 6.673149967032877
500 11.152146851166322
501 11.456974940661997
502 14.570043175969833
503 15.50614357272959
504 25.513955299551142
505 27.522874937087973
506 42.933617554965494
507 45.067104016280204
508 53.11326834420491
509 55.01530982561129
510 60.71601714289744
511 0.02166003171021829
512 0.021623602304588884
513 0.015595796217726008
514 1.550317332073813
515 0.02206705956003001
516 0.01776704017722333
517 0.021082699120961466
518 0.05577858603170676
519 24.351788938314378
520 26.439557464733284
521 0.43900925674017505
522 0.2057112278138786
523 101.19427561245612
524 107.10381034453431
525 23.6716105757888
526 43.924254073408214
527 61.6496990475164
528 70.32812694980414
529 104.32754265101947
530 75.16105644292674
531 125.0
532 78.7034734575863
533 105.97160865174253
534 125.0
535 125.0
536 125.0
537 125.0
538 125.0
539 125.0
540 125.0
541 0.02166003171021829
542 0.021623602304588884
543 0.015595796217726008
544 0.08428078079920422
545 0.02206705956003001
546 0.01776704017722333
547 0.021082699120961466
548 0.05577858603170676
549 0.14912769860620675
550 0.17590119660099854
551 0.19368822321019422
552 0.2057112278138786
553 0.4180964723059908
554 0.7650127544147837
555 0.8835649116831056
556 1.0150747428276647
557 2.067651533439574
558 2.389085592734169
559 6.673149967032877
560 11.152146851166322
561 11.456974940661997
562 14.570043175969833
563 15.50614357272959
564 25.513955299551142
565 27.522874937087973
566 42.933617554965494
567 45.067104016280204
568 53.11326834420491
569 55.01530982561129
570 60.71601714289744
571 0.015595796217726008
572 0.10039994315478225
573 0.02943036673134128
574 0.007120702067262737
575 0.016729448667336052
576 2.2055733445480525
577 5.874207138434077
578 0.1194311118314847
579 0.5567173833933499
580 1.7414465762878004
581 100.13120775008741
582 10.113201238123537
583 100.02386541655036
584 23.740291545016326
585 11.329740599076713
586 100.05401086186563
587 100.89075086006069
588 100.20445843713257
589 125.0
590 125.0
591 102.83310873527385
592 100.94561854094664
593 125.0
594 125.0
595 125.0
596 125.0
597 125.0
598 125.0
599 125.0
600 125.0
601 0.015595796217726008
602 0.01776704017722333
603 0.021082699120961466
604 0.007120702067262737
605 0.016729448667336052
606 0.02206705956003001
607 0.05577858603170676
608 0.08428078079920422
609 0.14912769860620675
610 0.17590119660099854
611 0.19368822321019422
612 0.2057112278138786
613 0.4180964723059908
614 0.7650127544147837
615 0.8835649116831056
616 1.0150747428276647
617 2.067651533439574
618 2.389085592734169
619 6.673149967032877
620 11.152146851166322
621 11.456974940661997
622 14.570043175969833
623 15.50614357272959
624 25.513955299551142
625 27.522874937087973
626 42.933617554965494
627 45.067104016280204
628 53.11326834420491
629 55.01530982561129
630 60.71601714289744
631 0.007120702067262737
632 0.14557397158496604
633 0.005534997140033183
634 0.009054790332466709
635 0.010671149484998348
636 0.03492709996668872
637 0.3935945758311067
638 11.759358867157253
639 30.80345398253077
640 0.9505891855897151
641 61.69134428036483
642 77.99739148738023
643 1.1108399419476207
644 13.705947735250653
645 111.83607459733167
646 125.0
647 36.77952694762596
648 125.0
649 81.9296617877803
650 84.57326050280071
651 125.0
652 125.0
653 125.0
654 125.0
655 125.0
656 125.0
657 125.0
658 125.0
659 125.0
660 125.0
661 0.007120702067262737
662 0.015595796217726008
663 0.005534997140033183
664 0.009054790332466709
665 0.010671149484998348
666 0.02206705956003001
667 0.05577858603170676
668 0.08428078079920422
669 0.14912769860620675
670 0.17590119660099854
671 0.19368822321019422
672 0.2057112278138786
673 0.4180964723059908
674 0.7650127544147837
675 0.8835649116831056
676 1.0150747428276647
677 2.067651533439574
678 2.389085592734169
679 6.673149967032877
680 11.152146851166322
681 11.456974940661997
682 14.570043175969833
683 15.50614357272959
684 25.513955299551142
685 27.522874937087973
686 42.933617554965494
687 45.067104016280204
688 53.11326834420491
689 55.01530982561129
690 60.71601714289744
691 0.005534997140033183
692 0.004393643308086721
693 0.14487808584873246
694 0.22823222371855256
695 0.0020911522566872697
696 0.015412831985699812
697 0.038610406636936115
698 42.95125828881321
699 0.20916824761817765
700 4.876904049702569
701 2.8584255619691943
702 125.0
703 104.77411581094239
704 125.0
705 125.0
706 125.0
707 125.0
708 125.0
709 125.0
710 125.0
711 125.0
712 125.0
713 125.0
714 125.0
715 125.0
716 125.0
717 125.0
718 125.0
719 125.0
720 125.0
721 0.005534997140033183
722 0.004393643308086721
723 0.009054790332466709
724 0.010671149484998348
725 0.0020911522566872697
726 0.015412831985699812
727 0.038610406636936115
728 0.08428078079920422
729 0.14912769860620675
730 0.17590119660099854
731 0.19368822321019422
732 0.2057112278138786
733 0.4180964723059908
734 0.7650127544147837
735 0.8835649116831056
736 1.0150747428276647
737 2.067651533439574
738 2.389085592734169
739 6.673149967032877
740 11.152146851166322
741 11.456974940661997
742 14.570043175969833
743 15.50614357272959
744 25.513955299551142
745 27.522874937087973
746 42.933617554965494
747 45.067104016280204
748 53.11326834420491
749 55.01530982561129
750 60.71601714289744
751 0.0020911522566872697
752 0.15297017751196318
753 0.0029571743768342317
754 0.002232781556953708
755 0.8048207163301587
756 0.1562969737103147
757 0.14431150346054833
758 113.36165657844839
759 125.0
760 55.739189752083526
761 125.0
762 125.0
763 125.0
764 125.0
765 125.0
766 125.0
767 125.0
768 125.0
769 125.0
770 125.0
771 125.0
772 125.0
773 125.0
774 125.0
775 125.0
776 125.0
777 125.0
778 125.0
779 125.0
780 125.0
781 0.0020911522566872697
782 0.004393643308086721
783 0.0029571743768342317
784 0.002232781556953708
785 0.010671149484998348
786 0.015412831985699812
787 0.038610406636936115
788 0.08428078079920422
789 0.14912769860620675
790 0.17590119660099854
791 0.19368822321019422
792 0.2057112278138786
793 0.4180964723059908
794 0.7650127544147837
795 0.8835649116831056
796 1.0150747428276647
797 2.067651533439574
798 2.389085592734169
799 6.673149967032877
800 11.152146851166322
801 11.456974940661997
802 14.570043175969833
803 15.50614357272959
804 25.513955299551142
805 27.522874937087973
806 42.933617554965494
807 45.067104016280204
808 53.11326834420491
809 55.01530982561129
810 60.71601714289744
811 0.0020911522566872697
812 0.18958133150559364
813 0.4491207494852062
814 1.9949901707307713
815 0.015204136182649736
816 54.50640304122548
817 0.0039511178238288945
818 101.63251260468553
819 119.06124935546453
820 125.0
821 80.54400279430484
822 125.0
823 125.0
824 125.0
825 125.0
826 125.0
827 125.0
828 125.0
829 125.0
830 125.0
831 125.0
832 125.0
833 125.0
834 125.0
835 125.0
836 125.0
837 125.0
838 125.0
839 125.0
840 125.0
841 0.0020911522566872697
842 0.002232781556953708
843 0.0029571743768342317
844 0.004393643308086721
845 0.010671149484998348
846 0.015412831985699812
847 0.0039511178238288945
848 0.08428078079920422
849 0.14912769860620675
850 0.17590119660099854
851 0.19368822321019422
852 0.2057112278138786
853 0.4180964723059908
854 0.7650127544147837
855 0.8835649116831056
856 1.0150747428276647
857 2.067651533439574
858 2.389085592734169
859 6.673149967032877
860 11.152146851166322
861 11.456974940661997
862 14.570043175969833
863 15.50614357272959
864 25.513955299551142
865 27.522874937087973
866 42.933617554965494
867 45.067104016280204
868 53.11326834420491
869 55.01530982561129
870 60.71601714289744
871 0.0020911522566872697
872 0.018240006946347684
873 0.0019590020444815877
874 2.4067564026477437
875 26.712894547395834
876 2.7415963279357687
877 1.2353950933379814
878 106.65430380764697
879 125.0
880 125.0
881 48.032060720003706
882 112.1790025883981
883 125.0
884 125.0
885 125.0
886 125.0
887 125.0
888 125.0
889 125.0
890 125.0
891 125.0
892 125.0
893 125.0
894 125.0
895 125.0
896 125.0
897 125.0
898 125.0
899 125.0
900 125.0
901 0.0020911522566872697
902 0.002232781556953708
903 0.0019590020444815877
904 0.0039511178238288945
905 0.004393643308086721
906 0.010671149484998348
907 0.015412831985699812
908 0.08428078079920422
909 0.14912769860620675
910 0.17590119660099854
911 0.19368822321019422
912 0.2057112278138786
913 0.4180964723059908
914 0.7650127544147837
915 0.8835649116831056
916 1.0150747428276647
917 2.067651533439574
918 2.389085592734169
919 6.673149967032877
920 11.152146851166322
921 11.456974940661997
922 14.570043175969833
923 15.50614357272959
924 25.513955299551142
925 27.522874937087973
926 42.933617554965494
927 45.067104016280204
928 53.11326834420491
929 55.01530982561129
930 60.71601714289744
931 0.0019590020444815877
932 0.0019234183542056185
933 0.8191957015529249
934 0.006613204271692727
935 90.78912526715482
936 125.0
937 91.55433775682954
938 125.0
939 125.0
940 125.0
941 125.0
942 125.0
943 125.0
944 125.0
945 125.0
946 125.0
947 125.0
948 125.0
949 125.0
950 125.0
951 125.0
952 125.0
953 125.0
954 125.0
955 125.0
956 125.0
957 125.0
958 125.0
959 125.0
960 125.0
961 0.0019590020444815877
962 0.0019234183542056185
963 0.002232781556953708
964 0.0039511178238288945
965 0.004393643308086721
966 0.010671149484998348
967 0.015412831985699812
968 0.08428078079920422
969 0.14912769860620675
970 0.17590119660099854
971 0.19368822321019422
972 0.2057112278138786
973 0.4180964723059908
974 0.7650127544147837
975 0.8835649116831056
976 1.0150747428276647
977 2.067651533439574
978 2.389085592734169
979 6.673149967032877
980 11.152146851166322
981 11.456974940661997
982 14.570043175969833
983 15.50614357272959
984 25.513955299551142
985 27.522874937087973
986 42.933617554965494
987 45.067104016280204
988 53.11326834420491
989 55.01530982561129
990 60.71601714289744
evaluations raw_y
1 52.66036777303596
2 61.67728471365169
3 64.26407019544207
4 67.99459740852441
5 52.532369727399434
6 36.23302532900585
7 46.471066848044714
8 5.473233321252915
9 21.33397673426266
10 11.374818698435128
11 28.817813302132013
12 39.909508351641726
13 32.73219531337445
14 38.39870969392098
15 40.940495796148845
16 24.29962374007542
17 39.50517500797704
18 39.97134754949486
19 32.30895629376878
20 12.672494399820572
21 46.213287479015406
22 38.238670860668336
23 43.96799848938943
24 59.41135011028212
25 58.50592766404035
26 69.34278706319161
27 28.487267234488442
28 52.040753071883046
29 34.05960846189371
30 41.97192126331245
31 5.473233321252915
32 43.87632811486062
33 15.883898822452796
34 11.677218728748375
35 28.00055443487545
36 4.931592503363226
37 8.233225197961376
38 4.1457329184894505
39 40.694617056763605
40 43.301130907245465
41 4.631051420169649
42 4.425778234351457
43 12.398816997687026
44 19.564429104118783
45 22.436860980280127
46 6.236351105712649
47 5.556649449745992
48 23.047439601607074
49 2.845666248764619
50 33.5810205601557
51 14.8019022760381
52 103.94327465600276
53 76.86048120355844
54 50.87586056120542
55 11.929885530948955
56 111.02214399693948
57 124.18200987998387
58 125.0
59 125.0
60 86.56430512825054
61 5.473233321252915
62 11.374818698435128
63 12.672494399820572
64 11.677218728748375
65 24.29962374007542
66 4.931592503363226
67 8.233225197961376
68 4.1457329184894505
69 32.73219531337445
70 34.05960846189371
71 4.631051420169649
72 4.425778234351457
73 12.398816997687026
74 19.564429104118783
75 22.436860980280127
76 6.236351105712649
77 5.556649449745992
78 23.047439601607074
79 2.845666248764619
80 33.5810205601557
81 14.8019022760381
82 52.040753071883046
83 52.532369727399434
84 50.87586056120542
85 11.929885530948955
86 59.41135011028212
87 61.67728471365169
88 64.26407019544207
89 67.99459740852441
90 69.34278706319161
91 2.845666248764619
92 3.5780882384569277
93 4.6809730658984305
94 12.493747716598357
95 4.017958543687347
96 3.8044409228331433
97 10.016298598911673
98 40.24142870323156
99 2.9500872237759177
100 13.62952640016412
101 9.804864026383656
102 28.97686854510599
103 2.858203836278476
104 24.270710349773715
105 7.549237997293262
106 3.269754820203951
107 18.86571914681583
108 7.346007286531599
109 4.17438274821012
110 52.57011261763079
111 48.70053252586256
112 60.84454834149376
113 97.29094808541801
114 104.1610127731949
115 26.724370725135987
116 103.60225194635707
117 125.0
118 125.0
119 125.0
120 101.76212045150376
121 2.845666248764619
122 3.5780882384569277
123 4.425778234351457
124 4.631051420169649
125 4.017958543687347
126 3.8044409228331433
127 5.556649449745992
128 6.236351105712649
129 2.9500872237759177
130 11.374818698435128
131 9.804864026383656
132 11.929885530948955
133 2.858203836278476
134 12.672494399820572
135 7.549237997293262
136 3.269754820203951
137 18.86571914681583
138 7.346007286531599
139 4.17438274821012
140 32.73219531337445
141 33.5810205601557
142 34.05960846189371
143 50.87586056120542
144 52.040753071883046
145 26.724370725135987
146 59.41135011028212
147 61.67728471365169
148 64.26407019544207
149 67.99459740852441
150 69.34278706319161
151 2.845666248764619
152 7.340553513888806
153 4.04468647839571
154 3.212583198820852
155 6.139667298246685
156 2.8928420853570023
157 4.615021461339128
158 2.6698036472286097
159 6.565903286062102
160 4.630006484214677
161 4.495455461589364
162 2.8365537111094405
163 3.7340117364851984
164 20.349722099432196
165 2.8149602306675594
166 9.255107781576175
167 9.34605886309941
168 22.559068164621085
169 6.275222933932963
170 55.27029325009261
171 4.515673822326706
172 52.32040390542642
173 9.250699355821588
174 26.747835640140245
175 101.79244111447093
176 125.0
177 111.30096077907602
178 100.37202219171462
179 125.0
180 125.0
181 2.845666248764619
182 2.858203836278476
183 2.9500872237759177
184 3.212583198820852
185 3.5780882384569277
186 2.8928420853570023
187 4.017958543687347
188 2.6698036472286097
189 4.425778234351457
190 4.630006484214677
191 4.495455461589364
192 2.8365537111094405
193 3.7340117364851984
194 7.549237997293262
195 2.8149602306675594
196 9.255107781576175
197 9.34605886309941
198 12.672494399820572
199 6.275222933932963
200 26.724370725135987
201 4.515673822326706
202 33.5810205601557
203 9.250699355821588
204 26.747835640140245
205 52.040753071883046
206 59.41135011028212
207 61.67728471365169
208 64.26407019544207
209 67.99459740852441
210 69.34278706319161
211 2.6698036472286097
212 0.8712686159614091
213 3.808258188975852
214 2.804884767777881
215 5.112332622353856
216 5.180876892711755
217 3.727161384244613
218 6.306043097882292
219 2.529809867185389
220 3.9649147198935464
221 2.6877607409226862
222 2.713792194821041
223 1.2546229395464503
224 2.70307809007621
225 7.7849698696720475
226 9.190203640250079
227 9.724523870125406
228 3.523470700980958
229 5.219301725241487
230 2.6763081312287724
231 1.9086286648289217
232 118.62331120486438
233 118.35204613773506
234 34.78578860332666
235 103.39878129058138
236 125.0
237 112.84805635939365
238 125.0
239 64.63427506842494
240 67.72563269245587
241 2.6698036472286097
242 0.8712686159614091
243 2.8365537111094405
244 2.804884767777881
245 2.858203836278476
246 2.8928420853570023
247 2.9500872237759177
248 3.212583198820852
249 2.529809867185389
250 3.7340117364851984
251 2.6877607409226862
252 2.713792194821041
253 1.2546229395464503
254 2.70307809007621
255 4.630006484214677
256 6.275222933932963
257 7.549237997293262
258 3.523470700980958
259 5.219301725241487
260 2.6763081312287724
261 1.9086286648289217
262 26.724370725135987
263 26.747835640140245
264 33.5810205601557
265 52.040753071883046
266 59.41135011028212
267 61.67728471365169
268 64.26407019544207
269 64.63427506842494
270 67.72563269245587
271 0.8712686159614091
272 0.8349810456880674
273 0.8461586688479757
274 0.7792936920428285
275 0.8907870477175528
276 0.46514601709559333
277 3.564038381494212
278 0.829720875773548
279 0.5267874862302687
280 0.8327678896718813
281 2.634985017612941
282 9.83609092423858
283 0.7350336131777906
284 8.450148939734499
285 6.64972892497748
286 37.439976784133776
287 0.7115548297962057
288 1.3435119949804404
289 37.76276449131845
290 11.383626969031987
291 1.0307471485763522
292 1.4239631731133828
293 125.0
294 96.06989210716469
295 125.0
296 115.12475589107166
297 109.04896232632434
298 100.82673841949529
299 125.0
300 93.92170832380432
301 0.8712686159614091
302 0.8349810456880674
303 0.8461586688479757
304 0.7792936920428285
305 0.8907870477175528
306 0.46514601709559333
307 2.6877607409226862
308 0.829720875773548
309 0.5267874862302687
310 0.8327678896718813
311 2.634985017612941
312 2.858203836278476
313 0.7350336131777906
314 2.9500872237759177
315 3.212583198820852
316 3.523470700980958
317 0.7115548297962057
318 1.3435119949804404
319 5.219301725241487
320 6.275222933932963
321 1.0307471485763522
322 1.4239631731133828
323 26.747835640140245
324 33.5810205601557
325 52.040753071883046
326 59.41135011028212
327 61.67728471365169
328 64.26407019544207
329 64.63427506842494
330 67.72563269245587
331 0.46514601709559333
332 0.6544290264601795
333 0.43442353719718185
334 0.47230143362873606
335 0.30461601513739794
336 0.45104917189597854
337 1.2119050989801041
338 0.43517796788589286
339 0.5457577542182025
340 0.5015537660287979
341 1.4469476530731098
342 4.774037480687423
343 1.0533374854486246
344 3.7310158584721953
345 10.2408156476827
346 18.776668022256676
347 12.333848491429915
348 19.881407577927092
349 0.5993516885774494
350 0.8213797896480602
351 77.40319915795446
352 6.243756041224756
353 0.4560614808415731
354 92.10104318128234
355 106.31674451880367
356 81.51629062909697
357 125.0
358 125.0
359 106.27750739628344
360 1.251146513967233
361 0.46514601709559333
362 0.5267874862302687
363 0.43442353719718185
364 0.47230143362873606
365 0.30461601513739794
366 0.45104917189597854
367 0.8327678896718813
368 0.43517796788589286
369 0.5457577542182025
370 0.5015537660287979
371 0.8907870477175528
372 1.0307471485763522
373 1.0533374854486246
374 1.4239631731133828
375 2.634985017612941
376 2.6877607409226862
377 2.858203836278476
378 2.9500872237759177
379 0.5993516885774494
380 0.8213797896480602
381 5.219301725241487
382 6.243756041224756
383 0.4560614808415731
384 33.5810205601557
385 52.040753071883046
386 59.41135011028212
387 61.67728471365169
388 64.26407019544207
389 64.63427506842494
390 1.251146513967233
391 0.30461601513739794
392 0.3353770080505501
393 0.3174015480540894
394 0.37258807537896615
395 0.3006622033396398
396 0.3182001824995053
397 0.2971961260224479
398 0.28119449290893395
399 0.4347315223195374
400 0.26298472191117234
401 0.5247818774215297
402 23.5221673682203
403 46.38988756760767
404 69.3383608298428
405 89.95456125553265
406 81.47985428765719
407 0.3877892176218107
408 124.04404041314066
409 103.30857765175084
410 27.375700213917714
411 81.48345388797777
412 125.0
413 125.0
414 125.0
415 125.0
416 83.97208655933814
417 125.0
418 125.0
419 125.0
420 125.0
421 0.30461601513739794
422 0.3353770080505501
423 0.3174015480540894
424 0.37258807537896615
425 0.3006622033396398
426 0.3182001824995053
427 0.2971961260224479
428 0.28119449290893395
429 0.4347315223195374
430 0.26298472191117234
431 0.5247818774215297
432 0.8213797896480602
433 0.8327678896718813
434 0.8907870477175528
435 1.0307471485763522
436 1.0533374854486246
437 0.3877892176218107
438 1.4239631731133828
439 2.634985017612941
440 2.6877607409226862
441 2.858203836278476
442 2.9500872237759177
443 5.219301725241487
444 6.243756041224756
445 33.5810205601557
446 52.040753071883046
447 59.41135011028212
448 61.67728471365169
449 64.26407019544207
450 64.63427506842494
451 0.26298472191117234
452 0.28390426514741673
453 0.24895677416479092
454 1.538891963263772
455 0.4766806156714269
456 0.2619755338596394
457 5.489304309649683
458 0.3065960679013865
459 0.39017415656928445
460 28.703892306273346
461 0.2843501346021885
462 1.2573498449728726
463 54.507808040460716
464 81.2794334416936
465 13.976455909636792
466 7.772426366554609
467 59.0479713329511
468 100.21269572005096
469 104.89355808067099
470 84.19661619069252
471 8.466542647185944
472 18.40110315126837
473 100.19175469944571
474 101.77494491763616
475 100.049073538029
476 125.0
477 80.02561871755411
478 125.0
479 125.0
480 125.0
481 0.26298472191117234
482 0.28119449290893395
483 0.24895677416479092
484 0.3006622033396398
485 0.30461601513739794
486 0.2619755338596394
487 0.3182001824995053
488 0.3065960679013865
489 0.37258807537896615
490 0.3877892176218107
491 0.2843501346021885
492 0.5247818774215297
493 0.8213797896480602
494 0.8327678896718813
495 0.8907870477175528
496 1.0307471485763522
497 1.0533374854486246
498 1.4239631731133828
499 2.634985017612941
500 2.6877607409226862
501 2.858203836278476
502 2.9500872237759177
503 5.219301725241487
504 6.243756041224756
505 33.5810205601557
506 52.040753071883046
507 59.41135011028212
508 61.67728471365169
509 64.26407019544207
510 64.63427506842494
511 0.24895677416479092
512 0.6743663927946838
513 0.23787381639788516
514 0.29902008915959927
515 1.8377298178451973
516 0.18620280772951475
517 5.256508853781951
518 4.342393568016045
519 8.584333962660121
520 9.767776530356807
521 0.23588148719824378
522 41.028578533689036
523 50.130744060856905
524 1.129552041927395
525 88.3101569064615
526 89.39724744989151
527 15.021519582016705
528 103.87924852422414
529 125.0
530 14.046716169435657
531 14.83721688486716
532 111.27069754977994
533 119.97716646378768
534 125.0
535 114.13650273815246
536 104.67401771478642
537 13.875514849223324
538 125.0
539 101.23620914274129
540 125.0
541 0.24895677416479092
542 0.2619755338596394
543 0.23787381639788516
544 0.28119449290893395
545 0.2843501346021885
546 0.18620280772951475
547 0.30461601513739794
548 0.3065960679013865
549 0.3182001824995053
550 0.37258807537896615
551 0.23588148719824378
552 0.5247818774215297
553 0.8213797896480602
554 0.8327678896718813
555 0.8907870477175528
556 1.0307471485763522
557 1.0533374854486246
558 1.4239631731133828
559 2.634985017612941
560 2.6877607409226862
561 2.858203836278476
562 2.9500872237759177
563 5.219301725241487
564 6.243756041224756
565 33.5810205601557
566 52.040753071883046
567 13.875514849223324
568 61.67728471365169
569 64.26407019544207
570 64.63427506842494
571 0.18620280772951475
572 0.2139565183736213
573 0.10911024717069244
574 0.19437895027021296
575 1.1364525145733662
576 0.17672823692672726
577 0.1428844311876812
578 29.97341729963154
579 31.691637704307052
580 32.27882403046989
581 8.226216226095232
582 1.0073099520654927
583 88.72161918864992
584 117.63471911618699
585 125.0
586 53.28354153505458
587 125.0
588 56.20281886996934
589 76.0191601371199
590 38.975156082350445
591 125.0
592 125.0
593 125.0
594 125.0
595 125.0
596 125.0
597 125.0
598 125.0
599 125.0
600 125.0
601 0.18620280772951475
602 0.2139565183736213
603 0.10911024717069244
604 0.19437895027021296
605 0.2619755338596394
606 0.17672823692672726
607 0.1428844311876812
608 0.30461601513739794
609 0.3065960679013865
610 0.3182001824995053
611 0.37258807537896615
612 0.5247818774215297
613 0.8213797896480602
614 0.8327678896718813
615 0.8907870477175528
616 1.0307471485763522
617 1.0533374854486246
618 1.4239631731133828
619 2.634985017612941
620 2.6877607409226862
621 2.858203836278476
622 2.9500872237759177
623 5.219301725241487
624 6.243756041224756
625 13.875514849223324
626 33.5810205601557
627 52.040753071883046
628 61.67728471365169
629 64.26407019544207
630 64.63427506842494
631 0.10911024717069244
632 0.5966348001233011
633 0.12318766669541334
634 2.8668331577489385
635 5.296520905411252
636 11.365150461772544
637 31.432311477745902
638 64.39386047440175
639 5.016691445154163
640 2.9963092282821018
641 125.0
642 125.0
643 4.141081934226583
644 125.0
645 66.04867831307244
646 125.0
647 125.0
648 97.6416320129461
649 125.0
650 125.0
651 125.0
652 125.0
653 125.0
654 125.0
655 125.0
656 125.0
657 125.0
658 125.0
659 125.0
660 125.0
661 0.10911024717069244
662 0.1428844311876812
663 0.12318766669541334
664 0.18620280772951475
665 0.19437895027021296
666 0.2139565183736213
667 0.2619755338596394
668 0.30461601513739794
669 0.3065960679013865
670 0.3182001824995053
671 0.37258807537896615
672 0.5247818774215297
673 0.8213797896480602
674 0.8327678896718813
675 0.8907870477175528
676 1.0307471485763522
677 1.0533374854486246
678 1.4239631731133828
679 2.634985017612941
680 2.6877607409226862
681 2.858203836278476
682 2.9500872237759177
683 5.219301725241487
684 6.243756041224756
685 13.875514849223324
686 33.5810205601557
687 52.040753071883046
688 61.67728471365169
689 64.26407019544207
690 64.63427506842494
691 0.10911024717069244
692 0.064234986513901
693 0.4882863915770387
694 0.10346650172037039
695 0.11091976850545465
696 8.59241846026233
697 27.815561077059698
698 69.75756622077775
699 0.16295222368667148
700 5.330950296572367
701 0.10902097440362718
702 125.0
703 91.41378696106648
704 81.00897205961239
705 81.16799284324581
706 99.53268681440947
707 125.0
708 125.0
709 125.0
710 125.0
711 125.0
712 125.0
713 125.0
714 125.0
715 125.0
716 125.0
717 125.0
718 125.0
719 125.0
720 125.0
721 0.10911024717069244
722 0.064234986513901
723 0.1428844311876812
724 0.10346650172037039
725 0.11091976850545465
726 0.2139565183736213
727 0.2619755338596394
728 0.30461601513739794
729 0.16295222368667148
730 0.3182001824995053
731 0.10902097440362718
732 0.5247818774215297
733 0.8213797896480602
734 0.8327678896718813
735 0.8907870477175528
736 1.0307471485763522
737 1.0533374854486246
738 1.4239631731133828
739 2.634985017612941
740 2.6877607409226862
741 2.858203836278476
742 2.9500872237759177
743 5.219301725241487
744 6.243756041224756
745 13.875514849223324
746 33.5810205601557
747 52.040753071883046
748 61.67728471365169
749 64.26407019544207
750 64.63427506842494
751 0.064234986513901
752 0.28907403991936403
753 0.1905890536161362
754 0.9125837868277658
755 3.071721643679452
756 12.997182954708062
757 0.1334533821389931
758 80.29782538105806
759 1.0452273263288496
760 101.20090345779471
761 38.21856735964063
762 58.651603421547605
763 101.51002172344371
764 125.0
765 100.2566128179166
766 48.74678979954395
767 114.91360544663864
768 125.0
769 115.1907419730012
770 125.0
771 125.0
772 125.0
773 125.0
774 125.0
775 125.0
776 125.0
777 125.0
778 125.0
779 125.0
780 125.0
781 0.064234986513901
782 0.10346650172037039
783 0.10902097440362718
784 0.10911024717069244
785 0.11091976850545465
786 0.1428844311876812
787 0.1334533821389931
788 0.2139565183736213
789 0.2619755338596394
790 0.30461601513739794
791 0.3182001824995053
792 0.5247818774215297
793 0.8213797896480602
794 0.8327678896718813
795 0.8907870477175528
796 1.0307471485763522
797 1.0533374854486246
798 1.4239631731133828
799 2.634985017612941
800 2.6877607409226862
801 2.858203836278476
802 2.9500872237759177
803 5.219301725241487
804 6.243756041224756
805 13.875514849223324
806 33.5810205601557
807 52.040753071883046
808 61.67728471365169
809 64.26407019544207
810 64.63427506842494
811 0.064234986513901
812 0.14055580298438006
813 0.06794945828854805
814 5.162592131060918
815 0.12679536163764743
816 96.7394593335215
817 125.0
818 125.0
819 125.0
820 125.0
821 33.733027762575034
822 125.0
823 125.0
824 125.0
825 125.0
826 125.0
827 125.0
828 125.0
829 125.0
830 125.0
831 125.0
832 125.0
833 125.0
834 125.0
835 125.0
836 125.0
837 125.0
838 125.0
839 125.0
840 125.0
841 0.064234986513901
842 0.10346650172037039
843 0.06794945828854805
844 0.10911024717069244
845 0.11091976850545465
846 0.1334533821389931
847 0.1428844311876812
848 0.2139565183736213
849 0.2619755338596394
850 0.30461601513739794
851 0.3182001824995053
852 0.5247818774215297
853 0.8213797896480602
854 0.8327678896718813
855 0.8907870477175528
856 1.0307471485763522
857 1.0533374854486246
858 1.4239631731133828
859 2.634985017612941
860 2.6877607409226862
861 2.858203836278476
862 2.9500872237759177
863 5.219301725241487
864 6.243756041224756
865 13.875514849223324
866 33.5810205601557
867 52.040753071883046
868 61.67728471365169
869 64.26407019544207
870 64.63427506842494
871 0.064234986513901
872 0.06700121324933674
873 0.07597246159066942
874 0.06885825956376783
875 0.07190152046585276
876 113.64102482262254
877 21.769613908087372
878 94.07425364019586
879 122.05204407796421
880 125.0
881 125.0
882 125.0
883 125.0
884 125.0
885 125.0
886 125.0
887 125.0
888 125.0
889 125.0
890 125.0
891 125.0
892 125.0
893 125.0
894 125.0
895 125.0
896 125.0
897 125.0
898 125.0
899 125.0
900 125.0
901 0.064234986513901
902 0.06700121324933674
903 0.07597246159066942
904 0.06885825956376783
905 0.07190152046585276
906 0.1334533821389931
907 0.1428844311876812
908 0.2139565183736213
909 0.2619755338596394
910 0.30461601513739794
911 0.3182001824995053
912 0.5247818774215297
913 0.8213797896480602
914 0.8327678896718813
915 0.8907870477175528
916 1.0307471485763522
917 1.0533374854486246
918 1.4239631731133828
919 2.634985017612941
920 2.6877607409226862
921 2.858203836278476
922 2.9500872237759177
923 5.219301725241487
924 6.243756041224756
925 13.875514849223324
926 33.5810205601557
927 52.040753071883046
928 61.67728471365169
929 64.26407019544207
930 64.63427506842494
931 0.064234986513901
932 0.027267267961038285
933 0.04950640200184546
934 7.942297080824511
935 59.231808331399314
936 0.2562974549780078
937 125.0
938 80.70019962918316
939 125.0
940 125.0
941 125.0
942 125.0
943 125.0
944 125.0
945 125.0
946 125.0
947 125.0
948 125.0
949 125.0
950 125.0
951 125.0
952 125.0
953 125.0
954 125.0
955 125.0
956 125.0
957 125.0
958 125.0
959 125.0
960 125.0
961 0.064234986513901
962 0.027267267961038285
963 0.04950640200184546
964 0.07190152046585276
965 0.07597246159066942
966 0.1334533821389931
967 0.1428844311876812
968 0.2139565183736213
969 0.2619755338596394
970 0.30461601513739794
971 0.3182001824995053
972 0.5247818774215297
973 0.8213797896480602
974 0.8327678896718813
975 0.8907870477175528
976 1.0307471485763522
977 1.0533374854486246
978 1.4239631731133828
979 2.634985017612941
980 2.6877607409226862
981 2.858203836278476
982 2.9500872237759177
983 5.219301725241487
984 6.243756041224756
985 13.875514849223324
986 33.5810205601557
987 52.040753071883046
988 61.67728471365169
989 64.26407019544207
990 64.63427506842494
