{
	"version": "0.3.14", 
	"suite": "unknown_suite", 
	"function_id": 61, 
	"function_name": "cheap_func_0", 
	"maximization": false, 
	"algorithm": {"name": "DE", "info": "algorithm_info"},
	"attributes": ["evaluations", "raw_y"],
	"scenarios": [
		{"dimension": 23,
		"path": "data_f61_cheap_func_0/IOHprofiler_f61_DIM23.dat",
		"runs": [
			{"instance": 1, "evals": 1101, "best": {"evals": 1071, "y": -2.6608594950513593, "x": [0.6112573347047046, 0.1487206851789723, 0.22542036254884484, 0.3036329369216254, 0.5560794214492691, -0.5429628379054615, 0.5080259350222713, 0.07392491052949571, -0.2705264968102526, 0.34842557373257466, 0.17846689721139541, 0.2085296822924786, 0.318640511908976, 0.062389258623724686, -0.04427303260821175, 0.2264612452475777, 0.000589602476305344, 0.2321724997265655, 0.007042557299693414, -0.11290902642683052, -0.021646701506546517, 0.03678713645192479, 0.15063050302484265]}},
			{"instance": 1, "evals": 1101, "best": {"evals": 673, "y": -2.777243674276423, "x": [0.3325803359567243, 0.31566524451029876, 0.682147531105476, -0.23114663004879332, 0.2206758071061377, -0.5928002366931739, 0.23215226853073756, 0.5174605647244719, 0.4132183729424843, 0.3297104229441906, -0.03764510519399211, -0.11141929268103226, -0.31287405803816504, 0.1268075958209044, 0.35086883593069834, -0.2497799168503278, 0.02402154509650578, 0.019804073723082266, -0.00016360886391716956, 0.15235281640819953, 0.0003006776228753616, 0.020164747239942438, 0.27749615957839546]}},
			{"instance": 1, "evals": 1101, "best": {"evals": 1075, "y": -2.726717785261539, "x": [-0.25343925111440724, 0.3017532079937238, 0.619745274390169, 0.16018143590475967, 0.21472136243947088, 0.4790321749636845, 0.2761552178259835, 0.30357911329034437, 0.7720666835127781, 0.4758679430695121, 0.19127632886598492, 0.0009760047088392954, 0.33518785511685545, 0.0830494865865142, 0.026232797296015645, 0.07537326025554031, 0.06508054509667724, 0.2595067628090644, -0.026355042335157924, 0.21561605655559515, 0.2400344602621427, 0.09442966001035673, 0.08926624793695848]}},
			{"instance": 1, "evals": 1101, "best": {"evals": 998, "y": -3.1313355273059136, "x": [0.24657190839079718, 0.05661687105405888, 0.0699924204907548, 0.6671779595758662, 0.4863313787360507, -0.1662974186583132, 0.21863998015670316, 0.5965838778780553, 0.7548904350062667, 0.4013996742752496, 0.671096495192683, -0.5001440221823898, 0.3085262078103358, 0.08971907086242524, 0.002946768763541885, -0.2127827535147343, -0.14277085884110022, -0.027546179161957507, 0.0007964999983813836, -0.002589777740947513, -0.29148166981956847, 0.1828080039700824, 0.17142299598908725]}},
			{"instance": 1, "evals": 1101, "best": {"evals": 1073, "y": -2.8389849235415867, "x": [0.6689664182826962, 0.1360575208981803, 0.02395236868111278, 0.6362299444666547, 0.4933698091704491, 0.21336889385976754, 0.18851083226832455, 0.5235179805849393, -0.19397867565548305, 0.06682562557574401, 0.014220512310201772, 0.19658906637755125, -0.0016970214380675197, 0.1023787341706428, -0.08276258003022886, 0.2124768551336324, 0.32308123444392617, 0.0759164007909296, -0.054433919061938674, -0.12525609780438593, -0.011352842870773268, -0.00920906631967204, -0.008446742290762685]}},
			{"instance": 1, "evals": 1101, "best": {"evals": 760, "y": -3.061119064552282, "x": [0.3385045981032473, -0.12558608933497667, 0.3726218402376735, 0.5861174781855768, 0.6437650278479062, 0.21129014135852942, -0.15052635360156952, -0.046555250820020655, 0.06521460454022243, 0.3424232679872655, -0.08791763048570234, 0.6359145843186729, -0.06640268838421884, -0.1837458433762933, 0.017587201769190944, 0.019653417010822127, 0.06329246957472562, -0.047360689562989014, -0.031249520854999907, 0.002382344556705107, -0.004505868663682092, -0.07676642467783136, -0.0075980088112533595]}},
			{"instance": 1, "evals": 1101, "best": {"evals": 952, "y": -2.991775340164498, "x": [0.40569519811315813, -0.037198691837227904, 0.5878167804990571, 0.4635629109531779, 0.614983502335701, 0.5149796970447392, -0.012156413187569881, 0.672896898237929, 0.7088665162773802, -0.0021541424168596, -0.0665679649496368, -0.05192628290009338, 0.19586213160206167, 0.05514928833540686, 0.009959218992053265, -0.13709558551035578, 0.33075249599179, 0.18089257850512896, 0.0010552794057114845, 0.08957057475556818, -0.19086469026681668, -0.2105391347582432, -0.14483177110050094]}},
			{"instance": 1, "evals": 1101, "best": {"evals": 790, "y": -2.852953889902981, "x": [0.4684637178848894, 0.2691174764440567, -0.5754273374348262, 0.1474979956393936, 0.6151084541995886, 0.6469699889382816, -0.07205902491873417, 0.507372843260923, -0.040939788592858406, 0.5982092833581969, 0.5232618242370259, -0.004824618043711176, 0.385139399787656, 0.3398379845612298, 0.08168973751083475, -0.009737273128286705, -0.01611544908516839, 0.2021057114903702, -0.15323678991928255, 0.007811932058020665, -0.1507837850955809, -0.09330324785975194, 0.0005614255848419153]}},
			{"instance": 1, "evals": 1101, "best": {"evals": 673, "y": -2.8551345213529675, "x": [-0.1862966170846327, 0.5224632190626237, 0.19584370632764092, 0.5190382656574116, 0.572952303463478, 0.22379451089060126, 0.055317391340268626, 0.7237822721254592, -0.1344906636302312, 0.4668360560593485, 0.29345304671269024, -0.5326238019881993, 0.23201565528129517, 0.003847936075914604, -0.0002404724650937884, -0.3357863423108458, 0.09687091025955623, 0.3058753812483226, 0.17086657678903688, 0.015252285764117163, -0.15539965602164343, 0.08298452990950037, 0.09927087787540717]}},
			{"instance": 1, "evals": 1101, "best": {"evals": 951, "y": -3.474430620986303, "x": [0.7077379680640186, -0.006764938434977691, 0.6777041414212693, 0.2968901472110872, 0.02830750308293939, 0.007471771900957713, -2.81124365997254e-05, 0.4132330936402309, 0.42043604790888534, -0.0812531676183238, -0.029929423297980068, 0.3288075242791127, -0.09428928896695138, -0.03153052003764449, 0.2451214703747076, 0.11396424799456399, 0.010945640493193631, -0.006054759258242781, -0.005826399744651961, -0.03490264252721184, 0.2194809493872654, -0.10382758109850186, -0.12793664721632209]}},
			{"instance": 1, "evals": 1101, "best": {"evals": 985, "y": -2.734162673128622, "x": [0.2677547560759232, 0.5763828716280263, 0.03340059087794889, -0.42352133589693153, 0.41934230657388305, -0.16947784669979216, -0.12708540652317757, 0.6163793043245861, 0.27519888265976555, 0.5885746731273428, 0.5953454075213489, 0.38716005260532954, 0.20740410006536558, -0.010865230774512319, -0.22312717078039662, 0.08581991291193714, -5.929785768532536e-05, 0.2442750525190182, 0.16451092326512573, 0.07963421731954172, 0.2449032329858266, -0.16137928217084735, -0.15996011536453486]}},
			{"instance": 1, "evals": 1101, "best": {"evals": 753, "y": -2.7958448842744867, "x": [0.5302509986089441, 0.5392812905277699, 0.053650164664067135, 0.32158997385152677, 0.24545657876574456, 0.007750584651850301, 0.6375944200734914, 0.5774177944891158, -0.20037425843187473, 0.21503042523307037, 0.05189491132869328, -0.08803906190564759, 0.161034943503982, -0.08508401558277723, 0.21595640687749518, -0.07731768839356346, 0.0018996816100308456, 0.22043954275831013, -0.012567225541925908, 0.00150933273846382, 0.28420604850288766, 0.10468671463502194, 0.19030416759239763]}},
			{"instance": 1, "evals": 1101, "best": {"evals": 992, "y": -2.813855117040562, "x": [0.6700735744223136, 0.11054691964080021, 0.5027476727244545, -0.23678793237705714, -0.016217194312114436, -0.5930411083158611, 0.13021351776703616, -0.12397042484960974, 0.6736106846599994, 0.4798431075251376, 0.18363367243895914, 0.4557668936185142, -0.0028208665341351163, -0.07115346030738018, -0.27486166568167514, -0.05859437922144001, 0.000828930652462756, 0.020356029828584588, -0.06391413858673575, -0.13342826577625513, 0.0010630500683515495, 0.18696751475788034, 0.1968336309711124]}},
			{"instance": 1, "evals": 1101, "best": {"evals": 371, "y": -2.6381750856225743,