{
	"version": "0.3.14", 
	"suite": "unknown_suite", 
	"function_id": 4, 
	"function_name": "BuecheRastrigin", 
	"maximization": false, 
	"algorithm": {"name": "DE", "info": "algorithm_info"},
	"attributes": ["evaluations", "raw_y"],
	"scenarios": [
		{"dimension": 23,
		"path": "data_f4_BuecheRastrigin/IOHprofiler_f4_DIM23.dat",
		"runs": [
			{"instance": 0, "evals": 221, "best": {"evals": 114, "y": 1129.928746454072, "x": [-0.49477498036515355, 2.7224476929665737, -2.783409278186115, -0.6359914153766244, 3.154614284548341, 2.0685734384761716, -1.9801148642609632, 2.712703466859457, -4.259553482659096, -1.4153427145572737, 1.6395692263454569, 0.43619614683918817, -1.3660327425941985, -2.638498986907643, 0.006035711547075273, -1.890176782843378, -1.7481667797325295, 2.2960617833806403, -0.07488704858663531, -0.8595970445362058, -0.27785074838050683, -3.804057540616983, 0.2651180257805503]}},
			{"instance": 0, "evals": 221, "best": {"evals": 213, "y": 902.2745003370183, "x": [-0.7869911836663537, -0.9530798394058548, -0.4987785976160537, 3.8332317755392307, 0.5057063454136426, 0.5410048966167142, -0.6641402848013485, -1.8085499637683293, 3.2050750423210914, 2.6003490180317392, 1.8809382118209361, 3.437287927102574, 0.9804485556423588, -0.22178117870459935, -3.846740715976091, 1.730556356203254, 1.9162579086844893, 0.824350768882959, 1.3833709779942158, 1.1092885347598607, -2.049576797966137, -4.42997612448066, -0.11572118223995842]}},
			{"instance": 0, "evals": 221, "best": {"evals": 218, "y": 668.5441505735366, "x": [-0.4456165808867584, 1.1736201122154224, 2.7349009248974756, -3.7848883046233386, 1.6271475905290798, 2.3866279633534946, 1.7012239151701873, -1.4627276592367031, -0.5692850431115797, 1.2066394066202069, 0.3028297010520251, 3.5314531655859156, 1.396821826761137, -4.302597466157436, -0.764815704010816, 1.9353840477805964, -0.8983623076936267, 2.5571413360108473, 3.146903110112212, -4.611041877531738, -0.4462899494590462, -0.7506662864582142, 1.5597788961114283]}},
			{"instance": 0, "evals": 221, "best": {"evals": 192, "y": 756.3322654909298, "x": [-1.9498135114053183, -2.9377186256984453, -0.24602628136117044, 4.333890690515453, 0.6943394039407358, 3.0950453809981773, 0.05541149773290854, -1.2615991403454805, 1.967410002096508, 3.827368389822446, -1.7974826962981894, 4.228810630540412, -1.3852984892132831, -3.165905363826492, 1.8007458860263694, 4.143655095782031, 2.9331817133444993, -0.3336614646538574, 3.154526592585195, -1.8207158624723676, -1.465476754255366, -0.43864708866346636, -0.6349959982098135]}},
			{"instance": 0, "evals": 221, "best": {"evals": 195, "y": 888.058549664349, "x": [-0.7573813637142504, 4.111328107904566, 1.035335123506227, 0.5204198792358405, -1.099529348361552, 0.2527197141446571, 2.4565090737362922, -4.589122170325748, -3.1497722301224087, -1.4956552988425245, -2.3902861217298788, 1.0836274007806566, -0.38621285640270075, -1.0788191929704705, -1.8997466904090867, 4.179619807013564, 1.1013615466662994, 1.1836596144297309, 3.406429447732126, -3.5421196477943697, -1.359889446515472, -0.10187901087238438, 1.6989356223974625]}},
			{"instance": 0, "evals": 221, "best": {"evals": 199, "y": 946.5955674404859, "x": [0.6525494183180761, 2.4524024667317184, -1.3721243107391699, -0.3648098850150212, -1.9593121253885453, 4.788097965205818, -1.0723701905242233, -1.5921107986957166, 2.0991249361985678, 0.6181728782423117, 1.786306610123141, 1.7584813732487774, 1.2847836232902292, -2.7522348606466434, 2.2992431173181056, 1.0733653501764446, 3.3796193911158796, -0.42972644979569985, 1.5205671931683633, -4.106533285293596, -2.9203420828150204, -1.4022644986817578, -2.136995779878492]}},
			{"instance": 0, "evals": 221, "best": {"evals": 180, "y": 953.4782853243419, "x": [1.777093243477608, -2.3924731852197096, 1.270494173976454, -0.9937099387856247, 3.0218306944512596, -0.2687437932135117, 0.6922945475620823, 0.5219709818957243, -2.714729135908639, -1.5765358604404867, 1.2856859294033431, 0.8629222024564278, 2.2622817655152723, -4.896072974557915, -1.3474326342651, -3.7986248082673315, 2.2121800639239915, 2.2014118932782116, 1.8699839190856355, -0.8404723758350778, 1.8994593623979252, -3.3991760766634487, -0.2240725332648652]}},
			{"instance": 0, "evals": 221, "best": {"evals": 198, "y": 1029.275223665562, "x": [2.6644019583019123, 2.4485953214320046, -3.4551030373567286, -2.9522589894160536, -3.462162943367288, 0.4613750460242825, -0.7894969203582916, -0.44233854634920533, 0.17439071401923822, -2.508697146770121, 0.8921958626135176, 1.470313681362148, -1.2639031848203786, -3.863372994033012, 1.0812488015519752, -2.0750313206251345, 1.1393952736202912, 3.3492986780780516, -0.43723265720123305, -0.25789126757875014, 0.6397848440148487, -1.2119299517904683, 0.4806509517768287]}},
			{"instance": 0, "evals": 221, "best": {"evals": 216, "y": 1076.7024069768022, "x": [-0.10316138678073461, 2.379763978722812, -0.12348959057271625, -3.6195837845311516, -2.0552669106307095, 2.0212787923051345, 2.4836545262708123, -3.0001984297172406, 0.8165324240419103, 2.841631863928294, -0.10690446695293687, 1.0049173791806683, 0.007018377263639186, 1.7503129057770723, -1.8121504503859265, 0.8567513421145656, -1.8378218210816655, -0.6047221594870176, -1.4685643635317716, -4.9675230356367255, 0.41193660016824474, -1.0989142529692704, 0.28523663763620544]}},
			{"instance": 0, "evals": 221, "best": {"evals": 117, "y": 866.3151115285858, "x": [-0.23926429284877315, 0.5384246464175435, 0.3476737525003526, 0.9033140875349965, -2.090749173560046, 4.001510010894519, 2.3015268963887774, 0.976199034625886, 1.6303742796162939, -0.20703038706038424, 2.3518006155072886, 3.818072544965739, -0.4676161284196194, -1.7292821341825213, -0.7598739874353093, 2.400670198370455, 1.4542777520772507, -4.303021750807567, -1.33256354667247, -3.0767555563018223, 1.7055383640333721, -3.901948910991252, 2.4610263480639096]}},
			{"instance": 0, "evals": 221, "best": {"evals": 219, "y": 869.0307964379967, "x": [-1.508700710523664, 0.4029679113824445, 1.992932896486443, -0.7655396190231889, 3.60640834641581, 2.6243953418455144, 0.24553391531516233, 1.63257624856191, 1.2952097512039096, -1.6719525326718743, 2.6972730364475472, -4.025266439286961, -3.316889753083351, -1.6885470473120165, -0.23324466090130436, 1.683553635549778, -0.4455987492240574, 1.4451254606260067, 1.095844409481971, -1.7667445734462408, 0.09153736242952615, -2.973628844811931, 1.1640540401762527]}},
			{"instance": 0, "evals": 221, "best": {"evals": 113, "y": 703.7563639943745, "x": [-1.2656219993761169, 2.0931953044225495, -4.934470060064413, 3.265397944633733, 3.6610971942432773, 3.9111320515139525, 0.5127132623061246, 1.1931092828689382, 0.048890200830602915, -2.423188683475052, 2.529374197407102, 1.998926473544687, 0.30715494064842197, -3.2502242063193174, 1.7713173996853055, -2.625701600987993, 1.899900877257202, 2.6479614068144595, 2.586008401367242, -2.335387826054026, 1.3062509299392633, -3.375706135612151, -0.2274142940881263]}},
			{"instance": 0, "evals": 221, "best": {"evals": 198, "y": 935.3058838816511, "x": [0.09130823785791509, -0.7624820935411234, 2.185606628513578, -0.08341609126476146, -0.4858754517743167, -0.8349285508285123, -4.836802709496094, 0.6475009271561922, -2.4593423032901827, 0.3547646899909225, 0.6128745407085034, 4.789529008644873, 1.2229739524870427, -2.9530118991475427, -1.984561647592419, 4.651414768262297, -2.8650786237472206, 0.7467899753756897, 1.6132847021127552, -2.572655817359978, -0.17295051098475378, -3.9516512849593166, 0.7268412418222576]}},
			{"instance": 0, "evals": 221, "best": {"evals": 194, "y": 995.0956124695925,