{
	"version": "0.3.14", 
	"suite": "unknown_suite", 
	"function_id": 21, 
	"function_name": "Gallagher101", 
	"maximization": false, 
	"algorithm": {"name": "DE", "info": "algorithm_info"},
	"attributes": ["evaluations", "raw_y"],
	"scenarios": [
		{"dimension": 23,
		"path": "data_f21_Gallagher101/IOHprofiler_f21_DIM23.dat",
		"runs": [
			{"instance": 0, "evals": 2301, "best": {"evals": 1178, "y": 65.71819068867227, "x": [-1.0131208504527836, -0.1876350104577167, -4.0154698298527, -4.690941368258991, -0.2565991558908518, -1.7216151933355173, -4.9775950284661805, 2.236652530232713, -2.7849713841706185, -1.978941270615767, 3.149785737756911, -0.5089805730755652, -3.8964699445029045, 2.1438708416748833, -1.9730621000903992, -0.834071672743341, -2.525119329805249, -2.8744835853287087, -1.0169190440728673, 3.0273472772868555, 2.6919642041371583, 4.269293757336328, -3.7584851017025613]}},
			{"instance": 0, "evals": 2301, "best": {"evals": 1978, "y": 67.38637597136214, "x": [3.6294585414832263, 4.169259615451358, -1.9860559505260513, -0.059928555168115016, 1.4930434218088289, -0.009186226361213023, -4.319799772638911, -2.651214410417783, 2.1650548871560185, 1.4640133589229076, -2.097431776506211, -0.7869633075173206, 2.5480299938804936, 4.048201110779511, -2.3659243773326892, -3.3816768779169304, 0.581450043580459, -2.7531279897513397, 0.8249049050387769, -1.8037911565131992, 1.9218454535048353, -3.078409974339298, -1.2896158792024965]}},
			{"instance": 0, "evals": 2301, "best": {"evals": 2092, "y": 70.144309633611, "x": [-1.1111810060593625, -3.6205624244982704, -0.27872482698574474, 4.005885062291824, -0.750094086441135, -1.6604781276471483, -2.187886077536202, 2.2222108449846147, -0.5115287617975809, 3.1722092957749055, 0.5723179055133856, 0.5906192482474129, 1.7634107301232018, -1.3558672304704937, 0.31579438615090427, 0.10031579748710939, 1.9796096033100639, 0.6922276891380394, -2.6547789656711727, -3.3220730534685963, -3.7818864066352527, 0.5700970990985526, -2.1637838418387547]}},
			{"instance": 0, "evals": 2301, "best": {"evals": 1588, "y": 59.696135293015566, "x": [-1.0371077236585715, 1.6924121456897714, 1.4945053247867948, 0.8899646140999087, -1.9044890451814434, -3.7827476445762347, 2.8296904052639125, -4.357672082736993, -0.18784294438573612, 0.24701343823597188, -2.5534575501740777, 3.354137991809383, -0.9224408072863524, -3.3199553277966367, 3.830227859256299, -4.133811671698324, 1.2840428008421423, 0.2810529902149339, 2.077465249555893, 0.1285106434051544, -1.69924928644034, 3.0952366984291997, -0.7868872083962994]}},
			{"instance": 0, "evals": 2301, "best": {"evals": 1153, "y": 67.03794934508082, "x": [-1.5576180873226533, 4.34132520955338, -0.2738696321821079, 2.8031791314298635, 0.7685057407222411, -1.0704958136385567, -2.071289947538135, 3.0538133033638943, 1.8664172472347316, -1.91282353313834, -1.8887666481467418, 0.2971502236782104, -2.686972446459973, -0.6268085890651585, -0.707392244146404, -1.6203015417380522, -0.7794961845972495, 0.18160747482404727, 3.8868323846073576, 4.193155434634176, 0.4611477477493313, 1.4226539280060777, -3.1074710805180894]}},
			{"instance": 0, "evals": 2301, "best": {"evals": 2181, "y": 68.87742312650545, "x": [2.3451153102732913, -2.377666721188973, 1.1107808874877927, -0.7590216825472917, -1.683590376135545, -1.994582883693925, 1.6339859977229976, -3.6612281706300536, 0.27531551910035246, 0.9462057465081763, -3.546923230826872, 0.3403276053595272, -0.8119362333802778, -0.09232889762415519, 3.19377342245659, -4.567585187788108, 3.853020288985911, -2.540244732572942, 2.932592699466855, -0.8222957949420937, 2.7144936722600166, -0.5893343843368075, -0.7847311068297222]}},
			{"instance": 0, "evals": 2301, "best": {"evals": 2090, "y": 69.61745883130246, "x": [0.6127637384355493, 1.3435134871046142, 0.013165669433535143, 3.2515080842909025, -0.22170250907117006, 3.369194100720713, -2.0541016912044388, 1.5322118967630698, 0.22666634442889588, 1.3684851645446718, -0.720601148323893, -1.7940699649898444, -3.1985708029268487, 2.3613074816477355, 4.94333456935307, -1.9317526884254437, -1.1399002498641342, -1.4502658150273344, -4.132284407122254, 0.30989964129277325, 0.6929968324399909, 2.4419526827387, 4.491783312373045]}},
			{"instance": 0, "evals": 2301, "best": {"evals": 1500, "y": 67.95538892330904, "x": [-3.832225371193216, -0.5414265020465789, -2.4879349716036447, -1.1390428865829314, -4.858404746893028, -0.9906171400482926, 1.1086773624761, -2.0137090269756595, 3.551038053854805, -3.1061084704758803, 1.4849034941337718, 4.015900066483377, -0.10659679152688728, 1.087367330849443, 1.5226422943428037, -4.671247991811932, 1.4319462814852582, -1.7322594910409068, 3.8321041310825317, 0.07725377715279125, 0.6752920360767756, -2.013077709348384, 0.45299605232741236]}},
			{"instance": 0, "evals": 2301, "best": {"evals": 1970, "y": 68.67062570600984, "x": [-0.20912472349686162, -3.9705488483500053, -3.548291631078259, -0.6422608105829561, 3.736656977857993, -0.746713347943686, 2.160538311015685, 1.0723312177703912, -0.974675780271764, 3.9081565308698654, 0.5298272705809657, 2.0130677917703483, -2.7540748683719434, -3.3950044051205905, -0.8679977806583732, -0.5301665019839117, -4.68592570434358, -4.011140381410093, -2.6034605526937282, -4.098813638692677, 3.436190899135971, -4.315169426470236, -3.1984805190583194]}},
			{"instance": 0, "evals": 2301, "best": {"evals": 1595, "y": 67.84956741473859, "x": [-2.025126188422819, -3.174125224599178, -0.2061359249928043, -2.580722562495618, -0.06151861427782279, -2.7799823707982543, -1.645844169868739, 1.6417401658696296, -3.7273554903400967, -1.5153328574340201, 2.202100216607058, -1.5867514057135257, -4.319922727699549, 4.273464353041176, 0.16844214362353682, -1.0297537316925713, -0.03849654666531532, -0.21165341572869867, 1.0367226296318601, 2.390333595213834, -0.7376433812967234, 2.932773529227698, -3.3343055033251128]}},
			{"instance": 0, "evals": 2301, "best": {"evals": 1859, "y": 68.417966279779, "x": [3.521823502629827, 1.3724636317029653, -2.2896340642785287, 2.204327232721517, 2.488859696133664, -0.7623921531338862, 2.6133960317998604, -0.4554817993706166, 3.152923758325973, -2.874200051078101, 4.525400341790673, -0.8739496829898723, 0.9934408387593088, 1.8888844786506702, -0.24255466526946812, 2.0812877228345386, -4.667329360355844, 1.8808357280900072, 0.19582049152055614, 3.4528766180591375, -3.708414414291508, -2.041350302285672, 4.78691638602014]}},
			{"instance": 0, "evals": 2301, "best": {"evals": 1075, "y": 63.00040670886549, "x": [0.9271876987161369, 0.4395744109487165, 1.1927613273788185, -0.5764093739079779, 2.8853393650375567, -2.6355847497871427, 3.190683098966084, -2.5096092203048723, 0.9633258454528559, 1.5418239432570306, -3.826142444060762, 2.3878500943109757, -1.5888788837090377, -0.6557957786320916, 2.2453425396531603, 1.2685348955063207, 3.597728756386398, 1.3511014977284215, 1.3888439365084455, -1.3758319220997275, 1.963052675492814, 2.4744601119483733, -0.4825217582836214]}},
			{"instance": 0, "evals": 2301, "best": {"evals": 1568, "y": 67.88863317103792, "x": [1.83582760113616, -3.0854765387469087, -1.231419381906907, -0.3988558129588442, 1.6061239435501071, 1.4849254144491149, -1.8452877956473055, 0.6273607444386529, -1.4677043390191384, -2.490390064313467, 2.8540650288073617, -0.7580688881581963, 0.3039142111095179, -0.405233427451984, 1.40898344521069, 1.7667691817053721, -2.9490364879070325, 3.6416563184175215, -1.9203750177094476, 3.148508603038616, 1.274575565451455, -1.1957744422615448, 2.5877255107136863]}},
			{"instance": 0, "evals": 2301, "best": {"evals": 1172, "y": 70.05470671702003,