{
	"version": "0.3.14", 
	"suite": "unknown_suite", 
	"function_id": 6, 
	"function_name": "AttractiveSector", 
	"maximization": false, 
	"algorithm": {"name": "DE", "info": "algorithm_info"},
	"attributes": ["evaluations", "raw_y"],
	"scenarios": [
		{"dimension": 23,
		"path": "data_f6_AttractiveSector/IOHprofiler_f6_DIM23.dat",
		"runs": [
			{"instance": 0, "evals": 2301, "best": {"evals": 1658, "y": 33895.97777064091, "x": [1.659911774281925, -4.02571175229984, -4.679039276796436, -3.5905574312249, 2.74834062604406, -2.2131448216935383, -0.5408441106520114, 2.18708266370252, -1.9252994199373152, 4.184307046970361, -4.159539778690333, 2.924631235420244, -3.563859724485688, 1.2819418521759216, 4.37916507609136, -1.5000290415338626, 2.64103901712906, 3.6617719581565407, 0.7521116057818675, -4.102214815713805, -1.3735167622053135, -0.7092489317814539, -4.271649387864746]}},
			{"instance": 0, "evals": 2301, "best": {"evals": 1896, "y": 20396.61196091674, "x": [3.282115913738334, -3.7129475450711515, -2.6667792862755713, -1.7182980154563903, -0.5098829181465869, -4.44102587514396, -1.2126375012657258, 4.001242719279329, -3.463690074378221, -1.1558224535942547, -4.2493569975304615, 1.107949082954633, -0.12645676765457703, -4.398022241453514, 3.2666887144325125, -2.318959669195064, -4.009437043668418, 4.150512497099841, -1.797770405346823, -2.5151452195433155, 1.4013865765263782, -0.960227275090886, 0.29527037815757784]}},
			{"instance": 0, "evals": 2301, "best": {"evals": 2080, "y": 18843.818831985547, "x": [1.5136906531511507, -2.374048332240679, -1.238542793648683, -2.2775770946394083, 3.1269512653491756, -4.9420598215795115, -1.3105067022877344, 4.972534842627492, -1.6370913373524951, -1.0389603557505174, -2.595624286695685, 2.047417482665116, -2.213245775176838, -1.540597318495033, 1.3279570793362474, -4.2300774598792135, -3.5189138078805415, 2.492028735305624, -2.1178784429885393, -3.9623336324537255, -0.2721092693846523, 0.07115814300104217, -3.5404356240797252]}},
			{"instance": 0, "evals": 2301, "best": {"evals": 2176, "y": 49876.598623498685, "x": [2.26701212632576, -3.307636981915052, -1.949080441749458, -2.1875872187632606, 1.4477325404851267, -3.0639684683083517, 1.9606642373896985, 4.226038922890961, 1.8890273287075585, 0.8913321148487037, -4.734760976480774, 3.488886246300355, -1.9406983580939832, 0.5800935346667211, 1.9538986030494434, 2.945885780175124, -0.8491062120989974, -0.6900323691169223, 0.934147471520837, -1.8429725727794604, 2.3846314554753203, -0.7883905225036525, -2.3351909869819787]}},
			{"instance": 0, "evals": 2301, "best": {"evals": 2067, "y": 30380.8425805863, "x": [3.982003187154935, -1.2598416320397887, 0.8224330934784235, 0.6488227564149103, -1.4328390263417856, -4.7916843893013885, -0.5613050341219381, 4.658955673131992, -2.230074952522569, -0.173997216072884, -3.619486998271238, 3.410651813417381, -2.0561388326740544, -2.315565372369725, -0.24545290149689647, 0.7750207206493881, -0.059094630917336355, 1.7603585104400303, 0.7084130154529338, -1.8347705263239038, 0.786249661059296, -0.46703537275756646, -2.6858461372338724]}},
			{"instance": 0, "evals": 2301, "best": {"evals": 2185, "y": 52342.854258775114, "x": [-1.6665721600181773, -3.7839109941598674, -0.8257276175030486, -4.5689248247898755, -1.0615623844140307, -4.27570256784724, -2.104309298469457, 2.5108062114047343, -0.1311884895410007, -0.44737248811057073, -3.2488163362474047, 2.4316338736399166, -2.337370198820433, -4.905539812626241, 3.607449411095881, -3.8490964229781723, -4.816000758923964, 2.026607680562896, -1.0443635227735868, -3.285175877374292, -1.2798083394950688, -2.231291447443162, -2.8858132748688803]}},
			{"instance": 0, "evals": 2301, "best": {"evals": 1699, "y": 34364.542061150554, "x": [2.114916848634776, -1.0677425168233108, -3.9022818523054195, -1.6981324320429008, 1.4272491572565045, -4.676325218468752, 1.6812448991532767, 4.753426272341242, -1.7793541175551062, 0.31014468467444956, -4.183708714402345, 1.4985121813417144, -1.6834699009107421, 0.15365560062883166, 2.9159054083057043, -1.96118638530089, -0.13634644652886196, 1.4956470569406368, -1.506460544131192, -1.2916029583001136, -0.4576824596773226, 0.19982415045874724, -4.95261757853691]}},
			{"instance": 0, "evals": 2301, "best": {"evals": 1889, "y": 16626.060219503335, "x": [2.4787584932853113, -1.7942329724892025, -2.1899535645947257, -3.964887154543425, 1.6882100383994172, -4.253796367106661, 3.1596296755074436, 4.107038563834742, -0.8728874303705494, 1.6222884374120339, -3.595922546462123, 3.3223887797565896, -2.3484894899000452, 1.0977368375051257, -1.3288416548079707, -1.2166311625590596, -0.4132252842621711, 1.8248801507059582, 1.9605798456911554, -3.2887262077001314, 0.820845716027061, -1.9213493755539686, -4.336013672429453]}},
			{"instance": 0, "evals": 2301, "best": {"evals": 2260, "y": 16850.721011542842, "x": [-1.074830474433715, -3.187654755704413, 3.7134739387860005, -1.8433788747561337, 1.9748967203473997, -2.9996651827050687, 1.0740261497811299, 4.021996022941455, 2.8951898370204088, 1.5999657764047326, -3.7874364028047207, 4.535422116779366, -1.8729476279474018, -3.53295717887094, -0.40074735984529264, -2.823238311295863, 1.6545547428825438, 4.899746698673335, -2.744172106657333, -4.47526732061419, 0.8943447569786194, -0.7688434456916535, -2.8460388119606383]}},
			{"instance": 0, "evals": 2301, "best": {"evals": 2286, "y": 47575.52792860418, "x": [4.000960496272338, -4.5907456743917505, -1.5174017766872425, -3.675530308360913, 2.594782622893116, -3.4325134853558366, 1.9940942348519046, 3.552142676163632, -3.1986964437983145, -0.6885373386898297, -0.15077886550824382, 2.915798335706411, 1.9379371830514338, -3.4787896181899662, -1.6406744866874252, 0.3711150507912866, -4.2000511959931135, 3.4562318187244125, -0.8711866049691883, -3.2936935653702326, -0.7028017740236212, -3.554891532223166, -0.9445960861455664]}},
			{"instance": 0, "evals": 2301, "best": {"evals": 2298, "y": 27516.00491371531, "x": [-0.42987913840768244, -0.50539367045928, -1.0599124510854998, -2.1054259201208088, 0.7075531205083396, -3.7489819479155333, 1.4439025053429608, 3.80660780620829, -3.640341025940879, 1.9008061129248222, -2.2403214202160457, 4.5689413231345295, -4.485378862650472, -2.0443325339219185, 0.1825196047444697, -3.472509614351688, 1.880940592562419, 3.17302593313831, 0.5313092604445983, -2.1582921320268995, -0.7270509457259342, -1.9580980008996551, -3.7779092559302665]}},
			{"instance": 0, "evals": 2301, "best": {"evals": 2282, "y": 37800.18829839342, "x": [2.685107365123823, -2.294948288497002, 1.9496058751606922, -2.8953618429981045, 1.323159335541222, -3.876853657301921, 3.0766256599647868, 4.780237108953046, -3.0537701485576205, 0.9661620602263601, -2.9171980225837197, 1.0831056703464363, -0.1411737748787667, -2.7865484938235294, -2.3400561316506083, -1.2281208806939858, -3.896637407941123, 2.894642514640063, -0.8644753007862103, -4.2077805318055095, 0.7778519194178699, 0.5544289076871627, -4.5541090831382505]}},
			{"instance": 0, "evals": 2301, "best": {"evals": 2163, "y": 53346.51364985228, "x": [1.6715367314660938, -3.2670930825292843, -1.6631454494911682, 0.6973644825396479, -0.7307354314430488, -2.639860101843332, -1.286815078322144, 4.2417012669267375, -2.3833432917258843, 1.2316621932455205, -3.728910169038011, 0.3394027188223774, 3.2763085522180386, -2.6280846278950696, -0.2858678295706465, 1.600139237174268, -1.896055466498557, 2.910235775149168, -2.5636606752942876, -2.893764530423333, 1.6283073440817009, -3.1115951769746015, -3.059585126904425]}},
			{"instance": 0, "evals": 2301, "best": {"evals": 2179, "y": 31243.21581893474,