{
	"version": "0.3.14", 
	"suite": "unknown_suite", 
	"function_id": 4, 
	"function_name": "BuecheRastrigin", 
	"maximization": false, 
	"algorithm": {"name": "DE", "info": "algorithm_info"},
	"attributes": ["evaluations", "raw_y"],
	"scenarios": [
		{"dimension": 23,
		"path": "data_f4_BuecheRastrigin/IOHprofiler_f4_DIM23.dat",
		"runs": [
			{"instance": 0, "evals": 2301, "best": {"evals": 2090, "y": 442.9898630367841, "x": [2.293128093423428, -2.492833669843271, -1.2122091368814765, 2.5831091247051807, 2.0280387484898545, 3.4664619281501534, 1.909322649464083, -4.118001718544658, 1.809176105718102, 4.550498979331568, 2.104947157864389, -0.04030565285626331, 2.3585945872648484, 1.2404648310836621, -0.0664277350777236, 3.363378166587417, 1.6761298285584574, 0.9890034077036911, 2.9357162057805546, -3.6760520461927033, 1.1638395765876033, -2.669259439383227, 2.0952888474546296]}},
			{"instance": 0, "evals": 2301, "best": {"evals": 1860, "y": 515.9101113503034, "x": [-2.258864412224275, 2.4008905878924445, 0.32675906994688875, -2.08251975985212, 3.579144922686267, 1.238958111959776, 2.873410691674697, -0.5509507270970095, -0.02411376212618843, 1.318205863272551, 2.823489937985997, 0.7601999737119984, 2.1587463779382867, -1.8385616356096743, 1.8238708224705995, 4.448659786888751, 0.5248087345658802, 2.8619339959356584, 0.8039876050222619, -3.256247828299978, -2.027572784832321, -2.9387720214825093, 1.559466664132802]}},
			{"instance": 0, "evals": 2301, "best": {"evals": 2183, "y": 526.2317778594438, "x": [1.362657609270683, 0.40098518839086084, -1.9985676652649258, 0.5841687364874777, 0.68419602272413, 1.0728474529395249, 1.6548706457892077, -2.908969598004433, -3.905691488484532, 2.2018943564301106, 1.4845624246715308, 2.95594291601201, 1.3141489452928976, -1.0401729263089936, -2.124001641243888, 0.72170829138937, 1.067557858604672, 2.574032827348676, 2.2468594863566596, -2.5232997419410674, 1.1115882366389078, -2.6308350925746615, 2.587693651163912]}},
			{"instance": 0, "evals": 2301, "best": {"evals": 2293, "y": 497.85469160222544, "x": [1.2741536943880163, -0.2726173905517133, 0.5841126580175673, -1.115106118984114, -1.2799335740650064, 2.399475692237543, 2.958543944979579, -1.5501214286403946, 1.3703710625384233, 3.088835600502314, 2.4415949563468593, 0.24371226932507684, 2.403584804677342, -2.098240801847987, 2.299003386220446, 4.7150787154085565, 1.880065243967657, 0.4493435857935655, 0.5881941691386503, -0.5081413410047015, -0.6614207170581872, -4.245560953643328, 1.2057655779410643]}},
			{"instance": 0, "evals": 2301, "best": {"evals": 2078, "y": 418.20734509622355, "x": [2.6360485546883736, -0.20724708838736516, 1.3831561559529593, -0.6921822184655939, 2.1055713895738615, -1.5135358543871753, 2.941895934507903, 0.9534133837118695, 0.559307495961059, 2.053362189945729, 0.6429672539013078, 3.3642898337054685, 1.8022676789997438, -3.4761832977434097, 1.0865053233364343, 2.174499533229195, 1.5977542475979334, -0.16219868455620268, 2.279191653817223, -3.2022421956258422, 0.9409029085501459, -3.1030872759950574, 1.0987936500203908]}},
			{"instance": 0, "evals": 2301, "best": {"evals": 2254, "y": 582.6460681403124, "x": [2.195135571811538, 1.3035756387047681, 1.1520864577087817, -0.4607411677157649, 2.0683399382404613, -1.6940311340111451, 3.1303090748816382, -2.3175809273585255, -1.8500423147747842, -1.5633780504585304, 3.2747023015978645, 2.9596312441796324, -1.376224579539977, -2.930276012924069, 0.634616239032181, 2.4539590855857756, 2.403549736876066, -0.3790341712191978, 0.8249462013329945, -3.585310179737248, 1.0495224945881363, -3.344773160209793, 0.3451067702929844]}},
			{"instance": 0, "evals": 2301, "best": {"evals": 1657, "y": 500.21303980374717, "x": [-2.803231647602443, 2.9830128622011474, -0.7176493409907558, 2.959340348220894, 0.4937807170835158, -0.7678567804381184, 2.560782488114669, 1.229512511627946, 2.3998350283403163, 4.85979776704732, 1.716171406997309, 1.3350909079296227, 0.1910574672970976, -4.104770994553638, 2.342415095499036, 1.6541729347308138, 2.8204329551075364, -1.8144277895679533, 3.1505910923596385, -2.995119031975155, 0.7337407953475124, -3.1442240781758644, 0.30911767976125915]}},
			{"instance": 0, "evals": 2301, "best": {"evals": 2163, "y": 493.1654739741718, "x": [-0.8082700854713871, -4.055067648631541, -3.711965151169053, -0.6840813062427473, 1.4773044938654034, -1.9742571365374497, 1.2020103489558234, -3.6741333452743508, 0.23215840047557057, 3.9961236614855764, 2.462154527462597, 2.3734158738297513, 0.29479255308832064, -4.883951196166615, -1.1115040844070008, 1.3168857648925543, 2.820292074978907, 3.5275577270516134, 2.440133089346298, -2.8940154929177093, -0.09160653907493055, -2.779706511079314, 1.649044367206427]}},
			{"instance": 0, "evals": 2301, "best": {"evals": 2291, "y": 380.52020231421886, "x": [2.2962147686710734, 2.9685917360054987, -1.0427102025749733, -1.1218802386531022, 2.7475476837909114, -0.8442595385099985, 0.21689973981345467, -4.365236143800008, 1.720156616457589, 2.23850650560581, 1.4432708438357018, 2.4522493842611848, 0.58640784402108, -3.2200285744821944, -0.12299111089182313, 3.009321252265302, 2.047263162002721, 2.0857305055712567, 3.4125623633477487, -2.539680291953502, -0.15114567912227828, -2.8448060929789145, 1.2160374229818844]}},
			{"instance": 0, "evals": 2301, "best": {"evals": 1883, "y": 452.3065410507668, "x": [-2.6729224702346537, 2.1533291687973652, -0.5085669813088767, -1.9866956740849084, 4.0057713793882606, 2.1383361228241937, 2.331741446846074, 0.641497714725124, 0.03702091679324848, 4.738161334410552, 3.5187760346677104, 3.047292557539391, 0.1462363325646472, -3.428645880473621, 1.4011221676758943, -0.41755777501720814, 3.0813312132761057, 2.6611294465260062, 2.620604149509149, -2.916562668217429, 0.27482116722700334, -2.5107537334967556, 2.323306096837079]}},
			{"instance": 0, "evals": 2301, "best": {"evals": 2276, "y": 505.2594711305433, "x": [2.119127334150483, 2.2076579219666295, -0.4705885207570877, -0.6201795236243053, 0.6115612347438304, 3.697512087422494, 2.998078986189036, -3.1049178187414412, 3.0307250479461167, 1.8480415536452688, 0.28833842725247116, 1.9079608770576333, -0.9661138601781001, 1.9637527815989717, 0.7962013109264352, 2.673753300497557, 2.2136413211818278, -0.19867249808717702, 2.7061597389028207, -3.200307050334307, -0.12856549084363933, -3.833586506331266, 0.7286970741609093]}},
			{"instance": 0, "evals": 2301, "best": {"evals": 1794, "y": 407.2226423097817, "x": [-2.5505169085079027, 2.0181369933755664, 0.6948257224334778, -0.5903879261517613, -0.37530462760919336, 1.4651633811887246, 0.7575851138418084, 0.13091602443238504, 0.34570733553965827, 2.8032147740191578, 1.6163265755197767, 1.3357619994276066, 2.3968664584431165, -1.3205912717490378, 0.9070561906040497, 1.249337972538516, 1.9824476590018616, 1.6549172349125807, 1.981212011841155, -3.2443680474374426, 0.03520983175460368, -4.4429344849069805, 2.205206292914853]}},
			{"instance": 0, "evals": 2301, "best": {"evals": 1882, "y": 534.2877157728723, "x": [2.3910128851576733, -1.1021108404359072, 1.163462083529934, -1.3564681603705557, -2.06200389210181, 4.37286305006751, 0.47682548046150885, 0.6138853672002984, 0.8006854439855126, 4.047209219987256, 2.996740762605679, 4.463598928345065, -0.25708350848563066, 0.7313571397870291, -0.19953966262029788, 2.602523204535982, -0.04580488875941624, 2.5239389383271895, 3.874848890259657, -1.6112317989131375, -1.1114639782894224, -4.48534454226907, 1.8595389324847185]}},
			{"instance": 0, "evals": 2301, "best": {"evals": 2259, "y": 525.2010929053085,