{
	"version": "0.3.14", 
	"suite": "unknown_suite", 
	"function_id": 15, 
	"function_name": "RastriginRotated", 
	"maximization": false, 
	"algorithm": {"name": "DE", "info": "algorithm_info"},
	"attributes": ["evaluations", "raw_y"],
	"scenarios": [
		{"dimension": 23,
		"path": "data_f15_RastriginRotated/IOHprofiler_f15_DIM23.dat",
		"runs": [
			{"instance": 0, "evals": 221, "best": {"evals": 195, "y": 600.7311959865339, "x": [2.7678665572392607, 0.6127719756949626, 2.7096717995456103, 1.9741342787687701, 1.4374242302152829, -4.021112071986542, -4.61409276049205, -0.413228538660692, 4.381647446022533, 1.3310145727326796, 1.5326301923733006, -3.527982971766849, -2.530911936132036, -2.5070777085112503, 3.870864242651173, -4.033688435118446, -2.7120183450837754, -1.8216470082466623, -1.4598548610720803, 3.985541885270793, -3.391853793512764, -3.3479606066214984, 1.1642503454261302]}},
			{"instance": 0, "evals": 221, "best": {"evals": 213, "y": 594.9521318659945, "x": [-0.7869911836663537, -1.7349269723652894, 3.978981047742522, 4.464609833375922, 0.5057063454136426, -3.075068493641729, -3.9812123586044343, 0.9604359547764716, 4.166258877820857, 2.6003490180317392, 0.286283885391871, -2.095992803244971, -2.790755012119577, 0.5979209250739225, -2.157527463699209, -1.5701309013785747, 0.9983250799544225, 0.824350768882959, -4.181479373767863, 3.235669039124689, 1.7121465573189631, -4.42997612448066, 0.8779844937168484]}},
			{"instance": 0, "evals": 221, "best": {"evals": 212, "y": 487.6757920318733, "x": [1.2003160767823475, -3.580034097621234, 1.8806552108249157, 3.2558944233351417, 1.9667977814889817, -2.0743807727508266, -2.4125288527640034, -1.8714308625926714, -1.437465194247364, 2.595318847354374, 2.117735741199103, -3.215159256529152, -0.617565921945876, -1.243956318363412, -3.492864808133647, -4.281247462913756, 0.7944841924868973, -3.9273463785079263, -4.880955311521497, 2.48835285896717, 3.559835217117222, 0.803321902579091, -1.766653935109182]}},
			{"instance": 0, "evals": 221, "best": {"evals": 137, "y": 532.8443764655443, "x": [1.475547776534225, -4.247471197034103, 2.684282501266785, 0.07285755290634732, 2.09110362957773, -0.5778947394251832, -0.640125587294451, 2.0455700164575092, 3.4971304458039416, 4.037551954250963, -0.7128382415213714, -4.217943430889052, 1.0855579872499392, 2.7331954320307794, 1.7028280140708267, -2.8164170944027465, 2.3691456097434545, 2.114149866182059, 2.7350684880094613, 3.7120103629168995, 0.8617126169763605, -0.8202191544638215, 0.27407717606957704]}},
			{"instance": 0, "evals": 221, "best": {"evals": 173, "y": 731.4452333763574, "x": [3.13254951121899, -0.6239939769903349, 2.5395749401210033, 3.677410586716949, 3.9304146774722337, -1.938537252386488, 1.0471162249131463, -2.031225510122084, 1.8754226055229095, 3.3524056518870746, -1.7471138573457856, -2.373813437807553, -0.647278138231187, -0.5688477492490076, 2.869706415574084, -1.3444368950750767, -1.7071302615995778, -1.9207183481694297, -4.082803846792307, 4.601107586637142, 3.208660926612958, -3.5006133974199116, 3.263101126900842]}},
			{"instance": 0, "evals": 221, "best": {"evals": 158, "y": 479.745341182093, "x": [-0.031361442552601204, -4.722072100329219, 2.536197885585535, 0.2253523558511823, 2.6176831764209365, -2.9181512199145887, 2.767473661838907, -2.5602381801211562, 3.6261657122894855, -1.0444780424042313, 0.9405687347651008, -2.9248537474976977, -1.3194266678756743, 1.8979846837990322, -0.011169444427700626, -2.613609052699303, 0.707084635991533, -1.3358669184006096, -1.5758354603582794, -0.18384488778901265, 0.42719644841919724, -0.4515827912678416, 0.2873613479525359]}},
			{"instance": 0, "evals": 221, "best": {"evals": 179, "y": 585.7231603469592, "x": [0.7530393369034933, -4.740616437513112, -2.8257265513917074, -0.1707930218799696, 2.8330762151424858, 1.2916973123503128, -3.21933472568837, -3.5743508547158656, -1.3066660219524295, 0.24355242144180966, 0.3824243729188461, -3.143321628039882, 0.48661995761554966, -2.5424802902881236, 2.1094993265979802, -2.7649365493780684, 0.5767048863722637, 1.225617224658588, 2.560270295690592, 0.9239359289084259, 1.1965682184602637, -0.7630983348507261, 0.2416961750971156]}},
			{"instance": 0, "evals": 221, "best": {"evals": 177, "y": 805.5224440212737, "x": [1.4823338407852624, -1.9990841172574698, -1.7991990116815937, -2.169911019871745, 1.221293386202192, -0.37022797083948156, 2.221902174817782, 4.224996563421768, 4.162226385415472, -3.7807133105375277, 0.412968544894581, -4.436964992721904, 4.515333598241641, 2.6060020324662814, 1.9758967688342288, -0.4253235607297374, -3.879908130387565, -1.9860319301698515, 0.3846071489120817, 1.735733583565512, -0.9970971849675172, 1.526686071503055, -0.9119814717382329]}},
			{"instance": 0, "evals": 221, "best": {"evals": 220, "y": 479.4729489234233, "x": [1.5395312121760152, -0.06046526749500991, 0.36111513950527296, 1.9140236952535652, 3.7142755743076936, -1.000041183571522, -3.029005885516736, -1.3633185369701826, 0.47941222328931676, 1.8244192462664524, 3.38319513788036, -3.824831705162169, -0.23972072135929956, -3.041455348160378, -0.13796038576506886, -2.8900657737908206, 0.39181562992983654, 1.8176075134352094, 0.9039496902175643, -0.7170717919756031, 2.02162162223249, -0.21309706426152708, -1.050498888186219]}},
			{"instance": 0, "evals": 221, "best": {"evals": 211, "y": 612.2960478301364, "x": [-1.6222217177044955, -0.8110071144142246, 2.234893301279366, 1.074316944535069, 2.3340830447643404, 1.2736120337907748, -3.974699854281487, 2.6223207474448795, 2.5984378947447455, 1.8602669004017658, 1.0346360147120528, -2.2993083083679777, -3.1466047347844905, 1.173691199938132, 2.85764042497775, 0.527696925540226, -1.4972019918766764, -0.2963049079643969, -1.7166603103069513, 4.713879829112269, -1.6366143006107974, -2.34478132551393, 0.5673048862469545]}},
			{"instance": 0, "evals": 221, "best": {"evals": 219, "y": 585.3636747111434, "x": [0.13112374887677936, -2.8377523250755643, 1.6199119729202218, 0.5482925850727511, 3.60640834641581, -1.8900178205583638, 0.24553391531516233, 1.63257624856191, 4.243412796606365, -0.6249040330833144, -1.1971525795159546, -4.025266439286961, 2.508344971098323, -1.636607412359795, 0.8434582617515054, -2.565832721113117, -1.2911486677077042, -1.2797398656863965, -1.1896119911552787, -1.7667445734462408, 1.3681540059089876, -1.1604220011524338, 2.576889136157564]}},
			{"instance": 0, "evals": 221, "best": {"evals": 199, "y": 584.3009472580686, "x": [1.351019832350302, -4.454223493286989, -0.34974328170829727, 0.3673062230241131, 4.172613660372101, 0.6192015409432177, 2.29050114088843, -0.2282013474708876, 2.1639971072282984, 3.995590170883766, 0.7578516744266407, -2.8338112116780847, -1.0060894827917792, 2.357459787264955, -2.1838156200640757, -4.152299040461413, 0.7263627677128319, -1.3390565533191836, -1.9952416214033368, -3.4797013386970046, 2.5826764566581524, 0.4956981722241318, 1.649531897000509]}},
			{"instance": 0, "evals": 221, "best": {"evals": 176, "y": 628.706504880078, "x": [0.3375162233825094, -4.829902508573548, 0.4911961616079261, 3.0235418881483573, -0.3369465327460135, -1.0174299895679608, 0.40652325286492275, -2.126609033144258, 4.467003179949479, -0.5192600967181057, 3.633916088666798, -2.254519394222044, 0.0851714784431783, 0.9419015686911838, -0.3662342960507665, 0.8186820119670719, 1.1613579671701744, 1.0505343960051055, 1.245570600296789, 1.459423506738474, 1.911623408506655, 0.7384303636593361, 1.4720384480161046]}},
			{"instance": 0, "evals": 221, "best": {"evals": 199, "y": 526.0591560205431,