{
	"version": "0.3.14", 
	"suite": "unknown_suite", 
	"function_id": 18, 
	"function_name": "Schaffers1000", 
	"maximization": false, 
	"algorithm": {"name": "DE", "info": "algorithm_info"},
	"attributes": ["evaluations", "raw_y"],
	"scenarios": [
		{"dimension": 23,
		"path": "data_f18_Schaffers1000/IOHprofiler_f18_DIM23.dat",
		"runs": [
			{"instance": 0, "evals": 2301, "best": {"evals": 1197, "y": 32.74813130876694, "x": [0.3905169621641489, 4.256900321698684, -0.6253424175391207, -1.531691291308075, -2.748931026217835, -1.7305956443748212, 2.9806380714122014, -3.4881076764573082, 1.1540027321502688, -1.2673898733253628, 1.0203382861794357, -0.6439738469341976, 3.458346302087411, -1.6698612060514815, 0.08457824037007633, 2.3211793993113234, -4.276359445915231, 1.7642076402268092, -4.081378354093525, -4.924857457099914, -2.4369851149562316, 0.8079778534920714, 3.1816782294317085]}},
			{"instance": 0, "evals": 2301, "best": {"evals": 1996, "y": 28.226089275548198, "x": [-2.0261495325206935, 2.242340535407572, 0.6115918460810366, 0.5673393715012569, -1.5984935718504667, -2.3519084663698497, -2.6890012681270195, 0.9045022927969759, 2.6440661230601186, -0.8756417729329846, -0.7854284926109081, 0.5890168905275068, -4.030670968512711, 4.6687996448524505, 3.62647091520095, 0.77816492812919, -3.5357476156963017, 0.4301359295917493, -3.112459306928857, 1.8554197901326477, 1.8121140115496002, -2.975388383927109, 2.116008716664649]}},
			{"instance": 0, "evals": 2301, "best": {"evals": 2185, "y": 31.074375168297333, "x": [2.2871380324960047, 4.71959474106858, 0.01742062851363002, -0.463736186642177, -0.20420728468402705, -0.13667284557505344, 3.282299719473289, 3.1996133837496306, 0.8615880846512709, -3.913144700215828, -1.3272308901688779, -1.553996799886718, 0.7519608226873782, 2.5235113199991845, -0.7095193684127123, 0.38022525522007555, -1.459913929532914, 1.3018831331561076, -4.152243351133707, -1.7503026991152781, -1.1314530644486718, -3.5578429813382986, 4.399183993946663]}},
			{"instance": 0, "evals": 2301, "best": {"evals": 2265, "y": 31.333500561354267, "x": [2.8580023370037475, 2.9350642066618695, 0.6499114857627433, 2.523400987799212, 1.808153595072914, 2.9598151981014498, -1.3596597121422915, -1.4468903989847353, -2.1597821422612586, 0.825145106671775, 4.725281249371394, 1.9497122573270682, 1.5034362594773147, 2.9117212587693726, 3.2368843262061358, -0.11854955526223576, -3.385641638385841, 1.8930826498905093, -1.967613518521961, -0.8593261872516509, 0.5388809705143598, -0.17395058607271974, 3.8286735905527216]}},
			{"instance": 0, "evals": 2301, "best": {"evals": 1851, "y": 28.510138023743583, "x": [2.632445793855914, 3.8233961141214117, 0.22075458197031028, 0.2312150373522861, 0.8250981029313956, 2.915998866874173, -2.3024700666162623, 4.013614653923513, 0.4990394823914408, -0.5247537687174644, 3.4619555213578304, -2.1522392538621533, -1.8677869372897626, 3.440551931487949, 4.473867550633358, 4.172668744629554, -4.343210876561752, 3.633835793996356, -1.1717829453770898, 0.2746547695752801, -1.0326642876563392, -0.5736590121626586, 2.0709240490208636]}},
			{"instance": 0, "evals": 2301, "best": {"evals": 2085, "y": 27.68111884209979, "x": [2.366329162115078, 0.8857989337784273, -0.6570429020192392, 0.032435246217688896, 1.8331899371103564, 0.394155956002591, -0.40458738152665397, -0.5155268316627808, 2.0954167791136324, -2.5182737012651017, -0.7327373819302583, -2.1260734703227904, -1.2480487061642478, 3.343961082962359, 2.7730976365158955, 4.143082182562985, -2.29927830609419, 0.19342650230858816, -1.0443635227735868, -4.6924804817573555, -0.32253890793233464, -1.1414811154585056, 1.998709111893161]}},
			{"instance": 0, "evals": 2301, "best": {"evals": 1981, "y": 25.75363122961342, "x": [3.222933266554071, -0.9170117879510337, 1.0276847217489142, -0.2794287416353596, 0.27610869929979076, -0.8298224154234308, 0.7752510689696737, -0.4016050756651557, 3.119328800330605, -2.6164010910876208, 0.9444128746943465, 1.2666736909114515, 1.3077381980604836, 4.7449952495322005, 3.6828534698820414, 4.524947297057743, -1.970812079486607, 2.262076698054125, -4.807444244607608, -2.0449128615912056, 1.4209057294617131, -1.009825803981409, 0.8944760223136221]}},
			{"instance": 0, "evals": 2301, "best": {"evals": 1869, "y": 30.739071513513156, "x": [1.884450641471763, 1.3551406402533859, 3.4017554251056263, 3.123075090546382, -1.5045169484911547, 2.7628927674996406, 2.8012324407864377, 3.5006767799134524, 4.248654955282289, -1.6934093364994562, -1.238594510004777, 0.6390607632888914, 1.51816553554502, 3.531204427213969, 1.8517239109141492, 1.5250961238685896, -3.2793713513887046, -0.4871157043375389, -1.4045694097091594, -1.5445604668335668, -3.0933455753879633, -1.1863221715555836, 3.7525155186269474]}},
			{"instance": 0, "evals": 2301, "best": {"evals": 1699, "y": 25.291297933669583, "x": [3.3611234942171624, 2.850475382304646, 0.8355971131510143, 1.8248053490997505, -0.5734702385601311, 0.4365201552342244, 0.17744270256859807, -0.5312812033655265, 2.0729511127448514, -1.2626306511624665, -0.04622672172870601, -0.24703978069506327, -2.86945905881707, 3.160189694516397, 0.16390511815054554, 0.2007659913259765, -1.546740603601009, 3.8609933996439683, -3.4691094452920277, -0.5716885751657217, -1.229888791143762, 0.13196550588236233, 1.0947852749159417]}},
			{"instance": 0, "evals": 2301, "best": {"evals": 1899, "y": 28.230809761867796, "x": [1.539996390434348, 2.4950148724164523, 3.294242731952168, -1.6359352120779758, 3.2556395160319624, 2.0018136869576244, 0.11763660991922498, -0.9592801780844242, 2.5506983198129154, -1.0729660431754786, 2.0162258148683403, -0.1263296983828046, 2.04783873942477, 3.6182576873339745, 4.529892012862437, 3.7552312915901904, -0.36063537081242814, 2.4337392733356857, -3.4799497993391277, -3.0384339059619805, -0.18052870901968188, -1.1444978793145297, 0.4440571071340269]}},
			{"instance": 0, "evals": 2301, "best": {"evals": 2280, "y": 36.343283820060805, "x": [2.3722720374589956, 1.6594995112411932, -2.1435163424964507, 1.6767858649265053, -2.957567381342676, -1.2569063532091453, -0.043476598232284225, 0.6286349251858836, -0.6425131864673947, -2.369144758825885, 0.013253055705037653, 0.8850297780527949, -1.9818752037814455, 4.740237102708944, 1.3469168020992837, 2.042362197656839, -4.291572915182938, -0.436831532176428, -2.197238467545776, 2.15436070898114, 0.873624669310265, -2.869808172683534, 1.751024563997043]}},
			{"instance": 0, "evals": 2301, "best": {"evals": 2156, "y": 29.37557375172515, "x": [1.1421303646404422, 0.8190103821327362, 0.7962074142535867, -0.10437490480368639, -0.7024503083999689, 2.5204259080889075, 3.92766699937196, 3.3409639748014226, -0.9890868577968597, 1.0972912075176682, -0.07240740851226724, 0.4387108560153976, 1.7476260248844668, 3.2539816788608427, 0.9167882044746032, 2.411725236639835, -3.0069946452690353, 2.221895358528457, -2.878472108713433, 0.5982198901642334, -4.619175207205423, -3.8252638057190933, -0.12232159959553601]}},
			{"instance": 0, "evals": 2301, "best": {"evals": 2260, "y": 30.07837799649716, "x": [-0.15081376455981665, 2.9480324829809437, 0.12732410098933955, 2.347884729600759, 3.337003691617168, 4.186421994815422, 0.3815645658700122, 3.3137558137278824, 1.0878908310189952, -3.4018513191521587, 0.07967862774839851, -4.170959469744121, 2.027038932230724, 1.6379899632883275, 0.40392417693934, 4.215380533276958, -3.7584562879883574, 4.533684060193448, -4.412056026041511, 0.6618692689566203, -1.28349936430683, -1.6383912516767785, -0.43286540379732186]}},
			{"instance": 0, "evals": 2301, "best": {"evals": 1575, "y": 32.393575572989654,