evaluations raw_y
1 13.660905280345895
2 -14.383970677195075
3 5.150283383158353
4 -3.7628953220348302
5 12.610811346982635
6 4.44248100565153
7 38.48157264046727
8 -12.646354296067301
9 -21.6454683865423
10 -2.10093606332439
11 5.173108342359998
12 23.133387673414433
13 10.684150460193532
14 7.40857985524642
15 14.546383317930498
16 -7.934505137077629
17 -9.368809181427336
18 5.693336433677872
19 6.651109107386229
20 23.651122897804132
21 19.133370654444064
22 31.214306232154573
23 3.2335553882770096
24 1.5140377052751999
25 -4.0900598565449675
26 -8.135159748923243
27 -5.914062469674774
28 -1.1403910191757416
29 4.696853928772522
30 4.53881731771899
31 -17.692458138356265
32 6.072259718862894
33 15.417660151270159
34 5.370552322692488
35 15.049120269327968
36 -13.56540654714994
37 -2.0701630151361643
38 9.172640382672016
39 8.084338679727377
40 2.5793931047063534
41 15.24924450729612
42 3.600547629613435
43 9.112040011533288
44 33.63923002088052
45 -5.2545826552387105
46 15.934741142134602
47 2.7515862232960195
48 0.340775180285499
49 16.75486445469207
50 32.85328289760942
51 18.777562522987626
52 -2.2500320362815223
53 3.2293498386965007
54 11.743484885818363
55 -15.103545642414588
56 3.0251262950151387
57 3.511070547113858
58 -11.05253788176756
59 12.10211187493865
60 3.286998431333541
61 -17.692458138356265
62 6.072259718862894
63 15.417660151270159
64 5.370552322692488
65 15.049120269327968
66 -13.56540654714994
67 -2.0701630151361643
68 9.172640382672016
69 8.084338679727377
70 2.5793931047063534
71 15.24924450729612
72 3.600547629613435
73 9.112040011533288
74 33.63923002088052
75 -5.2545826552387105
76 15.934741142134602
77 2.7515862232960195
78 0.340775180285499
79 16.75486445469207
80 32.85328289760942
81 18.777562522987626
82 -2.2500320362815223
83 3.2293498386965007
84 11.743484885818363
85 -15.103545642414588
86 3.0251262950151387
87 3.511070547113858
88 -11.05253788176756
89 12.10211187493865
90 3.286998431333541
91 -17.41693430481851
92 -9.016009328594665
93 -10.401050893337784
94 -2.844523588362745
95 -14.119383952002348
96 0.3056620944716488
97 -4.9874797566387405
98 -7.710635051751446
99 13.109438084994478
100 0.20919992486832328
101 15.843429662470687
102 -2.692932244422615
103 9.60842786390226
104 -7.354289499172558
105 2.10029403132537
106 9.494833039211972
107 -10.018339006256992
108 -0.20981148759746837
109 -15.693771071339
110 -6.885077708733525
111 -6.608733535023029
112 15.507667270560415
113 9.740784240862567
114 -5.587962979111032
115 -3.429528684911743
116 -16.26807286013993
117 1.7094934515101254
118 -17.204946111695328
119 2.496032971711707
120 6.240392785207405
121 -17.41693430481851
122 -9.016009328594665
123 -10.401050893337784
124 -2.844523588362745
125 -14.119383952002348
126 0.3056620944716488
127 -4.9874797566387405
128 -7.710635051751446
129 13.109438084994478
130 0.20919992486832328
131 15.843429662470687
132 -2.692932244422615
133 9.60842786390226
134 -7.354289499172558
135 2.10029403132537
136 9.494833039211972
137 -10.018339006256992
138 -0.20981148759746837
139 -15.693771071339
140 -6.885077708733525
141 -6.608733535023029
142 15.507667270560415
143 9.740784240862567
144 -5.587962979111032
145 -3.429528684911743
146 -16.26807286013993
147 1.7094934515101254
148 -17.204946111695328
149 2.496032971711707
150 6.240392785207405
151 -16.795109239671877
152 3.9727265122709308
153 12.196456379289762
154 1.8285781356836388
155 0.47811260750254525
156 -15.685558901242551
157 2.4812083239747214
158 10.903616709506641
159 -4.875881717777925
160 -3.805359236140161
161 0.5805642741934938
162 -3.3893211394502925
163 -3.6577284235556906
164 14.083341319456041
165 -11.667329078779463
166 -0.3834665203202048
167 6.791836345236814
168 -3.350550827200143
169 8.098969877814326
170 21.901277736026348
171 19.377550031238925
172 -3.924720520055573
173 -8.248341983717603
174 9.929059685349188
175 -13.971231454556483
176 -4.3217026017440805
177 -0.941292530006153
178 -5.198152269493231
179 10.230269005664892
180 -1.7617102370586755
181 -16.795109239671877
182 3.9727265122709308
183 12.196456379289762
184 1.8285781356836388
185 0.47811260750254525
186 -15.685558901242551
187 2.4812083239747214
188 10.903616709506641
189 -4.875881717777925
190 -3.805359236140161
191 0.5805642741934938
192 -3.3893211394502925
193 -3.6577284235556906
194 14.083341319456041
195 -11.667329078779463
196 -0.3834665203202048
197 6.791836345236814
198 -3.350550827200143
199 8.098969877814326
200 21.901277736026348
201 19.377550031238925
202 -3.924720520055573
203 -8.248341983717603
204 9.929059685349188
205 -13.971231454556483
206 -4.3217026017440805
207 -0.941292530006153
208 -5.198152269493231
209 10.230269005664892
210 -1.7617102370586755
211 -11.219391304415232
212 -9.053803263391364
213 -11.928982918502884
214 -7.157672512408417
215 -19.32974321035418
216 -9.577697581248492
217 -4.175835747244278
218 -5.306965993930687
219 13.272193023164354
220 -0.882692644920017
221 13.76189292946265
222 -6.503014463498261
223 8.491767169866282
224 -10.30065532248402
225 -5.276783530615195
226 -0.26404631619172303
227 -9.29530184196805
228 -0.8901168047028982
229 -16.806425584598056
230 -7.243689893805189
231 -6.221865685587111
232 13.743893640873715
233 5.977751388102147
234 -5.83068251653053
235 -6.647080290520079
236 -15.451294044159283
237 2.9126602907788524
238 -19.304098323076282
239 -2.596628625781493
240 3.2159156461537703
241 -11.219391304415232
242 -9.053803263391364
243 -11.928982918502884
244 -7.157672512408417
245 -19.32974321035418
246 -9.577697581248492
247 -4.175835747244278
248 -5.306965993930687
249 13.272193023164354
250 -0.882692644920017
251 13.76189292946265
252 -6.503014463498261
253 8.491767169866282
254 -10.30065532248402
255 -5.276783530615195
256 -0.26404631619172303
257 -9.29530184196805
258 -0.8901168047028982
259 -16.806425584598056
260 -7.243689893805189
261 -6.221865685587111
262 13.743893640873715
263 5.977751388102147
264 -5.83068251653053
265 -6.647080290520079
266 -15.451294044159283
267 2.9126602907788524
268 -19.304098323076282
269 -2.596628625781493
270 3.2159156461537703
271 -16.12740327682746
272 2.5671541370916846
273 7.472510944876264
274 -3.0647451034045012
275 -4.4502154652288155
276 -15.553773844677114
277 -0.9029768319321052
278 10.950951107229029
279 -7.086000588785269
280 -11.436149160009377
281 -1.9851078537690312
282 -6.446990037867877
283 -11.046528673826103
284 12.793923667762176
285 -15.03945043060773
286 -6.038307761120683
287 6.807508882080779
288 -7.473786831488127
289 5.801905432147934
290 13.862330896936669
291 7.8030686353534575
292 -7.537507307870955
293 -10.949972217997107
294 3.2209295672475196
295 -15.047423787311917
296 -7.536606895107247
297 -4.160986056136056
298 -0.41650883247859083
299 5.528464199334012
300 -5.447656380403686
301 -16.12740327682746
302 2.5671541370916846
303 7.472510944876264
304 -3.0647451034045012
305 -4.4502154652288155
306 -15.553773844677114
307 -0.9029768319321052
308 10.950951107229029
309 -7.086000588785269
310 -11.436149160009377
311 -1.9851078537690312
312 -6.446990037867877
313 -11.046528673826103
314 12.793923667762176
315 -15.03945043060773
316 -6.038307761120683
317 6.807508882080779
318 -7.473786831488127
319 5.801905432147934
320 13.862330896936669
321 7.8030686353534575
322 -7.537507307870955
323 -10.949972217997107
324 3.2209295672475196
325 -15.047423787311917
326 -7.536606895107247
327 -4.160986056136056
328 -0.41650883247859083
329 5.528464199334012
330 -5.447656380403686
331 -10.548757655802524
332 -8.917000775529434
333 -14.385528777126535
334 -8.057383261549504
335 -21.268122980360456
336 -10.714905175870292
337 -4.525793958789749
338 -9.185516211025492
339 12.74802806568663
340 -3.3366298147734668
341 4.022728320160659
342 -8.387288260382288
343 0.26162504594151803
344 -13.894196443469976
345 -7.477952556286822
346 -2.6424166588079308
347 -10.933663973458449
348 -1.8809605145425223
349 -17.979189981385304
350 -8.903521710222408
351 -7.327747960561188
352 11.606698462696828
353 5.109500538715579
354 -7.351882184145041
355 -6.158448870033528
356 -17.86867808962804
357 -1.1063729328919025
358 -19.514493103837175
359 -14.545061359282249
360 0.5349144826004206
361 -10.548757655802524
362 -8.917000775529434
363 -14.385528777126535
364 -8.057383261549504
365 -21.268122980360456
366 -10.714905175870292
367 -4.525793958789749
368 -9.185516211025492
369 12.74802806568663
370 -3.3366298147734668
371 4.022728320160659
372 -8.387288260382288
373 0.26162504594151803
374 -13.894196443469976
375 -7.477952556286822
376 -2.6424166588079308
377 -10.933663973458449
378 -1.8809605145425223
379 -17.979189981385304
380 -8.903521710222408
381 -7.327747960561188
382 11.606698462696828
383 5.109500538715579
384 -7.351882184145041
385 -6.158448870033528
386 -17.86867808962804
387 -1.1063729328919025
388 -19.514493103837175
389 -14.545061359282249
390 0.5349144826004206
391 -19.658598498295966
392 -5.058643318645577
393 -0.32279897505006017
394 -15.088318007100764
395 -12.598676937478
396 -17.99086901918208
397 -13.30385957722114
398 -1.2552984337363826
399 -17.896226039989237
400 -15.810029858658922
401 -8.527543190407798
402 -18.886385789103375
403 -19.911292530373053
404 1.845846865684374
405 -18.651711047595786
406 -13.04564592358744
407 -10.5516056679948
408 -11.944557335525186
409 -8.16852608126218
410 2.8351896250640976
411 -0.6651971767433422
412 -11.741313903557476
413 -19.94819865441327
414 -6.804794184300794
415 -17.024052273156535
416 -11.455553710762901
417 -13.184824425713792
418 -4.8451150387248605
419 -2.5512854918466212
420 -8.64987560524284
421 -19.658598498295966
422 -5.058643318645577
423 -0.32279897505006017
424 -15.088318007100764
425 -12.598676937478
426 -17.99086901918208
427 -13.30385957722114
428 -1.2552984337363826
429 -17.896226039989237
430 -15.810029858658922
431 -8.527543190407798
432 -18.886385789103375
433 -19.911292530373053
434 1.845846865684374
435 -18.651711047595786
436 -13.04564592358744
437 -10.5516056679948
438 -11.944557335525186
439 -8.16852608126218
440 2.8351896250640976
441 -0.6651971767433422
442 -11.741313903557476
443 -19.94819865441327
444 -6.804794184300794
445 -17.024052273156535
446 -11.455553710762901
447 -13.184824425713792
448 -4.8451150387248605
449 -2.5512854918466212
450 -8.64987560524284
451 -15.938395816376357
452 -18.112863731627492
453 -20.152561902775496
454 -12.919907663827786
455 -23.703901714146973
456 -9.710749467882163
457 -10.263510899653213
458 -15.512445406318287
459 0.5469354972771947
460 -12.104106032080786
461 -5.5583507835872465
462 -14.280644563372746
463 -5.930229489638921
464 -21.77979341952816
465 -14.385770013469312
466 -14.557370520441058
467 -15.204751011432716
468 -10.918112744228265
469 -16.06398893136198
470 -20.95897626018711
471 -19.71731512625653
472 -2.1796996766374006
473 -6.846704625605232
474 -18.02270149819126
475 -12.965604537335143
476 -18.815116590373133
477 -7.309790819076384
478 -18.75653139606553
479 -20.417756695767036
480 -9.750810042678681
481 -15.938395816376357
482 -18.112863731627492
483 -20.152561902775496
484 -12.919907663827786
485 -23.703901714146973
486 -9.710749467882163
487 -10.263510899653213
488 -15.512445406318287
489 0.5469354972771947
490 -12.104106032080786
491 -5.5583507835872465
492 -14.280644563372746
493 -5.930229489638921
494 -21.77979341952816
495 -14.385770013469312
496 -14.557370520441058
497 -15.204751011432716
498 -10.918112744228265
499 -16.06398893136198
500 -20.95897626018711
501 -19.71731512625653
502 -2.1796996766374006
503 -6.846704625605232
504 -18.02270149819126
505 -12.965604537335143
506 -18.815116590373133
507 -7.309790819076384
508 -18.75653139606553
509 -20.417756695767036
510 -9.750810042678681
511 -24.213703661624034
512 -11.858716273011101
513 -17.80138624203115
514 -11.01694907190874
515 -22.79829699857506
516 -20.057793098015324
517 -21.332600849782903
518 -11.131736056055832
519 -17.684444838684207
520 -22.080264735587804
521 -20.024640415916956
522 -20.426802271356475
523 -20.895650579052862
524 -13.437730186165092
525 -17.951392759775246
526 -18.770695247145078
527 -9.252553771178327
528 -12.720577621791296
529 -12.734663906428416
530 -12.914636717029055
531 -14.390891293466018
532 -18.693354680564152
533 -18.410138471522714
534 -13.791380133897686
535 -19.051675065590498
536 -18.37979865673492
537 -22.33935909070575
538 -15.385987617747146
539 -13.38970518891475
540 -11.43073090514995
541 -24.213703661624034
542 -11.858716273011101
543 -17.80138624203115
544 -11.01694907190874
545 -22.79829699857506
546 -20.057793098015324
547 -21.332600849782903
548 -11.131736056055832
549 -17.684444838684207
550 -22.080264735587804
551 -20.024640415916956
552 -20.426802271356475
553 -20.895650579052862
554 -13.437730186165092
555 -17.951392759775246
556 -18.770695247145078
557 -9.252553771178327
558 -12.720577621791296
559 -12.734663906428416
560 -12.914636717029055
561 -14.390891293466018
562 -18.693354680564152
563 -18.410138471522714
564 -13.791380133897686
565 -19.051675065590498
566 -18.37979865673492
567 -22.33935909070575
568 -15.385987617747146
569 -13.38970518891475
570 -11.43073090514995
571 -24.176544909108564
572 -22.628813871931378
573 -23.97581666518157
574 -24.60265250371086
575 -22.789644027297637
576 -20.503032872312588
577 -22.51950356102964
578 -22.84956342947913
579 -23.02932377430418
580 -22.07690004882018
581 -23.40953098502421
582 -25.185674743274554
583 -25.3070827435036
584 -23.6387549583562
585 -20.471716331551164
586 -23.90683272037412
587 -22.12581299023143
588 -21.613926450413306
589 -23.997033772270857
590 -23.562287080936542
591 -23.482661020810625
592 -23.633489776595564
593 -23.08171757482556
594 -23.929732940001678
595 -20.455458891052693
596 -21.680567904278693
597 -20.863967763952814
598 -25.046001481608045
599 -22.604707976931905
600 -23.084596080203216
601 -24.176544909108564
602 -22.628813871931378
603 -23.97581666518157
604 -24.60265250371086
605 -22.789644027297637
606 -20.503032872312588
607 -22.51950356102964
608 -22.84956342947913
609 -23.02932377430418
610 -22.07690004882018
611 -23.40953098502421
612 -25.185674743274554
613 -25.3070827435036
614 -23.6387549583562
615 -20.471716331551164
616 -23.90683272037412
617 -22.12581299023143
618 -21.613926450413306
619 -23.997033772270857
620 -23.562287080936542
621 -23.482661020810625
622 -23.633489776595564
623 -23.08171757482556
624 -23.929732940001678
625 -20.455458891052693
626 -21.680567904278693
627 -20.863967763952814
628 -25.046001481608045
629 -22.604707976931905
630 -23.084596080203216
631 -21.936595147834943
632 -21.7029013465134
633 -22.488282913811126
634 -24.012200868129334
635 -23.699679248538118
636 -26.119432146186938
637 -22.846728379530024
638 -19.262393266498947
639 -22.987438393676115
640 -23.834873289816684
641 -23.01161293005567
642 -22.631226554996875
643 -24.406547976369783
644 -20.500503842090865
645 -24.5147876881064
646 -23.577455861150117
647 -22.35268476248151
648 -22.213098779902005
649 -21.201427956684263
650 -21.038254823558272
651 -22.82544264242679
652 -21.34650039430996
653 -21.57097704776243
654 -20.226455545738943
655 -24.32822588355527
656 -25.31379214245468
657 -22.36598039016512
658 -21.700913144977974
659 -22.212673177632297
660 -24.136411608450913
661 -21.936595147834943
662 -21.7029013465134
663 -22.488282913811126
664 -24.012200868129334
665 -23.699679248538118
666 -26.119432146186938
667 -22.846728379530024
668 -19.262393266498947
669 -22.987438393676115
670 -23.834873289816684
671 -23.01161293005567
672 -22.631226554996875
673 -24.406547976369783
674 -20.500503842090865
675 -24.5147876881064
676 -23.577455861150117
677 -22.35268476248151
678 -22.213098779902005
679 -21.201427956684263
680 -21.038254823558272
681 -22.82544264242679
682 -21.34650039430996
683 -21.57097704776243
684 -20.226455545738943
685 -24.32822588355527
686 -25.31379214245468
687 -22.36598039016512
688 -21.700913144977974
689 -22.212673177632297
690 -24.136411608450913
691 -26.36399553794894
692 -25.6156338579773
693 -25.635389113985678
694 -25.661116553317264
695 -26.007577875748165
696 -26.181067092310748
697 -26.336954337828754
698 -25.163964418572952
699 -26.117242561667563
700 -25.977976077108504
701 -26.416476571474387
702 -26.302774259697365
703 -26.33010493233165
704 -25.463249281503735
705 -26.04176862278767
706 -26.1669742750746
707 -25.2840395815713
708 -25.512117381639555
709 -25.487705796953332
710 -25.363874448824674
711 -25.49580134900763
712 -25.87472430610191
713 -26.281596345348305
714 -25.51786292550642
715 -26.363882147783364
716 -25.630931970367488
717 -25.88644504074511
718 -25.88319871312534
719 -25.235886031904307
720 -25.58541861473514
721 -26.36399553794894
722 -25.6156338579773
723 -25.635389113985678
724 -25.661116553317264
725 -26.007577875748165
726 -26.181067092310748
727 -26.336954337828754
728 -25.163964418572952
729 -26.117242561667563
730 -25.977976077108504
731 -26.416476571474387
732 -26.302774259697365
733 -26.33010493233165
734 -25.463249281503735
735 -26.04176862278767
736 -26.1669742750746
737 -25.2840395815713
738 -25.512117381639555
739 -25.487705796953332
740 -25.363874448824674
741 -25.49580134900763
742 -25.87472430610191
743 -26.281596345348305
744 -25.51786292550642
745 -26.363882147783364
746 -25.630931970367488
747 -25.88644504074511
748 -25.88319871312534
749 -25.235886031904307
750 -25.58541861473514
751 -26.410092287973285
752 -26.42848062799733
753 -26.417172724490513
754 -26.424446767329044
755 -26.412343675459322
756 -26.40974629239627
757 -26.416852844270856
758 -26.428538333943287
759 -26.4096932269159
760 -26.40344469676313
761 -26.402773396153222
762 -26.41081903004994
763 -26.407232538792712
764 -26.42041513872146
765 -26.41613835385261
766 -26.405744903325296
767 -26.420166741401708
768 -26.41669140563735
769 -26.42029764848013
770 -26.42136428186433
771 -26.421561200740236
772 -26.409360082440944
773 -26.41654990146823
774 -26.42960155415306
775 -26.41579233915191
776 -26.412189552448964
777 -26.40510008955483
778 -26.427179319677506
779 -26.421173921343726
780 -26.419845628447817
781 -26.410092287973285
782 -26.42848062799733
783 -26.417172724490513
784 -26.424446767329044
785 -26.412343675459322
786 -26.40974629239627
787 -26.416852844270856
788 -26.428538333943287
789 -26.4096932269159
790 -26.40344469676313
791 -26.402773396153222
792 -26.41081903004994
793 -26.407232538792712
794 -26.42041513872146
795 -26.41613835385261
796 -26.405744903325296
797 -26.420166741401708
798 -26.41669140563735
799 -26.42029764848013
800 -26.42136428186433
801 -26.421561200740236
802 -26.409360082440944
803 -26.41654990146823
804 -26.42960155415306
805 -26.41579233915191
806 -26.412189552448964
807 -26.40510008955483
808 -26.427179319677506
809 -26.421173921343726
810 -26.419845628447817
811 -26.369966386052806
812 -26.476666451190226
813 -26.41410940614686
814 -26.47048853695311
815 -26.397427875793007
816 -26.374366087956837
817 -26.419032224721033
818 -26.4798112975341
819 -26.35356618831677
820 -26.319994311934906
821 -26.29884790758285
822 -26.37648348534165
823 -26.348259224913782
824 -26.434027694769387
825 -26.42127476953334
826 -26.339995550290922
827 -26.434119398969614
828 -26.414161529499538
829 -26.443097907434808
830 -26.429081395289302
831 -26.431770946745587
832 -26.35022658758365
833 -26.415626476892136
834 -26.498546426896436
835 -26.414257408999365
836 -26.390082392922466
837 -26.322825263668836
838 -26.480978584554073
839 -26.43848668445343
840 -26.437398784094157
841 -26.369966386052806
842 -26.476666451190226
843 -26.41410940614686
844 -26.47048853695311
845 -26.397427875793007
846 -26.374366087956837
847 -26.419032224721033
848 -26.4798112975341
849 -26.35356618831677
850 -26.319994311934906
851 -26.29884790758285
852 -26.37648348534165
853 -26.348259224913782
854 -26.434027694769387
855 -26.42127476953334
856 -26.339995550290922
857 -26.434119398969614
858 -26.414161529499538
859 -26.443097907434808
860 -26.429081395289302
861 -26.431770946745587
862 -26.35022658758365
863 -26.415626476892136
864 -26.498546426896436
865 -26.414257408999365
866 -26.390082392922466
867 -26.322825263668836
868 -26.480978584554073
869 -26.43848668445343
870 -26.437398784094157
871 -26.494060575144697
872 -26.50696538226316
873 -26.49376114289619
874 -26.50559423261121
875 -26.49257054058393
876 -26.488535985984853
877 -26.50088817517917
878 -26.50641991199076
879 -26.491561708463166
880 -26.479330666007847
881 -26.483054468475782
882 -26.49543742276758
883 -26.48857944446409
884 -26.498717653472603
885 -26.497212926575884
886 -26.484877279111796
887 -26.496259969280267
888 -26.49781954902025
889 -26.501096289824083
890 -26.496770331674497
891 -26.49625408251576
892 -26.489289503791518
893 -26.502927221077325
894 -26.512404927426147
895 -26.499104943311227
896 -26.487327890824364
897 -26.483152080747736
898 -26.509155569949
899 -26.495891086110422
900 -26.498162995935058
901 -26.494060575144697
902 -26.50696538226316
903 -26.49376114289619
904 -26.50559423261121
905 -26.49257054058393
906 -26.488535985984853
907 -26.50088817517917
908 -26.50641991199076
909 -26.491561708463166
910 -26.479330666007847
911 -26.483054468475782
912 -26.49543742276758
913 -26.48857944446409
914 -26.498717653472603
915 -26.497212926575884
916 -26.484877279111796
917 -26.496259969280267
918 -26.49781954902025
919 -26.501096289824083
920 -26.496770331674497
921 -26.49625408251576
922 -26.489289503791518
923 -26.502927221077325
924 -26.512404927426147
925 -26.499104943311227
926 -26.487327890824364
927 -26.483152080747736
928 -26.509155569949
929 -26.495891086110422
930 -26.498162995935058
931 -26.51274797526181
932 -26.514164402711643
933 -26.51109695953837
934 -26.513794383760928
935 -26.511151665640984
936 -26.51039242909244
937 -26.51374007288669
938 -26.51382575055637
939 -26.512380966930536
940 -26.508748554828095
941 -26.510902776481807
942 -26.513030932092
943 -26.511356348514326
944 -26.51234996727763
945 -26.512180144345216
946 -26.510175350278914
947 -26.511355698997193
948 -26.512662956742023
949 -26.51296151693709
950 -26.51176672864365
951 -26.511458195333717
952 -26.51163455201463
953 -26.514680279006214
954 -26.51553767652652
955 -26.513202863957225
956 -26.509327817818324
957 -26.510167789602214
958 -26.514864869328157
959 -26.51105008097644
960 -26.51200352341651
961 -26.51274797526181
962 -26.514164402711643
963 -26.51109695953837
964 -26.513794383760928
965 -26.511151665640984
966 -26.51039242909244
967 -26.51374007288669
968 -26.51382575055637
969 -26.512380966930536
970 -26.508748554828095
971 -26.510902776481807
972 -26.513030932092
973 -26.511356348514326
974 -26.51234996727763
975 -26.512180144345216
976 -26.510175350278914
977 -26.511355698997193
978 -26.512662956742023
979 -26.51296151693709
980 -26.51176672864365
981 -26.511458195333717
982 -26.51163455201463
983 -26.514680279006214
984 -26.51553767652652
985 -26.513202863957225
986 -26.509327817818324
987 -26.510167789602214
988 -26.514864869328157
989 -26.51105008097644
990 -26.51200352341651
evaluations raw_y
1 -3.6327532259339614
2 15.406814587633695
3 27.130334091176778
4 6.105812546279061
5 -23.431442984770214
6 1.3632624276398235
7 -1.735870580925774
8 27.139607540187363
9 13.503161874346645
10 -10.112443697149743
11 15.670393476486199
12 4.677433030580802
13 21.759685419148646
14 3.974917775212952
15 23.79376828513908
16 17.698882856436988
17 15.993161993031183
18 -2.866849716936495
19 10.949833360997943
20 21.13047171867543
21 -6.766777163732009
22 -6.158551214883504
23 15.015864249772477
24 -15.034548962212904
25 -10.55398323818953
26 5.199017602572708
27 10.617603027986384
28 22.28381268126863
29 18.680077346145858
30 32.25759552649239
31 28.947805266009894
32 -21.232712384066705
33 30.93457467374235
34 14.729242364787746
35 17.88508127521548
36 1.0930641736444386
37 -7.351804201605355
38 19.777703888260028
39 20.630593905810343
40 32.189613876978704
41 -4.43544282454592
42 -10.467958894627873
43 17.27023717118762
44 -10.249094850941956
45 -16.27478311983704
46 3.302983169348371
47 7.792814420698603
48 -11.833585818166025
49 -8.982141767761322
50 -0.3508797974871656
51 15.057691158814146
52 13.185848037605606
53 25.67148275233411
54 34.026373224318384
55 0.9153590740950088
56 26.234134303162364
57 9.293480284911354
58 5.2208788844198395
59 24.792313797355558
60 14.11156831119487
61 28.947805266009894
62 -21.232712384066705
63 30.93457467374235
64 14.729242364787746
65 17.88508127521548
66 1.0930641736444386
67 -7.351804201605355
68 19.777703888260028
69 20.630593905810343
70 32.189613876978704
71 -4.43544282454592
72 -10.467958894627873
73 17.27023717118762
74 -10.249094850941956
75 -16.27478311983704
76 3.302983169348371
77 7.792814420698603
78 -11.833585818166025
79 -8.982141767761322
80 -0.3508797974871656
81 15.057691158814146
82 13.185848037605606
83 25.67148275233411
84 34.026373224318384
85 0.9153590740950088
86 26.234134303162364
87 9.293480284911354
88 5.2208788844198395
89 24.792313797355558
90 14.11156831119487
91 2.611216879711379
92 -12.705073651399964
93 10.472256992216497
94 -3.871510785189276
95 10.00828074063799
96 22.11662672635675
97 10.474029236364444
98 7.088534585435543
99 -8.441702912563931
100 -10.097062766414915
101 -11.770771703688704
102 6.920808833916868
103 4.4267128685848816
104 -1.2298299456820565
105 -1.0029862515816435
106 -2.2659145704642887
107 -15.355558770552074
108 1.9155894090993622
109 -25.6668451371153
110 -8.882909708140534
111 19.09251904240901
112 25.636191143945393
113 -3.0245654995467675
114 -13.031407328244525
115 26.775117188783348
116 -3.359495217623296
117 0.5154792734684899
118 5.41039033381465
119 5.962910165797262
120 7.380836919239586
121 2.611216879711379
122 -12.705073651399964
123 10.472256992216497
124 -3.871510785189276
125 10.00828074063799
126 22.11662672635675
127 10.474029236364444
128 7.088534585435543
129 -8.441702912563931
130 -10.097062766414915
131 -11.770771703688704
132 6.920808833916868
133 4.4267128685848816
134 -1.2298299456820565
135 -1.0029862515816435
136 -2.2659145704642887
137 -15.355558770552074
138 1.9155894090993622
139 -25.6668451371153
140 -8.882909708140534
141 19.09251904240901
142 25.636191143945393
143 -3.0245654995467675
144 -13.031407328244525
145 26.775117188783348
146 -3.359495217623296
147 0.5154792734684899
148 5.41039033381465
149 5.962910165797262
150 7.380836919239586
151 15.186624109328891
152 -19.778290372709748
153 15.914992848626879
154 8.655067594997345
155 8.692392252181314
156 10.347886173206966
157 4.796475852733262
158 19.033601196070666
159 3.061983035467435
160 19.702494713664777
161 -6.72429056569002
162 -5.67157207762281
163 15.923147483362428
164 -11.71525263533654
165 -21.271001742974175
166 3.6755562625856544
167 -6.736625192278256
168 -9.703333674132686
169 -16.502582777207323
170 1.9802104403498744
171 14.396387880539901
172 4.147077933701418
173 7.7704602825755265
174 9.608729095101742
175 13.454509383413225
176 20.506654498979312
177 12.652633151412413
178 3.0573334644848407
179 13.661266803483556
180 11.475687169729287
181 15.186624109328891
182 -19.778290372709748
183 15.914992848626879
184 8.655067594997345
185 8.692392252181314
186 10.347886173206966
187 4.796475852733262
188 19.033601196070666
189 3.061983035467435
190 19.702494713664777
191 -6.72429056569002
192 -5.67157207762281
193 15.923147483362428
194 -11.71525263533654
195 -21.271001742974175
196 3.6755562625856544
197 -6.736625192278256
198 -9.703333674132686
199 -16.502582777207323
200 1.9802104403498744
201 14.396387880539901
202 4.147077933701418
203 7.7704602825755265
204 9.608729095101742
205 13.454509383413225
206 20.506654498979312
207 12.652633151412413
208 3.0573334644848407
209 13.661266803483556
210 11.475687169729287
211 2.200250799539813
212 -21.198619104066868
213 5.381139470718069
214 -10.840499041456901
215 2.2262858736959554
216 -9.190887879130667
217 -11.865013693337255
218 -9.592336700515736
219 1.2380523798363425
220 -4.549746116864482
221 -24.155445930516237
222 -7.407440992969251
223 -0.4052089288200573
224 -11.233421715121112
225 -11.006429657049209
226 -7.556089108731706
227 -13.742231756883191
228 -15.361581628625537
229 -17.39578603897218
230 -18.219865990247637
231 5.03827215249843
232 1.8834875601933856
233 -1.2388545115261538
234 -2.511136755099561
235 -10.426703005317876
236 -4.304934608618993
237 -11.46801372032865
238 -11.79031976405554
239 -5.652654204553256
240 3.932115355315941
241 2.200250799539813
242 -21.198619104066868
243 5.381139470718069
244 -10.840499041456901
245 2.2262858736959554
246 -9.190887879130667
247 -11.865013693337255
248 -9.592336700515736
249 1.2380523798363425
250 -4.549746116864482
251 -24.155445930516237
252 -7.407440992969251
253 -0.4052089288200573
254 -11.233421715121112
255 -11.006429657049209
256 -7.556089108731706
257 -13.742231756883191
258 -15.361581628625537
259 -17.39578603897218
260 -18.219865990247637
261 5.03827215249843
262 1.8834875601933856
263 -1.2388545115261538
264 -2.511136755099561
265 -10.426703005317876
266 -4.304934608618993
267 -11.46801372032865
268 -11.79031976405554
269 -5.652654204553256
270 3.932115355315941
271 2.85282418119142
272 -21.755823899649883
273 5.220285849373159
274 1.527224847278105
275 4.13524217340263
276 5.39541055356881
277 -3.2546208030244546
278 9.897838480479736
279 -6.944981090103383
280 10.172775068261242
281 -7.0559894230675475
282 -8.856170278714888
283 4.398621217755795
284 -14.03395449038486
285 -21.09470126014858
286 -3.2450762517412426
287 -10.763719264929737
288 -14.750597435115282
289 -18.182796966349418
290 1.3344171667995401
291 9.620299459360513
292 -1.7806624867101966
293 -8.304029674183246
294 -4.8056971436019005
295 3.1708139865965927
296 3.2180276763112454
297 5.394713080852046
298 -4.550937645966457
299 4.032057098367657
300 7.541793152313176
301 2.85282418119142
302 -21.755823899649883
303 5.220285849373159
304 1.527224847278105
305 4.13524217340263
306 5.39541055356881
307 -3.2546208030244546
308 9.897838480479736
309 -6.944981090103383
310 10.172775068261242
311 -7.0559894230675475
312 -8.856170278714888
313 4.398621217755795
314 -14.03395449038486
315 -21.09470126014858
316 -3.2450762517412426
317 -10.763719264929737
318 -14.750597435115282
319 -18.182796966349418
320 1.3344171667995401
321 9.620299459360513
322 -1.7806624867101966
323 -8.304029674183246
324 -4.8056971436019005
325 3.1708139865965927
326 3.2180276763112454
327 5.394713080852046
328 -4.550937645966457
329 4.032057098367657
330 7.541793152313176
331 -6.752186167748985
332 -24.334822848254362
333 4.414784752449841
334 -18.308220585761983
335 -3.9777053980504435
336 -13.064735197266906
337 -14.215861350418455
338 -15.253045938845895
339 -2.1173589286605914
340 -4.027764561942474
341 -24.199788780277192
342 -14.623934493610628
343 -3.471879094896113
344 -9.858745276447227
345 -13.435319427030318
346 -10.666322911187034
347 -13.737497678997443
348 -17.563931052964396
349 -14.447074829794271
350 -18.367135763906248
351 0.7929256298168337
352 0.7471104471955072
353 -6.105844242235708
354 -6.1758450482155
355 -12.82236336197651
356 -12.089043494566857
357 -10.723702196915461
358 -9.960794818351484
359 -7.685498579814522
360 -1.705341955629227
361 -6.752186167748985
362 -24.334822848254362
363 4.414784752449841
364 -18.308220585761983
365 -3.9777053980504435
366 -13.064735197266906
367 -14.215861350418455
368 -15.253045938845895
369 -2.1173589286605914
370 -4.027764561942474
371 -24.199788780277192
372 -14.623934493610628
373 -3.471879094896113
374 -9.858745276447227
375 -13.435319427030318
376 -10.666322911187034
377 -13.737497678997443
378 -17.563931052964396
379 -14.447074829794271
380 -18.367135763906248
381 0.7929256298168337
382 0.7471104471955072
383 -6.105844242235708
384 -6.1758450482155
385 -12.82236336197651
386 -12.089043494566857
387 -10.723702196915461
388 -9.960794818351484
389 -7.685498579814522
390 -1.705341955629227
391 -13.111626827981176
392 -20.04277671549384
393 -10.792740758954174
394 -11.284144560582014
395 -5.701460018261631
396 -9.166389000515768
397 -14.895741585604013
398 -0.3013980409935515
399 -18.906494128164518
400 -3.5777193447725333
401 -15.729267653528582
402 -16.17451119298719
403 -7.266533630569718
404 -22.509623744548517
405 -25.49293745747431
406 -16.583425055977514
407 -16.471306636536628
408 -20.02092986056669
409 -23.598916407838313
410 -10.759313760180607
411 0.5994102265032328
412 -7.8461459875576445
413 -16.024611651655515
414 -19.16344963736839
415 -7.0911148678789955
416 -6.455626015396801
417 -8.043861583941887
418 -12.682280517112055
419 -5.073471548580699
420 -10.093795654035558
421 -13.111626827981176
422 -20.04277671549384
423 -10.792740758954174
424 -11.284144560582014
425 -5.701460018261631
426 -9.166389000515768
427 -14.895741585604013
428 -0.3013980409935515
429 -18.906494128164518
430 -3.5777193447725333
431 -15.729267653528582
432 -16.17451119298719
433 -7.266533630569718
434 -22.509623744548517
435 -25.49293745747431
436 -16.583425055977514
437 -16.471306636536628
438 -20.02092986056669
439 -23.598916407838313
440 -10.759313760180607
441 0.5994102265032328
442 -7.8461459875576445
443 -16.024611651655515
444 -19.16344963736839
445 -7.0911148678789955
446 -6.455626015396801
447 -8.043861583941887
448 -12.682280517112055
449 -5.073471548580699
450 -10.093795654035558
451 -10.704225874290223
452 -23.608234079975517
453 -5.949238969195181
454 -23.13979860406068
455 -16.844309825331955
456 -17.31429396367141
457 -20.09442542743981
458 -20.506026374871713
459 -14.579658943084107
460 -12.518524188220852
461 -25.94462300678092
462 -19.774664838745977
463 -12.373081751596171
464 -15.405900783000117
465 -17.245690519188773
466 -14.936350225369925
467 -21.29334110300465
468 -19.99393639486316
469 -21.409704343038957
470 -26.880715374100827
471 -7.890420928410989
472 -10.144342266365843
473 -11.217573064237111
474 -10.057272113219998
475 -17.984439155831442
476 -15.851610905451555
477 -21.278072254539627
478 -12.78816937632307
479 -14.172265449314914
480 -12.05571211198844
481 -10.704225874290223
482 -23.608234079975517
483 -5.949238969195181
484 -23.13979860406068
485 -16.844309825331955
486 -17.31429396367141
487 -20.09442542743981
488 -20.506026374871713
489 -14.579658943084107
490 -12.518524188220852
491 -25.94462300678092
492 -19.774664838745977
493 -12.373081751596171
494 -15.405900783000117
495 -17.245690519188773
496 -14.936350225369925
497 -21.29334110300465
498 -19.99393639486316
499 -21.409704343038957
500 -26.880715374100827
501 -7.890420928410989
502 -10.144342266365843
503 -11.217573064237111
504 -10.057272113219998
505 -17.984439155831442
506 -15.851610905451555
507 -21.278072254539627
508 -12.78816937632307
509 -14.172265449314914
510 -12.05571211198844
511 -17.069592996144767
512 -22.935967522622615
513 -9.250350931736117
514 -20.651043502493618
515 -18.655545324949706
516 -23.63038298900947
517 -25.004095052374854
518 -29.82199112097156
519 -12.960750694919486
520 -12.653401492413598
521 -22.169749870764612
522 -20.92162909659296
523 -13.020814673073076
524 -23.522683634648903
525 -19.412067022531993
526 -20.321291376291622
527 -22.46239110964582
528 -24.233287480476672
529 -16.266674431224818
530 -26.460823927647454
531 -27.391607959813776
532 -23.38613734289049
533 -14.966150848805775
534 -17.67826323180695
535 -22.485352162050894
536 -23.566460120328415
537 -25.374203930704237
538 -22.15660704353896
539 -16.044741019402394
540 -9.94218415548557
541 -17.069592996144767
542 -22.935967522622615
543 -9.250350931736117
544 -20.651043502493618
545 -18.655545324949706
546 -23.63038298900947
547 -25.004095052374854
548 -29.82199112097156
549 -12.960750694919486
550 -12.653401492413598
551 -22.169749870764612
552 -20.92162909659296
553 -13.020814673073076
554 -23.522683634648903
555 -19.412067022531993
556 -20.321291376291622
557 -22.46239110964582
558 -24.233287480476672
559 -16.266674431224818
560 -26.460823927647454
561 -27.391607959813776
562 -23.38613734289049
563 -14.966150848805775
564 -17.67826323180695
565 -22.485352162050894
566 -23.566460120328415
567 -25.374203930704237
568 -22.15660704353896
569 -16.044741019402394
570 -9.94218415548557
571 -23.47304068999124
572 -28.68486044746558
573 -21.532560151980345
574 -25.11685448346454
575 -23.925598904524666
576 -23.997492371874472
577 -26.635096990598395
578 -28.002900012159465
579 -20.68420461408002
580 -23.85886372489513
581 -28.917273916652682
582 -23.53461873990939
583 -26.969530427577222
584 -23.867754614104683
585 -20.665273056752937
586 -23.84981698666214
587 -24.555262910503238
588 -24.438547110499826
589 -25.00668973603162
590 -29.356890090446406
591 -29.22875503078383
592 -25.046991785944552
593 -24.83215522756123
594 -22.300637146012804
595 -26.130180160608845
596 -26.524107582755263
597 -26.80253402611324
598 -23.705498542123035
599 -24.160899433170766
600 -24.877292777168773
601 -23.47304068999124
602 -28.68486044746558
603 -21.532560151980345
604 -25.11685448346454
605 -23.925598904524666
606 -23.997492371874472
607 -26.635096990598395
608 -28.002900012159465
609 -20.68420461408002
610 -23.85886372489513
611 -28.917273916652682
612 -23.53461873990939
613 -26.969530427577222
614 -23.867754614104683
615 -20.665273056752937
616 -23.84981698666214
617 -24.555262910503238
618 -24.438547110499826
619 -25.00668973603162
620 -29.356890090446406
621 -29.22875503078383
622 -25.046991785944552
623 -24.83215522756123
624 -22.300637146012804
625 -26.130180160608845
626 -26.524107582755263
627 -26.80253402611324
628 -23.705498542123035
629 -24.160899433170766
630 -24.877292777168773
631 -28.47022184204201
632 -27.79107615337774
633 -29.77300027848783
634 -28.175527155032587
635 -27.777649528684837
636 -26.195463953405884
637 -24.124597483818633
638 -22.67115158112339
639 -31.26557768598394
640 -27.362634388353875
641 -26.771865537831
642 -26.362278119322543
643 -25.41279265263185
644 -28.798624450253055
645 -32.06789176935065
646 -26.765467484797103
647 -29.336684678776233
648 -27.39116944674362
649 -28.88421359751709
650 -23.477504763445424
651 -24.567493906527158
652 -26.110990815632587
653 -27.37590121598927
654 -29.148054944679625
655 -24.655800131880866
656 -26.25503266345707
657 -24.328782049018713
658 -27.23786132047361
659 -27.695651204515563
660 -26.57142714801224
661 -28.47022184204201
662 -27.79107615337774
663 -29.77300027848783
664 -28.175527155032587
665 -27.777649528684837
666 -26.195463953405884
667 -24.124597483818633
668 -22.67115158112339
669 -31.26557768598394
670 -27.362634388353875
671 -26.771865537831
672 -26.362278119322543
673 -25.41279265263185
674 -28.798624450253055
675 -32.06789176935065
676 -26.765467484797103
677 -29.336684678776233
678 -27.39116944674362
679 -28.88421359751709
680 -23.477504763445424
681 -24.567493906527158
682 -26.110990815632587
683 -27.37590121598927
684 -29.148054944679625
685 -24.655800131880866
686 -26.25503266345707
687 -24.328782049018713
688 -27.23786132047361
689 -27.695651204515563
690 -26.57142714801224
691 -30.782027361984852
692 -32.22995636642705
693 -30.247573942235974
694 -30.943465373914535
695 -32.283857580837
696 -32.51130244852295
697 -32.20131954574486
698 -32.45446362999865
699 -30.57923557041512
700 -30.52419797280717
701 -32.40834350921671
702 -32.54686383709404
703 -30.103640555957497
704 -31.991998343091755
705 -31.656029854715854
706 -32.305933307581014
707 -30.97134286857746
708 -31.926871260158574
709 -31.12425850866432
710 -32.52709557867299
711 -32.16767981496445
712 -32.027174164408876
713 -30.255664713220625
714 -30.34724341659964
715 -32.6871253292822
716 -30.73845698052519
717 -32.52512380261302
718 -32.19954352934568
719 -30.664694939968463
720 -30.027606048420072
721 -30.782027361984852
722 -32.22995636642705
723 -30.247573942235974
724 -30.943465373914535
725 -32.283857580837
726 -32.51130244852295
727 -32.20131954574486
728 -32.45446362999865
729 -30.57923557041512
730 -30.52419797280717
731 -32.40834350921671
732 -32.54686383709404
733 -30.103640555957497
734 -31.991998343091755
735 -31.656029854715854
736 -32.305933307581014
737 -30.97134286857746
738 -31.926871260158574
739 -31.12425850866432
740 -32.52709557867299
741 -32.16767981496445
742 -32.027174164408876
743 -30.255664713220625
744 -30.34724341659964
745 -32.6871253292822
746 -30.73845698052519
747 -32.52512380261302
748 -32.19954352934568
749 -30.664694939968463
750 -30.027606048420072
751 -32.691433586707156
752 -32.68936967658384
753 -32.691224759584934
754 -32.69377542406376
755 -32.67321195348888
756 -32.676501044610035
757 -32.68187467980334
758 -32.6864608491351
759 -32.69227763171934
760 -32.70063513540687
761 -32.69451825368491
762 -32.67530213127095
763 -32.700969068900925
764 -32.67916801465267
765 -32.67929758427394
766 -32.67801229647592
767 -32.68919575262998
768 -32.68158665668357
769 -32.692006665723675
770 -32.69329384544611
771 -32.67021891707838
772 -32.67124978826202
773 -32.68744023925536
774 -32.69288921583683
775 -32.67327911466123
776 -32.69688028176384
777 -32.68173101155678
778 -32.6748881290908
779 -32.69349857305262
780 -32.695966400893134
781 -32.691433586707156
782 -32.68936967658384
783 -32.691224759584934
784 -32.69377542406376
785 -32.67321195348888
786 -32.676501044610035
787 -32.68187467980334
788 -32.6864608491351
789 -32.69227763171934
790 -32.70063513540687
791 -32.69451825368491
792 -32.67530213127095
793 -32.700969068900925
794 -32.67916801465267
795 -32.67929758427394
796 -32.67801229647592
797 -32.68919575262998
798 -32.68158665668357
799 -32.692006665723675
800 -32.69329384544611
801 -32.67021891707838
802 -32.67124978826202
803 -32.68744023925536
804 -32.69288921583683
805 -32.67327911466123
806 -32.69688028176384
807 -32.68173101155678
808 -32.6748881290908
809 -32.69349857305262
810 -32.695966400893134
811 -32.69673771312976
812 -32.69957554353759
813 -32.653654920965494
814 -32.70572467539893
815 -32.59384354832495
816 -32.62411587467098
817 -32.66253307194875
818 -32.683888824703594
819 -32.680581985965375
820 -32.68868228701224
821 -32.728509092107764
822 -32.620395339240915
823 -32.69341048379866
824 -32.65293321196448
825 -32.65054845998467
826 -32.636644272346935
827 -32.69131936184643
828 -32.66170195974313
829 -32.71526223261173
830 -32.72265727062949
831 -32.54956983543427
832 -32.57653104261749
833 -32.6738276205405
834 -32.68757853114917
835 -32.58369932490958
836 -32.70658888295192
837 -32.650443714407906
838 -32.61921768850081
839 -32.69555447273456
840 -32.64940349005016
841 -32.69673771312976
842 -32.69957554353759
843 -32.653654920965494
844 -32.70572467539893
845 -32.59384354832495
846 -32.62411587467098
847 -32.66253307194875
848 -32.683888824703594
849 -32.680581985965375
850 -32.68868228701224
851 -32.728509092107764
852 -32.620395339240915
853 -32.69341048379866
854 -32.65293321196448
855 -32.65054845998467
856 -32.636644272346935
857 -32.69131936184643
858 -32.66170195974313
859 -32.71526223261173
860 -32.72265727062949
861 -32.54956983543427
862 -32.57653104261749
863 -32.6738276205405
864 -32.68757853114917
865 -32.58369932490958
866 -32.70658888295192
867 -32.650443714407906
868 -32.61921768850081
869 -32.69555447273456
870 -32.64940349005016
871 -32.72745457523452
872 -32.72336548604658
873 -32.72349923878804
874 -32.730716141994456
875 -32.71125595047104
876 -32.70850726851949
877 -32.72427723939002
878 -32.73159401121523
879 -32.73226050308565
880 -32.73369831960244
881 -32.73278531033931
882 -32.70683718060282
883 -32.73255082354318
884 -32.72445442262351
885 -32.71345234615041
886 -32.71842219469304
887 -32.730116483717524
888 -32.72401785106592
889 -32.73643019617562
890 -32.73320550181399
891 -32.70247110249087
892 -32.70805795984971
893 -32.73033384591585
894 -32.73891532946631
895 -32.7016739023482
896 -32.7353718269663
897 -32.721395723587236
898 -32.71662851330212
899 -32.72357734947522
900 -32.72651610764913
901 -32.72745457523452
902 -32.72336548604658
903 -32.72349923878804
904 -32.730716141994456
905 -32.71125595047104
906 -32.70850726851949
907 -32.72427723939002
908 -32.73159401121523
909 -32.73226050308565
910 -32.73369831960244
911 -32.73278531033931
912 -32.70683718060282
913 -32.73255082354318
914 -32.72445442262351
915 -32.71345234615041
916 -32.71842219469304
917 -32.730116483717524
918 -32.72401785106592
919 -32.73643019617562
920 -32.73320550181399
921 -32.70247110249087
922 -32.70805795984971
923 -32.73033384591585
924 -32.73891532946631
925 -32.7016739023482
926 -32.7353718269663
927 -32.721395723587236
928 -32.71662851330212
929 -32.72357734947522
930 -32.72651610764913
931 -32.738405380009475
932 -32.73705231786111
933 -32.73542870329334
934 -32.73859625572758
935 -32.739409621668706
936 -32.736423957991924
937 -32.739138048833766
938 -32.742928784971795
939 -32.73822854008395
940 -32.73928468741549
941 -32.74118418747173
942 -32.73565479552441
943 -32.73838620087259
944 -32.73843926442887
945 -32.734630038978686
946 -32.73959480956228
947 -32.738004147178586
948 -32.73785588609963
949 -32.74115564230628
950 -32.74200150874589
951 -32.73795722313288
952 -32.73751461639659
953 -32.73772122297423
954 -32.740137721314035
955 -32.737035990965644
956 -32.7393537025533
957 -32.74150420358154
958 -32.73849857276186
959 -32.736168558610714
960 -32.73596909613144
961 -32.738405380009475
962 -32.73705231786111
963 -32.73542870329334
964 -32.73859625572758
965 -32.739409621668706
966 -32.736423957991924
967 -32.739138048833766
968 -32.742928784971795
969 -32.73822854008395
970 -32.73928468741549
971 -32.74118418747173
972 -32.73565479552441
973 -32.73838620087259
974 -32.73843926442887
975 -32.734630038978686
976 -32.73959480956228
977 -32.738004147178586
978 -32.73785588609963
979 -32.74115564230628
980 -32.74200150874589
981 -32.73795722313288
982 -32.73751461639659
983 -32.73772122297423
984 -32.740137721314035
985 -32.737035990965644
986 -32.7393537025533
987 -32.74150420358154
988 -32.73849857276186
989 -32.736168558610714
990 -32.73596909613144
evaluations raw_y
1 9.156550336995057
2 18.728589492824455
3 -5.407604105284689
4 21.791098244096773
5 -18.033735570513127
6 0.47391745140597585
7 17.264460528798182
8 18.404887394572444
9 -2.6643602635989554
10 31.13104957824156
11 7.427712541919492
12 37.67174642041439
13 20.26132436086743
14 4.119857984749433
15 -3.3072999340565783
16 30.72107287098232
17 0.17200916434601998
18 -0.5167354841815417
19 13.013414875110204
20 -4.986688540259957
21 14.078562971302949
22 -2.863326620112111
23 15.59844090977395
24 13.661384450283899
25 11.156133126938581
26 -8.209461905974603
27 18.623515714307988
28 27.039765789351662
29 25.24459044716994
30 19.05546968829074
31 -10.905139789106538
32 11.978219904567057
33 -4.464350878699396
34 4.031112387457077
35 37.066139182864575
36 4.50497112545158
37 -10.626827270220177
38 19.69425621406475
39 -18.847196759065998
40 2.6028688840064866
41 8.732100590203986
42 40.855570240331126
43 -1.418365284277209
44 7.028775411396512
45 22.288083761349757
46 3.788271930059202
47 -3.758031608126665
48 26.751611819483635
49 7.260294487684431
50 19.986078217391327
51 35.98864339223219
52 -17.02305204232015
53 -9.236853317790194
54 -28.140357140320386
55 17.95720383683387
56 17.17516568445781
57 -4.384015737821999
58 -4.536579688916742
59 35.78642002542257
60 9.224410778388666
61 -10.905139789106538
62 11.978219904567057
63 -4.464350878699396
64 4.031112387457077
65 37.066139182864575
66 4.50497112545158
67 -10.626827270220177
68 19.69425621406475
69 -18.847196759065998
70 2.6028688840064866
71 8.732100590203986
72 40.855570240331126
73 -1.418365284277209
74 7.028775411396512
75 22.288083761349757
76 3.788271930059202
77 -3.758031608126665
78 26.751611819483635
79 7.260294487684431
80 19.986078217391327
81 35.98864339223219
82 -17.02305204232015
83 -9.236853317790194
84 -28.140357140320386
85 17.95720383683387
86 17.17516568445781
87 -4.384015737821999
88 -4.536579688916742
89 35.78642002542257
90 9.224410778388666
91 -21.57022869851562
92 9.738011659913694
93 15.04007908957439
94 7.3527223682346925
95 27.164677119622393
96 1.6635295977748297
97 -26.786280487399193
98 3.695433528555009
99 -18.198916887134114
100 1.0093198530408931
101 -14.763186150403484
102 1.6309915415793428
103 19.80766913935652
104 -16.801083218974792
105 6.677197765596887
106 -7.2593108728472355
107 -21.73238960434348
108 19.43035889337347
109 -5.3214627824498715
110 18.02515834207902
111 0.9064793081955509
112 -12.206943504721764
113 -18.38016359883186
114 -20.835678522022064
115 34.077985858755056
116 14.206304584676996
117 -11.043691654469459
118 26.486025263211577
119 7.52369920139679
120 4.4806306888399625
121 -21.57022869851562
122 9.738011659913694
123 15.04007908957439
124 7.3527223682346925
125 27.164677119622393
126 1.6635295977748297
127 -26.786280487399193
128 3.695433528555009
129 -18.198916887134114
130 1.0093198530408931
131 -14.763186150403484
132 1.6309915415793428
133 19.80766913935652
134 -16.801083218974792
135 6.677197765596887
136 -7.2593108728472355
137 -21.73238960434348
138 19.43035889337347
139 -5.3214627824498715
140 18.02515834207902
141 0.9064793081955509
142 -12.206943504721764
143 -18.38016359883186
144 -20.835678522022064
145 34.077985858755056
146 14.206304584676996
147 -11.043691654469459
148 26.486025263211577
149 7.52369920139679
150 4.4806306888399625
151 -14.020076246015897
152 -1.6277820640344425
153 0.761941820959332
154 9.315120002798917
155 9.052361212868496
156 -14.892268968964752
157 2.201591865748755
158 8.417179507258785
159 -18.356553157443603
160 21.36939359168097
161 2.610855108338665
162 31.477171024800498
163 -12.606156527332962
164 -0.36401392593363946
165 14.342637730037946
166 -3.444905419883577
167 -10.7778426176511
168 14.972488540908953
169 11.282260211204749
170 16.89745902749508
171 28.955877727205007
172 -8.289873492116618
173 -1.8284057652179193
174 -7.952816992455556
175 5.568863804256124
176 1.7164209268472261
177 -17.35246743668865
178 -7.644528288982532
179 14.591897514113125
180 -0.6778893989062333
181 -14.020076246015897
182 -1.6277820640344425
183 0.761941820959332
184 9.315120002798917
185 9.052361212868496
186 -14.892268968964752
187 2.201591865748755
188 8.417179507258785
189 -18.356553157443603
190 21.36939359168097
191 2.610855108338665
192 31.477171024800498
193 -12.606156527332962
194 -0.36401392593363946
195 14.342637730037946
196 -3.444905419883577
197 -10.7778426176511
198 14.972488540908953
199 11.282260211204749
200 16.89745902749508
201 28.955877727205007
202 -8.289873492116618
203 -1.8284057652179193
204 -7.952816992455556
205 5.568863804256124
206 1.7164209268472261
207 -17.35246743668865
208 -7.644528288982532
209 14.591897514113125
210 -0.6778893989062333
211 -22.456539024159362
212 8.006357526855666
213 12.335127919209281
214 10.282454362175462
215 27.45542364317011
216 -3.438548623191533
217 -24.286413205152844
218 10.618813519437948
219 -22.825239283972756
220 -5.209658306944329
221 -12.244824505437581
222 -16.20095618781775
223 11.226461596186121
224 -20.3237913874385
225 1.4019249532202394
226 -16.862543215804767
227 -10.090182902149152
228 14.34959360543043
229 -4.685204153271685
230 8.515271185534361
231 -13.256339649743017
232 -14.720565176584739
233 -19.57494844063224
234 -23.917843876540648
235 27.555505800219134
236 12.38178493305322
237 -15.789323259356902
238 17.0358273616432
239 3.623050260219304
240 0.35549974634145176
241 -22.456539024159362
242 8.006357526855666
243 12.335127919209281
244 10.282454362175462
245 27.45542364317011
246 -3.438548623191533
247 -24.286413205152844
248 10.618813519437948
249 -22.825239283972756
250 -5.209658306944329
251 -12.244824505437581
252 -16.20095618781775
253 11.226461596186121
254 -20.3237913874385
255 1.4019249532202394
256 -16.862543215804767
257 -10.090182902149152
258 14.34959360543043
259 -4.685204153271685
260 8.515271185534361
261 -13.256339649743017
262 -14.720565176584739
263 -19.57494844063224
264 -23.917843876540648
265 27.555505800219134
266 12.38178493305322
267 -15.789323259356902
268 17.0358273616432
269 3.623050260219304
270 0.35549974634145176
271 -17.023306279136083
272 -10.648454284728615
273 -2.1844076096984724
274 6.0956770407458185
275 2.890576412748999
276 -23.728147335896193
277 6.229025150154049
278 9.234214726812954
279 -25.998692798640576
280 22.77956250961495
281 -2.168255154701963
282 20.28669968738046
283 -16.492358048876607
284 -0.7600634637108943
285 12.279808511099016
286 -8.431900968239923
287 -6.327879958724648
288 14.409072787141579
289 -0.5153281105637473
290 9.829539165169185
291 18.50334165306841
292 -7.759313942614108
293 1.2243271938719062
294 -10.728863742376339
295 -3.21305872816567
296 -6.941022010535292
297 -26.028443112405046
298 -12.389109316094782
299 4.89002075907569
300 -4.705721980495978
301 -17.023306279136083
302 -10.648454284728615
303 -2.1844076096984724
304 6.0956770407458185
305 2.890576412748999
306 -23.728147335896193
307 6.229025150154049
308 9.234214726812954
309 -25.998692798640576
310 22.77956250961495
311 -2.168255154701963
312 20.28669968738046
313 -16.492358048876607
314 -0.7600634637108943
315 12.279808511099016
316 -8.431900968239923
317 -6.327879958724648
318 14.409072787141579
319 -0.5153281105637473
320 9.829539165169185
321 18.50334165306841
322 -7.759313942614108
323 1.2243271938719062
324 -10.728863742376339
325 -3.21305872816567
326 -6.941022010535292
327 -26.028443112405046
328 -12.389109316094782
329 4.89002075907569
330 -4.705721980495978
331 -20.735558622198766
332 3.936346935432489
333 8.879147264112804
334 0.5491385148513959
335 17.873796163724954
336 -6.286746685119489
337 -24.393054065220266
338 -4.369732760170349
339 -23.70946928195098
340 -9.53901131888743
341 -18.91408102783831
342 -20.742763612866987
343 3.8803899154696717
344 -24.542265357427453
345 -1.1242092694323715
346 -16.38543989470265
347 -10.600919059394698
348 7.127788558372359
349 -10.079367596191608
350 2.0550846489544843
351 -14.801699487159322
352 -16.191134636579097
353 -24.91669104068147
354 -27.807848084968274
355 17.562713919864184
356 7.552581894157285
357 -20.194488711515863
358 3.346064568220153
359 -1.9022190557452965
360 -7.438483848458812
361 -20.735558622198766
362 3.936346935432489
363 8.879147264112804
364 0.5491385148513959
365 17.873796163724954
366 -6.286746685119489
367 -24.393054065220266
368 -4.369732760170349
369 -23.70946928195098
370 -9.53901131888743
371 -18.91408102783831
372 -20.742763612866987
373 3.8803899154696717
374 -24.542265357427453
375 -1.1242092694323715
376 -16.38543989470265
377 -10.600919059394698
378 7.127788558372359
379 -10.079367596191608
380 2.0550846489544843
381 -14.801699487159322
382 -16.191134636579097
383 -24.91669104068147
384 -27.807848084968274
385 17.562713919864184
386 7.552581894157285
387 -20.194488711515863
388 3.346064568220153
389 -1.9022190557452965
390 -7.438483848458812
391 -20.338482536953638
392 -21.575725087415844
393 -11.678899847334588
394 -8.92287468635183
395 -12.166625027287079
396 -21.46152158890198
397 -3.503527936363432
398 -0.7344286982065276
399 -28.129687411446984
400 6.688987276229354
401 -6.713425359240032
402 5.255120891373878
403 -26.63350801011222
404 -10.011677752415846
405 9.244921530892068
406 -12.502292362150522
407 -17.281268362509994
408 -3.0504420921144018
409 -7.7803642992652
410 -0.05615038423287011
411 2.830130910043894
412 -11.511072709109854
413 -11.48586216715815
414 -15.829011066907018
415 -13.85212569692714
416 -17.129516005436383
417 -22.414457886812396
418 -21.3274084527207
419 -6.687070457854816
420 -11.641931629372582
421 -20.338482536953638
422 -21.575725087415844
423 -11.678899847334588
424 -8.92287468635183
425 -12.166625027287079
426 -21.46152158890198
427 -3.503527936363432
428 -0.7344286982065276
429 -28.129687411446984
430 6.688987276229354
431 -6.713425359240032
432 5.255120891373878
433 -26.63350801011222
434 -10.011677752415846
435 9.244921530892068
436 -12.502292362150522
437 -17.281268362509994
438 -3.0504420921144018
439 -7.7803642992652
440 -0.05615038423287011
441 2.830130910043894
442 -11.511072709109854
443 -11.48586216715815
444 -15.829011066907018
445 -13.85212569692714
446 -17.129516005436383
447 -22.414457886812396
448 -21.3274084527207
449 -6.687070457854816
450 -11.641931629372582
451 -22.591292911072927
452 -8.6676195869568
453 -1.449011145918698
454 -7.950333473974168
455 2.970231533593352
456 -12.588868323325318
457 -28.311897967628667
458 -12.373968562495623
459 -22.320918784507477
460 -15.90060527499589
461 -22.122665743292444
462 -25.86753348296475
463 -7.25077316755622
464 -26.10948367203306
465 -11.800373626478073
466 -21.754251393741143
467 -18.96863662563099
468 -5.291094758904554
469 -19.42176728531559
470 -9.126858554862958
471 -22.740756876778335
472 -20.272956187815403
473 -27.631550788848575
474 -24.00648696520797
475 3.2663982655999027
476 -7.679101268261777
477 -21.820951400507507
478 -4.541025948921698
479 -13.20640997746267
480 -13.709808967112137
481 -22.591292911072927
482 -8.6676195869568
483 -1.449011145918698
484 -7.950333473974168
485 2.970231533593352
486 -12.588868323325318
487 -28.311897967628667
488 -12.373968562495623
489 -22.320918784507477
490 -15.90060527499589
491 -22.122665743292444
492 -25.86753348296475
493 -7.25077316755622
494 -26.10948367203306
495 -11.800373626478073
496 -21.754251393741143
497 -18.96863662563099
498 -5.291094758904554
499 -19.42176728531559
500 -9.126858554862958
501 -22.740756876778335
502 -20.272956187815403
503 -27.631550788848575
504 -24.00648696520797
505 3.2663982655999027
506 -7.679101268261777
507 -21.820951400507507
508 -4.541025948921698
509 -13.20640997746267
510 -13.709808967112137
511 -24.74856384994904
512 -19.11717847553743
513 -18.426975985287836
514 -19.62815559875296
515 -17.443563451799914
516 -24.364677312432896
517 -26.479488463240106
518 -23.13452092168125
519 -29.131563757998073
520 -21.14977218312685
521 -23.662924014487842
522 -27.486846358213597
523 -20.84354578287552
524 -24.86911121554044
525 -22.989132923684842
526 -26.878088784185042
527 -24.474303799188068
528 -18.096516475230636
529 -24.531909347252185
530 -20.58141126405742
531 -29.862861389508502
532 -28.33699450038877
533 -23.751595464521905
534 -26.213116192655598
535 -15.790942523852856
536 -16.034894480093932
537 -24.99317941119309
538 -22.107824828979055
539 -27.438011805497403
540 -24.075176125856185
541 -24.74856384994904
542 -19.11717847553743
543 -18.426975985287836
544 -19.62815559875296
545 -17.443563451799914
546 -24.364677312432896
547 -26.479488463240106
548 -23.13452092168125
549 -29.131563757998073
550 -21.14977218312685
551 -23.662924014487842
552 -27.486846358213597
553 -20.84354578287552
554 -24.86911121554044
555 -22.989132923684842
556 -26.878088784185042
557 -24.474303799188068
558 -18.096516475230636
559 -24.531909347252185
560 -20.58141126405742
561 -29.862861389508502
562 -28.33699450038877
563 -23.751595464521905
564 -26.213116192655598
565 -15.790942523852856
566 -16.034894480093932
567 -24.99317941119309
568 -22.107824828979055
569 -27.438011805497403
570 -24.075176125856185
571 -22.493018189002004
572 -16.095960957704705
573 -23.30595170148726
574 -23.162236751103347
575 -16.87953167125291
576 -22.96231553416417
577 -25.346083331771258
578 -24.191854388080426
579 -29.106770658634773
580 -26.75677239564548
581 -29.789177753574563
582 -28.177254785451815
583 -18.243969357026845
584 -29.826959113898674
585 -25.862558285820473
586 -27.451747601596196
587 -22.838011800503896
588 -22.63628841663171
589 -20.56033869437725
590 -23.44661811973007
591 -29.19956972971128
592 -24.399879612900556
593 -25.5785666534227
594 -27.174059594706332
595 -18.00098610637172
596 -16.822425896851787
597 -24.932121133073977
598 -17.413551737260658
599 -24.018000543995672
600 -25.123321073648206
601 -22.493018189002004
602 -16.095960957704705
603 -23.30595170148726
604 -23.162236751103347
605 -16.87953167125291
606 -22.96231553416417
607 -25.346083331771258
608 -24.191854388080426
609 -29.106770658634773
610 -26.75677239564548
611 -29.789177753574563
612 -28.177254785451815
613 -18.243969357026845
614 -29.826959113898674
615 -25.862558285820473
616 -27.451747601596196
617 -22.838011800503896
618 -22.63628841663171
619 -20.56033869437725
620 -23.44661811973007
621 -29.19956972971128
622 -24.399879612900556
623 -25.5785666534227
624 -27.174059594706332
625 -18.00098610637172
626 -16.822425896851787
627 -24.932121133073977
628 -17.413551737260658
629 -24.018000543995672
630 -25.123321073648206
631 -28.26235183960429
632 -28.20194143260536
633 -28.929661407468892
634 -23.984761949174914
635 -28.406077334258196
636 -27.690932981600366
637 -26.78117104163925
638 -23.98417518846858
639 -28.54573728489216
640 -21.809577852255728
641 -24.307891989837845
642 -24.514738959651886
643 -26.46074822765008
644 -25.055592857648076
645 -23.89247903976071
646 -25.17777836411714
647 -27.659554166603723
648 -25.46698277063845
649 -25.61751334577726
650 -23.340651679430895
651 -23.422204254274547
652 -25.93483951515978
653 -26.889571897711257
654 -26.95594764879085
655 -27.75168554323262
656 -28.84112544791589
657 -29.751172609667684
658 -26.827818009409185
659 -25.959865746841594
660 -26.093529009683632
661 -28.26235183960429
662 -28.20194143260536
663 -28.929661407468892
664 -23.984761949174914
665 -28.406077334258196
666 -27.690932981600366
667 -26.78117104163925
668 -23.98417518846858
669 -28.54573728489216
670 -21.809577852255728
671 -24.307891989837845
672 -24.514738959651886
673 -26.46074822765008
674 -25.055592857648076
675 -23.89247903976071
676 -25.17777836411714
677 -27.659554166603723
678 -25.46698277063845
679 -25.61751334577726
680 -23.340651679430895
681 -23.422204254274547
682 -25.93483951515978
683 -26.889571897711257
684 -26.95594764879085
685 -27.75168554323262
686 -28.84112544791589
687 -29.751172609667684
688 -26.827818009409185
689 -25.959865746841594
690 -26.093529009683632
691 -28.66895463601863
692 -29.232707597939715
693 -29.815244071467994
694 -30.027915768018314
695 -28.896135700967527
696 -29.23615575891958
697 -29.046458870446624
698 -28.218646220356472
699 -30.006874848851243
700 -28.729108381661703
701 -29.701099601409968
702 -28.916534566934754
703 -29.717391855088703
704 -29.80691880843193
705 -28.368461212707768
706 -29.92339380755946
707 -28.858390590621116
708 -29.645236925759203
709 -29.726333149499098
710 -28.18981169963236
711 -28.952632442329183
712 -29.847073193120305
713 -29.337550896176076
714 -29.88798077654146
715 -29.106510978383437
716 -29.196947018885187
717 -29.406447278377755
718 -29.39536391849853
719 -28.291516825763594
720 -28.843332360835888
721 -28.66895463601863
722 -29.232707597939715
723 -29.815244071467994
724 -30.027915768018314
725 -28.896135700967527
726 -29.23615575891958
727 -29.046458870446624
728 -28.218646220356472
729 -30.006874848851243
730 -28.729108381661703
731 -29.701099601409968
732 -28.916534566934754
733 -29.717391855088703
734 -29.80691880843193
735 -28.368461212707768
736 -29.92339380755946
737 -28.858390590621116
738 -29.645236925759203
739 -29.726333149499098
740 -28.18981169963236
741 -28.952632442329183
742 -29.847073193120305
743 -29.337550896176076
744 -29.88798077654146
745 -29.106510978383437
746 -29.196947018885187
747 -29.406447278377755
748 -29.39536391849853
749 -28.291516825763594
750 -28.843332360835888
751 -30.03244788817206
752 -30.005823394820197
753 -29.99217545296011
754 -29.99296441138746
755 -29.992827469921377
756 -30.035025385455917
757 -30.00975375402121
758 -30.08438917188895
759 -30.033089429842722
760 -30.059809930173504
761 -29.981848829576492
762 -30.02442097123744
763 -30.021312888677183
764 -30.020703810204807
765 -30.062348467366377
766 -30.0016089241074
767 -30.049902034084134
768 -29.980959631346458
769 -29.982083159089086
770 -30.100947571248863
771 -30.0240044915616
772 -29.99543739468547
773 -30.03209694624765
774 -30.058014009084832
775 -30.030243937893452
776 -29.993184065023527
777 -30.02371429370525
778 -30.02894759707124
779 -30.052895526443937
780 -30.075963897881913
781 -30.03244788817206
782 -30.005823394820197
783 -29.99217545296011
784 -29.99296441138746
785 -29.992827469921377
786 -30.035025385455917
787 -30.00975375402121
788 -30.08438917188895
789 -30.033089429842722
790 -30.059809930173504
791 -29.981848829576492
792 -30.02442097123744
793 -30.021312888677183
794 -30.020703810204807
795 -30.062348467366377
796 -30.0016089241074
797 -30.049902034084134
798 -29.980959631346458
799 -29.982083159089086
800 -30.100947571248863
801 -30.0240044915616
802 -29.99543739468547
803 -30.03209694624765
804 -30.058014009084832
805 -30.030243937893452
806 -29.993184065023527
807 -30.02371429370525
808 -30.02894759707124
809 -30.052895526443937
810 -30.075963897881913
811 -30.031886488801053
812 -29.975781581439023
813 -29.861339245496406
814 -29.887741371838214
815 -29.84590650142151
816 -30.116182195761358
817 -29.98205986179603
818 -30.284747901872837
819 -30.126302690537898
820 -30.146331468993445
821 -29.82181892942983
822 -30.021387799682394
823 -30.045948270803347
824 -30.055722772378402
825 -30.155181832217984
826 -29.946411144105603
827 -30.170056470572753
828 -29.801721421528995
829 -29.839345271674297
830 -30.304769558806246
831 -30.019135381788452
832 -29.915805510515458
833 -30.10348133370751
834 -30.22489200840702
835 -30.068549329724643
836 -29.89318154214896
837 -30.08042636065379
838 -30.092064234328856
839 -30.171510422532958
840 -30.303945397008107
841 -30.031886488801053
842 -29.975781581439023
843 -29.861339245496406
844 -29.887741371838214
845 -29.84590650142151
846 -30.116182195761358
847 -29.98205986179603
848 -30.284747901872837
849 -30.126302690537898
850 -30.146331468993445
851 -29.82181892942983
852 -30.021387799682394
853 -30.045948270803347
854 -30.055722772378402
855 -30.155181832217984
856 -29.946411144105603
857 -30.170056470572753
858 -29.801721421528995
859 -29.839345271674297
860 -30.304769558806246
861 -30.019135381788452
862 -29.915805510515458
863 -30.10348133370751
864 -30.22489200840702
865 -30.068549329724643
866 -29.89318154214896
867 -30.08042636065379
868 -30.092064234328856
869 -30.171510422532958
870 -30.303945397008107
871 -30.284708841417622
872 -30.294666565758025
873 -30.305676482255006
874 -30.290589057768365
875 -30.295148206380354
876 -30.322498828316732
877 -30.261316799929016
878 -30.323997620997183
879 -30.313825299259843
880 -30.281746168970024
881 -30.248655159639863
882 -30.265216793174382
883 -30.32876586260228
884 -30.29414891247693
885 -30.2880006125318
886 -30.28635320234517
887 -30.312322146854157
888 -30.281054972785228
889 -30.26151462022539
890 -30.317388016800034
891 -30.26505541176093
892 -30.270102233790194
893 -30.29376698139379
894 -30.32020557126448
895 -30.336001093914646
896 -30.292530012788077
897 -30.307254203391565
898 -30.32442425296805
899 -30.30345947125235
900 -30.33941752986372
901 -30.284708841417622
902 -30.294666565758025
903 -30.305676482255006
904 -30.290589057768365
905 -30.295148206380354
906 -30.322498828316732
907 -30.261316799929016
908 -30.323997620997183
909 -30.313825299259843
910 -30.281746168970024
911 -30.248655159639863
912 -30.265216793174382
913 -30.32876586260228
914 -30.29414891247693
915 -30.2880006125318
916 -30.28635320234517
917 -30.312322146854157
918 -30.281054972785228
919 -30.26151462022539
920 -30.317388016800034
921 -30.26505541176093
922 -30.270102233790194
923 -30.29376698139379
924 -30.32020557126448
925 -30.336001093914646
926 -30.292530012788077
927 -30.307254203391565
928 -30.32442425296805
929 -30.30345947125235
930 -30.33941752986372
931 -30.337152155058238
932 -30.338844653914613
933 -30.344260946337453
934 -30.338840359860924
935 -30.34302576630369
936 -30.346005538781846
937 -30.32812648832284
938 -30.34277352539217
939 -30.341764898654787
940 -30.332277350945677
941 -30.327830965266273
942 -30.329187988175338
943 -30.348440386397723
944 -30.336634743637255
945 -30.33492760477072
946 -30.337340242163727
947 -30.34214217476021
948 -30.337335358451938
949 -30.330641741384277
950 -30.341089151779567
951 -30.32937141563432
952 -30.332227065765366
953 -30.3354011156787
954 -30.34247091167045
955 -30.34993616381507
956 -30.33972670533584
957 -30.340602435689675
958 -30.345810009079784
959 -30.339061878222942
960 -30.34725166013347
961 -30.337152155058238
962 -30.338844653914613
963 -30.344260946337453
964 -30.338840359860924
965 -30.34302576630369
966 -30.346005538781846
967 -30.32812648832284
968 -30.34277352539217
969 -30.341764898654787
970 -30.332277350945677
971 -30.327830965266273
972 -30.329187988175338
973 -30.348440386397723
974 -30.336634743637255
975 -30.33492760477072
976 -30.337340242163727
977 -30.34214217476021
978 -30.337335358451938
979 -30.330641741384277
980 -30.341089151779567
981 -30.32937141563432
982 -30.332227065765366
983 -30.3354011156787
984 -30.34247091167045
985 -30.34993616381507
986 -30.33972670533584
987 -30.340602435689675
988 -30.345810009079784
989 -30.339061878222942
990 -30.34725166013347
evaluations raw_y
1 -1.218355284644012
2 19.151426923017855
3 -2.6226096966897847
4 3.1712873910924184
5 17.666757034412065
6 31.29370421029844
7 2.3247474820044562
8 20.306647986109045
9 0.8178298997775828
10 3.9594567125957267
11 6.680496138962872
12 -2.324944189602504
13 -0.008465890748053262
14 21.986854998255403
15 8.385858420809296
16 17.98842773223866
17 -0.6880342079965213
18 -14.69108230500981
19 1.144457404124748
20 9.550145396641765
21 7.61254822290949
22 11.70221744827862
23 22.74704948979658
24 29.748847813868007
25 19.929523624846958
26 12.938260899099502
27 6.065786070665402
28 13.82364277127525
29 12.242871924161323
30 -6.597969553218608
31 -9.141880086495627
32 8.655442650854921
33 33.31813085403322
34 3.2289611817220614
35 17.85985064492602
36 7.106630776906278
37 -2.901957604435396
38 0.5960277779611856
39 -0.6973630678879483
40 -2.066488701154983
41 16.265317381659365
42 19.34006674672441
43 -24.298395382604767
44 -1.4158796689471762
45 8.321912069377694
46 22.493169722542497
47 14.56546912593631
48 18.90764839080031
49 27.264692982942556
50 -13.636397006641353
51 33.35470767822675
52 31.51649453190526
53 24.554624563778944
54 3.4950270394899716
55 -10.483803470229063
56 22.948198336047263
57 11.58044741589119
58 17.44883400688603
59 42.805968622889594
60 11.353179517613029
61 -9.141880086495627
62 8.655442650854921
63 33.31813085403322
64 3.2289611817220614
65 17.85985064492602
66 7.106630776906278
67 -2.901957604435396
68 0.5960277779611856
69 -0.6973630678879483
70 -2.066488701154983
71 16.265317381659365
72 19.34006674672441
73 -24.298395382604767
74 -1.4158796689471762
75 8.321912069377694
76 22.493169722542497
77 14.56546912593631
78 18.90764839080031
79 27.264692982942556
80 -13.636397006641353
81 33.35470767822675
82 31.51649453190526
83 24.554624563778944
84 3.4950270394899716
85 -10.483803470229063
86 22.948198336047263
87 11.58044741589119
88 17.44883400688603
89 42.805968622889594
90 11.353179517613029
91 19.66039018553002
92 -9.053152066568305
93 11.75214438712273
94 -15.716667176584739
95 4.603380932977738
96 19.379308956533144
97 -18.235133967407158
98 5.38628718602059
99 -0.545841303110405
100 -3.8027795600999257
101 -10.529436729309008
102 -6.160201949166849
103 -13.061086956913021
104 -21.646368100311918
105 -3.0245411956982817
106 9.850386464817834
107 -7.0076431869296085
108 11.793685038541636
109 -16.35710492174186
110 -12.357778112602798
111 29.139703328350443
112 -11.47296531227392
113 16.03300946389899
114 -0.4622753943907494
115 -5.033945171830921
116 14.245947173316367
117 3.1729616111812033
118 17.028467997089685
119 9.15102013388762
120 -0.44601743274382355
121 19.66039018553002
122 -9.053152066568305
123 11.75214438712273
124 -15.716667176584739
125 4.603380932977738
126 19.379308956533144
127 -18.235133967407158
128 5.38628718602059
129 -0.545841303110405
130 -3.8027795600999257
131 -10.529436729309008
132 -6.160201949166849
133 -13.061086956913021
134 -21.646368100311918
135 -3.0245411956982817
136 9.850386464817834
137 -7.0076431869296085
138 11.793685038541636
139 -16.35710492174186
140 -12.357778112602798
141 29.139703328350443
142 -11.47296531227392
143 16.03300946389899
144 -0.4622753943907494
145 -5.033945171830921
146 14.245947173316367
147 3.1729616111812033
148 17.028467997089685
149 9.15102013388762
150 -0.44601743274382355
151 8.882262866502876
152 -17.751375021894717
153 -2.0868148270999303
154 -7.707726909979987
155 -0.4973414905458067
156 9.846155919386215
157 6.3523897920085854
158 1.346797593787075
159 -10.800471826263689
160 -17.5547357525485
161 -17.7884098492102
162 12.204476429734944
163 -0.8578817298206135
164 10.532550009996594
165 -5.716067068763461
166 -2.117269089290746
167 7.095518639634667
168 12.274208893115912
169 15.39949799667585
170 5.819280015380547
171 11.335994706567647
172 15.864339147521703
173 15.556602563989484
174 10.44873406510259
175 0.5800711993128838
176 -6.141643639358402
177 4.696139665369134
178 8.603412865515146
179 3.7335742242197414
180 15.955415355371109
181 8.882262866502876
182 -17.751375021894717
183 -2.0868148270999303
184 -7.707726909979987
185 -0.4973414905458067
186 9.846155919386215
187 6.3523897920085854
188 1.346797593787075
189 -10.800471826263689
190 -17.5547357525485
191 -17.7884098492102
192 12.204476429734944
193 -0.8578817298206135
194 10.532550009996594
195 -5.716067068763461
196 -2.117269089290746
197 7.095518639634667
198 12.274208893115912
199 15.39949799667585
200 5.819280015380547
201 11.335994706567647
202 15.864339147521703
203 15.556602563989484
204 10.44873406510259
205 0.5800711993128838
206 -6.141643639358402
207 4.696139665369134
208 8.603412865515146
209 3.7335742242197414
210 15.955415355371109
211 12.177303880244624
212 -16.114977944118493
213 6.084215639667131
214 -16.27941916977012
215 4.673184560919731
216 10.19933708915766
217 -19.346436426595304
218 -4.418069978187594
219 -0.8110783314920487
220 -7.049763265977084
221 -10.501047242204612
222 -4.3579319982463245
223 -12.505383998927885
224 -23.308504837537537
225 -2.031937080883871
226 -3.1732643704767955
227 -14.633279997180798
228 -3.082859628069603
229 -18.146207609743225
230 -14.917598728242025
231 -6.065588832692109
232 -21.113490579360622
233 14.904986573875288
234 -1.342802228364603
235 -4.721857371204367
236 4.054792474832574
237 -11.0191128482608
238 4.428295355691655
239 -4.2116881387603815
240 -9.505198440297644
241 12.177303880244624
242 -16.114977944118493
243 6.084215639667131
244 -16.27941916977012
245 4.673184560919731
246 10.19933708915766
247 -19.346436426595304
248 -4.418069978187594
249 -0.8110783314920487
250 -7.049763265977084
251 -10.501047242204612
252 -4.3579319982463245
253 -12.505383998927885
254 -23.308504837537537
255 -2.031937080883871
256 -3.1732643704767955
257 -14.633279997180798
258 -3.082859628069603
259 -18.146207609743225
260 -14.917598728242025
261 -6.065588832692109
262 -21.113490579360622
263 14.904986573875288
264 -1.342802228364603
265 -4.721857371204367
266 4.054792474832574
267 -11.0191128482608
268 4.428295355691655
269 -4.2116881387603815
270 -9.505198440297644
271 5.465443409281217
272 -14.581114349809756
273 -2.8006521567991083
274 -11.308382268220534
275 -12.098948664355662
276 12.20261115156708
277 -1.2104346849731358
278 -11.89572412941834
279 -17.92740043199981
280 -22.130318839586067
281 -18.95835705576207
282 6.843618214755013
283 -0.976854237279652
284 4.14921674834884
285 -8.127078761873173
286 -4.193799898269382
287 0.5182006835147679
288 11.95704939604778
289 10.997474716964485
290 2.178863109709156
291 8.13102819252353
292 3.967136700753228
293 6.46314056978558
294 5.854733643531041
295 -4.3628712297313585
296 -15.640125058590845
297 2.064155550532206
298 8.729740825253238
299 -7.734161725104641
300 12.639566972385827
301 5.465443409281217
302 -14.581114349809756
303 -2.8006521567991083
304 -11.308382268220534
305 -12.098948664355662
306 12.20261115156708
307 -1.2104346849731358
308 -11.89572412941834
309 -17.92740043199981
310 -22.130318839586067
311 -18.95835705576207
312 6.843618214755013
313 -0.976854237279652
314 4.14921674834884
315 -8.127078761873173
316 -4.193799898269382
317 0.5182006835147679
318 11.95704939604778
319 10.997474716964485
320 2.178863109709156
321 8.13102819252353
322 3.967136700753228
323 6.46314056978558
324 5.854733643531041
325 -4.3628712297313585
326 -15.640125058590845
327 2.064155550532206
328 8.729740825253238
329 -7.734161725104641
330 12.639566972385827
331 11.9445146656611
332 -16.452234028443637
333 -2.832765160162097
334 -16.821362473395958
335 2.6893945161175594
336 2.1292420503466434
337 -19.58467200807262
338 -3.5412376176983043
339 -3.9619685707656895
340 -5.158245585424738
341 -12.613550510121726
342 -4.262107230722922
343 -13.71631367282776
344 -24.022669401339776
345 -4.325254540361119
346 -3.527561888351289
347 -14.736340397609034
348 -3.8306709397459446
349 -19.16805489516446
350 -15.138566422810776
351 -6.942519615008953
352 -23.368701596552743
353 14.482545992524834
354 -2.4539382888840153
355 -5.066957074745473
356 0.7058399339407677
357 -13.064177243095877
358 0.03302840346349045
359 -7.496323558388781
360 -16.52386298492529
361 11.9445146656611
362 -16.452234028443637
363 -2.832765160162097
364 -16.821362473395958
365 2.6893945161175594
366 2.1292420503466434
367 -19.58467200807262
368 -3.5412376176983043
369 -3.9619685707656895
370 -5.158245585424738
371 -12.613550510121726
372 -4.262107230722922
373 -13.71631367282776
374 -24.022669401339776
375 -4.325254540361119
376 -3.527561888351289
377 -14.736340397609034
378 -3.8306709397459446
379 -19.16805489516446
380 -15.138566422810776
381 -6.942519615008953
382 -23.368701596552743
383 14.482545992524834
384 -2.4539382888840153
385 -5.066957074745473
386 0.7058399339407677
387 -13.064177243095877
388 0.03302840346349045
389 -7.496323558388781
390 -16.52386298492529
391 -4.215002502702327
392 -22.632449190108165
393 -17.38495078716388
394 -12.343517840817821
395 -22.637817558218373
396 -1.2885159639445347
397 -9.001754841007578
398 -18.342709399814904
399 -20.013247727107892
400 -22.538267142774757
401 -24.878078317072085
402 -7.000635933451703
403 -15.236461106279698
404 -4.363906811948978
405 -21.650689138165962
406 -16.310608396448668
407 -7.369592071843941
408 -0.5782596723101954
409 -4.58227868888395
410 -7.775908275426803
411 0.37166090786596606
412 -5.563770923250031
413 -5.8669251005537095
414 -5.138081051354533
415 -16.40685223366253
416 -20.18908831278509
417 -13.05782772903332
418 -6.107744551101286
419 -14.71940009571962
420 -2.0770710964822077
421 -4.215002502702327
422 -22.632449190108165
423 -17.38495078716388
424 -12.343517840817821
425 -22.637817558218373
426 -1.2885159639445347
427 -9.001754841007578
428 -18.342709399814904
429 -20.013247727107892
430 -22.538267142774757
431 -24.878078317072085
432 -7.000635933451703
433 -15.236461106279698
434 -4.363906811948978
435 -21.650689138165962
436 -16.310608396448668
437 -7.369592071843941
438 -0.5782596723101954
439 -4.58227868888395
440 -7.775908275426803
441 0.37166090786596606
442 -5.563770923250031
443 -5.8669251005537095
444 -5.138081051354533
445 -16.40685223366253
446 -20.18908831278509
447 -13.05782772903332
448 -6.107744551101286
449 -14.71940009571962
450 -2.0770710964822077
451 -8.441435880987873
452 -17.88015113720824
453 -18.817355068080218
454 -23.72100185236388
455 -18.62151055283217
456 -13.388113769815009
457 -14.065656062530383
458 -10.166710224953144
459 -16.99533766861625
460 -14.786972569472821
461 -26.002903717679
462 -17.854099780930365
463 -12.671998087219492
464 -14.630857548983633
465 -15.785489187956678
466 -13.78910259644565
467 -11.798457253203068
468 -8.016589336258768
469 -16.636619056568513
470 -11.162914446146338
471 -12.247524743082923
472 -21.078393570566178
473 -5.172330186337511
474 -4.815709067460175
475 -10.816330480274573
476 -11.083221976763173
477 -9.259723051736309
478 -13.335232955708452
479 -18.237969119411456
480 -3.6331706400572106
481 -8.441435880987873
482 -17.88015113720824
483 -18.817355068080218
484 -23.72100185236388
485 -18.62151055283217
486 -13.388113769815009
487 -14.065656062530383
488 -10.166710224953144
489 -16.99533766861625
490 -14.786972569472821
491 -26.002903717679
492 -17.854099780930365
493 -12.671998087219492
494 -14.630857548983633
495 -15.785489187956678
496 -13.78910259644565
497 -11.798457253203068
498 -8.016589336258768
499 -16.636619056568513
500 -11.162914446146338
501 -12.247524743082923
502 -21.078393570566178
503 -5.172330186337511
504 -4.815709067460175
505 -10.816330480274573
506 -11.083221976763173
507 -9.259723051736309
508 -13.335232955708452
509 -18.237969119411456
510 -3.6331706400572106
511 -12.164325588195513
512 -24.086821126698883
513 -26.459722615636345
514 -19.453533614119568
515 -25.14122204903178
516 -12.031349721827652
517 -12.869208687731076
518 -23.475082509711637
519 -24.156852793000546
520 -24.65400055083755
521 -26.338264279752
522 -17.988088088541986
523 -15.300617756149089
524 -12.860637912270542
525 -17.723230061218235
526 -21.859673024221294
527 -14.146329552658127
528 -11.398756476523834
529 -11.810006963839108
530 -21.289591647552452
531 -12.568862852275588
532 -11.813370118256802
533 -20.05087615375769
534 -13.058994587981704
535 -21.80925252183625
536 -30.144609758020497
537 -20.355990597477035
538 -16.222055514473574
539 -21.383077270328467
540 -11.560950147346883
541 -12.164325588195513
542 -24.086821126698883
543 -26.459722615636345
544 -19.453533614119568
545 -25.14122204903178
546 -12.031349721827652
547 -12.869208687731076
548 -23.475082509711637
549 -24.156852793000546
550 -24.65400055083755
551 -26.338264279752
552 -17.988088088541986
553 -15.300617756149089
554 -12.860637912270542
555 -17.723230061218235
556 -21.859673024221294
557 -14.146329552658127
558 -11.398756476523834
559 -11.810006963839108
560 -21.289591647552452
561 -12.568862852275588
562 -11.813370118256802
563 -20.05087615375769
564 -13.058994587981704
565 -21.80925252183625
566 -30.144609758020497
567 -20.355990597477035
568 -16.222055514473574
569 -21.383077270328467
570 -11.560950147346883
571 -16.706794253410298
572 -28.909337120668816
573 -22.45567720292628
574 -27.66305533252149
575 -16.19847107378869
576 -22.81951065995085
577 -25.21041019392985
578 -28.706404300141397
579 -23.011216525617932
580 -23.841588899374273
581 -26.53179737283588
582 -16.448304133057956
583 -20.59734745195329
584 -26.32611120299957
585 -21.287853770631433
586 -29.014977726058326
587 -22.5388359715237
588 -18.46584472905251
589 -21.716486975815616
590 -29.217492718528362
591 -20.624737767969762
592 -23.60330829171823
593 -27.22579882033876
594 -29.047120027205864
595 -24.379420838818586
596 -23.013415795786585
597 -24.45013344708105
598 -29.28196367192992
599 -22.29526878739271
600 -29.07767281726884
601 -16.706794253410298
602 -28.909337120668816
603 -22.45567720292628
604 -27.66305533252149
605 -16.19847107378869
606 -22.81951065995085
607 -25.21041019392985
608 -28.706404300141397
609 -23.011216525617932
610 -23.841588899374273
611 -26.53179737283588
612 -16.448304133057956
613 -20.59734745195329
614 -26.32611120299957
615 -21.287853770631433
616 -29.014977726058326
617 -22.5388359715237
618 -18.46584472905251
619 -21.716486975815616
620 -29.217492718528362
621 -20.624737767969762
622 -23.60330829171823
623 -27.22579882033876
624 -29.047120027205864
625 -24.379420838818586
626 -23.013415795786585
627 -24.45013344708105
628 -29.28196367192992
629 -22.29526878739271
630 -29.07767281726884
631 -30.486494424949097
632 -25.363792916252233
633 -26.27734214321964
634 -24.242376377498278
635 -27.21633113686805
636 -27.794565532002856
637 -28.742078730310787
638 -24.71611334727237
639 -26.061716530806255
640 -27.629290873830612
641 -25.452024203254865
642 -28.76223571944773
643 -30.218523674228965
644 -25.98108758813334
645 -26.614001309936143
646 -23.73760338062045
647 -28.953860138562984
648 -28.9008498384248
649 -26.87492184859722
650 -26.88215274627147
651 -28.68186988140859
652 -25.862718680406562
653 -21.736588655286088
654 -24.3913019991737
655 -27.952643041209676
656 -25.920460887757006
657 -28.269379118941547
658 -23.4948801654912
659 -24.484924268169767
660 -25.98375212982234
661 -30.486494424949097
662 -25.363792916252233
663 -26.27734214321964
664 -24.242376377498278
665 -27.21633113686805
666 -27.794565532002856
667 -28.742078730310787
668 -24.71611334727237
669 -26.061716530806255
670 -27.629290873830612
671 -25.452024203254865
672 -28.76223571944773
673 -30.218523674228965
674 -25.98108758813334
675 -26.614001309936143
676 -23.73760338062045
677 -28.953860138562984
678 -28.9008498384248
679 -26.87492184859722
680 -26.88215274627147
681 -28.68186988140859
682 -25.862718680406562
683 -21.736588655286088
684 -24.3913019991737
685 -27.952643041209676
686 -25.920460887757006
687 -28.269379118941547
688 -23.4948801654912
689 -24.484924268169767
690 -25.98375212982234
691 -28.947948153927907
692 -31.233181373547104
693 -29.63298353096183
694 -31.118060669245164
695 -30.129835604894197
696 -29.31465906423422
697 -30.117678995340043
698 -31.909416694101395
699 -30.905421259070188
700 -30.999093711777622
701 -30.563957778177897
702 -28.420926339886528
703 -30.20355535887505
704 -30.144338441475963
705 -29.75419304842934
706 -31.873189130933405
707 -28.822331200097757
708 -28.269498440369173
709 -28.560502741113112
710 -31.430070078701135
711 -27.882307566737936
712 -28.48065380274084
713 -32.727023250275295
714 -32.12066861509648
715 -30.899188132305756
716 -31.915277122326195
717 -30.37825127787603
718 -31.53679688412494
719 -30.12907457643515
720 -30.847187034204232
721 -28.947948153927907
722 -31.233181373547104
723 -29.63298353096183
724 -31.118060669245164
725 -30.129835604894197
726 -29.31465906423422
727 -30.117678995340043
728 -31.909416694101395
729 -30.905421259070188
730 -30.999093711777622
731 -30.563957778177897
732 -28.420926339886528
733 -30.20355535887505
734 -30.144338441475963
735 -29.75419304842934
736 -31.873189130933405
737 -28.822331200097757
738 -28.269498440369173
739 -28.560502741113112
740 -31.430070078701135
741 -27.882307566737936
742 -28.48065380274084
743 -32.727023250275295
744 -32.12066861509648
745 -30.899188132305756
746 -31.915277122326195
747 -30.37825127787603
748 -31.53679688412494
749 -30.12907457643515
750 -30.847187034204232
751 -32.70434944795641
752 -32.74498085171523
753 -32.70517657089327
754 -32.74215768340049
755 -32.73000799899548
756 -32.7020712862404
757 -32.72333444434212
758 -32.759359990359094
759 -32.73372572404117
760 -32.7397128649839
761 -32.72602310415743
762 -32.699725005538795
763 -32.72677343689898
764 -32.725818099316704
765 -32.72744500005566
766 -32.74465824950086
767 -32.702554155947986
768 -32.6985387551356
769 -32.69843980164164
770 -32.74250362951289
771 -32.68241149052292
772 -32.69673351339986
773 -32.77097287223916
774 -32.76189684491744
775 -32.721822886953035
776 -32.752671033048976
777 -32.720217694213275
778 -32.74795276858038
779 -32.73444761261701
780 -32.71992670160085
781 -32.70434944795641
782 -32.74498085171523
783 -32.70517657089327
784 -32.74215768340049
785 -32.73000799899548
786 -32.7020712862404
787 -32.72333444434212
788 -32.759359990359094
789 -32.73372572404117
790 -32.7397128649839
791 -32.72602310415743
792 -32.699725005538795
793 -32.72677343689898
794 -32.725818099316704
795 -32.72744500005566
796 -32.74465824950086
797 -32.702554155947986
798 -32.6985387551356
799 -32.69843980164164
800 -32.74250362951289
801 -32.68241149052292
802 -32.69673351339986
803 -32.77097287223916
804 -32.76189684491744
805 -32.721822886953035
806 -32.752671033048976
807 -32.720217694213275
808 -32.74795276858038
809 -32.73444761261701
810 -32.71992670160085
811 -32.55424672891519
812 -32.88645102249875
813 -32.58462046177428
814 -32.84586703078558
815 -32.76243799528791
816 -32.54382673425228
817 -32.72034520270212
818 -32.926908090958236
819 -32.80015186373882
820 -32.84283910603679
821 -32.746424488664324
822 -32.551759504264915
823 -32.746023846460346
824 -32.7203054772579
825 -32.75598193861124
826 -32.853928157604074
827 -32.580144297544514
828 -32.537137794009055
829 -32.54493674052674
830 -32.8620570395717
831 -32.4218555425866
832 -32.5242096894718
833 -32.997790951720475
834 -32.94671966214567
835 -32.7115736446343
836 -32.9155228802454
837 -32.67691887173074
838 -32.86118019325362
839 -32.789906489885084
840 -32.660942312438735
841 -32.55424672891519
842 -32.88645102249875
843 -32.58462046177428
844 -32.84586703078558
845 -32.76243799528791
846 -32.54382673425228
847 -32.72034520270212
848 -32.926908090958236
849 -32.80015186373882
850 -32.84283910603679
851 -32.746424488664324
852 -32.551759504264915
853 -32.746023846460346
854 -32.7203054772579
855 -32.75598193861124
856 -32.853928157604074
857 -32.580144297544514
858 -32.537137794009055
859 -32.54493674052674
860 -32.8620570395717
861 -32.4218555425866
862 -32.5242096894718
863 -32.997790951720475
864 -32.94671966214567
865 -32.7115736446343
866 -32.9155228802454
867 -32.67691887173074
868 -32.86118019325362
869 -32.789906489885084
870 -32.660942312438735
871 -32.97833182328287
872 -33.03122650263087
873 -32.97661567816092
874 -33.00620806883688
875 -33.01010555380798
876 -32.98397577316602
877 -32.980079970702256
878 -33.01705677651183
879 -33.01651128028241
880 -33.03068708475848
881 -33.00084097247951
882 -32.96363135023485
883 -32.98522448618976
884 -32.97617947935366
885 -33.00792053268757
886 -33.002245179646565
887 -32.96045336916376
888 -32.96167666293207
889 -32.96143855863344
890 -33.01538266427199
891 -32.93217861953526
892 -32.95493346870616
893 -33.03765741345199
894 -33.026103889843405
895 -32.97070009044977
896 -33.02663573541847
897 -32.96320236194748
898 -33.00430017755759
899 -33.02165011206354
900 -32.964191015556366
901 -32.97833182328287
902 -33.03122650263087
903 -32.97661567816092
904 -33.00620806883688
905 -33.01010555380798
906 -32.98397577316602
907 -32.980079970702256
908 -33.01705677651183
909 -33.01651128028241
910 -33.03068708475848
911 -33.00084097247951
912 -32.96363135023485
913 -32.98522448618976
914 -32.97617947935366
915 -33.00792053268757
916 -33.002245179646565
917 -32.96045336916376
918 -32.96167666293207
919 -32.96143855863344
920 -33.01538266427199
921 -32.93217861953526
922 -32.95493346870616
923 -33.03765741345199
924 -33.026103889843405
925 -32.97070009044977
926 -33.02663573541847
927 -32.96320236194748
928 -33.00430017755759
929 -33.02165011206354
930 -32.964191015556366
931 -33.038810214805764
932 -33.04689645510657
933 -33.0362157286672
934 -33.03818147695957
935 -33.043127362104435
936 -33.040964418884464
937 -33.03240639938785
938 -33.039719658276354
939 -33.04433854779232
940 -33.04838463706629
941 -33.039849700691164
942 -33.0323064421409
943 -33.03360527627566
944 -33.030891486674804
945 -33.042358098936475
946 -33.036315493819444
947 -33.02996475324811
948 -33.03236073578621
949 -33.03181114083954
950 -33.041439991373245
951 -33.02453512575961
952 -33.03002791559693
953 -33.0454626805428
954 -33.04267789650843
955 -33.028818451278305
956 -33.04381162659821
957 -33.02721320809377
958 -33.03690993282273
959 -33.04673009135985
960 -33.02836115946224
961 -33.038810214805764
962 -33.04689645510657
963 -33.0362157286672
964 -33.03818147695957
965 -33.043127362104435
966 -33.040964418884464
967 -33.03240639938785
968 -33.039719658276354
969 -33.04433854779232
970 -33.04838463706629
971 -33.039849700691164
972 -33.0323064421409
973 -33.03360527627566
974 -33.030891486674804
975 -33.042358098936475
976 -33.036315493819444
977 -33.02996475324811
978 -33.03236073578621
979 -33.03181114083954
980 -33.041439991373245
981 -33.02453512575961
982 -33.03002791559693
983 -33.0454626805428
984 -33.04267789650843
985 -33.028818451278305
986 -33.04381162659821
987 -33.02721320809377
988 -33.03690993282273
989 -33.04673009135985
990 -33.02836115946224
evaluations raw_y
1 2.2397942992927953
2 10.076164622038673
3 1.790712605421949
4 10.48215486592761
5 1.658952215928708
6 10.20399949208572
7 -14.891721238301832
8 -5.838478513535188
9 13.993853041474475
10 9.130018966503956
11 17.025027234296832
12 18.883700863730304
13 -10.279684984178324
14 6.568422010618567
15 29.15946109203174
16 21.03942404319589
17 9.447863810522584
18 23.128152077709895
19 2.6046057311873216
20 5.529981138747271
21 14.645197378778287
22 -7.6048827402382395
23 13.745005970224506
24 15.912158661140143
25 37.54126864176122
26 -1.5888163905919401
27 31.173828503702413
28 -11.492798209776984
29 6.650252809633381
30 36.77443607692556
31 -15.906766130330153
32 10.325097269947728
33 20.68200701260277
34 15.126707155428964
35 26.285104968858118
36 1.1944922907799285
37 33.42222770756307
38 -2.9340131198076316
39 28.30736760900252
40 -12.432536978577593
41 13.411914563574234
42 9.722375411785015
43 -6.950574337354233
44 7.944633950430649
45 7.223565023012271
46 -2.3945905486810757
47 -15.445011021123765
48 9.032470651631003
49 10.310548019250533
50 -2.2482398880883454
51 24.44467947643547
52 -18.53043583991298
53 -2.6556172123121518
54 26.452554902498406
55 32.74179711312516
56 -5.466939795159542
57 29.73778027493209
58 -3.7280977455755235
59 2.0867904210187347
60 12.935943854200733
61 -15.906766130330153
62 10.325097269947728
63 20.68200701260277
64 15.126707155428964
65 26.285104968858118
66 1.1944922907799285
67 33.42222770756307
68 -2.9340131198076316
69 28.30736760900252
70 -12.432536978577593
71 13.411914563574234
72 9.722375411785015
73 -6.950574337354233
74 7.944633950430649
75 7.223565023012271
76 -2.3945905486810757
77 -15.445011021123765
78 9.032470651631003
79 10.310548019250533
80 -2.2482398880883454
81 24.44467947643547
82 -18.53043583991298
83 -2.6556172123121518
84 26.452554902498406
85 32.74179711312516
86 -5.466939795159542
87 29.73778027493209
88 -3.7280977455755235
89 2.0867904210187347
90 12.935943854200733
91 -25.71005938401053
92 4.115989553762153
93 19.28802631544493
94 11.662523587759203
95 14.213019365320491
96 -3.333498882145609
97 32.8692873670136
98 -4.093426320773977
99 30.594570039658574
100 -25.613401667644833
101 28.22976674336309
102 1.1147977425366076
103 -25.26936946539432
104 5.041413179645754
105 6.709587577796072
106 -5.524743052412642
107 -7.706798485833513
108 -24.329341546238275
109 18.29177013495643
110 7.129816688232947
111 -3.700787018263413
112 -17.946311216775797
113 2.032619246445644
114 4.205727899360301
115 -7.902400255219437
116 7.3577693286702655
117 6.0676035475951995
118 15.553973828257343
119 -15.593024681358498
120 -1.0208727129255633
121 -25.71005938401053
122 4.115989553762153
123 19.28802631544493
124 11.662523587759203
125 14.213019365320491
126 -3.333498882145609
127 32.8692873670136
128 -4.093426320773977
129 30.594570039658574
130 -25.613401667644833
131 28.22976674336309
132 1.1147977425366076
133 -25.26936946539432
134 5.041413179645754
135 6.709587577796072
136 -5.524743052412642
137 -7.706798485833513
138 -24.329341546238275
139 18.29177013495643
140 7.129816688232947
141 -3.700787018263413
142 -17.946311216775797
143 2.032619246445644
144 4.205727899360301
145 -7.902400255219437
146 7.3577693286702655
147 6.0676035475951995
148 15.553973828257343
149 -15.593024681358498
150 -1.0208727129255633
151 -12.392554675443753
152 -14.75536529392284
153 5.42935506321307
154 27.170467439717353
155 2.2790838146176466
156 -21.02937251108145
157 14.815645325960876
158 1.10159104229807
159 5.666805928790194
160 -14.091090751762858
161 -9.997778694001363
162 -7.476045988961409
163 4.4290122741225675
164 -18.21064303007883
165 5.516651437221274
166 14.961795628626867
167 -25.772212643500957
168 10.022450942121818
169 2.56083739450263
170 -13.733258065865515
171 17.761819938014522
172 11.370293223650984
173 14.308421226269633
174 16.004314589129194
175 34.26922461403033
176 -5.515799279727144
177 29.928518108827433
178 -14.647009864263008
179 10.87522994971916
180 21.6924852126595
181 -12.392554675443753
182 -14.75536529392284
183 5.42935506321307
184 27.170467439717353
185 2.2790838146176466
186 -21.02937251108145
187 14.815645325960876
188 1.10159104229807
189 5.666805928790194
190 -14.091090751762858
191 -9.997778694001363
192 -7.476045988961409
193 4.4290122741225675
194 -18.21064303007883
195 5.516651437221274
196 14.961795628626867
197 -25.772212643500957
198 10.022450942121818
199 2.56083739450263
200 -13.733258065865515
201 17.761819938014522
202 11.370293223650984
203 14.308421226269633
204 16.004314589129194
205 34.26922461403033
206 -5.515799279727144
207 29.928518108827433
208 -14.647009864263008
209 10.87522994971916
210 21.6924852126595
211 -23.589101811752997
212 -16.35640552310039
213 7.592747140313433
214 1.7922472400700318
215 2.589611993654313
216 -19.639486067089273
217 19.815098288495456
218 -13.197825699208462
219 -2.848734975999233
220 -26.144110752155783
221 -2.7712111373049817
222 -11.971965460990404
223 -18.341483458686955
224 -15.176702567334416
225 5.077123574741814
226 -1.8379294979110825
227 -27.83587729180546
228 -16.435189796308446
229 -0.12251847828324008
230 -8.710883377920846
231 3.269394352679562
232 -9.47787622689772
233 -5.963672895576779
234 -12.387477644727664
235 -4.505237411737712
236 -17.143193032986304
237 8.923362906348409
238 -11.618952823551371
239 -7.540191931064636
240 4.128100818649163
241 -23.589101811752997
242 -16.35640552310039
243 7.592747140313433
244 1.7922472400700318
245 2.589611993654313
246 -19.639486067089273
247 19.815098288495456
248 -13.197825699208462
249 -2.848734975999233
250 -26.144110752155783
251 -2.7712111373049817
252 -11.971965460990404
253 -18.341483458686955
254 -15.176702567334416
255 5.077123574741814
256 -1.8379294979110825
257 -27.83587729180546
258 -16.435189796308446
259 -0.12251847828324008
260 -8.710883377920846
261 3.269394352679562
262 -9.47787622689772
263 -5.963672895576779
264 -12.387477644727664
265 -4.505237411737712
266 -17.143193032986304
267 8.923362906348409
268 -11.618952823551371
269 -7.540191931064636
270 4.128100818649163
271 -18.44319792447303
272 -18.412119663730085
273 -2.0034795201375792
274 14.874037103652938
275 -8.19694470774941
276 -21.559736106505348
277 9.80427468976156
278 -12.411843590191452
279 -5.947198564799876
280 -23.34618499817109
281 -7.473117511202666
282 -6.963176946354664
283 -0.913065537008245
284 -22.94832864252155
285 0.5924446253024525
286 13.432026661609033
287 -27.69658477160977
288 -0.2509388344301847
289 -4.3795037835988495
290 -15.849234745425814
291 17.911084734627224
292 -0.9538846005593511
293 6.95822344742791
294 6.668583880105756
295 16.849978517301274
296 -15.1307202909185
297 24.012055891835175
298 -19.257297401106637
299 0.8774277810437692
300 22.088118509515084
301 -18.44319792447303
302 -18.412119663730085
303 -2.0034795201375792
304 14.874037103652938
305 -8.19694470774941
306 -21.559736106505348
307 9.80427468976156
308 -12.411843590191452
309 -5.947198564799876
310 -23.34618499817109
311 -7.473117511202666
312 -6.963176946354664
313 -0.913065537008245
314 -22.94832864252155
315 0.5924446253024525
316 13.432026661609033
317 -27.69658477160977
318 -0.2509388344301847
319 -4.3795037835988495
320 -15.849234745425814
321 17.911084734627224
322 -0.9538846005593511
323 6.95822344742791
324 6.668583880105756
325 16.849978517301274
326 -15.1307202909185
327 24.012055891835175
328 -19.257297401106637
329 0.8774277810437692
330 22.088118509515084
331 -21.22170180793138
332 -15.644978345470069
333 9.887473645133749
334 -11.73933292815594
335 1.1151614050306298
336 -15.542498586179338
337 3.9983322614460155
338 -21.326210536616337
339 -2.1268779102799433
340 -27.639670409680768
341 -1.687252962529043
342 -8.370848144242245
343 -23.81118283284861
344 -11.923920119156348
345 7.18661022648389
346 -4.229288469286884
347 -21.68293936706958
348 -20.92092013734317
349 10.328004450937279
350 -4.923628678287174
351 -9.190740610998855
352 -12.349923868029567
353 -7.393940968872519
354 -22.822816211170757
355 -8.64185027926977
356 -19.391926229421305
357 -10.741770253044576
358 -2.2849943866498745
359 -13.197997682057933
360 -4.9992729894167205
361 -21.22170180793138
362 -15.644978345470069
363 9.887473645133749
364 -11.73933292815594
365 1.1151614050306298
366 -15.542498586179338
367 3.9983322614460155
368 -21.326210536616337
369 -2.1268779102799433
370 -27.639670409680768
371 -1.687252962529043
372 -8.370848144242245
373 -23.81118283284861
374 -11.923920119156348
375 7.18661022648389
376 -4.229288469286884
377 -21.68293936706958
378 -20.92092013734317
379 10.328004450937279
380 -4.923628678287174
381 -9.190740610998855
382 -12.349923868029567
383 -7.393940968872519
384 -22.822816211170757
385 -8.64185027926977
386 -19.391926229421305
387 -10.741770253044576
388 -2.2849943866498745
389 -13.197997682057933
390 -4.9992729894167205
391 -23.400261916560805
392 -20.406285791664637
393 -16.648671153419468
394 2.758875082451465
395 -22.606513868053067
396 -23.564134695370754
397 -8.54536476782333
398 -16.327726502238686
399 -18.227592304235184
400 -22.89170552463714
401 -18.01838183604091
402 -19.915531162714263
403 -10.639688483960532
404 -23.620717192092474
405 -12.843526066844367
406 -2.6835012212756366
407 -26.324919489417468
408 -12.02018374920635
409 -16.177585610240584
410 -22.79599650247769
411 -1.369837311959143
412 -9.007991334579192
413 -3.846343865666206
414 -8.851371009421962
415 -2.4058799520936773
416 -16.085506533340748
417 7.415493063330946
418 -24.518677190927274
419 -9.687936792972073
420 2.740808050667087
421 -23.400261916560805
422 -20.406285791664637
423 -16.648671153419468
424 2.758875082451465
425 -22.606513868053067
426 -23.564134695370754
427 -8.54536476782333
428 -16.327726502238686
429 -18.227592304235184
430 -22.89170552463714
431 -18.01838183604091
432 -19.915531162714263
433 -10.639688483960532
434 -23.620717192092474
435 -12.843526066844367
436 -2.6835012212756366
437 -26.324919489417468
438 -12.02018374920635
439 -16.177585610240584
440 -22.79599650247769
441 -1.369837311959143
442 -9.007991334579192
443 -3.846343865666206
444 -8.851371009421962
445 -2.4058799520936773
446 -16.085506533340748
447 7.415493063330946
448 -24.518677190927274
449 -9.687936792972073
450 2.740808050667087
451 -22.697369193026926
452 -23.3249358334821
453 -7.16583055852624
454 -25.74331892119883
455 -11.343136543767484
456 -19.405195889087892
457 -6.031209667759311
458 -23.919326126506967
459 -13.878019823205413
460 -28.616890945264867
461 -14.16930040896183
462 -12.935806890743011
463 -25.417912928134594
464 -22.21998171617665
465 -5.465594174815783
466 -17.088244648311928
467 -24.012355681078652
468 -24.57412069973409
469 -3.303761430317267
470 -10.373297401207669
471 -21.065544517298513
472 -19.727699739578068
473 -18.560368721964277
474 -25.340576395763318
475 -19.10200064815943
476 -24.027747382022508
477 -21.59496709525998
478 -12.927831755335013
479 -20.25143406095352
480 -17.59817526677112
481 -22.697369193026926
482 -23.3249358334821
483 -7.16583055852624
484 -25.74331892119883
485 -11.343136543767484
486 -19.405195889087892
487 -6.031209667759311
488 -23.919326126506967
489 -13.878019823205413
490 -28.616890945264867
491 -14.16930040896183
492 -12.935806890743011
493 -25.417912928134594
494 -22.21998171617665
495 -5.465594174815783
496 -17.088244648311928
497 -24.012355681078652
498 -24.57412069973409
499 -3.303761430317267
500 -10.373297401207669
501 -21.065544517298513
502 -19.727699739578068
503 -18.560368721964277
504 -25.340576395763318
505 -19.10200064815943
506 -24.027747382022508
507 -21.59496709525998
508 -12.927831755335013
509 -20.25143406095352
510 -17.59817526677112
511 -24.903278438154626
512 -26.540704127049306
513 -23.570255471190137
514 -19.671797723818816
515 -24.144727345555218
516 -27.697354493156933
517 -16.95946464011543
518 -21.70911778809354
519 -23.061117742044168
520 -28.096882394937623
521 -21.533684382898247
522 -25.596178187169414
523 -26.67268216953564
524 -23.66078717259588
525 -18.12369731990664
526 -15.114222384485714
527 -28.300197012952395
528 -22.101486879159616
529 -25.68722109204887
530 -26.83584850158678
531 -20.871516685518365
532 -25.333872032157906
533 -18.778141337133132
534 -20.11419609240105
535 -19.79810205462017
536 -23.807450344468336
537 -17.436696016958308
538 -25.634910102642973
539 -27.0188229277285
540 -20.661132481702552
541 -24.903278438154626
542 -26.540704127049306
543 -23.570255471190137
544 -19.671797723818816
545 -24.144727345555218
546 -27.697354493156933
547 -16.95946464011543
548 -21.70911778809354
549 -23.061117742044168
550 -28.096882394937623
551 -21.533684382898247
552 -25.596178187169414
553 -26.67268216953564
554 -23.66078717259588
555 -18.12369731990664
556 -15.114222384485714
557 -28.300197012952395
558 -22.101486879159616
559 -25.68722109204887
560 -26.83584850158678
561 -20.871516685518365
562 -25.333872032157906
563 -18.778141337133132
564 -20.11419609240105
565 -19.79810205462017
566 -23.807450344468336
567 -17.436696016958308
568 -25.634910102642973
569 -27.0188229277285
570 -20.661132481702552
571 -26.015220323918847
572 -25.360054528931904
573 -25.167395579025182
574 -25.982925560687207
575 -24.18981816377597
576 -22.726908986300487
577 -22.18277594495405
578 -26.72699387278867
579 -27.54358784831807
580 -27.236362176478377
581 -29.26887588308906
582 -23.140880066085565
583 -26.198588370968924
584 -26.27580019933602
585 -20.394534621282403
586 -25.341859988734676
587 -26.140313802700778
588 -24.256067333683305
589 -25.51416235314673
590 -25.369440297919372
591 -22.88199309243904
592 -26.26722298734076
593 -26.304982845582764
594 -27.654914330379118
595 -22.847207818169316
596 -27.06786632729107
597 -25.098315547358325
598 -27.675165891967342
599 -25.534872635271604
600 -24.005567434904286
601 -26.015220323918847
602 -25.360054528931904
603 -25.167395579025182
604 -25.982925560687207
605 -24.18981816377597
606 -22.726908986300487
607 -22.18277594495405
608 -26.72699387278867
609 -27.54358784831807
610 -27.236362176478377
611 -29.26887588308906
612 -23.140880066085565
613 -26.198588370968924
614 -26.27580019933602
615 -20.394534621282403
616 -25.341859988734676
617 -26.140313802700778
618 -24.256067333683305
619 -25.51416235314673
620 -25.369440297919372
621 -22.88199309243904
622 -26.26722298734076
623 -26.304982845582764
624 -27.654914330379118
625 -22.847207818169316
626 -27.06786632729107
627 -25.098315547358325
628 -27.675165891967342
629 -25.534872635271604
630 -24.005567434904286
631 -26.387214008974045
632 -28.140927959099173
633 -26.808883124152636
634 -26.304106938236387
635 -24.00750057911348
636 -25.32262699086975
637 -27.946043728799474
638 -27.384965339541544
639 -26.766367774896807
640 -27.175443473208144
641 -29.739130319248396
642 -24.045195951337206
643 -26.953181248172747
644 -27.002020665822663
645 -28.495164772326312
646 -26.263324557043276
647 -28.39955554309835
648 -24.00648824408678
649 -27.089526588436982
650 -27.035735805564748
651 -22.454016742479723
652 -25.758209548599297
653 -27.28129044297496
654 -25.78030925058536
655 -20.95151519803191
656 -29.996009388278807
657 -22.753536419285123
658 -29.279882575762368
659 -25.703348853786274
660 -22.702177796300482
661 -26.387214008974045
662 -28.140927959099173
663 -26.808883124152636
664 -26.304106938236387
665 -24.00750057911348
666 -25.32262699086975
667 -27.946043728799474
668 -27.384965339541544
669 -26.766367774896807
670 -27.175443473208144
671 -29.739130319248396
672 -24.045195951337206
673 -26.953181248172747
674 -27.002020665822663
675 -28.495164772326312
676 -26.263324557043276
677 -28.39955554309835
678 -24.00648824408678
679 -27.089526588436982
680 -27.035735805564748
681 -22.454016742479723
682 -25.758209548599297
683 -27.28129044297496
684 -25.78030925058536
685 -20.95151519803191
686 -29.996009388278807
687 -22.753536419285123
688 -29.279882575762368
689 -25.703348853786274
690 -22.702177796300482
691 -29.19044046833926
692 -30.43666997613246
693 -28.633769236958994
694 -29.30358066102182
695 -29.158766594290274
696 -29.938800084642907
697 -29.721827919621244
698 -30.531669742170543
699 -30.33915795109275
700 -29.477107841489193
701 -29.863795361514434
702 -29.04701430679339
703 -29.01215667159931
704 -29.50730784460442
705 -28.618768333474556
706 -29.70685282228911
707 -30.26704555633873
708 -29.00902981165247
709 -28.257429435251815
710 -29.825846679053775
711 -28.311765296103356
712 -28.507191097372804
713 -30.015330673682904
714 -29.61743348697649
715 -28.225642198333368
716 -30.62256111874613
717 -29.25311845881835
718 -29.37340627762111
719 -28.158275996436455
720 -27.77285276783228
721 -29.19044046833926
722 -30.43666997613246
723 -28.633769236958994
724 -29.30358066102182
725 -29.158766594290274
726 -29.938800084642907
727 -29.721827919621244
728 -30.531669742170543
729 -30.33915795109275
730 -29.477107841489193
731 -29.863795361514434
732 -29.04701430679339
733 -29.01215667159931
734 -29.50730784460442
735 -28.618768333474556
736 -29.70685282228911
737 -30.26704555633873
738 -29.00902981165247
739 -28.257429435251815
740 -29.825846679053775
741 -28.311765296103356
742 -28.507191097372804
743 -30.015330673682904
744 -29.61743348697649
745 -28.225642198333368
746 -30.62256111874613
747 -29.25311845881835
748 -29.37340627762111
749 -28.158275996436455
750 -27.77285276783228
751 -30.628720488280333
752 -30.6447544828206
753 -30.606811634013024
754 -30.571052519318354
755 -30.66205284729708
756 -30.65087604711827
757 -30.65375944164598
758 -30.655321661979006
759 -30.664718118807755
760 -30.625689383689572
761 -30.59674484375135
762 -30.651757137837564
763 -30.59478671190327
764 -30.630059772333276
765 -30.65625307012052
766 -30.585295969379175
767 -30.620696317153918
768 -30.608233698386307
769 -30.59938406373727
770 -30.62343871716649
771 -30.58818429454624
772 -30.58740957721518
773 -30.604985690119413
774 -30.622835552739517
775 -30.63503738301136
776 -30.620340794186518
777 -30.62694954455256
778 -30.59937685092797
779 -30.627982980472204
780 -30.569045941821933
781 -30.628720488280333
782 -30.6447544828206
783 -30.606811634013024
784 -30.571052519318354
785 -30.66205284729708
786 -30.65087604711827
787 -30.65375944164598
788 -30.655321661979006
789 -30.664718118807755
790 -30.625689383689572
791 -30.59674484375135
792 -30.651757137837564
793 -30.59478671190327
794 -30.630059772333276
795 -30.65625307012052
796 -30.585295969379175
797 -30.620696317153918
798 -30.608233698386307
799 -30.59938406373727
800 -30.62343871716649
801 -30.58818429454624
802 -30.58740957721518
803 -30.604985690119413
804 -30.622835552739517
805 -30.63503738301136
806 -30.620340794186518
807 -30.62694954455256
808 -30.59937685092797
809 -30.627982980472204
810 -30.569045941821933
811 -30.672399474405047
812 -30.739025354464868
813 -30.485125555165855
814 -30.322355132263855
815 -30.81467116745995
816 -30.790389862707034
817 -30.726955579340938
818 -30.79029303018172
819 -30.8119424893633
820 -30.663937146449413
821 -30.453822061877858
822 -30.76495842762742
823 -30.50075195793102
824 -30.6731365197307
825 -30.73099038211952
826 -30.38681649346901
827 -30.640591131293434
828 -30.55379128835162
829 -30.453579688908164
830 -30.572704686923306
831 -30.42855646329533
832 -30.414184761901602
833 -30.515673149895644
834 -30.63523442569789
835 -30.67143016189116
836 -30.619409087250087
837 -30.58559029701849
838 -30.448476469171858
839 -30.64588148914694
840 -30.30547236957769
841 -30.672399474405047
842 -30.739025354464868
843 -30.485125555165855
844 -30.322355132263855
845 -30.81467116745995
846 -30.790389862707034
847 -30.726955579340938
848 -30.79029303018172
849 -30.8119424893633
850 -30.663937146449413
851 -30.453822061877858
852 -30.76495842762742
853 -30.50075195793102
854 -30.6731365197307
855 -30.73099038211952
856 -30.38681649346901
857 -30.640591131293434
858 -30.55379128835162
859 -30.453579688908164
860 -30.572704686923306
861 -30.42855646329533
862 -30.414184761901602
863 -30.515673149895644
864 -30.63523442569789
865 -30.67143016189116
866 -30.619409087250087
867 -30.58559029701849
868 -30.448476469171858
869 -30.64588148914694
870 -30.30547236957769
871 -30.796578608888435
872 -30.835925248638972
873 -30.76477401574886
874 -30.768700305999438
875 -30.83496044365122
876 -30.837629237784373
877 -30.828078680435894
878 -30.85535831222788
879 -30.84690828427449
880 -30.811882115672752
881 -30.775369245578915
882 -30.823727006845793
883 -30.778251032443947
884 -30.800489993745902
885 -30.807323483860113
886 -30.791992269376664
887 -30.827703535459815
888 -30.79878066485874
889 -30.751139540782475
890 -30.79686847504086
891 -30.793540345799123
892 -30.7725487452525
893 -30.82191959322592
894 -30.82779754601442
895 -30.829854775441255
896 -30.82832412610433
897 -30.82949562326197
898 -30.763313998930023
899 -30.79664544493729
900 -30.75170082576977
901 -30.796578608888435
902 -30.835925248638972
903 -30.76477401574886
904 -30.768700305999438
905 -30.83496044365122
906 -30.837629237784373
907 -30.828078680435894
908 -30.85535831222788
909 -30.84690828427449
910 -30.811882115672752
911 -30.775369245578915
912 -30.823727006845793
913 -30.778251032443947
914 -30.800489993745902
915 -30.807323483860113
916 -30.791992269376664
917 -30.827703535459815
918 -30.79878066485874
919 -30.751139540782475
920 -30.79686847504086
921 -30.793540345799123
922 -30.7725487452525
923 -30.82191959322592
924 -30.82779754601442
925 -30.829854775441255
926 -30.82832412610433
927 -30.82949562326197
928 -30.763313998930023
929 -30.79664544493729
930 -30.75170082576977
931 -30.849756543043835
932 -30.85928245014638
933 -30.847507306025705
934 -30.847383597680672
935 -30.86136078673043
936 -30.86076700976238
937 -30.858375129182413
938 -30.864711064909002
939 -30.863886710348332
940 -30.85339619030788
941 -30.84737627975054
942 -30.858992723231665
943 -30.845245664437517
944 -30.849136979368726
945 -30.853492955039616
946 -30.85323024145007
947 -30.862198501655953
948 -30.851214744812175
949 -30.84363277939908
950 -30.85575176381581
951 -30.855199879772595
952 -30.850192640246483
953 -30.860580997460875
954 -30.85798878199007
955 -30.860866222838077
956 -30.861576263552397
957 -30.859405960224677
958 -30.84582065994256
959 -30.8513708120577
960 -30.844184426160602
961 -30.849756543043835
962 -30.85928245014638
963 -30.847507306025705
964 -30.847383597680672
965 -30.86136078673043
966 -30.86076700976238
967 -30.858375129182413
968 -30.864711064909002
969 -30.863886710348332
970 -30.85339619030788
971 -30.84737627975054
972 -30.858992723231665
973 -30.845245664437517
974 -30.849136979368726
975 -30.853492955039616
976 -30.85323024145007
977 -30.862198501655953
978 -30.851214744812175
979 -30.84363277939908
980 -30.85575176381581
981 -30.855199879772595
982 -30.850192640246483
983 -30.860580997460875
984 -30.85798878199007
985 -30.860866222838077
986 -30.861576263552397
987 -30.859405960224677
988 -30.84582065994256
989 -30.8513708120577
990 -30.844184426160602
