{
	"version": "0.3.14", 
	"suite": "unknown_suite", 
	"function_id": 14, 
	"function_name": "DifferentPowers", 
	"maximization": false, 
	"algorithm": {"name": "DE", "info": "algorithm_info"},
	"attributes": ["evaluations", "raw_y"],
	"scenarios": [
		{"dimension": 23,
		"path": "data_f14_DifferentPowers/IOHprofiler_f14_DIM23.dat",
		"runs": [
			{"instance": 0, "evals": 2301, "best": {"evals": 2159, "y": 14.504967011505423, "x": [1.6403660328296714, 0.815578498964836, -0.19919286238981693, 2.188875771975388, 2.5804851004847027, -1.0930283086694754, 2.166372828391964, 0.045117410959491844, -1.6306897633499169, -1.20966965861885, 1.644610621437177, 0.43060674017915646, -4.611875957996077, 0.5532238761111188, 2.0369963511049454, -0.018106401546238438, -0.11083288092129484, 1.671212729853671, -2.2975068654379345, -3.237476602033359, -1.0056948397051984, -3.2866330252326246, 1.8976454833846002]}},
			{"instance": 0, "evals": 2301, "best": {"evals": 1962, "y": 10.13491442896394, "x": [2.6372108857422925, 2.758569813073865, 0.2656831300718716, -0.3719598512263964, 0.459081619974099, 1.4416102576460115, 2.4183301964312016, 1.4991281073372025, 0.09927506746734238, -1.8669089593903605, 3.9829908340003284, -0.5545642944984024, -3.6719483822130243, 0.9422092822151581, -0.3679235221711091, -0.5392638003317982, -1.5714851184409122, 2.6330276064231333, -2.7210166014096098, -0.43447914148313727, -1.4686344825105344, 0.5185187730958112, 0.28189711729105005]}},
			{"instance": 0, "evals": 2301, "best": {"evals": 1993, "y": 12.579111784572234, "x": [3.2955018110916385, 1.9912610330684801, 2.7268199667606403, -0.7549858877442648, 2.9371115802664693, -0.7854238514082843, 2.752495520428422, 1.2743868906838256, -2.1660761135180695, -2.2009318627877983, 1.9966803614147812, -1.9435097068923222, -3.553479860710005, -4.316477701657987, 1.8486887203859572, 1.7920585809015397, -1.672163061947225, -1.3125781359316768, -3.302420179336127, -2.1712432873925787, -2.732857143455277, -0.9507443138079372, 3.9573514603727507]}},
			{"instance": 0, "evals": 2301, "best": {"evals": 2164, "y": 16.859881431696195, "x": [2.450450989132656, 0.419389426636404, 2.9048018519755816, 0.41993167368739603, 4.462980058742213, 1.0327464304449352, 1.5481322355295837, 3.13286225486847, 2.246142378775212, 0.7700083925796166, 2.3132047244863223, 0.5745834665909172, 1.360510902864811, 1.874815480794028, 0.737080111254264, -3.0384066297621475, 1.3074073146062366, 0.2369560338297858, -2.327802491868518, -1.372781570776989, -1.0619935368561286, -0.8123860610943567, 0.7554458462714102]}},
			{"instance": 0, "evals": 2301, "best": {"evals": 1589, "y": 15.248694505932923, "x": [-1.1834879786831178, 2.847778417280103, 3.4444013204869446, -1.0973810838613345, 1.1235531697690289, -2.5966571829281047, 4.310199915131807, 4.16089696541284, -1.471098202153133, -2.266616787406288, 1.965236152945138, -1.0718873612749777, -0.6783358025688031, 0.68880558441841, 3.7941520005328258, -0.6002595989025585, -0.3304299982496235, -1.7543587793047812, -1.1145298973017486, -1.8342994472119547, 1.0738109583502047, -1.2411658828377812, 4.129221508471062]}},
			{"instance": 0, "evals": 2301, "best": {"evals": 2260, "y": 14.787409231214589, "x": [2.008717461726591, 1.552787967730002, 3.6580959559832795, -0.7154029788077096, 0.7427949237257954, 1.4150114885882656, 2.5173705761390464, 4.226362599527573, -1.242256019768657, -0.33051661700147617, 1.957802504670065, 0.3399069964624477, -2.0003870233518235, -3.0758254447169064, 1.8714164843586256, 1.0140802591219427, -1.133779054478678, 0.03465162792905907, -1.2122356777742849, -0.9705376707111721, -2.3931105592279747, -1.4927872674058575, 2.265879985043873]}},
			{"instance": 0, "evals": 2301, "best": {"evals": 2196, "y": 14.571915837780145, "x": [3.881005909202705, 0.7672825537079455, 2.2024652314821207, -1.5065568566544973, -0.08799000813403346, -0.5744569888705007, 4.714753829228201, 4.614136673193563, -2.3003633677284454, -3.3518891000154194, 4.704506437053462, 0.6426240565701093, -2.982031084904114, 0.5620217452644902, 4.08505034473761, -0.5074334481801355, -0.4803044208070375, -1.2467876540358198, -2.082580959883237, -0.06443609073472523, -0.8821757058014961, -1.7538020309915794, 4.545935153862895]}},
			{"instance": 0, "evals": 2301, "best": {"evals": 1782, "y": 11.373637265642943, "x": [0.5757110686233693, 1.3113473452608833, 1.2409369429359969, -0.21019308105849688, 2.3447428506357793, 0.6480550326609165, 3.4412443233826635, 0.8200199628449192, -0.16721683934177634, -2.403478690034975, 1.3771016232311322, -2.3015882076482463, -2.891228481163705, 1.0315847121347317, -0.16598658782998754, 0.3031457234382131, -1.6793184465451239, 0.6069682096825972, -3.1623180015087415, 0.31115342235627885, -1.7469787343511287, 0.19956745098834272, 1.2562654433704417]}},
			{"instance": 0, "evals": 2301, "best": {"evals": 1664, "y": 11.325998097195292, "x": [1.557282314022988, 0.4865393827652813, 1.655974557113156, 0.027499556565320216, 1.7150415573400073, -0.3528777431638588, 3.8287909163373106, 1.9309983488049576, -0.5474194730520565, 2.0095218919489186, 0.8840030094303151, -2.2224311237964742, -2.4146054770849927, 2.0297908408980394, -0.9615558352394498, -0.43591347228672017, -2.199224999431393, 0.44922283139604513, -4.247989307067836, -3.054111003411062, -0.6138224315839906, 0.18717736767168347, 2.2696082475614534]}},
			{"instance": 0, "evals": 2301, "best": {"evals": 1453, "y": 10.07926334729976, "x": [2.9307844326508956, 1.5041095528961739, 2.7670324668528425, -0.9778891748010731, 0.6272447152543843, 0.256657621543666, 2.955380833964167, 2.780656549343993, -4.556857142074205, -1.2191210658606944, 2.8772095577016583, 1.145605934440009, -2.94681759570194, 0.05843817536278362, 1.774017054121539, 1.1247659371982452, -2.5927777479765064, -0.5040748205133807, -4.710929981228714, -1.0079276499979577, -1.3258476563689445, -0.3441171367725828, 0.2491197539138712]}},
			{"instance": 0, "evals": 2301, "best": {"evals": 1974, "y": 13.528302320841378, "x": [4.526326855281102, -0.5514689836627964, 4.232470265491564, -0.21376289579681007, 0.45504645191024307, -0.975611405189551, 1.8382977734155244, 0.48288528807323283, -1.156178669151564, -1.5247108747725893, 2.5252445120446154, -0.8268549407112049, -4.99515727076872, 2.4023819433122875, 2.897557202022922, -0.8679532852734848, 0.8804806571264163, 3.505446165530041, 1.2250002266763724, -0.26118218401600823, -0.950637012998101, 0.8362952202085097, 1.77928748965393]}},
			{"instance": 0, "evals": 2301, "best": {"evals": 2060, "y": 18.734833604122027, "x": [2.3508848652719143, 3.222867339597272, 2.3011982702182054, 1.3375139627959607, 1.5352827812401526, -0.7229713765575392, 3.9225099924371825, 1.5825306653289353, -1.6997562108164312, -3.8709322230114074, 3.8586238687611463, -1.7372561537235822, -3.7868687344983005, 1.8493134139995124, 2.1071084670382474, -3.491378989394973, -4.92057223015418, 3.4176523276585584, -2.5917774021133932, -3.5672885347493097, 1.0354625619227575, -0.4098755661351028, 2.448787234221941]}},
			{"instance": 0, "evals": 2301, "best": {"evals": 2185, "y": 15.446212083887431, "x": [2.240192829825646, -0.6047346184600366, 2.0826249567672255, 2.5188721399710827, 0.35693019649076374, -0.06324430944134996, 3.6995136576711176, 1.654949366884235, -4.029760765908194, -0.9563771543321757, 3.531704154687805, 1.1025585099012312, -1.7628092245579543, -1.1220226878820454, 0.6679889398923144, -2.7205306909748743, 0.26404523964901294, 3.100706786074745, -1.947312738064525, 0.3315326845305382, -0.4728718925044144, -1.1334679190489214, 0.3870240036803124]}},
			{"instance": 0, "evals": 2301, "best": {"evals": 1574, "y": 15.57259005134954,