evaluations raw_y
1 -50.67288708363475
2 80.09368955943782
3 25.230135643427282
4 43.828753557951856
5 40.1313528424841
6 1.6507369954242053
7 -0.303578815696401
8 12.113881568051468
9 -60.1111236166568
10 -250.88283226566182
11 87.71556484677805
12 -254.33899834981963
13 -249.50710876275434
14 -152.46659080635305
15 295.06008022785556
16 -119.95096231615548
17 -87.59722359259995
18 -34.594558968784426
19 -244.27536684261673
20 213.96026822618865
21 -84.72686884230451
22 26.229539263954162
23 -199.00819983509365
24 -73.86304423667549
25 42.010158755003154
26 -32.34722400544158
27 -146.66272093016568
28 -72.8827426054392
29 -84.24556386565084
30 200.94253142246328
31 150.06087631085802
32 133.27013646019756
33 236.4857774793881
34 172.08018953981195
35 -177.6331276082455
36 165.85035367282916
37 51.673438961432
38 -183.30206920984608
39 136.8077227760466
40 171.80199444708387
41 -2.072422467733279
42 166.62073825039369
43 311.08473566116703
44 112.57688634229532
45 333.6931046383005
46 -183.391795371127
47 -105.62989575307564
48 753.0002463593767
49 -189.4920821086906
50 315.6158204852148
51 631.4402501658286
52 400.89410423703157
53 244.61003788185917
54 -141.19588372381824
55 -150.07055243523212
56 671.2290700640908
57 -197.0273974685372
58 131.03113229291517
59 346.11367590059643
60 365.2790498778492
61 -50.67288708363475
62 80.09368955943782
63 25.230135643427282
64 43.828753557951856
65 -177.6331276082455
66 1.6507369954242053
67 -0.303578815696401
68 -183.30206920984608
69 -60.1111236166568
70 -250.88283226566182
71 -2.072422467733279
72 -254.33899834981963
73 -249.50710876275434
74 -152.46659080635305
75 295.06008022785556
76 -183.391795371127
77 -105.62989575307564
78 -34.594558968784426
79 -244.27536684261673
80 213.96026822618865
81 -84.72686884230451
82 26.229539263954162
83 -199.00819983509365
84 -141.19588372381824
85 -150.07055243523212
86 -32.34722400544158
87 -197.0273974685372
88 -72.8827426054392
89 -84.24556386565084
90 200.94253142246328
91 156.38332347309304
92 90.95592870821983
93 -85.88509355499271
94 -103.6370249651639
95 -65.22363853293395
96 202.06717705426348
97 168.82118335549748
98 231.32131566750388
99 81.85637683465416
100 175.62618087652774
101 119.39637197897989
102 6.463499200798772
103 -199.07474545487355
104 755.9464528462034
105 83.01411564081563
106 47.16026204123395
107 98.20289058562072
108 182.48370020252656
109 -57.41514607632473
110 -125.24360576597044
111 208.00378411504258
112 265.6949932869595
113 352.16416497570856
114 -87.82710333750532
115 -16.409468719163467
116 257.1119634245397
117 175.42123348095038
118 151.13404507785953
119 256.9183611911597
120 56.57184801031869
121 -50.67288708363475
122 80.09368955943782
123 -85.88509355499271
124 -103.6370249651639
125 -177.6331276082455
126 1.6507369954242053
127 -0.303578815696401
128 -183.30206920984608
129 -60.1111236166568
130 -250.88283226566182
131 -2.072422467733279
132 -254.33899834981963
133 -249.50710876275434
134 -152.46659080635305
135 83.01411564081563
136 -183.391795371127
137 -105.62989575307564
138 -34.594558968784426
139 -244.27536684261673
140 -125.24360576597044
141 -84.72686884230451
142 26.229539263954162
143 -199.00819983509365
144 -141.19588372381824
145 -150.07055243523212
146 -32.34722400544158
147 -197.0273974685372
148 -72.8827426054392
149 -84.24556386565084
150 56.57184801031869
151 169.56574317287897
152 -153.77748039599632
153 515.2357215599975
154 -72.12118285469779
155 -150.0317976091359
156 43.9533469196561
157 -264.3601355379595
158 -92.56141963190032
159 -143.78000352168445
160 33.84766259870325
161 242.0636461787767
162 -12.141798516386675
163 -129.75293141988035
164 -235.08372170031703
165 -101.11367671179559
166 404.59183561743106
167 -16.72585687084945
168 412.68426522187247
169 -87.868259837702
170 420.70740448888625
171 320.141304679417
172 170.96046476447626
173 22.44207627380254
174 545.0045330974706
175 147.5849325188067
176 -69.904940355491
177 -202.4747447414288
178 416.21982171102655
179 577.4082844563874
180 362.0924878064603
181 -50.67288708363475
182 -153.77748039599632
183 -85.88509355499271
184 -103.6370249651639
185 -177.6331276082455
186 1.6507369954242053
187 -264.3601355379595
188 -183.30206920984608
189 -143.78000352168445
190 -250.88283226566182
191 -2.072422467733279
192 -254.33899834981963
193 -249.50710876275434
194 -235.08372170031703
195 -101.11367671179559
196 -183.391795371127
197 -105.62989575307564
198 -34.594558968784426
199 -244.27536684261673
200 -125.24360576597044
201 -84.72686884230451
202 26.229539263954162
203 -199.00819983509365
204 -141.19588372381824
205 -150.07055243523212
206 -69.904940355491
207 -202.4747447414288
208 -72.8827426054392
209 -84.24556386565084
210 56.57184801031869
211 264.3580584194245
212 482.09678211286894
213 310.3370738589229
214 -127.8604618738999
215 321.4008808721096
216 -144.94751868062266
217 -36.07623522558927
218 -58.45926662782959
219 528.0221937180396
220 177.94544891906637
221 -245.00358990601785
222 335.74874430818056
223 -165.32840660059705
224 31.080340298791565
225 -100.32647828404174
226 -27.353500268195216
227 439.0697922298859
228 434.7922700231902
229 229.65873533996484
230 75.31220989386291
231 -207.46295368072217
232 398.0985457616653
233 -206.03340303487803
234 171.1137249395552
235 -214.0785658416253
236 -164.01199810252797
237 11.0988277641795
238 -188.2178306027253
239 -96.14415533728078
240 80.02029130176899
241 -50.67288708363475
242 -153.77748039599632
243 -85.88509355499271
244 -127.8604618738999
245 -177.6331276082455
246 -144.94751868062266
247 -264.3601355379595
248 -183.30206920984608
249 -143.78000352168445
250 -250.88283226566182
251 -245.00358990601785
252 -254.33899834981963
253 -249.50710876275434
254 -235.08372170031703
255 -101.11367671179559
256 -183.391795371127
257 -105.62989575307564
258 -34.594558968784426
259 -244.27536684261673
260 -125.24360576597044
261 -207.46295368072217
262 26.229539263954162
263 -206.03340303487803
264 -141.19588372381824
265 -214.0785658416253
266 -164.01199810252797
267 -202.4747447414288
268 -188.2178306027253
269 -96.14415533728078
270 56.57184801031869
271 406.29828280244556
272 120.80502196942558
273 74.10302068273185
274 227.80097301347317
275 -259.696286405258
276 121.8086644540976
277 -188.79921314272525
278 188.6510956357956
279 563.1182700622127
280 76.61904808053242
281 -59.57119924196207
282 -160.88977626328634
283 71.30933187232796
284 132.36748524138793
285 262.4527257304604
286 -147.4747308577679
287 -292.4551833949447
288 -69.46196967757103
289 -83.93461167892423
290 -196.71163831909416
291 22.33542123879201
292 474.6391482491421
293 204.49903745999873
294 129.75618821654908
295 151.16194980802075
296 -77.36931107626009
297 -45.11105041956236
298 -122.55296390621996
299 -88.09699941562876
300 -141.76738098588567
301 -50.67288708363475
302 -153.77748039599632
303 -85.88509355499271
304 -127.8604618738999
305 -259.696286405258
306 -144.94751868062266
307 -264.3601355379595
308 -183.30206920984608
309 -143.78000352168445
310 -250.88283226566182
311 -245.00358990601785
312 -254.33899834981963
313 -249.50710876275434
314 -235.08372170031703
315 -101.11367671179559
316 -183.391795371127
317 -292.4551833949447
318 -69.46196967757103
319 -244.27536684261673
320 -196.71163831909416
321 -207.46295368072217
322 26.229539263954162
323 -206.03340303487803
324 -141.19588372381824
325 -214.0785658416253
326 -164.01199810252797
327 -202.4747447414288
328 -188.2178306027253
329 -96.14415533728078
330 -141.76738098588567
331 -187.1468061047241
332 158.13954657033673
333 -8.362280055620275
334 -151.62356668137554
335 -23.54746539182337
336 -133.9833282734846
337 -213.1108594985805
338 209.40178055526232
339 71.70852783920749
340 57.44170181014276
341 149.58693658096763
342 575.7768744202199
343 72.76667995460204
344 351.04928673719377
345 23.06839215329875
346 178.90699750138748
347 277.9069186125514
348 47.971763350037286
349 234.79974510326764
350 7.878632467375372
351 179.65657683453884
352 -127.92651949919227
353 -148.834491095499
354 151.44452378200896
355 685.9623643027677
356 -120.6945175379482
357 -260.90963359724987
358 -160.90786089066341
359 83.54390200097671
360 -127.98169181041183
361 -187.1468061047241
362 -153.77748039599632
363 -85.88509355499271
364 -151.62356668137554
365 -259.696286405258
366 -144.94751868062266
367 -264.3601355379595
368 -183.30206920984608
369 -143.78000352168445
370 -250.88283226566182
371 -245.00358990601785
372 -254.33899834981963
373 -249.50710876275434
374 -235.08372170031703
375 -101.11367671179559
376 -183.391795371127
377 -292.4551833949447
378 -69.46196967757103
379 -244.27536684261673
380 -196.71163831909416
381 -207.46295368072217
382 -127.92651949919227
383 -206.03340303487803
384 -141.19588372381824
385 -214.0785658416253
386 -164.01199810252797
387 -260.90963359724987
388 -188.2178306027253
389 -96.14415533728078
390 -141.76738098588567
391 183.33790708978538
392 211.95360158237992
393 36.542975064050395
394 -179.84522901953628
395 -191.77971086563159
396 -32.28677343966899
397 253.27707278485568
398 -159.84734800253028
399 190.42409788918087
400 65.0549848873393
401 -6.673713812052386
402 184.97990500599334
403 291.52372866600325
404 -18.300805329419553
405 -98.89180796460005
406 227.00809508174092
407 -165.86083555154917
408 106.72118557973204
409 -191.62448038597907
410 57.74089485818183
411 -97.8427436424269
412 -62.68923627770771
413 112.98646077090845
414 -167.2500371865218
415 46.05224610542481
416 16.72797995805528
417 355.3857025732912
418 250.42888165564125
419 260.84311307566855
420 100.29071276580702
421 -187.1468061047241
422 -153.77748039599632
423 -85.88509355499271
424 -179.84522901953628
425 -259.696286405258
426 -144.94751868062266
427 -264.3601355379595
428 -183.30206920984608
429 -143.78000352168445
430 -250.88283226566182
431 -245.00358990601785
432 -254.33899834981963
433 -249.50710876275434
434 -235.08372170031703
435 -101.11367671179559
436 -183.391795371127
437 -292.4551833949447
438 -69.46196967757103
439 -244.27536684261673
440 -196.71163831909416
441 -207.46295368072217
442 -127.92651949919227
443 -206.03340303487803
444 -167.2500371865218
445 -214.0785658416253
446 -164.01199810252797
447 -260.90963359724987
448 -188.2178306027253
449 -96.14415533728078
450 -141.76738098588567
451 263.9592193715711
452 284.61711697803855
453 -69.60091715584758
454 24.574548354654013
455 -89.5361573700488
456 624.085212971505
457 356.45365791804585
458 26.16225790140284
459 -130.92244651820238
460 168.04296753736114
461 375.7814798432345
462 187.51027212551986
463 94.38500694210808
464 39.907301498345696
465 60.55281445427417
466 -73.6577599832671
467 -117.91501348602577
468 355.3857025732912
469 127.3826293335024
470 87.12676589474306
471 307.7157321507615
472 -60.5007999328317
473 185.57079855065004
474 257.6477576498892
475 -23.292190819208408
476 98.10422741702925
477 -203.28486599631685
478 344.95343263423285
479 31.38743022792641
480 -189.6202801367407
481 -187.1468061047241
482 -153.77748039599632
483 -85.88509355499271
484 -179.84522901953628
485 -259.696286405258
486 -144.94751868062266
487 -264.3601355379595
488 -183.30206920984608
489 -143.78000352168445
490 -250.88283226566182
491 -245.00358990601785
492 -254.33899834981963
493 -249.50710876275434
494 -235.08372170031703
495 -101.11367671179559
496 -183.391795371127
497 -292.4551833949447
498 -69.46196967757103
499 -244.27536684261673
500 -196.71163831909416
501 -207.46295368072217
502 -127.92651949919227
503 -206.03340303487803
504 -167.2500371865218
505 -214.0785658416253
506 -164.01199810252797
507 -260.90963359724987
508 -188.2178306027253
509 -96.14415533728078
510 -189.6202801367407
511 708.2919517054506
512 73.08101504559191
513 70.2566598842366
514 -142.37765113271138
515 163.28341052061683
516 9.691942893104263
517 -21.000623527429614
518 -281.9822801769963
519 117.75381540660673
520 -280.2029776784876
521 177.77907959728282
522 279.2933682357383
523 76.14775409682261
524 -193.26926750254665
525 -220.95254959977635
526 -245.45923784611793
527 347.0126601264489
528 386.04724059136447
529 -109.11742503491477
530 132.70874202571054
531 196.96562802687797
532 18.78826222171466
533 -65.3691345511739
534 402.73595415763054
535 296.2710804754968
536 -56.06323564373536
537 135.7436910967705
538 -201.9848903326738
539 330.8252335564327
540 -7.025523606760357
541 -187.1468061047241
542 -153.77748039599632
543 -85.88509355499271
544 -179.84522901953628
545 -259.696286405258
546 -144.94751868062266
547 -264.3601355379595
548 -281.9822801769963
549 -143.78000352168445
550 -280.2029776784876
551 -245.00358990601785
552 -254.33899834981963
553 -249.50710876275434
554 -235.08372170031703
555 -220.95254959977635
556 -245.45923784611793
557 -292.4551833949447
558 -69.46196967757103
559 -244.27536684261673
560 -196.71163831909416
561 -207.46295368072217
562 -127.92651949919227
563 -206.03340303487803
564 -167.2500371865218
565 -214.0785658416253
566 -164.01199810252797
567 -260.90963359724987
568 -201.9848903326738
569 -96.14415533728078
570 -189.6202801367407
571 579.4242477707282
572 347.7038380054331
573 152.87395570090453
574 -133.83306133064593
575 271.7016523972115
576 -209.37642982590788
577 150.26576119744044
578 142.3323860259737
579 87.90952044860052
580 44.28061676637478
581 -205.5082838801487
582 91.88611787108438
583 72.86182081368004
584 358.7055558979339
585 -126.60282098674222
586 -3.1924781745302884
587 -259.6151895889573
588 -24.91868526317647
589 201.0690283385111
590 32.22448814853146
591 253.9475520434566
592 -11.130830331139606
593 107.05157239133071
594 56.84019757698833
595 -196.29751408294922
596 -78.86454845382067
597 540.9609431535729
598 -84.97255120095207
599 240.17214760148457
600 505.2422646989206
601 -187.1468061047241
602 -153.77748039599632
603 -85.88509355499271
604 -179.84522901953628
605 -259.696286405258
606 -209.37642982590788
607 -264.3601355379595
608 -281.9822801769963
609 -143.78000352168445
610 -280.2029776784876
611 -245.00358990601785
612 -254.33899834981963
613 -249.50710876275434
614 -235.08372170031703
615 -220.95254959977635
616 -245.45923784611793
617 -292.4551833949447
618 -69.46196967757103
619 -244.27536684261673
620 -196.71163831909416
621 -207.46295368072217
622 -127.92651949919227
623 -206.03340303487803
624 -167.2500371865218
625 -214.0785658416253
626 -164.01199810252797
627 -260.90963359724987
628 -201.9848903326738
629 -96.14415533728078
630 -189.6202801367407
631 -92.69878944746777
632 128.1805115176477
633 385.6074641542769
634 116.53529449910475
635 329.7631684557572
636 -60.30113820921534
637 24.481354988835008
638 -74.34328784985269
639 113.18154253975449
640 73.2267533022826
641 224.97003006440548
642 60.715364337526886
643 -168.7204140140697
644 417.0099951033191
645 -178.93284667904533
646 134.38974250598636
647 62.49233313622324
648 -108.77612414448359
649 98.45862522241976
650 -186.01763530877562
651 -23.562722380205898
652 138.6340694257212
653 47.62649290032848
654 -80.26270634720856
655 285.3489097844846
656 114.9348988988875
657 119.5194337051189
658 -197.9583991229586
659 452.6733788399264
660 202.456037109438
661 -187.1468061047241
662 -153.77748039599632
663 -85.88509355499271
664 -179.84522901953628
665 -259.696286405258
666 -209.37642982590788
667 -264.3601355379595
668 -281.9822801769963
669 -143.78000352168445
670 -280.2029776784876
671 -245.00358990601785
672 -254.33899834981963
673 -249.50710876275434
674 -235.08372170031703
675 -220.95254959977635
676 -245.45923784611793
677 -292.4551833949447
678 -108.77612414448359
679 -244.27536684261673
680 -196.71163831909416
681 -207.46295368072217
682 -127.92651949919227
683 -206.03340303487803
684 -167.2500371865218
685 -214.0785658416253
686 -164.01199810252797
687 -260.90963359724987
688 -201.9848903326738
689 -96.14415533728078
690 -189.6202801367407
691 7.559653051791093
692 -150.66172175407056
693 -197.17584566531235
694 95.14446414065011
695 127.28640048997205
696 322.7580456849519
697 -245.5019623055261
698 93.21058382557496
699 130.43563277962403
700 -24.62322558415296
701 48.84948989715197
702 188.6510956357956
703 -229.91823108232643
704 59.164324474702426
705 -42.39947800038333
706 100.47129340091547
707 -159.12415979779325
708 715.3348398759907
709 277.8925103019292
710 -262.01442656280335
711 -156.30488316100002
712 150.13595843505414
713 70.8916924374455
714 -143.03219395700998
715 -105.47863723076836
716 -38.97295974169005
717 -23.350263992466342
718 462.2286988850536
719 -279.59266147129864
720 157.39235319773906
721 -187.1468061047241
722 -153.77748039599632
723 -197.17584566531235
724 -179.84522901953628
725 -259.696286405258
726 -209.37642982590788
727 -264.3601355379595
728 -281.9822801769963
729 -143.78000352168445
730 -280.2029776784876
731 -245.00358990601785
732 -254.33899834981963
733 -249.50710876275434
734 -235.08372170031703
735 -220.95254959977635
736 -245.45923784611793
737 -292.4551833949447
738 -108.77612414448359
739 -244.27536684261673
740 -262.01442656280335
741 -207.46295368072217
742 -127.92651949919227
743 -206.03340303487803
744 -167.2500371865218
745 -214.0785658416253
746 -164.01199810252797
747 -260.90963359724987
748 -201.9848903326738
749 -279.59266147129864
750 -189.6202801367407
751 18.822396199811568
752 8.262808060167451
753 670.3798642352721
754 135.89399253147837
755 -252.57229212112958
756 59.666433803420226
757 85.62889059471138
758 -256.6971762087288
759 571.8832226095587
760 79.34791740841753
761 -151.56715849613437
762 -205.0847031247425
763 -184.46153199394365
764 -75.77386810220476
765 53.95767163391174
766 276.03191179211035
767 277.1425899343173
768 -136.06128042989945
769 -59.046551734484765
770 -95.77016285910746
771 -165.0979612197932
772 -193.35729917611872
773 237.42591533062622
774 41.790747146884236
775 -83.39706452473072
776 -16.66882850596414
777 407.9266362313448
778 98.50357516106783
779 5.167083238939142
780 453.8981836187274
781 -187.1468061047241
782 -153.77748039599632
783 -197.17584566531235
784 -179.84522901953628
785 -259.696286405258
786 -209.37642982590788
787 -264.3601355379595
788 -281.9822801769963
789 -143.78000352168445
790 -280.2029776784876
791 -245.00358990601785
792 -254.33899834981963
793 -249.50710876275434
794 -235.08372170031703
795 -220.95254959977635
796 -245.45923784611793
797 -292.4551833949447
798 -136.06128042989945
799 -244.27536684261673
800 -262.01442656280335
801 -207.46295368072217
802 -193.35729917611872
803 -206.03340303487803
804 -167.2500371865218
805 -214.0785658416253
806 -164.01199810252797
807 -260.90963359724987
808 -201.9848903326738
809 -279.59266147129864
810 -189.6202801367407
811 114.70011851024374
812 278.1634295872991
813 -34.65649281148694
814 392.90685526630614
815 149.0275902464079
816 373.5749814751066
817 -116.55867716037582
818 -196.98702050203386
819 -87.09546445660871
820 141.72150194792442
821 -208.6131626988975
822 11.272111549149399
823 -129.07210430156005
824 -12.125196092709533
825 189.61565047123364
826 25.749428912951437
827 183.06047363017115
828 -56.87919229773694
829 -160.28147886759177
830 -49.18074383635072
831 -20.152617159582007
832 -122.11186446613821
833 54.71733553920416
834 203.0376358608535
835 -54.689554267577904
836 156.90288421862726
837 101.3237022686702
838 325.0652221897023
839 -197.41239651000268
840 312.6563885352716
841 -187.1468061047241
842 -153.77748039599632
843 -197.17584566531235
844 -179.84522901953628
845 -259.696286405258
846 -209.37642982590788
847 -264.3601355379595
848 -281.9822801769963
849 -143.78000352168445
850 -280.2029776784876
851 -245.00358990601785
852 -254.33899834981963
853 -249.50710876275434
854 -235.08372170031703
855 -220.95254959977635
856 -245.45923784611793
857 -292.4551833949447
858 -136.06128042989945
859 -244.27536684261673
860 -262.01442656280335
861 -207.46295368072217
862 -193.35729917611872
863 -206.03340303487803
864 -167.2500371865218
865 -214.0785658416253
866 -164.01199810252797
867 -260.90963359724987
868 -201.9848903326738
869 -279.59266147129864
870 -189.6202801367407
871 541.7400767692668
872 -146.448258664322
873 68.97178945473885
874 -157.38461063012167
875 51.58232513515385
876 -64.38447108377675
877 -163.06004312178757
878 -204.99706119307456
879 394.6306884720436
880 -171.81806498063116
881 368.5047734162893
882 129.2962083753126
883 -128.71623843634887
884 -4.900179561395277
885 93.24398413014755
886 -33.21976751884178
887 -122.82339156413643
888 -270.27014333953696
889 102.64841089278077
890 -82.09313040135521
891 -135.28308974362034
892 399.00188991461283
893 366.1275283413154
894 -48.21128103776539
895 -241.3480540745187
896 -192.11479695218534
897 -138.2650678817479
898 554.1291227968953
899 -133.5716491210311
900 276.6302237971436
901 -187.1468061047241
902 -153.77748039599632
903 -197.17584566531235
904 -179.84522901953628
905 -259.696286405258
906 -209.37642982590788
907 -264.3601355379595
908 -281.9822801769963
909 -143.78000352168445
910 -280.2029776784876
911 -245.00358990601785
912 -254.33899834981963
913 -249.50710876275434
914 -235.08372170031703
915 -220.95254959977635
916 -245.45923784611793
917 -292.4551833949447
918 -270.27014333953696
919 -244.27536684261673
920 -262.01442656280335
921 -207.46295368072217
922 -193.35729917611872
923 -206.03340303487803
924 -167.2500371865218
925 -241.3480540745187
926 -192.11479695218534
927 -260.90963359724987
928 -201.9848903326738
929 -279.59266147129864
930 -189.6202801367407
931 30.19865996624504
932 23.25250059724015
933 -205.38935427908643
934 -188.4840085533414
935 4.3898849095189725
936 318.64430225209225
937 363.2542344328821
938 -34.26735708858476
939 -104.02083809676789
940 6.3872655747370946
941 -144.36595629510313
942 354.1359584765825
943 -197.9230030971572
944 79.79540247891843
945 1.119365147748927
946 327.2940815053666
947 284.4671524413831
948 -90.03991790427015
949 -242.13855804604745
950 112.95221902323941
951 639.2703271731235
952 317.741714329232
953 -172.72873962302765
954 -199.34729062724233
955 358.29198135973854
956 51.08830494554286
957 51.84264106210337
958 -41.438320196460374
959 150.97237214670434
960 -188.1003589280276
961 -187.1468061047241
962 -153.77748039599632
963 -205.38935427908643
964 -188.4840085533414
965 -259.696286405258
966 -209.37642982590788
967 -264.3601355379595
968 -281.9822801769963
969 -143.78000352168445
970 -280.2029776784876
971 -245.00358990601785
972 -254.33899834981963
973 -249.50710876275434
974 -235.08372170031703
975 -220.95254959977635
976 -245.45923784611793
977 -292.4551833949447
978 -270.27014333953696
979 -244.27536684261673
980 -262.01442656280335
981 -207.46295368072217
982 -193.35729917611872
983 -206.03340303487803
984 -199.34729062724233
985 -241.3480540745187
986 -192.11479695218534
987 -260.90963359724987
988 -201.9848903326738
989 -279.59266147129864
990 -189.6202801367407
evaluations raw_y
1 29.290054815044716
2 -144.88010767235266
3 -12.336247243056864
4 -172.5343284346883
5 0.34574303626855496
6 6.690992685291619
7 44.388123042346784
8 -18.234680693948697
9 56.14199319470043
10 -171.1623052456592
11 -53.95062571423427
12 -50.632794598580034
13 -51.00902773675332
14 74.68555987986574
15 -161.8130675858842
16 -139.00547609718728
17 -141.9678419943242
18 109.43031670615794
19 36.52996068794258
20 114.87696752196452
21 -57.19952409355457
22 386.3831759398637
23 -73.83906338334225
24 -115.11780660336227
25 288.39422375101066
26 -141.2172981197268
27 236.17765653772085
28 -196.97888037475656
29 16.294092262298342
30 21.742038431225012
31 162.09816961582405
32 124.1229480124855
33 71.82076459010696
34 123.84077963515423
35 584.0852540583257
36 128.3706597110091
37 -158.15121273601446
38 269.5121371038274
39 287.5637147715839
40 72.4173427120222
41 407.6175955775446
42 334.0698761443887
43 574.45265100079
44 141.53609110781767
45 175.78388040049202
46 39.154491231752125
47 -95.85925586013623
48 237.9084965434032
49 775.554302197945
50 11.75792287142674
51 -241.0801440589674
52 -197.288196711504
53 218.93986547221618
54 479.014358472126
55 352.2843402087511
56 355.6175333982495
57 110.13763540281093
58 102.90155450779777
59 79.01733138820545
60 282.6225934551322
61 29.290054815044716
62 -144.88010767235266
63 -12.336247243056864
64 -172.5343284346883
65 0.34574303626855496
66 6.690992685291619
67 -158.15121273601446
68 -18.234680693948697
69 56.14199319470043
70 -171.1623052456592
71 -53.95062571423427
72 -50.632794598580034
73 -51.00902773675332
74 74.68555987986574
75 -161.8130675858842
76 -139.00547609718728
77 -141.9678419943242
78 109.43031670615794
79 36.52996068794258
80 11.75792287142674
81 -241.0801440589674
82 -197.288196711504
83 -73.83906338334225
84 -115.11780660336227
85 288.39422375101066
86 -141.2172981197268
87 110.13763540281093
88 -196.97888037475656
89 16.294092262298342
90 21.742038431225012
91 128.00699500641548
92 143.8399690436039
93 226.82154436461718
94 42.114659782860656
95 168.1148359365382
96 124.07555685655291
97 589.7251241179142
98 231.53114186059875
99 -294.26635866197904
100 36.41736202838343
101 473.60271708058326
102 274.0135947083344
103 878.1238647587552
104 222.79665819288473
105 567.7733845580453
106 -59.7166756703991
107 506.40512565988945
108 33.27873646083819
109 56.04716433461306
110 -32.97646070636975
111 142.77124919971135
112 459.02131962918395
113 342.80455219245096
114 87.85403608879578
115 116.39528079401884
116 -125.22622760517504
117 121.13420133947291
118 100.56223899562877
119 306.30057044724515
120 579.7923659412465
121 29.290054815044716
122 -144.88010767235266
123 -12.336247243056864
124 -172.5343284346883
125 0.34574303626855496
126 6.690992685291619
127 -158.15121273601446
128 -18.234680693948697
129 -294.26635866197904
130 -171.1623052456592
131 -53.95062571423427
132 -50.632794598580034
133 -51.00902773675332
134 74.68555987986574
135 -161.8130675858842
136 -139.00547609718728
137 -141.9678419943242
138 33.27873646083819
139 36.52996068794258
140 -32.97646070636975
141 -241.0801440589674
142 -197.288196711504
143 -73.83906338334225
144 -115.11780660336227
145 116.39528079401884
146 -141.2172981197268
147 110.13763540281093
148 -196.97888037475656
149 16.294092262298342
150 21.742038431225012
151 469.4008034292519
152 18.18632596828526
153 281.19818185834237
154 326.46627969397633
155 72.41731911356052
156 320.0910781803338
157 86.77833504163995
158 -250.1812107306265
159 108.24680437387725
160 72.52912398241287
161 382.13928838780265
162 372.55000755752434
163 154.92760335563827
164 447.56748997668643
165 210.15299431745797
166 331.5699682426643
167 64.5068414545904
168 627.9951637326802
169 191.8479668757465
170 100.1660733333728
171 314.6187814679421
172 216.45868589684773
173 294.2399212141727
174 -95.16524871373896
175 359.1887427497151
176 -228.62193052953575
177 -83.69331650416854
178 403.52770124543866
179 381.2820365601613
180 -45.712975247592055
181 29.290054815044716
182 -144.88010767235266
183 -12.336247243056864
184 -172.5343284346883
185 0.34574303626855496
186 6.690992685291619
187 -158.15121273601446
188 -250.1812107306265
189 -294.26635866197904
190 -171.1623052456592
191 -53.95062571423427
192 -50.632794598580034
193 -51.00902773675332
194 74.68555987986574
195 -161.8130675858842
196 -139.00547609718728
197 -141.9678419943242
198 33.27873646083819
199 36.52996068794258
200 -32.97646070636975
201 -241.0801440589674
202 -197.288196711504
203 -73.83906338334225
204 -115.11780660336227
205 116.39528079401884
206 -228.62193052953575
207 -83.69331650416854
208 -196.97888037475656
209 16.294092262298342
210 -45.712975247592055
211 -107.49083428680993
212 463.69651287031706
213 -49.076462683945415
214 574.7569387268559
215 -90.19738025717112
216 198.12480294290242
217 92.11556199014858
218 95.86849007063098
219 -119.01012919321295
220 -234.15541578924675
221 88.49142323995575
222 -150.56125424013422
223 155.7830708183245
224 -166.31710630012873
225 142.40581435713185
226 -143.09606715035181
227 -202.1470261750099
228 92.29402981894256
229 -76.47004049860209
230 103.33793108871066
231 -216.2796091188954
232 -48.44812955422881
233 118.77918246595311
234 702.4227208076838
235 339.27829501642606
236 34.355572820436144
237 456.609011234757
238 80.71935317750082
239 -102.78492027430265
240 -151.74974333279047
241 -107.49083428680993
242 -144.88010767235266
243 -49.076462683945415
244 -172.5343284346883
245 -90.19738025717112
246 6.690992685291619
247 -158.15121273601446
248 -250.1812107306265
249 -294.26635866197904
250 -234.15541578924675
251 -53.95062571423427
252 -150.56125424013422
253 -51.00902773675332
254 -166.31710630012873
255 -161.8130675858842
256 -143.09606715035181
257 -202.1470261750099
258 33.27873646083819
259 -76.47004049860209
260 -32.97646070636975
261 -241.0801440589674
262 -197.288196711504
263 -73.83906338334225
264 -115.11780660336227
265 116.39528079401884
266 -228.62193052953575
267 -83.69331650416854
268 -196.97888037475656
269 -102.78492027430265
270 -151.74974333279047
271 223.52184811576967
272 99.23622116072275
273 328.79849087306593
274 492.81630484349404
275 226.70665031728964
276 601.2074644132282
277 -1.2918925234686114
278 64.00038886014661
279 574.4505889213627
280 -127.05584913755477
281 -178.30526259881066
282 64.59213386504472
283 399.6124543912894
284 451.11046465002084
285 -199.84245171549492
286 655.8227451609936
287 -93.02554164115638
288 194.431450413524
289 -113.50173582144916
290 335.2448847383122
291 383.76491423163924
292 160.82345793861396
293 -172.22381671596003
294 101.12322063097541
295 -64.10039487864047
296 26.81141563124342
297 -298.9385555879688
298 -212.67665756722556
299 -90.39811975222867
300 351.75226969328065
301 -107.49083428680993
302 -144.88010767235266
303 -49.076462683945415
304 -172.5343284346883
305 -90.19738025717112
306 6.690992685291619
307 -158.15121273601446
308 -250.1812107306265
309 -294.26635866197904
310 -234.15541578924675
311 -178.30526259881066
312 -150.56125424013422
313 -51.00902773675332
314 -166.31710630012873
315 -199.84245171549492
316 -143.09606715035181
317 -202.1470261750099
318 33.27873646083819
319 -113.50173582144916
320 -32.97646070636975
321 -241.0801440589674
322 -197.288196711504
323 -172.22381671596003
324 -115.11780660336227
325 -64.10039487864047
326 -228.62193052953575
327 -298.9385555879688
328 -212.67665756722556
329 -102.78492027430265
330 -151.74974333279047
331 33.984090425196314
332 -230.6614104858083
333 63.52202476146995
334 -206.66426968826227
335 119.03094647740244
336 378.65599272198517
337 -260.90754748818773
338 -25.661458026343624
339 376.6255750670693
340 -86.44325393144817
341 349.6572957902577
342 -160.22537348910637
343 -133.89661572714985
344 -119.85458485186402
345 114.5483001772199
346 -75.6931375929054
347 553.5429946812384
348 140.91106090521745
349 -61.42451542325471
350 9.68286817505291
351 377.68755967626186
352 -100.24086300521999
353 112.70348494952825
354 302.81382850171167
355 -153.70760739183615
356 -151.679348958034
357 -12.036670796377699
358 742.4263158653307
359 -111.2028411551352
360 -252.5884693002995
361 -107.49083428680993
362 -230.6614104858083
363 -49.076462683945415
364 -206.66426968826227
365 -90.19738025717112
366 6.690992685291619
367 -260.90754748818773
368 -250.1812107306265
369 -294.26635866197904
370 -234.15541578924675
371 -178.30526259881066
372 -160.22537348910637
373 -133.89661572714985
374 -166.31710630012873
375 -199.84245171549492
376 -143.09606715035181
377 -202.1470261750099
378 33.27873646083819
379 -113.50173582144916
380 -32.97646070636975
381 -241.0801440589674
382 -197.288196711504
383 -172.22381671596003
384 -115.11780660336227
385 -153.70760739183615
386 -228.62193052953575
387 -298.9385555879688
388 -212.67665756722556
389 -111.2028411551352
390 -252.5884693002995
391 301.4045147230622
392 -256.68221081670623
393 -228.09823808384857
394 199.9295911051349
395 -106.10208544819548
396 83.46115006914832
397 -107.46965309161358
398 -15.363895264956929
399 -295.42895273392503
400 -262.4304816253268
401 -25.818709352729662
402 -190.87424757520554
403 -185.09520511098626
404 399.75938776939006
405 110.01629875312025
406 122.63976404635928
407 49.18944868996177
408 870.979109710586
409 295.7320862146857
410 359.19268834743406
411 -127.39526753123188
412 -93.96523095982552
413 -132.1032291549436
414 75.97968410275527
415 84.66841547747649
416 0.9950771778458218
417 634.05424163319
418 -206.59518499574617
419 -71.68797158310603
420 -146.86418964394844
421 -107.49083428680993
422 -256.68221081670623
423 -228.09823808384857
424 -206.66426968826227
425 -106.10208544819548
426 6.690992685291619
427 -260.90754748818773
428 -250.1812107306265
429 -295.42895273392503
430 -262.4304816253268
431 -178.30526259881066
432 -190.87424757520554
433 -185.09520511098626
434 -166.31710630012873
435 -199.84245171549492
436 -143.09606715035181
437 -202.1470261750099
438 33.27873646083819
439 -113.50173582144916
440 -32.97646070636975
441 -241.0801440589674
442 -197.288196711504
443 -172.22381671596003
444 -115.11780660336227
445 -153.70760739183615
446 -228.62193052953575
447 -298.9385555879688
448 -212.67665756722556
449 -111.2028411551352
450 -252.5884693002995
451 -171.13935959824812
452 -159.25667099633327
453 699.1274441593783
454 125.88346567999209
455 -136.81935605364103
456 35.84374783729531
457 300.37920146401547
458 -259.8470810803757
459 -145.81737584412565
460 16.829041513179078
461 -161.14179372672092
462 328.86574619840155
463 45.790437403386306
464 -146.9780659730497
465 690.4752480996051
466 283.818089128723
467 -98.8604107042382
468 -42.589125576943786
469 -50.333040949087305
470 0.01238909033573421
471 166.54242612232872
472 120.85844061578833
473 294.72444207708213
474 -97.8568729048819
475 54.59143361218806
476 246.33851950033045
477 -175.65708839940208
478 -155.7950006360416
479 547.0758314751547
480 -197.1671368647769
481 -171.13935959824812
482 -256.68221081670623
483 -228.09823808384857
484 -206.66426968826227
485 -136.81935605364103
486 6.690992685291619
487 -260.90754748818773
488 -259.8470810803757
489 -295.42895273392503
490 -262.4304816253268
491 -178.30526259881066
492 -190.87424757520554
493 -185.09520511098626
494 -166.31710630012873
495 -199.84245171549492
496 -143.09606715035181
497 -202.1470261750099
498 -42.589125576943786
499 -113.50173582144916
500 -32.97646070636975
501 -241.0801440589674
502 -197.288196711504
503 -172.22381671596003
504 -115.11780660336227
505 -153.70760739183615
506 -228.62193052953575
507 -298.9385555879688
508 -212.67665756722556
509 -111.2028411551352
510 -252.5884693002995
511 476.01098852923246
512 121.69363165706157
513 50.39154137646892
514 62.478287109851834
515 415.05305012911117
516 -81.47802833085201
517 -53.10044043509835
518 51.03297652642777
519 40.782323294292304
520 51.10194274163379
521 -156.8335818961576
522 13.856303922019748
523 343.3239841903688
524 491.21293441873087
525 82.75895405280158
526 200.34885014937646
527 117.99056272255753
528 -32.37595470154196
529 370.1697036612235
530 204.91244698450592
531 -127.48563847021842
532 -215.02832012753635
533 64.28646568943054
534 -177.98982398072962
535 200.50966474072612
536 -121.17316886377607
537 -325.58903895663116
538 211.2056698559814
539 -67.59081291215622
540 135.40500759267138
541 -171.13935959824812
542 -256.68221081670623
543 -228.09823808384857
544 -206.66426968826227
545 -136.81935605364103
546 -81.47802833085201
547 -260.90754748818773
548 -259.8470810803757
549 -295.42895273392503
550 -262.4304816253268
551 -178.30526259881066
552 -190.87424757520554
553 -185.09520511098626
554 -166.31710630012873
555 -199.84245171549492
556 -143.09606715035181
557 -202.1470261750099
558 -42.589125576943786
559 -113.50173582144916
560 -32.97646070636975
561 -241.0801440589674
562 -215.02832012753635
563 -172.22381671596003
564 -177.98982398072962
565 -153.70760739183615
566 -228.62193052953575
567 -325.58903895663116
568 -212.67665756722556
569 -111.2028411551352
570 -252.5884693002995
571 -97.19325720386571
572 51.722844280567294
573 -212.9748760030384
574 -110.88853033570757
575 -148.9886417135397
576 -148.68039894185787
577 -288.93326566910764
578 -14.782266766488952
579 201.0304942363174
580 45.676929803657956
581 -62.615533196461385
582 -115.67061519574071
583 -91.46215387395127
584 -142.01740524466575
585 458.6928088761776
586 -13.769653273037013
587 176.74746886338
588 -186.03681308199432
589 472.6838050024277
590 782.320693948968
591 -171.54400927858723
592 456.56270587931243
593 120.93120394549872
594 187.66089559085322
595 271.7366659753387
596 29.933186931832832
597 7.194587679808352
598 333.75565979146523
599 -147.14126053124795
600 185.06115824940167
601 -171.13935959824812
602 -256.68221081670623
603 -228.09823808384857
604 -206.66426968826227
605 -148.9886417135397
606 -148.68039894185787
607 -288.93326566910764
608 -259.8470810803757
609 -295.42895273392503
610 -262.4304816253268
611 -178.30526259881066
612 -190.87424757520554
613 -185.09520511098626
614 -166.31710630012873
615 -199.84245171549492
616 -143.09606715035181
617 -202.1470261750099
618 -186.03681308199432
619 -113.50173582144916
620 -32.97646070636975
621 -241.0801440589674
622 -215.02832012753635
623 -172.22381671596003
624 -177.98982398072962
625 -153.70760739183615
626 -228.62193052953575
627 -325.58903895663116
628 -212.67665756722556
629 -147.14126053124795
630 -252.5884693002995
631 -139.0492274657062
632 -239.1410845275389
633 300.12788116503896
634 378.8996645695353
635 -107.21643326629871
636 248.10082138924707
637 -72.55911299482521
638 328.56888923833105
639 -140.0049094686796
640 300.4439614513716
641 400.26021108231686
642 -9.547002595567523
643 161.28030537277894
644 128.71527496863052
645 -139.9877170979906
646 168.18835886619306
647 102.26631960184389
648 88.77407846463059
649 395.88693704599496
650 253.07112363023504
651 -188.35244863723906
652 174.7449942141901
653 -149.2515012327599
654 62.94570655243525
655 35.45661250562695
656 73.00077248971492
657 -37.32092315195356
658 54.841012775936704
659 670.4477156416026
660 277.93061062543984
661 -171.13935959824812
662 -256.68221081670623
663 -228.09823808384857
664 -206.66426968826227
665 -148.9886417135397
666 -148.68039894185787
667 -288.93326566910764
668 -259.8470810803757
669 -295.42895273392503
670 -262.4304816253268
671 -178.30526259881066
672 -190.87424757520554
673 -185.09520511098626
674 -166.31710630012873
675 -199.84245171549492
676 -143.09606715035181
677 -202.1470261750099
678 -186.03681308199432
679 -113.50173582144916
680 -32.97646070636975
681 -241.0801440589674
682 -215.02832012753635
683 -172.22381671596003
684 -177.98982398072962
685 -153.70760739183615
686 -228.62193052953575
687 -325.58903895663116
688 -212.67665756722556
689 -147.14126053124795
690 -252.5884693002995
691 -107.0711985565784
692 -195.75122627348316
693 -187.83110624074783
694 -51.87568690630457
695 -3.3290046543414817
696 95.34763336439016
697 195.2595085803617
698 344.9791020408711
699 150.61427667263288
700 -201.29626159789638
701 12.055363867449753
702 92.33255690795592
703 415.9890382077163
704 -17.968226730243583
705 98.08586678543979
706 28.624933169916055
707 -78.31649727223405
708 357.3164366151945
709 48.854981825451105
710 -150.84199937915793
711 -2.2783463716331767
712 -172.91714501613654
713 -147.24673087684084
714 346.72231126382167
715 -242.83557693282222
716 -15.616053213709153
717 -237.0496696939117
718 146.09743650758173
719 327.7300428223289
720 -73.48933829879036
721 -171.13935959824812
722 -256.68221081670623
723 -228.09823808384857
724 -206.66426968826227
725 -148.9886417135397
726 -148.68039894185787
727 -288.93326566910764
728 -259.8470810803757
729 -295.42895273392503
730 -262.4304816253268
731 -178.30526259881066
732 -190.87424757520554
733 -185.09520511098626
734 -166.31710630012873
735 -199.84245171549492
736 -143.09606715035181
737 -202.1470261750099
738 -186.03681308199432
739 -113.50173582144916
740 -150.84199937915793
741 -241.0801440589674
742 -215.02832012753635
743 -172.22381671596003
744 -177.98982398072962
745 -242.83557693282222
746 -228.62193052953575
747 -325.58903895663116
748 -212.67665756722556
749 -147.14126053124795
750 -252.5884693002995
751 94.21153134288058
752 -308.88415583411125
753 -179.89251071491714
754 32.59731565641226
755 368.133996086075
756 116.61037839365305
757 168.04141685953732
758 -113.8758313722207
759 -147.79963264574187
760 -237.07793473164764
761 45.676929803657956
762 -111.47011180713186
763 435.7619748756207
764 345.5527723458658
765 291.5988054999344
766 824.743403934728
767 64.99090341604425
768 -77.00077294759957
769 25.88027953463638
770 24.491859872378214
771 -5.706004857218445
772 33.657043113720476
773 51.047098688927626
774 -186.9981162030164
775 -213.81012122594396
776 -112.56659820154631
777 -181.5307231904648
778 -133.06672866940528
779 -209.10192413244587
780 -233.11356376747872
781 -171.13935959824812
782 -308.88415583411125
783 -228.09823808384857
784 -206.66426968826227
785 -148.9886417135397
786 -148.68039894185787
787 -288.93326566910764
788 -259.8470810803757
789 -295.42895273392503
790 -262.4304816253268
791 -178.30526259881066
792 -190.87424757520554
793 -185.09520511098626
794 -166.31710630012873
795 -199.84245171549492
796 -143.09606715035181
797 -202.1470261750099
798 -186.03681308199432
799 -113.50173582144916
800 -150.84199937915793
801 -241.0801440589674
802 -215.02832012753635
803 -172.22381671596003
804 -186.9981162030164
805 -242.83557693282222
806 -228.62193052953575
807 -325.58903895663116
808 -212.67665756722556
809 -209.10192413244587
810 -252.5884693002995
811 524.4630390212865
812 -142.40307176083087
813 321.0533363834128
814 -181.35826246844726
815 -123.44690128423078
816 322.2016574478853
817 -112.67143475868097
818 -210.29928868468753
819 504.3020102465807
820 -252.8802864593867
821 175.9916285876489
822 201.31804186585615
823 306.9505817984884
824 95.71445078723193
825 8.510338302335633
826 278.95513397799147
827 170.73009993463535
828 467.650567868664
829 86.2950421931424
830 120.45122278872408
831 -175.5647829342034
832 563.0717945134472
833 -155.54245019565812
834 143.96599053407138
835 50.526356212341696
836 -0.7591170609828364
837 253.6276688305871
838 123.58533805097991
839 82.33950419882036
840 -261.4538456258262
841 -171.13935959824812
842 -308.88415583411125
843 -228.09823808384857
844 -206.66426968826227
845 -148.9886417135397
846 -148.68039894185787
847 -288.93326566910764
848 -259.8470810803757
849 -295.42895273392503
850 -262.4304816253268
851 -178.30526259881066
852 -190.87424757520554
853 -185.09520511098626
854 -166.31710630012873
855 -199.84245171549492
856 -143.09606715035181
857 -202.1470261750099
858 -186.03681308199432
859 -113.50173582144916
860 -150.84199937915793
861 -241.0801440589674
862 -215.02832012753635
863 -172.22381671596003
864 -186.9981162030164
865 -242.83557693282222
866 -228.62193052953575
867 -325.58903895663116
868 -212.67665756722556
869 -209.10192413244587
870 -261.4538456258262
871 81.99417559996652
872 145.29950878675473
873 69.1281081585521
874 118.41757339850656
875 204.35647275155466
876 236.31950452783607
877 -197.80104255341408
878 -250.78408461503773
879 456.3243799818243
880 338.44020236713214
881 122.405339882768
882 286.9774925178885
883 -157.49563495816633
884 -33.889608262374566
885 30.384589183548815
886 588.4756468811953
887 178.21519368610154
888 -33.840091717682284
889 93.52954709155712
890 493.95868408269826
891 235.99173303275396
892 -113.8930763856199
893 71.49917312592363
894 -74.94943465468371
895 -150.8025331586653
896 223.70038872700314
897 404.8092106480321
898 194.5171410793925
899 477.72253458660043
900 584.9258546414617
901 -171.13935959824812
902 -308.88415583411125
903 -228.09823808384857
904 -206.66426968826227
905 -148.9886417135397
906 -148.68039894185787
907 -288.93326566910764
908 -259.8470810803757
909 -295.42895273392503
910 -262.4304816253268
911 -178.30526259881066
912 -190.87424757520554
913 -185.09520511098626
914 -166.31710630012873
915 -199.84245171549492
916 -143.09606715035181
917 -202.1470261750099
918 -186.03681308199432
919 -113.50173582144916
920 -150.84199937915793
921 -241.0801440589674
922 -215.02832012753635
923 -172.22381671596003
924 -186.9981162030164
925 -242.83557693282222
926 -228.62193052953575
927 -325.58903895663116
928 -212.67665756722556
929 -209.10192413244587
930 -261.4538456258262
931 366.22580025045363
932 -239.23824176180665
933 -177.98581485833003
934 55.17320319958577
935 28.549752728415243
936 353.2187970404316
937 -174.40068128983015
938 65.19570766222235
939 -59.135671695571
940 309.9062684110276
941 487.15989872739937
942 37.51868676959663
943 -185.2374548498584
944 -203.15783517528365
945 -47.92998811347718
946 335.38361284145316
947 -45.97555756206649
948 219.53171805900917
949 182.4585604525038
950 140.9026797172562
951 -211.5932966720015
952 55.145455707901704
953 -9.193705033902479
954 47.59187073980451
955 -206.07443363049708
956 27.4300617292218
957 -193.64418075161046
958 158.87145947360165
959 -190.71762683123626
960 577.7573216013154
961 -171.13935959824812
962 -308.88415583411125
963 -228.09823808384857
964 -206.66426968826227
965 -148.9886417135397
966 -148.68039894185787
967 -288.93326566910764
968 -259.8470810803757
969 -295.42895273392503
970 -262.4304816253268
971 -178.30526259881066
972 -190.87424757520554
973 -185.2374548498584
974 -203.15783517528365
975 -199.84245171549492
976 -143.09606715035181
977 -202.1470261750099
978 -186.03681308199432
979 -113.50173582144916
980 -150.84199937915793
981 -241.0801440589674
982 -215.02832012753635
983 -172.22381671596003
984 -186.9981162030164
985 -242.83557693282222
986 -228.62193052953575
987 -325.58903895663116
988 -212.67665756722556
989 -209.10192413244587
990 -261.4538456258262
evaluations raw_y
1 107.5151674293812
2 -272.65612402476773
3 -149.56048826055846
4 -110.34320939580282
5 -33.80922346245816
6 -207.88146519964195
7 -92.0420039172226
8 -174.33190748375304
9 85.28040956784098
10 56.66067260299778
11 -93.59397881038399
12 465.8972665800789
13 -261.104044600718
14 220.22790009809933
15 -166.54581371621805
16 -29.563454317356825
17 77.60928324594522
18 92.49183509656521
19 -120.09424323964275
20 -150.31551065442267
21 -200.30764695305334
22 -63.87386538455567
23 -58.255391583369644
24 -133.89393772972417
25 -202.11038682926142
26 -44.25407271890081
27 -225.64155110077766
28 182.85226050549988
29 -220.5963450789582
30 -65.67378877087182
31 -117.66648152539571
32 530.332062303865
33 856.0894702206673
34 -170.67540257358135
35 -154.10441624256995
36 -30.18435507618217
37 325.3750159870199
38 299.40850095134016
39 189.1874455419844
40 335.08777260497834
41 429.6663693961054
42 374.578976971103
43 90.17946203384099
44 115.21181131723009
45 -128.66695794894946
46 -167.5629400834119
47 86.2325252435217
48 -11.095604059732537
49 315.1922686465739
50 53.13822193572931
51 -128.35409190063487
52 360.0723864349189
53 -70.65365831427421
54 161.60168767591836
55 -242.2350256378295
56 -15.313078583146059
57 35.56288761266642
58 166.99050380424907
59 80.26540595589213
60 775.534659540602
61 -117.66648152539571
62 -272.65612402476773
63 -149.56048826055846
64 -170.67540257358135
65 -154.10441624256995
66 -207.88146519964195
67 -92.0420039172226
68 -174.33190748375304
69 85.28040956784098
70 56.66067260299778
71 -93.59397881038399
72 374.578976971103
73 -261.104044600718
74 115.21181131723009
75 -166.54581371621805
76 -167.5629400834119
77 77.60928324594522
78 -11.095604059732537
79 -120.09424323964275
80 -150.31551065442267
81 -200.30764695305334
82 -63.87386538455567
83 -70.65365831427421
84 -133.89393772972417
85 -242.2350256378295
86 -44.25407271890081
87 -225.64155110077766
88 166.99050380424907
89 -220.5963450789582
90 -65.67378877087182
91 103.47618049381536
92 343.9670559882114
93 235.8430739602847
94 -18.720872520906056
95 -90.31302299615423
96 281.4248110482676
97 -207.98925276325366
98 -11.027519071744155
99 38.9992486978402
100 12.249751603837854
101 220.03932010856784
102 93.27616106981822
103 -135.6037810861804
104 187.78072711040878
105 59.44531021179979
106 345.2522284421782
107 -129.33781833528053
108 280.42905355699503
109 -77.34683304018526
110 -183.06127476284286
111 -218.99520187266992
112 16.30462274789732
113 383.6073204671398
114 -146.90863098202945
115 595.6768597656693
116 584.7646178374773
117 363.3815119814327
118 82.96130584560998
119 131.37894884768366
120 58.22679752105623
121 -117.66648152539571
122 -272.65612402476773
123 -149.56048826055846
124 -170.67540257358135
125 -154.10441624256995
126 -207.88146519964195
127 -207.98925276325366
128 -174.33190748375304
129 38.9992486978402
130 12.249751603837854
131 -93.59397881038399
132 93.27616106981822
133 -261.104044600718
134 115.21181131723009
135 -166.54581371621805
136 -167.5629400834119
137 -129.33781833528053
138 -11.095604059732537
139 -120.09424323964275
140 -183.06127476284286
141 -218.99520187266992
142 -63.87386538455567
143 -70.65365831427421
144 -146.90863098202945
145 -242.2350256378295
146 -44.25407271890081
147 -225.64155110077766
148 82.96130584560998
149 -220.5963450789582
150 -65.67378877087182
151 -57.31248410928216
152 -124.9189199382016
153 177.75157072591767
154 118.08261650882919
155 -17.42698261334077
156 -105.40014122584135
157 -273.64939787426556
158 335.258363220174
159 402.1890230819263
160 358.29995067917724
161 339.38264913585334
162 16.116496210372343
163 -144.90609951044837
164 -42.75319916370299
165 -79.17337452625534
166 320.4670580990639
167 423.97163944289196
168 275.1763642822609
169 -48.66965880017071
170 -168.58932702604633
171 -147.58063487810426
172 27.32061166149839
173 88.12245728324102
174 -61.33315029122382
175 406.9677246426143
176 179.4254382303417
177 171.98266970617698
178 -209.56943410904913
179 -157.8023927663273
180 210.4978200417645
181 -117.66648152539571
182 -272.65612402476773
183 -149.56048826055846
184 -170.67540257358135
185 -154.10441624256995
186 -207.88146519964195
187 -273.64939787426556
188 -174.33190748375304
189 38.9992486978402
190 12.249751603837854
191 -93.59397881038399
192 16.116496210372343
193 -261.104044600718
194 -42.75319916370299
195 -166.54581371621805
196 -167.5629400834119
197 -129.33781833528053
198 -11.095604059732537
199 -120.09424323964275
200 -183.06127476284286
201 -218.99520187266992
202 -63.87386538455567
203 -70.65365831427421
204 -146.90863098202945
205 -242.2350256378295
206 -44.25407271890081
207 -225.64155110077766
208 -209.56943410904913
209 -220.5963450789582
210 -65.67378877087182
211 114.08961112289867
212 -256.3658144424288
213 -116.43490747370365
214 -28.9997117684758
215 68.47186476124818
216 368.2503524413146
217 125.59330688180745
218 405.9280128373599
219 -129.54851878525832
220 56.8450755665004
221 331.20013737061043
222 224.75663191265852
223 84.30214222727678
224 -170.13397494517386
225 -205.40322447190545
226 502.1333638309442
227 -261.27488785280286
228 37.8153997605115
229 -230.85844937854492
230 39.69015243389825
231 -85.86119355993547
232 346.98555667800105
233 191.08278702052345
234 404.79963504129483
235 155.7108898033292
236 264.9467555639613
237 596.7768050865341
238 60.2947682878431
239 5.4467045840915524
240 -230.91357831569047
241 -117.66648152539571
242 -272.65612402476773
243 -149.56048826055846
244 -170.67540257358135
245 -154.10441624256995
246 -207.88146519964195
247 -273.64939787426556
248 -174.33190748375304
249 -129.54851878525832
250 12.249751603837854
251 -93.59397881038399
252 16.116496210372343
253 -261.104044600718
254 -170.13397494517386
255 -205.40322447190545
256 -167.5629400834119
257 -261.27488785280286
258 -11.095604059732537
259 -230.85844937854492
260 -183.06127476284286
261 -218.99520187266992
262 -63.87386538455567
263 -70.65365831427421
264 -146.90863098202945
265 -242.2350256378295
266 -44.25407271890081
267 -225.64155110077766
268 -209.56943410904913
269 -220.5963450789582
270 -230.91357831569047
271 98.94239427629343
272 -75.86822897264439
273 -190.33933292772767
274 27.879622451186833
275 52.03540603995723
276 298.30847195902135
277 -164.32005045966733
278 -181.25957323906687
279 -167.84996393042238
280 12.214227608311681
281 155.43574953832115
282 114.9042628838671
283 85.6372351254685
284 -12.775023063271524
285 22.53424461367928
286 -80.59983198804022
287 220.69444055694095
288 70.76641315159036
289 -151.63400003929675
290 33.30864202550236
291 135.7602426880366
292 589.6330388296756
293 33.577142694714865
294 -51.52005899927231
295 441.0126950473981
296 -160.1095153156727
297 620.0083171177848
298 -72.45845350168348
299 100.33216463869313
300 10.02466809510453
301 -117.66648152539571
302 -272.65612402476773
303 -190.33933292772767
304 -170.67540257358135
305 -154.10441624256995
306 -207.88146519964195
307 -273.64939787426556
308 -181.25957323906687
309 -167.84996393042238
310 12.214227608311681
311 -93.59397881038399
312 16.116496210372343
313 -261.104044600718
314 -170.13397494517386
315 -205.40322447190545
316 -167.5629400834119
317 -261.27488785280286
318 -11.095604059732537
319 -230.85844937854492
320 -183.06127476284286
321 -218.99520187266992
322 -63.87386538455567
323 -70.65365831427421
324 -146.90863098202945
325 -242.2350256378295
326 -160.1095153156727
327 -225.64155110077766
328 -209.56943410904913
329 -220.5963450789582
330 -230.91357831569047
331 -127.00446168647088
332 21.979868304920622
333 -8.665487559899535
334 276.4671203479842
335 -142.15280831805222
336 -156.43910591182515
337 -265.4294826110323
338 -69.48480638562808
339 -117.1595885277844
340 -145.4799882192143
341 327.596415421147
342 313.506288545562
343 -190.21675867895758
344 208.70672678194555
345 -43.44873688285691
346 422.28245984121617
347 98.90546421544823
348 -236.42943382659155
349 100.39902340042073
350 -81.28514631642578
351 -106.62732393010526
352 -75.87943099270406
353 -189.67044497751658
354 -194.02684934214824
355 -144.54413412524093
356 0.9314907796968757
357 392.1507711507519
358 18.351117627523465
359 147.69398445726912
360 -138.25431847998007
361 -127.00446168647088
362 -272.65612402476773
363 -190.33933292772767
364 -170.67540257358135
365 -154.10441624256995
366 -207.88146519964195
367 -273.64939787426556
368 -181.25957323906687
369 -167.84996393042238
370 -145.4799882192143
371 -93.59397881038399
372 16.116496210372343
373 -261.104044600718
374 -170.13397494517386
375 -205.40322447190545
376 -167.5629400834119
377 -261.27488785280286
378 -236.42943382659155
379 -230.85844937854492
380 -183.06127476284286
381 -218.99520187266992
382 -75.87943099270406
383 -189.67044497751658
384 -194.02684934214824
385 -242.2350256378295
386 -160.1095153156727
387 -225.64155110077766
388 -209.56943410904913
389 -220.5963450789582
390 -230.91357831569047
391 -7.955893353594459
392 -166.3411673322549
393 70.82767066792468
394 88.13588340017706
395 -108.91190437176883
396 147.55065160274862
397 -56.66219174225727
398 -216.75066661821737
399 -86.9088998443872
400 151.42652539386174
401 -114.18434639668831
402 78.61706687533702
403 -117.01438249956058
404 4.798530625335956
405 535.0870392569825
406 -166.69742359639486
407 -234.82945630913218
408 87.3687070996225
409 -248.70496182084221
410 -203.72989874749396
411 -105.07872573137394
412 75.90585343256589
413 -79.93234440185294
414 277.0359931376085
415 -183.11271898978114
416 -31.625692357110204
417 -131.26584033247448
418 176.9254520119961
419 269.9669455097635
420 157.292940719882
421 -127.00446168647088
422 -272.65612402476773
423 -190.33933292772767
424 -170.67540257358135
425 -154.10441624256995
426 -207.88146519964195
427 -273.64939787426556
428 -216.75066661821737
429 -167.84996393042238
430 -145.4799882192143
431 -114.18434639668831
432 16.116496210372343
433 -261.104044600718
434 -170.13397494517386
435 -205.40322447190545
436 -167.5629400834119
437 -261.27488785280286
438 -236.42943382659155
439 -248.70496182084221
440 -203.72989874749396
441 -218.99520187266992
442 -75.87943099270406
443 -189.67044497751658
444 -194.02684934214824
445 -242.2350256378295
446 -160.1095153156727
447 -225.64155110077766
448 -209.56943410904913
449 -220.5963450789582
450 -230.91357831569047
451 -122.67706774682735
452 -134.84776004218787
453 -19.99495999595503
454 216.06517471694
455 200.65506152686558
456 228.44104844360638
457 72.85124569072114
458 271.3517865082165
459 53.69215588641429
460 40.10692767859125
461 566.1372321572584
462 111.848004751798
463 -181.97101513791492
464 24.7351809215072
465 346.93088231303585
466 93.69028191006169
467 86.99280391791349
468 335.02098126862893
469 50.21101828340782
470 246.12288571440786
471 332.53402818785133
472 148.6892373820945
473 180.71125266185734
474 -122.31996580077949
475 -74.66892958271617
476 -154.29018174657205
477 -23.396875875371993
478 -267.46372996678537
479 -128.07986810570404
480 245.89166854640123
481 -127.00446168647088
482 -272.65612402476773
483 -190.33933292772767
484 -170.67540257358135
485 -154.10441624256995
486 -207.88146519964195
487 -273.64939787426556
488 -216.75066661821737
489 -167.84996393042238
490 -145.4799882192143
491 -114.18434639668831
492 16.116496210372343
493 -261.104044600718
494 -170.13397494517386
495 -205.40322447190545
496 -167.5629400834119
497 -261.27488785280286
498 -236.42943382659155
499 -248.70496182084221
500 -203.72989874749396
501 -218.99520187266992
502 -75.87943099270406
503 -189.67044497751658
504 -194.02684934214824
505 -242.2350256378295
506 -160.1095153156727
507 -225.64155110077766
508 -267.46372996678537
509 -220.5963450789582
510 -230.91357831569047
511 47.25744539091987
512 -180.37693024634044
513 383.7324250552621
514 -197.50719665912175
515 -163.95914371532027
516 -203.64763672387468
517 -149.8193406834111
518 9.574325905969062
519 -76.10914265268681
520 -11.35032258103464
521 89.1142262292628
522 -278.6910229698509
523 117.18890372600484
524 -147.77994282166972
525 -70.33677504787133
526 -164.2357538226275
527 -222.49655098180466
528 23.4957560501049
529 571.1180255651652
530 198.58351226221882
531 -143.0823683626209
532 -10.930430785297002
533 -267.334195029385
534 -208.45752366425802
535 45.36088457518639
536 -99.34743291446186
537 67.41970863176915
538 472.1211772531764
539 140.08523589232266
540 45.60867922233728
541 -127.00446168647088
542 -272.65612402476773
543 -190.33933292772767
544 -197.50719665912175
545 -163.95914371532027
546 -207.88146519964195
547 -273.64939787426556
548 -216.75066661821737
549 -167.84996393042238
550 -145.4799882192143
551 -114.18434639668831
552 -278.6910229698509
553 -261.104044600718
554 -170.13397494517386
555 -205.40322447190545
556 -167.5629400834119
557 -261.27488785280286
558 -236.42943382659155
559 -248.70496182084221
560 -203.72989874749396
561 -218.99520187266992
562 -75.87943099270406
563 -267.334195029385
564 -208.45752366425802
565 -242.2350256378295
566 -160.1095153156727
567 -225.64155110077766
568 -267.46372996678537
569 -220.5963450789582
570 -230.91357831569047
571 208.9513204187192
572 -181.5888756587803
573 -114.84910358935355
574 76.25968230453935
575 44.97223607925383
576 -206.0132243146065
577 82.8577447352913
578 20.610151304905322
579 94.5443744571312
580 121.81389692230695
581 17.22418303849322
582 41.54970302445187
583 -125.80045289256506
584 364.69614774407364
585 -122.76509705966349
586 307.87206079357355
587 -132.22733499376687
588 137.10394044008862
589 297.9142027705623
590 -45.183988531530986
591 258.01602977146626
592 80.54688417880368
593 106.52419123646776
594 387.94658319490816
595 -1.7302447002624461
596 77.90778054848835
597 -197.2932686783348
598 125.56515959721409
599 -255.5781664359339
600 -204.3139702928774
601 -127.00446168647088
602 -272.65612402476773
603 -190.33933292772767
604 -197.50719665912175
605 -163.95914371532027
606 -207.88146519964195
607 -273.64939787426556
608 -216.75066661821737
609 -167.84996393042238
610 -145.4799882192143
611 -114.18434639668831
612 -278.6910229698509
613 -261.104044600718
614 -170.13397494517386
615 -205.40322447190545
616 -167.5629400834119
617 -261.27488785280286
618 -236.42943382659155
619 -248.70496182084221
620 -203.72989874749396
621 -218.99520187266992
622 -75.87943099270406
623 -267.334195029385
624 -208.45752366425802
625 -242.2350256378295
626 -160.1095153156727
627 -225.64155110077766
628 -267.46372996678537
629 -255.5781664359339
630 -230.91357831569047
631 -161.9055817257749
632 -122.19437898865104
633 698.9896521585782
634 -100.7546918728354
635 106.97691306909839
636 216.35107282628354
637 -210.00812075259023
638 282.64611398452615
639 46.14899460152387
640 381.432014935543
641 -173.44998257021683
642 9.336679523867264
643 -75.37115556845488
644 370.1026961541773
645 141.04414015785437
646 79.08516174106347
647 -5.607380350485634
648 81.06947651571258
649 -201.43424358516162
650 219.25229943517968
651 369.7403662330174
652 -131.1704821173685
653 145.85393665167953
654 -258.01774653631287
655 129.14585235054136
656 -52.21534966317443
657 -167.3620146106543
658 -252.81743122243387
659 -218.19576495300961
660 136.36793286862664
661 -161.9055817257749
662 -272.65612402476773
663 -190.33933292772767
664 -197.50719665912175
665 -163.95914371532027
666 -207.88146519964195
667 -273.64939787426556
668 -216.75066661821737
669 -167.84996393042238
670 -145.4799882192143
671 -173.44998257021683
672 -278.6910229698509
673 -261.104044600718
674 -170.13397494517386
675 -205.40322447190545
676 -167.5629400834119
677 -261.27488785280286
678 -236.42943382659155
679 -248.70496182084221
680 -203.72989874749396
681 -218.99520187266992
682 -131.1704821173685
683 -267.334195029385
684 -258.01774653631287
685 -242.2350256378295
686 -160.1095153156727
687 -225.64155110077766
688 -267.46372996678537
689 -255.5781664359339
690 -230.91357831569047
691 -213.93244350568
692 -102.68292100343345
693 -194.0817960123989
694 110.0337011818398
695 288.6891146609108
696 -146.08116816652677
697 47.96604939081169
698 131.9365639769008
699 -298.5691604408425
700 -27.753509720138954
701 -179.3926861304378
702 379.316831132135
703 -174.10448832578805
704 346.65199941652634
705 170.81719550899746
706 -104.34151535528991
707 105.95148003346641
708 42.85142463538459
709 -216.26439411647863
710 -138.49500284005774
711 31.42794809499105
712 154.02133852368476
713 97.6722943520896
714 193.22022212143958
715 -220.69203845324125
716 31.66310937972943
717 21.98411453120197
718 -57.873679672644656
719 41.819331328055405
720 -163.64273791903946
721 -213.93244350568
722 -272.65612402476773
723 -194.0817960123989
724 -197.50719665912175
725 -163.95914371532027
726 -207.88146519964195
727 -273.64939787426556
728 -216.75066661821737
729 -298.5691604408425
730 -145.4799882192143
731 -179.3926861304378
732 -278.6910229698509
733 -261.104044600718
734 -170.13397494517386
735 -205.40322447190545
736 -167.5629400834119
737 -261.27488785280286
738 -236.42943382659155
739 -248.70496182084221
740 -203.72989874749396
741 -218.99520187266992
742 -131.1704821173685
743 -267.334195029385
744 -258.01774653631287
745 -242.2350256378295
746 -160.1095153156727
747 -225.64155110077766
748 -267.46372996678537
749 -255.5781664359339
750 -230.91357831569047
751 624.4297261937202
752 276.7477971686245
753 206.45745400854753
754 -120.56427622888708
755 268.8102940857078
756 -108.26553479760251
757 295.784653209899
758 96.0537069403987
759 -288.03921727386165
760 136.77493912489732
761 48.730958736429336
762 -122.3675177488155
763 351.9546076491987
764 -135.51785758257665
765 -126.729311496483
766 -6.812522739018291
767 386.73231382393567
768 309.89692352149314
769 409.4586289069696
770 -51.24993259234928
771 37.49885353682785
772 27.991891753545296
773 125.84524385661814
774 550.6964791965925
775 -176.4928372377526
776 -137.08754141454156
777 -215.88161368957637
778 -52.697266208529086
779 102.65350029097225
780 70.64840761126204
781 -213.93244350568
782 -272.65612402476773
783 -194.0817960123989
784 -197.50719665912175
785 -163.95914371532027
786 -207.88146519964195
787 -273.64939787426556
788 -216.75066661821737
789 -298.5691604408425
790 -145.4799882192143
791 -179.3926861304378
792 -278.6910229698509
793 -261.104044600718
794 -170.13397494517386
795 -205.40322447190545
796 -167.5629400834119
797 -261.27488785280286
798 -236.42943382659155
799 -248.70496182084221
800 -203.72989874749396
801 -218.99520187266992
802 -131.1704821173685
803 -267.334195029385
804 -258.01774653631287
805 -242.2350256378295
806 -160.1095153156727
807 -225.64155110077766
808 -267.46372996678537
809 -255.5781664359339
810 -230.91357831569047
811 77.49128942458904
812 268.2279561106235
813 -274.4647008431283
814 -7.964827534894372
815 380.95838922604804
816 46.57328886518573
817 -230.62807682189433
818 29.085124820392778
819 -179.83679552434245
820 69.06301825860805
821 440.90569186940786
822 69.75554868079438
823 98.80323897767879
824 -117.89743148731493
825 -172.79087515479807
826 -175.83841644900144
827 355.1536229792055
828 -179.58800345045552
829 -272.56219655905727
830 652.137641272188
831 -166.71312746451989
832 88.33965913701952
833 -209.3859201598863
834 -24.02991091618921
835 634.6272691508391
836 -3.3025580479231262
837 -252.06092346169822
838 102.72159495098816
839 161.3735108964698
840 415.0681343480416
841 -213.93244350568
842 -272.65612402476773
843 -274.4647008431283
844 -197.50719665912175
845 -163.95914371532027
846 -207.88146519964195
847 -273.64939787426556
848 -216.75066661821737
849 -298.5691604408425
850 -145.4799882192143
851 -179.3926861304378
852 -278.6910229698509
853 -261.104044600718
854 -170.13397494517386
855 -205.40322447190545
856 -175.83841644900144
857 -261.27488785280286
858 -236.42943382659155
859 -272.56219655905727
860 -203.72989874749396
861 -218.99520187266992
862 -131.1704821173685
863 -267.334195029385
864 -258.01774653631287
865 -242.2350256378295
866 -160.1095153156727
867 -252.06092346169822
868 -267.46372996678537
869 -255.5781664359339
870 -230.91357831569047
871 217.3934737015172
872 23.783878121948224
873 82.52783214964818
874 172.38995584601778
875 213.84664801483538
876 -80.63902105405839
877 45.44661412302038
878 -219.96185794509594
879 -68.12696141676444
880 -137.39177439224673
881 -131.1945514625623
882 89.21417568440692
883 8.526234714763419
884 -4.826615347877188
885 175.37227305447053
886 -156.64694226145798
887 334.5105031765221
888 198.51972063599777
889 113.12081271729002
890 31.38653587714471
891 -12.889377600243764
892 -246.42942770656373
893 -223.74039434613132
894 -276.5114764788658
895 32.49781232239243
896 72.60650099830002
897 150.56974025701768
898 20.074983142179356
899 -150.5709666201783
900 234.88630034534816
901 -213.93244350568
902 -272.65612402476773
903 -274.4647008431283
904 -197.50719665912175
905 -163.95914371532027
906 -207.88146519964195
907 -273.64939787426556
908 -219.96185794509594
909 -298.5691604408425
910 -145.4799882192143
911 -179.3926861304378
912 -278.6910229698509
913 -261.104044600718
914 -170.13397494517386
915 -205.40322447190545
916 -175.83841644900144
917 -261.27488785280286
918 -236.42943382659155
919 -272.56219655905727
920 -203.72989874749396
921 -218.99520187266992
922 -246.42942770656373
923 -267.334195029385
924 -276.5114764788658
925 -242.2350256378295
926 -160.1095153156727
927 -252.06092346169822
928 -267.46372996678537
929 -255.5781664359339
930 -230.91357831569047
931 187.3774462217152
932 58.304613011915244
933 19.284907044310277
934 513.5436230353127
935 -122.83963293626718
936 463.8429418898527
937 108.78855691824207
938 -79.27496963411208
939 -127.72496789658805
940 35.5668410288376
941 -184.07091741553015
942 9.164885589212993
943 -187.41458552490516
944 142.11994510772058
945 -142.590686726177
946 47.288949374673585
947 -118.37413505697731
948 -150.7142577707318
949 250.1591411132758
950 256.10402370115247
951 -212.76510121740753
952 -119.14488298593285
953 -231.8946559307067
954 -3.15052949384223
955 -106.79001727479047
956 -270.58709441684283
957 223.80741482220083
958 243.82043480791245
959 -185.24861414235215
960 29.372648779598997
961 -213.93244350568
962 -272.65612402476773
963 -274.4647008431283
964 -197.50719665912175
965 -163.95914371532027
966 -207.88146519964195
967 -273.64939787426556
968 -219.96185794509594
969 -298.5691604408425
970 -145.4799882192143
971 -184.07091741553015
972 -278.6910229698509
973 -261.104044600718
974 -170.13397494517386
975 -205.40322447190545
976 -175.83841644900144
977 -261.27488785280286
978 -236.42943382659155
979 -272.56219655905727
980 -203.72989874749396
981 -218.99520187266992
982 -246.42942770656373
983 -267.334195029385
984 -276.5114764788658
985 -242.2350256378295
986 -270.58709441684283
987 -252.06092346169822
988 -267.46372996678537
989 -255.5781664359339
990 -230.91357831569047
evaluations raw_y
1 -80.14882039533252
2 -80.58648380721127
3 -12.674098494508142
4 38.60053673057659
5 -180.58247667518282
6 -114.50798141876231
7 111.27487808981027
8 -159.00705572289104
9 -151.46081334619828
10 -162.60495475400944
11 -168.2610680764496
12 -197.1352098911217
13 -162.84711819904672
14 39.58801873879265
15 -131.03720624681202
16 -88.8001554679955
17 -33.949164436275936
18 -80.89462470392392
19 -156.50232499098735
20 -75.24112620012691
21 -46.154170370375134
22 -12.405141743468029
23 -142.43590020961167
24 -41.40565177726424
25 -241.10864689658268
26 167.04663604216904
27 16.335691546528388
28 -108.6340093127399
29 -241.47750217495772
30 -228.4716262330123
31 405.1700104186601
32 -88.56190556607348
33 281.6520499818733
34 51.926771616104396
35 -204.25952400792414
36 420.78152606858305
37 205.06232486180738
38 155.47298121024807
39 -8.838865282419167
40 83.32273884280929
41 191.18069374114583
42 142.00863864882578
43 8.332465978203158
44 294.98724682434784
45 -51.854130722443614
46 -128.49601199256824
47 383.85572511358646
48 162.45996518116277
49 74.21552119275412
50 -132.11916151337445
51 191.81753763300696
52 -98.1603725958214
53 -92.33437946011128
54 415.98420688299205
55 -76.4062398397277
56 245.0143736828412
57 220.76840734966356
58 279.32584563227846
59 118.6901984222828
60 558.2100403130833
61 -80.14882039533252
62 -88.56190556607348
63 -12.674098494508142
64 38.60053673057659
65 -204.25952400792414
66 -114.50798141876231
67 111.27487808981027
68 -159.00705572289104
69 -151.46081334619828
70 -162.60495475400944
71 -168.2610680764496
72 -197.1352098911217
73 -162.84711819904672
74 39.58801873879265
75 -131.03720624681202
76 -128.49601199256824
77 -33.949164436275936
78 -80.89462470392392
79 -156.50232499098735
80 -132.11916151337445
81 -46.154170370375134
82 -98.1603725958214
83 -142.43590020961167
84 -41.40565177726424
85 -241.10864689658268
86 167.04663604216904
87 16.335691546528388
88 -108.6340093127399
89 -241.47750217495772
90 -228.4716262330123
91 301.3604597116637
92 333.5983770169291
93 410.62376518514736
94 321.10568857776065
95 -69.04492875816038
96 121.34053333908383
97 357.9551518509755
98 132.17335561065306
99 315.16680693620845
100 -240.81414642761615
101 275.5491443470938
102 108.33544059460695
103 -133.84893918831412
104 58.420766864050115
105 227.74731608244676
106 403.23346701076724
107 -13.749974335143214
108 -171.90085569089015
109 352.49115985177434
110 -168.78942213493355
111 -43.14179239680519
112 -37.533797173521386
113 415.5657105901255
114 97.45858134324094
115 327.2368578634962
116 105.93671097119383
117 -128.17467110321633
118 243.8073127577059
119 115.85764313323997
120 90.81253422688695
121 -80.14882039533252
122 -88.56190556607348
123 -12.674098494508142
124 38.60053673057659
125 -204.25952400792414
126 -114.50798141876231
127 111.27487808981027
128 -159.00705572289104
129 -151.46081334619828
130 -240.81414642761615
131 -168.2610680764496
132 -197.1352098911217
133 -162.84711819904672
134 39.58801873879265
135 -131.03720624681202
136 -128.49601199256824
137 -33.949164436275936
138 -171.90085569089015
139 -156.50232499098735
140 -168.78942213493355
141 -46.154170370375134
142 -98.1603725958214
143 -142.43590020961167
144 -41.40565177726424
145 -241.10864689658268
146 105.93671097119383
147 -128.17467110321633
148 -108.6340093127399
149 -241.47750217495772
150 -228.4716262330123
151 395.2362347117417
152 -179.2345897041693
153 171.68626415875863
154 526.8526573534336
155 254.34992945067006
156 7.0167342631261445
157 586.7199782191698
158 29.309065548393
159 -18.78131850181991
160 -222.8211365669915
161 101.98505755095827
162 37.308528291713664
163 205.8727468869942
164 -138.09345037763026
165 478.59680196068575
166 391.71593191369845
167 106.64935050258056
168 163.64591326101007
169 262.54635549346773
170 80.56311723564521
171 -47.39972561510219
172 -128.31024366957953
173 -181.0633392250038
174 301.8125508754814
175 47.40408924985589
176 117.74414187257696
177 581.2496880632511
178 269.92269830235585
179 232.8984283401275
180 83.22272508617432
181 -80.14882039533252
182 -179.2345897041693
183 -12.674098494508142
184 38.60053673057659
185 -204.25952400792414
186 -114.50798141876231
187 111.27487808981027
188 -159.00705572289104
189 -151.46081334619828
190 -240.81414642761615
191 -168.2610680764496
192 -197.1352098911217
193 -162.84711819904672
194 -138.09345037763026
195 -131.03720624681202
196 -128.49601199256824
197 -33.949164436275936
198 -171.90085569089015
199 -156.50232499098735
200 -168.78942213493355
201 -47.39972561510219
202 -128.31024366957953
203 -181.0633392250038
204 -41.40565177726424
205 -241.10864689658268
206 105.93671097119383
207 -128.17467110321633
208 -108.6340093127399
209 -241.47750217495772
210 -228.4716262330123
211 -267.4840953666243
212 32.671408212471746
213 374.7446325177192
214 149.1950448526827
215 223.62383176675166
216 3.1005508605431453
217 351.17906060126995
218 -180.40214581802343
219 206.8602763899013
220 1.8181749203839832
221 -124.80225900052501
222 313.01540447708186
223 149.88770112891612
224 -93.79600168905753
225 104.75483983544105
226 -107.52212577916711
227 406.0937902225992
228 126.39440469693325
229 -199.63053770135306
230 397.96404231913135
231 460.57134777095234
232 9.277503166607602
233 305.0975425127621
234 -118.0821038077074
235 -22.60585650286211
236 259.53164409222256
237 284.38268929207044
238 -237.18793367813265
239 -131.67359501295357
240 242.84097724506984
241 -267.4840953666243
242 -179.2345897041693
243 -12.674098494508142
244 38.60053673057659
245 -204.25952400792414
246 -114.50798141876231
247 111.27487808981027
248 -180.40214581802343
249 -151.46081334619828
250 -240.81414642761615
251 -168.2610680764496
252 -197.1352098911217
253 -162.84711819904672
254 -138.09345037763026
255 -131.03720624681202
256 -128.49601199256824
257 -33.949164436275936
258 -171.90085569089015
259 -199.63053770135306
260 -168.78942213493355
261 -47.39972561510219
262 -128.31024366957953
263 -181.0633392250038
264 -118.0821038077074
265 -241.10864689658268
266 105.93671097119383
267 -128.17467110321633
268 -237.18793367813265
269 -241.47750217495772
270 -228.4716262330123
271 214.83814223574583
272 72.00138191189907
273 -18.03968183019156
274 -53.242887536474115
275 9.525323561874211
276 104.98295027920264
277 218.177318653812
278 -81.94058330681486
279 58.11769627915547
280 -10.682304593328727
281 8.5727792169623
282 13.269964395103063
283 154.20196105009862
284 194.46023995915453
285 -113.34982147881468
286 23.650002393925497
287 61.798316702062195
288 310.3411972052576
289 181.6099498068887
290 -113.72247979083133
291 111.53205264839052
292 59.34898818686807
293 229.28724097782697
294 609.7114156303999
295 -172.15930175078512
296 -153.51137483748445
297 -230.9040203740572
298 132.60650754788
299 341.2834302942617
300 -166.38113495132276
301 -267.4840953666243
302 -179.2345897041693
303 -18.03968183019156
304 -53.242887536474115
305 -204.25952400792414
306 -114.50798141876231
307 111.27487808981027
308 -180.40214581802343
309 -151.46081334619828
310 -240.81414642761615
311 -168.2610680764496
312 -197.1352098911217
313 -162.84711819904672
314 -138.09345037763026
315 -131.03720624681202
316 -128.49601199256824
317 -33.949164436275936
318 -171.90085569089015
319 -199.63053770135306
320 -168.78942213493355
321 -47.39972561510219
322 -128.31024366957953
323 -181.0633392250038
324 -118.0821038077074
325 -241.10864689658268
326 -153.51137483748445
327 -230.9040203740572
328 -237.18793367813265
329 -241.47750217495772
330 -228.4716262330123
331 51.9138120636603
332 -144.93826099523363
333 584.2477978768475
334 -36.077377231097586
335 654.107391295044
336 -115.52354821469235
337 592.8708200178714
338 -307.52802703427517
339 -42.24416346417432
340 298.2180387312253
341 176.3282665869686
342 142.89259594864308
343 92.39176633570153
344 222.70527836682786
345 96.44068254932893
346 -186.11552721630426
347 -172.47204183833588
348 39.37196849761621
349 -20.94801176207026
350 -87.75757157582733
351 392.69262629755394
352 -207.86849568736554
353 184.3694929930196
354 -133.26168774124372
355 -107.20003853979426
356 -71.03966997127675
357 357.8828195441121
358 -119.89454553365235
359 324.28299127943853
360 -186.43916522755325
361 -267.4840953666243
362 -179.2345897041693
363 -18.03968183019156
364 -53.242887536474115
365 -204.25952400792414
366 -115.52354821469235
367 111.27487808981027
368 -307.52802703427517
369 -151.46081334619828
370 -240.81414642761615
371 -168.2610680764496
372 -197.1352098911217
373 -162.84711819904672
374 -138.09345037763026
375 -131.03720624681202
376 -186.11552721630426
377 -172.47204183833588
378 -171.90085569089015
379 -199.63053770135306
380 -168.78942213493355
381 -47.39972561510219
382 -207.86849568736554
383 -181.0633392250038
384 -133.26168774124372
385 -241.10864689658268
386 -153.51137483748445
387 -230.9040203740572
388 -237.18793367813265
389 -241.47750217495772
390 -228.4716262330123
391 -147.68496013188044
392 387.1944988639273
393 -138.48755579179084
394 105.96333643885492
395 121.76910594041041
396 -131.1336634309015
397 -192.74630059557197
398 -148.56509026067363
399 -8.895565910705784
400 -37.46391745996158
401 84.77446390713368
402 373.37097239774903
403 70.25374718503302
404 -89.11368534849264
405 -170.65061849359168
406 -112.6878333331907
407 -246.3696164249549
408 -134.5845332882952
409 283.46908930306085
410 174.48665885675214
411 -55.54252598086995
412 -91.60673357036846
413 281.95588697825366
414 258.880673513863
415 68.09249800601657
416 -152.58832571679088
417 329.43391046284285
418 34.00380868294742
419 52.640337063320736
420 34.70990900732508
421 -267.4840953666243
422 -179.2345897041693
423 -138.48755579179084
424 -53.242887536474115
425 -204.25952400792414
426 -131.1336634309015
427 -192.74630059557197
428 -307.52802703427517
429 -151.46081334619828
430 -240.81414642761615
431 -168.2610680764496
432 -197.1352098911217
433 -162.84711819904672
434 -138.09345037763026
435 -170.65061849359168
436 -186.11552721630426
437 -246.3696164249549
438 -171.90085569089015
439 -199.63053770135306
440 -168.78942213493355
441 -55.54252598086995
442 -207.86849568736554
443 -181.0633392250038
444 -133.26168774124372
445 -241.10864689658268
446 -153.51137483748445
447 -230.9040203740572
448 -237.18793367813265
449 -241.47750217495772
450 -228.4716262330123
451 -292.90137601653345
452 -99.06003777682211
453 175.96893611899765
454 -239.38725486709902
455 -46.72096208310325
456 305.06869454482336
457 -239.25066527915294
458 259.7929059661009
459 371.9720256685137
460 338.74593145478684
461 56.768387563345
462 -243.1322060989023
463 286.01251816948775
464 189.50360018320995
465 -196.32804270948128
466 -190.25225056621048
467 -135.26906005092934
468 156.3871884527778
469 197.10174104070472
470 143.2759077474247
471 11.204092395523496
472 -149.53481290180542
473 148.46674488610714
474 -229.92178327335034
475 109.40176493231131
476 -173.47404862876448
477 243.47219434616355
478 137.30229125877835
479 -173.35000457361517
480 -135.39427326080403
481 -292.90137601653345
482 -179.2345897041693
483 -138.48755579179084
484 -239.38725486709902
485 -204.25952400792414
486 -131.1336634309015
487 -239.25066527915294
488 -307.52802703427517
489 -151.46081334619828
490 -240.81414642761615
491 -168.2610680764496
492 -243.1322060989023
493 -162.84711819904672
494 -138.09345037763026
495 -196.32804270948128
496 -190.25225056621048
497 -246.3696164249549
498 -171.90085569089015
499 -199.63053770135306
500 -168.78942213493355
501 -55.54252598086995
502 -207.86849568736554
503 -181.0633392250038
504 -229.92178327335034
505 -241.10864689658268
506 -173.47404862876448
507 -230.9040203740572
508 -237.18793367813265
509 -241.47750217495772
510 -228.4716262330123
511 -269.82668306918697
512 -188.97076671825715
513 40.837609277811794
514 -131.5113755125398
515 406.12517278444074
516 -128.4164105815916
517 99.95356110440252
518 285.30708464707095
519 22.052816486895498
520 237.89855103085392
521 51.9312043591547
522 86.61598940086374
523 -154.73308885198173
524 339.4493252875418
525 -86.8109364695559
526 -197.3848363570989
527 -184.00305674634168
528 65.20540950043491
529 120.24638472443195
530 -286.4218429349275
531 80.5798408264464
532 34.515091840104425
533 -136.44870099546213
534 -143.72111443277524
535 -148.54738999792266
536 -15.177113617557744
537 325.03697539115245
538 333.4568863939737
539 182.4506054710866
540 48.165121691096
541 -292.90137601653345
542 -188.97076671825715
543 -138.48755579179084
544 -239.38725486709902
545 -204.25952400792414
546 -131.1336634309015
547 -239.25066527915294
548 -307.52802703427517
549 -151.46081334619828
550 -240.81414642761615
551 -168.2610680764496
552 -243.1322060989023
553 -162.84711819904672
554 -138.09345037763026
555 -196.32804270948128
556 -197.3848363570989
557 -246.3696164249549
558 -171.90085569089015
559 -199.63053770135306
560 -286.4218429349275
561 -55.54252598086995
562 -207.86849568736554
563 -181.0633392250038
564 -229.92178327335034
565 -241.10864689658268
566 -173.47404862876448
567 -230.9040203740572
568 -237.18793367813265
569 -241.47750217495772
570 -228.4716262330123
571 -85.36250884361164
572 -212.9688404623838
573 -38.92750856708135
574 -75.60549134279077
575 198.01335577929524
576 -92.03726947922836
577 81.42262899875901
578 284.2251974474475
579 548.6007133750377
580 -279.39145116347584
581 108.29868103322363
582 -144.25328647356886
583 626.2546048306043
584 166.30751605617786
585 -244.8209974432588
586 -128.4504905306876
587 31.11728276776038
588 676.6767356144218
589 481.54083742066763
590 -160.9126388295296
591 472.2320482606851
592 98.39468097998514
593 556.6987474252105
594 24.542839136063357
595 63.11209163313204
596 -230.20204418676906
597 -158.18219227344255
598 330.1118778120884
599 -156.76184611269002
600 452.1615502260265
601 -292.90137601653345
602 -212.9688404623838
603 -138.48755579179084
604 -239.38725486709902
605 -204.25952400792414
606 -131.1336634309015
607 -239.25066527915294
608 -307.52802703427517
609 -151.46081334619828
610 -279.39145116347584
611 -168.2610680764496
612 -243.1322060989023
613 -162.84711819904672
614 -138.09345037763026
615 -244.8209974432588
616 -197.3848363570989
617 -246.3696164249549
618 -171.90085569089015
619 -199.63053770135306
620 -286.4218429349275
621 -55.54252598086995
622 -207.86849568736554
623 -181.0633392250038
624 -229.92178327335034
625 -241.10864689658268
626 -230.20204418676906
627 -230.9040203740572
628 -237.18793367813265
629 -241.47750217495772
630 -228.4716262330123
631 -63.343099508260536
632 231.3565041332466
633 -35.21793044356331
634 204.93983901667053
635 70.64739764102627
636 205.98563943775264
637 51.114176540666016
638 270.6818615183094
639 293.9793394840018
640 354.60781856730256
641 -212.22302429719838
642 -249.9184047028463
643 -244.77445601985377
644 -204.68972685029567
645 127.42265127546364
646 -33.869150179660465
647 300.2769399932731
648 -68.35611578881907
649 21.749858906389385
650 293.5909318316645
651 -201.65914939440697
652 53.16837409939939
653 -209.14706346343732
654 -60.48833788397525
655 -234.2558927071538
656 -199.60174169516262
657 -87.7000769031566
658 319.41428743701573
659 22.25966256377825
660 -204.1320417267509
661 -292.90137601653345
662 -212.9688404623838
663 -138.48755579179084
664 -239.38725486709902
665 -204.25952400792414
666 -131.1336634309015
667 -239.25066527915294
668 -307.52802703427517
669 -151.46081334619828
670 -279.39145116347584
671 -212.22302429719838
672 -249.9184047028463
673 -244.77445601985377
674 -204.68972685029567
675 -244.8209974432588
676 -197.3848363570989
677 -246.3696164249549
678 -171.90085569089015
679 -199.63053770135306
680 -286.4218429349275
681 -201.65914939440697
682 -207.86849568736554
683 -209.14706346343732
684 -229.92178327335034
685 -241.10864689658268
686 -230.20204418676906
687 -230.9040203740572
688 -237.18793367813265
689 -241.47750217495772
690 -228.4716262330123
691 335.6515477496198
692 39.903416055439514
693 -176.9778385578084
694 -197.6509130125232
695 -203.25085198229684
696 50.7325792248671
697 18.131288019829974
698 -4.356348298525164
699 13.32003544941392
700 71.63070763730315
701 398.2032924206035
702 -284.09427622763445
703 88.72571631766311
704 -108.12348641934999
705 -112.0816498231006
706 -148.0291225186639
707 272.2806438716656
708 7.280674934086776
709 178.92603044404103
710 267.94949435779165
711 -191.56696452383247
712 -181.16016114060704
713 128.95621427793816
714 -267.4398571054255
715 87.74069245571407
716 354.5110881833659
717 -186.11686099886276
718 316.47534086977487
719 35.72579590001147
720 88.29051933815101
721 -292.90137601653345
722 -212.9688404623838
723 -176.9778385578084
724 -239.38725486709902
725 -204.25952400792414
726 -131.1336634309015
727 -239.25066527915294
728 -307.52802703427517
729 -151.46081334619828
730 -279.39145116347584
731 -212.22302429719838
732 -284.09427622763445
733 -244.77445601985377
734 -204.68972685029567
735 -244.8209974432588
736 -197.3848363570989
737 -246.3696164249549
738 -171.90085569089015
739 -199.63053770135306
740 -286.4218429349275
741 -201.65914939440697
742 -207.86849568736554
743 -209.14706346343732
744 -267.4398571054255
745 -241.10864689658268
746 -230.20204418676906
747 -230.9040203740572
748 -237.18793367813265
749 -241.47750217495772
750 -228.4716262330123
751 -219.14769961705377
752 -190.4563346601286
753 -158.8402974618644
754 147.54026005770132
755 -84.84798983783851
756 -48.20308311596714
757 16.89091638880968
758 40.98617252145929
759 -152.91712096004716
760 431.1907612678403
761 98.31399400945837
762 658.7766252337029
763 312.1434072874981
764 605.1744617613807
765 186.70611045081205
766 546.429225952194
767 -259.94461061033934
768 -200.42807002885053
769 107.24192006278369
770 -23.55555951949912
771 -164.64017589655379
772 214.44887030923223
773 -191.40429553517095
774 -170.69040841691486
775 -34.274824317860975
776 -209.01382796105548
777 -65.29838255296396
778 128.18444936842297
779 -207.53819100082106
780 -188.24030369697792
781 -292.90137601653345
782 -212.9688404623838
783 -176.9778385578084
784 -239.38725486709902
785 -204.25952400792414
786 -131.1336634309015
787 -239.25066527915294
788 -307.52802703427517
789 -152.91712096004716
790 -279.39145116347584
791 -212.22302429719838
792 -284.09427622763445
793 -244.77445601985377
794 -204.68972685029567
795 -244.8209974432588
796 -197.3848363570989
797 -259.94461061033934
798 -200.42807002885053
799 -199.63053770135306
800 -286.4218429349275
801 -201.65914939440697
802 -207.86849568736554
803 -209.14706346343732
804 -267.4398571054255
805 -241.10864689658268
806 -230.20204418676906
807 -230.9040203740572
808 -237.18793367813265
809 -241.47750217495772
810 -228.4716262330123
811 -1.943349619040827
812 -5.5058781620138895
813 356.26632237353465
814 -95.04159421081819
815 84.56294921680153
816 663.785969506396
817 23.873977300583547
818 635.5305767265493
819 0.9480123725925864
820 -166.7336721197337
821 -197.9110314374362
822 -207.71390309058202
823 -142.86370706397116
824 -204.4803038296226
825 141.44119192613365
826 119.61845865877325
827 30.61363413318762
828 -215.23871175659085
829 -152.9208529399359
830 -217.19589373478874
831 -185.58010434407643
832 13.435742520985434
833 21.78613127094105
834 57.10798989791142
835 280.21638256104217
836 -113.8423763392564
837 -303.06014301989217
838 59.09409831909259
839 -328.72849620951934
840 -298.6796368799796
841 -292.90137601653345
842 -212.9688404623838
843 -176.9778385578084
844 -239.38725486709902
845 -204.25952400792414
846 -131.1336634309015
847 -239.25066527915294
848 -307.52802703427517
849 -152.91712096004716
850 -279.39145116347584
851 -212.22302429719838
852 -284.09427622763445
853 -244.77445601985377
854 -204.68972685029567
855 -244.8209974432588
856 -197.3848363570989
857 -259.94461061033934
858 -215.23871175659085
859 -199.63053770135306
860 -286.4218429349275
861 -201.65914939440697
862 -207.86849568736554
863 -209.14706346343732
864 -267.4398571054255
865 -241.10864689658268
866 -230.20204418676906
867 -303.06014301989217
868 -237.18793367813265
869 -328.72849620951934
870 -298.6796368799796
871 -211.12904944271654
872 -112.65591237343843
873 81.05392658756901
874 135.24709696661373
875 57.58276185479092
876 -177.71645264224554
877 -254.35202074660927
878 -114.06434239505155
879 62.36505574684043
880 435.9560578727773
881 49.321920436835285
882 49.416116448576325
883 -203.13695488567404
884 -209.3927865011292
885 -195.0168708781275
886 194.29240392477948
887 -19.807557330950708
888 -104.63962415782242
889 78.11092314356802
890 -268.0531780268271
891 -174.5815584019222
892 -171.09296150091234
893 6.99020918101958
894 -207.1616482713658
895 -66.34765081241852
896 -193.8362705331728
897 -47.957956946930295
898 -27.539092711382864
899 -81.13757935776138
900 -109.14438317796716
901 -292.90137601653345
902 -212.9688404623838
903 -176.9778385578084
904 -239.38725486709902
905 -204.25952400792414
906 -177.71645264224554
907 -254.35202074660927
908 -307.52802703427517
909 -152.91712096004716
910 -279.39145116347584
911 -212.22302429719838
912 -284.09427622763445
913 -244.77445601985377
914 -209.3927865011292
915 -244.8209974432588
916 -197.3848363570989
917 -259.94461061033934
918 -215.23871175659085
919 -199.63053770135306
920 -286.4218429349275
921 -201.65914939440697
922 -207.86849568736554
923 -209.14706346343732
924 -267.4398571054255
925 -241.10864689658268
926 -230.20204418676906
927 -303.06014301989217
928 -237.18793367813265
929 -328.72849620951934
930 -298.6796368799796
931 425.26962370186305
932 -133.88258550879408
933 -201.42648664050984
934 88.01020151565487
935 485.72392895305563
936 -123.28713866339288
937 -193.37127300232075
938 -214.3416190379109
939 565.2524193288642
940 -118.54530372475742
941 -198.6397118765118
942 46.07628409903008
943 63.62816476335606
944 -156.08467677844877
945 -245.94610417456025
946 -13.398839433857997
947 65.84998142540354
948 432.3551377322174
949 -118.89842485392279
950 -210.8640965205671
951 -178.48315964937447
952 172.92951040951834
953 -114.28356128099722
954 -98.69249520946198
955 -137.0111666714499
956 -93.23127358144366
957 35.47387587515346
958 -203.7322797901233
959 256.96072150712735
960 268.62678154847214
961 -292.90137601653345
962 -212.9688404623838
963 -201.42648664050984
964 -239.38725486709902
965 -204.25952400792414
966 -177.71645264224554
967 -254.35202074660927
968 -307.52802703427517
969 -152.91712096004716
970 -279.39145116347584
971 -212.22302429719838
972 -284.09427622763445
973 -244.77445601985377
974 -209.3927865011292
975 -245.94610417456025
976 -197.3848363570989
977 -259.94461061033934
978 -215.23871175659085
979 -199.63053770135306
980 -286.4218429349275
981 -201.65914939440697
982 -207.86849568736554
983 -209.14706346343732
984 -267.4398571054255
985 -241.10864689658268
986 -230.20204418676906
987 -303.06014301989217
988 -237.18793367813265
989 -328.72849620951934
990 -298.6796368799796
evaluations raw_y
1 231.29364454545524
2 181.71944933128924
3 -19.58607325040885
4 333.907026581439
5 -26.080326521028297
6 -149.14236787761533
7 -14.589070285601263
8 -71.75426638232979
9 -197.74338349645424
10 -129.3918498727993
11 -110.45741803984231
12 -74.3812515869479
13 -96.13822043590548
14 -116.71164238885436
15 -15.297973515934192
16 -170.5029377777272
17 -8.283662059812078
18 -33.60032275933243
19 -150.666143519646
20 -99.94437898643736
21 100.03019294543083
22 -132.63418556354358
23 -104.73784244412545
24 39.907971442436505
25 259.00655604475685
26 314.55644232147944
27 23.940196094200548
28 20.41598967818934
29 -95.30683611384298
30 83.64162588339431
31 409.1138202800603
32 240.66053113105932
33 151.53167757307796
34 -193.016214278299
35 262.0164489360357
36 171.25924825862074
37 348.5260858154527
38 -15.121553356110486
39 863.3733165404402
40 366.3965950925286
41 175.48617044703715
42 794.4492409634997
43 310.57604910396145
44 359.9952041611683
45 402.9295646141295
46 305.03619587034495
47 289.55734533040766
48 525.3050600666027
49 346.33432071885795
50 417.7613919230225
51 -36.195746274889714
52 399.513555284274
53 246.48097270347697
54 316.91804143672624
55 100.12431853068928
56 144.14040494441065
57 11.049378630192725
58 188.36109710059685
59 383.37550158045855
60 453.87889815961495
61 231.29364454545524
62 181.71944933128924
63 -19.58607325040885
64 -193.016214278299
65 -26.080326521028297
66 -149.14236787761533
67 -14.589070285601263
68 -71.75426638232979
69 -197.74338349645424
70 -129.3918498727993
71 -110.45741803984231
72 -74.3812515869479
73 -96.13822043590548
74 -116.71164238885436
75 -15.297973515934192
76 -170.5029377777272
77 -8.283662059812078
78 -33.60032275933243
79 -150.666143519646
80 -99.94437898643736
81 -36.195746274889714
82 -132.63418556354358
83 -104.73784244412545
84 39.907971442436505
85 100.12431853068928
86 144.14040494441065
87 11.049378630192725
88 20.41598967818934
89 -95.30683611384298
90 83.64162588339431
91 551.9827561461817
92 84.16145110312674
93 215.19531688212334
94 513.1089595643261
95 -153.2120359394733
96 560.0517840852162
97 70.12876211074261
98 116.5449948547752
99 -234.72481937200348
100 403.9727278844991
101 146.96675355802185
102 66.72466670462076
103 94.80184048175154
104 -74.4459254391172
105 -64.03566353032424
106 -216.10482522161325
107 133.49078151320364
108 -151.7185118820954
109 -82.84502449453223
110 317.7579849337079
111 104.85614814999526
112 -104.83903090920859
113 414.7320212611445
114 -8.83096393616643
115 256.5420655538019
116 -158.4235000518144
117 217.77175509691898
118 215.5429911166465
119 216.78133812621968
120 103.77119154508532
121 231.29364454545524
122 84.16145110312674
123 -19.58607325040885
124 -193.016214278299
125 -153.2120359394733
126 -149.14236787761533
127 -14.589070285601263
128 -71.75426638232979
129 -234.72481937200348
130 -129.3918498727993
131 -110.45741803984231
132 -74.3812515869479
133 -96.13822043590548
134 -116.71164238885436
135 -64.03566353032424
136 -216.10482522161325
137 -8.283662059812078
138 -151.7185118820954
139 -150.666143519646
140 -99.94437898643736
141 -36.195746274889714
142 -132.63418556354358
143 -104.73784244412545
144 -8.83096393616643
145 100.12431853068928
146 -158.4235000518144
147 11.049378630192725
148 20.41598967818934
149 -95.30683611384298
150 83.64162588339431
151 -212.18848488835923
152 -54.92275529811143
153 481.68535054339054
154 -198.96983025019173
155 67.8709691102054
156 440.4215674003885
157 -71.76623866444761
158 432.4927678401609
159 78.5226044858689
160 360.3948211617381
161 363.27163222416516
162 129.24864451895334
163 -66.98932507414735
164 148.6532869624937
165 -62.18418890053936
166 -209.0244200227009
167 -40.45227676658408
168 -199.2468277883484
169 261.2337444316779
170 92.69159812715613
171 173.67791928255724
172 366.5108896428817
173 144.09013653513114
174 204.7945989765383
175 172.11137897869082
176 233.75371346556486
177 115.9161406436608
178 140.3216141152339
179 -55.63227230687524
180 128.47723377313747
181 -212.18848488835923
182 -54.92275529811143
183 -19.58607325040885
184 -198.96983025019173
185 -153.2120359394733
186 -149.14236787761533
187 -71.76623866444761
188 -71.75426638232979
189 -234.72481937200348
190 -129.3918498727993
191 -110.45741803984231
192 -74.3812515869479
193 -96.13822043590548
194 -116.71164238885436
195 -64.03566353032424
196 -216.10482522161325
197 -40.45227676658408
198 -199.2468277883484
199 -150.666143519646
200 -99.94437898643736
201 -36.195746274889714
202 -132.63418556354358
203 -104.73784244412545
204 -8.83096393616643
205 100.12431853068928
206 -158.4235000518144
207 11.049378630192725
208 20.41598967818934
209 -95.30683611384298
210 83.64162588339431
211 364.7647783661887
212 157.09901181317002
213 302.4999344515271
214 -9.601878556288575
215 -184.99322162517925
216 128.1837863129566
217 456.71191460094127
218 265.7805791588661
219 397.62321027255587
220 -18.60788629603989
221 368.48729451972497
222 186.6178655233822
223 -242.33190077381897
224 -174.62408586641456
225 102.41604676004508
226 175.24154503787244
227 -189.90165743574323
228 -228.94368806064858
229 133.6079369595712
230 152.89650186895713
231 157.33899130044705
232 227.29667813931854
233 369.0036081718421
234 90.5863897546761
235 -46.71431591836723
236 -162.8488801398758
237 370.42423624648393
238 18.52827999364256
239 -94.29200308849394
240 531.6821066809097
241 -212.18848488835923
242 -54.92275529811143
243 -19.58607325040885
244 -198.96983025019173
245 -184.99322162517925
246 -149.14236787761533
247 -71.76623866444761
248 -71.75426638232979
249 -234.72481937200348
250 -129.3918498727993
251 -110.45741803984231
252 -74.3812515869479
253 -242.33190077381897
254 -174.62408586641456
255 -64.03566353032424
256 -216.10482522161325
257 -189.90165743574323
258 -228.94368806064858
259 -150.666143519646
260 -99.94437898643736
261 -36.195746274889714
262 -132.63418556354358
263 -104.73784244412545
264 -8.83096393616643
265 -46.71431591836723
266 -162.8488801398758
267 11.049378630192725
268 18.52827999364256
269 -95.30683611384298
270 83.64162588339431
271 411.46262149287355
272 166.00305624037162
273 18.266937438343653
274 166.3133421669711
275 -149.61554029816833
276 -4.153137813826653
277 87.10645140289165
278 586.8399738122756
279 275.4730476057384
280 175.16384918543395
281 33.58192214997471
282 64.18161476032371
283 122.87588541243366
284 -21.6802700619253
285 485.2879978324129
286 -188.2910619010652
287 114.32992635810098
288 14.82870189596234
289 108.58793068450599
290 409.135426249342
291 43.92337328936946
292 -54.57076373608812
293 196.8679749952169
294 -58.56054707708871
295 778.2179953869357
296 125.76497081787483
297 505.32597375094423
298 338.2531897435789
299 311.25632988659737
300 65.87160140372748
301 -212.18848488835923
302 -54.92275529811143
303 -19.58607325040885
304 -198.96983025019173
305 -184.99322162517925
306 -149.14236787761533
307 -71.76623866444761
308 -71.75426638232979
309 -234.72481937200348
310 -129.3918498727993
311 -110.45741803984231
312 -74.3812515869479
313 -242.33190077381897
314 -174.62408586641456
315 -64.03566353032424
316 -216.10482522161325
317 -189.90165743574323
318 -228.94368806064858
319 -150.666143519646
320 -99.94437898643736
321 -36.195746274889714
322 -132.63418556354358
323 -104.73784244412545
324 -58.56054707708871
325 -46.71431591836723
326 -162.8488801398758
327 11.049378630192725
328 18.52827999364256
329 -95.30683611384298
330 65.87160140372748
331 70.21128511478403
332 74.5567519832728
333 357.6707463950831
334 48.228107026833015
335 102.02622001056685
336 122.10052815993761
337 360.5655632371632
338 249.72404109037035
339 426.4325494869044
340 19.28981004889579
341 574.7411185534352
342 -153.9158877824183
343 -206.0434868684477
344 -267.6793393207248
345 477.5113453460063
346 -246.39792764150238
347 76.79587172481783
348 627.1889451704903
349 -206.54100816834614
350 331.7612716259078
351 255.00514867079974
352 38.74938574518212
353 536.8875864578471
354 233.24841227882106
355 358.2254700289731
356 796.4691977558521
357 118.28556253140036
358 251.32477031565082
359 114.62488018752342
360 -134.20435583490644
361 -212.18848488835923
362 -54.92275529811143
363 -19.58607325040885
364 -198.96983025019173
365 -184.99322162517925
366 -149.14236787761533
367 -71.76623866444761
368 -71.75426638232979
369 -234.72481937200348
370 -129.3918498727993
371 -110.45741803984231
372 -153.9158877824183
373 -242.33190077381897
374 -267.6793393207248
375 -64.03566353032424
376 -246.39792764150238
377 -189.90165743574323
378 -228.94368806064858
379 -206.54100816834614
380 -99.94437898643736
381 -36.195746274889714
382 -132.63418556354358
383 -104.73784244412545
384 -58.56054707708871
385 -46.71431591836723
386 -162.8488801398758
387 11.049378630192725
388 18.52827999364256
389 -95.30683611384298
390 -134.20435583490644
391 298.42686655507725
392 399.7493129111135
393 175.4983315774919
394 -156.24680505358248
395 370.4418582747638
396 -113.96910175390354
397 16.43651763542468
398 -185.5856039418591
399 -153.7748425068381
400 -125.65300716847872
401 334.09744843256317
402 48.392207991141774
403 -102.29707943682139
404 532.2276644599548
405 109.39415226890897
406 407.14761989637697
407 326.76757756288026
408 427.27130845708973
409 170.29104155980292
410 -176.34967054190892
411 133.9402800295542
412 99.20750412035758
413 112.23645123607372
414 14.101454261748476
415 366.60089209762566
416 -28.654423508245866
417 -73.1465372618175
418 649.7642875210564
419 -223.62655742057697
420 38.04398914728391
421 -212.18848488835923
422 -54.92275529811143
423 -19.58607325040885
424 -198.96983025019173
425 -184.99322162517925
426 -149.14236787761533
427 -71.76623866444761
428 -185.5856039418591
429 -234.72481937200348
430 -129.3918498727993
431 -110.45741803984231
432 -153.9158877824183
433 -242.33190077381897
434 -267.6793393207248
435 -64.03566353032424
436 -246.39792764150238
437 -189.90165743574323
438 -228.94368806064858
439 -206.54100816834614
440 -176.34967054190892
441 -36.195746274889714
442 -132.63418556354358
443 -104.73784244412545
444 -58.56054707708871
445 -46.71431591836723
446 -162.8488801398758
447 -73.1465372618175
448 18.52827999364256
449 -223.62655742057697
450 -134.20435583490644
451 -151.96803216798457
452 254.85271949397665
453 97.95190262472111
454 22.645358038909606
455 82.99376722820433
456 467.4706707511471
457 29.829078082201942
458 -180.68247249659328
459 40.526977743785295
460 8.988107503267404
461 215.08009274836866
462 -17.597097598884567
463 32.495468318860645
464 -34.51040148770952
465 175.29993593359376
466 -128.21266680369547
467 5.056469553284423
468 -281.71659491058955
469 90.85187218829196
470 59.55655513084665
471 332.2913767682789
472 347.9879243035023
473 -142.33232518201564
474 340.6119584665303
475 43.996663306511806
476 -72.87602626980261
477 406.97283970662943
478 603.315327317076
479 337.5920787729179
480 85.91619823694367
481 -212.18848488835923
482 -54.92275529811143
483 -19.58607325040885
484 -198.96983025019173
485 -184.99322162517925
486 -149.14236787761533
487 -71.76623866444761
488 -185.5856039418591
489 -234.72481937200348
490 -129.3918498727993
491 -110.45741803984231
492 -153.9158877824183
493 -242.33190077381897
494 -267.6793393207248
495 -64.03566353032424
496 -246.39792764150238
497 -189.90165743574323
498 -281.71659491058955
499 -206.54100816834614
500 -176.34967054190892
501 -36.195746274889714
502 -132.63418556354358
503 -142.33232518201564
504 -58.56054707708871
505 -46.71431591836723
506 -162.8488801398758
507 -73.1465372618175
508 18.52827999364256
509 -223.62655742057697
510 -134.20435583490644
511 216.20862451973076
512 -125.2302597091423
513 377.2145282886164
514 115.03006228663294
515 229.63199321584872
516 -214.1011404978661
517 386.54374127941134
518 -124.82083532617273
519 -162.02495871973795
520 149.9028946922644
521 -182.11211174914047
522 -256.03288527211487
523 -258.2015051602674
524 -70.9589308758714
525 376.1123484215965
526 332.45486702605325
527 387.27482457854836
528 111.23456401024268
529 -302.606267614635
530 236.80058819333965
531 -123.47198723134612
532 355.58161018722933
533 -41.99688996139643
534 137.45097522866317
535 413.3747537120109
536 101.2329918994858
537 -101.56029543455742
538 -10.681567698720443
539 -114.73880369372704
540 147.85436758575105
541 -212.18848488835923
542 -125.2302597091423
543 -19.58607325040885
544 -198.96983025019173
545 -184.99322162517925
546 -214.1011404978661
547 -71.76623866444761
548 -185.5856039418591
549 -234.72481937200348
550 -129.3918498727993
551 -182.11211174914047
552 -256.03288527211487
553 -258.2015051602674
554 -267.6793393207248
555 -64.03566353032424
556 -246.39792764150238
557 -189.90165743574323
558 -281.71659491058955
559 -302.606267614635
560 -176.34967054190892
561 -123.47198723134612
562 -132.63418556354358
563 -142.33232518201564
564 -58.56054707708871
565 -46.71431591836723
566 -162.8488801398758
567 -101.56029543455742
568 -10.681567698720443
569 -223.62655742057697
570 -134.20435583490644
571 -155.87847326233526
572 -137.71818802492373
573 174.24269548466293
574 14.502142504765676
575 130.07507146431223
576 572.1168079104601
577 -121.19168856790111
578 106.47924781391797
579 182.72208027616372
580 -44.63994518255799
581 637.8385456997087
582 -149.74144930689786
583 -147.64006661223308
584 -51.43671074118289
585 -6.419785792199711
586 16.00479736344962
587 193.72062912074978
588 -173.53884049551706
589 29.433206929611913
590 307.01909563919656
591 -128.22167819132545
592 114.65710350729279
593 -11.728025122959398
594 76.55648436109705
595 435.85955014212544
596 20.417369061112613
597 122.30299833642397
598 -309.8286200439472
599 -3.0925119353300445
600 183.63658963963755
601 -212.18848488835923
602 -137.71818802492373
603 -19.58607325040885
604 -198.96983025019173
605 -184.99322162517925
606 -214.1011404978661
607 -121.19168856790111
608 -185.5856039418591
609 -234.72481937200348
610 -129.3918498727993
611 -182.11211174914047
612 -256.03288527211487
613 -258.2015051602674
614 -267.6793393207248
615 -64.03566353032424
616 -246.39792764150238
617 -189.90165743574323
618 -281.71659491058955
619 -302.606267614635
620 -176.34967054190892
621 -128.22167819132545
622 -132.63418556354358
623 -142.33232518201564
624 -58.56054707708871
625 -46.71431591836723
626 -162.8488801398758
627 -101.56029543455742
628 -309.8286200439472
629 -223.62655742057697
630 -134.20435583490644
631 94.3841797859799
632 83.4880822459001
633 -30.22941702913881
634 102.78139017353021
635 53.028846257228516
636 -118.71437741596961
637 -150.32975155636606
638 112.8809698962417
639 -107.66323439362048
640 157.94126459890316
641 -81.65308784912666
642 363.5881544165377
643 -105.28607919316387
644 72.58866016043503
645 -227.14255537800594
646 -217.82897745111606
647 611.3395462566189
648 112.1298066949942
649 54.81028509185472
650 -251.4858492057683
651 -38.2886462707133
652 26.921269132461862
653 45.747407312725606
654 40.963119767680766
655 57.81153097905769
656 -13.76386196889511
657 310.5952015315486
658 -229.8359062543533
659 26.504685007745024
660 110.61147668928403
661 -212.18848488835923
662 -137.71818802492373
663 -30.22941702913881
664 -198.96983025019173
665 -184.99322162517925
666 -214.1011404978661
667 -150.32975155636606
668 -185.5856039418591
669 -234.72481937200348
670 -129.3918498727993
671 -182.11211174914047
672 -256.03288527211487
673 -258.2015051602674
674 -267.6793393207248
675 -227.14255537800594
676 -246.39792764150238
677 -189.90165743574323
678 -281.71659491058955
679 -302.606267614635
680 -251.4858492057683
681 -128.22167819132545
682 -132.63418556354358
683 -142.33232518201564
684 -58.56054707708871
685 -46.71431591836723
686 -162.8488801398758
687 -101.56029543455742
688 -309.8286200439472
689 -223.62655742057697
690 -134.20435583490644
691 260.74520407172776
692 217.75075721370624
693 17.347093873226928
694 366.65397976691366
695 425.9036194906705
696 48.14451292569202
697 274.00655307085816
698 586.1150239687519
699 -106.60938944322096
700 -252.31426235201855
701 -75.2779940851957
702 102.87331846359088
703 125.90240314887778
704 74.42023015560376
705 891.0401311935206
706 -185.6087714092281
707 16.8700342648897
708 387.7398936473706
709 59.678631966335125
710 -203.48142232262649
711 735.3080612871488
712 629.5399484691511
713 292.74644981113255
714 -124.06305341883156
715 -205.9488578110321
716 108.3918987341118
717 -51.94556026208267
718 -228.43548358403257
719 59.08149022188233
720 -147.48223867699969
721 -212.18848488835923
722 -137.71818802492373
723 -30.22941702913881
724 -198.96983025019173
725 -184.99322162517925
726 -214.1011404978661
727 -150.32975155636606
728 -185.5856039418591
729 -234.72481937200348
730 -252.31426235201855
731 -182.11211174914047
732 -256.03288527211487
733 -258.2015051602674
734 -267.6793393207248
735 -227.14255537800594
736 -246.39792764150238
737 -189.90165743574323
738 -281.71659491058955
739 -302.606267614635
740 -251.4858492057683
741 -128.22167819132545
742 -132.63418556354358
743 -142.33232518201564
744 -124.06305341883156
745 -205.9488578110321
746 -162.8488801398758
747 -101.56029543455742
748 -309.8286200439472
749 -223.62655742057697
750 -147.48223867699969
751 498.98790662606706
752 134.70315581615213
753 6.90713485865988
754 -129.80257900875858
755 373.52614188429413
756 376.0024555004291
757 34.913519173905385
758 -30.70240447971558
759 12.475232950041587
760 -162.27034464057715
761 44.8946933627188
762 -198.16316136151113
763 142.8766541790968
764 -94.55915193906982
765 219.69377497810413
766 33.36989068851939
767 33.20617457801649
768 -67.15821899402128
769 63.860006231922675
770 -26.0410697625318
771 63.491348508240186
772 -108.1006677093883
773 139.05819006472592
774 -256.4596118360814
775 259.605804044726
776 201.81653025049908
777 89.60561980169749
778 -184.9992105927224
779 -4.012070271568845
780 71.75304572004335
781 -212.18848488835923
782 -137.71818802492373
783 -30.22941702913881
784 -198.96983025019173
785 -184.99322162517925
786 -214.1011404978661
787 -150.32975155636606
788 -185.5856039418591
789 -234.72481937200348
790 -252.31426235201855
791 -182.11211174914047
792 -256.03288527211487
793 -258.2015051602674
794 -267.6793393207248
795 -227.14255537800594
796 -246.39792764150238
797 -189.90165743574323
798 -281.71659491058955
799 -302.606267614635
800 -251.4858492057683
801 -128.22167819132545
802 -132.63418556354358
803 -142.33232518201564
804 -256.4596118360814
805 -205.9488578110321
806 -162.8488801398758
807 -101.56029543455742
808 -309.8286200439472
809 -223.62655742057697
810 -147.48223867699969
811 -114.10260165802427
812 365.61942427012633
813 -42.85623140733267
814 317.14611023364677
815 60.705310736541705
816 -7.697086671001108
817 818.9732319556449
818 -302.1091314890979
819 19.98672767509465
820 -148.2011202979623
821 83.9267245374663
822 -195.72642810387973
823 -64.72591018747774
824 228.6995378420229
825 280.08904885101794
826 80.03671127925483
827 -240.5279897995167
828 103.72656675317732
829 648.783449192345
830 44.97686391752334
831 527.2654724583793
832 355.5422648079719
833 529.2598298078238
834 314.4047589876668
835 -31.461155914198983
836 135.8442976022121
837 -207.18820605043678
838 346.06352144881043
839 -122.35939089674335
840 60.866386287873276
841 -212.18848488835923
842 -137.71818802492373
843 -42.85623140733267
844 -198.96983025019173
845 -184.99322162517925
846 -214.1011404978661
847 -150.32975155636606
848 -302.1091314890979
849 -234.72481937200348
850 -252.31426235201855
851 -182.11211174914047
852 -256.03288527211487
853 -258.2015051602674
854 -267.6793393207248
855 -227.14255537800594
856 -246.39792764150238
857 -240.5279897995167
858 -281.71659491058955
859 -302.606267614635
860 -251.4858492057683
861 -128.22167819132545
862 -132.63418556354358
863 -142.33232518201564
864 -256.4596118360814
865 -205.9488578110321
866 -162.8488801398758
867 -207.18820605043678
868 -309.8286200439472
869 -223.62655742057697
870 -147.48223867699969
871 164.19448445226539
872 122.42515210369156
873 40.472088703982266
874 102.18817818618042
875 -241.88475395083114
876 23.03317659664695
877 210.86644858247118
878 -146.9040352693678
879 -142.4186734423811
880 -50.622402646125984
881 -165.38913387039744
882 -234.98040007267193
883 387.8589113614323
884 113.84995991848103
885 185.2118160303095
886 -75.58234352457829
887 347.28877015949956
888 -9.248962126787898
889 75.01773617762805
890 80.00198658355845
891 -147.4372386743351
892 329.6522154675833
893 118.06263378411785
894 162.9626665519274
895 -278.9635523407892
896 43.39434570569948
897 283.690909465325
898 -152.38654301813366
899 387.3361226786133
900 158.9443125807982
901 -212.18848488835923
902 -137.71818802492373
903 -42.85623140733267
904 -198.96983025019173
905 -241.88475395083114
906 -214.1011404978661
907 -150.32975155636606
908 -302.1091314890979
909 -234.72481937200348
910 -252.31426235201855
911 -182.11211174914047
912 -256.03288527211487
913 -258.2015051602674
914 -267.6793393207248
915 -227.14255537800594
916 -246.39792764150238
917 -240.5279897995167
918 -281.71659491058955
919 -302.606267614635
920 -251.4858492057683
921 -147.4372386743351
922 -132.63418556354358
923 -142.33232518201564
924 -256.4596118360814
925 -278.9635523407892
926 -162.8488801398758
927 -207.18820605043678
928 -309.8286200439472
929 -223.62655742057697
930 -147.48223867699969
931 -218.7994426806489
932 -111.0757176987423
933 111.19478664092608
934 505.3610193936506
935 -167.11371200960332
936 -9.710059309104041
937 264.3756249830851
938 -13.228948804810301
939 -19.310647800248542
940 39.68499652472763
941 157.31441327027733
942 201.79455650868073
943 -260.4851555927796
944 299.25949122184886
945 -184.27254635175038
946 -4.760298636792892
947 195.70303063601412
948 429.8848876610217
949 326.31269600613257
950 160.97024369147854
951 -75.30702086876178
952 -88.95093513073354
953 172.7904679792842
954 28.251842832951816
955 -232.640705969545
956 319.8792470107705
957 268.2496786906353
958 -221.65272073753394
959 62.69747258497472
960 50.88040320600244
961 -218.7994426806489
962 -137.71818802492373
963 -42.85623140733267
964 -198.96983025019173
965 -241.88475395083114
966 -214.1011404978661
967 -150.32975155636606
968 -302.1091314890979
969 -234.72481937200348
970 -252.31426235201855
971 -182.11211174914047
972 -256.03288527211487
973 -260.4851555927796
974 -267.6793393207248
975 -227.14255537800594
976 -246.39792764150238
977 -240.5279897995167
978 -281.71659491058955
979 -302.606267614635
980 -251.4858492057683
981 -147.4372386743351
982 -132.63418556354358
983 -142.33232518201564
984 -256.4596118360814
985 -278.9635523407892
986 -162.8488801398758
987 -207.18820605043678
988 -309.8286200439472
989 -223.62655742057697
990 -147.48223867699969
