evaluations raw_y
1 14.13583523013022
2 578.713493011842
3 132.3084124698387
4 128.0466190721579
5 706.0379488190443
6 241.1752877576468
7 58.80158880095143
8 136.54884521198943
9 48.83408825186241
10 159.4273666301879
11 760.1487537679661
12 105.17813566433978
13 275.204757205311
14 122.62070196271198
15 1213.4472385252093
16 216.65273812100952
17 48.50592953075598
18 156.41515434197646
19 127.64371491017216
20 129.39483331284598
21 577.0465327504347
22 505.71511100126963
23 35.77818385173151
24 90.87804091728445
25 484.363262232124
26 64.98741292249986
27 119.74842465498989
28 31.511094714117768
29 110.46820410462274
30 811.7788803819449
31 811.0791301482919
32 1381.65027523126
33 2664.1581942181483
34 1444.3112090696563
35 768.1380856507424
36 1462.8545013493633
37 880.9976725449419
38 888.9680875218137
39 1404.9724909816969
40 110.35113433572027
41 769.9888163897532
42 1368.8867199671631
43 1429.6296219648007
44 1877.9909723960827
45 1403.5681669006083
46 2630.9190972238366
47 209.81138306840967
48 253.05355599409904
49 1401.3559450968314
50 122.77721459364597
51 2036.7416063013234
52 833.5535327737357
53 765.4879889204387
54 816.0681493431574
55 2061.65580305047
56 3325.708165221809
57 775.3818390263446
58 758.9141936775513
59 785.8975118281389
60 2061.65580305047
61 1403.5919086648328
62 797.6034408791311
63 1429.6296219648007
64 789.6117366802953
65 165.57725979346156
66 779.969481738404
67 2061.6558030504702
68 1475.2063489553361
69 738.7704493896046
70 1398.5710370800448
71 897.6856601726496
72 1429.6296219648007
73 1417.8549885495238
74 2029.5403510917777
75 799.2334632225363
76 1372.0649632315374
77 2668.48336393985
78 2061.65580305047
79 768.1508132377239
80 808.2218164684214
81 2064.8278392361844
82 902.1739891398377
83 133.46180783476925
84 797.6034408791311
85 2032.0032296992827
86 1432.7836307334787
87 813.2471480520555
88 775.0563895227792
89 1429.6296219648007
90 2693.6819841361394
91 1429.6296219648007
92 2061.6558030504702
93 855.5141490708629
94 766.5419126138403
95 2568.641113842009
96 2661.5665321774472
97 140.11961083289387
98 1443.5104062301968
99 762.2421462245435
100 223.62880799992774
101 859.3065350110261
102 1405.6605405370449
103 1402.7222089421498
104 1406.5679040065997
105 228.99634105668684
106 752.4645209817853
107 133.46180783476925
108 714.5376970983916
109 709.6960784073171
110 770.11485978716
111 143.73213807733904
112 787.3621738570607
113 2028.999583157574
114 2670.4732031022995
115 1445.2885313902452
116 1429.6296219648007
117 79.24069569419594
118 797.6034408791311
119 2034.1294945036084
120 1413.4385079982324
121 769.4709584699038
122 80.63952404493855
123 792.9394093205156
124 1391.328095629612
125 2140.1072241715297
126 2029.540351091778
127 1404.7352977124374
128 1421.3695328116785
129 2029.540351091778
130 2056.328178342531
131 828.4847944636946
132 14.13583523013022
133 31.511094714117768
134 35.77818385173151
135 48.50592953075598
136 48.83408825186241
137 58.80158880095143
138 64.98741292249986
139 79.24069569419594
140 80.63952404493855
141 90.87804091728445
142 105.17813566433978
143 110.35113433572027
144 110.46820410462274
145 119.74842465498989
146 122.62070196271198
147 122.77721459364597
148 127.64371491017216
149 128.0466190721579
150 129.39483331284598
151 132.3084124698387
152 133.46180783476925
153 133.46180783476925
154 136.54884521198943
155 140.11961083289387
156 143.73213807733904
157 156.41515434197646
158 159.4273666301879
159 165.57725979346156
160 209.81138306840967
161 216.65273812100952
162 736.9471523779694
163 781.0632168458028
164 1396.2149452979959
165 767.6325085604202
166 1203.9816988195955
167 793.6844269436322
168 2060.847752058441
169 706.2656259106418
170 781.9785828675981
171 245.8666837765715
172 810.1423284713837
173 1444.274443350967
174 749.8968152847572
175 1989.5800976457685
176 2119.7333504762605
177 114.31932366266628
178 199.200239141918
179 1293.6238216229494
180 2036.893103793648
181 798.3219778348896
182 833.8097301009863
183 1451.4208108760367
184 2099.6597676458605
185 793.3192665128504
186 1400.2828240976219
187 1429.6296219648004
188 133.46180783476925
189 784.1827960608146
190 743.3083099261906
191 1288.4414222210253
192 2693.6819841361394
193 836.6509780973361
194 172.89117760868672
195 103.48782077827013
196 2123.717607758426
197 2037.8162602385728
198 801.8829333277747
199 810.264092720082
200 745.4505240214635
201 1375.3617933200364
202 735.4922134100698
203 2029.5403510917777
204 1397.5141700061083
205 820.4922689270729
206 753.7524861120352
207 1274.200227348921
208 1400.1188795448843
209 548.7374598394573
210 705.1628209608913
211 1406.451696266552
212 766.5028442586607
213 2061.6558030504702
214 775.717919710308
215 830.9453987561254
216 2061.65580305047
217 855.5855932220493
218 118.25018746621706
219 133.46180783476925
220 77.76011671166368
221 797.6034408791312
222 1391.8365886611125
223 108.91824114545634
224 737.1083775780195
225 1407.9851597795905
226 110.2354569379021
227 1382.323814140023
228 14.13583523013022
229 31.511094714117768
230 35.77818385173151
231 48.50592953075598
232 48.83408825186241
233 58.80158880095143
234 64.98741292249986
235 77.76011671166368
236 79.24069569419594
237 80.63952404493855
238 90.87804091728445
239 103.48782077827013
240 105.17813566433978
241 108.91824114545634
242 110.2354569379021
243 110.35113433572027
244 110.46820410462274
245 114.31932366266628
246 118.25018746621706
247 119.74842465498989
248 122.62070196271198
249 122.77721459364597
250 127.64371491017216
251 128.0466190721579
252 129.39483331284598
253 132.3084124698387
254 133.46180783476925
255 133.46180783476925
256 133.46180783476925
257 133.46180783476925
258 2029.5403510917777
259 627.3640838554652
260 745.2650786394069
261 741.9009872052379
262 1406.1076604667228
263 121.4754996558652
264 724.7200943336578
265 1974.6756414547467
266 1399.90039598689
267 2030.5794288426014
268 174.20510108526247
269 731.0636744681387
270 2045.1395224136304
271 866.845197049118
272 744.2480754746682
273 123.6926988316571
274 805.6666199343382
275 1445.188524323432
276 739.8810806406658
277 1412.877867022054
278 809.571467119193
279 1429.6296219648004
280 1451.0520801311995
281 2135.164468973672
282 57.11894359546816
283 108.99976338979044
284 833.9932712928669
285 2108.76780852704
286 1410.8129369226708
287 798.6411119116298
288 2029.5403510917777
289 134.51172475788977
290 241.09725719470617
291 103.58099814244376
292 14.13583523013022
293 31.511094714117768
294 35.77818385173151
295 48.50592953075598
296 48.83408825186241
297 57.11894359546816
298 58.80158880095143
299 64.98741292249986
300 77.76011671166368
301 79.24069569419594
302 80.63952404493855
303 90.87804091728445
304 103.48782077827013
305 103.58099814244376
306 105.17813566433978
307 108.91824114545634
308 108.99976338979044
309 110.2354569379021
310 110.35113433572027
311 110.46820410462274
312 114.31932366266628
313 118.25018746621706
314 119.74842465498989
315 121.4754996558652
316 122.62070196271198
317 122.77721459364597
318 123.6926988316571
319 127.64371491017216
320 128.0466190721579
321 129.39483331284598
322 1373.7728221755444
323 1405.0840858613863
324 1413.7390234829184
325 714.2220075915792
326 911.1974651116211
327 1979.595175512287
328 2097.409311715861
329 1430.312072345051
330 191.54624108701387
331 2691.1211883694264
332 1587.642585893232
333 2061.6558030504702
334 216.79981540609072
335 2693.68198413614
336 110.2291815779034
337 134.48374801686845
338 125.5361392438447
339 1429.6296219648007
340 674.3419608766953
341 1409.5858015456827
342 783.2409976644518
343 1418.0239869561979
344 2049.916388578245
345 783.837722635378
346 1440.8150063569651
347 104.84516695319715
348 797.6034408791312
349 738.401662105794
350 801.9753547804792
351 727.7835737804961
352 747.3732442806021
353 856.6970395924594
354 829.9031439479613
355 738.5096610759247
356 809.2173090990634
357 1205.1321297296809
358 771.3296570189019
359 14.13583523013022
360 31.511094714117768
361 35.77818385173151
362 48.50592953075598
363 48.83408825186241
364 57.11894359546816
365 58.80158880095143
366 64.98741292249986
367 77.76011671166368
368 79.24069569419594
369 80.63952404493855
370 90.87804091728445
371 103.48782077827013
372 103.58099814244376
373 104.84516695319715
374 105.17813566433978
375 108.91824114545634
376 108.99976338979044
377 110.2291815779034
378 110.2354569379021
379 110.35113433572027
380 110.46820410462274
381 114.31932366266628
382 118.25018746621706
383 119.74842465498989
384 121.4754996558652
385 122.62070196271198
386 122.77721459364597
387 123.6926988316571
388 125.5361392438447
389 916.2050601956595
390 714.7526447543347
391 722.0243008962565
392 735.3516952480963
393 764.5563583161412
394 2009.0852346318986
395 1402.3210243027327
396 777.7429437177809
397 800.4481092048577
398 702.3758625901895
399 1477.908992218142
400 2435.6377410844025
401 825.3741946321854
402 1400.0703777009744
403 113.66604152562346
404 182.847940005701
405 142.89136308177345
406 1466.0626877333611
407 126.27866443095908
408 1412.7948046835972
409 114.80400922957331
410 1371.1200379241698
411 1377.4297541585845
412 709.9295553566997
413 1387.0757215647077
414 286.3102112046673
415 740.8202008211099
416 1234.1218931790645
417 781.3850861530651
418 690.6364273604595
419 830.0130614065104
420 184.03552606912152
421 1437.7300823774563
422 14.13583523013022
423 31.511094714117768
424 35.77818385173151
425 48.50592953075598
426 48.83408825186241
427 57.11894359546816
428 58.80158880095143
429 64.98741292249986
430 77.76011671166368
431 79.24069569419594
432 80.63952404493855
433 90.87804091728445
434 103.48782077827013
435 103.58099814244376
436 104.84516695319715
437 105.17813566433978
438 108.91824114545634
439 108.99976338979044
440 110.2291815779034
441 110.2354569379021
442 110.35113433572027
443 110.46820410462274
444 113.66604152562346
445 114.31932366266628
446 114.80400922957331
447 118.25018746621706
448 119.74842465498989
449 121.4754996558652
450 122.62070196271198
451 122.77721459364597
452 1348.9164899317723
453 58.95057179251382
454 2005.9352521488731
455 734.9741464614206
456 1388.335360221923
457 1421.0072002393201
458 1495.58381181761
459 191.61293868484094
460 771.3412683437188
461 1422.5601341140286
462 855.3657144782894
463 736.1760031738027
464 153.73760814782042
465 76.2457720344689
466 227.73107285920875
467 1418.9484518588401
468 173.60052662176233
469 140.985704380663
470 720.5919205988245
471 2029.5403510917777
472 765.0715745794158
473 113.82180638426226
474 814.2567009752773
475 52.85927905086532
476 1346.3690321946262
477 108.20226919573633
478 750.4561136273547
479 746.7658490633014
480 756.5191813580055
481 848.5476752078525
482 713.8593953018769
483 33.23173279769905
484 14.13583523013022
485 31.511094714117768
486 33.23173279769905
487 35.77818385173151
488 48.50592953075598
489 48.83408825186241
490 52.85927905086532
491 57.11894359546816
492 58.80158880095143
493 58.95057179251382
494 64.98741292249986
495 76.2457720344689
496 77.76011671166368
497 79.24069569419594
498 80.63952404493855
499 90.87804091728445
500 103.48782077827013
501 103.58099814244376
502 104.84516695319715
503 105.17813566433978
504 108.20226919573633
505 108.91824114545634
506 108.99976338979044
507 110.2291815779034
508 110.2354569379021
509 110.35113433572027
510 110.46820410462274
511 113.66604152562346
512 113.82180638426226
513 114.31932366266628
514 84.3433216120786
515 1259.3099050010944
516 140.2484416984407
517 1458.352998099401
518 518.3453246063847
519 1462.2883754446634
520 99.39521329931821
521 1484.5576086038195
522 466.93062789356935
523 814.642555937188
524 1440.0077992085796
525 1352.6266613101627
526 107.36893311230315
527 82.03251887057056
528 723.5413404455883
529 1339.4855670484435
530 88.51809609686795
531 60.302755299014535
532 150.3606266785406
533 159.66260481931485
534 858.4030477772747
535 22.63876856568403
536 66.51649914428646
537 696.7020386382275
538 837.6962665318645
539 772.6658700002968
540 864.8542319807017
541 744.3495045629039
542 73.36966451169893
543 2039.094881179722
544 804.5145349374365
545 1344.4997898398433
546 726.9902363301596
547 119.3088479132814
548 740.246713092651
549 1458.6515730303586
550 168.60361940006695
551 721.9224082197678
552 14.13583523013022
553 22.63876856568403
554 31.511094714117768
555 33.23173279769905
556 35.77818385173151
557 48.50592953075598
558 48.83408825186241
559 52.85927905086532
560 57.11894359546816
561 58.80158880095143
562 58.95057179251382
563 60.302755299014535
564 64.98741292249986
565 66.51649914428646
566 73.36966451169893
567 76.2457720344689
568 77.76011671166368
569 79.24069569419594
570 80.63952404493855
571 82.03251887057056
572 84.3433216120786
573 88.51809609686795
574 90.87804091728445
575 99.39521329931821
576 103.48782077827013
577 103.58099814244376
578 104.84516695319715
579 105.17813566433978
580 107.36893311230315
581 108.20226919573633
582 643.3573058093796
583 255.0598256729183
584 745.235595996833
585 80.5491195893266
586 68.14677103519122
587 64.18828891082268
588 966.4556124461598
589 713.4943547248662
590 171.7240365301767
591 77.84426317240695
592 1285.3905572439514
593 61.99151993489778
594 53.868944034767836
595 749.0862390702935
596 1339.4026220626629
597 723.2669099593064
598 26.88209733863545
599 747.1418213797109
600 840.8812951512436
601 88.57326819260176
602 28.473998693435
603 69.51081421643208
604 74.24114335695711
605 142.26715386011836
606 138.61440183205573
607 458.77242205526215
608 74.68042771711602
609 651.3564461633342
610 150.0792634747859
611 97.59982245058167
612 233.82992400243774
613 152.32133210742307
614 728.3346983769711
615 198.16205508546392
616 123.75719050683546
617 52.83728449015502
618 779.6330542926825
619 125.91827420336422
620 40.685488958588365
621 17.118474818415873
622 110.97166303197477
623 799.7410530580337
624 800.5288330250819
625 173.48265355169625
626 733.6408721248163
627 797.374016654104
628 113.41278292883752
629 14.13583523013022
630 17.118474818415873
631 22.63876856568403
632 26.88209733863545
633 28.473998693435
634 31.511094714117768
635 33.23173279769905
636 35.77818385173151
637 40.685488958588365
638 48.50592953075598
639 48.83408825186241
640 52.83728449015502
641 52.85927905086532
642 53.868944034767836
643 57.11894359546816
644 58.80158880095143
645 58.95057179251382
646 60.302755299014535
647 61.99151993489778
648 64.18828891082268
649 64.98741292249986
650 66.51649914428646
651 68.14677103519122
652 69.51081421643208
653 73.36966451169893
654 74.24114335695711
655 74.68042771711602
656 76.2457720344689
657 77.76011671166368
658 77.84426317240695
659 51.54376656860794
660 23.15337512217935
661 36.04359155085589
662 518.4276704288287
663 62.73641160539168
664 66.07868662354264
665 713.316108811397
666 61.97258979649018
667 62.736617446949445
668 174.47678181986382
669 19.65046768015505
670 11.959719215163132
671 67.50197743419004
672 88.54152089667969
673 28.329385828796926
674 686.029256843991
675 74.93425172927073
676 49.71105195881389
677 667.1180016859141
678 23.560412881303606
679 1433.727536002101
680 246.45176210670962
681 768.378263130367
682 694.7828166902204
683 1341.9037829693934
684 822.4321401119845
685 683.2400521661941
686 718.9040600202676
687 48.165306626792635
688 204.22903192594467
689 45.74993867416503
690 64.43389792464502
691 51.46718471905308
692 579.334575506411
693 64.77631548842206
694 107.07356499275829
695 762.337068184132
696 717.095081634389
697 128.82097247608016
698 737.0767096612371
699 129.67090771902178
700 21.879490664936228
701 535.7324795501386
702 621.3109866670712
703 11.959719215163132
704 14.13583523013022
705 17.118474818415873
706 19.65046768015505
707 21.879490664936228
708 22.63876856568403
709 23.15337512217935
710 23.560412881303606
711 26.88209733863545
712 28.329385828796926
713 28.473998693435
714 31.511094714117768
715 33.23173279769905
716 35.77818385173151
717 36.04359155085589
718 40.685488958588365
719 45.74993867416503
720 48.165306626792635
721 48.50592953075598
722 48.83408825186241
723 49.71105195881389
724 51.46718471905308
725 51.54376656860794
726 52.83728449015502
727 52.85927905086532
728 53.868944034767836
729 57.11894359546816
730 58.80158880095143
731 58.95057179251382
732 60.302755299014535
733 16.669500442547047
734 58.73970501699245
735 33.98999631222849
736 63.21739123979402
737 11.00168040725545
738 20.62664372648377
739 24.304175510373618
740 116.11522880716264
741 19.87064129765365
742 17.266605788650633
743 25.324588353666414
744 27.3425204171299
745 93.2774285401999
746 29.599577964392335
747 152.87763537400457
748 67.55646100120201
749 138.0903234136635
750 29.84391020587333
751 47.66653832879048
752 88.89691663271465
753 107.51591661622939
754 147.01700225326186
755 75.83901570979674
756 69.75493448095536
757 26.65407982825143
758 33.4575046444869
759 42.51524095186113
760 30.40815276502397
761 16.6436696490537
762 61.318806455637144
763 22.626123320419637
764 83.59836473479609
765 629.7516295884715
766 24.118043630872105
767 27.330324551184432
768 28.568157148384717
769 21.1168852339038
770 37.130892378212565
771 31.98594077523831
772 8.66933487985011
773 1396.460935103326
774 81.31080423042754
775 119.32712359267279
776 677.3727536746071
777 721.1592062308115
778 34.326525889509824
779 63.03790372956244
780 68.92712377630751
781 63.98065758496135
782 86.73805863960564
783 45.995074553997156
784 167.49147337067095
785 685.6534006078748
786 8.66933487985011
787 11.00168040725545
788 11.959719215163132
789 14.13583523013022
790 16.6436696490537
791 16.669500442547047
792 17.118474818415873
793 17.266605788650633
794 19.65046768015505
795 19.87064129765365
796 20.62664372648377
797 21.1168852339038
798 21.879490664936228
799 22.626123320419637
800 22.63876856568403
801 23.15337512217935
802 23.560412881303606
803 24.118043630872105
804 24.304175510373618
805 25.324588353666414
806 26.65407982825143
807 26.88209733863545
808 27.330324551184432
809 27.3425204171299
810 28.329385828796926
811 28.473998693435
812 28.568157148384717
813 29.599577964392335
814 29.84391020587333
815 30.40815276502397
816 23.05148903980294
817 17.577656836937827
818 13.962704072124874
819 23.668447388939065
820 25.874624112331794
821 10.770841761251836
822 10.325010212793332
823 20.22595442722796
824 62.835290984987154
825 31.287219624369946
826 30.938506665370728
827 23.58408649281219
828 55.193577865391106
829 73.57075550877457
830 16.952114158723717
831 24.253168357979582
832 19.08401177918657
833 19.66500990386512
834 16.998966651303306
835 23.222496854924067
836 81.32946347272585
837 90.45887786501736
838 56.549672567968784
839 7.054983415043916
840 12.863944438634116
841 35.543878541526524
842 19.25096424309873
843 62.86966669100065
844 54.98180619347138
845 15.550247395558564
846 64.63011935894275
847 69.65192987574294
848 69.45849023486346
849 14.219545767612416
850 22.01261593651052
851 61.71800884140013
852 165.42713253808418
853 20.739274709788567
854 68.78811814312152
855 14.850397496544302
856 19.77874856764226
857 13.00404271382953
858 25.15113490398935
859 54.349454991400606
860 7.054983415043916
861 8.66933487985011
862 10.325010212793332
863 10.770841761251836
864 11.00168040725545
865 11.959719215163132
866 12.863944438634116
867 13.00404271382953
868 13.962704072124874
869 14.13583523013022
870 14.219545767612416
871 14.850397496544302
872 15.550247395558564
873 16.6436696490537
874 16.669500442547047
875 16.952114158723717
876 16.998966651303306
877 17.118474818415873
878 17.266605788650633
879 17.577656836937827
880 19.08401177918657
881 19.25096424309873
882 19.65046768015505
883 19.66500990386512
884 19.77874856764226
885 19.87064129765365
886 20.22595442722796
887 20.62664372648377
888 20.739274709788567
889 21.1168852339038
890 48.0828756384395
891 24.03914656308464
892 14.345549697672574
893 8.43755384257433
894 17.363024881289952
895 15.147800693185761
896 19.101579988075414
897 52.38284947500483
898 7.615257512671712
899 15.196780417494752
900 18.29221603089418
901 14.585144569534641
902 21.114766347285478
903 9.267078082545728
904 13.450691181239188
905 15.98199877095881
906 93.94125623340601
907 13.681414819459404
908 71.45529313295278
909 18.313564944974534
910 25.366068176894707
911 31.143946461269593
912 8.145375755435243
913 22.16702897652621
914 22.691929820880354
915 21.339360971739705
916 12.308039172326117
917 30.609411505516395
918 20.967184099563656
919 38.51217225523904
920 16.02335605078967
921 22.234949959166478
922 22.20684369383878
923 19.6893374494454
924 23.403741453626303
925 19.652088742002768
926 16.118953865790836
927 17.063800818535768
928 22.379921017020955
929 17.543272612253674
930 27.40951136881705
931 7.054983415043916
932 7.615257512671712
933 8.145375755435243
934 8.43755384257433
935 8.66933487985011
936 9.267078082545728
937 10.325010212793332
938 10.770841761251836
939 11.00168040725545
940 11.959719215163132
941 12.308039172326117
942 12.863944438634116
943 13.00404271382953
944 13.450691181239188
945 13.681414819459404
946 13.962704072124874
947 14.13583523013022
948 14.219545767612416
949 14.345549697672574
950 14.585144569534641
951 14.850397496544302
952 15.147800693185761
953 15.196780417494752
954 15.550247395558564
955 15.98199877095881
956 16.02335605078967
957 16.118953865790836
958 16.6436696490537
959 16.669500442547047
960 16.952114158723717
961 11.007743391877796
962 12.6382590765483
963 8.159511098586677
964 7.05474474139869
965 12.39593466392423
966 18.120356787060736
967 13.115641687151893
968 9.72136910041559
969 9.798257728775747
970 9.259373991691927
971 16.107976023118397
972 7.237309600894193
973 15.03232534612774
974 8.402008744731948
975 14.705738977572166
976 10.93192486054993
977 10.958297354541434
978 20.930024194599074
979 13.848178129580202
980 9.726006877815408
981 12.400956635873154
982 11.393172387218831
983 11.648024045041854
984 13.770307323623243
985 15.952867732177198
986 9.597290417280508
987 8.614922425388695
988 19.790703458000888
989 12.242040858600003
990 8.563117633638043
991 13.496237288314234
992 13.204443067096225
993 23.60610214994254
994 14.263981763000157
995 14.730843440637454
996 13.921010549505628
997 18.83774441278527
998 55.56819951303101
999 53.52856559357552
1000 28.305983198192813
1001 24.885300334947352
1002 43.44678014516859
1003 13.13818509127182
1004 21.990310331836525
1005 21.640619719828077
1006 51.58141701322756
1007 8.654648691712467
1008 16.680830074165506
1009 7.05474474139869
1010 7.054983415043916
1011 7.237309600894193
1012 7.615257512671712
1013 8.145375755435243
1014 8.159511098586677
1015 8.402008744731948
1016 8.43755384257433
1017 8.563117633638043
1018 8.614922425388695
1019 8.654648691712467
1020 8.66933487985011
1021 9.259373991691927
1022 9.267078082545728
1023 9.597290417280508
1024 9.72136910041559
1025 9.726006877815408
1026 9.798257728775747
1027 10.325010212793332
1028 10.770841761251836
1029 10.93192486054993
1030 10.958297354541434
1031 11.00168040725545
1032 11.007743391877796
1033 11.393172387218831
1034 11.648024045041854
1035 11.959719215163132
1036 12.242040858600003
1037 12.308039172326117
1038 12.39593466392423
1039 13.353117320259344
1040 10.763342797246896
1041 10.777223870980016
1042 10.640799605809848
1043 10.842931847357526
1044 15.857761714093332
1045 8.24645892724622
1046 7.073172421694462
1047 11.37806056243006
1048 9.25465408225666
1049 11.289420587979492
1050 10.44043738261697
1051 10.83683517234843
1052 6.107863804645984
1053 8.864135450824449
1054 7.158695501333517
1055 7.548128660582218
1056 8.084428647591697
1057 8.189230382561323
1058 6.039291752415975
1059 10.230020612088126
1060 9.195031139201493
1061 10.46908740852037
1062 8.616036355697911
1063 11.072576555951086
1064 13.66915032706896
1065 12.953529307339455
1066 6.154498866537189
1067 11.052036521691878
1068 14.989125555994445
1069 9.558167255060505
1070 17.704791308405483
1071 7.473795726653291
1072 11.060062607888776
1073 10.286902149162914
1074 11.16298730263273
1075 8.747893215424389
1076 7.647252282482068
1077 12.343583323162095
1078 9.822725645605356
1079 9.568836251558594
1080 9.179349017830923
1081 9.163579866682728
1082 12.338798821415685
1083 8.190889044256364
1084 9.856997943265295
1085 14.986806614348623
1086 9.638174789603092
1087 13.171888276369192
1088 9.548073396149572
1089 8.76753427346253
1090 9.814078877096014
1091 11.425137616046353
1092 18.801511949826914
1093 8.241521118611388
1094 13.011186088319237
1095 10.842649205775416
1096 11.031883279972048
1097 10.890067805936193
1098 6.039291752415975
1099 6.107863804645984
1100 6.154498866537189
1101 7.05474474139869
1102 7.054983415043916
1103 7.073172421694462
1104 7.158695501333517
1105 7.237309600894193
1106 7.473795726653291
1107 7.548128660582218
1108 7.615257512671712
1109 7.647252282482068
1110 8.084428647591697
1111 8.145375755435243
1112 8.159511098586677
1113 8.189230382561323
1114 8.190889044256364
1115 8.241521118611388
1116 8.24645892724622
1117 8.402008744731948
1118 8.43755384257433
1119 8.563117633638043
1120 8.614922425388695
1121 8.616036355697911
1122 8.654648691712467
1123 8.66933487985011
1124 8.747893215424389
1125 8.76753427346253
1126 8.864135450824449
1127 9.163579866682728
1128 7.157088414028946
1129 8.29569432030265
1130 8.486978149383098
1131 7.238738892789396
1132 6.015845199107336
1133 8.607117533365845
1134 8.4305043170237
1135 8.54836524439008
1136 8.544697509763953
1137 6.062310845219197
1138 6.080662490342572
1139 8.499546180194544
1140 8.726672727755599
1141 7.034186581895817
1142 7.030024071794376
1143 8.304031470787818
1144 7.101387360216408
1145 7.0485532275522935
1146 7.175396551163024
1147 7.154287714498106
1148 7.139696825733082
1149 9.527099700668902
1150 9.637825656790135
1151 9.529305156849492
1152 10.880036030650338
1153 7.306900459791984
1154 8.4003689020354
1155 7.254643563612233
1156 10.06260626507995
1157 7.4147429377368805
1158 7.571601720906356
1159 7.440932109640189
1160 7.604865309496212
1161 7.63312520121241
1162 10.03017492892839
1163 7.669269690272615
1164 8.078084777147566
1165 10.924373798574445
1166 8.209680575253557
1167 8.090760060716212
1168 8.250365996996255
1169 8.135883702092876
1170 9.697599941622709
1171 6.046768407793962
1172 8.60101991973634
1173 6.015845199107336
1174 6.039291752415975
1175 6.046768407793962
1176 6.062310845219197
1177 6.080662490342572
1178 6.107863804645984
1179 6.154498866537189
1180 7.030024071794376
1181 7.034186581895817
1182 7.0485532275522935
1183 7.05474474139869
1184 7.054983415043916
1185 7.073172421694462
1186 7.101387360216408
1187 7.139696825733082
1188 7.154287714498106
1189 7.157088414028946
1190 7.158695501333517
1191 7.175396551163024
1192 7.237309600894193
1193 7.238738892789396
1194 7.254643563612233
1195 7.306900459791984
1196 7.4147429377368805
1197 7.440932109640189
1198 7.473795726653291
1199 7.548128660582218
1200 7.571601720906356
1201 7.604865309496212
1202 7.615257512671712
1203 6.019457238810646
1204 6.0137543910068105
1205 6.014477270747305
1206 6.019800325747957
1207 6.01375610709051
1208 6.047902940799176
1209 6.02819246544006
1210 6.031206114735666
1211 6.049770472758903
1212 6.031129606191415
1213 6.054817863692076
1214 6.0365434461748935
1215 6.031331453776619
1216 6.066906566143385
1217 6.054741032897612
1218 6.080371884006421
1219 6.067412978965674
1220 6.108033323535951
1221 6.09796872029262
1222 6.108333268739248
1223 6.0808716126719915
1224 8.48975350824516
1225 6.090494701399502
1226 8.509106149633165
1227 8.498446014007898
1228 6.145540776791705
1229 8.56611482830963
1230 6.1810791399411285
1231 6.14945715312313
1232 7.029969248666789
1233 7.038845267248497
1234 7.057086862061014
1235 8.243616590018192
1236 7.055194654890984
1237 7.078211657166204
1238 7.124534059115943
1239 7.1109265319323445
1240 7.168837227807194
1241 7.146771869403811
1242 8.318744575139586
1243 7.188188535533614
1244 7.211446089076837
1245 7.248262459003756
1246 8.42958256932337
1247 6.0137543910068105
1248 6.01375610709051
1249 6.014477270747305
1250 6.015845199107336
1251 6.019457238810646
1252 6.019800325747957
1253 6.02819246544006
1254 6.031129606191415
1255 6.031206114735666
1256 6.031331453776619
1257 6.0365434461748935
1258 6.039291752415975
1259 6.046768407793962
1260 6.047902940799176
1261 6.049770472758903
1262 6.054741032897612
1263 6.054817863692076
1264 6.062310845219197
1265 6.066906566143385
1266 6.067412978965674
1267 6.080371884006421
1268 6.080662490342572
1269 6.0808716126719915
1270 6.090494701399502
1271 6.09796872029262
1272 6.107863804645984
1273 6.108033323535951
1274 6.108333268739248
1275 6.145540776791705
1276 6.14945715312313
evaluations raw_y
1 170.5225742499749
2 103.65339715774547
3 134.2209977417463
4 175.7243296419315
5 612.1084594130276
6 215.34296229580238
7 548.6964605949139
8 69.90408754267267
9 730.1255550116011
10 176.67102659429122
11 104.19769299685778
12 161.0864158606903
13 120.24473933531968
14 134.18674944107647
15 284.0625461693718
16 154.8995307150599
17 68.70547009162615
18 598.6251126721147
19 206.42183947276945
20 141.1680684852559
21 115.01527149831264
22 803.8357322481856
23 286.7215550398616
24 195.76541102457315
25 177.81463719969003
26 108.39907393363711
27 612.9527102413107
28 87.56341558085711
29 263.11375614722357
30 152.9118599016784
31 1230.5559988341206
32 2690.636943869109
33 1424.674373895359
34 83.8341758610214
35 1359.0888297043089
36 1458.6986545651328
37 777.9059337929784
38 2075.778280739871
39 1405.8262708533443
40 2061.6558030504702
41 2601.5393615806665
42 2045.3805085740291
43 797.6034408791312
44 1461.5635029302236
45 797.824104807551
46 2662.657858095139
47 738.2303396251355
48 735.5012026610713
49 1398.6793222812128
50 741.7063736786695
51 1404.7100553046948
52 1373.0552829386204
53 2666.7972081015837
54 773.3842698887876
55 1437.1131921231704
56 768.3850629948706
57 2072.008578857138
58 2002.6648518710463
59 1345.3868710735894
60 814.0777943351652
61 2032.1412785072437
62 140.5034616349104
63 1429.6296219648007
64 1413.1069460135293
65 743.5124573644463
66 1402.2892770645078
67 2061.6558030504702
68 1519.531458526944
69 2693.6819841361394
70 1397.781173315101
71 1491.861061028486
72 1389.147979824037
73 1486.8217270867638
74 747.4316045638865
75 137.6635512714846
76 2061.65580305047
77 765.4879889204389
78 712.6617554788617
79 799.2446778132353
80 1352.7412986568736
81 2032.1507631095046
82 779.1774177984162
83 2693.6819841361394
84 2061.6558030504702
85 136.05152822826045
86 808.2612216466366
87 739.6430652116073
88 1481.7349094880383
89 813.8181607482932
90 2061.6558030504702
91 2037.069693206248
92 1406.9224408420484
93 1429.6296219648007
94 829.4442610543468
95 1414.0124622819155
96 1445.8367608631002
97 758.7198452884426
98 85.39374554513557
99 765.7154254528933
100 2707.0998130082653
101 797.6034408791311
102 723.4068777179455
103 805.1973382408299
104 795.8953724149383
105 2662.589456817751
106 135.98702868132563
107 2693.6819841361394
108 734.4144351187498
109 747.4873278999429
110 1429.6296219648007
111 1397.5141700061083
112 714.6069130713877
113 1404.634675399352
114 1400.182314145206
115 2009.4652733389821
116 119.03060016513169
117 769.1585133350361
118 746.8520582924587
119 114.51945994638535
120 165.57762970074836
121 1429.6678857717668
122 2070.7018360705706
123 1400.0584083873061
124 776.7203704138399
125 1932.495511840546
126 1443.8350509164384
127 2044.9385554025957
128 813.8862308017628
129 68.70547009162615
130 69.90408754267267
131 83.8341758610214
132 85.39374554513557
133 87.56341558085711
134 103.65339715774547
135 104.19769299685778
136 108.39907393363711
137 114.51945994638535
138 115.01527149831264
139 119.03060016513169
140 120.24473933531968
141 134.18674944107647
142 134.2209977417463
143 135.98702868132563
144 136.05152822826045
145 137.6635512714846
146 140.5034616349104
147 141.1680684852559
148 152.9118599016784
149 154.8995307150599
150 161.0864158606903
151 165.57762970074836
152 170.5225742499749
153 175.7243296419315
154 176.67102659429122
155 177.81463719969003
156 195.76541102457315
157 206.42183947276945
158 215.34296229580238
159 713.3119431997609
160 134.5434479415291
161 1397.5141700061083
162 779.6142680154744
163 1210.052448225253
164 1977.2590449937386
165 1351.0944651157379
166 2084.5421377120138
167 760.2945708672246
168 1348.005819738221
169 770.3683795863726
170 772.9610317258706
171 782.7895852021207
172 775.048775450575
173 821.5143244578559
174 833.2585461531935
175 1384.2177403815135
176 2073.9289680116067
177 1421.2946090888745
178 1375.0076204474042
179 1429.6296219648007
180 1528.0450775431868
181 1405.1895899864085
182 801.3041049892754
183 797.6034408791312
184 1366.4374126400216
185 865.0950164181756
186 172.23392701601512
187 1343.7126831978824
188 2077.4546128656266
189 76.0712929713448
190 1461.9167393090638
191 2061.8081924876446
192 1422.0088572513023
193 1403.4018526269347
194 889.9766820763339
195 769.3637690703051
196 701.4933692830689
197 775.964019045335
198 793.4989905300794
199 771.1171092097178
200 109.13162359973387
201 1394.44715370125
202 1872.8945368132595
203 1137.0336004033647
204 2077.7500545639373
205 138.27921500687813
206 766.6465106611746
207 775.6825697972822
208 146.35701437067223
209 774.991947265637
210 846.4077697635971
211 1521.9149217456084
212 769.8554834058363
213 1437.350710818249
214 1437.241853971962
215 797.6034408791311
216 745.8607606873213
217 127.64787161315836
218 1382.142144248086
219 797.6034408791311
220 139.42353528556382
221 822.7560747473187
222 84.12246804586258
223 2037.0738456094043
224 773.6479270060964
225 68.70547009162615
226 69.90408754267267
227 76.0712929713448
228 83.8341758610214
229 84.12246804586258
230 85.39374554513557
231 87.56341558085711
232 103.65339715774547
233 104.19769299685778
234 108.39907393363711
235 109.13162359973387
236 114.51945994638535
237 115.01527149831264
238 119.03060016513169
239 120.24473933531968
240 127.64787161315836
241 134.18674944107647
242 134.2209977417463
243 134.5434479415291
244 135.98702868132563
245 136.05152822826045
246 137.6635512714846
247 138.27921500687813
248 139.42353528556382
249 140.5034616349104
250 141.1680684852559
251 146.35701437067223
252 152.9118599016784
253 154.8995307150599
254 161.0864158606903
255 1957.0103343804833
256 117.4502005196361
257 793.0357820545324
258 2037.2015194371324
259 798.1675344954477
260 2039.5311246777428
261 1375.8974509219054
262 766.5495549542278
263 761.8273784992673
264 189.89561252446225
265 760.859041276041
266 2036.9414458425836
267 113.89790453223532
268 1429.6296219648007
269 1464.0934356822684
270 1348.6422020368318
271 2061.6558030504702
272 712.2614797102761
273 84.15302330277129
274 178.10332055020268
275 1401.368570662469
276 53.83712333055291
277 776.8891713269802
278 772.709300196621
279 1414.1994896118795
280 1227.1307982256521
281 1397.5141700061083
282 2001.098563514674
283 134.54327994948923
284 771.9700072142816
285 763.7976797841667
286 769.917277893441
287 182.25565007987217
288 1929.3238735184636
289 83.4983643637411
290 1930.7249604922456
291 826.4663042468705
292 58.61428300614234
293 175.13269911563913
294 2061.6558030504702
295 782.675000339434
296 1495.6472165481975
297 814.8990042735387
298 735.8561167182588
299 1421.0008778996212
300 76.08055073051352
301 1382.3320798686766
302 1350.302170778639
303 103.9631939951299
304 1403.3039601311368
305 875.0341452762162
306 881.2405183847949
307 766.5548019108697
308 197.67601926358765
309 196.47395783796685
310 86.43252612438194
311 762.217852003328
312 53.83712333055291
313 58.61428300614234
314 68.70547009162615
315 69.90408754267267
316 76.0712929713448
317 76.08055073051352
318 83.4983643637411
319 83.8341758610214
320 84.12246804586258
321 84.15302330277129
322 85.39374554513557
323 86.43252612438194
324 87.56341558085711
325 103.65339715774547
326 103.9631939951299
327 104.19769299685778
328 108.39907393363711
329 109.13162359973387
330 113.89790453223532
331 114.51945994638535
332 115.01527149831264
333 117.4502005196361
334 119.03060016513169
335 120.24473933531968
336 127.64787161315836
337 134.18674944107647
338 134.2209977417463
339 134.54327994948923
340 134.5434479415291
341 135.98702868132563
342 1422.134007226402
343 1356.157583445334
344 1405.0814433004277
345 1354.416308389435
346 104.9492579197652
347 1133.0807928257013
348 805.0868228449256
349 1811.3546542723625
350 770.6098007502125
351 1651.4499876005536
352 1451.6578914452268
353 121.04481016430981
354 1463.8101159788023
355 1378.7746712559929
356 743.288650908597
357 107.00340018429681
358 802.3631885176665
359 99.35981161622328
360 1344.3317357544609
361 741.433167501227
362 713.9467995390665
363 782.5904813668715
364 2016.9585930726962
365 778.6281219702448
366 947.8584521926693
367 793.8951928576237
368 773.6406594956504
369 755.9393399490674
370 1469.167147659628
371 87.97728810780602
372 1337.6505374895362
373 146.91266187252643
374 858.5355423570772
375 106.69139376772627
376 801.4339833680493
377 717.9577424220752
378 213.87999218325479
379 1374.2283543390038
380 757.617044291081
381 120.67399254657819
382 190.18603659696194
383 1384.2127375478863
384 142.51234920639817
385 106.58678331881002
386 124.23121163618018
387 1427.8457327470892
388 1429.6296219648007
389 198.18519829358192
390 790.9637054046858
391 1429.6296219648007
392 713.7029155380826
393 1400.183240088485
394 751.0053458228568
395 53.83712333055291
396 58.61428300614234
397 68.70547009162615
398 69.90408754267267
399 76.0712929713448
400 76.08055073051352
401 83.4983643637411
402 83.8341758610214
403 84.12246804586258
404 84.15302330277129
405 85.39374554513557
406 86.43252612438194
407 87.56341558085711
408 87.97728810780602
409 99.35981161622328
410 103.65339715774547
411 103.9631939951299
412 104.19769299685778
413 104.9492579197652
414 106.58678331881002
415 106.69139376772627
416 107.00340018429681
417 108.39907393363711
418 109.13162359973387
419 113.89790453223532
420 114.51945994638535
421 115.01527149831264
422 117.4502005196361
423 119.03060016513169
424 120.24473933531968
425 695.7114491705654
426 766.5077377894503
427 1414.7875409566482
428 804.9132696114684
429 205.87259358770632
430 754.9905988251755
431 2057.5973979230876
432 766.8065467466897
433 766.1600478640476
434 1370.5846437766693
435 782.0788072983323
436 1401.7589899247732
437 807.3253385948055
438 2036.712680744044
439 832.316768132637
440 1273.8338338533326
441 741.5177893751431
442 785.6618931038222
443 1448.3702109151748
444 826.1853636127544
445 718.2601025664434
446 796.4009852606418
447 88.8249831678136
448 1372.804756625836
449 801.4497341904853
450 27.8331941243893
451 742.8209492159262
452 781.4518408609003
453 2003.2843669066442
454 817.3144148118438
455 54.826873813380224
456 1519.6542824207368
457 234.4236440983897
458 1409.4568560064458
459 1367.4959601376595
460 2029.5403510917777
461 818.6392670586642
462 225.21289069481153
463 125.16574348597038
464 158.5179567577113
465 822.6149817325335
466 159.92230002834108
467 1399.138926978172
468 148.9302325394541
469 27.8331941243893
470 53.83712333055291
471 54.826873813380224
472 58.61428300614234
473 68.70547009162615
474 69.90408754267267
475 76.0712929713448
476 76.08055073051352
477 83.4983643637411
478 83.8341758610214
479 84.12246804586258
480 84.15302330277129
481 85.39374554513557
482 86.43252612438194
483 87.56341558085711
484 87.97728810780602
485 88.8249831678136
486 99.35981161622328
487 103.65339715774547
488 103.9631939951299
489 104.19769299685778
490 104.9492579197652
491 106.58678331881002
492 106.69139376772627
493 107.00340018429681
494 108.39907393363711
495 109.13162359973387
496 113.89790453223532
497 114.51945994638535
498 115.01527149831264
499 684.6889409368481
500 1837.5252111240147
501 108.58203520024287
502 798.8455532165879
503 701.2570850030542
504 778.4134914341273
505 1345.5903359881904
506 720.4954213583666
507 1274.9360515252763
508 1426.2939458229357
509 748.9301818955561
510 1369.7938272497713
511 1373.4633666351256
512 52.78879933620745
513 828.7390780165172
514 235.83002725388712
515 1459.3202658937616
516 1401.3938379449487
517 122.04315405926542
518 83.55185864488797
519 1342.343094589995
520 703.30605374674
521 1428.8984212761138
522 813.3502139428062
523 750.9130401976332
524 94.59865506508636
525 742.5178236416034
526 840.3181797236642
527 789.8302024079893
528 726.914238714603
529 206.49081151287095
530 27.8331941243893
531 52.78879933620745
532 53.83712333055291
533 54.826873813380224
534 58.61428300614234
535 68.70547009162615
536 69.90408754267267
537 76.0712929713448
538 76.08055073051352
539 83.4983643637411
540 83.55185864488797
541 83.8341758610214
542 84.12246804586258
543 84.15302330277129
544 85.39374554513557
545 86.43252612438194
546 87.56341558085711
547 87.97728810780602
548 88.8249831678136
549 94.59865506508636
550 99.35981161622328
551 103.65339715774547
552 103.9631939951299
553 104.19769299685778
554 104.9492579197652
555 106.58678331881002
556 106.69139376772627
557 107.00340018429681
558 108.39907393363711
559 108.58203520024287
560 1485.8051491521592
561 21.655250535983335
562 80.39310742016802
563 61.3729628613964
564 125.3217937209487
565 684.538304511894
566 99.36109108017072
567 205.3973886645416
568 1487.042434128026
569 665.2158940036877
570 1372.0513832484921
571 802.4061496403602
572 98.37044758942051
573 1339.5003183308468
574 22.551533749253508
575 161.44861460138696
576 737.0586130702807
577 802.2722112458454
578 161.12438862519443
579 743.8713886399314
580 1380.7452645436842
581 178.4327818102863
582 773.3583971419986
583 50.50300622447158
584 872.4097870141763
585 1365.4064778768602
586 129.96652226165023
587 740.1869460905126
588 657.664005316305
589 791.6509501002072
590 70.33774510014626
591 122.33668604339155
592 69.5866086233206
593 813.3872950466848
594 122.25571374092925
595 21.655250535983335
596 22.551533749253508
597 27.8331941243893
598 50.50300622447158
599 52.78879933620745
600 53.83712333055291
601 54.826873813380224
602 58.61428300614234
603 61.3729628613964
604 68.70547009162615
605 69.5866086233206
606 69.90408754267267
607 70.33774510014626
608 76.0712929713448
609 76.08055073051352
610 80.39310742016802
611 83.4983643637411
612 83.55185864488797
613 83.8341758610214
614 84.12246804586258
615 84.15302330277129
616 85.39374554513557
617 86.43252612438194
618 87.56341558085711
619 87.97728810780602
620 88.8249831678136
621 94.59865506508636
622 98.37044758942051
623 99.35981161622328
624 99.36109108017072
625 107.67407889261754
626 219.69167571196132
627 14.879161777248942
628 718.5639106092099
629 161.80813660373673
630 690.7310491935257
631 1301.6753031878234
632 691.8802683211169
633 1344.4291502862573
634 88.39861494260319
635 61.929864056853674
636 80.8063644289816
637 704.2468620787367
638 788.1044438015499
639 47.82247237295135
640 154.0901081383093
641 115.62769453327277
642 61.742183884161165
643 736.3080063766952
644 716.0830858269636
645 51.841027664500544
646 79.50730697627219
647 714.5683111593196
648 49.51261787080897
649 197.9470332942228
650 45.80464776126113
651 790.286573732641
652 710.9372178090124
653 724.1980468126576
654 93.76961135995107
655 110.34867446033715
656 786.133218253116
657 780.644979689221
658 777.644541894889
659 116.34589077252048
660 14.879161777248942
661 21.655250535983335
662 22.551533749253508
663 27.8331941243893
664 45.80464776126113
665 47.82247237295135
666 49.51261787080897
667 50.50300622447158
668 51.841027664500544
669 52.78879933620745
670 53.83712333055291
671 54.826873813380224
672 58.61428300614234
673 61.3729628613964
674 61.742183884161165
675 61.929864056853674
676 68.70547009162615
677 69.5866086233206
678 69.90408754267267
679 70.33774510014626
680 76.0712929713448
681 76.08055073051352
682 79.50730697627219
683 80.39310742016802
684 80.8063644289816
685 83.4983643637411
686 83.55185864488797
687 83.8341758610214
688 84.12246804586258
689 84.15302330277129
690 57.42096152372778
691 105.48979828006158
692 77.52941302223981
693 23.913704599785845
694 92.8587293928866
695 813.9400775897325
696 131.2651081459421
697 117.60744764488044
698 53.43702583433874
699 1441.6328258812628
700 131.40236329741066
701 767.8773462161736
702 764.0038817922012
703 105.44157694497795
704 67.02752773593758
705 110.90063441249626
706 187.0932746841255
707 92.20266745346323
708 63.01986078568346
709 474.2468498788891
710 143.36535286841325
711 81.45975017837061
712 97.94934713297327
713 711.315262018641
714 179.95301650705744
715 248.34018141171524
716 198.7191252251949
717 131.37178946384236
718 113.5089852651516
719 794.5317586983733
720 207.63535775670672
721 719.6858206412795
722 819.6906716544472
723 49.035895391190486
724 129.71970635896537
725 197.43236413305567
726 87.38306061128328
727 766.3821391993704
728 629.8362946104717
729 83.56208177805031
730 14.879161777248942
731 21.655250535983335
732 22.551533749253508
733 23.913704599785845
734 27.8331941243893
735 45.80464776126113
736 47.82247237295135
737 49.035895391190486
738 49.51261787080897
739 50.50300622447158
740 51.841027664500544
741 52.78879933620745
742 53.43702583433874
743 53.83712333055291
744 54.826873813380224
745 57.42096152372778
746 58.61428300614234
747 61.3729628613964
748 61.742183884161165
749 61.929864056853674
750 63.01986078568346
751 67.02752773593758
752 68.70547009162615
753 69.5866086233206
754 69.90408754267267
755 70.33774510014626
756 76.0712929713448
757 76.08055073051352
758 77.52941302223981
759 79.50730697627219
760 27.351568264697306
761 104.6071488603875
762 59.672540682287725
763 54.01902033368316
764 58.10854733922739
765 23.851155973055008
766 79.902619825412
767 58.2959901057648
768 130.08094806399333
769 728.1473320986493
770 56.91343875940079
771 161.36110183107292
772 68.07488755862653
773 24.91423416537018
774 67.63504119521264
775 106.35904495597985
776 684.5942409852303
777 68.09441694036005
778 216.38644775414636
779 22.610784292540373
780 85.44452347754986
781 86.18740618712376
782 54.51277085578242
783 722.7153790807515
784 95.4606830047166
785 751.5279890488324
786 127.32256758666155
787 134.4376889919915
788 753.9818174026597
789 201.55924164680766
790 101.42947734940432
791 100.50412630022997
792 70.39751338755232
793 128.54249213225057
794 69.1900526731144
795 639.2672169895416
796 81.61477254039308
797 95.61815797978929
798 58.48662676403478
799 123.23108435594483
800 135.3580316621816
801 46.44775283707278
802 51.986477686495576
803 556.9126067457826
804 14.879161777248942
805 21.655250535983335
806 22.551533749253508
807 22.610784292540373
808 23.851155973055008
809 23.913704599785845
810 24.91423416537018
811 27.351568264697306
812 27.8331941243893
813 45.80464776126113
814 46.44775283707278
815 47.82247237295135
816 49.035895391190486
817 49.51261787080897
818 50.50300622447158
819 51.841027664500544
820 51.986477686495576
821 52.78879933620745
822 53.43702583433874
823 53.83712333055291
824 54.01902033368316
825 54.51277085578242
826 54.826873813380224
827 56.91343875940079
828 57.42096152372778
829 58.10854733922739
830 58.2959901057648
831 58.48662676403478
832 58.61428300614234
833 59.672540682287725
834 13.958880952668853
835 56.253973127178384
836 102.66387375046476
837 19.89920181339663
838 68.35781624352828
839 20.978644044446135
840 113.96672626430903
841 21.142825199906536
842 526.0373926585064
843 60.35378620367956
844 55.80990830800559
845 674.8935371858024
846 41.84766164648434
847 105.39714032615689
848 25.6465659761374
849 7.623919348752823
850 109.21033922211798
851 27.27720947050453
852 14.229144884941427
853 11.350552065209772
854 548.8446105997559
855 17.784246587582107
856 25.35589657901818
857 21.881164464535548
858 21.207740462844406
859 52.48749331369346
860 133.56386813321066
861 60.06351898333802
862 81.0437047914172
863 67.41095974730706
864 79.00586014687613
865 187.9072687245547
866 61.09640605593778
867 85.86981444148131
868 62.63226168076092
869 65.55616048137206
870 771.3565049856473
871 97.0086651782494
872 7.623919348752823
873 11.350552065209772
874 13.958880952668853
875 14.229144884941427
876 14.879161777248942
877 17.784246587582107
878 19.89920181339663
879 20.978644044446135
880 21.142825199906536
881 21.207740462844406
882 21.655250535983335
883 21.881164464535548
884 22.551533749253508
885 22.610784292540373
886 23.851155973055008
887 23.913704599785845
888 24.91423416537018
889 25.35589657901818
890 25.6465659761374
891 27.27720947050453
892 27.351568264697306
893 27.8331941243893
894 41.84766164648434
895 45.80464776126113
896 46.44775283707278
897 47.82247237295135
898 49.035895391190486
899 49.51261787080897
900 50.50300622447158
901 51.841027664500544
902 17.34429046648875
903 12.740223274795676
904 20.61537911529542
905 12.302591633580114
906 12.543758141804767
907 10.205528273637839
908 22.52662562337968
909 9.747261913612748
910 12.930286698137976
911 22.52916952862809
912 18.602500084065138
913 29.389845551521933
914 26.207103923177367
915 14.522106957802988
916 25.781324846850417
917 17.080043247419116
918 21.118703425891184
919 58.96599808610858
920 8.32284071909016
921 67.31026495717708
922 63.29281813677866
923 19.741659154994174
924 18.05496595519473
925 25.05173940133385
926 52.21915940378634
927 78.98509706004167
928 16.719981703312474
929 19.180837353802357
930 18.37391280951751
931 25.62017004245808
932 13.36450879371571
933 24.55231851466341
934 67.3764852468226
935 59.00144350430962
936 17.14356594685107
937 24.105402974136943
938 58.00926927969007
939 19.674116137124845
940 29.40041269304127
941 18.737050139017093
942 16.77409214673145
943 22.779406781537723
944 127.20749190486974
945 48.76844779302232
946 33.056751179842664
947 31.619625353493017
948 30.882131212026074
949 15.695463948039855
950 24.057364983615646
951 60.68905926013317
952 78.00008104561745
953 26.747675945314512
954 33.14698579151114
955 19.995677505733166
956 23.1936632812918
957 30.557112316280424
958 29.78110152467817
959 67.41910811361437
960 18.256051075596886
961 27.90358657847622
962 71.49310179851585
963 77.95171146736
964 134.17437588040968
965 71.15101819147043
966 64.07170901433292
967 16.305098830431948
968 64.15686094551519
969 37.62963464792839
970 7.623919348752823
971 8.32284071909016
972 9.747261913612748
973 10.205528273637839
974 11.350552065209772
975 12.302591633580114
976 12.543758141804767
977 12.740223274795676
978 12.930286698137976
979 13.36450879371571
980 13.958880952668853
981 14.229144884941427
982 14.522106957802988
983 14.879161777248942
984 15.695463948039855
985 16.305098830431948
986 16.719981703312474
987 16.77409214673145
988 17.080043247419116
989 17.14356594685107
990 17.34429046648875
991 17.784246587582107
992 18.05496595519473
993 18.256051075596886
994 18.37391280951751
995 18.602500084065138
996 18.737050139017093
997 19.180837353802357
998 19.674116137124845
999 19.741659154994174
1000 10.228538372715196
1001 7.120468577525569
1002 11.041299644451279
1003 10.89259040023926
1004 12.011680147778225
1005 13.722024679399784
1006 12.43991043382566
1007 8.360761620975126
1008 7.055216273775677
1009 13.346211396035882
1010 9.81746326251426
1011 11.119169719809335
1012 7.418160563495462
1013 19.464674878903992
1014 16.26152343084599
1015 11.346346642412088
1016 7.501940353752726
1017 11.047976719235924
1018 8.79389457793253
1019 12.062794178983125
1020 15.325581354690339
1021 21.538636908758708
1022 7.6598998326068415
1023 10.15446337798143
1024 15.179755831377085
1025 7.5670492027760075
1026 16.3994739918163
1027 16.345715114635045
1028 19.338765146215373
1029 18.95041587993554
1030 15.54095023424712
1031 12.232507522973423
1032 10.36266043268827
1033 19.22651472232078
1034 16.00917184554932
1035 17.796104439369827
1036 12.241361769578125
1037 24.88618260569372
1038 22.117399353341543
1039 56.2588004814058
1040 15.806236135675027
1041 52.357302310574156
1042 15.067153654413312
1043 42.90801237516216
1044 7.055216273775677
1045 7.120468577525569
1046 7.418160563495462
1047 7.501940353752726
1048 7.5670492027760075
1049 7.623919348752823
1050 7.6598998326068415
1051 8.32284071909016
1052 8.360761620975126
1053 8.79389457793253
1054 9.747261913612748
1055 9.81746326251426
1056 10.15446337798143
1057 10.205528273637839
1058 10.228538372715196
1059 10.36266043268827
1060 10.89259040023926
1061 11.041299644451279
1062 11.047976719235924
1063 11.119169719809335
1064 11.346346642412088
1065 11.350552065209772
1066 12.011680147778225
1067 12.062794178983125
1068 12.232507522973423
1069 12.241361769578125
1070 12.302591633580114
1071 12.43991043382566
1072 12.543758141804767
1073 12.740223274795676
1074 9.34697697115692
1075 7.23641426500118
1076 8.232055809436073
1077 9.281559352724894
1078 9.37193793362642
1079 10.609987104525404
1080 6.118597445398286
1081 10.673841713720204
1082 8.573684425301975
1083 9.657277907178534
1084 14.3878600401465
1085 13.5103177689545
1086 7.63204797545824
1087 7.484125434407021
1088 7.418242682644355
1089 7.404469469451197
1090 9.936316794261327
1091 10.01381147862917
1092 12.565013815194241
1093 7.643546727010216
1094 20.218144912073818
1095 9.706005389327771
1096 11.283473825795316
1097 11.200641121373229
1098 15.814930159412567
1099 9.95421682165526
1100 10.028241481753406
1101 7.655295858489744
1102 7.620025232522473
1103 9.65320430235691
1104 10.5472658735508
1105 8.110450382904848
1106 11.255310700509
1107 11.477890952265012
1108 15.333376318156635
1109 10.05331270688603
1110 10.159441604667315
1111 8.556395263819992
1112 9.69569200932713
1113 9.432973180157347
1114 16.826117228687163
1115 8.472687999793628
1116 10.25717244469868
1117 12.974433756492608
1118 16.436328310189257
1119 17.080907378104307
1120 16.079362785030487
1121 9.913942119835543
1122 11.530531217264613
1123 11.003213252801915
1124 6.169712464743474
1125 11.121173212395318
1126 11.390219967841736
1127 11.243354077566979
1128 13.525156624598003
1129 12.27447137054947
1130 6.118597445398286
1131 6.169712464743474
1132 7.055216273775677
1133 7.120468577525569
1134 7.23641426500118
1135 7.404469469451197
1136 7.418160563495462
1137 7.418242682644355
1138 7.484125434407021
1139 7.501940353752726
1140 7.5670492027760075
1141 7.620025232522473
1142 7.623919348752823
1143 7.63204797545824
1144 7.643546727010216
1145 7.655295858489744
1146 7.6598998326068415
1147 8.110450382904848
1148 8.232055809436073
1149 8.32284071909016
1150 8.360761620975126
1151 8.472687999793628
1152 8.556395263819992
1153 8.573684425301975
1154 8.79389457793253
1155 9.281559352724894
1156 9.34697697115692
1157 9.37193793362642
1158 9.432973180157347
1159 9.65320430235691
1160 6.064990330965923
1161 6.059417853845765
1162 6.073760997103367
1163 7.322329724700934
1164 7.212455754179659
1165 6.172097770968465
1166 8.96832889371227
1167 11.957475974607872
1168 11.899533295994553
1169 7.130795165374017
1170 9.35753049565898
1171 8.213711756787122
1172 7.08465989117207
1173 7.270966587911808
1174 7.080142231279061
1175 11.06123028436448
1176 7.131850942924483
1177 7.294387041075694
1178 7.377731924105836
1179 7.565789943151124
1180 7.5521035366043465
1181 15.123350719631803
1182 7.468801659760082
1183 14.249130015349117
1184 7.573309113391298
1185 8.652434586786368
1186 7.567726425042843
1187 10.107533976054263
1188 9.838735913532744
1189 7.526350254547596
1190 7.635804535150368
1191 5.0
1192 7.457939853786119
1193 9.926699790357912
1194 10.123139414283278
1195 7.454511403384753
1196 10.077074754630704
1197 7.541856694081028
1198 11.0174136855713
1199 7.540584550202055
1200 7.554565247217677
1201 7.653751024906937
1202 7.561960561927979
1203 7.656233584990115
1204 7.645383979928955
1205 7.667491364984857
1206 10.094834889189567
1207 10.574646111881936
1208 8.271140587974516
1209 8.296501678576437
1210 8.156380732946289
1211 9.542362722808322
1212 11.544655815595922
1213 8.602256410351364
1214 6.074244933247422
1215 6.016346715977396
1216 8.750246836156101
1217 5.0
1218 6.016346715977396
1219 6.059417853845765
1220 6.064990330965923
1221 6.073760997103367
1222 6.074244933247422
1223 6.118597445398286
1224 6.169712464743474
1225 6.172097770968465
1226 7.055216273775677
1227 7.080142231279061
1228 7.08465989117207
1229 7.120468577525569
1230 7.130795165374017
1231 7.131850942924483
1232 7.212455754179659
1233 7.23641426500118
1234 7.270966587911808
1235 7.294387041075694
1236 7.322329724700934
1237 7.377731924105836
1238 7.404469469451197
1239 7.418160563495462
1240 7.418242682644355
1241 7.454511403384753
1242 7.457939853786119
1243 7.468801659760082
1244 7.484125434407021
1245 7.501940353752726
1246 7.526350254547596
1247 7.404488194817292
1248 7.401155017931101
1249 9.826104826321599
1250 7.391204327635564
1251 9.785406824705364
1252 6.015828494363276
1253 6.016798355113099
1254 6.042525954720263
1255 6.041812871343943
1256 6.072374101113523
1257 6.084842552476732
1258 6.083842315406321
1259 6.088375663996278
1260 6.050636847401947
1261 6.084652773478782
1262 6.116889274067493
1263 6.105396005550148
1264 6.15802431742155
1265 6.170685236522829
1266 6.153525718032326
1267 8.56877387806345
1268 5.0
1269 6.015828494363276
1270 6.016346715977396
1271 6.016798355113099
1272 6.041812871343943
1273 6.042525954720263
1274 6.050636847401947
1275 6.059417853845765
1276 6.064990330965923
1277 6.072374101113523
1278 6.073760997103367
1279 6.074244933247422
1280 6.083842315406321
1281 6.084652773478782
1282 6.084842552476732
1283 6.088375663996278
1284 6.105396005550148
1285 6.116889274067493
1286 6.118597445398286
1287 6.153525718032326
1288 6.15802431742155
1289 6.169712464743474
1290 6.170685236522829
1291 6.172097770968465
1292 7.055216273775677
1293 7.080142231279061
1294 7.08465989117207
1295 7.120468577525569
1296 7.130795165374017
1297 7.131850942924483
evaluations raw_y
1 44.698814961278686
2 75.8893305572288
3 155.22590617925164
4 81.76781068205526
5 173.22550086569098
6 163.81144658237767
7 55.84683942206398
8 63.564729527794256
9 584.7882085549687
10 469.2421097153273
11 67.88484847761474
12 1335.928161218851
13 73.61408780266095
14 684.5318763863418
15 28.638037014465244
16 59.46312244458574
17 54.298543144286
18 658.8119302525349
19 115.97690813546981
20 99.59824896808203
21 153.24567255708715
22 133.6631340143269
23 87.73660458572107
24 63.606960550854886
25 162.9704545315458
26 102.9520585381747
27 116.21341628918162
28 754.8679412589353
29 130.18106352228168
30 110.74443097578215
31 143.2746982494322
32 179.5865866975633
33 1447.1392996440702
34 794.9923404401421
35 77.92506153277152
36 2024.0187223614907
37 1439.3759285159597
38 1429.6296219648007
39 1429.6296219648007
40 2067.5857896144744
41 127.71578658267332
42 2669.4201591517035
43 1350.2663342890264
44 2052.0476152575498
45 2061.65580305047
46 1429.930460298392
47 1502.4827374315778
48 1334.4179886135662
49 100.92344105868034
50 2693.6819841361394
51 766.5364170087648
52 133.46180783476925
53 772.7926915141524
54 2002.5547039541113
55 1348.3754693902324
56 2710.0862920561317
57 3325.708165221809
58 770.6675419364606
59 1343.0652817118798
60 810.9492159838429
61 797.6034408791311
62 807.8763205347573
63 2030.5715314626523
64 744.951283515159
65 769.6887767198917
66 170.5219983868985
67 173.85697751419505
68 778.857641042144
69 141.75757700432376
70 744.4423208780653
71 2030.554105641058
72 1397.5141700061083
73 770.2119167058514
74 1367.9328828259581
75 2061.65580305047
76 1429.6296219648007
77 798.8530617824525
78 1429.6296219648007
79 767.9701977656824
80 766.5038209775532
81 99.78027484267236
82 2006.209008612599
83 769.8734956280553
84 1397.5141700061083
85 1339.5554835726018
86 1402.2934106940884
87 708.4043284863882
88 761.960427804154
89 767.1843820134831
90 873.8916559388064
91 1398.5499573196366
92 716.9296238863838
93 2073.808286093238
94 1429.6296219648007
95 742.9371157747973
96 2029.5403510917777
97 741.7505250675391
98 680.7931691722241
99 1528.4740311157846
100 793.0368957226971
101 1407.1268842812178
102 2061.6558030504702
103 1398.5468266706764
104 1354.802314444942
105 810.364960591858
106 797.6034408791312
107 1367.8835313426123
108 746.2906819283739
109 1389.3372847482888
110 720.019796473642
111 797.6034408791311
112 734.5550916412722
113 797.6034408791312
114 105.11397937129296
115 1397.5141700061083
116 745.0143602917977
117 1429.6296219648007
118 1389.5599826901941
119 2058.7300597361645
120 85.53147599754396
121 195.77576476967164
122 830.9858950405392
123 1439.5381331410063
124 94.28526108978731
125 768.1534140634551
126 765.4879889204389
127 797.8135905768853
128 697.2124912957573
129 1397.514170006108
130 1479.0419110492949
131 713.7850127626422
132 772.6566703342618
133 1397.5141700061083
134 42.94992839662557
135 1368.7930299768266
136 2029.540351091778
137 752.0659475944742
138 90.13773028202044
139 28.638037014465244
140 42.94992839662557
141 44.698814961278686
142 54.298543144286
143 55.84683942206398
144 59.46312244458574
145 63.564729527794256
146 63.606960550854886
147 67.88484847761474
148 73.61408780266095
149 75.8893305572288
150 77.92506153277152
151 81.76781068205526
152 85.53147599754396
153 87.73660458572107
154 90.13773028202044
155 94.28526108978731
156 99.59824896808203
157 99.78027484267236
158 100.92344105868034
159 102.9520585381747
160 105.11397937129296
161 110.74443097578215
162 115.97690813546981
163 116.21341628918162
164 127.71578658267332
165 130.18106352228168
166 133.46180783476925
167 133.6631340143269
168 141.75757700432376
169 2061.6558030504702
170 108.82980836539136
171 181.75856001594897
172 1397.5141700061083
173 2054.6946627132425
174 1405.1847277462841
175 62.70392665190606
176 1397.5141700061083
177 1471.2850620316208
178 813.6350606939204
179 1398.5320709759146
180 688.237995803739
181 1367.4412975539349
182 1409.1172494562857
183 1429.6296219648007
184 1397.5141700061083
185 1374.7675905250117
186 2001.1289758672292
187 2081.860692327796
188 863.637668575883
189 148.37270887577174
190 509.0362484551497
191 1376.8106298404027
192 773.6176023314478
193 740.7516102858127
194 1443.5779020658294
195 765.5003981939373
196 2029.144026754768
197 1429.6296219648004
198 1407.1973260190641
199 139.30013560048278
200 134.6374166125325
201 1564.0105122819098
202 708.7826716777163
203 734.4729929915428
204 874.5125330476235
205 134.50598127744013
206 794.5938330502331
207 1429.6296219648007
208 843.6466691053197
209 284.64777550747084
210 772.8076383718648
211 1499.8010524330364
212 762.7619189515866
213 2029.5403510917777
214 773.328459336781
215 769.8658755628395
216 74.66877133380643
217 773.8955404352212
218 1512.4233305214875
219 835.8592938485201
220 1429.909615540107
221 914.0711004259897
222 1365.6042149592874
223 106.74613916652069
224 1398.56880694649
225 28.638037014465244
226 42.94992839662557
227 44.698814961278686
228 54.298543144286
229 55.84683942206398
230 59.46312244458574
231 62.70392665190606
232 63.564729527794256
233 63.606960550854886
234 67.88484847761474
235 73.61408780266095
236 74.66877133380643
237 75.8893305572288
238 77.92506153277152
239 81.76781068205526
240 85.53147599754396
241 87.73660458572107
242 90.13773028202044
243 94.28526108978731
244 99.59824896808203
245 99.78027484267236
246 100.92344105868034
247 102.9520585381747
248 105.11397937129296
249 106.74613916652069
250 108.82980836539136
251 110.74443097578215
252 115.97690813546981
253 116.21341628918162
254 127.71578658267332
255 2038.3138287146444
256 731.0201034546154
257 134.60103504201226
258 119.72018931826852
259 1375.1372316126422
260 762.9971766212157
261 1370.5822139756
262 131.10186463719825
263 1406.336582714553
264 152.15493911825087
265 619.6452513184029
266 128.876583814368
267 792.9912134118932
268 1381.9850791504214
269 821.8666905141878
270 719.2547893325534
271 746.2419529823599
272 2077.646663122529
273 753.1098905477377
274 750.268426873689
275 1399.8140597921588
276 840.0367473525807
277 206.31571634556326
278 1404.8438835646282
279 1486.7752783618066
280 1463.4321566414937
281 2036.7335311139436
282 935.0063255461354
283 850.8832205068081
284 1375.280964692369
285 2040.0961945660706
286 894.7066717109681
287 149.48207658838186
288 1359.8036390479024
289 80.21717395319635
290 2061.65580305047
291 668.968977701609
292 191.85803650850423
293 134.63754261668345
294 842.1403015133645
295 233.7065584440303
296 784.2198389537397
297 120.12886178758555
298 740.1849004643659
299 1455.477473126358
300 774.4701452704112
301 1422.5119592499223
302 1413.5177268933855
303 1366.4127597931606
304 1422.5667145801006
305 1429.6296219648007
306 150.75989855528243
307 2032.0377256215538
308 1988.6710571430183
309 878.8975024505766
310 1922.8496341628847
311 28.638037014465244
312 42.94992839662557
313 44.698814961278686
314 54.298543144286
315 55.84683942206398
316 59.46312244458574
317 62.70392665190606
318 63.564729527794256
319 63.606960550854886
320 67.88484847761474
321 73.61408780266095
322 74.66877133380643
323 75.8893305572288
324 77.92506153277152
325 80.21717395319635
326 81.76781068205526
327 85.53147599754396
328 87.73660458572107
329 90.13773028202044
330 94.28526108978731
331 99.59824896808203
332 99.78027484267236
333 100.92344105868034
334 102.9520585381747
335 105.11397937129296
336 106.74613916652069
337 108.82980836539136
338 110.74443097578215
339 115.97690813546981
340 116.21341628918162
341 842.2746711803514
342 2061.6558030504702
343 1436.5392013378125
344 1401.217480081183
345 1442.4486214029002
346 602.6086932376321
347 817.8938923709359
348 764.6746297885865
349 704.8677887321048
350 299.32580599929247
351 1375.8140271071466
352 1444.679795839745
353 703.6699311214584
354 2061.65580305047
355 865.3319351978272
356 755.8120664183975
357 799.3504319063968
358 1868.3363201330278
359 747.0640360740282
360 1502.6287442907037
361 103.46239352501249
362 707.7370729144266
363 716.3323150502957
364 1397.5141700061083
365 153.09350979280666
366 1451.0543876890738
367 1409.8511031836751
368 1397.5141700061083
369 1399.7475024688054
370 781.246093483091
371 2060.4612397420815
372 87.99076276179474
373 773.481233719096
374 836.5867458263186
375 787.2754900283708
376 128.83939736861566
377 688.2577236365958
378 798.8664299516436
379 132.76009867440408
380 822.1332991459093
381 743.3957535013108
382 1389.0653126678515
383 217.0411219065904
384 85.96397936641353
385 1400.056684192852
386 2018.2674962875026
387 108.75099348857492
388 820.8778822459755
389 28.638037014465244
390 42.94992839662557
391 44.698814961278686
392 54.298543144286
393 55.84683942206398
394 59.46312244458574
395 62.70392665190606
396 63.564729527794256
397 63.606960550854886
398 67.88484847761474
399 73.61408780266095
400 74.66877133380643
401 75.8893305572288
402 77.92506153277152
403 80.21717395319635
404 81.76781068205526
405 85.53147599754396
406 85.96397936641353
407 87.73660458572107
408 87.99076276179474
409 90.13773028202044
410 94.28526108978731
411 99.59824896808203
412 99.78027484267236
413 100.92344105868034
414 102.9520585381747
415 103.46239352501249
416 105.11397937129296
417 106.74613916652069
418 108.75099348857492
419 1250.4028721603786
420 139.939957308278
421 187.31086946422977
422 162.86026507773224
423 770.8579145356734
424 105.64335354545341
425 1402.6181166143292
426 221.99304048961295
427 772.6901579055697
428 771.4671335893131
429 692.2459951000229
430 772.745320895379
431 1390.3817189369388
432 128.94387826601198
433 120.57963887754127
434 1431.0645223218894
435 139.87266528546309
436 208.63430985213597
437 726.2677265582786
438 810.9172181066181
439 1372.5709257513038
440 742.768146152962
441 142.73833899075015
442 1414.9076826192086
443 846.2757396203396
444 168.976593486991
445 1998.4437098135736
446 1413.001199944395
447 741.0452187725568
448 762.4279689521501
449 796.8819078600919
450 719.4714037566986
451 127.44830723547186
452 864.2216941087248
453 161.29936204508374
454 797.6034408791311
455 1401.138814825074
456 763.8008302870144
457 801.7908837426622
458 790.000257890624
459 707.2631391358705
460 772.6816829705028
461 115.07577142490683
462 28.638037014465244
463 42.94992839662557
464 44.698814961278686
465 54.298543144286
466 55.84683942206398
467 59.46312244458574
468 62.70392665190606
469 63.564729527794256
470 63.606960550854886
471 67.88484847761474
472 73.61408780266095
473 74.66877133380643
474 75.8893305572288
475 77.92506153277152
476 80.21717395319635
477 81.76781068205526
478 85.53147599754396
479 85.96397936641353
480 87.73660458572107
481 87.99076276179474
482 90.13773028202044
483 94.28526108978731
484 99.59824896808203
485 99.78027484267236
486 100.92344105868034
487 102.9520585381747
488 103.46239352501249
489 105.11397937129296
490 105.64335354545341
491 106.74613916652069
492 108.31334754308908
493 760.2361259203202
494 791.8196400036871
495 864.7264313657336
496 803.4854507569318
497 86.10328352831219
498 106.85233252355275
499 750.0380423030723
500 95.2770126602357
501 1243.9190052234521
502 97.65859298654003
503 709.6996613971166
504 721.7732652583231
505 685.3937874591658
506 2057.9305374848554
507 72.75985559779564
508 781.0316412850475
509 774.7717939361764
510 22.132272323492092
511 107.97306628788195
512 111.19119869550622
513 764.0380348634216
514 60.46514748658295
515 759.6851156386831
516 762.5299439490767
517 754.2614812616607
518 2038.3499073522846
519 72.3831275364568
520 737.1510577745825
521 849.6334858396981
522 1415.4478369350186
523 112.47573058397009
524 769.8105158664321
525 131.83347278688555
526 783.0154784089616
527 101.34635587607693
528 1351.9877050417867
529 82.14911647700997
530 265.33856179482933
531 169.52551431956746
532 744.6683419859409
533 150.43466023091534
534 22.132272323492092
535 28.638037014465244
536 42.94992839662557
537 44.698814961278686
538 54.298543144286
539 55.84683942206398
540 59.46312244458574
541 60.46514748658295
542 62.70392665190606
543 63.564729527794256
544 63.606960550854886
545 67.88484847761474
546 72.3831275364568
547 72.75985559779564
548 73.61408780266095
549 74.66877133380643
550 75.8893305572288
551 77.92506153277152
552 80.21717395319635
553 81.76781068205526
554 82.14911647700997
555 85.53147599754396
556 85.96397936641353
557 86.10328352831219
558 87.73660458572107
559 87.99076276179474
560 90.13773028202044
561 94.28526108978731
562 95.2770126602357
563 97.65859298654003
564 89.02857270483153
565 220.3433654629749
566 207.65135339044167
567 135.815485129866
568 191.71735922820775
569 719.1987998557157
570 805.2986316135027
571 71.74187052332357
572 104.90970723472311
573 148.51303389288486
574 228.52172799400213
575 184.20799774514504
576 95.37062704943533
577 106.18609826357576
578 18.716171466893023
579 694.7617346084135
580 724.7092855757496
581 1984.5171810787033
582 766.9251533918671
583 817.396441753016
584 66.53986924093047
585 28.434152938285067
586 637.0972243673846
587 754.5972665080459
588 753.7161844198306
589 740.9956490539105
590 690.0859334816192
591 1421.6293460168588
592 1614.9320078991223
593 1362.7625032452756
594 131.57194651257237
595 737.5275502046519
596 165.23585882163994
597 157.62963441081405
598 175.40645139468657
599 744.9871164912006
600 785.4805618014561
601 1374.654061102474
602 121.43108789021188
603 18.716171466893023
604 22.132272323492092
605 28.434152938285067
606 28.638037014465244
607 42.94992839662557
608 44.698814961278686
609 54.298543144286
610 55.84683942206398
611 59.46312244458574
612 60.46514748658295
613 62.70392665190606
614 63.564729527794256
615 63.606960550854886
616 66.53986924093047
617 67.88484847761474
618 71.74187052332357
619 72.3831275364568
620 72.75985559779564
621 73.61408780266095
622 74.66877133380643
623 75.8893305572288
624 77.92506153277152
625 80.21717395319635
626 81.76781068205526
627 82.14911647700997
628 85.53147599754396
629 85.96397936641353
630 86.10328352831219
631 87.73660458572107
632 87.99076276179474
633 91.4008959334847
634 59.82880519688165
635 24.762642602709764
636 46.09365181632343
637 199.64078270107032
638 101.39243295609614
639 66.09285770683913
640 99.24506714578106
641 84.21412264028834
642 719.9569368372489
643 1461.3763108481803
644 189.21319247939743
645 730.0179830235976
646 62.221865284927226
647 710.6216013996095
648 23.47227867700347
649 44.296144333091014
650 167.72482022122983
651 103.77910359212775
652 48.174952994955994
653 233.9445859346886
654 59.51901475219225
655 136.37461584703317
656 844.9467902254216
657 54.31181506020802
658 37.99764242288538
659 76.91857238650147
660 781.9595315084406
661 725.3866623659964
662 829.0202885808126
663 147.80526993999035
664 1338.721413704736
665 685.6248245716286
666 720.6231334603164
667 94.7761998944269
668 53.36110405683731
669 171.16415703751846
670 54.63416722922831
671 18.444856373206513
672 18.444856373206513
673 18.716171466893023
674 22.132272323492092
675 23.47227867700347
676 24.762642602709764
677 28.434152938285067
678 28.638037014465244
679 37.99764242288538
680 42.94992839662557
681 44.296144333091014
682 44.698814961278686
683 46.09365181632343
684 48.174952994955994
685 53.36110405683731
686 54.298543144286
687 54.31181506020802
688 54.63416722922831
689 55.84683942206398
690 59.46312244458574
691 59.51901475219225
692 59.82880519688165
693 60.46514748658295
694 62.221865284927226
695 62.70392665190606
696 63.564729527794256
697 63.606960550854886
698 66.09285770683913
699 66.53986924093047
700 67.88484847761474
701 71.74187052332357
702 66.09545714877795
703 61.77605367050681
704 107.75001165633228
705 74.94311805921052
706 119.89045274967238
707 104.46088991319674
708 145.1592638457186
709 92.24202622293296
710 18.900013160959478
711 59.39110009195438
712 121.29597299209514
713 95.52303620007602
714 188.1550646522456
715 23.143993025423768
716 731.9077845732182
717 54.33515623130358
718 187.90795090760858
719 1352.3751948577785
720 130.28480641080586
721 33.09534324909797
722 50.518103473324295
723 673.845141603724
724 703.5279676548143
725 679.6429256436365
726 110.02477268210467
727 112.24547369019983
728 683.4372083715746
729 702.3552403494234
730 112.46729898680968
731 813.9045320296676
732 589.3510027876363
733 651.3394865332906
734 68.35687113861938
735 80.63142272431662
736 724.3175151879451
737 32.242592882266294
738 47.43763262631506
739 59.98873015148969
740 62.022188738946156
741 72.41151500914003
742 48.14879258586145
743 147.32344333087778
744 913.3813100441013
745 56.77037197523143
746 718.7046508061184
747 101.94256539569184
748 60.42799773752701
749 35.22548859100452
750 812.0897969895145
751 26.27624716305066
752 676.3452205715187
753 18.444856373206513
754 18.716171466893023
755 18.900013160959478
756 22.132272323492092
757 23.143993025423768
758 23.47227867700347
759 24.762642602709764
760 26.27624716305066
761 28.434152938285067
762 28.638037014465244
763 32.242592882266294
764 33.09534324909797
765 35.22548859100452
766 37.99764242288538
767 42.94992839662557
768 44.296144333091014
769 44.698814961278686
770 46.09365181632343
771 47.43763262631506
772 48.14879258586145
773 48.174952994955994
774 50.518103473324295
775 53.36110405683731
776 54.298543144286
777 54.31181506020802
778 54.33515623130358
779 54.63416722922831
780 55.84683942206398
781 56.77037197523143
782 59.39110009195438
783 71.22392231813403
784 16.084181266824036
785 67.2015638501728
786 74.17679533167622
787 66.07318783615239
788 28.655032026107115
789 148.64341833675013
790 78.51971154463986
791 44.84823239088253
792 68.81130194331672
793 165.6174519520178
794 71.10619996461125
795 8.198680122811647
796 59.17908000193476
797 149.51530835594772
798 25.902633701076223
799 166.96856281349486
800 121.86867495814143
801 18.05259407715029
802 156.40017621067406
803 16.33724615328333
804 146.4195635828343
805 63.62158185870736
806 19.989651849285167
807 147.36274255760677
808 25.525711905551617
809 69.57859981000779
810 781.7199328446172
811 96.48672417957198
812 118.22087756667338
813 204.8100795831646
814 21.170863059868562
815 26.335191242921404
816 95.53930927832772
817 54.226646220619905
818 74.69475661613896
819 660.4804651634491
820 243.11052370848685
821 63.21469770322906
822 801.3668099451733
823 21.037163014377633
824 107.70712307592532
825 56.212247458152916
826 716.473246893318
827 185.9637262962172
828 18.082912752131847
829 706.775665508399
830 148.77361997400303
831 684.574999340005
832 98.97440403284119
833 45.207671432140714
834 139.01994871405714
835 56.39387284062134
836 51.35945606312756
837 145.1389031032266
838 709.4035722293484
839 79.97628514256127
840 113.29250927802374
841 8.198680122811647
842 16.084181266824036
843 16.33724615328333
844 18.05259407715029
845 18.082912752131847
846 18.444856373206513
847 18.716171466893023
848 18.900013160959478
849 19.989651849285167
850 21.037163014377633
851 21.170863059868562
852 22.132272323492092
853 23.143993025423768
854 23.47227867700347
855 24.762642602709764
856 25.525711905551617
857 25.902633701076223
858 26.27624716305066
859 26.335191242921404
860 28.434152938285067
861 28.638037014465244
862 28.655032026107115
863 32.242592882266294
864 33.09534324909797
865 35.22548859100452
866 37.99764242288538
867 42.94992839662557
868 44.296144333091014
869 44.698814961278686
870 44.84823239088253
871 14.77841536050542
872 102.7306907886354
873 53.72407429973234
874 10.672112184692958
875 10.996865239130383
876 76.87290745473041
877 92.52031994206862
878 22.6667689603615
879 64.96892936247538
880 32.56599304414378
881 35.21777941718341
882 37.10702000723417
883 29.636120102515314
884 539.0340447771023
885 25.43316779931658
886 28.492562357900034
887 59.502608150133106
888 117.31177695777973
889 33.02425262405359
890 15.777843557311158
891 12.09002931692706
892 57.82295471773158
893 53.43811884905094
894 52.593048347188855
895 12.27115198217459
896 25.222550170389766
897 33.785112554804066
898 607.2255070670853
899 18.279876130160186
900 16.918939740591433
901 111.9289720872208
902 63.38735375080417
903 20.016111123541375
904 65.12436575086662
905 13.650671802528027
906 100.8886667482139
907 29.90278975511535
908 60.73105339389761
909 23.56450014317339
910 70.32493994914444
911 71.0806792761473
912 69.72403489646294
913 9.621037101884314
914 27.26338715006527
915 92.7880202012084
916 540.5987346978097
917 97.21701430248176
918 84.29043513707585
919 179.3828493350639
920 18.30947996307682
921 43.96100119211118
922 18.9763697195985
923 48.77205861804606
924 17.721318311331213
925 675.8776311101506
926 70.32893393274293
927 56.36930734808034
928 15.809666743343328
929 80.62212544605968
930 168.82524480344634
931 767.4739334841411
932 8.198680122811647
933 9.621037101884314
934 10.672112184692958
935 10.996865239130383
936 12.09002931692706
937 12.27115198217459
938 13.650671802528027
939 14.77841536050542
940 15.777843557311158
941 15.809666743343328
942 16.084181266824036
943 16.33724615328333
944 16.918939740591433
945 17.721318311331213
946 18.05259407715029
947 18.082912752131847
948 18.279876130160186
949 18.30947996307682
950 18.444856373206513
951 18.716171466893023
952 18.900013160959478
953 18.9763697195985
954 19.989651849285167
955 20.016111123541375
956 21.037163014377633
957 21.170863059868562
958 22.132272323492092
959 22.6667689603615
960 23.143993025423768
961 23.47227867700347
962 8.584045839625968
963 15.112347485953311
964 16.692399798980947
965 9.617534393374928
966 9.698172119656482
967 13.298839122806108
968 10.849963289262238
969 14.432128287285089
970 18.89826565882713
971 25.200797604853893
972 19.139165063159396
973 20.152620822548293
974 15.304421904864192
975 12.5300128232105
976 17.787766719824774
977 17.5162626627423
978 47.11502318617221
979 59.63464531437943
980 14.75842344267803
981 8.766868696866755
982 34.748418621732384
983 16.635755963327092
984 27.711503214151833
985 8.154423307063341
986 57.015273689116285
987 19.32545527101928
988 65.50401650884675
989 50.53152014421919
990 22.850618637185228
991 13.898804486437381
992 16.816141424350064
993 29.714646015989427
994 53.486687335705916
995 15.107882195698291
996 49.83632874683363
997 21.41220818483044
998 21.8273121149074
999 21.262268760458465
1000 22.46372143131353
1001 16.654262021247426
1002 30.55151295068272
1003 125.04506911115905
1004 23.629421587825522
1005 25.223544305730915
1006 19.186610317041318
1007 105.87507293189637
1008 19.89435246324411
1009 21.486223129375308
1010 57.10239793049458
1011 8.154423307063341
1012 8.198680122811647
1013 8.584045839625968
1014 8.766868696866755
1015 9.617534393374928
1016 9.621037101884314
1017 9.698172119656482
1018 10.672112184692958
1019 10.849963289262238
1020 10.996865239130383
1021 12.09002931692706
1022 12.27115198217459
1023 12.5300128232105
1024 13.298839122806108
1025 13.650671802528027
1026 13.898804486437381
1027 14.432128287285089
1028 14.75842344267803
1029 14.77841536050542
1030 15.107882195698291
1031 15.112347485953311
1032 15.304421904864192
1033 15.777843557311158
1034 15.809666743343328
1035 16.084181266824036
1036 16.33724615328333
1037 16.635755963327092
1038 16.654262021247426
1039 16.692399798980947
1040 16.816141424350064
1041 17.67411715817021
1042 15.292150280378415
1043 17.62430038817853
1044 11.848769985807408
1045 7.061164565095227
1046 9.905606258137066
1047 11.192679281307832
1048 12.096015978045251
1049 13.455935534213914
1050 11.093579740199491
1051 12.048401940728725
1052 14.723029176447696
1053 6.017099859251171
1054 21.183285151564746
1055 13.990798177429454
1056 15.908826198265182
1057 21.700899361983776
1058 16.67397892074886
1059 16.595753974707577
1060 12.258366157755859
1061 9.49787863932165
1062 16.122533764143853
1063 11.454282969558417
1064 11.727719418615079
1065 16.084633321966294
1066 7.047133409656835
1067 24.707689057175795
1068 16.41838092983656
1069 19.594307885720113
1070 14.840295392040023
1071 14.017896669716679
1072 18.635837684463656
1073 17.97096960335277
1074 23.9512353066357
1075 14.757940041341499
1076 22.66957559077688
1077 13.190552930194116
1078 26.420261584683374
1079 51.88456883256751
1080 55.987573345696546
1081 12.188475275303821
1082 17.942388630291322
1083 18.537682745485323
1084 15.259200711886871
1085 7.40867584050413
1086 16.099273316699758
1087 14.455636126324919
1088 16.009004689472505
1089 25.672741795225825
1090 19.106556249658958
1091 15.140421383012084
1092 6.017099859251171
1093 7.047133409656835
1094 7.061164565095227
1095 7.40867584050413
1096 8.154423307063341
1097 8.198680122811647
1098 8.584045839625968
1099 8.766868696866755
1100 9.49787863932165
1101 9.617534393374928
1102 9.621037101884314
1103 9.698172119656482
1104 9.905606258137066
1105 10.672112184692958
1106 10.849963289262238
1107 10.996865239130383
1108 11.093579740199491
1109 11.192679281307832
1110 11.454282969558417
1111 11.727719418615079
1112 11.848769985807408
1113 12.048401940728725
1114 12.09002931692706
1115 12.096015978045251
1116 12.188475275303821
1117 12.258366157755859
1118 12.27115198217459
1119 12.5300128232105
1120 13.190552930194116
1121 13.298839122806108
1122 6.132375270817455
1123 6.027151915420613
1124 7.136218723046332
1125 7.176678723353525
1126 7.273440572990676
1127 9.795811885672336
1128 7.129519126461707
1129 9.484032866452104
1130 9.493400499924828
1131 11.839268655778538
1132 9.41832979946371
1133 11.043573950005488
1134 11.685837248535096
1135 5.0
1136 12.543038556494725
1137 7.46327327732215
1138 6.138722783607521
1139 8.154849645402775
1140 9.263863014225578
1141 8.184183486034941
1142 7.048484225524071
1143 10.722477846467205
1144 8.13359297228575
1145 8.560100258907665
1146 6.0746734714318595
1147 8.513236839814372
1148 16.688116946677635
1149 17.51027610503488
1150 14.039925218087813
1151 9.586664662451692
1152 9.484624085677854
1153 12.858797360184276
1154 12.396899758815119
1155 11.9912142472969
1156 9.77099081696048
1157 18.285262625785673
1158 9.637488124418718
1159 8.534538968165384
1160 7.611984875889445
1161 10.87564223500605
1162 14.20314813920961
1163 14.006463790236795
1164 8.601985679203278
1165 14.884868725632243
1166 11.24696331373863
1167 8.430445522081813
1168 5.0
1169 6.017099859251171
1170 6.027151915420613
1171 6.0746734714318595
1172 6.132375270817455
1173 6.138722783607521
1174 7.047133409656835
1175 7.048484225524071
1176 7.061164565095227
1177 7.129519126461707
1178 7.136218723046332
1179 7.176678723353525
1180 7.273440572990676
1181 7.40867584050413
1182 7.46327327732215
1183 7.611984875889445
1184 8.13359297228575
1185 8.154423307063341
1186 8.154849645402775
1187 8.184183486034941
1188 8.198680122811647
1189 8.430445522081813
1190 8.513236839814372
1191 8.534538968165384
1192 8.560100258907665
1193 8.584045839625968
1194 8.601985679203278
1195 8.766868696866755
1196 9.263863014225578
1197 9.41832979946371
1198 5.0
1199 5.0
1200 5.0
1201 5.0
1202 5.0
1203 6.016084166560415
1204 6.065709006056123
1205 6.048017093012477
1206 7.210153076506481
1207 6.02092795748354
1208 6.017173022302314
1209 6.151005213323413
1210 6.017769747725219
1211 7.250744643840594
1212 8.455601336713109
1213 6.035447994199693
1214 6.153365123965127
1215 7.377429410901131
1216 6.064618126637564
1217 8.464634906777722
1218 9.61054446819162
1219 7.12024677437835
1220 7.091901476814977
1221 8.261376702017273
1222 7.030021402751444
1223 7.075194351377002
1224 7.084697881234948
1225 12.27410281174711
1226 7.204468041126635
1227 6.016182430189996
1228 9.521888808350583
1229 7.161044460219108
1230 6.024327872395094
1231 8.467823954276767
1232 7.375652960199136
1233 7.53092049541693
1234 7.617530679677785
1235 7.414270097599934
1236 7.498533977626522
1237 7.64478842210189
1238 8.227916598012161
1239 8.186445914428097
1240 8.066738239367819
1241 8.156722815789447
1242 8.199364372640444
1243 8.436735969525007
1244 6.057523782538581
1245 8.397483279120635
1246 5.0
1247 5.0
1248 5.0
1249 5.0
1250 5.0
1251 5.0
1252 6.016084166560415
1253 6.016182430189996
1254 6.017099859251171
1255 6.017173022302314
1256 6.017769747725219
1257 6.02092795748354
1258 6.024327872395094
1259 6.027151915420613
1260 6.035447994199693
1261 6.048017093012477
1262 6.057523782538581
1263 6.064618126637564
1264 6.065709006056123
1265 6.0746734714318595
1266 6.132375270817455
1267 6.138722783607521
1268 6.151005213323413
1269 6.153365123965127
1270 7.030021402751444
1271 7.047133409656835
1272 7.048484225524071
1273 7.061164565095227
1274 7.075194351377002
1275 7.084697881234948
1276 5.0
1277 5.0
1278 5.0
1279 5.0
1280 5.0
1281 5.0
1282 5.0
1283 5.0
1284 5.0
1285 5.0
1286 5.0
1287 7.377345545095292
1288 5.0
1289 5.0
1290 7.37670306166613
1291 5.0
1292 5.0
1293 5.0
1294 5.0
1295 5.0
1296 5.0
1297 5.0
1298 5.0
1299 5.0
1300 5.0
1301 5.0
1302 5.0
1303 5.0
1304 5.0
1305 5.0
1306 6.016106675385377
1307 6.019032175213033
1308 6.013770255679337
1309 6.020760827571182
1310 6.01771391623541
1311 6.0257288135037985
1312 6.0168411848429475
1313 6.0140436780286946
1314 6.020183482323517
1315 6.023637258942447
1316 6.020407513775744
1317 6.027439138934785
1318 6.025628481609825
1319 6.029639209000942
1320 6.030788224068436
1321 6.033778475243132
1322 6.032431125722766
1323 6.034467614235982
1324 6.056468803377172
1325 6.051041074735064
1326 6.082929047125294
1327 6.054067466671082
1328 6.049640115222138
1329 6.05861740984918
1330 6.047268445422651
1331 6.053931001124583
1332 6.0743421995104825
1333 6.067831181809845
1334 6.11141309614831
1335 7.2895980164523735
1336 6.120940232885962
1337 6.153316077826208
1338 6.121424686063725
1339 6.155468967656942
1340 6.152448344442902
1341 6.152524605585083
1342 5.0
1343 5.0
1344 5.0
1345 5.0
1346 5.0
1347 5.0
1348 5.0
1349 5.0
1350 5.0
1351 5.0
1352 5.0
1353 5.0
1354 5.0
1355 5.0
1356 5.0
1357 5.0
1358 5.0
1359 5.0
1360 5.0
1361 5.0
1362 5.0
1363 5.0
1364 5.0
1365 5.0
1366 5.0
1367 5.0
1368 5.0
1369 5.0
1370 5.0
1371 5.0
evaluations raw_y
1 67.07620548580935
2 213.30964871542673
3 61.525929023122
4 56.50428824388729
5 60.12882872818526
6 168.8479329332484
7 677.9722595482262
8 109.88377277373787
9 21.76340173458884
10 49.50754520584231
11 143.62095301938675
12 30.149055666377066
13 26.523043848608868
14 689.3955072028039
15 29.85869759803668
16 205.94350138823114
17 597.4590135364168
18 116.78132538059641
19 32.179713073524525
20 129.24781098427428
21 664.1706021074408
22 146.29166943978572
23 130.01486930243718
24 219.6290618281285
25 76.04061354032314
26 545.6405074516263
27 592.414605826412
28 102.86102123514644
29 90.61926239609541
30 133.1438844884899
31 1441.9458425820021
32 1429.6296219648007
33 1434.7263095185651
34 2061.6558030504702
35 775.6528242308328
36 1398.6717908101707
37 2118.529938119527
38 1429.6296219648007
39 1369.0763688586972
40 737.1199445657696
41 142.18514431620474
42 649.2943953554931
43 1420.0302968370863
44 140.940944795343
45 1486.9814593728368
46 164.73501909251382
47 775.5388641723075
48 1408.8235948385664
49 165.86554523109155
50 1488.8188872112842
51 2000.9275789582587
52 2061.6558030504702
53 1381.7907277328595
54 1400.1679150941047
55 1470.5355760317689
56 66.63934013092283
57 2693.6819841361394
58 1376.1144750870258
59 109.73767888553459
60 1374.2183233209398
61 1373.2446167745902
62 733.9602434557016
63 167.77857702037775
64 147.8178753018208
65 2030.5755458511976
66 1420.9519125314478
67 775.9607148865368
68 2034.1164015786921
69 743.9696390187793
70 1371.0575733413218
71 1429.6296219648007
72 748.6476637467076
73 1538.8547121163283
74 206.79963333377307
75 743.1745058079606
76 861.424562143836
77 1429.1212193545484
78 679.8004799503724
79 841.7704071255763
80 838.2538327519569
81 2033.567900588734
82 2087.7457305161843
83 691.9906168220255
84 160.73842113567508
85 1429.6296219648007
86 126.27229484554857
87 1931.3773359433274
88 737.4592170896449
89 1457.4890421337395
90 2034.9617772808506
91 1373.3215183387533
92 843.0820041483233
93 2061.6558030504702
94 1366.5301881125104
95 2031.9354391263796
96 109.0346977849511
97 765.4879889204387
98 165.57725979346156
99 2075.830956707461
100 829.1919810472259
101 773.2892021081084
102 2035.406086044382
103 1442.8999886788831
104 141.01745879079212
105 1406.356710564281
106 751.2002875957395
107 780.8131122092992
108 2706.890335446456
109 2036.3498816211018
110 1421.0160913653488
111 2031.9684538753927
112 1418.2344528197136
113 1461.7677122815269
114 1415.9909780484486
115 1429.6296219648007
116 1807.9758384533477
117 136.1114295697795
118 112.35666754185355
119 827.4798905912077
120 104.75045123297363
121 884.6581793443668
122 2036.9454360245163
123 750.6924514592021
124 687.2475346000213
125 21.76340173458884
126 26.523043848608868
127 29.85869759803668
128 30.149055666377066
129 32.179713073524525
130 49.50754520584231
131 56.50428824388729
132 60.12882872818526
133 61.525929023122
134 66.63934013092283
135 67.07620548580935
136 76.04061354032314
137 90.61926239609541
138 102.86102123514644
139 104.75045123297363
140 109.0346977849511
141 109.73767888553459
142 109.88377277373787
143 112.35666754185355
144 116.78132538059641
145 126.27229484554857
146 129.24781098427428
147 130.01486930243718
148 133.1438844884899
149 136.1114295697795
150 140.940944795343
151 141.01745879079212
152 142.18514431620474
153 143.62095301938675
154 146.29166943978572
155 80.45514057846505
156 1250.0743137091954
157 117.82176082805775
158 1451.1074354599905
159 797.6034408791312
160 1452.012454782829
161 833.7530542919864
162 2061.65580305047
163 806.2988280031323
164 2035.0041041446661
165 1379.3360309564312
166 1261.3590529020926
167 766.8571070567893
168 2032.2037586468282
169 146.21761921397393
170 781.8049012370523
171 1397.514170006108
172 797.6034408791312
173 756.6865517068974
174 2030.5811791259055
175 1282.7433017099531
176 2037.8156777939744
177 1400.1818167093788
178 779.8567314864055
179 713.0062849108077
180 853.2045578292657
181 74.6142992929259
182 1455.0067415907652
183 765.0073229545424
184 1368.0673426978028
185 1371.8177010912236
186 817.3384461637305
187 1404.696720872787
188 1424.7655838989847
189 140.31546208576606
190 1488.9352974754597
191 1436.0236303147249
192 1376.810581935517
193 740.8819550079231
194 1450.440216800892
195 1157.2775614049215
196 130.4528665232555
197 2061.6558030504702
198 1489.1816020490414
199 1484.3222050189888
200 772.0210180389643
201 860.0918707683649
202 1397.514170006108
203 810.3099030828046
204 2014.7333326421958
205 21.76340173458884
206 26.523043848608868
207 29.85869759803668
208 30.149055666377066
209 32.179713073524525
210 49.50754520584231
211 56.50428824388729
212 60.12882872818526
213 61.525929023122
214 66.63934013092283
215 67.07620548580935
216 74.6142992929259
217 76.04061354032314
218 80.45514057846505
219 90.61926239609541
220 102.86102123514644
221 104.75045123297363
222 109.0346977849511
223 109.73767888553459
224 109.88377277373787
225 112.35666754185355
226 116.78132538059641
227 117.82176082805775
228 126.27229484554857
229 129.24781098427428
230 130.01486930243718
231 130.4528665232555
232 133.1438844884899
233 136.1114295697795
234 140.31546208576606
235 100.47771750706798
236 797.6034408791312
237 1415.779233170133
238 2671.7147000016316
239 1464.62975625682
240 2043.4208979758141
241 1373.30156924889
242 1397.6198491749112
243 770.8823987640812
244 810.8596228308594
245 2037.4448329283186
246 1373.4338190138928
247 732.52096376482
248 1429.6296219648004
249 898.6322383151291
250 2075.938821801805
251 1454.4529590612706
252 775.4894087032229
253 2693.6819841361394
254 2035.298486057612
255 740.085639490886
256 1397.5141700061083
257 1500.8717191267485
258 1419.0103149491208
259 1407.425789935
260 158.77090373253336
261 197.93403520961803
262 1367.5218644200231
263 1432.362177665776
264 222.84633629774703
265 719.1870666858238
266 2596.3030688687345
267 1416.0345321017262
268 754.1335685094563
269 702.74286879738
270 768.1072291796861
271 1349.2775484939912
272 833.4093983127106
273 1429.6296219648007
274 1335.374415685632
275 119.70221967053283
276 749.6831681880511
277 1395.8733496293166
278 187.7858105371433
279 744.6928596448043
280 720.074116623176
281 1385.606552120838
282 2072.6882461954824
283 109.69503399678288
284 1810.8489441985062
285 766.2641682321512
286 1381.4291523054062
287 1154.49661685028
288 21.76340173458884
289 26.523043848608868
290 29.85869759803668
291 30.149055666377066
292 32.179713073524525
293 49.50754520584231
294 56.50428824388729
295 60.12882872818526
296 61.525929023122
297 66.63934013092283
298 67.07620548580935
299 74.6142992929259
300 76.04061354032314
301 80.45514057846505
302 90.61926239609541
303 100.47771750706798
304 102.86102123514644
305 104.75045123297363
306 109.0346977849511
307 109.69503399678288
308 109.73767888553459
309 109.88377277373787
310 112.35666754185355
311 116.78132538059641
312 117.82176082805775
313 119.70221967053283
314 126.27229484554857
315 129.24781098427428
316 130.01486930243718
317 130.4528665232555
318 753.2892813976788
319 734.3931170059342
320 821.0058848841145
321 93.59460552672431
322 797.6649995880217
323 759.8006071886101
324 772.134797232232
325 734.532215438671
326 1368.0626677605746
327 1375.4746004957135
328 1846.3833298685645
329 839.4870375628768
330 759.762521826326
331 706.0951711657135
332 846.4572037870141
333 170.16117057015356
334 2031.865895443943
335 1451.8419792559057
336 1402.3164860846316
337 1193.0916814913535
338 707.5635707457956
339 646.8524877700644
340 1435.9254207674305
341 2032.0763080683623
342 126.8995155298544
343 768.0205347207601
344 1391.7651742617895
345 1344.8348138356323
346 772.7481741370358
347 741.7646666816572
348 43.20931533679446
349 779.5540538163804
350 748.7693137343731
351 165.57725979346156
352 2038.2794572735331
353 816.9895043350565
354 162.29136564119693
355 712.8216497960356
356 828.2276765525213
357 1373.8716909186583
358 814.5526284854147
359 775.0188123888901
360 801.2771053431079
361 673.6854521702217
362 263.6647100275423
363 1397.5141700061083
364 188.6631752799882
365 21.76340173458884
366 26.523043848608868
367 29.85869759803668
368 30.149055666377066
369 32.179713073524525
370 43.20931533679446
371 49.50754520584231
372 56.50428824388729
373 60.12882872818526
374 61.525929023122
375 66.63934013092283
376 67.07620548580935
377 74.6142992929259
378 76.04061354032314
379 80.45514057846505
380 90.61926239609541
381 93.59460552672431
382 100.47771750706798
383 102.86102123514644
384 104.75045123297363
385 109.0346977849511
386 109.69503399678288
387 109.73767888553459
388 109.88377277373787
389 112.35666754185355
390 116.78132538059641
391 117.82176082805775
392 119.70221967053283
393 126.27229484554857
394 126.8995155298544
395 786.4390047607465
396 1397.514170006108
397 686.9098729477755
398 1334.7774100932988
399 737.1537050476495
400 1431.0402895950563
401 1388.9990284916566
402 163.4672373836183
403 106.81033386897997
404 772.6570152478803
405 796.4413315889868
406 753.0648309666473
407 101.21474190670372
408 2011.4316642530957
409 804.1873588386321
410 723.6248510161613
411 747.7422721705167
412 2037.8458157729424
413 702.2717290446843
414 1350.732003512004
415 707.6264687045516
416 189.50949857082742
417 797.6034408791312
418 2039.406949818987
419 760.1339498929887
420 1446.045345566606
421 126.24274866254221
422 750.3080181010279
423 1342.8775214435875
424 134.5944165568937
425 744.0149792884764
426 775.3991962957749
427 1493.2852875154763
428 623.3383689286405
429 560.4461753509578
430 1372.3185289208366
431 103.22065810650327
432 141.59566857437306
433 1499.30244671029
434 1408.800378089515
435 1370.8226583118394
436 1492.8795815955127
437 98.32217120276906
438 86.96525282799333
439 750.1721540919947
440 115.61712908942206
441 819.933110878982
442 160.46405516826252
443 758.1005185614792
444 750.1067131373095
445 745.8803479231382
446 21.76340173458884
447 26.523043848608868
448 29.85869759803668
449 30.149055666377066
450 32.179713073524525
451 43.20931533679446
452 49.50754520584231
453 56.50428824388729
454 60.12882872818526
455 61.525929023122
456 66.63934013092283
457 67.07620548580935
458 74.6142992929259
459 76.04061354032314
460 80.45514057846505
461 86.96525282799333
462 90.61926239609541
463 93.59460552672431
464 98.32217120276906
465 100.47771750706798
466 101.21474190670372
467 102.86102123514644
468 103.22065810650327
469 104.75045123297363
470 106.81033386897997
471 109.0346977849511
472 109.69503399678288
473 109.73767888553459
474 109.88377277373787
475 112.35666754185355
476 165.20808881641844
477 236.80045799535583
478 781.7226792629156
479 2060.8931399483436
480 173.43907030509064
481 1367.898659071397
482 176.75526133668043
483 196.91562174471846
484 519.4841229780294
485 186.7537556712595
486 782.8727510788174
487 1346.822803445748
488 1345.7641516132562
489 1491.9137932553558
490 1418.6828605624944
491 82.0879268161552
492 641.5273233961867
493 676.4231822613516
494 1437.5818470958184
495 768.7803158078835
496 1437.0377637599413
497 773.4303030413903
498 634.7561520298573
499 494.18878460173846
500 719.0350941377583
501 300.59550412108035
502 723.4850283146978
503 51.562746896098275
504 794.4811314896965
505 58.972845505035366
506 793.9222101918509
507 234.65648724261985
508 258.8561193044525
509 617.5617901348243
510 742.8525348178331
511 94.27441377052754
512 95.82604547739308
513 1953.7397078855838
514 745.8125224444567
515 2097.554266407634
516 85.34359011817199
517 1441.4415069197287
518 844.4633249012625
519 762.324460022767
520 19.94079837637524
521 821.1901328012045
522 19.94079837637524
523 21.76340173458884
524 26.523043848608868
525 29.85869759803668
526 30.149055666377066
527 32.179713073524525
528 43.20931533679446
529 49.50754520584231
530 51.562746896098275
531 56.50428824388729
532 58.972845505035366
533 60.12882872818526
534 61.525929023122
535 66.63934013092283
536 67.07620548580935
537 74.6142992929259
538 76.04061354032314
539 80.45514057846505
540 82.0879268161552
541 85.34359011817199
542 86.96525282799333
543 90.61926239609541
544 93.59460552672431
545 94.27441377052754
546 95.82604547739308
547 98.32217120276906
548 100.47771750706798
549 101.21474190670372
550 102.86102123514644
551 103.22065810650327
552 89.42699469150833
553 144.44153501754698
554 43.73015119671088
555 733.5640565474694
556 122.09629525253175
557 60.895222032302364
558 792.1301082722339
559 83.34214460412078
560 95.86736575520845
561 40.20420881767846
562 99.93971234759661
563 774.0022610649318
564 152.3875232311354
565 696.0345302433732
566 103.31349838757565
567 275.84607292345413
568 862.7866995999217
569 1336.162971958492
570 678.4431287557857
571 1381.3473127665293
572 62.43618534398814
573 1193.7355014682053
574 1376.9628300258707
575 1381.1084004935133
576 626.458256164559
577 735.9798947359304
578 31.126950951507894
579 218.20881272053597
580 132.42854803568383
581 815.2211482432319
582 676.1481824348919
583 713.5178607066887
584 182.27957320120572
585 91.74007908308658
586 120.26061710648779
587 125.7046598974304
588 785.2267598541573
589 98.37454304481301
590 793.8599062196112
591 54.95466424456465
592 716.1838522197636
593 1318.327194716444
594 151.4335408035364
595 801.9511128070144
596 1382.7493214798058
597 1301.9295730211093
598 101.83809994112121
599 750.2601468770002
600 82.8092467880814
601 666.2790637720856
602 307.2354040996748
603 19.94079837637524
604 21.76340173458884
605 26.523043848608868
606 29.85869759803668
607 30.149055666377066
608 31.126950951507894
609 32.179713073524525
610 40.20420881767846
611 43.20931533679446
612 43.73015119671088
613 49.50754520584231
614 51.562746896098275
615 54.95466424456465
616 56.50428824388729
617 58.972845505035366
618 60.12882872818526
619 60.895222032302364
620 61.525929023122
621 62.43618534398814
622 66.63934013092283
623 67.07620548580935
624 74.6142992929259
625 76.04061354032314
626 80.45514057846505
627 82.0879268161552
628 82.8092467880814
629 83.34214460412078
630 85.34359011817199
631 86.96525282799333
632 89.42699469150833
633 94.30440402791231
634 95.90197070526466
635 855.9377704840598
636 106.62426454183453
637 106.61272034840327
638 117.07835441921291
639 148.95307668488178
640 116.44846558483958
641 122.7547739895542
642 786.2259345589922
643 131.71210907604106
644 852.6704126077593
645 27.63471774454375
646 27.891802521241928
647 50.41493046966517
648 535.5667544728786
649 1346.2126627090029
650 25.496216844365524
651 24.921848218505875
652 72.37611261382258
653 838.9150824422602
654 177.24421119820067
655 19.56186289841459
656 1371.9986144257064
657 1392.518753373097
658 725.9383351361458
659 1345.471531552762
660 679.6266077747355
661 1338.0395268942316
662 752.6985477316033
663 810.08850441987
664 587.7098250144663
665 163.21759081266805
666 135.3207105705975
667 157.99355560634842
668 232.64472109232474
669 195.258302095361
670 708.4453564567071
671 558.2867553131459
672 810.0274421458433
673 787.3113392413641
674 698.8445888983028
675 137.8355193340707
676 121.7772069499714
677 57.88377161262967
678 86.93741123918821
679 56.36856576268505
680 137.97759674119598
681 67.72286966904471
682 739.2248070943732
683 80.89013395775679
684 58.46088160255952
685 773.8465989693195
686 743.3088789666099
687 95.06608528679227
688 203.6988160549571
689 717.3823914813966
690 754.6588286569072
691 19.56186289841459
692 19.94079837637524
693 21.76340173458884
694 24.921848218505875
695 25.496216844365524
696 26.523043848608868
697 27.63471774454375
698 27.891802521241928
699 29.85869759803668
700 30.149055666377066
701 31.126950951507894
702 32.179713073524525
703 40.20420881767846
704 43.20931533679446
705 43.73015119671088
706 49.50754520584231
707 50.41493046966517
708 51.562746896098275
709 54.95466424456465
710 56.36856576268505
711 56.50428824388729
712 57.88377161262967
713 58.46088160255952
714 58.972845505035366
715 60.12882872818526
716 60.895222032302364
717 61.525929023122
718 62.43618534398814
719 66.63934013092283
720 67.07620548580935
721 90.35979299497471
722 55.4353646065814
723 194.46718039467584
724 20.05446652464138
725 732.7698629414724
726 139.8197575824225
727 62.74777656907393
728 61.798893093162945
729 724.1172362766785
730 107.26118440377002
731 100.54601554551002
732 123.05607349682226
733 74.54984472816285
734 138.390281001197
735 157.62591034939734
736 116.89055558813318
737 92.44646884927317
738 98.892947866557
739 731.8761137168297
740 867.8742946358145
741 74.7343159276116
742 39.36228863598543
743 101.39963030307557
744 53.00301639240662
745 27.736764998901048
746 1185.583612028683
747 86.77229447945354
748 735.9843071434943
749 59.78252788407053
750 54.22535551640241
751 214.21851179245812
752 144.32878276519165
753 63.92277063271676
754 8.2337373426106
755 17.39146936245742
756 508.24499353158416
757 627.7876312976612
758 624.9216761827672
759 77.02521801986215
760 1309.3961681295807
761 1354.3794577612289
762 55.15874625963387
763 57.639083040184886
764 686.334663098816
765 871.8632703941477
766 14.093392541938249
767 679.7887819907127
768 246.1610845495617
769 99.98429187073424
770 65.5843683330677
771 154.06246260859973
772 199.3925586167855
773 641.4403639284245
774 100.97652785914616
775 112.68934516224354
776 45.078394367234594
777 135.03108903781097
778 8.2337373426106
779 14.093392541938249
780 17.39146936245742
781 19.56186289841459
782 19.94079837637524
783 20.05446652464138
784 21.76340173458884
785 24.921848218505875
786 25.496216844365524
787 26.523043848608868
788 27.63471774454375
789 27.736764998901048
790 27.891802521241928
791 29.85869759803668
792 30.149055666377066
793 31.126950951507894
794 32.179713073524525
795 39.36228863598543
796 40.20420881767846
797 43.20931533679446
798 43.73015119671088
799 45.078394367234594
800 49.50754520584231
801 50.41493046966517
802 51.562746896098275
803 53.00301639240662
804 54.22535551640241
805 54.95466424456465
806 55.15874625963387
807 55.4353646065814
808 77.96470801160686
809 61.67959625024453
810 73.95946162245644
811 57.177965671919466
812 129.86315253521704
813 17.39540898219458
814 66.15079797935364
815 35.031777735767754
816 28.908871388145286
817 24.55116154201928
818 11.025864237672025
819 68.42346520824623
820 34.56382414216301
821 79.00152299037757
822 12.909525780155644
823 77.11613255250181
824 94.8306430521753
825 152.4258262951056
826 23.453577242093573
827 76.09917920512622
828 64.28080698100968
829 95.49854189877712
830 112.36662156594289
831 203.93268705144035
832 103.28036639355828
833 101.94431493462214
834 46.82580938850261
835 254.35896549564134
836 127.60576166103226
837 68.36098472160275
838 65.30529254365602
839 102.42856772337925
840 119.79444005440101
841 32.30102011112967
842 709.9262324492989
843 714.064258032182
844 789.8040004100645
845 179.80600233274583
846 130.76394977174616
847 31.44923116288156
848 19.054090884643692
849 65.65501564738834
850 230.90681657589246
851 789.4029992671568
852 71.96795816143874
853 121.97477945686911
854 28.123500143330418
855 205.34878864188067
856 110.09171280734786
857 22.121773752242518
858 92.43872852369869
859 200.0159758996648
860 94.58895376602061
861 8.2337373426106
862 11.025864237672025
863 12.909525780155644
864 14.093392541938249
865 17.39146936245742
866 17.39540898219458
867 19.054090884643692
868 19.56186289841459
869 19.94079837637524
870 20.05446652464138
871 21.76340173458884
872 22.121773752242518
873 23.453577242093573
874 24.55116154201928
875 24.921848218505875
876 25.496216844365524
877 26.523043848608868
878 27.63471774454375
879 27.736764998901048
880 27.891802521241928
881 28.123500143330418
882 28.908871388145286
883 29.85869759803668
884 30.149055666377066
885 31.126950951507894
886 31.44923116288156
887 32.179713073524525
888 32.30102011112967
889 34.56382414216301
890 35.031777735767754
891 96.25796707593217
892 22.203177548050107
893 95.86160816198509
894 61.557627866561475
895 22.581337237357232
896 23.460474074035286
897 19.5358986765435
898 67.3900116583317
899 64.7779383615333
900 56.35010868144887
901 24.002709490603685
902 19.077849234003413
903 6.041834348144249
904 25.491974606849872
905 26.905052755911505
906 21.29665091875757
907 22.990424352698174
908 19.061822090391786
909 27.184952271165972
910 58.295243595330064
911 129.0790180677045
912 22.28822126632356
913 34.97131631811753
914 24.333033414876414
915 68.85660854317254
916 18.58128333330683
917 17.152994947503974
918 60.21968937658464
919 22.97129922878931
920 19.583064899845787
921 98.35062234691621
922 66.37696047159187
923 28.997200152151933
924 15.892961213753813
925 191.18583778860906
926 115.76482593132684
927 47.67905586972659
928 26.8088567217235
929 64.58530028740033
930 18.295531260735963
931 27.911402996631146
932 729.9743440824994
933 60.962599253875595
934 531.6126670259963
935 21.222880608971664
936 6.041834348144249
937 8.2337373426106
938 11.025864237672025
939 12.909525780155644
940 14.093392541938249
941 15.892961213753813
942 17.152994947503974
943 17.39146936245742
944 17.39540898219458
945 18.295531260735963
946 18.58128333330683
947 19.054090884643692
948 19.061822090391786
949 19.077849234003413
950 19.5358986765435
951 19.56186289841459
952 19.583064899845787
953 19.94079837637524
954 20.05446652464138
955 21.222880608971664
956 21.29665091875757
957 21.76340173458884
958 22.121773752242518
959 22.203177548050107
960 22.28822126632356
961 22.581337237357232
962 22.97129922878931
963 22.990424352698174
964 23.453577242093573
965 23.460474074035286
966 18.19296967349173
967 52.226578904192685
968 16.22629481685167
969 8.671690324722608
970 12.273411964310334
971 10.317517549967075
972 10.803493722406825
973 15.347359923158585
974 13.974151172458775
975 17.04812826362115
976 19.829795159061295
977 24.94594472646073
978 60.24901613628592
979 26.174291696138177
980 57.75842377025284
981 15.860889592150276
982 7.646248036896152
983 19.400317961390645
984 52.47065464482591
985 16.526562144379316
986 19.658576079150095
987 22.25110972879481
988 15.134825787762137
989 109.18926910660471
990 20.299920094419065
991 20.122141530482942
992 66.14072407202146
993 20.354561649127966
994 21.37495333853354
995 52.999505627045636
996 61.60033526476683
997 6.041834348144249
998 7.646248036896152
999 8.2337373426106
1000 8.671690324722608
1001 10.317517549967075
1002 10.803493722406825
1003 11.025864237672025
1004 12.273411964310334
1005 12.909525780155644
1006 13.974151172458775
1007 14.093392541938249
1008 15.134825787762137
1009 15.347359923158585
1010 15.860889592150276
1011 15.892961213753813
1012 16.22629481685167
1013 16.526562144379316
1014 17.04812826362115
1015 17.152994947503974
1016 17.39146936245742
1017 17.39540898219458
1018 18.19296967349173
1019 18.295531260735963
1020 18.58128333330683
1021 19.054090884643692
1022 19.061822090391786
1023 19.077849234003413
1024 19.400317961390645
1025 19.5358986765435
1026 19.56186289841459
1027 15.342199978428706
1028 8.741034086347295
1029 14.284069586035422
1030 9.546822853167239
1031 9.597365965564077
1032 12.721932867026027
1033 11.188502939685954
1034 11.170309210810599
1035 7.391302595433034
1036 9.265140332233106
1037 14.882133331272456
1038 8.078283955588923
1039 12.41658738513844
1040 12.833143833713144
1041 20.55215591507541
1042 16.42093109537165
1043 18.74606810020785
1044 19.704998913625236
1045 11.980123528613179
1046 11.295574769200126
1047 18.923761042084458
1048 10.142018331544623
1049 11.051628089455138
1050 23.9354889565675
1051 11.470501327773865
1052 11.051330520902468
1053 27.665023109252488
1054 9.536601058644097
1055 9.61524305247849
1056 21.080079391513245
1057 8.180852772353777
1058 12.968931512182774
1059 23.18651348723575
1060 8.747807480359025
1061 27.208992627706206
1062 22.956474992340578
1063 19.978631298597755
1064 16.74731818364018
1065 57.364873081454405
1066 14.6022085851484
1067 6.041834348144249
1068 7.391302595433034
1069 7.646248036896152
1070 8.078283955588923
1071 8.180852772353777
1072 8.2337373426106
1073 8.671690324722608
1074 8.741034086347295
1075 8.747807480359025
1076 9.265140332233106
1077 9.536601058644097
1078 9.546822853167239
1079 9.597365965564077
1080 9.61524305247849
1081 10.142018331544623
1082 10.317517549967075
1083 10.803493722406825
1084 11.025864237672025
1085 11.051330520902468
1086 11.051628089455138
1087 11.170309210810599
1088 11.188502939685954
1089 11.295574769200126
1090 11.470501327773865
1091 11.980123528613179
1092 12.273411964310334
1093 12.41658738513844
1094 12.721932867026027
1095 12.833143833713144
1096 12.909525780155644
1097 9.378027056632554
1098 8.839051258044208
1099 8.944608497061393
1100 9.09179263777534
1101 12.121153215785334
1102 8.675977594178903
1103 9.929886371580256
1104 10.153143704349757
1105 10.09617489455528
1106 10.042345650046702
1107 7.6321358516848
1108 20.242842198710004
1109 8.115109689084164
1110 6.039475817378783
1111 8.071054276409747
1112 10.709625192530954
1113 10.36867736255926
1114 12.588556476449781
1115 10.31252535896478
1116 9.122667114963903
1117 12.594010566149773
1118 9.794109410010622
1119 14.309382774301822
1120 15.397881232770047
1121 7.5435531085761465
1122 10.125132060249696
1123 7.656983349365431
1124 7.6043304376492
1125 8.680859378450018
1126 8.421956699057247
1127 7.094554705069082
1128 9.210774954792598
1129 15.109067834956097
1130 12.982143985893103
1131 6.037919405678198
1132 7.157452181747325
1133 13.90137354369282
1134 10.953320428342058
1135 12.349923823757592
1136 11.85136441703947
1137 7.132358829422002
1138 12.232534243158824
1139 8.259202767085812
1140 13.481324462562693
1141 16.953254875847296
1142 8.726692848236478
1143 24.394011043388883
1144 19.14419958747505
1145 12.77459112519689
1146 11.669325254744106
1147 9.474693878954184
1148 6.037919405678198
1149 6.039475817378783
1150 6.041834348144249
1151 7.094554705069082
1152 7.132358829422002
1153 7.157452181747325
1154 7.391302595433034
1155 7.5435531085761465
1156 7.6043304376492
1157 7.6321358516848
1158 7.646248036896152
1159 7.656983349365431
1160 8.071054276409747
1161 8.078283955588923
1162 8.115109689084164
1163 8.180852772353777
1164 8.2337373426106
1165 8.259202767085812
1166 8.421956699057247
1167 8.671690324722608
1168 8.675977594178903
1169 8.680859378450018
1170 8.726692848236478
1171 8.741034086347295
1172 8.747807480359025
1173 8.839051258044208
1174 8.944608497061393
1175 9.09179263777534
1176 9.122667114963903
1177 9.210774954792598
1178 6.014823798911625
1179 6.0193075564748835
1180 6.111889237426352
1181 7.1840229663389685
1182 6.014191107956284
1183 6.1354078589361665
1184 9.557544187679111
1185 6.137021482315202
1186 6.017713197577421
1187 8.555268865253115
1188 8.57563579464639
1189 8.670511026423688
1190 8.405429313496462
1191 7.067778240360231
1192 8.279128906556345
1193 9.538322731367638
1194 10.795465270881062
1195 8.26505232379683
1196 8.275114426143261
1197 7.090912628442901
1198 7.153460063562461
1199 9.675059648190537
1200 5.0
1201 7.547772866458415
1202 7.648603388623188
1203 7.487944886898896
1204 7.430367334853186
1205 7.668880232931542
1206 8.862110102585483
1207 7.655879255044856
1208 10.049704727545507
1209 7.525327135464556
1210 7.656476067838415
1211 7.530630678641881
1212 8.111210259694488
1213 8.065540065113787
1214 8.136830706285021
1215 10.677473387967808
1216 11.06685991740318
1217 9.39057178527817
1218 9.705615911708945
1219 5.0
1220 6.014191107956284
1221 6.014823798911625
1222 6.017713197577421
1223 6.0193075564748835
1224 6.037919405678198
1225 6.039475817378783
1226 6.041834348144249
1227 6.111889237426352
1228 6.1354078589361665
1229 6.137021482315202
1230 7.067778240360231
1231 7.090912628442901
1232 7.094554705069082
1233 7.132358829422002
1234 7.153460063562461
1235 7.157452181747325
1236 7.1840229663389685
1237 7.391302595433034
1238 7.430367334853186
1239 7.487944886898896
1240 7.525327135464556
1241 7.530630678641881
1242 7.5435531085761465
1243 7.547772866458415
1244 7.6043304376492
1245 7.6321358516848
1246 7.646248036896152
1247 7.648603388623188
1248 7.655879255044856
1249 5.0
1250 5.0
1251 5.0
1252 5.0
1253 7.370694778176496
1254 6.016254388890485
1255 6.014812446498442
1256 6.014078661044123
1257 6.013759281187527
1258 6.013857947905245
1259 6.021426720096238
1260 6.020121631644077
1261 6.020922688379744
1262 6.016445345327503
1263 6.019026360900034
1264 6.01678612916749
1265 6.016198270296476
1266 6.050623688885904
1267 6.042313483251769
1268 6.027129127935096
1269 7.221388851097828
1270 6.056238748572211
1271 7.222985468323571
1272 6.031563916176717
1273 8.457154718360105
1274 6.047719310607446
1275 6.098410241687892
1276 6.1405892151007695
1277 6.123974795615043
1278 6.15251244373667
1279 6.135116201824674
1280 6.10174618923661
1281 7.086328209020509
1282 7.10212410505015
1283 8.275201444187019
1284 5.0
1285 5.0
1286 5.0
1287 5.0
1288 5.0
1289 6.013759281187527
1290 6.013857947905245
1291 6.014078661044123
1292 6.014191107956284
1293 6.014812446498442
1294 6.014823798911625
1295 6.016198270296476
1296 6.016254388890485
1297 6.016445345327503
1298 6.01678612916749
1299 6.017713197577421
1300 6.019026360900034
1301 6.0193075564748835
1302 6.020121631644077
1303 6.020922688379744
1304 6.021426720096238
1305 6.027129127935096
1306 6.031563916176717
1307 6.037919405678198
1308 6.039475817378783
1309 6.041834348144249
1310 6.042313483251769
1311 6.047719310607446
1312 6.050623688885904
1313 6.056238748572211
evaluations raw_y
1 1141.932560147535
2 694.5958687012046
3 761.3308060360183
4 562.19064571687
5 211.7004438594646
6 89.81255681125285
7 213.13257742864388
8 10.864125195999007
9 63.88801208080176
10 27.38241883187063
11 105.77003955587051
12 137.73282700273413
13 80.94232000848405
14 115.3835839334204
15 88.7403184660422
16 108.7549308646717
17 128.9486540873439
18 109.30665013475524
19 169.17460313195997
20 57.50093883954819
21 687.9724950612534
22 66.79143574101421
23 129.7646047360576
24 287.9237867439998
25 1228.1083972362785
26 131.32674207736008
27 149.61441494577682
28 104.78560845611707
29 106.4228512443098
30 717.161857931229
31 1429.6296219648004
32 2029.540351091778
33 1563.9010093752568
34 2061.6558030504702
35 2010.0620229139831
36 160.07899590707643
37 747.7925828835331
38 2004.3557371467314
39 1417.4889926570258
40 1452.5528409064848
41 910.4952382161628
42 113.14812859421376
43 1407.8459920910404
44 2037.5291352642766
45 2041.4928283606368
46 1415.3813826121768
47 817.4963498713284
48 766.5214385286166
49 745.2504610811269
50 1398.6891380887364
51 772.2932442717657
52 1373.756370838704
53 825.3495931542798
54 1370.5792558594026
55 146.11811329607448
56 2530.182832608889
57 171.79666266086514
58 2693.68198413614
59 1372.1080767489073
60 108.43065767630361
61 1426.828055243636
62 740.6926715694963
63 116.21962691490958
64 813.9607078816754
65 781.6879106467795
66 2032.206384175735
67 2035.2748457901707
68 717.9385902230188
69 772.9315562170153
70 1429.6296219648007
71 734.4871882678193
72 1311.807302985429
73 1349.3222622694677
74 2693.6819841361394
75 972.8184554742536
76 2029.7309037326372
77 887.8908134860633
78 1398.5877254110721
79 2116.2526605555886
80 2662.7514168057733
81 761.529835028327
82 1291.1757625211628
83 1398.5747936522685
84 782.7354006951388
85 1382.6282746209029
86 1429.6296219648007
87 1404.6943808960443
88 1419.6725841896998
89 742.077257540834
90 819.1331354863228
91 2038.6039615360505
92 795.5613961932632
93 755.8244019432557
94 711.5123182142926
95 1398.5939610160754
96 2061.6558030504702
97 2061.6558030504702
98 801.2467825098918
99 813.8227761927343
100 1422.2705987254749
101 2693.68198413614
102 2669.300049221185
103 772.7345638928836
104 140.75366490528546
105 1374.512753923858
106 1406.2966598197913
107 2061.65580305047
108 2061.6558030504702
109 1397.514170006108
110 1400.1806299831105
111 2037.3192637988595
112 797.6034408791311
113 2067.1594152236867
114 2106.907258461415
115 2037.8203439947497
116 742.0093352638532
117 2061.6558030504702
118 735.9655499300031
119 106.54369071739097
120 1429.6296219648007
121 1296.8015060518483
122 766.5129082247657
123 1398.5374041530342
124 241.83038809370555
125 740.6445000129241
126 779.826550005479
127 1429.6296219648007
128 797.6034408791312
129 1321.1305231931915
130 776.8619940952123
131 739.6549273302375
132 10.864125195999007
133 27.38241883187063
134 57.50093883954819
135 63.88801208080176
136 66.79143574101421
137 80.94232000848405
138 88.7403184660422
139 89.81255681125285
140 104.78560845611707
141 105.77003955587051
142 106.4228512443098
143 106.54369071739097
144 108.43065767630361
145 108.7549308646717
146 109.30665013475524
147 113.14812859421376
148 115.3835839334204
149 116.21962691490958
150 128.9486540873439
151 129.7646047360576
152 131.32674207736008
153 137.73282700273413
154 140.75366490528546
155 146.11811329607448
156 149.61441494577682
157 160.07899590707643
158 169.17460313195997
159 171.79666266086514
160 211.7004438594646
161 213.13257742864388
162 1346.6367193772674
163 740.5761504979615
164 2669.0527782817376
165 184.2774826606181
166 1467.0879136369585
167 1523.060111695935
168 745.9919750952457
169 1371.2470340493203
170 797.6034408791312
171 761.4073621780676
172 690.3539855941756
173 1374.2584128016588
174 793.24708777439
175 749.8273894599719
176 1859.7534746128663
177 747.7705775867479
178 1371.3159241097135
179 1429.6296219648007
180 2072.808783299907
181 224.17256569180387
182 740.4595624978144
183 720.699966837375
184 1446.1384107542704
185 810.9205008293678
186 141.8562410334109
187 1402.0086886150427
188 797.6034408791311
189 2054.3776002880422
190 721.5116405635905
191 138.53544545377719
192 2030.5674515880037
193 1527.5113699727547
194 1426.091938471341
195 2118.8309136380008
196 85.75727796821263
197 766.5069543217844
198 1373.0581070336916
199 2008.5658636076416
200 2147.854412481486
201 1451.8664503738662
202 1367.568416705292
203 142.60929204460254
204 165.16404917382715
205 1522.5295671402291
206 712.6265197926847
207 754.8747305070979
208 2034.5150037939816
209 785.7920855689193
210 1400.1692587029902
211 713.7528150939536
212 1340.9366790340055
213 2654.524302564457
214 744.4078821068946
215 2029.5403510917777
216 768.0768595871644
217 749.614756551159
218 2061.6558030504702
219 744.1008245500461
220 1429.6296219648007
221 2061.65580305047
222 10.864125195999007
223 27.38241883187063
224 57.50093883954819
225 63.88801208080176
226 66.79143574101421
227 80.94232000848405
228 85.75727796821263
229 88.7403184660422
230 89.81255681125285
231 104.78560845611707
232 105.77003955587051
233 106.4228512443098
234 106.54369071739097
235 108.43065767630361
236 108.7549308646717
237 109.30665013475524
238 113.14812859421376
239 115.3835839334204
240 116.21962691490958
241 128.9486540873439
242 129.7646047360576
243 131.32674207736008
244 137.73282700273413
245 138.53544545377719
246 140.75366490528546
247 141.8562410334109
248 142.60929204460254
249 146.11811329607448
250 149.61441494577682
251 160.07899590707643
252 104.01401402409289
253 784.1336768112819
254 1380.6978727606847
255 1866.8575109992014
256 824.0874041522144
257 1548.591175186458
258 802.7698443006938
259 1383.908792299564
260 706.8939105356529
261 715.103553056434
262 1402.2465679868367
263 1506.830058267089
264 787.1625085795092
265 1436.502734797834
266 773.8360818336807
267 756.754039805192
268 1403.2347018513092
269 2749.545607953183
270 1413.8347422535312
271 1369.096553846455
272 150.21356880739006
273 772.974739582618
274 235.7267956615269
275 126.41793016616762
276 1431.844059681463
277 1852.0781576329414
278 781.1033115686898
279 1517.7461515039067
280 1377.496873529578
281 1333.0278590625812
282 189.4216750431032
283 2693.6819841361394
284 761.8158562560336
285 723.0934331580441
286 1489.7836500642202
287 862.0544107900398
288 1435.7749568157979
289 113.29727450779794
290 10.864125195999007
291 27.38241883187063
292 57.50093883954819
293 63.88801208080176
294 66.79143574101421
295 80.94232000848405
296 85.75727796821263
297 88.7403184660422
298 89.81255681125285
299 104.01401402409289
300 104.78560845611707
301 105.77003955587051
302 106.4228512443098
303 106.54369071739097
304 108.43065767630361
305 108.7549308646717
306 109.30665013475524
307 113.14812859421376
308 113.29727450779794
309 115.3835839334204
310 116.21962691490958
311 126.41793016616762
312 128.9486540873439
313 129.7646047360576
314 131.32674207736008
315 137.73282700273413
316 138.53544545377719
317 140.75366490528546
318 141.8562410334109
319 142.60929204460254
320 2092.6696161118884
321 1347.9040914771738
322 2030.721603312366
323 2068.5391924258906
324 772.1216170471989
325 1389.4034710002827
326 1474.545202751815
327 891.8659818118834
328 1443.4219297809798
329 76.91921371613037
330 783.4924030481883
331 1429.6296219648007
332 211.76949362541842
333 2069.15059238782
334 1444.152164461294
335 1434.877393694047
336 735.5293072656399
337 1402.8850734219961
338 191.08546267713857
339 791.6637025110549
340 759.674744019246
341 205.16357020036645
342 847.8796763266768
343 689.5264313912876
344 204.45818177186908
345 1365.398718047416
346 1521.436600215746
347 160.97371108494718
348 122.412152410408
349 141.2326185749787
350 1180.9193889990302
351 701.849577118576
352 768.1273997771699
353 782.7388897124479
354 781.2522320858437
355 65.44217204852862
356 10.864125195999007
357 27.38241883187063
358 57.50093883954819
359 63.88801208080176
360 65.44217204852862
361 66.79143574101421
362 76.91921371613037
363 80.94232000848405
364 85.75727796821263
365 88.7403184660422
366 89.81255681125285
367 104.01401402409289
368 104.78560845611707
369 105.77003955587051
370 106.4228512443098
371 106.54369071739097
372 108.43065767630361
373 108.7549308646717
374 109.30665013475524
375 113.14812859421376
376 113.29727450779794
377 115.3835839334204
378 116.21962691490958
379 122.412152410408
380 126.41793016616762
381 128.9486540873439
382 129.7646047360576
383 131.32674207736008
384 137.73282700273413
385 138.53544545377719
386 120.7775467398167
387 1400.182490998264
388 1412.6477715544124
389 751.3603637606979
390 741.8425282096139
391 853.9321948393948
392 1078.8999877564745
393 158.52481090923735
394 1380.3225552236595
395 710.2109048712119
396 1329.2908951960096
397 1373.053362936493
398 772.2568411856809
399 1283.4385237903766
400 937.1026783499309
401 849.1565995264635
402 2090.6026136996925
403 1358.4988166306903
404 43.99469612934929
405 787.660313541818
406 1458.6360009970526
407 118.14489260801992
408 784.16397985495
409 90.7460524417865
410 1459.4559295914946
411 1398.5752580597764
412 137.4489751597549
413 208.01952399701486
414 1386.5170880295386
415 734.9477922214761
416 742.8798945135956
417 226.59497778020463
418 1342.325318369666
419 769.6397973625712
420 10.864125195999007
421 27.38241883187063
422 43.99469612934929
423 57.50093883954819
424 63.88801208080176
425 65.44217204852862
426 66.79143574101421
427 76.91921371613037
428 80.94232000848405
429 85.75727796821263
430 88.7403184660422
431 89.81255681125285
432 90.7460524417865
433 104.01401402409289
434 104.78560845611707
435 105.77003955587051
436 106.4228512443098
437 106.54369071739097
438 108.43065767630361
439 108.7549308646717
440 109.30665013475524
441 113.14812859421376
442 113.29727450779794
443 115.3835839334204
444 116.21962691490958
445 118.14489260801992
446 120.7775467398167
447 122.412152410408
448 126.41793016616762
449 128.9486540873439
450 1404.0721195269355
451 747.1618884551634
452 1373.2562379415103
453 68.7163333404718
454 727.3794645773091
455 2083.9063947637237
456 157.86919955207617
457 798.6188037072455
458 782.0826910189991
459 711.4181847341865
460 118.70648545628795
461 59.581526127175174
462 154.54144517811662
463 754.5197038780411
464 76.78573442108456
465 974.6241297804359
466 108.784959304166
467 56.09701032747564
468 820.7041240877087
469 688.8948075006392
470 708.2242654910751
471 722.7271629676975
472 184.83043706560858
473 1482.1338343644138
474 196.27884773636976
475 744.1570583680059
476 1367.575713360576
477 24.261100610988365
478 784.1247187045141
479 765.4879889204389
480 163.75360674122786
481 10.864125195999007
482 24.261100610988365
483 27.38241883187063
484 43.99469612934929
485 56.09701032747564
486 57.50093883954819
487 59.581526127175174
488 63.88801208080176
489 65.44217204852862
490 66.79143574101421
491 68.7163333404718
492 76.78573442108456
493 76.91921371613037
494 80.94232000848405
495 85.75727796821263
496 88.7403184660422
497 89.81255681125285
498 90.7460524417865
499 104.01401402409289
500 104.78560845611707
501 105.77003955587051
502 106.4228512443098
503 106.54369071739097
504 108.43065767630361
505 108.7549308646717
506 108.784959304166
507 109.30665013475524
508 113.14812859421376
509 113.29727450779794
510 115.3835839334204
511 816.3586547132516
512 25.73115025236247
513 752.1923552114175
514 58.33252540633573
515 772.9189225271822
516 710.5788143878254
517 2000.983480426853
518 54.45520863267483
519 765.3698665868327
520 46.99696645917319
521 857.2130863496806
522 1400.3600633053559
523 122.47189483081809
524 121.10135450633024
525 112.6019209323053
526 270.18194550009986
527 741.6338008951604
528 193.35758856290357
529 743.8821015644213
530 243.02353112521126
531 1302.1855941807657
532 606.4867769986901
533 737.2315979423013
534 99.77544076531825
535 769.2468963193675
536 1405.4233892265906
537 172.2054114199057
538 1350.4059003680247
539 202.0188762469093
540 161.2013703776211
541 1392.2308150917916
542 273.7338012027759
543 716.1287507434719
544 146.27963329727262
545 47.53239283256207
546 1369.0400983627733
547 818.4309167902858
548 10.864125195999007
549 24.261100610988365
550 25.73115025236247
551 27.38241883187063
552 43.99469612934929
553 46.99696645917319
554 47.53239283256207
555 54.45520863267483
556 56.09701032747564
557 57.50093883954819
558 58.33252540633573
559 59.581526127175174
560 63.88801208080176
561 65.44217204852862
562 66.79143574101421
563 68.7163333404718
564 76.78573442108456
565 76.91921371613037
566 80.94232000848405
567 85.75727796821263
568 88.7403184660422
569 89.81255681125285
570 90.7460524417865
571 99.77544076531825
572 104.01401402409289
573 104.78560845611707
574 105.77003955587051
575 106.4228512443098
576 106.54369071739097
577 108.43065767630361
578 84.0033726850121
579 1215.6480910933901
580 70.44908389529428
581 756.8339730278087
582 127.46329947278454
583 686.0425208401211
584 61.496801148867945
585 114.36411015977234
586 1347.7308170872327
587 1360.4858019062274
588 178.26562300913676
589 41.989011986589226
590 1312.8695000989728
591 292.1142177211703
592 1304.7349443441817
593 146.55816239540707
594 830.6325978652608
595 136.09742223127398
596 492.0105790769787
597 809.0986279686716
598 711.743582387466
599 673.5813136736724
600 707.4413061998406
601 155.22917828366997
602 96.5589922063146
603 10.23563843254562
604 21.983305835307167
605 718.7088542114436
606 1372.9192904849435
607 672.612423957096
608 221.8092508281878
609 18.895147306595813
610 877.28428834423
611 73.17848675378788
612 103.44326259720054
613 745.0928731160167
614 68.13812842889311
615 73.5870843477862
616 1405.1812404929897
617 1428.6505616229915
618 840.3678405169617
619 799.7421702160455
620 50.621781801746586
621 756.1304575893415
622 674.3577853478527
623 116.29659901309763
624 99.78746724171006
625 683.2851045630449
626 1389.0708392742624
627 10.23563843254562
628 10.864125195999007
629 18.895147306595813
630 21.983305835307167
631 24.261100610988365
632 25.73115025236247
633 27.38241883187063
634 41.989011986589226
635 43.99469612934929
636 46.99696645917319
637 47.53239283256207
638 50.621781801746586
639 54.45520863267483
640 56.09701032747564
641 57.50093883954819
642 58.33252540633573
643 59.581526127175174
644 61.496801148867945
645 63.88801208080176
646 65.44217204852862
647 66.79143574101421
648 68.13812842889311
649 68.7163333404718
650 70.44908389529428
651 73.17848675378788
652 73.5870843477862
653 76.78573442108456
654 76.91921371613037
655 80.94232000848405
656 84.0033726850121
657 137.05439201076314
658 152.42475948307617
659 123.25987457657283
660 26.08285809322275
661 22.16614588580346
662 64.74457610324355
663 70.96553672945642
664 33.015319204581914
665 131.36595802278904
666 120.7817902545515
667 159.365700108329
668 70.14270701251536
669 55.23911266765663
670 55.21263504244444
671 11.171211999802036
672 131.4119091023813
673 120.10849292018678
674 762.9336511347339
675 787.3840784656863
676 32.30345929456152
677 738.5494827399596
678 24.170692670799358
679 494.2705017829951
680 1344.62727602514
681 34.68122206368806
682 86.34520587296623
683 101.98622355957883
684 57.13193631972409
685 98.76035663923317
686 48.40821410769824
687 118.77382442784113
688 679.7794936768556
689 722.6768845539661
690 114.55070585965981
691 241.30552443712068
692 712.0759413896553
693 45.78833206973328
694 528.3255749699806
695 63.90388486118465
696 103.19374863398598
697 110.29573311393004
698 717.5450266627553
699 710.6836467257649
700 1446.1104364479743
701 87.31063632414434
702 46.412306583765876
703 821.2370770965949
704 718.9208373524814
705 107.26589075423095
706 10.23563843254562
707 10.864125195999007
708 11.171211999802036
709 18.895147306595813
710 21.983305835307167
711 22.16614588580346
712 24.170692670799358
713 24.261100610988365
714 25.73115025236247
715 26.08285809322275
716 27.38241883187063
717 32.30345929456152
718 33.015319204581914
719 34.68122206368806
720 41.989011986589226
721 43.99469612934929
722 45.78833206973328
723 46.412306583765876
724 46.99696645917319
725 47.53239283256207
726 48.40821410769824
727 50.621781801746586
728 54.45520863267483
729 55.21263504244444
730 55.23911266765663
731 56.09701032747564
732 57.13193631972409
733 57.50093883954819
734 58.33252540633573
735 59.581526127175174
736 92.01688466628391
737 15.353843585138407
738 24.139771189660458
739 67.30046086889169
740 31.954297309479337
741 93.28360493549752
742 31.146763289001356
743 25.17854980014528
744 18.92507979012275
745 118.66119634914308
746 66.98912098281606
747 54.27084200608775
748 36.256171303376625
749 57.55737416093451
750 61.46609512211686
751 63.53482361186841
752 62.84145537260799
753 57.04802138377403
754 70.70805578575879
755 53.02086007031116
756 17.688732505294126
757 61.22833196956847
758 81.07755008616866
759 25.009805389805646
760 25.670664631152526
761 47.65991174055054
762 107.79726409772877
763 153.93070692921083
764 18.64452661979038
765 21.575322889412245
766 662.9874314821966
767 123.23301947832101
768 29.566747249365633
769 13.214854210524031
770 135.70285571741454
771 104.1074086734501
772 80.21677263324787
773 79.51843568517924
774 67.710153651949
775 52.31227525842197
776 84.34291883013778
777 46.006100943178126
778 69.21562091053076
779 768.1076181049873
780 53.279488715714464
781 45.47817151143844
782 53.161893588593436
783 100.04761877745887
784 693.9431610197757
785 49.210015263914364
786 76.9024543800292
787 10.23563843254562
788 10.864125195999007
789 11.171211999802036
790 13.214854210524031
791 15.353843585138407
792 17.688732505294126
793 18.64452661979038
794 18.895147306595813
795 18.92507979012275
796 21.575322889412245
797 21.983305835307167
798 22.16614588580346
799 24.139771189660458
800 24.170692670799358
801 24.261100610988365
802 25.009805389805646
803 25.17854980014528
804 25.670664631152526
805 25.73115025236247
806 26.08285809322275
807 27.38241883187063
808 29.566747249365633
809 31.146763289001356
810 31.954297309479337
811 32.30345929456152
812 33.015319204581914
813 34.68122206368806
814 36.256171303376625
815 41.989011986589226
816 43.99469612934929
817 14.979835428753528
818 19.895359698891912
819 35.34141318075659
820 22.8928301372727
821 16.98363557247312
822 24.897929767776688
823 72.46793854169373
824 36.00584797113088
825 21.85448458938106
826 15.504623086337176
827 22.130198363701837
828 13.541183532321435
829 9.226680207161243
830 51.440257118758325
831 24.97723194758939
832 16.668657323119014
833 18.245441858988766
834 22.453266459113067
835 604.6142338868676
836 21.303970627210614
837 63.438247137173605
838 27.083626718404716
839 9.765648286681188
840 58.86349297468828
841 74.27674374744612
842 15.762548752908426
843 15.85046552549622
844 68.21044941432517
845 13.254812202035444
846 61.430049302660976
847 615.1977850085404
848 98.87564145360138
849 100.50990758147869
850 32.737998124663385
851 32.16464369050498
852 135.375798471549
853 64.79023850125336
854 28.86253160291475
855 12.856845162852338
856 9.513605918088453
857 9.893410937704957
858 90.60745565690223
859 21.251517192096557
860 70.99219057018222
861 10.83373004650815
862 20.85876800750765
863 69.08251644221637
864 110.557941356805
865 31.320395679088442
866 21.466995624052345
867 85.72694154251012
868 20.320748473878627
869 479.3731366624407
870 60.042752599052484
871 98.5160092182655
872 803.3928786734248
873 119.32653012786989
874 14.640605618413971
875 41.54292798655323
876 114.24691023229754
877 491.4957856909755
878 49.47769868460665
879 624.8973074841606
880 156.3027171234026
881 95.74426715944401
882 102.2542696978086
883 771.3443382003021
884 736.7259919162094
885 9.226680207161243
886 9.513605918088453
887 9.765648286681188
888 9.893410937704957
889 10.23563843254562
890 10.83373004650815
891 10.864125195999007
892 11.171211999802036
893 12.856845162852338
894 13.214854210524031
895 13.254812202035444
896 13.541183532321435
897 14.640605618413971
898 14.979835428753528
899 15.353843585138407
900 15.504623086337176
901 15.762548752908426
902 15.85046552549622
903 16.668657323119014
904 16.98363557247312
905 17.688732505294126
906 18.245441858988766
907 18.64452661979038
908 18.895147306595813
909 18.92507979012275
910 19.895359698891912
911 20.320748473878627
912 20.85876800750765
913 21.251517192096557
914 21.303970627210614
915 15.168284721555928
916 11.157681485422234
917 14.760619746188047
918 16.85891047884229
919 15.657365584991627
920 26.13399647692435
921 28.395250557410876
922 22.33597327489462
923 10.884769817815242
924 23.988636005193577
925 16.066522202485604
926 53.22484817200469
927 22.286868714707254
928 22.6655932176061
929 17.15961036836868
930 6.083701623099225
931 21.33518209014227
932 15.253662216876673
933 27.934537537332403
934 14.168398849756986
935 13.494165703229378
936 15.974282552507237
937 14.968571601747596
938 14.762181484297788
939 18.50163617364602
940 16.200336980301632
941 15.075241815923176
942 21.625783237237826
943 22.965614355066982
944 22.56333849184217
945 16.13379415912284
946 17.55927818119749
947 13.88162440471107
948 25.315276152392435
949 16.259050638416653
950 15.395242733923505
951 21.868907416143916
952 18.417544238844066
953 36.446775766814625
954 14.003110151534374
955 26.82558678473151
956 94.47284421105354
957 17.872502709277224
958 14.675694022694168
959 21.226993614288467
960 22.574452147552904
961 20.656720704302515
962 23.92720268053276
963 23.38260192653452
964 20.745644545161927
965 76.54729669533062
966 15.12757161190274
967 16.876680418845304
968 14.11684649665441
969 14.825013900778629
970 123.51544573764426
971 12.1882087145022
972 14.96425291822784
973 25.21214288061961
974 144.24732511217834
975 54.32068888535371
976 27.115031837719243
977 6.083701623099225
978 9.226680207161243
979 9.513605918088453
980 9.765648286681188
981 9.893410937704957
982 10.23563843254562
983 10.83373004650815
984 10.864125195999007
985 10.884769817815242
986 11.157681485422234
987 11.171211999802036
988 12.1882087145022
989 12.856845162852338
990 13.214854210524031
991 13.254812202035444
992 13.494165703229378
993 13.541183532321435
994 13.88162440471107
995 14.003110151534374
996 14.11684649665441
997 14.168398849756986
998 14.640605618413971
999 14.675694022694168
1000 14.760619746188047
1001 14.762181484297788
1002 14.825013900778629
1003 14.96425291822784
1004 14.968571601747596
1005 14.979835428753528
1006 15.075241815923176
1007 9.683635380614563
1008 6.170946778631823
1009 10.16415521563066
1010 6.085050507611961
1011 10.037575880240173
1012 11.40142383599414
1013 8.32743796165574
1014 8.216372554859706
1015 15.517027548100799
1016 16.814959985972017
1017 18.729268443620732
1018 18.782059948954274
1019 15.525640262194953
1020 13.014790896880369
1021 17.561097667280084
1022 6.1143463042569195
1023 17.11096758464693
1024 8.54277606210281
1025 11.707453286420504
1026 11.247340637256395
1027 16.45340262774306
1028 11.411189007982253
1029 7.248378142515147
1030 7.233960697316826
1031 11.122795270136551
1032 17.9221396538542
1033 15.938239316974892
1034 14.958932948627261
1035 17.304707841446742
1036 15.161582112653903
1037 14.344887035539491
1038 6.083701623099225
1039 6.085050507611961
1040 6.1143463042569195
1041 6.170946778631823
1042 7.233960697316826
1043 7.248378142515147
1044 8.216372554859706
1045 8.32743796165574
1046 8.54277606210281
1047 9.226680207161243
1048 9.513605918088453
1049 9.683635380614563
1050 9.765648286681188
1051 9.893410937704957
1052 10.037575880240173
1053 10.16415521563066
1054 10.23563843254562
1055 10.83373004650815
1056 10.864125195999007
1057 10.884769817815242
1058 11.122795270136551
1059 11.157681485422234
1060 11.171211999802036
1061 11.247340637256395
1062 11.40142383599414
1063 11.411189007982253
1064 11.707453286420504
1065 12.1882087145022
1066 12.856845162852338
1067 13.014790896880369
1068 7.169548964739068
1069 9.594041693093892
1070 7.14520745248975
1071 6.158369070750478
1072 5.0
1073 10.013642353957604
1074 7.267715184066681
1075 5.0
1076 7.113558737421808
1077 7.0985218560715815
1078 9.707552574784264
1079 13.675959502785656
1080 8.521012704102851
1081 6.1751041416128265
1082 6.162904092001122
1083 8.310292198648966
1084 7.154356285018361
1085 10.94853777409978
1086 6.125670421763189
1087 8.625845960919762
1088 9.12493130302147
1089 7.181712512586311
1090 8.47252065037826
1091 11.146469630740075
1092 9.436338785251102
1093 11.058941555536833
1094 12.229427564082727
1095 11.574089542738808
1096 7.100838137742331
1097 6.04224859744248
1098 7.086127882111137
1099 19.83808777450695
1100 18.836624436526726
1101 12.237636761940102
1102 9.331495050335086
1103 9.176540842105016
1104 18.860849032452432
1105 22.130207500212865
1106 9.97312371256614
1107 8.672825577575775
1108 9.686058234143959
1109 7.230068777625261
1110 13.974902142718301
1111 10.852381282486936
1112 7.555082943745871
1113 12.862920893516549
1114 10.192771825109167
1115 18.426755664743954
1116 11.326360456281261
1117 11.393818471096562
1118 9.674629476229347
1119 19.298107708016612
1120 12.131267175502886
1121 15.63015733865952
1122 13.618053655711833
1123 19.16418787300753
1124 7.644249699677058
1125 11.852455572477032
1126 15.723536186966735
1127 5.0
1128 5.0
1129 6.04224859744248
1130 6.083701623099225
1131 6.085050507611961
1132 6.1143463042569195
1133 6.125670421763189
1134 6.158369070750478
1135 6.162904092001122
1136 6.170946778631823
1137 6.1751041416128265
1138 7.086127882111137
1139 7.0985218560715815
1140 7.100838137742331
1141 7.113558737421808
1142 7.14520745248975
1143 7.154356285018361
1144 7.169548964739068
1145 7.181712512586311
1146 7.230068777625261
1147 7.233960697316826
1148 7.248378142515147
1149 7.267715184066681
1150 7.555082943745871
1151 7.644249699677058
1152 8.216372554859706
1153 8.310292198648966
1154 8.32743796165574
1155 8.47252065037826
1156 8.521012704102851
1157 5.0
1158 5.0
1159 6.1950754462679605
1160 6.146092530636059
1161 5.0
1162 5.0
1163 5.0
1164 5.0
1165 6.131173567075066
1166 5.0
1167 7.266729609429934
1168 7.137072032215325
1169 7.163982767738561
1170 8.535596990085965
1171 8.479394076686136
1172 8.539155072978396
1173 6.077093274255269
1174 6.111350246522657
1175 7.176660018143302
1176 8.47274894110274
1177 7.172324917169199
1178 7.3796382053215295
1179 7.359699739395931
1180 6.032950948762933
1181 7.311769164530519
1182 6.173629105835872
1183 6.073834259340346
1184 5.0
1185 5.0
1186 5.0
1187 6.1875101536988115
1188 7.33167158563756
1189 7.267431161043168
1190 7.312469631177414
1191 7.276695912310128
1192 5.0
1193 7.254485667372222
1194 8.284808166123579
1195 7.039287185301815
1196 7.086185390803192
1197 7.08670357294754
1198 7.177765824775395
1199 7.081220737923381
1200 7.176404118173156
1201 8.270910329261081
1202 7.095358408850627
1203 6.018723511912699
1204 7.112519054404701
1205 9.620816022029816
1206 8.270874005061307
1207 7.175918804233435
1208 6.176565369829767
1209 9.95448109159887
1210 7.667065603855608
1211 5.0
1212 5.0
1213 5.0
1214 5.0
1215 5.0
1216 5.0
1217 5.0
1218 5.0
1219 5.0
1220 5.0
1221 5.0
1222 5.0
1223 5.0
1224 6.018723511912699
1225 6.032950948762933
1226 6.04224859744248
1227 6.073834259340346
1228 6.077093274255269
1229 6.083701623099225
1230 6.085050507611961
1231 6.111350246522657
1232 6.1143463042569195
1233 6.125670421763189
1234 6.131173567075066
1235 6.146092530636059
1236 6.158369070750478
1237 6.162904092001122
1238 6.170946778631823
1239 6.173629105835872
1240 6.1751041416128265
1241 5.0
1242 5.0
1243 5.0
1244 5.0
1245 5.0
1246 5.0
1247 5.0
1248 5.0
1249 6.187245850451509
1250 5.0
1251 5.0
1252 5.0
1253 6.169786821026219
1254 5.0
1255 5.0
1256 5.0
1257 5.0
1258 5.0
1259 5.0
1260 5.0
1261 5.0
1262 6.184685550392386
1263 5.0
1264 5.0
1265 5.0
1266 5.0
1267 5.0
1268 5.0
1269 5.0
1270 5.0
1271 5.0
1272 5.0
1273 5.0
1274 5.0
1275 5.0
1276 5.0
1277 5.0
1278 5.0
1279 5.0
1280 5.0
1281 5.0
1282 5.0
1283 5.0
1284 5.0
1285 5.0
1286 5.0
1287 7.357519431048589
1288 5.0
1289 6.180373248746699
1290 5.0
1291 5.0
1292 5.0
1293 5.0
1294 5.0
1295 5.0
1296 5.0
1297 5.0
1298 5.0
1299 5.0
1300 5.0
1301 5.0
1302 5.0
1303 5.0
1304 5.0
1305 5.0
1306 5.0
1307 5.0
1308 5.0
1309 5.0
1310 5.0
1311 5.0
1312 5.0
1313 5.0
1314 5.0
1315 5.0
1316 5.0
1317 5.0
1318 5.0
1319 5.0
1320 5.0
1321 5.0
1322 5.0
1323 5.0
1324 5.0
1325 5.0
1326 5.0
1327 5.0
1328 5.0
1329 5.0
1330 5.0
1331 5.0
1332 5.0
1333 5.0
1334 5.0
1335 5.0
