{
	"version": "0.3.14", 
	"suite": "unknown_suite", 
	"function_id": 13, 
	"function_name": "SharpRidge", 
	"maximization": false, 
	"algorithm": {"name": "DE", "info": "algorithm_info"},
	"attributes": ["evaluations", "raw_y"],
	"scenarios": [
		{"dimension": 23,
		"path": "data_f13_SharpRidge/IOHprofiler_f13_DIM23.dat",
		"runs": [
			{"instance": 0, "evals": 221, "best": {"evals": 78, "y": 1998.3000131515769, "x": [1.3230583059357945, 1.3352971076089473, 2.0078915336385568, -4.097102299455917, 3.35302495589238, -1.7921993502826417, -3.1348148960014575, -4.592248584452361, 0.9089294318824184, 1.7756436184228246, -2.220979027511322, -3.370610027979886, -2.7350422480206205, 1.4517279040944988, -3.2563357099500854, 0.4910914117391818, 0.6950227106715396, 4.367299887367345, -3.6247905585400675, -1.589336489497415, 2.425899769775831, 3.041531439941936, 1.7122299860244101]}},
			{"instance": 0, "evals": 221, "best": {"evals": 195, "y": 1869.6527582113313, "x": [3.288532936234205, -1.281161824226917, 3.128509715367578, -1.923090021723636, -2.649687011880814, 2.8930621113372923, 0.6663934027588996, -3.8522711781899375, 1.219759957935995, -3.6821537661680743, -1.549756838068311, -0.23117523331249767, 2.077744691579941, 0.9576023386299153, -2.3429444795461283, -2.1818288535347437, 0.8293935704714701, -0.26843016570583655, 1.242049274029399, -3.241097165813379, 0.04263460793031548, 3.65645036372732, 0.5875970173758764]}},
			{"instance": 0, "evals": 221, "best": {"evals": 195, "y": 1978.1134240421895, "x": [3.9759780290148976, -0.7467060725332977, 2.5685676269413684, -1.0457271114344686, 1.5936107748988002, -1.8501803928998999, -1.3814809713547498, -2.2650737994980856, -2.2891434799056447, 1.1587484333068208, 1.9654706428570403, -1.7636034466491326, 1.1748874378963752, -1.8322641899004122, -1.5969981595322333, -0.4239628235041406, -1.0611536505838304, -0.11798479996374556, 2.2933568173376075, 0.18068481150487692, 0.7001028372971239, -0.05051900970103462, -0.03205969317709195]}},
			{"instance": 0, "evals": 221, "best": {"evals": 196, "y": 1695.6194286477632, "x": [4.021156889138409, -2.1901855490530617, -0.3628515423605432, -1.3523395397772, -2.263134871384757, -3.2096532764766517, 0.08878248461904448, -0.5642211063523723, -0.9094453673096843, -3.9085807159760253, -0.5874074117887838, 1.103157029612859, -0.11124239246505407, 0.3690800791423481, 3.327966737677947, 2.465410989294792, 3.57089966098264, 3.574707305053085, 0.03785389685746576, -2.0297511040842267, 3.3191217411950653, 1.0659358846311155, 2.4991260297516544]}},
			{"instance": 0, "evals": 221, "best": {"evals": 140, "y": 1688.7314149624208, "x": [-0.4958093342795604, 2.9053094782863873, 2.665261767144367, -4.518442181420823, -0.20769440849095933, -3.450048534690454, 1.624873960354586, -1.6603142334227852, -0.19904600445947973, -1.8198975208109571, -1.4228822044721738, -4.190805878243207, -1.4071495186173761, -1.8935521710847945, 2.2409576143904015, -0.30927987404757484, -0.6336978527485249, 1.1834709239207977, 1.9944760756133184, 2.3872577872832856, 1.6883674358059206, -0.6072617442245005, 0.19511837691433787]}},
			{"instance": 0, "evals": 221, "best": {"evals": 140, "y": 1607.7969714079788, "x": [3.575396978328511, 0.2009322153570725, 3.102394628992677, -1.542754517349595, -4.655102803205463, -3.9006542994315376, 0.7879649558835182, -4.23848931723341, -0.6115986728384657, 1.9919890275723304, -1.5488153556531516, -2.463649383520809, -0.9623290954418939, 4.47348996354534, -1.8005113764841263, 1.6012321431749759, 3.436612098617787, 1.6951570760201218, 1.9736269036146528, 1.3718919189686725, 3.817544848758093, 4.664816590367437, -0.44836751032403566]}},
			{"instance": 0, "evals": 221, "best": {"evals": 213, "y": 1533.7255617903536, "x": [3.446826185470655, -4.4396746095573585, 3.5976694716610815, 0.5588834605928159, -0.19938296003961176, -0.8601035330309692, -0.843035760323585, 1.579160573913515, -2.6819628888326785, -1.9277817143698377, 0.19833955811140536, -0.8991892426565005, 0.5523574765073191, 2.5117271154998524, 2.4019778803314877, 4.66217284018319, -0.8303450441218438, 3.0565098445550603, 1.818635344584723, -0.4573873377770945, 4.9325307118479405, -0.6178278765728336, 0.601258434017232]}},
			{"instance": 0, "evals": 221, "best": {"evals": 178, "y": 1754.453836578855, "x": [3.9418912798064136, -3.782424333780087, -0.24122792034937124, -2.9522589894160536, -0.6446921899869524, 0.4613750460242825, 1.9310862698321634, -3.1030002135127095, -2.002290094791037, -2.508697146770121, -2.444393487735491, -3.6542326537249736, -2.46451963746358, 4.147945300270375, 0.3382948698098365, -2.119639274981654, 1.507422090472784, 2.5374191731629168, 0.776418333259878, -1.2564643790153367, 2.1396549781679055, 3.4754858591428173, -0.526499337559196]}},
			{"instance": 0, "evals": 221, "best": {"evals": 194, "y": 1908.098018916558, "x": [-1.1368598254039064, -0.7536039099466505, 4.984829514840176, -3.0884343648696104, 0.08003150953284921, -1.5118911637565633, -2.3723103831282137, -0.21494962901052617, -3.9410688671721315, 1.167981312561007, 0.9000078958492769, -4.176445262925847, -2.5353523543081513, 0.5351729351242365, -2.249092039737203, 1.8280807781866688, -0.40561359550914755, -0.9327615720109828, 0.5189446509407851, 1.7318517725419116, 0.5307425886879082, -0.8874389178581241, 0.39850563130345407]}},
			{"instance": 0, "evals": 221, "best": {"evals": 194, "y": 1659.0585766896315, "x": [1.276553127974385, 0.8756995172139028, 0.1776646131145192, -1.4305635660597984, -1.0902969707053582, -1.3880683543546368, 2.8742249062935565, -3.1891266781336154, -1.3653288326913076, 1.0485733216924817, -2.6902975416366495, -2.045267570045398, -0.967341450552631, 1.640550177291959, 0.39821421903336507, -1.732809828746984, -0.5830564375702192, 0.7768629837768146, 1.2884575396195537, 0.03306734566589142, -1.5420978576329236, -0.5993026608607699, 1.7446595715200868]}},
			{"instance": 0, "evals": 221, "best": {"evals": 115, "y": 1809.866318647174, "x": [1.814530949129907, 0.05364892024170276, 4.328687777426534, -4.523206062582032, 0.8620876650722746, -4.027950046455556, 1.4793549102584032, 0.7383844853357342, -1.9950675735779377, -2.2746743468474264, -0.8940918428113602, -1.7721152958534017, -2.0066802358711557, -3.536415493973034, 1.1691622260174204, 1.2922878898954888, -0.15556190263519376, 3.431511037260715, 1.7835175679565207, 2.3378529166465167, 0.8120368347708029, 4.231026529824208, 1.6336747839900578]}},
			{"instance": 0, "evals": 221, "best": {"evals": 137, "y": 1694.2945277966382, "x": [0.914885040168654, -4.197798304617966, -3.1078564784490323, -3.442297479216322, -2.6272244124675868, 0.5048738063922107, 2.037029954548085, -1.0072309663556018, -2.9039867875010525, 0.8851754105667501, -1.8138073022391463, -2.4753255520322393, 2.4531853302221833, 1.7992291270797507, 3.5003623489385505, -0.4474895259219518, 0.44539404872909394, 2.3315045652282604, 1.9808179529764312, -2.9986715500345635, 0.13662465821724679, 0.7258717483329757, -2.190026345792363]}},
			{"instance": 0, "evals": 221, "best": {"evals": 217, "y": 1546.200138903193, "x": [0.829737756086586, -1.8166863967227918, 1.7270364069956152, -3.6294971383165517, 0.8255422284345975, 1.7337824832493425, -3.5036879462794435, -1.3268446468572326, 1.2275616941215222, -0.2195440683908476, -1.8642420863101534, -2.9990456559019236, 2.226746878128461, -2.7331465135828026, 1.896128786531838, 0.2729042105434991, 1.1613579671701748, 1.9189044455558504, -0.028676018460277675, -1.6328416143840092, 2.9574400650510664, 0.44568307623376424, 1.4261950089143656]}},
			{"instance": 0, "evals": 221, "best": {"evals": 172, "y": 1710.9774544781135,