real_problem,source,distance
PHOTONIC_10LAYERS_BRAGG,BBOB,10.02639187135324
PHOTONIC_10LAYERS_BRAGG,BBOB,9.958315119290518
PHOTONIC_10LAYERS_BRAGG,BBOB,9.44662507381113
PHOTONIC_10LAYERS_BRAGG,BBOB,9.911486348099892
PHOTONIC_10LAYERS_BRAGG,BBOB,11.926750599335698
PHOTONIC_10LAYERS_BRAGG,BBOB,7.945766480172823
PHOTONIC_10LAYERS_BRAGG,BBOB,7.473552666230439
PHOTONIC_10LAYERS_BRAGG,BBOB,10.211453452957718
PHOTONIC_10LAYERS_BRAGG,BBOB,9.833452168716786
PHOTONIC_10LAYERS_BRAGG,BBOB,11.598549606603322
PHOTONIC_10LAYERS_BRAGG,BBOB,9.78699918984841
PHOTONIC_10LAYERS_BRAGG,BBOB,10.628961016516346
PHOTONIC_10LAYERS_BRAGG,BBOB,10.759376502608154
PHOTONIC_10LAYERS_BRAGG,BBOB,8.141278669556213
PHOTONIC_10LAYERS_BRAGG,BBOB,8.277802045850988
PHOTONIC_10LAYERS_BRAGG,BBOB,9.992395331203172
PHOTONIC_10LAYERS_BRAGG,BBOB,9.656543074874305
PHOTONIC_10LAYERS_BRAGG,BBOB,9.941756009331899
PHOTONIC_10LAYERS_BRAGG,BBOB,9.166234650677664
PHOTONIC_10LAYERS_BRAGG,BBOB,8.894930335142625
PHOTONIC_10LAYERS_BRAGG,BBOB,9.460009620764119
PHOTONIC_10LAYERS_BRAGG,BBOB,9.331278380195178
PHOTONIC_10LAYERS_BRAGG,BBOB,9.201011736247859
PHOTONIC_10LAYERS_BRAGG,BBOB,6.483372869540829
PHOTONIC_10LAYERS_BRAGG,BBOB,10.326140866195443
PHOTONIC_10LAYERS_BRAGG,BBOB,7.595216252074175
PHOTONIC_10LAYERS_BRAGG,BBOB,8.498853851079819
PHOTONIC_10LAYERS_BRAGG,BBOB,12.0208885143755
PHOTONIC_10LAYERS_BRAGG,BBOB,9.452801794904714
PHOTONIC_10LAYERS_BRAGG,BBOB,8.486795018279178
PHOTONIC_10LAYERS_BRAGG,BBOB,9.425896380211814
PHOTONIC_10LAYERS_BRAGG,BBOB,9.863590814574279
PHOTONIC_10LAYERS_BRAGG,BBOB,6.834530321581075
PHOTONIC_10LAYERS_BRAGG,BBOB,9.401265836117041
PHOTONIC_10LAYERS_BRAGG,BBOB,8.31820951221718
PHOTONIC_10LAYERS_BRAGG,BBOB,7.5956613198380865
PHOTONIC_10LAYERS_BRAGG,BBOB,13.711331522867404
PHOTONIC_10LAYERS_BRAGG,BBOB,9.429303761469765
PHOTONIC_10LAYERS_BRAGG,BBOB,8.324024306294234
PHOTONIC_10LAYERS_BRAGG,BBOB,8.597490630715557
PHOTONIC_10LAYERS_BRAGG,BBOB,8.896702202572692
PHOTONIC_10LAYERS_BRAGG,BBOB,10.506852297631989
PHOTONIC_10LAYERS_BRAGG,BBOB,7.196638600912084
PHOTONIC_10LAYERS_BRAGG,BBOB,9.961460114094757
PHOTONIC_10LAYERS_BRAGG,BBOB,9.949079453821353
PHOTONIC_10LAYERS_BRAGG,BBOB,6.6046046318919
PHOTONIC_10LAYERS_BRAGG,BBOB,9.592295130009964
PHOTONIC_10LAYERS_BRAGG,BBOB,9.453410630271595
PHOTONIC_10LAYERS_BRAGG,BBOB,10.738214892075515
PHOTONIC_10LAYERS_BRAGG,BBOB,10.6134515033044
PHOTONIC_10LAYERS_BRAGG,BBOB,8.737489464794862
PHOTONIC_10LAYERS_BRAGG,BBOB,10.605126402598064
PHOTONIC_10LAYERS_BRAGG,BBOB,11.904729142877803
PHOTONIC_10LAYERS_BRAGG,BBOB,10.325475882593851
PHOTONIC_10LAYERS_BRAGG,BBOB,6.504503610941764
PHOTONIC_10LAYERS_BRAGG,BBOB,9.14018560170444
PHOTONIC_10LAYERS_BRAGG,BBOB,7.9442932977043705
PHOTONIC_10LAYERS_BRAGG,BBOB,9.659512205942216
PHOTONIC_10LAYERS_BRAGG,BBOB,10.272125247409976
PHOTONIC_10LAYERS_BRAGG,BBOB,11.151437165696173
PHOTONIC_10LAYERS_BRAGG,BBOB,11.263421054111397
PHOTONIC_10LAYERS_BRAGG,BBOB,10.074140684234276
PHOTONIC_10LAYERS_BRAGG,BBOB,9.500707444254937
PHOTONIC_10LAYERS_BRAGG,BBOB,13.701704597217123
PHOTONIC_10LAYERS_BRAGG,BBOB,6.984927014574139
PHOTONIC_10LAYERS_BRAGG,BBOB,8.5234344225357
PHOTONIC_10LAYERS_BRAGG,BBOB,8.396075069097673
PHOTONIC_10LAYERS_BRAGG,BBOB,10.001307498070645
PHOTONIC_10LAYERS_BRAGG,BBOB,7.47731288263341
PHOTONIC_10LAYERS_BRAGG,BBOB,6.515911078097688
PHOTONIC_10LAYERS_BRAGG,BBOB,10.187741180737303
PHOTONIC_10LAYERS_BRAGG,BBOB,9.107926662942774
PHOTONIC_10LAYERS_BRAGG,BBOB,7.487548351244914
PHOTONIC_10LAYERS_BRAGG,BBOB,6.499703093984976
PHOTONIC_10LAYERS_BRAGG,BBOB,8.494669280557831
PHOTONIC_10LAYERS_BRAGG,BBOB,9.109177266380625
PHOTONIC_10LAYERS_BRAGG,BBOB,9.00353191678053
PHOTONIC_10LAYERS_BRAGG,BBOB,7.428559905524363
PHOTONIC_10LAYERS_BRAGG,BBOB,8.2091938389297
PHOTONIC_10LAYERS_BRAGG,BBOB,6.508051150818076
PHOTONIC_10LAYERS_BRAGG,BBOB,8.770703257636933
PHOTONIC_10LAYERS_BRAGG,BBOB,8.96829072838204
PHOTONIC_10LAYERS_BRAGG,BBOB,7.46820441250937
PHOTONIC_10LAYERS_BRAGG,BBOB,9.603434209274532
PHOTONIC_10LAYERS_BRAGG,BBOB,9.831003221110866
PHOTONIC_10LAYERS_BRAGG,BBOB,8.446700918079348
PHOTONIC_10LAYERS_BRAGG,BBOB,6.592018459840114
PHOTONIC_10LAYERS_BRAGG,BBOB,6.478541194641482
PHOTONIC_10LAYERS_BRAGG,BBOB,10.171435513979185
PHOTONIC_10LAYERS_BRAGG,BBOB,9.790168860290695
PHOTONIC_10LAYERS_BRAGG,BBOB,7.470784587041354
PHOTONIC_10LAYERS_BRAGG,BBOB,10.071044529430077
PHOTONIC_10LAYERS_BRAGG,BBOB,6.639191013662082
PHOTONIC_10LAYERS_BRAGG,BBOB,7.37684175108097
PHOTONIC_10LAYERS_BRAGG,BBOB,10.025489953630858
PHOTONIC_10LAYERS_BRAGG,BBOB,6.498146259693286
PHOTONIC_10LAYERS_BRAGG,BBOB,12.323387712680923
PHOTONIC_10LAYERS_BRAGG,BBOB,7.945637646531287
PHOTONIC_10LAYERS_BRAGG,BBOB,8.067644129065705
PHOTONIC_10LAYERS_BRAGG,BBOB,11.853897979405026
PHOTONIC_10LAYERS_BRAGG,BBOB,6.815798073980385
PHOTONIC_10LAYERS_BRAGG,BBOB,10.741642004311448
PHOTONIC_10LAYERS_BRAGG,BBOB,9.123537308493681
PHOTONIC_10LAYERS_BRAGG,BBOB,8.055687992013718
PHOTONIC_10LAYERS_BRAGG,BBOB,7.415923790376059
PHOTONIC_10LAYERS_BRAGG,BBOB,8.87614578073139
PHOTONIC_10LAYERS_BRAGG,BBOB,9.326830832507273
PHOTONIC_10LAYERS_BRAGG,BBOB,10.923047002692877
PHOTONIC_10LAYERS_BRAGG,BBOB,10.696415481559765
PHOTONIC_10LAYERS_BRAGG,BBOB,8.665879259042901
PHOTONIC_10LAYERS_BRAGG,BBOB,7.2346002624853005
PHOTONIC_10LAYERS_BRAGG,BBOB,8.743076068496547
PHOTONIC_10LAYERS_BRAGG,BBOB,11.717828004276345
PHOTONIC_10LAYERS_BRAGG,BBOB,8.881804870509526
PHOTONIC_10LAYERS_BRAGG,BBOB,8.865816500609979
PHOTONIC_10LAYERS_BRAGG,BBOB,8.15389185471645
PHOTONIC_10LAYERS_BRAGG,BBOB,8.552045194543728
PHOTONIC_10LAYERS_BRAGG,BBOB,11.344714434366988
PHOTONIC_10LAYERS_BRAGG,BBOB,7.778120841252812
PHOTONIC_10LAYERS_BRAGG,BBOB,7.45505910053387
PHOTONIC_10LAYERS_BRAGG,BBOB,8.35503235277117
PHOTONIC_10LAYERS_BRAGG,BBOB,7.425898209697493
PHOTONIC_10LAYERS_BRAGG,BBOB,7.119447795882486
PHOTONIC_10LAYERS_BRAGG,BBOB,6.545136386517236
PHOTONIC_10LAYERS_BRAGG,BBOB,13.775209678625064
PHOTONIC_10LAYERS_BRAGG,BBOB,9.166260888585109
PHOTONIC_10LAYERS_BRAGG,BBOB,9.085766034531865
PHOTONIC_10LAYERS_BRAGG,BBOB,9.688651005668943
PHOTONIC_10LAYERS_BRAGG,BBOB,8.330642201733943
PHOTONIC_10LAYERS_BRAGG,BBOB,8.554325492303244
PHOTONIC_10LAYERS_BRAGG,BBOB,8.831318269035629
PHOTONIC_10LAYERS_BRAGG,BBOB,7.868211166529908
PHOTONIC_10LAYERS_BRAGG,BBOB,7.518328047206188
PHOTONIC_10LAYERS_BRAGG,BBOB,7.358409931770137
PHOTONIC_10LAYERS_BRAGG,BBOB,10.205790710352229
PHOTONIC_10LAYERS_BRAGG,BBOB,9.606534544148937
PHOTONIC_10LAYERS_BRAGG,BBOB,6.475370010751716
PHOTONIC_10LAYERS_BRAGG,BBOB,8.970717220871128
PHOTONIC_10LAYERS_BRAGG,BBOB,9.230918210756917
PHOTONIC_10LAYERS_BRAGG,BBOB,8.791221148880425
PHOTONIC_10LAYERS_BRAGG,BBOB,10.104492656810567
PHOTONIC_10LAYERS_BRAGG,BBOB,6.49567611342181
PHOTONIC_10LAYERS_BRAGG,BBOB,9.786043961232561
PHOTONIC_10LAYERS_BRAGG,BBOB,7.336313784118481
PHOTONIC_10LAYERS_BRAGG,BBOB,17.52249257678468
PHOTONIC_10LAYERS_BRAGG,BBOB,11.609173924804262
PHOTONIC_10LAYERS_BRAGG,BBOB,6.460690493152378
PHOTONIC_10LAYERS_BRAGG,BBOB,8.389784396482554
PHOTONIC_10LAYERS_BRAGG,BBOB,7.611745154713645
PHOTONIC_10LAYERS_BRAGG,BBOB,7.425940554279892
PHOTONIC_10LAYERS_BRAGG,BBOB,8.704549687795783
PHOTONIC_10LAYERS_BRAGG,BBOB,9.633257938459607
PHOTONIC_10LAYERS_BRAGG,BBOB,10.919191417939347
PHOTONIC_10LAYERS_BRAGG,BBOB,10.238904957526291
PHOTONIC_10LAYERS_BRAGG,BBOB,8.446780720087567
PHOTONIC_10LAYERS_BRAGG,BBOB,7.828671033893515
PHOTONIC_10LAYERS_BRAGG,BBOB,10.563799060125275
PHOTONIC_10LAYERS_BRAGG,BBOB,14.367364504150032
PHOTONIC_10LAYERS_BRAGG,BBOB,12.049574230231736
PHOTONIC_10LAYERS_BRAGG,BBOB,9.254649797015311
PHOTONIC_10LAYERS_BRAGG,BBOB,8.661528573237097
PHOTONIC_10LAYERS_BRAGG,BBOB,10.922111607914447
PHOTONIC_10LAYERS_BRAGG,BBOB,9.100237625702574
PHOTONIC_10LAYERS_BRAGG,BBOB,8.076400772018516
PHOTONIC_10LAYERS_BRAGG,BBOB,10.670234421587898
PHOTONIC_10LAYERS_BRAGG,BBOB,8.58086029746554
PHOTONIC_10LAYERS_BRAGG,BBOB,11.933122767425786
PHOTONIC_10LAYERS_BRAGG,BBOB,6.463752797104216
PHOTONIC_10LAYERS_BRAGG,BBOB,7.181664314375977
PHOTONIC_10LAYERS_BRAGG,BBOB,12.114204373701256
PHOTONIC_10LAYERS_BRAGG,BBOB,9.786300708630044
PHOTONIC_10LAYERS_BRAGG,BBOB,6.2891860236457715
PHOTONIC_10LAYERS_BRAGG,BBOB,7.3603255092987565
PHOTONIC_10LAYERS_BRAGG,BBOB,10.40410544228522
PHOTONIC_10LAYERS_BRAGG,BBOB,8.091995245506913
PHOTONIC_10LAYERS_BRAGG,BBOB,10.731509929234537
PHOTONIC_10LAYERS_BRAGG,BBOB,8.551727782798975
PHOTONIC_10LAYERS_BRAGG,BBOB,7.4414067282818035
PHOTONIC_10LAYERS_BRAGG,BBOB,6.4919643832959375
PHOTONIC_10LAYERS_BRAGG,BBOB,9.759020688925634
PHOTONIC_10LAYERS_BRAGG,BBOB,10.246049842801597
PHOTONIC_10LAYERS_BRAGG,BBOB,13.395484682737282
PHOTONIC_10LAYERS_BRAGG,BBOB,9.435954387141413
PHOTONIC_10LAYERS_BRAGG,BBOB,9.22201887578139
PHOTONIC_10LAYERS_BRAGG,BBOB,8.000543637891486
PHOTONIC_10LAYERS_BRAGG,BBOB,7.108479202334307
PHOTONIC_10LAYERS_BRAGG,BBOB,9.398947075876045
PHOTONIC_10LAYERS_BRAGG,BBOB,6.495301662592991
PHOTONIC_10LAYERS_BRAGG,BBOB,7.607907257429176
PHOTONIC_10LAYERS_BRAGG,BBOB,7.387974145020323
PHOTONIC_10LAYERS_BRAGG,BBOB,11.85172598568615
PHOTONIC_10LAYERS_BRAGG,BBOB,9.2838228035935
PHOTONIC_10LAYERS_BRAGG,BBOB,10.022439884788458
PHOTONIC_10LAYERS_BRAGG,BBOB,7.34888592780737
PHOTONIC_10LAYERS_BRAGG,BBOB,8.214786920451491
PHOTONIC_10LAYERS_BRAGG,BBOB,6.321771011506409
PHOTONIC_10LAYERS_BRAGG,BBOB,9.29568553489858
PHOTONIC_10LAYERS_BRAGG,BBOB,7.403163069737286
PHOTONIC_10LAYERS_BRAGG,BBOB,6.983844183393123
PHOTONIC_10LAYERS_BRAGG,BBOB,14.058276808881224
PHOTONIC_10LAYERS_BRAGG,BBOB,7.393337357091552
PHOTONIC_10LAYERS_BRAGG,BBOB,10.188978404869323
PHOTONIC_10LAYERS_BRAGG,BBOB,6.987998338744392
PHOTONIC_10LAYERS_BRAGG,BBOB,9.087430434704274
PHOTONIC_10LAYERS_BRAGG,BBOB,10.240023234175375
PHOTONIC_10LAYERS_BRAGG,BBOB,6.885654952096904
PHOTONIC_10LAYERS_BRAGG,BBOB,21.15819421736688
PHOTONIC_10LAYERS_BRAGG,BBOB,8.205762378515852
PHOTONIC_10LAYERS_BRAGG,BBOB,7.38811829457035
PHOTONIC_10LAYERS_BRAGG,BBOB,6.28827267220124
PHOTONIC_10LAYERS_BRAGG,BBOB,10.695229371770157
PHOTONIC_10LAYERS_BRAGG,BBOB,10.186387063217794
PHOTONIC_10LAYERS_BRAGG,BBOB,7.416237241449759
PHOTONIC_10LAYERS_BRAGG,BBOB,10.06997281894129
PHOTONIC_10LAYERS_BRAGG,BBOB,8.688547619220673
PHOTONIC_10LAYERS_BRAGG,BBOB,9.616852610621985
PHOTONIC_10LAYERS_BRAGG,BBOB,12.050504813310436
PHOTONIC_10LAYERS_BRAGG,BBOB,8.963557642552127
PHOTONIC_10LAYERS_BRAGG,BBOB,8.623253693141551
PHOTONIC_10LAYERS_BRAGG,BBOB,14.361250452332506
PHOTONIC_10LAYERS_BRAGG,BBOB,7.382292436600645
PHOTONIC_10LAYERS_BRAGG,BBOB,10.600642226227848
PHOTONIC_10LAYERS_BRAGG,BBOB,11.840260986521427
PHOTONIC_10LAYERS_BRAGG,BBOB,7.377034351206081
PHOTONIC_10LAYERS_BRAGG,BBOB,9.047425731762562
PHOTONIC_10LAYERS_BRAGG,BBOB,7.18907858679703
PHOTONIC_10LAYERS_BRAGG,BBOB,10.147024203663594
PHOTONIC_10LAYERS_BRAGG,BBOB,8.657390897081301
PHOTONIC_10LAYERS_BRAGG,BBOB,10.80651068165381
PHOTONIC_10LAYERS_BRAGG,BBOB,7.828530761688478
PHOTONIC_10LAYERS_BRAGG,BBOB,11.71417006699336
PHOTONIC_10LAYERS_BRAGG,BBOB,7.414754967332612
PHOTONIC_10LAYERS_BRAGG,BBOB,6.834350236569721
PHOTONIC_10LAYERS_BRAGG,BBOB,9.291204228122908
PHOTONIC_10LAYERS_BRAGG,BBOB,8.153532190259545
PHOTONIC_10LAYERS_BRAGG,BBOB,6.989329812024017
PHOTONIC_10LAYERS_BRAGG,BBOB,10.629677552827602
PHOTONIC_10LAYERS_BRAGG,BBOB,14.090346111882901
PHOTONIC_10LAYERS_BRAGG,BBOB,11.301140657253876
PHOTONIC_10LAYERS_BRAGG,BBOB,6.540482546963223
PHOTONIC_10LAYERS_BRAGG,BBOB,9.823015485894496
PHOTONIC_10LAYERS_BRAGG,BBOB,11.168683361082296
PHOTONIC_10LAYERS_BRAGG,BBOB,8.79990612077137
PHOTONIC_10LAYERS_BRAGG,BBOB,8.576545365161381
PHOTONIC_10LAYERS_BRAGG,BBOB,9.912284077375086
PHOTONIC_10LAYERS_BRAGG,BBOB,9.825448586641322
PHOTONIC_10LAYERS_BRAGG,BBOB,10.477868290005024
PHOTONIC_10LAYERS_BRAGG,BBOB,9.272987845958445
PHOTONIC_10LAYERS_BRAGG,BBOB,10.528138270430292
PHOTONIC_10LAYERS_BRAGG,BBOB,9.21974875076368
PHOTONIC_10LAYERS_BRAGG,BBOB,8.270285438547502
PHOTONIC_10LAYERS_BRAGG,BBOB,10.248124363793174
PHOTONIC_10LAYERS_BRAGG,BBOB,9.010007541739203
PHOTONIC_10LAYERS_BRAGG,BBOB,14.10090784751895
PHOTONIC_10LAYERS_BRAGG,BBOB,6.989642287176074
PHOTONIC_10LAYERS_BRAGG,BBOB,6.498797546971289
PHOTONIC_10LAYERS_BRAGG,BBOB,10.888130811504853
PHOTONIC_10LAYERS_BRAGG,BBOB,8.501107515558989
PHOTONIC_10LAYERS_BRAGG,BBOB,9.928865589229655
PHOTONIC_10LAYERS_BRAGG,BBOB,9.118986792548961
PHOTONIC_10LAYERS_BRAGG,BBOB,6.460461632466092
PHOTONIC_10LAYERS_BRAGG,BBOB,11.375657312407824
PHOTONIC_10LAYERS_BRAGG,BBOB,10.677008926691972
PHOTONIC_10LAYERS_BRAGG,BBOB,9.612594112542173
PHOTONIC_10LAYERS_BRAGG,BBOB,8.537374727901891
PHOTONIC_10LAYERS_BRAGG,BBOB,6.63667586695254
PHOTONIC_10LAYERS_BRAGG,BBOB,8.820352119784928
PHOTONIC_10LAYERS_BRAGG,BBOB,9.629834080156849
PHOTONIC_10LAYERS_BRAGG,BBOB,7.592851051248606
PHOTONIC_10LAYERS_BRAGG,BBOB,8.861168868718652
PHOTONIC_10LAYERS_BRAGG,BBOB,7.47263342293296
PHOTONIC_10LAYERS_BRAGG,BBOB,9.346598109782088
PHOTONIC_10LAYERS_BRAGG,BBOB,11.248981801387725
PHOTONIC_10LAYERS_BRAGG,BBOB,6.506362196698155
PHOTONIC_10LAYERS_BRAGG,BBOB,8.393689853356223
PHOTONIC_10LAYERS_BRAGG,BBOB,9.154728272920327
PHOTONIC_10LAYERS_BRAGG,BBOB,9.14343691825028
PHOTONIC_10LAYERS_BRAGG,BBOB,9.138283256177584
PHOTONIC_10LAYERS_BRAGG,BBOB,11.700904541878664
PHOTONIC_10LAYERS_BRAGG,BBOB,7.18983082115836
PHOTONIC_10LAYERS_BRAGG,BBOB,7.420132901445835
PHOTONIC_10LAYERS_BRAGG,BBOB,10.017665664021731
PHOTONIC_10LAYERS_BRAGG,BBOB,9.345722437220251
PHOTONIC_10LAYERS_BRAGG,BBOB,6.989064611034372
PHOTONIC_10LAYERS_BRAGG,BBOB,9.483261820363161
PHOTONIC_10LAYERS_BRAGG,BBOB,8.579800429621814
PHOTONIC_10LAYERS_BRAGG,BBOB,8.787850503602902
PHOTONIC_10LAYERS_BRAGG,BBOB,10.251758644257428
PHOTONIC_10LAYERS_BRAGG,BBOB,7.874192214478461
PHOTONIC_10LAYERS_BRAGG,BBOB,7.913010023611549
PHOTONIC_10LAYERS_BRAGG,BBOB,11.944900238586118
PHOTONIC_10LAYERS_BRAGG,BBOB,6.88449827334615
PHOTONIC_10LAYERS_BRAGG,BBOB,6.840810436078609
PHOTONIC_10LAYERS_BRAGG,BBOB,10.025198940166016
PHOTONIC_10LAYERS_BRAGG,BBOB,20.704912498233316
PHOTONIC_10LAYERS_BRAGG,BBOB,9.833356627398912
PHOTONIC_10LAYERS_BRAGG,BBOB,9.015518241509676
PHOTONIC_10LAYERS_BRAGG,BBOB,10.05088030026561
PHOTONIC_10LAYERS_BRAGG,BBOB,7.475192055627563
PHOTONIC_10LAYERS_BRAGG,BBOB,10.918897951218003
PHOTONIC_10LAYERS_BRAGG,BBOB,6.8843501749545615
PHOTONIC_10LAYERS_BRAGG,BBOB,10.189611460658076
PHOTONIC_10LAYERS_BRAGG,BBOB,7.5877789957696775
PHOTONIC_10LAYERS_BRAGG,BBOB,10.561152325426217
PHOTONIC_10LAYERS_BRAGG,BBOB,6.519160667494511
PHOTONIC_10LAYERS_BRAGG,BBOB,9.835917882708086
PHOTONIC_10LAYERS_BRAGG,BBOB,10.631350154710375
PHOTONIC_10LAYERS_BRAGG,BBOB,10.027147126653519
PHOTONIC_10LAYERS_BRAGG,BBOB,6.346194914996678
PHOTONIC_10LAYERS_BRAGG,BBOB,9.883520272489267
PHOTONIC_10LAYERS_BRAGG,BBOB,14.0748737886634
PHOTONIC_10LAYERS_BRAGG,BBOB,6.605318579272645
PHOTONIC_10LAYERS_BRAGG,BBOB,10.233796986333443
PHOTONIC_10LAYERS_BRAGG,BBOB,8.737029515710894
PHOTONIC_10LAYERS_BRAGG,BBOB,11.546077521479411
PHOTONIC_10LAYERS_BRAGG,BBOB,9.491301021419304
PHOTONIC_10LAYERS_BRAGG,BBOB,8.79910435617375
PHOTONIC_10LAYERS_BRAGG,BBOB,7.48855910525915
PHOTONIC_10LAYERS_BRAGG,BBOB,7.390465508478743
PHOTONIC_10LAYERS_BRAGG,BBOB,9.017642911414022
PHOTONIC_10LAYERS_BRAGG,BBOB,6.8935883532808555
PHOTONIC_10LAYERS_BRAGG,BBOB,8.594660291990062
PHOTONIC_10LAYERS_BRAGG,BBOB,11.139704121099806
PHOTONIC_10LAYERS_BRAGG,BBOB,9.011701872986537
PHOTONIC_10LAYERS_BRAGG,BBOB,10.246433168211308
PHOTONIC_10LAYERS_BRAGG,BBOB,7.41466431951598
PHOTONIC_10LAYERS_BRAGG,BBOB,6.533779468892365
PHOTONIC_10LAYERS_BRAGG,BBOB,13.544268338692245
PHOTONIC_10LAYERS_BRAGG,BBOB,9.188948745033839
PHOTONIC_10LAYERS_BRAGG,BBOB,9.308372594897113
PHOTONIC_10LAYERS_BRAGG,BBOB,9.96096793962403
PHOTONIC_10LAYERS_BRAGG,BBOB,8.389845921486904
PHOTONIC_10LAYERS_BRAGG,BBOB,6.988292105964092
PHOTONIC_10LAYERS_BRAGG,BBOB,10.63409466987672
PHOTONIC_10LAYERS_BRAGG,BBOB,8.550765220345586
PHOTONIC_10LAYERS_BRAGG,BBOB,7.5148851755018
PHOTONIC_10LAYERS_BRAGG,BBOB,9.960774459633614
PHOTONIC_10LAYERS_BRAGG,BBOB,7.9532755665747334
PHOTONIC_10LAYERS_BRAGG,BBOB,11.252780536158047
PHOTONIC_10LAYERS_BRAGG,BBOB,9.448259200224571
PHOTONIC_10LAYERS_BRAGG,BBOB,8.425750801897586
PHOTONIC_10LAYERS_BRAGG,BBOB,10.946434167794687
PHOTONIC_10LAYERS_BRAGG,BBOB,11.51920374577884
PHOTONIC_10LAYERS_BRAGG,BBOB,8.57487937358784
PHOTONIC_10LAYERS_BRAGG,BBOB,7.855648995110423
PHOTONIC_10LAYERS_BRAGG,BBOB,9.854170392156288
PHOTONIC_10LAYERS_BRAGG,BBOB,8.660221053738386
PHOTONIC_10LAYERS_BRAGG,BBOB,8.962984891596768
PHOTONIC_10LAYERS_BRAGG,BBOB,9.47451816033209
PHOTONIC_10LAYERS_BRAGG,BBOB,8.992849452023465
PHOTONIC_10LAYERS_BRAGG,BBOB,11.425539620213023
PHOTONIC_10LAYERS_BRAGG,BBOB,6.5144859085668525
PHOTONIC_10LAYERS_BRAGG,BBOB,8.705211789653402
PHOTONIC_10LAYERS_BRAGG,BBOB,7.262138351162997
PHOTONIC_10LAYERS_BRAGG,BBOB,8.797824908180221
PHOTONIC_10LAYERS_BRAGG,BBOB,13.703206946403283
PHOTONIC_10LAYERS_BRAGG,BBOB,10.749303778418248
PHOTONIC_10LAYERS_BRAGG,BBOB,10.015123337843024
PHOTONIC_10LAYERS_BRAGG,BBOB,8.70480705401248
PHOTONIC_10LAYERS_BRAGG,BBOB,9.294451516681454
PHOTONIC_10LAYERS_BRAGG,BBOB,8.427644269412108
PHOTONIC_10LAYERS_BRAGG,BBOB,6.2895667362362255
PHOTONIC_10LAYERS_BRAGG,BBOB,9.806064647162657
PHOTONIC_10LAYERS_BRAGG,BBOB,9.80951536051953
PHOTONIC_10LAYERS_BRAGG,BBOB,6.694022879352336
PHOTONIC_10LAYERS_BRAGG,BBOB,9.44814456971086
PHOTONIC_10LAYERS_BRAGG,BBOB,6.48328245985661
PHOTONIC_10LAYERS_BRAGG,BBOB,9.168973650927919
PHOTONIC_10LAYERS_BRAGG,BBOB,9.040338247491563
PHOTONIC_10LAYERS_BRAGG,BBOB,10.246412801737856
PHOTONIC_10LAYERS_BRAGG,BBOB,12.206660674183592
PHOTONIC_10LAYERS_BRAGG,BBOB,11.251937356438344
PHOTONIC_10LAYERS_BRAGG,BBOB,13.775598742144972
PHOTONIC_10LAYERS_BRAGG,BBOB,9.760019246900487
PHOTONIC_10LAYERS_BRAGG,BBOB,6.535600308466603
PHOTONIC_10LAYERS_BRAGG,BBOB,8.201932227942985
PHOTONIC_10LAYERS_BRAGG,BBOB,10.747477830990915
PHOTONIC_10LAYERS_BRAGG,BBOB,9.144635127978145
PHOTONIC_10LAYERS_BRAGG,BBOB,8.988910809822377
PHOTONIC_10LAYERS_BRAGG,BBOB,6.893915885265881
PHOTONIC_10LAYERS_BRAGG,BBOB,9.01093014483426
PHOTONIC_10LAYERS_BRAGG,BBOB,11.902245124855941
PHOTONIC_10LAYERS_BRAGG,BBOB,8.951853416167783
PHOTONIC_10LAYERS_BRAGG,BBOB,8.86460180141023
PHOTONIC_10LAYERS_BRAGG,BBOB,10.77167412352708
PHOTONIC_10LAYERS_BRAGG,BBOB,12.049372224855086
PHOTONIC_10LAYERS_BRAGG,BBOB,9.943041917409323
PHOTONIC_10LAYERS_BRAGG,BBOB,8.881862928120318
PHOTONIC_10LAYERS_BRAGG,BBOB,9.276761622253973
PHOTONIC_10LAYERS_BRAGG,BBOB,10.198820337391165
PHOTONIC_10LAYERS_BRAGG,BBOB,9.07436138011562
PHOTONIC_10LAYERS_BRAGG,BBOB,14.069201966451685
PHOTONIC_10LAYERS_BRAGG,BBOB,9.207293942015278
PHOTONIC_10LAYERS_BRAGG,BBOB,9.156738514455263
PHOTONIC_10LAYERS_BRAGG,BBOB,9.606002897474916
PHOTONIC_10LAYERS_BRAGG,BBOB,8.393010435941244
PHOTONIC_10LAYERS_BRAGG,BBOB,9.28207834648399
PHOTONIC_10LAYERS_BRAGG,BBOB,7.446512857919413
PHOTONIC_10LAYERS_BRAGG,BBOB,8.771134936479475
PHOTONIC_10LAYERS_BRAGG,BBOB,7.189432873118271
PHOTONIC_10LAYERS_BRAGG,BBOB,6.391738843421681
PHOTONIC_10LAYERS_BRAGG,BBOB,12.598095184329098
PHOTONIC_10LAYERS_BRAGG,BBOB,8.35509908903457
PHOTONIC_10LAYERS_BRAGG,BBOB,9.97726718208731
PHOTONIC_10LAYERS_BRAGG,BBOB,8.667129223057541
PHOTONIC_10LAYERS_BRAGG,BBOB,8.746003099090865
PHOTONIC_10LAYERS_BRAGG,BBOB,9.32635094315223
PHOTONIC_10LAYERS_BRAGG,BBOB,8.16429662653313
PHOTONIC_10LAYERS_BRAGG,BBOB,8.68342793166155
PHOTONIC_10LAYERS_BRAGG,BBOB,7.567034508493144
PHOTONIC_10LAYERS_BRAGG,BBOB,9.097396767840689
PHOTONIC_10LAYERS_BRAGG,BBOB,7.861025312257933
PHOTONIC_10LAYERS_BRAGG,BBOB,11.123058821680386
PHOTONIC_10LAYERS_BRAGG,BBOB,7.970751311722776
PHOTONIC_10LAYERS_BRAGG,BBOB,9.071949846477104
PHOTONIC_10LAYERS_BRAGG,BBOB,9.417026478008623
PHOTONIC_10LAYERS_BRAGG,BBOB,9.315892389245258
PHOTONIC_10LAYERS_BRAGG,BBOB,11.271357376498484
PHOTONIC_10LAYERS_BRAGG,BBOB,7.402843314362136
PHOTONIC_10LAYERS_BRAGG,BBOB,8.95873879301546
PHOTONIC_10LAYERS_BRAGG,BBOB,7.470649986511118
PHOTONIC_10LAYERS_BRAGG,BBOB,8.788711318943015
PHOTONIC_10LAYERS_BRAGG,BBOB,12.021944129831523
PHOTONIC_10LAYERS_BRAGG,BBOB,7.4694089552250835
PHOTONIC_10LAYERS_BRAGG,BBOB,8.760219852678478
PHOTONIC_10LAYERS_BRAGG,BBOB,7.388333381553792
PHOTONIC_10LAYERS_BRAGG,BBOB,7.186380962186642
PHOTONIC_10LAYERS_BRAGG,BBOB,8.858529026742017
PHOTONIC_10LAYERS_BRAGG,BBOB,6.521180363401819
PHOTONIC_10LAYERS_BRAGG,BBOB,9.53673678009674
PHOTONIC_10LAYERS_BRAGG,BBOB,6.509765468751813
PHOTONIC_10LAYERS_BRAGG,BBOB,11.41886542778305
PHOTONIC_10LAYERS_BRAGG,BBOB,8.446343989657642
PHOTONIC_10LAYERS_BRAGG,BBOB,7.4615558741694565
PHOTONIC_10LAYERS_BRAGG,BBOB,8.441243966678371
PHOTONIC_10LAYERS_BRAGG,BBOB,8.700350971336022
PHOTONIC_10LAYERS_BRAGG,BBOB,10.541873836911998
PHOTONIC_10LAYERS_BRAGG,BBOB,9.325650660272064
PHOTONIC_10LAYERS_BRAGG,BBOB,13.774326394564254
PHOTONIC_10LAYERS_BRAGG,BBOB,7.882920333263278
PHOTONIC_10LAYERS_BRAGG,BBOB,7.42072925049508
PHOTONIC_10LAYERS_BRAGG,BBOB,9.2053749471613
PHOTONIC_10LAYERS_BRAGG,BBOB,11.267014694164985
PHOTONIC_10LAYERS_BRAGG,BBOB,6.989049416052751
PHOTONIC_10LAYERS_BRAGG,BBOB,8.621758614187076
PHOTONIC_10LAYERS_BRAGG,BBOB,12.12746875726751
PHOTONIC_10LAYERS_BRAGG,BBOB,9.08258022706619
PHOTONIC_10LAYERS_BRAGG,BBOB,6.89153690613934
PHOTONIC_10LAYERS_BRAGG,BBOB,10.709476122997456
PHOTONIC_10LAYERS_BRAGG,BBOB,7.493514270759277
PHOTONIC_10LAYERS_BRAGG,BBOB,11.124765405753871
PHOTONIC_10LAYERS_BRAGG,BBOB,10.742103993888659
PHOTONIC_10LAYERS_BRAGG,BBOB,12.648916341858161
PHOTONIC_10LAYERS_BRAGG,BBOB,9.193746882384678
PHOTONIC_10LAYERS_BRAGG,BBOB,9.492456545360188
PHOTONIC_10LAYERS_BRAGG,BBOB,10.2148451830075
PHOTONIC_10LAYERS_BRAGG,BBOB,7.431983934526205
PHOTONIC_10LAYERS_BRAGG,BBOB,9.583387140940507
PHOTONIC_10LAYERS_BRAGG,BBOB,9.109326734717829
PHOTONIC_10LAYERS_BRAGG,BBOB,9.002426833149787
PHOTONIC_10LAYERS_BRAGG,BBOB,8.947521717204868
PHOTONIC_10LAYERS_BRAGG,BBOB,10.609806759667785
PHOTONIC_10LAYERS_BRAGG,BBOB,13.402508165792014
PHOTONIC_10LAYERS_BRAGG,BBOB,9.175445042144533
PHOTONIC_10LAYERS_BRAGG,BBOB,11.85275562690254
PHOTONIC_10LAYERS_BRAGG,BBOB,9.947366341267038
PHOTONIC_10LAYERS_BRAGG,BBOB,8.763740716625263
PHOTONIC_10LAYERS_BRAGG,BBOB,10.197105337587487
PHOTONIC_10LAYERS_BRAGG,BBOB,6.505987087218433
PHOTONIC_10LAYERS_BRAGG,BBOB,8.818121405272649
PHOTONIC_10LAYERS_BRAGG,BBOB,11.56903995196313
PHOTONIC_10LAYERS_BRAGG,BBOB,10.049077522758289
PHOTONIC_10LAYERS_BRAGG,BBOB,7.4781614291544845
PHOTONIC_10LAYERS_BRAGG,BBOB,8.73469123813907
PHOTONIC_10LAYERS_BRAGG,BBOB,9.072585522135151
PHOTONIC_10LAYERS_BRAGG,BBOB,9.537497541132733
PHOTONIC_10LAYERS_BRAGG,BBOB,9.32272413844831
PHOTONIC_10LAYERS_BRAGG,BBOB,12.727991909276225
PHOTONIC_10LAYERS_BRAGG,BBOB,13.704218802487386
PHOTONIC_10LAYERS_BRAGG,BBOB,7.4168341752403935
PHOTONIC_10LAYERS_BRAGG,BBOB,10.072259400277419
PHOTONIC_10LAYERS_BRAGG,BBOB,7.93602440493524
PHOTONIC_10LAYERS_BRAGG,BBOB,7.573635335382314
PHOTONIC_10LAYERS_BRAGG,BBOB,8.348003477324312
PHOTONIC_10LAYERS_BRAGG,BBOB,7.181927334102536
PHOTONIC_10LAYERS_BRAGG,BBOB,10.062125593913384
PHOTONIC_10LAYERS_BRAGG,BBOB,12.57000334473977
PHOTONIC_10LAYERS_BRAGG,BBOB,7.852681473754604
PHOTONIC_10LAYERS_BRAGG,BBOB,11.02495074129798
PHOTONIC_10LAYERS_BRAGG,BBOB,8.06055550190636
PHOTONIC_10LAYERS_BRAGG,BBOB,7.323834953482712
PHOTONIC_10LAYERS_BRAGG,BBOB,9.329226926425559
PHOTONIC_10LAYERS_BRAGG,BBOB,8.959215906808142
PHOTONIC_10LAYERS_BRAGG,BBOB,10.239474219237744
PHOTONIC_10LAYERS_BRAGG,BBOB,9.51750721505193
PHOTONIC_10LAYERS_BRAGG,BBOB,8.71260740777767
PHOTONIC_10LAYERS_BRAGG,BBOB,7.335851367350534
PHOTONIC_10LAYERS_BRAGG,BBOB,9.043847818110201
PHOTONIC_10LAYERS_BRAGG,BBOB,9.063176399828361
PHOTONIC_10LAYERS_BRAGG,BBOB,9.164376054843917
PHOTONIC_10LAYERS_BRAGG,BBOB,9.460419094915778
PHOTONIC_10LAYERS_BRAGG,BBOB,7.194203979389698
PHOTONIC_10LAYERS_BRAGG,BBOB,8.858640109056552
PHOTONIC_10LAYERS_BRAGG,BBOB,10.018339580212801
PHOTONIC_10LAYERS_BRAGG,BBOB,8.666328542688973
PHOTONIC_10LAYERS_BRAGG,BBOB,9.350661000732238
PHOTONIC_10LAYERS_BRAGG,BBOB,9.63062711851144
PHOTONIC_10LAYERS_BRAGG,BBOB,10.021825955347948
PHOTONIC_10LAYERS_BRAGG,BBOB,7.460814246980195
PHOTONIC_10LAYERS_BRAGG,BBOB,10.029105431940573
PHOTONIC_10LAYERS_BRAGG,BBOB,6.464309073317809
PHOTONIC_10LAYERS_BRAGG,BBOB,13.774954916731886
PHOTONIC_10LAYERS_BRAGG,BBOB,6.604268777960103
PHOTONIC_10LAYERS_BRAGG,BBOB,8.422221225821556
PHOTONIC_10LAYERS_BRAGG,BBOB,7.10834382599144
PHOTONIC_10LAYERS_BRAGG,BBOB,9.108405392772937
PHOTONIC_10LAYERS_BRAGG,BBOB,10.617000508072223
PHOTONIC_10LAYERS_BRAGG,BBOB,9.786439337625463
PHOTONIC_10LAYERS_BRAGG,BBOB,8.385839830601181
PHOTONIC_10LAYERS_BRAGG,BBOB,9.148448054117475
PHOTONIC_10LAYERS_BRAGG,BBOB,11.611976561776526
PHOTONIC_10LAYERS_BRAGG,BBOB,6.461094949403686
PHOTONIC_10LAYERS_BRAGG,BBOB,11.57323558875302
PHOTONIC_10LAYERS_BRAGG,BBOB,9.185478040786544
PHOTONIC_10LAYERS_BRAGG,BBOB,6.65924448445842
PHOTONIC_10LAYERS_BRAGG,BBOB,7.511595469579067
PHOTONIC_10LAYERS_BRAGG,BBOB,10.551418867414524
PHOTONIC_10LAYERS_BRAGG,BBOB,6.558604105943125
PHOTONIC_10LAYERS_BRAGG,BBOB,13.670949700269174
PHOTONIC_10LAYERS_BRAGG,BBOB,10.622429579814979
PHOTONIC_10LAYERS_BRAGG,BBOB,11.123102993715653
PHOTONIC_10LAYERS_BRAGG,BBOB,8.454087378311636
PHOTONIC_10LAYERS_BRAGG,BBOB,11.426629223735974
PHOTONIC_10LAYERS_BRAGG,BBOB,11.961674827688288
PHOTONIC_10LAYERS_BRAGG,BBOB,8.623128750229158
PHOTONIC_10LAYERS_BRAGG,BBOB,11.160270155078743
PHOTONIC_10LAYERS_BRAGG,BBOB,6.708865501115226
PHOTONIC_10LAYERS_BRAGG,BBOB,10.023140253447469
PHOTONIC_10LAYERS_BRAGG,BBOB,11.21090501470668
PHOTONIC_10LAYERS_BRAGG,BBOB,6.462413956285451
PHOTONIC_10LAYERS_BRAGG,BBOB,7.39019101008379
PHOTONIC_10LAYERS_BRAGG,BBOB,9.495278921694162
PHOTONIC_10LAYERS_BRAGG,BBOB,7.967335836790018
PHOTONIC_10LAYERS_BRAGG,BBOB,7.896704398855406
PHOTONIC_10LAYERS_BRAGG,BBOB,10.91583090304805
PHOTONIC_10LAYERS_BRAGG,BBOB,8.155837935992293
PHOTONIC_10LAYERS_BRAGG,BBOB,13.535046962818836
PHOTONIC_10LAYERS_BRAGG,BBOB,9.110874121454625
PHOTONIC_10LAYERS_BRAGG,BBOB,6.512677833658473
PHOTONIC_10LAYERS_BRAGG,BBOB,9.51853748406393
PHOTONIC_10LAYERS_BRAGG,BBOB,7.011492756711701
PHOTONIC_10LAYERS_BRAGG,BBOB,8.491220053635118
PHOTONIC_10LAYERS_BRAGG,BBOB,7.441334774721876
PHOTONIC_10LAYERS_BRAGG,BBOB,10.458453737686185
PHOTONIC_10LAYERS_BRAGG,BBOB,10.076478532947519
PHOTONIC_10LAYERS_BRAGG,BBOB,7.436285820759842
PHOTONIC_10LAYERS_BRAGG,BBOB,9.64741592271283
PHOTONIC_10LAYERS_BRAGG,BBOB,11.044427728021327
PHOTONIC_10LAYERS_BRAGG,BBOB,10.439512156649762
PHOTONIC_10LAYERS_BRAGG,BBOB,7.216552095728448
PHOTONIC_10LAYERS_BRAGG,BBOB,8.185107797508829
PHOTONIC_10LAYERS_BRAGG,BBOB,13.391167727929213
PHOTONIC_10LAYERS_BRAGG,BBOB,7.360154359845969
PHOTONIC_10LAYERS_BRAGG,BBOB,7.413818905504026
PHOTONIC_10LAYERS_BRAGG,BBOB,11.948049774025876
PHOTONIC_10LAYERS_BRAGG,BBOB,8.961838816599704
PHOTONIC_10LAYERS_BRAGG,BBOB,8.640545709704185
PHOTONIC_10LAYERS_BRAGG,BBOB,9.000467649758022
PHOTONIC_10LAYERS_BRAGG,BBOB,9.979333385602235
PHOTONIC_10LAYERS_BRAGG,BBOB,8.68851028459593
PHOTONIC_10LAYERS_BRAGG,BBOB,8.201273213495405
PHOTONIC_10LAYERS_BRAGG,BBOB,8.961671608894092
PHOTONIC_10LAYERS_BRAGG,BBOB,13.40028712483723
PHOTONIC_10LAYERS_BRAGG,BBOB,7.431221859200464
PHOTONIC_10LAYERS_BRAGG,BBOB,7.415705883331028
PHOTONIC_10LAYERS_BRAGG,BBOB,11.177297924218669
PHOTONIC_10LAYERS_BRAGG,BBOB,9.315855716326064
PHOTONIC_10LAYERS_BRAGG,BBOB,9.156073729502161
PHOTONIC_10LAYERS_BRAGG,BBOB,7.583893889405447
PHOTONIC_10LAYERS_BRAGG,BBOB,8.53778321309023
PHOTONIC_10LAYERS_BRAGG,BBOB,9.236586766971431
PHOTONIC_10LAYERS_BRAGG,BBOB,6.5151539089114685
PHOTONIC_10LAYERS_BRAGG,BBOB,7.416375271097093
PHOTONIC_10LAYERS_BRAGG,BBOB,8.1850173036226
PHOTONIC_10LAYERS_BRAGG,BBOB,7.119521894897741
PHOTONIC_10LAYERS_BRAGG,BBOB,12.70190458571821
PHOTONIC_10LAYERS_BRAGG,BBOB,11.974226909332435
PHOTONIC_10LAYERS_BRAGG,BBOB,11.938114032473992
PHOTONIC_10LAYERS_BRAGG,BBOB,9.440030777280342
PHOTONIC_10LAYERS_BRAGG,BBOB,10.192799304993033
PHOTONIC_10LAYERS_BRAGG,BBOB,11.124489571832559
PHOTONIC_10LAYERS_BRAGG,BBOB,10.770552552832228
PHOTONIC_10LAYERS_BRAGG,BBOB,9.185131523123369
PHOTONIC_10LAYERS_BRAGG,BBOB,11.092198564948598
PHOTONIC_10LAYERS_BRAGG,BBOB,8.489877715769454
PHOTONIC_10LAYERS_BRAGG,BBOB,10.922092627975463
PHOTONIC_10LAYERS_BRAGG,BBOB,8.580516738156728
PHOTONIC_10LAYERS_BRAGG,BBOB,6.875788034483746
PHOTONIC_10LAYERS_BRAGG,BBOB,9.823497377197501
PHOTONIC_10LAYERS_BRAGG,BBOB,9.089856548948593
PHOTONIC_10LAYERS_BRAGG,BBOB,11.479190431314949
PHOTONIC_10LAYERS_BRAGG,BBOB,9.642064553697166
PHOTONIC_10LAYERS_BRAGG,BBOB,13.515177552015476
PHOTONIC_10LAYERS_BRAGG,BBOB,12.327731166558491
PHOTONIC_10LAYERS_BRAGG,BBOB,13.746185700967182
PHOTONIC_10LAYERS_BRAGG,BBOB,11.906149812090675
PHOTONIC_10LAYERS_BRAGG,BBOB,8.641225950174974
PHOTONIC_10LAYERS_BRAGG,BBOB,7.261016246412271
PHOTONIC_10LAYERS_BRAGG,BBOB,9.629515809358741
PHOTONIC_10LAYERS_BRAGG,BBOB,13.411337710225268
PHOTONIC_10LAYERS_BRAGG,BBOB,9.153342757607918
PHOTONIC_10LAYERS_BRAGG,BBOB,7.482189793433474
PHOTONIC_10LAYERS_BRAGG,BBOB,7.475004654468906
PHOTONIC_10LAYERS_BRAGG,BBOB,9.807759259923142
PHOTONIC_10LAYERS_BRAGG,BBOB,9.662586013345997
PHOTONIC_10LAYERS_BRAGG,BBOB,9.002246284370546
PHOTONIC_10LAYERS_BRAGG,BBOB,8.71254134891785
PHOTONIC_10LAYERS_BRAGG,BBOB,8.89429804141493
PHOTONIC_10LAYERS_BRAGG,BBOB,8.43750039982194
PHOTONIC_10LAYERS_BRAGG,BBOB,7.360323579957141
PHOTONIC_10LAYERS_BRAGG,BBOB,10.470923590805025
PHOTONIC_10LAYERS_BRAGG,BBOB,9.576258127948357
PHOTONIC_10LAYERS_BRAGG,BBOB,10.627356840366604
PHOTONIC_10LAYERS_BRAGG,BBOB,12.321387370382395
PHOTONIC_10LAYERS_BRAGG,BBOB,8.347710065914393
PHOTONIC_10LAYERS_BRAGG,BBOB,7.452814372228528
PHOTONIC_10LAYERS_BRAGG,BBOB,8.772013113933015
PHOTONIC_10LAYERS_BRAGG,BBOB,9.074913711005122
PHOTONIC_10LAYERS_BRAGG,BBOB,11.181746238793876
PHOTONIC_10LAYERS_BRAGG,BBOB,7.776452031839442
PHOTONIC_10LAYERS_BRAGG,BBOB,9.484797688625589
PHOTONIC_10LAYERS_BRAGG,BBOB,8.116791410193185
PHOTONIC_10LAYERS_BRAGG,BBOB,10.234904635453736
PHOTONIC_10LAYERS_BRAGG,BBOB,6.89109230267738
PHOTONIC_10LAYERS_BRAGG,BBOB,8.898676963842728
PHOTONIC_10LAYERS_BRAGG,BBOB,9.10117092515457
PHOTONIC_10LAYERS_BRAGG,BBOB,11.265516570586936
PHOTONIC_10LAYERS_BRAGG,BBOB,7.967656316414754
PHOTONIC_10LAYERS_BRAGG,BBOB,10.326789758639196
PHOTONIC_10LAYERS_BRAGG,BBOB,8.961671608894092
PHOTONIC_10LAYERS_BRAGG,BBOB,10.071391163110839
PHOTONIC_10LAYERS_BRAGG,BBOB,6.5059857041909
PHOTONIC_10LAYERS_BRAGG,BBOB,9.579822975215581
PHOTONIC_10LAYERS_BRAGG,BBOB,9.949080700377367
PHOTONIC_10LAYERS_BRAGG,BBOB,9.674751702920483
PHOTONIC_10LAYERS_BRAGG,BBOB,8.164182912627123
PHOTONIC_10LAYERS_BRAGG,BBOB,11.448069346113815
PHOTONIC_10LAYERS_BRAGG,BBOB,8.576354196849243
PHOTONIC_10LAYERS_BRAGG,BBOB,8.155888164590612
PHOTONIC_10LAYERS_BRAGG,BBOB,8.519419260536084
PHOTONIC_10LAYERS_BRAGG,BBOB,9.86426085526042
PHOTONIC_10LAYERS_BRAGG,BBOB,7.3585934271855225
PHOTONIC_10LAYERS_BRAGG,BBOB,8.734499353965603
PHOTONIC_10LAYERS_BRAGG,BBOB,11.176830208801366
PHOTONIC_10LAYERS_BRAGG,BBOB,8.787459743878127
PHOTONIC_10LAYERS_BRAGG,BBOB,9.913251675848432
PHOTONIC_10LAYERS_BRAGG,BBOB,11.42245189323984
PHOTONIC_10LAYERS_BRAGG,BBOB,8.356022933215415
PHOTONIC_10LAYERS_BRAGG,BBOB,9.511012128311037
PHOTONIC_10LAYERS_BRAGG,BBOB,7.888167443283305
PHOTONIC_10LAYERS_BRAGG,BBOB,8.201264035992986
PHOTONIC_10LAYERS_BRAGG,BBOB,11.063235567862378
PHOTONIC_10LAYERS_BRAGG,BBOB,11.943350106985184
PHOTONIC_10LAYERS_BRAGG,BBOB,9.505253790131379
PHOTONIC_10LAYERS_BRAGG,BBOB,8.550277195611008
PHOTONIC_10LAYERS_BRAGG,BBOB,9.500072835241287
PHOTONIC_10LAYERS_BRAGG,BBOB,7.457096774008949
PHOTONIC_10LAYERS_BRAGG,BBOB,8.76152117242484
PHOTONIC_10LAYERS_BRAGG,BBOB,11.61587519912055
PHOTONIC_10LAYERS_BRAGG,BBOB,8.494756362698977
PHOTONIC_10LAYERS_BRAGG,BBOB,9.97669803364117
PHOTONIC_10LAYERS_BRAGG,BBOB,10.545610835393116
PHOTONIC_10LAYERS_BRAGG,BBOB,11.967697139349404
PHOTONIC_10LAYERS_BRAGG,BBOB,10.36923409789879
PHOTONIC_10LAYERS_BRAGG,BBOB,6.485444168005181
PHOTONIC_10LAYERS_BRAGG,BBOB,8.19730927004346
PHOTONIC_10LAYERS_BRAGG,BBOB,8.552418579021415
PHOTONIC_10LAYERS_BRAGG,BBOB,10.679572585709606
PHOTONIC_10LAYERS_BRAGG,BBOB,10.624209872130507
PHOTONIC_10LAYERS_BRAGG,BBOB,9.103861934788203
PHOTONIC_10LAYERS_BRAGG,BBOB,8.332049881524053
PHOTONIC_10LAYERS_BRAGG,BBOB,9.964176141787572
PHOTONIC_10LAYERS_BRAGG,BBOB,7.012393531982957
PHOTONIC_10LAYERS_BRAGG,BBOB,10.649761869382443
PHOTONIC_10LAYERS_BRAGG,BBOB,10.71795168608135
PHOTONIC_10LAYERS_BRAGG,BBOB,13.707822136378198
PHOTONIC_10LAYERS_BRAGG,BBOB,9.931159354004349
PHOTONIC_10LAYERS_BRAGG,BBOB,10.954258235215988
PHOTONIC_10LAYERS_BRAGG,BBOB,7.402290158237116
PHOTONIC_10LAYERS_BRAGG,BBOB,8.896645337385083
PHOTONIC_10LAYERS_BRAGG,BBOB,11.289082968228524
PHOTONIC_10LAYERS_BRAGG,BBOB,10.23560593569389
PHOTONIC_10LAYERS_BRAGG,BBOB,6.562066716702405
PHOTONIC_10LAYERS_BRAGG,BBOB,10.937917142653104
PHOTONIC_10LAYERS_BRAGG,BBOB,8.424610287806312
PHOTONIC_10LAYERS_BRAGG,BBOB,6.477810521948188
PHOTONIC_10LAYERS_BRAGG,BBOB,9.300708723368356
PHOTONIC_10LAYERS_BRAGG,BBOB,8.27297682476357
PHOTONIC_10LAYERS_BRAGG,BBOB,10.546778301641698
PHOTONIC_10LAYERS_BRAGG,BBOB,7.42504669783926
PHOTONIC_10LAYERS_BRAGG,BBOB,7.883271089224719
PHOTONIC_10LAYERS_BRAGG,BBOB,9.514126452323026
PHOTONIC_10LAYERS_BRAGG,BBOB,8.760408012390382
PHOTONIC_10LAYERS_BRAGG,BBOB,8.950106853343744
PHOTONIC_10LAYERS_BRAGG,BBOB,6.778814874240255
PHOTONIC_10LAYERS_BRAGG,BBOB,6.492272961622048
PHOTONIC_10LAYERS_BRAGG,BBOB,9.27705600513783
PHOTONIC_10LAYERS_BRAGG,BBOB,10.196104127910953
PHOTONIC_10LAYERS_BRAGG,BBOB,7.43131587973571
PHOTONIC_10LAYERS_BRAGG,BBOB,8.48425381314403
PHOTONIC_10LAYERS_BRAGG,BBOB,10.08591200370376
PHOTONIC_10LAYERS_BRAGG,BBOB,10.078821121424166
PHOTONIC_10LAYERS_BRAGG,BBOB,7.417073114464448
PHOTONIC_10LAYERS_BRAGG,BBOB,10.120207592191313
PHOTONIC_10LAYERS_BRAGG,BBOB,6.676404192986948
PHOTONIC_10LAYERS_BRAGG,BBOB,7.348762708683521
PHOTONIC_10LAYERS_BRAGG,BBOB,6.321276279556224
PHOTONIC_10LAYERS_BRAGG,BBOB,6.506513074792844
PHOTONIC_10LAYERS_BRAGG,BBOB,9.41524323626496
PHOTONIC_10LAYERS_BRAGG,BBOB,9.431414325431101
PHOTONIC_10LAYERS_BRAGG,BBOB,9.001473410898019
PHOTONIC_10LAYERS_BRAGG,BBOB,6.8532360716091425
PHOTONIC_10LAYERS_BRAGG,BBOB,8.835164182085217
PHOTONIC_10LAYERS_BRAGG,BBOB,8.665502073957738
PHOTONIC_10LAYERS_BRAGG,BBOB,6.463857795922724
PHOTONIC_10LAYERS_BRAGG,BBOB,11.966324868545533
PHOTONIC_10LAYERS_BRAGG,BBOB,10.236292895642578
PHOTONIC_10LAYERS_BRAGG,BBOB,8.623481470044453
PHOTONIC_10LAYERS_BRAGG,BBOB,6.816020481365548
PHOTONIC_10LAYERS_BRAGG,BBOB,8.81792028099218
PHOTONIC_10LAYERS_BRAGG,BBOB,9.277915600513792
PHOTONIC_10LAYERS_BRAGG,BBOB,6.50878107187059
PHOTONIC_10LAYERS_BRAGG,BBOB,10.775589813821751
PHOTONIC_10LAYERS_BRAGG,BBOB,8.02877573580703
PHOTONIC_10LAYERS_BRAGG,BBOB,9.075083181653325
PHOTONIC_10LAYERS_BRAGG,BBOB,7.9418398267410195
PHOTONIC_10LAYERS_BRAGG,BBOB,9.963418813765234
PHOTONIC_10LAYERS_BRAGG,BBOB,10.950665504490468
PHOTONIC_10LAYERS_BRAGG,BBOB,21.16052258482132
PHOTONIC_10LAYERS_BRAGG,BBOB,11.482497283713027
PHOTONIC_10LAYERS_BRAGG,BBOB,6.3233282860712
PHOTONIC_10LAYERS_BRAGG,BBOB,9.510842110784584
PHOTONIC_10LAYERS_BRAGG,BBOB,9.114118822187942
PHOTONIC_10LAYERS_BRAGG,BBOB,9.94876776930753
PHOTONIC_10LAYERS_BRAGG,BBOB,14.058725656260654
PHOTONIC_10LAYERS_BRAGG,BBOB,9.091440276652198
PHOTONIC_10LAYERS_BRAGG,BBOB,8.388331230183349
PHOTONIC_10LAYERS_BRAGG,BBOB,7.194087327254295
PHOTONIC_10LAYERS_BRAGG,BBOB,14.084583910010966
PHOTONIC_10LAYERS_BRAGG,BBOB,8.859421260863977
PHOTONIC_10LAYERS_BRAGG,BBOB,9.124111582530965
PHOTONIC_10LAYERS_BRAGG,BBOB,7.507101064775364
PHOTONIC_10LAYERS_BRAGG,BBOB,6.391610399126706
PHOTONIC_10LAYERS_BRAGG,BBOB,8.523500101138925
PHOTONIC_10LAYERS_BRAGG,BBOB,6.875443458765654
PHOTONIC_10LAYERS_BRAGG,BBOB,8.958153447820635
PHOTONIC_10LAYERS_BRAGG,BBOB,9.217486706767376
PHOTONIC_10LAYERS_BRAGG,BBOB,8.523193235867161
PHOTONIC_10LAYERS_BRAGG,BBOB,7.120111440913318
PHOTONIC_10LAYERS_BRAGG,BBOB,9.956799267417106
PHOTONIC_10LAYERS_BRAGG,BBOB,6.524260123284011
PHOTONIC_10LAYERS_BRAGG,BBOB,9.295736567348508
PHOTONIC_10LAYERS_BRAGG,BBOB,8.746606428690805
PHOTONIC_10LAYERS_BRAGG,BBOB,11.839987355093404
PHOTONIC_10LAYERS_BRAGG,BBOB,11.732724235671427
PHOTONIC_10LAYERS_BRAGG,BBOB,11.967439583927316
PHOTONIC_10LAYERS_BRAGG,BBOB,8.746497239655971
PHOTONIC_10LAYERS_BRAGG,BBOB,10.783437421432778
PHOTONIC_10LAYERS_BRAGG,BBOB,10.771533236479705
PHOTONIC_10LAYERS_BRAGG,BBOB,6.779408670553746
PHOTONIC_10LAYERS_BRAGG,BBOB,6.681168389310561
PHOTONIC_10LAYERS_BRAGG,BBOB,8.163938027381638
PHOTONIC_10LAYERS_BRAGG,BBOB,9.164951925782663
PHOTONIC_10LAYERS_BRAGG,BBOB,7.440371893977891
PHOTONIC_10LAYERS_BRAGG,BBOB,6.988763248879009
PHOTONIC_10LAYERS_BRAGG,BBOB,10.969031137173838
PHOTONIC_10LAYERS_BRAGG,BBOB,7.465953182025597
PHOTONIC_10LAYERS_BRAGG,BBOB,8.595720059257973
PHOTONIC_10LAYERS_BRAGG,BBOB,10.23785376283285
PHOTONIC_10LAYERS_BRAGG,BBOB,13.029386746696451
PHOTONIC_10LAYERS_BRAGG,BBOB,9.506375751513344
PHOTONIC_10LAYERS_BRAGG,BBOB,8.683660295626407
PHOTONIC_10LAYERS_BRAGG,BBOB,11.838444366134425
PHOTONIC_10LAYERS_BRAGG,BBOB,9.459631477633614
PHOTONIC_10LAYERS_BRAGG,BBOB,8.500943916014798
PHOTONIC_10LAYERS_BRAGG,BBOB,21.186068703216005
PHOTONIC_10LAYERS_BRAGG,BBOB,8.355204099326997
PHOTONIC_10LAYERS_BRAGG,BBOB,7.425561771586378
PHOTONIC_10LAYERS_BRAGG,BBOB,12.020394445769963
PHOTONIC_10LAYERS_BRAGG,BBOB,7.511439091827637
PHOTONIC_10LAYERS_BRAGG,BBOB,6.324864263506202
PHOTONIC_10LAYERS_BRAGG,BBOB,9.118635260636314
PHOTONIC_10LAYERS_BRAGG,BBOB,7.945456588498058
PHOTONIC_10LAYERS_BRAGG,BBOB,8.356734402582198
PHOTONIC_10LAYERS_BRAGG,BBOB,9.662228552408664
PHOTONIC_10LAYERS_BRAGG,BBOB,6.505960232781667
PHOTONIC_10LAYERS_BRAGG,BBOB,10.94056699742541
PHOTONIC_10LAYERS_BRAGG,BBOB,7.863800204490793
PHOTONIC_10LAYERS_BRAGG,BBOB,7.527723634771492
PHOTONIC_10LAYERS_BRAGG,BBOB,10.245691695980144
PHOTONIC_10LAYERS_BRAGG,BBOB,8.676773644351547
PHOTONIC_10LAYERS_BRAGG,BBOB,8.552126741885933
PHOTONIC_10LAYERS_BRAGG,BBOB,10.24681421546765
PHOTONIC_10LAYERS_BRAGG,BBOB,8.393687070702518
PHOTONIC_10LAYERS_BRAGG,BBOB,8.952833489079556
PHOTONIC_10LAYERS_BRAGG,BBOB,7.477470891578284
PHOTONIC_10LAYERS_BRAGG,BBOB,8.520129822505826
PHOTONIC_10LAYERS_BRAGG,BBOB,10.239114053657836
PHOTONIC_10LAYERS_BRAGG,BBOB,8.737238143889439
PHOTONIC_10LAYERS_BRAGG,BBOB,7.596259937527992
PHOTONIC_10LAYERS_BRAGG,BBOB,9.670486824571176
PHOTONIC_10LAYERS_BRAGG,BBOB,9.572025987760286
PHOTONIC_10LAYERS_BRAGG,BBOB,9.968842610037575
PHOTONIC_10LAYERS_BRAGG,BBOB,9.642929824085773
PHOTONIC_10LAYERS_BRAGG,BBOB,7.348282432789695
PHOTONIC_10LAYERS_BRAGG,BBOB,6.544908502889864
PHOTONIC_10LAYERS_BRAGG,BBOB,6.506679901623757
PHOTONIC_10LAYERS_BRAGG,BBOB,10.481597311126807
PHOTONIC_10LAYERS_BRAGG,BBOB,9.47195999560823
PHOTONIC_10LAYERS_BRAGG,BBOB,9.790422253762317
PHOTONIC_10LAYERS_BRAGG,BBOB,6.989597189588704
PHOTONIC_10LAYERS_BRAGG,BBOB,9.316402073037297
PHOTONIC_10LAYERS_BRAGG,BBOB,9.640309136268113
PHOTONIC_10LAYERS_BRAGG,BBOB,9.342827253471562
PHOTONIC_10LAYERS_BRAGG,BBOB,8.355139005773061
PHOTONIC_10LAYERS_BRAGG,BBOB,8.124383091340045
PHOTONIC_10LAYERS_BRAGG,BBOB,10.47133056639325
PHOTONIC_10LAYERS_BRAGG,BBOB,10.982047828821987
PHOTONIC_10LAYERS_BRAGG,BBOB,20.832629670423035
PHOTONIC_10LAYERS_BRAGG,BBOB,10.231566012927042
PHOTONIC_10LAYERS_BRAGG,BBOB,12.872167812284928
PHOTONIC_10LAYERS_BRAGG,BBOB,9.326492523041344
PHOTONIC_10LAYERS_BRAGG,BBOB,10.884969763334404
PHOTONIC_10LAYERS_BRAGG,BBOB,8.77221150875335
PHOTONIC_10LAYERS_BRAGG,BBOB,9.505432617711064
PHOTONIC_10LAYERS_BRAGG,BBOB,10.627429646539655
PHOTONIC_10LAYERS_BRAGG,BBOB,8.127627016573246
PHOTONIC_10LAYERS_BRAGG,BBOB,10.683215979495522
PHOTONIC_10LAYERS_BRAGG,BBOB,9.063601625040066
PHOTONIC_10LAYERS_BRAGG,BBOB,6.494822979033926
PHOTONIC_10LAYERS_BRAGG,BBOB,10.456606124750111
PHOTONIC_10LAYERS_BRAGG,BBOB,10.92989837419005
PHOTONIC_10LAYERS_BRAGG,BBOB,7.482765797248848
PHOTONIC_10LAYERS_BRAGG,BBOB,20.690076434005118
PHOTONIC_10LAYERS_BRAGG,BBOB,9.339679525597473
PHOTONIC_10LAYERS_BRAGG,BBOB,7.005530471832209
PHOTONIC_10LAYERS_BRAGG,BBOB,7.889346160719046
PHOTONIC_10LAYERS_BRAGG,BBOB,8.711671441841034
PHOTONIC_10LAYERS_BRAGG,BBOB,8.547077245065772
PHOTONIC_10LAYERS_BRAGG,BBOB,7.197833429353297
PHOTONIC_10LAYERS_BRAGG,BBOB,9.275920145233373
PHOTONIC_10LAYERS_BRAGG,BBOB,9.454347525011434
PHOTONIC_10LAYERS_BRAGG,BBOB,8.418523370718715
PHOTONIC_10LAYERS_BRAGG,BBOB,11.946554285317406
PHOTONIC_10LAYERS_BRAGG,BBOB,10.638350037847305
PHOTONIC_10LAYERS_BRAGG,BBOB,6.98532235120109
PHOTONIC_10LAYERS_BRAGG,BBOB,9.157840215719533
PHOTONIC_10LAYERS_BRAGG,BBOB,7.5555323501109255
PHOTONIC_10LAYERS_BRAGG,BBOB,10.34450757914738
PHOTONIC_10LAYERS_BRAGG,BBOB,9.67760087689881
PHOTONIC_10LAYERS_BRAGG,BBOB,7.579698139379054
PHOTONIC_10LAYERS_BRAGG,BBOB,11.943976939636466
PHOTONIC_10LAYERS_BRAGG,BBOB,8.985028091513746
PHOTONIC_10LAYERS_BRAGG,BBOB,8.387867915911787
PHOTONIC_10LAYERS_BRAGG,BBOB,8.674151147059177
PHOTONIC_10LAYERS_BRAGG,BBOB,8.704730922995154
PHOTONIC_10LAYERS_BRAGG,BBOB,6.989676457640304
PHOTONIC_10LAYERS_BRAGG,BBOB,6.658204645547585
PHOTONIC_10LAYERS_BRAGG,BBOB,8.662784092140885
PHOTONIC_10LAYERS_BRAGG,BBOB,14.087765529134963
PHOTONIC_10LAYERS_BRAGG,BBOB,8.163755940723885
PHOTONIC_10LAYERS_BRAGG,BBOB,10.690904327950687
PHOTONIC_10LAYERS_BRAGG,BBOB,8.101765816361953
PHOTONIC_10LAYERS_BRAGG,BBOB,8.829369436359972
PHOTONIC_10LAYERS_BRAGG,BBOB,8.386009836036882
PHOTONIC_10LAYERS_BRAGG,BBOB,12.696384417339141
PHOTONIC_10LAYERS_BRAGG,BBOB,7.361649384074663
PHOTONIC_10LAYERS_BRAGG,BBOB,7.378619813279936
PHOTONIC_10LAYERS_BRAGG,BBOB,8.133950890663561
PHOTONIC_10LAYERS_BRAGG,BBOB,8.746218816245287
PHOTONIC_10LAYERS_BRAGG,BBOB,6.8242138904092515
PHOTONIC_10LAYERS_BRAGG,BBOB,8.706762667323387
PHOTONIC_10LAYERS_BRAGG,BBOB,7.950477020908559
PHOTONIC_10LAYERS_BRAGG,BBOB,9.49237708742596
PHOTONIC_10LAYERS_BRAGG,BBOB,7.360862486788346
PHOTONIC_10LAYERS_BRAGG,BBOB,10.983567081830671
PHOTONIC_10LAYERS_BRAGG,BBOB,10.241817004573125
PHOTONIC_10LAYERS_BRAGG,BBOB,9.081850352501228
PHOTONIC_10LAYERS_BRAGG,BBOB,8.067212438083114
PHOTONIC_10LAYERS_BRAGG,BBOB,7.524530044017532
PHOTONIC_10LAYERS_BRAGG,BBOB,9.921636484399745
PHOTONIC_10LAYERS_BRAGG,BBOB,8.965050234917626
PHOTONIC_10LAYERS_BRAGG,BBOB,8.124864065775887
PHOTONIC_10LAYERS_BRAGG,BBOB,10.23388365111951
PHOTONIC_10LAYERS_BRAGG,BBOB,7.437335346922571
PHOTONIC_10LAYERS_BRAGG,BBOB,10.741213430044667
PHOTONIC_10LAYERS_BRAGG,BBOB,9.476568607064856
PHOTONIC_10LAYERS_BRAGG,BBOB,9.478880294106428
PHOTONIC_10LAYERS_BRAGG,BBOB,7.428542735216012
PHOTONIC_10LAYERS_BRAGG,BBOB,6.490588598513053
PHOTONIC_10LAYERS_BRAGG,BBOB,6.639696782957879
PHOTONIC_10LAYERS_BRAGG,BBOB,8.939507260850279
PHOTONIC_10LAYERS_BRAGG,BBOB,12.046410744565756
PHOTONIC_10LAYERS_BRAGG,BBOB,8.428340836419812
PHOTONIC_10LAYERS_BRAGG,BBOB,9.673228402470384
PHOTONIC_10LAYERS_BRAGG,BBOB,7.971080806143681
PHOTONIC_10LAYERS_BRAGG,BBOB,6.985241337712951
PHOTONIC_10LAYERS_BRAGG,BBOB,9.12100041926397
PHOTONIC_10LAYERS_BRAGG,BBOB,13.698601801766952
PHOTONIC_10LAYERS_BRAGG,BBOB,9.482662021186144
PHOTONIC_10LAYERS_BRAGG,BBOB,9.068194010362648
PHOTONIC_10LAYERS_BRAGG,BBOB,8.576063990742847
PHOTONIC_10LAYERS_BRAGG,BBOB,8.348305215144777
PHOTONIC_10LAYERS_BRAGG,BBOB,11.729444235227662
PHOTONIC_10LAYERS_BRAGG,BBOB,7.377659771854558
PHOTONIC_10LAYERS_BRAGG,BBOB,13.65078734170784
PHOTONIC_10LAYERS_BRAGG,BBOB,8.797352487152963
PHOTONIC_10LAYERS_BRAGG,BBOB,9.089091696432831
PHOTONIC_10LAYERS_BRAGG,BBOB,8.659921070878971
PHOTONIC_10LAYERS_BRAGG,BBOB,8.184740891541894
PHOTONIC_10LAYERS_BRAGG,BBOB,8.786415925794774
PHOTONIC_10LAYERS_BRAGG,BBOB,11.857831648363463
PHOTONIC_10LAYERS_BRAGG,BBOB,9.12184155168495
PHOTONIC_10LAYERS_BRAGG,BBOB,10.698751843194081
PHOTONIC_10LAYERS_BRAGG,BBOB,10.91510814945537
PHOTONIC_10LAYERS_BRAGG,BBOB,6.503186990784715
PHOTONIC_10LAYERS_BRAGG,BBOB,9.97789931681775
PHOTONIC_10LAYERS_BRAGG,BBOB,6.494632209906724
PHOTONIC_10LAYERS_BRAGG,BBOB,9.789491676606822
PHOTONIC_10LAYERS_BRAGG,BBOB,10.546856083149056
PHOTONIC_10LAYERS_BRAGG,BBOB,6.511957645991618
PHOTONIC_10LAYERS_BRAGG,BBOB,6.888013957858262
PHOTONIC_10LAYERS_BRAGG,BBOB,9.482294560838104
PHOTONIC_10LAYERS_BRAGG,BBOB,9.149418462064276
PHOTONIC_10LAYERS_BRAGG,BBOB,9.10985338697091
PHOTONIC_10LAYERS_BRAGG,BBOB,9.260555565980644
PHOTONIC_10LAYERS_BRAGG,BBOB,7.401520404394987
PHOTONIC_10LAYERS_BRAGG,BBOB,9.328175714314783
PHOTONIC_10LAYERS_BRAGG,BBOB,8.627549800695734
PHOTONIC_10LAYERS_BRAGG,BBOB,6.603188610589821
PHOTONIC_10LAYERS_BRAGG,BBOB,9.082563567319564
PHOTONIC_10LAYERS_BRAGG,BBOB,8.5757146510444
PHOTONIC_10LAYERS_BRAGG,BBOB,9.473696528892933
PHOTONIC_10LAYERS_BRAGG,BBOB,11.943667602072443
PHOTONIC_10LAYERS_BRAGG,BBOB,10.19344613978491
PHOTONIC_10LAYERS_BRAGG,BBOB,7.506375668949072
PHOTONIC_10LAYERS_BRAGG,BBOB,7.196781696180451
PHOTONIC_10LAYERS_BRAGG,BBOB,8.452933965185592
PHOTONIC_10LAYERS_BRAGG,BBOB,9.95228286448142
PHOTONIC_10LAYERS_BRAGG,BBOB,10.790747501477318
PHOTONIC_10LAYERS_BRAGG,BBOB,10.644016600961322
PHOTONIC_10LAYERS_BRAGG,BBOB,7.945717344843455
PHOTONIC_10LAYERS_BRAGG,BBOB,7.939227102873198
PHOTONIC_10LAYERS_BRAGG,BBOB,9.960292968950458
PHOTONIC_10LAYERS_BRAGG,BBOB,10.28741864697723
PHOTONIC_10LAYERS_BRAGG,BBOB,10.239619997531037
PHOTONIC_10LAYERS_BRAGG,BBOB,8.059225067846866
PHOTONIC_10LAYERS_BRAGG,BBOB,10.98796474324441
PHOTONIC_10LAYERS_BRAGG,BBOB,9.110150209662855
PHOTONIC_10LAYERS_BRAGG,BBOB,9.893400776658693
PHOTONIC_10LAYERS_BRAGG,BBOB,9.166725832858248
PHOTONIC_10LAYERS_BRAGG,BBOB,6.518798204979021
PHOTONIC_10LAYERS_BRAGG,BBOB,8.400512611361036
PHOTONIC_10LAYERS_BRAGG,BBOB,9.07391598191525
PHOTONIC_10LAYERS_BRAGG,BBOB,9.57476637315219
PHOTONIC_10LAYERS_BRAGG,BBOB,9.273928755776819
PHOTONIC_10LAYERS_BRAGG,BBOB,6.527327128207953
PHOTONIC_10LAYERS_BRAGG,BBOB,8.525716361673839
PHOTONIC_10LAYERS_BRAGG,BBOB,7.254312392501375
PHOTONIC_10LAYERS_BRAGG,BBOB,6.887126150278116
PHOTONIC_10LAYERS_BRAGG,BBOB,6.51350203244694
PHOTONIC_10LAYERS_BRAGG,BBOB,11.474875902796585
PHOTONIC_10LAYERS_BRAGG,BBOB,7.419851531046463
PHOTONIC_10LAYERS_BRAGG,BBOB,10.450777374309077
PHOTONIC_10LAYERS_BRAGG,BBOB,20.745160408536044
PHOTONIC_10LAYERS_BRAGG,BBOB,8.743855502267499
PHOTONIC_10LAYERS_BRAGG,BBOB,6.504806527864571
PHOTONIC_10LAYERS_BRAGG,BBOB,8.881367165498224
PHOTONIC_10LAYERS_BRAGG,BBOB,9.493318090482687
PHOTONIC_10LAYERS_BRAGG,BBOB,10.545148883911404
PHOTONIC_10LAYERS_BRAGG,BBOB,10.12068773967107
PHOTONIC_10LAYERS_BRAGG,BBOB,7.880787341912995
PHOTONIC_10LAYERS_BRAGG,BBOB,10.424151749333175
PHOTONIC_10LAYERS_BRAGG,BBOB,10.233366349548094
PHOTONIC_10LAYERS_BRAGG,BBOB,9.243408879851042
PHOTONIC_10LAYERS_BRAGG,BBOB,7.428263772022077
PHOTONIC_10LAYERS_BRAGG,BBOB,10.47620279417207
PHOTONIC_10LAYERS_BRAGG,BBOB,9.055431911550262
PHOTONIC_10LAYERS_BRAGG,BBOB,9.583742028649638
PHOTONIC_10LAYERS_BRAGG,BBOB,13.508669939235173
PHOTONIC_10LAYERS_BRAGG,BBOB,7.555555681467252
PHOTONIC_10LAYERS_BRAGG,BBOB,7.455108047470019
PHOTONIC_10LAYERS_BRAGG,BBOB,8.13417306880645
PHOTONIC_10LAYERS_BRAGG,BBOB,6.708225853512973
PHOTONIC_10LAYERS_BRAGG,BBOB,7.595765640860526
PHOTONIC_10LAYERS_BRAGG,BBOB,11.123268597205419
PHOTONIC_10LAYERS_BRAGG,BBOB,9.119139786877799
PHOTONIC_10LAYERS_BRAGG,BBOB,10.591716923373964
PHOTONIC_10LAYERS_BRAGG,BBOB,12.27964751264105
PHOTONIC_10LAYERS_BRAGG,BBOB,7.183381407633831
PHOTONIC_10LAYERS_BRAGG,BBOB,9.758315729786505
PHOTONIC_10LAYERS_BRAGG,BBOB,8.058292212326053
PHOTONIC_10LAYERS_BRAGG,BBOB,8.495003652254887
PHOTONIC_10LAYERS_BRAGG,BBOB,8.568362620696346
PHOTONIC_10LAYERS_BRAGG,BBOB,6.496334809348836
PHOTONIC_10LAYERS_BRAGG,BBOB,8.731540837822402
PHOTONIC_10LAYERS_BRAGG,BBOB,9.621209784662613
PHOTONIC_10LAYERS_BRAGG,BBOB,8.771237914761109
PHOTONIC_10LAYERS_BRAGG,BBOB,9.48169078224197
PHOTONIC_10LAYERS_BRAGG,BBOB,9.190188392588418
PHOTONIC_10LAYERS_BRAGG,BBOB,9.789597095820245
PHOTONIC_10LAYERS_BRAGG,BBOB,11.519780876888788
PHOTONIC_10LAYERS_BRAGG,BBOB,11.84036956772592
PHOTONIC_10LAYERS_BRAGG,BBOB,9.830281880104012
PHOTONIC_10LAYERS_BRAGG,BBOB,6.491928045630165
PHOTONIC_10LAYERS_BRAGG,BBOB,8.21238913440078
PHOTONIC_10LAYERS_BRAGG,BBOB,8.695971431141476
PHOTONIC_10LAYERS_BRAGG,BBOB,10.726733366954376
PHOTONIC_10LAYERS_BRAGG,BBOB,9.948507951725663
PHOTONIC_10LAYERS_BRAGG,BBOB,7.953516842823196
PHOTONIC_10LAYERS_BRAGG,BBOB,11.416286065409437
PHOTONIC_10LAYERS_BRAGG,BBOB,14.071596254329721
PHOTONIC_10LAYERS_BRAGG,BBOB,9.486877681114482
PHOTONIC_10LAYERS_BRAGG,BBOB,8.327735699388578
PHOTONIC_10LAYERS_BRAGG,BBOB,8.201849938074863
PHOTONIC_10LAYERS_BRAGG,BBOB,10.230389620140388
PHOTONIC_10LAYERS_BRAGG,BBOB,11.719016285277592
PHOTONIC_10LAYERS_BRAGG,BBOB,9.926137449983894
PHOTONIC_10LAYERS_BRAGG,BBOB,7.179252049105609
PHOTONIC_10LAYERS_BRAGG,BBOB,9.50005993071768
PHOTONIC_10LAYERS_BRAGG,BBOB,8.331826996769008
PHOTONIC_10LAYERS_BRAGG,BBOB,9.232629295731018
PHOTONIC_10LAYERS_BRAGG,BBOB,10.038880505138865
PHOTONIC_10LAYERS_BRAGG,BBOB,8.772040946873942
PHOTONIC_10LAYERS_BRAGG,BBOB,10.146195845550709
PHOTONIC_10LAYERS_BRAGG,BBOB,11.459172909456877
PHOTONIC_10LAYERS_BRAGG,BBOB,9.481889690182207
PHOTONIC_10LAYERS_BRAGG,BBOB,7.972545548217051
PHOTONIC_10LAYERS_BRAGG,BBOB,6.779963926956255
PHOTONIC_10LAYERS_BRAGG,BBOB,9.268198131035653
PHOTONIC_10LAYERS_BRAGG,BBOB,7.43518902369643
PHOTONIC_10LAYERS_BRAGG,BBOB,7.2549814580421135
PHOTONIC_10LAYERS_BRAGG,BBOB,14.362793870575194
PHOTONIC_10LAYERS_BRAGG,BBOB,8.393941512772258
PHOTONIC_10LAYERS_BRAGG,BBOB,11.877205303210397
PHOTONIC_10LAYERS_BRAGG,BBOB,7.950049551833828
PHOTONIC_10LAYERS_BRAGG,BBOB,8.52324112577502
PHOTONIC_10LAYERS_BRAGG,BBOB,6.844043474942771
PHOTONIC_10LAYERS_BRAGG,BBOB,10.075118615877784
PHOTONIC_10LAYERS_BRAGG,BBOB,6.987717903891738
PHOTONIC_10LAYERS_BRAGG,BBOB,21.16616031619373
PHOTONIC_10LAYERS_BRAGG,BBOB,6.983918245527347
PHOTONIC_10LAYERS_BRAGG,BBOB,6.522767294020122
PHOTONIC_10LAYERS_BRAGG,BBOB,6.47904200927055
PHOTONIC_10LAYERS_BRAGG,BBOB,8.348548535348007
PHOTONIC_10LAYERS_BRAGG,BBOB,9.326012255750108
PHOTONIC_10LAYERS_BRAGG,BBOB,13.029707819079803
PHOTONIC_10LAYERS_BRAGG,BBOB,10.480609742095224
PHOTONIC_10LAYERS_BRAGG,BBOB,9.476593793416937
PHOTONIC_10LAYERS_BRAGG,BBOB,10.168349340909002
PHOTONIC_10LAYERS_BRAGG,BBOB,10.076424040319852
PHOTONIC_10LAYERS_BRAGG,BBOB,10.028736611924906
PHOTONIC_10LAYERS_BRAGG,BBOB,8.957993170949814
PHOTONIC_10LAYERS_BRAGG,BBOB,11.647371499116245
PHOTONIC_10LAYERS_BRAGG,BBOB,9.971288745228462
PHOTONIC_10LAYERS_BRAGG,BBOB,9.180758511644758
PHOTONIC_10LAYERS_BRAGG,BBOB,9.813053333722552
PHOTONIC_10LAYERS_BRAGG,BBOB,8.750207693141324
PHOTONIC_10LAYERS_BRAGG,BBOB,8.308300024832056
PHOTONIC_10LAYERS_BRAGG,BBOB,9.139659282774115
PHOTONIC_10LAYERS_BRAGG,BBOB,8.155058844379543
PHOTONIC_10LAYERS_BRAGG,BBOB,11.874101289091245
PHOTONIC_10LAYERS_BRAGG,BBOB,6.502242708444207
PHOTONIC_10LAYERS_BRAGG,BBOB,10.91241746734826
PHOTONIC_10LAYERS_BRAGG,BBOB,7.181856974923965
PHOTONIC_10LAYERS_BRAGG,BBOB,6.487900499364859
PHOTONIC_10LAYERS_BRAGG,BBOB,10.550275747543614
PHOTONIC_10LAYERS_BRAGG,BBOB,9.165895418384466
PHOTONIC_10LAYERS_BRAGG,BBOB,6.5152099198966305
PHOTONIC_10LAYERS_BRAGG,BBOB,7.424068325470391
PHOTONIC_10LAYERS_BRAGG,BBOB,9.49474709444844
PHOTONIC_10LAYERS_BRAGG,BBOB,10.757969201994321
PHOTONIC_10LAYERS_BRAGG,BBOB,10.51106257932958
PHOTONIC_10LAYERS_BRAGG,BBOB,9.00521262549912
PHOTONIC_10LAYERS_BRAGG,BBOB,6.591162083596695
PHOTONIC_10LAYERS_BRAGG,BBOB,8.057025021214612
PHOTONIC_10LAYERS_BRAGG,BBOB,11.6887048096012
PHOTONIC_10LAYERS_BRAGG,BBOB,10.532672594102406
PHOTONIC_10LAYERS_BRAGG,BBOB,9.631092044580138
PHOTONIC_10LAYERS_BRAGG,BBOB,9.92872687473023
PHOTONIC_10LAYERS_BRAGG,BBOB,7.359244752850073
PHOTONIC_10LAYERS_BRAGG,BBOB,9.275104554623836
PHOTONIC_10LAYERS_BRAGG,BBOB,7.404397967187312
PHOTONIC_10LAYERS_BRAGG,BBOB,10.562495950250899
PHOTONIC_10LAYERS_BRAGG,BBOB,7.776956288105938
PHOTONIC_10LAYERS_BRAGG,BBOB,10.230295698403117
PHOTONIC_10LAYERS_BRAGG,BBOB,11.72197182786759
PHOTONIC_10LAYERS_BRAGG,BBOB,11.352269847193105
PHOTONIC_10LAYERS_BRAGG,BBOB,8.968281096211468
PHOTONIC_10LAYERS_BRAGG,BBOB,10.64444986714874
PHOTONIC_10LAYERS_BRAGG,BBOB,6.824858782153824
PHOTONIC_10LAYERS_BRAGG,BBOB,7.966585516539931
PHOTONIC_10LAYERS_BRAGG,BBOB,8.307532659640033
PHOTONIC_10LAYERS_BRAGG,BBOB,20.83198667390888
PHOTONIC_10LAYERS_BRAGG,BBOB,8.131992999768219
PHOTONIC_10LAYERS_BRAGG,BBOB,10.326969002102787
PHOTONIC_10LAYERS_BRAGG,BBOB,10.019217555517747
PHOTONIC_10LAYERS_BRAGG,BBOB,9.101721444814816
PHOTONIC_10LAYERS_BRAGG,BBOB,11.723446768285035
PHOTONIC_10LAYERS_BRAGG,BBOB,8.543719923465979
PHOTONIC_10LAYERS_BRAGG,BBOB,8.550421847563387
PHOTONIC_10LAYERS_BRAGG,BBOB,10.239653050333263
PHOTONIC_10LAYERS_BRAGG,BBOB,6.509888378570873
PHOTONIC_10LAYERS_BRAGG,BBOB,6.5113756023114675
PHOTONIC_10LAYERS_BRAGG,BBOB,10.047922260752715
PHOTONIC_10LAYERS_BRAGG,BBOB,8.94299610733244
PHOTONIC_10LAYERS_BRAGG,BBOB,6.498744869203757
PHOTONIC_10LAYERS_BRAGG,BBOB,9.130670452092675
PHOTONIC_10LAYERS_BRAGG,BBOB,8.16410026608692
PHOTONIC_10LAYERS_BRAGG,BBOB,8.196818591170944
PHOTONIC_10LAYERS_BRAGG,BBOB,11.74706403637523
PHOTONIC_10LAYERS_BRAGG,BBOB,9.274629391966682
PHOTONIC_10LAYERS_BRAGG,BBOB,6.988839441213879
PHOTONIC_10LAYERS_BRAGG,BBOB,7.887573259878675
PHOTONIC_10LAYERS_BRAGG,BBOB,9.365077883967897
PHOTONIC_10LAYERS_BRAGG,BBOB,8.680456324822254
PHOTONIC_10LAYERS_BRAGG,BBOB,8.55227878564357
PHOTONIC_10LAYERS_BRAGG,BBOB,8.348548535348007
PHOTONIC_10LAYERS_BRAGG,BBOB,6.5010722569150845
PHOTONIC_10LAYERS_BRAGG,BBOB,7.493221036691886
PHOTONIC_10LAYERS_BRAGG,BBOB,8.492169003652025
PHOTONIC_10LAYERS_BRAGG,BBOB,8.246811802043807
PHOTONIC_10LAYERS_BRAGG,BBOB,12.918451490954626
PHOTONIC_10LAYERS_BRAGG,BBOB,8.620563944273654
PHOTONIC_10LAYERS_BRAGG,BBOB,11.57666183097366
PHOTONIC_10LAYERS_BRAGG,BBOB,8.866371288775957
PHOTONIC_10LAYERS_BRAGG,BBOB,6.564486954747097
PHOTONIC_10LAYERS_BRAGG,BBOB,10.424702004276089
PHOTONIC_10LAYERS_BRAGG,BBOB,11.687293473488927
PHOTONIC_10LAYERS_BRAGG,BBOB,7.344178581323096
PHOTONIC_10LAYERS_BRAGG,BBOB,6.321347886630791
PHOTONIC_10LAYERS_BRAGG,BBOB,10.849769983294694
PHOTONIC_10LAYERS_BRAGG,BBOB,9.29114037892962
PHOTONIC_10LAYERS_BRAGG,BBOB,8.783400627117706
PHOTONIC_10LAYERS_BRAGG,BBOB,11.037340666405312
PHOTONIC_10LAYERS_BRAGG,BBOB,7.4814657726794
PHOTONIC_10LAYERS_BRAGG,BBOB,10.326518138316688
PHOTONIC_10LAYERS_BRAGG,BBOB,7.169722308240467
PHOTONIC_10LAYERS_BRAGG,BBOB,6.34765559099934
PHOTONIC_10LAYERS_BRAGG,BBOB,8.6195377017086
PHOTONIC_10LAYERS_BRAGG,BBOB,8.789873985326528
PHOTONIC_10LAYERS_BRAGG,BBOB,7.585313012126738
PHOTONIC_10LAYERS_BRAGG,BBOB,9.926770567043896
PHOTONIC_10LAYERS_BRAGG,BBOB,10.92215458862497
PHOTONIC_10LAYERS_BRAGG,BBOB,7.436871834806245
PHOTONIC_10LAYERS_BRAGG,BBOB,9.362188051125097
PHOTONIC_10LAYERS_BRAGG,BBOB,11.342789245518938
PHOTONIC_10LAYERS_BRAGG,BBOB,9.836328027334005
PHOTONIC_10LAYERS_BRAGG,BBOB,9.80601155124896
PHOTONIC_10LAYERS_BRAGG,BBOB,11.080942370450915
PHOTONIC_10LAYERS_BRAGG,BBOB,7.888662541204462
PHOTONIC_10LAYERS_BRAGG,BBOB,9.452001763381176
PHOTONIC_10LAYERS_BRAGG,BBOB,7.191928724818764
PHOTONIC_10LAYERS_BRAGG,BBOB,7.416370592104863
PHOTONIC_10LAYERS_BRAGG,BBOB,9.148396160532423
PHOTONIC_10LAYERS_BRAGG,BBOB,6.987862888463808
PHOTONIC_10LAYERS_BRAGG,BBOB,8.598256912760252
PHOTONIC_10LAYERS_BRAGG,BBOB,8.432164260292337
PHOTONIC_10LAYERS_BRAGG,BBOB,8.537799503347676
PHOTONIC_10LAYERS_BRAGG,BBOB,9.944257212038305
PHOTONIC_10LAYERS_BRAGG,BBOB,8.538455319546902
PHOTONIC_10LAYERS_BRAGG,BBOB,9.011132886345399
PHOTONIC_10LAYERS_BRAGG,BBOB,8.71249555875041
PHOTONIC_10LAYERS_BRAGG,BBOB,6.289676183575595
PHOTONIC_10LAYERS_BRAGG,BBOB,9.345355350136929
PHOTONIC_10LAYERS_BRAGG,BBOB,11.52228012698609
PHOTONIC_10LAYERS_BRAGG,BBOB,10.603072834377794
PHOTONIC_10LAYERS_BRAGG,BBOB,10.474179588382723
PHOTONIC_10LAYERS_BRAGG,BBOB,7.584017952758862
PHOTONIC_10LAYERS_BRAGG,BBOB,9.436039753976827
PHOTONIC_10LAYERS_BRAGG,BBOB,10.006451238198157
PHOTONIC_10LAYERS_BRAGG,BBOB,10.014899998587273
PHOTONIC_10LAYERS_BRAGG,BBOB,7.464575264196925
PHOTONIC_10LAYERS_BRAGG,BBOB,8.748160721330953
PHOTONIC_10LAYERS_BRAGG,BBOB,9.954150233396941
PHOTONIC_10LAYERS_BRAGG,BBOB,9.80279139503278
PHOTONIC_10LAYERS_BRAGG,BBOB,9.095747697653438
PHOTONIC_10LAYERS_BRAGG,BBOB,9.659817519051932
PHOTONIC_10LAYERS_BRAGG,BBOB,9.108327530635123
PHOTONIC_10LAYERS_BRAGG,BBOB,8.491893057494202
PHOTONIC_10LAYERS_BRAGG,BBOB,10.468470690023006
PHOTONIC_10LAYERS_BRAGG,BBOB,11.375345625586423
PHOTONIC_10LAYERS_BRAGG,BBOB,17.523653729130288
PHOTONIC_10LAYERS_BRAGG,BBOB,7.8775557414030715
PHOTONIC_10LAYERS_BRAGG,BBOB,9.496267904396884
PHOTONIC_10LAYERS_BRAGG,BBOB,10.267545043427118
PHOTONIC_10LAYERS_BRAGG,BBOB,10.921461557030954
PHOTONIC_10LAYERS_BRAGG,BBOB,9.40187167692009
PHOTONIC_10LAYERS_BRAGG,BBOB,9.423922838472873
PHOTONIC_10LAYERS_BRAGG,BBOB,9.287252886629059
PHOTONIC_10LAYERS_BRAGG,BBOB,9.944660073902822
PHOTONIC_10LAYERS_BRAGG,BBOB,10.528190510250198
PHOTONIC_10LAYERS_BRAGG,BBOB,7.834388297073531
PHOTONIC_10LAYERS_BRAGG,BBOB,6.464539738028538
PHOTONIC_10LAYERS_BRAGG,BBOB,8.524514741681422
PHOTONIC_10LAYERS_BRAGG,BBOB,13.775220326209634
PHOTONIC_10LAYERS_BRAGG,BBOB,9.085236444999934
PHOTONIC_10LAYERS_BRAGG,BBOB,10.783321067705625
PHOTONIC_10LAYERS_BRAGG,BBOB,10.461474568338211
PHOTONIC_10LAYERS_BRAGG,BBOB,7.875577408649573
PHOTONIC_10LAYERS_BRAGG,BBOB,6.840730953413437
PHOTONIC_10LAYERS_BRAGG,BBOB,8.538869457526001
PHOTONIC_10LAYERS_BRAGG,BBOB,11.697012959004367
PHOTONIC_10LAYERS_BRAGG,BBOB,8.499842749231263
PHOTONIC_10LAYERS_BRAGG,BBOB,6.32324009783214
PHOTONIC_10LAYERS_BRAGG,BBOB,7.372720352102525
PHOTONIC_10LAYERS_BRAGG,BBOB,10.217662915350163
PHOTONIC_10LAYERS_BRAGG,BBOB,8.424518574207585
PHOTONIC_10LAYERS_BRAGG,BBOB,8.876149720513896
PHOTONIC_10LAYERS_BRAGG,BBOB,8.819858630055235
PHOTONIC_10LAYERS_BRAGG,BBOB,9.046329928449989
PHOTONIC_10LAYERS_BRAGG,BBOB,6.884601193965308
PHOTONIC_10LAYERS_BRAGG,BBOB,9.686434126166315
PHOTONIC_10LAYERS_BRAGG,BBOB,11.43479923158437
PHOTONIC_10LAYERS_BRAGG,BBOB,9.083397168799756
PHOTONIC_10LAYERS_BRAGG,BBOB,10.555579256678817
PHOTONIC_10LAYERS_BRAGG,BBOB,9.580231502026713
PHOTONIC_10LAYERS_BRAGG,BBOB,13.688194524346644
PHOTONIC_10LAYERS_BRAGG,BBOB,8.347724836792592
PHOTONIC_10LAYERS_BRAGG,BBOB,9.589894648317415
PHOTONIC_10LAYERS_BRAGG,BBOB,7.403120614208529
PHOTONIC_10LAYERS_BRAGG,BBOB,9.925383935234809
PHOTONIC_10LAYERS_BRAGG,BBOB,9.447087805697528
PHOTONIC_10LAYERS_BRAGG,BBOB,6.482008763673977
PHOTONIC_10LAYERS_BRAGG,BBOB,12.876872290429576
PHOTONIC_10LAYERS_BRAGG,BBOB,9.316161144290449
PHOTONIC_10LAYERS_BRAGG,BBOB,9.13414239108763
PHOTONIC_10LAYERS_BRAGG,BBOB,11.020831713571186
PHOTONIC_10LAYERS_BRAGG,BBOB,7.185601943217066
PHOTONIC_10LAYERS_BRAGG,BBOB,8.678066970072523
PHOTONIC_10LAYERS_BRAGG,BBOB,10.229709180212136
PHOTONIC_10LAYERS_BRAGG,BBOB,8.348037778412575
PHOTONIC_10LAYERS_BRAGG,BBOB,8.864845274065656
PHOTONIC_10LAYERS_BRAGG,BBOB,8.747339712986998
PHOTONIC_10LAYERS_BRAGG,BBOB,8.547633381471734
PHOTONIC_10LAYERS_BRAGG,BBOB,6.901019347223868
PHOTONIC_10LAYERS_BRAGG,BBOB,7.889088183487582
PHOTONIC_10LAYERS_BRAGG,BBOB,8.732164290672594
PHOTONIC_10LAYERS_BRAGG,BBOB,8.272642081765039
PHOTONIC_10LAYERS_BRAGG,BBOB,10.923440107710888
PHOTONIC_10LAYERS_BRAGG,BBOB,9.089722173669633
PHOTONIC_10LAYERS_BRAGG,BBOB,9.259695646892247
PHOTONIC_10LAYERS_BRAGG,BBOB,7.921474092597615
PHOTONIC_10LAYERS_BRAGG,BBOB,10.694320738102416
PHOTONIC_10LAYERS_BRAGG,BBOB,10.53765526236979
PHOTONIC_10LAYERS_BRAGG,BBOB,7.181885365023935
PHOTONIC_10LAYERS_BRAGG,BBOB,8.057518336878543
PHOTONIC_10LAYERS_BRAGG,BBOB,6.476148328412871
PHOTONIC_10LAYERS_BRAGG,BBOB,9.506512746673437
PHOTONIC_10LAYERS_BRAGG,BBOB,9.576999203174303
PHOTONIC_10LAYERS_BRAGG,BBOB,9.235347214456244
PHOTONIC_10LAYERS_BRAGG,BBOB,9.822563512528504
PHOTONIC_10LAYERS_BRAGG,BBOB,9.743552216225318
PHOTONIC_10LAYERS_BRAGG,BBOB,11.721681367695426
PHOTONIC_10LAYERS_BRAGG,BBOB,10.628217153287892
PHOTONIC_10LAYERS_BRAGG,BBOB,6.8840763812130605
PHOTONIC_10LAYERS_BRAGG,BBOB,9.459549492302239
PHOTONIC_10LAYERS_BRAGG,BBOB,8.960915488051885
PHOTONIC_10LAYERS_BRAGG,BBOB,10.135297929436332
PHOTONIC_10LAYERS_BRAGG,BBOB,7.774748521012759
PHOTONIC_10LAYERS_BRAGG,BBOB,6.347365703385479
PHOTONIC_10LAYERS_BRAGG,BBOB,6.475918668415856
PHOTONIC_10LAYERS_BRAGG,BBOB,11.943594937390413
PHOTONIC_10LAYERS_BRAGG,BBOB,10.060748627078011
PHOTONIC_10LAYERS_BRAGG,BBOB,7.472240772958799
PHOTONIC_10LAYERS_BRAGG,BBOB,9.325431647279844
PHOTONIC_10LAYERS_BRAGG,BBOB,11.61113932130854
PHOTONIC_10LAYERS_BRAGG,BBOB,9.083166158382904
PHOTONIC_10LAYERS_BRAGG,BBOB,8.078100769637391
PHOTONIC_10LAYERS_BRAGG,BBOB,7.180798613899422
PHOTONIC_10LAYERS_BRAGG,BBOB,6.834500180998131
PHOTONIC_10LAYERS_BRAGG,BBOB,8.394651040051484
PHOTONIC_10LAYERS_BRAGG,BBOB,7.54900294920578
PHOTONIC_10LAYERS_BRAGG,BBOB,10.686681635563412
PHOTONIC_10LAYERS_BRAGG,BBOB,11.174906376105787
PHOTONIC_10LAYERS_BRAGG,BBOB,7.555207803209285
PHOTONIC_10LAYERS_BRAGG,BBOB,10.517002599853756
PHOTONIC_10LAYERS_BRAGG,BBOB,9.887791146346636
PHOTONIC_10LAYERS_BRAGG,BBOB,9.08319366404648
PHOTONIC_10LAYERS_BRAGG,BBOB,11.876552804114302
PHOTONIC_10LAYERS_BRAGG,BBOB,11.124253985009108
PHOTONIC_10LAYERS_BRAGG,BBOB,9.957914589488604
PHOTONIC_10LAYERS_BRAGG,BBOB,9.044815760748053
PHOTONIC_10LAYERS_BRAGG,BBOB,8.965948357245239
PHOTONIC_10LAYERS_BRAGG,BBOB,9.290234898224544
PHOTONIC_10LAYERS_BRAGG,BBOB,11.201788899002516
PHOTONIC_10LAYERS_BRAGG,BBOB,10.74758901126492
PHOTONIC_10LAYERS_BRAGG,BBOB,7.005028151479382
PHOTONIC_10LAYERS_BRAGG,BBOB,9.956339164413537
PHOTONIC_10LAYERS_BRAGG,BBOB,8.000825293255643
PHOTONIC_10LAYERS_BRAGG,BBOB,7.440995241778224
PHOTONIC_10LAYERS_BRAGG,BBOB,8.419516850060987
PHOTONIC_10LAYERS_BRAGG,BBOB,10.187404539140827
PHOTONIC_10LAYERS_BRAGG,BBOB,7.18158801863065
PHOTONIC_10LAYERS_BRAGG,BBOB,9.628308103187175
PHOTONIC_10LAYERS_BRAGG,BBOB,9.789250159179796
PHOTONIC_10LAYERS_BRAGG,BBOB,14.358883563535853
PHOTONIC_10LAYERS_BRAGG,BBOB,8.961671608894092
PHOTONIC_10LAYERS_BRAGG,BBOB,9.260273553075109
PHOTONIC_10LAYERS_BRAGG,BBOB,9.467166784366542
PHOTONIC_10LAYERS_BRAGG,BBOB,8.570031307330368
PHOTONIC_10LAYERS_BRAGG,BBOB,12.025724077171315
PHOTONIC_10LAYERS_BRAGG,BBOB,8.772276933979068
PHOTONIC_10LAYERS_BRAGG,BBOB,6.491286520560274
PHOTONIC_10LAYERS_BRAGG,BBOB,6.466881723704975
PHOTONIC_10LAYERS_BRAGG,BBOB,13.390997388456503
PHOTONIC_10LAYERS_BRAGG,BBOB,11.940015998770543
PHOTONIC_10LAYERS_BRAGG,BBOB,11.33501625500371
PHOTONIC_10LAYERS_BRAGG,BBOB,13.385888006368877
PHOTONIC_10LAYERS_BRAGG,BBOB,10.10789189758098
PHOTONIC_10LAYERS_BRAGG,BBOB,9.687092134165464
PHOTONIC_10LAYERS_BRAGG,BBOB,6.606348589768887
PHOTONIC_10LAYERS_BRAGG,BBOB,7.869944980031136
PHOTONIC_10LAYERS_BRAGG,BBOB,7.432019177786349
PHOTONIC_10LAYERS_BRAGG,BBOB,10.936813601551968
PHOTONIC_10LAYERS_BRAGG,BBOB,11.672469662969563
PHOTONIC_10LAYERS_BRAGG,BBOB,8.154507375613933
PHOTONIC_10LAYERS_BRAGG,BBOB,9.00842601012082
PHOTONIC_10LAYERS_BRAGG,BBOB,8.4935769405413
PHOTONIC_10LAYERS_BRAGG,BBOB,8.394624586502202
PHOTONIC_10LAYERS_BRAGG,BBOB,10.892542779566353
PHOTONIC_10LAYERS_BRAGG,BBOB,7.4861457297637966
PHOTONIC_10LAYERS_BRAGG,BBOB,7.835282391816906
PHOTONIC_10LAYERS_BRAGG,BBOB,11.711114370006019
PHOTONIC_10LAYERS_BRAGG,BBOB,8.58083734851521
PHOTONIC_10LAYERS_BRAGG,BBOB,7.1853316473955235
PHOTONIC_10LAYERS_BRAGG,BBOB,6.529470302164942
PHOTONIC_10LAYERS_BRAGG,BBOB,8.184229184539141
PHOTONIC_10LAYERS_BRAGG,BBOB,9.113901656362403
PHOTONIC_10LAYERS_BRAGG,BBOB,7.920587487207233
PHOTONIC_10LAYERS_BRAGG,BBOB,10.299810771295835
PHOTONIC_10LAYERS_BRAGG,BBOB,9.835477979323707
PHOTONIC_10LAYERS_BRAGG,BBOB,8.136958409882373
PHOTONIC_10LAYERS_BRAGG,BBOB,10.671117050557825
PHOTONIC_10LAYERS_BRAGG,BBOB,12.62989967955667
PHOTONIC_10LAYERS_BRAGG,BBOB,6.89156964812381
PHOTONIC_10LAYERS_BRAGG,BBOB,14.082345419824064
PHOTONIC_10LAYERS_BRAGG,BBOB,8.527550657377807
PHOTONIC_10LAYERS_BRAGG,BBOB,10.130878133908464
PHOTONIC_10LAYERS_BRAGG,BBOB,9.219705740220153
PHOTONIC_10LAYERS_BRAGG,BBOB,8.965776762599477
PHOTONIC_10LAYERS_BRAGG,BBOB,9.433922353318644
PHOTONIC_10LAYERS_BRAGG,BBOB,11.585415555917288
PHOTONIC_10LAYERS_BRAGG,BBOB,7.502012433316643
PHOTONIC_10LAYERS_BRAGG,BBOB,14.092311215118347
PHOTONIC_10LAYERS_BRAGG,BBOB,6.47275597955759
PHOTONIC_10LAYERS_BRAGG,BBOB,10.244989268095779
PHOTONIC_10LAYERS_BRAGG,BBOB,7.192055994290832
PHOTONIC_10LAYERS_BRAGG,BBOB,11.271820763726492
PHOTONIC_10LAYERS_BRAGG,BBOB,9.440508697394678
PHOTONIC_10LAYERS_BRAGG,BBOB,8.784403740211765
PHOTONIC_10LAYERS_BRAGG,BBOB,7.413976893515696
PHOTONIC_10LAYERS_BRAGG,BBOB,11.52979799565995
PHOTONIC_10LAYERS_BRAGG,BBOB,10.961439066559993
PHOTONIC_10LAYERS_BRAGG,BBOB,8.398002124843568
PHOTONIC_10LAYERS_BRAGG,BBOB,10.191396830367328
PHOTONIC_10LAYERS_BRAGG,BBOB,8.347531596693969
PHOTONIC_10LAYERS_BRAGG,BBOB,6.52968927683059
PHOTONIC_10LAYERS_BRAGG,BBOB,13.391929086377113
PHOTONIC_10LAYERS_BRAGG,BBOB,6.494439350761793
PHOTONIC_10LAYERS_BRAGG,BBOB,10.075657924907585
PHOTONIC_10LAYERS_BRAGG,BBOB,9.621938628077709
PHOTONIC_10LAYERS_BRAGG,BBOB,9.186967648072269
PHOTONIC_10LAYERS_BRAGG,BBOB,8.73754216200546
PHOTONIC_10LAYERS_BRAGG,BBOB,9.428504436026296
PHOTONIC_10LAYERS_BRAGG,BBOB,11.637619912859972
PHOTONIC_10LAYERS_BRAGG,BBOB,6.507190687723002
PHOTONIC_10LAYERS_BRAGG,BBOB,7.953779814092953
PHOTONIC_10LAYERS_BRAGG,BBOB,10.140533336456285
PHOTONIC_10LAYERS_BRAGG,BBOB,13.718762708874621
PHOTONIC_10LAYERS_BRAGG,BBOB,17.527303460433462
PHOTONIC_10LAYERS_BRAGG,BBOB,6.477534999475878
PHOTONIC_10LAYERS_BRAGG,BBOB,6.501515057395637
PHOTONIC_10LAYERS_BRAGG,BBOB,11.938488522023619
PHOTONIC_10LAYERS_BRAGG,BBOB,11.942860678735897
PHOTONIC_10LAYERS_BRAGG,BBOB,9.25974338984536
PHOTONIC_10LAYERS_BRAGG,BBOB,9.51647255234623
PHOTONIC_10LAYERS_BRAGG,BBOB,6.694206934208412
PHOTONIC_10LAYERS_BRAGG,BBOB,10.258006650327296
PHOTONIC_10LAYERS_BRAGG,BBOB,10.93297830045907
PHOTONIC_10LAYERS_BRAGG,BBOB,10.247726607159512
PHOTONIC_10LAYERS_BRAGG,BBOB,9.129200999707203
PHOTONIC_10LAYERS_BRAGG,BBOB,10.824354500376488
PHOTONIC_10LAYERS_BRAGG,BBOB,9.516023658809015
PHOTONIC_10LAYERS_BRAGG,BBOB,6.886985780736057
PHOTONIC_10LAYERS_BRAGG,BBOB,7.18520394158719
PHOTONIC_10LAYERS_BRAGG,BBOB,8.788183178191495
PHOTONIC_10LAYERS_BRAGG,BBOB,9.046802319137909
PHOTONIC_10LAYERS_BRAGG,BBOB,7.121788822935841
PHOTONIC_10LAYERS_BRAGG,BBOB,9.218503817888477
PHOTONIC_10LAYERS_BRAGG,BBOB,9.068311787279853
PHOTONIC_10LAYERS_BRAGG,BBOB,9.836684717309815
PHOTONIC_10LAYERS_BRAGG,BBOB,11.451091549111824
PHOTONIC_10LAYERS_BRAGG,BBOB,8.195843154037096
PHOTONIC_10LAYERS_BRAGG,BBOB,7.950626876947053
PHOTONIC_10LAYERS_BRAGG,BBOB,11.947293991736172
PHOTONIC_10LAYERS_BRAGG,BBOB,8.674971194662687
PHOTONIC_10LAYERS_BRAGG,BBOB,11.56184702766328
PHOTONIC_10LAYERS_BRAGG,BBOB,9.087509537315388
PHOTONIC_10LAYERS_BRAGG,BBOB,8.525047298693444
PHOTONIC_10LAYERS_BRAGG,BBOB,7.830574884076782
PHOTONIC_10LAYERS_BRAGG,BBOB,10.522635785304914
PHOTONIC_10LAYERS_BRAGG,BBOB,8.58059244196597
PHOTONIC_10LAYERS_BRAGG,BBOB,8.551847297980435
PHOTONIC_10LAYERS_BRAGG,BBOB,9.181395478554753
PHOTONIC_10LAYERS_BRAGG,BBOB,6.883584900002441
PHOTONIC_10LAYERS_BRAGG,BBOB,10.153687265712787
PHOTONIC_10LAYERS_BRAGG,BBOB,10.209345526891504
PHOTONIC_10LAYERS_BRAGG,BBOB,8.620937702919452
PHOTONIC_10LAYERS_BRAGG,BBOB,11.124804819866277
PHOTONIC_10LAYERS_BRAGG,BBOB,11.935008800465761
PHOTONIC_10LAYERS_BRAGG,BBOB,13.393559061817344
PHOTONIC_10LAYERS_BRAGG,BBOB,11.962847985511864
PHOTONIC_10LAYERS_BRAGG,BBOB,9.843758708123941
PHOTONIC_10LAYERS_BRAGG,BBOB,7.92980582500158
PHOTONIC_10LAYERS_BRAGG,BBOB,8.712582678239048
PHOTONIC_10LAYERS_BRAGG,BBOB,6.527347215608243
PHOTONIC_10LAYERS_BRAGG,BBOB,8.465831349302904
PHOTONIC_10LAYERS_BRAGG,BBOB,9.011217510330486
PHOTONIC_10LAYERS_BRAGG,BBOB,7.609578264276982
PHOTONIC_10LAYERS_BRAGG,BBOB,13.403149577707
PHOTONIC_10LAYERS_BRAGG,BBOB,10.546856083149056
PHOTONIC_10LAYERS_BRAGG,BBOB,11.50836072694063
PHOTONIC_10LAYERS_BRAGG,BBOB,8.500644602051514
PHOTONIC_10LAYERS_BRAGG,BBOB,10.218035759906645
PHOTONIC_10LAYERS_BRAGG,BBOB,8.798392909870444
PHOTONIC_10LAYERS_BRAGG,BBOB,11.022913331512907
PHOTONIC_10LAYERS_BRAGG,BBOB,9.926670345370297
PHOTONIC_10LAYERS_BRAGG,BBOB,7.231708105916121
PHOTONIC_10LAYERS_BRAGG,BBOB,8.540298702235022
PHOTONIC_10LAYERS_BRAGG,BBOB,14.088284434226667
PHOTONIC_10LAYERS_BRAGG,BBOB,8.737386593717918
PHOTONIC_10LAYERS_BRAGG,BBOB,10.043189665339863
PHOTONIC_10LAYERS_BRAGG,BBOB,9.989610597085269
PHOTONIC_10LAYERS_BRAGG,BBOB,7.197656083847624
PHOTONIC_10LAYERS_BRAGG,BBOB,8.546980375621587
PHOTONIC_10LAYERS_BRAGG,BBOB,7.197747615794405
PHOTONIC_10LAYERS_BRAGG,BBOB,7.376286709435696
PHOTONIC_10LAYERS_BRAGG,BBOB,13.77389982713435
PHOTONIC_10LAYERS_BRAGG,BBOB,8.662982883629441
PHOTONIC_10LAYERS_BRAGG,BBOB,8.685834563828672
PHOTONIC_10LAYERS_BRAGG,BBOB,9.181804203147381
PHOTONIC_10LAYERS_BRAGG,BBOB,11.494858193031941
PHOTONIC_10LAYERS_BRAGG,BBOB,7.120800361914089
PHOTONIC_10LAYERS_BRAGG,BBOB,11.943038656744834
PHOTONIC_10LAYERS_BRAGG,BBOB,7.540770528670786
PHOTONIC_10LAYERS_BRAGG,BBOB,9.956943074002435
PHOTONIC_10LAYERS_BRAGG,BBOB,11.545656079270426
PHOTONIC_10LAYERS_BRAGG,BBOB,9.91845699958445
PHOTONIC_10LAYERS_BRAGG,BBOB,11.023591444137153
PHOTONIC_10LAYERS_BRAGG,BBOB,10.550794728463904
PHOTONIC_10LAYERS_BRAGG,BBOB,7.827776957276731
PHOTONIC_10LAYERS_BRAGG,BBOB,8.867539465239512
PHOTONIC_10LAYERS_BRAGG,BBOB,17.52350418209819
PHOTONIC_10LAYERS_BRAGG,BBOB,9.133280371125426
PHOTONIC_10LAYERS_BRAGG,BBOB,10.06257973543508
PHOTONIC_10LAYERS_BRAGG,BBOB,8.790009476568901
PHOTONIC_10LAYERS_BRAGG,BBOB,6.564888845051382
PHOTONIC_10LAYERS_BRAGG,BBOB,6.834819442706281
PHOTONIC_10LAYERS_BRAGG,BBOB,12.636803651562616
PHOTONIC_10LAYERS_BRAGG,BBOB,6.505981609627016
PHOTONIC_10LAYERS_BRAGG,BBOB,6.988472773599603
PHOTONIC_10LAYERS_BRAGG,BBOB,6.893560892534638
PHOTONIC_10LAYERS_BRAGG,BBOB,10.00618821113177
PHOTONIC_10LAYERS_BRAGG,BBOB,6.9845098652962365
PHOTONIC_10LAYERS_BRAGG,BBOB,11.060588691980595
PHOTONIC_10LAYERS_BRAGG,BBOB,8.619393494957295
PHOTONIC_10LAYERS_BRAGG,BBOB,7.953054864639359
PHOTONIC_10LAYERS_BRAGG,BBOB,6.524554222713185
PHOTONIC_10LAYERS_BRAGG,BBOB,14.081546658761479
PHOTONIC_10LAYERS_BRAGG,BBOB,11.716995105676574
PHOTONIC_10LAYERS_BRAGG,BBOB,12.229897101794789
PHOTONIC_10LAYERS_BRAGG,BBOB,8.699610931698004
PHOTONIC_10LAYERS_BRAGG,BBOB,11.967942486603269
PHOTONIC_10LAYERS_BRAGG,BBOB,10.954872923156866
PHOTONIC_10LAYERS_BRAGG,BBOB,11.440635107699082
PHOTONIC_10LAYERS_BRAGG,BBOB,8.946786094865242
PHOTONIC_10LAYERS_BRAGG,BBOB,8.94856440988273
PHOTONIC_10LAYERS_BRAGG,BBOB,9.594967177890245
PHOTONIC_10LAYERS_BRAGG,BBOB,9.923047077919628
PHOTONIC_10LAYERS_BRAGG,BBOB,10.453966111534415
PHOTONIC_10LAYERS_BRAGG,BBOB,9.544087297827287
PHOTONIC_10LAYERS_BRAGG,BBOB,11.394321836068098
PHOTONIC_10LAYERS_BRAGG,BBOB,8.402435470573987
PHOTONIC_10LAYERS_BRAGG,BBOB,11.93887484760476
PHOTONIC_10LAYERS_BRAGG,BBOB,7.181317381285525
PHOTONIC_10LAYERS_BRAGG,BBOB,10.30539434897959
PHOTONIC_10LAYERS_BRAGG,BBOB,9.114760002502932
PHOTONIC_10LAYERS_BRAGG,BBOB,6.891568201959263
PHOTONIC_10LAYERS_BRAGG,BBOB,13.691064927134889
PHOTONIC_10LAYERS_BRAGG,BBOB,7.194015712708995
PHOTONIC_10LAYERS_BRAGG,BBOB,9.25301011470952
PHOTONIC_10LAYERS_BRAGG,BBOB,8.45259919400544
PHOTONIC_10LAYERS_BRAGG,BBOB,9.148804062728939
PHOTONIC_10LAYERS_BRAGG,BBOB,10.597280874512483
PHOTONIC_10LAYERS_BRAGG,BBOB,9.4997261531236
PHOTONIC_10LAYERS_BRAGG,BBOB,7.479072928581867
PHOTONIC_10LAYERS_BRAGG,BBOB,8.681536160343304
PHOTONIC_10LAYERS_BRAGG,BBOB,13.406481181531895
PHOTONIC_10LAYERS_BRAGG,BBOB,20.831964016867715
PHOTONIC_10LAYERS_BRAGG,BBOB,9.291097622438295
PHOTONIC_10LAYERS_BRAGG,BBOB,7.476097583692572
PHOTONIC_10LAYERS_BRAGG,BBOB,9.099212519722096
PHOTONIC_10LAYERS_BRAGG,BBOB,13.404087825928235
PHOTONIC_10LAYERS_BRAGG,BBOB,8.681106727534731
PHOTONIC_10LAYERS_BRAGG,BBOB,6.493482339582621
PHOTONIC_10LAYERS_BRAGG,BBOB,11.252768348660043
PHOTONIC_10LAYERS_BRAGG,BBOB,7.487949611177717
PHOTONIC_10LAYERS_BRAGG,BBOB,9.136047593735682
PHOTONIC_10LAYERS_BRAGG,BBOB,11.575453947948445
PHOTONIC_10LAYERS_BRAGG,BBOB,9.274071565439712
PHOTONIC_10LAYERS_BRAGG,BBOB,11.838426381009015
PHOTONIC_10LAYERS_BRAGG,BBOB,7.190123713300532
PHOTONIC_10LAYERS_BRAGG,BBOB,7.4673120148254455
PHOTONIC_10LAYERS_BRAGG,BBOB,9.083981361978948
PHOTONIC_10LAYERS_BRAGG,BBOB,11.530099980549407
PHOTONIC_10LAYERS_BRAGG,BBOB,13.41261556858384
PHOTONIC_10LAYERS_BRAGG,BBOB,9.323233520365251
PHOTONIC_10LAYERS_BRAGG,BBOB,7.880124398317908
PHOTONIC_10LAYERS_BRAGG,BBOB,10.090852648983116
PHOTONIC_10LAYERS_BRAGG,BBOB,7.77344072219758
PHOTONIC_10LAYERS_BRAGG,BBOB,9.126528646450362
PHOTONIC_10LAYERS_BRAGG,BBOB,10.203436847802148
PHOTONIC_10LAYERS_BRAGG,BBOB,8.134773969960042
PHOTONIC_10LAYERS_BRAGG,BBOB,10.733417140102132
PHOTONIC_10LAYERS_BRAGG,BBOB,7.507926262989891
PHOTONIC_10LAYERS_BRAGG,BBOB,9.108466222650247
PHOTONIC_10LAYERS_BRAGG,BBOB,7.555722492936139
PHOTONIC_10LAYERS_BRAGG,BBOB,10.058263548283664
PHOTONIC_10LAYERS_BRAGG,BBOB,7.83769277986731
PHOTONIC_10LAYERS_BRAGG,BBOB,8.529135874162817
PHOTONIC_10LAYERS_BRAGG,BBOB,11.181861675475053
PHOTONIC_10LAYERS_BRAGG,BBOB,6.888079601620099
PHOTONIC_10LAYERS_BRAGG,BBOB,6.562449924775413
PHOTONIC_10LAYERS_BRAGG,BBOB,10.783297288934795
PHOTONIC_10LAYERS_BRAGG,BBOB,13.773775963799821
PHOTONIC_10LAYERS_BRAGG,BBOB,10.190321096003345
PHOTONIC_10LAYERS_BRAGG,BBOB,8.518826336246292
PHOTONIC_10LAYERS_BRAGG,BBOB,13.410539758578766
PHOTONIC_10LAYERS_BRAGG,BBOB,8.11666824530661
PHOTONIC_10LAYERS_BRAGG,BBOB,9.5105064604657
PHOTONIC_10LAYERS_BRAGG,BBOB,8.569774997209505
PHOTONIC_10LAYERS_BRAGG,BBOB,9.148811217081267
PHOTONIC_10LAYERS_BRAGG,BBOB,11.428038186302661
PHOTONIC_10LAYERS_BRAGG,BBOB,12.327585834991709
PHOTONIC_10LAYERS_BRAGG,BBOB,7.18665393647239
PHOTONIC_10LAYERS_BRAGG,BBOB,8.446833585833293
PHOTONIC_10LAYERS_BRAGG,BBOB,9.933356446629386
PHOTONIC_10LAYERS_BRAGG,BBOB,6.851594434707263
PHOTONIC_10LAYERS_BRAGG,BBOB,9.481179650777722
PHOTONIC_10LAYERS_BRAGG,BBOB,10.082745594617508
PHOTONIC_10LAYERS_BRAGG,BBOB,11.548187976647142
PHOTONIC_10LAYERS_BRAGG,BBOB,9.183504629328702
PHOTONIC_10LAYERS_BRAGG,BBOB,9.9420142394942
PHOTONIC_10LAYERS_BRAGG,BBOB,10.89231725755406
PHOTONIC_10LAYERS_BRAGG,BBOB,7.968195584118798
PHOTONIC_10LAYERS_BRAGG,BBOB,8.392974049176317
PHOTONIC_10LAYERS_BRAGG,BBOB,10.777995601448811
PHOTONIC_10LAYERS_BRAGG,BBOB,9.43884901481524
PHOTONIC_10LAYERS_BRAGG,BBOB,7.903290330616767
PHOTONIC_10LAYERS_BRAGG,BBOB,7.255365854808079
PHOTONIC_10LAYERS_BRAGG,BBOB,7.348313158556864
PHOTONIC_10LAYERS_BRAGG,BBOB,7.515695596757265
PHOTONIC_10LAYERS_BRAGG,BBOB,9.404000731831673
PHOTONIC_10LAYERS_BRAGG,BBOB,10.230765597174788
PHOTONIC_10LAYERS_BRAGG,BBOB,12.898563719676412
PHOTONIC_10LAYERS_BRAGG,BBOB,21.14092000992678
PHOTONIC_10LAYERS_BRAGG,BBOB,9.961130015474513
PHOTONIC_10LAYERS_BRAGG,BBOB,12.882435679392128
PHOTONIC_10LAYERS_BRAGG,BBOB,10.557182234135636
PHOTONIC_10LAYERS_BRAGG,BBOB,9.519821479046579
PHOTONIC_10LAYERS_BRAGG,BBOB,8.537826640761724
PHOTONIC_10LAYERS_BRAGG,BBOB,6.853620037509998
PHOTONIC_10LAYERS_BRAGG,BBOB,8.208350800466246
PHOTONIC_10LAYERS_BRAGG,BBOB,9.27481811117806
PHOTONIC_10LAYERS_BRAGG,BBOB,6.87552489998429
PHOTONIC_10LAYERS_BRAGG,BBOB,9.128926595201571
PHOTONIC_10LAYERS_BRAGG,BBOB,9.572121492350927
PHOTONIC_10LAYERS_BRAGG,BBOB,11.968131698968083
PHOTONIC_10LAYERS_BRAGG,BBOB,9.574096382145141
PHOTONIC_10LAYERS_BRAGG,BBOB,9.980204349105104
PHOTONIC_10LAYERS_BRAGG,BBOB,10.193042293689732
PHOTONIC_10LAYERS_BRAGG,BBOB,9.498592344151906
PHOTONIC_10LAYERS_BRAGG,BBOB,9.23630093352169
PHOTONIC_10LAYERS_BRAGG,BBOB,9.7860903371575
PHOTONIC_10LAYERS_BRAGG,BBOB,6.6081351030864806
PHOTONIC_10LAYERS_BRAGG,BBOB,7.463682403079817
PHOTONIC_10LAYERS_BRAGG,BBOB,8.39794032341062
PHOTONIC_10LAYERS_BRAGG,BBOB,9.149960444190492
PHOTONIC_10LAYERS_BRAGG,BBOB,11.490520855728668
PHOTONIC_10LAYERS_BRAGG,BBOB,6.498977149758308
PHOTONIC_10LAYERS_BRAGG,BBOB,8.494109670183615
PHOTONIC_10LAYERS_BRAGG,BBOB,9.315372347000869
PHOTONIC_10LAYERS_BRAGG,BBOB,8.76875357931
PHOTONIC_10LAYERS_BRAGG,BBOB,9.629798909198819
PHOTONIC_10LAYERS_BRAGG,BBOB,13.404351764473228
PHOTONIC_10LAYERS_BRAGG,BBOB,6.511758179556353
PHOTONIC_10LAYERS_BRAGG,BBOB,9.394162302065101
PHOTONIC_10LAYERS_BRAGG,BBOB,7.34089684545262
PHOTONIC_10LAYERS_BRAGG,BBOB,9.547176186551425
PHOTONIC_10LAYERS_BRAGG,BBOB,11.147223541497045
PHOTONIC_10LAYERS_BRAGG,BBOB,6.885652156793467
PHOTONIC_10LAYERS_BRAGG,BBOB,9.807779502511545
PHOTONIC_10LAYERS_BRAGG,BBOB,8.663497713156962
PHOTONIC_10LAYERS_BRAGG,BBOB,9.516007885050303
PHOTONIC_10LAYERS_BRAGG,BBOB,8.55353329787619
PHOTONIC_10LAYERS_BRAGG,BBOB,11.700446860130569
PHOTONIC_10LAYERS_BRAGG,BBOB,7.359271774571758
PHOTONIC_10LAYERS_BRAGG,BBOB,10.791183375570773
PHOTONIC_10LAYERS_BRAGG,BBOB,6.823123090518914
PHOTONIC_10LAYERS_BRAGG,BBOB,8.128591664686532
PHOTONIC_10LAYERS_BRAGG,BBOB,7.385812909311818
PHOTONIC_10LAYERS_BRAGG,BBOB,11.845690302003156
PHOTONIC_10LAYERS_BRAGG,BBOB,9.446261839927022
PHOTONIC_10LAYERS_BRAGG,BBOB,8.000267908452813
PHOTONIC_10LAYERS_BRAGG,BBOB,7.439408975157378
PHOTONIC_10LAYERS_BRAGG,BBOB,9.81987116434361
PHOTONIC_10LAYERS_BRAGG,BBOB,10.663177374608045
PHOTONIC_10LAYERS_BRAGG,BBOB,8.163970251792032
PHOTONIC_10LAYERS_BRAGG,BBOB,9.933972244814331
PHOTONIC_10LAYERS_BRAGG,BBOB,10.246202591747258
PHOTONIC_10LAYERS_BRAGG,BBOB,7.507954120622671
PHOTONIC_10LAYERS_BRAGG,BBOB,9.171467162181337
PHOTONIC_10LAYERS_BRAGG,BBOB,8.833165798134491
PHOTONIC_10LAYERS_BRAGG,BBOB,7.950773318733584
PHOTONIC_10LAYERS_BRAGG,BBOB,9.632312437749565
PHOTONIC_10LAYERS_BRAGG,BBOB,14.054140169879405
PHOTONIC_10LAYERS_BRAGG,BBOB,8.354962767820382
PHOTONIC_10LAYERS_BRAGG,BBOB,11.685629317866166
PHOTONIC_10LAYERS_BRAGG,BBOB,10.24702245718231
PHOTONIC_10LAYERS_BRAGG,BBOB,11.1228806153471
PHOTONIC_10LAYERS_BRAGG,BBOB,6.454306070210302
PHOTONIC_10LAYERS_BRAGG,BBOB,8.436904003343141
PHOTONIC_10LAYERS_BRAGG,BBOB,9.330772629657655
PHOTONIC_10LAYERS_BRAGG,BBOB,7.466625703545639
PHOTONIC_10LAYERS_BRAGG,BBOB,6.51710825521793
PHOTONIC_10LAYERS_BRAGG,BBOB,8.729273263056452
PHOTONIC_10LAYERS_BRAGG,BBOB,7.122269665591665
PHOTONIC_10LAYERS_BRAGG,BBOB,11.424346784318377
PHOTONIC_10LAYERS_BRAGG,BBOB,7.357723764403256
PHOTONIC_10LAYERS_BRAGG,BBOB,10.993103221335486
PHOTONIC_10LAYERS_BRAGG,BBOB,10.806482405219107
PHOTONIC_10LAYERS_BRAGG,BBOB,7.413888441760948
PHOTONIC_10LAYERS_BRAGG,BBOB,10.609049413422788
PHOTONIC_10LAYERS_BRAGG,BBOB,10.174599960400293
PHOTONIC_10LAYERS_BRAGG,BBOB,8.762326161602497
PHOTONIC_10LAYERS_BRAGG,BBOB,7.514077009480812
PHOTONIC_10LAYERS_BRAGG,BBOB,9.485335348071807
PHOTONIC_10LAYERS_BRAGG,BBOB,8.185857300029848
PHOTONIC_10LAYERS_BRAGG,BBOB,9.810105102500843
PHOTONIC_10LAYERS_BRAGG,BBOB,10.5147028158625
PHOTONIC_10LAYERS_BRAGG,BBOB,7.953549427128977
PHOTONIC_10LAYERS_BRAGG,BBOB,10.395822894485768
PHOTONIC_10LAYERS_BRAGG,BBOB,8.7353829272836
PHOTONIC_10LAYERS_BRAGG,BBOB,20.702701223675856
PHOTONIC_10LAYERS_BRAGG,BBOB,8.059236606193975
PHOTONIC_10LAYERS_BRAGG,BBOB,7.935137730917523
PHOTONIC_10LAYERS_BRAGG,BBOB,9.995089915615425
PHOTONIC_10LAYERS_BRAGG,BBOB,6.391519727113784
PHOTONIC_10LAYERS_BRAGG,BBOB,9.930988425705808
PHOTONIC_10LAYERS_BRAGG,BBOB,11.123797753167835
PHOTONIC_10LAYERS_BRAGG,BBOB,8.642415794273802
PHOTONIC_10LAYERS_BRAGG,BBOB,10.918575550791779
PHOTONIC_10LAYERS_BRAGG,BBOB,9.60500747041446
PHOTONIC_10LAYERS_BRAGG,BBOB,10.551124409632251
PHOTONIC_10LAYERS_BRAGG,BBOB,10.558572640750366
PHOTONIC_10LAYERS_BRAGG,BBOB,9.821320697297237
PHOTONIC_10LAYERS_BRAGG,BBOB,8.000501422372764
PHOTONIC_10LAYERS_BRAGG,BBOB,9.327268678389325
PHOTONIC_10LAYERS_BRAGG,BBOB,11.106478963424188
PHOTONIC_10LAYERS_BRAGG,BBOB,10.027068463237931
PHOTONIC_10LAYERS_BRAGG,BBOB,12.02419458545259
PHOTONIC_10LAYERS_BRAGG,BBOB,9.508311743693707
PHOTONIC_10LAYERS_BRAGG,BBOB,11.442272832382642
PHOTONIC_10LAYERS_BRAGG,BBOB,10.885374928247076
PHOTONIC_10LAYERS_BRAGG,BBOB,11.062318130055814
PHOTONIC_10LAYERS_BRAGG,BBOB,11.019171384153482
PHOTONIC_10LAYERS_BRAGG,BBOB,6.568002148359649
PHOTONIC_10LAYERS_BRAGG,BBOB,8.962615503251195
PHOTONIC_10LAYERS_BRAGG,BBOB,8.700234302754554
PHOTONIC_10LAYERS_BRAGG,BBOB,7.323039129651957
PHOTONIC_10LAYERS_BRAGG,BBOB,8.447254833649303
PHOTONIC_10LAYERS_BRAGG,BBOB,7.435014426345579
PHOTONIC_10LAYERS_BRAGG,BBOB,14.090028112640766
PHOTONIC_10LAYERS_BRAGG,BBOB,11.84184014720863
PHOTONIC_10LAYERS_BRAGG,BBOB,9.78656976541883
PHOTONIC_10LAYERS_BRAGG,BBOB,8.418863839625658
PHOTONIC_10LAYERS_BRAGG,BBOB,10.673379629549611
PHOTONIC_10LAYERS_BRAGG,BBOB,13.556933031051276
PHOTONIC_10LAYERS_BRAGG,BBOB,6.82468665883077
PHOTONIC_10LAYERS_BRAGG,BBOB,10.680323618996791
PHOTONIC_10LAYERS_BRAGG,BBOB,8.459219257920822
PHOTONIC_10LAYERS_BRAGG,BBOB,9.187697775254813
PHOTONIC_10LAYERS_BRAGG,BBOB,8.057908844439623
PHOTONIC_10LAYERS_BRAGG,BBOB,10.073186189073752
PHOTONIC_10LAYERS_BRAGG,BBOB,6.4721443689587534
PHOTONIC_10LAYERS_BRAGG,BBOB,12.09005662793649
PHOTONIC_10LAYERS_BRAGG,BBOB,6.590726879016942
PHOTONIC_10LAYERS_BRAGG,BBOB,8.831136045981212
PHOTONIC_10LAYERS_BRAGG,BBOB,8.573331678691364
PHOTONIC_10LAYERS_BRAGG,BBOB,9.86368876635195
PHOTONIC_10LAYERS_BRAGG,BBOB,8.20158931810576
PHOTONIC_10LAYERS_BRAGG,BBOB,11.632573555300425
PHOTONIC_10LAYERS_BRAGG,BBOB,10.921899162515228
PHOTONIC_10LAYERS_BRAGG,BBOB,8.425414261621313
PHOTONIC_10LAYERS_BRAGG,BBOB,11.291379607297102
PHOTONIC_10LAYERS_BRAGG,BBOB,10.601685356329726
PHOTONIC_10LAYERS_BRAGG,BBOB,7.426680330403542
PHOTONIC_10LAYERS_BRAGG,BBOB,11.04074215795723
PHOTONIC_10LAYERS_BRAGG,BBOB,9.147552749695024
PHOTONIC_10LAYERS_BRAGG,BBOB,13.029201939065231
PHOTONIC_10LAYERS_BRAGG,BBOB,14.359993846798933
PHOTONIC_10LAYERS_BRAGG,BBOB,7.571974671391357
PHOTONIC_10LAYERS_BRAGG,BBOB,7.386033964383742
PHOTONIC_10LAYERS_BRAGG,BBOB,8.66302741811472
PHOTONIC_10LAYERS_BRAGG,BBOB,6.599595937839658
PHOTONIC_10LAYERS_BRAGG,BBOB,8.665195909574834
PHOTONIC_10LAYERS_BRAGG,BBOB,7.1965340380796485
PHOTONIC_10LAYERS_BRAGG,BBOB,12.600648704312356
PHOTONIC_10LAYERS_BRAGG,BBOB,9.847343599886141
PHOTONIC_10LAYERS_BRAGG,BBOB,8.771625875837731
PHOTONIC_10LAYERS_BRAGG,BBOB,8.425977440597217
PHOTONIC_10LAYERS_BRAGG,BBOB,8.393652228868554
PHOTONIC_10LAYERS_BRAGG,BBOB,10.677049030371265
PHOTONIC_10LAYERS_BRAGG,BBOB,8.02869749173168
PHOTONIC_10LAYERS_BRAGG,BBOB,7.345824802706707
PHOTONIC_10LAYERS_BRAGG,BBOB,11.649590019656445
PHOTONIC_10LAYERS_BRAGG,BBOB,6.59092630890638
PHOTONIC_10LAYERS_BRAGG,BBOB,11.175921340561702
PHOTONIC_10LAYERS_BRAGG,BBOB,8.737955117735213
PHOTONIC_10LAYERS_BRAGG,BBOB,6.391917866450789
PHOTONIC_10LAYERS_BRAGG,BBOB,8.700491148379312
PHOTONIC_10LAYERS_BRAGG,BBOB,11.859625176922817
PHOTONIC_10LAYERS_BRAGG,BBOB,9.11698486228412
PHOTONIC_10LAYERS_BRAGG,BBOB,9.964700462186869
PHOTONIC_10LAYERS_BRAGG,BBOB,9.106220789956595
PHOTONIC_10LAYERS_BRAGG,BBOB,13.716080092179459
PHOTONIC_10LAYERS_BRAGG,BBOB,7.881174791244843
PHOTONIC_10LAYERS_BRAGG,BBOB,9.497259784415792
PHOTONIC_10LAYERS_BRAGG,BBOB,9.067941114024077
PHOTONIC_10LAYERS_BRAGG,BBOB,7.109192776316534
PHOTONIC_10LAYERS_BRAGG,BBOB,8.740385417527024
PHOTONIC_10LAYERS_BRAGG,BBOB,7.971990574616865
PHOTONIC_10LAYERS_BRAGG,BBOB,7.4776944426148235
PHOTONIC_10LAYERS_BRAGG,BBOB,9.674017901127039
PHOTONIC_10LAYERS_BRAGG,BBOB,9.451091245572474
PHOTONIC_10LAYERS_BRAGG,BBOB,6.98441706119568
PHOTONIC_10LAYERS_BRAGG,BBOB,13.708462234911382
PHOTONIC_10LAYERS_BRAGG,BBOB,10.637108417302505
PHOTONIC_10LAYERS_BRAGG,BBOB,10.055012188181232
PHOTONIC_10LAYERS_BRAGG,BBOB,8.12592482322738
PHOTONIC_10LAYERS_BRAGG,BBOB,6.6421777124151244
PHOTONIC_10LAYERS_BRAGG,BBOB,9.977630758346937
PHOTONIC_10LAYERS_BRAGG,BBOB,8.054044501194406
PHOTONIC_10LAYERS_BRAGG,BBOB,7.9185854021093
PHOTONIC_10LAYERS_BRAGG,BBOB,9.134375987214481
PHOTONIC_10LAYERS_BRAGG,BBOB,9.49749391318216
PHOTONIC_10LAYERS_BRAGG,BBOB,6.50211287588265
PHOTONIC_10LAYERS_BRAGG,BBOB,13.7750191231347
PHOTONIC_10LAYERS_BRAGG,BBOB,9.434473824465938
PHOTONIC_10LAYERS_BRAGG,BBOB,10.075412482781081
PHOTONIC_10LAYERS_BRAGG,BBOB,7.594148707145682
PHOTONIC_10LAYERS_BRAGG,BBOB,6.512568105471056
PHOTONIC_10LAYERS_BRAGG,BBOB,6.8418672449014295
PHOTONIC_10LAYERS_BRAGG,BBOB,6.592499712271638
PHOTONIC_10LAYERS_BRAGG,BBOB,9.094193467418707
PHOTONIC_10LAYERS_BRAGG,BBOB,6.289058563270819
PHOTONIC_10LAYERS_BRAGG,BBOB,9.013324332685022
PHOTONIC_10LAYERS_BRAGG,BBOB,9.86781861303493
PHOTONIC_10LAYERS_BRAGG,BBOB,8.52083865455552
PHOTONIC_10LAYERS_BRAGG,BBOB,8.830076678293407
PHOTONIC_10LAYERS_BRAGG,BBOB,7.165812629054563
PHOTONIC_10LAYERS_BRAGG,BBOB,9.32525533646389
PHOTONIC_10LAYERS_BRAGG,BBOB,10.637760195058448
PHOTONIC_10LAYERS_BRAGG,BBOB,10.892593308993172
PHOTONIC_10LAYERS_BRAGG,BBOB,7.432823872488397
PHOTONIC_10LAYERS_BRAGG,BBOB,10.596623339591494
PHOTONIC_10LAYERS_BRAGG,BBOB,10.194260957032732
PHOTONIC_10LAYERS_BRAGG,BBOB,10.962476553014255
PHOTONIC_10LAYERS_BRAGG,BBOB,8.500534097803412
PHOTONIC_10LAYERS_BRAGG,BBOB,7.482961057497425
PHOTONIC_10LAYERS_BRAGG,BBOB,9.833110123307506
PHOTONIC_10LAYERS_BRAGG,BBOB,9.327404085658628
PHOTONIC_10LAYERS_BRAGG,BBOB,8.457201964266522
PHOTONIC_10LAYERS_BRAGG,BBOB,6.985814616601432
PHOTONIC_10LAYERS_BRAGG,BBOB,8.39523585472149
PHOTONIC_10LAYERS_BRAGG,BBOB,7.557979486492499
PHOTONIC_10LAYERS_BRAGG,BBOB,7.341131488979588
PHOTONIC_10LAYERS_BRAGG,BBOB,7.888002024602571
PHOTONIC_10LAYERS_BRAGG,BBOB,9.316052431953468
PHOTONIC_10LAYERS_BRAGG,BBOB,11.09603623614918
PHOTONIC_10LAYERS_BRAGG,BBOB,8.498656372359179
PHOTONIC_10LAYERS_BRAGG,BBOB,9.073454886107845
PHOTONIC_10LAYERS_BRAGG,BBOB,8.553318766732211
PHOTONIC_10LAYERS_BRAGG,BBOB,6.597696083806206
PHOTONIC_10LAYERS_BRAGG,BBOB,9.51339197943795
PHOTONIC_10LAYERS_BRAGG,BBOB,11.93687806329111
PHOTONIC_10LAYERS_BRAGG,BBOB,9.274524675625036
PHOTONIC_10LAYERS_BRAGG,BBOB,9.116539640220886
PHOTONIC_10LAYERS_BRAGG,BBOB,11.526391512508575
PHOTONIC_10LAYERS_BRAGG,BBOB,10.05890955220729
PHOTONIC_10LAYERS_BRAGG,BBOB,9.093795109326388
PHOTONIC_10LAYERS_BRAGG,BBOB,7.18093103311542
PHOTONIC_10LAYERS_BRAGG,BBOB,6.511713087262125
PHOTONIC_10LAYERS_BRAGG,BBOB,8.348826431152876
PHOTONIC_10LAYERS_BRAGG,BBOB,11.253875584082712
PHOTONIC_10LAYERS_BRAGG,BBOB,6.612121446538635
PHOTONIC_10LAYERS_BRAGG,BBOB,9.408026041737122
PHOTONIC_10LAYERS_BRAGG,BBOB,11.262821930440426
PHOTONIC_10LAYERS_BRAGG,BBOB,9.353216402763136
PHOTONIC_10LAYERS_BRAGG,BBOB,8.739896127561957
PHOTONIC_10LAYERS_BRAGG,BBOB,8.858318450189696
PHOTONIC_10LAYERS_BRAGG,BBOB,6.702491937696286
PHOTONIC_10LAYERS_BRAGG,BBOB,7.344241741320916
PHOTONIC_10LAYERS_BRAGG,BBOB,8.661647371218079
PHOTONIC_10LAYERS_BRAGG,BBOB,6.542139195273508
PHOTONIC_10LAYERS_BRAGG,BBOB,8.943646769893977
PHOTONIC_10LAYERS_BRAGG,BBOB,7.436734762467403
PHOTONIC_10LAYERS_BRAGG,BBOB,8.714597868856364
PHOTONIC_10LAYERS_BRAGG,BBOB,10.641643345537783
PHOTONIC_10LAYERS_BRAGG,BBOB,9.499374541794264
PHOTONIC_10LAYERS_BRAGG,BBOB,10.052913620695612
PHOTONIC_10LAYERS_BRAGG,BBOB,7.970137819715489
PHOTONIC_10LAYERS_BRAGG,BBOB,12.659446020106127
PHOTONIC_10LAYERS_BRAGG,BBOB,8.496484576813959
PHOTONIC_10LAYERS_BRAGG,BBOB,7.839560279359332
PHOTONIC_10LAYERS_BRAGG,BBOB,6.510517626491894
PHOTONIC_10LAYERS_BRAGG,BBOB,8.308957218425322
PHOTONIC_10LAYERS_BRAGG,BBOB,11.720948551004643
PHOTONIC_10LAYERS_BRAGG,BBOB,8.126717515812052
PHOTONIC_10LAYERS_BRAGG,BBOB,13.71559622044894
PHOTONIC_10LAYERS_BRAGG,BBOB,8.498669967031482
PHOTONIC_10LAYERS_BRAGG,BBOB,10.225841407894263
PHOTONIC_10LAYERS_BRAGG,BBOB,7.188566139393411
PHOTONIC_10LAYERS_BRAGG,BBOB,6.901775710506845
PHOTONIC_10LAYERS_BRAGG,BBOB,8.354406562219376
PHOTONIC_10LAYERS_BRAGG,BBOB,8.581349502203373
PHOTONIC_10LAYERS_BRAGG,BBOB,7.4259868335377135
PHOTONIC_10LAYERS_BRAGG,BBOB,8.058197743789913
PHOTONIC_10LAYERS_BRAGG,BBOB,8.028727128344975
PHOTONIC_10LAYERS_BRAGG,BBOB,9.572764524681878
PHOTONIC_10LAYERS_BRAGG,BBOB,8.49675644578989
PHOTONIC_10LAYERS_BRAGG,BBOB,13.742448426222424
PHOTONIC_10LAYERS_BRAGG,BBOB,7.465900491609243
PHOTONIC_10LAYERS_BRAGG,BBOB,9.183710289259686
PHOTONIC_10LAYERS_BRAGG,BBOB,8.866423183645743
PHOTONIC_10LAYERS_BRAGG,BBOB,10.922367897598372
PHOTONIC_10LAYERS_BRAGG,BBOB,9.63284777733376
PHOTONIC_10LAYERS_BRAGG,BBOB,13.69276125242308
PHOTONIC_10LAYERS_BRAGG,BBOB,14.064208612052008
PHOTONIC_10LAYERS_BRAGG,BBOB,6.488486792416561
PHOTONIC_10LAYERS_BRAGG,BBOB,6.67469490620177
PHOTONIC_10LAYERS_BRAGG,BBOB,8.126825857595575
PHOTONIC_10LAYERS_BRAGG,BBOB,10.346497759545139
PHOTONIC_10LAYERS_BRAGG,BBOB,9.510313770989418
PHOTONIC_10LAYERS_BRAGG,BBOB,10.21865557735189
PHOTONIC_10LAYERS_BRAGG,BBOB,8.862026668280182
PHOTONIC_10LAYERS_BRAGG,BBOB,9.490270439891956
PHOTONIC_10LAYERS_BRAGG,BBOB,7.556457157620795
PHOTONIC_10LAYERS_BRAGG,BBOB,6.901647465214311
PHOTONIC_10LAYERS_BRAGG,BBOB,6.592689519260363
PHOTONIC_10LAYERS_BRAGG,BBOB,12.320394740635875
PHOTONIC_10LAYERS_BRAGG,BBOB,8.773237352312123
PHOTONIC_10LAYERS_BRAGG,BBOB,7.572522822478722
PHOTONIC_10LAYERS_BRAGG,BBOB,10.324489862968802
PHOTONIC_10LAYERS_BRAGG,BBOB,9.01231499855336
PHOTONIC_10LAYERS_BRAGG,BBOB,7.415889491593495
PHOTONIC_10LAYERS_BRAGG,BBOB,9.045685376865855
PHOTONIC_10LAYERS_BRAGG,BBOB,11.938802967098999
PHOTONIC_10LAYERS_BRAGG,BBOB,9.160889441244278
PHOTONIC_10LAYERS_BRAGG,BBOB,9.084804379521579
PHOTONIC_10LAYERS_BRAGG,BBOB,8.666889863717788
PHOTONIC_10LAYERS_BRAGG,BBOB,8.123496268109488
PHOTONIC_10LAYERS_BRAGG,BBOB,8.738594179799934
PHOTONIC_10LAYERS_BRAGG,BBOB,9.124099844211122
PHOTONIC_10LAYERS_BRAGG,BBOB,6.984759795544036
PHOTONIC_10LAYERS_BRAGG,BBOB,9.187884412070806
PHOTONIC_10LAYERS_BRAGG,BBOB,10.731420329205587
PHOTONIC_10LAYERS_BRAGG,BBOB,8.454974757560603
PHOTONIC_10LAYERS_BRAGG,BBOB,9.506414209150567
PHOTONIC_10LAYERS_BRAGG,BBOB,8.537636401851152
PHOTONIC_10LAYERS_BRAGG,BBOB,9.11103377861375
PHOTONIC_10LAYERS_BRAGG,BBOB,6.506169081338745
PHOTONIC_10LAYERS_BRAGG,BBOB,14.359892750796723
PHOTONIC_10LAYERS_BRAGG,BBOB,10.668334646303801
PHOTONIC_10LAYERS_BRAGG,BBOB,7.865595161403674
PHOTONIC_10LAYERS_BRAGG,BBOB,7.57405339108241
PHOTONIC_10LAYERS_BRAGG,BBOB,10.13729851412717
PHOTONIC_10LAYERS_BRAGG,BBOB,8.831015445373971
PHOTONIC_10LAYERS_BRAGG,BBOB,7.119773915503449
PHOTONIC_10LAYERS_BRAGG,BBOB,9.96407062201922
PHOTONIC_10LAYERS_BRAGG,BBOB,9.926591086378496
PHOTONIC_10LAYERS_BRAGG,BBOB,9.327213386701224
PHOTONIC_10LAYERS_BRAGG,BBOB,7.109178342653396
PHOTONIC_10LAYERS_BRAGG,BBOB,11.406879930812659
PHOTONIC_10LAYERS_BRAGG,BBOB,6.451179975666331
PHOTONIC_10LAYERS_BRAGG,BBOB,9.487100908602546
PHOTONIC_10LAYERS_BRAGG,BBOB,12.108965694143116
PHOTONIC_10LAYERS_BRAGG,BBOB,7.347935724099369
PHOTONIC_10LAYERS_BRAGG,BBOB,7.564160376021292
PHOTONIC_10LAYERS_BRAGG,BBOB,11.1743833674722
PHOTONIC_10LAYERS_BRAGG,BBOB,7.189043263169202
PHOTONIC_10LAYERS_BRAGG,BBOB,13.721590754578402
PHOTONIC_10LAYERS_BRAGG,BBOB,10.581135974268395
PHOTONIC_10LAYERS_BRAGG,BBOB,10.06310084989611
PHOTONIC_10LAYERS_BRAGG,BBOB,7.892400351105275
PHOTONIC_10LAYERS_BRAGG,BBOB,9.539206883988195
PHOTONIC_10LAYERS_BRAGG,BBOB,8.746652861302435
PHOTONIC_10LAYERS_BRAGG,BBOB,9.366844363672701
PHOTONIC_10LAYERS_BRAGG,BBOB,10.185868633508246
PHOTONIC_10LAYERS_BRAGG,BBOB,10.776449764741438
PHOTONIC_10LAYERS_BRAGG,BBOB,8.66013115230535
PHOTONIC_10LAYERS_BRAGG,BBOB,14.059992565588766
PHOTONIC_10LAYERS_BRAGG,BBOB,9.099943681978221
PHOTONIC_10LAYERS_BRAGG,BBOB,7.949795958031298
PHOTONIC_10LAYERS_BRAGG,BBOB,10.157472731482105
PHOTONIC_10LAYERS_BRAGG,BBOB,9.505033535848572
PHOTONIC_10LAYERS_BRAGG,BBOB,6.532920330925667
PHOTONIC_10LAYERS_BRAGG,BBOB,9.68668448030138
PHOTONIC_10LAYERS_BRAGG,BBOB,9.13429702234053
PHOTONIC_10LAYERS_BRAGG,BBOB,6.464435183958211
PHOTONIC_10LAYERS_BRAGG,BBOB,7.517297340238895
PHOTONIC_10LAYERS_BRAGG,BBOB,8.664282507219486
PHOTONIC_10LAYERS_BRAGG,BBOB,9.014295663283153
PHOTONIC_10LAYERS_BRAGG,BBOB,9.084382355537628
PHOTONIC_10LAYERS_BRAGG,BBOB,10.616566698429352
PHOTONIC_10LAYERS_BRAGG,BBOB,8.713147263671432
PHOTONIC_10LAYERS_BRAGG,BBOB,6.289078381882891
PHOTONIC_10LAYERS_BRAGG,BBOB,9.180858169033034
PHOTONIC_10LAYERS_BRAGG,BBOB,7.535891815269638
PHOTONIC_10LAYERS_BRAGG,BBOB,9.49733002819432
PHOTONIC_10LAYERS_BRAGG,BBOB,7.873131451133751
PHOTONIC_10LAYERS_BRAGG,BBOB,9.35682865205105
PHOTONIC_10LAYERS_BRAGG,BBOB,8.307174254305885
PHOTONIC_10LAYERS_BRAGG,BBOB,8.118061431353082
PHOTONIC_10LAYERS_BRAGG,BBOB,8.787102821980927
PHOTONIC_10LAYERS_BRAGG,BBOB,10.66471753450345
PHOTONIC_10LAYERS_BRAGG,BBOB,8.000744352020343
PHOTONIC_10LAYERS_BRAGG,BBOB,7.008041729749784
PHOTONIC_10LAYERS_BRAGG,BBOB,11.423162709724116
PHOTONIC_10LAYERS_BRAGG,BBOB,10.197054058074245
PHOTONIC_10LAYERS_BRAGG,BBOB,11.248276541033727
PHOTONIC_10LAYERS_BRAGG,BBOB,6.508788356859403
PHOTONIC_10LAYERS_BRAGG,BBOB,10.206093317296045
PHOTONIC_10LAYERS_BRAGG,BBOB,6.288922278951233
PHOTONIC_10LAYERS_BRAGG,BBOB,6.984964131299947
PHOTONIC_10LAYERS_BRAGG,BBOB,6.518691580519255
PHOTONIC_10LAYERS_BRAGG,BBOB,8.028373935411075
PHOTONIC_10LAYERS_BRAGG,BBOB,11.702279182524238
PHOTONIC_10LAYERS_BRAGG,BBOB,9.456556398036193
PHOTONIC_10LAYERS_BRAGG,BBOB,7.433710026815915
PHOTONIC_10LAYERS_BRAGG,BBOB,6.590452249086253
PHOTONIC_10LAYERS_BRAGG,BBOB,6.988053065743729
PHOTONIC_10LAYERS_BRAGG,BBOB,8.961671608894092
PHOTONIC_10LAYERS_BRAGG,BBOB,10.460977193048947
PHOTONIC_10LAYERS_BRAGG,BBOB,7.856743737228122
PHOTONIC_10LAYERS_BRAGG,BBOB,6.87557813207973
PHOTONIC_10LAYERS_BRAGG,BBOB,9.126695760692453
PHOTONIC_10LAYERS_BRAGG,BBOB,6.596017689877349
PHOTONIC_10LAYERS_BRAGG,BBOB,8.866790065366503
PHOTONIC_10LAYERS_BRAGG,BBOB,10.965942120997177
PHOTONIC_10LAYERS_BRAGG,BBOB,11.892599242481637
PHOTONIC_10LAYERS_BRAGG,BBOB,8.536655810742294
PHOTONIC_10LAYERS_BRAGG,BBOB,9.203000287253856
PHOTONIC_10LAYERS_BRAGG,BBOB,6.497368247346362
PHOTONIC_10LAYERS_BRAGG,BBOB,9.672908737684155
PHOTONIC_10LAYERS_BRAGG,BBOB,8.713010989708819
PHOTONIC_10LAYERS_BRAGG,BBOB,6.884480752041059
PHOTONIC_10LAYERS_BRAGG,BBOB,6.501721556168125
PHOTONIC_10LAYERS_BRAGG,BBOB,10.164309111477138
PHOTONIC_10LAYERS_BRAGG,BBOB,9.428086327573894
PHOTONIC_10LAYERS_BRAGG,BBOB,8.488851880361883
PHOTONIC_10LAYERS_BRAGG,BBOB,7.945332396426119
PHOTONIC_10LAYERS_BRAGG,BBOB,8.787154097300412
PHOTONIC_10LAYERS_BRAGG,BBOB,9.937524445915836
PHOTONIC_10LAYERS_BRAGG,BBOB,9.95454821178808
PHOTONIC_10LAYERS_BRAGG,BBOB,8.056409702606713
PHOTONIC_10LAYERS_BRAGG,BBOB,8.497000952796459
PHOTONIC_10LAYERS_BRAGG,BBOB,7.502060401747533
PHOTONIC_10LAYERS_BRAGG,BBOB,10.610928609598085
PHOTONIC_10LAYERS_BRAGG,BBOB,9.07441873181555
PHOTONIC_10LAYERS_BRAGG,BBOB,7.889191419858753
PHOTONIC_10LAYERS_BRAGG,BBOB,6.8164036692325025
PHOTONIC_10LAYERS_BRAGG,BBOB,13.029744287230892
PHOTONIC_10LAYERS_BRAGG,BBOB,8.863790058206124
PHOTONIC_10LAYERS_BRAGG,BBOB,6.505397120549161
PHOTONIC_10LAYERS_BRAGG,BBOB,6.674719663583506
PHOTONIC_10LAYERS_BRAGG,BBOB,8.152985303290903
PHOTONIC_10LAYERS_BRAGG,BBOB,7.440734846601281
PHOTONIC_10LAYERS_BRAGG,BBOB,8.396683673722693
PHOTONIC_10LAYERS_BRAGG,BBOB,7.917135630028176
PHOTONIC_10LAYERS_BRAGG,BBOB,8.126904623368208
PHOTONIC_10LAYERS_BRAGG,BBOB,8.67501013018677
PHOTONIC_10LAYERS_BRAGG,BBOB,20.83561012385445
PHOTONIC_10LAYERS_BRAGG,BBOB,12.046864289668866
PHOTONIC_10LAYERS_BRAGG,BBOB,9.661752635521438
PHOTONIC_10LAYERS_BRAGG,BBOB,9.83039409673595
PHOTONIC_10LAYERS_BRAGG,BBOB,10.351120571019914
PHOTONIC_10LAYERS_BRAGG,BBOB,7.828253138052179
PHOTONIC_10LAYERS_BRAGG,BBOB,10.907893482923763
PHOTONIC_10LAYERS_BRAGG,BBOB,7.3399157578626415
PHOTONIC_10LAYERS_BRAGG,BBOB,9.577334138096765
PHOTONIC_10LAYERS_BRAGG,BBOB,6.566818861160205
PHOTONIC_10LAYERS_BRAGG,BBOB,10.729466127582768
PHOTONIC_10LAYERS_BRAGG,BBOB,8.930834804428057
PHOTONIC_10LAYERS_BRAGG,BBOB,8.947736972970787
PHOTONIC_10LAYERS_BRAGG,BBOB,10.973367035969664
PHOTONIC_10LAYERS_BRAGG,BBOB,8.19560395577956
PHOTONIC_10LAYERS_BRAGG,BBOB,9.630275266550452
PHOTONIC_10LAYERS_BRAGG,BBOB,11.94091261571261
PHOTONIC_10LAYERS_BRAGG,BBOB,8.119281960704862
PHOTONIC_10LAYERS_BRAGG,BBOB,7.5072441993864425
PHOTONIC_10LAYERS_BRAGG,BBOB,7.952866837994262
PHOTONIC_10LAYERS_BRAGG,BBOB,10.783634187458286
PHOTONIC_10LAYERS_BRAGG,BBOB,9.607843148705104
PHOTONIC_10LAYERS_BRAGG,BBOB,8.537690268524816
PHOTONIC_10LAYERS_BRAGG,BBOB,9.182484665044003
PHOTONIC_10LAYERS_BRAGG,BBOB,7.429916420443357
PHOTONIC_10LAYERS_BRAGG,BBOB,10.058413117488284
PHOTONIC_10LAYERS_BRAGG,BBOB,7.12055946927073
PHOTONIC_10LAYERS_BRAGG,BBOB,10.23456582348088
PHOTONIC_10LAYERS_BRAGG,BBOB,10.196405194374744
PHOTONIC_10LAYERS_BRAGG,BBOB,10.325407569239399
PHOTONIC_10LAYERS_BRAGG,BBOB,11.14710380153528
PHOTONIC_10LAYERS_BRAGG,BBOB,8.938952246660039
PHOTONIC_10LAYERS_BRAGG,BBOB,8.553796102565519
PHOTONIC_10LAYERS_BRAGG,BBOB,6.476890085664591
PHOTONIC_10LAYERS_BRAGG,BBOB,8.960040157487846
PHOTONIC_10LAYERS_BRAGG,BBOB,7.009523655724794
PHOTONIC_10LAYERS_BRAGG,BBOB,7.439600818592423
PHOTONIC_10LAYERS_BRAGG,BBOB,8.393948087579595
PHOTONIC_10LAYERS_BRAGG,BBOB,13.708561280482348
PHOTONIC_10LAYERS_BRAGG,BBOB,7.232683739355085
PHOTONIC_10LAYERS_BRAGG,BBOB,7.416190257667914
PHOTONIC_10LAYERS_BRAGG,BBOB,8.566853809779293
PHOTONIC_10LAYERS_BRAGG,BBOB,9.928426238744516
PHOTONIC_10LAYERS_BRAGG,BBOB,6.520778054640527
PHOTONIC_10LAYERS_BRAGG,BBOB,9.335923654586642
PHOTONIC_10LAYERS_BRAGG,BBOB,11.420708337034032
PHOTONIC_10LAYERS_BRAGG,BBOB,10.472498787814134
PHOTONIC_10LAYERS_BRAGG,BBOB,10.58042188083153
PHOTONIC_10LAYERS_BRAGG,BBOB,10.060854142164072
PHOTONIC_10LAYERS_BRAGG,BBOB,13.700640677985138
PHOTONIC_10LAYERS_BRAGG,BBOB,7.508669524895676
PHOTONIC_10LAYERS_BRAGG,BBOB,21.17695200362836
PHOTONIC_10LAYERS_BRAGG,BBOB,12.319767196245017
PHOTONIC_10LAYERS_BRAGG,BBOB,11.265364920473608
PHOTONIC_10LAYERS_BRAGG,BBOB,9.072958955229849
PHOTONIC_10LAYERS_BRAGG,BBOB,8.962834312501567
PHOTONIC_10LAYERS_BRAGG,BBOB,11.575487496888108
PHOTONIC_10LAYERS_BRAGG,BBOB,10.743466781275906
PHOTONIC_10LAYERS_BRAGG,BBOB,8.686855310733513
PHOTONIC_10LAYERS_BRAGG,BBOB,6.53006903284362
PHOTONIC_10LAYERS_BRAGG,BBOB,13.665779590894973
PHOTONIC_10LAYERS_BRAGG,BBOB,10.60763962546818
PHOTONIC_10LAYERS_BRAGG,BBOB,9.325786989389991
PHOTONIC_10LAYERS_BRAGG,BBOB,9.601020936165126
PHOTONIC_10LAYERS_BRAGG,BBOB,10.243155768849576
PHOTONIC_10LAYERS_BRAGG,BBOB,8.959838450180607
PHOTONIC_10LAYERS_BRAGG,BBOB,9.236119945088907
PHOTONIC_10LAYERS_BRAGG,BBOB,7.108235517519396
PHOTONIC_10LAYERS_BRAGG,BBOB,10.195538360048431
PHOTONIC_10LAYERS_BRAGG,BBOB,8.48737979922959
PHOTONIC_10LAYERS_BRAGG,BBOB,6.501399997358151
PHOTONIC_10LAYERS_BRAGG,BBOB,9.437141789612344
PHOTONIC_10LAYERS_BRAGG,BBOB,8.518786617847447
PHOTONIC_10LAYERS_BRAGG,BBOB,8.96163590409501
PHOTONIC_10LAYERS_BRAGG,BBOB,9.317337937114859
PHOTONIC_10LAYERS_BRAGG,BBOB,6.87537735692254
PHOTONIC_10LAYERS_BRAGG,BBOB,10.135085921628061
PHOTONIC_10LAYERS_BRAGG,BBOB,9.453962361601247
PHOTONIC_10LAYERS_BRAGG,BBOB,6.884028917995839
PHOTONIC_10LAYERS_BRAGG,BBOB,8.35561313455274
PHOTONIC_10LAYERS_BRAGG,BBOB,10.627164104494645
PHOTONIC_10LAYERS_BRAGG,BBOB,12.045968614177864
PHOTONIC_10LAYERS_BRAGG,BBOB,9.12292809347766
PHOTONIC_10LAYERS_BRAGG,BBOB,8.117433747667695
PHOTONIC_10LAYERS_BRAGG,BBOB,9.961629020717305
PHOTONIC_10LAYERS_BRAGG,BBOB,10.750871695624369
PHOTONIC_10LAYERS_BRAGG,BBOB,6.989511533057055
PHOTONIC_10LAYERS_BRAGG,BBOB,7.401800626531104
PHOTONIC_10LAYERS_BRAGG,BBOB,7.339705126330409
PHOTONIC_10LAYERS_BRAGG,BBOB,10.56943288842106
PHOTONIC_10LAYERS_BRAGG,BBOB,6.492642804695601
PHOTONIC_10LAYERS_BRAGG,BBOB,6.496483924373102
PHOTONIC_10LAYERS_BRAGG,BBOB,8.546955770978832
PHOTONIC_10LAYERS_BRAGG,BBOB,11.361071481396339
PHOTONIC_10LAYERS_BRAGG,BBOB,9.432184233400124
PHOTONIC_10LAYERS_BRAGG,BBOB,9.834542482643092
PHOTONIC_10LAYERS_BRAGG,BBOB,7.414274728999515
PHOTONIC_10LAYERS_BRAGG,BBOB,10.541491180300966
PHOTONIC_10LAYERS_BRAGG,BBOB,8.428292098074671
PHOTONIC_10LAYERS_BRAGG,BBOB,9.000330046200917
PHOTONIC_10LAYERS_BRAGG,BBOB,11.93627315128011
PHOTONIC_10LAYERS_BRAGG,BBOB,7.571170609657548
PHOTONIC_10LAYERS_BRAGG,BBOB,9.411693785139862
PHOTONIC_10LAYERS_BRAGG,BBOB,9.449422347130517
PHOTONIC_10LAYERS_BRAGG,BBOB,7.59032582515986
PHOTONIC_10LAYERS_BRAGG,BBOB,10.480195560347894
PHOTONIC_10LAYERS_BRAGG,BBOB,9.787790253482367
PHOTONIC_10LAYERS_BRAGG,BBOB,10.221502336223317
PHOTONIC_10LAYERS_BRAGG,BBOB,10.016955223386496
PHOTONIC_10LAYERS_BRAGG,BBOB,9.112273555269027
PHOTONIC_10LAYERS_BRAGG,BBOB,8.492073391153625
PHOTONIC_10LAYERS_BRAGG,BBOB,7.343206260045121
PHOTONIC_10LAYERS_BRAGG,BBOB,8.493551814858318
PHOTONIC_10LAYERS_BRAGG,BBOB,9.829612684777043
PHOTONIC_10LAYERS_BRAGG,BBOB,9.327738374019141
PHOTONIC_10LAYERS_BRAGG,BBOB,7.58022294960847
PHOTONIC_10LAYERS_BRAGG,BBOB,6.49131816743096
PHOTONIC_10LAYERS_BRAGG,BBOB,10.03356111262929
PHOTONIC_10LAYERS_BRAGG,BBOB,7.191886727384794
PHOTONIC_10LAYERS_BRAGG,BBOB,8.659303972090967
PHOTONIC_10LAYERS_BRAGG,BBOB,7.166838630511342
PHOTONIC_10LAYERS_BRAGG,BBOB,13.402526603580613
PHOTONIC_10LAYERS_BRAGG,BBOB,9.514617539057728
PHOTONIC_10LAYERS_BRAGG,BBOB,13.550710665978842
PHOTONIC_10LAYERS_BRAGG,BBOB,8.860139070214839
PHOTONIC_10LAYERS_BRAGG,BBOB,9.341825455968545
PHOTONIC_10LAYERS_BRAGG,BBOB,7.4264218654192
PHOTONIC_10LAYERS_BRAGG,BBOB,10.67119232683934
PHOTONIC_10LAYERS_BRAGG,BBOB,11.048642169307907
PHOTONIC_10LAYERS_BRAGG,BBOB,10.686418525529552
PHOTONIC_10LAYERS_BRAGG,BBOB,8.394811853823198
PHOTONIC_10LAYERS_BRAGG,BBOB,10.543003925774595
PHOTONIC_10LAYERS_BRAGG,BBOB,20.83079046974702
PHOTONIC_10LAYERS_BRAGG,BBOB,9.624489096988816
PHOTONIC_10LAYERS_BRAGG,BBOB,9.31623238359959
PHOTONIC_10LAYERS_BRAGG,BBOB,9.25496703412268
PHOTONIC_10LAYERS_BRAGG,BBOB,8.128867890401427
PHOTONIC_10LAYERS_BRAGG,BBOB,21.14938222497787
PHOTONIC_10LAYERS_BRAGG,BBOB,8.552901971768014
PHOTONIC_10LAYERS_BRAGG,BBOB,9.57948212861343
PHOTONIC_10LAYERS_BRAGG,BBOB,12.320743817531445
PHOTONIC_10LAYERS_BRAGG,BBOB,6.989177214345227
PHOTONIC_10LAYERS_BRAGG,BBOB,9.328330832725978
PHOTONIC_10LAYERS_BRAGG,BBOB,12.691012057504047
PHOTONIC_10LAYERS_BRAGG,BBOB,9.542877107101358
PHOTONIC_10LAYERS_BRAGG,BBOB,7.876876604021991
PHOTONIC_10LAYERS_BRAGG,BBOB,7.777983005522703
PHOTONIC_10LAYERS_BRAGG,BBOB,9.687589949332091
PHOTONIC_10LAYERS_BRAGG,BBOB,8.495188372580758
PHOTONIC_10LAYERS_BRAGG,BBOB,8.861304548412363
PHOTONIC_10LAYERS_BRAGG,BBOB,9.07655530060821
PHOTONIC_10LAYERS_BRAGG,BBOB,6.464082561811699
PHOTONIC_10LAYERS_BRAGG,BBOB,6.893587294279239
PHOTONIC_10LAYERS_BRAGG,BBOB,8.961671608894092
PHOTONIC_10LAYERS_BRAGG,BBOB,9.34504561105145
PHOTONIC_10LAYERS_BRAGG,BBOB,11.462166817042343
PHOTONIC_10LAYERS_BRAGG,BBOB,8.786681938405017
PHOTONIC_10LAYERS_BRAGG,BBOB,14.36578293037978
PHOTONIC_10LAYERS_BRAGG,BBOB,8.155222387861025
PHOTONIC_10LAYERS_BRAGG,BBOB,9.993746146827759
PHOTONIC_10LAYERS_BRAGG,BBOB,8.796753870892173
PHOTONIC_10LAYERS_BRAGG,BBOB,6.5427309827926
PHOTONIC_10LAYERS_BRAGG,BBOB,6.985386229048236
PHOTONIC_10LAYERS_BRAGG,BBOB,8.196422222870597
PHOTONIC_10LAYERS_BRAGG,BBOB,8.642671796893772
PHOTONIC_10LAYERS_BRAGG,BBOB,9.679987806329153
PHOTONIC_10LAYERS_BRAGG,BBOB,9.641596953555986
PHOTONIC_10LAYERS_BRAGG,BBOB,9.002450310197814
PHOTONIC_10LAYERS_BRAGG,BBOB,10.60633693874863
PHOTONIC_10LAYERS_BRAGG,BBOB,7.348270582872963
PHOTONIC_10LAYERS_BRAGG,BBOB,7.828586875703488
PHOTONIC_10LAYERS_BRAGG,BBOB,7.495104069251243
PHOTONIC_10LAYERS_BRAGG,BBOB,10.927455244363282
PHOTONIC_10LAYERS_BRAGG,BBOB,8.219143461659021
PHOTONIC_10LAYERS_BRAGG,BBOB,11.06960226834465
PHOTONIC_10LAYERS_BRAGG,BBOB,6.501656327042475
PHOTONIC_10LAYERS_BRAGG,BBOB,11.901291414924042
PHOTONIC_10LAYERS_BRAGG,BBOB,11.340934904662257
PHOTONIC_10LAYERS_BRAGG,BBOB,11.397296315478854
PHOTONIC_10LAYERS_BRAGG,BBOB,9.515931310712594
PHOTONIC_10LAYERS_BRAGG,BBOB,7.584342783604896
PHOTONIC_10LAYERS_BRAGG,BBOB,10.506047019624232
PHOTONIC_10LAYERS_BRAGG,BBOB,8.123750994670802
PHOTONIC_10LAYERS_BRAGG,BBOB,9.064083550615228
PHOTONIC_10LAYERS_BRAGG,BBOB,6.499931907795034
PHOTONIC_10LAYERS_BRAGG,BBOB,8.489709477058408
PHOTONIC_10LAYERS_BRAGG,BBOB,7.428891210713703
PHOTONIC_10LAYERS_BRAGG,BBOB,12.626044051612814
PHOTONIC_10LAYERS_BRAGG,BBOB,11.470677150406546
PHOTONIC_10LAYERS_BRAGG,BBOB,10.029255955197295
PHOTONIC_10LAYERS_BRAGG,BBOB,10.326602303427453
PHOTONIC_10LAYERS_BRAGG,BBOB,8.246714177361255
PHOTONIC_10LAYERS_BRAGG,BBOB,11.528703913611434
PHOTONIC_10LAYERS_BRAGG,BBOB,10.69116051861658
PHOTONIC_10LAYERS_BRAGG,BBOB,11.72154076103816
PHOTONIC_10LAYERS_BRAGG,BBOB,11.178516377663184
PHOTONIC_10LAYERS_BRAGG,BBOB,8.127056769822923
PHOTONIC_10LAYERS_BRAGG,BBOB,6.5321307228300265
PHOTONIC_10LAYERS_BRAGG,BBOB,7.533779966602124
PHOTONIC_10LAYERS_BRAGG,BBOB,9.095142785992072
PHOTONIC_10LAYERS_BRAGG,BBOB,8.864452309656173
PHOTONIC_10LAYERS_BRAGG,BBOB,9.934262023324857
PHOTONIC_10LAYERS_BRAGG,BBOB,14.0736158833385
PHOTONIC_10LAYERS_BRAGG,BBOB,9.672136030034885
PHOTONIC_10LAYERS_BRAGG,BBOB,8.863900823532846
PHOTONIC_10LAYERS_BRAGG,BBOB,11.902506031344359
PHOTONIC_10LAYERS_BRAGG,BBOB,11.851261650739223
PHOTONIC_10LAYERS_BRAGG,BBOB,6.677151169770857
PHOTONIC_10LAYERS_BRAGG,BBOB,8.129385166078166
PHOTONIC_10LAYERS_BRAGG,BBOB,7.878441673879561
PHOTONIC_10LAYERS_BRAGG,BBOB,8.436838419046772
PHOTONIC_10LAYERS_BRAGG,BBOB,8.94792022433124
PHOTONIC_10LAYERS_BRAGG,BBOB,10.884655826911308
PHOTONIC_10LAYERS_BRAGG,BBOB,13.403709940226658
PHOTONIC_10LAYERS_BRAGG,BBOB,9.784534905997718
PHOTONIC_10LAYERS_BRAGG,BBOB,8.823715216903338
PHOTONIC_10LAYERS_BRAGG,BBOB,8.519611771098228
PHOTONIC_10LAYERS_BRAGG,BBOB,6.672502509179543
PHOTONIC_10LAYERS_BRAGG,BBOB,8.49417405701982
PHOTONIC_10LAYERS_BRAGG,BBOB,9.49742077400653
PHOTONIC_10LAYERS_BRAGG,BBOB,9.82171764303829
PHOTONIC_10LAYERS_BRAGG,BBOB,9.997609451196094
PHOTONIC_10LAYERS_BRAGG,BBOB,9.346123190278407
PHOTONIC_10LAYERS_BRAGG,BBOB,13.029992282314325
PHOTONIC_10LAYERS_BRAGG,BBOB,7.582588990476
PHOTONIC_10LAYERS_BRAGG,BBOB,11.84235131900431
PHOTONIC_10LAYERS_BRAGG,BBOB,12.020828043191566
PHOTONIC_10LAYERS_BRAGG,BBOB,10.517971054317576
PHOTONIC_10LAYERS_BRAGG,BBOB,9.901577633469962
PHOTONIC_10LAYERS_BRAGG,BBOB,7.5843462107789374
PHOTONIC_10LAYERS_BRAGG,BBOB,8.675076904649764
PHOTONIC_10LAYERS_BRAGG,BBOB,7.255431560628716
PHOTONIC_10LAYERS_BRAGG,BBOB,8.487755720305513
PHOTONIC_10LAYERS_BRAGG,BBOB,8.347479088732602
PHOTONIC_10LAYERS_BRAGG,BBOB,8.496062338734284
PHOTONIC_10LAYERS_BRAGG,BBOB,12.649544970753956
PHOTONIC_10LAYERS_BRAGG,BBOB,7.557308041381376
PHOTONIC_10LAYERS_BRAGG,BBOB,10.20193564016858
PHOTONIC_10LAYERS_BRAGG,BBOB,9.941429297442907
PHOTONIC_10LAYERS_BRAGG,BBOB,7.34837228232583
PHOTONIC_10LAYERS_BRAGG,BBOB,8.318923274932503
PHOTONIC_10LAYERS_BRAGG,BBOB,7.519368840768179
PHOTONIC_10LAYERS_BRAGG,BBOB,8.478603399459674
PHOTONIC_10LAYERS_BRAGG,BBOB,10.243361319678895
PHOTONIC_10LAYERS_BRAGG,BBOB,9.636382015204017
PHOTONIC_10LAYERS_BRAGG,BBOB,8.867514347708495
PHOTONIC_10LAYERS_BRAGG,BBOB,6.8242947814716315
PHOTONIC_10LAYERS_BRAGG,BBOB,7.348286373780359
PHOTONIC_10LAYERS_BRAGG,BBOB,6.47665357388544
PHOTONIC_10LAYERS_BRAGG,BBOB,7.3401170037980465
PHOTONIC_10LAYERS_BRAGG,BBOB,7.387709198891189
PHOTONIC_10LAYERS_BRAGG,BBOB,9.001222936269002
PHOTONIC_10LAYERS_BRAGG,BBOB,6.49578443234541
PHOTONIC_10LAYERS_BRAGG,BBOB,9.926816163299165
PHOTONIC_10LAYERS_BRAGG,BBOB,7.921851874656016
PHOTONIC_10LAYERS_BRAGG,BBOB,8.52346757094461
PHOTONIC_10LAYERS_BRAGG,BBOB,8.700066620336967
PHOTONIC_10LAYERS_BRAGG,BBOB,6.699967391822353
PHOTONIC_10LAYERS_BRAGG,BBOB,10.046082225786744
PHOTONIC_10LAYERS_BRAGG,BBOB,8.957227647760616
PHOTONIC_10LAYERS_BRAGG,BBOB,6.824061327310736
PHOTONIC_10LAYERS_BRAGG,BBOB,7.196220113970547
PHOTONIC_10LAYERS_BRAGG,BBOB,6.2900479773223426
PHOTONIC_10LAYERS_BRAGG,BBOB,8.994389660030174
PHOTONIC_10LAYERS_BRAGG,BBOB,8.862186047000968
PHOTONIC_10LAYERS_BRAGG,BBOB,9.454238294106187
PHOTONIC_10LAYERS_BRAGG,BBOB,11.604562329305505
PHOTONIC_10LAYERS_BRAGG,BBOB,10.190851526221829
PHOTONIC_10LAYERS_BRAGG,BBOB,10.21865557735189
PHOTONIC_10LAYERS_BRAGG,BBOB,12.105617392004419
PHOTONIC_10LAYERS_BRAGG,BBOB,9.631797459303224
PHOTONIC_10LAYERS_BRAGG,BBOB,11.422954398990905
PHOTONIC_10LAYERS_BRAGG,BBOB,6.511479741028357
PHOTONIC_10LAYERS_BRAGG,BBOB,8.133845524088814
PHOTONIC_10LAYERS_BRAGG,BBOB,6.81718261355304
PHOTONIC_10LAYERS_BRAGG,BBOB,8.445404663808239
PHOTONIC_10LAYERS_BRAGG,BBOB,8.862889593899213
PHOTONIC_10LAYERS_BRAGG,BBOB,7.502338192898621
PHOTONIC_10LAYERS_BRAGG,BBOB,8.865345701830048
PHOTONIC_10LAYERS_BRAGG,BBOB,10.697882958980587
PHOTONIC_10LAYERS_BRAGG,BBOB,9.977433437977831
PHOTONIC_10LAYERS_BRAGG,BBOB,7.1964513472900835
PHOTONIC_10LAYERS_BRAGG,BBOB,8.477717211496563
PHOTONIC_10LAYERS_BRAGG,BBOB,10.02898500488206
PHOTONIC_10LAYERS_BRAGG,BBOB,8.714249514587012
PHOTONIC_10LAYERS_BRAGG,BBOB,10.672871485206672
PHOTONIC_10LAYERS_BRAGG,BBOB,9.111040851611905
PHOTONIC_10LAYERS_BRAGG,BBOB,10.645138840233075
PHOTONIC_10LAYERS_BRAGG,BBOB,8.349706728263783
PHOTONIC_10LAYERS_BRAGG,BBOB,8.4243329141228
PHOTONIC_10LAYERS_BRAGG,BBOB,7.972917305993287
PHOTONIC_10LAYERS_BRAGG,BBOB,6.39173517122094
PHOTONIC_10LAYERS_BRAGG,BBOB,9.547524929745467
PHOTONIC_10LAYERS_BRAGG,BBOB,9.457422743096707
PHOTONIC_10LAYERS_BRAGG,BBOB,9.50225410221714
PHOTONIC_10LAYERS_BRAGG,BBOB,10.628857587254485
PHOTONIC_10LAYERS_BRAGG,BBOB,10.509832537035999
PHOTONIC_10LAYERS_BRAGG,BBOB,7.945491166001269
PHOTONIC_10LAYERS_BRAGG,BBOB,7.486674548220832
PHOTONIC_10LAYERS_BRAGG,BBOB,10.961067121275155
PHOTONIC_10LAYERS_BRAGG,BBOB,7.778072425272136
PHOTONIC_10LAYERS_BRAGG,BBOB,9.576924725054443
PHOTONIC_10LAYERS_BRAGG,BBOB,9.339266084562661
PHOTONIC_10LAYERS_BRAGG,BBOB,10.791342030180845
PHOTONIC_10LAYERS_BRAGG,BBOB,7.8290691570437
PHOTONIC_10LAYERS_BRAGG,BBOB,13.514233827819671
PHOTONIC_10LAYERS_BRAGG,BBOB,9.278672855151965
PHOTONIC_10LAYERS_BRAGG,BBOB,9.716008189278345
PHOTONIC_10LAYERS_BRAGG,BBOB,7.586998957314809
PHOTONIC_10LAYERS_BRAGG,BBOB,9.109535530343638
PHOTONIC_10LAYERS_BRAGG,BBOB,6.498339568278111
PHOTONIC_10LAYERS_BRAGG,BBOB,11.933595049273654
PHOTONIC_10LAYERS_BRAGG,BBOB,8.574696255963147
PHOTONIC_10LAYERS_BRAGG,BBOB,6.8345923332253316
PHOTONIC_10LAYERS_BRAGG,BBOB,7.426762963633021
PHOTONIC_10LAYERS_BRAGG,BBOB,7.589456602073832
PHOTONIC_10LAYERS_BRAGG,BBOB,12.643587845547783
PHOTONIC_10LAYERS_BRAGG,BBOB,8.642652969808095
PHOTONIC_10LAYERS_BRAGG,BBOB,9.627935111615379
PHOTONIC_10LAYERS_BRAGG,BBOB,10.292823702488004
PHOTONIC_10LAYERS_BRAGG,BBOB,6.937775791571005
PHOTONIC_10LAYERS_BRAGG,BBOB,11.608604115131453
PHOTONIC_10LAYERS_BRAGG,BBOB,9.110633160819528
PHOTONIC_10LAYERS_BRAGG,BBOB,9.111096181724381
PHOTONIC_10LAYERS_BRAGG,BBOB,9.508811005430221
PHOTONIC_10LAYERS_BRAGG,BBOB,7.383654374364867
PHOTONIC_10LAYERS_BRAGG,BBOB,6.709587503966579
PHOTONIC_10LAYERS_BRAGG,BBOB,9.455667440659637
PHOTONIC_10LAYERS_BRAGG,BBOB,7.581613031959664
PHOTONIC_10LAYERS_BRAGG,BBOB,7.556976580359543
PHOTONIC_10LAYERS_BRAGG,BBOB,10.593284040849062
PHOTONIC_10LAYERS_BRAGG,BBOB,8.882090044825938
PHOTONIC_10LAYERS_BRAGG,BBOB,6.988224128019748
PHOTONIC_10LAYERS_BRAGG,BBOB,13.65880891927357
PHOTONIC_10LAYERS_BRAGG,BBOB,8.201869553676177
PHOTONIC_10LAYERS_BRAGG,BBOB,8.871837319657184
PHOTONIC_10LAYERS_BRAGG,BBOB,9.008735561644501
PHOTONIC_10LAYERS_BRAGG,BBOB,13.705802277871413
PHOTONIC_10LAYERS_BRAGG,BBOB,13.42001332087411
PHOTONIC_10LAYERS_BRAGG,BBOB,6.902182811454188
PHOTONIC_10LAYERS_BRAGG,BBOB,9.644481398223999
PHOTONIC_10LAYERS_BRAGG,BBOB,10.286009637631128
PHOTONIC_10LAYERS_BRAGG,BBOB,9.43465635580887
PHOTONIC_10LAYERS_BRAGG,BBOB,6.465830360407992
PHOTONIC_10LAYERS_BRAGG,BBOB,11.599464285727674
PHOTONIC_10LAYERS_BRAGG,BBOB,9.11653054819259
PHOTONIC_10LAYERS_BRAGG,BBOB,10.715082997273905
PHOTONIC_10LAYERS_BRAGG,BBOB,9.48915263333944
PHOTONIC_10LAYERS_BRAGG,BBOB,6.523317377498725
PHOTONIC_10LAYERS_BRAGG,BBOB,8.897986542648214
PHOTONIC_10LAYERS_BRAGG,BBOB,9.91630327250119
PHOTONIC_10LAYERS_BRAGG,BBOB,6.460501893134503
PHOTONIC_10LAYERS_BRAGG,BBOB,9.327541599475593
PHOTONIC_10LAYERS_BRAGG,BBOB,7.494301285737723
PHOTONIC_10LAYERS_BRAGG,BBOB,7.476666678178835
PHOTONIC_10LAYERS_BRAGG,BBOB,8.000417912309503
PHOTONIC_10LAYERS_BRAGG,BBOB,9.09002778189517
PHOTONIC_10LAYERS_BRAGG,BBOB,8.680247863781865
PHOTONIC_10LAYERS_BRAGG,BBOB,7.2341074693978635
PHOTONIC_10LAYERS_BRAGG,BBOB,11.901773726621235
PHOTONIC_10LAYERS_BRAGG,BBOB,6.511739918067598
PHOTONIC_10LAYERS_BRAGG,BBOB,9.292382680699909
PHOTONIC_10LAYERS_BRAGG,BBOB,8.215014424340543
PHOTONIC_10LAYERS_BRAGG,BBOB,6.507202562617788
PHOTONIC_10LAYERS_BRAGG,BBOB,7.438873906255772
PHOTONIC_10LAYERS_BRAGG,BBOB,11.575485777891291
PHOTONIC_10LAYERS_BRAGG,BBOB,7.414015024279901
PHOTONIC_10LAYERS_BRAGG,BBOB,8.966916996353877
PHOTONIC_10LAYERS_BRAGG,BBOB,9.32680774318778
PHOTONIC_10LAYERS_BRAGG,BBOB,9.166466081023575
PHOTONIC_10LAYERS_BRAGG,BBOB,7.181514099385111
PHOTONIC_10LAYERS_BRAGG,BBOB,9.429815397542617
PHOTONIC_10LAYERS_BRAGG,BBOB,12.231019595101634
PHOTONIC_10LAYERS_BRAGG,BBOB,8.24702041008159
PHOTONIC_10LAYERS_BRAGG,BBOB,7.499576512863289
PHOTONIC_10LAYERS_BRAGG,BBOB,10.748877584989765
PHOTONIC_10LAYERS_BRAGG,BBOB,10.690764211114065
PHOTONIC_10LAYERS_BRAGG,BBOB,12.110142201847893
PHOTONIC_10LAYERS_BRAGG,BBOB,9.998890660681715
PHOTONIC_10LAYERS_BRAGG,BBOB,9.63643969875158
PHOTONIC_10LAYERS_BRAGG,BBOB,6.519289728509284
PHOTONIC_10LAYERS_BRAGG,BBOB,10.04969085263508
PHOTONIC_10LAYERS_BRAGG,BBOB,7.224086066020709
PHOTONIC_10LAYERS_BRAGG,BBOB,7.16647759244964
PHOTONIC_10LAYERS_BRAGG,BBOB,11.064126172421231
PHOTONIC_10LAYERS_BRAGG,BBOB,8.437683549769844
PHOTONIC_10LAYERS_BRAGG,BBOB,10.485903335268171
PHOTONIC_10LAYERS_BRAGG,BBOB,8.195075996479723
PHOTONIC_10LAYERS_BRAGG,BBOB,6.989301784702771
PHOTONIC_10LAYERS_BRAGG,BBOB,10.635759654133938
PHOTONIC_10LAYERS_BRAGG,BBOB,8.354497287489036
PHOTONIC_10LAYERS_BRAGG,BBOB,9.93105782678536
PHOTONIC_10LAYERS_BRAGG,BBOB,8.127421044827157
PHOTONIC_10LAYERS_BRAGG,BBOB,6.543166545613094
PHOTONIC_10LAYERS_BRAGG,BBOB,6.801073576269848
PHOTONIC_10LAYERS_BRAGG,BBOB,13.390001738098539
PHOTONIC_10LAYERS_BRAGG,BBOB,10.152887464667138
PHOTONIC_10LAYERS_BRAGG,BBOB,9.343975225356548
PHOTONIC_10LAYERS_BRAGG,BBOB,11.124946080418328
PHOTONIC_10LAYERS_BRAGG,BBOB,10.18908993716103
PHOTONIC_10LAYERS_BRAGG,BBOB,10.475787175871247
PHOTONIC_10LAYERS_BRAGG,BBOB,7.109273775301129
PHOTONIC_10LAYERS_BRAGG,BBOB,14.364723462465523
PHOTONIC_10LAYERS_BRAGG,BBOB,9.951344719992498
PHOTONIC_10LAYERS_BRAGG,BBOB,9.981747050443564
PHOTONIC_10LAYERS_BRAGG,BBOB,10.729421484686323
PHOTONIC_10LAYERS_BRAGG,BBOB,8.730996874787158
PHOTONIC_10LAYERS_BRAGG,BBOB,11.059175987704966
PHOTONIC_10LAYERS_BRAGG,BBOB,9.948399787282057
PHOTONIC_10LAYERS_BRAGG,BBOB,8.505935437739092
PHOTONIC_10LAYERS_BRAGG,BBOB,8.688489298394773
PHOTONIC_10LAYERS_BRAGG,BBOB,10.099861054240476
PHOTONIC_10LAYERS_BRAGG,BBOB,11.04840071791362
PHOTONIC_10LAYERS_BRAGG,BBOB,11.838117902043491
PHOTONIC_10LAYERS_BRAGG,BBOB,10.475848921224475
PHOTONIC_10LAYERS_BRAGG,BBOB,9.49355953666424
PHOTONIC_10LAYERS_BRAGG,BBOB,8.51885100463885
PHOTONIC_10LAYERS_BRAGG,BBOB,6.348886238056834
PHOTONIC_10LAYERS_BRAGG,BBOB,6.561919920282985
PHOTONIC_10LAYERS_BRAGG,BBOB,9.01046347757657
PHOTONIC_10LAYERS_BRAGG,BBOB,8.130380350131286
PHOTONIC_10LAYERS_BRAGG,BBOB,11.721675458400323
PHOTONIC_10LAYERS_BRAGG,BBOB,10.209773763629396
PHOTONIC_10LAYERS_BRAGG,BBOB,8.118061431353082
PHOTONIC_10LAYERS_BRAGG,BBOB,9.25854528074539
PHOTONIC_10LAYERS_BRAGG,BBOB,11.596503762294724
PHOTONIC_10LAYERS_BRAGG,BBOB,13.50559767452412
PHOTONIC_10LAYERS_BRAGG,BBOB,10.047618227448702
PHOTONIC_10LAYERS_BRAGG,BBOB,8.392718094867682
PHOTONIC_10LAYERS_BRAGG,BBOB,9.207546670033304
PHOTONIC_10LAYERS_BRAGG,BBOB,6.841384089941643
PHOTONIC_10LAYERS_BRAGG,BBOB,9.127457252369453
PHOTONIC_10LAYERS_BRAGG,BBOB,9.446175008459905
PHOTONIC_10LAYERS_BRAGG,BBOB,6.562779942234142
PHOTONIC_10LAYERS_BRAGG,BBOB,6.544549762127973
PHOTONIC_10LAYERS_BRAGG,BBOB,10.566059028804048
PHOTONIC_10LAYERS_BRAGG,BBOB,9.28019289995982
PHOTONIC_10LAYERS_BRAGG,BBOB,10.516718894180721
PHOTONIC_10LAYERS_BRAGG,BBOB,9.793125504910746
PHOTONIC_10LAYERS_BRAGG,BBOB,9.943358809206522
PHOTONIC_10LAYERS_BRAGG,BBOB,6.563090509295042
PHOTONIC_10LAYERS_BRAGG,BBOB,9.869917217995667
PHOTONIC_10LAYERS_BRAGG,BBOB,9.07464539739911
PHOTONIC_10LAYERS_BRAGG,BBOB,8.866548726911647
PHOTONIC_10LAYERS_BRAGG,BBOB,10.089768968402755
PHOTONIC_10LAYERS_BRAGG,BBOB,7.949775997752138
PHOTONIC_10LAYERS_BRAGG,BBOB,6.984087332972275
PHOTONIC_10LAYERS_BRAGG,BBOB,8.185240568499793
PHOTONIC_10LAYERS_BRAGG,BBOB,6.657817329972424
PHOTONIC_10LAYERS_BRAGG,BBOB,12.024121271974199
PHOTONIC_10LAYERS_BRAGG,BBOB,7.421993059089601
PHOTONIC_10LAYERS_BRAGG,BBOB,9.483207989060814
PHOTONIC_10LAYERS_BRAGG,BBOB,10.697828073195122
PHOTONIC_10LAYERS_BRAGG,BBOB,9.951365504211559
PHOTONIC_10LAYERS_BRAGG,BBOB,11.26483274005353
PHOTONIC_10LAYERS_BRAGG,BBOB,8.738405114041779
PHOTONIC_10LAYERS_BRAGG,BBOB,9.06534881659273
PHOTONIC_10LAYERS_BRAGG,BBOB,9.514241203597933
PHOTONIC_10LAYERS_BRAGG,BBOB,6.480252034746206
PHOTONIC_10LAYERS_BRAGG,BBOB,10.290257932524327
PHOTONIC_10LAYERS_BRAGG,BBOB,13.736698975144266
PHOTONIC_10LAYERS_BRAGG,BBOB,7.193525755028044
PHOTONIC_10LAYERS_BRAGG,BBOB,7.423550077698237
PHOTONIC_10LAYERS_BRAGG,BBOB,8.620120268880482
PHOTONIC_10LAYERS_BRAGG,BBOB,10.792878472022176
PHOTONIC_10LAYERS_BRAGG,BBOB,9.8076837467528
PHOTONIC_10LAYERS_BRAGG,BBOB,8.417823957983602
PHOTONIC_10LAYERS_BRAGG,BBOB,8.958513103263693
PHOTONIC_10LAYERS_BRAGG,BBOB,10.227700225817133
PHOTONIC_10LAYERS_BRAGG,BBOB,6.56267757999761
PHOTONIC_10LAYERS_BRAGG,BBOB,8.41667113748668
PHOTONIC_10LAYERS_BRAGG,BBOB,11.465248475207698
PHOTONIC_10LAYERS_BRAGG,BBOB,9.927708570998005
PHOTONIC_10LAYERS_BRAGG,BBOB,11.90379558722439
PHOTONIC_10LAYERS_BRAGG,BBOB,7.186204313286244
PHOTONIC_10LAYERS_BRAGG,BBOB,9.04716573433226
PHOTONIC_10LAYERS_BRAGG,BBOB,9.758311147425763
PHOTONIC_10LAYERS_BRAGG,BBOB,8.936689877737196
PHOTONIC_10LAYERS_BRAGG,BBOB,9.431324791253315
PHOTONIC_10LAYERS_BRAGG,BBOB,7.180514443879731
PHOTONIC_10LAYERS_BRAGG,BBOB,8.448417956881688
PHOTONIC_10LAYERS_BRAGG,BBOB,6.325730704649429
PHOTONIC_10LAYERS_BRAGG,BBOB,8.64122321273792
PHOTONIC_10LAYERS_BRAGG,BBOB,14.092647778740371
PHOTONIC_10LAYERS_BRAGG,BBOB,13.399065890674976
PHOTONIC_10LAYERS_BRAGG,BBOB,6.59170713573062
PHOTONIC_10LAYERS_BRAGG,BBOB,8.422598808088203
PHOTONIC_10LAYERS_BRAGG,BBOB,8.713558946613336
PHOTONIC_10LAYERS_BRAGG,BBOB,8.126083974182833
PHOTONIC_10LAYERS_BRAGG,BBOB,7.442879256269961
PHOTONIC_10LAYERS_BRAGG,BBOB,11.53062333552258
PHOTONIC_10LAYERS_BRAGG,BBOB,9.13633056369857
PHOTONIC_10LAYERS_BRAGG,BBOB,12.68849397996537
PHOTONIC_10LAYERS_BRAGG,BBOB,8.349561514060673
PHOTONIC_10LAYERS_BRAGG,BBOB,10.194574260803872
PHOTONIC_10LAYERS_BRAGG,BBOB,7.410606474650236
PHOTONIC_10LAYERS_BRAGG,BBOB,6.325919893426778
PHOTONIC_10LAYERS_BRAGG,BBOB,9.683580583418417
PHOTONIC_10LAYERS_BRAGG,BBOB,8.536288651073995
PHOTONIC_10LAYERS_BRAGG,BBOB,7.855205691867307
PHOTONIC_10LAYERS_BRAGG,BBOB,11.276710252557061
PHOTONIC_10LAYERS_BRAGG,BBOB,8.580938351753485
PHOTONIC_10LAYERS_BRAGG,BBOB,8.424374868024312
PHOTONIC_10LAYERS_BRAGG,BBOB,8.661475763266587
PHOTONIC_10LAYERS_BRAGG,BBOB,9.654572617860884
PHOTONIC_10LAYERS_BRAGG,BBOB,9.943352742952635
PHOTONIC_10LAYERS_BRAGG,BBOB,7.432792049836808
PHOTONIC_10LAYERS_BRAGG,BBOB,6.699105059576183
PHOTONIC_10LAYERS_BRAGG,BBOB,10.992421512313372
PHOTONIC_10LAYERS_BRAGG,BBOB,9.436956450465514
PHOTONIC_10LAYERS_BRAGG,BBOB,8.163986654551916
PHOTONIC_10LAYERS_BRAGG,BBOB,10.239528284878162
PHOTONIC_10LAYERS_BRAGG,BBOB,8.623161106498392
PHOTONIC_10LAYERS_BRAGG,BBOB,8.201391591593127
PHOTONIC_10LAYERS_BRAGG,BBOB,7.192245945159893
PHOTONIC_10LAYERS_BRAGG,BBOB,10.604256037767065
PHOTONIC_10LAYERS_BRAGG,BBOB,9.10154478512868
PHOTONIC_10LAYERS_BRAGG,BBOB,12.048205357128733
PHOTONIC_10LAYERS_BRAGG,BBOB,6.32100543125387
PHOTONIC_10LAYERS_BRAGG,BBOB,7.534966262157752
PHOTONIC_10LAYERS_BRAGG,BBOB,9.307371682465531
PHOTONIC_10LAYERS_BRAGG,BBOB,10.140293239148432
PHOTONIC_10LAYERS_BRAGG,BBOB,13.028514968595664
PHOTONIC_10LAYERS_BRAGG,BBOB,9.603969504021295
PHOTONIC_10LAYERS_BRAGG,BBOB,17.523997724950473
PHOTONIC_10LAYERS_BRAGG,BBOB,10.692060901866988
PHOTONIC_10LAYERS_BRAGG,BBOB,11.198618677852188
PHOTONIC_10LAYERS_BRAGG,BBOB,11.28543345667688
PHOTONIC_10LAYERS_BRAGG,BBOB,7.828431367063401
PHOTONIC_10LAYERS_BRAGG,BBOB,9.963479765792808
PHOTONIC_10LAYERS_BRAGG,BBOB,8.789433823269231
PHOTONIC_10LAYERS_BRAGG,BBOB,9.943254685646334
PHOTONIC_10LAYERS_BRAGG,BBOB,11.1567774358055
PHOTONIC_10LAYERS_BRAGG,BBOB,7.945791563721561
PHOTONIC_10LAYERS_BRAGG,BBOB,12.853211287208374
PHOTONIC_10LAYERS_BRAGG,BBOB,10.191540035917292
PHOTONIC_10LAYERS_BRAGG,BBOB,10.6794002772702
PHOTONIC_10LAYERS_BRAGG,BBOB,7.425786136595044
PHOTONIC_10LAYERS_BRAGG,BBOB,7.35330102625718
PHOTONIC_10LAYERS_BRAGG,BBOB,8.42982366794016
PHOTONIC_10LAYERS_BRAGG,BBOB,9.626282837555124
PHOTONIC_10LAYERS_BRAGG,BBOB,9.524050315983324
PHOTONIC_10LAYERS_BRAGG,BBOB,9.959409489235288
PHOTONIC_10LAYERS_BRAGG,BBOB,7.370002097567952
PHOTONIC_10LAYERS_BRAGG,BBOB,7.493160036386735
PHOTONIC_10LAYERS_BRAGG,BBOB,10.64150829219736
PHOTONIC_10LAYERS_BRAGG,BBOB,10.600770969418456
PHOTONIC_10LAYERS_BRAGG,BBOB,10.35354475446939
PHOTONIC_10LAYERS_BRAGG,BBOB,9.7896727858049
PHOTONIC_10LAYERS_BRAGG,BBOB,8.774672371594056
PHOTONIC_10LAYERS_BRAGG,BBOB,9.329977061033725
PHOTONIC_10LAYERS_BRAGG,BBOB,11.357614850362305
PHOTONIC_10LAYERS_BRAGG,BBOB,9.324817737511893
PHOTONIC_10LAYERS_BRAGG,BBOB,9.48725811450064
PHOTONIC_10LAYERS_BRAGG,BBOB,7.196662301724217
PHOTONIC_10LAYERS_BRAGG,BBOB,8.394356806015638
PHOTONIC_10LAYERS_BRAGG,BBOB,10.243734572733416
PHOTONIC_10LAYERS_BRAGG,BBOB,9.68463147334334
PHOTONIC_10LAYERS_BRAGG,BBOB,11.472034439400328
PHOTONIC_10LAYERS_BRAGG,BBOB,8.94779590591773
PHOTONIC_10LAYERS_BRAGG,BBOB,11.937723993242516
PHOTONIC_10LAYERS_BRAGG,BBOB,8.495699558307761
PHOTONIC_10LAYERS_BRAGG,BBOB,9.925156779369162
PHOTONIC_10LAYERS_BRAGG,BBOB,6.857077072853033
PHOTONIC_10LAYERS_BRAGG,BBOB,8.863769368598286
PHOTONIC_10LAYERS_BRAGG,BBOB,7.254550316456508
PHOTONIC_10LAYERS_BRAGG,BBOB,7.460306057907403
PHOTONIC_10LAYERS_BRAGG,BBOB,9.504886547836803
PHOTONIC_10LAYERS_BRAGG,BBOB,7.427176668965596
PHOTONIC_10LAYERS_BRAGG,BBOB,9.978338085967163
PHOTONIC_10LAYERS_BRAGG,BBOB,13.391965201592347
PHOTONIC_10LAYERS_BRAGG,BBOB,9.955338893496938
PHOTONIC_10LAYERS_BRAGG,BBOB,10.911892410550657
PHOTONIC_10LAYERS_BRAGG,BBOB,9.514552215883334
PHOTONIC_10LAYERS_BRAGG,BBOB,13.381021943302231
PHOTONIC_10LAYERS_BRAGG,BBOB,11.123078230284836
PHOTONIC_10LAYERS_BRAGG,BBOB,8.680245043914134
PHOTONIC_10LAYERS_BRAGG,BBOB,11.635393799496118
PHOTONIC_10LAYERS_BRAGG,BBOB,10.242120498415819
PHOTONIC_10LAYERS_BRAGG,BBOB,7.4400150493788635
PHOTONIC_10LAYERS_BRAGG,BBOB,8.965789308176038
PHOTONIC_10LAYERS_BRAGG,BBOB,12.710694832001616
PHOTONIC_10LAYERS_BRAGG,BBOB,9.627860760883472
PHOTONIC_10LAYERS_BRAGG,BBOB,9.113994864960999
PHOTONIC_10LAYERS_BRAGG,BBOB,6.5047193091938
PHOTONIC_10LAYERS_BRAGG,BBOB,7.885623487538975
PHOTONIC_10LAYERS_BRAGG,BBOB,7.56790699273131
PHOTONIC_10LAYERS_BRAGG,BBOB,11.906042416625075
PHOTONIC_10LAYERS_BRAGG,BBOB,7.5150033258560835
PHOTONIC_10LAYERS_BRAGG,BBOB,10.462107198447532
PHOTONIC_10LAYERS_BRAGG,BBOB,8.618877921988386
PHOTONIC_10LAYERS_BRAGG,BBOB,8.785999347258098
PHOTONIC_10LAYERS_BRAGG,BBOB,13.03020727447304
PHOTONIC_10LAYERS_BRAGG,BBOB,9.602841439813623
PHOTONIC_10LAYERS_BRAGG,BBOB,10.661665231829222
PHOTONIC_10LAYERS_BRAGG,BBOB,11.739966934268006
PHOTONIC_10LAYERS_BRAGG,BBOB,9.451960257471924
PHOTONIC_10LAYERS_BRAGG,BBOB,11.94048941722721
PHOTONIC_10LAYERS_BRAGG,BBOB,9.070936365677898
PHOTONIC_10LAYERS_BRAGG,BBOB,8.494273789477136
PHOTONIC_10LAYERS_BRAGG,BBOB,7.552467972816688
PHOTONIC_10LAYERS_BRAGG,BBOB,9.498033619223984
PHOTONIC_10LAYERS_BRAGG,BBOB,7.434701298132994
PHOTONIC_10LAYERS_BRAGG,BBOB,6.841187905754272
PHOTONIC_10LAYERS_BRAGG,BBOB,9.574227904341424
PHOTONIC_10LAYERS_BRAGG,BBOB,10.143465816340257
PHOTONIC_10LAYERS_BRAGG,BBOB,9.104289226302889
PHOTONIC_10LAYERS_BRAGG,BBOB,10.740067207337813
PHOTONIC_10LAYERS_BRAGG,BBOB,11.403946975649319
PHOTONIC_10LAYERS_BRAGG,BBOB,10.188823914744896
PHOTONIC_10LAYERS_BRAGG,BBOB,6.64419299896601
PHOTONIC_10LAYERS_BRAGG,BBOB,6.477019643086645
PHOTONIC_10LAYERS_BRAGG,BBOB,9.822282125130286
PHOTONIC_10LAYERS_BRAGG,BBOB,7.194831759342667
PHOTONIC_10LAYERS_BRAGG,BBOB,9.915403122640953
PHOTONIC_10LAYERS_BRAGG,BBOB,10.140574668162882
PHOTONIC_10LAYERS_BRAGG,BBOB,11.449977951975363
PHOTONIC_10LAYERS_BRAGG,BBOB,7.49363268406149
PHOTONIC_10LAYERS_BRAGG,BBOB,8.556999100984969
PHOTONIC_10LAYERS_BRAGG,BBOB,7.191682520608595
PHOTONIC_10LAYERS_BRAGG,BBOB,6.590523456904071
PHOTONIC_10LAYERS_BRAGG,BBOB,10.241474890526545
PHOTONIC_10LAYERS_BRAGG,BBOB,9.134809693462662
PHOTONIC_10LAYERS_BRAGG,BBOB,10.784321371026472
PHOTONIC_10LAYERS_BRAGG,BBOB,8.577070690462158
PHOTONIC_10LAYERS_BRAGG,BBOB,11.457125338006042
PHOTONIC_10LAYERS_BRAGG,BBOB,8.789357771183262
PHOTONIC_10LAYERS_BRAGG,BBOB,9.51098481691153
PHOTONIC_10LAYERS_BRAGG,BBOB,8.967032606882752
PHOTONIC_10LAYERS_BRAGG,BBOB,11.851367916327884
PHOTONIC_10LAYERS_BRAGG,BBOB,7.883174314700388
PHOTONIC_10LAYERS_BRAGG,BBOB,10.668463930667624
PHOTONIC_10LAYERS_BRAGG,BBOB,8.208285462514178
PHOTONIC_10LAYERS_BRAGG,BBOB,9.32807075102117
PHOTONIC_10LAYERS_BRAGG,BBOB,14.365442864528175
PHOTONIC_10LAYERS_BRAGG,BBOB,9.097186525270766
PHOTONIC_10LAYERS_BRAGG,BBOB,9.513858942415277
PHOTONIC_10LAYERS_BRAGG,BBOB,6.89306451381423
PHOTONIC_10LAYERS_BRAGG,BBOB,9.576200982661092
PHOTONIC_10LAYERS_BRAGG,BBOB,11.592496799340827
PHOTONIC_10LAYERS_BRAGG,BBOB,8.390394911946577
PHOTONIC_10LAYERS_BRAGG,BBOB,10.645689578400713
PHOTONIC_10LAYERS_BRAGG,BBOB,9.672146358512176
PHOTONIC_10LAYERS_BRAGG,BBOB,9.550171411578837
PHOTONIC_10LAYERS_BRAGG,BBOB,21.159880318441225
PHOTONIC_10LAYERS_BRAGG,BBOB,10.8849075211892
PHOTONIC_10LAYERS_BRAGG,BBOB,8.947324877601389
PHOTONIC_10LAYERS_BRAGG,BBOB,11.888868762920362
PHOTONIC_10LAYERS_BRAGG,BBOB,8.426052667367372
PHOTONIC_10LAYERS_BRAGG,BBOB,10.941212926564399
PHOTONIC_10LAYERS_BRAGG,BBOB,6.605303706982987
PHOTONIC_10LAYERS_BRAGG,BBOB,10.01808131476996
PHOTONIC_10LAYERS_BRAGG,BBOB,8.330285298366425
PHOTONIC_10LAYERS_BRAGG,BBOB,7.8558500612988205
PHOTONIC_10LAYERS_BRAGG,BBOB,10.461106077813016
PHOTONIC_10LAYERS_BRAGG,BBOB,17.5243103968372
PHOTONIC_10LAYERS_BRAGG,BBOB,8.735898000186388
PHOTONIC_10LAYERS_BRAGG,BBOB,7.246114258512604
PHOTONIC_10LAYERS_BRAGG,BBOB,11.57937799044737
PHOTONIC_10LAYERS_BRAGG,BBOB,9.998045380441864
PHOTONIC_10LAYERS_BRAGG,BBOB,8.488249322759113
PHOTONIC_10LAYERS_BRAGG,BBOB,7.413738004080012
PHOTONIC_10LAYERS_BRAGG,BBOB,6.5630118313319565
PHOTONIC_10LAYERS_BRAGG,BBOB,9.187020783645812
PHOTONIC_10LAYERS_BRAGG,BBOB,6.816151751868648
PHOTONIC_10LAYERS_BRAGG,BBOB,8.95479870639212
PHOTONIC_10LAYERS_BRAGG,BBOB,10.026032540282333
PHOTONIC_10LAYERS_BRAGG,BBOB,7.198625236720319
PHOTONIC_10LAYERS_BRAGG,BBOB,11.024187684661262
PHOTONIC_10LAYERS_BRAGG,BBOB,20.831335556972373
PHOTONIC_10LAYERS_BRAGG,BBOB,17.527402513301787
PHOTONIC_10LAYERS_BRAGG,BBOB,9.28112758864009
PHOTONIC_10LAYERS_BRAGG,BBOB,9.066103225874258
PHOTONIC_10LAYERS_BRAGG,BBOB,11.020533260453046
PHOTONIC_10LAYERS_BRAGG,BBOB,8.789000998068733
PHOTONIC_10LAYERS_BRAGG,BBOB,11.968753661665179
PHOTONIC_10LAYERS_BRAGG,BBOB,6.705879221277351
PHOTONIC_10LAYERS_BRAGG,BBOB,9.672114695054184
PHOTONIC_10LAYERS_BRAGG,BBOB,9.110102789268796
PHOTONIC_10LAYERS_BRAGG,BBOB,7.208832995511461
PHOTONIC_10LAYERS_BRAGG,BBOB,10.063938617206627
PHOTONIC_10LAYERS_BRAGG,BBOB,9.323970980372556
PHOTONIC_10LAYERS_BRAGG,BBOB,9.13188576568462
PHOTONIC_10LAYERS_BRAGG,BBOB,7.385925928642608
PHOTONIC_10LAYERS_BRAGG,BBOB,10.188525707513692
PHOTONIC_10LAYERS_BRAGG,BBOB,9.6898720286305
PHOTONIC_10LAYERS_BRAGG,BBOB,9.002914903808495
PHOTONIC_10LAYERS_BRAGG,BBOB,6.658871780468469
PHOTONIC_10LAYERS_BRAGG,BBOB,9.76112033166504
PHOTONIC_10LAYERS_BRAGG,BBOB,9.516040051954818
PHOTONIC_10LAYERS_BRAGG,BBOB,9.39431765208432
PHOTONIC_10LAYERS_BRAGG,BBOB,13.72890720567124
PHOTONIC_10LAYERS_BRAGG,BBOB,9.347168194110084
PHOTONIC_10LAYERS_BRAGG,BBOB,7.6079075527384505
PHOTONIC_10LAYERS_BRAGG,BBOB,8.78794250498358
PHOTONIC_10LAYERS_BRAGG,BBOB,9.133351404014991
PHOTONIC_10LAYERS_BRAGG,BBOB,7.453216293121059
PHOTONIC_10LAYERS_BRAGG,BBOB,20.714604041469755
PHOTONIC_10LAYERS_BRAGG,BBOB,6.988747026562448
PHOTONIC_10LAYERS_BRAGG,BBOB,6.852082299481786
PHOTONIC_10LAYERS_BRAGG,BBOB,7.917620287567657
PHOTONIC_10LAYERS_BRAGG,BBOB,6.893465493473077
PHOTONIC_10LAYERS_BRAGG,BBOB,10.734847032488409
PHOTONIC_10LAYERS_BRAGG,BBOB,8.324430851661704
PHOTONIC_10LAYERS_BRAGG,BBOB,10.612293870445827
PHOTONIC_10LAYERS_BRAGG,BBOB,8.566680099620338
PHOTONIC_10LAYERS_BRAGG,BBOB,10.244999801686456
PHOTONIC_10LAYERS_BRAGG,BBOB,10.697802654366356
PHOTONIC_10LAYERS_BRAGG,BBOB,9.63101606861195
PHOTONIC_10LAYERS_BRAGG,BBOB,8.11652110047097
PHOTONIC_10LAYERS_BRAGG,BBOB,9.96057833712487
PHOTONIC_10LAYERS_BRAGG,BBOB,6.6591833026170955
PHOTONIC_10LAYERS_BRAGG,BBOB,8.961671608894092
PHOTONIC_10LAYERS_BRAGG,BBOB,7.611247438421595
PHOTONIC_10LAYERS_BRAGG,BBOB,20.70357588711308
PHOTONIC_10LAYERS_BRAGG,BBOB,6.59233278046995
PHOTONIC_10LAYERS_BRAGG,BBOB,9.325735985139918
PHOTONIC_10LAYERS_BRAGG,BBOB,7.2619357653848144
PHOTONIC_10LAYERS_BRAGG,BBOB,10.228609991783651
PHOTONIC_10LAYERS_BRAGG,BBOB,9.069792744217208
PHOTONIC_10LAYERS_BRAGG,BBOB,6.348126662359263
PHOTONIC_10LAYERS_BRAGG,BBOB,6.563162732092927
PHOTONIC_10LAYERS_BRAGG,BBOB,9.238437127056585
PHOTONIC_10LAYERS_BRAGG,BBOB,7.474203338490596
PHOTONIC_10LAYERS_BRAGG,BBOB,6.989146156928244
PHOTONIC_10LAYERS_BRAGG,BBOB,6.7154051561861605
PHOTONIC_10LAYERS_BRAGG,BBOB,9.001293169779771
PHOTONIC_10LAYERS_BRAGG,BBOB,11.542193886711013
PHOTONIC_10LAYERS_BRAGG,BBOB,6.696341630599676
PHOTONIC_10LAYERS_BRAGG,BBOB,10.753078574440677
PHOTONIC_10LAYERS_BRAGG,BBOB,7.424773124894795
PHOTONIC_10LAYERS_BRAGG,BBOB,8.39318338235488
PHOTONIC_10LAYERS_BRAGG,BBOB,8.770232684662526
PHOTONIC_10LAYERS_BRAGG,BBOB,13.393448265046459
PHOTONIC_10LAYERS_BRAGG,BBOB,6.473573938049226
PHOTONIC_10LAYERS_BRAGG,BBOB,9.095761251667737
PHOTONIC_10LAYERS_BRAGG,BBOB,11.185453299084426
PHOTONIC_10LAYERS_BRAGG,BBOB,10.293132479218508
PHOTONIC_10LAYERS_BRAGG,BBOB,9.92963885857699
PHOTONIC_10LAYERS_BRAGG,BBOB,8.44725726574569
PHOTONIC_10LAYERS_BRAGG,BBOB,7.504446250377932
PHOTONIC_10LAYERS_BRAGG,BBOB,11.683151246765574
PHOTONIC_10LAYERS_BRAGG,BBOB,6.325590624965381
PHOTONIC_10LAYERS_BRAGG,BBOB,7.5597806593553765
PHOTONIC_10LAYERS_BRAGG,BBOB,7.464754693426621
PHOTONIC_10LAYERS_BRAGG,BBOB,8.544631932425252
PHOTONIC_10LAYERS_BRAGG,BBOB,9.8703177750253
PHOTONIC_10LAYERS_BRAGG,BBOB,10.026122204292156
PHOTONIC_10LAYERS_BRAGG,BBOB,7.341342918118961
PHOTONIC_10LAYERS_BRAGG,BBOB,10.668741709744122
PHOTONIC_10LAYERS_BRAGG,BBOB,8.823679540007959
PHOTONIC_10LAYERS_BRAGG,BBOB,10.18076100079271
PHOTONIC_10LAYERS_BRAGG,BBOB,10.162485423313013
PHOTONIC_10LAYERS_BRAGG,BBOB,8.642820600009234
PHOTONIC_10LAYERS_BRAGG,BBOB,9.589676008237017
PHOTONIC_10LAYERS_BRAGG,BBOB,8.456375514130833
PHOTONIC_10LAYERS_BRAGG,BBOB,10.594883270586406
PHOTONIC_10LAYERS_BRAGG,BBOB,9.069408184433083
PHOTONIC_10LAYERS_BRAGG,BBOB,7.857803140378882
PHOTONIC_10LAYERS_BRAGG,BBOB,6.562700827748866
PHOTONIC_10LAYERS_BRAGG,BBOB,8.129143336822763
PHOTONIC_10LAYERS_BRAGG,BBOB,9.790478893380978
PHOTONIC_10LAYERS_BRAGG,BBOB,9.921999955316641
PHOTONIC_10LAYERS_BRAGG,BBOB,11.12507044609344
PHOTONIC_10LAYERS_BRAGG,BBOB,8.525813015520923
PHOTONIC_10LAYERS_BRAGG,BBOB,11.360515705869389
PHOTONIC_10LAYERS_BRAGG,BBOB,12.1138422370837
PHOTONIC_10LAYERS_BRAGG,BBOB,7.263534977819433
PHOTONIC_10LAYERS_BRAGG,BBOB,10.020600790512525
PHOTONIC_10LAYERS_BRAGG,BBOB,10.295342133053792
PHOTONIC_10LAYERS_BRAGG,BBOB,11.94879238937995
PHOTONIC_10LAYERS_BRAGG,BBOB,8.502893814938805
PHOTONIC_10LAYERS_BRAGG,BBOB,6.526576161430498
PHOTONIC_10LAYERS_BRAGG,BBOB,8.20890248842629
PHOTONIC_10LAYERS_BRAGG,BBOB,7.261576493020592
PHOTONIC_10LAYERS_BRAGG,BBOB,8.18498232032297
PHOTONIC_10LAYERS_BRAGG,BBOB,8.477759549290123
PHOTONIC_10LAYERS_BRAGG,BBOB,10.00001634616832
PHOTONIC_10LAYERS_BRAGG,BBOB,13.411519712374226
PHOTONIC_10LAYERS_BRAGG,BBOB,12.32512161423195
PHOTONIC_10LAYERS_BRAGG,BBOB,10.323804079118291
PHOTONIC_10LAYERS_BRAGG,BBOB,8.715101319150051
PHOTONIC_10LAYERS_BRAGG,BBOB,7.477255171424797
PHOTONIC_10LAYERS_BRAGG,BBOB,8.579615601025944
PHOTONIC_10LAYERS_BRAGG,BBOB,7.187361714946129
PHOTONIC_10LAYERS_BRAGG,BBOB,7.344137929604084
PHOTONIC_10LAYERS_BRAGG,BBOB,9.482805652986649
PHOTONIC_10LAYERS_BRAGG,BBOB,10.22024970190128
PHOTONIC_10LAYERS_BRAGG,BBOB,7.472818615365703
PHOTONIC_10LAYERS_BRAGG,BBOB,6.59080540672272
PHOTONIC_10LAYERS_BRAGG,BBOB,10.005121810505981
PHOTONIC_10LAYERS_BRAGG,BBOB,11.059442102567854
PHOTONIC_10LAYERS_BRAGG,BBOB,9.453560752747247
PHOTONIC_10LAYERS_BRAGG,BBOB,8.882066723752812
PHOTONIC_10LAYERS_BRAGG,BBOB,13.7353803870517
PHOTONIC_10LAYERS_BRAGG,BBOB,7.479389439842898
PHOTONIC_10LAYERS_BRAGG,BBOB,6.505979833380992
PHOTONIC_10LAYERS_BRAGG,BBOB,7.482391222850569
PHOTONIC_10LAYERS_BRAGG,BBOB,10.295817067381096
PHOTONIC_10LAYERS_BRAGG,BBOB,9.641225221568993
PHOTONIC_10LAYERS_BRAGG,BBOB,8.127340595772276
PHOTONIC_10LAYERS_BRAGG,BBOB,9.06097310214626
PHOTONIC_10LAYERS_BRAGG,BBOB,8.735909669651566
PHOTONIC_10LAYERS_BRAGG,BBOB,6.527992077941151
PHOTONIC_10LAYERS_BRAGG,BBOB,9.840195706629169
PHOTONIC_10LAYERS_BRAGG,BBOB,10.482305236195625
PHOTONIC_10LAYERS_BRAGG,BBOB,11.739256302339339
PHOTONIC_10LAYERS_BRAGG,BBOB,10.703372262725928
PHOTONIC_10LAYERS_BRAGG,BBOB,9.235875679204497
PHOTONIC_10LAYERS_BRAGG,BBOB,9.233737645614012
PHOTONIC_10LAYERS_BRAGG,BBOB,11.261443411748115
PHOTONIC_10LAYERS_BRAGG,BBOB,8.977324955458629
PHOTONIC_10LAYERS_BRAGG,BBOB,9.46845386306049
PHOTONIC_10LAYERS_BRAGG,BBOB,7.569579303910793
PHOTONIC_10LAYERS_BRAGG,BBOB,6.5035886274008
PHOTONIC_10LAYERS_BRAGG,BBOB,7.491160422955694
PHOTONIC_10LAYERS_BRAGG,BBOB,10.714482436349199
PHOTONIC_10LAYERS_BRAGG,BBOB,9.014653127159743
PHOTONIC_10LAYERS_BRAGG,BBOB,6.822582019867202
PHOTONIC_10LAYERS_BRAGG,BBOB,10.680485069160412
PHOTONIC_10LAYERS_BRAGG,BBOB,9.960746965700492
PHOTONIC_10LAYERS_BRAGG,BBOB,9.514019660509865
PHOTONIC_10LAYERS_BRAGG,BBOB,8.348526290745024
PHOTONIC_10LAYERS_BRAGG,BBOB,8.66605650816284
PHOTONIC_10LAYERS_BRAGG,BBOB,11.630136812874607
PHOTONIC_10LAYERS_BRAGG,BBOB,8.683684860616975
PHOTONIC_10LAYERS_BRAGG,BBOB,9.188169832206222
PHOTONIC_10LAYERS_BRAGG,BBOB,9.952293455189132
PHOTONIC_10LAYERS_BRAGG,BBOB,10.992518660686992
PHOTONIC_10LAYERS_BRAGG,BBOB,11.862074983366856
PHOTONIC_10LAYERS_BRAGG,BBOB,7.97330079306969
PHOTONIC_10LAYERS_BRAGG,BBOB,7.6094333459704115
PHOTONIC_10LAYERS_BRAGG,BBOB,9.515315229369802
PHOTONIC_10LAYERS_BRAGG,BBOB,8.215649159727558
PHOTONIC_10LAYERS_BRAGG,BBOB,10.209153792008845
PHOTONIC_10LAYERS_BRAGG,BBOB,10.111013434134758
PHOTONIC_10LAYERS_BRAGG,BBOB,8.493578446511894
PHOTONIC_10LAYERS_BRAGG,BBOB,8.061513590504566
PHOTONIC_10LAYERS_BRAGG,BBOB,11.261177064848628
PHOTONIC_10LAYERS_BRAGG,BBOB,7.262760058909129
PHOTONIC_10LAYERS_BRAGG,BBOB,8.575623291030512
PHOTONIC_10LAYERS_BRAGG,BBOB,7.946455119623996
PHOTONIC_10LAYERS_BRAGG,BBOB,10.565256984341547
PHOTONIC_10LAYERS_BRAGG,BBOB,8.103159513384643
PHOTONIC_10LAYERS_BRAGG,BBOB,7.197808740516317
PHOTONIC_10LAYERS_BRAGG,BBOB,6.82019105653564
PHOTONIC_10LAYERS_BRAGG,BBOB,9.10500455357784
PHOTONIC_10LAYERS_BRAGG,BBOB,8.58000571705604
PHOTONIC_10LAYERS_BRAGG,BBOB,9.997036478754266
PHOTONIC_10LAYERS_BRAGG,BBOB,11.613184636851873
PHOTONIC_10LAYERS_BRAGG,BBOB,12.706018616233896
PHOTONIC_10LAYERS_BRAGG,BBOB,9.54686295450816
PHOTONIC_10LAYERS_BRAGG,BBOB,8.580144357839742
PHOTONIC_10LAYERS_BRAGG,BBOB,8.665145262319704
PHOTONIC_10LAYERS_BRAGG,BBOB,9.927515319780797
PHOTONIC_10LAYERS_BRAGG,BBOB,6.658588151102784
PHOTONIC_10LAYERS_BRAGG,BBOB,7.949287108878532
PHOTONIC_10LAYERS_BRAGG,BBOB,8.788108728337571
PHOTONIC_10LAYERS_BRAGG,BBOB,9.80741471147219
PHOTONIC_10LAYERS_BRAGG,BBOB,9.14234217571837
PHOTONIC_10LAYERS_BRAGG,BBOB,10.658064447439056
PHOTONIC_10LAYERS_BRAGG,BBOB,11.40416234530314
PHOTONIC_10LAYERS_BRAGG,BBOB,11.718395433582302
PHOTONIC_10LAYERS_BRAGG,BBOB,8.552270943301023
PHOTONIC_10LAYERS_BRAGG,BBOB,9.007918146088349
PHOTONIC_10LAYERS_BRAGG,BBOB,9.105266784404645
PHOTONIC_10LAYERS_BRAGG,BBOB,11.943396402797188
PHOTONIC_10LAYERS_BRAGG,BBOB,9.259353910857715
PHOTONIC_10LAYERS_BRAGG,BBOB,8.526918355976804
PHOTONIC_10LAYERS_BRAGG,BBOB,12.230139042070553
PHOTONIC_10LAYERS_BRAGG,BBOB,6.4972594555772885
PHOTONIC_10LAYERS_BRAGG,BBOB,13.03044650773858
PHOTONIC_10LAYERS_BRAGG,BBOB,11.588445950129673
PHOTONIC_10LAYERS_BRAGG,BBOB,9.01280001441025
PHOTONIC_10LAYERS_BRAGG,BBOB,7.349087373624802
PHOTONIC_10LAYERS_BRAGG,BBOB,11.53398479840108
PHOTONIC_10LAYERS_BRAGG,BBOB,8.968227940416082
PHOTONIC_10LAYERS_BRAGG,BBOB,8.881212460863582
PHOTONIC_10LAYERS_BRAGG,BBOB,6.834311379175659
PHOTONIC_10LAYERS_BRAGG,BBOB,9.331131243479712
PHOTONIC_10LAYERS_BRAGG,BBOB,7.915320960181347
PHOTONIC_10LAYERS_BRAGG,BBOB,9.007331918992442
PHOTONIC_10LAYERS_BRAGG,BBOB,8.875241828308631
PHOTONIC_10LAYERS_BRAGG,BBOB,13.650297206579234
PHOTONIC_10LAYERS_BRAGG,BBOB,9.116160198528195
PHOTONIC_10LAYERS_BRAGG,BBOB,14.075831926679516
PHOTONIC_10LAYERS_BRAGG,BBOB,10.461310284727304
PHOTONIC_10LAYERS_BRAGG,BBOB,8.73087395321292
PHOTONIC_10LAYERS_BRAGG,BBOB,10.692061893201389
PHOTONIC_10LAYERS_BRAGG,BBOB,6.611883300493364
PHOTONIC_10LAYERS_BRAGG,BBOB,6.322642521736389
PHOTONIC_10LAYERS_BRAGG,BBOB,9.810718587983892
PHOTONIC_10LAYERS_BRAGG,BBOB,10.652710411308032
PHOTONIC_10LAYERS_BRAGG,BBOB,13.029647238814768
PHOTONIC_10LAYERS_BRAGG,BBOB,8.666693965037968
PHOTONIC_10LAYERS_BRAGG,BBOB,9.678798347485822
PHOTONIC_10LAYERS_BRAGG,BBOB,8.949555362673198
PHOTONIC_10LAYERS_BRAGG,BBOB,7.458143726258703
PHOTONIC_10LAYERS_BRAGG,BBOB,8.519769072099143
PHOTONIC_10LAYERS_BRAGG,BBOB,6.4642709961662055
PHOTONIC_10LAYERS_BRAGG,BBOB,6.325371050507575
PHOTONIC_10LAYERS_BRAGG,BBOB,7.611431639061818
PHOTONIC_10LAYERS_BRAGG,BBOB,11.88642972601926
PHOTONIC_10LAYERS_BRAGG,BBOB,9.631223207301703
PHOTONIC_10LAYERS_BRAGG,BBOB,9.3991196850599
PHOTONIC_10LAYERS_BRAGG,BBOB,6.495030736472132
PHOTONIC_10LAYERS_BRAGG,BBOB,7.898573795085961
PHOTONIC_10LAYERS_BRAGG,BBOB,8.882202706377447
PHOTONIC_10LAYERS_BRAGG,BBOB,9.147782070678286
PHOTONIC_10LAYERS_BRAGG,BBOB,9.216804114397755
PHOTONIC_10LAYERS_BRAGG,BBOB,9.792333342057711
PHOTONIC_10LAYERS_BRAGG,BBOB,12.150086602575946
PHOTONIC_10LAYERS_BRAGG,BBOB,9.066509498867957
PHOTONIC_10LAYERS_BRAGG,BBOB,7.181806121015076
PHOTONIC_10LAYERS_BRAGG,BBOB,8.519577331333451
PHOTONIC_10LAYERS_BRAGG,BBOB,9.184179943906855
PHOTONIC_10LAYERS_BRAGG,BBOB,13.330737759380552
PHOTONIC_10LAYERS_BRAGG,BBOB,10.556849200388838
PHOTONIC_10LAYERS_BRAGG,BBOB,10.567611923115582
PHOTONIC_10LAYERS_BRAGG,BBOB,8.38713135163739
PHOTONIC_10LAYERS_BRAGG,BBOB,9.951566686143462
PHOTONIC_10LAYERS_BRAGG,BBOB,11.850811137795354
PHOTONIC_10LAYERS_BRAGG,BBOB,13.701725114174309
PHOTONIC_10LAYERS_BRAGG,BBOB,10.607844964470678
PHOTONIC_10LAYERS_BRAGG,BBOB,11.849735436509672
PHOTONIC_10LAYERS_BRAGG,BBOB,7.166356671339785
PHOTONIC_10LAYERS_BRAGG,BBOB,8.330376086042785
PHOTONIC_10LAYERS_BRAGG,BBOB,10.983319360475333
PHOTONIC_10LAYERS_BRAGG,BBOB,8.870818863190419
PHOTONIC_10LAYERS_BRAGG,BBOB,9.671813629345666
PHOTONIC_10LAYERS_BRAGG,BBOB,7.166870792304265
PHOTONIC_10LAYERS_BRAGG,BBOB,9.512222451315285
PHOTONIC_10LAYERS_BRAGG,BBOB,9.901731490200026
PHOTONIC_10LAYERS_BRAGG,BBOB,12.907681727070663
PHOTONIC_10LAYERS_BRAGG,BBOB,10.62675026391194
PHOTONIC_10LAYERS_BRAGG,BBOB,10.461803862681503
PHOTONIC_10LAYERS_BRAGG,BBOB,8.880010183951669
PHOTONIC_10LAYERS_BRAGG,BBOB,7.241500345004513
PHOTONIC_10LAYERS_BRAGG,BBOB,10.603813397540122
PHOTONIC_10LAYERS_BRAGG,BBOB,10.678482820663145
PHOTONIC_10LAYERS_BRAGG,BBOB,10.884053189889928
PHOTONIC_10LAYERS_BRAGG,BBOB,7.482757720923955
PHOTONIC_10LAYERS_BRAGG,BBOB,13.380785235710961
PHOTONIC_10LAYERS_BRAGG,BBOB,7.2627755976892505
PHOTONIC_10LAYERS_BRAGG,BBOB,10.863998529247393
PHOTONIC_10LAYERS_BRAGG,BBOB,8.968534426943682
PHOTONIC_10LAYERS_BRAGG,BBOB,7.376910128364056
PHOTONIC_10LAYERS_BRAGG,BBOB,9.502836803206876
PHOTONIC_10LAYERS_BRAGG,BBOB,6.8588387078839395
PHOTONIC_10LAYERS_BRAGG,BBOB,8.947197819148279
PHOTONIC_10LAYERS_BRAGG,BBOB,7.198448779284636
PHOTONIC_10LAYERS_BRAGG,BBOB,9.14848423903713
PHOTONIC_10LAYERS_BRAGG,BBOB,7.443315407120344
PHOTONIC_10LAYERS_BRAGG,BBOB,8.528339018099828
PHOTONIC_10LAYERS_BRAGG,BBOB,8.537499667425852
PHOTONIC_10LAYERS_BRAGG,BBOB,9.327250133970246
PHOTONIC_10LAYERS_BRAGG,BBOB,8.330977245368159
PHOTONIC_10LAYERS_BRAGG,BBOB,6.638774725036107
PHOTONIC_10LAYERS_BRAGG,BBOB,6.4816875271454695
PHOTONIC_10LAYERS_BRAGG,BBOB,6.825145830078497
PHOTONIC_10LAYERS_BRAGG,BBOB,9.107393421167794
PHOTONIC_10LAYERS_BRAGG,BBOB,8.12974776003402
PHOTONIC_10LAYERS_BRAGG,BBOB,9.00754245109318
PHOTONIC_10LAYERS_BRAGG,BBOB,9.010115835876377
PHOTONIC_10LAYERS_BRAGG,BBOB,7.594656051655586
PHOTONIC_10LAYERS_BRAGG,BBOB,9.095720935618564
PHOTONIC_10LAYERS_BRAGG,BBOB,11.031512370963494
PHOTONIC_10LAYERS_BRAGG,BBOB,10.02496353728694
PHOTONIC_10LAYERS_BRAGG,BBOB,9.11407784579558
PHOTONIC_10LAYERS_BRAGG,BBOB,17.525499813285236
PHOTONIC_10LAYERS_BRAGG,BBOB,9.2077321924598
PHOTONIC_10LAYERS_BRAGG,BBOB,9.646709085372189
PHOTONIC_10LAYERS_BRAGG,BBOB,6.815133277643242
PHOTONIC_10LAYERS_BRAGG,BBOB,10.685246210646014
PHOTONIC_10LAYERS_BRAGG,BBOB,8.629059904279284
PHOTONIC_10LAYERS_BRAGG,BBOB,11.272350692044622
PHOTONIC_10LAYERS_BRAGG,BBOB,7.97121491548695
PHOTONIC_10LAYERS_BRAGG,BBOB,9.432201752367098
PHOTONIC_10LAYERS_BRAGG,BBOB,6.56200354631905
PHOTONIC_10LAYERS_BRAGG,BBOB,7.390991255613087
PHOTONIC_10LAYERS_BRAGG,BBOB,10.359972587514003
PHOTONIC_10LAYERS_BRAGG,BBOB,9.324737727158915
PHOTONIC_10LAYERS_BRAGG,BBOB,8.86313654749314
PHOTONIC_10LAYERS_BRAGG,BBOB,10.879840871832924
PHOTONIC_10LAYERS_BRAGG,BBOB,7.828560352158888
PHOTONIC_10LAYERS_BRAGG,BBOB,9.084651129721898
PHOTONIC_10LAYERS_BRAGG,BBOB,10.242558744921121
PHOTONIC_10LAYERS_BRAGG,BBOB,11.611740044207892
PHOTONIC_10LAYERS_BRAGG,BBOB,10.49357510617186
PHOTONIC_10LAYERS_BRAGG,BBOB,11.398776365383439
PHOTONIC_10LAYERS_BRAGG,BBOB,9.760477087889326
PHOTONIC_10LAYERS_BRAGG,BBOB,8.786820732574862
PHOTONIC_10LAYERS_BRAGG,BBOB,10.135759511353093
PHOTONIC_10LAYERS_BRAGG,BBOB,11.934670842726367
PHOTONIC_10LAYERS_BRAGG,BBOB,9.10896701023878
PHOTONIC_10LAYERS_BRAGG,BBOB,7.427994499034981
PHOTONIC_10LAYERS_BRAGG,BBOB,14.060271321310843
PHOTONIC_10LAYERS_BRAGG,BBOB,11.646029007264092
PHOTONIC_10LAYERS_BRAGG,BBOB,10.186826298705613
PHOTONIC_10LAYERS_BRAGG,BBOB,6.87525743518251
PHOTONIC_10LAYERS_BRAGG,BBOB,10.142890165513442
PHOTONIC_10LAYERS_BRAGG,BBOB,11.566974631646415
PHOTONIC_10LAYERS_BRAGG,BBOB,11.252081860963308
PHOTONIC_10LAYERS_BRAGG,BBOB,9.495196512918445
PHOTONIC_10LAYERS_BRAGG,BBOB,7.199079226522006
PHOTONIC_10LAYERS_BRAGG,BBOB,11.715240907944818
PHOTONIC_10LAYERS_BRAGG,BBOB,12.286237926836518
PHOTONIC_10LAYERS_BRAGG,BBOB,9.950724304607645
PHOTONIC_10LAYERS_BRAGG,BBOB,6.987662817677563
PHOTONIC_10LAYERS_BRAGG,BBOB,6.893495133083457
PHOTONIC_10LAYERS_BRAGG,BBOB,8.662048961497158
PHOTONIC_10LAYERS_BRAGG,BBOB,6.9018614482426255
PHOTONIC_10LAYERS_BRAGG,BBOB,9.150464153904215
PHOTONIC_10LAYERS_BRAGG,BBOB,7.514279581481218
PHOTONIC_10LAYERS_BRAGG,BBOB,9.081691647328652
PHOTONIC_10LAYERS_BRAGG,BBOB,10.360477977537174
PHOTONIC_10LAYERS_BRAGG,BBOB,11.402765322611815
PHOTONIC_10LAYERS_BRAGG,BBOB,9.098460106884296
PHOTONIC_10LAYERS_BRAGG,BBOB,7.527296872627399
PHOTONIC_10LAYERS_BRAGG,BBOB,6.459243262841512
PHOTONIC_10LAYERS_BRAGG,BBOB,7.197630128470344
PHOTONIC_10LAYERS_BRAGG,BBOB,6.826459223061153
PHOTONIC_10LAYERS_BRAGG,BBOB,11.340934904662257
PHOTONIC_10LAYERS_BRAGG,BBOB,9.823645082414712
PHOTONIC_10LAYERS_BRAGG,BBOB,8.213652470653862
PHOTONIC_10LAYERS_BRAGG,BBOB,9.290766120527385
PHOTONIC_10LAYERS_BRAGG,BBOB,9.275956701580812
PHOTONIC_10LAYERS_BRAGG,BBOB,7.943578058434358
PHOTONIC_10LAYERS_BRAGG,BBOB,10.557087185350882
PHOTONIC_10LAYERS_BRAGG,BBOB,11.485393933162573
PHOTONIC_10LAYERS_BRAGG,BBOB,8.77422102130617
PHOTONIC_10LAYERS_BRAGG,BBOB,6.842937963227604
PHOTONIC_10LAYERS_BRAGG,BBOB,7.197063628872403
PHOTONIC_10LAYERS_BRAGG,BBOB,11.425467145699983
PHOTONIC_10LAYERS_BRAGG,BBOB,7.331789155345883
PHOTONIC_10LAYERS_BRAGG,BBOB,8.817149552429212
PHOTONIC_10LAYERS_BRAGG,BBOB,9.979257460417196
PHOTONIC_10LAYERS_BRAGG,BBOB,7.01491209089474
PHOTONIC_10LAYERS_BRAGG,BBOB,7.262378838527524
PHOTONIC_10LAYERS_BRAGG,BBOB,6.902053729300653
PHOTONIC_10LAYERS_BRAGG,BBOB,7.355821758392735
PHOTONIC_10LAYERS_BRAGG,BBOB,7.166587240358038
PHOTONIC_10LAYERS_BRAGG,BBOB,10.653765344077982
PHOTONIC_10LAYERS_BRAGG,BBOB,6.824227180656631
PHOTONIC_10LAYERS_BRAGG,BBOB,9.971051348615397
PHOTONIC_10LAYERS_BRAGG,BBOB,8.518670416861085
PHOTONIC_10LAYERS_BRAGG,BBOB,10.646034201751645
PHOTONIC_10LAYERS_BRAGG,BBOB,7.39854875147488
PHOTONIC_10LAYERS_BRAGG,BBOB,7.58849622927347
PHOTONIC_10LAYERS_BRAGG,BBOB,8.737757413194451
PHOTONIC_10LAYERS_BRAGG,BBOB,7.534130589460967
PHOTONIC_10LAYERS_BRAGG,BBOB,8.714199149772487
PHOTONIC_10LAYERS_BRAGG,BBOB,7.404169733628834
PHOTONIC_10LAYERS_BRAGG,BBOB,10.021777040811207
PHOTONIC_10LAYERS_BRAGG,BBOB,11.403717995156923
PHOTONIC_10LAYERS_BRAGG,BBOB,8.731074079718116
PHOTONIC_10LAYERS_BRAGG,BBOB,7.88908880334074
PHOTONIC_10LAYERS_BRAGG,BBOB,8.184454501876445
PHOTONIC_10LAYERS_BRAGG,BBOB,6.466871127658456
PHOTONIC_10LAYERS_BRAGG,BBOB,11.042310721166503
PHOTONIC_10LAYERS_BRAGG,BBOB,7.4028575746740914
PHOTONIC_10LAYERS_BRAGG,BBOB,9.863653878814922
PHOTONIC_10LAYERS_BRAGG,BBOB,20.831876551493963
PHOTONIC_10LAYERS_BRAGG,BBOB,6.4652856828339225
PHOTONIC_10LAYERS_BRAGG,BBOB,10.700256946465732
PHOTONIC_10LAYERS_BRAGG,BBOB,8.974748520596142
PHOTONIC_10LAYERS_BRAGG,BBOB,8.154805229570965
PHOTONIC_10LAYERS_BRAGG,BBOB,8.418000440355259
PHOTONIC_10LAYERS_BRAGG,BBOB,7.9383845152957075
PHOTONIC_10LAYERS_BRAGG,BBOB,7.419800940575334
PHOTONIC_10LAYERS_BRAGG,BBOB,7.19834128772252
PHOTONIC_10LAYERS_BRAGG,BBOB,10.915303578710056
PHOTONIC_10LAYERS_BRAGG,BBOB,12.051660839189603
PHOTONIC_10LAYERS_BRAGG,BBOB,9.806099535314582
PHOTONIC_10LAYERS_BRAGG,BBOB,13.667899183380412
PHOTONIC_10LAYERS_BRAGG,BBOB,10.770310692286682
PHOTONIC_10LAYERS_BRAGG,BBOB,9.456706079173806
PHOTONIC_10LAYERS_BRAGG,BBOB,7.949171576528241
PHOTONIC_10LAYERS_BRAGG,BBOB,6.590887715332103
PHOTONIC_10LAYERS_BRAGG,BBOB,13.54399980417238
PHOTONIC_10LAYERS_BRAGG,BBOB,8.246680300532914
PHOTONIC_10LAYERS_BRAGG,BBOB,9.538893789489867
PHOTONIC_10LAYERS_BRAGG,BBOB,10.750003817639676
PHOTONIC_10LAYERS_BRAGG,BBOB,10.06960048862699
PHOTONIC_10LAYERS_BRAGG,BBOB,10.215568123758432
PHOTONIC_10LAYERS_BRAGG,BBOB,8.66650283487888
PHOTONIC_10LAYERS_BRAGG,BBOB,7.476392702422628
PHOTONIC_10LAYERS_BRAGG,BBOB,6.815969940531364
PHOTONIC_10LAYERS_BRAGG,BBOB,9.617280472913595
PHOTONIC_10LAYERS_BRAGG,BBOB,8.354988194864866
PHOTONIC_10LAYERS_BRAGG,BBOB,8.53830351942061
PHOTONIC_10LAYERS_BRAGG,BBOB,7.768914890931251
PHOTONIC_10LAYERS_BRAGG,BBOB,8.503522056573294
PHOTONIC_10LAYERS_BRAGG,BBOB,6.5065042695782065
PHOTONIC_10LAYERS_BRAGG,BBOB,10.672829597060298
PHOTONIC_10LAYERS_BRAGG,BBOB,10.665333022013098
PHOTONIC_10LAYERS_BRAGG,BBOB,7.4814010286271095
PHOTONIC_10LAYERS_BRAGG,BBOB,7.417325277624163
PHOTONIC_10LAYERS_BRAGG,BBOB,9.924131876558745
PHOTONIC_10LAYERS_BRAGG,BBOB,8.87379011903447
PHOTONIC_10LAYERS_BRAGG,BBOB,7.8785393747120285
PHOTONIC_10LAYERS_BRAGG,BBOB,8.898889935444473
PHOTONIC_10LAYERS_BRAGG,BBOB,7.382493902215637
PHOTONIC_10LAYERS_BRAGG,BBOB,7.424256234521312
PHOTONIC_10LAYERS_BRAGG,BBOB,11.269749105774721
PHOTONIC_10LAYERS_BRAGG,BBOB,7.4873483741383735
PHOTONIC_10LAYERS_BRAGG,BBOB,9.516789381241606
PHOTONIC_10LAYERS_BRAGG,BBOB,9.49226314916451
PHOTONIC_10LAYERS_BRAGG,BBOB,9.627996486072808
PHOTONIC_10LAYERS_BRAGG,BBOB,9.627935111615379
PHOTONIC_10LAYERS_BRAGG,BBOB,13.711470043752943
PHOTONIC_10LAYERS_BRAGG,BBOB,7.4723707015304335
PHOTONIC_10LAYERS_BRAGG,BBOB,9.081385908917673
PHOTONIC_10LAYERS_BRAGG,BBOB,12.322118264343276
PHOTONIC_10LAYERS_BRAGG,BBOB,8.74776732357725
PHOTONIC_10LAYERS_BRAGG,BBOB,9.216191594056987
PHOTONIC_10LAYERS_BRAGG,BBOB,7.4983284198022675
PHOTONIC_10LAYERS_BRAGG,BBOB,10.694070331561045
PHOTONIC_10LAYERS_BRAGG,BBOB,10.326387075907066
PHOTONIC_10LAYERS_BRAGG,BBOB,10.134850436879514
PHOTONIC_10LAYERS_BRAGG,BBOB,7.329989720797208
PHOTONIC_10LAYERS_BRAGG,BBOB,7.264895839134094
PHOTONIC_10LAYERS_BRAGG,BBOB,9.327053332413609
PHOTONIC_10LAYERS_BRAGG,BBOB,7.414212279336061
PHOTONIC_10LAYERS_BRAGG,BBOB,7.830211944968806
PHOTONIC_10LAYERS_BRAGG,BBOB,8.478432730357035
PHOTONIC_10LAYERS_BRAGG,BBOB,7.485852713536768
PHOTONIC_10LAYERS_BRAGG,BBOB,10.922478381981035
PHOTONIC_10LAYERS_BRAGG,BBOB,10.22155343732715
PHOTONIC_10LAYERS_BRAGG,BBOB,7.596391635638388
PHOTONIC_10LAYERS_BRAGG,BBOB,8.419399408353154
PHOTONIC_10LAYERS_BRAGG,BBOB,9.125124515677122
PHOTONIC_10LAYERS_BRAGG,BBOB,8.50113281367831
PHOTONIC_10LAYERS_BRAGG,BBOB,11.939085152334131
PHOTONIC_10LAYERS_BRAGG,BBOB,10.760092222790306
PHOTONIC_10LAYERS_BRAGG,BBOB,9.056582611653155
PHOTONIC_10LAYERS_BRAGG,BBOB,8.465831349302904
PHOTONIC_10LAYERS_BRAGG,BBOB,7.388616164756766
PHOTONIC_10LAYERS_BRAGG,BBOB,7.555228728355928
PHOTONIC_10LAYERS_BRAGG,BBOB,11.178494738376576
PHOTONIC_10LAYERS_BRAGG,BBOB,10.620660316549952
PHOTONIC_10LAYERS_BRAGG,BBOB,12.107520621709671
PHOTONIC_10LAYERS_BRAGG,BBOB,9.577693572176395
PHOTONIC_10LAYERS_BRAGG,BBOB,9.407564039420937
PHOTONIC_10LAYERS_BRAGG,BBOB,17.52560561928047
PHOTONIC_10LAYERS_BRAGG,BBOB,9.54411970967608
PHOTONIC_10LAYERS_BRAGG,BBOB,7.3598565299926495
PHOTONIC_10LAYERS_BRAGG,BBOB,10.923413267692794
PHOTONIC_10LAYERS_BRAGG,BBOB,10.593499803339501
PHOTONIC_10LAYERS_BRAGG,BBOB,11.1943736456838
PHOTONIC_10LAYERS_BRAGG,BBOB,10.840734912871564
PHOTONIC_10LAYERS_BRAGG,BBOB,9.839527854244308
PHOTONIC_10LAYERS_BRAGG,BBOB,7.341217590385418
PHOTONIC_10LAYERS_BRAGG,BBOB,13.717610279179851
PHOTONIC_10LAYERS_BRAGG,BBOB,11.464924612557777
PHOTONIC_10LAYERS_BRAGG,BBOB,13.389548663898523
PHOTONIC_10LAYERS_BRAGG,BBOB,13.774625378723943
PHOTONIC_10LAYERS_BRAGG,BBOB,10.019925710501637
PHOTONIC_10LAYERS_BRAGG,BBOB,7.470358808304343
PHOTONIC_10LAYERS_BRAGG,BBOB,9.20609996717792
PHOTONIC_10LAYERS_BRAGG,BBOB,9.165763679736443
PHOTONIC_10LAYERS_BRAGG,BBOB,7.376413082699274
PHOTONIC_10LAYERS_BRAGG,BBOB,9.516122227825397
PHOTONIC_10LAYERS_BRAGG,BBOB,10.064562587400664
PHOTONIC_10LAYERS_BRAGG,BBOB,7.435753043982453
PHOTONIC_10LAYERS_BRAGG,BBOB,8.921658964769584
PHOTONIC_10LAYERS_BRAGG,BBOB,8.667908055176369
PHOTONIC_10LAYERS_BRAGG,BBOB,6.512291333688254
PHOTONIC_10LAYERS_BRAGG,BBOB,8.347041114374044
PHOTONIC_10LAYERS_BRAGG,BBOB,7.376068629889623
PHOTONIC_10LAYERS_BRAGG,BBOB,7.581484748843038
PHOTONIC_10LAYERS_BRAGG,BBOB,9.834396880597652
PHOTONIC_10LAYERS_BRAGG,BBOB,11.884656425316463
PHOTONIC_10LAYERS_BRAGG,BBOB,7.426214863927127
PHOTONIC_10LAYERS_BRAGG,BBOB,8.697921535917752
PHOTONIC_10LAYERS_BRAGG,BBOB,7.108581469130906
PHOTONIC_10LAYERS_BRAGG,BBOB,8.55445980198459
PHOTONIC_10LAYERS_BRAGG,BBOB,11.841067342189953
PHOTONIC_10LAYERS_BRAGG,BBOB,7.109000280233731
PHOTONIC_10LAYERS_BRAGG,BBOB,9.450447023660304
PHOTONIC_10LAYERS_BRAGG,BBOB,11.270169085138633
PHOTONIC_10LAYERS_BRAGG,BBOB,10.125710051098224
PHOTONIC_10LAYERS_BRAGG,BBOB,8.424610287806312
PHOTONIC_10LAYERS_BRAGG,BBOB,10.024709741314439
PHOTONIC_10LAYERS_BRAGG,BBOB,10.579402997437446
PHOTONIC_10LAYERS_BRAGG,BBOB,8.784566805329046
PHOTONIC_10LAYERS_BRAGG,BBOB,9.103861934788203
PHOTONIC_10LAYERS_BRAGG,BBOB,10.606504971901519
PHOTONIC_10LAYERS_BRAGG,BBOB,10.228254306772493
PHOTONIC_10LAYERS_BRAGG,BBOB,6.891484973853263
PHOTONIC_10LAYERS_BRAGG,BBOB,8.961671608894092
PHOTONIC_10LAYERS_BRAGG,BBOB,8.622602742756255
PHOTONIC_10LAYERS_BRAGG,BBOB,7.439861598744584
PHOTONIC_10LAYERS_BRAGG,BBOB,9.280261416342315
PHOTONIC_10LAYERS_BRAGG,BBOB,8.278967463678704
PHOTONIC_10LAYERS_BRAGG,BBOB,7.47922911860332
PHOTONIC_10LAYERS_BRAGG,BBOB,9.456450864440209
PHOTONIC_10LAYERS_BRAGG,BBOB,8.762325147275954
PHOTONIC_10LAYERS_BRAGG,BBOB,8.393450403903358
PHOTONIC_10LAYERS_BRAGG,BBOB,7.950059088453791
PHOTONIC_10LAYERS_BRAGG,BBOB,9.62871803768433
PHOTONIC_10LAYERS_BRAGG,BBOB,11.38344991853067
PHOTONIC_10LAYERS_BRAGG,BBOB,13.39950611158881
PHOTONIC_10LAYERS_BRAGG,BBOB,9.132507888608862
PHOTONIC_10LAYERS_BRAGG,BBOB,8.211277691316281
PHOTONIC_10LAYERS_BRAGG,BBOB,6.50649054987142
PHOTONIC_10LAYERS_BRAGG,BBOB,11.872955205940684
PHOTONIC_10LAYERS_BRAGG,BBOB,9.480432830283373
PHOTONIC_10LAYERS_BRAGG,BBOB,11.26982142052182
PHOTONIC_10LAYERS_BRAGG,BBOB,10.903642078802115
PHOTONIC_10LAYERS_BRAGG,BBOB,12.891342056654514
PHOTONIC_10LAYERS_BRAGG,BBOB,9.448714858336233
PHOTONIC_10LAYERS_BRAGG,BBOB,9.518218809874032
PHOTONIC_10LAYERS_BRAGG,BBOB,8.246804896012108
PHOTONIC_10LAYERS_BRAGG,BBOB,10.631387016058047
PHOTONIC_10LAYERS_BRAGG,BBOB,10.125335312905348
PHOTONIC_10LAYERS_BRAGG,BBOB,9.494226483665177
PHOTONIC_10LAYERS_BRAGG,BBOB,9.430137283662962
PHOTONIC_10LAYERS_BRAGG,BBOB,11.57056989569117
PHOTONIC_10LAYERS_BRAGG,BBOB,7.912618567476283
PHOTONIC_10LAYERS_BRAGG,BBOB,6.901510827852046
PHOTONIC_10LAYERS_BRAGG,BBOB,8.269645116170395
PHOTONIC_10LAYERS_BRAGG,BBOB,9.123147499628997
PHOTONIC_10LAYERS_BRAGG,BBOB,9.573988775442771
PHOTONIC_10LAYERS_BRAGG,BBOB,7.5535346259577345
PHOTONIC_10LAYERS_BRAGG,BBOB,7.181265323270432
PHOTONIC_10LAYERS_BRAGG,BBOB,7.457126965529696
PHOTONIC_10LAYERS_BRAGG,BBOB,7.182444591129785
PHOTONIC_10LAYERS_BRAGG,BBOB,9.950244492369228
PHOTONIC_10LAYERS_BRAGG,BBOB,9.444928689031135
PHOTONIC_10LAYERS_BRAGG,BBOB,11.404667916532368
PHOTONIC_10LAYERS_BRAGG,BBOB,9.645601200397676
PHOTONIC_10LAYERS_BRAGG,BBOB,8.853894612001374
PHOTONIC_10LAYERS_BRAGG,BBOB,10.45686435978175
PHOTONIC_10LAYERS_BRAGG,BBOB,9.507320976833235
PHOTONIC_10LAYERS_BRAGG,BBOB,9.931083812016738
PHOTONIC_10LAYERS_BRAGG,BBOB,12.273187219141484
PHOTONIC_10LAYERS_BRAGG,BBOB,7.949523216799894
PHOTONIC_10LAYERS_BRAGG,BBOB,8.86034532356083
PHOTONIC_10LAYERS_BRAGG,BBOB,20.82928960429059
PHOTONIC_10LAYERS_BRAGG,BBOB,7.443797468300628
PHOTONIC_10LAYERS_BRAGG,BBOB,6.496507048934139
PHOTONIC_10LAYERS_BRAGG,BBOB,7.5963909886596
PHOTONIC_10LAYERS_BRAGG,BBOB,8.664966474631827
PHOTONIC_10LAYERS_BRAGG,BBOB,6.875332732311299
PHOTONIC_10LAYERS_BRAGG,BBOB,10.70334506424044
PHOTONIC_10LAYERS_BRAGG,BBOB,6.645554521159269
PHOTONIC_10LAYERS_BRAGG,BBOB,10.36345978786235
PHOTONIC_10LAYERS_BRAGG,BBOB,8.322463385551906
PHOTONIC_10LAYERS_BRAGG,BBOB,10.992748341667664
PHOTONIC_10LAYERS_BRAGG,BBOB,6.778837252343099
PHOTONIC_10LAYERS_BRAGG,BBOB,9.108002470551762
PHOTONIC_10LAYERS_BRAGG,BBOB,9.863985537720387
PHOTONIC_10LAYERS_BRAGG,BBOB,7.386868110463233
PHOTONIC_10LAYERS_BRAGG,BBOB,8.425404956341032
PHOTONIC_10LAYERS_BRAGG,BBOB,9.305119887276854
PHOTONIC_10LAYERS_BRAGG,BBOB,8.488527171219404
PHOTONIC_10LAYERS_BRAGG,BBOB,9.33333296247733
PHOTONIC_10LAYERS_BRAGG,BBOB,6.690983609610259
PHOTONIC_10LAYERS_BRAGG,BBOB,8.399825442716805
PHOTONIC_10LAYERS_BRAGG,BBOB,7.477156768651452
PHOTONIC_10LAYERS_BRAGG,BBOB,7.888820524859435
PHOTONIC_10LAYERS_BRAGG,BBOB,11.28261640326238
PHOTONIC_10LAYERS_BRAGG,BBOB,9.067997032446861
PHOTONIC_10LAYERS_BRAGG,BBOB,8.028471877592475
PHOTONIC_10LAYERS_BRAGG,BBOB,7.382600047688152
PHOTONIC_10LAYERS_BRAGG,BBOB,10.058761857028395
PHOTONIC_10LAYERS_BRAGG,BBOB,20.69663276593889
PHOTONIC_10LAYERS_BRAGG,BBOB,11.72044242643686
PHOTONIC_10LAYERS_BRAGG,BBOB,10.99095985355321
PHOTONIC_10LAYERS_BRAGG,BBOB,6.892690742715976
PHOTONIC_10LAYERS_BRAGG,BBOB,6.3909345056173725
PHOTONIC_10LAYERS_BRAGG,BBOB,7.360582323568979
PHOTONIC_10LAYERS_BRAGG,BBOB,10.991312325805191
PHOTONIC_10LAYERS_BRAGG,BBOB,6.479123688369662
PHOTONIC_10LAYERS_BRAGG,BBOB,9.223584361653625
PHOTONIC_10LAYERS_BRAGG,BBOB,6.853650964108508
PHOTONIC_10LAYERS_BRAGG,BBOB,10.744710048849331
PHOTONIC_10LAYERS_BRAGG,BBOB,11.841091452663905
PHOTONIC_10LAYERS_BRAGG,BBOB,8.307089583886206
PHOTONIC_10LAYERS_BRAGG,BBOB,9.094885946247665
PHOTONIC_10LAYERS_BRAGG,BBOB,9.01628762120984
PHOTONIC_10LAYERS_BRAGG,BBOB,9.114606826315091
PHOTONIC_10LAYERS_BRAGG,BBOB,9.917121392068461
PHOTONIC_10LAYERS_BRAGG,BBOB,8.400552628321709
PHOTONIC_10LAYERS_BRAGG,BBOB,13.417890181217906
PHOTONIC_10LAYERS_BRAGG,BBOB,8.575989564313401
PHOTONIC_10LAYERS_BRAGG,BBOB,9.095740937554464
PHOTONIC_10LAYERS_BRAGG,BBOB,10.700013989377105
PHOTONIC_10LAYERS_BRAGG,BBOB,10.204198290198633
PHOTONIC_10LAYERS_BRAGG,BBOB,8.958870047082964
PHOTONIC_10LAYERS_BRAGG,BBOB,6.834300636070839
PHOTONIC_10LAYERS_BRAGG,BBOB,7.469708166207156
PHOTONIC_10LAYERS_BRAGG,BBOB,9.806833318404202
PHOTONIC_10LAYERS_BRAGG,BBOB,10.136802497942107
PHOTONIC_10LAYERS_BRAGG,BBOB,7.42389157130433
PHOTONIC_10LAYERS_BRAGG,BBOB,9.014844601467267
PHOTONIC_10LAYERS_BRAGG,BBOB,10.664212900750709
PHOTONIC_10LAYERS_BRAGG,BBOB,9.5136118501654
PHOTONIC_10LAYERS_BRAGG,BBOB,9.276277538851897
PHOTONIC_10LAYERS_BRAGG,BBOB,12.632206392350326
PHOTONIC_10LAYERS_BRAGG,BBOB,7.495871788973282
PHOTONIC_10LAYERS_BRAGG,BBOB,9.15001955181443
PHOTONIC_10LAYERS_BRAGG,BBOB,9.098683813782452
PHOTONIC_10LAYERS_BRAGG,BBOB,9.979465438799059
PHOTONIC_10LAYERS_BRAGG,BBOB,8.986618773305315
PHOTONIC_10LAYERS_BRAGG,BBOB,9.430247512453324
PHOTONIC_10LAYERS_BRAGG,BBOB,7.572257458048036
PHOTONIC_10LAYERS_BRAGG,BBOB,8.53656055563964
PHOTONIC_10LAYERS_BRAGG,BBOB,7.945609726766837
PHOTONIC_10LAYERS_BRAGG,BBOB,8.06091535387875
PHOTONIC_10LAYERS_BRAGG,BBOB,7.877536993494527
PHOTONIC_10LAYERS_BRAGG,BBOB,10.569230282358621
PHOTONIC_10LAYERS_BRAGG,BBOB,9.164135645661887
PHOTONIC_10LAYERS_BRAGG,BBOB,6.9838490495951495
PHOTONIC_10LAYERS_BRAGG,BBOB,9.932130342700278
PHOTONIC_10LAYERS_BRAGG,BBOB,9.019510035894264
PHOTONIC_10LAYERS_BRAGG,BBOB,10.713294687175754
PHOTONIC_10LAYERS_BRAGG,BBOB,8.028823058465838
PHOTONIC_10LAYERS_BRAGG,BBOB,8.68832318284444
PHOTONIC_10LAYERS_BRAGG,BBOB,8.958557920697585
PHOTONIC_10LAYERS_BRAGG,BBOB,9.21503032402358
PHOTONIC_10LAYERS_BRAGG,BBOB,8.595669276274846
PHOTONIC_10LAYERS_BRAGG,BBOB,6.526784486438574
PHOTONIC_10LAYERS_BRAGG,BBOB,9.602458230456142
PHOTONIC_10LAYERS_BRAGG,BBOB,8.7309901582709
PHOTONIC_10LAYERS_BRAGG,BBOB,9.217984546385678
PHOTONIC_10LAYERS_BRAGG,BBOB,8.855306825555708
PHOTONIC_10LAYERS_BRAGG,BBOB,8.120940501080854
PHOTONIC_10LAYERS_BRAGG,BBOB,8.52293558258823
PHOTONIC_10LAYERS_BRAGG,BBOB,8.57532638073631
PHOTONIC_10LAYERS_BRAGG,BBOB,8.396584882195917
PHOTONIC_10LAYERS_BRAGG,BBOB,20.83260234193452
PHOTONIC_10LAYERS_BRAGG,BBOB,8.455116308710984
PHOTONIC_10LAYERS_BRAGG,BBOB,10.134769644201016
PHOTONIC_10LAYERS_BRAGG,BBOB,10.462629217397406
PHOTONIC_10LAYERS_BRAGG,BBOB,9.39264734514762
PHOTONIC_10LAYERS_BRAGG,BBOB,14.079546353533791
PHOTONIC_10LAYERS_BRAGG,BBOB,8.126972591182124
PHOTONIC_10LAYERS_BRAGG,BBOB,10.974143053606669
PHOTONIC_10LAYERS_BRAGG,BBOB,9.628925955400959
PHOTONIC_10LAYERS_BRAGG,BBOB,11.281206183845763
PHOTONIC_10LAYERS_BRAGG,BBOB,10.284321871588768
PHOTONIC_10LAYERS_BRAGG,BBOB,7.369457440309167
PHOTONIC_10LAYERS_BRAGG,BBOB,9.149257856231443
PHOTONIC_10LAYERS_BRAGG,BBOB,8.617267487967792
PHOTONIC_10LAYERS_BRAGG,BBOB,9.098042728097996
PHOTONIC_10LAYERS_BRAGG,BBOB,9.45482620063077
PHOTONIC_10LAYERS_BRAGG,BBOB,7.493119595950762
PHOTONIC_10LAYERS_BRAGG,BBOB,8.760699010644947
PHOTONIC_10LAYERS_BRAGG,BBOB,9.571808133615413
PHOTONIC_10LAYERS_BRAGG,BBOB,9.481276137414657
PHOTONIC_10LAYERS_BRAGG,BBOB,20.708807644700865
PHOTONIC_10LAYERS_BRAGG,BBOB,7.945573737497279
PHOTONIC_10LAYERS_BRAGG,BBOB,6.516197974045297
PHOTONIC_10LAYERS_BRAGG,BBOB,9.75855289457118
PHOTONIC_10LAYERS_BRAGG,BBOB,6.463834389024845
PHOTONIC_10LAYERS_BRAGG,BBOB,9.567270216369614
PHOTONIC_10LAYERS_BRAGG,BBOB,9.82080097733904
PHOTONIC_10LAYERS_BRAGG,BBOB,6.697652147351413
PHOTONIC_10LAYERS_BRAGG,BBOB,8.438877625647743
PHOTONIC_10LAYERS_BRAGG,BBOB,11.178063453278192
PHOTONIC_10LAYERS_BRAGG,BBOB,9.098985110144174
PHOTONIC_10LAYERS_BRAGG,BBOB,7.432839679800387
PHOTONIC_10LAYERS_BRAGG,BBOB,12.602415166599146
PHOTONIC_10LAYERS_BRAGG,BBOB,8.246729180590599
PHOTONIC_10LAYERS_BRAGG,BBOB,20.832314762276326
PHOTONIC_10LAYERS_BRAGG,BBOB,9.947391644018952
PHOTONIC_10LAYERS_BRAGG,BBOB,8.959798436809747
PHOTONIC_10LAYERS_BRAGG,BBOB,11.37083566425504
PHOTONIC_10LAYERS_BRAGG,BBOB,10.589723863696193
PHOTONIC_10LAYERS_BRAGG,BBOB,7.37480567417959
PHOTONIC_10LAYERS_BRAGG,BBOB,8.577088113185196
PHOTONIC_10LAYERS_BRAGG,BBOB,7.935299753858247
PHOTONIC_10LAYERS_BRAGG,BBOB,11.701879948904068
PHOTONIC_10LAYERS_BRAGG,BBOB,9.130952723562306
PHOTONIC_10LAYERS_BRAGG,BBOB,7.408847687494072
PHOTONIC_10LAYERS_BRAGG,BBOB,9.332543608019149
PHOTONIC_10LAYERS_BRAGG,BBOB,9.85892109329022
PHOTONIC_10LAYERS_BRAGG,BBOB,8.136377887381872
PHOTONIC_10LAYERS_BRAGG,BBOB,9.930421006710812
PHOTONIC_10LAYERS_BRAGG,BBOB,6.347024941493908
PHOTONIC_10LAYERS_BRAGG,BBOB,10.680504670013198
PHOTONIC_10LAYERS_BRAGG,BBOB,9.49948292795992
PHOTONIC_10LAYERS_BRAGG,BBOB,8.963304466288118
PHOTONIC_10LAYERS_BRAGG,BBOB,7.180958117845143
PHOTONIC_10LAYERS_BRAGG,BBOB,8.799940787613732
PHOTONIC_10LAYERS_BRAGG,BBOB,11.940698298826911
PHOTONIC_10LAYERS_BRAGG,BBOB,10.643600986542015
PHOTONIC_10LAYERS_BRAGG,BBOB,12.69152275915756
PHOTONIC_10LAYERS_BRAGG,BBOB,6.455634705897476
PHOTONIC_10LAYERS_BRAGG,BBOB,9.43364906458953
PHOTONIC_10LAYERS_BRAGG,BBOB,9.046757323527546
PHOTONIC_10LAYERS_BRAGG,BBOB,10.02288527547256
PHOTONIC_10LAYERS_BRAGG,BBOB,8.494205829851223
PHOTONIC_10LAYERS_BRAGG,BBOB,9.269260870219153
PHOTONIC_10LAYERS_BRAGG,BBOB,9.628419915403148
PHOTONIC_10LAYERS_BRAGG,BBOB,9.134552991501359
PHOTONIC_10LAYERS_BRAGG,BBOB,13.733057391829487
PHOTONIC_10LAYERS_BRAGG,BBOB,9.963658283420985
PHOTONIC_10LAYERS_BRAGG,BBOB,9.55759488840798
PHOTONIC_10LAYERS_BRAGG,BBOB,6.98569615972672
PHOTONIC_10LAYERS_BRAGG,BBOB,9.485855421365402
PHOTONIC_10LAYERS_BRAGG,BBOB,8.498698417660465
PHOTONIC_10LAYERS_BRAGG,BBOB,10.476395490063009
PHOTONIC_10LAYERS_BRAGG,BBOB,6.50946910233555
PHOTONIC_10LAYERS_BRAGG,BBOB,9.072849831992393
PHOTONIC_10LAYERS_BRAGG,BBOB,8.594969893509383
PHOTONIC_10LAYERS_BRAGG,BBOB,8.859051567271608
PHOTONIC_10LAYERS_BRAGG,BBOB,9.437129156164065
PHOTONIC_10LAYERS_BRAGG,BBOB,7.429140648475579
PHOTONIC_10LAYERS_BRAGG,BBOB,11.06907014309584
PHOTONIC_10LAYERS_BRAGG,BBOB,10.460151846601622
PHOTONIC_10LAYERS_BRAGG,BBOB,7.49621293097664
PHOTONIC_10LAYERS_BRAGG,BBOB,6.529101597773508
PHOTONIC_10LAYERS_BRAGG,BBOB,6.778970694582532
PHOTONIC_10LAYERS_BRAGG,BBOB,7.953516102090777
PHOTONIC_10LAYERS_BRAGG,BBOB,11.360797983561218
PHOTONIC_10LAYERS_BRAGG,BBOB,10.1890907088336
PHOTONIC_10LAYERS_BRAGG,BBOB,11.314132056874612
PHOTONIC_10LAYERS_BRAGG,BBOB,8.788871468264295
PHOTONIC_10LAYERS_BRAGG,BBOB,8.70471921016098
PHOTONIC_10LAYERS_BRAGG,BBOB,8.66318683404288
PHOTONIC_10LAYERS_BRAGG,BBOB,7.390816234805061
PHOTONIC_10LAYERS_BRAGG,BBOB,6.825624607282607
PHOTONIC_10LAYERS_BRAGG,BBOB,10.650357386211073
PHOTONIC_10LAYERS_BRAGG,BBOB,7.422853957926509
PHOTONIC_10LAYERS_BRAGG,BBOB,7.953609164740443
PHOTONIC_10LAYERS_BRAGG,BBOB,11.166229971163222
PHOTONIC_10LAYERS_BRAGG,BBOB,13.029574441357596
PHOTONIC_10LAYERS_BRAGG,BBOB,8.951455871258462
PHOTONIC_10LAYERS_BRAGG,BBOB,11.94308635537255
PHOTONIC_10LAYERS_BRAGG,BBOB,11.628054529936735
PHOTONIC_10LAYERS_BRAGG,BBOB,9.315795385226721
PHOTONIC_10LAYERS_BRAGG,BBOB,8.423772394360116
PHOTONIC_10LAYERS_BRAGG,BBOB,6.892709987098705
PHOTONIC_10LAYERS_BRAGG,BBOB,6.676113951251841
PHOTONIC_10LAYERS_BRAGG,BBOB,6.875379832155305
PHOTONIC_10LAYERS_BRAGG,BBOB,8.73706177418856
PHOTONIC_10LAYERS_BRAGG,BBOB,9.957168964955843
PHOTONIC_10LAYERS_BRAGG,BBOB,11.89486911208776
PHOTONIC_10LAYERS_BRAGG,BBOB,13.705380263674012
PHOTONIC_10LAYERS_BRAGG,BBOB,9.579369540095335
PHOTONIC_10LAYERS_BRAGG,BBOB,10.06179383946392
PHOTONIC_10LAYERS_BRAGG,BBOB,13.402503291108136
PHOTONIC_10LAYERS_BRAGG,BBOB,6.391098067417918
PHOTONIC_10LAYERS_BRAGG,BBOB,7.1938277335863
PHOTONIC_10LAYERS_BRAGG,BBOB,6.63684836486034
PHOTONIC_10LAYERS_BRAGG,BBOB,6.32584977894087
PHOTONIC_10LAYERS_BRAGG,BBOB,11.262678936400501
PHOTONIC_10LAYERS_BRAGG,BBOB,9.47794066269707
PHOTONIC_10LAYERS_BRAGG,BBOB,6.324894687315023
PHOTONIC_10LAYERS_BRAGG,BBOB,8.76362496029638
PHOTONIC_10LAYERS_BRAGG,BBOB,10.501790579835937
PHOTONIC_10LAYERS_BRAGG,BBOB,6.834381393816112
PHOTONIC_10LAYERS_BRAGG,BBOB,7.564389887149343
PHOTONIC_10LAYERS_BRAGG,BBOB,10.464225871224855
PHOTONIC_10LAYERS_BRAGG,BBOB,8.523185257044968
PHOTONIC_10LAYERS_BRAGG,BBOB,9.644151141995053
PHOTONIC_10LAYERS_BRAGG,BBOB,8.51943339610109
PHOTONIC_10LAYERS_BRAGG,BBOB,9.111394343589822
PHOTONIC_10LAYERS_BRAGG,BBOB,8.787416947274208
PHOTONIC_10LAYERS_BRAGG,BBOB,10.048249157153426
PHOTONIC_10LAYERS_BRAGG,BBOB,9.093868151634846
PHOTONIC_10LAYERS_BRAGG,BBOB,8.864346528327559
PHOTONIC_10LAYERS_BRAGG,BBOB,8.246637569459619
PHOTONIC_10LAYERS_BRAGG,BBOB,9.447271169228149
PHOTONIC_10LAYERS_BRAGG,BBOB,9.835447850712505
PHOTONIC_10LAYERS_BRAGG,BBOB,10.142278017459969
PHOTONIC_10LAYERS_BRAGG,BBOB,9.044865172192905
PHOTONIC_10LAYERS_BRAGG,BBOB,11.528622783475784
PHOTONIC_10LAYERS_BRAGG,BBOB,6.455362028217387
PHOTONIC_10LAYERS_BRAGG,BBOB,8.320431061874459
PHOTONIC_10LAYERS_BRAGG,BBOB,8.21246622519327
PHOTONIC_10LAYERS_BRAGG,BBOB,6.561768264333118
PHOTONIC_10LAYERS_BRAGG,BBOB,8.552215056678522
PHOTONIC_10LAYERS_BRAGG,BBOB,10.165974608232002
PHOTONIC_10LAYERS_BRAGG,BBOB,7.394043430279937
PHOTONIC_10LAYERS_BRAGG,BBOB,8.958739304628903
PHOTONIC_10LAYERS_BRAGG,BBOB,6.464562519530733
PHOTONIC_10LAYERS_BRAGG,BBOB,9.133204693332537
PHOTONIC_10LAYERS_BRAGG,BBOB,7.371218085233299
PHOTONIC_10LAYERS_BRAGG,BBOB,11.24036743228551
PHOTONIC_10LAYERS_BRAGG,BBOB,8.593225228118536
PHOTONIC_10LAYERS_BRAGG,BBOB,8.500718129830002
PHOTONIC_10LAYERS_BRAGG,BBOB,10.353032239375853
PHOTONIC_10LAYERS_BRAGG,BBOB,9.235617968642803
PHOTONIC_10LAYERS_BRAGG,BBOB,12.047757460704004
PHOTONIC_10LAYERS_BRAGG,BBOB,13.744298115153752
PHOTONIC_10LAYERS_BRAGG,BBOB,9.450254082840678
PHOTONIC_10LAYERS_BRAGG,BBOB,10.52734732294035
PHOTONIC_10LAYERS_BRAGG,BBOB,11.209103594829383
PHOTONIC_10LAYERS_BRAGG,BBOB,10.115486079033545
PHOTONIC_10LAYERS_BRAGG,BBOB,7.568856695266222
PHOTONIC_10LAYERS_BRAGG,BBOB,7.402479068095387
PHOTONIC_10LAYERS_BRAGG,BBOB,8.597228043296141
PHOTONIC_10LAYERS_BRAGG,BBOB,10.023809587179946
PHOTONIC_10LAYERS_BRAGG,BBOB,10.728355510205503
PHOTONIC_10LAYERS_BRAGG,BBOB,10.5246516064209
PHOTONIC_10LAYERS_BRAGG,BBOB,8.5707307184844
PHOTONIC_10LAYERS_BRAGG,BBOB,8.660097487986375
PHOTONIC_10LAYERS_BRAGG,BBOB,12.594410524289994
PHOTONIC_10LAYERS_BRAGG,BBOB,7.194897440046801
PHOTONIC_10LAYERS_BRAGG,BBOB,11.905544839267794
PHOTONIC_10LAYERS_BRAGG,BBOB,10.665304792238894
PHOTONIC_10LAYERS_BRAGG,BBOB,10.12941981060864
PHOTONIC_10LAYERS_BRAGG,BBOB,6.492893667202377
PHOTONIC_10LAYERS_BRAGG,BBOB,10.06122592345878
PHOTONIC_10LAYERS_BRAGG,BBOB,10.887109921975728
PHOTONIC_10LAYERS_BRAGG,BBOB,9.08128774634277
PHOTONIC_10LAYERS_BRAGG,BBOB,10.635419635369388
PHOTONIC_10LAYERS_BRAGG,BBOB,9.204034119390112
PHOTONIC_10LAYERS_BRAGG,BBOB,8.49007617165737
PHOTONIC_10LAYERS_BRAGG,BBOB,9.586799564679312
PHOTONIC_10LAYERS_BRAGG,BBOB,11.448099968813283
PHOTONIC_10LAYERS_BRAGG,BBOB,9.49109882546938
PHOTONIC_10LAYERS_BRAGG,BBOB,9.651273916837695
PHOTONIC_10LAYERS_BRAGG,BBOB,7.493126168127114
PHOTONIC_10LAYERS_BRAGG,BBOB,9.166364675652298
PHOTONIC_10LAYERS_BRAGG,BBOB,8.44800748488431
PHOTONIC_10LAYERS_BRAGG,BBOB,8.734770135048679
PHOTONIC_10LAYERS_BRAGG,BBOB,7.918245738869326
PHOTONIC_10LAYERS_BRAGG,BBOB,9.626783041623433
PHOTONIC_10LAYERS_BRAGG,BBOB,7.891901279272953
PHOTONIC_10LAYERS_BRAGG,BBOB,9.622985885011959
PHOTONIC_10LAYERS_BRAGG,BBOB,8.970436600243122
PHOTONIC_10LAYERS_BRAGG,BBOB,8.962437913898555
PHOTONIC_10LAYERS_BRAGG,BBOB,6.5268223090791375
PHOTONIC_10LAYERS_BRAGG,BBOB,6.8860126790902285
PHOTONIC_10LAYERS_BRAGG,BBOB,8.784967911105559
PHOTONIC_10LAYERS_BRAGG,BBOB,8.401358507020454
PHOTONIC_10LAYERS_BRAGG,BBOB,10.457111788365674
PHOTONIC_10LAYERS_BRAGG,BBOB,9.449926930650324
PHOTONIC_10LAYERS_BRAGG,BBOB,10.673027903939289
PHOTONIC_10LAYERS_BRAGG,BBOB,8.000254203863408
PHOTONIC_10LAYERS_BRAGG,BBOB,9.407253705647241
PHOTONIC_10LAYERS_BRAGG,BBOB,9.47949698174455
PHOTONIC_10LAYERS_BRAGG,BBOB,9.748400948591865
PHOTONIC_10LAYERS_BRAGG,BBOB,6.510688611422734
PHOTONIC_10LAYERS_BRAGG,BBOB,9.863936713260387
PHOTONIC_10LAYERS_BRAGG,BBOB,7.434013007033836
PHOTONIC_10LAYERS_BRAGG,BBOB,10.244158239885662
PHOTONIC_10LAYERS_BRAGG,BBOB,10.440099548519122
PHOTONIC_10LAYERS_BRAGG,BBOB,8.02882504232571
PHOTONIC_10LAYERS_BRAGG,BBOB,8.748811015413251
PHOTONIC_10LAYERS_BRAGG,BBOB,6.51782667021503
PHOTONIC_10LAYERS_BRAGG,BBOB,21.191124565693364
PHOTONIC_10LAYERS_BRAGG,BBOB,9.132276580958763
PHOTONIC_10LAYERS_BRAGG,BBOB,6.988851654993646
PHOTONIC_10LAYERS_BRAGG,BBOB,8.573852394077822
PHOTONIC_10LAYERS_BRAGG,BBOB,11.877268824384636
PHOTONIC_10LAYERS_BRAGG,BBOB,7.596690024837754
PHOTONIC_10LAYERS_BRAGG,BBOB,9.218290254873756
PHOTONIC_10LAYERS_BRAGG,BBOB,8.465831349302904
PHOTONIC_10LAYERS_BRAGG,BBOB,7.887554954828053
PHOTONIC_10LAYERS_BRAGG,BBOB,6.499315740763082
PHOTONIC_10LAYERS_BRAGG,BBOB,7.48211396830667
PHOTONIC_10LAYERS_BRAGG,BBOB,7.387670823583456
PHOTONIC_10LAYERS_BRAGG,BBOB,9.112327846811128
PHOTONIC_10LAYERS_BRAGG,BBOB,7.256275832305696
PHOTONIC_10LAYERS_BRAGG,BBOB,9.323308761626336
PHOTONIC_10LAYERS_BRAGG,BBOB,9.949680918669198
PHOTONIC_10LAYERS_BRAGG,BBOB,8.773485543587865
PHOTONIC_10LAYERS_BRAGG,BBOB,9.419339742335962
PHOTONIC_10LAYERS_BRAGG,BBOB,6.390973558862354
PHOTONIC_10LAYERS_BRAGG,BBOB,8.642396554371947
PHOTONIC_10LAYERS_BRAGG,BBOB,9.489441511519962
PHOTONIC_10LAYERS_BRAGG,BBOB,8.420019876677896
PHOTONIC_10LAYERS_BRAGG,BBOB,7.237015946839887
PHOTONIC_10LAYERS_BRAGG,BBOB,8.873291963028844
PHOTONIC_10LAYERS_BRAGG,BBOB,9.120365756720284
PHOTONIC_10LAYERS_BRAGG,BBOB,6.513103517936809
PHOTONIC_10LAYERS_BRAGG,BBOB,11.51400376783024
PHOTONIC_10LAYERS_BRAGG,BBOB,13.390259396473471
PHOTONIC_10LAYERS_BRAGG,BBOB,10.019377069056494
PHOTONIC_10LAYERS_BRAGG,BBOB,8.660026547023456
PHOTONIC_10LAYERS_BRAGG,BBOB,9.01750231969143
PHOTONIC_10LAYERS_BRAGG,BBOB,7.330890781183644
PHOTONIC_10LAYERS_BRAGG,BBOB,10.54454655549748
PHOTONIC_10LAYERS_BRAGG,BBOB,9.4978110669343
PHOTONIC_10LAYERS_BRAGG,BBOB,9.449889154423124
PHOTONIC_10LAYERS_BRAGG,BBOB,10.525884437732124
PHOTONIC_10LAYERS_BRAGG,BBOB,6.5070086947661725
PHOTONIC_10LAYERS_BRAGG,BBOB,8.393896170600469
PHOTONIC_10LAYERS_BRAGG,BBOB,8.736607694649207
PHOTONIC_10LAYERS_BRAGG,BBOB,9.40709579948969
PHOTONIC_10LAYERS_BRAGG,BBOB,7.011821979908703
PHOTONIC_10LAYERS_BRAGG,BBOB,8.580572070172957
PHOTONIC_10LAYERS_BRAGG,BBOB,8.246655127709698
PHOTONIC_10LAYERS_BRAGG,BBOB,6.483018764312329
PHOTONIC_10LAYERS_BRAGG,BBOB,9.111357962637376
PHOTONIC_10LAYERS_BRAGG,BBOB,6.779162235740441
PHOTONIC_10LAYERS_BRAGG,BBOB,7.380037669232186
PHOTONIC_10LAYERS_BRAGG,BBOB,11.944578194719663
PHOTONIC_10LAYERS_BRAGG,BBOB,10.117963731788805
PHOTONIC_10LAYERS_BRAGG,BBOB,9.205550459605668
PHOTONIC_10LAYERS_BRAGG,BBOB,6.563561203186057
PHOTONIC_10LAYERS_BRAGG,BBOB,10.5808913513098
PHOTONIC_10LAYERS_BRAGG,BBOB,8.539101503918259
PHOTONIC_10LAYERS_BRAGG,BBOB,9.817721695838665
PHOTONIC_10LAYERS_BRAGG,BBOB,9.602343998582265
PHOTONIC_10LAYERS_BRAGG,BBOB,10.407966697426788
PHOTONIC_10LAYERS_BRAGG,BBOB,7.849065755521372
PHOTONIC_10LAYERS_BRAGG,BBOB,8.499666267704447
PHOTONIC_10LAYERS_BRAGG,BBOB,10.193323528871316
PHOTONIC_10LAYERS_BRAGG,BBOB,7.181076226505247
PHOTONIC_10LAYERS_BRAGG,BBOB,11.61395319304302
PHOTONIC_10LAYERS_BRAGG,BBOB,12.631390669120533
PHOTONIC_10LAYERS_BRAGG,BBOB,7.422780406357527
PHOTONIC_10LAYERS_BRAGG,BBOB,8.478976522933019
PHOTONIC_10LAYERS_BRAGG,BBOB,8.417115638130333
PHOTONIC_10LAYERS_BRAGG,BBOB,9.977948598183191
PHOTONIC_10LAYERS_BRAGG,BBOB,9.937621443465602
PHOTONIC_10LAYERS_BRAGG,BBOB,8.74687186183194
PHOTONIC_10LAYERS_BRAGG,BBOB,7.860001576406387
PHOTONIC_10LAYERS_BRAGG,BBOB,10.061299335972702
PHOTONIC_10LAYERS_BRAGG,BBOB,9.126308186789128
PHOTONIC_10LAYERS_BRAGG,BBOB,9.404601995522771
PHOTONIC_10LAYERS_BRAGG,BBOB,7.556893572855754
PHOTONIC_10LAYERS_BRAGG,BBOB,10.161350486947295
PHOTONIC_10LAYERS_BRAGG,BBOB,10.029100434133351
PHOTONIC_10LAYERS_BRAGG,BBOB,9.43168576864961
PHOTONIC_10LAYERS_BRAGG,BBOB,9.134938026562722
PHOTONIC_10LAYERS_BRAGG,BBOB,10.897668426394052
PHOTONIC_10LAYERS_BRAGG,BBOB,10.720468040815028
PHOTONIC_10LAYERS_BRAGG,BBOB,6.692339472443933
PHOTONIC_10LAYERS_BRAGG,BBOB,7.209001885883493
PHOTONIC_10LAYERS_BRAGG,BBOB,8.538904769098801
PHOTONIC_10LAYERS_BRAGG,BBOB,6.988328739907222
PHOTONIC_10LAYERS_BRAGG,BBOB,8.489994983343216
PHOTONIC_10LAYERS_BRAGG,BBOB,8.538416953914986
PHOTONIC_10LAYERS_BRAGG,BBOB,9.522307740448786
PHOTONIC_10LAYERS_BRAGG,BBOB,8.789232859410404
PHOTONIC_10LAYERS_BRAGG,BBOB,8.32902987161154
PHOTONIC_10LAYERS_BRAGG,BBOB,10.224838845349225
PHOTONIC_10LAYERS_BRAGG,BBOB,6.491067800376605
PHOTONIC_10LAYERS_BRAGG,BBOB,11.871465935546698
PHOTONIC_10LAYERS_BRAGG,BBOB,9.160233460454958
PHOTONIC_10LAYERS_BRAGG,BBOB,10.49047554053075
PHOTONIC_10LAYERS_BRAGG,BBOB,6.4942117502385885
PHOTONIC_10LAYERS_BRAGG,BBOB,11.212639015904536
PHOTONIC_10LAYERS_BRAGG,BBOB,8.67018003377407
PHOTONIC_10LAYERS_BRAGG,BBOB,7.837835639779426
PHOTONIC_10LAYERS_BRAGG,BBOB,10.98902871206808
PHOTONIC_10LAYERS_BRAGG,BBOB,8.081081625661552
PHOTONIC_10LAYERS_BRAGG,BBOB,8.126625659766733
PHOTONIC_10LAYERS_BRAGG,BBOB,13.655220710944253
PHOTONIC_10LAYERS_BRAGG,BBOB,10.627794576950354
PHOTONIC_10LAYERS_BRAGG,BBOB,6.88439150634929
PHOTONIC_10LAYERS_BRAGG,BBOB,6.855724950709613
PHOTONIC_10LAYERS_BRAGG,BBOB,12.60401809775809
PHOTONIC_10LAYERS_BRAGG,BBOB,8.732506706753828
PHOTONIC_10LAYERS_BRAGG,BBOB,12.658327009990723
PHOTONIC_10LAYERS_BRAGG,BBOB,11.94908673787077
PHOTONIC_10LAYERS_BRAGG,BBOB,7.189211326926417
PHOTONIC_10LAYERS_BRAGG,BBOB,10.931240956775431
PHOTONIC_10LAYERS_BRAGG,BBOB,8.57587530064578
PHOTONIC_10LAYERS_BRAGG,BBOB,10.23807102940583
PHOTONIC_10LAYERS_BRAGG,BBOB,10.4728947990577
PHOTONIC_10LAYERS_BRAGG,BBOB,11.404619495217975
PHOTONIC_10LAYERS_BRAGG,BBOB,6.901371263363549
PHOTONIC_10LAYERS_BRAGG,BBOB,8.347782236316135
PHOTONIC_10LAYERS_BRAGG,BBOB,11.262604369478755
PHOTONIC_10LAYERS_BRAGG,BBOB,7.972517212091027
PHOTONIC_10LAYERS_BRAGG,BBOB,6.88784433735502
PHOTONIC_10LAYERS_BRAGG,BBOB,7.191602781394582
PHOTONIC_10LAYERS_BRAGG,BBOB,8.735161138837224
PHOTONIC_10LAYERS_BRAGG,BBOB,7.833227180032759
PHOTONIC_10LAYERS_BRAGG,BBOB,10.210213699343763
PHOTONIC_10LAYERS_BRAGG,BBOB,9.442061555740525
PHOTONIC_10LAYERS_BRAGG,BBOB,9.187529293870902
PHOTONIC_10LAYERS_BRAGG,BBOB,9.662586013345997
PHOTONIC_10LAYERS_BRAGG,BBOB,8.391719822350245
PHOTONIC_10LAYERS_BRAGG,BBOB,7.241474428484888
PHOTONIC_10LAYERS_BRAGG,BBOB,10.548847387194508
PHOTONIC_10LAYERS_BRAGG,BBOB,9.48131846571829
PHOTONIC_10LAYERS_BRAGG,BBOB,6.8168803107154075
PHOTONIC_10LAYERS_BRAGG,BBOB,6.985220521968181
PHOTONIC_10LAYERS_BRAGG,BBOB,9.868630249683319
PHOTONIC_10LAYERS_BRAGG,BBOB,10.122012767604216
PHOTONIC_10LAYERS_BRAGG,BBOB,11.946198574231044
PHOTONIC_10LAYERS_BRAGG,BBOB,21.169474311594243
PHOTONIC_10LAYERS_BRAGG,BBOB,8.493569864802913
PHOTONIC_10LAYERS_BRAGG,BBOB,9.589395802033449
PHOTONIC_10LAYERS_BRAGG,BBOB,14.077039831277899
PHOTONIC_10LAYERS_BRAGG,BBOB,8.34788040991593
PHOTONIC_10LAYERS_BRAGG,BBOB,7.9462187070610835
PHOTONIC_10LAYERS_BRAGG,BBOB,6.676782624421219
PHOTONIC_10LAYERS_BRAGG,BBOB,8.028976233433731
PHOTONIC_10LAYERS_BRAGG,BBOB,8.687639194571355
PHOTONIC_10LAYERS_BRAGG,BBOB,10.703213017196765
PHOTONIC_10LAYERS_BRAGG,BBOB,9.948625567495824
PHOTONIC_10LAYERS_BRAGG,BBOB,7.567033550033919
PHOTONIC_10LAYERS_BRAGG,BBOB,10.356230681381989
PHOTONIC_10LAYERS_BRAGG,BBOB,9.103827277919326
PHOTONIC_10LAYERS_BRAGG,BBOB,9.160575999758056
PHOTONIC_10LAYERS_BRAGG,BBOB,8.734357271491671
PHOTONIC_10LAYERS_BRAGG,BBOB,7.972551613006539
PHOTONIC_10LAYERS_BRAGG,BBOB,8.737519816490602
PHOTONIC_10LAYERS_BRAGG,BBOB,8.163623187648318
PHOTONIC_10LAYERS_BRAGG,BBOB,9.43197772725511
PHOTONIC_10LAYERS_BRAGG,BBOB,8.32236119458142
PHOTONIC_10LAYERS_BRAGG,BBOB,10.692222907502638
PHOTONIC_10LAYERS_BRAGG,BBOB,9.580589628198915
PHOTONIC_10LAYERS_BRAGG,BBOB,9.870304657602016
PHOTONIC_10LAYERS_BRAGG,BBOB,11.561505516123907
PHOTONIC_10LAYERS_BRAGG,BBOB,10.661867087222834
PHOTONIC_10LAYERS_BRAGG,BBOB,6.465996001860818
PHOTONIC_10LAYERS_BRAGG,BBOB,10.981410847838317
PHOTONIC_10LAYERS_BRAGG,BBOB,9.792751751185387
PHOTONIC_10LAYERS_BRAGG,BBOB,8.211496102304485
PHOTONIC_10LAYERS_BRAGG,BBOB,8.881589562165425
PHOTONIC_10LAYERS_BRAGG,BBOB,6.595275266019633
PHOTONIC_10LAYERS_BRAGG,BBOB,7.427093286864026
PHOTONIC_10LAYERS_BRAGG,BBOB,9.959479532653397
PHOTONIC_10LAYERS_BRAGG,BBOB,9.921576532760321
PHOTONIC_10LAYERS_BRAGG,BBOB,8.421511333368645
PHOTONIC_10LAYERS_BRAGG,BBOB,8.68298143326614
PHOTONIC_10LAYERS_BRAGG,BBOB,9.630994663459386
PHOTONIC_10LAYERS_BRAGG,BBOB,9.072588647814102
PHOTONIC_10LAYERS_BRAGG,BBOB,10.754105700775519
PHOTONIC_10LAYERS_BRAGG,BBOB,13.774162638194053
PHOTONIC_10LAYERS_BRAGG,BBOB,6.713003668888948
PHOTONIC_10LAYERS_BRAGG,BBOB,6.5173605745212635
PHOTONIC_10LAYERS_BRAGG,BBOB,7.864050217309539
PHOTONIC_10LAYERS_BRAGG,BBOB,8.891296058670026
PHOTONIC_10LAYERS_BRAGG,BBOB,11.31178311336365
PHOTONIC_10LAYERS_BRAGG,BBOB,6.475932814065323
PHOTONIC_10LAYERS_BRAGG,BBOB,10.745214958687896
PHOTONIC_10LAYERS_BRAGG,BBOB,9.356508209528757
PHOTONIC_10LAYERS_BRAGG,BBOB,6.502479645174991
PHOTONIC_10LAYERS_BRAGG,BBOB,8.625623019851654
PHOTONIC_10LAYERS_BRAGG,BBOB,10.61747678099918
PHOTONIC_10LAYERS_BRAGG,BBOB,11.147665697333984
PHOTONIC_10LAYERS_BRAGG,BBOB,7.607835935692423
PHOTONIC_10LAYERS_BRAGG,BBOB,9.112941902707796
PHOTONIC_10LAYERS_BRAGG,BBOB,8.95627322703852
PHOTONIC_10LAYERS_BRAGG,BBOB,7.186905740573064
PHOTONIC_10LAYERS_BRAGG,BBOB,9.186246560326916
PHOTONIC_10LAYERS_BRAGG,BBOB,8.346889132611329
PHOTONIC_10LAYERS_BRAGG,BBOB,10.970305346550902
PHOTONIC_10LAYERS_BRAGG,BBOB,8.71107774740643
PHOTONIC_10LAYERS_BRAGG,BBOB,7.93279623565121
PHOTONIC_10LAYERS_BRAGG,BBOB,10.479604459263285
PHOTONIC_10LAYERS_BRAGG,BBOB,9.481532349995645
PHOTONIC_10LAYERS_BRAGG,BBOB,10.65277716268915
PHOTONIC_10LAYERS_BRAGG,BBOB,13.384225463302128
PHOTONIC_10LAYERS_BRAGG,BBOB,10.892401188807275
PHOTONIC_10LAYERS_BRAGG,BBOB,7.19256891259823
PHOTONIC_10LAYERS_BRAGG,BBOB,8.434133830450577
PHOTONIC_10LAYERS_BRAGG,BBOB,8.111349282282504
PHOTONIC_10LAYERS_BRAGG,BBOB,6.9887892094994175
PHOTONIC_10LAYERS_BRAGG,BBOB,9.6323867665391
PHOTONIC_10LAYERS_BRAGG,BBOB,6.492213025698093
PHOTONIC_10LAYERS_BRAGG,BBOB,9.443834014535348
PHOTONIC_10LAYERS_BRAGG,BBOB,7.545894918640251
PHOTONIC_10LAYERS_BRAGG,BBOB,10.116245892229344
PHOTONIC_10LAYERS_BRAGG,BBOB,9.827288657855208
PHOTONIC_10LAYERS_BRAGG,BBOB,8.058925397773562
PHOTONIC_10LAYERS_BRAGG,BBOB,10.030650668883787
PHOTONIC_10LAYERS_BRAGG,BBOB,14.36036856420455
PHOTONIC_10LAYERS_BRAGG,BBOB,8.73712226561538
PHOTONIC_10LAYERS_BRAGG,BBOB,9.96316753300627
PHOTONIC_10LAYERS_BRAGG,BBOB,6.288287180157322
PHOTONIC_10LAYERS_BRAGG,BBOB,9.094747577146157
PHOTONIC_10LAYERS_BRAGG,BBOB,8.817851042472816
PHOTONIC_10LAYERS_BRAGG,BBOB,9.869453301001881
PHOTONIC_10LAYERS_BRAGG,BBOB,8.711725706644481
PHOTONIC_10LAYERS_BRAGG,BBOB,12.651414010741574
PHOTONIC_10LAYERS_BRAGG,BBOB,9.759592833546185
PHOTONIC_10LAYERS_BRAGG,BBOB,6.3916896670829955
PHOTONIC_10LAYERS_BRAGG,BBOB,11.947123478770166
PHOTONIC_10LAYERS_BRAGG,BBOB,9.017222776028783
PHOTONIC_10LAYERS_BRAGG,BBOB,6.507329777104994
PHOTONIC_10LAYERS_BRAGG,BBOB,8.48824031271376
PHOTONIC_10LAYERS_BRAGG,BBOB,9.187383301121463
PHOTONIC_10LAYERS_BRAGG,BBOB,8.384189094906336
PHOTONIC_10LAYERS_BRAGG,BBOB,8.386772746287727
PHOTONIC_10LAYERS_BRAGG,BBOB,7.256182730920229
PHOTONIC_10LAYERS_BRAGG,BBOB,10.091388532635326
PHOTONIC_10LAYERS_BRAGG,BBOB,10.624121266476307
PHOTONIC_10LAYERS_BRAGG,BBOB,7.167657386427127
PHOTONIC_10LAYERS_BRAGG,BBOB,9.932357272563102
PHOTONIC_10LAYERS_BRAGG,BBOB,8.774372218692186
PHOTONIC_10LAYERS_BRAGG,BBOB,12.634963661093913
PHOTONIC_10LAYERS_BRAGG,BBOB,8.959431819625308
PHOTONIC_10LAYERS_BRAGG,BBOB,11.282562271412559
PHOTONIC_10LAYERS_BRAGG,BBOB,9.625646651630394
PHOTONIC_10LAYERS_BRAGG,BBOB,9.54847525644539
PHOTONIC_10LAYERS_BRAGG,BBOB,10.74345244611371
PHOTONIC_10LAYERS_BRAGG,BBOB,7.428420099086148
PHOTONIC_10LAYERS_BRAGG,BBOB,6.480408722172988
PHOTONIC_10LAYERS_BRAGG,BBOB,8.895153333747981
PHOTONIC_10LAYERS_BRAGG,BBOB,10.922077128804764
PHOTONIC_10LAYERS_BRAGG,BBOB,7.915120498834612
PHOTONIC_10LAYERS_BRAGG,BBOB,8.490797404411458
PHOTONIC_10LAYERS_BRAGG,BBOB,9.234903937042032
PHOTONIC_10LAYERS_BRAGG,BBOB,10.113040214765533
PHOTONIC_10LAYERS_BRAGG,BBOB,7.860076723383552
PHOTONIC_10LAYERS_BRAGG,BBOB,8.060018046192509
PHOTONIC_10LAYERS_BRAGG,BBOB,6.505584573182754
PHOTONIC_10LAYERS_BRAGG,BBOB,9.41930450075122
PHOTONIC_10LAYERS_BRAGG,BBOB,9.205799728666678
PHOTONIC_10LAYERS_BRAGG,BBOB,7.879664639339128
PHOTONIC_10LAYERS_BRAGG,BBOB,6.779761806567342
PHOTONIC_10LAYERS_BRAGG,BBOB,9.231314981555705
PHOTONIC_10LAYERS_BRAGG,BBOB,9.066511296556655
PHOTONIC_10LAYERS_BRAGG,BBOB,7.429316078896177
PHOTONIC_10LAYERS_BRAGG,BBOB,6.642999373227946
PHOTONIC_10LAYERS_BRAGG,BBOB,8.18517587925093
PHOTONIC_10LAYERS_BRAGG,BBOB,11.747128047340277
PHOTONIC_10LAYERS_BRAGG,BBOB,11.949073567416827
PHOTONIC_10LAYERS_BRAGG,BBOB,8.429965664553501
PHOTONIC_10LAYERS_BRAGG,BBOB,13.398741520277373
PHOTONIC_10LAYERS_BRAGG,BBOB,11.937036571118336
PHOTONIC_10LAYERS_BRAGG,BBOB,9.610489336416697
PHOTONIC_10LAYERS_BRAGG,BBOB,7.226635809707867
PHOTONIC_10LAYERS_BRAGG,BBOB,7.890066343663493
PHOTONIC_10LAYERS_BRAGG,BBOB,11.572386323806887
PHOTONIC_10LAYERS_BRAGG,BBOB,7.388395247130024
PHOTONIC_10LAYERS_BRAGG,BBOB,11.94009747012272
PHOTONIC_10LAYERS_BRAGG,BBOB,7.391068641426273
PHOTONIC_10LAYERS_BRAGG,BBOB,7.771430429112954
PHOTONIC_10LAYERS_BRAGG,BBOB,9.333017894107318
PHOTONIC_10LAYERS_BRAGG,BBOB,8.71273097146033
PHOTONIC_10LAYERS_BRAGG,BBOB,8.569452313028922
PHOTONIC_10LAYERS_BRAGG,BBOB,8.668136770524834
PHOTONIC_10LAYERS_BRAGG,BBOB,9.124236936604493
PHOTONIC_10LAYERS_BRAGG,BBOB,7.972288393423042
PHOTONIC_10LAYERS_BRAGG,BBOB,9.516981904998326
PHOTONIC_10LAYERS_BRAGG,BBOB,9.861543126960951
PHOTONIC_10LAYERS_BRAGG,BBOB,10.223857027153992
PHOTONIC_10LAYERS_BRAGG,BBOB,9.491555708310651
PHOTONIC_10LAYERS_BRAGG,BBOB,6.984552110663308
PHOTONIC_10LAYERS_BRAGG,BBOB,9.235709632545307
PHOTONIC_10LAYERS_BRAGG,BBOB,8.196234727162873
PHOTONIC_10LAYERS_BRAGG,BBOB,9.923122048243384
PHOTONIC_10LAYERS_BRAGG,BBOB,9.089320591942338
PHOTONIC_10LAYERS_BRAGG,BBOB,8.847927053295678
PHOTONIC_10LAYERS_BRAGG,BBOB,9.125478959463875
PHOTONIC_10LAYERS_BRAGG,BBOB,8.574767064479826
PHOTONIC_10LAYERS_BRAGG,BBOB,11.588491593846246
PHOTONIC_10LAYERS_BRAGG,BBOB,8.128144157789439
PHOTONIC_10LAYERS_BRAGG,BBOB,11.4017344389972
PHOTONIC_10LAYERS_BRAGG,BBOB,8.62074062132261
PHOTONIC_10LAYERS_BRAGG,BBOB,9.18835496296986
PHOTONIC_10LAYERS_BRAGG,BBOB,7.195490070513383
PHOTONIC_10LAYERS_BRAGG,BBOB,9.991672698780077
PHOTONIC_10LAYERS_BRAGG,BBOB,8.419491337109914
PHOTONIC_10LAYERS_BRAGG,BBOB,11.11887372285923
PHOTONIC_10LAYERS_BRAGG,BBOB,7.4585319724194665
PHOTONIC_10LAYERS_BRAGG,BBOB,11.465957545798862
PHOTONIC_10LAYERS_BRAGG,BBOB,8.957173853666397
PHOTONIC_10LAYERS_BRAGG,BBOB,10.427695327277098
PHOTONIC_10LAYERS_BRAGG,BBOB,10.197048542482241
PHOTONIC_10LAYERS_BRAGG,BBOB,9.226782357664009
PHOTONIC_10LAYERS_BRAGG,BBOB,7.486103200196538
PHOTONIC_10LAYERS_BRAGG,BBOB,7.492289745670796
PHOTONIC_10LAYERS_BRAGG,BBOB,9.117578417192208
PHOTONIC_10LAYERS_BRAGG,BBOB,11.606307051504547
PHOTONIC_10LAYERS_BRAGG,BBOB,11.189374152193869
PHOTONIC_10LAYERS_BRAGG,BBOB,9.967154961575366
PHOTONIC_10LAYERS_BRAGG,BBOB,8.7321366214467
PHOTONIC_10LAYERS_BRAGG,BBOB,8.309204839379952
PHOTONIC_10LAYERS_BRAGG,BBOB,8.493800800916457
PHOTONIC_10LAYERS_BRAGG,BBOB,9.102005394272217
PHOTONIC_10LAYERS_BRAGG,BBOB,7.19414089674211
PHOTONIC_10LAYERS_BRAGG,BBOB,9.579746711215657
PHOTONIC_10LAYERS_BRAGG,BBOB,6.988131205919536
PHOTONIC_10LAYERS_BRAGG,BBOB,8.427826463474412
PHOTONIC_10LAYERS_BRAGG,BBOB,9.976029533702533
PHOTONIC_10LAYERS_BRAGG,BBOB,8.716159587625206
PHOTONIC_10LAYERS_BRAGG,BBOB,9.98959660223041
PHOTONIC_10LAYERS_BRAGG,BBOB,11.622134834538763
PHOTONIC_10LAYERS_BRAGG,BBOB,11.437007869762091
PHOTONIC_10LAYERS_BRAGG,BBOB,8.386239020117413
PHOTONIC_10LAYERS_BRAGG,BBOB,6.893072709652378
PHOTONIC_10LAYERS_BRAGG,BBOB,9.99453212235478
PHOTONIC_10LAYERS_BRAGG,BBOB,9.327305287878305
PHOTONIC_10LAYERS_BRAGG,BBOB,8.329302986532264
PHOTONIC_10LAYERS_BRAGG,BBOB,6.824495108773638
PHOTONIC_10LAYERS_BRAGG,BBOB,10.673432161346936
PHOTONIC_10LAYERS_BRAGG,BBOB,8.773167407183077
PHOTONIC_10LAYERS_BRAGG,BBOB,11.277148082121704
PHOTONIC_10LAYERS_BRAGG,BBOB,10.003938051810795
PHOTONIC_10LAYERS_BRAGG,BBOB,9.978808837084577
PHOTONIC_10LAYERS_BRAGG,BBOB,9.997317099281958
PHOTONIC_10LAYERS_BRAGG,BBOB,9.416931634266493
PHOTONIC_10LAYERS_BRAGG,BBOB,12.022165259351707
PHOTONIC_10LAYERS_BRAGG,BBOB,7.871478667131077
PHOTONIC_10LAYERS_BRAGG,BBOB,6.56440304116737
PHOTONIC_10LAYERS_BRAGG,BBOB,8.127077353439685
PHOTONIC_10LAYERS_BRAGG,BBOB,7.1912105221251705
PHOTONIC_10LAYERS_BRAGG,BBOB,7.865063731035076
PHOTONIC_10LAYERS_BRAGG,BBOB,10.894453324624093
PHOTONIC_10LAYERS_BRAGG,BBOB,7.377234806238167
PHOTONIC_10LAYERS_BRAGG,BBOB,11.942649638315585
PHOTONIC_10LAYERS_BRAGG,BBOB,9.675132361478179
PHOTONIC_10LAYERS_BRAGG,BBOB,9.973901288769754
PHOTONIC_10LAYERS_BRAGG,BBOB,9.328461163749008
PHOTONIC_10LAYERS_BRAGG,BBOB,8.961671608894092
PHOTONIC_10LAYERS_BRAGG,BBOB,8.862315778945675
PHOTONIC_10LAYERS_BRAGG,BBOB,8.282647035995486
PHOTONIC_10LAYERS_BRAGG,BBOB,9.01010287691093
PHOTONIC_10LAYERS_BRAGG,BBOB,11.551806725224974
PHOTONIC_10LAYERS_BRAGG,BBOB,10.751457251470153
PHOTONIC_10LAYERS_BRAGG,BBOB,9.233782243196886
PHOTONIC_10LAYERS_BRAGG,BBOB,9.456822940255112
PHOTONIC_10LAYERS_BRAGG,BBOB,8.674945460636541
PHOTONIC_10LAYERS_BRAGG,BBOB,11.865062704326586
PHOTONIC_10LAYERS_BRAGG,BBOB,6.89064373400063
PHOTONIC_10LAYERS_BRAGG,BBOB,13.72788240396646
PHOTONIC_10LAYERS_BRAGG,BBOB,8.543401507031636
PHOTONIC_10LAYERS_BRAGG,BBOB,6.695279562746466
PHOTONIC_10LAYERS_BRAGG,BBOB,11.962227311229897
PHOTONIC_10LAYERS_BRAGG,BBOB,7.43265668868287
PHOTONIC_10LAYERS_BRAGG,BBOB,7.474441383117919
PHOTONIC_10LAYERS_BRAGG,BBOB,9.76029195721795
PHOTONIC_10LAYERS_BRAGG,BBOB,11.160700775985267
PHOTONIC_10LAYERS_BRAGG,BBOB,8.736276381232514
PHOTONIC_10LAYERS_BRAGG,BBOB,10.559604221706092
PHOTONIC_10LAYERS_BRAGG,BBOB,10.535001213099498
PHOTONIC_10LAYERS_BRAGG,BBOB,6.821969567916479
PHOTONIC_10LAYERS_BRAGG,BBOB,6.325877660940027
PHOTONIC_10LAYERS_BRAGG,BBOB,9.335514769610405
PHOTONIC_10LAYERS_BRAGG,BBOB,8.396267605847548
PHOTONIC_10LAYERS_BRAGG,BBOB,17.52369951815607
PHOTONIC_10LAYERS_BRAGG,BBOB,7.8608484342262415
PHOTONIC_10LAYERS_BRAGG,BBOB,10.071113129764827
PHOTONIC_10LAYERS_BRAGG,BBOB,8.477645860317365
PHOTONIC_10LAYERS_BRAGG,BBOB,7.889867670607495
PHOTONIC_10LAYERS_BRAGG,BBOB,12.330174442325772
PHOTONIC_10LAYERS_BRAGG,BBOB,7.416279362406089
PHOTONIC_10LAYERS_BRAGG,BBOB,6.544579757576465
PHOTONIC_10LAYERS_BRAGG,BBOB,8.704882235759454
PHOTONIC_10LAYERS_BRAGG,BBOB,11.575313329708889
PHOTONIC_10LAYERS_BRAGG,BBOB,9.474427562645877
PHOTONIC_10LAYERS_BRAGG,BBOB,7.384746807163448
PHOTONIC_10LAYERS_BRAGG,BBOB,6.657915532013322
PHOTONIC_10LAYERS_BRAGG,BBOB,9.60366031121171
PHOTONIC_10LAYERS_BRAGG,BBOB,7.5795483667968435
PHOTONIC_10LAYERS_BRAGG,BBOB,9.573425195128909
PHOTONIC_10LAYERS_BRAGG,BBOB,10.712615240501705
PHOTONIC_10LAYERS_BRAGG,BBOB,7.374995653173733
PHOTONIC_10LAYERS_BRAGG,BBOB,20.725096310037323
PHOTONIC_10LAYERS_BRAGG,BBOB,6.510663377709901
PHOTONIC_10LAYERS_BRAGG,BBOB,8.538180683273266
PHOTONIC_10LAYERS_BRAGG,BBOB,11.608985611409858
PHOTONIC_10LAYERS_BRAGG,BBOB,6.985176141429031
PHOTONIC_10LAYERS_BRAGG,BBOB,9.427959177953431
PHOTONIC_10LAYERS_BRAGG,BBOB,9.457290472407404
PHOTONIC_10LAYERS_BRAGG,BBOB,11.567995161661774
PHOTONIC_10LAYERS_BRAGG,BBOB,9.09252763039996
PHOTONIC_10LAYERS_BRAGG,BBOB,9.111857010063199
PHOTONIC_10LAYERS_BRAGG,BBOB,9.083976842858432
PHOTONIC_10LAYERS_BRAGG,BBOB,8.384897027460914
PHOTONIC_10LAYERS_BRAGG,BBOB,6.843017654693008
PHOTONIC_10LAYERS_BRAGG,BBOB,7.10946099410573
PHOTONIC_10LAYERS_BRAGG,BBOB,7.384935707420906
PHOTONIC_10LAYERS_BRAGG,BBOB,10.859338351568955
PHOTONIC_10LAYERS_BRAGG,BBOB,8.865362993581138
PHOTONIC_10LAYERS_BRAGG,BBOB,10.60807232595256
PHOTONIC_10LAYERS_BRAGG,BBOB,6.45668057245237
PHOTONIC_10LAYERS_BRAGG,BBOB,6.522407141766351
PHOTONIC_10LAYERS_BRAGG,BBOB,6.505705421135795
PHOTONIC_10LAYERS_BRAGG,BBOB,9.408007992534127
PHOTONIC_10LAYERS_BRAGG,BBOB,10.001171519679609
PHOTONIC_10LAYERS_BRAGG,BBOB,7.497310296923123
PHOTONIC_10LAYERS_BRAGG,BBOB,9.596759275461304
PHOTONIC_10LAYERS_BRAGG,BBOB,8.70499129501593
PHOTONIC_10LAYERS_BRAGG,BBOB,7.008836965479082
PHOTONIC_10LAYERS_BRAGG,BBOB,7.8295811206849395
PHOTONIC_10LAYERS_BRAGG,BBOB,6.658477997063124
PHOTONIC_10LAYERS_BRAGG,BBOB,8.773778735133906
PHOTONIC_10LAYERS_BRAGG,BBOB,9.500786735709928
PHOTONIC_10LAYERS_BRAGG,BBOB,8.704270172265584
PHOTONIC_10LAYERS_BRAGG,BBOB,8.666773639678986
PHOTONIC_10LAYERS_BRAGG,BBOB,8.827477700210611
PHOTONIC_10LAYERS_BRAGG,BBOB,6.7084629473121975
PHOTONIC_10LAYERS_BRAGG,BBOB,6.824352617144862
PHOTONIC_10LAYERS_BRAGG,BBOB,6.4981611029699256
PHOTONIC_10LAYERS_BRAGG,BBOB,7.4669137993177035
PHOTONIC_10LAYERS_BRAGG,BBOB,9.237454923245714
PHOTONIC_10LAYERS_BRAGG,BBOB,8.86256324330683
PHOTONIC_10LAYERS_BRAGG,BBOB,6.500766196994252
PHOTONIC_10LAYERS_BRAGG,BBOB,10.634224161739011
PHOTONIC_10LAYERS_BRAGG,BBOB,11.968483962714378
PHOTONIC_10LAYERS_BRAGG,BBOB,8.433340052824192
PHOTONIC_10LAYERS_BRAGG,BBOB,7.543995325737125
PHOTONIC_10LAYERS_BRAGG,BBOB,6.523851024012897
PHOTONIC_10LAYERS_BRAGG,BBOB,8.865192094512592
PHOTONIC_10LAYERS_BRAGG,BBOB,9.670725911695952
PHOTONIC_10LAYERS_BRAGG,BBOB,7.25562491433633
PHOTONIC_10LAYERS_BRAGG,BBOB,9.306903040946471
PHOTONIC_10LAYERS_BRAGG,BBOB,6.491972565257479
PHOTONIC_10LAYERS_BRAGG,BBOB,11.964722614363497
PHOTONIC_10LAYERS_BRAGG,BBOB,8.419988233270988
PHOTONIC_10LAYERS_BRAGG,BBOB,8.711632611758851
PHOTONIC_10LAYERS_BRAGG,BBOB,6.816451182241088
PHOTONIC_10LAYERS_BRAGG,BBOB,10.12948489686821
PHOTONIC_10LAYERS_BRAGG,BBOB,10.972087174199944
PHOTONIC_10LAYERS_BRAGG,BBOB,9.831393635738905
PHOTONIC_10LAYERS_BRAGG,BBOB,8.682037496236344
PHOTONIC_10LAYERS_BRAGG,BBOB,13.383818930380038
PHOTONIC_10LAYERS_BRAGG,BBOB,10.861876031353287
PHOTONIC_10LAYERS_BRAGG,BBOB,6.347516221481155
PHOTONIC_10LAYERS_BRAGG,BBOB,11.609745679781915
PHOTONIC_10LAYERS_BRAGG,BBOB,8.20168549994383
PHOTONIC_10LAYERS_BRAGG,BBOB,8.961671608894092
PHOTONIC_10LAYERS_BRAGG,BBOB,8.774826095810456
PHOTONIC_10LAYERS_BRAGG,BBOB,8.210214403799766
PHOTONIC_10LAYERS_BRAGG,BBOB,10.90869879042935
PHOTONIC_10LAYERS_BRAGG,BBOB,12.220282440264809
PHOTONIC_10LAYERS_BRAGG,BBOB,6.887822779786254
PHOTONIC_10LAYERS_BRAGG,BBOB,9.436006685416928
PHOTONIC_10LAYERS_BRAGG,BBOB,14.069158109006045
PHOTONIC_10LAYERS_BRAGG,BBOB,8.277960339666473
PHOTONIC_10LAYERS_BRAGG,BBOB,10.93349727831768
PHOTONIC_10LAYERS_BRAGG,BBOB,9.016622834255983
PHOTONIC_10LAYERS_BRAGG,BBOB,10.237490759094122
PHOTONIC_10LAYERS_BRAGG,BBOB,8.394395917112702
PHOTONIC_10LAYERS_BRAGG,BBOB,9.49082397752985
PHOTONIC_10LAYERS_BRAGG,BBOB,7.439933244995677
PHOTONIC_10LAYERS_BRAGG,BBOB,8.210132327884732
PHOTONIC_10LAYERS_BRAGG,BBOB,9.56210515264647
PHOTONIC_10LAYERS_BRAGG,BBOB,7.973648139132937
PHOTONIC_10LAYERS_BRAGG,BBOB,8.115429812565527
PHOTONIC_10LAYERS_BRAGG,BBOB,8.961671608894092
PHOTONIC_10LAYERS_BRAGG,BBOB,7.36857487357487
PHOTONIC_10LAYERS_BRAGG,BBOB,8.000544336118976
PHOTONIC_10LAYERS_BRAGG,BBOB,8.666368783121742
PHOTONIC_10LAYERS_BRAGG,BBOB,10.115549446595518
PHOTONIC_10LAYERS_BRAGG,BBOB,9.496061979653485
PHOTONIC_10LAYERS_BRAGG,BBOB,6.496779458773025
PHOTONIC_10LAYERS_BRAGG,BBOB,7.411449706505429
PHOTONIC_10LAYERS_BRAGG,BBOB,11.43364970293421
PHOTONIC_10LAYERS_BRAGG,BBOB,6.347245616391104
PHOTONIC_10LAYERS_BRAGG,BBOB,10.953423106053274
PHOTONIC_10LAYERS_BRAGG,BBOB,8.747710155795426
PHOTONIC_10LAYERS_BRAGG,BBOB,10.648261134266209
PHOTONIC_10LAYERS_BRAGG,BBOB,9.215677002137207
PHOTONIC_10LAYERS_BRAGG,BBOB,7.198916506982159
PHOTONIC_10LAYERS_BRAGG,BBOB,12.64283583114533
PHOTONIC_10LAYERS_BRAGG,BBOB,7.1952643754798125
PHOTONIC_10LAYERS_BRAGG,BBOB,7.41678961320192
PHOTONIC_10LAYERS_BRAGG,BBOB,7.349286353209807
PHOTONIC_10LAYERS_BRAGG,BBOB,10.70010122761673
PHOTONIC_10LAYERS_BRAGG,BBOB,8.418817695872772
PHOTONIC_10LAYERS_BRAGG,BBOB,8.402686070388164
PHOTONIC_10LAYERS_BRAGG,BBOB,7.868354832888026
PHOTONIC_10LAYERS_BRAGG,BBOB,7.480760619849381
PHOTONIC_10LAYERS_BRAGG,BBOB,11.025911507390369
PHOTONIC_10LAYERS_BRAGG,BBOB,10.623572641840555
PHOTONIC_10LAYERS_BRAGG,BBOB,10.623572641840555
PHOTONIC_10LAYERS_BRAGG,BBOB,7.525071587524205
PHOTONIC_10LAYERS_BRAGG,BBOB,11.186437715714943
PHOTONIC_10LAYERS_BRAGG,BBOB,11.579044872870472
PHOTONIC_10LAYERS_BRAGG,BBOB,8.498226923353117
PHOTONIC_10LAYERS_BRAGG,BBOB,8.5408739166083
PHOTONIC_10LAYERS_BRAGG,BBOB,6.8250458615780625
PHOTONIC_10LAYERS_BRAGG,BBOB,10.236451369666854
PHOTONIC_10LAYERS_BRAGG,BBOB,8.478086286565363
PHOTONIC_10LAYERS_BRAGG,BBOB,8.797692043749183
PHOTONIC_10LAYERS_BRAGG,BBOB,8.126758175318349
PHOTONIC_10LAYERS_BRAGG,BBOB,6.824524421877503
PHOTONIC_10LAYERS_BRAGG,BBOB,8.965519497658722
PHOTONIC_10LAYERS_BRAGG,BBOB,9.321101664517169
PHOTONIC_10LAYERS_BRAGG,BBOB,7.250471529025415
PHOTONIC_10LAYERS_BRAGG,BBOB,11.283512389474803
PHOTONIC_10LAYERS_BRAGG,BBOB,9.953443697842399
PHOTONIC_10LAYERS_BRAGG,BBOB,8.40135572044469
PHOTONIC_10LAYERS_BRAGG,BBOB,8.497440381352009
PHOTONIC_10LAYERS_BRAGG,BBOB,11.175961624726675
PHOTONIC_10LAYERS_BRAGG,BBOB,9.125298762547704
PHOTONIC_10LAYERS_BRAGG,BBOB,9.687891286590386
PHOTONIC_10LAYERS_BRAGG,BBOB,10.567002243914919
PHOTONIC_10LAYERS_BRAGG,BBOB,7.469495930880046
PHOTONIC_10LAYERS_BRAGG,BBOB,6.779167147700465
PHOTONIC_10LAYERS_BRAGG,BBOB,6.852380123933645
PHOTONIC_10LAYERS_BRAGG,BBOB,9.50009654635872
PHOTONIC_10LAYERS_BRAGG,BBOB,7.562660970497899
PHOTONIC_10LAYERS_BRAGG,BBOB,11.408662851329735
PHOTONIC_10LAYERS_BRAGG,BBOB,6.321688840250107
PHOTONIC_10LAYERS_BRAGG,BBOB,8.564769878762759
PHOTONIC_10LAYERS_BRAGG,BBOB,8.666492515370859
PHOTONIC_10LAYERS_BRAGG,BBOB,9.290592141321133
PHOTONIC_10LAYERS_BRAGG,BBOB,8.465831349302904
PHOTONIC_10LAYERS_BRAGG,BBOB,9.217796467366115
PHOTONIC_10LAYERS_BRAGG,BBOB,6.504139056241348
PHOTONIC_10LAYERS_BRAGG,BBOB,8.477395611576377
PHOTONIC_10LAYERS_BRAGG,BBOB,8.30723770461153
PHOTONIC_10LAYERS_BRAGG,BBOB,8.796089259489133
PHOTONIC_10LAYERS_BRAGG,BBOB,10.955869586164383
PHOTONIC_10LAYERS_BRAGG,BBOB,8.746766747636338
PHOTONIC_10LAYERS_BRAGG,BBOB,8.668555943610237
PHOTONIC_10LAYERS_BRAGG,BBOB,9.603698810650558
PHOTONIC_10LAYERS_BRAGG,BBOB,8.953308750241595
PHOTONIC_10LAYERS_BRAGG,BBOB,6.522530348943833
PHOTONIC_10LAYERS_BRAGG,BBOB,11.947849964317617
PHOTONIC_10LAYERS_BRAGG,BBOB,9.026264247405805
PHOTONIC_10LAYERS_BRAGG,BBOB,8.424610287806312
PHOTONIC_10LAYERS_BRAGG,BBOB,6.4824433145163605
PHOTONIC_10LAYERS_BRAGG,BBOB,7.254890610676601
PHOTONIC_10LAYERS_BRAGG,BBOB,8.751051640435302
PHOTONIC_10LAYERS_BRAGG,BBOB,9.451065012636498
PHOTONIC_10LAYERS_BRAGG,BBOB,7.363746883869306
PHOTONIC_10LAYERS_BRAGG,BBOB,8.671914117413346
PHOTONIC_10LAYERS_BRAGG,BBOB,10.306821884676081
PHOTONIC_10LAYERS_BRAGG,BBOB,6.507581499357265
PHOTONIC_10LAYERS_BRAGG,BBOB,7.426397398720805
PHOTONIC_10LAYERS_BRAGG,BBOB,8.964762032922192
PHOTONIC_10LAYERS_BRAGG,BBOB,8.429308264338054
PHOTONIC_10LAYERS_BRAGG,BBOB,8.465831349302904
PHOTONIC_10LAYERS_BRAGG,BBOB,7.403608129489935
PHOTONIC_10LAYERS_BRAGG,BBOB,10.02155093770577
PHOTONIC_10LAYERS_BRAGG,BBOB,9.328563593442023
PHOTONIC_10LAYERS_BRAGG,BBOB,10.741038030404027
PHOTONIC_10LAYERS_BRAGG,BBOB,8.970781739409722
PHOTONIC_10LAYERS_BRAGG,BBOB,10.52883533045248
PHOTONIC_10LAYERS_BRAGG,BBOB,7.1906306210944235
PHOTONIC_10LAYERS_BRAGG,BBOB,10.553680335914251
PHOTONIC_10LAYERS_BRAGG,BBOB,8.19616126863003
PHOTONIC_10LAYERS_BRAGG,BBOB,9.06883576013562
PHOTONIC_10LAYERS_BRAGG,BBOB,8.307526020428135
PHOTONIC_10LAYERS_BRAGG,BBOB,9.0147356916281
PHOTONIC_10LAYERS_BRAGG,BBOB,9.174207679197567
PHOTONIC_10LAYERS_BRAGG,BBOB,7.498005095780946
PHOTONIC_10LAYERS_BRAGG,BBOB,8.356734402582198
PHOTONIC_10LAYERS_BRAGG,BBOB,9.6849488504483
PHOTONIC_10LAYERS_BRAGG,BBOB,9.279652240225376
PHOTONIC_10LAYERS_BRAGG,BBOB,7.4818682862731025
PHOTONIC_10LAYERS_BRAGG,BBOB,11.853606792736059
PHOTONIC_10LAYERS_BRAGG,BBOB,7.865102282236953
PHOTONIC_10LAYERS_BRAGG,BBOB,10.741745491639715
PHOTONIC_10LAYERS_BRAGG,BBOB,9.193740250892967
PHOTONIC_20LAYERS_BRAGG,BBOB,9.085322774665867
PHOTONIC_20LAYERS_BRAGG,BBOB,8.866353783947467
PHOTONIC_20LAYERS_BRAGG,BBOB,8.509686782508563
PHOTONIC_20LAYERS_BRAGG,BBOB,9.006825555048284
PHOTONIC_20LAYERS_BRAGG,BBOB,11.059839016190761
PHOTONIC_20LAYERS_BRAGG,BBOB,6.63591179028931
PHOTONIC_20LAYERS_BRAGG,BBOB,6.028185906667242
PHOTONIC_20LAYERS_BRAGG,BBOB,9.334702451490214
PHOTONIC_20LAYERS_BRAGG,BBOB,8.693894709670952
PHOTONIC_20LAYERS_BRAGG,BBOB,10.827340783835558
PHOTONIC_20LAYERS_BRAGG,BBOB,8.865505979590472
PHOTONIC_20LAYERS_BRAGG,BBOB,9.702085209307747
PHOTONIC_20LAYERS_BRAGG,BBOB,9.832464783830881
PHOTONIC_20LAYERS_BRAGG,BBOB,6.846042192400858
PHOTONIC_20LAYERS_BRAGG,BBOB,6.991480521002844
PHOTONIC_20LAYERS_BRAGG,BBOB,8.841644017422368
PHOTONIC_20LAYERS_BRAGG,BBOB,8.690419507448853
PHOTONIC_20LAYERS_BRAGG,BBOB,8.848905667755451
PHOTONIC_20LAYERS_BRAGG,BBOB,7.971417883039884
PHOTONIC_20LAYERS_BRAGG,BBOB,7.664618496574022
PHOTONIC_20LAYERS_BRAGG,BBOB,8.464790799313588
PHOTONIC_20LAYERS_BRAGG,BBOB,8.118339436768478
PHOTONIC_20LAYERS_BRAGG,BBOB,8.186991163268239
PHOTONIC_20LAYERS_BRAGG,BBOB,4.385342650676837
PHOTONIC_20LAYERS_BRAGG,BBOB,9.247596146502861
PHOTONIC_20LAYERS_BRAGG,BBOB,6.063330689846901
PHOTONIC_20LAYERS_BRAGG,BBOB,7.149606746442516
PHOTONIC_20LAYERS_BRAGG,BBOB,11.05531324693085
PHOTONIC_20LAYERS_BRAGG,BBOB,8.219570274196611
PHOTONIC_20LAYERS_BRAGG,BBOB,7.178033161101515
PHOTONIC_20LAYERS_BRAGG,BBOB,8.348763657736425
PHOTONIC_20LAYERS_BRAGG,BBOB,8.694928658149509
PHOTONIC_20LAYERS_BRAGG,BBOB,5.188972989077492
PHOTONIC_20LAYERS_BRAGG,BBOB,8.427534687393992
PHOTONIC_20LAYERS_BRAGG,BBOB,6.965805598158189
PHOTONIC_20LAYERS_BRAGG,BBOB,6.064082673222884
PHOTONIC_20LAYERS_BRAGG,BBOB,12.920307963587115
PHOTONIC_20LAYERS_BRAGG,BBOB,8.198123042702079
PHOTONIC_20LAYERS_BRAGG,BBOB,6.970375471932382
PHOTONIC_20LAYERS_BRAGG,BBOB,7.5636417903794975
PHOTONIC_20LAYERS_BRAGG,BBOB,7.8162229532065295
PHOTONIC_20LAYERS_BRAGG,BBOB,9.519755745616838
PHOTONIC_20LAYERS_BRAGG,BBOB,5.733728106568008
PHOTONIC_20LAYERS_BRAGG,BBOB,9.000598955630327
PHOTONIC_20LAYERS_BRAGG,BBOB,8.741272692447312
PHOTONIC_20LAYERS_BRAGG,BBOB,4.565620361518551
PHOTONIC_20LAYERS_BRAGG,BBOB,8.566125063247295
PHOTONIC_20LAYERS_BRAGG,BBOB,8.547820359273064
PHOTONIC_20LAYERS_BRAGG,BBOB,9.644860649581876
PHOTONIC_20LAYERS_BRAGG,BBOB,9.685408769903095
PHOTONIC_20LAYERS_BRAGG,BBOB,7.510769213209322
PHOTONIC_20LAYERS_BRAGG,BBOB,9.67704439051646
PHOTONIC_20LAYERS_BRAGG,BBOB,10.928780489930167
PHOTONIC_20LAYERS_BRAGG,BBOB,9.246928827910892
PHOTONIC_20LAYERS_BRAGG,BBOB,4.418601175430179
PHOTONIC_20LAYERS_BRAGG,BBOB,8.078418868989194
PHOTONIC_20LAYERS_BRAGG,BBOB,6.847832223556654
PHOTONIC_20LAYERS_BRAGG,BBOB,8.674395978358222
PHOTONIC_20LAYERS_BRAGG,BBOB,9.316253790377601
PHOTONIC_20LAYERS_BRAGG,BBOB,10.24499666438831
PHOTONIC_20LAYERS_BRAGG,BBOB,10.411462071595313
PHOTONIC_20LAYERS_BRAGG,BBOB,8.933291070165946
PHOTONIC_20LAYERS_BRAGG,BBOB,8.376551422931566
PHOTONIC_20LAYERS_BRAGG,BBOB,12.910549455053918
PHOTONIC_20LAYERS_BRAGG,BBOB,5.387560724029453
PHOTONIC_20LAYERS_BRAGG,BBOB,7.191679484456788
PHOTONIC_20LAYERS_BRAGG,BBOB,7.061880535471361
PHOTONIC_20LAYERS_BRAGG,BBOB,8.729117124219343
PHOTONIC_20LAYERS_BRAGG,BBOB,6.0693279598634415
PHOTONIC_20LAYERS_BRAGG,BBOB,4.439466237539928
PHOTONIC_20LAYERS_BRAGG,BBOB,9.048178880382405
PHOTONIC_20LAYERS_BRAGG,BBOB,7.838183673966364
PHOTONIC_20LAYERS_BRAGG,BBOB,6.061722559851666
PHOTONIC_20LAYERS_BRAGG,BBOB,4.415565967603882
PHOTONIC_20LAYERS_BRAGG,BBOB,7.253258441470812
PHOTONIC_20LAYERS_BRAGG,BBOB,7.839234801003144
PHOTONIC_20LAYERS_BRAGG,BBOB,7.830992275768203
PHOTONIC_20LAYERS_BRAGG,BBOB,6.0066532233374454
PHOTONIC_20LAYERS_BRAGG,BBOB,6.75959388620409
PHOTONIC_20LAYERS_BRAGG,BBOB,4.416911349309145
PHOTONIC_20LAYERS_BRAGG,BBOB,7.56361921711166
PHOTONIC_20LAYERS_BRAGG,BBOB,7.715910476903992
PHOTONIC_20LAYERS_BRAGG,BBOB,6.063895346672782
PHOTONIC_20LAYERS_BRAGG,BBOB,8.364186244982518
PHOTONIC_20LAYERS_BRAGG,BBOB,8.87388447358239
PHOTONIC_20LAYERS_BRAGG,BBOB,7.173208199807084
PHOTONIC_20LAYERS_BRAGG,BBOB,4.747864960336701
PHOTONIC_20LAYERS_BRAGG,BBOB,4.390679508979007
PHOTONIC_20LAYERS_BRAGG,BBOB,9.048361419916176
PHOTONIC_20LAYERS_BRAGG,BBOB,8.867691336730173
PHOTONIC_20LAYERS_BRAGG,BBOB,6.024123573500991
PHOTONIC_20LAYERS_BRAGG,BBOB,9.133049116774682
PHOTONIC_20LAYERS_BRAGG,BBOB,4.779412201473605
PHOTONIC_20LAYERS_BRAGG,BBOB,5.886557329528281
PHOTONIC_20LAYERS_BRAGG,BBOB,8.919438553543616
PHOTONIC_20LAYERS_BRAGG,BBOB,4.409384930290523
PHOTONIC_20LAYERS_BRAGG,BBOB,11.366150116761224
PHOTONIC_20LAYERS_BRAGG,BBOB,6.635719099540299
PHOTONIC_20LAYERS_BRAGG,BBOB,6.969895556098646
PHOTONIC_20LAYERS_BRAGG,BBOB,10.874642895571878
PHOTONIC_20LAYERS_BRAGG,BBOB,5.152377350850384
PHOTONIC_20LAYERS_BRAGG,BBOB,9.727853179954915
PHOTONIC_20LAYERS_BRAGG,BBOB,8.12195882793703
PHOTONIC_20LAYERS_BRAGG,BBOB,6.661995062633454
PHOTONIC_20LAYERS_BRAGG,BBOB,5.8640882799087874
PHOTONIC_20LAYERS_BRAGG,BBOB,7.629322039868079
PHOTONIC_20LAYERS_BRAGG,BBOB,8.108222081398646
PHOTONIC_20LAYERS_BRAGG,BBOB,9.926208628887636
PHOTONIC_20LAYERS_BRAGG,BBOB,9.780733323689464
PHOTONIC_20LAYERS_BRAGG,BBOB,7.647089191565864
PHOTONIC_20LAYERS_BRAGG,BBOB,5.718954306088096
PHOTONIC_20LAYERS_BRAGG,BBOB,7.474725857878859
PHOTONIC_20LAYERS_BRAGG,BBOB,10.717843734461932
PHOTONIC_20LAYERS_BRAGG,BBOB,7.643427300085397
PHOTONIC_20LAYERS_BRAGG,BBOB,7.868102055175974
PHOTONIC_20LAYERS_BRAGG,BBOB,6.853688889964726
PHOTONIC_20LAYERS_BRAGG,BBOB,7.3153890040893605
PHOTONIC_20LAYERS_BRAGG,BBOB,10.446808824842115
PHOTONIC_20LAYERS_BRAGG,BBOB,6.598466174519894
PHOTONIC_20LAYERS_BRAGG,BBOB,6.008343812330393
PHOTONIC_20LAYERS_BRAGG,BBOB,7.12804470567122
PHOTONIC_20LAYERS_BRAGG,BBOB,5.861980877915553
PHOTONIC_20LAYERS_BRAGG,BBOB,5.571317174323116
PHOTONIC_20LAYERS_BRAGG,BBOB,4.605068031535704
PHOTONIC_20LAYERS_BRAGG,BBOB,12.963541079906777
PHOTONIC_20LAYERS_BRAGG,BBOB,7.971462626197467
PHOTONIC_20LAYERS_BRAGG,BBOB,8.060405901427364
PHOTONIC_20LAYERS_BRAGG,BBOB,8.549497085976975
PHOTONIC_20LAYERS_BRAGG,BBOB,7.221111331969416
PHOTONIC_20LAYERS_BRAGG,BBOB,7.315885551091209
PHOTONIC_20LAYERS_BRAGG,BBOB,7.826937970607605
PHOTONIC_20LAYERS_BRAGG,BBOB,6.731283204609516
PHOTONIC_20LAYERS_BRAGG,BBOB,6.001708081120909
PHOTONIC_20LAYERS_BRAGG,BBOB,5.837108450009287
PHOTONIC_20LAYERS_BRAGG,BBOB,9.203272975146378
PHOTONIC_20LAYERS_BRAGG,BBOB,8.367092023866807
PHOTONIC_20LAYERS_BRAGG,BBOB,4.385280456533538
PHOTONIC_20LAYERS_BRAGG,BBOB,7.734598968752398
PHOTONIC_20LAYERS_BRAGG,BBOB,7.986610557538209
PHOTONIC_20LAYERS_BRAGG,BBOB,7.581024773299153
PHOTONIC_20LAYERS_BRAGG,BBOB,9.067164593746417
PHOTONIC_20LAYERS_BRAGG,BBOB,4.40874068156367
PHOTONIC_20LAYERS_BRAGG,BBOB,8.585335106871167
PHOTONIC_20LAYERS_BRAGG,BBOB,5.867590678893813
PHOTONIC_20LAYERS_BRAGG,BBOB,16.849423352626864
PHOTONIC_20LAYERS_BRAGG,BBOB,10.664675238604147
PHOTONIC_20LAYERS_BRAGG,BBOB,4.36797599826642
PHOTONIC_20LAYERS_BRAGG,BBOB,7.056036746332079
PHOTONIC_20LAYERS_BRAGG,BBOB,6.079270618266564
PHOTONIC_20LAYERS_BRAGG,BBOB,5.94688160343522
PHOTONIC_20LAYERS_BRAGG,BBOB,7.780583808404429
PHOTONIC_20LAYERS_BRAGG,BBOB,8.470801197014097
PHOTONIC_20LAYERS_BRAGG,BBOB,10.009770932911358
PHOTONIC_20LAYERS_BRAGG,BBOB,9.314809500918189
PHOTONIC_20LAYERS_BRAGG,BBOB,7.172957683138714
PHOTONIC_20LAYERS_BRAGG,BBOB,6.669341225064326
PHOTONIC_20LAYERS_BRAGG,BBOB,9.625702660630413
PHOTONIC_20LAYERS_BRAGG,BBOB,13.56072835573399
PHOTONIC_20LAYERS_BRAGG,BBOB,11.0797041258851
PHOTONIC_20LAYERS_BRAGG,BBOB,7.9970034558881204
PHOTONIC_20LAYERS_BRAGG,BBOB,7.393617719839564
PHOTONIC_20LAYERS_BRAGG,BBOB,9.92597583578049
PHOTONIC_20LAYERS_BRAGG,BBOB,7.836723825168618
PHOTONIC_20LAYERS_BRAGG,BBOB,6.807519913547813
PHOTONIC_20LAYERS_BRAGG,BBOB,9.7432289342492
PHOTONIC_20LAYERS_BRAGG,BBOB,7.572296291707696
PHOTONIC_20LAYERS_BRAGG,BBOB,10.95541862599745
PHOTONIC_20LAYERS_BRAGG,BBOB,4.5497545871889
PHOTONIC_20LAYERS_BRAGG,BBOB,5.7108678093307015
PHOTONIC_20LAYERS_BRAGG,BBOB,11.20892384485433
PHOTONIC_20LAYERS_BRAGG,BBOB,8.585603798004424
PHOTONIC_20LAYERS_BRAGG,BBOB,4.241498733289208
PHOTONIC_20LAYERS_BRAGG,BBOB,5.837949530700246
PHOTONIC_20LAYERS_BRAGG,BBOB,9.402663668838253
PHOTONIC_20LAYERS_BRAGG,BBOB,6.825222714768791
PHOTONIC_20LAYERS_BRAGG,BBOB,9.717398573749414
PHOTONIC_20LAYERS_BRAGG,BBOB,7.518251607620964
PHOTONIC_20LAYERS_BRAGG,BBOB,5.965170952701966
PHOTONIC_20LAYERS_BRAGG,BBOB,4.397728669395973
PHOTONIC_20LAYERS_BRAGG,BBOB,8.63125412067565
PHOTONIC_20LAYERS_BRAGG,BBOB,9.370644773404717
PHOTONIC_20LAYERS_BRAGG,BBOB,12.59509738550746
PHOTONIC_20LAYERS_BRAGG,BBOB,8.259490120944015
PHOTONIC_20LAYERS_BRAGG,BBOB,8.20945555146999
PHOTONIC_20LAYERS_BRAGG,BBOB,6.585634597250744
PHOTONIC_20LAYERS_BRAGG,BBOB,5.563876036486544
PHOTONIC_20LAYERS_BRAGG,BBOB,8.42553703693482
PHOTONIC_20LAYERS_BRAGG,BBOB,4.404967511721749
PHOTONIC_20LAYERS_BRAGG,BBOB,6.076499581817004
PHOTONIC_20LAYERS_BRAGG,BBOB,6.069563394230948
PHOTONIC_20LAYERS_BRAGG,BBOB,10.872685156359353
PHOTONIC_20LAYERS_BRAGG,BBOB,8.041420375982034
PHOTONIC_20LAYERS_BRAGG,BBOB,8.939531463240503
PHOTONIC_20LAYERS_BRAGG,BBOB,5.84897606178797
PHOTONIC_20LAYERS_BRAGG,BBOB,7.1005762838336635
PHOTONIC_20LAYERS_BRAGG,BBOB,4.278642067615034
PHOTONIC_20LAYERS_BRAGG,BBOB,8.24410801378136
PHOTONIC_20LAYERS_BRAGG,BBOB,5.962036222320073
PHOTONIC_20LAYERS_BRAGG,BBOB,5.387189667386994
PHOTONIC_20LAYERS_BRAGG,BBOB,13.293974913351564
PHOTONIC_20LAYERS_BRAGG,BBOB,5.835392128304516
PHOTONIC_20LAYERS_BRAGG,BBOB,9.016331762094685
PHOTONIC_20LAYERS_BRAGG,BBOB,5.409191645348238
PHOTONIC_20LAYERS_BRAGG,BBOB,8.064588456835537
PHOTONIC_20LAYERS_BRAGG,BBOB,9.36439327103533
PHOTONIC_20LAYERS_BRAGG,BBOB,5.2245183277907605
PHOTONIC_20LAYERS_BRAGG,BBOB,20.629901771537224
PHOTONIC_20LAYERS_BRAGG,BBOB,6.756542671675071
PHOTONIC_20LAYERS_BRAGG,BBOB,6.069879751852999
PHOTONIC_20LAYERS_BRAGG,BBOB,4.239146375702153
PHOTONIC_20LAYERS_BRAGG,BBOB,9.779543824262989
PHOTONIC_20LAYERS_BRAGG,BBOB,9.014014438117878
PHOTONIC_20LAYERS_BRAGG,BBOB,5.864146802664015
PHOTONIC_20LAYERS_BRAGG,BBOB,9.030133756661042
PHOTONIC_20LAYERS_BRAGG,BBOB,7.365241943446498
PHOTONIC_20LAYERS_BRAGG,BBOB,8.628990369734408
PHOTONIC_20LAYERS_BRAGG,BBOB,11.080660331669485
PHOTONIC_20LAYERS_BRAGG,BBOB,7.716340359444401
PHOTONIC_20LAYERS_BRAGG,BBOB,7.620398497074329
PHOTONIC_20LAYERS_BRAGG,BBOB,13.554897265436914
PHOTONIC_20LAYERS_BRAGG,BBOB,5.822783580555216
PHOTONIC_20LAYERS_BRAGG,BBOB,9.672379283106421
PHOTONIC_20LAYERS_BRAGG,BBOB,10.862722256386867
PHOTONIC_20LAYERS_BRAGG,BBOB,5.886553719973952
PHOTONIC_20LAYERS_BRAGG,BBOB,7.757735177627192
PHOTONIC_20LAYERS_BRAGG,BBOB,5.664620576901484
PHOTONIC_20LAYERS_BRAGG,BBOB,9.022024781483404
PHOTONIC_20LAYERS_BRAGG,BBOB,7.408466604467224
PHOTONIC_20LAYERS_BRAGG,BBOB,9.85621998409971
PHOTONIC_20LAYERS_BRAGG,BBOB,6.375172623557549
PHOTONIC_20LAYERS_BRAGG,BBOB,10.714374582266963
PHOTONIC_20LAYERS_BRAGG,BBOB,5.865925810092849
PHOTONIC_20LAYERS_BRAGG,BBOB,5.189858502659202
PHOTONIC_20LAYERS_BRAGG,BBOB,8.239758799658857
PHOTONIC_20LAYERS_BRAGG,BBOB,6.853322986775383
PHOTONIC_20LAYERS_BRAGG,BBOB,5.367778649820735
PHOTONIC_20LAYERS_BRAGG,BBOB,9.706778190924576
PHOTONIC_20LAYERS_BRAGG,BBOB,13.326312779111467
PHOTONIC_20LAYERS_BRAGG,BBOB,10.42403481064144
PHOTONIC_20LAYERS_BRAGG,BBOB,4.599245871845936
PHOTONIC_20LAYERS_BRAGG,BBOB,8.62611370404232
PHOTONIC_20LAYERS_BRAGG,BBOB,10.262995449554625
PHOTONIC_20LAYERS_BRAGG,BBOB,7.852304112261978
PHOTONIC_20LAYERS_BRAGG,BBOB,7.258847206172627
PHOTONIC_20LAYERS_BRAGG,BBOB,9.007793192225071
PHOTONIC_20LAYERS_BRAGG,BBOB,8.62863676818324
PHOTONIC_20LAYERS_BRAGG,BBOB,9.479001441645286
PHOTONIC_20LAYERS_BRAGG,BBOB,8.244941846472576
PHOTONIC_20LAYERS_BRAGG,BBOB,9.584637676482323
PHOTONIC_20LAYERS_BRAGG,BBOB,8.20708930772114
PHOTONIC_20LAYERS_BRAGG,BBOB,6.983218436331802
PHOTONIC_20LAYERS_BRAGG,BBOB,9.290432475717838
PHOTONIC_20LAYERS_BRAGG,BBOB,7.797770657080049
PHOTONIC_20LAYERS_BRAGG,BBOB,13.337042663806246
PHOTONIC_20LAYERS_BRAGG,BBOB,5.3676337892136745
PHOTONIC_20LAYERS_BRAGG,BBOB,4.410814361471626
PHOTONIC_20LAYERS_BRAGG,BBOB,9.97944166386803
PHOTONIC_20LAYERS_BRAGG,BBOB,7.151580656432528
PHOTONIC_20LAYERS_BRAGG,BBOB,8.795271566641805
PHOTONIC_20LAYERS_BRAGG,BBOB,7.870382531251177
PHOTONIC_20LAYERS_BRAGG,BBOB,4.363897695475905
PHOTONIC_20LAYERS_BRAGG,BBOB,10.464611298476667
PHOTONIC_20LAYERS_BRAGG,BBOB,9.754558509606856
PHOTONIC_20LAYERS_BRAGG,BBOB,8.533609872145586
PHOTONIC_20LAYERS_BRAGG,BBOB,7.304943466633415
PHOTONIC_20LAYERS_BRAGG,BBOB,4.776481522776802
PHOTONIC_20LAYERS_BRAGG,BBOB,7.395578066722782
PHOTONIC_20LAYERS_BRAGG,BBOB,8.467534424042846
PHOTONIC_20LAYERS_BRAGG,BBOB,6.20552312814053
PHOTONIC_20LAYERS_BRAGG,BBOB,7.597685650768283
PHOTONIC_20LAYERS_BRAGG,BBOB,6.070009807188636
PHOTONIC_20LAYERS_BRAGG,BBOB,8.1761982695816
PHOTONIC_20LAYERS_BRAGG,BBOB,10.309349142811033
PHOTONIC_20LAYERS_BRAGG,BBOB,4.574012616113936
PHOTONIC_20LAYERS_BRAGG,BBOB,6.895051336765537
PHOTONIC_20LAYERS_BRAGG,BBOB,8.106376399100192
PHOTONIC_20LAYERS_BRAGG,BBOB,8.093563050899395
PHOTONIC_20LAYERS_BRAGG,BBOB,8.081778871196718
PHOTONIC_20LAYERS_BRAGG,BBOB,10.891034656437212
PHOTONIC_20LAYERS_BRAGG,BBOB,5.66510918728521
PHOTONIC_20LAYERS_BRAGG,BBOB,5.866458561367761
PHOTONIC_20LAYERS_BRAGG,BBOB,8.817150456010898
PHOTONIC_20LAYERS_BRAGG,BBOB,8.175696377658658
PHOTONIC_20LAYERS_BRAGG,BBOB,5.367920275285444
PHOTONIC_20LAYERS_BRAGG,BBOB,8.304848487140573
PHOTONIC_20LAYERS_BRAGG,BBOB,7.571075441477966
PHOTONIC_20LAYERS_BRAGG,BBOB,7.583818119214777
PHOTONIC_20LAYERS_BRAGG,BBOB,9.327556072995947
PHOTONIC_20LAYERS_BRAGG,BBOB,6.70813799473898
PHOTONIC_20LAYERS_BRAGG,BBOB,6.769383526362902
PHOTONIC_20LAYERS_BRAGG,BBOB,11.013670742237457
PHOTONIC_20LAYERS_BRAGG,BBOB,5.242628400954074
PHOTONIC_20LAYERS_BRAGG,BBOB,5.18824333223736
PHOTONIC_20LAYERS_BRAGG,BBOB,8.918959027097541
PHOTONIC_20LAYERS_BRAGG,BBOB,20.17055527564911
PHOTONIC_20LAYERS_BRAGG,BBOB,8.875864243472396
PHOTONIC_20LAYERS_BRAGG,BBOB,7.951996594356776
PHOTONIC_20LAYERS_BRAGG,BBOB,9.217317395910976
PHOTONIC_20LAYERS_BRAGG,BBOB,6.066377139538916
PHOTONIC_20LAYERS_BRAGG,BBOB,10.009429404305552
PHOTONIC_20LAYERS_BRAGG,BBOB,5.242600276325442
PHOTONIC_20LAYERS_BRAGG,BBOB,9.016717719160676
PHOTONIC_20LAYERS_BRAGG,BBOB,6.19870766877491
PHOTONIC_20LAYERS_BRAGG,BBOB,9.622951081541512
PHOTONIC_20LAYERS_BRAGG,BBOB,4.444775405249559
PHOTONIC_20LAYERS_BRAGG,BBOB,8.878520252494273
PHOTONIC_20LAYERS_BRAGG,BBOB,9.704684973624666
PHOTONIC_20LAYERS_BRAGG,BBOB,8.944581979386301
PHOTONIC_20LAYERS_BRAGG,BBOB,4.355438419046193
PHOTONIC_20LAYERS_BRAGG,BBOB,8.793845349827059
PHOTONIC_20LAYERS_BRAGG,BBOB,13.310700941680787
PHOTONIC_20LAYERS_BRAGG,BBOB,4.5667979573958775
PHOTONIC_20LAYERS_BRAGG,BBOB,9.275351651188618
PHOTONIC_20LAYERS_BRAGG,BBOB,7.510736475717259
PHOTONIC_20LAYERS_BRAGG,BBOB,10.603564685327392
PHOTONIC_20LAYERS_BRAGG,BBOB,8.534280396943414
PHOTONIC_20LAYERS_BRAGG,BBOB,7.851981062391344
PHOTONIC_20LAYERS_BRAGG,BBOB,5.9665864461919975
PHOTONIC_20LAYERS_BRAGG,BBOB,5.832394452682775
PHOTONIC_20LAYERS_BRAGG,BBOB,7.688220377860266
PHOTONIC_20LAYERS_BRAGG,BBOB,5.253446482477525
PHOTONIC_20LAYERS_BRAGG,BBOB,7.559486982394385
PHOTONIC_20LAYERS_BRAGG,BBOB,10.232797681898468
PHOTONIC_20LAYERS_BRAGG,BBOB,7.800112944217519
PHOTONIC_20LAYERS_BRAGG,BBOB,9.275355696693731
PHOTONIC_20LAYERS_BRAGG,BBOB,5.865917867823571
PHOTONIC_20LAYERS_BRAGG,BBOB,4.562182111069077
PHOTONIC_20LAYERS_BRAGG,BBOB,12.753654800761922
PHOTONIC_20LAYERS_BRAGG,BBOB,8.210401520073344
PHOTONIC_20LAYERS_BRAGG,BBOB,8.25825795167587
PHOTONIC_20LAYERS_BRAGG,BBOB,8.820622401407942
PHOTONIC_20LAYERS_BRAGG,BBOB,7.056474999056776
PHOTONIC_20LAYERS_BRAGG,BBOB,5.386751743087779
PHOTONIC_20LAYERS_BRAGG,BBOB,9.707791238241956
PHOTONIC_20LAYERS_BRAGG,BBOB,7.5173715400372485
PHOTONIC_20LAYERS_BRAGG,BBOB,6.10104278534174
PHOTONIC_20LAYERS_BRAGG,BBOB,8.999966872232996
PHOTONIC_20LAYERS_BRAGG,BBOB,6.501083081388268
PHOTONIC_20LAYERS_BRAGG,BBOB,10.374067526902108
PHOTONIC_20LAYERS_BRAGG,BBOB,8.40477472357824
PHOTONIC_20LAYERS_BRAGG,BBOB,7.155622477223675
PHOTONIC_20LAYERS_BRAGG,BBOB,10.029660800370465
PHOTONIC_20LAYERS_BRAGG,BBOB,10.749293981457086
PHOTONIC_20LAYERS_BRAGG,BBOB,7.258776668655482
PHOTONIC_20LAYERS_BRAGG,BBOB,6.6958040217596615
PHOTONIC_20LAYERS_BRAGG,BBOB,8.762063283102625
PHOTONIC_20LAYERS_BRAGG,BBOB,7.411093481106642
PHOTONIC_20LAYERS_BRAGG,BBOB,7.963347894928957
PHOTONIC_20LAYERS_BRAGG,BBOB,8.289452061449117
PHOTONIC_20LAYERS_BRAGG,BBOB,7.921968993878359
PHOTONIC_20LAYERS_BRAGG,BBOB,10.523784572806195
PHOTONIC_20LAYERS_BRAGG,BBOB,4.430458595675688
PHOTONIC_20LAYERS_BRAGG,BBOB,7.781641097864989
PHOTONIC_20LAYERS_BRAGG,BBOB,5.825833576129912
PHOTONIC_20LAYERS_BRAGG,BBOB,7.849251111582788
PHOTONIC_20LAYERS_BRAGG,BBOB,12.878233306915917
PHOTONIC_20LAYERS_BRAGG,BBOB,9.822906193859687
PHOTONIC_20LAYERS_BRAGG,BBOB,8.74372752917473
PHOTONIC_20LAYERS_BRAGG,BBOB,7.781130735832352
PHOTONIC_20LAYERS_BRAGG,BBOB,8.336836767283513
PHOTONIC_20LAYERS_BRAGG,BBOB,7.043419117510744
PHOTONIC_20LAYERS_BRAGG,BBOB,4.241324107246457
PHOTONIC_20LAYERS_BRAGG,BBOB,8.706455636228021
PHOTONIC_20LAYERS_BRAGG,BBOB,8.709413246511728
PHOTONIC_20LAYERS_BRAGG,BBOB,4.7622661546723855
PHOTONIC_20LAYERS_BRAGG,BBOB,8.372561793940267
PHOTONIC_20LAYERS_BRAGG,BBOB,4.539002318382236
PHOTONIC_20LAYERS_BRAGG,BBOB,8.12204474072621
PHOTONIC_20LAYERS_BRAGG,BBOB,7.75079019766761
PHOTONIC_20LAYERS_BRAGG,BBOB,9.239822372652512
PHOTONIC_20LAYERS_BRAGG,BBOB,11.428008102908569
PHOTONIC_20LAYERS_BRAGG,BBOB,10.372987836291694
PHOTONIC_20LAYERS_BRAGG,BBOB,12.963789074128586
PHOTONIC_20LAYERS_BRAGG,BBOB,8.632564260808914
PHOTONIC_20LAYERS_BRAGG,BBOB,4.564849036437259
PHOTONIC_20LAYERS_BRAGG,BBOB,6.931083853663535
PHOTONIC_20LAYERS_BRAGG,BBOB,9.734191816854537
PHOTONIC_20LAYERS_BRAGG,BBOB,8.088982857255461
PHOTONIC_20LAYERS_BRAGG,BBOB,7.922912153011463
PHOTONIC_20LAYERS_BRAGG,BBOB,5.253321923564359
PHOTONIC_20LAYERS_BRAGG,BBOB,7.798881655164531
PHOTONIC_20LAYERS_BRAGG,BBOB,10.926632454765251
PHOTONIC_20LAYERS_BRAGG,BBOB,7.955085773379256
PHOTONIC_20LAYERS_BRAGG,BBOB,7.866244911862649
PHOTONIC_20LAYERS_BRAGG,BBOB,9.759890404221307
PHOTONIC_20LAYERS_BRAGG,BBOB,11.07971156524205
PHOTONIC_20LAYERS_BRAGG,BBOB,8.84982476312696
PHOTONIC_20LAYERS_BRAGG,BBOB,7.643514456711697
PHOTONIC_20LAYERS_BRAGG,BBOB,8.32085639411842
PHOTONIC_20LAYERS_BRAGG,BBOB,9.19559513942742
PHOTONIC_20LAYERS_BRAGG,BBOB,7.998789512105592
PHOTONIC_20LAYERS_BRAGG,BBOB,13.304902039923698
PHOTONIC_20LAYERS_BRAGG,BBOB,8.02794270814255
PHOTONIC_20LAYERS_BRAGG,BBOB,8.019704558863431
PHOTONIC_20LAYERS_BRAGG,BBOB,8.526538781208584
PHOTONIC_20LAYERS_BRAGG,BBOB,7.110860796001351
PHOTONIC_20LAYERS_BRAGG,BBOB,8.039548381561819
PHOTONIC_20LAYERS_BRAGG,BBOB,6.095590053018406
PHOTONIC_20LAYERS_BRAGG,BBOB,7.563869580761893
PHOTONIC_20LAYERS_BRAGG,BBOB,5.664739363280967
PHOTONIC_20LAYERS_BRAGG,BBOB,4.377316465413303
PHOTONIC_20LAYERS_BRAGG,BBOB,11.74110781012701
PHOTONIC_20LAYERS_BRAGG,BBOB,7.128175032441975
PHOTONIC_20LAYERS_BRAGG,BBOB,8.776573582996217
PHOTONIC_20LAYERS_BRAGG,BBOB,7.387403377240438
PHOTONIC_20LAYERS_BRAGG,BBOB,7.4772755136535425
PHOTONIC_20LAYERS_BRAGG,BBOB,8.107800524313527
PHOTONIC_20LAYERS_BRAGG,BBOB,6.888401069161563
PHOTONIC_20LAYERS_BRAGG,BBOB,7.360361994589644
PHOTONIC_20LAYERS_BRAGG,BBOB,6.145613477712143
PHOTONIC_20LAYERS_BRAGG,BBOB,8.039521844647375
PHOTONIC_20LAYERS_BRAGG,BBOB,6.7219273066900005
PHOTONIC_20LAYERS_BRAGG,BBOB,10.106148897386346
PHOTONIC_20LAYERS_BRAGG,BBOB,6.77102084578846
PHOTONIC_20LAYERS_BRAGG,BBOB,8.049259171275704
PHOTONIC_20LAYERS_BRAGG,BBOB,8.339350618304833
PHOTONIC_20LAYERS_BRAGG,BBOB,8.293478558282906
PHOTONIC_20LAYERS_BRAGG,BBOB,10.418360397862589
PHOTONIC_20LAYERS_BRAGG,BBOB,5.961864735058653
PHOTONIC_20LAYERS_BRAGG,BBOB,7.96391867438956
PHOTONIC_20LAYERS_BRAGG,BBOB,6.030334346433883
PHOTONIC_20LAYERS_BRAGG,BBOB,7.852439370508337
PHOTONIC_20LAYERS_BRAGG,BBOB,11.056161967018642
PHOTONIC_20LAYERS_BRAGG,BBOB,6.026698267707688
PHOTONIC_20LAYERS_BRAGG,BBOB,7.537853093798401
PHOTONIC_20LAYERS_BRAGG,BBOB,6.0698623077475204
PHOTONIC_20LAYERS_BRAGG,BBOB,5.7192291863577776
PHOTONIC_20LAYERS_BRAGG,BBOB,7.84553424928855
PHOTONIC_20LAYERS_BRAGG,BBOB,4.437938543927304
PHOTONIC_20LAYERS_BRAGG,BBOB,8.58229453974892
PHOTONIC_20LAYERS_BRAGG,BBOB,4.422608617784328
PHOTONIC_20LAYERS_BRAGG,BBOB,10.564166642065448
PHOTONIC_20LAYERS_BRAGG,BBOB,7.172925857362095
PHOTONIC_20LAYERS_BRAGG,BBOB,6.085168405318754
PHOTONIC_20LAYERS_BRAGG,BBOB,7.196218663861363
PHOTONIC_20LAYERS_BRAGG,BBOB,7.398765405584699
PHOTONIC_20LAYERS_BRAGG,BBOB,9.609580241899032
PHOTONIC_20LAYERS_BRAGG,BBOB,8.188964347310225
PHOTONIC_20LAYERS_BRAGG,BBOB,12.96291166508865
PHOTONIC_20LAYERS_BRAGG,BBOB,6.7199274673232186
PHOTONIC_20LAYERS_BRAGG,BBOB,5.880102493213663
PHOTONIC_20LAYERS_BRAGG,BBOB,8.026429999499292
PHOTONIC_20LAYERS_BRAGG,BBOB,10.414721983532594
PHOTONIC_20LAYERS_BRAGG,BBOB,5.367826546098638
PHOTONIC_20LAYERS_BRAGG,BBOB,7.618352420560816
PHOTONIC_20LAYERS_BRAGG,BBOB,11.222833966268686
PHOTONIC_20LAYERS_BRAGG,BBOB,7.923764235457533
PHOTONIC_20LAYERS_BRAGG,BBOB,5.257969287263785
PHOTONIC_20LAYERS_BRAGG,BBOB,9.794306404530056
PHOTONIC_20LAYERS_BRAGG,BBOB,6.07045033078936
PHOTONIC_20LAYERS_BRAGG,BBOB,10.107369388253964
PHOTONIC_20LAYERS_BRAGG,BBOB,9.648730924842418
PHOTONIC_20LAYERS_BRAGG,BBOB,11.887147250715334
PHOTONIC_20LAYERS_BRAGG,BBOB,8.17916939621204
PHOTONIC_20LAYERS_BRAGG,BBOB,8.321249338794164
PHOTONIC_20LAYERS_BRAGG,BBOB,9.338394099535707
PHOTONIC_20LAYERS_BRAGG,BBOB,6.071179693634766
PHOTONIC_20LAYERS_BRAGG,BBOB,8.574117560146561
PHOTONIC_20LAYERS_BRAGG,BBOB,7.839415231740012
PHOTONIC_20LAYERS_BRAGG,BBOB,7.830210493927005
PHOTONIC_20LAYERS_BRAGG,BBOB,7.949467252362884
PHOTONIC_20LAYERS_BRAGG,BBOB,9.67440112143132
PHOTONIC_20LAYERS_BRAGG,BBOB,12.60223891750672
PHOTONIC_20LAYERS_BRAGG,BBOB,8.159681269491967
PHOTONIC_20LAYERS_BRAGG,BBOB,10.87381133287602
PHOTONIC_20LAYERS_BRAGG,BBOB,8.694950896970095
PHOTONIC_20LAYERS_BRAGG,BBOB,7.540594732635216
PHOTONIC_20LAYERS_BRAGG,BBOB,9.072345099622156
PHOTONIC_20LAYERS_BRAGG,BBOB,4.57290897379209
PHOTONIC_20LAYERS_BRAGG,BBOB,7.3938198445751775
PHOTONIC_20LAYERS_BRAGG,BBOB,10.696811304510025
PHOTONIC_20LAYERS_BRAGG,BBOB,9.215832899752847
PHOTONIC_20LAYERS_BRAGG,BBOB,6.0345934241976735
PHOTONIC_20LAYERS_BRAGG,BBOB,7.511563262488245
PHOTONIC_20LAYERS_BRAGG,BBOB,7.851729782795238
PHOTONIC_20LAYERS_BRAGG,BBOB,8.523001412123447
PHOTONIC_20LAYERS_BRAGG,BBOB,8.329162938009901
PHOTONIC_20LAYERS_BRAGG,BBOB,11.907907191724803
PHOTONIC_20LAYERS_BRAGG,BBOB,12.913055423392004
PHOTONIC_20LAYERS_BRAGG,BBOB,5.875439621357794
PHOTONIC_20LAYERS_BRAGG,BBOB,8.931500769498962
PHOTONIC_20LAYERS_BRAGG,BBOB,6.83720082138067
PHOTONIC_20LAYERS_BRAGG,BBOB,6.154947829197867
PHOTONIC_20LAYERS_BRAGG,BBOB,6.968708671155339
PHOTONIC_20LAYERS_BRAGG,BBOB,5.708529198748076
PHOTONIC_20LAYERS_BRAGG,BBOB,9.025301632432715
PHOTONIC_20LAYERS_BRAGG,BBOB,11.71175020276393
PHOTONIC_20LAYERS_BRAGG,BBOB,6.6919212154659355
PHOTONIC_20LAYERS_BRAGG,BBOB,10.14983754158026
PHOTONIC_20LAYERS_BRAGG,BBOB,6.963401983225985
PHOTONIC_20LAYERS_BRAGG,BBOB,5.887116026520825
PHOTONIC_20LAYERS_BRAGG,BBOB,8.191575183202588
PHOTONIC_20LAYERS_BRAGG,BBOB,7.71268454982747
PHOTONIC_20LAYERS_BRAGG,BBOB,9.315528787850697
PHOTONIC_20LAYERS_BRAGG,BBOB,8.573779817097343
PHOTONIC_20LAYERS_BRAGG,BBOB,7.493012295331606
PHOTONIC_20LAYERS_BRAGG,BBOB,5.900588642973981
PHOTONIC_20LAYERS_BRAGG,BBOB,7.973509877620838
PHOTONIC_20LAYERS_BRAGG,BBOB,7.986229503696572
PHOTONIC_20LAYERS_BRAGG,BBOB,8.105241433940316
PHOTONIC_20LAYERS_BRAGG,BBOB,8.425288025175114
PHOTONIC_20LAYERS_BRAGG,BBOB,5.725701238723214
PHOTONIC_20LAYERS_BRAGG,BBOB,7.8455654899595295
PHOTONIC_20LAYERS_BRAGG,BBOB,8.81770316340253
PHOTONIC_20LAYERS_BRAGG,BBOB,7.647422962926912
PHOTONIC_20LAYERS_BRAGG,BBOB,8.240842878684996
PHOTONIC_20LAYERS_BRAGG,BBOB,8.468098510200516
PHOTONIC_20LAYERS_BRAGG,BBOB,8.820939271021373
PHOTONIC_20LAYERS_BRAGG,BBOB,6.1118170899721465
PHOTONIC_20LAYERS_BRAGG,BBOB,8.856352689512326
PHOTONIC_20LAYERS_BRAGG,BBOB,4.548792175469393
PHOTONIC_20LAYERS_BRAGG,BBOB,12.9633412108125
PHOTONIC_20LAYERS_BRAGG,BBOB,4.56504283961685
PHOTONIC_20LAYERS_BRAGG,BBOB,7.153110300734786
PHOTONIC_20LAYERS_BRAGG,BBOB,5.563824194917989
PHOTONIC_20LAYERS_BRAGG,BBOB,8.084630077000748
PHOTONIC_20LAYERS_BRAGG,BBOB,9.689657844622745
PHOTONIC_20LAYERS_BRAGG,BBOB,8.865158187036458
PHOTONIC_20LAYERS_BRAGG,BBOB,7.091586877590679
PHOTONIC_20LAYERS_BRAGG,BBOB,7.9372033331622305
PHOTONIC_20LAYERS_BRAGG,BBOB,10.841219750415442
PHOTONIC_20LAYERS_BRAGG,BBOB,4.36496825806725
PHOTONIC_20LAYERS_BRAGG,BBOB,10.530123300612683
PHOTONIC_20LAYERS_BRAGG,BBOB,7.941682651150884
PHOTONIC_20LAYERS_BRAGG,BBOB,4.8272156889701
PHOTONIC_20LAYERS_BRAGG,BBOB,5.9934640347494135
PHOTONIC_20LAYERS_BRAGG,BBOB,9.620069215580111
PHOTONIC_20LAYERS_BRAGG,BBOB,4.506167593835641
PHOTONIC_20LAYERS_BRAGG,BBOB,12.844963972021272
PHOTONIC_20LAYERS_BRAGG,BBOB,9.695622933216411
PHOTONIC_20LAYERS_BRAGG,BBOB,10.105942360134783
PHOTONIC_20LAYERS_BRAGG,BBOB,7.176745704708258
PHOTONIC_20LAYERS_BRAGG,BBOB,10.482703866193985
PHOTONIC_20LAYERS_BRAGG,BBOB,10.986895667641475
PHOTONIC_20LAYERS_BRAGG,BBOB,7.594205102369807
PHOTONIC_20LAYERS_BRAGG,BBOB,10.254333591330012
PHOTONIC_20LAYERS_BRAGG,BBOB,4.853219259110588
PHOTONIC_20LAYERS_BRAGG,BBOB,8.917248280662955
PHOTONIC_20LAYERS_BRAGG,BBOB,10.32507454863998
PHOTONIC_20LAYERS_BRAGG,BBOB,4.370847528847755
PHOTONIC_20LAYERS_BRAGG,BBOB,6.071170280751553
PHOTONIC_20LAYERS_BRAGG,BBOB,8.425575292690569
PHOTONIC_20LAYERS_BRAGG,BBOB,6.767316302116288
PHOTONIC_20LAYERS_BRAGG,BBOB,6.747846502613594
PHOTONIC_20LAYERS_BRAGG,BBOB,10.008381681833042
PHOTONIC_20LAYERS_BRAGG,BBOB,6.854249043233776
PHOTONIC_20LAYERS_BRAGG,BBOB,12.744212816206595
PHOTONIC_20LAYERS_BRAGG,BBOB,8.138829284816735
PHOTONIC_20LAYERS_BRAGG,BBOB,4.432332941721652
PHOTONIC_20LAYERS_BRAGG,BBOB,8.25229065344851
PHOTONIC_20LAYERS_BRAGG,BBOB,5.307915534532314
PHOTONIC_20LAYERS_BRAGG,BBOB,7.448749528350097
PHOTONIC_20LAYERS_BRAGG,BBOB,6.0898373121126195
PHOTONIC_20LAYERS_BRAGG,BBOB,9.45854299689374
PHOTONIC_20LAYERS_BRAGG,BBOB,8.93573910889061
PHOTONIC_20LAYERS_BRAGG,BBOB,5.95912855430658
PHOTONIC_20LAYERS_BRAGG,BBOB,8.661764066920357
PHOTONIC_20LAYERS_BRAGG,BBOB,10.10073917746069
PHOTONIC_20LAYERS_BRAGG,BBOB,9.440354673202865
PHOTONIC_20LAYERS_BRAGG,BBOB,5.697213638491253
PHOTONIC_20LAYERS_BRAGG,BBOB,6.9097034112954345
PHOTONIC_20LAYERS_BRAGG,BBOB,12.590709767244004
PHOTONIC_20LAYERS_BRAGG,BBOB,5.83772391580702
PHOTONIC_20LAYERS_BRAGG,BBOB,5.864042632745649
PHOTONIC_20LAYERS_BRAGG,BBOB,10.973657395743407
PHOTONIC_20LAYERS_BRAGG,BBOB,7.967368452776769
PHOTONIC_20LAYERS_BRAGG,BBOB,7.624077160498775
PHOTONIC_20LAYERS_BRAGG,BBOB,7.8285681060822405
PHOTONIC_20LAYERS_BRAGG,BBOB,9.03613527286269
PHOTONIC_20LAYERS_BRAGG,BBOB,7.387082465010143
PHOTONIC_20LAYERS_BRAGG,BBOB,6.931532845649139
PHOTONIC_20LAYERS_BRAGG,BBOB,7.731541402269638
PHOTONIC_20LAYERS_BRAGG,BBOB,12.599974327796167
PHOTONIC_20LAYERS_BRAGG,BBOB,5.8917744387133455
PHOTONIC_20LAYERS_BRAGG,BBOB,6.0322670970211965
PHOTONIC_20LAYERS_BRAGG,BBOB,10.214587601624794
PHOTONIC_20LAYERS_BRAGG,BBOB,8.295222498464586
PHOTONIC_20LAYERS_BRAGG,BBOB,8.088037533915164
PHOTONIC_20LAYERS_BRAGG,BBOB,6.181966282957547
PHOTONIC_20LAYERS_BRAGG,BBOB,7.306981222219192
PHOTONIC_20LAYERS_BRAGG,BBOB,7.991797660844003
PHOTONIC_20LAYERS_BRAGG,BBOB,4.4382192564138645
PHOTONIC_20LAYERS_BRAGG,BBOB,5.864308882268323
PHOTONIC_20LAYERS_BRAGG,BBOB,6.9098547227959735
PHOTONIC_20LAYERS_BRAGG,BBOB,5.571339453091511
PHOTONIC_20LAYERS_BRAGG,BBOB,11.880642835858364
PHOTONIC_20LAYERS_BRAGG,BBOB,11.044183308712439
PHOTONIC_20LAYERS_BRAGG,BBOB,11.006633536090927
PHOTONIC_20LAYERS_BRAGG,BBOB,8.363882993224497
PHOTONIC_20LAYERS_BRAGG,BBOB,9.068361843025988
PHOTONIC_20LAYERS_BRAGG,BBOB,10.107105722717534
PHOTONIC_20LAYERS_BRAGG,BBOB,9.818384591181859
PHOTONIC_20LAYERS_BRAGG,BBOB,7.9413230552757605
PHOTONIC_20LAYERS_BRAGG,BBOB,10.124396694845988
PHOTONIC_20LAYERS_BRAGG,BBOB,7.1628662224851825
PHOTONIC_20LAYERS_BRAGG,BBOB,9.925826031855047
PHOTONIC_20LAYERS_BRAGG,BBOB,7.568396368889457
PHOTONIC_20LAYERS_BRAGG,BBOB,5.262850033208146
PHOTONIC_20LAYERS_BRAGG,BBOB,8.683107026314945
PHOTONIC_20LAYERS_BRAGG,BBOB,8.06700240575583
PHOTONIC_20LAYERS_BRAGG,BBOB,10.538522469784022
PHOTONIC_20LAYERS_BRAGG,BBOB,8.65580679052064
PHOTONIC_20LAYERS_BRAGG,BBOB,12.724006752807458
PHOTONIC_20LAYERS_BRAGG,BBOB,11.36997630774991
PHOTONIC_20LAYERS_BRAGG,BBOB,12.955569776911915
PHOTONIC_20LAYERS_BRAGG,BBOB,10.930158397173793
PHOTONIC_20LAYERS_BRAGG,BBOB,7.6253574389041425
PHOTONIC_20LAYERS_BRAGG,BBOB,5.824279093551275
PHOTONIC_20LAYERS_BRAGG,BBOB,8.471546933375597
PHOTONIC_20LAYERS_BRAGG,BBOB,12.611139254467647
PHOTONIC_20LAYERS_BRAGG,BBOB,8.104845687305584
PHOTONIC_20LAYERS_BRAGG,BBOB,6.160705088109406
PHOTONIC_20LAYERS_BRAGG,BBOB,6.034558817375347
PHOTONIC_20LAYERS_BRAGG,BBOB,8.70818963234078
PHOTONIC_20LAYERS_BRAGG,BBOB,8.576151192356287
PHOTONIC_20LAYERS_BRAGG,BBOB,7.829357543922396
PHOTONIC_20LAYERS_BRAGG,BBOB,7.493167414341311
PHOTONIC_20LAYERS_BRAGG,BBOB,7.664461526765019
PHOTONIC_20LAYERS_BRAGG,BBOB,7.191825434995865
PHOTONIC_20LAYERS_BRAGG,BBOB,5.837846175660351
PHOTONIC_20LAYERS_BRAGG,BBOB,9.357997439203956
PHOTONIC_20LAYERS_BRAGG,BBOB,8.599527217827392
PHOTONIC_20LAYERS_BRAGG,BBOB,9.700360296487684
PHOTONIC_20LAYERS_BRAGG,BBOB,11.364201243090031
PHOTONIC_20LAYERS_BRAGG,BBOB,6.967871399174482
PHOTONIC_20LAYERS_BRAGG,BBOB,6.102730460539952
PHOTONIC_20LAYERS_BRAGG,BBOB,7.7485275887422596
PHOTONIC_20LAYERS_BRAGG,BBOB,7.853715404445015
PHOTONIC_20LAYERS_BRAGG,BBOB,10.230790571911502
PHOTONIC_20LAYERS_BRAGG,BBOB,6.596176038893418
PHOTONIC_20LAYERS_BRAGG,BBOB,8.315540394384104
PHOTONIC_20LAYERS_BRAGG,BBOB,6.797671167942604
PHOTONIC_20LAYERS_BRAGG,BBOB,9.227515312118678
PHOTONIC_20LAYERS_BRAGG,BBOB,5.257762143849495
PHOTONIC_20LAYERS_BRAGG,BBOB,7.6686266657992395
PHOTONIC_20LAYERS_BRAGG,BBOB,8.043994050978586
PHOTONIC_20LAYERS_BRAGG,BBOB,10.413644642799587
PHOTONIC_20LAYERS_BRAGG,BBOB,6.767750773104812
PHOTONIC_20LAYERS_BRAGG,BBOB,9.247879997958199
PHOTONIC_20LAYERS_BRAGG,BBOB,7.731541402269638
PHOTONIC_20LAYERS_BRAGG,BBOB,9.035250735828981
PHOTONIC_20LAYERS_BRAGG,BBOB,4.572849973896768
PHOTONIC_20LAYERS_BRAGG,BBOB,8.570545609311592
PHOTONIC_20LAYERS_BRAGG,BBOB,9.051013439099302
PHOTONIC_20LAYERS_BRAGG,BBOB,8.557193485355508
PHOTONIC_20LAYERS_BRAGG,BBOB,6.888393622004424
PHOTONIC_20LAYERS_BRAGG,BBOB,10.505653216897844
PHOTONIC_20LAYERS_BRAGG,BBOB,7.258833367995328
PHOTONIC_20LAYERS_BRAGG,BBOB,6.855415064473853
PHOTONIC_20LAYERS_BRAGG,BBOB,7.279295378016898
PHOTONIC_20LAYERS_BRAGG,BBOB,8.695414915936883
PHOTONIC_20LAYERS_BRAGG,BBOB,5.9134991341476235
PHOTONIC_20LAYERS_BRAGG,BBOB,7.511479050870564
PHOTONIC_20LAYERS_BRAGG,BBOB,10.225304952682118
PHOTONIC_20LAYERS_BRAGG,BBOB,7.5832089479401485
PHOTONIC_20LAYERS_BRAGG,BBOB,9.009980846394138
PHOTONIC_20LAYERS_BRAGG,BBOB,10.52856760188536
PHOTONIC_20LAYERS_BRAGG,BBOB,7.12913513823619
PHOTONIC_20LAYERS_BRAGG,BBOB,8.442407290167667
PHOTONIC_20LAYERS_BRAGG,BBOB,6.445628503337827
PHOTONIC_20LAYERS_BRAGG,BBOB,6.9309721011254695
PHOTONIC_20LAYERS_BRAGG,BBOB,10.120168967513445
PHOTONIC_20LAYERS_BRAGG,BBOB,10.970515536015066
PHOTONIC_20LAYERS_BRAGG,BBOB,8.354476119410972
PHOTONIC_20LAYERS_BRAGG,BBOB,7.51668031073879
PHOTONIC_20LAYERS_BRAGG,BBOB,8.376131651273356
PHOTONIC_20LAYERS_BRAGG,BBOB,6.048660736002784
PHOTONIC_20LAYERS_BRAGG,BBOB,7.538809222449101
PHOTONIC_20LAYERS_BRAGG,BBOB,10.671508445581821
PHOTONIC_20LAYERS_BRAGG,BBOB,7.4543542395503435
PHOTONIC_20LAYERS_BRAGG,BBOB,8.77620708640741
PHOTONIC_20LAYERS_BRAGG,BBOB,9.606113926895063
PHOTONIC_20LAYERS_BRAGG,BBOB,11.037432825754083
PHOTONIC_20LAYERS_BRAGG,BBOB,9.365375461271993
PHOTONIC_20LAYERS_BRAGG,BBOB,4.541547831688806
PHOTONIC_20LAYERS_BRAGG,BBOB,6.893366850317216
PHOTONIC_20LAYERS_BRAGG,BBOB,7.315099954270439
PHOTONIC_20LAYERS_BRAGG,BBOB,9.67950212734227
PHOTONIC_20LAYERS_BRAGG,BBOB,9.69703790206049
PHOTONIC_20LAYERS_BRAGG,BBOB,7.944545315986653
PHOTONIC_20LAYERS_BRAGG,BBOB,7.224609166783707
PHOTONIC_20LAYERS_BRAGG,BBOB,9.02122837699768
PHOTONIC_20LAYERS_BRAGG,BBOB,5.308174445524618
PHOTONIC_20LAYERS_BRAGG,BBOB,9.724545742420247
PHOTONIC_20LAYERS_BRAGG,BBOB,9.71760384354449
PHOTONIC_20LAYERS_BRAGG,BBOB,12.91670555843283
PHOTONIC_20LAYERS_BRAGG,BBOB,9.005218922290343
PHOTONIC_20LAYERS_BRAGG,BBOB,10.046527296372327
PHOTONIC_20LAYERS_BRAGG,BBOB,5.961493600697945
PHOTONIC_20LAYERS_BRAGG,BBOB,7.666085027571746
PHOTONIC_20LAYERS_BRAGG,BBOB,10.351567358447902
PHOTONIC_20LAYERS_BRAGG,BBOB,9.311811515183244
PHOTONIC_20LAYERS_BRAGG,BBOB,4.631451920797202
PHOTONIC_20LAYERS_BRAGG,BBOB,9.95746563623276
PHOTONIC_20LAYERS_BRAGG,BBOB,7.091283544698157
PHOTONIC_20LAYERS_BRAGG,BBOB,4.389423702663677
PHOTONIC_20LAYERS_BRAGG,BBOB,8.275290807980035
PHOTONIC_20LAYERS_BRAGG,BBOB,6.9863903033658685
PHOTONIC_20LAYERS_BRAGG,BBOB,9.595376171345567
PHOTONIC_20LAYERS_BRAGG,BBOB,5.859743411641212
PHOTONIC_20LAYERS_BRAGG,BBOB,6.69240175792763
PHOTONIC_20LAYERS_BRAGG,BBOB,8.5583889429828
PHOTONIC_20LAYERS_BRAGG,BBOB,7.538050454270457
PHOTONIC_20LAYERS_BRAGG,BBOB,7.953564063228548
PHOTONIC_20LAYERS_BRAGG,BBOB,5.103958210531539
PHOTONIC_20LAYERS_BRAGG,BBOB,4.3996042490838745
PHOTONIC_20LAYERS_BRAGG,BBOB,8.034958450427474
PHOTONIC_20LAYERS_BRAGG,BBOB,9.193351936173665
PHOTONIC_20LAYERS_BRAGG,BBOB,5.891817311936827
PHOTONIC_20LAYERS_BRAGG,BBOB,7.1759088451217465
PHOTONIC_20LAYERS_BRAGG,BBOB,9.04723664223353
PHOTONIC_20LAYERS_BRAGG,BBOB,8.938186241066807
PHOTONIC_20LAYERS_BRAGG,BBOB,5.993287114679347
PHOTONIC_20LAYERS_BRAGG,BBOB,9.043187587671309
PHOTONIC_20LAYERS_BRAGG,BBOB,4.766959407897211
PHOTONIC_20LAYERS_BRAGG,BBOB,5.848549930666177
PHOTONIC_20LAYERS_BRAGG,BBOB,4.277175793197552
PHOTONIC_20LAYERS_BRAGG,BBOB,4.574208453393446
PHOTONIC_20LAYERS_BRAGG,BBOB,8.416536249493642
PHOTONIC_20LAYERS_BRAGG,BBOB,8.255302783664193
PHOTONIC_20LAYERS_BRAGG,BBOB,7.828997899992407
PHOTONIC_20LAYERS_BRAGG,BBOB,5.037235124123015
PHOTONIC_20LAYERS_BRAGG,BBOB,7.832388330137568
PHOTONIC_20LAYERS_BRAGG,BBOB,7.416033327946846
PHOTONIC_20LAYERS_BRAGG,BBOB,4.549443075889862
PHOTONIC_20LAYERS_BRAGG,BBOB,10.990966703335495
PHOTONIC_20LAYERS_BRAGG,BBOB,9.312187168597816
PHOTONIC_20LAYERS_BRAGG,BBOB,7.620636750637264
PHOTONIC_20LAYERS_BRAGG,BBOB,5.152329293863825
PHOTONIC_20LAYERS_BRAGG,BBOB,7.393896508763094
PHOTONIC_20LAYERS_BRAGG,BBOB,8.225069756269184
PHOTONIC_20LAYERS_BRAGG,BBOB,4.418156957636157
PHOTONIC_20LAYERS_BRAGG,BBOB,9.850514527092379
PHOTONIC_20LAYERS_BRAGG,BBOB,6.611125438307806
PHOTONIC_20LAYERS_BRAGG,BBOB,8.04899732663961
PHOTONIC_20LAYERS_BRAGG,BBOB,6.844622507513842
PHOTONIC_20LAYERS_BRAGG,BBOB,8.822980753250143
PHOTONIC_20LAYERS_BRAGG,BBOB,10.04284626339818
PHOTONIC_20LAYERS_BRAGG,BBOB,20.632029194692887
PHOTONIC_20LAYERS_BRAGG,BBOB,10.536388921670852
PHOTONIC_20LAYERS_BRAGG,BBOB,4.282253043007113
PHOTONIC_20LAYERS_BRAGG,BBOB,8.359589335608055
PHOTONIC_20LAYERS_BRAGG,BBOB,7.956665928121653
PHOTONIC_20LAYERS_BRAGG,BBOB,8.740817574619086
PHOTONIC_20LAYERS_BRAGG,BBOB,13.294433613779962
PHOTONIC_20LAYERS_BRAGG,BBOB,8.030655623671501
PHOTONIC_20LAYERS_BRAGG,BBOB,7.0934073616097075
PHOTONIC_20LAYERS_BRAGG,BBOB,5.72461425837141
PHOTONIC_20LAYERS_BRAGG,BBOB,13.320554156498588
PHOTONIC_20LAYERS_BRAGG,BBOB,7.846380181144254
PHOTONIC_20LAYERS_BRAGG,BBOB,7.984507487503035
PHOTONIC_20LAYERS_BRAGG,BBOB,6.090113548683221
PHOTONIC_20LAYERS_BRAGG,BBOB,4.376430249509207
PHOTONIC_20LAYERS_BRAGG,BBOB,7.482513564362237
PHOTONIC_20LAYERS_BRAGG,BBOB,5.263304091203955
PHOTONIC_20LAYERS_BRAGG,BBOB,7.711778666177792
PHOTONIC_20LAYERS_BRAGG,BBOB,8.06099921496691
PHOTONIC_20LAYERS_BRAGG,BBOB,7.482023020076516
PHOTONIC_20LAYERS_BRAGG,BBOB,5.571464149349554
PHOTONIC_20LAYERS_BRAGG,BBOB,8.980060666676593
PHOTONIC_20LAYERS_BRAGG,BBOB,4.443649725916532
PHOTONIC_20LAYERS_BRAGG,BBOB,8.337545688493115
PHOTONIC_20LAYERS_BRAGG,BBOB,7.529294413318689
PHOTONIC_20LAYERS_BRAGG,BBOB,10.86252014333352
PHOTONIC_20LAYERS_BRAGG,BBOB,10.923969219442165
PHOTONIC_20LAYERS_BRAGG,BBOB,11.037292068521934
PHOTONIC_20LAYERS_BRAGG,BBOB,7.529291032874572
PHOTONIC_20LAYERS_BRAGG,BBOB,9.772178578702121
PHOTONIC_20LAYERS_BRAGG,BBOB,9.846532939284174
PHOTONIC_20LAYERS_BRAGG,BBOB,5.103213652592201
PHOTONIC_20LAYERS_BRAGG,BBOB,4.772329170719761
PHOTONIC_20LAYERS_BRAGG,BBOB,6.888626643908208
PHOTONIC_20LAYERS_BRAGG,BBOB,7.970333387579378
PHOTONIC_20LAYERS_BRAGG,BBOB,5.8797985347273
PHOTONIC_20LAYERS_BRAGG,BBOB,5.386516089286596
PHOTONIC_20LAYERS_BRAGG,BBOB,10.053412019524107
PHOTONIC_20LAYERS_BRAGG,BBOB,6.023763793664137
PHOTONIC_20LAYERS_BRAGG,BBOB,7.561664138631909
PHOTONIC_20LAYERS_BRAGG,BBOB,9.3137145070903
PHOTONIC_20LAYERS_BRAGG,BBOB,12.218317667222463
PHOTONIC_20LAYERS_BRAGG,BBOB,8.355425032722225
PHOTONIC_20LAYERS_BRAGG,BBOB,7.3606321154226695
PHOTONIC_20LAYERS_BRAGG,BBOB,10.861153300160927
PHOTONIC_20LAYERS_BRAGG,BBOB,8.42461933265949
PHOTONIC_20LAYERS_BRAGG,BBOB,7.166675356724624
PHOTONIC_20LAYERS_BRAGG,BBOB,20.657550615154058
PHOTONIC_20LAYERS_BRAGG,BBOB,7.1289757054119285
PHOTONIC_20LAYERS_BRAGG,BBOB,5.861075356280943
PHOTONIC_20LAYERS_BRAGG,BBOB,11.054864545046957
PHOTONIC_20LAYERS_BRAGG,BBOB,6.0961514073327505
PHOTONIC_20LAYERS_BRAGG,BBOB,4.399687534384378
PHOTONIC_20LAYERS_BRAGG,BBOB,7.978552816667535
PHOTONIC_20LAYERS_BRAGG,BBOB,6.635794669247336
PHOTONIC_20LAYERS_BRAGG,BBOB,7.100290376921502
PHOTONIC_20LAYERS_BRAGG,BBOB,8.664566868429528
PHOTONIC_20LAYERS_BRAGG,BBOB,4.416263410063464
PHOTONIC_20LAYERS_BRAGG,BBOB,9.960094953139865
PHOTONIC_20LAYERS_BRAGG,BBOB,6.7064340963758475
PHOTONIC_20LAYERS_BRAGG,BBOB,6.110341185874018
PHOTONIC_20LAYERS_BRAGG,BBOB,9.287735023421426
PHOTONIC_20LAYERS_BRAGG,BBOB,7.370188455542441
PHOTONIC_20LAYERS_BRAGG,BBOB,7.315130641463336
PHOTONIC_20LAYERS_BRAGG,BBOB,9.323115888162452
PHOTONIC_20LAYERS_BRAGG,BBOB,7.059855178724101
PHOTONIC_20LAYERS_BRAGG,BBOB,7.956129739443059
PHOTONIC_20LAYERS_BRAGG,BBOB,6.0824599531908
PHOTONIC_20LAYERS_BRAGG,BBOB,7.188895375047528
PHOTONIC_20LAYERS_BRAGG,BBOB,9.058663488251105
PHOTONIC_20LAYERS_BRAGG,BBOB,7.513524886746403
PHOTONIC_20LAYERS_BRAGG,BBOB,6.065503585117868
PHOTONIC_20LAYERS_BRAGG,BBOB,8.55354145660391
PHOTONIC_20LAYERS_BRAGG,BBOB,8.595451546032868
PHOTONIC_20LAYERS_BRAGG,BBOB,8.91959839127058
PHOTONIC_20LAYERS_BRAGG,BBOB,8.566174376240742
PHOTONIC_20LAYERS_BRAGG,BBOB,5.848197174678969
PHOTONIC_20LAYERS_BRAGG,BBOB,4.604657773206321
PHOTONIC_20LAYERS_BRAGG,BBOB,4.574787546317308
PHOTONIC_20LAYERS_BRAGG,BBOB,9.368239957032111
PHOTONIC_20LAYERS_BRAGG,BBOB,8.400690935566702
PHOTONIC_20LAYERS_BRAGG,BBOB,8.589399616013884
PHOTONIC_20LAYERS_BRAGG,BBOB,5.409727672951359
PHOTONIC_20LAYERS_BRAGG,BBOB,8.294258268634518
PHOTONIC_20LAYERS_BRAGG,BBOB,8.674652840859514
PHOTONIC_20LAYERS_BRAGG,BBOB,8.173109635241456
PHOTONIC_20LAYERS_BRAGG,BBOB,7.1283080151852625
PHOTONIC_20LAYERS_BRAGG,BBOB,7.059269333647678
PHOTONIC_20LAYERS_BRAGG,BBOB,9.358403496079832
PHOTONIC_20LAYERS_BRAGG,BBOB,9.827199335349125
PHOTONIC_20LAYERS_BRAGG,BBOB,20.28729054811093
PHOTONIC_20LAYERS_BRAGG,BBOB,9.224086561749983
PHOTONIC_20LAYERS_BRAGG,BBOB,12.052934941429678
PHOTONIC_20LAYERS_BRAGG,BBOB,8.189796455325588
PHOTONIC_20LAYERS_BRAGG,BBOB,9.976182091665427
PHOTONIC_20LAYERS_BRAGG,BBOB,7.748130596177687
PHOTONIC_20LAYERS_BRAGG,BBOB,8.549179405522766
PHOTONIC_20LAYERS_BRAGG,BBOB,9.700623848230713
PHOTONIC_20LAYERS_BRAGG,BBOB,6.833535472703394
PHOTONIC_20LAYERS_BRAGG,BBOB,9.761274174422383
PHOTONIC_20LAYERS_BRAGG,BBOB,7.987108680111182
PHOTONIC_20LAYERS_BRAGG,BBOB,4.407326605858464
PHOTONIC_20LAYERS_BRAGG,BBOB,9.458660550321708
PHOTONIC_20LAYERS_BRAGG,BBOB,9.948901791675631
PHOTONIC_20LAYERS_BRAGG,BBOB,6.076838836102175
PHOTONIC_20LAYERS_BRAGG,BBOB,20.155996067128726
PHOTONIC_20LAYERS_BRAGG,BBOB,8.228880889395851
PHOTONIC_20LAYERS_BRAGG,BBOB,5.299456004121253
PHOTONIC_20LAYERS_BRAGG,BBOB,6.447658362701588
PHOTONIC_20LAYERS_BRAGG,BBOB,7.47220364502263
PHOTONIC_20LAYERS_BRAGG,BBOB,7.215464078163301
PHOTONIC_20LAYERS_BRAGG,BBOB,5.735822970161479
PHOTONIC_20LAYERS_BRAGG,BBOB,8.31990311107222
PHOTONIC_20LAYERS_BRAGG,BBOB,8.548619065867541
PHOTONIC_20LAYERS_BRAGG,BBOB,7.075316345541329
PHOTONIC_20LAYERS_BRAGG,BBOB,10.972203000747328
PHOTONIC_20LAYERS_BRAGG,BBOB,9.715935898005835
PHOTONIC_20LAYERS_BRAGG,BBOB,5.387500389096495
PHOTONIC_20LAYERS_BRAGG,BBOB,8.098291347187908
PHOTONIC_20LAYERS_BRAGG,BBOB,6.023883795827605
PHOTONIC_20LAYERS_BRAGG,BBOB,9.410729157856508
PHOTONIC_20LAYERS_BRAGG,BBOB,8.68155500222157
PHOTONIC_20LAYERS_BRAGG,BBOB,6.187387997787495
PHOTONIC_20LAYERS_BRAGG,BBOB,10.977024152716979
PHOTONIC_20LAYERS_BRAGG,BBOB,7.918216932474193
PHOTONIC_20LAYERS_BRAGG,BBOB,7.093184294699766
PHOTONIC_20LAYERS_BRAGG,BBOB,7.367747514717768
PHOTONIC_20LAYERS_BRAGG,BBOB,7.780600700277576
PHOTONIC_20LAYERS_BRAGG,BBOB,5.409860126800598
PHOTONIC_20LAYERS_BRAGG,BBOB,4.823979932320067
PHOTONIC_20LAYERS_BRAGG,BBOB,7.3946026184154166
PHOTONIC_20LAYERS_BRAGG,BBOB,13.32364547087821
PHOTONIC_20LAYERS_BRAGG,BBOB,6.888804103797732
PHOTONIC_20LAYERS_BRAGG,BBOB,9.68855910241508
PHOTONIC_20LAYERS_BRAGG,BBOB,6.836233639063979
PHOTONIC_20LAYERS_BRAGG,BBOB,7.824145456534291
PHOTONIC_20LAYERS_BRAGG,BBOB,7.091443614525037
PHOTONIC_20LAYERS_BRAGG,BBOB,11.875087006589581
PHOTONIC_20LAYERS_BRAGG,BBOB,5.838726654172106
PHOTONIC_20LAYERS_BRAGG,BBOB,5.9492945066523975
PHOTONIC_20LAYERS_BRAGG,BBOB,6.837166593614287
PHOTONIC_20LAYERS_BRAGG,BBOB,7.477489235313303
PHOTONIC_20LAYERS_BRAGG,BBOB,4.996560553728673
PHOTONIC_20LAYERS_BRAGG,BBOB,7.404823836210777
PHOTONIC_20LAYERS_BRAGG,BBOB,6.609582422514422
PHOTONIC_20LAYERS_BRAGG,BBOB,8.321123987600512
PHOTONIC_20LAYERS_BRAGG,BBOB,5.8381821400335605
PHOTONIC_20LAYERS_BRAGG,BBOB,9.829237577781479
PHOTONIC_20LAYERS_BRAGG,BBOB,9.061271909291506
PHOTONIC_20LAYERS_BRAGG,BBOB,7.9230642433186125
PHOTONIC_20LAYERS_BRAGG,BBOB,6.797127690876912
PHOTONIC_20LAYERS_BRAGG,BBOB,6.104083364394036
PHOTONIC_20LAYERS_BRAGG,BBOB,9.01945209318231
PHOTONIC_20LAYERS_BRAGG,BBOB,7.7129695250078685
PHOTONIC_20LAYERS_BRAGG,BBOB,7.059621055577034
PHOTONIC_20LAYERS_BRAGG,BBOB,9.26223776617373
PHOTONIC_20LAYERS_BRAGG,BBOB,6.0101143208506995
PHOTONIC_20LAYERS_BRAGG,BBOB,9.647796496924224
PHOTONIC_20LAYERS_BRAGG,BBOB,8.291443868162212
PHOTONIC_20LAYERS_BRAGG,BBOB,8.31026286156103
PHOTONIC_20LAYERS_BRAGG,BBOB,5.889312076301429
PHOTONIC_20LAYERS_BRAGG,BBOB,4.396787705803557
PHOTONIC_20LAYERS_BRAGG,BBOB,4.78097540909045
PHOTONIC_20LAYERS_BRAGG,BBOB,7.86286775653951
PHOTONIC_20LAYERS_BRAGG,BBOB,11.077200874591437
PHOTONIC_20LAYERS_BRAGG,BBOB,7.04393616997532
PHOTONIC_20LAYERS_BRAGG,BBOB,8.555870197337617
PHOTONIC_20LAYERS_BRAGG,BBOB,6.770724278386969
PHOTONIC_20LAYERS_BRAGG,BBOB,5.408831879056392
PHOTONIC_20LAYERS_BRAGG,BBOB,8.052157934451891
PHOTONIC_20LAYERS_BRAGG,BBOB,12.907334589753244
PHOTONIC_20LAYERS_BRAGG,BBOB,8.31356063544657
PHOTONIC_20LAYERS_BRAGG,BBOB,7.804779283051174
PHOTONIC_20LAYERS_BRAGG,BBOB,7.258378518439378
PHOTONIC_20LAYERS_BRAGG,BBOB,6.969598330333389
PHOTONIC_20LAYERS_BRAGG,BBOB,10.798022261704626
PHOTONIC_20LAYERS_BRAGG,BBOB,5.886717455681316
PHOTONIC_20LAYERS_BRAGG,BBOB,12.82413947884837
PHOTONIC_20LAYERS_BRAGG,BBOB,7.848392715320665
PHOTONIC_20LAYERS_BRAGG,BBOB,8.030743064982396
PHOTONIC_20LAYERS_BRAGG,BBOB,7.410851112638077
PHOTONIC_20LAYERS_BRAGG,BBOB,6.909726422548384
PHOTONIC_20LAYERS_BRAGG,BBOB,7.58246361790936
PHOTONIC_20LAYERS_BRAGG,BBOB,10.988766623395797
PHOTONIC_20LAYERS_BRAGG,BBOB,8.120245516993792
PHOTONIC_20LAYERS_BRAGG,BBOB,9.776231203213586
PHOTONIC_20LAYERS_BRAGG,BBOB,10.005412609970847
PHOTONIC_20LAYERS_BRAGG,BBOB,4.415692399303124
PHOTONIC_20LAYERS_BRAGG,BBOB,8.777430033789942
PHOTONIC_20LAYERS_BRAGG,BBOB,4.403882733190581
PHOTONIC_20LAYERS_BRAGG,BBOB,8.86746095027416
PHOTONIC_20LAYERS_BRAGG,BBOB,9.607487745543551
PHOTONIC_20LAYERS_BRAGG,BBOB,4.423475712877887
PHOTONIC_20LAYERS_BRAGG,BBOB,5.2254816602088265
PHOTONIC_20LAYERS_BRAGG,BBOB,8.313300553396337
PHOTONIC_20LAYERS_BRAGG,BBOB,7.937860936311469
PHOTONIC_20LAYERS_BRAGG,BBOB,7.953383913412936
PHOTONIC_20LAYERS_BRAGG,BBOB,8.003119458680514
PHOTONIC_20LAYERS_BRAGG,BBOB,5.844882554384799
PHOTONIC_20LAYERS_BRAGG,BBOB,8.334430250667824
PHOTONIC_20LAYERS_BRAGG,BBOB,7.626283019604976
PHOTONIC_20LAYERS_BRAGG,BBOB,4.563278830057106
PHOTONIC_20LAYERS_BRAGG,BBOB,8.023326970519541
PHOTONIC_20LAYERS_BRAGG,BBOB,7.562059163900919
PHOTONIC_20LAYERS_BRAGG,BBOB,8.288828732719619
PHOTONIC_20LAYERS_BRAGG,BBOB,11.012325066615665
PHOTONIC_20LAYERS_BRAGG,BBOB,9.068879611358119
PHOTONIC_20LAYERS_BRAGG,BBOB,6.0879647277650175
PHOTONIC_20LAYERS_BRAGG,BBOB,5.733787706484393
PHOTONIC_20LAYERS_BRAGG,BBOB,7.175971383557574
PHOTONIC_20LAYERS_BRAGG,BBOB,8.901812943475056
PHOTONIC_20LAYERS_BRAGG,BBOB,9.83714442695674
PHOTONIC_20LAYERS_BRAGG,BBOB,9.718367498620628
PHOTONIC_20LAYERS_BRAGG,BBOB,6.635575339765478
PHOTONIC_20LAYERS_BRAGG,BBOB,6.841254723169496
PHOTONIC_20LAYERS_BRAGG,BBOB,8.81999802717558
PHOTONIC_20LAYERS_BRAGG,BBOB,9.332245797216071
PHOTONIC_20LAYERS_BRAGG,BBOB,9.315238863334722
PHOTONIC_20LAYERS_BRAGG,BBOB,6.665013056103224
PHOTONIC_20LAYERS_BRAGG,BBOB,10.073314207097965
PHOTONIC_20LAYERS_BRAGG,BBOB,7.953591329835575
PHOTONIC_20LAYERS_BRAGG,BBOB,8.804289116405808
PHOTONIC_20LAYERS_BRAGG,BBOB,7.971844696686526
PHOTONIC_20LAYERS_BRAGG,BBOB,4.433929715553934
PHOTONIC_20LAYERS_BRAGG,BBOB,7.050183801882305
PHOTONIC_20LAYERS_BRAGG,BBOB,8.04769454230327
PHOTONIC_20LAYERS_BRAGG,BBOB,8.336687619204268
PHOTONIC_20LAYERS_BRAGG,BBOB,8.318894423350763
PHOTONIC_20LAYERS_BRAGG,BBOB,4.448199422128633
PHOTONIC_20LAYERS_BRAGG,BBOB,7.193775504113703
PHOTONIC_20LAYERS_BRAGG,BBOB,5.818002221192807
PHOTONIC_20LAYERS_BRAGG,BBOB,5.2250358962440036
PHOTONIC_20LAYERS_BRAGG,BBOB,4.42604966511106
PHOTONIC_20LAYERS_BRAGG,BBOB,10.533829474172624
PHOTONIC_20LAYERS_BRAGG,BBOB,6.057169193665513
PHOTONIC_20LAYERS_BRAGG,BBOB,9.427961382842586
PHOTONIC_20LAYERS_BRAGG,BBOB,20.210808576306597
PHOTONIC_20LAYERS_BRAGG,BBOB,7.475393063648821
PHOTONIC_20LAYERS_BRAGG,BBOB,4.418333835057969
PHOTONIC_20LAYERS_BRAGG,BBOB,7.643429139514274
PHOTONIC_20LAYERS_BRAGG,BBOB,8.34029873730958
PHOTONIC_20LAYERS_BRAGG,BBOB,9.61303982580775
PHOTONIC_20LAYERS_BRAGG,BBOB,9.084711701141005
PHOTONIC_20LAYERS_BRAGG,BBOB,6.717201680605816
PHOTONIC_20LAYERS_BRAGG,BBOB,9.423898218055532
PHOTONIC_20LAYERS_BRAGG,BBOB,9.357605756804631
PHOTONIC_20LAYERS_BRAGG,BBOB,8.029171665961249
PHOTONIC_20LAYERS_BRAGG,BBOB,5.867126109932105
PHOTONIC_20LAYERS_BRAGG,BBOB,9.538214448652385
PHOTONIC_20LAYERS_BRAGG,BBOB,7.993736720099316
PHOTONIC_20LAYERS_BRAGG,BBOB,8.556627388589039
PHOTONIC_20LAYERS_BRAGG,BBOB,12.717340529238683
PHOTONIC_20LAYERS_BRAGG,BBOB,6.02387193122737
PHOTONIC_20LAYERS_BRAGG,BBOB,6.008437018217138
PHOTONIC_20LAYERS_BRAGG,BBOB,6.837776354380914
PHOTONIC_20LAYERS_BRAGG,BBOB,4.851390919666219
PHOTONIC_20LAYERS_BRAGG,BBOB,6.06417250827296
PHOTONIC_20LAYERS_BRAGG,BBOB,10.157181719705184
PHOTONIC_20LAYERS_BRAGG,BBOB,8.050000274660944
PHOTONIC_20LAYERS_BRAGG,BBOB,9.642943579093437
PHOTONIC_20LAYERS_BRAGG,BBOB,11.502669871775282
PHOTONIC_20LAYERS_BRAGG,BBOB,5.712093364189143
PHOTONIC_20LAYERS_BRAGG,BBOB,8.630550999463155
PHOTONIC_20LAYERS_BRAGG,BBOB,6.664144282283772
PHOTONIC_20LAYERS_BRAGG,BBOB,7.454574402184933
PHOTONIC_20LAYERS_BRAGG,BBOB,7.282744042093137
PHOTONIC_20LAYERS_BRAGG,BBOB,4.404252574672492
PHOTONIC_20LAYERS_BRAGG,BBOB,7.510622139454337
PHOTONIC_20LAYERS_BRAGG,BBOB,8.633843887449434
PHOTONIC_20LAYERS_BRAGG,BBOB,7.564068315420688
PHOTONIC_20LAYERS_BRAGG,BBOB,8.30340848338276
PHOTONIC_20LAYERS_BRAGG,BBOB,7.946142751482943
PHOTONIC_20LAYERS_BRAGG,BBOB,8.588198539892682
PHOTONIC_20LAYERS_BRAGG,BBOB,10.575542577366699
PHOTONIC_20LAYERS_BRAGG,BBOB,10.862712520086454
PHOTONIC_20LAYERS_BRAGG,BBOB,8.7363392555563
PHOTONIC_20LAYERS_BRAGG,BBOB,4.399338546582513
PHOTONIC_20LAYERS_BRAGG,BBOB,6.762592441228079
PHOTONIC_20LAYERS_BRAGG,BBOB,7.394874600176027
PHOTONIC_20LAYERS_BRAGG,BBOB,9.812318216676658
PHOTONIC_20LAYERS_BRAGG,BBOB,8.897384140438385
PHOTONIC_20LAYERS_BRAGG,BBOB,6.501602699658588
PHOTONIC_20LAYERS_BRAGG,BBOB,10.561458321167352
PHOTONIC_20LAYERS_BRAGG,BBOB,13.307355686481154
PHOTONIC_20LAYERS_BRAGG,BBOB,8.308176234995525
PHOTONIC_20LAYERS_BRAGG,BBOB,6.973673346888451
PHOTONIC_20LAYERS_BRAGG,BBOB,6.931089718964584
PHOTONIC_20LAYERS_BRAGG,BBOB,9.25836806342763
PHOTONIC_20LAYERS_BRAGG,BBOB,10.786913725562579
PHOTONIC_20LAYERS_BRAGG,BBOB,9.000706078625138
PHOTONIC_20LAYERS_BRAGG,BBOB,5.705281216877551
PHOTONIC_20LAYERS_BRAGG,BBOB,8.37615527875907
PHOTONIC_20LAYERS_BRAGG,BBOB,7.223044771767923
PHOTONIC_20LAYERS_BRAGG,BBOB,7.9883809512438075
PHOTONIC_20LAYERS_BRAGG,BBOB,9.204386833761395
PHOTONIC_20LAYERS_BRAGG,BBOB,7.564614953564431
PHOTONIC_20LAYERS_BRAGG,BBOB,9.021161688393011
PHOTONIC_20LAYERS_BRAGG,BBOB,10.581133316071348
PHOTONIC_20LAYERS_BRAGG,BBOB,8.312876377076902
PHOTONIC_20LAYERS_BRAGG,BBOB,6.533991833599089
PHOTONIC_20LAYERS_BRAGG,BBOB,5.1031458603617414
PHOTONIC_20LAYERS_BRAGG,BBOB,8.239953315115907
PHOTONIC_20LAYERS_BRAGG,BBOB,6.007132269985956
PHOTONIC_20LAYERS_BRAGG,BBOB,5.81960224310343
PHOTONIC_20LAYERS_BRAGG,BBOB,13.55621377999822
PHOTONIC_20LAYERS_BRAGG,BBOB,7.060087279752723
PHOTONIC_20LAYERS_BRAGG,BBOB,11.008672953450446
PHOTONIC_20LAYERS_BRAGG,BBOB,6.609970159750007
PHOTONIC_20LAYERS_BRAGG,BBOB,7.191517427484459
PHOTONIC_20LAYERS_BRAGG,BBOB,5.189389015248984
PHOTONIC_20LAYERS_BRAGG,BBOB,9.039042465642225
PHOTONIC_20LAYERS_BRAGG,BBOB,5.386620761060616
PHOTONIC_20LAYERS_BRAGG,BBOB,20.637751057661653
PHOTONIC_20LAYERS_BRAGG,BBOB,5.387358121668809
PHOTONIC_20LAYERS_BRAGG,BBOB,4.440588844390526
PHOTONIC_20LAYERS_BRAGG,BBOB,4.37801019583634
PHOTONIC_20LAYERS_BRAGG,BBOB,7.0229454678933605
PHOTONIC_20LAYERS_BRAGG,BBOB,8.107472393712543
PHOTONIC_20LAYERS_BRAGG,BBOB,12.21845343283756
PHOTONIC_20LAYERS_BRAGG,BBOB,9.460303314050615
PHOTONIC_20LAYERS_BRAGG,BBOB,8.29141325910631
PHOTONIC_20LAYERS_BRAGG,BBOB,9.044817671247523
PHOTONIC_20LAYERS_BRAGG,BBOB,8.935647308698645
PHOTONIC_20LAYERS_BRAGG,BBOB,8.855794921758134
PHOTONIC_20LAYERS_BRAGG,BBOB,7.888746319959644
PHOTONIC_20LAYERS_BRAGG,BBOB,10.729613977927903
PHOTONIC_20LAYERS_BRAGG,BBOB,8.99550190598894
PHOTONIC_20LAYERS_BRAGG,BBOB,8.12347946423223
PHOTONIC_20LAYERS_BRAGG,BBOB,8.615387557266464
PHOTONIC_20LAYERS_BRAGG,BBOB,7.481082394006882
PHOTONIC_20LAYERS_BRAGG,BBOB,7.149098132988384
PHOTONIC_20LAYERS_BRAGG,BBOB,8.083196040131426
PHOTONIC_20LAYERS_BRAGG,BBOB,6.8543349966180225
PHOTONIC_20LAYERS_BRAGG,BBOB,11.009827842904715
PHOTONIC_20LAYERS_BRAGG,BBOB,4.414127695675448
PHOTONIC_20LAYERS_BRAGG,BBOB,10.004806854870905
PHOTONIC_20LAYERS_BRAGG,BBOB,5.710126663113571
PHOTONIC_20LAYERS_BRAGG,BBOB,4.392267474466158
PHOTONIC_20LAYERS_BRAGG,BBOB,9.608063334538468
PHOTONIC_20LAYERS_BRAGG,BBOB,7.97115546492537
PHOTONIC_20LAYERS_BRAGG,BBOB,4.4288999205953665
PHOTONIC_20LAYERS_BRAGG,BBOB,5.944792851214916
PHOTONIC_20LAYERS_BRAGG,BBOB,8.341783373060704
PHOTONIC_20LAYERS_BRAGG,BBOB,9.80529068116276
PHOTONIC_20LAYERS_BRAGG,BBOB,9.575227806760074
PHOTONIC_20LAYERS_BRAGG,BBOB,7.675368339357189
PHOTONIC_20LAYERS_BRAGG,BBOB,4.745904778268204
PHOTONIC_20LAYERS_BRAGG,BBOB,6.663090428413787
PHOTONIC_20LAYERS_BRAGG,BBOB,10.754708947680381
PHOTONIC_20LAYERS_BRAGG,BBOB,9.598136734324862
PHOTONIC_20LAYERS_BRAGG,BBOB,8.473110627409893
PHOTONIC_20LAYERS_BRAGG,BBOB,9.003081856805279
PHOTONIC_20LAYERS_BRAGG,BBOB,5.837247618423778
PHOTONIC_20LAYERS_BRAGG,BBOB,8.319580978311519
PHOTONIC_20LAYERS_BRAGG,BBOB,5.962879005045126
PHOTONIC_20LAYERS_BRAGG,BBOB,9.62390804365346
PHOTONIC_20LAYERS_BRAGG,BBOB,6.5966321026929355
PHOTONIC_20LAYERS_BRAGG,BBOB,9.222805590019082
PHOTONIC_20LAYERS_BRAGG,BBOB,10.721759375061378
PHOTONIC_20LAYERS_BRAGG,BBOB,10.44037791951899
PHOTONIC_20LAYERS_BRAGG,BBOB,7.73248073776716
PHOTONIC_20LAYERS_BRAGG,BBOB,9.718647506785649
PHOTONIC_20LAYERS_BRAGG,BBOB,5.165118894284319
PHOTONIC_20LAYERS_BRAGG,BBOB,6.765653928002248
PHOTONIC_20LAYERS_BRAGG,BBOB,7.147529836091447
PHOTONIC_20LAYERS_BRAGG,BBOB,20.286731413241668
PHOTONIC_20LAYERS_BRAGG,BBOB,6.835783579297781
PHOTONIC_20LAYERS_BRAGG,BBOB,9.248042231854264
PHOTONIC_20LAYERS_BRAGG,BBOB,8.818833880941174
PHOTONIC_20LAYERS_BRAGG,BBOB,7.838454077724853
PHOTONIC_20LAYERS_BRAGG,BBOB,10.791434835531563
PHOTONIC_20LAYERS_BRAGG,BBOB,7.212135334464796
PHOTONIC_20LAYERS_BRAGG,BBOB,7.517157487279456
PHOTONIC_20LAYERS_BRAGG,BBOB,9.364305847493
PHOTONIC_20LAYERS_BRAGG,BBOB,4.41999949055984
PHOTONIC_20LAYERS_BRAGG,BBOB,4.425293629333179
PHOTONIC_20LAYERS_BRAGG,BBOB,9.006395678643365
PHOTONIC_20LAYERS_BRAGG,BBOB,7.696772722181588
PHOTONIC_20LAYERS_BRAGG,BBOB,4.413964165993863
PHOTONIC_20LAYERS_BRAGG,BBOB,7.991601194391066
PHOTONIC_20LAYERS_BRAGG,BBOB,6.8894468182953394
PHOTONIC_20LAYERS_BRAGG,BBOB,6.892854446212316
PHOTONIC_20LAYERS_BRAGG,BBOB,10.81623366405649
PHOTONIC_20LAYERS_BRAGG,BBOB,8.319695659761674
PHOTONIC_20LAYERS_BRAGG,BBOB,5.3677851788262405
PHOTONIC_20LAYERS_BRAGG,BBOB,6.698179673384118
PHOTONIC_20LAYERS_BRAGG,BBOB,8.256773398312948
PHOTONIC_20LAYERS_BRAGG,BBOB,7.357592098400203
PHOTONIC_20LAYERS_BRAGG,BBOB,7.314858916676243
PHOTONIC_20LAYERS_BRAGG,BBOB,7.0229454678933605
PHOTONIC_20LAYERS_BRAGG,BBOB,4.408036025251399
PHOTONIC_20LAYERS_BRAGG,BBOB,5.9432775375537945
PHOTONIC_20LAYERS_BRAGG,BBOB,7.164986885981971
PHOTONIC_20LAYERS_BRAGG,BBOB,6.867111260333332
PHOTONIC_20LAYERS_BRAGG,BBOB,12.100760469448524
PHOTONIC_20LAYERS_BRAGG,BBOB,7.616573629210505
PHOTONIC_20LAYERS_BRAGG,BBOB,10.533533014611368
PHOTONIC_20LAYERS_BRAGG,BBOB,7.869364058791178
PHOTONIC_20LAYERS_BRAGG,BBOB,4.516037673963598
PHOTONIC_20LAYERS_BRAGG,BBOB,9.424652293590606
PHOTONIC_20LAYERS_BRAGG,BBOB,10.75183583748422
PHOTONIC_20LAYERS_BRAGG,BBOB,5.910020538103857
PHOTONIC_20LAYERS_BRAGG,BBOB,4.277541942533156
PHOTONIC_20LAYERS_BRAGG,BBOB,9.899932964328015
PHOTONIC_20LAYERS_BRAGG,BBOB,8.333168336615522
PHOTONIC_20LAYERS_BRAGG,BBOB,7.8458653622256564
PHOTONIC_20LAYERS_BRAGG,BBOB,10.042589247877633
PHOTONIC_20LAYERS_BRAGG,BBOB,6.07518601966102
PHOTONIC_20LAYERS_BRAGG,BBOB,9.247760445141822
PHOTONIC_20LAYERS_BRAGG,BBOB,5.701486096556903
PHOTONIC_20LAYERS_BRAGG,BBOB,4.359483634023689
PHOTONIC_20LAYERS_BRAGG,BBOB,7.590996131609658
PHOTONIC_20LAYERS_BRAGG,BBOB,7.58013103006199
PHOTONIC_20LAYERS_BRAGG,BBOB,6.183270059231107
PHOTONIC_20LAYERS_BRAGG,BBOB,8.947557999246584
PHOTONIC_20LAYERS_BRAGG,BBOB,9.92596807454728
PHOTONIC_20LAYERS_BRAGG,BBOB,6.056673382153869
PHOTONIC_20LAYERS_BRAGG,BBOB,8.404470519334458
PHOTONIC_20LAYERS_BRAGG,BBOB,10.430567946705937
PHOTONIC_20LAYERS_BRAGG,BBOB,8.87824127801386
PHOTONIC_20LAYERS_BRAGG,BBOB,8.706760753110183
PHOTONIC_20LAYERS_BRAGG,BBOB,10.138527117138539
PHOTONIC_20LAYERS_BRAGG,BBOB,6.699824169694673
PHOTONIC_20LAYERS_BRAGG,BBOB,8.219033657593348
PHOTONIC_20LAYERS_BRAGG,BBOB,5.734838583827097
PHOTONIC_20LAYERS_BRAGG,BBOB,6.053168152540773
PHOTONIC_20LAYERS_BRAGG,BBOB,7.937295885483214
PHOTONIC_20LAYERS_BRAGG,BBOB,5.386628880449959
PHOTONIC_20LAYERS_BRAGG,BBOB,7.564920845358077
PHOTONIC_20LAYERS_BRAGG,BBOB,7.1857122242841776
PHOTONIC_20LAYERS_BRAGG,BBOB,7.306963001356498
PHOTONIC_20LAYERS_BRAGG,BBOB,8.73682550388129
PHOTONIC_20LAYERS_BRAGG,BBOB,7.307531222778513
PHOTONIC_20LAYERS_BRAGG,BBOB,7.799359530134999
PHOTONIC_20LAYERS_BRAGG,BBOB,7.492924924304564
PHOTONIC_20LAYERS_BRAGG,BBOB,4.241513387718247
PHOTONIC_20LAYERS_BRAGG,BBOB,8.175337532595245
PHOTONIC_20LAYERS_BRAGG,BBOB,10.578275402315425
PHOTONIC_20LAYERS_BRAGG,BBOB,9.676302469297413
PHOTONIC_20LAYERS_BRAGG,BBOB,9.361083724904478
PHOTONIC_20LAYERS_BRAGG,BBOB,6.181787746985406
PHOTONIC_20LAYERS_BRAGG,BBOB,8.2596494207805
PHOTONIC_20LAYERS_BRAGG,BBOB,8.734583667441907
PHOTONIC_20LAYERS_BRAGG,BBOB,8.931355185122268
PHOTONIC_20LAYERS_BRAGG,BBOB,6.015356074077226
PHOTONIC_20LAYERS_BRAGG,BBOB,7.5304305946064405
PHOTONIC_20LAYERS_BRAGG,BBOB,8.993671920202166
PHOTONIC_20LAYERS_BRAGG,BBOB,8.721488351709496
PHOTONIC_20LAYERS_BRAGG,BBOB,7.937102899385261
PHOTONIC_20LAYERS_BRAGG,BBOB,8.693720239744863
PHOTONIC_20LAYERS_BRAGG,BBOB,7.83854062806465
PHOTONIC_20LAYERS_BRAGG,BBOB,7.164847569060243
PHOTONIC_20LAYERS_BRAGG,BBOB,9.469097368241712
PHOTONIC_20LAYERS_BRAGG,BBOB,10.464283821087944
PHOTONIC_20LAYERS_BRAGG,BBOB,16.85018817902289
PHOTONIC_20LAYERS_BRAGG,BBOB,6.712722919164259
PHOTONIC_20LAYERS_BRAGG,BBOB,8.34321508060661
PHOTONIC_20LAYERS_BRAGG,BBOB,9.297866103458217
PHOTONIC_20LAYERS_BRAGG,BBOB,9.925986220877055
PHOTONIC_20LAYERS_BRAGG,BBOB,8.427868686181702
PHOTONIC_20LAYERS_BRAGG,BBOB,8.3857268224132
PHOTONIC_20LAYERS_BRAGG,BBOB,8.235637905051792
PHOTONIC_20LAYERS_BRAGG,BBOB,8.893260663307661
PHOTONIC_20LAYERS_BRAGG,BBOB,9.542158404528715
PHOTONIC_20LAYERS_BRAGG,BBOB,6.6769324215564785
PHOTONIC_20LAYERS_BRAGG,BBOB,4.551879348896728
PHOTONIC_20LAYERS_BRAGG,BBOB,7.192615422530314
PHOTONIC_20LAYERS_BRAGG,BBOB,12.963524031346136
PHOTONIC_20LAYERS_BRAGG,BBOB,8.011297295957448
PHOTONIC_20LAYERS_BRAGG,BBOB,9.831982115615961
PHOTONIC_20LAYERS_BRAGG,BBOB,9.621051060449117
PHOTONIC_20LAYERS_BRAGG,BBOB,6.710037794788869
PHOTONIC_20LAYERS_BRAGG,BBOB,5.188268405023207
PHOTONIC_20LAYERS_BRAGG,BBOB,7.307042802126386
PHOTONIC_20LAYERS_BRAGG,BBOB,10.761963313379338
PHOTONIC_20LAYERS_BRAGG,BBOB,7.150449711101928
PHOTONIC_20LAYERS_BRAGG,BBOB,4.281983561583625
PHOTONIC_20LAYERS_BRAGG,BBOB,5.964796049505374
PHOTONIC_20LAYERS_BRAGG,BBOB,9.209261237887583
PHOTONIC_20LAYERS_BRAGG,BBOB,7.081417793690891
PHOTONIC_20LAYERS_BRAGG,BBOB,7.628905382206453
PHOTONIC_20LAYERS_BRAGG,BBOB,7.395652195974618
PHOTONIC_20LAYERS_BRAGG,BBOB,7.756617901787878
PHOTONIC_20LAYERS_BRAGG,BBOB,5.242677770312479
PHOTONIC_20LAYERS_BRAGG,BBOB,8.547528964728464
PHOTONIC_20LAYERS_BRAGG,BBOB,10.580638615384661
PHOTONIC_20LAYERS_BRAGG,BBOB,8.060616733243677
PHOTONIC_20LAYERS_BRAGG,BBOB,9.60475835434501
PHOTONIC_20LAYERS_BRAGG,BBOB,8.342634426931824
PHOTONIC_20LAYERS_BRAGG,BBOB,12.862563644485707
PHOTONIC_20LAYERS_BRAGG,BBOB,6.968053877087304
PHOTONIC_20LAYERS_BRAGG,BBOB,8.5853525724771
PHOTONIC_20LAYERS_BRAGG,BBOB,5.999111117816637
PHOTONIC_20LAYERS_BRAGG,BBOB,9.026348049546717
PHOTONIC_20LAYERS_BRAGG,BBOB,8.510031332980258
PHOTONIC_20LAYERS_BRAGG,BBOB,4.383023353739434
PHOTONIC_20LAYERS_BRAGG,BBOB,12.057789229511954
PHOTONIC_20LAYERS_BRAGG,BBOB,8.293931393965295
PHOTONIC_20LAYERS_BRAGG,BBOB,8.076784902116238
PHOTONIC_20LAYERS_BRAGG,BBOB,10.146269383300181
PHOTONIC_20LAYERS_BRAGG,BBOB,5.717505813644795
PHOTONIC_20LAYERS_BRAGG,BBOB,7.371323045881049
PHOTONIC_20LAYERS_BRAGG,BBOB,9.305243304393843
PHOTONIC_20LAYERS_BRAGG,BBOB,6.968888813436613
PHOTONIC_20LAYERS_BRAGG,BBOB,7.60089823334101
PHOTONIC_20LAYERS_BRAGG,BBOB,7.47847408594945
PHOTONIC_20LAYERS_BRAGG,BBOB,7.216238544116413
PHOTONIC_20LAYERS_BRAGG,BBOB,5.270615315145709
PHOTONIC_20LAYERS_BRAGG,BBOB,6.447534476734556
PHOTONIC_20LAYERS_BRAGG,BBOB,7.511050149386017
PHOTONIC_20LAYERS_BRAGG,BBOB,6.9863071750855905
PHOTONIC_20LAYERS_BRAGG,BBOB,10.01629390358944
PHOTONIC_20LAYERS_BRAGG,BBOB,8.066852025966195
PHOTONIC_20LAYERS_BRAGG,BBOB,8.002226159536248
PHOTONIC_20LAYERS_BRAGG,BBOB,6.7781321373427925
PHOTONIC_20LAYERS_BRAGG,BBOB,9.768451194987149
PHOTONIC_20LAYERS_BRAGG,BBOB,9.603120460848233
PHOTONIC_20LAYERS_BRAGG,BBOB,5.709953617325729
PHOTONIC_20LAYERS_BRAGG,BBOB,6.960953323313234
PHOTONIC_20LAYERS_BRAGG,BBOB,4.3731011652826695
PHOTONIC_20LAYERS_BRAGG,BBOB,8.355402015800975
PHOTONIC_20LAYERS_BRAGG,BBOB,8.56728580215976
PHOTONIC_20LAYERS_BRAGG,BBOB,7.990715339301417
PHOTONIC_20LAYERS_BRAGG,BBOB,8.62551845482193
PHOTONIC_20LAYERS_BRAGG,BBOB,8.752530517187605
PHOTONIC_20LAYERS_BRAGG,BBOB,10.721260751760358
PHOTONIC_20LAYERS_BRAGG,BBOB,9.701784352594421
PHOTONIC_20LAYERS_BRAGG,BBOB,5.242607050814854
PHOTONIC_20LAYERS_BRAGG,BBOB,8.416875428465923
PHOTONIC_20LAYERS_BRAGG,BBOB,7.960098212518224
PHOTONIC_20LAYERS_BRAGG,BBOB,9.219655314056817
PHOTONIC_20LAYERS_BRAGG,BBOB,6.593983023582267
PHOTONIC_20LAYERS_BRAGG,BBOB,4.358604459102513
PHOTONIC_20LAYERS_BRAGG,BBOB,4.529518517997059
PHOTONIC_20LAYERS_BRAGG,BBOB,10.9768109999313
PHOTONIC_20LAYERS_BRAGG,BBOB,8.954943907061187
PHOTONIC_20LAYERS_BRAGG,BBOB,6.030523941333901
PHOTONIC_20LAYERS_BRAGG,BBOB,8.331776138586045
PHOTONIC_20LAYERS_BRAGG,BBOB,10.840285954539254
PHOTONIC_20LAYERS_BRAGG,BBOB,7.92414272462953
PHOTONIC_20LAYERS_BRAGG,BBOB,6.80956486491285
PHOTONIC_20LAYERS_BRAGG,BBOB,5.708778437857838
PHOTONIC_20LAYERS_BRAGG,BBOB,5.189009134653102
PHOTONIC_20LAYERS_BRAGG,BBOB,7.111767486135714
PHOTONIC_20LAYERS_BRAGG,BBOB,6.132441523803403
PHOTONIC_20LAYERS_BRAGG,BBOB,9.760329402598387
PHOTONIC_20LAYERS_BRAGG,BBOB,10.287613507989995
PHOTONIC_20LAYERS_BRAGG,BBOB,6.025263581867515
PHOTONIC_20LAYERS_BRAGG,BBOB,9.57326286686368
PHOTONIC_20LAYERS_BRAGG,BBOB,8.798258558231362
PHOTONIC_20LAYERS_BRAGG,BBOB,7.924354360245353
PHOTONIC_20LAYERS_BRAGG,BBOB,11.007967692007561
PHOTONIC_20LAYERS_BRAGG,BBOB,10.10733705797019
PHOTONIC_20LAYERS_BRAGG,BBOB,8.907565707393553
PHOTONIC_20LAYERS_BRAGG,BBOB,7.755635344618937
PHOTONIC_20LAYERS_BRAGG,BBOB,7.713820160414848
PHOTONIC_20LAYERS_BRAGG,BBOB,8.33382021776003
PHOTONIC_20LAYERS_BRAGG,BBOB,10.315588879108265
PHOTONIC_20LAYERS_BRAGG,BBOB,9.834094601996636
PHOTONIC_20LAYERS_BRAGG,BBOB,5.29967712670423
PHOTONIC_20LAYERS_BRAGG,BBOB,8.995720230929397
PHOTONIC_20LAYERS_BRAGG,BBOB,6.586270181126946
PHOTONIC_20LAYERS_BRAGG,BBOB,5.8800278513815964
PHOTONIC_20LAYERS_BRAGG,BBOB,7.076470903223646
PHOTONIC_20LAYERS_BRAGG,BBOB,9.063437721306911
PHOTONIC_20LAYERS_BRAGG,BBOB,5.708672243412014
PHOTONIC_20LAYERS_BRAGG,BBOB,8.604793301323957
PHOTONIC_20LAYERS_BRAGG,BBOB,8.867388749113742
PHOTONIC_20LAYERS_BRAGG,BBOB,13.552372811359428
PHOTONIC_20LAYERS_BRAGG,BBOB,7.731541402269638
PHOTONIC_20LAYERS_BRAGG,BBOB,8.002763189397003
PHOTONIC_20LAYERS_BRAGG,BBOB,8.395541111112216
PHOTONIC_20LAYERS_BRAGG,BBOB,7.284186844117289
PHOTONIC_20LAYERS_BRAGG,BBOB,11.059522898396118
PHOTONIC_20LAYERS_BRAGG,BBOB,7.56488053235893
PHOTONIC_20LAYERS_BRAGG,BBOB,4.396563023022853
PHOTONIC_20LAYERS_BRAGG,BBOB,4.374707961059523
PHOTONIC_20LAYERS_BRAGG,BBOB,12.590517412383685
PHOTONIC_20LAYERS_BRAGG,BBOB,10.967539455730384
PHOTONIC_20LAYERS_BRAGG,BBOB,10.436889822942799
PHOTONIC_20LAYERS_BRAGG,BBOB,12.585440606514059
PHOTONIC_20LAYERS_BRAGG,BBOB,9.071070164463139
PHOTONIC_20LAYERS_BRAGG,BBOB,8.54822695347368
PHOTONIC_20LAYERS_BRAGG,BBOB,4.56849381434314
PHOTONIC_20LAYERS_BRAGG,BBOB,6.733572191061078
PHOTONIC_20LAYERS_BRAGG,BBOB,5.892295394984589
PHOTONIC_20LAYERS_BRAGG,BBOB,9.95623436842223
PHOTONIC_20LAYERS_BRAGG,BBOB,10.736206447476269
PHOTONIC_20LAYERS_BRAGG,BBOB,6.854411131728802
PHOTONIC_20LAYERS_BRAGG,BBOB,7.621061570365243
PHOTONIC_20LAYERS_BRAGG,BBOB,7.252787954513237
PHOTONIC_20LAYERS_BRAGG,BBOB,6.896005559018165
PHOTONIC_20LAYERS_BRAGG,BBOB,10.030513675359797
PHOTONIC_20LAYERS_BRAGG,BBOB,6.092310677426994
PHOTONIC_20LAYERS_BRAGG,BBOB,6.678223307813691
PHOTONIC_20LAYERS_BRAGG,BBOB,10.778899877178723
PHOTONIC_20LAYERS_BRAGG,BBOB,7.572684211687075
PHOTONIC_20LAYERS_BRAGG,BBOB,5.7168875905334255
PHOTONIC_20LAYERS_BRAGG,BBOB,4.452359371458493
PHOTONIC_20LAYERS_BRAGG,BBOB,6.909940721885782
PHOTONIC_20LAYERS_BRAGG,BBOB,8.143347354583984
PHOTONIC_20LAYERS_BRAGG,BBOB,6.777044083182686
PHOTONIC_20LAYERS_BRAGG,BBOB,9.360890612426882
PHOTONIC_20LAYERS_BRAGG,BBOB,8.877484527836947
PHOTONIC_20LAYERS_BRAGG,BBOB,6.8407355941637995
PHOTONIC_20LAYERS_BRAGG,BBOB,9.670640281677676
PHOTONIC_20LAYERS_BRAGG,BBOB,11.868133998438445
PHOTONIC_20LAYERS_BRAGG,BBOB,5.25821692168635
PHOTONIC_20LAYERS_BRAGG,BBOB,13.318380056075053
PHOTONIC_20LAYERS_BRAGG,BBOB,7.488167811488773
PHOTONIC_20LAYERS_BRAGG,BBOB,9.215626468232227
PHOTONIC_20LAYERS_BRAGG,BBOB,8.062469066946242
PHOTONIC_20LAYERS_BRAGG,BBOB,7.713595737977148
PHOTONIC_20LAYERS_BRAGG,BBOB,8.25750376042954
PHOTONIC_20LAYERS_BRAGG,BBOB,10.63928016047292
PHOTONIC_20LAYERS_BRAGG,BBOB,6.0781008569421004
PHOTONIC_20LAYERS_BRAGG,BBOB,13.328249630329173
PHOTONIC_20LAYERS_BRAGG,BBOB,4.380859969538335
PHOTONIC_20LAYERS_BRAGG,BBOB,9.064693956186597
PHOTONIC_20LAYERS_BRAGG,BBOB,5.7353812093821155
PHOTONIC_20LAYERS_BRAGG,BBOB,10.41756993174115
PHOTONIC_20LAYERS_BRAGG,BBOB,8.364365078431797
PHOTONIC_20LAYERS_BRAGG,BBOB,7.580969204207442
PHOTONIC_20LAYERS_BRAGG,BBOB,5.863602060651309
PHOTONIC_20LAYERS_BRAGG,BBOB,10.586406048616016
PHOTONIC_20LAYERS_BRAGG,BBOB,10.054061145915682
PHOTONIC_20LAYERS_BRAGG,BBOB,7.047352809869153
PHOTONIC_20LAYERS_BRAGG,BBOB,9.018165986020373
PHOTONIC_20LAYERS_BRAGG,BBOB,6.9670172352877335
PHOTONIC_20LAYERS_BRAGG,BBOB,4.5567343625910075
PHOTONIC_20LAYERS_BRAGG,BBOB,12.591453217313886
PHOTONIC_20LAYERS_BRAGG,BBOB,4.401872100677139
PHOTONIC_20LAYERS_BRAGG,BBOB,8.934443059096388
PHOTONIC_20LAYERS_BRAGG,BBOB,8.54365980931866
PHOTONIC_20LAYERS_BRAGG,BBOB,7.94301955246603
PHOTONIC_20LAYERS_BRAGG,BBOB,7.508804475112473
PHOTONIC_20LAYERS_BRAGG,BBOB,8.383781872169802
PHOTONIC_20LAYERS_BRAGG,BBOB,10.867435293315719
PHOTONIC_20LAYERS_BRAGG,BBOB,4.415485917106007
PHOTONIC_20LAYERS_BRAGG,BBOB,6.501720277351562
PHOTONIC_20LAYERS_BRAGG,BBOB,9.01514551355991
PHOTONIC_20LAYERS_BRAGG,BBOB,12.931702442645882
PHOTONIC_20LAYERS_BRAGG,BBOB,16.85339423256367
PHOTONIC_20LAYERS_BRAGG,BBOB,4.531578397697789
PHOTONIC_20LAYERS_BRAGG,BBOB,4.406815262306963
PHOTONIC_20LAYERS_BRAGG,BBOB,10.966141349300491
PHOTONIC_20LAYERS_BRAGG,BBOB,10.976098294964808
PHOTONIC_20LAYERS_BRAGG,BBOB,8.002125879005753
PHOTONIC_20LAYERS_BRAGG,BBOB,8.560881277549438
PHOTONIC_20LAYERS_BRAGG,BBOB,4.763292052308051
PHOTONIC_20LAYERS_BRAGG,BBOB,9.252179149478245
PHOTONIC_20LAYERS_BRAGG,BBOB,9.952310141060902
PHOTONIC_20LAYERS_BRAGG,BBOB,9.067273477435213
PHOTONIC_20LAYERS_BRAGG,BBOB,8.136707327230912
PHOTONIC_20LAYERS_BRAGG,BBOB,9.873230478301377
PHOTONIC_20LAYERS_BRAGG,BBOB,8.572517465486474
PHOTONIC_20LAYERS_BRAGG,BBOB,5.224934095416047
PHOTONIC_20LAYERS_BRAGG,BBOB,5.716481133839918
PHOTONIC_20LAYERS_BRAGG,BBOB,7.850707883711532
PHOTONIC_20LAYERS_BRAGG,BBOB,7.757455148703096
PHOTONIC_20LAYERS_BRAGG,BBOB,5.572295627933342
PHOTONIC_20LAYERS_BRAGG,BBOB,8.06160987158315
PHOTONIC_20LAYERS_BRAGG,BBOB,7.994988956318378
PHOTONIC_20LAYERS_BRAGG,BBOB,8.758280369147059
PHOTONIC_20LAYERS_BRAGG,BBOB,10.550693569385547
PHOTONIC_20LAYERS_BRAGG,BBOB,6.892377666728447
PHOTONIC_20LAYERS_BRAGG,BBOB,6.609653161715619
PHOTONIC_20LAYERS_BRAGG,BBOB,10.972929127932137
PHOTONIC_20LAYERS_BRAGG,BBOB,7.368467613455812
PHOTONIC_20LAYERS_BRAGG,BBOB,10.689383301907073
PHOTONIC_20LAYERS_BRAGG,BBOB,8.028859770930843
PHOTONIC_20LAYERS_BRAGG,BBOB,7.484831650582947
PHOTONIC_20LAYERS_BRAGG,BBOB,6.6718403727642865
PHOTONIC_20LAYERS_BRAGG,BBOB,9.536296478721844
PHOTONIC_20LAYERS_BRAGG,BBOB,7.571371924144213
PHOTONIC_20LAYERS_BRAGG,BBOB,7.31474235874219
PHOTONIC_20LAYERS_BRAGG,BBOB,8.123909713772633
PHOTONIC_20LAYERS_BRAGG,BBOB,5.242968938727328
PHOTONIC_20LAYERS_BRAGG,BBOB,9.02925531082508
PHOTONIC_20LAYERS_BRAGG,BBOB,9.071714096076773
PHOTONIC_20LAYERS_BRAGG,BBOB,7.616590210068245
PHOTONIC_20LAYERS_BRAGG,BBOB,10.158917928662618
PHOTONIC_20LAYERS_BRAGG,BBOB,10.95739785214923
PHOTONIC_20LAYERS_BRAGG,BBOB,12.593167175261943
PHOTONIC_20LAYERS_BRAGG,BBOB,10.98810574226074
PHOTONIC_20LAYERS_BRAGG,BBOB,8.765930472730412
PHOTONIC_20LAYERS_BRAGG,BBOB,6.789154426216168
PHOTONIC_20LAYERS_BRAGG,BBOB,7.493131715101286
PHOTONIC_20LAYERS_BRAGG,BBOB,4.55473708597796
PHOTONIC_20LAYERS_BRAGG,BBOB,7.182598292587119
PHOTONIC_20LAYERS_BRAGG,BBOB,7.681555605575289
PHOTONIC_20LAYERS_BRAGG,BBOB,6.077578927056928
PHOTONIC_20LAYERS_BRAGG,BBOB,12.602860079785472
PHOTONIC_20LAYERS_BRAGG,BBOB,9.607487745543551
PHOTONIC_20LAYERS_BRAGG,BBOB,10.563586457469283
PHOTONIC_20LAYERS_BRAGG,BBOB,7.151330051680042
PHOTONIC_20LAYERS_BRAGG,BBOB,9.20948175024396
PHOTONIC_20LAYERS_BRAGG,BBOB,7.850926833852925
PHOTONIC_20LAYERS_BRAGG,BBOB,10.148048278799735
PHOTONIC_20LAYERS_BRAGG,BBOB,9.001151440317972
PHOTONIC_20LAYERS_BRAGG,BBOB,5.729416388647303
PHOTONIC_20LAYERS_BRAGG,BBOB,7.208637775667499
PHOTONIC_20LAYERS_BRAGG,BBOB,13.324242487700657
PHOTONIC_20LAYERS_BRAGG,BBOB,7.510913644856891
PHOTONIC_20LAYERS_BRAGG,BBOB,8.961646447854953
PHOTONIC_20LAYERS_BRAGG,BBOB,9.04621108938276
PHOTONIC_20LAYERS_BRAGG,BBOB,5.735213272007772
PHOTONIC_20LAYERS_BRAGG,BBOB,7.215429812979978
PHOTONIC_20LAYERS_BRAGG,BBOB,5.735848769427512
PHOTONIC_20LAYERS_BRAGG,BBOB,5.886770932391967
PHOTONIC_20LAYERS_BRAGG,BBOB,12.962662187204884
PHOTONIC_20LAYERS_BRAGG,BBOB,7.383910605401831
PHOTONIC_20LAYERS_BRAGG,BBOB,7.384752601780435
PHOTONIC_20LAYERS_BRAGG,BBOB,8.166464310126429
PHOTONIC_20LAYERS_BRAGG,BBOB,10.549366857884646
PHOTONIC_20LAYERS_BRAGG,BBOB,5.571754611901303
PHOTONIC_20LAYERS_BRAGG,BBOB,10.976209574847253
PHOTONIC_20LAYERS_BRAGG,BBOB,6.125681695179299
PHOTONIC_20LAYERS_BRAGG,BBOB,8.980562860326256
PHOTONIC_20LAYERS_BRAGG,BBOB,10.672375472832446
PHOTONIC_20LAYERS_BRAGG,BBOB,8.823696641132782
PHOTONIC_20LAYERS_BRAGG,BBOB,10.14872561206683
PHOTONIC_20LAYERS_BRAGG,BBOB,9.56590654290929
PHOTONIC_20LAYERS_BRAGG,BBOB,6.374692972538987
PHOTONIC_20LAYERS_BRAGG,BBOB,7.628395151477331
PHOTONIC_20LAYERS_BRAGG,BBOB,16.85022232962522
PHOTONIC_20LAYERS_BRAGG,BBOB,8.140112820866957
PHOTONIC_20LAYERS_BRAGG,BBOB,8.956471424245382
PHOTONIC_20LAYERS_BRAGG,BBOB,7.580133459577125
PHOTONIC_20LAYERS_BRAGG,BBOB,4.51670910914021
PHOTONIC_20LAYERS_BRAGG,BBOB,5.1886011549416615
PHOTONIC_20LAYERS_BRAGG,BBOB,11.874676691018161
PHOTONIC_20LAYERS_BRAGG,BBOB,4.419682796774684
PHOTONIC_20LAYERS_BRAGG,BBOB,5.3864706917387615
PHOTONIC_20LAYERS_BRAGG,BBOB,5.253442710884305
PHOTONIC_20LAYERS_BRAGG,BBOB,8.734392966141002
PHOTONIC_20LAYERS_BRAGG,BBOB,5.4089083428280125
PHOTONIC_20LAYERS_BRAGG,BBOB,10.067169709065153
PHOTONIC_20LAYERS_BRAGG,BBOB,7.590932342704038
PHOTONIC_20LAYERS_BRAGG,BBOB,6.501263874326846
PHOTONIC_20LAYERS_BRAGG,BBOB,4.44356620102821
PHOTONIC_20LAYERS_BRAGG,BBOB,13.31742533649537
PHOTONIC_20LAYERS_BRAGG,BBOB,10.717037159037686
PHOTONIC_20LAYERS_BRAGG,BBOB,11.451681506645912
PHOTONIC_20LAYERS_BRAGG,BBOB,7.398098677653461
PHOTONIC_20LAYERS_BRAGG,BBOB,10.992554262567976
PHOTONIC_20LAYERS_BRAGG,BBOB,9.975292751667107
PHOTONIC_20LAYERS_BRAGG,BBOB,10.539962092638612
PHOTONIC_20LAYERS_BRAGG,BBOB,7.69974123484373
PHOTONIC_20LAYERS_BRAGG,BBOB,7.701272067812236
PHOTONIC_20LAYERS_BRAGG,BBOB,8.586966846951578
PHOTONIC_20LAYERS_BRAGG,BBOB,9.020755912310149
PHOTONIC_20LAYERS_BRAGG,BBOB,9.455789365132118
PHOTONIC_20LAYERS_BRAGG,BBOB,8.53569385375753
PHOTONIC_20LAYERS_BRAGG,BBOB,10.566659121939802
PHOTONIC_20LAYERS_BRAGG,BBOB,7.050851694913727
PHOTONIC_20LAYERS_BRAGG,BBOB,10.96075442920726
PHOTONIC_20LAYERS_BRAGG,BBOB,5.710091767732867
PHOTONIC_20LAYERS_BRAGG,BBOB,9.367591558742905
PHOTONIC_20LAYERS_BRAGG,BBOB,8.14452155924167
PHOTONIC_20LAYERS_BRAGG,BBOB,5.257809356690387
PHOTONIC_20LAYERS_BRAGG,BBOB,12.89979611984295
PHOTONIC_20LAYERS_BRAGG,BBOB,5.725626769897232
PHOTONIC_20LAYERS_BRAGG,BBOB,7.996009197166087
PHOTONIC_20LAYERS_BRAGG,BBOB,7.17581880955761
PHOTONIC_20LAYERS_BRAGG,BBOB,7.937471890716456
PHOTONIC_20LAYERS_BRAGG,BBOB,9.6685752388064
PHOTONIC_20LAYERS_BRAGG,BBOB,8.37576929319355
PHOTONIC_20LAYERS_BRAGG,BBOB,6.084249895115569
PHOTONIC_20LAYERS_BRAGG,BBOB,7.380936022568437
PHOTONIC_20LAYERS_BRAGG,BBOB,12.606287257573003
PHOTONIC_20LAYERS_BRAGG,BBOB,20.28683837721662
PHOTONIC_20LAYERS_BRAGG,BBOB,8.265148819949939
PHOTONIC_20LAYERS_BRAGG,BBOB,6.031359115780238
PHOTONIC_20LAYERS_BRAGG,BBOB,7.835902112564557
PHOTONIC_20LAYERS_BRAGG,BBOB,12.603836230167284
PHOTONIC_20LAYERS_BRAGG,BBOB,7.358204037093089
PHOTONIC_20LAYERS_BRAGG,BBOB,4.401956913040413
PHOTONIC_20LAYERS_BRAGG,BBOB,10.373884532521926
PHOTONIC_20LAYERS_BRAGG,BBOB,6.062746931004612
PHOTONIC_20LAYERS_BRAGG,BBOB,8.14198294523994
PHOTONIC_20LAYERS_BRAGG,BBOB,10.53236570695427
PHOTONIC_20LAYERS_BRAGG,BBOB,8.319026799414358
PHOTONIC_20LAYERS_BRAGG,BBOB,10.86111128001714
PHOTONIC_20LAYERS_BRAGG,BBOB,5.664852221247993
PHOTONIC_20LAYERS_BRAGG,BBOB,6.062713683111633
PHOTONIC_20LAYERS_BRAGG,BBOB,8.061073218810106
PHOTONIC_20LAYERS_BRAGG,BBOB,10.76031809674927
PHOTONIC_20LAYERS_BRAGG,BBOB,12.612561092510399
PHOTONIC_20LAYERS_BRAGG,BBOB,8.329645323996566
PHOTONIC_20LAYERS_BRAGG,BBOB,6.716132446446918
PHOTONIC_20LAYERS_BRAGG,BBOB,9.131706224223743
PHOTONIC_20LAYERS_BRAGG,BBOB,6.591687137305511
PHOTONIC_20LAYERS_BRAGG,BBOB,8.05878636476627
PHOTONIC_20LAYERS_BRAGG,BBOB,9.065216488773286
PHOTONIC_20LAYERS_BRAGG,BBOB,6.8381765306734605
PHOTONIC_20LAYERS_BRAGG,BBOB,9.734242834889862
PHOTONIC_20LAYERS_BRAGG,BBOB,6.09138636623695
PHOTONIC_20LAYERS_BRAGG,BBOB,8.1362613426695
PHOTONIC_20LAYERS_BRAGG,BBOB,6.0272837626043545
PHOTONIC_20LAYERS_BRAGG,BBOB,8.952625772646181
PHOTONIC_20LAYERS_BRAGG,BBOB,6.681391723070591
PHOTONIC_20LAYERS_BRAGG,BBOB,7.4904198730182046
PHOTONIC_20LAYERS_BRAGG,BBOB,10.230361974755418
PHOTONIC_20LAYERS_BRAGG,BBOB,5.225521050732855
PHOTONIC_20LAYERS_BRAGG,BBOB,4.6325339317562015
PHOTONIC_20LAYERS_BRAGG,BBOB,9.858875713559563
PHOTONIC_20LAYERS_BRAGG,BBOB,12.962550609755134
PHOTONIC_20LAYERS_BRAGG,BBOB,9.017724411628079
PHOTONIC_20LAYERS_BRAGG,BBOB,7.2793994840281195
PHOTONIC_20LAYERS_BRAGG,BBOB,12.61043768160355
PHOTONIC_20LAYERS_BRAGG,BBOB,6.7980222138749875
PHOTONIC_20LAYERS_BRAGG,BBOB,8.35879557085662
PHOTONIC_20LAYERS_BRAGG,BBOB,7.2839350901116715
PHOTONIC_20LAYERS_BRAGG,BBOB,7.937611359805697
PHOTONIC_20LAYERS_BRAGG,BBOB,10.57356094324054
PHOTONIC_20LAYERS_BRAGG,BBOB,11.370205406626754
PHOTONIC_20LAYERS_BRAGG,BBOB,5.720245157163611
PHOTONIC_20LAYERS_BRAGG,BBOB,7.173185762787442
PHOTONIC_20LAYERS_BRAGG,BBOB,8.839477604509645
PHOTONIC_20LAYERS_BRAGG,BBOB,5.036198301844854
PHOTONIC_20LAYERS_BRAGG,BBOB,8.295859872428997
PHOTONIC_20LAYERS_BRAGG,BBOB,9.047691164459103
PHOTONIC_20LAYERS_BRAGG,BBOB,10.605790140658891
PHOTONIC_20LAYERS_BRAGG,BBOB,7.939916195719999
PHOTONIC_20LAYERS_BRAGG,BBOB,8.689217316409184
PHOTONIC_20LAYERS_BRAGG,BBOB,10.031216895186692
PHOTONIC_20LAYERS_BRAGG,BBOB,6.766372552654469
PHOTONIC_20LAYERS_BRAGG,BBOB,7.110230784494625
PHOTONIC_20LAYERS_BRAGG,BBOB,9.826417823319169
PHOTONIC_20LAYERS_BRAGG,BBOB,8.394796240206713
PHOTONIC_20LAYERS_BRAGG,BBOB,6.756641996487241
PHOTONIC_20LAYERS_BRAGG,BBOB,5.819984157350865
PHOTONIC_20LAYERS_BRAGG,BBOB,5.849659417364835
PHOTONIC_20LAYERS_BRAGG,BBOB,6.101995843352197
PHOTONIC_20LAYERS_BRAGG,BBOB,8.429848622564611
PHOTONIC_20LAYERS_BRAGG,BBOB,9.354855058894096
PHOTONIC_20LAYERS_BRAGG,BBOB,12.080392067178241
PHOTONIC_20LAYERS_BRAGG,BBOB,20.612563923608494
PHOTONIC_20LAYERS_BRAGG,BBOB,8.820852181342616
PHOTONIC_20LAYERS_BRAGG,BBOB,12.063809833534924
PHOTONIC_20LAYERS_BRAGG,BBOB,9.618576200990839
PHOTONIC_20LAYERS_BRAGG,BBOB,8.253688222524245
PHOTONIC_20LAYERS_BRAGG,BBOB,7.305420858002232
PHOTONIC_20LAYERS_BRAGG,BBOB,5.038432187337257
PHOTONIC_20LAYERS_BRAGG,BBOB,6.758927909320376
PHOTONIC_20LAYERS_BRAGG,BBOB,8.247295908683746
PHOTONIC_20LAYERS_BRAGG,BBOB,5.263359894362165
PHOTONIC_20LAYERS_BRAGG,BBOB,8.127174772155035
PHOTONIC_20LAYERS_BRAGG,BBOB,8.59556994651215
PHOTONIC_20LAYERS_BRAGG,BBOB,10.992587303066596
PHOTONIC_20LAYERS_BRAGG,BBOB,8.597339508698854
PHOTONIC_20LAYERS_BRAGG,BBOB,9.00515726431307
PHOTONIC_20LAYERS_BRAGG,BBOB,9.068599343943744
PHOTONIC_20LAYERS_BRAGG,BBOB,8.374909347183838
PHOTONIC_20LAYERS_BRAGG,BBOB,7.991442804298068
PHOTONIC_20LAYERS_BRAGG,BBOB,8.58529459626305
PHOTONIC_20LAYERS_BRAGG,BBOB,4.57141386490719
PHOTONIC_20LAYERS_BRAGG,BBOB,6.057872711304083
PHOTONIC_20LAYERS_BRAGG,BBOB,7.047238930622629
PHOTONIC_20LAYERS_BRAGG,BBOB,8.101388064140549
PHOTONIC_20LAYERS_BRAGG,BBOB,10.592540965073352
PHOTONIC_20LAYERS_BRAGG,BBOB,4.414334577238479
PHOTONIC_20LAYERS_BRAGG,BBOB,7.252410786297575
PHOTONIC_20LAYERS_BRAGG,BBOB,8.294087281074987
PHOTONIC_20LAYERS_BRAGG,BBOB,7.5621198887748005
PHOTONIC_20LAYERS_BRAGG,BBOB,8.552125429166221
PHOTONIC_20LAYERS_BRAGG,BBOB,12.604199406976583
PHOTONIC_20LAYERS_BRAGG,BBOB,4.4231430657013995
PHOTONIC_20LAYERS_BRAGG,BBOB,8.353724189888085
PHOTONIC_20LAYERS_BRAGG,BBOB,5.821717192825598
PHOTONIC_20LAYERS_BRAGG,BBOB,8.532636315402506
PHOTONIC_20LAYERS_BRAGG,BBOB,10.240732657068712
PHOTONIC_20LAYERS_BRAGG,BBOB,5.224510756518374
PHOTONIC_20LAYERS_BRAGG,BBOB,8.707787468450242
PHOTONIC_20LAYERS_BRAGG,BBOB,7.394978324319138
PHOTONIC_20LAYERS_BRAGG,BBOB,8.249747574367241
PHOTONIC_20LAYERS_BRAGG,BBOB,7.519656575624271
PHOTONIC_20LAYERS_BRAGG,BBOB,10.767227762699433
PHOTONIC_20LAYERS_BRAGG,BBOB,5.927174243749574
PHOTONIC_20LAYERS_BRAGG,BBOB,9.867101838857177
PHOTONIC_20LAYERS_BRAGG,BBOB,4.99314234752183
PHOTONIC_20LAYERS_BRAGG,BBOB,6.834460746957399
PHOTONIC_20LAYERS_BRAGG,BBOB,6.068404075469295
PHOTONIC_20LAYERS_BRAGG,BBOB,10.86733284551664
PHOTONIC_20LAYERS_BRAGG,BBOB,8.509590065228139
PHOTONIC_20LAYERS_BRAGG,BBOB,6.58601438036352
PHOTONIC_20LAYERS_BRAGG,BBOB,6.08735423580032
PHOTONIC_20LAYERS_BRAGG,BBOB,8.679160028152879
PHOTONIC_20LAYERS_BRAGG,BBOB,9.735810300357496
PHOTONIC_20LAYERS_BRAGG,BBOB,6.888586445636828
PHOTONIC_20LAYERS_BRAGG,BBOB,9.007715900062887
PHOTONIC_20LAYERS_BRAGG,BBOB,9.322583857610379
PHOTONIC_20LAYERS_BRAGG,BBOB,6.1892025957992525
PHOTONIC_20LAYERS_BRAGG,BBOB,8.113212427768143
PHOTONIC_20LAYERS_BRAGG,BBOB,7.8294663280439725
PHOTONIC_20LAYERS_BRAGG,BBOB,6.6096476051034365
PHOTONIC_20LAYERS_BRAGG,BBOB,8.554725652737027
PHOTONIC_20LAYERS_BRAGG,BBOB,13.289814634951485
PHOTONIC_20LAYERS_BRAGG,BBOB,7.128279952917711
PHOTONIC_20LAYERS_BRAGG,BBOB,10.751908399871466
PHOTONIC_20LAYERS_BRAGG,BBOB,9.276093058971377
PHOTONIC_20LAYERS_BRAGG,BBOB,10.10609383175589
PHOTONIC_20LAYERS_BRAGG,BBOB,4.357223386161008
PHOTONIC_20LAYERS_BRAGG,BBOB,7.1902360929896805
PHOTONIC_20LAYERS_BRAGG,BBOB,8.33692125320255
PHOTONIC_20LAYERS_BRAGG,BBOB,6.0703533531689065
PHOTONIC_20LAYERS_BRAGG,BBOB,4.441426728145885
PHOTONIC_20LAYERS_BRAGG,BBOB,7.5092096860407995
PHOTONIC_20LAYERS_BRAGG,BBOB,5.572591840074188
PHOTONIC_20LAYERS_BRAGG,BBOB,10.480161677358597
PHOTONIC_20LAYERS_BRAGG,BBOB,5.892645091302198
PHOTONIC_20LAYERS_BRAGG,BBOB,9.838771794159813
PHOTONIC_20LAYERS_BRAGG,BBOB,9.883080046720712
PHOTONIC_20LAYERS_BRAGG,BBOB,5.8637611096165525
PHOTONIC_20LAYERS_BRAGG,BBOB,9.681326828211171
PHOTONIC_20LAYERS_BRAGG,BBOB,9.034067159292277
PHOTONIC_20LAYERS_BRAGG,BBOB,7.539414502536572
PHOTONIC_20LAYERS_BRAGG,BBOB,6.091983336431745
PHOTONIC_20LAYERS_BRAGG,BBOB,8.306667726245372
PHOTONIC_20LAYERS_BRAGG,BBOB,6.909703820760554
PHOTONIC_20LAYERS_BRAGG,BBOB,8.709896203863872
PHOTONIC_20LAYERS_BRAGG,BBOB,9.496489877929243
PHOTONIC_20LAYERS_BRAGG,BBOB,6.502626037798272
PHOTONIC_20LAYERS_BRAGG,BBOB,9.393461901078622
PHOTONIC_20LAYERS_BRAGG,BBOB,7.5073869424058906
PHOTONIC_20LAYERS_BRAGG,BBOB,20.168303551171032
PHOTONIC_20LAYERS_BRAGG,BBOB,6.962178227734742
PHOTONIC_20LAYERS_BRAGG,BBOB,6.83605404082337
PHOTONIC_20LAYERS_BRAGG,BBOB,8.844583561787731
PHOTONIC_20LAYERS_BRAGG,BBOB,4.376644551366748
PHOTONIC_20LAYERS_BRAGG,BBOB,8.79710847640286
PHOTONIC_20LAYERS_BRAGG,BBOB,10.107024262592773
PHOTONIC_20LAYERS_BRAGG,BBOB,7.6275733745692555
PHOTONIC_20LAYERS_BRAGG,BBOB,10.009000895614504
PHOTONIC_20LAYERS_BRAGG,BBOB,8.514221607872885
PHOTONIC_20LAYERS_BRAGG,BBOB,9.566273970264424
PHOTONIC_20LAYERS_BRAGG,BBOB,9.607757521279392
PHOTONIC_20LAYERS_BRAGG,BBOB,8.68076863151014
PHOTONIC_20LAYERS_BRAGG,BBOB,6.586566283558547
PHOTONIC_20LAYERS_BRAGG,BBOB,8.333554684793691
PHOTONIC_20LAYERS_BRAGG,BBOB,10.139434385324432
PHOTONIC_20LAYERS_BRAGG,BBOB,8.944427775526663
PHOTONIC_20LAYERS_BRAGG,BBOB,11.058142737150309
PHOTONIC_20LAYERS_BRAGG,BBOB,8.439524308444042
PHOTONIC_20LAYERS_BRAGG,BBOB,10.541917600792438
PHOTONIC_20LAYERS_BRAGG,BBOB,10.023786759016604
PHOTONIC_20LAYERS_BRAGG,BBOB,10.06904065632435
PHOTONIC_20LAYERS_BRAGG,BBOB,10.144679758030515
PHOTONIC_20LAYERS_BRAGG,BBOB,4.521865828020167
PHOTONIC_20LAYERS_BRAGG,BBOB,7.962792809304407
PHOTONIC_20LAYERS_BRAGG,BBOB,7.3986314270662294
PHOTONIC_20LAYERS_BRAGG,BBOB,5.851980895227775
PHOTONIC_20LAYERS_BRAGG,BBOB,7.1739701861063905
PHOTONIC_20LAYERS_BRAGG,BBOB,5.957713255523687
PHOTONIC_20LAYERS_BRAGG,BBOB,13.325945304596686
PHOTONIC_20LAYERS_BRAGG,BBOB,10.864244031607504
PHOTONIC_20LAYERS_BRAGG,BBOB,8.58538944096149
PHOTONIC_20LAYERS_BRAGG,BBOB,7.368846924612177
PHOTONIC_20LAYERS_BRAGG,BBOB,9.74953693753205
PHOTONIC_20LAYERS_BRAGG,BBOB,12.766519954732518
PHOTONIC_20LAYERS_BRAGG,BBOB,5.165163826729101
PHOTONIC_20LAYERS_BRAGG,BBOB,9.753724693844731
PHOTONIC_20LAYERS_BRAGG,BBOB,7.1825564870936995
PHOTONIC_20LAYERS_BRAGG,BBOB,7.94369799350503
PHOTONIC_20LAYERS_BRAGG,BBOB,6.663876370434747
PHOTONIC_20LAYERS_BRAGG,BBOB,9.03742285138314
PHOTONIC_20LAYERS_BRAGG,BBOB,4.379828326081531
PHOTONIC_20LAYERS_BRAGG,BBOB,11.184117726987862
PHOTONIC_20LAYERS_BRAGG,BBOB,4.744912273356712
PHOTONIC_20LAYERS_BRAGG,BBOB,7.826486262053691
PHOTONIC_20LAYERS_BRAGG,BBOB,7.558452034891446
PHOTONIC_20LAYERS_BRAGG,BBOB,8.772178383551909
PHOTONIC_20LAYERS_BRAGG,BBOB,6.931570503745104
PHOTONIC_20LAYERS_BRAGG,BBOB,10.714724178319846
PHOTONIC_20LAYERS_BRAGG,BBOB,9.92584078748633
PHOTONIC_20LAYERS_BRAGG,BBOB,7.15550557874697
PHOTONIC_20LAYERS_BRAGG,BBOB,10.437814103370071
PHOTONIC_20LAYERS_BRAGG,BBOB,9.67334352016367
PHOTONIC_20LAYERS_BRAGG,BBOB,5.948052703814734
PHOTONIC_20LAYERS_BRAGG,BBOB,10.046245969578315
PHOTONIC_20LAYERS_BRAGG,BBOB,7.9369297505646195
PHOTONIC_20LAYERS_BRAGG,BBOB,12.218234211036378
PHOTONIC_20LAYERS_BRAGG,BBOB,13.553630653923712
PHOTONIC_20LAYERS_BRAGG,BBOB,6.191738458097949
PHOTONIC_20LAYERS_BRAGG,BBOB,5.979838808308634
PHOTONIC_20LAYERS_BRAGG,BBOB,7.394698559348451
PHOTONIC_20LAYERS_BRAGG,BBOB,4.557884420505157
PHOTONIC_20LAYERS_BRAGG,BBOB,7.4158171874626495
PHOTONIC_20LAYERS_BRAGG,BBOB,5.733330548623235
PHOTONIC_20LAYERS_BRAGG,BBOB,11.743690040213636
PHOTONIC_20LAYERS_BRAGG,BBOB,8.769684077266522
PHOTONIC_20LAYERS_BRAGG,BBOB,7.747926307253173
PHOTONIC_20LAYERS_BRAGG,BBOB,7.155641119819602
PHOTONIC_20LAYERS_BRAGG,BBOB,7.11122253598566
PHOTONIC_20LAYERS_BRAGG,BBOB,9.673536168397305
PHOTONIC_20LAYERS_BRAGG,BBOB,6.611120382598534
PHOTONIC_20LAYERS_BRAGG,BBOB,5.878370667248202
PHOTONIC_20LAYERS_BRAGG,BBOB,10.732140620713665
PHOTONIC_20LAYERS_BRAGG,BBOB,4.745505115729565
PHOTONIC_20LAYERS_BRAGG,BBOB,10.224380589453162
PHOTONIC_20LAYERS_BRAGG,BBOB,7.51113871758463
PHOTONIC_20LAYERS_BRAGG,BBOB,4.37800322023602
PHOTONIC_20LAYERS_BRAGG,BBOB,7.398863387886112
PHOTONIC_20LAYERS_BRAGG,BBOB,10.99469433662193
PHOTONIC_20LAYERS_BRAGG,BBOB,8.146569541570429
PHOTONIC_20LAYERS_BRAGG,BBOB,8.914844822335803
PHOTONIC_20LAYERS_BRAGG,BBOB,8.082452253058062
PHOTONIC_20LAYERS_BRAGG,BBOB,12.92506084123951
PHOTONIC_20LAYERS_BRAGG,BBOB,6.717534305779655
PHOTONIC_20LAYERS_BRAGG,BBOB,8.344530670847373
PHOTONIC_20LAYERS_BRAGG,BBOB,7.8049003243649455
PHOTONIC_20LAYERS_BRAGG,BBOB,5.563587305616627
PHOTONIC_20LAYERS_BRAGG,BBOB,7.512974220998231
PHOTONIC_20LAYERS_BRAGG,BBOB,6.534494857847223
PHOTONIC_20LAYERS_BRAGG,BBOB,6.038040132252519
PHOTONIC_20LAYERS_BRAGG,BBOB,8.556280497564867
PHOTONIC_20LAYERS_BRAGG,BBOB,8.407828259593702
PHOTONIC_20LAYERS_BRAGG,BBOB,5.409032132301393
PHOTONIC_20LAYERS_BRAGG,BBOB,12.917358092664674
PHOTONIC_20LAYERS_BRAGG,BBOB,9.71081510365653
PHOTONIC_20LAYERS_BRAGG,BBOB,8.97441568724914
PHOTONIC_20LAYERS_BRAGG,BBOB,7.060358788952823
PHOTONIC_20LAYERS_BRAGG,BBOB,4.782391986273978
PHOTONIC_20LAYERS_BRAGG,BBOB,8.77715436719662
PHOTONIC_20LAYERS_BRAGG,BBOB,6.957679682252654
PHOTONIC_20LAYERS_BRAGG,BBOB,6.774384687507622
PHOTONIC_20LAYERS_BRAGG,BBOB,8.140386613551724
PHOTONIC_20LAYERS_BRAGG,BBOB,8.37404439984162
PHOTONIC_20LAYERS_BRAGG,BBOB,4.413255701575023
PHOTONIC_20LAYERS_BRAGG,BBOB,12.963496989830938
PHOTONIC_20LAYERS_BRAGG,BBOB,8.25796799001426
PHOTONIC_20LAYERS_BRAGG,BBOB,8.934402933332358
PHOTONIC_20LAYERS_BRAGG,BBOB,6.216821489555026
PHOTONIC_20LAYERS_BRAGG,BBOB,4.433914488265971
PHOTONIC_20LAYERS_BRAGG,BBOB,5.1885656948545655
PHOTONIC_20LAYERS_BRAGG,BBOB,4.5462410733040635
PHOTONIC_20LAYERS_BRAGG,BBOB,7.936831577047518
PHOTONIC_20LAYERS_BRAGG,BBOB,4.241225808031834
PHOTONIC_20LAYERS_BRAGG,BBOB,7.626241586901255
PHOTONIC_20LAYERS_BRAGG,BBOB,8.698850604463873
PHOTONIC_20LAYERS_BRAGG,BBOB,7.189350176520618
PHOTONIC_20LAYERS_BRAGG,BBOB,7.825030847015612
PHOTONIC_20LAYERS_BRAGG,BBOB,5.695148686963212
PHOTONIC_20LAYERS_BRAGG,BBOB,8.106819062644536
PHOTONIC_20LAYERS_BRAGG,BBOB,9.715494758249909
PHOTONIC_20LAYERS_BRAGG,BBOB,9.984099518539963
PHOTONIC_20LAYERS_BRAGG,BBOB,5.8928926024597
PHOTONIC_20LAYERS_BRAGG,BBOB,9.669626072138236
PHOTONIC_20LAYERS_BRAGG,BBOB,9.069690261797867
PHOTONIC_20LAYERS_BRAGG,BBOB,10.05508483442526
PHOTONIC_20LAYERS_BRAGG,BBOB,7.166313200798308
PHOTONIC_20LAYERS_BRAGG,BBOB,6.077100316558369
PHOTONIC_20LAYERS_BRAGG,BBOB,8.87591794134084
PHOTONIC_20LAYERS_BRAGG,BBOB,8.190113320698995
PHOTONIC_20LAYERS_BRAGG,BBOB,7.180811872773029
PHOTONIC_20LAYERS_BRAGG,BBOB,5.3877185306699635
PHOTONIC_20LAYERS_BRAGG,BBOB,7.112246777571104
PHOTONIC_20LAYERS_BRAGG,BBOB,6.145464026610851
PHOTONIC_20LAYERS_BRAGG,BBOB,5.821766520334394
PHOTONIC_20LAYERS_BRAGG,BBOB,6.4454626074309935
PHOTONIC_20LAYERS_BRAGG,BBOB,8.293759103715251
PHOTONIC_20LAYERS_BRAGG,BBOB,10.12850080198473
PHOTONIC_20LAYERS_BRAGG,BBOB,7.1641570057387405
PHOTONIC_20LAYERS_BRAGG,BBOB,7.852644607759444
PHOTONIC_20LAYERS_BRAGG,BBOB,7.3154640106101825
PHOTONIC_20LAYERS_BRAGG,BBOB,4.554777828056592
PHOTONIC_20LAYERS_BRAGG,BBOB,8.57061838082025
PHOTONIC_20LAYERS_BRAGG,BBOB,10.958963643094455
PHOTONIC_20LAYERS_BRAGG,BBOB,8.032630379694263
PHOTONIC_20LAYERS_BRAGG,BBOB,8.092589031064547
PHOTONIC_20LAYERS_BRAGG,BBOB,10.756448243570844
PHOTONIC_20LAYERS_BRAGG,BBOB,9.226149049490429
PHOTONIC_20LAYERS_BRAGG,BBOB,7.935669050240405
PHOTONIC_20LAYERS_BRAGG,BBOB,5.708872527508437
PHOTONIC_20LAYERS_BRAGG,BBOB,4.430745264606533
PHOTONIC_20LAYERS_BRAGG,BBOB,7.023245000880697
PHOTONIC_20LAYERS_BRAGG,BBOB,10.314503218095432
PHOTONIC_20LAYERS_BRAGG,BBOB,4.577944863227729
PHOTONIC_20LAYERS_BRAGG,BBOB,8.408574574218383
PHOTONIC_20LAYERS_BRAGG,BBOB,10.38429289103444
PHOTONIC_20LAYERS_BRAGG,BBOB,8.243306547007515
PHOTONIC_20LAYERS_BRAGG,BBOB,7.512577984003561
PHOTONIC_20LAYERS_BRAGG,BBOB,7.6191589086203155
PHOTONIC_20LAYERS_BRAGG,BBOB,4.8447869900943745
PHOTONIC_20LAYERS_BRAGG,BBOB,5.910281591244111
PHOTONIC_20LAYERS_BRAGG,BBOB,7.39369899962586
PHOTONIC_20LAYERS_BRAGG,BBOB,4.602105816956546
PHOTONIC_20LAYERS_BRAGG,BBOB,7.873141093648157
PHOTONIC_20LAYERS_BRAGG,BBOB,5.8992770797654375
PHOTONIC_20LAYERS_BRAGG,BBOB,7.494638560779064
PHOTONIC_20LAYERS_BRAGG,BBOB,9.71583515661081
PHOTONIC_20LAYERS_BRAGG,BBOB,8.361267875771016
PHOTONIC_20LAYERS_BRAGG,BBOB,9.113588573699486
PHOTONIC_20LAYERS_BRAGG,BBOB,6.770006381810902
PHOTONIC_20LAYERS_BRAGG,BBOB,11.836623258917465
PHOTONIC_20LAYERS_BRAGG,BBOB,7.456656158734042
PHOTONIC_20LAYERS_BRAGG,BBOB,6.683908356792755
PHOTONIC_20LAYERS_BRAGG,BBOB,4.42185309962252
PHOTONIC_20LAYERS_BRAGG,BBOB,7.148723401322098
PHOTONIC_20LAYERS_BRAGG,BBOB,10.911937533122083
PHOTONIC_20LAYERS_BRAGG,BBOB,6.84644911160312
PHOTONIC_20LAYERS_BRAGG,BBOB,12.92457728795389
PHOTONIC_20LAYERS_BRAGG,BBOB,7.149446274630392
PHOTONIC_20LAYERS_BRAGG,BBOB,9.253916482817555
PHOTONIC_20LAYERS_BRAGG,BBOB,5.66484316035541
PHOTONIC_20LAYERS_BRAGG,BBOB,5.270686473151602
PHOTONIC_20LAYERS_BRAGG,BBOB,7.128204916499507
PHOTONIC_20LAYERS_BRAGG,BBOB,7.5746791360444945
PHOTONIC_20LAYERS_BRAGG,BBOB,5.861772628643481
PHOTONIC_20LAYERS_BRAGG,BBOB,6.664101217079339
PHOTONIC_20LAYERS_BRAGG,BBOB,6.610397229882346
PHOTONIC_20LAYERS_BRAGG,BBOB,8.334765227089413
PHOTONIC_20LAYERS_BRAGG,BBOB,7.199096143101113
PHOTONIC_20LAYERS_BRAGG,BBOB,12.95570194165987
PHOTONIC_20LAYERS_BRAGG,BBOB,6.01698612977197
PHOTONIC_20LAYERS_BRAGG,BBOB,8.20587644796448
PHOTONIC_20LAYERS_BRAGG,BBOB,7.602326772008004
PHOTONIC_20LAYERS_BRAGG,BBOB,9.925934646839902
PHOTONIC_20LAYERS_BRAGG,BBOB,8.474661402958665
PHOTONIC_20LAYERS_BRAGG,BBOB,12.86731748725861
PHOTONIC_20LAYERS_BRAGG,BBOB,13.299947978836725
PHOTONIC_20LAYERS_BRAGG,BBOB,4.393587874227209
PHOTONIC_20LAYERS_BRAGG,BBOB,4.764239233100573
PHOTONIC_20LAYERS_BRAGG,BBOB,6.846134841788618
PHOTONIC_20LAYERS_BRAGG,BBOB,9.412648586087116
PHOTONIC_20LAYERS_BRAGG,BBOB,8.441671990543101
PHOTONIC_20LAYERS_BRAGG,BBOB,9.22493094223215
PHOTONIC_20LAYERS_BRAGG,BBOB,7.622844632718442
PHOTONIC_20LAYERS_BRAGG,BBOB,8.319197426355105
PHOTONIC_20LAYERS_BRAGG,BBOB,6.0237539509173255
PHOTONIC_20LAYERS_BRAGG,BBOB,5.270392207940435
PHOTONIC_20LAYERS_BRAGG,BBOB,4.546467754283325
PHOTONIC_20LAYERS_BRAGG,BBOB,11.36338502669202
PHOTONIC_20LAYERS_BRAGG,BBOB,7.750248805285115
PHOTONIC_20LAYERS_BRAGG,BBOB,6.15337010609634
PHOTONIC_20LAYERS_BRAGG,BBOB,9.246772742809343
PHOTONIC_20LAYERS_BRAGG,BBOB,7.6255758943029095
PHOTONIC_20LAYERS_BRAGG,BBOB,5.864077666131112
PHOTONIC_20LAYERS_BRAGG,BBOB,7.755952655243742
PHOTONIC_20LAYERS_BRAGG,BBOB,11.007187202821472
PHOTONIC_20LAYERS_BRAGG,BBOB,8.11364342156528
PHOTONIC_20LAYERS_BRAGG,BBOB,7.925695079802945
PHOTONIC_20LAYERS_BRAGG,BBOB,7.649928837576049
PHOTONIC_20LAYERS_BRAGG,BBOB,7.058702901591673
PHOTONIC_20LAYERS_BRAGG,BBOB,7.511721424675026
PHOTONIC_20LAYERS_BRAGG,BBOB,8.055324842788728
PHOTONIC_20LAYERS_BRAGG,BBOB,5.4088213242632195
PHOTONIC_20LAYERS_BRAGG,BBOB,8.209276279667709
PHOTONIC_20LAYERS_BRAGG,BBOB,9.80287919237662
PHOTONIC_20LAYERS_BRAGG,BBOB,7.178162188956788
PHOTONIC_20LAYERS_BRAGG,BBOB,8.35529317596118
PHOTONIC_20LAYERS_BRAGG,BBOB,7.305180996091882
PHOTONIC_20LAYERS_BRAGG,BBOB,7.840758971914888
PHOTONIC_20LAYERS_BRAGG,BBOB,4.573763269831438
PHOTONIC_20LAYERS_BRAGG,BBOB,13.553483509230189
PHOTONIC_20LAYERS_BRAGG,BBOB,9.667417044731076
PHOTONIC_20LAYERS_BRAGG,BBOB,6.739509121729259
PHOTONIC_20LAYERS_BRAGG,BBOB,6.15551431021759
PHOTONIC_20LAYERS_BRAGG,BBOB,9.221434675838193
PHOTONIC_20LAYERS_BRAGG,BBOB,7.826224417404032
PHOTONIC_20LAYERS_BRAGG,BBOB,5.571369182405538
PHOTONIC_20LAYERS_BRAGG,BBOB,9.003080174712133
PHOTONIC_20LAYERS_BRAGG,BBOB,9.001069472190775
PHOTONIC_20LAYERS_BRAGG,BBOB,8.190204562670242
PHOTONIC_20LAYERS_BRAGG,BBOB,5.563703296375362
PHOTONIC_20LAYERS_BRAGG,BBOB,10.551882530334387
PHOTONIC_20LAYERS_BRAGG,BBOB,4.351943126882896
PHOTONIC_20LAYERS_BRAGG,BBOB,8.316392075219781
PHOTONIC_20LAYERS_BRAGG,BBOB,11.203440264474834
PHOTONIC_20LAYERS_BRAGG,BBOB,5.848965131339992
PHOTONIC_20LAYERS_BRAGG,BBOB,6.141839891705361
PHOTONIC_20LAYERS_BRAGG,BBOB,10.2693620070252
PHOTONIC_20LAYERS_BRAGG,BBOB,5.66463526248591
PHOTONIC_20LAYERS_BRAGG,BBOB,12.92992491611202
PHOTONIC_20LAYERS_BRAGG,BBOB,9.640947101662809
PHOTONIC_20LAYERS_BRAGG,BBOB,8.956894464930443
PHOTONIC_20LAYERS_BRAGG,BBOB,6.742299154102542
PHOTONIC_20LAYERS_BRAGG,BBOB,8.530333703690301
PHOTONIC_20LAYERS_BRAGG,BBOB,7.529319221088542
PHOTONIC_20LAYERS_BRAGG,BBOB,8.258552601992921
PHOTONIC_20LAYERS_BRAGG,BBOB,9.01361246891395
PHOTONIC_20LAYERS_BRAGG,BBOB,9.850765991471944
PHOTONIC_20LAYERS_BRAGG,BBOB,7.410582822592098
PHOTONIC_20LAYERS_BRAGG,BBOB,13.295705426925428
PHOTONIC_20LAYERS_BRAGG,BBOB,8.040356308797072
PHOTONIC_20LAYERS_BRAGG,BBOB,6.609744617764206
PHOTONIC_20LAYERS_BRAGG,BBOB,9.151659969832656
PHOTONIC_20LAYERS_BRAGG,BBOB,8.548746832820099
PHOTONIC_20LAYERS_BRAGG,BBOB,4.56231460763079
PHOTONIC_20LAYERS_BRAGG,BBOB,8.547879607955146
PHOTONIC_20LAYERS_BRAGG,BBOB,8.132386374906853
PHOTONIC_20LAYERS_BRAGG,BBOB,4.549963922250984
PHOTONIC_20LAYERS_BRAGG,BBOB,6.095784871664274
PHOTONIC_20LAYERS_BRAGG,BBOB,7.395633812262483
PHOTONIC_20LAYERS_BRAGG,BBOB,7.684966559063378
PHOTONIC_20LAYERS_BRAGG,BBOB,7.925206860171831
PHOTONIC_20LAYERS_BRAGG,BBOB,9.688911562407075
PHOTONIC_20LAYERS_BRAGG,BBOB,7.4729453809872926
PHOTONIC_20LAYERS_BRAGG,BBOB,4.24072699149019
PHOTONIC_20LAYERS_BRAGG,BBOB,8.122917377429596
PHOTONIC_20LAYERS_BRAGG,BBOB,6.119941831828405
PHOTONIC_20LAYERS_BRAGG,BBOB,8.373501428197333
PHOTONIC_20LAYERS_BRAGG,BBOB,6.749365822334355
PHOTONIC_20LAYERS_BRAGG,BBOB,8.247241424266138
PHOTONIC_20LAYERS_BRAGG,BBOB,7.146783859234371
PHOTONIC_20LAYERS_BRAGG,BBOB,6.796026258143138
PHOTONIC_20LAYERS_BRAGG,BBOB,7.583057270315174
PHOTONIC_20LAYERS_BRAGG,BBOB,9.741773059599346
PHOTONIC_20LAYERS_BRAGG,BBOB,6.586296378056564
PHOTONIC_20LAYERS_BRAGG,BBOB,5.303207130740367
PHOTONIC_20LAYERS_BRAGG,BBOB,10.52181864291496
PHOTONIC_20LAYERS_BRAGG,BBOB,9.194130226074632
PHOTONIC_20LAYERS_BRAGG,BBOB,10.30894614457065
PHOTONIC_20LAYERS_BRAGG,BBOB,4.425837805892809
PHOTONIC_20LAYERS_BRAGG,BBOB,9.068116463042182
PHOTONIC_20LAYERS_BRAGG,BBOB,4.240739350814316
PHOTONIC_20LAYERS_BRAGG,BBOB,5.40889338816004
PHOTONIC_20LAYERS_BRAGG,BBOB,4.444050209378366
PHOTONIC_20LAYERS_BRAGG,BBOB,6.61098191181882
PHOTONIC_20LAYERS_BRAGG,BBOB,10.767567195536232
PHOTONIC_20LAYERS_BRAGG,BBOB,8.552135109449553
PHOTONIC_20LAYERS_BRAGG,BBOB,6.005202562353136
PHOTONIC_20LAYERS_BRAGG,BBOB,4.542766204891459
PHOTONIC_20LAYERS_BRAGG,BBOB,5.409206834904469
PHOTONIC_20LAYERS_BRAGG,BBOB,7.731541402269638
PHOTONIC_20LAYERS_BRAGG,BBOB,9.620789663917549
PHOTONIC_20LAYERS_BRAGG,BBOB,6.727837145065122
PHOTONIC_20LAYERS_BRAGG,BBOB,5.262935654194936
PHOTONIC_20LAYERS_BRAGG,BBOB,8.135176770514978
PHOTONIC_20LAYERS_BRAGG,BBOB,4.552034327356533
PHOTONIC_20LAYERS_BRAGG,BBOB,7.853015532178935
PHOTONIC_20LAYERS_BRAGG,BBOB,10.058768938926944
PHOTONIC_20LAYERS_BRAGG,BBOB,11.028760154239436
PHOTONIC_20LAYERS_BRAGG,BBOB,7.304832271377213
PHOTONIC_20LAYERS_BRAGG,BBOB,8.18921138795922
PHOTONIC_20LAYERS_BRAGG,BBOB,4.406754975356306
PHOTONIC_20LAYERS_BRAGG,BBOB,8.55523030676646
PHOTONIC_20LAYERS_BRAGG,BBOB,7.472755043201323
PHOTONIC_20LAYERS_BRAGG,BBOB,5.242610673447624
PHOTONIC_20LAYERS_BRAGG,BBOB,4.41257354668864
PHOTONIC_20LAYERS_BRAGG,BBOB,9.023116199976807
PHOTONIC_20LAYERS_BRAGG,BBOB,8.196788492074871
PHOTONIC_20LAYERS_BRAGG,BBOB,7.161790822800865
PHOTONIC_20LAYERS_BRAGG,BBOB,6.635711689569098
PHOTONIC_20LAYERS_BRAGG,BBOB,7.850771409513798
PHOTONIC_20LAYERS_BRAGG,BBOB,8.844026195018332
PHOTONIC_20LAYERS_BRAGG,BBOB,8.994050873153004
PHOTONIC_20LAYERS_BRAGG,BBOB,6.662575781073277
PHOTONIC_20LAYERS_BRAGG,BBOB,7.457215784297976
PHOTONIC_20LAYERS_BRAGG,BBOB,5.9826984584431635
PHOTONIC_20LAYERS_BRAGG,BBOB,9.684203093068929
PHOTONIC_20LAYERS_BRAGG,BBOB,7.853197259349996
PHOTONIC_20LAYERS_BRAGG,BBOB,6.447602621893896
PHOTONIC_20LAYERS_BRAGG,BBOB,5.152504846011169
PHOTONIC_20LAYERS_BRAGG,BBOB,12.218486014076118
PHOTONIC_20LAYERS_BRAGG,BBOB,7.599918870787104
PHOTONIC_20LAYERS_BRAGG,BBOB,4.4187135203282875
PHOTONIC_20LAYERS_BRAGG,BBOB,4.764021176642962
PHOTONIC_20LAYERS_BRAGG,BBOB,6.852749506257522
PHOTONIC_20LAYERS_BRAGG,BBOB,5.8800087775758945
PHOTONIC_20LAYERS_BRAGG,BBOB,6.897411106596563
PHOTONIC_20LAYERS_BRAGG,BBOB,6.772556782619715
PHOTONIC_20LAYERS_BRAGG,BBOB,7.0611445638375585
PHOTONIC_20LAYERS_BRAGG,BBOB,7.368585289072243
PHOTONIC_20LAYERS_BRAGG,BBOB,20.29013457019813
PHOTONIC_20LAYERS_BRAGG,BBOB,11.07730059899609
PHOTONIC_20LAYERS_BRAGG,BBOB,8.695511160487328
PHOTONIC_20LAYERS_BRAGG,BBOB,8.690918196776197
PHOTONIC_20LAYERS_BRAGG,BBOB,9.417118448637883
PHOTONIC_20LAYERS_BRAGG,BBOB,6.374557418683825
PHOTONIC_20LAYERS_BRAGG,BBOB,9.997939162308015
PHOTONIC_20LAYERS_BRAGG,BBOB,5.821569502213772
PHOTONIC_20LAYERS_BRAGG,BBOB,8.60038337034028
PHOTONIC_20LAYERS_BRAGG,BBOB,4.519917530918498
PHOTONIC_20LAYERS_BRAGG,BBOB,9.729841263344921
PHOTONIC_20LAYERS_BRAGG,BBOB,7.853707130758707
PHOTONIC_20LAYERS_BRAGG,BBOB,7.70059423871018
PHOTONIC_20LAYERS_BRAGG,BBOB,10.066416257377893
PHOTONIC_20LAYERS_BRAGG,BBOB,6.892017981362987
PHOTONIC_20LAYERS_BRAGG,BBOB,8.467994523934513
PHOTONIC_20LAYERS_BRAGG,BBOB,10.96832053403008
PHOTONIC_20LAYERS_BRAGG,BBOB,6.800542545809059
PHOTONIC_20LAYERS_BRAGG,BBOB,6.090233956473525
PHOTONIC_20LAYERS_BRAGG,BBOB,6.5006442735357375
PHOTONIC_20LAYERS_BRAGG,BBOB,9.832339839011976
PHOTONIC_20LAYERS_BRAGG,BBOB,8.60073618803742
PHOTONIC_20LAYERS_BRAGG,BBOB,7.305244865350131
PHOTONIC_20LAYERS_BRAGG,BBOB,7.938868970928009
PHOTONIC_20LAYERS_BRAGG,BBOB,5.999862261672267
PHOTONIC_20LAYERS_BRAGG,BBOB,8.977961819998216
PHOTONIC_20LAYERS_BRAGG,BBOB,5.57166364113517
PHOTONIC_20LAYERS_BRAGG,BBOB,9.26288124961934
PHOTONIC_20LAYERS_BRAGG,BBOB,9.201586775481571
PHOTONIC_20LAYERS_BRAGG,BBOB,9.247060099757302
PHOTONIC_20LAYERS_BRAGG,BBOB,10.193960058945622
PHOTONIC_20LAYERS_BRAGG,BBOB,7.863023833192617
PHOTONIC_20LAYERS_BRAGG,BBOB,7.519465598960153
PHOTONIC_20LAYERS_BRAGG,BBOB,4.374363961410814
PHOTONIC_20LAYERS_BRAGG,BBOB,7.964308823509331
PHOTONIC_20LAYERS_BRAGG,BBOB,5.305370803013707
PHOTONIC_20LAYERS_BRAGG,BBOB,5.879772977913936
PHOTONIC_20LAYERS_BRAGG,BBOB,7.059850496907783
PHOTONIC_20LAYERS_BRAGG,BBOB,12.9174569449512
PHOTONIC_20LAYERS_BRAGG,BBOB,5.730672437438081
PHOTONIC_20LAYERS_BRAGG,BBOB,5.8641472332133535
PHOTONIC_20LAYERS_BRAGG,BBOB,7.281441287490824
PHOTONIC_20LAYERS_BRAGG,BBOB,8.794855759290199
PHOTONIC_20LAYERS_BRAGG,BBOB,4.437236792812392
PHOTONIC_20LAYERS_BRAGG,BBOB,8.122938228234894
PHOTONIC_20LAYERS_BRAGG,BBOB,10.476585080494608
PHOTONIC_20LAYERS_BRAGG,BBOB,9.359345707430702
PHOTONIC_20LAYERS_BRAGG,BBOB,9.643606310952206
PHOTONIC_20LAYERS_BRAGG,BBOB,9.122020587562586
PHOTONIC_20LAYERS_BRAGG,BBOB,12.909406808800645
PHOTONIC_20LAYERS_BRAGG,BBOB,6.092280486526619
PHOTONIC_20LAYERS_BRAGG,BBOB,20.64847196459746
PHOTONIC_20LAYERS_BRAGG,BBOB,11.36266863878849
PHOTONIC_20LAYERS_BRAGG,BBOB,10.410916566391835
PHOTONIC_20LAYERS_BRAGG,BBOB,7.851987864571533
PHOTONIC_20LAYERS_BRAGG,BBOB,7.964459539477898
PHOTONIC_20LAYERS_BRAGG,BBOB,10.532303318121162
PHOTONIC_20LAYERS_BRAGG,BBOB,9.64993986668777
PHOTONIC_20LAYERS_BRAGG,BBOB,7.385603307619139
PHOTONIC_20LAYERS_BRAGG,BBOB,4.4534054447809694
PHOTONIC_20LAYERS_BRAGG,BBOB,12.839466752968892
PHOTONIC_20LAYERS_BRAGG,BBOB,9.67981052103751
PHOTONIC_20LAYERS_BRAGG,BBOB,8.107266470078994
PHOTONIC_20LAYERS_BRAGG,BBOB,8.361480470284688
PHOTONIC_20LAYERS_BRAGG,BBOB,9.319061435473271
PHOTONIC_20LAYERS_BRAGG,BBOB,7.959502390823534
PHOTONIC_20LAYERS_BRAGG,BBOB,8.022397659126467
PHOTONIC_20LAYERS_BRAGG,BBOB,5.564206436988665
PHOTONIC_20LAYERS_BRAGG,BBOB,9.070921105794117
PHOTONIC_20LAYERS_BRAGG,BBOB,7.17835362619106
PHOTONIC_20LAYERS_BRAGG,BBOB,4.40862539093095
PHOTONIC_20LAYERS_BRAGG,BBOB,8.26058146497158
PHOTONIC_20LAYERS_BRAGG,BBOB,7.279556936711139
PHOTONIC_20LAYERS_BRAGG,BBOB,7.96204965319969
PHOTONIC_20LAYERS_BRAGG,BBOB,8.293719737422334
PHOTONIC_20LAYERS_BRAGG,BBOB,5.263143617475362
PHOTONIC_20LAYERS_BRAGG,BBOB,9.219585058416232
PHOTONIC_20LAYERS_BRAGG,BBOB,8.548810318056473
PHOTONIC_20LAYERS_BRAGG,BBOB,5.242649251144973
PHOTONIC_20LAYERS_BRAGG,BBOB,7.1286596352590506
PHOTONIC_20LAYERS_BRAGG,BBOB,9.70027630752212
PHOTONIC_20LAYERS_BRAGG,BBOB,11.076646330971906
PHOTONIC_20LAYERS_BRAGG,BBOB,7.983246679331715
PHOTONIC_20LAYERS_BRAGG,BBOB,6.798338253071744
PHOTONIC_20LAYERS_BRAGG,BBOB,8.821272350199546
PHOTONIC_20LAYERS_BRAGG,BBOB,9.737807464606288
PHOTONIC_20LAYERS_BRAGG,BBOB,5.409649721902658
PHOTONIC_20LAYERS_BRAGG,BBOB,5.961160133233992
PHOTONIC_20LAYERS_BRAGG,BBOB,5.821959132151941
PHOTONIC_20LAYERS_BRAGG,BBOB,9.628534662483462
PHOTONIC_20LAYERS_BRAGG,BBOB,4.403622930356484
PHOTONIC_20LAYERS_BRAGG,BBOB,4.405277010622782
PHOTONIC_20LAYERS_BRAGG,BBOB,7.215547356751971
PHOTONIC_20LAYERS_BRAGG,BBOB,10.449492397481983
PHOTONIC_20LAYERS_BRAGG,BBOB,8.20062057054671
PHOTONIC_20LAYERS_BRAGG,BBOB,8.87702336186617
PHOTONIC_20LAYERS_BRAGG,BBOB,5.864338011908004
PHOTONIC_20LAYERS_BRAGG,BBOB,9.589426191389617
PHOTONIC_20LAYERS_BRAGG,BBOB,7.182088657871218
PHOTONIC_20LAYERS_BRAGG,BBOB,7.827929658592088
PHOTONIC_20LAYERS_BRAGG,BBOB,10.958423649935334
PHOTONIC_20LAYERS_BRAGG,BBOB,6.15156957203629
PHOTONIC_20LAYERS_BRAGG,BBOB,8.412718546230506
PHOTONIC_20LAYERS_BRAGG,BBOB,8.216538334091698
PHOTONIC_20LAYERS_BRAGG,BBOB,6.202042126003544
PHOTONIC_20LAYERS_BRAGG,BBOB,9.542353480811476
PHOTONIC_20LAYERS_BRAGG,BBOB,8.586906926257075
PHOTONIC_20LAYERS_BRAGG,BBOB,9.345379233915084
PHOTONIC_20LAYERS_BRAGG,BBOB,9.075448818132728
PHOTONIC_20LAYERS_BRAGG,BBOB,7.848788854482992
PHOTONIC_20LAYERS_BRAGG,BBOB,7.164896612813846
PHOTONIC_20LAYERS_BRAGG,BBOB,5.822838849225711
PHOTONIC_20LAYERS_BRAGG,BBOB,7.252458134061659
PHOTONIC_20LAYERS_BRAGG,BBOB,8.735700155842476
PHOTONIC_20LAYERS_BRAGG,BBOB,8.33397632553745
PHOTONIC_20LAYERS_BRAGG,BBOB,6.177118806044423
PHOTONIC_20LAYERS_BRAGG,BBOB,4.398009930151509
PHOTONIC_20LAYERS_BRAGG,BBOB,8.860564752837377
PHOTONIC_20LAYERS_BRAGG,BBOB,5.734898471992466
PHOTONIC_20LAYERS_BRAGG,BBOB,7.410208436290809
PHOTONIC_20LAYERS_BRAGG,BBOB,5.695951970855798
PHOTONIC_20LAYERS_BRAGG,BBOB,12.60224550326874
PHOTONIC_20LAYERS_BRAGG,BBOB,8.571500150924662
PHOTONIC_20LAYERS_BRAGG,BBOB,12.760191430439708
PHOTONIC_20LAYERS_BRAGG,BBOB,7.621040409872499
PHOTONIC_20LAYERS_BRAGG,BBOB,8.230836786796214
PHOTONIC_20LAYERS_BRAGG,BBOB,5.862403187048912
PHOTONIC_20LAYERS_BRAGG,BBOB,9.746971640581505
PHOTONIC_20LAYERS_BRAGG,BBOB,10.054511391004157
PHOTONIC_20LAYERS_BRAGG,BBOB,9.687056762817194
PHOTONIC_20LAYERS_BRAGG,BBOB,7.111630146784576
PHOTONIC_20LAYERS_BRAGG,BBOB,9.610732920434383
PHOTONIC_20LAYERS_BRAGG,BBOB,20.28571591406452
PHOTONIC_20LAYERS_BRAGG,BBOB,8.546339153469297
PHOTONIC_20LAYERS_BRAGG,BBOB,8.29344612530914
PHOTONIC_20LAYERS_BRAGG,BBOB,7.997516779144315
PHOTONIC_20LAYERS_BRAGG,BBOB,6.834781131374294
PHOTONIC_20LAYERS_BRAGG,BBOB,20.621028706230824
PHOTONIC_20LAYERS_BRAGG,BBOB,7.31525393605726
PHOTONIC_20LAYERS_BRAGG,BBOB,8.573758162472675
PHOTONIC_20LAYERS_BRAGG,BBOB,11.363724002916827
PHOTONIC_20LAYERS_BRAGG,BBOB,5.367638251432713
PHOTONIC_20LAYERS_BRAGG,BBOB,8.190666293563512
PHOTONIC_20LAYERS_BRAGG,BBOB,11.86936469578897
PHOTONIC_20LAYERS_BRAGG,BBOB,8.528284225681764
PHOTONIC_20LAYERS_BRAGG,BBOB,6.742518533648746
PHOTONIC_20LAYERS_BRAGG,BBOB,6.598375785304692
PHOTONIC_20LAYERS_BRAGG,BBOB,8.548572818257837
PHOTONIC_20LAYERS_BRAGG,BBOB,7.454460414529839
PHOTONIC_20LAYERS_BRAGG,BBOB,7.862119985362823
PHOTONIC_20LAYERS_BRAGG,BBOB,7.855161837978588
PHOTONIC_20LAYERS_BRAGG,BBOB,4.369947810440849
PHOTONIC_20LAYERS_BRAGG,BBOB,5.25341935061752
PHOTONIC_20LAYERS_BRAGG,BBOB,7.731541402269638
PHOTONIC_20LAYERS_BRAGG,BBOB,8.175028930684082
PHOTONIC_20LAYERS_BRAGG,BBOB,10.520384876250489
PHOTONIC_20LAYERS_BRAGG,BBOB,7.58257118573843
PHOTONIC_20LAYERS_BRAGG,BBOB,13.559080401482873
PHOTONIC_20LAYERS_BRAGG,BBOB,6.855106707744088
PHOTONIC_20LAYERS_BRAGG,BBOB,8.842513673567298
PHOTONIC_20LAYERS_BRAGG,BBOB,7.849159368611997
PHOTONIC_20LAYERS_BRAGG,BBOB,4.601714483762811
PHOTONIC_20LAYERS_BRAGG,BBOB,5.408755892899923
PHOTONIC_20LAYERS_BRAGG,BBOB,6.892426853307756
PHOTONIC_20LAYERS_BRAGG,BBOB,7.6280039210599515
PHOTONIC_20LAYERS_BRAGG,BBOB,8.684187082539605
PHOTONIC_20LAYERS_BRAGG,BBOB,8.675893598851475
PHOTONIC_20LAYERS_BRAGG,BBOB,7.830380500265093
PHOTONIC_20LAYERS_BRAGG,BBOB,9.679859025371355
PHOTONIC_20LAYERS_BRAGG,BBOB,5.847928293984457
PHOTONIC_20LAYERS_BRAGG,BBOB,6.374724002588752
PHOTONIC_20LAYERS_BRAGG,BBOB,5.943922876544898
PHOTONIC_20LAYERS_BRAGG,BBOB,10.00971964794697
PHOTONIC_20LAYERS_BRAGG,BBOB,7.106866704759088
PHOTONIC_20LAYERS_BRAGG,BBOB,10.126788825165917
PHOTONIC_20LAYERS_BRAGG,BBOB,4.413123780814798
PHOTONIC_20LAYERS_BRAGG,BBOB,10.925730248276885
PHOTONIC_20LAYERS_BRAGG,BBOB,10.442810910453337
PHOTONIC_20LAYERS_BRAGG,BBOB,10.54188966273885
PHOTONIC_20LAYERS_BRAGG,BBOB,8.572459189778739
PHOTONIC_20LAYERS_BRAGG,BBOB,6.182095778441139
PHOTONIC_20LAYERS_BRAGG,BBOB,9.561527028239972
PHOTONIC_20LAYERS_BRAGG,BBOB,7.058851869918928
PHOTONIC_20LAYERS_BRAGG,BBOB,8.041514802277826
PHOTONIC_20LAYERS_BRAGG,BBOB,4.409620316407495
PHOTONIC_20LAYERS_BRAGG,BBOB,7.180316224504789
PHOTONIC_20LAYERS_BRAGG,BBOB,5.890381103277502
PHOTONIC_20LAYERS_BRAGG,BBOB,11.86402410061302
PHOTONIC_20LAYERS_BRAGG,BBOB,10.593571434076322
PHOTONIC_20LAYERS_BRAGG,BBOB,8.856298419268594
PHOTONIC_20LAYERS_BRAGG,BBOB,9.247924440886221
PHOTONIC_20LAYERS_BRAGG,BBOB,6.866778879401149
PHOTONIC_20LAYERS_BRAGG,BBOB,10.758883520332265
PHOTONIC_20LAYERS_BRAGG,BBOB,9.76518577165601
PHOTONIC_20LAYERS_BRAGG,BBOB,10.91239881513602
PHOTONIC_20LAYERS_BRAGG,BBOB,10.227174965140653
PHOTONIC_20LAYERS_BRAGG,BBOB,6.846988205817672
PHOTONIC_20LAYERS_BRAGG,BBOB,4.456834759068194
PHOTONIC_20LAYERS_BRAGG,BBOB,6.1147664496617375
PHOTONIC_20LAYERS_BRAGG,BBOB,7.936623144320914
PHOTONIC_20LAYERS_BRAGG,BBOB,7.625420186464922
PHOTONIC_20LAYERS_BRAGG,BBOB,9.035381894925466
PHOTONIC_20LAYERS_BRAGG,BBOB,13.309330419861626
PHOTONIC_20LAYERS_BRAGG,BBOB,8.554529924875746
PHOTONIC_20LAYERS_BRAGG,BBOB,7.600013190799769
PHOTONIC_20LAYERS_BRAGG,BBOB,10.926626100610472
PHOTONIC_20LAYERS_BRAGG,BBOB,10.9855410631708
PHOTONIC_20LAYERS_BRAGG,BBOB,4.767569203150079
PHOTONIC_20LAYERS_BRAGG,BBOB,6.834591159900371
PHOTONIC_20LAYERS_BRAGG,BBOB,6.744636536069769
PHOTONIC_20LAYERS_BRAGG,BBOB,7.1911250458609395
PHOTONIC_20LAYERS_BRAGG,BBOB,7.700710038309117
PHOTONIC_20LAYERS_BRAGG,BBOB,10.023044316614323
PHOTONIC_20LAYERS_BRAGG,BBOB,12.603456912678183
PHOTONIC_20LAYERS_BRAGG,BBOB,8.58377601400015
PHOTONIC_20LAYERS_BRAGG,BBOB,7.399638233572353
PHOTONIC_20LAYERS_BRAGG,BBOB,7.27933746043207
PHOTONIC_20LAYERS_BRAGG,BBOB,4.760352617632528
PHOTONIC_20LAYERS_BRAGG,BBOB,7.453788273822109
PHOTONIC_20LAYERS_BRAGG,BBOB,8.373682180250967
PHOTONIC_20LAYERS_BRAGG,BBOB,8.624672610475596
PHOTONIC_20LAYERS_BRAGG,BBOB,8.724914038406768
PHOTONIC_20LAYERS_BRAGG,BBOB,8.175751249955706
PHOTONIC_20LAYERS_BRAGG,BBOB,12.218587420333014
PHOTONIC_20LAYERS_BRAGG,BBOB,6.1913394471380085
PHOTONIC_20LAYERS_BRAGG,BBOB,10.863912713261763
PHOTONIC_20LAYERS_BRAGG,BBOB,11.055274570039174
PHOTONIC_20LAYERS_BRAGG,BBOB,9.58238206122189
PHOTONIC_20LAYERS_BRAGG,BBOB,8.81316295734593
PHOTONIC_20LAYERS_BRAGG,BBOB,6.18164260091116
PHOTONIC_20LAYERS_BRAGG,BBOB,7.368586760379329
PHOTONIC_20LAYERS_BRAGG,BBOB,5.819706070996979
PHOTONIC_20LAYERS_BRAGG,BBOB,7.17869247735757
PHOTONIC_20LAYERS_BRAGG,BBOB,7.02205868399382
PHOTONIC_20LAYERS_BRAGG,BBOB,7.45613942610029
PHOTONIC_20LAYERS_BRAGG,BBOB,11.794792769887493
PHOTONIC_20LAYERS_BRAGG,BBOB,6.023974666883746
PHOTONIC_20LAYERS_BRAGG,BBOB,9.20736277440561
PHOTONIC_20LAYERS_BRAGG,BBOB,8.890027228029389
PHOTONIC_20LAYERS_BRAGG,BBOB,5.8492879851315855
PHOTONIC_20LAYERS_BRAGG,BBOB,6.966103661710003
PHOTONIC_20LAYERS_BRAGG,BBOB,6.002785745462709
PHOTONIC_20LAYERS_BRAGG,BBOB,7.252661613014907
PHOTONIC_20LAYERS_BRAGG,BBOB,9.27221463947344
PHOTONIC_20LAYERS_BRAGG,BBOB,8.637425591947673
PHOTONIC_20LAYERS_BRAGG,BBOB,7.8707428203387195
PHOTONIC_20LAYERS_BRAGG,BBOB,4.996419635337417
PHOTONIC_20LAYERS_BRAGG,BBOB,5.847922626977093
PHOTONIC_20LAYERS_BRAGG,BBOB,4.38735557365913
PHOTONIC_20LAYERS_BRAGG,BBOB,5.821866509072153
PHOTONIC_20LAYERS_BRAGG,BBOB,6.069662878114468
PHOTONIC_20LAYERS_BRAGG,BBOB,7.828919591046932
PHOTONIC_20LAYERS_BRAGG,BBOB,4.403329260983965
PHOTONIC_20LAYERS_BRAGG,BBOB,8.793417415239995
PHOTONIC_20LAYERS_BRAGG,BBOB,6.778658366427274
PHOTONIC_20LAYERS_BRAGG,BBOB,7.191701628502287
PHOTONIC_20LAYERS_BRAGG,BBOB,7.398487685127096
PHOTONIC_20LAYERS_BRAGG,BBOB,4.769929747269746
PHOTONIC_20LAYERS_BRAGG,BBOB,9.212262869576156
PHOTONIC_20LAYERS_BRAGG,BBOB,7.95521696955513
PHOTONIC_20LAYERS_BRAGG,BBOB,5.165049944130814
PHOTONIC_20LAYERS_BRAGG,BBOB,5.733795898118499
PHOTONIC_20LAYERS_BRAGG,BBOB,4.242670202344571
PHOTONIC_20LAYERS_BRAGG,BBOB,7.919237750682846
PHOTONIC_20LAYERS_BRAGG,BBOB,7.598601305090961
PHOTONIC_20LAYERS_BRAGG,BBOB,8.54906646937234
PHOTONIC_20LAYERS_BRAGG,BBOB,10.685018176606913
PHOTONIC_20LAYERS_BRAGG,BBOB,9.018187671372775
PHOTONIC_20LAYERS_BRAGG,BBOB,9.22493094223215
PHOTONIC_20LAYERS_BRAGG,BBOB,11.200150936296668
PHOTONIC_20LAYERS_BRAGG,BBOB,8.473608847728617
PHOTONIC_20LAYERS_BRAGG,BBOB,10.521117757394101
PHOTONIC_20LAYERS_BRAGG,BBOB,4.430348756852754
PHOTONIC_20LAYERS_BRAGG,BBOB,6.836168688755185
PHOTONIC_20LAYERS_BRAGG,BBOB,5.152858918422438
PHOTONIC_20LAYERS_BRAGG,BBOB,7.172032141452963
PHOTONIC_20LAYERS_BRAGG,BBOB,7.5991776839559195
PHOTONIC_20LAYERS_BRAGG,BBOB,6.082645648031357
PHOTONIC_20LAYERS_BRAGG,BBOB,7.626120114757802
PHOTONIC_20LAYERS_BRAGG,BBOB,9.681924721384835
PHOTONIC_20LAYERS_BRAGG,BBOB,8.776801289009564
PHOTONIC_20LAYERS_BRAGG,BBOB,5.734263274977948
PHOTONIC_20LAYERS_BRAGG,BBOB,7.2519448317000945
PHOTONIC_20LAYERS_BRAGG,BBOB,8.856347093959346
PHOTONIC_20LAYERS_BRAGG,BBOB,7.494371429934485
PHOTONIC_20LAYERS_BRAGG,BBOB,9.672599547374324
PHOTONIC_20LAYERS_BRAGG,BBOB,7.840798548386569
PHOTONIC_20LAYERS_BRAGG,BBOB,9.719388331878875
PHOTONIC_20LAYERS_BRAGG,BBOB,7.024054544972634
PHOTONIC_20LAYERS_BRAGG,BBOB,7.15383149554093
PHOTONIC_20LAYERS_BRAGG,BBOB,6.535356582112931
PHOTONIC_20LAYERS_BRAGG,BBOB,4.377355797372248
PHOTONIC_20LAYERS_BRAGG,BBOB,8.532965599011163
PHOTONIC_20LAYERS_BRAGG,BBOB,8.422032596741394
PHOTONIC_20LAYERS_BRAGG,BBOB,8.43303783613657
PHOTONIC_20LAYERS_BRAGG,BBOB,9.702097364291692
PHOTONIC_20LAYERS_BRAGG,BBOB,9.568105714670246
PHOTONIC_20LAYERS_BRAGG,BBOB,6.63601901753105
PHOTONIC_20LAYERS_BRAGG,BBOB,6.092805011933253
PHOTONIC_20LAYERS_BRAGG,BBOB,9.981866721565572
PHOTONIC_20LAYERS_BRAGG,BBOB,6.598402562262187
PHOTONIC_20LAYERS_BRAGG,BBOB,8.339530082823599
PHOTONIC_20LAYERS_BRAGG,BBOB,8.316826153032952
PHOTONIC_20LAYERS_BRAGG,BBOB,9.84008522669861
PHOTONIC_20LAYERS_BRAGG,BBOB,6.375308405612381
PHOTONIC_20LAYERS_BRAGG,BBOB,12.723032099951265
PHOTONIC_20LAYERS_BRAGG,BBOB,8.036689635746015
PHOTONIC_20LAYERS_BRAGG,BBOB,8.72337054317528
PHOTONIC_20LAYERS_BRAGG,BBOB,6.208696406878463
PHOTONIC_20LAYERS_BRAGG,BBOB,7.839377064150257
PHOTONIC_20LAYERS_BRAGG,BBOB,4.401470526999211
PHOTONIC_20LAYERS_BRAGG,BBOB,10.955902390171271
PHOTONIC_20LAYERS_BRAGG,BBOB,7.560691401668107
PHOTONIC_20LAYERS_BRAGG,BBOB,5.1890064289759055
PHOTONIC_20LAYERS_BRAGG,BBOB,5.86378045601248
PHOTONIC_20LAYERS_BRAGG,BBOB,6.200714280333905
PHOTONIC_20LAYERS_BRAGG,BBOB,11.881828997363202
PHOTONIC_20LAYERS_BRAGG,BBOB,7.62702561038122
PHOTONIC_20LAYERS_BRAGG,BBOB,8.64091581584105
PHOTONIC_20LAYERS_BRAGG,BBOB,9.338066443580024
PHOTONIC_20LAYERS_BRAGG,BBOB,5.309885703954387
PHOTONIC_20LAYERS_BRAGG,BBOB,10.664022029883801
PHOTONIC_20LAYERS_BRAGG,BBOB,8.139097687883947
PHOTONIC_20LAYERS_BRAGG,BBOB,8.08719941939043
PHOTONIC_20LAYERS_BRAGG,BBOB,8.357311265803103
PHOTONIC_20LAYERS_BRAGG,BBOB,5.8240006894354135
PHOTONIC_20LAYERS_BRAGG,BBOB,4.853390930426795
PHOTONIC_20LAYERS_BRAGG,BBOB,8.551740491825392
PHOTONIC_20LAYERS_BRAGG,BBOB,6.179651012906556
PHOTONIC_20LAYERS_BRAGG,BBOB,6.02394149440592
PHOTONIC_20LAYERS_BRAGG,BBOB,9.656674645449788
PHOTONIC_20LAYERS_BRAGG,BBOB,7.64349740246201
PHOTONIC_20LAYERS_BRAGG,BBOB,5.386548190996202
PHOTONIC_20LAYERS_BRAGG,BBOB,12.832329613807127
PHOTONIC_20LAYERS_BRAGG,BBOB,6.9312187115570225
PHOTONIC_20LAYERS_BRAGG,BBOB,7.624905669762933
PHOTONIC_20LAYERS_BRAGG,BBOB,7.796326880282394
PHOTONIC_20LAYERS_BRAGG,BBOB,12.918593477233866
PHOTONIC_20LAYERS_BRAGG,BBOB,12.620109059962976
PHOTONIC_20LAYERS_BRAGG,BBOB,5.27047819018093
PHOTONIC_20LAYERS_BRAGG,BBOB,8.556692693667149
PHOTONIC_20LAYERS_BRAGG,BBOB,9.345345150824222
PHOTONIC_20LAYERS_BRAGG,BBOB,8.437578526099648
PHOTONIC_20LAYERS_BRAGG,BBOB,4.37294438484806
PHOTONIC_20LAYERS_BRAGG,BBOB,10.728334839916046
PHOTONIC_20LAYERS_BRAGG,BBOB,8.092498702876838
PHOTONIC_20LAYERS_BRAGG,BBOB,9.699954857241348
PHOTONIC_20LAYERS_BRAGG,BBOB,8.318295615481818
PHOTONIC_20LAYERS_BRAGG,BBOB,4.441501653611777
PHOTONIC_20LAYERS_BRAGG,BBOB,7.667615714768521
PHOTONIC_20LAYERS_BRAGG,BBOB,9.013962902354583
PHOTONIC_20LAYERS_BRAGG,BBOB,4.367663430369958
PHOTONIC_20LAYERS_BRAGG,BBOB,8.19012895953124
PHOTONIC_20LAYERS_BRAGG,BBOB,5.94350658116022
PHOTONIC_20LAYERS_BRAGG,BBOB,6.081894431619416
PHOTONIC_20LAYERS_BRAGG,BBOB,6.586303095200648
PHOTONIC_20LAYERS_BRAGG,BBOB,8.02909239519837
PHOTONIC_20LAYERS_BRAGG,BBOB,7.35766703506662
PHOTONIC_20LAYERS_BRAGG,BBOB,5.718063352644103
PHOTONIC_20LAYERS_BRAGG,BBOB,10.925990527535614
PHOTONIC_20LAYERS_BRAGG,BBOB,4.4324812054433345
PHOTONIC_20LAYERS_BRAGG,BBOB,8.334911530706504
PHOTONIC_20LAYERS_BRAGG,BBOB,7.101031336848592
PHOTONIC_20LAYERS_BRAGG,BBOB,4.421652826826109
PHOTONIC_20LAYERS_BRAGG,BBOB,5.880527167960701
PHOTONIC_20LAYERS_BRAGG,BBOB,10.532422919760858
PHOTONIC_20LAYERS_BRAGG,BBOB,5.863544785454697
PHOTONIC_20LAYERS_BRAGG,BBOB,7.714566131803657
PHOTONIC_20LAYERS_BRAGG,BBOB,8.113528363051985
PHOTONIC_20LAYERS_BRAGG,BBOB,7.971638268397457
PHOTONIC_20LAYERS_BRAGG,BBOB,5.70964687419332
PHOTONIC_20LAYERS_BRAGG,BBOB,8.198508341722839
PHOTONIC_20LAYERS_BRAGG,BBOB,11.452856059945917
PHOTONIC_20LAYERS_BRAGG,BBOB,6.8678065059456
PHOTONIC_20LAYERS_BRAGG,BBOB,6.079446413705132
PHOTONIC_20LAYERS_BRAGG,BBOB,9.821532628901558
PHOTONIC_20LAYERS_BRAGG,BBOB,9.767642481013256
PHOTONIC_20LAYERS_BRAGG,BBOB,11.20492648181789
PHOTONIC_20LAYERS_BRAGG,BBOB,9.056000934271088
PHOTONIC_20LAYERS_BRAGG,BBOB,8.613524421246755
PHOTONIC_20LAYERS_BRAGG,BBOB,4.445153051016135
PHOTONIC_20LAYERS_BRAGG,BBOB,9.216811954157462
PHOTONIC_20LAYERS_BRAGG,BBOB,5.706117694660861
PHOTONIC_20LAYERS_BRAGG,BBOB,5.696386472828906
PHOTONIC_20LAYERS_BRAGG,BBOB,10.070776987567687
PHOTONIC_20LAYERS_BRAGG,BBOB,7.192030049500771
PHOTONIC_20LAYERS_BRAGG,BBOB,9.487512757557333
PHOTONIC_20LAYERS_BRAGG,BBOB,6.891320792494873
PHOTONIC_20LAYERS_BRAGG,BBOB,5.367652967848502
PHOTONIC_20LAYERS_BRAGG,BBOB,9.709644243363813
PHOTONIC_20LAYERS_BRAGG,BBOB,7.1282217099992184
PHOTONIC_20LAYERS_BRAGG,BBOB,8.952631285834677
PHOTONIC_20LAYERS_BRAGG,BBOB,6.846100481919227
PHOTONIC_20LAYERS_BRAGG,BBOB,4.602390283799151
PHOTONIC_20LAYERS_BRAGG,BBOB,5.137214349406291
PHOTONIC_20LAYERS_BRAGG,BBOB,12.589566159837178
PHOTONIC_20LAYERS_BRAGG,BBOB,9.028405597442397
PHOTONIC_20LAYERS_BRAGG,BBOB,8.17409715226106
PHOTONIC_20LAYERS_BRAGG,BBOB,10.107635132178267
PHOTONIC_20LAYERS_BRAGG,BBOB,9.016421677821048
PHOTONIC_20LAYERS_BRAGG,BBOB,9.476815716746692
PHOTONIC_20LAYERS_BRAGG,BBOB,5.5635962115021895
PHOTONIC_20LAYERS_BRAGG,BBOB,13.557981060249885
PHOTONIC_20LAYERS_BRAGG,BBOB,8.699176647285928
PHOTONIC_20LAYERS_BRAGG,BBOB,9.038520439691812
PHOTONIC_20LAYERS_BRAGG,BBOB,9.815133338542042
PHOTONIC_20LAYERS_BRAGG,BBOB,7.51019436952202
PHOTONIC_20LAYERS_BRAGG,BBOB,10.115973253238174
PHOTONIC_20LAYERS_BRAGG,BBOB,8.74033149800364
PHOTONIC_20LAYERS_BRAGG,BBOB,7.164055380179275
PHOTONIC_20LAYERS_BRAGG,BBOB,7.387080459505985
PHOTONIC_20LAYERS_BRAGG,BBOB,9.066213442220903
PHOTONIC_20LAYERS_BRAGG,BBOB,10.104842867469737
PHOTONIC_20LAYERS_BRAGG,BBOB,10.860947998970023
PHOTONIC_20LAYERS_BRAGG,BBOB,9.362871048993085
PHOTONIC_20LAYERS_BRAGG,BBOB,8.322252268058056
PHOTONIC_20LAYERS_BRAGG,BBOB,7.279268364723021
PHOTONIC_20LAYERS_BRAGG,BBOB,4.362398743804504
PHOTONIC_20LAYERS_BRAGG,BBOB,4.631289095573317
PHOTONIC_20LAYERS_BRAGG,BBOB,7.62312980734027
PHOTONIC_20LAYERS_BRAGG,BBOB,6.8354479618909325
PHOTONIC_20LAYERS_BRAGG,BBOB,10.912507051997869
PHOTONIC_20LAYERS_BRAGG,BBOB,9.249781126471557
PHOTONIC_20LAYERS_BRAGG,BBOB,6.796026258143138
PHOTONIC_20LAYERS_BRAGG,BBOB,8.001247228195641
PHOTONIC_20LAYERS_BRAGG,BBOB,10.825388496282649
PHOTONIC_20LAYERS_BRAGG,BBOB,12.71424034635108
PHOTONIC_20LAYERS_BRAGG,BBOB,9.215437722512554
PHOTONIC_20LAYERS_BRAGG,BBOB,6.894027231927713
PHOTONIC_20LAYERS_BRAGG,BBOB,8.02822648046602
PHOTONIC_20LAYERS_BRAGG,BBOB,5.188278222060965
PHOTONIC_20LAYERS_BRAGG,BBOB,8.125727932790069
PHOTONIC_20LAYERS_BRAGG,BBOB,8.40982016883435
PHOTONIC_20LAYERS_BRAGG,BBOB,4.633523066285159
PHOTONIC_20LAYERS_BRAGG,BBOB,4.604175069846035
PHOTONIC_20LAYERS_BRAGG,BBOB,9.627616190388428
PHOTONIC_20LAYERS_BRAGG,BBOB,8.037937354872223
PHOTONIC_20LAYERS_BRAGG,BBOB,9.53012977632014
PHOTONIC_20LAYERS_BRAGG,BBOB,8.870314566718337
PHOTONIC_20LAYERS_BRAGG,BBOB,8.690615001415534
PHOTONIC_20LAYERS_BRAGG,BBOB,4.6339834543546585
PHOTONIC_20LAYERS_BRAGG,BBOB,8.70092908568997
PHOTONIC_20LAYERS_BRAGG,BBOB,7.853391144737265
PHOTONIC_20LAYERS_BRAGG,BBOB,7.870178960658205
PHOTONIC_20LAYERS_BRAGG,BBOB,9.051333368187993
PHOTONIC_20LAYERS_BRAGG,BBOB,6.609232229213381
PHOTONIC_20LAYERS_BRAGG,BBOB,5.387171348627604
PHOTONIC_20LAYERS_BRAGG,BBOB,6.909848762337878
PHOTONIC_20LAYERS_BRAGG,BBOB,4.823119245930764
PHOTONIC_20LAYERS_BRAGG,BBOB,11.058088518642858
PHOTONIC_20LAYERS_BRAGG,BBOB,6.059508001748153
PHOTONIC_20LAYERS_BRAGG,BBOB,8.304853958392068
PHOTONIC_20LAYERS_BRAGG,BBOB,9.782112388451388
PHOTONIC_20LAYERS_BRAGG,BBOB,8.743390427116747
PHOTONIC_20LAYERS_BRAGG,BBOB,10.412689122413092
PHOTONIC_20LAYERS_BRAGG,BBOB,7.50954961350207
PHOTONIC_20LAYERS_BRAGG,BBOB,8.038461893066051
PHOTONIC_20LAYERS_BRAGG,BBOB,8.571226185806372
PHOTONIC_20LAYERS_BRAGG,BBOB,4.535583962635351
PHOTONIC_20LAYERS_BRAGG,BBOB,9.350919085401646
PHOTONIC_20LAYERS_BRAGG,BBOB,12.949859946898286
PHOTONIC_20LAYERS_BRAGG,BBOB,5.724063222387887
PHOTONIC_20LAYERS_BRAGG,BBOB,6.000688042766434
PHOTONIC_20LAYERS_BRAGG,BBOB,7.591211832426483
PHOTONIC_20LAYERS_BRAGG,BBOB,9.8421585847042
PHOTONIC_20LAYERS_BRAGG,BBOB,8.707832911088278
PHOTONIC_20LAYERS_BRAGG,BBOB,7.367126388900033
PHOTONIC_20LAYERS_BRAGG,BBOB,7.7120040445989755
PHOTONIC_20LAYERS_BRAGG,BBOB,9.234433205815646
PHOTONIC_20LAYERS_BRAGG,BBOB,4.513012313765635
PHOTONIC_20LAYERS_BRAGG,BBOB,7.364568559596355
PHOTONIC_20LAYERS_BRAGG,BBOB,10.587459886013328
PHOTONIC_20LAYERS_BRAGG,BBOB,8.794290573004917
PHOTONIC_20LAYERS_BRAGG,BBOB,10.927868319621322
PHOTONIC_20LAYERS_BRAGG,BBOB,5.719201094057786
PHOTONIC_20LAYERS_BRAGG,BBOB,7.757545599330143
PHOTONIC_20LAYERS_BRAGG,BBOB,8.630563639177932
PHOTONIC_20LAYERS_BRAGG,BBOB,7.859940664089474
PHOTONIC_20LAYERS_BRAGG,BBOB,8.199872270536032
PHOTONIC_20LAYERS_BRAGG,BBOB,5.709070224964183
PHOTONIC_20LAYERS_BRAGG,BBOB,7.174342491205687
PHOTONIC_20LAYERS_BRAGG,BBOB,4.402812814110203
PHOTONIC_20LAYERS_BRAGG,BBOB,7.625979281070951
PHOTONIC_20LAYERS_BRAGG,BBOB,13.32860452582293
PHOTONIC_20LAYERS_BRAGG,BBOB,12.598725535369066
PHOTONIC_20LAYERS_BRAGG,BBOB,4.7473349179771915
PHOTONIC_20LAYERS_BRAGG,BBOB,7.07941361071582
PHOTONIC_20LAYERS_BRAGG,BBOB,7.493859423820625
PHOTONIC_20LAYERS_BRAGG,BBOB,7.060486240143654
PHOTONIC_20LAYERS_BRAGG,BBOB,6.063432364368078
PHOTONIC_20LAYERS_BRAGG,BBOB,10.760792263735981
PHOTONIC_20LAYERS_BRAGG,BBOB,7.997761092249622
PHOTONIC_20LAYERS_BRAGG,BBOB,11.866508254475056
PHOTONIC_20LAYERS_BRAGG,BBOB,7.023827491195775
PHOTONIC_20LAYERS_BRAGG,BBOB,9.055611637667205
PHOTONIC_20LAYERS_BRAGG,BBOB,6.046405086059179
PHOTONIC_20LAYERS_BRAGG,BBOB,4.403275464666413
PHOTONIC_20LAYERS_BRAGG,BBOB,8.545125132029913
PHOTONIC_20LAYERS_BRAGG,BBOB,7.304756215664425
PHOTONIC_20LAYERS_BRAGG,BBOB,6.69520207089843
PHOTONIC_20LAYERS_BRAGG,BBOB,10.398660816517392
PHOTONIC_20LAYERS_BRAGG,BBOB,7.572692878729983
PHOTONIC_20LAYERS_BRAGG,BBOB,7.154675369982542
PHOTONIC_20LAYERS_BRAGG,BBOB,7.412136390303464
PHOTONIC_20LAYERS_BRAGG,BBOB,8.688439748779965
PHOTONIC_20LAYERS_BRAGG,BBOB,8.691207472661134
PHOTONIC_20LAYERS_BRAGG,BBOB,6.080031057289018
PHOTONIC_20LAYERS_BRAGG,BBOB,4.769417145802256
PHOTONIC_20LAYERS_BRAGG,BBOB,9.8381621473441
PHOTONIC_20LAYERS_BRAGG,BBOB,8.260580223269924
PHOTONIC_20LAYERS_BRAGG,BBOB,6.889446198955262
PHOTONIC_20LAYERS_BRAGG,BBOB,9.315236772903267
PHOTONIC_20LAYERS_BRAGG,BBOB,7.5940381800526815
PHOTONIC_20LAYERS_BRAGG,BBOB,6.931061302877085
PHOTONIC_20LAYERS_BRAGG,BBOB,5.72186365333928
PHOTONIC_20LAYERS_BRAGG,BBOB,9.677730401208311
PHOTONIC_20LAYERS_BRAGG,BBOB,7.838125729466548
PHOTONIC_20LAYERS_BRAGG,BBOB,11.078621725846535
PHOTONIC_20LAYERS_BRAGG,BBOB,4.276942923625952
PHOTONIC_20LAYERS_BRAGG,BBOB,6.021182642862609
PHOTONIC_20LAYERS_BRAGG,BBOB,8.257488334725055
PHOTONIC_20LAYERS_BRAGG,BBOB,9.064806633702274
PHOTONIC_20LAYERS_BRAGG,BBOB,12.218068995696907
PHOTONIC_20LAYERS_BRAGG,BBOB,8.578460760817315
PHOTONIC_20LAYERS_BRAGG,BBOB,16.850682928986597
PHOTONIC_20LAYERS_BRAGG,BBOB,9.769191892835863
PHOTONIC_20LAYERS_BRAGG,BBOB,10.312209131888533
PHOTONIC_20LAYERS_BRAGG,BBOB,10.347683414264768
PHOTONIC_20LAYERS_BRAGG,BBOB,6.374901475402513
PHOTONIC_20LAYERS_BRAGG,BBOB,8.822982837734799
PHOTONIC_20LAYERS_BRAGG,BBOB,7.852192811270067
PHOTONIC_20LAYERS_BRAGG,BBOB,8.69033149923212
PHOTONIC_20LAYERS_BRAGG,BBOB,10.192724323678418
PHOTONIC_20LAYERS_BRAGG,BBOB,6.635906200824883
PHOTONIC_20LAYERS_BRAGG,BBOB,12.033178676150936
PHOTONIC_20LAYERS_BRAGG,BBOB,9.187971984791455
PHOTONIC_20LAYERS_BRAGG,BBOB,9.757433774084058
PHOTONIC_20LAYERS_BRAGG,BBOB,5.862009550576062
PHOTONIC_20LAYERS_BRAGG,BBOB,5.920354983538673
PHOTONIC_20LAYERS_BRAGG,BBOB,7.0449952515917955
PHOTONIC_20LAYERS_BRAGG,BBOB,8.463968393619853
PHOTONIC_20LAYERS_BRAGG,BBOB,8.514191536080201
PHOTONIC_20LAYERS_BRAGG,BBOB,8.81917240396445
PHOTONIC_20LAYERS_BRAGG,BBOB,5.926750555166257
PHOTONIC_20LAYERS_BRAGG,BBOB,5.943339890211993
PHOTONIC_20LAYERS_BRAGG,BBOB,9.715392556372088
PHOTONIC_20LAYERS_BRAGG,BBOB,9.673865392544565
PHOTONIC_20LAYERS_BRAGG,BBOB,9.419474118949857
PHOTONIC_20LAYERS_BRAGG,BBOB,8.867404580324614
PHOTONIC_20LAYERS_BRAGG,BBOB,7.751207742519363
PHOTONIC_20LAYERS_BRAGG,BBOB,8.336190885267643
PHOTONIC_20LAYERS_BRAGG,BBOB,10.445911973545513
PHOTONIC_20LAYERS_BRAGG,BBOB,8.331155528268102
PHOTONIC_20LAYERS_BRAGG,BBOB,8.308345132685384
PHOTONIC_20LAYERS_BRAGG,BBOB,5.733995270446387
PHOTONIC_20LAYERS_BRAGG,BBOB,6.895911085256986
PHOTONIC_20LAYERS_BRAGG,BBOB,9.063035769811048
PHOTONIC_20LAYERS_BRAGG,BBOB,8.546054100948194
PHOTONIC_20LAYERS_BRAGG,BBOB,10.59474468310957
PHOTONIC_20LAYERS_BRAGG,BBOB,7.700573153655048
PHOTONIC_20LAYERS_BRAGG,BBOB,10.965522555408336
PHOTONIC_20LAYERS_BRAGG,BBOB,7.455165521740604
PHOTONIC_20LAYERS_BRAGG,BBOB,8.791962147100024
PHOTONIC_20LAYERS_BRAGG,BBOB,5.0424703415650205
PHOTONIC_20LAYERS_BRAGG,BBOB,7.624185570564698
PHOTONIC_20LAYERS_BRAGG,BBOB,5.81861917895845
PHOTONIC_20LAYERS_BRAGG,BBOB,6.015592909869976
PHOTONIC_20LAYERS_BRAGG,BBOB,8.35412805821463
PHOTONIC_20LAYERS_BRAGG,BBOB,6.073699692965258
PHOTONIC_20LAYERS_BRAGG,BBOB,8.77742046995614
PHOTONIC_20LAYERS_BRAGG,BBOB,12.591471419428617
PHOTONIC_20LAYERS_BRAGG,BBOB,8.905070886266662
PHOTONIC_20LAYERS_BRAGG,BBOB,10.002036870477532
PHOTONIC_20LAYERS_BRAGG,BBOB,8.571424130193268
PHOTONIC_20LAYERS_BRAGG,BBOB,12.580450720235296
PHOTONIC_20LAYERS_BRAGG,BBOB,10.106070485379714
PHOTONIC_20LAYERS_BRAGG,BBOB,7.357574517828233
PHOTONIC_20LAYERS_BRAGG,BBOB,10.697171975648608
PHOTONIC_20LAYERS_BRAGG,BBOB,9.06124834746267
PHOTONIC_20LAYERS_BRAGG,BBOB,5.879736335945034
PHOTONIC_20LAYERS_BRAGG,BBOB,7.730531622232516
PHOTONIC_20LAYERS_BRAGG,BBOB,11.889927805651553
PHOTONIC_20LAYERS_BRAGG,BBOB,8.469987583374557
PHOTONIC_20LAYERS_BRAGG,BBOB,8.14200182999576
PHOTONIC_20LAYERS_BRAGG,BBOB,4.412185441645849
PHOTONIC_20LAYERS_BRAGG,BBOB,6.695667719330921
PHOTONIC_20LAYERS_BRAGG,BBOB,6.186895980647806
PHOTONIC_20LAYERS_BRAGG,BBOB,10.929927984544088
PHOTONIC_20LAYERS_BRAGG,BBOB,5.998028011668155
PHOTONIC_20LAYERS_BRAGG,BBOB,9.62133171133075
PHOTONIC_20LAYERS_BRAGG,BBOB,7.5907548990051295
PHOTONIC_20LAYERS_BRAGG,BBOB,7.582069419527435
PHOTONIC_20LAYERS_BRAGG,BBOB,12.218704027032658
PHOTONIC_20LAYERS_BRAGG,BBOB,8.36360694228216
PHOTONIC_20LAYERS_BRAGG,BBOB,9.7368813730747
PHOTONIC_20LAYERS_BRAGG,BBOB,10.931531861094706
PHOTONIC_20LAYERS_BRAGG,BBOB,8.376667829065457
PHOTONIC_20LAYERS_BRAGG,BBOB,10.967940874573177
PHOTONIC_20LAYERS_BRAGG,BBOB,7.807390039953385
PHOTONIC_20LAYERS_BRAGG,BBOB,7.253349793094204
PHOTONIC_20LAYERS_BRAGG,BBOB,6.139140441328354
PHOTONIC_20LAYERS_BRAGG,BBOB,8.374466655749917
PHOTONIC_20LAYERS_BRAGG,BBOB,6.013514723599096
PHOTONIC_20LAYERS_BRAGG,BBOB,5.188195458835107
PHOTONIC_20LAYERS_BRAGG,BBOB,8.569737069958316
PHOTONIC_20LAYERS_BRAGG,BBOB,9.068292469609744
PHOTONIC_20LAYERS_BRAGG,BBOB,8.080770544155753
PHOTONIC_20LAYERS_BRAGG,BBOB,9.646565059184024
PHOTONIC_20LAYERS_BRAGG,BBOB,10.576605005905858
PHOTONIC_20LAYERS_BRAGG,BBOB,9.064676733207271
PHOTONIC_20LAYERS_BRAGG,BBOB,4.7859854287000845
PHOTONIC_20LAYERS_BRAGG,BBOB,4.374584919899769
PHOTONIC_20LAYERS_BRAGG,BBOB,8.625003211029926
PHOTONIC_20LAYERS_BRAGG,BBOB,5.726361911811985
PHOTONIC_20LAYERS_BRAGG,BBOB,9.011375067206812
PHOTONIC_20LAYERS_BRAGG,BBOB,9.065146660402121
PHOTONIC_20LAYERS_BRAGG,BBOB,10.571507044984576
PHOTONIC_20LAYERS_BRAGG,BBOB,5.94343862466535
PHOTONIC_20LAYERS_BRAGG,BBOB,7.522501399935955
PHOTONIC_20LAYERS_BRAGG,BBOB,5.734557784945447
PHOTONIC_20LAYERS_BRAGG,BBOB,4.744200454373527
PHOTONIC_20LAYERS_BRAGG,BBOB,9.317564808530475
PHOTONIC_20LAYERS_BRAGG,BBOB,8.06733865948392
PHOTONIC_20LAYERS_BRAGG,BBOB,9.830908845988079
PHOTONIC_20LAYERS_BRAGG,BBOB,7.564203428622687
PHOTONIC_20LAYERS_BRAGG,BBOB,10.579173511332367
PHOTONIC_20LAYERS_BRAGG,BBOB,7.579769476207043
PHOTONIC_20LAYERS_BRAGG,BBOB,8.359324998082101
PHOTONIC_20LAYERS_BRAGG,BBOB,7.731516330817712
PHOTONIC_20LAYERS_BRAGG,BBOB,10.985943310809903
PHOTONIC_20LAYERS_BRAGG,BBOB,6.69221924759078
PHOTONIC_20LAYERS_BRAGG,BBOB,9.745738816423588
PHOTONIC_20LAYERS_BRAGG,BBOB,6.758689900475515
PHOTONIC_20LAYERS_BRAGG,BBOB,8.304016749651934
PHOTONIC_20LAYERS_BRAGG,BBOB,13.558711341364015
PHOTONIC_20LAYERS_BRAGG,BBOB,7.833812471206948
PHOTONIC_20LAYERS_BRAGG,BBOB,8.570934130170405
PHOTONIC_20LAYERS_BRAGG,BBOB,5.253690389410201
PHOTONIC_20LAYERS_BRAGG,BBOB,8.339000304349794
PHOTONIC_20LAYERS_BRAGG,BBOB,10.646746113073405
PHOTONIC_20LAYERS_BRAGG,BBOB,6.891676127154338
PHOTONIC_20LAYERS_BRAGG,BBOB,9.72201238520145
PHOTONIC_20LAYERS_BRAGG,BBOB,8.554811641842225
PHOTONIC_20LAYERS_BRAGG,BBOB,8.53555977690351
PHOTONIC_20LAYERS_BRAGG,BBOB,20.631462737230088
PHOTONIC_20LAYERS_BRAGG,BBOB,9.976073598104872
PHOTONIC_20LAYERS_BRAGG,BBOB,7.700227936526153
PHOTONIC_20LAYERS_BRAGG,BBOB,11.020774492347867
PHOTONIC_20LAYERS_BRAGG,BBOB,7.155904028765813
PHOTONIC_20LAYERS_BRAGG,BBOB,10.023866252227789
PHOTONIC_20LAYERS_BRAGG,BBOB,4.567160694580776
PHOTONIC_20LAYERS_BRAGG,BBOB,8.817514731206128
PHOTONIC_20LAYERS_BRAGG,BBOB,7.220110600462809
PHOTONIC_20LAYERS_BRAGG,BBOB,6.696073593696093
PHOTONIC_20LAYERS_BRAGG,BBOB,9.620302575767102
PHOTONIC_20LAYERS_BRAGG,BBOB,16.850766842033014
PHOTONIC_20LAYERS_BRAGG,BBOB,7.507728379479276
PHOTONIC_20LAYERS_BRAGG,BBOB,5.746298664942041
PHOTONIC_20LAYERS_BRAGG,BBOB,10.632947003903338
PHOTONIC_20LAYERS_BRAGG,BBOB,8.725782888617982
PHOTONIC_20LAYERS_BRAGG,BBOB,7.179223546435034
PHOTONIC_20LAYERS_BRAGG,BBOB,5.862903155884016
PHOTONIC_20LAYERS_BRAGG,BBOB,4.6345236817780515
PHOTONIC_20LAYERS_BRAGG,BBOB,8.208584269532487
PHOTONIC_20LAYERS_BRAGG,BBOB,5.15238555688905
PHOTONIC_20LAYERS_BRAGG,BBOB,7.958894243682775
PHOTONIC_20LAYERS_BRAGG,BBOB,8.853194702475465
PHOTONIC_20LAYERS_BRAGG,BBOB,5.737740377181936
PHOTONIC_20LAYERS_BRAGG,BBOB,10.14881340099518
PHOTONIC_20LAYERS_BRAGG,BBOB,20.28623335280418
PHOTONIC_20LAYERS_BRAGG,BBOB,16.85373489832431
PHOTONIC_20LAYERS_BRAGG,BBOB,8.038709989397383
PHOTONIC_20LAYERS_BRAGG,BBOB,7.803338604157652
PHOTONIC_20LAYERS_BRAGG,BBOB,10.14574769286452
PHOTONIC_20LAYERS_BRAGG,BBOB,7.579515848968407
PHOTONIC_20LAYERS_BRAGG,BBOB,10.993277098075907
PHOTONIC_20LAYERS_BRAGG,BBOB,4.84904874428587
PHOTONIC_20LAYERS_BRAGG,BBOB,8.554688151180974
PHOTONIC_20LAYERS_BRAGG,BBOB,7.840051434726855
PHOTONIC_20LAYERS_BRAGG,BBOB,5.702654903032924
PHOTONIC_20LAYERS_BRAGG,BBOB,9.023443409647202
PHOTONIC_20LAYERS_BRAGG,BBOB,8.105616360688185
PHOTONIC_20LAYERS_BRAGG,BBOB,8.130010168021013
PHOTONIC_20LAYERS_BRAGG,BBOB,5.945445335972885
PHOTONIC_20LAYERS_BRAGG,BBOB,9.184852234868687
PHOTONIC_20LAYERS_BRAGG,BBOB,8.694754768164232
PHOTONIC_20LAYERS_BRAGG,BBOB,7.830343719127793
PHOTONIC_20LAYERS_BRAGG,BBOB,4.82573700964704
PHOTONIC_20LAYERS_BRAGG,BBOB,8.632932027061534
PHOTONIC_20LAYERS_BRAGG,BBOB,8.249911315776282
PHOTONIC_20LAYERS_BRAGG,BBOB,8.394272476641968
PHOTONIC_20LAYERS_BRAGG,BBOB,12.938061801849846
PHOTONIC_20LAYERS_BRAGG,BBOB,8.176717170454408
PHOTONIC_20LAYERS_BRAGG,BBOB,6.076485975170695
PHOTONIC_20LAYERS_BRAGG,BBOB,7.851357810236458
PHOTONIC_20LAYERS_BRAGG,BBOB,8.06582528352559
PHOTONIC_20LAYERS_BRAGG,BBOB,6.102988768670608
PHOTONIC_20LAYERS_BRAGG,BBOB,20.180257901434395
PHOTONIC_20LAYERS_BRAGG,BBOB,5.386551741217723
PHOTONIC_20LAYERS_BRAGG,BBOB,5.035697700150275
PHOTONIC_20LAYERS_BRAGG,BBOB,6.773219294229864
PHOTONIC_20LAYERS_BRAGG,BBOB,5.253441905899019
PHOTONIC_20LAYERS_BRAGG,BBOB,9.807053875677807
PHOTONIC_20LAYERS_BRAGG,BBOB,6.9706900458199375
PHOTONIC_20LAYERS_BRAGG,BBOB,9.68835769733629
PHOTONIC_20LAYERS_BRAGG,BBOB,7.28128298827346
PHOTONIC_20LAYERS_BRAGG,BBOB,9.321299140641909
PHOTONIC_20LAYERS_BRAGG,BBOB,9.681699957340362
PHOTONIC_20LAYERS_BRAGG,BBOB,8.472799437804538
PHOTONIC_20LAYERS_BRAGG,BBOB,6.79722873227937
PHOTONIC_20LAYERS_BRAGG,BBOB,8.82022863047338
PHOTONIC_20LAYERS_BRAGG,BBOB,4.827183619315705
PHOTONIC_20LAYERS_BRAGG,BBOB,7.731541402269638
PHOTONIC_20LAYERS_BRAGG,BBOB,6.0788278743340385
PHOTONIC_20LAYERS_BRAGG,BBOB,20.16925229311419
PHOTONIC_20LAYERS_BRAGG,BBOB,4.748654290324875
PHOTONIC_20LAYERS_BRAGG,BBOB,8.188887459676476
PHOTONIC_20LAYERS_BRAGG,BBOB,5.826005970013962
PHOTONIC_20LAYERS_BRAGG,BBOB,9.235399451278719
PHOTONIC_20LAYERS_BRAGG,BBOB,7.806437465049335
PHOTONIC_20LAYERS_BRAGG,BBOB,4.3606357940488385
PHOTONIC_20LAYERS_BRAGG,BBOB,4.6340439914687845
PHOTONIC_20LAYERS_BRAGG,BBOB,8.024611381447572
PHOTONIC_20LAYERS_BRAGG,BBOB,6.04613924413094
PHOTONIC_20LAYERS_BRAGG,BBOB,5.40954795688128
PHOTONIC_20LAYERS_BRAGG,BBOB,4.8598776064590705
PHOTONIC_20LAYERS_BRAGG,BBOB,7.829086132721935
PHOTONIC_20LAYERS_BRAGG,BBOB,10.668992236047291
PHOTONIC_20LAYERS_BRAGG,BBOB,4.765701063112051
PHOTONIC_20LAYERS_BRAGG,BBOB,9.739957041747212
PHOTONIC_20LAYERS_BRAGG,BBOB,6.070744071114693
PHOTONIC_20LAYERS_BRAGG,BBOB,7.0589897134213295
PHOTONIC_20LAYERS_BRAGG,BBOB,7.563179204451768
PHOTONIC_20LAYERS_BRAGG,BBOB,12.593056202946979
PHOTONIC_20LAYERS_BRAGG,BBOB,4.382228746020876
PHOTONIC_20LAYERS_BRAGG,BBOB,7.937418008641172
PHOTONIC_20LAYERS_BRAGG,BBOB,10.234536673248888
PHOTONIC_20LAYERS_BRAGG,BBOB,9.35348521869728
PHOTONIC_20LAYERS_BRAGG,BBOB,8.835527268449132
PHOTONIC_20LAYERS_BRAGG,BBOB,7.1738037731532645
PHOTONIC_20LAYERS_BRAGG,BBOB,6.185341367116011
PHOTONIC_20LAYERS_BRAGG,BBOB,10.747452066019196
PHOTONIC_20LAYERS_BRAGG,BBOB,4.402462461794378
PHOTONIC_20LAYERS_BRAGG,BBOB,6.177980226515445
PHOTONIC_20LAYERS_BRAGG,BBOB,6.059075002843266
PHOTONIC_20LAYERS_BRAGG,BBOB,7.213296383955497
PHOTONIC_20LAYERS_BRAGG,BBOB,8.779381443935051
PHOTONIC_20LAYERS_BRAGG,BBOB,8.919921720554747
PHOTONIC_20LAYERS_BRAGG,BBOB,5.821864373286966
PHOTONIC_20LAYERS_BRAGG,BBOB,9.746197632309944
PHOTONIC_20LAYERS_BRAGG,BBOB,7.399544873905082
PHOTONIC_20LAYERS_BRAGG,BBOB,9.185190292931793
PHOTONIC_20LAYERS_BRAGG,BBOB,9.038642426964628
PHOTONIC_20LAYERS_BRAGG,BBOB,7.6283339817487334
PHOTONIC_20LAYERS_BRAGG,BBOB,8.585002155268539
PHOTONIC_20LAYERS_BRAGG,BBOB,7.17987930269034
PHOTONIC_20LAYERS_BRAGG,BBOB,9.658268821375824
PHOTONIC_20LAYERS_BRAGG,BBOB,7.806042635085406
PHOTONIC_20LAYERS_BRAGG,BBOB,6.698617638577246
PHOTONIC_20LAYERS_BRAGG,BBOB,4.513049525842707
PHOTONIC_20LAYERS_BRAGG,BBOB,6.834907433911758
PHOTONIC_20LAYERS_BRAGG,BBOB,8.589580442163465
PHOTONIC_20LAYERS_BRAGG,BBOB,8.99715633461088
PHOTONIC_20LAYERS_BRAGG,BBOB,10.107909256763152
PHOTONIC_20LAYERS_BRAGG,BBOB,7.485915828264845
PHOTONIC_20LAYERS_BRAGG,BBOB,10.448915727872572
PHOTONIC_20LAYERS_BRAGG,BBOB,11.208455136684027
PHOTONIC_20LAYERS_BRAGG,BBOB,5.828296195166382
PHOTONIC_20LAYERS_BRAGG,BBOB,9.07898689264753
PHOTONIC_20LAYERS_BRAGG,BBOB,9.355722315918953
PHOTONIC_20LAYERS_BRAGG,BBOB,10.974254664933307
PHOTONIC_20LAYERS_BRAGG,BBOB,7.168884518639244
PHOTONIC_20LAYERS_BRAGG,BBOB,4.5549047504529545
PHOTONIC_20LAYERS_BRAGG,BBOB,6.759976871988069
PHOTONIC_20LAYERS_BRAGG,BBOB,5.824742629350118
PHOTONIC_20LAYERS_BRAGG,BBOB,6.9098206190284905
PHOTONIC_20LAYERS_BRAGG,BBOB,7.252282240512648
PHOTONIC_20LAYERS_BRAGG,BBOB,9.057331479117947
PHOTONIC_20LAYERS_BRAGG,BBOB,12.611340399346396
PHOTONIC_20LAYERS_BRAGG,BBOB,11.367644487178737
PHOTONIC_20LAYERS_BRAGG,BBOB,9.246040116840511
PHOTONIC_20LAYERS_BRAGG,BBOB,7.474332817093288
PHOTONIC_20LAYERS_BRAGG,BBOB,6.03964204335443
PHOTONIC_20LAYERS_BRAGG,BBOB,7.567411234698274
PHOTONIC_20LAYERS_BRAGG,BBOB,5.720061158729936
PHOTONIC_20LAYERS_BRAGG,BBOB,5.823460541210452
PHOTONIC_20LAYERS_BRAGG,BBOB,8.31361252918076
PHOTONIC_20LAYERS_BRAGG,BBOB,9.343770962163587
PHOTONIC_20LAYERS_BRAGG,BBOB,6.098173795047056
PHOTONIC_20LAYERS_BRAGG,BBOB,4.744828188894785
PHOTONIC_20LAYERS_BRAGG,BBOB,8.732839591087382
PHOTONIC_20LAYERS_BRAGG,BBOB,10.116278886102855
PHOTONIC_20LAYERS_BRAGG,BBOB,8.548277074276495
PHOTONIC_20LAYERS_BRAGG,BBOB,7.643408692889596
PHOTONIC_20LAYERS_BRAGG,BBOB,12.94852763099153
PHOTONIC_20LAYERS_BRAGG,BBOB,6.07241584843721
PHOTONIC_20LAYERS_BRAGG,BBOB,4.573118056544397
PHOTONIC_20LAYERS_BRAGG,BBOB,6.076458801568023
PHOTONIC_20LAYERS_BRAGG,BBOB,9.357005617856496
PHOTONIC_20LAYERS_BRAGG,BBOB,8.553201950150001
PHOTONIC_20LAYERS_BRAGG,BBOB,7.0614801489363
PHOTONIC_20LAYERS_BRAGG,BBOB,8.033783673180261
PHOTONIC_20LAYERS_BRAGG,BBOB,7.5124908451898875
PHOTONIC_20LAYERS_BRAGG,BBOB,4.554680941034022
PHOTONIC_20LAYERS_BRAGG,BBOB,8.701190244295073
PHOTONIC_20LAYERS_BRAGG,BBOB,9.462001315540665
PHOTONIC_20LAYERS_BRAGG,BBOB,10.930673197112222
PHOTONIC_20LAYERS_BRAGG,BBOB,9.781651122492615
PHOTONIC_20LAYERS_BRAGG,BBOB,8.02222081138435
PHOTONIC_20LAYERS_BRAGG,BBOB,7.989307432340512
PHOTONIC_20LAYERS_BRAGG,BBOB,10.40692267645765
PHOTONIC_20LAYERS_BRAGG,BBOB,7.910136912568569
PHOTONIC_20LAYERS_BRAGG,BBOB,8.215489248421838
PHOTONIC_20LAYERS_BRAGG,BBOB,6.149358353327111
PHOTONIC_20LAYERS_BRAGG,BBOB,4.410286095066189
PHOTONIC_20LAYERS_BRAGG,BBOB,6.170724148436267
PHOTONIC_20LAYERS_BRAGG,BBOB,9.713661179317054
PHOTONIC_20LAYERS_BRAGG,BBOB,7.685488263017695
PHOTONIC_20LAYERS_BRAGG,BBOB,4.994791190184296
PHOTONIC_20LAYERS_BRAGG,BBOB,9.677128762540942
PHOTONIC_20LAYERS_BRAGG,BBOB,9.063380084770353
PHOTONIC_20LAYERS_BRAGG,BBOB,8.247944744580412
PHOTONIC_20LAYERS_BRAGG,BBOB,7.022982443650091
PHOTONIC_20LAYERS_BRAGG,BBOB,7.6475412559320075
PHOTONIC_20LAYERS_BRAGG,BBOB,10.691321455639036
PHOTONIC_20LAYERS_BRAGG,BBOB,7.360597874093101
PHOTONIC_20LAYERS_BRAGG,BBOB,7.94409256701696
PHOTONIC_20LAYERS_BRAGG,BBOB,8.744753101915906
PHOTONIC_20LAYERS_BRAGG,BBOB,10.08635480235317
PHOTONIC_20LAYERS_BRAGG,BBOB,10.997201259752698
PHOTONIC_20LAYERS_BRAGG,BBOB,6.53530806337217
PHOTONIC_20LAYERS_BRAGG,BBOB,6.077491045491225
PHOTONIC_20LAYERS_BRAGG,BBOB,8.559673841760668
PHOTONIC_20LAYERS_BRAGG,BBOB,7.102795651039648
PHOTONIC_20LAYERS_BRAGG,BBOB,9.214935015589345
PHOTONIC_20LAYERS_BRAGG,BBOB,9.0337427959405
PHOTONIC_20LAYERS_BRAGG,BBOB,7.166329173932862
PHOTONIC_20LAYERS_BRAGG,BBOB,6.964250165379749
PHOTONIC_20LAYERS_BRAGG,BBOB,10.409722669064244
PHOTONIC_20LAYERS_BRAGG,BBOB,5.827689108517594
PHOTONIC_20LAYERS_BRAGG,BBOB,7.25823490941138
PHOTONIC_20LAYERS_BRAGG,BBOB,6.563784718649148
PHOTONIC_20LAYERS_BRAGG,BBOB,9.623911434527551
PHOTONIC_20LAYERS_BRAGG,BBOB,6.83761022863029
PHOTONIC_20LAYERS_BRAGG,BBOB,5.734809472790636
PHOTONIC_20LAYERS_BRAGG,BBOB,4.992682847752577
PHOTONIC_20LAYERS_BRAGG,BBOB,8.032326421205394
PHOTONIC_20LAYERS_BRAGG,BBOB,7.571247429844787
PHOTONIC_20LAYERS_BRAGG,BBOB,8.846161081139908
PHOTONIC_20LAYERS_BRAGG,BBOB,10.842472887613912
PHOTONIC_20LAYERS_BRAGG,BBOB,11.885097269924058
PHOTONIC_20LAYERS_BRAGG,BBOB,8.532345015799361
PHOTONIC_20LAYERS_BRAGG,BBOB,7.571527131853823
PHOTONIC_20LAYERS_BRAGG,BBOB,7.38559741197465
PHOTONIC_20LAYERS_BRAGG,BBOB,9.028440298585414
PHOTONIC_20LAYERS_BRAGG,BBOB,4.824730994613801
PHOTONIC_20LAYERS_BRAGG,BBOB,6.609813334034538
PHOTONIC_20LAYERS_BRAGG,BBOB,7.578654019624481
PHOTONIC_20LAYERS_BRAGG,BBOB,8.707516466010416
PHOTONIC_20LAYERS_BRAGG,BBOB,8.085852872353167
PHOTONIC_20LAYERS_BRAGG,BBOB,9.734892351541063
PHOTONIC_20LAYERS_BRAGG,BBOB,10.548909995990511
PHOTONIC_20LAYERS_BRAGG,BBOB,10.718371340499495
PHOTONIC_20LAYERS_BRAGG,BBOB,7.5184527986139615
PHOTONIC_20LAYERS_BRAGG,BBOB,7.620029147657057
PHOTONIC_20LAYERS_BRAGG,BBOB,8.032515002333346
PHOTONIC_20LAYERS_BRAGG,BBOB,10.97050916981755
PHOTONIC_20LAYERS_BRAGG,BBOB,8.001760126010005
PHOTONIC_20LAYERS_BRAGG,BBOB,7.487452443127523
PHOTONIC_20LAYERS_BRAGG,BBOB,11.452250183854055
PHOTONIC_20LAYERS_BRAGG,BBOB,4.4065789653522645
PHOTONIC_20LAYERS_BRAGG,BBOB,12.21884381676246
PHOTONIC_20LAYERS_BRAGG,BBOB,10.642525887573562
PHOTONIC_20LAYERS_BRAGG,BBOB,7.6826309309556455
PHOTONIC_20LAYERS_BRAGG,BBOB,5.849665238878165
PHOTONIC_20LAYERS_BRAGG,BBOB,10.764184569643664
PHOTONIC_20LAYERS_BRAGG,BBOB,7.732475225726828
PHOTONIC_20LAYERS_BRAGG,BBOB,7.642094009545772
PHOTONIC_20LAYERS_BRAGG,BBOB,5.189253655441213
PHOTONIC_20LAYERS_BRAGG,BBOB,8.11777608757671
PHOTONIC_20LAYERS_BRAGG,BBOB,6.772396069906474
PHOTONIC_20LAYERS_BRAGG,BBOB,7.62004079866344
PHOTONIC_20LAYERS_BRAGG,BBOB,7.628006892266949
PHOTONIC_20LAYERS_BRAGG,BBOB,12.823848537750791
PHOTONIC_20LAYERS_BRAGG,BBOB,8.092916301631568
PHOTONIC_20LAYERS_BRAGG,BBOB,13.311667764213947
PHOTONIC_20LAYERS_BRAGG,BBOB,9.620207977792713
PHOTONIC_20LAYERS_BRAGG,BBOB,7.51016159406452
PHOTONIC_20LAYERS_BRAGG,BBOB,9.675650853685495
PHOTONIC_20LAYERS_BRAGG,BBOB,4.577556240886799
PHOTONIC_20LAYERS_BRAGG,BBOB,4.2800268141971936
PHOTONIC_20LAYERS_BRAGG,BBOB,8.71012657738127
PHOTONIC_20LAYERS_BRAGG,BBOB,9.727437242534792
PHOTONIC_20LAYERS_BRAGG,BBOB,12.21847007679536
PHOTONIC_20LAYERS_BRAGG,BBOB,7.386956814816416
PHOTONIC_20LAYERS_BRAGG,BBOB,8.593719033152246
PHOTONIC_20LAYERS_BRAGG,BBOB,7.874179895828974
PHOTONIC_20LAYERS_BRAGG,BBOB,6.012791071807872
PHOTONIC_20LAYERS_BRAGG,BBOB,7.279417876957071
PHOTONIC_20LAYERS_BRAGG,BBOB,4.550926844995064
PHOTONIC_20LAYERS_BRAGG,BBOB,4.401160756541108
PHOTONIC_20LAYERS_BRAGG,BBOB,6.0790059146471975
PHOTONIC_20LAYERS_BRAGG,BBOB,11.018245300911824
PHOTONIC_20LAYERS_BRAGG,BBOB,8.473312573836333
PHOTONIC_20LAYERS_BRAGG,BBOB,8.425412827239976
PHOTONIC_20LAYERS_BRAGG,BBOB,4.404526749494622
PHOTONIC_20LAYERS_BRAGG,BBOB,6.750466837431759
PHOTONIC_20LAYERS_BRAGG,BBOB,7.643508439549194
PHOTONIC_20LAYERS_BRAGG,BBOB,7.937065737103927
PHOTONIC_20LAYERS_BRAGG,BBOB,8.06017682341413
PHOTONIC_20LAYERS_BRAGG,BBOB,8.868869938805142
PHOTONIC_20LAYERS_BRAGG,BBOB,11.246315294572096
PHOTONIC_20LAYERS_BRAGG,BBOB,8.039670612152241
PHOTONIC_20LAYERS_BRAGG,BBOB,5.709002378259829
PHOTONIC_20LAYERS_BRAGG,BBOB,7.2793441248557675
PHOTONIC_20LAYERS_BRAGG,BBOB,8.13866846551235
PHOTONIC_20LAYERS_BRAGG,BBOB,12.511005038028012
PHOTONIC_20LAYERS_BRAGG,BBOB,9.618184694133134
PHOTONIC_20LAYERS_BRAGG,BBOB,9.637328097293757
PHOTONIC_20LAYERS_BRAGG,BBOB,7.092637307138893
PHOTONIC_20LAYERS_BRAGG,BBOB,8.74375636068678
PHOTONIC_20LAYERS_BRAGG,BBOB,10.871783278549323
PHOTONIC_20LAYERS_BRAGG,BBOB,12.910619363866598
PHOTONIC_20LAYERS_BRAGG,BBOB,9.68125288023931
PHOTONIC_20LAYERS_BRAGG,BBOB,10.870998334513414
PHOTONIC_20LAYERS_BRAGG,BBOB,5.6959523051078955
PHOTONIC_20LAYERS_BRAGG,BBOB,7.2226985529500025
PHOTONIC_20LAYERS_BRAGG,BBOB,9.82835775546484
PHOTONIC_20LAYERS_BRAGG,BBOB,7.6243312336464815
PHOTONIC_20LAYERS_BRAGG,BBOB,8.554588539515509
PHOTONIC_20LAYERS_BRAGG,BBOB,5.697083527302298
PHOTONIC_20LAYERS_BRAGG,BBOB,8.569799830288563
PHOTONIC_20LAYERS_BRAGG,BBOB,8.828094597553717
PHOTONIC_20LAYERS_BRAGG,BBOB,12.089536971553983
PHOTONIC_20LAYERS_BRAGG,BBOB,9.700175069152134
PHOTONIC_20LAYERS_BRAGG,BBOB,9.621142467397572
PHOTONIC_20LAYERS_BRAGG,BBOB,7.642109975387746
PHOTONIC_20LAYERS_BRAGG,BBOB,5.726830322917795
PHOTONIC_20LAYERS_BRAGG,BBOB,9.677052445441745
PHOTONIC_20LAYERS_BRAGG,BBOB,9.678541260372473
PHOTONIC_20LAYERS_BRAGG,BBOB,10.021790908958437
PHOTONIC_20LAYERS_BRAGG,BBOB,6.076859814905473
PHOTONIC_20LAYERS_BRAGG,BBOB,12.580138298189603
PHOTONIC_20LAYERS_BRAGG,BBOB,5.827324433301431
PHOTONIC_20LAYERS_BRAGG,BBOB,9.915079233210822
PHOTONIC_20LAYERS_BRAGG,BBOB,7.732642923485196
PHOTONIC_20LAYERS_BRAGG,BBOB,5.886632077216279
PHOTONIC_20LAYERS_BRAGG,BBOB,8.546468354950383
PHOTONIC_20LAYERS_BRAGG,BBOB,5.043557576808577
PHOTONIC_20LAYERS_BRAGG,BBOB,7.700093493494365
PHOTONIC_20LAYERS_BRAGG,BBOB,5.73780142712793
PHOTONIC_20LAYERS_BRAGG,BBOB,8.087454946463424
PHOTONIC_20LAYERS_BRAGG,BBOB,6.064009840020913
PHOTONIC_20LAYERS_BRAGG,BBOB,7.489325032243043
PHOTONIC_20LAYERS_BRAGG,BBOB,7.305145798491347
PHOTONIC_20LAYERS_BRAGG,BBOB,8.189889623438651
PHOTONIC_20LAYERS_BRAGG,BBOB,7.22262396353431
PHOTONIC_20LAYERS_BRAGG,BBOB,4.7787793579505315
PHOTONIC_20LAYERS_BRAGG,BBOB,4.3959194274451425
PHOTONIC_20LAYERS_BRAGG,BBOB,5.165257312773294
PHOTONIC_20LAYERS_BRAGG,BBOB,8.083527427248228
PHOTONIC_20LAYERS_BRAGG,BBOB,6.83567344331319
PHOTONIC_20LAYERS_BRAGG,BBOB,7.677420371703315
PHOTONIC_20LAYERS_BRAGG,BBOB,7.7974729508021285
PHOTONIC_20LAYERS_BRAGG,BBOB,6.208102022020187
PHOTONIC_20LAYERS_BRAGG,BBOB,7.937296767577698
PHOTONIC_20LAYERS_BRAGG,BBOB,10.036472807167192
PHOTONIC_20LAYERS_BRAGG,BBOB,8.918807555099773
PHOTONIC_20LAYERS_BRAGG,BBOB,7.956392094454846
PHOTONIC_20LAYERS_BRAGG,BBOB,16.85211567953265
PHOTONIC_20LAYERS_BRAGG,BBOB,8.027296290586365
PHOTONIC_20LAYERS_BRAGG,BBOB,8.680783815977913
PHOTONIC_20LAYERS_BRAGG,BBOB,5.152245465721312
PHOTONIC_20LAYERS_BRAGG,BBOB,9.763301995930277
PHOTONIC_20LAYERS_BRAGG,BBOB,7.5987782843249425
PHOTONIC_20LAYERS_BRAGG,BBOB,10.41862395719434
PHOTONIC_20LAYERS_BRAGG,BBOB,6.7724410337446495
PHOTONIC_20LAYERS_BRAGG,BBOB,8.256179661488526
PHOTONIC_20LAYERS_BRAGG,BBOB,4.631500602928625
PHOTONIC_20LAYERS_BRAGG,BBOB,5.985401074900109
PHOTONIC_20LAYERS_BRAGG,BBOB,9.355255956030305
PHOTONIC_20LAYERS_BRAGG,BBOB,8.18795699271929
PHOTONIC_20LAYERS_BRAGG,BBOB,7.624150424679271
PHOTONIC_20LAYERS_BRAGG,BBOB,9.970827216217636
PHOTONIC_20LAYERS_BRAGG,BBOB,6.3750249919042
PHOTONIC_20LAYERS_BRAGG,BBOB,7.925646601822356
PHOTONIC_20LAYERS_BRAGG,BBOB,9.061944681283086
PHOTONIC_20LAYERS_BRAGG,BBOB,10.692684174807829
PHOTONIC_20LAYERS_BRAGG,BBOB,9.495549676473734
PHOTONIC_20LAYERS_BRAGG,BBOB,10.571411768841914
PHOTONIC_20LAYERS_BRAGG,BBOB,8.632496364755726
PHOTONIC_20LAYERS_BRAGG,BBOB,7.582716641311527
PHOTONIC_20LAYERS_BRAGG,BBOB,9.220003568125003
PHOTONIC_20LAYERS_BRAGG,BBOB,10.9569215457068
PHOTONIC_20LAYERS_BRAGG,BBOB,7.8391016519045955
PHOTONIC_20LAYERS_BRAGG,BBOB,5.997148241076525
PHOTONIC_20LAYERS_BRAGG,BBOB,13.296037389226411
PHOTONIC_20LAYERS_BRAGG,BBOB,10.728529156725177
PHOTONIC_20LAYERS_BRAGG,BBOB,9.014362539563132
PHOTONIC_20LAYERS_BRAGG,BBOB,5.263335505671019
PHOTONIC_20LAYERS_BRAGG,BBOB,9.108623810073421
PHOTONIC_20LAYERS_BRAGG,BBOB,10.694752363502529
PHOTONIC_20LAYERS_BRAGG,BBOB,10.373211086450468
PHOTONIC_20LAYERS_BRAGG,BBOB,8.34222863464405
PHOTONIC_20LAYERS_BRAGG,BBOB,5.7390672883311336
PHOTONIC_20LAYERS_BRAGG,BBOB,10.715423998020494
PHOTONIC_20LAYERS_BRAGG,BBOB,11.509752629837143
PHOTONIC_20LAYERS_BRAGG,BBOB,9.052723377268329
PHOTONIC_20LAYERS_BRAGG,BBOB,5.386737861173521
PHOTONIC_20LAYERS_BRAGG,BBOB,5.2533674368456476
PHOTONIC_20LAYERS_BRAGG,BBOB,7.39403643672638
PHOTONIC_20LAYERS_BRAGG,BBOB,5.270332624333306
PHOTONIC_20LAYERS_BRAGG,BBOB,7.938519458679062
PHOTONIC_20LAYERS_BRAGG,BBOB,6.100140480465352
PHOTONIC_20LAYERS_BRAGG,BBOB,8.022232375225478
PHOTONIC_20LAYERS_BRAGG,BBOB,9.426296282294086
PHOTONIC_20LAYERS_BRAGG,BBOB,10.575552120754686
PHOTONIC_20LAYERS_BRAGG,BBOB,8.073965746198963
PHOTONIC_20LAYERS_BRAGG,BBOB,6.012033682606294
PHOTONIC_20LAYERS_BRAGG,BBOB,4.365544903814202
PHOTONIC_20LAYERS_BRAGG,BBOB,5.736337154364456
PHOTONIC_20LAYERS_BRAGG,BBOB,5.000929639512094
PHOTONIC_20LAYERS_BRAGG,BBOB,10.442810910453337
PHOTONIC_20LAYERS_BRAGG,BBOB,8.744249081678067
PHOTONIC_20LAYERS_BRAGG,BBOB,7.0994275935486595
PHOTONIC_20LAYERS_BRAGG,BBOB,8.334249529087927
PHOTONIC_20LAYERS_BRAGG,BBOB,8.320066263983882
PHOTONIC_20LAYERS_BRAGG,BBOB,6.846902636885394
PHOTONIC_20LAYERS_BRAGG,BBOB,9.61814817251313
PHOTONIC_20LAYERS_BRAGG,BBOB,10.608782641535031
PHOTONIC_20LAYERS_BRAGG,BBOB,7.750532178636529
PHOTONIC_20LAYERS_BRAGG,BBOB,5.188753982120003
PHOTONIC_20LAYERS_BRAGG,BBOB,5.7346055319406295
PHOTONIC_20LAYERS_BRAGG,BBOB,10.523707335170009
PHOTONIC_20LAYERS_BRAGG,BBOB,5.862059601370621
PHOTONIC_20LAYERS_BRAGG,BBOB,7.392988511011527
PHOTONIC_20LAYERS_BRAGG,BBOB,8.778792964513196
PHOTONIC_20LAYERS_BRAGG,BBOB,5.31136340056224
PHOTONIC_20LAYERS_BRAGG,BBOB,5.826767427477946
PHOTONIC_20LAYERS_BRAGG,BBOB,5.270354883923228
PHOTONIC_20LAYERS_BRAGG,BBOB,5.92323414905111
PHOTONIC_20LAYERS_BRAGG,BBOB,5.6971380472812205
PHOTONIC_20LAYERS_BRAGG,BBOB,9.732595054268147
PHOTONIC_20LAYERS_BRAGG,BBOB,5.165103146103277
PHOTONIC_20LAYERS_BRAGG,BBOB,9.02802523781613
PHOTONIC_20LAYERS_BRAGG,BBOB,7.2792061129757935
PHOTONIC_20LAYERS_BRAGG,BBOB,9.720630960189178
PHOTONIC_20LAYERS_BRAGG,BBOB,6.0330495498147165
PHOTONIC_20LAYERS_BRAGG,BBOB,6.199430888687501
PHOTONIC_20LAYERS_BRAGG,BBOB,7.509108330084725
PHOTONIC_20LAYERS_BRAGG,BBOB,6.117843893929005
PHOTONIC_20LAYERS_BRAGG,BBOB,7.473704404318537
PHOTONIC_20LAYERS_BRAGG,BBOB,5.9626971210459825
PHOTONIC_20LAYERS_BRAGG,BBOB,8.820953701088094
PHOTONIC_20LAYERS_BRAGG,BBOB,10.576399031687718
PHOTONIC_20LAYERS_BRAGG,BBOB,7.510258281694738
PHOTONIC_20LAYERS_BRAGG,BBOB,6.447685607920587
PHOTONIC_20LAYERS_BRAGG,BBOB,6.909775282035633
PHOTONIC_20LAYERS_BRAGG,BBOB,4.374671139642433
PHOTONIC_20LAYERS_BRAGG,BBOB,10.047967320970947
PHOTONIC_20LAYERS_BRAGG,BBOB,5.961805631696166
PHOTONIC_20LAYERS_BRAGG,BBOB,8.787295327524589
PHOTONIC_20LAYERS_BRAGG,BBOB,20.286799247802026
PHOTONIC_20LAYERS_BRAGG,BBOB,4.372030652458527
PHOTONIC_20LAYERS_BRAGG,BBOB,9.684427288875073
PHOTONIC_20LAYERS_BRAGG,BBOB,7.8981149330648215
PHOTONIC_20LAYERS_BRAGG,BBOB,6.8540966847170655
PHOTONIC_20LAYERS_BRAGG,BBOB,7.07491749233554
PHOTONIC_20LAYERS_BRAGG,BBOB,6.840184157604456
PHOTONIC_20LAYERS_BRAGG,BBOB,5.866222038618025
PHOTONIC_20LAYERS_BRAGG,BBOB,5.737836829501665
PHOTONIC_20LAYERS_BRAGG,BBOB,10.007714954966326
PHOTONIC_20LAYERS_BRAGG,BBOB,11.081857241879382
PHOTONIC_20LAYERS_BRAGG,BBOB,8.6644464688665
PHOTONIC_20LAYERS_BRAGG,BBOB,12.841576811960103
PHOTONIC_20LAYERS_BRAGG,BBOB,9.818289569896143
PHOTONIC_20LAYERS_BRAGG,BBOB,8.413761300662216
PHOTONIC_20LAYERS_BRAGG,BBOB,6.609647949380701
PHOTONIC_20LAYERS_BRAGG,BBOB,4.745178975822179
PHOTONIC_20LAYERS_BRAGG,BBOB,12.753255845750951
PHOTONIC_20LAYERS_BRAGG,BBOB,6.866571632625865
PHOTONIC_20LAYERS_BRAGG,BBOB,8.52423830957536
PHOTONIC_20LAYERS_BRAGG,BBOB,9.823603519036668
PHOTONIC_20LAYERS_BRAGG,BBOB,8.928580610171746
PHOTONIC_20LAYERS_BRAGG,BBOB,9.255858113521185
PHOTONIC_20LAYERS_BRAGG,BBOB,7.386892353330096
PHOTONIC_20LAYERS_BRAGG,BBOB,6.08118704168867
PHOTONIC_20LAYERS_BRAGG,BBOB,5.152442665829583
PHOTONIC_20LAYERS_BRAGG,BBOB,8.592859665236153
PHOTONIC_20LAYERS_BRAGG,BBOB,7.128161258191715
PHOTONIC_20LAYERS_BRAGG,BBOB,7.307033997443205
PHOTONIC_20LAYERS_BRAGG,BBOB,6.585670017172601
PHOTONIC_20LAYERS_BRAGG,BBOB,7.153946806732162
PHOTONIC_20LAYERS_BRAGG,BBOB,4.4151663146747815
PHOTONIC_20LAYERS_BRAGG,BBOB,9.745939748539294
PHOTONIC_20LAYERS_BRAGG,BBOB,9.74088616487524
PHOTONIC_20LAYERS_BRAGG,BBOB,6.075233323594705
PHOTONIC_20LAYERS_BRAGG,BBOB,5.864689840033432
PHOTONIC_20LAYERS_BRAGG,BBOB,9.024980923189842
PHOTONIC_20LAYERS_BRAGG,BBOB,7.626869661201846
PHOTONIC_20LAYERS_BRAGG,BBOB,6.744758086975978
PHOTONIC_20LAYERS_BRAGG,BBOB,7.6686202109400625
PHOTONIC_20LAYERS_BRAGG,BBOB,5.822703264524601
PHOTONIC_20LAYERS_BRAGG,BBOB,5.944992694689293
PHOTONIC_20LAYERS_BRAGG,BBOB,10.41706039669746
PHOTONIC_20LAYERS_BRAGG,BBOB,6.061780349240081
PHOTONIC_20LAYERS_BRAGG,BBOB,8.250298690628236
PHOTONIC_20LAYERS_BRAGG,BBOB,8.339080637934428
PHOTONIC_20LAYERS_BRAGG,BBOB,8.604418850661364
PHOTONIC_20LAYERS_BRAGG,BBOB,8.64091581584105
PHOTONIC_20LAYERS_BRAGG,BBOB,12.920515649569726
PHOTONIC_20LAYERS_BRAGG,BBOB,6.032722592409778
PHOTONIC_20LAYERS_BRAGG,BBOB,7.922532403674652
PHOTONIC_20LAYERS_BRAGG,BBOB,11.36489494524353
PHOTONIC_20LAYERS_BRAGG,BBOB,7.530293854625631
PHOTONIC_20LAYERS_BRAGG,BBOB,8.059894899725908
PHOTONIC_20LAYERS_BRAGG,BBOB,6.178378043695021
PHOTONIC_20LAYERS_BRAGG,BBOB,9.778415938002562
PHOTONIC_20LAYERS_BRAGG,BBOB,9.247606967429055
PHOTONIC_20LAYERS_BRAGG,BBOB,9.219231961228328
PHOTONIC_20LAYERS_BRAGG,BBOB,5.86018583215411
PHOTONIC_20LAYERS_BRAGG,BBOB,5.768360201276117
PHOTONIC_20LAYERS_BRAGG,BBOB,8.108449976209581
PHOTONIC_20LAYERS_BRAGG,BBOB,5.864733826446733
PHOTONIC_20LAYERS_BRAGG,BBOB,6.671365176804827
PHOTONIC_20LAYERS_BRAGG,BBOB,7.252298449997173
PHOTONIC_20LAYERS_BRAGG,BBOB,6.0598675352923514
PHOTONIC_20LAYERS_BRAGG,BBOB,9.92603919570879
PHOTONIC_20LAYERS_BRAGG,BBOB,9.22021118978354
PHOTONIC_20LAYERS_BRAGG,BBOB,6.065142358253886
PHOTONIC_20LAYERS_BRAGG,BBOB,7.0761147369992194
PHOTONIC_20LAYERS_BRAGG,BBOB,7.985698909999176
PHOTONIC_20LAYERS_BRAGG,BBOB,7.166968606217973
PHOTONIC_20LAYERS_BRAGG,BBOB,10.966714135841698
PHOTONIC_20LAYERS_BRAGG,BBOB,9.747325521759919
PHOTONIC_20LAYERS_BRAGG,BBOB,7.97957426473923
PHOTONIC_20LAYERS_BRAGG,BBOB,7.182598292587119
PHOTONIC_20LAYERS_BRAGG,BBOB,5.982874189712584
PHOTONIC_20LAYERS_BRAGG,BBOB,6.024355297267552
PHOTONIC_20LAYERS_BRAGG,BBOB,10.291362998640679
PHOTONIC_20LAYERS_BRAGG,BBOB,9.693129313347939
PHOTONIC_20LAYERS_BRAGG,BBOB,11.202250571038364
PHOTONIC_20LAYERS_BRAGG,BBOB,8.600740918705458
PHOTONIC_20LAYERS_BRAGG,BBOB,8.367970651820864
PHOTONIC_20LAYERS_BRAGG,BBOB,16.851933777687304
PHOTONIC_20LAYERS_BRAGG,BBOB,8.52965046207474
PHOTONIC_20LAYERS_BRAGG,BBOB,5.837652952946997
PHOTONIC_20LAYERS_BRAGG,BBOB,9.92644604096831
PHOTONIC_20LAYERS_BRAGG,BBOB,9.657328336903754
PHOTONIC_20LAYERS_BRAGG,BBOB,10.254249016530133
PHOTONIC_20LAYERS_BRAGG,BBOB,9.890309633929242
PHOTONIC_20LAYERS_BRAGG,BBOB,8.881236340156358
PHOTONIC_20LAYERS_BRAGG,BBOB,5.873413988729047
PHOTONIC_20LAYERS_BRAGG,BBOB,12.930638237692316
PHOTONIC_20LAYERS_BRAGG,BBOB,10.5652316844892
PHOTONIC_20LAYERS_BRAGG,BBOB,12.589063462555668
PHOTONIC_20LAYERS_BRAGG,BBOB,12.963154652307608
PHOTONIC_20LAYERS_BRAGG,BBOB,8.936639981818063
PHOTONIC_20LAYERS_BRAGG,BBOB,6.023352188690843
PHOTONIC_20LAYERS_BRAGG,BBOB,8.02687729552557
PHOTONIC_20LAYERS_BRAGG,BBOB,7.971040590632177
PHOTONIC_20LAYERS_BRAGG,BBOB,5.8866686989223425
PHOTONIC_20LAYERS_BRAGG,BBOB,8.572852161189346
PHOTONIC_20LAYERS_BRAGG,BBOB,8.958411777901118
PHOTONIC_20LAYERS_BRAGG,BBOB,6.0080083112996885
PHOTONIC_20LAYERS_BRAGG,BBOB,7.843817615348953
PHOTONIC_20LAYERS_BRAGG,BBOB,7.388085376352983
PHOTONIC_20LAYERS_BRAGG,BBOB,4.431709941677214
PHOTONIC_20LAYERS_BRAGG,BBOB,7.021848793119485
PHOTONIC_20LAYERS_BRAGG,BBOB,5.887374662015764
PHOTONIC_20LAYERS_BRAGG,BBOB,6.179586125779714
PHOTONIC_20LAYERS_BRAGG,BBOB,8.876262017091825
PHOTONIC_20LAYERS_BRAGG,BBOB,11.02063135759174
PHOTONIC_20LAYERS_BRAGG,BBOB,6.003644234239462
PHOTONIC_20LAYERS_BRAGG,BBOB,7.39653522695617
PHOTONIC_20LAYERS_BRAGG,BBOB,5.563977178878515
PHOTONIC_20LAYERS_BRAGG,BBOB,7.520573210645087
PHOTONIC_20LAYERS_BRAGG,BBOB,10.863386720299784
PHOTONIC_20LAYERS_BRAGG,BBOB,5.563754475010452
PHOTONIC_20LAYERS_BRAGG,BBOB,8.217415339365157
PHOTONIC_20LAYERS_BRAGG,BBOB,10.416048529120717
PHOTONIC_20LAYERS_BRAGG,BBOB,9.168809798396335
PHOTONIC_20LAYERS_BRAGG,BBOB,7.091283544698157
PHOTONIC_20LAYERS_BRAGG,BBOB,8.918703731252817
PHOTONIC_20LAYERS_BRAGG,BBOB,9.649692937880948
PHOTONIC_20LAYERS_BRAGG,BBOB,7.846173683076415
PHOTONIC_20LAYERS_BRAGG,BBOB,7.944545315986653
PHOTONIC_20LAYERS_BRAGG,BBOB,9.679900491251082
PHOTONIC_20LAYERS_BRAGG,BBOB,9.220460485306113
PHOTONIC_20LAYERS_BRAGG,BBOB,5.257812805129827
PHOTONIC_20LAYERS_BRAGG,BBOB,7.731541402269638
PHOTONIC_20LAYERS_BRAGG,BBOB,7.619399807288824
PHOTONIC_20LAYERS_BRAGG,BBOB,5.879742141751148
PHOTONIC_20LAYERS_BRAGG,BBOB,8.038116682993401
PHOTONIC_20LAYERS_BRAGG,BBOB,6.992770999277957
PHOTONIC_20LAYERS_BRAGG,BBOB,6.0844500916824265
PHOTONIC_20LAYERS_BRAGG,BBOB,8.223357466476333
PHOTONIC_20LAYERS_BRAGG,BBOB,7.539553217207802
PHOTONIC_20LAYERS_BRAGG,BBOB,7.110828420799575
PHOTONIC_20LAYERS_BRAGG,BBOB,6.609802063608806
PHOTONIC_20LAYERS_BRAGG,BBOB,8.465953629154322
PHOTONIC_20LAYERS_BRAGG,BBOB,10.555662048601786
PHOTONIC_20LAYERS_BRAGG,BBOB,12.59927649810772
PHOTONIC_20LAYERS_BRAGG,BBOB,8.139079926842216
PHOTONIC_20LAYERS_BRAGG,BBOB,7.096862205091982
PHOTONIC_20LAYERS_BRAGG,BBOB,4.573677552368028
PHOTONIC_20LAYERS_BRAGG,BBOB,11.004395548719161
PHOTONIC_20LAYERS_BRAGG,BBOB,8.311680885839216
PHOTONIC_20LAYERS_BRAGG,BBOB,10.391600254743565
PHOTONIC_20LAYERS_BRAGG,BBOB,9.993515839474528
PHOTONIC_20LAYERS_BRAGG,BBOB,12.072683248933394
PHOTONIC_20LAYERS_BRAGG,BBOB,8.511486412631347
PHOTONIC_20LAYERS_BRAGG,BBOB,8.251880268252394
PHOTONIC_20LAYERS_BRAGG,BBOB,6.867078320801974
PHOTONIC_20LAYERS_BRAGG,BBOB,9.704663079194988
PHOTONIC_20LAYERS_BRAGG,BBOB,9.093450223682286
PHOTONIC_20LAYERS_BRAGG,BBOB,8.322814530959171
PHOTONIC_20LAYERS_BRAGG,BBOB,8.198798332276354
PHOTONIC_20LAYERS_BRAGG,BBOB,10.52750470981098
PHOTONIC_20LAYERS_BRAGG,BBOB,6.768866004767123
PHOTONIC_20LAYERS_BRAGG,BBOB,5.270598999860578
PHOTONIC_20LAYERS_BRAGG,BBOB,6.983528232810376
PHOTONIC_20LAYERS_BRAGG,BBOB,8.099040417768512
PHOTONIC_20LAYERS_BRAGG,BBOB,8.336469714497634
PHOTONIC_20LAYERS_BRAGG,BBOB,6.170730738885596
PHOTONIC_20LAYERS_BRAGG,BBOB,5.7104715474318155
PHOTONIC_20LAYERS_BRAGG,BBOB,6.079872184948606
PHOTONIC_20LAYERS_BRAGG,BBOB,5.712547976714088
PHOTONIC_20LAYERS_BRAGG,BBOB,8.899442858552483
PHOTONIC_20LAYERS_BRAGG,BBOB,8.508476041293868
PHOTONIC_20LAYERS_BRAGG,BBOB,10.57709919767721
PHOTONIC_20LAYERS_BRAGG,BBOB,8.679723555747278
PHOTONIC_20LAYERS_BRAGG,BBOB,7.841589946731149
PHOTONIC_20LAYERS_BRAGG,BBOB,9.456891870735534
PHOTONIC_20LAYERS_BRAGG,BBOB,8.551209026557379
PHOTONIC_20LAYERS_BRAGG,BBOB,9.005071409298075
PHOTONIC_20LAYERS_BRAGG,BBOB,11.495968073667635
PHOTONIC_20LAYERS_BRAGG,BBOB,6.609659131780779
PHOTONIC_20LAYERS_BRAGG,BBOB,7.847084486356627
PHOTONIC_20LAYERS_BRAGG,BBOB,20.284515169610906
PHOTONIC_20LAYERS_BRAGG,BBOB,5.881671950938629
PHOTONIC_20LAYERS_BRAGG,BBOB,4.40389279362152
PHOTONIC_20LAYERS_BRAGG,BBOB,6.066323426813026
PHOTONIC_20LAYERS_BRAGG,BBOB,7.385394912209768
PHOTONIC_20LAYERS_BRAGG,BBOB,5.2633549403162645
PHOTONIC_20LAYERS_BRAGG,BBOB,9.68767497276308
PHOTONIC_20LAYERS_BRAGG,BBOB,4.786633652797029
PHOTONIC_20LAYERS_BRAGG,BBOB,9.429228003645282
PHOTONIC_20LAYERS_BRAGG,BBOB,6.969105820236096
PHOTONIC_20LAYERS_BRAGG,BBOB,10.078759366405013
PHOTONIC_20LAYERS_BRAGG,BBOB,5.104566038836136
PHOTONIC_20LAYERS_BRAGG,BBOB,7.952219267411177
PHOTONIC_20LAYERS_BRAGG,BBOB,8.695226376879466
PHOTONIC_20LAYERS_BRAGG,BBOB,6.068903523998952
PHOTONIC_20LAYERS_BRAGG,BBOB,7.155643089121774
PHOTONIC_20LAYERS_BRAGG,BBOB,8.254803853407285
PHOTONIC_20LAYERS_BRAGG,BBOB,7.16207355655187
PHOTONIC_20LAYERS_BRAGG,BBOB,8.120128396700403
PHOTONIC_20LAYERS_BRAGG,BBOB,4.75897217984499
PHOTONIC_20LAYERS_BRAGG,BBOB,7.048999408316029
PHOTONIC_20LAYERS_BRAGG,BBOB,6.103103587264605
PHOTONIC_20LAYERS_BRAGG,BBOB,6.446875790857397
PHOTONIC_20LAYERS_BRAGG,BBOB,10.344682227273447
PHOTONIC_20LAYERS_BRAGG,BBOB,7.804860097419725
PHOTONIC_20LAYERS_BRAGG,BBOB,6.610600514155636
PHOTONIC_20LAYERS_BRAGG,BBOB,5.941563373351734
PHOTONIC_20LAYERS_BRAGG,BBOB,8.95309158836384
PHOTONIC_20LAYERS_BRAGG,BBOB,20.162329811297226
PHOTONIC_20LAYERS_BRAGG,BBOB,10.720261066289153
PHOTONIC_20LAYERS_BRAGG,BBOB,9.83615493279258
PHOTONIC_20LAYERS_BRAGG,BBOB,5.258300800140797
PHOTONIC_20LAYERS_BRAGG,BBOB,4.3749339505497
PHOTONIC_20LAYERS_BRAGG,BBOB,5.91600584766659
PHOTONIC_20LAYERS_BRAGG,BBOB,9.836909253576193
PHOTONIC_20LAYERS_BRAGG,BBOB,4.5345171367064
PHOTONIC_20LAYERS_BRAGG,BBOB,8.211198695134991
PHOTONIC_20LAYERS_BRAGG,BBOB,5.038162256717663
PHOTONIC_20LAYERS_BRAGG,BBOB,9.817296982625887
PHOTONIC_20LAYERS_BRAGG,BBOB,10.863611145976881
PHOTONIC_20LAYERS_BRAGG,BBOB,7.146900745319231
PHOTONIC_20LAYERS_BRAGG,BBOB,7.936567689295881
PHOTONIC_20LAYERS_BRAGG,BBOB,7.804959160274394
PHOTONIC_20LAYERS_BRAGG,BBOB,8.1429191465142
PHOTONIC_20LAYERS_BRAGG,BBOB,9.01381326784148
PHOTONIC_20LAYERS_BRAGG,BBOB,7.0497065204971054
PHOTONIC_20LAYERS_BRAGG,BBOB,12.61779609740567
PHOTONIC_20LAYERS_BRAGG,BBOB,7.258460974934218
PHOTONIC_20LAYERS_BRAGG,BBOB,8.037561519542013
PHOTONIC_20LAYERS_BRAGG,BBOB,9.774214430453267
PHOTONIC_20LAYERS_BRAGG,BBOB,9.20191346280242
PHOTONIC_20LAYERS_BRAGG,BBOB,7.712313459776234
PHOTONIC_20LAYERS_BRAGG,BBOB,5.189284055157734
PHOTONIC_20LAYERS_BRAGG,BBOB,6.065915654544565
PHOTONIC_20LAYERS_BRAGG,BBOB,8.707351346664812
PHOTONIC_20LAYERS_BRAGG,BBOB,9.220908542994227
PHOTONIC_20LAYERS_BRAGG,BBOB,5.8838420280021335
PHOTONIC_20LAYERS_BRAGG,BBOB,7.628064325811806
PHOTONIC_20LAYERS_BRAGG,BBOB,9.741294880611854
PHOTONIC_20LAYERS_BRAGG,BBOB,8.247736427033246
PHOTONIC_20LAYERS_BRAGG,BBOB,8.320010905742096
PHOTONIC_20LAYERS_BRAGG,BBOB,11.870195960944477
PHOTONIC_20LAYERS_BRAGG,BBOB,5.944516537759144
PHOTONIC_20LAYERS_BRAGG,BBOB,7.938339778820513
PHOTONIC_20LAYERS_BRAGG,BBOB,8.028271485870684
PHOTONIC_20LAYERS_BRAGG,BBOB,9.036095816665425
PHOTONIC_20LAYERS_BRAGG,BBOB,7.9205047986650285
PHOTONIC_20LAYERS_BRAGG,BBOB,8.198717216093607
PHOTONIC_20LAYERS_BRAGG,BBOB,6.153114657007928
PHOTONIC_20LAYERS_BRAGG,BBOB,7.304707013120447
PHOTONIC_20LAYERS_BRAGG,BBOB,6.635610711806404
PHOTONIC_20LAYERS_BRAGG,BBOB,6.666454089050119
PHOTONIC_20LAYERS_BRAGG,BBOB,6.712933174864748
PHOTONIC_20LAYERS_BRAGG,BBOB,9.618949216977231
PHOTONIC_20LAYERS_BRAGG,BBOB,7.969747515850751
PHOTONIC_20LAYERS_BRAGG,BBOB,5.387211796779132
PHOTONIC_20LAYERS_BRAGG,BBOB,9.031601500126106
PHOTONIC_20LAYERS_BRAGG,BBOB,7.690468593852591
PHOTONIC_20LAYERS_BRAGG,BBOB,9.788276525448948
PHOTONIC_20LAYERS_BRAGG,BBOB,6.611197376994226
PHOTONIC_20LAYERS_BRAGG,BBOB,7.386933891203219
PHOTONIC_20LAYERS_BRAGG,BBOB,7.712107137999079
PHOTONIC_20LAYERS_BRAGG,BBOB,8.05903141153016
PHOTONIC_20LAYERS_BRAGG,BBOB,7.561550925111308
PHOTONIC_20LAYERS_BRAGG,BBOB,4.553144178384053
PHOTONIC_20LAYERS_BRAGG,BBOB,8.363482935977867
PHOTONIC_20LAYERS_BRAGG,BBOB,7.510156485107557
PHOTONIC_20LAYERS_BRAGG,BBOB,8.061235854437435
PHOTONIC_20LAYERS_BRAGG,BBOB,7.842657196033846
PHOTONIC_20LAYERS_BRAGG,BBOB,6.801155123719827
PHOTONIC_20LAYERS_BRAGG,BBOB,7.191217136467212
PHOTONIC_20LAYERS_BRAGG,BBOB,7.257996024843643
PHOTONIC_20LAYERS_BRAGG,BBOB,7.062352902488805
PHOTONIC_20LAYERS_BRAGG,BBOB,20.28736433002123
PHOTONIC_20LAYERS_BRAGG,BBOB,7.178223125021867
PHOTONIC_20LAYERS_BRAGG,BBOB,9.099640732768485
PHOTONIC_20LAYERS_BRAGG,BBOB,9.440698686412862
PHOTONIC_20LAYERS_BRAGG,BBOB,8.39191220507306
PHOTONIC_20LAYERS_BRAGG,BBOB,13.315418305850997
PHOTONIC_20LAYERS_BRAGG,BBOB,6.8462761194341155
PHOTONIC_20LAYERS_BRAGG,BBOB,10.067244888125943
PHOTONIC_20LAYERS_BRAGG,BBOB,8.466560952065057
PHOTONIC_20LAYERS_BRAGG,BBOB,10.403322124671035
PHOTONIC_20LAYERS_BRAGG,BBOB,9.343586523572572
PHOTONIC_20LAYERS_BRAGG,BBOB,5.9263108138582545
PHOTONIC_20LAYERS_BRAGG,BBOB,7.9377433596884535
PHOTONIC_20LAYERS_BRAGG,BBOB,7.5894395910045835
PHOTONIC_20LAYERS_BRAGG,BBOB,8.073525486567089
PHOTONIC_20LAYERS_BRAGG,BBOB,8.221759677854042
PHOTONIC_20LAYERS_BRAGG,BBOB,6.06983085918997
PHOTONIC_20LAYERS_BRAGG,BBOB,7.538240268082493
PHOTONIC_20LAYERS_BRAGG,BBOB,8.565648237522653
PHOTONIC_20LAYERS_BRAGG,BBOB,8.296099272825291
PHOTONIC_20LAYERS_BRAGG,BBOB,20.17454212183643
PHOTONIC_20LAYERS_BRAGG,BBOB,6.635606327189471
PHOTONIC_20LAYERS_BRAGG,BBOB,4.43824691335491
PHOTONIC_20LAYERS_BRAGG,BBOB,8.630889204233497
PHOTONIC_20LAYERS_BRAGG,BBOB,4.548613543398839
PHOTONIC_20LAYERS_BRAGG,BBOB,8.328963522996789
PHOTONIC_20LAYERS_BRAGG,BBOB,8.623469372502637
PHOTONIC_20LAYERS_BRAGG,BBOB,4.767600697161916
PHOTONIC_20LAYERS_BRAGG,BBOB,7.193836852949886
PHOTONIC_20LAYERS_BRAGG,BBOB,10.273551999769206
PHOTONIC_20LAYERS_BRAGG,BBOB,7.835795271172038
PHOTONIC_20LAYERS_BRAGG,BBOB,6.0718213566973995
PHOTONIC_20LAYERS_BRAGG,BBOB,11.745660727652892
PHOTONIC_20LAYERS_BRAGG,BBOB,6.866748603199825
PHOTONIC_20LAYERS_BRAGG,BBOB,20.287172835861096
PHOTONIC_20LAYERS_BRAGG,BBOB,9.04926455585367
PHOTONIC_20LAYERS_BRAGG,BBOB,7.713076363661608
PHOTONIC_20LAYERS_BRAGG,BBOB,10.45960854143151
PHOTONIC_20LAYERS_BRAGG,BBOB,9.652937484714812
PHOTONIC_20LAYERS_BRAGG,BBOB,5.932529025052201
PHOTONIC_20LAYERS_BRAGG,BBOB,7.258990021721146
PHOTONIC_20LAYERS_BRAGG,BBOB,6.836268712981261
PHOTONIC_20LAYERS_BRAGG,BBOB,10.767118515275993
PHOTONIC_20LAYERS_BRAGG,BBOB,8.129097956454089
PHOTONIC_20LAYERS_BRAGG,BBOB,5.966499545378412
PHOTONIC_20LAYERS_BRAGG,BBOB,8.113612332258354
PHOTONIC_20LAYERS_BRAGG,BBOB,8.782203296685598
PHOTONIC_20LAYERS_BRAGG,BBOB,6.839628218805749
PHOTONIC_20LAYERS_BRAGG,BBOB,8.796625001439867
PHOTONIC_20LAYERS_BRAGG,BBOB,4.357697000680473
PHOTONIC_20LAYERS_BRAGG,BBOB,9.753850696505111
PHOTONIC_20LAYERS_BRAGG,BBOB,8.375452505384652
PHOTONIC_20LAYERS_BRAGG,BBOB,7.711523026757348
PHOTONIC_20LAYERS_BRAGG,BBOB,5.708782164332953
PHOTONIC_20LAYERS_BRAGG,BBOB,7.852022697513681
PHOTONIC_20LAYERS_BRAGG,BBOB,10.974075697634696
PHOTONIC_20LAYERS_BRAGG,BBOB,9.637881354772713
PHOTONIC_20LAYERS_BRAGG,BBOB,11.87000837794248
PHOTONIC_20LAYERS_BRAGG,BBOB,4.359478431223159
PHOTONIC_20LAYERS_BRAGG,BBOB,8.2576285062287
PHOTONIC_20LAYERS_BRAGG,BBOB,7.757052942761709
PHOTONIC_20LAYERS_BRAGG,BBOB,8.916918174015027
PHOTONIC_20LAYERS_BRAGG,BBOB,7.252663731313683
PHOTONIC_20LAYERS_BRAGG,BBOB,8.216029359926228
PHOTONIC_20LAYERS_BRAGG,BBOB,8.470578313651897
PHOTONIC_20LAYERS_BRAGG,BBOB,8.141326187380576
PHOTONIC_20LAYERS_BRAGG,BBOB,12.946190346091079
PHOTONIC_20LAYERS_BRAGG,BBOB,9.020785100703836
PHOTONIC_20LAYERS_BRAGG,BBOB,8.546462418414416
PHOTONIC_20LAYERS_BRAGG,BBOB,5.408810182959857
PHOTONIC_20LAYERS_BRAGG,BBOB,8.307213432251931
PHOTONIC_20LAYERS_BRAGG,BBOB,7.149424590212763
PHOTONIC_20LAYERS_BRAGG,BBOB,9.36326235961731
PHOTONIC_20LAYERS_BRAGG,BBOB,4.42211787429297
PHOTONIC_20LAYERS_BRAGG,BBOB,7.852027130103217
PHOTONIC_20LAYERS_BRAGG,BBOB,7.560201598522363
PHOTONIC_20LAYERS_BRAGG,BBOB,7.845911385219355
PHOTONIC_20LAYERS_BRAGG,BBOB,8.360792944241044
PHOTONIC_20LAYERS_BRAGG,BBOB,5.95075153280558
PHOTONIC_20LAYERS_BRAGG,BBOB,10.12621047183908
PHOTONIC_20LAYERS_BRAGG,BBOB,9.618535986118632
PHOTONIC_20LAYERS_BRAGG,BBOB,5.944492974239636
PHOTONIC_20LAYERS_BRAGG,BBOB,4.451749897417233
PHOTONIC_20LAYERS_BRAGG,BBOB,5.1035802327672135
PHOTONIC_20LAYERS_BRAGG,BBOB,6.502520631156876
PHOTONIC_20LAYERS_BRAGG,BBOB,10.463800312663286
PHOTONIC_20LAYERS_BRAGG,BBOB,9.18580895015712
PHOTONIC_20LAYERS_BRAGG,BBOB,10.415116467125763
PHOTONIC_20LAYERS_BRAGG,BBOB,7.579253764262252
PHOTONIC_20LAYERS_BRAGG,BBOB,7.780595385112089
PHOTONIC_20LAYERS_BRAGG,BBOB,7.413628889426286
PHOTONIC_20LAYERS_BRAGG,BBOB,5.951051708306259
PHOTONIC_20LAYERS_BRAGG,BBOB,4.998543427373359
PHOTONIC_20LAYERS_BRAGG,BBOB,9.717675479694297
PHOTONIC_20LAYERS_BRAGG,BBOB,5.989875372568236
PHOTONIC_20LAYERS_BRAGG,BBOB,6.502049977623764
PHOTONIC_20LAYERS_BRAGG,BBOB,10.26080764465532
PHOTONIC_20LAYERS_BRAGG,BBOB,12.21838893700201
PHOTONIC_20LAYERS_BRAGG,BBOB,7.872714485330004
PHOTONIC_20LAYERS_BRAGG,BBOB,10.976533622079307
PHOTONIC_20LAYERS_BRAGG,BBOB,10.709678726942455
PHOTONIC_20LAYERS_BRAGG,BBOB,8.294266915730086
PHOTONIC_20LAYERS_BRAGG,BBOB,7.080453027918821
PHOTONIC_20LAYERS_BRAGG,BBOB,5.254357349994473
PHOTONIC_20LAYERS_BRAGG,BBOB,4.766817492015754
PHOTONIC_20LAYERS_BRAGG,BBOB,5.263127033696755
PHOTONIC_20LAYERS_BRAGG,BBOB,7.508488122468757
PHOTONIC_20LAYERS_BRAGG,BBOB,8.817141106918127
PHOTONIC_20LAYERS_BRAGG,BBOB,11.030985091760272
PHOTONIC_20LAYERS_BRAGG,BBOB,12.914191104508353
PHOTONIC_20LAYERS_BRAGG,BBOB,8.602326635349945
PHOTONIC_20LAYERS_BRAGG,BBOB,8.955735044360052
PHOTONIC_20LAYERS_BRAGG,BBOB,12.60223398148828
PHOTONIC_20LAYERS_BRAGG,BBOB,4.375620353060879
PHOTONIC_20LAYERS_BRAGG,BBOB,5.7237362904363644
PHOTONIC_20LAYERS_BRAGG,BBOB,4.7767838642383325
PHOTONIC_20LAYERS_BRAGG,BBOB,4.403340233075074
PHOTONIC_20LAYERS_BRAGG,BBOB,10.408218270022314
PHOTONIC_20LAYERS_BRAGG,BBOB,8.29284419033731
PHOTONIC_20LAYERS_BRAGG,BBOB,4.399245632051277
PHOTONIC_20LAYERS_BRAGG,BBOB,7.540419193910437
PHOTONIC_20LAYERS_BRAGG,BBOB,9.514467166085073
PHOTONIC_20LAYERS_BRAGG,BBOB,5.189137242472467
PHOTONIC_20LAYERS_BRAGG,BBOB,6.183155692301292
PHOTONIC_20LAYERS_BRAGG,BBOB,9.624885195586787
PHOTONIC_20LAYERS_BRAGG,BBOB,7.482159965612303
PHOTONIC_20LAYERS_BRAGG,BBOB,8.556304331737332
PHOTONIC_20LAYERS_BRAGG,BBOB,7.27935786649093
PHOTONIC_20LAYERS_BRAGG,BBOB,7.954315478713199
PHOTONIC_20LAYERS_BRAGG,BBOB,7.583247316601098
PHOTONIC_20LAYERS_BRAGG,BBOB,9.21455783313876
PHOTONIC_20LAYERS_BRAGG,BBOB,7.935815603227192
PHOTONIC_20LAYERS_BRAGG,BBOB,7.600429240637868
PHOTONIC_20LAYERS_BRAGG,BBOB,6.866111568939881
PHOTONIC_20LAYERS_BRAGG,BBOB,8.51049262289663
PHOTONIC_20LAYERS_BRAGG,BBOB,8.878553084725468
PHOTONIC_20LAYERS_BRAGG,BBOB,9.067044623766131
PHOTONIC_20LAYERS_BRAGG,BBOB,7.754978336576693
PHOTONIC_20LAYERS_BRAGG,BBOB,10.585153509947466
PHOTONIC_20LAYERS_BRAGG,BBOB,4.359019092820846
PHOTONIC_20LAYERS_BRAGG,BBOB,6.967314347605763
PHOTONIC_20LAYERS_BRAGG,BBOB,7.096471380020537
PHOTONIC_20LAYERS_BRAGG,BBOB,4.630792330590218
PHOTONIC_20LAYERS_BRAGG,BBOB,7.314850265713614
PHOTONIC_20LAYERS_BRAGG,BBOB,9.042324630032079
PHOTONIC_20LAYERS_BRAGG,BBOB,5.836392583042037
PHOTONIC_20LAYERS_BRAGG,BBOB,7.958995634099382
PHOTONIC_20LAYERS_BRAGG,BBOB,4.551062706437434
PHOTONIC_20LAYERS_BRAGG,BBOB,8.139788483675803
PHOTONIC_20LAYERS_BRAGG,BBOB,5.963042126672957
PHOTONIC_20LAYERS_BRAGG,BBOB,10.300639044621047
PHOTONIC_20LAYERS_BRAGG,BBOB,7.557786216348349
PHOTONIC_20LAYERS_BRAGG,BBOB,7.1667512613892415
PHOTONIC_20LAYERS_BRAGG,BBOB,9.418983395242215
PHOTONIC_20LAYERS_BRAGG,BBOB,8.02199853186312
PHOTONIC_20LAYERS_BRAGG,BBOB,11.078297891814666
PHOTONIC_20LAYERS_BRAGG,BBOB,12.957633017272972
PHOTONIC_20LAYERS_BRAGG,BBOB,8.374883583821909
PHOTONIC_20LAYERS_BRAGG,BBOB,9.592210857993793
PHOTONIC_20LAYERS_BRAGG,BBOB,10.259447732520346
PHOTONIC_20LAYERS_BRAGG,BBOB,9.1575921058223
PHOTONIC_20LAYERS_BRAGG,BBOB,6.188173932626884
PHOTONIC_20LAYERS_BRAGG,BBOB,5.8584131605562355
PHOTONIC_20LAYERS_BRAGG,BBOB,7.563748248224898
PHOTONIC_20LAYERS_BRAGG,BBOB,8.917936066662257
PHOTONIC_20LAYERS_BRAGG,BBOB,9.799962023226406
PHOTONIC_20LAYERS_BRAGG,BBOB,9.53848930154703
PHOTONIC_20LAYERS_BRAGG,BBOB,7.284765627511412
PHOTONIC_20LAYERS_BRAGG,BBOB,7.41094462115021
PHOTONIC_20LAYERS_BRAGG,BBOB,11.737416392284134
PHOTONIC_20LAYERS_BRAGG,BBOB,5.740435118587216
PHOTONIC_20LAYERS_BRAGG,BBOB,10.929736348758736
PHOTONIC_20LAYERS_BRAGG,BBOB,9.740666329350194
PHOTONIC_20LAYERS_BRAGG,BBOB,9.214397838166368
PHOTONIC_20LAYERS_BRAGG,BBOB,4.400977243628215
PHOTONIC_20LAYERS_BRAGG,BBOB,8.955337628069081
PHOTONIC_20LAYERS_BRAGG,BBOB,10.0240922809251
PHOTONIC_20LAYERS_BRAGG,BBOB,7.922775402618634
PHOTONIC_20LAYERS_BRAGG,BBOB,9.709030009659008
PHOTONIC_20LAYERS_BRAGG,BBOB,8.025148058226028
PHOTONIC_20LAYERS_BRAGG,BBOB,7.180747256137816
PHOTONIC_20LAYERS_BRAGG,BBOB,8.577789241870851
PHOTONIC_20LAYERS_BRAGG,BBOB,10.505661816412346
PHOTONIC_20LAYERS_BRAGG,BBOB,8.47832035436456
PHOTONIC_20LAYERS_BRAGG,BBOB,8.665783404564184
PHOTONIC_20LAYERS_BRAGG,BBOB,5.943446357476448
PHOTONIC_20LAYERS_BRAGG,BBOB,7.971533505542513
PHOTONIC_20LAYERS_BRAGG,BBOB,7.174365591917985
PHOTONIC_20LAYERS_BRAGG,BBOB,7.511708831383213
PHOTONIC_20LAYERS_BRAGG,BBOB,6.776136127947794
PHOTONIC_20LAYERS_BRAGG,BBOB,8.548789195539223
PHOTONIC_20LAYERS_BRAGG,BBOB,6.704310483987628
PHOTONIC_20LAYERS_BRAGG,BBOB,8.635422181524163
PHOTONIC_20LAYERS_BRAGG,BBOB,7.734446093529742
PHOTONIC_20LAYERS_BRAGG,BBOB,7.884417700960873
PHOTONIC_20LAYERS_BRAGG,BBOB,4.44796142141006
PHOTONIC_20LAYERS_BRAGG,BBOB,5.224569057808236
PHOTONIC_20LAYERS_BRAGG,BBOB,7.847646250630204
PHOTONIC_20LAYERS_BRAGG,BBOB,7.050755293320819
PHOTONIC_20LAYERS_BRAGG,BBOB,9.616637144392339
PHOTONIC_20LAYERS_BRAGG,BBOB,8.216985680692707
PHOTONIC_20LAYERS_BRAGG,BBOB,9.672648672124225
PHOTONIC_20LAYERS_BRAGG,BBOB,6.586053163774373
PHOTONIC_20LAYERS_BRAGG,BBOB,8.432532447156783
PHOTONIC_20LAYERS_BRAGG,BBOB,8.310816555330884
PHOTONIC_20LAYERS_BRAGG,BBOB,8.758019955570301
PHOTONIC_20LAYERS_BRAGG,BBOB,4.429026075672712
PHOTONIC_20LAYERS_BRAGG,BBOB,8.695019735970448
PHOTONIC_20LAYERS_BRAGG,BBOB,5.893843470403913
PHOTONIC_20LAYERS_BRAGG,BBOB,9.063776580576706
PHOTONIC_20LAYERS_BRAGG,BBOB,9.41652427854044
PHOTONIC_20LAYERS_BRAGG,BBOB,6.609833753594154
PHOTONIC_20LAYERS_BRAGG,BBOB,7.530948004096075
PHOTONIC_20LAYERS_BRAGG,BBOB,4.442676442523499
PHOTONIC_20LAYERS_BRAGG,BBOB,20.66250560635897
PHOTONIC_20LAYERS_BRAGG,BBOB,8.138894671213722
PHOTONIC_20LAYERS_BRAGG,BBOB,5.367760653307762
PHOTONIC_20LAYERS_BRAGG,BBOB,7.559386988544079
PHOTONIC_20LAYERS_BRAGG,BBOB,11.008792831159948
PHOTONIC_20LAYERS_BRAGG,BBOB,6.066462636326938
PHOTONIC_20LAYERS_BRAGG,BBOB,8.061277821831192
PHOTONIC_20LAYERS_BRAGG,BBOB,7.182598292587119
PHOTONIC_20LAYERS_BRAGG,BBOB,6.698266049318829
PHOTONIC_20LAYERS_BRAGG,BBOB,4.414889065355693
PHOTONIC_20LAYERS_BRAGG,BBOB,6.044145290702341
PHOTONIC_20LAYERS_BRAGG,BBOB,6.069455971397177
PHOTONIC_20LAYERS_BRAGG,BBOB,7.955180629730946
PHOTONIC_20LAYERS_BRAGG,BBOB,5.821768215581017
PHOTONIC_20LAYERS_BRAGG,BBOB,8.329732586414819
PHOTONIC_20LAYERS_BRAGG,BBOB,8.741957090432805
PHOTONIC_20LAYERS_BRAGG,BBOB,7.749853841396891
PHOTONIC_20LAYERS_BRAGG,BBOB,8.380959813093225
PHOTONIC_20LAYERS_BRAGG,BBOB,4.375554396600856
PHOTONIC_20LAYERS_BRAGG,BBOB,7.627162788900595
PHOTONIC_20LAYERS_BRAGG,BBOB,8.303898286314011
PHOTONIC_20LAYERS_BRAGG,BBOB,7.370387873292778
PHOTONIC_20LAYERS_BRAGG,BBOB,5.721524666209919
PHOTONIC_20LAYERS_BRAGG,BBOB,7.626153868419161
PHOTONIC_20LAYERS_BRAGG,BBOB,8.096253186541231
PHOTONIC_20LAYERS_BRAGG,BBOB,4.4330638644470985
PHOTONIC_20LAYERS_BRAGG,BBOB,10.743912908321764
PHOTONIC_20LAYERS_BRAGG,BBOB,12.589851725076779
PHOTONIC_20LAYERS_BRAGG,BBOB,8.8189540827899
PHOTONIC_20LAYERS_BRAGG,BBOB,7.3923630192900305
PHOTONIC_20LAYERS_BRAGG,BBOB,7.63056561455486
PHOTONIC_20LAYERS_BRAGG,BBOB,5.861169017855035
PHOTONIC_20LAYERS_BRAGG,BBOB,9.592684657725975
PHOTONIC_20LAYERS_BRAGG,BBOB,8.344508147638047
PHOTONIC_20LAYERS_BRAGG,BBOB,8.216947192011313
PHOTONIC_20LAYERS_BRAGG,BBOB,9.539718594886036
PHOTONIC_20LAYERS_BRAGG,BBOB,4.41597267071953
PHOTONIC_20LAYERS_BRAGG,BBOB,7.110760599793275
PHOTONIC_20LAYERS_BRAGG,BBOB,7.51321195585821
PHOTONIC_20LAYERS_BRAGG,BBOB,8.432328548299576
PHOTONIC_20LAYERS_BRAGG,BBOB,5.307926424305128
PHOTONIC_20LAYERS_BRAGG,BBOB,7.571652195570034
PHOTONIC_20LAYERS_BRAGG,BBOB,6.866293537483001
PHOTONIC_20LAYERS_BRAGG,BBOB,4.38474100584819
PHOTONIC_20LAYERS_BRAGG,BBOB,7.954726957822779
PHOTONIC_20LAYERS_BRAGG,BBOB,5.10341926326992
PHOTONIC_20LAYERS_BRAGG,BBOB,5.972991676278258
PHOTONIC_20LAYERS_BRAGG,BBOB,10.977489670110312
PHOTONIC_20LAYERS_BRAGG,BBOB,9.041083289211866
PHOTONIC_20LAYERS_BRAGG,BBOB,8.026668564253653
PHOTONIC_20LAYERS_BRAGG,BBOB,4.514491109092184
PHOTONIC_20LAYERS_BRAGG,BBOB,9.643555473067916
PHOTONIC_20LAYERS_BRAGG,BBOB,7.307176664190793
PHOTONIC_20LAYERS_BRAGG,BBOB,8.677080247397889
PHOTONIC_20LAYERS_BRAGG,BBOB,8.363500299099636
PHOTONIC_20LAYERS_BRAGG,BBOB,9.406690114381913
PHOTONIC_20LAYERS_BRAGG,BBOB,6.687075024804754
PHOTONIC_20LAYERS_BRAGG,BBOB,7.165288207131777
PHOTONIC_20LAYERS_BRAGG,BBOB,9.069012009796301
PHOTONIC_20LAYERS_BRAGG,BBOB,5.708326698755485
PHOTONIC_20LAYERS_BRAGG,BBOB,10.743918066063154
PHOTONIC_20LAYERS_BRAGG,BBOB,11.86955271097268
PHOTONIC_20LAYERS_BRAGG,BBOB,5.999937751335946
PHOTONIC_20LAYERS_BRAGG,BBOB,7.252368876175768
PHOTONIC_20LAYERS_BRAGG,BBOB,7.366085324552866
PHOTONIC_20LAYERS_BRAGG,BBOB,8.777214079947612
PHOTONIC_20LAYERS_BRAGG,BBOB,8.684650389407224
PHOTONIC_20LAYERS_BRAGG,BBOB,7.529705650103837
PHOTONIC_20LAYERS_BRAGG,BBOB,6.7321481042305935
PHOTONIC_20LAYERS_BRAGG,BBOB,8.955221638349917
PHOTONIC_20LAYERS_BRAGG,BBOB,8.124548591001318
PHOTONIC_20LAYERS_BRAGG,BBOB,8.430103246906723
PHOTONIC_20LAYERS_BRAGG,BBOB,6.024029216883807
PHOTONIC_20LAYERS_BRAGG,BBOB,9.087424427613676
PHOTONIC_20LAYERS_BRAGG,BBOB,8.856435535007382
PHOTONIC_20LAYERS_BRAGG,BBOB,8.387236461507152
PHOTONIC_20LAYERS_BRAGG,BBOB,8.141405348922715
PHOTONIC_20LAYERS_BRAGG,BBOB,10.036884394786625
PHOTONIC_20LAYERS_BRAGG,BBOB,9.720326653397832
PHOTONIC_20LAYERS_BRAGG,BBOB,4.761615503916735
PHOTONIC_20LAYERS_BRAGG,BBOB,5.702815590622574
PHOTONIC_20LAYERS_BRAGG,BBOB,7.307438019024928
PHOTONIC_20LAYERS_BRAGG,BBOB,5.409338834793845
PHOTONIC_20LAYERS_BRAGG,BBOB,7.163100385860116
PHOTONIC_20LAYERS_BRAGG,BBOB,7.307078269441588
PHOTONIC_20LAYERS_BRAGG,BBOB,8.567023310595607
PHOTONIC_20LAYERS_BRAGG,BBOB,7.5796541770601245
PHOTONIC_20LAYERS_BRAGG,BBOB,7.218605160597321
PHOTONIC_20LAYERS_BRAGG,BBOB,9.300698853144194
PHOTONIC_20LAYERS_BRAGG,BBOB,4.39759424623391
PHOTONIC_20LAYERS_BRAGG,BBOB,11.006875729425651
PHOTONIC_20LAYERS_BRAGG,BBOB,8.112704364581239
PHOTONIC_20LAYERS_BRAGG,BBOB,9.470528040504915
PHOTONIC_20LAYERS_BRAGG,BBOB,4.401491997359829
PHOTONIC_20LAYERS_BRAGG,BBOB,10.326701422044412
PHOTONIC_20LAYERS_BRAGG,BBOB,7.65497540189902
PHOTONIC_20LAYERS_BRAGG,BBOB,6.681628138293985
PHOTONIC_20LAYERS_BRAGG,BBOB,9.834783181388612
PHOTONIC_20LAYERS_BRAGG,BBOB,6.812751351341491
PHOTONIC_20LAYERS_BRAGG,BBOB,6.846485959650069
PHOTONIC_20LAYERS_BRAGG,BBOB,12.828732609058092
PHOTONIC_20LAYERS_BRAGG,BBOB,9.70481930195479
PHOTONIC_20LAYERS_BRAGG,BBOB,5.242600982405264
PHOTONIC_20LAYERS_BRAGG,BBOB,5.040429198910656
PHOTONIC_20LAYERS_BRAGG,BBOB,11.746944548249976
PHOTONIC_20LAYERS_BRAGG,BBOB,7.511369780527663
PHOTONIC_20LAYERS_BRAGG,BBOB,11.896757760625755
PHOTONIC_20LAYERS_BRAGG,BBOB,10.974597682836368
PHOTONIC_20LAYERS_BRAGG,BBOB,5.6645557166725995
PHOTONIC_20LAYERS_BRAGG,BBOB,10.02444695398214
PHOTONIC_20LAYERS_BRAGG,BBOB,7.25827995074575
PHOTONIC_20LAYERS_BRAGG,BBOB,9.313877402960836
PHOTONIC_20LAYERS_BRAGG,BBOB,9.359855760508712
PHOTONIC_20LAYERS_BRAGG,BBOB,10.549344334577652
PHOTONIC_20LAYERS_BRAGG,BBOB,5.270367456398162
PHOTONIC_20LAYERS_BRAGG,BBOB,6.967911452388896
PHOTONIC_20LAYERS_BRAGG,BBOB,10.41065535260547
PHOTONIC_20LAYERS_BRAGG,BBOB,6.535423732571006
PHOTONIC_20LAYERS_BRAGG,BBOB,5.225386420679351
PHOTONIC_20LAYERS_BRAGG,BBOB,5.734091462080394
PHOTONIC_20LAYERS_BRAGG,BBOB,7.511885009968304
PHOTONIC_20LAYERS_BRAGG,BBOB,6.675250662817547
PHOTONIC_20LAYERS_BRAGG,BBOB,9.201346546323458
PHOTONIC_20LAYERS_BRAGG,BBOB,8.506433703966295
PHOTONIC_20LAYERS_BRAGG,BBOB,8.209045479399995
PHOTONIC_20LAYERS_BRAGG,BBOB,8.576151192356287
PHOTONIC_20LAYERS_BRAGG,BBOB,7.109371220611903
PHOTONIC_20LAYERS_BRAGG,BBOB,5.740860104070896
PHOTONIC_20LAYERS_BRAGG,BBOB,9.609179194285256
PHOTONIC_20LAYERS_BRAGG,BBOB,8.303041331028911
PHOTONIC_20LAYERS_BRAGG,BBOB,5.1528133809280225
PHOTONIC_20LAYERS_BRAGG,BBOB,5.4086697217227595
PHOTONIC_20LAYERS_BRAGG,BBOB,8.699576587257962
PHOTONIC_20LAYERS_BRAGG,BBOB,9.164620014808522
PHOTONIC_20LAYERS_BRAGG,BBOB,10.972000368622112
PHOTONIC_20LAYERS_BRAGG,BBOB,20.641043912794874
PHOTONIC_20LAYERS_BRAGG,BBOB,7.252339647287919
PHOTONIC_20LAYERS_BRAGG,BBOB,8.562447049023328
PHOTONIC_20LAYERS_BRAGG,BBOB,13.312895689158712
PHOTONIC_20LAYERS_BRAGG,BBOB,6.967979835076758
PHOTONIC_20LAYERS_BRAGG,BBOB,6.636080408301032
PHOTONIC_20LAYERS_BRAGG,BBOB,4.766282314925375
PHOTONIC_20LAYERS_BRAGG,BBOB,6.610516825355568
PHOTONIC_20LAYERS_BRAGG,BBOB,7.386296481485901
PHOTONIC_20LAYERS_BRAGG,BBOB,9.787878156319147
PHOTONIC_20LAYERS_BRAGG,BBOB,8.97145146802823
PHOTONIC_20LAYERS_BRAGG,BBOB,6.156035058493255
PHOTONIC_20LAYERS_BRAGG,BBOB,9.422071299071316
PHOTONIC_20LAYERS_BRAGG,BBOB,8.080230568521769
PHOTONIC_20LAYERS_BRAGG,BBOB,8.101043041343416
PHOTONIC_20LAYERS_BRAGG,BBOB,7.511329035342039
PHOTONIC_20LAYERS_BRAGG,BBOB,6.53451545427658
PHOTONIC_20LAYERS_BRAGG,BBOB,7.511102107406239
PHOTONIC_20LAYERS_BRAGG,BBOB,6.889103158511071
PHOTONIC_20LAYERS_BRAGG,BBOB,8.200729200179602
PHOTONIC_20LAYERS_BRAGG,BBOB,6.969056535896839
PHOTONIC_20LAYERS_BRAGG,BBOB,9.693328453773923
PHOTONIC_20LAYERS_BRAGG,BBOB,8.603461616697597
PHOTONIC_20LAYERS_BRAGG,BBOB,8.701236720739427
PHOTONIC_20LAYERS_BRAGG,BBOB,10.619913864595361
PHOTONIC_20LAYERS_BRAGG,BBOB,9.737626390709229
PHOTONIC_20LAYERS_BRAGG,BBOB,4.373222246822195
PHOTONIC_20LAYERS_BRAGG,BBOB,10.066457797332331
PHOTONIC_20LAYERS_BRAGG,BBOB,8.869832104012584
PHOTONIC_20LAYERS_BRAGG,BBOB,7.095350184836491
PHOTONIC_20LAYERS_BRAGG,BBOB,7.643041275581554
PHOTONIC_20LAYERS_BRAGG,BBOB,4.550777941549183
PHOTONIC_20LAYERS_BRAGG,BBOB,6.004806775169654
PHOTONIC_20LAYERS_BRAGG,BBOB,8.998696921959565
PHOTONIC_20LAYERS_BRAGG,BBOB,9.02192218510189
PHOTONIC_20LAYERS_BRAGG,BBOB,7.372561762641421
PHOTONIC_20LAYERS_BRAGG,BBOB,7.360025585992566
PHOTONIC_20LAYERS_BRAGG,BBOB,8.472747437204129
PHOTONIC_20LAYERS_BRAGG,BBOB,7.851843037936496
PHOTONIC_20LAYERS_BRAGG,BBOB,9.826797466365946
PHOTONIC_20LAYERS_BRAGG,BBOB,12.962798986556459
PHOTONIC_20LAYERS_BRAGG,BBOB,4.85811835264573
PHOTONIC_20LAYERS_BRAGG,BBOB,4.4401886267778385
PHOTONIC_20LAYERS_BRAGG,BBOB,6.737471860068346
PHOTONIC_20LAYERS_BRAGG,BBOB,7.6611903516688376
PHOTONIC_20LAYERS_BRAGG,BBOB,10.412552136456515
PHOTONIC_20LAYERS_BRAGG,BBOB,4.531305212847733
PHOTONIC_20LAYERS_BRAGG,BBOB,9.651589094141212
PHOTONIC_20LAYERS_BRAGG,BBOB,8.247022925395278
PHOTONIC_20LAYERS_BRAGG,BBOB,4.414512038462698
PHOTONIC_20LAYERS_BRAGG,BBOB,7.623369376007699
PHOTONIC_20LAYERS_BRAGG,BBOB,9.693797730413298
PHOTONIC_20LAYERS_BRAGG,BBOB,10.241117314772131
PHOTONIC_20LAYERS_BRAGG,BBOB,6.076476328406061
PHOTONIC_20LAYERS_BRAGG,BBOB,7.955469181000146
PHOTONIC_20LAYERS_BRAGG,BBOB,7.878076436865703
PHOTONIC_20LAYERS_BRAGG,BBOB,5.7198199424253815
PHOTONIC_20LAYERS_BRAGG,BBOB,8.207974589799273
PHOTONIC_20LAYERS_BRAGG,BBOB,7.021609949381084
PHOTONIC_20LAYERS_BRAGG,BBOB,10.063198515970095
PHOTONIC_20LAYERS_BRAGG,BBOB,7.4714832614784195
PHOTONIC_20LAYERS_BRAGG,BBOB,6.833033468335116
PHOTONIC_20LAYERS_BRAGG,BBOB,9.480834142520413
PHOTONIC_20LAYERS_BRAGG,BBOB,8.296198068991023
PHOTONIC_20LAYERS_BRAGG,BBOB,9.727725829843564
PHOTONIC_20LAYERS_BRAGG,BBOB,12.58368190183793
PHOTONIC_20LAYERS_BRAGG,BBOB,10.031051240638657
PHOTONIC_20LAYERS_BRAGG,BBOB,5.735849992504802
PHOTONIC_20LAYERS_BRAGG,BBOB,7.049558691994874
PHOTONIC_20LAYERS_BRAGG,BBOB,6.8468716744710125
PHOTONIC_20LAYERS_BRAGG,BBOB,5.409635104395961
PHOTONIC_20LAYERS_BRAGG,BBOB,8.474302177207893
PHOTONIC_20LAYERS_BRAGG,BBOB,4.399505602738078
PHOTONIC_20LAYERS_BRAGG,BBOB,8.507454535529057
PHOTONIC_20LAYERS_BRAGG,BBOB,6.131599313498005
PHOTONIC_20LAYERS_BRAGG,BBOB,9.158525047261634
PHOTONIC_20LAYERS_BRAGG,BBOB,8.630992789135055
PHOTONIC_20LAYERS_BRAGG,BBOB,6.962006288929352
PHOTONIC_20LAYERS_BRAGG,BBOB,8.85825618651552
PHOTONIC_20LAYERS_BRAGG,BBOB,13.553830861024453
PHOTONIC_20LAYERS_BRAGG,BBOB,7.508552323521274
PHOTONIC_20LAYERS_BRAGG,BBOB,8.871697605633935
PHOTONIC_20LAYERS_BRAGG,BBOB,4.23935021292899
PHOTONIC_20LAYERS_BRAGG,BBOB,7.936421313399044
PHOTONIC_20LAYERS_BRAGG,BBOB,7.393469739393224
PHOTONIC_20LAYERS_BRAGG,BBOB,8.793580897471193
PHOTONIC_20LAYERS_BRAGG,BBOB,7.472154318966016
PHOTONIC_20LAYERS_BRAGG,BBOB,11.889878839168858
PHOTONIC_20LAYERS_BRAGG,BBOB,8.631836429800346
PHOTONIC_20LAYERS_BRAGG,BBOB,4.377432275205884
PHOTONIC_20LAYERS_BRAGG,BBOB,10.972882957938896
PHOTONIC_20LAYERS_BRAGG,BBOB,7.805274052305183
PHOTONIC_20LAYERS_BRAGG,BBOB,4.422574263975207
PHOTONIC_20LAYERS_BRAGG,BBOB,7.179126837757295
PHOTONIC_20LAYERS_BRAGG,BBOB,8.20896002260669
PHOTONIC_20LAYERS_BRAGG,BBOB,7.090536136074892
PHOTONIC_20LAYERS_BRAGG,BBOB,7.092459547342111
PHOTONIC_20LAYERS_BRAGG,BBOB,5.821138273867646
PHOTONIC_20LAYERS_BRAGG,BBOB,9.132184173950604
PHOTONIC_20LAYERS_BRAGG,BBOB,9.70113127800462
PHOTONIC_20LAYERS_BRAGG,BBOB,5.698157385337386
PHOTONIC_20LAYERS_BRAGG,BBOB,8.880209537226726
PHOTONIC_20LAYERS_BRAGG,BBOB,7.751824675056056
PHOTONIC_20LAYERS_BRAGG,BBOB,11.77958549405054
PHOTONIC_20LAYERS_BRAGG,BBOB,7.712784792232421
PHOTONIC_20LAYERS_BRAGG,BBOB,10.4047126775997
PHOTONIC_20LAYERS_BRAGG,BBOB,8.46319714687657
PHOTONIC_20LAYERS_BRAGG,BBOB,8.533863235544244
PHOTONIC_20LAYERS_BRAGG,BBOB,9.649878136651658
PHOTONIC_20LAYERS_BRAGG,BBOB,5.89007031519429
PHOTONIC_20LAYERS_BRAGG,BBOB,4.535097274326514
PHOTONIC_20LAYERS_BRAGG,BBOB,7.66483206294191
PHOTONIC_20LAYERS_BRAGG,BBOB,9.925866898654094
PHOTONIC_20LAYERS_BRAGG,BBOB,6.769887802168311
PHOTONIC_20LAYERS_BRAGG,BBOB,7.163934466723993
PHOTONIC_20LAYERS_BRAGG,BBOB,7.990234233058882
PHOTONIC_20LAYERS_BRAGG,BBOB,9.15499091562423
PHOTONIC_20LAYERS_BRAGG,BBOB,6.732246082829105
PHOTONIC_20LAYERS_BRAGG,BBOB,6.9629053929345766
PHOTONIC_20LAYERS_BRAGG,BBOB,4.415604529174251
PHOTONIC_20LAYERS_BRAGG,BBOB,8.421012954375117
PHOTONIC_20LAYERS_BRAGG,BBOB,8.026656534944953
PHOTONIC_20LAYERS_BRAGG,BBOB,6.715567995703835
PHOTONIC_20LAYERS_BRAGG,BBOB,5.103290145215294
PHOTONIC_20LAYERS_BRAGG,BBOB,7.986973190758946
PHOTONIC_20LAYERS_BRAGG,BBOB,8.005750940066706
PHOTONIC_20LAYERS_BRAGG,BBOB,6.067795068165847
PHOTONIC_20LAYERS_BRAGG,BBOB,4.783885139804132
PHOTONIC_20LAYERS_BRAGG,BBOB,6.909867536869484
PHOTONIC_20LAYERS_BRAGG,BBOB,10.93876511118411
PHOTONIC_20LAYERS_BRAGG,BBOB,10.974356485088018
PHOTONIC_20LAYERS_BRAGG,BBOB,7.045624810629919
PHOTONIC_20LAYERS_BRAGG,BBOB,12.598333618131985
PHOTONIC_20LAYERS_BRAGG,BBOB,11.005766385718982
PHOTONIC_20LAYERS_BRAGG,BBOB,8.52012222824947
PHOTONIC_20LAYERS_BRAGG,BBOB,5.709185307129166
PHOTONIC_20LAYERS_BRAGG,BBOB,6.449333506571726
PHOTONIC_20LAYERS_BRAGG,BBOB,10.529313565335922
PHOTONIC_20LAYERS_BRAGG,BBOB,6.069835959843313
PHOTONIC_20LAYERS_BRAGG,BBOB,10.961841252474473
PHOTONIC_20LAYERS_BRAGG,BBOB,5.985512906260433
PHOTONIC_20LAYERS_BRAGG,BBOB,6.589309923270682
PHOTONIC_20LAYERS_BRAGG,BBOB,8.119960551676401
PHOTONIC_20LAYERS_BRAGG,BBOB,7.493238853970187
PHOTONIC_20LAYERS_BRAGG,BBOB,7.2836304329704085
PHOTONIC_20LAYERS_BRAGG,BBOB,7.650941628870013
PHOTONIC_20LAYERS_BRAGG,BBOB,8.122576313192999
PHOTONIC_20LAYERS_BRAGG,BBOB,6.534614881721168
PHOTONIC_20LAYERS_BRAGG,BBOB,8.251378179817387
PHOTONIC_20LAYERS_BRAGG,BBOB,8.6929296656285
PHOTONIC_20LAYERS_BRAGG,BBOB,9.215936160744919
PHOTONIC_20LAYERS_BRAGG,BBOB,8.337991641330305
PHOTONIC_20LAYERS_BRAGG,BBOB,5.38726432543371
PHOTONIC_20LAYERS_BRAGG,BBOB,8.022121732604056
PHOTONIC_20LAYERS_BRAGG,BBOB,6.8926906760885425
PHOTONIC_20LAYERS_BRAGG,BBOB,8.790068357569252
PHOTONIC_20LAYERS_BRAGG,BBOB,8.066419159264166
PHOTONIC_20LAYERS_BRAGG,BBOB,7.821753072759053
PHOTONIC_20LAYERS_BRAGG,BBOB,8.067789457911319
PHOTONIC_20LAYERS_BRAGG,BBOB,7.56058466135882
PHOTONIC_20LAYERS_BRAGG,BBOB,10.817027086285272
PHOTONIC_20LAYERS_BRAGG,BBOB,6.83416464831769
PHOTONIC_20LAYERS_BRAGG,BBOB,10.57424663818899
PHOTONIC_20LAYERS_BRAGG,BBOB,7.61692488437551
PHOTONIC_20LAYERS_BRAGG,BBOB,8.209714147163279
PHOTONIC_20LAYERS_BRAGG,BBOB,5.7320203256712805
PHOTONIC_20LAYERS_BRAGG,BBOB,8.840690428877389
PHOTONIC_20LAYERS_BRAGG,BBOB,7.3695533973399945
PHOTONIC_20LAYERS_BRAGG,BBOB,10.152667644454128
PHOTONIC_20LAYERS_BRAGG,BBOB,6.050647283304773
PHOTONIC_20LAYERS_BRAGG,BBOB,10.588287128095768
PHOTONIC_20LAYERS_BRAGG,BBOB,7.887491937517596
PHOTONIC_20LAYERS_BRAGG,BBOB,9.403382308581778
PHOTONIC_20LAYERS_BRAGG,BBOB,9.058521678293367
PHOTONIC_20LAYERS_BRAGG,BBOB,8.214553768022622
PHOTONIC_20LAYERS_BRAGG,BBOB,6.165145007385623
PHOTONIC_20LAYERS_BRAGG,BBOB,6.171881849339517
PHOTONIC_20LAYERS_BRAGG,BBOB,7.97744574309999
PHOTONIC_20LAYERS_BRAGG,BBOB,10.6869795913901
PHOTONIC_20LAYERS_BRAGG,BBOB,10.23849317562566
PHOTONIC_20LAYERS_BRAGG,BBOB,9.006017561410198
PHOTONIC_20LAYERS_BRAGG,BBOB,7.511057109492563
PHOTONIC_20LAYERS_BRAGG,BBOB,7.149162184373654
PHOTONIC_20LAYERS_BRAGG,BBOB,7.252319504196441
PHOTONIC_20LAYERS_BRAGG,BBOB,7.96052335969192
PHOTONIC_20LAYERS_BRAGG,BBOB,5.724412046791906
PHOTONIC_20LAYERS_BRAGG,BBOB,8.342648970235134
PHOTONIC_20LAYERS_BRAGG,BBOB,5.386597173324782
PHOTONIC_20LAYERS_BRAGG,BBOB,7.043164683476933
PHOTONIC_20LAYERS_BRAGG,BBOB,8.77541591497152
PHOTONIC_20LAYERS_BRAGG,BBOB,7.4959131907261085
PHOTONIC_20LAYERS_BRAGG,BBOB,8.838741502198511
PHOTONIC_20LAYERS_BRAGG,BBOB,10.851677633674123
PHOTONIC_20LAYERS_BRAGG,BBOB,10.493661396806301
PHOTONIC_20LAYERS_BRAGG,BBOB,7.053000373764265
PHOTONIC_20LAYERS_BRAGG,BBOB,5.253545992763541
PHOTONIC_20LAYERS_BRAGG,BBOB,8.843643198546848
PHOTONIC_20LAYERS_BRAGG,BBOB,8.108690216238344
PHOTONIC_20LAYERS_BRAGG,BBOB,7.220303329764723
PHOTONIC_20LAYERS_BRAGG,BBOB,5.165025294586524
PHOTONIC_20LAYERS_BRAGG,BBOB,9.673083559608727
PHOTONIC_20LAYERS_BRAGG,BBOB,7.565535575499259
PHOTONIC_20LAYERS_BRAGG,BBOB,10.423021034924544
PHOTONIC_20LAYERS_BRAGG,BBOB,8.731718935072001
PHOTONIC_20LAYERS_BRAGG,BBOB,9.035445699666134
PHOTONIC_20LAYERS_BRAGG,BBOB,8.84650365800725
PHOTONIC_20LAYERS_BRAGG,BBOB,8.41805829283769
PHOTONIC_20LAYERS_BRAGG,BBOB,11.056450579528867
PHOTONIC_20LAYERS_BRAGG,BBOB,6.716376256901215
PHOTONIC_20LAYERS_BRAGG,BBOB,4.515890234335675
PHOTONIC_20LAYERS_BRAGG,BBOB,6.846584441627277
PHOTONIC_20LAYERS_BRAGG,BBOB,5.734032611214133
PHOTONIC_20LAYERS_BRAGG,BBOB,6.738817213110829
PHOTONIC_20LAYERS_BRAGG,BBOB,10.0318859290908
PHOTONIC_20LAYERS_BRAGG,BBOB,5.886698323696593
PHOTONIC_20LAYERS_BRAGG,BBOB,10.975742488776937
PHOTONIC_20LAYERS_BRAGG,BBOB,8.678572409154443
PHOTONIC_20LAYERS_BRAGG,BBOB,8.997971670702398
PHOTONIC_20LAYERS_BRAGG,BBOB,8.11514728016458
PHOTONIC_20LAYERS_BRAGG,BBOB,7.731541402269638
PHOTONIC_20LAYERS_BRAGG,BBOB,7.614662811100399
PHOTONIC_20LAYERS_BRAGG,BBOB,6.996007995684811
PHOTONIC_20LAYERS_BRAGG,BBOB,7.6805332943696465
PHOTONIC_20LAYERS_BRAGG,BBOB,10.782923370404465
PHOTONIC_20LAYERS_BRAGG,BBOB,9.738413058640461
PHOTONIC_20LAYERS_BRAGG,BBOB,8.020356137894284
PHOTONIC_20LAYERS_BRAGG,BBOB,8.413985541474265
PHOTONIC_20LAYERS_BRAGG,BBOB,7.3685956232590195
PHOTONIC_20LAYERS_BRAGG,BBOB,10.996256489624976
PHOTONIC_20LAYERS_BRAGG,BBOB,5.2577729263684825
PHOTONIC_20LAYERS_BRAGG,BBOB,12.940940188698317
PHOTONIC_20LAYERS_BRAGG,BBOB,7.211738718052702
PHOTONIC_20LAYERS_BRAGG,BBOB,4.764319176632043
PHOTONIC_20LAYERS_BRAGG,BBOB,11.031738987542198
PHOTONIC_20LAYERS_BRAGG,BBOB,5.89277810675286
PHOTONIC_20LAYERS_BRAGG,BBOB,6.033798214543697
PHOTONIC_20LAYERS_BRAGG,BBOB,8.632259759012337
PHOTONIC_20LAYERS_BRAGG,BBOB,10.208502765528896
PHOTONIC_20LAYERS_BRAGG,BBOB,7.507986992886135
PHOTONIC_20LAYERS_BRAGG,BBOB,9.608932470092466
PHOTONIC_20LAYERS_BRAGG,BBOB,9.600773396526337
PHOTONIC_20LAYERS_BRAGG,BBOB,4.993632923794499
PHOTONIC_20LAYERS_BRAGG,BBOB,4.403461167565312
PHOTONIC_20LAYERS_BRAGG,BBOB,8.122128796790648
PHOTONIC_20LAYERS_BRAGG,BBOB,6.897038566899952
PHOTONIC_20LAYERS_BRAGG,BBOB,16.85027262247644
PHOTONIC_20LAYERS_BRAGG,BBOB,6.733250202383995
PHOTONIC_20LAYERS_BRAGG,BBOB,9.110870679203908
PHOTONIC_20LAYERS_BRAGG,BBOB,7.251985258716325
PHOTONIC_20LAYERS_BRAGG,BBOB,6.701458210395923
PHOTONIC_20LAYERS_BRAGG,BBOB,11.372543660933088
PHOTONIC_20LAYERS_BRAGG,BBOB,5.864215221065926
PHOTONIC_20LAYERS_BRAGG,BBOB,4.604079820286116
PHOTONIC_20LAYERS_BRAGG,BBOB,7.780850519548617
PHOTONIC_20LAYERS_BRAGG,BBOB,10.532079601931116
PHOTONIC_20LAYERS_BRAGG,BBOB,8.40329398518768
PHOTONIC_20LAYERS_BRAGG,BBOB,5.978307912478508
PHOTONIC_20LAYERS_BRAGG,BBOB,4.823073213490115
PHOTONIC_20LAYERS_BRAGG,BBOB,8.364199928095386
PHOTONIC_20LAYERS_BRAGG,BBOB,6.17754073218637
PHOTONIC_20LAYERS_BRAGG,BBOB,8.596724092089952
PHOTONIC_20LAYERS_BRAGG,BBOB,9.697293895910166
PHOTONIC_20LAYERS_BRAGG,BBOB,5.814095543537276
PHOTONIC_20LAYERS_BRAGG,BBOB,20.190819872303738
PHOTONIC_20LAYERS_BRAGG,BBOB,4.422093551260443
PHOTONIC_20LAYERS_BRAGG,BBOB,7.305363958495306
PHOTONIC_20LAYERS_BRAGG,BBOB,10.664312801418038
PHOTONIC_20LAYERS_BRAGG,BBOB,5.4087652959228985
PHOTONIC_20LAYERS_BRAGG,BBOB,8.196857031215199
PHOTONIC_20LAYERS_BRAGG,BBOB,8.5533321100344
PHOTONIC_20LAYERS_BRAGG,BBOB,10.6957318410968
PHOTONIC_20LAYERS_BRAGG,BBOB,7.934984569614764
PHOTONIC_20LAYERS_BRAGG,BBOB,7.954747393824983
PHOTONIC_20LAYERS_BRAGG,BBOB,7.924655863874969
PHOTONIC_20LAYERS_BRAGG,BBOB,7.091373164754651
PHOTONIC_20LAYERS_BRAGG,BBOB,5.188795672979333
PHOTONIC_20LAYERS_BRAGG,BBOB,5.56412488262969
PHOTONIC_20LAYERS_BRAGG,BBOB,5.837701138635061
PHOTONIC_20LAYERS_BRAGG,BBOB,9.909942525354465
PHOTONIC_20LAYERS_BRAGG,BBOB,7.867843251313712
PHOTONIC_20LAYERS_BRAGG,BBOB,9.68131024459995
PHOTONIC_20LAYERS_BRAGG,BBOB,4.361225210403493
PHOTONIC_20LAYERS_BRAGG,BBOB,4.439976953139204
PHOTONIC_20LAYERS_BRAGG,BBOB,4.419223789169748
PHOTONIC_20LAYERS_BRAGG,BBOB,8.43309429281189
PHOTONIC_20LAYERS_BRAGG,BBOB,8.729077072409812
PHOTONIC_20LAYERS_BRAGG,BBOB,6.177335072016855
PHOTONIC_20LAYERS_BRAGG,BBOB,8.570806243978527
PHOTONIC_20LAYERS_BRAGG,BBOB,7.780331373637532
PHOTONIC_20LAYERS_BRAGG,BBOB,5.303614518714204
PHOTONIC_20LAYERS_BRAGG,BBOB,6.375546086088265
PHOTONIC_20LAYERS_BRAGG,BBOB,4.825255274395823
PHOTONIC_20LAYERS_BRAGG,BBOB,7.566110920805795
PHOTONIC_20LAYERS_BRAGG,BBOB,8.34798992209471
PHOTONIC_20LAYERS_BRAGG,BBOB,7.780987198848063
PHOTONIC_20LAYERS_BRAGG,BBOB,7.3870399424992685
PHOTONIC_20LAYERS_BRAGG,BBOB,7.821127005718569
PHOTONIC_20LAYERS_BRAGG,BBOB,4.852166086614369
PHOTONIC_20LAYERS_BRAGG,BBOB,5.165066141969377
PHOTONIC_20LAYERS_BRAGG,BBOB,4.412968676477849
PHOTONIC_20LAYERS_BRAGG,BBOB,6.022887179517596
PHOTONIC_20LAYERS_BRAGG,BBOB,8.023652239369962
PHOTONIC_20LAYERS_BRAGG,BBOB,7.598846498496166
PHOTONIC_20LAYERS_BRAGG,BBOB,4.41241149840665
PHOTONIC_20LAYERS_BRAGG,BBOB,9.707961690882053
PHOTONIC_20LAYERS_BRAGG,BBOB,10.993071568744917
PHOTONIC_20LAYERS_BRAGG,BBOB,7.04885739421397
PHOTONIC_20LAYERS_BRAGG,BBOB,6.129129931221993
PHOTONIC_20LAYERS_BRAGG,BBOB,4.442931675557762
PHOTONIC_20LAYERS_BRAGG,BBOB,7.8675774637680815
PHOTONIC_20LAYERS_BRAGG,BBOB,8.553861937030245
PHOTONIC_20LAYERS_BRAGG,BBOB,5.820980744559443
PHOTONIC_20LAYERS_BRAGG,BBOB,8.281553963578801
PHOTONIC_20LAYERS_BRAGG,BBOB,4.399103958673191
PHOTONIC_20LAYERS_BRAGG,BBOB,10.989628519256113
PHOTONIC_20LAYERS_BRAGG,BBOB,7.370114350839671
PHOTONIC_20LAYERS_BRAGG,BBOB,7.471898379423745
PHOTONIC_20LAYERS_BRAGG,BBOB,5.152516153236148
PHOTONIC_20LAYERS_BRAGG,BBOB,9.214448322436326
PHOTONIC_20LAYERS_BRAGG,BBOB,10.056872044057613
PHOTONIC_20LAYERS_BRAGG,BBOB,8.691798947549206
PHOTONIC_20LAYERS_BRAGG,BBOB,7.381446065542841
PHOTONIC_20LAYERS_BRAGG,BBOB,12.583344830032349
PHOTONIC_20LAYERS_BRAGG,BBOB,9.912922195813877
PHOTONIC_20LAYERS_BRAGG,BBOB,4.35915792126442
PHOTONIC_20LAYERS_BRAGG,BBOB,10.664874919845195
PHOTONIC_20LAYERS_BRAGG,BBOB,6.9308934947387435
PHOTONIC_20LAYERS_BRAGG,BBOB,7.731541402269638
PHOTONIC_20LAYERS_BRAGG,BBOB,7.751411124920065
PHOTONIC_20LAYERS_BRAGG,BBOB,6.760341302093141
PHOTONIC_20LAYERS_BRAGG,BBOB,9.998684867266206
PHOTONIC_20LAYERS_BRAGG,BBOB,11.441892962071174
PHOTONIC_20LAYERS_BRAGG,BBOB,5.225374588257276
PHOTONIC_20LAYERS_BRAGG,BBOB,8.259578973920693
PHOTONIC_20LAYERS_BRAGG,BBOB,13.304882977663912
PHOTONIC_20LAYERS_BRAGG,BBOB,6.99145047759155
PHOTONIC_20LAYERS_BRAGG,BBOB,10.016053327920545
PHOTONIC_20LAYERS_BRAGG,BBOB,7.804146837037308
PHOTONIC_20LAYERS_BRAGG,BBOB,9.31304518151912
PHOTONIC_20LAYERS_BRAGG,BBOB,6.895630526052007
PHOTONIC_20LAYERS_BRAGG,BBOB,8.319699625781803
PHOTONIC_20LAYERS_BRAGG,BBOB,6.013790794138669
PHOTONIC_20LAYERS_BRAGG,BBOB,6.759938750433877
PHOTONIC_20LAYERS_BRAGG,BBOB,8.551676766026574
PHOTONIC_20LAYERS_BRAGG,BBOB,6.5351784859396105
PHOTONIC_20LAYERS_BRAGG,BBOB,6.8513712870379075
PHOTONIC_20LAYERS_BRAGG,BBOB,7.731541402269638
PHOTONIC_20LAYERS_BRAGG,BBOB,5.925321725172736
PHOTONIC_20LAYERS_BRAGG,BBOB,6.5859849665637835
PHOTONIC_20LAYERS_BRAGG,BBOB,7.648037289584973
PHOTONIC_20LAYERS_BRAGG,BBOB,9.082934258660599
PHOTONIC_20LAYERS_BRAGG,BBOB,8.342932375809854
PHOTONIC_20LAYERS_BRAGG,BBOB,4.407438268442561
PHOTONIC_20LAYERS_BRAGG,BBOB,5.98705738566415
PHOTONIC_20LAYERS_BRAGG,BBOB,10.540327129473422
PHOTONIC_20LAYERS_BRAGG,BBOB,4.358230774954979
PHOTONIC_20LAYERS_BRAGG,BBOB,9.973711623891315
PHOTONIC_20LAYERS_BRAGG,BBOB,7.478801802971373
PHOTONIC_20LAYERS_BRAGG,BBOB,9.72335286916846
PHOTONIC_20LAYERS_BRAGG,BBOB,8.05950370102293
PHOTONIC_20LAYERS_BRAGG,BBOB,5.737820040020772
PHOTONIC_20LAYERS_BRAGG,BBOB,11.787693676152426
PHOTONIC_20LAYERS_BRAGG,BBOB,5.727553609720485
PHOTONIC_20LAYERS_BRAGG,BBOB,6.053710509490989
PHOTONIC_20LAYERS_BRAGG,BBOB,5.915880611820662
PHOTONIC_20LAYERS_BRAGG,BBOB,9.784523765975036
PHOTONIC_20LAYERS_BRAGG,BBOB,7.075584428785526
PHOTONIC_20LAYERS_BRAGG,BBOB,7.051788983175504
PHOTONIC_20LAYERS_BRAGG,BBOB,6.731492481312691
PHOTONIC_20LAYERS_BRAGG,BBOB,6.038100555511538
PHOTONIC_20LAYERS_BRAGG,BBOB,10.150568794679044
PHOTONIC_20LAYERS_BRAGG,BBOB,9.688462823984478
PHOTONIC_20LAYERS_BRAGG,BBOB,9.688462823984478
PHOTONIC_20LAYERS_BRAGG,BBOB,6.104685742148581
PHOTONIC_20LAYERS_BRAGG,BBOB,10.299481704955289
PHOTONIC_20LAYERS_BRAGG,BBOB,10.632614939460575
PHOTONIC_20LAYERS_BRAGG,BBOB,7.163793150193056
PHOTONIC_20LAYERS_BRAGG,BBOB,7.209523899014433
PHOTONIC_20LAYERS_BRAGG,BBOB,5.165146475617872
PHOTONIC_20LAYERS_BRAGG,BBOB,9.312086704075366
PHOTONIC_20LAYERS_BRAGG,BBOB,7.252040180556409
PHOTONIC_20LAYERS_BRAGG,BBOB,7.849583195825056
PHOTONIC_20LAYERS_BRAGG,BBOB,6.846817017075823
PHOTONIC_20LAYERS_BRAGG,BBOB,5.165139540302677
PHOTONIC_20LAYERS_BRAGG,BBOB,7.730283685127728
PHOTONIC_20LAYERS_BRAGG,BBOB,8.297315427910366
PHOTONIC_20LAYERS_BRAGG,BBOB,5.75141644646899
PHOTONIC_20LAYERS_BRAGG,BBOB,10.345378445054362
PHOTONIC_20LAYERS_BRAGG,BBOB,8.701371346232317
PHOTONIC_20LAYERS_BRAGG,BBOB,7.050876420954866
PHOTONIC_20LAYERS_BRAGG,BBOB,7.148133462266735
PHOTONIC_20LAYERS_BRAGG,BBOB,10.288609227916803
PHOTONIC_20LAYERS_BRAGG,BBOB,8.123497330873676
PHOTONIC_20LAYERS_BRAGG,BBOB,8.548896070002357
PHOTONIC_20LAYERS_BRAGG,BBOB,9.626012598042474
PHOTONIC_20LAYERS_BRAGG,BBOB,6.026781984539496
PHOTONIC_20LAYERS_BRAGG,BBOB,5.103349416073051
PHOTONIC_20LAYERS_BRAGG,BBOB,5.0358671684832625
PHOTONIC_20LAYERS_BRAGG,BBOB,8.430725218152626
PHOTONIC_20LAYERS_BRAGG,BBOB,6.139739823684026
PHOTONIC_20LAYERS_BRAGG,BBOB,10.553448472445702
PHOTONIC_20LAYERS_BRAGG,BBOB,4.277837430326163
PHOTONIC_20LAYERS_BRAGG,BBOB,7.27978817413761
PHOTONIC_20LAYERS_BRAGG,BBOB,7.648471753453236
PHOTONIC_20LAYERS_BRAGG,BBOB,8.334162377407093
PHOTONIC_20LAYERS_BRAGG,BBOB,7.182598292587119
PHOTONIC_20LAYERS_BRAGG,BBOB,8.061173901451445
PHOTONIC_20LAYERS_BRAGG,BBOB,4.417278703960743
PHOTONIC_20LAYERS_BRAGG,BBOB,7.251787957499047
PHOTONIC_20LAYERS_BRAGG,BBOB,7.148090852388119
PHOTONIC_20LAYERS_BRAGG,BBOB,7.84868464716163
PHOTONIC_20LAYERS_BRAGG,BBOB,10.048289055509372
PHOTONIC_20LAYERS_BRAGG,BBOB,7.5295717325874625
PHOTONIC_20LAYERS_BRAGG,BBOB,7.6520481145262265
PHOTONIC_20LAYERS_BRAGG,BBOB,8.364635869577624
PHOTONIC_20LAYERS_BRAGG,BBOB,7.957486680752047
PHOTONIC_20LAYERS_BRAGG,BBOB,4.440691443291094
PHOTONIC_20LAYERS_BRAGG,BBOB,10.973528663833717
PHOTONIC_20LAYERS_BRAGG,BBOB,7.954391351723115
PHOTONIC_20LAYERS_BRAGG,BBOB,7.091283544698157
PHOTONIC_20LAYERS_BRAGG,BBOB,4.383772582506398
PHOTONIC_20LAYERS_BRAGG,BBOB,5.742501289646421
PHOTONIC_20LAYERS_BRAGG,BBOB,7.48185798091916
PHOTONIC_20LAYERS_BRAGG,BBOB,8.375685523375445
PHOTONIC_20LAYERS_BRAGG,BBOB,5.840312487278781
PHOTONIC_20LAYERS_BRAGG,BBOB,7.365699733737104
PHOTONIC_20LAYERS_BRAGG,BBOB,9.368869824921118
PHOTONIC_20LAYERS_BRAGG,BBOB,4.416964417444043
PHOTONIC_20LAYERS_BRAGG,BBOB,5.862299691688084
PHOTONIC_20LAYERS_BRAGG,BBOB,7.712773508077559
PHOTONIC_20LAYERS_BRAGG,BBOB,7.045202122328046
PHOTONIC_20LAYERS_BRAGG,BBOB,7.182598292587119
PHOTONIC_20LAYERS_BRAGG,BBOB,5.859863625198919
PHOTONIC_20LAYERS_BRAGG,BBOB,8.820754338186171
PHOTONIC_20LAYERS_BRAGG,BBOB,8.115390852743449
PHOTONIC_20LAYERS_BRAGG,BBOB,9.647450667858838
PHOTONIC_20LAYERS_BRAGG,BBOB,7.893482530913949
PHOTONIC_20LAYERS_BRAGG,BBOB,9.587790760802918
PHOTONIC_20LAYERS_BRAGG,BBOB,5.665343971894722
PHOTONIC_20LAYERS_BRAGG,BBOB,9.614969394586174
PHOTONIC_20LAYERS_BRAGG,BBOB,6.892336011089365
PHOTONIC_20LAYERS_BRAGG,BBOB,7.805473556133085
PHOTONIC_20LAYERS_BRAGG,BBOB,7.148146396703239
PHOTONIC_20LAYERS_BRAGG,BBOB,7.627360483603965
PHOTONIC_20LAYERS_BRAGG,BBOB,8.15844035410537
PHOTONIC_20LAYERS_BRAGG,BBOB,6.073443989887207
PHOTONIC_20LAYERS_BRAGG,BBOB,7.100290376921502
PHOTONIC_20LAYERS_BRAGG,BBOB,8.546333480114246
PHOTONIC_20LAYERS_BRAGG,BBOB,8.037359223768165
PHOTONIC_20LAYERS_BRAGG,BBOB,6.039869383010043
PHOTONIC_20LAYERS_BRAGG,BBOB,10.874393634223264
PHOTONIC_20LAYERS_BRAGG,BBOB,6.727187360356228
PHOTONIC_20LAYERS_BRAGG,BBOB,9.815377874510085
PHOTONIC_20LAYERS_BRAGG,BBOB,8.073407398570081
PHOTONIC_2LAYERS_ELLIPSOMETRY,BBOB,17.28061940567583
PHOTONIC_2LAYERS_ELLIPSOMETRY,BBOB,16.604670499516097
PHOTONIC_2LAYERS_ELLIPSOMETRY,BBOB,16.92099243858407
PHOTONIC_2LAYERS_ELLIPSOMETRY,BBOB,16.016306430785015
PHOTONIC_2LAYERS_ELLIPSOMETRY,BBOB,16.773026894068334
PHOTONIC_2LAYERS_ELLIPSOMETRY,BBOB,16.64515324414285
PHOTONIC_2LAYERS_ELLIPSOMETRY,BBOB,17.779047605140985
PHOTONIC_2LAYERS_ELLIPSOMETRY,BBOB,16.87020910631671
PHOTONIC_2LAYERS_ELLIPSOMETRY,BBOB,16.837470621808144
PHOTONIC_2LAYERS_ELLIPSOMETRY,BBOB,16.315996699400873
PHOTONIC_2LAYERS_ELLIPSOMETRY,BBOB,16.175332724124804
PHOTONIC_2LAYERS_ELLIPSOMETRY,BBOB,16.80161539636608
PHOTONIC_2LAYERS_ELLIPSOMETRY,BBOB,16.64779719016608
PHOTONIC_2LAYERS_ELLIPSOMETRY,BBOB,16.853323597091077
PHOTONIC_2LAYERS_ELLIPSOMETRY,BBOB,16.655348524854812
PHOTONIC_2LAYERS_ELLIPSOMETRY,BBOB,16.862173699289126
PHOTONIC_2LAYERS_ELLIPSOMETRY,BBOB,16.356477649823095
PHOTONIC_2LAYERS_ELLIPSOMETRY,BBOB,16.594101980157355
PHOTONIC_2LAYERS_ELLIPSOMETRY,BBOB,16.638563748218647
PHOTONIC_2LAYERS_ELLIPSOMETRY,BBOB,16.550371108691383
PHOTONIC_2LAYERS_ELLIPSOMETRY,BBOB,17.185511581779416
PHOTONIC_2LAYERS_ELLIPSOMETRY,BBOB,16.64508619821437
PHOTONIC_2LAYERS_ELLIPSOMETRY,BBOB,16.7444137296952
PHOTONIC_2LAYERS_ELLIPSOMETRY,BBOB,17.926303236752105
PHOTONIC_2LAYERS_ELLIPSOMETRY,BBOB,17.293265258469862
PHOTONIC_2LAYERS_ELLIPSOMETRY,BBOB,17.05350031352921
PHOTONIC_2LAYERS_ELLIPSOMETRY,BBOB,16.694757695788105
PHOTONIC_2LAYERS_ELLIPSOMETRY,BBOB,17.225696228830053
PHOTONIC_2LAYERS_ELLIPSOMETRY,BBOB,16.721611523881524
PHOTONIC_2LAYERS_ELLIPSOMETRY,BBOB,16.57665671681451
PHOTONIC_2LAYERS_ELLIPSOMETRY,BBOB,16.445825189090712
PHOTONIC_2LAYERS_ELLIPSOMETRY,BBOB,16.669885597933643
PHOTONIC_2LAYERS_ELLIPSOMETRY,BBOB,17.098520289886313
PHOTONIC_2LAYERS_ELLIPSOMETRY,BBOB,16.210560366933056
PHOTONIC_2LAYERS_ELLIPSOMETRY,BBOB,16.565373057129907
PHOTONIC_2LAYERS_ELLIPSOMETRY,BBOB,17.053561039528034
PHOTONIC_2LAYERS_ELLIPSOMETRY,BBOB,17.414296486751297
PHOTONIC_2LAYERS_ELLIPSOMETRY,BBOB,16.920939526919746
PHOTONIC_2LAYERS_ELLIPSOMETRY,BBOB,16.568879635678954
PHOTONIC_2LAYERS_ELLIPSOMETRY,BBOB,16.81723682052139
PHOTONIC_2LAYERS_ELLIPSOMETRY,BBOB,17.055270964800616
PHOTONIC_2LAYERS_ELLIPSOMETRY,BBOB,16.346127507322116
PHOTONIC_2LAYERS_ELLIPSOMETRY,BBOB,16.8790807656562
PHOTONIC_2LAYERS_ELLIPSOMETRY,BBOB,16.394893438934375
PHOTONIC_2LAYERS_ELLIPSOMETRY,BBOB,17.290157111502197
PHOTONIC_2LAYERS_ELLIPSOMETRY,BBOB,17.958577281926207
PHOTONIC_2LAYERS_ELLIPSOMETRY,BBOB,16.781974158041255
PHOTONIC_2LAYERS_ELLIPSOMETRY,BBOB,16.362008112639096
PHOTONIC_2LAYERS_ELLIPSOMETRY,BBOB,16.68027977606713
PHOTONIC_2LAYERS_ELLIPSOMETRY,BBOB,16.7919527565644
PHOTONIC_2LAYERS_ELLIPSOMETRY,BBOB,16.612256525338474
PHOTONIC_2LAYERS_ELLIPSOMETRY,BBOB,16.786154112854685
PHOTONIC_2LAYERS_ELLIPSOMETRY,BBOB,17.16832544678331
PHOTONIC_2LAYERS_ELLIPSOMETRY,BBOB,17.292990223376734
PHOTONIC_2LAYERS_ELLIPSOMETRY,BBOB,17.93459623838002
PHOTONIC_2LAYERS_ELLIPSOMETRY,BBOB,17.15817012276891
PHOTONIC_2LAYERS_ELLIPSOMETRY,BBOB,16.46756428800716
PHOTONIC_2LAYERS_ELLIPSOMETRY,BBOB,16.967246601502335
PHOTONIC_2LAYERS_ELLIPSOMETRY,BBOB,16.66859905354951
PHOTONIC_2LAYERS_ELLIPSOMETRY,BBOB,16.68923573353079
PHOTONIC_2LAYERS_ELLIPSOMETRY,BBOB,16.31215351772168
PHOTONIC_2LAYERS_ELLIPSOMETRY,BBOB,16.854311838232775
PHOTONIC_2LAYERS_ELLIPSOMETRY,BBOB,16.623794032949405
PHOTONIC_2LAYERS_ELLIPSOMETRY,BBOB,17.40649281405597
PHOTONIC_2LAYERS_ELLIPSOMETRY,BBOB,17.146259022384925
PHOTONIC_2LAYERS_ELLIPSOMETRY,BBOB,16.74443003317247
PHOTONIC_2LAYERS_ELLIPSOMETRY,BBOB,16.58420037997875
PHOTONIC_2LAYERS_ELLIPSOMETRY,BBOB,17.49945436304774
PHOTONIC_2LAYERS_ELLIPSOMETRY,BBOB,17.713494732045234
PHOTONIC_2LAYERS_ELLIPSOMETRY,BBOB,17.9082590333564
PHOTONIC_2LAYERS_ELLIPSOMETRY,BBOB,17.206330105523637
PHOTONIC_2LAYERS_ELLIPSOMETRY,BBOB,17.136861657377825
PHOTONIC_2LAYERS_ELLIPSOMETRY,BBOB,17.742825213028134
PHOTONIC_2LAYERS_ELLIPSOMETRY,BBOB,17.92084013282897
PHOTONIC_2LAYERS_ELLIPSOMETRY,BBOB,16.567174491528853
PHOTONIC_2LAYERS_ELLIPSOMETRY,BBOB,17.137581330964572
PHOTONIC_2LAYERS_ELLIPSOMETRY,BBOB,16.581537703802073
PHOTONIC_2LAYERS_ELLIPSOMETRY,BBOB,17.22456155664943
PHOTONIC_2LAYERS_ELLIPSOMETRY,BBOB,16.80236254056541
PHOTONIC_2LAYERS_ELLIPSOMETRY,BBOB,17.939214406584625
PHOTONIC_2LAYERS_ELLIPSOMETRY,BBOB,16.602600653149736
PHOTONIC_2LAYERS_ELLIPSOMETRY,BBOB,16.559530366416567
PHOTONIC_2LAYERS_ELLIPSOMETRY,BBOB,17.659105568670412
PHOTONIC_2LAYERS_ELLIPSOMETRY,BBOB,16.938261817630806
PHOTONIC_2LAYERS_ELLIPSOMETRY,BBOB,16.105288168427883
PHOTONIC_2LAYERS_ELLIPSOMETRY,BBOB,16.578327674192955
PHOTONIC_2LAYERS_ELLIPSOMETRY,BBOB,17.583866465538044
PHOTONIC_2LAYERS_ELLIPSOMETRY,BBOB,17.92582828889182
PHOTONIC_2LAYERS_ELLIPSOMETRY,BBOB,17.139697302061368
PHOTONIC_2LAYERS_ELLIPSOMETRY,BBOB,16.177598682398866
PHOTONIC_2LAYERS_ELLIPSOMETRY,BBOB,17.778154636200494
PHOTONIC_2LAYERS_ELLIPSOMETRY,BBOB,17.30669531739239
PHOTONIC_2LAYERS_ELLIPSOMETRY,BBOB,17.2033333010348
PHOTONIC_2LAYERS_ELLIPSOMETRY,BBOB,17.25884256356746
PHOTONIC_2LAYERS_ELLIPSOMETRY,BBOB,16.623749790127285
PHOTONIC_2LAYERS_ELLIPSOMETRY,BBOB,17.94966056862768
PHOTONIC_2LAYERS_ELLIPSOMETRY,BBOB,17.827102484937125
PHOTONIC_2LAYERS_ELLIPSOMETRY,BBOB,16.644985886314903
PHOTONIC_2LAYERS_ELLIPSOMETRY,BBOB,16.539845327818785
PHOTONIC_2LAYERS_ELLIPSOMETRY,BBOB,17.13688894366256
PHOTONIC_2LAYERS_ELLIPSOMETRY,BBOB,17.09247678471273
PHOTONIC_2LAYERS_ELLIPSOMETRY,BBOB,16.680984635290276
PHOTONIC_2LAYERS_ELLIPSOMETRY,BBOB,16.37260579993959
PHOTONIC_2LAYERS_ELLIPSOMETRY,BBOB,16.802550878937446
PHOTONIC_2LAYERS_ELLIPSOMETRY,BBOB,17.479267794613943
PHOTONIC_2LAYERS_ELLIPSOMETRY,BBOB,16.58251693544353
PHOTONIC_2LAYERS_ELLIPSOMETRY,BBOB,16.564563886647527
PHOTONIC_2LAYERS_ELLIPSOMETRY,BBOB,18.10954223391107
PHOTONIC_2LAYERS_ELLIPSOMETRY,BBOB,16.464770139493826
PHOTONIC_2LAYERS_ELLIPSOMETRY,BBOB,16.785398477362875
PHOTONIC_2LAYERS_ELLIPSOMETRY,BBOB,17.27204307832299
PHOTONIC_2LAYERS_ELLIPSOMETRY,BBOB,16.550552037223998
PHOTONIC_2LAYERS_ELLIPSOMETRY,BBOB,17.1264896835366
PHOTONIC_2LAYERS_ELLIPSOMETRY,BBOB,16.629323664856376
PHOTONIC_2LAYERS_ELLIPSOMETRY,BBOB,16.79687830497275
PHOTONIC_2LAYERS_ELLIPSOMETRY,BBOB,16.619349753995948
PHOTONIC_2LAYERS_ELLIPSOMETRY,BBOB,16.564153456698378
PHOTONIC_2LAYERS_ELLIPSOMETRY,BBOB,16.748789660136254
PHOTONIC_2LAYERS_ELLIPSOMETRY,BBOB,16.519943257490514
PHOTONIC_2LAYERS_ELLIPSOMETRY,BBOB,17.752739459011224
PHOTONIC_2LAYERS_ELLIPSOMETRY,BBOB,16.60938643859352
PHOTONIC_2LAYERS_ELLIPSOMETRY,BBOB,16.83662337734551
PHOTONIC_2LAYERS_ELLIPSOMETRY,BBOB,17.205440214207865
PHOTONIC_2LAYERS_ELLIPSOMETRY,BBOB,17.278808676790362
PHOTONIC_2LAYERS_ELLIPSOMETRY,BBOB,19.690346105217703
PHOTONIC_2LAYERS_ELLIPSOMETRY,BBOB,16.63874315713921
PHOTONIC_2LAYERS_ELLIPSOMETRY,BBOB,16.789000751748095
PHOTONIC_2LAYERS_ELLIPSOMETRY,BBOB,16.655732355607793
PHOTONIC_2LAYERS_ELLIPSOMETRY,BBOB,16.650383649289235
PHOTONIC_2LAYERS_ELLIPSOMETRY,BBOB,16.565562740184863
PHOTONIC_2LAYERS_ELLIPSOMETRY,BBOB,16.82180032218279
PHOTONIC_2LAYERS_ELLIPSOMETRY,BBOB,16.519487024640984
PHOTONIC_2LAYERS_ELLIPSOMETRY,BBOB,17.32766888652836
PHOTONIC_2LAYERS_ELLIPSOMETRY,BBOB,17.54434307038558
PHOTONIC_2LAYERS_ELLIPSOMETRY,BBOB,17.190758712673183
PHOTONIC_2LAYERS_ELLIPSOMETRY,BBOB,16.940105419231255
PHOTONIC_2LAYERS_ELLIPSOMETRY,BBOB,17.924865597471666
PHOTONIC_2LAYERS_ELLIPSOMETRY,BBOB,16.60105831533176
PHOTONIC_2LAYERS_ELLIPSOMETRY,BBOB,17.153586668694924
PHOTONIC_2LAYERS_ELLIPSOMETRY,BBOB,16.598072296536706
PHOTONIC_2LAYERS_ELLIPSOMETRY,BBOB,16.997776554614894
PHOTONIC_2LAYERS_ELLIPSOMETRY,BBOB,17.91937129825138
PHOTONIC_2LAYERS_ELLIPSOMETRY,BBOB,16.85102370088383
PHOTONIC_2LAYERS_ELLIPSOMETRY,BBOB,17.37170849652967
PHOTONIC_2LAYERS_ELLIPSOMETRY,BBOB,21.8311675074614
PHOTONIC_2LAYERS_ELLIPSOMETRY,BBOB,16.742079675780897
PHOTONIC_2LAYERS_ELLIPSOMETRY,BBOB,17.939929577346287
PHOTONIC_2LAYERS_ELLIPSOMETRY,BBOB,16.580766909168524
PHOTONIC_2LAYERS_ELLIPSOMETRY,BBOB,17.60028163990558
PHOTONIC_2LAYERS_ELLIPSOMETRY,BBOB,17.12473815176991
PHOTONIC_2LAYERS_ELLIPSOMETRY,BBOB,17.038138563153588
PHOTONIC_2LAYERS_ELLIPSOMETRY,BBOB,16.65109092756666
PHOTONIC_2LAYERS_ELLIPSOMETRY,BBOB,16.654010689959826
PHOTONIC_2LAYERS_ELLIPSOMETRY,BBOB,16.22773722257814
PHOTONIC_2LAYERS_ELLIPSOMETRY,BBOB,16.578344653872566
PHOTONIC_2LAYERS_ELLIPSOMETRY,BBOB,16.48326505992744
PHOTONIC_2LAYERS_ELLIPSOMETRY,BBOB,16.75721506262301
PHOTONIC_2LAYERS_ELLIPSOMETRY,BBOB,19.25505831456657
PHOTONIC_2LAYERS_ELLIPSOMETRY,BBOB,17.241142505074
PHOTONIC_2LAYERS_ELLIPSOMETRY,BBOB,16.818357844777193
PHOTONIC_2LAYERS_ELLIPSOMETRY,BBOB,16.591627035670705
PHOTONIC_2LAYERS_ELLIPSOMETRY,BBOB,18.10884917788644
PHOTONIC_2LAYERS_ELLIPSOMETRY,BBOB,16.581414894192882
PHOTONIC_2LAYERS_ELLIPSOMETRY,BBOB,16.66465958181328
PHOTONIC_2LAYERS_ELLIPSOMETRY,BBOB,16.473133857269094
PHOTONIC_2LAYERS_ELLIPSOMETRY,BBOB,16.61500045494509
PHOTONIC_2LAYERS_ELLIPSOMETRY,BBOB,17.211125396986816
PHOTONIC_2LAYERS_ELLIPSOMETRY,BBOB,17.504068068356418
PHOTONIC_2LAYERS_ELLIPSOMETRY,BBOB,16.877204063819878
PHOTONIC_2LAYERS_ELLIPSOMETRY,BBOB,16.69578180577949
PHOTONIC_2LAYERS_ELLIPSOMETRY,BBOB,16.851163155754634
PHOTONIC_2LAYERS_ELLIPSOMETRY,BBOB,17.526835349431025
PHOTONIC_2LAYERS_ELLIPSOMETRY,BBOB,17.545355781903822
PHOTONIC_2LAYERS_ELLIPSOMETRY,BBOB,16.605041465052196
PHOTONIC_2LAYERS_ELLIPSOMETRY,BBOB,16.672107420205364
PHOTONIC_2LAYERS_ELLIPSOMETRY,BBOB,16.576794343404263
PHOTONIC_2LAYERS_ELLIPSOMETRY,BBOB,16.469535834765765
PHOTONIC_2LAYERS_ELLIPSOMETRY,BBOB,17.13135426862157
PHOTONIC_2LAYERS_ELLIPSOMETRY,BBOB,17.930345476711672
PHOTONIC_2LAYERS_ELLIPSOMETRY,BBOB,16.56008000434718
PHOTONIC_2LAYERS_ELLIPSOMETRY,BBOB,16.89145286552742
PHOTONIC_2LAYERS_ELLIPSOMETRY,BBOB,17.218904904817567
PHOTONIC_2LAYERS_ELLIPSOMETRY,BBOB,16.622624097882333
PHOTONIC_2LAYERS_ELLIPSOMETRY,BBOB,16.75617817582605
PHOTONIC_2LAYERS_ELLIPSOMETRY,BBOB,16.637101022757932
PHOTONIC_2LAYERS_ELLIPSOMETRY,BBOB,17.20919670035943
PHOTONIC_2LAYERS_ELLIPSOMETRY,BBOB,16.208879643085936
PHOTONIC_2LAYERS_ELLIPSOMETRY,BBOB,17.94016767906094
PHOTONIC_2LAYERS_ELLIPSOMETRY,BBOB,17.598023791635327
PHOTONIC_2LAYERS_ELLIPSOMETRY,BBOB,16.839181010730623
PHOTONIC_2LAYERS_ELLIPSOMETRY,BBOB,17.13522789161423
PHOTONIC_2LAYERS_ELLIPSOMETRY,BBOB,16.879921553545596
PHOTONIC_2LAYERS_ELLIPSOMETRY,BBOB,16.635409155567913
PHOTONIC_2LAYERS_ELLIPSOMETRY,BBOB,16.769353247321472
PHOTONIC_2LAYERS_ELLIPSOMETRY,BBOB,16.308098111301888
PHOTONIC_2LAYERS_ELLIPSOMETRY,BBOB,17.534700269293364
PHOTONIC_2LAYERS_ELLIPSOMETRY,BBOB,17.21110848391642
PHOTONIC_2LAYERS_ELLIPSOMETRY,BBOB,17.18650519425929
PHOTONIC_2LAYERS_ELLIPSOMETRY,BBOB,17.145446427276813
PHOTONIC_2LAYERS_ELLIPSOMETRY,BBOB,17.61382872366018
PHOTONIC_2LAYERS_ELLIPSOMETRY,BBOB,17.40229464975268
PHOTONIC_2LAYERS_ELLIPSOMETRY,BBOB,17.55631658410207
PHOTONIC_2LAYERS_ELLIPSOMETRY,BBOB,17.13937502217263
PHOTONIC_2LAYERS_ELLIPSOMETRY,BBOB,16.38533686415273
PHOTONIC_2LAYERS_ELLIPSOMETRY,BBOB,16.887761307122318
PHOTONIC_2LAYERS_ELLIPSOMETRY,BBOB,17.109066220270876
PHOTONIC_2LAYERS_ELLIPSOMETRY,BBOB,23.482123071137178
PHOTONIC_2LAYERS_ELLIPSOMETRY,BBOB,16.800716068829665
PHOTONIC_2LAYERS_ELLIPSOMETRY,BBOB,16.839516251533247
PHOTONIC_2LAYERS_ELLIPSOMETRY,BBOB,17.52667297257279
PHOTONIC_2LAYERS_ELLIPSOMETRY,BBOB,16.463860436058955
PHOTONIC_2LAYERS_ELLIPSOMETRY,BBOB,17.554705252801906
PHOTONIC_2LAYERS_ELLIPSOMETRY,BBOB,17.479579229855744
PHOTONIC_2LAYERS_ELLIPSOMETRY,BBOB,16.976969993616336
PHOTONIC_2LAYERS_ELLIPSOMETRY,BBOB,16.593988065987457
PHOTONIC_2LAYERS_ELLIPSOMETRY,BBOB,16.942330609714855
PHOTONIC_2LAYERS_ELLIPSOMETRY,BBOB,17.241945540142147
PHOTONIC_2LAYERS_ELLIPSOMETRY,BBOB,16.571699743050065
PHOTONIC_2LAYERS_ELLIPSOMETRY,BBOB,16.663940833349937
PHOTONIC_2LAYERS_ELLIPSOMETRY,BBOB,19.25047565273229
PHOTONIC_2LAYERS_ELLIPSOMETRY,BBOB,17.39698571300967
PHOTONIC_2LAYERS_ELLIPSOMETRY,BBOB,16.78320240757897
PHOTONIC_2LAYERS_ELLIPSOMETRY,BBOB,17.121870058762266
PHOTONIC_2LAYERS_ELLIPSOMETRY,BBOB,17.25896734630309
PHOTONIC_2LAYERS_ELLIPSOMETRY,BBOB,16.748561527993687
PHOTONIC_2LAYERS_ELLIPSOMETRY,BBOB,17.175438290498132
PHOTONIC_2LAYERS_ELLIPSOMETRY,BBOB,17.12527500761218
PHOTONIC_2LAYERS_ELLIPSOMETRY,BBOB,16.54630892412497
PHOTONIC_2LAYERS_ELLIPSOMETRY,BBOB,17.01016743495451
PHOTONIC_2LAYERS_ELLIPSOMETRY,BBOB,16.675795366033324
PHOTONIC_2LAYERS_ELLIPSOMETRY,BBOB,17.12390306104284
PHOTONIC_2LAYERS_ELLIPSOMETRY,BBOB,16.811337804245433
PHOTONIC_2LAYERS_ELLIPSOMETRY,BBOB,17.098270422606276
PHOTONIC_2LAYERS_ELLIPSOMETRY,BBOB,17.2081382002512
PHOTONIC_2LAYERS_ELLIPSOMETRY,BBOB,16.619202892085994
PHOTONIC_2LAYERS_ELLIPSOMETRY,BBOB,17.133198514487333
PHOTONIC_2LAYERS_ELLIPSOMETRY,BBOB,16.732116853115222
PHOTONIC_2LAYERS_ELLIPSOMETRY,BBOB,17.639913731879048
PHOTONIC_2LAYERS_ELLIPSOMETRY,BBOB,16.6806355290971
PHOTONIC_2LAYERS_ELLIPSOMETRY,BBOB,17.277132262208724
PHOTONIC_2LAYERS_ELLIPSOMETRY,BBOB,16.887432431292687
PHOTONIC_2LAYERS_ELLIPSOMETRY,BBOB,16.701044529444644
PHOTONIC_2LAYERS_ELLIPSOMETRY,BBOB,16.506731595313493
PHOTONIC_2LAYERS_ELLIPSOMETRY,BBOB,16.52803769441776
PHOTONIC_2LAYERS_ELLIPSOMETRY,BBOB,16.01674251389052
PHOTONIC_2LAYERS_ELLIPSOMETRY,BBOB,16.88889570033304
PHOTONIC_2LAYERS_ELLIPSOMETRY,BBOB,16.40783086183393
PHOTONIC_2LAYERS_ELLIPSOMETRY,BBOB,17.179055792788716
PHOTONIC_2LAYERS_ELLIPSOMETRY,BBOB,16.737148704947877
PHOTONIC_2LAYERS_ELLIPSOMETRY,BBOB,16.754627263450775
PHOTONIC_2LAYERS_ELLIPSOMETRY,BBOB,16.651732114118932
PHOTONIC_2LAYERS_ELLIPSOMETRY,BBOB,16.654058259961225
PHOTONIC_2LAYERS_ELLIPSOMETRY,BBOB,16.706119767513567
PHOTONIC_2LAYERS_ELLIPSOMETRY,BBOB,17.64875406418062
PHOTONIC_2LAYERS_ELLIPSOMETRY,BBOB,17.133216690084442
PHOTONIC_2LAYERS_ELLIPSOMETRY,BBOB,17.94148146935599
PHOTONIC_2LAYERS_ELLIPSOMETRY,BBOB,16.484458239402198
PHOTONIC_2LAYERS_ELLIPSOMETRY,BBOB,16.6961430957999
PHOTONIC_2LAYERS_ELLIPSOMETRY,BBOB,16.626721860978297
PHOTONIC_2LAYERS_ELLIPSOMETRY,BBOB,16.561169927079103
PHOTONIC_2LAYERS_ELLIPSOMETRY,BBOB,17.92720997702041
PHOTONIC_2LAYERS_ELLIPSOMETRY,BBOB,16.503020059254922
PHOTONIC_2LAYERS_ELLIPSOMETRY,BBOB,16.498805459520632
PHOTONIC_2LAYERS_ELLIPSOMETRY,BBOB,16.988729212952787
PHOTONIC_2LAYERS_ELLIPSOMETRY,BBOB,16.551729739404855
PHOTONIC_2LAYERS_ELLIPSOMETRY,BBOB,17.20236859369333
PHOTONIC_2LAYERS_ELLIPSOMETRY,BBOB,17.247653912721365
PHOTONIC_2LAYERS_ELLIPSOMETRY,BBOB,16.648959396279146
PHOTONIC_2LAYERS_ELLIPSOMETRY,BBOB,17.662828154212114
PHOTONIC_2LAYERS_ELLIPSOMETRY,BBOB,16.618438627767116
PHOTONIC_2LAYERS_ELLIPSOMETRY,BBOB,17.660804821397722
PHOTONIC_2LAYERS_ELLIPSOMETRY,BBOB,16.67731470500873
PHOTONIC_2LAYERS_ELLIPSOMETRY,BBOB,16.4247552011153
PHOTONIC_2LAYERS_ELLIPSOMETRY,BBOB,17.527695912373325
PHOTONIC_2LAYERS_ELLIPSOMETRY,BBOB,17.305386665892573
PHOTONIC_2LAYERS_ELLIPSOMETRY,BBOB,17.005985125070985
PHOTONIC_2LAYERS_ELLIPSOMETRY,BBOB,17.000346290962035
PHOTONIC_2LAYERS_ELLIPSOMETRY,BBOB,17.003051286384157
PHOTONIC_2LAYERS_ELLIPSOMETRY,BBOB,16.325606540133574
PHOTONIC_2LAYERS_ELLIPSOMETRY,BBOB,17.17602233657973
PHOTONIC_2LAYERS_ELLIPSOMETRY,BBOB,17.48143226503295
PHOTONIC_2LAYERS_ELLIPSOMETRY,BBOB,17.466065946459903
PHOTONIC_2LAYERS_ELLIPSOMETRY,BBOB,16.676905075102564
PHOTONIC_2LAYERS_ELLIPSOMETRY,BBOB,17.13305607124965
PHOTONIC_2LAYERS_ELLIPSOMETRY,BBOB,16.646372020652382
PHOTONIC_2LAYERS_ELLIPSOMETRY,BBOB,16.6142109817076
PHOTONIC_2LAYERS_ELLIPSOMETRY,BBOB,16.61346672883222
PHOTONIC_2LAYERS_ELLIPSOMETRY,BBOB,16.553748782435676
PHOTONIC_2LAYERS_ELLIPSOMETRY,BBOB,16.50574849451281
PHOTONIC_2LAYERS_ELLIPSOMETRY,BBOB,16.52178441141978
PHOTONIC_2LAYERS_ELLIPSOMETRY,BBOB,16.65131113960641
PHOTONIC_2LAYERS_ELLIPSOMETRY,BBOB,17.111962902889214
PHOTONIC_2LAYERS_ELLIPSOMETRY,BBOB,17.12714791908112
PHOTONIC_2LAYERS_ELLIPSOMETRY,BBOB,16.623434552160905
PHOTONIC_2LAYERS_ELLIPSOMETRY,BBOB,23.53849293060315
PHOTONIC_2LAYERS_ELLIPSOMETRY,BBOB,16.107130294630032
PHOTONIC_2LAYERS_ELLIPSOMETRY,BBOB,17.132260069574283
PHOTONIC_2LAYERS_ELLIPSOMETRY,BBOB,16.253302926787548
PHOTONIC_2LAYERS_ELLIPSOMETRY,BBOB,17.712640392892705
PHOTONIC_2LAYERS_ELLIPSOMETRY,BBOB,16.653855002826813
PHOTONIC_2LAYERS_ELLIPSOMETRY,BBOB,17.111916244829228
PHOTONIC_2LAYERS_ELLIPSOMETRY,BBOB,17.556843579282738
PHOTONIC_2LAYERS_ELLIPSOMETRY,BBOB,17.660479585836175
PHOTONIC_2LAYERS_ELLIPSOMETRY,BBOB,16.755476397886145
PHOTONIC_2LAYERS_ELLIPSOMETRY,BBOB,17.909190531286672
PHOTONIC_2LAYERS_ELLIPSOMETRY,BBOB,16.10905127922572
PHOTONIC_2LAYERS_ELLIPSOMETRY,BBOB,16.803072417604806
PHOTONIC_2LAYERS_ELLIPSOMETRY,BBOB,16.6382900812998
PHOTONIC_2LAYERS_ELLIPSOMETRY,BBOB,17.538583465931342
PHOTONIC_2LAYERS_ELLIPSOMETRY,BBOB,16.694423888894896
PHOTONIC_2LAYERS_ELLIPSOMETRY,BBOB,17.627339569429232
PHOTONIC_2LAYERS_ELLIPSOMETRY,BBOB,17.958868976915912
PHOTONIC_2LAYERS_ELLIPSOMETRY,BBOB,16.644955517452242
PHOTONIC_2LAYERS_ELLIPSOMETRY,BBOB,16.612128360552667
PHOTONIC_2LAYERS_ELLIPSOMETRY,BBOB,16.88632439557066
PHOTONIC_2LAYERS_ELLIPSOMETRY,BBOB,17.242356287689528
PHOTONIC_2LAYERS_ELLIPSOMETRY,BBOB,16.506284005621026
PHOTONIC_2LAYERS_ELLIPSOMETRY,BBOB,17.314563789954505
PHOTONIC_2LAYERS_ELLIPSOMETRY,BBOB,17.400481757480307
PHOTONIC_2LAYERS_ELLIPSOMETRY,BBOB,16.865084824520643
PHOTONIC_2LAYERS_ELLIPSOMETRY,BBOB,17.117583761938164
PHOTONIC_2LAYERS_ELLIPSOMETRY,BBOB,16.815921297748986
PHOTONIC_2LAYERS_ELLIPSOMETRY,BBOB,16.68116129772637
PHOTONIC_2LAYERS_ELLIPSOMETRY,BBOB,16.70675523199703
PHOTONIC_2LAYERS_ELLIPSOMETRY,BBOB,16.51983190389979
PHOTONIC_2LAYERS_ELLIPSOMETRY,BBOB,16.811327232898467
PHOTONIC_2LAYERS_ELLIPSOMETRY,BBOB,17.373549767233204
PHOTONIC_2LAYERS_ELLIPSOMETRY,BBOB,17.538785818351716
PHOTONIC_2LAYERS_ELLIPSOMETRY,BBOB,16.695962961436326
PHOTONIC_2LAYERS_ELLIPSOMETRY,BBOB,17.217679374404458
PHOTONIC_2LAYERS_ELLIPSOMETRY,BBOB,16.544374197862744
PHOTONIC_2LAYERS_ELLIPSOMETRY,BBOB,16.580506743436835
PHOTONIC_2LAYERS_ELLIPSOMETRY,BBOB,17.142254193936502
PHOTONIC_2LAYERS_ELLIPSOMETRY,BBOB,16.804622230237904
PHOTONIC_2LAYERS_ELLIPSOMETRY,BBOB,16.468876481528035
PHOTONIC_2LAYERS_ELLIPSOMETRY,BBOB,17.731968906127115
PHOTONIC_2LAYERS_ELLIPSOMETRY,BBOB,16.394388963701132
PHOTONIC_2LAYERS_ELLIPSOMETRY,BBOB,16.73403387607836
PHOTONIC_2LAYERS_ELLIPSOMETRY,BBOB,16.647114766640872
PHOTONIC_2LAYERS_ELLIPSOMETRY,BBOB,16.588296921137157
PHOTONIC_2LAYERS_ELLIPSOMETRY,BBOB,16.582395442986634
PHOTONIC_2LAYERS_ELLIPSOMETRY,BBOB,16.60317215591101
PHOTONIC_2LAYERS_ELLIPSOMETRY,BBOB,16.382407185391425
PHOTONIC_2LAYERS_ELLIPSOMETRY,BBOB,16.526906711509096
PHOTONIC_2LAYERS_ELLIPSOMETRY,BBOB,16.50689189663864
PHOTONIC_2LAYERS_ELLIPSOMETRY,BBOB,16.67710215008102
PHOTONIC_2LAYERS_ELLIPSOMETRY,BBOB,16.547841449943057
PHOTONIC_2LAYERS_ELLIPSOMETRY,BBOB,16.350733245147584
PHOTONIC_2LAYERS_ELLIPSOMETRY,BBOB,16.65538999489594
PHOTONIC_2LAYERS_ELLIPSOMETRY,BBOB,17.10588526541529
PHOTONIC_2LAYERS_ELLIPSOMETRY,BBOB,16.767164621897432
PHOTONIC_2LAYERS_ELLIPSOMETRY,BBOB,17.947042695366257
PHOTONIC_2LAYERS_ELLIPSOMETRY,BBOB,17.03808697392522
PHOTONIC_2LAYERS_ELLIPSOMETRY,BBOB,16.88691770330537
PHOTONIC_2LAYERS_ELLIPSOMETRY,BBOB,16.506060956877548
PHOTONIC_2LAYERS_ELLIPSOMETRY,BBOB,17.558564499738573
PHOTONIC_2LAYERS_ELLIPSOMETRY,BBOB,16.68153820686586
PHOTONIC_2LAYERS_ELLIPSOMETRY,BBOB,17.507551624902426
PHOTONIC_2LAYERS_ELLIPSOMETRY,BBOB,17.03804272343765
PHOTONIC_2LAYERS_ELLIPSOMETRY,BBOB,16.205145441593135
PHOTONIC_2LAYERS_ELLIPSOMETRY,BBOB,16.803351072855698
PHOTONIC_2LAYERS_ELLIPSOMETRY,BBOB,17.52680387762006
PHOTONIC_2LAYERS_ELLIPSOMETRY,BBOB,16.634322529348815
PHOTONIC_2LAYERS_ELLIPSOMETRY,BBOB,16.636723066182658
PHOTONIC_2LAYERS_ELLIPSOMETRY,BBOB,17.39075177522831
PHOTONIC_2LAYERS_ELLIPSOMETRY,BBOB,16.45891310217633
PHOTONIC_2LAYERS_ELLIPSOMETRY,BBOB,17.36653859989222
PHOTONIC_2LAYERS_ELLIPSOMETRY,BBOB,17.013592863569507
PHOTONIC_2LAYERS_ELLIPSOMETRY,BBOB,16.744686384719802
PHOTONIC_2LAYERS_ELLIPSOMETRY,BBOB,17.39434376448985
PHOTONIC_2LAYERS_ELLIPSOMETRY,BBOB,16.503275072524048
PHOTONIC_2LAYERS_ELLIPSOMETRY,BBOB,16.647073316753424
PHOTONIC_2LAYERS_ELLIPSOMETRY,BBOB,19.69072240872974
PHOTONIC_2LAYERS_ELLIPSOMETRY,BBOB,16.560903292232815
PHOTONIC_2LAYERS_ELLIPSOMETRY,BBOB,17.374148197031477
PHOTONIC_2LAYERS_ELLIPSOMETRY,BBOB,16.590340567349944
PHOTONIC_2LAYERS_ELLIPSOMETRY,BBOB,16.684507568646602
PHOTONIC_2LAYERS_ELLIPSOMETRY,BBOB,17.006244801098948
PHOTONIC_2LAYERS_ELLIPSOMETRY,BBOB,17.118035034153063
PHOTONIC_2LAYERS_ELLIPSOMETRY,BBOB,17.117663245136015
PHOTONIC_2LAYERS_ELLIPSOMETRY,BBOB,16.706540560446076
PHOTONIC_2LAYERS_ELLIPSOMETRY,BBOB,17.166511033106
PHOTONIC_2LAYERS_ELLIPSOMETRY,BBOB,16.560343149954214
PHOTONIC_2LAYERS_ELLIPSOMETRY,BBOB,16.79633534236962
PHOTONIC_2LAYERS_ELLIPSOMETRY,BBOB,16.70015193316398
PHOTONIC_2LAYERS_ELLIPSOMETRY,BBOB,17.24111668908016
PHOTONIC_2LAYERS_ELLIPSOMETRY,BBOB,16.59563899814796
PHOTONIC_2LAYERS_ELLIPSOMETRY,BBOB,16.629333676296355
PHOTONIC_2LAYERS_ELLIPSOMETRY,BBOB,16.263602724838975
PHOTONIC_2LAYERS_ELLIPSOMETRY,BBOB,17.1869162399817
PHOTONIC_2LAYERS_ELLIPSOMETRY,BBOB,16.94586283735018
PHOTONIC_2LAYERS_ELLIPSOMETRY,BBOB,17.62230934382613
PHOTONIC_2LAYERS_ELLIPSOMETRY,BBOB,16.54204872376032
PHOTONIC_2LAYERS_ELLIPSOMETRY,BBOB,16.665682604133842
PHOTONIC_2LAYERS_ELLIPSOMETRY,BBOB,16.98491129302778
PHOTONIC_2LAYERS_ELLIPSOMETRY,BBOB,16.568306399755702
PHOTONIC_2LAYERS_ELLIPSOMETRY,BBOB,16.87916357270904
PHOTONIC_2LAYERS_ELLIPSOMETRY,BBOB,16.968111274151052
PHOTONIC_2LAYERS_ELLIPSOMETRY,BBOB,16.60271041090814
PHOTONIC_2LAYERS_ELLIPSOMETRY,BBOB,17.175700221071587
PHOTONIC_2LAYERS_ELLIPSOMETRY,BBOB,17.565244430987903
PHOTONIC_2LAYERS_ELLIPSOMETRY,BBOB,17.491417196274128
PHOTONIC_2LAYERS_ELLIPSOMETRY,BBOB,16.609428287234955
PHOTONIC_2LAYERS_ELLIPSOMETRY,BBOB,17.316790134994218
PHOTONIC_2LAYERS_ELLIPSOMETRY,BBOB,16.701408883440877
PHOTONIC_2LAYERS_ELLIPSOMETRY,BBOB,16.552380393910575
PHOTONIC_2LAYERS_ELLIPSOMETRY,BBOB,16.564362997200785
PHOTONIC_2LAYERS_ELLIPSOMETRY,BBOB,16.57845779070102
PHOTONIC_2LAYERS_ELLIPSOMETRY,BBOB,16.59117868433822
PHOTONIC_2LAYERS_ELLIPSOMETRY,BBOB,17.747460658990654
PHOTONIC_2LAYERS_ELLIPSOMETRY,BBOB,17.093774283064867
PHOTONIC_2LAYERS_ELLIPSOMETRY,BBOB,16.5160893715994
PHOTONIC_2LAYERS_ELLIPSOMETRY,BBOB,17.453208054950156
PHOTONIC_2LAYERS_ELLIPSOMETRY,BBOB,16.596420197770836
PHOTONIC_2LAYERS_ELLIPSOMETRY,BBOB,16.376244165399935
PHOTONIC_2LAYERS_ELLIPSOMETRY,BBOB,16.44088958304811
PHOTONIC_2LAYERS_ELLIPSOMETRY,BBOB,16.09325303585374
PHOTONIC_2LAYERS_ELLIPSOMETRY,BBOB,16.318218772242254
PHOTONIC_2LAYERS_ELLIPSOMETRY,BBOB,17.186383868600824
PHOTONIC_2LAYERS_ELLIPSOMETRY,BBOB,16.563535774183414
PHOTONIC_2LAYERS_ELLIPSOMETRY,BBOB,17.75886189137985
PHOTONIC_2LAYERS_ELLIPSOMETRY,BBOB,16.473731561066412
PHOTONIC_2LAYERS_ELLIPSOMETRY,BBOB,17.226462355728533
PHOTONIC_2LAYERS_ELLIPSOMETRY,BBOB,17.713521842016544
PHOTONIC_2LAYERS_ELLIPSOMETRY,BBOB,16.59610275274574
PHOTONIC_2LAYERS_ELLIPSOMETRY,BBOB,16.839484693053034
PHOTONIC_2LAYERS_ELLIPSOMETRY,BBOB,16.88693124699391
PHOTONIC_2LAYERS_ELLIPSOMETRY,BBOB,16.44608637055318
PHOTONIC_2LAYERS_ELLIPSOMETRY,BBOB,17.915560427366298
PHOTONIC_2LAYERS_ELLIPSOMETRY,BBOB,17.2681043015205
PHOTONIC_2LAYERS_ELLIPSOMETRY,BBOB,17.945588044992792
PHOTONIC_2LAYERS_ELLIPSOMETRY,BBOB,16.399839695544703
PHOTONIC_2LAYERS_ELLIPSOMETRY,BBOB,16.578098869649008
PHOTONIC_2LAYERS_ELLIPSOMETRY,BBOB,17.078126841539138
PHOTONIC_2LAYERS_ELLIPSOMETRY,BBOB,16.737331650680158
PHOTONIC_2LAYERS_ELLIPSOMETRY,BBOB,16.72948845158411
PHOTONIC_2LAYERS_ELLIPSOMETRY,BBOB,16.746285051584636
PHOTONIC_2LAYERS_ELLIPSOMETRY,BBOB,16.626130874034065
PHOTONIC_2LAYERS_ELLIPSOMETRY,BBOB,19.689722623168496
PHOTONIC_2LAYERS_ELLIPSOMETRY,BBOB,16.50941824986688
PHOTONIC_2LAYERS_ELLIPSOMETRY,BBOB,17.37470502324478
PHOTONIC_2LAYERS_ELLIPSOMETRY,BBOB,16.540829550228562
PHOTONIC_2LAYERS_ELLIPSOMETRY,BBOB,16.315036334395163
PHOTONIC_2LAYERS_ELLIPSOMETRY,BBOB,17.133013345919412
PHOTONIC_2LAYERS_ELLIPSOMETRY,BBOB,16.663179797818934
PHOTONIC_2LAYERS_ELLIPSOMETRY,BBOB,16.70537044256588
PHOTONIC_2LAYERS_ELLIPSOMETRY,BBOB,16.586090229453813
PHOTONIC_2LAYERS_ELLIPSOMETRY,BBOB,17.10896610910296
PHOTONIC_2LAYERS_ELLIPSOMETRY,BBOB,16.473446456512026
PHOTONIC_2LAYERS_ELLIPSOMETRY,BBOB,17.744743285928482
PHOTONIC_2LAYERS_ELLIPSOMETRY,BBOB,17.45449531278411
PHOTONIC_2LAYERS_ELLIPSOMETRY,BBOB,16.682657841821786
PHOTONIC_2LAYERS_ELLIPSOMETRY,BBOB,16.565799303155472
PHOTONIC_2LAYERS_ELLIPSOMETRY,BBOB,16.740742129102735
PHOTONIC_2LAYERS_ELLIPSOMETRY,BBOB,16.678926821774667
PHOTONIC_2LAYERS_ELLIPSOMETRY,BBOB,16.872393057668525
PHOTONIC_2LAYERS_ELLIPSOMETRY,BBOB,17.36508762688741
PHOTONIC_2LAYERS_ELLIPSOMETRY,BBOB,17.28373360764098
PHOTONIC_2LAYERS_ELLIPSOMETRY,BBOB,17.137617691161978
PHOTONIC_2LAYERS_ELLIPSOMETRY,BBOB,16.580818959393813
PHOTONIC_2LAYERS_ELLIPSOMETRY,BBOB,16.558380000167322
PHOTONIC_2LAYERS_ELLIPSOMETRY,BBOB,16.786659268330393
PHOTONIC_2LAYERS_ELLIPSOMETRY,BBOB,17.224542392246462
PHOTONIC_2LAYERS_ELLIPSOMETRY,BBOB,16.73013780033349
PHOTONIC_2LAYERS_ELLIPSOMETRY,BBOB,17.136133222689978
PHOTONIC_2LAYERS_ELLIPSOMETRY,BBOB,17.696272942242246
PHOTONIC_2LAYERS_ELLIPSOMETRY,BBOB,16.598313488121626
PHOTONIC_2LAYERS_ELLIPSOMETRY,BBOB,16.707343412942986
PHOTONIC_2LAYERS_ELLIPSOMETRY,BBOB,17.527759624415815
PHOTONIC_2LAYERS_ELLIPSOMETRY,BBOB,17.24615848220287
PHOTONIC_2LAYERS_ELLIPSOMETRY,BBOB,17.11576346354232
PHOTONIC_2LAYERS_ELLIPSOMETRY,BBOB,16.252259755079333
PHOTONIC_2LAYERS_ELLIPSOMETRY,BBOB,17.780996088489122
PHOTONIC_2LAYERS_ELLIPSOMETRY,BBOB,16.59440709617335
PHOTONIC_2LAYERS_ELLIPSOMETRY,BBOB,16.665207669379658
PHOTONIC_2LAYERS_ELLIPSOMETRY,BBOB,16.223145334350463
PHOTONIC_2LAYERS_ELLIPSOMETRY,BBOB,16.272529516901358
PHOTONIC_2LAYERS_ELLIPSOMETRY,BBOB,17.714026539648717
PHOTONIC_2LAYERS_ELLIPSOMETRY,BBOB,17.408376827386967
PHOTONIC_2LAYERS_ELLIPSOMETRY,BBOB,17.373064608446775
PHOTONIC_2LAYERS_ELLIPSOMETRY,BBOB,16.85309470986229
PHOTONIC_2LAYERS_ELLIPSOMETRY,BBOB,16.463758186948947
PHOTONIC_2LAYERS_ELLIPSOMETRY,BBOB,17.74977144261583
PHOTONIC_2LAYERS_ELLIPSOMETRY,BBOB,16.703977132817855
PHOTONIC_2LAYERS_ELLIPSOMETRY,BBOB,16.88864209554786
PHOTONIC_2LAYERS_ELLIPSOMETRY,BBOB,17.32465203972376
PHOTONIC_2LAYERS_ELLIPSOMETRY,BBOB,17.471211247651382
PHOTONIC_2LAYERS_ELLIPSOMETRY,BBOB,16.50554058910565
PHOTONIC_2LAYERS_ELLIPSOMETRY,BBOB,16.25285765282871
PHOTONIC_2LAYERS_ELLIPSOMETRY,BBOB,16.53577829736201
PHOTONIC_2LAYERS_ELLIPSOMETRY,BBOB,17.177142317482875
PHOTONIC_2LAYERS_ELLIPSOMETRY,BBOB,16.628450071689695
PHOTONIC_2LAYERS_ELLIPSOMETRY,BBOB,16.56958924822652
PHOTONIC_2LAYERS_ELLIPSOMETRY,BBOB,16.22789825958624
PHOTONIC_2LAYERS_ELLIPSOMETRY,BBOB,16.898892323293843
PHOTONIC_2LAYERS_ELLIPSOMETRY,BBOB,16.569694991980903
PHOTONIC_2LAYERS_ELLIPSOMETRY,BBOB,17.182733725738498
PHOTONIC_2LAYERS_ELLIPSOMETRY,BBOB,17.111006504472428
PHOTONIC_2LAYERS_ELLIPSOMETRY,BBOB,16.94015538787871
PHOTONIC_2LAYERS_ELLIPSOMETRY,BBOB,17.17073177170933
PHOTONIC_2LAYERS_ELLIPSOMETRY,BBOB,17.283471852605953
PHOTONIC_2LAYERS_ELLIPSOMETRY,BBOB,16.87780148341453
PHOTONIC_2LAYERS_ELLIPSOMETRY,BBOB,16.446063212333097
PHOTONIC_2LAYERS_ELLIPSOMETRY,BBOB,17.4665104519688
PHOTONIC_2LAYERS_ELLIPSOMETRY,BBOB,16.78575336627632
PHOTONIC_2LAYERS_ELLIPSOMETRY,BBOB,16.867784204510365
PHOTONIC_2LAYERS_ELLIPSOMETRY,BBOB,16.649582231221192
PHOTONIC_2LAYERS_ELLIPSOMETRY,BBOB,17.46857842546679
PHOTONIC_2LAYERS_ELLIPSOMETRY,BBOB,16.974638705381807
PHOTONIC_2LAYERS_ELLIPSOMETRY,BBOB,16.897324658968827
PHOTONIC_2LAYERS_ELLIPSOMETRY,BBOB,17.5041452238059
PHOTONIC_2LAYERS_ELLIPSOMETRY,BBOB,19.690204740648472
PHOTONIC_2LAYERS_ELLIPSOMETRY,BBOB,17.958313699855175
PHOTONIC_2LAYERS_ELLIPSOMETRY,BBOB,16.58030643494729
PHOTONIC_2LAYERS_ELLIPSOMETRY,BBOB,17.208981308550165
PHOTONIC_2LAYERS_ELLIPSOMETRY,BBOB,16.15021636400141
PHOTONIC_2LAYERS_ELLIPSOMETRY,BBOB,16.793709427447812
PHOTONIC_2LAYERS_ELLIPSOMETRY,BBOB,16.174917953113376
PHOTONIC_2LAYERS_ELLIPSOMETRY,BBOB,16.57288937615569
PHOTONIC_2LAYERS_ELLIPSOMETRY,BBOB,17.01443591295315
PHOTONIC_2LAYERS_ELLIPSOMETRY,BBOB,16.325806301840032
PHOTONIC_2LAYERS_ELLIPSOMETRY,BBOB,17.92742029494497
PHOTONIC_2LAYERS_ELLIPSOMETRY,BBOB,17.031638508277965
PHOTONIC_2LAYERS_ELLIPSOMETRY,BBOB,16.58410595019633
PHOTONIC_2LAYERS_ELLIPSOMETRY,BBOB,17.521690357805152
PHOTONIC_2LAYERS_ELLIPSOMETRY,BBOB,17.32511673626814
PHOTONIC_2LAYERS_ELLIPSOMETRY,BBOB,16.751977618124883
PHOTONIC_2LAYERS_ELLIPSOMETRY,BBOB,17.918109754918536
PHOTONIC_2LAYERS_ELLIPSOMETRY,BBOB,17.53330259067199
PHOTONIC_2LAYERS_ELLIPSOMETRY,BBOB,16.79696390197413
PHOTONIC_2LAYERS_ELLIPSOMETRY,BBOB,17.45342342280079
PHOTONIC_2LAYERS_ELLIPSOMETRY,BBOB,16.604616072631767
PHOTONIC_2LAYERS_ELLIPSOMETRY,BBOB,16.551428131574774
PHOTONIC_2LAYERS_ELLIPSOMETRY,BBOB,17.177242442098844
PHOTONIC_2LAYERS_ELLIPSOMETRY,BBOB,16.437469755776966
PHOTONIC_2LAYERS_ELLIPSOMETRY,BBOB,16.6951449715259
PHOTONIC_2LAYERS_ELLIPSOMETRY,BBOB,17.171519336134985
PHOTONIC_2LAYERS_ELLIPSOMETRY,BBOB,16.622120327161863
PHOTONIC_2LAYERS_ELLIPSOMETRY,BBOB,16.70066263486301
PHOTONIC_2LAYERS_ELLIPSOMETRY,BBOB,17.940281937911372
PHOTONIC_2LAYERS_ELLIPSOMETRY,BBOB,16.840399183131076
PHOTONIC_2LAYERS_ELLIPSOMETRY,BBOB,16.591509791086523
PHOTONIC_2LAYERS_ELLIPSOMETRY,BBOB,16.595117379938543
PHOTONIC_2LAYERS_ELLIPSOMETRY,BBOB,16.514932959371222
PHOTONIC_2LAYERS_ELLIPSOMETRY,BBOB,16.502724095465055
PHOTONIC_2LAYERS_ELLIPSOMETRY,BBOB,16.620690190591237
PHOTONIC_2LAYERS_ELLIPSOMETRY,BBOB,17.53164484685608
PHOTONIC_2LAYERS_ELLIPSOMETRY,BBOB,16.04894561532622
PHOTONIC_2LAYERS_ELLIPSOMETRY,BBOB,17.93958122003443
PHOTONIC_2LAYERS_ELLIPSOMETRY,BBOB,17.179377749745814
PHOTONIC_2LAYERS_ELLIPSOMETRY,BBOB,17.15696465620339
PHOTONIC_2LAYERS_ELLIPSOMETRY,BBOB,16.593768807173472
PHOTONIC_2LAYERS_ELLIPSOMETRY,BBOB,16.96558810083705
PHOTONIC_2LAYERS_ELLIPSOMETRY,BBOB,16.395041301075665
PHOTONIC_2LAYERS_ELLIPSOMETRY,BBOB,16.855676714143243
PHOTONIC_2LAYERS_ELLIPSOMETRY,BBOB,17.129134749327836
PHOTONIC_2LAYERS_ELLIPSOMETRY,BBOB,16.959873425676445
PHOTONIC_2LAYERS_ELLIPSOMETRY,BBOB,16.395399267150733
PHOTONIC_2LAYERS_ELLIPSOMETRY,BBOB,16.62762154265981
PHOTONIC_2LAYERS_ELLIPSOMETRY,BBOB,17.265006219517705
PHOTONIC_2LAYERS_ELLIPSOMETRY,BBOB,16.589870738808077
PHOTONIC_2LAYERS_ELLIPSOMETRY,BBOB,17.215442819208292
PHOTONIC_2LAYERS_ELLIPSOMETRY,BBOB,17.545014363890015
PHOTONIC_2LAYERS_ELLIPSOMETRY,BBOB,16.811307501187706
PHOTONIC_2LAYERS_ELLIPSOMETRY,BBOB,17.198154564199513
PHOTONIC_2LAYERS_ELLIPSOMETRY,BBOB,16.565009946963855
PHOTONIC_2LAYERS_ELLIPSOMETRY,BBOB,16.75937742511908
PHOTONIC_2LAYERS_ELLIPSOMETRY,BBOB,16.579484188076695
PHOTONIC_2LAYERS_ELLIPSOMETRY,BBOB,16.130592913969505
PHOTONIC_2LAYERS_ELLIPSOMETRY,BBOB,16.576592685536774
PHOTONIC_2LAYERS_ELLIPSOMETRY,BBOB,16.589884391362784
PHOTONIC_2LAYERS_ELLIPSOMETRY,BBOB,16.79359039856252
PHOTONIC_2LAYERS_ELLIPSOMETRY,BBOB,17.222734615422453
PHOTONIC_2LAYERS_ELLIPSOMETRY,BBOB,17.528128670313937
PHOTONIC_2LAYERS_ELLIPSOMETRY,BBOB,17.05781479310145
PHOTONIC_2LAYERS_ELLIPSOMETRY,BBOB,16.80686658632759
PHOTONIC_2LAYERS_ELLIPSOMETRY,BBOB,16.092648904073982
PHOTONIC_2LAYERS_ELLIPSOMETRY,BBOB,16.9902052560479
PHOTONIC_2LAYERS_ELLIPSOMETRY,BBOB,16.811932925571213
PHOTONIC_2LAYERS_ELLIPSOMETRY,BBOB,16.5522587619488
PHOTONIC_2LAYERS_ELLIPSOMETRY,BBOB,17.156790447633764
PHOTONIC_2LAYERS_ELLIPSOMETRY,BBOB,17.908044129729944
PHOTONIC_2LAYERS_ELLIPSOMETRY,BBOB,17.479813173619643
PHOTONIC_2LAYERS_ELLIPSOMETRY,BBOB,16.589854753328886
PHOTONIC_2LAYERS_ELLIPSOMETRY,BBOB,17.205497691755756
PHOTONIC_2LAYERS_ELLIPSOMETRY,BBOB,17.695401713123438
PHOTONIC_2LAYERS_ELLIPSOMETRY,BBOB,16.672717874492534
PHOTONIC_2LAYERS_ELLIPSOMETRY,BBOB,16.646331118090956
PHOTONIC_2LAYERS_ELLIPSOMETRY,BBOB,16.45416422549077
PHOTONIC_2LAYERS_ELLIPSOMETRY,BBOB,16.704420025321074
PHOTONIC_2LAYERS_ELLIPSOMETRY,BBOB,17.45433778590814
PHOTONIC_2LAYERS_ELLIPSOMETRY,BBOB,16.987020993398122
PHOTONIC_2LAYERS_ELLIPSOMETRY,BBOB,16.583976664973424
PHOTONIC_2LAYERS_ELLIPSOMETRY,BBOB,16.75014688384428
PHOTONIC_2LAYERS_ELLIPSOMETRY,BBOB,16.73741849045298
PHOTONIC_2LAYERS_ELLIPSOMETRY,BBOB,18.108704324406016
PHOTONIC_2LAYERS_ELLIPSOMETRY,BBOB,16.629078805143862
PHOTONIC_2LAYERS_ELLIPSOMETRY,BBOB,17.09797208711627
PHOTONIC_2LAYERS_ELLIPSOMETRY,BBOB,16.831619854148443
PHOTONIC_2LAYERS_ELLIPSOMETRY,BBOB,16.386796366124408
PHOTONIC_2LAYERS_ELLIPSOMETRY,BBOB,16.587359391471377
PHOTONIC_2LAYERS_ELLIPSOMETRY,BBOB,16.957061573027282
PHOTONIC_2LAYERS_ELLIPSOMETRY,BBOB,17.516022823793904
PHOTONIC_2LAYERS_ELLIPSOMETRY,BBOB,17.83050043657435
PHOTONIC_2LAYERS_ELLIPSOMETRY,BBOB,17.442040804303947
PHOTONIC_2LAYERS_ELLIPSOMETRY,BBOB,17.169470639832163
PHOTONIC_2LAYERS_ELLIPSOMETRY,BBOB,16.759585161907
PHOTONIC_2LAYERS_ELLIPSOMETRY,BBOB,16.886318811349476
PHOTONIC_2LAYERS_ELLIPSOMETRY,BBOB,16.686869845591612
PHOTONIC_2LAYERS_ELLIPSOMETRY,BBOB,17.231221076495814
PHOTONIC_2LAYERS_ELLIPSOMETRY,BBOB,17.005252123276293
PHOTONIC_2LAYERS_ELLIPSOMETRY,BBOB,17.141869540251616
PHOTONIC_2LAYERS_ELLIPSOMETRY,BBOB,17.71573493377366
PHOTONIC_2LAYERS_ELLIPSOMETRY,BBOB,16.63557764898035
PHOTONIC_2LAYERS_ELLIPSOMETRY,BBOB,16.79092421460966
PHOTONIC_2LAYERS_ELLIPSOMETRY,BBOB,16.580592998627917
PHOTONIC_2LAYERS_ELLIPSOMETRY,BBOB,16.569874999265885
PHOTONIC_2LAYERS_ELLIPSOMETRY,BBOB,16.549752119470806
PHOTONIC_2LAYERS_ELLIPSOMETRY,BBOB,16.7355925861319
PHOTONIC_2LAYERS_ELLIPSOMETRY,BBOB,17.545016891067146
PHOTONIC_2LAYERS_ELLIPSOMETRY,BBOB,16.664933256636576
PHOTONIC_2LAYERS_ELLIPSOMETRY,BBOB,16.4031905094822
PHOTONIC_2LAYERS_ELLIPSOMETRY,BBOB,16.800615466445375
PHOTONIC_2LAYERS_ELLIPSOMETRY,BBOB,17.825734301060763
PHOTONIC_2LAYERS_ELLIPSOMETRY,BBOB,16.70397861739278
PHOTONIC_2LAYERS_ELLIPSOMETRY,BBOB,16.970995679310906
PHOTONIC_2LAYERS_ELLIPSOMETRY,BBOB,16.390773755448777
PHOTONIC_2LAYERS_ELLIPSOMETRY,BBOB,16.666634203739143
PHOTONIC_2LAYERS_ELLIPSOMETRY,BBOB,16.892351802917116
PHOTONIC_2LAYERS_ELLIPSOMETRY,BBOB,16.51919749478959
PHOTONIC_2LAYERS_ELLIPSOMETRY,BBOB,16.61859506291152
PHOTONIC_2LAYERS_ELLIPSOMETRY,BBOB,16.586675891960724
PHOTONIC_2LAYERS_ELLIPSOMETRY,BBOB,17.387489185128846
PHOTONIC_2LAYERS_ELLIPSOMETRY,BBOB,17.108631989902378
PHOTONIC_2LAYERS_ELLIPSOMETRY,BBOB,16.55217583634636
PHOTONIC_2LAYERS_ELLIPSOMETRY,BBOB,17.095447124347665
PHOTONIC_2LAYERS_ELLIPSOMETRY,BBOB,16.313988739616274
PHOTONIC_2LAYERS_ELLIPSOMETRY,BBOB,16.595242617214907
PHOTONIC_2LAYERS_ELLIPSOMETRY,BBOB,17.293845438191685
PHOTONIC_2LAYERS_ELLIPSOMETRY,BBOB,16.79359039856252
PHOTONIC_2LAYERS_ELLIPSOMETRY,BBOB,17.330103915455663
PHOTONIC_2LAYERS_ELLIPSOMETRY,BBOB,17.52775625370885
PHOTONIC_2LAYERS_ELLIPSOMETRY,BBOB,17.281467244339613
PHOTONIC_2LAYERS_ELLIPSOMETRY,BBOB,16.68217341529825
PHOTONIC_2LAYERS_ELLIPSOMETRY,BBOB,16.617771570628985
PHOTONIC_2LAYERS_ELLIPSOMETRY,BBOB,16.578349479014534
PHOTONIC_2LAYERS_ELLIPSOMETRY,BBOB,16.565792210941428
PHOTONIC_2LAYERS_ELLIPSOMETRY,BBOB,16.52788935781734
PHOTONIC_2LAYERS_ELLIPSOMETRY,BBOB,16.62028678769699
PHOTONIC_2LAYERS_ELLIPSOMETRY,BBOB,16.550983000641807
PHOTONIC_2LAYERS_ELLIPSOMETRY,BBOB,16.670496803036933
PHOTONIC_2LAYERS_ELLIPSOMETRY,BBOB,17.112049425917494
PHOTONIC_2LAYERS_ELLIPSOMETRY,BBOB,16.594365199477405
PHOTONIC_2LAYERS_ELLIPSOMETRY,BBOB,16.889506631008945
PHOTONIC_2LAYERS_ELLIPSOMETRY,BBOB,16.612912437044425
PHOTONIC_2LAYERS_ELLIPSOMETRY,BBOB,16.017060540035974
PHOTONIC_2LAYERS_ELLIPSOMETRY,BBOB,16.801969438407667
PHOTONIC_2LAYERS_ELLIPSOMETRY,BBOB,16.61004868697364
PHOTONIC_2LAYERS_ELLIPSOMETRY,BBOB,16.600676643128182
PHOTONIC_2LAYERS_ELLIPSOMETRY,BBOB,17.16273496757166
PHOTONIC_2LAYERS_ELLIPSOMETRY,BBOB,16.589670052536892
PHOTONIC_2LAYERS_ELLIPSOMETRY,BBOB,16.4082843447736
PHOTONIC_2LAYERS_ELLIPSOMETRY,BBOB,17.215278243411287
PHOTONIC_2LAYERS_ELLIPSOMETRY,BBOB,16.591499170772178
PHOTONIC_2LAYERS_ELLIPSOMETRY,BBOB,16.468431751776762
PHOTONIC_2LAYERS_ELLIPSOMETRY,BBOB,16.623391248468327
PHOTONIC_2LAYERS_ELLIPSOMETRY,BBOB,17.65447784186418
PHOTONIC_2LAYERS_ELLIPSOMETRY,BBOB,16.596900280005837
PHOTONIC_2LAYERS_ELLIPSOMETRY,BBOB,16.747101008002147
PHOTONIC_2LAYERS_ELLIPSOMETRY,BBOB,16.595008032761374
PHOTONIC_2LAYERS_ELLIPSOMETRY,BBOB,17.3163402868755
PHOTONIC_2LAYERS_ELLIPSOMETRY,BBOB,16.745925388099806
PHOTONIC_2LAYERS_ELLIPSOMETRY,BBOB,16.667873377273576
PHOTONIC_2LAYERS_ELLIPSOMETRY,BBOB,16.583140876219932
PHOTONIC_2LAYERS_ELLIPSOMETRY,BBOB,17.367359565669066
PHOTONIC_2LAYERS_ELLIPSOMETRY,BBOB,16.616984954610345
PHOTONIC_2LAYERS_ELLIPSOMETRY,BBOB,16.56434733545275
PHOTONIC_2LAYERS_ELLIPSOMETRY,BBOB,16.719200803945675
PHOTONIC_2LAYERS_ELLIPSOMETRY,BBOB,16.79858925450342
PHOTONIC_2LAYERS_ELLIPSOMETRY,BBOB,16.40784027177415
PHOTONIC_2LAYERS_ELLIPSOMETRY,BBOB,16.650745718299646
PHOTONIC_2LAYERS_ELLIPSOMETRY,BBOB,16.12086928543606
PHOTONIC_2LAYERS_ELLIPSOMETRY,BBOB,17.15755989296582
PHOTONIC_2LAYERS_ELLIPSOMETRY,BBOB,16.81449506672217
PHOTONIC_2LAYERS_ELLIPSOMETRY,BBOB,16.746828246279993
PHOTONIC_2LAYERS_ELLIPSOMETRY,BBOB,17.41129100757521
PHOTONIC_2LAYERS_ELLIPSOMETRY,BBOB,16.078312427177863
PHOTONIC_2LAYERS_ELLIPSOMETRY,BBOB,16.4957172632968
PHOTONIC_2LAYERS_ELLIPSOMETRY,BBOB,17.18605042756283
PHOTONIC_2LAYERS_ELLIPSOMETRY,BBOB,16.551431156768302
PHOTONIC_2LAYERS_ELLIPSOMETRY,BBOB,16.45201021559897
PHOTONIC_2LAYERS_ELLIPSOMETRY,BBOB,16.225122814321505
PHOTONIC_2LAYERS_ELLIPSOMETRY,BBOB,17.534211117939485
PHOTONIC_2LAYERS_ELLIPSOMETRY,BBOB,16.43683501147687
PHOTONIC_2LAYERS_ELLIPSOMETRY,BBOB,16.761089304571474
PHOTONIC_2LAYERS_ELLIPSOMETRY,BBOB,17.925669139929603
PHOTONIC_2LAYERS_ELLIPSOMETRY,BBOB,17.19386072102959
PHOTONIC_2LAYERS_ELLIPSOMETRY,BBOB,16.65294207901768
PHOTONIC_2LAYERS_ELLIPSOMETRY,BBOB,16.64287433619833
PHOTONIC_2LAYERS_ELLIPSOMETRY,BBOB,16.836605646668826
PHOTONIC_2LAYERS_ELLIPSOMETRY,BBOB,16.55684164243062
PHOTONIC_2LAYERS_ELLIPSOMETRY,BBOB,17.255248346355856
PHOTONIC_2LAYERS_ELLIPSOMETRY,BBOB,16.596297851077892
PHOTONIC_2LAYERS_ELLIPSOMETRY,BBOB,16.559520388723477
PHOTONIC_2LAYERS_ELLIPSOMETRY,BBOB,17.107251582778048
PHOTONIC_2LAYERS_ELLIPSOMETRY,BBOB,17.94758754684549
PHOTONIC_2LAYERS_ELLIPSOMETRY,BBOB,16.876108242648456
PHOTONIC_2LAYERS_ELLIPSOMETRY,BBOB,17.18431215258419
PHOTONIC_2LAYERS_ELLIPSOMETRY,BBOB,17.52783657045341
PHOTONIC_2LAYERS_ELLIPSOMETRY,BBOB,16.57511102651069
PHOTONIC_2LAYERS_ELLIPSOMETRY,BBOB,16.986561627711612
PHOTONIC_2LAYERS_ELLIPSOMETRY,BBOB,16.857051299745454
PHOTONIC_2LAYERS_ELLIPSOMETRY,BBOB,17.21970726597389
PHOTONIC_2LAYERS_ELLIPSOMETRY,BBOB,16.632125293940653
PHOTONIC_2LAYERS_ELLIPSOMETRY,BBOB,17.284280614258453
PHOTONIC_2LAYERS_ELLIPSOMETRY,BBOB,16.769382652586206
PHOTONIC_2LAYERS_ELLIPSOMETRY,BBOB,17.534629326602182
PHOTONIC_2LAYERS_ELLIPSOMETRY,BBOB,17.52768572595894
PHOTONIC_2LAYERS_ELLIPSOMETRY,BBOB,17.16060843721896
PHOTONIC_2LAYERS_ELLIPSOMETRY,BBOB,16.619923392378844
PHOTONIC_2LAYERS_ELLIPSOMETRY,BBOB,16.580126112677494
PHOTONIC_2LAYERS_ELLIPSOMETRY,BBOB,17.252772363501506
PHOTONIC_2LAYERS_ELLIPSOMETRY,BBOB,16.82367158946283
PHOTONIC_2LAYERS_ELLIPSOMETRY,BBOB,16.55074513897647
PHOTONIC_2LAYERS_ELLIPSOMETRY,BBOB,17.504047861867996
PHOTONIC_2LAYERS_ELLIPSOMETRY,BBOB,17.180797060210782
PHOTONIC_2LAYERS_ELLIPSOMETRY,BBOB,16.226009688099516
PHOTONIC_2LAYERS_ELLIPSOMETRY,BBOB,16.664145374810836
PHOTONIC_2LAYERS_ELLIPSOMETRY,BBOB,17.092785200627777
PHOTONIC_2LAYERS_ELLIPSOMETRY,BBOB,17.24590955034609
PHOTONIC_2LAYERS_ELLIPSOMETRY,BBOB,17.201124996039706
PHOTONIC_2LAYERS_ELLIPSOMETRY,BBOB,17.939677620614496
PHOTONIC_2LAYERS_ELLIPSOMETRY,BBOB,16.69884094473672
PHOTONIC_2LAYERS_ELLIPSOMETRY,BBOB,16.747317716718364
PHOTONIC_2LAYERS_ELLIPSOMETRY,BBOB,16.782950832527003
PHOTONIC_2LAYERS_ELLIPSOMETRY,BBOB,16.465882099350377
PHOTONIC_2LAYERS_ELLIPSOMETRY,BBOB,16.545884911585155
PHOTONIC_2LAYERS_ELLIPSOMETRY,BBOB,16.493114042812866
PHOTONIC_2LAYERS_ELLIPSOMETRY,BBOB,23.48457210587035
PHOTONIC_2LAYERS_ELLIPSOMETRY,BBOB,16.842836444168483
PHOTONIC_2LAYERS_ELLIPSOMETRY,BBOB,17.5349807167759
PHOTONIC_2LAYERS_ELLIPSOMETRY,BBOB,16.595259062936915
PHOTONIC_2LAYERS_ELLIPSOMETRY,BBOB,16.582849079155206
PHOTONIC_2LAYERS_ELLIPSOMETRY,BBOB,17.29008206605094
PHOTONIC_2LAYERS_ELLIPSOMETRY,BBOB,17.61422178393531
PHOTONIC_2LAYERS_ELLIPSOMETRY,BBOB,16.9777049331695
PHOTONIC_2LAYERS_ELLIPSOMETRY,BBOB,16.574353168470456
PHOTONIC_2LAYERS_ELLIPSOMETRY,BBOB,16.878082114196896
PHOTONIC_2LAYERS_ELLIPSOMETRY,BBOB,17.635466530081636
PHOTONIC_2LAYERS_ELLIPSOMETRY,BBOB,16.446696000882994
PHOTONIC_2LAYERS_ELLIPSOMETRY,BBOB,16.647814849140076
PHOTONIC_2LAYERS_ELLIPSOMETRY,BBOB,17.729012586085663
PHOTONIC_2LAYERS_ELLIPSOMETRY,BBOB,17.565157821172797
PHOTONIC_2LAYERS_ELLIPSOMETRY,BBOB,16.733662264135443
PHOTONIC_2LAYERS_ELLIPSOMETRY,BBOB,17.097870975248178
PHOTONIC_2LAYERS_ELLIPSOMETRY,BBOB,16.568890703083305
PHOTONIC_2LAYERS_ELLIPSOMETRY,BBOB,16.61544218059902
PHOTONIC_2LAYERS_ELLIPSOMETRY,BBOB,16.73359612966229
PHOTONIC_2LAYERS_ELLIPSOMETRY,BBOB,17.205716789539178
PHOTONIC_2LAYERS_ELLIPSOMETRY,BBOB,16.73913302962495
PHOTONIC_2LAYERS_ELLIPSOMETRY,BBOB,17.90498368810369
PHOTONIC_2LAYERS_ELLIPSOMETRY,BBOB,16.20611824145653
PHOTONIC_2LAYERS_ELLIPSOMETRY,BBOB,16.58410177084893
PHOTONIC_2LAYERS_ELLIPSOMETRY,BBOB,17.12169258939409
PHOTONIC_2LAYERS_ELLIPSOMETRY,BBOB,16.349012193238398
PHOTONIC_2LAYERS_ELLIPSOMETRY,BBOB,16.667479847758194
PHOTONIC_2LAYERS_ELLIPSOMETRY,BBOB,16.584097895515942
PHOTONIC_2LAYERS_ELLIPSOMETRY,BBOB,16.708122380224978
PHOTONIC_2LAYERS_ELLIPSOMETRY,BBOB,16.695781394036302
PHOTONIC_2LAYERS_ELLIPSOMETRY,BBOB,17.107627038922544
PHOTONIC_2LAYERS_ELLIPSOMETRY,BBOB,17.286189694628842
PHOTONIC_2LAYERS_ELLIPSOMETRY,BBOB,16.578165406697593
PHOTONIC_2LAYERS_ELLIPSOMETRY,BBOB,16.637901816388666
PHOTONIC_2LAYERS_ELLIPSOMETRY,BBOB,17.66237141522484
PHOTONIC_2LAYERS_ELLIPSOMETRY,BBOB,17.14280941655048
PHOTONIC_2LAYERS_ELLIPSOMETRY,BBOB,16.61825640972135
PHOTONIC_2LAYERS_ELLIPSOMETRY,BBOB,17.756993054004987
PHOTONIC_2LAYERS_ELLIPSOMETRY,BBOB,16.816065544780383
PHOTONIC_2LAYERS_ELLIPSOMETRY,BBOB,16.22710143583959
PHOTONIC_2LAYERS_ELLIPSOMETRY,BBOB,19.515684142741414
PHOTONIC_2LAYERS_ELLIPSOMETRY,BBOB,16.592246709391848
PHOTONIC_2LAYERS_ELLIPSOMETRY,BBOB,16.591242460692214
PHOTONIC_2LAYERS_ELLIPSOMETRY,BBOB,17.12051012701796
PHOTONIC_2LAYERS_ELLIPSOMETRY,BBOB,17.282852764237372
PHOTONIC_2LAYERS_ELLIPSOMETRY,BBOB,16.671997878683325
PHOTONIC_2LAYERS_ELLIPSOMETRY,BBOB,23.507553517249814
PHOTONIC_2LAYERS_ELLIPSOMETRY,BBOB,16.609438505817945
PHOTONIC_2LAYERS_ELLIPSOMETRY,BBOB,16.836584083655808
PHOTONIC_2LAYERS_ELLIPSOMETRY,BBOB,17.225296699079355
PHOTONIC_2LAYERS_ELLIPSOMETRY,BBOB,17.73072946604609
PHOTONIC_2LAYERS_ELLIPSOMETRY,BBOB,17.39197855031076
PHOTONIC_2LAYERS_ELLIPSOMETRY,BBOB,16.644647721872175
PHOTONIC_2LAYERS_ELLIPSOMETRY,BBOB,16.644841578732862
PHOTONIC_2LAYERS_ELLIPSOMETRY,BBOB,16.466949418196425
PHOTONIC_2LAYERS_ELLIPSOMETRY,BBOB,16.92198287187389
PHOTONIC_2LAYERS_ELLIPSOMETRY,BBOB,17.944263663290922
PHOTONIC_2LAYERS_ELLIPSOMETRY,BBOB,16.43893874375131
PHOTONIC_2LAYERS_ELLIPSOMETRY,BBOB,16.510453594462835
PHOTONIC_2LAYERS_ELLIPSOMETRY,BBOB,16.93308795385814
PHOTONIC_2LAYERS_ELLIPSOMETRY,BBOB,16.65269594650554
PHOTONIC_2LAYERS_ELLIPSOMETRY,BBOB,16.683117300862005
PHOTONIC_2LAYERS_ELLIPSOMETRY,BBOB,16.56416630801005
PHOTONIC_2LAYERS_ELLIPSOMETRY,BBOB,16.232456923822664
PHOTONIC_2LAYERS_ELLIPSOMETRY,BBOB,16.58271021218828
PHOTONIC_2LAYERS_ELLIPSOMETRY,BBOB,16.560803444782955
PHOTONIC_2LAYERS_ELLIPSOMETRY,BBOB,17.001414022480656
PHOTONIC_2LAYERS_ELLIPSOMETRY,BBOB,16.74274106196195
PHOTONIC_2LAYERS_ELLIPSOMETRY,BBOB,17.583351512046526
PHOTONIC_2LAYERS_ELLIPSOMETRY,BBOB,16.5959824125294
PHOTONIC_2LAYERS_ELLIPSOMETRY,BBOB,17.053741812268772
PHOTONIC_2LAYERS_ELLIPSOMETRY,BBOB,16.61484462297247
PHOTONIC_2LAYERS_ELLIPSOMETRY,BBOB,16.400222355353968
PHOTONIC_2LAYERS_ELLIPSOMETRY,BBOB,16.935634545689098
PHOTONIC_2LAYERS_ELLIPSOMETRY,BBOB,17.00628835639351
PHOTONIC_2LAYERS_ELLIPSOMETRY,BBOB,16.76922268688729
PHOTONIC_2LAYERS_ELLIPSOMETRY,BBOB,17.278758352977277
PHOTONIC_2LAYERS_ELLIPSOMETRY,BBOB,17.52769352081226
PHOTONIC_2LAYERS_ELLIPSOMETRY,BBOB,16.672132043973583
PHOTONIC_2LAYERS_ELLIPSOMETRY,BBOB,16.578219547076795
PHOTONIC_2LAYERS_ELLIPSOMETRY,BBOB,16.853749326660413
PHOTONIC_2LAYERS_ELLIPSOMETRY,BBOB,17.140082410225933
PHOTONIC_2LAYERS_ELLIPSOMETRY,BBOB,16.093195794830027
PHOTONIC_2LAYERS_ELLIPSOMETRY,BBOB,16.346467718271207
PHOTONIC_2LAYERS_ELLIPSOMETRY,BBOB,16.674879691381776
PHOTONIC_2LAYERS_ELLIPSOMETRY,BBOB,16.609449419253533
PHOTONIC_2LAYERS_ELLIPSOMETRY,BBOB,16.376492841058806
PHOTONIC_2LAYERS_ELLIPSOMETRY,BBOB,16.665176445662965
PHOTONIC_2LAYERS_ELLIPSOMETRY,BBOB,17.821822342071368
PHOTONIC_2LAYERS_ELLIPSOMETRY,BBOB,24.40937529945081
PHOTONIC_2LAYERS_ELLIPSOMETRY,BBOB,17.38527994904407
PHOTONIC_2LAYERS_ELLIPSOMETRY,BBOB,17.158579292643243
PHOTONIC_2LAYERS_ELLIPSOMETRY,BBOB,16.626722741987685
PHOTONIC_2LAYERS_ELLIPSOMETRY,BBOB,16.482224238383115
PHOTONIC_2LAYERS_ELLIPSOMETRY,BBOB,16.391076445519374
PHOTONIC_2LAYERS_ELLIPSOMETRY,BBOB,17.250499193271303
PHOTONIC_2LAYERS_ELLIPSOMETRY,BBOB,16.80046652351124
PHOTONIC_2LAYERS_ELLIPSOMETRY,BBOB,16.606504522058835
PHOTONIC_2LAYERS_ELLIPSOMETRY,BBOB,16.50221869319262
PHOTONIC_2LAYERS_ELLIPSOMETRY,BBOB,16.939977543789716
PHOTONIC_2LAYERS_ELLIPSOMETRY,BBOB,17.919188289604666
PHOTONIC_2LAYERS_ELLIPSOMETRY,BBOB,16.63837391757835
PHOTONIC_2LAYERS_ELLIPSOMETRY,BBOB,16.431712359476517
PHOTONIC_2LAYERS_ELLIPSOMETRY,BBOB,17.715748086457513
PHOTONIC_2LAYERS_ELLIPSOMETRY,BBOB,23.52500152887809
PHOTONIC_2LAYERS_ELLIPSOMETRY,BBOB,16.86161428513052
PHOTONIC_2LAYERS_ELLIPSOMETRY,BBOB,17.15499648703096
PHOTONIC_2LAYERS_ELLIPSOMETRY,BBOB,17.162941998067897
PHOTONIC_2LAYERS_ELLIPSOMETRY,BBOB,16.53906068262726
PHOTONIC_2LAYERS_ELLIPSOMETRY,BBOB,16.616946476331
PHOTONIC_2LAYERS_ELLIPSOMETRY,BBOB,16.881880002125406
PHOTONIC_2LAYERS_ELLIPSOMETRY,BBOB,16.262972601229148
PHOTONIC_2LAYERS_ELLIPSOMETRY,BBOB,16.362499113213605
PHOTONIC_2LAYERS_ELLIPSOMETRY,BBOB,16.66148044770045
PHOTONIC_2LAYERS_ELLIPSOMETRY,BBOB,17.196885740541436
PHOTONIC_2LAYERS_ELLIPSOMETRY,BBOB,16.73770562813003
PHOTONIC_2LAYERS_ELLIPSOMETRY,BBOB,17.146150386073174
PHOTONIC_2LAYERS_ELLIPSOMETRY,BBOB,17.1670447111865
PHOTONIC_2LAYERS_ELLIPSOMETRY,BBOB,17.650840190615114
PHOTONIC_2LAYERS_ELLIPSOMETRY,BBOB,16.14680341066917
PHOTONIC_2LAYERS_ELLIPSOMETRY,BBOB,16.930334844965092
PHOTONIC_2LAYERS_ELLIPSOMETRY,BBOB,17.657410387455467
PHOTONIC_2LAYERS_ELLIPSOMETRY,BBOB,17.20740641418485
PHOTONIC_2LAYERS_ELLIPSOMETRY,BBOB,17.116392346451025
PHOTONIC_2LAYERS_ELLIPSOMETRY,BBOB,16.574106165343498
PHOTONIC_2LAYERS_ELLIPSOMETRY,BBOB,16.681614410808134
PHOTONIC_2LAYERS_ELLIPSOMETRY,BBOB,17.03820989969411
PHOTONIC_2LAYERS_ELLIPSOMETRY,BBOB,17.140003872984845
PHOTONIC_2LAYERS_ELLIPSOMETRY,BBOB,17.521419722339207
PHOTONIC_2LAYERS_ELLIPSOMETRY,BBOB,16.592431112264865
PHOTONIC_2LAYERS_ELLIPSOMETRY,BBOB,17.637490613039848
PHOTONIC_2LAYERS_ELLIPSOMETRY,BBOB,16.57796015703141
PHOTONIC_2LAYERS_ELLIPSOMETRY,BBOB,16.729568068156464
PHOTONIC_2LAYERS_ELLIPSOMETRY,BBOB,16.676901216335157
PHOTONIC_2LAYERS_ELLIPSOMETRY,BBOB,16.82079117861669
PHOTONIC_2LAYERS_ELLIPSOMETRY,BBOB,16.572953115575206
PHOTONIC_2LAYERS_ELLIPSOMETRY,BBOB,17.69122608381271
PHOTONIC_2LAYERS_ELLIPSOMETRY,BBOB,17.545943619991476
PHOTONIC_2LAYERS_ELLIPSOMETRY,BBOB,17.20197173208069
PHOTONIC_2LAYERS_ELLIPSOMETRY,BBOB,16.850141242386208
PHOTONIC_2LAYERS_ELLIPSOMETRY,BBOB,16.552640861049486
PHOTONIC_2LAYERS_ELLIPSOMETRY,BBOB,17.510807928832016
PHOTONIC_2LAYERS_ELLIPSOMETRY,BBOB,16.73328526922293
PHOTONIC_2LAYERS_ELLIPSOMETRY,BBOB,16.66590642466635
PHOTONIC_2LAYERS_ELLIPSOMETRY,BBOB,16.67882113341353
PHOTONIC_2LAYERS_ELLIPSOMETRY,BBOB,17.545508683508185
PHOTONIC_2LAYERS_ELLIPSOMETRY,BBOB,17.822495465824336
PHOTONIC_2LAYERS_ELLIPSOMETRY,BBOB,17.58505430670023
PHOTONIC_2LAYERS_ELLIPSOMETRY,BBOB,16.58559161027116
PHOTONIC_2LAYERS_ELLIPSOMETRY,BBOB,16.66023272019003
PHOTONIC_2LAYERS_ELLIPSOMETRY,BBOB,17.184440531596156
PHOTONIC_2LAYERS_ELLIPSOMETRY,BBOB,16.021825047680778
PHOTONIC_2LAYERS_ELLIPSOMETRY,BBOB,16.557448170772993
PHOTONIC_2LAYERS_ELLIPSOMETRY,BBOB,16.37661501391617
PHOTONIC_2LAYERS_ELLIPSOMETRY,BBOB,16.511672946640115
PHOTONIC_2LAYERS_ELLIPSOMETRY,BBOB,17.64954697103635
PHOTONIC_2LAYERS_ELLIPSOMETRY,BBOB,16.68217597639883
PHOTONIC_2LAYERS_ELLIPSOMETRY,BBOB,16.65654927491878
PHOTONIC_2LAYERS_ELLIPSOMETRY,BBOB,16.614805040166747
PHOTONIC_2LAYERS_ELLIPSOMETRY,BBOB,17.378274416005915
PHOTONIC_2LAYERS_ELLIPSOMETRY,BBOB,17.946983857914077
PHOTONIC_2LAYERS_ELLIPSOMETRY,BBOB,17.20331841187844
PHOTONIC_2LAYERS_ELLIPSOMETRY,BBOB,17.078175539771582
PHOTONIC_2LAYERS_ELLIPSOMETRY,BBOB,17.238882695567867
PHOTONIC_2LAYERS_ELLIPSOMETRY,BBOB,16.80375348510071
PHOTONIC_2LAYERS_ELLIPSOMETRY,BBOB,16.61673722935906
PHOTONIC_2LAYERS_ELLIPSOMETRY,BBOB,16.5965459425708
PHOTONIC_2LAYERS_ELLIPSOMETRY,BBOB,17.14022077732321
PHOTONIC_2LAYERS_ELLIPSOMETRY,BBOB,16.9528662258928
PHOTONIC_2LAYERS_ELLIPSOMETRY,BBOB,17.40369250564708
PHOTONIC_2LAYERS_ELLIPSOMETRY,BBOB,16.617190442511202
PHOTONIC_2LAYERS_ELLIPSOMETRY,BBOB,17.182386314244113
PHOTONIC_2LAYERS_ELLIPSOMETRY,BBOB,16.527879295593642
PHOTONIC_2LAYERS_ELLIPSOMETRY,BBOB,16.704096591685474
PHOTONIC_2LAYERS_ELLIPSOMETRY,BBOB,16.612210026606
PHOTONIC_2LAYERS_ELLIPSOMETRY,BBOB,17.25940205777678
PHOTONIC_2LAYERS_ELLIPSOMETRY,BBOB,17.517597946084457
PHOTONIC_2LAYERS_ELLIPSOMETRY,BBOB,16.505969406543485
PHOTONIC_2LAYERS_ELLIPSOMETRY,BBOB,17.089037795371926
PHOTONIC_2LAYERS_ELLIPSOMETRY,BBOB,16.547656737613824
PHOTONIC_2LAYERS_ELLIPSOMETRY,BBOB,16.58961461678339
PHOTONIC_2LAYERS_ELLIPSOMETRY,BBOB,16.612368124946133
PHOTONIC_2LAYERS_ELLIPSOMETRY,BBOB,16.72308814429829
PHOTONIC_2LAYERS_ELLIPSOMETRY,BBOB,16.371783719109263
PHOTONIC_2LAYERS_ELLIPSOMETRY,BBOB,16.626211407808494
PHOTONIC_2LAYERS_ELLIPSOMETRY,BBOB,16.65137941383765
PHOTONIC_2LAYERS_ELLIPSOMETRY,BBOB,17.951194244746087
PHOTONIC_2LAYERS_ELLIPSOMETRY,BBOB,17.31698429562866
PHOTONIC_2LAYERS_ELLIPSOMETRY,BBOB,17.940106439467048
PHOTONIC_2LAYERS_ELLIPSOMETRY,BBOB,16.177171620623728
PHOTONIC_2LAYERS_ELLIPSOMETRY,BBOB,16.746666056127445
PHOTONIC_2LAYERS_ELLIPSOMETRY,BBOB,17.940676826966406
PHOTONIC_2LAYERS_ELLIPSOMETRY,BBOB,17.11024565835745
PHOTONIC_2LAYERS_ELLIPSOMETRY,BBOB,16.617024863131427
PHOTONIC_2LAYERS_ELLIPSOMETRY,BBOB,17.014861136870362
PHOTONIC_2LAYERS_ELLIPSOMETRY,BBOB,16.580068611397756
PHOTONIC_2LAYERS_ELLIPSOMETRY,BBOB,16.82145900869673
PHOTONIC_2LAYERS_ELLIPSOMETRY,BBOB,17.406079172165388
PHOTONIC_2LAYERS_ELLIPSOMETRY,BBOB,16.275747586371764
PHOTONIC_2LAYERS_ELLIPSOMETRY,BBOB,16.66601910140785
PHOTONIC_2LAYERS_ELLIPSOMETRY,BBOB,17.958041185271018
PHOTONIC_2LAYERS_ELLIPSOMETRY,BBOB,17.085830828171463
PHOTONIC_2LAYERS_ELLIPSOMETRY,BBOB,16.62646846976925
PHOTONIC_2LAYERS_ELLIPSOMETRY,BBOB,16.654718895911294
PHOTONIC_2LAYERS_ELLIPSOMETRY,BBOB,16.650516115796457
PHOTONIC_2LAYERS_ELLIPSOMETRY,BBOB,16.70498648899926
PHOTONIC_2LAYERS_ELLIPSOMETRY,BBOB,17.750096409511208
PHOTONIC_2LAYERS_ELLIPSOMETRY,BBOB,16.87920200682399
PHOTONIC_2LAYERS_ELLIPSOMETRY,BBOB,16.603833748430148
PHOTONIC_2LAYERS_ELLIPSOMETRY,BBOB,16.925686599799675
PHOTONIC_2LAYERS_ELLIPSOMETRY,BBOB,16.606830287333853
PHOTONIC_2LAYERS_ELLIPSOMETRY,BBOB,16.81090886536574
PHOTONIC_2LAYERS_ELLIPSOMETRY,BBOB,16.64495793957341
PHOTONIC_2LAYERS_ELLIPSOMETRY,BBOB,16.464653999213862
PHOTONIC_2LAYERS_ELLIPSOMETRY,BBOB,16.543912726918347
PHOTONIC_2LAYERS_ELLIPSOMETRY,BBOB,16.678486981508808
PHOTONIC_2LAYERS_ELLIPSOMETRY,BBOB,16.54621854819905
PHOTONIC_2LAYERS_ELLIPSOMETRY,BBOB,16.80427024391407
PHOTONIC_2LAYERS_ELLIPSOMETRY,BBOB,16.630916051959936
PHOTONIC_2LAYERS_ELLIPSOMETRY,BBOB,16.580266144721104
PHOTONIC_2LAYERS_ELLIPSOMETRY,BBOB,16.70070179658215
PHOTONIC_2LAYERS_ELLIPSOMETRY,BBOB,16.63889463660313
PHOTONIC_2LAYERS_ELLIPSOMETRY,BBOB,17.914568015733703
PHOTONIC_2LAYERS_ELLIPSOMETRY,BBOB,16.678247131101603
PHOTONIC_2LAYERS_ELLIPSOMETRY,BBOB,16.782464320029423
PHOTONIC_2LAYERS_ELLIPSOMETRY,BBOB,17.013652519569415
PHOTONIC_2LAYERS_ELLIPSOMETRY,BBOB,16.26131830145557
PHOTONIC_2LAYERS_ELLIPSOMETRY,BBOB,17.91763143417265
PHOTONIC_2LAYERS_ELLIPSOMETRY,BBOB,16.74574859127801
PHOTONIC_2LAYERS_ELLIPSOMETRY,BBOB,16.87629454698439
PHOTONIC_2LAYERS_ELLIPSOMETRY,BBOB,17.109661852902036
PHOTONIC_2LAYERS_ELLIPSOMETRY,BBOB,17.941156923075123
PHOTONIC_2LAYERS_ELLIPSOMETRY,BBOB,16.58456559387931
PHOTONIC_2LAYERS_ELLIPSOMETRY,BBOB,17.360042308438757
PHOTONIC_2LAYERS_ELLIPSOMETRY,BBOB,17.55767130791652
PHOTONIC_2LAYERS_ELLIPSOMETRY,BBOB,23.574113599784813
PHOTONIC_2LAYERS_ELLIPSOMETRY,BBOB,16.551046234535306
PHOTONIC_2LAYERS_ELLIPSOMETRY,BBOB,17.951352839255335
PHOTONIC_2LAYERS_ELLIPSOMETRY,BBOB,16.62897504006736
PHOTONIC_2LAYERS_ELLIPSOMETRY,BBOB,16.61986868617661
PHOTONIC_2LAYERS_ELLIPSOMETRY,BBOB,16.74837977600992
PHOTONIC_2LAYERS_ELLIPSOMETRY,BBOB,17.007290738537385
PHOTONIC_2LAYERS_ELLIPSOMETRY,BBOB,16.50828070898193
PHOTONIC_2LAYERS_ELLIPSOMETRY,BBOB,16.617985650290823
PHOTONIC_2LAYERS_ELLIPSOMETRY,BBOB,16.883756332920903
PHOTONIC_2LAYERS_ELLIPSOMETRY,BBOB,16.617291736501368
PHOTONIC_2LAYERS_ELLIPSOMETRY,BBOB,16.837211295190087
PHOTONIC_2LAYERS_ELLIPSOMETRY,BBOB,16.9123527030813
PHOTONIC_2LAYERS_ELLIPSOMETRY,BBOB,17.07129513591022
PHOTONIC_2LAYERS_ELLIPSOMETRY,BBOB,16.777305689216927
PHOTONIC_2LAYERS_ELLIPSOMETRY,BBOB,17.511009673450488
PHOTONIC_2LAYERS_ELLIPSOMETRY,BBOB,17.65097180139059
PHOTONIC_2LAYERS_ELLIPSOMETRY,BBOB,17.75272471503795
PHOTONIC_2LAYERS_ELLIPSOMETRY,BBOB,16.850118503520818
PHOTONIC_2LAYERS_ELLIPSOMETRY,BBOB,17.171540246420857
PHOTONIC_2LAYERS_ELLIPSOMETRY,BBOB,17.053568576777263
PHOTONIC_2LAYERS_ELLIPSOMETRY,BBOB,16.77102649445953
PHOTONIC_2LAYERS_ELLIPSOMETRY,BBOB,16.95198466759348
PHOTONIC_2LAYERS_ELLIPSOMETRY,BBOB,16.671781151192217
PHOTONIC_2LAYERS_ELLIPSOMETRY,BBOB,16.55775600978263
PHOTONIC_2LAYERS_ELLIPSOMETRY,BBOB,16.888994262372233
PHOTONIC_2LAYERS_ELLIPSOMETRY,BBOB,16.5595713504645
PHOTONIC_2LAYERS_ELLIPSOMETRY,BBOB,16.803931991355356
PHOTONIC_2LAYERS_ELLIPSOMETRY,BBOB,16.595253894294668
PHOTONIC_2LAYERS_ELLIPSOMETRY,BBOB,16.650239259513917
PHOTONIC_2LAYERS_ELLIPSOMETRY,BBOB,17.948704841107702
PHOTONIC_2LAYERS_ELLIPSOMETRY,BBOB,16.599029264857144
PHOTONIC_2LAYERS_ELLIPSOMETRY,BBOB,16.944618999968938
PHOTONIC_2LAYERS_ELLIPSOMETRY,BBOB,16.602962554851736
PHOTONIC_2LAYERS_ELLIPSOMETRY,BBOB,16.645326017228573
PHOTONIC_2LAYERS_ELLIPSOMETRY,BBOB,16.58678359189459
PHOTONIC_2LAYERS_ELLIPSOMETRY,BBOB,16.853535434380383
PHOTONIC_2LAYERS_ELLIPSOMETRY,BBOB,16.868661127498925
PHOTONIC_2LAYERS_ELLIPSOMETRY,BBOB,17.121862689059146
PHOTONIC_2LAYERS_ELLIPSOMETRY,BBOB,16.662818743901997
PHOTONIC_2LAYERS_ELLIPSOMETRY,BBOB,17.939046129475663
PHOTONIC_2LAYERS_ELLIPSOMETRY,BBOB,16.803903486337173
PHOTONIC_2LAYERS_ELLIPSOMETRY,BBOB,16.72705429905011
PHOTONIC_2LAYERS_ELLIPSOMETRY,BBOB,16.484742144717604
PHOTONIC_2LAYERS_ELLIPSOMETRY,BBOB,16.923980527614617
PHOTONIC_2LAYERS_ELLIPSOMETRY,BBOB,16.734012319663584
PHOTONIC_2LAYERS_ELLIPSOMETRY,BBOB,16.397989217130814
PHOTONIC_2LAYERS_ELLIPSOMETRY,BBOB,17.624484440611244
PHOTONIC_2LAYERS_ELLIPSOMETRY,BBOB,16.648716151529396
PHOTONIC_2LAYERS_ELLIPSOMETRY,BBOB,16.570941773276196
PHOTONIC_2LAYERS_ELLIPSOMETRY,BBOB,16.590286946284326
PHOTONIC_2LAYERS_ELLIPSOMETRY,BBOB,16.50978738480066
PHOTONIC_2LAYERS_ELLIPSOMETRY,BBOB,16.605008657942538
PHOTONIC_2LAYERS_ELLIPSOMETRY,BBOB,16.07474196912992
PHOTONIC_2LAYERS_ELLIPSOMETRY,BBOB,16.887083367822505
PHOTONIC_2LAYERS_ELLIPSOMETRY,BBOB,16.623389724959825
PHOTONIC_2LAYERS_ELLIPSOMETRY,BBOB,16.65079556437145
PHOTONIC_2LAYERS_ELLIPSOMETRY,BBOB,17.15427661016404
PHOTONIC_2LAYERS_ELLIPSOMETRY,BBOB,16.24662782063159
PHOTONIC_2LAYERS_ELLIPSOMETRY,BBOB,16.603304721381633
PHOTONIC_2LAYERS_ELLIPSOMETRY,BBOB,17.124721555643394
PHOTONIC_2LAYERS_ELLIPSOMETRY,BBOB,16.735855413762263
PHOTONIC_2LAYERS_ELLIPSOMETRY,BBOB,16.616705409996857
PHOTONIC_2LAYERS_ELLIPSOMETRY,BBOB,16.69313127496706
PHOTONIC_2LAYERS_ELLIPSOMETRY,BBOB,17.107994675335533
PHOTONIC_2LAYERS_ELLIPSOMETRY,BBOB,17.176258356897453
PHOTONIC_2LAYERS_ELLIPSOMETRY,BBOB,17.648687714986224
PHOTONIC_2LAYERS_ELLIPSOMETRY,BBOB,16.87646723649508
PHOTONIC_2LAYERS_ELLIPSOMETRY,BBOB,19.25178205554827
PHOTONIC_2LAYERS_ELLIPSOMETRY,BBOB,16.582852952089738
PHOTONIC_2LAYERS_ELLIPSOMETRY,BBOB,16.737245901100703
PHOTONIC_2LAYERS_ELLIPSOMETRY,BBOB,16.665676230480795
PHOTONIC_2LAYERS_ELLIPSOMETRY,BBOB,16.744345076103745
PHOTONIC_2LAYERS_ELLIPSOMETRY,BBOB,17.12876804749056
PHOTONIC_2LAYERS_ELLIPSOMETRY,BBOB,17.33257128755602
PHOTONIC_2LAYERS_ELLIPSOMETRY,BBOB,17.14223631667459
PHOTONIC_2LAYERS_ELLIPSOMETRY,BBOB,23.489477247307335
PHOTONIC_2LAYERS_ELLIPSOMETRY,BBOB,17.145631105658953
PHOTONIC_2LAYERS_ELLIPSOMETRY,BBOB,17.915956689407203
PHOTONIC_2LAYERS_ELLIPSOMETRY,BBOB,17.924671543229195
PHOTONIC_2LAYERS_ELLIPSOMETRY,BBOB,16.62427579472989
PHOTONIC_2LAYERS_ELLIPSOMETRY,BBOB,16.56408303300583
PHOTONIC_2LAYERS_ELLIPSOMETRY,BBOB,19.51614008346465
PHOTONIC_2LAYERS_ELLIPSOMETRY,BBOB,17.575139974802436
PHOTONIC_2LAYERS_ELLIPSOMETRY,BBOB,16.65663392112664
PHOTONIC_2LAYERS_ELLIPSOMETRY,BBOB,17.138336178352485
PHOTONIC_2LAYERS_ELLIPSOMETRY,BBOB,16.855668452445
PHOTONIC_2LAYERS_ELLIPSOMETRY,BBOB,16.897250890282407
PHOTONIC_2LAYERS_ELLIPSOMETRY,BBOB,17.101884750350525
PHOTONIC_2LAYERS_ELLIPSOMETRY,BBOB,16.509357062778147
PHOTONIC_2LAYERS_ELLIPSOMETRY,BBOB,16.74791148899164
PHOTONIC_2LAYERS_ELLIPSOMETRY,BBOB,17.17919433969601
PHOTONIC_2LAYERS_ELLIPSOMETRY,BBOB,16.881695586889382
PHOTONIC_2LAYERS_ELLIPSOMETRY,BBOB,16.55484665559802
PHOTONIC_2LAYERS_ELLIPSOMETRY,BBOB,16.340880913108897
PHOTONIC_2LAYERS_ELLIPSOMETRY,BBOB,17.003876522565186
PHOTONIC_2LAYERS_ELLIPSOMETRY,BBOB,16.620018398678
PHOTONIC_2LAYERS_ELLIPSOMETRY,BBOB,16.71011308569007
PHOTONIC_2LAYERS_ELLIPSOMETRY,BBOB,17.950731451465913
PHOTONIC_2LAYERS_ELLIPSOMETRY,BBOB,16.500490158889477
PHOTONIC_2LAYERS_ELLIPSOMETRY,BBOB,16.87765177234158
PHOTONIC_2LAYERS_ELLIPSOMETRY,BBOB,17.946122651705302
PHOTONIC_2LAYERS_ELLIPSOMETRY,BBOB,16.75128708336543
PHOTONIC_2LAYERS_ELLIPSOMETRY,BBOB,16.638547129424534
PHOTONIC_2LAYERS_ELLIPSOMETRY,BBOB,17.941781955128572
PHOTONIC_2LAYERS_ELLIPSOMETRY,BBOB,17.123721159790158
PHOTONIC_2LAYERS_ELLIPSOMETRY,BBOB,16.620675638058596
PHOTONIC_2LAYERS_ELLIPSOMETRY,BBOB,16.978726191770054
PHOTONIC_2LAYERS_ELLIPSOMETRY,BBOB,16.93395794480541
PHOTONIC_2LAYERS_ELLIPSOMETRY,BBOB,16.858111279885254
PHOTONIC_2LAYERS_ELLIPSOMETRY,BBOB,17.583664914196138
PHOTONIC_2LAYERS_ELLIPSOMETRY,BBOB,16.803232853110853
PHOTONIC_2LAYERS_ELLIPSOMETRY,BBOB,16.584006197883838
PHOTONIC_2LAYERS_ELLIPSOMETRY,BBOB,16.947432861888995
PHOTONIC_2LAYERS_ELLIPSOMETRY,BBOB,16.68771606825581
PHOTONIC_2LAYERS_ELLIPSOMETRY,BBOB,16.076711547369133
PHOTONIC_2LAYERS_ELLIPSOMETRY,BBOB,17.54463109878586
PHOTONIC_2LAYERS_ELLIPSOMETRY,BBOB,16.262312693782018
PHOTONIC_2LAYERS_ELLIPSOMETRY,BBOB,17.18712040083331
PHOTONIC_2LAYERS_ELLIPSOMETRY,BBOB,16.75678735217482
PHOTONIC_2LAYERS_ELLIPSOMETRY,BBOB,16.519674808789453
PHOTONIC_2LAYERS_ELLIPSOMETRY,BBOB,17.38440642368236
PHOTONIC_2LAYERS_ELLIPSOMETRY,BBOB,17.129467426688425
PHOTONIC_2LAYERS_ELLIPSOMETRY,BBOB,16.48674785264286
PHOTONIC_2LAYERS_ELLIPSOMETRY,BBOB,16.599598223955176
PHOTONIC_2LAYERS_ELLIPSOMETRY,BBOB,16.811373006298357
PHOTONIC_2LAYERS_ELLIPSOMETRY,BBOB,17.09715943993977
PHOTONIC_2LAYERS_ELLIPSOMETRY,BBOB,16.59478846155466
PHOTONIC_2LAYERS_ELLIPSOMETRY,BBOB,16.340639177865985
PHOTONIC_2LAYERS_ELLIPSOMETRY,BBOB,24.408777891835825
PHOTONIC_2LAYERS_ELLIPSOMETRY,BBOB,16.848953215214312
PHOTONIC_2LAYERS_ELLIPSOMETRY,BBOB,17.29393644416656
PHOTONIC_2LAYERS_ELLIPSOMETRY,BBOB,17.466817058157165
PHOTONIC_2LAYERS_ELLIPSOMETRY,BBOB,16.58199673512185
PHOTONIC_2LAYERS_ELLIPSOMETRY,BBOB,16.60836192287911
PHOTONIC_2LAYERS_ELLIPSOMETRY,BBOB,16.6151042202758
PHOTONIC_2LAYERS_ELLIPSOMETRY,BBOB,16.46866705610619
PHOTONIC_2LAYERS_ELLIPSOMETRY,BBOB,16.887722177858425
PHOTONIC_2LAYERS_ELLIPSOMETRY,BBOB,17.94015535959291
PHOTONIC_2LAYERS_ELLIPSOMETRY,BBOB,17.946094517331506
PHOTONIC_2LAYERS_ELLIPSOMETRY,BBOB,16.963845720628566
PHOTONIC_2LAYERS_ELLIPSOMETRY,BBOB,16.673849263688446
PHOTONIC_2LAYERS_ELLIPSOMETRY,BBOB,17.9206121382774
PHOTONIC_2LAYERS_ELLIPSOMETRY,BBOB,16.651493011275196
PHOTONIC_2LAYERS_ELLIPSOMETRY,BBOB,16.57834798972295
PHOTONIC_2LAYERS_ELLIPSOMETRY,BBOB,16.616672303851633
PHOTONIC_2LAYERS_ELLIPSOMETRY,BBOB,16.625212891638284
PHOTONIC_2LAYERS_ELLIPSOMETRY,BBOB,16.261870100196628
PHOTONIC_2LAYERS_ELLIPSOMETRY,BBOB,17.132784769580066
PHOTONIC_2LAYERS_ELLIPSOMETRY,BBOB,16.558929074946434
PHOTONIC_2LAYERS_ELLIPSOMETRY,BBOB,16.875616386672355
PHOTONIC_2LAYERS_ELLIPSOMETRY,BBOB,16.58955240655421
PHOTONIC_2LAYERS_ELLIPSOMETRY,BBOB,16.564135024772696
PHOTONIC_2LAYERS_ELLIPSOMETRY,BBOB,16.62427579472989
PHOTONIC_2LAYERS_ELLIPSOMETRY,BBOB,17.942719459207815
PHOTONIC_2LAYERS_ELLIPSOMETRY,BBOB,17.619755810590643
PHOTONIC_2LAYERS_ELLIPSOMETRY,BBOB,16.738631251187694
PHOTONIC_2LAYERS_ELLIPSOMETRY,BBOB,16.691098156396937
PHOTONIC_2LAYERS_ELLIPSOMETRY,BBOB,17.193668842684627
PHOTONIC_2LAYERS_ELLIPSOMETRY,BBOB,16.662735551098503
PHOTONIC_2LAYERS_ELLIPSOMETRY,BBOB,17.033939539212714
PHOTONIC_2LAYERS_ELLIPSOMETRY,BBOB,16.796849101068123
PHOTONIC_2LAYERS_ELLIPSOMETRY,BBOB,17.92006367836411
PHOTONIC_2LAYERS_ELLIPSOMETRY,BBOB,16.618067084904848
PHOTONIC_2LAYERS_ELLIPSOMETRY,BBOB,16.635848806297368
PHOTONIC_2LAYERS_ELLIPSOMETRY,BBOB,17.186495449849666
PHOTONIC_2LAYERS_ELLIPSOMETRY,BBOB,17.534643036617645
PHOTONIC_2LAYERS_ELLIPSOMETRY,BBOB,16.645371767388564
PHOTONIC_2LAYERS_ELLIPSOMETRY,BBOB,16.20277407489565
PHOTONIC_2LAYERS_ELLIPSOMETRY,BBOB,16.47142038835238
PHOTONIC_2LAYERS_ELLIPSOMETRY,BBOB,16.48491290843535
PHOTONIC_2LAYERS_ELLIPSOMETRY,BBOB,17.715052704760485
PHOTONIC_2LAYERS_ELLIPSOMETRY,BBOB,17.29359848837396
PHOTONIC_2LAYERS_ELLIPSOMETRY,BBOB,16.87657271715011
PHOTONIC_2LAYERS_ELLIPSOMETRY,BBOB,17.538999264307922
PHOTONIC_2LAYERS_ELLIPSOMETRY,BBOB,16.43514315301715
PHOTONIC_2LAYERS_ELLIPSOMETRY,BBOB,16.597402668449647
PHOTONIC_2LAYERS_ELLIPSOMETRY,BBOB,16.81263171619126
PHOTONIC_2LAYERS_ELLIPSOMETRY,BBOB,16.721441843808286
PHOTONIC_2LAYERS_ELLIPSOMETRY,BBOB,18.108877101299488
PHOTONIC_2LAYERS_ELLIPSOMETRY,BBOB,17.067174477360687
PHOTONIC_2LAYERS_ELLIPSOMETRY,BBOB,16.1105764713025
PHOTONIC_2LAYERS_ELLIPSOMETRY,BBOB,16.48013941353086
PHOTONIC_2LAYERS_ELLIPSOMETRY,BBOB,16.109370037916474
PHOTONIC_2LAYERS_ELLIPSOMETRY,BBOB,16.634357762538198
PHOTONIC_2LAYERS_ELLIPSOMETRY,BBOB,16.420693476503406
PHOTONIC_2LAYERS_ELLIPSOMETRY,BBOB,16.559186422321293
PHOTONIC_2LAYERS_ELLIPSOMETRY,BBOB,16.720850957872965
PHOTONIC_2LAYERS_ELLIPSOMETRY,BBOB,16.87687344655223
PHOTONIC_2LAYERS_ELLIPSOMETRY,BBOB,17.358582446608953
PHOTONIC_2LAYERS_ELLIPSOMETRY,BBOB,17.014161527957036
PHOTONIC_2LAYERS_ELLIPSOMETRY,BBOB,17.142150588060517
PHOTONIC_2LAYERS_ELLIPSOMETRY,BBOB,16.817495059337148
PHOTONIC_2LAYERS_ELLIPSOMETRY,BBOB,16.73306504411459
PHOTONIC_2LAYERS_ELLIPSOMETRY,BBOB,16.552263593506083
PHOTONIC_2LAYERS_ELLIPSOMETRY,BBOB,17.287212115550897
PHOTONIC_2LAYERS_ELLIPSOMETRY,BBOB,16.55291928989026
PHOTONIC_2LAYERS_ELLIPSOMETRY,BBOB,16.706524973868525
PHOTONIC_2LAYERS_ELLIPSOMETRY,BBOB,16.569613765092406
PHOTONIC_2LAYERS_ELLIPSOMETRY,BBOB,17.52682160398456
PHOTONIC_2LAYERS_ELLIPSOMETRY,BBOB,16.67663869675673
PHOTONIC_2LAYERS_ELLIPSOMETRY,BBOB,16.870234326996577
PHOTONIC_2LAYERS_ELLIPSOMETRY,BBOB,16.272807999459488
PHOTONIC_2LAYERS_ELLIPSOMETRY,BBOB,16.66715340013512
PHOTONIC_2LAYERS_ELLIPSOMETRY,BBOB,16.81207840851855
PHOTONIC_2LAYERS_ELLIPSOMETRY,BBOB,16.622584165599
PHOTONIC_2LAYERS_ELLIPSOMETRY,BBOB,17.502449339634893
PHOTONIC_2LAYERS_ELLIPSOMETRY,BBOB,16.630938595195726
PHOTONIC_2LAYERS_ELLIPSOMETRY,BBOB,17.77561269990085
PHOTONIC_2LAYERS_ELLIPSOMETRY,BBOB,16.585161208079583
PHOTONIC_2LAYERS_ELLIPSOMETRY,BBOB,16.39038605246123
PHOTONIC_2LAYERS_ELLIPSOMETRY,BBOB,17.26459314708951
PHOTONIC_2LAYERS_ELLIPSOMETRY,BBOB,16.588847428426906
PHOTONIC_2LAYERS_ELLIPSOMETRY,BBOB,16.358221488799984
PHOTONIC_2LAYERS_ELLIPSOMETRY,BBOB,17.137071786910944
PHOTONIC_2LAYERS_ELLIPSOMETRY,BBOB,16.73842425341788
PHOTONIC_2LAYERS_ELLIPSOMETRY,BBOB,16.401671611491775
PHOTONIC_2LAYERS_ELLIPSOMETRY,BBOB,16.503047481635978
PHOTONIC_2LAYERS_ELLIPSOMETRY,BBOB,21.83241554235929
PHOTONIC_2LAYERS_ELLIPSOMETRY,BBOB,16.50713235874191
PHOTONIC_2LAYERS_ELLIPSOMETRY,BBOB,16.62163227852159
PHOTONIC_2LAYERS_ELLIPSOMETRY,BBOB,16.532812509297678
PHOTONIC_2LAYERS_ELLIPSOMETRY,BBOB,18.108228597318565
PHOTONIC_2LAYERS_ELLIPSOMETRY,BBOB,16.210867602259675
PHOTONIC_2LAYERS_ELLIPSOMETRY,BBOB,17.263396197079043
PHOTONIC_2LAYERS_ELLIPSOMETRY,BBOB,17.205814089411952
PHOTONIC_2LAYERS_ELLIPSOMETRY,BBOB,16.9216548923423
PHOTONIC_2LAYERS_ELLIPSOMETRY,BBOB,16.360135814702517
PHOTONIC_2LAYERS_ELLIPSOMETRY,BBOB,16.485979035220396
PHOTONIC_2LAYERS_ELLIPSOMETRY,BBOB,17.50423574461619
PHOTONIC_2LAYERS_ELLIPSOMETRY,BBOB,16.74491896347765
PHOTONIC_2LAYERS_ELLIPSOMETRY,BBOB,19.69041804597564
PHOTONIC_2LAYERS_ELLIPSOMETRY,BBOB,16.951154421053207
PHOTONIC_2LAYERS_ELLIPSOMETRY,BBOB,16.994979269593237
PHOTONIC_2LAYERS_ELLIPSOMETRY,BBOB,16.519604070114656
PHOTONIC_2LAYERS_ELLIPSOMETRY,BBOB,16.50630812335075
PHOTONIC_2LAYERS_ELLIPSOMETRY,BBOB,17.12711082274351
PHOTONIC_2LAYERS_ELLIPSOMETRY,BBOB,16.552878501940622
PHOTONIC_2LAYERS_ELLIPSOMETRY,BBOB,16.642877534110404
PHOTONIC_2LAYERS_ELLIPSOMETRY,BBOB,16.695382242531263
PHOTONIC_2LAYERS_ELLIPSOMETRY,BBOB,17.534957633841913
PHOTONIC_2LAYERS_ELLIPSOMETRY,BBOB,17.203016370657327
PHOTONIC_2LAYERS_ELLIPSOMETRY,BBOB,17.376947701655673
PHOTONIC_2LAYERS_ELLIPSOMETRY,BBOB,16.664510660012574
PHOTONIC_2LAYERS_ELLIPSOMETRY,BBOB,16.582808154000286
PHOTONIC_2LAYERS_ELLIPSOMETRY,BBOB,17.24708327679804
PHOTONIC_2LAYERS_ELLIPSOMETRY,BBOB,16.747981857226286
PHOTONIC_2LAYERS_ELLIPSOMETRY,BBOB,17.111965299353788
PHOTONIC_2LAYERS_ELLIPSOMETRY,BBOB,16.654335704472548
PHOTONIC_2LAYERS_ELLIPSOMETRY,BBOB,16.41103221478991
PHOTONIC_2LAYERS_ELLIPSOMETRY,BBOB,16.38284665398371
PHOTONIC_2LAYERS_ELLIPSOMETRY,BBOB,16.648461208118263
PHOTONIC_2LAYERS_ELLIPSOMETRY,BBOB,17.016656117375746
PHOTONIC_2LAYERS_ELLIPSOMETRY,BBOB,17.547116946126046
PHOTONIC_2LAYERS_ELLIPSOMETRY,BBOB,16.704059011301787
PHOTONIC_2LAYERS_ELLIPSOMETRY,BBOB,17.014279067208147
PHOTONIC_2LAYERS_ELLIPSOMETRY,BBOB,17.216721948194927
PHOTONIC_2LAYERS_ELLIPSOMETRY,BBOB,16.6679435553357
PHOTONIC_2LAYERS_ELLIPSOMETRY,BBOB,16.92127584234553
PHOTONIC_2LAYERS_ELLIPSOMETRY,BBOB,17.925638332573467
PHOTONIC_2LAYERS_ELLIPSOMETRY,BBOB,17.162151013785337
PHOTONIC_2LAYERS_ELLIPSOMETRY,BBOB,16.09317897169629
PHOTONIC_2LAYERS_ELLIPSOMETRY,BBOB,17.001260340114232
PHOTONIC_2LAYERS_ELLIPSOMETRY,BBOB,16.2495979918004
PHOTONIC_2LAYERS_ELLIPSOMETRY,BBOB,16.88670545185545
PHOTONIC_2LAYERS_ELLIPSOMETRY,BBOB,16.68397251013885
PHOTONIC_2LAYERS_ELLIPSOMETRY,BBOB,16.540062281053643
PHOTONIC_2LAYERS_ELLIPSOMETRY,BBOB,16.704021442316904
PHOTONIC_2LAYERS_ELLIPSOMETRY,BBOB,16.620555231763504
PHOTONIC_2LAYERS_ELLIPSOMETRY,BBOB,16.553003549603048
PHOTONIC_2LAYERS_ELLIPSOMETRY,BBOB,16.617065653175068
PHOTONIC_2LAYERS_ELLIPSOMETRY,BBOB,17.10852091520511
PHOTONIC_2LAYERS_ELLIPSOMETRY,BBOB,17.1630076451848
PHOTONIC_2LAYERS_ELLIPSOMETRY,BBOB,16.599373295062975
PHOTONIC_2LAYERS_ELLIPSOMETRY,BBOB,16.652673501134224
PHOTONIC_2LAYERS_ELLIPSOMETRY,BBOB,16.507904070036655
PHOTONIC_2LAYERS_ELLIPSOMETRY,BBOB,16.386769882031352
PHOTONIC_2LAYERS_ELLIPSOMETRY,BBOB,16.821005323187794
PHOTONIC_2LAYERS_ELLIPSOMETRY,BBOB,16.459901847288798
PHOTONIC_2LAYERS_ELLIPSOMETRY,BBOB,16.48891757640406
PHOTONIC_2LAYERS_ELLIPSOMETRY,BBOB,16.950912212134188
PHOTONIC_2LAYERS_ELLIPSOMETRY,BBOB,16.888233554029544
PHOTONIC_2LAYERS_ELLIPSOMETRY,BBOB,16.533755793946455
PHOTONIC_2LAYERS_ELLIPSOMETRY,BBOB,17.92385341337808
PHOTONIC_2LAYERS_ELLIPSOMETRY,BBOB,16.59229162147311
PHOTONIC_2LAYERS_ELLIPSOMETRY,BBOB,17.280087501859107
PHOTONIC_2LAYERS_ELLIPSOMETRY,BBOB,17.1559974337764
PHOTONIC_2LAYERS_ELLIPSOMETRY,BBOB,16.887238657402147
PHOTONIC_2LAYERS_ELLIPSOMETRY,BBOB,16.968534248542667
PHOTONIC_2LAYERS_ELLIPSOMETRY,BBOB,17.129525265568237
PHOTONIC_2LAYERS_ELLIPSOMETRY,BBOB,16.80063580945945
PHOTONIC_2LAYERS_ELLIPSOMETRY,BBOB,17.111748886685596
PHOTONIC_2LAYERS_ELLIPSOMETRY,BBOB,16.59529383759579
PHOTONIC_2LAYERS_ELLIPSOMETRY,BBOB,16.349865622467696
PHOTONIC_2LAYERS_ELLIPSOMETRY,BBOB,16.266286786448273
PHOTONIC_2LAYERS_ELLIPSOMETRY,BBOB,16.518242841111135
PHOTONIC_2LAYERS_ELLIPSOMETRY,BBOB,17.538804570074127
PHOTONIC_2LAYERS_ELLIPSOMETRY,BBOB,17.363951469537735
PHOTONIC_2LAYERS_ELLIPSOMETRY,BBOB,17.2071889481757
PHOTONIC_2LAYERS_ELLIPSOMETRY,BBOB,16.68958993541787
PHOTONIC_2LAYERS_ELLIPSOMETRY,BBOB,17.71480124993287
PHOTONIC_2LAYERS_ELLIPSOMETRY,BBOB,16.274103950988113
PHOTONIC_2LAYERS_ELLIPSOMETRY,BBOB,16.32514354798422
PHOTONIC_2LAYERS_ELLIPSOMETRY,BBOB,16.586450938212163
PHOTONIC_2LAYERS_ELLIPSOMETRY,BBOB,16.665305215673442
PHOTONIC_2LAYERS_ELLIPSOMETRY,BBOB,16.877039705663115
PHOTONIC_2LAYERS_ELLIPSOMETRY,BBOB,17.098489928722962
PHOTONIC_2LAYERS_ELLIPSOMETRY,BBOB,16.56930620060456
PHOTONIC_2LAYERS_ELLIPSOMETRY,BBOB,17.1951670229751
PHOTONIC_2LAYERS_ELLIPSOMETRY,BBOB,16.484266770927952
PHOTONIC_2LAYERS_ELLIPSOMETRY,BBOB,16.67605264018301
PHOTONIC_2LAYERS_ELLIPSOMETRY,BBOB,17.650386978905267
PHOTONIC_2LAYERS_ELLIPSOMETRY,BBOB,16.729647679317605
PHOTONIC_2LAYERS_ELLIPSOMETRY,BBOB,16.69730612083192
PHOTONIC_2LAYERS_ELLIPSOMETRY,BBOB,16.586505785801084
PHOTONIC_2LAYERS_ELLIPSOMETRY,BBOB,16.736875521496973
PHOTONIC_2LAYERS_ELLIPSOMETRY,BBOB,17.453857881043497
PHOTONIC_2LAYERS_ELLIPSOMETRY,BBOB,16.929510798557406
PHOTONIC_2LAYERS_ELLIPSOMETRY,BBOB,16.746863747745785
PHOTONIC_2LAYERS_ELLIPSOMETRY,BBOB,16.558089497713734
PHOTONIC_2LAYERS_ELLIPSOMETRY,BBOB,16.201821761773576
PHOTONIC_2LAYERS_ELLIPSOMETRY,BBOB,16.694418903992748
PHOTONIC_2LAYERS_ELLIPSOMETRY,BBOB,16.498456088283035
PHOTONIC_2LAYERS_ELLIPSOMETRY,BBOB,17.154552655752834
PHOTONIC_2LAYERS_ELLIPSOMETRY,BBOB,16.391791336952323
PHOTONIC_2LAYERS_ELLIPSOMETRY,BBOB,16.637075029164713
PHOTONIC_2LAYERS_ELLIPSOMETRY,BBOB,17.66261943074966
PHOTONIC_2LAYERS_ELLIPSOMETRY,BBOB,16.661842095640292
PHOTONIC_2LAYERS_ELLIPSOMETRY,BBOB,16.700814155677644
PHOTONIC_2LAYERS_ELLIPSOMETRY,BBOB,16.88831742823886
PHOTONIC_2LAYERS_ELLIPSOMETRY,BBOB,16.80294318868263
PHOTONIC_2LAYERS_ELLIPSOMETRY,BBOB,16.17701316366063
PHOTONIC_2LAYERS_ELLIPSOMETRY,BBOB,19.24898439466191
PHOTONIC_2LAYERS_ELLIPSOMETRY,BBOB,16.79359039856252
PHOTONIC_2LAYERS_ELLIPSOMETRY,BBOB,16.82134815699034
PHOTONIC_2LAYERS_ELLIPSOMETRY,BBOB,16.575018174332435
PHOTONIC_2LAYERS_ELLIPSOMETRY,BBOB,16.651208628984424
PHOTONIC_2LAYERS_ELLIPSOMETRY,BBOB,17.229381618559618
PHOTONIC_2LAYERS_ELLIPSOMETRY,BBOB,16.603567471347443
PHOTONIC_2LAYERS_ELLIPSOMETRY,BBOB,17.930355295050028
PHOTONIC_2LAYERS_ELLIPSOMETRY,BBOB,17.92935968821534
PHOTONIC_2LAYERS_ELLIPSOMETRY,BBOB,17.215208045544333
PHOTONIC_2LAYERS_ELLIPSOMETRY,BBOB,17.212750616211054
PHOTONIC_2LAYERS_ELLIPSOMETRY,BBOB,16.74187148670225
PHOTONIC_2LAYERS_ELLIPSOMETRY,BBOB,17.21157671898812
PHOTONIC_2LAYERS_ELLIPSOMETRY,BBOB,16.999433673630197
PHOTONIC_2LAYERS_ELLIPSOMETRY,BBOB,16.65489583581893
PHOTONIC_2LAYERS_ELLIPSOMETRY,BBOB,17.959185031728996
PHOTONIC_2LAYERS_ELLIPSOMETRY,BBOB,16.520161107555534
PHOTONIC_2LAYERS_ELLIPSOMETRY,BBOB,17.52842703869564
PHOTONIC_2LAYERS_ELLIPSOMETRY,BBOB,16.43623408230886
PHOTONIC_2LAYERS_ELLIPSOMETRY,BBOB,16.625404132310393
PHOTONIC_2LAYERS_ELLIPSOMETRY,BBOB,16.619573366759166
PHOTONIC_2LAYERS_ELLIPSOMETRY,BBOB,17.407622836713177
PHOTONIC_2LAYERS_ELLIPSOMETRY,BBOB,16.566282027321275
PHOTONIC_2LAYERS_ELLIPSOMETRY,BBOB,17.305845342236424
PHOTONIC_2LAYERS_ELLIPSOMETRY,BBOB,16.403048723572454
PHOTONIC_2LAYERS_ELLIPSOMETRY,BBOB,17.005185279174032
PHOTONIC_2LAYERS_ELLIPSOMETRY,BBOB,16.486102446831403
PHOTONIC_2LAYERS_ELLIPSOMETRY,BBOB,16.598973391549535
PHOTONIC_2LAYERS_ELLIPSOMETRY,BBOB,16.61485572272992
PHOTONIC_2LAYERS_ELLIPSOMETRY,BBOB,16.886626801365477
PHOTONIC_2LAYERS_ELLIPSOMETRY,BBOB,17.90689137891664
PHOTONIC_2LAYERS_ELLIPSOMETRY,BBOB,16.589190141169215
PHOTONIC_2LAYERS_ELLIPSOMETRY,BBOB,16.05043615124286
PHOTONIC_2LAYERS_ELLIPSOMETRY,BBOB,16.45931597225992
PHOTONIC_2LAYERS_ELLIPSOMETRY,BBOB,16.125141263133337
PHOTONIC_2LAYERS_ELLIPSOMETRY,BBOB,16.108737715296254
PHOTONIC_2LAYERS_ELLIPSOMETRY,BBOB,16.851470083159793
PHOTONIC_2LAYERS_ELLIPSOMETRY,BBOB,16.71354787119445
PHOTONIC_2LAYERS_ELLIPSOMETRY,BBOB,16.55126959267819
PHOTONIC_2LAYERS_ELLIPSOMETRY,BBOB,17.109065508362267
PHOTONIC_2LAYERS_ELLIPSOMETRY,BBOB,17.633926749643415
PHOTONIC_2LAYERS_ELLIPSOMETRY,BBOB,16.735580521616097
PHOTONIC_2LAYERS_ELLIPSOMETRY,BBOB,16.263040758161303
PHOTONIC_2LAYERS_ELLIPSOMETRY,BBOB,16.616846159635905
PHOTONIC_2LAYERS_ELLIPSOMETRY,BBOB,16.55788371970316
PHOTONIC_2LAYERS_ELLIPSOMETRY,BBOB,16.62153657566487
PHOTONIC_2LAYERS_ELLIPSOMETRY,BBOB,16.72608496116925
PHOTONIC_2LAYERS_ELLIPSOMETRY,BBOB,17.17445867246927
PHOTONIC_2LAYERS_ELLIPSOMETRY,BBOB,17.641266523612703
PHOTONIC_2LAYERS_ELLIPSOMETRY,BBOB,17.923882972338877
PHOTONIC_2LAYERS_ELLIPSOMETRY,BBOB,17.586817777104013
PHOTONIC_2LAYERS_ELLIPSOMETRY,BBOB,16.876817893476
PHOTONIC_2LAYERS_ELLIPSOMETRY,BBOB,16.57297712206712
PHOTONIC_2LAYERS_ELLIPSOMETRY,BBOB,16.454273020996222
PHOTONIC_2LAYERS_ELLIPSOMETRY,BBOB,16.611070513060028
PHOTONIC_2LAYERS_ELLIPSOMETRY,BBOB,16.811349164635406
PHOTONIC_2LAYERS_ELLIPSOMETRY,BBOB,16.875109952267277
PHOTONIC_2LAYERS_ELLIPSOMETRY,BBOB,16.500391793907216
PHOTONIC_2LAYERS_ELLIPSOMETRY,BBOB,16.67717675476057
PHOTONIC_2LAYERS_ELLIPSOMETRY,BBOB,17.55809309266183
PHOTONIC_2LAYERS_ELLIPSOMETRY,BBOB,16.704014634451195
PHOTONIC_2LAYERS_ELLIPSOMETRY,BBOB,17.37207940087554
PHOTONIC_2LAYERS_ELLIPSOMETRY,BBOB,17.215906009874473
PHOTONIC_2LAYERS_ELLIPSOMETRY,BBOB,17.93124990063699
PHOTONIC_2LAYERS_ELLIPSOMETRY,BBOB,16.85550302360278
PHOTONIC_2LAYERS_ELLIPSOMETRY,BBOB,16.994197245644948
PHOTONIC_2LAYERS_ELLIPSOMETRY,BBOB,16.5850672175386
PHOTONIC_2LAYERS_ELLIPSOMETRY,BBOB,16.59068483332507
PHOTONIC_2LAYERS_ELLIPSOMETRY,BBOB,16.576928616642206
PHOTONIC_2LAYERS_ELLIPSOMETRY,BBOB,16.344308117614943
PHOTONIC_2LAYERS_ELLIPSOMETRY,BBOB,17.939141284994896
PHOTONIC_2LAYERS_ELLIPSOMETRY,BBOB,16.7341026023092
PHOTONIC_2LAYERS_ELLIPSOMETRY,BBOB,17.121194835716995
PHOTONIC_2LAYERS_ELLIPSOMETRY,BBOB,17.418462829762024
PHOTONIC_2LAYERS_ELLIPSOMETRY,BBOB,21.835435681398554
PHOTONIC_2LAYERS_ELLIPSOMETRY,BBOB,17.364520607579145
PHOTONIC_2LAYERS_ELLIPSOMETRY,BBOB,17.93041728655373
PHOTONIC_2LAYERS_ELLIPSOMETRY,BBOB,17.211534317302693
PHOTONIC_2LAYERS_ELLIPSOMETRY,BBOB,17.206586742489247
PHOTONIC_2LAYERS_ELLIPSOMETRY,BBOB,16.821121557670338
PHOTONIC_2LAYERS_ELLIPSOMETRY,BBOB,17.25649667979263
PHOTONIC_2LAYERS_ELLIPSOMETRY,BBOB,17.390620796701015
PHOTONIC_2LAYERS_ELLIPSOMETRY,BBOB,17.401325347235097
PHOTONIC_2LAYERS_ELLIPSOMETRY,BBOB,16.43344046979995
PHOTONIC_2LAYERS_ELLIPSOMETRY,BBOB,17.588593405882754
PHOTONIC_2LAYERS_ELLIPSOMETRY,BBOB,16.290100823311157
PHOTONIC_2LAYERS_ELLIPSOMETRY,BBOB,16.628420878183135
PHOTONIC_2LAYERS_ELLIPSOMETRY,BBOB,16.89765647688146
PHOTONIC_2LAYERS_ELLIPSOMETRY,BBOB,17.10967103942775
PHOTONIC_2LAYERS_ELLIPSOMETRY,BBOB,16.88661754651838
PHOTONIC_2LAYERS_ELLIPSOMETRY,BBOB,16.473446846382934
PHOTONIC_2LAYERS_ELLIPSOMETRY,BBOB,16.748025047550126
PHOTONIC_2LAYERS_ELLIPSOMETRY,BBOB,17.20655580027472
PHOTONIC_2LAYERS_ELLIPSOMETRY,BBOB,16.616085764371775
PHOTONIC_2LAYERS_ELLIPSOMETRY,BBOB,16.923964873599285
PHOTONIC_2LAYERS_ELLIPSOMETRY,BBOB,17.283751651177557
PHOTONIC_2LAYERS_ELLIPSOMETRY,BBOB,16.784687642656795
PHOTONIC_2LAYERS_ELLIPSOMETRY,BBOB,16.616086436224762
PHOTONIC_2LAYERS_ELLIPSOMETRY,BBOB,16.666009127179816
PHOTONIC_2LAYERS_ELLIPSOMETRY,BBOB,17.197522975106764
PHOTONIC_2LAYERS_ELLIPSOMETRY,BBOB,16.682132915363532
PHOTONIC_2LAYERS_ELLIPSOMETRY,BBOB,17.11075665616205
PHOTONIC_2LAYERS_ELLIPSOMETRY,BBOB,17.088344751951503
PHOTONIC_2LAYERS_ELLIPSOMETRY,BBOB,16.73413355088323
PHOTONIC_2LAYERS_ELLIPSOMETRY,BBOB,16.484253968595592
PHOTONIC_2LAYERS_ELLIPSOMETRY,BBOB,16.35630292986219
PHOTONIC_2LAYERS_ELLIPSOMETRY,BBOB,16.61496748969546
PHOTONIC_2LAYERS_ELLIPSOMETRY,BBOB,16.563802697990837
PHOTONIC_2LAYERS_ELLIPSOMETRY,BBOB,17.179790127270078
PHOTONIC_2LAYERS_ELLIPSOMETRY,BBOB,17.11129350586478
PHOTONIC_2LAYERS_ELLIPSOMETRY,BBOB,17.12911436678376
PHOTONIC_2LAYERS_ELLIPSOMETRY,BBOB,17.21889524806929
PHOTONIC_2LAYERS_ELLIPSOMETRY,BBOB,16.66339128029654
PHOTONIC_2LAYERS_ELLIPSOMETRY,BBOB,16.771884993482725
PHOTONIC_2LAYERS_ELLIPSOMETRY,BBOB,17.212803289883112
PHOTONIC_2LAYERS_ELLIPSOMETRY,BBOB,17.217475004583694
PHOTONIC_2LAYERS_ELLIPSOMETRY,BBOB,17.178261645206643
PHOTONIC_2LAYERS_ELLIPSOMETRY,BBOB,17.28779625741512
PHOTONIC_2LAYERS_ELLIPSOMETRY,BBOB,16.463526325110717
PHOTONIC_2LAYERS_ELLIPSOMETRY,BBOB,16.56984796004559
PHOTONIC_2LAYERS_ELLIPSOMETRY,BBOB,17.3709778543028
PHOTONIC_2LAYERS_ELLIPSOMETRY,BBOB,16.419567930996962
PHOTONIC_2LAYERS_ELLIPSOMETRY,BBOB,16.861483053465122
PHOTONIC_2LAYERS_ELLIPSOMETRY,BBOB,17.599002273792685
PHOTONIC_2LAYERS_ELLIPSOMETRY,BBOB,17.224920641515535
PHOTONIC_2LAYERS_ELLIPSOMETRY,BBOB,16.746666056127445
PHOTONIC_2LAYERS_ELLIPSOMETRY,BBOB,16.860687517909078
PHOTONIC_2LAYERS_ELLIPSOMETRY,BBOB,16.695700413978255
PHOTONIC_2LAYERS_ELLIPSOMETRY,BBOB,17.377445513809203
PHOTONIC_2LAYERS_ELLIPSOMETRY,BBOB,16.506044700029094
PHOTONIC_2LAYERS_ELLIPSOMETRY,BBOB,16.25125240849538
PHOTONIC_2LAYERS_ELLIPSOMETRY,BBOB,16.075056625960254
PHOTONIC_2LAYERS_ELLIPSOMETRY,BBOB,17.05453760314227
PHOTONIC_2LAYERS_ELLIPSOMETRY,BBOB,16.613338541565145
PHOTONIC_2LAYERS_ELLIPSOMETRY,BBOB,17.63828812675141
PHOTONIC_2LAYERS_ELLIPSOMETRY,BBOB,16.612343762964787
PHOTONIC_2LAYERS_ELLIPSOMETRY,BBOB,16.64837073858467
PHOTONIC_2LAYERS_ELLIPSOMETRY,BBOB,17.25897400336696
PHOTONIC_2LAYERS_ELLIPSOMETRY,BBOB,16.881876058972715
PHOTONIC_2LAYERS_ELLIPSOMETRY,BBOB,16.616839753762562
PHOTONIC_2LAYERS_ELLIPSOMETRY,BBOB,16.879481255880865
PHOTONIC_2LAYERS_ELLIPSOMETRY,BBOB,17.25842545733547
PHOTONIC_2LAYERS_ELLIPSOMETRY,BBOB,19.689316266241867
PHOTONIC_2LAYERS_ELLIPSOMETRY,BBOB,16.6988119533007
PHOTONIC_2LAYERS_ELLIPSOMETRY,BBOB,16.575148706916618
PHOTONIC_2LAYERS_ELLIPSOMETRY,BBOB,16.73371797382076
PHOTONIC_2LAYERS_ELLIPSOMETRY,BBOB,16.851393325136616
PHOTONIC_2LAYERS_ELLIPSOMETRY,BBOB,17.20608669979453
PHOTONIC_2LAYERS_ELLIPSOMETRY,BBOB,17.20669595050443
PHOTONIC_2LAYERS_ELLIPSOMETRY,BBOB,16.93868466279403
PHOTONIC_2LAYERS_ELLIPSOMETRY,BBOB,16.73889741272831
PHOTONIC_2LAYERS_ELLIPSOMETRY,BBOB,17.099887781533745
PHOTONIC_2LAYERS_ELLIPSOMETRY,BBOB,16.580328532554258
PHOTONIC_2LAYERS_ELLIPSOMETRY,BBOB,16.251827273836362
PHOTONIC_2LAYERS_ELLIPSOMETRY,BBOB,16.374859015375346
PHOTONIC_2LAYERS_ELLIPSOMETRY,BBOB,16.67532359621836
PHOTONIC_2LAYERS_ELLIPSOMETRY,BBOB,16.55711148330873
PHOTONIC_2LAYERS_ELLIPSOMETRY,BBOB,21.832089571999095
PHOTONIC_2LAYERS_ELLIPSOMETRY,BBOB,16.29283540521273
PHOTONIC_2LAYERS_ELLIPSOMETRY,BBOB,16.69062811161782
PHOTONIC_2LAYERS_ELLIPSOMETRY,BBOB,16.597399783535398
PHOTONIC_2LAYERS_ELLIPSOMETRY,BBOB,17.920210871932426
PHOTONIC_2LAYERS_ELLIPSOMETRY,BBOB,17.09873824789442
PHOTONIC_2LAYERS_ELLIPSOMETRY,BBOB,16.55627124502163
PHOTONIC_2LAYERS_ELLIPSOMETRY,BBOB,17.94363383816526
PHOTONIC_2LAYERS_ELLIPSOMETRY,BBOB,17.142664084498985
PHOTONIC_2LAYERS_ELLIPSOMETRY,BBOB,17.117562296385103
PHOTONIC_2LAYERS_ELLIPSOMETRY,BBOB,17.502244524064565
PHOTONIC_2LAYERS_ELLIPSOMETRY,BBOB,17.1396037881944
PHOTONIC_2LAYERS_ELLIPSOMETRY,BBOB,16.500590100533426
PHOTONIC_2LAYERS_ELLIPSOMETRY,BBOB,16.43505650072444
PHOTONIC_2LAYERS_ELLIPSOMETRY,BBOB,16.733918199148704
PHOTONIC_2LAYERS_ELLIPSOMETRY,BBOB,17.91652846541937
PHOTONIC_2LAYERS_ELLIPSOMETRY,BBOB,17.63273600049641
PHOTONIC_2LAYERS_ELLIPSOMETRY,BBOB,17.125916617755657
PHOTONIC_2LAYERS_ELLIPSOMETRY,BBOB,16.52055210216582
PHOTONIC_2LAYERS_ELLIPSOMETRY,BBOB,16.729090778969198
PHOTONIC_2LAYERS_ELLIPSOMETRY,BBOB,17.182126609195656
PHOTONIC_2LAYERS_ELLIPSOMETRY,BBOB,16.448264152615234
PHOTONIC_2LAYERS_ELLIPSOMETRY,BBOB,16.777211012583287
PHOTONIC_2LAYERS_ELLIPSOMETRY,BBOB,16.67608855835661
PHOTONIC_2LAYERS_ELLIPSOMETRY,BBOB,16.677268334128755
PHOTONIC_2LAYERS_ELLIPSOMETRY,BBOB,17.289895238569212
PHOTONIC_2LAYERS_ELLIPSOMETRY,BBOB,16.02268578751682
PHOTONIC_2LAYERS_ELLIPSOMETRY,BBOB,16.636783143326678
PHOTONIC_2LAYERS_ELLIPSOMETRY,BBOB,16.988469983364148
PHOTONIC_2LAYERS_ELLIPSOMETRY,BBOB,16.314294405691825
PHOTONIC_2LAYERS_ELLIPSOMETRY,BBOB,16.67974924819461
PHOTONIC_2LAYERS_ELLIPSOMETRY,BBOB,17.21567063239963
PHOTONIC_2LAYERS_ELLIPSOMETRY,BBOB,16.877122766285144
PHOTONIC_2LAYERS_ELLIPSOMETRY,BBOB,16.12838331893403
PHOTONIC_2LAYERS_ELLIPSOMETRY,BBOB,16.050863263898428
PHOTONIC_2LAYERS_ELLIPSOMETRY,BBOB,17.108856938482166
PHOTONIC_2LAYERS_ELLIPSOMETRY,BBOB,17.397941011397617
PHOTONIC_2LAYERS_ELLIPSOMETRY,BBOB,16.877607515705762
PHOTONIC_2LAYERS_ELLIPSOMETRY,BBOB,16.8170991589589
PHOTONIC_2LAYERS_ELLIPSOMETRY,BBOB,16.60357673421964
PHOTONIC_2LAYERS_ELLIPSOMETRY,BBOB,17.014501689770242
PHOTONIC_2LAYERS_ELLIPSOMETRY,BBOB,16.781304059016588
PHOTONIC_2LAYERS_ELLIPSOMETRY,BBOB,16.623139698435352
PHOTONIC_2LAYERS_ELLIPSOMETRY,BBOB,17.00215979164479
PHOTONIC_2LAYERS_ELLIPSOMETRY,BBOB,16.572476095706815
PHOTONIC_2LAYERS_ELLIPSOMETRY,BBOB,17.22776340999061
PHOTONIC_2LAYERS_ELLIPSOMETRY,BBOB,24.40860116498593
PHOTONIC_2LAYERS_ELLIPSOMETRY,BBOB,17.188369923843236
PHOTONIC_2LAYERS_ELLIPSOMETRY,BBOB,17.78056163182316
PHOTONIC_2LAYERS_ELLIPSOMETRY,BBOB,16.580622985281433
PHOTONIC_2LAYERS_ELLIPSOMETRY,BBOB,17.225769098973807
PHOTONIC_2LAYERS_ELLIPSOMETRY,BBOB,16.58989470032774
PHOTONIC_2LAYERS_ELLIPSOMETRY,BBOB,17.93966301333065
PHOTONIC_2LAYERS_ELLIPSOMETRY,BBOB,16.647538877129886
PHOTONIC_2LAYERS_ELLIPSOMETRY,BBOB,17.742521198000123
PHOTONIC_2LAYERS_ELLIPSOMETRY,BBOB,16.294426309549415
PHOTONIC_2LAYERS_ELLIPSOMETRY,BBOB,17.033077854190495
PHOTONIC_2LAYERS_ELLIPSOMETRY,BBOB,16.261436918645902
PHOTONIC_2LAYERS_ELLIPSOMETRY,BBOB,17.120477336152778
PHOTONIC_2LAYERS_ELLIPSOMETRY,BBOB,17.176080989203548
PHOTONIC_2LAYERS_ELLIPSOMETRY,BBOB,17.658661559066953
PHOTONIC_2LAYERS_ELLIPSOMETRY,BBOB,16.383568694302138
PHOTONIC_2LAYERS_ELLIPSOMETRY,BBOB,16.390065953650417
PHOTONIC_2LAYERS_ELLIPSOMETRY,BBOB,17.232795822397804
PHOTONIC_2LAYERS_ELLIPSOMETRY,BBOB,16.27288182110788
PHOTONIC_2LAYERS_ELLIPSOMETRY,BBOB,16.508296239977728
PHOTONIC_2LAYERS_ELLIPSOMETRY,BBOB,16.935494355099543
PHOTONIC_2LAYERS_ELLIPSOMETRY,BBOB,16.518193198058196
PHOTONIC_2LAYERS_ELLIPSOMETRY,BBOB,16.955288201463112
PHOTONIC_2LAYERS_ELLIPSOMETRY,BBOB,17.21554676874035
PHOTONIC_2LAYERS_ELLIPSOMETRY,BBOB,16.850492881424056
PHOTONIC_2LAYERS_ELLIPSOMETRY,BBOB,16.756679197892954
PHOTONIC_2LAYERS_ELLIPSOMETRY,BBOB,17.72921122350835
PHOTONIC_2LAYERS_ELLIPSOMETRY,BBOB,16.047775910817933
PHOTONIC_2LAYERS_ELLIPSOMETRY,BBOB,17.650314707240867
PHOTONIC_2LAYERS_ELLIPSOMETRY,BBOB,16.68785345325782
PHOTONIC_2LAYERS_ELLIPSOMETRY,BBOB,16.48730987731872
PHOTONIC_2LAYERS_ELLIPSOMETRY,BBOB,16.736219786819298
PHOTONIC_2LAYERS_ELLIPSOMETRY,BBOB,16.893272055212485
PHOTONIC_2LAYERS_ELLIPSOMETRY,BBOB,17.11026982622577
PHOTONIC_2LAYERS_ELLIPSOMETRY,BBOB,17.534253506857226
PHOTONIC_2LAYERS_ELLIPSOMETRY,BBOB,16.703549368305268
PHOTONIC_2LAYERS_ELLIPSOMETRY,BBOB,19.68930344693772
PHOTONIC_2LAYERS_ELLIPSOMETRY,BBOB,17.557027486718656
PHOTONIC_2LAYERS_ELLIPSOMETRY,BBOB,16.55067236203217
PHOTONIC_2LAYERS_ELLIPSOMETRY,BBOB,17.23109292175242
PHOTONIC_2LAYERS_ELLIPSOMETRY,BBOB,16.58642887216292
PHOTONIC_2LAYERS_ELLIPSOMETRY,BBOB,16.594865109446147
PHOTONIC_2LAYERS_ELLIPSOMETRY,BBOB,16.65098147242593
PHOTONIC_2LAYERS_ELLIPSOMETRY,BBOB,17.01432463462532
PHOTONIC_2LAYERS_ELLIPSOMETRY,BBOB,16.40620095197524
PHOTONIC_2LAYERS_ELLIPSOMETRY,BBOB,17.830025972012034
PHOTONIC_2LAYERS_ELLIPSOMETRY,BBOB,16.886867191889973
PHOTONIC_2LAYERS_ELLIPSOMETRY,BBOB,16.578400059872713
PHOTONIC_2LAYERS_ELLIPSOMETRY,BBOB,16.58968712932189
PHOTONIC_2LAYERS_ELLIPSOMETRY,BBOB,17.25190800754043
PHOTONIC_2LAYERS_ELLIPSOMETRY,BBOB,16.659296067090892
PHOTONIC_2LAYERS_ELLIPSOMETRY,BBOB,17.336481456299147
PHOTONIC_2LAYERS_ELLIPSOMETRY,BBOB,16.88777772211557
PHOTONIC_2LAYERS_ELLIPSOMETRY,BBOB,16.582869553646237
PHOTONIC_2LAYERS_ELLIPSOMETRY,BBOB,17.69326641340892
PHOTONIC_2LAYERS_ELLIPSOMETRY,BBOB,16.402643143943624
PHOTONIC_2LAYERS_ELLIPSOMETRY,BBOB,16.595417344805522
PHOTONIC_2LAYERS_ELLIPSOMETRY,BBOB,16.568258367052426
PHOTONIC_2LAYERS_ELLIPSOMETRY,BBOB,16.991497477071174
PHOTONIC_2LAYERS_ELLIPSOMETRY,BBOB,16.583038284336876
PHOTONIC_2LAYERS_ELLIPSOMETRY,BBOB,16.517584337739397
PHOTONIC_2LAYERS_ELLIPSOMETRY,BBOB,16.876726173189684
PHOTONIC_2LAYERS_ELLIPSOMETRY,BBOB,16.76899582994418
PHOTONIC_2LAYERS_ELLIPSOMETRY,BBOB,17.732476247752
PHOTONIC_2LAYERS_ELLIPSOMETRY,BBOB,16.212421759321998
PHOTONIC_2LAYERS_ELLIPSOMETRY,BBOB,16.882128578071242
PHOTONIC_2LAYERS_ELLIPSOMETRY,BBOB,17.17830313927773
PHOTONIC_2LAYERS_ELLIPSOMETRY,BBOB,23.466756248285307
PHOTONIC_2LAYERS_ELLIPSOMETRY,BBOB,16.54433113635771
PHOTONIC_2LAYERS_ELLIPSOMETRY,BBOB,17.165960402199094
PHOTONIC_2LAYERS_ELLIPSOMETRY,BBOB,16.753106156591517
PHOTONIC_2LAYERS_ELLIPSOMETRY,BBOB,17.18000303208575
PHOTONIC_2LAYERS_ELLIPSOMETRY,BBOB,16.552171397539343
PHOTONIC_2LAYERS_ELLIPSOMETRY,BBOB,17.252745950465865
PHOTONIC_2LAYERS_ELLIPSOMETRY,BBOB,16.801906564957847
PHOTONIC_2LAYERS_ELLIPSOMETRY,BBOB,17.17970145929154
PHOTONIC_2LAYERS_ELLIPSOMETRY,BBOB,17.09795530443848
PHOTONIC_2LAYERS_ELLIPSOMETRY,BBOB,16.375853249039526
PHOTONIC_2LAYERS_ELLIPSOMETRY,BBOB,16.400378311816294
PHOTONIC_2LAYERS_ELLIPSOMETRY,BBOB,17.1821709438006
PHOTONIC_2LAYERS_ELLIPSOMETRY,BBOB,16.401114984759577
PHOTONIC_2LAYERS_ELLIPSOMETRY,BBOB,16.753171591890197
PHOTONIC_2LAYERS_ELLIPSOMETRY,BBOB,16.70456235397458
PHOTONIC_2LAYERS_ELLIPSOMETRY,BBOB,16.62237979518077
PHOTONIC_2LAYERS_ELLIPSOMETRY,BBOB,17.15676397859887
PHOTONIC_2LAYERS_ELLIPSOMETRY,BBOB,16.85110563768012
PHOTONIC_2LAYERS_ELLIPSOMETRY,BBOB,17.959675485491513
PHOTONIC_2LAYERS_ELLIPSOMETRY,BBOB,17.65671713678762
PHOTONIC_2LAYERS_ELLIPSOMETRY,BBOB,16.677169624380536
PHOTONIC_2LAYERS_ELLIPSOMETRY,BBOB,17.003200872446477
PHOTONIC_2LAYERS_ELLIPSOMETRY,BBOB,16.811426050948548
PHOTONIC_2LAYERS_ELLIPSOMETRY,BBOB,17.92055387775817
PHOTONIC_2LAYERS_ELLIPSOMETRY,BBOB,16.56666091287965
PHOTONIC_2LAYERS_ELLIPSOMETRY,BBOB,16.09275857746829
PHOTONIC_2LAYERS_ELLIPSOMETRY,BBOB,16.601356167888504
PHOTONIC_2LAYERS_ELLIPSOMETRY,BBOB,16.998817063442992
PHOTONIC_2LAYERS_ELLIPSOMETRY,BBOB,17.226339490407344
PHOTONIC_2LAYERS_ELLIPSOMETRY,BBOB,17.940675109485056
PHOTONIC_2LAYERS_ELLIPSOMETRY,BBOB,17.24682020238875
PHOTONIC_2LAYERS_ELLIPSOMETRY,BBOB,17.451494440329594
PHOTONIC_2LAYERS_ELLIPSOMETRY,BBOB,16.229303175234193
PHOTONIC_2LAYERS_ELLIPSOMETRY,BBOB,16.68620266261063
PHOTONIC_2LAYERS_ELLIPSOMETRY,BBOB,17.10904591559551
PHOTONIC_2LAYERS_ELLIPSOMETRY,BBOB,16.635488807867926
PHOTONIC_2LAYERS_ELLIPSOMETRY,BBOB,16.592707389821072
PHOTONIC_2LAYERS_ELLIPSOMETRY,BBOB,17.17801864447678
PHOTONIC_2LAYERS_ELLIPSOMETRY,BBOB,16.47066601674226
PHOTONIC_2LAYERS_ELLIPSOMETRY,BBOB,16.592066142906184
PHOTONIC_2LAYERS_ELLIPSOMETRY,BBOB,17.193334300015156
PHOTONIC_2LAYERS_ELLIPSOMETRY,BBOB,16.708829204635727
PHOTONIC_2LAYERS_ELLIPSOMETRY,BBOB,17.510874987066455
PHOTONIC_2LAYERS_ELLIPSOMETRY,BBOB,16.60693263563815
PHOTONIC_2LAYERS_ELLIPSOMETRY,BBOB,16.83814190719144
PHOTONIC_2LAYERS_ELLIPSOMETRY,BBOB,17.130521319999122
PHOTONIC_2LAYERS_ELLIPSOMETRY,BBOB,16.92086533869135
PHOTONIC_2LAYERS_ELLIPSOMETRY,BBOB,16.63693880394007
PHOTONIC_2LAYERS_ELLIPSOMETRY,BBOB,16.965166992169657
PHOTONIC_2LAYERS_ELLIPSOMETRY,BBOB,16.829520786422822
PHOTONIC_2LAYERS_ELLIPSOMETRY,BBOB,16.468613815055008
PHOTONIC_2LAYERS_ELLIPSOMETRY,BBOB,16.578193182720426
PHOTONIC_2LAYERS_ELLIPSOMETRY,BBOB,16.080122061746252
PHOTONIC_2LAYERS_ELLIPSOMETRY,BBOB,16.231942054316747
PHOTONIC_2LAYERS_ELLIPSOMETRY,BBOB,17.153707133773562
PHOTONIC_2LAYERS_ELLIPSOMETRY,BBOB,17.174318498480346
PHOTONIC_2LAYERS_ELLIPSOMETRY,BBOB,16.82284074851886
PHOTONIC_2LAYERS_ELLIPSOMETRY,BBOB,16.66608757262374
PHOTONIC_2LAYERS_ELLIPSOMETRY,BBOB,17.000011845343305
PHOTONIC_2LAYERS_ELLIPSOMETRY,BBOB,17.610477722906587
PHOTONIC_2LAYERS_ELLIPSOMETRY,BBOB,16.609317969712194
PHOTONIC_2LAYERS_ELLIPSOMETRY,BBOB,16.58117465994686
PHOTONIC_2LAYERS_ELLIPSOMETRY,BBOB,16.519999416134517
PHOTONIC_2LAYERS_ELLIPSOMETRY,BBOB,17.453024931591656
PHOTONIC_2LAYERS_ELLIPSOMETRY,BBOB,17.93755497913016
PHOTONIC_2LAYERS_ELLIPSOMETRY,BBOB,16.735661147112605
PHOTONIC_2LAYERS_ELLIPSOMETRY,BBOB,16.277547642994396
PHOTONIC_2LAYERS_ELLIPSOMETRY,BBOB,16.996397112196416
PHOTONIC_2LAYERS_ELLIPSOMETRY,BBOB,17.908595142380122
PHOTONIC_2LAYERS_ELLIPSOMETRY,BBOB,16.597691259025396
PHOTONIC_2LAYERS_ELLIPSOMETRY,BBOB,17.20680030751446
PHOTONIC_2LAYERS_ELLIPSOMETRY,BBOB,16.550061277940358
PHOTONIC_2LAYERS_ELLIPSOMETRY,BBOB,17.38071172710037
PHOTONIC_2LAYERS_ELLIPSOMETRY,BBOB,17.828751613489835
PHOTONIC_2LAYERS_ELLIPSOMETRY,BBOB,16.719063517242272
PHOTONIC_2LAYERS_ELLIPSOMETRY,BBOB,16.811319857713887
PHOTONIC_2LAYERS_ELLIPSOMETRY,BBOB,16.788532248514166
PHOTONIC_2LAYERS_ELLIPSOMETRY,BBOB,17.198383774486466
PHOTONIC_2LAYERS_ELLIPSOMETRY,BBOB,16.597366507960864
PHOTONIC_2LAYERS_ELLIPSOMETRY,BBOB,17.179905669169607
PHOTONIC_2LAYERS_ELLIPSOMETRY,BBOB,16.647655781851924
PHOTONIC_2LAYERS_ELLIPSOMETRY,BBOB,16.59020235873184
PHOTONIC_2LAYERS_ELLIPSOMETRY,BBOB,16.637117729440387
PHOTONIC_2LAYERS_ELLIPSOMETRY,BBOB,17.59606502417003
PHOTONIC_2LAYERS_ELLIPSOMETRY,BBOB,16.73386357929206
PHOTONIC_2LAYERS_ELLIPSOMETRY,BBOB,16.600401439617794
PHOTONIC_2LAYERS_ELLIPSOMETRY,BBOB,16.589356246839554
PHOTONIC_2LAYERS_ELLIPSOMETRY,BBOB,23.53659333480185
PHOTONIC_2LAYERS_ELLIPSOMETRY,BBOB,16.53514180671011
PHOTONIC_2LAYERS_ELLIPSOMETRY,BBOB,16.46310248802357
PHOTONIC_2LAYERS_ELLIPSOMETRY,BBOB,16.863652814487764
PHOTONIC_2LAYERS_ELLIPSOMETRY,BBOB,17.565184223261813
PHOTONIC_2LAYERS_ELLIPSOMETRY,BBOB,16.627999681536913
PHOTONIC_2LAYERS_ELLIPSOMETRY,BBOB,17.453510711234742
PHOTONIC_2LAYERS_ELLIPSOMETRY,BBOB,16.759905058063236
PHOTONIC_2LAYERS_ELLIPSOMETRY,BBOB,16.65374780315668
PHOTONIC_2LAYERS_ELLIPSOMETRY,BBOB,16.756961767611227
PHOTONIC_2LAYERS_ELLIPSOMETRY,BBOB,16.37521625430188
PHOTONIC_2LAYERS_ELLIPSOMETRY,BBOB,16.65055507134298
PHOTONIC_2LAYERS_ELLIPSOMETRY,BBOB,16.830307416349257
PHOTONIC_2LAYERS_ELLIPSOMETRY,BBOB,16.63691930129903
PHOTONIC_2LAYERS_ELLIPSOMETRY,BBOB,16.275188302329635
PHOTONIC_2LAYERS_ELLIPSOMETRY,BBOB,16.759783241532023
PHOTONIC_2LAYERS_ELLIPSOMETRY,BBOB,16.63835541817995
PHOTONIC_2LAYERS_ELLIPSOMETRY,BBOB,17.22819498301155
PHOTONIC_2LAYERS_ELLIPSOMETRY,BBOB,16.599240726825983
PHOTONIC_2LAYERS_ELLIPSOMETRY,BBOB,16.778090386075647
PHOTONIC_2LAYERS_ELLIPSOMETRY,BBOB,16.398276779662666
PHOTONIC_2LAYERS_ELLIPSOMETRY,BBOB,16.50168805475916
PHOTONIC_2LAYERS_ELLIPSOMETRY,BBOB,16.248144967139613
PHOTONIC_2LAYERS_ELLIPSOMETRY,BBOB,17.92111211570158
PHOTONIC_2LAYERS_ELLIPSOMETRY,BBOB,16.350572646377124
PHOTONIC_2LAYERS_ELLIPSOMETRY,BBOB,16.729298312189286
PHOTONIC_2LAYERS_ELLIPSOMETRY,BBOB,17.366326916901784
PHOTONIC_2LAYERS_ELLIPSOMETRY,BBOB,16.57870390990027
PHOTONIC_2LAYERS_ELLIPSOMETRY,BBOB,17.128447581171006
PHOTONIC_2LAYERS_ELLIPSOMETRY,BBOB,17.63941972899936
PHOTONIC_2LAYERS_ELLIPSOMETRY,BBOB,17.12315372491848
PHOTONIC_2LAYERS_ELLIPSOMETRY,BBOB,16.85163742507462
PHOTONIC_2LAYERS_ELLIPSOMETRY,BBOB,16.63715006401074
PHOTONIC_2LAYERS_ELLIPSOMETRY,BBOB,16.609691296024995
PHOTONIC_2LAYERS_ELLIPSOMETRY,BBOB,17.548810682352222
PHOTONIC_2LAYERS_ELLIPSOMETRY,BBOB,17.097137511576836
PHOTONIC_2LAYERS_ELLIPSOMETRY,BBOB,16.479933617607866
PHOTONIC_2LAYERS_ELLIPSOMETRY,BBOB,16.607008648782152
PHOTONIC_2LAYERS_ELLIPSOMETRY,BBOB,16.585502907086703
PHOTONIC_2LAYERS_ELLIPSOMETRY,BBOB,16.803595889241926
PHOTONIC_2LAYERS_ELLIPSOMETRY,BBOB,17.330857303664335
PHOTONIC_2LAYERS_ELLIPSOMETRY,BBOB,17.923550342291556
PHOTONIC_2LAYERS_ELLIPSOMETRY,BBOB,16.677551260626075
PHOTONIC_2LAYERS_ELLIPSOMETRY,BBOB,17.583605379795777
PHOTONIC_2LAYERS_ELLIPSOMETRY,BBOB,16.82193909465147
PHOTONIC_2LAYERS_ELLIPSOMETRY,BBOB,16.625571963759782
PHOTONIC_2LAYERS_ELLIPSOMETRY,BBOB,16.683045317357227
PHOTONIC_2LAYERS_ELLIPSOMETRY,BBOB,16.590183549960972
PHOTONIC_2LAYERS_ELLIPSOMETRY,BBOB,16.497914683077163
PHOTONIC_2LAYERS_ELLIPSOMETRY,BBOB,18.10859146617021
PHOTONIC_2LAYERS_ELLIPSOMETRY,BBOB,16.58222562295264
PHOTONIC_2LAYERS_ELLIPSOMETRY,BBOB,16.586536785048885
PHOTONIC_2LAYERS_ELLIPSOMETRY,BBOB,16.784012376633235
PHOTONIC_2LAYERS_ELLIPSOMETRY,BBOB,17.1245796854021
PHOTONIC_2LAYERS_ELLIPSOMETRY,BBOB,16.48710389245325
PHOTONIC_2LAYERS_ELLIPSOMETRY,BBOB,17.01356459465041
PHOTONIC_2LAYERS_ELLIPSOMETRY,BBOB,19.515584997144483
PHOTONIC_2LAYERS_ELLIPSOMETRY,BBOB,19.249606679205996
PHOTONIC_2LAYERS_ELLIPSOMETRY,BBOB,16.92342798420246
PHOTONIC_2LAYERS_ELLIPSOMETRY,BBOB,17.208930216199626
PHOTONIC_2LAYERS_ELLIPSOMETRY,BBOB,16.592510346966566
PHOTONIC_2LAYERS_ELLIPSOMETRY,BBOB,17.94842314342908
PHOTONIC_2LAYERS_ELLIPSOMETRY,BBOB,16.550531277669435
PHOTONIC_2LAYERS_ELLIPSOMETRY,BBOB,16.879103360708346
PHOTONIC_2LAYERS_ELLIPSOMETRY,BBOB,17.49335135681857
PHOTONIC_2LAYERS_ELLIPSOMETRY,BBOB,17.28999974535436
PHOTONIC_2LAYERS_ELLIPSOMETRY,BBOB,16.390553298405642
PHOTONIC_2LAYERS_ELLIPSOMETRY,BBOB,16.582491814591943
PHOTONIC_2LAYERS_ELLIPSOMETRY,BBOB,16.568704466602746
PHOTONIC_2LAYERS_ELLIPSOMETRY,BBOB,16.72088655880163
PHOTONIC_2LAYERS_ELLIPSOMETRY,BBOB,16.747280322774873
PHOTONIC_2LAYERS_ELLIPSOMETRY,BBOB,17.376195102138183
PHOTONIC_2LAYERS_ELLIPSOMETRY,BBOB,16.510604782238044
PHOTONIC_2LAYERS_ELLIPSOMETRY,BBOB,17.583747499213413
PHOTONIC_2LAYERS_ELLIPSOMETRY,BBOB,16.888845777584443
PHOTONIC_2LAYERS_ELLIPSOMETRY,BBOB,16.612618384732883
PHOTONIC_2LAYERS_ELLIPSOMETRY,BBOB,17.56533117603719
PHOTONIC_2LAYERS_ELLIPSOMETRY,BBOB,16.72941672342998
PHOTONIC_2LAYERS_ELLIPSOMETRY,BBOB,16.69984581114629
PHOTONIC_2LAYERS_ELLIPSOMETRY,BBOB,16.051949555457675
PHOTONIC_2LAYERS_ELLIPSOMETRY,BBOB,16.933606250199404
PHOTONIC_2LAYERS_ELLIPSOMETRY,BBOB,16.149241594174487
PHOTONIC_2LAYERS_ELLIPSOMETRY,BBOB,17.41791248100049
PHOTONIC_2LAYERS_ELLIPSOMETRY,BBOB,16.508757560210782
PHOTONIC_2LAYERS_ELLIPSOMETRY,BBOB,16.622010173462172
PHOTONIC_2LAYERS_ELLIPSOMETRY,BBOB,17.18177513474876
PHOTONIC_2LAYERS_ELLIPSOMETRY,BBOB,17.20970156269937
PHOTONIC_2LAYERS_ELLIPSOMETRY,BBOB,16.614228027282234
PHOTONIC_2LAYERS_ELLIPSOMETRY,BBOB,16.69274523889204
PHOTONIC_2LAYERS_ELLIPSOMETRY,BBOB,17.717086680913795
PHOTONIC_2LAYERS_ELLIPSOMETRY,BBOB,16.61720715142489
PHOTONIC_2LAYERS_ELLIPSOMETRY,BBOB,16.590187549602003
PHOTONIC_2LAYERS_ELLIPSOMETRY,BBOB,17.13957211012109
PHOTONIC_2LAYERS_ELLIPSOMETRY,BBOB,17.411824110215434
PHOTONIC_2LAYERS_ELLIPSOMETRY,BBOB,16.80672808242577
PHOTONIC_2LAYERS_ELLIPSOMETRY,BBOB,16.655489303729283
PHOTONIC_2LAYERS_ELLIPSOMETRY,BBOB,16.377358145587362
PHOTONIC_2LAYERS_ELLIPSOMETRY,BBOB,17.204601341660137
PHOTONIC_2LAYERS_ELLIPSOMETRY,BBOB,17.31684142312412
PHOTONIC_2LAYERS_ELLIPSOMETRY,BBOB,16.53221738222614
PHOTONIC_2LAYERS_ELLIPSOMETRY,BBOB,16.458438494115473
PHOTONIC_2LAYERS_ELLIPSOMETRY,BBOB,16.293263977945593
PHOTONIC_2LAYERS_ELLIPSOMETRY,BBOB,16.621622154614546
PHOTONIC_2LAYERS_ELLIPSOMETRY,BBOB,17.942385223608987
PHOTONIC_2LAYERS_ELLIPSOMETRY,BBOB,19.690025762103787
PHOTONIC_2LAYERS_ELLIPSOMETRY,BBOB,16.621925296837006
PHOTONIC_2LAYERS_ELLIPSOMETRY,BBOB,16.85520549029121
PHOTONIC_2LAYERS_ELLIPSOMETRY,BBOB,16.933882943326076
PHOTONIC_2LAYERS_ELLIPSOMETRY,BBOB,17.90724811838642
PHOTONIC_2LAYERS_ELLIPSOMETRY,BBOB,17.127459368903345
PHOTONIC_2LAYERS_ELLIPSOMETRY,BBOB,17.94607270612853
PHOTONIC_2LAYERS_ELLIPSOMETRY,BBOB,16.58790769881437
PHOTONIC_2LAYERS_ELLIPSOMETRY,BBOB,17.526818077699172
PHOTONIC_2LAYERS_ELLIPSOMETRY,BBOB,17.410216123012358
PHOTONIC_2LAYERS_ELLIPSOMETRY,BBOB,16.672588759950482
PHOTONIC_2LAYERS_ELLIPSOMETRY,BBOB,16.74290578635471
PHOTONIC_2LAYERS_ELLIPSOMETRY,BBOB,16.821333784849617
PHOTONIC_2LAYERS_ELLIPSOMETRY,BBOB,16.87479219112806
PHOTONIC_2LAYERS_ELLIPSOMETRY,BBOB,16.56375980403698
PHOTONIC_2LAYERS_ELLIPSOMETRY,BBOB,16.73714472556162
PHOTONIC_2LAYERS_ELLIPSOMETRY,BBOB,16.487399932065255
PHOTONIC_2LAYERS_ELLIPSOMETRY,BBOB,17.528746338324208
PHOTONIC_2LAYERS_ELLIPSOMETRY,BBOB,16.268646158417113
PHOTONIC_2LAYERS_ELLIPSOMETRY,BBOB,16.705438565049445
PHOTONIC_2LAYERS_ELLIPSOMETRY,BBOB,16.501265900648853
PHOTONIC_2LAYERS_ELLIPSOMETRY,BBOB,16.671746794617107
PHOTONIC_2LAYERS_ELLIPSOMETRY,BBOB,17.715836267028507
PHOTONIC_2LAYERS_ELLIPSOMETRY,BBOB,16.106928217341324
PHOTONIC_2LAYERS_ELLIPSOMETRY,BBOB,16.627263004545117
PHOTONIC_2LAYERS_ELLIPSOMETRY,BBOB,16.60582106584516
PHOTONIC_2LAYERS_ELLIPSOMETRY,BBOB,17.146537831274287
PHOTONIC_2LAYERS_ELLIPSOMETRY,BBOB,16.56966275897884
PHOTONIC_2LAYERS_ELLIPSOMETRY,BBOB,16.946737742360007
PHOTONIC_2LAYERS_ELLIPSOMETRY,BBOB,17.45157288165924
PHOTONIC_2LAYERS_ELLIPSOMETRY,BBOB,17.162851631701468
PHOTONIC_2LAYERS_ELLIPSOMETRY,BBOB,16.09319264310196
PHOTONIC_2LAYERS_ELLIPSOMETRY,BBOB,16.752640581777772
PHOTONIC_2LAYERS_ELLIPSOMETRY,BBOB,16.671057028061107
PHOTONIC_2LAYERS_ELLIPSOMETRY,BBOB,16.665881647954645
PHOTONIC_2LAYERS_ELLIPSOMETRY,BBOB,16.564976922618655
PHOTONIC_2LAYERS_ELLIPSOMETRY,BBOB,17.947792509455066
PHOTONIC_2LAYERS_ELLIPSOMETRY,BBOB,16.896076049652443
PHOTONIC_2LAYERS_ELLIPSOMETRY,BBOB,17.214161994263172
PHOTONIC_2LAYERS_ELLIPSOMETRY,BBOB,16.874644683347917
PHOTONIC_2LAYERS_ELLIPSOMETRY,BBOB,16.154908516679274
PHOTONIC_2LAYERS_ELLIPSOMETRY,BBOB,16.387368337183364
PHOTONIC_2LAYERS_ELLIPSOMETRY,BBOB,16.257823577585718
PHOTONIC_2LAYERS_ELLIPSOMETRY,BBOB,16.58755401522021
PHOTONIC_2LAYERS_ELLIPSOMETRY,BBOB,16.877141394114886
PHOTONIC_2LAYERS_ELLIPSOMETRY,BBOB,17.939363094709275
PHOTONIC_2LAYERS_ELLIPSOMETRY,BBOB,16.62427365034522
PHOTONIC_2LAYERS_ELLIPSOMETRY,BBOB,16.428062707269135
PHOTONIC_2LAYERS_ELLIPSOMETRY,BBOB,17.961054552367905
PHOTONIC_2LAYERS_ELLIPSOMETRY,BBOB,17.15678443197556
PHOTONIC_2LAYERS_ELLIPSOMETRY,BBOB,16.654419870877266
PHOTONIC_2LAYERS_ELLIPSOMETRY,BBOB,16.869634374010946
PHOTONIC_2LAYERS_ELLIPSOMETRY,BBOB,16.613900958604837
PHOTONIC_2LAYERS_ELLIPSOMETRY,BBOB,16.55226232821876
PHOTONIC_2LAYERS_ELLIPSOMETRY,BBOB,17.169269923346945
PHOTONIC_2LAYERS_ELLIPSOMETRY,BBOB,17.186117710477724
PHOTONIC_2LAYERS_ELLIPSOMETRY,BBOB,16.591696879348845
PHOTONIC_2LAYERS_ELLIPSOMETRY,BBOB,17.277531477482267
PHOTONIC_2LAYERS_ELLIPSOMETRY,BBOB,17.094168630954456
PHOTONIC_2LAYERS_ELLIPSOMETRY,BBOB,17.38145530452621
PHOTONIC_2LAYERS_ELLIPSOMETRY,BBOB,16.571079568300632
PHOTONIC_2LAYERS_ELLIPSOMETRY,BBOB,16.58947286682093
PHOTONIC_2LAYERS_ELLIPSOMETRY,BBOB,16.514312238346115
PHOTONIC_2LAYERS_ELLIPSOMETRY,BBOB,17.296193716703012
PHOTONIC_2LAYERS_ELLIPSOMETRY,BBOB,16.59617248702836
PHOTONIC_2LAYERS_ELLIPSOMETRY,BBOB,17.66475444094452
PHOTONIC_2LAYERS_ELLIPSOMETRY,BBOB,16.59596379222097
PHOTONIC_2LAYERS_ELLIPSOMETRY,BBOB,16.488018031122447
PHOTONIC_2LAYERS_ELLIPSOMETRY,BBOB,17.9334796206491
PHOTONIC_2LAYERS_ELLIPSOMETRY,BBOB,16.341299239616358
PHOTONIC_2LAYERS_ELLIPSOMETRY,BBOB,16.340458982586014
PHOTONIC_2LAYERS_ELLIPSOMETRY,BBOB,16.596348454092833
PHOTONIC_2LAYERS_ELLIPSOMETRY,BBOB,17.417549004455935
PHOTONIC_2LAYERS_ELLIPSOMETRY,BBOB,16.694646367955585
PHOTONIC_2LAYERS_ELLIPSOMETRY,BBOB,16.50632513305747
PHOTONIC_2LAYERS_ELLIPSOMETRY,BBOB,17.17510609873158
PHOTONIC_2LAYERS_ELLIPSOMETRY,BBOB,17.109140330586303
PHOTONIC_2LAYERS_ELLIPSOMETRY,BBOB,16.60888624086553
PHOTONIC_2LAYERS_ELLIPSOMETRY,BBOB,16.614642951472312
PHOTONIC_2LAYERS_ELLIPSOMETRY,BBOB,16.83662060734592
PHOTONIC_2LAYERS_ELLIPSOMETRY,BBOB,16.80378827282842
PHOTONIC_2LAYERS_ELLIPSOMETRY,BBOB,16.74746766670144
PHOTONIC_2LAYERS_ELLIPSOMETRY,BBOB,17.012387583698057
PHOTONIC_2LAYERS_ELLIPSOMETRY,BBOB,16.691121877955418
PHOTONIC_2LAYERS_ELLIPSOMETRY,BBOB,17.43758259049575
PHOTONIC_2LAYERS_ELLIPSOMETRY,BBOB,17.776428967271222
PHOTONIC_2LAYERS_ELLIPSOMETRY,BBOB,16.69271153240252
PHOTONIC_2LAYERS_ELLIPSOMETRY,BBOB,16.621473374430444
PHOTONIC_2LAYERS_ELLIPSOMETRY,BBOB,18.108984378029795
PHOTONIC_2LAYERS_ELLIPSOMETRY,BBOB,16.6888594431364
PHOTONIC_2LAYERS_ELLIPSOMETRY,BBOB,17.550618230799913
PHOTONIC_2LAYERS_ELLIPSOMETRY,BBOB,17.61865064581745
PHOTONIC_2LAYERS_ELLIPSOMETRY,BBOB,17.93799304103182
PHOTONIC_2LAYERS_ELLIPSOMETRY,BBOB,17.283766115501695
PHOTONIC_2LAYERS_ELLIPSOMETRY,BBOB,16.596426354828406
PHOTONIC_2LAYERS_ELLIPSOMETRY,BBOB,16.148148369004808
PHOTONIC_2LAYERS_ELLIPSOMETRY,BBOB,16.599779789465614
PHOTONIC_2LAYERS_ELLIPSOMETRY,BBOB,16.390027274549574
PHOTONIC_2LAYERS_ELLIPSOMETRY,BBOB,16.55420811427661
PHOTONIC_2LAYERS_ELLIPSOMETRY,BBOB,16.67742657993576
PHOTONIC_2LAYERS_ELLIPSOMETRY,BBOB,17.651595970326564
PHOTONIC_2LAYERS_ELLIPSOMETRY,BBOB,17.10893926854348
PHOTONIC_2LAYERS_ELLIPSOMETRY,BBOB,17.94589793532824
PHOTONIC_2LAYERS_ELLIPSOMETRY,BBOB,17.82491658041166
PHOTONIC_2LAYERS_ELLIPSOMETRY,BBOB,16.391506637875636
PHOTONIC_2LAYERS_ELLIPSOMETRY,BBOB,17.74941555482818
PHOTONIC_2LAYERS_ELLIPSOMETRY,BBOB,17.291988681783828
PHOTONIC_2LAYERS_ELLIPSOMETRY,BBOB,17.409463819428183
PHOTONIC_2LAYERS_ELLIPSOMETRY,BBOB,17.47944062337342
PHOTONIC_2LAYERS_ELLIPSOMETRY,BBOB,16.74764673590311
PHOTONIC_2LAYERS_ELLIPSOMETRY,BBOB,16.64709929964635
PHOTONIC_2LAYERS_ELLIPSOMETRY,BBOB,17.008822575324114
PHOTONIC_2LAYERS_ELLIPSOMETRY,BBOB,16.5875450837681
PHOTONIC_2LAYERS_ELLIPSOMETRY,BBOB,16.785460573172518
PHOTONIC_2LAYERS_ELLIPSOMETRY,BBOB,16.37606459362017
PHOTONIC_2LAYERS_ELLIPSOMETRY,BBOB,16.613131916547808
PHOTONIC_2LAYERS_ELLIPSOMETRY,BBOB,16.954773339222456
PHOTONIC_2LAYERS_ELLIPSOMETRY,BBOB,17.13985835823481
PHOTONIC_2LAYERS_ELLIPSOMETRY,BBOB,16.69512221451149
PHOTONIC_2LAYERS_ELLIPSOMETRY,BBOB,16.629651846613438
PHOTONIC_2LAYERS_ELLIPSOMETRY,BBOB,16.604837601286345
PHOTONIC_2LAYERS_ELLIPSOMETRY,BBOB,16.59221765788761
PHOTONIC_2LAYERS_ELLIPSOMETRY,BBOB,16.551972878939523
PHOTONIC_2LAYERS_ELLIPSOMETRY,BBOB,17.138721709306452
PHOTONIC_2LAYERS_ELLIPSOMETRY,BBOB,17.527745195609228
PHOTONIC_2LAYERS_ELLIPSOMETRY,BBOB,19.249581942936548
PHOTONIC_2LAYERS_ELLIPSOMETRY,BBOB,16.712168866833924
PHOTONIC_2LAYERS_ELLIPSOMETRY,BBOB,16.47048904628857
PHOTONIC_2LAYERS_ELLIPSOMETRY,BBOB,17.749964099221916
PHOTONIC_2LAYERS_ELLIPSOMETRY,BBOB,16.267585287708897
PHOTONIC_2LAYERS_ELLIPSOMETRY,BBOB,16.821968795339185
PHOTONIC_2LAYERS_ELLIPSOMETRY,BBOB,17.205481813534018
PHOTONIC_2LAYERS_ELLIPSOMETRY,BBOB,16.396588423635464
PHOTONIC_2LAYERS_ELLIPSOMETRY,BBOB,16.07496151361778
PHOTONIC_2LAYERS_ELLIPSOMETRY,BBOB,16.6271822511551
PHOTONIC_2LAYERS_ELLIPSOMETRY,BBOB,17.209729950295568
PHOTONIC_2LAYERS_ELLIPSOMETRY,BBOB,16.391505248068544
PHOTONIC_2LAYERS_ELLIPSOMETRY,BBOB,17.93656705503976
PHOTONIC_2LAYERS_ELLIPSOMETRY,BBOB,16.67532501867113
PHOTONIC_2LAYERS_ELLIPSOMETRY,BBOB,16.691982167796287
PHOTONIC_2LAYERS_ELLIPSOMETRY,BBOB,16.768946556437754
PHOTONIC_2LAYERS_ELLIPSOMETRY,BBOB,17.745907279878896
PHOTONIC_2LAYERS_ELLIPSOMETRY,BBOB,16.704469049101913
PHOTONIC_2LAYERS_ELLIPSOMETRY,BBOB,17.175420848228327
PHOTONIC_2LAYERS_ELLIPSOMETRY,BBOB,17.419599462081205
PHOTONIC_2LAYERS_ELLIPSOMETRY,BBOB,16.770801715717518
PHOTONIC_2LAYERS_ELLIPSOMETRY,BBOB,16.690882747455785
PHOTONIC_2LAYERS_ELLIPSOMETRY,BBOB,16.5125216402567
PHOTONIC_2LAYERS_ELLIPSOMETRY,BBOB,16.985813200717757
PHOTONIC_2LAYERS_ELLIPSOMETRY,BBOB,16.58412521575855
PHOTONIC_2LAYERS_ELLIPSOMETRY,BBOB,16.876787598971042
PHOTONIC_2LAYERS_ELLIPSOMETRY,BBOB,17.55434571889968
PHOTONIC_2LAYERS_ELLIPSOMETRY,BBOB,16.658612794972893
PHOTONIC_2LAYERS_ELLIPSOMETRY,BBOB,16.548056324831748
PHOTONIC_2LAYERS_ELLIPSOMETRY,BBOB,17.615236787782255
PHOTONIC_2LAYERS_ELLIPSOMETRY,BBOB,16.981920296276726
PHOTONIC_2LAYERS_ELLIPSOMETRY,BBOB,16.66547717172269
PHOTONIC_2LAYERS_ELLIPSOMETRY,BBOB,17.161685230472653
PHOTONIC_2LAYERS_ELLIPSOMETRY,BBOB,17.250374193257336
PHOTONIC_2LAYERS_ELLIPSOMETRY,BBOB,17.372943670460685
PHOTONIC_2LAYERS_ELLIPSOMETRY,BBOB,16.6546490117489
PHOTONIC_2LAYERS_ELLIPSOMETRY,BBOB,16.379193178664917
PHOTONIC_2LAYERS_ELLIPSOMETRY,BBOB,17.504128240784723
PHOTONIC_2LAYERS_ELLIPSOMETRY,BBOB,17.181084914892086
PHOTONIC_2LAYERS_ELLIPSOMETRY,BBOB,16.593212281065874
PHOTONIC_2LAYERS_ELLIPSOMETRY,BBOB,16.863084096938618
PHOTONIC_2LAYERS_ELLIPSOMETRY,BBOB,16.587246407421123
PHOTONIC_2LAYERS_ELLIPSOMETRY,BBOB,16.793730098653718
PHOTONIC_2LAYERS_ELLIPSOMETRY,BBOB,16.539950823075984
PHOTONIC_2LAYERS_ELLIPSOMETRY,BBOB,17.526750881142334
PHOTONIC_2LAYERS_ELLIPSOMETRY,BBOB,17.179904500223167
PHOTONIC_2LAYERS_ELLIPSOMETRY,BBOB,16.936589537204448
PHOTONIC_2LAYERS_ELLIPSOMETRY,BBOB,16.621414487388712
PHOTONIC_2LAYERS_ELLIPSOMETRY,BBOB,16.4738646832611
PHOTONIC_2LAYERS_ELLIPSOMETRY,BBOB,16.871666812191982
PHOTONIC_2LAYERS_ELLIPSOMETRY,BBOB,16.34053424515733
PHOTONIC_2LAYERS_ELLIPSOMETRY,BBOB,16.589551873588995
PHOTONIC_2LAYERS_ELLIPSOMETRY,BBOB,16.612865105635127
PHOTONIC_2LAYERS_ELLIPSOMETRY,BBOB,16.490503704164226
PHOTONIC_2LAYERS_ELLIPSOMETRY,BBOB,16.637037548285363
PHOTONIC_2LAYERS_ELLIPSOMETRY,BBOB,17.155763826338816
PHOTONIC_2LAYERS_ELLIPSOMETRY,BBOB,16.764964985543166
PHOTONIC_2LAYERS_ELLIPSOMETRY,BBOB,17.185213794774334
PHOTONIC_2LAYERS_ELLIPSOMETRY,BBOB,16.423598236543697
PHOTONIC_2LAYERS_ELLIPSOMETRY,BBOB,17.93852236978924
PHOTONIC_2LAYERS_ELLIPSOMETRY,BBOB,17.217083918803436
PHOTONIC_2LAYERS_ELLIPSOMETRY,BBOB,17.5267682129578
PHOTONIC_2LAYERS_ELLIPSOMETRY,BBOB,17.140057665595123
PHOTONIC_2LAYERS_ELLIPSOMETRY,BBOB,17.909108342404494
PHOTONIC_2LAYERS_ELLIPSOMETRY,BBOB,16.747158014787477
PHOTONIC_2LAYERS_ELLIPSOMETRY,BBOB,16.646518007245856
PHOTONIC_2LAYERS_ELLIPSOMETRY,BBOB,16.363359845917415
PHOTONIC_2LAYERS_ELLIPSOMETRY,BBOB,17.64786106492643
PHOTONIC_2LAYERS_ELLIPSOMETRY,BBOB,17.945123903904328
PHOTONIC_2LAYERS_ELLIPSOMETRY,BBOB,17.139310651472297
PHOTONIC_2LAYERS_ELLIPSOMETRY,BBOB,16.79359039856252
PHOTONIC_2LAYERS_ELLIPSOMETRY,BBOB,16.51922864164489
PHOTONIC_2LAYERS_ELLIPSOMETRY,BBOB,16.466542543934263
PHOTONIC_2LAYERS_ELLIPSOMETRY,BBOB,17.097838322384597
PHOTONIC_2LAYERS_ELLIPSOMETRY,BBOB,16.288435333300356
PHOTONIC_2LAYERS_ELLIPSOMETRY,BBOB,17.94726955633287
PHOTONIC_2LAYERS_ELLIPSOMETRY,BBOB,16.451075433098257
PHOTONIC_2LAYERS_ELLIPSOMETRY,BBOB,16.503381153289705
PHOTONIC_2LAYERS_ELLIPSOMETRY,BBOB,16.723807424322207
PHOTONIC_2LAYERS_ELLIPSOMETRY,BBOB,16.551386949944153
PHOTONIC_2LAYERS_ELLIPSOMETRY,BBOB,16.745127834591525
PHOTONIC_2LAYERS_ELLIPSOMETRY,BBOB,17.932141748413947
PHOTONIC_2LAYERS_ELLIPSOMETRY,BBOB,16.61642842746716
PHOTONIC_2LAYERS_ELLIPSOMETRY,BBOB,16.53984893622111
PHOTONIC_2LAYERS_ELLIPSOMETRY,BBOB,17.11200272847763
PHOTONIC_2LAYERS_ELLIPSOMETRY,BBOB,17.942005459654126
PHOTONIC_2LAYERS_ELLIPSOMETRY,BBOB,17.192018402584935
PHOTONIC_2LAYERS_ELLIPSOMETRY,BBOB,16.920443088595178
PHOTONIC_2LAYERS_ELLIPSOMETRY,BBOB,16.736945691710126
PHOTONIC_2LAYERS_ELLIPSOMETRY,BBOB,16.644643626602473
PHOTONIC_2LAYERS_ELLIPSOMETRY,BBOB,16.47307128642788
PHOTONIC_2LAYERS_ELLIPSOMETRY,BBOB,16.592079215082578
PHOTONIC_2LAYERS_ELLIPSOMETRY,BBOB,16.39060107042953
PHOTONIC_2LAYERS_ELLIPSOMETRY,BBOB,16.802935420166172
PHOTONIC_2LAYERS_ELLIPSOMETRY,BBOB,16.596359102110526
PHOTONIC_2LAYERS_ELLIPSOMETRY,BBOB,17.320272452858465
PHOTONIC_2LAYERS_ELLIPSOMETRY,BBOB,16.278218973747432
PHOTONIC_2LAYERS_ELLIPSOMETRY,BBOB,16.66623492427839
PHOTONIC_2LAYERS_ELLIPSOMETRY,BBOB,17.16297418157596
PHOTONIC_2LAYERS_ELLIPSOMETRY,BBOB,17.092895575421025
PHOTONIC_2LAYERS_ELLIPSOMETRY,BBOB,19.515945421523885
PHOTONIC_2LAYERS_ELLIPSOMETRY,BBOB,16.619876718834586
PHOTONIC_2LAYERS_ELLIPSOMETRY,BBOB,17.943435526008397
PHOTONIC_2LAYERS_ELLIPSOMETRY,BBOB,17.28382895651031
PHOTONIC_2LAYERS_ELLIPSOMETRY,BBOB,16.618987910646233
PHOTONIC_2LAYERS_ELLIPSOMETRY,BBOB,17.66237036509094
PHOTONIC_2LAYERS_ELLIPSOMETRY,BBOB,17.307281885663006
PHOTONIC_2LAYERS_ELLIPSOMETRY,BBOB,16.457507906261103
PHOTONIC_2LAYERS_ELLIPSOMETRY,BBOB,16.378156910636292
PHOTONIC_2LAYERS_ELLIPSOMETRY,BBOB,16.682056637002276
PHOTONIC_2LAYERS_ELLIPSOMETRY,BBOB,24.411834353051525
PHOTONIC_2LAYERS_ELLIPSOMETRY,BBOB,17.23905409358625
PHOTONIC_2LAYERS_ELLIPSOMETRY,BBOB,16.359881620501703
PHOTONIC_2LAYERS_ELLIPSOMETRY,BBOB,16.83513959025198
PHOTONIC_2LAYERS_ELLIPSOMETRY,BBOB,16.15131243129638
PHOTONIC_2LAYERS_ELLIPSOMETRY,BBOB,16.675526015398297
PHOTONIC_2LAYERS_ELLIPSOMETRY,BBOB,16.646464540641148
PHOTONIC_2LAYERS_ELLIPSOMETRY,BBOB,17.45083204584701
PHOTONIC_2LAYERS_ELLIPSOMETRY,BBOB,16.40339134681937
PHOTONIC_2LAYERS_ELLIPSOMETRY,BBOB,17.920789486475563
PHOTONIC_2LAYERS_ELLIPSOMETRY,BBOB,16.754314517917265
PHOTONIC_2LAYERS_ELLIPSOMETRY,BBOB,17.07325202747764
PHOTONIC_2LAYERS_ELLIPSOMETRY,BBOB,16.676824953016258
PHOTONIC_2LAYERS_ELLIPSOMETRY,BBOB,16.50866800270437
PHOTONIC_2LAYERS_ELLIPSOMETRY,BBOB,16.615925001463236
PHOTONIC_2LAYERS_ELLIPSOMETRY,BBOB,16.64920721689339
PHOTONIC_2LAYERS_ELLIPSOMETRY,BBOB,17.213419410173348
PHOTONIC_2LAYERS_ELLIPSOMETRY,BBOB,16.587664102720304
PHOTONIC_2LAYERS_ELLIPSOMETRY,BBOB,17.729146070812146
PHOTONIC_2LAYERS_ELLIPSOMETRY,BBOB,16.734016948974148
PHOTONIC_2LAYERS_ELLIPSOMETRY,BBOB,16.995138541937585
PHOTONIC_2LAYERS_ELLIPSOMETRY,BBOB,17.29725348737196
PHOTONIC_2LAYERS_ELLIPSOMETRY,BBOB,16.552029266073536
PHOTONIC_2LAYERS_ELLIPSOMETRY,BBOB,16.582496022766808
PHOTONIC_2LAYERS_ELLIPSOMETRY,BBOB,17.646444470282507
PHOTONIC_2LAYERS_ELLIPSOMETRY,BBOB,16.657758305162297
PHOTONIC_2LAYERS_ELLIPSOMETRY,BBOB,17.206051587751773
PHOTONIC_2LAYERS_ELLIPSOMETRY,BBOB,16.512236043100618
PHOTONIC_2LAYERS_ELLIPSOMETRY,BBOB,16.3759825538961
PHOTONIC_2LAYERS_ELLIPSOMETRY,BBOB,17.292802534342723
PHOTONIC_2LAYERS_ELLIPSOMETRY,BBOB,16.869614820509476
PHOTONIC_2LAYERS_ELLIPSOMETRY,BBOB,17.077165504802785
PHOTONIC_2LAYERS_ELLIPSOMETRY,BBOB,16.47067312440621
PHOTONIC_2LAYERS_ELLIPSOMETRY,BBOB,17.924013848302092
PHOTONIC_2LAYERS_ELLIPSOMETRY,BBOB,16.564208736830754
PHOTONIC_2LAYERS_ELLIPSOMETRY,BBOB,17.15623755266455
PHOTONIC_2LAYERS_ELLIPSOMETRY,BBOB,17.661987125799428
PHOTONIC_2LAYERS_ELLIPSOMETRY,BBOB,16.583065687903837
PHOTONIC_2LAYERS_ELLIPSOMETRY,BBOB,17.4118984195627
PHOTONIC_2LAYERS_ELLIPSOMETRY,BBOB,17.05463737526838
PHOTONIC_2LAYERS_ELLIPSOMETRY,BBOB,17.479441146366874
PHOTONIC_2LAYERS_ELLIPSOMETRY,BBOB,16.64897008565699
PHOTONIC_2LAYERS_ELLIPSOMETRY,BBOB,16.62639916433741
PHOTONIC_2LAYERS_ELLIPSOMETRY,BBOB,17.915575261649042
PHOTONIC_2LAYERS_ELLIPSOMETRY,BBOB,16.64783654772047
PHOTONIC_2LAYERS_ELLIPSOMETRY,BBOB,16.547131476384916
PHOTONIC_2LAYERS_ELLIPSOMETRY,BBOB,16.6662635048126
PHOTONIC_2LAYERS_ELLIPSOMETRY,BBOB,16.767546248234805
PHOTONIC_2LAYERS_ELLIPSOMETRY,BBOB,17.30089986339575
PHOTONIC_2LAYERS_ELLIPSOMETRY,BBOB,17.40537824539788
PHOTONIC_2LAYERS_ELLIPSOMETRY,BBOB,17.729652155074774
PHOTONIC_2LAYERS_ELLIPSOMETRY,BBOB,23.499293348019467
PHOTONIC_2LAYERS_ELLIPSOMETRY,BBOB,17.824587266069294
PHOTONIC_2LAYERS_ELLIPSOMETRY,BBOB,16.56851630493226
PHOTONIC_2LAYERS_ELLIPSOMETRY,BBOB,16.66538384688872
PHOTONIC_2LAYERS_ELLIPSOMETRY,BBOB,16.35047528587955
PHOTONIC_2LAYERS_ELLIPSOMETRY,BBOB,17.033235370635122
PHOTONIC_2LAYERS_ELLIPSOMETRY,BBOB,16.68371247644103
PHOTONIC_2LAYERS_ELLIPSOMETRY,BBOB,16.57566397636319
PHOTONIC_2LAYERS_ELLIPSOMETRY,BBOB,17.906846453653912
PHOTONIC_2LAYERS_ELLIPSOMETRY,BBOB,17.529542138751378
PHOTONIC_2LAYERS_ELLIPSOMETRY,BBOB,16.78765443943182
PHOTONIC_2LAYERS_ELLIPSOMETRY,BBOB,16.563948521178773
PHOTONIC_2LAYERS_ELLIPSOMETRY,BBOB,16.937158662292457
PHOTONIC_2LAYERS_ELLIPSOMETRY,BBOB,16.548048129431702
PHOTONIC_2LAYERS_ELLIPSOMETRY,BBOB,16.34922605412223
PHOTONIC_2LAYERS_ELLIPSOMETRY,BBOB,16.61312328691572
PHOTONIC_2LAYERS_ELLIPSOMETRY,BBOB,17.208933593001813
PHOTONIC_2LAYERS_ELLIPSOMETRY,BBOB,16.70622357680173
PHOTONIC_2LAYERS_ELLIPSOMETRY,BBOB,16.576913881667725
PHOTONIC_2LAYERS_ELLIPSOMETRY,BBOB,17.94258919242653
PHOTONIC_2LAYERS_ELLIPSOMETRY,BBOB,16.623353601014724
PHOTONIC_2LAYERS_ELLIPSOMETRY,BBOB,16.550685097871515
PHOTONIC_2LAYERS_ELLIPSOMETRY,BBOB,16.35003076928212
PHOTONIC_2LAYERS_ELLIPSOMETRY,BBOB,16.09435151879197
PHOTONIC_2LAYERS_ELLIPSOMETRY,BBOB,17.09757080918617
PHOTONIC_2LAYERS_ELLIPSOMETRY,BBOB,16.26632363205052
PHOTONIC_2LAYERS_ELLIPSOMETRY,BBOB,16.362197375365188
PHOTONIC_2LAYERS_ELLIPSOMETRY,BBOB,17.111855414989307
PHOTONIC_2LAYERS_ELLIPSOMETRY,BBOB,16.609778405411245
PHOTONIC_2LAYERS_ELLIPSOMETRY,BBOB,16.800365667221286
PHOTONIC_2LAYERS_ELLIPSOMETRY,BBOB,17.23844577541532
PHOTONIC_2LAYERS_ELLIPSOMETRY,BBOB,16.647200975353222
PHOTONIC_2LAYERS_ELLIPSOMETRY,BBOB,16.586957874982343
PHOTONIC_2LAYERS_ELLIPSOMETRY,BBOB,16.544750386364324
PHOTONIC_2LAYERS_ELLIPSOMETRY,BBOB,16.686680160345595
PHOTONIC_2LAYERS_ELLIPSOMETRY,BBOB,17.140173997629223
PHOTONIC_2LAYERS_ELLIPSOMETRY,BBOB,17.185642187441346
PHOTONIC_2LAYERS_ELLIPSOMETRY,BBOB,17.450871464302207
PHOTONIC_2LAYERS_ELLIPSOMETRY,BBOB,16.76333764795088
PHOTONIC_2LAYERS_ELLIPSOMETRY,BBOB,17.918703568777694
PHOTONIC_2LAYERS_ELLIPSOMETRY,BBOB,17.932039927062856
PHOTONIC_2LAYERS_ELLIPSOMETRY,BBOB,16.616708404929653
PHOTONIC_2LAYERS_ELLIPSOMETRY,BBOB,16.49310245009224
PHOTONIC_2LAYERS_ELLIPSOMETRY,BBOB,16.922997906673174
PHOTONIC_2LAYERS_ELLIPSOMETRY,BBOB,16.108029308251965
PHOTONIC_2LAYERS_ELLIPSOMETRY,BBOB,16.81132897266726
PHOTONIC_2LAYERS_ELLIPSOMETRY,BBOB,16.639836745099974
PHOTONIC_2LAYERS_ELLIPSOMETRY,BBOB,16.730932132088327
PHOTONIC_2LAYERS_ELLIPSOMETRY,BBOB,16.579324389100588
PHOTONIC_2LAYERS_ELLIPSOMETRY,BBOB,17.213702640962364
PHOTONIC_2LAYERS_ELLIPSOMETRY,BBOB,17.748713344175286
PHOTONIC_2LAYERS_ELLIPSOMETRY,BBOB,17.15862958826555
PHOTONIC_2LAYERS_ELLIPSOMETRY,BBOB,16.719361335066363
PHOTONIC_2LAYERS_ELLIPSOMETRY,BBOB,17.661811095903502
PHOTONIC_2LAYERS_ELLIPSOMETRY,BBOB,16.914947315230705
PHOTONIC_2LAYERS_ELLIPSOMETRY,BBOB,16.852137828600842
PHOTONIC_2LAYERS_ELLIPSOMETRY,BBOB,16.876525885141607
PHOTONIC_2LAYERS_ELLIPSOMETRY,BBOB,17.274873376462175
PHOTONIC_2LAYERS_ELLIPSOMETRY,BBOB,16.58831637899083
PHOTONIC_2LAYERS_ELLIPSOMETRY,BBOB,16.73858121897393
PHOTONIC_2LAYERS_ELLIPSOMETRY,BBOB,17.452575529955848
PHOTONIC_2LAYERS_ELLIPSOMETRY,BBOB,16.566240558776965
PHOTONIC_2LAYERS_ELLIPSOMETRY,BBOB,16.662283699317715
PHOTONIC_2LAYERS_ELLIPSOMETRY,BBOB,16.275895146443602
PHOTONIC_2LAYERS_ELLIPSOMETRY,BBOB,16.8105581056583
PHOTONIC_2LAYERS_ELLIPSOMETRY,BBOB,17.947232389148
PHOTONIC_2LAYERS_ELLIPSOMETRY,BBOB,16.900159842285863
PHOTONIC_2LAYERS_ELLIPSOMETRY,BBOB,16.876811809347796
PHOTONIC_2LAYERS_ELLIPSOMETRY,BBOB,16.547361562021454
PHOTONIC_2LAYERS_ELLIPSOMETRY,BBOB,16.875504687007847
PHOTONIC_2LAYERS_ELLIPSOMETRY,BBOB,17.224503873725105
PHOTONIC_2LAYERS_ELLIPSOMETRY,BBOB,16.896897740321947
PHOTONIC_2LAYERS_ELLIPSOMETRY,BBOB,17.543897672570395
PHOTONIC_2LAYERS_ELLIPSOMETRY,BBOB,16.553170033409355
PHOTONIC_2LAYERS_ELLIPSOMETRY,BBOB,16.86331256989295
PHOTONIC_2LAYERS_ELLIPSOMETRY,BBOB,16.83668605950173
PHOTONIC_2LAYERS_ELLIPSOMETRY,BBOB,16.828529061167956
PHOTONIC_2LAYERS_ELLIPSOMETRY,BBOB,16.49257358163724
PHOTONIC_2LAYERS_ELLIPSOMETRY,BBOB,16.72320188439365
PHOTONIC_2LAYERS_ELLIPSOMETRY,BBOB,16.569380285958594
PHOTONIC_2LAYERS_ELLIPSOMETRY,BBOB,16.747050248131234
PHOTONIC_2LAYERS_ELLIPSOMETRY,BBOB,24.40764107350932
PHOTONIC_2LAYERS_ELLIPSOMETRY,BBOB,16.99551880696489
PHOTONIC_2LAYERS_ELLIPSOMETRY,BBOB,16.093523686654397
PHOTONIC_2LAYERS_ELLIPSOMETRY,BBOB,16.81841107105708
PHOTONIC_2LAYERS_ELLIPSOMETRY,BBOB,16.607037003235895
PHOTONIC_2LAYERS_ELLIPSOMETRY,BBOB,23.47433108097811
PHOTONIC_2LAYERS_ELLIPSOMETRY,BBOB,16.564679495970772
PHOTONIC_2LAYERS_ELLIPSOMETRY,BBOB,17.008794771544803
PHOTONIC_2LAYERS_ELLIPSOMETRY,BBOB,17.82515546694038
PHOTONIC_2LAYERS_ELLIPSOMETRY,BBOB,17.132941216367062
PHOTONIC_2LAYERS_ELLIPSOMETRY,BBOB,16.62782189478492
PHOTONIC_2LAYERS_ELLIPSOMETRY,BBOB,17.687514918469223
PHOTONIC_2LAYERS_ELLIPSOMETRY,BBOB,16.22672435224513
PHOTONIC_2LAYERS_ELLIPSOMETRY,BBOB,16.523500964874476
PHOTONIC_2LAYERS_ELLIPSOMETRY,BBOB,16.51975931364797
PHOTONIC_2LAYERS_ELLIPSOMETRY,BBOB,16.65509684075102
PHOTONIC_2LAYERS_ELLIPSOMETRY,BBOB,16.595656722077983
PHOTONIC_2LAYERS_ELLIPSOMETRY,BBOB,16.794258063807476
PHOTONIC_2LAYERS_ELLIPSOMETRY,BBOB,16.667641212013805
PHOTONIC_2LAYERS_ELLIPSOMETRY,BBOB,17.9286135382396
PHOTONIC_2LAYERS_ELLIPSOMETRY,BBOB,17.117276253611653
PHOTONIC_2LAYERS_ELLIPSOMETRY,BBOB,16.79359039856252
PHOTONIC_2LAYERS_ELLIPSOMETRY,BBOB,16.676407882798745
PHOTONIC_2LAYERS_ELLIPSOMETRY,BBOB,16.575787571987377
PHOTONIC_2LAYERS_ELLIPSOMETRY,BBOB,16.612361277285604
PHOTONIC_2LAYERS_ELLIPSOMETRY,BBOB,19.254007123468522
PHOTONIC_2LAYERS_ELLIPSOMETRY,BBOB,16.61988304989275
PHOTONIC_2LAYERS_ELLIPSOMETRY,BBOB,16.863303434096327
PHOTONIC_2LAYERS_ELLIPSOMETRY,BBOB,16.505386415749545
PHOTONIC_2LAYERS_ELLIPSOMETRY,BBOB,17.278028940181642
PHOTONIC_2LAYERS_ELLIPSOMETRY,BBOB,17.140259724551743
PHOTONIC_2LAYERS_ELLIPSOMETRY,BBOB,16.616416001768826
PHOTONIC_2LAYERS_ELLIPSOMETRY,BBOB,16.759994423280748
PHOTONIC_2LAYERS_ELLIPSOMETRY,BBOB,16.93164163590552
PHOTONIC_2LAYERS_ELLIPSOMETRY,BBOB,16.34724290806192
PHOTONIC_2LAYERS_ELLIPSOMETRY,BBOB,16.58084744165143
PHOTONIC_2LAYERS_ELLIPSOMETRY,BBOB,16.274685688846045
PHOTONIC_2LAYERS_ELLIPSOMETRY,BBOB,16.769277764091235
PHOTONIC_2LAYERS_ELLIPSOMETRY,BBOB,16.675712125931707
PHOTONIC_2LAYERS_ELLIPSOMETRY,BBOB,17.620893434599015
PHOTONIC_2LAYERS_ELLIPSOMETRY,BBOB,16.59051783031075
PHOTONIC_2LAYERS_ELLIPSOMETRY,BBOB,16.309861970747548
PHOTONIC_2LAYERS_ELLIPSOMETRY,BBOB,16.412935403567534
PHOTONIC_2LAYERS_ELLIPSOMETRY,BBOB,17.95076132069624
PHOTONIC_2LAYERS_ELLIPSOMETRY,BBOB,17.165745829678983
PHOTONIC_2LAYERS_ELLIPSOMETRY,BBOB,16.746235749506898
PHOTONIC_2LAYERS_ELLIPSOMETRY,BBOB,16.384690977348036
PHOTONIC_2LAYERS_ELLIPSOMETRY,BBOB,16.89766841940016
PHOTONIC_2LAYERS_ELLIPSOMETRY,BBOB,16.81223577533958
PHOTONIC_2LAYERS_ELLIPSOMETRY,BBOB,16.722805339379104
PHOTONIC_2LAYERS_ELLIPSOMETRY,BBOB,16.37614183335715
PHOTONIC_2LAYERS_ELLIPSOMETRY,BBOB,16.371798839327653
PHOTONIC_2LAYERS_ELLIPSOMETRY,BBOB,17.941556585867673
PHOTONIC_2LAYERS_ELLIPSOMETRY,BBOB,16.578240493411414
PHOTONIC_2LAYERS_ELLIPSOMETRY,BBOB,17.526526744271266
PHOTONIC_2LAYERS_ELLIPSOMETRY,BBOB,16.548135087237863
PHOTONIC_2LAYERS_ELLIPSOMETRY,BBOB,16.74325834744533
PHOTONIC_2LAYERS_ELLIPSOMETRY,BBOB,16.897570249798793
PHOTONIC_2LAYERS_ELLIPSOMETRY,BBOB,17.2935700564518
PHOTONIC_2LAYERS_ELLIPSOMETRY,BBOB,16.69113890010951
PHOTONIC_2LAYERS_ELLIPSOMETRY,BBOB,16.389068077491256
PHOTONIC_2LAYERS_ELLIPSOMETRY,BBOB,16.486722313044606
PHOTONIC_2LAYERS_ELLIPSOMETRY,BBOB,16.340791498868885
PHOTONIC_2LAYERS_ELLIPSOMETRY,BBOB,16.890496731880226
PHOTONIC_2LAYERS_ELLIPSOMETRY,BBOB,16.596690689115583
PHOTONIC_2LAYERS_ELLIPSOMETRY,BBOB,17.907678405141375
PHOTONIC_2LAYERS_ELLIPSOMETRY,BBOB,17.188564124037576
PHOTONIC_2LAYERS_ELLIPSOMETRY,BBOB,16.588445969679658
PHOTONIC_2LAYERS_ELLIPSOMETRY,BBOB,16.555398991302976
PHOTONIC_2LAYERS_ELLIPSOMETRY,BBOB,16.67315429678489
PHOTONIC_2LAYERS_ELLIPSOMETRY,BBOB,17.62573516024273
PHOTONIC_2LAYERS_ELLIPSOMETRY,BBOB,16.61588948041278
PHOTONIC_2LAYERS_ELLIPSOMETRY,BBOB,16.61993258093623
PHOTONIC_2LAYERS_ELLIPSOMETRY,BBOB,17.16650030665928
PHOTONIC_2LAYERS_ELLIPSOMETRY,BBOB,16.694493937027325
PHOTONIC_2LAYERS_ELLIPSOMETRY,BBOB,17.284627513126175
PHOTONIC_2LAYERS_ELLIPSOMETRY,BBOB,16.60752629335848
PHOTONIC_2LAYERS_ELLIPSOMETRY,BBOB,16.523773483221476
PHOTONIC_2LAYERS_ELLIPSOMETRY,BBOB,16.73525677538052
PHOTONIC_2LAYERS_ELLIPSOMETRY,BBOB,16.676841040584275
PHOTONIC_2LAYERS_ELLIPSOMETRY,BBOB,16.397818027170253
PHOTONIC_2LAYERS_ELLIPSOMETRY,BBOB,17.225493187201106
PHOTONIC_2LAYERS_ELLIPSOMETRY,BBOB,16.850193700761114
PHOTONIC_2LAYERS_ELLIPSOMETRY,BBOB,17.249182729628952
PHOTONIC_2LAYERS_ELLIPSOMETRY,BBOB,16.55109382776188
PHOTONIC_2LAYERS_ELLIPSOMETRY,BBOB,17.28320269596744
PHOTONIC_2LAYERS_ELLIPSOMETRY,BBOB,16.59441523467471
PHOTONIC_2LAYERS_ELLIPSOMETRY,BBOB,16.621506716236986
PHOTONIC_2LAYERS_ELLIPSOMETRY,BBOB,16.886710900516636
PHOTONIC_2LAYERS_ELLIPSOMETRY,BBOB,17.497461598330933
PHOTONIC_2LAYERS_ELLIPSOMETRY,BBOB,16.676973415931823
PHOTONIC_2LAYERS_ELLIPSOMETRY,BBOB,19.516342145787043
PHOTONIC_2LAYERS_ELLIPSOMETRY,BBOB,17.658676811597807
PHOTONIC_2LAYERS_ELLIPSOMETRY,BBOB,17.126978805213504
PHOTONIC_2LAYERS_ELLIPSOMETRY,BBOB,17.22565870463342
PHOTONIC_2LAYERS_ELLIPSOMETRY,BBOB,16.93847008354261
PHOTONIC_2LAYERS_ELLIPSOMETRY,BBOB,16.705509775580254
PHOTONIC_2LAYERS_ELLIPSOMETRY,BBOB,16.81237356769159
PHOTONIC_2LAYERS_ELLIPSOMETRY,BBOB,16.682167325718844
PHOTONIC_2LAYERS_ELLIPSOMETRY,BBOB,16.876868965079797
PHOTONIC_2LAYERS_ELLIPSOMETRY,BBOB,16.57714551367042
PHOTONIC_2LAYERS_ELLIPSOMETRY,BBOB,16.62361369067839
PHOTONIC_2LAYERS_ELLIPSOMETRY,BBOB,16.59568792964519
PHOTONIC_2LAYERS_ELLIPSOMETRY,BBOB,17.528601417189986
PHOTONIC_2LAYERS_ELLIPSOMETRY,BBOB,17.65204152170595
PHOTONIC_2LAYERS_ELLIPSOMETRY,BBOB,16.37922256160785
PHOTONIC_2LAYERS_ELLIPSOMETRY,BBOB,16.919360161315378
PHOTONIC_2LAYERS_ELLIPSOMETRY,BBOB,16.769066358685233
PHOTONIC_2LAYERS_ELLIPSOMETRY,BBOB,16.566206644114274
PHOTONIC_2LAYERS_ELLIPSOMETRY,BBOB,17.328328978769463
PHOTONIC_2LAYERS_ELLIPSOMETRY,BBOB,16.58160236063559
PHOTONIC_2LAYERS_ELLIPSOMETRY,BBOB,16.517707876488156
PHOTONIC_2LAYERS_ELLIPSOMETRY,BBOB,16.906304263424246
PHOTONIC_2LAYERS_ELLIPSOMETRY,BBOB,16.79757914269527
PHOTONIC_2LAYERS_ELLIPSOMETRY,BBOB,17.510889694614455
PHOTONIC_2LAYERS_ELLIPSOMETRY,BBOB,16.769286958197227
PHOTONIC_2LAYERS_ELLIPSOMETRY,BBOB,17.925512138865564
PHOTONIC_2LAYERS_ELLIPSOMETRY,BBOB,17.45061487674504
PHOTONIC_2LAYERS_ELLIPSOMETRY,BBOB,16.83932409999087
PHOTONIC_2LAYERS_ELLIPSOMETRY,BBOB,16.57997426384664
PHOTONIC_2LAYERS_ELLIPSOMETRY,BBOB,17.948518809670357
PHOTONIC_2LAYERS_ELLIPSOMETRY,BBOB,16.625314734800604
PHOTONIC_2LAYERS_ELLIPSOMETRY,BBOB,16.46001635974374
PHOTONIC_2LAYERS_ELLIPSOMETRY,BBOB,16.744431768058423
PHOTONIC_2LAYERS_ELLIPSOMETRY,BBOB,16.729257771109218
PHOTONIC_2LAYERS_ELLIPSOMETRY,BBOB,17.39292740673388
PHOTONIC_2LAYERS_ELLIPSOMETRY,BBOB,16.250608106312747
PHOTONIC_2LAYERS_ELLIPSOMETRY,BBOB,16.348185066303998
PHOTONIC_2LAYERS_ELLIPSOMETRY,BBOB,17.096702032995708
PHOTONIC_2LAYERS_ELLIPSOMETRY,BBOB,16.878617797259793
PHOTONIC_2LAYERS_ELLIPSOMETRY,BBOB,17.526910608708118
PHOTONIC_2LAYERS_ELLIPSOMETRY,BBOB,17.084688172109747
PHOTONIC_2LAYERS_ELLIPSOMETRY,BBOB,16.619080396178965
PHOTONIC_2LAYERS_ELLIPSOMETRY,BBOB,16.36233657543297
PHOTONIC_2LAYERS_ELLIPSOMETRY,BBOB,16.478635418361748
PHOTONIC_2LAYERS_ELLIPSOMETRY,BBOB,17.557368970453293
PHOTONIC_2LAYERS_ELLIPSOMETRY,BBOB,16.390027274549574
PHOTONIC_2LAYERS_ELLIPSOMETRY,BBOB,16.68921354861719
PHOTONIC_2LAYERS_ELLIPSOMETRY,BBOB,16.688300583583803
PHOTONIC_2LAYERS_ELLIPSOMETRY,BBOB,16.76533280167254
PHOTONIC_2LAYERS_ELLIPSOMETRY,BBOB,17.939259241705628
PHOTONIC_2LAYERS_ELLIPSOMETRY,BBOB,16.8504125274334
PHOTONIC_2LAYERS_ELLIPSOMETRY,BBOB,17.093391966016185
PHOTONIC_2LAYERS_ELLIPSOMETRY,BBOB,16.577476436284964
PHOTONIC_2LAYERS_ELLIPSOMETRY,BBOB,16.6194424552706
PHOTONIC_2LAYERS_ELLIPSOMETRY,BBOB,17.74820921455235
PHOTONIC_2LAYERS_ELLIPSOMETRY,BBOB,16.555989724980662
PHOTONIC_2LAYERS_ELLIPSOMETRY,BBOB,16.55449830308585
PHOTONIC_2LAYERS_ELLIPSOMETRY,BBOB,17.31683835170131
PHOTONIC_2LAYERS_ELLIPSOMETRY,BBOB,16.87868999549195
PHOTONIC_2LAYERS_ELLIPSOMETRY,BBOB,16.58086432268489
PHOTONIC_2LAYERS_ELLIPSOMETRY,BBOB,16.89716883119637
PHOTONIC_2LAYERS_ELLIPSOMETRY,BBOB,16.570870342051258
PHOTONIC_2LAYERS_ELLIPSOMETRY,BBOB,16.714538614137457
PHOTONIC_2LAYERS_ELLIPSOMETRY,BBOB,17.138691283006068
PHOTONIC_2LAYERS_ELLIPSOMETRY,BBOB,16.81180295723457
PHOTONIC_2LAYERS_ELLIPSOMETRY,BBOB,16.624674200655576
PHOTONIC_2LAYERS_ELLIPSOMETRY,BBOB,16.581398381629295
PHOTONIC_2LAYERS_ELLIPSOMETRY,BBOB,16.692955081030743
PHOTONIC_2LAYERS_ELLIPSOMETRY,BBOB,17.565251897867892
PHOTONIC_2LAYERS_ELLIPSOMETRY,BBOB,16.22957924220287
PHOTONIC_2LAYERS_ELLIPSOMETRY,BBOB,17.28182880224455
PHOTONIC_2LAYERS_ELLIPSOMETRY,BBOB,16.59562535046808
PHOTONIC_2LAYERS_ELLIPSOMETRY,BBOB,16.801421325096204
PHOTONIC_2LAYERS_ELLIPSOMETRY,BBOB,16.72325044190854
PHOTONIC_2LAYERS_ELLIPSOMETRY,BBOB,16.6449251065385
PHOTONIC_2LAYERS_ELLIPSOMETRY,BBOB,17.005603653958612
PHOTONIC_2LAYERS_ELLIPSOMETRY,BBOB,16.452328338133746
PHOTONIC_2LAYERS_ELLIPSOMETRY,BBOB,16.51991839694986
PHOTONIC_2LAYERS_ELLIPSOMETRY,BBOB,17.014522064613274
PHOTONIC_2LAYERS_ELLIPSOMETRY,BBOB,17.21515847815838
PHOTONIC_2LAYERS_ELLIPSOMETRY,BBOB,17.000671165617053
PHOTONIC_2LAYERS_ELLIPSOMETRY,BBOB,16.67607653197851
PHOTONIC_2LAYERS_ELLIPSOMETRY,BBOB,17.51531060184761
PHOTONIC_2LAYERS_ELLIPSOMETRY,BBOB,16.87680739170145
PHOTONIC_2LAYERS_ELLIPSOMETRY,BBOB,16.952012683685812
PHOTONIC_2LAYERS_ELLIPSOMETRY,BBOB,16.930578053411597
PHOTONIC_2LAYERS_ELLIPSOMETRY,BBOB,17.13795495363699
PHOTONIC_2LAYERS_ELLIPSOMETRY,BBOB,17.9293994372445
PHOTONIC_2LAYERS_ELLIPSOMETRY,BBOB,17.211546221391966
PHOTONIC_2LAYERS_ELLIPSOMETRY,BBOB,16.62591368446794
PHOTONIC_2LAYERS_ELLIPSOMETRY,BBOB,17.098588264886768
PHOTONIC_2LAYERS_ELLIPSOMETRY,BBOB,16.83677228001571
PHOTONIC_2LAYERS_ELLIPSOMETRY,BBOB,17.66162956731503
PHOTONIC_2LAYERS_ELLIPSOMETRY,BBOB,16.56174197984118
PHOTONIC_2LAYERS_ELLIPSOMETRY,BBOB,16.760525706364906
PHOTONIC_2LAYERS_ELLIPSOMETRY,BBOB,16.94863714537068
PHOTONIC_2LAYERS_ELLIPSOMETRY,BBOB,16.681760661719366
PHOTONIC_2LAYERS_ELLIPSOMETRY,BBOB,17.105919518401247
PHOTONIC_2LAYERS_ELLIPSOMETRY,BBOB,16.74176127127512
PHOTONIC_2LAYERS_ELLIPSOMETRY,BBOB,16.04882990257097
PHOTONIC_2LAYERS_ELLIPSOMETRY,BBOB,16.15193796692462
PHOTONIC_2LAYERS_ELLIPSOMETRY,BBOB,16.59376963414083
PHOTONIC_2LAYERS_ELLIPSOMETRY,BBOB,17.398191880963225
PHOTONIC_2LAYERS_ELLIPSOMETRY,BBOB,17.171971230667026
PHOTONIC_2LAYERS_ELLIPSOMETRY,BBOB,16.362850544116018
PHOTONIC_2LAYERS_ELLIPSOMETRY,BBOB,16.810877402940196
PHOTONIC_2LAYERS_ELLIPSOMETRY,BBOB,17.651958590747864
PHOTONIC_2LAYERS_ELLIPSOMETRY,BBOB,16.776308538261205
PHOTONIC_2LAYERS_ELLIPSOMETRY,BBOB,16.62953120209143
PHOTONIC_2LAYERS_ELLIPSOMETRY,BBOB,17.14236168563444
PHOTONIC_2LAYERS_ELLIPSOMETRY,BBOB,17.52400453049776
PHOTONIC_2LAYERS_ELLIPSOMETRY,BBOB,16.59035038494143
PHOTONIC_2LAYERS_ELLIPSOMETRY,BBOB,16.580333875619512
PHOTONIC_2LAYERS_ELLIPSOMETRY,BBOB,16.705499422126653
PHOTONIC_2LAYERS_ELLIPSOMETRY,BBOB,17.408005067043767
PHOTONIC_2LAYERS_ELLIPSOMETRY,BBOB,17.238777490170495
PHOTONIC_2LAYERS_ELLIPSOMETRY,BBOB,17.10927909601715
PHOTONIC_2LAYERS_ELLIPSOMETRY,BBOB,16.780194919453518
PHOTONIC_2LAYERS_ELLIPSOMETRY,BBOB,16.11694057669213
PHOTONIC_2LAYERS_ELLIPSOMETRY,BBOB,17.171280300553317
PHOTONIC_2LAYERS_ELLIPSOMETRY,BBOB,17.92900108749638
PHOTONIC_2LAYERS_ELLIPSOMETRY,BBOB,17.136847493252382
PHOTONIC_2LAYERS_ELLIPSOMETRY,BBOB,16.155161691390443
PHOTONIC_2LAYERS_ELLIPSOMETRY,BBOB,16.56611170676175
PHOTONIC_2LAYERS_ELLIPSOMETRY,BBOB,16.676797352798662
PHOTONIC_2LAYERS_ELLIPSOMETRY,BBOB,17.916107830193305
PHOTONIC_2LAYERS_ELLIPSOMETRY,BBOB,16.552010691851276
PHOTONIC_2LAYERS_ELLIPSOMETRY,BBOB,16.01869099573019
PHOTONIC_2LAYERS_ELLIPSOMETRY,BBOB,17.939768207681354
PHOTONIC_2LAYERS_ELLIPSOMETRY,BBOB,16.627332189004672
PHOTONIC_2LAYERS_ELLIPSOMETRY,BBOB,17.620179083828056
PHOTONIC_2LAYERS_ELLIPSOMETRY,BBOB,17.00053694588833
PHOTONIC_2LAYERS_ELLIPSOMETRY,BBOB,16.636931705986214
PHOTONIC_2LAYERS_ELLIPSOMETRY,BBOB,16.97696200623209
PHOTONIC_2LAYERS_ELLIPSOMETRY,BBOB,16.589141924240128
PHOTONIC_2LAYERS_ELLIPSOMETRY,BBOB,17.272309178211497
PHOTONIC_2LAYERS_ELLIPSOMETRY,BBOB,17.165965046745843
PHOTONIC_2LAYERS_ELLIPSOMETRY,BBOB,17.90685224561335
PHOTONIC_2LAYERS_ELLIPSOMETRY,BBOB,16.20363206454398
PHOTONIC_2LAYERS_ELLIPSOMETRY,BBOB,16.308182973159028
PHOTONIC_2LAYERS_ELLIPSOMETRY,BBOB,17.943814567274796
PHOTONIC_2LAYERS_ELLIPSOMETRY,BBOB,17.661369792567047
PHOTONIC_2LAYERS_ELLIPSOMETRY,BBOB,17.0330645429268
PHOTONIC_2LAYERS_ELLIPSOMETRY,BBOB,16.811364747396624
PHOTONIC_2LAYERS_ELLIPSOMETRY,BBOB,16.55852125396828
PHOTONIC_2LAYERS_ELLIPSOMETRY,BBOB,16.642828596141133
PHOTONIC_2LAYERS_ELLIPSOMETRY,BBOB,16.638861498378134
PHOTONIC_2LAYERS_ELLIPSOMETRY,BBOB,16.887970648000742
PHOTONIC_2LAYERS_ELLIPSOMETRY,BBOB,16.92136816892006
PHOTONIC_2LAYERS_ELLIPSOMETRY,BBOB,16.521417080471714
PHOTONIC_2LAYERS_ELLIPSOMETRY,BBOB,16.691112124464567
PHOTONIC_2LAYERS_ELLIPSOMETRY,BBOB,17.72615588176293
PHOTONIC_2LAYERS_ELLIPSOMETRY,BBOB,16.640757667983348
PHOTONIC_2LAYERS_ELLIPSOMETRY,BBOB,16.6212377564813
PHOTONIC_2LAYERS_ELLIPSOMETRY,BBOB,16.69243496851191
PHOTONIC_2LAYERS_ELLIPSOMETRY,BBOB,17.264519405755106
PHOTONIC_2LAYERS_ELLIPSOMETRY,BBOB,16.80768776571804
PHOTONIC_2LAYERS_ELLIPSOMETRY,BBOB,17.909553281658816
PHOTONIC_2LAYERS_ELLIPSOMETRY,BBOB,16.25258588271516
PHOTONIC_2LAYERS_ELLIPSOMETRY,BBOB,17.26821664376377
PHOTONIC_2LAYERS_ELLIPSOMETRY,BBOB,16.875061380080595
PHOTONIC_2LAYERS_ELLIPSOMETRY,BBOB,16.503205424446428
PHOTONIC_2LAYERS_ELLIPSOMETRY,BBOB,16.735681440669886
PHOTONIC_2LAYERS_ELLIPSOMETRY,BBOB,16.41341270124189
PHOTONIC_2LAYERS_ELLIPSOMETRY,BBOB,16.61556672832839
PHOTONIC_2LAYERS_ELLIPSOMETRY,BBOB,17.133092133011196
PHOTONIC_2LAYERS_ELLIPSOMETRY,BBOB,16.805596290471406
PHOTONIC_2LAYERS_ELLIPSOMETRY,BBOB,16.60895787629056
PHOTONIC_2LAYERS_ELLIPSOMETRY,BBOB,16.723561204461717
PHOTONIC_2LAYERS_ELLIPSOMETRY,BBOB,16.59694636528531
PHOTONIC_2LAYERS_ELLIPSOMETRY,BBOB,17.27815159477619
PHOTONIC_2LAYERS_ELLIPSOMETRY,BBOB,17.08947433989902
PHOTONIC_2LAYERS_ELLIPSOMETRY,BBOB,17.214677279668063
PHOTONIC_2LAYERS_ELLIPSOMETRY,BBOB,17.128615393965344
PHOTONIC_2LAYERS_ELLIPSOMETRY,BBOB,16.675677844594194
PHOTONIC_2LAYERS_ELLIPSOMETRY,BBOB,17.454524856833885
PHOTONIC_2LAYERS_ELLIPSOMETRY,BBOB,17.556393315877017
PHOTONIC_2LAYERS_ELLIPSOMETRY,BBOB,16.406554345843887
PHOTONIC_2LAYERS_ELLIPSOMETRY,BBOB,17.20975618941125
PHOTONIC_2LAYERS_ELLIPSOMETRY,BBOB,19.253302485148577
PHOTONIC_2LAYERS_ELLIPSOMETRY,BBOB,17.698533037364783
PHOTONIC_2LAYERS_ELLIPSOMETRY,BBOB,16.13215571991147
PHOTONIC_2LAYERS_ELLIPSOMETRY,BBOB,16.48648073108453
PHOTONIC_2LAYERS_ELLIPSOMETRY,BBOB,16.5986470858649
PHOTONIC_2LAYERS_ELLIPSOMETRY,BBOB,16.405522764383058
PHOTONIC_2LAYERS_ELLIPSOMETRY,BBOB,17.28996079513876
PHOTONIC_2LAYERS_ELLIPSOMETRY,BBOB,16.58911149242311
PHOTONIC_2LAYERS_ELLIPSOMETRY,BBOB,16.576608500756524
PHOTONIC_2LAYERS_ELLIPSOMETRY,BBOB,17.34639522357341
PHOTONIC_2LAYERS_ELLIPSOMETRY,BBOB,16.398149275391592
PHOTONIC_2LAYERS_ELLIPSOMETRY,BBOB,17.120314292880312
PHOTONIC_2LAYERS_ELLIPSOMETRY,BBOB,16.66797954780312
PHOTONIC_2LAYERS_ELLIPSOMETRY,BBOB,16.679631672232233
PHOTONIC_2LAYERS_ELLIPSOMETRY,BBOB,16.55062001509267
PHOTONIC_2LAYERS_ELLIPSOMETRY,BBOB,17.539363010345888
PHOTONIC_2LAYERS_ELLIPSOMETRY,BBOB,17.53420120802495
PHOTONIC_2LAYERS_ELLIPSOMETRY,BBOB,17.40874786385223
PHOTONIC_2LAYERS_ELLIPSOMETRY,BBOB,16.608019871456634
PHOTONIC_2LAYERS_ELLIPSOMETRY,BBOB,16.34086888212638
PHOTONIC_2LAYERS_ELLIPSOMETRY,BBOB,16.630093670796533
PHOTONIC_2LAYERS_ELLIPSOMETRY,BBOB,16.589551873588995
PHOTONIC_2LAYERS_ELLIPSOMETRY,BBOB,16.820272585660614
PHOTONIC_2LAYERS_ELLIPSOMETRY,BBOB,16.314620072684264
PHOTONIC_2LAYERS_ELLIPSOMETRY,BBOB,17.508555048163263
PHOTONIC_2LAYERS_ELLIPSOMETRY,BBOB,16.251413027743226
PHOTONIC_2LAYERS_ELLIPSOMETRY,BBOB,17.304929313598024
PHOTONIC_2LAYERS_ELLIPSOMETRY,BBOB,16.542234226978234
PHOTONIC_2LAYERS_ELLIPSOMETRY,BBOB,17.127359193022215
PHOTONIC_2LAYERS_ELLIPSOMETRY,BBOB,16.375018689339743
PHOTONIC_2LAYERS_ELLIPSOMETRY,BBOB,17.275656892862997
PHOTONIC_2LAYERS_ELLIPSOMETRY,BBOB,17.534307976726144
PHOTONIC_2LAYERS_ELLIPSOMETRY,BBOB,17.278637233618916
PHOTONIC_2LAYERS_ELLIPSOMETRY,BBOB,16.759128058552296
PHOTONIC_2LAYERS_ELLIPSOMETRY,BBOB,16.877868285382906
PHOTONIC_2LAYERS_ELLIPSOMETRY,BBOB,16.352711751708583
PHOTONIC_2LAYERS_ELLIPSOMETRY,BBOB,16.179737818115882
PHOTONIC_2LAYERS_ELLIPSOMETRY,BBOB,17.69404672350846
PHOTONIC_2LAYERS_ELLIPSOMETRY,BBOB,17.534348409618058
PHOTONIC_2LAYERS_ELLIPSOMETRY,BBOB,16.673781207534667
PHOTONIC_2LAYERS_ELLIPSOMETRY,BBOB,16.666370456493695
PHOTONIC_2LAYERS_ELLIPSOMETRY,BBOB,16.796473169183706
PHOTONIC_2LAYERS_ELLIPSOMETRY,BBOB,16.988950452038377
PHOTONIC_2LAYERS_ELLIPSOMETRY,BBOB,16.665389470297537
PHOTONIC_2LAYERS_ELLIPSOMETRY,BBOB,17.145580957819348
PHOTONIC_2LAYERS_ELLIPSOMETRY,BBOB,16.59000756861772
PHOTONIC_2LAYERS_ELLIPSOMETRY,BBOB,17.521406437538957
PHOTONIC_2LAYERS_ELLIPSOMETRY,BBOB,17.228147693477204
PHOTONIC_2LAYERS_ELLIPSOMETRY,BBOB,17.36110418302524
PHOTONIC_2LAYERS_ELLIPSOMETRY,BBOB,16.646377123679727
PHOTONIC_2LAYERS_ELLIPSOMETRY,BBOB,16.465989425754888
PHOTONIC_2LAYERS_ELLIPSOMETRY,BBOB,17.29156795839481
PHOTONIC_2LAYERS_ELLIPSOMETRY,BBOB,16.313264090918693
PHOTONIC_2LAYERS_ELLIPSOMETRY,BBOB,16.591366450593803
PHOTONIC_2LAYERS_ELLIPSOMETRY,BBOB,16.777902855914444
PHOTONIC_2LAYERS_ELLIPSOMETRY,BBOB,16.89665104738008
PHOTONIC_2LAYERS_ELLIPSOMETRY,BBOB,17.36536195343834
PHOTONIC_2LAYERS_ELLIPSOMETRY,BBOB,16.119288956722315
PHOTONIC_2LAYERS_ELLIPSOMETRY,BBOB,17.432889043021746
PHOTONIC_2LAYERS_ELLIPSOMETRY,BBOB,16.877690066107935
PHOTONIC_2LAYERS_ELLIPSOMETRY,BBOB,17.222646686228167
PHOTONIC_2LAYERS_ELLIPSOMETRY,BBOB,16.435475990040317
PHOTONIC_2LAYERS_ELLIPSOMETRY,BBOB,17.000951531362936
PHOTONIC_2LAYERS_ELLIPSOMETRY,BBOB,16.63545825238395
PHOTONIC_2LAYERS_ELLIPSOMETRY,BBOB,16.636813003905136
PHOTONIC_2LAYERS_ELLIPSOMETRY,BBOB,16.56892019615413
PHOTONIC_2LAYERS_ELLIPSOMETRY,BBOB,16.39572403737822
PHOTONIC_2LAYERS_ELLIPSOMETRY,BBOB,17.919461676402406
PHOTONIC_2LAYERS_ELLIPSOMETRY,BBOB,16.636828256016493
PHOTONIC_2LAYERS_ELLIPSOMETRY,BBOB,16.74007617383477
PHOTONIC_2LAYERS_ELLIPSOMETRY,BBOB,16.626016726314194
PHOTONIC_2LAYERS_ELLIPSOMETRY,BBOB,17.167558122705692
PHOTONIC_2LAYERS_ELLIPSOMETRY,BBOB,16.886769357198904
PHOTONIC_2LAYERS_ELLIPSOMETRY,BBOB,16.748378829936165
PHOTONIC_2LAYERS_ELLIPSOMETRY,BBOB,16.559575991063156
PHOTONIC_2LAYERS_ELLIPSOMETRY,BBOB,17.076527079959554
PHOTONIC_2LAYERS_ELLIPSOMETRY,BBOB,16.9223711502172
PHOTONIC_2LAYERS_ELLIPSOMETRY,BBOB,16.87663005978964
PHOTONIC_2LAYERS_ELLIPSOMETRY,BBOB,16.57937903756881
PHOTONIC_2LAYERS_ELLIPSOMETRY,BBOB,17.39200574901967
PHOTONIC_2LAYERS_ELLIPSOMETRY,BBOB,16.759202794491735
PHOTONIC_2LAYERS_ELLIPSOMETRY,BBOB,17.641623331667486
PHOTONIC_2LAYERS_ELLIPSOMETRY,BBOB,17.22172267917903
PHOTONIC_2LAYERS_ELLIPSOMETRY,BBOB,17.58392412787237
PHOTONIC_2LAYERS_ELLIPSOMETRY,BBOB,16.66357799535492
PHOTONIC_2LAYERS_ELLIPSOMETRY,BBOB,16.570460528353234
PHOTONIC_2LAYERS_ELLIPSOMETRY,BBOB,16.3775611632192
PHOTONIC_2LAYERS_ELLIPSOMETRY,BBOB,17.070123284872615
PHOTONIC_2LAYERS_ELLIPSOMETRY,BBOB,16.39038917725048
PHOTONIC_2LAYERS_ELLIPSOMETRY,BBOB,16.654762380455313
PHOTONIC_2LAYERS_ELLIPSOMETRY,BBOB,17.685974489461966
PHOTONIC_2LAYERS_ELLIPSOMETRY,BBOB,16.624817752915106
PHOTONIC_2LAYERS_ELLIPSOMETRY,BBOB,17.210313955836344
PHOTONIC_2LAYERS_ELLIPSOMETRY,BBOB,17.35638324657155
PHOTONIC_2LAYERS_ELLIPSOMETRY,BBOB,17.392014051700777
PHOTONIC_2LAYERS_ELLIPSOMETRY,BBOB,16.652600520156685
PHOTONIC_2LAYERS_ELLIPSOMETRY,BBOB,16.551151017250355
PHOTONIC_2LAYERS_ELLIPSOMETRY,BBOB,16.506843914598438
PHOTONIC_2LAYERS_ELLIPSOMETRY,BBOB,16.663988499195465
PHOTONIC_2LAYERS_ELLIPSOMETRY,BBOB,16.61496377517459
PHOTONIC_2LAYERS_ELLIPSOMETRY,BBOB,16.58160592466162
PHOTONIC_2LAYERS_ELLIPSOMETRY,BBOB,16.54860289521714
PHOTONIC_2LAYERS_ELLIPSOMETRY,BBOB,16.355545728634812
PHOTONIC_2LAYERS_ELLIPSOMETRY,BBOB,17.69369394291943
PHOTONIC_2LAYERS_ELLIPSOMETRY,BBOB,16.961884750541117
PHOTONIC_2LAYERS_ELLIPSOMETRY,BBOB,17.392459566810448
PHOTONIC_2LAYERS_ELLIPSOMETRY,BBOB,17.828257554952252
PHOTONIC_2LAYERS_ELLIPSOMETRY,BBOB,16.623049437023823
PHOTONIC_2LAYERS_ELLIPSOMETRY,BBOB,16.578223104857855
PHOTONIC_2LAYERS_ELLIPSOMETRY,BBOB,16.54601694807788
PHOTONIC_2LAYERS_ELLIPSOMETRY,BBOB,16.437459866859392
PHOTONIC_2LAYERS_ELLIPSOMETRY,BBOB,16.589900851188546
PHOTONIC_2LAYERS_ELLIPSOMETRY,BBOB,16.87709717745087
PHOTONIC_2LAYERS_ELLIPSOMETRY,BBOB,16.273304862276387
PHOTONIC_2LAYERS_ELLIPSOMETRY,BBOB,16.582051358407465
PHOTONIC_2LAYERS_ELLIPSOMETRY,BBOB,17.240184028356964
PHOTONIC_2LAYERS_ELLIPSOMETRY,BBOB,17.534626259923304
PHOTONIC_2LAYERS_ELLIPSOMETRY,BBOB,17.335243238681805
PHOTONIC_2LAYERS_ELLIPSOMETRY,BBOB,17.216820659005187
PHOTONIC_2LAYERS_ELLIPSOMETRY,BBOB,16.644221832869206
PHOTONIC_2LAYERS_ELLIPSOMETRY,BBOB,19.514983302823428
PHOTONIC_2LAYERS_ELLIPSOMETRY,BBOB,16.788957493032314
PHOTONIC_2LAYERS_ELLIPSOMETRY,BBOB,21.832460737212518
PHOTONIC_2LAYERS_ELLIPSOMETRY,BBOB,16.62185042614256
PHOTONIC_2LAYERS_ELLIPSOMETRY,BBOB,16.692369380396723
PHOTONIC_2LAYERS_ELLIPSOMETRY,BBOB,16.449601506102308
PHOTONIC_2LAYERS_ELLIPSOMETRY,BBOB,16.675694298118174
PHOTONIC_2LAYERS_ELLIPSOMETRY,BBOB,16.54604438249319
PHOTONIC_2LAYERS_ELLIPSOMETRY,BBOB,16.474003878567572
PHOTONIC_2LAYERS_ELLIPSOMETRY,BBOB,17.694091968718972
PHOTONIC_2LAYERS_ELLIPSOMETRY,BBOB,16.79332614209508
PHOTONIC_2LAYERS_ELLIPSOMETRY,BBOB,16.645172742862343
PHOTONIC_2LAYERS_ELLIPSOMETRY,BBOB,17.144498545482953
PHOTONIC_2LAYERS_ELLIPSOMETRY,BBOB,17.182288226213647
PHOTONIC_2LAYERS_ELLIPSOMETRY,BBOB,16.49933779333337
PHOTONIC_2LAYERS_ELLIPSOMETRY,BBOB,16.836639442359328
PHOTONIC_2LAYERS_ELLIPSOMETRY,BBOB,17.190714519878508
PHOTONIC_2LAYERS_ELLIPSOMETRY,BBOB,16.804650332723785
PHOTONIC_2LAYERS_ELLIPSOMETRY,BBOB,16.646880023064167
PHOTONIC_2LAYERS_ELLIPSOMETRY,BBOB,16.97693718604836
PHOTONIC_2LAYERS_ELLIPSOMETRY,BBOB,16.543330725215743
PHOTONIC_2LAYERS_ELLIPSOMETRY,BBOB,17.117112054864673
PHOTONIC_2LAYERS_ELLIPSOMETRY,BBOB,17.619456771290213
PHOTONIC_2LAYERS_ELLIPSOMETRY,BBOB,16.809634897800436
PHOTONIC_2LAYERS_ELLIPSOMETRY,BBOB,16.27139631590795
PHOTONIC_2LAYERS_ELLIPSOMETRY,BBOB,16.152965502244914
PHOTONIC_2LAYERS_ELLIPSOMETRY,BBOB,16.177266712113408
PHOTONIC_2LAYERS_ELLIPSOMETRY,BBOB,16.39264529742544
PHOTONIC_2LAYERS_ELLIPSOMETRY,BBOB,16.2767726101425
PHOTONIC_2LAYERS_ELLIPSOMETRY,BBOB,16.490479163491973
PHOTONIC_2LAYERS_ELLIPSOMETRY,BBOB,16.274066984561028
PHOTONIC_2LAYERS_ELLIPSOMETRY,BBOB,16.648800093552065
PHOTONIC_2LAYERS_ELLIPSOMETRY,BBOB,16.879015939781613
PHOTONIC_2LAYERS_ELLIPSOMETRY,BBOB,17.30561703430563
PHOTONIC_2LAYERS_ELLIPSOMETRY,BBOB,17.58632628728538
PHOTONIC_2LAYERS_ELLIPSOMETRY,BBOB,16.653302185588082
PHOTONIC_2LAYERS_ELLIPSOMETRY,BBOB,16.744506356094007
PHOTONIC_2LAYERS_ELLIPSOMETRY,BBOB,16.676571241423087
PHOTONIC_2LAYERS_ELLIPSOMETRY,BBOB,17.210993680971907
PHOTONIC_2LAYERS_ELLIPSOMETRY,BBOB,16.595914862657636
PHOTONIC_2LAYERS_ELLIPSOMETRY,BBOB,16.624198346627292
PHOTONIC_2LAYERS_ELLIPSOMETRY,BBOB,17.254129106065736
PHOTONIC_2LAYERS_ELLIPSOMETRY,BBOB,16.555381910072743
PHOTONIC_2LAYERS_ELLIPSOMETRY,BBOB,16.876345403409598
PHOTONIC_2LAYERS_ELLIPSOMETRY,BBOB,17.755053685018783
PHOTONIC_2LAYERS_ELLIPSOMETRY,BBOB,16.591241303575732
PHOTONIC_2LAYERS_ELLIPSOMETRY,BBOB,16.959299890847273
PHOTONIC_2LAYERS_ELLIPSOMETRY,BBOB,17.317538082627784
PHOTONIC_2LAYERS_ELLIPSOMETRY,BBOB,17.21582661630987
PHOTONIC_2LAYERS_ELLIPSOMETRY,BBOB,16.927556171483886
PHOTONIC_2LAYERS_ELLIPSOMETRY,BBOB,16.649240748071374
PHOTONIC_2LAYERS_ELLIPSOMETRY,BBOB,16.896767122579757
PHOTONIC_2LAYERS_ELLIPSOMETRY,BBOB,17.20749147297078
PHOTONIC_2LAYERS_ELLIPSOMETRY,BBOB,17.453290993558127
PHOTONIC_2LAYERS_ELLIPSOMETRY,BBOB,16.589231468921554
PHOTONIC_2LAYERS_ELLIPSOMETRY,BBOB,16.59925010404738
PHOTONIC_2LAYERS_ELLIPSOMETRY,BBOB,17.585463336482483
PHOTONIC_2LAYERS_ELLIPSOMETRY,BBOB,17.662146695560345
PHOTONIC_2LAYERS_ELLIPSOMETRY,BBOB,16.59815663678588
PHOTONIC_2LAYERS_ELLIPSOMETRY,BBOB,17.70156456103619
PHOTONIC_2LAYERS_ELLIPSOMETRY,BBOB,16.68591306477512
PHOTONIC_2LAYERS_ELLIPSOMETRY,BBOB,16.050491536629885
PHOTONIC_2LAYERS_ELLIPSOMETRY,BBOB,17.931504507620676
PHOTONIC_2LAYERS_ELLIPSOMETRY,BBOB,16.557837113593752
PHOTONIC_2LAYERS_ELLIPSOMETRY,BBOB,16.922292741664137
PHOTONIC_2LAYERS_ELLIPSOMETRY,BBOB,17.16927547456828
PHOTONIC_2LAYERS_ELLIPSOMETRY,BBOB,17.325908678558353
PHOTONIC_2LAYERS_ELLIPSOMETRY,BBOB,16.52010085048026
PHOTONIC_2LAYERS_ELLIPSOMETRY,BBOB,16.43474499427295
PHOTONIC_2LAYERS_ELLIPSOMETRY,BBOB,16.61198246677835
PHOTONIC_2LAYERS_ELLIPSOMETRY,BBOB,19.516389957436044
PHOTONIC_2LAYERS_ELLIPSOMETRY,BBOB,16.93792842609461
PHOTONIC_2LAYERS_ELLIPSOMETRY,BBOB,16.822413380025683
PHOTONIC_2LAYERS_ELLIPSOMETRY,BBOB,16.35438304751649
PHOTONIC_2LAYERS_ELLIPSOMETRY,BBOB,16.461260675837323
PHOTONIC_2LAYERS_ELLIPSOMETRY,BBOB,17.213094142261152
PHOTONIC_2LAYERS_ELLIPSOMETRY,BBOB,17.183608998253444
PHOTONIC_2LAYERS_ELLIPSOMETRY,BBOB,16.566871600191156
PHOTONIC_2LAYERS_ELLIPSOMETRY,BBOB,16.94413448314423
PHOTONIC_2LAYERS_ELLIPSOMETRY,BBOB,16.621995765027428
PHOTONIC_2LAYERS_ELLIPSOMETRY,BBOB,17.227598362144462
PHOTONIC_2LAYERS_ELLIPSOMETRY,BBOB,17.1274413936593
PHOTONIC_2LAYERS_ELLIPSOMETRY,BBOB,16.146621143120072
PHOTONIC_2LAYERS_ELLIPSOMETRY,BBOB,16.645987018364423
PHOTONIC_2LAYERS_ELLIPSOMETRY,BBOB,16.147526045491226
PHOTONIC_2LAYERS_ELLIPSOMETRY,BBOB,16.68161743677698
PHOTONIC_2LAYERS_ELLIPSOMETRY,BBOB,16.321131705769698
PHOTONIC_2LAYERS_ELLIPSOMETRY,BBOB,16.701826120468322
PHOTONIC_2LAYERS_ELLIPSOMETRY,BBOB,17.20510073329831
PHOTONIC_2LAYERS_ELLIPSOMETRY,BBOB,17.9240662841647
PHOTONIC_2LAYERS_ELLIPSOMETRY,BBOB,16.88720888315251
PHOTONIC_2LAYERS_ELLIPSOMETRY,BBOB,16.878238137026905
PHOTONIC_2LAYERS_ELLIPSOMETRY,BBOB,16.01849583358281
PHOTONIC_2LAYERS_ELLIPSOMETRY,BBOB,16.644310314132166
PHOTONIC_2LAYERS_ELLIPSOMETRY,BBOB,16.729540200074286
PHOTONIC_2LAYERS_ELLIPSOMETRY,BBOB,17.62010135681181
PHOTONIC_2LAYERS_ELLIPSOMETRY,BBOB,16.472781125753702
PHOTONIC_2LAYERS_ELLIPSOMETRY,BBOB,16.876720562302445
PHOTONIC_2LAYERS_ELLIPSOMETRY,BBOB,17.583481962991964
PHOTONIC_2LAYERS_ELLIPSOMETRY,BBOB,16.229182962839054
PHOTONIC_2LAYERS_ELLIPSOMETRY,BBOB,16.96026574199147
PHOTONIC_2LAYERS_ELLIPSOMETRY,BBOB,16.602048659718847
PHOTONIC_2LAYERS_ELLIPSOMETRY,BBOB,16.62677547743617
PHOTONIC_2LAYERS_ELLIPSOMETRY,BBOB,16.734208960622095
PHOTONIC_2LAYERS_ELLIPSOMETRY,BBOB,16.597102029554083
PHOTONIC_2LAYERS_ELLIPSOMETRY,BBOB,16.595217982164847
PHOTONIC_2LAYERS_ELLIPSOMETRY,BBOB,16.598894958282997
PHOTONIC_2LAYERS_ELLIPSOMETRY,BBOB,16.694157673480696
PHOTONIC_2LAYERS_ELLIPSOMETRY,BBOB,16.556868001696255
PHOTONIC_2LAYERS_ELLIPSOMETRY,BBOB,16.49281621805703
PHOTONIC_2LAYERS_ELLIPSOMETRY,BBOB,16.801963513580386
PHOTONIC_2LAYERS_ELLIPSOMETRY,BBOB,17.209723612985393
PHOTONIC_2LAYERS_ELLIPSOMETRY,BBOB,19.25379714729172
PHOTONIC_2LAYERS_ELLIPSOMETRY,BBOB,16.579553006751645
PHOTONIC_2LAYERS_ELLIPSOMETRY,BBOB,16.896350188892775
PHOTONIC_2LAYERS_ELLIPSOMETRY,BBOB,17.117224937812416
PHOTONIC_2LAYERS_ELLIPSOMETRY,BBOB,17.01396546439244
PHOTONIC_2LAYERS_ELLIPSOMETRY,BBOB,16.73100760550047
PHOTONIC_2LAYERS_ELLIPSOMETRY,BBOB,17.30379062963487
PHOTONIC_2LAYERS_ELLIPSOMETRY,BBOB,16.477662479745067
PHOTONIC_2LAYERS_ELLIPSOMETRY,BBOB,16.61596781172865
PHOTONIC_2LAYERS_ELLIPSOMETRY,BBOB,16.23146485338582
PHOTONIC_2LAYERS_ELLIPSOMETRY,BBOB,23.483857958083366
PHOTONIC_2LAYERS_ELLIPSOMETRY,BBOB,16.482353223428586
PHOTONIC_2LAYERS_ELLIPSOMETRY,BBOB,16.67653263457366
PHOTONIC_2LAYERS_ELLIPSOMETRY,BBOB,16.745460890632838
PHOTONIC_2LAYERS_ELLIPSOMETRY,BBOB,16.582580086321432
PHOTONIC_2LAYERS_ELLIPSOMETRY,BBOB,16.60006086977111
PHOTONIC_2LAYERS_ELLIPSOMETRY,BBOB,17.95029221299557
PHOTONIC_2LAYERS_ELLIPSOMETRY,BBOB,17.466323806443498
PHOTONIC_2LAYERS_ELLIPSOMETRY,BBOB,16.650331495819916
PHOTONIC_2LAYERS_ELLIPSOMETRY,BBOB,16.506809162205933
PHOTONIC_2LAYERS_ELLIPSOMETRY,BBOB,16.519494240462883
PHOTONIC_2LAYERS_ELLIPSOMETRY,BBOB,21.832950495894206
PHOTONIC_2LAYERS_ELLIPSOMETRY,BBOB,16.589713949788777
PHOTONIC_2LAYERS_ELLIPSOMETRY,BBOB,17.0608569317265
PHOTONIC_2LAYERS_ELLIPSOMETRY,BBOB,16.721838227157882
PHOTONIC_2LAYERS_ELLIPSOMETRY,BBOB,17.49748168515288
PHOTONIC_2LAYERS_ELLIPSOMETRY,BBOB,16.577493227202254
PHOTONIC_2LAYERS_ELLIPSOMETRY,BBOB,16.811422172762146
PHOTONIC_2LAYERS_ELLIPSOMETRY,BBOB,17.534383889381953
PHOTONIC_2LAYERS_ELLIPSOMETRY,BBOB,16.69466010539504
PHOTONIC_2LAYERS_ELLIPSOMETRY,BBOB,17.092809578318374
PHOTONIC_2LAYERS_ELLIPSOMETRY,BBOB,16.561698837381943
PHOTONIC_2LAYERS_ELLIPSOMETRY,BBOB,16.895578904275784
PHOTONIC_2LAYERS_ELLIPSOMETRY,BBOB,16.882077532402302
PHOTONIC_2LAYERS_ELLIPSOMETRY,BBOB,16.25205147853105
PHOTONIC_2LAYERS_ELLIPSOMETRY,BBOB,24.40809128506211
PHOTONIC_2LAYERS_ELLIPSOMETRY,BBOB,21.835202791632174
PHOTONIC_2LAYERS_ELLIPSOMETRY,BBOB,16.878534976663413
PHOTONIC_2LAYERS_ELLIPSOMETRY,BBOB,17.180747760565726
PHOTONIC_2LAYERS_ELLIPSOMETRY,BBOB,16.249201994138897
PHOTONIC_2LAYERS_ELLIPSOMETRY,BBOB,16.59688625678587
PHOTONIC_2LAYERS_ELLIPSOMETRY,BBOB,17.182737708435194
PHOTONIC_2LAYERS_ELLIPSOMETRY,BBOB,17.170516218161335
PHOTONIC_2LAYERS_ELLIPSOMETRY,BBOB,16.615923088021997
PHOTONIC_2LAYERS_ELLIPSOMETRY,BBOB,17.138088981581777
PHOTONIC_2LAYERS_ELLIPSOMETRY,BBOB,17.04459122016429
PHOTONIC_2LAYERS_ELLIPSOMETRY,BBOB,16.97368397034915
PHOTONIC_2LAYERS_ELLIPSOMETRY,BBOB,16.562850950208123
PHOTONIC_2LAYERS_ELLIPSOMETRY,BBOB,16.37778822493209
PHOTONIC_2LAYERS_ELLIPSOMETRY,BBOB,17.12390176766897
PHOTONIC_2LAYERS_ELLIPSOMETRY,BBOB,17.180322389499846
PHOTONIC_2LAYERS_ELLIPSOMETRY,BBOB,16.937435195693315
PHOTONIC_2LAYERS_ELLIPSOMETRY,BBOB,16.58111246137973
PHOTONIC_2LAYERS_ELLIPSOMETRY,BBOB,17.521516854369786
PHOTONIC_2LAYERS_ELLIPSOMETRY,BBOB,16.561379295489157
PHOTONIC_2LAYERS_ELLIPSOMETRY,BBOB,17.17794827078408
PHOTONIC_2LAYERS_ELLIPSOMETRY,BBOB,17.14871672363724
PHOTONIC_2LAYERS_ELLIPSOMETRY,BBOB,17.428239555560776
PHOTONIC_2LAYERS_ELLIPSOMETRY,BBOB,16.677704390786264
PHOTONIC_2LAYERS_ELLIPSOMETRY,BBOB,17.59819759262082
PHOTONIC_2LAYERS_ELLIPSOMETRY,BBOB,16.473380339794502
PHOTONIC_2LAYERS_ELLIPSOMETRY,BBOB,16.9593940623538
PHOTONIC_2LAYERS_ELLIPSOMETRY,BBOB,16.9715201930871
PHOTONIC_2LAYERS_ELLIPSOMETRY,BBOB,23.547050899688177
PHOTONIC_2LAYERS_ELLIPSOMETRY,BBOB,17.142698547579318
PHOTONIC_2LAYERS_ELLIPSOMETRY,BBOB,17.252357746294347
PHOTONIC_2LAYERS_ELLIPSOMETRY,BBOB,16.457629934872124
PHOTONIC_2LAYERS_ELLIPSOMETRY,BBOB,17.11749023384076
PHOTONIC_2LAYERS_ELLIPSOMETRY,BBOB,16.631215633606615
PHOTONIC_2LAYERS_ELLIPSOMETRY,BBOB,16.569205991559198
PHOTONIC_2LAYERS_ELLIPSOMETRY,BBOB,16.720988547155706
PHOTONIC_2LAYERS_ELLIPSOMETRY,BBOB,16.64908408541653
PHOTONIC_2LAYERS_ELLIPSOMETRY,BBOB,16.231247853437186
PHOTONIC_2LAYERS_ELLIPSOMETRY,BBOB,16.554713711261282
PHOTONIC_2LAYERS_ELLIPSOMETRY,BBOB,16.687918631885776
PHOTONIC_2LAYERS_ELLIPSOMETRY,BBOB,16.586627159877477
PHOTONIC_2LAYERS_ELLIPSOMETRY,BBOB,16.54417796332314
PHOTONIC_2LAYERS_ELLIPSOMETRY,BBOB,17.521714124217148
PHOTONIC_2LAYERS_ELLIPSOMETRY,BBOB,16.79359039856252
PHOTONIC_2LAYERS_ELLIPSOMETRY,BBOB,17.59984944975573
PHOTONIC_2LAYERS_ELLIPSOMETRY,BBOB,23.537264462974953
PHOTONIC_2LAYERS_ELLIPSOMETRY,BBOB,17.584006385746548
PHOTONIC_2LAYERS_ELLIPSOMETRY,BBOB,16.62616728939964
PHOTONIC_2LAYERS_ELLIPSOMETRY,BBOB,16.886687706242757
PHOTONIC_2LAYERS_ELLIPSOMETRY,BBOB,16.396416024332435
PHOTONIC_2LAYERS_ELLIPSOMETRY,BBOB,17.182895192846
PHOTONIC_2LAYERS_ELLIPSOMETRY,BBOB,17.539234688680416
PHOTONIC_2LAYERS_ELLIPSOMETRY,BBOB,17.534357822025125
PHOTONIC_2LAYERS_ELLIPSOMETRY,BBOB,16.614182001874614
PHOTONIC_2LAYERS_ELLIPSOMETRY,BBOB,17.162041033341485
PHOTONIC_2LAYERS_ELLIPSOMETRY,BBOB,17.139816937806554
PHOTONIC_2LAYERS_ELLIPSOMETRY,BBOB,17.17436123860968
PHOTONIC_2LAYERS_ELLIPSOMETRY,BBOB,16.580035000180064
PHOTONIC_2LAYERS_ELLIPSOMETRY,BBOB,17.097226661277787
PHOTONIC_2LAYERS_ELLIPSOMETRY,BBOB,17.391485186707275
PHOTONIC_2LAYERS_ELLIPSOMETRY,BBOB,16.688437682861316
PHOTONIC_2LAYERS_ELLIPSOMETRY,BBOB,16.958565145199277
PHOTONIC_2LAYERS_ELLIPSOMETRY,BBOB,16.582789027211415
PHOTONIC_2LAYERS_ELLIPSOMETRY,BBOB,16.602192729398947
PHOTONIC_2LAYERS_ELLIPSOMETRY,BBOB,17.2173927848317
PHOTONIC_2LAYERS_ELLIPSOMETRY,BBOB,17.924252883545872
PHOTONIC_2LAYERS_ELLIPSOMETRY,BBOB,16.58891171031291
PHOTONIC_2LAYERS_ELLIPSOMETRY,BBOB,16.895075631530347
PHOTONIC_2LAYERS_ELLIPSOMETRY,BBOB,16.12114097466778
PHOTONIC_2LAYERS_ELLIPSOMETRY,BBOB,16.587368905160123
PHOTONIC_2LAYERS_ELLIPSOMETRY,BBOB,16.578694317750713
PHOTONIC_2LAYERS_ELLIPSOMETRY,BBOB,17.1520568959059
PHOTONIC_2LAYERS_ELLIPSOMETRY,BBOB,16.63295282416547
PHOTONIC_2LAYERS_ELLIPSOMETRY,BBOB,17.39200572298341
PHOTONIC_2LAYERS_ELLIPSOMETRY,BBOB,16.91771032471741
PHOTONIC_2LAYERS_ELLIPSOMETRY,BBOB,17.657845777415982
PHOTONIC_2LAYERS_ELLIPSOMETRY,BBOB,16.615394272066407
PHOTONIC_2LAYERS_ELLIPSOMETRY,BBOB,16.686908293697346
PHOTONIC_2LAYERS_ELLIPSOMETRY,BBOB,16.624128492747136
PHOTONIC_2LAYERS_ELLIPSOMETRY,BBOB,17.45152783751174
PHOTONIC_2LAYERS_ELLIPSOMETRY,BBOB,16.492547370704887
PHOTONIC_2LAYERS_ELLIPSOMETRY,BBOB,17.249192483016152
PHOTONIC_2LAYERS_ELLIPSOMETRY,BBOB,16.365996279590924
PHOTONIC_2LAYERS_ELLIPSOMETRY,BBOB,17.134530511028657
PHOTONIC_2LAYERS_ELLIPSOMETRY,BBOB,16.759989469635798
PHOTONIC_2LAYERS_ELLIPSOMETRY,BBOB,17.014297061936617
PHOTONIC_2LAYERS_ELLIPSOMETRY,BBOB,16.605432914985144
PHOTONIC_2LAYERS_ELLIPSOMETRY,BBOB,16.777431714364262
PHOTONIC_2LAYERS_ELLIPSOMETRY,BBOB,17.182747196997365
PHOTONIC_2LAYERS_ELLIPSOMETRY,BBOB,16.50786713044054
PHOTONIC_2LAYERS_ELLIPSOMETRY,BBOB,17.91943603538828
PHOTONIC_2LAYERS_ELLIPSOMETRY,BBOB,16.60720971193931
PHOTONIC_2LAYERS_ELLIPSOMETRY,BBOB,16.853699438018467
PHOTONIC_2LAYERS_ELLIPSOMETRY,BBOB,16.07180979149473
PHOTONIC_2LAYERS_ELLIPSOMETRY,BBOB,17.454479194911748
PHOTONIC_2LAYERS_ELLIPSOMETRY,BBOB,16.734458639273484
PHOTONIC_2LAYERS_ELLIPSOMETRY,BBOB,16.492638740607326
PHOTONIC_2LAYERS_ELLIPSOMETRY,BBOB,16.695665100556216
PHOTONIC_2LAYERS_ELLIPSOMETRY,BBOB,16.88750270114011
PHOTONIC_2LAYERS_ELLIPSOMETRY,BBOB,17.277418621832208
PHOTONIC_2LAYERS_ELLIPSOMETRY,BBOB,16.1225111324719
PHOTONIC_2LAYERS_ELLIPSOMETRY,BBOB,17.198681884748133
PHOTONIC_2LAYERS_ELLIPSOMETRY,BBOB,16.672788509347782
PHOTONIC_2LAYERS_ELLIPSOMETRY,BBOB,17.370439817076612
PHOTONIC_2LAYERS_ELLIPSOMETRY,BBOB,16.801925103942672
PHOTONIC_2LAYERS_ELLIPSOMETRY,BBOB,16.88669898078915
PHOTONIC_2LAYERS_ELLIPSOMETRY,BBOB,16.589821095873678
PHOTONIC_2LAYERS_ELLIPSOMETRY,BBOB,16.580957265956986
PHOTONIC_2LAYERS_ELLIPSOMETRY,BBOB,17.265026820231913
PHOTONIC_2LAYERS_ELLIPSOMETRY,BBOB,17.231457757625325
PHOTONIC_2LAYERS_ELLIPSOMETRY,BBOB,17.828483201275944
PHOTONIC_2LAYERS_ELLIPSOMETRY,BBOB,17.291737607679394
PHOTONIC_2LAYERS_ELLIPSOMETRY,BBOB,16.5411243859731
PHOTONIC_2LAYERS_ELLIPSOMETRY,BBOB,17.76124091255625
PHOTONIC_2LAYERS_ELLIPSOMETRY,BBOB,16.62839218317205
PHOTONIC_2LAYERS_ELLIPSOMETRY,BBOB,16.887592599107997
PHOTONIC_2LAYERS_ELLIPSOMETRY,BBOB,17.45313484179859
PHOTONIC_2LAYERS_ELLIPSOMETRY,BBOB,16.617190581636006
PHOTONIC_2LAYERS_ELLIPSOMETRY,BBOB,16.87557046031132
PHOTONIC_2LAYERS_ELLIPSOMETRY,BBOB,17.083144969945998
PHOTONIC_2LAYERS_ELLIPSOMETRY,BBOB,17.583513744877358
PHOTONIC_2LAYERS_ELLIPSOMETRY,BBOB,17.501869628555863
PHOTONIC_2LAYERS_ELLIPSOMETRY,BBOB,16.40594730759946
PHOTONIC_2LAYERS_ELLIPSOMETRY,BBOB,16.36202398380622
PHOTONIC_2LAYERS_ELLIPSOMETRY,BBOB,16.629552667035362
PHOTONIC_2LAYERS_ELLIPSOMETRY,BBOB,17.431844233179284
PHOTONIC_2LAYERS_ELLIPSOMETRY,BBOB,17.714074122397978
PHOTONIC_2LAYERS_ELLIPSOMETRY,BBOB,17.527802174752505
PHOTONIC_2LAYERS_ELLIPSOMETRY,BBOB,17.715435580253978
PHOTONIC_2LAYERS_ELLIPSOMETRY,BBOB,16.122630566066665
PHOTONIC_2LAYERS_ELLIPSOMETRY,BBOB,16.778256353306556
PHOTONIC_2LAYERS_ELLIPSOMETRY,BBOB,16.378411967798893
PHOTONIC_2LAYERS_ELLIPSOMETRY,BBOB,16.775450005995605
PHOTONIC_2LAYERS_ELLIPSOMETRY,BBOB,16.595183727744185
PHOTONIC_2LAYERS_ELLIPSOMETRY,BBOB,17.371421256694816
PHOTONIC_2LAYERS_ELLIPSOMETRY,BBOB,16.841460105212327
PHOTONIC_2LAYERS_ELLIPSOMETRY,BBOB,17.576296515086618
PHOTONIC_2LAYERS_ELLIPSOMETRY,BBOB,16.35377474427517
PHOTONIC_2LAYERS_ELLIPSOMETRY,BBOB,16.628555771378917
PHOTONIC_2LAYERS_ELLIPSOMETRY,BBOB,16.61281128114507
PHOTONIC_2LAYERS_ELLIPSOMETRY,BBOB,17.154997378711325
PHOTONIC_2LAYERS_ELLIPSOMETRY,BBOB,16.565832735530922
PHOTONIC_2LAYERS_ELLIPSOMETRY,BBOB,17.111952956227892
PHOTONIC_2LAYERS_ELLIPSOMETRY,BBOB,16.73877841018272
PHOTONIC_2LAYERS_ELLIPSOMETRY,BBOB,17.748097410870134
PHOTONIC_2LAYERS_ELLIPSOMETRY,BBOB,17.931240685479196
PHOTONIC_2LAYERS_ELLIPSOMETRY,BBOB,17.145857535777736
PHOTONIC_2LAYERS_ELLIPSOMETRY,BBOB,16.744834687806296
PHOTONIC_2LAYERS_ELLIPSOMETRY,BBOB,16.863201029725616
PHOTONIC_2LAYERS_ELLIPSOMETRY,BBOB,17.510150889201924
PHOTONIC_2LAYERS_ELLIPSOMETRY,BBOB,16.72317624615782
PHOTONIC_2LAYERS_ELLIPSOMETRY,BBOB,16.689312426080555
PHOTONIC_2LAYERS_ELLIPSOMETRY,BBOB,17.176830981586708
PHOTONIC_2LAYERS_ELLIPSOMETRY,BBOB,16.62411683725766
PHOTONIC_2LAYERS_ELLIPSOMETRY,BBOB,16.78544088263075
PHOTONIC_2LAYERS_ELLIPSOMETRY,BBOB,16.596015842231207
PHOTONIC_2LAYERS_ELLIPSOMETRY,BBOB,16.591327203221322
PHOTONIC_2LAYERS_ELLIPSOMETRY,BBOB,16.585885856784248
PHOTONIC_2LAYERS_ELLIPSOMETRY,BBOB,17.29180039312133
PHOTONIC_2LAYERS_ELLIPSOMETRY,BBOB,16.521709307778014
PHOTONIC_2LAYERS_ELLIPSOMETRY,BBOB,16.701655376044602
PHOTONIC_2LAYERS_ELLIPSOMETRY,BBOB,16.693165424999847
PHOTONIC_2LAYERS_ELLIPSOMETRY,BBOB,17.598832042041103
PHOTONIC_2LAYERS_ELLIPSOMETRY,BBOB,17.25575372712444
PHOTONIC_2LAYERS_ELLIPSOMETRY,BBOB,16.308426329782726
PHOTONIC_2LAYERS_ELLIPSOMETRY,BBOB,16.383721144894047
PHOTONIC_2LAYERS_ELLIPSOMETRY,BBOB,16.62562750988012
PHOTONIC_2LAYERS_ELLIPSOMETRY,BBOB,16.73936582622178
PHOTONIC_2LAYERS_ELLIPSOMETRY,BBOB,16.53634740791124
PHOTONIC_2LAYERS_ELLIPSOMETRY,BBOB,16.310472558356988
PHOTONIC_2LAYERS_ELLIPSOMETRY,BBOB,16.88696230260422
PHOTONIC_2LAYERS_ELLIPSOMETRY,BBOB,16.527602124529057
PHOTONIC_2LAYERS_ELLIPSOMETRY,BBOB,16.978614156714105
PHOTONIC_2LAYERS_ELLIPSOMETRY,BBOB,16.76087364041597
PHOTONIC_2LAYERS_ELLIPSOMETRY,BBOB,16.677863764629382
PHOTONIC_2LAYERS_ELLIPSOMETRY,BBOB,16.88210480299132
PHOTONIC_2LAYERS_ELLIPSOMETRY,BBOB,17.50909715794191
PHOTONIC_2LAYERS_ELLIPSOMETRY,BBOB,16.962391254998312
PHOTONIC_2LAYERS_ELLIPSOMETRY,BBOB,16.614389149653363
PHOTONIC_2LAYERS_ELLIPSOMETRY,BBOB,16.865066816344005
PHOTONIC_2LAYERS_ELLIPSOMETRY,BBOB,16.32669198923001
PHOTONIC_2LAYERS_ELLIPSOMETRY,BBOB,17.69816421153975
PHOTONIC_2LAYERS_ELLIPSOMETRY,BBOB,16.229047273114904
PHOTONIC_2LAYERS_ELLIPSOMETRY,BBOB,16.614457903024096
PHOTONIC_2LAYERS_ELLIPSOMETRY,BBOB,16.700253424249
PHOTONIC_2LAYERS_ELLIPSOMETRY,BBOB,16.669152069265966
PHOTONIC_2LAYERS_ELLIPSOMETRY,BBOB,17.52145341056461
PHOTONIC_2LAYERS_ELLIPSOMETRY,BBOB,16.66507328542147
PHOTONIC_2LAYERS_ELLIPSOMETRY,BBOB,16.596147057978563
PHOTONIC_2LAYERS_ELLIPSOMETRY,BBOB,16.635247182160917
PHOTONIC_2LAYERS_ELLIPSOMETRY,BBOB,17.005590475838662
PHOTONIC_2LAYERS_ELLIPSOMETRY,BBOB,16.485916309075815
PHOTONIC_2LAYERS_ELLIPSOMETRY,BBOB,16.389453612456016
PHOTONIC_2LAYERS_ELLIPSOMETRY,BBOB,17.12690492657547
PHOTONIC_2LAYERS_ELLIPSOMETRY,BBOB,16.46980978457396
PHOTONIC_2LAYERS_ELLIPSOMETRY,BBOB,17.407631846781392
PHOTONIC_2LAYERS_ELLIPSOMETRY,BBOB,16.9626294466945
PHOTONIC_2LAYERS_ELLIPSOMETRY,BBOB,17.21526364089409
PHOTONIC_2LAYERS_ELLIPSOMETRY,BBOB,16.82089271002231
PHOTONIC_2LAYERS_ELLIPSOMETRY,BBOB,16.734980047534798
PHOTONIC_2LAYERS_ELLIPSOMETRY,BBOB,16.52104300709543
PHOTONIC_2LAYERS_ELLIPSOMETRY,BBOB,17.932195022454522
PHOTONIC_2LAYERS_ELLIPSOMETRY,BBOB,19.516772459468154
PHOTONIC_2LAYERS_ELLIPSOMETRY,BBOB,16.728110252493916
PHOTONIC_2LAYERS_ELLIPSOMETRY,BBOB,16.862695358659963
PHOTONIC_2LAYERS_ELLIPSOMETRY,BBOB,16.769319809437707
PHOTONIC_2LAYERS_ELLIPSOMETRY,BBOB,16.392740645527635
PHOTONIC_2LAYERS_ELLIPSOMETRY,BBOB,16.59959017440409
PHOTONIC_2LAYERS_ELLIPSOMETRY,BBOB,16.629504960037576
PHOTONIC_2LAYERS_ELLIPSOMETRY,BBOB,17.09822246209821
PHOTONIC_2LAYERS_ELLIPSOMETRY,BBOB,16.645404870302027
PHOTONIC_2LAYERS_ELLIPSOMETRY,BBOB,16.522661386322547
PHOTONIC_2LAYERS_ELLIPSOMETRY,BBOB,17.406971667122043
PHOTONIC_2LAYERS_ELLIPSOMETRY,BBOB,16.582323139537767
PHOTONIC_2LAYERS_ELLIPSOMETRY,BBOB,17.516859192365757
PHOTONIC_2LAYERS_ELLIPSOMETRY,BBOB,16.806295219090735
PHOTONIC_2LAYERS_ELLIPSOMETRY,BBOB,17.62812127336764
PHOTONIC_2LAYERS_ELLIPSOMETRY,BBOB,16.519714151400265
PHOTONIC_2LAYERS_ELLIPSOMETRY,BBOB,16.598631212373203
PHOTONIC_2LAYERS_ELLIPSOMETRY,BBOB,16.550904750345026
PHOTONIC_2LAYERS_ELLIPSOMETRY,BBOB,17.96097526537834
PHOTONIC_2LAYERS_ELLIPSOMETRY,BBOB,17.534819658766605
PHOTONIC_2LAYERS_ELLIPSOMETRY,BBOB,16.637429576721008
PHOTONIC_2LAYERS_ELLIPSOMETRY,BBOB,16.816626345635868
PHOTONIC_2LAYERS_ELLIPSOMETRY,BBOB,19.516195811517917
PHOTONIC_2LAYERS_ELLIPSOMETRY,BBOB,16.70119607704244
PHOTONIC_2LAYERS_ELLIPSOMETRY,BBOB,16.800350248457168
PHOTONIC_2LAYERS_ELLIPSOMETRY,BBOB,17.08321443709969
PHOTONIC_2LAYERS_ELLIPSOMETRY,BBOB,17.753849213900747
PHOTONIC_2LAYERS_ELLIPSOMETRY,BBOB,16.55125189344748
PHOTONIC_2LAYERS_ELLIPSOMETRY,BBOB,17.50414399744118
PHOTONIC_2LAYERS_ELLIPSOMETRY,BBOB,17.39190803799991
PHOTONIC_2LAYERS_ELLIPSOMETRY,BBOB,17.599781649426518
PHOTONIC_2LAYERS_ELLIPSOMETRY,BBOB,16.743735741728834
PHOTONIC_2LAYERS_ELLIPSOMETRY,BBOB,16.687719470241323
PHOTONIC_2LAYERS_ELLIPSOMETRY,BBOB,16.208753243992224
PHOTONIC_2LAYERS_ELLIPSOMETRY,BBOB,17.940113773980837
PHOTONIC_2LAYERS_ELLIPSOMETRY,BBOB,16.515304776964534
PHOTONIC_2LAYERS_ELLIPSOMETRY,BBOB,16.629622895687294
PHOTONIC_2LAYERS_ELLIPSOMETRY,BBOB,17.01367726934072
PHOTONIC_2LAYERS_ELLIPSOMETRY,BBOB,16.614944157382123
PHOTONIC_2LAYERS_ELLIPSOMETRY,BBOB,16.17891484517026
PHOTONIC_2LAYERS_ELLIPSOMETRY,BBOB,16.72212980499981
PHOTONIC_2LAYERS_ELLIPSOMETRY,BBOB,16.778678221891244
PHOTONIC_2LAYERS_ELLIPSOMETRY,BBOB,16.888425073512515
PHOTONIC_2LAYERS_ELLIPSOMETRY,BBOB,16.551101856430993
PHOTONIC_2LAYERS_ELLIPSOMETRY,BBOB,17.021818432729578
PHOTONIC_2LAYERS_ELLIPSOMETRY,BBOB,17.599536218429453
PHOTONIC_2LAYERS_ELLIPSOMETRY,BBOB,16.752931117602763
PHOTONIC_2LAYERS_ELLIPSOMETRY,BBOB,16.76218782249227
PHOTONIC_2LAYERS_ELLIPSOMETRY,BBOB,16.573673535928062
PHOTONIC_2LAYERS_ELLIPSOMETRY,BBOB,17.291567011970265
PHOTONIC_2LAYERS_ELLIPSOMETRY,BBOB,17.134469924932823
PHOTONIC_2LAYERS_ELLIPSOMETRY,BBOB,17.406671762335623
PHOTONIC_2LAYERS_ELLIPSOMETRY,BBOB,16.275882836027627
PHOTONIC_2LAYERS_ELLIPSOMETRY,BBOB,17.133747291131616
PHOTONIC_2LAYERS_ELLIPSOMETRY,BBOB,16.87507349197322
PHOTONIC_2LAYERS_ELLIPSOMETRY,BBOB,16.650055702983842
PHOTONIC_2LAYERS_ELLIPSOMETRY,BBOB,17.82272788542728
PHOTONIC_2LAYERS_ELLIPSOMETRY,BBOB,16.5795214366273
PHOTONIC_2LAYERS_ELLIPSOMETRY,BBOB,16.615751902170246
PHOTONIC_2LAYERS_ELLIPSOMETRY,BBOB,16.875226886831097
PHOTONIC_2LAYERS_ELLIPSOMETRY,BBOB,16.895101459716457
PHOTONIC_2LAYERS_ELLIPSOMETRY,BBOB,17.321737262042824
PHOTONIC_2LAYERS_ELLIPSOMETRY,BBOB,17.18564030846874
PHOTONIC_2LAYERS_ELLIPSOMETRY,BBOB,16.79975331415355
PHOTONIC_2LAYERS_ELLIPSOMETRY,BBOB,16.519878934345478
PHOTONIC_2LAYERS_ELLIPSOMETRY,BBOB,16.6284846789586
PHOTONIC_2LAYERS_ELLIPSOMETRY,BBOB,17.275434826742362
PHOTONIC_2LAYERS_ELLIPSOMETRY,BBOB,16.27330962107562
PHOTONIC_2LAYERS_ELLIPSOMETRY,BBOB,16.718194865078175
PHOTONIC_2LAYERS_ELLIPSOMETRY,BBOB,16.397604875869323
PHOTONIC_2LAYERS_ELLIPSOMETRY,BBOB,17.71570898121052
PHOTONIC_2LAYERS_ELLIPSOMETRY,BBOB,17.20695469545834
PHOTONIC_2LAYERS_ELLIPSOMETRY,BBOB,16.887086015153734
PHOTONIC_2LAYERS_ELLIPSOMETRY,BBOB,16.654674562750902
PHOTONIC_2LAYERS_ELLIPSOMETRY,BBOB,16.599714830268315
PHOTONIC_2LAYERS_ELLIPSOMETRY,BBOB,17.258950214519864
PHOTONIC_2LAYERS_ELLIPSOMETRY,BBOB,17.24882069583665
PHOTONIC_2LAYERS_ELLIPSOMETRY,BBOB,17.25507870845059
PHOTONIC_2LAYERS_ELLIPSOMETRY,BBOB,16.676375706497105
PHOTONIC_2LAYERS_ELLIPSOMETRY,BBOB,16.881874803821198
PHOTONIC_2LAYERS_ELLIPSOMETRY,BBOB,17.162643116992353
PHOTONIC_2LAYERS_ELLIPSOMETRY,BBOB,17.07018804939333
PHOTONIC_2LAYERS_ELLIPSOMETRY,BBOB,16.735840714322805
PHOTONIC_2LAYERS_ELLIPSOMETRY,BBOB,16.551908105386502
PHOTONIC_2LAYERS_ELLIPSOMETRY,BBOB,16.627139042748738
PHOTONIC_2LAYERS_ELLIPSOMETRY,BBOB,16.650374569512415
PHOTONIC_2LAYERS_ELLIPSOMETRY,BBOB,17.203206026646576
PHOTONIC_2LAYERS_ELLIPSOMETRY,BBOB,17.927107790721156
PHOTONIC_2LAYERS_ELLIPSOMETRY,BBOB,17.097371670977694
PHOTONIC_2LAYERS_ELLIPSOMETRY,BBOB,16.801308649542428
PHOTONIC_2LAYERS_ELLIPSOMETRY,BBOB,16.607417561215232
PHOTONIC_2LAYERS_ELLIPSOMETRY,BBOB,16.859610512056463
PHOTONIC_2LAYERS_ELLIPSOMETRY,BBOB,16.70637713054964
PHOTONIC_2LAYERS_ELLIPSOMETRY,BBOB,17.663397619905705
PHOTONIC_2LAYERS_ELLIPSOMETRY,BBOB,16.588870633047893
PHOTONIC_2LAYERS_ELLIPSOMETRY,BBOB,16.480913638485497
PHOTONIC_2LAYERS_ELLIPSOMETRY,BBOB,16.62331239819081
PHOTONIC_2LAYERS_ELLIPSOMETRY,BBOB,16.58274992351773
PHOTONIC_2LAYERS_ELLIPSOMETRY,BBOB,21.8335660664668
PHOTONIC_2LAYERS_ELLIPSOMETRY,BBOB,16.541328353092943
PHOTONIC_2LAYERS_ELLIPSOMETRY,BBOB,16.350643165005604
PHOTONIC_2LAYERS_ELLIPSOMETRY,BBOB,17.092152422533882
PHOTONIC_2LAYERS_ELLIPSOMETRY,BBOB,16.503820847005166
PHOTONIC_2LAYERS_ELLIPSOMETRY,BBOB,16.440979915166853
PHOTONIC_2LAYERS_ELLIPSOMETRY,BBOB,16.573623468041532
PHOTONIC_2LAYERS_ELLIPSOMETRY,BBOB,16.596642569519563
PHOTONIC_2LAYERS_ELLIPSOMETRY,BBOB,16.62022049621899
PHOTONIC_2LAYERS_ELLIPSOMETRY,BBOB,17.534207425853996
PHOTONIC_2LAYERS_ELLIPSOMETRY,BBOB,17.211222200731793
PHOTONIC_2LAYERS_ELLIPSOMETRY,BBOB,16.577694521119906
PHOTONIC_2LAYERS_ELLIPSOMETRY,BBOB,16.62546245471177
PHOTONIC_2LAYERS_ELLIPSOMETRY,BBOB,16.554675978867778
PHOTONIC_2LAYERS_ELLIPSOMETRY,BBOB,16.47885824825738
PHOTONIC_2LAYERS_ELLIPSOMETRY,BBOB,16.675781743283967
PHOTONIC_2LAYERS_ELLIPSOMETRY,BBOB,16.587462143969603
PHOTONIC_2LAYERS_ELLIPSOMETRY,BBOB,17.58555197705776
PHOTONIC_2LAYERS_ELLIPSOMETRY,BBOB,16.483482634977047
PHOTONIC_2LAYERS_ELLIPSOMETRY,BBOB,16.417875344088934
PHOTONIC_2LAYERS_ELLIPSOMETRY,BBOB,16.317571360175133
PHOTONIC_2LAYERS_ELLIPSOMETRY,BBOB,16.561026109513467
PHOTONIC_2LAYERS_ELLIPSOMETRY,BBOB,16.61253246848813
PHOTONIC_2LAYERS_ELLIPSOMETRY,BBOB,16.266455085548433
PHOTONIC_2LAYERS_ELLIPSOMETRY,BBOB,17.212423862975548
PHOTONIC_2LAYERS_ELLIPSOMETRY,BBOB,17.137418708986925
PHOTONIC_2LAYERS_ELLIPSOMETRY,BBOB,17.64572267250073
PHOTONIC_2LAYERS_ELLIPSOMETRY,BBOB,17.61565877760579
PHOTONIC_2LAYERS_ELLIPSOMETRY,BBOB,16.507891778738387
PHOTONIC_2LAYERS_ELLIPSOMETRY,BBOB,17.555006627012986
PHOTONIC_2LAYERS_ELLIPSOMETRY,BBOB,17.097662148667016
PHOTONIC_2LAYERS_ELLIPSOMETRY,BBOB,17.020580183037787
PHOTONIC_2LAYERS_ELLIPSOMETRY,BBOB,17.114225734490923
PHOTONIC_2LAYERS_ELLIPSOMETRY,BBOB,16.646969206774315
PHOTONIC_2LAYERS_ELLIPSOMETRY,BBOB,16.620943642747342
PHOTONIC_2LAYERS_ELLIPSOMETRY,BBOB,16.882086375509203
PHOTONIC_2LAYERS_ELLIPSOMETRY,BBOB,17.124621175415008
PHOTONIC_2LAYERS_ELLIPSOMETRY,BBOB,16.563047436023762
PHOTONIC_2LAYERS_ELLIPSOMETRY,BBOB,16.68315902152148
PHOTONIC_2LAYERS_ELLIPSOMETRY,BBOB,17.14203311416692
PHOTONIC_2LAYERS_ELLIPSOMETRY,BBOB,17.1174564396843
PHOTONIC_2LAYERS_ELLIPSOMETRY,BBOB,16.591972539817057
PHOTONIC_2LAYERS_ELLIPSOMETRY,BBOB,17.108970219172885
PHOTONIC_2LAYERS_ELLIPSOMETRY,BBOB,17.015570335832585
PHOTONIC_2LAYERS_ELLIPSOMETRY,BBOB,17.731801858904518
PHOTONIC_2LAYERS_ELLIPSOMETRY,BBOB,17.085510244857968
PHOTONIC_2LAYERS_ELLIPSOMETRY,BBOB,16.157428981223607
PHOTONIC_2LAYERS_ELLIPSOMETRY,BBOB,16.3204193744086
PHOTONIC_2LAYERS_ELLIPSOMETRY,BBOB,16.79624114028491
PHOTONIC_2LAYERS_ELLIPSOMETRY,BBOB,17.33198971175097
PHOTONIC_2LAYERS_ELLIPSOMETRY,BBOB,17.939265632949116
PHOTONIC_2LAYERS_ELLIPSOMETRY,BBOB,16.881519251269605
PHOTONIC_2LAYERS_ELLIPSOMETRY,BBOB,17.511317707068365
PHOTONIC_2LAYERS_ELLIPSOMETRY,BBOB,16.746235749506898
PHOTONIC_2LAYERS_ELLIPSOMETRY,BBOB,17.276218754164443
PHOTONIC_2LAYERS_ELLIPSOMETRY,BBOB,16.307630936680795
PHOTONIC_2LAYERS_ELLIPSOMETRY,BBOB,16.202252935738347
PHOTONIC_2LAYERS_ELLIPSOMETRY,BBOB,16.262994927821953
PHOTONIC_2LAYERS_ELLIPSOMETRY,BBOB,16.466901934340424
PHOTONIC_2LAYERS_ELLIPSOMETRY,BBOB,16.753365471201047
PHOTONIC_2LAYERS_ELLIPSOMETRY,BBOB,16.753635139783174
PHOTONIC_2LAYERS_ELLIPSOMETRY,BBOB,16.392389821631507
PHOTONIC_2LAYERS_ELLIPSOMETRY,BBOB,17.128414079262072
PHOTONIC_2LAYERS_ELLIPSOMETRY,BBOB,16.879215672650965
PHOTONIC_2LAYERS_ELLIPSOMETRY,BBOB,16.76711595399358
PHOTONIC_2LAYERS_ELLIPSOMETRY,BBOB,17.370191706135277
PHOTONIC_2LAYERS_ELLIPSOMETRY,BBOB,17.245546421441322
PHOTONIC_2LAYERS_ELLIPSOMETRY,BBOB,17.31773043232297
PHOTONIC_2LAYERS_ELLIPSOMETRY,BBOB,17.15851022076171
PHOTONIC_2LAYERS_ELLIPSOMETRY,BBOB,16.886879853616666
PHOTONIC_2LAYERS_ELLIPSOMETRY,BBOB,17.10905574453019
PHOTONIC_2LAYERS_ELLIPSOMETRY,BBOB,17.191815293810073
PHOTONIC_2LAYERS_ELLIPSOMETRY,BBOB,16.874929527191487
PHOTONIC_2LAYERS_ELLIPSOMETRY,BBOB,16.747268046353074
PHOTONIC_2LAYERS_ELLIPSOMETRY,BBOB,17.0968563959832
PHOTONIC_2LAYERS_ELLIPSOMETRY,BBOB,16.12515466980212
PHOTONIC_2LAYERS_ELLIPSOMETRY,BBOB,16.550380890184687
PHOTONIC_2LAYERS_ELLIPSOMETRY,BBOB,16.81207162002742
PHOTONIC_2LAYERS_ELLIPSOMETRY,BBOB,17.350685930026287
PHOTONIC_2LAYERS_ELLIPSOMETRY,BBOB,17.661186969218758
PHOTONIC_2LAYERS_ELLIPSOMETRY,BBOB,16.59099599945095
PHOTONIC_2LAYERS_ELLIPSOMETRY,BBOB,16.935872309671716
PHOTONIC_2LAYERS_ELLIPSOMETRY,BBOB,16.540592772141324
PHOTONIC_2LAYERS_ELLIPSOMETRY,BBOB,17.186959048990182
PHOTONIC_2LAYERS_ELLIPSOMETRY,BBOB,17.46850683752265
PHOTONIC_2LAYERS_ELLIPSOMETRY,BBOB,16.32099267029426
PHOTONIC_2LAYERS_ELLIPSOMETRY,BBOB,16.598706658231396
PHOTONIC_2LAYERS_ELLIPSOMETRY,BBOB,17.16313440684029
PHOTONIC_2LAYERS_ELLIPSOMETRY,BBOB,16.589384735345174
PHOTONIC_2LAYERS_ELLIPSOMETRY,BBOB,17.929447523954487
PHOTONIC_2LAYERS_ELLIPSOMETRY,BBOB,16.48805843278689
PHOTONIC_2LAYERS_ELLIPSOMETRY,BBOB,17.186278081377157
PHOTONIC_2LAYERS_ELLIPSOMETRY,BBOB,17.299374612283493
PHOTONIC_2LAYERS_ELLIPSOMETRY,BBOB,24.408476701199042
PHOTONIC_2LAYERS_ELLIPSOMETRY,BBOB,17.92880989603458
PHOTONIC_2LAYERS_ELLIPSOMETRY,BBOB,16.556071159646386
PHOTONIC_2LAYERS_ELLIPSOMETRY,BBOB,17.073877172254722
PHOTONIC_2LAYERS_ELLIPSOMETRY,BBOB,16.61990524389227
PHOTONIC_2LAYERS_ELLIPSOMETRY,BBOB,16.66109451182686
PHOTONIC_2LAYERS_ELLIPSOMETRY,BBOB,16.46431212705743
PHOTONIC_2LAYERS_ELLIPSOMETRY,BBOB,17.481563335571114
PHOTONIC_2LAYERS_ELLIPSOMETRY,BBOB,16.88174529660614
PHOTONIC_2LAYERS_ELLIPSOMETRY,BBOB,16.502804574570778
PHOTONIC_2LAYERS_ELLIPSOMETRY,BBOB,17.242931039571147
PHOTONIC_2LAYERS_ELLIPSOMETRY,BBOB,16.821100788287392
PHOTONIC_2LAYERS_ELLIPSOMETRY,BBOB,17.53133281754579
PHOTONIC_2LAYERS_ELLIPSOMETRY,BBOB,16.986623657162543
PHOTONIC_2LAYERS_ELLIPSOMETRY,BBOB,16.593141236412652
PHOTONIC_2LAYERS_ELLIPSOMETRY,BBOB,16.664972433205605
PHOTONIC_2LAYERS_ELLIPSOMETRY,BBOB,17.58357728090146
PHOTONIC_2LAYERS_ELLIPSOMETRY,BBOB,17.538824711846598
PHOTONIC_2LAYERS_ELLIPSOMETRY,BBOB,16.691133447588303
PHOTONIC_2LAYERS_ELLIPSOMETRY,BBOB,16.224408595720316
PHOTONIC_2LAYERS_ELLIPSOMETRY,BBOB,16.68205093720313
PHOTONIC_2LAYERS_ELLIPSOMETRY,BBOB,16.85164046444751
PHOTONIC_2LAYERS_ELLIPSOMETRY,BBOB,16.633793306375004
PHOTONIC_2LAYERS_ELLIPSOMETRY,BBOB,16.700993910874153
PHOTONIC_2LAYERS_ELLIPSOMETRY,BBOB,17.00104658063452
PHOTONIC_2LAYERS_ELLIPSOMETRY,BBOB,17.0925523606497
PHOTONIC_2LAYERS_ELLIPSOMETRY,BBOB,16.796605443322004
PHOTONIC_2LAYERS_ELLIPSOMETRY,BBOB,16.60934615538332
PHOTONIC_2LAYERS_ELLIPSOMETRY,BBOB,16.552663396493614
PHOTONIC_2LAYERS_ELLIPSOMETRY,BBOB,16.51589701408398
PHOTONIC_2LAYERS_ELLIPSOMETRY,BBOB,16.697398257496836
PHOTONIC_2LAYERS_ELLIPSOMETRY,BBOB,17.932080920224557
PHOTONIC_2LAYERS_ELLIPSOMETRY,BBOB,16.47484841087318
PHOTONIC_2LAYERS_ELLIPSOMETRY,BBOB,16.82464022492874
PHOTONIC_2LAYERS_ELLIPSOMETRY,BBOB,17.71483939816111
PHOTONIC_2LAYERS_ELLIPSOMETRY,BBOB,17.480311390998402
PHOTONIC_2LAYERS_ELLIPSOMETRY,BBOB,16.66715529572733
PHOTONIC_2LAYERS_ELLIPSOMETRY,BBOB,16.58134215438457
PHOTONIC_2LAYERS_ELLIPSOMETRY,BBOB,16.523869719163752
PHOTONIC_2LAYERS_ELLIPSOMETRY,BBOB,16.552423735300035
PHOTONIC_2LAYERS_ELLIPSOMETRY,BBOB,17.397565881935627
PHOTONIC_2LAYERS_ELLIPSOMETRY,BBOB,17.123838675087203
PHOTONIC_2LAYERS_ELLIPSOMETRY,BBOB,16.31709066406933
PHOTONIC_2LAYERS_ELLIPSOMETRY,BBOB,17.74242703267883
PHOTONIC_2LAYERS_ELLIPSOMETRY,BBOB,17.178600196404084
PHOTONIC_2LAYERS_ELLIPSOMETRY,BBOB,16.619353159002664
PHOTONIC_2LAYERS_ELLIPSOMETRY,BBOB,16.80280067355637
PHOTONIC_2LAYERS_ELLIPSOMETRY,BBOB,16.94863714537068
PHOTONIC_2LAYERS_ELLIPSOMETRY,BBOB,17.414620497620074
PHOTONIC_2LAYERS_ELLIPSOMETRY,BBOB,17.759566790685025
PHOTONIC_2LAYERS_ELLIPSOMETRY,BBOB,16.585252820322125
PHOTONIC_2LAYERS_ELLIPSOMETRY,BBOB,17.82625102989427
PHOTONIC_2LAYERS_ELLIPSOMETRY,BBOB,16.585021594629247
PHOTONIC_2LAYERS_ELLIPSOMETRY,BBOB,16.614558209640492
PHOTONIC_2LAYERS_ELLIPSOMETRY,BBOB,17.149466705792474
PHOTONIC_2LAYERS_ELLIPSOMETRY,BBOB,16.462888515648977
PHOTONIC_2LAYERS_ELLIPSOMETRY,BBOB,17.29356233270644
PHOTONIC_2LAYERS_ELLIPSOMETRY,BBOB,16.26594267555897
PHOTONIC_2LAYERS_ELLIPSOMETRY,BBOB,17.36908321490511
PHOTONIC_2LAYERS_ELLIPSOMETRY,BBOB,17.069054290047518
PHOTONIC_2LAYERS_ELLIPSOMETRY,BBOB,16.564800784208693
PHOTONIC_2LAYERS_ELLIPSOMETRY,BBOB,16.8112930977566
PHOTONIC_2LAYERS_ELLIPSOMETRY,BBOB,16.484065819181186
PHOTONIC_2LAYERS_ELLIPSOMETRY,BBOB,16.581420879309587
PHOTONIC_2LAYERS_ELLIPSOMETRY,BBOB,17.741646240538376
PHOTONIC_2LAYERS_ELLIPSOMETRY,BBOB,18.109138428030864
PHOTONIC_2LAYERS_ELLIPSOMETRY,BBOB,17.20012023804822
PHOTONIC_2LAYERS_ELLIPSOMETRY,BBOB,17.05368916867651
PHOTONIC_2LAYERS_ELLIPSOMETRY,BBOB,16.662009797381852
PHOTONIC_2LAYERS_ELLIPSOMETRY,BBOB,16.64861740552879
PHOTONIC_2LAYERS_ELLIPSOMETRY,BBOB,16.672005385641306
PHOTONIC_2LAYERS_ELLIPSOMETRY,BBOB,17.212036444911963
PHOTONIC_2LAYERS_ELLIPSOMETRY,BBOB,16.69311250391196
PHOTONIC_2LAYERS_ELLIPSOMETRY,BBOB,16.936061052159303
PHOTONIC_2LAYERS_ELLIPSOMETRY,BBOB,16.419567930996962
PHOTONIC_2LAYERS_ELLIPSOMETRY,BBOB,17.209905658912433
PHOTONIC_2LAYERS_ELLIPSOMETRY,BBOB,17.650630456895726
PHOTONIC_2LAYERS_ELLIPSOMETRY,BBOB,16.67847881092069
PHOTONIC_2LAYERS_ELLIPSOMETRY,BBOB,16.796475143180906
PHOTONIC_2LAYERS_ELLIPSOMETRY,BBOB,16.690429560531992
PHOTONIC_2LAYERS_ELLIPSOMETRY,BBOB,16.40372631762419
PHOTONIC_2LAYERS_ELLIPSOMETRY,BBOB,17.25444229059496
PHOTONIC_2LAYERS_ELLIPSOMETRY,BBOB,21.833980344867268
PHOTONIC_2LAYERS_ELLIPSOMETRY,BBOB,16.227204509723226
PHOTONIC_2LAYERS_ELLIPSOMETRY,BBOB,17.544657964899603
PHOTONIC_2LAYERS_ELLIPSOMETRY,BBOB,18.109889582427844
PHOTONIC_2LAYERS_ELLIPSOMETRY,BBOB,16.77602941111004
PHOTONIC_2LAYERS_ELLIPSOMETRY,BBOB,16.74055486622959
PHOTONIC_2LAYERS_ELLIPSOMETRY,BBOB,16.63947443310944
PHOTONIC_2LAYERS_ELLIPSOMETRY,BBOB,16.11171449384764
PHOTONIC_2LAYERS_ELLIPSOMETRY,BBOB,17.37365308225657
PHOTONIC_2LAYERS_ELLIPSOMETRY,BBOB,17.417917105810016
PHOTONIC_2LAYERS_ELLIPSOMETRY,BBOB,16.794217935544278
PHOTONIC_2LAYERS_ELLIPSOMETRY,BBOB,17.214131392109397
PHOTONIC_2LAYERS_ELLIPSOMETRY,BBOB,19.689853281636243
PHOTONIC_2LAYERS_ELLIPSOMETRY,BBOB,16.63419229927839
PHOTONIC_2LAYERS_ELLIPSOMETRY,BBOB,17.77817408846007
PHOTONIC_2LAYERS_ELLIPSOMETRY,BBOB,16.541255499494515
PHOTONIC_2LAYERS_ELLIPSOMETRY,BBOB,16.638460283282186
PHOTONIC_2LAYERS_ELLIPSOMETRY,BBOB,17.25842730230911
PHOTONIC_2LAYERS_ELLIPSOMETRY,BBOB,16.898172001752375
PHOTONIC_2LAYERS_ELLIPSOMETRY,BBOB,16.692075692099966
PHOTONIC_2LAYERS_ELLIPSOMETRY,BBOB,17.64875199457857
PHOTONIC_2LAYERS_ELLIPSOMETRY,BBOB,17.068240732808242
PHOTONIC_2LAYERS_ELLIPSOMETRY,BBOB,16.701890880454002
PHOTONIC_2LAYERS_ELLIPSOMETRY,BBOB,17.93953454019704
PHOTONIC_2LAYERS_ELLIPSOMETRY,BBOB,16.623093861825545
PHOTONIC_2LAYERS_ELLIPSOMETRY,BBOB,17.25829743338477
PHOTONIC_2LAYERS_ELLIPSOMETRY,BBOB,16.81080001006517
PHOTONIC_2LAYERS_ELLIPSOMETRY,BBOB,16.107921451966185
PHOTONIC_2LAYERS_ELLIPSOMETRY,BBOB,16.717920480340993
PHOTONIC_2LAYERS_ELLIPSOMETRY,BBOB,17.224019108225935
PHOTONIC_2LAYERS_ELLIPSOMETRY,BBOB,16.72795908447211
PHOTONIC_2LAYERS_ELLIPSOMETRY,BBOB,17.209313009889513
PHOTONIC_2LAYERS_ELLIPSOMETRY,BBOB,16.471287291855436
PHOTONIC_2LAYERS_ELLIPSOMETRY,BBOB,17.12243862552483
PHOTONIC_2LAYERS_ELLIPSOMETRY,BBOB,17.209618799210443
PHOTONIC_2LAYERS_ELLIPSOMETRY,BBOB,16.720084724037747
PHOTONIC_2LAYERS_ELLIPSOMETRY,BBOB,16.57193869739204
PHOTONIC_2LAYERS_ELLIPSOMETRY,BBOB,16.956287026347287
PHOTONIC_2LAYERS_ELLIPSOMETRY,BBOB,16.761089304571474
PHOTONIC_2LAYERS_ELLIPSOMETRY,BBOB,16.623208125166762
PHOTONIC_2LAYERS_ELLIPSOMETRY,BBOB,16.769833523083275
PHOTONIC_2LAYERS_ELLIPSOMETRY,BBOB,16.47185645827227
PHOTONIC_2LAYERS_ELLIPSOMETRY,BBOB,16.40784027177415
PHOTONIC_2LAYERS_ELLIPSOMETRY,BBOB,16.27496803638874
PHOTONIC_2LAYERS_ELLIPSOMETRY,BBOB,17.383440898552575
PHOTONIC_2LAYERS_ELLIPSOMETRY,BBOB,17.10884162755006
PHOTONIC_2LAYERS_ELLIPSOMETRY,BBOB,16.79359039856252
PHOTONIC_2LAYERS_ELLIPSOMETRY,BBOB,16.663743578794083
PHOTONIC_2LAYERS_ELLIPSOMETRY,BBOB,17.662134673053902
PHOTONIC_2LAYERS_ELLIPSOMETRY,BBOB,16.8777865072584
PHOTONIC_2LAYERS_ELLIPSOMETRY,BBOB,16.655907504971672
PHOTONIC_2LAYERS_ELLIPSOMETRY,BBOB,17.002184891024744
PHOTONIC_2LAYERS_ELLIPSOMETRY,BBOB,16.723450311647138
PHOTONIC_2LAYERS_ELLIPSOMETRY,BBOB,16.59754782504755
PHOTONIC_2LAYERS_ELLIPSOMETRY,BBOB,16.56856817961743
PHOTONIC_2LAYERS_ELLIPSOMETRY,BBOB,16.665671307172584
PHOTONIC_2LAYERS_ELLIPSOMETRY,BBOB,16.64861984539928
PHOTONIC_2LAYERS_ELLIPSOMETRY,BBOB,16.30673994055668
PHOTONIC_2LAYERS_ELLIPSOMETRY,BBOB,17.22247577259034
PHOTONIC_2LAYERS_ELLIPSOMETRY,BBOB,16.29219299730911
PHOTONIC_2LAYERS_ELLIPSOMETRY,BBOB,16.306689193321414
PHOTONIC_2LAYERS_ELLIPSOMETRY,BBOB,17.527690211576505
PHOTONIC_2LAYERS_ELLIPSOMETRY,BBOB,16.733877045097067
PHOTONIC_2LAYERS_ELLIPSOMETRY,BBOB,16.615861258835036
PHOTONIC_2LAYERS_ELLIPSOMETRY,BBOB,16.65906110100884
PHOTONIC_2LAYERS_ELLIPSOMETRY,BBOB,16.643593498497978
PHOTONIC_2LAYERS_ELLIPSOMETRY,BBOB,17.17320085930998
PHOTONIC_2LAYERS_ELLIPSOMETRY,BBOB,16.92241384933103
PHOTONIC_2LAYERS_ELLIPSOMETRY,BBOB,17.179266683005764
PHOTONIC_2LAYERS_ELLIPSOMETRY,BBOB,16.691096079069116
PHOTONIC_2LAYERS_ELLIPSOMETRY,BBOB,16.80316025470032
PHOTONIC_2LAYERS_ELLIPSOMETRY,BBOB,17.361580277050763
PHOTONIC_2LAYERS_ELLIPSOMETRY,BBOB,16.680007829406843
PHOTONIC_2LAYERS_ELLIPSOMETRY,BBOB,16.921581375305255
PHOTONIC_2LAYERS_ELLIPSOMETRY,BBOB,17.029814372993375
PHOTONIC_2LAYERS_ELLIPSOMETRY,BBOB,16.521672049730057
PHOTONIC_2LAYERS_ELLIPSOMETRY,BBOB,17.108941580411162
PHOTONIC_2LAYERS_ELLIPSOMETRY,BBOB,16.651046537186367
PHOTONIC_2LAYERS_ELLIPSOMETRY,BBOB,16.158970312062323
PHOTONIC_2LAYERS_ELLIPSOMETRY,BBOB,17.01282517447341
PHOTONIC_2LAYERS_ELLIPSOMETRY,BBOB,16.915264916337705
PHOTONIC_2LAYERS_ELLIPSOMETRY,BBOB,16.876914560579582
PHOTONIC_2LAYERS_ELLIPSOMETRY,BBOB,17.076458986496263
PHOTONIC_2LAYERS_ELLIPSOMETRY,BBOB,16.87739022831188
PHOTONIC_2LAYERS_ELLIPSOMETRY,BBOB,16.924727078737995
PHOTONIC_2LAYERS_ELLIPSOMETRY,BBOB,16.91994349913169
PHOTONIC_2LAYERS_ELLIPSOMETRY,BBOB,16.321442583816676
PHOTONIC_2LAYERS_ELLIPSOMETRY,BBOB,16.349870225580695
PHOTONIC_2LAYERS_ELLIPSOMETRY,BBOB,16.44326901394023
PHOTONIC_2LAYERS_ELLIPSOMETRY,BBOB,16.39426646484827
PHOTONIC_2LAYERS_ELLIPSOMETRY,BBOB,17.251331353234516
PHOTONIC_2LAYERS_ELLIPSOMETRY,BBOB,16.07809164600317
PHOTONIC_2LAYERS_ELLIPSOMETRY,BBOB,16.55283669899463
PHOTONIC_2LAYERS_ELLIPSOMETRY,BBOB,16.665263920564236
PHOTONIC_2LAYERS_ELLIPSOMETRY,BBOB,16.447113410027935
PHOTONIC_2LAYERS_ELLIPSOMETRY,BBOB,24.406142637515387
PHOTONIC_2LAYERS_ELLIPSOMETRY,BBOB,17.664316353329305
PHOTONIC_2LAYERS_ELLIPSOMETRY,BBOB,17.94049775586181
PHOTONIC_2LAYERS_ELLIPSOMETRY,BBOB,17.05403943147341
PHOTONIC_2LAYERS_ELLIPSOMETRY,BBOB,16.70018188556573
PHOTONIC_2LAYERS_ELLIPSOMETRY,BBOB,17.097764492437328
PHOTONIC_2LAYERS_ELLIPSOMETRY,BBOB,16.558132714553675
PHOTONIC_2LAYERS_ELLIPSOMETRY,BBOB,17.20584324703025
PHOTONIC_2LAYERS_ELLIPSOMETRY,BBOB,16.159423409096267
PHOTONIC_2LAYERS_ELLIPSOMETRY,BBOB,16.567888131514707
PHOTONIC_2LAYERS_ELLIPSOMETRY,BBOB,16.633622524475786
PHOTONIC_2LAYERS_ELLIPSOMETRY,BBOB,17.107323807239187
PHOTONIC_2LAYERS_ELLIPSOMETRY,BBOB,16.578811517657652
PHOTONIC_2LAYERS_ELLIPSOMETRY,BBOB,16.670225792241617
PHOTONIC_2LAYERS_ELLIPSOMETRY,BBOB,16.838659451908622
PHOTONIC_2LAYERS_ELLIPSOMETRY,BBOB,16.582243299867972
PHOTONIC_2LAYERS_ELLIPSOMETRY,BBOB,17.215820147360645
PHOTONIC_2LAYERS_ELLIPSOMETRY,BBOB,16.736493991879755
PHOTONIC_2LAYERS_ELLIPSOMETRY,BBOB,16.646532937726185
PHOTONIC_2LAYERS_ELLIPSOMETRY,BBOB,17.389488781269307
PHOTONIC_2LAYERS_ELLIPSOMETRY,BBOB,16.67812508583244
PHOTONIC_2LAYERS_ELLIPSOMETRY,BBOB,17.0852084733241
PHOTONIC_2LAYERS_ELLIPSOMETRY,BBOB,17.16286811930868
PHOTONIC_2LAYERS_ELLIPSOMETRY,BBOB,16.447751847557676
PHOTONIC_2LAYERS_ELLIPSOMETRY,BBOB,17.181903110328733
PHOTONIC_2LAYERS_ELLIPSOMETRY,BBOB,16.747281809704813
PHOTONIC_2LAYERS_ELLIPSOMETRY,BBOB,17.122444920795566
PHOTONIC_2LAYERS_ELLIPSOMETRY,BBOB,16.68820743953742
PHOTONIC_2LAYERS_ELLIPSOMETRY,BBOB,23.531096947782764
PHOTONIC_2LAYERS_ELLIPSOMETRY,BBOB,17.128424843253093
PHOTONIC_2LAYERS_ELLIPSOMETRY,BBOB,17.82764842366309
PHOTONIC_2LAYERS_ELLIPSOMETRY,BBOB,17.10950889540392
PHOTONIC_2LAYERS_ELLIPSOMETRY,BBOB,17.56506929303539
PHOTONIC_2LAYERS_ELLIPSOMETRY,BBOB,17.112639746593736
PHOTONIC_2LAYERS_ELLIPSOMETRY,BBOB,17.827620288502754
PHOTONIC_2LAYERS_ELLIPSOMETRY,BBOB,17.364882747771116
PHOTONIC_2LAYERS_ELLIPSOMETRY,BBOB,16.7567542579924
PHOTONIC_2LAYERS_ELLIPSOMETRY,BBOB,17.252830939135244
PHOTONIC_2LAYERS_ELLIPSOMETRY,BBOB,16.637842374115603
PHOTONIC_2LAYERS_ELLIPSOMETRY,BBOB,17.122609342151772
PHOTONIC_2LAYERS_ELLIPSOMETRY,BBOB,16.34047005386908
PHOTONIC_2LAYERS_ELLIPSOMETRY,BBOB,16.588301409576186
PHOTONIC_2LAYERS_ELLIPSOMETRY,BBOB,16.70917467020098
PHOTONIC_2LAYERS_ELLIPSOMETRY,BBOB,16.050786234816115
PHOTONIC_2LAYERS_ELLIPSOMETRY,BBOB,16.019364312201482
PHOTONIC_2LAYERS_ELLIPSOMETRY,BBOB,16.678484864723096
PHOTONIC_2LAYERS_ELLIPSOMETRY,BBOB,17.236418322864036
PHOTONIC_2LAYERS_ELLIPSOMETRY,BBOB,16.527777081513563
PHOTONIC_2LAYERS_ELLIPSOMETRY,BBOB,17.09304365920294
PHOTONIC_2LAYERS_ELLIPSOMETRY,BBOB,16.49329038644009
PHOTONIC_2LAYERS_ELLIPSOMETRY,BBOB,17.189303922396867
PHOTONIC_2LAYERS_ELLIPSOMETRY,BBOB,16.569196915922443
PHOTONIC_2LAYERS_ELLIPSOMETRY,BBOB,17.098192347961152
PHOTONIC_2LAYERS_ELLIPSOMETRY,BBOB,17.659787290870167
PHOTONIC_2LAYERS_ELLIPSOMETRY,BBOB,16.63491940684207
PHOTONIC_2LAYERS_ELLIPSOMETRY,BBOB,16.267044762898408
PHOTONIC_2LAYERS_ELLIPSOMETRY,BBOB,17.376123568495153
PHOTONIC_2LAYERS_ELLIPSOMETRY,BBOB,17.410904678271653
PHOTONIC_2LAYERS_ELLIPSOMETRY,BBOB,16.490022614214084
PHOTONIC_2LAYERS_ELLIPSOMETRY,BBOB,17.176486534429717
PHOTONIC_2LAYERS_ELLIPSOMETRY,BBOB,16.263250976660384
PHOTONIC_2LAYERS_ELLIPSOMETRY,BBOB,16.552854410795327
PHOTONIC_2LAYERS_ELLIPSOMETRY,BBOB,17.621430370176263
PHOTONIC_2LAYERS_ELLIPSOMETRY,BBOB,17.01510546232619
PHOTONIC_2LAYERS_ELLIPSOMETRY,BBOB,16.940288413580536
PHOTONIC_2LAYERS_ELLIPSOMETRY,BBOB,16.13112505792183
PHOTONIC_2LAYERS_ELLIPSOMETRY,BBOB,17.1167197321282
PHOTONIC_2LAYERS_ELLIPSOMETRY,BBOB,16.92192283604455
PHOTONIC_2LAYERS_ELLIPSOMETRY,BBOB,17.749013869009527
PHOTONIC_2LAYERS_ELLIPSOMETRY,BBOB,16.55128581767397
PHOTONIC_2LAYERS_ELLIPSOMETRY,BBOB,16.644892690171734
PHOTONIC_2LAYERS_ELLIPSOMETRY,BBOB,16.80524483011315
PHOTONIC_2LAYERS_ELLIPSOMETRY,BBOB,16.50672501221976
PHOTONIC_2LAYERS_ELLIPSOMETRY,BBOB,16.657500231863775
PHOTONIC_2LAYERS_ELLIPSOMETRY,BBOB,16.63764201690252
PHOTONIC_2LAYERS_ELLIPSOMETRY,BBOB,17.14548874391952
PHOTONIC_2LAYERS_ELLIPSOMETRY,BBOB,16.027767753826367
PHOTONIC_2LAYERS_ELLIPSOMETRY,BBOB,16.86595621950172
PHOTONIC_2LAYERS_ELLIPSOMETRY,BBOB,16.501544791124186
PHOTONIC_2LAYERS_ELLIPSOMETRY,BBOB,16.747326282367784
PHOTONIC_2LAYERS_ELLIPSOMETRY,BBOB,16.576519798242234
PHOTONIC_2LAYERS_ELLIPSOMETRY,BBOB,16.56913272611808
PHOTONIC_2LAYERS_ELLIPSOMETRY,BBOB,16.613763378431397
PHOTONIC_2LAYERS_ELLIPSOMETRY,BBOB,16.8160663022037
PHOTONIC_2LAYERS_ELLIPSOMETRY,BBOB,17.370971787875693
PHOTONIC_2LAYERS_ELLIPSOMETRY,BBOB,16.937548884124418
PHOTONIC_2LAYERS_ELLIPSOMETRY,BBOB,16.598595192484584
PHOTONIC_2LAYERS_ELLIPSOMETRY,BBOB,16.61575047369306
PHOTONIC_2LAYERS_ELLIPSOMETRY,BBOB,16.443973172246277
PHOTONIC_2LAYERS_ELLIPSOMETRY,BBOB,16.5888888356511
PHOTONIC_2LAYERS_ELLIPSOMETRY,BBOB,16.744117344420065
PHOTONIC_2LAYERS_ELLIPSOMETRY,BBOB,16.527496356686008
PHOTONIC_2LAYERS_ELLIPSOMETRY,BBOB,16.584488743152033
PHOTONIC_2LAYERS_ELLIPSOMETRY,BBOB,24.409227089197515
PHOTONIC_2LAYERS_ELLIPSOMETRY,BBOB,16.604948712105116
PHOTONIC_2LAYERS_ELLIPSOMETRY,BBOB,17.016089010847864
PHOTONIC_2LAYERS_ELLIPSOMETRY,BBOB,17.564736897389576
PHOTONIC_2LAYERS_ELLIPSOMETRY,BBOB,17.148340450762664
PHOTONIC_2LAYERS_ELLIPSOMETRY,BBOB,17.63115880852307
PHOTONIC_2LAYERS_ELLIPSOMETRY,BBOB,16.596600307541923
PHOTONIC_2LAYERS_ELLIPSOMETRY,BBOB,16.50912819865813
PHOTONIC_2LAYERS_ELLIPSOMETRY,BBOB,16.64846736605602
PHOTONIC_2LAYERS_ELLIPSOMETRY,BBOB,16.667066211142284
PHOTONIC_2LAYERS_ELLIPSOMETRY,BBOB,16.11590886855684
PHOTONIC_2LAYERS_ELLIPSOMETRY,BBOB,17.116577601392205
PHOTONIC_2LAYERS_ELLIPSOMETRY,BBOB,17.014790508105076
PHOTONIC_2LAYERS_ELLIPSOMETRY,BBOB,16.433660202945752
PHOTONIC_2LAYERS_ELLIPSOMETRY,BBOB,16.795979989390634
PHOTONIC_2LAYERS_ELLIPSOMETRY,BBOB,16.722515502026006
PHOTONIC_2LAYERS_ELLIPSOMETRY,BBOB,17.744672876583248
PHOTONIC_2LAYERS_ELLIPSOMETRY,BBOB,16.596454607493122
PHOTONIC_2LAYERS_ELLIPSOMETRY,BBOB,17.004199858133727
PHOTONIC_2LAYERS_ELLIPSOMETRY,BBOB,16.65917699557544
PHOTONIC_2LAYERS_ELLIPSOMETRY,BBOB,23.54181197330586
PHOTONIC_2LAYERS_ELLIPSOMETRY,BBOB,16.64485020684824
PHOTONIC_2LAYERS_ELLIPSOMETRY,BBOB,17.940882990940658
PHOTONIC_2LAYERS_ELLIPSOMETRY,BBOB,16.559787082229306
PHOTONIC_2LAYERS_ELLIPSOMETRY,BBOB,17.50404504306507
PHOTONIC_2LAYERS_ELLIPSOMETRY,BBOB,17.009264316524288
PHOTONIC_2LAYERS_ELLIPSOMETRY,BBOB,16.886316755286316
PHOTONIC_2LAYERS_ELLIPSOMETRY,BBOB,17.391912750737845
PHOTONIC_2LAYERS_ELLIPSOMETRY,BBOB,16.736085742106205
PHOTONIC_2LAYERS_ELLIPSOMETRY,BBOB,16.706600655869877
PHOTONIC_2LAYERS_ELLIPSOMETRY,BBOB,16.580378097562686
PHOTONIC_2LAYERS_ELLIPSOMETRY,BBOB,17.365881316607464
PHOTONIC_2LAYERS_ELLIPSOMETRY,BBOB,17.494485243789338
PHOTONIC_2LAYERS_ELLIPSOMETRY,BBOB,16.69110256199117
PHOTONIC_2LAYERS_ELLIPSOMETRY,BBOB,24.408890018663406
PHOTONIC_2LAYERS_ELLIPSOMETRY,BBOB,16.681165543241544
PHOTONIC_2LAYERS_ELLIPSOMETRY,BBOB,16.56969583332417
PHOTONIC_2LAYERS_ELLIPSOMETRY,BBOB,16.499816508820892
PHOTONIC_2LAYERS_ELLIPSOMETRY,BBOB,16.773997679115027
PHOTONIC_2LAYERS_ELLIPSOMETRY,BBOB,17.11894531484834
PHOTONIC_2LAYERS_ELLIPSOMETRY,BBOB,16.528429546108004
PHOTONIC_2LAYERS_ELLIPSOMETRY,BBOB,16.46337903521732
PHOTONIC_2LAYERS_ELLIPSOMETRY,BBOB,16.64627670259057
PHOTONIC_2LAYERS_ELLIPSOMETRY,BBOB,16.37722592618153
PHOTONIC_2LAYERS_ELLIPSOMETRY,BBOB,17.188878841488055
PHOTONIC_2LAYERS_ELLIPSOMETRY,BBOB,16.568209597509508
PHOTONIC_2LAYERS_ELLIPSOMETRY,BBOB,17.2966297116338
PHOTONIC_2LAYERS_ELLIPSOMETRY,BBOB,16.85136164066355
PHOTONIC_2LAYERS_ELLIPSOMETRY,BBOB,16.627679557827683
PHOTONIC_2LAYERS_ELLIPSOMETRY,BBOB,17.538716161254772
PHOTONIC_2LAYERS_ELLIPSOMETRY,BBOB,16.480254067043123
PHOTONIC_2LAYERS_ELLIPSOMETRY,BBOB,16.62294685577612
PHOTONIC_2LAYERS_ELLIPSOMETRY,BBOB,16.5564347493221
PHOTONIC_2LAYERS_ELLIPSOMETRY,BBOB,16.887699278625355
PHOTONIC_2LAYERS_ELLIPSOMETRY,BBOB,16.506818886653967
PHOTONIC_2LAYERS_ELLIPSOMETRY,BBOB,17.204835222121616
PHOTONIC_2LAYERS_ELLIPSOMETRY,BBOB,16.699335270752073
PHOTONIC_2LAYERS_ELLIPSOMETRY,BBOB,17.687756552243822
PHOTONIC_2LAYERS_ELLIPSOMETRY,BBOB,17.93819264666101
PHOTONIC_2LAYERS_ELLIPSOMETRY,BBOB,16.62096157209721
PHOTONIC_2LAYERS_ELLIPSOMETRY,BBOB,16.748208136875764
PHOTONIC_2LAYERS_ELLIPSOMETRY,BBOB,16.621891801780347
PHOTONIC_2LAYERS_ELLIPSOMETRY,BBOB,16.566777607752737
PHOTONIC_2LAYERS_ELLIPSOMETRY,BBOB,17.196050402093334
PHOTONIC_2LAYERS_ELLIPSOMETRY,BBOB,16.686170948960058
PHOTONIC_2LAYERS_ELLIPSOMETRY,BBOB,16.293703743197614
PHOTONIC_2LAYERS_ELLIPSOMETRY,BBOB,17.430043589682455
PHOTONIC_2LAYERS_ELLIPSOMETRY,BBOB,16.120412377773707
PHOTONIC_2LAYERS_ELLIPSOMETRY,BBOB,17.269094541929487
PHOTONIC_2LAYERS_ELLIPSOMETRY,BBOB,17.14044540895209
PHOTONIC_2LAYERS_ELLIPSOMETRY,BBOB,16.648045596708034
PHOTONIC_2LAYERS_ELLIPSOMETRY,BBOB,16.69470749437489
PHOTONIC_2LAYERS_ELLIPSOMETRY,BBOB,16.66855296018278
PHOTONIC_2LAYERS_ELLIPSOMETRY,BBOB,17.945469925155997
PHOTONIC_2LAYERS_ELLIPSOMETRY,BBOB,16.66543283311967
PHOTONIC_2LAYERS_ELLIPSOMETRY,BBOB,16.81592977418727
PHOTONIC_2LAYERS_ELLIPSOMETRY,BBOB,16.446287573249577
PHOTONIC_2LAYERS_ELLIPSOMETRY,BBOB,16.45252655124262
PHOTONIC_2LAYERS_ELLIPSOMETRY,BBOB,17.125954802999527
PHOTONIC_2LAYERS_ELLIPSOMETRY,BBOB,16.41234024975489
PHOTONIC_2LAYERS_ELLIPSOMETRY,BBOB,16.519169014394446
PHOTONIC_2LAYERS_ELLIPSOMETRY,BBOB,17.62136588189659
PHOTONIC_2LAYERS_ELLIPSOMETRY,BBOB,17.906743431993984
PHOTONIC_2LAYERS_ELLIPSOMETRY,BBOB,17.107321346510965
PHOTONIC_2LAYERS_ELLIPSOMETRY,BBOB,16.733865186493528
PHOTONIC_2LAYERS_ELLIPSOMETRY,BBOB,16.759687878207398
PHOTONIC_2LAYERS_ELLIPSOMETRY,BBOB,17.18016059237347
PHOTONIC_2LAYERS_ELLIPSOMETRY,BBOB,16.72744075116152
PHOTONIC_2LAYERS_ELLIPSOMETRY,BBOB,16.596673854336935
PHOTONIC_2LAYERS_ELLIPSOMETRY,BBOB,17.038206726895233
PHOTONIC_2LAYERS_ELLIPSOMETRY,BBOB,16.549611348364532
PHOTONIC_2LAYERS_ELLIPSOMETRY,BBOB,17.12620234960127
PHOTONIC_2LAYERS_ELLIPSOMETRY,BBOB,17.51128134620508
PHOTONIC_2LAYERS_ELLIPSOMETRY,BBOB,16.81233645831941
PHOTONIC_2LAYERS_ELLIPSOMETRY,BBOB,17.643759177164682
PHOTONIC_2LAYERS_ELLIPSOMETRY,BBOB,16.73396304467072
PHOTONIC_2LAYERS_ELLIPSOMETRY,BBOB,16.69893668324201
PHOTONIC_2LAYERS_ELLIPSOMETRY,BBOB,19.515881609529973
PHOTONIC_2LAYERS_ELLIPSOMETRY,BBOB,17.061397234596704
PHOTONIC_2LAYERS_ELLIPSOMETRY,BBOB,17.20688440873746
PHOTONIC_2LAYERS_ELLIPSOMETRY,BBOB,16.49517798774574
PHOTONIC_2LAYERS_ELLIPSOMETRY,BBOB,16.092834564242498
PHOTONIC_2LAYERS_ELLIPSOMETRY,BBOB,16.66433231896081
PHOTONIC_2LAYERS_ELLIPSOMETRY,BBOB,17.116809826466373
PHOTONIC_2LAYERS_ELLIPSOMETRY,BBOB,17.28412686652111
PHOTONIC_2LAYERS_ELLIPSOMETRY,BBOB,17.09758523675501
PHOTONIC_2LAYERS_ELLIPSOMETRY,BBOB,16.590424578218332
PHOTONIC_2LAYERS_ELLIPSOMETRY,BBOB,16.541767684196266
PHOTONIC_2LAYERS_ELLIPSOMETRY,BBOB,16.725632372639748
PHOTONIC_2LAYERS_ELLIPSOMETRY,BBOB,17.409144627714998
PHOTONIC_2LAYERS_ELLIPSOMETRY,BBOB,16.404779033873613
PHOTONIC_2LAYERS_ELLIPSOMETRY,BBOB,16.690085586148257
PHOTONIC_2LAYERS_ELLIPSOMETRY,BBOB,17.22454383075541
PHOTONIC_2LAYERS_ELLIPSOMETRY,BBOB,17.565119179247116
PHOTONIC_2LAYERS_ELLIPSOMETRY,BBOB,16.878100944017824
PHOTONIC_2LAYERS_ELLIPSOMETRY,BBOB,17.202412612763048
PHOTONIC_2LAYERS_ELLIPSOMETRY,BBOB,17.392084472712476
PHOTONIC_2LAYERS_ELLIPSOMETRY,BBOB,16.566699261701686
PHOTONIC_2LAYERS_ELLIPSOMETRY,BBOB,16.65725452926485
PHOTONIC_2LAYERS_ELLIPSOMETRY,BBOB,17.391964298092308
PHOTONIC_2LAYERS_ELLIPSOMETRY,BBOB,16.598087223010538
PHOTONIC_2LAYERS_ELLIPSOMETRY,BBOB,16.342916117731907
PHOTONIC_2LAYERS_ELLIPSOMETRY,BBOB,17.09834642835563
PHOTONIC_2LAYERS_ELLIPSOMETRY,BBOB,16.919913417502187
PHOTONIC_2LAYERS_ELLIPSOMETRY,BBOB,16.520978261515992
PHOTONIC_2LAYERS_ELLIPSOMETRY,BBOB,16.733363686630792
PHOTONIC_2LAYERS_ELLIPSOMETRY,BBOB,16.780045144348026
PHOTONIC_2LAYERS_ELLIPSOMETRY,BBOB,16.55106281743976
PHOTONIC_2LAYERS_ELLIPSOMETRY,BBOB,16.581041648271466
PHOTONIC_2LAYERS_ELLIPSOMETRY,BBOB,16.612996679149138
PHOTONIC_2LAYERS_ELLIPSOMETRY,BBOB,16.251821195285775
PHOTONIC_2LAYERS_ELLIPSOMETRY,BBOB,16.587617825028634
PHOTONIC_2LAYERS_ELLIPSOMETRY,BBOB,16.62022667582507
PHOTONIC_2LAYERS_ELLIPSOMETRY,BBOB,16.691157069620537
PHOTONIC_2LAYERS_ELLIPSOMETRY,BBOB,16.92157295800912
PHOTONIC_2LAYERS_ELLIPSOMETRY,BBOB,16.10866610221758
PHOTONIC_2LAYERS_ELLIPSOMETRY,BBOB,16.645204207232986
PHOTONIC_2LAYERS_ELLIPSOMETRY,BBOB,16.747299758940848
PHOTONIC_2LAYERS_ELLIPSOMETRY,BBOB,16.874320610004098
PHOTONIC_2LAYERS_ELLIPSOMETRY,BBOB,17.93809254865905
PHOTONIC_2LAYERS_ELLIPSOMETRY,BBOB,16.566975001698154
PHOTONIC_2LAYERS_ELLIPSOMETRY,BBOB,16.30725485187795
PHOTONIC_2LAYERS_ELLIPSOMETRY,BBOB,17.534192406746776
PHOTONIC_2LAYERS_ELLIPSOMETRY,BBOB,16.564096845271305
PHOTONIC_2LAYERS_ELLIPSOMETRY,BBOB,17.136773216062313
PHOTONIC_2LAYERS_ELLIPSOMETRY,BBOB,17.402308610533055
PHOTONIC_2LAYERS_ELLIPSOMETRY,BBOB,16.348570459997266
PHOTONIC_2LAYERS_ELLIPSOMETRY,BBOB,17.504158825324794
PHOTONIC_2LAYERS_ELLIPSOMETRY,BBOB,16.292698439784502
PHOTONIC_2LAYERS_ELLIPSOMETRY,BBOB,17.20244621764297
PHOTONIC_2LAYERS_ELLIPSOMETRY,BBOB,16.41820002380802
PHOTONIC_2LAYERS_ELLIPSOMETRY,BBOB,16.815023998892123
PHOTONIC_2LAYERS_ELLIPSOMETRY,BBOB,16.671634495993878
PHOTONIC_2LAYERS_ELLIPSOMETRY,BBOB,16.15257378347229
PHOTONIC_2LAYERS_ELLIPSOMETRY,BBOB,16.61263065872674
PHOTONIC_2LAYERS_ELLIPSOMETRY,BBOB,17.239881528536262
PHOTONIC_2LAYERS_ELLIPSOMETRY,BBOB,17.439290855213663
PHOTONIC_2LAYERS_ELLIPSOMETRY,BBOB,16.460432635696076
PHOTONIC_2LAYERS_ELLIPSOMETRY,BBOB,16.944455840894644
PHOTONIC_2LAYERS_ELLIPSOMETRY,BBOB,16.910988720461553
PHOTONIC_2LAYERS_ELLIPSOMETRY,BBOB,16.95067611562288
PHOTONIC_2LAYERS_ELLIPSOMETRY,BBOB,16.922058940881456
PHOTONIC_2LAYERS_ELLIPSOMETRY,BBOB,17.36674105675394
PHOTONIC_2LAYERS_ELLIPSOMETRY,BBOB,16.816828628216534
PHOTONIC_2LAYERS_ELLIPSOMETRY,BBOB,16.622618612596625
PHOTONIC_2LAYERS_ELLIPSOMETRY,BBOB,16.62726777211413
PHOTONIC_2LAYERS_ELLIPSOMETRY,BBOB,16.358062726490495
PHOTONIC_2LAYERS_ELLIPSOMETRY,BBOB,16.65150295717745
PHOTONIC_2LAYERS_ELLIPSOMETRY,BBOB,16.54779406185695
PHOTONIC_2LAYERS_ELLIPSOMETRY,BBOB,17.48859010316125
PHOTONIC_2LAYERS_ELLIPSOMETRY,BBOB,16.8779027768276
PHOTONIC_2LAYERS_ELLIPSOMETRY,BBOB,17.16910672378023
PHOTONIC_2LAYERS_ELLIPSOMETRY,BBOB,16.604912912679843
PHOTONIC_2LAYERS_ELLIPSOMETRY,BBOB,16.26215603548045
PHOTONIC_2LAYERS_ELLIPSOMETRY,BBOB,17.939619740405803
PHOTONIC_2LAYERS_ELLIPSOMETRY,BBOB,16.68986397223813
PHOTONIC_2LAYERS_ELLIPSOMETRY,BBOB,16.39980861142413
PHOTONIC_2LAYERS_ELLIPSOMETRY,BBOB,16.585248619310597
PHOTONIC_2LAYERS_ELLIPSOMETRY,BBOB,16.805642417526457
PHOTONIC_2LAYERS_ELLIPSOMETRY,BBOB,16.539889032872704
PHOTONIC_2LAYERS_ELLIPSOMETRY,BBOB,16.578521541237127
PHOTONIC_2LAYERS_ELLIPSOMETRY,BBOB,17.285660496387752
PHOTONIC_2LAYERS_ELLIPSOMETRY,BBOB,16.56584809446081
PHOTONIC_2LAYERS_ELLIPSOMETRY,BBOB,16.958640125542196
PHOTONIC_2LAYERS_ELLIPSOMETRY,BBOB,16.96223246841402
PHOTONIC_2LAYERS_ELLIPSOMETRY,BBOB,17.619792361037813
PHOTONIC_2LAYERS_ELLIPSOMETRY,BBOB,16.63869757507229
PHOTONIC_2LAYERS_ELLIPSOMETRY,BBOB,16.579164260610884
PHOTONIC_2LAYERS_ELLIPSOMETRY,BBOB,16.594571320976307
PHOTONIC_2LAYERS_ELLIPSOMETRY,BBOB,16.52445059317624
PHOTONIC_2LAYERS_ELLIPSOMETRY,BBOB,16.996810949861395
PHOTONIC_2LAYERS_ELLIPSOMETRY,BBOB,16.560473447024616
PHOTONIC_2LAYERS_ELLIPSOMETRY,BBOB,16.94601903413672
PHOTONIC_2LAYERS_ELLIPSOMETRY,BBOB,16.600951433535855
PHOTONIC_2LAYERS_ELLIPSOMETRY,BBOB,17.067516863290837
PHOTONIC_2LAYERS_ELLIPSOMETRY,BBOB,17.905833848790376
PHOTONIC_2LAYERS_ELLIPSOMETRY,BBOB,17.10919985177
PHOTONIC_2LAYERS_ELLIPSOMETRY,BBOB,16.47207650446429
PHOTONIC_2LAYERS_ELLIPSOMETRY,BBOB,16.678770651839432
PHOTONIC_2LAYERS_ELLIPSOMETRY,BBOB,16.51694621627573
PHOTONIC_2LAYERS_ELLIPSOMETRY,BBOB,16.719697544343365
PHOTONIC_2LAYERS_ELLIPSOMETRY,BBOB,16.714815606000514
PHOTONIC_2LAYERS_ELLIPSOMETRY,BBOB,16.63693079799675
PHOTONIC_2LAYERS_ELLIPSOMETRY,BBOB,16.214498341169648
PHOTONIC_2LAYERS_ELLIPSOMETRY,BBOB,16.615219781330598
PHOTONIC_2LAYERS_ELLIPSOMETRY,BBOB,16.97103437276322
PHOTONIC_2LAYERS_ELLIPSOMETRY,BBOB,17.939019195002906
PHOTONIC_2LAYERS_ELLIPSOMETRY,BBOB,16.67044345384237
PHOTONIC_2LAYERS_ELLIPSOMETRY,BBOB,17.529416544566693
PHOTONIC_2LAYERS_ELLIPSOMETRY,BBOB,17.586369212772215
PHOTONIC_2LAYERS_ELLIPSOMETRY,BBOB,17.551265071648867
PHOTONIC_2LAYERS_ELLIPSOMETRY,BBOB,16.747702385689042
PHOTONIC_2LAYERS_ELLIPSOMETRY,BBOB,16.585606973113403
PHOTONIC_2LAYERS_ELLIPSOMETRY,BBOB,17.908938513696764
PHOTONIC_2LAYERS_ELLIPSOMETRY,BBOB,23.512282412539346
PHOTONIC_2LAYERS_ELLIPSOMETRY,BBOB,16.292044741855815
PHOTONIC_2LAYERS_ELLIPSOMETRY,BBOB,17.132697767518465
PHOTONIC_2LAYERS_ELLIPSOMETRY,BBOB,16.62563545499069
PHOTONIC_2LAYERS_ELLIPSOMETRY,BBOB,16.737131052809573
PHOTONIC_2LAYERS_ELLIPSOMETRY,BBOB,17.053886887927856
PHOTONIC_2LAYERS_ELLIPSOMETRY,BBOB,16.615914817080437
PHOTONIC_2LAYERS_ELLIPSOMETRY,BBOB,16.419567930996962
PHOTONIC_2LAYERS_ELLIPSOMETRY,BBOB,16.558766235584216
PHOTONIC_2LAYERS_ELLIPSOMETRY,BBOB,17.920617917523618
PHOTONIC_2LAYERS_ELLIPSOMETRY,BBOB,17.71890268004202
PHOTONIC_2LAYERS_ELLIPSOMETRY,BBOB,16.83916888345433
PHOTONIC_2LAYERS_ELLIPSOMETRY,BBOB,16.581684268179263
PHOTONIC_2LAYERS_ELLIPSOMETRY,BBOB,16.87705411917692
PHOTONIC_2LAYERS_ELLIPSOMETRY,BBOB,16.272830190689653
PHOTONIC_2LAYERS_ELLIPSOMETRY,BBOB,17.29043997054517
PHOTONIC_2LAYERS_ELLIPSOMETRY,BBOB,16.39186326702679
PHOTONIC_2LAYERS_ELLIPSOMETRY,BBOB,17.260680139310097
PHOTONIC_2LAYERS_ELLIPSOMETRY,BBOB,17.56514111638744
PHOTONIC_2LAYERS_ELLIPSOMETRY,BBOB,16.760128019530256
PHOTONIC_2LAYERS_ELLIPSOMETRY,BBOB,16.664224215708188
PHOTONIC_2LAYERS_ELLIPSOMETRY,BBOB,16.637906047617392
PHOTONIC_2LAYERS_ELLIPSOMETRY,BBOB,17.273515700610144
PHOTONIC_2LAYERS_ELLIPSOMETRY,BBOB,16.581233101278826
PHOTONIC_2LAYERS_ELLIPSOMETRY,BBOB,16.157488791643786
PHOTONIC_2LAYERS_ELLIPSOMETRY,BBOB,17.939782455295557
PHOTONIC_2LAYERS_ELLIPSOMETRY,BBOB,16.37865986647863
PHOTONIC_2LAYERS_ELLIPSOMETRY,BBOB,17.21498016551749
PHOTONIC_2LAYERS_ELLIPSOMETRY,BBOB,17.466928875463967
PHOTONIC_2LAYERS_ELLIPSOMETRY,BBOB,16.590512880222825
PHOTONIC_2LAYERS_ELLIPSOMETRY,BBOB,17.412489603364328
PHOTONIC_2LAYERS_ELLIPSOMETRY,BBOB,17.369560000495884
PHOTONIC_2LAYERS_ELLIPSOMETRY,BBOB,16.641773814320263
PHOTONIC_2LAYERS_ELLIPSOMETRY,BBOB,16.62271502493305
PHOTONIC_2LAYERS_ELLIPSOMETRY,BBOB,16.719678118348746
PHOTONIC_2LAYERS_ELLIPSOMETRY,BBOB,16.35850917413777
PHOTONIC_2LAYERS_ELLIPSOMETRY,BBOB,17.932084775204075
PHOTONIC_2LAYERS_ELLIPSOMETRY,BBOB,16.568809132251843
PHOTONIC_2LAYERS_ELLIPSOMETRY,BBOB,16.59581026670735
PHOTONIC_2LAYERS_ELLIPSOMETRY,BBOB,16.21434716768928
PHOTONIC_2LAYERS_ELLIPSOMETRY,BBOB,17.157204713261155
PHOTONIC_2LAYERS_ELLIPSOMETRY,BBOB,16.6148782411395
PHOTONIC_2LAYERS_ELLIPSOMETRY,BBOB,16.69113391029842
PHOTONIC_2LAYERS_ELLIPSOMETRY,BBOB,17.926046904519016
PHOTONIC_2LAYERS_ELLIPSOMETRY,BBOB,16.581108777283156
PHOTONIC_2LAYERS_ELLIPSOMETRY,BBOB,17.107582073097586
PHOTONIC_2LAYERS_ELLIPSOMETRY,BBOB,17.20637518746906
PHOTONIC_2LAYERS_ELLIPSOMETRY,BBOB,17.207819301838605
PHOTONIC_2LAYERS_ELLIPSOMETRY,BBOB,16.63008971251106
PHOTONIC_2LAYERS_ELLIPSOMETRY,BBOB,16.54096982544145
PHOTONIC_2LAYERS_ELLIPSOMETRY,BBOB,17.919762968379963
PHOTONIC_2LAYERS_ELLIPSOMETRY,BBOB,16.768376906629943
PHOTONIC_2LAYERS_ELLIPSOMETRY,BBOB,16.553119987884912
PHOTONIC_2LAYERS_ELLIPSOMETRY,BBOB,16.827853414593566
PHOTONIC_2LAYERS_ELLIPSOMETRY,BBOB,16.937403887527452
PHOTONIC_2LAYERS_ELLIPSOMETRY,BBOB,16.607633092892115
PHOTONIC_2LAYERS_ELLIPSOMETRY,BBOB,16.504337286910637
PHOTONIC_2LAYERS_ELLIPSOMETRY,BBOB,16.67144623295861
PHOTONIC_2LAYERS_ELLIPSOMETRY,BBOB,16.704532516681272
PHOTONIC_2LAYERS_ELLIPSOMETRY,BBOB,16.88794848976502
PHOTONIC_2LAYERS_ELLIPSOMETRY,BBOB,17.146117131478682
PHOTONIC_2LAYERS_ELLIPSOMETRY,BBOB,16.552359338371794
PHOTONIC_2LAYERS_ELLIPSOMETRY,BBOB,17.22209849806581
PHOTONIC_2LAYERS_ELLIPSOMETRY,BBOB,16.581738785696878
PHOTONIC_2LAYERS_ELLIPSOMETRY,BBOB,16.63642046931669
PHOTONIC_2LAYERS_ELLIPSOMETRY,BBOB,17.31719209314315
PHOTONIC_2LAYERS_ELLIPSOMETRY,BBOB,17.69072093490365
PHOTONIC_2LAYERS_ELLIPSOMETRY,BBOB,16.58445746335617
PHOTONIC_2LAYERS_ELLIPSOMETRY,BBOB,16.467976445462558
PHOTONIC_2LAYERS_ELLIPSOMETRY,BBOB,16.68965576100222
PHOTONIC_2LAYERS_ELLIPSOMETRY,BBOB,16.374517288754475
PHOTONIC_2LAYERS_ELLIPSOMETRY,BBOB,16.212647677592507
PHOTONIC_2LAYERS_ELLIPSOMETRY,BBOB,17.651974802463364
PHOTONIC_2LAYERS_ELLIPSOMETRY,BBOB,16.657079246960993
PHOTONIC_2LAYERS_ELLIPSOMETRY,BBOB,16.897256771005612
PHOTONIC_2LAYERS_ELLIPSOMETRY,BBOB,16.579112987020622
PHOTONIC_2LAYERS_ELLIPSOMETRY,BBOB,16.29387610363626
PHOTONIC_2LAYERS_ELLIPSOMETRY,BBOB,16.406032896265074
PHOTONIC_2LAYERS_ELLIPSOMETRY,BBOB,16.748414734030465
PHOTONIC_2LAYERS_ELLIPSOMETRY,BBOB,17.38976624947342
PHOTONIC_2LAYERS_ELLIPSOMETRY,BBOB,17.04483193631111
PHOTONIC_2LAYERS_ELLIPSOMETRY,BBOB,16.55319932897977
PHOTONIC_2LAYERS_ELLIPSOMETRY,BBOB,17.13933982655128
PHOTONIC_2LAYERS_ELLIPSOMETRY,BBOB,16.73741693276076
PHOTONIC_2LAYERS_ELLIPSOMETRY,BBOB,16.55275710013406
PHOTONIC_2LAYERS_ELLIPSOMETRY,BBOB,17.259987515117803
PHOTONIC_2LAYERS_ELLIPSOMETRY,BBOB,16.59700893650428
PHOTONIC_2LAYERS_ELLIPSOMETRY,BBOB,16.649824617787196
PHOTONIC_2LAYERS_ELLIPSOMETRY,BBOB,16.21846806256742
PHOTONIC_2LAYERS_ELLIPSOMETRY,BBOB,17.947063340627558
PHOTONIC_2LAYERS_ELLIPSOMETRY,BBOB,16.708510479469144
PHOTONIC_2LAYERS_ELLIPSOMETRY,BBOB,17.008669939210424
PHOTONIC_2LAYERS_ELLIPSOMETRY,BBOB,17.58148037469655
PHOTONIC_2LAYERS_ELLIPSOMETRY,BBOB,17.93115017123588
PHOTONIC_2LAYERS_ELLIPSOMETRY,BBOB,16.702122427569225
PHOTONIC_2LAYERS_ELLIPSOMETRY,BBOB,16.787076865107405
PHOTONIC_2LAYERS_ELLIPSOMETRY,BBOB,16.48721039161332
PHOTONIC_2LAYERS_ELLIPSOMETRY,BBOB,17.826021620369083
PHOTONIC_2LAYERS_ELLIPSOMETRY,BBOB,16.667012241449555
PHOTONIC_2LAYERS_ELLIPSOMETRY,BBOB,16.596238209115963
PHOTONIC_2LAYERS_ELLIPSOMETRY,BBOB,17.5210246199922
PHOTONIC_2LAYERS_ELLIPSOMETRY,BBOB,16.730874635540967
PHOTONIC_2LAYERS_ELLIPSOMETRY,BBOB,17.111992855169603
PHOTONIC_2LAYERS_ELLIPSOMETRY,BBOB,17.253698840190104
PHOTONIC_2LAYERS_ELLIPSOMETRY,BBOB,17.496078060281054
PHOTONIC_2LAYERS_ELLIPSOMETRY,BBOB,16.59965697858078
PHOTONIC_2LAYERS_ELLIPSOMETRY,BBOB,16.573134422120475
PHOTONIC_2LAYERS_ELLIPSOMETRY,BBOB,17.1989703328823
PHOTONIC_2LAYERS_ELLIPSOMETRY,BBOB,17.175487543372373
PHOTONIC_2LAYERS_ELLIPSOMETRY,BBOB,16.513086431818117
PHOTONIC_2LAYERS_ELLIPSOMETRY,BBOB,16.52777735131323
PHOTONIC_2LAYERS_ELLIPSOMETRY,BBOB,16.544939882317486
PHOTONIC_2LAYERS_ELLIPSOMETRY,BBOB,16.666289261165026
PHOTONIC_2LAYERS_ELLIPSOMETRY,BBOB,16.389741252116135
PHOTONIC_2LAYERS_ELLIPSOMETRY,BBOB,17.10868186413887
PHOTONIC_2LAYERS_ELLIPSOMETRY,BBOB,16.70393398977064
PHOTONIC_2LAYERS_ELLIPSOMETRY,BBOB,16.311436867594498
PHOTONIC_2LAYERS_ELLIPSOMETRY,BBOB,16.69276753555335
PHOTONIC_2LAYERS_ELLIPSOMETRY,BBOB,17.11010803386168
PHOTONIC_2LAYERS_ELLIPSOMETRY,BBOB,16.876791626757814
PHOTONIC_2LAYERS_ELLIPSOMETRY,BBOB,16.594649286779187
PHOTONIC_2LAYERS_ELLIPSOMETRY,BBOB,16.48570402139067
PHOTONIC_2LAYERS_ELLIPSOMETRY,BBOB,17.372445802422163
PHOTONIC_2LAYERS_ELLIPSOMETRY,BBOB,16.918011747171985
PHOTONIC_2LAYERS_ELLIPSOMETRY,BBOB,16.694991549749005
PHOTONIC_2LAYERS_ELLIPSOMETRY,BBOB,16.79092421460966
PHOTONIC_2LAYERS_ELLIPSOMETRY,BBOB,16.567475734894508
PHOTONIC_2LAYERS_ELLIPSOMETRY,BBOB,17.05881366847278
PHOTONIC_2LAYERS_ELLIPSOMETRY,BBOB,16.74834870738507
PHOTONIC_2LAYERS_ELLIPSOMETRY,BBOB,16.645052429102346
PHOTONIC_2LAYERS_ELLIPSOMETRY,BBOB,17.09301806216562
PHOTONIC_2LAYERS_ELLIPSOMETRY,BBOB,17.14003288776239
PHOTONIC_2LAYERS_ELLIPSOMETRY,BBOB,16.67315731387538
PHOTONIC_2LAYERS_ELLIPSOMETRY,BBOB,16.954448420017997
PHOTONIC_2LAYERS_ELLIPSOMETRY,BBOB,17.19669545926193
PHOTONIC_2LAYERS_ELLIPSOMETRY,BBOB,23.492489624014784
PHOTONIC_2LAYERS_ELLIPSOMETRY,BBOB,16.56623917941514
PHOTONIC_2LAYERS_ELLIPSOMETRY,BBOB,16.78084120330019
PHOTONIC_2LAYERS_ELLIPSOMETRY,BBOB,17.629144939167844
PHOTONIC_2LAYERS_ELLIPSOMETRY,BBOB,16.70391076855627
PHOTONIC_2LAYERS_ELLIPSOMETRY,BBOB,16.645532874751026
PHOTONIC_2LAYERS_ELLIPSOMETRY,BBOB,17.284669253264845
PHOTONIC_2LAYERS_ELLIPSOMETRY,BBOB,16.74757659927061
PHOTONIC_2LAYERS_ELLIPSOMETRY,BBOB,16.57609777221227
PHOTONIC_2LAYERS_ELLIPSOMETRY,BBOB,16.46905141930168
PHOTONIC_2LAYERS_ELLIPSOMETRY,BBOB,16.734091657545992
PHOTONIC_2LAYERS_ELLIPSOMETRY,BBOB,16.95075490754358
PHOTONIC_2LAYERS_ELLIPSOMETRY,BBOB,16.154958599035297
PHOTONIC_2LAYERS_ELLIPSOMETRY,BBOB,16.147499669211072
PHOTONIC_2LAYERS_ELLIPSOMETRY,BBOB,17.168740628688425
PHOTONIC_2LAYERS_ELLIPSOMETRY,BBOB,16.59421121939425
PHOTONIC_2LAYERS_ELLIPSOMETRY,BBOB,16.692976046372927
PHOTONIC_2LAYERS_ELLIPSOMETRY,BBOB,16.61248215970901
PHOTONIC_2LAYERS_ELLIPSOMETRY,BBOB,16.577743458485692
PHOTONIC_2LAYERS_ELLIPSOMETRY,BBOB,16.92246211478693
PHOTONIC_2LAYERS_ELLIPSOMETRY,BBOB,16.567776217280187
PHOTONIC_2LAYERS_ELLIPSOMETRY,BBOB,16.726804841428745
PHOTONIC_2LAYERS_ELLIPSOMETRY,BBOB,16.405398811575502
PHOTONIC_2LAYERS_ELLIPSOMETRY,BBOB,16.674105907269297
PHOTONIC_2LAYERS_ELLIPSOMETRY,BBOB,16.89683934964181
PHOTONIC_2LAYERS_ELLIPSOMETRY,BBOB,16.821991924753743
PHOTONIC_2LAYERS_ELLIPSOMETRY,BBOB,17.929058472691427
PHOTONIC_2LAYERS_ELLIPSOMETRY,BBOB,16.626492026324478
PHOTONIC_2LAYERS_ELLIPSOMETRY,BBOB,16.1794330814547
PHOTONIC_2LAYERS_ELLIPSOMETRY,BBOB,16.306862602938303
PHOTONIC_2LAYERS_ELLIPSOMETRY,BBOB,16.629318851653352
PHOTONIC_2LAYERS_ELLIPSOMETRY,BBOB,17.946890972120222
PHOTONIC_2LAYERS_ELLIPSOMETRY,BBOB,17.22414679623238
PHOTONIC_2LAYERS_ELLIPSOMETRY,BBOB,16.393720686695048
PHOTONIC_2LAYERS_ELLIPSOMETRY,BBOB,16.665386901148416
PHOTONIC_2LAYERS_ELLIPSOMETRY,BBOB,16.63863778507349
PHOTONIC_2LAYERS_ELLIPSOMETRY,BBOB,16.5908330378933
PHOTONIC_2LAYERS_ELLIPSOMETRY,BBOB,16.687941929685493
PHOTONIC_2LAYERS_ELLIPSOMETRY,BBOB,16.665297018474245
PHOTONIC_2LAYERS_ELLIPSOMETRY,BBOB,16.64448506509815
PHOTONIC_2LAYERS_ELLIPSOMETRY,BBOB,19.689608275084968
PHOTONIC_2LAYERS_ELLIPSOMETRY,BBOB,17.173134969469896
PHOTONIC_2LAYERS_ELLIPSOMETRY,BBOB,17.941299058441533
PHOTONIC_2LAYERS_ELLIPSOMETRY,BBOB,16.46986525422178
PHOTONIC_2LAYERS_ELLIPSOMETRY,BBOB,16.548367672877355
PHOTONIC_2LAYERS_ELLIPSOMETRY,BBOB,16.725939239144914
PHOTONIC_2LAYERS_ELLIPSOMETRY,BBOB,17.36358409297583
PHOTONIC_2LAYERS_ELLIPSOMETRY,BBOB,16.68493628572338
PHOTONIC_2LAYERS_ELLIPSOMETRY,BBOB,16.871313727021082
PHOTONIC_2LAYERS_ELLIPSOMETRY,BBOB,17.950719827892662
PHOTONIC_2LAYERS_ELLIPSOMETRY,BBOB,16.665412394611288
PHOTONIC_2LAYERS_ELLIPSOMETRY,BBOB,16.72435670377829
PHOTONIC_2LAYERS_ELLIPSOMETRY,BBOB,16.68659155995789
PHOTONIC_2LAYERS_ELLIPSOMETRY,BBOB,17.598232841529992
PHOTONIC_2LAYERS_ELLIPSOMETRY,BBOB,16.582024406584928
PHOTONIC_2LAYERS_ELLIPSOMETRY,BBOB,17.063883221941047
PHOTONIC_2LAYERS_ELLIPSOMETRY,BBOB,16.88724709198147
PHOTONIC_2LAYERS_ELLIPSOMETRY,BBOB,16.694240321765054
PHOTONIC_2LAYERS_ELLIPSOMETRY,BBOB,16.62318587136627
PHOTONIC_2LAYERS_ELLIPSOMETRY,BBOB,16.506690811234694
PHOTONIC_2LAYERS_ELLIPSOMETRY,BBOB,16.538643549721062
PHOTONIC_2LAYERS_ELLIPSOMETRY,BBOB,16.46206452753867
PHOTONIC_2LAYERS_ELLIPSOMETRY,BBOB,16.40899534150507
PHOTONIC_2LAYERS_ELLIPSOMETRY,BBOB,16.659508723989973
PHOTONIC_2LAYERS_ELLIPSOMETRY,BBOB,16.816442110798004
PHOTONIC_2LAYERS_ELLIPSOMETRY,BBOB,17.20997168576316
PHOTONIC_2LAYERS_ELLIPSOMETRY,BBOB,16.402765180268958
PHOTONIC_2LAYERS_ELLIPSOMETRY,BBOB,16.877174556493465
PHOTONIC_2LAYERS_ELLIPSOMETRY,BBOB,16.80656972381402
PHOTONIC_2LAYERS_ELLIPSOMETRY,BBOB,16.68184139424504
PHOTONIC_2LAYERS_ELLIPSOMETRY,BBOB,17.139443986631147
PHOTONIC_2LAYERS_ELLIPSOMETRY,BBOB,16.6885098797717
PHOTONIC_2LAYERS_ELLIPSOMETRY,BBOB,17.947555194887894
PHOTONIC_2LAYERS_ELLIPSOMETRY,BBOB,16.919086361753354
PHOTONIC_2LAYERS_ELLIPSOMETRY,BBOB,16.94103952242683
PHOTONIC_2LAYERS_ELLIPSOMETRY,BBOB,16.95093921882112
PHOTONIC_2LAYERS_ELLIPSOMETRY,BBOB,16.889729744888015
PHOTONIC_2LAYERS_ELLIPSOMETRY,BBOB,16.534769441210805
PHOTONIC_2LAYERS_ELLIPSOMETRY,BBOB,16.897982313813927
PHOTONIC_2LAYERS_ELLIPSOMETRY,BBOB,19.250044204711603
PHOTONIC_2LAYERS_ELLIPSOMETRY,BBOB,16.590491844886632
PHOTONIC_2LAYERS_ELLIPSOMETRY,BBOB,16.60739533910414
PHOTONIC_2LAYERS_ELLIPSOMETRY,BBOB,17.526704127993906
PHOTONIC_2LAYERS_ELLIPSOMETRY,BBOB,16.58820193368742
PHOTONIC_2LAYERS_ELLIPSOMETRY,BBOB,17.246047065998994
PHOTONIC_2LAYERS_ELLIPSOMETRY,BBOB,17.302682338004075
PHOTONIC_2LAYERS_ELLIPSOMETRY,BBOB,16.5390868012747
PHOTONIC_2LAYERS_ELLIPSOMETRY,BBOB,16.567889799786183
PHOTONIC_2LAYERS_ELLIPSOMETRY,BBOB,16.56049422530756
PHOTONIC_2LAYERS_ELLIPSOMETRY,BBOB,17.565281258145482
PHOTONIC_2LAYERS_ELLIPSOMETRY,BBOB,17.197465786091726
PHOTONIC_2LAYERS_ELLIPSOMETRY,BBOB,16.70998505148177
PHOTONIC_2LAYERS_ELLIPSOMETRY,BBOB,17.952413274371605
PHOTONIC_2LAYERS_ELLIPSOMETRY,BBOB,16.577440331663585
PHOTONIC_2LAYERS_ELLIPSOMETRY,BBOB,16.694941496842002
PHOTONIC_2LAYERS_ELLIPSOMETRY,BBOB,16.571888139660793
PHOTONIC_2LAYERS_ELLIPSOMETRY,BBOB,16.573471800566047
PHOTONIC_2LAYERS_ELLIPSOMETRY,BBOB,16.87716061946894
PHOTONIC_2LAYERS_ELLIPSOMETRY,BBOB,16.935949411667767
PHOTONIC_2LAYERS_ELLIPSOMETRY,BBOB,16.72832152617987
PHOTONIC_2LAYERS_ELLIPSOMETRY,BBOB,16.87564820914256
PHOTONIC_2LAYERS_ELLIPSOMETRY,BBOB,16.914029020164648
PHOTONIC_2LAYERS_ELLIPSOMETRY,BBOB,16.39217529515344
PHOTONIC_2LAYERS_ELLIPSOMETRY,BBOB,17.51804388040629
PHOTONIC_2LAYERS_ELLIPSOMETRY,BBOB,16.569547005649397
PHOTONIC_2LAYERS_ELLIPSOMETRY,BBOB,16.668038366300635
PHOTONIC_2LAYERS_ELLIPSOMETRY,BBOB,16.646596100668173
PHOTONIC_2LAYERS_ELLIPSOMETRY,BBOB,16.230358137759286
PHOTONIC_2LAYERS_ELLIPSOMETRY,BBOB,16.683775853894762
PHOTONIC_2LAYERS_ELLIPSOMETRY,BBOB,17.52649143894802
PHOTONIC_2LAYERS_ELLIPSOMETRY,BBOB,17.365570288166452
PHOTONIC_2LAYERS_ELLIPSOMETRY,BBOB,16.55049326202821
PHOTONIC_2LAYERS_ELLIPSOMETRY,BBOB,18.108745920986586
PHOTONIC_2LAYERS_ELLIPSOMETRY,BBOB,16.456579111370036
PHOTONIC_2LAYERS_ELLIPSOMETRY,BBOB,16.73779372804807
PHOTONIC_2LAYERS_ELLIPSOMETRY,BBOB,17.15584307421884
PHOTONIC_2LAYERS_ELLIPSOMETRY,BBOB,16.949213505868435
PHOTONIC_2LAYERS_ELLIPSOMETRY,BBOB,16.467731118043474
PHOTONIC_2LAYERS_ELLIPSOMETRY,BBOB,16.53551087779468
PHOTONIC_2LAYERS_ELLIPSOMETRY,BBOB,17.94426348974391
PHOTONIC_2LAYERS_ELLIPSOMETRY,BBOB,17.162765824762356
PHOTONIC_2LAYERS_ELLIPSOMETRY,BBOB,16.54106976448463
PHOTONIC_2LAYERS_ELLIPSOMETRY,BBOB,16.50802144071785
PHOTONIC_2LAYERS_ELLIPSOMETRY,BBOB,17.108021022691005
PHOTONIC_2LAYERS_ELLIPSOMETRY,BBOB,17.153801264794787
PHOTONIC_2LAYERS_ELLIPSOMETRY,BBOB,17.07729677576282
PHOTONIC_2LAYERS_ELLIPSOMETRY,BBOB,17.36436296297104
PHOTONIC_2LAYERS_ELLIPSOMETRY,BBOB,17.204796399042156
PHOTONIC_2LAYERS_ELLIPSOMETRY,BBOB,16.58996943407614
PHOTONIC_2LAYERS_ELLIPSOMETRY,BBOB,16.35952148349713
PHOTONIC_2LAYERS_ELLIPSOMETRY,BBOB,17.19876511299041
PHOTONIC_2LAYERS_ELLIPSOMETRY,BBOB,16.804474579143715
PHOTONIC_2LAYERS_ELLIPSOMETRY,BBOB,17.221125768755545
PHOTONIC_2LAYERS_ELLIPSOMETRY,BBOB,16.645153040930857
PHOTONIC_2LAYERS_ELLIPSOMETRY,BBOB,16.76017717467631
PHOTONIC_2LAYERS_ELLIPSOMETRY,BBOB,17.269196427077997
PHOTONIC_2LAYERS_ELLIPSOMETRY,BBOB,17.163281543487884
PHOTONIC_2LAYERS_ELLIPSOMETRY,BBOB,17.031021071981467
PHOTONIC_2LAYERS_ELLIPSOMETRY,BBOB,16.839343763484067
PHOTONIC_2LAYERS_ELLIPSOMETRY,BBOB,17.216576567114473
PHOTONIC_2LAYERS_ELLIPSOMETRY,BBOB,17.21121453612549
PHOTONIC_2LAYERS_ELLIPSOMETRY,BBOB,16.516867025998504
PHOTONIC_2LAYERS_ELLIPSOMETRY,BBOB,16.646206213525016
PHOTONIC_2LAYERS_ELLIPSOMETRY,BBOB,16.569940269272823
PHOTONIC_2LAYERS_ELLIPSOMETRY,BBOB,16.650644518564842
PHOTONIC_2LAYERS_ELLIPSOMETRY,BBOB,16.786472077992272
PHOTONIC_2LAYERS_ELLIPSOMETRY,BBOB,16.37316809841347
PHOTONIC_2LAYERS_ELLIPSOMETRY,BBOB,16.69283088629016
PHOTONIC_2LAYERS_ELLIPSOMETRY,BBOB,17.17813303880961
PHOTONIC_2LAYERS_ELLIPSOMETRY,BBOB,16.668742070620294
PHOTONIC_2LAYERS_ELLIPSOMETRY,BBOB,17.380552952278467
PHOTONIC_2LAYERS_ELLIPSOMETRY,BBOB,16.619193409186938
PHOTONIC_2LAYERS_ELLIPSOMETRY,BBOB,17.14570744480265
PHOTONIC_2LAYERS_ELLIPSOMETRY,BBOB,16.61258503602197
PHOTONIC_2LAYERS_ELLIPSOMETRY,BBOB,16.61633284985606
PHOTONIC_2LAYERS_ELLIPSOMETRY,BBOB,16.622358914640635
PHOTONIC_2LAYERS_ELLIPSOMETRY,BBOB,16.386650073944697
PHOTONIC_2LAYERS_ELLIPSOMETRY,BBOB,16.290877348484436
PHOTONIC_2LAYERS_ELLIPSOMETRY,BBOB,16.99612775766844
PHOTONIC_2LAYERS_ELLIPSOMETRY,BBOB,16.626164772501358
PHOTONIC_2LAYERS_ELLIPSOMETRY,BBOB,16.308707138308066
PHOTONIC_2LAYERS_ELLIPSOMETRY,BBOB,16.60668704583446
PHOTONIC_2LAYERS_ELLIPSOMETRY,BBOB,16.319504106594884
PHOTONIC_2LAYERS_ELLIPSOMETRY,BBOB,16.662694165917035
PHOTONIC_2LAYERS_ELLIPSOMETRY,BBOB,16.695440218902487
PHOTONIC_2LAYERS_ELLIPSOMETRY,BBOB,16.87848268474182
PHOTONIC_2LAYERS_ELLIPSOMETRY,BBOB,16.86188309755673
PHOTONIC_2LAYERS_ELLIPSOMETRY,BBOB,16.637698620315337
PHOTONIC_2LAYERS_ELLIPSOMETRY,BBOB,16.767882484184415
PHOTONIC_2LAYERS_ELLIPSOMETRY,BBOB,17.655054493470708
PHOTONIC_2LAYERS_ELLIPSOMETRY,BBOB,16.740451576061485
PHOTONIC_2LAYERS_ELLIPSOMETRY,BBOB,17.10179409507616
PHOTONIC_2LAYERS_ELLIPSOMETRY,BBOB,17.54365929617026
PHOTONIC_2LAYERS_ELLIPSOMETRY,BBOB,17.211423253655116
PHOTONIC_2LAYERS_ELLIPSOMETRY,BBOB,16.758842286677087
PHOTONIC_2LAYERS_ELLIPSOMETRY,BBOB,17.143534821090988
PHOTONIC_2LAYERS_ELLIPSOMETRY,BBOB,17.1464724751074
PHOTONIC_2LAYERS_ELLIPSOMETRY,BBOB,16.64415386525372
PHOTONIC_2LAYERS_ELLIPSOMETRY,BBOB,16.47966133508867
PHOTONIC_2LAYERS_ELLIPSOMETRY,BBOB,16.89797649275286
PHOTONIC_2LAYERS_ELLIPSOMETRY,BBOB,16.398637228690742
PHOTONIC_2LAYERS_ELLIPSOMETRY,BBOB,16.59939153462371
PHOTONIC_2LAYERS_ELLIPSOMETRY,BBOB,16.34138178215311
PHOTONIC_2LAYERS_ELLIPSOMETRY,BBOB,16.56641716263081
PHOTONIC_2LAYERS_ELLIPSOMETRY,BBOB,16.635116419653546
PHOTONIC_2LAYERS_ELLIPSOMETRY,BBOB,16.878199113729412
PHOTONIC_2LAYERS_ELLIPSOMETRY,BBOB,17.016045142252896
PHOTONIC_2LAYERS_ELLIPSOMETRY,BBOB,17.142274879434556
PHOTONIC_2LAYERS_ELLIPSOMETRY,BBOB,16.803648114457626
PHOTONIC_2LAYERS_ELLIPSOMETRY,BBOB,17.31605979101095
PHOTONIC_2LAYERS_ELLIPSOMETRY,BBOB,16.572055816977755
PHOTONIC_2LAYERS_ELLIPSOMETRY,BBOB,16.860549274925148
PHOTONIC_2LAYERS_ELLIPSOMETRY,BBOB,16.333194006901724
PHOTONIC_2LAYERS_ELLIPSOMETRY,BBOB,16.55860591380646
PHOTONIC_2LAYERS_ELLIPSOMETRY,BBOB,16.578729775902673
PHOTONIC_2LAYERS_ELLIPSOMETRY,BBOB,17.117135903126098
PHOTONIC_2LAYERS_ELLIPSOMETRY,BBOB,16.863554608491988
PHOTONIC_2LAYERS_ELLIPSOMETRY,BBOB,16.564979992411896
PHOTONIC_2LAYERS_ELLIPSOMETRY,BBOB,16.649731751271514
PHOTONIC_2LAYERS_ELLIPSOMETRY,BBOB,17.096914989057304
PHOTONIC_2LAYERS_ELLIPSOMETRY,BBOB,16.71506862955628
PHOTONIC_2LAYERS_ELLIPSOMETRY,BBOB,16.60397717837215
PHOTONIC_2LAYERS_ELLIPSOMETRY,BBOB,16.57663382119072
PHOTONIC_2LAYERS_ELLIPSOMETRY,BBOB,17.50109860283153
PHOTONIC_2LAYERS_ELLIPSOMETRY,BBOB,16.130703674528267
PHOTONIC_2LAYERS_ELLIPSOMETRY,BBOB,16.865197447818367
PHOTONIC_2LAYERS_ELLIPSOMETRY,BBOB,17.16184769285989
PHOTONIC_2LAYERS_ELLIPSOMETRY,BBOB,17.226704521110896
PHOTONIC_2LAYERS_ELLIPSOMETRY,BBOB,16.51413067378093
PHOTONIC_2LAYERS_ELLIPSOMETRY,BBOB,17.919966911700943
PHOTONIC_2LAYERS_ELLIPSOMETRY,BBOB,16.596720990164133
PHOTONIC_2LAYERS_ELLIPSOMETRY,BBOB,16.87641716095016
PHOTONIC_2LAYERS_ELLIPSOMETRY,BBOB,16.47011726445974
PHOTONIC_2LAYERS_ELLIPSOMETRY,BBOB,16.404453966023226
PHOTONIC_2LAYERS_ELLIPSOMETRY,BBOB,17.259187035606537
PHOTONIC_2LAYERS_ELLIPSOMETRY,BBOB,17.206313163626994
PHOTONIC_2LAYERS_ELLIPSOMETRY,BBOB,16.929291677600673
PHOTONIC_2LAYERS_ELLIPSOMETRY,BBOB,16.74979896237144
PHOTONIC_2LAYERS_ELLIPSOMETRY,BBOB,16.643815449278673
PHOTONIC_2LAYERS_ELLIPSOMETRY,BBOB,16.79359039856252
PHOTONIC_2LAYERS_ELLIPSOMETRY,BBOB,16.57676434621141
PHOTONIC_2LAYERS_ELLIPSOMETRY,BBOB,16.658011686084464
PHOTONIC_2LAYERS_ELLIPSOMETRY,BBOB,16.860786493656324
PHOTONIC_2LAYERS_ELLIPSOMETRY,BBOB,16.405814388916156
PHOTONIC_2LAYERS_ELLIPSOMETRY,BBOB,16.687085367771257
PHOTONIC_2LAYERS_ELLIPSOMETRY,BBOB,16.611555105971643
PHOTONIC_2LAYERS_ELLIPSOMETRY,BBOB,16.593762708689503
PHOTONIC_2LAYERS_ELLIPSOMETRY,BBOB,16.681940944278708
PHOTONIC_2LAYERS_ELLIPSOMETRY,BBOB,16.728193825880528
PHOTONIC_2LAYERS_ELLIPSOMETRY,BBOB,17.10835046678502
PHOTONIC_2LAYERS_ELLIPSOMETRY,BBOB,17.425838238290478
PHOTONIC_2LAYERS_ELLIPSOMETRY,BBOB,16.61499957416457
PHOTONIC_2LAYERS_ELLIPSOMETRY,BBOB,17.391100217395167
PHOTONIC_2LAYERS_ELLIPSOMETRY,BBOB,16.663883115418127
PHOTONIC_2LAYERS_ELLIPSOMETRY,BBOB,17.528567411677628
PHOTONIC_2LAYERS_ELLIPSOMETRY,BBOB,17.715480350440473
PHOTONIC_2LAYERS_ELLIPSOMETRY,BBOB,16.560868069764716
PHOTONIC_2LAYERS_ELLIPSOMETRY,BBOB,16.878401448949592
PHOTONIC_2LAYERS_ELLIPSOMETRY,BBOB,16.58997050240263
PHOTONIC_2LAYERS_ELLIPSOMETRY,BBOB,16.65113428628794
PHOTONIC_2LAYERS_ELLIPSOMETRY,BBOB,16.948686246896422
PHOTONIC_2LAYERS_ELLIPSOMETRY,BBOB,17.510009085149676
PHOTONIC_2LAYERS_ELLIPSOMETRY,BBOB,17.39211079877131
PHOTONIC_2LAYERS_ELLIPSOMETRY,BBOB,16.64800125587384
PHOTONIC_2LAYERS_ELLIPSOMETRY,BBOB,17.307041082732244
PHOTONIC_2LAYERS_ELLIPSOMETRY,BBOB,21.832396135259295
PHOTONIC_2LAYERS_ELLIPSOMETRY,BBOB,16.46846471440817
PHOTONIC_2LAYERS_ELLIPSOMETRY,BBOB,16.923512044708207
PHOTONIC_2LAYERS_ELLIPSOMETRY,BBOB,16.58082359369176
PHOTONIC_2LAYERS_ELLIPSOMETRY,BBOB,16.559735064087953
PHOTONIC_2LAYERS_ELLIPSOMETRY,BBOB,17.83199982530227
PHOTONIC_2LAYERS_ELLIPSOMETRY,BBOB,17.47942242609229
PHOTONIC_2LAYERS_ELLIPSOMETRY,BBOB,17.278682773741362
PHOTONIC_2LAYERS_ELLIPSOMETRY,BBOB,17.03817878323359
PHOTONIC_2LAYERS_ELLIPSOMETRY,BBOB,17.033192839662895
PHOTONIC_2LAYERS_ELLIPSOMETRY,BBOB,16.579322280730008
PHOTONIC_2LAYERS_ELLIPSOMETRY,BBOB,17.208484768735076
PHOTONIC_2LAYERS_ELLIPSOMETRY,BBOB,17.52139533866842
PHOTONIC_2LAYERS_ELLIPSOMETRY,BBOB,16.938533559402536
PHOTONIC_2LAYERS_ELLIPSOMETRY,BBOB,16.809929954285607
PHOTONIC_2LAYERS_ELLIPSOMETRY,BBOB,16.400968333079938
PHOTONIC_2LAYERS_ELLIPSOMETRY,BBOB,16.564592923284042
PHOTONIC_2LAYERS_ELLIPSOMETRY,BBOB,17.394040103036083
PHOTONIC_2LAYERS_ELLIPSOMETRY,BBOB,23.556240147901228
PHOTONIC_2LAYERS_ELLIPSOMETRY,BBOB,17.933624587778855
PHOTONIC_2LAYERS_ELLIPSOMETRY,BBOB,16.552199259364556
PHOTONIC_2LAYERS_ELLIPSOMETRY,BBOB,16.742196315730478
PHOTONIC_2LAYERS_ELLIPSOMETRY,BBOB,17.140143975830092
PHOTONIC_2LAYERS_ELLIPSOMETRY,BBOB,16.920131691941844
PHOTONIC_2LAYERS_ELLIPSOMETRY,BBOB,16.363656947266684
PHOTONIC_2LAYERS_ELLIPSOMETRY,BBOB,17.115036610132687
PHOTONIC_2LAYERS_ELLIPSOMETRY,BBOB,16.58670738087299
PHOTONIC_2LAYERS_ELLIPSOMETRY,BBOB,16.581362234507925
PHOTONIC_2LAYERS_ELLIPSOMETRY,BBOB,16.58693533737345
PHOTONIC_2LAYERS_ELLIPSOMETRY,BBOB,16.572349874790095
PHOTONIC_2LAYERS_ELLIPSOMETRY,BBOB,17.1282758572456
PHOTONIC_2LAYERS_ELLIPSOMETRY,BBOB,17.209989095657043
PHOTONIC_2LAYERS_ELLIPSOMETRY,BBOB,17.358896738862832
PHOTONIC_2LAYERS_ELLIPSOMETRY,BBOB,16.651808378457137
PHOTONIC_2LAYERS_ELLIPSOMETRY,BBOB,16.79640688527839
PHOTONIC_2LAYERS_ELLIPSOMETRY,BBOB,16.27627670010615
PHOTONIC_2LAYERS_ELLIPSOMETRY,BBOB,17.938650637349234
PHOTONIC_2LAYERS_ELLIPSOMETRY,BBOB,17.91578321179944
PHOTONIC_2LAYERS_ELLIPSOMETRY,BBOB,17.943523492996466
PHOTONIC_2LAYERS_ELLIPSOMETRY,BBOB,16.214917342707434
PHOTONIC_2LAYERS_ELLIPSOMETRY,BBOB,17.49931527363414
PHOTONIC_2LAYERS_ELLIPSOMETRY,BBOB,17.148894298754207
PHOTONIC_2LAYERS_ELLIPSOMETRY,BBOB,16.78467720202436
PHOTONIC_2LAYERS_ELLIPSOMETRY,BBOB,17.038507217112677
PHOTONIC_2LAYERS_ELLIPSOMETRY,BBOB,17.156240719313544
PHOTONIC_2LAYERS_ELLIPSOMETRY,BBOB,16.676348456841072
PHOTONIC_2LAYERS_ELLIPSOMETRY,BBOB,17.521523120441408
PHOTONIC_2LAYERS_ELLIPSOMETRY,BBOB,16.604458853239176
PHOTONIC_2LAYERS_ELLIPSOMETRY,BBOB,16.624143367948953
PHOTONIC_2LAYERS_ELLIPSOMETRY,BBOB,17.03793341505949
PHOTONIC_2LAYERS_ELLIPSOMETRY,BBOB,16.701233804301573
PHOTONIC_2LAYERS_ELLIPSOMETRY,BBOB,16.820123455899754
PHOTONIC_2LAYERS_ELLIPSOMETRY,BBOB,17.17150558271203
PHOTONIC_2LAYERS_ELLIPSOMETRY,BBOB,17.09690369218005
PHOTONIC_2LAYERS_ELLIPSOMETRY,BBOB,17.920565558151264
PHOTONIC_2LAYERS_ELLIPSOMETRY,BBOB,17.712805783583025
PHOTONIC_2LAYERS_ELLIPSOMETRY,BBOB,16.6137483452137
PHOTONIC_2LAYERS_ELLIPSOMETRY,BBOB,16.619183000766206
PHOTONIC_2LAYERS_ELLIPSOMETRY,BBOB,17.933377410802553
PHOTONIC_2LAYERS_ELLIPSOMETRY,BBOB,16.80467076791804
PHOTONIC_2LAYERS_ELLIPSOMETRY,BBOB,17.18255807173926
PHOTONIC_2LAYERS_ELLIPSOMETRY,BBOB,16.80614231392397
PHOTONIC_2LAYERS_ELLIPSOMETRY,BBOB,16.94057074192336
PHOTONIC_2LAYERS_ELLIPSOMETRY,BBOB,17.90495104784968
PHOTONIC_2LAYERS_ELLIPSOMETRY,BBOB,16.796336065380316
PHOTONIC_2LAYERS_ELLIPSOMETRY,BBOB,16.61503237385525
PHOTONIC_2LAYERS_ELLIPSOMETRY,BBOB,16.876660568992754
PHOTONIC_2LAYERS_ELLIPSOMETRY,BBOB,17.19767298696191
PHOTONIC_2LAYERS_ELLIPSOMETRY,BBOB,17.94746784279177
PHOTONIC_2LAYERS_ELLIPSOMETRY,BBOB,17.17963221413901
PHOTONIC_2LAYERS_ELLIPSOMETRY,BBOB,16.638088520527184
PHOTONIC_2LAYERS_ELLIPSOMETRY,BBOB,16.539004002395966
PHOTONIC_2LAYERS_ELLIPSOMETRY,BBOB,17.092938758750062
PHOTONIC_2LAYERS_ELLIPSOMETRY,BBOB,16.262187142826413
PHOTONIC_2LAYERS_ELLIPSOMETRY,BBOB,16.620004991488504
PHOTONIC_2LAYERS_ELLIPSOMETRY,BBOB,16.836038749266677
PHOTONIC_2LAYERS_ELLIPSOMETRY,BBOB,16.57288959772768
PHOTONIC_2LAYERS_ELLIPSOMETRY,BBOB,17.209937479724083
PHOTONIC_2LAYERS_ELLIPSOMETRY,BBOB,16.65318189690115
PHOTONIC_2LAYERS_ELLIPSOMETRY,BBOB,17.539013677092775
PHOTONIC_2LAYERS_ELLIPSOMETRY,BBOB,16.743102821733356
PHOTONIC_2LAYERS_ELLIPSOMETRY,BBOB,16.5899699604102
PHOTONIC_2LAYERS_ELLIPSOMETRY,BBOB,16.79359039856252
PHOTONIC_2LAYERS_ELLIPSOMETRY,BBOB,16.392738556742607
PHOTONIC_2LAYERS_ELLIPSOMETRY,BBOB,16.8029554832233
PHOTONIC_2LAYERS_ELLIPSOMETRY,BBOB,16.64711678522775
PHOTONIC_2LAYERS_ELLIPSOMETRY,BBOB,16.513414964831075
PHOTONIC_2LAYERS_ELLIPSOMETRY,BBOB,17.11009423839852
PHOTONIC_2LAYERS_ELLIPSOMETRY,BBOB,16.622608890017045
PHOTONIC_2LAYERS_ELLIPSOMETRY,BBOB,17.622423561338657
PHOTONIC_2LAYERS_ELLIPSOMETRY,BBOB,16.655504955868253
PHOTONIC_2LAYERS_ELLIPSOMETRY,BBOB,16.59456132856201
PHOTONIC_2LAYERS_ELLIPSOMETRY,BBOB,16.709911963673232
PHOTONIC_2LAYERS_ELLIPSOMETRY,BBOB,16.544966308571013
PHOTONIC_2LAYERS_ELLIPSOMETRY,BBOB,17.30581218264522
PHOTONIC_2LAYERS_ELLIPSOMETRY,BBOB,16.677793537013585
PHOTONIC_2LAYERS_ELLIPSOMETRY,BBOB,17.6504565693327
PHOTONIC_2LAYERS_ELLIPSOMETRY,BBOB,16.803097678917556
PHOTONIC_2LAYERS_ELLIPSOMETRY,BBOB,17.27129629994492
PHOTONIC_2LAYERS_ELLIPSOMETRY,BBOB,16.69340315551385
PHOTONIC_2LAYERS_ELLIPSOMETRY,BBOB,16.68399828908903
PHOTONIC_2LAYERS_ELLIPSOMETRY,BBOB,16.79359039856252
PHOTONIC_2LAYERS_ELLIPSOMETRY,BBOB,17.11613606088169
PHOTONIC_2LAYERS_ELLIPSOMETRY,BBOB,16.637023123237974
PHOTONIC_2LAYERS_ELLIPSOMETRY,BBOB,16.785606785535442
PHOTONIC_2LAYERS_ELLIPSOMETRY,BBOB,17.355807836616236
PHOTONIC_2LAYERS_ELLIPSOMETRY,BBOB,16.621561178998704
PHOTONIC_2LAYERS_ELLIPSOMETRY,BBOB,17.940698578661383
PHOTONIC_2LAYERS_ELLIPSOMETRY,BBOB,17.21689713173961
PHOTONIC_2LAYERS_ELLIPSOMETRY,BBOB,16.809670488653992
PHOTONIC_2LAYERS_ELLIPSOMETRY,BBOB,17.53874875663063
PHOTONIC_2LAYERS_ELLIPSOMETRY,BBOB,16.447398846308097
PHOTONIC_2LAYERS_ELLIPSOMETRY,BBOB,16.5532935885977
PHOTONIC_2LAYERS_ELLIPSOMETRY,BBOB,16.593090758193227
PHOTONIC_2LAYERS_ELLIPSOMETRY,BBOB,16.614207497976388
PHOTONIC_2LAYERS_ELLIPSOMETRY,BBOB,16.882337563820954
PHOTONIC_2LAYERS_ELLIPSOMETRY,BBOB,17.523856253958908
PHOTONIC_2LAYERS_ELLIPSOMETRY,BBOB,16.878235814218957
PHOTONIC_2LAYERS_ELLIPSOMETRY,BBOB,17.358679494974954
PHOTONIC_2LAYERS_ELLIPSOMETRY,BBOB,17.188637390673904
PHOTONIC_2LAYERS_ELLIPSOMETRY,BBOB,16.4673365349753
PHOTONIC_2LAYERS_ELLIPSOMETRY,BBOB,16.661657795410505
PHOTONIC_2LAYERS_ELLIPSOMETRY,BBOB,16.679546265835928
PHOTONIC_2LAYERS_ELLIPSOMETRY,BBOB,16.51947423096635
PHOTONIC_2LAYERS_ELLIPSOMETRY,BBOB,17.782210181977966
PHOTONIC_2LAYERS_ELLIPSOMETRY,BBOB,16.253547389900373
PHOTONIC_2LAYERS_ELLIPSOMETRY,BBOB,16.796007936999985
PHOTONIC_2LAYERS_ELLIPSOMETRY,BBOB,16.796007936999985
PHOTONIC_2LAYERS_ELLIPSOMETRY,BBOB,17.184750243388997
PHOTONIC_2LAYERS_ELLIPSOMETRY,BBOB,16.684117076021753
PHOTONIC_2LAYERS_ELLIPSOMETRY,BBOB,16.72157628812493
PHOTONIC_2LAYERS_ELLIPSOMETRY,BBOB,16.670775228233644
PHOTONIC_2LAYERS_ELLIPSOMETRY,BBOB,16.613394476738762
PHOTONIC_2LAYERS_ELLIPSOMETRY,BBOB,17.097209061748416
PHOTONIC_2LAYERS_ELLIPSOMETRY,BBOB,16.544169094557887
PHOTONIC_2LAYERS_ELLIPSOMETRY,BBOB,16.581134477324866
PHOTONIC_2LAYERS_ELLIPSOMETRY,BBOB,16.505887082395287
PHOTONIC_2LAYERS_ELLIPSOMETRY,BBOB,16.596387964032196
PHOTONIC_2LAYERS_ELLIPSOMETRY,BBOB,17.09704512007299
PHOTONIC_2LAYERS_ELLIPSOMETRY,BBOB,16.597978408178342
PHOTONIC_2LAYERS_ELLIPSOMETRY,BBOB,17.205060953616442
PHOTONIC_2LAYERS_ELLIPSOMETRY,BBOB,17.06274518870764
PHOTONIC_2LAYERS_ELLIPSOMETRY,BBOB,16.448891408453125
PHOTONIC_2LAYERS_ELLIPSOMETRY,BBOB,17.699747754969493
PHOTONIC_2LAYERS_ELLIPSOMETRY,BBOB,16.67871726862422
PHOTONIC_2LAYERS_ELLIPSOMETRY,BBOB,16.694136271807373
PHOTONIC_2LAYERS_ELLIPSOMETRY,BBOB,16.676920512107813
PHOTONIC_2LAYERS_ELLIPSOMETRY,BBOB,16.37427324789532
PHOTONIC_2LAYERS_ELLIPSOMETRY,BBOB,16.6553584129947
PHOTONIC_2LAYERS_ELLIPSOMETRY,BBOB,16.761731797105938
PHOTONIC_2LAYERS_ELLIPSOMETRY,BBOB,17.71359612538852
PHOTONIC_2LAYERS_ELLIPSOMETRY,BBOB,17.10751128337942
PHOTONIC_2LAYERS_ELLIPSOMETRY,BBOB,17.25252113358893
PHOTONIC_2LAYERS_ELLIPSOMETRY,BBOB,16.594061240538256
PHOTONIC_2LAYERS_ELLIPSOMETRY,BBOB,17.745330944787206
PHOTONIC_2LAYERS_ELLIPSOMETRY,BBOB,16.392514494549374
PHOTONIC_2LAYERS_ELLIPSOMETRY,BBOB,17.5346723824504
PHOTONIC_2LAYERS_ELLIPSOMETRY,BBOB,16.64812707680539
PHOTONIC_2LAYERS_ELLIPSOMETRY,BBOB,16.785590561000614
PHOTONIC_2LAYERS_ELLIPSOMETRY,BBOB,16.202100200610023
PHOTONIC_2LAYERS_ELLIPSOMETRY,BBOB,16.419567930996962
PHOTONIC_2LAYERS_ELLIPSOMETRY,BBOB,16.615639103971635
PHOTONIC_2LAYERS_ELLIPSOMETRY,BBOB,17.951322920055755
PHOTONIC_2LAYERS_ELLIPSOMETRY,BBOB,16.580587397260473
PHOTONIC_2LAYERS_ELLIPSOMETRY,BBOB,16.34041941007771
PHOTONIC_2LAYERS_ELLIPSOMETRY,BBOB,16.505086428838084
PHOTONIC_2LAYERS_ELLIPSOMETRY,BBOB,16.49655301070544
PHOTONIC_2LAYERS_ELLIPSOMETRY,BBOB,16.584350739930176
PHOTONIC_2LAYERS_ELLIPSOMETRY,BBOB,16.786497422195048
PHOTONIC_2LAYERS_ELLIPSOMETRY,BBOB,16.93828450047349
PHOTONIC_2LAYERS_ELLIPSOMETRY,BBOB,16.56099538317567
PHOTONIC_2LAYERS_ELLIPSOMETRY,BBOB,17.9045329445324
PHOTONIC_2LAYERS_ELLIPSOMETRY,BBOB,17.19803332344571
PHOTONIC_2LAYERS_ELLIPSOMETRY,BBOB,17.101476948950854
PHOTONIC_2LAYERS_ELLIPSOMETRY,BBOB,16.761089304571474
PHOTONIC_2LAYERS_ELLIPSOMETRY,BBOB,17.926007590418187
PHOTONIC_2LAYERS_ELLIPSOMETRY,BBOB,17.281536632810777
PHOTONIC_2LAYERS_ELLIPSOMETRY,BBOB,16.5552360456365
PHOTONIC_2LAYERS_ELLIPSOMETRY,BBOB,16.460615543094036
PHOTONIC_2LAYERS_ELLIPSOMETRY,BBOB,17.54703478174681
PHOTONIC_2LAYERS_ELLIPSOMETRY,BBOB,16.680328398796153
PHOTONIC_2LAYERS_ELLIPSOMETRY,BBOB,16.129306601339195
PHOTONIC_2LAYERS_ELLIPSOMETRY,BBOB,17.932460632348995
PHOTONIC_2LAYERS_ELLIPSOMETRY,BBOB,16.83668312027329
PHOTONIC_2LAYERS_ELLIPSOMETRY,BBOB,16.557343290627774
PHOTONIC_2LAYERS_ELLIPSOMETRY,BBOB,16.804061085152203
PHOTONIC_2LAYERS_ELLIPSOMETRY,BBOB,16.419567930996962
PHOTONIC_2LAYERS_ELLIPSOMETRY,BBOB,17.367048865421967
PHOTONIC_2LAYERS_ELLIPSOMETRY,BBOB,17.468364346172212
PHOTONIC_2LAYERS_ELLIPSOMETRY,BBOB,16.643733836156215
PHOTONIC_2LAYERS_ELLIPSOMETRY,BBOB,16.68234033047975
PHOTONIC_2LAYERS_ELLIPSOMETRY,BBOB,17.072021302469068
PHOTONIC_2LAYERS_ELLIPSOMETRY,BBOB,16.735782975189714
PHOTONIC_2LAYERS_ELLIPSOMETRY,BBOB,17.17648078938795
PHOTONIC_2LAYERS_ELLIPSOMETRY,BBOB,16.750774025392616
PHOTONIC_2LAYERS_ELLIPSOMETRY,BBOB,16.616265324532847
PHOTONIC_2LAYERS_ELLIPSOMETRY,BBOB,17.182515860205918
PHOTONIC_2LAYERS_ELLIPSOMETRY,BBOB,16.340564914798083
PHOTONIC_2LAYERS_ELLIPSOMETRY,BBOB,17.411177936314935
PHOTONIC_2LAYERS_ELLIPSOMETRY,BBOB,16.729097139329404
PHOTONIC_2LAYERS_ELLIPSOMETRY,BBOB,17.17283511772963
PHOTONIC_2LAYERS_ELLIPSOMETRY,BBOB,16.466949418196425
PHOTONIC_2LAYERS_ELLIPSOMETRY,BBOB,16.653510415580527
PHOTONIC_2LAYERS_ELLIPSOMETRY,BBOB,16.877634590930846
PHOTONIC_2LAYERS_ELLIPSOMETRY,BBOB,17.78234352936744
PHOTONIC_2LAYERS_ELLIPSOMETRY,BBOB,17.136676174438474
PHOTONIC_2LAYERS_ELLIPSOMETRY,BBOB,16.518188816198627
PHOTONIC_2LAYERS_ELLIPSOMETRY,BBOB,16.676031258698423
PHOTONIC_2LAYERS_ELLIPSOMETRY,BBOB,16.508554560080423
PHOTONIC_10LAYERS_BRAGG,MABBOB,9.371288804441823
PHOTONIC_10LAYERS_BRAGG,MABBOB,13.0454234923202
PHOTONIC_10LAYERS_BRAGG,MABBOB,11.82233781175139
PHOTONIC_10LAYERS_BRAGG,MABBOB,7.983497531784781
PHOTONIC_10LAYERS_BRAGG,MABBOB,11.265961020211652
PHOTONIC_10LAYERS_BRAGG,MABBOB,12.311505859382079
PHOTONIC_10LAYERS_BRAGG,MABBOB,9.010428085933771
PHOTONIC_10LAYERS_BRAGG,MABBOB,14.324345460646361
PHOTONIC_10LAYERS_BRAGG,MABBOB,11.21304430877712
PHOTONIC_10LAYERS_BRAGG,MABBOB,9.626151961055172
PHOTONIC_10LAYERS_BRAGG,MABBOB,11.81121663589917
PHOTONIC_10LAYERS_BRAGG,MABBOB,11.636301404709315
PHOTONIC_10LAYERS_BRAGG,MABBOB,10.02029312578755
PHOTONIC_10LAYERS_BRAGG,MABBOB,9.479510486410149
PHOTONIC_10LAYERS_BRAGG,MABBOB,11.169607119562423
PHOTONIC_10LAYERS_BRAGG,MABBOB,13.034527640199236
PHOTONIC_10LAYERS_BRAGG,MABBOB,12.296914439333456
PHOTONIC_10LAYERS_BRAGG,MABBOB,12.271919864391801
PHOTONIC_10LAYERS_BRAGG,MABBOB,10.491806199551114
PHOTONIC_10LAYERS_BRAGG,MABBOB,8.545145524746397
PHOTONIC_10LAYERS_BRAGG,MABBOB,11.124577780561346
PHOTONIC_10LAYERS_BRAGG,MABBOB,12.522171935618658
PHOTONIC_10LAYERS_BRAGG,MABBOB,13.017092400467778
PHOTONIC_10LAYERS_BRAGG,MABBOB,10.403964598083949
PHOTONIC_10LAYERS_BRAGG,MABBOB,8.54505702513108
PHOTONIC_10LAYERS_BRAGG,MABBOB,10.735262248591013
PHOTONIC_10LAYERS_BRAGG,MABBOB,9.068648303510152
PHOTONIC_10LAYERS_BRAGG,MABBOB,7.928153071256416
PHOTONIC_10LAYERS_BRAGG,MABBOB,10.357517033973028
PHOTONIC_10LAYERS_BRAGG,MABBOB,10.548624161345762
PHOTONIC_10LAYERS_BRAGG,MABBOB,13.051672290549957
PHOTONIC_10LAYERS_BRAGG,MABBOB,11.581780612315393
PHOTONIC_10LAYERS_BRAGG,MABBOB,9.125463012720349
PHOTONIC_10LAYERS_BRAGG,MABBOB,12.029878876440527
PHOTONIC_10LAYERS_BRAGG,MABBOB,11.978998081999386
PHOTONIC_10LAYERS_BRAGG,MABBOB,10.497056012105517
PHOTONIC_10LAYERS_BRAGG,MABBOB,8.2309626842482
PHOTONIC_10LAYERS_BRAGG,MABBOB,12.601942665981497
PHOTONIC_10LAYERS_BRAGG,MABBOB,8.867004139265829
PHOTONIC_10LAYERS_BRAGG,MABBOB,7.453736598380193
PHOTONIC_10LAYERS_BRAGG,MABBOB,11.674609059093408
PHOTONIC_10LAYERS_BRAGG,MABBOB,8.675335849065197
PHOTONIC_10LAYERS_BRAGG,MABBOB,11.094660909289722
PHOTONIC_10LAYERS_BRAGG,MABBOB,12.29167976525936
PHOTONIC_10LAYERS_BRAGG,MABBOB,10.817705615133653
PHOTONIC_10LAYERS_BRAGG,MABBOB,9.861103751294435
PHOTONIC_10LAYERS_BRAGG,MABBOB,8.906014284485858
PHOTONIC_10LAYERS_BRAGG,MABBOB,8.775910579175752
PHOTONIC_10LAYERS_BRAGG,MABBOB,8.926190374159557
PHOTONIC_10LAYERS_BRAGG,MABBOB,8.05844962451463
PHOTONIC_10LAYERS_BRAGG,MABBOB,11.777486941372226
PHOTONIC_10LAYERS_BRAGG,MABBOB,9.586927949219119
PHOTONIC_10LAYERS_BRAGG,MABBOB,12.48903012578178
PHOTONIC_10LAYERS_BRAGG,MABBOB,11.405851811427576
PHOTONIC_10LAYERS_BRAGG,MABBOB,12.534809740472516
PHOTONIC_10LAYERS_BRAGG,MABBOB,11.817136400078386
PHOTONIC_10LAYERS_BRAGG,MABBOB,11.269416670759234
PHOTONIC_10LAYERS_BRAGG,MABBOB,12.022771489670687
PHOTONIC_10LAYERS_BRAGG,MABBOB,11.930392218186254
PHOTONIC_10LAYERS_BRAGG,MABBOB,9.437560568100894
PHOTONIC_10LAYERS_BRAGG,MABBOB,12.30936492917446
PHOTONIC_10LAYERS_BRAGG,MABBOB,11.420112279549478
PHOTONIC_10LAYERS_BRAGG,MABBOB,10.964400573141104
PHOTONIC_10LAYERS_BRAGG,MABBOB,8.060036043556456
PHOTONIC_10LAYERS_BRAGG,MABBOB,8.641395106144337
PHOTONIC_10LAYERS_BRAGG,MABBOB,11.489346575613743
PHOTONIC_10LAYERS_BRAGG,MABBOB,9.708466770152203
PHOTONIC_10LAYERS_BRAGG,MABBOB,11.60655696613222
PHOTONIC_10LAYERS_BRAGG,MABBOB,8.505200749404377
PHOTONIC_10LAYERS_BRAGG,MABBOB,10.659004398133458
PHOTONIC_10LAYERS_BRAGG,MABBOB,11.44984283367144
PHOTONIC_10LAYERS_BRAGG,MABBOB,10.463688860937662
PHOTONIC_10LAYERS_BRAGG,MABBOB,15.258040066219369
PHOTONIC_10LAYERS_BRAGG,MABBOB,13.141036962457928
PHOTONIC_10LAYERS_BRAGG,MABBOB,8.884445844111704
PHOTONIC_10LAYERS_BRAGG,MABBOB,8.803064777502815
PHOTONIC_10LAYERS_BRAGG,MABBOB,11.383988085762818
PHOTONIC_10LAYERS_BRAGG,MABBOB,9.206901092419356
PHOTONIC_10LAYERS_BRAGG,MABBOB,10.975303046251646
PHOTONIC_10LAYERS_BRAGG,MABBOB,11.451590093023057
PHOTONIC_10LAYERS_BRAGG,MABBOB,15.681665102723002
PHOTONIC_10LAYERS_BRAGG,MABBOB,13.57670121527072
PHOTONIC_10LAYERS_BRAGG,MABBOB,11.12649938885551
PHOTONIC_10LAYERS_BRAGG,MABBOB,9.896652084332665
PHOTONIC_10LAYERS_BRAGG,MABBOB,10.437816768232498
PHOTONIC_10LAYERS_BRAGG,MABBOB,12.92516334657194
PHOTONIC_10LAYERS_BRAGG,MABBOB,9.70904196477602
PHOTONIC_10LAYERS_BRAGG,MABBOB,9.043522972015701
PHOTONIC_10LAYERS_BRAGG,MABBOB,11.700588438033488
PHOTONIC_10LAYERS_BRAGG,MABBOB,10.419715320524851
PHOTONIC_10LAYERS_BRAGG,MABBOB,10.509924448628606
PHOTONIC_10LAYERS_BRAGG,MABBOB,9.386556946736949
PHOTONIC_10LAYERS_BRAGG,MABBOB,10.508099070349179
PHOTONIC_10LAYERS_BRAGG,MABBOB,11.615153869957316
PHOTONIC_10LAYERS_BRAGG,MABBOB,10.013666985942354
PHOTONIC_10LAYERS_BRAGG,MABBOB,8.417105299756134
PHOTONIC_10LAYERS_BRAGG,MABBOB,10.119525522000005
PHOTONIC_10LAYERS_BRAGG,MABBOB,12.9540004886214
PHOTONIC_10LAYERS_BRAGG,MABBOB,12.945088523027364
PHOTONIC_10LAYERS_BRAGG,MABBOB,9.229625903504054
PHOTONIC_10LAYERS_BRAGG,MABBOB,9.86742153997912
PHOTONIC_10LAYERS_BRAGG,MABBOB,11.635817752012777
PHOTONIC_10LAYERS_BRAGG,MABBOB,11.818477026071402
PHOTONIC_10LAYERS_BRAGG,MABBOB,12.017283548378686
PHOTONIC_10LAYERS_BRAGG,MABBOB,9.877035313537357
PHOTONIC_10LAYERS_BRAGG,MABBOB,10.559109797960506
PHOTONIC_10LAYERS_BRAGG,MABBOB,15.254186803602579
PHOTONIC_10LAYERS_BRAGG,MABBOB,8.715745573952601
PHOTONIC_10LAYERS_BRAGG,MABBOB,8.934798604005248
PHOTONIC_10LAYERS_BRAGG,MABBOB,9.631367603940785
PHOTONIC_10LAYERS_BRAGG,MABBOB,14.977738379322464
PHOTONIC_10LAYERS_BRAGG,MABBOB,10.880328553701004
PHOTONIC_10LAYERS_BRAGG,MABBOB,8.015979923922957
PHOTONIC_10LAYERS_BRAGG,MABBOB,14.62132589983871
PHOTONIC_10LAYERS_BRAGG,MABBOB,9.605092034722746
PHOTONIC_10LAYERS_BRAGG,MABBOB,10.459358517714895
PHOTONIC_10LAYERS_BRAGG,MABBOB,10.630203361115324
PHOTONIC_10LAYERS_BRAGG,MABBOB,9.046125683737483
PHOTONIC_10LAYERS_BRAGG,MABBOB,9.967640678866136
PHOTONIC_10LAYERS_BRAGG,MABBOB,11.905433618761109
PHOTONIC_10LAYERS_BRAGG,MABBOB,9.057449705180492
PHOTONIC_10LAYERS_BRAGG,MABBOB,8.570977779825197
PHOTONIC_10LAYERS_BRAGG,MABBOB,8.815985629253198
PHOTONIC_10LAYERS_BRAGG,MABBOB,8.66551237376105
PHOTONIC_10LAYERS_BRAGG,MABBOB,14.919292474513405
PHOTONIC_10LAYERS_BRAGG,MABBOB,8.808353134808437
PHOTONIC_10LAYERS_BRAGG,MABBOB,11.5697025772507
PHOTONIC_10LAYERS_BRAGG,MABBOB,12.64765458958808
PHOTONIC_10LAYERS_BRAGG,MABBOB,11.144363723235493
PHOTONIC_10LAYERS_BRAGG,MABBOB,9.293143574999783
PHOTONIC_10LAYERS_BRAGG,MABBOB,9.686488472312261
PHOTONIC_10LAYERS_BRAGG,MABBOB,10.343032968402825
PHOTONIC_10LAYERS_BRAGG,MABBOB,8.4138206676705
PHOTONIC_10LAYERS_BRAGG,MABBOB,9.201658097508986
PHOTONIC_10LAYERS_BRAGG,MABBOB,11.336320398027185
PHOTONIC_10LAYERS_BRAGG,MABBOB,10.960065774081734
PHOTONIC_10LAYERS_BRAGG,MABBOB,12.06001573987101
PHOTONIC_10LAYERS_BRAGG,MABBOB,9.795318759778029
PHOTONIC_10LAYERS_BRAGG,MABBOB,10.909095327715239
PHOTONIC_10LAYERS_BRAGG,MABBOB,10.899621889623573
PHOTONIC_10LAYERS_BRAGG,MABBOB,13.177960651919465
PHOTONIC_10LAYERS_BRAGG,MABBOB,11.358813593485616
PHOTONIC_10LAYERS_BRAGG,MABBOB,10.848163414582839
PHOTONIC_10LAYERS_BRAGG,MABBOB,11.092716483030548
PHOTONIC_10LAYERS_BRAGG,MABBOB,12.54097413454541
PHOTONIC_10LAYERS_BRAGG,MABBOB,10.853231459399051
PHOTONIC_10LAYERS_BRAGG,MABBOB,7.969759607150067
PHOTONIC_10LAYERS_BRAGG,MABBOB,12.49113796657489
PHOTONIC_10LAYERS_BRAGG,MABBOB,10.211167495174982
PHOTONIC_10LAYERS_BRAGG,MABBOB,11.774567365793388
PHOTONIC_10LAYERS_BRAGG,MABBOB,10.988502725088901
PHOTONIC_10LAYERS_BRAGG,MABBOB,10.278113669797007
PHOTONIC_10LAYERS_BRAGG,MABBOB,9.660713449738118
PHOTONIC_10LAYERS_BRAGG,MABBOB,11.393866696650981
PHOTONIC_10LAYERS_BRAGG,MABBOB,23.330670249046563
PHOTONIC_10LAYERS_BRAGG,MABBOB,10.23843469516309
PHOTONIC_10LAYERS_BRAGG,MABBOB,9.386174887370514
PHOTONIC_10LAYERS_BRAGG,MABBOB,13.21697130199003
PHOTONIC_10LAYERS_BRAGG,MABBOB,10.08247567193763
PHOTONIC_10LAYERS_BRAGG,MABBOB,8.693873686663673
PHOTONIC_10LAYERS_BRAGG,MABBOB,10.538683906265685
PHOTONIC_10LAYERS_BRAGG,MABBOB,9.668387842992306
PHOTONIC_10LAYERS_BRAGG,MABBOB,12.432308363116418
PHOTONIC_10LAYERS_BRAGG,MABBOB,10.774731556756821
PHOTONIC_10LAYERS_BRAGG,MABBOB,10.501688989988986
PHOTONIC_10LAYERS_BRAGG,MABBOB,10.613282282800194
PHOTONIC_10LAYERS_BRAGG,MABBOB,11.895876150112608
PHOTONIC_10LAYERS_BRAGG,MABBOB,12.051143956610693
PHOTONIC_10LAYERS_BRAGG,MABBOB,11.478974232440278
PHOTONIC_10LAYERS_BRAGG,MABBOB,11.394698259953627
PHOTONIC_10LAYERS_BRAGG,MABBOB,12.489796088741574
PHOTONIC_10LAYERS_BRAGG,MABBOB,8.461645602393718
PHOTONIC_10LAYERS_BRAGG,MABBOB,12.637829869095265
PHOTONIC_10LAYERS_BRAGG,MABBOB,11.73260738408176
PHOTONIC_10LAYERS_BRAGG,MABBOB,9.355595618176332
PHOTONIC_10LAYERS_BRAGG,MABBOB,10.096675412821858
PHOTONIC_10LAYERS_BRAGG,MABBOB,11.284922701594292
PHOTONIC_10LAYERS_BRAGG,MABBOB,10.48003000195236
PHOTONIC_10LAYERS_BRAGG,MABBOB,12.31147165067142
PHOTONIC_10LAYERS_BRAGG,MABBOB,9.405824449233142
PHOTONIC_10LAYERS_BRAGG,MABBOB,9.817536571916506
PHOTONIC_10LAYERS_BRAGG,MABBOB,11.654183477962153
PHOTONIC_10LAYERS_BRAGG,MABBOB,11.152497974270586
PHOTONIC_10LAYERS_BRAGG,MABBOB,8.489467189925296
PHOTONIC_10LAYERS_BRAGG,MABBOB,11.926464134448281
PHOTONIC_10LAYERS_BRAGG,MABBOB,10.467661955790287
PHOTONIC_10LAYERS_BRAGG,MABBOB,9.141158914783139
PHOTONIC_10LAYERS_BRAGG,MABBOB,9.17769837858083
PHOTONIC_10LAYERS_BRAGG,MABBOB,9.928295726129946
PHOTONIC_10LAYERS_BRAGG,MABBOB,9.074697483631368
PHOTONIC_10LAYERS_BRAGG,MABBOB,12.588735497338043
PHOTONIC_10LAYERS_BRAGG,MABBOB,9.702368508442914
PHOTONIC_10LAYERS_BRAGG,MABBOB,10.094678300712603
PHOTONIC_10LAYERS_BRAGG,MABBOB,11.688604465119601
PHOTONIC_10LAYERS_BRAGG,MABBOB,9.31316921969982
PHOTONIC_10LAYERS_BRAGG,MABBOB,11.646685036410501
PHOTONIC_10LAYERS_BRAGG,MABBOB,12.159930724608035
PHOTONIC_10LAYERS_BRAGG,MABBOB,9.576345607212788
PHOTONIC_10LAYERS_BRAGG,MABBOB,8.267937771343059
PHOTONIC_10LAYERS_BRAGG,MABBOB,11.74591026147661
PHOTONIC_10LAYERS_BRAGG,MABBOB,9.453190328935774
PHOTONIC_10LAYERS_BRAGG,MABBOB,9.56177513293118
PHOTONIC_10LAYERS_BRAGG,MABBOB,8.781912551233729
PHOTONIC_10LAYERS_BRAGG,MABBOB,11.06255038940913
PHOTONIC_10LAYERS_BRAGG,MABBOB,13.603947426899573
PHOTONIC_10LAYERS_BRAGG,MABBOB,9.223319950347422
PHOTONIC_10LAYERS_BRAGG,MABBOB,8.78201486168451
PHOTONIC_10LAYERS_BRAGG,MABBOB,9.160961344059885
PHOTONIC_10LAYERS_BRAGG,MABBOB,9.965017307479243
PHOTONIC_10LAYERS_BRAGG,MABBOB,11.602081672040464
PHOTONIC_10LAYERS_BRAGG,MABBOB,12.43433156699849
PHOTONIC_10LAYERS_BRAGG,MABBOB,9.095999747794503
PHOTONIC_10LAYERS_BRAGG,MABBOB,11.47619835614632
PHOTONIC_10LAYERS_BRAGG,MABBOB,11.852392218598464
PHOTONIC_10LAYERS_BRAGG,MABBOB,9.023415941603075
PHOTONIC_10LAYERS_BRAGG,MABBOB,12.342010843767811
PHOTONIC_10LAYERS_BRAGG,MABBOB,8.626547969490263
PHOTONIC_10LAYERS_BRAGG,MABBOB,11.936931709409912
PHOTONIC_10LAYERS_BRAGG,MABBOB,9.776030720279758
PHOTONIC_10LAYERS_BRAGG,MABBOB,12.633068361496374
PHOTONIC_10LAYERS_BRAGG,MABBOB,10.838094656013014
PHOTONIC_10LAYERS_BRAGG,MABBOB,14.041381126749059
PHOTONIC_10LAYERS_BRAGG,MABBOB,9.067469487827008
PHOTONIC_10LAYERS_BRAGG,MABBOB,11.511935468310936
PHOTONIC_10LAYERS_BRAGG,MABBOB,9.7245651417911
PHOTONIC_10LAYERS_BRAGG,MABBOB,9.659485926489614
PHOTONIC_10LAYERS_BRAGG,MABBOB,9.200337088005204
PHOTONIC_10LAYERS_BRAGG,MABBOB,11.503477025981875
PHOTONIC_10LAYERS_BRAGG,MABBOB,9.04363879105155
PHOTONIC_10LAYERS_BRAGG,MABBOB,9.955067872688256
PHOTONIC_10LAYERS_BRAGG,MABBOB,9.727031409573314
PHOTONIC_10LAYERS_BRAGG,MABBOB,14.278823323037113
PHOTONIC_10LAYERS_BRAGG,MABBOB,10.30310843287055
PHOTONIC_10LAYERS_BRAGG,MABBOB,11.998528180467385
PHOTONIC_10LAYERS_BRAGG,MABBOB,8.146703632921964
PHOTONIC_10LAYERS_BRAGG,MABBOB,11.193281775581745
PHOTONIC_10LAYERS_BRAGG,MABBOB,11.146494843783165
PHOTONIC_10LAYERS_BRAGG,MABBOB,11.703259108675098
PHOTONIC_10LAYERS_BRAGG,MABBOB,10.416745410538178
PHOTONIC_10LAYERS_BRAGG,MABBOB,9.107574487146598
PHOTONIC_20LAYERS_BRAGG,MABBOB,8.195892433005302
PHOTONIC_20LAYERS_BRAGG,MABBOB,12.198585205315023
PHOTONIC_20LAYERS_BRAGG,MABBOB,10.88948108969334
PHOTONIC_20LAYERS_BRAGG,MABBOB,6.649103911627531
PHOTONIC_20LAYERS_BRAGG,MABBOB,10.279214523640894
PHOTONIC_20LAYERS_BRAGG,MABBOB,11.506071593618168
PHOTONIC_20LAYERS_BRAGG,MABBOB,7.806876969760823
PHOTONIC_20LAYERS_BRAGG,MABBOB,13.578556967768296
PHOTONIC_20LAYERS_BRAGG,MABBOB,10.218507755014736
PHOTONIC_20LAYERS_BRAGG,MABBOB,8.485094482971132
PHOTONIC_20LAYERS_BRAGG,MABBOB,10.980164817809394
PHOTONIC_20LAYERS_BRAGG,MABBOB,10.745019085427055
PHOTONIC_20LAYERS_BRAGG,MABBOB,8.959612519430594
PHOTONIC_20LAYERS_BRAGG,MABBOB,8.412524935518281
PHOTONIC_20LAYERS_BRAGG,MABBOB,10.247227741750503
PHOTONIC_20LAYERS_BRAGG,MABBOB,12.150385651826646
PHOTONIC_20LAYERS_BRAGG,MABBOB,11.447977823399922
PHOTONIC_20LAYERS_BRAGG,MABBOB,11.403226308452727
PHOTONIC_20LAYERS_BRAGG,MABBOB,9.54275296300765
PHOTONIC_20LAYERS_BRAGG,MABBOB,7.288779262594677
PHOTONIC_20LAYERS_BRAGG,MABBOB,10.12639117374509
PHOTONIC_20LAYERS_BRAGG,MABBOB,11.689696621661376
PHOTONIC_20LAYERS_BRAGG,MABBOB,12.120747224924814
PHOTONIC_20LAYERS_BRAGG,MABBOB,9.384971637023801
PHOTONIC_20LAYERS_BRAGG,MABBOB,7.327282961624501
PHOTONIC_20LAYERS_BRAGG,MABBOB,9.711716008400463
PHOTONIC_20LAYERS_BRAGG,MABBOB,7.828242102050623
PHOTONIC_20LAYERS_BRAGG,MABBOB,6.642908767003888
PHOTONIC_20LAYERS_BRAGG,MABBOB,9.32188405403931
PHOTONIC_20LAYERS_BRAGG,MABBOB,9.486010799594348
PHOTONIC_20LAYERS_BRAGG,MABBOB,12.175213897714372
PHOTONIC_20LAYERS_BRAGG,MABBOB,10.649803535570829
PHOTONIC_20LAYERS_BRAGG,MABBOB,7.942394899828622
PHOTONIC_20LAYERS_BRAGG,MABBOB,11.167280494781497
PHOTONIC_20LAYERS_BRAGG,MABBOB,11.058749905025879
PHOTONIC_20LAYERS_BRAGG,MABBOB,9.466482815409668
PHOTONIC_20LAYERS_BRAGG,MABBOB,7.0741972916640234
PHOTONIC_20LAYERS_BRAGG,MABBOB,11.722570580075967
PHOTONIC_20LAYERS_BRAGG,MABBOB,7.641180840113487
PHOTONIC_20LAYERS_BRAGG,MABBOB,6.033954323830046
PHOTONIC_20LAYERS_BRAGG,MABBOB,10.76107726043822
PHOTONIC_20LAYERS_BRAGG,MABBOB,7.4321081698795535
PHOTONIC_20LAYERS_BRAGG,MABBOB,10.17874120040715
PHOTONIC_20LAYERS_BRAGG,MABBOB,11.437063586404873
PHOTONIC_20LAYERS_BRAGG,MABBOB,9.799655826099595
PHOTONIC_20LAYERS_BRAGG,MABBOB,8.836851524490132
PHOTONIC_20LAYERS_BRAGG,MABBOB,7.817270743447803
PHOTONIC_20LAYERS_BRAGG,MABBOB,7.686576332773945
PHOTONIC_20LAYERS_BRAGG,MABBOB,7.794254291903157
PHOTONIC_20LAYERS_BRAGG,MABBOB,6.703468781610654
PHOTONIC_20LAYERS_BRAGG,MABBOB,10.931539231206555
PHOTONIC_20LAYERS_BRAGG,MABBOB,8.551972008364114
PHOTONIC_20LAYERS_BRAGG,MABBOB,11.617456007343355
PHOTONIC_20LAYERS_BRAGG,MABBOB,10.42903328766171
PHOTONIC_20LAYERS_BRAGG,MABBOB,11.708939133357449
PHOTONIC_20LAYERS_BRAGG,MABBOB,10.962007360383124
PHOTONIC_20LAYERS_BRAGG,MABBOB,10.348145555483667
PHOTONIC_20LAYERS_BRAGG,MABBOB,11.162479287822128
PHOTONIC_20LAYERS_BRAGG,MABBOB,11.074496770657632
PHOTONIC_20LAYERS_BRAGG,MABBOB,8.279059855948503
PHOTONIC_20LAYERS_BRAGG,MABBOB,11.505414263685472
PHOTONIC_20LAYERS_BRAGG,MABBOB,10.481806780106032
PHOTONIC_20LAYERS_BRAGG,MABBOB,9.9841289652045
PHOTONIC_20LAYERS_BRAGG,MABBOB,6.78363861833135
PHOTONIC_20LAYERS_BRAGG,MABBOB,7.354448579806501
PHOTONIC_20LAYERS_BRAGG,MABBOB,10.58756541821668
PHOTONIC_20LAYERS_BRAGG,MABBOB,8.59732614917462
PHOTONIC_20LAYERS_BRAGG,MABBOB,10.664270543261667
PHOTONIC_20LAYERS_BRAGG,MABBOB,7.305601058601543
PHOTONIC_20LAYERS_BRAGG,MABBOB,9.690121586246642
PHOTONIC_20LAYERS_BRAGG,MABBOB,10.49423476954069
PHOTONIC_20LAYERS_BRAGG,MABBOB,9.45730055563906
PHOTONIC_20LAYERS_BRAGG,MABBOB,14.579612463047015
PHOTONIC_20LAYERS_BRAGG,MABBOB,12.282753314974657
PHOTONIC_20LAYERS_BRAGG,MABBOB,7.670393609855195
PHOTONIC_20LAYERS_BRAGG,MABBOB,7.567815727201749
PHOTONIC_20LAYERS_BRAGG,MABBOB,10.480797488280484
PHOTONIC_20LAYERS_BRAGG,MABBOB,8.084152781149923
PHOTONIC_20LAYERS_BRAGG,MABBOB,10.068107065329922
PHOTONIC_20LAYERS_BRAGG,MABBOB,10.569935076401213
PHOTONIC_20LAYERS_BRAGG,MABBOB,14.987424185166311
PHOTONIC_20LAYERS_BRAGG,MABBOB,12.78650137086914
PHOTONIC_20LAYERS_BRAGG,MABBOB,10.12415916128978
PHOTONIC_20LAYERS_BRAGG,MABBOB,8.822898707145116
PHOTONIC_20LAYERS_BRAGG,MABBOB,9.366121840498204
PHOTONIC_20LAYERS_BRAGG,MABBOB,12.045542260094571
PHOTONIC_20LAYERS_BRAGG,MABBOB,8.697790742756196
PHOTONIC_20LAYERS_BRAGG,MABBOB,7.917213781231988
PHOTONIC_20LAYERS_BRAGG,MABBOB,10.80311884194896
PHOTONIC_20LAYERS_BRAGG,MABBOB,9.479802630584967
PHOTONIC_20LAYERS_BRAGG,MABBOB,9.5847988974459
PHOTONIC_20LAYERS_BRAGG,MABBOB,8.234264911059094
PHOTONIC_20LAYERS_BRAGG,MABBOB,9.544963848609871
PHOTONIC_20LAYERS_BRAGG,MABBOB,10.69026973497201
PHOTONIC_20LAYERS_BRAGG,MABBOB,8.904201299621842
PHOTONIC_20LAYERS_BRAGG,MABBOB,7.252061438506411
PHOTONIC_20LAYERS_BRAGG,MABBOB,9.122485763227814
PHOTONIC_20LAYERS_BRAGG,MABBOB,12.098266136821758
PHOTONIC_20LAYERS_BRAGG,MABBOB,12.109174209855178
PHOTONIC_20LAYERS_BRAGG,MABBOB,8.145773228958596
PHOTONIC_20LAYERS_BRAGG,MABBOB,8.77728127892312
PHOTONIC_20LAYERS_BRAGG,MABBOB,10.775447426487982
PHOTONIC_20LAYERS_BRAGG,MABBOB,10.909244072056177
PHOTONIC_20LAYERS_BRAGG,MABBOB,11.154271540229704
PHOTONIC_20LAYERS_BRAGG,MABBOB,8.769553727131386
PHOTONIC_20LAYERS_BRAGG,MABBOB,9.569957160575832
PHOTONIC_20LAYERS_BRAGG,MABBOB,14.61459872650796
PHOTONIC_20LAYERS_BRAGG,MABBOB,7.560016783290563
PHOTONIC_20LAYERS_BRAGG,MABBOB,7.816312912699578
PHOTONIC_20LAYERS_BRAGG,MABBOB,8.624209841691748
PHOTONIC_20LAYERS_BRAGG,MABBOB,14.277144436664308
PHOTONIC_20LAYERS_BRAGG,MABBOB,9.854052128082483
PHOTONIC_20LAYERS_BRAGG,MABBOB,6.707040488145663
PHOTONIC_20LAYERS_BRAGG,MABBOB,13.927902904662405
PHOTONIC_20LAYERS_BRAGG,MABBOB,8.46222491383828
PHOTONIC_20LAYERS_BRAGG,MABBOB,9.424776852981886
PHOTONIC_20LAYERS_BRAGG,MABBOB,9.644054116240644
PHOTONIC_20LAYERS_BRAGG,MABBOB,7.840275437831284
PHOTONIC_20LAYERS_BRAGG,MABBOB,8.89130339496673
PHOTONIC_20LAYERS_BRAGG,MABBOB,10.98794167306493
PHOTONIC_20LAYERS_BRAGG,MABBOB,7.9543613894863565
PHOTONIC_20LAYERS_BRAGG,MABBOB,7.340127900675903
PHOTONIC_20LAYERS_BRAGG,MABBOB,7.624074528714632
PHOTONIC_20LAYERS_BRAGG,MABBOB,7.567790476790431
PHOTONIC_20LAYERS_BRAGG,MABBOB,14.167226717144628
PHOTONIC_20LAYERS_BRAGG,MABBOB,7.6212585203324235
PHOTONIC_20LAYERS_BRAGG,MABBOB,10.679921817714556
PHOTONIC_20LAYERS_BRAGG,MABBOB,11.802791432805394
PHOTONIC_20LAYERS_BRAGG,MABBOB,10.208443818023662
PHOTONIC_20LAYERS_BRAGG,MABBOB,8.153449291316306
PHOTONIC_20LAYERS_BRAGG,MABBOB,8.632644786295925
PHOTONIC_20LAYERS_BRAGG,MABBOB,9.301495166133432
PHOTONIC_20LAYERS_BRAGG,MABBOB,7.14802938261554
PHOTONIC_20LAYERS_BRAGG,MABBOB,8.123151864748191
PHOTONIC_20LAYERS_BRAGG,MABBOB,10.399025659804733
PHOTONIC_20LAYERS_BRAGG,MABBOB,10.069406938852433
PHOTONIC_20LAYERS_BRAGG,MABBOB,11.210528291059338
PHOTONIC_20LAYERS_BRAGG,MABBOB,8.696456089894696
PHOTONIC_20LAYERS_BRAGG,MABBOB,9.968239772633583
PHOTONIC_20LAYERS_BRAGG,MABBOB,9.988974295630412
PHOTONIC_20LAYERS_BRAGG,MABBOB,12.337784977761402
PHOTONIC_20LAYERS_BRAGG,MABBOB,10.402957039793888
PHOTONIC_20LAYERS_BRAGG,MABBOB,9.842534194116556
PHOTONIC_20LAYERS_BRAGG,MABBOB,10.137601368452188
PHOTONIC_20LAYERS_BRAGG,MABBOB,11.708076595474536
PHOTONIC_20LAYERS_BRAGG,MABBOB,9.902319803167208
PHOTONIC_20LAYERS_BRAGG,MABBOB,6.61267802962063
PHOTONIC_20LAYERS_BRAGG,MABBOB,11.613309958315988
PHOTONIC_20LAYERS_BRAGG,MABBOB,9.152016260187224
PHOTONIC_20LAYERS_BRAGG,MABBOB,10.86725852982353
PHOTONIC_20LAYERS_BRAGG,MABBOB,10.057755893366707
PHOTONIC_20LAYERS_BRAGG,MABBOB,9.36141978562432
PHOTONIC_20LAYERS_BRAGG,MABBOB,8.586949728859173
PHOTONIC_20LAYERS_BRAGG,MABBOB,10.445956917110852
PHOTONIC_20LAYERS_BRAGG,MABBOB,22.923916123990413
PHOTONIC_20LAYERS_BRAGG,MABBOB,9.277695556817593
PHOTONIC_20LAYERS_BRAGG,MABBOB,8.214756631773628
PHOTONIC_20LAYERS_BRAGG,MABBOB,12.36260525934711
PHOTONIC_20LAYERS_BRAGG,MABBOB,9.117651538394774
PHOTONIC_20LAYERS_BRAGG,MABBOB,7.518610220692447
PHOTONIC_20LAYERS_BRAGG,MABBOB,9.48221524727254
PHOTONIC_20LAYERS_BRAGG,MABBOB,8.646342293973442
PHOTONIC_20LAYERS_BRAGG,MABBOB,11.577264391401666
PHOTONIC_20LAYERS_BRAGG,MABBOB,9.77911060352621
PHOTONIC_20LAYERS_BRAGG,MABBOB,9.534456429122807
PHOTONIC_20LAYERS_BRAGG,MABBOB,9.603951777890552
PHOTONIC_20LAYERS_BRAGG,MABBOB,10.990354597320307
PHOTONIC_20LAYERS_BRAGG,MABBOB,11.213019993021621
PHOTONIC_20LAYERS_BRAGG,MABBOB,10.52478971771848
PHOTONIC_20LAYERS_BRAGG,MABBOB,10.460940238121145
PHOTONIC_20LAYERS_BRAGG,MABBOB,11.638430369827052
PHOTONIC_20LAYERS_BRAGG,MABBOB,7.272753725095715
PHOTONIC_20LAYERS_BRAGG,MABBOB,11.747682433738452
PHOTONIC_20LAYERS_BRAGG,MABBOB,10.840208754627152
PHOTONIC_20LAYERS_BRAGG,MABBOB,8.210389020605968
PHOTONIC_20LAYERS_BRAGG,MABBOB,9.044923942224399
PHOTONIC_20LAYERS_BRAGG,MABBOB,10.331977383004876
PHOTONIC_20LAYERS_BRAGG,MABBOB,9.555213185746425
PHOTONIC_20LAYERS_BRAGG,MABBOB,11.52531885658143
PHOTONIC_20LAYERS_BRAGG,MABBOB,8.230773482462288
PHOTONIC_20LAYERS_BRAGG,MABBOB,8.761828738427244
PHOTONIC_20LAYERS_BRAGG,MABBOB,10.763647413883293
PHOTONIC_20LAYERS_BRAGG,MABBOB,10.179245659430583
PHOTONIC_20LAYERS_BRAGG,MABBOB,7.209621701279679
PHOTONIC_20LAYERS_BRAGG,MABBOB,11.00178796210326
PHOTONIC_20LAYERS_BRAGG,MABBOB,9.450839279260293
PHOTONIC_20LAYERS_BRAGG,MABBOB,8.028874088212042
PHOTONIC_20LAYERS_BRAGG,MABBOB,8.014039703689868
PHOTONIC_20LAYERS_BRAGG,MABBOB,8.971493020523742
PHOTONIC_20LAYERS_BRAGG,MABBOB,7.903330728252597
PHOTONIC_20LAYERS_BRAGG,MABBOB,11.750646769879815
PHOTONIC_20LAYERS_BRAGG,MABBOB,8.595572892685233
PHOTONIC_20LAYERS_BRAGG,MABBOB,9.137828510868108
PHOTONIC_20LAYERS_BRAGG,MABBOB,10.868721307900067
PHOTONIC_20LAYERS_BRAGG,MABBOB,8.3095675746825
PHOTONIC_20LAYERS_BRAGG,MABBOB,10.700552007184701
PHOTONIC_20LAYERS_BRAGG,MABBOB,11.368091617688249
PHOTONIC_20LAYERS_BRAGG,MABBOB,8.412829730257288
PHOTONIC_20LAYERS_BRAGG,MABBOB,6.941842055642362
PHOTONIC_20LAYERS_BRAGG,MABBOB,10.8696789181979
PHOTONIC_20LAYERS_BRAGG,MABBOB,8.286946484901543
PHOTONIC_20LAYERS_BRAGG,MABBOB,8.464881538232603
PHOTONIC_20LAYERS_BRAGG,MABBOB,7.532197219158531
PHOTONIC_20LAYERS_BRAGG,MABBOB,10.135318608659508
PHOTONIC_20LAYERS_BRAGG,MABBOB,12.778410120345582
PHOTONIC_20LAYERS_BRAGG,MABBOB,8.136214678406438
PHOTONIC_20LAYERS_BRAGG,MABBOB,7.5555618765723604
PHOTONIC_20LAYERS_BRAGG,MABBOB,8.03844875511094
PHOTONIC_20LAYERS_BRAGG,MABBOB,8.912695056379286
PHOTONIC_20LAYERS_BRAGG,MABBOB,10.69729844287174
PHOTONIC_20LAYERS_BRAGG,MABBOB,11.604260319053905
PHOTONIC_20LAYERS_BRAGG,MABBOB,7.880208723157392
PHOTONIC_20LAYERS_BRAGG,MABBOB,10.505462995837629
PHOTONIC_20LAYERS_BRAGG,MABBOB,10.916874653629986
PHOTONIC_20LAYERS_BRAGG,MABBOB,7.843783096261377
PHOTONIC_20LAYERS_BRAGG,MABBOB,11.463080868295883
PHOTONIC_20LAYERS_BRAGG,MABBOB,7.367505439097019
PHOTONIC_20LAYERS_BRAGG,MABBOB,11.032680136141968
PHOTONIC_20LAYERS_BRAGG,MABBOB,8.706714256128539
PHOTONIC_20LAYERS_BRAGG,MABBOB,11.757927394133942
PHOTONIC_20LAYERS_BRAGG,MABBOB,9.909947091397028
PHOTONIC_20LAYERS_BRAGG,MABBOB,13.265978806143291
PHOTONIC_20LAYERS_BRAGG,MABBOB,7.875928587596182
PHOTONIC_20LAYERS_BRAGG,MABBOB,10.6051689138333
PHOTONIC_20LAYERS_BRAGG,MABBOB,8.730241750326638
PHOTONIC_20LAYERS_BRAGG,MABBOB,8.64200262896905
PHOTONIC_20LAYERS_BRAGG,MABBOB,7.999537682066095
PHOTONIC_20LAYERS_BRAGG,MABBOB,10.641401516417677
PHOTONIC_20LAYERS_BRAGG,MABBOB,7.8425287477036205
PHOTONIC_20LAYERS_BRAGG,MABBOB,8.830893957652624
PHOTONIC_20LAYERS_BRAGG,MABBOB,8.71903342028114
PHOTONIC_20LAYERS_BRAGG,MABBOB,13.49074985583193
PHOTONIC_20LAYERS_BRAGG,MABBOB,9.234501229049794
PHOTONIC_20LAYERS_BRAGG,MABBOB,11.06637234142891
PHOTONIC_20LAYERS_BRAGG,MABBOB,6.81158955842278
PHOTONIC_20LAYERS_BRAGG,MABBOB,10.263071786112848
PHOTONIC_20LAYERS_BRAGG,MABBOB,10.222045971440807
PHOTONIC_20LAYERS_BRAGG,MABBOB,10.73827343665128
PHOTONIC_20LAYERS_BRAGG,MABBOB,9.468635356631285
PHOTONIC_20LAYERS_BRAGG,MABBOB,8.014848355510505
PHOTONIC_2LAYERS_ELLIPSOMETRY,MABBOB,17.13201311918188
PHOTONIC_2LAYERS_ELLIPSOMETRY,MABBOB,18.03836701868779
PHOTONIC_2LAYERS_ELLIPSOMETRY,MABBOB,17.909567344257045
PHOTONIC_2LAYERS_ELLIPSOMETRY,MABBOB,17.127555462266024
PHOTONIC_2LAYERS_ELLIPSOMETRY,MABBOB,17.255235968520335
PHOTONIC_2LAYERS_ELLIPSOMETRY,MABBOB,18.523443597120647
PHOTONIC_2LAYERS_ELLIPSOMETRY,MABBOB,17.345988198618493
PHOTONIC_2LAYERS_ELLIPSOMETRY,MABBOB,19.014358770852546
PHOTONIC_2LAYERS_ELLIPSOMETRY,MABBOB,17.227094028292996
PHOTONIC_2LAYERS_ELLIPSOMETRY,MABBOB,17.727608793367523
PHOTONIC_2LAYERS_ELLIPSOMETRY,MABBOB,18.91487264699492
PHOTONIC_2LAYERS_ELLIPSOMETRY,MABBOB,17.63624759779133
PHOTONIC_2LAYERS_ELLIPSOMETRY,MABBOB,17.246678264372406
PHOTONIC_2LAYERS_ELLIPSOMETRY,MABBOB,16.972533889295104
PHOTONIC_2LAYERS_ELLIPSOMETRY,MABBOB,17.61815708266288
PHOTONIC_2LAYERS_ELLIPSOMETRY,MABBOB,18.263570900285874
PHOTONIC_2LAYERS_ELLIPSOMETRY,MABBOB,18.803585753889028
PHOTONIC_2LAYERS_ELLIPSOMETRY,MABBOB,18.40087463611769
PHOTONIC_2LAYERS_ELLIPSOMETRY,MABBOB,18.061347895801426
PHOTONIC_2LAYERS_ELLIPSOMETRY,MABBOB,17.23045435329528
PHOTONIC_2LAYERS_ELLIPSOMETRY,MABBOB,18.920072387167284
PHOTONIC_2LAYERS_ELLIPSOMETRY,MABBOB,18.106617245094537
PHOTONIC_2LAYERS_ELLIPSOMETRY,MABBOB,18.421534661628815
PHOTONIC_2LAYERS_ELLIPSOMETRY,MABBOB,17.533018819027355
PHOTONIC_2LAYERS_ELLIPSOMETRY,MABBOB,16.862717882883153
PHOTONIC_2LAYERS_ELLIPSOMETRY,MABBOB,17.63174339081532
PHOTONIC_2LAYERS_ELLIPSOMETRY,MABBOB,17.192457406334515
PHOTONIC_2LAYERS_ELLIPSOMETRY,MABBOB,16.757426290069933
PHOTONIC_2LAYERS_ELLIPSOMETRY,MABBOB,17.566412724335468
PHOTONIC_2LAYERS_ELLIPSOMETRY,MABBOB,17.98135874419784
PHOTONIC_2LAYERS_ELLIPSOMETRY,MABBOB,18.271563335532363
PHOTONIC_2LAYERS_ELLIPSOMETRY,MABBOB,17.571382056551542
PHOTONIC_2LAYERS_ELLIPSOMETRY,MABBOB,17.30362683851937
PHOTONIC_2LAYERS_ELLIPSOMETRY,MABBOB,18.210156598198083
PHOTONIC_2LAYERS_ELLIPSOMETRY,MABBOB,19.011669120231968
PHOTONIC_2LAYERS_ELLIPSOMETRY,MABBOB,17.638479175217267
PHOTONIC_2LAYERS_ELLIPSOMETRY,MABBOB,17.263421453136495
PHOTONIC_2LAYERS_ELLIPSOMETRY,MABBOB,17.789987406888816
PHOTONIC_2LAYERS_ELLIPSOMETRY,MABBOB,17.005907776848474
PHOTONIC_2LAYERS_ELLIPSOMETRY,MABBOB,16.946515410757794
PHOTONIC_2LAYERS_ELLIPSOMETRY,MABBOB,17.486876400895685
PHOTONIC_2LAYERS_ELLIPSOMETRY,MABBOB,17.411251534431265
PHOTONIC_2LAYERS_ELLIPSOMETRY,MABBOB,17.476553944119484
PHOTONIC_2LAYERS_ELLIPSOMETRY,MABBOB,18.565526992347536
PHOTONIC_2LAYERS_ELLIPSOMETRY,MABBOB,17.721446813873552
PHOTONIC_2LAYERS_ELLIPSOMETRY,MABBOB,17.128054812403484
PHOTONIC_2LAYERS_ELLIPSOMETRY,MABBOB,17.58568042361748
PHOTONIC_2LAYERS_ELLIPSOMETRY,MABBOB,17.164421463781103
PHOTONIC_2LAYERS_ELLIPSOMETRY,MABBOB,17.600139555255577
PHOTONIC_2LAYERS_ELLIPSOMETRY,MABBOB,16.90339777228967
PHOTONIC_2LAYERS_ELLIPSOMETRY,MABBOB,18.686628703727283
PHOTONIC_2LAYERS_ELLIPSOMETRY,MABBOB,17.450075708824894
PHOTONIC_2LAYERS_ELLIPSOMETRY,MABBOB,18.307906313811554
PHOTONIC_2LAYERS_ELLIPSOMETRY,MABBOB,17.694154056348765
PHOTONIC_2LAYERS_ELLIPSOMETRY,MABBOB,18.259988629983063
PHOTONIC_2LAYERS_ELLIPSOMETRY,MABBOB,19.688903989407688
PHOTONIC_2LAYERS_ELLIPSOMETRY,MABBOB,17.629416946968703
PHOTONIC_2LAYERS_ELLIPSOMETRY,MABBOB,18.04324840232059
PHOTONIC_2LAYERS_ELLIPSOMETRY,MABBOB,17.635460688496668
PHOTONIC_2LAYERS_ELLIPSOMETRY,MABBOB,16.912828343540127
PHOTONIC_2LAYERS_ELLIPSOMETRY,MABBOB,17.88827121048527
PHOTONIC_2LAYERS_ELLIPSOMETRY,MABBOB,17.53669694344861
PHOTONIC_2LAYERS_ELLIPSOMETRY,MABBOB,17.611936865484584
PHOTONIC_2LAYERS_ELLIPSOMETRY,MABBOB,16.903928710138313
PHOTONIC_2LAYERS_ELLIPSOMETRY,MABBOB,16.690121043638868
PHOTONIC_2LAYERS_ELLIPSOMETRY,MABBOB,17.642787031512437
PHOTONIC_2LAYERS_ELLIPSOMETRY,MABBOB,17.266174615405554
PHOTONIC_2LAYERS_ELLIPSOMETRY,MABBOB,17.754785964760977
PHOTONIC_2LAYERS_ELLIPSOMETRY,MABBOB,16.956007464203736
PHOTONIC_2LAYERS_ELLIPSOMETRY,MABBOB,17.588631359385243
PHOTONIC_2LAYERS_ELLIPSOMETRY,MABBOB,17.929080283827126
PHOTONIC_2LAYERS_ELLIPSOMETRY,MABBOB,17.722495375152196
PHOTONIC_2LAYERS_ELLIPSOMETRY,MABBOB,20.469295699287336
PHOTONIC_2LAYERS_ELLIPSOMETRY,MABBOB,19.605273774930833
PHOTONIC_2LAYERS_ELLIPSOMETRY,MABBOB,16.865319678516936
PHOTONIC_2LAYERS_ELLIPSOMETRY,MABBOB,16.9826121302727
PHOTONIC_2LAYERS_ELLIPSOMETRY,MABBOB,17.93691306995469
PHOTONIC_2LAYERS_ELLIPSOMETRY,MABBOB,17.121920597168746
PHOTONIC_2LAYERS_ELLIPSOMETRY,MABBOB,18.815326853480574
PHOTONIC_2LAYERS_ELLIPSOMETRY,MABBOB,18.50577702886911
PHOTONIC_2LAYERS_ELLIPSOMETRY,MABBOB,21.053955212868466
PHOTONIC_2LAYERS_ELLIPSOMETRY,MABBOB,18.441968749300173
PHOTONIC_2LAYERS_ELLIPSOMETRY,MABBOB,17.790915715992313
PHOTONIC_2LAYERS_ELLIPSOMETRY,MABBOB,17.200811521865646
PHOTONIC_2LAYERS_ELLIPSOMETRY,MABBOB,18.067305774318598
PHOTONIC_2LAYERS_ELLIPSOMETRY,MABBOB,17.94709215693278
PHOTONIC_2LAYERS_ELLIPSOMETRY,MABBOB,17.301428918040497
PHOTONIC_2LAYERS_ELLIPSOMETRY,MABBOB,17.555917576846824
PHOTONIC_2LAYERS_ELLIPSOMETRY,MABBOB,17.893320537947954
PHOTONIC_2LAYERS_ELLIPSOMETRY,MABBOB,17.671012960585937
PHOTONIC_2LAYERS_ELLIPSOMETRY,MABBOB,17.401629586645036
PHOTONIC_2LAYERS_ELLIPSOMETRY,MABBOB,16.84883422075085
PHOTONIC_2LAYERS_ELLIPSOMETRY,MABBOB,17.89061311298484
PHOTONIC_2LAYERS_ELLIPSOMETRY,MABBOB,17.764461926218516
PHOTONIC_2LAYERS_ELLIPSOMETRY,MABBOB,17.452142870568924
PHOTONIC_2LAYERS_ELLIPSOMETRY,MABBOB,17.190167372666643
PHOTONIC_2LAYERS_ELLIPSOMETRY,MABBOB,17.79276491305319
PHOTONIC_2LAYERS_ELLIPSOMETRY,MABBOB,17.982673820173673
PHOTONIC_2LAYERS_ELLIPSOMETRY,MABBOB,19.98892305643197
PHOTONIC_2LAYERS_ELLIPSOMETRY,MABBOB,17.09777147547443
PHOTONIC_2LAYERS_ELLIPSOMETRY,MABBOB,17.520250479060923
PHOTONIC_2LAYERS_ELLIPSOMETRY,MABBOB,18.272589014286652
PHOTONIC_2LAYERS_ELLIPSOMETRY,MABBOB,17.66108170420561
PHOTONIC_2LAYERS_ELLIPSOMETRY,MABBOB,18.376919551742283
PHOTONIC_2LAYERS_ELLIPSOMETRY,MABBOB,17.328189282369337
PHOTONIC_2LAYERS_ELLIPSOMETRY,MABBOB,18.232019116524892
PHOTONIC_2LAYERS_ELLIPSOMETRY,MABBOB,20.7671852821608
PHOTONIC_2LAYERS_ELLIPSOMETRY,MABBOB,17.326716040923476
PHOTONIC_2LAYERS_ELLIPSOMETRY,MABBOB,17.646778884604146
PHOTONIC_2LAYERS_ELLIPSOMETRY,MABBOB,17.13455835427362
PHOTONIC_2LAYERS_ELLIPSOMETRY,MABBOB,22.139852238669814
PHOTONIC_2LAYERS_ELLIPSOMETRY,MABBOB,18.06507957335361
PHOTONIC_2LAYERS_ELLIPSOMETRY,MABBOB,17.457653076072088
PHOTONIC_2LAYERS_ELLIPSOMETRY,MABBOB,20.427640443046467
PHOTONIC_2LAYERS_ELLIPSOMETRY,MABBOB,16.93943383619883
PHOTONIC_2LAYERS_ELLIPSOMETRY,MABBOB,17.25336264920305
PHOTONIC_2LAYERS_ELLIPSOMETRY,MABBOB,17.409942967154997
PHOTONIC_2LAYERS_ELLIPSOMETRY,MABBOB,17.25719226162636
PHOTONIC_2LAYERS_ELLIPSOMETRY,MABBOB,17.461181846330025
PHOTONIC_2LAYERS_ELLIPSOMETRY,MABBOB,18.809251832155404
PHOTONIC_2LAYERS_ELLIPSOMETRY,MABBOB,17.85706138872856
PHOTONIC_2LAYERS_ELLIPSOMETRY,MABBOB,17.054922610198304
PHOTONIC_2LAYERS_ELLIPSOMETRY,MABBOB,17.38747953924714
PHOTONIC_2LAYERS_ELLIPSOMETRY,MABBOB,17.10976476879351
PHOTONIC_2LAYERS_ELLIPSOMETRY,MABBOB,21.22262112854414
PHOTONIC_2LAYERS_ELLIPSOMETRY,MABBOB,17.537366623605198
PHOTONIC_2LAYERS_ELLIPSOMETRY,MABBOB,17.774445935251745
PHOTONIC_2LAYERS_ELLIPSOMETRY,MABBOB,18.4968539262379
PHOTONIC_2LAYERS_ELLIPSOMETRY,MABBOB,17.75024738490274
PHOTONIC_2LAYERS_ELLIPSOMETRY,MABBOB,17.14977050720548
PHOTONIC_2LAYERS_ELLIPSOMETRY,MABBOB,17.034250397568634
PHOTONIC_2LAYERS_ELLIPSOMETRY,MABBOB,17.580961728401295
PHOTONIC_2LAYERS_ELLIPSOMETRY,MABBOB,16.977513769806677
PHOTONIC_2LAYERS_ELLIPSOMETRY,MABBOB,18.02668718571499
PHOTONIC_2LAYERS_ELLIPSOMETRY,MABBOB,17.740018116214273
PHOTONIC_2LAYERS_ELLIPSOMETRY,MABBOB,18.194646874882885
PHOTONIC_2LAYERS_ELLIPSOMETRY,MABBOB,18.309346776963405
PHOTONIC_2LAYERS_ELLIPSOMETRY,MABBOB,17.51044068300421
PHOTONIC_2LAYERS_ELLIPSOMETRY,MABBOB,17.09775088011022
PHOTONIC_2LAYERS_ELLIPSOMETRY,MABBOB,18.515114420431185
PHOTONIC_2LAYERS_ELLIPSOMETRY,MABBOB,19.072174093422017
PHOTONIC_2LAYERS_ELLIPSOMETRY,MABBOB,18.744036596494315
PHOTONIC_2LAYERS_ELLIPSOMETRY,MABBOB,17.27980704164607
PHOTONIC_2LAYERS_ELLIPSOMETRY,MABBOB,17.55354279251593
PHOTONIC_2LAYERS_ELLIPSOMETRY,MABBOB,19.49700976537602
PHOTONIC_2LAYERS_ELLIPSOMETRY,MABBOB,17.576930916452625
PHOTONIC_2LAYERS_ELLIPSOMETRY,MABBOB,17.298780418910134
PHOTONIC_2LAYERS_ELLIPSOMETRY,MABBOB,17.740833501362523
PHOTONIC_2LAYERS_ELLIPSOMETRY,MABBOB,17.222391118530624
PHOTONIC_2LAYERS_ELLIPSOMETRY,MABBOB,17.746035054502467
PHOTONIC_2LAYERS_ELLIPSOMETRY,MABBOB,17.987290948573612
PHOTONIC_2LAYERS_ELLIPSOMETRY,MABBOB,17.938935099819457
PHOTONIC_2LAYERS_ELLIPSOMETRY,MABBOB,16.853914213628155
PHOTONIC_2LAYERS_ELLIPSOMETRY,MABBOB,18.510693595606085
PHOTONIC_2LAYERS_ELLIPSOMETRY,MABBOB,27.523613379599343
PHOTONIC_2LAYERS_ELLIPSOMETRY,MABBOB,17.142126852731856
PHOTONIC_2LAYERS_ELLIPSOMETRY,MABBOB,16.993379384662994
PHOTONIC_2LAYERS_ELLIPSOMETRY,MABBOB,20.07130689419333
PHOTONIC_2LAYERS_ELLIPSOMETRY,MABBOB,17.973518110943022
PHOTONIC_2LAYERS_ELLIPSOMETRY,MABBOB,16.92351184014965
PHOTONIC_2LAYERS_ELLIPSOMETRY,MABBOB,17.85867027490878
PHOTONIC_2LAYERS_ELLIPSOMETRY,MABBOB,17.037726695758018
PHOTONIC_2LAYERS_ELLIPSOMETRY,MABBOB,18.237108772580733
PHOTONIC_2LAYERS_ELLIPSOMETRY,MABBOB,18.32107255735421
PHOTONIC_2LAYERS_ELLIPSOMETRY,MABBOB,18.20841099980115
PHOTONIC_2LAYERS_ELLIPSOMETRY,MABBOB,17.462252618647252
PHOTONIC_2LAYERS_ELLIPSOMETRY,MABBOB,19.003910381475166
PHOTONIC_2LAYERS_ELLIPSOMETRY,MABBOB,17.78181047189315
PHOTONIC_2LAYERS_ELLIPSOMETRY,MABBOB,18.640079274866935
PHOTONIC_2LAYERS_ELLIPSOMETRY,MABBOB,18.00683558775735
PHOTONIC_2LAYERS_ELLIPSOMETRY,MABBOB,17.905605430296752
PHOTONIC_2LAYERS_ELLIPSOMETRY,MABBOB,17.10700367815543
PHOTONIC_2LAYERS_ELLIPSOMETRY,MABBOB,17.90174014321102
PHOTONIC_2LAYERS_ELLIPSOMETRY,MABBOB,18.103135852227542
PHOTONIC_2LAYERS_ELLIPSOMETRY,MABBOB,17.482587381439238
PHOTONIC_2LAYERS_ELLIPSOMETRY,MABBOB,17.026934865127142
PHOTONIC_2LAYERS_ELLIPSOMETRY,MABBOB,17.333620302632642
PHOTONIC_2LAYERS_ELLIPSOMETRY,MABBOB,17.932861208017467
PHOTONIC_2LAYERS_ELLIPSOMETRY,MABBOB,18.27834067074284
PHOTONIC_2LAYERS_ELLIPSOMETRY,MABBOB,16.990162329288413
PHOTONIC_2LAYERS_ELLIPSOMETRY,MABBOB,17.563148213509777
PHOTONIC_2LAYERS_ELLIPSOMETRY,MABBOB,17.679733753237723
PHOTONIC_2LAYERS_ELLIPSOMETRY,MABBOB,17.6906287119509
PHOTONIC_2LAYERS_ELLIPSOMETRY,MABBOB,16.84898563186746
PHOTONIC_2LAYERS_ELLIPSOMETRY,MABBOB,17.913962467151304
PHOTONIC_2LAYERS_ELLIPSOMETRY,MABBOB,17.350191220936793
PHOTONIC_2LAYERS_ELLIPSOMETRY,MABBOB,16.973966418866393
PHOTONIC_2LAYERS_ELLIPSOMETRY,MABBOB,16.906679238310613
PHOTONIC_2LAYERS_ELLIPSOMETRY,MABBOB,18.182422567493074
PHOTONIC_2LAYERS_ELLIPSOMETRY,MABBOB,17.128033577773834
PHOTONIC_2LAYERS_ELLIPSOMETRY,MABBOB,18.100082297694865
PHOTONIC_2LAYERS_ELLIPSOMETRY,MABBOB,17.72828976015379
PHOTONIC_2LAYERS_ELLIPSOMETRY,MABBOB,17.780670934642874
PHOTONIC_2LAYERS_ELLIPSOMETRY,MABBOB,18.521756541805555
PHOTONIC_2LAYERS_ELLIPSOMETRY,MABBOB,17.499511782541624
PHOTONIC_2LAYERS_ELLIPSOMETRY,MABBOB,18.835224759965232
PHOTONIC_2LAYERS_ELLIPSOMETRY,MABBOB,18.589145581853604
PHOTONIC_2LAYERS_ELLIPSOMETRY,MABBOB,16.992706305979546
PHOTONIC_2LAYERS_ELLIPSOMETRY,MABBOB,16.941326279162883
PHOTONIC_2LAYERS_ELLIPSOMETRY,MABBOB,18.336747133980662
PHOTONIC_2LAYERS_ELLIPSOMETRY,MABBOB,16.958564924618383
PHOTONIC_2LAYERS_ELLIPSOMETRY,MABBOB,17.915805599587703
PHOTONIC_2LAYERS_ELLIPSOMETRY,MABBOB,17.08639940726654
PHOTONIC_2LAYERS_ELLIPSOMETRY,MABBOB,17.500396915028833
PHOTONIC_2LAYERS_ELLIPSOMETRY,MABBOB,20.35977933320366
PHOTONIC_2LAYERS_ELLIPSOMETRY,MABBOB,17.429067144885327
PHOTONIC_2LAYERS_ELLIPSOMETRY,MABBOB,17.085569202133613
PHOTONIC_2LAYERS_ELLIPSOMETRY,MABBOB,17.253355989701554
PHOTONIC_2LAYERS_ELLIPSOMETRY,MABBOB,17.126695632766612
PHOTONIC_2LAYERS_ELLIPSOMETRY,MABBOB,17.445925924690375
PHOTONIC_2LAYERS_ELLIPSOMETRY,MABBOB,20.307479924260612
PHOTONIC_2LAYERS_ELLIPSOMETRY,MABBOB,17.23323722338174
PHOTONIC_2LAYERS_ELLIPSOMETRY,MABBOB,17.356836674884953
PHOTONIC_2LAYERS_ELLIPSOMETRY,MABBOB,17.6319179543927
PHOTONIC_2LAYERS_ELLIPSOMETRY,MABBOB,17.30222194270561
PHOTONIC_2LAYERS_ELLIPSOMETRY,MABBOB,17.93538177553601
PHOTONIC_2LAYERS_ELLIPSOMETRY,MABBOB,17.13101163527102
PHOTONIC_2LAYERS_ELLIPSOMETRY,MABBOB,17.940172146247622
PHOTONIC_2LAYERS_ELLIPSOMETRY,MABBOB,17.214121750047035
PHOTONIC_2LAYERS_ELLIPSOMETRY,MABBOB,17.776041109131267
PHOTONIC_2LAYERS_ELLIPSOMETRY,MABBOB,17.49585237708257
PHOTONIC_2LAYERS_ELLIPSOMETRY,MABBOB,18.816060774376215
PHOTONIC_2LAYERS_ELLIPSOMETRY,MABBOB,17.045579482214187
PHOTONIC_2LAYERS_ELLIPSOMETRY,MABBOB,18.59853729965022
PHOTONIC_2LAYERS_ELLIPSOMETRY,MABBOB,17.51570894372173
PHOTONIC_2LAYERS_ELLIPSOMETRY,MABBOB,17.12131842861986
PHOTONIC_2LAYERS_ELLIPSOMETRY,MABBOB,17.620994819919662
PHOTONIC_2LAYERS_ELLIPSOMETRY,MABBOB,17.98779884476026
PHOTONIC_2LAYERS_ELLIPSOMETRY,MABBOB,17.14865641373174
PHOTONIC_2LAYERS_ELLIPSOMETRY,MABBOB,17.392052361095885
PHOTONIC_2LAYERS_ELLIPSOMETRY,MABBOB,17.827824357022195
PHOTONIC_2LAYERS_ELLIPSOMETRY,MABBOB,20.58095327345166
PHOTONIC_2LAYERS_ELLIPSOMETRY,MABBOB,18.25312029846407
PHOTONIC_2LAYERS_ELLIPSOMETRY,MABBOB,19.080353767811555
PHOTONIC_2LAYERS_ELLIPSOMETRY,MABBOB,17.053544272668706
PHOTONIC_2LAYERS_ELLIPSOMETRY,MABBOB,17.59718012691255
PHOTONIC_2LAYERS_ELLIPSOMETRY,MABBOB,17.918097526578205
PHOTONIC_2LAYERS_ELLIPSOMETRY,MABBOB,17.92551779793561
PHOTONIC_2LAYERS_ELLIPSOMETRY,MABBOB,18.009382005836816
PHOTONIC_2LAYERS_ELLIPSOMETRY,MABBOB,18.047872711736026
PHOTONIC_10LAYERS_BRAGG,LLM,27.97678409011141
PHOTONIC_10LAYERS_BRAGG,LLM,14.662270511716049
PHOTONIC_10LAYERS_BRAGG,LLM,19.43824605689028
PHOTONIC_10LAYERS_BRAGG,LLM,40.74160323072537
PHOTONIC_10LAYERS_BRAGG,LLM,26.613834502443417
PHOTONIC_10LAYERS_BRAGG,LLM,12.46898272338467
PHOTONIC_10LAYERS_BRAGG,LLM,15.329737074651888
PHOTONIC_10LAYERS_BRAGG,LLM,11.239078514422303
PHOTONIC_10LAYERS_BRAGG,LLM,38.90842302929858
PHOTONIC_10LAYERS_BRAGG,LLM,16.05841874314838
PHOTONIC_10LAYERS_BRAGG,LLM,16.96293116343885
PHOTONIC_10LAYERS_BRAGG,LLM,26.882469032824954
PHOTONIC_10LAYERS_BRAGG,LLM,17.654153068398447
PHOTONIC_10LAYERS_BRAGG,LLM,19.207978560129966
PHOTONIC_10LAYERS_BRAGG,LLM,7.547481599723978
PHOTONIC_10LAYERS_BRAGG,LLM,19.727570543464584
PHOTONIC_10LAYERS_BRAGG,LLM,38.7043288084296
PHOTONIC_10LAYERS_BRAGG,LLM,12.256928720708997
PHOTONIC_10LAYERS_BRAGG,LLM,18.005135127880845
PHOTONIC_10LAYERS_BRAGG,LLM,19.30904824760172
PHOTONIC_10LAYERS_BRAGG,LLM,19.851529346739213
PHOTONIC_10LAYERS_BRAGG,LLM,12.80890561108602
PHOTONIC_10LAYERS_BRAGG,LLM,18.772872867873563
PHOTONIC_10LAYERS_BRAGG,LLM,21.28546396777148
PHOTONIC_10LAYERS_BRAGG,LLM,14.160498266956258
PHOTONIC_10LAYERS_BRAGG,LLM,11.055514911021481
PHOTONIC_10LAYERS_BRAGG,LLM,19.5754001551556
PHOTONIC_10LAYERS_BRAGG,LLM,136.86620335136445
PHOTONIC_10LAYERS_BRAGG,LLM,9.121151133425213
PHOTONIC_10LAYERS_BRAGG,LLM,12.158657199157444
PHOTONIC_10LAYERS_BRAGG,LLM,11.991627678613629
PHOTONIC_10LAYERS_BRAGG,LLM,13.44008847526307
PHOTONIC_10LAYERS_BRAGG,LLM,8.885153307244684
PHOTONIC_10LAYERS_BRAGG,LLM,8.52308699317921
PHOTONIC_10LAYERS_BRAGG,LLM,17.81910062896536
PHOTONIC_10LAYERS_BRAGG,LLM,24.455026168743547
PHOTONIC_10LAYERS_BRAGG,LLM,20.211153674061833
PHOTONIC_10LAYERS_BRAGG,LLM,20.350562538814494
PHOTONIC_10LAYERS_BRAGG,LLM,19.81406972768951
PHOTONIC_10LAYERS_BRAGG,LLM,18.55969689960586
PHOTONIC_10LAYERS_BRAGG,LLM,11.014779812594243
PHOTONIC_10LAYERS_BRAGG,LLM,9.846242664571205
PHOTONIC_10LAYERS_BRAGG,LLM,21.244591037463472
PHOTONIC_10LAYERS_BRAGG,LLM,18.407743088136606
PHOTONIC_10LAYERS_BRAGG,LLM,10.507346415687563
PHOTONIC_10LAYERS_BRAGG,LLM,36.66959910918873
PHOTONIC_10LAYERS_BRAGG,LLM,37.69778477497525
PHOTONIC_10LAYERS_BRAGG,LLM,10.827508282424839
PHOTONIC_10LAYERS_BRAGG,LLM,15.358904154760182
PHOTONIC_10LAYERS_BRAGG,LLM,42.15815321149557
PHOTONIC_10LAYERS_BRAGG,LLM,9.497256921521295
PHOTONIC_10LAYERS_BRAGG,LLM,12.63154539895939
PHOTONIC_10LAYERS_BRAGG,LLM,33.924611229816186
PHOTONIC_10LAYERS_BRAGG,LLM,11.366948942699985
PHOTONIC_10LAYERS_BRAGG,LLM,11.908198092302863
PHOTONIC_10LAYERS_BRAGG,LLM,9.72773577182092
PHOTONIC_10LAYERS_BRAGG,LLM,10.393620434252874
PHOTONIC_10LAYERS_BRAGG,LLM,10.276576153766108
PHOTONIC_10LAYERS_BRAGG,LLM,19.951418429105786
PHOTONIC_10LAYERS_BRAGG,LLM,12.557726409083914
PHOTONIC_10LAYERS_BRAGG,LLM,17.649305802340123
PHOTONIC_10LAYERS_BRAGG,LLM,13.58033793776846
PHOTONIC_10LAYERS_BRAGG,LLM,13.507272481039415
PHOTONIC_10LAYERS_BRAGG,LLM,12.444717865439367
PHOTONIC_10LAYERS_BRAGG,LLM,14.859463290255706
PHOTONIC_10LAYERS_BRAGG,LLM,15.056140966834581
PHOTONIC_10LAYERS_BRAGG,LLM,12.212386686126136
PHOTONIC_10LAYERS_BRAGG,LLM,75.53289395529374
PHOTONIC_10LAYERS_BRAGG,LLM,10.592929878628583
PHOTONIC_10LAYERS_BRAGG,LLM,14.197151809838505
PHOTONIC_10LAYERS_BRAGG,LLM,13.045932341213714
PHOTONIC_10LAYERS_BRAGG,LLM,18.45744769156125
PHOTONIC_10LAYERS_BRAGG,LLM,12.97035924889734
PHOTONIC_10LAYERS_BRAGG,LLM,19.78713603564373
PHOTONIC_10LAYERS_BRAGG,LLM,18.877074167532285
PHOTONIC_10LAYERS_BRAGG,LLM,21.405632261416596
PHOTONIC_10LAYERS_BRAGG,LLM,24.289137411255496
PHOTONIC_10LAYERS_BRAGG,LLM,12.119264341512498
PHOTONIC_10LAYERS_BRAGG,LLM,12.64137397694781
PHOTONIC_10LAYERS_BRAGG,LLM,12.756766478980559
PHOTONIC_10LAYERS_BRAGG,LLM,11.319784619980629
PHOTONIC_10LAYERS_BRAGG,LLM,11.570870460569207
PHOTONIC_10LAYERS_BRAGG,LLM,13.579809920445259
PHOTONIC_10LAYERS_BRAGG,LLM,10.618758797567475
PHOTONIC_10LAYERS_BRAGG,LLM,9.999320759422236
PHOTONIC_10LAYERS_BRAGG,LLM,9.5092624993104
PHOTONIC_10LAYERS_BRAGG,LLM,9.878231685606897
PHOTONIC_10LAYERS_BRAGG,LLM,9.848182988566267
PHOTONIC_10LAYERS_BRAGG,LLM,12.466527837236212
PHOTONIC_10LAYERS_BRAGG,LLM,10.342173069709663
PHOTONIC_10LAYERS_BRAGG,LLM,10.080330646766665
PHOTONIC_10LAYERS_BRAGG,LLM,18.014749847699832
PHOTONIC_10LAYERS_BRAGG,LLM,9.530867109511394
PHOTONIC_10LAYERS_BRAGG,LLM,10.888585978643146
PHOTONIC_10LAYERS_BRAGG,LLM,10.8130192380218
PHOTONIC_10LAYERS_BRAGG,LLM,8.505593935081176
PHOTONIC_10LAYERS_BRAGG,LLM,11.712088374773224
PHOTONIC_10LAYERS_BRAGG,LLM,18.017105593412104
PHOTONIC_10LAYERS_BRAGG,LLM,11.826613596015672
PHOTONIC_10LAYERS_BRAGG,LLM,11.208443942710252
PHOTONIC_10LAYERS_BRAGG,LLM,8.803134886759608
PHOTONIC_10LAYERS_BRAGG,LLM,9.789480585793259
PHOTONIC_10LAYERS_BRAGG,LLM,8.393590890109728
PHOTONIC_10LAYERS_BRAGG,LLM,10.915675488574088
PHOTONIC_10LAYERS_BRAGG,LLM,15.408671879135767
PHOTONIC_10LAYERS_BRAGG,LLM,22.599970437807364
PHOTONIC_10LAYERS_BRAGG,LLM,9.50387769571384
PHOTONIC_10LAYERS_BRAGG,LLM,12.173736738003072
PHOTONIC_10LAYERS_BRAGG,LLM,8.400810514934367
PHOTONIC_10LAYERS_BRAGG,LLM,7.552425413653528
PHOTONIC_10LAYERS_BRAGG,LLM,13.099364426752949
PHOTONIC_10LAYERS_BRAGG,LLM,7.851740332988543
PHOTONIC_10LAYERS_BRAGG,LLM,13.7654767655737
PHOTONIC_10LAYERS_BRAGG,LLM,11.996348141133003
PHOTONIC_10LAYERS_BRAGG,LLM,12.766885332207437
PHOTONIC_10LAYERS_BRAGG,LLM,10.907070659072987
PHOTONIC_10LAYERS_BRAGG,LLM,12.221181711104252
PHOTONIC_10LAYERS_BRAGG,LLM,13.009637508348272
PHOTONIC_10LAYERS_BRAGG,LLM,19.07548909037404
PHOTONIC_10LAYERS_BRAGG,LLM,10.784225916234378
PHOTONIC_10LAYERS_BRAGG,LLM,12.931349810416787
PHOTONIC_10LAYERS_BRAGG,LLM,13.494535451268542
PHOTONIC_10LAYERS_BRAGG,LLM,13.085050544076116
PHOTONIC_10LAYERS_BRAGG,LLM,9.899461729699429
PHOTONIC_10LAYERS_BRAGG,LLM,36.36413393228172
PHOTONIC_10LAYERS_BRAGG,LLM,12.607555762549556
PHOTONIC_10LAYERS_BRAGG,LLM,11.481565497630053
PHOTONIC_10LAYERS_BRAGG,LLM,12.236215520594243
PHOTONIC_10LAYERS_BRAGG,LLM,7.698930688311124
PHOTONIC_10LAYERS_BRAGG,LLM,12.835522473486627
PHOTONIC_10LAYERS_BRAGG,LLM,12.693261672740896
PHOTONIC_10LAYERS_BRAGG,LLM,8.206398630630684
PHOTONIC_10LAYERS_BRAGG,LLM,7.580915182228571
PHOTONIC_10LAYERS_BRAGG,LLM,13.03276472445154
PHOTONIC_10LAYERS_BRAGG,LLM,13.229892411159616
PHOTONIC_10LAYERS_BRAGG,LLM,9.546446891726518
PHOTONIC_10LAYERS_BRAGG,LLM,16.121326836971562
PHOTONIC_10LAYERS_BRAGG,LLM,26.403841767133272
PHOTONIC_10LAYERS_BRAGG,LLM,13.568167727851925
PHOTONIC_10LAYERS_BRAGG,LLM,12.11538056645659
PHOTONIC_10LAYERS_BRAGG,LLM,13.674725116063664
PHOTONIC_10LAYERS_BRAGG,LLM,12.277560530530451
PHOTONIC_10LAYERS_BRAGG,LLM,10.869787012500321
PHOTONIC_10LAYERS_BRAGG,LLM,12.485685893444007
PHOTONIC_10LAYERS_BRAGG,LLM,12.980881205637926
PHOTONIC_10LAYERS_BRAGG,LLM,13.254952123379754
PHOTONIC_10LAYERS_BRAGG,LLM,10.471665554703735
PHOTONIC_10LAYERS_BRAGG,LLM,13.0123157536807
PHOTONIC_10LAYERS_BRAGG,LLM,11.044845028536827
PHOTONIC_10LAYERS_BRAGG,LLM,13.242191454192753
PHOTONIC_10LAYERS_BRAGG,LLM,11.043181342979379
PHOTONIC_10LAYERS_BRAGG,LLM,9.6250751812683
PHOTONIC_10LAYERS_BRAGG,LLM,13.194411369666891
PHOTONIC_10LAYERS_BRAGG,LLM,16.315042144786503
PHOTONIC_10LAYERS_BRAGG,LLM,17.90939354434146
PHOTONIC_10LAYERS_BRAGG,LLM,20.74899095047464
PHOTONIC_10LAYERS_BRAGG,LLM,10.638022478409509
PHOTONIC_10LAYERS_BRAGG,LLM,12.627316089103093
PHOTONIC_10LAYERS_BRAGG,LLM,8.359542535292915
PHOTONIC_10LAYERS_BRAGG,LLM,15.851955979556923
PHOTONIC_10LAYERS_BRAGG,LLM,13.007128639060275
PHOTONIC_10LAYERS_BRAGG,LLM,13.825445618396436
PHOTONIC_10LAYERS_BRAGG,LLM,7.783123057380349
PHOTONIC_10LAYERS_BRAGG,LLM,14.484894863736749
PHOTONIC_10LAYERS_BRAGG,LLM,8.068546497818271
PHOTONIC_10LAYERS_BRAGG,LLM,14.65537417207786
PHOTONIC_10LAYERS_BRAGG,LLM,12.752062010730901
PHOTONIC_10LAYERS_BRAGG,LLM,10.142836492093423
PHOTONIC_10LAYERS_BRAGG,LLM,11.104985359859453
PHOTONIC_10LAYERS_BRAGG,LLM,9.873150561921374
PHOTONIC_10LAYERS_BRAGG,LLM,9.602169076000806
PHOTONIC_10LAYERS_BRAGG,LLM,31.76755273136716
PHOTONIC_10LAYERS_BRAGG,LLM,12.580760287662178
PHOTONIC_10LAYERS_BRAGG,LLM,34.85818910973461
PHOTONIC_10LAYERS_BRAGG,LLM,22.263496353234288
PHOTONIC_10LAYERS_BRAGG,LLM,34.08807668774673
PHOTONIC_10LAYERS_BRAGG,LLM,10.122620934913401
PHOTONIC_10LAYERS_BRAGG,LLM,18.149165246502367
PHOTONIC_10LAYERS_BRAGG,LLM,10.640206992827139
PHOTONIC_10LAYERS_BRAGG,LLM,13.018139275110963
PHOTONIC_10LAYERS_BRAGG,LLM,12.777491979023166
PHOTONIC_10LAYERS_BRAGG,LLM,12.266355953499758
PHOTONIC_10LAYERS_BRAGG,LLM,25.587983129525423
PHOTONIC_10LAYERS_BRAGG,LLM,20.838468101647248
PHOTONIC_10LAYERS_BRAGG,LLM,15.35101077933355
PHOTONIC_10LAYERS_BRAGG,LLM,13.404928247386849
PHOTONIC_10LAYERS_BRAGG,LLM,10.18816959847218
PHOTONIC_10LAYERS_BRAGG,LLM,33.491560836614774
PHOTONIC_10LAYERS_BRAGG,LLM,10.224052066981317
PHOTONIC_10LAYERS_BRAGG,LLM,21.3744268074216
PHOTONIC_10LAYERS_BRAGG,LLM,12.159305468707954
PHOTONIC_10LAYERS_BRAGG,LLM,11.189887664989348
PHOTONIC_10LAYERS_BRAGG,LLM,12.59129960496078
PHOTONIC_10LAYERS_BRAGG,LLM,13.132380456566931
PHOTONIC_10LAYERS_BRAGG,LLM,15.10537927792532
PHOTONIC_10LAYERS_BRAGG,LLM,12.703875812413566
PHOTONIC_10LAYERS_BRAGG,LLM,9.818198613984382
PHOTONIC_10LAYERS_BRAGG,LLM,21.096924121038903
PHOTONIC_10LAYERS_BRAGG,LLM,10.561976836883165
PHOTONIC_10LAYERS_BRAGG,LLM,28.207216259968764
PHOTONIC_10LAYERS_BRAGG,LLM,10.77890135238388
PHOTONIC_10LAYERS_BRAGG,LLM,33.531586925721626
PHOTONIC_10LAYERS_BRAGG,LLM,12.479119977450852
PHOTONIC_10LAYERS_BRAGG,LLM,9.978896903222514
PHOTONIC_10LAYERS_BRAGG,LLM,12.940049018999375
PHOTONIC_10LAYERS_BRAGG,LLM,10.564156381486475
PHOTONIC_10LAYERS_BRAGG,LLM,34.01251814137568
PHOTONIC_10LAYERS_BRAGG,LLM,15.23442309739536
PHOTONIC_10LAYERS_BRAGG,LLM,9.390812527764473
PHOTONIC_10LAYERS_BRAGG,LLM,12.51231506871673
PHOTONIC_10LAYERS_BRAGG,LLM,13.38193300955617
PHOTONIC_10LAYERS_BRAGG,LLM,11.140858639324486
PHOTONIC_10LAYERS_BRAGG,LLM,11.129157693272132
PHOTONIC_10LAYERS_BRAGG,LLM,16.75304535566294
PHOTONIC_10LAYERS_BRAGG,LLM,12.399375663511123
PHOTONIC_10LAYERS_BRAGG,LLM,12.645101230120188
PHOTONIC_10LAYERS_BRAGG,LLM,21.362584311594276
PHOTONIC_10LAYERS_BRAGG,LLM,10.593608991943508
PHOTONIC_10LAYERS_BRAGG,LLM,11.935595789636565
PHOTONIC_10LAYERS_BRAGG,LLM,10.8569738109825
PHOTONIC_10LAYERS_BRAGG,LLM,10.06186342898409
PHOTONIC_10LAYERS_BRAGG,LLM,11.149486324638985
PHOTONIC_10LAYERS_BRAGG,LLM,14.657232812663004
PHOTONIC_10LAYERS_BRAGG,LLM,19.556007809743274
PHOTONIC_10LAYERS_BRAGG,LLM,9.644684312994801
PHOTONIC_10LAYERS_BRAGG,LLM,12.99348259334489
PHOTONIC_10LAYERS_BRAGG,LLM,11.283047875279008
PHOTONIC_10LAYERS_BRAGG,LLM,17.348007871614882
PHOTONIC_10LAYERS_BRAGG,LLM,14.31437678859909
PHOTONIC_10LAYERS_BRAGG,LLM,14.340099163755399
PHOTONIC_10LAYERS_BRAGG,LLM,16.158117838212977
PHOTONIC_10LAYERS_BRAGG,LLM,11.240114919973978
PHOTONIC_10LAYERS_BRAGG,LLM,17.775154918520656
PHOTONIC_10LAYERS_BRAGG,LLM,16.467238852644098
PHOTONIC_10LAYERS_BRAGG,LLM,34.544152329937816
PHOTONIC_10LAYERS_BRAGG,LLM,12.059581499955975
PHOTONIC_10LAYERS_BRAGG,LLM,22.09469030186272
PHOTONIC_10LAYERS_BRAGG,LLM,29.764840421522084
PHOTONIC_10LAYERS_BRAGG,LLM,13.994811153515567
PHOTONIC_10LAYERS_BRAGG,LLM,11.832760793965873
PHOTONIC_10LAYERS_BRAGG,LLM,14.020896475170948
PHOTONIC_10LAYERS_BRAGG,LLM,9.828682392030878
PHOTONIC_10LAYERS_BRAGG,LLM,13.449646974196945
PHOTONIC_10LAYERS_BRAGG,LLM,18.49773660370704
PHOTONIC_10LAYERS_BRAGG,LLM,32.11120164599808
PHOTONIC_10LAYERS_BRAGG,LLM,15.983884622284318
PHOTONIC_10LAYERS_BRAGG,LLM,12.835673985682735
PHOTONIC_10LAYERS_BRAGG,LLM,8.387438468097834
PHOTONIC_10LAYERS_BRAGG,LLM,8.918037367424462
PHOTONIC_10LAYERS_BRAGG,LLM,11.973621174057755
PHOTONIC_10LAYERS_BRAGG,LLM,16.71892581621226
PHOTONIC_10LAYERS_BRAGG,LLM,8.104555469057054
PHOTONIC_10LAYERS_BRAGG,LLM,16.77004722258258
PHOTONIC_10LAYERS_BRAGG,LLM,14.734282107749095
PHOTONIC_10LAYERS_BRAGG,LLM,19.9451056319587
PHOTONIC_10LAYERS_BRAGG,LLM,18.40226311343351
PHOTONIC_10LAYERS_BRAGG,LLM,13.610961074519537
PHOTONIC_10LAYERS_BRAGG,LLM,10.013201540447838
PHOTONIC_10LAYERS_BRAGG,LLM,20.35988543555669
PHOTONIC_10LAYERS_BRAGG,LLM,10.179244818628852
PHOTONIC_10LAYERS_BRAGG,LLM,10.769084078716272
PHOTONIC_10LAYERS_BRAGG,LLM,45.94840874502439
PHOTONIC_10LAYERS_BRAGG,LLM,12.884119442708572
PHOTONIC_10LAYERS_BRAGG,LLM,16.12277272342694
PHOTONIC_10LAYERS_BRAGG,LLM,11.420950269458793
PHOTONIC_10LAYERS_BRAGG,LLM,37.0713727787753
PHOTONIC_10LAYERS_BRAGG,LLM,8.339802445723953
PHOTONIC_10LAYERS_BRAGG,LLM,10.746690720122013
PHOTONIC_10LAYERS_BRAGG,LLM,8.505278346913917
PHOTONIC_10LAYERS_BRAGG,LLM,18.153660445491333
PHOTONIC_10LAYERS_BRAGG,LLM,20.790498778592042
PHOTONIC_10LAYERS_BRAGG,LLM,19.69401756263089
PHOTONIC_10LAYERS_BRAGG,LLM,19.467791943373772
PHOTONIC_10LAYERS_BRAGG,LLM,16.548040356919117
PHOTONIC_10LAYERS_BRAGG,LLM,11.424986202085773
PHOTONIC_10LAYERS_BRAGG,LLM,12.251260486308981
PHOTONIC_10LAYERS_BRAGG,LLM,15.086097127871485
PHOTONIC_10LAYERS_BRAGG,LLM,11.66575767208523
PHOTONIC_10LAYERS_BRAGG,LLM,11.478247842352111
PHOTONIC_10LAYERS_BRAGG,LLM,9.691062623161903
PHOTONIC_10LAYERS_BRAGG,LLM,25.088074538293867
PHOTONIC_10LAYERS_BRAGG,LLM,8.650147277158256
PHOTONIC_10LAYERS_BRAGG,LLM,14.134644345094479
PHOTONIC_10LAYERS_BRAGG,LLM,21.38415065376286
PHOTONIC_10LAYERS_BRAGG,LLM,14.259435320420385
PHOTONIC_10LAYERS_BRAGG,LLM,27.87174301266057
PHOTONIC_10LAYERS_BRAGG,LLM,20.33987861844837
PHOTONIC_10LAYERS_BRAGG,LLM,12.590679277169478
PHOTONIC_10LAYERS_BRAGG,LLM,11.105863083523193
PHOTONIC_10LAYERS_BRAGG,LLM,10.763457168152417
PHOTONIC_10LAYERS_BRAGG,LLM,10.475826642922371
PHOTONIC_10LAYERS_BRAGG,LLM,17.456559067132
PHOTONIC_10LAYERS_BRAGG,LLM,10.301027428901474
PHOTONIC_10LAYERS_BRAGG,LLM,8.207796240079608
PHOTONIC_10LAYERS_BRAGG,LLM,11.465909891680937
PHOTONIC_10LAYERS_BRAGG,LLM,14.220027909362482
PHOTONIC_10LAYERS_BRAGG,LLM,11.219163437665534
PHOTONIC_10LAYERS_BRAGG,LLM,11.788619408365559
PHOTONIC_10LAYERS_BRAGG,LLM,10.06649027627925
PHOTONIC_10LAYERS_BRAGG,LLM,13.786702294851324
PHOTONIC_10LAYERS_BRAGG,LLM,14.820912665088121
PHOTONIC_10LAYERS_BRAGG,LLM,20.155889405998092
PHOTONIC_10LAYERS_BRAGG,LLM,11.597282835548256
PHOTONIC_10LAYERS_BRAGG,LLM,17.609217330163467
PHOTONIC_10LAYERS_BRAGG,LLM,8.839187690970594
PHOTONIC_10LAYERS_BRAGG,LLM,8.524750475437223
PHOTONIC_10LAYERS_BRAGG,LLM,25.774097980553734
PHOTONIC_10LAYERS_BRAGG,LLM,23.704709422463534
PHOTONIC_10LAYERS_BRAGG,LLM,11.672464321437706
PHOTONIC_10LAYERS_BRAGG,LLM,8.242910231170919
PHOTONIC_10LAYERS_BRAGG,LLM,15.380022509479486
PHOTONIC_10LAYERS_BRAGG,LLM,11.717252122422689
PHOTONIC_10LAYERS_BRAGG,LLM,15.502920566719904
PHOTONIC_10LAYERS_BRAGG,LLM,14.706329602277208
PHOTONIC_10LAYERS_BRAGG,LLM,16.557121459891384
PHOTONIC_10LAYERS_BRAGG,LLM,15.037610748772439
PHOTONIC_10LAYERS_BRAGG,LLM,11.694084366744228
PHOTONIC_10LAYERS_BRAGG,LLM,19.41686888349403
PHOTONIC_10LAYERS_BRAGG,LLM,14.203354859427748
PHOTONIC_10LAYERS_BRAGG,LLM,11.786326487537078
PHOTONIC_10LAYERS_BRAGG,LLM,9.251644845258742
PHOTONIC_10LAYERS_BRAGG,LLM,13.554935375934347
PHOTONIC_10LAYERS_BRAGG,LLM,11.099822394608328
PHOTONIC_10LAYERS_BRAGG,LLM,27.629911196994765
PHOTONIC_10LAYERS_BRAGG,LLM,28.710414093574524
PHOTONIC_10LAYERS_BRAGG,LLM,11.181639612315589
PHOTONIC_10LAYERS_BRAGG,LLM,15.197690886812875
PHOTONIC_10LAYERS_BRAGG,LLM,9.054919558209937
PHOTONIC_10LAYERS_BRAGG,LLM,12.894940640121597
PHOTONIC_10LAYERS_BRAGG,LLM,14.80180419670687
PHOTONIC_10LAYERS_BRAGG,LLM,17.312451073432904
PHOTONIC_10LAYERS_BRAGG,LLM,16.53269255283498
PHOTONIC_10LAYERS_BRAGG,LLM,10.11177656267607
PHOTONIC_10LAYERS_BRAGG,LLM,14.32862928895945
PHOTONIC_10LAYERS_BRAGG,LLM,10.42017376835388
PHOTONIC_10LAYERS_BRAGG,LLM,29.73084768056985
PHOTONIC_10LAYERS_BRAGG,LLM,25.022517200123897
PHOTONIC_10LAYERS_BRAGG,LLM,8.66280859888787
PHOTONIC_10LAYERS_BRAGG,LLM,10.581016724353061
PHOTONIC_10LAYERS_BRAGG,LLM,13.935383715699704
PHOTONIC_10LAYERS_BRAGG,LLM,9.6272223122873
PHOTONIC_10LAYERS_BRAGG,LLM,10.955753809189874
PHOTONIC_10LAYERS_BRAGG,LLM,33.81407512751802
PHOTONIC_10LAYERS_BRAGG,LLM,10.539154114818563
PHOTONIC_10LAYERS_BRAGG,LLM,11.272835942288888
PHOTONIC_10LAYERS_BRAGG,LLM,11.098856424469723
PHOTONIC_10LAYERS_BRAGG,LLM,12.719910918828594
PHOTONIC_10LAYERS_BRAGG,LLM,15.52993786426119
PHOTONIC_10LAYERS_BRAGG,LLM,11.061563128198076
PHOTONIC_10LAYERS_BRAGG,LLM,10.536867880474382
PHOTONIC_10LAYERS_BRAGG,LLM,20.76464642076515
PHOTONIC_10LAYERS_BRAGG,LLM,8.356702012398435
PHOTONIC_10LAYERS_BRAGG,LLM,8.078379398292928
PHOTONIC_10LAYERS_BRAGG,LLM,14.089154354275967
PHOTONIC_10LAYERS_BRAGG,LLM,16.74780846826047
PHOTONIC_10LAYERS_BRAGG,LLM,15.3181668646664
PHOTONIC_10LAYERS_BRAGG,LLM,8.3823335459776
PHOTONIC_10LAYERS_BRAGG,LLM,28.723429750756704
PHOTONIC_10LAYERS_BRAGG,LLM,12.703939663713964
PHOTONIC_10LAYERS_BRAGG,LLM,21.627902577975156
PHOTONIC_10LAYERS_BRAGG,LLM,7.559348374005007
PHOTONIC_10LAYERS_BRAGG,LLM,10.301094369538744
PHOTONIC_10LAYERS_BRAGG,LLM,13.475176955560013
PHOTONIC_10LAYERS_BRAGG,LLM,11.343295239059138
PHOTONIC_10LAYERS_BRAGG,LLM,15.030447685923788
PHOTONIC_10LAYERS_BRAGG,LLM,14.567764293820272
PHOTONIC_10LAYERS_BRAGG,LLM,11.737623430151904
PHOTONIC_10LAYERS_BRAGG,LLM,18.00492618682468
PHOTONIC_10LAYERS_BRAGG,LLM,13.578676351157307
PHOTONIC_10LAYERS_BRAGG,LLM,13.235028021160264
PHOTONIC_10LAYERS_BRAGG,LLM,11.841793042898912
PHOTONIC_10LAYERS_BRAGG,LLM,7.848537905116952
PHOTONIC_10LAYERS_BRAGG,LLM,9.363831414527082
PHOTONIC_10LAYERS_BRAGG,LLM,10.609696662180756
PHOTONIC_10LAYERS_BRAGG,LLM,9.341406596685175
PHOTONIC_10LAYERS_BRAGG,LLM,12.18767640900263
PHOTONIC_10LAYERS_BRAGG,LLM,8.485986341709461
PHOTONIC_10LAYERS_BRAGG,LLM,14.426270912243178
PHOTONIC_10LAYERS_BRAGG,LLM,12.964253607051916
PHOTONIC_10LAYERS_BRAGG,LLM,9.968305709117024
PHOTONIC_10LAYERS_BRAGG,LLM,9.709559275834806
PHOTONIC_10LAYERS_BRAGG,LLM,16.73554586646731
PHOTONIC_10LAYERS_BRAGG,LLM,24.19860844953271
PHOTONIC_10LAYERS_BRAGG,LLM,8.572386562052893
PHOTONIC_10LAYERS_BRAGG,LLM,17.56943500332421
PHOTONIC_10LAYERS_BRAGG,LLM,14.227345588320421
PHOTONIC_10LAYERS_BRAGG,LLM,13.664268612943767
PHOTONIC_10LAYERS_BRAGG,LLM,14.77655733646256
PHOTONIC_10LAYERS_BRAGG,LLM,36.231842271247615
PHOTONIC_10LAYERS_BRAGG,LLM,11.071710162990913
PHOTONIC_10LAYERS_BRAGG,LLM,12.392022746638583
PHOTONIC_10LAYERS_BRAGG,LLM,17.239306617236206
PHOTONIC_10LAYERS_BRAGG,LLM,14.06607571492558
PHOTONIC_10LAYERS_BRAGG,LLM,10.10256155440427
PHOTONIC_10LAYERS_BRAGG,LLM,14.849704324956885
PHOTONIC_10LAYERS_BRAGG,LLM,13.304240924949843
PHOTONIC_10LAYERS_BRAGG,LLM,11.076393321309915
PHOTONIC_10LAYERS_BRAGG,LLM,42.548517039515595
PHOTONIC_10LAYERS_BRAGG,LLM,11.33943814754418
PHOTONIC_10LAYERS_BRAGG,LLM,14.91158079081579
PHOTONIC_10LAYERS_BRAGG,LLM,10.71827245464579
PHOTONIC_10LAYERS_BRAGG,LLM,27.166201856773935
PHOTONIC_10LAYERS_BRAGG,LLM,11.500419850419826
PHOTONIC_10LAYERS_BRAGG,LLM,10.435565333712153
PHOTONIC_10LAYERS_BRAGG,LLM,10.05482483960458
PHOTONIC_10LAYERS_BRAGG,LLM,27.473774563755402
PHOTONIC_10LAYERS_BRAGG,LLM,12.027913700108318
PHOTONIC_10LAYERS_BRAGG,LLM,7.874644686664311
PHOTONIC_10LAYERS_BRAGG,LLM,17.78837263826829
PHOTONIC_10LAYERS_BRAGG,LLM,21.886985543047164
PHOTONIC_10LAYERS_BRAGG,LLM,10.515300192464444
PHOTONIC_10LAYERS_BRAGG,LLM,10.413217011511042
PHOTONIC_10LAYERS_BRAGG,LLM,9.6459323308181
PHOTONIC_10LAYERS_BRAGG,LLM,19.65473785629415
PHOTONIC_10LAYERS_BRAGG,LLM,20.486525506987707
PHOTONIC_10LAYERS_BRAGG,LLM,7.45906392927142
PHOTONIC_10LAYERS_BRAGG,LLM,11.097256007352767
PHOTONIC_10LAYERS_BRAGG,LLM,12.315987749612592
PHOTONIC_10LAYERS_BRAGG,LLM,10.83183036750718
PHOTONIC_10LAYERS_BRAGG,LLM,16.332942068288794
PHOTONIC_10LAYERS_BRAGG,LLM,18.67633336382771
PHOTONIC_10LAYERS_BRAGG,LLM,9.953624465943031
PHOTONIC_10LAYERS_BRAGG,LLM,12.2058414279835
PHOTONIC_10LAYERS_BRAGG,LLM,17.76582607866484
PHOTONIC_10LAYERS_BRAGG,LLM,17.939765313425287
PHOTONIC_10LAYERS_BRAGG,LLM,10.305243380799837
PHOTONIC_10LAYERS_BRAGG,LLM,13.517110535905914
PHOTONIC_10LAYERS_BRAGG,LLM,24.510842198884514
PHOTONIC_10LAYERS_BRAGG,LLM,23.002249885089437
PHOTONIC_10LAYERS_BRAGG,LLM,9.728265637146121
PHOTONIC_10LAYERS_BRAGG,LLM,13.137148290882703
PHOTONIC_10LAYERS_BRAGG,LLM,12.665819443966084
PHOTONIC_10LAYERS_BRAGG,LLM,9.036135991906203
PHOTONIC_10LAYERS_BRAGG,LLM,16.391453004099112
PHOTONIC_10LAYERS_BRAGG,LLM,17.88395255271437
PHOTONIC_10LAYERS_BRAGG,LLM,31.689519977131518
PHOTONIC_10LAYERS_BRAGG,LLM,12.221992492794502
PHOTONIC_10LAYERS_BRAGG,LLM,12.69340377936679
PHOTONIC_10LAYERS_BRAGG,LLM,27.32005318187959
PHOTONIC_10LAYERS_BRAGG,LLM,12.153536874067715
PHOTONIC_10LAYERS_BRAGG,LLM,24.627428717048975
PHOTONIC_10LAYERS_BRAGG,LLM,11.903381299899488
PHOTONIC_10LAYERS_BRAGG,LLM,22.954277581726664
PHOTONIC_10LAYERS_BRAGG,LLM,9.283003302808126
PHOTONIC_10LAYERS_BRAGG,LLM,13.570598483433473
PHOTONIC_10LAYERS_BRAGG,LLM,11.093580072670235
PHOTONIC_10LAYERS_BRAGG,LLM,11.003747845693589
PHOTONIC_10LAYERS_BRAGG,LLM,36.48186685772751
PHOTONIC_10LAYERS_BRAGG,LLM,12.315941810903006
PHOTONIC_10LAYERS_BRAGG,LLM,12.204069290869644
PHOTONIC_10LAYERS_BRAGG,LLM,11.028119753162194
PHOTONIC_10LAYERS_BRAGG,LLM,11.040351896715126
PHOTONIC_10LAYERS_BRAGG,LLM,14.929643948279953
PHOTONIC_10LAYERS_BRAGG,LLM,14.177608206423686
PHOTONIC_10LAYERS_BRAGG,LLM,13.272723570680052
PHOTONIC_10LAYERS_BRAGG,LLM,10.99835107714635
PHOTONIC_10LAYERS_BRAGG,LLM,22.493613734599503
PHOTONIC_10LAYERS_BRAGG,LLM,15.45843210706611
PHOTONIC_10LAYERS_BRAGG,LLM,12.689135338809484
PHOTONIC_10LAYERS_BRAGG,LLM,10.151962787333922
PHOTONIC_10LAYERS_BRAGG,LLM,18.04232064432983
PHOTONIC_10LAYERS_BRAGG,LLM,30.68263238648544
PHOTONIC_10LAYERS_BRAGG,LLM,10.643327766809838
PHOTONIC_10LAYERS_BRAGG,LLM,18.227666400006697
PHOTONIC_10LAYERS_BRAGG,LLM,13.28592485270314
PHOTONIC_10LAYERS_BRAGG,LLM,18.074932367383873
PHOTONIC_10LAYERS_BRAGG,LLM,13.122871275887993
PHOTONIC_10LAYERS_BRAGG,LLM,31.375648356940783
PHOTONIC_10LAYERS_BRAGG,LLM,8.613697652673585
PHOTONIC_10LAYERS_BRAGG,LLM,47.114368189465374
PHOTONIC_10LAYERS_BRAGG,LLM,12.379326528297145
PHOTONIC_10LAYERS_BRAGG,LLM,22.205354370876655
PHOTONIC_10LAYERS_BRAGG,LLM,16.117733899103442
PHOTONIC_10LAYERS_BRAGG,LLM,8.283631286554934
PHOTONIC_10LAYERS_BRAGG,LLM,12.382947957927911
PHOTONIC_10LAYERS_BRAGG,LLM,12.163744655199014
PHOTONIC_10LAYERS_BRAGG,LLM,15.08502527342434
PHOTONIC_10LAYERS_BRAGG,LLM,13.137078213666433
PHOTONIC_10LAYERS_BRAGG,LLM,10.600281857548191
PHOTONIC_10LAYERS_BRAGG,LLM,13.541744262217362
PHOTONIC_10LAYERS_BRAGG,LLM,10.807060905775595
PHOTONIC_10LAYERS_BRAGG,LLM,9.51625473728099
PHOTONIC_10LAYERS_BRAGG,LLM,12.960351614016234
PHOTONIC_10LAYERS_BRAGG,LLM,9.819037573825721
PHOTONIC_10LAYERS_BRAGG,LLM,9.53517350361911
PHOTONIC_10LAYERS_BRAGG,LLM,11.180156925109916
PHOTONIC_10LAYERS_BRAGG,LLM,11.646272574073686
PHOTONIC_10LAYERS_BRAGG,LLM,13.960818796699197
PHOTONIC_10LAYERS_BRAGG,LLM,18.763055505098524
PHOTONIC_10LAYERS_BRAGG,LLM,10.120899834675042
PHOTONIC_10LAYERS_BRAGG,LLM,11.195156263625739
PHOTONIC_10LAYERS_BRAGG,LLM,11.38835968230943
PHOTONIC_10LAYERS_BRAGG,LLM,12.318435710264307
PHOTONIC_10LAYERS_BRAGG,LLM,12.72935542472037
PHOTONIC_10LAYERS_BRAGG,LLM,9.342173029054907
PHOTONIC_10LAYERS_BRAGG,LLM,10.798664199431323
PHOTONIC_10LAYERS_BRAGG,LLM,47.46766391061164
PHOTONIC_10LAYERS_BRAGG,LLM,11.520212919801562
PHOTONIC_10LAYERS_BRAGG,LLM,13.486075016312938
PHOTONIC_10LAYERS_BRAGG,LLM,21.871526786866
PHOTONIC_10LAYERS_BRAGG,LLM,12.892703927235575
PHOTONIC_10LAYERS_BRAGG,LLM,10.820443895966031
PHOTONIC_10LAYERS_BRAGG,LLM,9.582846505018981
PHOTONIC_10LAYERS_BRAGG,LLM,47.4929445693791
PHOTONIC_10LAYERS_BRAGG,LLM,16.04138226342771
PHOTONIC_10LAYERS_BRAGG,LLM,11.152602780800828
PHOTONIC_10LAYERS_BRAGG,LLM,23.439163639309697
PHOTONIC_10LAYERS_BRAGG,LLM,12.615491091257413
PHOTONIC_10LAYERS_BRAGG,LLM,13.692830762913117
PHOTONIC_10LAYERS_BRAGG,LLM,11.615709561842644
PHOTONIC_10LAYERS_BRAGG,LLM,16.616144235351666
PHOTONIC_10LAYERS_BRAGG,LLM,12.055484452966402
PHOTONIC_10LAYERS_BRAGG,LLM,11.81365377484911
PHOTONIC_10LAYERS_BRAGG,LLM,12.416894384579042
PHOTONIC_10LAYERS_BRAGG,LLM,11.952784882101676
PHOTONIC_10LAYERS_BRAGG,LLM,11.096844835311096
PHOTONIC_10LAYERS_BRAGG,LLM,10.325417847437487
PHOTONIC_10LAYERS_BRAGG,LLM,11.431391566361608
PHOTONIC_10LAYERS_BRAGG,LLM,9.825440707492374
PHOTONIC_10LAYERS_BRAGG,LLM,10.391671808742814
PHOTONIC_10LAYERS_BRAGG,LLM,18.040847519036618
PHOTONIC_10LAYERS_BRAGG,LLM,12.423256363883159
PHOTONIC_10LAYERS_BRAGG,LLM,10.733011094147153
PHOTONIC_10LAYERS_BRAGG,LLM,22.80063940791622
PHOTONIC_10LAYERS_BRAGG,LLM,27.182241504403468
PHOTONIC_10LAYERS_BRAGG,LLM,11.131177668869332
PHOTONIC_10LAYERS_BRAGG,LLM,12.492879990786165
PHOTONIC_10LAYERS_BRAGG,LLM,11.832599011977637
PHOTONIC_10LAYERS_BRAGG,LLM,11.97797988846618
PHOTONIC_10LAYERS_BRAGG,LLM,14.895659431227115
PHOTONIC_10LAYERS_BRAGG,LLM,23.204060247410467
PHOTONIC_10LAYERS_BRAGG,LLM,9.889558466342672
PHOTONIC_10LAYERS_BRAGG,LLM,11.578587308390363
PHOTONIC_10LAYERS_BRAGG,LLM,20.32116218321588
PHOTONIC_10LAYERS_BRAGG,LLM,10.554329794896299
PHOTONIC_10LAYERS_BRAGG,LLM,11.216396956988358
PHOTONIC_10LAYERS_BRAGG,LLM,9.718863549464098
PHOTONIC_10LAYERS_BRAGG,LLM,12.473415617787927
PHOTONIC_10LAYERS_BRAGG,LLM,27.56573190119843
PHOTONIC_10LAYERS_BRAGG,LLM,16.173901134806837
PHOTONIC_10LAYERS_BRAGG,LLM,12.363413243159345
PHOTONIC_10LAYERS_BRAGG,LLM,12.47230244448286
PHOTONIC_10LAYERS_BRAGG,LLM,18.218990558130553
PHOTONIC_10LAYERS_BRAGG,LLM,20.070227625163387
PHOTONIC_10LAYERS_BRAGG,LLM,11.945987712088277
PHOTONIC_10LAYERS_BRAGG,LLM,13.63898854020462
PHOTONIC_10LAYERS_BRAGG,LLM,12.398004044924226
PHOTONIC_10LAYERS_BRAGG,LLM,14.049246143429547
PHOTONIC_10LAYERS_BRAGG,LLM,18.498044397940916
PHOTONIC_10LAYERS_BRAGG,LLM,11.927406524663505
PHOTONIC_10LAYERS_BRAGG,LLM,12.562438204231977
PHOTONIC_10LAYERS_BRAGG,LLM,17.18987928539953
PHOTONIC_10LAYERS_BRAGG,LLM,17.426088374767836
PHOTONIC_10LAYERS_BRAGG,LLM,18.521990137227863
PHOTONIC_10LAYERS_BRAGG,LLM,17.67052977577801
PHOTONIC_10LAYERS_BRAGG,LLM,12.566812217808243
PHOTONIC_10LAYERS_BRAGG,LLM,12.561491816327063
PHOTONIC_10LAYERS_BRAGG,LLM,12.192953325301508
PHOTONIC_10LAYERS_BRAGG,LLM,18.669056090497076
PHOTONIC_10LAYERS_BRAGG,LLM,11.194565902696134
PHOTONIC_10LAYERS_BRAGG,LLM,12.547026822595651
PHOTONIC_10LAYERS_BRAGG,LLM,10.834459450462898
PHOTONIC_20LAYERS_BRAGG,LLM,27.578663835826656
PHOTONIC_20LAYERS_BRAGG,LLM,13.96652643345941
PHOTONIC_20LAYERS_BRAGG,LLM,18.87914000109171
PHOTONIC_20LAYERS_BRAGG,LLM,40.47832237519662
PHOTONIC_20LAYERS_BRAGG,LLM,26.162488578852802
PHOTONIC_20LAYERS_BRAGG,LLM,11.633871168289147
PHOTONIC_20LAYERS_BRAGG,LLM,14.646368917523766
PHOTONIC_20LAYERS_BRAGG,LLM,10.378476169109996
PHOTONIC_20LAYERS_BRAGG,LLM,38.63170740326301
PHOTONIC_20LAYERS_BRAGG,LLM,15.400575721008758
PHOTONIC_20LAYERS_BRAGG,LLM,16.34194569550507
PHOTONIC_20LAYERS_BRAGG,LLM,26.48370010409748
PHOTONIC_20LAYERS_BRAGG,LLM,17.150944274508507
PHOTONIC_20LAYERS_BRAGG,LLM,18.667382471981366
PHOTONIC_20LAYERS_BRAGG,LLM,6.174952810458912
PHOTONIC_20LAYERS_BRAGG,LLM,19.18964429242401
PHOTONIC_20LAYERS_BRAGG,LLM,38.398311714913845
PHOTONIC_20LAYERS_BRAGG,LLM,11.44220109861161
PHOTONIC_20LAYERS_BRAGG,LLM,17.429764512203953
PHOTONIC_20LAYERS_BRAGG,LLM,18.750440891462944
PHOTONIC_20LAYERS_BRAGG,LLM,19.307283951671117
PHOTONIC_20LAYERS_BRAGG,LLM,12.0176855554752
PHOTONIC_20LAYERS_BRAGG,LLM,18.21028439631643
PHOTONIC_20LAYERS_BRAGG,LLM,20.77466140530565
PHOTONIC_20LAYERS_BRAGG,LLM,13.416767024036531
PHOTONIC_20LAYERS_BRAGG,LLM,10.088937013371554
PHOTONIC_20LAYERS_BRAGG,LLM,19.023162403446022
PHOTONIC_20LAYERS_BRAGG,LLM,136.79664800199993
PHOTONIC_20LAYERS_BRAGG,LLM,8.030668338967182
PHOTONIC_20LAYERS_BRAGG,LLM,11.436616013932252
PHOTONIC_20LAYERS_BRAGG,LLM,11.145533744361684
PHOTONIC_20LAYERS_BRAGG,LLM,12.692091112556021
PHOTONIC_20LAYERS_BRAGG,LLM,7.7932923707649735
PHOTONIC_20LAYERS_BRAGG,LLM,7.330972714561277
PHOTONIC_20LAYERS_BRAGG,LLM,17.21398741986807
PHOTONIC_20LAYERS_BRAGG,LLM,24.003247601061272
PHOTONIC_20LAYERS_BRAGG,LLM,19.676187454778177
PHOTONIC_20LAYERS_BRAGG,LLM,19.807448858715613
PHOTONIC_20LAYERS_BRAGG,LLM,19.37217352473708
PHOTONIC_20LAYERS_BRAGG,LLM,17.97879908032206
PHOTONIC_20LAYERS_BRAGG,LLM,10.205355979474184
PHOTONIC_20LAYERS_BRAGG,LLM,8.838048945748403
PHOTONIC_20LAYERS_BRAGG,LLM,20.734120438455193
PHOTONIC_20LAYERS_BRAGG,LLM,17.819886965230822
PHOTONIC_20LAYERS_BRAGG,LLM,9.51483197870572
PHOTONIC_20LAYERS_BRAGG,LLM,36.38763118143401
PHOTONIC_20LAYERS_BRAGG,LLM,37.41401152680065
PHOTONIC_20LAYERS_BRAGG,LLM,10.000296951257466
PHOTONIC_20LAYERS_BRAGG,LLM,14.679898830108824
PHOTONIC_20LAYERS_BRAGG,LLM,41.8800814986719
PHOTONIC_20LAYERS_BRAGG,LLM,8.478082628999827
PHOTONIC_20LAYERS_BRAGG,LLM,11.934321762583753
PHOTONIC_20LAYERS_BRAGG,LLM,33.605428164617194
PHOTONIC_20LAYERS_BRAGG,LLM,10.533725939611557
PHOTONIC_20LAYERS_BRAGG,LLM,11.057047707596896
PHOTONIC_20LAYERS_BRAGG,LLM,8.794237290690432
PHOTONIC_20LAYERS_BRAGG,LLM,9.546393203535134
PHOTONIC_20LAYERS_BRAGG,LLM,9.400734295322703
PHOTONIC_20LAYERS_BRAGG,LLM,19.40026420703542
PHOTONIC_20LAYERS_BRAGG,LLM,11.729316886477886
PHOTONIC_20LAYERS_BRAGG,LLM,17.03725917843099
PHOTONIC_20LAYERS_BRAGG,LLM,12.82204902403364
PHOTONIC_20LAYERS_BRAGG,LLM,12.76796006238171
PHOTONIC_20LAYERS_BRAGG,LLM,11.742971198595248
PHOTONIC_20LAYERS_BRAGG,LLM,14.155150369379701
PHOTONIC_20LAYERS_BRAGG,LLM,14.476293542633515
PHOTONIC_20LAYERS_BRAGG,LLM,11.398276987345348
PHOTONIC_20LAYERS_BRAGG,LLM,75.402160040966
PHOTONIC_20LAYERS_BRAGG,LLM,9.764168639958706
PHOTONIC_20LAYERS_BRAGG,LLM,13.442126400911608
PHOTONIC_20LAYERS_BRAGG,LLM,12.381167208793661
PHOTONIC_20LAYERS_BRAGG,LLM,17.878607384507454
PHOTONIC_20LAYERS_BRAGG,LLM,12.168686470388415
PHOTONIC_20LAYERS_BRAGG,LLM,19.24629473083681
PHOTONIC_20LAYERS_BRAGG,LLM,18.310304770354726
PHOTONIC_20LAYERS_BRAGG,LLM,20.889277857999158
PHOTONIC_20LAYERS_BRAGG,LLM,23.829271048448813
PHOTONIC_20LAYERS_BRAGG,LLM,11.394241216606831
PHOTONIC_20LAYERS_BRAGG,LLM,11.83725900637212
PHOTONIC_20LAYERS_BRAGG,LLM,11.941715382563968
PHOTONIC_20LAYERS_BRAGG,LLM,10.556234730294873
PHOTONIC_20LAYERS_BRAGG,LLM,10.794144850939487
PHOTONIC_20LAYERS_BRAGG,LLM,12.930824646640778
PHOTONIC_20LAYERS_BRAGG,LLM,9.788671042350362
PHOTONIC_20LAYERS_BRAGG,LLM,8.991791480754546
PHOTONIC_20LAYERS_BRAGG,LLM,8.478610669893733
PHOTONIC_20LAYERS_BRAGG,LLM,8.969610800137081
PHOTONIC_20LAYERS_BRAGG,LLM,8.947745714310608
PHOTONIC_20LAYERS_BRAGG,LLM,11.755105268445577
PHOTONIC_20LAYERS_BRAGG,LLM,9.480997334301849
PHOTONIC_20LAYERS_BRAGG,LLM,9.201188677144861
PHOTONIC_20LAYERS_BRAGG,LLM,17.41615143821724
PHOTONIC_20LAYERS_BRAGG,LLM,8.579223654395928
PHOTONIC_20LAYERS_BRAGG,LLM,10.028737858266137
PHOTONIC_20LAYERS_BRAGG,LLM,9.99232365955697
PHOTONIC_20LAYERS_BRAGG,LLM,7.280467493144726
PHOTONIC_20LAYERS_BRAGG,LLM,10.83979359689923
PHOTONIC_20LAYERS_BRAGG,LLM,17.4286412553887
PHOTONIC_20LAYERS_BRAGG,LLM,10.972664601252177
PHOTONIC_20LAYERS_BRAGG,LLM,10.381134243460666
PHOTONIC_20LAYERS_BRAGG,LLM,7.761248641587935
PHOTONIC_20LAYERS_BRAGG,LLM,8.879795240202714
PHOTONIC_20LAYERS_BRAGG,LLM,7.14142704620735
PHOTONIC_20LAYERS_BRAGG,LLM,9.979049202872833
PHOTONIC_20LAYERS_BRAGG,LLM,14.716246342568386
PHOTONIC_20LAYERS_BRAGG,LLM,22.105751493976364
PHOTONIC_20LAYERS_BRAGG,LLM,8.567702354271361
PHOTONIC_20LAYERS_BRAGG,LLM,11.299929754039889
PHOTONIC_20LAYERS_BRAGG,LLM,7.193951695050583
PHOTONIC_20LAYERS_BRAGG,LLM,6.261489060414077
PHOTONIC_20LAYERS_BRAGG,LLM,12.425371055594363
PHOTONIC_20LAYERS_BRAGG,LLM,6.574364305399412
PHOTONIC_20LAYERS_BRAGG,LLM,13.01413167239584
PHOTONIC_20LAYERS_BRAGG,LLM,11.260133622622853
PHOTONIC_20LAYERS_BRAGG,LLM,12.07634703816286
PHOTONIC_20LAYERS_BRAGG,LLM,10.0928981314326
PHOTONIC_20LAYERS_BRAGG,LLM,11.500263067177611
PHOTONIC_20LAYERS_BRAGG,LLM,12.335013547410794
PHOTONIC_20LAYERS_BRAGG,LLM,18.483926442319504
PHOTONIC_20LAYERS_BRAGG,LLM,9.84858833731041
PHOTONIC_20LAYERS_BRAGG,LLM,12.252770499242732
PHOTONIC_20LAYERS_BRAGG,LLM,12.842126336979778
PHOTONIC_20LAYERS_BRAGG,LLM,12.412482854384987
PHOTONIC_20LAYERS_BRAGG,LLM,8.930879203319911
PHOTONIC_20LAYERS_BRAGG,LLM,36.0701901412077
PHOTONIC_20LAYERS_BRAGG,LLM,11.912311559903916
PHOTONIC_20LAYERS_BRAGG,LLM,10.561990609983349
PHOTONIC_20LAYERS_BRAGG,LLM,11.38051268462673
PHOTONIC_20LAYERS_BRAGG,LLM,6.368962226122379
PHOTONIC_20LAYERS_BRAGG,LLM,12.152226870405178
PHOTONIC_20LAYERS_BRAGG,LLM,12.005147155678845
PHOTONIC_20LAYERS_BRAGG,LLM,6.9549068305712165
PHOTONIC_20LAYERS_BRAGG,LLM,6.178788080120204
PHOTONIC_20LAYERS_BRAGG,LLM,12.361731382527958
PHOTONIC_20LAYERS_BRAGG,LLM,12.566036190468244
PHOTONIC_20LAYERS_BRAGG,LLM,8.59857826308284
PHOTONIC_20LAYERS_BRAGG,LLM,15.459410262909207
PHOTONIC_20LAYERS_BRAGG,LLM,25.97078098099054
PHOTONIC_20LAYERS_BRAGG,LLM,12.92174261018526
PHOTONIC_20LAYERS_BRAGG,LLM,11.394482245733931
PHOTONIC_20LAYERS_BRAGG,LLM,13.037358620921227
PHOTONIC_20LAYERS_BRAGG,LLM,11.557970015043722
PHOTONIC_20LAYERS_BRAGG,LLM,10.053053105339295
PHOTONIC_20LAYERS_BRAGG,LLM,11.689663563031141
PHOTONIC_20LAYERS_BRAGG,LLM,12.303546265522447
PHOTONIC_20LAYERS_BRAGG,LLM,12.589175656222205
PHOTONIC_20LAYERS_BRAGG,LLM,9.511003346088264
PHOTONIC_20LAYERS_BRAGG,LLM,12.333332042517009
PHOTONIC_20LAYERS_BRAGG,LLM,10.1977489424744
PHOTONIC_20LAYERS_BRAGG,LLM,12.576750139175541
PHOTONIC_20LAYERS_BRAGG,LLM,10.221452607790976
PHOTONIC_20LAYERS_BRAGG,LLM,8.644849730627175
PHOTONIC_20LAYERS_BRAGG,LLM,12.445474639031753
PHOTONIC_20LAYERS_BRAGG,LLM,15.61457063824435
PHOTONIC_20LAYERS_BRAGG,LLM,17.295866044438377
PHOTONIC_20LAYERS_BRAGG,LLM,20.23393753759124
PHOTONIC_20LAYERS_BRAGG,LLM,9.753500865661763
PHOTONIC_20LAYERS_BRAGG,LLM,11.928691151623129
PHOTONIC_20LAYERS_BRAGG,LLM,7.235347111386464
PHOTONIC_20LAYERS_BRAGG,LLM,15.138006177156152
PHOTONIC_20LAYERS_BRAGG,LLM,12.328635445648374
PHOTONIC_20LAYERS_BRAGG,LLM,13.193498658440994
PHOTONIC_20LAYERS_BRAGG,LLM,6.446548659143021
PHOTONIC_20LAYERS_BRAGG,LLM,13.720957576012479
PHOTONIC_20LAYERS_BRAGG,LLM,6.843888643706068
PHOTONIC_20LAYERS_BRAGG,LLM,13.924365229303467
PHOTONIC_20LAYERS_BRAGG,LLM,12.063184184072234
PHOTONIC_20LAYERS_BRAGG,LLM,9.220091353978983
PHOTONIC_20LAYERS_BRAGG,LLM,10.308785701279204
PHOTONIC_20LAYERS_BRAGG,LLM,8.913030894094497
PHOTONIC_20LAYERS_BRAGG,LLM,8.61779290560095
PHOTONIC_20LAYERS_BRAGG,LLM,31.409120968607425
PHOTONIC_20LAYERS_BRAGG,LLM,11.886905605943342
PHOTONIC_20LAYERS_BRAGG,LLM,34.54141186730457
PHOTONIC_20LAYERS_BRAGG,LLM,21.80461884468415
PHOTONIC_20LAYERS_BRAGG,LLM,33.764061092683995
PHOTONIC_20LAYERS_BRAGG,LLM,9.189548973535937
PHOTONIC_20LAYERS_BRAGG,LLM,17.553136861110804
PHOTONIC_20LAYERS_BRAGG,LLM,9.782490676514325
PHOTONIC_20LAYERS_BRAGG,LLM,12.345385190602196
PHOTONIC_20LAYERS_BRAGG,LLM,12.086506542822686
PHOTONIC_20LAYERS_BRAGG,LLM,11.545285827786017
PHOTONIC_20LAYERS_BRAGG,LLM,25.154089880752192
PHOTONIC_20LAYERS_BRAGG,LLM,20.358693698050047
PHOTONIC_20LAYERS_BRAGG,LLM,14.788842678582913
PHOTONIC_20LAYERS_BRAGG,LLM,12.72072651511163
PHOTONIC_20LAYERS_BRAGG,LLM,9.259651241959865
PHOTONIC_20LAYERS_BRAGG,LLM,33.163323961500986
PHOTONIC_20LAYERS_BRAGG,LLM,9.299007077170545
PHOTONIC_20LAYERS_BRAGG,LLM,20.856521917628033
PHOTONIC_20LAYERS_BRAGG,LLM,11.431894872445174
PHOTONIC_20LAYERS_BRAGG,LLM,10.284774992638413
PHOTONIC_20LAYERS_BRAGG,LLM,11.886417538842247
PHOTONIC_20LAYERS_BRAGG,LLM,12.45652193129172
PHOTONIC_20LAYERS_BRAGG,LLM,14.420090229819337
PHOTONIC_20LAYERS_BRAGG,LLM,12.006205540009605
PHOTONIC_20LAYERS_BRAGG,LLM,8.840828517692733
PHOTONIC_20LAYERS_BRAGG,LLM,20.62004278429846
PHOTONIC_20LAYERS_BRAGG,LLM,9.715101630278719
PHOTONIC_20LAYERS_BRAGG,LLM,27.80408676746688
PHOTONIC_20LAYERS_BRAGG,LLM,9.910823582484419
PHOTONIC_20LAYERS_BRAGG,LLM,33.19909301673568
PHOTONIC_20LAYERS_BRAGG,LLM,11.769702127350193
PHOTONIC_20LAYERS_BRAGG,LLM,8.991307471649817
PHOTONIC_20LAYERS_BRAGG,LLM,12.26512552121148
PHOTONIC_20LAYERS_BRAGG,LLM,9.69446377774326
PHOTONIC_20LAYERS_BRAGG,LLM,33.69062592940281
PHOTONIC_20LAYERS_BRAGG,LLM,14.527351978255357
PHOTONIC_20LAYERS_BRAGG,LLM,8.409299744740007
PHOTONIC_20LAYERS_BRAGG,LLM,11.81038610536728
PHOTONIC_20LAYERS_BRAGG,LLM,12.595370425400152
PHOTONIC_20LAYERS_BRAGG,LLM,10.332188811429994
PHOTONIC_20LAYERS_BRAGG,LLM,10.185044634247275
PHOTONIC_20LAYERS_BRAGG,LLM,16.230921923550053
PHOTONIC_20LAYERS_BRAGG,LLM,11.566472811331609
PHOTONIC_20LAYERS_BRAGG,LLM,11.949101551728129
PHOTONIC_20LAYERS_BRAGG,LLM,20.88777068547765
PHOTONIC_20LAYERS_BRAGG,LLM,9.625159775886491
PHOTONIC_20LAYERS_BRAGG,LLM,11.047350287431847
PHOTONIC_20LAYERS_BRAGG,LLM,9.948183432934222
PHOTONIC_20LAYERS_BRAGG,LLM,9.10888398985033
PHOTONIC_20LAYERS_BRAGG,LLM,10.317772827701614
PHOTONIC_20LAYERS_BRAGG,LLM,13.920288488666307
PHOTONIC_20LAYERS_BRAGG,LLM,18.99759359161321
PHOTONIC_20LAYERS_BRAGG,LLM,8.652408889485184
PHOTONIC_20LAYERS_BRAGG,LLM,12.316982204974117
PHOTONIC_20LAYERS_BRAGG,LLM,10.456658965075357
PHOTONIC_20LAYERS_BRAGG,LLM,16.835203212403297
PHOTONIC_20LAYERS_BRAGG,LLM,13.577429981948438
PHOTONIC_20LAYERS_BRAGG,LLM,13.617100563937909
PHOTONIC_20LAYERS_BRAGG,LLM,15.502641319120963
PHOTONIC_20LAYERS_BRAGG,LLM,10.440459079273896
PHOTONIC_20LAYERS_BRAGG,LLM,17.165114252370508
PHOTONIC_20LAYERS_BRAGG,LLM,15.82841672851188
PHOTONIC_20LAYERS_BRAGG,LLM,34.22284319404968
PHOTONIC_20LAYERS_BRAGG,LLM,11.332500336060084
PHOTONIC_20LAYERS_BRAGG,LLM,21.685201647223458
PHOTONIC_20LAYERS_BRAGG,LLM,29.380221091922667
PHOTONIC_20LAYERS_BRAGG,LLM,13.348240677203218
PHOTONIC_20LAYERS_BRAGG,LLM,11.08499383259173
PHOTONIC_20LAYERS_BRAGG,LLM,13.254659761920047
PHOTONIC_20LAYERS_BRAGG,LLM,8.837077089873869
PHOTONIC_20LAYERS_BRAGG,LLM,12.663872065514287
PHOTONIC_20LAYERS_BRAGG,LLM,17.916186003744585
PHOTONIC_20LAYERS_BRAGG,LLM,31.744973553617612
PHOTONIC_20LAYERS_BRAGG,LLM,15.322469788312912
PHOTONIC_20LAYERS_BRAGG,LLM,12.019236841624593
PHOTONIC_20LAYERS_BRAGG,LLM,7.24065895484022
PHOTONIC_20LAYERS_BRAGG,LLM,7.891591168455122
PHOTONIC_20LAYERS_BRAGG,LLM,11.174464280923736
PHOTONIC_20LAYERS_BRAGG,LLM,16.079992273383386
PHOTONIC_20LAYERS_BRAGG,LLM,6.946194118831226
PHOTONIC_20LAYERS_BRAGG,LLM,16.125623306376923
PHOTONIC_20LAYERS_BRAGG,LLM,14.011751253203911
PHOTONIC_20LAYERS_BRAGG,LLM,19.401253982496485
PHOTONIC_20LAYERS_BRAGG,LLM,17.815846319149585
PHOTONIC_20LAYERS_BRAGG,LLM,12.842433273800744
PHOTONIC_20LAYERS_BRAGG,LLM,8.983742043716392
PHOTONIC_20LAYERS_BRAGG,LLM,19.824940008751053
PHOTONIC_20LAYERS_BRAGG,LLM,9.271648784516367
PHOTONIC_20LAYERS_BRAGG,LLM,9.927220124308773
PHOTONIC_20LAYERS_BRAGG,LLM,45.70296258924641
PHOTONIC_20LAYERS_BRAGG,LLM,12.09203495019794
PHOTONIC_20LAYERS_BRAGG,LLM,15.465850215250432
PHOTONIC_20LAYERS_BRAGG,LLM,10.640633106375757
PHOTONIC_20LAYERS_BRAGG,LLM,36.78171567402857
PHOTONIC_20LAYERS_BRAGG,LLM,7.187918977419242
PHOTONIC_20LAYERS_BRAGG,LLM,9.90184776565434
PHOTONIC_20LAYERS_BRAGG,LLM,7.364270494935739
PHOTONIC_20LAYERS_BRAGG,LLM,17.567260056223578
PHOTONIC_20LAYERS_BRAGG,LLM,20.25830035902166
PHOTONIC_20LAYERS_BRAGG,LLM,19.121760364636994
PHOTONIC_20LAYERS_BRAGG,LLM,18.91544478277598
PHOTONIC_20LAYERS_BRAGG,LLM,15.904411303161051
PHOTONIC_20LAYERS_BRAGG,LLM,10.66021765296192
PHOTONIC_20LAYERS_BRAGG,LLM,11.525401387767408
PHOTONIC_20LAYERS_BRAGG,LLM,14.507520823952344
PHOTONIC_20LAYERS_BRAGG,LLM,10.907732106655898
PHOTONIC_20LAYERS_BRAGG,LLM,10.694684555161771
PHOTONIC_20LAYERS_BRAGG,LLM,8.714146065975987
PHOTONIC_20LAYERS_BRAGG,LLM,24.648167359372994
PHOTONIC_20LAYERS_BRAGG,LLM,7.598620399383173
PHOTONIC_20LAYERS_BRAGG,LLM,13.365615301446844
PHOTONIC_20LAYERS_BRAGG,LLM,20.868994158240287
PHOTONIC_20LAYERS_BRAGG,LLM,13.622423821888985
PHOTONIC_20LAYERS_BRAGG,LLM,27.46813008109835
PHOTONIC_20LAYERS_BRAGG,LLM,19.797734877590408
PHOTONIC_20LAYERS_BRAGG,LLM,11.891921559833994
PHOTONIC_20LAYERS_BRAGG,LLM,10.295912704148556
PHOTONIC_20LAYERS_BRAGG,LLM,9.907272053336204
PHOTONIC_20LAYERS_BRAGG,LLM,9.592374999678556
PHOTONIC_20LAYERS_BRAGG,LLM,16.837600306158322
PHOTONIC_20LAYERS_BRAGG,LLM,9.415725912868044
PHOTONIC_20LAYERS_BRAGG,LLM,7.058354447220746
PHOTONIC_20LAYERS_BRAGG,LLM,10.662005047125286
PHOTONIC_20LAYERS_BRAGG,LLM,13.47837484553044
PHOTONIC_20LAYERS_BRAGG,LLM,10.434230274904648
PHOTONIC_20LAYERS_BRAGG,LLM,11.038176411986173
PHOTONIC_20LAYERS_BRAGG,LLM,9.10889614894434
PHOTONIC_20LAYERS_BRAGG,LLM,12.992120458839757
PHOTONIC_20LAYERS_BRAGG,LLM,14.092166307651627
PHOTONIC_20LAYERS_BRAGG,LLM,19.608812710073952
PHOTONIC_20LAYERS_BRAGG,LLM,10.824851474880454
PHOTONIC_20LAYERS_BRAGG,LLM,16.993130991914814
PHOTONIC_20LAYERS_BRAGG,LLM,7.763800389521926
PHOTONIC_20LAYERS_BRAGG,LLM,7.313098483935104
PHOTONIC_20LAYERS_BRAGG,LLM,25.345720552998536
PHOTONIC_20LAYERS_BRAGG,LLM,23.238970966542336
PHOTONIC_20LAYERS_BRAGG,LLM,10.855279991205892
PHOTONIC_20LAYERS_BRAGG,LLM,7.065872302707238
PHOTONIC_20LAYERS_BRAGG,LLM,14.815361640038745
PHOTONIC_20LAYERS_BRAGG,LLM,10.885690325336146
PHOTONIC_20LAYERS_BRAGG,LLM,14.828977586483266
PHOTONIC_20LAYERS_BRAGG,LLM,13.99233706207433
PHOTONIC_20LAYERS_BRAGG,LLM,15.887612333927004
PHOTONIC_20LAYERS_BRAGG,LLM,14.333275445081744
PHOTONIC_20LAYERS_BRAGG,LLM,10.929255959067893
PHOTONIC_20LAYERS_BRAGG,LLM,18.86332342956467
PHOTONIC_20LAYERS_BRAGG,LLM,13.460993365024562
PHOTONIC_20LAYERS_BRAGG,LLM,11.035225512606747
PHOTONIC_20LAYERS_BRAGG,LLM,8.214035919300597
PHOTONIC_20LAYERS_BRAGG,LLM,12.913886836588159
PHOTONIC_20LAYERS_BRAGG,LLM,10.15992884325225
PHOTONIC_20LAYERS_BRAGG,LLM,27.22059464479911
PHOTONIC_20LAYERS_BRAGG,LLM,28.306650437357902
PHOTONIC_20LAYERS_BRAGG,LLM,10.38086917406441
PHOTONIC_20LAYERS_BRAGG,LLM,14.506387951570746
PHOTONIC_20LAYERS_BRAGG,LLM,7.9945261237539835
PHOTONIC_20LAYERS_BRAGG,LLM,12.0959356760984
PHOTONIC_20LAYERS_BRAGG,LLM,14.093147932475125
PHOTONIC_20LAYERS_BRAGG,LLM,16.688972010953464
PHOTONIC_20LAYERS_BRAGG,LLM,15.883883587706448
PHOTONIC_20LAYERS_BRAGG,LLM,9.18380261958646
PHOTONIC_20LAYERS_BRAGG,LLM,13.724231887923398
PHOTONIC_20LAYERS_BRAGG,LLM,9.568549500852203
PHOTONIC_20LAYERS_BRAGG,LLM,29.332286771972903
PHOTONIC_20LAYERS_BRAGG,LLM,24.580127282570142
PHOTONIC_20LAYERS_BRAGG,LLM,7.506678333859276
PHOTONIC_20LAYERS_BRAGG,LLM,9.575876611943823
PHOTONIC_20LAYERS_BRAGG,LLM,13.3102044951468
PHOTONIC_20LAYERS_BRAGG,LLM,8.723082059706659
PHOTONIC_20LAYERS_BRAGG,LLM,10.088035260600348
PHOTONIC_20LAYERS_BRAGG,LLM,33.49137757568291
PHOTONIC_20LAYERS_BRAGG,LLM,9.69860672008509
PHOTONIC_20LAYERS_BRAGG,LLM,10.487903414113504
PHOTONIC_20LAYERS_BRAGG,LLM,10.299603501724372
PHOTONIC_20LAYERS_BRAGG,LLM,11.910977752671759
PHOTONIC_20LAYERS_BRAGG,LLM,14.865278030570527
PHOTONIC_20LAYERS_BRAGG,LLM,10.25778089437739
PHOTONIC_20LAYERS_BRAGG,LLM,9.653182799209892
PHOTONIC_20LAYERS_BRAGG,LLM,20.23998932937084
PHOTONIC_20LAYERS_BRAGG,LLM,7.210189240048494
PHOTONIC_20LAYERS_BRAGG,LLM,6.8774329660244335
PHOTONIC_20LAYERS_BRAGG,LLM,13.351422875829506
PHOTONIC_20LAYERS_BRAGG,LLM,16.108282733755374
PHOTONIC_20LAYERS_BRAGG,LLM,14.629771277583506
PHOTONIC_20LAYERS_BRAGG,LLM,7.2398468351796765
PHOTONIC_20LAYERS_BRAGG,LLM,28.324880479009913
PHOTONIC_20LAYERS_BRAGG,LLM,12.015557303390112
PHOTONIC_20LAYERS_BRAGG,LLM,21.12155527981958
PHOTONIC_20LAYERS_BRAGG,LLM,6.231091023303169
PHOTONIC_20LAYERS_BRAGG,LLM,9.429083646978015
PHOTONIC_20LAYERS_BRAGG,LLM,12.829927104907133
PHOTONIC_20LAYERS_BRAGG,LLM,10.412630164514058
PHOTONIC_20LAYERS_BRAGG,LLM,14.306220464202
PHOTONIC_20LAYERS_BRAGG,LLM,13.840061556897867
PHOTONIC_20LAYERS_BRAGG,LLM,10.98684400624076
PHOTONIC_20LAYERS_BRAGG,LLM,17.40419014095303
PHOTONIC_20LAYERS_BRAGG,LLM,12.795228387854308
PHOTONIC_20LAYERS_BRAGG,LLM,12.56893413431204
PHOTONIC_20LAYERS_BRAGG,LLM,11.018860675455569
PHOTONIC_20LAYERS_BRAGG,LLM,6.542244111453934
PHOTONIC_20LAYERS_BRAGG,LLM,8.420664081601602
PHOTONIC_20LAYERS_BRAGG,LLM,9.69035656484784
PHOTONIC_20LAYERS_BRAGG,LLM,8.370356973393692
PHOTONIC_20LAYERS_BRAGG,LLM,11.379992842102657
PHOTONIC_20LAYERS_BRAGG,LLM,7.348224111548307
PHOTONIC_20LAYERS_BRAGG,LLM,13.75984974143574
PHOTONIC_20LAYERS_BRAGG,LLM,12.214846630057558
PHOTONIC_20LAYERS_BRAGG,LLM,8.984356975482664
PHOTONIC_20LAYERS_BRAGG,LLM,8.709904510482557
PHOTONIC_20LAYERS_BRAGG,LLM,16.108974321778096
PHOTONIC_20LAYERS_BRAGG,LLM,23.73900995781961
PHOTONIC_20LAYERS_BRAGG,LLM,7.4740513152929875
PHOTONIC_20LAYERS_BRAGG,LLM,16.950198623283836
PHOTONIC_20LAYERS_BRAGG,LLM,13.480457130903737
PHOTONIC_20LAYERS_BRAGG,LLM,12.877432285087979
PHOTONIC_20LAYERS_BRAGG,LLM,14.081970422226261
PHOTONIC_20LAYERS_BRAGG,LLM,35.92963407171893
PHOTONIC_20LAYERS_BRAGG,LLM,10.220522693425252
PHOTONIC_20LAYERS_BRAGG,LLM,11.673480689813001
PHOTONIC_20LAYERS_BRAGG,LLM,16.6296065789376
PHOTONIC_20LAYERS_BRAGG,LLM,13.286121623819428
PHOTONIC_20LAYERS_BRAGG,LLM,9.063700269515667
PHOTONIC_20LAYERS_BRAGG,LLM,14.133010461610207
PHOTONIC_20LAYERS_BRAGG,LLM,12.51611828284497
PHOTONIC_20LAYERS_BRAGG,LLM,10.125501060335544
PHOTONIC_20LAYERS_BRAGG,LLM,42.28514607207213
PHOTONIC_20LAYERS_BRAGG,LLM,10.483267170357248
PHOTONIC_20LAYERS_BRAGG,LLM,14.210806014528515
PHOTONIC_20LAYERS_BRAGG,LLM,9.86669316369178
PHOTONIC_20LAYERS_BRAGG,LLM,26.844375392258595
PHOTONIC_20LAYERS_BRAGG,LLM,10.702458904564153
PHOTONIC_20LAYERS_BRAGG,LLM,9.555040471055662
PHOTONIC_20LAYERS_BRAGG,LLM,9.099319224288354
PHOTONIC_20LAYERS_BRAGG,LLM,27.072956203425935
PHOTONIC_20LAYERS_BRAGG,LLM,11.282269469783362
PHOTONIC_20LAYERS_BRAGG,LLM,6.641474837303737
PHOTONIC_20LAYERS_BRAGG,LLM,17.18407169083251
PHOTONIC_20LAYERS_BRAGG,LLM,21.38199125504284
PHOTONIC_20LAYERS_BRAGG,LLM,9.65843121339464
PHOTONIC_20LAYERS_BRAGG,LLM,9.395088861100637
PHOTONIC_20LAYERS_BRAGG,LLM,8.562557557492692
PHOTONIC_20LAYERS_BRAGG,LLM,19.12231988306909
PHOTONIC_20LAYERS_BRAGG,LLM,19.956480986565335
PHOTONIC_20LAYERS_BRAGG,LLM,6.111761215026302
PHOTONIC_20LAYERS_BRAGG,LLM,10.257584597081719
PHOTONIC_20LAYERS_BRAGG,LLM,11.541533345582613
PHOTONIC_20LAYERS_BRAGG,LLM,9.967361582312208
PHOTONIC_20LAYERS_BRAGG,LLM,15.707639988137933
PHOTONIC_20LAYERS_BRAGG,LLM,18.11691570166918
PHOTONIC_20LAYERS_BRAGG,LLM,8.977388684480971
PHOTONIC_20LAYERS_BRAGG,LLM,11.419294821193251
PHOTONIC_20LAYERS_BRAGG,LLM,17.163109537438185
PHOTONIC_20LAYERS_BRAGG,LLM,17.385361418358396
PHOTONIC_20LAYERS_BRAGG,LLM,9.344321389414823
PHOTONIC_20LAYERS_BRAGG,LLM,12.720972385130796
PHOTONIC_20LAYERS_BRAGG,LLM,24.060411988327395
PHOTONIC_20LAYERS_BRAGG,LLM,22.525152206657555
PHOTONIC_20LAYERS_BRAGG,LLM,8.768122776102649
PHOTONIC_20LAYERS_BRAGG,LLM,12.471743604262494
PHOTONIC_20LAYERS_BRAGG,LLM,11.854390007396225
PHOTONIC_20LAYERS_BRAGG,LLM,7.876927290031366
PHOTONIC_20LAYERS_BRAGG,LLM,15.74628556154424
PHOTONIC_20LAYERS_BRAGG,LLM,17.292614976085027
PHOTONIC_20LAYERS_BRAGG,LLM,31.342062136474357
PHOTONIC_20LAYERS_BRAGG,LLM,11.445635930607661
PHOTONIC_20LAYERS_BRAGG,LLM,11.995621103118648
PHOTONIC_20LAYERS_BRAGG,LLM,26.89891909004938
PHOTONIC_20LAYERS_BRAGG,LLM,11.433439318444533
PHOTONIC_20LAYERS_BRAGG,LLM,24.277700351481343
PHOTONIC_20LAYERS_BRAGG,LLM,11.162157853040494
PHOTONIC_20LAYERS_BRAGG,LLM,22.46488511432919
PHOTONIC_20LAYERS_BRAGG,LLM,8.200995598855545
PHOTONIC_20LAYERS_BRAGG,LLM,12.801068823680495
PHOTONIC_20LAYERS_BRAGG,LLM,10.238382130895351
PHOTONIC_20LAYERS_BRAGG,LLM,10.18523127810647
PHOTONIC_20LAYERS_BRAGG,LLM,36.23401772101947
PHOTONIC_20LAYERS_BRAGG,LLM,11.59765741445821
PHOTONIC_20LAYERS_BRAGG,LLM,11.44784134711477
PHOTONIC_20LAYERS_BRAGG,LLM,10.224498995094626
PHOTONIC_20LAYERS_BRAGG,LLM,10.215922084527541
PHOTONIC_20LAYERS_BRAGG,LLM,14.323904444845
PHOTONIC_20LAYERS_BRAGG,LLM,13.425960771444787
PHOTONIC_20LAYERS_BRAGG,LLM,12.482598657210415
PHOTONIC_20LAYERS_BRAGG,LLM,10.0650110660481
PHOTONIC_20LAYERS_BRAGG,LLM,21.990504610605516
PHOTONIC_20LAYERS_BRAGG,LLM,14.800922074152131
PHOTONIC_20LAYERS_BRAGG,LLM,11.881532397545202
PHOTONIC_20LAYERS_BRAGG,LLM,9.241192895417456
PHOTONIC_20LAYERS_BRAGG,LLM,17.457231458894938
PHOTONIC_20LAYERS_BRAGG,LLM,30.30285469685251
PHOTONIC_20LAYERS_BRAGG,LLM,9.78147955465301
PHOTONIC_20LAYERS_BRAGG,LLM,17.743202168649333
PHOTONIC_20LAYERS_BRAGG,LLM,12.639317295189045
PHOTONIC_20LAYERS_BRAGG,LLM,17.570037334411623
PHOTONIC_20LAYERS_BRAGG,LLM,12.332010983675001
PHOTONIC_20LAYERS_BRAGG,LLM,31.035869068481176
PHOTONIC_20LAYERS_BRAGG,LLM,7.442569096814001
PHOTONIC_20LAYERS_BRAGG,LLM,46.923855996107946
PHOTONIC_20LAYERS_BRAGG,LLM,11.672638735495909
PHOTONIC_20LAYERS_BRAGG,LLM,21.814510718457793
PHOTONIC_20LAYERS_BRAGG,LLM,15.456812088022376
PHOTONIC_20LAYERS_BRAGG,LLM,7.133648540087102
PHOTONIC_20LAYERS_BRAGG,LLM,11.637961466221698
PHOTONIC_20LAYERS_BRAGG,LLM,11.272892416355376
PHOTONIC_20LAYERS_BRAGG,LLM,14.381538633466446
PHOTONIC_20LAYERS_BRAGG,LLM,12.47095760075623
PHOTONIC_20LAYERS_BRAGG,LLM,9.766710644338646
PHOTONIC_20LAYERS_BRAGG,LLM,12.895902481530268
PHOTONIC_20LAYERS_BRAGG,LLM,9.98672728007607
PHOTONIC_20LAYERS_BRAGG,LLM,8.545133587266365
PHOTONIC_20LAYERS_BRAGG,LLM,12.174144852498314
PHOTONIC_20LAYERS_BRAGG,LLM,8.778377500384199
PHOTONIC_20LAYERS_BRAGG,LLM,8.530058214717226
PHOTONIC_20LAYERS_BRAGG,LLM,10.314716311732445
PHOTONIC_20LAYERS_BRAGG,LLM,10.781983825944227
PHOTONIC_20LAYERS_BRAGG,LLM,13.214374763178716
PHOTONIC_20LAYERS_BRAGG,LLM,18.177776925741437
PHOTONIC_20LAYERS_BRAGG,LLM,9.234361771441264
PHOTONIC_20LAYERS_BRAGG,LLM,10.350504594749461
PHOTONIC_20LAYERS_BRAGG,LLM,10.567420511998717
PHOTONIC_20LAYERS_BRAGG,LLM,11.601066698556268
PHOTONIC_20LAYERS_BRAGG,LLM,11.869520102511572
PHOTONIC_20LAYERS_BRAGG,LLM,8.314424382992765
PHOTONIC_20LAYERS_BRAGG,LLM,9.949300300549151
PHOTONIC_20LAYERS_BRAGG,LLM,47.261509200727836
PHOTONIC_20LAYERS_BRAGG,LLM,10.6713013939542
PHOTONIC_20LAYERS_BRAGG,LLM,12.729243196979795
PHOTONIC_20LAYERS_BRAGG,LLM,21.397878641432097
PHOTONIC_20LAYERS_BRAGG,LLM,12.218023805219458
PHOTONIC_20LAYERS_BRAGG,LLM,9.95242978848469
PHOTONIC_20LAYERS_BRAGG,LLM,8.627534216791451
PHOTONIC_20LAYERS_BRAGG,LLM,47.28757884231888
PHOTONIC_20LAYERS_BRAGG,LLM,15.375488890175511
PHOTONIC_20LAYERS_BRAGG,LLM,10.361555319055867
PHOTONIC_20LAYERS_BRAGG,LLM,22.995127290455418
PHOTONIC_20LAYERS_BRAGG,LLM,11.91020893409383
PHOTONIC_20LAYERS_BRAGG,LLM,13.046450586152956
PHOTONIC_20LAYERS_BRAGG,LLM,10.748661939531265
PHOTONIC_20LAYERS_BRAGG,LLM,16.019819086270488
PHOTONIC_20LAYERS_BRAGG,LLM,11.247554188228898
PHOTONIC_20LAYERS_BRAGG,LLM,11.063416248846735
PHOTONIC_20LAYERS_BRAGG,LLM,11.702922944657697
PHOTONIC_20LAYERS_BRAGG,LLM,11.104495123063451
PHOTONIC_20LAYERS_BRAGG,LLM,10.219917730458308
PHOTONIC_20LAYERS_BRAGG,LLM,9.436151853005148
PHOTONIC_20LAYERS_BRAGG,LLM,10.602529482611475
PHOTONIC_20LAYERS_BRAGG,LLM,8.78477783712707
PHOTONIC_20LAYERS_BRAGG,LLM,9.465767394407795
PHOTONIC_20LAYERS_BRAGG,LLM,17.43470555890427
PHOTONIC_20LAYERS_BRAGG,LLM,11.710668229551855
PHOTONIC_20LAYERS_BRAGG,LLM,9.894399924679211
PHOTONIC_20LAYERS_BRAGG,LLM,22.32700653401399
PHOTONIC_20LAYERS_BRAGG,LLM,26.83725520196365
PHOTONIC_20LAYERS_BRAGG,LLM,10.23590772377523
PHOTONIC_20LAYERS_BRAGG,LLM,11.7830540741559
PHOTONIC_20LAYERS_BRAGG,LLM,11.07470136147026
PHOTONIC_20LAYERS_BRAGG,LLM,11.134802687098073
PHOTONIC_20LAYERS_BRAGG,LLM,14.263890120981229
PHOTONIC_20LAYERS_BRAGG,LLM,22.733423809166162
PHOTONIC_20LAYERS_BRAGG,LLM,8.826352427672626
PHOTONIC_20LAYERS_BRAGG,LLM,10.794479120843514
PHOTONIC_20LAYERS_BRAGG,LLM,19.78518811629872
PHOTONIC_20LAYERS_BRAGG,LLM,9.706131827050115
PHOTONIC_20LAYERS_BRAGG,LLM,10.416792817810622
PHOTONIC_20LAYERS_BRAGG,LLM,8.730310383291117
PHOTONIC_20LAYERS_BRAGG,LLM,11.748584828573431
PHOTONIC_20LAYERS_BRAGG,LLM,27.225331539638244
PHOTONIC_20LAYERS_BRAGG,LLM,15.639780632907645
PHOTONIC_20LAYERS_BRAGG,LLM,11.651601302925808
PHOTONIC_20LAYERS_BRAGG,LLM,11.771618526223605
PHOTONIC_20LAYERS_BRAGG,LLM,17.61821312865514
PHOTONIC_20LAYERS_BRAGG,LLM,19.527369643053614
PHOTONIC_20LAYERS_BRAGG,LLM,11.20859789973575
PHOTONIC_20LAYERS_BRAGG,LLM,12.992262862849957
PHOTONIC_20LAYERS_BRAGG,LLM,11.692463304749904
PHOTONIC_20LAYERS_BRAGG,LLM,13.367047118521581
PHOTONIC_20LAYERS_BRAGG,LLM,17.90456802981299
PHOTONIC_20LAYERS_BRAGG,LLM,11.192098567849621
PHOTONIC_20LAYERS_BRAGG,LLM,11.858688881032096
PHOTONIC_20LAYERS_BRAGG,LLM,16.547987670721295
PHOTONIC_20LAYERS_BRAGG,LLM,16.815478316630827
PHOTONIC_20LAYERS_BRAGG,LLM,17.936899480603266
PHOTONIC_20LAYERS_BRAGG,LLM,17.058459408720665
PHOTONIC_20LAYERS_BRAGG,LLM,11.859358084100359
PHOTONIC_20LAYERS_BRAGG,LLM,11.860995152720557
PHOTONIC_20LAYERS_BRAGG,LLM,11.46911596125629
PHOTONIC_20LAYERS_BRAGG,LLM,18.093398509926722
PHOTONIC_20LAYERS_BRAGG,LLM,10.397065468647195
PHOTONIC_20LAYERS_BRAGG,LLM,11.846647612406379
PHOTONIC_20LAYERS_BRAGG,LLM,10.007642064971849
PHOTONIC_2LAYERS_ELLIPSOMETRY,LLM,32.52252727359904
PHOTONIC_2LAYERS_ELLIPSOMETRY,LLM,21.98047895294312
PHOTONIC_2LAYERS_ELLIPSOMETRY,LLM,25.540768841115895
PHOTONIC_2LAYERS_ELLIPSOMETRY,LLM,43.99146659389469
PHOTONIC_2LAYERS_ELLIPSOMETRY,LLM,30.386281681532722
PHOTONIC_2LAYERS_ELLIPSOMETRY,LLM,20.36929632939008
PHOTONIC_2LAYERS_ELLIPSOMETRY,LLM,20.9075458287798
PHOTONIC_2LAYERS_ELLIPSOMETRY,LLM,18.230681415200067
PHOTONIC_2LAYERS_ELLIPSOMETRY,LLM,42.270300458142195
PHOTONIC_2LAYERS_ELLIPSOMETRY,LLM,22.893623868298462
PHOTONIC_2LAYERS_ELLIPSOMETRY,LLM,23.627902342668577
PHOTONIC_2LAYERS_ELLIPSOMETRY,LLM,31.553018819189322
PHOTONIC_2LAYERS_ELLIPSOMETRY,LLM,23.80110787545552
PHOTONIC_2LAYERS_ELLIPSOMETRY,LLM,24.39083593082019
PHOTONIC_2LAYERS_ELLIPSOMETRY,LLM,17.518501823748856
PHOTONIC_2LAYERS_ELLIPSOMETRY,LLM,25.756111826336372
PHOTONIC_2LAYERS_ELLIPSOMETRY,LLM,40.69549248900382
PHOTONIC_2LAYERS_ELLIPSOMETRY,LLM,19.585673746988423
PHOTONIC_2LAYERS_ELLIPSOMETRY,LLM,23.20771381347733
PHOTONIC_2LAYERS_ELLIPSOMETRY,LLM,25.34135455755087
PHOTONIC_2LAYERS_ELLIPSOMETRY,LLM,25.882983766243374
PHOTONIC_2LAYERS_ELLIPSOMETRY,LLM,18.809301594648534
PHOTONIC_2LAYERS_ELLIPSOMETRY,LLM,24.69056737812775
PHOTONIC_2LAYERS_ELLIPSOMETRY,LLM,26.969694573169182
PHOTONIC_2LAYERS_ELLIPSOMETRY,LLM,20.406567095042842
PHOTONIC_2LAYERS_ELLIPSOMETRY,LLM,17.86811192440051
PHOTONIC_2LAYERS_ELLIPSOMETRY,LLM,25.672267494464506
PHOTONIC_2LAYERS_ELLIPSOMETRY,LLM,137.2000534596249
PHOTONIC_2LAYERS_ELLIPSOMETRY,LLM,18.501809944175378
PHOTONIC_2LAYERS_ELLIPSOMETRY,LLM,19.465813334783707
PHOTONIC_2LAYERS_ELLIPSOMETRY,LLM,18.31607885069882
PHOTONIC_2LAYERS_ELLIPSOMETRY,LLM,19.354596804244174
PHOTONIC_2LAYERS_ELLIPSOMETRY,LLM,17.950254701973822
PHOTONIC_2LAYERS_ELLIPSOMETRY,LLM,18.1755239455901
PHOTONIC_2LAYERS_ELLIPSOMETRY,LLM,24.326276424712855
PHOTONIC_2LAYERS_ELLIPSOMETRY,LLM,29.42798580523578
PHOTONIC_2LAYERS_ELLIPSOMETRY,LLM,26.112136822372005
PHOTONIC_2LAYERS_ELLIPSOMETRY,LLM,26.303851201631716
PHOTONIC_2LAYERS_ELLIPSOMETRY,LLM,25.28684940870701
PHOTONIC_2LAYERS_ELLIPSOMETRY,LLM,24.924822254721825
PHOTONIC_2LAYERS_ELLIPSOMETRY,LLM,19.127105803601037
PHOTONIC_2LAYERS_ELLIPSOMETRY,LLM,18.44075091556178
PHOTONIC_2LAYERS_ELLIPSOMETRY,LLM,26.903260626910292
PHOTONIC_2LAYERS_ELLIPSOMETRY,LLM,24.822365959044394
PHOTONIC_2LAYERS_ELLIPSOMETRY,LLM,19.343949009749643
PHOTONIC_2LAYERS_ELLIPSOMETRY,LLM,40.19826509964666
PHOTONIC_2LAYERS_ELLIPSOMETRY,LLM,40.76824468081394
PHOTONIC_2LAYERS_ELLIPSOMETRY,LLM,18.669026599488195
PHOTONIC_2LAYERS_ELLIPSOMETRY,LLM,22.492954681364623
PHOTONIC_2LAYERS_ELLIPSOMETRY,LLM,45.321461804612284
PHOTONIC_2LAYERS_ELLIPSOMETRY,LLM,18.576334628133633
PHOTONIC_2LAYERS_ELLIPSOMETRY,LLM,20.089467970145492
PHOTONIC_2LAYERS_ELLIPSOMETRY,LLM,36.28783903267053
PHOTONIC_2LAYERS_ELLIPSOMETRY,LLM,18.59606946215529
PHOTONIC_2LAYERS_ELLIPSOMETRY,LLM,19.540167586904698
PHOTONIC_2LAYERS_ELLIPSOMETRY,LLM,18.3791663115264
PHOTONIC_2LAYERS_ELLIPSOMETRY,LLM,18.74277615775576
PHOTONIC_2LAYERS_ELLIPSOMETRY,LLM,18.632835449160165
PHOTONIC_2LAYERS_ELLIPSOMETRY,LLM,25.92854928766315
PHOTONIC_2LAYERS_ELLIPSOMETRY,LLM,18.34492736789685
PHOTONIC_2LAYERS_ELLIPSOMETRY,LLM,24.206833412131587
PHOTONIC_2LAYERS_ELLIPSOMETRY,LLM,18.625490909352933
PHOTONIC_2LAYERS_ELLIPSOMETRY,LLM,19.085461601325868
PHOTONIC_2LAYERS_ELLIPSOMETRY,LLM,19.61801180246234
PHOTONIC_2LAYERS_ELLIPSOMETRY,LLM,20.216415262306924
PHOTONIC_2LAYERS_ELLIPSOMETRY,LLM,21.62646083446081
PHOTONIC_2LAYERS_ELLIPSOMETRY,LLM,18.33801164475396
PHOTONIC_2LAYERS_ELLIPSOMETRY,LLM,76.57358553819083
PHOTONIC_2LAYERS_ELLIPSOMETRY,LLM,18.85211039964944
PHOTONIC_2LAYERS_ELLIPSOMETRY,LLM,18.777983477817173
PHOTONIC_2LAYERS_ELLIPSOMETRY,LLM,20.02896563108661
PHOTONIC_2LAYERS_ELLIPSOMETRY,LLM,24.789281180845464
PHOTONIC_2LAYERS_ELLIPSOMETRY,LLM,18.44420002756599
PHOTONIC_2LAYERS_ELLIPSOMETRY,LLM,25.662243826972347
PHOTONIC_2LAYERS_ELLIPSOMETRY,LLM,25.079857079465494
PHOTONIC_2LAYERS_ELLIPSOMETRY,LLM,27.063892753407693
PHOTONIC_2LAYERS_ELLIPSOMETRY,LLM,29.32649009685703
PHOTONIC_2LAYERS_ELLIPSOMETRY,LLM,19.466282897802582
PHOTONIC_2LAYERS_ELLIPSOMETRY,LLM,18.352248565758085
PHOTONIC_2LAYERS_ELLIPSOMETRY,LLM,18.022430253480508
PHOTONIC_2LAYERS_ELLIPSOMETRY,LLM,19.239296112751106
PHOTONIC_2LAYERS_ELLIPSOMETRY,LLM,19.4052759948261
PHOTONIC_2LAYERS_ELLIPSOMETRY,LLM,20.487885585713606
PHOTONIC_2LAYERS_ELLIPSOMETRY,LLM,18.861057341387923
PHOTONIC_2LAYERS_ELLIPSOMETRY,LLM,17.157810198470607
PHOTONIC_2LAYERS_ELLIPSOMETRY,LLM,16.993375829819954
PHOTONIC_2LAYERS_ELLIPSOMETRY,LLM,18.354051940656888
PHOTONIC_2LAYERS_ELLIPSOMETRY,LLM,18.371882919090126
PHOTONIC_2LAYERS_ELLIPSOMETRY,LLM,19.777004970154998
PHOTONIC_2LAYERS_ELLIPSOMETRY,LLM,18.506746744428376
PHOTONIC_2LAYERS_ELLIPSOMETRY,LLM,18.56255521839075
PHOTONIC_2LAYERS_ELLIPSOMETRY,LLM,24.314726302625715
PHOTONIC_2LAYERS_ELLIPSOMETRY,LLM,18.329567282851503
PHOTONIC_2LAYERS_ELLIPSOMETRY,LLM,18.649431505801328
PHOTONIC_2LAYERS_ELLIPSOMETRY,LLM,18.769022340449492
PHOTONIC_2LAYERS_ELLIPSOMETRY,LLM,17.671354190285186
PHOTONIC_2LAYERS_ELLIPSOMETRY,LLM,17.543313933258965
PHOTONIC_2LAYERS_ELLIPSOMETRY,LLM,22.505788400025505
PHOTONIC_2LAYERS_ELLIPSOMETRY,LLM,19.32630539558593
PHOTONIC_2LAYERS_ELLIPSOMETRY,LLM,18.61353512644966
PHOTONIC_2LAYERS_ELLIPSOMETRY,LLM,17.902363277476258
PHOTONIC_2LAYERS_ELLIPSOMETRY,LLM,18.42259948196918
PHOTONIC_2LAYERS_ELLIPSOMETRY,LLM,17.624590944913795
PHOTONIC_2LAYERS_ELLIPSOMETRY,LLM,19.201153558397902
PHOTONIC_2LAYERS_ELLIPSOMETRY,LLM,22.48580806048052
PHOTONIC_2LAYERS_ELLIPSOMETRY,LLM,28.063002907153866
PHOTONIC_2LAYERS_ELLIPSOMETRY,LLM,18.316153876532496
PHOTONIC_2LAYERS_ELLIPSOMETRY,LLM,20.462651239348325
PHOTONIC_2LAYERS_ELLIPSOMETRY,LLM,18.25214501311947
PHOTONIC_2LAYERS_ELLIPSOMETRY,LLM,17.56283527749188
PHOTONIC_2LAYERS_ELLIPSOMETRY,LLM,20.08805474905817
PHOTONIC_2LAYERS_ELLIPSOMETRY,LLM,17.804546513532514
PHOTONIC_2LAYERS_ELLIPSOMETRY,LLM,19.285418574049594
PHOTONIC_2LAYERS_ELLIPSOMETRY,LLM,19.4271724072166
PHOTONIC_2LAYERS_ELLIPSOMETRY,LLM,19.854131507275607
PHOTONIC_2LAYERS_ELLIPSOMETRY,LLM,18.803143540682758
PHOTONIC_2LAYERS_ELLIPSOMETRY,LLM,19.525657367425243
PHOTONIC_2LAYERS_ELLIPSOMETRY,LLM,19.988869941333984
PHOTONIC_2LAYERS_ELLIPSOMETRY,LLM,24.381617449794934
PHOTONIC_2LAYERS_ELLIPSOMETRY,LLM,19.475411335716746
PHOTONIC_2LAYERS_ELLIPSOMETRY,LLM,19.93984970032674
PHOTONIC_2LAYERS_ELLIPSOMETRY,LLM,20.34999617672006
PHOTONIC_2LAYERS_ELLIPSOMETRY,LLM,20.08726712018083
PHOTONIC_2LAYERS_ELLIPSOMETRY,LLM,18.72941413058702
PHOTONIC_2LAYERS_ELLIPSOMETRY,LLM,38.511804549691384
PHOTONIC_2LAYERS_ELLIPSOMETRY,LLM,19.725444506446134
PHOTONIC_2LAYERS_ELLIPSOMETRY,LLM,20.00939470743414
PHOTONIC_2LAYERS_ELLIPSOMETRY,LLM,20.48905062451655
PHOTONIC_2LAYERS_ELLIPSOMETRY,LLM,17.764299203314252
PHOTONIC_2LAYERS_ELLIPSOMETRY,LLM,19.870282812945597
PHOTONIC_2LAYERS_ELLIPSOMETRY,LLM,19.802637221734066
PHOTONIC_2LAYERS_ELLIPSOMETRY,LLM,18.137405560937164
PHOTONIC_2LAYERS_ELLIPSOMETRY,LLM,17.75991138617771
PHOTONIC_2LAYERS_ELLIPSOMETRY,LLM,19.979863426834015
PHOTONIC_2LAYERS_ELLIPSOMETRY,LLM,20.16571144361516
PHOTONIC_2LAYERS_ELLIPSOMETRY,LLM,18.17527524070335
PHOTONIC_2LAYERS_ELLIPSOMETRY,LLM,23.005878229749882
PHOTONIC_2LAYERS_ELLIPSOMETRY,LLM,30.988968271960037
PHOTONIC_2LAYERS_ELLIPSOMETRY,LLM,20.35611551809186
PHOTONIC_2LAYERS_ELLIPSOMETRY,LLM,19.837932958267835
PHOTONIC_2LAYERS_ELLIPSOMETRY,LLM,20.451589740393967
PHOTONIC_2LAYERS_ELLIPSOMETRY,LLM,19.58858154044456
PHOTONIC_2LAYERS_ELLIPSOMETRY,LLM,18.88519591294383
PHOTONIC_2LAYERS_ELLIPSOMETRY,LLM,18.061941733396207
PHOTONIC_2LAYERS_ELLIPSOMETRY,LLM,20.009451603109753
PHOTONIC_2LAYERS_ELLIPSOMETRY,LLM,20.181987570497046
PHOTONIC_2LAYERS_ELLIPSOMETRY,LLM,19.339284721910936
PHOTONIC_2LAYERS_ELLIPSOMETRY,LLM,20.023471368235963
PHOTONIC_2LAYERS_ELLIPSOMETRY,LLM,18.047504327349287
PHOTONIC_2LAYERS_ELLIPSOMETRY,LLM,20.160241226713453
PHOTONIC_2LAYERS_ELLIPSOMETRY,LLM,18.944779022916848
PHOTONIC_2LAYERS_ELLIPSOMETRY,LLM,18.33817891476585
PHOTONIC_2LAYERS_ELLIPSOMETRY,LLM,20.083433757946203
PHOTONIC_2LAYERS_ELLIPSOMETRY,LLM,22.187473957925913
PHOTONIC_2LAYERS_ELLIPSOMETRY,LLM,24.48613686586817
PHOTONIC_2LAYERS_ELLIPSOMETRY,LLM,26.498900439270976
PHOTONIC_2LAYERS_ELLIPSOMETRY,LLM,17.83718977515135
PHOTONIC_2LAYERS_ELLIPSOMETRY,LLM,19.74565528809421
PHOTONIC_2LAYERS_ELLIPSOMETRY,LLM,17.739408638401464
PHOTONIC_2LAYERS_ELLIPSOMETRY,LLM,21.885729458428724
PHOTONIC_2LAYERS_ELLIPSOMETRY,LLM,20.022656232203186
PHOTONIC_2LAYERS_ELLIPSOMETRY,LLM,20.519592134830575
PHOTONIC_2LAYERS_ELLIPSOMETRY,LLM,17.836824348501487
PHOTONIC_2LAYERS_ELLIPSOMETRY,LLM,22.071263336123582
PHOTONIC_2LAYERS_ELLIPSOMETRY,LLM,17.833044278353192
PHOTONIC_2LAYERS_ELLIPSOMETRY,LLM,19.19716163622092
PHOTONIC_2LAYERS_ELLIPSOMETRY,LLM,19.85219770348173
PHOTONIC_2LAYERS_ELLIPSOMETRY,LLM,18.321160301820335
PHOTONIC_2LAYERS_ELLIPSOMETRY,LLM,19.047015701038056
PHOTONIC_2LAYERS_ELLIPSOMETRY,LLM,18.500526543544684
PHOTONIC_2LAYERS_ELLIPSOMETRY,LLM,18.59513204258636
PHOTONIC_2LAYERS_ELLIPSOMETRY,LLM,35.539825295389335
PHOTONIC_2LAYERS_ELLIPSOMETRY,LLM,19.721896218929956
PHOTONIC_2LAYERS_ELLIPSOMETRY,LLM,38.150351465182
PHOTONIC_2LAYERS_ELLIPSOMETRY,LLM,27.48761821683211
PHOTONIC_2LAYERS_ELLIPSOMETRY,LLM,37.47251557849987
PHOTONIC_2LAYERS_ELLIPSOMETRY,LLM,18.305359113460074
PHOTONIC_2LAYERS_ELLIPSOMETRY,LLM,24.619039299144525
PHOTONIC_2LAYERS_ELLIPSOMETRY,LLM,18.768683045919794
PHOTONIC_2LAYERS_ELLIPSOMETRY,LLM,20.013621593015074
PHOTONIC_2LAYERS_ELLIPSOMETRY,LLM,19.875156543107753
PHOTONIC_2LAYERS_ELLIPSOMETRY,LLM,19.558961213442053
PHOTONIC_2LAYERS_ELLIPSOMETRY,LLM,30.404912182411824
PHOTONIC_2LAYERS_ELLIPSOMETRY,LLM,26.175812136582486
PHOTONIC_2LAYERS_ELLIPSOMETRY,LLM,21.58216254573833
PHOTONIC_2LAYERS_ELLIPSOMETRY,LLM,21.04666504730649
PHOTONIC_2LAYERS_ELLIPSOMETRY,LLM,18.342173821181017
PHOTONIC_2LAYERS_ELLIPSOMETRY,LLM,36.99757652948175
PHOTONIC_2LAYERS_ELLIPSOMETRY,LLM,18.359894783127757
PHOTONIC_2LAYERS_ELLIPSOMETRY,LLM,27.097487939963138
PHOTONIC_2LAYERS_ELLIPSOMETRY,LLM,19.48311039522166
PHOTONIC_2LAYERS_ELLIPSOMETRY,LLM,19.656086221947994
PHOTONIC_2LAYERS_ELLIPSOMETRY,LLM,19.734074474282128
PHOTONIC_2LAYERS_ELLIPSOMETRY,LLM,20.12713509631289
PHOTONIC_2LAYERS_ELLIPSOMETRY,LLM,19.98745442782228
PHOTONIC_2LAYERS_ELLIPSOMETRY,LLM,19.829183242027288
PHOTONIC_2LAYERS_ELLIPSOMETRY,LLM,18.139910247397864
PHOTONIC_2LAYERS_ELLIPSOMETRY,LLM,25.89724706209876
PHOTONIC_2LAYERS_ELLIPSOMETRY,LLM,18.67166674638271
PHOTONIC_2LAYERS_ELLIPSOMETRY,LLM,32.49960368936195
PHOTONIC_2LAYERS_ELLIPSOMETRY,LLM,18.999837964730503
PHOTONIC_2LAYERS_ELLIPSOMETRY,LLM,36.994227351689204
PHOTONIC_2LAYERS_ELLIPSOMETRY,LLM,19.705736867327023
PHOTONIC_2LAYERS_ELLIPSOMETRY,LLM,18.75077818064361
PHOTONIC_2LAYERS_ELLIPSOMETRY,LLM,19.927247228048593
PHOTONIC_2LAYERS_ELLIPSOMETRY,LLM,18.677981460230356
PHOTONIC_2LAYERS_ELLIPSOMETRY,LLM,37.400977787776085
PHOTONIC_2LAYERS_ELLIPSOMETRY,LLM,19.512906764479926
PHOTONIC_2LAYERS_ELLIPSOMETRY,LLM,18.121904863600857
PHOTONIC_2LAYERS_ELLIPSOMETRY,LLM,19.707159570635525
PHOTONIC_2LAYERS_ELLIPSOMETRY,LLM,18.33672380209781
PHOTONIC_2LAYERS_ELLIPSOMETRY,LLM,18.931016654313204
PHOTONIC_2LAYERS_ELLIPSOMETRY,LLM,19.57988712950119
PHOTONIC_2LAYERS_ELLIPSOMETRY,LLM,22.637369404936205
PHOTONIC_2LAYERS_ELLIPSOMETRY,LLM,17.772502052364636
PHOTONIC_2LAYERS_ELLIPSOMETRY,LLM,19.74771278355996
PHOTONIC_2LAYERS_ELLIPSOMETRY,LLM,26.898787215164866
PHOTONIC_2LAYERS_ELLIPSOMETRY,LLM,17.63069998943075
PHOTONIC_2LAYERS_ELLIPSOMETRY,LLM,19.24571921687154
PHOTONIC_2LAYERS_ELLIPSOMETRY,LLM,18.16547416106108
PHOTONIC_2LAYERS_ELLIPSOMETRY,LLM,18.917403647284385
PHOTONIC_2LAYERS_ELLIPSOMETRY,LLM,18.655366257881994
PHOTONIC_2LAYERS_ELLIPSOMETRY,LLM,22.161000570752037
PHOTONIC_2LAYERS_ELLIPSOMETRY,LLM,25.582904896936842
PHOTONIC_2LAYERS_ELLIPSOMETRY,LLM,18.391243068651523
PHOTONIC_2LAYERS_ELLIPSOMETRY,LLM,20.004726589339864
PHOTONIC_2LAYERS_ELLIPSOMETRY,LLM,18.54122707563093
PHOTONIC_2LAYERS_ELLIPSOMETRY,LLM,23.36742722081486
PHOTONIC_2LAYERS_ELLIPSOMETRY,LLM,21.28342707137936
PHOTONIC_2LAYERS_ELLIPSOMETRY,LLM,19.75085689790592
PHOTONIC_2LAYERS_ELLIPSOMETRY,LLM,23.003925946612284
PHOTONIC_2LAYERS_ELLIPSOMETRY,LLM,18.949167559703515
PHOTONIC_2LAYERS_ELLIPSOMETRY,LLM,24.339492080995694
PHOTONIC_2LAYERS_ELLIPSOMETRY,LLM,21.27754191108672
PHOTONIC_2LAYERS_ELLIPSOMETRY,LLM,37.87485353258408
PHOTONIC_2LAYERS_ELLIPSOMETRY,LLM,19.407852079368972
PHOTONIC_2LAYERS_ELLIPSOMETRY,LLM,26.63176896954165
PHOTONIC_2LAYERS_ELLIPSOMETRY,LLM,33.887403021400196
PHOTONIC_2LAYERS_ELLIPSOMETRY,LLM,20.997518559104034
PHOTONIC_2LAYERS_ELLIPSOMETRY,LLM,19.279199059422794
PHOTONIC_2LAYERS_ELLIPSOMETRY,LLM,21.640587221131177
PHOTONIC_2LAYERS_ELLIPSOMETRY,LLM,17.46765720828575
PHOTONIC_2LAYERS_ELLIPSOMETRY,LLM,21.302478449788943
PHOTONIC_2LAYERS_ELLIPSOMETRY,LLM,24.843674641947576
PHOTONIC_2LAYERS_ELLIPSOMETRY,LLM,36.11350624146621
PHOTONIC_2LAYERS_ELLIPSOMETRY,LLM,21.006962548171252
PHOTONIC_2LAYERS_ELLIPSOMETRY,LLM,20.185290019696232
PHOTONIC_2LAYERS_ELLIPSOMETRY,LLM,18.00482019789825
PHOTONIC_2LAYERS_ELLIPSOMETRY,LLM,18.053834286218024
PHOTONIC_2LAYERS_ELLIPSOMETRY,LLM,19.98995376555334
PHOTONIC_2LAYERS_ELLIPSOMETRY,LLM,23.52729617743115
PHOTONIC_2LAYERS_ELLIPSOMETRY,LLM,17.622545550719032
PHOTONIC_2LAYERS_ELLIPSOMETRY,LLM,23.59530031983635
PHOTONIC_2LAYERS_ELLIPSOMETRY,LLM,22.117335972582534
PHOTONIC_2LAYERS_ELLIPSOMETRY,LLM,25.96325115382235
PHOTONIC_2LAYERS_ELLIPSOMETRY,LLM,24.80268009661532
PHOTONIC_2LAYERS_ELLIPSOMETRY,LLM,21.406428333323966
PHOTONIC_2LAYERS_ELLIPSOMETRY,LLM,19.20498062914554
PHOTONIC_2LAYERS_ELLIPSOMETRY,LLM,26.264447491140395
PHOTONIC_2LAYERS_ELLIPSOMETRY,LLM,18.058014932023852
PHOTONIC_2LAYERS_ELLIPSOMETRY,LLM,18.68604306435844
PHOTONIC_2LAYERS_ELLIPSOMETRY,LLM,48.81907545398365
PHOTONIC_2LAYERS_ELLIPSOMETRY,LLM,20.18292632297467
PHOTONIC_2LAYERS_ELLIPSOMETRY,LLM,23.066760156742397
PHOTONIC_2LAYERS_ELLIPSOMETRY,LLM,19.023272026705623
PHOTONIC_2LAYERS_ELLIPSOMETRY,LLM,40.02246591679527
PHOTONIC_2LAYERS_ELLIPSOMETRY,LLM,17.979777732825465
PHOTONIC_2LAYERS_ELLIPSOMETRY,LLM,18.667731470543732
PHOTONIC_2LAYERS_ELLIPSOMETRY,LLM,18.081085431224082
PHOTONIC_2LAYERS_ELLIPSOMETRY,LLM,24.581048170205012
PHOTONIC_2LAYERS_ELLIPSOMETRY,LLM,26.53583961454336
PHOTONIC_2LAYERS_ELLIPSOMETRY,LLM,25.289240480893053
PHOTONIC_2LAYERS_ELLIPSOMETRY,LLM,25.48794939828437
PHOTONIC_2LAYERS_ELLIPSOMETRY,LLM,21.25163607877625
PHOTONIC_2LAYERS_ELLIPSOMETRY,LLM,19.103101390471803
PHOTONIC_2LAYERS_ELLIPSOMETRY,LLM,19.574167715802396
PHOTONIC_2LAYERS_ELLIPSOMETRY,LLM,21.638244611937697
PHOTONIC_2LAYERS_ELLIPSOMETRY,LLM,19.22329408925882
PHOTONIC_2LAYERS_ELLIPSOMETRY,LLM,19.085723582202757
PHOTONIC_2LAYERS_ELLIPSOMETRY,LLM,18.036393618126986
PHOTONIC_2LAYERS_ELLIPSOMETRY,LLM,29.94508532089454
PHOTONIC_2LAYERS_ELLIPSOMETRY,LLM,17.860220770740792
PHOTONIC_2LAYERS_ELLIPSOMETRY,LLM,18.6997647737526
PHOTONIC_2LAYERS_ELLIPSOMETRY,LLM,26.763832012525715
PHOTONIC_2LAYERS_ELLIPSOMETRY,LLM,21.158310974317864
PHOTONIC_2LAYERS_ELLIPSOMETRY,LLM,32.03436754421344
PHOTONIC_2LAYERS_ELLIPSOMETRY,LLM,26.246330529791518
PHOTONIC_2LAYERS_ELLIPSOMETRY,LLM,19.761200391246174
PHOTONIC_2LAYERS_ELLIPSOMETRY,LLM,18.883749858944892
PHOTONIC_2LAYERS_ELLIPSOMETRY,LLM,18.658997824338773
PHOTONIC_2LAYERS_ELLIPSOMETRY,LLM,18.59975498762413
PHOTONIC_2LAYERS_ELLIPSOMETRY,LLM,23.926389496422505
PHOTONIC_2LAYERS_ELLIPSOMETRY,LLM,18.39521486804827
PHOTONIC_2LAYERS_ELLIPSOMETRY,LLM,17.711296952599685
PHOTONIC_2LAYERS_ELLIPSOMETRY,LLM,18.832098840346404
PHOTONIC_2LAYERS_ELLIPSOMETRY,LLM,19.56923400512268
PHOTONIC_2LAYERS_ELLIPSOMETRY,LLM,18.956955308318783
PHOTONIC_2LAYERS_ELLIPSOMETRY,LLM,19.27324164787761
PHOTONIC_2LAYERS_ELLIPSOMETRY,LLM,17.638057658635386
PHOTONIC_2LAYERS_ELLIPSOMETRY,LLM,18.53283019338026
PHOTONIC_2LAYERS_ELLIPSOMETRY,LLM,21.69501974023567
PHOTONIC_2LAYERS_ELLIPSOMETRY,LLM,26.160051037312464
PHOTONIC_2LAYERS_ELLIPSOMETRY,LLM,19.14136933550371
PHOTONIC_2LAYERS_ELLIPSOMETRY,LLM,24.180981399943256
PHOTONIC_2LAYERS_ELLIPSOMETRY,LLM,18.200533141200438
PHOTONIC_2LAYERS_ELLIPSOMETRY,LLM,17.858736738648272
PHOTONIC_2LAYERS_ELLIPSOMETRY,LLM,30.453206769110434
PHOTONIC_2LAYERS_ELLIPSOMETRY,LLM,28.825727990388216
PHOTONIC_2LAYERS_ELLIPSOMETRY,LLM,18.86833402795203
PHOTONIC_2LAYERS_ELLIPSOMETRY,LLM,17.94283600195784
PHOTONIC_2LAYERS_ELLIPSOMETRY,LLM,21.694518297815076
PHOTONIC_2LAYERS_ELLIPSOMETRY,LLM,18.323362581455733
PHOTONIC_2LAYERS_ELLIPSOMETRY,LLM,22.70104389989958
PHOTONIC_2LAYERS_ELLIPSOMETRY,LLM,19.96490430645952
PHOTONIC_2LAYERS_ELLIPSOMETRY,LLM,22.115497636361873
PHOTONIC_2LAYERS_ELLIPSOMETRY,LLM,20.245995755325332
PHOTONIC_2LAYERS_ELLIPSOMETRY,LLM,19.204381787743724
PHOTONIC_2LAYERS_ELLIPSOMETRY,LLM,25.461412065530773
PHOTONIC_2LAYERS_ELLIPSOMETRY,LLM,19.59263271689999
PHOTONIC_2LAYERS_ELLIPSOMETRY,LLM,19.271115075061537
PHOTONIC_2LAYERS_ELLIPSOMETRY,LLM,18.467085973533198
PHOTONIC_2LAYERS_ELLIPSOMETRY,LLM,20.419615512910504
PHOTONIC_2LAYERS_ELLIPSOMETRY,LLM,17.42283647516482
PHOTONIC_2LAYERS_ELLIPSOMETRY,LLM,32.068323990769656
PHOTONIC_2LAYERS_ELLIPSOMETRY,LLM,32.93696835843111
PHOTONIC_2LAYERS_ELLIPSOMETRY,LLM,18.886234145587714
PHOTONIC_2LAYERS_ELLIPSOMETRY,LLM,22.461472663076684
PHOTONIC_2LAYERS_ELLIPSOMETRY,LLM,18.34550782301001
PHOTONIC_2LAYERS_ELLIPSOMETRY,LLM,19.96350258056556
PHOTONIC_2LAYERS_ELLIPSOMETRY,LLM,20.579595275679228
PHOTONIC_2LAYERS_ELLIPSOMETRY,LLM,23.963217211264972
PHOTONIC_2LAYERS_ELLIPSOMETRY,LLM,23.464230473886644
PHOTONIC_2LAYERS_ELLIPSOMETRY,LLM,18.879072380117407
PHOTONIC_2LAYERS_ELLIPSOMETRY,LLM,20.855988337012402
PHOTONIC_2LAYERS_ELLIPSOMETRY,LLM,18.587532976569374
PHOTONIC_2LAYERS_ELLIPSOMETRY,LLM,34.00756181461698
PHOTONIC_2LAYERS_ELLIPSOMETRY,LLM,29.90152368072161
PHOTONIC_2LAYERS_ELLIPSOMETRY,LLM,18.35471506949017
PHOTONIC_2LAYERS_ELLIPSOMETRY,LLM,19.323532243804962
PHOTONIC_2LAYERS_ELLIPSOMETRY,LLM,20.64262866271251
PHOTONIC_2LAYERS_ELLIPSOMETRY,LLM,18.16172807165388
PHOTONIC_2LAYERS_ELLIPSOMETRY,LLM,18.643591699491417
PHOTONIC_2LAYERS_ELLIPSOMETRY,LLM,37.25502163325104
PHOTONIC_2LAYERS_ELLIPSOMETRY,LLM,18.769076402341845
PHOTONIC_2LAYERS_ELLIPSOMETRY,LLM,19.024841399471104
PHOTONIC_2LAYERS_ELLIPSOMETRY,LLM,18.908365569678846
PHOTONIC_2LAYERS_ELLIPSOMETRY,LLM,19.17253527330441
PHOTONIC_2LAYERS_ELLIPSOMETRY,LLM,20.490489748802496
PHOTONIC_2LAYERS_ELLIPSOMETRY,LLM,19.032896471228298
PHOTONIC_2LAYERS_ELLIPSOMETRY,LLM,18.65953742870055
PHOTONIC_2LAYERS_ELLIPSOMETRY,LLM,26.49425790475594
PHOTONIC_2LAYERS_ELLIPSOMETRY,LLM,17.997357772655374
PHOTONIC_2LAYERS_ELLIPSOMETRY,LLM,17.855094053415083
PHOTONIC_2LAYERS_ELLIPSOMETRY,LLM,20.180901539165642
PHOTONIC_2LAYERS_ELLIPSOMETRY,LLM,23.50154843095636
PHOTONIC_2LAYERS_ELLIPSOMETRY,LLM,20.902878245299775
PHOTONIC_2LAYERS_ELLIPSOMETRY,LLM,18.009388748900122
PHOTONIC_2LAYERS_ELLIPSOMETRY,LLM,33.10393820166045
PHOTONIC_2LAYERS_ELLIPSOMETRY,LLM,19.809103673685897
PHOTONIC_2LAYERS_ELLIPSOMETRY,LLM,27.235435728513536
PHOTONIC_2LAYERS_ELLIPSOMETRY,LLM,17.015848269089254
PHOTONIC_2LAYERS_ELLIPSOMETRY,LLM,18.6597727671804
PHOTONIC_2LAYERS_ELLIPSOMETRY,LLM,20.296371827048787
PHOTONIC_2LAYERS_ELLIPSOMETRY,LLM,19.736146140934313
PHOTONIC_2LAYERS_ELLIPSOMETRY,LLM,19.802826779788017
PHOTONIC_2LAYERS_ELLIPSOMETRY,LLM,20.26630819870227
PHOTONIC_2LAYERS_ELLIPSOMETRY,LLM,19.375270879179507
PHOTONIC_2LAYERS_ELLIPSOMETRY,LLM,24.480821102457206
PHOTONIC_2LAYERS_ELLIPSOMETRY,LLM,21.43190680945165
PHOTONIC_2LAYERS_ELLIPSOMETRY,LLM,20.375321301185853
PHOTONIC_2LAYERS_ELLIPSOMETRY,LLM,18.329702666730423
PHOTONIC_2LAYERS_ELLIPSOMETRY,LLM,17.134789651348346
PHOTONIC_2LAYERS_ELLIPSOMETRY,LLM,18.085923981934474
PHOTONIC_2LAYERS_ELLIPSOMETRY,LLM,18.629193112461643
PHOTONIC_2LAYERS_ELLIPSOMETRY,LLM,18.094496445346277
PHOTONIC_2LAYERS_ELLIPSOMETRY,LLM,19.948717675401923
PHOTONIC_2LAYERS_ELLIPSOMETRY,LLM,17.200213942276346
PHOTONIC_2LAYERS_ELLIPSOMETRY,LLM,20.130816860224026
PHOTONIC_2LAYERS_ELLIPSOMETRY,LLM,20.68769772557754
PHOTONIC_2LAYERS_ELLIPSOMETRY,LLM,17.51943203286689
PHOTONIC_2LAYERS_ELLIPSOMETRY,LLM,17.906642343836012
PHOTONIC_2LAYERS_ELLIPSOMETRY,LLM,22.44935697963476
PHOTONIC_2LAYERS_ELLIPSOMETRY,LLM,29.272965841634772
PHOTONIC_2LAYERS_ELLIPSOMETRY,LLM,17.682967814914097
PHOTONIC_2LAYERS_ELLIPSOMETRY,LLM,24.207976475237068
PHOTONIC_2LAYERS_ELLIPSOMETRY,LLM,19.609450646331343
PHOTONIC_2LAYERS_ELLIPSOMETRY,LLM,18.72004127882301
PHOTONIC_2LAYERS_ELLIPSOMETRY,LLM,20.25044571202832
PHOTONIC_2LAYERS_ELLIPSOMETRY,LLM,39.8224396649028
PHOTONIC_2LAYERS_ELLIPSOMETRY,LLM,18.198531554935283
PHOTONIC_2LAYERS_ELLIPSOMETRY,LLM,20.049622508233657
PHOTONIC_2LAYERS_ELLIPSOMETRY,LLM,22.79016955178725
PHOTONIC_2LAYERS_ELLIPSOMETRY,LLM,18.663662875510102
PHOTONIC_2LAYERS_ELLIPSOMETRY,LLM,17.42101196876157
PHOTONIC_2LAYERS_ELLIPSOMETRY,LLM,22.1856307566429
PHOTONIC_2LAYERS_ELLIPSOMETRY,LLM,18.40277281640885
PHOTONIC_2LAYERS_ELLIPSOMETRY,LLM,19.550228117577486
PHOTONIC_2LAYERS_ELLIPSOMETRY,LLM,45.6471916086281
PHOTONIC_2LAYERS_ELLIPSOMETRY,LLM,18.231347397200793
PHOTONIC_2LAYERS_ELLIPSOMETRY,LLM,19.607889606358672
PHOTONIC_2LAYERS_ELLIPSOMETRY,LLM,18.743937142898794
PHOTONIC_2LAYERS_ELLIPSOMETRY,LLM,31.43817896429722
PHOTONIC_2LAYERS_ELLIPSOMETRY,LLM,18.938758714712552
PHOTONIC_2LAYERS_ELLIPSOMETRY,LLM,18.641866946155837
PHOTONIC_2LAYERS_ELLIPSOMETRY,LLM,17.99258737548618
PHOTONIC_2LAYERS_ELLIPSOMETRY,LLM,31.845108812789576
PHOTONIC_2LAYERS_ELLIPSOMETRY,LLM,19.536914511340235
PHOTONIC_2LAYERS_ELLIPSOMETRY,LLM,17.80334862598229
PHOTONIC_2LAYERS_ELLIPSOMETRY,LLM,22.08452358010183
PHOTONIC_2LAYERS_ELLIPSOMETRY,LLM,27.435705562224417
PHOTONIC_2LAYERS_ELLIPSOMETRY,LLM,18.87018540827498
PHOTONIC_2LAYERS_ELLIPSOMETRY,LLM,19.212278655870406
PHOTONIC_2LAYERS_ELLIPSOMETRY,LLM,18.926434452085367
PHOTONIC_2LAYERS_ELLIPSOMETRY,LLM,24.041918358936417
PHOTONIC_2LAYERS_ELLIPSOMETRY,LLM,26.385936465127767
PHOTONIC_2LAYERS_ELLIPSOMETRY,LLM,17.516217342548355
PHOTONIC_2LAYERS_ELLIPSOMETRY,LLM,18.40302649513225
PHOTONIC_2LAYERS_ELLIPSOMETRY,LLM,19.009243921117143
PHOTONIC_2LAYERS_ELLIPSOMETRY,LLM,18.603103755216953
PHOTONIC_2LAYERS_ELLIPSOMETRY,LLM,22.341958590932133
PHOTONIC_2LAYERS_ELLIPSOMETRY,LLM,23.85367106525955
PHOTONIC_2LAYERS_ELLIPSOMETRY,LLM,17.789275735129376
PHOTONIC_2LAYERS_ELLIPSOMETRY,LLM,18.718375936268302
PHOTONIC_2LAYERS_ELLIPSOMETRY,LLM,23.638588536767635
PHOTONIC_2LAYERS_ELLIPSOMETRY,LLM,23.48433639776644
PHOTONIC_2LAYERS_ELLIPSOMETRY,LLM,17.41473988832133
PHOTONIC_2LAYERS_ELLIPSOMETRY,LLM,18.61316076964868
PHOTONIC_2LAYERS_ELLIPSOMETRY,LLM,28.767548096319974
PHOTONIC_2LAYERS_ELLIPSOMETRY,LLM,27.037936664482363
PHOTONIC_2LAYERS_ELLIPSOMETRY,LLM,18.11948366669792
PHOTONIC_2LAYERS_ELLIPSOMETRY,LLM,20.124094284034857
PHOTONIC_2LAYERS_ELLIPSOMETRY,LLM,18.564742037485555
PHOTONIC_2LAYERS_ELLIPSOMETRY,LLM,18.36700134362551
PHOTONIC_2LAYERS_ELLIPSOMETRY,LLM,23.270297907742098
PHOTONIC_2LAYERS_ELLIPSOMETRY,LLM,24.30097200230992
PHOTONIC_2LAYERS_ELLIPSOMETRY,LLM,35.547944987836
PHOTONIC_2LAYERS_ELLIPSOMETRY,LLM,19.617538218287812
PHOTONIC_2LAYERS_ELLIPSOMETRY,LLM,19.828508325251118
PHOTONIC_2LAYERS_ELLIPSOMETRY,LLM,31.960213369008418
PHOTONIC_2LAYERS_ELLIPSOMETRY,LLM,19.46110071069974
PHOTONIC_2LAYERS_ELLIPSOMETRY,LLM,28.906168024999737
PHOTONIC_2LAYERS_ELLIPSOMETRY,LLM,19.346566509461095
PHOTONIC_2LAYERS_ELLIPSOMETRY,LLM,28.15662968655168
PHOTONIC_2LAYERS_ELLIPSOMETRY,LLM,17.54516191720935
PHOTONIC_2LAYERS_ELLIPSOMETRY,LLM,18.969320873579125
PHOTONIC_2LAYERS_ELLIPSOMETRY,LLM,19.393390978445293
PHOTONIC_2LAYERS_ELLIPSOMETRY,LLM,18.807085020637807
PHOTONIC_2LAYERS_ELLIPSOMETRY,LLM,38.590490356376456
PHOTONIC_2LAYERS_ELLIPSOMETRY,LLM,19.601980699032207
PHOTONIC_2LAYERS_ELLIPSOMETRY,LLM,19.048052319303768
PHOTONIC_2LAYERS_ELLIPSOMETRY,LLM,18.936049771965557
PHOTONIC_2LAYERS_ELLIPSOMETRY,LLM,18.84928961245559
PHOTONIC_2LAYERS_ELLIPSOMETRY,LLM,21.670731471662464
PHOTONIC_2LAYERS_ELLIPSOMETRY,LLM,19.51405384610659
PHOTONIC_2LAYERS_ELLIPSOMETRY,LLM,18.418414202297264
PHOTONIC_2LAYERS_ELLIPSOMETRY,LLM,17.407011495833075
PHOTONIC_2LAYERS_ELLIPSOMETRY,LLM,27.962794762421055
PHOTONIC_2LAYERS_ELLIPSOMETRY,LLM,21.847990541689605
PHOTONIC_2LAYERS_ELLIPSOMETRY,LLM,20.53180519325118
PHOTONIC_2LAYERS_ELLIPSOMETRY,LLM,18.262650273881917
PHOTONIC_2LAYERS_ELLIPSOMETRY,LLM,24.495788465102613
PHOTONIC_2LAYERS_ELLIPSOMETRY,LLM,34.86863198810288
PHOTONIC_2LAYERS_ELLIPSOMETRY,LLM,18.763276199727393
PHOTONIC_2LAYERS_ELLIPSOMETRY,LLM,24.2236050760323
PHOTONIC_2LAYERS_ELLIPSOMETRY,LLM,20.30050235444072
PHOTONIC_2LAYERS_ELLIPSOMETRY,LLM,23.62037126259593
PHOTONIC_2LAYERS_ELLIPSOMETRY,LLM,21.06499138198249
PHOTONIC_2LAYERS_ELLIPSOMETRY,LLM,34.74837419202945
PHOTONIC_2LAYERS_ELLIPSOMETRY,LLM,17.05466727891381
PHOTONIC_2LAYERS_ELLIPSOMETRY,LLM,49.22853931904701
PHOTONIC_2LAYERS_ELLIPSOMETRY,LLM,19.60157361239195
PHOTONIC_2LAYERS_ELLIPSOMETRY,LLM,26.906979021800964
PHOTONIC_2LAYERS_ELLIPSOMETRY,LLM,23.092248240047798
PHOTONIC_2LAYERS_ELLIPSOMETRY,LLM,17.70088419514581
PHOTONIC_2LAYERS_ELLIPSOMETRY,LLM,19.148162797139307
PHOTONIC_2LAYERS_ELLIPSOMETRY,LLM,19.976793249235136
PHOTONIC_2LAYERS_ELLIPSOMETRY,LLM,20.083152578281606
PHOTONIC_2LAYERS_ELLIPSOMETRY,LLM,20.092206559785293
PHOTONIC_2LAYERS_ELLIPSOMETRY,LLM,18.67513431877214
PHOTONIC_2LAYERS_ELLIPSOMETRY,LLM,20.362401362376282
PHOTONIC_2LAYERS_ELLIPSOMETRY,LLM,18.776067706538022
PHOTONIC_2LAYERS_ELLIPSOMETRY,LLM,18.132357294892813
PHOTONIC_2LAYERS_ELLIPSOMETRY,LLM,20.39390070643365
PHOTONIC_2LAYERS_ELLIPSOMETRY,LLM,18.9426720138336
PHOTONIC_2LAYERS_ELLIPSOMETRY,LLM,18.37257143965807
PHOTONIC_2LAYERS_ELLIPSOMETRY,LLM,18.380832257161096
PHOTONIC_2LAYERS_ELLIPSOMETRY,LLM,18.224373526732606
PHOTONIC_2LAYERS_ELLIPSOMETRY,LLM,21.43635099182477
PHOTONIC_2LAYERS_ELLIPSOMETRY,LLM,25.116936050907313
PHOTONIC_2LAYERS_ELLIPSOMETRY,LLM,18.46917804489953
PHOTONIC_2LAYERS_ELLIPSOMETRY,LLM,18.521439332418456
PHOTONIC_2LAYERS_ELLIPSOMETRY,LLM,18.611261309202135
PHOTONIC_2LAYERS_ELLIPSOMETRY,LLM,19.582467888144663
PHOTONIC_2LAYERS_ELLIPSOMETRY,LLM,18.474660281334465
PHOTONIC_2LAYERS_ELLIPSOMETRY,LLM,17.41867480148685
PHOTONIC_2LAYERS_ELLIPSOMETRY,LLM,18.78718855445792
PHOTONIC_2LAYERS_ELLIPSOMETRY,LLM,50.1399853291744
PHOTONIC_2LAYERS_ELLIPSOMETRY,LLM,18.345390746861916
PHOTONIC_2LAYERS_ELLIPSOMETRY,LLM,21.050424942375976
PHOTONIC_2LAYERS_ELLIPSOMETRY,LLM,27.302855595573146
PHOTONIC_2LAYERS_ELLIPSOMETRY,LLM,19.93007967315453
PHOTONIC_2LAYERS_ELLIPSOMETRY,LLM,18.265512712775312
PHOTONIC_2LAYERS_ELLIPSOMETRY,LLM,18.2821570896814
PHOTONIC_2LAYERS_ELLIPSOMETRY,LLM,50.16285486923432
PHOTONIC_2LAYERS_ELLIPSOMETRY,LLM,23.08272816464302
PHOTONIC_2LAYERS_ELLIPSOMETRY,LLM,18.919907714490403
PHOTONIC_2LAYERS_ELLIPSOMETRY,LLM,27.50180154017206
PHOTONIC_2LAYERS_ELLIPSOMETRY,LLM,19.81323250009086
PHOTONIC_2LAYERS_ELLIPSOMETRY,LLM,20.48894637076129
PHOTONIC_2LAYERS_ELLIPSOMETRY,LLM,19.914999209498717
PHOTONIC_2LAYERS_ELLIPSOMETRY,LLM,23.16382601947902
PHOTONIC_2LAYERS_ELLIPSOMETRY,LLM,18.80126467753639
PHOTONIC_2LAYERS_ELLIPSOMETRY,LLM,19.286471473590673
PHOTONIC_2LAYERS_ELLIPSOMETRY,LLM,19.667825200296345
PHOTONIC_2LAYERS_ELLIPSOMETRY,LLM,18.45351567020595
PHOTONIC_2LAYERS_ELLIPSOMETRY,LLM,18.192337396676237
PHOTONIC_2LAYERS_ELLIPSOMETRY,LLM,18.576152598365532
PHOTONIC_2LAYERS_ELLIPSOMETRY,LLM,18.649653815360008
PHOTONIC_2LAYERS_ELLIPSOMETRY,LLM,18.73048885007029
PHOTONIC_2LAYERS_ELLIPSOMETRY,LLM,18.009037914363933
PHOTONIC_2LAYERS_ELLIPSOMETRY,LLM,22.57596860216117
PHOTONIC_2LAYERS_ELLIPSOMETRY,LLM,19.641584881263356
PHOTONIC_2LAYERS_ELLIPSOMETRY,LLM,18.78363983488255
PHOTONIC_2LAYERS_ELLIPSOMETRY,LLM,27.21338633322349
PHOTONIC_2LAYERS_ELLIPSOMETRY,LLM,30.77123825819893
PHOTONIC_2LAYERS_ELLIPSOMETRY,LLM,19.41232443558394
PHOTONIC_2LAYERS_ELLIPSOMETRY,LLM,19.722155567548608
PHOTONIC_2LAYERS_ELLIPSOMETRY,LLM,19.33493672457988
PHOTONIC_2LAYERS_ELLIPSOMETRY,LLM,18.52702860080761
PHOTONIC_2LAYERS_ELLIPSOMETRY,LLM,21.711675970070807
PHOTONIC_2LAYERS_ELLIPSOMETRY,LLM,28.33569591504213
PHOTONIC_2LAYERS_ELLIPSOMETRY,LLM,17.334327738904015
PHOTONIC_2LAYERS_ELLIPSOMETRY,LLM,19.291480018885718
PHOTONIC_2LAYERS_ELLIPSOMETRY,LLM,26.149348293958827
PHOTONIC_2LAYERS_ELLIPSOMETRY,LLM,18.717403253482317
PHOTONIC_2LAYERS_ELLIPSOMETRY,LLM,18.967714966642546
PHOTONIC_2LAYERS_ELLIPSOMETRY,LLM,17.60958809473718
PHOTONIC_2LAYERS_ELLIPSOMETRY,LLM,19.845963654839483
PHOTONIC_2LAYERS_ELLIPSOMETRY,LLM,31.10352068499067
PHOTONIC_2LAYERS_ELLIPSOMETRY,LLM,22.190217915042563
PHOTONIC_2LAYERS_ELLIPSOMETRY,LLM,19.616013231535984
PHOTONIC_2LAYERS_ELLIPSOMETRY,LLM,19.613189616101756
PHOTONIC_2LAYERS_ELLIPSOMETRY,LLM,24.687036180515094
PHOTONIC_2LAYERS_ELLIPSOMETRY,LLM,25.960109934850774
PHOTONIC_2LAYERS_ELLIPSOMETRY,LLM,19.34380351800127
PHOTONIC_2LAYERS_ELLIPSOMETRY,LLM,20.472797687327365
PHOTONIC_2LAYERS_ELLIPSOMETRY,LLM,19.63457768056884
PHOTONIC_2LAYERS_ELLIPSOMETRY,LLM,19.679373894550523
PHOTONIC_2LAYERS_ELLIPSOMETRY,LLM,24.8958327900266
PHOTONIC_2LAYERS_ELLIPSOMETRY,LLM,19.345586762808697
PHOTONIC_2LAYERS_ELLIPSOMETRY,LLM,19.762452600721303
PHOTONIC_2LAYERS_ELLIPSOMETRY,LLM,23.94141942499315
PHOTONIC_2LAYERS_ELLIPSOMETRY,LLM,23.972967708194698
PHOTONIC_2LAYERS_ELLIPSOMETRY,LLM,24.951904221787718
PHOTONIC_2LAYERS_ELLIPSOMETRY,LLM,24.286622915199985
PHOTONIC_2LAYERS_ELLIPSOMETRY,LLM,19.76678745040638
PHOTONIC_2LAYERS_ELLIPSOMETRY,LLM,19.74372043512641
PHOTONIC_2LAYERS_ELLIPSOMETRY,LLM,19.512394133675233
PHOTONIC_2LAYERS_ELLIPSOMETRY,LLM,24.90599248969243
PHOTONIC_2LAYERS_ELLIPSOMETRY,LLM,19.109036061470125
PHOTONIC_2LAYERS_ELLIPSOMETRY,LLM,19.698100322577606
PHOTONIC_2LAYERS_ELLIPSOMETRY,LLM,18.93622644377606
