evaluations raw_y
1 5.604652456754907
2 -321.8875511620041
3 296.06262416115726
4 -198.33765138221918
5 -5097.1911587656
6 -135.5183479878593
7 25.107420900573835
8 345.11651310966613
9 0.777316677495195
10 65.02744385924011
11 3583.581166822892
12 26.809167294564656
13 38.08848911930079
14 149.2610455295118
15 -2697.570717407794
16 58.869250919169424
17 41.302491767565066
18 -540.500712100941
19 47.35456099401997
20 155.97508273578254
21 473.99553505195377
22 427.16140247154647
23 103.17804138103018
24 248.15413087819633
25 581.8217506621323
26 54.55812299825595
27 35.030393358307464
28 9.980385276629194
29 -1122.2783304156537
30 4182.580923508555
31 38.647088478047394
32 -6083.642151742211
33 5.541911915703682
34 149.89361811823886
35 393.1754604294633
36 -103.1769176450252
37 5010.171587067929
38 -726.1665930009852
39 -2432.465312025355
40 31.569018296977646
41 -5582.538067479072
42 -5581.651457161485
43 14.987221625634902
44 -5595.105005611777
45 8220.288241221975
46 -251.1312395318101
47 -261.4413525138907
48 21.863477611994597
49 -5845.591779221513
50 342.7587512806877
51 -86.25236553420945
52 -225.54276966159108
53 -1410.146551518896
54 -1432.0487551646152
55 172.27938115508323
56 -6162.1465679961575
57 25.079684026913306
58 33.485244758802494
59 -5684.953544434964
60 24.71552142306209
61 -5028.762927551491
62 -6234.107936551207
63 -6259.104494846047
64 35.63342879736311
65 -5243.077849183386
66 -6233.4464812185415
67 156.0554783357475
68 -1000.2676459143086
69 -4148.9925196966105
70 -4126.307552675839
71 -830.97341070022
72 12.298811467576796
73 11.01192101758096
74 -1326.7071297233579
75 -1344.2807183845891
76 334.70855842292923
77 -902.0171957308949
78 -830.6501813162446
79 56.28245592368561
80 -5993.925883376235
81 20.839400095775773
82 20.807148132322965
83 -5565.413724243888
84 -783.4652044522006
85 -5872.0115386094085
86 -5872.751379711547
87 -6034.812905171622
88 130.44500125983538
89 -5740.709212481514
90 161.66544693212717
91 116.51078242701772
92 -5975.074209283956
93 65.19287046581579
94 54.90027568123226
95 33.51751740446706
96 -5694.1191568140475
97 46.51498588426807
98 24.55768715651622
99 26.145598369176415
100 -4136.409443671164
101 2796.8877609670694
102 -42.10941107341323
103 -3897.90941470332
104 -4862.188241989413
105 -940.8376404800987
106 -3888.9262397291363
107 24.84697319230776
108 24.54360585884592
109 158.2923943104414
110 32.48558520457807
111 -5613.058556201552
112 16.80279832516301
113 -5591.118883608458
114 -4947.466969498262
115 87.80226874723557
116 289.9981071451125
117 -6224.520847448464
118 -6169.137757699963
119 -46.9999037597427
120 -5599.7410366985205
121 -34.03577718875397
122 66.35992781223558
123 -2341.1526545591896
124 107.44814072946853
125 -1561.750258178825
126 -11.406358513563836
127 -27.15770450579666
128 -2606.414462288794
129 -1297.394900823141
130 -1313.4091684986138
131 5.659778837112395
132 -5208.936487301448
133 -5595.69170057398
134 -6166.0285683577395
135 114.72063904742839
136 -5875.466749347898
137 331.4529744504635
138 427.9044877230157
139 -960.9065761921089
140 98.4244211098014
141 -874.853859585843
142 -6152.28186754731
143 -252.027867768127
144 -6031.689644258872
145 -6156.675911161906
146 -6158.785821956425
147 -5929.099425923465
148 -493.3066315601464
149 -6176.773413803765
150 -6174.318240522947
151 -251.1312395318101
152 -321.8875511620041
153 -5595.105005611777
154 -6158.785821956425
155 -5845.591779221513
156 -1410.146551518896
157 24.54360585884592
158 -6031.689644258872
159 -6259.104494846047
160 -4148.9925196966105
161 -1313.4091684986138
162 -1344.2807183845891
163 -6169.137757699963
164 -6174.318240522947
165 -6034.812905171622
166 16.80279832516301
167 -4862.188241989413
168 -6233.4464812185415
169 -3897.90941470332
170 24.55768715651622
171 -5875.466749347898
172 -6234.107936551207
173 -46.9999037597427
174 -2341.1526545591896
175 -1326.7071297233579
176 -5599.7410366985205
177 -6152.28186754731
178 -6166.0285683577395
179 -6156.675911161906
180 -6176.773413803765
181 138.86926336113027
182 -6116.739672283932
183 -251.1312395318101
184 -240.9741346886122
185 -390.44567817093855
186 -5809.459451052427
187 596.8612549366223
188 -816.3682704963279
189 -5908.367467197331
190 -788.3457551982762
191 -5955.892115944207
192 232.12914790587814
193 -5951.412438961458
194 -137.71630632107403
195 -6093.49652975827
196 -6227.164478723625
197 -5919.5301994191295
198 -1853.6211004441209
199 -6172.77953313743
200 -6163.479214620935
201 -6068.941788679255
202 35.02001669205464
203 -5937.36015610787
204 -6131.951558841924
205 4768.79513058551
206 -6130.485025007839
207 2908.793096689793
208 -142.39208137323624
209 -10.434413433295045
210 -6680.604898679519
211 -4013.160567648257
212 165.87425540265764
213 -1387.0991681676508
214 10.498055416929281
215 -6066.310384448289
216 -6255.984466663542
217 67.98769114870288
218 -2804.2697025102757
219 257.0957477794212
220 -4146.423580177874
221 142.5852868445512
222 -6177.633670639904
223 5257.500311553823
224 -402.46572977806017
225 -3503.9616286357314
226 -636.7108059268658
227 -3503.9616286357314
228 -99.65013636529213
229 -2158.258068245408
230 2050.3631025290724
231 -6162.874809804709
232 -6172.70796975207
233 -6176.900720048965
234 -4821.393091895296
235 68.18587530541909
236 -6160.132285440886
237 206.94297363356046
238 -6147.069493649872
239 -6053.164043460302
240 -6051.99610720491
241 -6178.114854438556
242 -77.83531313954006
243 -6122.961663564961
244 -4919.294657503707
245 -5038.765244684162
246 -46.86807623965075
247 -5055.18313264301
248 -5054.3775008519315
249 278.7495494008137
250 -6246.844170938175
251 82.79161038939462
252 -6239.37369485382
253 -1134.1007166331447
254 4772.4362022667
255 -6153.220077989676
256 -6175.295354552282
257 50.94933516611011
258 -6158.998556019861
259 100.17691916418897
260 -320.2551903734843
261 -211.14923379214795
262 -2915.5795010176857
263 -6151.912353929599
264 -6154.810672155466
265 -6250.392081936954
266 202.2265094685764
267 -6158.8198155136815
268 -2164.671835622924
269 8.5166899180159
270 -1412.8293708512476
271 74.640499244697
272 -4.023561899646217
273 72.07308677475555
274 -6303.564143724189
275 -2837.0338168436588
276 -2915.743542626892
277 41.716209375539506
278 -6147.819967285347
279 -1326.9465863082426
280 -1289.622333223649
281 -6207.678705522706
282 -7.882318563161236
283 -6078.4695586924245
284 -6209.35268735115
285 171.8027603559112
286 -5290.271433134913
287 -6125.431353175044
288 -6681.749590024861
289 4805.691853869986
290 -6171.771908432904
291 -6227.543038907755
292 -31.10181964396367
293 -6173.341149736606
294 36.41036678882812
295 -4871.745468806546
296 -6210.484171981409
297 -91.32201599437442
298 -6710.320337747298
299 5207.742747762293
300 -6177.157699098649
301 -6227.164478723625
302 -390.44567817093855
303 -5955.892115944207
304 -6158.785821956425
305 -6172.77953313743
306 -6116.739672283932
307 -137.71630632107403
308 -6710.320337747298
309 -6259.104494846047
310 -6681.749590024861
311 -1313.4091684986138
312 -3503.9616286357314
313 -6246.844170938175
314 -6176.900720048965
315 -6175.295354552282
316 -6178.114854438556
317 -5290.271433134913
318 -6233.4464812185415
319 -6163.479214620935
320 24.55768715651622
321 -6151.912353929599
322 -6250.392081936954
323 -46.9999037597427
324 -2915.5795010176857
325 -1326.9465863082426
326 -6207.678705522706
327 -6680.604898679519
328 -6227.543038907755
329 -6209.35268735115
330 -6176.773413803765
331 -6227.419486251827
332 -1058.1002635583607
333 -6220.174882366246
334 -6228.181712327143
335 188.67979002139083
336 -140.18917019385447
337 5355.678767703739
338 473.0987817213156
339 239.26669417320636
340 -6045.735950699668
341 -6150.478898951301
342 -6365.571932747757
343 -4437.866790289277
344 -632.377212273178
345 -6070.917511874967
346 -7003.688898675728
347 -6181.328318046408
348 -437.28111603849845
349 -6182.624776444421
350 -6158.6044534616485
351 132.61194166388793
352 -6046.850377016497
353 -6015.403296430389
354 -6167.59527245706
355 -643.7788658893326
356 -6208.020983826093
357 4796.884757122077
358 -563.5270655972031
359 -1113.7863624662443
360 -6019.100459563554
361 -835.3390389187363
362 -6143.700967544303
363 -6561.385025192763
364 50.90540261197671
365 -3424.827548319935
366 -6726.551171795367
367 -9.786653273686987
368 -6711.804464851514
369 -1401.6298527205283
370 -6158.415111320887
371 1741.767896013044
372 -591.6118980311037
373 -1242.661385183766
374 -1351.802790686728
375 -4352.181679317613
376 -848.761059481643
377 -4337.321246187214
378 -4354.561573802309
379 -6982.021042854842
380 -2220.4322590960996
381 -6169.801618228432
382 -6157.831503822618
383 -6177.396275857779
384 -4256.7620423349745
385 -6176.288420308634
386 -6160.976286781803
387 -6181.279621630144
388 -813.1402176973575
389 -6182.007896315193
390 -6173.1223003363375
391 -3105.6686373795474
392 203.69043606675626
393 -6179.234787945487
394 -2458.493471150272
395 44.96679462252342
396 -4918.786543150143
397 -5322.426062006804
398 -5320.557074181275
399 -2279.89269870807
400 -50.845307378211714
401 -6787.964763912288
402 -6797.8328179793
403 150.94266914097082
404 -6168.967409635289
405 -7043.434733464953
406 -855.336056046457
407 -6090.65463215271
408 -373.7847124386453
409 -6121.60817060609
410 -6223.424390212873
411 -840.9259762620738
412 4764.870183214158
413 -6153.98479711474
414 35.13447802180039
415 -0.3966503970292146
416 -6513.209849991528
417 -449.6794574717067
418 -6041.286245891865
419 21.256776890843852
420 -6932.376295308078
421 6.20589802542171
422 31.492356836350368
423 6.7976627354102614
424 -1223.116983435456
425 -6231.10328081655
426 -6215.234125943802
427 -305.8472065409162
428 -6160.856792016851
429 -1041.7393856788121
430 -854.3022199090761
431 -6643.8241123039425
432 0.4331449401259493
433 -6671.707184102197
434 -6695.718977278859
435 -6880.054954840517
436 4.961461966497641
437 -6012.352599826264
438 -6934.5253812517285
439 168.70351305778715
440 -6041.785666894805
441 -6445.969190019688
442 -6442.981637819205
443 -3611.681453214699
444 -6177.7099769917495
445 -3067.351114184218
446 -6120.640754099507
447 -3366.1428193956713
448 -6181.292290110271
449 -6180.252359223747
450 -5792.999163490939
451 -6227.419486251827
452 -6442.981637819205
453 -6695.718977278859
454 -6158.785821956425
455 -6934.5253812517285
456 -6513.209849991528
457 -643.7788658893326
458 -6710.320337747298
459 -6561.385025192763
460 -6681.749590024861
461 -5320.557074181275
462 -6041.785666894805
463 -6982.021042854842
464 -6177.7099769917495
465 -6182.007896315193
466 -6179.234787945487
467 -6120.640754099507
468 -6787.964763912288
469 -7043.434733464953
470 -6228.181712327143
471 -6153.98479711474
472 -6250.392081936954
473 -50.845307378211714
474 -6231.10328081655
475 -1326.9465863082426
476 -6671.707184102197
477 -6932.376295308078
478 -6445.969190019688
479 -6797.8328179793
480 -6180.252359223747
481 -7065.976527355318
482 -793.5252504078235
483 -6607.8328243201
484 -6871.487882293947
485 515.3425757400462
486 -6173.334981991796
487 -6018.263860045787
488 -6438.597188703958
489 -149.3211918297756
490 -6178.730753755187
491 -6695.718977278859
492 -6875.868498124155
493 4768.614434948212
494 -5455.857863377786
495 -6966.994335000369
496 -6967.856333379077
497 -6968.782075812765
498 135.03209787058813
499 -6746.393089308756
500 -6950.54846281194
501 564.982186085388
502 -7026.65593924965
503 -6207.4115183128215
504 -6455.671895518628
505 -587.7808920612242
506 -4276.657924325059
507 4922.415973050844
508 -641.5923086425429
509 58.26421764551831
510 -6716.827041048264
511 -6713.333146344746
512 -6140.340152591393
513 -6556.248523213859
514 -3258.8350080699656
515 -7009.846528739397
516 -7015.663397471366
517 161.85815243173639
518 -6053.63601219408
519 -1411.371063932158
520 -4993.71760701065
521 -277.1493229984102
522 -1403.430732777295
523 -5320.557074181275
524 -5339.175890358103
525 -6089.295944539141
526 160.04856694371225
527 -6144.96756667391
528 -6171.817217932801
529 -6674.981792099816
530 -225.42389440452015
531 -843.387119174626
532 -5998.934268878797
533 -6156.156468227574
534 -945.5354553082301
535 -6174.119992118965
536 71.83094690686036
537 -1231.6121678448094
538 -6892.300161334707
539 -6108.0918536923045
540 -5875.152800757455
541 -638.3892719012953
542 4800.670074824082
543 -6175.661346340624
544 -6181.9500333825745
545 -6121.32507270166
546 4775.758734206259
547 -6113.793538198799
548 -6151.683496068296
549 -7032.3972013454
550 -54.853355163658385
551 -7043.233548753855
552 -833.7209674022643
553 -7031.6434492803
554 46.93334678995826
555 -6507.7567148289045
556 -6154.901339744728
557 -6868.571547198081
558 703.5768546355068
559 -6550.9410929921205
560 -6138.890942634813
561 -6152.196298965407
562 -1617.6243282699222
563 -6173.410299129227
564 -6180.921478624544
565 -1393.217294524844
566 635.9388494114627
567 -6049.405283277972
568 -6155.18859514565
569 153.9846169958791
570 -1409.1659991287024
571 -5423.013612945252
572 -5408.3670931551005
573 -6195.601581938648
574 28.408540971873276
575 -6865.324387172346
576 -5948.9333324505815
577 -856.4423246009322
578 -321.61357898054314
579 -247.10224322542098
580 -1365.4016076703244
581 625.967877649149
582 -6976.680871709667
583 -6700.290800236049
584 -5956.541729637097
585 397.25327467357823
586 -6858.471392268555
587 -6474.30393812975
588 -6963.728080103933
589 509.02733967016604
590 -6438.500707340595
591 -6426.410318836766
592 -255.8875730598586
593 -1286.4543770913242
594 3.2226117021607337
595 -6635.991796805878
596 -6822.898343260103
597 -825.1464712819776
598 -7026.606667348059
599 -6048.404524217218
600 -1477.7978428025915
601 -7065.976527355318
602 -6716.827041048264
603 -6695.718977278859
604 -7026.65593924965
605 -6968.782075812765
606 -6513.209849991528
607 -6963.728080103933
608 -7026.606667348059
609 -7009.846528739397
610 -6681.749590024861
611 -5320.557074181275
612 -6144.96756667391
613 -6982.021042854842
614 -6177.7099769917495
615 -6455.671895518628
616 -6179.234787945487
617 -6121.32507270166
618 -7043.233548753855
619 -7043.434733464953
620 -7015.663397471366
621 -6173.410299129227
622 -6976.680871709667
623 -5423.013612945252
624 -6871.487882293947
625 -1326.9465863082426
626 -6700.290800236049
627 -6932.376295308078
628 -6822.898343260103
629 -6797.8328179793
630 -6180.252359223747
631 72.49910568604373
632 -7013.485759605854
633 -6859.051462706708
634 -7133.360751295616
635 71.88386534410186
636 -6829.640942104809
637 -6178.66127107783
638 -6740.163428993528
639 -708.9615506633626
640 -6703.026339697185
641 -7133.360751295616
642 -6205.1480437252985
643 -1564.3106929645535
644 536.2843046746966
645 -6971.398085169979
646 -7070.83602580731
647 -7063.558392784008
648 -4011.296676426133
649 -7054.740027403868
650 -7065.035218249876
651 -1176.7940003336994
652 33.198470625999505
653 -6345.2213265933715
654 -6725.91588746349
655 -4031.1410451462607
656 -5281.991153066722
657 -7058.321885352059
658 -7068.475944164921
659 321.3977044894101
660 -6933.145471844165
661 -838.0193099746691
662 -7057.120414104755
663 -6983.565598037712
664 156.07514170094728
665 -7009.367502710658
666 -7033.53744848339
667 -5132.785737109513
668 -6998.303296423677
669 -6693.549964929544
670 -6156.027743947153
671 18.20292217405764
672 -6557.13960989672
673 -7064.704376978141
674 -6154.903845086538
675 -6465.486316275973
676 96.15607555299836
677 -6051.2553336833535
678 -6451.426426308681
679 163.27045320202583
680 -6951.436309868114
681 -7014.2831273348875
682 -7037.008109239613
683 -4114.208752262232
684 238.38959620953133
685 -6175.000121198397
686 -6189.163141322654
687 -1846.0354420424953
688 -6787.803471413786
689 -6537.980695556351
690 -6906.893738845709
691 412.3741524656194
692 -1412.3998966933996
693 -6083.532715397393
694 -6179.940675839546
695 93.6000669033965
696 -1408.6241892435792
697 -6153.873803134592
698 -6162.409791574019
699 -422.24021003483244
700 -6906.934453155729
701 -6972.56593741024
702 -3956.2915434708593
703 -7001.071113760572
704 -0.24560813825172084
705 -6908.669638862681
706 -7021.368242248543
707 -1377.0029590843126
708 505.09648336943866
709 -7053.470402927566
710 -856.2435773036937
711 -882.9671171069044
712 -6056.852017284859
713 -6851.328528209257
714 -6791.191044274254
715 -6821.83395519859
716 -3828.330834189747
717 -6970.012296767644
718 -773.7423743821839
719 328.71285702334654
720 -1418.2179074645803
721 -5133.382428475295
722 -5420.1796273357595
723 -5685.506156514717
724 -7069.578426719562
725 -6860.844071281126
726 -5960.049850098505
727 90.94194975152165
728 -1279.9904646269974
729 -6168.051929030959
730 -6169.563784267737
731 58.92239492108137
732 -7066.070394818296
733 -6814.164760867209
734 -938.7239935282144
735 -6965.735386103933
736 -2732.619948505373
737 -6957.758946443347
738 -6957.084998510454
739 -2891.9213892180524
740 -6758.3901494297015
741 -6598.00147364803
742 -608.8930196493149
743 41.26847679422984
744 -7000.280117902715
745 -6650.6299378358635
746 -6808.941474252263
747 -2593.4800700224623
748 -6171.472514302333
749 -6179.309468392752
750 13.500174090609109
751 -7065.976527355318
752 -6716.827041048264
753 -7133.360751295616
754 -7026.65593924965
755 -7069.578426719562
756 -6513.209849991528
757 -7070.83602580731
758 -7026.606667348059
759 -7037.008109239613
760 -6758.3901494297015
761 -7064.704376978141
762 -6906.893738845709
763 -7014.2831273348875
764 -6177.7099769917495
765 -6808.941474252263
766 -6179.234787945487
767 -6153.873803134592
768 -7065.035218249876
769 -7043.434733464953
770 -7053.470402927566
771 -6851.328528209257
772 -6976.680871709667
773 -5423.013612945252
774 -7066.070394818296
775 -6171.472514302333
776 -6814.164760867209
777 -6965.735386103933
778 -6822.898343260103
779 -6797.8328179793
780 -6180.252359223747
781 -7126.851177611056
782 59.457977975218576
783 -6781.146912394784
784 -6216.380623248195
785 -1438.5547961573059
786 67.835856041089
787 -6983.786687086453
788 -7004.361011683289
789 43.54971125747993
790 -6957.247075216826
791 -7069.831865453439
792 -7164.719737628695
793 49.61759488081459
794 -6924.444840469502
795 -6139.021674708226
796 -5290.916360584844
797 -7073.742009851839
798 -2298.5884978281715
799 -1428.5287463712648
800 -7074.234821473109
801 -6660.108030777487
802 -2966.347550110778
803 -6124.954659098674
804 -6031.748978045798
805 -789.1527705196128
806 -6888.246617561869
807 -7014.06726532959
808 -7049.92697025083
809 -6961.627883039654
810 10.109473385144561
811 -7083.538735674492
812 -7066.736559838359
813 -204.9253027189235
814 -7043.999888276967
815 -7030.421842250249
816 -7034.995025068925
817 -6854.484997878911
818 -504.3630698823285
819 -6657.734403616159
820 -3465.2976524697715
821 188.83712393052042
822 -7079.235212244433
823 -7018.49244694781
824 -7061.965539149291
825 -7062.9656233416745
826 -50.30257972566591
827 -7060.95430225133
828 -7052.161217278595
829 -7053.733962409824
830 31.777102287013864
831 -7119.273785849153
832 -7018.9705292240715
833 -6172.282007466607
834 -3867.7293551922626
835 -6169.267286534959
836 -6187.264948269925
837 -20.59479071588672
838 -7081.748818562493
839 -7071.466777844756
840 -7067.549965112413
841 -7121.596317039847
842 52.26136912369848
843 -1475.647910519314
844 -7055.502421093874
845 -7136.3149413919855
846 145.65856408761138
847 -7136.3149413919855
848 -6220.20008252585
849 -1100.1482413069057
850 -7043.793150875592
851 -7024.1056369082135
852 -7090.674626715459
853 -7156.583109760709
854 -456.3076868702415
855 -6738.956016961007
856 -7079.2177378157485
857 -7053.375726875807
858 -6678.830601519721
859 -7045.854199637198
860 -7078.216336275043
861 -5771.418708373831
862 -7163.853999355198
863 -6787.259019656423
864 -6094.790519413475
865 -6967.107956142112
866 -2230.188468120468
867 -6971.780878252155
868 -6942.201605736349
869 -5664.388265926047
870 3399.5177756771027
871 -5649.157110203036
872 -5663.306775800895
873 -1354.923375278621
874 -7065.924597931531
875 -7091.364092698968
876 -1606.634454723048
877 -7038.362055654127
878 108.516668910476
879 -7065.893333576537
880 -7070.733045528832
881 119.18075314866705
882 -7007.499049323681
883 -6351.706399969839
884 -6950.450048046615
885 -7067.9018287325525
886 -58.918962447553376
887 -7066.406356488179
888 -7019.113801668065
889 -6942.348631672361
890 123.80642265445928
891 -7007.411930700757
892 -798.9001323884593
893 76.17670492503825
894 -7156.8432307167295
895 -7066.579892421572
896 -7066.214214317177
897 -7065.528045434005
898 -7064.649627858027
899 -7078.216336275043
900 -890.1880101190466
901 -7126.851177611056
902 -6983.786687086453
903 -7133.360751295616
904 -7026.65593924965
905 -7081.748818562493
906 -6660.108030777487
907 -7070.83602580731
908 -7083.538735674492
909 -7037.008109239613
910 -6854.484997878911
911 -7064.704376978141
912 -7062.9656233416745
913 -7119.273785849153
914 -6177.7099769917495
915 -7071.466777844756
916 -7121.596317039847
917 -7136.3149413919855
918 -7065.924597931531
919 -7164.719737628695
920 -7053.470402927566
921 -6851.328528209257
922 -6976.680871709667
923 -5664.388265926047
924 -7091.364092698968
925 -7065.893333576537
926 -6814.164760867209
927 -7067.9018287325525
928 -7007.411930700757
929 -7066.579892421572
930 -7078.216336275043
931 -7142.3817379488155
932 -1288.44206444519
933 -7046.4569472326975
934 -7139.432157902162
935 -6984.662731216744
936 -7031.384213155307
937 -6831.496842932799
938 -794.4989011236371
939 -7154.892653291378
940 49.08938300738695
941 -7096.14564425031
942 -7088.919159351401
943 42.4476364953196
944 -6989.891131579454
945 -6952.368564247382
946 -7009.829738210057
947 -7079.3922031487045
948 10.684622699492834
949 -7081.748818562493
950 -7079.7097402470245
951 -4538.730589857339
952 3860.5069262431343
953 -6993.1205208334995
954 -6463.967320750713
955 -7154.445936801257
956 178.5962249838024
957 -1941.0481657800865
958 -7152.353615845934
959 231.56587954606016
960 -7153.726234506682
961 -7088.054872436404
962 -887.0268778839446
963 -7004.092134204407
964 127.62423324467417
965 -7039.133763314059
966 -6173.84790095789
967 -6253.7242818265095
968 -7154.545459491317
969 -6855.470713190773
970 -664.4123779251985
971 -398.24097871100116
972 -6149.04298254462
973 -7064.9788123176495
974 -7088.180014708154
975 43.3608735542559
976 -7137.210803308501
977 -7087.992704163434
978 -7006.77305786751
979 -289.8365224396005
980 -7157.461470935364
981 -7119.273785849153
982 -7137.6472052546205
983 -6161.038068053228
984 -1183.1469469121662
985 -6105.245430391512
986 -6180.568218264075
987 -7081.1908901766965
988 -17.730172622866867
989 -7004.410279637371
990 -7022.369026679067
991 -7147.447857841122
992 42.87227706132505
993 -7031.565423665779
994 -6247.911851128852
995 -19.719739781905346
996 -7060.688123446982
997 -7129.414068519334
998 -7146.128273363001
999 -2255.843589954697
1000 -7013.375271994431
1001 -7062.670107797345
1002 -831.1126408218565
1003 -909.5392936048903
1004 -7083.73784202425
1005 -7164.664939107132
1006 -7142.523506514962
1007 -7051.369849364918
1008 33.54228980326666
1009 -7054.560284102722
1010 -7047.275620498691
1011 5102.825907720306
1012 -7146.2080280998025
1013 -7086.066406723591
1014 -7087.454587820363
1015 -7150.599806491834
1016 22.70769701109333
1017 -7377.0311627400915
1018 -7296.219855293348
1019 25.81343810740724
1020 -7078.593045674722
1021 -7087.925509909322
1022 -6069.603099849415
1023 -472.32540647516834
1024 -7019.754019604422
1025 -7142.868849695917
1026 -6452.842636554505
1027 -7078.261458870854
1028 -2633.5553818755757
1029 -7024.798714639007
1030 -7085.440898656327
1031 -2079.487342963414
1032 -7033.586384943732
1033 -7049.4967789525
1034 -7077.303508732501
1035 -7120.621307964801
1036 51.64949817725043
1037 -7139.315954910125
1038 -947.9116781623611
1039 -7109.232696947341
1040 5101.7896657298115
1041 -7085.483057422866
1042 -7104.649706730335
1043 1.353224715354836
1044 -7164.962585739143
1045 -7055.341472942269
1046 -7154.0250398848975
1047 183.37165049748006
1048 -7087.209568793289
1049 -4174.72873073067
1050 -7054.739051321182
1051 -7154.0250398848975
1052 -6984.662731216744
1053 -7157.461470935364
1054 -7047.275620498691
1055 -7154.545459491317
1056 -7033.586384943732
1057 -7164.962585739143
1058 -7088.054872436404
1059 -7296.219855293348
1060 -6855.470713190773
1061 -7064.9788123176495
1062 -7087.992704163434
1063 -7119.273785849153
1064 -6177.7099769917495
1065 -7081.1908901766965
1066 -7147.447857841122
1067 -7136.3149413919855
1068 -7065.924597931531
1069 -7164.719737628695
1070 -7054.560284102722
1071 -7088.919159351401
1072 -7377.0311627400915
1073 -7087.925509909322
1074 -7146.2080280998025
1075 -7104.649706730335
1076 -7079.7097402470245
1077 -7139.432157902162
1078 -7109.232696947341
1079 -7152.353615845934
1080 -7142.523506514962
1081 -7654.327008990434
1082 45.76379823396601
1083 -1566.6393749759318
1084 -7641.351522046001
1085 -5000.1000398093665
1086 -7128.996417532174
1087 -6836.58622268893
1088 -6933.303666299317
1089 -7820.006052665589
1090 -3859.2973752728694
1091 -7820.006052665589
1092 -7748.752836473154
1093 -1872.0938942465264
1094 5325.815896181421
1095 -1361.8060466733773
1096 -6160.332636001343
1097 -2035.6603963079515
1098 89.25256624807801
1099 -7069.902166107183
1100 -7082.862083434387
1101 5176.094121112069
1102 -6919.509637203237
1103 -7015.19706897172
1104 -6206.892454290902
1105 -7138.709421451728
1106 -3894.3578184026596
1107 -7152.861219379682
1108 -7146.8365370599295
1109 -6965.528167663548
1110 -226.55440091435082
1111 -2012.4655733189438
1112 -7083.113774496759
1113 -2154.2197973168486
1114 -15.932959655311324
1115 -6996.946014875824
1116 -7293.965362079388
1117 -6647.56615988734
1118 -6177.708870254515
1119 -6998.716810444121
1120 -7000.9806979449295
1121 -7261.98438203882
1122 31.479589543235036
1123 3586.6994553532404
1124 -7267.3397750934455
1125 -7091.118485283304
1126 -6069.777734643605
1127 -7089.755897084367
1128 -7012.951888924693
1129 -53.292837698110525
1130 -1989.106040236833
1131 -7132.295825469652
1132 -7149.078404760895
1133 -358.11946644527274
1134 -6314.46275649258
1135 -6178.6077044369495
1136 11.002658791354506
1137 6.32161162205104
1138 -7035.0561787489605
1139 -1989.9816407034077
1140 -7060.583878488597
1141 -7148.5149998795
1142 -1450.6696751187726
1143 -1910.2630674285729
1144 -7063.299248342228
1145 172.9239615862972
1146 -7171.07464079667
1147 -7105.958583394661
1148 -6120.41476088344
1149 60.45981087222407
1150 -1839.5766212060198
1151 -7054.634926720569
1152 -6055.298648306994
1153 219.34871587334177
1154 -7012.446570433224
1155 -7083.116907991688
1156 -7100.45344956046
1157 -4271.599290314201
1158 -7124.328986096664
1159 -7058.892980103556
1160 -6148.781112076889
1161 -7080.687078650474
1162 126.8022435033873
1163 -7157.720691077743
1164 -919.4528854531495
1165 -2062.645120019427
1166 17.114113988182513
1167 -4435.02210661071
1168 -1185.2166031571924
1169 5104.1355687521445
1170 -6945.678069645277
1171 -7085.544779071284
1172 -7090.065650020802
1173 74.58523615879172
1174 -7439.404622849568
1175 -7020.707081713539
1176 -1358.9958997169385
1177 -7345.90815399182
1178 -3119.2747139289354
1179 -1963.8055786097557
1180 -7056.9181009743925
1181 -4.795679179618942
1182 -6912.463745905488
1183 -7059.297533591213
1184 -7083.864692767355
1185 -5157.604708973536
1186 -7807.2733808462945
1187 -7080.283613652458
1188 -7081.4615539692195
1189 -489.04216083785997
1190 -7152.864654143736
1191 -7066.716749304144
1192 -7237.319155353021
1193 -7137.631566284619
1194 59.99323465177645
1195 -7099.6212247124895
1196 -960.7161424081243
1197 -7733.473339401171
1198 72.6448305809872
1199 -7550.978110623169
1200 -1532.2150475757207
1201 -7654.327008990434
1202 -6984.662731216744
1203 -7820.006052665589
1204 -7083.864692767355
1205 -7237.319155353021
1206 -7033.586384943732
1207 -7164.962585739143
1208 -7088.054872436404
1209 -7296.219855293348
1210 -7035.0561787489605
1211 -7261.98438203882
1212 -7091.118485283304
1213 -7132.295825469652
1214 -6178.6077044369495
1215 -7171.07464079667
1216 -7439.404622849568
1217 -7136.3149413919855
1218 -7065.924597931531
1219 -7164.719737628695
1220 -7060.583878488597
1221 -7157.720691077743
1222 -7377.0311627400915
1223 -7087.925509909322
1224 -7146.2080280998025
1225 -7807.2733808462945
1226 -7083.113774496759
1227 -7146.8365370599295
1228 -7267.3397750934455
1229 -7152.353615845934
1230 -7733.473339401171
1231 5127.289050496895
1232 -7154.3885089220585
1233 -7343.69632262479
1234 -7586.377467739106
1235 -545.0772228772242
1236 -7112.246101303689
1237 -6966.388625176886
1238 -6730.261174234096
1239 -7836.177544203019
1240 -175.92624171708425
1241 -7854.906935515967
1242 -7133.403140720899
1243 -7079.009542572009
1244 28.257234675192667
1245 -7079.036961840121
1246 -7072.325124167746
1247 -4740.377137496516
1248 -25.07648088820808
1249 -6742.983868811268
1250 -1024.4587653142053
1251 -7755.28863809662
1252 30.825496980617537
1253 -1910.0562720316902
1254 -7722.062438086793
1255 -54.49313031827294
1256 -2657.8381766861385
1257 -2073.5493041897835
1258 -7096.003424148943
1259 -7092.783400295551
1260 -1087.8525133663172
1261 -7027.807099031986
1262 -7085.436435525593
1263 -1992.5480935409641
1264 -30.78317278832882
1265 -7609.264463513489
1266 -7090.441852520132
1267 -6889.757989851821
1268 85.18146146026005
1269 -6958.709206114187
1270 -900.3263132132779
1271 -422.5516058020646
1272 -7140.972908021421
1273 -7382.5581102293445
1274 -6481.4152329922845
1275 -7125.72952328197
1276 5084.574746613993
1277 -7138.735603273419
1278 -6248.648809119645
1279 -7148.023475601052
1280 -665.7527802074381
1281 -7154.006317300056
1282 -7076.691550740558
1283 -7092.076366653072
1284 -3178.481272481695
1285 -7072.196646682386
1286 -7020.07621196423
1287 79.50407376188461
1288 -7120.616714439976
1289 -7021.960596163971
1290 -974.9712523282385
1291 -7667.452524846879
1292 39.943430962764005
1293 -7428.010493611835
1294 -7647.930495202081
1295 -7144.255575515871
1296 -788.9457602724196
1297 -7125.493033087053
1298 -7078.865966111371
1299 -2699.837326205757
1300 -7081.2575321468
1301 -7033.822658990691
1302 -871.2230751976878
1303 -7130.344525464645
1304 -3438.732018786161
1305 -7164.688611627047
1306 -7157.307472855703
1307 -7085.538095424312
1308 -668.9660299282754
1309 -7086.212901552399
1310 -7079.013966486558
1311 -253.6332621355553
1312 -7147.596511237686
1313 -7159.235796429876
1314 -956.20100578638
1315 -2022.5904317402965
1316 13.362569836433437
1317 -7766.34436499034
1318 -6723.605405401528
1319 -3583.241430980875
1320 -7142.207217787123
1321 -7073.692393311734
1322 -895.072621419548
1323 -1949.969003640746
1324 -7076.701605557767
1325 -7150.806855759593
1326 -6249.119509975962
1327 55.32144505294099
1328 -7583.140233460293
1329 -7758.812036721891
1330 -7070.589388515889
1331 -225.36080641076126
1332 -7066.585566981858
1333 -7752.094486887635
1334 -7758.784658777543
1335 -4197.569209708398
1336 -7687.019883682091
1337 -7092.827249143623
1338 -7159.791780568832
1339 27.81132266289952
1340 -7716.301582268045
1341 -7084.360775427705
1342 -7084.547966597898
1343 -7060.748390435286
1344 35.256634391370376
1345 -7154.20839230194
1346 -7138.289313160804
1347 -7721.030619786907
1348 -5263.751030723472
1349 -7052.048193049977
1350 -7746.1811452990205
1351 -7654.327008990434
1352 -7084.547966597898
1353 -7854.906935515967
1354 -7083.864692767355
1355 -7722.062438086793
1356 -7755.28863809662
1357 -7164.962585739143
1358 -7092.783400295551
1359 -7609.264463513489
1360 -7138.289313160804
1361 -7382.5581102293445
1362 -7142.207217787123
1363 -7154.3885089220585
1364 -7758.784658777543
1365 -7171.07464079667
1366 -7667.452524846879
1367 -7144.255575515871
1368 -7076.701605557767
1369 -7164.719737628695
1370 -7086.212901552399
1371 -7159.235796429876
1372 -7766.34436499034
1373 -7087.925509909322
1374 -7150.806855759593
1375 -7807.2733808462945
1376 -7752.094486887635
1377 -7146.8365370599295
1378 -7586.377467739106
1379 -7154.20839230194
1380 -7733.473339401171
1381 5169.474820830909
1382 -7073.538656190878
1383 -7570.741081447638
1384 -1455.6154761396556
1385 44.19731807447323
1386 -7148.283748806169
1387 -7084.144787917842
1388 -7047.838082401494
1389 106.40375888348457
1390 -7757.4831640247585
1391 -7134.809368176285
1392 -7874.617507295405
1393 -1126.5148049226236
1394 -7141.674793942751
1395 -7054.578634060988
1396 -866.54779679002
1397 11.8883356600716
1398 -7815.757580462233
1399 -1943.5996343968918
1400 -2279.2786507620267
1401 5089.133040446093
1402 -6920.568053984117
1403 -6453.157397587351
1404 -6869.176867787483
1405 -7139.978326482099
1406 -64.67332972655198
1407 -7164.66332947512
1408 -7091.786926675641
1409 4.3716476087641265
1410 -7696.335671649773
1411 -2039.121512760349
1412 -7879.969544617761
1413 -7490.888981668283
1414 76.72193083099539
1415 -7610.525422051027
1416 -7611.856587590137
1417 6.49627187266181
1418 -2048.6460313564758
1419 -7121.335386894763
1420 -7152.862800374641
1421 -3910.062042270408
1422 56.20497855835624
1423 -7578.202946855625
1424 -7471.652505227873
1425 -82.26684138249107
1426 -2004.031414714299
1427 -7100.435350541183
1428 -953.717174456294
1429 -7119.949681394191
1430 5102.605262699068
1431 -7019.83893296416
1432 -6127.550672033845
1433 -6239.012237274241
1434 -2694.0753447794755
1435 -7487.717512214823
1436 -7773.39873758389
1437 49.116020352660456
1438 -7431.160129594824
1439 -7173.126924031197
1440 -7089.874239115259
1441 -7790.733403347982
1442 -2868.4151983338547
1443 -7085.152952618449
1444 -6882.822916895984
1445 -7141.164786187466
1446 -1607.5244529329143
1447 -7137.803857853986
1448 -7078.839913738461
1449 -6938.495817611115
1450 5131.518806529637
1451 -7063.903464236538
1452 -867.5963340826262
1453 -7850.948775639967
1454 53.07678115811373
1455 -7839.49413498156
1456 -5412.944448575607
1457 5114.1319836992925
1458 -7141.079311279053
1459 -7073.511031562691
1460 -1526.870970899344
1461 -5981.548844865822
1462 54.85152669422085
1463 -6827.683392781393
1464 -2133.9181162148693
1465 -4236.363409916354
1466 51.5857874031583
1467 -7759.3570249959885
1468 -6754.046656836674
1469 25.771983204577655
1470 -2046.327289524991
1471 -7088.543057651372
1472 -7090.138236534462
1473 -7152.416612402797
1474 -4983.0324076478655
1475 -7149.283902155657
1476 -7148.211312063817
1477 1339.4237538729158
1478 -7153.583090874405
1479 -7801.445472985984
1480 -7065.354701075536
1481 -7769.959382838158
1482 153.9560313970339
1483 -4674.748518562598
1484 -4137.5870205053225
1485 -4151.461224511683
1486 -7759.618396976892
1487 -7137.835386469175
1488 -936.5195246287973
1489 -7654.277598388828
1490 -3801.9088165191533
1491 -1991.3890438365079
1492 -6762.832927746152
1493 -152.36241997809728
1494 -7084.66642402404
1495 -7163.159970097961
1496 -4312.024074951074
1497 -7866.800108059942
1498 27.708556862450074
1499 -7855.062277562418
1500 -1671.0652527427815
1501 -7654.327008990434
1502 -7152.862800374641
1503 -7854.906935515967
1504 -7773.39873758389
1505 -7722.062438086793
1506 -7755.28863809662
1507 -7164.962585739143
1508 -7874.617507295405
1509 -7610.525422051027
1510 -7141.674793942751
1511 -7611.856587590137
1512 -7142.207217787123
1513 -7154.3885089220585
1514 -7758.784658777543
1515 -7173.126924031197
1516 -7790.733403347982
1517 -7144.255575515871
1518 -7076.701605557767
1519 -7879.969544617761
1520 -7086.212901552399
1521 -7159.235796429876
1522 -7766.34436499034
1523 -7088.543057651372
1524 -7152.416612402797
1525 -7807.2733808462945
1526 -7769.959382838158
1527 -7146.8365370599295
1528 -7757.4831640247585
1529 -7163.159970097961
1530 -7866.800108059942
1531 -833.3478758219013
1532 -7147.921304124552
1533 -7626.439799385246
1534 -7655.622691632696
1535 -2618.74763765935
1536 -7152.6158999424615
1537 -7124.163872952296
1538 -954.8738490432214
1539 -6524.064076710158
1540 -24.9240951218597
1541 -2048.0329498545025
1542 -7878.796439510111
1543 -7798.873925693997
1544 -2371.028026275113
1545 -7679.829507520306
1546 -7474.301987235403
1547 -7627.827406171656
1548 48.01784896559039
1549 -6983.389873277253
1550 -4102.171840055128
1551 57.95896205229213
1552 -7664.255362217968
1553 -7736.173082684348
1554 -1562.939989536117
1555 -7081.525692537123
1556 104.57100553727105
1557 -7164.962585739143
1558 -7097.130223629051
1559 -2176.247090302413
1560 -7149.97366881502
1561 -7157.569301143551
1562 -6977.140568032707
1563 -7439.069245981566
1564 22.485359346145195
1565 -7397.963878963707
1566 -6706.664028351813
1567 -7445.547435858573
1568 1230.329460736863
1569 -7224.315852512476
1570 -7136.923282793869
1571 -2327.752286716987
1572 -7712.820561934413
1573 -7603.830861831294
1574 -6706.2081377284485
1575 -5925.754363875518
1576 -7576.19921691752
1577 -7142.172125920288
1578 -6268.40147594072
1579 21.713756313118232
1580 -2140.5380839602713
1581 -6973.095010863694
1582 -7153.546107757894
1583 27.425402471485402
1584 -7588.527720864935
1585 -7728.052940505128
1586 -7758.722831210292
1587 148.7033949453869
1588 -7060.639983284808
1589 -7075.988317309545
1590 -955.9444052735438
1591 21.33298919914223
1592 -7772.807009309348
1593 -7681.943216444924
1594 -7140.577695580174
1595 30.7374818781366
1596 -7169.277884227113
1597 -7131.296171262123
1598 -7076.205601680971
1599 145.196109733203
1600 -7129.86406578637
1601 -7777.730925674341
1602 -7759.8326486906735
1603 -458.32757695406684
1604 -7654.082509643774
1605 -7548.612280954938
1606 -7814.347604268884
1607 -7102.975297567302
1608 -386.6489767799149
1609 -7094.568071426763
1610 -7073.803028228904
1611 -4651.556548893237
1612 9.235682786478161
1613 -7169.663373211655
1614 -7155.209296798041
1615 -7779.765482718324
1616 31.777587798649453
1617 -7642.756881316338
1618 -1578.1907782186893
1619 -7773.343549377529
1620 -7710.931877374147
1621 -7771.943414907837
1622 -7268.640476115689
1623 -68.69574239869536
1624 -2646.26902919656
1625 -7136.795680358328
1626 -7150.149223279351
1627 -758.5820418439112
1628 -7147.929393111737
1629 -7807.2733808462945
1630 -7062.444532179399
1631 -40.67507943662785
1632 -7132.849617217548
1633 -7309.661943746017
1634 -7050.556504198391
1635 -7132.163867255336
1636 17.10510288982237
1637 -7146.177331218082
1638 -7079.69476733508
1639 -7831.735202700537
1640 50.92915491794764
1641 -7670.230707868151
1642 -7141.876802767656
1643 -7114.4443573555545
1644 137.12330524332077
1645 -7083.625266208386
1646 -938.4786862233237
1647 -7871.870632881886
1648 -906.6521152424633
1649 -7841.237023236809
1650 -7112.684553739263
1651 -7814.347604268884
1652 -7152.862800374641
1653 -7854.906935515967
1654 -7798.873925693997
1655 -7722.062438086793
1656 -7755.28863809662
1657 -7164.962585739143
1658 -7878.796439510111
1659 -7610.525422051027
1660 -7576.19921691752
1661 -7654.082509643774
1662 -7142.207217787123
1663 -7268.640476115689
1664 -7758.784658777543
1665 -7173.126924031197
1666 -7790.733403347982
1667 -7144.255575515871
1668 -7777.730925674341
1669 -7879.969544617761
1670 -7102.975297567302
1671 -7169.663373211655
1672 -7779.765482718324
1673 -7773.343549377529
1674 -7152.6158999424615
1675 -7807.2733808462945
1676 -7769.959382838158
1677 -7146.8365370599295
1678 -7831.735202700537
1679 -7163.159970097961
1680 -7871.870632881886
1681 5158.047050600374
1682 -7152.484628773343
1683 -7830.400130983973
1684 -7822.313198589267
1685 -7154.495724460315
1686 -3810.197593278668
1687 -7154.495724460315
1688 -958.1541954357735
1689 -7868.753136461418
1690 56.090992749821076
1691 -7887.423667143973
1692 -7521.488347534702
1693 -445.5239029029593
1694 -7154.627297670051
1695 -7801.67220490004
1696 -7091.095194799156
1697 11.83449844345165
1698 -7788.907218817877
1699 -7726.125155093367
1700 -7717.566209767055
1701 17.043743449739885
1702 -7855.222870168725
1703 -7794.358924557957
1704 -7792.296367193628
1705 -1827.0023535579312
1706 -7526.925006058112
1707 -7164.137322214577
1708 -974.1106781724562
1709 -7861.150258272729
1710 61.408766958588856
1711 -7154.3107147667915
1712 -6960.092198051122
1713 -7721.170375905049
1714 95.56130618758907
1715 -7805.3968746787805
1716 -7082.663522622367
1717 -7761.799887661307
1718 4.302599213010444
1719 -7643.871769573836
1720 -7760.622679440954
1721 -7460.434333641492
1722 5.5095437916645364
1723 -7731.714182299163
1724 -6841.580736577067
1725 -7146.789719414253
1726 -149.49060447589443
1727 -7151.4634484268845
1728 -7077.539738077336
1729 -7538.055277178942
1730 59.744353760692874
1731 -7328.407523380538
1732 -1292.433816014909
1733 -7794.071638568098
1734 98.68288574928368
1735 -7765.247597613958
1736 -5624.370853509668
1737 -7813.33798613972
1738 192.25280477696043
1739 -7809.067287698967
1740 -6917.007000351126
1741 176.88129125212973
1742 -7892.323319470652
1743 -7784.059245684955
1744 -1604.5819920675413
1745 40.68094680682511
1746 -2980.542942288368
1747 -7114.800939599046
1748 -7148.222265249804
1749 -2753.538725049285
1750 193.76116207450013
1751 -7778.844247274396
1752 -7757.0782927364835
1753 43.49886192810433
1754 -7707.291257034326
1755 -7887.437140816124
1756 -7821.140353878469
1757 -7748.482923509981
1758 4.220229281932697
1759 -7727.399300639953
1760 -7725.147430845753
1761 76.34799858035373
1762 -7657.251705031865
1763 -7139.500822911646
1764 -935.2921701151641
1765 -7780.499917898383
1766 25.205098720469174
1767 -7265.814841415752
1768 -7548.31238423356
1769 -7887.618239975325
1770 13.965611337100357
1771 -7889.3974307964
1772 -7142.817986851584
1773 -7082.8359175699425
1774 119.2913907365858
1775 -7009.662505463324
1776 -7152.839461498845
1777 32.24833684245988
1778 -7832.422098956816
1779 -7081.350382877482
1780 -7818.76082871645
1781 -7788.845783508185
1782 70.39048769578672
1783 -7199.01190255523
1784 -6760.921531672986
1785 72.92339654117669
1786 -6322.95907662886
1787 -7139.328497688528
1788 -954.3321301753562
1789 -7870.015828028982
1790 37.89267008114526
1791 -7575.08737491005
1792 -6977.395091238525
1793 -79.26401461931337
1794 -6735.1948475898935
1795 -7093.394710810136
1796 -974.3503838562519
1797 -17.077390284020325
1798 -7889.627654679742
1799 -7887.12542276015
1800 -7879.6687746039215
1801 -7830.400130983973
1802 -7154.495724460315
1803 -7887.423667143973
1804 -7801.67220490004
1805 -7832.422098956816
1806 -7818.76082871645
1807 -7821.140353878469
1808 -7878.796439510111
1809 -7822.313198589267
1810 -7761.799887661307
1811 -7731.714182299163
1812 -7151.4634484268845
1813 -7538.055277178942
1814 -7794.071638568098
1815 -7813.33798613972
1816 -7790.733403347982
1817 -7152.484628773343
1818 -7778.844247274396
1819 -7887.437140816124
1820 -7748.482923509981
1821 -7169.663373211655
1822 -7780.499917898383
1823 -7889.627654679742
1824 -7152.6158999424615
1825 -7807.2733808462945
1826 -7788.907218817877
1827 -7146.8365370599295
1828 -7870.015828028982
1829 -7879.6687746039215
1830 -7892.323319470652
1831 72.88990680198086
1832 -7061.710638442877
1833 -7828.571070608063
1834 -7095.55564869152
1835 -7158.35906521349
1836 5124.998249253299
1837 -7026.444748482256
1838 -7095.931540984591
1839 48.29302772057852
1840 -7839.100219160841
1841 -7887.6441429981005
1842 -7818.745271478016
1843 -7796.17961836204
1844 74.26283624075133
1845 -7774.774764876063
1846 -7631.595480747077
1847 179.4266749820991
1848 -7779.044735832189
1849 -7873.193618084307
1850 -7800.964111401269
1851 34.18323100917934
1852 -7861.202513645945
1853 -7811.227273807925
1854 -7815.438496916415
1855 3.357146195943562
1856 -7774.544788383421
1857 -7853.39547594293
1858 -7878.446214321473
1859 37.37618173333918
1860 -7892.196234517049
1861 -7126.194701339879
1862 -7879.000581865134
1863 -5954.078000611797
1864 -31.492041387990582
1865 -7807.401962155524
1866 -7080.657518214631
1867 -7377.649608710052
1868 22.410938856520385
1869 -7822.424426912772
1870 -7083.975490411306
1871 -7886.025806224158
1872 24.233002116421886
1873 -7849.726287805977
1874 -7142.318251455292
1875 -7136.239189271593
1876 51.381531548811196
1877 -7137.353075464142
1878 -7153.189445137766
1879 -7612.682122525335
1880 -363.3894906100247
1881 -7626.05107315813
1882 -6937.271411751997
1883 -341.8677637492424
1884 -7892.542207258018
1885 -7796.923240141358
1886 -7054.602153399471
1887 -1967.29239776132
1888 11.105893090422411
1889 -7800.667889694161
1890 -7798.717792183444
1891 9.135176339740095
1892 -7888.264242304738
1893 -7709.766589137015
1894 -7641.268870976361
1895 -6284.126736383402
1896 -7695.567483322446
1897 -7154.35876356979
1898 -7066.388372755588
1899 -1291.1501245290845
1900 -7601.267617143291
1901 -7787.356661620922
1902 -7786.405738179485
1903 -7566.2151096672205
1904 40.27591594306644
1905 -7157.6763934751425
1906 -1689.650565859702
1907 -7745.719173326436
1908 -6097.486208861942
1909 -7695.575554325196
1910 -1735.0209033877245
1911 36.41778112567889
1912 -7684.1390670553665
1913 -7098.544844879319
1914 -7165.168896748945
1915 -38.18878352077805
1916 -7794.62887471231
1917 -7779.588349874033
1918 -7728.257441888693
1919 -7891.514661271736
1920 6.039890239903891
1921 -7836.602088239546
1922 -7804.627787577891
1923 39.4177177715574
1924 -7890.916937314438
1925 -7630.250871570501
1926 -6991.074844287099
1927 9.545176797997566
1928 -7891.338326607457
1929 -7806.57436124912
1930 -7744.060479643709
1931 -7793.142391697025
1932 -5155.227877590011
1933 -1972.746525862497
1934 -7766.376754117093
1935 9.830189836968199
1936 -2008.4309929537849
1937 -7149.1599220846965
1938 -7162.637356846575
1939 -7867.082085848906
1940 22.9419819013492
1941 -7871.1634389330275
1942 -7848.666312660422
1943 -7882.083845055583
1944 -365.13719805969384
1945 -7891.685072114125
1946 -6964.745060787801
1947 108.7745414712932
1948 -7798.459271407048
1949 -7893.115423494755
1950 -6982.992736870885
1951 -7830.400130983973
1952 -7158.35906521349
1953 -7887.6441429981005
1954 -7879.000581865134
1955 -7873.193618084307
1956 -7818.76082871645
1957 -7892.196234517049
1958 -7888.264242304738
1959 -7822.313198589267
1960 -7892.542207258018
1961 -7886.025806224158
1962 -7151.4634484268845
1963 -7626.05107315813
1964 -7796.923240141358
1965 -7813.33798613972
1966 -7790.733403347982
1967 -7154.35876356979
1968 -7787.356661620922
1969 -7891.338326607457
1970 -7748.482923509981
1971 -7169.663373211655
1972 -7890.916937314438
1973 -7891.514661271736
1974 -7641.268870976361
1975 -7807.2733808462945
1976 -7798.459271407048
1977 -7149.1599220846965
1978 -7871.1634389330275
1979 -7891.685072114125
1980 -7893.115423494755
1981 -25.160482590411934
1982 -7814.381452337693
1983 -7831.036414311366
1984 -7000.471059502624
1985 34.262492044527654
1986 -2073.837352913556
1987 -7038.151882672139
1988 -7156.386818746213
1989 -7888.872668688021
1990 -414.01460338515955
1991 -7119.7845506527765
1992 -7884.602590700647
1993 -3944.744048032526
1994 -152.19857223208277
1995 -7059.262091646665
1996 -6909.140251366132
1997 -2075.9886731997185
1998 35.34439971833757
1999 -7863.036896037503
2000 -7803.142316514631
2001 -7824.058888826753
2002 -22.30458834238875
2003 -7823.555285335686
2004 -7820.537709323576
2005 11.853138856758193
2006 -7792.950664928359
2007 -7089.317812796758
2008 -7146.063697941714
2009 -7893.22630017446
2010 17.272600336844935
2011 -7892.208223796877
2012 -1692.921900692882
2013 160.3082615643109
2014 -7820.3719870439545
2015 -7794.025653979694
2016 -5768.208586554499
2017 -7890.504997611515
2018 33.48875075323099
2019 -7892.5075776694575
2020 -5063.570318149794
2021 -685.2891344236709
2022 -7155.448081844539
2023 -7706.878061053589
2024 -6979.188124447418
2025 8.295383764262482
2026 -2024.2932918583701
2027 -7096.295753938617
2028 -6650.066878783491
2029 -7729.059898163121
2030 67.07262286552387
2031 -7730.094845706323
2032 -7726.319311703572
2033 -7594.702088741264
2034 59.9377953328034
2035 -7778.256182777557
2036 -7810.338339657255
2037 -7820.955994586935
2038 -1016.5676373085325
2039 -7794.473641956103
2040 -7799.810889579481
2041 -5738.530391903179
2042 4.1641606594089495
2043 -7788.02181703841
2044 -7726.797473570721
2045 -7159.614117945047
2046 -100.61620379759252
2047 -7114.8992033649465
2048 -979.6495462110852
2049 -559.1871189111763
2050 -7894.090469708358
2051 -7785.569796295735
2052 -1604.8657167465703
2053 -2553.711545128401
2054 -7813.799322733014
2055 -7891.510220880846
2056 -1708.8098637300136
2057 -4805.540082561213
2058 -7886.296148620534
2059 -7660.49884027394
2060 -7749.318612369337
2061 -7200.047387204306
2062 -3800.5992686469276
2063 -7180.854196652799
2064 -7198.992747719643
2065 121.6772769292516
2066 -7809.333203200661
2067 -7893.519536832226
2068 -7889.5154466838485
2069 18.488128906711395
2070 -7714.258399398274
2071 -7883.480233276853
2072 -1703.195034831063
2073 -7855.990930902022
2074 38.02426647093165
2075 -7854.335679398661
2076 -1665.7411758138712
2077 63.418265672198814
2078 -7691.965082299754
2079 -7811.792825507232
2080 -6912.196452981698
2081 30.26180445195524
2082 -7894.603403917862
2083 -7858.173087131204
2084 -7122.844411663312
2085 -7144.649042308065
2086 -427.83821883560165
2087 -7151.81930507258
2088 -960.7293212777539
2089 -7887.8617843140855
2090 41.81265387208759
2091 -7885.735734663678
2092 -7150.688795301777
2093 35.883932401769464
2094 -7877.8135799637985
2095 -7883.496922902743
2096 -7823.9069292567765
2097 -1335.3211231902612
2098 -7892.615660395407
2099 -7881.953103648844
2100 -7893.589195572463
2101 -7889.5154466838485
2102 -7198.992747719643
2103 -7894.603403917862
2104 -7879.000581865134
2105 -7873.193618084307
2106 -7824.058888826753
2107 -7892.196234517049
2108 -7894.090469708358
2109 -7822.313198589267
2110 -7892.615660395407
2111 -7886.025806224158
2112 -7893.589195572463
2113 -7730.094845706323
2114 -7796.923240141358
2115 -7820.955994586935
2116 -7790.733403347982
2117 -7749.318612369337
2118 -7792.950664928359
2119 -7891.510220880846
2120 -7748.482923509981
2121 -7200.047387204306
2122 -7893.519536832226
2123 -7891.514661271736
2124 -7877.8135799637985
2125 -7814.381452337693
2126 -7858.173087131204
2127 -7151.81930507258
2128 -7887.8617843140855
2129 -7891.685072114125
2130 -7893.115423494755
2131 29.816407250105357
2132 -7892.784189391565
2133 -7583.559144915586
2134 -6906.409524092646
2135 -1.3291578845715701
2136 -7738.368336778828
2137 -7192.618791990317
2138 -7132.6603051249
2139 48.54331024273701
2140 -7710.987495981695
2141 -7890.100012752236
2142 -6982.035719925906
2143 177.83411998182154
2144 -7820.215254964276
2145 -7699.868298373968
2146 -7160.128169013821
2147 3.159950368617607
2148 -7878.381917709494
2149 -7872.917745408346
2150 -7131.299425317871
2151 23.89813731292627
2152 -7895.178035607791
2153 -7820.68045257657
2154 -1622.4740047373311
2155 -7893.858718120173
2156 35.97773556432844
2157 -7894.463914970126
2158 -7816.173912725221
2159 -7895.662525426734
2160 -86.71399840023611
2161 -7895.738216776177
2162 -7888.62724674947
2163 52.007402821235715
2164 -7893.8084426464175
2165 -7828.501148208063
2166 -7079.795847882347
2167 -322.9262887884488
2168 -7825.807107129482
2169 -7891.565654135136
2170 -1693.9833693061794
2171 -7537.335469952341
2172 37.55081766449301
2173 -7338.963363814697
2174 -7886.059171485553
2175 -3644.0484161686036
2176 -7741.263045447501
2177 -7892.343926447059
2178 -1696.615949178357
2179 1.2679541411960302
2180 -7723.828900458293
2181 -7674.158435861948
2182 -7662.000301008453
2183 34.2591775681327
2184 -7679.56455706318
2185 -7798.789315143092
2186 -7806.167833525566
2187 -7819.621183313588
2188 -4607.377628047769
2189 -7824.128852562528
2190 -7065.079657233261
2191 -90.09233318024442
2192 -7892.121813478336
2193 -7794.682222080566
2194 -7799.304524792472
2195 -7701.044993319737
2196 37.52435094495701
2197 -7795.96721415135
2198 -7091.777419215138
2199 -1210.5868012979995
2200 -7891.5005643665245
2201 -7793.312311074819
2202 -1601.895576525565
2203 0.33301019566079415
2204 -7895.421739749356
2205 -7885.20608501873
2206 -7887.062186763778
2207 -3282.458371452009
2208 -7233.191079423365
2209 -7746.884639333339
2210 -6848.962431192198
2211 -5723.129879365789
2212 -7878.618039550001
2213 -7107.039355228646
2214 -7100.266652902719
2215 -7888.256999729789
2216 35.0620830026096
2217 -7758.652482260877
2218 -7889.341490034335
2219 -1592.8281972846146
2220 -7826.0771454245
2221 -2072.7401578473255
2222 -5744.1317637159145
2223 -7878.177319528528
2224 12.003746371101617
2225 -7873.569845722734
2226 -7809.9517571804545
2227 -7814.609070310396
2228 55.56672654060761
2229 -7826.162410932231
2230 -7414.798757636174
2231 -7876.935228968546
2232 34.77012548183924
2233 -7876.935228968546
2234 -7817.8531406888005
2235 -7094.4221592922495
2236 122.63952683128747
2237 -7029.022601258539
2238 -7084.533001334194
2239 -7890.4718909295425
2240 34.66887418941357
2241 -7890.4087883402135
2242 -1698.635233977438
2243 -7831.93076997217
2244 -200.11407319060132
2245 -7893.681461125259
2246 -7747.145345803175
2247 -7893.058005103471
2248 12.88756145399083
2249 -7895.730806119455
2250 -7153.688838764833
2251 -7891.5005643665245
2252 -7233.191079423365
2253 -7894.603403917862
2254 -7879.000581865134
2255 -7873.193618084307
2256 -7824.058888826753
2257 -7894.463914970126
2258 -7895.738216776177
2259 -7886.059171485553
2260 -7892.615660395407
2261 -7887.062186763778
2262 -7893.589195572463
2263 -7730.094845706323
2264 -7798.789315143092
2265 -7824.128852562528
2266 -7794.682222080566
2267 -7817.8531406888005
2268 -7793.312311074819
2269 -7893.8084426464175
2270 -7748.482923509981
2271 -7200.047387204306
2272 -7893.519536832226
2273 -7891.514661271736
2274 -7878.177319528528
2275 -7826.162410932231
2276 -7876.935228968546
2277 -7151.81930507258
2278 -7890.4718909295425
2279 -7893.681461125259
2280 -7895.730806119455
2281 -7894.8813952054315
2282 41.16141155432945
2283 -7874.127384802455
2284 -6980.881985513547
2285 -4272.75971302892
2286 -7827.8072081010105
2287 -7234.501828494842
2288 -7154.201982587927
2289 34.489772168714566
2290 -7895.924715010194
2291 -7886.010039187206
2292 -7382.433003961595
2293 -7878.573559941183
2294 -1380.2271691551803
2295 -7887.007933680719
2296 -7818.927783086326
2297 18.658898953169576
2298 -7888.558103575386
2299 -7878.36467002887
2300 -7812.310560832651
2301 33.002440939720394
2302 -7894.990544479145
2303 -7822.611907984397
2304 -7810.19201943718
2305 -7895.571165821782
2306 21.119027692007094
2307 -7894.367058363703
2308 -6986.0992533224435
2309 -7894.928144341804
2310 3.579103269365225
2311 -7892.055723989769
2312 -7156.649739983827
2313 -50.207181680341876
2314 -7893.924565487727
2315 -7886.111377763414
2316 -7817.998415257384
2317 -4037.6751936896435
2318 -7880.031026710698
2319 -7893.048409800606
2320 -7138.059896266088
2321 36.043265507925824
2322 -7895.764196067783
2323 -7886.690338878003
2324 -7880.374871791579
2325 25.02572234832278
2326 -7863.379116561157
2327 -7720.424427811113
2328 -7718.155198636697
2329 -7846.367640113762
2330 11.527187992168693
2331 -7845.862255146312
2332 -7113.666579102718
2333 -2578.1205481931497
2334 -7882.22118329906
2335 -7821.4605021029265
2336 -7086.907049733821
2337 40.30633626550697
2338 -7878.49241509001
2339 -7824.795231559347
2340 -7815.180961466933
2341 44.487802845743154
2342 -7894.732589146046
2343 -7890.343702614553
2344 -6977.426376556689
2345 38.78004571632195
2346 -7895.647767951015
2347 -7672.523691888041
2348 -7863.7716191910185
2349 -7695.2420908057875
2350 3.977655958058382
2351 -7788.979444854017
2352 -1583.2552449796476
2353 -7894.48429745385
2354 8.407053923263478
2355 -7730.706220331948
2356 -7888.319558852974
2357 -7699.638130593202
2358 34.24455740009616
2359 -7715.605470719831
2360 -7774.850985484071
2361 -7233.536903638909
2362 -3377.562096207248
2363 -7233.665245217193
2364 -7143.893070646793
2365 -7895.154708703467
2366 36.05700782538374
2367 -7891.097997936617
2368 -7828.021359140493
2369 17.49136449408969
2370 -7713.91409515899
2371 -7859.884131414323
2372 -1656.0158380609464
2373 24.053092156681952
2374 -7699.922791913868
2375 -7841.369447782034
2376 -7140.785538614685
2377 -7894.123782913757
2378 36.327741080133784
2379 -7888.1982836583475
2380 -7163.576608391439
2381 18.021719573713575
2382 -7892.229486630364
2383 -7854.688067584263
2384 -7811.055558165467
2385 -7099.743349544179
2386 94.60184778603073
2387 -7163.3191733933545
2388 -6190.498532237926
2389 -1787.253680981572
2390 -7163.466955381435
2391 -7885.960530952086
2392 -7821.529510640004
2393 -104.92827673373345
2394 -7895.719637138227
2395 -7893.896789959164
2396 -7814.903413062412
2397 -7895.941148733284
2398 -2985.683929672069
2399 -7896.051772722554
2400 -6536.191742510841
2401 -7894.8813952054315
2402 -7882.22118329906
2403 -7894.603403917862
2404 -7888.319558852974
2405 -7880.031026710698
2406 -7824.058888826753
2407 -7895.719637138227
2408 -7895.738216776177
2409 -7886.111377763414
2410 -7893.048409800606
2411 -7887.062186763778
2412 -7893.589195572463
2413 -7846.367640113762
2414 -7821.4605021029265
2415 -7824.795231559347
2416 -7890.343702614553
2417 -7817.8531406888005
2418 -7793.312311074819
2419 -7894.48429745385
2420 -7748.482923509981
2421 -7233.665245217193
2422 -7895.647767951015
2423 -7891.514661271736
2424 -7892.229486630364
2425 -7894.990544479145
2426 -7876.935228968546
2427 -7821.529510640004
2428 -7890.4718909295425
2429 -7893.924565487727
2430 -7896.051772722554
evaluations raw_y
1 39.8892840716978
2 30.396124671621454
3 200.55758896712874
4 63.30382217749048
5 -323.055959712899
6 -1743.7883546343874
7 652.654209194149
8 86.38030920964212
9 -5614.582200594011
10 139.9511917074132
11 38.65187048534057
12 31.648005083869457
13 20.81845793816437
14 342.0523433931493
15 -1524.746573037866
16 197.5447465252979
17 -990.0259869756107
18 -182.8004069538278
19 158.0962072082153
20 146.4148959481408
21 -1400.6480405039265
22 4138.042970009907
23 -574.8426875764136
24 -741.7336439002854
25 -135.40801846598936
26 -20.291078439487478
27 231.71551204393515
28 182.3275036882402
29 71.02636171992306
30 41.127636566135195
31 -6153.601834288291
32 -5721.372272265099
33 74.83002439034155
34 -6188.568994137171
35 49.598357192005714
36 -6251.831648070608
37 78.46341781165879
38 33.73955700823033
39 77.20900902887038
40 -6075.736350600325
41 39.68757505373094
42 20.415886292350145
43 76.47517696158074
44 28.886588794107112
45 34.878287038141835
46 95.11624834345257
47 -6028.138905106075
48 48.950986172153236
49 -6179.301257997793
50 -6095.936732093311
51 -1430.645873721836
52 -2725.684384778645
53 467.1317799547306
54 -1751.605239234315
55 -6091.3542223134145
56 -148.59027581679413
57 -5952.02062723395
58 -6099.123199190572
59 75.65990421136276
60 -5597.786355052824
61 80.33459842693892
62 88.3407653115935
63 -6027.426056266959
64 98.64711029055266
65 -5941.67785087871
66 -6663.559149263792
67 152.25235645503682
68 -1079.2208037447367
69 143.50870127688577
70 128.01072832823965
71 27.996630471414107
72 -6156.990886960722
73 20.529803872862907
74 19.44209929624555
75 7.703603599757676
76 -5829.641627473456
77 25.4065930740279
78 23.623022176293915
79 -6145.5341218506155
80 646.5335103717518
81 89.76221505236082
82 -6980.29692368727
83 328.41425321541857
84 79.86176865845437
85 229.89741255304114
86 9.226437367216876
87 -6126.989251201077
88 30.87524321521412
89 -5711.844705039707
90 -6120.834699471867
91 66.51210626666125
92 -6158.019173744879
93 62.41506718450498
94 44.04949891553204
95 -1200.768429359195
96 20.303795596042672
97 -1220.807271557911
98 -1164.360779150937
99 -3115.976819157077
100 46.21548068999138
101 -6161.45587796435
102 46.18994356278134
103 100.01552947679686
104 -6173.983764175966
105 77.3734779042072
106 99.83907226280745
107 -5792.054875588302
108 -10.486462904336298
109 -4879.00799261558
110 -6142.009920908
111 7.0575626342035935
112 -6122.674413815253
113 120.46314213685534
114 -1398.4357961065748
115 -6169.508832656009
116 46.090688338181764
117 -5784.48875268748
118 -6170.97253665708
119 46.03224515557031
120 -6210.209548969139
121 -770.3590250604705
122 -787.9369364945628
123 -5200.145889355281
124 74.01374925853062
125 520.5064518401772
126 609.211097023187
127 -5765.375612541604
128 4.653039599480186
129 -5774.267217848924
130 -257.33844077709506
131 38.65956812457541
132 -5574.352954118785
133 5077.791823940408
134 -6719.439815680589
135 -5873.496098171149
136 26.781754868264002
137 2388.810841945151
138 -6098.491640352047
139 -5806.206237215944
140 54.97937554529093
141 -6208.86086632792
142 -6228.701730314489
143 -6177.122601242816
144 249.11255485836068
145 -6036.724873294913
146 -6161.9942075414765
147 253.3242879232782
148 86.39799527274016
149 12.641282458664362
150 -14.412744645621451
151 -6980.29692368727
152 30.396124671621454
153 39.68757505373094
154 -6173.983764175966
155 -6179.301257997793
156 -1743.7883546343874
157 -6095.936732093311
158 75.65990421136276
159 -6027.426056266959
160 -1398.4357961065748
161 -14.412744645621451
162 4.653039599480186
163 -6145.5341218506155
164 229.89741255304114
165 -6126.989251201077
166 62.41506718450498
167 -6228.701730314489
168 -6161.45587796435
169 77.3734779042072
170 -6099.123199190572
171 -1400.6480405039265
172 -6169.508832656009
173 -6098.491640352047
174 -5597.786355052824
175 -5774.267217848924
176 -6663.559149263792
177 -6719.439815680589
178 -6210.209548969139
179 -6177.122601242816
180 12.641282458664362
181 -1419.7927551927578
182 23.034842547444313
183 -7045.900067261046
184 -7050.702644656218
185 273.6935013289825
186 -6795.322220218715
187 4797.418721278621
188 108.06779370544226
189 41.58025491201184
190 -6121.5313818149325
191 3381.480660586703
192 36.85048438796426
193 4756.108827874053
194 -6044.573907883597
195 -3539.4437115749047
196 -6176.014330036036
197 -6174.954613208759
198 4772.640194065032
199 -6086.117253087338
200 -6222.82049993124
201 -6177.532878248618
202 15.690109525819672
203 -6184.906297854633
204 -6165.684098107533
205 104.11417329787376
206 -2238.636678275002
207 -6092.020777602564
208 -6119.401895015499
209 -238.69328466371007
210 4619.224625558549
211 -237.34695730327388
212 -221.7517100787555
213 -6086.772017969051
214 -1687.4321849879157
215 -6072.135604704118
216 -6148.831670212298
217 4852.281605792274
218 -6105.858455736927
219 4761.996411959214
220 -664.6310795996721
221 -251.67821413938898
222 -6124.597618006011
223 6.407767053176747
224 -241.5296470846045
225 -1409.1537688321484
226 104.40066208300766
227 -7061.973567976804
228 -922.8032995243996
229 -6168.620619782163
230 4783.361456640967
231 -6166.2412336647385
232 -6168.054137024739
233 310.2006961666284
234 -6169.291659296295
235 192.47268327587423
236 98.76020148980022
237 -6140.317098190487
238 -584.1096725704538
239 -6028.114638260205
240 -6131.153088136282
241 -6700.235916254588
242 -1374.446437334218
243 -6782.516883517131
244 -5373.3429254697985
245 -6168.171338439988
246 -34.00043521723585
247 -3837.8929329120156
248 -6163.506362842931
249 -1422.1500282431462
250 16.964389953878566
251 -1429.224105326896
252 -6159.081839982743
253 -797.6230428226005
254 4556.641080865247
255 -962.3539674577971
256 -3472.066433032191
257 -640.4469606531761
258 -6188.2752040343485
259 -6107.684772010314
260 -6130.121499645832
261 4776.10157683606
262 -6111.723350990896
263 4844.821137131523
264 -1464.3255303469878
265 -6155.998519684255
266 -676.7616935633237
267 -6075.8999560865395
268 -6276.375689445792
269 87.19040286435474
270 -6059.167293707166
271 -1430.6873664857178
272 30.70563918812295
273 -6022.973682119366
274 -12.604554081364917
275 -1406.5539254878963
276 -6422.2761437823065
277 -6176.125024847274
278 4789.39613627279
279 -6188.610718845008
280 -6181.180459172474
281 4760.365532128161
282 -6014.7121260257645
283 -6740.010292607756
284 -6787.819583442586
285 106.68647988698288
286 -4076.601831105345
287 -6345.3861192926015
288 -530.2811790396918
289 -93.69175695052219
290 -6093.450974190393
291 -6075.526903811925
292 -598.3365666262673
293 -3901.617471166041
294 -6138.171128633365
295 -6175.903974660871
296 -6380.215873671263
297 -6025.77730572876
298 6.858651026482585
299 -6176.9269570826145
300 -6111.760874329172
301 -7045.900067261046
302 -6131.153088136282
303 39.68757505373094
304 -6422.2761437823065
305 -6179.301257997793
306 -6184.906297854633
307 -6111.723350990896
308 -922.8032995243996
309 -6086.772017969051
310 -1398.4357961065748
311 -251.67821413938898
312 -7061.973567976804
313 -6168.620619782163
314 192.47268327587423
315 -6140.317098190487
316 -6795.322220218715
317 -6228.701730314489
318 -6161.45587796435
319 -962.3539674577971
320 -6107.684772010314
321 -1400.6480405039265
322 -6169.508832656009
323 -6159.081839982743
324 -6130.121499645832
325 -6188.610718845008
326 -6740.010292607756
327 -6719.439815680589
328 -6787.819583442586
329 -6177.122601242816
330 -6188.2752040343485
331 -7066.8340248743225
332 121.86479747222765
333 -5996.944080538889
334 -877.8536520247046
335 -356.379341069992
336 -6094.281087725297
337 -5710.52725975602
338 -6119.282548715275
339 4837.747615208816
340 -6261.268077344816
341 36.040604372198516
342 55.21142021323017
343 -7064.945120083531
344 -81.68567520056776
345 -7064.945120083531
346 -7070.495119010697
347 -6160.361946243815
348 4757.955931063686
349 -6098.184018802783
350 -6202.054696261946
351 -1410.161495858066
352 23.955995465602815
353 -1945.7988281322448
354 -6175.440999077378
355 -6153.816400957562
356 -165.17747440580717
357 -6138.3011834618455
358 -6156.436262207141
359 -4931.556905564223
360 -750.370060240707
361 -4886.908155632708
362 -4916.707731943998
363 -6125.384779146927
364 -757.6590470486178
365 -6160.495046315978
366 -6185.373765885718
367 -592.6659774271427
368 -6170.877109858603
369 3594.8822948885677
370 -1403.760182781311
371 150.03196133093252
372 -6018.5361353881335
373 4755.961481335779
374 0.5675257916773202
375 -7001.736995709107
376 110.43944648884673
377 -6143.431683076362
378 -7057.634912391902
379 -6195.197099947561
380 174.128113939057
381 -6172.891979973182
382 -6253.867778870549
383 -6041.739967081331
384 85.26288839458661
385 -6143.9730454044
386 -6164.469860978974
387 -74.84299345460941
388 -6346.574393931489
389 -5601.504851126328
390 -6144.426820680622
391 -2430.964290764406
392 -6180.115833329213
393 -6795.322220218715
394 -606.399638252146
395 -6133.668325550582
396 4821.768965352205
397 -6216.777827561874
398 -6163.494953581915
399 -6140.6749091698775
400 -3651.093490449841
401 -6280.699608681103
402 -6280.443718506012
403 -5531.681391829031
404 -2488.6484990053186
405 -6966.03209430627
406 -869.5404520793061
407 -1411.5538569747214
408 -45.27031681633005
409 -1401.8657396644717
410 -6127.855723746519
411 4762.871989173362
412 -6163.267604563076
413 -264.78418477351204
414 -726.2280666876495
415 10.365743208755928
416 -4644.584837446603
417 -6169.508832656009
418 -6153.260122117694
419 21.882943359852067
420 -6999.313644361439
421 -6236.225777922506
422 -6281.426595881983
423 -1412.5585311753266
424 61.17107890897525
425 -6094.983920011925
426 -6046.715167358828
427 -6027.339336571854
428 123.71971708522304
429 -6177.038877505475
430 -7049.521117793311
431 -6257.935842052634
432 3484.0715647206766
433 -5361.991944767333
434 -6674.644137752011
435 -6184.114661440307
436 4803.497418101402
437 -506.5350558372629
438 -6688.422287526708
439 31.64802671574478
440 -1407.342595636676
441 -6418.8163040143445
442 -6650.940720260443
443 -6163.37898766442
444 -3784.05395770525
445 -6094.779150245961
446 -6183.276446220988
447 18.777129424655975
448 -1395.7366164050613
449 -6464.794044683379
450 -6759.030595942347
451 -7066.8340248743225
452 -7070.495119010697
453 -1403.760182781311
454 -7064.945120083531
455 -6179.301257997793
456 -7049.521117793311
457 -6153.816400957562
458 -6127.855723746519
459 -6160.495046315978
460 -6346.574393931489
461 -757.6590470486178
462 -7061.973567976804
463 -6195.197099947561
464 -6180.115833329213
465 -6140.317098190487
466 -6795.322220218715
467 -6228.701730314489
468 -6999.313644361439
469 -7057.634912391902
470 -6107.684772010314
471 -6650.940720260443
472 -6169.508832656009
473 -6280.443718506012
474 -6130.121499645832
475 -6188.610718845008
476 -6759.030595942347
477 -6719.439815680589
478 -6787.819583442586
479 -6177.122601242816
480 -6688.422287526708
481 -12.764778856442323
482 -6015.782387872008
483 -2697.0829306046035
484 -6167.839174102841
485 -1304.66810101371
486 -6079.31315790575
487 -1204.4621959436288
488 -7069.203171802349
489 -15.882136526834195
490 -6666.989717485742
491 -12.520230675847342
492 -1403.8707017839129
493 -6559.594111940235
494 16.28186213438179
495 -6364.653800102159
496 -7069.221259255532
497 -5984.410103815309
498 -644.1282855455923
499 -6141.440235464783
500 -6165.892393081046
501 265.27642199832144
502 -6130.024944983077
503 -6048.540795570232
504 -7047.3878460702
505 -786.8498811204938
506 -6010.914181911901
507 -7068.973149540691
508 -7065.827655842765
509 -36.15722967044103
510 -6907.208940934225
511 -6155.866732935609
512 -5756.723434471172
513 -6182.637298443425
514 9843.584941641973
515 -6003.723140548256
516 29.9266505042043
517 -5086.333273175678
518 -6800.104899073529
519 -6666.989717485742
520 -6651.542045041059
521 -13.95397965573655
522 -6996.419205839096
523 4847.497750944425
524 -652.2516784975279
525 -380.2897210517564
526 -6171.546897438148
527 -7022.621379550055
528 -6188.787510760785
529 -6033.404122705935
530 45.867477566200364
531 -6198.7236730077775
532 -6166.7806631569165
533 -5879.144820152682
534 -6226.4004978661815
535 -6179.882792671599
536 -6203.289649794019
537 -673.2761654295673
538 -6530.7033440243795
539 -6155.191764405788
540 -6152.51321598953
541 -617.5240461295907
542 -6199.624361259715
543 -6908.559192915389
544 -6903.071104968592
545 -221.10833272454198
546 -6858.761729179729
547 -6189.211082640755
548 -6224.207905774025
549 -7011.107810169443
550 -680.9359069652642
551 -7036.506058571229
552 -833.5214684706443
553 -5326.542141353417
554 -6154.113926781223
555 -1429.6628060308576
556 -6167.610563266699
557 -1294.7384886344503
558 11.232646581827213
559 -6978.739730298424
560 -6993.168836416293
561 -1402.4382819785046
562 34.333217365937955
563 -7037.3461076605045
564 -7038.089400913744
565 103.91651151418058
566 -7019.435346402447
567 -5734.180047168784
568 -6844.561181973295
569 -6571.291811901401
570 46.31045623292179
571 -6547.247279828905
572 -6180.062772128936
573 -7058.724692285861
574 -1133.7866995346544
575 -7058.035211066902
576 -847.3310283751699
577 -7000.182952895038
578 -2336.4702705128248
579 -1416.6862497613367
580 -6990.7715727468585
581 63.92096846683964
582 -7049.351621562781
583 -1084.078214717113
584 -3815.4258339039015
585 -2295.2211009616917
586 -4972.973271341052
587 -6871.27180097383
588 -679.6340242766643
589 99.15745220460914
590 -7082.749326913339
591 -6977.1179413101645
592 -1404.8732157534578
593 -608.6077426734473
594 -4005.892552056695
595 -6172.167704038337
596 -6140.367842390363
597 -6253.027065359688
598 4812.964885446008
599 -6706.150247054772
600 -6940.505601322249
601 -7066.8340248743225
602 -7070.495119010697
603 -7047.3878460702
604 -7064.945120083531
605 -6188.787510760785
606 -7049.521117793311
607 -7069.203171802349
608 -6167.610563266699
609 -7049.351621562781
610 -6666.989717485742
611 -7038.089400913744
612 -7061.973567976804
613 -6198.7236730077775
614 -6180.115833329213
615 -6155.191764405788
616 -6908.559192915389
617 -6228.701730314489
618 -7036.506058571229
619 -7057.634912391902
620 -6996.419205839096
621 -7065.827655842765
622 -7082.749326913339
623 -6571.291811901401
624 -7058.724692285861
625 -7000.182952895038
626 -6759.030595942347
627 -6871.27180097383
628 -6990.7715727468585
629 -6177.122601242816
630 -6800.104899073529
631 45.58955071989399
632 -6970.934766090914
633 -7052.393870332519
634 -859.3593846562218
635 4886.507868020986
636 -6097.576683593443
637 -6774.7325516583505
638 -861.7118165268704
639 -5471.64455689944
640 -6675.80509676652
641 -2352.829452539809
642 -6170.788691644683
643 4539.458385653955
644 -6503.969162487195
645 -7722.604011279231
646 -1517.2382220418883
647 -6189.8036478174245
648 -5330.226304834405
649 -6190.906200778309
650 -6174.127965164553
651 -5797.28015437852
652 -119.04373687971476
653 -6923.810688149169
654 -7047.668832937949
655 -7003.247267825899
656 68.18363234630854
657 -7134.533317735256
658 -6228.531159396539
659 -4725.942469338704
660 -6187.362905170725
661 -6161.6239273269275
662 30.95535165801801
663 4776.346724167371
664 -6183.783083440186
665 -7046.002047003947
666 -6149.386524379647
667 -3087.246300088507
668 -6840.562265439396
669 -6631.942675548735
670 -6675.936337670275
671 -7035.669864706671
672 -94.72648377291785
673 -7026.8223847668
674 -6139.339938737873
675 -7063.572335773932
676 -6432.117503849807
677 -7063.228375698535
678 -7073.977861464947
679 -2584.5277770752323
680 -7054.9030319258
681 -6201.87483291109
682 -6144.615861084869
683 -214.72339790858285
684 -6830.335629933784
685 -6179.47530160227
686 -6201.940375465798
687 111.37684759671394
688 -7000.033500032662
689 -7082.3743941831535
690 -865.1931499174613
691 -199.2186789049675
692 -6948.74486864219
693 -6836.751717254134
694 -6904.377404071948
695 -5158.267994906511
696 -7032.278798148908
697 -6232.692762630274
698 -6440.5941655575325
699 172.6607780280786
700 -6086.786734009603
701 -6947.0867638059035
702 -7041.521811621066
703 21.050902633959552
704 -7074.2801096162875
705 -6643.354319537983
706 -7227.960125392093
707 -6999.405198618278
708 -5879.713293564612
709 -5929.805326612381
710 -7012.160691188688
711 -7037.906806812112
712 -29.659880488207527
713 -6964.623756028084
714 -7057.05620602067
715 4697.320276657293
716 -6041.014867794267
717 -7070.591875035424
718 -7072.063721977
719 -83.32277439183639
720 -6909.65783523651
721 -6580.801168563992
722 -6528.565253919216
723 -7081.182330158749
724 -1218.229854297613
725 -1905.5908127763569
726 -843.1828046339175
727 -7030.668904739569
728 36.96280063397257
729 -7002.947801404404
730 -7035.909475984475
731 5130.047603027679
732 -1341.361878488608
733 -6026.826102847426
734 -6763.583925952363
735 840.0752547480191
736 -6238.337780984063
737 -1093.1790642252136
738 -6873.905832565445
739 13.649592579014772
740 -6891.907010149254
741 3680.3914468642424
742 -7001.298479878157
743 -6998.599370702582
744 -652.2038876168044
745 -6931.122364020146
746 -809.3380949007562
747 -7065.748911181697
748 -185.4393823486488
749 -6078.8463431291275
750 -7071.787907452382
751 -7066.8340248743225
752 -7070.495119010697
753 -7047.3878460702
754 -7722.604011279231
755 -7227.960125392093
756 -7049.521117793311
757 -7134.533317735256
758 -6891.907010149254
759 -7049.351621562781
760 -6675.80509676652
761 -7038.089400913744
762 -7072.063721977
763 -6763.583925952363
764 -6180.115833329213
765 -7082.3743941831535
766 -6908.559192915389
767 -6238.337780984063
768 -7047.668832937949
769 -7057.634912391902
770 -7001.298479878157
771 -7065.827655842765
772 -7082.749326913339
773 -6580.801168563992
774 -7081.182330158749
775 -7030.668904739569
776 -6759.030595942347
777 -6871.27180097383
778 -7000.033500032662
779 -6998.599370702582
780 -7065.748911181697
781 -6305.99932587573
782 -7053.010318542461
783 -7029.329701146275
784 -6191.743456110532
785 5.0839746011036535
786 -7700.507251249193
787 -7070.495119010697
788 -7041.55459688585
789 -7087.207576115877
790 -554.9695515907711
791 -6858.479451584498
792 -1241.2379841357454
793 340.56746457968313
794 -6973.407997835628
795 -7014.091045665204
796 -6998.565768942276
797 -7396.279302064279
798 106.25164760097944
799 -7011.25437950995
800 -6492.107283584526
801 -7089.060297713803
802 774.2831506712947
803 -7141.144891400314
804 -6281.475499814573
805 1319.0109867460721
806 -7076.080919172817
807 -6901.250414029436
808 -7119.446670199784
809 -1679.0706405950677
810 45.40946193843221
811 -6827.8469499286975
812 -6887.422776861579
813 -1436.2341901001373
814 115.74123963547115
815 -6955.4606185360235
816 -925.5518797981254
817 -6698.14843047282
818 -6058.182665618347
819 -6728.057900362586
820 -6727.095361984523
821 -5750.556176707819
822 -5874.703895924019
823 -6999.705836435196
824 -7018.741437688974
825 -6999.7765906158065
826 16.093132164042927
827 -7254.426688496203
828 -7242.619581661775
829 -6123.128181991567
830 4801.718620165493
831 -6096.798261445882
832 -1359.94827715038
833 -6074.469479373693
834 4605.560432485925
835 -6180.115833329213
836 -6183.677435292276
837 -264.7427775833458
838 -7095.392536454051
839 -1419.358485185768
840 -7065.669550036261
841 -1756.7909538346794
842 -41.56272652536428
843 -6804.680358390099
844 -7033.794824656178
845 -6149.039184855364
846 4826.578821416444
847 -6252.078316260226
848 -6256.1163792872585
849 -7063.707517311691
850 -589.3163821162716
851 -7070.309656655193
852 -869.1492556401278
853 -7075.182992562721
854 265.74734716904584
855 -7079.700160049128
856 -7076.639979582405
857 1082.3300578991332
858 -7072.583508396056
859 -7560.064321837532
860 -7331.655367491341
861 -6983.189717180336
862 66.44032363202075
863 -6952.983984192877
864 -7078.073209941695
865 -256.1832808039396
866 -6630.117514823296
867 -7089.9521474805315
868 -7092.478073708837
869 -212.9061205090923
870 -7091.581621563092
871 -6656.227955378819
872 -648.868601696742
873 -7690.119378923169
874 103.42818605674609
875 -7047.860769827243
876 -7690.963548044334
877 127.35348424726423
878 -6994.5536811705
879 -7277.403301216964
880 -1079.4906106661515
881 -692.6953224462304
882 -7089.371908468926
883 -7720.148750195882
884 -7549.431529852224
885 12.151500105027951
886 -7169.862750547377
887 3880.258083376657
888 -6928.995587461853
889 74.88759417920743
890 -7683.043536733397
891 -6921.420320442634
892 -6983.624475688519
893 -7011.578910917852
894 13.365293823660773
895 -6913.952774175471
896 -7072.294245900513
897 66.27875277576915
898 -4056.678835269201
899 -7095.392536454051
900 -7095.084514715513
901 -7066.8340248743225
902 -7070.495119010697
903 -7087.207576115877
904 -7722.604011279231
905 -7396.279302064279
906 -7141.144891400314
907 -7134.533317735256
908 -6891.907010149254
909 -7119.446670199784
910 -6728.057900362586
911 -7038.089400913744
912 -7331.655367491341
913 -6763.583925952363
914 -6180.115833329213
915 -7089.371908468926
916 -7041.55459688585
917 -6252.078316260226
918 -7095.084514715513
919 -7079.700160049128
920 -7700.507251249193
921 -7065.827655842765
922 -7089.9521474805315
923 -6656.227955378819
924 -7690.119378923169
925 -7277.403301216964
926 -7720.148750195882
927 -7683.043536733397
928 -7549.431529852224
929 -7076.080919172817
930 -7095.392536454051
931 46.329448623304955
932 -7740.567203259274
933 -7065.366395339538
934 -855.9899871839785
935 105.74062348861065
936 -7028.713662871414
937 -7063.378452456001
938 -5809.31048123011
939 -1713.1334955759778
940 -5307.870574743247
941 -7043.550239696854
942 -6160.748192691274
943 -3025.668080116506
944 -7095.987536779276
945 -2138.7232076206674
946 -1528.5992595336345
947 -7546.055802973335
948 192.6691408713277
949 -7000.517723556766
950 -7064.96253472878
951 -7167.455460229558
952 -6952.778212729796
953 -7169.620448708982
954 -6313.602750430469
955 -3496.7023033702344
956 -7030.458064666932
957 -7754.140272138364
958 -1559.1748695105175
959 -6863.6471836289575
960 131.4489912681378
961 -6907.023396718866
962 -6833.837637053224
963 21.292261055529178
964 -1550.7752233727751
965 -7051.228760312078
966 -6205.992746805549
967 -6838.7378531893355
968 114.84363251897989
969 -6854.057937487105
970 -6846.589583725393
971 -6968.886132646592
972 5084.585131384542
973 -7005.785650608189
974 -7054.492874717338
975 -2047.9001324203286
976 -7092.038347420825
977 -7331.655367491341
978 -1141.190558561937
979 75.64685498213919
980 -1714.8242013277054
981 -6754.6802651925855
982 -6085.805394796138
983 -6161.719924627062
984 5307.453616856968
985 -6177.4096805765375
986 -6156.884012744072
987 4759.1587246002255
988 -1099.4524374439497
989 -7090.938920115122
990 -6189.497108119834
991 136.24110310650318
992 -6729.980274513204
993 -7056.753223778968
994 -7063.394041442373
995 -6181.16175174108
996 -649.0795257303888
997 -6247.877124897181
998 -6112.200059589924
999 -6226.289930473902
1000 -714.5188358320463
1001 -6883.3588627171475
1002 -7086.432247517806
1003 -7089.459528385612
1004 -704.9953350126215
1005 -7086.574980844464
1006 -900.2503645296698
1007 -7614.3327940393365
1008 1.843740335768011
1009 -7113.434827625461
1010 -6919.87559012634
1011 -4629.424486790882
1012 46.43699248447914
1013 -7464.726440131963
1014 -7734.1574734613005
1015 32.07161991142767
1016 -1861.5417957913878
1017 -7089.683711383248
1018 -879.2959488937389
1019 -6656.204551703661
1020 -455.49957780626835
1021 -6616.537402264219
1022 -6725.778571030458
1023 -7663.666861688663
1024 47.08575537112327
1025 -1698.2834537228482
1026 -7733.861779334496
1027 -1730.9805189039034
1028 20.3570014122367
1029 -6780.175791636851
1030 -7318.2764277062615
1031 -538.8255858052976
1032 -6853.399696696847
1033 -7095.550051111701
1034 -6976.031964516033
1035 168.5629469630876
1036 -6869.5594877172325
1037 -7050.699661799473
1038 -7011.8769557078795
1039 -7772.569748013889
1040 30.424882341635367
1041 -7787.234487384978
1042 -1576.695666606621
1043 16.028146220555588
1044 -7555.687965352507
1045 -7056.63807704569
1046 -7065.524685986715
1047 9.912783555134673
1048 -1776.3335281691425
1049 -7094.400333841128
1050 -2081.051320150745
1051 -7066.8340248743225
1052 -7318.2764277062615
1053 -7087.207576115877
1054 -7722.604011279231
1055 -7546.055802973335
1056 -7733.861779334496
1057 -7754.140272138364
1058 -6907.023396718866
1059 -7734.1574734613005
1060 -7555.687965352507
1061 -7038.089400913744
1062 -7331.655367491341
1063 -7063.394041442373
1064 -6180.115833329213
1065 -7092.038347420825
1066 -7086.432247517806
1067 -6853.399696696847
1068 -7095.084514715513
1069 -7089.459528385612
1070 -7700.507251249193
1071 -7740.567203259274
1072 -7089.9521474805315
1073 -6729.980274513204
1074 -7690.119378923169
1075 -7277.403301216964
1076 -7720.148750195882
1077 -7683.043536733397
1078 -7787.234487384978
1079 -7076.080919172817
1080 -7095.987536779276
1081 -7071.4624466884625
1082 4919.503539735634
1083 -7065.509249995396
1084 -2410.0964646717857
1085 -4822.209732133568
1086 -118.66678137635002
1087 -1780.2751652754887
1088 -6867.018978637892
1089 -7091.776145690626
1090 -1874.4633572385662
1091 -7091.776145690626
1092 -983.7190969124903
1093 -5623.827522685351
1094 51.53572329560567
1095 -7043.229637167231
1096 -1533.8451443848815
1097 -1954.6662491306197
1098 48.90987955630725
1099 -7592.266421603942
1100 -1403.8433292665509
1101 -7680.809003916491
1102 -3656.6557886716605
1103 -7460.957221770325
1104 -7715.4079803339955
1105 -1924.5982270990344
1106 574.8391923854409
1107 -7144.629400254766
1108 -5199.979306588396
1109 145.98183498325406
1110 -1965.9675736579184
1111 -6925.990025964401
1112 -7377.707810441321
1113 -7763.048333065598
1114 -1116.4916720117324
1115 -7151.328283931786
1116 -7751.349590640962
1117 -1903.8819549974437
1118 -7076.044883490529
1119 -1615.8274526391651
1120 -7507.802815618165
1121 56.7393972532425
1122 -1920.2559069226782
1123 -7038.6343943492
1124 -3059.728502945385
1125 -1671.6837298587607
1126 -823.4667214111028
1127 -7123.271028376255
1128 -6542.018579279183
1129 -137.76817750487197
1130 -6506.641269023703
1131 -7058.21217598899
1132 -7064.116798344432
1133 -6182.521367346851
1134 -271.8340545850091
1135 -6158.859701731
1136 -5868.432928055928
1137 -1891.5066174071353
1138 -62.01628594658551
1139 -7717.761960391967
1140 -2027.9417235177013
1141 24.86998884655839
1142 -1922.6780206529447
1143 -7030.3722050433435
1144 -898.2072487604311
1145 -6864.130457688663
1146 117.3124108224678
1147 -6899.815602696399
1148 -6900.221201521622
1149 47.6320805070136
1150 -2551.973224308088
1151 -7072.382703467624
1152 -7072.389028717773
1153 -7002.74553923772
1154 84.38249774023964
1155 -7087.943200106788
1156 -897.945706399784
1157 -287.6066766021996
1158 -7094.175208163597
1159 -7001.140731934248
1160 -7541.504887533304
1161 -7777.693551562826
1162 3.7221761910018567
1163 -7507.352269596404
1164 -7776.589369324861
1165 -4090.053435578435
1166 -7752.999122773502
1167 -7054.020469760574
1168 -7089.267424419459
1169 -6698.551042142986
1170 106.94470427419645
1171 -6760.858613887003
1172 -6190.562138144658
1173 -97.79989646349553
1174 -7788.501250327138
1175 -7437.772391477856
1176 -7714.918335620259
1177 39.576655442178556
1178 -6938.707991307494
1179 -7520.718767510906
1180 -7635.05913002147
1181 28.504079271219872
1182 -7742.505558952766
1183 -7597.698342569921
1184 -7749.895391296505
1185 -53.95822317457235
1186 -7091.772063189282
1187 -7749.979529793508
1188 -6882.514317085072
1189 -7783.686930967293
1190 -9.829858695589294
1191 -7848.165596118705
1192 -1641.8025393286507
1193 -6217.255710290817
1194 -7833.02275483161
1195 -7066.87380696411
1196 -7087.612610701725
1197 -3794.8700571031804
1198 -7470.1269021742155
1199 -7092.885740395184
1200 -6966.239381092786
1201 -7071.4624466884625
1202 -7507.802815618165
1203 -7377.707810441321
1204 -7742.505558952766
1205 -7592.266421603942
1206 -7751.349590640962
1207 -7754.140272138364
1208 -6925.990025964401
1209 -7763.048333065598
1210 -7555.687965352507
1211 -7776.589369324861
1212 -7331.655367491341
1213 -7091.772063189282
1214 -6182.521367346851
1215 -7717.761960391967
1216 -7086.432247517806
1217 -6899.815602696399
1218 -7541.504887533304
1219 -7089.459528385612
1220 -7700.507251249193
1221 -7788.501250327138
1222 -7089.9521474805315
1223 -6938.707991307494
1224 -7690.119378923169
1225 -7520.718767510906
1226 -7720.148750195882
1227 -7752.999122773502
1228 -7848.165596118705
1229 -7094.175208163597
1230 -7095.987536779276
1231 30.79895223413707
1232 -1734.5881285117093
1233 -7045.9368487491465
1234 -4497.523977664813
1235 -1891.18236993753
1236 26.06849306365732
1237 -7597.466998891743
1238 -7600.902534551212
1239 -7207.091411975754
1240 -6927.041794310797
1241 -7361.436296775747
1242 -6917.912017035493
1243 13.652237782860489
1244 -7841.436588223553
1245 -7776.0147414763305
1246 -6906.54380335168
1247 -271.8713771594088
1248 -7085.266136288566
1249 -7584.561826388499
1250 -6694.387055338756
1251 -3637.178845557138
1252 -30.083776672816565
1253 -7563.521357848897
1254 -7743.347816336279
1255 -7820.708976620127
1256 205.11891227264218
1257 -3256.4717981680183
1258 -7678.739757765183
1259 120.62011430125607
1260 -4026.7046925099553
1261 -6953.280693122112
1262 -763.7007340969378
1263 -3.6642050293533615
1264 -7776.2297415900875
1265 -1877.4567994731997
1266 -7019.797547435911
1267 -81.10646292740823
1268 -7070.85482618554
1269 -6918.487319978872
1270 -6973.834930015552
1271 -7776.912348459614
1272 -4773.188389952119
1273 -1945.6954005226444
1274 -2954.005462789015
1275 286.4489843325546
1276 -7823.397072746786
1277 -7324.3961365364175
1278 -7331.199186440703
1279 1244.239505024652
1280 -6990.851271453996
1281 -2041.7816129487173
1282 -7092.247552925569
1283 1257.7592204703403
1284 -1386.1107132179593
1285 -6898.999097579868
1286 -6899.262967514706
1287 -7752.493239519689
1288 -58.526106944098345
1289 -7742.206490283504
1290 -1564.2765381967833
1291 175.46419659143567
1292 -7550.657356659294
1293 -7063.69911648676
1294 -7095.491295992793
1295 -780.928672696381
1296 -7808.201401164376
1297 -6984.844663517261
1298 -6982.010944855824
1299 -7554.876056704114
1300 -3466.889684441208
1301 -7348.984011064493
1302 -7559.907237991985
1303 -7232.729530515952
1304 -824.1357408975325
1305 -7467.741548797079
1306 -7548.8435827335825
1307 -1235.913259677369
1308 -7783.351619941431
1309 -6933.142581601986
1310 -6971.091418977419
1311 -7789.357791538213
1312 -7227.483430597906
1313 -6914.495835020139
1314 -6926.2034827095495
1315 16.48973833769616
1316 -2820.387888760073
1317 -7085.032490576378
1318 -5106.869125385981
1319 -2169.5722029630297
1320 -41.033644490205404
1321 -7743.462219043625
1322 -1522.1996450189267
1323 -1968.8020310021084
1324 27.91618181945997
1325 -7663.167316893586
1326 -1500.8313719640619
1327 -7774.827162821641
1328 50.73738491194456
1329 -7766.830595809115
1330 -2433.5124574929605
1331 -7837.002005643561
1332 1.8585402659592973
1333 -7749.617269688496
1334 -5908.13285743018
1335 -7719.426780661813
1336 185.49891727071443
1337 -7760.568930905686
1338 -7778.09078685681
1339 130.11390659125988
1340 -7786.511436479389
1341 -7847.248491765716
1342 -7762.775935875051
1343 -6991.84732126435
1344 171.52488841377684
1345 -7089.273915957116
1346 -6250.652531994286
1347 -13.04303293041303
1348 -1939.4646431892697
1349 -7096.032478866847
1350 -6170.181875040623
1351 -7071.4624466884625
1352 -7597.466998891743
1353 -7377.707810441321
1354 -7776.0147414763305
1355 -7823.397072746786
1356 -7751.349590640962
1357 -7820.708976620127
1358 -7070.85482618554
1359 -7786.511436479389
1360 -7600.902534551212
1361 -7776.912348459614
1362 -7331.655367491341
1363 -7091.772063189282
1364 -7762.775935875051
1365 -7778.09078685681
1366 -7086.432247517806
1367 -7548.8435827335825
1368 -7554.876056704114
1369 -7550.657356659294
1370 -7700.507251249193
1371 -7789.357791538213
1372 -7089.9521474805315
1373 -7743.462219043625
1374 -7690.119378923169
1375 -7774.827162821641
1376 -7841.436588223553
1377 -7783.351619941431
1378 -7848.165596118705
1379 -7094.175208163597
1380 -7096.032478866847
1381 -7073.93365342067
1382 -2245.803929178985
1383 -7087.101316322024
1384 -7079.377713154184
1385 -7668.347778693371
1386 -17.32958872064237
1387 -7576.670151919841
1388 -6931.110590833378
1389 -7380.939322276912
1390 -7508.0905141647245
1391 -7444.536436336181
1392 -7153.550925511813
1393 -3662.4838937904574
1394 33.775606823822514
1395 -7031.885238898557
1396 -2232.6721314487695
1397 208.84665986611327
1398 -7019.008241866928
1399 -7605.83400944824
1400 -7827.23776648675
1401 -7757.023647972276
1402 -6527.09149588417
1403 -7783.788284074049
1404 -7785.264624964164
1405 -5535.86279451823
1406 97.44290715286324
1407 -7071.999436508726
1408 -7756.15389936242
1409 -6949.364396936801
1410 -84.97760614500784
1411 -7073.5454357054105
1412 -7043.474539430781
1413 -7666.639008441524
1414 11.007370637127025
1415 -7317.042343276371
1416 -1636.8975852467943
1417 -7601.766520338066
1418 38.6483305772759
1419 -7601.766520338066
1420 -7533.959081536252
1421 154.5861219954739
1422 -6941.448981826537
1423 -7776.558364905748
1424 -7031.530073227793
1425 273.84806708488696
1426 -7847.729804017006
1427 -5860.932647929781
1428 -7325.107411904331
1429 64.23018522263142
1430 -3746.85238526753
1431 -6928.21322760689
1432 -896.6026171736777
1433 31.0088440428598
1434 -7710.112996406749
1435 -7235.928276722345
1436 -7682.640968117505
1437 40.41159323556596
1438 -7701.4750088156325
1439 -7782.516080450264
1440 -1579.4892605645987
1441 68.49042368016133
1442 -1977.1816521483843
1443 -7132.0957522754925
1444 -1322.558743534911
1445 -7592.48231379394
1446 -3580.8022938356353
1447 -7596.456888082828
1448 -7058.059857445177
1449 -7667.482565177186
1450 29.391827009563386
1451 -7694.374308765287
1452 -7695.8777312059565
1453 -7594.919249612039
1454 -831.1056690122812
1455 -7587.611908926416
1456 -7064.49052612264
1457 -1848.2369524078622
1458 -29.095766124184735
1459 -7041.926683552907
1460 -7703.925548331806
1461 -7613.8745816442515
1462 38.46743608873757
1463 -7784.690800236325
1464 -7784.387261465347
1465 70.73257244279735
1466 -6913.456847649578
1467 -7657.291996406596
1468 -7055.845105189079
1469 182.53909917843689
1470 -7875.660570515068
1471 -7489.335645036212
1472 -6810.93128578234
1473 -7833.011097782853
1474 9.12551590246768
1475 -7851.607075445168
1476 -7116.135415917306
1477 7.546091101943255
1478 -7742.406599046198
1479 -7800.005721323824
1480 -7795.094528608567
1481 -7842.421735715281
1482 33.325258602441934
1483 -7745.344119186065
1484 -7823.41664892152
1485 10.114118919277615
1486 -7813.256462968789
1487 -7628.780095038472
1488 -7783.5371006681535
1489 108.431906541519
1490 -7857.68895511289
1491 -7848.165596118705
1492 -1660.1569056576532
1493 -7795.815379684366
1494 -7440.045547207043
1495 -7807.552933551917
1496 -7739.147744214313
1497 -6952.503353217267
1498 23.484603081890356
1499 -7092.79688554418
1500 -7195.973956263355
1501 -7087.101316322024
1502 -7710.112996406749
1503 -7784.387261465347
1504 -7776.0147414763305
1505 -7875.660570515068
1506 -7783.788284074049
1507 -7847.729804017006
1508 -7073.5454357054105
1509 -7786.511436479389
1510 -7742.406599046198
1511 -7776.912348459614
1512 -7331.655367491341
1513 -7091.772063189282
1514 -7762.775935875051
1515 -7782.516080450264
1516 -7132.0957522754925
1517 -7596.456888082828
1518 -7813.256462968789
1519 -7594.919249612039
1520 -7700.507251249193
1521 -7823.41664892152
1522 -7827.23776648675
1523 -7783.5371006681535
1524 -7857.68895511289
1525 -7800.005721323824
1526 -7842.421735715281
1527 -7783.351619941431
1528 -7848.165596118705
1529 -7807.552933551917
1530 -7096.032478866847
1531 -7070.090420406364
1532 5135.390587475319
1533 -6978.114215813681
1534 -6161.5051312166415
1535 -7784.169294662303
1536 -39.321828860042075
1537 -7528.950509226984
1538 -6988.5056788926795
1539 -601.8672389492891
1540 -7647.276583653046
1541 -6971.808946602856
1542 -1786.0245714110001
1543 -7714.786252724948
1544 -1283.428768921936
1545 -7749.793913287146
1546 -7777.5317924583405
1547 -7762.032208369047
1548 -7132.182785853009
1549 -2040.1477387069735
1550 -7893.705447838961
1551 -7816.772927598345
1552 159.45926832091385
1553 -1999.3662505245893
1554 -7736.501239228418
1555 139.7113895492152
1556 -7824.380326629499
1557 -7850.7407267378685
1558 -1660.061282312023
1559 -916.9489516647487
1560 -7564.196375001059
1561 -7001.811563380999
1562 -6194.593890371255
1563 -7745.188182977304
1564 28.73677638808168
1565 -7270.504139496246
1566 -6842.8234259236515
1567 -7761.352781557133
1568 -520.4594050685987
1569 -7765.568636951201
1570 -7002.575183483024
1571 1788.0950702547134
1572 -7126.292665626698
1573 -7764.9112838292585
1574 -6856.848495271165
1575 -1977.4616694193546
1576 -11.459443170444201
1577 -1791.8378030991444
1578 -7327.186853871639
1579 -7019.318254679054
1580 134.7074612481186
1581 -7091.772063189282
1582 -903.1455502653645
1583 -7818.058966707828
1584 -33.00323367387806
1585 -7751.376277604599
1586 -7816.702597566778
1587 -0.8015346906221197
1588 -7848.3739233669085
1589 -7737.724631775516
1590 -7306.0647982452565
1591 -23.35520173576824
1592 -1991.8623439304483
1593 -7140.79325298292
1594 -7146.762086049366
1595 -7676.2501775749515
1596 16.37906576660304
1597 -7658.395896116197
1598 -7669.097051001224
1599 -7842.575402311266
1600 -191.52733926081703
1601 -7145.889671951045
1602 -7098.697780365864
1603 -7660.0255810446015
1604 -5319.749506652708
1605 -7609.039096932931
1606 -7393.172620748828
1607 -7751.210978985294
1608 -23.50104368658954
1609 -7762.862936019586
1610 -7006.216904296274
1611 -7867.723198213679
1612 66.35436284985724
1613 -7843.943275296771
1614 -7871.54767646278
1615 -2040.9143638484684
1616 8.745736272323127
1617 -6916.607790715294
1618 -1598.1634263328694
1619 -7805.6214836997815
1620 114.20185746746347
1621 -7695.244761328909
1622 -7819.812749155714
1623 -7856.81513132406
1624 65.49027780858535
1625 -7860.8615120148115
1626 -7869.548139799497
1627 -3494.8120742888527
1628 -242.4273293837939
1629 -7607.268158091766
1630 -7135.366081620832
1631 -7871.0470551546605
1632 30.452491071314146
1633 -7701.825053696743
1634 -1676.6532206731608
1635 -7812.561812256845
1636 63.66418972034284
1637 -7824.013805134169
1638 -6939.5121816411265
1639 24.211071425948465
1640 -7728.5425558473835
1641 -7783.5215956418215
1642 -7005.195828105232
1643 23.900803103744472
1644 -7742.390190611171
1645 -7785.509698530178
1646 -6804.719241884875
1647 -1948.3490209590827
1648 68.01157220939838
1649 -7141.689823781229
1650 -7787.122543123538
1651 -7087.101316322024
1652 -7784.169294662303
1653 -7784.387261465347
1654 -7776.0147414763305
1655 -7875.660570515068
1656 -7816.772927598345
1657 -7850.7407267378685
1658 -7073.5454357054105
1659 -7786.511436479389
1660 -7871.54767646278
1661 -7776.912348459614
1662 -7331.655367491341
1663 -7135.366081620832
1664 -7818.058966707828
1665 -7782.516080450264
1666 -7140.79325298292
1667 -7676.2501775749515
1668 -7869.548139799497
1669 -7660.0255810446015
1670 -7762.862936019586
1671 -7867.723198213679
1672 -7827.23776648675
1673 -7824.380326629499
1674 -7860.8615120148115
1675 -7893.705447838961
1676 -7871.0470551546605
1677 -7824.013805134169
1678 -7848.165596118705
1679 -7807.552933551917
1680 -7306.0647982452565
1681 -32.974196254039555
1682 -2063.2841813942496
1683 -7014.303242562982
1684 -7089.304200637337
1685 72.9722245845479
1686 -7663.319649720362
1687 -7831.7324691731665
1688 -7829.188424120556
1689 -7765.769319938771
1690 -1416.6072119883777
1691 -7697.726495390217
1692 -7040.172512588613
1693 -7892.405459307981
1694 2.196470499862125
1695 -7891.060203845295
1696 -7877.4225623109605
1697 -7887.182364604908
1698 -297.64874088569974
1699 -7886.697293231247
1700 -7826.084063577798
1701 -7828.971655823929
1702 -1723.1515082844091
1703 -7828.971655823929
1704 -7082.208187360221
1705 -2525.566940449005
1706 -7840.189504922668
1707 -7129.124718553332
1708 -1659.3157012500092
1709 -1615.7728568131104
1710 -7828.42511714694
1711 -7090.862586392667
1712 -7066.0184679736785
1713 -7732.469474301927
1714 -1.1163328700970494
1715 -7056.294428167404
1716 -6907.9155611328615
1717 54.143977984662975
1718 -7860.647346025044
1719 -7828.577969709897
1720 -6960.173600702294
1721 -1381.75024526424
1722 -7873.902383392093
1723 -7776.687640034304
1724 -6442.247425245548
1725 19.719822082265967
1726 -7712.614468221966
1727 -7884.1152510602915
1728 -7817.797536546642
1729 -7147.248849710823
1730 5132.028154962005
1731 -7091.714169565217
1732 -6242.265294248337
1733 -7814.884155885999
1734 51.87552395273098
1735 -7803.127986354494
1736 -7825.0958001564195
1737 41.90155766312078
1738 -7688.460851709133
1739 -7782.516080450264
1740 -1587.9060545293719
1741 9.934203849223845
1742 -1936.3894263638695
1743 -7061.552083015082
1744 -950.4773710400517
1745 -7738.01467708798
1746 -37.926445180879526
1747 -7711.339715454907
1748 -6833.762510606847
1749 -7892.223582175851
1750 10.255108162856924
1751 -7892.114669656616
1752 -7874.8426034087315
1753 4218.75169523836
1754 -7148.68689424283
1755 -7792.559178647078
1756 -7822.645723027872
1757 -4489.325733075699
1758 -7784.578174264394
1759 -7762.347999666221
1760 -7757.724995666413
1761 5130.13307514068
1762 -7127.365820837781
1763 -6849.246291693357
1764 -6961.299203347977
1765 17.168705164348196
1766 -7879.002562174642
1767 -7830.698769093044
1768 -6984.962834536698
1769 -7783.599867166413
1770 37.49862643992528
1771 -7804.9509004343645
1772 -6928.3011625033805
1773 524.2666300306108
1774 -7879.990506489424
1775 -7873.902383392093
1776 -7808.812163020668
1777 -7893.155853398525
1778 -6169.931106388589
1779 -7705.003542193301
1780 -7893.015446957924
1781 -7894.285654578058
1782 89.32584773150789
1783 -7891.9153504808955
1784 -7789.028731170572
1785 -1984.9721543860587
1786 98.61732534475254
1787 -7025.888516241857
1788 -7825.385547110276
1789 -7887.181803191067
1790 16.431256244215028
1791 -7884.617310942884
1792 -7753.543795131169
1793 52.9337882956951
1794 -7808.483121828447
1795 -7699.59198304437
1796 -6938.314516781672
1797 -7893.711915610549
1798 53.34576641106491
1799 -7867.047681687076
1800 -7156.764294059968
1801 -7808.812163020668
1802 -7860.647346025044
1803 -7825.385547110276
1804 -7892.405459307981
1805 -7887.182364604908
1806 -7828.971655823929
1807 -7879.990506489424
1808 -7090.862586392667
1809 -7874.8426034087315
1810 -7871.54767646278
1811 -7784.578174264394
1812 -7884.1152510602915
1813 -7147.248849710823
1814 -7818.058966707828
1815 -7782.516080450264
1816 -7148.68689424283
1817 -7738.01467708798
1818 -7892.223582175851
1819 -7828.42511714694
1820 -7762.862936019586
1821 -7867.723198213679
1822 -7840.189504922668
1823 -7824.380326629499
1824 -7873.902383392093
1825 -7893.705447838961
1826 -7894.285654578058
1827 -7824.013805134169
1828 -7887.181803191067
1829 -7807.552933551917
1830 -7893.711915610549
1831 -1980.2553494000385
1832 51.886927747192836
1833 -7808.268395826116
1834 -6933.729055120796
1835 -7878.648195508966
1836 33.17256295565219
1837 -7808.000175192173
1838 -2807.6295465932135
1839 -7789.863279558626
1840 36.63310610917633
1841 -7825.260624654522
1842 -1634.8462251368228
1843 31.88071000909938
1844 -7893.004862066816
1845 -7894.443411757407
1846 -1703.3817087561831
1847 5.708235451819918
1848 -7888.200835252109
1849 -7812.8847200219525
1850 -7890.043711036109
1851 -7830.153728464942
1852 -6211.752296553516
1853 -7817.264417508558
1854 -7798.823493192132
1855 -7866.7986929795625
1856 -4417.566355928593
1857 -2075.006722696892
1858 -7654.288189522126
1859 -7009.203402935491
1860 -2.1152751210496827
1861 -7082.112326888375
1862 -6189.1697944441175
1863 -183.24693595510777
1864 -7755.192000978056
1865 -5612.808444871259
1866 -7597.601904196275
1867 2.0571684786148743
1868 -7737.071799299018
1869 -7874.927320687884
1870 -7891.420817635079
1871 -7891.458620231237
1872 30.901935560763416
1873 -7825.63056450533
1874 -7151.477181792261
1875 9.752317554756218
1876 -7765.643828074635
1877 -7883.826936195451
1878 -1690.043884375511
1879 -7149.705560042895
1880 4472.154173480651
1881 -7153.658378305731
1882 -6251.072834411891
1883 -1995.9880359131066
1884 -33.260150362174414
1885 -7818.058966707828
1886 -7796.838252082235
1887 -177.77557849240088
1888 -7154.862668042819
1889 -7801.131241963796
1890 -6916.0100968672305
1891 -3459.180612417849
1892 -7767.520843653336
1893 -7154.862668042819
1894 -6249.766816240736
1895 -7756.045660479405
1896 -7546.464701174519
1897 -7165.664586396413
1898 -1562.8405796941483
1899 33.133186266764355
1900 -7894.368880211565
1901 -7862.172368725092
1902 -1698.9561951631051
1903 -7756.784162682219
1904 0.6721095382800016
1905 -7806.692242548992
1906 -1601.1760018796217
1907 -3124.5893124098634
1908 -7803.345690284488
1909 -7790.238463175845
1910 -7790.289325638861
1911 -2275.2272292826447
1912 -7888.467122379577
1913 -7869.243151595202
1914 -7124.574336227286
1915 23.490442124260554
1916 -7889.06325931134
1917 -7434.131610179032
1918 -7866.424547580288
1919 -56.323893437722305
1920 -7892.48685821578
1921 -7818.773419242591
1922 -7797.484946062165
1923 2.737672764821589
1924 -7759.249707609058
1925 -7873.122491578999
1926 -1670.746836225364
1927 -7893.151956948023
1928 25.735707164681816
1929 -7782.6894894491015
1930 -6277.53816117956
1931 -6797.234036358149
1932 -7155.568333473957
1933 -7888.096088176349
1934 -7894.315427664952
1935 -1856.954497556741
1936 -7894.267152372767
1937 -7832.51692285685
1938 -6862.091211535259
1939 140.77726678913254
1940 -7886.107421259639
1941 -7796.70129881541
1942 -1698.7389752905192
1943 -7856.863232674992
1944 78.33888339828647
1945 -7855.660842731167
1946 -7133.443810455123
1947 -7894.3165892271345
1948 -4148.214865264046
1949 -7894.583949596988
1950 -1649.7500667891918
1951 -7808.812163020668
1952 -7878.648195508966
1953 -7825.385547110276
1954 -7894.443411757407
1955 -7887.182364604908
1956 -7830.153728464942
1957 -7879.990506489424
1958 -7090.862586392667
1959 -7886.107421259639
1960 -7874.927320687884
1961 -7891.458620231237
1962 -7884.1152510602915
1963 -7153.658378305731
1964 -7818.058966707828
1965 -7803.345690284488
1966 -7155.568333473957
1967 -7756.045660479405
1968 -7893.004862066816
1969 -7828.42511714694
1970 -7790.238463175845
1971 -7869.243151595202
1972 -7894.315427664952
1973 -7824.380326629499
1974 -7873.902383392093
1975 -7893.705447838961
1976 -7894.368880211565
1977 -7891.420817635079
1978 -7887.181803191067
1979 -7856.863232674992
1980 -7894.583949596988
1981 28.079617545855175
1982 -7731.462843561653
1983 -7811.981568212259
1984 -7802.045215454624
1985 -7886.364010317222
1986 -35.433438517026715
1987 -7057.177021770119
1988 -7878.067884443604
1989 60.21291419048135
1990 -7875.863215948224
1991 -7826.97849644889
1992 -1870.151994203935
1993 -7895.829339655966
1994 2.5912657272828072
1995 -7894.519163617517
1996 -7091.327491152264
1997 -7887.880765370781
1998 -2610.017930586955
1999 -7888.574706105321
2000 -1698.219296553793
2001 44.35792365823186
2002 -7893.908838044987
2003 -7833.7928259122
2004 -7094.321593979312
2005 38.43008690370258
2006 -7895.667031418696
2007 -7403.386449155601
2008 -7812.900670325894
2009 13.24513512629257
2010 -2667.520077061552
2011 -7011.476616021684
2012 -7089.748332451315
2013 -7885.930116892895
2014 56.54991911866006
2015 -2058.341000817477
2016 -2259.630874493636
2017 78.48813485293472
2018 -7806.152511023716
2019 -7802.924123799248
2020 -6967.4346661933205
2021 -5919.090222288028
2022 -7894.2655874887705
2023 -7893.484752838604
2024 -7156.392473008857
2025 35.77781123114911
2026 -7892.92591767483
2027 -7882.627645832967
2028 -7597.930298530287
2029 -7156.514277025
2030 5101.23440958161
2031 -7081.38213562165
2032 -7826.472816436776
2033 -7829.919750738407
2034 -43.25715038802983
2035 -7682.5586767281
2036 -7821.387469149249
2037 -7788.96775678095
2038 117.37845774432469
2039 -1977.4324992259626
2040 -1607.2161956546956
2041 -7137.735868990635
2042 97.52243268592385
2043 -7142.7133674783045
2044 -7457.659123410583
2045 -4001.4183136706547
2046 -7893.482229414043
2047 -7754.870153048974
2048 -1551.3745526064945
2049 5.572875363831926
2050 -7831.169905129073
2051 -7884.582693907816
2052 -7544.470816250795
2053 -6486.446884425244
2054 -7893.297702529609
2055 -7828.503784821432
2056 -7825.732773197075
2057 49.032354522303436
2058 -7887.111813840088
2059 -4321.72910699111
2060 -7028.638357098827
2061 -7890.417865649874
2062 46.770083123156766
2063 -7854.120626084683
2064 -7795.330157192771
2065 -7894.2436451922185
2066 44.10491121666564
2067 -7894.540447533388
2068 -7806.4366237865315
2069 -512.3363081394563
2070 -7890.437628008859
2071 -7095.128728986255
2072 -7497.204424563996
2073 39.02754316221184
2074 -7892.578378769373
2075 -7875.910993861535
2076 -1627.7371915108934
2077 -7893.408192341145
2078 6.999454236066815
2079 -7895.583610968855
2080 -7819.962977457546
2081 -7894.581099098872
2082 5.598889497513867
2083 -7893.31818407561
2084 -1691.6610538237724
2085 -7893.497378925116
2086 -5819.204394702171
2087 -7885.154113785251
2088 -7830.296687497093
2089 -7894.099614336508
2090 23.411751901399917
2091 -7895.265719350622
2092 -5105.961072679675
2093 -1508.1967775000053
2094 -7800.935645015565
2095 -7863.67957607972
2096 -7134.266101504564
2097 -814.6963447430132
2098 -7895.805363387482
2099 -7890.108939106837
2100 -7157.874071293942
2101 -7811.981568212259
2102 -7886.364010317222
2103 -7826.97849644889
2104 -7895.829339655966
2105 -7888.574706105321
2106 -7833.7928259122
2107 -7879.990506489424
2108 -7090.862586392667
2109 -7887.111813840088
2110 -7874.927320687884
2111 -7893.484752838604
2112 -7884.1152510602915
2113 -7156.514277025
2114 -7829.919750738407
2115 -7803.345690284488
2116 -7155.568333473957
2117 -7756.045660479405
2118 -7893.297702529609
2119 -7828.503784821432
2120 -7800.935645015565
2121 -7890.437628008859
2122 -7894.540447533388
2123 -7824.380326629499
2124 -7875.910993861535
2125 -7895.805363387482
2126 -7894.581099098872
2127 -7893.497378925116
2128 -7895.265719350622
2129 -7863.67957607972
2130 -7894.583949596988
2131 -43.38883293101209
2132 -7887.384285130373
2133 -7811.929096344926
2134 -2568.498340293322
2135 38.408390598402754
2136 -7784.931524835814
2137 -7718.696457545673
2138 -7507.264291950261
2139 -7731.129542953266
2140 33.043675813877535
2141 -7823.848087694185
2142 -7803.556609593281
2143 -7896.146622969589
2144 15.172184002860178
2145 -7896.155638233742
2146 -7828.1237637255135
2147 1.320412660837909
2148 -7736.482859653816
2149 -7891.437769615624
2150 -7884.664592415014
2151 -7828.128992820452
2152 -5029.012579192585
2153 -7833.7879998761755
2154 -7095.311840624324
2155 45.18926000873082
2156 -7893.899166538739
2157 -7881.876471241666
2158 -1693.8631553139774
2159 33.60355381853622
2160 -7895.27148411713
2161 -7698.536229055603
2162 -7747.876275356542
2163 -7889.104534799744
2164 18.73180978852993
2165 -7887.451944219734
2166 -7890.442977356235
2167 -5598.724810695806
2168 63.6484565083073
2169 -7876.969942792114
2170 -6905.162363293014
2171 49.7768274731888
2172 -7802.639954340282
2173 -7891.471476433245
2174 -7142.654717113355
2175 -7891.048315172349
2176 33.293785348043244
2177 -7890.964837643114
2178 -1732.0830197575156
2179 -7159.351859315446
2180 -558.5200786578621
2181 -7159.358665744944
2182 -3409.9076970792316
2183 1.764443612971231
2184 -7894.813713674944
2185 -7824.650267598644
2186 -7815.913030791529
2187 -18.490315194714846
2188 -7894.414574560802
2189 -7791.015900536507
2190 -7645.289505201027
2191 -7156.097427832178
2192 -4424.020974644999
2193 -7141.985318198662
2194 -6253.592256925622
2195 29.74302764306996
2196 -7889.38657513638
2197 -7725.369808137153
2198 -7756.063010786036
2199 34.587296096914834
2200 -7894.457160863191
2201 -7893.3486193083245
2202 -1686.8511113406948
2203 -81.5848267790792
2204 -7883.735054399895
2205 -7693.723109904538
2206 -7814.347602739321
2207 -2980.3790875000645
2208 -7824.360711122921
2209 -7804.613415647933
2210 -7806.936710711103
2211 -7887.897922875345
2212 30.287472401710435
2213 -7888.180290680522
2214 -7873.573721580315
2215 -7894.628497947229
2216 -5940.662966531722
2217 -7893.630114161776
2218 -7157.743852863081
2219 -56.72697462801227
2220 -7828.802482177954
2221 -7681.334677740695
2222 -3967.390999571276
2223 -4535.514742428709
2224 -7809.355667352105
2225 -7873.267359215105
2226 -1665.7580648350165
2227 -7894.528152372059
2228 27.744667205626815
2229 -7894.256065079289
2230 -7829.470653265511
2231 109.83884472451686
2232 -7823.702647607367
2233 -7891.661824572619
2234 -7894.360842265682
2235 -1926.9137035821036
2236 -7894.1952901537825
2237 -7741.162452531476
2238 -7142.811700828302
2239 -3764.5146586220985
2240 -7826.376250078156
2241 -7828.644922524509
2242 -7154.567765364831
2243 0.9873658570293518
2244 -7885.691180127522
2245 -7859.894302808943
2246 -7763.361911337056
2247 10.028391170640944
2248 -7896.048648668995
2249 -7894.78985152335
2250 -7892.071383454682
2251 -7811.981568212259
2252 -7886.364010317222
2253 -7826.97849644889
2254 -7896.155638233742
2255 -7894.414574560802
2256 -7833.7928259122
2257 -7883.735054399895
2258 -7828.1237637255135
2259 -7889.104534799744
2260 -7876.969942792114
2261 -7894.1952901537825
2262 -7891.048315172349
2263 -7645.289505201027
2264 -7829.919750738407
2265 -7828.802482177954
2266 -7156.097427832178
2267 -7756.045660479405
2268 -7894.813713674944
2269 -7828.503784821432
2270 -7809.355667352105
2271 -7890.442977356235
2272 -7894.628497947229
2273 -7824.380326629499
2274 -7875.910993861535
2275 -7895.805363387482
2276 -7894.581099098872
2277 -7895.27148411713
2278 -7895.265719350622
2279 -7863.67957607972
2280 -7894.78985152335
2281 -7887.1825284660845
2282 35.62564265560524
2283 -7881.637956777495
2284 -6984.023379485567
2285 -7895.02685905009
2286 39.18123275723322
2287 -7895.146941413692
2288 -7829.016476354148
2289 -7719.699790048124
2290 34.297570300673044
2291 -7810.135804093174
2292 -7801.88005033109
2293 -7728.072855029058
2294 -7756.55493910627
2295 -7894.516589661768
2296 -7157.316665672829
2297 30.08226291231062
2298 -7896.017801327986
2299 -7895.063963332937
2300 -7772.786459656527
2301 17.214200861082848
2302 -7895.918412483455
2303 -7822.203143249468
2304 -1644.543921170481
2305 -7893.648224770502
2306 1.4978745993689544
2307 -7893.639664286512
2308 -7805.89698016949
2309 84.79216135796136
2310 -7819.089352871965
2311 -7636.9554600045285
2312 -3389.303151878495
2313 -411.0180468032532
2314 -7879.954595795605
2315 -7890.913178196026
2316 -1698.781888624946
2317 34.00868506901973
2318 -7885.465686296086
2319 -7877.195756681472
2320 -7620.039118739358
2321 -7894.095305154915
2322 -4770.923454922298
2323 -7894.751150816748
2324 -6987.678904854472
2325 -7895.315515479814
2326 13.07412911790191
2327 -7822.263334325334
2328 -6990.897142240448
2329 -7819.010593211646
2330 -48.45148643785566
2331 -7814.459198527947
2332 -6927.090797586204
2333 -144.06634119631886
2334 -7814.077094502571
2335 -7830.160006685599
2336 -7072.365327774321
2337 27.870567019247627
2338 -7884.008194482798
2339 -7828.59478129534
2340 -7703.236376847144
2341 -7093.253814677315
2342 109.4577004010693
2343 -7096.051448677413
2344 -1234.9708604246305
2345 -7771.054774654581
2346 -1613.9070239321181
2347 -7765.069637958007
2348 -7634.888529921554
2349 -7890.58860730305
2350 26.676164586912282
2351 -7893.507909236259
2352 -7812.114615881143
2353 -156.71980252540882
2354 -7794.352282508004
2355 -7828.3582658506675
2356 -7812.293702912752
2357 -6866.180017049472
2358 17.848806760030342
2359 -7815.635596941796
2360 -3011.3426069820616
2361 -7891.030891447785
2362 -5971.129328605268
2363 -7888.080369069967
2364 -1684.5229610676886
2365 33.07061713504294
2366 -7895.718689482885
2367 -7895.956034464448
2368 -1657.3541328040087
2369 -7813.034406522133
2370 53.2736224287215
2371 -7824.012125823961
2372 -7090.018123338116
2373 -7890.875155123198
2374 35.04675420376454
2375 -7888.333976605674
2376 -7822.789453397348
2377 -435.7214867524678
2378 -7895.055772610534
2379 -7891.948057878327
2380 -6969.905440668045
2381 -654.5472118614879
2382 -7799.970639861656
2383 -7692.903175716934
2384 -6982.166585469275
2385 -7895.398169401921
2386 -3823.8513091121376
2387 -7894.93390343954
2388 -6967.425498452198
2389 -7894.902300030093
2390 -564.545328187663
2391 -7895.278114121565
2392 -7894.45010793659
2393 1.4058303058528179
2394 -7884.037063472208
2395 -7870.233599904464
2396 -7802.897989632056
2397 -7894.842421045669
2398 -2007.6531703214232
2399 -2072.591900250921
2400 -7829.650840937493
2401 -7887.1825284660845
2402 -7895.146941413692
2403 -7826.97849644889
2404 -7896.155638233742
2405 -7895.063963332937
2406 -7833.7928259122
2407 -7893.648224770502
2408 -7828.1237637255135
2409 -7890.913178196026
2410 -7884.008194482798
2411 -7894.751150816748
2412 -7895.315515479814
2413 -7819.010593211646
2414 -7894.45010793659
2415 -7828.802482177954
2416 -7156.097427832178
2417 -7799.970639861656
2418 -7894.813713674944
2419 -7828.503784821432
2420 -7819.089352871965
2421 -7891.030891447785
2422 -7895.956034464448
2423 -7824.380326629499
2424 -7890.875155123198
2425 -7895.918412483455
2426 -7895.055772610534
2427 -7895.398169401921
2428 -7895.278114121565
2429 -7870.233599904464
2430 -7894.842421045669
evaluations raw_y
1 25.55744536148599
2 20.5847427757106
3 40.73029366438938
4 188.13787349956857
5 49.38912512519436
6 43.10595694628979
7 2.7843435967512997
8 8.362948104103413
9 -5119.847364177229
10 589.871044430748
11 146.4261382837981
12 2442.592956713797
13 72.8865860125146
14 510.83292351466633
15 34.39012984224726
16 160.61463708157922
17 17.886018296945693
18 462.1841046336353
19 70.51213330536586
20 -482.0462917081088
21 -225.0617727094127
22 -864.1793502981453
23 133.18759322207637
24 -169.70089286816662
25 34.44948331282851
26 40.309742106387645
27 33.53276437284278
28 3626.366231852939
29 -353.5119653354558
30 53.26228117144523
31 23.328656161213875
32 16.791535713687452
33 30.456810063587465
34 41.814063580303596
35 -7.642700553976309
36 113.49037287560817
37 8.259218607772834
38 -7.447713122291495
39 73.15215649172809
40 20.913236202336098
41 -6145.480836923591
42 -6145.581241435957
43 -2556.2966690013427
44 -200.3204100505391
45 -2688.6689234380656
46 -2669.0250074068204
47 67.3733408626927
48 -2978.31472744508
49 123.72063316692474
50 33.604557262060354
51 55.9335853509929
52 107.91849641771289
53 40.8028305562326
54 45.720746793006164
55 4.900473837397518
56 -1309.3668372090474
57 48.619955902417985
58 16.428427004870247
59 -0.665914405900697
60 584.6763807951987
61 2.806762409227039
62 -6.19785687809762
63 -6806.626876666617
64 4.555248226472787
65 -1408.944178773063
66 -618.1191848753667
67 4.606829672899172
68 107.46897135566985
69 10.247616775075649
70 29.553905530653346
71 -1240.2955646647383
72 -1818.4673279040737
73 -3014.258491213255
74 -2995.8909953621974
75 167.49539639500418
76 231.61632192747942
77 27.78230026219559
78 110.99997492447889
79 -32.49955424741256
80 -3194.5019957408667
81 -1141.7212798630546
82 -1314.826611547
83 -58.071110217155464
84 4494.506679658895
85 -1338.3150370612768
86 -1317.377924947956
87 24.18531541237315
88 -6751.486961653058
89 288.5169881353337
90 25.25146144356492
91 44.93282543125065
92 68.22580514449906
93 -692.7893049073884
94 -700.4435652964081
95 126.45187369491293
96 -945.7548500109046
97 67.27948885715752
98 45.141912484160905
99 -12.443199939244757
100 -6178.391576650972
101 24.397323621177453
102 5.607413471056134
103 112.90645581035261
104 -6027.679024888233
105 4834.785498969362
106 62.39196942353657
107 4254.290205107481
108 -6167.724856490472
109 34.55143551395441
110 -468.75204997748085
111 279.76566308882707
112 -7055.908421355689
113 5011.3480331711735
114 -319.14192252964057
115 -6174.8245665466475
116 -85.15421718314921
117 -5842.1534608550855
118 -6089.6192933241855
119 -3768.023465573107
120 29.770707656434478
121 -6725.719249091399
122 -7052.964086802581
123 -6187.459494156487
124 1613.1250579263262
125 56.72853428006716
126 -174.22657785704342
127 -2603.4127270332833
128 10.214789562603102
129 -3402.2261632941
130 -8.62821302737389
131 4333.68594207732
132 -2811.6218211772975
133 13.334767725851806
134 -9.208164195909081
135 53.288194574134295
136 71.68731618825387
137 16.8464008133708
138 11.88689302128924
139 -528.2648109266661
140 -6147.605012964884
141 4770.244901450148
142 -620.0889077033189
143 -6458.812568341855
144 751.8654522785401
145 -1431.0663932568657
146 -6439.917139385116
147 -502.48693257676194
148 -6196.341104983075
149 145.48823002163
150 -467.4771783070799
151 -467.4771783070799
152 -1818.4673279040737
153 -6147.605012964884
154 -3194.5019957408667
155 -6439.917139385116
156 -6196.341104983075
157 2.7843435967512997
158 -0.665914405900697
159 -6806.626876666617
160 4.555248226472787
161 -3014.258491213255
162 16.428427004870247
163 -1309.3668372090474
164 -1338.3150370612768
165 24.18531541237315
166 -692.7893049073884
167 17.886018296945693
168 -12.443199939244757
169 -468.75204997748085
170 -482.0462917081088
171 -7052.964086802581
172 -6178.391576650972
173 -7055.908421355689
174 -6187.459494156487
175 -3402.2261632941
176 -7.447713122291495
177 10.214789562603102
178 -618.1191848753667
179 -6458.812568341855
180 -502.48693257676194
181 -1439.2532301129968
182 -387.8524822300913
183 47.667194143306105
184 143.61723660789033
185 -3353.7156076284327
186 -11.219056403451752
187 -1415.1729007349588
188 -3353.6526079584187
189 -6164.345327275679
190 -357.6589877474808
191 -4169.0263775797985
192 -6160.919454045616
193 34.778612355170715
194 -1415.426870555832
195 -2939.03036011588
196 -3195.2377679999613
197 -688.3886487391451
198 -6185.481747493288
199 -6438.995178696701
200 -6141.455862282564
201 -6141.685904073131
202 26.516680960067397
203 -5899.850591773636
204 5.379766560742441
205 -4452.834700022846
206 101.61132040817748
207 -4524.208299841198
208 -4455.499930829684
209 92.09950024340782
210 -6298.1231008308305
211 -0.665914405900697
212 60.25633052999229
213 -5340.300962815954
214 -1.1925199852864996
215 -218.53268242801042
216 -6803.200343344683
217 1.9190318570894678
218 -1408.2676362468674
219 -3232.1070684551764
220 -3126.9031181834994
221 -6351.478532172504
222 -474.2862520532826
223 38.28077218134876
224 -6282.128178513635
225 46.17922851706476
226 4644.735608051811
227 218.48421581957606
228 7.509208665137837
229 -6145.899702468543
230 148.76854190638196
231 -6176.266828351437
232 19.903376479958496
233 75.86828114490291
234 -6958.68382425534
235 -1343.792582573634
236 -1425.6359992310752
237 -409.98456533025
238 -6174.715288758147
239 -6044.8244720412395
240 -6186.288091188305
241 -2365.0353842830536
242 -6189.056752985582
243 -4442.229795703141
244 -4569.168056792349
245 53.21246585846884
246 -6645.044556561206
247 -2332.393798384573
248 -864.3320491709737
249 63.48555796484771
250 -597.419494874378
251 150.38865337643338
252 553.2057804573769
253 -7008.648326234671
254 -6.710300121037031
255 -1411.6323141266985
256 -818.1356389809694
257 125.75371724229394
258 -6169.700711710007
259 -6575.260530739155
260 -6167.562665352702
261 -7067.697433378761
262 53.334561719051564
263 -6721.207447021012
264 -7067.063942100737
265 -2164.273662159006
266 -3330.4187175613474
267 13.790368843369743
268 -6177.3260582367775
269 -7050.6085074894345
270 29.055011954563405
271 -1395.0129308987553
272 -7072.032064897547
273 -21.7813902636207
274 -4058.5895083058676
275 -5920.480822407842
276 -6188.024783357646
277 -6959.038505895151
278 10.338903248085874
279 -6187.071274123746
280 -6163.604022664545
281 -2208.704809540492
282 126.52232709495063
283 41.41435061959638
284 -2347.1826714195254
285 -299.87287695420866
286 1191.6225265891835
287 -6172.707829968549
288 14.39478337411867
289 10.214312260102657
290 -6927.600944399463
291 -654.2744022641974
292 7.729145693538339
293 -7057.502325160903
294 2.411430757392269
295 -3941.467749858983
296 -7063.279741302799
297 -651.3811942539459
298 -5925.9220997005295
299 -652.3470611908884
300 -639.7867366322374
301 -1439.2532301129968
302 -3353.7156076284327
303 -6174.715288758147
304 -3194.5019957408667
305 -6439.917139385116
306 -6196.341104983075
307 -4524.208299841198
308 -0.665914405900697
309 -6806.626876666617
310 -3232.1070684551764
311 -6351.478532172504
312 -7072.032064897547
313 -6176.266828351437
314 -1343.792582573634
315 -6189.056752985582
316 -7067.063942100737
317 -3353.6526079584187
318 -12.443199939244757
319 -7008.648326234671
320 -6645.044556561206
321 -7067.697433378761
322 -6178.391576650972
323 -7055.908421355689
324 -6187.459494156487
325 -6959.038505895151
326 -2208.704809540492
327 -6188.024783357646
328 -654.2744022641974
329 -7057.502325160903
330 -652.3470611908884
331 -3776.3761768395716
332 65.87575527572938
333 -2742.4005177298504
334 -3635.130995793535
335 -394.9837339302074
336 -4657.651750355863
337 1748.8582135948764
338 -3350.2625605042363
339 66.78843115488117
340 -1428.7392492858658
341 -6157.454433102754
342 -6172.722762275931
343 196.71522527406844
344 -6038.244684150958
345 -3621.994669428681
346 -4679.179770239746
347 -6477.192184867872
348 -5306.369465228497
349 -3585.4309396489234
350 -6144.18912399031
351 12.079899870181544
352 -1433.8412195412004
353 -6192.599102295629
354 -6172.192326886052
355 -3468.4887668049328
356 -6702.0912075388205
357 -4426.296103337947
358 -4500.651343970513
359 175.38677412268265
360 -6053.455908224588
361 1.9941247312772576
362 8.678419790569187
363 -1430.0744871402119
364 15.322320309330287
365 -6740.32731466759
366 -6796.282334047946
367 -4748.922611060389
368 -125.83438116005634
369 -4736.560194910641
370 -4740.749578062074
371 -6348.291678422334
372 -1937.0018408740043
373 -6176.122387841304
374 -192.44078896134437
375 -823.3237394819096
376 -6185.660826049408
377 -7064.982589595113
378 -7072.92283964049
379 -6192.869536385569
380 -717.4450493154081
381 -6203.571214029415
382 -6207.578080487329
383 -2018.8187685541784
384 -718.884487608281
385 -2018.8187685541784
386 -1857.5437321695983
387 56.24613551888489
388 -1774.618593524426
389 -6206.430571457512
390 -6187.46247885322
391 30.154868805472887
392 -7001.548220373852
393 -7041.266047997542
394 -6779.44941107748
395 56.271954109598795
396 -7091.612261595731
397 -3500.2727725933105
398 -4490.389145698867
399 -6158.318821570665
400 -8.968508651739585
401 -4875.696482498618
402 -1362.1939895781386
403 -680.3025221140243
404 -4994.476341641728
405 -1409.5052414416637
406 -6996.720509440957
407 -5466.4087010883695
408 26.37569198132958
409 -1433.2826495764266
410 -6177.527250965361
411 -6113.367785488043
412 -806.14443188188
413 -7065.249503284778
414 -866.338773260484
415 -2375.5331023779468
416 -6618.983584574466
417 -3903.031709022066
418 -6173.259640293656
419 -7043.2172116556085
420 144.42309453021994
421 -4890.065852303587
422 -7045.099196463997
423 -6143.793435741845
424 -882.9207871758981
425 -6164.510856519372
426 -6204.21530458964
427 -7053.356795846813
428 27.354996837615133
429 -7079.035574328298
430 -7072.929423075024
431 -1878.9209511749862
432 391.0600178912347
433 -2189.706365006978
434 183.52691875950242
435 -6997.5468772496115
436 -3623.894897752424
437 -6997.5468772496115
438 -7014.528439953936
439 -5916.501227707122
440 -676.08950480844
441 -7028.240534624673
442 -7603.620816475728
443 2567.2329139371286
444 -5206.310906213507
445 -7058.301291065879
446 -6180.015216540998
447 118.5532672495496
448 -6082.569357301165
449 -712.5025534098621
450 -725.9021531145827
451 -3776.3761768395716
452 -6207.578080487329
453 -6177.527250965361
454 -7603.620816475728
455 -6477.192184867872
456 -7072.92283964049
457 -4524.208299841198
458 -8.968508651739585
459 -6806.626876666617
460 -6180.015216540998
461 -7091.612261595731
462 -7072.032064897547
463 -6203.571214029415
464 -2018.8187685541784
465 -6206.430571457512
466 -7067.063942100737
467 -5206.310906213507
468 -6158.318821570665
469 -7008.648326234671
470 -6645.044556561206
471 -7067.697433378761
472 -6178.391576650972
473 -7055.908421355689
474 -7072.929423075024
475 -7079.035574328298
476 -2208.704809540492
477 -6997.5468772496115
478 -7045.099196463997
479 -7058.301291065879
480 -718.884487608281
481 -1793.3915163397464
482 -152.19992027840686
483 845.9865741166061
484 -3782.791430305041
485 -56.77303596073658
486 -4775.972151693774
487 -6128.231442141865
488 -8.82662977783809
489 -6187.484590040632
490 2613.424612172704
491 -6081.002728490793
492 25.81935940913054
493 -1946.4413551471098
494 5.615660190898825
495 -4839.8363882648255
496 -7046.91088604067
497 -6435.892192901365
498 -7010.471387393336
499 -1413.521235220069
500 -6496.461559856895
501 -338.6047301303334
502 -6876.451589307515
503 -1329.2974625282727
504 -7378.819644208365
505 -1366.9972172739026
506 -1556.017682704857
507 -4517.138068299592
508 -4505.113328401673
509 -565.4266783155284
510 -6952.748098529902
511 -3782.791430305041
512 -3668.7359953248883
513 -282.30822597866484
514 -3489.6858543353155
515 -6895.339408451758
516 -6896.806088703278
517 -3603.8460418409595
518 -182.73527797525185
519 -6490.606102582472
520 -298.8708263170955
521 -7068.058203706044
522 -365.2587776471956
523 -1972.3803024410204
524 -893.9839488312388
525 -6970.979856244812
526 61.65742364478528
527 -1883.24234962622
528 -6171.313939172075
529 -6173.037843676316
530 109.2947072953589
531 -6059.975834827114
532 -3.3642597417260625
533 -3976.0282104024536
534 -955.225505753446
535 3666.8096192385083
536 -3965.862226532461
537 -6185.822348785661
538 -806.5706834218503
539 -6205.59205312665
540 -5449.5614250653325
541 192.4991522526757
542 -6810.461727522224
543 -6252.079292279756
544 -871.8114637833052
545 -5643.448225252463
546 117.49203045483083
547 -6647.0169251026355
548 -6241.266474217533
549 -6137.699501893144
550 -4291.878599544422
551 -6150.9434920503945
552 -6154.882927825133
553 5126.05124806322
554 -6848.8435578101125
555 -7005.3008720407715
556 -6168.154222419981
557 -26.072300394454118
558 -4280.807407851089
559 -6639.336928299671
560 -6648.142781581643
561 27.98062206212407
562 -4076.5314256551933
563 -7067.988930223765
564 -828.3231154768639
565 -6089.53827712795
566 156.0812573043764
567 -6165.257211934326
568 -6177.731479854489
569 -3984.68621692573
570 -4604.942897692805
571 -7055.908421355689
572 -807.9572059421861
573 -7068.399114656763
574 -2924.5920436599945
575 -7353.869285774583
576 -1157.3487906025318
577 -23.132614550017497
578 -5500.465003681713
579 -6934.127610705714
580 -6185.461028294212
581 38.7735770735998
582 -7215.661422862531
583 -1994.0907415187103
584 -7369.843851354212
585 -7010.632179591407
586 -2979.633697056262
587 -7000.781585569818
588 -7028.162091288151
589 -244.1231882386
590 -7066.663078022411
591 -6434.2456097496815
592 -6143.091123012331
593 -7068.314278955181
594 -3592.706078591723
595 -7037.021611577288
596 -6172.12808638216
597 117.62200239149323
598 -6155.934436546887
599 -718.5205999877785
600 -715.4340257123401
601 -3776.3761768395716
602 -6810.461727522224
603 -6187.484590040632
604 -7603.620816475728
605 -6848.8435578101125
606 -7072.92283964049
607 -6185.461028294212
608 -4280.807407851089
609 -6895.339408451758
610 -7369.843851354212
611 -7091.612261595731
612 -7072.032064897547
613 -6203.571214029415
614 -3976.0282104024536
615 -6206.430571457512
616 -7067.063942100737
617 -6647.0169251026355
618 -6158.318821570665
619 -7010.471387393336
620 -6645.044556561206
621 -7067.988930223765
622 -6178.391576650972
623 -7055.908421355689
624 -7353.869285774583
625 -7079.035574328298
626 -7378.819644208365
627 -7010.632179591407
628 -7045.099196463997
629 -7068.314278955181
630 -718.884487608281
631 -5582.928446095625
632 61.460154702869175
633 -5116.723791053772
634 -5585.379062832072
635 -1228.829094880728
636 -220.60950564117127
637 -1015.0775154179892
638 -6811.6883048019745
639 -267.7895645224873
640 -2498.14674400253
641 -6187.484590040632
642 -6160.181033221988
643 -7580.617085589694
644 23.9420272181028
645 -7046.349511391191
646 -3764.624221333367
647 69.75621510967402
648 -7073.839753666034
649 -746.2939997343137
650 -6176.5704315447
651 -5844.0820439740755
652 -426.5276785302745
653 -7072.92283964049
654 -7718.263135898365
655 -6174.817630704789
656 -2343.97388115593
657 -6059.455903878434
658 -6187.737446622507
659 16.079403498864792
660 -6910.6640186026825
661 -4200.7657173010375
662 -2412.910918142489
663 -420.3253073794853
664 -6145.1897054174815
665 -6882.941689268324
666 -6933.803117418617
667 -1115.14680428297
668 -6126.458879755661
669 -7369.843851354212
670 -6483.442893711967
671 -1233.0702306143858
672 -5585.192648793182
673 -1426.8016637353746
674 -6042.1401686675035
675 -7068.717987756325
676 -92.0174828409421
677 -1793.0929816567311
678 -7073.421656757708
679 -6179.409198873876
680 93.78725050735133
681 -6125.313015056411
682 -6201.123362300288
683 -1097.3998615247956
684 92.78219089636724
685 -5928.372955388945
686 -6400.276370399463
687 -387.5062016579865
688 -6909.490022922478
689 -6953.055603967418
690 -752.4437737152335
691 -5003.479451265072
692 1154.3015028897323
693 -7062.05705571608
694 -872.7171848836913
695 83.61148859915073
696 -7208.834640289282
697 -6285.579340205902
698 -6533.182778176364
699 -446.9736593761538
700 -5959.274053019937
701 -6124.9414027885
702 -6159.9090484037915
703 -4889.733235182002
704 -6670.995865655951
705 -6029.258085313299
706 -6151.161388082708
707 50.8889592213951
708 -6908.729480251485
709 -6019.3167836967295
710 -6674.496537019617
711 -7459.744405328068
712 15.799279864330286
713 -6760.980094159656
714 -7480.2264707983195
715 -730.7633387273249
716 -1850.4889531917015
717 -6178.391576650972
718 -6176.539381668108
719 -7084.594254625827
720 84.53346063380376
721 -1328.3301239952998
722 -7105.98642312332
723 115.63215728021068
724 -7053.038275708113
725 -7391.426091715189
726 -6495.978351617796
727 -7193.685681665624
728 19.591191032349652
729 -1884.9510222833915
730 -1004.0066392137725
731 -269.89780726163764
732 -6099.863889746186
733 -2128.1557242977196
734 -7152.542547233003
735 -7118.175264010555
736 108.48852231092455
737 -2004.1585905960437
738 -7712.613296396292
739 -7036.125893227564
740 -182.67792997517665
741 -7035.383686901903
742 -6992.536813034625
743 245.396212880353
744 60.78689343102264
745 -6999.1474485690815
746 -6132.224777473126
747 -7075.237328219544
748 -4415.191123096849
749 -7040.845508441398
750 -6173.508341602563
751 -6910.6640186026825
752 -6810.461727522224
753 -6187.484590040632
754 -7603.620816475728
755 -6848.8435578101125
756 -7072.92283964049
757 -6909.490022922478
758 -4280.807407851089
759 -6895.339408451758
760 -7369.843851354212
761 -7480.2264707983195
762 -7072.032064897547
763 -6674.496537019617
764 -6483.442893711967
765 -7712.613296396292
766 -7067.063942100737
767 -6647.0169251026355
768 -6158.318821570665
769 -7010.471387393336
770 -6670.995865655951
771 -7459.744405328068
772 -6178.391576650972
773 -7152.542547233003
774 -7391.426091715189
775 -7193.685681665624
776 -7378.819644208365
777 -7718.263135898365
778 -7045.099196463997
779 -7068.314278955181
780 -7075.237328219544
781 3683.8518956220964
782 51.70867832091212
783 -6908.295058513961
784 -6923.856229307531
785 -6770.931045029392
786 62.3940735481279
787 -1939.2803033872324
788 -6137.242739653318
789 -648.4571084398815
790 -6147.946596293309
791 -6184.901680314411
792 9.91397255546256
793 -11.091567362800824
794 -6390.8381996086555
795 -7696.050251061871
796 -1507.7061532946514
797 63.71015797216455
798 -7010.110204985777
799 -6172.428168383051
800 -6846.459785049644
801 -7076.988170756981
802 -3401.860916479104
803 -7065.326483959238
804 -7023.968550593833
805 -6826.29443602723
806 186.36543762838699
807 -6907.244482226581
808 -6890.244730144169
809 -716.0628045334736
810 -7016.730353020312
811 -4228.694025447506
812 -3618.9550283670815
813 -6927.512808780386
814 142.21347241839487
815 -7053.794933387896
816 -7018.189860329452
817 3642.1005106568005
818 13.367276422231924
819 -7369.843851354212
820 -1178.9274466823135
821 -7498.376458581773
822 -5624.006732828058
823 -7567.2909596881345
824 -4726.190632079804
825 -3542.4570891955336
826 -7689.871551564763
827 -7051.899806946345
828 -6723.130239174133
829 -5919.30671547497
830 -6852.268910318879
831 -6837.086023090296
832 -1719.3476697758822
833 -6511.716063592979
834 -6537.6092309547585
835 -6511.716063592979
836 -6157.796498581425
837 31.406366790663025
838 -7054.163311254025
839 -7572.817187966344
840 -1524.4954475468626
841 -6837.1781545249405
842 -4112.012461342443
843 -5996.97402045774
844 -6151.214301095383
845 53.699470564346434
846 -1970.994993803828
847 -6821.605787302579
848 -6844.773234300761
849 -479.9125173886017
850 -1434.2163253536555
851 -1114.4294045391416
852 -6179.805274397986
853 -2149.914113970695
854 -428.25690995038406
855 -1996.7752240312498
856 -806.5464434297372
857 -6977.696484396755
858 -168.99254645765635
859 -7050.596191683477
860 -6159.393962500982
861 53.22243058514266
862 -6612.3421613010905
863 -1978.6932604493122
864 -7053.882057339404
865 68.32590495159509
866 492.91079488973173
867 -6053.909983321032
868 -6185.689461000626
869 -771.4562079803477
870 -6688.500548889638
871 -7229.090087956301
872 -1023.7979045318573
873 -7707.718059081524
874 60.3386432154095
875 -1963.0066609290634
876 -1488.9009870739858
877 57.89141862282914
878 -5521.036928688267
879 -7011.515252364836
880 -7191.663699210351
881 -2001.81440407453
882 0.016461842270701063
883 -1903.5481412583295
884 -1187.1557978263718
885 -2031.564478094892
886 0.5856294003350363
887 -7803.249797178989
888 -6916.851519559217
889 -7049.3419152246115
890 -2904.8286837809037
891 -7046.567404276179
892 -7050.586789133502
893 -7526.884798522219
894 117.26283904671168
895 -7781.206335807001
896 -7628.632774496091
897 -1149.709505413653
898 -7536.69446416182
899 -7057.23326332056
900 -6180.030484521201
901 -6910.6640186026825
902 -6810.461727522224
903 -7628.632774496091
904 -7696.050251061871
905 -7016.730353020312
906 -7076.988170756981
907 -6909.490022922478
908 -4280.807407851089
909 -7053.794933387896
910 -7369.843851354212
911 -7567.2909596881345
912 -7072.032064897547
913 -6923.856229307531
914 -6688.500548889638
915 -7712.613296396292
916 -7067.063942100737
917 -6852.268910318879
918 -6890.244730144169
919 -7010.471387393336
920 -7050.596191683477
921 -7459.744405328068
922 -6178.391576650972
923 -7229.090087956301
924 -7707.718059081524
925 -7193.685681665624
926 -7378.819644208365
927 -7803.249797178989
928 -7049.3419152246115
929 -7781.206335807001
930 -7075.237328219544
931 16.145988504885096
932 -7506.882428925996
933 -7139.8342814698435
934 -6927.167517251977
935 23.702478870866027
936 -3498.03252404458
937 -6597.811688461922
938 -6093.341896793304
939 -7791.231839950837
940 43.49977727292853
941 -4181.561166591282
942 -7633.122620716774
943 1049.3069278472517
944 -6055.613831449655
945 -7545.617362714775
946 -1506.3868067102403
947 -6993.288632025834
948 -2407.8412498413
949 -7790.619306740321
950 -7728.478451112263
951 16.64340796393445
952 -1989.0889247818614
953 -7076.35050509988
954 -2778.8137231397195
955 -3599.8710896882626
956 -6719.690713829538
957 -6916.549723369209
958 -6879.973131541061
959 -5220.050902599282
960 83.91765217308539
961 -5221.623431071474
962 -6168.3654535504675
963 -7127.507609328013
964 -1038.6488511362254
965 -7715.496059396001
966 -7078.063638326747
967 -6942.060400554846
968 -6055.117431687788
969 -7531.402694667701
970 -7531.673218463852
971 -7745.320660631824
972 85.18586792720329
973 -6687.584685927361
974 -7601.721916753904
975 -5791.363060178737
976 -1653.4279417443213
977 -1422.912953407507
978 -6184.342065800607
979 -1965.1008921044586
980 35.2264994384647
981 -6813.407900670775
982 -7028.728599253555
983 29.760944252476314
984 -2168.617372259043
985 -6847.9981829008975
986 -6254.095730305435
987 -7810.429620872361
988 23.844714779555254
989 -7554.605502366321
990 -7809.015966082784
991 -1420.2834037078894
992 -5184.541520950472
993 -7078.012052797918
994 -7045.851770199411
995 -6862.177083550881
996 -5250.193255398467
997 -6901.466512951097
998 -2492.217199699919
999 57.14174693984228
1000 -2724.2002747141073
1001 -6793.7709415110385
1002 -6878.965287250257
1003 1.5252268571616467
1004 -7697.585910074675
1005 -7001.120606387887
1006 -7677.059038980559
1007 -7302.418143086074
1008 20.929564596861226
1009 -2008.4282559497642
1010 -7222.850775300616
1011 42.63174627168572
1012 -7091.959938341241
1013 -7434.520531912836
1014 -7056.613932712058
1015 -7809.412901658541
1016 -1432.5416309159282
1017 -7448.57152075221
1018 -6919.191612236964
1019 -7768.535356970723
1020 51.036167123473355
1021 -7762.041187561872
1022 -6886.405664371845
1023 -7784.48811404209
1024 -96.44551889979412
1025 -6965.325930930812
1026 -7794.960744944508
1027 -7307.092954213167
1028 123.40197068594796
1029 -7271.971853915943
1030 -7050.749126525678
1031 36.94991540177911
1032 -7643.2352232625735
1033 -7736.270911764773
1034 -6859.807300653232
1035 -7804.541567258534
1036 33.90534343663213
1037 -5394.161297851265
1038 -1559.6804693748356
1039 -801.8632726383121
1040 -7479.7579056942595
1041 -7032.274533856803
1042 -7558.972523061012
1043 -6448.055058977772
1044 -7542.428857683052
1045 -7732.415850711984
1046 -6876.060326027062
1047 -7080.457293000007
1048 -132.74734899797298
1049 -7079.163271521542
1050 -2536.4446902821146
1051 -7139.8342814698435
1052 -7601.721916753904
1053 -7791.231839950837
1054 -7696.050251061871
1055 -7790.619306740321
1056 -7076.988170756981
1057 -6916.549723369209
1058 -5221.623431071474
1059 -7715.496059396001
1060 -7643.2352232625735
1061 -7745.320660631824
1062 -7072.032064897547
1063 -6923.856229307531
1064 -6847.9981829008975
1065 -7810.429620872361
1066 -7222.850775300616
1067 -6901.466512951097
1068 -6890.244730144169
1069 -7633.122620716774
1070 -7302.418143086074
1071 -7542.428857683052
1072 -7809.412901658541
1073 -7768.535356970723
1074 -7784.48811404209
1075 -7307.092954213167
1076 -7736.270911764773
1077 -7804.541567258534
1078 -7049.3419152246115
1079 -7781.206335807001
1080 -7080.457293000007
1081 -7319.683438199071
1082 -3733.8386350807773
1083 -1823.1772025917269
1084 -6980.887458060251
1085 -7768.085377631438
1086 63.24257006987045
1087 -2010.680077801192
1088 -6816.261606621791
1089 -7803.822642086201
1090 -1542.3161250705039
1091 -7791.481486873496
1092 -7076.8052159417475
1093 -4693.051753185061
1094 49.214476100529765
1095 -7168.3254859653625
1096 -7658.865144734729
1097 -7735.989584284029
1098 -7634.116309708555
1099 -7789.961396616865
1100 -7053.184608063203
1101 58.06523120482739
1102 -2813.318686867912
1103 -7088.8058752723
1104 -7078.0549596567735
1105 -7083.535364733674
1106 26.80053485391597
1107 -7076.0428533618
1108 -884.8652815143053
1109 6.247836530717528
1110 -5132.73978698597
1111 -5273.553178915758
1112 -4456.760692314612
1113 -2495.0459492425034
1114 -7562.491326623665
1115 -6236.222865172532
1116 -1522.7228619332034
1117 -7715.052904492479
1118 62.956724743401516
1119 -2014.281973712054
1120 -7716.974281309607
1121 -7758.091884407091
1122 -937.7337192953623
1123 -7226.1383860961505
1124 -6874.128018695656
1125 -33.912653292746555
1126 -6984.247875129802
1127 -7072.283463269676
1128 -7057.542760507619
1129 -6660.64235043385
1130 82.93708131611751
1131 -6817.515220230739
1132 -775.4827946647213
1133 -202.85790459048405
1134 -5571.642612894867
1135 -6863.396591126944
1136 -6673.363229729468
1137 -715.80444435354
1138 -7091.767634969924
1139 -7788.424048563254
1140 -7799.851059416551
1141 -7550.7582941901355
1142 32.122003482215504
1143 -7054.355555859196
1144 -1306.681249824231
1145 -6964.358177358573
1146 -537.6305278630318
1147 -6994.693554452853
1148 -4935.187719348039
1149 -6898.442739250831
1150 -4979.841047465364
1151 -6903.73744723563
1152 -6881.9338430975
1153 -6119.966879627933
1154 -478.790952579863
1155 -7634.116309708555
1156 -6910.937400166174
1157 -26.62578349252719
1158 -7767.574851971954
1159 -7069.582766050782
1160 -7300.336062496758
1161 18.699034667738516
1162 -7656.206595604234
1163 -7564.12236289995
1164 -7546.898906613107
1165 -2102.8740105863744
1166 -7091.191918488907
1167 -2008.8516012199707
1168 -1866.704094614211
1169 25.787316628794798
1170 -7768.0777054023965
1171 -7212.906310903561
1172 -7794.687635972843
1173 -7479.96977198176
1174 -1644.1962436920342
1175 -3949.051715357053
1176 -7052.201051597441
1177 -7636.263209977413
1178 -7736.783202233935
1179 -7788.729309165045
1180 -1605.5702883270214
1181 -7025.347394811524
1182 -7805.761829678404
1183 -7577.344755809556
1184 -7734.164883683732
1185 -7791.591542602436
1186 -6582.915753419761
1187 -7809.0076920594
1188 -7537.327165181444
1189 -731.3559206860026
1190 -5523.275272247641
1191 -7745.134035135274
1192 -5354.281328482908
1193 -7804.325064227086
1194 33.83409181716456
1195 -7816.038808154259
1196 -7817.85185192469
1197 27.44068927022383
1198 -7520.957899890126
1199 -7043.33523249379
1200 -7080.439575845276
1201 -7794.687635972843
1202 -7768.085377631438
1203 -7803.822642086201
1204 -7696.050251061871
1205 -7790.619306740321
1206 -7091.767634969924
1207 -7083.535364733674
1208 -5523.275272247641
1209 -7715.496059396001
1210 -7715.052904492479
1211 -7758.091884407091
1212 -7072.283463269676
1213 -6923.856229307531
1214 -6863.396591126944
1215 -7810.429620872361
1216 -7550.7582941901355
1217 -6994.693554452853
1218 -6903.73744723563
1219 -7768.0777054023965
1220 -7817.85185192469
1221 -7564.12236289995
1222 -7809.412901658541
1223 -7768.535356970723
1224 -7784.48811404209
1225 -7799.851059416551
1226 -7736.783202233935
1227 -7809.0076920594
1228 -7745.134035135274
1229 -7816.038808154259
1230 -7080.457293000007
1231 -7804.210353443991
1232 28.623225618492167
1233 -7806.689766417486
1234 -1610.6071974041408
1235 -7770.010019678484
1236 84.32317985152847
1237 -7683.217749469901
1238 -6854.504576869545
1239 -7790.21307580283
1240 15.6102587821376
1241 -7029.579974292345
1242 -7799.354148035784
1243 -6633.151507005726
1244 -7756.800928125538
1245 -7714.482316024534
1246 -6821.100936731944
1247 -2230.286373861502
1248 -7815.580735325237
1249 -7708.424745875165
1250 -1554.757159465363
1251 39.25467870494856
1252 -3610.786313641826
1253 -6955.381798764733
1254 -6190.306425095008
1255 -7411.546121923557
1256 18.068271933853094
1257 -7359.0406136635975
1258 -1167.4913481964543
1259 0.15252299383299578
1260 -5804.9640303021015
1261 -5534.665338767249
1262 -4689.751381479875
1263 -7736.603036709443
1264 -3132.980166581905
1265 -7735.13839698612
1266 -1527.5349446795863
1267 21.021024220091903
1268 -7771.934226164624
1269 -7387.018425546788
1270 -1526.0401595312792
1271 -169.7132162967122
1272 -6917.035823902097
1273 -2009.8987605370385
1274 -7755.543905407596
1275 -7083.195476019596
1276 -476.95410905098583
1277 -1437.447154567309
1278 -6178.807860129759
1279 -518.7303661351116
1280 -7609.917082464344
1281 -7637.946712334715
1282 -7550.182124674351
1283 -3794.6131821785957
1284 2.1407893229335633
1285 -6915.556114236786
1286 -6896.01143513248
1287 -7818.138093266222
1288 51.63601728096869
1289 -7671.923512453588
1290 -7076.277049391205
1291 5.962532578247554
1292 -7703.975680025753
1293 -7562.905217928924
1294 -1413.409737497474
1295 -6990.770337726929
1296 71.9657681920431
1297 -6994.396706139242
1298 -6994.492878211254
1299 31.139513516336674
1300 -5621.653290024808
1301 -6910.310390706546
1302 -6883.887234873038
1303 -7789.266786614606
1304 29.17294797638984
1305 -7789.152465684268
1306 -7787.660283260789
1307 62.33487249034067
1308 -7803.703226605959
1309 -7790.867787473231
1310 -7800.654259837202
1311 41.946937582730115
1312 -6993.244652437148
1313 -7649.769371372133
1314 -7699.893468757232
1315 -7001.046007985134
1316 31.308075615788198
1317 -7784.291654784742
1318 -4199.842603410696
1319 46.21190634959037
1320 -7762.66017641008
1321 -7773.289216741125
1322 -7776.513868162016
1323 -7743.245203813429
1324 -861.8292019618453
1325 -7006.573444717005
1326 -7784.5634167353255
1327 11.212877933106647
1328 -7824.079199730706
1329 -7784.707419964834
1330 -1610.7302185743615
1331 19.30835900515725
1332 -7795.562000061795
1333 -7801.520096686904
1334 -7815.75109364456
1335 -1612.4973549883086
1336 -7801.113540203301
1337 -7764.335910665527
1338 -7799.383208828963
1339 -3992.981100777062
1340 53.64731174841405
1341 -7793.274618734383
1342 -7790.520954802756
1343 -1668.7919080710442
1344 -7811.263008332388
1345 -7747.5182989825225
1346 -7717.072799596659
1347 -4069.585849493918
1348 -7727.927313816066
1349 -7082.891609996858
1350 -6190.43749659118
1351 -7806.689766417486
1352 -7815.75109364456
1353 -7803.822642086201
1354 -7824.079199730706
1355 -7803.703226605959
1356 -7717.072799596659
1357 -7411.546121923557
1358 -5534.665338767249
1359 -7795.562000061795
1360 -7715.052904492479
1361 -7758.091884407091
1362 -7083.195476019596
1363 -7799.354148035784
1364 -7790.520954802756
1365 -7818.138093266222
1366 -7609.917082464344
1367 -6994.693554452853
1368 -6910.310390706546
1369 -7789.266786614606
1370 -7817.85185192469
1371 -7703.975680025753
1372 -7809.412901658541
1373 -7773.289216741125
1374 -7799.383208828963
1375 -7801.113540203301
1376 -7801.520096686904
1377 -7811.263008332388
1378 -7793.274618734383
1379 -7816.038808154259
1380 -7082.891609996858
1381 -7808.38185618959
1382 8.333127034032573
1383 -7793.253364439262
1384 -6925.2341340452585
1385 40.16708220249582
1386 -7799.950686479275
1387 -7885.059722267452
1388 -3174.9252978098384
1389 63.197514697010064
1390 -7782.810560305917
1391 -7566.649294700669
1392 -3470.2576615306634
1393 94.9568340738474
1394 -7006.964912358572
1395 -7884.18415844345
1396 -7150.156963908351
1397 -7818.780205650539
1398 34.56607553476989
1399 -7814.377249098154
1400 -7085.663881542078
1401 18.285230096482596
1402 -7726.334103512906
1403 -7076.301647492367
1404 -6832.899528596897
1405 -7225.171756352174
1406 -2475.1594412013774
1407 -7414.746838040868
1408 -7398.034617272548
1409 40.73651286760951
1410 -7506.602505822897
1411 -5524.376554969481
1412 -4683.485906623713
1413 -7793.603865743609
1414 51.00092450246434
1415 -7697.74650755225
1416 -7086.85940123544
1417 38.096656243735254
1418 -7791.383705733576
1419 -7695.656168535744
1420 -6822.9677280135875
1421 609.6096250057169
1422 -6783.451205968865
1423 -7744.411768887211
1424 -7757.689802669729
1425 -5910.544067790389
1426 -7764.466780581162
1427 -7013.229019021064
1428 -6947.628763525088
1429 -4048.330758929827
1430 46.861787463019255
1431 -7550.392285864296
1432 -7059.796483617756
1433 86.07439472741586
1434 -7817.218132598395
1435 -7790.744353526218
1436 -1596.7528502507535
1437 -7791.522876036727
1438 3.3940224493143343
1439 -7812.154543571374
1440 -6923.12632308457
1441 -7775.214675695186
1442 29.392038380305813
1443 -7781.197783662143
1444 -7067.091168394575
1445 -7006.2255656970965
1446 213.63148187670134
1447 -7008.808934347136
1448 -7037.061565900718
1449 12.739989419643551
1450 -1779.4697689886157
1451 -6903.308040273514
1452 -4956.381457015467
1453 -373.7128488494645
1454 -7777.152788886097
1455 -7800.893990122088
1456 -7818.841530162389
1457 -1727.251714996342
1458 -7802.609538081687
1459 -7820.588503026042
1460 -7805.243611990448
1461 17.4254978486096
1462 -7815.228486171607
1463 -7758.060668441893
1464 -7764.506813437989
1465 -7815.865085680346
1466 26.73560801233794
1467 -7799.901797052901
1468 -7070.95588674304
1469 -7774.284096307291
1470 -71.09526840801689
1471 -7777.861899265194
1472 -1584.2340786944137
1473 -7821.955349733576
1474 58.11250331079581
1475 -7803.086696707739
1476 -7816.0282760509745
1477 -7803.942234593794
1478 -2750.4105050128437
1479 -7805.754276872563
1480 -7725.882578134251
1481 -7802.0010269063205
1482 -4705.211541890372
1483 -7799.489405493108
1484 -7798.728422173411
1485 -7814.414521235154
1486 -1596.5852318961092
1487 -7806.2459841965
1488 -7805.893386005673
1489 -7645.767162215105
1490 -7880.6567985311185
1491 -7794.293396500136
1492 -6872.664142441146
1493 -7819.62893243574
1494 -397.95421847918954
1495 -7821.829163204231
1496 -7083.762826527296
1497 -837.4711578362632
1498 -7651.278305082068
1499 -7081.713335136699
1500 -878.4655494426338
1501 -7808.38185618959
1502 -7885.059722267452
1503 -7805.243611990448
1504 -7884.18415844345
1505 -7818.780205650539
1506 -7717.072799596659
1507 -7414.746838040868
1508 -7816.0282760509745
1509 -7795.562000061795
1510 -7805.893386005673
1511 -7777.152788886097
1512 -7083.195476019596
1513 -7799.354148035784
1514 -7790.744353526218
1515 -7818.841530162389
1516 -7781.197783662143
1517 -7008.808934347136
1518 -6910.310390706546
1519 -7800.893990122088
1520 -7820.588503026042
1521 -7764.466780581162
1522 -7815.865085680346
1523 -7777.861899265194
1524 -7821.955349733576
1525 -7805.754276872563
1526 -7802.0010269063205
1527 -7814.414521235154
1528 -7794.293396500136
1529 -7821.829163204231
1530 -7082.891609996858
1531 -7807.814171369538
1532 -3140.564273242973
1533 -6942.8296115780495
1534 -7810.043290407424
1535 -4303.721159516209
1536 -7449.460187907061
1537 -7881.822221559725
1538 -7819.914986161369
1539 -7793.636327111096
1540 -2474.009554267539
1541 -7808.226361828045
1542 -7073.609982544758
1543 -7456.641365562256
1544 -7821.827240874847
1545 -7807.015379736818
1546 -7796.082419867492
1547 53.681429034369984
1548 -7756.116564048321
1549 -7783.257031696861
1550 -7067.930573415163
1551 112.86598325022094
1552 -7827.487606214398
1553 -7821.266766351043
1554 -1632.2122375676859
1555 418.92916560819594
1556 -6805.1182583866985
1557 -7470.816671723032
1558 -6719.414023606177
1559 -7822.596671064631
1560 -208.9865570794189
1561 -7821.22182852918
1562 -7403.789211997699
1563 -7660.80571231683
1564 63.25725390442251
1565 -2070.2352500344405
1566 -7788.523110877797
1567 24.590378854747147
1568 -7871.228497790654
1569 -7802.372816041305
1570 -7301.648037021416
1571 -7791.415896046305
1572 -287.84498623912293
1573 -7788.623270019526
1574 -7522.6534049882675
1575 -3658.476508668159
1576 -7686.074182851648
1577 -7085.0732706962335
1578 -7066.788651463407
1579 -7805.493605811352
1580 -456.9923805996881
1581 -7805.956512800817
1582 -6900.908247047278
1583 -7799.620327726011
1584 -1672.6234985633716
1585 -7721.005078514106
1586 -4001.216362363364
1587 -12.943069030592326
1588 -7806.802503114162
1589 -7804.8127850791625
1590 -7824.316767703321
1591 -39.31993057733382
1592 -7073.8118134425995
1593 -7822.714075326132
1594 -1633.3729024118584
1595 -4207.850231031591
1596 -7808.163541244168
1597 -7549.46320564095
1598 -1918.903401352939
1599 156.20302690316382
1600 -7675.969512760299
1601 -7406.061274364087
1602 -7419.2331732212515
1603 102.32255812410529
1604 -7751.996664003967
1605 -7763.226802356202
1606 -1549.402515311103
1607 -7819.403502253316
1608 73.95322674688327
1609 -7820.455539796738
1610 -7387.454649890391
1611 54.16729912415517
1612 -7882.50953300434
1613 -7768.069532880247
1614 -7018.295616068868
1615 91.66229230991792
1616 -7596.926852612509
1617 -7760.851070884201
1618 -7817.59776397885
1619 15.078295074840291
1620 -7889.380951898149
1621 -7861.764384869578
1622 -1680.8544986335555
1623 -2888.5249946804365
1624 -7800.049721947573
1625 -7818.702190939854
1626 -6922.513028034259
1627 -5174.814299589325
1628 -7779.348146210972
1629 -7805.314004630003
1630 -7804.248957179919
1631 -2731.694637544723
1632 -7820.208294834059
1633 -7672.3699832827515
1634 -7778.057907131713
1635 -119.20424938407386
1636 -7783.479294828201
1637 -7805.717216355492
1638 -5314.415773562613
1639 44.76113426884931
1640 -7684.2970119374
1641 -7757.599059826376
1642 -6886.662564112393
1643 -7821.999058777509
1644 126.79460579865898
1645 -7823.597079945601
1646 -1623.367785585925
1647 -7820.63083775948
1648 2.238774665797017
1649 -7821.982463636937
1650 -7084.729381141997
1651 -7808.38185618959
1652 -7885.059722267452
1653 -7808.226361828045
1654 -7889.380951898149
1655 -7827.487606214398
1656 -7821.266766351043
1657 -7596.926852612509
1658 -7822.596671064631
1659 -7795.562000061795
1660 -7810.043290407424
1661 -7800.049721947573
1662 -7085.0732706962335
1663 -7805.956512800817
1664 -7799.620327726011
1665 -7820.208294834059
1666 -7822.714075326132
1667 -7824.316767703321
1668 -7783.479294828201
1669 -7800.893990122088
1670 -7820.588503026042
1671 -7768.069532880247
1672 -7815.865085680346
1673 -7871.228497790654
1674 -7821.955349733576
1675 -7805.754276872563
1676 -7802.0010269063205
1677 -7814.414521235154
1678 -7794.293396500136
1679 -7823.597079945601
1680 -7821.982463636937
1681 -7766.281896674631
1682 29.073093598079343
1683 -7772.533538740839
1684 -7807.502491726713
1685 -7887.33772413661
1686 9.59643611802819
1687 -7699.554534383224
1688 -6981.330627469461
1689 -174.20095008139208
1690 -7816.69466314689
1691 -7894.243343091552
1692 -2763.6840308095943
1693 -7889.305701304616
1694 -3036.7327633834398
1695 -7887.667451169449
1696 -7865.449001473324
1697 -7790.110633666258
1698 32.311075954669874
1699 -7814.278593371663
1700 -7828.097176125437
1701 -7681.421240098245
1702 45.07214768771444
1703 -7792.704804757767
1704 -7817.047087600122
1705 -525.9459063105184
1706 -7785.4667358443985
1707 -7597.100924089523
1708 -7112.390836748634
1709 -5026.925456188559
1710 -7819.337725656572
1711 -7813.982237357868
1712 -2231.829242305843
1713 -7887.022839525939
1714 6.591431386531572
1715 -7759.016026120641
1716 -7830.066925084524
1717 -7811.2883892299005
1718 -3230.056924994308
1719 -7801.210523318547
1720 -7655.479922881387
1721 -5460.191639272496
1722 -7806.739227538735
1723 -7766.9272772388695
1724 -1611.9056593965129
1725 -3539.948941916899
1726 -7818.42898933707
1727 -7804.044673218037
1728 -7083.574298638028
1729 -7814.649077159693
1730 -141.16952493818096
1731 -7815.520277915575
1732 -1607.9020660192014
1733 -5920.978127072076
1734 -7821.686591682484
1735 -7812.533502388451
1736 -6926.798504149053
1737 -7681.6750080734455
1738 25.693223469313303
1739 -7885.448047552292
1740 -7820.316362675242
1741 -7872.5423806480285
1742 26.806888135050684
1743 -7887.5472675292485
1744 -7850.304214776221
1745 -1102.7272493446042
1746 -7889.806982285826
1747 -7813.632531373048
1748 -7071.207137879626
1749 57.68330521433765
1750 -7890.979439538758
1751 -7783.479294828201
1752 -6866.070494684801
1753 3.6726799195089006
1754 -7886.2185939947385
1755 -7787.7080353966785
1756 -4605.1613319883845
1757 -7831.057866697925
1758 102.19707558454233
1759 -7831.4114185228145
1760 -7825.150700527748
1761 -7892.156840024755
1762 0.8664072845600814
1763 -7828.884937484727
1764 -6984.734772508849
1765 -7822.136011339635
1766 180.57630740982867
1767 -7822.136011339635
1768 -7825.172851615986
1769 168.74415894962996
1770 -7822.508588065495
1771 -7859.924751283347
1772 -6700.5014013675745
1773 -7802.022790985667
1774 24.11982973295971
1775 -7821.883065767112
1776 -7819.332653563286
1777 0.838449327567055
1778 -7894.640597924278
1779 -7095.739266703128
1780 -7795.9618642549185
1781 -5841.473636786633
1782 -7821.678854034989
1783 -7800.776054791628
1784 -7066.072469126712
1785 -7817.381860718703
1786 -4940.1054726501025
1787 -7817.307137339087
1788 -7182.733338488614
1789 -7800.809780747689
1790 -264.05919881980685
1791 -7818.034834415452
1792 -7070.71928281191
1793 -7714.41802734812
1794 24.302849538610847
1795 -7818.537966000492
1796 -7823.370875699987
1797 29.935218256796237
1798 -7746.791036396925
1799 -7823.8756694667745
1800 -6886.991893222726
1801 -7808.38185618959
1802 -7887.33772413661
1803 -7894.243343091552
1804 -7889.380951898149
1805 -7827.487606214398
1806 -7821.266766351043
1807 -7597.100924089523
1808 -7822.596671064631
1809 -7887.022839525939
1810 -7811.2883892299005
1811 -7850.304214776221
1812 -7817.047087600122
1813 -7815.520277915575
1814 -7830.066925084524
1815 -7889.806982285826
1816 -7887.5472675292485
1817 -7890.979439538758
1818 -7894.640597924278
1819 -7822.508588065495
1820 -7831.4114185228145
1821 -7892.156840024755
1822 -7822.136011339635
1823 -7871.228497790654
1824 -7821.955349733576
1825 -7823.370875699987
1826 -7807.502491726713
1827 -7817.381860718703
1828 -7818.034834415452
1829 -7823.597079945601
1830 -7823.8756694667745
1831 32.991981752798665
1832 -7895.642023410205
1833 -7795.024576481867
1834 -7818.778474623262
1835 38.11323062083128
1836 -7892.224545480883
1837 -7888.216712469941
1838 -7891.623677408099
1839 -852.7077828364206
1840 -7891.902971867953
1841 -7868.8465990783
1842 -7888.595155372134
1843 132.43099388931589
1844 -7831.724241195944
1845 -7774.078154612036
1846 -7824.054924626965
1847 123.66031289227593
1848 -7819.621575718324
1849 -7799.126162158711
1850 -7812.695517840766
1851 -7823.349838554258
1852 149.97702645535296
1853 -7823.60161810138
1854 -7671.486371471524
1855 52.58307237585186
1856 -7895.692123493221
1857 -7819.015917432853
1858 -6921.122431478822
1859 117.28728095462715
1860 -7819.887611834896
1861 -7822.324717570569
1862 -7814.156383797599
1863 169.47423369551774
1864 -7812.937254406865
1865 -7883.896682355442
1866 -7817.867427496739
1867 -2.9422279977042756
1868 -7707.018093434152
1869 -7781.816881749087
1870 -7082.806847760755
1871 -7890.151444694822
1872 27.905222443042025
1873 -7890.356750990881
1874 -1701.0223850460698
1875 -5574.9205866988195
1876 -7892.516194772583
1877 -7820.96085723702
1878 -6920.309960362604
1879 -7818.0088848118485
1880 -2981.384555730898
1881 -7814.362343703946
1882 -6823.479893452628
1883 -2890.5096540547665
1884 -7823.567838511037
1885 -7838.601860540888
1886 -7890.925578671611
1887 -7893.261605614271
1888 18.178808670016902
1889 -7887.372481619195
1890 -7118.095184863945
1891 -7892.688824637034
1892 -592.0291587528029
1893 -7891.17671923814
1894 -7819.459279821842
1895 33.71140872801753
1896 -7889.426884265586
1897 -7889.04504875406
1898 -7819.051603955339
1899 -1139.9848088475849
1900 -7822.717715568755
1901 -7893.982532956271
1902 -7895.872972751842
1903 -7682.290188521827
1904 21.819771169742644
1905 -7822.386095935528
1906 -7086.4871411974445
1907 -7894.942852753155
1908 -2.1267180207839975
1909 -7724.418111143237
1910 -7889.088143031071
1911 27.381634127730763
1912 -7891.28378446132
1913 -7895.356031907651
1914 -7891.100828513769
1915 74.0532361161514
1916 -7711.577539571317
1917 -7812.407217657005
1918 -7808.50171603817
1919 -7876.492091953408
1920 45.23015112601679
1921 -7874.119276971377
1922 -1670.3217930788728
1923 -7828.648217615236
1924 161.50410462018152
1925 -7827.621855185853
1926 -6629.4162060253375
1927 -7832.632701973079
1928 75.39252341970878
1929 -7830.17105881676
1930 -6930.100995869261
1931 -7822.230617173791
1932 157.28518117245142
1933 -7820.725600530069
1934 -6791.060097741416
1935 32.25337830917821
1936 -7891.673434231819
1937 -7830.792801874328
1938 -7825.520880054864
1939 -7827.910718854685
1940 -488.0043956817005
1941 -7827.794334699572
1942 -1633.769997673505
1943 -7893.340532409883
1944 10.73897006445489
1945 -7893.970246918237
1946 -7784.611279290937
1947 31.828663017828315
1948 -7894.684519475005
1949 -7826.767165582388
1950 -1622.8082549642468
1951 -7812.695517840766
1952 -7888.216712469941
1953 -7894.243343091552
1954 -7889.426884265586
1955 -7827.487606214398
1956 -7823.60161810138
1957 -7824.054924626965
1958 -7822.596671064631
1959 -7891.28378446132
1960 -7890.925578671611
1961 -7890.356750990881
1962 -7822.717715568755
1963 -7818.0088848118485
1964 -7895.872972751842
1965 -7894.684519475005
1966 -7892.688824637034
1967 -7891.902971867953
1968 -7895.692123493221
1969 -7822.508588065495
1970 -7894.942852753155
1971 -7895.356031907651
1972 -7822.136011339635
1973 -7876.492091953408
1974 -7828.648217615236
1975 -7832.632701973079
1976 -7822.230617173791
1977 -7831.724241195944
1978 -7827.910718854685
1979 -7893.970246918237
1980 -7826.767165582388
1981 -7678.460164592
1982 98.90747680797571
1983 -7812.269827330293
1984 -7807.384134015663
1985 -2660.921808034394
1986 -7891.544180378344
1987 -7816.395597573824
1988 -6983.7032635921605
1989 35.7297766961854
1990 -7894.4275392287245
1991 -7697.614817813281
1992 -7826.579820390342
1993 -7893.817742275674
1994 28.823861676651546
1995 -7806.436231732552
1996 -7894.464529891255
1997 2.882904250727764
1998 -7687.495902205056
1999 -7826.771457926174
2000 -7824.772524796084
2001 -80.88208134587947
2002 -7895.899908849379
2003 -7816.095434196962
2004 -1613.1081084747736
2005 -7829.570199979241
2006 63.928831140808455
2007 -7829.570199979241
2008 -7083.070230470932
2009 55.83814369423026
2010 -7895.907684917076
2011 -7799.642058636653
2012 -7271.2020784687775
2013 -7892.4914909604395
2014 -710.0056711114407
2015 -7745.118933801886
2016 -7767.259485568579
2017 135.5379697756586
2018 -7827.510880536251
2019 -7891.544180378344
2020 -3283.519861569044
2021 38.54032894357098
2022 -7889.741583340976
2023 -7894.759166362585
2024 -1693.7938683772418
2025 32.468330563833725
2026 -7895.236753307544
2027 -7826.317890950341
2028 -7830.575337874068
2029 -7799.938733900962
2030 29.042016874000122
2031 -7827.510880536251
2032 -7819.741623281105
2033 4.585078550369619
2034 -7894.029701488233
2035 -7894.705176718153
2036 -1697.7150518958779
2037 -7891.528627495911
2038 6.704109875501249
2039 -7883.607435131038
2040 -6986.3107431806975
2041 32.33145954772966
2042 -7895.216716170026
2043 -7709.885187015163
2044 -7856.287507514576
2045 -6642.176686606603
2046 -7822.933556403453
2047 -7888.134801451244
2048 -7157.012568595491
2049 116.45105743507892
2050 -7807.648019397628
2051 -7804.667543815934
2052 -6980.362473529324
2053 -7826.726997717385
2054 147.76633333013672
2055 -7814.82347483452
2056 -6995.228180806022
2057 -7895.770921423712
2058 11.813242964049572
2059 -7895.013644158674
2060 -7151.455324480503
2061 -7894.001234731813
2062 5.226745441347109
2063 -7745.724665571072
2064 -7871.354925045387
2065 -7829.540554506979
2066 161.6031506342937
2067 -7829.133577572331
2068 -7467.226291172358
2069 35.85256365838742
2070 -7895.3880593354625
2071 -7886.404701405395
2072 -7800.769382299
2073 -7894.625860017681
2074 31.813923299586477
2075 -7713.686208149107
2076 -7885.234838763079
2077 50.81925519968596
2078 -7893.776116663517
2079 -7858.511768493188
2080 -7785.356866339947
2081 36.64473582554357
2082 -7895.781251734724
2083 -7820.6348504365105
2084 -7816.7644096929625
2085 7.2694592582903494
2086 -7894.42071981116
2087 -7831.898588473571
2088 -7066.727232126156
2089 -7775.68421643345
2090 1.6809273596698902
2091 -7831.650364434832
2092 -7713.152809599322
2093 -7894.6760244865245
2094 -38.8062839439293
2095 -7768.546751320288
2096 -7155.62089114798
2097 49.169668439249335
2098 -7891.7969819310865
2099 -7885.98464428341
2100 -7887.5492452670205
2101 -7812.695517840766
2102 -7895.3880593354625
2103 -7894.243343091552
2104 -7893.817742275674
2105 -7827.487606214398
2106 -7823.60161810138
2107 -7829.570199979241
2108 -7887.5492452670205
2109 -7892.4914909604395
2110 -7894.42071981116
2111 -7894.759166362585
2112 -7826.317890950341
2113 -7827.510880536251
2114 -7895.872972751842
2115 -7894.684519475005
2116 -7895.781251734724
2117 -7894.4275392287245
2118 -7895.899908849379
2119 -7826.726997717385
2120 -7895.770921423712
2121 -7895.356031907651
2122 -7829.540554506979
2123 -7889.741583340976
2124 -7895.907684917076
2125 -7858.511768493188
2126 -7822.933556403453
2127 -7831.898588473571
2128 -7831.650364434832
2129 -7894.6760244865245
2130 -7885.98464428341
2131 -7786.811123086876
2132 62.72436149997067
2133 -7705.349015621408
2134 -7807.606874324109
2135 -402.50307228518295
2136 -7895.922686433867
2137 -7895.1731302450125
2138 -1644.9696171842643
2139 -1658.145443464554
2140 -7831.0039523810565
2141 -7696.21512277832
2142 -1673.7194523558978
2143 -7893.076037115402
2144 -611.3951235355408
2145 -7893.370599392817
2146 -1705.786856923662
2147 -7754.440496284529
2148 -0.7959455491317342
2149 -7783.135922400625
2150 -6921.702914609446
2151 24.892590525401506
2152 -7894.073316401568
2153 -7895.052677320835
2154 -7826.805557007148
2155 44.7211654063229
2156 -7895.492394843981
2157 -7822.239405674708
2158 -7806.564630561161
2159 41.03504312489784
2160 -7894.772487659222
2161 -7885.707424511125
2162 -7880.479082101658
2163 39.2070745034707
2164 -7895.431426262395
2165 -7891.957572888869
2166 -7144.1985435287
2167 -7893.348494450723
2168 7.743408530438146
2169 -7894.609459726648
2170 -7830.415912541655
2171 -7894.78865325577
2172 -7677.138545219829
2173 -7894.531067989622
2174 -1693.47139423696
2175 -7824.8146965867
2176 143.67378132211334
2177 -7810.269469136374
2178 -7066.854673620763
2179 -7827.6183806933495
2180 77.60960951426094
2181 -7824.214534276011
2182 -7821.824925137523
2183 36.28056816615089
2184 -7895.970903751704
2185 -7895.8011005955705
2186 -2810.8912977472737
2187 47.118962339721115
2188 -7800.920021758424
2189 -7894.771075335837
2190 -7662.0081569552785
2191 -7895.143954949466
2192 39.782518414972294
2193 -7827.735466171984
2194 -7805.8738829996255
2195 -7895.105243746331
2196 21.501567709232912
2197 -7738.673356648985
2198 -7875.673780200022
2199 -7896.108373188862
2200 34.123454881366904
2201 -7894.439011898193
2202 -7147.095606750377
2203 -7806.361224522386
2204 120.47799873593598
2205 -7828.037679698874
2206 -6908.890945673122
2207 53.96566855309781
2208 -7888.097548428766
2209 -7735.547755361111
2210 -7878.994543459519
2211 -7895.9231929508505
2212 -221.71498858554165
2213 -7892.63490483004
2214 -6990.689158599846
2215 -7714.296466400485
2216 31.92249967445229
2217 -7829.730943067194
2218 -7812.028715615634
2219 -55.564644016379454
2220 -7826.970920595571
2221 -7788.141048145663
2222 -7744.506058080829
2223 -7892.191345500226
2224 0.6429125344887108
2225 -7893.74084114898
2226 -1689.5161470466487
2227 43.37335758975634
2228 -7894.697296420898
2229 -7876.427216103302
2230 -7895.646435447249
2231 -7813.692166891198
2232 130.42268104934405
2233 -7822.428009638387
2234 -2034.9902797371233
2235 -7805.217829673117
2236 50.952165726967024
2237 -7831.418305156849
2238 -3002.216059589551
2239 -7813.061897592431
2240 55.17187726393756
2241 -7819.189634211927
2242 -7762.352179918102
2243 -7895.268679050382
2244 15.278044353767555
2245 -7895.4468552331255
2246 -7883.190382674256
2247 -7886.646255352022
2248 -4382.903896218899
2249 -7750.329220477591
2250 -7141.835082717535
2251 -7826.970920595571
2252 -7895.492394843981
2253 -7894.243343091552
2254 -7895.431426262395
2255 -7827.487606214398
2256 -7895.052677320835
2257 -7829.570199979241
2258 -7887.5492452670205
2259 -7892.4914909604395
2260 -7894.609459726648
2261 -7894.78865325577
2262 -7826.317890950341
2263 -7827.6183806933495
2264 -7895.872972751842
2265 -7894.771075335837
2266 -7895.970903751704
2267 -7895.646435447249
2268 -7896.108373188862
2269 -7828.037679698874
2270 -7895.922686433867
2271 -7895.9231929508505
2272 -7829.730943067194
2273 -7889.741583340976
2274 -7895.907684917076
2275 -7888.097548428766
2276 -7822.933556403453
2277 -7831.898588473571
2278 -7831.650364434832
2279 -7895.4468552331255
2280 -7886.646255352022
2281 -62.83872141213703
2282 -7727.050942279055
2283 -7827.236737912348
2284 -7824.115328990354
2285 26.441907895545917
2286 -7896.0623284843
2287 -7891.2393751754735
2288 -6984.828788798186
2289 -10.068125724511347
2290 -7816.092634634433
2291 -7894.43331869863
2292 -3036.03305012013
2293 -7895.544623892663
2294 8.436804470779656
2295 -7895.62023374313
2296 -1701.356759084801
2297 -1581.566774668607
2298 -7888.096680620153
2299 -7826.358345228675
2300 -7818.199872474223
2301 -7895.420053606772
2302 15.915167300770683
2303 -7895.602720109721
2304 -6982.971217553045
2305 -7825.200885468517
2306 59.18783663727768
2307 -7829.4066127659
2308 -7801.992651436895
2309 -7895.956931390461
2310 21.51427125592171
2311 -7896.073516833441
2312 -7127.600716141895
2313 117.63892427140331
2314 -7811.413356124305
2315 -7891.890610901622
2316 -7148.623096177959
2317 -7894.243001134873
2318 5.451936077614828
2319 -7893.921467759214
2320 -7893.032371029024
2321 -7895.427571087113
2322 18.017331717370197
2323 -7895.490019552633
2324 -7887.669595637317
2325 44.76919224283956
2326 -7895.0135321663265
2327 -7826.317890950341
2328 -7821.4900261604935
2329 -4871.942979325331
2330 -7832.280234311362
2331 -7827.495163848231
2332 -1639.3042775277931
2333 -223.6899560347577
2334 -7895.981861603708
2335 -7895.852304913478
2336 -7829.775358707864
2337 -7893.8402728241945
2338 45.74454356162337
2339 -7891.452816402295
2340 -7807.537616633081
2341 -393.3193671707892
2342 -7827.579948152703
2343 -7758.126898304198
2344 -7893.282143187907
2345 36.38168009856413
2346 -7895.640024207601
2347 -7884.219297707653
2348 -7882.797625616044
2349 -7896.107108597429
2350 -6542.786810656269
2351 -7710.194417672807
2352 -6944.951233972901
2353 -7358.719492657367
2354 -7896.0561252415655
2355 -7799.366003857732
2356 -7005.739173691434
2357 -7895.988794463304
2358 -2528.7246564432044
2359 -7766.663770786119
2360 -7520.848103943261
2361 -7895.788550343572
2362 -4711.652591682661
2363 -7895.739948042878
2364 -7824.829231444425
2365 -7785.766196031494
2366 4.432177288911958
2367 -7828.005254348414
2368 -7822.6149659094
2369 -7894.08667233812
2370 31.174002191762654
2371 -7894.050103638955
2372 -7811.499885403535
2373 -6303.185691337482
2374 -7894.670571916404
2375 -7895.659586178862
2376 -6986.289368565902
2377 -7890.884689951534
2378 43.03636364015148
2379 -7889.915779134472
2380 -6965.377547391583
2381 -7757.909329289552
2382 1.3809481579162264
2383 -7820.69326210909
2384 -6921.0782885033195
2385 -7829.810536718296
2386 -4088.8773044528125
2387 -7831.142079090099
2388 -4553.711966646572
2389 4.48614766179623
2390 -7895.339739717774
2391 -7831.681220433899
2392 -7831.606689322996
2393 -1247.58895037443
2394 -7896.038388046913
2395 -7888.426698174218
2396 -1707.3049526107143
2397 -7886.685151798569
2398 -7792.887350314886
2399 -7684.98899401553
2400 -7758.903285246163
2401 -7827.579948152703
2402 -7895.640024207601
2403 -7894.43331869863
2404 -7895.62023374313
2405 -7827.487606214398
2406 -7895.602720109721
2407 -7832.280234311362
2408 -7896.073516833441
2409 -7892.4914909604395
2410 -7894.670571916404
2411 -7895.490019552633
2412 -7826.317890950341
2413 -7827.6183806933495
2414 -7895.872972751842
2415 -7894.771075335837
2416 -7896.0623284843
2417 -7895.646435447249
2418 -7896.108373188862
2419 -7828.037679698874
2420 -7895.988794463304
2421 -7895.9231929508505
2422 -7829.730943067194
2423 -7894.08667233812
2424 -7895.907684917076
2425 -7890.884689951534
2426 -7822.933556403453
2427 -7831.898588473571
2428 -7831.681220433899
2429 -7895.4468552331255
2430 -7886.685151798569
evaluations raw_y
1 -613.7098200686642
2 -1362.3018116723767
3 12.3020924549074
4 40.84557918482671
5 18.22755485029291
6 -335.8928631023168
7 -5774.121171359998
8 31.58433872622053
9 9.899360966462984
10 -581.9551221684419
11 35.02162248856338
12 56.984307571966276
13 11.376585620218902
14 469.54006789257954
15 57.667613707135324
16 74.11483253359779
17 379.4620615909189
18 269.13504433462396
19 50.16601655756813
20 -1982.8667562570947
21 464.95805251832536
22 390.6273684686397
23 36.26715136129827
24 -1256.3394929304277
25 1.6198181768567963
26 199.37431518395894
27 263.4843498592496
28 -773.5738830748819
29 -610.8291723533665
30 -290.57832535404157
31 -1409.9444784346563
32 90.27865066731263
33 -6104.818519486453
34 -6106.939656607007
35 -6153.868510299627
36 275.25934806636343
37 -2721.0649583722907
38 -6138.451843798947
39 -6192.359480292527
40 248.22641450568054
41 -1230.499996013799
42 -6178.033588668185
43 80.17914330389307
44 -1213.0695986149742
45 79.81072359970024
46 45.02988911528151
47 23.825492548975323
48 -6802.15073867269
49 -77.25684422109077
50 -5.8243852225991475
51 -1503.8789721318844
52 -154.74002097660852
53 -1360.7515083423586
54 -1497.00981622529
55 -6784.638018800664
56 24.378579603058483
57 -6075.607066892545
58 -6783.042556645971
59 15.448306287188919
60 478.0344972018178
61 14.86094342438162
62 7.720668842844584
63 -5066.097643967062
64 81.83189686876081
65 -3897.908853895808
66 -586.4498917390171
67 -1625.8394059750292
68 -4.620090082421671
69 -1123.3448142087584
70 -1621.4973051163176
71 6.6619428996599765
72 -5967.448004298529
73 2.7941861103274084
74 13.912393525029495
75 -38.95670172481838
76 38.21422339265638
77 140.3391361695648
78 -99.63647338836356
79 2.6239769338709293
80 443.26898080003883
81 17.758603739005558
82 3.8657529136098
83 4775.573973883015
84 177.36336622437102
85 -555.5344513045902
86 179.59677931844394
87 -1675.263822992598
88 3.96805325375038
89 -1401.786321894801
90 -6789.516183562124
91 10.0106672158429
92 -907.5661110180238
93 9.766767780311532
94 12.336811912194518
95 412.08034297276737
96 -263.89755007394683
97 5721.644980869233
98 4143.131681588697
99 327.9494127813721
100 -4719.789361314412
101 26.007236185063398
102 -52.49926157640294
103 4874.0994689633135
104 -2590.5763798543812
105 -388.9515857922919
106 -389.12022770001386
107 -2083.656136261709
108 -512.1400192399071
109 -2846.6131358337307
110 -2834.046399486839
111 81.77904930808258
112 -6025.7480753335185
113 5.485889593592992
114 4.949349877407243
115 -745.5201635510213
116 -6012.5288234523605
117 -713.6140852631503
118 -517.9521630840308
119 -564.8477874457412
120 192.1877751983482
121 1379.8616763744778
122 -560.1376476276159
123 -5650.939615787576
124 -860.0598842856332
125 413.34935272716785
126 -6054.488027702161
127 83.41924161758992
128 -5993.996302556106
129 21.82032905681597
130 1.0239575969658334
131 -5782.070385477855
132 -487.30441034591786
133 -5544.407583091517
134 -6109.0144373116555
135 -1859.4694372504118
136 573.5622572987818
137 -6019.923820632592
138 -6199.619720703277
139 423.99149601194415
140 -6516.303897868857
141 -768.7404900821912
142 -749.9359881101211
143 -1697.7951727391098
144 30.012115679494
145 -6042.74951577456
146 -6037.090861548527
147 111.75994898168229
148 -4772.2065259902165
149 -5274.440373789292
150 -6036.756268046123
151 -6104.818519486453
152 -6153.868510299627
153 -6192.359480292527
154 -263.89755007394683
155 -77.25684422109077
156 -1503.8789721318844
157 -6784.638018800664
158 -4.620090082421671
159 -6783.042556645971
160 -1625.8394059750292
161 -6789.516183562124
162 -6199.619720703277
163 -6036.756268046123
164 -6109.0144373116555
165 -6802.15073867269
166 9.766767780311532
167 379.4620615909189
168 12.336811912194518
169 -388.9515857922919
170 -2846.6131358337307
171 -6054.488027702161
172 -745.5201635510213
173 -564.8477874457412
174 -5650.939615787576
175 1.6198181768567963
176 -6106.939656607007
177 -6516.303897868857
178 -773.5738830748819
179 -6042.74951577456
180 -6012.5288234523605
181 -1389.0724977656378
182 -2.0254792152972256
183 -6171.118312952132
184 -6171.154152845787
185 -6039.850999961239
186 263.0090356777434
187 -6898.85502991276
188 -6887.099701534421
189 82.15218051655222
190 -6924.069932235277
191 -6253.956626434051
192 -44.04352977889667
193 -953.1324644636275
194 -370.66460213519593
195 -875.9645330469963
196 -963.197658968054
197 48.08404510132539
198 -1184.0246609064736
199 39.75440621195774
200 -60.62841341503788
201 -1251.722835787649
202 193.76237377914276
203 -6169.900085385429
204 -6169.323242560367
205 -2892.081871001818
206 -1114.5903467173666
207 -866.6260410105614
208 -6931.986592090145
209 17.101539337658224
210 -4976.512127303008
211 -7.021472734679382
212 10.319533687292715
213 491.50075207375676
214 -6257.276328112529
215 -6275.560925588479
216 -6728.925095474948
217 -3177.4328726424687
218 4896.844538623719
219 -3271.674209668321
220 -3426.635374487102
221 -513.4122731564945
222 -1586.1242621187967
223 212.6978220077415
224 -6784.811092578769
225 -6485.740798795374
226 716.7401133239184
227 -6219.398830614376
228 -297.0264589032344
229 -6042.938693507665
230 -4686.823736765444
231 -6190.934784469149
232 -6036.885753253768
233 -64.00542682151227
234 -6144.802738940496
235 -6035.88121915355
236 -6169.369874548659
237 -6924.5007959276345
238 -4592.940750920164
239 -6690.064189781271
240 -6993.901535067622
241 90.57541896739022
242 -6924.444024934715
243 -6314.747871914336
244 -6718.416175117459
245 153.37600096125513
246 -5983.120606217164
247 36.541136798617295
248 137.8756847768896
249 -5901.51998289387
250 -216.64237343923466
251 -6025.851231239775
252 -6068.038400877573
253 -640.3024743042664
254 -4210.986364211935
255 -762.7858819678448
256 -799.8217565015956
257 -5827.574227555813
258 -882.5095636470824
259 -6331.153557674337
260 -6239.275421965289
261 -6185.007991249215
262 -535.5928651573892
263 -32.16956185411462
264 -6170.2128798141375
265 142.42023819176652
266 -6053.703648500904
267 -771.6195444232247
268 -824.3136158375017
269 -3957.4336010331926
270 160.17288740752838
271 -4511.462177638241
272 -4683.372817789112
273 -3144.538545821713
274 49.23133474580098
275 -5666.89960669512
276 -5674.237948699986
277 -1372.3516731655307
278 9.555686846679208
279 -1043.8274703269356
280 -6719.930987918043
281 -2856.03174061875
282 -6389.979713913808
283 -5585.153164087908
284 -6186.157552792078
285 -1835.72892197123
286 -6613.584785435216
287 -6240.278668311342
288 -6183.052366123221
289 -6864.847749042997
290 16.515161599390176
291 -6993.7754763935945
292 -6860.24991692112
293 118.85446458361756
294 -5595.2233782475305
295 -6250.387399414722
296 -66.88979608727817
297 -6637.6987697862105
298 -531.0922845782397
299 -6647.906874217395
300 -6114.063389750805
301 -6171.118312952132
302 -6931.986592090145
303 -6784.811092578769
304 -1586.1242621187967
305 -6183.052366123221
306 -6169.900085385429
307 -6784.638018800664
308 -7.021472734679382
309 -6783.042556645971
310 -3271.674209668321
311 -6789.516183562124
312 -6860.24991692112
313 -6190.934784469149
314 -6170.2128798141375
315 -6924.5007959276345
316 -6728.925095474948
317 -2.0254792152972256
318 -6239.275421965289
319 -6186.157552792078
320 -6331.153557674337
321 -6719.930987918043
322 -5674.237948699986
323 -6114.063389750805
324 -5666.89960669512
325 -6718.416175117459
326 -6106.939656607007
327 -6924.444024934715
328 -6993.901535067622
329 -6257.276328112529
330 -6647.906874217395
331 -6070.267637886524
332 -580.2343870639031
333 -6168.0070774028245
334 -6164.720633740691
335 26.528662288006874
336 -6563.109890622925
337 -6064.417715481545
338 -6177.050755163464
339 -6900.403495485304
340 82.31305651436274
341 -6900.403495485304
342 -6928.9568279931755
343 -84.14136373271386
344 -6200.6686096501135
345 -1584.3565383377531
346 -1581.6250413388414
347 -3022.4797964430836
348 257.65185489867963
349 -6895.229429436978
350 -7667.822644627224
351 -6070.057822198877
352 483.6735444461726
353 -5698.775406308377
354 -6167.706581338163
355 119.94889233874093
356 -6979.376726930014
357 -6778.9007120945835
358 -5999.0247692807725
359 3.537845421021521
360 -3901.8614493465443
361 -12.190556481145734
362 319.10831153935754
363 -4037.6588690481394
364 -1774.8342828948253
365 -5873.770090585107
366 -6784.269647719729
367 5088.280739802153
368 -1410.5030706724174
369 -2852.939398404419
370 -3263.760956355012
371 58.159517949474484
372 -6884.566106443443
373 -1414.2757168069109
374 -6077.3174926223555
375 -5007.263310800865
376 -6125.254136144704
377 -6674.532557138821
378 -6854.256089150723
379 70.13286728084253
380 -7680.202307181107
381 -5802.720985631388
382 -6851.39014613817
383 -6160.215123193866
384 -2495.1106097169077
385 -6196.197481742542
386 -6199.492430948998
387 124.94494730164857
388 -6045.144072744143
389 -6973.373232423958
390 -6127.729799922121
391 106.3854131671747
392 -6565.54993442752
393 -5409.681777299197
394 -534.4006472276016
395 -14.12057050922503
396 -6069.435939966618
397 -593.6695299054483
398 -534.745033882828
399 -6666.220113879964
400 79.19924676384007
401 1922.254739440124
402 -6794.765622567315
403 -6024.911366786784
404 252.18471813780243
405 -6190.128324286668
406 -6187.810819090708
407 -4660.13365310464
408 134.241550026996
409 -5862.616331278989
410 -670.024729054176
411 22.176388498583503
412 -6934.648473901219
413 -1371.4896557057205
414 -653.2237369196946
415 184.82014683969942
416 -2658.1189210958796
417 -5634.591396203296
418 -5674.389909759129
419 -6124.26398067105
420 213.37672326039302
421 -6073.306434172404
422 -5980.216071405576
423 -5991.85094815135
424 3632.4108462695144
425 -5581.941050510446
426 -5935.358933418405
427 -1402.157365262706
428 -583.3858509379652
429 -6623.078706209274
430 -519.3337525820637
431 21.9747379825801
432 -6931.572734928553
433 3647.255010207209
434 -6892.320109039103
435 -6964.341826778444
436 -1852.1896387183199
437 -6953.0173854964305
438 -6941.570435880628
439 111.55459112506557
440 -6590.758412551115
441 -6224.100601661173
442 -6970.091495923813
443 -6684.803572915832
444 -17.165217993366248
445 -6787.916346821142
446 -6793.509279959194
447 -6954.157812905013
448 60.526290166884856
449 -6868.394119101247
450 -744.3621882235157
451 -6970.091495923813
452 -6931.986592090145
453 -6900.403495485304
454 -1774.8342828948253
455 -6979.376726930014
456 -6851.39014613817
457 -6934.648473901219
458 -6127.729799922121
459 -6783.042556645971
460 -6793.509279959194
461 -6789.516183562124
462 -6860.24991692112
463 -6941.570435880628
464 -6196.197481742542
465 -6973.373232423958
466 -6728.925095474948
467 -670.024729054176
468 -6666.220113879964
469 -6200.6686096501135
470 -6590.758412551115
471 -6884.566106443443
472 -5674.237948699986
473 -6125.254136144704
474 -5999.0247692807725
475 -6718.416175117459
476 -7680.202307181107
477 -6964.341826778444
478 -6993.901535067622
479 -6787.916346821142
480 -6954.157812905013
481 -4769.313058852981
482 -509.10209713833393
483 -280.9249092961867
484 -7723.658189182943
485 10.26266395468878
486 -6933.6802563755255
487 -6952.846838359013
488 -6949.821872937777
489 4470.639830346651
490 -6131.709258549997
491 -6900.403495485304
492 -6928.199382595677
493 -1850.109193759712
494 -6116.462924313077
495 -1707.691320019658
496 -963.8708710017518
497 -6981.451356669944
498 60.60002205076123
499 -6066.596809159004
500 -6982.667797451115
501 -7521.156361199046
502 -2776.998617452007
503 -1764.7840440572254
504 -7605.438967456894
505 748.0191718306247
506 -6161.530354493338
507 -6004.869551746042
508 -6919.127289646137
509 -6328.047391741671
510 47.014667123353135
511 -5998.520737391208
512 -4731.235478130465
513 -6820.90131769943
514 -3527.4477066716395
515 -5789.397009149768
516 -5430.71509220939
517 1278.7719397958017
518 69.16535876960614
519 -7479.57326324759
520 -7481.212800472149
521 -5824.760615243836
522 -6982.522298060237
523 -6895.927615609258
524 -6003.365475564885
525 -481.04374322186686
526 -6930.986619958122
527 -6410.082013027977
528 -6830.7187077013905
529 26.957165741594313
530 -6408.720936974474
531 -7226.726574204471
532 -7232.253390554
533 -6050.206269087989
534 -139.27344475401225
535 -6194.357263654577
536 -6206.566303910616
537 -6925.771486350302
538 -2897.3275472755918
539 -6954.607663800772
540 -6976.0874678044
541 54.44351755425771
542 -6850.724589473002
543 -6947.564493906261
544 -6974.132527016556
545 0.2697789778543004
546 -2008.3862564068086
547 -712.4823515773478
548 -716.3754525630651
549 -3321.3991745591675
550 27.87900546210923
551 -7103.267675117672
552 -1532.0724688662453
553 199.32795340073628
554 -6014.429620318792
555 -6945.93807100441
556 -6933.052410317494
557 -6716.0095578316195
558 45.579229947911934
559 -6716.0095578316195
560 -5072.847044337783
561 -6927.405465929983
562 -5.885766046455529
563 -6899.129192101159
564 -6968.438672174284
565 -62.44267497825201
566 -4422.222406234581
567 -5684.324341622413
568 -5681.601488387426
569 -6139.493325878125
570 781.4815725365903
571 -6142.853895584898
572 -2742.4565233634044
573 -6950.3006577465685
574 -842.5921244599426
575 -6911.831514467626
576 -6163.0594595073835
577 -6540.254273276492
578 5101.7125275780245
579 -6651.976402070296
580 -6683.444959250058
581 -154.96459704425405
582 -6117.803722584123
583 -6841.945182507197
584 -6903.167778446803
585 -2528.224610970245
586 -6966.81855816162
587 -6122.157957429324
588 -6956.83264922736
589 18.27549205894107
590 -7081.475606278514
591 -6997.706710110672
592 -6038.031803602728
593 193.73470133525564
594 -6109.231724688282
595 -1716.3918292828112
596 -5412.102366260644
597 -5312.291635753697
598 -6966.493711806416
599 -6850.63344861853
600 -6963.482530762706
601 -6970.091495923813
602 -7605.438967456894
603 -6900.403495485304
604 -6683.444959250058
605 -6981.451356669944
606 -7521.156361199046
607 -6934.648473901219
608 -6328.047391741671
609 -7232.253390554
610 -7479.57326324759
611 -6966.81855816162
612 -6860.24991692112
613 -7226.726574204471
614 -6196.197481742542
615 -6973.373232423958
616 -7081.475606278514
617 -712.4823515773478
618 -7723.658189182943
619 -6945.93807100441
620 -6716.0095578316195
621 -6927.405465929983
622 -5684.324341622413
623 -6142.853895584898
624 -6950.3006577465685
625 -6718.416175117459
626 -7680.202307181107
627 -6976.0874678044
628 -6997.706710110672
629 -6787.916346821142
630 -6954.157812905013
631 -6993.560266095603
632 5151.233234043954
633 -7060.739184020599
634 -7029.255808261481
635 -492.3050492983816
636 -6944.502961848634
637 -6970.613043831295
638 -6791.599297215785
639 -6920.809291696389
640 -286.2750378265414
641 -6847.162747683272
642 -732.2972420604932
643 56.01913512911568
644 -1954.5019783001253
645 -6706.240049322087
646 -6828.5861772397275
647 -6748.487193539957
648 132.44005537466742
649 -6974.6206652271785
650 -6206.101060858661
651 -7572.887813930954
652 5.869454271317787
653 -6420.193656442336
654 -6840.40141857809
655 -6907.168051674384
656 83.93916889730666
657 -6418.505689648732
658 -6546.819318848855
659 -4149.897896655134
660 -7511.854303915868
661 -6053.956689977417
662 -131.97997500076062
663 -4461.713289506992
664 -1008.718073087858
665 -6867.892210505408
666 -1039.401195425418
667 28.040840988894644
668 -6361.054027133471
669 -7250.284325828305
670 -2342.6329757954586
671 181.88135796456515
672 -5886.384115243623
673 -6933.381383708023
674 -778.7048580725178
675 -4661.541411841096
676 122.3927906399912
677 -6957.389555294551
678 -6145.85203825117
679 39.403975852665944
680 -6957.959253761897
681 -7506.438736221385
682 -7507.641655395552
683 -1855.8420247605145
684 -6924.334119856981
685 -6190.78900294279
686 -6201.573303666612
687 -7698.278442517744
688 29.67880064067609
689 -6952.299820237494
690 -6991.526569617113
691 6.551175575797588
692 -7237.114209631013
693 -6871.053672961817
694 -7540.293157738357
695 -714.7692051193561
696 -7457.643380411776
697 -699.8844257611185
698 -654.1043859544076
699 -7619.816106777154
700 -399.9014893196045
701 -7706.8343809412945
702 -1525.2678382926033
703 798.5066312273023
704 -6973.959346162145
705 -6043.723528161995
706 -757.8867526497254
707 -424.0338487629907
708 -6924.924811828539
709 -6978.35921208736
710 -6762.147283699293
711 -7306.062398790986
712 27.708290732226608
713 -6981.853131332422
714 -6605.002735544274
715 27.282226401009567
716 -4592.3013490401745
717 -5876.417731740695
718 278.4677690437552
719 -6037.641581707939
720 267.1702459683176
721 -6142.871775153613
722 -6128.72671627188
723 -6950.6384100964315
724 -110.04223053858215
725 -6950.6384100964315
726 -6148.28992455076
727 5108.857522679592
728 -6890.967453125441
729 -6975.493079529022
730 -6165.72666080048
731 173.5431220963839
732 -6915.991438722982
733 -7688.110428335376
734 -7710.216059564535
735 -7321.270207593849
736 58.805082944641214
737 -7352.184366450947
738 -1164.042176603992
739 -185.17032544183644
740 -6106.156532479176
741 -5456.752295667429
742 -806.6891225185615
743 50.34462422737085
744 -7189.980162118919
745 -6787.916346821142
746 -6952.74771829851
747 -5487.182188457128
748 -6964.111465787108
749 -7313.2313526428115
750 -7571.811642932891
751 -7060.739184020599
752 -7605.438967456894
753 -6920.809291696389
754 -6890.967453125441
755 -6981.451356669944
756 -7572.887813930954
757 -6934.648473901219
758 -7237.114209631013
759 -7540.293157738357
760 -7507.641655395552
761 -6973.959346162145
762 -6957.389555294551
763 -7506.438736221385
764 -6196.197481742542
765 -7698.278442517744
766 -7571.811642932891
767 -714.7692051193561
768 -7723.658189182943
769 -6945.93807100441
770 -7029.255808261481
771 -7306.062398790986
772 -6106.156532479176
773 -6142.871775153613
774 -6950.6384100964315
775 -6991.526569617113
776 -7688.110428335376
777 -7352.184366450947
778 -6997.706710110672
779 -6787.916346821142
780 -7710.216059564535
781 -6832.082720319737
782 7.464957636184298
783 -7060.739184020599
784 -7067.700192660225
785 -3707.7188714219965
786 -6877.697532090371
787 -5030.725473777457
788 -7607.597190087874
789 -6938.042078514893
790 -260.59016954577936
791 -6889.389948317224
792 -6919.362010361353
793 -5030.002821280444
794 -6942.504185131765
795 -6947.148504217949
796 -6160.313802888008
797 2726.409141386714
798 -7011.95064074167
799 -6806.259642620883
800 -791.9004151937255
801 -6972.343197913429
802 35.404800303828395
803 4002.4958561596377
804 -7570.246449328035
805 -7513.008676386068
806 21.727236886999165
807 -7500.949813089688
808 -6645.914899173344
809 -7245.753995587099
810 -7037.288019039135
811 3709.9430016275123
812 -6710.2971505755995
813 -4832.373135675058
814 -7515.711444559318
815 -6249.333466620682
816 -6763.650918233546
817 15.887228223090576
818 -7042.7219270418
819 -7529.0441309192265
820 -7527.350437252998
821 -6530.2799781126305
822 770.8990339358852
823 -6995.969175123102
824 -6998.99592637897
825 575.6032263305497
826 -1927.584968401714
827 -6882.935043515378
828 -1111.7116421672351
829 48.34875940703962
830 -7011.921462156831
831 -1875.7836588761356
832 -1312.6361239826647
833 99.64822321028001
834 -7724.766931857744
835 -7545.697537632843
836 -6830.602505232439
837 86.84586849731618
838 -7694.074191639347
839 -833.372799146527
840 -7700.256789834648
841 -7696.974042159763
842 105.42426846164727
843 3641.3127480627136
844 -7225.957962888391
845 175.8531707729695
846 -6883.371192429032
847 -711.98209990062
848 -712.4403082738669
849 -601.0690388137712
850 -6958.155999962958
851 -7729.489845378004
852 -7716.372220722165
853 -6974.122288849541
854 106.84370254400385
855 -6949.89743343321
856 -6975.1743878578045
857 521.1018806386667
858 -1999.3875127754736
859 -7021.577170390612
860 -7036.813938111031
861 -3383.3424245160904
862 -16.56200260071916
863 -1837.6758375430445
864 -7315.323671776248
865 97.47667979354617
866 -5223.733819668642
867 -6405.792438063027
868 -5899.145295668543
869 -6011.300238621888
870 -743.6736768737408
871 -6149.493326514204
872 -6151.2629978886725
873 40.64300143467726
874 -1925.893321704837
875 -1550.5475223649962
876 -711.9738179610932
877 -6993.448289491832
878 -4676.255656249089
879 -7025.938029743329
880 -6880.558545720651
881 -7627.722753720243
882 6.608235743071363
883 -7649.609939081396
884 -6862.950222053759
885 -1520.059775293394
886 -7662.436388156933
887 -7108.513377800607
888 -7353.166340329562
889 -669.6038068204092
890 -7028.12968412583
891 -7009.091383212069
892 -6036.428522475411
893 -7155.431720228204
894 -7717.186673435734
895 -6811.452027511869
896 -7584.921957498784
897 -82.48960245298821
898 -7619.136794841137
899 -7726.089043198363
900 -7630.548981246466
901 -7060.739184020599
902 -7662.436388156933
903 -6942.504185131765
904 -7036.813938111031
905 -6981.451356669944
906 -7572.887813930954
907 -7515.711444559318
908 -7315.323671776248
909 -7540.293157738357
910 -7619.136794841137
911 -6995.969175123102
912 -7225.957962888391
913 -7506.438736221385
914 -7570.246449328035
915 -7717.186673435734
916 -7696.974042159763
917 -714.7692051193561
918 -7729.489845378004
919 -7584.921957498784
920 -7029.255808261481
921 -7306.062398790986
922 -6405.792438063027
923 -6149.493326514204
924 -6950.6384100964315
925 -7025.938029743329
926 -7700.256789834648
927 -7352.184366450947
928 -7009.091383212069
929 -7607.597190087874
930 -7726.089043198363
931 -1175.5509327490763
932 -962.1178037785153
933 -1946.5591500569235
934 -7065.648549608506
935 -7415.06086749357
936 -2015.3761142011485
937 -6891.140665229731
938 -6923.406412449019
939 52.35134732156717
940 -3489.571498918169
941 -7090.264403658837
942 -871.0687036265231
943 -7038.774084447583
944 -907.3210961416763
945 -7039.370167766878
946 -850.447476870681
947 -7608.214764091667
948 13.800965331409515
949 -6938.37834668962
950 -7593.759841583302
951 -4449.629378761929
952 -6124.4958578486885
953 -1857.285406687346
954 -7614.786290867917
955 -6141.746850143595
956 -7727.986894555118
957 -7468.733119630477
958 -6676.828362677724
959 -7418.283133482469
960 -6477.837405357547
961 -1918.1623869292707
962 -7440.677149237722
963 -1864.9903773215183
964 56.029342267106664
965 -7556.249142774241
966 -7557.122321467126
967 -7511.988896304684
968 -7572.718404768959
969 -7627.135070816622
970 -7622.356886194345
971 -6986.022733193244
972 260.4146280836642
973 -6832.812288753777
974 -6998.848699908602
975 -7239.790340427193
976 -6873.4743857932735
977 -7239.790340427193
978 -6496.41053261687
979 -98.04058399672775
980 -7627.658684723186
981 -6915.648034775128
982 -6683.635990277741
983 -7636.6796233231635
984 -339.2812196036397
985 -7668.069377034175
986 -1479.0574785923927
987 5099.7196890493915
988 -7002.783987608433
989 -7728.953442816195
990 -7707.643342585279
991 -7434.1974560223425
992 17.542771077742966
993 -6978.567377258091
994 -6973.875111706831
995 10.991020201431997
996 -1654.92640964368
997 -956.5993332791232
998 -1602.537471079277
999 -107.29258759412562
1000 -7076.120481961708
1001 -7667.667218136771
1002 -7728.451700562307
1003 54.7823354472414
1004 -7495.07366571572
1005 -7609.114248960097
1006 -1429.8906623035584
1007 94.369587891966
1008 -1996.0263873654885
1009 -6954.264972838206
1010 -6174.5561148683555
1011 -12.094726274492324
1012 -7638.62735566981
1013 -7329.390044109011
1014 -6979.672796119306
1015 -1765.6570739868584
1016 -7197.859818896123
1017 -6491.530418597437
1018 -6194.030158636972
1019 -2176.111048763635
1020 -6527.6720179160875
1021 -6139.677207264147
1022 -6156.211690790279
1023 -6914.023147801256
1024 -99.7227843557652
1025 -6957.232439355016
1026 -6948.2923555923935
1027 45.825240888750415
1028 -1922.101592955336
1029 -7029.937305844055
1030 -7027.542512476629
1031 4.690089287485131
1032 -7670.305441887636
1033 -1887.2483408257121
1034 -6993.5662626350595
1035 101.88875413753249
1036 -7625.4339342892645
1037 -7407.132076042373
1038 -7249.32439426283
1039 -73.7030223498401
1040 -7670.960658709795
1041 -7556.274545052398
1042 -7463.984347987271
1043 -3776.8693581666125
1044 -7448.315042924272
1045 -7618.568384244008
1046 -7618.60211970584
1047 56.417249822055496
1048 -7730.235420851383
1049 -7726.015567170415
1050 -7813.234676889202
1051 -7060.739184020599
1052 -7662.436388156933
1053 -7090.264403658837
1054 -7039.370167766878
1055 -7670.305441887636
1056 -7572.887813930954
1057 -7515.711444559318
1058 -7418.283133482469
1059 -7556.249142774241
1060 -7627.135070816622
1061 -7249.32439426283
1062 -7239.790340427193
1063 -7506.438736221385
1064 -7670.960658709795
1065 -7728.953442816195
1066 -7696.974042159763
1067 -7728.451700562307
1068 -7730.235420851383
1069 -7622.356886194345
1070 -7029.255808261481
1071 -7329.390044109011
1072 -6491.530418597437
1073 -6149.493326514204
1074 -6957.232439355016
1075 -7029.937305844055
1076 -7700.256789834648
1077 -7448.315042924272
1078 -7625.4339342892645
1079 -7813.234676889202
1080 -7726.089043198363
1081 -3014.3913054169334
1082 -7717.326926768952
1083 -7095.639602267097
1084 -6175.280803832181
1085 -1854.6065860842414
1086 -6107.292183716986
1087 -6909.552438175191
1088 -6992.902079918901
1089 -1094.4970094830585
1090 -7572.049351736896
1091 -7091.448422046097
1092 -7075.915318141487
1093 -7046.568125828099
1094 -4981.904329071016
1095 -7090.380423874749
1096 -7070.392687356919
1097 -7762.23863778846
1098 -2038.8491845915737
1099 -6968.1311009378605
1100 -7766.069477437875
1101 -873.3583531195518
1102 -7758.801546003726
1103 -7354.706632280112
1104 -7570.583162902608
1105 -7806.971114066645
1106 34.10136111519324
1107 -7740.153840029982
1108 -6908.467484662189
1109 -7698.377849792422
1110 60.53473770548435
1111 -7659.377295929581
1112 -7698.294037206055
1113 -7728.984725427692
1114 38.92705076382851
1115 -7728.698454528891
1116 -7727.994864398293
1117 -7628.846316116752
1118 -7295.37492541623
1119 -7621.539122875019
1120 -1421.7980917524183
1121 -7642.535892874414
1122 -1569.0277872442223
1123 -7715.348638197967
1124 -7716.0943013743545
1125 -7562.872962972404
1126 63.498497424704475
1127 -6549.581736963904
1128 -7777.302871141748
1129 5124.891971321372
1130 -7040.313780212052
1131 -7458.633803585157
1132 -7383.5121814834665
1133 37.95885634880938
1134 -7779.328654746988
1135 -7782.6999137053
1136 -7780.52606574525
1137 -2723.6223068732484
1138 -7770.095655464148
1139 -7587.425301171578
1140 -7723.2282039296615
1141 -7781.853847199611
1142 55.04352231992317
1143 -7819.501012830087
1144 -7086.145605552456
1145 -7757.808266613272
1146 -4265.531075033397
1147 -7794.952774688412
1148 -7777.1355632837
1149 -1299.0660649740832
1150 -7775.050362464119
1151 -5337.566940649818
1152 -7030.771822811254
1153 19.353653506093906
1154 -7810.053244488605
1155 -7739.198145626001
1156 -1573.583473632703
1157 -7077.552999292737
1158 56.482214915255426
1159 -7025.815396070127
1160 -7076.434219291309
1161 46.13958961292531
1162 -7674.876009755161
1163 -6089.182226411963
1164 -1092.9872016941706
1165 -7717.586276197517
1166 -146.85291072458546
1167 -7720.893172460476
1168 -7720.390897683903
1169 -1407.5436333997852
1170 -6369.185752692703
1171 -6150.931472658708
1172 -6151.06657447806
1173 -7818.407698068788
1174 33.97627326550768
1175 -7193.908548851465
1176 -7819.879712159476
1177 -7809.509003359244
1178 56.06234085361237
1179 -7488.394156192691
1180 -7808.331237887488
1181 -7759.176391501926
1182 -7672.837432916669
1183 -7097.689453414706
1184 -1552.1059298537944
1185 -5995.044186741809
1186 -7809.493820613166
1187 -6840.308083248992
1188 -6659.455632734565
1189 -1961.5421945066792
1190 54.11655566652659
1191 -7055.936596720148
1192 -6914.011118419125
1193 -642.6230768845086
1194 -6040.317899024954
1195 -7820.344979303076
1196 -2911.0870802905706
1197 44.309906603660025
1198 -7791.0498948010645
1199 -7754.31019884782
1200 -1565.9768169264153
1201 -7095.639602267097
1202 -7662.436388156933
1203 -7091.448422046097
1204 -7383.5121814834665
1205 -7762.23863778846
1206 -7808.331237887488
1207 -7806.971114066645
1208 -7819.879712159476
1209 -7728.984725427692
1210 -7674.876009755161
1211 -7715.348638197967
1212 -7723.2282039296615
1213 -7506.438736221385
1214 -7782.6999137053
1215 -7728.953442816195
1216 -7819.501012830087
1217 -7794.952774688412
1218 -7770.095655464148
1219 -7777.1355632837
1220 -7077.552999292737
1221 -7329.390044109011
1222 -7720.893172460476
1223 -6150.931472658708
1224 -7818.407698068788
1225 -7810.053244488605
1226 -7759.176391501926
1227 -7448.315042924272
1228 -7625.4339342892645
1229 -7820.344979303076
1230 -7754.31019884782
1231 -7249.8367685324765
1232 91.29002545986967
1233 -7237.698795247927
1234 -3679.3605284191176
1235 -7718.045117635538
1236 -348.8177623694661
1237 -7594.568069093834
1238 -7715.032942481765
1239 -7089.85902196607
1240 -99.56778402224298
1241 -7090.934731047045
1242 -6186.715032287814
1243 -7384.826453060094
1244 -7526.628151411976
1245 -7303.942823239393
1246 -7388.160048712678
1247 -716.0671668316547
1248 -7549.411814172294
1249 -7752.011208284204
1250 -6916.830034025254
1251 -7805.973900758481
1252 40.60674428506638
1253 -7758.974117922672
1254 -7741.443188566144
1255 3.9676203607493328
1256 -7812.546177269651
1257 -7789.450388469006
1258 -7083.779219720932
1259 -7827.529463744528
1260 46.538057777546484
1261 -7821.976723571467
1262 -6919.699215744446
1263 7.454679774034693
1264 -7807.642351452099
1265 -6749.717301273404
1266 -2022.3892545641868
1267 -7677.084975007176
1268 -5842.201360744046
1269 -7784.800663091222
1270 -1595.3255377465136
1271 -7817.918287051018
1272 38.699363261061514
1273 -7715.652850051296
1274 -7818.499727611671
1275 -350.3912177994676
1276 -7811.136292880639
1277 -7723.2282039296615
1278 -6880.158277050846
1279 -7568.131078387914
1280 -93.31436141969367
1281 -7506.877700137145
1282 -6991.742872567221
1283 45.42715648364817
1284 -7780.172752072427
1285 -7779.093682429909
1286 -7075.540877890992
1287 -7804.849484699743
1288 8.136483243427163
1289 -7822.455248173432
1290 -6914.074113355629
1291 -4295.830003922457
1292 -6129.094580779507
1293 -7813.992696928065
1294 -7800.6209184737945
1295 -7806.982771181815
1296 14.756765257718916
1297 -7807.675075833618
1298 -6922.017433469697
1299 57.049159787357794
1300 -7817.278257863113
1301 -7366.166663230259
1302 -6907.3325061161195
1303 33.33050298609612
1304 -7802.613688177773
1305 -7780.716133482088
1306 -6858.022352900475
1307 38.436751599450304
1308 -3579.3055608052505
1309 -7075.288533968635
1310 -6169.496367387717
1311 -7414.8233232052535
1312 -1679.255191090573
1313 -7414.488231356406
1314 -7411.649681638887
1315 32.84021456464493
1316 -7797.7378216502075
1317 -7711.3075966079305
1318 -7821.48409556076
1319 -6065.612166936202
1320 -534.4312257131472
1321 -6155.499047052233
1322 -6692.014534710199
1323 -7820.9436656360895
1324 -4500.835102125376
1325 -7801.117906101485
1326 -7820.838764600325
1327 -7814.5908843289235
1328 24.284002185853634
1329 -7715.739484255079
1330 -7800.922958186708
1331 -7776.84533240783
1332 -3557.7151163003036
1333 -4400.289019779611
1334 -7775.771921410162
1335 22.46659664511962
1336 -7741.664315525057
1337 -7433.193009225714
1338 -6694.698319963942
1339 26.753651548663893
1340 -7720.0899479838445
1341 -7642.69513061599
1342 -7622.53310484308
1343 -7813.813679198651
1344 19.99348262061412
1345 -1961.998867793207
1346 -6928.586971542701
1347 31.036577514823136
1348 -7808.667827584257
1349 -7796.770671657068
1350 -7757.8775842269715
1351 -7249.8367685324765
1352 -7718.045117635538
1353 -7741.443188566144
1354 -7757.8775842269715
1355 -7762.23863778846
1356 -7821.48409556076
1357 -7806.971114066645
1358 -7827.529463744528
1359 -7728.984725427692
1360 -7808.667827584257
1361 -7817.918287051018
1362 -7723.2282039296615
1363 -7568.131078387914
1364 -7800.6209184737945
1365 -7822.455248173432
1366 -7819.501012830087
1367 -7807.675075833618
1368 -7811.136292880639
1369 -7780.716133482088
1370 -7077.552999292737
1371 -7414.8233232052535
1372 -7820.838764600325
1373 -6155.499047052233
1374 -7820.9436656360895
1375 -7814.5908843289235
1376 -7776.84533240783
1377 -7549.411814172294
1378 -7642.69513061599
1379 -7820.344979303076
1380 -7800.922958186708
1381 -6874.225506532994
1382 -7774.355069968047
1383 -7084.7384443794535
1384 -1060.3052548647956
1385 -7764.608084626899
1386 13.245362031702054
1387 -7757.0585118933905
1388 -1576.5930845564326
1389 -1152.4288136252142
1390 -7088.255278274075
1391 -7761.152482203114
1392 -7766.816761091396
1393 -327.2014574806599
1394 -7819.915756759503
1395 -7747.209968834797
1396 -7756.780321941293
1397 -7815.1852838906125
1398 33.7313090722508
1399 -7814.712242795879
1400 -6022.583304634948
1401 -2004.829158181732
1402 41.59197494434744
1403 -7823.748629311175
1404 -1630.7571290464612
1405 -1296.916206740036
1406 -7813.739600559973
1407 -7814.584388692852
1408 -1624.8637674368397
1409 -910.2494371610761
1410 -7325.940364067135
1411 -7828.648109098773
1412 -7066.2994180360765
1413 -7427.770387968645
1414 38.351669900835816
1415 -7743.055169253839
1416 -7090.462395789884
1417 -7819.9510529335475
1418 56.72731670752795
1419 -7630.357353317261
1420 -7690.5372466231565
1421 -7794.782944227355
1422 25.639371566843977
1423 -7818.49112420699
1424 -6897.815433041005
1425 2298.6367654979413
1426 9.245785200630621
1427 -7701.464396674532
1428 -4220.249164419743
1429 -533.5184443139804
1430 -6050.966658387714
1431 -7548.9195159890205
1432 -6718.729715194051
1433 -7811.436487419647
1434 120.67014424236233
1435 -7812.858046453008
1436 -6918.616409584191
1437 -7820.276577990566
1438 -801.073912666875
1439 -7819.288312561658
1440 -7823.834256054988
1441 -5217.861050281999
1442 -7814.676245957677
1443 -7808.222720168143
1444 -6909.640905538621
1445 -14.907162426694121
1446 -7819.479538200186
1447 -7769.766445570466
1448 -6921.837652552142
1449 -1711.8701620225365
1450 -7773.810578544415
1451 -7794.3243746619455
1452 -7816.037410518582
1453 -7790.787508068218
1454 -726.986953523359
1455 -7793.078520688391
1456 -7794.187653017711
1457 54.086163933992125
1458 -3432.095039158673
1459 -7076.176684100198
1460 -7087.850139925432
1461 -7794.1981749925635
1462 -602.7191471472366
1463 -7756.930548923102
1464 -7633.272687095054
1465 0.1067567265188103
1466 -7813.000306023247
1467 -7824.023689989237
1468 -7077.996958273621
1469 -6113.007058100846
1470 -2349.0004933318714
1471 -6064.8180854366965
1472 47.368819927222994
1473 37.21484789110253
1474 -7826.7027433624025
1475 -7792.947395542552
1476 -6915.647168673395
1477 -7813.0873936883345
1478 38.32179497948283
1479 -7696.971780319325
1480 -7812.561733493086
1481 -329.8926908817642
1482 -7097.386272417645
1483 -7749.145756281248
1484 -7822.575650871669
1485 -237.5522011030141
1486 -7817.734045589813
1487 -7560.178432603006
1488 -3694.2294082985154
1489 26.442265047434486
1490 -7804.7045563345
1491 -7297.789418991311
1492 -7525.122946553205
1493 43.69313740535206
1494 -7826.398552762111
1495 -7817.572473673818
1496 -6925.984787197737
1497 -7805.454517597116
1498 -1518.7005617663547
1499 -7805.954828453436
1500 -6890.99577645505
1501 -7690.5372466231565
1502 -7764.608084626899
1503 -7816.037410518582
1504 -7773.810578544415
1505 -7815.1852838906125
1506 -7823.748629311175
1507 -7814.676245957677
1508 -7828.648109098773
1509 -7743.055169253839
1510 -7819.9510529335475
1511 -7818.49112420699
1512 -7723.2282039296615
1513 -7823.834256054988
1514 -7819.479538200186
1515 -7822.455248173432
1516 -7819.501012830087
1517 -7813.000306023247
1518 -7811.136292880639
1519 -7793.078520688391
1520 -7822.575650871669
1521 -7794.1981749925635
1522 -7826.7027433624025
1523 -6155.499047052233
1524 -7820.9436656360895
1525 -7814.5908843289235
1526 -7776.84533240783
1527 -7560.178432603006
1528 -7642.69513061599
1529 -7820.344979303076
1530 -7805.954828453436
1531 32.017704546068444
1532 -7805.835301074438
1533 -7683.886987291318
1534 -7688.332344187769
1535 33.176047397444805
1536 -7812.2851170126605
1537 -7771.522355648309
1538 -7025.867845091643
1539 42.21498984917369
1540 -7723.587244457429
1541 -7816.037410518582
1542 -7806.872911906003
1543 15.323053607520826
1544 -7818.021194227039
1545 -7781.717399499308
1546 -6904.5640794300125
1547 -7813.498872325421
1548 10.888844240817939
1549 -7779.362501551092
1550 -7071.691414514406
1551 23.60457770088877
1552 -7818.598599923793
1553 -7827.238985290434
1554 -6922.274903763476
1555 50.97076785395731
1556 -7828.809546410042
1557 -7788.709643324115
1558 -7079.704257083782
1559 -274.36129408115664
1560 -7803.366480636863
1561 -7825.360219666101
1562 -6925.6023655926165
1563 -7799.890621307289
1564 7.341061018981059
1565 -7806.1745170660615
1566 -7787.198634979733
1567 -152.57895057087617
1568 -7823.31910472808
1569 -7819.206543962655
1570 -7819.178614281841
1571 -7827.685225731369
1572 28.079172611321365
1573 -7821.561404129968
1574 -1620.9670973859224
1575 -7817.051245388341
1576 -351.7162537129844
1577 -7823.481127295682
1578 -7795.791091910187
1579 25.274070089672918
1580 -7802.957593717593
1581 -7823.834256054988
1582 -7820.632636183028
1583 -7824.890198970015
1584 39.863659490114806
1585 -7821.154487501466
1586 -7827.835301537538
1587 41.37229677942699
1588 -7816.263882754146
1589 -7826.931809692076
1590 -7819.345438412337
1591 -7823.977136520471
1592 -6199.182381293754
1593 -7815.420639102661
1594 -7819.7357446781325
1595 -394.93843070884895
1596 -7820.840687039208
1597 -7821.740175111052
1598 -1633.620733880063
1599 3.764852649167442
1600 -7803.559341956596
1601 -7813.277115179127
1602 -7756.159885258399
1603 -7803.353939829449
1604 -427.92035173457504
1605 -7804.304377350933
1606 -7396.185115379531
1607 62.72575472183718
1608 -7813.798197015549
1609 -7805.992824790968
1610 -1600.5376102233236
1611 60.94354055823617
1612 -7815.459303121272
1613 -7816.714063072644
1614 -1599.4116676430567
1615 24.572375525406848
1616 -7825.416445327614
1617 -7822.944110769733
1618 -1637.0665902980802
1619 -7776.205360133987
1620 -1432.0678370686992
1621 -7660.115866214272
1622 -7774.025742677474
1623 -7821.306670817899
1624 -132.14383471352596
1625 -7679.970426407832
1626 -1620.3991120617775
1627 -7813.707406187302
1628 -1795.2475415425636
1629 -7822.161173413323
1630 -7820.183807516221
1631 -7812.201328988566
1632 18.010408639135086
1633 -7792.091623770331
1634 -6905.4025374377625
1635 -8.330372529272942
1636 -7799.000611714386
1637 -7575.904735668543
1638 -7558.0266961072075
1639 22.975326752264618
1640 -7825.932505985206
1641 -7801.892582737557
1642 -7801.887257978831
1643 -1364.3902262609577
1644 -7783.360296294879
1645 -7824.237766302218
1646 -7804.219623029022
1647 -7829.389873398208
1648 3.321047037385858
1649 -7829.96055961636
1650 -3091.8306296757664
1651 -7690.5372466231565
1652 -7783.360296294879
1653 -7816.037410518582
1654 -7781.717399499308
1655 -7815.1852838906125
1656 -7828.809546410042
1657 -7814.676245957677
1658 -7828.648109098773
1659 -7820.840687039208
1660 -7819.9510529335475
1661 -7827.685225731369
1662 -7823.481127295682
1663 -7823.834256054988
1664 -7824.890198970015
1665 -7826.931809692076
1666 -7823.977136520471
1667 -7825.416445327614
1668 -7813.277115179127
1669 -7804.304377350933
1670 -7822.575650871669
1671 -7816.714063072644
1672 -7826.7027433624025
1673 -7776.205360133987
1674 -7821.306670817899
1675 -7822.161173413323
1676 -7812.201328988566
1677 -7575.904735668543
1678 -7802.957593717593
1679 -7824.237766302218
1680 -7829.96055961636
1681 47.273885872221584
1682 -7823.279717446201
1683 -7824.630865254633
1684 -1612.9920108205145
1685 -711.1626540492889
1686 -7822.955833113792
1687 -7787.092046816242
1688 -7774.7830044075645
1689 30.18605820156355
1690 -7819.863223611421
1691 -7823.696786127593
1692 -7819.450433741838
1693 -7789.3736100718215
1694 -3398.096525567759
1695 -7796.70346393721
1696 -7407.837210025123
1697 -7818.964657503518
1698 2.897831780206236
1699 -7817.953400457842
1700 -7819.642631816292
1701 -7828.796349635262
1702 -679.868406895619
1703 -7823.35327306077
1704 -7817.797035945489
1705 -7814.668535465434
1706 -4162.266902580338
1707 -7814.634835753241
1708 -7805.020795269
1709 -344.0033197560318
1710 -7821.086212643609
1711 -7823.077682369511
1712 -7090.989743293694
1713 -7827.126168845067
1714 49.166697245757234
1715 -7828.320379734485
1716 -7509.510603943449
1717 -7826.260812307336
1718 35.380649618508855
1719 -7809.895994204227
1720 -7824.096324368862
1721 -7826.424883368272
1722 7.519678773903211
1723 -7822.387598399222
1724 -1636.9831960262857
1725 29.831202738991244
1726 -7828.333959400552
1727 -7803.701544413767
1728 -7079.931981250358
1729 -7776.9513103051795
1730 39.696721928120425
1731 -7819.62620731325
1732 -1612.6019090847926
1733 -7825.681187804975
1734 -2166.037932233476
1735 -7829.14371978567
1736 -7827.532093454682
1737 -972.3518343741514
1738 -7822.231111848146
1739 -7822.4323125744995
1740 -7825.815024271168
1741 -7826.105871222561
1742 22.788689025531866
1743 -7826.251348925325
1744 -6922.524009896552
1745 31.840407846482073
1746 -7828.176717477871
1747 -7824.409868492987
1748 -1612.8331550085336
1749 -7823.865755033565
1750 24.634114905970314
1751 -7822.877053196518
1752 -7802.3849437314875
1753 -7805.482296985389
1754 -6808.764898956273
1755 -7808.356489131078
1756 -7811.015035161584
1757 33.61712306435173
1758 -7817.172948135263
1759 -7825.949976810809
1760 -7826.586920848138
1761 51.00623356720073
1762 -7829.699059056969
1763 -7821.191355488588
1764 -6929.745337018035
1765 -50.60709358410428
1766 -7819.953274007411
1767 -7826.261413922506
1768 -7824.796565620885
1769 -4359.364710476027
1770 -7826.722907711722
1771 -7783.485953502459
1772 -7794.167644315941
1773 -7829.308019054362
1774 16.166042229635288
1775 -7814.891461648535
1776 -1623.6744136354087
1777 -7826.823043265173
1778 13.974674039868127
1779 -7826.691205250695
1780 -6916.928884153527
1781 22.320562711606055
1782 -7822.866396114799
1783 -7812.087070857441
1784 -7810.864427604019
1785 -7822.074794976075
1786 15.567820423526106
1787 -7823.2777797390345
1788 -7826.019309347913
1789 -7804.384758213399
1790 -6527.374637396153
1791 -7806.500602947144
1792 -7667.898528173936
1793 52.444680904015556
1794 -7826.859923875126
1795 -7825.948964512857
1796 -7084.499921393161
1797 -4978.724869265037
1798 -7825.8033423194665
1799 -7826.036275772807
1800 -7082.159189646561
1801 -7826.586920848138
1802 -7787.092046816242
1803 -7826.019309347913
1804 -7824.096324368862
1805 -7822.866396114799
1806 -7828.809546410042
1807 -7814.676245957677
1808 -7829.699059056969
1809 -7828.320379734485
1810 -7826.859923875126
1811 -7828.176717477871
1812 -7823.481127295682
1813 -7823.834256054988
1814 -7829.14371978567
1815 -7826.931809692076
1816 -7826.251348925325
1817 -7825.8033423194665
1818 -7823.865755033565
1819 -7808.356489131078
1820 -7825.949976810809
1821 -7825.815024271168
1822 -7826.722907711722
1823 -7783.485953502459
1824 -7829.308019054362
1825 -7826.823043265173
1826 -7819.953274007411
1827 -7823.2777797390345
1828 -7806.500602947144
1829 -7825.948964512857
1830 -7829.96055961636
1831 -7635.958306931072
1832 -1700.2315014674516
1833 -7722.887831191899
1834 -6927.531039824326
1835 15.996886227039717
1836 -7820.580928525169
1837 -7748.132903090394
1838 -7015.339674653825
1839 -7822.785304690577
1840 -752.9633865485405
1841 -7827.503633853272
1842 -1576.483993795681
1843 -7826.579411860104
1844 51.95964208412101
1845 -7826.690093138407
1846 -7826.990923259967
1847 -7822.647687516725
1848 37.93600521878196
1849 -7821.481121419857
1850 -7823.129231267838
1851 47.86642109957641
1852 -7826.943227603367
1853 -7814.481770345162
1854 -7005.81176481284
1855 -7818.046705545347
1856 53.737481367417
1857 -7818.046705545347
1858 -6985.5245242957635
1859 -7829.6423906046775
1860 16.49996742925576
1861 -7827.219501236019
1862 -7756.675941647051
1863 -7829.124924407909
1864 5.402760709467207
1865 -7829.124924407909
1866 -7078.57456188268
1867 -7827.918906860209
1868 -797.6524776576066
1869 -7827.346030704476
1870 -7077.53274734637
1871 -7828.491902463249
1872 -6726.411602769933
1873 -7828.865520125906
1874 -7817.87285960895
1875 7.27196078497633
1876 -7817.8250174553905
1877 -7818.216114909371
1878 -1587.0573838377172
1879 -6219.291336981516
1880 -7827.243240809276
1881 -7822.945677690685
1882 -7813.707309017154
1883 51.48149891948762
1884 -7799.610740716963
1885 -7829.115298007755
1886 -7825.750397450414
1887 -7827.842673535426
1888 12.888801190988223
1889 -7822.335394508492
1890 -6918.363752723588
1891 -6771.885033794744
1892 -7820.390034565
1893 -7825.17895937722
1894 -6910.9210336107535
1895 -7829.02709183548
1896 50.68176844771786
1897 -7829.022596377386
1898 -7813.544752698992
1899 -7825.619582093738
1900 33.93724190551069
1901 -7818.041587878623
1902 -6888.464351657703
1903 -7506.841760497234
1904 -7787.753906871276
1905 -7823.661974236128
1906 -7821.028951457122
1907 45.090645141802405
1908 -7809.43777649253
1909 -7669.465301544874
1910 -1623.754801958934
1911 -7826.560137284912
1912 -901.5220876431995
1913 -7828.300087467865
1914 -6784.1272207735365
1915 -7826.074447962943
1916 -97.61728922594732
1917 -7827.508215938966
1918 -7826.722255517439
1919 -7810.487235979583
1920 -516.2386340947237
1921 -7802.925365666977
1922 -1621.30213247916
1923 1.356570721094732
1924 -7827.146358729693
1925 -7828.964891447886
1926 -7827.771865175924
1927 -7825.906581373957
1928 40.28345842764847
1929 -7826.41485219461
1930 -6913.006309348919
1931 51.199529785198386
1932 -7827.286489483248
1933 -7820.390034565
1934 -1620.0209203058655
1935 23.445285384416966
1936 -7819.283887902557
1937 -7824.598703792675
1938 -6896.632184229331
1939 -1140.8054144341525
1940 -7827.009574328045
1941 -7810.0929476411975
1942 -7084.803117124625
1943 -3311.975278665585
1944 -7663.155386739952
1945 -7824.330437852611
1946 -6898.633679918107
1947 24.279774634946786
1948 -7824.104486854185
1949 -7829.648402907674
1950 -6909.081527695074
1951 -7826.586920848138
1952 -7787.753906871276
1953 -7827.503633853272
1954 -7826.690093138407
1955 -7827.771865175924
1956 -7828.809546410042
1957 -7818.046705545347
1958 -7829.699059056969
1959 -7829.124924407909
1960 -7827.918906860209
1961 -7828.865520125906
1962 -7823.481127295682
1963 -7823.834256054988
1964 -7829.14371978567
1965 -7827.842673535426
1966 -7826.251348925325
1967 -7829.02709183548
1968 -7825.619582093738
1969 -7823.661974236128
1970 -7826.722255517439
1971 -7828.300087467865
1972 -7827.508215938966
1973 -7810.487235979583
1974 -7829.308019054362
1975 -7826.823043265173
1976 -7820.390034565
1977 -7824.598703792675
1978 -7810.0929476411975
1979 -7826.943227603367
1980 -7829.96055961636
1981 50.14686269346532
1982 -7815.097955172194
1983 -7616.059031210058
1984 -7759.598719143727
1985 -7788.838939291463
1986 -7352.260904573967
1987 -7787.939931931465
1988 -2834.2532885196433
1989 -7824.083757167339
1990 40.80286979136494
1991 -7825.934913196725
1992 -7084.932817477685
1993 41.81221499955841
1994 -7829.013552755687
1995 -7827.318232030732
1996 -6922.144650086491
1997 -7828.683912130712
1998 -188.28350661561
1999 -7829.494530133179
2000 -1635.614937380132
2001 -1749.2826516808645
2002 -7827.8101127621685
2003 -7828.603151582684
2004 -7824.76003711111
2005 -7821.932722198799
2006 -472.0981389172413
2007 -7818.2680687414795
2008 -1631.385120366312
2009 -7826.825868799078
2010 49.167614572272484
2011 -7804.154838193631
2012 -7812.183492672382
2013 -7829.149777106408
2014 -657.4759267748894
2015 -7829.713331526125
2016 -7797.399954485438
2017 49.47593554420108
2018 -7829.95987148473
2019 -7827.618614228001
2020 -1582.9424770600926
2021 -6381.931548861406
2022 -7821.029841543441
2023 -7829.080040182169
2024 -3083.338390907081
2025 -7821.355126463381
2026 56.720820290112215
2027 -7819.81114567206
2028 -7749.334469976607
2029 -47.1071096629815
2030 -7823.609039609024
2031 -7766.396203934067
2032 -6923.019371559121
2033 12.341605934067958
2034 -7829.788420637795
2035 -7825.744848850269
2036 -7830.12189659998
2037 -7828.902504748836
2038 36.08264831577582
2039 -7810.708711451263
2040 -7822.961849970259
2041 -7816.712612200544
2042 14.366829222407564
2043 -7824.318525875233
2044 -1637.381336197867
2045 -7829.15346764758
2046 -789.0575453185371
2047 -7829.419627608856
2048 -7739.631073294936
2049 -7822.33521092342
2050 20.358591944599446
2051 -7826.294503070459
2052 -6898.299992959972
2053 49.83380131703039
2054 -7830.3624540162855
2055 -7829.616416672844
2056 -7835.182671282572
2057 -7827.607840473805
2058 -1111.9580595891853
2059 -7827.314163673436
2060 -7809.199880262174
2061 16.755347209496925
2062 -7829.525681774357
2063 -7829.317608188993
2064 -5978.0127579715545
2065 -7829.760956503705
2066 15.15943241410717
2067 -7828.362447236927
2068 -1619.4780137873677
2069 30.931192381266957
2070 -7829.080270209319
2071 -7827.751700366266
2072 -6927.3937650591915
2073 10.762399443197946
2074 -7827.554292240305
2075 -7830.481940937286
2076 -1624.6457920185821
2077 38.870268768404515
2078 -7830.2220954607255
2079 -7813.662784776933
2080 -6920.5019074255415
2081 -7829.505478055618
2082 22.605805393704024
2083 -7829.337130371991
2084 -7772.597171010046
2085 19.348390627774098
2086 -7826.751020360742
2087 -7827.809906217278
2088 -6923.41343410203
2089 -7823.969733151653
2090 34.83500519519515
2091 -7823.990953813545
2092 -7089.3028105894555
2093 -7826.912186941761
2094 10.522720823166056
2095 -7800.8881710172
2096 -7823.412325168409
2097 4.356836636428792
2098 -7830.845596646669
2099 -7830.017430402186
2100 -7827.4316848221315
2101 -7826.586920848138
2102 -7788.838939291463
2103 -7827.503633853272
2104 -7829.080270209319
2105 -7829.494530133179
2106 -7828.809546410042
2107 -7821.932722198799
2108 -7829.699059056969
2109 -7829.713331526125
2110 -7827.918906860209
2111 -7829.080040182169
2112 -7823.609039609024
2113 -7823.834256054988
2114 -7829.95987148473
2115 -7828.902504748836
2116 -7826.251348925325
2117 -7829.525681774357
2118 -7826.294503070459
2119 -7830.12189659998
2120 -7827.607840473805
2121 -7829.317608188993
2122 -7830.2220954607255
2123 -7835.182671282572
2124 -7830.845596646669
2125 -7826.823043265173
2126 -7829.505478055618
2127 -7827.809906217278
2128 -7823.990953813545
2129 -7826.943227603367
2130 -7830.017430402186
2131 -7856.5264311385135
2132 41.0165693095469
2133 -7655.099765119499
2134 -7851.437004940795
2135 54.28601339716147
2136 -7824.630190673162
2137 -7786.026994226485
2138 -1597.827270372637
2139 -7711.84661228577
2140 28.68201768538558
2141 -7815.30342270125
2142 -7313.578434692998
2143 -2676.171744648306
2144 -7795.421324590777
2145 -7827.4597815761335
2146 -1639.457933905085
2147 -7828.839751378829
2148 -429.6465289111877
2149 -7828.732398130599
2150 -7091.122821796518
2151 33.291835102962246
2152 -7823.6617802141245
2153 -7828.644992104747
2154 -7094.911885063889
2155 -7783.721701459823
2156 14.455604413658724
2157 -7824.411571456243
2158 -6208.671674963793
2159 -7829.8241288347035
2160 -2901.517758091305
2161 -7825.646445998849
2162 -6922.245465121918
2163 21.367711845895
2164 -7826.0510704978315
2165 -7827.850238456518
2166 -7828.212375429972
2167 -7827.626045087614
2168 37.62242148349264
2169 -7816.4330811694
2170 -6930.889818442511
2171 -7828.274106618379
2172 9.716318511652256
2173 -7818.530832206985
2174 -7817.488167684696
2175 -1106.8796302846395
2176 -7830.191987694883
2177 -7887.247618191323
2178 -6984.848826504636
2179 46.839772684022606
2180 -7827.585980163375
2181 -7822.499007303855
2182 -7815.6697551214065
2183 6.08686764820146
2184 -7829.026389902028
2185 -7830.27391410531
2186 -4320.211657701581
2187 35.89721315898852
2188 -7827.944365614237
2189 -7827.954802846944
2190 -2623.3499443035944
2191 -89.56512539195954
2192 -7827.562724260317
2193 -7812.965214883481
2194 -7089.991678494832
2195 -7830.08696194034
2196 -44.00401394549084
2197 -7812.433583796822
2198 -7808.363414036826
2199 -7829.794225154844
2200 48.90902751391134
2201 -7825.028155404272
2202 -3368.4596353620573
2203 41.12607337398846
2204 -7827.142606380937
2205 -7830.017317590293
2206 -7364.726697373361
2207 -7818.478859661289
2208 1.7626311456813195
2209 -7824.391673736206
2210 -7092.100885409308
2211 -7833.688924886778
2212 51.630706764193754
2213 -7820.5627774406485
2214 -7096.410358015888
2215 -7827.262041776149
2216 36.644523455608415
2217 -7826.753383308617
2218 -7823.126325282709
2219 51.07151209709504
2220 -7682.418468245336
2221 -7811.314546287644
2222 -1633.287687106207
2223 -7827.727709543264
2224 35.5364616654516
2225 -7830.750686479138
2226 -7093.1537086340895
2227 -3802.128682031482
2228 -7832.278495620982
2229 -7818.148727187556
2230 -7819.621957654515
2231 149.87400428973456
2232 -7827.200575544752
2233 -7852.1662790515
2234 -7853.116762805861
2235 -794.9957163325889
2236 -7825.78850072665
2237 -7826.945496831575
2238 -2030.383017096895
2239 -7825.419472301459
2240 -3915.6968903481193
2241 -7826.465415765432
2242 -7827.903916017073
2243 -7830.923277124532
2244 44.10075487321729
2245 -7790.936609730512
2246 -7830.909482974005
2247 -7829.922111199611
2248 -6810.908350191046
2249 -7830.017430402186
2250 -1636.8451742738819
2251 -7856.5264311385135
2252 -7795.421324590777
2253 -7827.503633853272
2254 -7829.080270209319
2255 -7829.494530133179
2256 -7853.116762805861
2257 -7827.562724260317
2258 -7829.8241288347035
2259 -7829.713331526125
2260 -7827.918906860209
2261 -7830.909482974005
2262 -7887.247618191323
2263 -7823.834256054988
2264 -7830.27391410531
2265 -7828.902504748836
2266 -7826.251348925325
2267 -7830.08696194034
2268 -7829.794225154844
2269 -7830.12189659998
2270 -7827.607840473805
2271 -7833.688924886778
2272 -7830.2220954607255
2273 -7835.182671282572
2274 -7830.845596646669
2275 -7826.823043265173
2276 -7852.1662790515
2277 -7827.809906217278
2278 -7826.465415765432
2279 -7830.923277124532
2280 -7830.017430402186
2281 -3903.3566226005405
2282 -7828.400082043278
2283 -7874.0096395006585
2284 -6966.290579887643
2285 -52.37241065214778
2286 -7800.763469862347
2287 -7808.068638070125
2288 -1618.8457078901044
2289 158.05274515539782
2290 -7829.9382987692625
2291 -7877.940489772321
2292 -7876.209771134576
2293 35.885715464002736
2294 -7867.258375108028
2295 -7826.577824146714
2296 -1630.4483075356638
2297 -6671.368608022448
2298 -7830.854143686022
2299 -7814.811019908846
2300 -1640.3011413411864
2301 -45.18040721264234
2302 -7816.712284223795
2303 -7784.019012682333
2304 -7853.067810604334
2305 -154.4222468981986
2306 -7831.061245645211
2307 -7828.397732635636
2308 -7813.185431300769
2309 -7828.100706528832
2310 -2796.9002174145708
2311 -7824.938931054003
2312 -6916.134005562122
2313 -32.19880670069692
2314 -7826.209611590266
2315 -7829.192060672255
2316 -5318.027751531303
2317 -30.58300092147404
2318 -7679.722208502904
2319 -7822.285402091221
2320 -6909.878214089404
2321 -7858.028520376859
2322 -3161.191233322059
2323 -7834.300548200899
2324 -7845.922442393999
2325 -80.2962399223874
2326 -7824.965926801405
2327 -7874.210772513376
2328 -7866.103868235948
2329 118.23159570158252
2330 -7770.913121279085
2331 -7819.053608586816
2332 -7824.796202747012
2333 -6595.944621934332
2334 -7827.900027125809
2335 -7804.551621360392
2336 -7270.087924023231
2337 -7825.791522790612
2338 2.0540200212010475
2339 -7828.9415364607685
2340 -7796.754065005769
2341 67.17191027288686
2342 -7824.805766934394
2343 -7821.642682865127
2344 -7152.2755268590845
2345 -2522.0216036211677
2346 -7829.359208093098
2347 -7827.935789403467
2348 -7813.541861733458
2349 -7827.631936598839
2350 47.22266255010754
2351 -7827.286939909738
2352 -6917.779181643103
2353 -7748.011427455294
2354 150.53710310454392
2355 -7797.95310147626
2356 -7525.256261285583
2357 -7823.45836590685
2358 -358.09372787638216
2359 -7822.412543038647
2360 -6920.210730949639
2361 -7867.973371539696
2362 -591.2816663580453
2363 -7867.736197679475
2364 -7857.266386682914
2365 -258.11164388191776
2366 -7876.697311222429
2367 -7830.221901417143
2368 -6925.821645500778
2369 101.90306237505217
2370 -7778.526236581786
2371 -7886.802475653048
2372 -7881.318840683456
2373 -0.4456850872962548
2374 -7784.103554056318
2375 -7756.320094957183
2376 -7820.970669402602
2377 -7823.944566087619
2378 51.6659364115323
2379 -7824.278107523172
2380 -6920.586824829354
2381 -7874.225620337222
2382 -11.585887715438446
2383 -7816.849609589989
2384 -7808.687663970506
2385 0.1171318965840821
2386 -7881.994266103913
2387 -7821.5224788056785
2388 -7091.770352099037
2389 -7833.663005691684
2390 134.80090339939863
2391 -7830.83266024803
2392 -6925.569925643484
2393 -7805.875277496289
2394 121.07353279303439
2395 -7828.267975961851
2396 -1593.0346676084887
2397 -2.3703454093987135
2398 -7783.375317814
2399 -7849.0267594554825
2400 -7854.586208242978
2401 -7874.0096395006585
2402 -7808.068638070125
2403 -7877.940489772321
2404 -7829.080270209319
2405 -7829.494530133179
2406 -7853.116762805861
2407 -7828.397732635636
2408 -7829.8241288347035
2409 -7829.713331526125
2410 -7827.918906860209
2411 -7858.028520376859
2412 -7887.247618191323
2413 -7881.318840683456
2414 -7830.27391410531
2415 -7828.9415364607685
2416 -7876.697311222429
2417 -7830.08696194034
2418 -7829.794225154844
2419 -7830.12189659998
2420 -7827.607840473805
2421 -7867.973371539696
2422 -7830.2220954607255
2423 -7886.802475653048
2424 -7830.854143686022
2425 -7826.823043265173
2426 -7874.225620337222
2427 -7854.586208242978
2428 -7833.663005691684
2429 -7831.061245645211
2430 -7849.0267594554825
evaluations raw_y
1 -2596.6566255380717
2 116.43335325298837
3 227.5149589143237
4 728.8045560640403
5 434.2796981294376
6 61.89079153329211
7 172.99757218664308
8 -4.330208875179087
9 110.14229844192494
10 9.092382831140789
11 -1375.4404678084381
12 239.42940144689132
13 -1728.583720616432
14 -571.9811639828758
15 183.53305396214745
16 78.60422559908928
17 20.262797291295183
18 -832.5880505753348
19 198.96567936172002
20 16.290914528364087
21 3023.281232211486
22 118.86561203889724
23 84.62331784539393
24 -353.4816585572617
25 2658.4451648267564
26 64.60506891717841
27 230.03744612398987
28 114.27017232323
29 278.93686681037053
30 4121.942043528477
31 -834.1418332819171
32 121.52143133183296
33 -1430.243066549663
34 -2569.8346311289692
35 -572.9231536391425
36 -3649.451792473479
37 -470.4324301927046
38 -462.58324317201664
39 -1383.2997161966773
40 22.902770162993495
41 -1095.9999388380998
42 4738.908559498884
43 -213.83587741050957
44 -1364.9191263196826
45 -542.9743419225837
46 -543.2485507285732
47 -341.82904565192695
48 11.298093052713185
49 -780.2221290964351
50 -1333.2935165310387
51 65.25885199009814
52 -674.7795135101755
53 31.710896945608514
54 14.744423155716243
55 -740.8071814257846
56 1643.431663199708
57 -1466.5113105869807
58 -1400.5162364072387
59 815.1579308522685
60 -232.51105626469445
61 5155.418531370306
62 -538.8069009463786
63 -407.78410661510435
64 -2742.2654832094317
65 -535.7062147713905
66 4769.709856722882
67 -1416.9919920821533
68 14.519530680724955
69 -1970.7313180285587
70 -251.25700592896268
71 -2023.983408271986
72 -523.5226651529875
73 -2466.6354347117485
74 -2330.38534359277
75 -846.2311749191095
76 105.43991553400546
77 -790.333827429397
78 -3215.396833152525
79 -4196.141381320907
80 54.23186025928876
81 -6022.7807780605835
82 -6010.840878744654
83 -2260.468826389393
84 -560.8002659219461
85 53.79545970694516
86 -2265.411033762674
87 -1992.514910779565
88 -2812.3727845763715
89 -1390.8397245187582
90 -6118.046334773008
91 19.759257005845726
92 -730.9277957114117
93 60.709099191147864
94 -377.8608600418774
95 -5621.538551573654
96 -514.0583835968023
97 -3793.447903735536
98 -6004.841523962298
99 -4239.895319539473
100 3.4507370579809997
101 -1719.3971993817881
102 220.91056780936933
103 163.48008157466987
104 -414.38573112842965
105 123.64557483780274
106 49.31571062878895
107 6.419070851742534
108 -1393.0787721511929
109 83.18496178451046
110 5.32796649987074
111 -1381.3403028879218
112 109.58033855866452
113 -6083.182407809818
114 -5330.265178995679
115 771.0098229836317
116 66.89584587393306
117 -1700.6378994198976
118 -2565.6339199751546
119 8.239127326838108
120 -1203.049971957224
121 -779.8976295054216
122 -652.1216851406483
123 -2976.922633979222
124 -4145.500172608077
125 -2988.3215818634326
126 -2987.801787609099
127 57.95127692572709
128 -20.77981524465215
129 49.08743799054115
130 48.01270989923405
131 141.46619305934672
132 -5584.19764188794
133 4827.953219975925
134 67.64604955353411
135 32.16212316355342
136 -779.0423591295549
137 -628.6686940818582
138 -528.9439747050483
139 -1047.1096882650256
140 -2333.52828373975
141 -6137.678979003227
142 -6290.190570707539
143 -1228.174363535099
144 -2768.896730988933
145 -1354.4312456781613
146 -2304.112384385258
147 843.2431872426608
148 131.85592736882816
149 408.3097523932885
150 488.65780320549766
151 -5584.19764188794
152 -572.9231536391425
153 -1383.2997161966773
154 -6118.046334773008
155 -1393.0787721511929
156 -6290.190570707539
157 -1466.5113105869807
158 -543.2485507285732
159 -535.7062147713905
160 -2987.801787609099
161 -2466.6354347117485
162 -2812.3727845763715
163 -6022.7807780605835
164 -2333.52828373975
165 -3649.451792473479
166 19.759257005845726
167 -6010.840878744654
168 -4239.895319539473
169 -5330.265178995679
170 6.419070851742534
171 -6083.182407809818
172 -2569.8346311289692
173 -779.8976295054216
174 -2988.3215818634326
175 49.08743799054115
176 64.60506891717841
177 -628.6686940818582
178 -6137.678979003227
179 -2330.38534359277
180 408.3097523932885
181 -962.9190564014307
182 54.47281549914253
183 -754.812164695849
184 -5594.956148886654
185 35.74067446398146
186 -6046.609093042993
187 77.55976244793248
188 -566.7965409405069
189 -5679.582222905258
190 3497.0798273799105
191 -1071.6883404359796
192 -6175.232133402042
193 -6175.907921792799
194 4938.844976923934
195 -6178.4498436548265
196 -7067.918138155681
197 -1199.927335749194
198 -6098.064516364844
199 -1381.2195862440044
200 -1398.6280275744027
201 -56.52225722851398
202 -3690.5171457274214
203 -5986.283114593271
204 -6181.080140603007
205 -6012.23730697654
206 -403.1160678332306
207 -6013.804274596091
208 -5910.827368217811
209 1088.2487097252097
210 -6074.720099673998
211 5136.809531723777
212 -538.5926856775054
213 20.987582802738704
214 -1090.8129549401929
215 -5529.510654366301
216 -5535.285978233209
217 -4334.628593878334
218 -475.0306237890187
219 -4334.628593878334
220 -4337.046634902571
221 -4468.067141366815
222 71.03445399820495
223 -4682.250166958197
224 -4681.510971204263
225 -664.4376277145014
226 -6161.115936431453
227 121.55245800739183
228 -2788.509231258832
229 -6548.959999507937
230 14.145861286153108
231 -6543.087002609413
232 -6653.323495210965
233 -2736.1491551338513
234 -1393.628908338989
235 -2738.073776124903
236 12.850733114493341
237 -6921.540432142235
238 9.977903509901077
239 -6772.016017954189
240 -6186.707131949571
241 -6080.7239644289375
242 1586.674202769123
243 -1456.314356253161
244 -1591.729720842558
245 -6117.574673679918
246 -2441.8919294654816
247 116.49659980996412
248 -6144.865639562172
249 -3300.0421889371655
250 -6689.186889317028
251 -4294.810341123042
252 -4107.127311281719
253 -2000.596976210727
254 -886.1702474770256
255 222.26352612892128
256 -5315.908042268009
257 6.1593636854231075
258 -5921.412501095893
259 38.699339300911156
260 15.821331748626111
261 -6206.904578396204
262 1028.0940182740237
263 -6116.089549449389
264 -6897.4757685939485
265 -127.02118252133684
266 -2472.7809834124696
267 -6151.903325745145
268 -6145.33041322029
269 -4487.733908323155
270 13.278692034641105
271 -4372.7552245766565
272 -4369.8913859826125
273 -4565.329143560051
274 63.391265542025614
275 -4110.45256211103
276 -4488.358728632549
277 -6178.840011206627
278 -38.050037576653665
279 -6186.108173802684
280 -6182.9203027126305
281 -3559.406421120147
282 105.4907141111406
283 -5785.544512189549
284 -5914.581169247185
285 -335.73273318879865
286 -5609.51437986106
287 -594.118228083391
288 -629.9836436670757
289 5158.500729456966
290 -6185.221175975978
291 -6026.9740433087745
292 -6137.0599430564735
293 2063.946959107999
294 -1106.9593019166841
295 -6160.554080354111
296 -6027.350603051395
297 -5996.466696271409
298 36.186492186472485
299 -5050.8060130552685
300 -5998.9718796115085
301 -7067.918138155681
302 -572.9231536391425
303 -5679.582222905258
304 -6178.4498436548265
305 -1393.0787721511929
306 -6290.190570707539
307 -6013.804274596091
308 -6185.221175975978
309 -6137.0599430564735
310 -4334.628593878334
311 -5998.9718796115085
312 -4369.8913859826125
313 -6689.186889317028
314 -2738.073776124903
315 -6921.540432142235
316 -6080.7239644289375
317 -6117.574673679918
318 -4294.810341123042
319 -5330.265178995679
320 6.1593636854231075
321 -6206.904578396204
322 -6151.903325745145
323 -4681.510971204263
324 -4565.329143560051
325 -6186.108173802684
326 -5785.544512189549
327 -628.6686940818582
328 -6137.678979003227
329 -6175.232133402042
330 -5996.466696271409
331 4560.752003054672
332 -3811.0242355899077
333 -1407.7837623396344
334 -6184.854467655065
335 -82.08684989928994
336 -6676.145030043872
337 97.70560785009562
338 -587.4526860246219
339 -6907.817399701937
340 -803.5645957341087
341 -3080.419201843128
342 -719.7235902759758
343 -6187.65222203943
344 4753.94031582218
345 -4152.405506399684
346 -6155.731262139525
347 14.622735388480299
348 -5074.026276298445
349 -1453.8404416021756
350 -1433.9888247372353
351 -1919.9718147456106
352 114.31758615539994
353 -6089.021092994101
354 -6290.86601791973
355 195.73069398361451
356 -6193.530804066937
357 -6841.745099677287
358 -639.6025010147342
359 -6182.344111294185
360 -930.1940526496659
361 -4798.089063100432
362 -6195.460857576221
363 -6794.0981024205685
364 79.99745628929256
365 -6194.792109065543
366 -6788.842367412643
367 91.16469632629162
368 -6104.94653650798
369 -5001.133198559542
370 -5087.23255278238
371 21.868225585872775
372 -6837.687929042099
373 -5955.3928950269965
374 -5381.51445233861
375 -5233.787198239417
376 74.47102969532195
377 -5937.483253559234
378 -5910.71409110983
379 -5376.387761850506
380 -6678.003802056425
381 -6558.841684117896
382 -6823.579637079354
383 -6174.454833771161
384 -2625.223252977867
385 -5462.809880694728
386 -6153.534945086134
387 -6704.477823066706
388 -2270.71713984817
389 -6048.952983178
390 -6914.317951402329
391 -6200.653445993869
392 130.3096675063625
393 -6141.756019686893
394 -8.30660991619509
395 -3980.7588586268716
396 -6441.934172777931
397 -6059.368951931968
398 -6143.297100219505
399 -4700.65308577144
400 41.07875942448957
401 -4995.327620177129
402 -4995.75383552746
403 -6894.06291006219
404 -4210.171412974824
405 -1092.113267080308
406 -6922.33435526673
407 -5000.172143417071
408 -6072.039364089046
409 -5102.627423895804
410 -5086.870322263084
411 -6070.783375645337
412 -99.7099063541472
413 -6205.914967326325
414 -6178.728881292854
415 -2322.618843923075
416 57.21129423916076
417 751.3628271491079
418 -5584.3727388552525
419 -4323.237892486262
420 -6191.385482519612
421 562.4638064964893
422 -4452.824407122312
423 26.90252103691709
424 -6413.855980565139
425 -4842.108777427393
426 -4842.332912374363
427 95.15221960510743
428 -6507.609375832245
429 -6112.006125426014
430 -6043.338777142877
431 -6125.697481404727
432 -774.4695252033082
433 -1419.919624059313
434 -6135.948844991513
435 -35.22812268448985
436 -6687.185213877643
437 112.94575765723651
438 -478.4825997563754
439 24.59681116731357
440 -6321.200594246942
441 -6058.596836762994
442 -6138.289293904714
443 -6980.36197132557
444 23.786423101101462
445 -6980.36197132557
446 -6983.074278520463
447 65.43865834818722
448 -1119.4355609829363
449 -6907.078052278652
450 -6921.891867691224
451 -7067.918138155681
452 -5087.23255278238
453 -6907.817399701937
454 -6187.65222203943
455 -6153.534945086134
456 -6678.003802056425
457 -6841.745099677287
458 -6185.221175975978
459 -6921.891867691224
460 -6687.185213877643
461 -6143.297100219505
462 -5937.483253559234
463 -6837.687929042099
464 -6983.074278520463
465 -6921.540432142235
466 -6200.653445993869
467 -6117.574673679918
468 -6178.728881292854
469 -6914.317951402329
470 -6321.200594246942
471 -6206.904578396204
472 -6151.903325745145
473 -6413.855980565139
474 -4842.108777427393
475 -6186.108173802684
476 -6125.697481404727
477 -628.6686940818582
478 -6137.678979003227
479 -6980.36197132557
480 -6922.33435526673
481 4804.047845360095
482 -6188.142885802232
483 -6192.905640304587
484 -7069.380203727592
485 -5904.890511567358
486 -1934.0933861296032
487 -6471.562899953956
488 -5589.299560335143
489 -5698.2101535845095
490 -7003.975814334947
491 -6911.290777235456
492 -726.3843294517369
493 -6916.646349174558
494 109.50720985314784
495 -6627.04723813461
496 -714.3549314619809
497 -614.574846610887
498 -4815.823675727357
499 -6149.16254950561
500 -6101.792863093301
501 -1305.8550943255568
502 42.60462275551171
503 -6841.011357274461
504 -6846.97662400816
505 -4043.1645187542563
506 -1008.4388766651253
507 -6166.106847337235
508 -6098.102313588265
509 -6179.690970416826
510 -315.67819180267423
511 -5494.897736649686
512 -6187.379939780966
513 -480.27646652055046
514 -3331.7791944736855
515 -6288.957428563335
516 -6922.667408392296
517 -303.45340548136215
518 -6788.88082271897
519 -1433.9340480168485
520 -5522.6494584001775
521 -5242.7210139413255
522 -6185.262680089151
523 -6137.918272149435
524 -6101.6903458818315
525 -1432.7318613046252
526 4.855364894833066
527 -5011.21537609577
528 -5925.183509880923
529 -6372.709230695494
530 -438.30381884332684
531 -1100.5874439792879
532 -6864.457063811306
533 12.783110065418782
534 -6565.298248097141
535 -6196.614356702024
536 -6983.805683732627
537 22.155010427227676
538 -1136.046391562231
539 -6506.345805031502
540 -6924.34273723396
541 -1481.1963335727805
542 -6524.980729291875
543 -6158.9914852218735
544 -6161.7455453034245
545 36.27781987791032
546 -7075.479246872507
547 -7061.699972752821
548 -7091.451524376197
549 -1483.7878167388678
550 143.91602659470732
551 -6140.399811239966
552 -7090.389905947657
553 -6175.524115463989
554 4780.99223787101
555 -1090.980229628337
556 -6716.467955963568
557 -1114.373262728569
558 48.274828320913684
559 -952.572678769176
560 -5547.274221141546
561 -6077.818514551559
562 34.449019745667776
563 -6207.283220542221
564 -421.85579644985086
565 4819.213320822798
566 -6163.200190448228
567 -3760.1474692429492
568 -6242.05849921014
569 -3112.526403883361
570 -6840.797092119798
571 -6537.885441348314
572 -6139.199021393461
573 4619.824919342363
574 14.639676145312269
575 733.8329811956646
576 -4123.357962569286
577 -1029.9189088852622
578 -6399.0343764530235
579 -6182.537714196276
580 -6181.156628425754
581 -1109.1512299969959
582 -6536.753808555517
583 -6654.7159617197085
584 -6651.171895547874
585 253.74159012931707
586 -1477.7993550453941
587 79.3620337298545
588 -646.3744752800571
589 7.807800324395213
590 -1413.112520394026
591 -5147.693696626057
592 -6847.752781483392
593 -468.88401336230095
594 -6186.864597778371
595 -7072.475348420086
596 -6941.04136379183
597 -1587.526710438054
598 -6197.296286703789
599 -6094.304084468488
600 -7073.739290062439
601 -7067.918138155681
602 -6471.562899953956
603 -6911.290777235456
604 -6916.646349174558
605 -6186.864597778371
606 -6841.011357274461
607 -7069.380203727592
608 -6185.262680089151
609 -6983.805683732627
610 -6687.185213877643
611 -6143.297100219505
612 -6139.199021393461
613 -7073.739290062439
614 -7075.479246872507
615 -6921.540432142235
616 -7090.389905947657
617 -7061.699972752821
618 -7091.451524376197
619 -6914.317951402329
620 -6565.298248097141
621 -6207.283220542221
622 -6151.903325745145
623 -6924.34273723396
624 -4842.108777427393
625 -6186.108173802684
626 -6654.7159617197085
627 -628.6686940818582
628 -6840.797092119798
629 -7072.475348420086
630 -6941.04136379183
631 -1435.245543100304
632 12.21315426989306
633 -6089.845548915531
634 -6186.371937201452
635 -1023.1896202347907
636 92.2912908572099
637 -5998.565816564879
638 -6480.1821817326545
639 -6042.898712300066
640 191.05844588248138
641 -6103.803858508349
642 -6916.038690774682
643 -471.64470915882725
644 -7086.406340724361
645 5133.171311209429
646 -7054.453687715388
647 -6131.070041413749
648 174.6362706625668
649 -3513.6262016142746
650 1.141773271370897
651 -3825.1159032554788
652 14.032271370359455
653 -6912.761126978049
654 -723.9633602950914
655 -2451.4893915616667
656 -6164.200058093525
657 -7071.026754858423
658 -7070.345800363947
659 -6183.701586794002
660 -1164.3723344671034
661 -7034.562020905455
662 -6972.099111210474
663 -5669.9952588940505
664 12.905193283825795
665 -7016.353130178964
666 -821.9262650700196
667 -6707.279499975849
668 -2616.525948399787
669 -6707.279499975849
670 -6703.416693605491
671 25.515722730175877
672 -6289.855212202365
673 -6165.393223349063
674 -6178.510706059217
675 -6097.566118237151
676 -1291.9182613968032
677 -1071.610015251089
678 -707.0872001318718
679 46.58904374933973
680 -7033.857898725261
681 -7073.739290062439
682 -6173.0028304218
683 16.358550638373558
684 -7083.762759188398
685 -7095.343562845475
686 -896.8362165210125
687 124.3731126068268
688 -5028.600825554172
689 -6980.948267443961
690 -6973.445463138788
691 24.04567458809754
692 -7088.115919912002
693 -6921.267350142133
694 -6990.861977456826
695 -6177.019576008421
696 -6974.130533289464
697 -1651.6472221386139
698 -7092.5124003538185
699 -637.0333145883816
700 -6205.047834536436
701 -6666.225633051669
702 -6748.13929914298
703 -6888.411810280457
704 -5937.387089388531
705 -1097.8481637680215
706 -6907.681784854753
707 -6632.212610657433
708 -431.73792551979653
709 -6634.683376347294
710 -4721.953164895715
711 -66.42365923744684
712 -5580.575319401751
713 -6745.3799059226385
714 -6183.135512158415
715 -31.30134078551545
716 -7068.489985100682
717 -1751.1726146803258
718 -853.8252116034165
719 -189.4910730197772
720 -2666.0893308620866
721 -6114.340563014856
722 -6195.73945605994
723 -496.78040960727765
724 -6899.577722689291
725 -4987.659142064166
726 157.32438410219254
727 21.931942526590646
728 -1854.3292715314433
729 -3511.1161923718073
730 -6184.7596008266755
731 -7012.9961266913
732 35.36368210682621
733 -6984.879754461444
734 -6995.003526480706
735 -140.95050270129374
736 -4781.204683039629
737 -56.15321818861355
738 -628.2052064169516
739 -6153.493065999345
740 2.7962400613798595
741 -533.714348692316
742 -6756.5117466336205
743 47.59827694355228
744 -6762.469947063538
745 -6400.514340167937
746 -7079.86352588392
747 -6926.1077439012815
748 54.93706094396611
749 -7151.216741511345
750 -7019.161391917179
751 -7067.918138155681
752 -6471.562899953956
753 -6990.861977456826
754 -7070.345800363947
755 -6186.864597778371
756 -7092.5124003538185
757 -7088.115919912002
758 -7034.562020905455
759 -7033.857898725261
760 -6707.279499975849
761 -6756.5117466336205
762 -6916.038690774682
763 -7083.762759188398
764 -7095.343562845475
765 -6980.948267443961
766 -7090.389905947657
767 -7061.699972752821
768 -7091.451524376197
769 -6914.317951402329
770 -6762.469947063538
771 -6745.3799059226385
772 -7054.453687715388
773 -6924.34273723396
774 -5028.600825554172
775 -6186.108173802684
776 -7012.9961266913
777 -7079.86352588392
778 -6840.797092119798
779 -7072.475348420086
780 -7151.216741511345
781 -5184.868409064067
782 24.008896498814458
783 -7074.532167455014
784 -7074.486285019816
785 -6636.298783545317
786 47.55692586177293
787 -5921.15676657355
788 -849.5142388461804
789 -38.38832256195584
790 -7000.94646358786
791 -7090.727276811144
792 -7092.097557892293
793 18.719447293930738
794 -7129.916882740948
795 -5986.051546265833
796 -7056.5061317446125
797 28.329851308852277
798 -1138.1893341015382
799 -6195.250070659019
800 -6186.021571943117
801 -1286.8734960249644
802 33.026270472393634
803 -1404.953682321375
804 -6202.238402041895
805 -6977.123800319757
806 29.715464235758038
807 -6979.701404379152
808 -7077.451979032871
809 172.29223368802
810 -7087.577596207135
811 -6666.959624362631
812 -6966.487987239768
813 -31.518996930718973
814 -7092.650009917066
815 -7024.8048543740415
816 -7031.578867264128
817 -5886.898348202714
818 -6640.382709070269
819 -6811.659819177742
820 -7419.366604239271
821 -1426.0420215083998
822 -451.01383439364923
823 -7043.230030691754
824 -7026.983920403206
825 -6053.4446886059495
826 -26.66942411636444
827 -6389.109351725592
828 -6914.421005464186
829 13.423344652699729
830 -7064.385036187917
831 -7077.796548479315
832 -7072.310383320791
833 26.313273012223384
834 -6947.414668577012
835 -7080.854609910998
836 -7068.397962556063
837 113.23588634423096
838 -7084.369622100411
839 -1063.7383642462337
840 -6779.194058880054
841 -7034.1691679837
842 -63.687041832526376
843 -7121.259062625194
844 -932.6861936284109
845 -6980.659155632745
846 -423.3506615796078
847 -1885.942452100273
848 -871.3054784119928
849 -7054.197543898611
850 -380.6606130107148
851 -7002.727182897669
852 -891.1490367994716
853 -986.8313681754598
854 -1894.9551368221942
855 -6729.658788496946
856 -680.4328012113439
857 -1197.01098990956
858 97.88399579045173
859 -3270.4055957322885
860 -6741.042387191094
861 -6907.06654366146
862 -5507.958111997509
863 -6759.144001695912
864 -7239.7719992758875
865 -7706.371049556218
866 36.36752034806686
867 -1042.1507015438046
868 -7715.764260655749
869 16.307744027524212
870 -1301.7507911507132
871 -1101.893940612099
872 -6179.24737985832
873 -5069.652548499837
874 -3432.0856806234947
875 -5145.1457375560185
876 -5154.453049972363
877 -1856.2008013762816
878 -7078.651057955942
879 -1431.6634138387244
880 -7141.264367708113
881 29.717338119785353
882 -7081.062187345975
883 -7035.655906753932
884 -7143.228509387411
885 -1805.6525616982503
886 -6862.242089891075
887 -3567.781501212336
888 -7241.394777033645
889 -6057.987545728425
890 290.5237078240324
891 -1042.620192344314
892 -6924.986375668028
893 3.4175484932498326
894 -7119.356124500495
895 -7086.18610627855
896 -7083.420124715178
897 -7069.580710186805
898 32.61459615539351
899 -7148.364149604508
900 -6244.946342421247
901 -7074.532167455014
902 -7419.366604239271
903 -7129.916882740948
904 -7092.650009917066
905 -6195.250070659019
906 -7092.5124003538185
907 -7088.115919912002
908 -7068.397962556063
909 -7033.857898725261
910 -6811.659819177742
911 -7715.764260655749
912 -6916.038690774682
913 -7083.762759188398
914 -7241.394777033645
915 -7119.356124500495
916 -7143.228509387411
917 -7061.699972752821
918 -7091.451524376197
919 -6914.421005464186
920 -6762.469947063538
921 -7083.420124715178
922 -7706.371049556218
923 -6924.34273723396
924 -5145.1457375560185
925 -7074.486285019816
926 -7141.264367708113
927 -7239.7719992758875
928 -6840.797092119798
929 -7087.577596207135
930 -7151.216741511345
931 -1270.088070961241
932 51.458305747404836
933 -7078.473555783873
934 -7065.630013830429
935 -1941.0010545529267
936 16.1677228388791
937 -7419.366604239271
938 -1231.3464780721308
939 -7153.938792492136
940 5.819431184880651
941 -7073.963334152383
942 -7152.194871751714
943 -3834.7579464417086
944 -6835.888850169857
945 -7082.1942675835135
946 -6908.231407689322
947 -5479.802123331534
948 -7612.296015374513
949 -6195.250070659019
950 -6200.78152326618
951 -7064.544968730361
952 696.735000032493
953 -6184.266474098604
954 -6906.854072076619
955 -301.0937696037728
956 -7105.014562821325
957 -6182.415677527458
958 -7079.040760585259
959 53.18260323720872
960 -7048.402549659901
961 -7061.811054195419
962 -869.3517902342688
963 -1387.2336185733311
964 5087.559651766274
965 -5558.369501676548
966 -7032.619895130242
967 -7080.555157711473
968 47.36605872330976
969 -6271.579020231317
970 -7014.605560019103
971 -7423.955411807236
972 -20.574314108775326
973 -2120.9124732633263
974 -6986.711769539301
975 -1107.2498802447535
976 -681.0834521638124
977 -1171.65647605106
978 -1445.9205569599158
979 -662.5672379604223
980 -6719.084182618918
981 -6900.718146631827
982 -6187.262470586402
983 -4076.75865845109
984 36.86872474538079
985 -6187.297743687647
986 -7184.3114927264805
987 -654.0570139251138
988 -7036.860670996825
989 -1475.087374430511
990 -919.2802362929749
991 -7703.841969481577
992 -1246.8267334308093
993 -7651.5567736672965
994 -6844.7782083166185
995 -7324.094302260281
996 10.434523889277822
997 -3726.0426527754753
998 -6921.580350806707
999 -7077.43785215396
1000 43.36511788965221
1001 -7071.270432668529
1002 -6194.259271130178
1003 -1078.0760994349703
1004 4079.5439034024935
1005 -6188.67035184152
1006 -3808.99001271463
1007 -6809.481835456201
1008 93.76011310753788
1009 -7377.707987204642
1010 -7376.323925659094
1011 -7088.588847559671
1012 5095.96669019976
1013 -7050.004651669781
1014 -7064.726103173554
1015 -383.47730765875747
1016 -7089.327444027759
1017 -7063.399292397994
1018 -7703.934107882695
1019 -6925.360187171946
1020 -1581.0364731156023
1021 -1105.6932732052328
1022 -6924.507136649765
1023 33.98019076948125
1024 -832.728975795363
1025 -5147.952615053365
1026 -5200.209477430657
1027 3606.2014708632214
1028 -6860.656823704368
1029 -7058.155954556845
1030 -7080.015544721475
1031 -6707.259815235238
1032 13.891093488160857
1033 -7066.94192026486
1034 -7122.530036900314
1035 -5957.538621282714
1036 -7090.0451364156215
1037 -7239.131781995276
1038 -7247.294811751107
1039 -6791.769768667021
1040 -4907.189093455973
1041 -1081.9952897161575
1042 -6828.536854461123
1043 35.65959584164296
1044 -2780.0748860945205
1045 -6563.7639157184085
1046 -7091.429046364719
1047 -299.25972699691715
1048 -7004.3355344262845
1049 -1496.5894827210432
1050 -7083.088865193866
1051 -7184.3114927264805
1052 -7419.366604239271
1053 -7153.938792492136
1054 -7092.650009917066
1055 -7247.294811751107
1056 -7092.5124003538185
1057 -7088.115919912002
1058 -7068.397962556063
1059 -7033.857898725261
1060 -7080.555157711473
1061 -7715.764260655749
1062 -6916.038690774682
1063 -7089.327444027759
1064 -7241.394777033645
1065 -7119.356124500495
1066 -7703.841969481577
1067 -7376.323925659094
1068 -7703.934107882695
1069 -6914.421005464186
1070 -7377.707987204642
1071 -7088.588847559671
1072 -7706.371049556218
1073 -6925.360187171946
1074 -5147.952615053365
1075 -7074.486285019816
1076 -7141.264367708113
1077 -7239.7719992758875
1078 -6840.797092119798
1079 -7090.0451364156215
1080 -7151.216741511345
1081 -5855.403459705527
1082 -1431.604196522192
1083 -6391.660814028362
1084 -6839.605725809517
1085 -998.0784904020032
1086 -6924.698803067225
1087 -6990.492915238295
1088 -7249.58729038508
1089 -5952.3660442427545
1090 -7091.530145172661
1091 -6975.237713480639
1092 -963.947026260158
1093 117.82850567739504
1094 -7029.218316242491
1095 -7077.308369538871
1096 -7089.65350012511
1097 -7425.54747490196
1098 9.50226590007221
1099 -7429.651153954897
1100 -7390.249784509104
1101 54.71067408683846
1102 -7020.771982439581
1103 -7057.295604833431
1104 -7082.193118619896
1105 -6613.946294579628
1106 -631.2316267213522
1107 -6191.830615541973
1108 -6186.892282227405
1109 -210.37364462313977
1110 -1823.5887001820365
1111 -7074.96201661961
1112 -7072.25416417712
1113 -1414.6101268444995
1114 4304.76830158089
1115 -7067.066868275643
1116 -7076.718780842882
1117 -6732.7376464994695
1118 -1771.2820426666392
1119 -1485.4398362129434
1120 -7067.478680433033
1121 -2122.5623331204592
1122 36.6333377201678
1123 -6918.870579598084
1124 -7714.304987576717
1125 -24.607849529755708
1126 -2159.26027257421
1127 -6702.337911294413
1128 -6898.705138302119
1129 146.3499256533272
1130 -7149.188806254335
1131 -6090.5162668192825
1132 -7089.828636375758
1133 -7464.2943265337735
1134 177.7010903877597
1135 -7415.567247994026
1136 -6971.789496496541
1137 58.47879658830322
1138 -7724.875636355144
1139 -1643.5380604992451
1140 -7051.206948181874
1141 -2140.446057604771
1142 -6904.480270938293
1143 -6783.458151303457
1144 -7701.151351582715
1145 107.07157735628378
1146 -6890.63429703504
1147 -7324.743948309232
1148 -6602.480800193951
1149 -7460.617844809913
1150 -3660.059468485514
1151 -7788.3096642756345
1152 -6957.910128702382
1153 -1188.8527220251062
1154 -5096.838786432561
1155 -6555.115519149913
1156 -721.21425714916
1157 -1667.8614067937433
1158 8.65769921609697
1159 -5615.66455578277
1160 -6692.540349130144
1161 -7014.944752729592
1162 -1022.6899036897984
1163 -6938.534122050192
1164 -6861.979317844965
1165 41.837884638326166
1166 -7513.113077964688
1167 -2137.306685357502
1168 -6899.48639238004
1169 8.397629015622762
1170 -1752.9906104018019
1171 -6922.296356726022
1172 -6898.779378155928
1173 -694.0964928055163
1174 -6932.402537466393
1175 -5684.028692116979
1176 -856.1282960881557
1177 -7635.522435221796
1178 30.541753731596096
1179 -5263.000629869537
1180 -7628.987311598121
1181 -1611.5773659085462
1182 -7539.795057836015
1183 -7097.770865868982
1184 -951.6882090625379
1185 81.6902230183149
1186 -7609.251126269389
1187 -7394.649924710966
1188 -1514.949577314455
1189 -6897.70968596162
1190 -5223.421947914926
1191 -7073.910184107693
1192 -824.3149520197796
1193 -7118.528430709582
1194 107.32399292933667
1195 -7076.9508709252195
1196 -7112.816961174366
1197 41.89461097670032
1198 -1849.4676064123369
1199 -7067.657813314473
1200 -6232.043970095071
1201 -7184.3114927264805
1202 -7419.366604239271
1203 -7153.938792492136
1204 -7092.650009917066
1205 -7429.651153954897
1206 -7092.5124003538185
1207 -7088.115919912002
1208 -7074.96201661961
1209 -7067.066868275643
1210 -7080.555157711473
1211 -7715.764260655749
1212 -6916.038690774682
1213 -7089.327444027759
1214 -7464.2943265337735
1215 -7390.249784509104
1216 -7703.841969481577
1217 -7376.323925659094
1218 -7788.3096642756345
1219 -6924.698803067225
1220 -7539.795057836015
1221 -7628.987311598121
1222 -7724.875636355144
1223 -6932.402537466393
1224 -7609.251126269389
1225 -7635.522435221796
1226 -7141.264367708113
1227 -7714.304987576717
1228 -7073.910184107693
1229 -7118.528430709582
1230 -7151.216741511345
1231 -1158.7518968266359
1232 -7352.789137560498
1233 -7149.787140079968
1234 -6459.939025532951
1235 33.55587719854476
1236 -7113.573636797226
1237 -6749.617937744573
1238 -6852.0359672048135
1239 189.36836304652843
1240 -2238.0649130103247
1241 -6629.091634700409
1242 -7088.015295338362
1243 -6286.00355438606
1244 -3285.345716806814
1245 -7088.497748622108
1246 -7092.69395951379
1247 -559.856989551543
1248 -6894.477640038434
1249 -7705.3660507421555
1250 -7697.025591228522
1251 -7093.414618218057
1252 -5471.04989552978
1253 -6936.060783837079
1254 -7095.58295364293
1255 -6911.924224919493
1256 -385.74746799985667
1257 -7084.429332054326
1258 -885.7533780655067
1259 3257.095236913343
1260 -2009.5219709154107
1261 -7071.6383988829075
1262 -867.2067235375346
1263 287.63071054706506
1264 -1939.0593555451642
1265 -6916.067965791607
1266 -7072.9942892791105
1267 -3143.941799197774
1268 65.39470226904396
1269 -7174.893870180065
1270 -7099.523467215754
1271 -7401.045701339387
1272 59.360170843781574
1273 -4773.322993697806
1274 -7685.112793068769
1275 -355.5451526068455
1276 -5802.579642139436
1277 -6947.461973240648
1278 -7092.405542499409
1279 164.10382814979457
1280 -1855.8965793493044
1281 -7090.980656822605
1282 -7701.777181047222
1283 53.02977550178849
1284 -7361.0447353116015
1285 -6619.919045426883
1286 -6735.207471295602
1287 -2343.682941025567
1288 -422.6728591375732
1289 -1368.4679725748674
1290 -6826.068268378386
1291 85.24022958800894
1292 -7549.383248922347
1293 -7680.211473244859
1294 -1505.3310288691168
1295 -3211.137721159093
1296 -6924.092000891286
1297 -7356.38988263672
1298 -6680.935800840409
1299 -1062.0991152285503
1300 -7091.365704884382
1301 -1882.7815059250433
1302 -1586.0506348322656
1303 -6793.769980489806
1304 -458.4914090827909
1305 -6867.387471473104
1306 -718.1033488895889
1307 -7550.92735034495
1308 -4190.283364849129
1309 -7096.714770966589
1310 -7007.122238131135
1311 -454.7461846523396
1312 -7078.742098449708
1313 -7705.761902480502
1314 -1470.2981767548115
1315 -4237.70647621525
1316 -7067.238006503753
1317 -7724.875636355144
1318 -3794.9188531702184
1319 -27.529933271008332
1320 -7326.98407066849
1321 -6956.3879142136075
1322 -6275.127463794552
1323 -7549.61752807952
1324 16.501128555399134
1325 -7605.575882893039
1326 -7541.865034107097
1327 83.3752325656418
1328 -7230.58054827502
1329 -1644.861719018395
1330 -6785.671215376446
1331 19.854176335453328
1332 -6887.671812204921
1333 -6985.403704525725
1334 -1033.7283654560674
1335 -4886.7826990833255
1336 -7650.002182471169
1337 -5319.950205200215
1338 -6986.064848058864
1339 -7071.8873679964245
1340 -2958.217884533417
1341 -7004.402933512765
1342 -882.7367816869621
1343 -470.8311133618871
1344 -7042.895778006971
1345 -7118.320793372012
1346 -7029.369882157585
1347 -830.7466585425113
1348 -6862.973067159982
1349 -6701.19808412601
1350 -6706.315243702412
1351 -7184.3114927264805
1352 -7549.383248922347
1353 -7153.938792492136
1354 -7092.650009917066
1355 -7705.3660507421555
1356 -7093.414618218057
1357 -7092.405542499409
1358 -7685.112793068769
1359 -7067.238006503753
1360 -7174.893870180065
1361 -7715.764260655749
1362 -7095.58295364293
1363 -7090.980656822605
1364 -7464.2943265337735
1365 -7390.249784509104
1366 -7703.841969481577
1367 -7376.323925659094
1368 -7788.3096642756345
1369 -6924.698803067225
1370 -7550.92735034495
1371 -7705.761902480502
1372 -7724.875636355144
1373 -7007.122238131135
1374 -7609.251126269389
1375 -7701.777181047222
1376 -7230.58054827502
1377 -7714.304987576717
1378 -7073.910184107693
1379 -7118.528430709582
1380 -7541.865034107097
1381 -7175.801702812938
1382 -1285.4999723652716
1383 -7209.131049050893
1384 -6866.244871813575
1385 -7760.098612660056
1386 83.22361873057339
1387 -7566.536781946826
1388 -6916.861554806085
1389 -2.6209707994227958
1390 -1890.07331472012
1391 -7059.785056255307
1392 -7158.3006621414415
1393 -7265.639953201695
1394 50.14084029553489
1395 -7085.936613736199
1396 -7273.94954892543
1397 -1945.7060308738264
1398 -7712.0850631956155
1399 -7694.1877905559395
1400 -6995.768693133157
1401 43.31580527455357
1402 -4167.235432331268
1403 -7093.414618218057
1404 -7082.1954235287985
1405 -6988.223560477259
1406 3595.5873226467556
1407 -7081.4395066512225
1408 -3598.3544865046474
1409 -7618.691574683033
1410 92.48005311657943
1411 -7796.360440916637
1412 -7734.234045782679
1413 -169.17491528156577
1414 -1905.7402358088666
1415 -7047.658761087495
1416 -7051.138258848568
1417 -7562.571180779008
1418 28.57929551826586
1419 -2041.7509201005232
1420 -7142.434588045504
1421 5229.799906351201
1422 -6953.625422794391
1423 -7428.736412706052
1424 -7733.263463111455
1425 -6725.134714056782
1426 189.695861868995
1427 -7095.58295364293
1428 -7078.037918511957
1429 -5492.702132421909
1430 -7092.92246126004
1431 -7091.466835855302
1432 -6177.739516529379
1433 -7746.323790928895
1434 157.50766406175865
1435 -7805.109330322734
1436 -7808.578048197574
1437 -16.584492176794356
1438 -7811.792609036206
1439 -7355.2872656505415
1440 -4178.124048174695
1441 34.898033223894885
1442 -7586.624618676836
1443 -7697.1969237998155
1444 -7690.548118149747
1445 33.56652928164957
1446 -7658.657275174674
1447 -7411.6617225314085
1448 -6512.125060699201
1449 -3578.178433698713
1450 -7719.831056548096
1451 -7781.006919679552
1452 -6951.320993855997
1453 -1095.0845736855465
1454 -7747.368195235864
1455 -7740.055508510015
1456 -7006.509416633484
1457 -4925.697759125219
1458 -4.6846415510276085
1459 -7027.037108128172
1460 -7541.404929919965
1461 -7457.070810912624
1462 -26.918396964644565
1463 -7765.755591272974
1464 -1577.6991155139513
1465 34.4267573484693
1466 -7415.279005339492
1467 -7701.088442858516
1468 -1514.8800924489808
1469 -1506.2824238835874
1470 26.590607241460393
1471 -6110.4851138602535
1472 -964.6478136593578
1473 32.59277815163978
1474 -7773.522144908253
1475 -7127.795207162078
1476 -7542.938075817802
1477 -7590.007181355501
1478 13.016740793920603
1479 -7759.154087369612
1480 -6870.1134100550735
1481 -7773.290293337751
1482 -3164.6365015305796
1483 -1872.6962627208568
1484 -7629.565926311376
1485 155.54618130668283
1486 -7045.961827914905
1487 -7044.619850623962
1488 -6890.91120866292
1489 -7064.262242931573
1490 -543.4590706215529
1491 -6819.959542394653
1492 -7073.011905050428
1493 -7053.309280664641
1494 40.96415580524351
1495 -6843.628403440109
1496 -7053.025162174864
1497 3.8577947913381867
1498 -7783.466239685802
1499 -7661.130284527594
1500 -7305.083855087437
1501 -7808.578048197574
1502 -7760.098612660056
1503 -7153.938792492136
1504 -7265.639953201695
1505 -7734.234045782679
1506 -7093.414618218057
1507 -7542.938075817802
1508 -7811.792609036206
1509 -7067.238006503753
1510 -7562.571180779008
1511 -7715.764260655749
1512 -7095.58295364293
1513 -7305.083855087437
1514 -7805.109330322734
1515 -7415.279005339492
1516 -7712.0850631956155
1517 -7411.6617225314085
1518 -7788.3096642756345
1519 -7740.055508510015
1520 -7550.92735034495
1521 -7765.755591272974
1522 -7724.875636355144
1523 -7007.122238131135
1524 -7783.466239685802
1525 -7773.522144908253
1526 -7773.290293337751
1527 -7714.304987576717
1528 -7073.910184107693
1529 -7118.528430709582
1530 -7661.130284527594
1531 -7813.528711862097
1532 -4053.1475670708983
1533 -7818.424217468255
1534 -1566.7130565136079
1535 -7810.555566836194
1536 33.95198183148587
1537 -7639.94592448171
1538 -6911.742119569237
1539 4009.426448786631
1540 -6880.089459998759
1541 -6948.298700890684
1542 -7147.247033803751
1543 9.977665215495735
1544 -7297.708250719516
1545 -7255.365447178834
1546 -7229.640003354878
1547 19.281396245732076
1548 -7762.259432177686
1549 -7733.785961916284
1550 -7009.998249703414
1551 137.53057264093033
1552 -6915.426980337936
1553 -7091.506507056694
1554 -7077.455414748702
1555 -5710.570158525501
1556 -7742.715674030785
1557 -7034.054273131881
1558 -7357.0636877478955
1559 5117.252640631249
1560 -7054.499750201504
1561 -7779.372220696453
1562 -7078.011887756759
1563 -32.50111700245189
1564 -1966.7434818406937
1565 -7068.0302861919345
1566 -7003.417402527697
1567 147.9896247971685
1568 -7193.484971880779
1569 -7464.422201377011
1570 -7496.687732698255
1571 -7238.101899867674
1572 -4437.703302195529
1573 -7655.505479064852
1574 -7591.048374072428
1575 9.415394607160602
1576 -1717.951975902637
1577 -7090.829978283991
1578 -7013.119630432341
1579 -7185.709135732687
1580 -598.8123920420807
1581 -7442.945434298146
1582 -7450.503610258056
1583 -7796.669454393923
1584 180.09304296732685
1585 -7802.75912977871
1586 -6886.220813623183
1587 -7436.310697669961
1588 -367.2937317978799
1589 -7378.966146662781
1590 -2824.883340920379
1591 -6395.8308616502545
1592 -7531.953918179987
1593 -7556.564938149183
1594 -7063.147233540106
1595 205.6391762898238
1596 -7706.98343987955
1597 -7411.618655587889
1598 -7391.111074441767
1599 -7812.43515171228
1600 9.6065744868209
1601 -7779.939842929866
1602 -7798.967906473783
1603 -161.63528054138476
1604 -7798.533222503193
1605 -7015.038054399772
1606 -7725.273757399361
1607 162.1124639049628
1608 -7551.203232083042
1609 -7534.98334082079
1610 -7547.731402441568
1611 -6053.545975947137
1612 -7438.000025741694
1613 -7272.861841410018
1614 -7792.089992910498
1615 12.926418085970438
1616 -7216.005030274376
1617 -7614.026683975612
1618 -6924.9430515580625
1619 -7622.709060370457
1620 -4.916164243121085
1621 -7622.709060370457
1622 -7604.830406907399
1623 -7664.340667990546
1624 2.249996797812483
1625 -7798.2109962870345
1626 -6919.15844030359
1627 -7305.910269674497
1628 20.160674207562195
1629 -7813.150538566237
1630 -6895.868097046525
1631 -6940.0626310846355
1632 -7718.278592494627
1633 -7653.724964267938
1634 -7699.713203955577
1635 -7775.46134739333
1636 53.109342347288184
1637 -7722.544820912842
1638 -1581.3109866429786
1639 -535.9182667104532
1640 -7680.768058504993
1641 -7078.761589893853
1642 -7079.4951983108185
1643 -7772.185065207392
1644 37.550099853034325
1645 -7830.176753223108
1646 -6923.751658379724
1647 -3984.916964495781
1648 -1905.1020764420357
1649 -7636.073843720886
1650 -6987.179296483466
1651 -7818.424217468255
1652 -7810.555566836194
1653 -7591.048374072428
1654 -7265.639953201695
1655 -7734.234045782679
1656 -7547.731402441568
1657 -7542.938075817802
1658 -7811.792609036206
1659 -7068.0302861919345
1660 -7562.571180779008
1661 -7725.273757399361
1662 -7699.713203955577
1663 -7442.945434298146
1664 -7805.109330322734
1665 -7438.000025741694
1666 -7792.089992910498
1667 -7411.6617225314085
1668 -7812.43515171228
1669 -7742.715674030785
1670 -7604.830406907399
1671 -7798.533222503193
1672 -7724.875636355144
1673 -7622.709060370457
1674 -7798.2109962870345
1675 -7813.150538566237
1676 -7773.290293337751
1677 -7775.46134739333
1678 -7078.761589893853
1679 -7830.176753223108
1680 -7661.130284527594
1681 -7770.556462512905
1682 116.92352654695834
1683 -7817.512275430384
1684 -7814.428728610872
1685 -176.0179313326994
1686 -7724.611393820028
1687 -7811.757733206069
1688 -2654.723876592646
1689 -7632.844328059111
1690 102.91980648192052
1691 -7468.841019572842
1692 -1426.7640818656785
1693 139.09487851545353
1694 -7378.313136314667
1695 -7265.639953201695
1696 -7261.313099269582
1697 -867.3450806136359
1698 -7795.019732155892
1699 -7124.5470567197635
1700 -6933.266348270864
1701 -45.48240674846914
1702 -7709.406900284177
1703 -7560.679525399102
1704 -6818.348943291173
1705 589.0009157807661
1706 -7720.957243319089
1707 -7633.726910389216
1708 -6785.052882528267
1709 -18.38862169178147
1710 -7600.780580650919
1711 -7653.938517268308
1712 -6973.158687339426
1713 -7008.2436923806235
1714 5210.577344387445
1715 -7073.6090791912275
1716 -3879.3524591359605
1717 -7629.043418605946
1718 -3703.818669140398
1719 -1988.06761958467
1720 -6712.781029402218
1721 -233.75741175225357
1722 -7515.508021353165
1723 -7739.07031393224
1724 -7742.199313467324
1725 25.868161326500147
1726 -7850.53998243904
1727 -7639.877369589924
1728 -7703.8886889201995
1729 30.46413410572343
1730 -7800.381979810294
1731 -7236.759663848155
1732 -6809.013371875269
1733 -7703.781082901928
1734 67.53784918705773
1735 -7820.215800251477
1736 -7812.944257110113
1737 65.30923389472301
1738 -7781.271735433345
1739 -7438.000025741694
1740 -3893.168366639367
1741 -7573.613582116283
1742 -7433.9238296344965
1743 -7624.014011291387
1744 -1560.6217168250816
1745 333.32168853400435
1746 -7820.284064859191
1747 -7759.659753829696
1748 -7374.272889618822
1749 -7814.310334730149
1750 3.674892983483989
1751 -7810.908448597997
1752 -6911.982895075088
1753 -3413.46321673516
1754 -7803.407485649418
1755 -7658.722768000346
1756 -1536.5910431393097
1757 -7832.177008970363
1758 43.633811720709915
1759 -7825.123567981283
1760 -7104.333205953404
1761 -7848.178569805218
1762 -5651.885721367909
1763 -7850.5238249519525
1764 -7784.600824413797
1765 7.4192798798963935
1766 -7630.443485136499
1767 -7799.842742352259
1768 -6984.9397473030685
1769 -5395.162954398389
1770 -894.2833905280954
1771 -7750.1989708771425
1772 -7012.788953960141
1773 -7843.717898589073
1774 5.83464221864984
1775 -7725.493377887801
1776 -7114.5376611254815
1777 60.54978829932074
1778 -7836.306081499975
1779 -7813.920111533476
1780 -3192.5474636751132
1781 12.51060471008011
1782 -7826.457616685918
1783 -7585.768817062513
1784 -2710.448603283846
1785 -7822.877796096184
1786 30.41102099702353
1787 -7283.767236190284
1788 -6948.38128168592
1789 -7787.5930588136725
1790 205.9988994216142
1791 -7775.9101893123325
1792 -7074.611892326601
1793 -3656.2614196923137
1794 -7828.119642881925
1795 -7805.33893671866
1796 -1643.1584104011358
1797 5.978013940667538
1798 -7863.170845481145
1799 -7125.413480491938
1800 -7652.158578030939
1801 -7818.424217468255
1802 -7811.757733206069
1803 -7632.844328059111
1804 -7265.639953201695
1805 -7734.234045782679
1806 -7560.679525399102
1807 -7633.726910389216
1808 -7811.792609036206
1809 -7073.6090791912275
1810 -7629.043418605946
1811 -7739.07031393224
1812 -7699.713203955577
1813 -7600.780580650919
1814 -7820.215800251477
1815 -7784.600824413797
1816 -7792.089992910498
1817 -7812.944257110113
1818 -7814.310334730149
1819 -7742.715674030785
1820 -7832.177008970363
1821 -7850.53998243904
1822 -7820.284064859191
1823 -7750.1989708771425
1824 -7843.717898589073
1825 -7813.920111533476
1826 -7773.290293337751
1827 -7863.170845481145
1828 -7814.428728610872
1829 -7830.176753223108
1830 -7661.130284527594
1831 -7818.476318042682
1832 -5450.483017314277
1833 -7677.774761436453
1834 -1578.8785392200512
1835 -4470.561840117498
1836 -7613.04500402051
1837 -7810.302968048027
1838 -6772.994489570746
1839 -138.4359821693049
1840 -7808.2796817042
1841 -7857.024551390484
1842 -7113.114717401764
1843 -7339.439045146111
1844 -218.63297585155
1845 -7355.06044831421
1846 -6321.198182609476
1847 49.28799680329021
1848 -7790.435012509628
1849 -7817.274372930815
1850 -1612.8086965523642
1851 -7664.220894169722
1852 130.71811664715082
1853 -6922.061799144218
1854 -1527.2226850363058
1855 -17.004664442536082
1856 -7815.48323885312
1857 -7697.668910457525
1858 -6876.671241739308
1859 25.314599173976518
1860 -7869.34615456276
1861 -7712.400903010199
1862 -6954.06867928189
1863 -6940.768150846059
1864 5131.605250294031
1865 -7075.873776629725
1866 -6186.0245889349935
1867 -648.7444935187492
1868 -7805.372737704994
1869 -7549.464762002635
1870 -7093.058762773138
1871 -160.81603498131182
1872 -7682.307365351635
1873 -7753.079217046165
1874 -1559.8156230783989
1875 -7729.99403587688
1876 -15.47631507187403
1877 -7674.5912602135995
1878 -1536.9736344199391
1879 -7616.135527553975
1880 -50.566634406743155
1881 -7468.473243538949
1882 -7470.372811146425
1883 -40.915431953193924
1884 -7769.393177147847
1885 -7718.51049673205
1886 -1629.0870389702923
1887 -1785.3499346523813
1888 -0.3175085475852707
1889 -7747.646763088809
1890 -4783.707285861048
1891 -4586.457781425605
1892 -7808.898660301978
1893 -7746.383038701563
1894 -1603.645580623856
1895 -7749.901557902009
1896 144.7075289144948
1897 -7680.754895382804
1898 -6911.494866899707
1899 -7841.91115548115
1900 5.949455146967239
1901 -7818.105958362736
1902 -7113.368356164828
1903 -2950.1880373264335
1904 -7834.26610424235
1905 -7854.3130962665
1906 -7822.85938270298
1907 -7841.294829139998
1908 -1141.4667317533142
1909 -7758.482345443241
1910 -7118.381976644605
1911 -7867.83349841941
1912 23.952701222236453
1913 -7804.380749057707
1914 -7462.656362102656
1915 -7820.808980372866
1916 -6549.959691220377
1917 -7799.849145583145
1918 -7621.095569355069
1919 -7756.609125958014
1920 165.0027970952799
1921 -7775.409707724695
1922 -7038.466167666449
1923 20.19933956751083
1924 -7788.901957213106
1925 -7883.027106375757
1926 -6983.284987849365
1927 135.1882191244028
1928 -7822.770206098264
1929 -7799.3344096986575
1930 -7813.872938274805
1931 -7808.637456186906
1932 -1675.5547355516037
1933 -7808.637456186906
1934 -6959.259483606547
1935 63.32166676405724
1936 -7880.974658391631
1937 -7076.939037942063
1938 -7871.9952108388
1939 -4562.169087252935
1940 -7820.475349071296
1941 -7683.340038353635
1942 -6921.673835317275
1943 -7822.188613783105
1944 -1188.1694510244454
1945 -7743.236908435479
1946 -7609.691511946039
1947 -93.93986711598586
1948 -7851.616632894441
1949 -7609.492755947948
1950 -6986.909715351908
1951 -7818.476318042682
1952 -7811.757733206069
1953 -7857.024551390484
1954 -7355.06044831421
1955 -7817.274372930815
1956 -7664.220894169722
1957 -7697.668910457525
1958 -7813.872938274805
1959 -7609.691511946039
1960 -7629.043418605946
1961 -7769.393177147847
1962 -7729.99403587688
1963 -7822.85938270298
1964 -7820.215800251477
1965 -7784.600824413797
1966 -7822.770206098264
1967 -7815.48323885312
1968 -7841.91115548115
1969 -7854.3130962665
1970 -7851.616632894441
1971 -7867.83349841941
1972 -7820.808980372866
1973 -7775.409707724695
1974 -7883.027106375757
1975 -7813.920111533476
1976 -7871.9952108388
1977 -7863.170845481145
1978 -7814.428728610872
1979 -7830.176753223108
1980 -7661.130284527594
1981 -7806.66197994315
1982 -1032.4831059037442
1983 -7767.673787113787
1984 -7063.099103306369
1985 -7746.953255046204
1986 9.00815640916807
1987 -7801.2214883120605
1988 -6929.175605044842
1989 39.6674335093364
1990 -7874.0709597335735
1991 -7840.441949993401
1992 -7787.281688670278
1993 166.2621314998808
1994 -7667.894415754125
1995 -7400.304357429388
1996 -5447.117890227752
1997 -7840.946889282013
1998 -634.8750754584361
1999 -7701.133811013009
2000 -7823.627518202518
2001 -7829.367869441255
2002 -5634.5167321083945
2003 -7847.657079687823
2004 -7821.6457317636805
2005 -41.450949149936356
2006 -7827.92281983232
2007 -7809.880863840294
2008 -7585.654741631133
2009 -7831.360876987982
2010 -97.4063037302333
2011 -7885.301492559182
2012 -7819.235493442747
2013 -456.66530585837404
2014 -7814.242749538089
2015 -7522.961383395833
2016 -7549.53301925835
2017 -7462.197448203524
2018 -7867.639745402117
2019 -7825.038705725875
2020 -1635.2810478092297
2021 -7799.964740335745
2022 193.49287203858046
2023 -7791.9478055926165
2024 -7044.856515525899
2025 51.902948252322076
2026 -7671.188547693988
2027 -7696.645379676954
2028 -6998.3664797825595
2029 -7826.521926945036
2030 -5211.397903723644
2031 -7831.63321831233
2032 -7857.484276512674
2033 -169.8591090892858
2034 -7871.324907332173
2035 -7820.1206801710405
2036 -7081.524183183442
2037 -447.491817013116
2038 -7815.471417074334
2039 -7792.246135808763
2040 -7785.038211166791
2041 -7047.383524696397
2042 -7823.872269406473
2043 -7799.6519760594365
2044 -7758.082395005065
2045 -7701.302101393911
2046 38.44370118612048
2047 -7820.558062854476
2048 -1615.658344030454
2049 -546.131415066095
2050 -7857.359271661235
2051 -7838.974250581144
2052 -7774.025202872553
2053 45.23963916732622
2054 -7837.917325531879
2055 -7862.380577290434
2056 -7805.33501317376
2057 0.606701843650717
2058 -7728.319496971655
2059 -7794.229589070848
2060 -7121.721675270844
2061 150.20443669201646
2062 -7749.76023430788
2063 -7886.313976686248
2064 -7826.15934341767
2065 10.356426935844734
2066 -7860.768279810475
2067 -7624.9942909314395
2068 -7816.893096389798
2069 -7780.206999231319
2070 120.73377555461573
2071 -7776.5259650772405
2072 -7791.830169880104
2073 -6719.3863068978935
2074 -7858.083469883872
2075 -7882.96292361896
2076 -7812.137392821863
2077 74.5213256410831
2078 -7845.246942062255
2079 -7815.0028636635725
2080 -7072.877286592345
2081 -7874.7694213707855
2082 -5423.680515854677
2083 -7868.589920236758
2084 -7741.440956369934
2085 -7867.420630472595
2086 -696.4810722162836
2087 -7867.420630472595
2088 -7795.484633471403
2089 -7792.119260193391
2090 55.42759706296266
2091 -7815.608988929754
2092 -1625.2310605619018
2093 55.427588863337206
2094 -7869.680780553983
2095 -7862.13901131873
2096 -4420.409227297525
2097 -7698.52863349662
2098 12.096421201990871
2099 -7806.517022382619
2100 -7082.373302336687
2101 -7818.476318042682
2102 -7811.757733206069
2103 -7858.083469883872
2104 -7400.304357429388
2105 -7840.946889282013
2106 -7857.484276512674
2107 -7837.917325531879
2108 -7885.301492559182
2109 -7609.691511946039
2110 -7825.038705725875
2111 -7799.964740335745
2112 -7729.99403587688
2113 -7831.63321831233
2114 -7820.215800251477
2115 -7792.246135808763
2116 -7822.770206098264
2117 -7820.558062854476
2118 -7869.680780553983
2119 -7874.0709597335735
2120 -7857.359271661235
2121 -7886.313976686248
2122 -7845.246942062255
2123 -7812.137392821863
2124 -7883.027106375757
2125 -7815.471417074334
2126 -7874.7694213707855
2127 -7867.420630472595
2128 -7815.608988929754
2129 -7862.13901131873
2130 -7826.15934341767
2131 21.878667850566742
2132 -7678.825823476556
2133 -7789.393319381358
2134 -6926.021986320709
2135 -4155.652175783836
2136 -7817.518743518422
2137 -7794.544267325977
2138 -7786.726016580817
2139 -7867.516527876067
2140 -2925.5517144209807
2141 -7757.992937058914
2142 -7332.933334278119
2143 -7479.275222075384
2144 29.54055475478576
2145 -7542.784101212692
2146 -7046.368709915857
2147 -7860.401269021508
2148 -2533.94347962208
2149 -7873.161126199361
2150 -5669.334703002747
2151 -23.96491547185697
2152 -7848.323765715347
2153 -7838.636413330623
2154 -7791.532999760053
2155 53.61983811339984
2156 -7855.999261846261
2157 -7645.963753571387
2158 -7682.268069119085
2159 -7873.250668770199
2160 24.388136825682558
2161 -7722.970027268888
2162 -7163.018524267515
2163 -525.2664375699333
2164 -7816.839509702806
2165 -7719.520436467034
2166 -1516.4537351659578
2167 -7805.170247143829
2168 -54.35749767379222
2169 -7823.928299968054
2170 -6918.027532708405
2171 7.003877829123651
2172 -7883.359662899132
2173 -7804.7500385918465
2174 -7054.961867064748
2175 18.2580864067693
2176 -7878.304207172005
2177 -7683.2477586201885
2178 -6760.5575363836315
2179 12.351453648712985
2180 -7886.84644384575
2181 -7841.770974994403
2182 -7806.172054571816
2183 -7803.930278855308
2184 52.11728699905133
2185 -7775.9661777684105
2186 -7800.706097771783
2187 4.778192717446543
2188 -7888.812018126189
2189 -7779.915409661084
2190 -7787.304610343905
2191 43.68972138598864
2192 -7765.266824701376
2193 -7839.718066342378
2194 -7859.571434294965
2195 -7746.573852986208
2196 6.358197648274916
2197 -7820.558062854476
2198 -7084.5935377683245
2199 -7890.310642451247
2200 33.98412458402617
2201 -7816.391478588263
2202 -7822.969668903485
2203 -5288.126793943649
2204 -7875.398042619121
2205 -7869.503670844027
2206 -7871.383361357743
2207 18.370482198535456
2208 -7892.476837109172
2209 -7827.805355329856
2210 -1723.6672692179955
2211 35.289701901755116
2212 -7777.261906225527
2213 -7889.39628350558
2214 -7821.373889026186
2215 13.796778696920711
2216 -7879.890555776002
2217 -7885.8976462231885
2218 -7002.774667080457
2219 -7809.8734265107905
2220 -23.945155419993107
2221 -7754.283114031935
2222 -1614.1260655219075
2223 48.64797712166787
2224 -7883.874909670721
2225 -7883.684677364524
2226 -7811.21268820077
2227 -7820.547737066776
2228 65.24302917720142
2229 -7818.221187707146
2230 -7326.606738119573
2231 -63.69132699248418
2232 -7807.967642339536
2233 -7853.559629761689
2234 -1673.3806421923514
2235 -7882.651983287142
2236 -460.0024271549861
2237 -7883.941277475323
2238 -7873.8494311500635
2239 -7674.342611706191
2240 83.65131037345584
2241 -7822.040916636088
2242 -1588.705251332265
2243 20.010274558006998
2244 -7872.973550689076
2245 -7878.531550135083
2246 -7766.953028617246
2247 35.6426551411986
2248 -7872.520145694214
2249 -7872.80206655829
2250 -7808.304330913142
2251 -7818.476318042682
2252 -7811.757733206069
2253 -7879.890555776002
2254 -7682.268069119085
2255 -7875.398042619121
2256 -7872.973550689076
2257 -7837.917325531879
2258 -7885.301492559182
2259 -7872.520145694214
2260 -7871.383361357743
2261 -7878.304207172005
2262 -7807.967642339536
2263 -7888.812018126189
2264 -7859.571434294965
2265 -7792.246135808763
2266 -7855.999261846261
2267 -7820.558062854476
2268 -7890.310642451247
2269 -7874.0709597335735
2270 -7857.359271661235
2271 -7889.39628350558
2272 -7886.84644384575
2273 -7812.137392821863
2274 -7883.684677364524
2275 -7820.547737066776
2276 -7883.874909670721
2277 -7883.941277475323
2278 -7822.040916636088
2279 -7892.476837109172
2280 -7873.8494311500635
2281 -7817.530683422271
2282 -3363.0672138284126
2283 -7808.848820508359
2284 -7819.4355900650735
2285 -7751.651269332639
2286 1.8391563741003965
2287 -7825.8160895225765
2288 -7803.477414909799
2289 -7883.998769467995
2290 1.694643725962736
2291 -7883.539683460188
2292 -6978.652456757335
2293 -7826.015495146405
2294 54.26276218313079
2295 -7786.112917786373
2296 -7760.814647830561
2297 -3067.0331627641367
2298 -7826.661844634478
2299 -7871.941413377643
2300 -7136.82961644743
2301 -6992.751377901628
2302 -7884.207653920645
2303 -7883.8969004685805
2304 -7158.426273592325
2305 -30.819077040878383
2306 -7827.640083246458
2307 -7866.063763987708
2308 -7872.556420045572
2309 17.360580808144647
2310 -7874.322363338164
2311 -7791.4441415753045
2312 -1679.7640320756846
2313 96.55534268567031
2314 -7818.883014816309
2315 -7755.858806859079
2316 -7807.025519845582
2317 -7873.536596023665
2318 -688.6991325904909
2319 -7873.5031003931435
2320 -1665.2276769602308
2321 -7884.395398187731
2322 34.14745932897099
2323 -7884.216398416352
2324 -6967.0453969124555
2325 55.23919896310253
2326 -7709.47265715424
2327 -7817.396933816965
2328 -6920.375609104195
2329 -7890.569738043272
2330 -1227.1999491609754
2331 -7868.218421343657
2332 -7155.138239220162
2333 -7874.751452504634
2334 45.49452442614051
2335 -7779.85547705405
2336 -6970.977930889858
2337 58.344101446477254
2338 -7886.6164871334295
2339 -7691.58718684385
2340 -6902.573729537968
2341 2.329091749311375
2342 -7767.081137665936
2343 -7847.49353893724
2344 -1654.0012101840548
2345 -7820.394165567009
2346 -4051.0054567462907
2347 -7786.450315252575
2348 -7155.787287323497
2349 -18.338119899537645
2350 -7892.556953120096
2351 -7824.869920283652
2352 -6980.6009524836745
2353 -61.16582412955871
2354 -7829.9278062667145
2355 -7888.278896921326
2356 -1699.9075689204012
2357 -7863.228279391312
2358 -1098.4203712875492
2359 -7864.710500403417
2360 -6968.280371070526
2361 -1674.9928937954915
2362 -7869.832262353355
2363 -7890.428956138451
2364 -7815.751083623265
2365 -6539.137632471989
2366 -7892.57546846719
2367 -7891.203529125122
2368 -7828.699555324283
2369 42.276059312176656
2370 -7887.3782871861085
2371 -7830.367290016271
2372 -7830.21664898214
2373 79.68308133156637
2374 -7810.730235608483
2375 -7883.684677364524
2376 -1694.0441255038322
2377 -7823.020500940023
2378 -3525.7930290135414
2379 -7812.036655215205
2380 -7827.9076393095165
2381 -2190.759657785076
2382 -7870.845766816372
2383 -7882.892719217135
2384 -6967.984906525403
2385 -7885.433824177506
2386 -233.50446551981784
2387 -7883.979277240297
2388 -7820.174478060269
2389 39.78375051590895
2390 -7852.06960079528
2391 -7805.359959799526
2392 -7093.176175408575
2393 -7627.122428807676
2394 -7884.0325917259615
2395 -7891.411635700466
2396 -2283.6370564806566
2397 -7882.745869197731
2398 -185.75258607154154
2399 -7816.146014124492
2400 -6979.31592726276
2401 -7818.476318042682
2402 -7826.661844634478
2403 -7887.3782871861085
2404 -7826.015495146405
2405 -7875.398042619121
2406 -7884.0325917259615
2407 -7866.063763987708
2408 -7885.301492559182
2409 -7872.520145694214
2410 -7874.322363338164
2411 -7884.395398187731
2412 -7817.396933816965
2413 -7892.57546846719
2414 -7874.751452504634
2415 -7810.730235608483
2416 -7855.999261846261
2417 -7828.699555324283
2418 -7890.310642451247
2419 -7888.278896921326
2420 -7870.845766816372
2421 -7890.428956138451
2422 -7891.203529125122
2423 -7830.367290016271
2424 -7883.684677364524
2425 -7823.020500940023
2426 -7883.874909670721
2427 -7885.433824177506
2428 -7822.040916636088
2429 -7892.476837109172
2430 -7882.745869197731
