{
	"version": "0.3.14", 
	"suite": "unknown_suite", 
	"function_id": 23, 
	"function_name": "Katsuura", 
	"maximization": false, 
	"algorithm": {"name": "DE", "info": "algorithm_info"},
	"attributes": ["evaluations", "raw_y"],
	"scenarios": [
		{"dimension": 23,
		"path": "data_f23_Katsuura/IOHprofiler_f23_DIM23.dat",
		"runs": [
			{"instance": 0, "evals": 2301, "best": {"evals": 586, "y": 2.986763627771219, "x": [-2.4923457825703323, -1.715279570177347, 1.94805491326004, -0.49644262518758353, -3.863419351540328, -3.6204016095573888, -0.2689041531133052, 4.539920884803834, -3.8596873603106188, -1.2651814686783696, 3.2025062588531137, -3.6518934429643135, 2.6385489222701723, 3.873223045280131, -1.9898132332159455, 0.8646819096168503, 1.7049775780722918, 0.9564039641379383, 0.03905593635620708, 1.4467942645481109, -2.309098328431248, -2.737914633487862, -1.29693296887619]}},
			{"instance": 0, "evals": 2301, "best": {"evals": 2268, "y": 3.7927950702061772, "x": [4.192631912011089, -1.6210400000145386, -1.588472368587631, -0.10663250787813539, -3.264742778480745, -3.580395185532831, 2.6937226846226894, -3.7163880114981094, 3.463334640762696, -1.0951113973599549, -3.8641663508230817, -0.49239466387798014, -1.7805352240559018, -0.2218286029106451, -0.6322551925223996, -0.39679064999492386, 3.8415656206304316, 2.9978521449348206, -2.548680906637438, 2.972132616733052, -2.4212518666441114, 3.144429370679088, 0.6677815575890982]}},
			{"instance": 0, "evals": 2301, "best": {"evals": 170, "y": 3.570565239470047, "x": [4.155428137173761, 2.0589872412040453, -3.3210018414252707, 1.9452115319682695, 2.7981270778299914, -0.5562395329023486, 2.8083576422479393, -3.3556006587270995, -3.2850653613898686, -1.4464074426465303, 1.0615059665702553, 1.2622996913011186, 3.345735070814955, 4.038660978978864, 4.863177395937308, -0.4527211414145125, 2.358718361350771, 0.8310773689108948, -0.169607176797828, 0.4772768197504327, 1.2179986481772815, -0.7260777054427798, -3.025412255630494]}},
			{"instance": 0, "evals": 2301, "best": {"evals": 593, "y": 3.5050026390779427, "x": [-1.4128768064849426, 3.8682300693089173, -3.67495028691091, -1.6943270126779622, 0.6736088687331612, 4.325432799927488, -3.6785045985004694, 4.373442150718603, 4.908508951173186, 0.3443793464668614, 2.9003843571467565, 4.749450488899184, 1.7120449178979151, 3.821810473342193, 2.2485234880976375, 4.7150787154085565, 4.701528707170122, -1.7510343564920743, 4.3857855112810125, -4.6655884794708, 2.765013568604721, -0.4900301808023899, -0.8606351522399214]}},
			{"instance": 0, "evals": 2301, "best": {"evals": 35, "y": 4.318652934288033, "x": [-1.9307972610109827, -4.5460224720652995, -0.42727760024733286, 1.2338907935554264, 2.999581898959467, -1.3752944560432754, 3.2798980758788634, 4.871330860049284, 4.699908988036489, -3.5028464857579467, -1.9671318896112657, -1.9544444335740572, 3.5719245308939858, 4.832501424013509, -1.8097847096326891, -0.1996586662704356, 4.168678217532285, -1.7124557276981198, -3.3072406610945504, 0.32799216213027016, 3.122790153862736, 0.7977936661089027, 2.2640888149588463]}},
			{"instance": 0, "evals": 2301, "best": {"evals": 788, "y": 3.4740658208540975, "x": [4.540032324175165, -2.898815499484255, 0.7197526134016003, 1.334519123753163, -2.4425093226609946, 0.9943139605569933, -0.9939776084268805, -1.8047919342037244, -2.148564047734417, 0.11613585064726362, 4.799316800701508, 2.638411146657269, 0.21490185682441743, 1.7468479861183552, 0.624883632474682, 4.901612067671543, -1.991661438751311, -0.15435409437270842, 2.7978284989118327, -0.6112340991088789, -1.8603489267003601, -0.07450994023855118, -3.3466934886391817]}},
			{"instance": 0, "evals": 2301, "best": {"evals": 2170, "y": 4.229991977481063, "x": [-2.278249891316869, 2.330796544153502, -1.1066960011332694, -4.0832692157311, 2.0486601505098196, 4.577183782773206, -4.547637707353866, -0.6266409024132921, -3.111367566739288, 2.2936168936224046, -4.293661310407307, 1.2135694858020136, -0.14265745957270326, 2.77044494332495, -4.476636126704063, -4.340383720473834, 2.0921217787949375, 0.34961169628020183, -3.8275998039152146, -1.4412447604342287, -0.520020858562581, -1.3274878738008122, -3.6548507604054468]}},
			{"instance": 0, "evals": 2301, "best": {"evals": 1861, "y": 3.7826480783023295, "x": [2.3995388825752126, 0.8391438736298191, 3.895754396243298, -0.954291688406065, 3.1047199483191723, 4.763347269586987, -2.9550406238634763, -1.0321189798955857, -1.6204673183343643, -0.5348737160748795, -2.194890782905852, -1.7537326161189224, -3.5159154508899677, 3.046781011423464, -1.2365106570628628, 0.33105343556489286, -0.8566584511023625, -2.0759770958504253, -3.95941994165661, 3.832218155293999, -4.919521571850447, -0.6581115823042571, 4.7479977764333565]}},
			{"instance": 0, "evals": 2301, "best": {"evals": 1672, "y": 4.272990416292481, "x": [1.5548715339254677, 2.978126769418667, 0.4052797274214148, -3.5469751846110302, -4.679524776139365, -2.55297307635885, -1.7489875225327576, 3.188487246929416, 2.9141694396399327, -4.511287493522377, -4.868492791339998, 3.4759492794149063, -0.6806646701784564, 0.8048695241706345, -3.2557385205101763, 3.3705310061027705, 4.561257860717067, 3.137516779354355, -3.5829061679637637, 2.028449575545711, -2.120850563558741, -1.326596656898579, 1.388490807828854]}},
			{"instance": 0, "evals": 2301, "best": {"evals": 457, "y": 3.2476108518655686, "x": [4.5311352597162, -3.762318756638525, -2.706341672938224, 4.42301648741738, 2.116599741341881, 4.062614376588225, -3.4947032064299663, -0.3997822089666512, -2.351438493900356, 4.198476759118249, 4.5731375985371425, -4.386106386249707, 3.7938054910474523, -4.709819529282795, -0.6387220415433879, 0.6274794717702434, -4.6923571510807, -3.8782830537747714, 3.310504577011672, 2.481070219918987, -2.7059820551901415, 3.748659010211661, -1.5972869710761317]}},
			{"instance": 0, "evals": 2301, "best": {"evals": 195, "y": 4.198535005464081, "x": [1.82902879985744, -3.3286388310439197, 1.8240665714493192, -0.12669188413094812, 0.5645467580592833, 1.8999092221030978, 2.3637617423220805, 3.7665989376620566, -1.2344214509975737, 4.002769739728442, 2.2153559217927103, -4.368385914571649, -1.3890029643317792, -2.887455978387121, 1.6673058425036942, 0.43863337180803263, 2.550761032636796, -1.1535761299330858, 4.712119695631316, -4.549229586106957, -3.740396518141691, 4.145920551940151, 1.1154275858705756]}},
			{"instance": 0, "evals": 2301, "best": {"evals": 71, "y": 2.9777641790628997, "x": [-3.799385097327932, 3.1660910040804335, 1.260625529223379, 0.3672024999039909, 3.7717888179472396, 0.42791705110979805, -2.5166575739372576, -0.5236807383499267, 3.863046581237601, -0.34571441282821613, 1.6584817140940191, -4.448703860990955, 3.378316596900012, -1.6207953669207322, -0.21890281219704733, -2.993734119353509, -3.240460552713076, 4.7886514500224635, -4.558188363939948, -3.385636061522763, -0.6293735348092957, 2.6998809714447214, -0.1401702615371574]}},
			{"instance": 0, "evals": 2301, "best": {"evals": 200, "y": 3.0985606393268204, "x": [2.415063658859177, -2.5970291287537095, -0.6989221388293085, 2.4627395371567795, 1.6606088393319602, 3.5444475796514094, 1.880126993219202, 0.4534889384617502, -1.316392312894693, -2.968203711662482, 1.527881480290059, 3.621033915870471, -1.36909375091806, 0.17661139374897372, 0.9980108164423038, -4.462427446218572, 3.5969794910354853, 2.6347487951593216, 4.776016649509874, -2.9234218308510354, -0.47874106668846483, -3.5509521154420853, -2.607979671506614]}},
			{"instance": 0, "evals": 2301, "best": {"evals": 2096, "y": 3.20824253159751,