{
	"version": "0.3.14", 
	"suite": "unknown_suite", 
	"function_id": 16, 
	"function_name": "Weierstrass", 
	"maximization": false, 
	"algorithm": {"name": "DE", "info": "algorithm_info"},
	"attributes": ["evaluations", "raw_y"],
	"scenarios": [
		{"dimension": 23,
		"path": "data_f16_Weierstrass/IOHprofiler_f16_DIM23.dat",
		"runs": [
			{"instance": 0, "evals": 221, "best": {"evals": 200, "y": 38.48128055220585, "x": [-1.4756892645557396, -4.949384161537813, -3.3919194858250137, 2.234047656122863, 0.7329437817940061, 1.1459316866243912, 1.8860835222759351, -1.7081292071734362, -1.629453455728754, -1.7460030184073227, 4.861703626549455, 3.7249674436923463, -3.8417691776320573, 2.0595623658000717, -3.866685774390504, 3.328494636629237, -1.3228419694056646, -2.2068749599305764, -2.5601035662091642, 4.730105547524456, -4.039755198270177, 4.830131336752278, 1.311386259972629]}},
			{"instance": 0, "evals": 221, "best": {"evals": 137, "y": 27.352655290141833, "x": [3.9581573156019463, -3.9652493635341535, 2.3031662437713414, 2.67098008263579, -3.3125056160177047, 4.683269600992549, -0.4711663958448833, 4.4571510844102455, 1.7682004363004697, -1.9841313012644846, -4.061912403210615, 3.232760774008282, 0.9659007142469835, -3.5613203365667023, -2.6837145645063205, -0.7705645625844229, 2.955783762575864, -3.586164457836598, -3.696795668276641, 1.4342894951733074, -3.0281701803193375, -4.023899618910084, -3.331514217944224]}},
			{"instance": 0, "evals": 221, "best": {"evals": 72, "y": 40.83062929877699, "x": [0.12858479689148217, -3.5264723398326137, -4.3318897174770985, -4.85771776270834, 2.8209001462360987, 2.078627872656844, -3.379775836355603, 0.02869391522762932, -3.2069895176506487, 0.012806423257889499, 1.3602911238691937, -3.5170308735367986, 2.5771957698208268, -4.523847724294483, -0.84083467067284, -2.606724974788709, 0.7944841924868973, 3.6435296851779206, -1.9128115381090018, -0.014855390109429933, -1.4999303568932012, 0.803321902579091, 4.0015719028652805]}},
			{"instance": 0, "evals": 221, "best": {"evals": 93, "y": 41.44500539632416, "x": [-1.616785061686292, 4.212151001062855, -3.167066364405784, 3.030193822993665, -0.23392818512515845, 2.995125039620917, 0.05541149773290854, -1.2267222569778067, 1.967410002096508, 4.006272945948973, -1.7974826962981894, -0.3925186500562816, -3.489868825728938, -3.165905363826492, 0.01892279476551284, -1.6407161652403683, 2.9331817133444993, 0.26701019241926627, 4.950487234077158, 2.543592543561255, -4.07022007487174, 2.877714800885684, 1.7984306633245195]}},
			{"instance": 0, "evals": 221, "best": {"evals": 91, "y": 38.256325154498526, "x": [-0.7794506340724769, 3.094341124565867, 4.157638641811175, 0.892401322191442, -1.6423110078820926, -1.6628959615600647, 2.152956618574642, 1.823617204264935, 4.672073016056904, -4.855113194049167, 4.464386740424307, -2.0664349368566954, 4.026929779224593, 2.8784240277116, 0.8006445398438933, -4.079446789025377, 4.147317347788052, -2.17501449827148, -3.6472017052213968, 1.589909176780453, -1.2560482029317976, 4.761813997282548, 4.86319184620888]}},
			{"instance": 0, "evals": 221, "best": {"evals": 159, "y": 39.09853748679799, "x": [0.8051014540093036, -3.029639285876436, 0.8572050294044562, -2.859821327619938, 4.3964831765557815, 4.055203785046867, -1.0723701905242233, -1.521328673968715, -2.9105543538480125, 0.5487130602131445, 1.5192911458885328, -0.18969627691092694, -1.955260983842849, 2.5642453631925104, -2.039542703503731, -4.910166764729663, 1.2865512302267497, -0.42972644979569985, -3.106792238493949, -1.8867732065166152, 0.7536820217779194, -2.9152722109928417, 1.7267419338452796]}},
			{"instance": 0, "evals": 221, "best": {"evals": 194, "y": 43.187752112873035, "x": [1.951572471880806, -1.0048174181135083, 4.328270015622557, 0.2903460584273425, -2.237436543982314, 2.089110169234302, 0.010389704190242988, -0.16310268750789536, -0.7200254447112617, 2.4830221890522663, 0.4436236915420442, 0.7731399558703189, 0.938734631947495, 4.427786858396317, -0.5261124257815251, 3.5983348084624076, -1.251893685834995, 4.9283179488239846, 0.2837069933083747, -2.246512233680386, 1.7733797500162716, 0.21680032513436398, 3.5076073558911807]}},
			{"instance": 0, "evals": 221, "best": {"evals": 173, "y": 31.981615626448114, "x": [-2.9230194676143655, -3.447868948769486, -1.8821564412675396, 4.323393598051531, -1.6231618189312638, 1.0127234516049577, 2.3420553721355457, -0.9463427932287078, 4.727517097271434, -0.8515151421456493, 2.856888320077897, -2.1553936513783865, 1.5788075496519158, 3.8213114145240388, -3.8067934028068295, -2.7815031022570547, 1.8806211642633883, 3.158435210640068, -2.0819471726208416, -1.4384981432523514, 1.229888861259853, -1.4212248927818028, -1.456933337494839]}},
			{"instance": 0, "evals": 221, "best": {"evals": 217, "y": 42.18423126801535, "x": [-3.4234772490224303, -1.3996886772922084, 2.214970765734737, -1.549777820703948, 4.517348037411855, 2.6162667664354347, 3.8861249946341623, -1.824889542758465, 3.8665323504067883, 2.1892984324431604, 0.5812568943036802, -2.2708055062791916, 3.650286839296575, 2.414120730523279, 4.049826612537086, 2.8933105450992445, -0.28863591592605786, 3.891300907678395, -4.619005029742109, -3.550220545732432, 1.3255842488118295, -2.778550720826869, -0.7534652257179337]}},
			{"instance": 0, "evals": 221, "best": {"evals": 38, "y": 36.76610863228199, "x": [-2.3973381854001916, -0.21048258938733344, 2.038564389519693, 0.33429575370620324, 3.3152803318339963, 4.357417887961336, 2.8636298414787125, -1.469394816264209, -0.49155357803703836, -2.461952799143734, 3.5966430651709107, -1.818022722948439, -0.5054268463149487, 4.5714795803455495, -3.810789478302791, 1.0664738977182804, 0.8761053739447187, -2.050998565972233, -4.686018309596287, 4.367466516430641, -1.3073262086178454, 0.387547447315959, -3.5625126941526997]}},
			{"instance": 0, "evals": 221, "best": {"evals": 131, "y": 32.55526640672762, "x": [1.6080312305236277, -2.46441003385013, 1.1830926873322625, -1.9682592701252268, 1.3725145079163354, -0.018249941086705412, 2.594337201978459, 1.9488785388275365, 0.16231446390797455, -1.2916000367752445, 4.807869938546315, 0.8472285900641765, 3.923491155066434, -0.7575148323654313, 0.5332497734423831, 0.46333912685667866, 0.7190575262381229, 2.2095414263410937, -1.6568409750492155, -2.4856803683559505, -1.1482553993299334, -2.052009052265973, -4.969861434281269]}},
			{"instance": 0, "evals": 221, "best": {"evals": 179, "y": 37.49689046961906, "x": [-1.4061594415949044, 1.9845385054039282, 1.3645554249225214, 0.3673062230241131, 2.8464063419617687, 2.3430255908660245, 3.3016146378545708, 1.7680940778074992, 2.1073425048592695, 1.6605193612516138, 2.3922931557934297, -3.92703469318324, 3.2066016363075422, -0.07219448440833443, 1.7737616615063556, 2.372504656521465, -3.429353430718553, -0.5683496027134174, 4.880879634531215, -2.755778941708358, 2.2433570615005722, 3.481815337049797, -3.187410439940095]}},
			{"instance": 0, "evals": 221, "best": {"evals": 7, "y": 38.91688569538883, "x": [0.829737756086586, -3.63021092925109, 0.24300776207521757, -2.5348868626576317, -1.193169579111606, 2.9216459532900583, -4.413951884461133, 0.3740144517100328, -3.551264134025204, 0.7324107328332872, 1.335931756738744, -3.1791406239933417, -4.940332923895829, -4.145466874992362, 1.896128786531838, -1.199011733108132, -1.2710500298350622, 1.9189044455558504, -0.028676018460277675, 1.3708520944028013, 4.19328865555584, 0.06864127941664666, 1.3803515698126265]}},
			{"instance": 0, "evals": 221, "best": {"evals": 115, "y": 47.68760009340749,