{
	"version": "0.3.14", 
	"suite": "unknown_suite", 
	"function_id": 5, 
	"function_name": "LinearSlope", 
	"maximization": false, 
	"algorithm": {"name": "DE", "info": "algorithm_info"},
	"attributes": ["evaluations", "raw_y"],
	"scenarios": [
		{"dimension": 23,
		"path": "data_f5_LinearSlope/IOHprofiler_f5_DIM23.dat",
		"runs": [
			{"instance": 0, "evals": 2301, "best": {"evals": 1893, "y": 155.9039923953743, "x": [0.7557874779172904, 2.7236073934752216, -0.14467900350465834, 3.0360426674151313, 1.0803495206527702, 2.4184369474386584, -1.0997300256729892, 4.676535155830825, -2.6779641393295233, -2.2040862811990625, 1.7982033440739391, -2.5057663713265006, 3.491199143834002, -3.415233606701574, -2.951393198173248, -2.3251905985476142, -4.064014956695133, 1.001941233167222, 3.533845501259329, 4.931589319672394, 4.83814618132994, -4.652101149871615, 4.809894836655859]}},
			{"instance": 0, "evals": 2301, "best": {"evals": 1869, "y": 158.50349060111552, "x": [2.9117775664891834, -4.7842654742930435, -0.49145897963876606, 0.8925985941554182, 0.22556515366976448, 3.950518544720376, 0.6094515472624376, 1.7983461430907832, 3.0271392174416127, -0.9759419562774325, 4.248468220953855, -1.832961497993165, 3.170508375525773, -3.1431594435864585, -4.727633009419547, -4.422225477160056, -3.99054490984343, 3.7136101055457345, 4.819332159306644, 4.458280513273153, 3.0774234101220657, -2.8655363471936988, 4.649250777905782]}},
			{"instance": 0, "evals": 2301, "best": {"evals": 1800, "y": 160.59550215854014, "x": [0.5520400668776384, 1.675863407881696, -0.3000297022371896, 2.922359097430098, 4.349580435700432, 0.18681859671696177, 1.0531398114431196, 2.829888436676042, 0.3526186222306178, -2.4478390796220237, 3.0672720912471148, -0.9257016693583646, 3.726778168836982, -1.3393708636659691, -4.335631400440182, -4.271685045547189, -0.26206926022619337, 3.403192376287113, 3.280388530262141, 4.690241728354269, 4.984267644786302, -4.451770745146992, 4.717249429448461]}},
			{"instance": 0, "evals": 2301, "best": {"evals": 2200, "y": 176.9379083659129, "x": [1.281395143976527, 3.9119695099071814, 1.7115620246440137, -1.0329193987518526, 1.2770341087390822, 2.3411064914412227, 1.750116308062958, 4.546879202374478, 4.565746320601052, 2.033114362176709, 4.793686360599555, -4.470694144882122, 3.6830086393513275, -0.18149592183356422, -4.430160886211482, -3.4398568484991565, 0.7665549374929874, 2.6334877944816952, 4.706159552512032, 4.068920379953691, 4.753930154839773, -3.034893856349859, 4.450718322576003]}},
			{"instance": 0, "evals": 2301, "best": {"evals": 1775, "y": 156.19641446659898, "x": [-1.8880945478750255, 2.885393879710697, 2.0658310927427364, 3.677511125493082, 2.400708809620362, 3.3721303923925774, -0.875915826023192, -1.2111183743198752, 2.3304294428667585, -2.877851135569979, 2.144614160519329, -1.9199948371029665, 3.373182614785495, -2.3583558795837134, -3.381795050160313, -3.6481360686472337, -4.441418719550793, 4.975286132211168, 0.9936988713460551, 4.256577254600781, 3.49628760183987, -4.236240002074584, 4.502794956423303]}},
			{"instance": 0, "evals": 2301, "best": {"evals": 2159, "y": 175.3794637874002, "x": [-0.38308404690000675, 0.1489340824518406, 2.368618467188494, -1.205162959310412, 1.5917989203671397, 3.2915430180564638, -2.763570237454813, 2.996436517330814, -1.1279811163932958, -0.08311111825095885, 2.872573901116387, -2.7546573023761765, -1.1164305883499983, -4.483519657223795, -3.5152354245095383, -2.6078522809222036, -3.095461713411141, 4.111032836985288, 4.977509846348733, 3.752056615716841, 3.4529362034503563, -4.847880293908101, 3.2741376534088857]}},
			{"instance": 0, "evals": 2301, "best": {"evals": 2169, "y": 156.71504433449505, "x": [-0.6417675022065119, 1.8707450517202524, -1.4774893785144116, 4.184087201283875, -0.24086679859664528, 0.6344370988114267, -3.212926016845221, 3.4956064000663014, -2.5658853998444338, -4.945136960825298, 4.56007226474104, -3.194251286807581, 3.7548972938658616, -1.5312438815498943, -3.523998077657553, -4.247786089480105, -3.2676278209088796, 4.032965652322808, 1.649042697555208, 4.727945924766361, 3.994450164395623, -3.4951225212175325, 4.52334213335476]}},
			{"instance": 0, "evals": 2301, "best": {"evals": 2095, "y": 144.212506977735, "x": [-4.6176576563067915, 1.8482760686695465, 2.6562833099936807, 2.7208703909254774, 4.219857176310235, -1.878127465867012, -3.667689333130723, 2.059681602621721, 3.953641558726854, -1.9343295849023798, 4.421089316414593, -2.091120645444011, 3.7698467225545294, -2.2311120362999426, -3.6487022764637027, 1.0763686841211415, -0.9466609213162491, 4.756251268722684, 4.226567442557609, 4.007401650188117, 4.844065339226876, -4.687520029682007, 4.787783625756868]}},
			{"instance": 0, "evals": 2301, "best": {"evals": 2290, "y": 140.7323345209478, "x": [-2.6366493120751104, 3.8753567438384993, 3.291404395921113, 2.978152073443952, 1.3856207483143916, 3.194879788846963, -4.295328635155871, 4.166210340224152, 3.8556405442864357, -4.609784847131753, 2.834135240913701, -3.149913795683108, 3.872115409299388, -3.580266954114615, -2.247899159552161, -3.4954744677943004, -1.3061000879648073, 4.047846369067387, 3.7974792959609545, 4.455794475567348, 3.4286221509286143, -3.9668813698885694, 3.294516920839226]}},
			{"instance": 0, "evals": 2301, "best": {"evals": 2067, "y": 176.96888115370115, "x": [-3.083955021853442, -1.1817905517897733, 0.4154227153777672, 1.9657735248346022, 1.4705877971668146, 3.534068653781535, -0.5125124159062073, -1.0265570702869784, -0.525942995721588, -3.5849316081377234, 2.1694896231786176, -4.299442756139848, 3.966061159527275, -0.25628801895681974, -4.059647224796602, -2.2884437674092792, -4.637036072004297, 3.819489959023061, 4.038096472391144, 4.202994233236531, 1.8809345738237258, -4.245894560964427, 3.94765076822768]}},
			{"instance": 0, "evals": 2301, "best": {"evals": 1665, "y": 162.3181483453543, "x": [4.628680222733463, 2.203943499281804, 3.1455949095107454, 2.255149951538069, 3.0467302502180624, 3.7619274253136794, -2.1554570199380816, 3.8434611333916067, 3.2392111284908336, -1.2870514659336536, -1.0783027598878063, -3.6584096588733876, 3.5123540322101547, -4.792497446776843, -0.8225274422997597, -0.7361880196151211, -2.958095557654878, 4.481969094414703, 2.756730806415694, 4.298844513791632, 4.809901158816537, -4.867938049435402, 3.558687476054247]}},
			{"instance": 0, "evals": 2301, "best": {"evals": 2177, "y": 163.02963171104773, "x": [4.12437659260763, 0.10019162196607279, -4.2345550435111345, 0.35647715586242246, 4.355721794747662, 0.1212765535081175, 1.911098564700479, 0.22183707012431197, 2.953521010781113, -2.884655286261691, 4.504942501425349, -4.256786895662998, -2.839438471535429, -3.7927597326652362, -3.8987573818506065, -3.4909241786647187, -4.630283893703199, 4.36052815108963, 3.235674646235957, 4.743377522079065, 4.74822198842203, -4.015855327756727, 3.969747968401775]}},
			{"instance": 0, "evals": 2301, "best": {"evals": 2256, "y": 132.38807525549248, "x": [-3.0137675850254864, -0.603296399808567, -0.22737692051038327, 1.8920336563184454, 4.215685450020486, 3.2297940499643945, 2.539370043167076, 0.2972342171210549, 0.38512263487977516, -3.149824004937296, 4.4692037038513455, -4.816750109813466, 1.055385294164095, -4.964368868577779, -4.965609894653134, -3.1135816514351564, -3.1879903614569582, 3.790495656434496, 4.43435158391526, 4.4474220127961885, 3.83780999808074, -4.1130792372810925, 4.73230123879369]}},
			{"instance": 0, "evals": 2301, "best": {"evals": 2290, "y": 185.87270700350282,