{
	"version": "0.3.14", 
	"suite": "unknown_suite", 
	"function_id": 60, 
	"function_name": "meta_surface", 
	"maximization": false, 
	"algorithm": {"name": "AdaptiveDifferentialEvolution", "info": "algorithm_info"},
	"attributes": ["evaluations", "raw_y"],
	"scenarios": [
		{"dimension": 171,
		"path": "data_f60_meta_surface/IOHprofiler_f60_DIM171.dat",
		"runs": [
			{"instance": 1, "evals": 17100, "best": {"evals": 1496, "y": 0.16523893177509308, "x": [-5, -5, -5, 5, 0.6698533348675624, -4.9999285545504435, 5, -5, -5, 5, -5, 1.3786194255152493, 5, 5, 5, -5, 5, -5, 5, 5, 5, -5, -5, -0.1735442869656234, -2.603103902033947, 5, 5, -5, 5, -5, 5, -5, 5, -5, -5, 5, -5, -5, -5, 5, -5, -5, -5, -5, -4.9997704574401025, -4.996943600525366, -5, 5, -5, -4.999999999999805, -5, 5, -5, -5, 4.345151003111278, 0.35769868682805894, 5, -5, -1.0309801497033078, 5, 0.999449156705444, -5, 5, 5, -5, 5, -5, 5, -5, -5, 5, 5, 5, -5, -5, -5, -5, -5, 5, 5, 4.999657007606498, 4.999973724993609, 5, 5, 4.9981215896466145, 4.999999999788243, -5, 5, 5, 5, 5, -5, 5, 1.821437185085007, -5, 5, -5, 5, -5, 5, -5, -5, -5, 5, -5, -5, -5, -5, -5, -5, 4.9999506849316075, 5, -5, -5, 5, 5, 5, 5, 5, -5, 5, -5, 5, -5, 5, -5, 5, -5, 5, -5, 5, -5, 5, 4.841579235697841, -5, 4.999707619437459, -5, -5, -5, -5, -1.941679409167819, -5, -5, -5, -5, -5, 5, -4.984469841848672, 5, 5, -5, -5, -5, 5, -5, 5, -5, 5, -4.999367479817501, -5, -4.999999994422058, 5, -5, 5, 5, 5, -5, 1.2612384370067442, 5, -5, -5]}},
			{"instance": 1, "evals": 1580, "best": {"evals": 1410, "y": 0.16747984290122986, "x": [5, 2.1137040689739157, 5, -0.702151717000393, -5, 5, 5, -5, -5, 5, 5, 5, -5, -5, 5, 5, 5, -5, 5, 5, -5, 5, -5, -5, 5, 5, 0.5421861526122203, -5, -5, -5, -5, 5, -5, 5, -5, -5, 5, -5, 5, 5, 5, 5, -5, 2.758091584895908, 5, 5, 5, 5, 5, -5, 5, 5, 5, -5, 5, 5, -5, 5, -5, 4.999936959615395, -5, 3.392012466196718, -5, 5, -5, 5, -1.652615778402033, -5, -5, 5, 5, 5, 5, 5, 5, 5, 5, 5, 4.196860254886894, 5, 5, -5, 5, -5, -3.4648795012304445, -5, 5, 5, -5, -5, 5, -1.834929872413034, 2.4505821633331952, -5, 5, 5, 5, 5, 5, -5, 5, -5, -5, 5, 5, -5, 5, -5, -5, -5, -5, -5, -5, 5, -5, -5, 5, -5, -5, 5, 4.999738555895512, 5, -5, 5, 3.973904694979464, -5, -2.6294352104351097, -5, -5, -5, -5, -5, -5, 5, -5, 5, 5, 5, 5, 5, 5, -5, 5, -5, -5, -5, -5, -5, -5, -5, 5, 5, 5, 5, 5, 5, -5, -5, 3.1467086596419933, 5, -5, 5, -5, 5, -5, -5, -5, -5, 5, 5, 5]}}
		]}
	]
}
