evaluations raw_y
1 2.666161606286697
2 0.9230553204850597
3 1.7674074317456192
4 -0.1421991498029733
5 1.086564278784875
6 1.661819847948235
7 1.3746476992275265
8 0.7253226639047687
9 0.6974304308390499
10 0.33294775261597725
11 1.3688230141589186
12 0.6873008307702475
13 0.2033797035781586
14 0.25377021233711056
15 1.4370322481778266
16 0.10560221805649203
17 1.19512887610485
18 1.6531001750172152
19 0.2151504014717157
20 0.3184450513360903
21 -0.014818170244452075
22 1.7728434130425486
23 0.6011822239207936
24 0.7158524414928944
25 1.6633622652011482
26 0.2614762182243069
27 1.5663950993483815
28 1.6656104019957922
29 0.7052437569193525
30 0.14724514496410424
31 -0.1421991498029733
32 0.94322054252992
33 2.511907423997415
34 -0.2075749363559711
35 1.9499186692218538
36 2.037090808358431
37 -0.11012461864605723
38 -0.06620978474431198
39 0.6331911859847777
40 0.4374968013084936
41 1.0587743763059703
42 -0.08947648659954353
43 -0.003287959620078884
44 2.7291177675911737
45 -0.26072284890274267
46 0.09004309743856896
47 0.08727651420780544
48 1.1909244081255068
49 0.4346933824182302
50 0.5818378109527746
51 -0.16316403403653945
52 0.7328689123540217
53 0.08082482767352216
54 0.7721140681518188
55 1.117952100967635
56 0.703388163767414
57 -0.38817326136701785
58 -0.1396579177136266
59 0.35666228559012647
60 -0.12776558659537607
61 -0.1421991498029733
62 -0.014818170244452075
63 0.10560221805649203
64 -0.2075749363559711
65 0.2033797035781586
66 0.2151504014717157
67 -0.11012461864605723
68 -0.06620978474431198
69 0.3184450513360903
70 0.33294775261597725
71 0.6011822239207936
72 -0.08947648659954353
73 -0.003287959620078884
74 0.7052437569193525
75 -0.26072284890274267
76 0.09004309743856896
77 0.08727651420780544
78 1.086564278784875
79 0.4346933824182302
80 0.5818378109527746
81 -0.16316403403653945
82 0.7328689123540217
83 0.08082482767352216
84 0.7721140681518188
85 1.117952100967635
86 0.703388163767414
87 -0.38817326136701785
88 -0.1396579177136266
89 0.35666228559012647
90 -0.12776558659537607
91 -0.38817326136701785
92 -0.12348972656511473
93 -0.028701781750768336
94 0.9199608313961584
95 0.7599172202083305
96 -0.11468706736511926
97 -0.18702156469305314
98 -0.2906601213176145
99 0.04393927186003205
100 0.09633048510332066
101 -0.33959379615647545
102 2.503500015011269
103 -0.1665263660321446
104 1.1230636809712384
105 1.0334224205626013
106 0.6770446065640552
107 2.336952841942019
108 -0.3947862726410546
109 -0.019055968475422097
110 0.07217394476923794
111 -0.3594731521712526
112 -0.19508635197769533
113 -0.16885024454585928
114 -0.03041703320154275
115 -0.3251439200091187
116 0.8696376906901605
117 0.474094225304285
118 1.4557684131764017
119 0.09549378521048954
120 0.9081412010700123
121 -0.38817326136701785
122 -0.26072284890274267
123 -0.2075749363559711
124 -0.16316403403653945
125 -0.1421991498029733
126 -0.1396579177136266
127 -0.18702156469305314
128 -0.2906601213176145
129 -0.08947648659954353
130 -0.06620978474431198
131 -0.33959379615647545
132 -0.003287959620078884
133 -0.1665263660321446
134 0.08727651420780544
135 0.09004309743856896
136 0.10560221805649203
137 0.2033797035781586
138 -0.3947862726410546
139 -0.019055968475422097
140 0.07217394476923794
141 -0.3594731521712526
142 -0.19508635197769533
143 -0.16885024454585928
144 -0.03041703320154275
145 -0.3251439200091187
146 0.7052437569193525
147 0.474094225304285
148 0.7721140681518188
149 0.09549378521048954
150 0.9081412010700123
151 -0.3947862726410546
152 -0.3954267434183312
153 -0.2604552485674157
154 -0.3635361212081022
155 0.9665966587556618
156 -0.305277731781278
157 -0.3648053758333765
158 0.11516789226248157
159 0.14320573414742857
160 -0.24532729331792003
161 -0.01799880813845604
162 -0.3607898194251537
163 0.24666744387775552
164 -0.21714494377955357
165 0.13245498929984284
166 -0.2121074818194897
167 -0.3251439200091187
168 -0.29911154984712934
169 -0.1903236494135056
170 -0.33560544592509145
171 0.9062112896971615
172 -0.16083824560588228
173 -0.3251439200091187
174 1.6838205684912708
175 0.7610471692048179
176 -0.3371010658558776
177 0.2554318095988484
178 -0.3251439200091187
179 0.32514392014799814
180 -0.3251439200091187
181 -0.3947862726410546
182 -0.3954267434183312
183 -0.3594731521712526
184 -0.3635361212081022
185 -0.3251439200091187
186 -0.305277731781278
187 -0.3648053758333765
188 -0.2075749363559711
189 -0.19508635197769533
190 -0.24532729331792003
191 -0.16885024454585928
192 -0.3607898194251537
193 -0.16316403403653945
194 -0.21714494377955357
195 -0.1396579177136266
196 -0.2121074818194897
197 -0.3251439200091187
198 -0.29911154984712934
199 -0.1903236494135056
200 -0.33560544592509145
201 0.07217394476923794
202 -0.16083824560588228
203 -0.3251439200091187
204 0.09549378521048954
205 0.10560221805649203
206 -0.3371010658558776
207 0.2554318095988484
208 -0.3251439200091187
209 0.32514392014799814
210 -0.3251439200091187
211 -0.3954267434183312
212 -0.39891445571993156
213 -0.24377173551406353
214 -0.394573900179777
215 -0.13439062062547397
216 0.12976362037808326
217 0.16250652303837898
218 -0.11380510749564617
219 -0.42342570887532516
220 0.7650201472715216
221 -0.32689037966077655
222 -0.3656711668617607
223 -0.3660525654462739
224 -0.38278158097070425
225 0.002204138642388532
226 -0.33903200724106575
227 -0.39155708898687996
228 -0.2960319432227304
229 -0.3251439200091187
230 -0.1607406939062737
231 0.20513674329126913
232 -0.3251439200091187
233 -0.030233895538468072
234 -0.26934470745690875
235 0.8415569626068903
236 0.7610337978293866
237 0.22486101701895456
238 1.4526116025862015
239 -0.3251439200091187
240 -0.3251439200091187
241 -0.3954267434183312
242 -0.39891445571993156
243 -0.3648053758333765
244 -0.394573900179777
245 -0.3607898194251537
246 -0.3594731521712526
247 -0.3371010658558776
248 -0.33560544592509145
249 -0.42342570887532516
250 -0.3251439200091187
251 -0.32689037966077655
252 -0.3656711668617607
253 -0.3660525654462739
254 -0.38278158097070425
255 -0.29911154984712934
256 -0.33903200724106575
257 -0.39155708898687996
258 -0.2960319432227304
259 -0.3251439200091187
260 -0.19508635197769533
261 -0.1903236494135056
262 -0.3251439200091187
263 -0.16316403403653945
264 -0.26934470745690875
265 -0.1396579177136266
266 0.07217394476923794
267 0.09549378521048954
268 0.10560221805649203
269 -0.3251439200091187
270 -0.3251439200091187
271 -0.42342570887532516
272 -0.44234863657155715
273 -0.42894366686708596
274 -0.3910747649517307
275 -0.4205712687656257
276 -0.241523223297065
277 -0.1312780774560484
278 -0.3026235392374533
279 -0.11205887554735433
280 -0.371665681314365
281 -0.4466866306401204
282 -0.16089011963088815
283 -0.12951734940619272
284 -0.3870988296609135
285 -0.12693578426473853
286 -0.20074701960393293
287 -0.3956105849458349
288 -0.16857058720128443
289 -0.4270732410006985
290 -0.3768908912631605
291 -0.22910768189851144
292 -0.3251439200091187
293 -0.37460583293538935
294 -0.07778818441467569
295 -0.19508635197769533
296 -0.3251439200091187
297 0.9418314962456882
298 -0.19508635197769533
299 -0.3251439200091187
300 0.1950863521165748
301 -0.42342570887532516
302 -0.44234863657155715
303 -0.42894366686708596
304 -0.394573900179777
305 -0.4205712687656257
306 -0.38278158097070425
307 -0.3660525654462739
308 -0.3656711668617607
309 -0.3648053758333765
310 -0.371665681314365
311 -0.4466866306401204
312 -0.33903200724106575
313 -0.3371010658558776
314 -0.3870988296609135
315 -0.32689037966077655
316 -0.3251439200091187
317 -0.3956105849458349
318 -0.3251439200091187
319 -0.4270732410006985
320 -0.3768908912631605
321 -0.29911154984712934
322 -0.3251439200091187
323 -0.37460583293538935
324 -0.19508635197769533
325 -0.19508635197769533
326 -0.3251439200091187
327 -0.1396579177136266
328 -0.19508635197769533
329 -0.3251439200091187
330 0.10560221805649203
331 -0.4466866306401204
332 -0.45309419582350374
333 -0.3080381957946888
334 -0.45091936384850084
335 -0.218011503247308
336 -0.4471606856614141
337 -0.4160624670876171
338 -0.4530598078386863
339 -0.14326648801364397
340 -0.44735874851350627
341 -0.407492710105939
342 -0.42824091369247863
343 -0.2763536823138187
344 -0.39804450193276725
345 -0.2953351090540142
346 -0.19850432820973626
347 -0.20496248987132112
348 -0.21473183556479075
349 -0.4412203439495705
350 -0.40818262598201616
351 -0.022612956458285073
352 -0.22246000317649445
353 -0.16774572386454786
354 -0.38086595919376426
355 -0.1144708501813609
356 0.011345522909929632
357 0.8417031085858292
358 0.14157492686134335
359 0.9646075293205976
360 0.06263014846351295
361 -0.4466866306401204
362 -0.45309419582350374
363 -0.42894366686708596
364 -0.45091936384850084
365 -0.42342570887532516
366 -0.4471606856614141
367 -0.4160624670876171
368 -0.4530598078386863
369 -0.3870988296609135
370 -0.44735874851350627
371 -0.407492710105939
372 -0.42824091369247863
373 -0.371665681314365
374 -0.39804450193276725
375 -0.3656711668617607
376 -0.3648053758333765
377 -0.33903200724106575
378 -0.3371010658558776
379 -0.4412203439495705
380 -0.40818262598201616
381 -0.3251439200091187
382 -0.3251439200091187
383 -0.3251439200091187
384 -0.38086595919376426
385 -0.29911154984712934
386 -0.19508635197769533
387 -0.19508635197769533
388 -0.19508635197769533
389 -0.1396579177136266
390 0.06263014846351295
391 -0.45309419582350374
392 -0.4530264389249254
393 -0.3951998234455296
394 -0.22595528247546798
395 -0.45315010771524783
396 -0.12532150246470636
397 -0.15342492124756538
398 -0.3294995306432719
399 -0.26995900275585927
400 -0.15601367143663286
401 -0.31331449624971913
402 -0.14963278880401235
403 1.0692058205985047
404 1.588862625594246
405 -0.2429705303758765
406 -0.4288640531922337
407 -0.26193189067281886
408 0.13545203138844056
409 -0.03738859353005482
410 0.18971309141919118
411 -0.3075152057431203
412 0.7297268210910156
413 0.5655300763287324
414 -0.039161830852180536
415 0.0650287840851514
416 -0.08573172725479143
417 -0.1277131852889705
418 1.6074848802155235
419 -0.06502878394627197
420 -0.06502878394627197
421 -0.45309419582350374
422 -0.4530598078386863
423 -0.45091936384850084
424 -0.44735874851350627
425 -0.45315010771524783
426 -0.4466866306401204
427 -0.4412203439495705
428 -0.42894366686708596
429 -0.42824091369247863
430 -0.42342570887532516
431 -0.4160624670876171
432 -0.40818262598201616
433 -0.407492710105939
434 -0.39804450193276725
435 -0.3870988296609135
436 -0.4288640531922337
437 -0.371665681314365
438 -0.3656711668617607
439 -0.3648053758333765
440 -0.33903200724106575
441 -0.3371010658558776
442 -0.3251439200091187
443 -0.3251439200091187
444 -0.3251439200091187
445 -0.29911154984712934
446 -0.19508635197769533
447 -0.19508635197769533
448 -0.19508635197769533
449 -0.1396579177136266
450 -0.06502878394627197
451 -0.45315010771524783
452 -0.45076213028984263
453 -0.3424856706708955
454 -0.3780470533851786
455 -0.22161106087031765
456 -0.44207844905203253
457 -0.4596960947499613
458 -0.4400276674476973
459 -0.2269205615362231
460 0.19667511328289178
461 0.10434652818258125
462 0.796008378396236
463 0.061952983862092345
464 -0.45294320113940933
465 1.6205672445497845
466 1.5777553208877753
467 0.7808159355666322
468 0.15044322432514845
469 -0.02948812299872702
470 -0.0007647912963797965
471 -0.2408727753344094
472 0.0650287840851514
473 0.9707313915681853
474 0.0650287840851514
475 0.6670418008844099
476 0.0650287840851514
477 -0.06861829169322867
478 -0.06502878394627197
479 -0.06502878394627197
480 0.0650287840851514
481 -0.45315010771524783
482 -0.45309419582350374
483 -0.4530598078386863
484 -0.45091936384850084
485 -0.44735874851350627
486 -0.4466866306401204
487 -0.4596960947499613
488 -0.4400276674476973
489 -0.4288640531922337
490 -0.42824091369247863
491 -0.42342570887532516
492 -0.4160624670876171
493 -0.40818262598201616
494 -0.45294320113940933
495 -0.39804450193276725
496 -0.3870988296609135
497 -0.371665681314365
498 -0.3656711668617607
499 -0.3648053758333765
500 -0.33903200724106575
501 -0.3371010658558776
502 -0.3251439200091187
503 -0.3251439200091187
504 -0.3251439200091187
505 -0.29911154984712934
506 -0.19508635197769533
507 -0.19508635197769533
508 -0.19508635197769533
509 -0.1396579177136266
510 -0.06502878394627197
511 -0.4596960947499613
512 -0.36404419538739524
513 -0.454257889142818
514 -0.27443607081437865
515 -0.28574069435858296
516 -0.46694852200747833
517 -0.33241705185724907
518 -0.4640352943285913
519 -0.45303361535519365
520 -0.23286044618146842
521 -0.19874179413413381
522 -0.394189987546773
523 -0.42714812645355327
524 -0.34139469910540277
525 -0.3252645334127336
526 -0.38950055182063525
527 -0.35923884029212527
528 0.39859439173445765
529 -0.19302298491254993
530 -0.359260885232365
531 0.37701378541080854
532 -0.3508578703680705
533 0.2188692948852811
534 -0.18500886115449805
535 1.0336631453053833
536 0.5763734406723386
537 0.10989640665557307
538 0.7598596666804883
539 -0.3251439200091187
540 -0.19508635197769533
541 -0.4596960947499613
542 -0.45315010771524783
543 -0.454257889142818
544 -0.4530598078386863
545 -0.45294320113940933
546 -0.46694852200747833
547 -0.44735874851350627
548 -0.4640352943285913
549 -0.45303361535519365
550 -0.4288640531922337
551 -0.42824091369247863
552 -0.42342570887532516
553 -0.42714812645355327
554 -0.40818262598201616
555 -0.39804450193276725
556 -0.38950055182063525
557 -0.371665681314365
558 -0.3656711668617607
559 -0.3648053758333765
560 -0.359260885232365
561 -0.3371010658558776
562 -0.3508578703680705
563 -0.3251439200091187
564 -0.3251439200091187
565 -0.29911154984712934
566 -0.19508635197769533
567 -0.19508635197769533
568 -0.19508635197769533
569 -0.3251439200091187
570 -0.19508635197769533
571 -0.46694852200747833
572 -0.4669745680170682
573 -0.34357404196164015
574 -0.35529626028525635
575 -0.4639993186863295
576 -0.2195562297465474
577 -0.46773703378557757
578 -0.23810928395913863
579 -0.42211538625378753
580 -0.3511723434417444
581 -0.4209692679403474
582 0.5396421628401509
583 -0.15996617018035753
584 -0.15515974578643046
585 -0.06502878394627197
586 -0.06097281025995344
587 -0.2537206761043142
588 -0.06502878394627197
589 -0.06502878394627197
590 -0.06502878394627197
591 -0.06502878394627197
592 -0.06502878394627197
593 -0.06502878394627197
594 0.0650287840851514
595 0.0650287840851514
596 -0.06502878394627197
597 -0.06502878394627197
598 -0.06502878394627197
599 0.0650287840851514
600 -0.06502878394627197
601 -0.46694852200747833
602 -0.4669745680170682
603 -0.4596960947499613
604 -0.454257889142818
605 -0.4639993186863295
606 -0.4530598078386863
607 -0.46773703378557757
608 -0.45294320113940933
609 -0.44735874851350627
610 -0.4288640531922337
611 -0.42824091369247863
612 -0.42714812645355327
613 -0.42342570887532516
614 -0.40818262598201616
615 -0.39804450193276725
616 -0.38950055182063525
617 -0.371665681314365
618 -0.3656711668617607
619 -0.3648053758333765
620 -0.359260885232365
621 -0.3508578703680705
622 -0.3371010658558776
623 -0.3251439200091187
624 -0.3251439200091187
625 -0.3251439200091187
626 -0.29911154984712934
627 -0.19508635197769533
628 -0.19508635197769533
629 -0.19508635197769533
630 -0.19508635197769533
631 -0.46773703378557757
632 -0.464597627221097
633 -0.46268642932363285
634 -0.4492005665474988
635 -0.32181337085403006
636 -0.2861019524346904
637 -0.033106569734328926
638 -0.3033488170697705
639 -0.19713846136336904
640 0.8199135734446213
641 -0.4147632310698762
642 0.14163326102153923
643 -0.03631214404986085
644 -0.06502878394627197
645 -0.06502878394627197
646 -0.014877916455900633
647 0.34533653917837437
648 -0.06502878394627197
649 -0.06502878394627197
650 -0.06502878394627197
651 -0.06502878394627197
652 -0.06502878394627197
653 -0.06502878394627197
654 0.0650287840851514
655 -0.06502878394627197
656 -0.06502878394627197
657 -0.06502878394627197
658 0.0650287840851514
659 -0.06502878394627197
660 -0.06502878394627197
661 -0.46773703378557757
662 -0.4669745680170682
663 -0.46694852200747833
664 -0.4639993186863295
665 -0.4596960947499613
666 -0.454257889142818
667 -0.4530598078386863
668 -0.45294320113940933
669 -0.44735874851350627
670 -0.4288640531922337
671 -0.42824091369247863
672 -0.42714812645355327
673 -0.42342570887532516
674 -0.40818262598201616
675 -0.39804450193276725
676 -0.38950055182063525
677 -0.371665681314365
678 -0.3656711668617607
679 -0.3648053758333765
680 -0.359260885232365
681 -0.3508578703680705
682 -0.3371010658558776
683 -0.3251439200091187
684 -0.3251439200091187
685 -0.3251439200091187
686 -0.29911154984712934
687 -0.19508635197769533
688 -0.19508635197769533
689 -0.19508635197769533
690 -0.19508635197769533
691 -0.46773703378557757
692 -0.4712537235994092
693 -0.46907103303526193
694 -0.46736960038459135
695 -0.46767204081314506
696 -0.37275426966025255
697 -0.4673932654106446
698 -0.18522360290077908
699 -0.025314262309991564
700 -0.3915229243465282
701 -0.011710407657063765
702 -0.47737400558720505
703 0.6037299426287692
704 1.126769846412634
705 -0.0034124902294546955
706 -0.06502878394627197
707 -0.06502878394627197
708 -0.06502878394627197
709 0.0650287840851514
710 -0.06502878394627197
711 -0.06502878394627197
712 -0.06502878394627197
713 -0.06502878394627197
714 0.0650287840851514
715 -0.06502878394627197
716 -0.06502878394627197
717 -0.06502878394627197
718 0.0650287840851514
719 -0.06502878394627197
720 0.0650287840851514
721 -0.46773703378557757
722 -0.4712537235994092
723 -0.46907103303526193
724 -0.46736960038459135
725 -0.46767204081314506
726 -0.454257889142818
727 -0.4673932654106446
728 -0.45294320113940933
729 -0.44735874851350627
730 -0.4288640531922337
731 -0.42824091369247863
732 -0.47737400558720505
733 -0.42342570887532516
734 -0.40818262598201616
735 -0.39804450193276725
736 -0.38950055182063525
737 -0.371665681314365
738 -0.3656711668617607
739 -0.3648053758333765
740 -0.359260885232365
741 -0.3508578703680705
742 -0.3371010658558776
743 -0.3251439200091187
744 -0.3251439200091187
745 -0.3251439200091187
746 -0.29911154984712934
747 -0.19508635197769533
748 -0.19508635197769533
749 -0.19508635197769533
750 -0.19508635197769533
751 -0.47737400558720505
752 -0.47749524610513305
753 -0.28681176845108464
754 -0.2049670464869189
755 -0.08236393665952639
756 -0.43960485188239035
757 -0.35864134023530914
758 -0.19508635197769533
759 -0.055945834574935766
760 -0.19508635197769533
761 -0.19508635197769533
762 -0.19508635197769533
763 -0.19508635197769533
764 -0.19508635197769533
765 -0.22360372413339666
766 -0.19508635197769533
767 -0.19508635197769533
768 -0.19508635197769533
769 -0.19508635197769533
770 -0.19508635197769533
771 -0.19508635197769533
772 -0.19508635197769533
773 -0.19508635197769533
774 -0.19508635197769533
775 0.1950863521165748
776 0.1950863521165748
777 -0.19508635197769533
778 -0.19508635197769533
779 0.1950863521165748
780 0.1950863521165748
781 -0.47737400558720505
782 -0.47749524610513305
783 -0.46907103303526193
784 -0.46773703378557757
785 -0.46767204081314506
786 -0.4673932654106446
787 -0.46736960038459135
788 -0.454257889142818
789 -0.45294320113940933
790 -0.44735874851350627
791 -0.4288640531922337
792 -0.42824091369247863
793 -0.42342570887532516
794 -0.40818262598201616
795 -0.39804450193276725
796 -0.38950055182063525
797 -0.371665681314365
798 -0.3656711668617607
799 -0.3648053758333765
800 -0.359260885232365
801 -0.3508578703680705
802 -0.3371010658558776
803 -0.3251439200091187
804 -0.3251439200091187
805 -0.3251439200091187
806 -0.29911154984712934
807 -0.19508635197769533
808 -0.19508635197769533
809 -0.19508635197769533
810 -0.19508635197769533
811 -0.47749524610513305
812 -0.4145462254146343
813 -0.474710739754614
814 -0.47461962309556116
815 0.9514605654224025
816 -0.055245286900871535
817 -0.2809350589609775
818 -0.14599241797662685
819 0.15963043828988766
820 0.1950863521165748
821 0.1950863521165748
822 0.1950863521165748
823 0.1950863521165748
824 0.6874424911130502
825 0.1950863521165748
826 0.1950863521165748
827 0.1950863521165748
828 0.1950863521165748
829 0.1950863521165748
830 0.1950863521165748
831 0.1950863521165748
832 0.1950863521165748
833 0.1950863521165748
834 -0.19508635197769533
835 0.1950863521165748
836 0.1950863521165748
837 0.1950863521165748
838 0.1950863521165748
839 0.1950863521165748
840 -0.19508635197769533
841 -0.47749524610513305
842 -0.47737400558720505
843 -0.474710739754614
844 -0.47461962309556116
845 -0.46767204081314506
846 -0.4673932654106446
847 -0.46736960038459135
848 -0.454257889142818
849 -0.45294320113940933
850 -0.44735874851350627
851 -0.4288640531922337
852 -0.42824091369247863
853 -0.42342570887532516
854 -0.40818262598201616
855 -0.39804450193276725
856 -0.38950055182063525
857 -0.371665681314365
858 -0.3656711668617607
859 -0.3648053758333765
860 -0.359260885232365
861 -0.3508578703680705
862 -0.3371010658558776
863 -0.3251439200091187
864 -0.3251439200091187
865 -0.3251439200091187
866 -0.29911154984712934
867 -0.19508635197769533
868 -0.19508635197769533
869 -0.19508635197769533
870 -0.19508635197769533
871 -0.47749524610513305
872 -0.47758806173553087
873 -0.4774987506575466
874 -0.47761239982162706
875 -0.4370074919598288
876 -0.06167361037502275
877 0.0650287840851514
878 0.0650287840851514
879 -0.35356960869541426
880 0.9945616286558788
881 0.0650287840851514
882 -0.06502878394627197
883 0.0650287840851514
884 0.0650287840851514
885 -0.06502878394627197
886 0.0650287840851514
887 -0.06502878394627197
888 0.0650287840851514
889 0.0650287840851514
890 -0.06502878394627197
891 0.0650287840851514
892 0.0650287840851514
893 -0.06502878394627197
894 0.0650287840851514
895 0.0650287840851514
896 0.0650287840851514
897 0.0650287840851514
898 0.0650287840851514
899 0.0650287840851514
900 -0.06502878394627197
901 -0.47749524610513305
902 -0.47758806173553087
903 -0.4774987506575466
904 -0.47761239982162706
905 -0.46767204081314506
906 -0.4673932654106446
907 -0.46736960038459135
908 -0.454257889142818
909 -0.45294320113940933
910 -0.44735874851350627
911 -0.4288640531922337
912 -0.42824091369247863
913 -0.42342570887532516
914 -0.40818262598201616
915 -0.39804450193276725
916 -0.38950055182063525
917 -0.371665681314365
918 -0.3656711668617607
919 -0.3648053758333765
920 -0.359260885232365
921 -0.3508578703680705
922 -0.3371010658558776
923 -0.3251439200091187
924 -0.3251439200091187
925 -0.3251439200091187
926 -0.29911154984712934
927 -0.19508635197769533
928 -0.19508635197769533
929 -0.19508635197769533
930 -0.19508635197769533
931 -0.47761239982162706
932 -0.4764285432631889
933 -0.47735033387934733
934 1.0770048796662417
935 -0.4314201691895068
936 1.1042848287881442
937 -0.4644254334952446
938 0.6951500401103798
939 -0.24617062734446038
940 0.1950863521165748
941 0.1950863521165748
942 -0.19508635197769533
943 0.1950863521165748
944 0.1950863521165748
945 0.1950863521165748
946 0.1950863521165748
947 -0.19508635197769533
948 -0.19508635197769533
949 0.1950863521165748
950 -0.19508635197769533
951 -0.19508635197769533
952 0.1950863521165748
953 -0.19508635197769533
954 0.1950863521165748
955 0.1950863521165748
956 -0.19508635197769533
957 0.1950863521165748
958 -0.19508635197769533
959 0.1950863521165748
960 -0.19508635197769533
961 -0.47761239982162706
962 -0.47758806173553087
963 -0.4774987506575466
964 -0.47749524610513305
965 -0.46767204081314506
966 -0.4673932654106446
967 -0.46736960038459135
968 -0.454257889142818
969 -0.45294320113940933
970 -0.44735874851350627
971 -0.4288640531922337
972 -0.42824091369247863
973 -0.42342570887532516
974 -0.40818262598201616
975 -0.39804450193276725
976 -0.38950055182063525
977 -0.371665681314365
978 -0.3656711668617607
979 -0.3648053758333765
980 -0.359260885232365
981 -0.3508578703680705
982 -0.3371010658558776
983 -0.3251439200091187
984 -0.3251439200091187
985 -0.3251439200091187
986 -0.29911154984712934
987 -0.19508635197769533
988 -0.19508635197769533
989 -0.19508635197769533
990 -0.19508635197769533
evaluations raw_y
1 0.5630576191052558
2 1.515593022327501
3 0.17395576787340117
4 1.2747850491980202
5 0.11298097622226533
6 -0.1978346930555992
7 1.5628019731485252
8 0.011834403384552578
9 0.28808428069639097
10 0.757330612375993
11 0.6995229231920868
12 1.1599041186171744
13 0.8076471187454393
14 2.553122429223859
15 0.5170468278246865
16 0.43091831604125436
17 0.3191658056856612
18 0.6971266573588648
19 1.8467826550634976
20 0.6633129612203806
21 1.247030999254432
22 0.14811567088975047
23 0.11881565748268527
24 0.3247023007369595
25 -0.48980879912872166
26 1.8045118427077096
27 1.3628534427441155
28 0.22263360887859485
29 0.872821082192776
30 0.7091440072318406
31 -0.48980879912872166
32 -0.2806409857016528
33 0.492842184708549
34 1.3625122721060452
35 0.15912611638665042
36 0.6946059702866174
37 -0.19508635197769533
38 1.1802996687312615
39 -0.017244359242576418
40 1.347481215874501
41 0.8064847256228456
42 0.7714936573182286
43 -0.19508635197769533
44 2.008903222598828
45 0.9485646223086827
46 -0.47715973778104653
47 -0.3169667710124846
48 2.5734158915876217
49 1.075021127875906
50 -0.027265896749294756
51 1.4760375311470333
52 1.9255101743012866
53 0.21882986657109546
54 0.6629900315644319
55 -0.15459769701931597
56 0.030462842797881397
57 0.5615040696154615
58 0.4621157185322634
59 0.9115275111466085
60 0.8613243216180654
61 -0.48980879912872166
62 -0.2806409857016528
63 0.011834403384552578
64 0.11298097622226533
65 0.11881565748268527
66 0.14811567088975047
67 -0.19508635197769533
68 0.22263360887859485
69 -0.017244359242576418
70 0.3191658056856612
71 0.3247023007369595
72 0.43091831604125436
73 -0.19508635197769533
74 0.5630576191052558
75 0.6633129612203806
76 -0.47715973778104653
77 -0.3169667710124846
78 0.7091440072318406
79 0.757330612375993
80 -0.027265896749294756
81 0.872821082192776
82 1.1599041186171744
83 0.21882986657109546
84 0.6629900315644319
85 -0.15459769701931597
86 0.030462842797881397
87 0.5615040696154615
88 0.4621157185322634
89 0.9115275111466085
90 0.8613243216180654
91 -0.48980879912872166
92 -0.23271823419859242
93 -0.35018895612819523
94 -0.43489632011094803
95 -0.4793487974481496
96 0.002739196270313399
97 0.08079627800051987
98 -0.3651981300957831
99 1.1996593280131778
100 -0.46709265233295943
101 -0.3914007635040911
102 0.3717289509653321
103 -0.4887814982695111
104 -0.08765961699061073
105 -0.3509977711949006
106 -0.2996163879473768
107 -0.22601228023541994
108 0.07705813139653013
109 -0.18145986258198402
110 1.0189979011893013
111 0.7927834861388761
112 -0.19508635197769533
113 -0.19508635197769533
114 0.4428763206252078
115 -0.19508635197769533
116 -0.19508635197769533
117 -0.19508635197769533
118 0.6095978128334492
119 0.17363155358725457
120 -0.19508635197769533
121 -0.48980879912872166
122 -0.47715973778104653
123 -0.35018895612819523
124 -0.43489632011094803
125 -0.4793487974481496
126 -0.19508635197769533
127 -0.15459769701931597
128 -0.3651981300957831
129 -0.017244359242576418
130 -0.46709265233295943
131 -0.3914007635040911
132 0.11298097622226533
133 -0.4887814982695111
134 -0.08765961699061073
135 -0.3509977711949006
136 -0.2996163879473768
137 -0.22601228023541994
138 0.07705813139653013
139 -0.18145986258198402
140 0.4621157185322634
141 0.5615040696154615
142 -0.19508635197769533
143 -0.19508635197769533
144 0.4428763206252078
145 -0.19508635197769533
146 -0.19508635197769533
147 -0.19508635197769533
148 0.6095978128334492
149 0.17363155358725457
150 -0.19508635197769533
151 -0.48980879912872166
152 -0.2947086133765399
153 -0.42743810366828155
154 -0.11245188026688038
155 -0.09670829895799662
156 -0.4886317848939783
157 -0.3673817023522199
158 -0.44132645344824967
159 -0.39632506763318487
160 -0.48070217992089015
161 -0.06220585805922088
162 -0.25426717871959587
163 -0.49142830401411014
164 -0.48537680654253984
165 -0.2479308816986264
166 -0.4008963697556951
167 -0.43170400256432295
168 -0.44175723839361014
169 0.9061739655795337
170 -0.1599058725626736
171 -0.03559545968914925
172 0.1379530221521605
173 -0.19508635197769533
174 -0.20908518501566095
175 -0.19508635197769533
176 -0.19508635197769533
177 -0.19508635197769533
178 0.41401111450764194
179 -0.06502878394627197
180 -0.19508635197769533
181 -0.48980879912872166
182 -0.4887814982695111
183 -0.4793487974481496
184 -0.47715973778104653
185 -0.46709265233295943
186 -0.4886317848939783
187 -0.3914007635040911
188 -0.44132645344824967
189 -0.39632506763318487
190 -0.48070217992089015
191 -0.2996163879473768
192 -0.25426717871959587
193 -0.49142830401411014
194 -0.48537680654253984
195 -0.2479308816986264
196 -0.4008963697556951
197 -0.43170400256432295
198 -0.44175723839361014
199 -0.19508635197769533
200 -0.18145986258198402
201 -0.15459769701931597
202 -0.08765961699061073
203 -0.19508635197769533
204 -0.20908518501566095
205 -0.19508635197769533
206 -0.19508635197769533
207 -0.19508635197769533
208 0.41401111450764194
209 -0.06502878394627197
210 -0.19508635197769533
211 -0.49142830401411014
212 -0.45652309135282243
213 -0.06087549943993831
214 -0.45159757077720725
215 -0.19529080338253976
216 -0.44829066388218813
217 -0.4919334259424796
218 -0.4561830827689537
219 -0.3212485756689545
220 -0.33978539729308266
221 0.165233121652333
222 -0.4330503849219483
223 -0.28801122857830297
224 0.26363842179500424
225 -0.33400461672924536
226 -0.09085314442092898
227 -0.07312593905476406
228 0.27946318498907896
229 0.96707378656707
230 -0.10181326829231538
231 -0.2208913539672184
232 0.04106091134226812
233 -0.1182630731822517
234 0.005942797668630984
235 0.8364415685185977
236 -0.18493836978792672
237 -0.21535995167259683
238 -0.1401464939571175
239 0.27682950847649257
240 -0.19508635197769533
241 -0.49142830401411014
242 -0.48980879912872166
243 -0.4887814982695111
244 -0.4886317848939783
245 -0.48537680654253984
246 -0.48070217992089015
247 -0.4919334259424796
248 -0.47715973778104653
249 -0.46709265233295943
250 -0.44175723839361014
251 -0.44132645344824967
252 -0.4330503849219483
253 -0.4008963697556951
254 -0.39632506763318487
255 -0.3914007635040911
256 -0.2996163879473768
257 -0.25426717871959587
258 -0.2479308816986264
259 -0.20908518501566095
260 -0.19508635197769533
261 -0.2208913539672184
262 -0.19508635197769533
263 -0.19508635197769533
264 -0.19508635197769533
265 -0.19508635197769533
266 -0.18493836978792672
267 -0.21535995167259683
268 -0.1401464939571175
269 -0.06502878394627197
270 -0.19508635197769533
271 -0.4919334259424796
272 -0.48660640936572097
273 -0.36989274631262653
274 -0.47672097807149466
275 -0.44131392314377554
276 -0.38573687482019664
277 -0.35557680213649356
278 -0.481326566536696
279 -0.12595900356241777
280 -0.45174494306582474
281 -0.3931760427898033
282 -0.4171726229146974
283 -0.4635503259763418
284 -0.31048560891323945
285 -0.4488405854768516
286 0.4994601153563107
287 0.7227715150492867
288 1.6802369271067292
289 0.7936470074991968
290 -0.46676276618249607
291 -0.16179420744318143
292 0.8365188917767422
293 -0.06840653359250545
294 -0.03385323025505703
295 -0.0328683502440991
296 -0.4640994175944753
297 -0.02898828736174638
298 -0.06502878394627197
299 0.10726171073281324
300 -0.19508635197769533
301 -0.4919334259424796
302 -0.49142830401411014
303 -0.48980879912872166
304 -0.4887814982695111
305 -0.4886317848939783
306 -0.48537680654253984
307 -0.48070217992089015
308 -0.481326566536696
309 -0.46709265233295943
310 -0.45174494306582474
311 -0.44132645344824967
312 -0.4330503849219483
313 -0.4635503259763418
314 -0.39632506763318487
315 -0.4488405854768516
316 -0.2996163879473768
317 -0.25426717871959587
318 -0.2479308816986264
319 -0.2208913539672184
320 -0.46676276618249607
321 -0.20908518501566095
322 -0.19508635197769533
323 -0.19508635197769533
324 -0.19508635197769533
325 -0.19508635197769533
326 -0.4640994175944753
327 -0.19508635197769533
328 -0.18493836978792672
329 -0.1401464939571175
330 -0.19508635197769533
331 -0.4919334259424796
332 -0.35454439704823365
333 -0.04255325399755285
334 -0.4887196543614934
335 -0.09653547603882098
336 -0.4926890965951094
337 -0.3817129859874436
338 -0.42400336545774636
339 0.07774722185831653
340 0.9460283306022419
341 -0.49344404622664056
342 0.2842333777517891
343 0.12447379094800502
344 -0.17475718515143518
345 -0.1422183347631944
346 0.8025160972222067
347 -0.25510143696619686
348 0.09382894512754648
349 -0.08220643028929779
350 0.0650287840851514
351 0.3667708815207158
352 -0.057345702819867284
353 0.0650287840851514
354 0.007604199364684873
355 0.505807416242694
356 0.0650287840851514
357 0.33872682051949937
358 0.10422702206068749
359 0.8114650777178438
360 0.45020283663264316
361 -0.4919334259424796
362 -0.49142830401411014
363 -0.48980879912872166
364 -0.4887814982695111
365 -0.4886317848939783
366 -0.4926890965951094
367 -0.481326566536696
368 -0.48070217992089015
369 -0.46709265233295943
370 -0.46676276618249607
371 -0.49344404622664056
372 -0.4635503259763418
373 -0.45174494306582474
374 -0.4488405854768516
375 -0.44132645344824967
376 -0.4330503849219483
377 -0.39632506763318487
378 -0.2996163879473768
379 -0.25426717871959587
380 -0.2479308816986264
381 -0.2208913539672184
382 -0.20908518501566095
383 -0.19508635197769533
384 -0.19508635197769533
385 -0.19508635197769533
386 -0.19508635197769533
387 -0.19508635197769533
388 -0.19508635197769533
389 -0.18493836978792672
390 -0.1401464939571175
391 -0.49344404622664056
392 -0.4507159928641613
393 -0.1220222406847145
394 -0.49293647870008067
395 -0.44146037058279236
396 -0.16958793720219228
397 -0.39120927628555613
398 -0.44966380358437535
399 -0.014398816697939682
400 0.008750746270429405
401 -0.3397457148245483
402 -0.12225514322846205
403 -0.3929629848940952
404 -0.06744338377075526
405 0.43040406482543075
406 0.7828057847221106
407 -0.2522879788339101
408 -0.034096636883707974
409 0.1369748814385638
410 -0.14613619314696563
411 -0.19508635197769533
412 -0.049437597010074705
413 -0.19508635197769533
414 -0.19508635197769533
415 -0.19508635197769533
416 -0.19508635197769533
417 -0.19508635197769533
418 -0.19508635197769533
419 0.1950863521165748
420 -0.19508635197769533
421 -0.49344404622664056
422 -0.4926890965951094
423 -0.4919334259424796
424 -0.49293647870008067
425 -0.48980879912872166
426 -0.4887814982695111
427 -0.4886317848939783
428 -0.481326566536696
429 -0.48070217992089015
430 -0.46709265233295943
431 -0.46676276618249607
432 -0.4635503259763418
433 -0.45174494306582474
434 -0.4488405854768516
435 -0.44132645344824967
436 -0.4330503849219483
437 -0.39632506763318487
438 -0.2996163879473768
439 -0.25426717871959587
440 -0.2479308816986264
441 -0.2208913539672184
442 -0.20908518501566095
443 -0.19508635197769533
444 -0.19508635197769533
445 -0.19508635197769533
446 -0.19508635197769533
447 -0.19508635197769533
448 -0.19508635197769533
449 -0.18493836978792672
450 -0.19508635197769533
451 -0.49344404622664056
452 -0.40475637226472866
453 -0.3437823036932409
454 -0.4418157968158616
455 -0.49252743322488274
456 0.00610742976599335
457 -0.010503628860068712
458 -0.48949767795334254
459 -0.13147710010766772
460 0.4412616604504499
461 0.33063325482674755
462 -0.3082277624519762
463 -0.1351643990612508
464 -0.23775275465279758
465 1.0677630997248575
466 -0.18758476857067563
467 -0.31180501624723267
468 0.5055814414699169
469 0.0650287840851514
470 0.0650287840851514
471 0.0650287840851514
472 0.0650287840851514
473 -0.08848061996122307
474 0.1910756374310218
475 -0.0727988592901978
476 0.26591937623764467
477 0.0650287840851514
478 0.04049253774762991
479 0.03254742252768688
480 0.0650287840851514
481 -0.49344404622664056
482 -0.49293647870008067
483 -0.4926890965951094
484 -0.4919334259424796
485 -0.49252743322488274
486 -0.4887814982695111
487 -0.4886317848939783
488 -0.48949767795334254
489 -0.48070217992089015
490 -0.46709265233295943
491 -0.46676276618249607
492 -0.4635503259763418
493 -0.45174494306582474
494 -0.4488405854768516
495 -0.44132645344824967
496 -0.4330503849219483
497 -0.39632506763318487
498 -0.2996163879473768
499 -0.25426717871959587
500 -0.2479308816986264
501 -0.2208913539672184
502 -0.20908518501566095
503 -0.19508635197769533
504 -0.19508635197769533
505 -0.19508635197769533
506 -0.19508635197769533
507 -0.19508635197769533
508 -0.19508635197769533
509 -0.19508635197769533
510 -0.18493836978792672
511 -0.49344404622664056
512 -0.43461641548840524
513 -0.4959131177217638
514 0.0013641257213451597
515 0.06675806845741106
516 0.03450966881638389
517 -0.49526143750787843
518 -0.4966305905345369
519 0.182389650258391
520 1.0676977435478252
521 1.1669147201476082
522 1.321085595786636
523 0.3328437063650493
524 -0.27297865383677067
525 0.43321994143056186
526 0.03295427862295973
527 0.32514392014799814
528 -0.213438211417951
529 -0.480521440164625
530 0.32514392014799814
531 -0.3251439200091187
532 0.32514392014799814
533 -0.3251439200091187
534 -0.3251439200091187
535 -0.3251439200091187
536 0.32514392014799814
537 0.32514392014799814
538 -0.3251439200091187
539 0.32514392014799814
540 0.32514392014799814
541 -0.49344404622664056
542 -0.49293647870008067
543 -0.4959131177217638
544 -0.49252743322488274
545 -0.4919334259424796
546 -0.48949767795334254
547 -0.49526143750787843
548 -0.4966305905345369
549 -0.48070217992089015
550 -0.46709265233295943
551 -0.46676276618249607
552 -0.4635503259763418
553 -0.45174494306582474
554 -0.4488405854768516
555 -0.44132645344824967
556 -0.4330503849219483
557 -0.39632506763318487
558 -0.2996163879473768
559 -0.480521440164625
560 -0.2479308816986264
561 -0.3251439200091187
562 -0.20908518501566095
563 -0.3251439200091187
564 -0.3251439200091187
565 -0.3251439200091187
566 -0.19508635197769533
567 -0.19508635197769533
568 -0.3251439200091187
569 -0.19508635197769533
570 -0.18493836978792672
571 -0.4966305905345369
572 -0.4128133687237012
573 -0.43334742526000175
574 -0.31661450246709605
575 -0.4924911295018562
576 -0.49670476698672716
577 0.011867124306789711
578 -0.49657738864960843
579 -0.4551850105916049
580 -0.39948357871568385
581 0.4776607091950535
582 -0.3585957961902418
583 0.21591546379885593
584 0.5159878922262658
585 -0.4129967741303306
586 -0.04498215193092671
587 -0.33720515621992087
588 0.39157807897057817
589 0.1950863521165748
590 0.1950863521165748
591 0.5055670129385055
592 0.1950863521165748
593 0.9271428621310394
594 0.1950863521165748
595 0.1950863521165748
596 0.1950863521165748
597 0.6343238106270145
598 0.1950863521165748
599 0.0650287840851514
600 0.1950863521165748
601 -0.4966305905345369
602 -0.4959131177217638
603 -0.49526143750787843
604 -0.49344404622664056
605 -0.49293647870008067
606 -0.49670476698672716
607 -0.4919334259424796
608 -0.49657738864960843
609 -0.48070217992089015
610 -0.480521440164625
611 -0.46709265233295943
612 -0.46676276618249607
613 -0.4635503259763418
614 -0.45174494306582474
615 -0.4488405854768516
616 -0.44132645344824967
617 -0.4330503849219483
618 -0.39632506763318487
619 -0.3251439200091187
620 -0.3251439200091187
621 -0.3251439200091187
622 -0.3251439200091187
623 -0.3251439200091187
624 -0.2996163879473768
625 -0.2479308816986264
626 -0.20908518501566095
627 -0.19508635197769533
628 -0.19508635197769533
629 -0.19508635197769533
630 -0.18493836978792672
631 -0.49670476698672716
632 -0.44756516262269486
633 -0.49625498392398365
634 -0.2654239844023416
635 -0.31753638384588334
636 -0.4909658585820888
637 -0.03667172279814538
638 -0.4452876738535665
639 0.03615840544937729
640 0.5936695667616632
641 -0.48891651741745
642 -0.23722388363171945
643 0.9601978993832573
644 0.1461682827728785
645 0.7681198825418005
646 -0.1813874961861751
647 0.3463282761509629
648 0.1950863521165748
649 -0.28336478598846687
650 0.1950863521165748
651 0.1950863521165748
652 0.1950863521165748
653 0.1950863521165748
654 0.1950863521165748
655 0.1950863521165748
656 0.1950863521165748
657 0.1950863521165748
658 0.1950863521165748
659 -0.19508635197769533
660 0.1950863521165748
661 -0.49670476698672716
662 -0.4966305905345369
663 -0.49657738864960843
664 -0.4959131177217638
665 -0.49526143750787843
666 -0.49344404622664056
667 -0.49293647870008067
668 -0.4919334259424796
669 -0.48070217992089015
670 -0.480521440164625
671 -0.48891651741745
672 -0.46676276618249607
673 -0.4635503259763418
674 -0.45174494306582474
675 -0.4488405854768516
676 -0.44132645344824967
677 -0.4330503849219483
678 -0.39632506763318487
679 -0.3251439200091187
680 -0.3251439200091187
681 -0.3251439200091187
682 -0.3251439200091187
683 -0.3251439200091187
684 -0.2996163879473768
685 -0.2479308816986264
686 -0.20908518501566095
687 -0.19508635197769533
688 -0.19508635197769533
689 -0.19508635197769533
690 -0.18493836978792672
691 -0.49670476698672716
692 -0.46803507691426016
693 -0.4970702151200645
694 -0.4958622115706144
695 -0.49519451420441934
696 -0.4964277985449114
697 -0.4963896891667984
698 1.120419118637044
699 1.0262408058292276
700 0.16349343944969189
701 0.1950863521165748
702 0.1119772202431877
703 0.1950863521165748
704 0.2654173122718291
705 0.1950863521165748
706 0.1950863521165748
707 -0.19508635197769533
708 0.1950863521165748
709 0.1950863521165748
710 0.1950863521165748
711 0.1950863521165748
712 0.1950863521165748
713 -0.19508635197769533
714 0.1950863521165748
715 0.1950863521165748
716 0.1950863521165748
717 0.1950863521165748
718 0.1950863521165748
719 0.1950863521165748
720 0.1950863521165748
721 -0.49670476698672716
722 -0.4966305905345369
723 -0.4970702151200645
724 -0.4959131177217638
725 -0.49526143750787843
726 -0.4964277985449114
727 -0.4963896891667984
728 -0.4919334259424796
729 -0.48891651741745
730 -0.48070217992089015
731 -0.480521440164625
732 -0.46676276618249607
733 -0.4635503259763418
734 -0.45174494306582474
735 -0.4488405854768516
736 -0.44132645344824967
737 -0.4330503849219483
738 -0.39632506763318487
739 -0.3251439200091187
740 -0.3251439200091187
741 -0.3251439200091187
742 -0.3251439200091187
743 -0.3251439200091187
744 -0.2996163879473768
745 -0.2479308816986264
746 -0.20908518501566095
747 -0.19508635197769533
748 -0.19508635197769533
749 -0.19508635197769533
750 -0.18493836978792672
751 -0.4970702151200645
752 -0.49683513911268606
753 -0.49723841276445213
754 -0.49514628425202234
755 -0.21935218561284708
756 -0.03197010997285368
757 0.34467069055883703
758 -0.31702310426294467
759 -0.17040966517479667
760 -0.06502878394627197
761 0.8179540302519334
762 1.7570233076483146
763 -0.06502878394627197
764 -0.06502878394627197
765 -0.014605038855890921
766 -0.06502878394627197
767 -0.06502878394627197
768 0.0650287840851514
769 -0.06502878394627197
770 0.0650287840851514
771 -0.06502878394627197
772 -0.06502878394627197
773 -0.06502878394627197
774 -0.06502878394627197
775 -0.06502878394627197
776 -0.06502878394627197
777 -0.06502878394627197
778 -0.06502878394627197
779 -0.06502878394627197
780 -0.06502878394627197
781 -0.4970702151200645
782 -0.49683513911268606
783 -0.49723841276445213
784 -0.4964277985449114
785 -0.4963896891667984
786 -0.4959131177217638
787 -0.49526143750787843
788 -0.4919334259424796
789 -0.48891651741745
790 -0.48070217992089015
791 -0.480521440164625
792 -0.46676276618249607
793 -0.4635503259763418
794 -0.45174494306582474
795 -0.4488405854768516
796 -0.44132645344824967
797 -0.4330503849219483
798 -0.39632506763318487
799 -0.3251439200091187
800 -0.3251439200091187
801 -0.3251439200091187
802 -0.3251439200091187
803 -0.3251439200091187
804 -0.2996163879473768
805 -0.2479308816986264
806 -0.20908518501566095
807 -0.19508635197769533
808 -0.19508635197769533
809 -0.19508635197769533
810 -0.18493836978792672
811 -0.49723841276445213
812 -0.49727109395138713
813 -0.38562999614157306
814 -0.24722989816170005
815 -0.13107092085024907
816 -0.4738387435706004
817 0.2699261418403408
818 -0.12475551243840796
819 -0.4488780908878002
820 0.9932359689334079
821 -0.14291962150687657
822 -0.06502878394627197
823 -0.03063123773747669
824 -0.06502878394627197
825 -0.06502878394627197
826 0.0650287840851514
827 -0.06502878394627197
828 -0.06502878394627197
829 0.0650287840851514
830 -0.06502878394627197
831 0.0650287840851514
832 -0.06502878394627197
833 -0.06502878394627197
834 0.0650287840851514
835 -0.06502878394627197
836 -0.06502878394627197
837 -0.06502878394627197
838 -0.06502878394627197
839 -0.06502878394627197
840 -0.06502878394627197
841 -0.49723841276445213
842 -0.49727109395138713
843 -0.49683513911268606
844 -0.4964277985449114
845 -0.4963896891667984
846 -0.4959131177217638
847 -0.49526143750787843
848 -0.4919334259424796
849 -0.48891651741745
850 -0.48070217992089015
851 -0.480521440164625
852 -0.46676276618249607
853 -0.4635503259763418
854 -0.45174494306582474
855 -0.4488405854768516
856 -0.44132645344824967
857 -0.4330503849219483
858 -0.39632506763318487
859 -0.3251439200091187
860 -0.3251439200091187
861 -0.3251439200091187
862 -0.3251439200091187
863 -0.3251439200091187
864 -0.2996163879473768
865 -0.2479308816986264
866 -0.20908518501566095
867 -0.19508635197769533
868 -0.19508635197769533
869 -0.19508635197769533
870 -0.18493836978792672
871 -0.49727109395138713
872 -0.49765850123894056
873 -0.49792935826651846
874 -0.4849480770278938
875 0.13934230848683102
876 0.3292858773358978
877 0.0650287840851514
878 0.0650287840851514
879 0.0650287840851514
880 0.0650287840851514
881 0.0650287840851514
882 0.0650287840851514
883 0.0650287840851514
884 0.0650287840851514
885 -0.06502878394627197
886 0.0650287840851514
887 0.0650287840851514
888 0.0650287840851514
889 -0.06502878394627197
890 0.0650287840851514
891 0.0650287840851514
892 0.0650287840851514
893 0.0650287840851514
894 0.0650287840851514
895 -0.06502878394627197
896 0.0650287840851514
897 0.0650287840851514
898 0.0650287840851514
899 -0.06502878394627197
900 0.0650287840851514
901 -0.49727109395138713
902 -0.49765850123894056
903 -0.49792935826651846
904 -0.4964277985449114
905 -0.4963896891667984
906 -0.4959131177217638
907 -0.49526143750787843
908 -0.4919334259424796
909 -0.48891651741745
910 -0.48070217992089015
911 -0.480521440164625
912 -0.46676276618249607
913 -0.4635503259763418
914 -0.45174494306582474
915 -0.4488405854768516
916 -0.44132645344824967
917 -0.4330503849219483
918 -0.39632506763318487
919 -0.3251439200091187
920 -0.3251439200091187
921 -0.3251439200091187
922 -0.3251439200091187
923 -0.3251439200091187
924 -0.2996163879473768
925 -0.2479308816986264
926 -0.20908518501566095
927 -0.19508635197769533
928 -0.19508635197769533
929 -0.19508635197769533
930 -0.18493836978792672
931 -0.49792935826651846
932 -0.49789512795572566
933 -0.49735396219535744
934 -0.38119678796821604
935 -0.4972809369539201
936 0.4050380940670837
937 -0.27837878148781176
938 -0.06502878394627197
939 -0.06502878394627197
940 -0.06502878394627197
941 0.0650287840851514
942 -0.06502878394627197
943 -0.06502878394627197
944 0.0650287840851514
945 -0.06502878394627197
946 0.0650287840851514
947 -0.06502878394627197
948 -0.06502878394627197
949 0.0650287840851514
950 0.0650287840851514
951 0.0650287840851514
952 -0.06502878394627197
953 -0.06502878394627197
954 -0.06502878394627197
955 -0.06502878394627197
956 0.0650287840851514
957 -0.06502878394627197
958 -0.06502878394627197
959 0.0650287840851514
960 0.0650287840851514
961 -0.49792935826651846
962 -0.49789512795572566
963 -0.49735396219535744
964 -0.4964277985449114
965 -0.4972809369539201
966 -0.4959131177217638
967 -0.49526143750787843
968 -0.4919334259424796
969 -0.48891651741745
970 -0.48070217992089015
971 -0.480521440164625
972 -0.46676276618249607
973 -0.4635503259763418
974 -0.45174494306582474
975 -0.4488405854768516
976 -0.44132645344824967
977 -0.4330503849219483
978 -0.39632506763318487
979 -0.3251439200091187
980 -0.3251439200091187
981 -0.3251439200091187
982 -0.3251439200091187
983 -0.3251439200091187
984 -0.2996163879473768
985 -0.2479308816986264
986 -0.20908518501566095
987 -0.19508635197769533
988 -0.19508635197769533
989 -0.19508635197769533
990 -0.18493836978792672
evaluations raw_y
1 2.3783162513339358
2 0.2786981513865089
3 2.304094282737614
4 0.8758403220277293
5 1.6231770103789351
6 0.5101962738352369
7 2.7609009637861686
8 1.0127610068530695
9 1.929621212603624
10 2.2306971611315127
11 1.4601834532667877
12 -0.05748471902844112
13 0.5733946186413211
14 1.8465291248941706
15 1.3137428187830764
16 0.2604086904753822
17 1.7354520896710741
18 1.6868371974437386
19 -0.011231181464662066
20 0.4033125663838339
21 0.2287917024580708
22 1.496307780760175
23 1.6166853574064337
24 1.5863105684030372
25 0.862551523825413
26 0.01840353077246651
27 0.7951248869472329
28 0.7092164358905775
29 0.008571657494655396
30 -0.15363515780798986
31 -0.15363515780798986
32 1.7139163236728445
33 0.9037166823117386
34 1.4792657702262586
35 0.8718698610072717
36 0.05787042224726911
37 0.5708275952171848
38 -0.2449528776454506
39 0.7043531987383111
40 0.12315332008211141
41 0.8611913846235979
42 0.8273265104665911
43 0.032669817687966986
44 1.5290053741037457
45 3.5810754030035388
46 0.14434549729255958
47 -0.05864603914188211
48 1.290117497586857
49 0.4361771921710115
50 -0.12222938162695314
51 1.6086833796230073
52 0.03822726457894654
53 -0.2156553545890721
54 0.24607828673715895
55 0.060947930812600665
56 -0.17049784717884506
57 -0.23442224784636762
58 -0.06502878394627197
59 0.2519580513587072
60 1.0384449961343916
61 -0.15363515780798986
62 -0.05748471902844112
63 -0.011231181464662066
64 0.008571657494655396
65 0.01840353077246651
66 0.05787042224726911
67 0.2604086904753822
68 -0.2449528776454506
69 0.4033125663838339
70 0.12315332008211141
71 0.5733946186413211
72 0.7092164358905775
73 0.032669817687966986
74 0.862551523825413
75 0.8758403220277293
76 0.14434549729255958
77 -0.05864603914188211
78 1.290117497586857
79 0.4361771921710115
80 -0.12222938162695314
81 1.6086833796230073
82 0.03822726457894654
83 -0.2156553545890721
84 0.24607828673715895
85 0.060947930812600665
86 -0.17049784717884506
87 -0.23442224784636762
88 -0.06502878394627197
89 0.2519580513587072
90 1.0384449961343916
91 -0.2449528776454506
92 -0.25257998395179143
93 0.052960654269940365
94 -0.21027244605444315
95 0.9121040458614682
96 0.5532248239413544
97 0.29957338464045
98 -0.0062953808301904855
99 1.6309579429910843
100 0.9852288830435696
101 0.9311460862767771
102 2.1316400115173018
103 0.09161179522517687
104 1.8192785138635066
105 0.3754565888548068
106 1.5818174546247352
107 1.8299932281373403
108 0.6868965082308558
109 1.1628326780768063
110 -0.09588756020016503
111 -0.20956418975758995
112 1.6223415353855892
113 -0.24997488585729905
114 0.06603363579820141
115 0.5048141557068774
116 -0.24443459379486443
117 0.024765686373824397
118 0.09578299857474709
119 0.09497585497626772
120 -0.11196111330808595
121 -0.2449528776454506
122 -0.25257998395179143
123 -0.2156553545890721
124 -0.21027244605444315
125 -0.15363515780798986
126 -0.12222938162695314
127 -0.06502878394627197
128 -0.05864603914188211
129 -0.05748471902844112
130 -0.011231181464662066
131 0.008571657494655396
132 0.01840353077246651
133 0.032669817687966986
134 0.03822726457894654
135 0.05787042224726911
136 0.060947930812600665
137 0.12315332008211141
138 0.14434549729255958
139 0.24607828673715895
140 -0.09588756020016503
141 -0.20956418975758995
142 0.4033125663838339
143 -0.24997488585729905
144 0.06603363579820141
145 0.5048141557068774
146 -0.24443459379486443
147 0.024765686373824397
148 0.09578299857474709
149 0.09497585497626772
150 -0.11196111330808595
151 -0.25257998395179143
152 -0.06910073938987174
153 -0.18383562842891132
154 0.07681430398620351
155 0.11359524237021565
156 0.11503084686438025
157 -0.27794048143671574
158 0.2823593559215919
159 -0.13381641942602085
160 0.9364948743909769
161 0.25061061388307165
162 0.4625269247660959
163 1.1499515476981876
164 0.33247863727153315
165 0.07088944624020761
166 0.6936716163685198
167 0.0650287840851514
168 0.10339560199720443
169 -0.27691573800986813
170 -0.14954097723616036
171 -0.06144576394667084
172 -0.16714899430062202
173 -0.037969588457405376
174 -0.06502878394627197
175 -0.16335830789637848
176 -0.12437126569099131
177 0.0650287840851514
178 -0.06502878394627197
179 -0.06502878394627197
180 -0.06502878394627197
181 -0.25257998395179143
182 -0.24997488585729905
183 -0.2449528776454506
184 -0.24443459379486443
185 -0.2156553545890721
186 -0.21027244605444315
187 -0.27794048143671574
188 -0.15363515780798986
189 -0.13381641942602085
190 -0.11196111330808595
191 -0.09588756020016503
192 -0.06502878394627197
193 -0.05864603914188211
194 -0.05748471902844112
195 -0.011231181464662066
196 0.008571657494655396
197 0.01840353077246651
198 0.024765686373824397
199 -0.27691573800986813
200 -0.14954097723616036
201 -0.06144576394667084
202 -0.16714899430062202
203 -0.037969588457405376
204 -0.06502878394627197
205 -0.16335830789637848
206 -0.12437126569099131
207 0.0650287840851514
208 -0.06502878394627197
209 -0.06502878394627197
210 -0.06502878394627197
211 -0.27794048143671574
212 -0.35915623134307106
213 -0.27862229136706246
214 0.8126272597487906
215 -0.19369726068853244
216 -0.2515955620778628
217 0.5124989004212968
218 -0.23715336963836242
219 0.47056271301117925
220 0.047231140903467146
221 -0.27573103139677496
222 -0.2675133586542694
223 0.9368391234304547
224 -0.13906822794999418
225 -0.21083388068678457
226 -0.31746874798801605
227 -0.11755008922999004
228 1.3791962392775468
229 0.7129809794986698
230 0.34577952125684674
231 -0.05163935758970035
232 -0.23674237353980307
233 -0.24558755926348352
234 -0.2236236939594976
235 -0.2120839450502173
236 -0.19508635197769533
237 -0.19508635197769533
238 -0.19508635197769533
239 -0.2750005886569938
240 -0.19508635197769533
241 -0.27794048143671574
242 -0.35915623134307106
243 -0.27862229136706246
244 -0.24997488585729905
245 -0.2449528776454506
246 -0.2515955620778628
247 -0.2156553545890721
248 -0.23715336963836242
249 -0.16714899430062202
250 -0.16335830789637848
251 -0.27573103139677496
252 -0.2675133586542694
253 -0.13381641942602085
254 -0.13906822794999418
255 -0.21083388068678457
256 -0.31746874798801605
257 -0.11755008922999004
258 -0.06502878394627197
259 -0.06502878394627197
260 -0.06502878394627197
261 -0.06502878394627197
262 -0.23674237353980307
263 -0.24558755926348352
264 -0.2236236939594976
265 -0.2120839450502173
266 -0.19508635197769533
267 -0.19508635197769533
268 -0.19508635197769533
269 -0.2750005886569938
270 -0.19508635197769533
271 -0.35915623134307106
272 -0.3521070958005312
273 -0.3145135648114268
274 -0.2583904219699728
275 -0.3019018833529952
276 -0.4140441427918828
277 -0.3081686228571003
278 -0.3239365891183672
279 -0.3301620385388591
280 -0.21191794309698714
281 -0.2887567075907906
282 -0.24127777224701955
283 -0.3235695450885915
284 0.28552867010012317
285 -0.35872787992519456
286 -0.2962397882630762
287 -0.3585960329100279
288 -0.32290406681856243
289 -0.16015073287305565
290 -0.30500652307245546
291 -0.32233581542107914
292 -0.27734057101213383
293 -0.18883975852446058
294 -0.29075195498947964
295 0.32364345479975176
296 -0.19508635197769533
297 -0.3251439200091187
298 0.010197872100204286
299 -0.3251439200091187
300 0.36090098796403863
301 -0.35915623134307106
302 -0.3521070958005312
303 -0.3145135648114268
304 -0.27794048143671574
305 -0.3019018833529952
306 -0.4140441427918828
307 -0.3081686228571003
308 -0.3239365891183672
309 -0.3301620385388591
310 -0.24558755926348352
311 -0.2887567075907906
312 -0.24127777224701955
313 -0.3235695450885915
314 -0.2236236939594976
315 -0.35872787992519456
316 -0.2962397882630762
317 -0.3585960329100279
318 -0.32290406681856243
319 -0.19508635197769533
320 -0.30500652307245546
321 -0.32233581542107914
322 -0.27734057101213383
323 -0.18883975852446058
324 -0.29075195498947964
325 -0.13381641942602085
326 -0.19508635197769533
327 -0.3251439200091187
328 -0.06502878394627197
329 -0.3251439200091187
330 -0.06502878394627197
331 -0.4140441427918828
332 -0.4081995373565078
333 -0.3744951346539911
334 -0.17014387484940338
335 -0.29316062610489635
336 -0.22981012148118332
337 0.013266846210658238
338 -0.25019514240694085
339 -0.039881535505251156
340 -0.1804111872419631
341 0.07489016675412487
342 -0.4586470252820276
343 -0.1708036977412256
344 -0.22145258914558072
345 -0.3906933889555447
346 -0.07007209891277036
347 -0.36057200801698924
348 -0.1058382223186458
349 0.5300597352879538
350 -0.312800256017577
351 -0.42404929542392494
352 0.4284012094155118
353 1.5793935878861949
354 -0.14680691614378374
355 -0.12052959336384172
356 -0.34842563347345284
357 -0.27705362756749474
358 -0.13814966384303626
359 0.1950863521165748
360 0.7308988261818059
361 -0.4140441427918828
362 -0.4081995373565078
363 -0.3744951346539911
364 -0.3585960329100279
365 -0.3521070958005312
366 -0.3301620385388591
367 -0.3251439200091187
368 -0.3251439200091187
369 -0.3239365891183672
370 -0.3235695450885915
371 -0.32290406681856243
372 -0.4586470252820276
373 -0.3145135648114268
374 -0.3081686228571003
375 -0.3906933889555447
376 -0.3019018833529952
377 -0.36057200801698924
378 -0.29075195498947964
379 -0.2887567075907906
380 -0.312800256017577
381 -0.42404929542392494
382 -0.24558755926348352
383 -0.24127777224701955
384 -0.2236236939594976
385 -0.19508635197769533
386 -0.34842563347345284
387 -0.27705362756749474
388 -0.13814966384303626
389 -0.06502878394627197
390 -0.06502878394627197
391 -0.4586470252820276
392 -0.44895085227936105
393 -0.46157191135471515
394 -0.4590846041305175
395 -0.3957803905497502
396 -0.032196792122174515
397 -0.2506036020522836
398 -0.4517541874014403
399 -0.45739490637942903
400 -0.27279554058943145
401 -0.3607551775789501
402 -0.4571319064843633
403 0.8171055543993944
404 -0.065244225532781
405 -0.23730375474702348
406 0.0702646357697453
407 -0.19615837470875552
408 0.16343192893945463
409 -0.12261020342968389
410 0.40799907419678816
411 0.11603831123426822
412 -0.39330897357219397
413 -0.04867651419022155
414 -0.23922709068952983
415 0.0650287840851514
416 0.0650287840851514
417 0.8437899808057595
418 0.0650287840851514
419 0.0650287840851514
420 0.1654066426986745
421 -0.4586470252820276
422 -0.44895085227936105
423 -0.46157191135471515
424 -0.4590846041305175
425 -0.3957803905497502
426 -0.3744951346539911
427 -0.36057200801698924
428 -0.4517541874014403
429 -0.45739490637942903
430 -0.34842563347345284
431 -0.3607551775789501
432 -0.4571319064843633
433 -0.3251439200091187
434 -0.3239365891183672
435 -0.3235695450885915
436 -0.32290406681856243
437 -0.3145135648114268
438 -0.312800256017577
439 -0.3081686228571003
440 -0.3019018833529952
441 -0.29075195498947964
442 -0.39330897357219397
443 -0.27705362756749474
444 -0.24558755926348352
445 -0.24127777224701955
446 -0.2236236939594976
447 -0.19508635197769533
448 -0.13814966384303626
449 -0.06502878394627197
450 -0.06502878394627197
451 -0.46157191135471515
452 -0.39922363341147327
453 -0.1590602491617056
454 -0.3059293477933828
455 -0.28213206643343186
456 -0.4536710781280697
457 -0.448983814540779
458 -0.4293883748342856
459 0.0044936545101078385
460 -0.4489528840545619
461 1.2337437255046293
462 2.8302534302360667
463 -0.15115657312473482
464 -0.2614903804457375
465 0.07696811795947478
466 0.0650287840851514
467 0.0650287840851514
468 0.0650287840851514
469 0.0650287840851514
470 0.0650287840851514
471 -0.19686346080190098
472 0.22891424964694237
473 0.9909856272417876
474 0.0650287840851514
475 -0.18694482084623554
476 0.061580391466036055
477 0.0650287840851514
478 0.0650287840851514
479 0.0650287840851514
480 0.0650287840851514
481 -0.46157191135471515
482 -0.4590846041305175
483 -0.4586470252820276
484 -0.45739490637942903
485 -0.4571319064843633
486 -0.4536710781280697
487 -0.448983814540779
488 -0.4293883748342856
489 -0.39330897357219397
490 -0.4489528840545619
491 -0.3607551775789501
492 -0.36057200801698924
493 -0.34842563347345284
494 -0.3251439200091187
495 -0.3239365891183672
496 -0.3235695450885915
497 -0.32290406681856243
498 -0.3145135648114268
499 -0.312800256017577
500 -0.3081686228571003
501 -0.3019018833529952
502 -0.29075195498947964
503 -0.27705362756749474
504 -0.24558755926348352
505 -0.24127777224701955
506 -0.2236236939594976
507 -0.19508635197769533
508 -0.13814966384303626
509 -0.06502878394627197
510 -0.06502878394627197
511 -0.46157191135471515
512 -0.2575946348017472
513 -0.33871640276809184
514 -0.32024324817580524
515 -0.45374367988144354
516 0.0037035932597567207
517 -0.456048394906633
518 -0.37256593555354695
519 -0.2227614004123445
520 0.5287643603363505
521 -0.39716087318481286
522 -0.1148755053245075
523 -0.08758379883409614
524 0.8268770267741574
525 1.075967149953914
526 0.05894250151473021
527 -0.06502878394627197
528 -0.09846031812837798
529 -0.06502878394627197
530 -0.06502878394627197
531 1.1843853472363617
532 -0.06502878394627197
533 0.0650287840851514
534 -0.06502878394627197
535 -0.06502878394627197
536 -0.06502878394627197
537 0.0650287840851514
538 0.0650287840851514
539 -0.06502878394627197
540 -0.06502878394627197
541 -0.46157191135471515
542 -0.4590846041305175
543 -0.4586470252820276
544 -0.45739490637942903
545 -0.4571319064843633
546 -0.4536710781280697
547 -0.456048394906633
548 -0.4489528840545619
549 -0.4293883748342856
550 -0.39330897357219397
551 -0.39716087318481286
552 -0.36057200801698924
553 -0.34842563347345284
554 -0.3251439200091187
555 -0.3239365891183672
556 -0.3235695450885915
557 -0.32290406681856243
558 -0.3145135648114268
559 -0.312800256017577
560 -0.3081686228571003
561 -0.3019018833529952
562 -0.29075195498947964
563 -0.27705362756749474
564 -0.24558755926348352
565 -0.24127777224701955
566 -0.2236236939594976
567 -0.19508635197769533
568 -0.13814966384303626
569 -0.06502878394627197
570 -0.06502878394627197
571 -0.46157191135471515
572 -0.4614961979717159
573 -0.4632647660109727
574 -0.2883765673663174
575 -0.4583325034112559
576 -0.18136088775056486
577 -0.45352246946211666
578 -0.2605897829803054
579 -0.46291706631862656
580 0.43942890869348744
581 -0.4008323791518784
582 -0.2864038413361036
583 -0.15895264086285318
584 0.8235370057603475
585 0.6552851579929082
586 0.04190658541149483
587 0.4252982962099717
588 0.1950863521165748
589 0.6092529785485968
590 -0.19508635197769533
591 0.1950863521165748
592 0.1950863521165748
593 -0.19508635197769533
594 0.1950863521165748
595 0.1950863521165748
596 -0.19508635197769533
597 0.1950863521165748
598 -0.19508635197769533
599 0.1950863521165748
600 0.1950863521165748
601 -0.46157191135471515
602 -0.4614961979717159
603 -0.4632647660109727
604 -0.45739490637942903
605 -0.4583325034112559
606 -0.456048394906633
607 -0.4536710781280697
608 -0.4489528840545619
609 -0.46291706631862656
610 -0.39716087318481286
611 -0.4008323791518784
612 -0.36057200801698924
613 -0.34842563347345284
614 -0.3251439200091187
615 -0.3239365891183672
616 -0.3235695450885915
617 -0.32290406681856243
618 -0.3145135648114268
619 -0.312800256017577
620 -0.3081686228571003
621 -0.3019018833529952
622 -0.29075195498947964
623 -0.27705362756749474
624 -0.24558755926348352
625 -0.24127777224701955
626 -0.2236236939594976
627 -0.19508635197769533
628 -0.19508635197769533
629 -0.06502878394627197
630 -0.06502878394627197
631 -0.4632647660109727
632 -0.4632646795127206
633 -0.4551948859988141
634 -0.12977831133948822
635 -0.04082940209023552
636 -0.4204943563120445
637 -0.4609515615139416
638 -0.02657164686556367
639 -0.32755938621555125
640 -0.2401936178645638
641 -0.22238905485540392
642 -0.288214450135311
643 0.0650287840851514
644 -0.4314698498578084
645 -0.06034699564756759
646 -0.22941090864181835
647 0.5743236970406908
648 -0.2300542364858031
649 0.0650287840851514
650 0.0650287840851514
651 -0.1907765036731804
652 0.0650287840851514
653 0.0650287840851514
654 0.0650287840851514
655 -0.06502878394627197
656 0.0650287840851514
657 0.0650287840851514
658 -0.06502878394627197
659 0.0650287840851514
660 -0.06502878394627197
661 -0.4632647660109727
662 -0.4632646795127206
663 -0.46157191135471515
664 -0.4614961979717159
665 -0.4583325034112559
666 -0.45739490637942903
667 -0.4609515615139416
668 -0.4536710781280697
669 -0.4489528840545619
670 -0.4008323791518784
671 -0.39716087318481286
672 -0.36057200801698924
673 -0.34842563347345284
674 -0.4314698498578084
675 -0.3239365891183672
676 -0.3235695450885915
677 -0.32290406681856243
678 -0.3145135648114268
679 -0.312800256017577
680 -0.3081686228571003
681 -0.3019018833529952
682 -0.29075195498947964
683 -0.27705362756749474
684 -0.24558755926348352
685 -0.24127777224701955
686 -0.2236236939594976
687 -0.19508635197769533
688 -0.19508635197769533
689 -0.06502878394627197
690 -0.06502878394627197
691 -0.4632647660109727
692 -0.42389871450032995
693 -0.3149556763306256
694 -0.46140669720377225
695 -0.46113310916987255
696 -0.45665136983889637
697 1.0609920632334027
698 1.5343442162852752
699 0.14161428256480552
700 -0.056869004140006105
701 1.2203356972011163
702 -0.06502878394627197
703 -0.06502878394627197
704 0.0650287840851514
705 0.9802924794182293
706 0.0650287840851514
707 -0.06502878394627197
708 -0.06502878394627197
709 -0.06502878394627197
710 -0.06502878394627197
711 0.0650287840851514
712 -0.06502878394627197
713 -0.06502878394627197
714 -0.06502878394627197
715 -0.06502878394627197
716 -0.06502878394627197
717 0.0650287840851514
718 -0.06502878394627197
719 -0.06502878394627197
720 -0.06502878394627197
721 -0.4632647660109727
722 -0.4632646795127206
723 -0.46157191135471515
724 -0.4614961979717159
725 -0.46113310916987255
726 -0.4583325034112559
727 -0.45739490637942903
728 -0.4536710781280697
729 -0.4489528840545619
730 -0.4314698498578084
731 -0.4008323791518784
732 -0.39716087318481286
733 -0.36057200801698924
734 -0.34842563347345284
735 -0.3239365891183672
736 -0.3235695450885915
737 -0.32290406681856243
738 -0.3145135648114268
739 -0.312800256017577
740 -0.3081686228571003
741 -0.3019018833529952
742 -0.29075195498947964
743 -0.27705362756749474
744 -0.24558755926348352
745 -0.24127777224701955
746 -0.2236236939594976
747 -0.19508635197769533
748 -0.19508635197769533
749 -0.06502878394627197
750 -0.06502878394627197
751 -0.4632647660109727
752 -0.4627772542124986
753 -0.42217651121281147
754 -0.45700763390515453
755 -0.06513279301432742
756 -0.458055796690017
757 0.025379131693822887
758 -0.057650654394316034
759 -0.06502878394627197
760 -0.08702835749036161
761 0.7292367964637695
762 0.9863070791589913
763 -0.06502878394627197
764 -0.06502878394627197
765 -0.06502878394627197
766 -0.06502878394627197
767 0.0650287840851514
768 0.0650287840851514
769 -0.06502878394627197
770 0.0650287840851514
771 -0.06502878394627197
772 -0.06502878394627197
773 0.0650287840851514
774 -0.06502878394627197
775 -0.06502878394627197
776 0.0650287840851514
777 -0.06502878394627197
778 -0.06502878394627197
779 -0.06502878394627197
780 0.0650287840851514
781 -0.4632647660109727
782 -0.4632646795127206
783 -0.46157191135471515
784 -0.4614961979717159
785 -0.46113310916987255
786 -0.4583325034112559
787 -0.45739490637942903
788 -0.4536710781280697
789 -0.4489528840545619
790 -0.4314698498578084
791 -0.4008323791518784
792 -0.39716087318481286
793 -0.36057200801698924
794 -0.34842563347345284
795 -0.3239365891183672
796 -0.3235695450885915
797 -0.32290406681856243
798 -0.3145135648114268
799 -0.312800256017577
800 -0.3081686228571003
801 -0.3019018833529952
802 -0.29075195498947964
803 -0.27705362756749474
804 -0.24558755926348352
805 -0.24127777224701955
806 -0.2236236939594976
807 -0.19508635197769533
808 -0.19508635197769533
809 -0.06502878394627197
810 -0.06502878394627197
811 -0.4632647660109727
812 -0.4296738013781651
813 -0.44199919393916764
814 -0.46280864027963997
815 -0.4627784312168048
816 -0.13675478896966334
817 -0.38338806928821295
818 -0.1883568591475285
819 0.09954096632442042
820 -0.057914072657715795
821 -0.09956688934462941
822 0.0650287840851514
823 0.0650287840851514
824 -0.06502878394627197
825 -0.06502878394627197
826 -0.06502878394627197
827 -0.06502878394627197
828 -0.06502878394627197
829 -0.06502878394627197
830 -0.06502878394627197
831 -0.06502878394627197
832 -0.06502878394627197
833 0.0650287840851514
834 -0.06502878394627197
835 -0.06502878394627197
836 -0.06502878394627197
837 -0.06502878394627197
838 -0.06502878394627197
839 -0.06502878394627197
840 0.0650287840851514
841 -0.4632647660109727
842 -0.4632646795127206
843 -0.46157191135471515
844 -0.46280864027963997
845 -0.4627784312168048
846 -0.4583325034112559
847 -0.45739490637942903
848 -0.4536710781280697
849 -0.4489528840545619
850 -0.4314698498578084
851 -0.4008323791518784
852 -0.39716087318481286
853 -0.36057200801698924
854 -0.34842563347345284
855 -0.3239365891183672
856 -0.3235695450885915
857 -0.32290406681856243
858 -0.3145135648114268
859 -0.312800256017577
860 -0.3081686228571003
861 -0.3019018833529952
862 -0.29075195498947964
863 -0.27705362756749474
864 -0.24558755926348352
865 -0.24127777224701955
866 -0.2236236939594976
867 -0.19508635197769533
868 -0.19508635197769533
869 -0.06502878394627197
870 -0.06502878394627197
871 -0.4632647660109727
872 -0.45693357146745206
873 -0.4201347438217503
874 -0.17486893263354855
875 -0.15385787083589925
876 1.6801090548406632
877 -0.3856957348231037
878 0.3204531938591382
879 -0.44182727225623747
880 0.0650287840851514
881 -0.06502878394627197
882 0.0650287840851514
883 0.0650287840851514
884 0.0650287840851514
885 0.0650287840851514
886 -0.06502878394627197
887 0.0650287840851514
888 -0.06502878394627197
889 0.0650287840851514
890 0.0650287840851514
891 0.0650287840851514
892 -0.06502878394627197
893 0.0650287840851514
894 0.0650287840851514
895 0.0650287840851514
896 0.0650287840851514
897 0.0650287840851514
898 0.0650287840851514
899 0.0650287840851514
900 -0.06502878394627197
901 -0.4632647660109727
902 -0.4632646795127206
903 -0.46280864027963997
904 -0.4627784312168048
905 -0.46157191135471515
906 -0.4583325034112559
907 -0.45739490637942903
908 -0.4536710781280697
909 -0.4489528840545619
910 -0.4314698498578084
911 -0.4008323791518784
912 -0.39716087318481286
913 -0.36057200801698924
914 -0.34842563347345284
915 -0.3239365891183672
916 -0.3235695450885915
917 -0.32290406681856243
918 -0.3145135648114268
919 -0.312800256017577
920 -0.3081686228571003
921 -0.3019018833529952
922 -0.29075195498947964
923 -0.27705362756749474
924 -0.24558755926348352
925 -0.24127777224701955
926 -0.2236236939594976
927 -0.19508635197769533
928 -0.19508635197769533
929 -0.06502878394627197
930 -0.06502878394627197
931 -0.4632647660109727
932 -0.46378188922580527
933 -0.4659546937519437
934 -0.33944629698558454
935 -0.03039367711962599
936 0.8739510665572514
937 -0.42958356955837446
938 -0.06502878394627197
939 -0.06502878394627197
940 -0.06502878394627197
941 -0.06502878394627197
942 -0.06502878394627197
943 -0.06502878394627197
944 -0.06502878394627197
945 -0.06502878394627197
946 -0.06502878394627197
947 -0.06502878394627197
948 -0.06502878394627197
949 0.0650287840851514
950 -0.06502878394627197
951 -0.06502878394627197
952 -0.06502878394627197
953 -0.06502878394627197
954 0.0650287840851514
955 -0.06502878394627197
956 0.0650287840851514
957 0.0650287840851514
958 -0.06502878394627197
959 -0.06502878394627197
960 -0.06502878394627197
961 -0.4632647660109727
962 -0.46378188922580527
963 -0.4659546937519437
964 -0.4627784312168048
965 -0.46157191135471515
966 -0.4583325034112559
967 -0.45739490637942903
968 -0.4536710781280697
969 -0.4489528840545619
970 -0.4314698498578084
971 -0.4008323791518784
972 -0.39716087318481286
973 -0.36057200801698924
974 -0.34842563347345284
975 -0.3239365891183672
976 -0.3235695450885915
977 -0.32290406681856243
978 -0.3145135648114268
979 -0.312800256017577
980 -0.3081686228571003
981 -0.3019018833529952
982 -0.29075195498947964
983 -0.27705362756749474
984 -0.24558755926348352
985 -0.24127777224701955
986 -0.2236236939594976
987 -0.19508635197769533
988 -0.19508635197769533
989 -0.06502878394627197
990 -0.06502878394627197
evaluations raw_y
1 1.8454466574238753
2 0.5036750700086773
3 0.5775940203177052
4 1.5374124289777535
5 1.5620519764394287
6 0.4235614105293581
7 0.20832477536205446
8 0.9827159571922641
9 1.914566360127832
10 1.10405756851539
11 1.8656946426072323
12 0.2782346465838297
13 1.2097383262142505
14 0.49050533906225896
15 1.3175060648465005
16 0.03424176413441636
17 0.9929880271088283
18 0.8334386826079427
19 0.9526451225680096
20 1.1447245387569782
21 0.12223388383982141
22 2.002699363440144
23 1.577640397328053
24 0.41988985259871536
25 0.8617482583631043
26 0.5593814096376553
27 1.021595061063232
28 -0.03339931176646861
29 0.0524516523483827
30 0.3629986011624299
31 -0.03339931176646861
32 -0.14889555182467748
33 -0.016248642662914536
34 -0.179580609880087
35 0.9396778676318506
36 1.6201631553155396
37 0.04561374136793492
38 0.15459253992950667
39 -0.02493627406592611
40 2.5525626534067234
41 1.2757736347635564
42 0.5555040092328688
43 1.9742032479858855
44 0.2517419063645884
45 -0.1291322748996672
46 1.858814125060619
47 2.6877932540737257
48 1.589612936892331
49 0.03728337414071877
50 0.24000051557376578
51 0.6130379917223904
52 1.7192454655344858
53 -0.22625298304828992
54 0.8399324245849875
55 1.0443427272604433
56 1.1990050187182724
57 0.36581346024152306
58 0.49280270615748417
59 0.37390934743029347
60 -0.06502878394627197
61 -0.03339931176646861
62 -0.14889555182467748
63 -0.016248642662914536
64 -0.179580609880087
65 0.20832477536205446
66 0.2782346465838297
67 0.04561374136793492
68 0.15459253992950667
69 -0.02493627406592611
70 0.49050533906225896
71 0.5036750700086773
72 0.5555040092328688
73 0.5775940203177052
74 0.2517419063645884
75 -0.1291322748996672
76 0.9526451225680096
77 0.9827159571922641
78 0.9929880271088283
79 0.03728337414071877
80 0.24000051557376578
81 0.6130379917223904
82 1.2097383262142505
83 -0.22625298304828992
84 0.8399324245849875
85 1.0443427272604433
86 1.1990050187182724
87 0.36581346024152306
88 0.49280270615748417
89 0.37390934743029347
90 -0.06502878394627197
91 -0.22625298304828992
92 -0.3251439200091187
93 -0.3161725019081101
94 -0.2771831218656777
95 -0.22900876377859875
96 0.7252288370535396
97 -0.25907103997387554
98 1.54731665378163
99 0.2821841349080326
100 0.22369752841692733
101 0.9782216696041853
102 0.22972241790178122
103 0.17980300922382195
104 -0.30404519223599447
105 1.9427548402048762
106 -0.08177610189567552
107 -0.25563786268196087
108 0.8938336039734552
109 -0.246663668987969
110 0.5806521043254977
111 0.8787572635371509
112 0.07303482274791553
113 0.17200235822574028
114 0.6047883789815497
115 -0.3251439200091187
116 0.032433118908593746
117 -0.19508635197769533
118 -0.29095636186708845
119 0.1718190340632902
120 -0.19508635197769533
121 -0.22625298304828992
122 -0.3251439200091187
123 -0.3161725019081101
124 -0.2771831218656777
125 -0.22900876377859875
126 -0.03339931176646861
127 -0.25907103997387554
128 -0.016248642662914536
129 0.03728337414071877
130 0.04561374136793492
131 0.15459253992950667
132 0.20832477536205446
133 0.17980300922382195
134 -0.30404519223599447
135 0.2782346465838297
136 -0.08177610189567552
137 -0.25563786268196087
138 0.49050533906225896
139 -0.246663668987969
140 0.5036750700086773
141 0.5555040092328688
142 0.07303482274791553
143 0.17200235822574028
144 0.6047883789815497
145 -0.3251439200091187
146 0.032433118908593746
147 -0.19508635197769533
148 -0.29095636186708845
149 0.1718190340632902
150 -0.19508635197769533
151 -0.3251439200091187
152 -0.3251439200091187
153 -0.35150255058877183
154 -0.40523816229931275
155 -0.3355068576261165
156 -0.26281732458152374
157 -0.2990131511168458
158 -0.059685580437030865
159 -0.35744579374255186
160 -0.36091501061595616
161 -0.19770885717395165
162 -0.40027180004843416
163 -0.11165622369930404
164 -0.35288961702789057
165 -0.3251439200091187
166 -0.3598843327291375
167 0.3030221363208738
168 -0.16011611025399197
169 -0.3434299692651127
170 -0.10461286773179683
171 -0.3251439200091187
172 -0.3251439200091187
173 -0.3251439200091187
174 -0.3251439200091187
175 -0.3251439200091187
176 -0.3251439200091187
177 -0.3251439200091187
178 -0.3251439200091187
179 -0.3251439200091187
180 -0.3251439200091187
181 -0.3251439200091187
182 -0.3251439200091187
183 -0.35150255058877183
184 -0.40523816229931275
185 -0.3355068576261165
186 -0.2771831218656777
187 -0.2990131511168458
188 -0.25563786268196087
189 -0.35744579374255186
190 -0.36091501061595616
191 -0.22625298304828992
192 -0.40027180004843416
193 -0.19508635197769533
194 -0.35288961702789057
195 -0.3251439200091187
196 -0.3598843327291375
197 0.032433118908593746
198 -0.16011611025399197
199 -0.3434299692651127
200 -0.10461286773179683
201 -0.3251439200091187
202 -0.3251439200091187
203 -0.3251439200091187
204 -0.3251439200091187
205 -0.3251439200091187
206 -0.3251439200091187
207 -0.3251439200091187
208 -0.3251439200091187
209 -0.3251439200091187
210 -0.3251439200091187
211 -0.40523816229931275
212 -0.3662838856102889
213 -0.35831890791582066
214 -0.4051860372246675
215 -0.03055880075604256
216 -0.4190789782692719
217 -0.3869455716512052
218 -0.4485256035136649
219 -0.037773076260423914
220 -0.10657010075994994
221 -0.19105013444442095
222 -0.11004952627257558
223 -0.005114733026320914
224 0.21936108943246396
225 -0.39969737655269877
226 -0.41674500643221607
227 -0.369057206117068
228 -0.2090405498933589
229 -0.19912610321187565
230 -0.08065684333409659
231 -0.22055794001410123
232 -0.29303446215131296
233 -0.3259309629124008
234 0.5691453148597724
235 0.06959655454085326
236 -0.08153816489047785
237 0.43203524823991735
238 -0.19508635197769533
239 0.1536540584329077
240 0.14495270779026143
241 -0.40523816229931275
242 -0.40027180004843416
243 -0.36091501061595616
244 -0.4051860372246675
245 -0.35744579374255186
246 -0.4190789782692719
247 -0.3869455716512052
248 -0.4485256035136649
249 -0.3355068576261165
250 -0.3251439200091187
251 -0.3251439200091187
252 -0.3251439200091187
253 -0.3251439200091187
254 -0.3251439200091187
255 -0.39969737655269877
256 -0.41674500643221607
257 -0.369057206117068
258 -0.3251439200091187
259 -0.3251439200091187
260 -0.3251439200091187
261 -0.3251439200091187
262 -0.3251439200091187
263 -0.3259309629124008
264 -0.2771831218656777
265 -0.25563786268196087
266 -0.22625298304828992
267 -0.19508635197769533
268 -0.19508635197769533
269 -0.10461286773179683
270 0.032433118908593746
271 -0.4485256035136649
272 -0.45852631647747716
273 -0.4240083340343992
274 -0.36069102095430705
275 -0.13463216258379024
276 -0.35100490866840484
277 -0.06132420557740911
278 -0.16124675848760825
279 -0.20889639297126333
280 -0.375184992404321
281 -0.457953016257208
282 0.034840334315886796
283 -0.44891237835641634
284 -0.37569342569028263
285 0.7273056570364926
286 -0.44866650207395153
287 -0.3307330196799533
288 0.0041423240010181415
289 -0.4617952009089865
290 -0.13412013709205894
291 -0.014993842972711474
292 -0.35110873432112716
293 0.24322951673365198
294 -0.27172598759599265
295 0.6441210768830029
296 0.13307831673017867
297 0.00431198886482254
298 -0.05753075106269258
299 -0.26527790481007796
300 0.058783194036755415
301 -0.4485256035136649
302 -0.45852631647747716
303 -0.4240083340343992
304 -0.40523816229931275
305 -0.4051860372246675
306 -0.40027180004843416
307 -0.39969737655269877
308 -0.3869455716512052
309 -0.369057206117068
310 -0.375184992404321
311 -0.457953016257208
312 -0.3355068576261165
313 -0.44891237835641634
314 -0.37569342569028263
315 -0.3251439200091187
316 -0.44866650207395153
317 -0.3307330196799533
318 -0.3251439200091187
319 -0.4617952009089865
320 -0.3251439200091187
321 -0.3251439200091187
322 -0.35110873432112716
323 -0.3251439200091187
324 -0.2771831218656777
325 -0.25563786268196087
326 -0.22625298304828992
327 -0.19508635197769533
328 -0.19508635197769533
329 -0.26527790481007796
330 0.032433118908593746
331 -0.4617952009089865
332 -0.45817415468546946
333 -0.33573555496605195
334 -0.33337121749824217
335 -0.1681191861596762
336 -0.19955019285832917
337 -0.492421139769235
338 -0.21612637488626277
339 0.12869668117764008
340 0.04269974132156881
341 -0.42004687612374925
342 -0.17520987793359621
343 -0.34506419756828055
344 -0.11746302143031068
345 0.9138873835321609
346 -0.3485863141808304
347 -0.39804300770221884
348 -0.3251439200091187
349 1.3006963811692378
350 0.28519153471787495
351 -0.33453330640351947
352 2.714196521028972
353 1.3188537298813063
354 0.08815478701289164
355 0.2266721683085457
356 -0.023088141072829617
357 -0.3550198339895692
358 0.0650287840851514
359 0.26098699431826233
360 0.4672468709667067
361 -0.4617952009089865
362 -0.45852631647747716
363 -0.457953016257208
364 -0.44891237835641634
365 -0.44866650207395153
366 -0.4485256035136649
367 -0.492421139769235
368 -0.40523816229931275
369 -0.4051860372246675
370 -0.40027180004843416
371 -0.42004687612374925
372 -0.3869455716512052
373 -0.37569342569028263
374 -0.375184992404321
375 -0.369057206117068
376 -0.35110873432112716
377 -0.39804300770221884
378 -0.3307330196799533
379 -0.3251439200091187
380 -0.3251439200091187
381 -0.33453330640351947
382 -0.3251439200091187
383 -0.3251439200091187
384 -0.2771831218656777
385 -0.26527790481007796
386 -0.25563786268196087
387 -0.3550198339895692
388 -0.19508635197769533
389 -0.19508635197769533
390 0.032433118908593746
391 -0.492421139769235
392 -0.3658394056345498
393 -0.3299968409907423
394 -0.23148872744255714
395 -0.005224166825863583
396 -0.46006020366782785
397 -0.1972877947056581
398 -0.4283381904539562
399 -0.048546394137482185
400 -0.3828871590570902
401 0.012344414832504728
402 0.1145057970381637
403 -0.1785882692403427
404 -0.49086802102567156
405 0.0074537971188390825
406 -0.4235493324188461
407 -0.23294166136355207
408 0.925023762014925
409 0.722372504249182
410 -0.48274580259680766
411 -0.3612724881819286
412 -0.060210942885316227
413 0.7074364720602782
414 -0.08737537105311509
415 -0.09609009733916003
416 0.2256946434176786
417 -0.06436309825939093
418 0.09685888992712972
419 0.7875076260764705
420 -0.09800370232349197
421 -0.492421139769235
422 -0.4617952009089865
423 -0.45852631647747716
424 -0.457953016257208
425 -0.44891237835641634
426 -0.46006020366782785
427 -0.4485256035136649
428 -0.4283381904539562
429 -0.40523816229931275
430 -0.4051860372246675
431 -0.40027180004843416
432 -0.39804300770221884
433 -0.3869455716512052
434 -0.49086802102567156
435 -0.375184992404321
436 -0.4235493324188461
437 -0.3550198339895692
438 -0.35110873432112716
439 -0.33453330640351947
440 -0.48274580259680766
441 -0.3612724881819286
442 -0.3251439200091187
443 -0.3251439200091187
444 -0.3251439200091187
445 -0.2771831218656777
446 -0.26527790481007796
447 -0.25563786268196087
448 -0.19508635197769533
449 -0.19508635197769533
450 -0.09800370232349197
451 -0.492421139769235
452 -0.35966321532130424
453 -0.4906940714548652
454 -0.24442215218188434
455 -0.49148114825571076
456 -0.4692273410571549
457 -0.4860871622837878
458 -0.47565074100278104
459 -0.17317531496824645
460 0.21163056505956732
461 0.7339512656660756
462 -0.43163711495744755
463 -0.10298273197706787
464 0.26808247628223814
465 0.8540127706329737
466 -0.18814216617175217
467 0.4924848807219771
468 0.01749404846788746
469 0.0650287840851514
470 0.0650287840851514
471 0.0650287840851514
472 1.1823976177475244
473 -0.12918443829954213
474 0.6943091987188514
475 0.0650287840851514
476 0.0650287840851514
477 0.0650287840851514
478 0.0650287840851514
479 -0.0570718383444414
480 0.0650287840851514
481 -0.492421139769235
482 -0.49086802102567156
483 -0.4906940714548652
484 -0.4617952009089865
485 -0.49148114825571076
486 -0.4692273410571549
487 -0.4860871622837878
488 -0.47565074100278104
489 -0.4485256035136649
490 -0.4283381904539562
491 -0.4235493324188461
492 -0.43163711495744755
493 -0.4051860372246675
494 -0.40027180004843416
495 -0.39804300770221884
496 -0.3869455716512052
497 -0.375184992404321
498 -0.3612724881819286
499 -0.3550198339895692
500 -0.35110873432112716
501 -0.33453330640351947
502 -0.3251439200091187
503 -0.3251439200091187
504 -0.3251439200091187
505 -0.2771831218656777
506 -0.26527790481007796
507 -0.25563786268196087
508 -0.19508635197769533
509 -0.19508635197769533
510 -0.09800370232349197
511 -0.492421139769235
512 -0.481292715693701
513 -0.3723654383649341
514 -0.485278897766004
515 -0.35737219945605303
516 -0.27411115188001306
517 -0.49503383636675813
518 -0.28045794440600763
519 -0.4156261037228295
520 -0.44184455619910096
521 -0.019578697872048263
522 -0.37485252717303463
523 -0.4643891872925784
524 -0.14337146276846727
525 -0.356332133895989
526 -0.3148858218322944
527 -0.19508635197769533
528 0.545022474909786
529 -0.1955743218971711
530 0.17845185833274427
531 -0.19508635197769533
532 1.3953312768440007
533 0.19721715190532693
534 -0.19508635197769533
535 -0.19508635197769533
536 -0.19508635197769533
537 -0.19508635197769533
538 -0.19508635197769533
539 -0.19508635197769533
540 0.33216434557894836
541 -0.492421139769235
542 -0.49148114825571076
543 -0.49086802102567156
544 -0.4906940714548652
545 -0.4860871622837878
546 -0.47565074100278104
547 -0.49503383636675813
548 -0.4617952009089865
549 -0.4485256035136649
550 -0.44184455619910096
551 -0.4283381904539562
552 -0.4235493324188461
553 -0.4643891872925784
554 -0.40027180004843416
555 -0.39804300770221884
556 -0.3869455716512052
557 -0.375184992404321
558 -0.3612724881819286
559 -0.3550198339895692
560 -0.35110873432112716
561 -0.33453330640351947
562 -0.3251439200091187
563 -0.3251439200091187
564 -0.3251439200091187
565 -0.2771831218656777
566 -0.26527790481007796
567 -0.25563786268196087
568 -0.19508635197769533
569 -0.19508635197769533
570 -0.09800370232349197
571 -0.49503383636675813
572 -0.49538194504499544
573 -0.23063330331667506
574 -0.32137655398636694
575 -0.1208930931552674
576 -0.16972115876735447
577 -0.4513001709733857
578 0.30506688504228074
579 0.820525709622972
580 -0.48781839255977344
581 -0.08113045161614077
582 -0.06502878394627197
583 -0.06502878394627197
584 -0.06502878394627197
585 -0.3873872414930123
586 -0.012300618855705246
587 0.0650287840851514
588 0.5002257073090346
589 -0.06502878394627197
590 -0.06502878394627197
591 -0.06502878394627197
592 0.7155405371908232
593 -0.06502878394627197
594 -0.06502878394627197
595 -0.06502878394627197
596 -0.06502878394627197
597 -0.06502878394627197
598 -0.06502878394627197
599 -0.06502878394627197
600 -0.06502878394627197
601 -0.49503383636675813
602 -0.49538194504499544
603 -0.49148114825571076
604 -0.49086802102567156
605 -0.4906940714548652
606 -0.4860871622837878
607 -0.47565074100278104
608 -0.4643891872925784
609 -0.4617952009089865
610 -0.48781839255977344
611 -0.44184455619910096
612 -0.4283381904539562
613 -0.4235493324188461
614 -0.40027180004843416
615 -0.39804300770221884
616 -0.3869455716512052
617 -0.375184992404321
618 -0.3612724881819286
619 -0.3550198339895692
620 -0.35110873432112716
621 -0.33453330640351947
622 -0.3251439200091187
623 -0.3251439200091187
624 -0.3251439200091187
625 -0.2771831218656777
626 -0.26527790481007796
627 -0.25563786268196087
628 -0.19508635197769533
629 -0.19508635197769533
630 -0.09800370232349197
631 -0.49538194504499544
632 -0.49545702869169816
633 -0.38059719938537184
634 -0.2900140468955729
635 -0.4913793072625184
636 -0.4979495651650547
637 -0.47954542796582506
638 0.8406643111858345
639 -0.4750060803381668
640 -0.13287709701913283
641 0.06175385982841977
642 0.6205780603951513
643 -0.3958757032109609
644 -0.08462099287014756
645 0.0650287840851514
646 0.0650287840851514
647 0.01572960843315535
648 1.052952201157202
649 0.0650287840851514
650 0.717501473863964
651 0.0650287840851514
652 0.0650287840851514
653 0.0650287840851514
654 0.012871031766290557
655 0.0650287840851514
656 -0.06502878394627197
657 0.0650287840851514
658 0.0650287840851514
659 0.0650287840851514
660 0.0650287840851514
661 -0.49538194504499544
662 -0.49545702869169816
663 -0.49148114825571076
664 -0.49086802102567156
665 -0.4913793072625184
666 -0.4979495651650547
667 -0.4860871622837878
668 -0.47565074100278104
669 -0.4750060803381668
670 -0.4617952009089865
671 -0.44184455619910096
672 -0.4283381904539562
673 -0.4235493324188461
674 -0.40027180004843416
675 -0.39804300770221884
676 -0.3869455716512052
677 -0.375184992404321
678 -0.3612724881819286
679 -0.3550198339895692
680 -0.35110873432112716
681 -0.33453330640351947
682 -0.3251439200091187
683 -0.3251439200091187
684 -0.3251439200091187
685 -0.2771831218656777
686 -0.26527790481007796
687 -0.25563786268196087
688 -0.19508635197769533
689 -0.19508635197769533
690 -0.09800370232349197
691 -0.4979495651650547
692 -0.4546400609698739
693 -0.4619539715582384
694 -0.4977059309911587
695 -0.2573004283182046
696 -0.227505800596544
697 -0.48890585925121066
698 0.44757036720431637
699 -0.17379231534950754
700 0.4122384394408521
701 0.033349165398016654
702 -0.018361495111945444
703 0.0650287840851514
704 0.0650287840851514
705 0.861041490923186
706 -0.029968575501375123
707 0.0650287840851514
708 0.0650287840851514
709 0.0650287840851514
710 0.0650287840851514
711 -0.06502878394627197
712 0.0650287840851514
713 0.0650287840851514
714 0.0650287840851514
715 -0.06502878394627197
716 -0.06502878394627197
717 0.0650287840851514
718 0.0650287840851514
719 0.0650287840851514
720 0.0650287840851514
721 -0.4979495651650547
722 -0.49545702869169816
723 -0.49538194504499544
724 -0.4977059309911587
725 -0.4913793072625184
726 -0.49086802102567156
727 -0.48890585925121066
728 -0.47565074100278104
729 -0.4750060803381668
730 -0.4617952009089865
731 -0.44184455619910096
732 -0.4283381904539562
733 -0.4235493324188461
734 -0.40027180004843416
735 -0.39804300770221884
736 -0.3869455716512052
737 -0.375184992404321
738 -0.3612724881819286
739 -0.3550198339895692
740 -0.35110873432112716
741 -0.33453330640351947
742 -0.3251439200091187
743 -0.3251439200091187
744 -0.3251439200091187
745 -0.2771831218656777
746 -0.26527790481007796
747 -0.25563786268196087
748 -0.19508635197769533
749 -0.19508635197769533
750 -0.09800370232349197
751 -0.4979495651650547
752 -0.45670616203116743
753 -0.49798310508371113
754 -0.24955983898890402
755 -0.48755187802471134
756 -0.34328700196608325
757 -0.45106273710213945
758 -0.19508635197769533
759 -0.19508635197769533
760 -0.2812341124917875
761 0.9797593154732465
762 -0.19508635197769533
763 -0.35138707201255553
764 -0.19508635197769533
765 -0.19508635197769533
766 -0.19508635197769533
767 -0.19508635197769533
768 -0.19508635197769533
769 -0.19508635197769533
770 0.1950863521165748
771 -0.19508635197769533
772 0.1950863521165748
773 -0.19508635197769533
774 0.1950863521165748
775 -0.19508635197769533
776 -0.19508635197769533
777 -0.19508635197769533
778 -0.19508635197769533
779 0.1950863521165748
780 -0.19508635197769533
781 -0.4979495651650547
782 -0.4977059309911587
783 -0.49798310508371113
784 -0.49538194504499544
785 -0.4913793072625184
786 -0.49086802102567156
787 -0.48890585925121066
788 -0.47565074100278104
789 -0.4750060803381668
790 -0.4617952009089865
791 -0.44184455619910096
792 -0.4283381904539562
793 -0.4235493324188461
794 -0.40027180004843416
795 -0.39804300770221884
796 -0.3869455716512052
797 -0.375184992404321
798 -0.3612724881819286
799 -0.3550198339895692
800 -0.35110873432112716
801 -0.33453330640351947
802 -0.3251439200091187
803 -0.3251439200091187
804 -0.3251439200091187
805 -0.2771831218656777
806 -0.26527790481007796
807 -0.25563786268196087
808 -0.19508635197769533
809 -0.19508635197769533
810 -0.19508635197769533
811 -0.49798310508371113
812 -0.4611572756600319
813 -0.3007752620538424
814 -0.2339810848945633
815 -0.2948929810723148
816 -0.48615230228898526
817 -0.412558202495941
818 -0.16946136655848087
819 0.17888092540646577
820 -0.19508635197769533
821 -0.19508635197769533
822 0.9764507812960806
823 -0.19508635197769533
824 -0.19508635197769533
825 0.1950863521165748
826 -0.19508635197769533
827 -0.19508635197769533
828 -0.19508635197769533
829 -0.19508635197769533
830 -0.19508635197769533
831 0.1950863521165748
832 -0.19508635197769533
833 -0.19508635197769533
834 -0.19508635197769533
835 0.1950863521165748
836 -0.19508635197769533
837 -0.19508635197769533
838 -0.19508635197769533
839 -0.19508635197769533
840 -0.19508635197769533
841 -0.49798310508371113
842 -0.4979495651650547
843 -0.4977059309911587
844 -0.49538194504499544
845 -0.4913793072625184
846 -0.49086802102567156
847 -0.48890585925121066
848 -0.47565074100278104
849 -0.4750060803381668
850 -0.4617952009089865
851 -0.44184455619910096
852 -0.4283381904539562
853 -0.4235493324188461
854 -0.40027180004843416
855 -0.39804300770221884
856 -0.3869455716512052
857 -0.375184992404321
858 -0.3612724881819286
859 -0.3550198339895692
860 -0.35110873432112716
861 -0.33453330640351947
862 -0.3251439200091187
863 -0.3251439200091187
864 -0.3251439200091187
865 -0.2771831218656777
866 -0.26527790481007796
867 -0.25563786268196087
868 -0.19508635197769533
869 -0.19508635197769533
870 -0.19508635197769533
871 -0.49798310508371113
872 -0.4786457013409512
873 -0.3716255000902303
874 -0.49503989347294935
875 -0.380597631083712
876 1.0503871820293496
877 -0.3039275014533016
878 -0.1125281501769776
879 1.142003268701476
880 -0.2383020132327976
881 -0.19508635197769533
882 0.1950863521165748
883 0.1950863521165748
884 0.1950863521165748
885 0.1950863521165748
886 -0.19508635197769533
887 0.1950863521165748
888 -0.19508635197769533
889 0.1950863521165748
890 0.1950863521165748
891 0.1950863521165748
892 0.1950863521165748
893 -0.19508635197769533
894 0.1950863521165748
895 0.1950863521165748
896 0.1950863521165748
897 0.1950863521165748
898 0.1950863521165748
899 -0.19508635197769533
900 0.1950863521165748
901 -0.49798310508371113
902 -0.4979495651650547
903 -0.4977059309911587
904 -0.49538194504499544
905 -0.4913793072625184
906 -0.49086802102567156
907 -0.48890585925121066
908 -0.47565074100278104
909 -0.4750060803381668
910 -0.4617952009089865
911 -0.44184455619910096
912 -0.4283381904539562
913 -0.4235493324188461
914 -0.40027180004843416
915 -0.39804300770221884
916 -0.3869455716512052
917 -0.375184992404321
918 -0.3612724881819286
919 -0.3550198339895692
920 -0.35110873432112716
921 -0.33453330640351947
922 -0.3251439200091187
923 -0.3251439200091187
924 -0.3251439200091187
925 -0.2771831218656777
926 -0.26527790481007796
927 -0.25563786268196087
928 -0.19508635197769533
929 -0.19508635197769533
930 -0.19508635197769533
931 -0.49798310508371113
932 -0.49763059238444973
933 -0.4251590455258012
934 -0.49250708098644547
935 -0.43677508771589074
936 -0.23384570759187892
937 -0.19508635197769533
938 -0.19508635197769533
939 0.1950863521165748
940 -0.19508635197769533
941 0.1950863521165748
942 -0.19508635197769533
943 -0.19508635197769533
944 -0.19508635197769533
945 -0.19508635197769533
946 -0.19508635197769533
947 0.1950863521165748
948 -0.19508635197769533
949 -0.19508635197769533
950 0.1950863521165748
951 0.1950863521165748
952 -0.19508635197769533
953 0.1950863521165748
954 -0.19508635197769533
955 -0.19508635197769533
956 0.1950863521165748
957 -0.19508635197769533
958 0.1950863521165748
959 -0.19508635197769533
960 -0.19508635197769533
961 -0.49798310508371113
962 -0.4979495651650547
963 -0.4977059309911587
964 -0.49538194504499544
965 -0.4913793072625184
966 -0.49086802102567156
967 -0.48890585925121066
968 -0.47565074100278104
969 -0.4750060803381668
970 -0.4617952009089865
971 -0.44184455619910096
972 -0.4283381904539562
973 -0.4235493324188461
974 -0.40027180004843416
975 -0.39804300770221884
976 -0.3869455716512052
977 -0.375184992404321
978 -0.3612724881819286
979 -0.3550198339895692
980 -0.35110873432112716
981 -0.33453330640351947
982 -0.3251439200091187
983 -0.3251439200091187
984 -0.3251439200091187
985 -0.2771831218656777
986 -0.26527790481007796
987 -0.25563786268196087
988 -0.19508635197769533
989 -0.19508635197769533
990 -0.19508635197769533
evaluations raw_y
1 1.1095721787719424
2 0.415247937238856
3 0.10743027331591132
4 0.6299129389303387
5 0.661151404779502
6 0.8711262328940063
7 2.2134194968391956
8 2.3578395523010904
9 0.8896954742250147
10 1.8812081452926597
11 1.214216498340392
12 0.9419361956323149
13 1.0828236094562391
14 0.6533237238027907
15 1.322619167728102
16 1.6204081262394385
17 1.661278000403056
18 1.9268399524095978
19 0.39894495445411765
20 1.9467608297370171
21 0.8443815843376113
22 0.16564916381597322
23 0.5969669475879319
24 0.6195991746101025
25 1.1960885659724558
26 0.6233359473012585
27 1.5827533012614043
28 0.14052699697087614
29 0.7475030909387395
30 1.4624465922127097
31 0.10743027331591132
32 0.420979301406737
33 0.7474684683898076
34 0.5775103812055566
35 0.5461846601451962
36 -0.21181146027794348
37 1.446250928131823
38 -0.10549105701475943
39 0.37486434227595916
40 0.054081337056552575
41 1.1288229646459291
42 3.0864871961163334
43 1.1335070189172427
44 1.6800560108226068
45 2.4899742495033728
46 0.07482144168183703
47 0.09122023578958346
48 0.7899970836252487
49 0.2035928657960755
50 1.0315667981816423
51 1.2810949233563287
52 1.1255423556210484
53 -0.038006100230518966
54 0.48469900183777576
55 0.04721614189135086
56 0.07229855281699081
57 -0.2868562722506047
58 0.2508272883539208
59 1.0764232644066762
60 -0.06502878394627197
61 0.10743027331591132
62 0.14052699697087614
63 0.16564916381597322
64 0.39894495445411765
65 0.415247937238856
66 -0.21181146027794348
67 0.6195991746101025
68 -0.10549105701475943
69 0.37486434227595916
70 0.054081337056552575
71 0.661151404779502
72 0.7475030909387395
73 0.8443815843376113
74 0.8711262328940063
75 0.8896954742250147
76 0.07482144168183703
77 0.09122023578958346
78 0.7899970836252487
79 0.2035928657960755
80 1.0315667981816423
81 1.2810949233563287
82 1.1255423556210484
83 -0.038006100230518966
84 0.48469900183777576
85 0.04721614189135086
86 0.07229855281699081
87 -0.2868562722506047
88 0.2508272883539208
89 1.0764232644066762
90 -0.06502878394627197
91 -0.2868562722506047
92 -0.15987988505240205
93 0.1985206768238753
94 -0.20678490845132655
95 -0.013923643906157801
96 -0.11179199366222146
97 0.010963823115408
98 0.794075024109284
99 1.1752178590720452
100 1.2339168254652195
101 0.19205105615547713
102 0.7242610068046367
103 1.28487181409896
104 -0.15054156265028992
105 1.7622864537658327
106 -0.237391276657996
107 0.32248064240080015
108 -0.1441880439489856
109 -0.16392397153965158
110 0.026365554750096123
111 0.25465706872915295
112 0.1432812538857173
113 0.21940493592132915
114 1.0018522823073235
115 0.07086086537970959
116 -0.08041313005694682
117 0.0650287840851514
118 -0.03861916572369575
119 -0.06502878394627197
120 -0.06502878394627197
121 -0.2868562722506047
122 -0.21181146027794348
123 -0.10549105701475943
124 -0.20678490845132655
125 -0.038006100230518966
126 -0.11179199366222146
127 0.010963823115408
128 0.07229855281699081
129 0.07482144168183703
130 0.09122023578958346
131 0.10743027331591132
132 0.14052699697087614
133 0.16564916381597322
134 -0.15054156265028992
135 0.2508272883539208
136 -0.237391276657996
137 0.32248064240080015
138 -0.1441880439489856
139 -0.16392397153965158
140 0.026365554750096123
141 0.25465706872915295
142 0.1432812538857173
143 0.21940493592132915
144 0.8443815843376113
145 0.07086086537970959
146 -0.08041313005694682
147 0.0650287840851514
148 -0.03861916572369575
149 -0.06502878394627197
150 -0.06502878394627197
151 -0.2868562722506047
152 -0.28944161117921824
153 0.07133924255505894
154 -0.24459703771315883
155 -0.14347493815431464
156 1.5739542493292273
157 1.6298688491588478
158 -0.15704513377322166
159 1.4221824417444866
160 -0.3007370528932602
161 -0.349465486894352
162 -0.20664882547795307
163 0.5343314932278673
164 -0.24795554342828416
165 -0.1334188631200744
166 -0.28754948461680097
167 -0.2891331092061025
168 0.5239178928851432
169 -0.30821224610429276
170 -0.08413147123156128
171 -0.2758898738030084
172 -0.19508635197769533
173 -0.22509344125233122
174 -0.24801342369341584
175 -0.2219522850549319
176 -0.1619323838553483
177 0.9919228811597707
178 -0.3017238179210093
179 0.3243688540233936
180 -0.19508635197769533
181 -0.2868562722506047
182 -0.28944161117921824
183 -0.21181146027794348
184 -0.24459703771315883
185 -0.16392397153965158
186 -0.15054156265028992
187 -0.1441880439489856
188 -0.15704513377322166
189 -0.10549105701475943
190 -0.3007370528932602
191 -0.349465486894352
192 -0.20664882547795307
193 -0.03861916572369575
194 -0.24795554342828416
195 -0.1334188631200744
196 -0.28754948461680097
197 -0.2891331092061025
198 0.07086086537970959
199 -0.30821224610429276
200 -0.08413147123156128
201 -0.2758898738030084
202 -0.19508635197769533
203 -0.22509344125233122
204 -0.24801342369341584
205 -0.2219522850549319
206 -0.1619323838553483
207 0.2508272883539208
208 -0.3017238179210093
209 0.32248064240080015
210 -0.19508635197769533
211 -0.349465486894352
212 -0.20447725670273192
213 -0.2755124152508655
214 -0.25842736606357547
215 -0.18984976970351644
216 -0.06536689899793424
217 -0.1550024381277397
218 -0.18372522147631318
219 -0.1341128438716864
220 -0.39541195017580466
221 -0.20978701836677893
222 -0.20750016345898628
223 -0.22926062608717065
224 -0.10642046625096972
225 -0.19508635197769533
226 -0.1620291239228228
227 -0.2791253942397585
228 -0.16370550705345926
229 -0.33686618979025407
230 -0.32836358989397074
231 -0.05983788300158641
232 -0.24126412260236318
233 -0.2500701462535139
234 0.13593089753696747
235 -0.21330682773857212
236 -0.3563273068752145
237 0.7750137736430437
238 -0.19508635197769533
239 0.4194924920746136
240 -0.19508635197769533
241 -0.349465486894352
242 -0.30821224610429276
243 -0.3017238179210093
244 -0.3007370528932602
245 -0.28944161117921824
246 -0.2891331092061025
247 -0.28754948461680097
248 -0.2868562722506047
249 -0.2758898738030084
250 -0.39541195017580466
251 -0.24795554342828416
252 -0.24459703771315883
253 -0.22926062608717065
254 -0.2219522850549319
255 -0.21181146027794348
256 -0.20664882547795307
257 -0.2791253942397585
258 -0.19508635197769533
259 -0.33686618979025407
260 -0.32836358989397074
261 -0.15704513377322166
262 -0.24126412260236318
263 -0.2500701462535139
264 -0.1334188631200744
265 -0.21330682773857212
266 -0.3563273068752145
267 -0.03861916572369575
268 -0.19508635197769533
269 0.2508272883539208
270 -0.19508635197769533
271 -0.39541195017580466
272 -0.40383707337371033
273 -0.34903643952189434
274 -0.3951986441744839
275 -0.2856672533155226
276 -0.3735647887578647
277 -0.055851893058958914
278 -0.14207110857341684
279 -0.2235046770012325
280 -0.07338038134046754
281 -0.1726855279085213
282 -0.37492377257004167
283 -0.35565070708584207
284 -0.19816553597730785
285 -0.030457805162053608
286 -0.30330069473771004
287 -0.16245715131561045
288 -0.24465139596399527
289 0.11808003444368591
290 0.05436320933000002
291 -0.3285066481580844
292 0.564907117877984
293 -0.38258858422437986
294 0.7534095110686656
295 0.24949188480291312
296 -0.18669874165072567
297 -0.19508635197769533
298 -0.21315696259274486
299 0.04578988953409904
300 -0.19508635197769533
301 -0.39541195017580466
302 -0.40383707337371033
303 -0.349465486894352
304 -0.3951986441744839
305 -0.32836358989397074
306 -0.3735647887578647
307 -0.3017238179210093
308 -0.3007370528932602
309 -0.28944161117921824
310 -0.2891331092061025
311 -0.28754948461680097
312 -0.37492377257004167
313 -0.35565070708584207
314 -0.2758898738030084
315 -0.2500701462535139
316 -0.30330069473771004
317 -0.24459703771315883
318 -0.24465139596399527
319 -0.22926062608717065
320 -0.2219522850549319
321 -0.3285066481580844
322 -0.21181146027794348
323 -0.38258858422437986
324 -0.19508635197769533
325 -0.19508635197769533
326 -0.19508635197769533
327 -0.19508635197769533
328 -0.21315696259274486
329 -0.03861916572369575
330 -0.19508635197769533
331 -0.40383707337371033
332 -0.4130580988237526
333 -0.3909214270053631
334 -0.19249428583563002
335 -0.32956347014744947
336 -0.2030402625627
337 -0.44042867718926865
338 -0.09319531969421395
339 -0.40412051457069537
340 -0.264480959086003
341 -0.31413094575717704
342 0.04984335478359777
343 -0.17926799737051916
344 -0.24492900245925395
345 1.5044670987176672
346 1.0344273694247463
347 -0.07458822975679588
348 -0.36820779304363993
349 -0.41843246838798787
350 -0.42491648505729507
351 -0.3552429381097921
352 -0.19421104283537044
353 0.9605353301600394
354 0.6572259148565328
355 -0.02760558069437578
356 0.9424379569461773
357 -0.19508635197769533
358 -0.19508635197769533
359 0.010232715812815521
360 -0.19508635197769533
361 -0.40383707337371033
362 -0.4130580988237526
363 -0.3951986441744839
364 -0.38258858422437986
365 -0.37492377257004167
366 -0.3735647887578647
367 -0.44042867718926865
368 -0.349465486894352
369 -0.40412051457069537
370 -0.32836358989397074
371 -0.31413094575717704
372 -0.3017238179210093
373 -0.3007370528932602
374 -0.28944161117921824
375 -0.2891331092061025
376 -0.28754948461680097
377 -0.2758898738030084
378 -0.36820779304363993
379 -0.41843246838798787
380 -0.42491648505729507
381 -0.3552429381097921
382 -0.2219522850549319
383 -0.21315696259274486
384 -0.21181146027794348
385 -0.19508635197769533
386 -0.19508635197769533
387 -0.19508635197769533
388 -0.19508635197769533
389 -0.19508635197769533
390 -0.19508635197769533
391 -0.44042867718926865
392 -0.4324971729063976
393 -0.36700981058230253
394 -0.4604016428921156
395 -0.09205616240730577
396 -0.39903146786669574
397 -0.31292059431539876
398 -0.2585821298333918
399 0.45754552018458744
400 -0.3653740028715374
401 -0.441613923584637
402 -0.411589258592309
403 -0.054757259446386625
404 0.554644185145037
405 0.7820466952415887
406 1.4162640026022508
407 -0.16946576369047048
408 -0.2160445582388368
409 -0.2167520971624425
410 -0.06502878394627197
411 -0.06502878394627197
412 -0.03471907291449243
413 -0.06502878394627197
414 0.0650287840851514
415 0.06297472624870568
416 -0.06502878394627197
417 0.5104651163156937
418 0.9943953575494968
419 -0.06502878394627197
420 -0.19508635197769533
421 -0.44042867718926865
422 -0.4324971729063976
423 -0.41843246838798787
424 -0.4604016428921156
425 -0.40412051457069537
426 -0.40383707337371033
427 -0.3951986441744839
428 -0.38258858422437986
429 -0.37492377257004167
430 -0.3735647887578647
431 -0.441613923584637
432 -0.411589258592309
433 -0.349465486894352
434 -0.32836358989397074
435 -0.31413094575717704
436 -0.3017238179210093
437 -0.3007370528932602
438 -0.28944161117921824
439 -0.2891331092061025
440 -0.28754948461680097
441 -0.2758898738030084
442 -0.2219522850549319
443 -0.21315696259274486
444 -0.21181146027794348
445 -0.19508635197769533
446 -0.19508635197769533
447 -0.19508635197769533
448 -0.19508635197769533
449 -0.19508635197769533
450 -0.19508635197769533
451 -0.4604016428921156
452 -0.460881020385112
453 -0.34341528537248484
454 -0.4580502867204262
455 -0.444499980871585
456 -0.44984230194689284
457 -0.4569912855706759
458 -0.4607488040484663
459 -0.08885993427902691
460 -0.40985298269571563
461 -0.43283979728699956
462 1.3857701142538237
463 1.320731707094497
464 0.6774913038341553
465 0.2266199779442353
466 0.7896530133568851
467 -0.23108502187943386
468 0.229318945667785
469 0.3481085223393694
470 0.03355686713908769
471 0.33643389235886434
472 0.0650287840851514
473 0.5535471364328548
474 1.1314675188693222
475 0.0650287840851514
476 0.0650287840851514
477 -0.21139426893703847
478 0.0650287840851514
479 0.0650287840851514
480 0.0650287840851514
481 -0.4604016428921156
482 -0.460881020385112
483 -0.44042867718926865
484 -0.4580502867204262
485 -0.444499980871585
486 -0.44984230194689284
487 -0.4569912855706759
488 -0.4607488040484663
489 -0.3951986441744839
490 -0.40985298269571563
491 -0.43283979728699956
492 -0.3735647887578647
493 -0.349465486894352
494 -0.32836358989397074
495 -0.31413094575717704
496 -0.3017238179210093
497 -0.3007370528932602
498 -0.28944161117921824
499 -0.2891331092061025
500 -0.28754948461680097
501 -0.2758898738030084
502 -0.2219522850549319
503 -0.21315696259274486
504 -0.21181146027794348
505 -0.19508635197769533
506 -0.19508635197769533
507 -0.21139426893703847
508 -0.19508635197769533
509 -0.19508635197769533
510 -0.19508635197769533
511 -0.460881020385112
512 -0.45995076197869555
513 -0.3402431120722626
514 -0.28243060547054344
515 -0.46141551789412016
516 -0.3717983356217174
517 -0.46447150729874304
518 -0.11679287744734825
519 -0.2060992948004293
520 -0.43879230275751074
521 -0.46563180229382983
522 -0.47554900810205264
523 -0.14400965533812266
524 0.2151434140111893
525 0.9149605411590777
526 0.11368201898981514
527 -0.16741892893294696
528 0.859047619226813
529 0.290840466212933
530 -0.2619920821208633
531 -0.20344570315133664
532 -0.23322438095876752
533 -0.06502878394627197
534 0.7758068128959471
535 -0.19508635197769533
536 -0.19508635197769533
537 -0.19508635197769533
538 -0.19508635197769533
539 -0.19508635197769533
540 -0.19508635197769533
541 -0.460881020385112
542 -0.4607488040484663
543 -0.4604016428921156
544 -0.4580502867204262
545 -0.46141551789412016
546 -0.44984230194689284
547 -0.46447150729874304
548 -0.44042867718926865
549 -0.43283979728699956
550 -0.43879230275751074
551 -0.46563180229382983
552 -0.47554900810205264
553 -0.349465486894352
554 -0.32836358989397074
555 -0.31413094575717704
556 -0.3017238179210093
557 -0.3007370528932602
558 -0.28944161117921824
559 -0.2891331092061025
560 -0.28754948461680097
561 -0.2758898738030084
562 -0.23322438095876752
563 -0.21315696259274486
564 -0.21181146027794348
565 -0.21139426893703847
566 -0.19508635197769533
567 -0.19508635197769533
568 -0.19508635197769533
569 -0.19508635197769533
570 -0.19508635197769533
571 -0.47554900810205264
572 -0.47637137714787664
573 -0.32282726051071864
574 -0.28557717532961613
575 -0.476958794656029
576 0.1438631088668229
577 -0.05432276615112488
578 0.014978167275393773
579 0.4931202305980847
580 0.2623513276510552
581 -0.31919890764759806
582 -0.014124677723146179
583 0.03397302494852101
584 0.0650287840851514
585 0.0650287840851514
586 0.2970364264375416
587 -0.017988026377963207
588 0.0650287840851514
589 -0.13285271257903375
590 0.4958377686757558
591 0.0650287840851514
592 0.0650287840851514
593 0.4988944552692456
594 0.0650287840851514
595 0.0650287840851514
596 0.0650287840851514
597 0.0650287840851514
598 0.0650287840851514
599 0.0650287840851514
600 -0.06502878394627197
601 -0.47554900810205264
602 -0.47637137714787664
603 -0.46447150729874304
604 -0.46141551789412016
605 -0.476958794656029
606 -0.4607488040484663
607 -0.4604016428921156
608 -0.4580502867204262
609 -0.44984230194689284
610 -0.44042867718926865
611 -0.43879230275751074
612 -0.43283979728699956
613 -0.349465486894352
614 -0.32836358989397074
615 -0.31413094575717704
616 -0.3017238179210093
617 -0.3007370528932602
618 -0.28944161117921824
619 -0.2891331092061025
620 -0.28754948461680097
621 -0.2758898738030084
622 -0.23322438095876752
623 -0.21315696259274486
624 -0.21181146027794348
625 -0.21139426893703847
626 -0.19508635197769533
627 -0.19508635197769533
628 -0.19508635197769533
629 -0.19508635197769533
630 -0.19508635197769533
631 -0.476958794656029
632 -0.34353319400812227
633 -0.4677463056863656
634 -0.2643283968027784
635 -0.47619637676694576
636 -0.07902629075913087
637 -0.3427102420926809
638 -0.09065783719982551
639 0.8899352990065168
640 -0.2993729259963743
641 -0.06502878394627197
642 -0.06502878394627197
643 -0.06502878394627197
644 0.6533378692665367
645 0.8440106875238689
646 -0.06502878394627197
647 -0.06502878394627197
648 -0.06502878394627197
649 -0.06502878394627197
650 -0.06502878394627197
651 -0.06502878394627197
652 -0.06502878394627197
653 -0.06502878394627197
654 -0.06502878394627197
655 -0.06502878394627197
656 -0.06502878394627197
657 -0.06502878394627197
658 -0.06502878394627197
659 -0.06502878394627197
660 0.0650287840851514
661 -0.476958794656029
662 -0.47637137714787664
663 -0.47554900810205264
664 -0.46447150729874304
665 -0.47619637676694576
666 -0.4607488040484663
667 -0.4604016428921156
668 -0.4580502867204262
669 -0.44984230194689284
670 -0.44042867718926865
671 -0.43879230275751074
672 -0.43283979728699956
673 -0.349465486894352
674 -0.32836358989397074
675 -0.31413094575717704
676 -0.3017238179210093
677 -0.3007370528932602
678 -0.28944161117921824
679 -0.2891331092061025
680 -0.28754948461680097
681 -0.2758898738030084
682 -0.23322438095876752
683 -0.21315696259274486
684 -0.21181146027794348
685 -0.21139426893703847
686 -0.19508635197769533
687 -0.19508635197769533
688 -0.19508635197769533
689 -0.19508635197769533
690 -0.19508635197769533
691 -0.476958794656029
692 -0.45739589990807417
693 -0.34851640206681234
694 -0.4782515326962855
695 -0.4104127711620581
696 -0.4164150133813264
697 -0.4306563545885524
698 0.008570916328093148
699 -0.4459070053858336
700 0.861877836573361
701 -0.10487238765852408
702 -0.24841051213211493
703 0.23416658184865902
704 0.53391438740305
705 0.0650287840851514
706 0.0650287840851514
707 0.8321207807014882
708 0.0650287840851514
709 0.0650287840851514
710 -0.06502878394627197
711 -0.09999852690892239
712 0.0650287840851514
713 -0.06502878394627197
714 0.0650287840851514
715 0.0650287840851514
716 0.0650287840851514
717 0.0650287840851514
718 0.0650287840851514
719 -0.06502878394627197
720 0.0650287840851514
721 -0.476958794656029
722 -0.47637137714787664
723 -0.47619637676694576
724 -0.4782515326962855
725 -0.46447150729874304
726 -0.4607488040484663
727 -0.4604016428921156
728 -0.4580502867204262
729 -0.44984230194689284
730 -0.44042867718926865
731 -0.43879230275751074
732 -0.43283979728699956
733 -0.349465486894352
734 -0.32836358989397074
735 -0.31413094575717704
736 -0.3017238179210093
737 -0.3007370528932602
738 -0.28944161117921824
739 -0.2891331092061025
740 -0.28754948461680097
741 -0.2758898738030084
742 -0.23322438095876752
743 -0.21315696259274486
744 -0.21181146027794348
745 -0.21139426893703847
746 -0.19508635197769533
747 -0.19508635197769533
748 -0.19508635197769533
749 -0.19508635197769533
750 -0.19508635197769533
751 -0.4782515326962855
752 -0.48457448536665704
753 -0.4810852362401945
754 -0.19751758411785925
755 -0.036275356622509164
756 -0.46046082397241017
757 -0.4058671583055063
758 0.11699382809755461
759 -0.06502878394627197
760 -0.01761469612309571
761 -0.06502878394627197
762 -0.06502878394627197
763 -0.06502878394627197
764 -0.06502878394627197
765 0.0650287840851514
766 0.0650287840851514
767 -0.06502878394627197
768 0.0650287840851514
769 -0.06502878394627197
770 0.0650287840851514
771 -0.06502878394627197
772 0.0650287840851514
773 -0.06502878394627197
774 0.0650287840851514
775 0.0650287840851514
776 -0.06502878394627197
777 0.0650287840851514
778 -0.06502878394627197
779 0.0650287840851514
780 -0.06502878394627197
781 -0.4782515326962855
782 -0.48457448536665704
783 -0.4810852362401945
784 -0.47619637676694576
785 -0.46447150729874304
786 -0.4607488040484663
787 -0.4604016428921156
788 -0.4580502867204262
789 -0.44984230194689284
790 -0.44042867718926865
791 -0.43879230275751074
792 -0.43283979728699956
793 -0.349465486894352
794 -0.32836358989397074
795 -0.31413094575717704
796 -0.3017238179210093
797 -0.3007370528932602
798 -0.28944161117921824
799 -0.2891331092061025
800 -0.28754948461680097
801 -0.2758898738030084
802 -0.23322438095876752
803 -0.21315696259274486
804 -0.21181146027794348
805 -0.21139426893703847
806 -0.19508635197769533
807 -0.19508635197769533
808 -0.19508635197769533
809 -0.19508635197769533
810 -0.19508635197769533
811 -0.48457448536665704
812 -0.43804754088891484
813 -0.28002242344205175
814 0.014142472454036659
815 -0.3895574028419581
816 0.7709299211567472
817 0.30722800596268907
818 -0.30707669886655037
819 -0.032623338248300854
820 0.0650287840851514
821 0.0650287840851514
822 -0.06502878394627197
823 0.0650287840851514
824 0.0650287840851514
825 -0.06502878394627197
826 0.0650287840851514
827 0.0650287840851514
828 0.0650287840851514
829 -0.06502878394627197
830 0.0650287840851514
831 0.0650287840851514
832 0.0650287840851514
833 0.0650287840851514
834 0.0650287840851514
835 0.0650287840851514
836 0.0650287840851514
837 0.0650287840851514
838 0.0650287840851514
839 0.0650287840851514
840 0.0650287840851514
841 -0.48457448536665704
842 -0.4810852362401945
843 -0.4782515326962855
844 -0.47619637676694576
845 -0.46447150729874304
846 -0.4607488040484663
847 -0.4604016428921156
848 -0.4580502867204262
849 -0.44984230194689284
850 -0.44042867718926865
851 -0.43879230275751074
852 -0.43283979728699956
853 -0.349465486894352
854 -0.32836358989397074
855 -0.31413094575717704
856 -0.3017238179210093
857 -0.3007370528932602
858 -0.28944161117921824
859 -0.2891331092061025
860 -0.28754948461680097
861 -0.2758898738030084
862 -0.23322438095876752
863 -0.21315696259274486
864 -0.21181146027794348
865 -0.21139426893703847
866 -0.19508635197769533
867 -0.19508635197769533
868 -0.19508635197769533
869 -0.19508635197769533
870 -0.19508635197769533
871 -0.48457448536665704
872 -0.48392973840783676
873 -0.4521852264565895
874 -0.22549730153105185
875 1.097958282866586
876 -0.4193958493883213
877 -0.06502878394627197
878 -0.06502878394627197
879 -0.06502878394627197
880 -0.06502878394627197
881 -0.06502878394627197
882 -0.06502878394627197
883 -0.06502878394627197
884 0.0650287840851514
885 -0.06502878394627197
886 -0.06502878394627197
887 -0.06502878394627197
888 -0.06502878394627197
889 -0.06502878394627197
890 -0.06502878394627197
891 0.0650287840851514
892 -0.06502878394627197
893 0.0650287840851514
894 0.0650287840851514
895 -0.06502878394627197
896 -0.06502878394627197
897 0.0650287840851514
898 -0.06502878394627197
899 -0.06502878394627197
900 -0.06502878394627197
901 -0.48457448536665704
902 -0.48392973840783676
903 -0.4782515326962855
904 -0.47619637676694576
905 -0.46447150729874304
906 -0.4607488040484663
907 -0.4604016428921156
908 -0.4580502867204262
909 -0.44984230194689284
910 -0.44042867718926865
911 -0.43879230275751074
912 -0.43283979728699956
913 -0.349465486894352
914 -0.32836358989397074
915 -0.31413094575717704
916 -0.3017238179210093
917 -0.3007370528932602
918 -0.28944161117921824
919 -0.2891331092061025
920 -0.28754948461680097
921 -0.2758898738030084
922 -0.23322438095876752
923 -0.21315696259274486
924 -0.21181146027794348
925 -0.21139426893703847
926 -0.19508635197769533
927 -0.19508635197769533
928 -0.19508635197769533
929 -0.19508635197769533
930 -0.19508635197769533
931 -0.48457448536665704
932 -0.4780852042623222
933 -0.01537930137990394
934 0.6891025723277899
935 0.10114599323464453
936 0.0650287840851514
937 0.025100956395670584
938 0.0650287840851514
939 -0.06502878394627197
940 0.0650287840851514
941 0.0650287840851514
942 0.0650287840851514
943 0.0650287840851514
944 0.0650287840851514
945 0.0650287840851514
946 -0.06502878394627197
947 -0.06502878394627197
948 0.0650287840851514
949 0.0650287840851514
950 0.0650287840851514
951 0.0650287840851514
952 0.0650287840851514
953 -0.06502878394627197
954 0.0650287840851514
955 0.0650287840851514
956 0.0650287840851514
957 0.0650287840851514
958 0.0650287840851514
959 0.0650287840851514
960 0.0650287840851514
961 -0.48457448536665704
962 -0.48392973840783676
963 -0.4782515326962855
964 -0.47619637676694576
965 -0.46447150729874304
966 -0.4607488040484663
967 -0.4604016428921156
968 -0.4580502867204262
969 -0.44984230194689284
970 -0.44042867718926865
971 -0.43879230275751074
972 -0.43283979728699956
973 -0.349465486894352
974 -0.32836358989397074
975 -0.31413094575717704
976 -0.3017238179210093
977 -0.3007370528932602
978 -0.28944161117921824
979 -0.2891331092061025
980 -0.28754948461680097
981 -0.2758898738030084
982 -0.23322438095876752
983 -0.21315696259274486
984 -0.21181146027794348
985 -0.21139426893703847
986 -0.19508635197769533
987 -0.19508635197769533
988 -0.19508635197769533
989 -0.19508635197769533
990 -0.19508635197769533
