{
	"version": "0.3.14", 
	"suite": "unknown_suite", 
	"function_id": 18, 
	"function_name": "Schaffers1000", 
	"maximization": false, 
	"algorithm": {"name": "DE", "info": "algorithm_info"},
	"attributes": ["evaluations", "raw_y"],
	"scenarios": [
		{"dimension": 23,
		"path": "data_f18_Schaffers1000/IOHprofiler_f18_DIM23.dat",
		"runs": [
			{"instance": 0, "evals": 1101, "best": {"evals": 855, "y": 38.7369053233434, "x": [-1.6531366653109019, 4.8636383487321755, -0.9481944405931539, -2.4278284941246357, 1.0830107798878634, 3.53982944627138, 1.3295585302352655, 1.4469546148805899, 3.4830762704726688, -1.9061880012999755, -3.881157707452078, -2.56031614095042, -2.49706828260803, 2.826582711369424, 2.0171617620447533, 4.1820864724637525, 2.676503033302593, 0.7625292809158264, -3.9012516120531897, -0.06176744895900477, 0.07199590848987669, -1.5729769605472546, 1.690054253207438]}},
			{"instance": 0, "evals": 1101, "best": {"evals": 670, "y": 41.35850868199569, "x": [2.467285658176094, -0.18696688072293433, 0.19994992449840066, -0.9796928269070806, 1.0744822797719036, -3.0421882378974696, -1.6984629690339794, -2.779483431073718, 4.71650779627904, -4.944373619399551, -4.136265057017946, -4.955163884890888, -2.7475508085864853, 1.687469937377256, 4.336962599205531, -0.5992672386870073, -2.47220288150148, 1.9700831811607378, 0.24634554937522823, -2.5715016105944564, -0.12145272990291334, 3.1950356360126335, 0.41226621872550817]}},
			{"instance": 0, "evals": 1101, "best": {"evals": 694, "y": 39.79245685786726, "x": [-2.355111430660685, 0.9179597710804863, 0.7080149318035396, 0.9723732499558926, -1.43304379853928, -0.5094068320802116, -4.305984882568201, 0.881924009006104, 2.4693277933141444, 1.2761547210931075, -0.548766154023832, -2.13381015461997, 1.2809586032833593, 3.9407166335726034, -0.034758638495065775, 2.0725599710361244, -0.8693843044674232, 1.8251260663931372, -3.062515911319683, 1.5052963002631647, -0.3179743928531442, 1.6188015693984865, -1.3272086211286374]}},
			{"instance": 0, "evals": 1101, "best": {"evals": 996, "y": 40.561250655064384, "x": [0.1544859492700148, -1.7881246599270968, -1.151989348127006, 2.3343435454872825, -0.11583803344031329, 2.5392095058210282, 0.6535343197421009, 0.4031148943065723, 1.2826936563732443, -1.0192718025807435, -0.4494804053562148, -1.0264897588178463, -2.8962557207084676, 4.747454655053229, 3.350669315995, -3.6226600974292635, -2.0813753200656757, 0.014693625519651254, -0.8289939735473695, -4.404250922232449, -2.5625723163593053, -0.7262478778355153, 0.10878973501304534]}},
			{"instance": 0, "evals": 1101, "best": {"evals": 660, "y": 48.23049659884245, "x": [-0.079312394689526, 2.9300588623166792, -3.807114839254037, -1.0123770641562175, -3.009385430352908, 0.02711411643665107, 1.8923481618314333, -0.0014385893866566413, -4.71511945668828, -1.7878802909542482, 3.037889626012414, -0.9593179076658354, 0.05433340381040974, 4.7027621194979705, -3.4690018883456055, -0.4835603811487177, -2.898111476129296, 2.51594009028379, 0.1626061321774479, -0.063328405507034, -2.9163485393376245, -0.15106787322387127, 0.7762744027739743]}},
			{"instance": 0, "evals": 1101, "best": {"evals": 863, "y": 43.828872681770484, "x": [3.460430798083132, 1.9291835521570868, 0.22091535242795812, 3.4135946925321723, 4.5478913604483715, 0.562089469830747, -0.5177708082953618, -0.20117835648557048, 2.9431391103390467, -1.5865477434081523, -4.136237103580416, -3.984545796697895, -2.868596731548121, 2.339050125685657, 3.180842386822997, -2.7452002255997847, -1.0259570879965518, 4.0610622582477465, -2.940243768356324, -2.9007206755032007, 0.5229915247569956, 3.8483828205060084, -0.6049513733508796]}},
			{"instance": 0, "evals": 1101, "best": {"evals": 988, "y": 34.80297364429245, "x": [3.465862468283543, 2.0606952759698673, 3.5245248351924054, 4.5765994610052285, 2.712458293065664, -0.869804455261546, 2.483695560277349, 3.532558041141794, 2.0276116414241168, -2.409467342803432, -1.8503185065211394, -0.39057699666438594, 0.2945228515708287, 1.6404387496971462, 1.4196095491259393, -1.522233251583129, 2.8006969329423805, 0.8989162610260841, -3.6521022201552316, -2.98554047633288, 0.7149656681051377, 1.108819372700264, -0.7314640146819356]}},
			{"instance": 0, "evals": 1101, "best": {"evals": 880, "y": 34.402252885349206, "x": [1.8874816407166346, 0.535115283612793, -0.22412123716507537, 2.6493644471020943, 1.3719162496932409, -0.28998024309177506, 4.493484275630442, 3.334350852802524, 0.3465560414904174, -3.836532376941404, -1.259994207374148, -3.383804722671404, 1.3012962076424943, 4.589788232830263, 1.149780214306019, 3.660618872424987, 1.641948572048057, 0.5910288472284408, -1.8090206591939193, -4.4867559757636934, -2.0429363166366463, -0.10547592703313846, -0.4038833426808326]}},
			{"instance": 0, "evals": 1101, "best": {"evals": 886, "y": 36.47025433500315, "x": [0.9430484775713652, -0.9633080855046998, -0.9354410252342391, -0.66839325148133, 1.5202283555032832, -2.9959773634498297, -1.9118029294864325, -0.6994454120607765, -0.04289147080706357, -1.179890731870009, -0.43325165242949293, -2.3071863750219572, -2.677773307539826, 1.6320156629234823, 1.2709384814744364, -0.18223494551583386, -4.914666467024391, -1.3904690031596934, -1.4654664885829183, -1.0498033176182258, 2.1099082046492565, -4.3531067939766395, 2.5814900620775427]}},
			{"instance": 0, "evals": 1101, "best": {"evals": 953, "y": 39.74558641340647, "x": [0.28361548052938, -1.6188686497264815, -4.116251490947189, -4.150929143965997, -0.5776530728491318, 0.017903026579951353, 0.3567922889070463, -2.0104791889821856, 4.664078565031874, -3.146147615906285, 2.4847928094144205, 3.598879533324364, -0.7624619144144642, 3.1883365467929248, 1.6542949632105182, 2.0961418488509898, -1.7242892258788376, 2.2315462386629576, -2.473482075747203, -0.3329800227029569, 0.2558752994333928, -4.560553688010389, 0.48876770941170467]}},
			{"instance": 0, "evals": 1101, "best": {"evals": 1080, "y": 32.22510648345368, "x": [1.9129659076918166, 3.201295443731091, -1.6310597404317928, 4.5697203445507535, 2.092923781186321, -0.6902597389056617, 2.365517351867795, -0.6382442527838847, 2.153798735063586, 0.07277099023503641, 2.008207695875938, -2.1781567411675016, 3.3396988236457137, 1.8102716119734978, 3.0620779702068543, 4.064778328357212, -0.005571320253207723, 2.1112576405519965, -3.375231696622377, -2.1556416623878216, 1.0353148383866968, -3.953297817106392, 0.4305781246197755]}},
			{"instance": 0, "evals": 1101, "best": {"evals": 1054, "y": 44.005730755657424, "x": [-0.6812667328510349, -0.036680037374951624, -3.1575502906689246, -3.083652291676005, 1.732154178139489, 1.810816188436236, 0.7738697870193505, -0.4616330672003284, -1.202474626149547, -1.9482996316628527, 2.1011724536890535, 1.8737695731049788, 2.8274204927059055, 1.748654112820358, -0.9834954413743131, 0.3634786531342631, -1.6755904503865626, -0.8859237910760194, -3.725001679752282, -2.910236868313527, -2.189355722207784, 3.743529497851872, 2.3039808268877007]}},
			{"instance": 0, "evals": 1101, "best": {"evals": 999, "y": 35.34782220572033, "x": [2.562039334052857, -1.4901845471899398, -3.3466340586773637, 1.924912507370912, -1.1799607345058116, 0.2875055429056461, 3.322131529012082, 0.7517125371855551, 2.2922192341782583, 0.10365938181127121, -2.2504213491116962, -1.6643960595338365, -0.4548485064018344, 4.7107086708914245, 4.047797823639817, 0.2172743653922815, -4.24255597503699, 2.5865148219279934, -1.7714789971598872, -0.2018724669134544, -0.2724100613361087, -3.228872118605042, 2.8210945685475552]}},
			{"instance": 0, "evals": 1101, "best": {"evals": 872, "y": 39.562569998068966,