{
	"version": "0.3.14", 
	"suite": "unknown_suite", 
	"function_id": 11, 
	"function_name": "Discus", 
	"maximization": false, 
	"algorithm": {"name": "DE", "info": "algorithm_info"},
	"attributes": ["evaluations", "raw_y"],
	"scenarios": [
		{"dimension": 23,
		"path": "data_f11_Discus/IOHprofiler_f11_DIM23.dat",
		"runs": [
			{"instance": 0, "evals": 1101, "best": {"evals": 889, "y": 212.34163981788487, "x": [2.6765020065980476, 1.6749424354108369, 4.214361549834864, -4.822757899177258, 1.6520485945947079, -1.0637788953168688, -1.2342031821895691, -1.9808627177620193, 3.7371556284916667, -1.631479257927419, 1.2062434619113516, 0.3982763662982347, 0.09082048012887078, -1.3461892212398965, -1.9011464317861986, 1.9128950418795618, 1.309174319563115, -2.46727709916685, -0.8095076291922848, 0.6138283084570926, 1.681577235826981, 4.693540954512304, -1.8394201465362774]}},
			{"instance": 0, "evals": 1101, "best": {"evals": 476, "y": 287.5348197964965, "x": [0.6579413109448127, -2.090046775340199, 2.307007799867227, -0.5126244857115791, 4.500584478146257, -2.866609913097858, 0.010626033905023036, -4.141025876005472, -0.3088640887073426, -3.5498547848622, -4.90789594196527, -2.7163017253948585, -3.747816176722212, -3.7374285204464486, -1.1264316939748662, 1.6387090414496894, 3.5579958256808895, -4.810962737996103, 3.197531406312068, -2.759716409921038, 0.3732749749934827, -0.3288500885905945, 4.83326507192376]}},
			{"instance": 0, "evals": 1101, "best": {"evals": 856, "y": 220.40171413006553, "x": [1.8246502330979366, 1.202101081641337, 1.1380663450536619, -0.19205702094170407, 0.007255457922307196, -1.868387466559736, -3.4465680383223245, 1.7672161060323166, -0.7930998870617092, 2.489485562780642, 2.2544624257222683, -4.0172797474517505, 1.071098883633165, 0.7290689353672501, -4.872403448769465, -0.7122733449725054, -0.37904180010571786, -1.6540011504993126, -0.5762098111264942, 2.1783977916205384, 1.3180606262132102, 0.7653172614830259, -3.694659568033025]}},
			{"instance": 0, "evals": 1101, "best": {"evals": 1067, "y": 176.41070094905515, "x": [-4.80078709259962, 3.5661358428107457, 1.7735118708223911, -4.205205882919233, 3.558539706661368, 4.440021494410454, -4.938235301509135, 0.33445134912503316, -0.6511018801522352, 1.7088073912385933, -1.1711592742130865, -1.0975939043168585, 1.9317745043634926, 4.2269305846508916, 0.12404601271547189, -2.0174601196246424, 4.3604076490227826, 2.3533961038294713, 0.49520620546954497, 0.29039134273201617, 4.297172979695278, 4.633983613517161, 4.442528188706525]}},
			{"instance": 0, "evals": 1101, "best": {"evals": 655, "y": 287.75876344883915, "x": [2.2973631752381136, -2.606736047739702, 0.9554641311674343, 2.6462984874405424, -1.5137880365485556, -1.1873875812498844, -3.2152232094989674, -1.8450532493042475, 1.3164326205050263, 1.439269723118691, 0.6337555827259314, 3.7089444386159567, 2.5967772990899176, -0.21133009251224966, 2.092453331171085, -4.697572349950008, 3.630342868177773, 0.03717681943756723, 0.6035623390396836, 0.5016605757652859, 0.12290458121664294, -2.1206546754254085, -4.8623707914940715]}},
			{"instance": 0, "evals": 1101, "best": {"evals": 876, "y": 281.843316992449, "x": [2.7580833835203324, -2.819233473633915, -4.03318195134103, 3.834024187477972, -2.9890249715369417, -1.00339292169099, -0.5010685878754417, -3.4868709829172517, 3.1708432202114434, -1.1482283955346295, 1.6599463046989227, -0.8413379392197271, 1.8904941502968464, 0.599624885762581, 2.0548684803938695, -0.6704218915352875, 3.5106028009252928, 0.9241735837379617, -2.029643219894072, -3.976672014495968, -3.253920844042117, 4.53608282752058, 1.9600699368963515]}},
			{"instance": 0, "evals": 1101, "best": {"evals": 881, "y": 206.04141222155565, "x": [3.171669064237344, 0.8921288958249836, -2.422581239919271, -0.8305005073616374, 1.1684572373003022, 4.427793706692219, 0.9720081681705652, -1.7548630671118484, -2.5806651228908875, -0.176102584618389, 0.3786058142008728, 0.4465922004402567, -1.76345130617967, 1.9963668738110218, -4.798457633535546, -0.7149908034311467, 4.495016174150122, -0.0111046432932973, 0.6418892898500967, 3.047437402024233, -4.678695441581924, 0.7068090891467991, -1.4072892182559396]}},
			{"instance": 0, "evals": 1101, "best": {"evals": 982, "y": 258.6903963599466, "x": [2.9458191136760514, 2.448853297781966, 0.1856738255714605, -4.721767170603261, 4.806673331563742, -0.6081816736781276, -2.927322678712216, -0.824891869038388, -0.6991677049117633, 0.11709492803214738, 1.4706079168422819, 2.472467531047959, -4.164596453181494, 1.2383938579285587, -2.839418788958275, 0.887498185453226, -1.6077294862745442, -0.41747721064279464, -2.7538049397869866, -0.7656124646454776, 1.6243718334758617, -1.4242330124234934, -2.58443860057211]}},
			{"instance": 0, "evals": 1101, "best": {"evals": 977, "y": 355.7529641741436, "x": [2.9225142295443147, -2.268356666904454, 0.8857975055836089, -0.3791355373478462, 3.6094342720123738, -2.4145003083848624, -3.2374417373509323, 3.2937956918239384, -0.8518736514430811, 3.921079759005899, 1.871567978798819, 0.6387146076418448, 2.192118865032378, -1.3805414385282084, 2.892150911553914, -3.212890977570348, 1.1444693084599638, -2.5326622769678178, -3.560374693412061, -0.32521789443250704, -0.04760109900950571, 3.7150976680160426, 0.9962962982454147]}},
			{"instance": 0, "evals": 1101, "best": {"evals": 1061, "y": 121.68727916497572, "x": [-0.0484322411703868, 0.6295567165809748, -1.9440561777150345, -3.0090237156296222, -0.3498589550220377, 4.326584910105058, -0.2071338973973047, -0.1663248867474585, 4.345827743521768, 2.8175225369280237, -4.366818680831679, -2.696856048559146, -0.35213508164946994, 0.6597463003876363, -1.7610380876796006, -2.5935712754771574, 0.945825893082143, 3.5438867117591553, 0.5885728373947776, 2.147887368221873, 2.2794156213639987, 0.7486318972769603, 0.14021359746980977]}},
			{"instance": 0, "evals": 1101, "best": {"evals": 973, "y": 231.29008612919884, "x": [-0.8516450478418705, -2.0638847204048254, -4.654555183943182, 3.358753001560861, -2.27598671872496, 1.2385456291856376, 0.7408377835009681, -4.612904094642811, 2.6829818681460917, -4.04668369719629, -2.412702089074741, -2.175693964076049, -4.488869853167668, 0.8331127799819971, -4.964613343154503, -1.8692422786753962, 0.7707022005171389, -2.252591877632428, 0.6482216471982643, -0.7798560725159106, -0.6345152011708048, -0.33256575643680497, 0.5597048522498933]}},
			{"instance": 0, "evals": 1101, "best": {"evals": 1079, "y": 212.83117716699576, "x": [1.294976042881041, -3.4870516083920173, 0.6675777001522203, 2.612175897763664, 1.2401582953742123, 3.7983768935683138, 2.1928850421301904, -1.7793796095413281, -3.311664572008022, -0.22787025464995025, -1.7816668518888683, -1.8561288263886055, -1.0451932981326681, -0.9044468913636905, -2.6480914057960914, 1.162299469775002, 1.2446182516644484, -1.1817054175799422, 4.922564404760898, -2.0980292480729346, 1.1254128749022554, 2.684924110687927, -4.529017486796273]}},
			{"instance": 0, "evals": 1101, "best": {"evals": 563, "y": 215.6629045510679, "x": [-1.1413044689687335, -0.7385832399932633, -3.9579703224222706, -1.0746907026870123, -2.0310896954811, -2.587875293312474, -2.7644473642306893, -1.4720274435225322, 4.334964966926029, 2.0403072856381064, 3.6023016849602714, -0.9429350275128314, 3.5232034311368174, 2.6194850985747733, -3.327900003060189, 0.5807330416460665, -1.6681160690691863, 1.4435723983151991, 1.9320348579110642, 0.08981820883327263, -3.9489817030013397, 0.14044070553711485, -1.79985195638349]}},
			{"instance": 0, "evals": 1101, "best": {"evals": 965, "y": 248.91539123600265,