{
	"version": "0.3.14", 
	"suite": "unknown_suite", 
	"function_id": 23, 
	"function_name": "Katsuura", 
	"maximization": false, 
	"algorithm": {"name": "DE", "info": "algorithm_info"},
	"attributes": ["evaluations", "raw_y"],
	"scenarios": [
		{"dimension": 23,
		"path": "data_f23_Katsuura/IOHprofiler_f23_DIM23.dat",
		"runs": [
			{"instance": 0, "evals": 1101, "best": {"evals": 367, "y": 5.276661762550252, "x": [-2.620536319789494, 4.989288834354143, 0.1740433693660819, -3.5370734677202567, -0.25412431654915535, 0.7569407312428744, 2.124060664661604, 2.9291539807598204, 2.4315804777119165, -3.4716961872282703, -1.4277871110756655, -1.5179989726369985, -4.453484357446312, -0.43646076417054225, 2.5458123316385524, 0.6927279018889347, -0.34392418698350724, -0.26327770282872276, -2.461774557312047, -0.7862728964865804, -2.655839144384531, -3.9717517654292243, 1.9295599149423186]}},
			{"instance": 0, "evals": 1101, "best": {"evals": 571, "y": 3.825228466307141, "x": [0.44225114365154794, 1.2330128785227785, -1.958224325384872, 1.4526225842824525, -0.33187943508190454, -0.16120251849715128, 3.1954454959256413, -0.36858026679179634, -1.0854141891605056, -1.888423931418322, 0.48371089105649645, -2.030352322157377, 0.6339273545338635, -3.983638145499299, 2.1121355998904363, -2.8831535598867255, -1.0428313290194087, 3.2399009229333924, 4.461231671469616, -3.735748620917296, -1.6824257951750239, 1.7832427447452552, 2.757114994294698]}},
			{"instance": 0, "evals": 1101, "best": {"evals": 387, "y": 3.7803809886849904, "x": [-3.9368401609031634, 1.33742937398715, 1.9922259635885355, 0.2602153347683709, 4.609975824427346, 0.8464759970073077, -0.8774219271470427, 3.612232281497612, 4.439417564323998, 2.3835134651006094, 0.18533770365962088, 1.9159085259827267, 2.358418394531574, 0.7264388008236842, 2.919144386256587, 0.8661144106385628, 3.8829276129505708, 1.6067497097792622, 2.8745937776418273, 4.790196853997951, 0.021562415002333246, -3.1540775416827582, 1.0641817933585491]}},
			{"instance": 0, "evals": 1101, "best": {"evals": 664, "y": 4.128559300427624, "x": [3.575987241409509, -2.144498076046247, 0.444902662408587, 2.2540317620521257, 2.2336335371921217, 0.8129721745752336, 2.7543702688232994, 2.538666265352805, -1.9606803793773082, -3.248233187441183, -3.2485193337615517, -1.068768698916584, -2.3197833863982753, 3.8040496831333837, -2.7523202869063246, 0.3008019384084406, -3.552248745393258, -2.148971789221804, 1.4983532625076292, -1.3017060750456566, 1.0834474468008608, 2.2806538582573994, 2.0622861640524244]}},
			{"instance": 0, "evals": 1101, "best": {"evals": 190, "y": 4.127257126737523, "x": [1.2354058164520874, 0.6583902101440975, 4.036184497106545, -2.9914458458425064, -2.4288987743771093, -1.6894830368492886, -1.2701873427184562, -3.2365444293851677, -4.689122920313609, -0.49778721361799416, 4.866710458625269, -3.7166448641211502, -3.8815179382931286, -4.102516405216515, 0.2733006194217191, 3.7309229432672826, -2.232735204301032, 3.2579859435843357, 4.404954132435316, -1.6534700212809872, -3.8724543478534823, -0.7005834961110295, 0.9417817799658579]}},
			{"instance": 0, "evals": 1101, "best": {"evals": 957, "y": 4.331397943822383, "x": [2.6678144401978554, 4.6338495248344485, -3.7411705458172237, 0.11880599636317246, 3.0503501044701693, 0.7848993529500028, 2.0545170683151475, -3.00551437655547, 3.2500128920232036, -2.8310112943937615, -1.5347427987023683, 2.949988268866761, -4.848333912994474, 0.03129931759387583, 1.930431270001812, 4.1035132193551, 3.6299597376907613, 0.2910072156617054, -3.1598275584829545, -3.080368565868837, -2.1782818104144877, 2.8011606902994206, -1.4248432785330576]}},
			{"instance": 0, "evals": 1101, "best": {"evals": 873, "y": 3.7125933128507835, "x": [2.5123605512431606, 3.9834073242113686, -0.414299207213753, -0.8871495876357456, 2.1391214900016537, -1.5847243204890646, 4.0230104316857425, 0.37465235737267477, -1.2922274058974907, -0.7632759571849035, 3.3676174065795763, -0.024822890075990145, -3.974511654545696, 4.568375673807893, -3.335970531171547, 0.7394872585128685, -2.197445444293105, 0.43664674678519155, -0.5890753788765024, 1.2031507590853128, 2.270543196292322, -2.1317734043167977, -3.7694287017955315]}},
			{"instance": 0, "evals": 1101, "best": {"evals": 198, "y": 2.973641487075761, "x": [4.798885452147621, -4.686798955512005, -4.668820011003395, 3.4739905184300213, -4.795856112334373, 1.8497066611048396, -3.839689451610482, 2.4744799816037455, 1.2102359420474884, 3.3269733542560873, -3.0355680499562454, -3.952435222440882, -0.9318082760597837, 4.559902010413197, -0.9614227574362921, 3.3546530766592317, -4.60474436871416, -2.6159586987089707, -2.0832855138120965, -0.0041905345149970685, -4.063570491593743, 1.1268144966827878, -3.4927415053627784]}},
			{"instance": 0, "evals": 1101, "best": {"evals": 965, "y": 4.219054021759715, "x": [1.7653538853819857, -1.9749648744032995, -2.488496637292739, -4.291363128070135, 1.3433990380187257, -1.2768220719433119, -4.791301092255127, 1.8392540729253382, 1.0998994935222042, 3.350179852953052, -1.4975803020486698, 1.6194811797576927, -1.0999774052281306, -3.8162292473169748, -0.8953808068390812, 1.3435043881451303, -1.9729459963124785, -1.760033327522331, 1.0890703019049428, 0.7684361302052158, 2.1830142410331526, -4.498309021937116, 1.1080004308525258]}},
			{"instance": 0, "evals": 1101, "best": {"evals": 297, "y": 4.4435899683896976, "x": [-2.6128553555048395, 1.1525763395032742, 4.529650458244823, -3.6368698658412457, -2.196292424936014, -1.6667291614399895, 1.2427880322522284, 2.5699623297655805, 4.55290037434119, -2.5728383559721135, -0.42830056186333376, 4.5788147025896295, -2.8739889950440833, 0.7189557926893144, 1.26466999510379, 3.1058344941818374, 3.8519388392656175, -1.7186457541901055, 0.1073731823863735, 0.5003927135509798, 2.074586000720698, -0.15302653622657303, 0.1734190203380752]}},
			{"instance": 0, "evals": 1101, "best": {"evals": 30, "y": 4.074111483724299, "x": [4.472386395113505, -3.502506645615245, -4.740525422171382, 1.5093924247865873, 1.648160590083787, -1.4996512499496473, 3.2329497577849917, 4.623659861148942, -0.878920145621839, 2.803157427033306, -3.981450899018768, 2.660493035916164, 3.3396988236457137, 0.9485432021337816, -1.8465826324799406, -1.3907423081270451, 1.7702928321904334, 4.002207184900323, -2.6008243088783614, 2.038816989449667, 3.923950672515881, -1.4238507344471474, -2.7743396952067645]}},
			{"instance": 0, "evals": 1101, "best": {"evals": 555, "y": 3.8398294305906973, "x": [1.704649670190248, 2.4023993915933266, 3.222166682641078, 1.0649060829794208, 2.049820279575496, 1.2663894549293389, 2.1292327961302187, 1.5840743766995633, 4.024910196275748, 2.719066409830121, -0.5300532980408224, 1.0512546406855154, 2.913785567963295, -2.025932324980773, -4.30410480207153, -3.39975677528529, 0.17800209445950266, -2.8291766626432633, 1.757073090574188, -4.271426359161378, 0.9095825210570663, -1.6549446676015709, -1.271934903980284]}},
			{"instance": 0, "evals": 1101, "best": {"evals": 276, "y": 4.708411046121471, "x": [2.2889678041095145, -0.37321541676142367, 2.1334017354380874, 4.730760287755537, -0.02374973780904366, -3.5472189185017475, 2.0303275771235403, -4.1250302442968305, -3.752388825572801, -4.29650196146361, 2.0652885263815444, -3.8854061384156173, -0.8543202637556284, 3.234632611073856, 4.489482991248829, 0.5384966229737387, 0.6684105481631288, -4.679589164782088, -0.029215507904233107, 0.6447657255767001, -0.2727654816255929, 0.3477712563993691, -4.000920813043161]}},
			{"instance": 0, "evals": 1101, "best": {"evals": 277, "y": 4.321089515721084,