{
	"version": "0.3.14", 
	"suite": "unknown_suite", 
	"function_id": 7, 
	"function_name": "StepEllipsoid", 
	"maximization": false, 
	"algorithm": {"name": "DE", "info": "algorithm_info"},
	"attributes": ["evaluations", "raw_y"],
	"scenarios": [
		{"dimension": 23,
		"path": "data_f7_StepEllipsoid/IOHprofiler_f7_DIM23.dat",
		"runs": [
			{"instance": 0, "evals": 2301, "best": {"evals": 2292, "y": 247.5734306647306, "x": [-0.8526012085201033, -1.7147092817599017, 0.5815152475254575, -1.0337073176068223, -2.7347769544203273, -3.2083650605619285, 1.74772070623357, -1.3622198860183845, 0.19297580434372286, 4.752125833692121, -3.8418064507780247, -0.1405899577557126, -0.49547510484820023, -3.9749518908582204, 2.8554503928450856, 0.8496949659310207, 2.5775309876926236, -2.5350426951251013, -0.062119590509789324, -2.507310637892345, 0.5876312696332762, -3.0175040315648314, 1.1409949330800986]}},
			{"instance": 0, "evals": 2301, "best": {"evals": 2275, "y": 277.1970221185206, "x": [-0.2738894013111097, -3.2533056630522728, 1.2883256550969255, 3.4184395710122515, 0.7576944158722285, -1.2215931215159812, 1.2674456208774676, 2.450459676645149, 3.5654094665913374, -0.8600357232543214, -3.4261558619402734, -3.1875510481300293, 1.6008933926250144, 1.2670642502332798, 2.047292962194673, 4.298168316829176, -2.925108435156767, 1.443590833331797, -1.8277195134288142, 0.9503488426668811, -1.1315300199295297, -0.055913326425970133, -2.536820179287931]}},
			{"instance": 0, "evals": 2301, "best": {"evals": 1990, "y": 254.9460269023879, "x": [-4.280417143753636, 0.18569390501927807, 3.1244695358412873, -2.9627835680961945, -0.21152444425674233, 2.0524474143441163, 3.843621334267482, 4.580459635722264, 2.1748908111687095, 3.881204786033403, -4.619607106080058, -3.239126499252181, -2.8897697347005673, -0.41094882841981395, 2.649566924087301, -3.5746481286198355, 2.465417669530609, 2.943514527339998, -2.8928372346995532, -3.520044011441291, -0.9535063016750691, -1.6611447378415523, -3.899686827850177]}},
			{"instance": 0, "evals": 2301, "best": {"evals": 2195, "y": 180.31764370423767, "x": [-1.1999654693915698, 1.0512337005556243, 0.1066319586620903, -0.628583041916347, -1.6234301529062447, -2.0453075548614823, 1.4798366301604042, 0.9399573933811589, -1.6744684393321778, 3.3724494399149947, -2.893426235808575, -0.5824102261689497, 0.38379256452538835, -1.888160928806847, 2.62357714370157, 2.885865423062329, -1.3597491918924924, -4.331076316421913, -1.836568831886356, 2.606068183430524, -0.23041232330850192, -3.5238457890427, -0.3048610049794658]}},
			{"instance": 0, "evals": 2301, "best": {"evals": 2260, "y": 203.74971550925818, "x": [0.23897110486636586, -2.266547209984406, -0.025965996026915406, 0.14468370004409437, -0.14426745935845142, -1.9210098208193802, -0.9699964114293289, -1.1532383627476925, 2.130189626362648, -0.06080382351549107, -1.0822978187480539, -1.6510543147166261, -0.7705082982951623, -2.954505744297971, 1.943146462064099, 1.9454947344393414, -4.150965554006492, -3.4841624911628823, -2.5174333007771232, 0.12792153077870128, 2.5093619705370327, -0.6648113026811668, 3.37351034915838]}},
			{"instance": 0, "evals": 2301, "best": {"evals": 2283, "y": 248.4181161594046, "x": [-2.8112882008143902, -1.941816290204102, -0.5233477429714339, 3.075355295228714, -3.121832751027868, -1.0114634543435115, 3.9130817467697754, 4.420709677997475, 1.212487029363878, 1.5200051503512797, -1.4967357076873804, -1.9766487147293181, 1.472512418214159, 1.7159586479442428, 0.009473909298134409, -0.7590725143806063, 0.2777345830228368, -4.711704440707516, -1.0153972126615518, -3.7391629985209245, -4.354527718961506, -3.6649946836565666, 0.7570925181996317]}},
			{"instance": 0, "evals": 2301, "best": {"evals": 2173, "y": 251.21355841216496, "x": [0.2971185294089569, -1.0682881983811872, -0.19925495886283473, 0.324292671617719, -3.7491618005149387, -1.0312109306934638, 0.10444704037366581, 2.088710536121793, 1.3804131700998177, 3.6658984446939895, -4.8327361565713245, -1.8059381853621268, -0.13408086272854547, -1.314481144826569, 3.5899835034995276, 1.9214767590287885, -1.5549305299461196, -1.9134266703926381, -4.0097038308064175, 1.1130690356644157, 4.011976821736365, -1.0572060452611867, -3.4151881197891827]}},
			{"instance": 0, "evals": 2301, "best": {"evals": 1980, "y": 232.4330085509979, "x": [-1.810204910310437, 0.10672920582536638, -2.38211711932104, -2.2419833873713912, -1.6817828770986076, -2.4270400584902134, 1.7857660002656677, 2.753630118788558, 1.4141921905171984, 1.7723020545360693, -3.628795957222647, 2.5678578689490115, 4.113657802413318, -3.5521494177495248, 4.163447773242417, 2.178070171189079, 0.5523729190713178, -2.7375201493913868, 0.0012377774141180131, 2.3467869469248006, -4.460989503319972, -2.9642461812777987, -4.439709377971021]}},
			{"instance": 0, "evals": 2301, "best": {"evals": 2286, "y": 234.39389118386558, "x": [-0.22498911922532194, -4.2919710960101485, -0.06154571841177048, 1.3488335446428543, 2.863546147710565, -4.551119776456417, -1.3825914454099002, 1.696400241794528, 2.0483193228657814, 2.529819707337545, -4.27288797636453, 1.5063803520122123, -0.3675438537131732, -2.5542994119518534, -0.034388922247182596, -0.309951684949917, -2.0262463120004335, -2.4774085569202606, -0.03347709390183051, 0.992430668113696, -0.5049571042218135, -2.173693533996736, 1.8120908435299024]}},
			{"instance": 0, "evals": 2301, "best": {"evals": 1496, "y": 200.21949314283893, "x": [-4.720097475266627, -0.34305549851625117, -0.35487783747048374, -3.523663661755651, 4.90834258775042, -4.250568885693975, -0.1168126531258884, -3.2328491607825316, 4.78658067218489, 2.567193739332538, -3.4927149605469876, -1.2377574975659666, -0.06248775522058447, -2.393042969139719, 4.279718378935188, 0.9269220618838272, -3.239804114320918, -4.346789944778434, -0.5554268084448606, 0.21134958126660353, -0.44756597911339835, 2.6382540357303146, 3.537002077847009]}},
			{"instance": 0, "evals": 2301, "best": {"evals": 1485, "y": 258.88055760084393, "x": [-1.9765536494413485, -2.1541798093474482, 0.8947033904864052, 1.351235356289336, 4.326697866768845, -0.664360097290221, -1.02724480977475, 2.4779895960299436, 2.311752970793786, 0.3342247643369922, -3.3678588669125493, -4.358951998716794, 3.8980027175923952, -3.592444574789174, 2.150876293119429, 0.10958629353214366, -2.9769772426667593, -2.334044076073099, -1.214807258969846, -2.37238183565099, -1.8897912748853587, -4.856980719075455, 1.4683624908643576]}},
			{"instance": 0, "evals": 2301, "best": {"evals": 1791, "y": 242.88931777073995, "x": [-0.7378973699132716, -2.2293500957007906, -4.426917643214417, -3.1264841744633287, -0.3143823130876049, -4.608722895671281, 0.2841012069302564, 1.0335006680730816, 0.12077837839577477, 2.801272175124644, -3.6589107836429626, 0.401145459522688, -0.1285257112125462, -1.585916623164043, 3.070129194113173, -2.9521336029547163, -2.663710598036665, -0.5726101651732525, -1.000065316219294, -1.3801277632535724, 2.6522573306831685, -0.2803925182853204, -3.6405232974431363]}},
			{"instance": 0, "evals": 2301, "best": {"evals": 2092, "y": 192.81470711603288, "x": [-3.6536849201523127, -1.7997218218232423, 1.8128617818927144, -4.353117399343914, 0.2634124854168203, -3.9636150295602146, 1.7806368538495818, -1.2057042949973988, 2.8530155424360055, 4.019274754110922, -2.894815905884128, -0.7752794694564846, -0.2803727577920232, 0.627355251838515, 4.49390744185396, -0.7034439650867057, -4.0854142963767455, -1.408183576290388, 1.1601222109570095, -0.8787090542591929, -1.0493999895408617, 0.4924011618541839, -0.6967176853103201]}},
			{"instance": 0, "evals": 2301, "best": {"evals": 2065, "y": 236.32847194799865,