evaluations raw_y
1 0.9383459474394518
2 4.198549817530554
3 4.648159627306874
4 7.360582501602541
5 5.333861607104745
6 3.493496745702475
7 3.7201943714521124
8 2.6070187644499034
9 2.704010982241557
10 2.879702911346999
11 4.902356378935583
12 2.5798386315402877
13 5.089720343211088
14 5.481689482047941
15 5.153486038986984
16 5.810897031300627
17 2.61881249332256
18 4.234613015717549
19 2.7337313086221022
20 7.006797119849231
21 4.298513920641972
22 2.8575520894450483
23 2.86695106024397
24 3.3984961886453267
25 2.714368412668021
26 3.484202635171042
27 2.155491608093513
28 0.928851801230051
29 4.394886733079612
30 6.78442415056197
31 4.984537757540811
32 3.084157287582604
33 0.9342382199357213
34 2.1577829653222103
35 4.265734398346221
36 2.500528022389381
37 4.325928192578577
38 2.1679808896513544
39 2.4774201808097787
40 1.560239857706683
41 2.6398252345172586
42 3.5007726617213866
43 6.560136375717345
44 2.4865589848325373
45 8.705098220321192
46 5.780618988627496
47 4.186575640677922
48 1.7436835342118202
49 5.153819894029272
50 4.138515321980662
51 0.09532020417098552
52 0.8833954791364735
53 3.4647355150500085
54 0.11799995584269579
55 3.136298020392142
56 3.5723048241945228
57 3.983547017995314
58 4.363116760761073
59 3.9807390465716117
60 1.5064259565481688
61 0.907049829049916
62 2.3991204000227495
63 2.3909020596088006
64 4.550302818717778
65 2.675959217502617
66 4.604589438428116
67 2.1213843770495484
68 0.8222449126504435
69 2.3564071197302208
70 2.4077774870639015
71 2.885326496384162
72 1.0411566854081058
73 0.90802702334263
74 2.259411740900955
75 1.8734280149792266
76 2.377051051051184
77 1.4948455015413349
78 2.713056721108255
79 0.9298365456425064
80 1.2706808573795596
81 0.5210627305818122
82 0.5269801687049154
83 2.57516189479698
84 2.249655982056959
85 4.949964110776133
86 2.292547031982411
87 3.7395976097890333
88 5.0462851687214
89 4.8404102503288176
90 2.354519485830574
91 1.373371547321226
92 6.80702589680718
93 1.085031536437576
94 1.5675164817380305
95 1.057791647724596
96 1.817617461345031
97 3.5879741002987564
98 0.9477115101621459
99 -0.20031732030525262
100 0.9480162272880472
101 0.5754121254476597
102 -0.15650166746857622
103 2.427649025437514
104 0.842424969865645
105 2.566286456642984
106 3.2537401857723283
107 0.9468479625485736
108 3.1117890542281357
109 0.972208346136496
110 0.9314877493577061
111 2.0162434086850975
112 0.9141725453527927
113 4.1843132216904
114 3.9574032329247237
115 2.5585407564035187
116 0.9148302112546993
117 0.9453245278227828
118 0.8961121860608736
119 0.8574544004985456
120 2.5663312454353053
121 1.309786484279777
122 1.9944857088279775
123 0.9262019053595884
124 0.8226171168056611
125 2.0403954210772075
126 0.7420855971087685
127 0.9004180622147913
128 1.1515380040837195
129 0.9005655093202274
130 2.6087296461332046
131 0.9463377748258266
132 0.7563183427393058
133 0.9302844215952584
134 1.278439348953444
135 0.5008594956366087
136 2.094996174462022
137 -0.19068754893542492
138 2.3426320105627543
139 0.9414347107067549
140 0.16694792558275212
141 2.2061648710831836
142 2.3419180344674464
143 0.9141225814674353
144 -0.12936758027223977
145 3.2761121098969124
146 0.8825368679944802
147 1.1960795098511587
148 0.9383509291069503
149 2.333413301583836
150 1.7465632772718191
151 0.9342382199357213
152 4.198549817530554
153 2.4774201808097787
154 0.8825368679944802
155 0.7563183427393058
156 0.09532020417098552
157 3.1117890542281357
158 -0.12936758027223977
159 2.3909020596088006
160 2.1213843770495484
161 -0.15650166746857622
162 1.4948455015413349
163 0.5210627305818122
164 1.7465632772718191
165 3.7395976097890333
166 0.9141725453527927
167 0.842424969865645
168 -0.20031732030525262
169 1.560239857706683
170 0.8226171168056611
171 2.0162434086850975
172 0.8222449126504435
173 0.7420855971087685
174 0.5269801687049154
175 0.9004180622147913
176 0.9302844215952584
177 -0.19068754893542492
178 0.8833954791364735
179 0.9141225814674353
180 1.1960795098511587
181 0.7321621977557743
182 0.35308543932906994
183 0.9472895233406664
184 1.4045507222524467
185 3.850350347662211
186 0.12175936147683203
187 5.0775176128257105
188 2.4011261868540528
189 0.6194209696758327
190 0.06980907108992301
191 0.915145850003732
192 0.3560592957799941
193 0.8541899551542892
194 0.6475234098035447
195 0.8465731741718241
196 0.719458590213974
197 0.5915841424788255
198 0.6716266905098945
199 1.6319299139694072
200 1.6171206984627784
201 0.07016832115804805
202 0.9325935495069644
203 0.9057352464085335
204 1.0795376541592694
205 0.687549254153483
206 -0.19753272709683606
207 1.8028892915600883
208 0.8842962151864997
209 -0.14600060042517896
210 0.5959961933682574
211 -0.12879514409669815
212 2.4661735887167904
213 0.6281941305421004
214 0.8835525227766763
215 0.3447248455588948
216 0.3150607008938393
217 0.10249438194081353
218 0.25006951335203537
219 0.8917680040057296
220 2.1968806798169167
221 0.3656839628228131
222 0.771718553506094
223 0.8147975992636778
224 0.881751895992819
225 0.32102603795033996
226 0.22049053508966557
227 -0.05731670161020869
228 2.5568001255489525
229 -0.2004617120001409
230 0.6644295345006678
231 0.3387105967011163
232 1.907895750634774
233 1.641123720369039
234 0.24136203738464274
235 2.0548062337302513
236 3.1553803060838774
237 0.3842498249831169
238 -0.06543708396988018
239 0.2832435884437371
240 -0.03539053139774337
241 0.9334812086677624
242 0.20112888558667022
243 0.49384057318808294
244 2.5647554150612923
245 0.02971459588402653
246 0.2788499540030591
247 -0.013623576297653928
248 0.5957499367185527
249 -0.1363570646358693
250 -0.1417178598817161
251 -0.04978724577961832
252 -0.18079717264144277
253 0.6438199560591187
254 0.30696567810164516
255 2.435567306057944
256 0.29568826363596906
257 0.6434512054707026
258 0.5432772033011973
259 0.8938704469463856
260 2.4433390023254162
261 0.9453232368728619
262 0.045170889990140295
263 2.103184866772706
264 0.8829663090791671
265 0.30414243368364285
266 -0.19904236459689476
267 0.7823820340031794
268 2.2596405548497907
269 0.4365139464324264
270 -0.1532688217243078
271 0.2573624130999371
272 0.36365745074992256
273 -0.011872972115122796
274 -0.011604870845983037
275 0.08764017006838744
276 0.9201116374470991
277 1.746895183330781
278 0.9423355689232006
279 0.5607164725223004
280 0.8833555798729619
281 -0.18690721972666235
282 2.0043631467607828
283 0.013720716649748943
284 -0.17343048358792348
285 -0.1996185341126252
286 0.06797989229540977
287 0.14743372240509672
288 0.11730482303546053
289 0.2930877482998605
290 -0.0030871263297214957
291 0.8877829460009056
292 0.8984433348850828
293 -0.18599661933272976
294 0.5500653831191366
295 -0.1871189574513749
296 -0.19569169613722487
297 0.14781561034480709
298 -0.19184468345739772
299 0.562790802631979
300 0.894006155139389
301 0.22049053508966557
302 0.8984433348850828
303 0.6194209696758327
304 0.8465731741718241
305 -0.19753272709683606
306 0.07016832115804805
307 0.6475234098035447
308 -0.19184468345739772
309 -0.19569169613722487
310 -0.03539053139774337
311 -0.15650166746857622
312 -0.05731670161020869
313 -0.2004617120001409
314 0.9423355689232006
315 0.2832435884437371
316 0.49384057318808294
317 -0.013623576297653928
318 -0.20031732030525262
319 0.6438199560591187
320 0.6434512054707026
321 -0.19904236459689476
322 0.20112888558667022
323 0.2573624130999371
324 -0.1532688217243078
325 0.5607164725223004
326 -0.18690721972666235
327 -0.1996185341126252
328 0.2930877482998605
329 -0.1871189574513749
330 0.14781561034480709
331 0.13587647136486622
332 -0.07979110554597799
333 0.9382011899092663
334 -0.19932082419057345
335 -0.17339135591324664
336 -0.042847210254359946
337 -0.05210906171813451
338 0.8863061984433876
339 0.3323083707791582
340 0.39714006513169414
341 0.3323083707791582
342 1.136902913036867
343 0.19441687462035467
344 0.4395930896566291
345 0.3651526730380526
346 2.190873998565248
347 0.06571528757157738
348 -0.06630848569956033
349 -0.18952013786768926
350 2.5126748184514884
351 0.5558537889453445
352 0.8420126861382824
353 0.07016832115804805
354 0.3590824117320843
355 -0.045518856820912834
356 -0.18807075109053425
357 0.4828183339018233
358 1.03177974200604
359 -0.18910750206965368
360 -0.03349399184444296
361 0.5189118546444996
362 0.20485522699252012
363 -0.1986587846253985
364 0.03831937518216523
365 -0.18069017439047164
366 1.6652827126610428
367 0.5714075201301023
368 -0.033852633781766894
369 0.6950242149907226
370 -0.11107334179843809
371 0.2903794901478627
372 -0.1948025592459181
373 0.6451012117390168
374 1.735391857461222
375 -0.12827264201855257
376 0.19028213835189045
377 -0.2000231997815093
378 -0.17532227193368138
379 -0.1544050395646928
380 -0.06581661265526664
381 -0.2000307735271163
382 0.7754109185959096
383 0.9423967079180472
384 -0.04641224247804737
385 0.9418227326910589
386 0.9203212175260163
387 0.11047201537078567
388 -0.09774277102715787
389 -0.14462486599709118
390 0.22461421484181898
391 -0.20026270622698086
392 0.8500259227841646
393 -0.19954810197923498
394 2.106850723719148
395 0.4614748603202247
396 -0.1928679159474533
397 0.07658149160463174
398 0.5616715287249795
399 0.07260423729974858
400 0.3756426763672633
401 -0.19624023423472098
402 0.46119498448457774
403 -0.18991451287611352
404 0.4350618262724457
405 -0.03723418570733468
406 -0.16024766821306785
407 -0.14843953149512773
408 0.18638787061500242
409 -0.14596852456346282
410 0.9476375267760484
411 0.2560613987790606
412 0.606193728577809
413 0.016052995880312393
414 -0.19982547809938508
415 0.16291331885270657
416 0.8515705670003256
417 0.21782689108227715
418 2.1781859415438776
419 0.27931455646978687
420 -0.19940874098539027
421 0.2256884459400205
422 0.8891422709493138
423 0.2033948430822227
424 -0.16447825307182873
425 0.011351499454913927
426 1.9045313792886769
427 0.04348066076592984
428 0.9285185313967432
429 0.05710240789052212
430 2.4211599504392725
431 -0.19689357642891728
432 0.4015983432489669
433 -0.19436824026696112
434 -0.05977088660522395
435 -0.16719368918836444
436 -0.06392492920500184
437 -0.017779551528435883
438 2.469219088964895
439 0.17172579102582308
440 0.3664112588158112
441 0.8973363649501025
442 0.9230060680218173
443 -0.18698905722201586
444 0.9453533479650251
445 0.08025626944374034
446 2.4600490200079688
447 -0.18768425397206
448 -0.1192872489258611
449 -0.17604568460642053
450 2.3775715708574907
451 -0.03349399184444296
452 -0.17339135591324664
453 -0.05977088660522395
454 0.19441687462035467
455 -0.19753272709683606
456 -0.16447825307182873
457 -0.045518856820912834
458 -0.19184468345739772
459 -0.1986587846253985
460 -0.03539053139774337
461 -0.15650166746857622
462 -0.2000231997815093
463 -0.2004617120001409
464 0.9418227326910589
465 -0.14462486599709118
466 -0.20026270622698086
467 -0.19982547809938508
468 -0.20031732030525262
469 -0.18991451287611352
470 -0.19932082419057345
471 -0.19904236459689476
472 0.16291331885270657
473 0.2256884459400205
474 -0.1532688217243078
475 0.04348066076592984
476 -0.19689357642891728
477 -0.1996185341126252
478 0.17172579102582308
479 -0.18807075109053425
480 -0.1948025592459181
481 0.134279006913984
482 0.20000165703326722
483 0.1386083297742119
484 2.4444915831338263
485 0.29527373675524127
486 0.5658535821323031
487 0.2924644740046226
488 0.9468493262685668
489 -0.04587289889885218
490 -0.20025222050309643
491 -0.071282855752342
492 2.296533724628895
493 -0.0822453156231468
494 0.09972422365484121
495 -0.14665465714317985
496 -0.11288544699799691
497 -0.12766404394580005
498 -0.04541208315390288
499 -0.16357697098981958
500 2.206828151575348
501 -0.14119194999420182
502 -0.16615171522012923
503 -0.19440077662483055
504 1.4957922791433496
505 -0.09106388509725577
506 0.038301134595664615
507 -0.08597478260486807
508 0.589227903263351
509 0.4009474844981764
510 -0.046214893210544616
511 -0.1894511390595156
512 0.9469436929667379
513 -0.1958141874300852
514 -0.0774630441678687
515 0.18585994739913902
516 2.5565131515016737
517 0.271056440535346
518 0.7861597673329455
519 -0.15183140520912325
520 2.394889970788514
521 0.17668936778607217
522 -0.16086930738340668
523 -0.19011381732853486
524 0.9366486888689384
525 -0.0954034915135697
526 -0.14662734607125075
527 -0.2000231997815093
528 0.35539982825938693
529 0.021285025914539735
530 0.19556684833448318
531 0.14545999373674948
532 0.8827813743840265
533 0.4952660323891119
534 -0.05651575334914469
535 0.7122497873474111
536 0.9037064672037955
537 0.02931805769605579
538 -0.19652232538218303
539 -0.02634759337844708
540 1.3322762095508187
541 0.5964315019091692
542 -0.026553647388242063
543 -0.08663328314260549
544 0.7998186592827796
545 0.005971834872324694
546 0.058319928403587386
547 -0.19186048764257227
548 -0.18953411018310373
549 0.32049191474004796
550 -0.19101353093311235
551 -0.19902138175715822
552 2.3724098643143448
553 -0.16288465411899053
554 -0.19007665606481708
555 0.0765065374103478
556 -0.19972219471611524
557 -0.125762653064571
558 0.05432957927760779
559 0.09259771737552802
560 -0.18606011298735292
561 -0.1970630716733475
562 -0.12030561407014861
563 0.03155843393776647
564 -0.20018174118522336
565 0.01900242695850446
566 -0.006604967365112929
567 -0.04102298068488741
568 2.2922018970302305
569 0.2222102801796501
570 -0.19936297796672633
571 -0.18162638540106205
572 1.1694882231658714
573 0.15925409587057382
574 0.6723805889964579
575 -0.1564778115569837
576 2.1676767749869277
577 -0.19980196679595238
578 0.24505176728837996
579 -0.060810202579580364
580 1.7975920164508117
581 0.6969401652216849
582 -0.14955673669405756
583 -0.0206847176459799
584 0.18285949058424278
585 -0.12519863652178642
586 -0.11385031318830319
587 0.5999748810388043
588 0.6797423627636788
589 0.6342335680520501
590 -0.07704100414083692
591 -0.20033177466170862
592 0.3040968196724747
593 0.08478906586659658
594 0.4124228449347182
595 -0.14808697805051735
596 -0.19540844654323644
597 -0.20011033659678903
598 -0.1927438273546103
599 0.504070655061988
600 1.748877805546724
601 -0.12030561407014861
602 -0.17339135591324664
603 -0.19101353093311235
604 -0.18953411018310373
605 -0.19753272709683606
606 -0.19440077662483055
607 -0.09106388509725577
608 -0.1927438273546103
609 -0.1986587846253985
610 -0.15183140520912325
611 -0.19011381732853486
612 -0.2000231997815093
613 -0.2004617120001409
614 0.4952660323891119
615 -0.14462486599709118
616 -0.20026270622698086
617 -0.19982547809938508
618 -0.20031732030525262
619 -0.18991451287611352
620 -0.19932082419057345
621 -0.19904236459689476
622 -0.14955673669405756
623 -0.18162638540106205
624 -0.1564778115569837
625 -0.19980196679595238
626 -0.19689357642891728
627 -0.1996185341126252
628 -0.20033177466170862
629 -0.18807075109053425
630 -0.20025222050309643
631 0.08377285022315889
632 -0.1273927219801954
633 0.07423121919625805
634 -0.19446775272829336
635 0.3482285057932298
636 -0.11284154847839017
637 0.13385258599790897
638 -0.17618979830698972
639 0.09036828659489794
640 -0.18639074571067132
641 0.10690246530316064
642 0.9348571260412597
643 -0.005965083844216942
644 0.41996959792766025
645 0.8969806269152879
646 -0.20033339088627464
647 -0.1813336469778724
648 -0.19397890835345333
649 0.22832718803176688
650 -0.19479249564649373
651 -0.1960485325502554
652 -0.1547258261403563
653 -0.1996116387436737
654 -0.15110567735499456
655 -0.1039376537477395
656 -0.11547221982592262
657 -0.1615972617957927
658 0.9755545288002497
659 -0.04362836873258891
660 0.006167204687792402
661 0.3115793111121442
662 -0.02836518624333187
663 -0.1997467232521113
664 -0.182403311543641
665 -0.20035089375787113
666 -0.19744590869353362
667 -0.1882073242848161
668 -0.20046398934632623
669 -0.05452703173179435
670 0.9477226425547611
671 0.03329555321484587
672 0.24571140388374224
673 -0.1928582441501885
674 0.9448235619811396
675 -0.050770779033560254
676 0.30237527018391774
677 -0.10053691333466841
678 1.124852043422198
679 -0.15660881200166524
680 -0.1381403389602992
681 -0.19673507854019645
682 -0.11124676878013678
683 0.7949874930121537
684 -0.17304383061095263
685 0.49540884619350245
686 0.9218410034642436
687 0.08237054160909427
688 -0.1966032600506324
689 0.25394401715606685
690 0.8830276132836636
691 0.13431703194502073
692 0.23020939378605754
693 0.16049833028591248
694 0.06154633150367103
695 0.5325312367766428
696 0.18959085781158977
697 0.9134012801250424
698 -0.1968512733397416
699 0.04407281889669237
700 -0.10057362745639267
701 -0.05011833529518739
702 2.236540964123477
703 -0.11957018084884807
704 0.0011669786763213175
705 -0.18288756200073977
706 1.03777172288449
707 -0.16841060487047244
708 0.7653380205485294
709 0.14817266635131238
710 -0.037387628532962014
711 0.009253628598525063
712 0.011055328224245153
713 0.5555714809680045
714 0.8947836541674781
715 -0.11987834082451154
716 -0.19947922233849666
717 -0.14709013475443034
718 1.6795585630582264
719 -0.09542147010168306
720 0.19094620727595962
721 0.08177300716934924
722 -0.17791467927221793
723 -0.16061018621857598
724 -0.18676770846088947
725 -0.13288657272192023
726 0.9087473375335303
727 -0.14623656611014538
728 -0.05737904852716447
729 -0.19777780916905477
730 -0.1990400919097633
731 0.397197401709057
732 -0.1596493152343828
733 -0.19184518245701068
734 1.0506182790282952
735 -0.19656457451872958
736 -0.19536243448266347
737 0.01539669632745111
738 0.9571192395293504
739 -0.19097889172172056
740 -0.18735360683193694
741 -0.10274328829241144
742 0.3412750776886479
743 0.6995810829845718
744 -0.05778395603784381
745 0.7654749362363111
746 1.5836910421008163
747 -0.11652091569269438
748 -0.20035034958051387
749 -0.1360556541652672
750 0.9203123309304826
751 -0.19744590869353362
752 -0.18639074571067132
753 -0.19446775272829336
754 -0.18953411018310373
755 -0.19753272709683606
756 -0.1996116387436737
757 -0.20033339088627464
758 -0.1927438273546103
759 -0.20046398934632623
760 -0.1882073242848161
761 -0.1928582441501885
762 -0.2000231997815093
763 -0.2004617120001409
764 0.41996959792766025
765 -0.14462486599709118
766 -0.20026270622698086
767 -0.19982547809938508
768 -0.20031732030525262
769 -0.18991451287611352
770 -0.19932082419057345
771 -0.19904236459689476
772 -0.14955673669405756
773 -0.19947922233849666
774 -0.16061018621857598
775 -0.20035034958051387
776 -0.19689357642891728
777 -0.1996185341126252
778 -0.20033177466170862
779 -0.18807075109053425
780 -0.20025222050309643
781 -0.20044724622040055
782 0.14363298102199556
783 -0.19915933038048275
784 0.9473430690168427
785 -0.17655581930680636
786 0.08892913121070639
787 -0.11246758897060033
788 0.8544247603165762
789 -0.16047249535174624
790 0.017666364592935413
791 0.31109815059199064
792 0.7148650115931579
793 0.6509476032553155
794 -0.16723695134178093
795 0.5109165774026627
796 2.4414133930607083
797 -0.16964751018680901
798 -0.10503600896647913
799 -0.09224341846810216
800 0.9058182904544894
801 -0.20019687381552265
802 0.045708373434243124
803 -0.1953069801410395
804 -0.0020276295890814255
805 -0.19427277367899448
806 -0.12340226951425534
807 -0.19596668836957543
808 2.3951000487218
809 -0.19131430016417197
810 0.38770902392739
811 -0.11214930662398048
812 2.177258309521739
813 -0.0009203452353905572
814 -0.1967328624312417
815 -0.1976216546657572
816 1.6716342986407666
817 -0.18669192551331676
818 0.0561581709423541
819 -0.1272460779844634
820 2.5034889231293604
821 0.5602341515133965
822 -0.1472884679757798
823 -0.19779204011125187
824 -0.10648937651653703
825 -0.05959955804419784
826 0.09820731633119262
827 -0.20041861136804442
828 2.1602519891114476
829 -0.19102189650384493
830 -0.06493493039132028
831 0.6562209630304678
832 1.2744212371798027
833 0.2686309170007595
834 -0.17864066603950488
835 0.3821703417630497
836 1.151454770260977
837 -0.17472152837829624
838 -0.19138132452403117
839 -0.20046470895227073
840 1.1128421679498015
841 -0.11191611596392265
842 0.6989326507351931
843 0.1255615090288263
844 -0.011567617266244778
845 -0.19511822386023894
846 -0.06920756823058521
847 -0.05913713645988161
848 1.0879286475500618
849 -0.16602611678275925
850 -0.19872807445178037
851 0.6517613528106309
852 0.27707111512538496
853 -0.18945430441653147
854 -0.19631048078509833
855 -0.17024138235425726
856 2.519332128361239
857 -0.19996219222314693
858 -0.19637850013981858
859 -0.16395646759992957
860 -0.17370217745439276
861 -0.19737077462095665
862 -0.17896605422837508
863 -0.12927957157149242
864 0.3279277572324369
865 -0.08738644611977553
866 -0.19860709435331358
867 -0.16715058991307585
868 2.250696913839412
869 -0.20009193004799575
870 0.5822407457297837
871 -0.008117905851022844
872 0.5482940665098833
873 -0.18300871270566682
874 -0.19817085450709562
875 -0.17918234270910346
876 1.2890968844375212
877 -0.11609285003847628
878 -0.15353481912124278
879 -0.19807145139354698
880 0.3465036575956577
881 -0.1501061844742834
882 -0.14418373451471642
883 -0.15812299966425547
884 0.6428716811453493
885 0.01589187761126308
886 0.08943042408086702
887 -0.16321705378258125
888 0.9138647917489123
889 0.10333795253976297
890 0.09039260970426202
891 -0.19797985500130844
892 2.339528600822611
893 -0.17240554111950396
894 -0.18464679622488342
895 0.5836603878133226
896 -0.16207327621028197
897 -0.20025252535250193
898 -0.1978036331478149
899 -0.20011435254013216
900 0.029419549686633725
901 -0.20044724622040055
902 -0.18639074571067132
903 -0.19631048078509833
904 -0.18953411018310373
905 -0.19753272709683606
906 -0.20019687381552265
907 -0.20033339088627464
908 -0.1927438273546103
909 -0.20046398934632623
910 -0.1882073242848161
911 -0.1978036331478149
912 -0.20041861136804442
913 -0.2004617120001409
914 0.2686309170007595
915 -0.20046470895227073
916 -0.20026270622698086
917 -0.19982547809938508
918 -0.20031732030525262
919 -0.18991451287611352
920 -0.19996219222314693
921 -0.19904236459689476
922 -0.16715058991307585
923 -0.20009193004799575
924 -0.18300871270566682
925 -0.20035034958051387
926 -0.19689357642891728
927 -0.1996185341126252
928 -0.20033177466170862
929 -0.18807075109053425
930 -0.20025252535250193
931 -0.19423532560999696
932 -0.0770340913556666
933 0.41626739166114407
934 0.9416424034633422
935 -0.18695232747642881
936 -0.2003735930905193
937 -0.11441193991464299
938 -0.07207625267948675
939 -0.19721840368054616
940 -0.10100387025121599
941 0.45077066343303296
942 0.9128930952343444
943 -0.05943055432827804
944 0.03126367201203628
945 0.6497512388813903
946 2.282590601105185
947 0.538156365927593
948 -0.19173832386333975
949 0.44506093618733716
950 0.8890678686521318
951 -0.20024396324329835
952 0.3618216146856557
953 0.9238037061161792
954 2.557640387208228
955 0.2554122146696662
956 0.5382551251796986
957 -0.04367986641572413
958 0.4517291175495685
959 0.8233967847121808
960 0.5887911907813059
961 0.17312283408495494
962 0.8884705875380238
963 -0.19843209307089257
964 0.08065713572548966
965 -0.19878740484373617
966 -0.19168376158756836
967 -0.18418386222246208
968 -0.1929636402696377
969 -0.17540213070265723
970 0.35730309214521094
971 0.09427629444182004
972 0.3047240781563502
973 -0.16018213737670906
974 0.31134907333850803
975 0.13811097966879043
976 -0.09402223574784369
977 0.49487536112009317
978 1.9184109278802082
979 0.09449191958437574
980 -0.18941893197091136
981 0.2993069281314155
982 0.9313670455782932
983 0.0339559438858989
984 0.36077534779537446
985 0.0339559438858989
986 -0.19872310805289461
987 0.47167791447631235
988 0.6193707276439548
989 0.8836696985244253
990 0.8873899072245157
991 -0.1992528210033256
992 0.03402009449143886
993 0.33674912543693514
994 0.5524501547330374
995 -0.015249602459114164
996 0.17871613508141465
997 -0.17615229714522607
998 0.5309230151964501
999 -0.05729456642923128
1000 -0.196040764348958
1001 -0.19099367449067634
1002 0.9178581631742301
1003 0.21697714191660805
1004 -0.17657734391531044
1005 -0.1894464159710928
1006 2.4580929057694134
1007 -0.16017379949483407
1008 -0.17260413002247732
1009 -0.19996219222314693
1010 2.585139603087354
1011 0.2283846015187439
1012 0.24409687527188098
1013 -0.194701285594048
1014 -0.026574727015872823
1015 -0.19896546989774086
1016 -0.044523187269776776
1017 0.3420098088105603
1018 1.8423346869983313
1019 0.006180093089826255
1020 0.44649713043611644
1021 -0.19774494746126012
1022 0.886615815339934
1023 0.1849266062744871
1024 -0.19974211896892602
1025 -0.12545601122290057
1026 2.3011567737007983
1027 -0.1964836817756367
1028 -0.1609349719052671
1029 -0.08915195289021738
1030 -0.1988273693397167
1031 -0.13527174347176674
1032 -0.20043771206485828
1033 0.2793749204896138
1034 -0.17220475076379452
1035 0.07538192054891316
1036 -0.024087132523785748
1037 -0.18321389101382307
1038 0.7202542609948941
1039 -0.16639320380134567
1040 0.04561239918592891
1041 0.2816299116235257
1042 -0.14434064449250744
1043 0.5602297960391095
1044 -0.18613560918789646
1045 0.3933213160230419
1046 -0.015054478614858424
1047 -0.15995721710519092
1048 -0.1718634716604689
1049 0.920457798221599
1050 2.469105663776844
1051 -0.20044724622040055
1052 -0.18695232747642881
1053 -0.19721840368054616
1054 -0.18953411018310373
1055 -0.19753272709683606
1056 -0.20043771206485828
1057 -0.20033339088627464
1058 -0.1927438273546103
1059 -0.20046398934632623
1060 -0.1882073242848161
1061 -0.1978036331478149
1062 -0.20041861136804442
1063 -0.2004617120001409
1064 0.0339559438858989
1065 -0.20046470895227073
1066 -0.20026270622698086
1067 -0.19982547809938508
1068 -0.20031732030525262
1069 -0.18991451287611352
1070 -0.19996219222314693
1071 -0.19904236459689476
1072 -0.19896546989774086
1073 -0.20009193004799575
1074 -0.18300871270566682
1075 -0.20035034958051387
1076 -0.19974211896892602
1077 -0.1996185341126252
1078 -0.20033177466170862
1079 -0.18807075109053425
1080 -0.20025252535250193
1081 -0.15472773972791337
1082 -0.13579301012851938
1083 -0.1356288757840613
1084 1.6308823099210359
1085 -0.1998901980487487
1086 -0.19815976022265688
1087 0.8857593428306927
1088 1.3465676489560534
1089 -0.19906765118115224
1090 -0.13446361271406845
1091 -0.1998069655065383
1092 0.9373079483952245
1093 -0.1373217408355674
1094 0.5808743337313389
1095 0.23809669043213327
1096 0.28363836980048296
1097 0.1793939027015199
1098 0.8489892890901726
1099 0.07557547281638063
1100 0.9266662152638254
1101 -0.18198026285324356
1102 -0.09274656748555787
1103 -0.16503446478227773
1104 0.8950712167801114
1105 -0.1946047544666421
1106 -0.18660497470311388
1107 -0.19232290147116518
1108 2.042123744240776
1109 -0.19605343027094843
1110 -0.16680251935818075
1111 0.09980609394175266
1112 0.9309770969819722
1113 -0.19952790832479322
1114 0.3357217390554257
1115 -0.14117618282595273
1116 0.9183391908542635
1117 -0.19299919727918552
1118 0.028108078048888485
1119 0.8417642869634692
1120 0.2506601983871024
1121 0.6501507165969708
1122 0.6501572131378909
1123 -0.13944866074269524
1124 -0.1994815208041343
1125 -0.1988253238562891
1126 -0.19754610644552179
1127 -0.1938857700926358
1128 1.3949048874889065
1129 0.019113458253428722
1130 -0.19998972586380154
1131 -0.18949270618660208
1132 0.9076641161684824
1133 -0.19969638546798088
1134 -0.16050081084358567
1135 -0.20034780462370516
1136 -0.08237266134994409
1137 -0.08226815075626503
1138 -0.19654611481253242
1139 0.907691125302827
1140 0.9381074154199123
1141 -0.20045290522193038
1142 0.1893650806233196
1143 0.9477027162215542
1144 1.133961996129469
1145 0.5309721717157782
1146 0.11883991420391465
1147 -0.18937223570647252
1148 0.9826238827761421
1149 0.8546652413543954
1150 0.4623143969045342
1151 -0.059795744003706575
1152 0.9161143649892229
1153 -0.06131977062314331
1154 -0.07459941635586587
1155 0.9185195150371204
1156 0.911421164013049
1157 -0.17308715729172294
1158 -0.19370983126480926
1159 0.426007424394126
1160 1.2782966979720234
1161 -0.1027051757214329
1162 -0.17448066735060058
1163 -0.19446512749082662
1164 0.8339922136369722
1165 0.08032642105956694
1166 0.5438902001452582
1167 0.24634686313867027
1168 0.5274043013518884
1169 -0.1276798714310319
1170 -0.1445407044872182
1171 -0.11925499458231559
1172 -0.20028328410518922
1173 0.536137417874708
1174 -0.19135878726760439
1175 -0.17070145067647713
1176 1.075143892489638
1177 -0.19320051598559546
1178 -0.19666943990432673
1179 0.6805120055468161
1180 1.4294690061124755
1181 0.05974016245710417
1182 -0.1750644816198529
1183 0.030555517547292535
1184 -0.18515775313986302
1185 -0.19576934816793992
1186 -0.20041126680158666
1187 0.9421226117677122
1188 -0.1901731757888322
1189 -0.08983319769539497
1190 -0.1266947802858808
1191 0.9375198599623553
1192 0.9396297240381746
1193 -0.13698114755456242
1194 -0.19272883775482982
1195 0.805672895529341
1196 0.6569771756952472
1197 0.4025396986306064
1198 0.4557575230264869
1199 -0.18313616457917972
1200 -0.19362743166451937
1201 -0.20044724622040055
1202 -0.1998901980487487
1203 -0.1998069655065383
1204 -0.18953411018310373
1205 -0.19753272709683606
1206 -0.20043771206485828
1207 -0.20033339088627464
1208 -0.19605343027094843
1209 -0.20046398934632623
1210 -0.19654611481253242
1211 -0.1978036331478149
1212 -0.20041861136804442
1213 -0.2004617120001409
1214 -0.20034780462370516
1215 -0.20046470895227073
1216 -0.20045290522193038
1217 -0.19982547809938508
1218 -0.20031732030525262
1219 -0.18991451287611352
1220 -0.19996219222314693
1221 -0.19904236459689476
1222 -0.19896546989774086
1223 -0.20009193004799575
1224 -0.18300871270566682
1225 -0.20041126680158666
1226 -0.19974211896892602
1227 -0.20028328410518922
1228 -0.20033177466170862
1229 -0.19370983126480926
1230 -0.20025252535250193
1231 0.17771134139325762
1232 -0.20046467293784123
1233 -0.02977722092725671
1234 0.04058212527878158
1235 -0.18271092651797327
1236 -0.03579770123033105
1237 0.9059732639165234
1238 2.1180413132388685
1239 -0.19749832387456315
1240 0.22717922165777646
1241 0.8909045766741728
1242 0.4957777539167426
1243 0.12799347035648462
1244 -0.18128152849880916
1245 0.03195858159677219
1246 1.2494013364124776
1247 0.1313021544954954
1248 0.09187347278078759
1249 -0.07244195341291387
1250 2.52432118192411
1251 -0.14164890411840625
1252 0.7001651953033575
1253 0.0909089982386451
1254 0.9240416854191749
1255 -0.17208620907648167
1256 0.30215990281866206
1257 0.13489554087178862
1258 0.8406732492781871
1259 -0.20030354322729713
1260 0.11089475588125439
1261 -0.188237056429634
1262 0.19548629430730366
1263 -0.16737521689449295
1264 -0.02651839615977261
1265 0.3506915821747955
1266 -0.1836211613508723
1267 0.577653070591895
1268 0.12588565217297687
1269 -0.09736394291294365
1270 0.882942709076892
1271 0.2552690238608344
1272 -0.12850494652227107
1273 -0.1472307826319119
1274 2.4776977843164123
1275 0.1654216567120356
1276 0.1613105701893721
1277 -0.13816561121661924
1278 -0.16186776933709743
1279 0.18497509449088217
1280 0.6661939760222291
1281 -0.06532844564632317
1282 0.8919844995947074
1283 -0.19728424935966773
1284 -0.18109990677974014
1285 0.5466233898511482
1286 0.8938519806376112
1287 -0.03797858080941474
1288 -0.18686151389052424
1289 -0.12809678464294386
1290 0.9340955395854056
1291 -0.19314624967551816
1292 0.08784204993456428
1293 -0.13496875345359668
1294 2.5650382944512597
1295 -0.16273787192054104
1296 -0.15582950675238844
1297 0.050223246846371965
1298 -0.18840949096314505
1299 -0.10641060002225816
1300 -0.20046244260039944
1301 -0.12566287306654295
1302 0.9431066767051877
1303 -0.14281055840975415
1304 -0.20010376312868725
1305 -0.10367246972550254
1306 0.22332270002503282
1307 -0.19907371086809997
1308 -0.19380525189078165
1309 -0.19996219222314693
1310 0.9452915542341688
1311 0.13654040460757205
1312 -0.19607592937134077
1313 -0.20027023171349628
1314 1.7113734337333624
1315 -0.16386168143003396
1316 0.5530823037724951
1317 -0.09944705553478361
1318 0.9226332781974782
1319 -0.1731459350174867
1320 -0.17875352244846696
1321 -0.20009193004799575
1322 0.8657040193754968
1323 -0.16998968117850838
1324 -0.17011888460215108
1325 -0.13475509794052265
1326 -0.10135655180922387
1327 -0.02714771210037628
1328 0.014865267627788836
1329 -0.19930827230025247
1330 -0.12302736754032378
1331 0.31389685016089103
1332 -0.13970949778533595
1333 0.9468097344132969
1334 0.9058218723279865
1335 -0.200343105806083
1336 -0.1268834551251343
1337 -0.039084210981407075
1338 0.9453439711874904
1339 0.6413924051307104
1340 0.05207800562474718
1341 0.9179017452253632
1342 0.127835564976142
1343 -0.19713463285788108
1344 0.2782600770329741
1345 -0.025465189645694553
1346 1.1190449469562762
1347 -0.1994166219883023
1348 -0.16342129654530313
1349 -0.17021614765025475
1350 -0.19991474742454485
1351 -0.20044724622040055
1352 -0.20010376312868725
1353 -0.1998069655065383
1354 -0.18953411018310373
1355 -0.19753272709683606
1356 -0.20043771206485828
1357 -0.20033339088627464
1358 -0.20030354322729713
1359 -0.20046398934632623
1360 -0.19654611481253242
1361 -0.1978036331478149
1362 -0.20041861136804442
1363 -0.20046467293784123
1364 -0.20034780462370516
1365 -0.20046470895227073
1366 -0.20045290522193038
1367 -0.19982547809938508
1368 -0.20031732030525262
1369 -0.18991451287611352
1370 -0.19996219222314693
1371 -0.20027023171349628
1372 -0.19896546989774086
1373 -0.20009193004799575
1374 -0.19607592937134077
1375 -0.20041126680158666
1376 -0.19974211896892602
1377 -0.20046244260039944
1378 -0.20033177466170862
1379 -0.19713463285788108
1380 -0.20025252535250193
1381 0.15084824750071157
1382 -0.023547209115076975
1383 -0.1984054929145452
1384 0.9163501798285267
1385 0.26420324767833053
1386 -0.19939216164004986
1387 -0.19682539328779353
1388 1.3482308372353895
1389 0.23911676227061024
1390 -0.11361599767785133
1391 -0.15739951096453556
1392 0.9471101988504538
1393 -0.18430236525526328
1394 -0.16042663011926703
1395 0.9205233142382767
1396 0.5381993156318395
1397 0.6000898238836831
1398 0.7720883091718249
1399 0.11937582910507469
1400 1.351869944107008
1401 -0.1187498375588334
1402 -0.036141491949754107
1403 -0.1813431986602469
1404 0.8893956819982235
1405 -0.07940581816991521
1406 -0.15274105873952726
1407 -0.18153305016148202
1408 0.8829968230977284
1409 0.34015904876999103
1410 -0.18394975732501856
1411 0.9461116932643443
1412 -0.15643687568179207
1413 -0.1764605611571685
1414 0.13152932863488867
1415 -0.18416798490396005
1416 -0.19584206711839458
1417 0.07442215828564015
1418 -0.07661278619720452
1419 0.9396087815462444
1420 -0.19984837926163623
1421 0.33387449310223516
1422 -0.1598988288117386
1423 -0.1973548232223999
1424 1.309259004567981
1425 0.19799346382354263
1426 -0.19784883182692276
1427 0.21059901714032747
1428 -0.19994238547333382
1429 0.7713647598489468
1430 0.6574746106172987
1431 -0.18049906303145485
1432 0.8844605922043826
1433 -0.1930871797499324
1434 -0.14971380412484955
1435 0.8828182406377216
1436 -0.010863409412649766
1437 0.23114283735274804
1438 0.33724270260608025
1439 -0.1907917673958132
1440 0.09862605755538698
1441 -0.1996349175073898
1442 -0.14778889686554914
1443 0.690682955472335
1444 1.2590428570926493
1445 -0.15312668612269412
1446 -0.19738075894884372
1447 0.024106936976317883
1448 -0.1893075085364308
1449 -0.15277901848045905
1450 -0.1970403146820689
1451 -0.20013104952357186
1452 2.3475797037854194
1453 0.3520912839173647
1454 0.10436374446793806
1455 -0.10735617515229454
1456 2.326987915727318
1457 0.5176415787800089
1458 0.4120113167796884
1459 -0.13626087470615328
1460 1.4407197672964713
1461 -0.18956108937143343
1462 0.0484261900413811
1463 -0.1989603342085107
1464 1.7699052356978056
1465 0.09036938857779953
1466 0.23643333319861048
1467 0.5682579536845348
1468 0.9816757169154777
1469 0.6467498288987975
1470 -0.16761327111686247
1471 -0.18974703657455777
1472 0.8756670783062774
1473 -0.19617208349270568
1474 -0.18565908031746275
1475 0.9038427703230245
1476 0.9244727554931473
1477 0.4479857915420878
1478 -0.19663562225248005
1479 -0.1983339028159344
1480 0.9095631772386102
1481 -0.18020831997513478
1482 0.0805052471855511
1483 -0.19491258524300353
1484 2.06126327608828
1485 -0.19887431604442346
1486 -0.13129061587032198
1487 -0.19483030787815236
1488 0.004976449686023121
1489 -0.1759183192942918
1490 -0.19237911099225638
1491 -0.11922971220191053
1492 1.0132058708130252
1493 0.033326270988487394
1494 -0.17689448342546787
1495 0.11040794097630133
1496 2.2027584544886394
1497 -0.17082479943511522
1498 0.4064676937112528
1499 -0.19427369942478406
1500 0.9231887955948825
1501 -0.20044724622040055
1502 -0.20010376312868725
1503 -0.1998069655065383
1504 -0.18953411018310373
1505 -0.19753272709683606
1506 -0.20043771206485828
1507 -0.20033339088627464
1508 -0.20030354322729713
1509 -0.20046398934632623
1510 -0.19654611481253242
1511 -0.1978036331478149
1512 -0.20041861136804442
1513 -0.20046467293784123
1514 -0.20034780462370516
1515 -0.20046470895227073
1516 -0.20045290522193038
1517 -0.19982547809938508
1518 -0.20031732030525262
1519 -0.18991451287611352
1520 -0.19996219222314693
1521 -0.20027023171349628
1522 -0.19896546989774086
1523 -0.20009193004799575
1524 -0.19617208349270568
1525 -0.20041126680158666
1526 -0.19974211896892602
1527 -0.20046244260039944
1528 -0.20033177466170862
1529 -0.19713463285788108
1530 -0.20025252535250193
1531 0.08278103706350043
1532 -0.19300943599245757
1533 -0.20032573018990696
1534 -0.20004983833140966
1535 -0.1178811283772366
1536 -0.19929067341262455
1537 -0.013308547115960134
1538 -0.03841074721906221
1539 -0.19898889710069972
1540 0.12376203933985057
1541 -0.12999021857181234
1542 -0.1819550958171621
1543 -0.15046174880929283
1544 0.11779081579499466
1545 0.011482954928876521
1546 2.2203284726273593
1547 0.2877221618655844
1548 -0.19290691019439396
1549 0.984387176477659
1550 2.486714342118799
1551 0.17883785104074756
1552 -0.1997435008527826
1553 0.3559658517534757
1554 0.5227111098203516
1555 -0.046207815944738134
1556 0.15553107337858865
1557 0.006259804141474146
1558 0.1420315990443256
1559 -0.1568397913526493
1560 -0.19783303269101338
1561 0.056479081734041425
1562 -0.09546521989354007
1563 0.12002177761802901
1564 -0.04078464571333523
1565 0.2573478693185291
1566 -0.17697110031997662
1567 0.47467681310618887
1568 0.1927210095807616
1569 0.63625110406491
1570 0.8080988075612183
1571 -0.05155809603265932
1572 -0.15004810349184708
1573 -0.08516456147631551
1574 0.946387657206648
1575 -0.19730588485377593
1576 -0.2000166057055772
1577 -0.19853609263586675
1578 0.7180985066150476
1579 0.0672080344570071
1580 -0.18190791674126278
1581 -0.1979008179767011
1582 0.49303546639390183
1583 0.214145842766422
1584 -0.1812868719286017
1585 -0.18119401339075542
1586 0.8876119042299142
1587 0.18647030520719182
1588 -0.18557266822970447
1589 -0.20015424867230716
1590 0.9330558075002722
1591 0.03462134924601973
1592 -0.1077149248270722
1593 0.3375119168988734
1594 -0.15750573954587005
1595 0.6586465671457984
1596 0.09152706156403499
1597 -0.17778312582360217
1598 0.16314036351454747
1599 -0.1875093895021259
1600 0.028489190625629046
1601 -0.19259870458591027
1602 2.3465872630059894
1603 0.11155221577013458
1604 -0.0009507391857744851
1605 -0.13599078027524966
1606 -0.18612194302922946
1607 -0.1720425546605585
1608 -0.13454060678141744
1609 -0.17709907686031656
1610 2.41300248162139
1611 -0.130930609893976
1612 -0.17356942713376944
1613 -0.19124823889601603
1614 -0.16159842983137598
1615 -0.17430741737673444
1616 0.6886404703814044
1617 -0.14568362507377125
1618 1.2490752321245704
1619 -0.20012022961174858
1620 -0.19985296153021231
1621 0.8379321232842158
1622 1.5202121139993168
1623 0.11912858368894239
1624 -0.19810632861413757
1625 0.4120592511628563
1626 0.9033918364601752
1627 0.35393682375737795
1628 -0.1844465607573204
1629 -0.17020222844979652
1630 0.9443585353460695
1631 -0.04949291950348522
1632 -0.19995215325272583
1633 -0.16700969498154788
1634 1.1114553953337643
1635 -0.1997996360142539
1636 0.022022823245951728
1637 -0.20046244260039944
1638 0.6981259607054158
1639 0.5289810175917873
1640 0.2626241426143068
1641 -0.08014979193054039
1642 0.46058081197040873
1643 -0.1894502450164622
1644 0.5793739021798749
1645 0.6600843040007245
1646 0.06854296305341312
1647 -0.1612558873990748
1648 -0.13273007470108597
1649 0.7166518144586429
1650 2.4464778302548087
1651 -0.20044724622040055
1652 -0.20010376312868725
1653 -0.1998069655065383
1654 -0.18953411018310373
1655 -0.19753272709683606
1656 -0.20043771206485828
1657 -0.20033339088627464
1658 -0.20030354322729713
1659 -0.20046398934632623
1660 -0.2000166057055772
1661 -0.1978036331478149
1662 -0.20041861136804442
1663 -0.20046467293784123
1664 -0.20034780462370516
1665 -0.20046470895227073
1666 -0.20045290522193038
1667 -0.19982547809938508
1668 -0.20031732030525262
1669 -0.18991451287611352
1670 -0.19996219222314693
1671 -0.20027023171349628
1672 -0.19896546989774086
1673 -0.20012022961174858
1674 -0.19929067341262455
1675 -0.20041126680158666
1676 -0.19985296153021231
1677 -0.20046244260039944
1678 -0.20033177466170862
1679 -0.19995215325272583
1680 -0.20025252535250193
1681 0.30104159206371817
1682 -0.18919173551214002
1683 0.9078994721995483
1684 0.3917388669294558
1685 -0.2004224471710127
1686 -0.1719396189469487
1687 -0.19873032180859707
1688 0.923815851907787
1689 -0.17472612134390186
1690 0.45016950463483646
1691 -0.14620016740384595
1692 2.3807602654445454
1693 0.5025734846360834
1694 0.13392478806407193
1695 -0.1944823113493079
1696 0.16350673475727184
1697 0.08624569763496268
1698 0.10409724124926889
1699 -0.1985949485588475
1700 2.502052813915595
1701 0.3553150993253966
1702 -0.19882371561738146
1703 -0.17475562122632401
1704 0.8040451059192604
1705 -0.0714613339340299
1706 -0.1987155196551794
1707 -0.05794476177015717
1708 -0.19032621448730666
1709 -0.19937059030490986
1710 -0.007085156948021018
1711 -0.19767782935814893
1712 2.1262046341106435
1713 -0.1985676566327628
1714 -0.05693367890438095
1715 0.7497394481793095
1716 0.9362068231691357
1717 -0.1996513186718197
1718 0.2039333238102056
1719 0.6829589787063659
1720 -0.19575715792495962
1721 0.42580813981905485
1722 0.7402361123265563
1723 0.02593420623569276
1724 -0.1875169095988366
1725 -0.13213568115133698
1726 -0.19619587353391194
1727 -0.031915650655345296
1728 0.8911113142804352
1729 -0.17162447770565245
1730 0.5113089145869533
1731 -0.14158513589277488
1732 0.9462991611275618
1733 -0.11430759978992366
1734 0.1999493178605889
1735 -0.08837164106397816
1736 2.3461363199036827
1737 0.01789922193156601
1738 0.42125200019079073
1739 0.09374092149291202
1740 0.8859756145329434
1741 0.1126142722717427
1742 -0.18864678497001622
1743 -0.10602583910684837
1744 0.8919640650627302
1745 0.19232111498212265
1746 0.006353153768466069
1747 -0.19982547809938508
1748 0.9037193074898077
1749 -0.1977823384366253
1750 0.2513714154777074
1751 0.7996478868089751
1752 2.186775960033935
1753 0.46923910358760546
1754 0.5015259359187245
1755 -0.18149783108127013
1756 0.8898653060865162
1757 -0.16762788819437482
1758 0.20667497828061007
1759 -0.18579611745652033
1760 2.5585782602791878
1761 0.2550582132826899
1762 -0.041403820236937894
1763 0.027634110980467252
1764 0.803384979219899
1765 -0.15298632214177887
1766 0.6972289446726098
1767 -0.1084441264515118
1768 1.985362950053547
1769 0.2593806641675017
1770 -0.14674559642835308
1771 0.8521992151986733
1772 0.888600099438658
1773 0.23644830183390786
1774 0.5353228321158625
1775 -0.1681941990904475
1776 -0.1975047805370654
1777 0.47154829504030304
1778 0.23963955272865725
1779 -0.15588105728494644
1780 -0.1591333358555868
1781 -0.11868978879882619
1782 0.5704671509983402
1783 0.7789278258788663
1784 2.3585529175640336
1785 0.3173586475405184
1786 -0.19583260793473375
1787 -0.029035833019672996
1788 0.7834335480411937
1789 0.027304830051677373
1790 -0.09554944956141631
1791 -0.17795403221353556
1792 -0.20015603051293615
1793 -0.06938566136371371
1794 0.1990042719861313
1795 0.014929261183041095
1796 -0.023943910970731036
1797 -0.03240425656775907
1798 -0.19239712974273013
1799 -0.09725151520496678
1800 1.5143061985738002
1801 -0.20044724622040055
1802 -0.2004224471710127
1803 -0.1998069655065383
1804 -0.1944823113493079
1805 -0.1985949485588475
1806 -0.20043771206485828
1807 -0.20033339088627464
1808 -0.20030354322729713
1809 -0.20046398934632623
1810 -0.2000166057055772
1811 -0.1978036331478149
1812 -0.20041861136804442
1813 -0.20046467293784123
1814 -0.20034780462370516
1815 -0.20046470895227073
1816 -0.20045290522193038
1817 -0.20015603051293615
1818 -0.20031732030525262
1819 -0.18991451287611352
1820 -0.19996219222314693
1821 -0.20027023171349628
1822 -0.19896546989774086
1823 -0.20012022961174858
1824 -0.19929067341262455
1825 -0.20041126680158666
1826 -0.19985296153021231
1827 -0.20046244260039944
1828 -0.20033177466170862
1829 -0.19995215325272583
1830 -0.20025252535250193
1831 0.17230157453873773
1832 0.0017322787777914184
1833 -0.17861441565463307
1834 0.14649899239400913
1835 0.25774278648678683
1836 0.39583979461335156
1837 -0.19322860086605115
1838 0.9471599109552756
1839 0.28381665879385937
1840 -0.20045901191858775
1841 -0.19911099029495072
1842 2.5469328711022703
1843 -0.11848337708645754
1844 0.17422596362262233
1845 0.8458216215402428
1846 1.4777591077280197
1847 0.311411673438476
1848 0.4093078507059585
1849 0.7120491341624309
1850 0.9063928715405486
1851 0.7105353087041292
1852 0.6626149379249935
1853 -0.20043771206485828
1854 0.9226608053136407
1855 -0.1003775442670887
1856 0.2731825948694204
1857 -0.14792381290017043
1858 1.2153523143964575
1859 -0.05900883342332153
1860 0.38302526026360917
1861 -0.18153542560616298
1862 -0.1913712451381156
1863 -0.1497840813762084
1864 -0.12900178359007672
1865 0.921799935212916
1866 0.8969529719463362
1867 0.4400562958272318
1868 0.11384739246045245
1869 -0.183056472572392
1870 -0.08309207805614588
1871 0.6693796631044024
1872 0.5261031468551282
1873 -0.09909089685678524
1874 1.9187773660087446
1875 0.06186765604817801
1876 -0.10041704748641522
1877 0.9171993255171004
1878 -0.2004074695119729
1879 -0.1365931883925109
1880 0.36205313114591603
1881 -0.17793308537098812
1882 1.6850467134490434
1883 0.044305177424436445
1884 -0.19713745023147183
1885 -0.19631156659339513
1886 0.9466576738512549
1887 -0.17703726851106144
1888 0.5938402944653239
1889 -0.19143905208823528
1890 0.9738701442058921
1891 0.46156015151351587
1892 -0.19804084029982577
1893 0.041338415423564145
1894 1.7523110298528972
1895 -0.19945542331992122
1896 -0.20024817850493018
1897 -0.13382419387027167
1898 2.476650513286824
1899 0.04723202728700776
1900 -0.19186464707713038
1901 -0.20031732030525262
1902 0.8978469919469505
1903 0.17686713082618
1904 -0.1921745783496404
1905 0.9414936029844795
1906 0.89501485259495
1907 -0.1888485877981792
1908 -0.19309876782021893
1909 -0.16994128679432668
1910 1.0255372499524316
1911 -0.06914867353684814
1912 0.2193966156898389
1913 -0.20027023171349628
1914 0.9408544311669913
1915 -0.2004629432543413
1916 -0.049802573682701384
1917 -0.1975952835525768
1918 1.7824778228227518
1919 -0.2004140700624457
1920 -0.17059683839428003
1921 -0.2004140700624457
1922 0.9844742665361712
1923 -0.12731109861777987
1924 -0.2003315245293234
1925 -0.1997291992099595
1926 -0.03485484847705578
1927 0.3907509819915765
1928 0.1630239260956476
1929 -0.19575218563208524
1930 1.5921512981669113
1931 -0.19877834754598112
1932 -0.1880064052410239
1933 0.0013278144012522364
1934 2.471060183385418
1935 0.5629683232330964
1936 -0.15639442749846016
1937 0.13745678703228542
1938 -0.17350282170229825
1939 0.03293952074956008
1940 -0.19869986371205628
1941 -0.19398428332747614
1942 2.432262114071994
1943 -0.19903323456973485
1944 0.04878402625221029
1945 -0.04369457314234865
1946 2.509556590246758
1947 0.565834849562819
1948 -0.1895811094446
1949 -0.16181774669201232
1950 0.90064805633475
1951 -0.20044724622040055
1952 -0.2004224471710127
1953 -0.1998069655065383
1954 -0.1944823113493079
1955 -0.19869986371205628
1956 -0.20043771206485828
1957 -0.20033339088627464
1958 -0.20030354322729713
1959 -0.20046398934632623
1960 -0.2000166057055772
1961 -0.1978036331478149
1962 -0.20041861136804442
1963 -0.20046467293784123
1964 -0.20034780462370516
1965 -0.20046470895227073
1966 -0.20045290522193038
1967 -0.20015603051293615
1968 -0.20031732030525262
1969 -0.18991451287611352
1970 -0.20024817850493018
1971 -0.20027023171349628
1972 -0.2004629432543413
1973 -0.2004140700624457
1974 -0.1997291992099595
1975 -0.20041126680158666
1976 -0.19985296153021231
1977 -0.20046244260039944
1978 -0.20033177466170862
1979 -0.19995215325272583
1980 -0.20025252535250193
1981 0.00868897173984709
1982 -0.19839688874741312
1983 -0.19383265071827252
1984 0.9017737496900519
1985 0.09522817689328678
1986 0.02270861101421838
1987 -0.20044555160366967
1988 0.3547750167085374
1989 -0.19394903781692327
1990 -0.07767970330740928
1991 0.2905758712485803
1992 0.3269357526876796
1993 -0.16673728161077775
1994 -0.18340179518907238
1995 -0.10021603749479085
1996 0.9140762425316146
1997 -0.14500102024247022
1998 0.6630825071896328
1999 0.4093763110863043
2000 1.8843247180061105
2001 0.14134530859255812
2002 0.32802024391399465
2003 -0.19186577936657312
2004 0.7991216462523916
2005 -0.1955372323631308
2006 0.08878792735365038
2007 -0.09416412108635969
2008 0.8870228291228415
2009 -0.18389557167396808
2010 0.4907178161577294
2011 -0.09468122417600047
2012 -0.16541113863696552
2013 0.6873325124062974
2014 -0.1594534947624305
2015 0.11486352485305167
2016 2.3525387378864195
2017 0.3260070611806585
2018 0.03938310224105
2019 -0.19893134633277587
2020 2.4541824720288843
2021 0.6351159784997165
2022 0.18976468582621728
2023 -0.19785923092395996
2024 0.3253243566427835
2025 0.4687747912651564
2026 0.5409542195326837
2027 -0.1999223740317258
2028 2.4415267523681305
2029 -0.12116769215254697
2030 0.057316691580703516
2031 -0.08214669609487299
2032 0.9329677959262054
2033 0.11271970574675758
2034 -0.03147101516090803
2035 0.8078670760783092
2036 0.8928274031215943
2037 -0.19720765968947512
2038 -0.010910492300766683
2039 0.07799584006009327
2040 2.534113535299376
2041 -0.1930090250346679
2042 0.3355116239385679
2043 -0.19382734826042708
2044 0.9383307976540323
2045 -0.19627763664628195
2046 -0.14830560695403527
2047 0.810249682464754
2048 0.8866350605791263
2049 0.1358079438858005
2050 -0.19658430110976316
2051 -0.2004621049133028
2052 -0.15597275885387557
2053 0.07235988947633944
2054 -0.200318060892358
2055 -0.17834871271567343
2056 0.8831025390832254
2057 -0.17214584000920483
2058 -0.19488851024352616
2059 -0.18352029760632002
2060 -0.18417621008860732
2061 -0.17528715166753642
2062 -0.18369837989650772
2063 -0.19675407392674785
2064 0.22563846362330248
2065 0.4497757536539394
2066 -0.15018088545973188
2067 0.6638665875273763
2068 -0.04919588318275231
2069 0.14639555602630547
2070 -0.1824003030144468
2071 0.5160316077939473
2072 0.48643485508772133
2073 -0.15832959577494626
2074 0.7010390804195988
2075 -0.13937050006670243
2076 -0.1237457444512009
2077 0.40380748687244566
2078 -0.1259375863327
2079 -0.20041126680158666
2080 -0.15174255443620138
2081 0.3852536454505493
2082 -0.2002459146785022
2083 0.912985831434264
2084 0.8594974961112456
2085 -0.18263812572931903
2086 -0.05658330571974404
2087 -0.16205553566400738
2088 -0.09120360881831721
2089 -0.20044414054397855
2090 -0.053226710490645535
2091 0.0317493325225498
2092 -0.12343498057037106
2093 0.552713511337259
2094 -0.1959222882176039
2095 -0.19101353383036906
2096 0.11570190330284827
2097 -0.053165496579543364
2098 -0.19889203196141486
2099 -0.03272997657608134
2100 -0.19379726166343642
2101 -0.20044724622040055
2102 -0.20044555160366967
2103 -0.2002459146785022
2104 -0.1944823113493079
2105 -0.19869986371205628
2106 -0.20043771206485828
2107 -0.20033339088627464
2108 -0.20030354322729713
2109 -0.20046398934632623
2110 -0.2000166057055772
2111 -0.19785923092395996
2112 -0.20041861136804442
2113 -0.20046467293784123
2114 -0.20034780462370516
2115 -0.20046470895227073
2116 -0.20045290522193038
2117 -0.20015603051293615
2118 -0.2004621049133028
2119 -0.18991451287611352
2120 -0.20024817850493018
2121 -0.20027023171349628
2122 -0.2004629432543413
2123 -0.2004140700624457
2124 -0.1997291992099595
2125 -0.20041126680158666
2126 -0.19985296153021231
2127 -0.20046244260039944
2128 -0.20044414054397855
2129 -0.19995215325272583
2130 -0.20025252535250193
2131 -0.16862824880058322
2132 -0.09278006643970521
2133 -0.05948529865636709
2134 1.0059893723103142
2135 -0.15300091402787552
2136 0.28488675903585053
2137 -0.17668745692040141
2138 -0.17225659257530676
2139 -0.11228534819247571
2140 -0.14383489172589203
2141 0.44103876247764134
2142 0.8931664561525465
2143 -0.13884659096293947
2144 0.1767472490429867
2145 -0.11150753534674121
2146 0.6570979529741658
2147 0.23045535196982658
2148 -0.09324906009455158
2149 -0.19189800165070522
2150 1.1879735064926211
2151 0.507743864219271
2152 -0.18315312712324863
2153 -0.14709830334560953
2154 1.1675364196503157
2155 0.33597120834951644
2156 -0.11771391328756597
2157 -0.19913404054370454
2158 1.421405233844366
2159 -0.1351375584697954
2160 -0.09234804225776422
2161 -0.17957841557745471
2162 0.9102496739649454
2163 -0.18811530055554238
2164 0.2863631605969829
2165 -0.05360830135291361
2166 1.2084269167974282
2167 -0.09058586183370873
2168 -0.17984380711573678
2169 0.3308246677593124
2170 0.8986506814870483
2171 0.3566868017870159
2172 -0.10704101817350453
2173 0.6661868406964596
2174 -0.1718893590603703
2175 -0.180559839172219
2176 -0.18600762308575852
2177 -0.19966109840832352
2178 0.8885800256316847
2179 0.35954439848970643
2180 -0.1714821141956487
2181 0.8829235232934338
2182 0.4620808407281376
2183 -0.2004238470215833
2184 -0.1879761361227294
2185 -0.1222018709569612
2186 1.4537810022198612
2187 -0.1957859399373959
2188 -0.16505719132114824
2189 -0.1892736476387242
2190 2.4463166005829162
2191 -0.09481600356899211
2192 -0.19679698176213556
2193 -0.2000193156604382
2194 0.24556314656242084
2195 -0.008372366729296254
2196 -0.11697960657861611
2197 -0.20015603051293615
2198 -0.06874735075710137
2199 0.17817963987181942
2200 -0.17704189923225944
2201 0.1554660421297056
2202 -0.16243426292115629
2203 0.33709024643216934
2204 0.7759530069213586
2205 -0.19970512903891982
2206 0.20194853482423042
2207 -0.10126173614681525
2208 -0.19635980264360525
2209 -0.17518784271384416
2210 -0.20026259427855364
2211 -0.18878061248878278
2212 -0.2004116967827185
2213 -0.1887035191216311
2214 2.5167671384477948
2215 -0.16212244865061054
2216 -0.06555695310887655
2217 -0.1609655249022149
2218 0.9243921065410458
2219 -0.19460737437390443
2220 -0.1984008027662354
2221 -0.19470281890221103
2222 2.4297072475415877
2223 -0.19743864664147892
2224 0.5233752678098269
2225 0.8845548063491402
2226 0.6613714997491442
2227 -0.18197818511725133
2228 -0.1566909589117899
2229 -0.19914280656638184
2230 2.39198064061069
2231 -0.027536846533191828
2232 0.5008581840255111
2233 -0.19655111796780253
2234 0.8827948238317874
2235 0.002534873010940575
2236 0.645932888676791
2237 0.3744836911719415
2238 0.31408111236797787
2239 -0.13978794514259182
2240 -0.01578036920789065
2241 -0.17029927204478718
2242 0.8177441688582068
2243 -0.19451312882492072
2244 0.022936701821376138
2245 -0.07893886119260679
2246 1.4579810388124435
2247 0.039461320878311834
2248 -0.013496353867185729
2249 -0.19516144826648232
2250 0.9274182900609373
2251 -0.20044724622040055
2252 -0.20044555160366967
2253 -0.2002459146785022
2254 -0.1944823113493079
2255 -0.20026259427855364
2256 -0.20043771206485828
2257 -0.20033339088627464
2258 -0.20030354322729713
2259 -0.20046398934632623
2260 -0.2000166057055772
2261 -0.19785923092395996
2262 -0.20041861136804442
2263 -0.20046467293784123
2264 -0.2004238470215833
2265 -0.20046470895227073
2266 -0.20045290522193038
2267 -0.20015603051293615
2268 -0.2004621049133028
2269 -0.19970512903891982
2270 -0.20024817850493018
2271 -0.20027023171349628
2272 -0.2004629432543413
2273 -0.2004140700624457
2274 -0.1997291992099595
2275 -0.20041126680158666
2276 -0.19985296153021231
2277 -0.20046244260039944
2278 -0.20044414054397855
2279 -0.19995215325272583
2280 -0.20025252535250193
2281 -0.1270048803023129
2282 0.5669412092628966
2283 -0.11234326739333289
2284 0.942014120739646
2285 -0.1623753023248028
2286 -0.1930927986377991
2287 -0.19771159062980737
2288 0.9398827898315569
2289 0.1323759092992143
2290 -0.1960278052129652
2291 -0.1342992484972333
2292 1.4108057590669283
2293 -0.2003349328991904
2294 -0.19196723862476534
2295 -0.028288874793641283
2296 0.610829571965436
2297 0.3488828453280399
2298 0.5073566679969559
2299 0.14460344117639906
2300 -0.18622608047788616
2301 -0.18871659742153724
2302 -0.17400258627912313
2303 0.9444311638384265
2304 1.5601557659174876
2305 -0.14382735270059682
2306 -0.18233478764860972
2307 0.22274752460888503
2308 0.930496020780168
2309 -0.19860220694903463
2310 0.3693154662040053
2311 -0.028670309297708696
2312 0.18798788564770952
2313 0.2102157743547987
2314 -0.19772784452834385
2315 -0.1903661043026841
2316 0.3269422444431905
2317 -0.1822516931813963
2318 -0.16110590870811015
2319 -0.09267332698410452
2320 2.0905341744341146
2321 0.6253454481190545
2322 0.24491684076386525
2323 0.5140844566163977
2324 1.4076840800919217
2325 0.47345880834586757
2326 0.21532530845084158
2327 0.4694907981109699
2328 2.4394806428345333
2329 -0.14969763027809638
2330 0.5045305545948472
2331 -0.19509741098914735
2332 -0.1968258634389239
2333 -0.1782937054423065
2334 -0.20017699851133325
2335 -0.1184386489711936
2336 -0.1337751564926489
2337 0.3843614713223826
2338 -0.19899615188086472
2339 -0.14742089300574984
2340 0.5552815253138657
2341 0.4794588458088788
2342 -0.19725423506056405
2343 -0.19886137303506274
2344 0.9909561993510894
2345 -0.017817290632845803
2346 -0.015928742039382826
2347 -0.19845267498410796
2348 2.005567466398864
2349 -0.1722650906872871
2350 -0.11425736958577687
2351 -0.16451004935767086
2352 2.403569329529466
2353 0.4468226322864172
2354 0.4859811891636736
2355 -0.1706800078448217
2356 0.9140664420500312
2357 0.02053624552133579
2358 -0.1302047251938148
2359 -0.19406702854299318
2360 2.3199716343449808
2361 -0.20031768809192796
2362 -0.19214459633170336
2363 -0.19449620773880838
2364 2.564743680968386
2365 0.29954954394402555
2366 0.28231926862594753
2367 -0.16094688871231977
2368 -0.06577452788601557
2369 -0.1980914523188514
2370 -0.09277321352313592
2371 -0.19049913758517237
2372 0.4363087433534678
2373 0.12628774454933134
2374 -0.013770156661781233
2375 -0.1997291992099595
2376 -0.19681649511510996
2377 -0.09905617671268196
2378 0.1222542684430413
2379 -0.11247501912910951
2380 0.6264231055984992
2381 0.5386845050868351
2382 -0.20018265504386062
2383 0.875448519776659
2384 -0.072155397225385
2385 -0.06431957805372601
2386 0.21839428261540939
2387 -0.19913028346117234
2388 1.0571271270536733
2389 -0.08628793563485801
2390 -0.1943013531369199
2391 -0.2003917434491782
2392 0.7869487643753933
2393 -0.19482555438691201
2394 -0.06722856285872855
2395 0.6854279049093285
2396 1.5504938545014095
2397 -0.1877577741904299
2398 -0.18023076232046623
2399 -0.17887067043021662
2400 2.4162743033320266
2401 -0.20044724622040055
2402 -0.20044555160366967
2403 -0.2002459146785022
2404 -0.2003349328991904
2405 -0.20026259427855364
2406 -0.20043771206485828
2407 -0.20033339088627464
2408 -0.20030354322729713
2409 -0.20046398934632623
2410 -0.2000166057055772
2411 -0.19785923092395996
2412 -0.20041861136804442
2413 -0.20046467293784123
2414 -0.2004238470215833
2415 -0.20046470895227073
2416 -0.20045290522193038
2417 -0.20015603051293615
2418 -0.2004621049133028
2419 -0.19970512903891982
2420 -0.20024817850493018
2421 -0.20031768809192796
2422 -0.2004629432543413
2423 -0.2004140700624457
2424 -0.20018265504386062
2425 -0.20041126680158666
2426 -0.19985296153021231
2427 -0.20046244260039944
2428 -0.20044414054397855
2429 -0.19995215325272583
2430 -0.20025252535250193
evaluations raw_y
1 4.749662228833322
2 2.852326888646426
3 4.9326194599939805
4 2.548794702373088
5 5.150616480472992
6 7.954508381470477
7 4.283497460338487
8 4.795127278381085
9 5.801696475481282
10 4.047198771507594
11 4.130094310426761
12 3.8383032355655553
13 4.263442824679496
14 2.421242720495596
15 5.200523306610841
16 4.447788570825456
17 2.855524381737969
18 4.3283527766069385
19 3.7032143929143215
20 4.9590904629294865
21 3.6958096862988423
22 7.283523003300767
23 6.560840933634534
24 4.933052238466874
25 8.631030200119207
26 2.9655908939746336
27 5.420361100227314
28 3.7554478157448132
29 6.873433905087887
30 5.092110213827391
31 5.670010946744683
32 6.973932938632169
33 7.154960470745756
34 4.896736530473631
35 2.642104161204054
36 3.652468189992942
37 5.478370059476034
38 3.018823465735588
39 3.37313074410838
40 5.148135692722199
41 6.309079732850528
42 2.5401617427705694
43 1.9853616976105581
44 3.4220074660438855
45 2.6507059044919794
46 2.187338570166671
47 1.0545093517331863
48 2.6964197363466043
49 0.9270991135635115
50 2.473927690359761
51 2.477171316598075
52 1.4158843343241634
53 2.5071906037378686
54 3.3089100057246315
55 1.1729989503690716
56 2.4287405353727065
57 2.5500975022123047
58 1.3147315463491345
59 3.9997658570401033
60 4.361123409908364
61 3.81952677045741
62 4.314869565021561
63 4.97404951062765
64 2.4404299070713686
65 5.270915932874727
66 6.076443922147692
67 4.360873286196223
68 7.205919180490449
69 4.242860321343651
70 2.6363800232749095
71 2.9243265753642484
72 2.529897166969073
73 2.2972020560703053
74 1.6895949070752645
75 3.8428189175695895
76 2.3700607641296623
77 2.1713188417427935
78 2.4738632009690305
79 2.965121563537961
80 3.6447155338653054
81 3.3239031888022246
82 4.723645227438059
83 2.3922406797296687
84 3.738683705054182
85 2.3209883342687743
86 0.895707766446368
87 3.531118235640352
88 1.8720424380701983
89 4.793520284754437
90 3.365769831563418
91 5.229778206539894
92 2.6888722448835725
93 4.540247456168992
94 3.9802153356301213
95 2.8054131910894284
96 2.2525741197742954
97 2.568809843093159
98 3.2474453301533166
99 4.13029193080167
100 2.802345421315486
101 4.137698724582681
102 2.5655014095303863
103 4.560830878402463
104 1.7527159627600812
105 5.2657938751054045
106 4.930697354294609
107 2.940760701642307
108 0.48498303242436314
109 1.111132310543336
110 0.9134341837669984
111 3.0421039705579265
112 1.6003946858582396
113 5.0064896672311345
114 2.4745449559237276
115 2.0243787930045545
116 2.4776157672978645
117 4.6316017347623815
118 1.4501005899280108
119 2.347235851446845
120 1.8022250203499361
121 2.2446713278737476
122 2.2679089411172093
123 3.7033107458887278
124 0.7390882472720897
125 4.30899971880402
126 5.136830808788673
127 4.208722012156631
128 1.2635475599149537
129 3.557992085503678
130 4.886267201705111
131 0.046967191440478395
132 3.2260140743046346
133 2.8122268551430554
134 0.8048977753537032
135 -0.023847286414976965
136 2.49032422019503
137 0.8828140122706739
138 -0.17154187936443352
139 2.437285942966638
140 1.3374295089134356
141 1.7997272846135899
142 0.9169319635872678
143 0.5891138296109648
144 2.40944674408102
145 0.6278946642404823
146 2.1733328104360257
147 0.942564424253771
148 1.9198108151523214
149 0.8924478633699038
150 0.9461237585638164
151 4.723645227438059
152 2.642104161204054
153 1.9198108151523214
154 1.4501005899280108
155 0.9270991135635115
156 2.477171316598075
157 1.1729989503690716
158 3.738683705054182
159 4.886267201705111
160 2.4745449559237276
161 0.9461237585638164
162 1.2635475599149537
163 0.895707766446368
164 2.3209883342687743
165 1.3374295089134356
166 4.447788570825456
167 0.9169319635872678
168 4.13029193080167
169 3.7032143929143215
170 1.111132310543336
171 3.0421039705579265
172 2.0243787930045545
173 -0.17154187936443352
174 3.2260140743046346
175 3.557992085503678
176 0.046967191440478395
177 -0.023847286414976965
178 1.7997272846135899
179 0.5891138296109648
180 0.8924478633699038
181 2.3854692350283138
182 2.012974497896529
183 2.412953929789715
184 1.778527881074833
185 2.1634563090999914
186 0.9523603160477561
187 3.395517370810061
188 2.889557045262189
189 1.0861555586263272
190 1.0432768520801652
191 1.272635564037176
192 1.7295996377072882
193 1.0105747240332232
194 0.7785371457600135
195 2.333096376472569
196 0.984354776559415
197 0.2592565143468868
198 0.9249805252789223
199 0.5363695994791633
200 0.3680447833531804
201 0.8961894634549536
202 1.373689934308051
203 0.8976773346738359
204 1.798142720173721
205 0.908038191601492
206 0.09668309059890531
207 0.9022864929309697
208 0.9247381074425516
209 0.0744363750592116
210 2.613082887283496
211 0.6603478489814408
212 0.7064044454622209
213 4.33599590029246
214 0.9476413260125627
215 4.372230454272012
216 3.7921541185196572
217 2.1245980902644135
218 0.9259067591826018
219 2.1245980902644135
220 1.8138513415590471
221 0.8404874077845104
222 -0.09964723921519825
223 2.277823770454343
224 1.652240155181878
225 0.633103195728508
226 0.8946396636435839
227 0.8302282516236722
228 1.049586485538029
229 -0.06043459287219144
230 1.1031271149792756
231 0.9467953538468419
232 0.9476946645150417
233 1.034057774309422
234 0.10936857984008977
235 1.034057774309422
236 1.9398758839895816
237 1.1052106667532189
238 0.9268757028675366
239 1.1769810945633046
240 2.512945221075666
241 0.9037297925279348
242 2.976167955101693
243 1.0712944427972384
244 3.029698633687019
245 0.8610715417482642
246 0.606117273246815
247 0.9310302811313622
248 0.12234284982322294
249 0.9391460339932557
250 0.9328602973274485
251 2.575135892749415
252 1.1436657055196189
253 0.40510320419497536
254 1.346021551357931
255 0.40510320419497536
256 2.4668420581166606
257 -0.2001704958708537
258 -0.19925393912284067
259 0.8878865795289711
260 0.10445111071006491
261 0.8944678137642789
262 2.2477580277146405
263 0.8914256347880745
264 3.0995672372750573
265 0.9469844679213989
266 0.20693479928024877
267 0.9189772220546888
268 1.8354909160922301
269 0.9312012598457587
270 0.5223996486026918
271 3.2421599878271854
272 -0.1506897366214344
273 0.3888143137401229
274 -0.033633614665240785
275 0.8849200012095105
276 2.3722561703268488
277 0.1402567086725454
278 0.6920111970196181
279 -0.1840230626512018
280 0.7359790673900064
281 0.939808375865888
282 1.1085889580774746
283 -0.1415509403272769
284 0.9407599390284058
285 -0.18909791479235474
286 -0.19411670319062466
287 -0.1645527546310187
288 -0.19428523803902814
289 0.2941514891624926
290 0.014752787230429568
291 0.4000478380940724
292 0.7321769794077231
293 -0.1361321810648029
294 0.9992122741589442
295 -0.14994608977026005
296 1.298738682180662
297 0.4690692451516119
298 -0.19020641429182036
299 -0.1855793377527462
300 1.6327156919811905
301 -0.033633614665240785
302 1.1085889580774746
303 1.0861555586263272
304 0.3680447833531804
305 0.2592565143468868
306 0.5223996486026918
307 0.9022864929309697
308 0.0744363750592116
309 4.33599590029246
310 2.1245980902644135
311 -0.19020641429182036
312 0.12234284982322294
313 -0.06043459287219144
314 1.034057774309422
315 0.9992122741589442
316 0.9037297925279348
317 0.8610715417482642
318 0.9391460339932557
319 -0.19428523803902814
320 -0.2001704958708537
321 0.7321769794077231
322 0.7785371457600135
323 -0.17154187936443352
324 0.10445111071006491
325 -0.1840230626512018
326 -0.1415509403272769
327 -0.18909791479235474
328 0.2941514891624926
329 -0.14994608977026005
330 -0.19925393912284067
331 -0.04768142569807443
332 0.10934019195640124
333 0.25626757391742677
334 -0.04448286889078246
335 0.6014427653847391
336 0.032459326309516576
337 0.7604426679715821
338 1.6317944099014177
339 0.946622288555668
340 -0.12559064949986393
341 0.946622288555668
342 2.541403762430464
343 0.0007823479755377227
344 -0.20041003003227278
345 0.21690746668582073
346 0.8833351865199119
347 0.14689122419946357
348 0.6924749077890533
349 0.017335898827177842
350 0.06730067955293015
351 -0.20040290682804354
352 -0.19675623023661526
353 -0.19305718148805914
354 2.536944394258085
355 0.9475302192310332
356 -0.20040171909948928
357 -0.06088800904789082
358 -0.14736383065681447
359 0.10796920922687864
360 0.5472928548081094
361 0.9422848205707769
362 0.6775374283041169
363 3.7791399727429464
364 -0.184945715972249
365 3.052002283882563
366 2.513500440395976
367 0.8870101272593275
368 0.3739402507908098
369 0.8865228908520489
370 0.9431045890548617
371 0.6920674406915533
372 -0.15195553339073697
373 -0.006684405423510509
374 -0.15920739465740763
375 -0.02742833151826335
376 0.9310443139996039
377 0.44108235066365997
378 0.9015371845187735
379 0.22353848118629388
380 0.30565808998013855
381 -0.19317473514879127
382 1.1718409810975807
383 -0.1547953070336697
384 0.8919053543064996
385 0.5462296782865711
386 0.8847460500828521
387 0.16211954999065334
388 0.879547586225083
389 0.16211954999065334
390 0.8542825212725957
391 0.9473002856633895
392 -0.12260412316163655
393 1.6473657454372148
394 0.945364690775638
395 0.15899029863647599
396 -0.03290272705817099
397 0.06771568143683315
398 0.9015400584884554
399 -0.1223997702716533
400 -0.15363006986222338
401 -0.02974380469790666
402 -0.1989067921135605
403 -0.19113171784347371
404 2.4041623850118796
405 -0.17042138199942497
406 -0.19925868634334126
407 0.39652553337844404
408 0.5096720692545493
409 0.5264763831301676
410 0.004105308500556376
411 -0.05850168586423954
412 0.3499549490282425
413 0.7006575186435398
414 0.7415650771403347
415 0.26868004143344
416 0.05724489881096362
417 0.24566474375464287
418 2.0275026048853624
419 0.262592259482265
420 -0.11928413383929146
421 -0.19926430372146994
422 0.9257770550331139
423 -0.11963442761498266
424 0.26678689261816585
425 0.11752448382907743
426 0.8828167697529491
427 0.8896418934608629
428 0.5918331297321675
429 0.9370144267037173
430 2.103644138824544
431 -0.1475476896670868
432 -0.13609147352534418
433 0.34635388300699327
434 -0.18944800240504053
435 -0.19952845730472474
436 -0.06037035867992874
437 0.057867391506102976
438 2.1948958147578743
439 -0.18349580758886117
440 -0.17903845540468385
441 0.07023248719175548
442 2.486960854453636
443 -0.19058653625142907
444 -0.19349249741663643
445 0.19870650376726864
446 -0.1914661669058826
447 0.4246462581929119
448 0.1957150042888873
449 0.34225253245583576
450 -0.0025102710767184178
451 -0.04768142569807443
452 -0.19925868634334126
453 0.9431045890548617
454 0.0007823479755377227
455 0.017335898827177842
456 -0.20040290682804354
457 -0.06088800904789082
458 -0.06037035867992874
459 2.4041623850118796
460 0.879547586225083
461 -0.19020641429182036
462 -0.1914661669058826
463 -0.19317473514879127
464 -0.1547953070336697
465 0.16211954999065334
466 0.5918331297321675
467 0.06771568143683315
468 -0.14736383065681447
469 -0.19428523803902814
470 -0.2001704958708537
471 -0.05850168586423954
472 0.24566474375464287
473 -0.19926430372146994
474 -0.20040171909948928
475 -0.1840230626512018
476 -0.1475476896670868
477 -0.19952845730472474
478 -0.20041003003227278
479 -0.19058653625142907
480 -0.19925393912284067
481 -0.04118944587426562
482 -0.16900066453379306
483 -0.09160571190099609
484 0.8900375524483469
485 0.1496185340578423
486 -0.09799465715362546
487 -0.19669286057558882
488 0.8839446014382842
489 -0.057948855891622714
490 -0.20025052710997385
491 0.13753263486901657
492 -0.1636870627653007
493 0.166317008773068
494 0.03994284783284624
495 0.4078145531811115
496 0.9184117454997076
497 0.6310459346203409
498 -0.19604736695641758
499 0.19408866364641358
500 0.893713382701687
501 -0.15477101869644955
502 -0.09419673560667999
503 0.672145483759582
504 1.1461737688894238
505 0.3676291469749874
506 -0.19982683154570619
507 -0.16371276876321866
508 0.5410842314620762
509 -0.05388818794837308
510 -0.050454970055041404
511 -0.010523607270151947
512 2.374295131915172
513 0.9045712876150577
514 1.7584721286833975
515 0.8829798234019579
516 3.082445433642682
517 -0.1983201653006898
518 -0.1748261366721649
519 -0.19886658408294966
520 1.9235015213540727
521 0.02510245907685897
522 0.0015093270313314283
523 -0.11271646538921926
524 1.0011697186341282
525 -0.17511148314387331
526 -0.155037558682888
527 0.6082962432403978
528 0.6440268027387637
529 -0.14841434529066266
530 0.6011826730051709
531 0.9449533429516052
532 1.8200525124879374
533 -0.16837232242263223
534 0.06475589421752609
535 0.11007766489034107
536 -0.19155091311111735
537 0.6621559988256424
538 0.6671135017156995
539 0.8950030634162695
540 0.6853903404920123
541 0.37878576595161945
542 0.9099931232096834
543 0.3844535481981861
544 -0.07655993012952403
545 -0.20043807500118088
546 -0.1725739230972687
547 -0.1349770084122654
548 0.9310591762334355
549 -0.013313508666856877
550 0.18725796995915034
551 -0.007964714358594638
552 -0.1639271223814151
553 -0.15275163675437395
554 0.01646739241463485
555 -0.06315163576905541
556 -0.1701722731751322
557 -0.03892309779988046
558 -0.19735805237345116
559 -0.16972004350713912
560 -0.17493809240905028
561 -0.1973108502124622
562 0.03790780974724503
563 -0.08015534782940176
564 2.464188068628537
565 0.5450337210766497
566 -0.19191729557624468
567 -0.01939614585072849
568 1.908180320229832
569 -0.126628846247545
570 -0.15298780826867198
571 0.09890723537225385
572 0.9370275785886291
573 -0.15534111290903924
574 -0.09643930848143237
575 -0.1999432182194643
576 0.20315181823728903
577 -0.02257431884869024
578 -0.06854728954259989
579 -0.1629580184375111
580 1.0013970420246703
581 -0.17851546545739616
582 0.9325991044290085
583 0.5419663275901976
584 2.2180364691080534
585 -0.19054231081251286
586 0.031548403239763476
587 -0.19693704308609702
588 -0.18108820878280182
589 -0.10072522760968644
590 0.2995195934655168
591 0.34205074539665375
592 1.3827276610763697
593 -0.18902717599442193
594 -0.14424248784082067
595 -0.19359333171491983
596 2.569270517437998
597 0.10855602143271535
598 0.637186069695086
599 -0.19091621447200813
600 1.081054471310275
601 -0.1639271223814151
602 -0.19925868634334126
603 -0.057948855891622714
604 0.0007823479755377227
605 0.017335898827177842
606 -0.20040290682804354
607 -0.19155091311111735
608 -0.1701722731751322
609 0.8829798234019579
610 -0.20025052710997385
611 -0.19020641429182036
612 -0.1914661669058826
613 -0.19317473514879127
614 -0.16837232242263223
615 0.01646739241463485
616 0.37878576595161945
617 -0.20043807500118088
618 -0.14736383065681447
619 -0.19428523803902814
620 -0.2001704958708537
621 -0.1973108502124622
622 -0.07655993012952403
623 -0.19926430372146994
624 -0.20040171909948928
625 -0.1840230626512018
626 -0.17851546545739616
627 -0.19952845730472474
628 -0.20041003003227278
629 -0.19982683154570619
630 -0.19925393912284067
631 -0.15946141648054982
632 -0.19989043163943818
633 -0.20030363467499865
634 2.2506657316740744
635 -0.16192486964331945
636 -0.08571742357504675
637 0.9432773543360902
638 2.355737091673082
639 -0.04626161727751352
640 -0.20016400278672514
641 -0.1703566639396857
642 0.9772438840471293
643 -0.04163067839535202
644 -0.1692188042235639
645 0.19550268867486084
646 1.966175306877011
647 0.08643118990906846
648 -0.1988254842967806
649 -0.010239610123105758
650 -0.008176320105696994
651 -0.14403582239799728
652 -0.19687891259878976
653 -0.2003419154317792
654 0.14600551384094898
655 -0.18941205859707094
656 0.09539234220615375
657 0.2942429695146935
658 0.17120154161378326
659 -0.16638834851610057
660 0.06643938537710115
661 0.5450394617020684
662 0.9571379517835109
663 0.8636373152294909
664 0.17515579814770732
665 0.9429116167735853
666 0.8587866107957893
667 -0.03391673415352987
668 -0.18395038715116083
669 -0.20014152092918924
670 0.5948074246439855
671 -0.0806284710670489
672 -0.050605362638599355
673 -0.16127706153274698
674 2.103699325289008
675 -0.19980751017174028
676 -0.19624893502314814
677 -0.2003464291097377
678 -0.19951784987673682
679 -0.19709557189684926
680 0.10575332800878097
681 0.9459516185877219
682 0.909788282010829
683 -0.19894302728840058
684 0.2742750505819209
685 0.22155601279051085
686 0.18089387107419228
687 0.69990655308513
688 0.2136069187871338
689 0.8977849166590416
690 0.2974670368851068
691 0.6027137129818885
692 -0.19177103586997096
693 -0.061505721928121704
694 0.7624117683640377
695 -0.20044656168931096
696 -0.18139064167193963
697 0.14450849518732803
698 1.3223743433457973
699 0.1499098914135115
700 0.06835273879707798
701 -0.01589235423145452
702 1.7398084266172524
703 0.012123335839163626
704 -0.07326163978350528
705 -0.1956665106248585
706 1.3000715401679963
707 -0.19988859971133766
708 -0.17898559287312005
709 -0.024017690026868474
710 1.0987817300613085
711 -0.10149453918408069
712 0.022151891894372056
713 0.9424686444799413
714 0.7028502853673686
715 0.6772920934495144
716 0.43645006440286066
717 0.18373445982651354
718 0.4512862485399647
719 -0.07028983751815288
720 -0.12276772195507574
721 -0.2003599053871215
722 0.9176964050445613
723 -0.1989443758750968
724 -0.008857485096975953
725 0.650511483302132
726 0.7816572021048674
727 -0.06688624647843294
728 -0.03930598257985046
729 0.831396809068288
730 0.8833159667278114
731 0.1000338542134702
732 -0.17156486128413437
733 0.9850051417287429
734 -0.15053595279506707
735 0.3652740884145441
736 -0.07689451371339795
737 0.5113553650752837
738 -0.1542838383353919
739 -0.16973357355740046
740 -0.19447127354203225
741 -0.19944385032001094
742 -0.2004460165319093
743 -0.1744568288384168
744 0.7009516816058345
745 -0.10020442008452757
746 -0.19630891970416975
747 -0.1630116876095748
748 0.18825131450669103
749 -0.1763008923267682
750 -0.03233135823135069
751 -0.20030363467499865
752 -0.19925868634334126
753 -0.17898559287312005
754 -0.19630891970416975
755 -0.010239610123105758
756 -0.20040290682804354
757 -0.1988254842967806
758 -0.19447127354203225
759 0.8636373152294909
760 -0.20025052710997385
761 -0.19020641429182036
762 -0.2003464291097377
763 -0.19709557189684926
764 -0.19894302728840058
765 -0.19951784987673682
766 -0.061505721928121704
767 -0.20044656168931096
768 -0.14736383065681447
769 -0.1956665106248585
770 -0.2004460165319093
771 -0.19989043163943818
772 -0.07655993012952403
773 -0.2003599053871215
774 -0.20040171909948928
775 -0.1840230626512018
776 -0.17851546545739616
777 -0.19952845730472474
778 -0.20041003003227278
779 -0.19982683154570619
780 -0.19925393912284067
781 -0.20017840588836744
782 0.8645675988446793
783 0.19030921114578464
784 0.6832929297182259
785 0.11230139276360644
786 0.23424795047346558
787 -0.1976007024140541
788 2.5331179098141545
789 -0.07266880338126108
790 0.10762111402633631
791 0.06510750137622323
792 1.0323612564961795
793 -0.14724539325731215
794 -0.189542677878842
795 -0.1998962703923544
796 0.43267242666935635
797 0.35357443566861585
798 -0.0036615680159161057
799 -0.19931170004316365
800 -0.20040537880586695
801 0.1816815644973246
802 0.0012771059213386587
803 -0.20031877224318187
804 -0.08157454003797476
805 -0.14367446256282224
806 -0.2001396514010264
807 -0.19987609399658385
808 1.497327033308749
809 -0.041083016746646384
810 0.6162072243340465
811 0.8973511609476001
812 0.14704520227789994
813 0.4574385935098549
814 0.48555885082347183
815 0.05026966899692187
816 0.9197939709695615
817 -0.2003846595313326
818 -0.20046430516874592
819 -0.17341689569612345
820 0.4420552284739985
821 -0.18203435645140792
822 -0.19992956810562654
823 -0.16952031302380755
824 1.586034425713799
825 0.15697909408487237
826 -0.17809878132386853
827 0.16901978844819537
828 0.906627013611252
829 0.30432768741871297
830 -0.1212192069658054
831 0.06252443489187604
832 2.584746372880826
833 -0.19035265880320612
834 -0.17534680322126742
835 -0.01962693022314707
836 0.9268220120596914
837 0.09011622435177673
838 -0.1924043105155112
839 0.11419493560093404
840 0.7487800547485846
841 -0.19950054384257424
842 0.4561536763212509
843 -0.1595032041569179
844 0.6249827275244446
845 0.04324553874878995
846 0.7013925101485204
847 -0.026663840633644686
848 0.8547038408363696
849 -0.06953698320127799
850 0.07228182374881856
851 -0.07741545117860468
852 1.2187334292446321
853 -0.10690975956005444
854 -0.14657851127955995
855 0.6119420795592253
856 0.4104325750843524
857 -0.07638179736899123
858 -0.1639028314437324
859 -0.2001167817468193
860 2.396862005347747
861 0.7851962044502893
862 0.10666214827465181
863 -0.030486310841718656
864 -0.19630094672718776
865 0.6512359879664372
866 -0.16956432671502167
867 0.23126858330810818
868 0.8488837471897208
869 0.1401646983149093
870 -0.1445797296110139
871 -0.19756204375693345
872 0.9835122967944423
873 0.033188232298043185
874 0.1600088673040736
875 -0.007455193117392622
876 2.001254564596133
877 0.15239355447686753
878 -0.14547820188224214
879 0.10222352083783096
880 0.9193887993752929
881 -0.19371700425332322
882 0.5771485302663703
883 -0.19443901853352882
884 1.7331956307764163
885 -0.19295889053060525
886 -0.10913461251332174
887 0.7253234029178629
888 1.6619765502852621
889 -0.16523525910655149
890 -0.18905415445216633
891 0.05317413159659139
892 0.6575332027727128
893 -0.1954954374362165
894 -0.11479623554302615
895 0.4776188262290739
896 0.902149722788048
897 -0.1849731327897041
898 0.44746541649224686
899 -0.038044962921175096
900 -0.19911344793970212
901 -0.20030363467499865
902 -0.19925868634334126
903 -0.17898559287312005
904 -0.1998962703923544
905 -0.19931170004316365
906 -0.20040290682804354
907 -0.19987609399658385
908 -0.19447127354203225
909 -0.20040537880586695
910 -0.2003846595313326
911 -0.19020641429182036
912 -0.2003464291097377
913 -0.19992956810562654
914 -0.19894302728840058
915 -0.19951784987673682
916 -0.19950054384257424
917 -0.20046430516874592
918 -0.19911344793970212
919 -0.1956665106248585
920 -0.2004460165319093
921 -0.19989043163943818
922 -0.07655993012952403
923 -0.2003599053871215
924 -0.20040171909948928
925 -0.1840230626512018
926 -0.19443901853352882
927 -0.19952845730472474
928 -0.20041003003227278
929 -0.2001396514010264
930 -0.19925393912284067
931 0.10500251948092539
932 -0.027352564745036556
933 -0.2004160241303728
934 0.2525157357380561
935 0.36070556257736175
936 -0.08113700700388338
937 -0.17609826264685136
938 2.463463062153332
939 -0.14556182558345612
940 -0.18902703690819586
941 -0.15672503120311165
942 2.615406710888474
943 -0.19410333202705654
944 -0.20030917228327944
945 -0.03299291448624331
946 0.9444153496809252
947 0.3660145960759007
948 -0.03897699462962537
949 0.8992321247419436
950 2.501968992610384
951 -0.2004198283679668
952 -0.19994391750272839
953 -0.2003219623954426
954 0.9361612640899053
955 -0.19264779148179845
956 -0.19877377134805627
957 0.027993623062917528
958 0.9419315209126159
959 0.1011064508594044
960 0.3340446141075043
961 -0.1914927995076328
962 1.6418909910141304
963 0.2954568436535128
964 0.623032362674835
965 -0.17382406866070346
966 0.9041648698111756
967 -0.14682697933741204
968 -0.19104826236161518
969 -0.195175347032616
970 1.4245707087674895
971 0.4816192265580488
972 0.22071679567013883
973 -0.10733983289351418
974 0.903139174592957
975 0.47608235159549533
976 0.22693858140882323
977 0.41100421427558914
978 0.3365278873657469
979 0.08114396317471867
980 -0.16303555145769502
981 -0.10669914248481027
982 0.8831785276383538
983 -0.17854411024789274
984 -0.19863611202097275
985 -0.12369368050308316
986 0.9361339932813373
987 -0.1514667898764839
988 0.8241152043453462
989 -0.14568593414575132
990 -0.18997314094196371
991 -0.10018722878396918
992 -0.18504023001061995
993 0.21479091925505936
994 0.5845731932415503
995 0.08873068106902784
996 0.538165271695967
997 0.8471602064527748
998 1.4145992574670039
999 -0.16748573762822627
1000 -0.20046366766482412
1001 -0.14836679463908672
1002 0.4406802374033695
1003 -0.15451277765355798
1004 -0.056614457632874454
1005 -0.19484410555701118
1006 0.0815243854922787
1007 -0.20019819860762872
1008 -0.00391372356278788
1009 -0.18712313303840983
1010 0.6827875556429019
1011 0.028983248612932222
1012 0.6926956217722176
1013 -0.11025574633581142
1014 0.5747884651729548
1015 0.6761833131741845
1016 0.6043017981911791
1017 -0.07564395648275171
1018 2.423425652614138
1019 -0.050644006916956724
1020 0.4753031893982928
1021 0.21003322908709757
1022 -0.1853300025340088
1023 -0.1985417491013335
1024 -0.13470197821211488
1025 0.5903844750733374
1026 0.9156339334751438
1027 -0.16846503124201384
1028 -0.1969604518063331
1029 -0.1840230626512018
1030 -0.19178811454183184
1031 0.5531203816999541
1032 -0.18929509573926176
1033 -0.06402920406198967
1034 0.8867278270032484
1035 0.6778380870357096
1036 -0.09451208070063433
1037 -0.12095379454428762
1038 0.9380277130211645
1039 0.17999269600736692
1040 0.15141353604531713
1041 -0.19934936744316328
1042 2.4499405544970405
1043 -0.18286518263399837
1044 -0.04926121090703092
1045 -0.10307449228457377
1046 2.465324910784541
1047 0.17830061120057297
1048 -0.200449889423249
1049 -0.1998733289441575
1050 1.7670701965215136
1051 -0.2004160241303728
1052 -0.200449889423249
1053 -0.17898559287312005
1054 -0.1998962703923544
1055 -0.19931170004316365
1056 -0.2004198283679668
1057 -0.19987609399658385
1058 -0.19447127354203225
1059 -0.20040537880586695
1060 -0.2003846595313326
1061 -0.19020641429182036
1062 -0.2003464291097377
1063 -0.19992956810562654
1064 -0.19894302728840058
1065 -0.19951784987673682
1066 -0.19950054384257424
1067 -0.20046430516874592
1068 -0.19911344793970212
1069 -0.1956665106248585
1070 -0.2004460165319093
1071 -0.19989043163943818
1072 -0.1969604518063331
1073 -0.2003599053871215
1074 -0.20040171909948928
1075 -0.1840230626512018
1076 -0.19443901853352882
1077 -0.19952845730472474
1078 -0.20041003003227278
1079 -0.2001396514010264
1080 -0.20030917228327944
1081 -0.06940872069588466
1082 -0.1833692111474205
1083 -0.19784638177325947
1084 2.5049834260134944
1085 -0.19438881479222941
1086 -0.027858383837466
1087 0.13507852909656884
1088 0.9192956849051624
1089 -0.18583681625262655
1090 -0.02561756432148203
1091 -0.11660924974412018
1092 0.8850311020175758
1093 -0.19746344580955283
1094 0.04456944667671074
1095 0.3913613701263769
1096 -0.0534479610936191
1097 0.5151721463158545
1098 0.8219329697142663
1099 -0.1961283453544958
1100 0.21868642327316232
1101 -0.1768386921365591
1102 -0.047015979919958845
1103 -0.2004198283679668
1104 2.4668775901472566
1105 0.3528668437361482
1106 -0.18165686228202446
1107 0.3156839553109507
1108 2.455629603394953
1109 -0.12658541038548313
1110 -0.06711553000143203
1111 -0.1987844739330938
1112 1.6677825572945002
1113 -0.11542472479085902
1114 -0.03496348647769831
1115 0.17248312793937245
1116 1.4658456166260199
1117 0.007931926103599649
1118 -0.1947665279126242
1119 0.0036599869235762195
1120 1.5626915246991295
1121 0.5049605805599973
1122 -0.022671537268757314
1123 -0.19682825196720916
1124 2.4755787813167047
1125 -0.030063055787761014
1126 -0.1562134979492044
1127 0.8790003142349678
1128 0.15600311589587854
1129 0.21563753115580128
1130 -0.1958331864047936
1131 -0.14891287233264913
1132 0.2442739513592885
1133 -0.20004601037495948
1134 0.28810531123559624
1135 -0.19807784614820675
1136 2.2724122780742877
1137 0.2587729634139651
1138 0.9101458419385818
1139 -0.19854317410638908
1140 1.2440541743503757
1141 0.2495020055983337
1142 -0.19440249970542578
1143 0.022063936141392793
1144 -0.19675823645295587
1145 -0.11321878244000255
1146 0.6931492740305125
1147 0.12371994048596116
1148 0.23931578779682922
1149 -0.004766419799917959
1150 0.06308732674882278
1151 0.8856262749546915
1152 2.516125505450513
1153 -0.05846822531840584
1154 -0.10317741320414636
1155 -0.10270531815367384
1156 0.7571588443112742
1157 0.2824125629529008
1158 -0.17494814841343417
1159 0.1901587437332276
1160 1.484636408989402
1161 0.8557773631529223
1162 0.00728309787253871
1163 -0.19283068261657957
1164 -0.19934806314907194
1165 -0.197965269222765
1166 -0.20032857458808007
1167 0.5721459820754846
1168 -0.18433034644437962
1169 -0.17834750745065914
1170 -0.11381885502479344
1171 -0.1017771237582196
1172 0.8797431226923399
1173 0.39166746413878906
1174 -0.1886192083445849
1175 -0.20040171909948928
1176 2.513040852331951
1177 -0.0059338651310359425
1178 -0.20035739167149208
1179 -0.09787268773959529
1180 0.0644931764306376
1181 -0.19685507039456548
1182 -0.17975031166401242
1183 0.5234223428828584
1184 -0.19643179737578748
1185 -0.11462570950319362
1186 -0.14214798271091744
1187 -0.200248155865241
1188 1.12471555817015
1189 -0.12686502187733223
1190 0.16500700820332842
1191 0.7831991134318486
1192 2.1569309793450127
1193 -0.19542064083648553
1194 -0.20031246791450594
1195 -0.05587959637996898
1196 1.0358557672659292
1197 -0.14253095802727545
1198 -0.1529470681266494
1199 0.03088782055030459
1200 2.405080741255298
1201 -0.2004160241303728
1202 -0.200449889423249
1203 -0.18583681625262655
1204 -0.1998962703923544
1205 -0.19931170004316365
1206 -0.2004198283679668
1207 -0.19987609399658385
1208 -0.1987844739330938
1209 -0.20040537880586695
1210 -0.2003846595313326
1211 -0.19934806314907194
1212 -0.2003464291097377
1213 -0.19992956810562654
1214 -0.20004601037495948
1215 -0.19951784987673682
1216 -0.19950054384257424
1217 -0.20046430516874592
1218 -0.19911344793970212
1219 -0.1956665106248585
1220 -0.2004460165319093
1221 -0.19989043163943818
1222 -0.197965269222765
1223 -0.2003599053871215
1224 -0.20040171909948928
1225 -0.1840230626512018
1226 -0.19685507039456548
1227 -0.20032857458808007
1228 -0.20041003003227278
1229 -0.2001396514010264
1230 -0.20030917228327944
1231 0.6372971877128571
1232 0.2543202961199871
1233 -0.17008213366170083
1234 2.343484516529648
1235 0.1264994507524765
1236 0.5226154846364619
1237 0.548718877340155
1238 0.08220346441710152
1239 -0.18836659008509102
1240 -0.19879043188978998
1241 0.2054305891305599
1242 -0.1332633317941623
1243 0.3846342805076859
1244 0.2363392344229932
1245 -0.13273517356772951
1246 0.944972847832728
1247 0.2681015765184387
1248 -0.04285430211719937
1249 -0.1924540355723785
1250 -0.19731586332297396
1251 -0.17795472673006238
1252 0.2709353465987926
1253 -0.10185767633531989
1254 2.362862141177366
1255 0.68553792897058
1256 -0.09776365291819641
1257 -0.14876325460347445
1258 2.1794902107799454
1259 0.5026709092798072
1260 0.23781667916376947
1261 -0.17746601630491365
1262 -0.014447976444105615
1263 0.6210418836386499
1264 -0.19675373212849687
1265 -0.18149392256151067
1266 1.0354723623986872
1267 0.49006672188199174
1268 0.19009828365795028
1269 -0.19428148868764017
1270 0.9240001997224618
1271 -0.1873877538069921
1272 -0.1641371301300201
1273 0.1603198269470875
1274 1.8623236448090539
1275 0.5646953186512613
1276 -0.1501145036271181
1277 -0.2003464291097377
1278 -0.17102243143915444
1279 0.391263939551855
1280 -0.13120326106456914
1281 0.8967260743477561
1282 -0.200021470133523
1283 -0.0439915951450397
1284 -0.17370672812121832
1285 0.10467356018555307
1286 0.8877839275483546
1287 -0.11723630767637627
1288 0.9080600838186392
1289 -0.10646184303191775
1290 -0.11771922064060009
1291 -0.17797621162586613
1292 -0.1948152548080629
1293 0.54373699109253
1294 0.0957212419858903
1295 -0.13017806960716957
1296 -0.19476778721221316
1297 0.8732009961313941
1298 -0.10361179130033299
1299 -0.19676258815486547
1300 0.0363533189612075
1301 0.7401212941694856
1302 0.8846969171561805
1303 -0.19744000638171832
1304 -0.13080445887675454
1305 0.27950205773624875
1306 0.039021057073417464
1307 -0.14189747867102737
1308 -0.1884433017544898
1309 -0.12787853267387242
1310 0.6766243408402374
1311 -0.20015048387203
1312 -0.19954949104438158
1313 -0.15803618921340365
1314 -0.17560952247310938
1315 0.1470198053054701
1316 -0.12626720598163876
1317 0.9420557756737659
1318 2.4065359643266966
1319 0.23100953755474168
1320 -0.14111524891486463
1321 -0.20030936829806062
1322 0.8961349553079281
1323 -0.181654308112418
1324 -0.05235934953816901
1325 -0.20040531610097445
1326 -0.007703088074940412
1327 0.1571296559140048
1328 0.6296854991177533
1329 -0.19311383454713524
1330 2.5833887306165306
1331 0.8683689316623815
1332 0.5908708584962089
1333 0.13478158068833523
1334 2.3832643801247793
1335 -0.05085595257644754
1336 0.6469901925487239
1337 -0.17376535054877593
1338 0.9339928996707139
1339 0.3771776940538935
1340 0.22535381999015408
1341 0.15879088806207559
1342 2.3486057941794445
1343 0.06420222718828703
1344 -0.09585728743650465
1345 -0.18983681156550508
1346 1.2065549380931442
1347 -0.14661799849887658
1348 0.21902175423089312
1349 -0.09477826269457901
1350 2.3172013272168765
1351 -0.2004160241303728
1352 -0.200449889423249
1353 -0.18836659008509102
1354 -0.1998962703923544
1355 -0.19931170004316365
1356 -0.2004198283679668
1357 -0.19987609399658385
1358 -0.19879043188978998
1359 -0.20040537880586695
1360 -0.2003846595313326
1361 -0.19934806314907194
1362 -0.2003464291097377
1363 -0.19992956810562654
1364 -0.20004601037495948
1365 -0.19951784987673682
1366 -0.19950054384257424
1367 -0.20046430516874592
1368 -0.19911344793970212
1369 -0.19744000638171832
1370 -0.2004460165319093
1371 -0.20015048387203
1372 -0.197965269222765
1373 -0.2003599053871215
1374 -0.20040531610097445
1375 -0.19311383454713524
1376 -0.19685507039456548
1377 -0.20032857458808007
1378 -0.20041003003227278
1379 -0.2001396514010264
1380 -0.20030917228327944
1381 -0.1735738650302386
1382 0.00740461314692567
1383 0.021822850444270403
1384 0.22685444434659735
1385 -0.14935385493497147
1386 0.2886229641933915
1387 -0.16712577706415535
1388 0.1276935349306131
1389 -0.1882072409017804
1390 -0.200449864870156
1391 0.5805855403888737
1392 2.2532116850628925
1393 -0.19891109177091482
1394 -0.19848462475111983
1395 -0.18916936575806936
1396 1.4329606106087869
1397 0.3720017277880544
1398 0.22376636651758183
1399 -0.19663818863356938
1400 2.4020596350810743
1401 -0.19523710981505207
1402 -0.19810450966777077
1403 0.06392811189273126
1404 0.8855939018114135
1405 -0.15566480163167173
1406 -0.181327618836363
1407 0.19899872750600348
1408 0.8730475427597163
1409 -0.18960115256232846
1410 0.1919350555014837
1411 -0.18290925063165447
1412 1.8708035775617398
1413 0.0721635985536351
1414 -0.004918567681265362
1415 0.0019940714510894297
1416 0.8829988527670192
1417 -0.1855914238787564
1418 -0.19807522505856556
1419 -0.17591984369712038
1420 0.09484588802142868
1421 0.08216520296667021
1422 -0.17051985902675448
1423 -0.20000907568244441
1424 0.9096540752268595
1425 -0.13544852806490226
1426 0.7259747248263628
1427 -0.19991846995235035
1428 0.9262866148869802
1429 0.45205520181625586
1430 -0.18052019608317743
1431 -0.19992956810562654
1432 0.9120370108525159
1433 -0.03362570634070887
1434 -0.19939132980697077
1435 -0.19875321531476908
1436 0.9443845613784286
1437 0.6675542398837617
1438 0.014802174288372882
1439 -0.1619593942161573
1440 1.616128748686554
1441 -0.08461471050587085
1442 -0.19996165055370402
1443 0.8845223940277305
1444 1.2071547255592545
1445 -0.1992656702247631
1446 -0.13802061984009464
1447 -0.10763543461750472
1448 2.3673125036988805
1449 -0.19544463055659556
1450 -0.09696965327756685
1451 0.10280899734154283
1452 -0.10809663490286159
1453 -0.19861171836197336
1454 -0.16874244462048654
1455 0.2127859841800927
1456 0.13635292248253042
1457 -0.18456602120965127
1458 0.17305070527329203
1459 -0.0926268299451466
1460 0.9855017179240133
1461 -0.19900393053131876
1462 0.2737764493878978
1463 -0.1825495784424107
1464 0.9163365604240685
1465 -0.03168128148711297
1466 -0.17589765011369
1467 -0.06996461510197921
1468 2.3010348799597526
1469 0.6015801593573996
1470 0.4130077278691986
1471 -0.17582158862454028
1472 0.9186161167730778
1473 -0.13532887205634425
1474 0.3027818785684774
1475 0.9292298142732445
1476 0.1250443439601254
1477 0.006600063909194931
1478 0.32126486882700894
1479 -0.20036555658835137
1480 0.906986373611075
1481 -0.07474268218173646
1482 0.5708406847077364
1483 -0.1187389464935091
1484 2.308074694752647
1485 -0.1024066734204544
1486 -0.19378869069675383
1487 0.2474485576969926
1488 -0.016401152874249147
1489 -0.04291909023541424
1490 -0.011255224573390232
1491 0.37658432745218606
1492 -0.1978715356418787
1493 -0.20000807145656135
1494 -0.19457941869946035
1495 -0.18768788433952252
1496 0.5372027102195519
1497 -0.1942916903721414
1498 -0.18963107561980416
1499 -0.13615397663982529
1500 1.2179988794641117
1501 -0.2004160241303728
1502 -0.200449889423249
1503 -0.18836659008509102
1504 -0.200449864870156
1505 -0.19931170004316365
1506 -0.2004198283679668
1507 -0.19987609399658385
1508 -0.19879043188978998
1509 -0.20040537880586695
1510 -0.2003846595313326
1511 -0.20000907568244441
1512 -0.2003464291097377
1513 -0.19992956810562654
1514 -0.20004601037495948
1515 -0.19951784987673682
1516 -0.19950054384257424
1517 -0.20046430516874592
1518 -0.19911344793970212
1519 -0.19996165055370402
1520 -0.2004460165319093
1521 -0.20015048387203
1522 -0.19807522505856556
1523 -0.2003599053871215
1524 -0.20040531610097445
1525 -0.20036555658835137
1526 -0.19685507039456548
1527 -0.20032857458808007
1528 -0.20041003003227278
1529 -0.2001396514010264
1530 -0.20030917228327944
1531 -0.19117675591596228
1532 0.3671027753852698
1533 0.7615737209635263
1534 2.3261130008871063
1535 -0.2002280070424629
1536 -0.08262604530894715
1537 -0.19822437101343443
1538 -0.1959098224619263
1539 -0.08617018413684935
1540 -0.19285797094197013
1541 -0.18876632484286143
1542 0.9860436509688464
1543 -0.1910818497899729
1544 -0.11960111221167444
1545 -0.06842902824864494
1546 -0.2004556906834263
1547 -0.20037807891596723
1548 -0.1994606661307894
1549 0.0826206960626239
1550 -0.149121868934378
1551 0.012225833836463515
1552 0.016519148938141326
1553 -0.1008403852509204
1554 1.8566607884592787
1555 0.17453830866559902
1556 -0.06488202174436225
1557 0.010180687290903156
1558 0.2512625684841657
1559 -0.20027262347480443
1560 -0.030881612165064465
1561 -0.19333377084745548
1562 0.07825880063233345
1563 0.2312128786120219
1564 0.72015242128288
1565 -0.1695493239575082
1566 0.9071448511086373
1567 -0.20024174836383576
1568 -0.1814642508183129
1569 -0.18959733446452473
1570 0.9355535092666438
1571 -0.031078081659691947
1572 -0.19753162535834348
1573 -0.1985711020351461
1574 1.0635220631581914
1575 0.5640627831512766
1576 0.9207657777359095
1577 -0.1725622374545538
1578 0.9020776125362653
1579 -0.17608947792050011
1580 -0.04541103776403366
1581 0.836066752784059
1582 -0.19663748629521327
1583 0.3781522300376748
1584 0.08782968642619479
1585 -0.20004601037495948
1586 0.8840026202724387
1587 0.5146056389178937
1588 -0.04043462464384595
1589 0.27954109325117343
1590 2.4836057397325537
1591 0.7014864191806921
1592 -0.1563222196329047
1593 -0.19986756538534117
1594 0.5810804367365636
1595 -0.09365980623193854
1596 0.46417577163021234
1597 0.9103893704644158
1598 0.9072520200734691
1599 -0.20005055684398923
1600 -0.1768285733703025
1601 -0.08397411243677153
1602 0.9424540679196578
1603 -0.19982106872906596
1604 -0.18504000759862266
1605 -0.16197188892780046
1606 2.059925575478644
1607 -0.15650434127103569
1608 -0.11454216782035131
1609 -0.07226004485614929
1610 0.9051066014741121
1611 0.14050193183622378
1612 0.6995197607753213
1613 0.923814540776404
1614 2.4021589319457717
1615 0.5316196623474043
1616 0.14538689210779415
1617 -0.19979172656865438
1618 0.40364825832567963
1619 -0.016740409484499508
1620 -0.198876932167269
1621 -0.18690026102139157
1622 -0.1355705698731126
1623 -0.19051604497765934
1624 -0.09586310048710733
1625 0.33566352014779566
1626 -0.19545605923687592
1627 -0.16789494143578265
1628 -0.1507089003125932
1629 -0.03898991330766893
1630 2.410836353693957
1631 0.039536507656603936
1632 0.6352434342338893
1633 -0.1802509609874625
1634 0.9430648619655573
1635 -0.1971654143358946
1636 0.4611339228029039
1637 -0.1946806135468705
1638 0.5052972927475875
1639 -0.1960225292203868
1640 -0.12966658566793396
1641 -0.13007173817175025
1642 0.8583844361964077
1643 0.9186880667596411
1644 0.11621676864340155
1645 0.08966165767069861
1646 0.9102820760965453
1647 -0.16553477804512653
1648 -0.06973557933812613
1649 0.2963833350364111
1650 0.9329704349500365
1651 -0.2004160241303728
1652 -0.200449889423249
1653 -0.18876632484286143
1654 -0.200449864870156
1655 -0.2004556906834263
1656 -0.2004198283679668
1657 -0.19987609399658385
1658 -0.20027262347480443
1659 -0.20040537880586695
1660 -0.2003846595313326
1661 -0.20000907568244441
1662 -0.2003464291097377
1663 -0.19992956810562654
1664 -0.20004601037495948
1665 -0.19951784987673682
1666 -0.19986756538534117
1667 -0.20046430516874592
1668 -0.20005055684398923
1669 -0.19996165055370402
1670 -0.2004460165319093
1671 -0.20015048387203
1672 -0.19979172656865438
1673 -0.2003599053871215
1674 -0.20040531610097445
1675 -0.20036555658835137
1676 -0.198876932167269
1677 -0.20032857458808007
1678 -0.20041003003227278
1679 -0.2001396514010264
1680 -0.20030917228327944
1681 0.281451662522188
1682 -0.1815908974453376
1683 -0.11698587344717598
1684 -0.19801646822427277
1685 -0.09669603248880732
1686 -0.19505793723745055
1687 0.2557177115759188
1688 2.149170723386162
1689 -0.10094154734975241
1690 0.11089866155610305
1691 0.011318169220435326
1692 0.9156112645094925
1693 -0.13292587063427272
1694 -0.1837792506575632
1695 -0.1829092009485337
1696 2.056743733085356
1697 -0.14345750127662865
1698 0.023683019497929975
1699 0.7578274111001921
1700 0.9358908049328708
1701 -0.14441468651809036
1702 -0.1813715430422013
1703 -0.06742415014960274
1704 0.912709522208507
1705 -0.13170863126180152
1706 -0.19993059664580368
1707 0.1259052302774655
1708 0.5004956705505754
1709 -0.118538829690044
1710 -0.195471996112399
1711 0.27295679306725856
1712 2.485397034452741
1713 -0.0555232734697588
1714 0.902659219720469
1715 -0.15967352424108489
1716 1.8872793409810888
1717 0.6705470041046256
1718 -0.20040585500539823
1719 -0.1344754653952357
1720 0.9118890875820329
1721 -0.1687430109169014
1722 -0.1275260028123113
1723 -0.10798774056966354
1724 2.4652998110327715
1725 -0.13228356961333312
1726 -0.07090976308641916
1727 -0.17895678435476622
1728 -0.012187136524809683
1729 0.0032719237634540876
1730 -0.15212756899188581
1731 0.6449013806006608
1732 -0.18633148453602788
1733 -0.18590672019430607
1734 0.13539249967584205
1735 -0.089876011759179
1736 -0.2004319945380623
1737 0.1311848757204609
1738 -0.15966957199401466
1739 -0.15551927239988517
1740 0.942135608290743
1741 -0.19351146001674555
1742 -0.1725513218323395
1743 0.4821412014302802
1744 0.4597986858801258
1745 -0.16311460020415383
1746 0.2763660757820868
1747 0.5590171067847529
1748 -0.1997163104913492
1749 -0.06728486473130596
1750 -0.19959299864784297
1751 -0.1991974356651086
1752 2.314892235026782
1753 0.0437419118610789
1754 -0.17324058473726708
1755 -0.04832467769581203
1756 -0.19337134988606275
1757 -0.13718078574264508
1758 -0.2000269339708043
1759 0.3345973941620338
1760 0.6470901822036214
1761 -0.1494169925525242
1762 -0.19339663741725227
1763 -0.1436849602185859
1764 0.30397311149007816
1765 0.25352109257346594
1766 -0.04408858916631557
1767 0.1367407574706436
1768 0.7016869278854776
1769 -0.08045587950097288
1770 -0.11380341409706818
1771 0.18170618374221667
1772 0.2889520511746436
1773 -0.19609870273488206
1774 0.4514151044681506
1775 -0.20035118948529662
1776 0.8406702078978123
1777 -0.18740666656008836
1778 -0.15961015794298414
1779 -0.07159557925362586
1780 0.2911677269427564
1781 0.17770071136279406
1782 0.6811383131247825
1783 0.3971533169110255
1784 1.1134228701232738
1785 -0.19673466017049765
1786 -0.19803888589350835
1787 -0.13618475372968217
1788 0.4489398357953621
1789 0.20854360198195382
1790 -0.1367173628707804
1791 -0.2003560339634205
1792 1.360708077301186
1793 0.18340475519367808
1794 -0.1406136798613541
1795 0.11850990587666954
1796 1.4840061412221957
1797 -0.17675319337368828
1798 -0.17778110695195612
1799 -0.20043455942455551
1800 -0.1946201269122001
1801 -0.2004160241303728
1802 -0.200449889423249
1803 -0.19801646822427277
1804 -0.200449864870156
1805 -0.2004556906834263
1806 -0.2004198283679668
1807 -0.19987609399658385
1808 -0.20027262347480443
1809 -0.20040537880586695
1810 -0.2003846595313326
1811 -0.2000269339708043
1812 -0.2003464291097377
1813 -0.19992956810562654
1814 -0.20004601037495948
1815 -0.19951784987673682
1816 -0.19986756538534117
1817 -0.20046430516874592
1818 -0.20005055684398923
1819 -0.19996165055370402
1820 -0.2004460165319093
1821 -0.20015048387203
1822 -0.19993059664580368
1823 -0.2003599053871215
1824 -0.20040531610097445
1825 -0.20036555658835137
1826 -0.198876932167269
1827 -0.20032857458808007
1828 -0.2004319945380623
1829 -0.2001396514010264
1830 -0.20043455942455551
1831 -0.19912993899808948
1832 0.3163219818138609
1833 -0.2004642780420216
1834 0.6660255435228266
1835 -0.10315850130610782
1836 0.6845336345184087
1837 0.10225566185342885
1838 1.709146667295688
1839 -0.20021229956213277
1840 -0.1061608263140924
1841 -0.15214630425814274
1842 -0.09456709970551894
1843 -0.19997855768722905
1844 -0.14908553149018447
1845 0.9086762293295565
1846 0.6356943710199568
1847 0.16204502813995653
1848 0.27702125070252204
1849 -0.06332235560005228
1850 0.180111655762172
1851 -0.19459058485395989
1852 -0.20039014545638625
1853 0.21695562702216917
1854 1.0506968826576464
1855 -0.1993762476538384
1856 -0.20014030275838451
1857 0.42799981399075726
1858 1.9940399393636703
1859 0.9280667026183195
1860 0.621234230680183
1861 -0.15622568958486488
1862 0.6609279535612351
1863 0.10752102086376443
1864 0.034525785483953186
1865 -0.19409183590657644
1866 1.7052693597559112
1867 -0.16082146760426785
1868 -0.1832345958593556
1869 -0.19466426151215843
1870 -0.19079648568593632
1871 -0.19961272838656946
1872 0.42342178272781605
1873 0.894835881172263
1874 0.11552775523865813
1875 0.2643759318012369
1876 0.5957578353364423
1877 -0.14654033314856726
1878 -0.19746671082360168
1879 -0.1846635548581314
1880 0.06671931821721086
1881 -0.122638381781451
1882 -0.16964122779964833
1883 -0.0339853372497777
1884 0.08132296302965772
1885 -0.18890617651045988
1886 2.4347001499566314
1887 0.6563834953475314
1888 0.08970606108028498
1889 -0.03272997679596194
1890 0.9468209438775138
1891 -0.20030371053380724
1892 -0.13535336389779506
1893 -0.19934745102872836
1894 0.9476157930708182
1895 -0.20038698246533426
1896 -0.20040426624584656
1897 -0.19339433320444516
1898 0.8880549857361013
1899 0.6933057240462976
1900 -0.08627753427520052
1901 -0.1372086831675093
1902 -0.1369492280394841
1903 -0.19409085168957319
1904 0.14610061949087094
1905 0.0203944431787228
1906 0.46983170857425655
1907 -0.20026244267705423
1908 -0.06959964433039842
1909 -0.1875207770600431
1910 0.48489737258846566
1911 -0.05374771649310561
1912 -0.19377068693696042
1913 -0.19765555258678613
1914 0.9544733115780275
1915 -0.1678702812311996
1916 -0.1552160911792965
1917 -0.1999829598193694
1918 2.519876496677945
1919 0.4363004888355012
1920 0.13084209545261508
1921 -0.18415089776981916
1922 0.9363235060580009
1923 -0.05366343192869247
1924 0.08683930005712773
1925 -0.19905764595002143
1926 1.6702684348820327
1927 -0.19516253410017181
1928 0.10083254910645512
1929 -0.20036555658835137
1930 2.4012467630555236
1931 -0.18929138645606017
1932 -0.20002027311208515
1933 -0.10102688402722451
1934 -0.1986762905422405
1935 -0.09705297529928142
1936 -0.19494614228438317
1937 0.8874144644491344
1938 0.8836253284358462
1939 0.6504990672537109
1940 0.22206227970195086
1941 -0.19521882250437678
1942 0.4850229571764595
1943 0.7617558936028351
1944 -0.17210870868829697
1945 -0.1794168951243852
1946 0.10922789299797214
1947 -0.17617460327157497
1948 -0.20017618179370722
1949 -0.19847363099386456
1950 0.7546336590118075
1951 -0.2004642780420216
1952 -0.200449889423249
1953 -0.20021229956213277
1954 -0.200449864870156
1955 -0.2004556906834263
1956 -0.2004198283679668
1957 -0.20017618179370722
1958 -0.20027262347480443
1959 -0.20040537880586695
1960 -0.2003846595313326
1961 -0.2000269339708043
1962 -0.2003464291097377
1963 -0.19992956810562654
1964 -0.20004601037495948
1965 -0.19951784987673682
1966 -0.20030371053380724
1967 -0.20046430516874592
1968 -0.20040426624584656
1969 -0.19996165055370402
1970 -0.2004460165319093
1971 -0.20039014545638625
1972 -0.1999829598193694
1973 -0.2003599053871215
1974 -0.20040531610097445
1975 -0.20036555658835137
1976 -0.198876932167269
1977 -0.20032857458808007
1978 -0.2004319945380623
1979 -0.2001396514010264
1980 -0.20043455942455551
1981 0.25507518071745106
1982 0.4474241391758667
1983 -0.09587680074431704
1984 1.1380756698146999
1985 -0.1937012566730408
1986 0.3465507852438001
1987 -0.1967829626982344
1988 0.8857267649362889
1989 0.33626976334813313
1990 -0.1999508006415622
1991 0.25634897730044126
1992 0.9940860041667532
1993 -0.1708040088911067
1994 -0.16788438608318063
1995 -0.045013598389706866
1996 2.3102190177377517
1997 -0.20014338665418005
1998 -0.11466156600609448
1999 -0.1917394972012895
2000 0.4341543661759223
2001 0.47899333797142674
2002 0.15021293808164812
2003 -0.18306266125603116
2004 0.4070802749414067
2005 -0.1996102903258803
2006 0.1641360657205601
2007 -0.18397679971740766
2008 0.1777071725864162
2009 -0.17667078974069783
2010 -0.047930941632516905
2011 0.6086449626354747
2012 -0.19813316485096927
2013 0.251677648226139
2014 0.056919377379226865
2015 -0.20005956193497343
2016 2.5669279295520395
2017 0.33949906157271176
2018 -0.19818808307763744
2019 -0.11181719865749168
2020 0.49177400158252094
2021 -0.1962780256891341
2022 -0.19889978831478228
2023 0.6200332369592892
2024 0.38024526033450123
2025 0.35352323548900666
2026 0.5034511848266321
2027 0.2327212941246978
2028 1.5856315303997082
2029 -0.11805194096599003
2030 -0.17438142509219914
2031 0.5272453196912114
2032 1.88602642748911
2033 -0.19834532901753146
2034 0.3411689851145097
2035 0.5012527501999349
2036 0.9444773121376815
2037 0.33917974772386994
2038 -0.10553869173956068
2039 -0.19885098685776317
2040 -0.1883295388506745
2041 0.06590513220541652
2042 0.4394558486942307
2043 -0.10082435598018141
2044 1.3522336276187412
2045 -0.1972030390037149
2046 -0.19682342474782813
2047 -0.15797250327213264
2048 1.843387417175936
2049 -0.14480599577816855
2050 0.05117505790910697
2051 0.9219177276926636
2052 1.3769865000806727
2053 -0.19685555089373877
2054 -0.19995479030321217
2055 -0.15921660727470588
2056 0.9474040958645986
2057 0.1463059918670569
2058 0.15854841038909312
2059 -0.13257040990048616
2060 2.4922745870594336
2061 -0.09889212275198533
2062 0.19816393999776102
2063 -0.2004640651636375
2064 1.2246941463168284
2065 0.14292308438776674
2066 0.22060010275506522
2067 -0.19462761547882637
2068 2.478459320751368
2069 -0.07992224025196945
2070 -0.1536418063924893
2071 -0.12208380939509109
2072 2.268335221717778
2073 -0.14425157696539492
2074 0.16849321334282416
2075 0.8449827705691658
2076 0.9155327960396507
2077 -0.10766874417305528
2078 0.13642281568117565
2079 -0.19808922049974667
2080 0.9468523698603897
2081 -0.09050349248175582
2082 0.6446787879116636
2083 0.11985160979987983
2084 1.6272075252543268
2085 -0.20006810732492936
2086 -0.1921028987587618
2087 0.26176370880728883
2088 0.9447863556453052
2089 0.28481012785385124
2090 0.22619141182223157
2091 -0.1039725902657096
2092 2.2203289575120735
2093 -0.013793356141937288
2094 -0.19157660626138906
2095 -0.19544189924899058
2096 0.8922826417265952
2097 0.27768642440567454
2098 -0.09119801870466929
2099 -0.009954696364794624
2100 -0.2004545979605462
2101 -0.2004642780420216
2102 -0.200449889423249
2103 -0.20021229956213277
2104 -0.200449864870156
2105 -0.2004556906834263
2106 -0.2004198283679668
2107 -0.20017618179370722
2108 -0.20027262347480443
2109 -0.20040537880586695
2110 -0.2003846595313326
2111 -0.2000269339708043
2112 -0.2003464291097377
2113 -0.19992956810562654
2114 -0.20004601037495948
2115 -0.19951784987673682
2116 -0.20030371053380724
2117 -0.20046430516874592
2118 -0.20040426624584656
2119 -0.19996165055370402
2120 -0.2004460165319093
2121 -0.2004640651636375
2122 -0.1999829598193694
2123 -0.2003599053871215
2124 -0.20040531610097445
2125 -0.20036555658835137
2126 -0.198876932167269
2127 -0.20032857458808007
2128 -0.2004319945380623
2129 -0.2001396514010264
2130 -0.20043455942455551
2131 -0.1827511424812308
2132 0.19727506558444702
2133 -0.20046370717728754
2134 1.5709164867740855
2135 -0.14169875346070307
2136 -0.07793351145870336
2137 -0.19633893542424236
2138 1.6045946591575673
2139 0.1273811623855187
2140 0.6202904983688327
2141 0.08319475938504597
2142 2.22521655523535
2143 -0.19647194971382104
2144 0.6986956291541964
2145 -0.20031302366602707
2146 0.8984694025651152
2147 0.28940921272747727
2148 -0.13250818721577484
2149 -0.039104998978652494
2150 0.9863875815387995
2151 -0.18610005239125837
2152 -0.10798359582990769
2153 -0.20045022560306608
2154 0.05076219404827503
2155 -0.1479569040914063
2156 -0.19847734220961774
2157 0.05750812864306226
2158 0.1934042500326017
2159 -0.17208900380183506
2160 -0.14234240192325548
2161 0.05479626608528351
2162 1.7097016636621705
2163 -0.14733500869129573
2164 0.804822935967487
2165 0.0752817880706777
2166 0.0637728554022079
2167 -0.02110743331831992
2168 -0.0945526137654924
2169 -0.013496103497306844
2170 2.4894383209524618
2171 0.3361125823004164
2172 -0.19850744431419096
2173 0.7046710658239778
2174 1.2904796465926676
2175 0.5458103406616179
2176 0.5987477606631753
2177 0.12723867901362707
2178 0.8873489159704334
2179 -0.17724855918187093
2180 -0.13277584447716514
2181 -0.20024028362210178
2182 2.48944699588925
2183 -0.1812978933205155
2184 -0.1982948122361501
2185 0.6179117048367903
2186 2.151674049307765
2187 0.6979691696567221
2188 -0.18872615989846112
2189 -0.08824780018630468
2190 1.4681730979464531
2191 -0.2003143676782566
2192 -0.1325973744535777
2193 -0.2003143676782566
2194 0.9435468221350625
2195 0.5902314933717718
2196 -0.19664825250966989
2197 0.6291255413450879
2198 0.5134699245913605
2199 -0.14411620090796845
2200 0.492026448874619
2201 0.9074309284622623
2202 2.312686135386189
2203 0.04958902209403159
2204 -0.1888435025695196
2205 0.5939883357029478
2206 0.9017577550620469
2207 -0.12165736789296933
2208 -0.1989088576770781
2209 -0.10831870323578024
2210 -0.19499734812062586
2211 -0.1953060168044257
2212 0.47457284109870446
2213 -0.19922468865847207
2214 0.8374335924933367
2215 -0.19587957929126132
2216 -0.1892617981007517
2217 0.4220865203817601
2218 -0.2004502436793637
2219 0.8044332925298967
2220 0.018061294689434654
2221 -0.19999473571882306
2222 2.4937098074526025
2223 -0.13967618226154135
2224 -0.20046439632832544
2225 0.0776544962693825
2226 2.4236925555375257
2227 0.18750505655488509
2228 -0.06576049782785537
2229 -0.05186496743433208
2230 -0.1636660672037148
2231 -0.07089526732129003
2232 -0.20042126131408314
2233 0.0019895001590859995
2234 -0.1977752505212778
2235 -0.03157473283787689
2236 -0.20040244676783364
2237 -0.19232013333336007
2238 1.8758336254356305
2239 -0.1786581878187949
2240 -0.19906026704666763
2241 -0.11586871619293249
2242 0.827906842961565
2243 -0.13351716489053508
2244 0.03310228816172023
2245 0.8832549831664068
2246 1.0945140742642283
2247 -0.0029061486384264618
2248 -0.14003168931477322
2249 -0.19250549169715825
2250 0.802250926872671
2251 -0.2004642780420216
2252 -0.2004502436793637
2253 -0.20021229956213277
2254 -0.200449864870156
2255 -0.2004556906834263
2256 -0.20045022560306608
2257 -0.20017618179370722
2258 -0.20027262347480443
2259 -0.20040537880586695
2260 -0.2003846595313326
2261 -0.20040244676783364
2262 -0.2003464291097377
2263 -0.20024028362210178
2264 -0.20004601037495948
2265 -0.19951784987673682
2266 -0.2003143676782566
2267 -0.20046430516874592
2268 -0.20040426624584656
2269 -0.20042126131408314
2270 -0.20046439632832544
2271 -0.2004640651636375
2272 -0.1999829598193694
2273 -0.2003599053871215
2274 -0.20040531610097445
2275 -0.20036555658835137
2276 -0.198876932167269
2277 -0.20032857458808007
2278 -0.2004319945380623
2279 -0.2001396514010264
2280 -0.20043455942455551
2281 -0.08763694816137979
2282 -0.07728312238132673
2283 -0.07663404425026576
2284 0.030635652505383068
2285 -0.15356465762296495
2286 -0.1995890228915952
2287 -0.19607793937153947
2288 -0.09449311814557582
2289 -0.19488169857817245
2290 0.45861855824909104
2291 0.39309872442946425
2292 2.3528999286445305
2293 -0.200338643792938
2294 -0.20046454297975452
2295 -0.07210983504212709
2296 0.13879507552771797
2297 0.6749389945185714
2298 -0.19813175131780675
2299 0.3368716410063509
2300 1.4983554927868898
2301 -0.15769698648066827
2302 -0.046109090622489746
2303 -0.042362675063332744
2304 0.10051830703479223
2305 -0.16601746678151907
2306 -0.20042338304393809
2307 -0.04969012918530813
2308 2.4550355863004465
2309 0.1997968567786505
2310 -0.1706590485435723
2311 -0.20027262347480443
2312 1.8911603322120132
2313 0.43927574447552403
2314 -0.19884939283292413
2315 -0.19931011657413905
2316 0.6185906789027174
2317 0.11574821958904412
2318 -0.15615679992461523
2319 -0.1870533879870843
2320 2.1430816913531796
2321 -0.20039205110117322
2322 -0.19695361570887226
2323 -0.0705179461611295
2324 0.2649011470555957
2325 -0.10962196044325823
2326 0.39787248893754906
2327 -0.19691503241407923
2328 -0.17619871355349212
2329 -0.18171157190577253
2330 0.08993647216565073
2331 -0.09755561310371563
2332 0.44808665576745077
2333 0.1770209659675639
2334 -0.1640259704740131
2335 0.5010287157038842
2336 2.3905158375764084
2337 0.3208998654336643
2338 -0.12874580990007511
2339 -0.19676148492173473
2340 1.2023232360988956
2341 -0.20011561476020284
2342 0.1806688551894043
2343 -0.1684459405658254
2344 1.1026704488437697
2345 -0.19945919092086084
2346 -0.08407593849937989
2347 -0.016478829651944693
2348 2.350687725084903
2349 0.04135664560400072
2350 0.21769933646050074
2351 -0.08208701962167445
2352 2.1139148640087475
2353 0.1253220667748641
2354 -0.1927283842733304
2355 0.14817838824968416
2356 1.9876703703663579
2357 -0.19009534683293672
2358 0.21763408288521052
2359 0.11072746303854611
2360 1.8204911746250252
2361 -0.192949041563871
2362 -0.18306596991647922
2363 -0.1751344485757796
2364 2.183764287156125
2365 -0.06659531053494416
2366 -0.17540685878779025
2367 -0.14689106620011422
2368 0.9327875091905096
2369 -0.13367263322252285
2370 0.39658154951500074
2371 -0.19797315605876983
2372 0.07191516388383909
2373 -0.07786408608374767
2374 -0.1044937197301897
2375 0.741414680905875
2376 0.27077643123403605
2377 -0.042676111091735566
2378 -0.18117882134480182
2379 0.1089613391513128
2380 2.404884787958775
2381 0.189894157208705
2382 -0.19222403941636637
2383 -0.09828694712376687
2384 0.8880479630796245
2385 -0.19208423323196877
2386 -0.1852774029201229
2387 -0.18823819809717807
2388 2.4965336714217328
2389 -0.1927119981821252
2390 -0.1415907014321222
2391 0.9470363845177907
2392 -0.20003329409245735
2393 -0.19659976788006697
2394 -0.1813668224696689
2395 0.6019309804917216
2396 0.15714901299997902
2397 -0.15517312631150232
2398 -0.2003597866334138
2399 -0.19970026217969
2400 -0.1959815530729522
2401 -0.2004642780420216
2402 -0.2004502436793637
2403 -0.20021229956213277
2404 -0.200449864870156
2405 -0.2004556906834263
2406 -0.20045022560306608
2407 -0.20017618179370722
2408 -0.20027262347480443
2409 -0.20040537880586695
2410 -0.2003846595313326
2411 -0.20042338304393809
2412 -0.2003464291097377
2413 -0.20024028362210178
2414 -0.2003597866334138
2415 -0.19951784987673682
2416 -0.2003143676782566
2417 -0.20046454297975452
2418 -0.20040426624584656
2419 -0.20042126131408314
2420 -0.20046439632832544
2421 -0.2004640651636375
2422 -0.1999829598193694
2423 -0.2003599053871215
2424 -0.20040531610097445
2425 -0.20036555658835137
2426 -0.198876932167269
2427 -0.20032857458808007
2428 -0.2004319945380623
2429 -0.2001396514010264
2430 -0.20043455942455551
evaluations raw_y
1 2.4615633927253717
2 2.374199791356157
3 2.4943825744349186
4 4.998768950551601
5 4.9431187330796815
6 3.321831772230292
7 0.9058356654425652
8 2.5485539902476866
9 4.082534386869558
10 2.778828482710538
11 3.146491307178688
12 9.325273527511024
13 3.1042173540551623
14 4.714508084113292
15 2.288200602235181
16 4.598297534438394
17 2.6123602348405583
18 4.181059109767305
19 4.205883121499099
20 2.9285382174186543
21 4.961004708669532
22 2.728586897615194
23 2.485548164607772
24 2.427085572970808
25 3.5527179439321785
26 4.581700023621951
27 3.3070681985622046
28 6.344846728907517
29 4.233833688978405
30 4.582494262916264
31 2.37655904421961
32 2.339064380824481
33 2.309857081590655
34 3.858279429131935
35 0.9058626641852308
36 2.420201013077766
37 0.5122572171319608
38 0.5852609602364496
39 1.0554307668789973
40 2.7552041247398176
41 6.842514846564048
42 0.9403636356012491
43 2.430452842839534
44 2.9667065987265495
45 2.4207513066121806
46 4.529179915457318
47 2.8738562532773133
48 0.2464483074489086
49 3.5875813903978324
50 4.540229985859959
51 2.02655919561266
52 2.7117684904621533
53 2.047487694505944
54 2.8842959089382463
55 1.1969454930634644
56 2.44270710722686
57 0.9033950649471951
58 2.5595042186517105
59 1.8051341752063532
60 2.7302597160737863
61 2.387496567656193
62 2.0098222200317477
63 2.3175768192305743
64 2.510550538398818
65 3.4415600470474743
66 1.1298556141321758
67 2.496397960723995
68 2.7045123526762125
69 2.3438641346398823
70 2.6812344588607586
71 0.9328495128330075
72 0.8831752091849818
73 2.1940066383768277
74 2.752365861193473
75 2.518450709190259
76 3.595577559668323
77 2.4983666008468237
78 2.755441696668875
79 1.756735234151918
80 2.2914585359800843
81 1.61482708331558
82 1.309008795744045
83 1.20778869575279
84 4.719974781993108
85 3.6603099082680903
86 2.5529135844789415
87 1.8415642105002823
88 1.496623811055176
89 1.2046674637061903
90 0.8953928432085064
91 -0.20015028544172686
92 2.539856600878709
93 0.9001714933052409
94 0.946957179723047
95 2.2653584337803996
96 0.17878084958222876
97 2.4381822038827763
98 3.3671400302767736
99 0.9185629880690195
100 2.480954827106229
101 0.9012900110453534
102 2.54488037538117
103 4.0192254785035875
104 0.8857704047152529
105 5.1858885625467614
106 4.148106023702796
107 1.4782455194703414
108 1.025189798415894
109 2.6027077863463064
110 0.9674858850720693
111 4.374234162386906
112 0.9474069177068103
113 4.044535720392542
114 2.941724836762742
115 1.0181194974651828
116 1.0203368310369965
117 0.8847910514533349
118 2.645181760114545
119 0.5528935017719336
120 2.71054076755977
121 0.8925647401410775
122 -0.11333109888821663
123 1.1003133347488083
124 2.3720221834970787
125 0.9458379171304133
126 1.282764045449261
127 0.896932332524099
128 2.5523556914814867
129 1.448804773459328
130 0.8262815635084451
131 2.1340155898071793
132 1.146163175165671
133 0.9303080843298387
134 0.20623017923314005
135 2.252179611376723
136 0.8353966763956148
137 2.2948217021459336
138 1.0177337649827825
139 1.1382001702765434
140 0.9983572881247688
141 4.830816785279766
142 1.4610118537930172
143 0.8974430113746258
144 1.9731006226123133
145 0.15439991758308466
146 2.4590214331248914
147 0.9263838331067908
148 1.0641751289360708
149 0.8286623744802806
150 0.8827890621206653
151 0.8827890621206653
152 0.5122572171319608
153 0.9983572881247688
154 2.2914585359800843
155 1.282764045449261
156 1.0641751289360708
157 0.9033950649471951
158 1.8051341752063532
159 0.17878084958222876
160 2.3438641346398823
161 0.9328495128330075
162 2.4983666008468237
163 0.20623017923314005
164 1.20778869575279
165 1.2046674637061903
166 -0.20015028544172686
167 2.2653584337803996
168 0.8262815635084451
169 0.9674858850720693
170 1.0203368310369965
171 -0.11333109888821663
172 0.8847910514533349
173 0.5528935017719336
174 0.9458379171304133
175 0.896932332524099
176 0.5852609602364496
177 2.252179611376723
178 1.1298556141321758
179 0.15439991758308466
180 0.8286623744802806
181 0.9467433714103637
182 0.9476726456022375
183 1.0082959628445234
184 2.5552950912142287
185 -0.17465929104458108
186 0.9194847648248492
187 0.8828036251617183
188 0.05352188197015688
189 0.9403122426779642
190 0.8890339382290806
191 0.9141310778958635
192 1.8286398479318235
193 0.9474274136940478
194 0.5718780762332576
195 0.8855414252612194
196 0.928197401743551
197 0.41981108589918636
198 0.8850518498037993
199 0.3595130262934883
200 2.71356243839074
201 0.13790003028068185
202 -0.11688979627308121
203 0.12440518220785116
204 1.6661495417478664
205 0.752231817920168
206 0.9464965683453848
207 -0.02909343487231414
208 0.887651439955166
209 0.8974621310436318
210 2.0481891039366027
211 0.6524687409633967
212 0.8989734923684441
213 -0.1874924945580683
214 -0.2004466905639246
215 0.6790611884138118
216 0.6908780002647776
217 -0.18493706499067633
218 -0.07201000194698048
219 0.8991246873699059
220 2.4370603349214117
221 0.9015969548537832
222 0.8834074771257682
223 0.8941747532341426
224 0.9442740709375799
225 0.9417361895525294
226 0.9432522622968149
227 1.1597894511094755
228 2.1951912707417693
229 -0.1156584016398424
230 -0.19123690251966782
231 0.9374632887768406
232 0.9061195417718414
233 0.8351550230259188
234 -0.18777335577598525
235 0.9306225889051287
236 1.2309027756311377
237 0.5311150265360257
238 0.863158332454109
239 2.317998501658405
240 0.04087131139215899
241 -0.14520828109717257
242 0.4727843087413909
243 -0.11594444917114291
244 -0.16919753164744697
245 0.41956304404240197
246 0.8832215378504029
247 0.001687251798440259
248 0.86587961225618
249 0.5388191826331503
250 -0.18784543493720465
251 0.8558816008402899
252 2.58227549339279
253 0.24467674289480856
254 0.08270856454669145
255 0.9869301163044086
256 0.26332394964977746
257 0.5513071888683099
258 -0.03589104616182098
259 0.4734343569154536
260 1.4952913786085997
261 0.142236073719774
262 0.019452240511041205
263 -0.14728037646789915
264 -0.10240282614752194
265 0.9471889944323011
266 -0.14720497189152362
267 0.9243073418974596
268 0.9115317490796456
269 -0.1691977295176566
270 0.8336345229620821
271 0.8988528023310849
272 0.12278899552118872
273 0.8771486925552998
274 0.29665526284693133
275 0.7826203700639788
276 0.8702019063726735
277 0.2639984405755393
278 0.9338445522988201
279 0.9475234919768467
280 0.9250093511420905
281 -0.06518331604233951
282 -0.1568587321953777
283 0.6002888864271877
284 0.9415902703691528
285 0.2733966218829886
286 0.4429893785093463
287 0.9537092252847377
288 1.8722713923194123
289 0.3222730710480313
290 0.9335919767051415
291 0.4249153211000133
292 0.38584191600475565
293 -0.07998036587443902
294 0.6895666733679839
295 -0.1434938908000066
296 -0.11693270345242984
297 -0.07839429471239384
298 -0.12927258449907258
299 -0.19060726882126672
300 1.1836109048159398
301 -0.1568587321953777
302 -0.17465929104458108
303 0.863158332454109
304 0.8855414252612194
305 -0.03589104616182098
306 -0.16919753164744697
307 -0.11688979627308121
308 0.6524687409633967
309 -0.1874924945580683
310 -0.18493706499067633
311 0.8941747532341426
312 0.12278899552118872
313 -0.1156584016398424
314 0.8351550230259188
315 0.4727843087413909
316 -0.20015028544172686
317 0.001687251798440259
318 -0.2004466905639246
319 0.24467674289480856
320 0.4734343569154536
321 -0.18777335577598525
322 0.8847910514533349
323 -0.1691977295176566
324 0.7826203700639788
325 -0.12927258449907258
326 -0.18784543493720465
327 0.2733966218829886
328 0.3222730710480313
329 -0.1434938908000066
330 -0.19123690251966782
331 -0.16635941327010975
332 0.05444334127997691
333 0.1903901798136253
334 2.1729652329777465
335 0.2622306837425985
336 0.9468888194695619
337 0.5803688895737964
338 0.9462198839445548
339 0.090171216120807
340 -0.17278673410210502
341 0.8952657902799683
342 1.3715438833576121
343 -0.14107795382519056
344 -0.02251297967645166
345 0.1777813984079707
346 0.7404250452187362
347 -0.13000559403098494
348 -0.06960270357922743
349 -0.11978034290440298
350 2.543406755101804
351 -0.1919474577773204
352 0.7251099035096477
353 0.9356150481114271
354 2.5216778507843833
355 -0.19339624808653327
356 -0.20003966084677313
357 0.13772725954977533
358 2.5908428513840227
359 -0.17831805235414028
360 0.11155986544776222
361 -0.09583592371178395
362 0.7835064747426606
363 -0.17224585024699746
364 -0.16139328025467625
365 0.413241206016643
366 1.0850828623426516
367 -0.06885027787184725
368 -0.10105037463831401
369 0.9447472231636751
370 0.9390923119949803
371 0.8835046238411486
372 0.7727099729845993
373 0.8820584037110029
374 1.2804344541108716
375 -0.19766165044578385
376 -0.10340700400245886
377 -0.19492345579767842
378 -0.17802797147386348
379 -0.06590773780386291
380 0.14603343421536252
381 0.37288633018846373
382 0.12092312157366364
383 0.7608095388906441
384 -0.18489701885207085
385 0.6595869645280944
386 1.9251663342954815
387 -0.1477328056482971
388 -0.15249190297129056
389 -0.14409082763736364
390 0.4123332099256199
391 -0.035717519358124006
392 -0.06333465312027825
393 -0.18292058880474552
394 2.2451779406236656
395 -0.05348559846843426
396 0.047552067010770416
397 0.6684407785001308
398 1.2625502981878787
399 -0.11262408789546968
400 -0.2003947410862283
401 0.5444270839878946
402 1.8649640534638592
403 -0.16841108340685162
404 -0.14293423427500804
405 -0.19636010053230718
406 1.644156891003493
407 -0.07652607427343683
408 0.906317249924828
409 0.6348535329686922
410 0.06135580312207939
411 0.1758867863184661
412 -0.10609064371291232
413 0.8246175348194784
414 1.3714861930565179
415 -0.11170066545874696
416 -0.20036667647091905
417 -0.19996166541493338
418 1.7685029195101887
419 -0.08855347089374282
420 0.021970624853068665
421 -0.16527262732004333
422 0.9203827120717829
423 -0.14662739501156746
424 0.08198769037150003
425 -0.16139328025467625
426 0.6927895880876929
427 -0.1418431318994491
428 0.06047968888468288
429 0.2515235424272778
430 0.8925430095328393
431 0.5868409538049612
432 0.24185898169972128
433 0.05852149598730105
434 0.07708529041658299
435 0.06095098390835102
436 -0.17320881550435738
437 0.019271173935341168
438 -0.024942641247769737
439 -0.09821595181657594
440 0.09307031926846969
441 0.5631048880945921
442 1.652008528904413
443 0.25577903115834133
444 0.001937982332685384
445 -0.1743275879318767
446 -0.04869166022281546
447 0.46006602818898223
448 0.6194577202423062
449 0.3384246474086269
450 1.1087892368266155
451 -0.17320881550435738
452 -0.17465929104458108
453 0.06135580312207939
454 -0.14107795382519056
455 -0.13000559403098494
456 -0.1919474577773204
457 -0.19339624808653327
458 -0.2003947410862283
459 -0.20003966084677313
460 -0.18493706499067633
461 0.047552067010770416
462 -0.19766165044578385
463 -0.1156584016398424
464 0.6595869645280944
465 -0.1477328056482971
466 -0.20015028544172686
467 -0.10105037463831401
468 -0.2004466905639246
469 -0.19636010053230718
470 -0.07652607427343683
471 -0.18777335577598525
472 -0.19996166541493338
473 -0.1691977295176566
474 -0.16139328025467625
475 -0.20036667647091905
476 -0.18784543493720465
477 0.019271173935341168
478 -0.10609064371291232
479 -0.1743275879318767
480 -0.19123690251966782
481 -0.18586782215259626
482 -0.12164100219320081
483 -0.10470950985546862
484 -0.08740897740808634
485 0.11639123669473703
486 -0.19820138455055772
487 -0.16580278849207947
488 0.9450520564110257
489 -0.15972660577683312
490 0.022300915691807116
491 -0.15972660577683312
492 2.5781574073991096
493 -0.0452014117496492
494 -0.12330040283850058
495 -0.05478291507238653
496 0.2670229711291588
497 -0.1446906427751712
498 -0.19573020654467935
499 -0.18792787841362427
500 -0.18475057277509077
501 0.3149269011596908
502 -0.1577624257192643
503 -0.1865467667022017
504 2.2877044811913922
505 -0.06818478248860357
506 0.25083001891902923
507 -0.19960096234317665
508 2.3490686649443524
509 0.14924223234007908
510 -0.16666637489430586
511 0.8302656033477455
512 1.9483802950386366
513 -0.19780662639333318
514 -0.11059405531390515
515 -0.06253767000963834
516 2.512692820812396
517 -0.14104528473441505
518 -0.19348625319715618
519 -0.15882322993341447
520 0.9275881471336649
521 -0.1712379264519871
522 0.12857249573484694
523 0.021117628707006175
524 0.9221879826670433
525 -0.19416059252417195
526 0.39205392094428654
527 0.9362576211840786
528 1.5438080630345792
529 -0.1556457552900889
530 0.01894981027926164
531 -0.19535062001682846
532 1.1045421310092274
533 -0.19535151877410842
534 -0.10888876554630189
535 0.3776817285537043
536 0.8888581809867607
537 0.0429721102235785
538 -0.11300294788600743
539 -0.19755237105315682
540 2.386334040694828
541 0.6560259193538359
542 0.4969065440163272
543 0.23893322794805272
544 0.9064371205781808
545 0.3637928834532074
546 0.6096582863706401
547 -0.07454683527732209
548 0.0125224106976915
549 -0.20022549274318338
550 -0.170527166628139
551 -0.1912280654624574
552 0.6495192969611749
553 -0.17504825348054637
554 -0.1404284119720144
555 -0.1954753134262313
556 -0.1516914087681202
557 0.15617552839155058
558 -0.05003100484752171
559 -0.024024266501912014
560 -0.19970220900046204
561 -0.10744591828717548
562 -0.07840846062960671
563 0.1659947250336155
564 0.8334741844105211
565 0.11963506733978588
566 0.24861246465537373
567 0.9449577261747879
568 -0.1676827630769807
569 0.06311911381757515
570 -0.13815828309902775
571 -0.16689449995169145
572 0.9142312809075432
573 -0.11605620577145256
574 -0.19612237974659252
575 0.1408507614359415
576 0.8852687815096649
577 -0.1433290388558338
578 0.32057271192925624
579 -0.19019588041899257
580 -0.1985656967672374
581 -0.1612397896435616
582 -0.17594730592510413
583 0.00640245541391922
584 0.9456804146856331
585 -0.024991280560552415
586 -0.1340731511216797
587 -0.1560448500829205
588 -0.1407505361635248
589 -0.20017025006502248
590 -0.1909828411567921
591 -0.1368530633546088
592 1.7801647092062147
593 -0.20045861383752772
594 -0.2004263019582772
595 0.617260751589142
596 0.7181551591751574
597 0.04368397279918487
598 0.05352331493555468
599 0.9190677867048523
600 0.6175261644299814
601 -0.18586782215259626
602 -0.17465929104458108
603 -0.15972660577683312
604 -0.19970220900046204
605 -0.18792787841362427
606 -0.2004263019582772
607 -0.19960096234317665
608 -0.2003947410862283
609 -0.20003966084677313
610 -0.18493706499067633
611 -0.1712379264519871
612 -0.19820138455055772
613 -0.19535062001682846
614 -0.19535151877410842
615 -0.19755237105315682
616 -0.20015028544172686
617 -0.10888876554630189
618 -0.2004466905639246
619 -0.19636010053230718
620 -0.07652607427343683
621 -0.18777335577598525
622 -0.19996166541493338
623 -0.1691977295176566
624 -0.17594730592510413
625 -0.20036667647091905
626 -0.18784543493720465
627 -0.1560448500829205
628 -0.20017025006502248
629 -0.20045861383752772
630 -0.19123690251966782
631 0.6327079557240336
632 0.6668445352096962
633 0.6532783546582791
634 0.9079287227517888
635 -0.1314471780895374
636 0.07953225900116065
637 -0.1785773801571254
638 -0.18386546228064218
639 -0.05429243106506776
640 -0.11204926338627147
641 -0.14488075621310162
642 2.4151727156742835
643 0.5054179767914065
644 0.10954933404469505
645 0.9095825755727518
646 2.5116138676472777
647 0.3921029882484953
648 -0.19625534217932197
649 -0.12969484689966387
650 -0.03837667934674546
651 0.12313471352918069
652 0.04548803724633087
653 -0.19956686639548074
654 2.164882735849734
655 -0.1682081222311111
656 -0.18937476605412426
657 -0.1553322932426615
658 -0.11450517753427497
659 0.27146824408993064
660 0.003386520158903339
661 0.010606619922094718
662 2.0078491424524323
663 0.06978835184574184
664 0.5978418021596908
665 0.3900539149943243
666 0.21091247135782443
667 -0.20021736654443195
668 -0.1677287182856763
669 -0.19975370374956444
670 -0.1534673230965025
671 -0.13616991899878425
672 -0.15404136751344072
673 -0.0958651366446297
674 0.9053198332901702
675 -0.2004633483671356
676 0.1143860334302298
677 0.9472384927992171
678 -0.1873159499577119
679 0.5646320168937952
680 0.3092789764631822
681 0.6070444483472565
682 0.8571022352437563
683 0.21890781040519555
684 -0.1997291385869015
685 0.9347947612935046
686 0.975647226572046
687 0.011680619340580845
688 -0.19740917074915199
689 -0.061646318659760946
690 -0.0006274026483865658
691 0.6767327390537368
692 0.2987601354403716
693 -0.016279728079369088
694 0.9367698145199241
695 -0.025917317823489383
696 -0.19227719164737095
697 -0.1360145841467055
698 2.3705608179869944
699 -0.19808754771319725
700 -0.2002304655894381
701 -0.17561236601800026
702 1.1650343004951318
703 -0.09274318029770043
704 0.017393954716845475
705 0.11042560641280774
706 1.945042763028955
707 0.4334691882572174
708 0.1519452038923972
709 -0.031084028477285003
710 -0.13006355382984902
711 0.0018990883895574906
712 0.701463468565512
713 -0.19272195648758816
714 0.32244267579905067
715 -0.09782525356425886
716 -0.11709768226503503
717 0.8862304316352037
718 0.18023826538920606
719 0.003112516393987755
720 -0.09377205455245591
721 -0.0695714509986129
722 -0.09885394669254854
723 0.6499258577942766
724 0.025832383924393132
725 -0.16906192078454124
726 1.2439748833290931
727 -0.09550362020424047
728 -0.17038745948964584
729 -0.20036667647091905
730 -0.12341992170630839
731 0.26891814928935337
732 -0.07964805449981649
733 0.06302251475065793
734 1.952473504230473
735 -0.19546249852384606
736 0.045329083421238925
737 0.04115007082733302
738 0.1854156517988728
739 -0.022272520736365098
740 0.27273944428734964
741 -0.19389145819818956
742 2.4655527905092036
743 0.28104635818417545
744 0.05008867817481068
745 0.9210356692557707
746 1.08186041699213
747 -0.10423800777290393
748 -0.07107446919451266
749 0.9473660804197576
750 1.4642405798526335
751 -0.18586782215259626
752 -0.1785773801571254
753 -0.15972660577683312
754 -0.19970220900046204
755 -0.18792787841362427
756 -0.2004263019582772
757 -0.19960096234317665
758 -0.2003947410862283
759 -0.2002304655894381
760 -0.20021736654443195
761 -0.1712379264519871
762 -0.2004633483671356
763 -0.19535062001682846
764 -0.19535151877410842
765 -0.19755237105315682
766 -0.20015028544172686
767 -0.1360145841467055
768 -0.2004466905639246
769 -0.19636010053230718
770 -0.07652607427343683
771 -0.19625534217932197
772 -0.19996166541493338
773 -0.1691977295176566
774 -0.17594730592510413
775 -0.20036667647091905
776 -0.18784543493720465
777 -0.19546249852384606
778 -0.20017025006502248
779 -0.20045861383752772
780 -0.19123690251966782
781 -0.030462839774506922
782 0.5140040483270013
783 -0.13784681153281075
784 -0.0843693216980203
785 0.02286054475885374
786 0.18492948965312345
787 -0.18572127157941684
788 1.066719456176998
789 -0.009579419434596906
790 0.12191519620890245
791 -0.191098314965573
792 0.8970415200189459
793 0.4427667208350714
794 0.7684365652479137
795 -0.1951028590590126
796 -0.20032691863497548
797 -0.1985376985555764
798 0.11633654542565666
799 -0.19701623299018184
800 0.9371692384483493
801 -0.1958890822909916
802 -0.19999962184065753
803 0.8435556845762406
804 0.9088801547029165
805 -0.10152276478465971
806 0.09446615196926247
807 -0.14876618751845433
808 2.177661018715794
809 0.1143464834805024
810 -0.19690627811686143
811 -0.16519524044202097
812 0.9468503161973663
813 -0.1288431677450258
814 -0.16991202324161747
815 0.9000794808341231
816 0.9216148102426878
817 -0.20005005088770245
818 0.1306220107270766
819 -0.1115009378135135
820 0.6012355307585542
821 -0.17671036400333012
822 -0.1719503404406204
823 -0.1701636629522285
824 2.329937989806369
825 -0.1847092517077114
826 -0.16347439336630806
827 0.004532473723035696
828 2.3227914893599326
829 -0.14475553619370068
830 -0.15428337499122158
831 -0.18047291733341828
832 2.5509771354353608
833 -0.20028021451316444
834 -0.18847058176777493
835 -0.20045745943946597
836 2.4003631973485273
837 0.6122825527722975
838 0.28241530334810794
839 -0.19755237105315682
840 -0.1928490362603342
841 -0.1119395748474224
842 -0.06685034311408086
843 -0.16048525423328477
844 1.1720547632602087
845 -0.1850387221093136
846 0.6615299152328284
847 -0.025058591338044278
848 0.8993418251327358
849 0.6085974792490467
850 0.43803604224118753
851 -0.19948844395995224
852 0.4817484071652414
853 0.0054898016870622846
854 0.41125046959761513
855 -0.1870463886211817
856 1.7607350465918554
857 0.5615112890745975
858 0.382838343144067
859 0.005050509709576739
860 -0.14347090178530494
861 -0.1968681482566667
862 0.2902872798560617
863 0.8891122479080042
864 0.9093495208985772
865 0.1848858174966803
866 0.519291169411618
867 -0.13463076567957066
868 0.4634787991066943
869 -0.1354177374324006
870 -0.02307060774409983
871 0.279006136048091
872 2.0093371894863337
873 -0.0074708508979327015
874 0.6136295396472577
875 -0.15087639327305008
876 0.4113034774151191
877 0.058563984311963385
878 0.38391517420140553
879 -0.20033081186611382
880 -0.1903764111880544
881 -0.01008823570024836
882 0.9409778482930077
883 -0.1946857422718417
884 0.7404981550526991
885 -0.1850814051821487
886 0.10872965165158882
887 0.020271624922175116
888 -0.05280362312127168
889 -0.20011107086629643
890 0.12107025640164705
891 -0.19960103515585245
892 1.5400581252881675
893 -0.199933229529427
894 0.7008278638067998
895 -0.11178958437447159
896 1.5261640978425959
897 0.5768281254901236
898 0.06489694458754611
899 -0.1983185540156395
900 0.9023097992355593
901 -0.18847058176777493
902 -0.18572127157941684
903 -0.191098314965573
904 -0.19970220900046204
905 -0.1985376985555764
906 -0.2004263019582772
907 -0.19960096234317665
908 -0.2003947410862283
909 -0.2002304655894381
910 -0.20021736654443195
911 -0.17671036400333012
912 -0.2004633483671356
913 -0.19535062001682846
914 -0.20045745943946597
915 -0.19755237105315682
916 -0.20015028544172686
917 -0.1850387221093136
918 -0.2004466905639246
919 -0.19636010053230718
920 -0.07652607427343683
921 -0.1968681482566667
922 -0.19996166541493338
923 -0.1691977295176566
924 -0.17594730592510413
925 -0.20036667647091905
926 -0.1946857422718417
927 -0.19546249852384606
928 -0.20017025006502248
929 -0.20045861383752772
930 -0.1983185540156395
931 -0.1966302818028681
932 -0.05232467723187453
933 0.8451173632069136
934 0.9424366291218333
935 0.7282554272199471
936 0.6845343695000095
937 0.1794101814474606
938 2.1132455673261643
939 0.008866119055657193
940 0.08488588839835517
941 -0.11841074161425641
942 1.5784398014788859
943 -0.07978007705868675
944 0.6898339816515405
945 -0.19909580538387373
946 0.2426317056065476
947 -0.20031111731918994
948 -0.16822187699436492
949 0.412543223032323
950 1.587315045856698
951 0.1561355981866765
952 -0.010516010352687843
953 0.3554550426126126
954 2.0379890093351953
955 -0.08410805534101778
956 -0.12408819945750274
957 -0.011443386703753125
958 2.2553383386588055
959 -0.19906283976672906
960 0.5634127120039651
961 0.9192235071187451
962 2.5165439396188996
963 -0.14868755150695276
964 -0.02571196117631204
965 0.03829701749965081
966 -0.1358865883228717
967 -0.19497327789683597
968 -0.16393473317538618
969 -0.18827612627957385
970 -0.1478629945611763
971 -0.19911081069175166
972 -0.15877166897631234
973 0.06346432057754514
974 2.3132247856376873
975 -0.03814440709708761
976 0.03353570072483736
977 0.12043124680616499
978 -0.03788850873203037
979 0.5402606945428782
980 0.5384266968546618
981 -0.1539332353663742
982 -0.11897597520280973
983 0.5549960983404085
984 0.6706241365734633
985 -0.1931157523924669
986 1.2322560399421651
987 0.5472914933459981
988 0.23514625643582773
989 -0.2003850865547914
990 -0.16563968796354447
991 0.4487515645363355
992 -0.07159814318153784
993 0.8497774451011629
994 0.9199306827109929
995 -0.1526662279005881
996 -0.14362538174880937
997 -0.15314084878014234
998 2.0448016819680466
999 -0.09140172921306727
1000 -0.02416345284571389
1001 -0.19878151174215114
1002 1.5684753899328665
1003 0.9393576066947397
1004 -0.0487867955006783
1005 -0.12728699371679097
1006 1.2755307496619255
1007 0.13208275732654298
1008 0.22563694900886022
1009 -0.04774701354373892
1010 1.5925828782673999
1011 0.4190273952925271
1012 -0.19173712375474333
1013 -0.16495767778350834
1014 -0.16542753799762094
1015 -0.17390573199226708
1016 0.10824530943220406
1017 -0.19377970050547524
1018 -0.19912688220177022
1019 0.009331280779155793
1020 -0.1987188583348328
1021 -0.17493897806938769
1022 -0.15320813566497554
1023 -0.14552302287910318
1024 0.4528899812161998
1025 -0.19591710075274432
1026 0.93398712283508
1027 -0.10873787486296
1028 -0.19626584611676293
1029 -0.19671484781525964
1030 0.9082993400115141
1031 -0.17915907931017944
1032 -0.10319730405921829
1033 -0.10676859658154758
1034 0.8853853030813044
1035 -0.13970269822176787
1036 0.1920253454217588
1037 -0.19638307259610055
1038 0.9159358807855839
1039 -0.15511120670112552
1040 0.035039240150030945
1041 -0.11697259981818683
1042 1.5620650234924156
1043 -0.19354802325491952
1044 -0.19671530850688543
1045 0.4159913129882034
1046 -0.19951682404399868
1047 0.21908622071796455
1048 -0.20011703593299515
1049 0.15261366773291754
1050 2.5407383442733815
1051 -0.1966302818028681
1052 -0.19626584611676293
1053 -0.191098314965573
1054 -0.19970220900046204
1055 -0.20031111731918994
1056 -0.2004263019582772
1057 -0.19960096234317665
1058 -0.2003947410862283
1059 -0.2002304655894381
1060 -0.20021736654443195
1061 -0.19911081069175166
1062 -0.2004633483671356
1063 -0.19912688220177022
1064 -0.20045745943946597
1065 -0.2003850865547914
1066 -0.20015028544172686
1067 -0.1850387221093136
1068 -0.2004466905639246
1069 -0.19636010053230718
1070 -0.07652607427343683
1071 -0.1968681482566667
1072 -0.19996166541493338
1073 -0.17493897806938769
1074 -0.19591710075274432
1075 -0.20036667647091905
1076 -0.1946857422718417
1077 -0.20011703593299515
1078 -0.20017025006502248
1079 -0.20045861383752772
1080 -0.1983185540156395
1081 -0.19987311956565865
1082 -0.14586784512049314
1083 -0.200204298701839
1084 2.225826817960992
1085 0.05061403293317429
1086 0.5488242556868261
1087 0.4568515667776958
1088 0.9142216737050299
1089 -0.07906551413387
1090 -0.13466898042116818
1091 -0.20024078471390477
1092 -0.19959786538851232
1093 0.5778290641713308
1094 -0.18232166474951073
1095 0.888622664774934
1096 0.9111871727515202
1097 -0.20032098220170338
1098 -0.1993631044516398
1099 -0.19397893927959586
1100 -0.19294226789045463
1101 -0.07916757560740198
1102 -0.0343851230949096
1103 0.7911770966563874
1104 0.8857218140535361
1105 -0.15576173850896494
1106 -0.14925389699997885
1107 -0.1255564465236769
1108 0.9850108559493935
1109 0.5834295344420419
1110 -0.03286940600928767
1111 0.09686804898193677
1112 0.09189926701076159
1113 -0.13272087841220306
1114 -0.1962692838962944
1115 -0.18953305584772845
1116 0.8707768868961644
1117 -0.04291723356627242
1118 -0.05642752830837566
1119 -0.1670324494461399
1120 -0.1756520728448993
1121 -0.18090349349549523
1122 0.06977620981899334
1123 -0.19115250242776324
1124 -0.16946772618094924
1125 -0.17137727443624196
1126 -0.051708586546483803
1127 -0.13701915369469742
1128 1.6153028555554152
1129 0.48700090458674766
1130 0.3100117049474903
1131 0.5468961951649536
1132 -0.20009433339011204
1133 0.48128553135082774
1134 -0.15932305209623687
1135 -0.03535518836097956
1136 1.7416945017427292
1137 0.07440282916328231
1138 0.06958355088683447
1139 0.6680856135735262
1140 0.33178850468917853
1141 0.5729087624317043
1142 0.7312292000867502
1143 -0.19168470997661297
1144 0.9135080381627683
1145 -0.19517690807203908
1146 0.5548818559836141
1147 -0.0417195617835866
1148 2.4132133828917572
1149 -0.20027057936867468
1150 -0.17680605366450386
1151 0.39656774788869026
1152 0.940588259678383
1153 -0.07802937137952567
1154 -0.16405401603780118
1155 -0.2004631751040365
1156 0.8917868555284111
1157 0.3113773114293089
1158 -0.1684594583613106
1159 -0.17215595037721315
1160 -0.008305192983874443
1161 -0.10776559421896062
1162 -0.19075393714762942
1163 -0.19564562900431667
1164 1.2256493145332912
1165 -0.13182029953403968
1166 -0.11356476710524718
1167 -0.12362133078734938
1168 1.0892031494661658
1169 -0.17039285022751316
1170 -0.11334451273279972
1171 0.8874837787521003
1172 -0.011974783514656306
1173 -0.18877365636399265
1174 0.17841711015150427
1175 -0.18775064082634188
1176 0.1517657750394934
1177 -0.20037056408305928
1178 -0.19062834218035124
1179 0.3015950550573924
1180 0.9415830649757179
1181 -0.1799093383751497
1182 -0.19899726673333293
1183 0.5767969867868584
1184 0.08073584115033056
1185 -0.2004440568517795
1186 -0.19781361199950379
1187 -0.19505364663445232
1188 2.097790032589303
1189 0.08182746519504787
1190 -0.20038171969163138
1191 -0.19472766123998647
1192 2.371558233107636
1193 -0.07094967379616335
1194 0.5209327917604419
1195 -0.16422887735508562
1196 -0.20032120219527483
1197 0.4363371465925649
1198 -0.19957657977199109
1199 -0.16021907680762848
1200 0.7070890524021765
1201 -0.200204298701839
1202 -0.19626584611676293
1203 -0.20024078471390477
1204 -0.19970220900046204
1205 -0.20032098220170338
1206 -0.2004263019582772
1207 -0.19960096234317665
1208 -0.2003947410862283
1209 -0.2002304655894381
1210 -0.20021736654443195
1211 -0.19911081069175166
1212 -0.2004633483671356
1213 -0.19912688220177022
1214 -0.20045745943946597
1215 -0.2003850865547914
1216 -0.20015028544172686
1217 -0.19517690807203908
1218 -0.2004466905639246
1219 -0.2004631751040365
1220 -0.20032120219527483
1221 -0.19957657977199109
1222 -0.19996166541493338
1223 -0.17493897806938769
1224 -0.19591710075274432
1225 -0.20037056408305928
1226 -0.1946857422718417
1227 -0.2004440568517795
1228 -0.20017025006502248
1229 -0.20045861383752772
1230 -0.20009433339011204
1231 0.5449771950262632
1232 0.6737636131502351
1233 -0.04286467922252689
1234 0.8875168599316435
1235 0.027566523312185065
1236 0.5324978545860988
1237 -0.1976905446163658
1238 2.31754315231396
1239 -0.06629591455401912
1240 0.2968160004470884
1241 -0.20024078471390477
1242 0.9253685591685332
1243 -0.19669819054894
1244 -0.2002128829943719
1245 -0.19093007398663459
1246 1.0372146937603335
1247 -0.1546420266265868
1248 -0.19165925603767797
1249 0.061005353007587367
1250 0.7887405206782829
1251 0.7010464983412218
1252 0.2742738272124886
1253 -0.08785394357414683
1254 -0.1998506280971427
1255 -0.19440659641512262
1256 0.1437291537028183
1257 -0.07363528284654308
1258 0.8900241522517636
1259 0.6989389601317526
1260 0.00039980799243766185
1261 -0.17494646931712576
1262 -0.19552155805863483
1263 -0.19666632158723685
1264 -0.1977215825374571
1265 -0.19832362796123076
1266 0.07168792191157383
1267 0.06307400484146189
1268 0.5440488365062048
1269 -0.18421086573325668
1270 -0.20022760877834841
1271 0.048825565478107014
1272 0.34173707011080356
1273 -0.1588077948844001
1274 0.5001351852799207
1275 -0.16596658210607793
1276 0.31694283605509166
1277 0.9068765027652387
1278 1.1000525295884571
1279 -0.1440071323690276
1280 0.06889857916344863
1281 0.8841329206971844
1282 2.1731983699691027
1283 0.5377729848383569
1284 0.015798022271093157
1285 -0.19604963864023078
1286 2.267008320880656
1287 -0.09511923184818821
1288 -0.14953576553428746
1289 -0.03390272293393434
1290 0.8725039922871318
1291 0.2858095536104639
1292 0.21054448071500928
1293 0.07590400709057851
1294 0.8828119805364492
1295 0.8400124691470219
1296 0.6379528273191842
1297 -0.2004177511777544
1298 2.2837144575147157
1299 0.29327431360131995
1300 0.18514251726446268
1301 -0.1845486089048147
1302 1.078974676133802
1303 -0.020536189691701484
1304 0.051913651729761534
1305 -0.1991874951961914
1306 -0.1297014514327274
1307 -0.02540129300170478
1308 -0.19954931690676075
1309 -0.11545355718103678
1310 2.205607389792099
1311 -0.12735159550332212
1312 -0.14553544548788058
1313 -0.0884726295426751
1314 0.8985458773852097
1315 -0.20028579998855922
1316 0.05054907821456377
1317 0.18460047238116906
1318 2.466294593662892
1319 0.1901212310489128
1320 -0.1919932682902679
1321 -0.18264082521182518
1322 0.8744217681979611
1323 -0.17585282303701458
1324 -0.08373400557845206
1325 -0.17507690231587308
1326 -0.07513954542910606
1327 0.6183462546987013
1328 -0.1837333699081438
1329 -0.2000340779151074
1330 0.1754231384984751
1331 -0.14258840020381786
1332 -0.17648575213545012
1333 -0.19934030847592651
1334 -0.17520111921346698
1335 -0.200405335143626
1336 -0.14812044000466518
1337 -0.1969981212389185
1338 0.9151668065296797
1339 -0.13320856133583195
1340 -0.1816663695014283
1341 -0.13754733726044707
1342 0.9442098239868224
1343 -0.083278003669459
1344 -0.20017667804301445
1345 -0.20045861383752772
1346 1.7733707073183615
1347 -0.15290100464034412
1348 -0.20046460416714054
1349 -0.05178215043386003
1350 -0.17533586224116074
1351 -0.200204298701839
1352 -0.20022760877834841
1353 -0.20024078471390477
1354 -0.19970220900046204
1355 -0.20046460416714054
1356 -0.2004263019582772
1357 -0.19960096234317665
1358 -0.2003947410862283
1359 -0.2002304655894381
1360 -0.20021736654443195
1361 -0.2002128829943719
1362 -0.2004633483671356
1363 -0.19912688220177022
1364 -0.20045745943946597
1365 -0.2003850865547914
1366 -0.20015028544172686
1367 -0.2004177511777544
1368 -0.2004466905639246
1369 -0.2004631751040365
1370 -0.20032120219527483
1371 -0.19957657977199109
1372 -0.20028579998855922
1373 -0.18264082521182518
1374 -0.19591710075274432
1375 -0.20037056408305928
1376 -0.19934030847592651
1377 -0.2004440568517795
1378 -0.20017025006502248
1379 -0.20045861383752772
1380 -0.20009433339011204
1381 0.10415886316363848
1382 -0.17792643519836146
1383 0.06377831666271108
1384 0.6022174582148068
1385 0.10389446834433513
1386 0.048805635776857495
1387 -0.19918915776866541
1388 2.5286412031638488
1389 0.09900582603950689
1390 -0.12676926479382042
1391 0.9411374033985678
1392 2.508237278207902
1393 0.18530571314829958
1394 0.49683816244181916
1395 0.41278400609008004
1396 -0.19946036120627214
1397 -0.043950169095629044
1398 0.658437971577905
1399 -0.0521057862235165
1400 0.8844368070686623
1401 0.4675423242813229
1402 0.21618651120709
1403 0.5291314132986791
1404 0.7263131407174163
1405 -0.14955375573105031
1406 -0.18062611449131913
1407 0.6544870247859103
1408 2.0151501421016764
1409 0.0283298845918777
1410 -0.1948516542798946
1411 0.47155589040113344
1412 0.9363264835066616
1413 -0.18178884290604702
1414 -0.17584570723654463
1415 0.012106022795112581
1416 0.9435516291189562
1417 0.6325872061660789
1418 -0.07710703818922737
1419 -0.20044641475384445
1420 0.8829884903124452
1421 -0.11002745650743592
1422 -0.1656795270267483
1423 0.261162229951605
1424 -0.08381697235647884
1425 -0.18798683203142433
1426 -0.20043054139917485
1427 -0.1822160480079955
1428 2.343276729409143
1429 -0.17673120834852646
1430 0.04727341530049831
1431 -0.19863969091669437
1432 1.2887627692008907
1433 0.6862585795353446
1434 -0.08672482527010261
1435 -0.18192094987658988
1436 0.9444521965952374
1437 -0.09811822669916268
1438 -0.19955000760980826
1439 -0.14094202883672458
1440 -0.06560874540317374
1441 0.1221268284129923
1442 -0.18023022924304835
1443 -0.2004487603608075
1444 2.1272983515854795
1445 -0.19508645629849194
1446 0.4970430593100323
1447 -0.11744931890228771
1448 -0.19944349865078914
1449 -0.18879851054409916
1450 -0.14458332807539157
1451 -0.1808616212251928
1452 2.4630196391844725
1453 0.22109152175917474
1454 -0.1293522698471043
1455 -0.13298649821949904
1456 0.10631918826389694
1457 -0.19209265099113543
1458 -0.19739049676030102
1459 0.3355687964180709
1460 0.9914945645708796
1461 0.29143379714292933
1462 -0.1748161007505356
1463 -0.20043054139917485
1464 -0.1844662872693615
1465 -0.1837455198578004
1466 0.3504741050736516
1467 -0.19542464524125294
1468 0.901019188877087
1469 -0.19550064981843665
1470 0.39980969724671933
1471 -0.19229450708376966
1472 -0.18512905243206423
1473 0.15693922746112063
1474 0.7015244532259994
1475 -0.16510036763466618
1476 0.9476329606979751
1477 -0.19430115688309263
1478 -0.05505547737707306
1479 -0.19809975600436694
1480 0.973817145750696
1481 -0.19850898994540808
1482 -0.15976630639892547
1483 -0.19202472989605462
1484 1.9606225272136137
1485 -0.19849055991082074
1486 -0.0398699258257426
1487 -0.19919332103677145
1488 0.882812612615785
1489 -0.20006558769099606
1490 -0.19984945163455264
1491 -0.06801701556709844
1492 2.272994061532988
1493 -0.17199386479130546
1494 0.21909092865705865
1495 0.8138632101321479
1496 0.32167043917253657
1497 0.016986354409929447
1498 -0.1966492023309009
1499 0.3817344628944209
1500 0.11313085737660133
1501 -0.200204298701839
1502 -0.20022760877834841
1503 -0.20024078471390477
1504 -0.19970220900046204
1505 -0.20046460416714054
1506 -0.2004263019582772
1507 -0.19960096234317665
1508 -0.2003947410862283
1509 -0.2002304655894381
1510 -0.20044641475384445
1511 -0.2002128829943719
1512 -0.2004633483671356
1513 -0.19912688220177022
1514 -0.20045745943946597
1515 -0.2003850865547914
1516 -0.2004487603608075
1517 -0.2004177511777544
1518 -0.2004466905639246
1519 -0.2004631751040365
1520 -0.20032120219527483
1521 -0.20043054139917485
1522 -0.20028579998855922
1523 -0.19550064981843665
1524 -0.19591710075274432
1525 -0.20037056408305928
1526 -0.19934030847592651
1527 -0.2004440568517795
1528 -0.20017025006502248
1529 -0.20045861383752772
1530 -0.20009433339011204
1531 -0.20026214051358604
1532 -0.08093716304037507
1533 0.9431146470741787
1534 -0.09657876530284376
1535 -0.002561971851430367
1536 -0.08507273119823547
1537 -0.07709859929368015
1538 0.8829166492184712
1539 -0.12405587986227726
1540 0.12380588531015427
1541 -0.166572554519553
1542 0.1229904702151946
1543 -0.20012964140369016
1544 -0.20029207469224847
1545 -0.13995154073590668
1546 2.4540514363476262
1547 -0.06430634352931897
1548 -0.1830595137271055
1549 0.13769553186814745
1550 1.6233131437569077
1551 0.6595530138490542
1552 0.08691383197772803
1553 -0.18746052841290806
1554 -0.20027659014230306
1555 0.3473318458898141
1556 0.21968544145024918
1557 0.0018284630846751027
1558 1.6585567045795249
1559 -0.19449387011659638
1560 -0.020397929782237367
1561 -0.19277205615016685
1562 1.5537249351248275
1563 -0.17071763700245457
1564 -0.12705584405164794
1565 0.09365178154336976
1566 0.2315293935126209
1567 0.47295752738297775
1568 0.32919575698656134
1569 0.03952199933859829
1570 2.2933378713273145
1571 -0.19676026695903612
1572 0.15953901484180433
1573 -0.19938848009967136
1574 2.0079049074500754
1575 -0.14691654031002235
1576 -0.19948507594290127
1577 0.3662789942127437
1578 1.6233469442511972
1579 -0.17929441222428774
1580 -0.07691626362939946
1581 0.30876264765673156
1582 0.7958916049162149
1583 -0.04571274621806995
1584 -0.2004430456820322
1585 -0.04499772817912434
1586 2.169331079601345
1587 0.42054503660070347
1588 -0.16858159352718705
1589 0.08728173090792007
1590 0.8848219091519829
1591 -0.038779662794761735
1592 0.06340533138967464
1593 -0.17679678978404872
1594 -0.2003793243923197
1595 -0.1979153334789478
1596 -0.17478489189087426
1597 0.9453647867127828
1598 1.133216441660478
1599 0.6120659572940224
1600 -0.18185808969791406
1601 -0.1871406673418218
1602 -0.019718741556672803
1603 0.14244908979755494
1604 0.2968368454603208
1605 0.6885326650646961
1606 0.9477461729040214
1607 -0.12138083021324259
1608 -0.08371626913498512
1609 -0.20038467317773856
1610 2.2821795192872716
1611 -0.02091223256395347
1612 0.3398785256678044
1613 0.500353294067709
1614 0.9459778185946948
1615 0.06170591668696079
1616 0.08718310936939914
1617 0.9419592311210545
1618 -0.09966576611291328
1619 0.7715183602231259
1620 0.133086428628044
1621 -0.18929038250382932
1622 0.3728788801492136
1623 -0.053506555577750525
1624 -0.20036084339152876
1625 -0.18105705055379234
1626 0.7310936545742754
1627 -0.2001387015386356
1628 -0.19118250763144862
1629 -0.18670209833240226
1630 1.2103515345102607
1631 -0.18520175097243735
1632 -0.19225226214523483
1633 -0.14380046489886816
1634 0.8760274060505948
1635 -0.0041068016231547155
1636 -0.1782429082203939
1637 -0.1578996759487499
1638 2.363927208430732
1639 0.6709143979047091
1640 -0.19847703965173255
1641 0.5096166209376202
1642 0.9460931873025307
1643 0.04918458516722357
1644 0.5615227326046319
1645 -0.15815890613989178
1646 1.214900064174272
1647 0.03849745524874204
1648 -0.061695074865705496
1649 0.3266157013532445
1650 -0.12062512713404397
1651 -0.20026214051358604
1652 -0.20022760877834841
1653 -0.20024078471390477
1654 -0.20012964140369016
1655 -0.20046460416714054
1656 -0.2004263019582772
1657 -0.19960096234317665
1658 -0.2003947410862283
1659 -0.2002304655894381
1660 -0.20044641475384445
1661 -0.20036084339152876
1662 -0.2004633483671356
1663 -0.19912688220177022
1664 -0.20045745943946597
1665 -0.2003850865547914
1666 -0.2004487603608075
1667 -0.2004177511777544
1668 -0.2004466905639246
1669 -0.2004631751040365
1670 -0.20038467317773856
1671 -0.20043054139917485
1672 -0.20028579998855922
1673 -0.19550064981843665
1674 -0.19847703965173255
1675 -0.2004430456820322
1676 -0.19934030847592651
1677 -0.2004440568517795
1678 -0.20017025006502248
1679 -0.20045861383752772
1680 -0.20009433339011204
1681 -0.15416289088073712
1682 0.2067676947763526
1683 -0.10921563274572454
1684 -0.11046886154684277
1685 -0.1624657526017786
1686 0.1901578480798353
1687 -0.19675262507296698
1688 0.8571742981861424
1689 0.0014153472629588465
1690 -0.08197579750820011
1691 -0.2002253041056934
1692 2.5183771365515777
1693 -0.11082497576268527
1694 -0.1994655999403721
1695 0.889740508859934
1696 0.9161629409842771
1697 0.5244804074166688
1698 0.6998669515630224
1699 -0.19597186166683053
1700 -0.16098855175950383
1701 -0.08957629097869096
1702 -0.11459133728191381
1703 -0.1399978864068657
1704 0.16169073960867683
1705 -0.003504987530171741
1706 -0.1858814313411088
1707 0.23642949089603732
1708 1.4384501203990347
1709 -0.18222053888395706
1710 -0.19846730741727553
1711 -0.20020008845219467
1712 2.5893617120260832
1713 -0.13316487384201464
1714 0.3598698445271004
1715 0.025631735548264922
1716 0.8833066668495856
1717 -0.12781509065450405
1718 0.06426555319843306
1719 -0.04489352367356314
1720 1.4331165802795915
1721 -0.1822115808116067
1722 -0.1998566057263475
1723 0.17041194970624213
1724 -0.19445912062066914
1725 -0.13629963709718887
1726 -0.19928066830317318
1727 0.935696962090581
1728 0.009710171873795637
1729 -0.19470544604529036
1730 0.044430906226246
1731 -0.1994655999403721
1732 2.280175627907147
1733 -0.15966220163106432
1734 -0.20045878538306844
1735 0.9096975472738417
1736 -0.1991463147721816
1737 -0.12285679244073433
1738 -0.19974774302236306
1739 0.27874734497810777
1740 0.8467406658806085
1741 -0.09011490454691584
1742 0.34472801029355477
1743 -0.18429746994027418
1744 1.7549697853831103
1745 -0.11486588291609481
1746 -0.17547038755789096
1747 -0.19116299643372003
1748 2.305010953633664
1749 0.7011830204791911
1750 -0.17974738154910286
1751 -0.19957089653051507
1752 1.6085653308396983
1753 -0.051658840555833196
1754 0.5448331804216584
1755 -0.18919270109588607
1756 2.277697275271868
1757 -0.1609034690071156
1758 -0.19984600980382303
1759 -0.1453407778674781
1760 0.7124003432110163
1761 0.6424570411243574
1762 -0.09048258377939677
1763 -0.09867450856039722
1764 -0.11743937225871859
1765 0.13100688375245786
1766 0.13951533666847943
1767 0.9430943199337101
1768 -0.1850433858006752
1769 0.18933298342308794
1770 -0.10449207415866191
1771 0.5800862664775921
1772 2.3565315341494943
1773 0.8353005954159545
1774 0.5230989067892147
1775 0.9372882079134506
1776 0.2366678777579631
1777 -0.16420059985936863
1778 -0.16146097193990042
1779 1.015861853876864
1780 0.9436281059841887
1781 -0.198291283976473
1782 -0.20019448930366684
1783 -0.16525521143684074
1784 0.9476569902509379
1785 -0.19878136963548537
1786 -0.16167995114104744
1787 -0.10958599306339639
1788 1.3604374570740057
1789 -0.1626108924637942
1790 -0.17103816998175245
1791 -0.06769518830101995
1792 0.9311599756076598
1793 -0.17753434101456467
1794 -0.13187219238033446
1795 0.8569765083456985
1796 -0.16997879058038806
1797 0.1334311271967019
1798 -0.06196680037278232
1799 0.4482554621439636
1800 1.022785255717102
1801 -0.20026214051358604
1802 -0.20022760877834841
1803 -0.20024078471390477
1804 -0.20012964140369016
1805 -0.20046460416714054
1806 -0.2004263019582772
1807 -0.19960096234317665
1808 -0.2003947410862283
1809 -0.2002304655894381
1810 -0.20044641475384445
1811 -0.20036084339152876
1812 -0.2004633483671356
1813 -0.1994655999403721
1814 -0.20045745943946597
1815 -0.2003850865547914
1816 -0.2004487603608075
1817 -0.2004177511777544
1818 -0.2004466905639246
1819 -0.2004631751040365
1820 -0.20038467317773856
1821 -0.20043054139917485
1822 -0.20028579998855922
1823 -0.19984600980382303
1824 -0.19847703965173255
1825 -0.2004430456820322
1826 -0.1998566057263475
1827 -0.2004440568517795
1828 -0.20017025006502248
1829 -0.20045861383752772
1830 -0.20045878538306844
1831 0.2897880026277607
1832 -0.18370430971462093
1833 -0.20026214051358604
1834 -0.19531664709601335
1835 -0.0003327458667302524
1836 0.08764072680675061
1837 -0.1387286085157373
1838 -0.20017217591761796
1839 -0.012544464674003136
1840 -0.14792331469184367
1841 -0.07875340221658428
1842 2.596256549915333
1843 0.5115644474560335
1844 0.6416871152913528
1845 -0.20012964140369016
1846 -0.007493589043449642
1847 0.6306075412383114
1848 0.4239403692948558
1849 -0.187943439513123
1850 1.8499402604619644
1851 -0.19536819597516605
1852 -0.19960482543938618
1853 -0.07089208431328597
1854 1.4570196426215443
1855 0.366163285466939
1856 0.01961941676799145
1857 0.5499409178737132
1858 -0.1721199584795924
1859 0.21094892208895377
1860 -0.20045003750975754
1861 -0.19995179119204765
1862 0.9475671290590115
1863 0.4854999855511958
1864 -0.08362636208062157
1865 -0.09896193975844608
1866 0.6343240143253519
1867 -0.1973226313452975
1868 0.4563170623815252
1869 -0.20046323403921365
1870 -0.2004476875469362
1871 -0.05213677944046052
1872 0.6438490787615433
1873 0.3860069448567472
1874 -0.1976317000823587
1875 -0.1945267230908984
1876 -0.19545037848875826
1877 -0.14257878893992165
1878 -0.19527028864494214
1879 -0.1948842232908278
1880 -0.0551348013407367
1881 -0.18726842088656137
1882 0.9648398680753998
1883 0.10002484855335671
1884 -0.19253323562840507
1885 0.3160838941418555
1886 -0.18601382191924437
1887 -0.19876069515308942
1888 -0.18022467566666703
1889 -0.16092200133526
1890 0.9389269554719618
1891 -0.09359538131407277
1892 -0.15798495351462347
1893 -0.19850130176689698
1894 0.8833309798429528
1895 0.4310511440590432
1896 0.4960878169231412
1897 0.7538291603947352
1898 0.8907370006367257
1899 0.042688047766549
1900 -0.19849919862691587
1901 -0.13985121438507692
1902 -0.18354476092772326
1903 0.06000222573572303
1904 0.206126517890223
1905 -0.2003338632807734
1906 -0.19457039646647548
1907 -0.046807682893494185
1908 -0.19913526518285726
1909 0.07954610772933216
1910 0.9248165561225672
1911 -0.0859995335986829
1912 0.08742709072691193
1913 -0.19974449000430883
1914 0.029179878842229612
1915 0.2260250639311238
1916 0.03357272425667818
1917 -0.18661059081015352
1918 0.7856040342072277
1919 -0.20029409086207442
1920 -0.07761226639649677
1921 0.30653136593704056
1922 2.0765014212666206
1923 0.20735474207097357
1924 0.5980024075524378
1925 -0.19623885470855143
1926 2.464834703128255
1927 -0.0975495714699538
1928 0.2924236266228358
1929 0.5942367089854862
1930 -0.2002016816092769
1931 0.21251392075292666
1932 0.5382648368851634
1933 -0.19438133636765315
1934 0.8842393105253549
1935 0.36488271198667643
1936 -0.0372970042709652
1937 -0.18309918423893762
1938 -0.11209025382010596
1939 -0.15810394448179108
1940 -0.07912510856964403
1941 -0.1901954663569518
1942 -0.14226967841883648
1943 0.7460572410503495
1944 -0.13069929235377845
1945 -0.18398813795019037
1946 1.1552657295369866
1947 0.15059875837486145
1948 -0.10945609285005167
1949 -0.1888367704039407
1950 1.848615569728873
1951 -0.20026214051358604
1952 -0.20022760877834841
1953 -0.20024078471390477
1954 -0.20012964140369016
1955 -0.20046460416714054
1956 -0.2004263019582772
1957 -0.19960096234317665
1958 -0.2003947410862283
1959 -0.2002304655894381
1960 -0.20046323403921365
1961 -0.20036084339152876
1962 -0.2004633483671356
1963 -0.1994655999403721
1964 -0.20045745943946597
1965 -0.2003850865547914
1966 -0.2004487603608075
1967 -0.2004177511777544
1968 -0.2004466905639246
1969 -0.2004631751040365
1970 -0.20038467317773856
1971 -0.20043054139917485
1972 -0.20028579998855922
1973 -0.20029409086207442
1974 -0.19847703965173255
1975 -0.2004430456820322
1976 -0.2002016816092769
1977 -0.2004440568517795
1978 -0.20017025006502248
1979 -0.20045861383752772
1980 -0.20045878538306844
1981 -0.08400713123028325
1982 0.1126598173474368
1983 -0.1957593883568654
1984 0.7965224928764486
1985 0.1853053070791048
1986 -0.05636793376313051
1987 -0.11602462376219086
1988 -0.1974638100564504
1989 0.5205576055135043
1990 0.20749364197108486
1991 -0.07711561396078542
1992 0.060852136053575284
1993 0.41304908359079906
1994 -0.18503521019270006
1995 0.5016541092277406
1996 -0.05060943063280832
1997 -0.1315939456776921
1998 -0.15380448125131285
1999 -0.19997532518564215
2000 0.8226777610224254
2001 0.19815566217881064
2002 -0.1999447325077912
2003 -0.16977490284064584
2004 2.453244700336251
2005 0.33406060504887936
2006 0.05762856737517463
2007 0.18509665327667157
2008 0.9060582465672029
2009 0.42673709012635125
2010 -0.19779746524448316
2011 -0.18293237839408688
2012 1.442690260548895
2013 -0.18519149859086648
2014 -0.19887493964189068
2015 0.2499289725080078
2016 1.2636399194349266
2017 -0.037615650206702794
2018 -0.01843844833610231
2019 -0.08194656574919351
2020 1.938121505030001
2021 0.10191317386532125
2022 -0.18857034502016196
2023 -0.18377374142558195
2024 1.310233171821159
2025 0.21556224957619863
2026 -0.15870229622186813
2027 -0.19758810592080966
2028 0.21413683199327632
2029 -0.1724358575020007
2030 0.08275947632147365
2031 -0.2003314473690847
2032 0.3174308079440052
2033 0.5144686345383688
2034 0.043746161643573644
2035 -0.19789843850325578
2036 0.9519114971463928
2037 -0.14773584995959949
2038 -0.1957788532582725
2039 -0.19672858931623638
2040 -0.1821403172966114
2041 -0.029616909845692388
2042 0.3482796310018509
2043 -0.1115237561335933
2044 0.9268677161330765
2045 -0.19794012615101733
2046 -0.19988656367832194
2047 0.1052730384335932
2048 -0.016425276047425857
2049 0.28882497218961467
2050 -0.19823750196317935
2051 -0.2004466905639246
2052 1.0364635798161708
2053 0.09254799439148892
2054 -0.1982390227595146
2055 0.946266639548688
2056 0.8930554852254361
2057 0.5274947151631338
2058 -0.17522129008497397
2059 -0.199866893168928
2060 0.9343983971075063
2061 -0.19954043903831023
2062 0.01984660226608155
2063 -0.15720226646994645
2064 2.5647242824309253
2065 -0.18007846644999748
2066 0.3145926975636473
2067 -0.20007271546869876
2068 1.4877925923455853
2069 0.04534384294501426
2070 0.054605140936049415
2071 -0.13703388063426694
2072 2.532786880976645
2073 -0.1307766725824937
2074 0.7011926980474963
2075 -0.1871153992674407
2076 0.9431997601607311
2077 -0.15153203099340318
2078 0.04132935071339332
2079 -0.2001425291113108
2080 0.8837240276705002
2081 -0.05722963068907699
2082 0.5102360584467095
2083 0.19918619813618513
2084 0.04463835817592615
2085 0.6351596444369942
2086 0.329540306123059
2087 -0.20034319247090532
2088 0.9446133237131211
2089 -0.19378006717638707
2090 -0.13390238350982114
2091 -0.09711433466194475
2092 2.4000753287267362
2093 -0.19734896172787922
2094 -0.020276343900529334
2095 0.01144224895258339
2096 -0.13532186598352658
2097 -0.1344268421089463
2098 -0.17200450839274992
2099 0.46159008999213597
2100 0.8862409858010659
2101 -0.20026214051358604
2102 -0.20022760877834841
2103 -0.20024078471390477
2104 -0.20012964140369016
2105 -0.20046460416714054
2106 -0.2004263019582772
2107 -0.19960096234317665
2108 -0.2003947410862283
2109 -0.2002304655894381
2110 -0.20046323403921365
2111 -0.20036084339152876
2112 -0.2004633483671356
2113 -0.2003314473690847
2114 -0.20045745943946597
2115 -0.2003850865547914
2116 -0.2004487603608075
2117 -0.2004177511777544
2118 -0.2004466905639246
2119 -0.2004631751040365
2120 -0.20038467317773856
2121 -0.20043054139917485
2122 -0.20028579998855922
2123 -0.20029409086207442
2124 -0.19847703965173255
2125 -0.2004430456820322
2126 -0.2002016816092769
2127 -0.2004440568517795
2128 -0.20017025006502248
2129 -0.20045861383752772
2130 -0.20045878538306844
2131 0.4557391717108341
2132 0.20494273150633446
2133 -0.15073077654044553
2134 -0.05357889542876787
2135 0.23327152002458373
2136 -0.19656332421257283
2137 -0.1995373173884028
2138 0.9350558338959292
2139 -0.11719765838475238
2140 -0.15506338670545916
2141 -0.19824892580333214
2142 0.5648598279563403
2143 0.01881495645320279
2144 -0.18773229689922966
2145 0.24010731337274369
2146 -0.20045299817700868
2147 0.6844161298994115
2148 0.15508510415503463
2149 -0.19131049352488452
2150 0.9003821379215496
2151 0.20338759611138213
2152 -0.10075568754855974
2153 -0.19475393872469804
2154 0.30389195911800815
2155 0.580267474863038
2156 0.21241792636037438
2157 -0.10781054886497282
2158 2.516141079785458
2159 -0.12833570320436782
2160 -0.04743053587571677
2161 0.5233347911536657
2162 1.5868582179589013
2163 -0.18371801838706273
2164 0.21832159179149146
2165 0.008610144252840124
2166 1.5532510013383027
2167 0.3580185854500051
2168 0.5781132383567069
2169 -0.053685136793388794
2170 0.8873717726400596
2171 -0.2003205482091703
2172 -0.19979675006601533
2173 -0.19215977008319254
2174 1.371654890436559
2175 -0.18390692734572328
2176 0.29161632193995823
2177 -0.199213951616519
2178 2.509015018265794
2179 -0.19643908372477903
2180 0.06552017145667069
2181 -0.052860814701858494
2182 0.9246948204356114
2183 0.0643722441066391
2184 -0.0639058320604104
2185 -0.1996233585962694
2186 2.567567927902934
2187 0.3510674457290852
2188 -0.20046378024470615
2189 -0.1988029955357537
2190 1.925371656256956
2191 -0.05378136576312506
2192 0.24069210433756588
2193 -0.1954036651744351
2194 2.588543808188409
2195 0.7070820190711521
2196 0.6504868909731256
2197 -0.17784246124076641
2198 2.2815147633718906
2199 -0.19852768621251177
2200 0.41105627092514724
2201 0.15442505919607843
2202 0.9762237421922764
2203 -0.09118036122238857
2204 -0.15094847354227045
2205 -0.1771712695533613
2206 1.7625117148838962
2207 0.10066597265332759
2208 0.028767956728700028
2209 -0.1982357640841502
2210 2.0475995893210643
2211 -0.1866752275979139
2212 -0.025109707021420624
2213 0.5760066187950561
2214 -0.17348920844069435
2215 -0.17268923252525187
2216 0.30655982959971134
2217 -0.20009253689720186
2218 1.291440471018675
2219 -0.1533679057192416
2220 -0.07286687306641354
2221 -0.20029409086207442
2222 1.720004590954099
2223 -0.19890289295698255
2224 0.6763611553823687
2225 -0.19559179943974808
2226 2.1533118486431078
2227 0.13141005583850615
2228 0.3703325114829942
2229 0.3279844512717744
2230 -0.1610727760538861
2231 -0.17553315368755942
2232 -0.009706178850206124
2233 -0.2002016816092769
2234 1.1150568304618842
2235 -0.19823662372800377
2236 0.39339328423426423
2237 -0.20017530074509146
2238 2.5304538328975057
2239 -0.14277664585651645
2240 0.0652054755227595
2241 -0.18988630572909448
2242 1.8801974462458213
2243 -0.17739068656134324
2244 0.4366190429998637
2245 -0.19992475445696375
2246 1.3356655947186689
2247 -0.19838978074109323
2248 -0.11257736212390945
2249 -0.19989030990515375
2250 0.9065231107907287
2251 -0.20026214051358604
2252 -0.20022760877834841
2253 -0.20024078471390477
2254 -0.20012964140369016
2255 -0.20046460416714054
2256 -0.2004263019582772
2257 -0.19960096234317665
2258 -0.2003947410862283
2259 -0.2002304655894381
2260 -0.20046323403921365
2261 -0.20036084339152876
2262 -0.2004633483671356
2263 -0.2003314473690847
2264 -0.20045745943946597
2265 -0.2003850865547914
2266 -0.2004487603608075
2267 -0.2004177511777544
2268 -0.2004466905639246
2269 -0.2004631751040365
2270 -0.20038467317773856
2271 -0.20043054139917485
2272 -0.20046378024470615
2273 -0.20029409086207442
2274 -0.19890289295698255
2275 -0.2004430456820322
2276 -0.2002016816092769
2277 -0.2004440568517795
2278 -0.20017025006502248
2279 -0.20045861383752772
2280 -0.20045878538306844
2281 0.024042591018216056
2282 -0.19995487570988127
2283 0.6107651397590544
2284 -0.027941902398932794
2285 -0.14592387793587439
2286 -0.09986518613303458
2287 -0.1991064059783821
2288 0.9476441206338136
2289 0.6078727384161189
2290 0.1959459131881181
2291 -0.19164429004228212
2292 1.8482540312978142
2293 0.2421386387824561
2294 0.5827025690049925
2295 -0.018517661631536675
2296 -0.1407270791882108
2297 -0.10898804190799818
2298 -0.19880948391575898
2299 -0.19170479304979285
2300 0.14913566735746714
2301 0.26755122831395206
2302 -0.19893783992138847
2303 -0.12251544355567767
2304 0.8884346634524568
2305 0.3230554393808681
2306 0.37670032914081236
2307 0.9090575270955973
2308 1.1858264261285891
2309 -0.09455847103366571
2310 0.4044295739962837
2311 -0.03212101391898335
2312 1.036106609818965
2313 -0.04085211344222062
2314 -0.0401899923313639
2315 0.7468562892874987
2316 0.9230583828598948
2317 -0.19826106302199673
2318 0.37776616981099603
2319 0.015920948662334955
2320 -0.07774453679841142
2321 -0.039120940600670784
2322 0.6845398099919253
2323 0.21877109216315097
2324 0.9177346566945128
2325 0.3687346618642694
2326 -0.14291089603834506
2327 -0.14908518686541028
2328 -0.10961758602732066
2329 -0.19048390870770437
2330 -0.18052958128905872
2331 0.15780295579120307
2332 -0.16039903263339123
2333 0.1305122709806738
2334 -0.14992836171049903
2335 -0.16066915130163298
2336 -0.08639678188500532
2337 -0.15948788622572066
2338 -0.13067180932399905
2339 -0.19415196046921004
2340 2.424441581168574
2341 -0.09447409375934968
2342 -0.11958937595614194
2343 -0.2004487603608075
2344 0.6255330427575903
2345 -0.09166129962336
2346 0.005440020101958251
2347 -0.2004177511777544
2348 1.251236566676645
2349 -0.1995783875567818
2350 -0.194832293718245
2351 -0.10722852553710066
2352 0.935161380307901
2353 -0.1952192770843298
2354 -0.1979285047101231
2355 -0.027470037545885784
2356 0.9263478793738242
2357 -0.1937588411223724
2358 -0.15195860262919833
2359 0.06707070154015285
2360 2.5382609604964554
2361 -0.20037431868741423
2362 -0.19755538815920157
2363 0.5345400323864603
2364 0.9461530354291104
2365 0.1897262031841538
2366 0.6306721390758562
2367 0.0010828012787563734
2368 -0.1242294944802893
2369 -0.2002552964393446
2370 -0.07979081676414981
2371 -0.20006265224070865
2372 2.103436980591767
2373 -0.20045243879795652
2374 -0.1957646983688202
2375 0.9578909342219772
2376 0.9342846907442531
2377 -0.135264858426305
2378 0.1983984483113154
2379 -0.06030529237643195
2380 2.369507255069283
2381 0.06628093552682812
2382 0.20934870977945616
2383 0.8896637015301043
2384 0.03739062965630313
2385 -0.19987875517230036
2386 -0.14479481037141426
2387 0.9434406757521105
2388 2.265864306529511
2389 -0.09339250871939736
2390 0.0516094293283339
2391 -0.2003963844441085
2392 -0.1573710741831361
2393 -0.17628716207280137
2394 -0.1626171662554304
2395 0.40845155169400255
2396 -0.17559492718550818
2397 -0.20044554291140262
2398 -0.20045874269697792
2399 -0.20045878538306844
2400 1.2712791589662278
2401 -0.20026214051358604
2402 -0.20022760877834841
2403 -0.20024078471390477
2404 -0.20012964140369016
2405 -0.20046460416714054
2406 -0.2004263019582772
2407 -0.19960096234317665
2408 -0.2003947410862283
2409 -0.2002304655894381
2410 -0.20046323403921365
2411 -0.20036084339152876
2412 -0.2004633483671356
2413 -0.2003314473690847
2414 -0.20045745943946597
2415 -0.2003850865547914
2416 -0.2004487603608075
2417 -0.2004177511777544
2418 -0.2004466905639246
2419 -0.2004631751040365
2420 -0.20038467317773856
2421 -0.20043054139917485
2422 -0.20046378024470615
2423 -0.20029409086207442
2424 -0.20045874269697792
2425 -0.2004430456820322
2426 -0.2002016816092769
2427 -0.2004440568517795
2428 -0.2003963844441085
2429 -0.20045861383752772
2430 -0.20045878538306844
evaluations raw_y
1 2.472446259149189
2 5.7761486709626855
3 3.1327505175096615
4 2.8812273746691637
5 2.2518174136091136
6 4.07339419288814
7 5.413749684587034
8 2.7359193217414157
9 0.8976748525019148
10 2.4319700388274166
11 3.4184398434948675
12 2.131833609443627
13 0.8896478866108991
14 5.447495328316094
15 0.9719385656515029
16 7.516970978119682
17 4.792882663834144
18 4.086974403121145
19 2.52057883808272
20 2.8680056963503153
21 5.616019384892085
22 4.486023975305842
23 3.705768058878509
24 5.05873132189052
25 2.2865619180894314
26 6.109001128032828
27 6.033261691095154
28 4.723713784384035
29 3.9884836810238995
30 3.7280442674234835
31 1.693267071931499
32 3.0307710861969204
33 2.6424996732023533
34 2.076932516183481
35 0.9229277047902036
36 2.9628146349290656
37 3.702666930426028
38 2.4440310043550606
39 4.104433414889115
40 3.136803136848891
41 2.6602080901544176
42 3.8159828586291806
43 -0.16338644207432604
44 3.974315590756231
45 2.0162181721744292
46 0.8929209173856693
47 2.021298050018143
48 0.9214857534478391
49 3.143946316997302
50 2.4381238398967
51 4.365934593521889
52 4.912126169750634
53 3.1115628799803905
54 3.3456120229293385
55 4.901941838525417
56 1.1986786414593067
57 5.583302678459203
58 4.918545093129917
59 0.8949438997712518
60 3.3755551269747928
61 0.8919975885803166
62 0.8936044730952695
63 0.9200157857279629
64 0.9541761390156365
65 1.9453443507952504
66 1.957846719266795
67 1.8937211052133271
68 0.888893769152433
69 2.316055809102034
70 2.3245033475983417
71 2.176672587712784
72 0.9395032924688
73 0.8937239046369515
74 2.274589660293844
75 2.2893700028748762
76 5.571811205781134
77 0.9820958965553177
78 0.9720876099983611
79 1.786952237904321
80 2.456861211509839
81 1.191625550029735
82 0.894820891185727
83 2.1988106037583512
84 2.9460334975055646
85 1.9360304599208056
86 1.4398373109600207
87 0.9381926543351018
88 1.3887509725108276
89 3.19733429220942
90 2.017125322375263
91 2.976351099363338
92 0.889056738678913
93 2.355143906017338
94 2.3147399437363325
95 1.8456025157550067
96 0.2662683958268507
97 4.448009593658977
98 4.253855254092904
99 0.9321801067051818
100 1.6262735267966157
101 1.3544673199744086
102 2.0504846206368903
103 0.9317585745014569
104 3.186820916066115
105 3.0292090935578457
106 0.9434731170488336
107 2.500789549901263
108 0.8980211159696115
109 2.130218317913201
110 3.155030727161719
111 2.0669182667560264
112 0.8856793892297828
113 0.9001374120179223
114 0.946928234944345
115 1.700153211652438
116 3.7547717013541204
117 4.44309660108644
118 3.286707403213486
119 1.3127158901427756
120 -0.17328491483843483
121 0.8861882766841074
122 1.2539811314815799
123 2.2824038933145325
124 0.752863832147286
125 -0.0871679116770592
126 1.3179194534983563
127 0.946457475648337
128 2.9056361586386474
129 1.5409630548990012
130 1.4647374735654277
131 1.5970251042621653
132 0.7878045582359404
133 9.309330180986052
134 1.2687016682304817
135 2.2204613530541137
136 0.8978277606446459
137 2.2711625709830643
138 1.240802214881035
139 1.0252379981998847
140 2.3557089674594227
141 1.2814078638393214
142 3.749370426412032
143 2.7162382360095805
144 0.8883481438212394
145 2.5980277836030354
146 2.5024374988851372
147 1.7513957178618158
148 0.9429447533345116
149 2.524027354487626
150 0.8896115131941884
151 0.8856793892297828
152 0.7878045582359404
153 2.4440310043550606
154 -0.16338644207432604
155 1.3887509725108276
156 0.9541761390156365
157 4.901941838525417
158 0.888893769152433
159 0.889056738678913
160 1.8937211052133271
161 0.8937239046369515
162 -0.17328491483843483
163 0.752863832147286
164 1.2687016682304817
165 0.9214857534478391
166 2.355143906017338
167 1.8456025157550067
168 0.8978277606446459
169 0.8883481438212394
170 2.130218317913201
171 0.9001374120179223
172 1.700153211652438
173 0.8861882766841074
174 -0.0871679116770592
175 0.946457475648337
176 1.5970251042621653
177 1.6262735267966157
178 1.0252379981998847
179 2.5980277836030354
180 1.7513957178618158
181 0.9350159883651155
182 0.9381520723375092
183 3.3112071285707
184 0.8883805867594947
185 0.880292239291314
186 0.4640887203127731
187 1.6815091105467153
188 0.9051639038552725
189 0.9560509992162929
190 0.9386271294359189
191 0.9090148954066692
192 3.0275438135483737
193 0.031855796411097245
194 0.832144708865462
195 2.4002741987970815
196 0.9120914213575042
197 0.9267903100708432
198 0.8845417123798559
199 0.9267903100708432
200 0.757922234870881
201 0.1857208704364066
202 0.9093541347080081
203 1.5393536142690385
204 0.31024007251245833
205 3.583021741102517
206 0.16403233053651833
207 3.531681351894877
208 5.305078075970233
209 0.9406185190759563
210 1.2184125605390577
211 0.9375308876659412
212 0.12147034637100015
213 0.9249405890099504
214 2.2846261656473312
215 1.7998084637746683
216 2.5269556431858993
217 -0.15579235822459342
218 0.8984666061983336
219 -0.20034465471501836
220 -0.16603663558067083
221 0.7901443195491459
222 0.382538145038873
223 0.4280019459560957
224 2.237788081577749
225 0.20127844478879323
226 0.06146467827186389
227 -0.19546888531973639
228 -0.033515023739790636
229 0.5129366630713391
230 2.729251460625942
231 0.927947645705083
232 0.5680173408853549
233 0.29040047418679493
234 0.7767971435264699
235 0.4179434702137563
236 0.2940032715949823
237 0.9296853757949467
238 0.5160972492107249
239 0.9026286631420215
240 0.9375251640600661
241 1.6029531689880756
242 0.9462767281820383
243 2.260210598937337
244 2.6556686444789896
245 1.1951316199785686
246 0.9458813107915421
247 -0.1436746530542522
248 2.3810811042355344
249 0.433289331154753
250 0.16389618417310098
251 0.9419583029889648
252 0.8896253578677235
253 0.10733604908321809
254 0.8938140733357747
255 1.0344392629396457
256 1.3036377733111792
257 1.0880220937676293
258 0.9840545217904635
259 1.073126296483823
260 1.7448100641623074
261 0.9401096901889343
262 0.9796182003291823
263 0.9432415322935211
264 2.2396114555712736
265 0.7080227488723747
266 0.9464819444910025
267 0.5639574324734311
268 2.0996228923890805
269 0.1159130357271532
270 0.1313231958038265
271 -0.05921857879363962
272 2.4504273590661025
273 -0.1618480947624934
274 0.19819494002868498
275 -0.1788910187673569
276 -0.12584309534299695
277 0.9021217025639604
278 0.7373072819066369
279 3.018987637057662
280 0.8944065181302853
281 0.9113945840504334
282 0.8103391015240645
283 0.9024094046067663
284 0.9659279929288543
285 0.7849981037516629
286 0.9000077113691808
287 0.707180362360373
288 0.16308141972559362
289 0.8679520112281202
290 0.9476879508171846
291 0.835254062154732
292 1.8492109633613205
293 0.2997059989463736
294 0.9335682052293929
295 0.4823088135945093
296 0.16519305982410912
297 0.9423431970129437
298 1.2854911839243068
299 0.9064234300568024
300 0.8828034372341111
301 0.8856793892297828
302 0.5160972492107249
303 0.9090148954066692
304 -0.16338644207432604
305 0.16308141972559362
306 -0.16603663558067083
307 0.16519305982410912
308 0.888893769152433
309 0.889056738678913
310 -0.20034465471501836
311 0.06146467827186389
312 -0.19546888531973639
313 0.5129366630713391
314 0.29040047418679493
315 0.9026286631420215
316 0.8938140733357747
317 -0.1436746530542522
318 0.433289331154753
319 0.10733604908321809
320 0.1313231958038265
321 0.7767971435264699
322 -0.12584309534299695
323 -0.05921857879363962
324 -0.1788910187673569
325 0.9000077113691808
326 0.9024094046067663
327 0.707180362360373
328 0.8103391015240645
329 0.2940032715949823
330 0.9064234300568024
331 0.4907987460601112
332 1.1823142935441897
333 0.3447727534474557
334 1.1290141272661507
335 -0.021722959666270025
336 0.9067286614181171
337 0.44009503254624655
338 0.1221689732541513
339 0.9342575146387788
340 0.3078681789279627
341 2.2715286083088153
342 0.9687470809012574
343 -0.1368301615967619
344 -0.20031788522832206
345 -0.14524285785953014
346 -0.18324382204847128
347 -0.06526428278807128
348 -0.1346272556247052
349 -0.1927604556588973
350 2.0963716751249657
351 0.18130820254668398
352 0.5434756542980933
353 -0.16603663558067083
354 0.35132263059688346
355 -0.040107037377867305
356 0.20629658228541184
357 -0.1873134514395987
358 1.7898421315059103
359 0.8895688405992171
360 0.9413946223464751
361 1.3280585045227096
362 2.76432307878705
363 0.9187391082837356
364 -0.14153267885765647
365 1.2726879635787975
366 0.8861598833512133
367 0.8477110552735259
368 0.413653510566921
369 -0.007092057576007713
370 1.0276264333477256
371 -0.1999012081310259
372 0.05527628658142392
373 -0.1999012081310259
374 1.1081472975286288
375 -0.13839807432871015
376 -0.08713151789922169
377 -0.11818349363851288
378 -0.1974727242151879
379 0.8860451866711381
380 0.12654640234752884
381 -0.1515125027769722
382 0.4512789218682625
383 0.2045444809591893
384 -0.17584687399745189
385 0.8827692187018482
386 0.5751723533412222
387 -0.14009809086054031
388 0.9311612726374896
389 -0.1880153094349606
390 0.9455897041769759
391 0.04399406487503886
392 0.32204521202521275
393 -0.008216457610526764
394 0.9438151753055104
395 -0.06770369426145259
396 -0.14727842121622703
397 0.8943277979413747
398 0.8882727204075966
399 0.20570802059401233
400 0.6827053270825262
401 0.933133851460058
402 0.9414294303912989
403 0.3326281890803659
404 0.14712142754055763
405 -0.19405760287019097
406 -0.143045597934739
407 0.7804368023206906
408 0.02497288550786808
409 0.09878267882958404
410 0.6053969941965954
411 0.08549020975121713
412 -0.07525968176616679
413 0.7182487562265668
414 0.7818956807726148
415 -0.11892028061884041
416 0.38796893250231196
417 -0.03826567012837451
418 -0.15769262304518417
419 0.19772668476597088
420 0.30541098356973334
421 0.9427662349441446
422 0.8916946994456996
423 -0.1661456368401901
424 0.26167856968074726
425 0.8379512699274484
426 0.9201153679137927
427 0.6964598456779547
428 -0.08294738996975734
429 0.23537027253493328
430 0.5559448121831536
431 0.23403497798547832
432 0.017644736624152613
433 0.3415538961370351
434 0.8038256614038188
435 0.27485458826941533
436 -0.17566049820858445
437 0.9475384621560365
438 2.571858356017071
439 0.0022416619253800424
440 -0.08089743874504746
441 0.19893791938623356
442 2.040930166551463
443 0.2668537339271801
444 -0.12229205487890682
445 0.1152493238203042
446 0.9190766590767837
447 0.8711387332671594
448 -0.17356646871308234
449 0.907508371626274
450 2.509816590568624
451 -0.12229205487890682
452 -0.15769262304518417
453 -0.143045597934739
454 -0.16338644207432604
455 -0.1927604556588973
456 -0.17584687399745189
457 -0.1873134514395987
458 0.02497288550786808
459 0.14712142754055763
460 -0.20034465471501836
461 -0.1999012081310259
462 -0.19546888531973639
463 -0.1974727242151879
464 0.2045444809591893
465 -0.1880153094349606
466 -0.008216457610526764
467 -0.1436746530542522
468 0.20570802059401233
469 -0.20031788522832206
470 -0.08089743874504746
471 0.05527628658142392
472 -0.12584309534299695
473 -0.08713151789922169
474 -0.1788910187673569
475 0.23537027253493328
476 0.12654640234752884
477 0.27485458826941533
478 0.0022416619253800424
479 0.1152493238203042
480 0.8711387332671594
481 -0.14909659393610766
482 -0.1429906197793801
483 -0.0048593632493481725
484 1.9378609536971025
485 0.5428767178960955
486 -0.013071695563713126
487 -0.18590745113000715
488 0.7512647789249718
489 0.5315732574328677
490 -0.14298578493494746
491 0.6031040559303311
492 -0.19047871369728978
493 -0.18659714512472056
494 -0.036011876090133454
495 -0.043126105458860475
496 -0.08221426679425309
497 0.33789160807446317
498 0.16326431627322935
499 -0.05628906665170835
500 -0.1753241680475221
501 -0.19515472883147128
502 -0.19946623968275481
503 0.9247030026402945
504 0.4372093108876862
505 0.028435277653824934
506 -0.18726770239218837
507 -0.0452496007435924
508 2.0502843561015007
509 -0.16251360338554274
510 -0.18176506471647197
511 0.07801615996409125
512 2.4271346014370536
513 0.18161970886485604
514 -0.19173743072216606
515 0.9383579891616978
516 2.368809467810685
517 -0.17886033662809686
518 0.5344906400731565
519 -0.1919989104161443
520 -0.18898068932444861
521 -0.19994305381323602
522 -0.13450075279632942
523 0.2502740925708799
524 0.9328675110853092
525 -0.19490622903002872
526 -0.18965753497394755
527 0.40976569644967153
528 0.9450612358949715
529 0.1713258970559704
530 0.391561378783613
531 0.9455865311394183
532 -0.19163167753336088
533 -0.10345270761026776
534 0.4403620719050569
535 -0.05669276444118665
536 0.8967152550831254
537 0.007727209553519493
538 -0.13501178056855676
539 -0.1947612875911181
540 0.9474016849761558
541 -0.1194344712421736
542 0.28878537399503884
543 0.07764591645817595
544 0.893872128402585
545 0.329037662274331
546 -0.015662671306355846
547 0.9471889056516598
548 0.6556391421221541
549 0.027874140858305974
550 0.6630310148825121
551 0.03522846935784629
552 0.9094246532360323
553 0.6997489999003131
554 0.07268662740688758
555 -0.18724253218442327
556 1.3050130677716547
557 0.31517430638711197
558 0.2945355318379449
559 -0.13547843191358377
560 2.4587511578765797
561 -0.1995898642102402
562 -0.12579325508333952
563 -0.1733068771012744
564 0.8927017914682744
565 -0.08921137827324505
566 0.309011110343967
567 -0.12891023206794017
568 0.6256302396356587
569 0.5119803176824794
570 0.1366212543479864
571 -0.1932582813883013
572 2.230628185279419
573 -0.18570865581265705
574 0.005479004395968906
575 -0.2004619881816112
576 -0.19462891952370417
577 -0.17882953688811587
578 -0.16037257303305985
579 0.021849854923498654
580 1.2679765006403294
581 0.3585491022006664
582 -0.043365601957633726
583 0.6498436059706321
584 0.10890041489215285
585 0.18577129075448212
586 -0.1850083441845756
587 -0.18828935284674073
588 1.9206978158482972
589 0.6485867582419316
590 0.505996893046035
591 -0.18656034275088415
592 0.8839235860554614
593 0.35677905052258624
594 -0.1774151272878316
595 0.3879902717307851
596 2.309834438658718
597 0.8299530197160174
598 -0.20027978659588688
599 0.741201397413156
600 2.403315882212724
601 -0.19462891952370417
602 -0.19173743072216606
603 -0.143045597934739
604 -0.18659714512472056
605 -0.20027978659588688
606 -0.19515472883147128
607 -0.1873134514395987
608 -0.16251360338554274
609 -0.19163167753336088
610 -0.20034465471501836
611 -0.19994305381323602
612 -0.19546888531973639
613 -0.1974727242151879
614 -0.1774151272878316
615 -0.1947612875911181
616 -0.1753241680475221
617 -0.1436746530542522
618 0.027874140858305974
619 -0.20031788522832206
620 -0.13547843191358377
621 -0.1995898642102402
622 -0.12891023206794017
623 -0.1932582813883013
624 -0.2004619881816112
625 -0.17882953688811587
626 0.12654640234752884
627 -0.18828935284674073
628 -0.18656034275088415
629 0.1152493238203042
630 0.741201397413156
631 -0.08674490067383883
632 0.3407069831235595
633 0.9406859413932436
634 0.8849026117619816
635 0.44744996188179076
636 0.3915561238768446
637 -0.19173743072216606
638 0.8831723279334587
639 -0.015479529812309309
640 -0.018692409369992988
641 0.05358302660132947
642 -0.20043722667118358
643 0.6596713783378616
644 0.6185850075424932
645 -0.14312271073192506
646 0.9799857903716014
647 -0.1991168208813655
648 -0.1498758251406616
649 -0.16327810672232926
650 0.5208774530075299
651 0.4103026226870648
652 -0.1964005776397048
653 -0.1387839891246048
654 2.3681914583631496
655 0.620853908814191
656 -0.19814783371242273
657 0.11759218145380237
658 1.426159484687458
659 -0.04257802914526021
660 -0.1834615579727065
661 0.2792183539323888
662 -0.1696409648892227
663 -0.17996369406527696
664 0.040099095256607556
665 0.0725177053745211
666 0.8956710924500064
667 0.01027163798981054
668 -0.18686578911289195
669 -0.15174870220979253
670 1.659427693398976
671 0.45558469102235816
672 0.401571853940937
673 0.8262083436848457
674 -0.1980218261337991
675 -0.18949293517118837
676 -0.15118496740952175
677 0.6135485413076645
678 0.8961055487922014
679 0.5340687173637881
680 -0.1268958230337197
681 -0.16574337845719245
682 2.5173302986430177
683 -0.16178014866817392
684 -0.09200985824612828
685 -0.18177989984817605
686 -0.18993846929994596
687 0.10597801457085596
688 0.3153874450828831
689 -0.1947612875911181
690 0.013921742938377335
691 0.4946847995206211
692 0.1596401687300246
693 -0.17103419326172442
694 2.2011769883982697
695 -0.1674942200080283
696 -0.1971020303419355
697 -0.19308784593580874
698 1.6276206236930042
699 -0.16642182666301028
700 0.33483368360259824
701 -0.19514465766084532
702 -0.13010330493127503
703 -0.10840737649265164
704 0.12460681219509412
705 0.12968573774373002
706 -0.19418821785776602
707 -0.022518021677890965
708 -0.1956219224397709
709 -0.1696409648892227
710 2.192183529890472
711 0.47475897931596633
712 0.681146368589636
713 -0.03019349156118288
714 2.333835640005198
715 0.46625089059210034
716 -0.16067447201421844
717 0.5168440304884464
718 0.8829410656368792
719 0.006161762777344454
720 0.08331144476882003
721 -0.13840316240725273
722 1.56653079840749
723 -0.18163517095188056
724 0.09418804846776793
725 -0.016996503987595446
726 2.260268286277529
727 0.42387618634660357
728 0.40590842033791913
729 -0.04801088416031857
730 -0.12100273342893253
731 0.22491707779828823
732 -0.19265732293046767
733 -0.07868357541174711
734 2.1365425875874857
735 -0.15043149207643478
736 0.016247406886007704
737 -0.16806234347583104
738 -0.18970523972908201
739 0.17601069692409604
740 -0.20016654040766543
741 0.20645037959995902
742 0.5931769069774996
743 0.6698749005844525
744 -0.1015430504897612
745 0.24119567720374507
746 1.665807416473229
747 0.30570266950707203
748 -0.18547024191778883
749 0.32818285793628854
750 2.289457458258015
751 -0.19462891952370417
752 -0.19173743072216606
753 -0.143045597934739
754 -0.18659714512472056
755 -0.20027978659588688
756 -0.19515472883147128
757 -0.1873134514395987
758 -0.1980218261337991
759 -0.1971020303419355
760 -0.20034465471501836
761 -0.19994305381323602
762 -0.19546888531973639
763 -0.1974727242151879
764 -0.18177989984817605
765 -0.1947612875911181
766 -0.19814783371242273
767 -0.19308784593580874
768 -0.19514465766084532
769 -0.20031788522832206
770 -0.1696409648892227
771 -0.1995898642102402
772 -0.20016654040766543
773 -0.1932582813883013
774 -0.2004619881816112
775 -0.20043722667118358
776 -0.1964005776397048
777 -0.18828935284674073
778 -0.19418821785776602
779 -0.16067447201421844
780 0.30570266950707203
781 0.3363882048131725
782 0.6999717662809233
783 0.9456528302733611
784 0.8835491283138545
785 -0.20013683916542466
786 -0.1677431851646968
787 -0.1861940967721225
788 -0.1537332809734812
789 -0.0046421865140489765
790 -0.1999552833583434
791 -0.143045597934739
792 2.2225373833455677
793 -0.17095510481402904
794 -0.11668524265735769
795 0.5626116704372203
796 2.0167133694453625
797 -0.153077055770735
798 0.21919275921950032
799 -0.1777548307167986
800 0.07296956097185062
801 -0.02980284156279829
802 -0.012051769141993601
803 -0.12534599648646072
804 0.004550902444550697
805 0.6470879438438257
806 0.3993948276388521
807 -0.18302339121076439
808 2.107273071129175
809 -0.2004490051403452
810 -0.17854517462277872
811 0.5049996591907933
812 0.7530305085998474
813 -0.19191491896572319
814 -0.1336109157227687
815 0.9433552373695906
816 0.7928441399570187
817 -0.01444273870968299
818 0.31921260067302193
819 -0.18990185683849037
820 2.503524167819199
821 -0.07829961588444448
822 -0.16991797222095265
823 0.6817425329967572
824 0.9341955651060763
825 -0.05167618805818
826 -0.1992719835102894
827 0.12348315640814483
828 1.0862330054666307
829 -0.19636485496837577
830 -0.15105956284133565
831 0.6423789077272866
832 0.8995530172062608
833 -0.060187440828218974
834 0.5310423559780398
835 -0.1847120637106163
836 0.9421521816330718
837 0.6147045164013782
838 0.002697053270920402
839 0.9112494000891512
840 0.8345331113587122
841 0.04594496437736889
842 0.3153637718603406
843 0.1942375786214017
844 2.492198885364737
845 -0.0668594723522391
846 -0.07373039125937048
847 -0.13190024937213046
848 0.12795749187770905
849 -0.1568093754438284
850 -0.14718261507694996
851 0.054320708829025566
852 1.4546286137385473
853 0.05292261573321223
854 0.44622487494747365
855 -0.18841120494241373
856 -0.10534913144636021
857 0.036417534297536275
858 -0.03679835394394329
859 0.17597538805746055
860 -0.12365910330036609
861 -0.1172289587453122
862 0.11342061002043417
863 0.9016980090930309
864 -0.0897650247322635
865 -0.12512955048062127
866 -0.16796725104199597
867 0.5893431236628041
868 0.38178221131339524
869 -0.1764407338578783
870 -0.15898628424030545
871 -0.1758388287732683
872 -0.19111539500545796
873 0.037171057953179654
874 -0.10310525739904947
875 0.9477443780146242
876 0.9426024605643293
877 -0.19553832660797593
878 -0.19841693265982951
879 -0.17568571062093186
880 2.252055867345441
881 -0.06745278702653906
882 -0.11427016174492632
883 0.48077808821714574
884 1.1696842087933512
885 0.02651401707318679
886 -0.18560332468525484
887 -0.17704404665277526
888 -0.17458921886337433
889 0.29649859928097044
890 -0.1643717291365973
891 -0.12308097355938874
892 0.8879656978671245
893 -0.17473320281474905
894 -0.1976930945358997
895 -0.12653178409705076
896 1.2259872217241063
897 -0.20000832384514913
898 -0.1606999635436776
899 -0.16029089587161105
900 2.5466929475320215
901 -0.19462891952370417
902 -0.20013683916542466
903 -0.143045597934739
904 -0.18659714512472056
905 -0.20027978659588688
906 -0.19515472883147128
907 -0.1873134514395987
908 -0.2004490051403452
909 -0.1971020303419355
910 -0.20034465471501836
911 -0.19994305381323602
912 -0.19546888531973639
913 -0.1992719835102894
914 -0.1847120637106163
915 -0.1976930945358997
916 -0.19814783371242273
917 -0.19308784593580874
918 -0.19841693265982951
919 -0.20031788522832206
920 -0.1696409648892227
921 -0.1995898642102402
922 -0.20016654040766543
923 -0.1932582813883013
924 -0.2004619881816112
925 -0.20043722667118358
926 -0.1964005776397048
927 -0.18828935284674073
928 -0.19418821785776602
929 -0.17854517462277872
930 -0.20000832384514913
931 0.7100748526994716
932 0.2716809773951515
933 0.6383229896776275
934 -0.1958598934865982
935 -0.19986211483177377
936 -0.09649216952715811
937 -0.015138868400734959
938 2.4867035260368575
939 0.47058358128704236
940 -0.19678752414103334
941 -0.16890989515462562
942 0.17004174096850605
943 -0.1036917625627273
944 -0.04258173514318081
945 -0.14589572924449373
946 -0.20040984828169356
947 -0.1322212340597862
948 -0.17708240030602462
949 0.4549375367781535
950 1.658512739572985
951 -0.04991317032427031
952 -0.15550283081617108
953 -0.14170917302234928
954 1.104550942638955
955 -0.16005549507416725
956 -0.19486085918120966
957 -0.19810640053159861
958 0.4353841783616133
959 -0.19619981227198374
960 -0.18348287420492043
961 -0.2004490051403452
962 1.6365140533450362
963 0.1205134040200821
964 0.21074041275324573
965 -0.19657904226302425
966 -0.08519834444332969
967 -0.19996723412420686
968 -0.1944796424623933
969 -0.19491451467295753
970 1.5693029378902046
971 -0.14321308270261635
972 0.27697803597463394
973 -0.07916325234789823
974 -0.19850705006759672
975 -0.1951584443799113
976 -0.20043875523118634
977 -0.1313927918964365
978 0.9384646746633131
979 -0.12877369548468764
980 -0.18550235542714086
981 -0.19664210278141162
982 -0.19892455417473054
983 -0.1959580136636725
984 0.32782153049964186
985 -0.20041256526514992
986 -0.13280742333847928
987 0.17092618426499562
988 0.665158003711735
989 0.8989181516596729
990 2.3800880298324354
991 -0.10756116036241833
992 0.5397020689553317
993 -0.1873740344832554
994 0.7741658630029807
995 -0.1984892529621382
996 0.056142166034989616
997 -0.19137311792648398
998 2.178288158851024
999 0.4176168671715436
1000 -0.18593050434093533
1001 -0.18654892756404426
1002 0.15390859377665803
1003 0.08999165068432803
1004 -0.19745989582741108
1005 -0.03660399530102376
1006 0.879300186194006
1007 -0.19524708283437103
1008 -0.08338651591053128
1009 -0.19524708283437103
1010 0.18213642117524803
1011 -0.18418763244481984
1012 -0.17224553409632073
1013 -0.053651811511569114
1014 0.905817180758823
1015 -0.1912756738696026
1016 -0.20028730120204258
1017 -0.08237700158899028
1018 1.2610651005447746
1019 -0.10929850058088564
1020 -0.17448886954803483
1021 -0.14473529316362602
1022 0.9408276304018006
1023 0.8031428528338235
1024 0.6939404032286319
1025 0.27167376675766075
1026 0.8949356718957076
1027 -0.1303771871731977
1028 0.5533041545404038
1029 -0.19660087376170832
1030 -0.19849049433354604
1031 0.261284053914617
1032 0.024116244776723306
1033 -0.03932064882924102
1034 0.2678740386593632
1035 -0.17989537395254937
1036 -0.19962044744238755
1037 -0.19641412006602071
1038 1.4198210284372201
1039 0.03768872660460121
1040 -0.1776127110835612
1041 -0.15167871006438446
1042 1.6464570538025127
1043 -0.19818077504410436
1044 -0.19381967760974028
1045 -0.19896235864721742
1046 -0.06235046757332047
1047 -0.18635059692423328
1048 -0.1994611247172628
1049 -0.1610230183217559
1050 1.9763763579100493
1051 -0.19462891952370417
1052 -0.20013683916542466
1053 -0.18593050434093533
1054 -0.19849049433354604
1055 -0.20027978659588688
1056 -0.19745989582741108
1057 -0.19810640053159861
1058 -0.2004490051403452
1059 -0.20028730120204258
1060 -0.20034465471501836
1061 -0.19994305381323602
1062 -0.19546888531973639
1063 -0.1992719835102894
1064 -0.20041256526514992
1065 -0.20040984828169356
1066 -0.19850705006759672
1067 -0.1984892529621382
1068 -0.1994611247172628
1069 -0.20031788522832206
1070 -0.19524708283437103
1071 -0.1995898642102402
1072 -0.20016654040766543
1073 -0.1932582813883013
1074 -0.2004619881816112
1075 -0.20043722667118358
1076 -0.19678752414103334
1077 -0.19641412006602071
1078 -0.19962044744238755
1079 -0.19896235864721742
1080 -0.20000832384514913
1081 -0.19845553397426405
1082 -0.17692529666019144
1083 0.5317073922325799
1084 1.878784793759123
1085 -0.18375417052922108
1086 -0.13733089595061967
1087 -0.19555165744884437
1088 0.0006644511149516141
1089 -0.19095827797303916
1090 -0.172256210568396
1091 -0.19178993260933444
1092 2.0827062073168574
1093 -0.18212661316501033
1094 -0.20035724463046795
1095 -0.045638013686284395
1096 2.3321153677591626
1097 -0.18964879973197807
1098 -0.20042114421311366
1099 -0.16135473048907717
1100 0.9443990189807134
1101 -0.1270224267940373
1102 -0.1807608608307475
1103 0.10102001984199852
1104 -0.006851501836198148
1105 0.09483885125061083
1106 -0.1190350716312017
1107 0.3509422543821329
1108 0.8313365066766815
1109 0.3161887860119653
1110 0.5697202114351373
1111 -0.19495890376382796
1112 -0.18843114080339962
1113 0.28782903924078074
1114 0.22591016445918893
1115 -0.20043110794028166
1116 0.1143992106835321
1117 -0.20046420443453664
1118 -0.1996488502283383
1119 -0.18258763642963668
1120 2.2153873905656005
1121 -0.15918731248366022
1122 -0.15542579875334733
1123 -0.13218366179388413
1124 0.3372494953714541
1125 -0.19814841556490967
1126 0.47217190291296135
1127 -0.19303523823584423
1128 0.009605868426858344
1129 0.32803398394505767
1130 -0.18447209352405974
1131 0.14822873606988934
1132 1.4645107370972155
1133 0.4207145870214682
1134 -0.19761043461425096
1135 -0.19561480245406898
1136 0.9277256426953795
1137 -0.05626245169605423
1138 -0.18883503144450925
1139 -0.19929217041286357
1140 0.945676379057906
1141 -0.07878149738431162
1142 0.07086679089095593
1143 -0.11006349339026639
1144 0.16684665678135738
1145 -0.2004528247998183
1146 -0.16915533673246458
1147 -0.1833698487851717
1148 2.2062327900346124
1149 -0.17687866742818054
1150 -0.17845852780162186
1151 -0.20025074876179214
1152 0.24440569001709822
1153 -0.1518225395665956
1154 -0.057736396788747146
1155 -0.1884784058548587
1156 1.7640350658616952
1157 -0.18853713611206943
1158 0.4373076426461203
1159 -0.16851565923201786
1160 -0.1529617070771234
1161 -0.19167766994307756
1162 -0.19840399740432063
1163 0.240337058384506
1164 0.5523375006215389
1165 -0.024045140465082382
1166 0.29350984893523335
1167 -0.200165491203902
1168 -0.006121760827120404
1169 -0.11170726302323378
1170 -0.16923263404057548
1171 -0.19658910744590175
1172 -0.19509666317128582
1173 -0.18474100259660658
1174 0.6989715310871562
1175 -0.19911931627806287
1176 -0.18533082411170324
1177 0.0718088071911542
1178 -0.19601599708945172
1179 -0.19997473016463663
1180 0.836569487882533
1181 -0.1964326398293682
1182 -0.19981239516535515
1183 -0.19979630588724293
1184 2.1073288426075054
1185 -0.1878156574306028
1186 -0.200461166987951
1187 -0.1574083600414402
1188 0.1641079969782546
1189 -0.19846868044976976
1190 -0.026986792727758155
1191 -0.006380663355411875
1192 0.9121657647651547
1193 0.010549823905665862
1194 -0.17919566799097614
1195 -0.20032293718559943
1196 2.4948606651849095
1197 -0.025628686540784873
1198 -0.19966527605899329
1199 0.3046298948417709
1200 -0.0076842841650208715
1201 -0.19845553397426405
1202 -0.20013683916542466
1203 -0.19178993260933444
1204 -0.19849049433354604
1205 -0.20027978659588688
1206 -0.20042114421311366
1207 -0.19810640053159861
1208 -0.2004490051403452
1209 -0.20043110794028166
1210 -0.20046420443453664
1211 -0.19994305381323602
1212 -0.19814841556490967
1213 -0.1992719835102894
1214 -0.20041256526514992
1215 -0.20040984828169356
1216 -0.19850705006759672
1217 -0.2004528247998183
1218 -0.20025074876179214
1219 -0.20031788522832206
1220 -0.19524708283437103
1221 -0.1995898642102402
1222 -0.20016654040766543
1223 -0.19658910744590175
1224 -0.2004619881816112
1225 -0.20043722667118358
1226 -0.19979630588724293
1227 -0.19641412006602071
1228 -0.19962044744238755
1229 -0.200461166987951
1230 -0.20000832384514913
1231 -0.12448859108626689
1232 0.6770181149174116
1233 -0.1346628603499951
1234 2.067378412475104
1235 -0.1769804802611865
1236 0.310059233932644
1237 0.15267215005373705
1238 0.7132213849606158
1239 0.32228575056621767
1240 -0.20014609618317972
1241 -0.1853965011293306
1242 -0.1406253726785084
1243 -0.19677019478165264
1244 -0.200094129367553
1245 -0.1998617267753768
1246 -0.052000611358669374
1247 0.6324615938778537
1248 0.06478460580494041
1249 -0.20028458928632695
1250 0.30000339739489135
1251 0.27064245409882304
1252 0.5899119778598624
1253 0.9271747176772669
1254 0.9003398665401368
1255 -0.186560609576868
1256 0.5329908486518289
1257 -0.17392324398867726
1258 0.6570011748109532
1259 -0.19889099297723553
1260 -0.13283242620613653
1261 0.3710002091771352
1262 0.2788001860180903
1263 0.5673922083942697
1264 0.1565147602190004
1265 0.846334373452958
1266 1.1954025058547808
1267 -0.19955979752863784
1268 -0.18709377609649885
1269 -0.1412747035289948
1270 0.06470497111808801
1271 0.08226398159708012
1272 -0.07838933192627676
1273 0.26241130743229923
1274 0.9233419047024892
1275 0.26369532153099984
1276 -0.1970182071470316
1277 -0.1725921435618371
1278 2.40157130236579
1279 -0.20043865918749984
1280 -0.19217500237091242
1281 -0.1492261396361836
1282 0.9230472350726742
1283 0.32186356547160333
1284 -0.19142550250376342
1285 -0.09774340391548131
1286 1.255861438287357
1287 -0.043260371945962564
1288 0.4025398061943994
1289 -0.17482995808983784
1290 0.889655181559602
1291 -0.15237901892322797
1292 -0.2003724915999889
1293 -0.12373409135313612
1294 2.3696708397096016
1295 -0.06415074863617054
1296 0.5583789414609442
1297 -0.2003092230932303
1298 -0.19691041231999284
1299 -0.19965493945715873
1300 -0.19786966644329812
1301 0.8778769468734755
1302 2.1111706419640996
1303 0.6721746319489253
1304 0.0026492898646727214
1305 -0.20031788522832206
1306 2.4989569595906436
1307 -0.13806968812620873
1308 -0.13367940345630225
1309 -0.19416394453816926
1310 -0.18037322968781253
1311 -0.16333569433168668
1312 -0.13646987796752133
1313 -0.1995898642102402
1314 0.7589237303886192
1315 0.6712908419269593
1316 0.03936261778451633
1317 -0.05756329304574173
1318 0.9016284525791294
1319 -0.18703138451281884
1320 0.14373964977234033
1321 0.7800593522824463
1322 2.210549620501039
1323 -0.19838618520553727
1324 -0.1715888696999373
1325 0.19903412909669832
1326 -0.17860403825520413
1327 0.16082346814128173
1328 0.32776641653707406
1329 -0.16861174015620678
1330 1.4956134847417317
1331 -0.15546906744579542
1332 -0.19277467190199374
1333 -0.12715824727055167
1334 -0.20008377405814892
1335 -0.07331932560444782
1336 -0.19049315167485384
1337 0.25882826483002447
1338 -0.19933511949754606
1339 -0.19687837535287367
1340 -0.1751396295043261
1341 -0.10244200354233762
1342 2.3827755582489694
1343 -0.1585424737980136
1344 0.5541257352429433
1345 0.7973899346558331
1346 0.7855711952780222
1347 0.7010565741343234
1348 0.20098313330703216
1349 -0.20015413758229803
1350 0.9019988692696868
1351 -0.19845553397426405
1352 -0.20013683916542466
1353 -0.19178993260933444
1354 -0.1998617267753768
1355 -0.20028458928632695
1356 -0.20042114421311366
1357 -0.19810640053159861
1358 -0.2004490051403452
1359 -0.20043110794028166
1360 -0.20046420443453664
1361 -0.19994305381323602
1362 -0.19814841556490967
1363 -0.20043865918749984
1364 -0.20041256526514992
1365 -0.20040984828169356
1366 -0.19850705006759672
1367 -0.2004528247998183
1368 -0.20025074876179214
1369 -0.20031788522832206
1370 -0.19524708283437103
1371 -0.1995898642102402
1372 -0.20016654040766543
1373 -0.2003724915999889
1374 -0.2004619881816112
1375 -0.20043722667118358
1376 -0.19979630588724293
1377 -0.19641412006602071
1378 -0.200094129367553
1379 -0.200461166987951
1380 -0.20015413758229803
1381 -0.20046460170513536
1382 -0.19749423774080588
1383 0.8502701973265757
1384 0.39641635801435343
1385 -0.15644174336803773
1386 0.3860825735083995
1387 -0.19709923348896868
1388 -0.09504639295760242
1389 0.2298918290716983
1390 -0.13819261518570347
1391 -0.19967292471369882
1392 0.9072452756140454
1393 -0.0017154278576630433
1394 -0.10189465521752505
1395 -0.1998617267753768
1396 1.6465097791578451
1397 0.6052146477296195
1398 0.20628888135698556
1399 -0.19878737919001366
1400 2.4147358556823377
1401 -0.1582511554836634
1402 0.6619884294130486
1403 -0.20045655175366728
1404 0.7896642307429141
1405 0.22672192459277588
1406 -0.03505967344707793
1407 -0.0023683408233851067
1408 0.3547467977742472
1409 -0.19930214802424046
1410 -0.19951426430749686
1411 0.9368334228323619
1412 2.5919042207041834
1413 -0.09224925029093001
1414 0.6181659069909664
1415 -0.16144218903057983
1416 -0.19315735011667962
1417 -0.0302593742304611
1418 0.4446046579720094
1419 0.5066177256084401
1420 2.1000032234048223
1421 -0.1987617507472602
1422 -0.009212024609319067
1423 -0.1775926051328889
1424 1.7093807944830886
1425 -0.19781338338131846
1426 -0.051348737447667575
1427 -0.18235334932606767
1428 2.0937528665666116
1429 0.07174055839532767
1430 -0.1907857492641463
1431 -0.08722955651798892
1432 1.8794618228078568
1433 -0.19726751483769167
1434 0.6979753202945409
1435 -0.18264718484039988
1436 -0.16795416343872926
1437 -0.152913896057921
1438 0.16256714891488666
1439 -0.19890937147337567
1440 -0.07508769235578922
1441 -0.19956298285803487
1442 -0.17800660347719183
1443 -0.1450916311021649
1444 0.9069664025466355
1445 0.28628800810089294
1446 -0.1996182938684038
1447 -0.19130222201059927
1448 0.37798415382236006
1449 -0.1897239736360921
1450 -0.18561939939778294
1451 -0.2004242429313775
1452 0.8864240606057855
1453 -0.20046471149927653
1454 -0.14671596285971594
1455 -0.19885238093868152
1456 -0.19971163538380138
1457 0.623413913001863
1458 -0.19485904656511874
1459 0.39495256943433676
1460 -0.19918595255880775
1461 -0.19960951731983675
1462 -0.20011288009477315
1463 -0.19960951731983675
1464 1.769733736407375
1465 0.40642662923415473
1466 -0.1650150912510014
1467 0.738555026941704
1468 1.6194159978249207
1469 -0.1932690791398924
1470 -0.07069089814765575
1471 -0.001170675982152869
1472 0.08157945122533192
1473 0.014217393279059465
1474 0.16271563657846122
1475 -0.19478578184209827
1476 -0.20044123996398053
1477 -0.0005493990010768945
1478 0.09546274523313311
1479 -0.08501193059025805
1480 0.48850978357714603
1481 0.653906221753632
1482 -0.18835172400301514
1483 -0.20014502570880105
1484 2.5897519965534683
1485 0.4086778256151856
1486 -0.17951705468667345
1487 0.6681823114202072
1488 2.4994165934184105
1489 0.028580746776603536
1490 -0.16515913300608795
1491 0.11000279272979915
1492 1.265181236618037
1493 -0.2004490345993775
1494 -0.07057545142742677
1495 -0.1938470491720911
1496 0.16012075626907463
1497 -0.1912274214859587
1498 -0.1774789017507372
1499 -0.20015413758229803
1500 2.23095703125714
1501 -0.20046460170513536
1502 -0.20013683916542466
1503 -0.19967292471369882
1504 -0.1998617267753768
1505 -0.20028458928632695
1506 -0.20045655175366728
1507 -0.19971163538380138
1508 -0.2004490051403452
1509 -0.20043110794028166
1510 -0.20046420443453664
1511 -0.20011288009477315
1512 -0.20044123996398053
1513 -0.20043865918749984
1514 -0.20041256526514992
1515 -0.20040984828169356
1516 -0.19956298285803487
1517 -0.2004528247998183
1518 -0.2004242429313775
1519 -0.20046471149927653
1520 -0.19524708283437103
1521 -0.19960951731983675
1522 -0.20016654040766543
1523 -0.2003724915999889
1524 -0.2004619881816112
1525 -0.20043722667118358
1526 -0.20014502570880105
1527 -0.19641412006602071
1528 -0.200094129367553
1529 -0.200461166987951
1530 -0.20015413758229803
1531 -0.19972829159309924
1532 0.1965597782216103
1533 -0.1728573059926662
1534 -0.11197373207492178
1535 0.005848272448650091
1536 0.1359238899257794
1537 -0.20013683916542466
1538 1.2118028267547591
1539 0.6940377649624118
1540 -0.15674440850658355
1541 -0.18744653228052088
1542 0.9161139662294323
1543 -0.17993827573832355
1544 -0.13119404250356886
1545 0.297400114352323
1546 0.83671945337774
1547 -0.13589029378314776
1548 0.15232079626302386
1549 0.5268983214896132
1550 0.8831599563221153
1551 -0.13223945035745313
1552 0.09560317442828228
1553 0.11334122811236269
1554 -0.2003961706628987
1555 -0.11277554519683108
1556 0.006572649085653234
1557 0.750692022376344
1558 -0.10405096772091926
1559 -0.180112702684345
1560 -0.14829551310790554
1561 -0.12504776853472427
1562 0.5674562666117603
1563 0.0435571397472827
1564 -0.17752854321138364
1565 0.10708972882362805
1566 2.2814125163931935
1567 0.26740154122327986
1568 -0.18828372894048284
1569 -0.19594727917510996
1570 0.07367964418877754
1571 -0.1640919929072033
1572 0.36503662724010877
1573 -0.18369711802109465
1574 2.1984336459807876
1575 -0.15063336497923538
1576 -0.20039517594305334
1577 -0.1796509662995659
1578 2.5043808722255174
1579 0.4351500484680759
1580 -0.006069805003014572
1581 -0.18955116684345757
1582 0.8311948853633842
1583 -0.14320896857946674
1584 -0.15651430898597007
1585 -0.20041256526514992
1586 -0.1975028671701411
1587 -0.12593609073624412
1588 -0.11052122188096092
1589 0.05430464595324913
1590 0.8872226218222079
1591 -0.1968708827178535
1592 -0.1986018163448239
1593 0.20614478221038113
1594 0.16785563479720714
1595 0.4382673016173117
1596 -0.15910096983036967
1597 -0.1939594078594163
1598 0.32612562626005304
1599 -0.2004004679826258
1600 0.357821465970682
1601 -0.1278928548161961
1602 0.8885483086643212
1603 -0.10464030167519
1604 0.09021125557595684
1605 -0.19048173672480154
1606 2.2414338195017156
1607 0.7010402934626546
1608 -0.15815258645333113
1609 -0.11346149551717088
1610 -0.010667346081336515
1611 0.07500258194966652
1612 -0.11246832684027253
1613 0.030313877844309542
1614 0.07011774119914693
1615 -0.15118469075122837
1616 -0.1858509884651255
1617 -0.11959103682084052
1618 -0.0656209203007872
1619 -0.20033976616722604
1620 0.009362572669371946
1621 0.23336722388727732
1622 0.8304057652096914
1623 -0.0707469415713331
1624 -0.14458627247911965
1625 0.9154651362562065
1626 1.124418891658488
1627 -0.19247531077626429
1628 -0.1738473723260018
1629 0.5798255855195911
1630 0.24726820273864375
1631 -0.18465958195463822
1632 0.3173699760172699
1633 0.10358815626045333
1634 -0.19281975439150117
1635 -0.012645251015249645
1636 -0.11063129468685143
1637 0.19258189635329975
1638 2.2116789087884277
1639 -0.09518556831169456
1640 -0.18102739902103557
1641 -0.19147550701969218
1642 -0.09977152181591314
1643 -0.08410783365049404
1644 -0.17975714235385037
1645 0.6063496314776966
1646 0.9261499450164821
1647 -0.19324652926420532
1648 0.20332321838744047
1649 -0.1379842298679394
1650 1.747025046552613
1651 -0.20046460170513536
1652 -0.20013683916542466
1653 -0.19967292471369882
1654 -0.1998617267753768
1655 -0.20028458928632695
1656 -0.20045655175366728
1657 -0.20039517594305334
1658 -0.2004490051403452
1659 -0.20043110794028166
1660 -0.20046420443453664
1661 -0.20011288009477315
1662 -0.20044123996398053
1663 -0.20043865918749984
1664 -0.20041256526514992
1665 -0.20040984828169356
1666 -0.19956298285803487
1667 -0.2004528247998183
1668 -0.2004242429313775
1669 -0.20046471149927653
1670 -0.19524708283437103
1671 -0.19960951731983675
1672 -0.20016654040766543
1673 -0.2003724915999889
1674 -0.2004619881816112
1675 -0.20043722667118358
1676 -0.20014502570880105
1677 -0.19641412006602071
1678 -0.200094129367553
1679 -0.200461166987951
1680 -0.20015413758229803
1681 0.09096332144362218
1682 -0.12970856848150358
1683 -0.17821913250043725
1684 2.444961731562029
1685 0.08100181852283551
1686 -0.18068329780509995
1687 -0.19567782319857005
1688 1.4038913471714143
1689 -0.0148095039252652
1690 -0.1187010565428695
1691 -0.1995593541971488
1692 -0.16242093298091775
1693 -0.1929479287024809
1694 -0.094453026938903
1695 -0.0018516256287317567
1696 1.5704925194669102
1697 0.0509279659954964
1698 0.28927185536389466
1699 -0.1991096338732555
1700 0.9317945375656629
1701 -0.019618841961218728
1702 0.01181620611082157
1703 -0.039611581781208605
1704 1.118717507461101
1705 -0.19985787126441742
1706 -0.14762489460876616
1707 -0.1678815827344171
1708 0.9080510716658642
1709 -0.033122071283545496
1710 -0.18469397957031033
1711 0.1833966424050519
1712 -0.19924441078353028
1713 -0.1991901717952329
1714 0.7011272732801173
1715 -0.19201485704052856
1716 2.2619453673225314
1717 -0.15281459254901078
1718 -0.11945402192318
1719 0.8031642427865432
1720 0.08749030111115438
1721 0.22908567618836026
1722 0.19594852069629154
1723 0.5147617150125288
1724 -0.1990299373994068
1725 0.12468416750714362
1726 0.13349151874106008
1727 0.3779081011772345
1728 0.9174235457783242
1729 -0.1986243090318913
1730 0.031160123378176557
1731 -0.09546105766440552
1732 -0.1285681064451931
1733 -0.17777835146243282
1734 -0.0011094694500303898
1735 -0.17522425886311385
1736 0.7570655234080008
1737 -0.1939534794068345
1738 -0.19210855503882127
1739 -0.12487386095411473
1740 -0.18193897181204874
1741 0.028772559364596884
1742 -0.1917315720918189
1743 -0.17566372866535318
1744 0.6319616252259033
1745 0.35214306071030366
1746 -0.02738289846806885
1747 -0.1904748014384036
1748 2.4965557489403842
1749 -0.196038328832118
1750 0.02554505463353085
1751 -0.19970168418522014
1752 2.5165537698792457
1753 -0.1994563488285873
1754 -0.1958626253829443
1755 -0.2001533535198468
1756 0.7649252048243218
1757 0.5738120134842827
1758 -0.1387253430848982
1759 0.9368068407957829
1760 0.5514193575191477
1761 0.10295938509387437
1762 -0.016519992495632185
1763 0.5513105021420388
1764 0.3690106361965694
1765 0.211603871771207
1766 0.21498575384440166
1767 0.14406337025387284
1768 -0.16611789142463457
1769 -0.18644599903808493
1770 -0.17902929299871845
1771 -0.10076173317425552
1772 0.7925554161344546
1773 -0.17964319868346795
1774 -0.16540941445139248
1775 0.37954949471838223
1776 -0.18778399758680459
1777 0.03600003558250392
1778 -0.11487828863447744
1779 0.9459923152711707
1780 0.9289882477379284
1781 -0.17981262660541592
1782 -0.0006461592126170146
1783 -0.14906015080301083
1784 1.0155208264200613
1785 -0.19527652964090603
1786 0.3553944326334504
1787 0.1482255508837273
1788 0.9044215415319024
1789 -0.20037027242126995
1790 -0.18390067586870718
1791 0.08209137061229577
1792 2.147033206819485
1793 0.26398282303966897
1794 -0.1522850092339844
1795 -0.09052363201729763
1796 0.8771483782717656
1797 -0.15438959673571276
1798 -0.19331443772695575
1799 0.8863123703301927
1800 0.9750906700787149
1801 -0.20046460170513536
1802 -0.20013683916542466
1803 -0.19967292471369882
1804 -0.1998617267753768
1805 -0.20028458928632695
1806 -0.20045655175366728
1807 -0.20039517594305334
1808 -0.2004490051403452
1809 -0.20043110794028166
1810 -0.20046420443453664
1811 -0.20011288009477315
1812 -0.20044123996398053
1813 -0.20043865918749984
1814 -0.20041256526514992
1815 -0.20040984828169356
1816 -0.19956298285803487
1817 -0.2004528247998183
1818 -0.2004242429313775
1819 -0.20046471149927653
1820 -0.19524708283437103
1821 -0.19960951731983675
1822 -0.20016654040766543
1823 -0.2003724915999889
1824 -0.2004619881816112
1825 -0.20043722667118358
1826 -0.20014502570880105
1827 -0.19641412006602071
1828 -0.20037027242126995
1829 -0.200461166987951
1830 -0.20015413758229803
1831 -0.16975620680314837
1832 -0.11827444471903487
1833 -0.16319094222511984
1834 0.9472268427247759
1835 -0.19250081064177807
1836 -0.08034182247659166
1837 -0.09814022939686959
1838 0.9467223199210334
1839 0.044648884248985804
1840 0.2316165091109464
1841 -0.11316243202058429
1842 0.9369232564874763
1843 -0.0894746298605088
1844 -0.033210032088933666
1845 -0.19140104208399472
1846 0.020411500387051376
1847 -0.17183404250443574
1848 -0.12728253321685729
1849 0.08362380562706509
1850 -0.14568929635982394
1851 0.7003366556239868
1852 -0.18249356147674142
1853 -0.14235797739012782
1854 1.2255959157513432
1855 0.03192324073180114
1856 0.27745655905117217
1857 -0.17690985265382478
1858 0.8979684103691554
1859 0.3227484285387873
1860 0.15077968285495813
1861 0.002997737106273421
1862 0.9167755544475591
1863 0.10139150320292645
1864 -0.1617630084558746
1865 -0.20009523518252434
1866 1.3997055037969126
1867 -0.18879705605349192
1868 -0.0614149871870171
1869 0.01855331259500359
1870 1.3509225746867044
1871 -0.20027253863607608
1872 -0.19176696072473087
1873 -0.18530646790097433
1874 1.1860397448928983
1875 -0.11698155365379836
1876 -0.19681201043948293
1877 -0.18819259302535646
1878 0.5059789399220106
1879 -0.20032824442011657
1880 -0.1993729036323625
1881 -0.19723658044317408
1882 1.1358321792661246
1883 0.07922762342329465
1884 -0.19995630439581308
1885 -0.17730958240060965
1886 0.7606588052941899
1887 -0.19166829224639215
1888 0.16611282404807515
1889 -0.12941757613121857
1890 0.9477322374843984
1891 -0.1975718014676352
1892 -0.19849202525819556
1893 0.1533088347563224
1894 0.9398739597804486
1895 -0.11257164386856233
1896 0.33376523169943206
1897 -0.20044399847557345
1898 0.7642240641693488
1899 -0.07271902726553583
1900 0.15004233727027225
1901 -0.1219371403174575
1902 0.9458981671400217
1903 -0.20037701466647512
1904 -0.20037270692209647
1905 0.9342072387124529
1906 0.851906905680901
1907 0.49915124120715243
1908 -0.11757764537740517
1909 0.06907218231376623
1910 1.2631665180347413
1911 -0.06063313773917903
1912 -0.08295154661768936
1913 0.6933263790025611
1914 0.884042450219525
1915 0.0777887647630222
1916 0.5439517158503873
1917 0.585686557145888
1918 -0.19100766094724014
1919 -0.1996133689961892
1920 0.21125926306252854
1921 0.017336290240220653
1922 0.05629116411335772
1923 0.5290796194222448
1924 -0.16242237122021308
1925 -0.19759503202208148
1926 -0.16991589730701037
1927 -0.12196114637565325
1928 -0.018599669466799876
1929 0.12931837641740163
1930 0.9841467154222034
1931 0.6308471238943169
1932 -0.01884097107154785
1933 -0.006266389918570092
1934 0.013756636346896917
1935 0.6541358137528793
1936 0.45055150262908783
1937 -0.19994748224650594
1938 2.5323415320478158
1939 -0.09340812653315916
1940 -0.1884722871465482
1941 -0.12946998309910285
1942 0.9459168175239612
1943 -0.17463831258414447
1944 -0.16089061280230743
1945 -0.11188476159381255
1946 2.4523495777021216
1947 0.03965230173143042
1948 -0.15077727595381613
1949 -0.18888160253862468
1950 1.9578634381186422
1951 -0.20046460170513536
1952 -0.20037270692209647
1953 -0.19967292471369882
1954 -0.1998617267753768
1955 -0.20028458928632695
1956 -0.20045655175366728
1957 -0.20039517594305334
1958 -0.2004490051403452
1959 -0.20043110794028166
1960 -0.20046420443453664
1961 -0.20027253863607608
1962 -0.20044123996398053
1963 -0.20043865918749984
1964 -0.20041256526514992
1965 -0.20040984828169356
1966 -0.19956298285803487
1967 -0.2004528247998183
1968 -0.2004242429313775
1969 -0.20046471149927653
1970 -0.19524708283437103
1971 -0.19960951731983675
1972 -0.20016654040766543
1973 -0.2003724915999889
1974 -0.2004619881816112
1975 -0.20043722667118358
1976 -0.20014502570880105
1977 -0.19994748224650594
1978 -0.20037027242126995
1979 -0.200461166987951
1980 -0.20015413758229803
1981 0.7006404582514507
1982 -0.0997017379624055
1983 -0.059246716447345554
1984 0.919291948730898
1985 -0.2004540088479302
1986 -0.19745571640364507
1987 -0.20035831063984944
1988 2.510821064479763
1989 0.13110459312609107
1990 0.38711816178571345
1991 0.6920851515164279
1992 1.2635493140402951
1993 -0.1012406245801118
1994 -0.17047334048154097
1995 -0.1599949614387273
1996 -0.1946821025401828
1997 -0.1461783750388238
1998 -0.1578399548116625
1999 -0.1815048676889145
2000 -0.1878079661163842
2001 -0.023849442751327277
2002 -0.19052443776008743
2003 -0.13859456165167675
2004 0.905571076811343
2005 -0.02846271590672117
2006 -0.04032150690120996
2007 0.5730513947969562
2008 0.333911703150914
2009 -0.1886910841861448
2010 -0.016796450770674917
2011 0.4365512226046778
2012 2.1260966059126774
2013 -0.16529312294794687
2014 0.10160364539413208
2015 -0.19345318463998565
2016 0.9476567458819545
2017 0.4383552452413959
2018 -0.10784869127278723
2019 -0.20046420443453664
2020 0.8866995667340549
2021 -0.19958257708937943
2022 -0.1976727613484517
2023 -0.03470555808031539
2024 1.868162319538815
2025 -0.09969693715296382
2026 0.6892461692201232
2027 0.0611066207845411
2028 0.9231754399502741
2029 0.5036539200435924
2030 -0.0011752303260516017
2031 -0.17957241459476375
2032 -0.15961229057668203
2033 0.07015640371109436
2034 -0.06642548370375531
2035 -0.07830697319494084
2036 -0.19690711827955074
2037 -0.20046327923031376
2038 -0.13517646336352346
2039 0.88276574299326
2040 0.8989675966038301
2041 -0.006867332722330199
2042 -0.2001389951159922
2043 0.9473767540903432
2044 -0.0472243143867942
2045 -0.13822258507694363
2046 0.3260094637942119
2047 0.12822259586226387
2048 0.9951398450166294
2049 -0.1524332156283055
2050 -0.187848748072093
2051 -0.11423027303689487
2052 2.4891394182158
2053 -0.18471972576825763
2054 -0.07768516820529123
2055 -0.19940950976362296
2056 0.8971077351433403
2057 -0.13752879783758226
2058 -0.17772035591087493
2059 -0.20020643693175136
2060 2.2825980903665504
2061 -0.15652348432838303
2062 -0.18910748515974002
2063 0.06631719978498593
2064 2.3627777403493395
2065 -0.10095057551885825
2066 0.06240750311663082
2067 -0.13460440190312004
2068 2.4072497973699107
2069 0.12208861052326435
2070 -0.1850204897285459
2071 -0.19967698989493174
2072 -0.19929831122122268
2073 0.2848353573390733
2074 0.31068864943484803
2075 0.9165058538615731
2076 1.9526707967840689
2077 -0.20046284292186187
2078 0.0028074862319588806
2079 0.26239627625538686
2080 -0.12438886308456132
2081 0.16289683558377638
2082 0.4224057462995576
2083 0.1235933866528593
2084 0.8828972284554331
2085 -0.11988856163802813
2086 0.2583652467257914
2087 0.5895324551062534
2088 -0.19500246706650612
2089 -0.1811214522594453
2090 0.567381210376713
2091 -0.19737375082399677
2092 0.7741464620363314
2093 0.0087884751262855
2094 0.209291258697611
2095 0.15127837006069447
2096 0.9467129800058766
2097 -0.023212234743643922
2098 -0.1954409026982001
2099 -0.19913113476697528
2100 0.1918166914639265
2101 -0.20046460170513536
2102 -0.2004540088479302
2103 -0.19967292471369882
2104 -0.1998617267753768
2105 -0.20028458928632695
2106 -0.20045655175366728
2107 -0.20039517594305334
2108 -0.2004490051403452
2109 -0.20043110794028166
2110 -0.20046420443453664
2111 -0.20027253863607608
2112 -0.20044123996398053
2113 -0.20043865918749984
2114 -0.20041256526514992
2115 -0.20046327923031376
2116 -0.19956298285803487
2117 -0.2004528247998183
2118 -0.2004242429313775
2119 -0.20046471149927653
2120 -0.20020643693175136
2121 -0.19960951731983675
2122 -0.20016654040766543
2123 -0.2003724915999889
2124 -0.2004619881816112
2125 -0.20046284292186187
2126 -0.20014502570880105
2127 -0.19994748224650594
2128 -0.20037027242126995
2129 -0.200461166987951
2130 -0.20015413758229803
2131 0.06222609957448386
2132 0.1619730201076094
2133 0.7935454865488138
2134 0.9182632772533832
2135 0.2332434298637314
2136 -0.04406012543086518
2137 -0.1317731399240353
2138 0.8845530924016496
2139 0.2709174090622039
2140 -0.02894063275465375
2141 0.053368230312888176
2142 2.5418490753947207
2143 -0.13192718846321136
2144 -0.1839114163966965
2145 0.06383336056527475
2146 0.20281459390861808
2147 -0.09518165790456037
2148 0.4256460607600133
2149 -0.06211198167706958
2150 0.16920997671495566
2151 0.6962765853513747
2152 0.00865279921014217
2153 -0.04923027818920361
2154 0.8744057461846433
2155 0.5468808709256
2156 0.6807466149552943
2157 0.08048687939116592
2158 2.418306065474468
2159 -0.20034484728392865
2160 -0.10978208452922134
2161 0.3149006123589433
2162 0.08458713220735516
2163 0.18384002999642787
2164 0.057822166191482116
2165 -0.2002827568221738
2166 0.9274570443860987
2167 -0.18856873011787323
2168 0.3819870291882697
2169 0.5102346868131822
2170 0.04021764911078263
2171 -0.1386625429805276
2172 0.038624030540206813
2173 -0.08548765250500773
2174 1.334036743387164
2175 0.1042407287974986
2176 -0.19148300180389355
2177 0.012213818565888046
2178 -0.17770795449888255
2179 0.6351319282315083
2180 -0.14357991651122307
2181 -0.09169631951669727
2182 0.4215006524977423
2183 0.062180269503839036
2184 0.1719847555138767
2185 -0.19993004318525254
2186 2.175180464875573
2187 -0.08328121664463645
2188 -0.1828413801528287
2189 0.9250396917026705
2190 1.3814769907580986
2191 0.2453277945272462
2192 -0.16866734589734395
2193 0.9291194770341166
2194 -0.18738631524413754
2195 -0.1382464130346791
2196 0.6971446868371366
2197 0.028945762251925578
2198 2.4443172733103657
2199 0.03586497038807589
2200 0.44997204329942475
2201 0.7622161478607237
2202 1.7792652615192872
2203 -0.16556831542608502
2204 -0.14256254545908068
2205 -0.12307165021659866
2206 1.3887576309353842
2207 -0.19861321269573579
2208 0.6823044101558897
2209 -0.003109348375394949
2210 0.9222114318373557
2211 0.26230584450030314
2212 -0.06716044788672834
2213 -0.17310941528108134
2214 -0.10885782377321454
2215 -0.042612971709463446
2216 -0.18055710023599567
2217 0.00975693836017505
2218 0.8968994754215375
2219 -0.06549580489036558
2220 -0.038281995083991896
2221 0.11710812386755495
2222 1.4933180276324016
2223 -0.17573269848745
2224 -0.12385555649700242
2225 -0.19454640010417554
2226 -0.19772097589278817
2227 -0.19558766233897176
2228 -0.20000916883423697
2229 0.5878161922938862
2230 0.896126279023215
2231 0.4486946653267724
2232 -0.07889214353011811
2233 -0.06282987628054224
2234 0.5201773509884136
2235 -0.008384765103632077
2236 -0.14837510471253504
2237 -0.20045848052564474
2238 2.6009949530264307
2239 -0.20046351535093118
2240 -0.13971362516405356
2241 0.7738301796732174
2242 -0.13853781811701119
2243 -0.20006295281215966
2244 -0.020821931566158303
2245 -0.03611594142413743
2246 -0.2003504045451363
2247 -0.19737169061812726
2248 -0.17321667410084463
2249 -0.18886232833009822
2250 0.8734342951543497
2251 -0.20046460170513536
2252 -0.2004540088479302
2253 -0.19967292471369882
2254 -0.1998617267753768
2255 -0.20028458928632695
2256 -0.20045655175366728
2257 -0.20039517594305334
2258 -0.2004490051403452
2259 -0.20043110794028166
2260 -0.20046420443453664
2261 -0.2003504045451363
2262 -0.20044123996398053
2263 -0.20043865918749984
2264 -0.20041256526514992
2265 -0.20046327923031376
2266 -0.19956298285803487
2267 -0.2004528247998183
2268 -0.2004242429313775
2269 -0.20046471149927653
2270 -0.20020643693175136
2271 -0.19960951731983675
2272 -0.20016654040766543
2273 -0.2003724915999889
2274 -0.2004619881816112
2275 -0.20046284292186187
2276 -0.20014502570880105
2277 -0.20045848052564474
2278 -0.20046351535093118
2279 -0.200461166987951
2280 -0.20015413758229803
2281 -0.14793326043799965
2282 -0.18865642950891148
2283 -0.18249312434591752
2284 0.9186311982989918
2285 -0.19332871489926717
2286 -0.024266298461100858
2287 -0.19233410107205362
2288 -0.1154097358970157
2289 0.6943405706105785
2290 0.5066749836445448
2291 0.37831171532888874
2292 -0.154539768118904
2293 0.5274587719036201
2294 0.4658463491164774
2295 -0.1093026663678765
2296 0.9936434742814596
2297 -0.19164938810919863
2298 -0.1994193144698772
2299 -0.20028458928632695
2300 -0.0231668306723829
2301 -0.19210699480650306
2302 -0.1549926641231365
2303 -0.20045655175366728
2304 0.9356697531101126
2305 -0.13524550196280316
2306 -0.19817328596045714
2307 -0.1512694839329528
2308 1.9789561506365945
2309 -0.1978562313306434
2310 -0.1499049706911207
2311 -0.1980858750117768
2312 0.8834884724441211
2313 -0.08068722703619785
2314 -0.1412065364940042
2315 -0.2001048673484792
2316 2.445231573857748
2317 0.29289673761223917
2318 -0.148601393675324
2319 -0.07392690189979134
2320 0.9211704851728775
2321 -0.19998459478963185
2322 -0.05870950613417078
2323 0.2395908449317411
2324 2.391571244777873
2325 0.5591161553337023
2326 -0.016958209149220707
2327 -0.07865945236802102
2328 2.4214034771963213
2329 0.09918611048393954
2330 -0.1842874418181295
2331 -0.154893902829865
2332 -0.1983909913761305
2333 -0.19411308386645182
2334 -0.19925905860745755
2335 0.908638663259975
2336 1.2354658662943743
2337 -0.19126717819955696
2338 -0.1711145239133596
2339 -0.04053857415545442
2340 0.9420564444453803
2341 0.03758829106620898
2342 -0.046857962889052196
2343 -0.1572187276729675
2344 -0.19072924123786922
2345 -0.04025775536459636
2346 -0.15932235242285098
2347 -0.19991564075768725
2348 1.9711886590255958
2349 -0.02832835154837887
2350 0.36964749751246184
2351 0.2593815498028328
2352 0.9090347921787071
2353 -0.19823545856140534
2354 0.5426950236371134
2355 0.5395721027969695
2356 2.251942796402023
2357 0.0992560700534859
2358 0.0357064009354633
2359 0.04518316909745186
2360 -0.054281942970619335
2361 -0.019962521513099768
2362 0.3003061400096711
2363 -0.19665484237580538
2364 2.040628468982348
2365 -0.17023893512393545
2366 -0.16203926539149494
2367 -0.20016013516733
2368 -0.16238339088813822
2369 0.40011971422400644
2370 -0.08477332590933051
2371 -0.14138879216391587
2372 0.9414842325633368
2373 -0.07162398267351913
2374 0.011288596444035098
2375 -0.18294630254070127
2376 0.9319094387437971
2377 -0.05802715462839131
2378 0.05005299436932231
2379 -0.11155741697055427
2380 -0.11997436704084757
2381 0.35574711343275595
2382 0.14335839812568685
2383 0.5849868428740084
2384 -0.14952898996000705
2385 0.1929105364801607
2386 0.17976838200893366
2387 -0.20027149868159777
2388 -0.12910127228921148
2389 0.12423650121280602
2390 0.26212964970534053
2391 -0.06129224459184979
2392 -0.2002891271117718
2393 -0.1668571592623138
2394 0.513952890916388
2395 0.4995782436137067
2396 0.9132999447878382
2397 -0.20029362873003556
2398 -0.1283918565947256
2399 -0.12605934155558587
2400 1.5057388937357994
2401 -0.20046460170513536
2402 -0.2004540088479302
2403 -0.19967292471369882
2404 -0.1998617267753768
2405 -0.20028458928632695
2406 -0.20045655175366728
2407 -0.20039517594305334
2408 -0.2004490051403452
2409 -0.20043110794028166
2410 -0.20046420443453664
2411 -0.2003504045451363
2412 -0.20044123996398053
2413 -0.20043865918749984
2414 -0.20041256526514992
2415 -0.20046327923031376
2416 -0.19956298285803487
2417 -0.2004528247998183
2418 -0.2004242429313775
2419 -0.20046471149927653
2420 -0.20020643693175136
2421 -0.19960951731983675
2422 -0.20016654040766543
2423 -0.2003724915999889
2424 -0.2004619881816112
2425 -0.20046284292186187
2426 -0.20014502570880105
2427 -0.20045848052564474
2428 -0.20046351535093118
2429 -0.200461166987951
2430 -0.20029362873003556
evaluations raw_y
1 5.198698859728583
2 6.114518968324235
3 6.4959174409052975
4 6.872778132763257
5 5.195327804158924
6 3.6535789800554768
7 4.704187928684148
8 0.7905461042943395
9 2.318580585270378
10 0.9293823208747747
11 2.748011995540777
12 4.074871323293283
13 3.1402528022829066
14 3.9491028223183706
15 4.22841275200986
16 2.4647859663318425
17 4.060409768366226
18 4.0770871218556195
19 3.1397202622919407
20 1.0564288142935356
21 4.706498272320687
22 3.8885526454716164
23 4.511758260426174
24 5.851981292138828
25 5.801031982350183
26 6.985397932970474
27 2.723128797733954
28 5.114158351084633
29 3.3121037516986194
30 4.359731758998887
31 4.844433597693623
32 2.3577905281041827
33 5.393242470043749
34 5.214835073071529
35 2.445259397086251
36 2.176596358808035
37 2.4470115620635786
38 2.9171942964679904
39 3.692051134806336
40 2.4928944433603006
41 2.3449714774021526
42 2.8722720261766255
43 5.874087994413304
44 2.2530073257702408
45 5.610411620035122
46 5.688092895509395
47 2.5144328494726667
48 0.9416801745369598
49 2.5144328494726667
50 3.110165395629893
51 1.576540052466635
52 4.8560383316238935
53 2.0186730731172573
54 1.5693580059907581
55 3.118512326513955
56 3.922799031591486
57 5.092840946538756
58 2.3689564014219857
59 1.0561139423593824
60 2.4054380765333847
61 2.0882932730155157
62 0.8947738161606357
63 2.7343573603508724
64 1.07761971728397
65 2.345603017276035
66 3.426022226053521
67 0.711768110757086
68 0.8851171884344871
69 1.9142596138183463
70 2.502428480878059
71 1.7656997833199413
72 0.8046154880041443
73 0.8829803423635352
74 2.6510279163078256
75 0.9352549548548296
76 0.9411200601285279
77 0.9252350949461717
78 2.0298506870593043
79 3.108597225613984
80 3.427522082613133
81 2.890536376359205
82 3.209449335650038
83 2.6364247486809083
84 0.9247064487340854
85 4.5992775273847375
86 2.4625347350746036
87 0.9973948965572542
88 0.9457779418844057
89 0.9446509017261243
90 1.1004971835087143
91 2.5967297482268776
92 0.9060715263158449
93 0.9175657458824502
94 2.4180685158399697
95 3.1353236976917285
96 2.321898813016592
97 4.6974870419535195
98 2.841626577802111
99 2.898923769477338
100 -0.19483681569385625
101 4.549906754518102
102 2.791318832306428
103 1.806351769396183
104 0.9284160756934275
105 2.056331880134676
106 1.3984321908422093
107 0.006962036911954017
108 1.0259664003911506
109 0.8906479269848233
110 0.7166505349010525
111 2.6382255268331534
112 0.894148089456003
113 1.8964287438343042
114 3.401905387191783
115 0.8741353389651236
116 0.053333454293498006
117 0.9326156869444229
118 0.7640777115568722
119 2.2243973029222435
120 0.9210272510444597
121 5.166560304225499
122 2.2330239069511197
123 0.3292635571425232
124 2.781331663557551
125 -0.17925124204592302
126 -0.14722719262308318
127 0.919757425418694
128 1.9358627107333009
129 0.922273164083561
130 0.9668617287184413
131 4.505939848967988
132 3.5369321818009434
133 8.233221725223402
134 4.891595090417115
135 1.1383937646576583
136 1.813939464180378
137 0.8879492373273727
138 2.559092306764154
139 0.8871083126464661
140 0.04614396889076294
141 0.13753143475000426
142 0.19902213183322875
143 2.415270864061386
144 0.8856018290938376
145 2.7112793720714237
146 2.7509182037896913
147 2.2866311372564687
148 1.4598960345393128
149 2.261076628152728
150 3.808755996805349
151 1.813939464180378
152 0.894148089456003
153 2.2530073257702408
154 0.053333454293498006
155 0.9060715263158449
156 0.19902213183322875
157 1.9358627107333009
158 -0.19483681569385625
159 2.318580585270378
160 -0.14722719262308318
161 0.8829803423635352
162 0.9252350949461717
163 2.7509182037896913
164 0.04614396889076294
165 0.8856018290938376
166 0.9175657458824502
167 3.1353236976917285
168 2.781331663557551
169 1.806351769396183
170 0.006962036911954017
171 1.8964287438343042
172 0.8046154880041443
173 2.2243973029222435
174 -0.17925124204592302
175 0.919757425418694
176 4.505939848967988
177 0.8879492373273727
178 0.13753143475000426
179 2.415270864061386
180 2.261076628152728
181 0.9375445281738134
182 1.707737094673944
183 1.2091704508869425
184 -0.06933412949337248
185 0.9173933646225298
186 2.390832408898213
187 0.8870942516953101
188 0.8831152012644741
189 0.7708331951433657
190 2.3162334340720543
191 0.9179812493470156
192 1.65345161527664
193 0.7133311616956625
194 0.5548127699218991
195 0.9376729259026876
196 2.234735545925187
197 0.9332208016855319
198 2.091609042075362
199 0.8598821875103001
200 0.7301432916435903
201 -0.19968817985546505
202 -0.023319450483860804
203 -0.16998833064255775
204 -0.1989125887387554
205 0.9124067117051127
206 -0.001739456816985896
207 1.0469454597018597
208 2.213838219665411
209 0.8578162316533848
210 0.6972972592323129
211 0.9022326053212845
212 0.9191881905990156
213 0.8855993767038053
214 -0.03399046058886224
215 0.22436202539873534
216 0.8530421313379597
217 -0.04063188070439594
218 0.909661166207018
219 0.330967482688875
220 0.007083303186452269
221 0.9465547223586658
222 0.8155763577932048
223 0.8926527919293469
224 1.1428925817360234
225 0.8828476169306653
226 1.2926135262442426
227 0.8828476169306653
228 3.2776152086817985
229 1.2656206148388995
230 2.484702713449768
231 2.399664197122018
232 1.2956093691407604
233 -0.128167424351899
234 0.8276724549666401
235 -0.01904282660991352
236 0.9024101640794193
237 0.9473236081750039
238 0.9468524228171413
239 0.7301432916435903
240 0.8031006540262484
241 -0.1398253036789042
242 0.6816924165919389
243 -0.1398253036789042
244 2.5818097469103525
245 0.6707613587826389
246 -0.12335697870442558
247 1.5476894662792837
248 2.2557622487373186
249 0.1310758219875396
250 1.1114173009180646
251 0.15548687354349466
252 2.044482355334991
253 0.9378813482009306
254 0.20250260150727803
255 1.6036460593434632
256 1.0273295564399734
257 -0.08696964792036549
258 -0.17412546524357175
259 -0.08696964792036549
260 0.885915001658215
261 0.885140801140011
262 0.7565750661536654
263 0.8863683229772191
264 2.390451819159839
265 -0.06176798856315413
266 0.9234377225290129
267 -0.13360925789889286
268 2.418992212500239
269 0.9431408689033567
270 0.4301529563416674
271 0.9178434688097007
272 1.9095737422932655
273 0.1476796981714917
274 -0.08245588494311562
275 -0.15043657151807666
276 0.9208719891377077
277 -0.18149204532313995
278 -0.14204556233436053
279 0.6869654651702997
280 -0.19750185374843887
281 0.6587975625599377
282 0.49904846430997596
283 -0.06933412949337248
284 1.7380002977151776
285 0.8855970592781088
286 0.1826360428570255
287 -0.1400779427475383
288 0.8937334683833947
289 0.4647007033463366
290 0.8310538373166636
291 0.7731309982685381
292 0.8287429368564072
293 0.012029868531579151
294 0.9182333524549828
295 0.9371788364168935
296 0.9010726660367944
297 -0.18408762959222208
298 -0.15577782349490266
299 -0.19515382620753674
300 -0.19630903993699683
301 0.9375445281738134
302 0.8870942516953101
303 0.7708331951433657
304 0.053333454293498006
305 -0.08245588494311562
306 -0.19968817985546505
307 0.9124067117051127
308 -0.19483681569385625
309 -0.14204556233436053
310 -0.14722719262308318
311 -0.19630903993699683
312 0.8828476169306653
313 -0.19750185374843887
314 -0.128167424351899
315 0.7301432916435903
316 -0.17412546524357175
317 0.6707613587826389
318 0.1310758219875396
319 0.9378813482009306
320 -0.08696964792036549
321 0.8031006540262484
322 -0.13360925789889286
323 0.9024101640794193
324 -0.17925124204592302
325 -0.1989125887387554
326 -0.06933412949337248
327 -0.1400779427475383
328 -0.03399046058886224
329 0.012029868531579151
330 -0.19515382620753674
331 -0.18180625650392884
332 0.5795181107838688
333 0.9368082906828838
334 -0.17963164087555838
335 0.6713430608707327
336 -0.1753736164548381
337 0.6069072359945206
338 0.9436504132131904
339 0.5529104298317395
340 0.04469792935622488
341 0.9369225598204998
342 0.20679296397398822
343 0.37409364907463377
344 0.09663039500486773
345 -0.1997900911906893
346 1.1101637701957854
347 0.6539604745286632
348 0.5995373274894197
349 0.46175160403117305
350 2.4198134873787622
351 0.5399864031372323
352 0.0002825645820549755
353 -0.18211997390439438
354 0.6054160692178105
355 0.29247693421969134
356 0.1063454985410675
357 0.5214132226176605
358 1.649871955309513
359 -0.08131167934162314
360 0.6291464598958717
361 0.8833115929092993
362 0.4342441160659965
363 -0.1907921937092733
364 -0.18612568900619356
365 0.9296845463917979
366 0.8916284333764222
367 -0.052397279683947307
368 0.7266402054682908
369 -0.17400379529864812
370 0.9327856810664528
371 -0.1265612048103469
372 -0.0697532228355055
373 0.051480270064565015
374 2.4190794487037075
375 0.8922320023314182
376 0.5398285459216543
377 0.9241673945093332
378 2.3282529699370325
379 -0.19388462147973642
380 -0.19542850603505849
381 0.5416242726553064
382 0.9425071887767578
383 -0.12174150270064482
384 -0.19970020637959038
385 0.719214762017542
386 0.9260829090112768
387 0.17576505102007575
388 0.8379727995067523
389 0.9465192102807545
390 1.094050648741406
391 -0.1042091491186759
392 -0.1926959656532137
393 0.4458706712883168
394 0.884673995952837
395 0.3825427543242744
396 -0.18383448615645467
397 0.463084484834092
398 2.3214948614148425
399 -0.20000570071323662
400 0.003124308933572767
401 0.8360803547962672
402 0.3274746387382193
403 0.3495323553344029
404 -0.15022484151188784
405 0.5322532882145293
406 -0.19955563434034496
407 -0.19247777616576126
408 0.46676704442966344
409 0.041237503177241897
410 0.8787840187400882
411 0.25648974799857716
412 0.021711191399664487
413 0.25648974799857716
414 1.3861675119911971
415 0.6663911037974763
416 -0.11455093147054335
417 0.8977610813076606
418 2.4617951334145896
419 0.9103353010924868
420 0.07929445162425336
421 0.9337716185947289
422 2.3153430650467572
423 0.12824934293724238
424 0.9444451816551378
425 0.2997503704957484
426 -0.04925273468756031
427 -0.14715116177898335
428 0.1101169902446592
429 -0.05868332252119424
430 1.2805993234808188
431 0.13603394047562362
432 0.42314563605073485
433 -0.11885601289459335
434 2.3100192578472174
435 -0.09197665820319348
436 0.10113364765147607
437 -0.09721929320692677
438 1.3442738307821722
439 0.09733975666383166
440 0.3969247769561794
441 0.8705272566449906
442 0.3482561604315647
443 -0.11985722741384724
444 0.4785430965138209
445 -0.10144201382664006
446 0.8908556285939548
447 0.23386912783912095
448 0.7012808787662462
449 -0.06607064788899403
450 -0.2003967110883552
451 -0.18383448615645467
452 0.09663039500486773
453 0.46676704442966344
454 -0.1997900911906893
455 -0.15022484151188784
456 -0.19968817985546505
457 0.29247693421969134
458 -0.19483681569385625
459 -0.2003967110883552
460 -0.17400379529864812
461 -0.19630903993699683
462 0.8379727995067523
463 -0.19750185374843887
464 -0.128167424351899
465 0.17576505102007575
466 -0.17963164087555838
467 0.3825427543242744
468 -0.20000570071323662
469 0.3495323553344029
470 -0.19247777616576126
471 0.25648974799857716
472 -0.13360925789889286
473 0.9024101640794193
474 -0.17925124204592302
475 -0.1989125887387554
476 -0.11885601289459335
477 -0.1400779427475383
478 -0.19970020637959038
479 -0.11985722741384724
480 -0.19955563434034496
481 0.47510124777771623
482 -0.044411044099365526
483 -0.18383448615645467
484 -0.0633736785665388
485 -0.03665930613110857
486 -0.15824737611589218
487 0.9469264331022812
488 1.1135237549107768
489 0.34952325537251366
490 -0.19669914760031604
491 0.8706759340060486
492 0.9206201031885762
493 0.30196646070307837
494 0.15492486071485145
495 -0.1907022186888803
496 -0.07928662431834294
497 -0.19947131352934921
498 -0.1810891448130465
499 -0.18358235070453197
500 0.8881143508784098
501 0.4092419176539488
502 -0.19681126411596334
503 -0.1917880070560658
504 0.912391882963628
505 -0.19302922447043203
506 -0.15580030388158392
507 -0.18619370447842148
508 0.9376641737756686
509 0.3363537852766956
510 0.5674363232156745
511 0.10177673164733808
512 -0.1893904111915211
513 -0.15558219100681983
514 -0.19375810826455886
515 0.7457777389088036
516 0.005197051239526462
517 0.010720641228591357
518 -0.11321664090626005
519 -0.18836170127119686
520 2.4885269378102404
521 -0.18423263028283962
522 -0.1988504441249795
523 -0.19746720003831628
524 0.8967821007977773
525 0.3083715319111915
526 0.9444439658390874
527 0.9086884936308663
528 1.471121666516171
529 -0.19927197977176647
530 -0.08097583992545127
531 -0.11952461716239782
532 1.0736409344275608
533 0.07687719683248075
534 -0.18434734733169164
535 -0.03312818179895244
536 0.6988275808982504
537 0.08206223055289266
538 -0.15263136212994316
539 0.528410836276958
540 0.44690691639429575
541 -0.02560520033224495
542 -0.15528710129760792
543 -0.15371920682164472
544 0.9287134390166223
545 -0.1313246125568482
546 0.2475353681181817
547 -0.06199546383312288
548 0.4768886356654162
549 0.6597687225694988
550 -0.1198827706553684
551 0.30608876266333823
552 0.8522891620819728
553 0.14911101682281994
554 0.4909475861052134
555 -0.19067046443291957
556 2.2436989236578633
557 -0.18195708087951462
558 -0.04016841957038128
559 -0.10258818366428135
560 0.9248635902214224
561 -0.0011060613752180704
562 -0.1742856910475416
563 -0.1777832358871902
564 1.2138071796704841
565 0.08284271884299858
566 0.16866483849735803
567 -0.1316201521568189
568 -0.1701929088724883
569 0.28423605768906196
570 -0.13784726344246542
571 0.4603913084869487
572 0.9443773110638731
573 -0.19959679804530944
574 -0.1975858241261103
575 0.8250463653552866
576 -0.06171459275252145
577 -0.10199569694301883
578 -0.07798511541512343
579 0.06110422629562999
580 0.13467603000221848
581 0.3619468327615195
582 0.2473656195760986
583 -0.07592780290150847
584 -0.15669141401102657
585 -0.10600507415068372
586 0.6650669576420308
587 0.8325732990082872
588 -0.052012038642715974
589 0.04109084131056684
590 0.2907963801955983
591 -0.08896045241014469
592 0.91614269653293
593 0.5157064945991974
594 -0.18938535376243965
595 -0.20046187950248412
596 2.3845777930485
597 -0.08373704977927626
598 -0.19142076790029283
599 0.19090144518606805
600 -0.19844598869415958
601 -0.19669914760031604
602 -0.07798511541512343
603 0.34952325537251366
604 -0.1997900911906893
605 -0.19947131352934921
606 -0.19968817985546505
607 -0.19302922447043203
608 -0.1988504441249795
609 -0.2003967110883552
610 -0.18836170127119686
611 -0.1975858241261103
612 0.3083715319111915
613 -0.19927197977176647
614 -0.128167424351899
615 0.08206223055289266
616 -0.17963164087555838
617 -0.1313246125568482
618 -0.20000570071323662
619 -0.19067046443291957
620 -0.19247777616576126
621 -0.19142076790029283
622 -0.13360925789889286
623 0.28423605768906196
624 -0.19959679804530944
625 -0.1989125887387554
626 -0.11885601289459335
627 -0.19681126411596334
628 -0.19970020637959038
629 -0.20046187950248412
630 -0.19955563434034496
631 -0.06497015974644743
632 -0.15564497589358123
633 -0.1925201983457846
634 0.06461905657968077
635 0.010075752635595028
636 -0.20022516595756285
637 0.9011864595580323
638 0.9094832759790223
639 0.0613986934874057
640 -0.005783053981802566
641 0.5337019776634057
642 0.8895896306059896
643 -0.05388434219449392
644 -0.20045950921273073
645 0.58105020109121
646 2.3026943927523593
647 0.006692446678853492
648 0.574750964259729
649 0.5724442901578937
650 -0.19038681502947946
651 -0.18391810911002698
652 0.028797228789127063
653 0.26147752795004114
654 -0.19196272250597055
655 -0.19150105977922846
656 -0.20017270679091456
657 -0.028064787229090837
658 0.2658656338676533
659 -0.1956869247794736
660 0.3976121715540411
661 -0.1959378897880884
662 0.967797069885566
663 -0.0693529377181944
664 -0.10625039698255798
665 -0.19996521446008772
666 -0.20019741456002355
667 -0.1860010946036732
668 0.40452277746305765
669 -0.07192328866620007
670 0.9473763628841729
671 0.3099391711274935
672 -0.20018506750237292
673 0.005124278628999807
674 0.3030309788672074
675 0.035275700808508614
676 0.11363380624297802
677 0.40560027957005335
678 2.422447665319604
679 0.29489821828923796
680 -0.1854764189043998
681 -0.1933762710058141
682 1.603614136353643
683 0.4536545646586653
684 -0.19022282945687388
685 0.06857032925531817
686 0.9047473405713028
687 0.15197277461247957
688 -0.03606018662568777
689 -0.18665493169103997
690 0.8963200373165618
691 0.22212178267844915
692 -0.19416530141394756
693 -0.19026421730223173
694 2.445746625976383
695 -0.11534166745234412
696 -0.19687026707255517
697 0.8392891366660551
698 0.08237590155863594
699 -0.013875867588807655
700 0.11848199042970511
701 0.8399155652906052
702 2.32620908283323
703 -0.19254922285208856
704 -0.19752323321789259
705 -0.09082405113856948
706 0.5734568784336435
707 -0.17320611559342558
708 0.0293686021066749
709 -0.18460811030416152
710 2.4664857931316213
711 0.4371018344535905
712 -0.1997149011470825
713 0.21917768441610486
714 -0.15230547034673664
715 0.27483397410331706
716 -0.1157279875095632
717 -0.19945419276209822
718 1.2309588226490895
719 0.5850911801842685
720 -0.19575524006951853
721 0.014862884750206432
722 0.3730990179346917
723 0.3542387918762583
724 -0.17975066658098987
725 -0.19984897685351022
726 2.5628936605194106
727 0.2366029905555152
728 -0.19522522653032004
729 -0.18312681000168846
730 0.17642681162149115
731 -0.04388291402639105
732 -0.0675370898056522
733 0.11631630202995874
734 2.217504989104742
735 -0.19608411831099404
736 -0.1829989948059632
737 0.8089954129501413
738 0.044825498837756494
739 0.2913064454102291
740 0.4634280605959441
741 -0.15927175923527226
742 0.934228383142218
743 -0.18923007955838939
744 -0.12027030581136033
745 -0.1552938704175743
746 0.6288132366253727
747 -0.18443142500354126
748 0.041330308835433635
749 -0.04847741985956189
750 1.5830160203145032
751 -0.19669914760031604
752 -0.19522522653032004
753 -0.20018506750237292
754 -0.1997900911906893
755 -0.19947131352934921
756 -0.19968817985546505
757 -0.1997149011470825
758 -0.1988504441249795
759 -0.2003967110883552
760 -0.18836170127119686
761 -0.20022516595756285
762 0.035275700808508614
763 -0.19927197977176647
764 -0.128167424351899
765 -0.19687026707255517
766 -0.20045950921273073
767 -0.1313246125568482
768 -0.20000570071323662
769 -0.19254922285208856
770 -0.19247777616576126
771 -0.19752323321789259
772 -0.19945419276209822
773 0.014862884750206432
774 -0.19984897685351022
775 -0.20017270679091456
776 -0.11885601289459335
777 -0.19681126411596334
778 -0.19970020637959038
779 -0.20046187950248412
780 -0.19955563434034496
781 0.01673664064833269
782 -0.19706703486874957
783 -0.20028130269332112
784 0.5698100927555174
785 -0.13245415956426201
786 0.3758879345940589
787 -0.12580839465875232
788 -0.17416501449005747
789 -0.18064031773771247
790 0.007375851364516545
791 -0.20018506750237292
792 0.0585314506326939
793 0.6980242578570857
794 0.24196917695715164
795 -0.07874272358128304
796 1.922179446327664
797 0.41526980079498715
798 -0.1684720983422405
799 -0.1957669634191363
800 0.90893627086921
801 -0.18866951331942383
802 0.5272436625375143
803 -0.1780719934934098
804 0.6634636050978615
805 0.18119345508270984
806 0.46565409898779775
807 0.942577617170691
808 0.9341316718847769
809 0.6246229497254725
810 -0.09657108380932711
811 -0.16093789245171633
812 0.20785208090744314
813 -0.15688096014988626
814 -0.18482476532941722
815 -0.19592896061448398
816 -0.08544883275146598
817 -0.19778681617136074
818 -0.19771599288684055
819 0.35936470554455957
820 2.172679226406454
821 -0.18265020867776702
822 -0.094030822433809
823 -0.07672384559932349
824 2.242322829493969
825 -0.19341829237655314
826 0.046903167364984594
827 0.12142895541245602
828 -0.008264841654603672
829 0.3258358827366519
830 -0.14399851873378278
831 -0.20037077370272216
832 0.1465126645040334
833 0.2898719414716996
834 0.2852032541791962
835 -0.19447891723859684
836 2.3803295669962536
837 -0.19323597728557915
838 -0.17784929222570692
839 -0.12627534663934012
840 1.706509983450309
841 -0.1867790293569459
842 -0.06916461821875491
843 0.9339453039207259
844 -0.14032322608186512
845 0.00987798924068238
846 -0.18481240747604516
847 0.9310369242017067
848 -0.09997702905732359
849 -0.169382542096939
850 -0.06999480039743536
851 -0.20015915238512685
852 -0.1350221217004538
853 0.1889826064060367
854 -0.13408989379392047
855 -0.1598316714994771
856 0.7815203156232066
857 -0.12824195450401976
858 -0.2001849180435974
859 0.1376681369690242
860 2.4789986033155635
861 -0.20044103955050088
862 -0.1630607556144946
863 0.4226455521371321
864 1.3125567092097743
865 0.14125721669298846
866 -0.09091107991653147
867 0.07881185859347087
868 0.3624904786881701
869 -0.19998661895285047
870 -0.16615527532544141
871 -0.1639575387793176
872 1.0270720833257938
873 -0.1966282031964483
874 -0.1939208931002621
875 -0.19972115170830917
876 2.522512869051432
877 0.05003180802066517
878 -0.18738258245312286
879 -0.20046470515085077
880 1.1964232224070679
881 0.6240664960944655
882 -0.19812433795230763
883 -0.16761654797618963
884 -0.1613160062013811
885 -0.2002633568381834
886 -0.09892839456562821
887 -0.1606124099259806
888 -0.16059758670888472
889 0.15903579102802623
890 0.45017280473014476
891 -0.17970141890702768
892 0.7629773221369842
893 0.6843603936230066
894 -0.2004347557183544
895 -0.19704139782823882
896 0.9342778352918393
897 -0.19788694356779274
898 0.44060132462691914
899 -0.1998429790690812
900 0.943226131967404
901 -0.20028130269332112
902 -0.19771599288684055
903 -0.20018506750237292
904 -0.1997900911906893
905 -0.19947131352934921
906 -0.19968817985546505
907 -0.1997149011470825
908 -0.1988504441249795
909 -0.2003967110883552
910 -0.19778681617136074
911 -0.20022516595756285
912 -0.2001849180435974
913 -0.20037077370272216
914 -0.19447891723859684
915 -0.2004347557183544
916 -0.20045950921273073
917 -0.1313246125568482
918 -0.20015915238512685
919 -0.19254922285208856
920 -0.19247777616576126
921 -0.20044103955050088
922 -0.19945419276209822
923 -0.19998661895285047
924 -0.19984897685351022
925 -0.20046470515085077
926 -0.17416501449005747
927 -0.2002633568381834
928 -0.19970020637959038
929 -0.20046187950248412
930 -0.1998429790690812
931 -0.1809994301066648
932 0.22096724953255933
933 -0.19716444827688095
934 1.9498059135578834
935 -0.1315342531423444
936 -0.19966222756020446
937 -0.19829220270560693
938 -0.1968994565498386
939 -0.2000197036722013
940 -0.06241939210430561
941 -0.2000915376502883
942 -0.19835594070647308
943 -0.10991417812768964
944 -0.20017557683989493
945 -0.05959004748985414
946 1.6707592368491446
947 -0.19181828286828745
948 -0.19898522685589712
949 -0.19966484318565614
950 -0.16258635622412124
951 -0.19987008666995265
952 0.6784207172098136
953 -0.19239789347966554
954 2.5586868042769613
955 0.04744657445707398
956 -0.20036966574030535
957 0.7383646099105614
958 0.19462865014752043
959 0.025186315663292477
960 -0.18541833332991658
961 -0.17822426690119814
962 0.9703394931718705
963 -0.0593445144682499
964 0.12254546193233042
965 -0.014341261928053128
966 0.5149039728938384
967 -0.17864967662264827
968 0.06952329505828475
969 -0.1745394243462709
970 -0.18352245103642684
971 -0.20000199364578097
972 -0.19390108800756478
973 -0.16107440197206152
974 -0.19857146029018782
975 -0.034184805223876125
976 0.15771858575191922
977 0.8426934907980854
978 1.4140487049132646
979 0.08116371485658688
980 -0.1961619298926738
981 -0.16879850257888368
982 -0.19023571866186162
983 -0.12871227406607375
984 0.4178103103717121
985 -0.17599818640921566
986 1.4891900458216067
987 -0.17689432834279253
988 -0.1317854735509897
989 0.9468632046595629
990 0.029005785806455464
991 -0.14586244658125386
992 -0.17123485107937175
993 -0.19494057973978776
994 0.548960493661216
995 -0.2003730601245175
996 -0.04914359458341622
997 -0.1830180183027913
998 0.18325663056052582
999 -0.1968972249729737
1000 0.18054910091447945
1001 -0.19465900182912607
1002 0.861071519475969
1003 -0.1848762059120086
1004 0.4093432403844939
1005 0.030910875912573077
1006 2.2859176010300297
1007 -0.16055885325787736
1008 -0.19924461012349576
1009 -0.17695678000048648
1010 0.07023419498516037
1011 0.2769208140746887
1012 -0.19940809401673015
1013 -0.03605275462680746
1014 2.308221444044877
1015 0.7014736377081663
1016 0.5921648317956588
1017 -0.19945419276209822
1018 0.6437882119619998
1019 -0.18979987548661223
1020 -0.10019765116421661
1021 -0.17639952307338586
1022 0.8834709842916761
1023 -0.2004557068855486
1024 -0.19918019244030494
1025 0.09111031303062334
1026 2.362827944277202
1027 0.07402022129308966
1028 -0.1781471316810832
1029 0.10364778519988171
1030 0.9477252500977094
1031 -0.1574347835337418
1032 -0.13517408993443808
1033 0.33410612831698505
1034 1.1066258787521501
1035 -0.19344824017420448
1036 -0.19994189645058158
1037 -0.1991260423072205
1038 0.8843952464733115
1039 -0.18811065238392286
1040 -0.19925222825701316
1041 0.7088699934152611
1042 0.89136637732634
1043 -0.20044002312025205
1044 0.13718212342588626
1045 -0.20035845457944362
1046 -0.1258755527338005
1047 0.13759079128948415
1048 -0.18503506708248393
1049 -0.10108015624177474
1050 0.6614272105418176
1051 -0.20028130269332112
1052 -0.19918019244030494
1053 -0.20018506750237292
1054 -0.1997900911906893
1055 -0.19966484318565614
1056 -0.19987008666995265
1057 -0.1997149011470825
1058 -0.1988504441249795
1059 -0.2003967110883552
1060 -0.20017557683989493
1061 -0.20022516595756285
1062 -0.2001849180435974
1063 -0.20037077370272216
1064 -0.19924461012349576
1065 -0.2004347557183544
1066 -0.20045950921273073
1067 -0.2003730601245175
1068 -0.20015915238512685
1069 -0.19254922285208856
1070 -0.19247777616576126
1071 -0.20044103955050088
1072 -0.19945419276209822
1073 -0.19998661895285047
1074 -0.2004557068855486
1075 -0.20046470515085077
1076 -0.17416501449005747
1077 -0.2002633568381834
1078 -0.19970020637959038
1079 -0.20046187950248412
1080 -0.20036966574030535
1081 -0.10361137411579915
1082 -0.0249762712604098
1083 0.9345890945577171
1084 1.2193008654736033
1085 0.0716450162562702
1086 -0.19968173849374243
1087 -0.15688910661065714
1088 1.8293101766276807
1089 -0.18099440699264788
1090 -0.1991577998903352
1091 -0.20018506750237292
1092 0.32983284061075546
1093 -0.1792324175492554
1094 -0.15806184147483965
1095 0.7308116862058762
1096 -0.14135509888124226
1097 -0.19389343997756375
1098 -0.055075031132419516
1099 -0.19982374494206945
1100 0.9448215836413159
1101 0.2703050310002411
1102 -0.19776100302719798
1103 0.02475983615015942
1104 0.3674131991981527
1105 -0.18886522830419916
1106 0.40943302411683946
1107 0.4724691158957739
1108 0.19082038518776465
1109 -0.15084776015863877
1110 -0.05069848921178294
1111 -0.2004372579020927
1112 0.9469970797939972
1113 -0.03638687321693679
1114 0.3533913129729321
1115 -0.07754345738672946
1116 2.068237958336598
1117 -0.196031978000559
1118 -0.06416629026670845
1119 -0.062193654989427694
1120 1.4951610242091242
1121 -0.1712386711141193
1122 0.027000465191836007
1123 -0.19232427972327862
1124 2.367723856977708
1125 0.5744881024425564
1126 -0.03927554725996807
1127 -0.19641789842371946
1128 2.0375745614821623
1129 0.17896166060539942
1130 -0.19995175973010998
1131 -0.12687913874930698
1132 0.9073183855216443
1133 -0.19111224229710988
1134 -0.11542473482044105
1135 0.9472834343531711
1136 1.3823537667633188
1137 0.2521352758927976
1138 -0.04608017386884322
1139 -0.17745246416382643
1140 2.30557284662428
1141 -0.13939875631596288
1142 -0.1417953838802052
1143 0.8994040606301202
1144 0.03269262937391715
1145 0.6764695087317808
1146 -0.15446332557486087
1147 -0.20044536519266218
1148 1.4267164699437909
1149 -0.1999350835905519
1150 -0.18436754372391911
1151 -0.19586449189903443
1152 0.9203696557577685
1153 -0.0006904028803373236
1154 -0.19707316957508625
1155 -0.19968173849374243
1156 1.7579981644049716
1157 -0.01129799765136974
1158 -0.2000682638609642
1159 -0.198804373249786
1160 -0.18678907277840842
1161 -0.13923684655396554
1162 -0.051940881893527635
1163 -0.2004600694602463
1164 2.3342049285398283
1165 -0.033370078630643604
1166 0.1799014840610304
1167 -0.14565264267949773
1168 0.8830677174461664
1169 -0.08578345278309402
1170 -0.19030155348613859
1171 -0.07254917458416066
1172 2.4421736231540043
1173 -0.10783130262830767
1174 -0.20044288158447549
1175 -0.199818195057961
1176 0.9107044019772212
1177 -0.19874943317096588
1178 0.46064649351570147
1179 0.03201703502700726
1180 0.9610942889316736
1181 -0.026769317124601066
1182 -0.19543255504422044
1183 0.06312306273314638
1184 0.07473904885334995
1185 0.005855935639349719
1186 -0.2004090570229212
1187 0.5662815953105841
1188 1.0438768767829811
1189 -0.19429969889438276
1190 -0.20037775703825442
1191 -0.1764412690726292
1192 0.9368976268997833
1193 -0.18252265183335714
1194 -0.038044824460103335
1195 0.38531436940723707
1196 0.9213947591298877
1197 0.4899144664212912
1198 -0.18894805206544854
1199 0.3193963653241711
1200 2.2483457511806764
1201 -0.20028130269332112
1202 -0.19918019244030494
1203 -0.20018506750237292
1204 -0.1997900911906893
1205 -0.19982374494206945
1206 -0.19987008666995265
1207 -0.2000682638609642
1208 -0.2004372579020927
1209 -0.2003967110883552
1210 -0.20017557683989493
1211 -0.20022516595756285
1212 -0.2001849180435974
1213 -0.20037077370272216
1214 -0.19924461012349576
1215 -0.2004347557183544
1216 -0.20045950921273073
1217 -0.20044536519266218
1218 -0.20015915238512685
1219 -0.19968173849374243
1220 -0.198804373249786
1221 -0.2004600694602463
1222 -0.19945419276209822
1223 -0.20044288158447549
1224 -0.2004557068855486
1225 -0.20046470515085077
1226 -0.17416501449005747
1227 -0.2002633568381834
1228 -0.19970020637959038
1229 -0.20046187950248412
1230 -0.20036966574030535
1231 0.02335841065732132
1232 -0.20040901741419914
1233 -0.06866347300464942
1234 -0.16615576502739474
1235 0.3515184883836404
1236 -0.1810540224787779
1237 -0.18444741030167902
1238 0.8930951395636968
1239 0.03423950928440496
1240 -0.200364846200151
1241 -0.0824996913902053
1242 -0.11254060038530617
1243 -0.17914700873919906
1244 -0.1969900846692102
1245 -0.19853481252700775
1246 -0.150643387040873
1247 -0.11923729685698559
1248 -0.11542934048026632
1249 -0.18631960629841154
1250 0.7042990029904299
1251 -0.1972555380369551
1252 -0.19197070667097374
1253 0.753248241604523
1254 0.3280338574460834
1255 -0.19117962450135562
1256 -0.10798988087415709
1257 -0.19938773460034565
1258 1.425597595941155
1259 0.3262055061741411
1260 -0.18603552209869653
1261 -0.19916585767124872
1262 2.2416345651918332
1263 -0.19411286182129228
1264 -0.006057113255598462
1265 -0.20023353661337137
1266 0.017415010399604636
1267 -0.17454616819333454
1268 -0.02432286951239024
1269 -0.18243293570475286
1270 1.0267176669556393
1271 -0.20016741576600278
1272 -0.19422363828923156
1273 0.5117537757765405
1274 1.8941068020130178
1275 0.1180601090991826
1276 -0.0826190866856264
1277 -0.14140744647808282
1278 0.3138640543880355
1279 0.2306171593819002
1280 0.20870502671183772
1281 0.036124867250923565
1282 2.170222905305847
1283 -0.060594350352599025
1284 -0.18403805122248146
1285 -0.18795524057822197
1286 0.6517140718193879
1287 -0.19725294300426544
1288 -0.08973555449659024
1289 -0.18168924589944932
1290 1.1398308512587325
1291 0.5357586364393768
1292 -0.15476666053452764
1293 0.8828607251034242
1294 0.9669753073855843
1295 -0.1742760030984851
1296 -0.2004632740368329
1297 0.08784419628952514
1298 1.0175021832411595
1299 -0.18028402061552518
1300 -0.19920602522329423
1301 -0.2003526119029705
1302 -0.0339256724692919
1303 -0.17310192377649047
1304 0.7013179075064794
1305 -0.19767432302154173
1306 2.184064033689746
1307 -0.19920501843867328
1308 -0.19373724995658168
1309 0.09978374388775241
1310 1.3830824089416844
1311 0.018536647754897898
1312 -0.16910449034067992
1313 -0.1841209546693892
1314 0.720830875153419
1315 -0.16040457948351114
1316 -0.18994870591495205
1317 -0.19810279337822656
1318 2.511603575656873
1319 0.3628293694428266
1320 -0.20044779119563472
1321 -0.19749576787704648
1322 0.8725969300914808
1323 0.07460593282453773
1324 0.01442764820635592
1325 0.046896274010091554
1326 -0.0002082456255874665
1327 -0.19967972439051435
1328 -0.032948394603606435
1329 -0.131992743561361
1330 1.306284598506398
1331 -0.03685559929057923
1332 0.29992536565181954
1333 0.0074004266984546985
1334 0.8829368946446401
1335 -0.1974407212109806
1336 -0.19667753909141597
1337 0.17101236827484714
1338 0.18880402435321328
1339 -0.18385885975097915
1340 -0.20029785622285856
1341 -0.20045897935551546
1342 0.5451846218616503
1343 0.07239565567524928
1344 -0.19978169786729344
1345 -0.19255451033984636
1346 0.9093654494624969
1347 0.18941921565460684
1348 -0.1964293282647324
1349 -0.168231720011144
1350 0.9168206182668556
1351 -0.20028130269332112
1352 -0.19918019244030494
1353 -0.20018506750237292
1354 -0.1997900911906893
1355 -0.20040901741419914
1356 -0.19987008666995265
1357 -0.2000682638609642
1358 -0.2004372579020927
1359 -0.2003967110883552
1360 -0.20017557683989493
1361 -0.20022516595756285
1362 -0.2001849180435974
1363 -0.20037077370272216
1364 -0.200364846200151
1365 -0.2004347557183544
1366 -0.20045950921273073
1367 -0.20044536519266218
1368 -0.2003526119029705
1369 -0.19968173849374243
1370 -0.19920501843867328
1371 -0.2004600694602463
1372 -0.19945419276209822
1373 -0.2004632740368329
1374 -0.2004557068855486
1375 -0.20046470515085077
1376 -0.17416501449005747
1377 -0.20044779119563472
1378 -0.20045897935551546
1379 -0.20046187950248412
1380 -0.20036966574030535
1381 -0.13788523583971526
1382 0.16671405647283288
1383 -0.20027878633725016
1384 0.8922466964333386
1385 -0.1945856550234065
1386 0.10534291314155175
1387 -0.1793024748800664
1388 -0.18493389659999243
1389 -0.014963495154030393
1390 0.06400833578709819
1391 -0.1996703153932025
1392 0.25297922167383297
1393 -0.1647715747468077
1394 -0.1973199100450626
1395 -0.18509068233271003
1396 -0.11041599291500065
1397 -0.1852226786692652
1398 -0.14799472400171343
1399 -0.20044494085875586
1400 0.9222072660939573
1401 0.2962575976900329
1402 -0.19966920598393997
1403 -0.08962458373230603
1404 0.9378728407625965
1405 -0.20013263343976548
1406 0.49082041031141077
1407 -0.10470279396921156
1408 2.2273992160261766
1409 -0.19112389395843277
1410 0.0713479050879147
1411 -0.05572137959470136
1412 0.946765183702521
1413 0.32900988007108845
1414 -0.200134425654339
1415 -0.03935672741599866
1416 2.439997434093903
1417 -0.1980191085674954
1418 0.02116656978143791
1419 -0.20012599583747281
1420 -0.12241824181281166
1421 0.5819767929114167
1422 0.143684327031667
1423 -0.06440000649296623
1424 0.18998946381556825
1425 -0.11973722506008114
1426 -0.13579265424407272
1427 -0.19642049490322452
1428 1.3281625567164963
1429 -0.19156752560711976
1430 -0.19998654009998582
1431 0.020525668844916814
1432 1.0403202836536733
1433 -0.19417883978314862
1434 0.3882374145083432
1435 0.4394649175684272
1436 0.09151019195274704
1437 0.08437371275907271
1438 -0.20040921770124304
1439 -0.19483234894736184
1440 2.2762426048051583
1441 -0.03061107952147707
1442 -0.1887412037391753
1443 -0.17640812284133098
1444 2.490871102896378
1445 0.20265018815616337
1446 -0.20044512825499355
1447 -0.20014057631592028
1448 0.9043839880502191
1449 -0.18396953200126592
1450 -0.18991175936544577
1451 -0.17348749245167097
1452 1.927408403308934
1453 -0.1380096754606607
1454 -0.2001920328705557
1455 -0.1997206798972274
1456 -0.06657745189389386
1457 -0.19696250896204867
1458 -0.14381926171721787
1459 -0.18527077863105595
1460 0.9467098905491836
1461 -0.1744261104514222
1462 -0.17557910582866465
1463 -0.1966109254784071
1464 -0.14782716419621847
1465 0.02894281902825742
1466 0.44394117719476966
1467 -0.17977355143238474
1468 2.417446790831667
1469 -0.1883775171598327
1470 0.27482109161775525
1471 0.10654493902605539
1472 0.9446673484570178
1473 0.5748561590756549
1474 -0.08677998506012968
1475 0.7206801464547168
1476 1.4633595193281537
1477 0.7908727041608065
1478 0.5214946911268283
1479 -0.03829823579668434
1480 2.2611791223391706
1481 -0.18417148332074218
1482 -0.1578306709122603
1483 -0.1850990666550754
1484 1.2448352381967076
1485 -0.052316961702321696
1486 -0.17831627868544736
1487 -0.20021257824582323
1488 -0.18744359223653617
1489 -0.1268451075097485
1490 -0.19602971203098515
1491 -0.18586547787421953
1492 0.00674621572951023
1493 -0.19498484220887913
1494 -0.1206945084191052
1495 -0.18565160330195585
1496 -0.2002794728765917
1497 -0.0024118537206958834
1498 -0.19050854081694707
1499 -0.13193541083916524
1500 2.3837190626859037
1501 -0.20028130269332112
1502 -0.19918019244030494
1503 -0.20018506750237292
1504 -0.1997900911906893
1505 -0.20044494085875586
1506 -0.19998654009998582
1507 -0.20013263343976548
1508 -0.2004372579020927
1509 -0.2003967110883552
1510 -0.20017557683989493
1511 -0.20022516595756285
1512 -0.2001849180435974
1513 -0.20037077370272216
1514 -0.200364846200151
1515 -0.2004347557183544
1516 -0.20045950921273073
1517 -0.20044536519266218
1518 -0.2003526119029705
1519 -0.20044512825499355
1520 -0.19920501843867328
1521 -0.2004600694602463
1522 -0.19945419276209822
1523 -0.2004632740368329
1524 -0.2004557068855486
1525 -0.20046470515085077
1526 -0.1887412037391753
1527 -0.20044779119563472
1528 -0.20045897935551546
1529 -0.20046187950248412
1530 -0.20036966574030535
1531 -0.1825860298427642
1532 -0.13955755609092288
1533 -0.11176125093147848
1534 0.9444184706878322
1535 -0.18759497375065762
1536 0.0751879505219746
1537 -0.1858645435235059
1538 1.3985146062509481
1539 0.6907371419783741
1540 -0.029350426213751946
1541 -0.19989419157991012
1542 0.9703273135450715
1543 0.20950841769782708
1544 0.009952124523461447
1545 -0.1980314658656984
1546 0.8840033882499047
1547 -0.09887882793648972
1548 -0.1920293765175105
1549 -0.20042498902864586
1550 -0.12485647490561824
1551 0.1920063475150998
1552 -0.18645835805706493
1553 -0.17862352510443796
1554 2.2052602864520745
1555 -0.18823555518007273
1556 -0.20024453800921307
1557 -0.1269386340582758
1558 2.4073496473585974
1559 0.34472844278705483
1560 -0.18350553631049654
1561 -0.18645286995116458
1562 0.15776520937142668
1563 -0.16705035594726098
1564 -0.16612097070587534
1565 -0.18832745365262313
1566 0.8880704929856781
1567 -0.07467548290937803
1568 -0.18895963415258363
1569 -0.19869982074241443
1570 -0.0703828187219247
1571 -0.19540375981046829
1572 -0.19676380313969552
1573 -0.20041944074318926
1574 2.266863198357326
1575 -0.11661068957286769
1576 -0.1964559230731729
1577 0.1862525471505028
1578 0.8906432227340113
1579 -0.1996874933252259
1580 0.028069029892233463
1581 -0.1996109982761159
1582 0.9087364341700679
1583 -0.19859190857957693
1584 0.2907151040973962
1585 -0.13956148929314185
1586 2.4713405475274333
1587 -0.20021914037255384
1588 -0.10338816113690019
1589 0.020550882859084074
1590 2.550315683171036
1591 -0.1925856308149141
1592 -0.19722445637719058
1593 -0.14039653604550878
1594 0.6460759534911396
1595 0.6849673394110277
1596 -0.1839570179425198
1597 -0.17933470646802224
1598 2.4369094691363973
1599 -0.13820702706088245
1600 0.3352220544243019
1601 -0.08290990852397895
1602 0.9291666135483345
1603 -0.1530632468470829
1604 -0.12871601495797924
1605 -0.16363593964121576
1606 2.2154105837036084
1607 0.5806182280603774
1608 -0.16679064629274623
1609 -0.18629633866645756
1610 0.9109926211446446
1611 -0.1834654432397385
1612 -0.2004470338367232
1613 0.9266906416999684
1614 0.8927606623240674
1615 -0.0018419780188451557
1616 0.7291963615634762
1617 -0.19894818019017493
1618 0.7723513530986671
1619 -0.20040270949559527
1620 0.5097412606549161
1621 -0.1943253041593927
1622 2.5341128194057525
1623 0.008159100997274848
1624 -0.04588729433343834
1625 -0.04017423902799244
1626 0.025869325681233346
1627 0.46030196893678493
1628 0.3293755895562266
1629 -0.20028289273508393
1630 1.6713097542411068
1631 -0.1650491206167279
1632 -0.20044175096950326
1633 -0.19717673999407312
1634 0.8853468678455215
1635 0.24580191820567082
1636 0.6953362769512191
1637 0.2598037377817705
1638 -0.1784266007593217
1639 0.007216873193541903
1640 -0.15462399752464323
1641 -0.11566578910379327
1642 0.25373417050019287
1643 -0.1755341197982639
1644 -0.04975540253213662
1645 -0.17551846387790143
1646 2.291248169981779
1647 -0.1988685172843594
1648 -0.01105452406456768
1649 -0.08544487820088426
1650 -0.1606706857397521
1651 -0.20028130269332112
1652 -0.19918019244030494
1653 -0.20018506750237292
1654 -0.1997900911906893
1655 -0.20044494085875586
1656 -0.19998654009998582
1657 -0.20013263343976548
1658 -0.2004372579020927
1659 -0.2003967110883552
1660 -0.20017557683989493
1661 -0.20041944074318926
1662 -0.2001849180435974
1663 -0.20037077370272216
1664 -0.200364846200151
1665 -0.2004470338367232
1666 -0.20045950921273073
1667 -0.20044536519266218
1668 -0.2003526119029705
1669 -0.20044512825499355
1670 -0.19920501843867328
1671 -0.2004600694602463
1672 -0.19945419276209822
1673 -0.2004632740368329
1674 -0.2004557068855486
1675 -0.20046470515085077
1676 -0.19717673999407312
1677 -0.20044779119563472
1678 -0.20045897935551546
1679 -0.20046187950248412
1680 -0.20036966574030535
1681 -0.16474939337281144
1682 -0.20041290566828987
1683 -0.1989852935707677
1684 0.9194478970361193
1685 0.22256574866042822
1686 -0.19460825255118927
1687 -0.19635334240392216
1688 1.6580852742996022
1689 -0.16984503868401324
1690 0.09561957209737021
1691 0.7455514632037962
1692 2.142443319689334
1693 0.5364587249598642
1694 0.22591625950565403
1695 -0.19107859514277978
1696 1.311477036916215
1697 -0.1993729584562138
1698 -0.13365493295474512
1699 0.5200726189635883
1700 0.886525678807365
1701 0.652111570764934
1702 -0.19223614711404702
1703 -0.19392374896692502
1704 0.9444260264534583
1705 0.3974473025419503
1706 0.5149738071050735
1707 -0.17338322945618934
1708 1.020035683106336
1709 0.46341195192485124
1710 -0.15951870142216043
1711 -0.2004195932228756
1712 0.8349560537424996
1713 -0.05647144707817614
1714 0.20519423567771838
1715 -0.19657778754805563
1716 2.2320276062025854
1717 -0.1996414028801005
1718 -0.11285796051154909
1719 -0.09720399492976489
1720 1.1690574005718486
1721 0.16686393278653033
1722 -0.16659043351082053
1723 0.675394843638042
1724 0.27692889185940117
1725 -0.19666282563229606
1726 -0.16658811791061123
1727 -0.1845485636472636
1728 0.8979280678976533
1729 0.671936130920015
1730 -0.20016929227907168
1731 0.49556157576021637
1732 0.9315851333364582
1733 -0.1973477525682436
1734 -0.0773654534801402
1735 0.7931411678168472
1736 0.3869898625143681
1737 -0.17556266124776143
1738 -0.017044626933101797
1739 -0.18527213846279092
1740 2.4848117823506137
1741 -0.19977499174657634
1742 -0.20043551929177386
1743 0.5720299462267066
1744 0.7112007553014551
1745 0.049576274845119506
1746 0.4883694191977068
1747 -0.18871216979220642
1748 2.4139411942050737
1749 -0.19927188755536068
1750 0.291544019410975
1751 0.17156935425469227
1752 -0.20032817926516835
1753 -0.1491024261206316
1754 -0.19666095529716016
1755 -0.10408219416790604
1756 2.1113307990662773
1757 -0.2001922747254933
1758 0.2805456433420333
1759 -0.20005078639609447
1760 2.2567887002587814
1761 -0.20043055580117825
1762 -0.1828496590571839
1763 -0.19518121552504464
1764 0.8559186723118593
1765 -0.18606759882544896
1766 0.42801760855536547
1767 0.1990618261707149
1768 0.1440277057859201
1769 -0.20045359631163748
1770 -0.06047277140935603
1771 0.5827364361181324
1772 1.3227211417759153
1773 0.06376023111049253
1774 -0.03864094206643717
1775 0.1867584345797913
1776 0.453269466223613
1777 0.0013622566291710964
1778 -0.188176040090304
1779 -0.11501322150368082
1780 1.922517239174501
1781 0.3115084639466218
1782 -0.19863775723717872
1783 -0.19717673999407312
1784 2.5517447135871945
1785 -0.17106824635160078
1786 0.2541839948552556
1787 0.8828578140736995
1788 0.8827702374792934
1789 -0.16930577086550372
1790 0.17529406937066266
1791 0.9327480888788535
1792 0.4987813211320388
1793 -0.14471240689789772
1794 -0.19860089469005643
1795 -0.1378324418126397
1796 0.8855668223916435
1797 0.6881407512415143
1798 -0.1877286535340935
1799 0.8092938416231239
1800 0.9091615090964338
1801 -0.20028130269332112
1802 -0.19918019244030494
1803 -0.20018506750237292
1804 -0.1997900911906893
1805 -0.20044494085875586
1806 -0.20032817926516835
1807 -0.20013263343976548
1808 -0.2004372579020927
1809 -0.2003967110883552
1810 -0.20017557683989493
1811 -0.20041944074318926
1812 -0.2001849180435974
1813 -0.20037077370272216
1814 -0.200364846200151
1815 -0.2004470338367232
1816 -0.20045950921273073
1817 -0.20044536519266218
1818 -0.2003526119029705
1819 -0.20044512825499355
1820 -0.20041290566828987
1821 -0.2004600694602463
1822 -0.19945419276209822
1823 -0.2004632740368329
1824 -0.2004557068855486
1825 -0.20046470515085077
1826 -0.19717673999407312
1827 -0.20044779119563472
1828 -0.20045897935551546
1829 -0.20046187950248412
1830 -0.20036966574030535
1831 -0.19277200657034604
1832 -0.1975509764518352
1833 0.13337764071254893
1834 0.8449843165185927
1835 -0.1563157287161027
1836 -0.198205480273773
1837 -0.20036014497808685
1838 0.8853171008848875
1839 -0.02688899348134484
1840 -0.19209658024659282
1841 -0.16127844033383243
1842 1.7545883108395623
1843 -0.1773079909733844
1844 0.018342334795689724
1845 -0.19500599989462894
1846 2.3455197095958007
1847 0.7001454605171996
1848 -0.13775667792869786
1849 0.19688609318467534
1850 1.884096704548028
1851 -0.03994138297413835
1852 0.18671932767647964
1853 -0.19876625586140892
1854 0.6606851834920691
1855 0.18799766065423618
1856 -0.19910555006088324
1857 0.46349936456825747
1858 -0.19663139532628138
1859 0.04196212132322519
1860 -0.16874796079447466
1861 -0.01391403820061951
1862 0.6144769635531682
1863 -0.198624971510932
1864 0.1545646875398162
1865 -0.15314276123763745
1866 -0.18801654735355036
1867 -0.17330531954676387
1868 -0.18703758782682428
1869 0.0430857583548675
1870 0.9474210442938511
1871 -0.09506944151162947
1872 -0.017248677996249587
1873 -0.08134299619130311
1874 0.8923164315976911
1875 -0.15152548564069906
1876 0.38317658540252164
1877 0.6693435891767219
1878 -0.1999050096307871
1879 -0.12235599098269562
1880 0.6970781138248355
1881 -0.018624302953539118
1882 2.3090995871141313
1883 -0.18868872056328814
1884 -0.10501866669007678
1885 -0.19365120923458867
1886 0.5842359543827326
1887 -0.18030315751616885
1888 -0.07999593268937633
1889 -0.00570458602556323
1890 2.457735100749294
1891 -0.13170807625092387
1892 -0.20040857206175405
1893 -0.19981709204867298
1894 -0.1887340194447304
1895 -0.16742931571106678
1896 0.576313118395984
1897 -0.20039981455714798
1898 -0.2004644337370811
1899 -0.03286502710399036
1900 0.24072442635239316
1901 -0.1974395477039412
1902 0.34866978673826227
1903 -0.15124314410885412
1904 -0.19905827865870426
1905 -0.20044512825499355
1906 0.9070260745701437
1907 -0.20001414213436328
1908 -0.15837668200801136
1909 -0.047748829079727106
1910 0.9222374792956378
1911 -0.06127826862109409
1912 -0.19792106790433417
1913 0.38965443285843276
1914 1.4360981603108554
1915 -0.19912418508216703
1916 -0.19167664947675447
1917 -0.18771667329339248
1918 2.103375225237014
1919 -0.19077542835106373
1920 0.564175461731074
1921 0.29018680806152714
1922 0.09393380835532592
1923 -0.09189463758954489
1924 -0.19739940809663123
1925 0.44085292309018637
1926 -0.20045444042987065
1927 -0.1041062658863347
1928 0.008526810012891392
1929 -0.19566153903316116
1930 -0.18384472737630553
1931 -0.19924939315382906
1932 -0.006310116454080042
1933 -0.1714134076526836
1934 -0.17646323258702484
1935 -0.0041642363498112095
1936 -0.19522654906530257
1937 0.013882975146053245
1938 0.902871005794917
1939 -0.13646383213906207
1940 -0.20038783121824055
1941 -0.13387644813731434
1942 0.15798073085760553
1943 -0.2002792046935557
1944 -0.0018581346536243465
1945 -0.07898900811542092
1946 1.9561986443546668
1947 0.04976305047603251
1948 -0.19670289089629328
1949 -0.1713203980012543
1950 0.2543209507608043
1951 -0.20028130269332112
1952 -0.2004644337370811
1953 -0.20018506750237292
1954 -0.1997900911906893
1955 -0.20044494085875586
1956 -0.20032817926516835
1957 -0.20013263343976548
1958 -0.2004372579020927
1959 -0.2003967110883552
1960 -0.20017557683989493
1961 -0.20041944074318926
1962 -0.2001849180435974
1963 -0.20037077370272216
1964 -0.200364846200151
1965 -0.2004470338367232
1966 -0.20045950921273073
1967 -0.20044536519266218
1968 -0.2003526119029705
1969 -0.20044512825499355
1970 -0.20041290566828987
1971 -0.2004600694602463
1972 -0.19945419276209822
1973 -0.2004632740368329
1974 -0.2004557068855486
1975 -0.20046470515085077
1976 -0.19924939315382906
1977 -0.20044779119563472
1978 -0.20045897935551546
1979 -0.20046187950248412
1980 -0.20036966574030535
1981 -0.1923593708851812
1982 -0.19717649874048587
1983 -0.19926292585652106
1984 2.1405120161537585
1985 0.5266640651008488
1986 0.49240864755326164
1987 -0.19925829093662004
1988 0.8493302006871146
1989 0.691136372931079
1990 -0.11313017618349969
1991 0.231864664881726
1992 0.911083138780904
1993 -0.18514809993990303
1994 -0.19260788962329195
1995 -0.1836760365064909
1996 2.3887211921164337
1997 -0.1960621776152211
1998 0.09770518005307299
1999 0.21553231550185925
2000 0.8900632022989642
2001 -0.20046317469287867
2002 -0.18905390041359987
2003 -0.2004568049335123
2004 0.8827644400164492
2005 0.036684058668446345
2006 -0.1944587193882029
2007 -0.18629056524493626
2008 1.6588517578431083
2009 -0.19973784272105166
2010 -0.05030512632548409
2011 0.013056374902229884
2012 -0.05290350437343905
2013 -0.18917098096568594
2014 -0.15290964309280575
2015 -0.20028942579995657
2016 0.8919887511111096
2017 -0.20026223736692583
2018 -0.2004404649565398
2019 -0.19988872663961604
2020 -0.19554287544374832
2021 -0.08637953096517989
2022 -0.11668096394925262
2023 0.32552251672790405
2024 2.1330643826117774
2025 0.6760536768132308
2026 -0.20009982549020072
2027 -0.08364456355613897
2028 2.3149613707420538
2029 -0.19841872510419054
2030 -0.1698839217187563
2031 -0.1997822766884403
2032 0.10051606059999454
2033 -0.20038745579735395
2034 -0.19752858325467068
2035 -0.20040736628871947
2036 -0.16115183184628754
2037 0.07814294821003029
2038 -0.18946515043826967
2039 -0.19976634775899038
2040 2.0902644848157386
2041 -0.1999914193905365
2042 -0.2004278403320452
2043 -0.12331137798606678
2044 0.8922540984535944
2045 -0.1862872094466399
2046 0.5492787719686402
2047 0.0819795259785834
2048 2.000916725564866
2049 -0.07668801162708941
2050 -0.20030288791384276
2051 -0.19303190365040113
2052 0.47416209731669845
2053 0.23598802103026378
2054 -0.19961387924107885
2055 -0.1791748464710281
2056 0.7781678850513517
2057 0.269810075447808
2058 -0.19936159305371484
2059 -0.20041290566828987
2060 1.5460894392914983
2061 0.4616595961988732
2062 -0.12701237629049
2063 0.47611502043654985
2064 0.906226576558158
2065 -0.1934687641865152
2066 0.3687456493020948
2067 0.5440378841451186
2068 0.3823936449262825
2069 -0.1109677829336605
2070 0.2537470759790977
2071 -0.19532175201487786
2072 0.47013723828100584
2073 -0.2004134879053727
2074 -0.20040452471875653
2075 -0.19924795854326585
2076 0.9446200336515453
2077 0.03360126950944753
2078 0.1089302280825481
2079 -0.17649979306975505
2080 0.9460055652918227
2081 -0.19699455939149665
2082 -0.1924310678237357
2083 -0.1880439904788007
2084 1.604318685130968
2085 -0.15056821272068832
2086 0.01818154037797122
2087 -0.1965518067789438
2088 0.9125416354050302
2089 -0.07880946077741846
2090 0.1278826442243648
2091 -0.18294771068280227
2092 0.28853950912161624
2093 -0.016607247278371456
2094 -0.15422798113074243
2095 -0.2000694223813227
2096 2.2340736383077133
2097 -0.10382259631709334
2098 0.26433943394943127
2099 -0.19901236703744832
2100 1.7765213942355313
2101 -0.20028130269332112
2102 -0.2004644337370811
2103 -0.20040452471875653
2104 -0.1997900911906893
2105 -0.20044494085875586
2106 -0.20046317469287867
2107 -0.20013263343976548
2108 -0.2004372579020927
2109 -0.2003967110883552
2110 -0.20026223736692583
2111 -0.20041944074318926
2112 -0.2001849180435974
2113 -0.20037077370272216
2114 -0.20040736628871947
2115 -0.2004470338367232
2116 -0.20045950921273073
2117 -0.20044536519266218
2118 -0.2003526119029705
2119 -0.20044512825499355
2120 -0.20041290566828987
2121 -0.2004600694602463
2122 -0.2004278403320452
2123 -0.2004632740368329
2124 -0.2004557068855486
2125 -0.20046470515085077
2126 -0.19924939315382906
2127 -0.20044779119563472
2128 -0.20045897935551546
2129 -0.20046187950248412
2130 -0.20036966574030535
2131 0.45196391111161316
2132 0.1994354530268341
2133 0.8754972454672558
2134 -0.12438404820809831
2135 -0.16257922889663112
2136 -0.19994798574966832
2137 -0.1974503472355283
2138 0.8646360533035802
2139 -0.1853145543958653
2140 -0.05972435493801967
2141 -0.20001166577408286
2142 1.2743063569906083
2143 0.04519180214082463
2144 -0.19658706295407805
2145 -0.1364977679263041
2146 0.9399140474811045
2147 -0.2004354498661458
2148 -0.17316426322026388
2149 -0.09560618830851175
2150 2.4365588990876956
2151 0.1024451367403991
2152 -0.1883970005798206
2153 -0.20046453928717387
2154 0.8184595865207127
2155 0.0184143987356421
2156 0.030309276686959166
2157 -0.19279632131595414
2158 1.7045326401798628
2159 -0.19839235968564983
2160 0.1497032942889722
2161 -0.1346148967752557
2162 0.7540679385379792
2163 -0.1891746386937382
2164 -0.1541436917475502
2165 -0.18278311371723516
2166 1.6180639605456044
2167 0.054813141645065566
2168 -0.044171919442077476
2169 -0.19044499406074714
2170 0.36405738295002504
2171 0.013106302657475505
2172 0.13977715026780857
2173 -0.2003106407110618
2174 1.2603439654222237
2175 -0.06462412785985203
2176 -0.19043168175555664
2177 -0.19821451393051046
2178 0.8837325276343211
2179 0.7373994124048586
2180 0.46097271127550404
2181 -0.16327044709349323
2182 0.8862552505409469
2183 -0.16458254906258712
2184 0.08060860018146959
2185 -0.20040736628871947
2186 1.6189272789584006
2187 0.6790742538549555
2188 -0.033955729853765215
2189 -0.12418596968353413
2190 0.9467336756968847
2191 -0.03144231114823487
2192 -0.04356631204712995
2193 -0.10884681189106299
2194 2.05194429458335
2195 0.21829632555037506
2196 0.6848943362136417
2197 0.9007966902866384
2198 -0.1628962048375687
2199 -0.19951849089017323
2200 0.3016311712538964
2201 0.03843252774478885
2202 0.2885926974650172
2203 -0.18257623128800007
2204 -0.19991196893839727
2205 0.07592583310558937
2206 -0.16246901847684386
2207 -0.13631147473821997
2208 -0.1783503001544935
2209 0.02595575651439025
2210 0.8832468368707904
2211 0.5562729866367512
2212 0.002872744674096983
2213 0.0828287494692948
2214 0.19963800186561823
2215 -0.0677091038664564
2216 -0.04818047363527678
2217 0.12725829255045812
2218 0.6068376386024515
2219 -0.20046157015291055
2220 0.2346188963570622
2221 0.3725826141899268
2222 0.9362230519679289
2223 0.1965934238215365
2224 -0.15831577223705165
2225 -0.20025527994009723
2226 0.8952547883841078
2227 -0.1947094879696231
2228 0.5333623830917541
2229 -0.08613277033915584
2230 2.463149466904855
2231 0.011349240801414251
2232 -0.11716740925102273
2233 -0.19509036165514215
2234 2.4354362286048916
2235 -0.16209207715621157
2236 0.1002034088432983
2237 -0.11571931935907559
2238 0.28181018636620436
2239 -0.08887490777060567
2240 -0.15291411697833557
2241 -0.019576126418528295
2242 0.6725737288993227
2243 0.2399594436517826
2244 0.025756163956915268
2245 -0.19300152948247268
2246 2.4955758174126648
2247 0.43574549505485227
2248 -0.17049824681999695
2249 -0.19973495595606583
2250 -0.1549683121142097
2251 -0.20028130269332112
2252 -0.2004644337370811
2253 -0.20040452471875653
2254 -0.1997900911906893
2255 -0.20044494085875586
2256 -0.20046453928717387
2257 -0.20013263343976548
2258 -0.2004372579020927
2259 -0.2003967110883552
2260 -0.20026223736692583
2261 -0.20041944074318926
2262 -0.2001849180435974
2263 -0.20037077370272216
2264 -0.20040736628871947
2265 -0.2004470338367232
2266 -0.20045950921273073
2267 -0.20044536519266218
2268 -0.2003526119029705
2269 -0.20044512825499355
2270 -0.20041290566828987
2271 -0.2004600694602463
2272 -0.2004278403320452
2273 -0.2004632740368329
2274 -0.2004557068855486
2275 -0.20046470515085077
2276 -0.19924939315382906
2277 -0.20044779119563472
2278 -0.20045897935551546
2279 -0.20046187950248412
2280 -0.20036966574030535
2281 -0.180384468618766
2282 -0.16468473485769197
2283 -0.19569200038019316
2284 0.38943748927614913
2285 0.12352777128370088
2286 0.6268440859823285
2287 -0.1434609980991195
2288 2.4313886894683634
2289 -0.1784468603566631
2290 -0.18971225383083792
2291 -0.2000821123416351
2292 0.762901201438797
2293 -0.14003774258102633
2294 -0.015031017890152626
2295 0.2030845426259381
2296 -0.05579058802866771
2297 -0.16565513721948016
2298 -0.19863727895612707
2299 -0.19698626564445298
2300 -0.17335405730161588
2301 -0.19699097388997752
2302 -0.20041976801817626
2303 0.9225894624044741
2304 0.8967477424747423
2305 0.09593548974661173
2306 -0.19981331542234995
2307 -0.19236114341657226
2308 1.2085308220218756
2309 0.014386437791886433
2310 -0.147108013992088
2311 -0.19954398464001194
2312 1.9903499785485201
2313 0.5847611613316605
2314 -0.16407178604960704
2315 -0.1983573880813951
2316 -0.20044726999933857
2317 -0.19816977620566828
2318 -0.1374035552997149
2319 -0.19771769280157406
2320 2.3870535988885107
2321 -0.1694295372009758
2322 0.26327702561786576
2323 -0.20039973957458013
2324 1.3499036067030539
2325 0.5148871275204135
2326 -0.08166291473716925
2327 0.36401489277930926
2328 0.2531028075284998
2329 -0.1938522733065366
2330 -0.07188610921006269
2331 0.35225882460967245
2332 0.05347756057921088
2333 -0.17948378351397504
2334 0.1710970948705573
2335 -0.19025812914880735
2336 0.9470994475989292
2337 0.4154694152007183
2338 -0.1845158541195424
2339 0.7135627455419057
2340 -0.2004110731550634
2341 -0.04321257983735578
2342 0.31126360347359605
2343 -0.06772353358728461
2344 0.009500982149810266
2345 -0.1974484668782866
2346 -0.11878261096021503
2347 0.7882807886677692
2348 1.153200561942198
2349 0.09979710812694488
2350 -0.18696370215747898
2351 -0.052277002548754115
2352 0.9471500049898158
2353 0.16306719418563806
2354 -0.1883494683572211
2355 -0.19938838532736536
2356 -0.19215512187791278
2357 -0.19965382357961833
2358 -0.049250176853201516
2359 -0.19977549298884134
2360 -0.1641167804249568
2361 -0.09959113342409412
2362 -0.19559353862381124
2363 -0.19592169415361038
2364 0.921261689993154
2365 -0.19117303456311094
2366 -0.1959828382830758
2367 0.19957002829454784
2368 0.9422485926496627
2369 0.16545504646746245
2370 -0.14755293657080984
2371 -0.1916890894958163
2372 0.8941924406074208
2373 -0.10475402760006577
2374 -0.12911898294627658
2375 0.1681996816421391
2376 -0.1976939810927175
2377 -0.1997669085171539
2378 -0.14466716863154233
2379 -0.03940037905189969
2380 -0.06776151945715006
2381 -0.12228968728862036
2382 -0.2003319721562194
2383 -0.2000830967076343
2384 2.4107255976775233
2385 -0.18191757902016734
2386 0.25976536151262575
2387 0.051476333650539274
2388 -0.1944302761609511
2389 0.4221848261033637
2390 0.1267736428146378
2391 -0.09951450620553426
2392 0.748631811305583
2393 -0.20024160747562667
2394 -0.2004510640717699
2395 -0.20022491872306103
2396 1.3872042729092922
2397 -0.1992088385511101
2398 -0.07036968489409154
2399 -0.2004617700517901
2400 -0.16803597262191694
2401 -0.2004110731550634
2402 -0.2004644337370811
2403 -0.20040452471875653
2404 -0.1997900911906893
2405 -0.20044494085875586
2406 -0.20046453928717387
2407 -0.20013263343976548
2408 -0.2004372579020927
2409 -0.2003967110883552
2410 -0.20026223736692583
2411 -0.20041944074318926
2412 -0.2001849180435974
2413 -0.20037077370272216
2414 -0.20040736628871947
2415 -0.2004470338367232
2416 -0.20045950921273073
2417 -0.20044536519266218
2418 -0.2003526119029705
2419 -0.20044512825499355
2420 -0.20041290566828987
2421 -0.2004600694602463
2422 -0.2004278403320452
2423 -0.2004632740368329
2424 -0.2004557068855486
2425 -0.20046470515085077
2426 -0.2000830967076343
2427 -0.20044779119563472
2428 -0.20045897935551546
2429 -0.20046187950248412
2430 -0.2004617700517901
