{
	"version": "0.3.14", 
	"suite": "unknown_suite", 
	"function_id": 14, 
	"function_name": "DifferentPowers", 
	"maximization": false, 
	"algorithm": {"name": "DE", "info": "algorithm_info"},
	"attributes": ["evaluations", "raw_y"],
	"scenarios": [
		{"dimension": 23,
		"path": "data_f14_DifferentPowers/IOHprofiler_f14_DIM23.dat",
		"runs": [
			{"instance": 0, "evals": 221, "best": {"evals": 178, "y": 34.54701764693784, "x": [1.439941558820622, 3.8772707981003762, 3.404681571411531, 4.4109691474866715, 3.35302495589238, -1.7921993502826417, 4.889305926783756, -1.0370664955986184, 0.9089294318824184, -0.9610213582987628, -2.6658031720949174, 3.1034584676371657, -2.7350422480206205, 3.967294340651689, 1.122717658352531, -2.6822224869598927, -1.132646536994626, -0.5363135348741448, -1.3861639449940513, 3.822066201448287, 0.39905839502212537, 0.8451354955791381, -0.5098463079250954]}},
			{"instance": 0, "evals": 221, "best": {"evals": 152, "y": 27.34800531190466, "x": [1.5855830659677963, -1.8264570279785728, 2.5897683185403064, -1.3994009806927399, -0.7334184008718077, 2.1687160078657777, 2.6979518311040667, 1.8735697874348853, 2.1532231052913566, 2.039359073278309, 0.9368461990873325, -0.2716354349008525, -2.3446925741597062, 1.567561821545861, -0.1350419733891397, -3.2792401474469726, 0.17231527953719783, 3.5781017743431045, -3.415447349772483, -0.8416942535681184, 0.1524677221254116, -1.8494166792717044, -1.7269627479356755]}},
			{"instance": 0, "evals": 221, "best": {"evals": 218, "y": 47.502280332731104, "x": [-2.0449512447996563, 4.601709968646803, 2.2087692723238463, 3.2240207898972617, 3.5753026191612607, 4.365364277770519, 0.9911120092300179, 3.077001065265365, -3.7775496874122574, -1.6983066485597713, 2.2382489986178404, 3.5314531655859156, -2.7724708424592173, 4.191423118719488, -1.4265704888701705, 1.1133101212346244, -2.317312151294228, -2.514960398180318, 1.4068146430180621, 0.6526957224872538, -1.074338332581341, 0.3041082921957612, 2.3185185854359798]}},
			{"instance": 0, "evals": 221, "best": {"evals": 178, "y": 41.6619945983629, "x": [-3.352059626238963, -4.6887985429675165, 0.3175878557392524, -1.2160920468884502, 2.6777405647708883, -0.09900521231277803, 3.379041225560443, -1.9179669575351646, -0.8650870850631982, 3.77199552770364, 2.951957415363519, -1.3999196844661754, -2.298069785625009, 1.5812459292359475, 4.060464883979574, 1.531457188651093, -1.1182371384651542, -3.0754989626003493, -1.2544903659670248, -4.552148364516082, -0.6037946208956573, 0.47156935477220596, -1.3951327832388296]}},
			{"instance": 0, "evals": 221, "best": {"evals": 111, "y": 24.54304685245897, "x": [0.7984490148386238, 0.7825633747220899, 2.083273840501219, -2.4959196495310225, 1.7817069744099538, 0.6726203387679437, 4.5740272601871546, -0.7724405486583659, -2.405542775848273, 1.1584335586899295, -1.4188378349572996, -1.4546040053784024, -1.8174322236687934, 0.6566933203370693, 0.8006445398438933, -2.249046233970007, 0.02594762553249419, -2.3284768988715134, -2.113479516870341, 1.5808713617657604, -1.2560482029317976, 1.3901259421343317, 3.6439890553615344]}},
			{"instance": 0, "evals": 221, "best": {"evals": 157, "y": 47.42625494989346, "x": [0.9941056196837197, -0.8330071795656115, 1.0237550682809395, 4.302959407264291, 1.2016869345079888, 0.1749798534950937, 0.5241044671552606, 3.8426908942458895, 2.283463858856817, 0.23493922972404613, 3.1079207216282825, 3.5244572096293894, -4.6087031688106235, 4.218621910644707, 2.1360422679474778, -1.0177852103482499, 3.582296560840507, -0.8283749770642326, -3.809430177235533, -2.943274448858533, -4.179820955509822, -4.31194846242946, -2.283331933169853]}},
			{"instance": 0, "evals": 221, "best": {"evals": 215, "y": 30.848673215658113, "x": [2.9586530476931845, -3.7961066133549544, 2.958455578738887, -0.9937099387856247, 0.38357156800775627, 2.6662427221291285, 4.883045675907983, 3.8439727638525873, -1.3452529092374832, -1.5765358604404867, 3.6155725481918757, 1.3982269279924981, -3.018923354515665, -0.39301696575714207, -0.672493729516213, -1.5943270618096066, 4.202892090123392, 3.1632528778428592, 0.7266240912064106, 0.5196668576136427, -1.8242178215114273, -1.7078833928851993, -0.7522872497024642]}},
			{"instance": 0, "evals": 221, "best": {"evals": 132, "y": 24.837304538409423, "x": [-4.075990525672057, 1.7794845514108024, 4.307267492442422, 1.9009312205171476, 2.091270981590239, -0.16007542877864278, 1.3410806479533108, 0.7402629970631884, 2.3656872565912455, 1.5030078843635772, -0.7760988125609867, -4.735979250963886, -3.7421448982195207, 4.7191144174993465, 3.7320254122383325, 0.7491667073818589, -2.0130889052102487, 0.7227068892368553, -3.8903363250280543, -4.8849844967286415, -1.1787970296521921, -0.3910493033351572, -2.1060717197806564]}},
			{"instance": 0, "evals": 221, "best": {"evals": 39, "y": 31.576790395178776, "x": [0.17113107051313747, 4.895332236756367, 3.077866436700509, 1.1759932373280098, 1.9398366406994718, -2.86071205654723, 0.884591228221657, 1.7881777603195417, -3.646417415345482, 2.1475357070604417, 3.262664274789909, -1.9548806952328188, -0.12195779343287194, 1.7014973208726962, -1.1324579958357006, -3.202775880878513, -4.081046347326951, 0.1650080605709121, -3.4987204738805424, -4.9675230356367255, 2.273065425127446, 0.35058171516252123, 4.036997826884809]}},
			{"instance": 0, "evals": 221, "best": {"evals": 177, "y": 38.1721093997366, "x": [-0.23926429284877315, -0.21048258938733344, 0.3476737525003526, 1.663922616412628, 1.3166639467322285, 1.0290818158370243, 2.8742249062935565, 2.2409944648243, 1.6303742796162939, -0.20703038706038424, 2.1398228031886113, -1.818022722948439, -0.054369503293195454, 3.6593693748709515, -0.7598739874353093, 2.400670198370455, 1.4542777520772507, -1.8275340336036883, -0.15783554164363567, -3.0767555563018223, -4.81597595333815, 0.387547447315959, 0.5241527802199979]}},
			{"instance": 0, "evals": 221, "best": {"evals": 172, "y": 15.73537688730311, "x": [2.1305495969189083, -0.31795825723041027, 3.177719202125319, 1.4164232348099817, 0.7372858056329259, -0.018237601375657775, 2.5138526064850835, 2.585337554774303, 3.0332876991668742, -0.9446735309211638, 3.164378486552563, 1.471906062757737, -1.4740148307187904, 1.5772056475709393, 0.5007613497993939, -4.737551113146824, -1.904800760381827, 0.23619522373283086, -1.8023909084788303, -2.791848916283696, -1.8263499369122629, -1.4266787894265933, 4.081657629655891]}},
			{"instance": 0, "evals": 221, "best": {"evals": 192, "y": 33.07523095545102, "x": [-1.2415618212685713, -1.0200149026081857, 3.161353101172601, -1.4975676533957518, 0.631398904512503, -2.3670925288915594, 0.3410181167059916, 3.084376458609497, -1.3930515323105759, 1.5988215881583465, 4.790309588572756, -4.567102834463679, -2.0392199967997975, 1.302467742042439, -1.8930184413312174, 0.15045663318114144, -0.8029075834966173, 3.29283120346447, -3.309530166302068, 0.1594276334824798, -1.9332787871633657, 1.4962690375871166, 3.9678575335871265]}},
			{"instance": 0, "evals": 221, "best": {"evals": 157, "y": 33.79495736319411, "x": [0.829737756086586, 0.34698504305635325, 3.24562594016028, 1.4012793047049117, 2.9265614568075353, 2.831209381501024, 3.2575401416500314, 2.402927113799162, -0.23072781555008692, 2.658418392727855, -0.3618643653985467, 1.8690929707794357, -4.5861679609986465, 1.6088714077770863, 1.2050213714225024, -0.15609245682109618, -1.752501077751536, 1.0614059896254218, -2.1921006618212253, -1.3306999866751568, -2.0562770560483834, -2.4407153185961783, -2.9900118275787877]}},
			{"instance": 0, "evals": 221, "best": {"evals": 160, "y": 23.52772707123039,