algname,fid,iid,dim,mabbob_instance_id,problem_name,auc_mean,auc_std,source
modde_lshade,-100,61,5,61,MABBOB_61,0.14327955097956888,0.03583155204238696,BASELINE
modcma_bipop,-100,107,5,107,MABBOB_107,0.05927794062273593,0.03847459766671601,BASELINE
ng_Powell,-100,558,5,558,MABBOB_558,0.04217636331670163,0.0,BASELINE
ng_DE,-100,97,5,97,MABBOB_97,0.05469417931603031,0.03146681565907144,BASELINE
modcma_base,-100,530,5,530,MABBOB_530,0.017598858834700914,0.01961045976177229,BASELINE
ng_Powell,-100,680,5,680,MABBOB_680,0.05092931875708383,0.0,BASELINE
ng_DiagonalCMA,-100,898,5,898,MABBOB_898,0.11307930896028398,0.013673186079100563,BASELINE
ng_OnePlusOne,-100,348,5,348,MABBOB_348,0.4653064202060285,0.2237415178026969,BASELINE
ng_OnePlusOne,-100,176,5,176,MABBOB_176,0.2159293284535428,0.08854865848835047,BASELINE
ng_Powell,-100,88,5,88,MABBOB_88,0.3083797213941783,0.0,BASELINE
modcma_bipop,-100,523,5,523,MABBOB_523,0.022052368693582937,0.006060887107165669,BASELINE
ng_DiagonalCMA,-100,530,5,530,MABBOB_530,0.03195156114312222,0.014473541296248076,BASELINE
ng_OnePlusOne,-100,415,5,415,MABBOB_415,0.05520266622895341,0.022022990337003185,BASELINE
modcma_base,-100,738,5,738,MABBOB_738,0.0313529787752535,0.021439717251104468,BASELINE
modde_lshade,-100,531,5,531,MABBOB_531,0.1961893472322786,0.11912176559042208,BASELINE
ng_OnePlusOne,-100,212,5,212,MABBOB_212,0.041145124694576596,0.006788297351963611,BASELINE
ng_DE,-100,390,5,390,MABBOB_390,0.009798782436942545,0.008609051067533917,BASELINE
ng_DiagonalCMA,-100,284,5,284,MABBOB_284,0.29180911278963045,0.2026982024411067,BASELINE
modde_lshade,-100,207,5,207,MABBOB_207,0.3013700228283847,0.057667297501335577,BASELINE
ng_DiagonalCMA,-100,950,5,950,MABBOB_950,0.14002548320817026,0.02770152913572975,BASELINE
ng_DE,-100,190,5,190,MABBOB_190,0.11057677166507451,0.20584247228208086,BASELINE
modcma_base,-100,15,5,15,MABBOB_15,0.042041496393336424,0.06399078241331073,BASELINE
ng_MultiBFGS,-100,88,5,88,MABBOB_88,0.03459741793382255,0.005128050721337417,BASELINE
modcma_bipop,-100,965,5,965,MABBOB_965,0.3117616906769224,0.24150868536313833,BASELINE
ng_DE,-100,961,5,961,MABBOB_961,0.1284639694663285,0.048286105925629166,BASELINE
modde_lshade,-100,388,5,388,MABBOB_388,0.13580511310071772,0.09295062158597003,BASELINE
modcma_base,-100,706,5,706,MABBOB_706,0.1215698503218767,0.05464755090668247,BASELINE
ng_DE,-100,763,5,763,MABBOB_763,0.03900342674033823,0.026276633658784895,BASELINE
ng_DiagonalCMA,-100,706,5,706,MABBOB_706,0.49651591165266806,0.1312022848832788,BASELINE
modde_base,-100,997,5,997,MABBOB_997,0.09499067796933847,0.06207240624207545,BASELINE
modcma_bipop,-100,555,5,555,MABBOB_555,0.10753098393896454,0.04566515222585476,BASELINE
ng_DiagonalCMA,-100,975,5,975,MABBOB_975,0.14351935063164065,0.02605181556225582,BASELINE
modde_lshade,-100,508,5,508,MABBOB_508,0.10215848989644463,0.07894386181363541,BASELINE
ng_Powell,-100,520,5,520,MABBOB_520,0.038105301390915336,0.0,BASELINE
modde_base,-100,901,5,901,MABBOB_901,0.16732006761433532,0.13397469261039618,BASELINE
modcma_bipop,-100,989,5,989,MABBOB_989,0.016610461075292588,0.008279368729849577,BASELINE
ng_Powell,-100,646,5,646,MABBOB_646,0.23079861040716004,0.0,BASELINE
modde_base,-100,2,5,2,MABBOB_2,0.2855488163708578,0.3419703222132323,BASELINE
ng_DiagonalCMA,-100,520,5,520,MABBOB_520,0.0942267444269439,0.03020571058148824,BASELINE
modcma_base,-100,688,5,688,MABBOB_688,0.07309444046011235,0.04632680305277989,BASELINE
ng_Powell,-100,461,5,461,MABBOB_461,0.020307276027327657,0.0,BASELINE
modcma_base,-100,105,5,105,MABBOB_105,0.07479259849209205,0.01013134263148519,BASELINE
ng_OnePlusOne,-100,604,5,604,MABBOB_604,0.4493949936010286,0.2571804447679712,BASELINE
ng_DiagonalCMA,-100,836,5,836,MABBOB_836,0.13914803918822527,0.038951786343290766,BASELINE
ng_DiagonalCMA,-100,329,5,329,MABBOB_329,0.12344426587563853,0.06989328502214708,BASELINE
modcma_base,-100,922,5,922,MABBOB_922,0.1068135041401606,0.04339809825877213,BASELINE
ng_DE,-100,371,5,371,MABBOB_371,0.280747758494861,0.20380597789585256,BASELINE
modcma_base,-100,795,5,795,MABBOB_795,0.14691129584168172,0.09358192036407062,BASELINE
ng_DE,-100,405,5,405,MABBOB_405,0.06109841107333854,0.007977257144989003,BASELINE
ng_Powell,-100,911,5,911,MABBOB_911,0.42967204708008533,5.551115123125783e-17,BASELINE
ng_DE,-100,114,5,114,MABBOB_114,0.21255886078599673,0.054274860193108544,BASELINE
ng_OnePlusOne,-100,964,5,964,MABBOB_964,0.24143720399566776,0.103190112016677,BASELINE
modde_base,-100,368,5,368,MABBOB_368,0.12640965647175642,0.1930763194038544,BASELINE
modcma_base,-100,662,5,662,MABBOB_662,0.05698100771248724,0.05481977497293725,BASELINE
modde_lshade,-100,876,5,876,MABBOB_876,0.14367630732690503,0.10042524160873002,BASELINE
ng_OnePlusOne,-100,221,5,221,MABBOB_221,0.587386595758641,0.20295393810597576,BASELINE
ng_OnePlusOne,-100,82,5,82,MABBOB_82,0.10773689706239202,0.0845569307659737,BASELINE
ng_MultiBFGS,-100,423,5,423,MABBOB_423,0.5125260905468926,0.2630129791442042,BASELINE
modcma_bipop,-100,898,5,898,MABBOB_898,0.02362489839844908,0.01929051884644043,BASELINE
modcma_bipop,-100,646,5,646,MABBOB_646,0.03325047308248201,0.02138376720602278,BASELINE
ng_Powell,-100,870,5,870,MABBOB_870,0.13236652504729296,0.0,BASELINE
modde_base,-100,795,5,795,MABBOB_795,0.22833634672575634,0.12367325587834195,BASELINE
ng_OnePlusOne,-100,528,5,528,MABBOB_528,0.030287091011279195,0.025492178123525947,BASELINE
modde_base,-100,688,5,688,MABBOB_688,0.12318180425029338,0.08327084938752932,BASELINE
ng_DiagonalCMA,-100,147,5,147,MABBOB_147,0.07833781091173073,0.01235370446487005,BASELINE
ng_OnePlusOne,-100,270,5,270,MABBOB_270,0.19374046562124994,0.026000102768314107,BASELINE
ng_MultiBFGS,-100,738,5,738,MABBOB_738,0.1599983408136977,0.2279030742879862,BASELINE
modcma_bipop,-100,731,5,731,MABBOB_731,0.07059386862722623,0.08482524789302637,BASELINE
modde_lshade,-100,642,5,642,MABBOB_642,0.07662774503139493,0.05555803066198022,BASELINE
ng_DiagonalCMA,-100,949,5,949,MABBOB_949,0.23276016880150766,0.046062665711257104,BASELINE
ng_OnePlusOne,-100,74,5,74,MABBOB_74,0.018307832277448782,0.016079356806638426,BASELINE
modcma_bipop,-100,243,5,243,MABBOB_243,0.010351317220112025,0.007910368531904945,BASELINE
modde_lshade,-100,147,5,147,MABBOB_147,0.12060994662513425,0.0751407600464413,BASELINE
ng_Powell,-100,246,5,246,MABBOB_246,0.1251339976673898,0.0,BASELINE
ng_DE,-100,421,5,421,MABBOB_421,0.15161079334686656,0.08955821195017812,BASELINE
modcma_bipop,-100,783,5,783,MABBOB_783,0.05486502917442278,0.020359774149163155,BASELINE
modcma_bipop,-100,891,5,891,MABBOB_891,0.09104098141168063,0.10174820185540706,BASELINE
modcma_base,-100,759,5,759,MABBOB_759,0.276755891091884,0.06342411121286352,BASELINE
modde_base,-100,177,5,177,MABBOB_177,0.09658831082655348,0.05088121956231196,BASELINE
modde_lshade,-100,74,5,74,MABBOB_74,0.024289431940990775,0.01182850744497333,BASELINE
ng_DiagonalCMA,-100,404,5,404,MABBOB_404,0.08555331011411213,0.004904688243526906,BASELINE
modde_lshade,-100,103,5,103,MABBOB_103,0.11044530156148982,0.06961014085282777,BASELINE
modcma_bipop,-100,740,5,740,MABBOB_740,0.06859320533352545,0.04648009325174527,BASELINE
modcma_bipop,-100,259,5,259,MABBOB_259,0.029209017268688325,0.01892973446859912,BASELINE
ng_DiagonalCMA,-100,747,5,747,MABBOB_747,0.09136997975443031,0.028853214684303498,BASELINE
ng_MultiBFGS,-100,243,5,243,MABBOB_243,0.47715751878935286,0.36591171985306475,BASELINE
ng_Powell,-100,40,5,40,MABBOB_40,0.12063920535187336,0.0,BASELINE
modcma_bipop,-100,827,5,827,MABBOB_827,0.07253230590771194,0.015366696343934838,BASELINE
ng_Powell,-100,949,5,949,MABBOB_949,0.28888694862016145,0.0,BASELINE
modde_base,-100,592,5,592,MABBOB_592,0.3439931433670987,0.10170900490931588,BASELINE
ng_DiagonalCMA,-100,204,5,204,MABBOB_204,0.21257488186639933,0.037516710554752926,BASELINE
modcma_base,-100,919,5,919,MABBOB_919,0.10874144950059686,0.05376873197676305,BASELINE
ng_OnePlusOne,-100,688,5,688,MABBOB_688,0.09396897439322786,0.03681940733504318,BASELINE
ng_DiagonalCMA,-100,344,5,344,MABBOB_344,0.09475290901519505,0.01018020970648813,BASELINE
modde_base,-100,275,5,275,MABBOB_275,0.20062524881261568,0.08466522636612572,BASELINE
ng_DE,-100,766,5,766,MABBOB_766,0.04632111607451524,0.02223163523014746,BASELINE
modde_base,-100,118,5,118,MABBOB_118,0.10418721421145398,0.13820501684732547,BASELINE
ng_MultiBFGS,-100,61,5,61,MABBOB_61,0.5312023189776056,0.22442471919469237,BASELINE
ng_Powell,-100,997,5,997,MABBOB_997,0.44740771266964474,0.0,BASELINE
ng_DiagonalCMA,-100,870,5,870,MABBOB_870,0.21208843802369443,0.1855053315884612,BASELINE
ng_DiagonalCMA,-100,451,5,451,MABBOB_451,0.07876457216529967,0.009851103787504676,BASELINE
ng_Powell,-100,862,5,862,MABBOB_862,0.4734999993126994,0.0,BASELINE
ng_DE,-100,695,5,695,MABBOB_695,0.07783087958996313,0.05016682870934247,BASELINE
modde_base,-100,99,5,99,MABBOB_99,0.28040898454580837,0.15014219133115783,BASELINE
ng_Powell,-100,257,5,257,MABBOB_257,0.1167734703986846,1.3877787807814457e-17,BASELINE
ng_Powell,-100,855,5,855,MABBOB_855,0.44679719885592,0.0,BASELINE
ng_MultiBFGS,-100,413,5,413,MABBOB_413,0.7837970618916912,0.1791517839719909,BASELINE
modcma_base,-100,268,5,268,MABBOB_268,0.19950618020096658,0.05193311973408423,BASELINE
ng_MultiBFGS,-100,15,5,15,MABBOB_15,0.5554273093163784,0.2738765786649947,BASELINE
ng_OnePlusOne,-100,756,5,756,MABBOB_756,0.2355156736047294,0.1873283006313913,BASELINE
modcma_base,-100,243,5,243,MABBOB_243,0.010351317220112025,0.007910368531904945,BASELINE
ng_Powell,-100,811,5,811,MABBOB_811,0.21842155734058727,2.7755575615628914e-17,BASELINE
ng_OnePlusOne,-100,259,5,259,MABBOB_259,0.01446999203066981,0.0020614826323529325,BASELINE
modcma_bipop,-100,787,5,787,MABBOB_787,0.12474713185191381,0.09835247613663613,BASELINE
modde_base,-100,176,5,176,MABBOB_176,0.3444467467339508,0.13111318309174155,BASELINE
ng_DE,-100,415,5,415,MABBOB_415,0.15933806752316348,0.07526512749868125,BASELINE
ng_MultiBFGS,-100,177,5,177,MABBOB_177,0.823001608877062,0.1095409466278436,BASELINE
ng_OnePlusOne,-100,812,5,812,MABBOB_812,0.07909385536557445,0.041696124842777904,BASELINE
ng_Powell,-100,772,5,772,MABBOB_772,0.4143986523468655,0.0,BASELINE
ng_DiagonalCMA,-100,980,5,980,MABBOB_980,0.11334516073761011,0.03529698507707602,BASELINE
ng_OnePlusOne,-100,991,5,991,MABBOB_991,0.016161247664563456,0.005807564170313263,BASELINE
ng_OnePlusOne,-100,162,5,162,MABBOB_162,0.07927753049909134,0.08285615795323344,BASELINE
ng_DiagonalCMA,-100,259,5,259,MABBOB_259,0.06580802847350425,0.013460043994460071,BASELINE
ng_DiagonalCMA,-100,181,5,181,MABBOB_181,0.06161191787542426,0.01664805052160153,BASELINE
ng_DiagonalCMA,-100,862,5,862,MABBOB_862,0.1730286711220202,0.06936684088803184,BASELINE
ng_OnePlusOne,-100,34,5,34,MABBOB_34,0.05493781304907712,0.012769380940797312,BASELINE
ng_MultiBFGS,-100,788,5,788,MABBOB_788,0.1418553405810097,0.10685111387928443,BASELINE
modcma_bipop,-100,217,5,217,MABBOB_217,0.09896625941787843,0.05546347899389797,BASELINE
modcma_bipop,-100,61,5,61,MABBOB_61,0.08094018722766567,0.03035926476314879,BASELINE
modcma_bipop,-100,147,5,147,MABBOB_147,0.043143990376662764,0.026112307768892846,BASELINE
modcma_bipop,-100,812,5,812,MABBOB_812,0.037635730673859516,0.013593932324920155,BASELINE
modcma_bipop,-100,373,5,373,MABBOB_373,0.1728364424405633,0.1389022930356863,BASELINE
ng_MultiBFGS,-100,166,5,166,MABBOB_166,0.6207741332538392,0.28946262194424566,BASELINE
ng_DiagonalCMA,-100,827,5,827,MABBOB_827,0.1001792813035975,0.011042755280143327,BASELINE
modde_lshade,-100,918,5,918,MABBOB_918,0.22429192983328083,0.051832993112384075,BASELINE
modcma_base,-100,677,5,677,MABBOB_677,0.06256812618876925,0.032403855891405715,BASELINE
modde_base,-100,906,5,906,MABBOB_906,0.055025825674587824,0.05401817674066788,BASELINE
modcma_base,-100,367,5,367,MABBOB_367,0.07262729715103908,0.05322469470103204,BASELINE
modcma_bipop,-100,190,5,190,MABBOB_190,0.005197772666207218,0.0022745517489888307,BASELINE
ng_DiagonalCMA,-100,566,5,566,MABBOB_566,0.6146564336762659,0.033681145105315946,BASELINE
modde_lshade,-100,714,5,714,MABBOB_714,0.14655451891338753,0.21248300622924318,BASELINE
modcma_bipop,-100,330,5,330,MABBOB_330,0.08189117144183422,0.025100821577332597,BASELINE
ng_Powell,-100,965,5,965,MABBOB_965,0.7452127728900564,0.0,BASELINE
ng_DiagonalCMA,-100,772,5,772,MABBOB_772,0.3114255899550429,0.1318585080310139,BASELINE
modde_lshade,-100,713,5,713,MABBOB_713,0.06374745412307577,0.05096176789536347,BASELINE
modde_lshade,-100,538,5,538,MABBOB_538,0.20537209798344191,0.04826085685971784,BASELINE
ng_MultiBFGS,-100,257,5,257,MABBOB_257,0.0935530892862351,0.035804957941159544,BASELINE
ng_Powell,-100,270,5,270,MABBOB_270,0.1873397357935394,0.0,BASELINE
modde_lshade,-100,798,5,798,MABBOB_798,0.2653949901298762,0.08832447259692686,BASELINE
ng_Powell,-100,491,5,491,MABBOB_491,0.27020604725155484,0.0,BASELINE
modcma_bipop,-100,305,5,305,MABBOB_305,0.06036952946989789,0.028847228428848515,BASELINE
modde_base,-100,566,5,566,MABBOB_566,0.2012449656937326,0.042345391353973444,BASELINE
modde_lshade,-100,709,5,709,MABBOB_709,0.17639176560681516,0.07286535599794171,BASELINE
ng_DE,-100,404,5,404,MABBOB_404,0.204376571532035,0.36554833262723135,BASELINE
modcma_bipop,-100,349,5,349,MABBOB_349,0.1564382466717175,0.06352129765136562,BASELINE
modde_base,-100,418,5,418,MABBOB_418,0.2279241991395972,0.26534122909600116,BASELINE
modde_lshade,-100,618,5,618,MABBOB_618,0.1880511486212488,0.06060668089625002,BASELINE
modde_base,-100,699,5,699,MABBOB_699,0.17372420251646584,0.10730205924387232,BASELINE
modcma_base,-100,1,5,1,MABBOB_1,0.04332129698146536,0.021707291428946843,BASELINE
ng_Powell,-100,565,5,565,MABBOB_565,0.21404416360097916,0.0,BASELINE
ng_MultiBFGS,-100,373,5,373,MABBOB_373,0.7687546826896021,0.1504592077998195,BASELINE
modcma_base,-100,597,5,597,MABBOB_597,0.09708115463077101,0.04489751379143637,BASELINE
ng_MultiBFGS,-100,324,5,324,MABBOB_324,0.6393390558024035,0.25844575616508914,BASELINE
ng_Powell,-100,542,5,542,MABBOB_542,0.23008023749257484,2.7755575615628914e-17,BASELINE
modcma_bipop,-100,642,5,642,MABBOB_642,0.06908552727758782,0.05955533600336102,BASELINE
ng_DiagonalCMA,-100,714,5,714,MABBOB_714,0.05522640752176642,0.010076440311000127,BASELINE
ng_Powell,-100,215,5,215,MABBOB_215,0.5013767546584519,0.0,BASELINE
ng_DE,-100,407,5,407,MABBOB_407,0.14531730372306786,0.08103837220316064,BASELINE
modcma_base,-100,714,5,714,MABBOB_714,0.026139882263969454,0.011718369697490882,BASELINE
modde_base,-100,609,5,609,MABBOB_609,0.19651168003509006,0.10129610243202698,BASELINE
ng_Powell,-100,604,5,604,MABBOB_604,0.24654120608637542,0.0,BASELINE
modde_base,-100,954,5,954,MABBOB_954,0.14138634313300297,0.1992912675208684,BASELINE
ng_DiagonalCMA,-100,349,5,349,MABBOB_349,0.3467091804878637,0.18450340602408458,BASELINE
modcma_base,-100,266,5,266,MABBOB_266,0.08540848626610117,0.024254676396638315,BASELINE
ng_DiagonalCMA,-100,307,5,307,MABBOB_307,0.08732211793840801,0.0126299646216993,BASELINE
modde_base,-100,756,5,756,MABBOB_756,0.2735869980025133,0.0851820050304114,BASELINE
ng_Powell,-100,1,5,1,MABBOB_1,0.4445887193346766,5.551115123125783e-17,BASELINE
ng_OnePlusOne,-100,424,5,424,MABBOB_424,0.24370870195996958,0.14862432442521653,BASELINE
ng_DE,-100,713,5,713,MABBOB_713,0.08512888725495024,0.04998668486284907,BASELINE
ng_MultiBFGS,-100,407,5,407,MABBOB_407,0.7826829166838604,0.2628217434421107,BASELINE
ng_Powell,-100,107,5,107,MABBOB_107,0.06377122142757802,0.0,BASELINE
ng_OnePlusOne,-100,215,5,215,MABBOB_215,0.1504309633794422,0.10348581524411726,BASELINE
modde_base,-100,359,5,359,MABBOB_359,0.33364853139835293,0.05637464735868878,BASELINE
modcma_bipop,-100,421,5,421,MABBOB_421,0.0550871095014727,0.030076160637117145,BASELINE
ng_MultiBFGS,-100,961,5,961,MABBOB_961,0.5925188293310371,0.1911050268265137,BASELINE
modcma_base,-100,680,5,680,MABBOB_680,0.026576795038321083,0.013578328415689065,BASELINE
modcma_base,-100,476,5,476,MABBOB_476,0.20069741352791876,0.09075565915655116,BASELINE
modcma_bipop,-100,248,5,248,MABBOB_248,0.024008425070848934,0.013512163011277644,BASELINE
ng_OnePlusOne,-100,565,5,565,MABBOB_565,0.11146967285538448,0.040969992454374514,BASELINE
modcma_bipop,-100,359,5,359,MABBOB_359,0.3002539291844393,0.12179025558940862,BASELINE
ng_DiagonalCMA,-100,188,5,188,MABBOB_188,0.07502884568410548,0.02060470249151921,BASELINE
modde_base,-100,950,5,950,MABBOB_950,0.1610327657407237,0.060478224870380626,BASELINE
modcma_base,-100,980,5,980,MABBOB_980,0.048821976524126766,0.015375432665137299,BASELINE
ng_Powell,-100,713,5,713,MABBOB_713,0.14094172831050408,0.0,BASELINE
modde_base,-100,456,5,456,MABBOB_456,0.016414786285641192,0.006785134156913959,BASELINE
modde_lshade,-100,387,5,387,MABBOB_387,0.02187545066009585,0.014241996751712832,BASELINE
modde_base,-100,67,5,67,MABBOB_67,0.1578620174493401,0.07270035494168932,BASELINE
modde_lshade,-100,44,5,44,MABBOB_44,0.07440059220047447,0.050588188794395875,BASELINE
modcma_bipop,-100,565,5,565,MABBOB_565,0.07225613614415835,0.05007932704721047,BASELINE
ng_DE,-100,741,5,741,MABBOB_741,0.1766478883271096,0.17281021404551536,BASELINE
modcma_bipop,-100,482,5,482,MABBOB_482,0.11064797619154994,0.0636705792982555,BASELINE
modde_base,-100,662,5,662,MABBOB_662,0.16904826233614817,0.1301845656908984,BASELINE
modcma_bipop,-100,123,5,123,MABBOB_123,0.03927554389192324,0.03120884061697622,BASELINE
modde_base,-100,317,5,317,MABBOB_317,0.12065163683819276,0.04342057998243984,BASELINE
ng_OnePlusOne,-100,396,5,396,MABBOB_396,0.05081335326319651,0.03461584982069535,BASELINE
ng_OnePlusOne,-100,192,5,192,MABBOB_192,0.18838172093278102,0.13807953684370225,BASELINE
modde_lshade,-100,486,5,486,MABBOB_486,0.1061716184138534,0.06319273349525946,BASELINE
ng_DE,-100,307,5,307,MABBOB_307,0.024387827163304007,0.006124345799669758,BASELINE
ng_Powell,-100,566,5,566,MABBOB_566,0.9626348938310191,1.1102230246251565e-16,BASELINE
modde_lshade,-100,567,5,567,MABBOB_567,0.16040196037469587,0.11678450090371201,BASELINE
modde_lshade,-100,852,5,852,MABBOB_852,0.07695040768404646,0.056006341888417986,BASELINE
modcma_base,-100,943,5,943,MABBOB_943,0.11411276956927523,0.04363050144303839,BASELINE
modde_base,-100,270,5,270,MABBOB_270,0.2454787947097655,0.14743692641579959,BASELINE
modde_lshade,-100,445,5,445,MABBOB_445,0.09109363750145129,0.025328659876716977,BASELINE
ng_Powell,-100,486,5,486,MABBOB_486,0.21229876687376392,0.0,BASELINE
ng_DiagonalCMA,-100,333,5,333,MABBOB_333,0.18679614146628087,0.11160910723317641,BASELINE
modcma_base,-100,149,5,149,MABBOB_149,0.04148529738314054,0.026640299187996937,BASELINE
ng_Powell,-100,494,5,494,MABBOB_494,0.27430397886587593,0.0,BASELINE
ng_Powell,-100,373,5,373,MABBOB_373,0.820643980318286,0.0,BASELINE
modde_base,-100,727,5,727,MABBOB_727,0.10561137806103942,0.15601765736538833,BASELINE
modde_lshade,-100,268,5,268,MABBOB_268,0.27073577543138466,0.031110809133497903,BASELINE
ng_OnePlusOne,-100,116,5,116,MABBOB_116,0.01925002840255132,0.009455422163423275,BASELINE
modde_lshade,-100,101,5,101,MABBOB_101,0.04851296659471518,0.03585775942958886,BASELINE
ng_MultiBFGS,-100,964,5,964,MABBOB_964,0.7469140768004059,0.1159013839162936,BASELINE
ng_Powell,-100,782,5,782,MABBOB_782,0.3857117766198405,0.0,BASELINE
ng_Powell,-100,836,5,836,MABBOB_836,0.3505229513135159,0.0,BASELINE
ng_OnePlusOne,-100,1,5,1,MABBOB_1,0.22069382954468963,0.25675813091295585,BASELINE
ng_DE,-100,220,5,220,MABBOB_220,0.3453437427686661,0.14712553304861065,BASELINE
ng_DiagonalCMA,-100,346,5,346,MABBOB_346,0.08403696079024116,0.011184238931587579,BASELINE
ng_OnePlusOne,-100,190,5,190,MABBOB_190,0.016132687539327215,0.012619627615268072,BASELINE
ng_DiagonalCMA,-100,709,5,709,MABBOB_709,0.049726817097991774,0.012164756236674835,BASELINE
ng_OnePlusOne,-100,456,5,456,MABBOB_456,0.05208351904811413,0.03585913584215094,BASELINE
ng_DiagonalCMA,-100,166,5,166,MABBOB_166,0.12342665168688202,0.03492448211331812,BASELINE
ng_MultiBFGS,-100,997,5,997,MABBOB_997,0.5521096314069691,0.10819946123826905,BASELINE
modcma_base,-100,275,5,275,MABBOB_275,0.07159095199227565,0.020187011224778777,BASELINE
modcma_bipop,-100,531,5,531,MABBOB_531,0.09035694803397405,0.047094952404718365,BASELINE
ng_DiagonalCMA,-100,101,5,101,MABBOB_101,0.16309734518274313,0.03258818933456339,BASELINE
ng_Powell,-100,769,5,769,MABBOB_769,0.30478759487760393,0.0,BASELINE
modcma_bipop,-100,836,5,836,MABBOB_836,0.05603904268273534,0.016480610862728028,BASELINE
ng_OnePlusOne,-100,410,5,410,MABBOB_410,0.018170373416517442,0.014470486250631943,BASELINE
ng_MultiBFGS,-100,798,5,798,MABBOB_798,0.7990177683645842,0.15052116319788286,BASELINE
ng_OnePlusOne,-100,798,5,798,MABBOB_798,0.2833390421053546,0.053725376526644796,BASELINE
ng_MultiBFGS,-100,739,5,739,MABBOB_739,0.036705297814605076,0.013013302359720915,BASELINE
modde_base,-100,991,5,991,MABBOB_991,0.03516857838363451,0.01907960857974794,BASELINE
ng_OnePlusOne,-100,617,5,617,MABBOB_617,0.14846966270712275,0.07479031972258203,BASELINE
ng_DE,-100,123,5,123,MABBOB_123,0.07983312725215785,0.03930744490211178,BASELINE
ng_OnePlusOne,-100,855,5,855,MABBOB_855,0.5519143005434911,0.0447738455273439,BASELINE
ng_DiagonalCMA,-100,922,5,922,MABBOB_922,0.24204045569876823,0.054732662180837055,BASELINE
modde_base,-100,830,5,830,MABBOB_830,0.16924193123827502,0.10090543035003972,BASELINE
modcma_base,-100,387,5,387,MABBOB_387,0.025050673146678543,0.01189233197927532,BASELINE
modcma_bipop,-100,709,5,709,MABBOB_709,0.10183612802379302,0.047006027881355085,BASELINE
modcma_base,-100,329,5,329,MABBOB_329,0.04343815177596181,0.02112310144331719,BASELINE
ng_Powell,-100,424,5,424,MABBOB_424,0.6141594827733506,0.0,BASELINE
ng_MultiBFGS,-100,954,5,954,MABBOB_954,0.6270435048844282,0.14359099290254768,BASELINE
ng_MultiBFGS,-100,113,5,113,MABBOB_113,0.29072208948375666,0.2709819589788946,BASELINE
ng_MultiBFGS,-100,810,5,810,MABBOB_810,0.06398111297266014,0.017830635205939863,BASELINE
modde_lshade,-100,699,5,699,MABBOB_699,0.1606225280706002,0.10960013303194686,BASELINE
ng_DiagonalCMA,-100,606,5,606,MABBOB_606,0.31483198833369613,0.08380260892190824,BASELINE
modcma_base,-100,163,5,163,MABBOB_163,0.01690962268243631,0.014339474072917035,BASELINE
modcma_base,-100,877,5,877,MABBOB_877,0.08626801850125565,0.0721169538569856,BASELINE
modcma_base,-100,997,5,997,MABBOB_997,0.05148666896001158,0.013684218155162168,BASELINE
ng_MultiBFGS,-100,246,5,246,MABBOB_246,0.5390956775795732,0.23317998106170781,BASELINE
modcma_base,-100,523,5,523,MABBOB_523,0.022052368693582937,0.006060887107165669,BASELINE
ng_Powell,-100,617,5,617,MABBOB_617,0.641584703972027,0.0,BASELINE
ng_DE,-100,426,5,426,MABBOB_426,0.056514686286370755,0.04749605433391551,BASELINE
ng_MultiBFGS,-100,103,5,103,MABBOB_103,0.6570408660475134,0.26265411082257817,BASELINE
ng_OnePlusOne,-100,629,5,629,MABBOB_629,0.15073438032041636,0.19037849496525402,BASELINE
ng_MultiBFGS,-100,528,5,528,MABBOB_528,0.031833524734321605,0.008631163917842938,BASELINE
ng_Powell,-100,360,5,360,MABBOB_360,0.5882329165420528,0.0,BASELINE
ng_DiagonalCMA,-100,114,5,114,MABBOB_114,0.3627729024157146,0.18653663050096173,BASELINE
modcma_bipop,-100,980,5,980,MABBOB_980,0.048821976524126766,0.015375432665137299,BASELINE
ng_OnePlusOne,-100,373,5,373,MABBOB_373,0.6540792333625283,0.12330197961546012,BASELINE
modde_base,-100,182,5,182,MABBOB_182,0.15662071562188337,0.021663532448940575,BASELINE
ng_MultiBFGS,-100,105,5,105,MABBOB_105,0.5052408014297705,0.21765858582014697,BASELINE
ng_Powell,-100,639,5,639,MABBOB_639,0.2860276998196582,0.0,BASELINE
modcma_bipop,-100,764,5,764,MABBOB_764,0.02565146239066196,0.017183431016568204,BASELINE
ng_OnePlusOne,-100,404,5,404,MABBOB_404,0.023179647069141624,0.0062239154627233345,BASELINE
ng_OnePlusOne,-100,113,5,113,MABBOB_113,0.07239492059514016,0.029734191209896964,BASELINE
ng_OnePlusOne,-100,519,5,519,MABBOB_519,0.14044512404112414,0.033804664344787065,BASELINE
ng_OnePlusOne,-100,592,5,592,MABBOB_592,0.2657230967418446,0.11346809842659324,BASELINE
modcma_base,-100,368,5,368,MABBOB_368,0.02217040982698994,0.010470792536410665,BASELINE
ng_OnePlusOne,-100,898,5,898,MABBOB_898,0.0910253374261547,0.030876484425652752,BASELINE
ng_DE,-100,586,5,586,MABBOB_586,0.13737409626656788,0.10181035078113129,BASELINE
ng_Powell,-100,788,5,788,MABBOB_788,0.10063170390752174,0.0,BASELINE
ng_OnePlusOne,-100,709,5,709,MABBOB_709,0.07291776246072249,0.037718514820543225,BASELINE
ng_DE,-100,24,5,24,MABBOB_24,0.05056036155889171,0.026817008987320003,BASELINE
ng_DiagonalCMA,-100,523,5,523,MABBOB_523,0.12165489802370319,0.01541897093878067,BASELINE
modde_lshade,-100,739,5,739,MABBOB_739,0.04462050502309438,0.018160421994733493,BASELINE
modde_lshade,-100,657,5,657,MABBOB_657,0.34676634884819524,0.07906741914922923,BASELINE
ng_DiagonalCMA,-100,689,5,689,MABBOB_689,0.052043206089667116,0.05472875177312275,BASELINE
modcma_base,-100,567,5,567,MABBOB_567,0.1333538707924883,0.14021365764445426,BASELINE
ng_DiagonalCMA,-100,212,5,212,MABBOB_212,0.06862824693649497,0.008965566225312213,BASELINE
modde_lshade,-100,62,5,62,MABBOB_62,0.33211378576273376,0.13697253163880596,BASELINE
ng_MultiBFGS,-100,329,5,329,MABBOB_329,0.31081235459612805,0.11253197578027876,BASELINE
modcma_bipop,-100,567,5,567,MABBOB_567,0.1333538707924883,0.14021365764445426,BASELINE
modcma_base,-100,220,5,220,MABBOB_220,0.16128191566505,0.07675373176778279,BASELINE
modcma_bipop,-100,689,5,689,MABBOB_689,0.018448698373998495,0.012176265737988252,BASELINE
ng_DE,-100,531,5,531,MABBOB_531,0.08347252705543504,0.028168369380179407,BASELINE
modde_base,-100,766,5,766,MABBOB_766,0.0429625508623553,0.01602563167220186,BASELINE
ng_DE,-100,275,5,275,MABBOB_275,0.17651939007513634,0.04352658386557743,BASELINE
modcma_base,-100,34,5,34,MABBOB_34,0.05888031924630095,0.03934643902627148,BASELINE
ng_MultiBFGS,-100,529,5,529,MABBOB_529,0.32845574823102625,0.31097632834117694,BASELINE
modcma_base,-100,691,5,691,MABBOB_691,0.008254405479416988,0.007013336039159669,BASELINE
ng_Powell,-100,74,5,74,MABBOB_74,0.11193759922147332,0.0,BASELINE
modde_lshade,-100,327,5,327,MABBOB_327,0.2449209404946568,0.140593353764231,BASELINE
modde_lshade,-100,144,5,144,MABBOB_144,0.18190285431204029,0.21984687765646216,BASELINE
ng_MultiBFGS,-100,270,5,270,MABBOB_270,0.6080388653017155,0.2561525704431112,BASELINE
modcma_bipop,-100,617,5,617,MABBOB_617,0.09706665400757838,0.039417955434661936,BASELINE
ng_MultiBFGS,-100,714,5,714,MABBOB_714,0.025540902547268977,0.004682266331082694,BASELINE
ng_DiagonalCMA,-100,700,5,700,MABBOB_700,0.07849108012944553,0.014406321688688396,BASELINE
modcma_base,-100,810,5,810,MABBOB_810,0.024860926496590264,0.012724197253219802,BASELINE
ng_DE,-100,887,5,887,MABBOB_887,0.17604845382648315,0.0462814741032458,BASELINE
modcma_bipop,-100,738,5,738,MABBOB_738,0.0313529787752535,0.021439717251104468,BASELINE
ng_Powell,-100,741,5,741,MABBOB_741,0.06162015383313317,0.0,BASELINE
ng_DE,-100,170,5,170,MABBOB_170,0.048329796108878935,0.04030621867651457,BASELINE
ng_MultiBFGS,-100,538,5,538,MABBOB_538,0.09229751109288203,0.011911981439553172,BASELINE
modcma_bipop,-100,44,5,44,MABBOB_44,0.01327942632628423,0.003989412244227163,BASELINE
modcma_bipop,-100,542,5,542,MABBOB_542,0.005946787975402981,0.0019262228678990094,BASELINE
modcma_base,-100,787,5,787,MABBOB_787,0.12474713185191381,0.09835247613663613,BASELINE
modcma_base,-100,989,5,989,MABBOB_989,0.016610461075292588,0.008279368729849577,BASELINE
ng_OnePlusOne,-100,739,5,739,MABBOB_739,0.02756873406728384,0.010448854651862282,BASELINE
ng_Powell,-100,954,5,954,MABBOB_954,0.7554605126909447,0.0,BASELINE
ng_DiagonalCMA,-100,943,5,943,MABBOB_943,0.2447466721149812,0.03426383650176543,BASELINE
ng_DE,-100,361,5,361,MABBOB_361,0.28945465066033665,0.078433225292628,BASELINE
ng_MultiBFGS,-100,646,5,646,MABBOB_646,0.11210277355169951,0.10681900359240666,BASELINE
modde_base,-100,221,5,221,MABBOB_221,0.2566981087232174,0.21176151581388694,BASELINE
ng_DE,-100,266,5,266,MABBOB_266,0.22042385273820259,0.06865095527752031,BASELINE
ng_DiagonalCMA,-100,162,5,162,MABBOB_162,0.4022944976207163,0.09962583802274173,BASELINE
ng_DE,-100,764,5,764,MABBOB_764,0.04380655362197527,0.026878787801750643,BASELINE
ng_Powell,-100,766,5,766,MABBOB_766,0.9303499051450578,0.0,BASELINE
ng_DE,-100,330,5,330,MABBOB_330,0.1401885601720133,0.04610309713803558,BASELINE
modcma_bipop,-100,162,5,162,MABBOB_162,0.0716031316830312,0.04371746969721009,BASELINE
ng_MultiBFGS,-100,773,5,773,MABBOB_773,0.6883288385323348,0.15468342453997752,BASELINE
ng_DiagonalCMA,-100,891,5,891,MABBOB_891,0.0785638462570381,0.02851373813261863,BASELINE
ng_MultiBFGS,-100,115,5,115,MABBOB_115,0.3083237321066917,0.11960143490273083,BASELINE
modcma_bipop,-100,212,5,212,MABBOB_212,0.041951143833334634,0.03531434708079591,BASELINE
modde_base,-100,555,5,555,MABBOB_555,0.19246015170845487,0.08933419621404604,BASELINE
modde_base,-100,965,5,965,MABBOB_965,0.34010917451717815,0.10713135483393833,BASELINE
modcma_bipop,-100,864,5,864,MABBOB_864,0.0705977306400242,0.08437870120922142,BASELINE
ng_MultiBFGS,-100,24,5,24,MABBOB_24,0.9346103452591707,0.04596887760155233,BASELINE
ng_OnePlusOne,-100,707,5,707,MABBOB_707,0.5559671963816779,0.32642307534421505,BASELINE
modcma_base,-100,876,5,876,MABBOB_876,0.02376700323473957,0.014612535175134268,BASELINE
ng_DE,-100,530,5,530,MABBOB_530,0.05148117836098283,0.08187293353657912,BASELINE
modcma_bipop,-100,569,5,569,MABBOB_569,0.05805426721840893,0.020548915750261316,BASELINE
ng_MultiBFGS,-100,327,5,327,MABBOB_327,0.06895042036074017,0.022685976292157503,BASELINE
ng_DE,-100,212,5,212,MABBOB_212,0.02548444542829866,0.005646931762922962,BASELINE
ng_MultiBFGS,-100,114,5,114,MABBOB_114,0.8207411232326901,0.16282095825332607,BASELINE
modde_lshade,-100,844,5,844,MABBOB_844,0.10554757906776376,0.08823798564933968,BASELINE
modcma_base,-100,538,5,538,MABBOB_538,0.07171158821772187,0.011758595250602877,BASELINE
ng_DE,-100,147,5,147,MABBOB_147,0.04723889339626407,0.00889409112422767,BASELINE
modde_lshade,-100,759,5,759,MABBOB_759,0.3083575621550011,0.08477325962312277,BASELINE
ng_Powell,-100,798,5,798,MABBOB_798,0.57376419067959,0.0,BASELINE
ng_MultiBFGS,-100,779,5,779,MABBOB_779,0.035115761837730027,0.005383892825747941,BASELINE
ng_DE,-100,844,5,844,MABBOB_844,0.07753095828787364,0.04112350984532948,BASELINE
modde_lshade,-100,212,5,212,MABBOB_212,0.09596902325084679,0.10019077749428136,BASELINE
ng_MultiBFGS,-100,731,5,731,MABBOB_731,0.030760072570793873,0.0028197514486095884,BASELINE
modcma_base,-100,887,5,887,MABBOB_887,0.10438380872661779,0.03252552765694887,BASELINE
modcma_bipop,-100,208,5,208,MABBOB_208,0.08249380892002867,0.0796438983091417,BASELINE
ng_DiagonalCMA,-100,1,5,1,MABBOB_1,0.3203271307490489,0.11626341065789808,BASELINE
ng_DiagonalCMA,-100,73,5,73,MABBOB_73,0.3005953178102299,0.09451946436240206,BASELINE
modcma_bipop,-100,346,5,346,MABBOB_346,0.03286934916902657,0.03206962173076235,BASELINE
modde_lshade,-100,964,5,964,MABBOB_964,0.18776935931196487,0.06571767619003759,BASELINE
modcma_bipop,-100,268,5,268,MABBOB_268,0.19950618020096658,0.05193311973408423,BASELINE
modcma_bipop,-100,918,5,918,MABBOB_918,0.1325186357243167,0.1264501770598433,BASELINE
ng_DE,-100,997,5,997,MABBOB_997,0.052562519992775766,0.023819158972301798,BASELINE
ng_MultiBFGS,-100,943,5,943,MABBOB_943,0.8332932508437606,0.053979632099883705,BASELINE
modcma_base,-100,349,5,349,MABBOB_349,0.1564382466717175,0.06352129765136562,BASELINE
ng_Powell,-100,260,5,260,MABBOB_260,0.6101972302857916,0.0,BASELINE
ng_MultiBFGS,-100,642,5,642,MABBOB_642,0.6273308368841864,0.2784943762431441,BASELINE
ng_DiagonalCMA,-100,182,5,182,MABBOB_182,0.22461923198876424,0.15530454509786537,BASELINE
modde_base,-100,523,5,523,MABBOB_523,0.0566022146360031,0.030492988403402095,BASELINE
ng_MultiBFGS,-100,8,5,8,MABBOB_8,0.38366438056214863,0.13019933615494544,BASELINE
modde_lshade,-100,629,5,629,MABBOB_629,0.18217697416505052,0.10624395079567195,BASELINE
ng_DiagonalCMA,-100,848,5,848,MABBOB_848,0.39889609968416506,0.1006530261879123,BASELINE
ng_Powell,-100,677,5,677,MABBOB_677,0.6087077756916226,0.0,BASELINE
modcma_bipop,-100,769,5,769,MABBOB_769,0.07165692951955302,0.09157607931884225,BASELINE
modcma_bipop,-100,798,5,798,MABBOB_798,0.10033851680692192,0.034799701043054306,BASELINE
ng_DE,-100,188,5,188,MABBOB_188,0.07053677436859397,0.041176201095566606,BASELINE
modde_base,-100,877,5,877,MABBOB_877,0.15338868340068185,0.055210899888505735,BASELINE
modcma_bipop,-100,508,5,508,MABBOB_508,0.06115595798445295,0.03889789206105348,BASELINE
ng_DE,-100,486,5,486,MABBOB_486,0.0874560537140958,0.10196224560311885,BASELINE
ng_DE,-100,798,5,798,MABBOB_798,0.18641898473280097,0.04018222021666132,BASELINE
ng_MultiBFGS,-100,388,5,388,MABBOB_388,0.0516994451500957,0.023302616173784426,BASELINE
modde_lshade,-100,350,5,350,MABBOB_350,0.09000934822069497,0.07310266976401243,BASELINE
ng_MultiBFGS,-100,919,5,919,MABBOB_919,0.807387279946837,0.08773474937698153,BASELINE
ng_MultiBFGS,-100,147,5,147,MABBOB_147,0.0732299177065372,0.05243279498958937,BASELINE
modde_base,-100,993,5,993,MABBOB_993,0.15059830551199188,0.016892694672794237,BASELINE
ng_DE,-100,445,5,445,MABBOB_445,0.08201219340849022,0.06159694872875526,BASELINE
ng_MultiBFGS,-100,181,5,181,MABBOB_181,0.026530229786982773,0.002375506486368533,BASELINE
modde_lshade,-100,865,5,865,MABBOB_865,0.20504306118377746,0.1724324862855161,BASELINE
ng_Powell,-100,333,5,333,MABBOB_333,0.6279709117733133,0.0,BASELINE
ng_Powell,-100,182,5,182,MABBOB_182,0.3580486413135837,0.0,BASELINE
modcma_base,-100,529,5,529,MABBOB_529,0.051293807015006784,0.04490301887081582,BASELINE
modde_base,-100,348,5,348,MABBOB_348,0.03268651124836085,0.014528556055753471,BASELINE
modcma_bipop,-100,449,5,449,MABBOB_449,0.049688906040147404,0.0772799423769153,BASELINE
ng_DE,-100,746,5,746,MABBOB_746,0.164384137012122,0.13104132901874405,BASELINE
ng_Powell,-100,906,5,906,MABBOB_906,0.4918974434378546,0.0,BASELINE
modde_lshade,-100,662,5,662,MABBOB_662,0.15435910993580165,0.12138195379915083,BASELINE
ng_MultiBFGS,-100,567,5,567,MABBOB_567,0.8668336147385544,0.09722849402258445,BASELINE
ng_OnePlusOne,-100,411,5,411,MABBOB_411,0.04807998824853819,0.01087129063701511,BASELINE
ng_DiagonalCMA,-100,266,5,266,MABBOB_266,0.18800290521475307,0.05727799770254604,BASELINE
modde_lshade,-100,878,5,878,MABBOB_878,0.17041172950313713,0.051052268063693396,BASELINE
modde_lshade,-100,176,5,176,MABBOB_176,0.2942650164093525,0.11255516981873889,BASELINE
ng_MultiBFGS,-100,118,5,118,MABBOB_118,0.042442885791892954,0.00841908732850307,BASELINE
ng_MultiBFGS,-100,456,5,456,MABBOB_456,0.03707397904670199,0.008451634422372312,BASELINE
ng_Powell,-100,456,5,456,MABBOB_456,0.21821915285290006,0.0,BASELINE
ng_DiagonalCMA,-100,577,5,577,MABBOB_577,0.20479074044158946,0.09760985677624373,BASELINE
ng_MultiBFGS,-100,333,5,333,MABBOB_333,0.7786603124263526,0.16188805752069044,BASELINE
ng_Powell,-100,34,5,34,MABBOB_34,0.7841314703598057,0.0,BASELINE
modde_base,-100,783,5,783,MABBOB_783,0.12519767941892004,0.11095367582144328,BASELINE
ng_MultiBFGS,-100,812,5,812,MABBOB_812,0.03560598371723629,0.006617905960494468,BASELINE
modde_lshade,-100,346,5,346,MABBOB_346,0.058278560870566834,0.052904086631334,BASELINE
modde_base,-100,567,5,567,MABBOB_567,0.10690018739010707,0.08074580502403174,BASELINE
modcma_bipop,-100,335,5,335,MABBOB_335,0.048626726062330886,0.05660390879093681,BASELINE
ng_MultiBFGS,-100,911,5,911,MABBOB_911,0.37928631965227794,0.18978724546160766,BASELINE
ng_Powell,-100,618,5,618,MABBOB_618,0.5412615873926571,0.0,BASELINE
ng_Powell,-100,445,5,445,MABBOB_445,0.2100257810972773,0.0,BASELINE
ng_MultiBFGS,-100,492,5,492,MABBOB_492,0.518633190564557,0.0823080489245937,BASELINE
ng_DiagonalCMA,-100,116,5,116,MABBOB_116,0.07265921966358427,0.008027429365582865,BASELINE
ng_DiagonalCMA,-100,997,5,997,MABBOB_997,0.208456526280885,0.06543578574336262,BASELINE
ng_OnePlusOne,-100,567,5,567,MABBOB_567,0.08655847363785882,0.08588908181868857,BASELINE
modde_lshade,-100,411,5,411,MABBOB_411,0.04993780367142156,0.04195616817799989,BASELINE
ng_Powell,-100,538,5,538,MABBOB_538,0.4215835755438954,0.0,BASELINE
modde_base,-100,943,5,943,MABBOB_943,0.3320394431047696,0.0794155910309301,BASELINE
modcma_base,-100,862,5,862,MABBOB_862,0.04137606448434019,0.04154660169277961,BASELINE
modcma_base,-100,954,5,954,MABBOB_954,0.08676267843639177,0.07854635340209533,BASELINE
ng_MultiBFGS,-100,746,5,746,MABBOB_746,0.9345739655910428,0.05602244427709925,BASELINE
ng_MultiBFGS,-100,657,5,657,MABBOB_657,0.8115706204631994,0.1268207362167178,BASELINE
modcma_base,-100,575,5,575,MABBOB_575,0.11106269670619687,0.060915950193196705,BASELINE
ng_OnePlusOne,-100,556,5,556,MABBOB_556,0.020417007187396002,0.00686614318565757,BASELINE
ng_DiagonalCMA,-100,707,5,707,MABBOB_707,0.4074592647424975,0.1617435701822662,BASELINE
ng_DE,-100,950,5,950,MABBOB_950,0.17822873294161296,0.09148616881653938,BASELINE
modde_lshade,-100,520,5,520,MABBOB_520,0.12687851882746454,0.0783427683720526,BASELINE
modcma_base,-100,848,5,848,MABBOB_848,0.16868630567504003,0.07249582560412388,BASELINE
ng_MultiBFGS,-100,525,5,525,MABBOB_525,0.40231784474777543,0.2218192396409695,BASELINE
ng_DE,-100,617,5,617,MABBOB_617,0.10073899505048564,0.013539778024178536,BASELINE
ng_DE,-100,787,5,787,MABBOB_787,0.10152333107379004,0.15431749829570718,BASELINE
ng_DiagonalCMA,-100,586,5,586,MABBOB_586,0.1413625349916651,0.07283564711105603,BASELINE
modde_lshade,-100,88,5,88,MABBOB_88,0.03325650811152879,0.011345180634058538,BASELINE
modde_lshade,-100,424,5,424,MABBOB_424,0.1390436195679838,0.10635547056053582,BASELINE
modcma_base,-100,898,5,898,MABBOB_898,0.02362489839844908,0.01929051884644043,BASELINE
ng_DE,-100,918,5,918,MABBOB_918,0.1770215297039561,0.03132488413847571,BASELINE
ng_DiagonalCMA,-100,34,5,34,MABBOB_34,0.1315281685046799,0.02493306487584369,BASELINE
ng_MultiBFGS,-100,464,5,464,MABBOB_464,0.8064980972307328,0.16334229624635183,BASELINE
ng_DE,-100,192,5,192,MABBOB_192,0.046094699620333926,0.049631729488178435,BASELINE
modcma_bipop,-100,8,5,8,MABBOB_8,0.03291241016891379,0.017710218058800752,BASELINE
modcma_base,-100,555,5,555,MABBOB_555,0.10753098393896454,0.04566515222585476,BASELINE
modde_base,-100,440,5,440,MABBOB_440,0.04898028804256142,0.02860099350226676,BASELINE
ng_OnePlusOne,-100,451,5,451,MABBOB_451,0.013638263654644883,0.005421052712629048,BASELINE
modcma_base,-100,449,5,449,MABBOB_449,0.049688906040147404,0.0772799423769153,BASELINE
ng_OnePlusOne,-100,350,5,350,MABBOB_350,0.024541776891237092,0.009842835855056227,BASELINE
ng_DiagonalCMA,-100,476,5,476,MABBOB_476,0.5325688991495098,0.1160529890611078,BASELINE
ng_OnePlusOne,-100,954,5,954,MABBOB_954,0.5967904229732184,0.20410605532288748,BASELINE
ng_DiagonalCMA,-100,170,5,170,MABBOB_170,0.04198108550137407,0.0069529450485070554,BASELINE
ng_OnePlusOne,-100,783,5,783,MABBOB_783,0.03761990228378118,0.016519025071711005,BASELINE
ng_DiagonalCMA,-100,264,5,264,MABBOB_264,0.15595484209269653,0.05408177933276347,BASELINE
modde_base,-100,411,5,411,MABBOB_411,0.06831636593509735,0.06631460862417807,BASELINE
ng_DiagonalCMA,-100,74,5,74,MABBOB_74,0.09759107877981146,0.031647876160346734,BASELINE
ng_MultiBFGS,-100,426,5,426,MABBOB_426,0.437039542777942,0.11754820836422929,BASELINE
ng_OnePlusOne,-100,388,5,388,MABBOB_388,0.04682755251218336,0.010825308984499987,BASELINE
modde_lshade,-100,898,5,898,MABBOB_898,0.07863612751046418,0.11238292215755635,BASELINE
modde_lshade,-100,606,5,606,MABBOB_606,0.23056940264783848,0.06719424240130743,BASELINE
ng_OnePlusOne,-100,502,5,502,MABBOB_502,0.057669811749493406,0.023124331475659822,BASELINE
ng_DE,-100,246,5,246,MABBOB_246,0.07397139885402909,0.07206246478294305,BASELINE
modde_lshade,-100,997,5,997,MABBOB_997,0.09901414821416697,0.08727985125605213,BASELINE
modcma_base,-100,878,5,878,MABBOB_878,0.08056688325165455,0.05226760504071656,BASELINE
ng_DE,-100,709,5,709,MABBOB_709,0.07090425241711687,0.028027396548016004,BASELINE
modde_lshade,-100,555,5,555,MABBOB_555,0.19140784990938514,0.08996786257857753,BASELINE
ng_MultiBFGS,-100,221,5,221,MABBOB_221,0.66547591369421,0.13621002424437417,BASELINE
modcma_base,-100,993,5,993,MABBOB_993,0.07077141598137618,0.05503619460574648,BASELINE
ng_MultiBFGS,-100,335,5,335,MABBOB_335,0.2949909643920794,0.10703742830222385,BASELINE
ng_Powell,-100,346,5,346,MABBOB_346,0.14482306058121777,0.0,BASELINE
ng_DiagonalCMA,-100,642,5,642,MABBOB_642,0.09640233917444542,0.02029169770501423,BASELINE
modde_lshade,-100,37,5,37,MABBOB_37,0.3304093254253112,0.22386203134674723,BASELINE
modde_lshade,-100,688,5,688,MABBOB_688,0.13013955676707636,0.0882318671591809,BASELINE
modde_lshade,-100,529,5,529,MABBOB_529,0.06724159091010669,0.032336240830032635,BASELINE
modde_lshade,-100,456,5,456,MABBOB_456,0.01633708093109911,0.007114858533536198,BASELINE
ng_MultiBFGS,-100,662,5,662,MABBOB_662,0.6698703650086106,0.17723944211087495,BASELINE
ng_MultiBFGS,-100,264,5,264,MABBOB_264,0.1314857685212699,0.044378710642907396,BASELINE
ng_MultiBFGS,-100,695,5,695,MABBOB_695,0.04201658693869732,0.005152120777416485,BASELINE
ng_OnePlusOne,-100,161,5,161,MABBOB_161,0.0692390754773088,0.03130644989083879,BASELINE
ng_DiagonalCMA,-100,657,5,657,MABBOB_657,0.22219974875567378,0.041357850883287035,BASELINE
ng_MultiBFGS,-100,877,5,877,MABBOB_877,0.04080528948643435,0.011141996265160806,BASELINE
ng_DiagonalCMA,-100,405,5,405,MABBOB_405,0.1274127005349536,0.01973423591666413,BASELINE
modcma_bipop,-100,922,5,922,MABBOB_922,0.1068135041401606,0.04339809825877213,BASELINE
modde_base,-100,530,5,530,MABBOB_530,0.06595497565458262,0.11310483221617282,BASELINE
ng_DiagonalCMA,-100,746,5,746,MABBOB_746,0.3909855863967559,0.17546824388441248,BASELINE
ng_Powell,-100,706,5,706,MABBOB_706,0.4937163455431287,5.551115123125783e-17,BASELINE
modde_base,-100,284,5,284,MABBOB_284,0.14621122588864152,0.09855552905152717,BASELINE
modcma_bipop,-100,575,5,575,MABBOB_575,0.11106269670619687,0.060915950193196705,BASELINE
ng_MultiBFGS,-100,565,5,565,MABBOB_565,0.0593053361894282,0.01567094076605121,BASELINE
modcma_base,-100,248,5,248,MABBOB_248,0.024008425070848934,0.013512163011277644,BASELINE
ng_Powell,-100,118,5,118,MABBOB_118,0.3282270464075336,0.0,BASELINE
modde_base,-100,502,5,502,MABBOB_502,0.12388783844205764,0.02834449693168845,BASELINE
modde_base,-100,714,5,714,MABBOB_714,0.1156437527018139,0.14566319647072656,BASELINE
modde_base,-100,922,5,922,MABBOB_922,0.3611909870939768,0.08692213548159423,BASELINE
modde_lshade,-100,787,5,787,MABBOB_787,0.12886571802472846,0.08344855588941906,BASELINE
ng_DE,-100,852,5,852,MABBOB_852,0.06564027023406463,0.06662323096172551,BASELINE
ng_MultiBFGS,-100,761,5,761,MABBOB_761,0.14872903126476927,0.10212634824424797,BASELINE
ng_DiagonalCMA,-100,324,5,324,MABBOB_324,0.05170390481905,0.01568956918227521,BASELINE
modcma_bipop,-100,207,5,207,MABBOB_207,0.32890846999880236,0.3063113052220534,BASELINE
modcma_bipop,-100,33,5,33,MABBOB_33,0.07177981327130126,0.04371297924519427,BASELINE
ng_Powell,-100,97,5,97,MABBOB_97,0.45305762905818703,5.551115123125783e-17,BASELINE
ng_DE,-100,162,5,162,MABBOB_162,0.08293389015213368,0.018255745347622813,BASELINE
ng_DiagonalCMA,-100,865,5,865,MABBOB_865,0.3090412825109879,0.05679407030920291,BASELINE
ng_MultiBFGS,-100,747,5,747,MABBOB_747,0.44023661228706157,0.3235650558163956,BASELINE
modde_lshade,-100,221,5,221,MABBOB_221,0.20841561496274638,0.1709803263622337,BASELINE
modde_lshade,-100,367,5,367,MABBOB_367,0.2524442958000571,0.17634192799105053,BASELINE
modcma_bipop,-100,34,5,34,MABBOB_34,0.05888031924630095,0.03934643902627148,BASELINE
modde_lshade,-100,577,5,577,MABBOB_577,0.16760686598860966,0.08104871054991446,BASELINE
ng_Powell,-100,37,5,37,MABBOB_37,0.30943349838924455,0.0,BASELINE
modcma_base,-100,330,5,330,MABBOB_330,0.08189117144183422,0.025100821577332597,BASELINE
modcma_base,-100,906,5,906,MABBOB_906,0.024493706260623842,0.015422386602677954,BASELINE
ng_Powell,-100,15,5,15,MABBOB_15,0.28878747429411633,0.0,BASELINE
modde_base,-100,243,5,243,MABBOB_243,0.022768698353616768,0.015351846414223795,BASELINE
ng_OnePlusOne,-100,266,5,266,MABBOB_266,0.38934820334411474,0.16376454073339108,BASELINE
modde_base,-100,798,5,798,MABBOB_798,0.3156711573926955,0.10540100068487974,BASELINE
ng_MultiBFGS,-100,836,5,836,MABBOB_836,0.8680848888089893,0.09106034809292336,BASELINE
modcma_bipop,-100,410,5,410,MABBOB_410,0.02642843886549769,0.026736199010812357,BASELINE
modde_base,-100,188,5,188,MABBOB_188,0.12729478519191617,0.0807306455212595,BASELINE
ng_Powell,-100,980,5,980,MABBOB_980,0.20304207797674909,0.0,BASELINE
modde_base,-100,891,5,891,MABBOB_891,0.45034788006936444,0.1232742328347284,BASELINE
ng_MultiBFGS,-100,418,5,418,MABBOB_418,0.9702391771951184,0.024402209553194335,BASELINE
modcma_base,-100,410,5,410,MABBOB_410,0.02642843886549769,0.026736199010812357,BASELINE
ng_DE,-100,975,5,975,MABBOB_975,0.07987549458381468,0.03076026067801173,BASELINE
modcma_bipop,-100,170,5,170,MABBOB_170,0.049365943986545535,0.08257956568350819,BASELINE
ng_DiagonalCMA,-100,260,5,260,MABBOB_260,0.22087759779506047,0.11978514849881884,BASELINE
modcma_bipop,-100,766,5,766,MABBOB_766,0.033546734130222196,0.0159049299448299,BASELINE
modde_lshade,-100,769,5,769,MABBOB_769,0.1643848845073302,0.15539445779442856,BASELINE
ng_MultiBFGS,-100,419,5,419,MABBOB_419,0.6023442470406595,0.06822546707470625,BASELINE
modcma_base,-100,671,5,671,MABBOB_671,0.09386201831683112,0.04474334355494256,BASELINE
ng_MultiBFGS,-100,629,5,629,MABBOB_629,0.1150365975116228,0.06893977475753262,BASELINE
modcma_bipop,-100,203,5,203,MABBOB_203,0.05326274339487893,0.030654096658341824,BASELINE
ng_Powell,-100,243,5,243,MABBOB_243,0.0111217157743673,0.0,BASELINE
ng_MultiBFGS,-100,982,5,982,MABBOB_982,0.71823946529924,0.24288291774579143,BASELINE
modcma_base,-100,8,5,8,MABBOB_8,0.03291241016891379,0.017710218058800752,BASELINE
ng_Powell,-100,115,5,115,MABBOB_115,0.18148405181933117,0.0,BASELINE
modcma_bipop,-100,424,5,424,MABBOB_424,0.1172631336505848,0.10718614408000647,BASELINE
ng_Powell,-100,898,5,898,MABBOB_898,0.22167778851330863,0.0,BASELINE
modcma_base,-100,344,5,344,MABBOB_344,0.0404493554829443,0.028315675571463937,BASELINE
ng_DE,-100,608,5,608,MABBOB_608,0.2898521833572206,0.07801686075275614,BASELINE
modcma_bipop,-100,324,5,324,MABBOB_324,0.04343540489685386,0.04042109731294655,BASELINE
modcma_base,-100,419,5,419,MABBOB_419,0.13829766160202406,0.114687513258129,BASELINE
ng_DiagonalCMA,-100,713,5,713,MABBOB_713,0.14178454670221452,0.05692108904013214,BASELINE
ng_MultiBFGS,-100,494,5,494,MABBOB_494,0.5268677922536141,0.2700618766811543,BASELINE
ng_Powell,-100,413,5,413,MABBOB_413,0.624453065202561,0.0,BASELINE
ng_MultiBFGS,-100,707,5,707,MABBOB_707,0.8583953328884005,0.06637943126948848,BASELINE
modde_lshade,-100,639,5,639,MABBOB_639,0.13122108963318685,0.06212279695956967,BASELINE
ng_DiagonalCMA,-100,982,5,982,MABBOB_982,0.11671319818879602,0.20560794496718676,BASELINE
modcma_bipop,-100,144,5,144,MABBOB_144,0.054880822129416064,0.029687946602425082,BASELINE
modde_lshade,-100,955,5,955,MABBOB_955,0.04113149038490758,0.01782404677908261,BASELINE
ng_DE,-100,482,5,482,MABBOB_482,0.1654949308907649,0.04473957235723551,BASELINE
modde_base,-100,707,5,707,MABBOB_707,0.24090630960863152,0.1062472130462998,BASELINE
modde_lshade,-100,266,5,266,MABBOB_266,0.493950441519771,0.35696836182496294,BASELINE
ng_MultiBFGS,-100,975,5,975,MABBOB_975,0.05033640125782447,0.018041193393633585,BASELINE
modcma_base,-100,350,5,350,MABBOB_350,0.025990130841723396,0.013156835403776851,BASELINE
modde_lshade,-100,390,5,390,MABBOB_390,0.02606354796902775,0.02215911628900275,BASELINE
modcma_bipop,-100,529,5,529,MABBOB_529,0.051293807015006784,0.04490301887081582,BASELINE
ng_DiagonalCMA,-100,993,5,993,MABBOB_993,0.20198916216414756,0.046914557472748294,BASELINE
ng_DiagonalCMA,-100,901,5,901,MABBOB_901,0.07807891709702172,0.006426319681208101,BASELINE
ng_OnePlusOne,-100,407,5,407,MABBOB_407,0.2647704544509979,0.057695400055500966,BASELINE
ng_MultiBFGS,-100,542,5,542,MABBOB_542,0.5103917996918292,0.2787199960356901,BASELINE
modcma_bipop,-100,88,5,88,MABBOB_88,0.01912491028577747,0.010405678503095029,BASELINE
ng_DE,-100,848,5,848,MABBOB_848,0.382602723616401,0.12562598629940594,BASELINE
ng_OnePlusOne,-100,772,5,772,MABBOB_772,0.2650800912248144,0.1509543413434658,BASELINE
modcma_base,-100,827,5,827,MABBOB_827,0.07253230590771194,0.015366696343934838,BASELINE
ng_DE,-100,878,5,878,MABBOB_878,0.09078527542122808,0.03334616140931301,BASELINE
modde_base,-100,763,5,763,MABBOB_763,0.048067414275842456,0.0305460870642023,BASELINE
ng_Powell,-100,739,5,739,MABBOB_739,0.07480241084338012,0.0,BASELINE
modcma_base,-100,525,5,525,MABBOB_525,0.10463920555431014,0.053432003681444795,BASELINE
modde_base,-100,445,5,445,MABBOB_445,0.08732017828248917,0.014038272473772026,BASELINE
ng_MultiBFGS,-100,783,5,783,MABBOB_783,0.6352201235481132,0.18341924919441324,BASELINE
modde_base,-100,586,5,586,MABBOB_586,0.19001710747959127,0.1019036067951048,BASELINE
modcma_bipop,-100,747,5,747,MABBOB_747,0.03988919591083849,0.022176899025999224,BASELINE
modde_base,-100,61,5,61,MABBOB_61,0.13701610793829205,0.03043379470888697,BASELINE
modde_lshade,-100,123,5,123,MABBOB_123,0.08730810566752195,0.0503045596127152,BASELINE
modde_base,-100,747,5,747,MABBOB_747,0.10451160321473936,0.07359459883024107,BASELINE
ng_DiagonalCMA,-100,37,5,37,MABBOB_37,0.2502229053286352,0.04701629383704888,BASELINE
modde_base,-100,739,5,739,MABBOB_739,0.057738750392155314,0.024860642712138347,BASELINE
ng_MultiBFGS,-100,569,5,569,MABBOB_569,0.7721340240423986,0.16247718741214962,BASELINE
ng_OnePlusOne,-100,848,5,848,MABBOB_848,0.46759874393609524,0.15659670271406165,BASELINE
ng_Powell,-100,221,5,221,MABBOB_221,0.5862632149234674,0.0,BASELINE
modde_base,-100,695,5,695,MABBOB_695,0.06519324734702217,0.02445846435915048,BASELINE
modcma_base,-100,955,5,955,MABBOB_955,0.016910824108399346,0.007487853734283485,BASELINE
ng_DiagonalCMA,-100,773,5,773,MABBOB_773,0.3672362383666983,0.07134746210392977,BASELINE
ng_OnePlusOne,-100,208,5,208,MABBOB_208,0.18103176277837218,0.06572451317272567,BASELINE
ng_MultiBFGS,-100,740,5,740,MABBOB_740,0.2779165216901098,0.2396054785537921,BASELINE
ng_Powell,-100,955,5,955,MABBOB_955,0.2813627941587972,0.0,BASELINE
ng_Powell,-100,877,5,877,MABBOB_877,0.2658747322190218,0.0,BASELINE
ng_DE,-100,410,5,410,MABBOB_410,0.023480177714928392,0.0132584306525818,BASELINE
ng_MultiBFGS,-100,410,5,410,MABBOB_410,0.026940320953172604,0.002557736309455141,BASELINE
modcma_bipop,-100,51,5,51,MABBOB_51,0.03136590106977634,0.014443909209723183,BASELINE
ng_MultiBFGS,-100,855,5,855,MABBOB_855,0.8684252344567535,0.1566313318079298,BASELINE
ng_OnePlusOne,-100,531,5,531,MABBOB_531,0.3729114124589225,0.3210311950998945,BASELINE
ng_DiagonalCMA,-100,217,5,217,MABBOB_217,0.20752971147179838,0.07076965731810708,BASELINE
modde_base,-100,74,5,74,MABBOB_74,0.024653594001117975,0.01127687320764352,BASELINE
modde_lshade,-100,67,5,67,MABBOB_67,0.1629500677119488,0.09253686048814573,BASELINE
ng_DiagonalCMA,-100,811,5,811,MABBOB_811,0.17313305936193027,0.081270801563575,BASELINE
ng_MultiBFGS,-100,766,5,766,MABBOB_766,0.8201814956886226,0.11129678489741986,BASELINE
ng_DiagonalCMA,-100,207,5,207,MABBOB_207,0.43481410299276446,0.09868055571836455,BASELINE
modde_base,-100,410,5,410,MABBOB_410,0.02811468258416927,0.021547873639104074,BASELINE
ng_DiagonalCMA,-100,456,5,456,MABBOB_456,0.12655874603187747,0.029919606255708654,BASELINE
ng_DE,-100,37,5,37,MABBOB_37,0.21067885456190377,0.07480167704940516,BASELINE
modde_lshade,-100,215,5,215,MABBOB_215,0.20060840361576143,0.12150381289079215,BASELINE
modcma_base,-100,911,5,911,MABBOB_911,0.11714897798379102,0.08795947795562147,BASELINE
ng_DiagonalCMA,-100,361,5,361,MABBOB_361,0.35676280468074395,0.05537112508439591,BASELINE
ng_DiagonalCMA,-100,103,5,103,MABBOB_103,0.05708675531853804,0.008020360169553951,BASELINE
modcma_base,-100,982,5,982,MABBOB_982,0.01980883916232571,0.008829644301964234,BASELINE
ng_DE,-100,876,5,876,MABBOB_876,0.07697694563025173,0.019503807915480415,BASELINE
ng_DiagonalCMA,-100,876,5,876,MABBOB_876,0.06788051128152423,0.01813071320137588,BASELINE
modcma_base,-100,101,5,101,MABBOB_101,0.03048556601520881,0.011996684333045125,BASELINE
modcma_bipop,-100,1,5,1,MABBOB_1,0.04332129698146536,0.021707291428946843,BASELINE
modde_base,-100,836,5,836,MABBOB_836,0.28891656944027255,0.15417295937541264,BASELINE
ng_MultiBFGS,-100,367,5,367,MABBOB_367,0.5844149713646134,0.12504920081662735,BASELINE
ng_DiagonalCMA,-100,788,5,788,MABBOB_788,0.08770146817646277,0.018154426094048125,BASELINE
ng_Powell,-100,329,5,329,MABBOB_329,0.23072461851603263,0.0,BASELINE
ng_DiagonalCMA,-100,407,5,407,MABBOB_407,0.2793551418978362,0.06452781139517971,BASELINE
modde_base,-100,618,5,618,MABBOB_618,0.21154540949996195,0.0773555327693733,BASELINE
modde_base,-100,257,5,257,MABBOB_257,0.1223848343842674,0.07204067817544893,BASELINE
ng_Powell,-100,348,5,348,MABBOB_348,0.699072918752898,0.0,BASELINE
ng_DiagonalCMA,-100,348,5,348,MABBOB_348,0.3000043189961081,0.21185278156655796,BASELINE
modde_base,-100,639,5,639,MABBOB_639,0.14638614698996272,0.06822845863940996,BASELINE
ng_DiagonalCMA,-100,597,5,597,MABBOB_597,0.18167357442662346,0.07602079621745524,BASELINE
ng_Powell,-100,147,5,147,MABBOB_147,0.0576442713256511,0.0,BASELINE
modcma_bipop,-100,260,5,260,MABBOB_260,0.13924067639855053,0.03713341641051201,BASELINE
ng_OnePlusOne,-100,950,5,950,MABBOB_950,0.18026997696961244,0.03855118715370121,BASELINE
modcma_bipop,-100,949,5,949,MABBOB_949,0.054239155238444484,0.03373080687829679,BASELINE
modde_lshade,-100,922,5,922,MABBOB_922,0.3121888085137594,0.0865766505114161,BASELINE
modde_base,-100,746,5,746,MABBOB_746,0.17808224927270053,0.037894097461747905,BASELINE
modde_lshade,-100,766,5,766,MABBOB_766,0.05550881783775774,0.025836530038813203,BASELINE
ng_Powell,-100,844,5,844,MABBOB_844,0.05542443519728278,0.0,BASELINE
ng_MultiBFGS,-100,176,5,176,MABBOB_176,0.7320702827999941,0.1478923620233378,BASELINE
modcma_bipop,-100,371,5,371,MABBOB_371,0.061252458423191644,0.020519982146063168,BASELINE
ng_OnePlusOne,-100,275,5,275,MABBOB_275,0.12314829126242448,0.05676422198583212,BASELINE
ng_Powell,-100,812,5,812,MABBOB_812,0.10233505602304196,0.0,BASELINE
ng_DiagonalCMA,-100,756,5,756,MABBOB_756,0.5006793392023695,0.01113848879465974,BASELINE
ng_OnePlusOne,-100,870,5,870,MABBOB_870,0.0805610554462263,0.021488349912605165,BASELINE
ng_Powell,-100,51,5,51,MABBOB_51,0.6496332309927851,0.0,BASELINE
ng_DE,-100,691,5,691,MABBOB_691,0.07931263645285921,0.1278550043364274,BASELINE
ng_Powell,-100,349,5,349,MABBOB_349,0.5096098083391835,0.0,BASELINE
ng_Powell,-100,466,5,466,MABBOB_466,0.34301646892040094,0.0,BASELINE
ng_Powell,-100,192,5,192,MABBOB_192,0.3331908872745994,0.0,BASELINE
ng_DE,-100,418,5,418,MABBOB_418,0.06894485055821724,0.0182030126797679,BASELINE
modcma_bipop,-100,221,5,221,MABBOB_221,0.0791082876576601,0.07608214433609037,BASELINE
ng_DE,-100,207,5,207,MABBOB_207,0.15860020829953764,0.03030568241916618,BASELINE
ng_MultiBFGS,-100,149,5,149,MABBOB_149,0.2594190338912218,0.176231112055774,BASELINE
modcma_bipop,-100,270,5,270,MABBOB_270,0.07195772953050558,0.028548135571610365,BASELINE
ng_DiagonalCMA,-100,687,5,687,MABBOB_687,0.15234215853434704,0.03526855812634176,BASELINE
ng_Powell,-100,449,5,449,MABBOB_449,0.16634623879876956,0.0,BASELINE
ng_Powell,-100,44,5,44,MABBOB_44,0.09425024943422208,0.0,BASELINE
modcma_bipop,-100,360,5,360,MABBOB_360,0.06000353369288065,0.023312024746524256,BASELINE
modde_base,-100,8,5,8,MABBOB_8,0.15096787626410077,0.085479648284223,BASELINE
modde_base,-100,105,5,105,MABBOB_105,0.2145650981194714,0.12061862839918727,BASELINE
ng_OnePlusOne,-100,188,5,188,MABBOB_188,0.07634092088081337,0.013954233491907945,BASELINE
modcma_base,-100,113,5,113,MABBOB_113,0.048599269387161206,0.026392234024158957,BASELINE
ng_Powell,-100,162,5,162,MABBOB_162,0.4737395685049307,5.551115123125783e-17,BASELINE
ng_DE,-100,528,5,528,MABBOB_528,0.02377069328246219,0.01928998331017868,BASELINE
ng_DE,-100,449,5,449,MABBOB_449,0.017389015400935015,0.0069270759019959835,BASELINE
ng_DE,-100,782,5,782,MABBOB_782,0.2518662671492287,0.21664594877352136,BASELINE
modcma_bipop,-100,811,5,811,MABBOB_811,0.031008276752789544,0.013781668861064085,BASELINE
ng_DE,-100,688,5,688,MABBOB_688,0.04589571094271983,0.017986987847166343,BASELINE
ng_DE,-100,707,5,707,MABBOB_707,0.1128980108309146,0.034013467734979104,BASELINE
ng_DiagonalCMA,-100,906,5,906,MABBOB_906,0.20569649770889553,0.1915709143681187,BASELINE
modde_lshade,-100,738,5,738,MABBOB_738,0.2537545459975018,0.342580237656193,BASELINE
modde_lshade,-100,772,5,772,MABBOB_772,0.3874680699200309,0.3102554324129255,BASELINE
ng_DE,-100,689,5,689,MABBOB_689,0.07809595565528686,0.11577726692505834,BASELINE
ng_MultiBFGS,-100,502,5,502,MABBOB_502,0.21790050818274137,0.280494528833912,BASELINE
ng_MultiBFGS,-100,62,5,62,MABBOB_62,0.6887865981907562,0.154293134220561,BASELINE
ng_MultiBFGS,-100,259,5,259,MABBOB_259,0.024878739151866176,0.001085930913559904,BASELINE
modcma_base,-100,360,5,360,MABBOB_360,0.06000353369288065,0.023312024746524256,BASELINE
ng_DE,-100,149,5,149,MABBOB_149,0.16692715872974423,0.06486358037089048,BASELINE
modde_base,-100,407,5,407,MABBOB_407,0.2151835143068387,0.1250419251263982,BASELINE
ng_DiagonalCMA,-100,688,5,688,MABBOB_688,0.11304486126674869,0.015022082288916038,BASELINE
ng_DiagonalCMA,-100,629,5,629,MABBOB_629,0.0480635902959547,0.01690329312207237,BASELINE
modcma_base,-100,461,5,461,MABBOB_461,0.06204225982452275,0.03700123774141298,BASELINE
ng_Powell,-100,569,5,569,MABBOB_569,0.1242137295400731,1.3877787807814457e-17,BASELINE
modcma_bipop,-100,756,5,756,MABBOB_756,0.11119621716297208,0.07246448959041724,BASELINE
modde_base,-100,371,5,371,MABBOB_371,0.19194907681931553,0.1504374526042121,BASELINE
modcma_base,-100,207,5,207,MABBOB_207,0.32890846999880236,0.3063113052220534,BASELINE
ng_MultiBFGS,-100,405,5,405,MABBOB_405,0.07447757805197094,0.016261966442379913,BASELINE
modcma_base,-100,115,5,115,MABBOB_115,0.062154119333027794,0.0312780649313114,BASELINE
ng_MultiBFGS,-100,101,5,101,MABBOB_101,0.22829205761563856,0.10231143203179653,BASELINE
ng_OnePlusOne,-100,217,5,217,MABBOB_217,0.16894384079886568,0.041701607924236196,BASELINE
ng_OnePlusOne,-100,371,5,371,MABBOB_371,0.2657284088211761,0.10946591650208427,BASELINE
modde_lshade,-100,105,5,105,MABBOB_105,0.20659890673637582,0.08812624809935732,BASELINE
modde_base,-100,779,5,779,MABBOB_779,0.07011076875513159,0.08557967656376211,BASELINE
modcma_base,-100,569,5,569,MABBOB_569,0.05805426721840893,0.020548915750261316,BASELINE
modde_lshade,-100,950,5,950,MABBOB_950,0.1445783663273688,0.07194746584395455,BASELINE
ng_DiagonalCMA,-100,486,5,486,MABBOB_486,0.1249152340707604,0.05510246718987195,BASELINE
ng_DE,-100,525,5,525,MABBOB_525,0.09001814466915556,0.020597524365925084,BASELINE
ng_DE,-100,456,5,456,MABBOB_456,0.030299212793048848,0.017881170102738993,BASELINE
ng_MultiBFGS,-100,220,5,220,MABBOB_220,0.5804706855932398,0.18829583868172237,BASELINE
ng_OnePlusOne,-100,864,5,864,MABBOB_864,0.12292341491349709,0.09005027153322902,BASELINE
modcma_base,-100,657,5,657,MABBOB_657,0.24234774150862184,0.08648017457078179,BASELINE
modde_lshade,-100,980,5,980,MABBOB_980,0.2434849505233126,0.12017640992002546,BASELINE
modde_base,-100,844,5,844,MABBOB_844,0.12567732509998059,0.10541640279374814,BASELINE
modcma_base,-100,88,5,88,MABBOB_88,0.01912491028577747,0.010405678503095029,BASELINE
ng_DiagonalCMA,-100,118,5,118,MABBOB_118,0.0772341009325485,0.011163878126416742,BASELINE
modde_base,-100,426,5,426,MABBOB_426,0.2010440160909277,0.1455939946100792,BASELINE
ng_DE,-100,569,5,569,MABBOB_569,0.12130363955505793,0.04637827625113866,BASELINE
ng_DiagonalCMA,-100,787,5,787,MABBOB_787,0.3020996944222626,0.09081281938902065,BASELINE
ng_OnePlusOne,-100,105,5,105,MABBOB_105,0.2384527066717764,0.20407306039070822,BASELINE
modcma_bipop,-100,413,5,413,MABBOB_413,0.2263591410915641,0.11507578570132004,BASELINE
ng_OnePlusOne,-100,40,5,40,MABBOB_40,0.041540445887332425,0.018608292096873015,BASELINE
ng_OnePlusOne,-100,520,5,520,MABBOB_520,0.052536260412612876,0.01979852667516905,BASELINE
ng_DE,-100,367,5,367,MABBOB_367,0.12538973942428527,0.12200202177238022,BASELINE
modcma_bipop,-100,877,5,877,MABBOB_877,0.08626801850125565,0.0721169538569856,BASELINE
modde_lshade,-100,415,5,415,MABBOB_415,0.3408344339256499,0.3401880210422833,BASELINE
ng_Powell,-100,396,5,396,MABBOB_396,0.2609320819685297,0.0,BASELINE
ng_MultiBFGS,-100,991,5,991,MABBOB_991,0.8083776399078394,0.09565657558769983,BASELINE
modde_lshade,-100,870,5,870,MABBOB_870,0.13087036086896195,0.1042256563194385,BASELINE
modcma_base,-100,965,5,965,MABBOB_965,0.3117616906769224,0.24150868536313833,BASELINE
ng_DE,-100,26,5,26,MABBOB_26,0.027102221855520452,0.03271634322721755,BASELINE
ng_Powell,-100,714,5,714,MABBOB_714,0.028022494457899998,0.0,BASELINE
ng_DiagonalCMA,-100,330,5,330,MABBOB_330,0.10600007301206216,0.01687043794252143,BASELINE
modcma_base,-100,26,5,26,MABBOB_26,0.01290851807675949,0.01096092240725808,BASELINE
modde_lshade,-100,344,5,344,MABBOB_344,0.0420308529880935,0.011205911915117503,BASELINE
ng_DE,-100,529,5,529,MABBOB_529,0.04212717144243787,0.024086180268625506,BASELINE
modde_base,-100,203,5,203,MABBOB_203,0.1941967046596979,0.1138530547269851,BASELINE
modde_base,-100,346,5,346,MABBOB_346,0.060280707255009294,0.049404894939838635,BASELINE
modde_lshade,-100,440,5,440,MABBOB_440,0.05324427104428955,0.04556237975759511,BASELINE
modcma_base,-100,396,5,396,MABBOB_396,0.055927511729369286,0.024673982736511158,BASELINE
ng_Powell,-100,918,5,918,MABBOB_918,0.36643686710511886,0.0,BASELINE
modcma_bipop,-100,662,5,662,MABBOB_662,0.05698100771248724,0.05481977497293725,BASELINE
ng_DiagonalCMA,-100,221,5,221,MABBOB_221,0.18806387759897827,0.03102194857842485,BASELINE
modcma_bipop,-100,691,5,691,MABBOB_691,0.008254405479416988,0.007013336039159669,BASELINE
modde_base,-100,691,5,691,MABBOB_691,0.017159378401161145,0.014085849450372133,BASELINE
modcma_bipop,-100,714,5,714,MABBOB_714,0.026139882263969454,0.011718369697490882,BASELINE
modcma_bipop,-100,795,5,795,MABBOB_795,0.14691129584168172,0.09358192036407062,BASELINE
modde_lshade,-100,1,5,1,MABBOB_1,0.017035666432883234,0.013771814797728568,BASELINE
modde_base,-100,307,5,307,MABBOB_307,0.11522181181206315,0.12188655551846822,BASELINE
ng_DiagonalCMA,-100,961,5,961,MABBOB_961,0.1467111520643271,0.011166963938019801,BASELINE
modcma_bipop,-100,317,5,317,MABBOB_317,0.03508489370017296,0.0249637220959646,BASELINE
modde_base,-100,327,5,327,MABBOB_327,0.2555676180351535,0.15227802432554235,BASELINE
ng_DiagonalCMA,-100,567,5,567,MABBOB_567,0.26225142775158605,0.07522981184834895,BASELINE
ng_Powell,-100,8,5,8,MABBOB_8,0.16548723106006855,0.0,BASELINE
ng_DE,-100,400,5,400,MABBOB_400,0.2870565189265313,0.09309679246438636,BASELINE
modcma_bipop,-100,530,5,530,MABBOB_530,0.017598858834700914,0.01961045976177229,BASELINE
ng_DE,-100,773,5,773,MABBOB_773,0.22238417736126403,0.043581799600443775,BASELINE
ng_OnePlusOne,-100,257,5,257,MABBOB_257,0.06752314771916715,0.019697593872336713,BASELINE
ng_DiagonalCMA,-100,783,5,783,MABBOB_783,0.09201688950093402,0.027014281625848468,BASELINE
modcma_base,-100,405,5,405,MABBOB_405,0.06250720887494779,0.0233977960867435,BASELINE
modde_base,-100,608,5,608,MABBOB_608,0.35432929674045394,0.16414873392478807,BASELINE
modcma_base,-100,464,5,464,MABBOB_464,0.09459078614834923,0.023104553602518,BASELINE
modcma_bipop,-100,456,5,456,MABBOB_456,0.022149627133600216,0.017406103433435224,BASELINE
modcma_base,-100,536,5,536,MABBOB_536,0.07967216559797978,0.02047335241196579,BASELINE
modcma_base,-100,51,5,51,MABBOB_51,0.03136590106977634,0.014443909209723183,BASELINE
ng_DiagonalCMA,-100,671,5,671,MABBOB_671,0.10830502853113692,0.0249968276699772,BASELINE
ng_DiagonalCMA,-100,421,5,421,MABBOB_421,0.1598149588214627,0.018823395835048527,BASELINE
modde_lshade,-100,82,5,82,MABBOB_82,0.08156510669621414,0.020209034373516815,BASELINE
modcma_base,-100,531,5,531,MABBOB_531,0.09035694803397405,0.047094952404718365,BASELINE
ng_OnePlusOne,-100,2,5,2,MABBOB_2,0.10387507789870425,0.044274589518359136,BASELINE
ng_MultiBFGS,-100,709,5,709,MABBOB_709,0.05572979416336336,0.007816742444369222,BASELINE
modde_lshade,-100,270,5,270,MABBOB_270,0.27058715904622055,0.23729726022307587,BASELINE
ng_Powell,-100,586,5,586,MABBOB_586,0.18264429166485907,0.0,BASELINE
modde_base,-100,887,5,887,MABBOB_887,0.2922748635308673,0.08369247671984395,BASELINE
ng_DE,-100,662,5,662,MABBOB_662,0.09105148002297916,0.07898812075525187,BASELINE
ng_MultiBFGS,-100,830,5,830,MABBOB_830,0.631475941506921,0.2873897311715883,BASELINE
modde_lshade,-100,848,5,848,MABBOB_848,0.4359840487209662,0.21785868683329163,BASELINE
modcma_base,-100,62,5,62,MABBOB_62,0.06343189875233486,0.016156543199190604,BASELINE
ng_MultiBFGS,-100,390,5,390,MABBOB_390,0.4885357011409205,0.238636763590942,BASELINE
modde_base,-100,629,5,629,MABBOB_629,0.14772097324037897,0.09254388407188914,BASELINE
modde_lshade,-100,965,5,965,MABBOB_965,0.3315186282047825,0.11085587992887043,BASELINE
ng_Powell,-100,248,5,248,MABBOB_248,0.4650532988024746,0.0,BASELINE
ng_OnePlusOne,-100,529,5,529,MABBOB_529,0.1419077728416062,0.06778376190688994,BASELINE
ng_DiagonalCMA,-100,430,5,430,MABBOB_430,0.033403534786091246,0.017902927122987678,BASELINE
ng_Powell,-100,208,5,208,MABBOB_208,0.4314516690023174,0.0,BASELINE
modcma_base,-100,830,5,830,MABBOB_830,0.09462638705995303,0.07251424227806264,BASELINE
modcma_base,-100,646,5,646,MABBOB_646,0.03325047308248201,0.02138376720602278,BASELINE
modde_base,-100,558,5,558,MABBOB_558,0.08536225910767525,0.04363252294990669,BASELINE
modde_lshade,-100,177,5,177,MABBOB_177,0.07999317481395146,0.03939602102772779,BASELINE
ng_Powell,-100,2,5,2,MABBOB_2,0.08583222986769358,0.0,BASELINE
modde_base,-100,687,5,687,MABBOB_687,0.33396777252088017,0.1670169262637206,BASELINE
ng_OnePlusOne,-100,680,5,680,MABBOB_680,0.0621168936294277,0.022701742752046727,BASELINE
ng_MultiBFGS,-100,192,5,192,MABBOB_192,0.5606545104983448,0.17020026868074947,BASELINE
ng_OnePlusOne,-100,691,5,691,MABBOB_691,0.051701507206861494,0.040684842119538385,BASELINE
ng_DiagonalCMA,-100,695,5,695,MABBOB_695,0.06467428925233787,0.010025744393189985,BASELINE
ng_OnePlusOne,-100,476,5,476,MABBOB_476,0.25411613090076546,0.09210648826010612,BASELINE
modde_base,-100,421,5,421,MABBOB_421,0.12796072982148882,0.06454747229212346,BASELINE
ng_OnePlusOne,-100,671,5,671,MABBOB_671,0.08829884691201395,0.02393863219641188,BASELINE
modcma_base,-100,761,5,761,MABBOB_761,0.07098478679849388,0.03242093363919195,BASELINE
ng_OnePlusOne,-100,44,5,44,MABBOB_44,0.10202448369926378,0.10210328183554289,BASELINE
modde_lshade,-100,400,5,400,MABBOB_400,0.43401437517955355,0.06657910608035875,BASELINE
ng_MultiBFGS,-100,699,5,699,MABBOB_699,0.5167231757821761,0.1376492981059496,BASELINE
modde_base,-100,706,5,706,MABBOB_706,0.2770946651930827,0.17386429210807539,BASELINE
ng_DE,-100,989,5,989,MABBOB_989,0.017824409340327124,0.008329312561376815,BASELINE
modcma_bipop,-100,418,5,418,MABBOB_418,0.09612560666190226,0.05188068841404706,BASELINE
modcma_base,-100,440,5,440,MABBOB_440,0.015096809469353873,0.009343497395085675,BASELINE
ng_OnePlusOne,-100,220,5,220,MABBOB_220,0.3632199929437384,0.16283126439446852,BASELINE
ng_MultiBFGS,-100,508,5,508,MABBOB_508,0.6003982856332819,0.2985128943512222,BASELINE
ng_OnePlusOne,-100,268,5,268,MABBOB_268,0.3224002271256052,0.16792143742716054,BASELINE
ng_DE,-100,360,5,360,MABBOB_360,0.0893786748465458,0.06445399820002774,BASELINE
ng_OnePlusOne,-100,779,5,779,MABBOB_779,0.050198614630201255,0.012235846649540822,BASELINE
ng_MultiBFGS,-100,400,5,400,MABBOB_400,0.6472273965637834,0.14068027820038864,BASELINE
ng_Powell,-100,212,5,212,MABBOB_212,0.19628653955233893,0.0,BASELINE
modde_lshade,-100,360,5,360,MABBOB_360,0.13842411648916308,0.1185605705219667,BASELINE
modcma_base,-100,566,5,566,MABBOB_566,0.06813369498564269,0.01990144838508216,BASELINE
modcma_base,-100,746,5,746,MABBOB_746,0.14826668652122293,0.03035483365979497,BASELINE
modde_base,-100,335,5,335,MABBOB_335,0.060373614745866555,0.04678738231316738,BASELINE
modcma_base,-100,508,5,508,MABBOB_508,0.06115595798445295,0.03889789206105348,BASELINE
ng_DE,-100,107,5,107,MABBOB_107,0.06048618893690018,0.02793372006189748,BASELINE
modcma_bipop,-100,40,5,40,MABBOB_40,0.02830527039345984,0.01852988753581079,BASELINE
ng_DE,-100,74,5,74,MABBOB_74,0.08326635930110063,0.13000361323819415,BASELINE
modde_lshade,-100,373,5,373,MABBOB_373,0.2534637708488935,0.2752847042588994,BASELINE
ng_OnePlusOne,-100,746,5,746,MABBOB_746,0.19177210692654717,0.0761716156639061,BASELINE
modde_base,-100,700,5,700,MABBOB_700,0.0826944337739651,0.0751036894632584,BASELINE
ng_OnePlusOne,-100,177,5,177,MABBOB_177,0.28733887650883033,0.22556076406862366,BASELINE
ng_MultiBFGS,-100,827,5,827,MABBOB_827,0.2953600018171156,0.19840484354922613,BASELINE
ng_OnePlusOne,-100,811,5,811,MABBOB_811,0.07999292408706966,0.07317006947953036,BASELINE
modde_base,-100,97,5,97,MABBOB_97,0.08197820977185012,0.018984871651512542,BASELINE
modde_base,-100,879,5,879,MABBOB_879,0.1271200975453151,0.22276256066420694,BASELINE
ng_OnePlusOne,-100,62,5,62,MABBOB_62,0.4059025961035137,0.19223583309609224,BASELINE
ng_DiagonalCMA,-100,741,5,741,MABBOB_741,0.05884778801285362,0.016285821513019307,BASELINE
ng_Powell,-100,26,5,26,MABBOB_26,0.017862924571636143,0.0,BASELINE
ng_Powell,-100,82,5,82,MABBOB_82,0.12619343241605846,0.0,BASELINE
modde_lshade,-100,747,5,747,MABBOB_747,0.11749799942013328,0.09547986351811058,BASELINE
ng_MultiBFGS,-100,713,5,713,MABBOB_713,0.7628533091861254,0.12041347437052727,BASELINE
modcma_bipop,-100,348,5,348,MABBOB_348,0.0300592152056801,0.04179427947651785,BASELINE
modde_base,-100,423,5,423,MABBOB_423,0.11737445164473001,0.08529452950745742,BASELINE
modcma_bipop,-100,62,5,62,MABBOB_62,0.06343189875233486,0.016156543199190604,BASELINE
modde_base,-100,6,5,6,MABBOB_6,0.17504402989940532,0.04117394697340807,BASELINE
ng_DiagonalCMA,-100,492,5,492,MABBOB_492,0.2784183537618693,0.24527156918608975,BASELINE
ng_Powell,-100,709,5,709,MABBOB_709,0.04236680022879766,0.0,BASELINE
ng_DiagonalCMA,-100,617,5,617,MABBOB_617,0.2880557343526558,0.031387873854528,BASELINE
modcma_bipop,-100,609,5,609,MABBOB_609,0.15873156235565344,0.06069122387230932,BASELINE
ng_DiagonalCMA,-100,763,5,763,MABBOB_763,0.1812521792169499,0.10502716962531668,BASELINE
ng_MultiBFGS,-100,727,5,727,MABBOB_727,0.22954824026509368,0.20448941172121035,BASELINE
modcma_bipop,-100,415,5,415,MABBOB_415,0.05018507934823926,0.02527890743282527,BASELINE
ng_MultiBFGS,-100,161,5,161,MABBOB_161,0.07825048018059363,0.03303045939456473,BASELINE
modcma_bipop,-100,166,5,166,MABBOB_166,0.031989876354276234,0.006865800447415175,BASELINE
ng_OnePlusOne,-100,149,5,149,MABBOB_149,0.3844777536811415,0.1869167114619117,BASELINE
ng_MultiBFGS,-100,67,5,67,MABBOB_67,0.5237057138168806,0.31458174278380824,BASELINE
modde_base,-100,350,5,350,MABBOB_350,0.10912203223382806,0.0933038147293268,BASELINE
ng_DiagonalCMA,-100,62,5,62,MABBOB_62,0.3570274314048015,0.11817881659576732,BASELINE
modcma_base,-100,855,5,855,MABBOB_855,0.038852009123170675,0.014980827665365353,BASELINE
modcma_base,-100,161,5,161,MABBOB_161,0.047012119387353245,0.01488132862211535,BASELINE
ng_DE,-100,810,5,810,MABBOB_810,0.06159656723476455,0.021162894849057163,BASELINE
ng_MultiBFGS,-100,876,5,876,MABBOB_876,0.17870439442692243,0.08845606855446303,BASELINE
ng_MultiBFGS,-100,330,5,330,MABBOB_330,0.07721332606967456,0.009104837939172612,BASELINE
modcma_bipop,-100,950,5,950,MABBOB_950,0.04476047857695765,0.01597006595510163,BASELINE
modcma_base,-100,844,5,844,MABBOB_844,0.030520309951737472,0.012407198889762383,BASELINE
modcma_base,-100,783,5,783,MABBOB_783,0.05486502917442278,0.020359774149163155,BASELINE
ng_Powell,-100,170,5,170,MABBOB_170,0.02645969117239035,0.0,BASELINE
ng_DiagonalCMA,-100,82,5,82,MABBOB_82,0.10260436909170349,0.019582050259898974,BASELINE
modde_base,-100,531,5,531,MABBOB_531,0.2007197914239165,0.1273534102768068,BASELINE
modde_base,-100,556,5,556,MABBOB_556,0.04825410843192033,0.014937849799744699,BASELINE
ng_OnePlusOne,-100,955,5,955,MABBOB_955,0.2212446310678342,0.1489888806030643,BASELINE
ng_DE,-100,182,5,182,MABBOB_182,0.07027639904057623,0.03603535147133201,BASELINE
ng_DiagonalCMA,-100,246,5,246,MABBOB_246,0.10659321253595264,0.02076093294502412,BASELINE
ng_DiagonalCMA,-100,519,5,519,MABBOB_519,0.2776335703629159,0.06691799159422751,BASELINE
modcma_bipop,-100,887,5,887,MABBOB_887,0.10438380872661779,0.03252552765694887,BASELINE
ng_Powell,-100,371,5,371,MABBOB_371,0.29221987784999687,0.0,BASELINE
ng_DE,-100,217,5,217,MABBOB_217,0.1692172300911125,0.0639457577177945,BASELINE
ng_DE,-100,349,5,349,MABBOB_349,0.16421106911428232,0.05445195558402825,BASELINE
modcma_bipop,-100,67,5,67,MABBOB_67,0.06512353776448979,0.02214093983825819,BASELINE
modde_lshade,-100,989,5,989,MABBOB_989,0.07926645209214433,0.10541019665571164,BASELINE
ng_MultiBFGS,-100,260,5,260,MABBOB_260,0.7677711343401254,0.1503959910599392,BASELINE
modde_base,-100,40,5,40,MABBOB_40,0.08135426943046675,0.0861712226428063,BASELINE
ng_DE,-100,575,5,575,MABBOB_575,0.12216509977420079,0.013075083271631462,BASELINE
ng_DiagonalCMA,-100,220,5,220,MABBOB_220,0.2271047005769727,0.035441085706889336,BASELINE
ng_MultiBFGS,-100,617,5,617,MABBOB_617,0.8881495659075667,0.0748473667150961,BASELINE
ng_MultiBFGS,-100,795,5,795,MABBOB_795,0.9141823502634617,0.0673708108471359,BASELINE
ng_OnePlusOne,-100,810,5,810,MABBOB_810,0.1034914618449005,0.03059195116923567,BASELINE
ng_Powell,-100,993,5,993,MABBOB_993,0.37436530746015884,0.0,BASELINE
ng_DE,-100,476,5,476,MABBOB_476,0.3681310774606419,0.08269640604108812,BASELINE
ng_OnePlusOne,-100,788,5,788,MABBOB_788,0.03318193339488281,0.024065656382389437,BASELINE
modcma_bipop,-100,862,5,862,MABBOB_862,0.04137606448434019,0.04154660169277961,BASELINE
ng_MultiBFGS,-100,182,5,182,MABBOB_182,0.6991080341312099,0.12815301726827186,BASELINE
ng_DE,-100,577,5,577,MABBOB_577,0.15016466454968921,0.08593675212144826,BASELINE
ng_DE,-100,779,5,779,MABBOB_779,0.0352506341601123,0.026280652680939792,BASELINE
ng_DiagonalCMA,-100,877,5,877,MABBOB_877,0.17014491484691616,0.011938113591041627,BASELINE
ng_Powell,-100,430,5,430,MABBOB_430,0.02174059661430831,0.0,BASELINE
ng_Powell,-100,163,5,163,MABBOB_163,0.08754042599183917,0.0,BASELINE
ng_DiagonalCMA,-100,830,5,830,MABBOB_830,0.40150690513168275,0.09018095019378687,BASELINE
modcma_bipop,-100,37,5,37,MABBOB_37,0.07872300522595278,0.04832802137513654,BASELINE
ng_DE,-100,609,5,609,MABBOB_609,0.11350313592896595,0.030475994949709376,BASELINE
ng_Powell,-100,6,5,6,MABBOB_6,0.26448319008274124,0.0,BASELINE
modcma_base,-100,609,5,609,MABBOB_609,0.15873156235565344,0.06069122387230932,BASELINE
modcma_bipop,-100,163,5,163,MABBOB_163,0.01690962268243631,0.014339474072917035,BASELINE
ng_OnePlusOne,-100,844,5,844,MABBOB_844,0.15128339306833147,0.18483354739952168,BASELINE
ng_OnePlusOne,-100,961,5,961,MABBOB_961,0.15174446714094336,0.061841495930669406,BASELINE
ng_OnePlusOne,-100,713,5,713,MABBOB_713,0.45490450612970984,0.25740306404340046,BASELINE
modcma_bipop,-100,519,5,519,MABBOB_519,0.183739240907347,0.046482372387937836,BASELINE
modde_base,-100,528,5,528,MABBOB_528,0.0379038915360454,0.028700871167617235,BASELINE
modcma_base,-100,390,5,390,MABBOB_390,0.008468143219786521,0.009054174776444502,BASELINE
ng_DE,-100,536,5,536,MABBOB_536,0.19568161244539808,0.1546769727024917,BASELINE
modcma_base,-100,811,5,811,MABBOB_811,0.031008276752789544,0.013781668861064085,BASELINE
ng_DiagonalCMA,-100,531,5,531,MABBOB_531,0.6406604067999879,0.06760126433987178,BASELINE
modcma_base,-100,586,5,586,MABBOB_586,0.08051298778553587,0.055789869831861676,BASELINE
ng_DE,-100,2,5,2,MABBOB_2,0.15087637668286474,0.14261278010278863,BASELINE
ng_DE,-100,955,5,955,MABBOB_955,0.026228465850147393,0.016540739912058587,BASELINE
ng_OnePlusOne,-100,586,5,586,MABBOB_586,0.16802283695176187,0.14167212428569798,BASELINE
ng_MultiBFGS,-100,451,5,451,MABBOB_451,0.1009566028561257,0.06755213242114715,BASELINE
ng_MultiBFGS,-100,99,5,99,MABBOB_99,0.7684795280951735,0.023462691774575432,BASELINE
ng_MultiBFGS,-100,918,5,918,MABBOB_918,0.842168790671822,0.17401308602000642,BASELINE
ng_Powell,-100,865,5,865,MABBOB_865,0.3715439586493852,0.0,BASELINE
ng_DiagonalCMA,-100,604,5,604,MABBOB_604,0.2182105640455143,0.07160820329542208,BASELINE
modde_base,-100,955,5,955,MABBOB_955,0.04263382875893597,0.018157368475129994,BASELINE
ng_Powell,-100,407,5,407,MABBOB_407,0.3827402906263592,0.0,BASELINE
ng_MultiBFGS,-100,787,5,787,MABBOB_787,0.6196082265916785,0.1018297582091169,BASELINE
modde_lshade,-100,783,5,783,MABBOB_783,0.124595081497106,0.11143951420881452,BASELINE
ng_Powell,-100,592,5,592,MABBOB_592,0.583243377753953,0.0,BASELINE
ng_OnePlusOne,-100,423,5,423,MABBOB_423,0.25970523383143923,0.3313133160153716,BASELINE
ng_DE,-100,642,5,642,MABBOB_642,0.024348842421134338,0.013464272347668829,BASELINE
modde_base,-100,88,5,88,MABBOB_88,0.04649017816506985,0.02568599559324599,BASELINE
modcma_bipop,-100,464,5,464,MABBOB_464,0.09459078614834923,0.023104553602518,BASELINE
modde_lshade,-100,430,5,430,MABBOB_430,0.06364874549890205,0.05427821286584856,BASELINE
modde_lshade,-100,33,5,33,MABBOB_33,0.16810472955230277,0.14343350424160967,BASELINE
modde_lshade,-100,566,5,566,MABBOB_566,0.17801720963620854,0.05311509912994923,BASELINE
ng_OnePlusOne,-100,887,5,887,MABBOB_887,0.2904735170370776,0.16484432433160173,BASELINE
ng_MultiBFGS,-100,307,5,307,MABBOB_307,0.34321737731292395,0.2782180895144642,BASELINE
ng_OnePlusOne,-100,558,5,558,MABBOB_558,0.05068697340265419,0.037365148347599485,BASELINE
ng_DE,-100,699,5,699,MABBOB_699,0.09380995126548644,0.031031185203078133,BASELINE
modde_lshade,-100,149,5,149,MABBOB_149,0.20020023029979228,0.1268019006404354,BASELINE
modcma_bipop,-100,177,5,177,MABBOB_177,0.029906001517483065,0.013722817709351754,BASELINE
ng_DiagonalCMA,-100,461,5,461,MABBOB_461,0.04294892387075339,0.011186597581460468,BASELINE
ng_DE,-100,257,5,257,MABBOB_257,0.05938124437407326,0.018334660009334734,BASELINE
modde_lshade,-100,677,5,677,MABBOB_677,0.15906693134674746,0.07425974759316259,BASELINE
ng_Powell,-100,418,5,418,MABBOB_418,0.36320461775918755,0.0,BASELINE
ng_Powell,-100,440,5,440,MABBOB_440,0.16345841506538525,0.0,BASELINE
ng_OnePlusOne,-100,349,5,349,MABBOB_349,0.326363796673243,0.1640853816306821,BASELINE
ng_DE,-100,464,5,464,MABBOB_464,0.1628247490593409,0.06523581930970873,BASELINE
modcma_bipop,-100,558,5,558,MABBOB_558,0.03705408808249834,0.014825421755999131,BASELINE
ng_MultiBFGS,-100,97,5,97,MABBOB_97,0.7903699947984482,0.2101394719204944,BASELINE
modcma_bipop,-100,182,5,182,MABBOB_182,0.07649795530061021,0.018369611197563536,BASELINE
ng_OnePlusOne,-100,747,5,747,MABBOB_747,0.08546106251473547,0.03291156529613062,BASELINE
modde_lshade,-100,569,5,569,MABBOB_569,0.12844154935901136,0.05607233802629262,BASELINE
ng_MultiBFGS,-100,346,5,346,MABBOB_346,0.037530470166003436,0.009922146290837113,BASELINE
ng_DiagonalCMA,-100,88,5,88,MABBOB_88,0.07880186442421681,0.01151372533333367,BASELINE
ng_DE,-100,542,5,542,MABBOB_542,0.023223301903586662,0.014974394683868587,BASELINE
ng_DE,-100,73,5,73,MABBOB_73,0.11694320518554871,0.04977344951313468,BASELINE
ng_Powell,-100,190,5,190,MABBOB_190,0.007026364520291155,0.0,BASELINE
modde_base,-100,204,5,204,MABBOB_204,0.037007075988488944,0.01590177196037296,BASELINE
ng_Powell,-100,943,5,943,MABBOB_943,0.6839019010766634,0.0,BASELINE
ng_DE,-100,604,5,604,MABBOB_604,0.08352235860931524,0.07552980505900626,BASELINE
ng_OnePlusOne,-100,264,5,264,MABBOB_264,0.12193717909447277,0.05168842345012577,BASELINE
ng_OnePlusOne,-100,284,5,284,MABBOB_284,0.24283525914785792,0.08032623543202869,BASELINE
modcma_bipop,-100,629,5,629,MABBOB_629,0.035637346185648594,0.024160148232217966,BASELINE
ng_DE,-100,430,5,430,MABBOB_430,0.0490322573642947,0.014175893961587865,BASELINE
ng_DE,-100,567,5,567,MABBOB_567,0.052754794310803634,0.01878750741355839,BASELINE
ng_MultiBFGS,-100,349,5,349,MABBOB_349,0.6939157442492704,0.2122390812577492,BASELINE
modde_base,-100,266,5,266,MABBOB_266,0.5090829509478425,0.3217553945375711,BASELINE
modcma_base,-100,74,5,74,MABBOB_74,0.07272376026103097,0.06658598962542676,BASELINE
ng_OnePlusOne,-100,440,5,440,MABBOB_440,0.2288647526655092,0.017050307406697295,BASELINE
ng_OnePlusOne,-100,114,5,114,MABBOB_114,0.5380172911685656,0.14929182077338823,BASELINE
ng_DE,-100,396,5,396,MABBOB_396,0.047231238312739475,0.012057936386637822,BASELINE
ng_OnePlusOne,-100,609,5,609,MABBOB_609,0.17205912916045912,0.033260875115244726,BASELINE
modcma_base,-100,482,5,482,MABBOB_482,0.11064797619154994,0.0636705792982555,BASELINE
ng_OnePlusOne,-100,523,5,523,MABBOB_523,0.043958813716165356,0.014175495123866712,BASELINE
modde_base,-100,103,5,103,MABBOB_103,0.10504210899572189,0.04601756097694412,BASELINE
ng_DiagonalCMA,-100,575,5,575,MABBOB_575,0.4815624030072822,0.29571933937437983,BASELINE
modde_base,-100,680,5,680,MABBOB_680,0.11228726151953086,0.03549841977749875,BASELINE
ng_OnePlusOne,-100,769,5,769,MABBOB_769,0.18444700793582633,0.05048148600640444,BASELINE
modde_base,-100,461,5,461,MABBOB_461,0.059440350337743475,0.026943350090110518,BASELINE
modcma_bipop,-100,964,5,964,MABBOB_964,0.07713636506819514,0.026543713576212442,BASELINE
ng_DE,-100,870,5,870,MABBOB_870,0.11812233966723643,0.0366942533316442,BASELINE
ng_MultiBFGS,-100,387,5,387,MABBOB_387,0.049284906216413196,0.027681035635789535,BASELINE
modcma_bipop,-100,329,5,329,MABBOB_329,0.04343815177596181,0.02112310144331719,BASELINE
ng_DE,-100,82,5,82,MABBOB_82,0.04978098343586751,0.009951205386692882,BASELINE
ng_MultiBFGS,-100,782,5,782,MABBOB_782,0.8833331515010929,0.09193559537272881,BASELINE
modde_lshade,-100,34,5,34,MABBOB_34,0.12745481275515425,0.09336121287269623,BASELINE
ng_Powell,-100,852,5,852,MABBOB_852,0.8787125576276387,0.0,BASELINE
ng_DE,-100,6,5,6,MABBOB_6,0.17230714712413936,0.09539133313398583,BASELINE
modde_lshade,-100,163,5,163,MABBOB_163,0.023338144448951333,0.009275615799249787,BASELINE
ng_MultiBFGS,-100,163,5,163,MABBOB_163,0.039689538727652116,0.008907233768677643,BASELINE
ng_MultiBFGS,-100,993,5,993,MABBOB_993,0.05655957960423987,0.015170117671136346,BASELINE
modcma_bipop,-100,26,5,26,MABBOB_26,0.01290851807675949,0.01096092240725808,BASELINE
modcma_base,-100,747,5,747,MABBOB_747,0.03988919591083849,0.022176899025999224,BASELINE
ng_OnePlusOne,-100,577,5,577,MABBOB_577,0.20116941506024122,0.12298419652461648,BASELINE
ng_DE,-100,519,5,519,MABBOB_519,0.23389546937662603,0.12349682372045928,BASELINE
ng_MultiBFGS,-100,519,5,519,MABBOB_519,0.7814541643671715,0.21684720410826525,BASELINE
modde_base,-100,508,5,508,MABBOB_508,0.11568959155054322,0.10111416548556827,BASELINE
modcma_base,-100,741,5,741,MABBOB_741,0.07968955966896651,0.09574261561099968,BASELINE
modcma_bipop,-100,772,5,772,MABBOB_772,0.17323635755230665,0.05100780969811025,BASELINE
ng_DE,-100,629,5,629,MABBOB_629,0.12879736049662494,0.051328003820410355,BASELINE
modcma_bipop,-100,906,5,906,MABBOB_906,0.024493706260623842,0.015422386602677954,BASELINE
ng_MultiBFGS,-100,597,5,597,MABBOB_597,0.7250859977664746,0.12090184293869706,BASELINE
modde_lshade,-100,118,5,118,MABBOB_118,0.12475567648342364,0.17188814357860846,BASELINE
modde_base,-100,116,5,116,MABBOB_116,0.07195153389174141,0.0700457009826511,BASELINE
modde_base,-100,162,5,162,MABBOB_162,0.1132092399357016,0.02776147355731362,BASELINE
ng_Powell,-100,350,5,350,MABBOB_350,0.4099204398152659,0.0,BASELINE
modcma_bipop,-100,788,5,788,MABBOB_788,0.021386255533825494,0.016471690343994067,BASELINE
modcma_bipop,-100,97,5,97,MABBOB_97,0.10798629957758932,0.14406087119298988,BASELINE
ng_OnePlusOne,-100,426,5,426,MABBOB_426,0.29532940324127527,0.274016879714088,BASELINE
ng_OnePlusOne,-100,344,5,344,MABBOB_344,0.04336911007217882,0.022790251555969098,BASELINE
ng_DE,-100,181,5,181,MABBOB_181,0.033619074444007184,0.019186836352837865,BASELINE
modde_lshade,-100,418,5,418,MABBOB_418,0.18417340174900515,0.19561479261259704,BASELINE
modde_lshade,-100,407,5,407,MABBOB_407,0.22585654356222537,0.12310854436036918,BASELINE
ng_OnePlusOne,-100,491,5,491,MABBOB_491,0.22386705260681738,0.20657829051558138,BASELINE
ng_Powell,-100,259,5,259,MABBOB_259,0.08852086721603188,0.0,BASELINE
modde_lshade,-100,99,5,99,MABBOB_99,0.2631253644671437,0.14194642343858252,BASELINE
ng_DE,-100,865,5,865,MABBOB_865,0.12108738205732616,0.1633777087707169,BASELINE
modde_base,-100,190,5,190,MABBOB_190,0.031148158198267006,0.024874826141902097,BASELINE
ng_DiagonalCMA,-100,502,5,502,MABBOB_502,0.21254791390188882,0.0465954570879064,BASELINE
ng_MultiBFGS,-100,440,5,440,MABBOB_440,0.03777438910347202,0.002039526420039154,BASELINE
modcma_bipop,-100,556,5,556,MABBOB_556,0.03864513944743897,0.020103419220172215,BASELINE
ng_MultiBFGS,-100,700,5,700,MABBOB_700,0.027188459835355804,0.003159805388673023,BASELINE
ng_DiagonalCMA,-100,371,5,371,MABBOB_371,0.2053394233165436,0.06416029148043913,BASELINE
ng_DE,-100,203,5,203,MABBOB_203,0.143332771805039,0.07765048300100115,BASELINE
ng_DiagonalCMA,-100,400,5,400,MABBOB_400,0.2251846457610572,0.04227693621499596,BASELINE
modcma_bipop,-100,284,5,284,MABBOB_284,0.08265125617311825,0.04832750476476157,BASELINE
modde_base,-100,400,5,400,MABBOB_400,0.5033419021402488,0.05659701607848012,BASELINE
modde_lshade,-100,586,5,586,MABBOB_586,0.18683451832215356,0.11638750521823234,BASELINE
ng_Powell,-100,519,5,519,MABBOB_519,0.6035366020176658,0.0,BASELINE
modcma_base,-100,61,5,61,MABBOB_61,0.08094018722766567,0.03035926476314879,BASELINE
modcma_bipop,-100,161,5,161,MABBOB_161,0.047012119387353245,0.01488132862211535,BASELINE
modcma_bipop,-100,264,5,264,MABBOB_264,0.09729432221542414,0.06161070062699433,BASELINE
ng_DiagonalCMA,-100,388,5,388,MABBOB_388,0.04856537490930914,0.014124557133746806,BASELINE
ng_DiagonalCMA,-100,8,5,8,MABBOB_8,0.10660349747152338,0.01068616074049532,BASELINE
ng_OnePlusOne,-100,639,5,639,MABBOB_639,0.14864152993038,0.022965997111458865,BASELINE
ng_DiagonalCMA,-100,396,5,396,MABBOB_396,0.13412995606768094,0.03573624023243138,BASELINE
modcma_base,-100,327,5,327,MABBOB_327,0.054373965520386966,0.01039716640081804,BASELINE
ng_DiagonalCMA,-100,965,5,965,MABBOB_965,0.4464036726489792,0.03499311701666377,BASELINE
modde_base,-100,212,5,212,MABBOB_212,0.08641729715378363,0.06362433713372702,BASELINE
ng_DE,-100,368,5,368,MABBOB_368,0.05901442842635759,0.045657891457434284,BASELINE
modde_base,-100,657,5,657,MABBOB_657,0.369178500849713,0.08070120173297878,BASELINE
modde_base,-100,604,5,604,MABBOB_604,0.14445485300925082,0.15055637066690344,BASELINE
modde_lshade,-100,248,5,248,MABBOB_248,0.07982152426381542,0.11838397290516624,BASELINE
modcma_bipop,-100,466,5,466,MABBOB_466,0.09388489397637527,0.03455341523542582,BASELINE
modde_base,-100,259,5,259,MABBOB_259,0.06697031515024657,0.032485497724212074,BASELINE
modcma_bipop,-100,192,5,192,MABBOB_192,0.034372085713647985,0.009600459130156096,BASELINE
ng_OnePlusOne,-100,305,5,305,MABBOB_305,0.16861571232499192,0.05387499777242132,BASELINE
modde_lshade,-100,689,5,689,MABBOB_689,0.023782506285733595,0.013263066703696102,BASELINE
ng_Powell,-100,203,5,203,MABBOB_203,0.4217307884960458,0.0,BASELINE
ng_OnePlusOne,-100,677,5,677,MABBOB_677,0.045958396312864025,0.008401578367556024,BASELINE
ng_DiagonalCMA,-100,639,5,639,MABBOB_639,0.27233102619976146,0.08678585788447656,BASELINE
modcma_base,-100,756,5,756,MABBOB_756,0.11119621716297208,0.07246448959041724,BASELINE
ng_MultiBFGS,-100,577,5,577,MABBOB_577,0.6128645646298082,0.2923878703757886,BASELINE
modcma_bipop,-100,586,5,586,MABBOB_586,0.08051298778553587,0.055789869831861676,BASELINE
modcma_base,-100,305,5,305,MABBOB_305,0.06036952946989789,0.028847228428848515,BASELINE
ng_MultiBFGS,-100,6,5,6,MABBOB_6,0.7892187041399369,0.11085751836014318,BASELINE
ng_DE,-100,783,5,783,MABBOB_783,0.06585225129967727,0.03833269884116727,BASELINE
modcma_base,-100,260,5,260,MABBOB_260,0.13924067639855053,0.03713341641051201,BASELINE
modde_base,-100,181,5,181,MABBOB_181,0.04413935558391662,0.025964551650028152,BASELINE
modcma_base,-100,400,5,400,MABBOB_400,0.14277557818359735,0.04534919838910296,BASELINE
ng_MultiBFGS,-100,411,5,411,MABBOB_411,0.14582209890297015,0.05471049880909231,BASELINE
modcma_base,-100,731,5,731,MABBOB_731,0.07059386862722623,0.08482524789302637,BASELINE
ng_Powell,-100,123,5,123,MABBOB_123,0.14745797483127673,0.0,BASELINE
ng_DE,-100,264,5,264,MABBOB_264,0.2628700347024734,0.17166537913438704,BASELINE
modde_base,-100,542,5,542,MABBOB_542,0.046609093007727274,0.03896339269115407,BASELINE
modcma_bipop,-100,608,5,608,MABBOB_608,0.20218797261704266,0.07429043539440174,BASELINE
ng_Powell,-100,525,5,525,MABBOB_525,0.7250230495047993,0.0,BASELINE
modcma_bipop,-100,430,5,430,MABBOB_430,0.03357618418846693,0.027177060931820422,BASELINE
ng_Powell,-100,305,5,305,MABBOB_305,0.3660787487091322,0.0,BASELINE
modcma_bipop,-100,763,5,763,MABBOB_763,0.03157273729418106,0.016598301700006632,BASELINE
ng_OnePlusOne,-100,26,5,26,MABBOB_26,0.028697832760939006,0.008133348533639456,BASELINE
modcma_base,-100,118,5,118,MABBOB_118,0.03796636656980259,0.033036519517737756,BASELINE
modcma_base,-100,259,5,259,MABBOB_259,0.029209017268688325,0.01892973446859912,BASELINE
modcma_bipop,-100,954,5,954,MABBOB_954,0.08676267843639177,0.07854635340209533,BASELINE
ng_Powell,-100,609,5,609,MABBOB_609,0.2567275281686191,0.0,BASELINE
modde_base,-100,642,5,642,MABBOB_642,0.08921916489195918,0.058825237853125656,BASELINE
modcma_bipop,-100,879,5,879,MABBOB_879,0.026846314161588957,0.040213753865769794,BASELINE
modde_lshade,-100,706,5,706,MABBOB_706,0.2533862341470118,0.11004582139020662,BASELINE
ng_DE,-100,317,5,317,MABBOB_317,0.13039366909052538,0.11573371303938916,BASELINE
ng_MultiBFGS,-100,764,5,764,MABBOB_764,0.03268939257661037,0.012993936961789316,BASELINE
ng_Powell,-100,876,5,876,MABBOB_876,0.041827837694669294,0.0,BASELINE
ng_MultiBFGS,-100,898,5,898,MABBOB_898,0.5403769514065409,0.2753947886070895,BASELINE
modcma_bipop,-100,116,5,116,MABBOB_116,0.044441798117162715,0.035608508573633346,BASELINE
modcma_bipop,-100,327,5,327,MABBOB_327,0.054373965520386966,0.01039716640081804,BASELINE
ng_OnePlusOne,-100,738,5,738,MABBOB_738,0.02651017327045349,0.00591324130620531,BASELINE
ng_DiagonalCMA,-100,203,5,203,MABBOB_203,0.1581484827557889,0.03761439335237307,BASELINE
ng_DE,-100,677,5,677,MABBOB_677,0.061905807578362046,0.01132930629107926,BASELINE
ng_MultiBFGS,-100,268,5,268,MABBOB_268,0.7553683142354964,0.1750217699348524,BASELINE
ng_DiagonalCMA,-100,855,5,855,MABBOB_855,0.3785640975991054,0.06523562339623382,BASELINE
ng_MultiBFGS,-100,864,5,864,MABBOB_864,0.37872746152337766,0.21832318043572652,BASELINE
ng_Powell,-100,919,5,919,MABBOB_919,0.1481359596704921,0.0,BASELINE
modcma_bipop,-100,103,5,103,MABBOB_103,0.08402041955400288,0.06686693282283777,BASELINE
ng_MultiBFGS,-100,772,5,772,MABBOB_772,0.6527570102941556,0.12906410124589507,BASELINE
modcma_base,-100,426,5,426,MABBOB_426,0.07597307588967739,0.05855490148466626,BASELINE
ng_MultiBFGS,-100,275,5,275,MABBOB_275,0.0958166716700464,0.04813341639571264,BASELINE
ng_Powell,-100,975,5,975,MABBOB_975,0.11661469431096791,0.0,BASELINE
ng_Powell,-100,567,5,567,MABBOB_567,0.3338443563758633,0.0,BASELINE
modde_base,-100,876,5,876,MABBOB_876,0.1760946617807535,0.12358492382462058,BASELINE
ng_Powell,-100,773,5,773,MABBOB_773,0.40653111668896835,5.551115123125783e-17,BASELINE
ng_Powell,-100,827,5,827,MABBOB_827,0.2782337350544366,0.0,BASELINE
ng_OnePlusOne,-100,687,5,687,MABBOB_687,0.18889684175783603,0.08866295208989976,BASELINE
ng_Powell,-100,361,5,361,MABBOB_361,0.3529372635603705,0.0,BASELINE
modcma_bipop,-100,344,5,344,MABBOB_344,0.0404493554829443,0.028315675571463937,BASELINE
ng_MultiBFGS,-100,756,5,756,MABBOB_756,0.27574910563413046,0.156992755047329,BASELINE
ng_Powell,-100,367,5,367,MABBOB_367,0.6716209590808303,0.0,BASELINE
ng_OnePlusOne,-100,335,5,335,MABBOB_335,0.036250249533481715,0.012056072841401063,BASELINE
ng_OnePlusOne,-100,329,5,329,MABBOB_329,0.042029951316035444,0.016530131124383108,BASELINE
ng_DE,-100,118,5,118,MABBOB_118,0.01980996308411658,0.004185950660542327,BASELINE
ng_Powell,-100,103,5,103,MABBOB_103,0.02671584939001172,0.0,BASELINE
ng_OnePlusOne,-100,555,5,555,MABBOB_555,0.12664053165352906,0.027585193316560293,BASELINE
ng_OnePlusOne,-100,418,5,418,MABBOB_418,0.09698442915958844,0.019485872748007782,BASELINE
modcma_base,-100,333,5,333,MABBOB_333,0.04845473009505939,0.028871759716889687,BASELINE
modcma_base,-100,700,5,700,MABBOB_700,0.04872797291022541,0.0348087807214798,BASELINE
ng_DiagonalCMA,-100,350,5,350,MABBOB_350,0.21950411164296266,0.13245294883503037,BASELINE
modcma_bipop,-100,215,5,215,MABBOB_215,0.1410335951021743,0.17165560116800546,BASELINE
ng_DE,-100,440,5,440,MABBOB_440,0.06274297547683579,0.015266233097071999,BASELINE
ng_OnePlusOne,-100,741,5,741,MABBOB_741,0.08932115356220156,0.04470591207434801,BASELINE
ng_Powell,-100,177,5,177,MABBOB_177,0.4024382598390443,0.0,BASELINE
ng_DiagonalCMA,-100,864,5,864,MABBOB_864,0.10086426988265,0.014727284930228107,BASELINE
ng_OnePlusOne,-100,24,5,24,MABBOB_24,0.21696768937629188,0.19714952755021467,BASELINE
modde_lshade,-100,558,5,558,MABBOB_558,0.09244501552699237,0.05006366228903554,BASELINE
modde_base,-100,731,5,731,MABBOB_731,0.04555615598174913,0.016840503403855164,BASELINE
modde_lshade,-100,166,5,166,MABBOB_166,0.17263638822396293,0.0740483579257233,BASELINE
ng_OnePlusOne,-100,646,5,646,MABBOB_646,0.0787810195788736,0.05818607159220979,BASELINE
modde_base,-100,741,5,741,MABBOB_741,0.09534891660165887,0.09268451920311822,BASELINE
modde_base,-100,848,5,848,MABBOB_848,0.4599430116799755,0.2249394884378047,BASELINE
ng_OnePlusOne,-100,891,5,891,MABBOB_891,0.190076298632736,0.08275045197415001,BASELINE
ng_Powell,-100,275,5,275,MABBOB_275,0.24786458688115104,2.7755575615628914e-17,BASELINE
modde_lshade,-100,162,5,162,MABBOB_162,0.10306412861558087,0.027375725983706915,BASELINE
modcma_base,-100,144,5,144,MABBOB_144,0.054880822129416064,0.029687946602425082,BASELINE
ng_MultiBFGS,-100,575,5,575,MABBOB_575,0.7580991836096989,0.21365190813152285,BASELINE
modcma_bipop,-100,388,5,388,MABBOB_388,0.02533445475668532,0.010500867376734587,BASELINE
ng_OnePlusOne,-100,766,5,766,MABBOB_766,0.3858356160555739,0.4065767914846432,BASELINE
modcma_bipop,-100,782,5,782,MABBOB_782,0.04753719828270486,0.0241581661542303,BASELINE
ng_OnePlusOne,-100,61,5,61,MABBOB_61,0.12917663301846932,0.056349988937612325,BASELINE
ng_DiagonalCMA,-100,243,5,243,MABBOB_243,0.05619072030709863,0.024057443374201622,BASELINE
ng_DE,-100,836,5,836,MABBOB_836,0.14595119179221192,0.03239028881302986,BASELINE
ng_OnePlusOne,-100,876,5,876,MABBOB_876,0.07825233013636214,0.016313687020019778,BASELINE
modcma_bipop,-100,566,5,566,MABBOB_566,0.06813369498564269,0.01990144838508216,BASELINE
modde_lshade,-100,161,5,161,MABBOB_161,0.15041149243750013,0.05381207440497745,BASELINE
modde_lshade,-100,182,5,182,MABBOB_182,0.13147711857603808,0.040724424312019135,BASELINE
modcma_bipop,-100,706,5,706,MABBOB_706,0.1215698503218767,0.05464755090668247,BASELINE
modcma_base,-100,284,5,284,MABBOB_284,0.08265125617311825,0.04832750476476157,BASELINE
modcma_base,-100,176,5,176,MABBOB_176,0.2666039451040706,0.07131535337052511,BASELINE
ng_MultiBFGS,-100,906,5,906,MABBOB_906,0.821757994382166,0.09379341540367082,BASELINE
modde_base,-100,360,5,360,MABBOB_360,0.1348433754863988,0.08244846529243571,BASELINE
ng_DE,-100,260,5,260,MABBOB_260,0.3120305460689473,0.14399320199216661,BASELINE
modcma_base,-100,162,5,162,MABBOB_162,0.0716031316830312,0.04371746969721009,BASELINE
ng_DiagonalCMA,-100,107,5,107,MABBOB_107,0.08102468825859292,0.020392124681317222,BASELINE
ng_OnePlusOne,-100,878,5,878,MABBOB_878,0.15945188532073834,0.03970084685498802,BASELINE
modde_lshade,-100,901,5,901,MABBOB_901,0.13974663593750014,0.11211398894316127,BASELINE
ng_DE,-100,565,5,565,MABBOB_565,0.04071479437652249,0.02406745672661823,BASELINE
ng_DE,-100,827,5,827,MABBOB_827,0.15158183543992837,0.06013403045634803,BASELINE
ng_DE,-100,419,5,419,MABBOB_419,0.16399444382820877,0.10488078771381457,BASELINE
ng_DE,-100,51,5,51,MABBOB_51,0.04830287701991489,0.02357392594424755,BASELINE
ng_DiagonalCMA,-100,646,5,646,MABBOB_646,0.06661363767169408,0.00865448286273445,BASELINE
ng_DE,-100,34,5,34,MABBOB_34,0.04934018286377473,0.02110770944698881,BASELINE
ng_DE,-100,943,5,943,MABBOB_943,0.33084465560844933,0.07441250228641104,BASELINE
ng_DE,-100,348,5,348,MABBOB_348,0.13243317565752943,0.20690411814859008,BASELINE
modde_base,-100,713,5,713,MABBOB_713,0.06871121870637034,0.05673094506501332,BASELINE
ng_DE,-100,706,5,706,MABBOB_706,0.23071508323942727,0.06044526043806641,BASELINE
ng_DiagonalCMA,-100,536,5,536,MABBOB_536,0.25372726470384727,0.05257736530350461,BASELINE
ng_DE,-100,176,5,176,MABBOB_176,0.23544772542422704,0.09709497288255373,BASELINE
modcma_bipop,-100,538,5,538,MABBOB_538,0.07171158821772187,0.011758595250602877,BASELINE
ng_OnePlusOne,-100,51,5,51,MABBOB_51,0.030840887970641086,0.008983691782450077,BASELINE
modcma_base,-100,371,5,371,MABBOB_371,0.061252458423191644,0.020519982146063168,BASELINE
ng_DE,-100,115,5,115,MABBOB_115,0.09482551026033785,0.051070549254035105,BASELINE
modcma_base,-100,891,5,891,MABBOB_891,0.09104098141168063,0.10174820185540706,BASELINE
modde_base,-100,569,5,569,MABBOB_569,0.12119450594206874,0.046977591682660975,BASELINE
ng_Powell,-100,688,5,688,MABBOB_688,0.24277913493728134,2.7755575615628914e-17,BASELINE
modde_lshade,-100,335,5,335,MABBOB_335,0.07156100094360908,0.0638361690412178,BASELINE
ng_OnePlusOne,-100,827,5,827,MABBOB_827,0.06908875772204522,0.020986324943956677,BASELINE
modde_lshade,-100,691,5,691,MABBOB_691,0.01683662739239215,0.013857725930775054,BASELINE
modcma_bipop,-100,275,5,275,MABBOB_275,0.07159095199227565,0.020187011224778777,BASELINE
modcma_base,-100,695,5,695,MABBOB_695,0.0503882188827938,0.013504656011577007,BASELINE
modcma_bipop,-100,606,5,606,MABBOB_606,0.1832403794102115,0.11002622635342131,BASELINE
ng_MultiBFGS,-100,51,5,51,MABBOB_51,0.15570194245999502,0.1116290400625903,BASELINE
ng_DiagonalCMA,-100,879,5,879,MABBOB_879,0.12650513036658642,0.1028017081428023,BASELINE
ng_OnePlusOne,-100,862,5,862,MABBOB_862,0.27230980469598537,0.17630264392215766,BASELINE
ng_OnePlusOne,-100,367,5,367,MABBOB_367,0.4104757432013382,0.2770218862317977,BASELINE
modde_base,-100,525,5,525,MABBOB_525,0.14129826976117604,0.07209430809780973,BASELINE
modde_lshade,-100,405,5,405,MABBOB_405,0.12661797333524885,0.050827610226840646,BASELINE
modde_base,-100,466,5,466,MABBOB_466,0.1880516338554477,0.05625116335084125,BASELINE
modde_base,-100,975,5,975,MABBOB_975,0.18592601348288465,0.1189109892741718,BASELINE
modcma_base,-100,361,5,361,MABBOB_361,0.16526310681063186,0.037136789100803674,BASELINE
modcma_base,-100,766,5,766,MABBOB_766,0.033546734130222196,0.0159049299448299,BASELINE
modcma_base,-100,107,5,107,MABBOB_107,0.05927794062273593,0.03847459766671601,BASELINE
ng_DiagonalCMA,-100,918,5,918,MABBOB_918,0.2522074790611234,0.03910530278560195,BASELINE
ng_DiagonalCMA,-100,482,5,482,MABBOB_482,0.12261516775543639,0.01854081529026135,BASELINE
ng_OnePlusOne,-100,662,5,662,MABBOB_662,0.13582724671556287,0.12194355291947745,BASELINE
modde_base,-100,34,5,34,MABBOB_34,0.13179344289707334,0.10602092227665348,BASELINE
ng_DiagonalCMA,-100,410,5,410,MABBOB_410,0.08915181012536051,0.020030662465455113,BASELINE
modde_lshade,-100,756,5,756,MABBOB_756,0.25311508288580253,0.09671067081648568,BASELINE
ng_Powell,-100,779,5,779,MABBOB_779,0.041403940841713525,0.0,BASELINE
ng_DiagonalCMA,-100,411,5,411,MABBOB_411,0.0756028651798478,0.02015701549411773,BASELINE
ng_Powell,-100,387,5,387,MABBOB_387,0.12626758026882504,0.0,BASELINE
modde_base,-100,949,5,949,MABBOB_949,0.07285303358806336,0.05176486088203901,BASELINE
modde_base,-100,333,5,333,MABBOB_333,0.022495383041171164,0.010665879306473102,BASELINE
ng_OnePlusOne,-100,542,5,542,MABBOB_542,0.025725355672452616,0.011486261517352762,BASELINE
modde_lshade,-100,330,5,330,MABBOB_330,0.2352676909302424,0.16522856487420742,BASELINE
ng_OnePlusOne,-100,103,5,103,MABBOB_103,0.05901457896115926,0.02476346275372943,BASELINE
modcma_bipop,-100,810,5,810,MABBOB_810,0.024860926496590264,0.012724197253219802,BASELINE
ng_MultiBFGS,-100,361,5,361,MABBOB_361,0.8414721510447501,0.14070494790442523,BASELINE
ng_OnePlusOne,-100,569,5,569,MABBOB_569,0.0847460529736139,0.017024131031517363,BASELINE
ng_Powell,-100,144,5,144,MABBOB_144,0.2403069829479869,0.0,BASELINE
ng_Powell,-100,597,5,597,MABBOB_597,0.6620186738134415,0.0,BASELINE
modde_base,-100,772,5,772,MABBOB_772,0.38390173701011826,0.31586952272459223,BASELINE
modcma_base,-100,991,5,991,MABBOB_991,0.021531494900070263,0.02099850861155852,BASELINE
ng_DiagonalCMA,-100,317,5,317,MABBOB_317,0.19487162798167418,0.13236016298857883,BASELINE
ng_Powell,-100,530,5,530,MABBOB_530,0.10090351655696864,1.3877787807814457e-17,BASELINE
modcma_base,-100,73,5,73,MABBOB_73,0.08012141533003755,0.03218375716556921,BASELINE
modcma_base,-100,411,5,411,MABBOB_411,0.05189230277534921,0.04205759570444217,BASELINE
ng_DE,-100,788,5,788,MABBOB_788,0.026949040331557223,0.014943083820575695,BASELINE
modde_base,-100,852,5,852,MABBOB_852,0.07905955379052973,0.051096207476179836,BASELINE
ng_OnePlusOne,-100,949,5,949,MABBOB_949,0.2112729021905854,0.08405662869241483,BASELINE
modde_lshade,-100,181,5,181,MABBOB_181,0.05002806974932472,0.04282302176414711,BASELINE
ng_DE,-100,980,5,980,MABBOB_980,0.13830593041245215,0.056302539916480376,BASELINE
ng_DiagonalCMA,-100,257,5,257,MABBOB_257,0.11536083404427858,0.01045353731897908,BASELINE
modcma_bipop,-100,461,5,461,MABBOB_461,0.06204225982452275,0.03700123774141298,BASELINE
modde_base,-100,782,5,782,MABBOB_782,0.1644499250723703,0.07286672632941751,BASELINE
modde_lshade,-100,993,5,993,MABBOB_993,0.14017113537486176,0.031074878978812785,BASELINE
modde_base,-100,144,5,144,MABBOB_144,0.16649282551203107,0.18523651785022172,BASELINE
modde_base,-100,430,5,430,MABBOB_430,0.09334760011294922,0.10955410385002988,BASELINE
ng_DiagonalCMA,-100,494,5,494,MABBOB_494,0.13804044324745995,0.015777679809499724,BASELINE
ng_DiagonalCMA,-100,556,5,556,MABBOB_556,0.08125832392817035,0.011107070160939618,BASELINE
ng_OnePlusOne,-100,37,5,37,MABBOB_37,0.2699313679810324,0.2512757396692854,BASELINE
modcma_base,-100,324,5,324,MABBOB_324,0.04343540489685386,0.04042109731294655,BASELINE
modcma_base,-100,317,5,317,MABBOB_317,0.03508489370017296,0.0249637220959646,BASELINE
ng_MultiBFGS,-100,949,5,949,MABBOB_949,0.22101340543936193,0.07847453820035095,BASELINE
ng_OnePlusOne,-100,243,5,243,MABBOB_243,0.1502886258857126,0.2487336170033326,BASELINE
ng_DiagonalCMA,-100,680,5,680,MABBOB_680,0.04505082398570731,0.013208316926604522,BASELINE
modde_lshade,-100,855,5,855,MABBOB_855,0.047832583114446825,0.031056673095482264,BASELINE
modde_lshade,-100,864,5,864,MABBOB_864,0.08584314788329261,0.061842414881395524,BASELINE
ng_OnePlusOne,-100,763,5,763,MABBOB_763,0.07884277500116246,0.06667975205873705,BASELINE
ng_DiagonalCMA,-100,779,5,779,MABBOB_779,0.08475518174509453,0.027050161910393593,BASELINE
modcma_bipop,-100,901,5,901,MABBOB_901,0.04958291376895809,0.02534564543743151,BASELINE
modde_lshade,-100,246,5,246,MABBOB_246,0.102292403345529,0.09356857171063557,BASELINE
ng_MultiBFGS,-100,396,5,396,MABBOB_396,0.1568319388692695,0.038177742664009244,BASELINE
ng_OnePlusOne,-100,782,5,782,MABBOB_782,0.2415009831129848,0.129243342238523,BASELINE
modde_lshade,-100,592,5,592,MABBOB_592,0.3138793660722458,0.14029768375901763,BASELINE
modde_lshade,-100,542,5,542,MABBOB_542,0.04546383412893924,0.03840126014432367,BASELINE
ng_MultiBFGS,-100,887,5,887,MABBOB_887,0.6580587812001759,0.19646152552670726,BASELINE
ng_DE,-100,502,5,502,MABBOB_502,0.0557583762821964,0.011808246332610926,BASELINE
ng_Powell,-100,421,5,421,MABBOB_421,0.1744745225068378,0.0,BASELINE
ng_OnePlusOne,-100,606,5,606,MABBOB_606,0.22668768934370473,0.04762504367786464,BASELINE
modcma_base,-100,606,5,606,MABBOB_606,0.1832403794102115,0.11002622635342131,BASELINE
modcma_bipop,-100,24,5,24,MABBOB_24,0.055289820434187384,0.020233521717110993,BASELINE
ng_MultiBFGS,-100,555,5,555,MABBOB_555,0.05946924009515414,0.010015869867643556,BASELINE
modcma_bipop,-100,426,5,426,MABBOB_426,0.07597307588967739,0.05855490148466626,BASELINE
ng_MultiBFGS,-100,639,5,639,MABBOB_639,0.5908773609612158,0.18010307247696913,BASELINE
modcma_bipop,-100,911,5,911,MABBOB_911,0.11714897798379102,0.08795947795562147,BASELINE
ng_DE,-100,508,5,508,MABBOB_508,0.16891273062541834,0.1567133607137444,BASELINE
modde_lshade,-100,597,5,597,MABBOB_597,0.18208548493423365,0.08963095220823034,BASELINE
modde_lshade,-100,862,5,862,MABBOB_862,0.2165448437631367,0.2193627887436146,BASELINE
modcma_bipop,-100,707,5,707,MABBOB_707,0.0735189962253666,0.030351529418955716,BASELINE
ng_DE,-100,243,5,243,MABBOB_243,0.03709708538284938,0.049053370899913885,BASELINE
ng_Powell,-100,787,5,787,MABBOB_787,0.8701119156268751,0.0,BASELINE
ng_DE,-100,451,5,451,MABBOB_451,0.01242142138590701,0.004807462835878346,BASELINE
ng_DE,-100,739,5,739,MABBOB_739,0.04614330760617451,0.03907136250801049,BASELINE
modde_lshade,-100,359,5,359,MABBOB_359,0.297137383021188,0.049624725401223355,BASELINE
modde_lshade,-100,830,5,830,MABBOB_830,0.16701034999211445,0.12067283265916331,BASELINE
ng_DiagonalCMA,-100,15,5,15,MABBOB_15,0.17658328268428206,0.02461848950466088,BASELINE
ng_DiagonalCMA,-100,40,5,40,MABBOB_40,0.07999568837855271,0.0157900462473781,BASELINE
ng_DE,-100,88,5,88,MABBOB_88,0.0132159717557817,0.00530690101899356,BASELINE
modde_base,-100,606,5,606,MABBOB_606,0.24953317183086118,0.0648416918329924,BASELINE
modcma_base,-100,798,5,798,MABBOB_798,0.10033851680692192,0.034799701043054306,BASELINE
ng_OnePlusOne,-100,327,5,327,MABBOB_327,0.2112957458380027,0.05761786164906574,BASELINE
ng_Powell,-100,99,5,99,MABBOB_99,0.7877693765343451,0.0,BASELINE
modde_base,-100,918,5,918,MABBOB_918,0.24933513322138304,0.08393973643144287,BASELINE
ng_OnePlusOne,-100,536,5,536,MABBOB_536,0.151659165020475,0.03921355002963267,BASELINE
modcma_bipop,-100,761,5,761,MABBOB_761,0.07098478679849388,0.03242093363919195,BASELINE
ng_DE,-100,864,5,864,MABBOB_864,0.03360160112083376,0.01696287598279795,BASELINE
ng_DiagonalCMA,-100,525,5,525,MABBOB_525,0.19133471707694902,0.05862419079782203,BASELINE
ng_MultiBFGS,-100,486,5,486,MABBOB_486,0.05992677042296091,0.01721310542169318,BASELINE
ng_DE,-100,259,5,259,MABBOB_259,0.03232379293534006,0.018033764024012675,BASELINE
ng_Powell,-100,848,5,848,MABBOB_848,0.42834801546978374,0.0,BASELINE
modde_lshade,-100,114,5,114,MABBOB_114,0.312779692833148,0.12750403189811696,BASELINE
ng_DiagonalCMA,-100,144,5,144,MABBOB_144,0.09156060729100204,0.009654916944629562,BASELINE
ng_MultiBFGS,-100,608,5,608,MABBOB_608,0.45569619961207375,0.082285569355338,BASELINE
modcma_bipop,-100,759,5,759,MABBOB_759,0.276755891091884,0.06342411121286352,BASELINE
modcma_bipop,-100,830,5,830,MABBOB_830,0.09462638705995303,0.07251424227806264,BASELINE
modde_base,-100,982,5,982,MABBOB_982,0.018969865558991966,0.0074311279635412095,BASELINE
modde_base,-100,464,5,464,MABBOB_464,0.19672767911526454,0.014071377805565345,BASELINE
ng_Powell,-100,961,5,961,MABBOB_961,0.6240180502743383,0.0,BASELINE
ng_DE,-100,105,5,105,MABBOB_105,0.21956387223857826,0.09466363497606511,BASELINE
ng_DE,-100,466,5,466,MABBOB_466,0.18295944730481456,0.07091106060803974,BASELINE
ng_DE,-100,919,5,919,MABBOB_919,0.24236692649962652,0.11436174088331734,BASELINE
modcma_base,-100,769,5,769,MABBOB_769,0.07165692951955302,0.09157607931884225,BASELINE
modcma_base,-100,788,5,788,MABBOB_788,0.021386255533825494,0.016471690343994067,BASELINE
ng_DE,-100,901,5,901,MABBOB_901,0.08502723941086218,0.02449950504858055,BASELINE
ng_DiagonalCMA,-100,248,5,248,MABBOB_248,0.20803797429452656,0.07366094287248383,BASELINE
ng_Powell,-100,531,5,531,MABBOB_531,0.21653019628138628,2.7755575615628914e-17,BASELINE
modcma_bipop,-100,6,5,6,MABBOB_6,0.05512302347383232,0.014015681329555591,BASELINE
ng_DiagonalCMA,-100,418,5,418,MABBOB_418,0.44189179855800387,0.19183259212898932,BASELINE
modde_base,-100,449,5,449,MABBOB_449,0.020781694670455198,0.010503273218569581,BASELINE
ng_DE,-100,769,5,769,MABBOB_769,0.04722896336345909,0.04443340226869198,BASELINE
modde_lshade,-100,491,5,491,MABBOB_491,0.19935017496061755,0.14778979155723757,BASELINE
ng_MultiBFGS,-100,207,5,207,MABBOB_207,0.7607139245029398,0.06154141709097602,BASELINE
ng_DE,-100,344,5,344,MABBOB_344,0.03606529532487236,0.016853169692201433,BASELINE
modcma_bipop,-100,502,5,502,MABBOB_502,0.06638976253633495,0.03478942542452841,BASELINE
modcma_base,-100,727,5,727,MABBOB_727,0.03741417714911414,0.03725292136846649,BASELINE
ng_MultiBFGS,-100,689,5,689,MABBOB_689,0.28848862926367197,0.2617433285941216,BASELINE
modde_lshade,-100,466,5,466,MABBOB_466,0.18486973543973162,0.06482039605943372,BASELINE
modcma_bipop,-100,246,5,246,MABBOB_246,0.03265185926155445,0.025221461950781742,BASELINE
modcma_bipop,-100,494,5,494,MABBOB_494,0.05733693858718754,0.04224433613076871,BASELINE
ng_DE,-100,335,5,335,MABBOB_335,0.04696718799574577,0.05255865905711824,BASELINE
modde_base,-100,37,5,37,MABBOB_37,0.3060215578546936,0.14541997183892236,BASELINE
ng_MultiBFGS,-100,203,5,203,MABBOB_203,0.4808713552099415,0.15290240199896285,BASELINE
ng_MultiBFGS,-100,922,5,922,MABBOB_922,0.7551502204244297,0.17141494410437508,BASELINE
ng_DE,-100,492,5,492,MABBOB_492,0.06178390425460976,0.055949189305060265,BASELINE
ng_OnePlusOne,-100,699,5,699,MABBOB_699,0.13631228505172438,0.049432238088555985,BASELINE
ng_Powell,-100,830,5,830,MABBOB_830,0.6142760227547104,0.0,BASELINE
ng_OnePlusOne,-100,15,5,15,MABBOB_15,0.20842654684732934,0.08459324582263768,BASELINE
ng_OnePlusOne,-100,163,5,163,MABBOB_163,0.013946550930213433,0.00462365340157197,BASELINE
ng_OnePlusOne,-100,787,5,787,MABBOB_787,0.8095364043104081,0.07535046977991185,BASELINE
ng_OnePlusOne,-100,144,5,144,MABBOB_144,0.048686491261503706,0.014557813223669062,BASELINE
ng_DE,-100,759,5,759,MABBOB_759,0.4923974841805195,0.22536196849559087,BASELINE
ng_MultiBFGS,-100,317,5,317,MABBOB_317,0.04330773116724634,0.005071973690177633,BASELINE
modde_base,-100,26,5,26,MABBOB_26,0.2358891800989785,0.35861898250091984,BASELINE
ng_DE,-100,67,5,67,MABBOB_67,0.058435042723600825,0.02805271066259456,BASELINE
ng_DE,-100,991,5,991,MABBOB_991,0.02204925403127536,0.015603314527185545,BASELINE
ng_DE,-100,324,5,324,MABBOB_324,0.11220998353334424,0.08063433235682686,BASELINE
ng_DE,-100,657,5,657,MABBOB_657,0.20643849538864373,0.053246742006394114,BASELINE
modcma_base,-100,192,5,192,MABBOB_192,0.034372085713647985,0.009600459130156096,BASELINE
modde_base,-100,344,5,344,MABBOB_344,0.038176317035357246,0.012573990903629777,BASELINE
ng_OnePlusOne,-100,248,5,248,MABBOB_248,0.14798338616583573,0.10901704542624667,BASELINE
modcma_bipop,-100,396,5,396,MABBOB_396,0.055927511729369286,0.024673982736511158,BASELINE
modde_base,-100,964,5,964,MABBOB_964,0.1997678132842591,0.08047714501623855,BASELINE
modde_base,-100,373,5,373,MABBOB_373,0.2705503433014655,0.3041506781707368,BASELINE
modde_base,-100,424,5,424,MABBOB_424,0.15816154209772718,0.11264201200884609,BASELINE
modde_lshade,-100,51,5,51,MABBOB_51,0.06443788579950202,0.07573896822136236,BASELINE
modcma_bipop,-100,993,5,993,MABBOB_993,0.07077141598137618,0.05503619460574648,BASELINE
modde_base,-100,149,5,149,MABBOB_149,0.24603334863135537,0.1594736530427124,BASELINE
ng_Powell,-100,207,5,207,MABBOB_207,0.5342304316717098,0.0,BASELINE
modcma_base,-100,852,5,852,MABBOB_852,0.01512809744411037,0.008333950797138424,BASELINE
ng_OnePlusOne,-100,618,5,618,MABBOB_618,0.12187539127097427,0.02620502463079945,BASELINE
modde_base,-100,740,5,740,MABBOB_740,0.1871162868554662,0.14564809415030883,BASELINE
modcma_base,-100,348,5,348,MABBOB_348,0.0300592152056801,0.04179427947651785,BASELINE
ng_OnePlusOne,-100,943,5,943,MABBOB_943,0.4154149791526959,0.21520623423381713,BASELINE
modde_lshade,-100,604,5,604,MABBOB_604,0.15712191196891048,0.16846970903444963,BASELINE
modde_base,-100,773,5,773,MABBOB_773,0.3932949718505527,0.19751879322894703,BASELINE
ng_DE,-100,879,5,879,MABBOB_879,0.0604333399365257,0.09907363775146971,BASELINE
ng_OnePlusOne,-100,830,5,830,MABBOB_830,0.28991087630946,0.055063340251600035,BASELINE
modcma_bipop,-100,99,5,99,MABBOB_99,0.20142418915179774,0.13282938418666565,BASELINE
modcma_base,-100,519,5,519,MABBOB_519,0.183739240907347,0.046482372387937836,BASELINE
ng_DE,-100,346,5,346,MABBOB_346,0.019301844140859472,0.019131991881451982,BASELINE
ng_MultiBFGS,-100,618,5,618,MABBOB_618,0.4985173371773385,0.1476050505233647,BASELINE
modcma_bipop,-100,367,5,367,MABBOB_367,0.07262729715103908,0.05322469470103204,BASELINE
modcma_bipop,-100,82,5,82,MABBOB_82,0.05691780643336788,0.052533422233040555,BASELINE
modcma_base,-100,114,5,114,MABBOB_114,0.1849908746580607,0.09075407540106688,BASELINE
ng_OnePlusOne,-100,405,5,405,MABBOB_405,0.11480367924667452,0.03007938028148708,BASELINE
modde_base,-100,419,5,419,MABBOB_419,0.17732741679677239,0.12362797343010262,BASELINE
ng_DiagonalCMA,-100,989,5,989,MABBOB_989,0.0499108616202071,0.010358040279476422,BASELINE
modcma_base,-100,430,5,430,MABBOB_430,0.03357618418846693,0.027177060931820422,BASELINE
ng_Powell,-100,359,5,359,MABBOB_359,0.15345451049828468,0.0,BASELINE
ng_DE,-100,830,5,830,MABBOB_830,0.10886070213117009,0.04201743934623325,BASELINE
ng_Powell,-100,629,5,629,MABBOB_629,0.14086303078894113,0.0,BASELINE
modde_base,-100,215,5,215,MABBOB_215,0.22964004963300716,0.1394322476987209,BASELINE
modcma_bipop,-100,878,5,878,MABBOB_878,0.08056688325165455,0.05226760504071656,BASELINE
ng_MultiBFGS,-100,520,5,520,MABBOB_520,0.03755839198013471,0.008385891310494076,BASELINE
modcma_bipop,-100,74,5,74,MABBOB_74,0.07272376026103097,0.06658598962542676,BASELINE
ng_Powell,-100,727,5,727,MABBOB_727,0.2049267517896729,0.0,BASELINE
modde_lshade,-100,284,5,284,MABBOB_284,0.11269543966251842,0.06364165226248779,BASELINE
ng_Powell,-100,390,5,390,MABBOB_390,0.02198927706439937,0.0,BASELINE
ng_Powell,-100,964,5,964,MABBOB_964,0.52872736033095,0.0,BASELINE
ng_DiagonalCMA,-100,105,5,105,MABBOB_105,0.13244118101200683,0.007037353376428532,BASELINE
ng_OnePlusOne,-100,906,5,906,MABBOB_906,0.1049881251001304,0.04968318301909818,BASELINE
modcma_base,-100,404,5,404,MABBOB_404,0.031113131902339247,0.013386289426485894,BASELINE
modde_base,-100,207,5,207,MABBOB_207,0.34640807309843563,0.12341926684013846,BASELINE
ng_DiagonalCMA,-100,759,5,759,MABBOB_759,0.5120642527689656,0.2218517865355496,BASELINE
modcma_bipop,-100,727,5,727,MABBOB_727,0.03741417714911414,0.03725292136846649,BASELINE
modcma_base,-100,713,5,713,MABBOB_713,0.03138238010332385,0.018087148593497696,BASELINE
ng_DE,-100,993,5,993,MABBOB_993,0.1675768450765859,0.10383126389409188,BASELINE
ng_DiagonalCMA,-100,608,5,608,MABBOB_608,0.1257030305016804,0.036670599862902685,BASELINE
ng_OnePlusOne,-100,203,5,203,MABBOB_203,0.24697042118434448,0.10695424410383911,BASELINE
ng_Powell,-100,105,5,105,MABBOB_105,0.4360853957313703,5.551115123125783e-17,BASELINE
ng_Powell,-100,284,5,284,MABBOB_284,0.3178236559773845,0.0,BASELINE
modde_lshade,-100,982,5,982,MABBOB_982,0.019307566009027603,0.007059311412475045,BASELINE
ng_DiagonalCMA,-100,766,5,766,MABBOB_766,0.41158811582134824,0.2517588750443483,BASELINE
ng_DE,-100,911,5,911,MABBOB_911,0.24064815039202134,0.18973881949612348,BASELINE
ng_Powell,-100,763,5,763,MABBOB_763,0.2992512488575854,0.0,BASELINE
ng_Powell,-100,747,5,747,MABBOB_747,0.19031954381005803,0.0,BASELINE
modcma_base,-100,772,5,772,MABBOB_772,0.17323635755230665,0.05100780969811025,BASELINE
ng_MultiBFGS,-100,965,5,965,MABBOB_965,0.5209004233995328,0.06689256223417056,BASELINE
modde_lshade,-100,575,5,575,MABBOB_575,0.3822649862774138,0.20485524675639524,BASELINE
ng_DiagonalCMA,-100,542,5,542,MABBOB_542,0.02757695402122761,0.014787118469404142,BASELINE
ng_MultiBFGS,-100,430,5,430,MABBOB_430,0.04863492082075811,0.02309039427350607,BASELINE
ng_DE,-100,862,5,862,MABBOB_862,0.11342168382837789,0.08707781921402852,BASELINE
ng_Powell,-100,476,5,476,MABBOB_476,0.38308478616273206,0.0,BASELINE
ng_Powell,-100,24,5,24,MABBOB_24,0.580145791157406,0.0,BASELINE
ng_Powell,-100,810,5,810,MABBOB_810,0.07069820048566389,0.0,BASELINE
modde_lshade,-100,404,5,404,MABBOB_404,0.03794678168007394,0.02469924990877395,BASELINE
ng_DiagonalCMA,-100,445,5,445,MABBOB_445,0.09456397106560802,0.017088095941165463,BASELINE
modcma_base,-100,949,5,949,MABBOB_949,0.054239155238444484,0.03373080687829679,BASELINE
modde_lshade,-100,464,5,464,MABBOB_464,0.1954386932242299,0.03768336915810252,BASELINE
ng_DE,-100,113,5,113,MABBOB_113,0.03372734578091497,0.009625225627419274,BASELINE
ng_MultiBFGS,-100,266,5,266,MABBOB_266,0.7600868964470957,0.11471859933374977,BASELINE
ng_Powell,-100,700,5,700,MABBOB_700,0.172412649270645,0.0,BASELINE
modcma_bipop,-100,440,5,440,MABBOB_440,0.015096809469353873,0.009343497395085675,BASELINE
ng_DiagonalCMA,-100,508,5,508,MABBOB_508,0.1782803751522701,0.025484430013148738,BASELINE
modcma_bipop,-100,350,5,350,MABBOB_350,0.025990130841723396,0.013156835403776851,BASELINE
ng_DE,-100,1,5,1,MABBOB_1,0.043711003366052034,0.023820567419403544,BASELINE
ng_Powell,-100,901,5,901,MABBOB_901,0.19783137455255986,0.0,BASELINE
modde_base,-100,855,5,855,MABBOB_855,0.04638039323045641,0.024925983560807333,BASELINE
ng_Powell,-100,695,5,695,MABBOB_695,0.17855507191795236,0.0,BASELINE
ng_DiagonalCMA,-100,852,5,852,MABBOB_852,0.7095180967509533,0.17104111159138685,BASELINE
modde_base,-100,51,5,51,MABBOB_51,0.053192027746273615,0.053327497730801976,BASELINE
ng_DiagonalCMA,-100,192,5,192,MABBOB_192,0.4915716620864231,0.2530881593703439,BASELINE
ng_DE,-100,423,5,423,MABBOB_423,0.014372382755980554,0.004994447235808718,BASELINE
modde_base,-100,390,5,390,MABBOB_390,0.030669119036946312,0.027414985173549886,BASELINE
ng_DiagonalCMA,-100,51,5,51,MABBOB_51,0.13986377717959983,0.08007000690552848,BASELINE
ng_Powell,-100,330,5,330,MABBOB_330,0.2341209676181691,0.0,BASELINE
modde_base,-100,107,5,107,MABBOB_107,0.07084224326779655,0.03203852828747123,BASELINE
ng_OnePlusOne,-100,700,5,700,MABBOB_700,0.023880915607475184,0.00937805347563485,BASELINE
ng_MultiBFGS,-100,677,5,677,MABBOB_677,0.3970299758603754,0.09644897839376623,BASELINE
ng_MultiBFGS,-100,424,5,424,MABBOB_424,0.563047198716552,0.1767800301284214,BASELINE
ng_Powell,-100,388,5,388,MABBOB_388,0.08277695134492809,0.0,BASELINE
ng_MultiBFGS,-100,162,5,162,MABBOB_162,0.7923273520398226,0.13813383685160593,BASELINE
modde_lshade,-100,731,5,731,MABBOB_731,0.047677990808373136,0.021585941537959844,BASELINE
ng_DiagonalCMA,-100,419,5,419,MABBOB_419,0.24903416573684029,0.06817624498429531,BASELINE
modcma_base,-100,707,5,707,MABBOB_707,0.0735189962253666,0.030351529418955716,BASELINE
ng_OnePlusOne,-100,965,5,965,MABBOB_965,0.6002296905492024,0.12393907485999048,BASELINE
modde_lshade,-100,461,5,461,MABBOB_461,0.05456431775591639,0.030083005695467954,BASELINE
modde_base,-100,827,5,827,MABBOB_827,0.18336140546539528,0.07199908523592534,BASELINE
ng_OnePlusOne,-100,8,5,8,MABBOB_8,0.2137824457967894,0.033317433766383804,BASELINE
modde_base,-100,761,5,761,MABBOB_761,0.1127113129073493,0.006211094459337471,BASELINE
ng_Powell,-100,671,5,671,MABBOB_671,0.22780507700198732,2.7755575615628914e-17,BASELINE
ng_OnePlusOne,-100,333,5,333,MABBOB_333,0.12075822493315351,0.18698302574470052,BASELINE
ng_OnePlusOne,-100,400,5,400,MABBOB_400,0.3077703537144886,0.07128333747416161,BASELINE
modcma_bipop,-100,114,5,114,MABBOB_114,0.1849908746580607,0.09075407540106688,BASELINE
modde_lshade,-100,451,5,451,MABBOB_451,0.022897098589740025,0.018802303752522363,BASELINE
ng_OnePlusOne,-100,466,5,466,MABBOB_466,0.16719455655334065,0.0785951803304038,BASELINE
modde_base,-100,62,5,62,MABBOB_62,0.3683315157783081,0.14606252885771193,BASELINE
ng_DiagonalCMA,-100,449,5,449,MABBOB_449,0.01685796190094365,0.0090077866701596,BASELINE
modde_base,-100,870,5,870,MABBOB_870,0.13843946025465156,0.11404874160173538,BASELINE
modcma_bipop,-100,492,5,492,MABBOB_492,0.06647166206467674,0.07109026269084219,BASELINE
modde_lshade,-100,329,5,329,MABBOB_329,0.12061707377614136,0.10901115620200588,BASELINE
ng_Powell,-100,67,5,67,MABBOB_67,0.04245120013280021,0.0,BASELINE
modde_lshade,-100,115,5,115,MABBOB_115,0.18499700724813595,0.12863610756312202,BASELINE
modcma_bipop,-100,577,5,577,MABBOB_577,0.10217179812466211,0.05244001824525487,BASELINE
modde_base,-100,520,5,520,MABBOB_520,0.12131852259352191,0.0812730293079349,BASELINE
ng_DiagonalCMA,-100,812,5,812,MABBOB_812,0.09933120210651317,0.010291239428389469,BASELINE
ng_OnePlusOne,-100,207,5,207,MABBOB_207,0.3455052972505058,0.11455913200900791,BASELINE
ng_DE,-100,373,5,373,MABBOB_373,0.08467210979823099,0.11386976432091771,BASELINE
ng_DiagonalCMA,-100,415,5,415,MABBOB_415,0.12647816822755634,0.07240330005020533,BASELINE
ng_DiagonalCMA,-100,360,5,360,MABBOB_360,0.22496808584085803,0.10546068971617505,BASELINE
modde_base,-100,961,5,961,MABBOB_961,0.32273227961019363,0.27912040143709366,BASELINE
ng_DiagonalCMA,-100,387,5,387,MABBOB_387,0.06212734596760563,0.005337909476464825,BASELINE
modcma_base,-100,208,5,208,MABBOB_208,0.08249380892002867,0.0796438983091417,BASELINE
ng_MultiBFGS,-100,284,5,284,MABBOB_284,0.07909736847558665,0.020115199293767556,BASELINE
ng_DE,-100,747,5,747,MABBOB_747,0.103767728473531,0.08451714163035783,BASELINE
ng_DE,-100,738,5,738,MABBOB_738,0.12078976228991847,0.1635866554880215,BASELINE
ng_MultiBFGS,-100,404,5,404,MABBOB_404,0.034312811224984995,0.005389169235653803,BASELINE
ng_OnePlusOne,-100,852,5,852,MABBOB_852,0.7855810612369337,0.12817605810326135,BASELINE
ng_Powell,-100,266,5,266,MABBOB_266,0.3046443191972511,0.0,BASELINE
ng_Powell,-100,657,5,657,MABBOB_657,0.7760166695122281,0.0,BASELINE
ng_MultiBFGS,-100,116,5,116,MABBOB_116,0.032953588382750074,0.003108320162614915,BASELINE
modcma_base,-100,961,5,961,MABBOB_961,0.09068713580228918,0.04556590880562056,BASELINE
modcma_base,-100,618,5,618,MABBOB_618,0.09777870495007446,0.09513638349332686,BASELINE
modde_lshade,-100,740,5,740,MABBOB_740,0.15411611145895204,0.12940985113508194,BASELINE
ng_DiagonalCMA,-100,761,5,761,MABBOB_761,0.23229214486435903,0.15127993865157044,BASELINE
ng_DE,-100,333,5,333,MABBOB_333,0.017941543289236663,0.011021638686162382,BASELINE
modde_lshade,-100,523,5,523,MABBOB_523,0.05927369483267948,0.03479978800337492,BASELINE
ng_MultiBFGS,-100,350,5,350,MABBOB_350,0.9012362949555446,0.068290786215095,BASELINE
ng_Powell,-100,404,5,404,MABBOB_404,0.07010277971705695,0.0,BASELINE
modde_lshade,-100,243,5,243,MABBOB_243,0.018636728721262014,0.011458089353141172,BASELINE
modcma_base,-100,212,5,212,MABBOB_212,0.041951143833334634,0.03531434708079591,BASELINE
modde_lshade,-100,782,5,782,MABBOB_782,0.14025292605892084,0.05917694869752385,BASELINE
ng_MultiBFGS,-100,536,5,536,MABBOB_536,0.6203765069829912,0.10456689108554584,BASELINE
ng_MultiBFGS,-100,558,5,558,MABBOB_558,0.2299007433424503,0.19679743752890388,BASELINE
ng_DE,-100,270,5,270,MABBOB_270,0.11411576582287922,0.04199012713455633,BASELINE
modcma_base,-100,423,5,423,MABBOB_423,0.044272830689698915,0.04684184546038834,BASELINE
modde_lshade,-100,528,5,528,MABBOB_528,0.0373367570740561,0.035322138205063226,BASELINE
ng_MultiBFGS,-100,40,5,40,MABBOB_40,0.07384237303373284,0.041268183480246905,BASELINE
modcma_base,-100,864,5,864,MABBOB_864,0.0705977306400242,0.08437870120922142,BASELINE
ng_OnePlusOne,-100,836,5,836,MABBOB_836,0.3671305853642314,0.14772582370017986,BASELINE
ng_DiagonalCMA,-100,44,5,44,MABBOB_44,0.081919904542363,0.019283574288326766,BASELINE
ng_DiagonalCMA,-100,26,5,26,MABBOB_26,0.0572296081867457,0.021461352837018003,BASELINE
modde_base,-100,898,5,898,MABBOB_898,0.08069783154429604,0.11076697997073355,BASELINE
ng_MultiBFGS,-100,759,5,759,MABBOB_759,0.7369852228100776,0.12395016624960813,BASELINE
ng_DE,-100,982,5,982,MABBOB_982,0.16074023164630674,0.1660250807225478,BASELINE
ng_DE,-100,731,5,731,MABBOB_731,0.07396621879555522,0.05015941758771323,BASELINE
modde_base,-100,330,5,330,MABBOB_330,0.24042820461141273,0.14474813147148083,BASELINE
modcma_base,-100,577,5,577,MABBOB_577,0.10217179812466211,0.05244001824525487,BASELINE
modcma_base,-100,445,5,445,MABBOB_445,0.05779717517539806,0.025188884943480008,BASELINE
modde_base,-100,329,5,329,MABBOB_329,0.16070194841319788,0.18288439792513966,BASELINE
ng_Powell,-100,608,5,608,MABBOB_608,0.11781372403573243,0.0,BASELINE
modcma_bipop,-100,671,5,671,MABBOB_671,0.09386201831683112,0.04474334355494256,BASELINE
ng_OnePlusOne,-100,147,5,147,MABBOB_147,0.07657431305821462,0.022315761644583217,BASELINE
ng_MultiBFGS,-100,466,5,466,MABBOB_466,0.09101692021233433,0.01904399228729187,BASELINE
ng_DiagonalCMA,-100,911,5,911,MABBOB_911,0.23114609398975428,0.0613929105005527,BASELINE
modde_lshade,-100,617,5,617,MABBOB_617,0.1556830804466594,0.1083074991233192,BASELINE
ng_DE,-100,329,5,329,MABBOB_329,0.03337818934054375,0.010826616285325814,BASELINE
modcma_bipop,-100,695,5,695,MABBOB_695,0.0503882188827938,0.013504656011577007,BASELINE
modcma_base,-100,335,5,335,MABBOB_335,0.048626726062330886,0.05660390879093681,BASELINE
modcma_bipop,-100,618,5,618,MABBOB_618,0.09777870495007446,0.09513638349332686,BASELINE
modde_lshade,-100,919,5,919,MABBOB_919,0.30810175091324565,0.17379401282589593,BASELINE
modde_base,-100,415,5,415,MABBOB_415,0.3819852500664858,0.3255845949721189,BASELINE
modde_lshade,-100,260,5,260,MABBOB_260,0.24390610505918747,0.08735478712163863,BASELINE
modde_base,-100,764,5,764,MABBOB_764,0.0618407344695764,0.05600587241183913,BASELINE
ng_Powell,-100,188,5,188,MABBOB_188,0.2865474283726036,0.0,BASELINE
ng_DiagonalCMA,-100,795,5,795,MABBOB_795,0.21880209610558093,0.060370906946625905,BASELINE
ng_MultiBFGS,-100,688,5,688,MABBOB_688,0.3191744591237593,0.12609601973239254,BASELINE
modde_lshade,-100,763,5,763,MABBOB_763,0.049306726054743566,0.03072039202018427,BASELINE
ng_OnePlusOne,-100,123,5,123,MABBOB_123,0.3087710723084548,0.1732453038781584,BASELINE
ng_MultiBFGS,-100,586,5,586,MABBOB_586,0.7068178805127268,0.15080520859812394,BASELINE
modde_lshade,-100,8,5,8,MABBOB_8,0.14080091900740876,0.053011502591509885,BASELINE
ng_Powell,-100,950,5,950,MABBOB_950,0.12241329890944615,1.3877787807814457e-17,BASELINE
ng_DiagonalCMA,-100,528,5,528,MABBOB_528,0.04304602296797427,0.005996738463228733,BASELINE
modcma_bipop,-100,687,5,687,MABBOB_687,0.07949308124417698,0.0312212747210653,BASELINE
modde_lshade,-100,317,5,317,MABBOB_317,0.10042840483258134,0.038160438736052404,BASELINE
ng_OnePlusOne,-100,492,5,492,MABBOB_492,0.03454839756419725,0.007775148087623899,BASELINE
modcma_bipop,-100,520,5,520,MABBOB_520,0.08132430990143094,0.05351318788960642,BASELINE
ng_Powell,-100,482,5,482,MABBOB_482,0.31098074698559686,0.0,BASELINE
ng_DE,-100,494,5,494,MABBOB_494,0.01864951499897449,0.015321870842066388,BASELINE
ng_DE,-100,40,5,40,MABBOB_40,0.06721638616942179,0.08298837502563,BASELINE
modde_base,-100,759,5,759,MABBOB_759,0.37043658976017524,0.08955410419475464,BASELINE
ng_MultiBFGS,-100,421,5,421,MABBOB_421,0.12902856286645803,0.08229858601495396,BASELINE
ng_OnePlusOne,-100,419,5,419,MABBOB_419,0.24399290136870405,0.06485352688482987,BASELINE
ng_DiagonalCMA,-100,123,5,123,MABBOB_123,0.2357585349675783,0.1608835516263889,BASELINE
modcma_base,-100,204,5,204,MABBOB_204,0.04549189438783811,0.011633214691754674,BASELINE
ng_Powell,-100,176,5,176,MABBOB_176,0.37543045586247287,0.0,BASELINE
ng_DE,-100,8,5,8,MABBOB_8,0.1247838445936262,0.07706481167656484,BASELINE
modde_base,-100,246,5,246,MABBOB_246,0.13111804216437223,0.1284008354320147,BASELINE
modcma_bipop,-100,368,5,368,MABBOB_368,0.02217040982698994,0.010470792536410665,BASELINE
ng_Powell,-100,426,5,426,MABBOB_426,0.4798760808219182,0.0,BASELINE
ng_DiagonalCMA,-100,727,5,727,MABBOB_727,0.0908036954094335,0.016394485560699716,BASELINE
modde_base,-100,787,5,787,MABBOB_787,0.1246361720212202,0.0684355646333938,BASELINE
modcma_base,-100,950,5,950,MABBOB_950,0.04476047857695765,0.01597006595510163,BASELINE
ng_OnePlusOne,-100,73,5,73,MABBOB_73,0.37248087865432794,0.14388647325358664,BASELINE
ng_MultiBFGS,-100,305,5,305,MABBOB_305,0.30198375478149997,0.11904234035476861,BASELINE
modcma_base,-100,2,5,2,MABBOB_2,0.06934005172464867,0.02401251415819065,BASELINE
ng_DE,-100,700,5,700,MABBOB_700,0.0647939749936628,0.054787045735307655,BASELINE
ng_MultiBFGS,-100,2,5,2,MABBOB_2,0.31765833348412664,0.1352230308260918,BASELINE
ng_Powell,-100,759,5,759,MABBOB_759,0.2672702179145732,0.0,BASELINE
ng_OnePlusOne,-100,877,5,877,MABBOB_877,0.18115233568437256,0.03592355789088426,BASELINE
ng_DE,-100,795,5,795,MABBOB_795,0.10201220247455671,0.02131183664002867,BASELINE
modcma_base,-100,836,5,836,MABBOB_836,0.05603904268273534,0.016480610862728028,BASELINE
modcma_base,-100,103,5,103,MABBOB_103,0.08402041955400288,0.06686693282283777,BASELINE
modcma_base,-100,33,5,33,MABBOB_33,0.07177981327130126,0.04371297924519427,BASELINE
ng_MultiBFGS,-100,844,5,844,MABBOB_844,0.5263883190542437,0.1799761101464009,BASELINE
modcma_bipop,-100,997,5,997,MABBOB_997,0.05148666896001158,0.013684218155162168,BASELINE
ng_DE,-100,413,5,413,MABBOB_413,0.16706352478127165,0.08932120906923668,BASELINE
ng_Powell,-100,891,5,891,MABBOB_891,0.5846875194272105,0.0,BASELINE
ng_DiagonalCMA,-100,964,5,964,MABBOB_964,0.2894517927223319,0.1535598421872798,BASELINE
modcma_base,-100,558,5,558,MABBOB_558,0.03705408808249834,0.014825421755999131,BASELINE
ng_OnePlusOne,-100,107,5,107,MABBOB_107,0.027839482875028614,0.012438795923033074,BASELINE
ng_OnePlusOne,-100,982,5,982,MABBOB_982,0.0309670814459023,0.013782235207470251,BASELINE
ng_MultiBFGS,-100,741,5,741,MABBOB_741,0.056891885590505197,0.038029572409665265,BASELINE
modcma_bipop,-100,688,5,688,MABBOB_688,0.07309444046011235,0.04632680305277989,BASELINE
modcma_base,-100,359,5,359,MABBOB_359,0.3002539291844393,0.12179025558940862,BASELINE
modde_lshade,-100,671,5,671,MABBOB_671,0.22538222805466512,0.17117352277429718,BASELINE
modde_base,-100,494,5,494,MABBOB_494,0.0637794612095969,0.0687441387554839,BASELINE
ng_DE,-100,208,5,208,MABBOB_208,0.06509078709561582,0.054321311671062016,BASELINE
modde_base,-100,597,5,597,MABBOB_597,0.17352740724371402,0.09010704632805117,BASELINE
ng_MultiBFGS,-100,691,5,691,MABBOB_691,0.672739329015606,0.1653027542279358,BASELINE
ng_Powell,-100,508,5,508,MABBOB_508,0.385476292947687,0.0,BASELINE
ng_Powell,-100,989,5,989,MABBOB_989,0.06638690938871843,0.0,BASELINE
modcma_base,-100,388,5,388,MABBOB_388,0.02533445475668532,0.010500867376734587,BASELINE
modde_base,-100,519,5,519,MABBOB_519,0.28948908865895373,0.1314709927148099,BASELINE
modde_base,-100,324,5,324,MABBOB_324,0.08156813319596318,0.05561660130361535,BASELINE
ng_DE,-100,387,5,387,MABBOB_387,0.03063708124807977,0.026942462710259803,BASELINE
modcma_bipop,-100,657,5,657,MABBOB_657,0.24234774150862184,0.08648017457078179,BASELINE
modde_lshade,-100,259,5,259,MABBOB_259,0.06466570861603231,0.04036701581330372,BASELINE
ng_DiagonalCMA,-100,538,5,538,MABBOB_538,0.1578835124762198,0.01996299861448916,BASELINE
modcma_bipop,-100,266,5,266,MABBOB_266,0.08540848626610117,0.024254676396638315,BASELINE
ng_MultiBFGS,-100,609,5,609,MABBOB_609,0.6499406549064658,0.17767179981082937,BASELINE
modde_lshade,-100,15,5,15,MABBOB_15,0.12456442717275393,0.12434502067174129,BASELINE
ng_DE,-100,61,5,61,MABBOB_61,0.14216039240133396,0.09085288549600298,BASELINE
ng_DE,-100,898,5,898,MABBOB_898,0.022959405029946457,0.018195770461748764,BASELINE
modcma_bipop,-100,411,5,411,MABBOB_411,0.05189230277534921,0.04205759570444217,BASELINE
modde_lshade,-100,421,5,421,MABBOB_421,0.1282704620213399,0.06292434472309189,BASELINE
modde_base,-100,349,5,349,MABBOB_349,0.25344721783488355,0.0639610817951634,BASELINE
ng_OnePlusOne,-100,657,5,657,MABBOB_657,0.5192844564724897,0.1014266786589487,BASELINE
modcma_base,-100,617,5,617,MABBOB_617,0.09706665400757838,0.039417955434661936,BASELINE
modde_lshade,-100,565,5,565,MABBOB_565,0.039362955144402245,0.018934117040441893,BASELINE
ng_DiagonalCMA,-100,466,5,466,MABBOB_466,0.12166055698750582,0.06069843897321649,BASELINE
ng_DE,-100,538,5,538,MABBOB_538,0.12448814606504857,0.04614664397037086,BASELINE
ng_Powell,-100,166,5,166,MABBOB_166,0.08488808468281774,0.0,BASELINE
ng_OnePlusOne,-100,975,5,975,MABBOB_975,0.16873708330889714,0.039925349659030974,BASELINE
modcma_base,-100,486,5,486,MABBOB_486,0.03713112538292901,0.018116678788009263,BASELINE
ng_MultiBFGS,-100,879,5,879,MABBOB_879,0.1348316737833255,0.22606318542641013,BASELINE
modcma_bipop,-100,423,5,423,MABBOB_423,0.044272830689698915,0.04684184546038834,BASELINE
modde_lshade,-100,257,5,257,MABBOB_257,0.0963785068317007,0.044048559926481094,BASELINE
ng_DE,-100,597,5,597,MABBOB_597,0.10387582334620944,0.07310513654178111,BASELINE
ng_DE,-100,204,5,204,MABBOB_204,0.050814883146537884,0.036805124427672184,BASELINE
modcma_bipop,-100,451,5,451,MABBOB_451,0.02057858196242776,0.013521893834387462,BASELINE
modde_lshade,-100,961,5,961,MABBOB_961,0.2982902262546109,0.25857598431364476,BASELINE
ng_MultiBFGS,-100,482,5,482,MABBOB_482,0.10443104699674302,0.05851503723469659,BASELINE
modcma_bipop,-100,528,5,528,MABBOB_528,0.017560902770651678,0.01412795663418176,BASELINE
modde_base,-100,268,5,268,MABBOB_268,0.25384954689117006,0.0848926689446544,BASELINE
ng_OnePlusOne,-100,918,5,918,MABBOB_918,0.2932028439669852,0.08356234051693115,BASELINE
modde_base,-100,677,5,677,MABBOB_677,0.1883880696511086,0.1059126811503015,BASELINE
modcma_bipop,-100,181,5,181,MABBOB_181,0.02389520512408719,0.024721869034825487,BASELINE
modde_lshade,-100,949,5,949,MABBOB_949,0.09020423639475064,0.039054391095766174,BASELINE
ng_DE,-100,520,5,520,MABBOB_520,0.0691334302874064,0.03745499060225832,BASELINE
ng_Powell,-100,662,5,662,MABBOB_662,0.2878047748799917,0.0,BASELINE
modcma_bipop,-100,677,5,677,MABBOB_677,0.06256812618876925,0.032403855891405715,BASELINE
modde_base,-100,101,5,101,MABBOB_101,0.06006015098532043,0.041054682414755926,BASELINE
modcma_base,-100,491,5,491,MABBOB_491,0.11484492198690596,0.043988863970223786,BASELINE
ng_MultiBFGS,-100,865,5,865,MABBOB_865,0.4777313802958246,0.3158609300430993,BASELINE
ng_DiagonalCMA,-100,424,5,424,MABBOB_424,0.20555194569291296,0.029690083845039045,BASELINE
ng_OnePlusOne,-100,430,5,430,MABBOB_430,0.04577857283544558,0.021695320460862623,BASELINE
modcma_base,-100,424,5,424,MABBOB_424,0.1172631336505848,0.10718614408000647,BASELINE
modde_lshade,-100,192,5,192,MABBOB_192,0.07576627687097753,0.03694611834880338,BASELINE
ng_DiagonalCMA,-100,662,5,662,MABBOB_662,0.1227752951074607,0.03986492591120669,BASELINE
modde_lshade,-100,170,5,170,MABBOB_170,0.04013615213220528,0.02085903260163071,BASELINE
ng_Powell,-100,101,5,101,MABBOB_101,0.140183031367748,0.0,BASELINE
modde_lshade,-100,502,5,502,MABBOB_502,0.14223177818193275,0.03402772757792431,BASELINE
ng_DE,-100,15,5,15,MABBOB_15,0.1298426076171502,0.13928608830304665,BASELINE
modcma_base,-100,456,5,456,MABBOB_456,0.022149627133600216,0.017406103433435224,BASELINE
modcma_base,-100,418,5,418,MABBOB_418,0.09612560666190226,0.05188068841404706,BASELINE
ng_Powell,-100,577,5,577,MABBOB_577,0.18868784702509725,0.0,BASELINE
modcma_base,-100,203,5,203,MABBOB_203,0.05326274339487893,0.030654096658341824,BASELINE
ng_DE,-100,891,5,891,MABBOB_891,0.18512220989360886,0.008653986680510642,BASELINE
modde_base,-100,476,5,476,MABBOB_476,0.48716907139575333,0.13268145751172036,BASELINE
ng_Powell,-100,922,5,922,MABBOB_922,0.44280151526522066,0.0,BASELINE
ng_MultiBFGS,-100,556,5,556,MABBOB_556,0.11850503670608752,0.09949175851833439,BASELINE
ng_MultiBFGS,-100,190,5,190,MABBOB_190,0.03779961725207473,0.02154986378324047,BASELINE
modde_lshade,-100,779,5,779,MABBOB_779,0.06976655968147215,0.05923842747588988,BASELINE
modde_lshade,-100,275,5,275,MABBOB_275,0.1971744942941834,0.08781472181044325,BASELINE
ng_DiagonalCMA,-100,764,5,764,MABBOB_764,0.1641851854430478,0.25470328162189076,BASELINE
ng_DE,-100,461,5,461,MABBOB_461,0.035378463464828175,0.021083086505286817,BASELINE
ng_Powell,-100,368,5,368,MABBOB_368,0.3471304371362489,0.0,BASELINE
modde_lshade,-100,530,5,530,MABBOB_530,0.052011853112448284,0.0852479267775335,BASELINE
modcma_base,-100,190,5,190,MABBOB_190,0.005197772666207218,0.0022745517489888307,BASELINE
modcma_base,-100,879,5,879,MABBOB_879,0.026846314161588957,0.040213753865769794,BASELINE
ng_DiagonalCMA,-100,991,5,991,MABBOB_991,0.19813971714799575,0.19398759729981147,BASELINE
ng_OnePlusOne,-100,181,5,181,MABBOB_181,0.022526012415372394,0.005318703787291719,BASELINE
ng_MultiBFGS,-100,461,5,461,MABBOB_461,0.032311731855116696,0.011410583751720561,BASELINE
modde_base,-100,878,5,878,MABBOB_878,0.18854719758254312,0.06240904435908349,BASELINE
ng_MultiBFGS,-100,44,5,44,MABBOB_44,0.8094863986034223,0.17914847709147563,BASELINE
ng_DE,-100,646,5,646,MABBOB_646,0.027278718357900567,0.0038448243529001455,BASELINE
modcma_base,-100,502,5,502,MABBOB_502,0.06638976253633495,0.03478942542452841,BASELINE
modcma_base,-100,170,5,170,MABBOB_170,0.049365943986545535,0.08257956568350819,BASELINE
ng_MultiBFGS,-100,980,5,980,MABBOB_980,0.5511403974927429,0.1751578715126303,BASELINE
modde_lshade,-100,449,5,449,MABBOB_449,0.0197937205239705,0.009446228540744684,BASELINE
ng_DiagonalCMA,-100,887,5,887,MABBOB_887,0.16815646296408707,0.034518057334813376,BASELINE
ng_OnePlusOne,-100,246,5,246,MABBOB_246,0.07468878508148587,0.009495878589297124,BASELINE
ng_OnePlusOne,-100,6,5,6,MABBOB_6,0.12438915029927813,0.046469928881802416,BASELINE
modcma_base,-100,373,5,373,MABBOB_373,0.1728364424405633,0.1389022930356863,BASELINE
ng_DiagonalCMA,-100,149,5,149,MABBOB_149,0.12012619967166287,0.05209965490984592,BASELINE
ng_DE,-100,62,5,62,MABBOB_62,0.19567114806337424,0.049902176148514714,BASELINE
ng_OnePlusOne,-100,413,5,413,MABBOB_413,0.44614769300363344,0.08208672450903484,BASELINE
ng_MultiBFGS,-100,217,5,217,MABBOB_217,0.8641446923548587,0.11076474721671532,BASELINE
ng_DE,-100,163,5,163,MABBOB_163,0.04902220228307598,0.04819802064574507,BASELINE
modde_base,-100,577,5,577,MABBOB_577,0.17890980937000228,0.06685994978163776,BASELINE
ng_OnePlusOne,-100,695,5,695,MABBOB_695,0.04311112671032806,0.013216284657559193,BASELINE
modcma_base,-100,246,5,246,MABBOB_246,0.03265185926155445,0.025221461950781742,BASELINE
modcma_base,-100,221,5,221,MABBOB_221,0.0791082876576601,0.07608214433609037,BASELINE
modcma_base,-100,99,5,99,MABBOB_99,0.20142418915179774,0.13282938418666565,BASELINE
ng_Powell,-100,405,5,405,MABBOB_405,0.2089639322722936,0.0,BASELINE
ng_MultiBFGS,-100,852,5,852,MABBOB_852,0.4344868659887213,0.2749254255389679,BASELINE
ng_Powell,-100,335,5,335,MABBOB_335,0.12917084697783485,0.0,BASELINE
ng_DiagonalCMA,-100,368,5,368,MABBOB_368,0.3643577466617838,0.1429223015677499,BASELINE
ng_Powell,-100,738,5,738,MABBOB_738,0.026470328202224967,3.469446951953614e-18,BASELINE
modcma_bipop,-100,188,5,188,MABBOB_188,0.0319251597358452,0.02817962922298568,BASELINE
modcma_base,-100,44,5,44,MABBOB_44,0.01327942632628423,0.003989412244227163,BASELINE
modcma_bipop,-100,204,5,204,MABBOB_204,0.04549189438783811,0.011633214691754674,BASELINE
modcma_bipop,-100,73,5,73,MABBOB_73,0.08012141533003755,0.03218375716556921,BASELINE
ng_OnePlusOne,-100,482,5,482,MABBOB_482,0.04823029717207129,0.005107290960606152,BASELINE
ng_Powell,-100,264,5,264,MABBOB_264,0.1567230211848757,0.0,BASELINE
modcma_bipop,-100,307,5,307,MABBOB_307,0.09163124900898914,0.11641632955904749,BASELINE
modde_lshade,-100,494,5,494,MABBOB_494,0.0633232834325503,0.0687105746918725,BASELINE
modcma_base,-100,964,5,964,MABBOB_964,0.07713636506819514,0.026543713576212442,BASELINE
ng_Powell,-100,149,5,149,MABBOB_149,0.5440337096942809,0.0,BASELINE
ng_OnePlusOne,-100,67,5,67,MABBOB_67,0.07758181098928632,0.014679790566288575,BASELINE
modcma_bipop,-100,2,5,2,MABBOB_2,0.06934005172464867,0.02401251415819065,BASELINE
modde_lshade,-100,906,5,906,MABBOB_906,0.038944583965604955,0.02691526319455977,BASELINE
modcma_base,-100,556,5,556,MABBOB_556,0.03864513944743897,0.020103419220172215,BASELINE
ng_OnePlusOne,-100,324,5,324,MABBOB_324,0.0340885225749198,0.0128449068688847,BASELINE
modcma_bipop,-100,400,5,400,MABBOB_400,0.14277557818359735,0.04534919838910296,BASELINE
modcma_base,-100,901,5,901,MABBOB_901,0.04958291376895809,0.02534564543743151,BASELINE
modde_base,-100,15,5,15,MABBOB_15,0.14826267967781995,0.15835827184595888,BASELINE
modcma_bipop,-100,176,5,176,MABBOB_176,0.2666039451040706,0.07131535337052511,BASELINE
ng_Powell,-100,783,5,783,MABBOB_783,0.10971922280403804,1.3877787807814457e-17,BASELINE
ng_MultiBFGS,-100,371,5,371,MABBOB_371,0.672943469527016,0.15454268218362824,BASELINE
ng_OnePlusOne,-100,390,5,390,MABBOB_390,0.033443014811761325,0.03180894981321415,BASELINE
ng_OnePlusOne,-100,759,5,759,MABBOB_759,0.3732688044948967,0.04549533492774964,BASELINE
ng_OnePlusOne,-100,387,5,387,MABBOB_387,0.02475502838735153,0.0256497383214324,BASELINE
ng_MultiBFGS,-100,950,5,950,MABBOB_950,0.2002869417433543,0.05852510736363227,BASELINE
ng_DiagonalCMA,-100,555,5,555,MABBOB_555,0.12450445529786616,0.025508561938448256,BASELINE
ng_DiagonalCMA,-100,919,5,919,MABBOB_919,0.18800218607646682,0.050055225576230586,BASELINE
ng_OnePlusOne,-100,464,5,464,MABBOB_464,0.19670707982489705,0.09080728068552094,BASELINE
modde_base,-100,575,5,575,MABBOB_575,0.35688299128451295,0.1440712449002231,BASELINE
modde_base,-100,361,5,361,MABBOB_361,0.4002530475600502,0.23396587239496883,BASELINE
modcma_base,-100,604,5,604,MABBOB_604,0.01751480659413726,0.016713347504274036,BASELINE
ng_Powell,-100,982,5,982,MABBOB_982,0.09120331261666308,0.0,BASELINE
modcma_bipop,-100,680,5,680,MABBOB_680,0.026576795038321083,0.013578328415689065,BASELINE
ng_MultiBFGS,-100,212,5,212,MABBOB_212,0.04961578479123273,0.012754258048859905,BASELINE
ng_DE,-100,727,5,727,MABBOB_727,0.01582459220486239,0.010097038641069313,BASELINE
modde_base,-100,738,5,738,MABBOB_738,0.23771881846563597,0.32923496445805467,BASELINE
ng_DE,-100,877,5,877,MABBOB_877,0.07570950974676405,0.022002369635742827,BASELINE
modcma_bipop,-100,919,5,919,MABBOB_919,0.10874144950059686,0.05376873197676305,BASELINE
modde_lshade,-100,97,5,97,MABBOB_97,0.0832875848392259,0.019189860743274865,BASELINE
ng_DiagonalCMA,-100,609,5,609,MABBOB_609,0.35189552196962337,0.11143341475481736,BASELINE
ng_MultiBFGS,-100,188,5,188,MABBOB_188,0.08722237513652417,0.028788386584586358,BASELINE
ng_DiagonalCMA,-100,731,5,731,MABBOB_731,0.058382412135322734,0.01719773226233075,BASELINE
ng_MultiBFGS,-100,73,5,73,MABBOB_73,0.7532882952964477,0.09999266697104525,BASELINE
ng_OnePlusOne,-100,997,5,997,MABBOB_997,0.12044907125173046,0.11135490211013875,BASELINE
modcma_bipop,-100,405,5,405,MABBOB_405,0.06250720887494779,0.0233977960867435,BASELINE
modde_lshade,-100,492,5,492,MABBOB_492,0.08916741267490413,0.1021544137221698,BASELINE
ng_MultiBFGS,-100,34,5,34,MABBOB_34,0.58807218954896,0.2875163128566661,BASELINE
modcma_base,-100,779,5,779,MABBOB_779,0.04319084737097445,0.043155222520202964,BASELINE
ng_DiagonalCMA,-100,740,5,740,MABBOB_740,0.15777908175922323,0.01188792265030898,BASELINE
modde_lshade,-100,519,5,519,MABBOB_519,0.28160359239834437,0.13825687410981857,BASELINE
modde_lshade,-100,788,5,788,MABBOB_788,0.031559871620019705,0.0122651918738644,BASELINE
modcma_bipop,-100,525,5,525,MABBOB_525,0.10463920555431014,0.053432003681444795,BASELINE
ng_DE,-100,592,5,592,MABBOB_592,0.16098476645401869,0.01827082387742678,BASELINE
ng_MultiBFGS,-100,862,5,862,MABBOB_862,0.19368320681319537,0.10397480549790171,BASELINE
ng_DE,-100,221,5,221,MABBOB_221,0.12775682367438398,0.18928625007582606,BASELINE
ng_DiagonalCMA,-100,782,5,782,MABBOB_782,0.2604750756258877,0.05680411524036285,BASELINE
ng_Powell,-100,307,5,307,MABBOB_307,0.2557109285011321,0.0,BASELINE
ng_DE,-100,761,5,761,MABBOB_761,0.06776042448720698,0.011519833641942326,BASELINE
ng_DiagonalCMA,-100,177,5,177,MABBOB_177,0.35228945596302813,0.12608678984774582,BASELINE
ng_DiagonalCMA,-100,699,5,699,MABBOB_699,0.13349990011380983,0.017913163450601434,BASELINE
modcma_base,-100,528,5,528,MABBOB_528,0.017560902770651678,0.01412795663418176,BASELINE
modde_lshade,-100,891,5,891,MABBOB_891,0.38849453579894505,0.14283680418390396,BASELINE
ng_DiagonalCMA,-100,190,5,190,MABBOB_190,0.07300085598145836,0.029374124548511047,BASELINE
ng_OnePlusOne,-100,99,5,99,MABBOB_99,0.6378567925779317,0.19737940885786517,BASELINE
modde_base,-100,486,5,486,MABBOB_486,0.13124732198384487,0.08301137473570039,BASELINE
modde_lshade,-100,811,5,811,MABBOB_811,0.0638020382420773,0.014041255771068925,BASELINE
ng_MultiBFGS,-100,530,5,530,MABBOB_530,0.7046828752426646,0.16327750529486754,BASELINE
modde_lshade,-100,371,5,371,MABBOB_371,0.17346248579328413,0.12896043689999076,BASELINE
ng_MultiBFGS,-100,955,5,955,MABBOB_955,0.058402581170253896,0.014938253403848755,BASELINE
modde_lshade,-100,812,5,812,MABBOB_812,0.06513466863705135,0.017831046475082053,BASELINE
ng_DE,-100,954,5,954,MABBOB_954,0.19156611302013035,0.18777680863475177,BASELINE
ng_DE,-100,756,5,756,MABBOB_756,0.2289048478729588,0.05330873778247745,BASELINE
ng_MultiBFGS,-100,680,5,680,MABBOB_680,0.4516673756975716,0.21185906612354433,BASELINE
ng_MultiBFGS,-100,449,5,449,MABBOB_449,0.04515013712455274,0.0228258791874689,BASELINE
ng_MultiBFGS,-100,592,5,592,MABBOB_592,0.8366779227571186,0.09186187916230883,BASELINE
ng_DiagonalCMA,-100,844,5,844,MABBOB_844,0.14264527567225183,0.05890220373309969,BASELINE
ng_OnePlusOne,-100,449,5,449,MABBOB_449,0.11883576982848684,0.13702107037650058,BASELINE
ng_Powell,-100,492,5,492,MABBOB_492,0.06655834149494247,0.0,BASELINE
ng_DE,-100,812,5,812,MABBOB_812,0.0847735629097476,0.040725394178131646,BASELINE
ng_OnePlusOne,-100,346,5,346,MABBOB_346,0.032184242604561486,0.013722627037447562,BASELINE
ng_DiagonalCMA,-100,878,5,878,MABBOB_878,0.197612926443629,0.04921098242666927,BASELINE
ng_MultiBFGS,-100,901,5,901,MABBOB_901,0.04865990182977683,0.008877337166320992,BASELINE
modcma_base,-100,689,5,689,MABBOB_689,0.018448698373998495,0.012176265737988252,BASELINE
ng_OnePlusOne,-100,525,5,525,MABBOB_525,0.46028551501898357,0.14901071998745233,BASELINE
ng_OnePlusOne,-100,764,5,764,MABBOB_764,0.05775852129370775,0.02734061670513774,BASELINE
modde_base,-100,864,5,864,MABBOB_864,0.08301115444621437,0.05239275815229629,BASELINE
ng_DE,-100,949,5,949,MABBOB_949,0.06667551540079601,0.04397271783422124,BASELINE
ng_Powell,-100,864,5,864,MABBOB_864,0.24027230934478264,0.0,BASELINE
modde_lshade,-100,333,5,333,MABBOB_333,0.022430149000709235,0.010212012179377814,BASELINE
modde_lshade,-100,305,5,305,MABBOB_305,0.18899967249535912,0.07662291972411463,BASELINE
ng_DiagonalCMA,-100,24,5,24,MABBOB_24,0.2972967727039112,0.23597420771380556,BASELINE
ng_MultiBFGS,-100,204,5,204,MABBOB_204,0.8774234200006475,0.09724958802818805,BASELINE
ng_Powell,-100,33,5,33,MABBOB_33,0.2992610549285276,0.0,BASELINE
ng_OnePlusOne,-100,170,5,170,MABBOB_170,0.024014554780335463,0.0068983904666499235,BASELINE
modcma_base,-100,773,5,773,MABBOB_773,0.14605774197961352,0.022645822012166018,BASELINE
ng_DiagonalCMA,-100,208,5,208,MABBOB_208,0.15189176335501584,0.06262202929450009,BASELINE
ng_MultiBFGS,-100,74,5,74,MABBOB_74,0.48507361740736227,0.21586527718777979,BASELINE
ng_DiagonalCMA,-100,954,5,954,MABBOB_954,0.3671724038850591,0.14684248452894488,BASELINE
modcma_bipop,-100,390,5,390,MABBOB_390,0.008468143219786521,0.009054174776444502,BASELINE
modde_base,-100,405,5,405,MABBOB_405,0.14044518333565276,0.0602192908122755,BASELINE
modcma_bipop,-100,746,5,746,MABBOB_746,0.14826668652122293,0.03035483365979497,BASELINE
ng_DiagonalCMA,-100,61,5,61,MABBOB_61,0.15693107786880295,0.03004128824756805,BASELINE
modcma_bipop,-100,220,5,220,MABBOB_220,0.16128191566505,0.07675373176778279,BASELINE
modde_lshade,-100,113,5,113,MABBOB_113,0.12921868227476166,0.1021554207561251,BASELINE
ng_DiagonalCMA,-100,367,5,367,MABBOB_367,0.3125065490076874,0.07595418191332477,BASELINE
modcma_bipop,-100,15,5,15,MABBOB_15,0.042041496393336424,0.06399078241331073,BASELINE
ng_DiagonalCMA,-100,677,5,677,MABBOB_677,0.29140200441269715,0.14080655352147917,BASELINE
modde_lshade,-100,426,5,426,MABBOB_426,0.18218320091240467,0.13724826469877943,BASELINE
ng_MultiBFGS,-100,33,5,33,MABBOB_33,0.26156604340735934,0.19529960201729202,BASELINE
ng_Powell,-100,529,5,529,MABBOB_529,0.1922730672334758,0.0,BASELINE
ng_DiagonalCMA,-100,529,5,529,MABBOB_529,0.17845392686653622,0.11087974567530119,BASELINE
modcma_base,-100,40,5,40,MABBOB_40,0.02830527039345984,0.01852988753581079,BASELINE
modde_lshade,-100,608,5,608,MABBOB_608,0.37262202411235745,0.22132414291110808,BASELINE
modde_base,-100,709,5,709,MABBOB_709,0.2135221302766439,0.09402078726648878,BASELINE
modde_base,-100,264,5,264,MABBOB_264,0.1353888139861038,0.06316590679501669,BASELINE
modcma_base,-100,763,5,763,MABBOB_763,0.03157273729418106,0.016598301700006632,BASELINE
ng_Powell,-100,606,5,606,MABBOB_606,0.5101750864556298,0.0,BASELINE
modde_lshade,-100,773,5,773,MABBOB_773,0.37245559107853743,0.2673937326808295,BASELINE
modcma_bipop,-100,592,5,592,MABBOB_592,0.06274399716885723,0.015023091874924635,BASELINE
ng_DiagonalCMA,-100,275,5,275,MABBOB_275,0.11509427270120758,0.04713865400513861,BASELINE
ng_DiagonalCMA,-100,113,5,113,MABBOB_113,0.10728047297114007,0.014081206463180588,BASELINE
ng_OnePlusOne,-100,445,5,445,MABBOB_445,0.0869978184758845,0.04190970762204786,BASELINE
ng_MultiBFGS,-100,248,5,248,MABBOB_248,0.5854934635427004,0.11018443363599258,BASELINE
ng_DiagonalCMA,-100,359,5,359,MABBOB_359,0.2292677262365131,0.07788485917130021,BASELINE
modcma_bipop,-100,713,5,713,MABBOB_713,0.03138238010332385,0.018087148593497696,BASELINE
modde_lshade,-100,761,5,761,MABBOB_761,0.10521854061673999,0.0059714935282989615,BASELINE
ng_MultiBFGS,-100,763,5,763,MABBOB_763,0.12245362743005059,0.07054838161098974,BASELINE
modde_base,-100,166,5,166,MABBOB_166,0.1887435224395032,0.08212998612311875,BASELINE
modcma_bipop,-100,975,5,975,MABBOB_975,0.03952221802681709,0.027377548186944257,BASELINE
modcma_base,-100,181,5,181,MABBOB_181,0.02389520512408719,0.024721869034825487,BASELINE
modcma_base,-100,494,5,494,MABBOB_494,0.05733693858718754,0.04224433613076871,BASELINE
modde_lshade,-100,348,5,348,MABBOB_348,0.03276253605725426,0.014809597013531756,BASELINE
modcma_base,-100,764,5,764,MABBOB_764,0.02565146239066196,0.017183431016568204,BASELINE
modde_lshade,-100,556,5,556,MABBOB_556,0.0474309896907809,0.021326218771126584,BASELINE
modde_base,-100,387,5,387,MABBOB_387,0.0238387649542477,0.01284241891634629,BASELINE
modcma_base,-100,346,5,346,MABBOB_346,0.03286934916902657,0.03206962173076235,BASELINE
ng_OnePlusOne,-100,980,5,980,MABBOB_980,0.2310927312853182,0.14756682890844647,BASELINE
ng_Powell,-100,204,5,204,MABBOB_204,0.27833240419079025,0.0,BASELINE
modde_base,-100,451,5,451,MABBOB_451,0.0227794504448098,0.015153473892303605,BASELINE
modcma_base,-100,6,5,6,MABBOB_6,0.05512302347383232,0.014015681329555591,BASELINE
modcma_bipop,-100,445,5,445,MABBOB_445,0.05779717517539806,0.025188884943480008,BASELINE
ng_Powell,-100,795,5,795,MABBOB_795,0.25690508858577776,0.0,BASELINE
ng_MultiBFGS,-100,107,5,107,MABBOB_107,0.08292588212374218,0.08177744488739556,BASELINE
modcma_bipop,-100,105,5,105,MABBOB_105,0.07479259849209205,0.01013134263148519,BASELINE
modde_lshade,-100,827,5,827,MABBOB_827,0.17182785049098973,0.0794492807079771,BASELINE
modde_base,-100,671,5,671,MABBOB_671,0.23516741650829096,0.1783778956100676,BASELINE
modcma_base,-100,565,5,565,MABBOB_565,0.07225613614415835,0.05007932704721047,BASELINE
ng_OnePlusOne,-100,118,5,118,MABBOB_118,0.041010715188141506,0.01474688198368323,BASELINE
ng_DiagonalCMA,-100,2,5,2,MABBOB_2,0.11642182236210483,0.0276938217852388,BASELINE
ng_Powell,-100,556,5,556,MABBOB_556,0.04693132112429146,0.0,BASELINE
modde_base,-100,617,5,617,MABBOB_617,0.20279135578380805,0.1756365344626723,BASELINE
ng_DE,-100,556,5,556,MABBOB_556,0.0391177853299774,0.018577058719924832,BASELINE
ng_OnePlusOne,-100,530,5,530,MABBOB_530,0.009859443164210372,0.006063340898126151,BASELINE
ng_OnePlusOne,-100,368,5,368,MABBOB_368,0.2140185810615786,0.1702389025225843,BASELINE
ng_DE,-100,922,5,922,MABBOB_922,0.2823793853986579,0.10080239585955739,BASELINE
modde_base,-100,82,5,82,MABBOB_82,0.07671051014314874,0.029817747932335596,BASELINE
modcma_base,-100,37,5,37,MABBOB_37,0.07872300522595278,0.04832802137513654,BASELINE
ng_DE,-100,671,5,671,MABBOB_671,0.11623199114141074,0.03545741441341579,BASELINE
modcma_bipop,-100,961,5,961,MABBOB_961,0.09068713580228918,0.04556590880562056,BASELINE
modcma_bipop,-100,118,5,118,MABBOB_118,0.03796636656980259,0.033036519517737756,BASELINE
modde_base,-100,220,5,220,MABBOB_220,0.3964752335159704,0.24642227739771216,BASELINE
ng_DiagonalCMA,-100,161,5,161,MABBOB_161,0.11054986981626078,0.020514532319729425,BASELINE
ng_OnePlusOne,-100,993,5,993,MABBOB_993,0.37676366020083935,0.09378796333451696,BASELINE
modcma_base,-100,592,5,592,MABBOB_592,0.06274399716885723,0.015023091874924635,BASELINE
ng_Powell,-100,344,5,344,MABBOB_344,0.17655072525102006,0.0,BASELINE
modcma_base,-100,264,5,264,MABBOB_264,0.09729432221542414,0.06161070062699433,BASELINE
modcma_bipop,-100,486,5,486,MABBOB_486,0.03713112538292901,0.018116678788009263,BASELINE
ng_OnePlusOne,-100,330,5,330,MABBOB_330,0.11107982589828728,0.0694665120999557,BASELINE
ng_DE,-100,555,5,555,MABBOB_555,0.09873603186562332,0.032358044627216365,BASELINE
ng_DiagonalCMA,-100,769,5,769,MABBOB_769,0.15353523571849886,0.06970159899123722,BASELINE
ng_OnePlusOne,-100,566,5,566,MABBOB_566,0.28339265864047014,0.24513211345547203,BASELINE
modde_lshade,-100,991,5,991,MABBOB_991,0.037518337300512725,0.021190395356756875,BASELINE
modde_lshade,-100,700,5,700,MABBOB_700,0.08761116409595153,0.0800909502219965,BASELINE
modde_base,-100,115,5,115,MABBOB_115,0.20865491783899995,0.10753191449712954,BASELINE
ng_Powell,-100,689,5,689,MABBOB_689,0.24507008858706011,2.7755575615628914e-17,BASELINE
modcma_base,-100,188,5,188,MABBOB_188,0.0319251597358452,0.02817962922298568,BASELINE
ng_Powell,-100,756,5,756,MABBOB_756,0.6453378928465554,0.0,BASELINE
ng_DE,-100,680,5,680,MABBOB_680,0.0894871916702296,0.038243491437114426,BASELINE
ng_Powell,-100,536,5,536,MABBOB_536,0.4767165471102014,0.0,BASELINE
ng_DiagonalCMA,-100,955,5,955,MABBOB_955,0.31007136116385936,0.0801887561988202,BASELINE
ng_DE,-100,687,5,687,MABBOB_687,0.1894868070630966,0.05713921762492955,BASELINE
modde_lshade,-100,879,5,879,MABBOB_879,0.11652221694169942,0.20269774108371266,BASELINE
ng_MultiBFGS,-100,531,5,531,MABBOB_531,0.12917103137894212,0.11747159874937489,BASELINE
modde_base,-100,413,5,413,MABBOB_413,0.2103591153224275,0.17542132866007565,BASELINE
modcma_base,-100,147,5,147,MABBOB_147,0.043143990376662764,0.026112307768892846,BASELINE
modde_lshade,-100,40,5,40,MABBOB_40,0.06951574351348004,0.0678452230742414,BASELINE
ng_DiagonalCMA,-100,97,5,97,MABBOB_97,0.1996695964189066,0.019819470631876945,BASELINE
modde_base,-100,217,5,217,MABBOB_217,0.19160243083883904,0.0814996779314277,BASELINE
modcma_bipop,-100,604,5,604,MABBOB_604,0.01751480659413726,0.016713347504274036,BASELINE
ng_DE,-100,101,5,101,MABBOB_101,0.10168494296797848,0.0869836891475547,BASELINE
modde_base,-100,538,5,538,MABBOB_538,0.20808050322460545,0.04833761168788913,BASELINE
ng_MultiBFGS,-100,415,5,415,MABBOB_415,0.6526939536878176,0.2471016471977432,BASELINE
modde_base,-100,529,5,529,MABBOB_529,0.07745182132352743,0.035214172545036775,BASELINE
ng_OnePlusOne,-100,166,5,166,MABBOB_166,0.18352640933900197,0.10091245929269511,BASELINE
ng_OnePlusOne,-100,421,5,421,MABBOB_421,0.16207321578293649,0.07701194314300282,BASELINE
ng_OnePlusOne,-100,761,5,761,MABBOB_761,0.16240500376035213,0.032392042938736876,BASELINE
modcma_base,-100,687,5,687,MABBOB_687,0.07949308124417698,0.0312212747210653,BASELINE
ng_Powell,-100,317,5,317,MABBOB_317,0.1302835966187448,0.0,BASELINE
modde_base,-100,862,5,862,MABBOB_862,0.24025558069446715,0.26612520378930377,BASELINE
modde_lshade,-100,204,5,204,MABBOB_204,0.03445678445617323,0.010909512403116021,BASELINE
ng_Powell,-100,61,5,61,MABBOB_61,0.3831196615534066,0.0,BASELINE
ng_DiagonalCMA,-100,6,5,6,MABBOB_6,0.23495202210147462,0.14288052920670566,BASELINE
ng_DE,-100,714,5,714,MABBOB_714,0.038589801584325956,0.01806653582413484,BASELINE
modcma_bipop,-100,876,5,876,MABBOB_876,0.02376700323473957,0.014612535175134268,BASELINE
ng_OnePlusOne,-100,642,5,642,MABBOB_642,0.08072395843613892,0.03159586663611516,BASELINE
ng_DE,-100,161,5,161,MABBOB_161,0.09534147640609757,0.017283994391614196,BASELINE
modcma_base,-100,270,5,270,MABBOB_270,0.07195772953050558,0.028548135571610365,BASELINE
ng_DiagonalCMA,-100,464,5,464,MABBOB_464,0.2684832486199949,0.13568009999880093,BASELINE
ng_OnePlusOne,-100,689,5,689,MABBOB_689,0.1562231694490178,0.050459626133468924,BASELINE
ng_Powell,-100,642,5,642,MABBOB_642,0.3025122105075527,0.0,BASELINE
modde_lshade,-100,107,5,107,MABBOB_107,0.06578639320535165,0.04250798428110033,BASELINE
ng_Powell,-100,113,5,113,MABBOB_113,0.2575364983599905,0.0,BASELINE
modde_lshade,-100,73,5,73,MABBOB_73,0.2137228627881099,0.11854786660861705,BASELINE
ng_DiagonalCMA,-100,565,5,565,MABBOB_565,0.0865587228013781,0.014777929158288227,BASELINE
ng_DiagonalCMA,-100,99,5,99,MABBOB_99,0.3569103515262082,0.06096510512182578,BASELINE
ng_Powell,-100,220,5,220,MABBOB_220,0.41133919361003246,0.0,BASELINE
modde_base,-100,492,5,492,MABBOB_492,0.09046028806904796,0.09337972630479477,BASELINE
modcma_base,-100,451,5,451,MABBOB_451,0.02057858196242776,0.013521893834387462,BASELINE
modcma_base,-100,116,5,116,MABBOB_116,0.044441798117162715,0.035608508573633346,BASELINE
modde_lshade,-100,410,5,410,MABBOB_410,0.02917732298080824,0.028720646138023845,BASELINE
ng_MultiBFGS,-100,870,5,870,MABBOB_870,0.6889107686859444,0.09304188246854926,BASELINE
ng_MultiBFGS,-100,208,5,208,MABBOB_208,0.7410952239396454,0.17302733522689176,BASELINE
modcma_base,-100,215,5,215,MABBOB_215,0.1410335951021743,0.17165560116800546,BASELINE
ng_MultiBFGS,-100,687,5,687,MABBOB_687,0.8649611799941335,0.11471506806975348,BASELINE
modde_base,-100,170,5,170,MABBOB_170,0.04048301023998872,0.02300592189495301,BASELINE
ng_OnePlusOne,-100,359,5,359,MABBOB_359,0.17616877490870583,0.039807969780764015,BASELINE
ng_OnePlusOne,-100,317,5,317,MABBOB_317,0.16471343741906497,0.03865536566538622,BASELINE
modde_lshade,-100,975,5,975,MABBOB_975,0.1487229441402509,0.10561924541297815,BASELINE
modde_lshade,-100,307,5,307,MABBOB_307,0.11016100463217382,0.11466189277537091,BASELINE
modcma_base,-100,307,5,307,MABBOB_307,0.09163124900898914,0.11641632955904749,BASELINE
ng_MultiBFGS,-100,1,5,1,MABBOB_1,0.7419145617819665,0.11519894863882787,BASELINE
modde_lshade,-100,423,5,423,MABBOB_423,0.11759750135781329,0.08388761331031705,BASELINE
ng_OnePlusOne,-100,773,5,773,MABBOB_773,0.22600720554314518,0.0556613665849944,BASELINE
modde_lshade,-100,264,5,264,MABBOB_264,0.10948474597004583,0.06581809492059562,BASELINE
modde_lshade,-100,795,5,795,MABBOB_795,0.18945254705854012,0.09213736181493702,BASELINE
modcma_base,-100,257,5,257,MABBOB_257,0.08548004782030352,0.051004981638320374,BASELINE
modcma_base,-100,182,5,182,MABBOB_182,0.07649795530061021,0.018369611197563536,BASELINE
ng_Powell,-100,746,5,746,MABBOB_746,0.2508472380303948,0.0,BASELINE
modde_lshade,-100,707,5,707,MABBOB_707,0.24763185595148057,0.1160211328396106,BASELINE
ng_OnePlusOne,-100,740,5,740,MABBOB_740,0.10623631848062201,0.042219078505635894,BASELINE
ng_MultiBFGS,-100,144,5,144,MABBOB_144,0.2667818274745133,0.16824884118879038,BASELINE
ng_DE,-100,523,5,523,MABBOB_523,0.10128575878479917,0.0928512389574248,BASELINE
ng_Powell,-100,62,5,62,MABBOB_62,0.46795607196875133,0.0,BASELINE
modde_lshade,-100,349,5,349,MABBOB_349,0.24444689858412874,0.0656434599641658,BASELINE
ng_DE,-100,268,5,268,MABBOB_268,0.2026970649436337,0.040270244853091726,BASELINE
ng_DE,-100,350,5,350,MABBOB_350,0.036999498028475956,0.05722028090914063,BASELINE
ng_OnePlusOne,-100,360,5,360,MABBOB_360,0.39844090931921927,0.23703295175073114,BASELINE
ng_DE,-100,491,5,491,MABBOB_491,0.10280928821791617,0.016711518411679113,BASELINE
modcma_base,-100,709,5,709,MABBOB_709,0.10183612802379302,0.047006027881355085,BASELINE
ng_Powell,-100,419,5,419,MABBOB_419,0.24557343140877305,2.7755575615628914e-17,BASELINE
modde_base,-100,989,5,989,MABBOB_989,0.05772565095228806,0.058715882771819015,BASELINE
ng_MultiBFGS,-100,811,5,811,MABBOB_811,0.16827461012223527,0.13673265349247413,BASELINE
modde_lshade,-100,476,5,476,MABBOB_476,0.4907485466640099,0.1714381595999618,BASELINE
ng_Powell,-100,324,5,324,MABBOB_324,0.021722161045866512,0.0,BASELINE
ng_Powell,-100,555,5,555,MABBOB_555,0.25954094206619355,0.0,BASELINE
modcma_bipop,-100,597,5,597,MABBOB_597,0.09708115463077101,0.04489751379143637,BASELINE
ng_Powell,-100,411,5,411,MABBOB_411,0.19916335156865148,0.0,BASELINE
ng_DiagonalCMA,-100,373,5,373,MABBOB_373,0.5977023487360412,0.2006027829455042,BASELINE
ng_MultiBFGS,-100,170,5,170,MABBOB_170,0.029304166488597006,0.010584617564739659,BASELINE
modde_base,-100,911,5,911,MABBOB_911,0.3343041830456408,0.25925036994393164,BASELINE
ng_DiagonalCMA,-100,115,5,115,MABBOB_115,0.14295026715468967,0.05120389282887371,BASELINE
ng_MultiBFGS,-100,360,5,360,MABBOB_360,0.6562462414318314,0.17857295039957918,BASELINE
modde_base,-100,404,5,404,MABBOB_404,0.04473605739308127,0.022553302602494926,BASELINE
modcma_base,-100,415,5,415,MABBOB_415,0.05018507934823926,0.02527890743282527,BASELINE
ng_DE,-100,116,5,116,MABBOB_116,0.04729746626868771,0.04707752456813602,BASELINE
ng_Powell,-100,73,5,73,MABBOB_73,0.7963403757596891,0.0,BASELINE
ng_DE,-100,639,5,639,MABBOB_639,0.19218372893156782,0.09458099813828973,BASELINE
ng_OnePlusOne,-100,182,5,182,MABBOB_182,0.09424258287361326,0.09997353574470891,BASELINE
modcma_base,-100,421,5,421,MABBOB_421,0.0550871095014727,0.030076160637117145,BASELINE
ng_Powell,-100,464,5,464,MABBOB_464,0.5979989904197062,0.0,BASELINE
ng_OnePlusOne,-100,922,5,922,MABBOB_922,0.3873409964021043,0.18015269551946647,BASELINE
ng_Powell,-100,327,5,327,MABBOB_327,0.21343973955969106,0.0,BASELINE
modde_base,-100,865,5,865,MABBOB_865,0.19225355920971027,0.1691441610442328,BASELINE
modde_base,-100,396,5,396,MABBOB_396,0.16059908580668072,0.07823393156254779,BASELINE
ng_DE,-100,906,5,906,MABBOB_906,0.033540804251921165,0.0254441810096621,BASELINE
ng_MultiBFGS,-100,878,5,878,MABBOB_878,0.32952443845244733,0.21751175672274956,BASELINE
ng_DiagonalCMA,-100,390,5,390,MABBOB_390,0.08833315091418194,0.025253657145390792,BASELINE
modde_base,-100,482,5,482,MABBOB_482,0.2533382531203016,0.036621302209052436,BASELINE
modcma_base,-100,975,5,975,MABBOB_975,0.03952221802681709,0.027377548186944257,BASELINE
modde_lshade,-100,680,5,680,MABBOB_680,0.08950151690437004,0.02845251848548043,BASELINE
modcma_base,-100,870,5,870,MABBOB_870,0.15461844317899817,0.09795028339905139,BASELINE
modcma_base,-100,639,5,639,MABBOB_639,0.09920543588883016,0.05350764703505632,BASELINE
modcma_base,-100,782,5,782,MABBOB_782,0.04753719828270486,0.0241581661542303,BASELINE
modcma_bipop,-100,844,5,844,MABBOB_844,0.030520309951737472,0.012407198889762383,BASELINE
ng_DE,-100,772,5,772,MABBOB_772,0.38202178425145117,0.13249684971072087,BASELINE
modcma_bipop,-100,536,5,536,MABBOB_536,0.07967216559797978,0.02047335241196579,BASELINE
ng_MultiBFGS,-100,82,5,82,MABBOB_82,0.158098218806425,0.08640152287081965,BASELINE
modcma_bipop,-100,639,5,639,MABBOB_639,0.09920543588883016,0.05350764703505632,BASELINE
modde_lshade,-100,116,5,116,MABBOB_116,0.06259563200834148,0.05866584383220272,BASELINE
modcma_base,-100,739,5,739,MABBOB_739,0.021824891780044563,0.010696152454436836,BASELINE
ng_DiagonalCMA,-100,163,5,163,MABBOB_163,0.06279107581477193,0.009583510684684167,BASELINE
ng_DE,-100,215,5,215,MABBOB_215,0.07155916523740795,0.06659880657298313,BASELINE
ng_OnePlusOne,-100,901,5,901,MABBOB_901,0.07951106392025832,0.033214669818476525,BASELINE
modde_lshade,-100,764,5,764,MABBOB_764,0.0584149606890584,0.05356608950812551,BASELINE
modde_lshade,-100,2,5,2,MABBOB_2,0.24130884308109737,0.22201788745900083,BASELINE
modcma_base,-100,123,5,123,MABBOB_123,0.03927554389192324,0.03120884061697622,BASELINE
ng_Powell,-100,410,5,410,MABBOB_410,0.18066700329779442,0.0,BASELINE
ng_Powell,-100,181,5,181,MABBOB_181,0.017948760937148416,0.0,BASELINE
ng_DE,-100,177,5,177,MABBOB_177,0.03835935950137952,0.02442600937628721,BASELINE
modcma_bipop,-100,115,5,115,MABBOB_115,0.062154119333027794,0.0312780649313114,BASELINE
ng_Powell,-100,707,5,707,MABBOB_707,0.8035512187703631,0.0,BASELINE
ng_OnePlusOne,-100,795,5,795,MABBOB_795,0.1417850962585827,0.04241055350565642,BASELINE
modde_lshade,-100,217,5,217,MABBOB_217,0.20143826145668192,0.09507306405802989,BASELINE
ng_OnePlusOne,-100,307,5,307,MABBOB_307,0.04940471606475945,0.008638274435051555,BASELINE
modde_lshade,-100,361,5,361,MABBOB_361,0.3565875716239733,0.1931203902791489,BASELINE
ng_Powell,-100,731,5,731,MABBOB_731,0.015301799368984728,0.0,BASELINE
ng_OnePlusOne,-100,33,5,33,MABBOB_33,0.13956084340909683,0.054887053273455944,BASELINE
ng_Powell,-100,528,5,528,MABBOB_528,0.11526367340364752,0.0,BASELINE
modcma_bipop,-100,361,5,361,MABBOB_361,0.16526310681063186,0.037136789100803674,BASELINE
ng_OnePlusOne,-100,989,5,989,MABBOB_989,0.048907374446084353,0.040643757073173414,BASELINE
ng_Powell,-100,879,5,879,MABBOB_879,0.26020493616687873,0.0,BASELINE
ng_DE,-100,811,5,811,MABBOB_811,0.06515810838634642,0.0469553078998243,BASELINE
ng_MultiBFGS,-100,37,5,37,MABBOB_37,0.7313828186281258,0.0752272959428572,BASELINE
modcma_base,-100,82,5,82,MABBOB_82,0.05691780643336788,0.052533422233040555,BASELINE
ng_MultiBFGS,-100,604,5,604,MABBOB_604,0.4025915975046687,0.2558384821951407,BASELINE
ng_MultiBFGS,-100,989,5,989,MABBOB_989,0.3419347439348259,0.31663765389530163,BASELINE
modde_base,-100,788,5,788,MABBOB_788,0.031618613622179555,0.012391728579370476,BASELINE
modde_base,-100,248,5,248,MABBOB_248,0.10344539565112106,0.16536636016024214,BASELINE
ng_OnePlusOne,-100,706,5,706,MABBOB_706,0.22670897339985113,0.08513192975782927,BASELINE
modcma_base,-100,642,5,642,MABBOB_642,0.06908552727758782,0.05955533600336102,BASELINE
modde_base,-100,536,5,536,MABBOB_536,0.2556705765460446,0.1363399977618772,BASELINE
modcma_bipop,-100,773,5,773,MABBOB_773,0.14605774197961352,0.022645822012166018,BASELINE
ng_OnePlusOne,-100,88,5,88,MABBOB_88,0.023994944886167373,0.01251614489064766,BASELINE
ng_Powell,-100,415,5,415,MABBOB_415,0.20654407704404304,0.0,BASELINE
ng_DE,-100,424,5,424,MABBOB_424,0.06504170706246819,0.053637790884932465,BASELINE
modde_base,-100,114,5,114,MABBOB_114,0.3313381412071406,0.1599910452096495,BASELINE
ng_OnePlusOne,-100,879,5,879,MABBOB_879,0.13180400787847207,0.044135670507267515,BASELINE
modde_base,-100,367,5,367,MABBOB_367,0.2544854913348117,0.1491989999602652,BASELINE
modcma_base,-100,97,5,97,MABBOB_97,0.10798629957758932,0.14406087119298988,BASELINE
ng_OnePlusOne,-100,731,5,731,MABBOB_731,0.027579100632884924,0.00964305809616259,BASELINE
ng_DiagonalCMA,-100,67,5,67,MABBOB_67,0.07203949559762265,0.013699381313925521,BASELINE
modcma_base,-100,542,5,542,MABBOB_542,0.005946787975402981,0.0019262228678990094,BASELINE
modcma_base,-100,699,5,699,MABBOB_699,0.05915721382969359,0.02546951295862082,BASELINE
modcma_bipop,-100,149,5,149,MABBOB_149,0.04148529738314054,0.026640299187996937,BASELINE
ng_DiagonalCMA,-100,738,5,738,MABBOB_738,0.06382721021913917,0.015877117988890726,BASELINE
ng_MultiBFGS,-100,891,5,891,MABBOB_891,0.18283231397387514,0.09808017574380182,BASELINE
modcma_base,-100,918,5,918,MABBOB_918,0.1325186357243167,0.1264501770598433,BASELINE
modcma_bipop,-100,491,5,491,MABBOB_491,0.11484492198690596,0.043988863970223786,BASELINE
ng_DE,-100,411,5,411,MABBOB_411,0.013439946257773169,0.0024486183245965684,BASELINE
modde_lshade,-100,419,5,419,MABBOB_419,0.16650776216527308,0.09818602376885188,BASELINE
modcma_bipop,-100,419,5,419,MABBOB_419,0.13829766160202406,0.114687513258129,BASELINE
modde_base,-100,1,5,1,MABBOB_1,0.016996258199449915,0.013667706383655867,BASELINE
modde_base,-100,24,5,24,MABBOB_24,0.07386014512593422,0.06410276176428313,BASELINE
modcma_bipop,-100,101,5,101,MABBOB_101,0.03048556601520881,0.011996684333045125,BASELINE
modcma_bipop,-100,257,5,257,MABBOB_257,0.08548004782030352,0.051004981638320374,BASELINE
modde_base,-100,491,5,491,MABBOB_491,0.20720900752535104,0.12299035120170222,BASELINE
modde_lshade,-100,727,5,727,MABBOB_727,0.0957299428002309,0.13399551313810418,BASELINE
modde_base,-100,305,5,305,MABBOB_305,0.22019753422675387,0.10673066635820048,BASELINE
ng_MultiBFGS,-100,769,5,769,MABBOB_769,0.6760878681525497,0.31748767420900437,BASELINE
ng_DiagonalCMA,-100,739,5,739,MABBOB_739,0.09044574387430178,0.01933671976419825,BASELINE
ng_DiagonalCMA,-100,270,5,270,MABBOB_270,0.13335075788487208,0.048247160474826516,BASELINE
modde_lshade,-100,220,5,220,MABBOB_220,0.39799089701791324,0.27359752907167106,BASELINE
modcma_bipop,-100,779,5,779,MABBOB_779,0.04319084737097445,0.043155222520202964,BASELINE
modcma_bipop,-100,699,5,699,MABBOB_699,0.05915721382969359,0.02546951295862082,BASELINE
ng_Powell,-100,400,5,400,MABBOB_400,0.41100224528676915,0.0,BASELINE
ng_DiagonalCMA,-100,798,5,798,MABBOB_798,0.46849621108952577,0.08505931184037151,BASELINE
ng_OnePlusOne,-100,919,5,919,MABBOB_919,0.20281571566321732,0.05719989795366017,BASELINE
ng_MultiBFGS,-100,123,5,123,MABBOB_123,0.8163992197232922,0.1557522317964525,BASELINE
modde_base,-100,44,5,44,MABBOB_44,0.09062397037848326,0.06518450293910547,BASELINE
modde_base,-100,810,5,810,MABBOB_810,0.11666047139695701,0.13300588726957302,BASELINE
modcma_bipop,-100,476,5,476,MABBOB_476,0.20069741352791876,0.09075565915655116,BASELINE
modde_base,-100,208,5,208,MABBOB_208,0.11588807988354466,0.08518179253125205,BASELINE
modde_lshade,-100,26,5,26,MABBOB_26,0.20834848338517592,0.2980529077516521,BASELINE
ng_DE,-100,33,5,33,MABBOB_33,0.14100771956940844,0.1126091860957034,BASELINE
modde_lshade,-100,695,5,695,MABBOB_695,0.06849636505772282,0.02559055365744501,BASELINE
ng_DiagonalCMA,-100,33,5,33,MABBOB_33,0.14294066509534842,0.033975125055311604,BASELINE
ng_OnePlusOne,-100,727,5,727,MABBOB_727,0.05690139894165884,0.02284680153974935,BASELINE
modde_base,-100,113,5,113,MABBOB_113,0.12193686367366097,0.10390045404763529,BASELINE
modde_lshade,-100,810,5,810,MABBOB_810,0.11798152651764857,0.1366929549925987,BASELINE
modcma_bipop,-100,982,5,982,MABBOB_982,0.01980883916232571,0.008829644301964234,BASELINE
ng_DE,-100,388,5,388,MABBOB_388,0.08666428430504328,0.0539016648415829,BASELINE
ng_OnePlusOne,-100,597,5,597,MABBOB_597,0.1330601959338664,0.076072448531837,BASELINE
modcma_bipop,-100,113,5,113,MABBOB_113,0.048599269387161206,0.026392234024158957,BASELINE
modcma_bipop,-100,739,5,739,MABBOB_739,0.021824891780044563,0.010696152454436836,BASELINE
modcma_bipop,-100,852,5,852,MABBOB_852,0.01512809744411037,0.008333950797138424,BASELINE
ng_Powell,-100,217,5,217,MABBOB_217,0.1831032610379224,0.0,BASELINE
ng_Powell,-100,699,5,699,MABBOB_699,0.1270753497818418,0.0,BASELINE
modde_lshade,-100,911,5,911,MABBOB_911,0.35451370936865256,0.2882611421221784,BASELINE
ng_MultiBFGS,-100,26,5,26,MABBOB_26,0.15400240437170348,0.16231987209969517,BASELINE
ng_DE,-100,248,5,248,MABBOB_248,0.028972031705554825,0.009381151498006259,BASELINE
ng_DiagonalCMA,-100,335,5,335,MABBOB_335,0.07190928014896067,0.014665192183181157,BASELINE
ng_Powell,-100,764,5,764,MABBOB_764,0.028200794719522537,3.469446951953614e-18,BASELINE
modcma_base,-100,865,5,865,MABBOB_865,0.11773250891730269,0.11052480044254923,BASELINE
ng_Powell,-100,575,5,575,MABBOB_575,0.372224179027241,0.0,BASELINE
modde_base,-100,646,5,646,MABBOB_646,0.12555190520300508,0.08118512142052814,BASELINE
modde_lshade,-100,413,5,413,MABBOB_413,0.19688214397606296,0.15527508495756384,BASELINE
ng_Powell,-100,114,5,114,MABBOB_114,0.7338551755164395,0.0,BASELINE
ng_DE,-100,740,5,740,MABBOB_740,0.11886251364609098,0.054434020218661776,BASELINE
modde_lshade,-100,188,5,188,MABBOB_188,0.09366885808104143,0.04214830509743805,BASELINE
modde_lshade,-100,6,5,6,MABBOB_6,0.1428673949653481,0.021791713827231877,BASELINE
modde_lshade,-100,746,5,746,MABBOB_746,0.17723371875472832,0.03601794736505949,BASELINE
modde_base,-100,73,5,73,MABBOB_73,0.21137154030467956,0.10288154310581617,BASELINE
modcma_bipop,-100,955,5,955,MABBOB_955,0.016910824108399346,0.007487853734283485,BASELINE
ng_DE,-100,558,5,558,MABBOB_558,0.05555233370364545,0.038059668422183626,BASELINE
ng_OnePlusOne,-100,911,5,911,MABBOB_911,0.21963413348211488,0.08353782450117542,BASELINE
ng_DiagonalCMA,-100,426,5,426,MABBOB_426,0.12105301315807375,0.05931472300428339,BASELINE
ng_MultiBFGS,-100,848,5,848,MABBOB_848,0.7097713628551887,0.12066873447707968,BASELINE
ng_DiagonalCMA,-100,569,5,569,MABBOB_569,0.10257618184316528,0.057705457351553247,BASELINE
ng_DiagonalCMA,-100,215,5,215,MABBOB_215,0.3167498419369283,0.037976027869287526,BASELINE
ng_DE,-100,606,5,606,MABBOB_606,0.3439254972314693,0.29249935032271973,BASELINE
ng_DiagonalCMA,-100,558,5,558,MABBOB_558,0.10169239991691345,0.041005717025598756,BASELINE
ng_OnePlusOne,-100,714,5,714,MABBOB_714,0.038141039524608435,0.014618626897200882,BASELINE
ng_DE,-100,964,5,964,MABBOB_964,0.18863909312098798,0.0787921856819443,BASELINE
ng_Powell,-100,740,5,740,MABBOB_740,0.14609851007592997,0.0,BASELINE
modde_lshade,-100,368,5,368,MABBOB_368,0.12652977029402268,0.1885128535308854,BASELINE
ng_MultiBFGS,-100,359,5,359,MABBOB_359,0.8351897257614036,0.15526780122914077,BASELINE
modde_base,-100,192,5,192,MABBOB_192,0.068932725436599,0.048652807107260096,BASELINE
ng_DiagonalCMA,-100,592,5,592,MABBOB_592,0.18617066350235095,0.06881308281204954,BASELINE
ng_Powell,-100,116,5,116,MABBOB_116,0.09171582177674789,0.0,BASELINE
ng_DiagonalCMA,-100,810,5,810,MABBOB_810,0.08367015220600857,0.009596032335472786,BASELINE
ng_DiagonalCMA,-100,618,5,618,MABBOB_618,0.19673209924897778,0.08655290115018222,BASELINE
ng_MultiBFGS,-100,476,5,476,MABBOB_476,0.7445220845455647,0.14755228130019882,BASELINE
ng_DE,-100,103,5,103,MABBOB_103,0.05982439799423041,0.036556193537243174,BASELINE
modde_base,-100,689,5,689,MABBOB_689,0.024187843377283313,0.013303651341712975,BASELINE
modcma_base,-100,466,5,466,MABBOB_466,0.09388489397637527,0.03455341523542582,BASELINE
modcma_base,-100,608,5,608,MABBOB_608,0.20218797261704266,0.07429043539440174,BASELINE
ng_OnePlusOne,-100,461,5,461,MABBOB_461,0.03234871801789015,0.011487696969316546,BASELINE
ng_OnePlusOne,-100,865,5,865,MABBOB_865,0.3550742272435058,0.08935311048711782,BASELINE
ng_Powell,-100,691,5,691,MABBOB_691,0.13890427180486054,0.0,BASELINE
ng_MultiBFGS,-100,671,5,671,MABBOB_671,0.059165145931300935,0.00866994201378553,BASELINE
modde_base,-100,565,5,565,MABBOB_565,0.05520468737365362,0.039813725170755515,BASELINE
ng_DE,-100,305,5,305,MABBOB_305,0.1141928783303285,0.061289178337375856,BASELINE
modcma_bipop,-100,741,5,741,MABBOB_741,0.07968955966896651,0.09574261561099968,BASELINE
modde_base,-100,161,5,161,MABBOB_161,0.14802667945859752,0.04067188541296097,BASELINE
ng_OnePlusOne,-100,486,5,486,MABBOB_486,0.08300469081255404,0.0376498476353752,BASELINE
modcma_base,-100,520,5,520,MABBOB_520,0.08132430990143094,0.05351318788960642,BASELINE
modcma_base,-100,629,5,629,MABBOB_629,0.035637346185648594,0.024160148232217966,BASELINE
ng_DiagonalCMA,-100,413,5,413,MABBOB_413,0.3738390798091375,0.07561388818963648,BASELINE
modcma_base,-100,812,5,812,MABBOB_812,0.037635730673859516,0.013593932324920155,BASELINE
modde_lshade,-100,324,5,324,MABBOB_324,0.09616924380337029,0.09038019446533833,BASELINE
modde_lshade,-100,24,5,24,MABBOB_24,0.08450505942113515,0.08561189836834864,BASELINE
ng_DE,-100,166,5,166,MABBOB_166,0.13690961214434744,0.056175335462704375,BASELINE
ng_MultiBFGS,-100,491,5,491,MABBOB_491,0.458985446601927,0.12851024146806003,BASELINE
ng_DE,-100,144,5,144,MABBOB_144,0.03350382851819982,0.00636146611544553,BASELINE
modcma_bipop,-100,848,5,848,MABBOB_848,0.16868630567504003,0.07249582560412388,BASELINE
modde_base,-100,163,5,163,MABBOB_163,0.02361361657760623,0.010772374136917309,BASELINE
ng_MultiBFGS,-100,368,5,368,MABBOB_368,0.468477872414453,0.2818451971956734,BASELINE
ng_Powell,-100,761,5,761,MABBOB_761,0.17323719710200178,0.0,BASELINE
modde_base,-100,811,5,811,MABBOB_811,0.07262743196304158,0.020863966367888977,BASELINE
modcma_bipop,-100,865,5,865,MABBOB_865,0.11773250891730269,0.11052480044254923,BASELINE
modcma_bipop,-100,387,5,387,MABBOB_387,0.025050673146678543,0.01189233197927532,BASELINE
modcma_bipop,-100,333,5,333,MABBOB_333,0.04845473009505939,0.028871759716889687,BASELINE
modde_base,-100,980,5,980,MABBOB_980,0.3029965838376224,0.19401596051410375,BASELINE
modde_lshade,-100,536,5,536,MABBOB_536,0.20872767333622222,0.09007681764925712,BASELINE
ng_DiagonalCMA,-100,305,5,305,MABBOB_305,0.12382351653675731,0.017191327846453833,BASELINE
ng_DiagonalCMA,-100,440,5,440,MABBOB_440,0.09082250908412813,0.02221187765736956,BASELINE
ng_OnePlusOne,-100,97,5,97,MABBOB_97,0.32062644397765044,0.21836134067155152,BASELINE
modde_lshade,-100,877,5,877,MABBOB_877,0.1824723496932023,0.12941654369648728,BASELINE
ng_MultiBFGS,-100,566,5,566,MABBOB_566,0.8809036210705381,0.1057914513704274,BASELINE
modde_lshade,-100,687,5,687,MABBOB_687,0.35688984771853915,0.24055418494264524,BASELINE
modcma_base,-100,492,5,492,MABBOB_492,0.06647166206467674,0.07109026269084219,BASELINE
ng_OnePlusOne,-100,361,5,361,MABBOB_361,0.4432579482606259,0.11885736388321612,BASELINE
modcma_base,-100,24,5,24,MABBOB_24,0.055289820434187384,0.020233521717110993,BASELINE
modde_base,-100,769,5,769,MABBOB_769,0.19866099624599953,0.20032437588937396,BASELINE
modcma_bipop,-100,870,5,870,MABBOB_870,0.15461844317899817,0.09795028339905139,BASELINE
ng_DE,-100,327,5,327,MABBOB_327,0.14580344877681845,0.12178765598761757,BASELINE
ng_DiagonalCMA,-100,327,5,327,MABBOB_327,0.20717102306315738,0.07679634125907996,BASELINE
ng_Powell,-100,523,5,523,MABBOB_523,0.058939107546747846,0.0,BASELINE
modde_lshade,-100,887,5,887,MABBOB_887,0.2891031021385993,0.09235255511427502,BASELINE
ng_DE,-100,618,5,618,MABBOB_618,0.10374377366316842,0.039107756072065875,BASELINE
ng_MultiBFGS,-100,344,5,344,MABBOB_344,0.05642003602811847,0.014975633932832797,BASELINE
ng_Powell,-100,268,5,268,MABBOB_268,0.3979616072705114,0.0,BASELINE
modde_lshade,-100,525,5,525,MABBOB_525,0.1463653988333682,0.07011960455965201,BASELINE
ng_OnePlusOne,-100,204,5,204,MABBOB_204,0.26863507937797926,0.06749133769379981,BASELINE
modde_base,-100,260,5,260,MABBOB_260,0.2474575175544763,0.048765057337682646,BASELINE
ng_DE,-100,965,5,965,MABBOB_965,0.41737265789517586,0.18615863655224069,BASELINE
modde_lshade,-100,208,5,208,MABBOB_208,0.0969382906096428,0.06538104773094268,BASELINE
ng_DiagonalCMA,-100,268,5,268,MABBOB_268,0.35557463733224465,0.06107417152809347,BASELINE
ng_Powell,-100,991,5,991,MABBOB_991,0.7995290752340842,0.0,BASELINE
modcma_base,-100,177,5,177,MABBOB_177,0.029906001517483065,0.013722817709351754,BASELINE
ng_OnePlusOne,-100,260,5,260,MABBOB_260,0.31757319441520193,0.11027833787357887,BASELINE
modde_base,-100,123,5,123,MABBOB_123,0.09940189966511573,0.05204470015652229,BASELINE
modcma_base,-100,217,5,217,MABBOB_217,0.09896625941787843,0.05546347899389797,BASELINE
ng_MultiBFGS,-100,523,5,523,MABBOB_523,0.6787363566441761,0.08920616707481796,BASELINE
modde_lshade,-100,741,5,741,MABBOB_741,0.12671996933737878,0.1499316338204238,BASELINE
modcma_bipop,-100,991,5,991,MABBOB_991,0.021531494900070263,0.02099850861155852,BASELINE
ng_DiagonalCMA,-100,423,5,423,MABBOB_423,0.19852494705584883,0.046514115018799033,BASELINE
ng_OnePlusOne,-100,101,5,101,MABBOB_101,0.1492284823324064,0.046594551480839706,BASELINE
ng_DE,-100,44,5,44,MABBOB_44,0.10110132569263983,0.09916170737124314,BASELINE
modde_lshade,-100,203,5,203,MABBOB_203,0.18221471938342884,0.13635646469868035,BASELINE
modcma_bipop,-100,943,5,943,MABBOB_943,0.11411276956927523,0.04363050144303839,BASELINE
ng_DE,-100,99,5,99,MABBOB_99,0.26938830958578935,0.14525167590051652,BASELINE
ng_OnePlusOne,-100,115,5,115,MABBOB_115,0.20748595340775547,0.10651350482856457,BASELINE
ng_DE,-100,566,5,566,MABBOB_566,0.1071012128836198,0.017963617045335757,BASELINE
ng_OnePlusOne,-100,608,5,608,MABBOB_608,0.1537224522351755,0.05085753820572963,BASELINE
ng_Powell,-100,878,5,878,MABBOB_878,0.15370639737708974,0.0,BASELINE
modde_base,-100,147,5,147,MABBOB_147,0.1318412572976311,0.07661770323299591,BASELINE
ng_Powell,-100,451,5,451,MABBOB_451,0.2746658172748384,0.0,BASELINE
ng_Powell,-100,423,5,423,MABBOB_423,0.3589237463214085,0.0,BASELINE
modcma_bipop,-100,404,5,404,MABBOB_404,0.031113131902339247,0.013386289426485894,BASELINE
modde_lshade,-100,836,5,836,MABBOB_836,0.26026397241826515,0.13538484063647285,BASELINE
ng_Powell,-100,687,5,687,MABBOB_687,0.2200242032627528,0.0,BASELINE
modde_lshade,-100,396,5,396,MABBOB_396,0.14066936922083512,0.0797622974255827,BASELINE
ng_DE,-100,284,5,284,MABBOB_284,0.07861455757652805,0.0754456874981545,BASELINE
ng_DiagonalCMA,-100,691,5,691,MABBOB_691,0.07971826501136343,0.047876933146669326,BASELINE
ng_MultiBFGS,-100,215,5,215,MABBOB_215,0.6078908202686597,0.2566219277315158,BASELINE
ng_OnePlusOne,-100,494,5,494,MABBOB_494,0.10525500295534507,0.03099633400083008,BASELINE
modcma_base,-100,166,5,166,MABBOB_166,0.031989876354276234,0.006865800447415175,BASELINE
modde_lshade,-100,609,5,609,MABBOB_609,0.17863821226108592,0.10224313872161217,BASELINE
modde_base,-100,812,5,812,MABBOB_812,0.06370134116019752,0.023940973297106295,BASELINE
modde_lshade,-100,646,5,646,MABBOB_646,0.1060531078166084,0.06679294468826796,BASELINE
ng_OnePlusOne,-100,538,5,538,MABBOB_538,0.08958394905687866,0.024773474491005875,BASELINE
modde_base,-100,33,5,33,MABBOB_33,0.19293254171864155,0.16826228895594025,BASELINE
modde_lshade,-100,943,5,943,MABBOB_943,0.30945631031524745,0.06321251663373714,BASELINE
ng_Powell,-100,502,5,502,MABBOB_502,0.7227715831078773,0.0,BASELINE
ng_MultiBFGS,-100,348,5,348,MABBOB_348,0.7915273658793403,0.14151900103559295,BASELINE
modcma_bipop,-100,407,5,407,MABBOB_407,0.05606887131120321,0.03426389965219957,BASELINE
ng_DiagonalCMA,-100,491,5,491,MABBOB_491,0.31698878592487234,0.11096743317890093,BASELINE
modcma_base,-100,413,5,413,MABBOB_413,0.2263591410915641,0.11507578570132004,BASELINE
modcma_base,-100,740,5,740,MABBOB_740,0.06859320533352545,0.04648009325174527,BASELINE
modde_lshade,-100,954,5,954,MABBOB_954,0.14058970933717257,0.2007235146149062,BASELINE
modde_lshade,-100,190,5,190,MABBOB_190,0.031169036710759317,0.02481877088517838,BASELINE
ng_OnePlusOne,-100,508,5,508,MABBOB_508,0.1748512036687846,0.08615061578496108,BASELINE
ng_Powell,-100,161,5,161,MABBOB_161,0.13514345031377853,0.0,BASELINE
ng_OnePlusOne,-100,575,5,575,MABBOB_575,0.4289056346562008,0.1572785075651314,BASELINE
ng_MultiBFGS,-100,606,5,606,MABBOB_606,0.5855988199625551,0.12325599339366271,BASELINE
modde_base,-100,919,5,919,MABBOB_919,0.32632943452252106,0.18944521928642438,BASELINE
modcma_base,-100,407,5,407,MABBOB_407,0.05606887131120321,0.03426389965219957,BASELINE
ng_DE,-100,855,5,855,MABBOB_855,0.052068498381453,0.027593319241856883,BASELINE
modcma_base,-100,67,5,67,MABBOB_67,0.06512353776448979,0.02214093983825819,BASELINE
modcma_bipop,-100,700,5,700,MABBOB_700,0.04872797291022541,0.0348087807214798,BASELINE
modde_lshade,-100,482,5,482,MABBOB_482,0.2764049792477439,0.05445965068551381,BASELINE
modde_base,-100,388,5,388,MABBOB_388,0.1209394299404221,0.06365077860986038,BASELINE
ng_MultiBFGS,-100,445,5,445,MABBOB_445,0.18779977492792413,0.22230053479866907,BASELINE
ng_DE,-100,359,5,359,MABBOB_359,0.30528553991438623,0.13268647274612994,BASELINE
ng_MultiBFGS,-100,706,5,706,MABBOB_706,0.7074743111419066,0.14025440631946035,BASELINE
modcma_bipop,-100,855,5,855,MABBOB_855,0.038852009123170675,0.014980827665365353,BASELINE
ng_DiagonalCMA,-100,176,5,176,MABBOB_176,0.35011810753267214,0.05551343964562809,BASELINE
ng_Powell,-100,887,5,887,MABBOB_887,0.34202514707255577,0.0,BASELINE
mealpy_SADE,-100,943,5,943,MABBOB_943,0.36323643848347614,0.0764847225477212,MEALPY
mealpy_BaseVCS,-100,418,5,418,MABBOB_418,0.17987915404936292,0.16991333176826542,MEALPY
mealpy_L_SHADE,-100,182,5,182,MABBOB_182,0.12538214312297202,0.016675807739927606,MEALPY
mealpy_LevyES,-100,964,5,964,MABBOB_964,0.24480000487288667,0.100984232162103,MEALPY
mealpy_JADE,-100,556,5,556,MABBOB_556,0.041656162869490046,0.013252933733767099,MEALPY
mealpy_L_SHADE,-100,862,5,862,MABBOB_862,0.18781751360191026,0.17855564037192487,MEALPY
mealpy_L_SHADE,-100,461,5,461,MABBOB_461,0.04979170849869162,0.01862088439262932,MEALPY
mealpy_LevyES,-100,763,5,763,MABBOB_763,0.04500852315600358,0.0154972642412678,MEALPY
mealpy_JADE,-100,746,5,746,MABBOB_746,0.16819598948099534,0.030642062587307412,MEALPY
mealpy_OriginalTWO,-100,609,5,609,MABBOB_609,0.18679799346152556,0.09900818892048295,MEALPY
mealpy_OriginalSARO,-100,592,5,592,MABBOB_592,0.36408761982337956,0.13803675811985325,MEALPY
mealpy_SADE,-100,569,5,569,MABBOB_569,0.12285753266403432,0.048888238665905866,MEALPY
mealpy_BaseVCS,-100,257,5,257,MABBOB_257,0.12219133341209694,0.05695238545733133,MEALPY
mealpy_OriginalSARO,-100,766,5,766,MABBOB_766,0.05699308242266717,0.023120974304159107,MEALPY
mealpy_LevyES,-100,680,5,680,MABBOB_680,0.12092808955558373,0.047935725232988696,MEALPY
mealpy_OriginalSARO,-100,528,5,528,MABBOB_528,0.032437058666321836,0.024559168399908245,MEALPY
mealpy_SADE,-100,284,5,284,MABBOB_284,0.16050785041116386,0.13234002641219803,MEALPY
mealpy_BaseVCS,-100,396,5,396,MABBOB_396,0.174059776122732,0.10394016716452677,MEALPY
mealpy_BaseVCS,-100,677,5,677,MABBOB_677,0.13063176994044462,0.05101682487719106,MEALPY
mealpy_BaseVCS,-100,368,5,368,MABBOB_368,0.16440897999206,0.26568513299233054,MEALPY
mealpy_BaseVCS,-100,147,5,147,MABBOB_147,0.12732573907158717,0.08375556260324205,MEALPY
mealpy_SADE,-100,421,5,421,MABBOB_421,0.14407139167730695,0.07019057167929924,MEALPY
mealpy_OriginalSARO,-100,997,5,997,MABBOB_997,0.0994680243807121,0.07193378410497496,MEALPY
mealpy_BaseVCS,-100,558,5,558,MABBOB_558,0.19626949014086115,0.18578370164888497,MEALPY
mealpy_JADE,-100,182,5,182,MABBOB_182,0.11788994230723375,0.025921681858711545,MEALPY
mealpy_OriginalTWO,-100,34,5,34,MABBOB_34,0.10912130508091278,0.06906967258614005,MEALPY
mealpy_SADE,-100,536,5,536,MABBOB_536,0.2215643878086782,0.08396612505046391,MEALPY
mealpy_SADE,-100,993,5,993,MABBOB_993,0.15398203518245054,0.03387444299326358,MEALPY
mealpy_LevyES,-100,6,5,6,MABBOB_6,0.13906124815891321,0.03415385272838583,MEALPY
mealpy_L_SHADE,-100,445,5,445,MABBOB_445,0.08187186493392964,0.0192284918489716,MEALPY
mealpy_SADE,-100,558,5,558,MABBOB_558,0.11295891535124458,0.093555618040527,MEALPY
mealpy_L_SHADE,-100,1,5,1,MABBOB_1,0.016994403956429444,0.013765945581035324,MEALPY
mealpy_BaseVCS,-100,689,5,689,MABBOB_689,0.02390707781916467,0.013948380124108933,MEALPY
mealpy_OriginalSARO,-100,149,5,149,MABBOB_149,0.20358289299946505,0.08923960700368279,MEALPY
mealpy_OriginalSARO,-100,556,5,556,MABBOB_556,0.0426937950623011,0.01464050630162106,MEALPY
mealpy_JADE,-100,101,5,101,MABBOB_101,0.05439406420156563,0.04370863063459949,MEALPY
mealpy_OriginalSARO,-100,388,5,388,MABBOB_388,0.12548858052457132,0.07058616915723936,MEALPY
mealpy_JADE,-100,700,5,700,MABBOB_700,0.07338668603544903,0.06153860824398719,MEALPY
mealpy_OriginalTWO,-100,204,5,204,MABBOB_204,0.030917194339311182,0.01058949744377657,MEALPY
mealpy_OriginalSARO,-100,949,5,949,MABBOB_949,0.095615307717556,0.04399443797073496,MEALPY
mealpy_OriginalTWO,-100,348,5,348,MABBOB_348,0.032913520963187774,0.014309424888390852,MEALPY
mealpy_SADE,-100,162,5,162,MABBOB_162,0.10453956132915806,0.03439283443785314,MEALPY
mealpy_BaseVCS,-100,284,5,284,MABBOB_284,0.12008772480165761,0.08839176597204276,MEALPY
mealpy_BaseVCS,-100,519,5,519,MABBOB_519,0.2892469353615821,0.13787122967673432,MEALPY
mealpy_OriginalSARO,-100,680,5,680,MABBOB_680,0.1003028533060402,0.03263296612830216,MEALPY
mealpy_SADE,-100,783,5,783,MABBOB_783,0.13279088767059816,0.13014782947283726,MEALPY
mealpy_OriginalTWO,-100,763,5,763,MABBOB_763,0.0502632627379583,0.02980730921749097,MEALPY
mealpy_JADE,-100,221,5,221,MABBOB_221,0.1806392813082351,0.144291837670614,MEALPY
mealpy_JADE,-100,577,5,577,MABBOB_577,0.1595296021203379,0.05314176603408812,MEALPY
mealpy_OriginalSARO,-100,307,5,307,MABBOB_307,0.09797208756803126,0.10204493016808941,MEALPY
mealpy_SADE,-100,991,5,991,MABBOB_991,0.041035475273556776,0.02394070349014767,MEALPY
mealpy_L_SHADE,-100,761,5,761,MABBOB_761,0.09882361186779669,0.015170236412853897,MEALPY
mealpy_L_SHADE,-100,360,5,360,MABBOB_360,0.12865501086766018,0.10087230726523219,MEALPY
mealpy_L_SHADE,-100,423,5,423,MABBOB_423,0.10903848114445736,0.07896325904040662,MEALPY
mealpy_OriginalSARO,-100,852,5,852,MABBOB_852,0.07195942306592164,0.04483399993910736,MEALPY
mealpy_L_SHADE,-100,243,5,243,MABBOB_243,0.018054555211878105,0.010675599312376634,MEALPY
mealpy_L_SHADE,-100,192,5,192,MABBOB_192,0.0763600497718645,0.061535444336092565,MEALPY
mealpy_BaseVCS,-100,961,5,961,MABBOB_961,0.23339101554580863,0.13076600651541628,MEALPY
mealpy_OriginalSARO,-100,419,5,419,MABBOB_419,0.18131614183095407,0.12347142296102995,MEALPY
mealpy_JADE,-100,67,5,67,MABBOB_67,0.1721397341534397,0.12068595995771031,MEALPY
mealpy_LevyES,-100,782,5,782,MABBOB_782,0.15288999674609788,0.054340962859931084,MEALPY
mealpy_OriginalTWO,-100,772,5,772,MABBOB_772,0.3891528713198329,0.26603029806668593,MEALPY
mealpy_BaseVCS,-100,575,5,575,MABBOB_575,0.26421225770489104,0.14526057511830234,MEALPY
mealpy_OriginalSARO,-100,26,5,26,MABBOB_26,0.24952866530344414,0.37203450303421876,MEALPY
mealpy_OriginalSARO,-100,577,5,577,MABBOB_577,0.17454656994203085,0.0947392282593325,MEALPY
mealpy_SADE,-100,144,5,144,MABBOB_144,0.14295343037625405,0.15441665179263916,MEALPY
mealpy_BaseVCS,-100,348,5,348,MABBOB_348,0.03259072677804198,0.014418120814646307,MEALPY
mealpy_LevyES,-100,24,5,24,MABBOB_24,0.16837378470866138,0.16613169051091098,MEALPY
mealpy_OriginalSARO,-100,830,5,830,MABBOB_830,0.2143267048542982,0.17996787833367048,MEALPY
mealpy_BaseVCS,-100,836,5,836,MABBOB_836,0.25331641077455064,0.17418237404654616,MEALPY
mealpy_JADE,-100,911,5,911,MABBOB_911,0.32136239758823204,0.24714820408624347,MEALPY
mealpy_LevyES,-100,739,5,739,MABBOB_739,0.06055086867370968,0.02851007681161024,MEALPY
mealpy_OriginalSARO,-100,335,5,335,MABBOB_335,0.07556142828379978,0.07431306497009514,MEALPY
mealpy_SADE,-100,700,5,700,MABBOB_700,0.0529670288104223,0.030997445491414963,MEALPY
mealpy_JADE,-100,747,5,747,MABBOB_747,0.11648842124890726,0.10765559278912652,MEALPY
mealpy_BaseVCS,-100,476,5,476,MABBOB_476,0.4628889997687516,0.11306426102917977,MEALPY
mealpy_LevyES,-100,257,5,257,MABBOB_257,0.12465605184161654,0.0970136372823634,MEALPY
mealpy_BaseVCS,-100,107,5,107,MABBOB_107,0.0606307771848182,0.0176789473989139,MEALPY
mealpy_L_SHADE,-100,266,5,266,MABBOB_266,0.4500073697272092,0.31939933103600693,MEALPY
mealpy_L_SHADE,-100,203,5,203,MABBOB_203,0.16194985347904384,0.09687358672422057,MEALPY
mealpy_SADE,-100,646,5,646,MABBOB_646,0.13440397343931004,0.09377837514556057,MEALPY
mealpy_SADE,-100,371,5,371,MABBOB_371,0.1669741066647718,0.12031285865114469,MEALPY
mealpy_OriginalTWO,-100,103,5,103,MABBOB_103,0.12592733642524728,0.07078934437532997,MEALPY
mealpy_LevyES,-100,759,5,759,MABBOB_759,0.3259073430071231,0.0851571620723832,MEALPY
mealpy_BaseVCS,-100,922,5,922,MABBOB_922,0.30736615915844834,0.09466064862121368,MEALPY
mealpy_L_SHADE,-100,74,5,74,MABBOB_74,0.023962703654964935,0.01145177969973604,MEALPY
mealpy_OriginalTWO,-100,556,5,556,MABBOB_556,0.0484354878182255,0.01850971195686849,MEALPY
mealpy_BaseVCS,-100,482,5,482,MABBOB_482,0.23727768971526766,0.05266799853936444,MEALPY
mealpy_L_SHADE,-100,33,5,33,MABBOB_33,0.1730001754005269,0.17257407799870977,MEALPY
mealpy_OriginalSARO,-100,329,5,329,MABBOB_329,0.12709808916102958,0.11313420024336591,MEALPY
mealpy_JADE,-100,161,5,161,MABBOB_161,0.14271223386727547,0.03864462585669388,MEALPY
mealpy_L_SHADE,-100,329,5,329,MABBOB_329,0.13314581065743145,0.12121917825487136,MEALPY
mealpy_SADE,-100,305,5,305,MABBOB_305,0.18458836293098693,0.08547725953104983,MEALPY
mealpy_SADE,-100,423,5,423,MABBOB_423,0.09973766035101114,0.07102422724330007,MEALPY
mealpy_JADE,-100,740,5,740,MABBOB_740,0.15461605062117106,0.13519388637356314,MEALPY
mealpy_SADE,-100,766,5,766,MABBOB_766,0.045821501122646754,0.013241768447058752,MEALPY
mealpy_BaseVCS,-100,176,5,176,MABBOB_176,0.3138100763486841,0.1541766494319127,MEALPY
mealpy_SADE,-100,878,5,878,MABBOB_878,0.15808334761036763,0.042545988951366645,MEALPY
mealpy_BaseVCS,-100,830,5,830,MABBOB_830,0.19543785440200706,0.14319359824288033,MEALPY
mealpy_OriginalTWO,-100,346,5,346,MABBOB_346,0.07318872547365494,0.07381193391431835,MEALPY
mealpy_L_SHADE,-100,618,5,618,MABBOB_618,0.1849700526841975,0.06217601378103396,MEALPY
mealpy_LevyES,-100,769,5,769,MABBOB_769,0.19287747849375564,0.19952140156867557,MEALPY
mealpy_OriginalSARO,-100,6,5,6,MABBOB_6,0.1509979443330312,0.01693895812066938,MEALPY
mealpy_LevyES,-100,975,5,975,MABBOB_975,0.1573460139033535,0.07641846199059549,MEALPY
mealpy_JADE,-100,862,5,862,MABBOB_862,0.14028062734745944,0.11432185193056853,MEALPY
mealpy_BaseVCS,-100,466,5,466,MABBOB_466,0.1897722934293711,0.05449800733957974,MEALPY
mealpy_JADE,-100,943,5,943,MABBOB_943,0.28144996592431093,0.056982016899058095,MEALPY
mealpy_JADE,-100,677,5,677,MABBOB_677,0.12798786405799317,0.055291504531288956,MEALPY
mealpy_BaseVCS,-100,812,5,812,MABBOB_812,0.04801980861005476,0.01421062335921772,MEALPY
mealpy_LevyES,-100,177,5,177,MABBOB_177,0.1031778164448687,0.05058224866544928,MEALPY
mealpy_LevyES,-100,586,5,586,MABBOB_586,0.15976822843724606,0.086602470551787,MEALPY
mealpy_L_SHADE,-100,769,5,769,MABBOB_769,0.1451693333075152,0.13467390077153663,MEALPY
mealpy_OriginalSARO,-100,74,5,74,MABBOB_74,0.024496718637042583,0.012055691409116456,MEALPY
mealpy_L_SHADE,-100,646,5,646,MABBOB_646,0.10319292289016721,0.07163955804354583,MEALPY
mealpy_BaseVCS,-100,335,5,335,MABBOB_335,0.07582963926268022,0.08208590685272518,MEALPY
mealpy_LevyES,-100,188,5,188,MABBOB_188,0.10310792813153732,0.05675886620034777,MEALPY
mealpy_OriginalTWO,-100,190,5,190,MABBOB_190,0.031187765692245455,0.024632047636126076,MEALPY
mealpy_JADE,-100,361,5,361,MABBOB_361,0.39435368769327667,0.20438050558272935,MEALPY
mealpy_JADE,-100,761,5,761,MABBOB_761,0.08730765176889806,0.0031351279007996863,MEALPY
mealpy_LevyES,-100,15,5,15,MABBOB_15,0.12513233303291788,0.1252231303861769,MEALPY
mealpy_OriginalSARO,-100,115,5,115,MABBOB_115,0.22122620688911745,0.1662974992272233,MEALPY
mealpy_LevyES,-100,901,5,901,MABBOB_901,0.13934775206124472,0.11023269412081144,MEALPY
mealpy_L_SHADE,-100,657,5,657,MABBOB_657,0.3935688640659212,0.08345532332910505,MEALPY
mealpy_L_SHADE,-100,424,5,424,MABBOB_424,0.1403447303140193,0.11991984753905317,MEALPY
mealpy_OriginalTWO,-100,62,5,62,MABBOB_62,0.3336270671092605,0.133625190811533,MEALPY
mealpy_JADE,-100,33,5,33,MABBOB_33,0.142390594965701,0.10462618969742035,MEALPY
mealpy_OriginalSARO,-100,565,5,565,MABBOB_565,0.053404912973707086,0.0466460015626357,MEALPY
mealpy_JADE,-100,170,5,170,MABBOB_170,0.040421149591732625,0.026143609602517763,MEALPY
mealpy_SADE,-100,618,5,618,MABBOB_618,0.19986071238984993,0.0559858262381932,MEALPY
mealpy_LevyES,-100,691,5,691,MABBOB_691,0.014337578919334116,0.008247419200283983,MEALPY
mealpy_L_SHADE,-100,662,5,662,MABBOB_662,0.1418646249550058,0.10440348127352533,MEALPY
mealpy_SADE,-100,373,5,373,MABBOB_373,0.24808731513487575,0.2686853037611631,MEALPY
mealpy_SADE,-100,333,5,333,MABBOB_333,0.022210935122652077,0.010418619415371163,MEALPY
mealpy_LevyES,-100,618,5,618,MABBOB_618,0.1945919098730102,0.08122719546661056,MEALPY
mealpy_LevyES,-100,204,5,204,MABBOB_204,0.07290551983292967,0.04253319284874175,MEALPY
mealpy_OriginalTWO,-100,906,5,906,MABBOB_906,0.0329895062908369,0.023206707724633284,MEALPY
mealpy_BaseVCS,-100,220,5,220,MABBOB_220,0.32467308365582886,0.20341796956333127,MEALPY
mealpy_L_SHADE,-100,492,5,492,MABBOB_492,0.0991901632844065,0.10841381034280477,MEALPY
mealpy_SADE,-100,61,5,61,MABBOB_61,0.13884061155443522,0.03677325188136168,MEALPY
mealpy_JADE,-100,798,5,798,MABBOB_798,0.28755727279629634,0.11449577014516446,MEALPY
mealpy_BaseVCS,-100,170,5,170,MABBOB_170,0.05260045119994644,0.03661519681281355,MEALPY
mealpy_JADE,-100,528,5,528,MABBOB_528,0.03262172332892283,0.0268421806385334,MEALPY
mealpy_L_SHADE,-100,566,5,566,MABBOB_566,0.1724191589771844,0.03828429718490086,MEALPY
mealpy_JADE,-100,88,5,88,MABBOB_88,0.03159587114613395,0.007389910784694291,MEALPY
mealpy_OriginalSARO,-100,333,5,333,MABBOB_333,0.02204859804089623,0.010156925196876394,MEALPY
mealpy_OriginalTWO,-100,811,5,811,MABBOB_811,0.06462762032003751,0.021102915588059927,MEALPY
mealpy_OriginalTWO,-100,424,5,424,MABBOB_424,0.1348076162703115,0.09696417436083746,MEALPY
mealpy_OriginalTWO,-100,657,5,657,MABBOB_657,0.3801352446862873,0.08566473334147515,MEALPY
mealpy_OriginalSARO,-100,836,5,836,MABBOB_836,0.2654852042185981,0.17720004162157763,MEALPY
mealpy_L_SHADE,-100,405,5,405,MABBOB_405,0.1244687327561956,0.04539834063579269,MEALPY
mealpy_OriginalSARO,-100,413,5,413,MABBOB_413,0.18274058694856327,0.14592089155392254,MEALPY
mealpy_SADE,-100,348,5,348,MABBOB_348,0.0327641598340699,0.014797408153353786,MEALPY
mealpy_OriginalTWO,-100,606,5,606,MABBOB_606,0.24936129596429962,0.07608184565251076,MEALPY
mealpy_OriginalTWO,-100,105,5,105,MABBOB_105,0.21827205799400176,0.12018954923201898,MEALPY
mealpy_LevyES,-100,115,5,115,MABBOB_115,0.17780189274511832,0.09805066839565246,MEALPY
mealpy_LevyES,-100,773,5,773,MABBOB_773,0.395412679258111,0.27711984083909763,MEALPY
mealpy_SADE,-100,811,5,811,MABBOB_811,0.06877237402578332,0.02199081625605478,MEALPY
mealpy_SADE,-100,456,5,456,MABBOB_456,0.016544797285809033,0.007127910795138042,MEALPY
mealpy_SADE,-100,212,5,212,MABBOB_212,0.09355458502913412,0.08941293541266959,MEALPY
mealpy_BaseVCS,-100,387,5,387,MABBOB_387,0.04047583670237022,0.048517675726058515,MEALPY
mealpy_SADE,-100,761,5,761,MABBOB_761,0.09729439934042663,0.010470831266540744,MEALPY
mealpy_BaseVCS,-100,421,5,421,MABBOB_421,0.10752541129991736,0.06106009174559662,MEALPY
mealpy_OriginalTWO,-100,494,5,494,MABBOB_494,0.06994724940976078,0.07549254217813714,MEALPY
mealpy_OriginalSARO,-100,215,5,215,MABBOB_215,0.22136205964936786,0.1394645482142284,MEALPY
mealpy_LevyES,-100,451,5,451,MABBOB_451,0.09503091967319548,0.12528377934796994,MEALPY
mealpy_OriginalSARO,-100,1,5,1,MABBOB_1,0.01710013495331133,0.013795899049289243,MEALPY
mealpy_BaseVCS,-100,772,5,772,MABBOB_772,0.3829110491418713,0.24945205016947478,MEALPY
mealpy_OriginalTWO,-100,217,5,217,MABBOB_217,0.20734102503903049,0.1052727734781772,MEALPY
mealpy_OriginalSARO,-100,451,5,451,MABBOB_451,0.024892246980203682,0.022016325143703323,MEALPY
mealpy_OriginalTWO,-100,555,5,555,MABBOB_555,0.19026408354293547,0.08384236332914559,MEALPY
mealpy_BaseVCS,-100,565,5,565,MABBOB_565,0.06232430203491538,0.05927399205773341,MEALPY
mealpy_BaseVCS,-100,430,5,430,MABBOB_430,0.07519308432324398,0.08458409914649116,MEALPY
mealpy_JADE,-100,738,5,738,MABBOB_738,0.21249702565649553,0.27822667230916626,MEALPY
mealpy_L_SHADE,-100,62,5,62,MABBOB_62,0.3536507461312138,0.1683253221570463,MEALPY
mealpy_BaseVCS,-100,700,5,700,MABBOB_700,0.07297287543772205,0.05990817195580037,MEALPY
mealpy_SADE,-100,852,5,852,MABBOB_852,0.06447454509659369,0.038611378017966054,MEALPY
mealpy_SADE,-100,898,5,898,MABBOB_898,0.07526778475230275,0.10548937551317904,MEALPY
mealpy_SADE,-100,950,5,950,MABBOB_950,0.12938316584896603,0.05084560030586891,MEALPY
mealpy_L_SHADE,-100,400,5,400,MABBOB_400,0.4388495230752659,0.04451430881428291,MEALPY
mealpy_L_SHADE,-100,204,5,204,MABBOB_204,0.037135271324300424,0.012157004240788262,MEALPY
mealpy_LevyES,-100,144,5,144,MABBOB_144,0.19592691329964923,0.25487952910378975,MEALPY
mealpy_LevyES,-100,855,5,855,MABBOB_855,0.06181075216811516,0.052603993941237416,MEALPY
mealpy_LevyES,-100,954,5,954,MABBOB_954,0.14022153236532126,0.20466443913656385,MEALPY
mealpy_BaseVCS,-100,177,5,177,MABBOB_177,0.04924138405582782,0.031280473043132674,MEALPY
mealpy_LevyES,-100,335,5,335,MABBOB_335,0.06934881098641407,0.060884876086301394,MEALPY
mealpy_BaseVCS,-100,965,5,965,MABBOB_965,0.29316498703688515,0.09895283613063172,MEALPY
mealpy_L_SHADE,-100,677,5,677,MABBOB_677,0.1920071596409137,0.09972465607376894,MEALPY
mealpy_BaseVCS,-100,773,5,773,MABBOB_773,0.3641556185157373,0.20938389664179302,MEALPY
mealpy_LevyES,-100,810,5,810,MABBOB_810,0.1186783622822146,0.12704096809173568,MEALPY
mealpy_JADE,-100,688,5,688,MABBOB_688,0.11765237110244034,0.07657415977587435,MEALPY
mealpy_OriginalSARO,-100,445,5,445,MABBOB_445,0.0794356959112408,0.020131095350523917,MEALPY
mealpy_LevyES,-100,830,5,830,MABBOB_830,0.2537420561614604,0.20863546003760744,MEALPY
mealpy_SADE,-100,418,5,418,MABBOB_418,0.16002938765045457,0.15292959796719532,MEALPY
mealpy_L_SHADE,-100,608,5,608,MABBOB_608,0.3736658879440521,0.16859937237423622,MEALPY
mealpy_SADE,-100,491,5,491,MABBOB_491,0.21212735503785857,0.1526167222476678,MEALPY
mealpy_OriginalTWO,-100,492,5,492,MABBOB_492,0.0996785392426086,0.12075275190996476,MEALPY
mealpy_OriginalSARO,-100,207,5,207,MABBOB_207,0.335278332594153,0.07102982306669473,MEALPY
mealpy_JADE,-100,844,5,844,MABBOB_844,0.11258791477133254,0.09295158695795963,MEALPY
mealpy_BaseVCS,-100,782,5,782,MABBOB_782,0.16295552272712602,0.08660191452131007,MEALPY
mealpy_OriginalSARO,-100,266,5,266,MABBOB_266,0.46308166882601415,0.3227256366314758,MEALPY
mealpy_LevyES,-100,88,5,88,MABBOB_88,0.07761691212827523,0.058846666287997416,MEALPY
mealpy_SADE,-100,430,5,430,MABBOB_430,0.07818913246974805,0.07371377176720123,MEALPY
mealpy_JADE,-100,423,5,423,MABBOB_423,0.09442097170613539,0.06937290388897291,MEALPY
mealpy_LevyES,-100,34,5,34,MABBOB_34,0.13538282089762674,0.11394003949650061,MEALPY
mealpy_SADE,-100,795,5,795,MABBOB_795,0.22672186120507404,0.10070222755947328,MEALPY
mealpy_BaseVCS,-100,327,5,327,MABBOB_327,0.16375616426287692,0.09512744809720972,MEALPY
mealpy_JADE,-100,662,5,662,MABBOB_662,0.14605703085322772,0.11070273496848694,MEALPY
mealpy_SADE,-100,8,5,8,MABBOB_8,0.14190029332856174,0.05552646994876466,MEALPY
mealpy_OriginalTWO,-100,88,5,88,MABBOB_88,0.029835214656552433,0.007062968322684861,MEALPY
mealpy_LevyES,-100,423,5,423,MABBOB_423,0.111295460266536,0.0801784980737507,MEALPY
mealpy_LevyES,-100,33,5,33,MABBOB_33,0.19956953667399083,0.20309540997882486,MEALPY
mealpy_BaseVCS,-100,844,5,844,MABBOB_844,0.12961960012660675,0.13837044922035377,MEALPY
mealpy_JADE,-100,766,5,766,MABBOB_766,0.04291062571203248,0.012211911475102541,MEALPY
mealpy_BaseVCS,-100,6,5,6,MABBOB_6,0.1765921702804749,0.03942286907375196,MEALPY
mealpy_OriginalSARO,-100,922,5,922,MABBOB_922,0.33751217859482835,0.11324227483818029,MEALPY
mealpy_OriginalTWO,-100,911,5,911,MABBOB_911,0.35471243628503407,0.28241184202409614,MEALPY
mealpy_OriginalSARO,-100,415,5,415,MABBOB_415,0.31026212303984624,0.2903568727883807,MEALPY
mealpy_L_SHADE,-100,922,5,922,MABBOB_922,0.32094902038131634,0.059675688193839234,MEALPY
mealpy_BaseVCS,-100,24,5,24,MABBOB_24,0.0630093089890476,0.04205278544267565,MEALPY
mealpy_L_SHADE,-100,390,5,390,MABBOB_390,0.02667285982699207,0.022099309556904055,MEALPY
mealpy_JADE,-100,870,5,870,MABBOB_870,0.1280549990430671,0.11282107566005543,MEALPY
mealpy_LevyES,-100,911,5,911,MABBOB_911,0.3330704887006899,0.2696923720912398,MEALPY
mealpy_BaseVCS,-100,188,5,188,MABBOB_188,0.10045258007347158,0.0654158032204034,MEALPY
mealpy_BaseVCS,-100,405,5,405,MABBOB_405,0.13791843113323302,0.06965845399810434,MEALPY
mealpy_BaseVCS,-100,687,5,687,MABBOB_687,0.3590163252955778,0.2855175208913765,MEALPY
mealpy_BaseVCS,-100,44,5,44,MABBOB_44,0.08051049931703541,0.052722574677764915,MEALPY
mealpy_L_SHADE,-100,528,5,528,MABBOB_528,0.03030882938423237,0.024700869181462897,MEALPY
mealpy_OriginalSARO,-100,367,5,367,MABBOB_367,0.25634018077971843,0.190887811977225,MEALPY
mealpy_OriginalTWO,-100,608,5,608,MABBOB_608,0.35649566644295927,0.19842944487008907,MEALPY
mealpy_JADE,-100,827,5,827,MABBOB_827,0.15795772095125296,0.06418751241798944,MEALPY
mealpy_L_SHADE,-100,639,5,639,MABBOB_639,0.127947085145485,0.05125613778547463,MEALPY
mealpy_OriginalTWO,-100,107,5,107,MABBOB_107,0.07473714003074464,0.04845094745376407,MEALPY
mealpy_OriginalSARO,-100,618,5,618,MABBOB_618,0.184567831322447,0.05895089128812949,MEALPY
mealpy_BaseVCS,-100,502,5,502,MABBOB_502,0.10972819777239826,0.0308876749452384,MEALPY
mealpy_OriginalSARO,-100,531,5,531,MABBOB_531,0.1711064772898781,0.0795977297558155,MEALPY
mealpy_JADE,-100,795,5,795,MABBOB_795,0.20544262256674503,0.09760293773771424,MEALPY
mealpy_SADE,-100,40,5,40,MABBOB_40,0.06780812455674956,0.05830988695409685,MEALPY
mealpy_OriginalSARO,-100,461,5,461,MABBOB_461,0.05704010022551627,0.03696513589393614,MEALPY
mealpy_BaseVCS,-100,491,5,491,MABBOB_491,0.21700490895211405,0.18506552881393845,MEALPY
mealpy_OriginalTWO,-100,268,5,268,MABBOB_268,0.29783321766073634,0.04468963687296584,MEALPY
mealpy_JADE,-100,350,5,350,MABBOB_350,0.08183658032014317,0.056603918279169864,MEALPY
mealpy_OriginalSARO,-100,15,5,15,MABBOB_15,0.1354554116601619,0.14505708183105084,MEALPY
mealpy_OriginalSARO,-100,163,5,163,MABBOB_163,0.02810648046444659,0.01151834746788003,MEALPY
mealpy_BaseVCS,-100,166,5,166,MABBOB_166,0.1493505945726572,0.03976897807943475,MEALPY
mealpy_LevyES,-100,101,5,101,MABBOB_101,0.06166195997115701,0.048870336175193665,MEALPY
mealpy_LevyES,-100,798,5,798,MABBOB_798,0.32042992940876164,0.13126277133125036,MEALPY
mealpy_BaseVCS,-100,99,5,99,MABBOB_99,0.27783901972236,0.15706862317075393,MEALPY
mealpy_LevyES,-100,430,5,430,MABBOB_430,0.06798679269751755,0.054490420330517174,MEALPY
mealpy_SADE,-100,344,5,344,MABBOB_344,0.042640051407791035,0.015503875986778954,MEALPY
mealpy_L_SHADE,-100,113,5,113,MABBOB_113,0.11542376421647949,0.08662168533908472,MEALPY
mealpy_JADE,-100,264,5,264,MABBOB_264,0.11516556334443487,0.06211824723893872,MEALPY
mealpy_OriginalTWO,-100,405,5,405,MABBOB_405,0.1315199625291046,0.053468461955849034,MEALPY
mealpy_OriginalTWO,-100,15,5,15,MABBOB_15,0.14406108161668466,0.14420967723144984,MEALPY
mealpy_JADE,-100,639,5,639,MABBOB_639,0.1405881294437907,0.06451247014175261,MEALPY
mealpy_SADE,-100,350,5,350,MABBOB_350,0.0839309214600449,0.05760967960760988,MEALPY
mealpy_SADE,-100,461,5,461,MABBOB_461,0.055685970383912806,0.027552693210798517,MEALPY
mealpy_LevyES,-100,848,5,848,MABBOB_848,0.44972594083925294,0.24585798788505575,MEALPY
mealpy_OriginalSARO,-100,270,5,270,MABBOB_270,0.2741927219416267,0.19046689150522153,MEALPY
mealpy_JADE,-100,2,5,2,MABBOB_2,0.248067835303517,0.2724346307307399,MEALPY
mealpy_JADE,-100,461,5,461,MABBOB_461,0.06170544775525468,0.030226793376569767,MEALPY
mealpy_BaseVCS,-100,810,5,810,MABBOB_810,0.08925555497581356,0.07215552442439455,MEALPY
mealpy_OriginalSARO,-100,101,5,101,MABBOB_101,0.055832199841290064,0.04286719840741288,MEALPY
mealpy_BaseVCS,-100,811,5,811,MABBOB_811,0.06656589305671926,0.020448882296758474,MEALPY
mealpy_OriginalTWO,-100,961,5,961,MABBOB_961,0.2937992519695055,0.1924523963585763,MEALPY
mealpy_OriginalSARO,-100,246,5,246,MABBOB_246,0.10796121535433509,0.1009849338647517,MEALPY
mealpy_LevyES,-100,203,5,203,MABBOB_203,0.18459585783533147,0.09643031260528914,MEALPY
mealpy_LevyES,-100,51,5,51,MABBOB_51,0.0371875465399272,0.015443312936877741,MEALPY
mealpy_LevyES,-100,147,5,147,MABBOB_147,0.10866655217344315,0.07126083018765898,MEALPY
mealpy_BaseVCS,-100,26,5,26,MABBOB_26,0.20733124013885038,0.3001307138909812,MEALPY
mealpy_JADE,-100,317,5,317,MABBOB_317,0.08665580187154984,0.03845365722211725,MEALPY
mealpy_L_SHADE,-100,440,5,440,MABBOB_440,0.04728291385734153,0.03246655053669605,MEALPY
mealpy_BaseVCS,-100,691,5,691,MABBOB_691,0.01704164750318971,0.013887402047320495,MEALPY
mealpy_L_SHADE,-100,15,5,15,MABBOB_15,0.12750448167964085,0.12182390290220274,MEALPY
mealpy_OriginalTWO,-100,40,5,40,MABBOB_40,0.06784114084927532,0.07032450961788976,MEALPY
mealpy_OriginalTWO,-100,162,5,162,MABBOB_162,0.09770720207273625,0.024521489762402583,MEALPY
mealpy_SADE,-100,879,5,879,MABBOB_879,0.15035928079507832,0.2704407793359202,MEALPY
mealpy_OriginalSARO,-100,359,5,359,MABBOB_359,0.31721068325048424,0.07906112290297486,MEALPY
mealpy_OriginalSARO,-100,688,5,688,MABBOB_688,0.11670661892592644,0.07328606062496641,MEALPY
mealpy_JADE,-100,680,5,680,MABBOB_680,0.09557929561429872,0.019401805033925783,MEALPY
mealpy_BaseVCS,-100,192,5,192,MABBOB_192,0.0702243451213014,0.07734936473834172,MEALPY
mealpy_JADE,-100,759,5,759,MABBOB_759,0.34273103457624765,0.09892570038904534,MEALPY
mealpy_OriginalTWO,-100,466,5,466,MABBOB_466,0.21866868433188857,0.061136648936343754,MEALPY
mealpy_LevyES,-100,268,5,268,MABBOB_268,0.261053484820754,0.028818883197037307,MEALPY
mealpy_OriginalSARO,-100,891,5,891,MABBOB_891,0.5049931844606965,0.24207885422337247,MEALPY
mealpy_LevyES,-100,494,5,494,MABBOB_494,0.07104468742698955,0.0752886935724566,MEALPY
mealpy_JADE,-100,836,5,836,MABBOB_836,0.29208133233961286,0.2230537797238173,MEALPY
mealpy_L_SHADE,-100,264,5,264,MABBOB_264,0.12571349113172275,0.05406545111555841,MEALPY
mealpy_LevyES,-100,713,5,713,MABBOB_713,0.06445525391576203,0.06366953726001416,MEALPY
mealpy_LevyES,-100,330,5,330,MABBOB_330,0.2062102571967114,0.13995800730241392,MEALPY
mealpy_OriginalTWO,-100,756,5,756,MABBOB_756,0.28032858020017004,0.13099189815230752,MEALPY
mealpy_SADE,-100,181,5,181,MABBOB_181,0.03647790098118238,0.01831620989233364,MEALPY
mealpy_L_SHADE,-100,220,5,220,MABBOB_220,0.3920812143393964,0.2700235822579821,MEALPY
mealpy_JADE,-100,466,5,466,MABBOB_466,0.1848575493627678,0.02986720693539344,MEALPY
mealpy_LevyES,-100,461,5,461,MABBOB_461,0.04529042696950619,0.021439318482797377,MEALPY
mealpy_OriginalTWO,-100,266,5,266,MABBOB_266,0.48162425545003906,0.33096322527367966,MEALPY
mealpy_L_SHADE,-100,144,5,144,MABBOB_144,0.16657885928005353,0.19128690243108945,MEALPY
mealpy_LevyES,-100,646,5,646,MABBOB_646,0.11593015433370726,0.07590289279274057,MEALPY
mealpy_OriginalTWO,-100,415,5,415,MABBOB_415,0.34849767492093553,0.33723198924708847,MEALPY
mealpy_BaseVCS,-100,390,5,390,MABBOB_390,0.026624805361018716,0.022093617598299198,MEALPY
mealpy_L_SHADE,-100,248,5,248,MABBOB_248,0.09112813896014466,0.14264782989484046,MEALPY
mealpy_JADE,-100,529,5,529,MABBOB_529,0.059152251024701195,0.02313173455176371,MEALPY
mealpy_JADE,-100,965,5,965,MABBOB_965,0.3265920552172682,0.09451218746923985,MEALPY
mealpy_SADE,-100,451,5,451,MABBOB_451,0.02176595449754158,0.01691255922898488,MEALPY
mealpy_LevyES,-100,305,5,305,MABBOB_305,0.17286842856793205,0.07019463855606922,MEALPY
mealpy_BaseVCS,-100,163,5,163,MABBOB_163,0.021038818681795503,0.005860831989030813,MEALPY
mealpy_SADE,-100,980,5,980,MABBOB_980,0.2505585239845209,0.13877192270367256,MEALPY
mealpy_JADE,-100,405,5,405,MABBOB_405,0.13104369744695457,0.06802157858847001,MEALPY
mealpy_OriginalTWO,-100,24,5,24,MABBOB_24,0.06286209038578387,0.04000641180900986,MEALPY
mealpy_L_SHADE,-100,327,5,327,MABBOB_327,0.233701670906798,0.162054855049316,MEALPY
mealpy_JADE,-100,327,5,327,MABBOB_327,0.22641760853297152,0.13454638982559572,MEALPY
mealpy_OriginalTWO,-100,855,5,855,MABBOB_855,0.052875504320240116,0.04082257261980106,MEALPY
mealpy_OriginalSARO,-100,739,5,739,MABBOB_739,0.04874986875806066,0.019588968433032452,MEALPY
mealpy_OriginalTWO,-100,275,5,275,MABBOB_275,0.23960773800062946,0.14602346274999717,MEALPY
mealpy_SADE,-100,688,5,688,MABBOB_688,0.12806966034558045,0.08785701638005633,MEALPY
mealpy_JADE,-100,6,5,6,MABBOB_6,0.12651494567939986,0.03603294604354463,MEALPY
mealpy_LevyES,-100,419,5,419,MABBOB_419,0.1855070863598909,0.13407748428801006,MEALPY
mealpy_JADE,-100,713,5,713,MABBOB_713,0.048963377186337205,0.03559409872670027,MEALPY
mealpy_L_SHADE,-100,44,5,44,MABBOB_44,0.07441940761843356,0.05214270741109751,MEALPY
mealpy_SADE,-100,687,5,687,MABBOB_687,0.30808397518818736,0.17574726613495542,MEALPY
mealpy_OriginalTWO,-100,486,5,486,MABBOB_486,0.10024981029702154,0.04223839644953852,MEALPY
mealpy_L_SHADE,-100,891,5,891,MABBOB_891,0.3975008229179999,0.09999346064189862,MEALPY
mealpy_OriginalSARO,-100,118,5,118,MABBOB_118,0.11576807127002145,0.15064844119243653,MEALPY
mealpy_LevyES,-100,103,5,103,MABBOB_103,0.10742012886041027,0.04818865130677142,MEALPY
mealpy_JADE,-100,413,5,413,MABBOB_413,0.20342916913639986,0.17653420635803702,MEALPY
mealpy_BaseVCS,-100,333,5,333,MABBOB_333,0.022966587467189194,0.010536745328483206,MEALPY
mealpy_SADE,-100,713,5,713,MABBOB_713,0.05793385282785425,0.04829679588200094,MEALPY
mealpy_JADE,-100,646,5,646,MABBOB_646,0.09623088341269598,0.06551748986236516,MEALPY
mealpy_SADE,-100,360,5,360,MABBOB_360,0.1458871574320736,0.13291488174877006,MEALPY
mealpy_SADE,-100,107,5,107,MABBOB_107,0.059240031844185026,0.03636329472593899,MEALPY
mealpy_SADE,-100,922,5,922,MABBOB_922,0.35628411776865976,0.1199224323590187,MEALPY
mealpy_OriginalSARO,-100,24,5,24,MABBOB_24,0.1440123234690344,0.20289436370526398,MEALPY
mealpy_OriginalSARO,-100,911,5,911,MABBOB_911,0.36283365580058125,0.2813790358313969,MEALPY
mealpy_SADE,-100,482,5,482,MABBOB_482,0.25440867794873095,0.017928236712656306,MEALPY
mealpy_OriginalSARO,-100,348,5,348,MABBOB_348,0.03307570819186964,0.014742756071050956,MEALPY
mealpy_L_SHADE,-100,8,5,8,MABBOB_8,0.12971808388272787,0.06427292421254958,MEALPY
mealpy_OriginalTWO,-100,371,5,371,MABBOB_371,0.16244629000316516,0.11696164379325759,MEALPY
mealpy_SADE,-100,763,5,763,MABBOB_763,0.04799818181462619,0.030487856968918876,MEALPY
mealpy_OriginalTWO,-100,161,5,161,MABBOB_161,0.14414230283208834,0.06030205769219734,MEALPY
mealpy_BaseVCS,-100,116,5,116,MABBOB_116,0.06147290228372447,0.047099916862276194,MEALPY
mealpy_LevyES,-100,865,5,865,MABBOB_865,0.2103415108061572,0.18348350476739853,MEALPY
mealpy_LevyES,-100,123,5,123,MABBOB_123,0.15739875135531417,0.06666084098755777,MEALPY
mealpy_LevyES,-100,741,5,741,MABBOB_741,0.08586809031307377,0.07186035666919416,MEALPY
mealpy_LevyES,-100,421,5,421,MABBOB_421,0.230932808243505,0.2659490514730369,MEALPY
mealpy_L_SHADE,-100,695,5,695,MABBOB_695,0.06247244689856468,0.025711914256720373,MEALPY
mealpy_BaseVCS,-100,567,5,567,MABBOB_567,0.135700692499037,0.13457997802248825,MEALPY
mealpy_OriginalSARO,-100,203,5,203,MABBOB_203,0.17107905328653428,0.09159900687179175,MEALPY
mealpy_OriginalSARO,-100,575,5,575,MABBOB_575,0.40755216920093995,0.28204788912797885,MEALPY
mealpy_SADE,-100,33,5,33,MABBOB_33,0.20823815847044708,0.20215441630061975,MEALPY
mealpy_BaseVCS,-100,997,5,997,MABBOB_997,0.10006136674076013,0.06214038909855095,MEALPY
mealpy_OriginalTWO,-100,192,5,192,MABBOB_192,0.06120250164760963,0.04455823267387181,MEALPY
mealpy_JADE,-100,975,5,975,MABBOB_975,0.11455642900005206,0.06656725487244547,MEALPY
mealpy_BaseVCS,-100,746,5,746,MABBOB_746,0.17390379306738205,0.0210593361798246,MEALPY
mealpy_L_SHADE,-100,190,5,190,MABBOB_190,0.030696759784672255,0.0244437581879762,MEALPY
mealpy_L_SHADE,-100,97,5,97,MABBOB_97,0.08057057554722269,0.016802800627386077,MEALPY
mealpy_OriginalTWO,-100,1,5,1,MABBOB_1,0.016946605773371936,0.01364991600871928,MEALPY
mealpy_JADE,-100,982,5,982,MABBOB_982,0.020083246686206636,0.007252528008013071,MEALPY
mealpy_LevyES,-100,413,5,413,MABBOB_413,0.20616873318828938,0.1765718715431705,MEALPY
mealpy_OriginalSARO,-100,449,5,449,MABBOB_449,0.019824033833590615,0.008372132363135899,MEALPY
mealpy_LevyES,-100,259,5,259,MABBOB_259,0.0856524885801204,0.06188949705027146,MEALPY
mealpy_OriginalSARO,-100,33,5,33,MABBOB_33,0.20953441336925235,0.21789854334633835,MEALPY
mealpy_OriginalTWO,-100,575,5,575,MABBOB_575,0.40020778230620857,0.2202782042388691,MEALPY
mealpy_JADE,-100,62,5,62,MABBOB_62,0.30241047243379554,0.16078521742641408,MEALPY
mealpy_SADE,-100,349,5,349,MABBOB_349,0.25181826992083833,0.08712032839382408,MEALPY
mealpy_LevyES,-100,105,5,105,MABBOB_105,0.24450777687655187,0.13004920829200098,MEALPY
mealpy_L_SHADE,-100,812,5,812,MABBOB_812,0.06644850767674512,0.02946761817760328,MEALPY
mealpy_LevyES,-100,264,5,264,MABBOB_264,0.1393691943688794,0.08371336157634227,MEALPY
mealpy_OriginalTWO,-100,567,5,567,MABBOB_567,0.09949564142982636,0.06286594037932727,MEALPY
mealpy_OriginalSARO,-100,877,5,877,MABBOB_877,0.22271094372412598,0.16647472058971535,MEALPY
mealpy_LevyES,-100,190,5,190,MABBOB_190,0.028731231094100106,0.013865537109394354,MEALPY
mealpy_OriginalTWO,-100,989,5,989,MABBOB_989,0.07731573055952923,0.09973628294186092,MEALPY
mealpy_JADE,-100,558,5,558,MABBOB_558,0.0750474778899469,0.0381987048392339,MEALPY
mealpy_JADE,-100,919,5,919,MABBOB_919,0.2503964061971998,0.1433404620516683,MEALPY
mealpy_JADE,-100,149,5,149,MABBOB_149,0.17875620183287227,0.07157840801279064,MEALPY
mealpy_JADE,-100,123,5,123,MABBOB_123,0.08902132654904248,0.05561403544962662,MEALPY
mealpy_LevyES,-100,542,5,542,MABBOB_542,0.029950231552187567,0.023320644995281494,MEALPY
mealpy_OriginalTWO,-100,333,5,333,MABBOB_333,0.022425133604206164,0.010593780400660094,MEALPY
mealpy_LevyES,-100,44,5,44,MABBOB_44,0.09146394946615832,0.05538654549765714,MEALPY
mealpy_LevyES,-100,997,5,997,MABBOB_997,0.13875800891700713,0.09937319983839682,MEALPY
mealpy_JADE,-100,451,5,451,MABBOB_451,0.019063768206530374,0.013392100615009646,MEALPY
mealpy_OriginalTWO,-100,687,5,687,MABBOB_687,0.29835317575378334,0.16414081042595416,MEALPY
mealpy_OriginalTWO,-100,617,5,617,MABBOB_617,0.18646064387108835,0.1594230712779231,MEALPY
mealpy_JADE,-100,166,5,166,MABBOB_166,0.1368455908373346,0.06529328268626627,MEALPY
mealpy_SADE,-100,220,5,220,MABBOB_220,0.3755267554154949,0.2511969314205644,MEALPY
mealpy_OriginalSARO,-100,964,5,964,MABBOB_964,0.2134789470463752,0.08493066711056016,MEALPY
mealpy_OriginalTWO,-100,604,5,604,MABBOB_604,0.13427504295817277,0.147372520804746,MEALPY
mealpy_JADE,-100,491,5,491,MABBOB_491,0.18600719578266467,0.11084453967298341,MEALPY
mealpy_L_SHADE,-100,410,5,410,MABBOB_410,0.024684751347450278,0.019786523979425968,MEALPY
mealpy_LevyES,-100,317,5,317,MABBOB_317,0.08821568592266418,0.030149290292764433,MEALPY
mealpy_BaseVCS,-100,426,5,426,MABBOB_426,0.17287340697667952,0.12068940216775667,MEALPY
mealpy_LevyES,-100,609,5,609,MABBOB_609,0.214133338202312,0.136354016045417,MEALPY
mealpy_SADE,-100,689,5,689,MABBOB_689,0.02368881710601196,0.013563711246345292,MEALPY
mealpy_LevyES,-100,359,5,359,MABBOB_359,0.2996735494745807,0.11871171357983404,MEALPY
mealpy_LevyES,-100,528,5,528,MABBOB_528,0.04672632353389316,0.028861302379563063,MEALPY
mealpy_L_SHADE,-100,413,5,413,MABBOB_413,0.1830552079567918,0.1545384008705861,MEALPY
mealpy_OriginalSARO,-100,597,5,597,MABBOB_597,0.17516255633874134,0.0922371306136301,MEALPY
mealpy_SADE,-100,848,5,848,MABBOB_848,0.4344305670200764,0.23002930931835353,MEALPY
mealpy_JADE,-100,779,5,779,MABBOB_779,0.05970267197766273,0.04684848105025121,MEALPY
mealpy_L_SHADE,-100,388,5,388,MABBOB_388,0.12388460591268598,0.0686171765279437,MEALPY
mealpy_BaseVCS,-100,764,5,764,MABBOB_764,0.03309769621058592,0.021645427428496112,MEALPY
mealpy_OriginalSARO,-100,764,5,764,MABBOB_764,0.052141276227589475,0.04145323848012285,MEALPY
mealpy_BaseVCS,-100,464,5,464,MABBOB_464,0.17820545061420787,0.04433421429303327,MEALPY
mealpy_L_SHADE,-100,421,5,421,MABBOB_421,0.1251559983785918,0.0678978284193795,MEALPY
mealpy_OriginalTWO,-100,407,5,407,MABBOB_407,0.2827654289587519,0.2077220698765225,MEALPY
mealpy_OriginalSARO,-100,162,5,162,MABBOB_162,0.11510058984928118,0.023889106265440482,MEALPY
mealpy_SADE,-100,466,5,466,MABBOB_466,0.18373122086382326,0.0353679365163699,MEALPY
mealpy_LevyES,-100,529,5,529,MABBOB_529,0.06739904691276057,0.043631155302641014,MEALPY
mealpy_BaseVCS,-100,419,5,419,MABBOB_419,0.17906393691909034,0.12564012637582075,MEALPY
mealpy_OriginalSARO,-100,123,5,123,MABBOB_123,0.11774087817307093,0.0885607633177857,MEALPY
mealpy_BaseVCS,-100,162,5,162,MABBOB_162,0.1154087135764053,0.03498351119011384,MEALPY
mealpy_LevyES,-100,740,5,740,MABBOB_740,0.1552376593696791,0.1722310565582689,MEALPY
mealpy_SADE,-100,769,5,769,MABBOB_769,0.17193179135331652,0.1684739401766725,MEALPY
mealpy_L_SHADE,-100,147,5,147,MABBOB_147,0.13952063648995722,0.09573357271732037,MEALPY
mealpy_JADE,-100,260,5,260,MABBOB_260,0.27157615442450533,0.0714544339403357,MEALPY
mealpy_L_SHADE,-100,359,5,359,MABBOB_359,0.30718318914448633,0.03600849248025646,MEALPY
mealpy_BaseVCS,-100,878,5,878,MABBOB_878,0.17492708003916543,0.08558369296314722,MEALPY
mealpy_OriginalSARO,-100,862,5,862,MABBOB_862,0.19094896370607004,0.14583358023496745,MEALPY
mealpy_L_SHADE,-100,756,5,756,MABBOB_756,0.31527072292478636,0.203153214530368,MEALPY
mealpy_OriginalSARO,-100,268,5,268,MABBOB_268,0.26042028593810707,0.04523609500427395,MEALPY
mealpy_OriginalSARO,-100,783,5,783,MABBOB_783,0.11825604008177897,0.12124830565729519,MEALPY
mealpy_JADE,-100,8,5,8,MABBOB_8,0.1378609380610744,0.07098313652937203,MEALPY
mealpy_BaseVCS,-100,440,5,440,MABBOB_440,0.0405045349141986,0.02788455561448014,MEALPY
mealpy_JADE,-100,494,5,494,MABBOB_494,0.06277751332987933,0.06639620658518829,MEALPY
mealpy_OriginalSARO,-100,440,5,440,MABBOB_440,0.049585556421545066,0.03838025384308734,MEALPY
mealpy_LevyES,-100,170,5,170,MABBOB_170,0.03919188869200043,0.015038581584244141,MEALPY
mealpy_OriginalSARO,-100,811,5,811,MABBOB_811,0.06407827271804385,0.02132568143318641,MEALPY
mealpy_OriginalSARO,-100,671,5,671,MABBOB_671,0.16138430385034655,0.07019409390811832,MEALPY
mealpy_LevyES,-100,555,5,555,MABBOB_555,0.193771834602357,0.10534528437393874,MEALPY
mealpy_BaseVCS,-100,531,5,531,MABBOB_531,0.19607338011129283,0.10802302987617003,MEALPY
mealpy_SADE,-100,118,5,118,MABBOB_118,0.11422361111417216,0.15270760769724126,MEALPY
mealpy_L_SHADE,-100,604,5,604,MABBOB_604,0.13266613578588704,0.14064098913464432,MEALPY
mealpy_L_SHADE,-100,486,5,486,MABBOB_486,0.11064709039749746,0.06599065467978742,MEALPY
mealpy_SADE,-100,400,5,400,MABBOB_400,0.4658088607963168,0.07422483130199249,MEALPY
mealpy_OriginalTWO,-100,569,5,569,MABBOB_569,0.11784366715745727,0.06779022404257949,MEALPY
mealpy_OriginalSARO,-100,707,5,707,MABBOB_707,0.27093684229472315,0.1442211621640907,MEALPY
mealpy_BaseVCS,-100,144,5,144,MABBOB_144,0.20251738315774545,0.26069518181049656,MEALPY
mealpy_OriginalSARO,-100,773,5,773,MABBOB_773,0.33045450752034455,0.1472818077019519,MEALPY
mealpy_SADE,-100,116,5,116,MABBOB_116,0.06369979676873827,0.06187779676554779,MEALPY
mealpy_BaseVCS,-100,918,5,918,MABBOB_918,0.22401233344599997,0.06742057081532617,MEALPY
mealpy_OriginalSARO,-100,82,5,82,MABBOB_82,0.0827366799802482,0.022075436748917474,MEALPY
mealpy_BaseVCS,-100,556,5,556,MABBOB_556,0.04358512335250951,0.01239824815085231,MEALPY
mealpy_L_SHADE,-100,567,5,567,MABBOB_567,0.12976399509240907,0.0974652093621367,MEALPY
mealpy_OriginalTWO,-100,260,5,260,MABBOB_260,0.2787026619600412,0.09762317061711316,MEALPY
mealpy_SADE,-100,449,5,449,MABBOB_449,0.02095099600838861,0.010628358885453363,MEALPY
mealpy_OriginalSARO,-100,608,5,608,MABBOB_608,0.3712873714054023,0.21442052873962908,MEALPY
mealpy_LevyES,-100,217,5,217,MABBOB_217,0.20206090797673476,0.10685157610671225,MEALPY
mealpy_SADE,-100,609,5,609,MABBOB_609,0.18048262014858965,0.09019747792341526,MEALPY
mealpy_OriginalSARO,-100,855,5,855,MABBOB_855,0.044742868699752504,0.025362859830265025,MEALPY
mealpy_SADE,-100,657,5,657,MABBOB_657,0.38087233409006505,0.07331073856155865,MEALPY
mealpy_LevyES,-100,918,5,918,MABBOB_918,0.22591284776490433,0.060235133444757144,MEALPY
mealpy_LevyES,-100,779,5,779,MABBOB_779,0.0777525585989439,0.08071984995798226,MEALPY
mealpy_BaseVCS,-100,597,5,597,MABBOB_597,0.17552936423137636,0.08718982966290034,MEALPY
mealpy_OriginalTWO,-100,876,5,876,MABBOB_876,0.1342982578464376,0.05053063987726742,MEALPY
mealpy_LevyES,-100,827,5,827,MABBOB_827,0.19451893868972822,0.09505760861787839,MEALPY
mealpy_L_SHADE,-100,709,5,709,MABBOB_709,0.16970423290028477,0.08561168696458138,MEALPY
mealpy_BaseVCS,-100,270,5,270,MABBOB_270,0.2193804705214383,0.14319939673185914,MEALPY
mealpy_JADE,-100,367,5,367,MABBOB_367,0.2614526156394935,0.18973189714715155,MEALPY
mealpy_JADE,-100,404,5,404,MABBOB_404,0.03866959459046383,0.02571447597377389,MEALPY
mealpy_OriginalSARO,-100,421,5,421,MABBOB_421,0.13112198958050292,0.07165252082367993,MEALPY
mealpy_JADE,-100,906,5,906,MABBOB_906,0.037485336565427824,0.027686878961091482,MEALPY
mealpy_JADE,-100,689,5,689,MABBOB_689,0.022521978483069992,0.012233666627936183,MEALPY
mealpy_SADE,-100,190,5,190,MABBOB_190,0.030863366758651888,0.02437253226573391,MEALPY
mealpy_L_SHADE,-100,772,5,772,MABBOB_772,0.35911726399107513,0.29338182063590035,MEALPY
mealpy_LevyES,-100,107,5,107,MABBOB_107,0.05855198722919573,0.02748866322417545,MEALPY
mealpy_OriginalTWO,-100,61,5,61,MABBOB_61,0.12651677349878312,0.0307647944283951,MEALPY
mealpy_L_SHADE,-100,764,5,764,MABBOB_764,0.051282767928243725,0.048087344506972496,MEALPY
mealpy_LevyES,-100,367,5,367,MABBOB_367,0.29913420120583634,0.2128955675919667,MEALPY
mealpy_LevyES,-100,327,5,327,MABBOB_327,0.20651154954606685,0.12470068376070963,MEALPY
mealpy_OriginalSARO,-100,257,5,257,MABBOB_257,0.11601599475910462,0.06724940242509019,MEALPY
mealpy_JADE,-100,371,5,371,MABBOB_371,0.15505241683196586,0.1337035857115497,MEALPY
mealpy_OriginalSARO,-100,795,5,795,MABBOB_795,0.21239950498346843,0.09928632329395046,MEALPY
mealpy_JADE,-100,40,5,40,MABBOB_40,0.07930841861167864,0.0973600988755116,MEALPY
mealpy_SADE,-100,830,5,830,MABBOB_830,0.22375390759719388,0.1701614085290049,MEALPY
mealpy_BaseVCS,-100,975,5,975,MABBOB_975,0.09634321952545719,0.0575201911714092,MEALPY
mealpy_LevyES,-100,400,5,400,MABBOB_400,0.450124552407944,0.06925966500762602,MEALPY
mealpy_OriginalTWO,-100,67,5,67,MABBOB_67,0.17002129332344837,0.1045176755824773,MEALPY
mealpy_OriginalTWO,-100,147,5,147,MABBOB_147,0.13541631828948486,0.08657084278443679,MEALPY
mealpy_JADE,-100,949,5,949,MABBOB_949,0.14551723328066055,0.13874478705147963,MEALPY
mealpy_BaseVCS,-100,756,5,756,MABBOB_756,0.2893147296982461,0.1540465656084884,MEALPY
mealpy_LevyES,-100,161,5,161,MABBOB_161,0.18761541967070577,0.06364458174395035,MEALPY
mealpy_BaseVCS,-100,688,5,688,MABBOB_688,0.12970040126612914,0.08380613233749183,MEALPY
mealpy_BaseVCS,-100,763,5,763,MABBOB_763,0.04517404687650266,0.025888699395810073,MEALPY
mealpy_SADE,-100,508,5,508,MABBOB_508,0.10787679957374825,0.10327271843218047,MEALPY
mealpy_LevyES,-100,415,5,415,MABBOB_415,0.36217362494499133,0.27032470930796526,MEALPY
mealpy_OriginalSARO,-100,346,5,346,MABBOB_346,0.07394936858876004,0.08122577461631741,MEALPY
mealpy_JADE,-100,492,5,492,MABBOB_492,0.08250719878327124,0.07234547600804407,MEALPY
mealpy_LevyES,-100,592,5,592,MABBOB_592,0.36470101138864297,0.1605983916336257,MEALPY
mealpy_SADE,-100,246,5,246,MABBOB_246,0.11217147014034609,0.10671854825310587,MEALPY
mealpy_JADE,-100,538,5,538,MABBOB_538,0.17132526533209963,0.053839090351097275,MEALPY
mealpy_BaseVCS,-100,246,5,246,MABBOB_246,0.08766433096852208,0.08068032312443617,MEALPY
mealpy_BaseVCS,-100,264,5,264,MABBOB_264,0.12094946854831198,0.06488046120769796,MEALPY
mealpy_JADE,-100,440,5,440,MABBOB_440,0.061950046470517786,0.05830421818495352,MEALPY
mealpy_OriginalSARO,-100,99,5,99,MABBOB_99,0.28988739133708924,0.16680644854678353,MEALPY
mealpy_L_SHADE,-100,906,5,906,MABBOB_906,0.040806307818597724,0.03782438668392035,MEALPY
mealpy_JADE,-100,116,5,116,MABBOB_116,0.050746561035378224,0.04124524209019312,MEALPY
mealpy_OriginalSARO,-100,810,5,810,MABBOB_810,0.09877618516460841,0.09625308430128356,MEALPY
mealpy_L_SHADE,-100,367,5,367,MABBOB_367,0.24589004613076887,0.15200842706699125,MEALPY
mealpy_SADE,-100,257,5,257,MABBOB_257,0.11633484460677108,0.06948676824427852,MEALPY
mealpy_LevyES,-100,67,5,67,MABBOB_67,0.1326072068041456,0.059936015651188224,MEALPY
mealpy_L_SHADE,-100,830,5,830,MABBOB_830,0.20395997285908773,0.15926377245796342,MEALPY
mealpy_LevyES,-100,783,5,783,MABBOB_783,0.09858438114011715,0.08569242505539469,MEALPY
mealpy_L_SHADE,-100,411,5,411,MABBOB_411,0.06719826213298555,0.06854197971533911,MEALPY
mealpy_LevyES,-100,657,5,657,MABBOB_657,0.30831784821743946,0.07806709529086843,MEALPY
mealpy_OriginalTWO,-100,980,5,980,MABBOB_980,0.27673787582682197,0.18679985166389468,MEALPY
mealpy_OriginalSARO,-100,772,5,772,MABBOB_772,0.3892338777011766,0.29300862189381244,MEALPY
mealpy_OriginalSARO,-100,519,5,519,MABBOB_519,0.26531834394597537,0.12437843312786384,MEALPY
mealpy_OriginalSARO,-100,113,5,113,MABBOB_113,0.1344005470008385,0.1338471143496404,MEALPY
mealpy_BaseVCS,-100,324,5,324,MABBOB_324,0.10662640267432019,0.09363004383622447,MEALPY
mealpy_OriginalTWO,-100,329,5,329,MABBOB_329,0.128740011335806,0.13453513495299865,MEALPY
mealpy_OriginalSARO,-100,982,5,982,MABBOB_982,0.019285512417386307,0.006977579753699667,MEALPY
mealpy_SADE,-100,317,5,317,MABBOB_317,0.10718985121990562,0.041505112815654485,MEALPY
mealpy_LevyES,-100,390,5,390,MABBOB_390,0.039343535889464105,0.056443921623505415,MEALPY
mealpy_L_SHADE,-100,879,5,879,MABBOB_879,0.13268140394831165,0.23484432138670283,MEALPY
mealpy_BaseVCS,-100,555,5,555,MABBOB_555,0.17680148407153617,0.07179667831241145,MEALPY
mealpy_L_SHADE,-100,188,5,188,MABBOB_188,0.09349834515148898,0.05196733225969553,MEALPY
mealpy_JADE,-100,852,5,852,MABBOB_852,0.06958675487359864,0.04679830673194053,MEALPY
mealpy_BaseVCS,-100,15,5,15,MABBOB_15,0.13905850860701555,0.14306135793358069,MEALPY
mealpy_BaseVCS,-100,149,5,149,MABBOB_149,0.1525227487357282,0.07904548116682851,MEALPY
mealpy_OriginalSARO,-100,713,5,713,MABBOB_713,0.06946872784439409,0.059674454298984776,MEALPY
mealpy_LevyES,-100,870,5,870,MABBOB_870,0.14230350008445508,0.14378034757993302,MEALPY
mealpy_JADE,-100,542,5,542,MABBOB_542,0.04929236848748114,0.04335496758866877,MEALPY
mealpy_L_SHADE,-100,687,5,687,MABBOB_687,0.3533615346173345,0.2117290301482995,MEALPY
mealpy_SADE,-100,727,5,727,MABBOB_727,0.09957094343122651,0.14205573148729878,MEALPY
mealpy_LevyES,-100,629,5,629,MABBOB_629,0.17155715943541652,0.10116724770184223,MEALPY
mealpy_SADE,-100,260,5,260,MABBOB_260,0.24302849606506483,0.06324174670559882,MEALPY
mealpy_JADE,-100,848,5,848,MABBOB_848,0.4131478429821769,0.2235354905849969,MEALPY
mealpy_OriginalTWO,-100,918,5,918,MABBOB_918,0.2472844556603287,0.08048548323097719,MEALPY
mealpy_SADE,-100,88,5,88,MABBOB_88,0.04091956146792079,0.017334850252122565,MEALPY
mealpy_LevyES,-100,876,5,876,MABBOB_876,0.15568785873764532,0.07774172723830307,MEALPY
mealpy_SADE,-100,901,5,901,MABBOB_901,0.15282321748548516,0.13614774495770127,MEALPY
mealpy_JADE,-100,97,5,97,MABBOB_97,0.07493140786406749,0.015396146051077697,MEALPY
mealpy_BaseVCS,-100,204,5,204,MABBOB_204,0.046851165528275854,0.03774087420076508,MEALPY
mealpy_JADE,-100,764,5,764,MABBOB_764,0.057681105247920285,0.03923578522870201,MEALPY
mealpy_LevyES,-100,887,5,887,MABBOB_887,0.28878207043661536,0.09784746739408348,MEALPY
mealpy_L_SHADE,-100,350,5,350,MABBOB_350,0.07448522132509156,0.06040723638543259,MEALPY
mealpy_SADE,-100,706,5,706,MABBOB_706,0.2515905726366615,0.12878811815295343,MEALPY
mealpy_LevyES,-100,919,5,919,MABBOB_919,0.2682162311877418,0.14870516622332755,MEALPY
mealpy_L_SHADE,-100,330,5,330,MABBOB_330,0.21490363976675053,0.1331764169257029,MEALPY
mealpy_BaseVCS,-100,740,5,740,MABBOB_740,0.16146703044461513,0.11876097877248717,MEALPY
mealpy_JADE,-100,901,5,901,MABBOB_901,0.15681180577117976,0.1371525923652302,MEALPY
mealpy_OriginalTWO,-100,73,5,73,MABBOB_73,0.20262339247423924,0.11910079143614637,MEALPY
mealpy_JADE,-100,188,5,188,MABBOB_188,0.10046991305388304,0.058602959009406146,MEALPY
mealpy_LevyES,-100,606,5,606,MABBOB_606,0.22581003019261736,0.0842595224775672,MEALPY
mealpy_SADE,-100,387,5,387,MABBOB_387,0.023240868119024004,0.01429659747493468,MEALPY
mealpy_BaseVCS,-100,451,5,451,MABBOB_451,0.019270312874953816,0.013620372400402493,MEALPY
mealpy_L_SHADE,-100,491,5,491,MABBOB_491,0.21583615088411506,0.17219125675403996,MEALPY
mealpy_OriginalTWO,-100,327,5,327,MABBOB_327,0.18740834336255213,0.10705295696093156,MEALPY
mealpy_OriginalTWO,-100,592,5,592,MABBOB_592,0.3667583487987988,0.16096546978544204,MEALPY
mealpy_JADE,-100,566,5,566,MABBOB_566,0.1627788749026821,0.05442003102145605,MEALPY
mealpy_BaseVCS,-100,529,5,529,MABBOB_529,0.06481082195854429,0.025859297847805884,MEALPY
mealpy_L_SHADE,-100,259,5,259,MABBOB_259,0.0668469706742056,0.0353305101933905,MEALPY
mealpy_OriginalTWO,-100,26,5,26,MABBOB_26,0.19065428548365565,0.2659236125118887,MEALPY
mealpy_JADE,-100,346,5,346,MABBOB_346,0.04835607298812849,0.042024789235980214,MEALPY
mealpy_SADE,-100,6,5,6,MABBOB_6,0.15777691960291498,0.027374555764517947,MEALPY
mealpy_OriginalTWO,-100,44,5,44,MABBOB_44,0.07766469384903481,0.05169723492796533,MEALPY
mealpy_BaseVCS,-100,190,5,190,MABBOB_190,0.031272935573761554,0.02486015358170507,MEALPY
mealpy_JADE,-100,190,5,190,MABBOB_190,0.031166250367811232,0.0249001876760133,MEALPY
mealpy_L_SHADE,-100,529,5,529,MABBOB_529,0.0632605034575441,0.02122840287368347,MEALPY
mealpy_SADE,-100,440,5,440,MABBOB_440,0.050400610873537754,0.035400245188388094,MEALPY
mealpy_OriginalSARO,-100,97,5,97,MABBOB_97,0.07999379371811341,0.026670107548653853,MEALPY
mealpy_L_SHADE,-100,373,5,373,MABBOB_373,0.25052372802428496,0.27082011659230304,MEALPY
mealpy_OriginalTWO,-100,176,5,176,MABBOB_176,0.3375235434789782,0.1401936109371149,MEALPY
mealpy_OriginalTWO,-100,738,5,738,MABBOB_738,0.2817292907050598,0.3644319749081201,MEALPY
mealpy_OriginalTWO,-100,246,5,246,MABBOB_246,0.11031854617076162,0.10185511161320905,MEALPY
mealpy_BaseVCS,-100,118,5,118,MABBOB_118,0.09572281647918424,0.11444466319639432,MEALPY
mealpy_SADE,-100,176,5,176,MABBOB_176,0.3348202563182899,0.13816331538585058,MEALPY
mealpy_OriginalTWO,-100,525,5,525,MABBOB_525,0.16985383603575502,0.08259313435390742,MEALPY
mealpy_LevyES,-100,62,5,62,MABBOB_62,0.378384579647748,0.18352337377161626,MEALPY
mealpy_OriginalSARO,-100,639,5,639,MABBOB_639,0.14377456305097652,0.08481806912545344,MEALPY
mealpy_L_SHADE,-100,466,5,466,MABBOB_466,0.17186538992342082,0.042855542414040014,MEALPY
mealpy_L_SHADE,-100,166,5,166,MABBOB_166,0.15675128697984322,0.07341139995870383,MEALPY
mealpy_SADE,-100,911,5,911,MABBOB_911,0.34004089179459884,0.2614622907566089,MEALPY
mealpy_JADE,-100,215,5,215,MABBOB_215,0.19517490647635077,0.11925957971024839,MEALPY
mealpy_L_SHADE,-100,609,5,609,MABBOB_609,0.17925247424678784,0.09668517028607372,MEALPY
mealpy_SADE,-100,413,5,413,MABBOB_413,0.1892847849628698,0.14333208022393729,MEALPY
mealpy_SADE,-100,810,5,810,MABBOB_810,0.11222111588131371,0.11595018330977068,MEALPY
mealpy_JADE,-100,268,5,268,MABBOB_268,0.26602908575170087,0.023299579057358598,MEALPY
mealpy_BaseVCS,-100,525,5,525,MABBOB_525,0.12310771710574098,0.0543800106084965,MEALPY
mealpy_JADE,-100,103,5,103,MABBOB_103,0.10123085477588947,0.05261786916957504,MEALPY
mealpy_JADE,-100,114,5,114,MABBOB_114,0.36790117702553304,0.14824079963116696,MEALPY
mealpy_JADE,-100,387,5,387,MABBOB_387,0.022028754507839643,0.01275080742002956,MEALPY
mealpy_OriginalTWO,-100,836,5,836,MABBOB_836,0.29500914167346837,0.17879762412504993,MEALPY
mealpy_SADE,-100,530,5,530,MABBOB_530,0.06599535669361964,0.1131949104095932,MEALPY
mealpy_BaseVCS,-100,566,5,566,MABBOB_566,0.2261815265166868,0.0837724702384459,MEALPY
mealpy_OriginalSARO,-100,662,5,662,MABBOB_662,0.15153714465878712,0.10676350999464439,MEALPY
mealpy_SADE,-100,324,5,324,MABBOB_324,0.11793980878642404,0.09632326320906093,MEALPY
mealpy_L_SHADE,-100,519,5,519,MABBOB_519,0.27781838524809194,0.12606553272616294,MEALPY
mealpy_JADE,-100,891,5,891,MABBOB_891,0.39563509409292585,0.20675765810159133,MEALPY
mealpy_SADE,-100,773,5,773,MABBOB_773,0.3973351899903844,0.24596948840718266,MEALPY
mealpy_LevyES,-100,961,5,961,MABBOB_961,0.22364558862888276,0.17140685662323082,MEALPY
mealpy_OriginalTWO,-100,714,5,714,MABBOB_714,0.19082091980452173,0.31872756690555876,MEALPY
mealpy_LevyES,-100,787,5,787,MABBOB_787,0.12546979658141294,0.0695514619098724,MEALPY
mealpy_OriginalSARO,-100,170,5,170,MABBOB_170,0.04074722008211119,0.019877803662349727,MEALPY
mealpy_OriginalSARO,-100,657,5,657,MABBOB_657,0.34184517726174246,0.08546135315109585,MEALPY
mealpy_OriginalTWO,-100,419,5,419,MABBOB_419,0.1880569660264096,0.11533761037139367,MEALPY
mealpy_OriginalTWO,-100,144,5,144,MABBOB_144,0.20284692010441221,0.25815638947433467,MEALPY
mealpy_OriginalSARO,-100,264,5,264,MABBOB_264,0.13066062279212143,0.0866235819835983,MEALPY
mealpy_JADE,-100,525,5,525,MABBOB_525,0.14098505007322465,0.0700587326547838,MEALPY
mealpy_SADE,-100,989,5,989,MABBOB_989,0.09586488345261909,0.1367084048242344,MEALPY
mealpy_JADE,-100,876,5,876,MABBOB_876,0.1596511331025726,0.1415082803239285,MEALPY
mealpy_BaseVCS,-100,388,5,388,MABBOB_388,0.1270095780856809,0.06198510775519457,MEALPY
mealpy_L_SHADE,-100,688,5,688,MABBOB_688,0.1279187457715181,0.09295835888373491,MEALPY
mealpy_LevyES,-100,349,5,349,MABBOB_349,0.28863536609365836,0.07603965097543383,MEALPY
mealpy_SADE,-100,864,5,864,MABBOB_864,0.10141951530393072,0.0782044141963688,MEALPY
mealpy_BaseVCS,-100,919,5,919,MABBOB_919,0.27195302880813615,0.18259774847846005,MEALPY
mealpy_BaseVCS,-100,449,5,449,MABBOB_449,0.019093040143090784,0.009494099303669743,MEALPY
mealpy_LevyES,-100,731,5,731,MABBOB_731,0.04037569905196596,0.0161762079853362,MEALPY
mealpy_L_SHADE,-100,714,5,714,MABBOB_714,0.13403015535660273,0.19527803009769443,MEALPY
mealpy_OriginalTWO,-100,305,5,305,MABBOB_305,0.1975135011162593,0.08318186977475554,MEALPY
mealpy_BaseVCS,-100,536,5,536,MABBOB_536,0.21634166514927125,0.08353703781079894,MEALPY
mealpy_JADE,-100,879,5,879,MABBOB_879,0.12116146440345625,0.21357663113583789,MEALPY
mealpy_JADE,-100,456,5,456,MABBOB_456,0.01691430336893404,0.006876736290197349,MEALPY
mealpy_OriginalSARO,-100,864,5,864,MABBOB_864,0.09091051727664565,0.06700731831696981,MEALPY
mealpy_LevyES,-100,181,5,181,MABBOB_181,0.05387679687369096,0.024603754489050462,MEALPY
mealpy_OriginalSARO,-100,887,5,887,MABBOB_887,0.31236132487475454,0.13245653466273463,MEALPY
mealpy_SADE,-100,739,5,739,MABBOB_739,0.049562293190734255,0.015557522259051191,MEALPY
mealpy_OriginalTWO,-100,101,5,101,MABBOB_101,0.04628676824577445,0.03230404409129462,MEALPY
mealpy_OriginalSARO,-100,529,5,529,MABBOB_529,0.0653864672941662,0.023713890419240484,MEALPY
mealpy_OriginalTWO,-100,689,5,689,MABBOB_689,0.02760072178641811,0.016132803789143845,MEALPY
mealpy_OriginalTWO,-100,451,5,451,MABBOB_451,0.021070796112668783,0.015449020442124692,MEALPY
mealpy_JADE,-100,788,5,788,MABBOB_788,0.03150663951658092,0.012105435159037422,MEALPY
mealpy_SADE,-100,520,5,520,MABBOB_520,0.13162580033605278,0.08621532130413398,MEALPY
mealpy_BaseVCS,-100,350,5,350,MABBOB_350,0.0973645097898221,0.06956176232365405,MEALPY
mealpy_OriginalSARO,-100,62,5,62,MABBOB_62,0.36392394170929393,0.1606979282453853,MEALPY
mealpy_JADE,-100,950,5,950,MABBOB_950,0.11913144055621554,0.04642685005747581,MEALPY
mealpy_L_SHADE,-100,123,5,123,MABBOB_123,0.08006224107957714,0.04558948695488456,MEALPY
mealpy_LevyES,-100,556,5,556,MABBOB_556,0.06490544170524638,0.05183304107200821,MEALPY
mealpy_JADE,-100,993,5,993,MABBOB_993,0.14692647947534193,0.03924654317100696,MEALPY
mealpy_L_SHADE,-100,950,5,950,MABBOB_950,0.12225159384997575,0.05378476124606377,MEALPY
mealpy_SADE,-100,330,5,330,MABBOB_330,0.22909998885960497,0.17499474000152124,MEALPY
mealpy_OriginalTWO,-100,114,5,114,MABBOB_114,0.34807317821613915,0.1290129982886538,MEALPY
mealpy_OriginalTWO,-100,773,5,773,MABBOB_773,0.414104727414082,0.27229532607429635,MEALPY
mealpy_LevyES,-100,878,5,878,MABBOB_878,0.18851415154154938,0.05351135896744961,MEALPY
mealpy_OriginalSARO,-100,188,5,188,MABBOB_188,0.1097932393330052,0.044050558399899624,MEALPY
mealpy_OriginalTWO,-100,766,5,766,MABBOB_766,0.04434072419098512,0.013846801775277449,MEALPY
mealpy_BaseVCS,-100,604,5,604,MABBOB_604,0.11650609156375033,0.1175905837875102,MEALPY
mealpy_L_SHADE,-100,878,5,878,MABBOB_878,0.168682834495975,0.04482845819945269,MEALPY
mealpy_L_SHADE,-100,177,5,177,MABBOB_177,0.08569809823067479,0.06846727241469401,MEALPY
mealpy_OriginalSARO,-100,190,5,190,MABBOB_190,0.03101003144658901,0.02446058334780293,MEALPY
mealpy_OriginalSARO,-100,177,5,177,MABBOB_177,0.08420608868485262,0.04164557534761405,MEALPY
mealpy_OriginalSARO,-100,204,5,204,MABBOB_204,0.034127616151924466,0.011231970119578698,MEALPY
mealpy_L_SHADE,-100,24,5,24,MABBOB_24,0.10272341922805699,0.11749063558735719,MEALPY
mealpy_OriginalTWO,-100,787,5,787,MABBOB_787,0.12444412930634122,0.06242674771079378,MEALPY
mealpy_OriginalTWO,-100,618,5,618,MABBOB_618,0.2088606402954754,0.07718075675707685,MEALPY
mealpy_SADE,-100,203,5,203,MABBOB_203,0.20292345530888167,0.13318083282859022,MEALPY
mealpy_JADE,-100,426,5,426,MABBOB_426,0.1750298176381917,0.14807237796163997,MEALPY
mealpy_SADE,-100,575,5,575,MABBOB_575,0.36847561899065434,0.19818262759161448,MEALPY
mealpy_LevyES,-100,502,5,502,MABBOB_502,0.1906545464433898,0.08226545947629789,MEALPY
mealpy_LevyES,-100,61,5,61,MABBOB_61,0.16489689685968373,0.06177228295661518,MEALPY
mealpy_OriginalSARO,-100,368,5,368,MABBOB_368,0.1195812331420868,0.17096767955205117,MEALPY
mealpy_BaseVCS,-100,97,5,97,MABBOB_97,0.08066792618138652,0.03599321293331713,MEALPY
mealpy_JADE,-100,783,5,783,MABBOB_783,0.10119313611512219,0.08259966619903791,MEALPY
mealpy_OriginalTWO,-100,810,5,810,MABBOB_810,0.1244245050465463,0.16178464754075414,MEALPY
mealpy_LevyES,-100,608,5,608,MABBOB_608,0.31621275264923854,0.12122005793192454,MEALPY
mealpy_L_SHADE,-100,2,5,2,MABBOB_2,0.21151418653375428,0.20699864261997247,MEALPY
mealpy_BaseVCS,-100,520,5,520,MABBOB_520,0.12073636836562529,0.07908887149396965,MEALPY
mealpy_LevyES,-100,212,5,212,MABBOB_212,0.13402251815787408,0.16704956112802735,MEALPY
mealpy_OriginalSARO,-100,731,5,731,MABBOB_731,0.038405929994064246,0.01609531083996859,MEALPY
mealpy_JADE,-100,410,5,410,MABBOB_410,0.025618165373949748,0.02249063819108526,MEALPY
mealpy_OriginalTWO,-100,844,5,844,MABBOB_844,0.0949588348396535,0.06622720816328477,MEALPY
mealpy_BaseVCS,-100,494,5,494,MABBOB_494,0.06485766898455464,0.0713436878051067,MEALPY
mealpy_OriginalTWO,-100,243,5,243,MABBOB_243,0.022107701067712655,0.014631673777272213,MEALPY
mealpy_OriginalTWO,-100,284,5,284,MABBOB_284,0.15168041028902057,0.1066840077415275,MEALPY
mealpy_OriginalSARO,-100,305,5,305,MABBOB_305,0.16837523923162281,0.06629215445175057,MEALPY
mealpy_BaseVCS,-100,891,5,891,MABBOB_891,0.4294127921506005,0.12124418628322976,MEALPY
mealpy_BaseVCS,-100,344,5,344,MABBOB_344,0.06325000141109238,0.027930053057497618,MEALPY
mealpy_OriginalSARO,-100,991,5,991,MABBOB_991,0.037611611982459006,0.02129461647804128,MEALPY
mealpy_OriginalTWO,-100,629,5,629,MABBOB_629,0.1481091798256135,0.08904545988828931,MEALPY
mealpy_JADE,-100,266,5,266,MABBOB_266,0.4393741263370382,0.30813403134721645,MEALPY
mealpy_OriginalTWO,-100,788,5,788,MABBOB_788,0.031566218343769506,0.012221830549798439,MEALPY
mealpy_OriginalSARO,-100,919,5,919,MABBOB_919,0.2558803606490615,0.1334554984054161,MEALPY
mealpy_L_SHADE,-100,671,5,671,MABBOB_671,0.20296120775268706,0.12216040338197703,MEALPY
mealpy_L_SHADE,-100,73,5,73,MABBOB_73,0.20175020379834563,0.10401943260492379,MEALPY
mealpy_BaseVCS,-100,74,5,74,MABBOB_74,0.024425323068348315,0.012293027010717356,MEALPY
mealpy_SADE,-100,523,5,523,MABBOB_523,0.05333472318415096,0.026328171380150454,MEALPY
mealpy_LevyES,-100,700,5,700,MABBOB_700,0.08031312545045496,0.05665459432129295,MEALPY
mealpy_JADE,-100,284,5,284,MABBOB_284,0.16161631926349435,0.13145824931846176,MEALPY
mealpy_OriginalSARO,-100,400,5,400,MABBOB_400,0.43926094371575386,0.09140382085312884,MEALPY
mealpy_L_SHADE,-100,689,5,689,MABBOB_689,0.02584323207862837,0.014350954871400097,MEALPY
mealpy_OriginalSARO,-100,51,5,51,MABBOB_51,0.053873453185062224,0.05239873236581185,MEALPY
mealpy_OriginalTWO,-100,74,5,74,MABBOB_74,0.024982952331105,0.012148446897344711,MEALPY
mealpy_LevyES,-100,270,5,270,MABBOB_270,0.2697060087499229,0.20621347736743234,MEALPY
mealpy_OriginalTWO,-100,739,5,739,MABBOB_739,0.04365090218428974,0.01738167861972064,MEALPY
mealpy_SADE,-100,606,5,606,MABBOB_606,0.24519036698426558,0.06220324101732324,MEALPY
mealpy_LevyES,-100,182,5,182,MABBOB_182,0.14640169424218932,0.07146767678825966,MEALPY
mealpy_L_SHADE,-100,747,5,747,MABBOB_747,0.10185026637046413,0.06476533005381004,MEALPY
mealpy_BaseVCS,-100,329,5,329,MABBOB_329,0.1346504309615318,0.13997940607889978,MEALPY
mealpy_OriginalSARO,-100,567,5,567,MABBOB_567,0.14379633390068397,0.09691531472672527,MEALPY
mealpy_OriginalSARO,-100,586,5,586,MABBOB_586,0.17869801404780716,0.09439745340032626,MEALPY
mealpy_OriginalSARO,-100,396,5,396,MABBOB_396,0.16709605449863474,0.09630585749623195,MEALPY
mealpy_OriginalSARO,-100,107,5,107,MABBOB_107,0.06231837848918782,0.03801231154374207,MEALPY
mealpy_JADE,-100,390,5,390,MABBOB_390,0.025991318474208804,0.022175389781970315,MEALPY
mealpy_JADE,-100,617,5,617,MABBOB_617,0.17761443691899942,0.15771170064045784,MEALPY
mealpy_L_SHADE,-100,577,5,577,MABBOB_577,0.1603245544907782,0.08314234298348006,MEALPY
mealpy_LevyES,-100,329,5,329,MABBOB_329,0.15127233203801935,0.14963338538571314,MEALPY
mealpy_SADE,-100,207,5,207,MABBOB_207,0.36173267290951444,0.10489746998414426,MEALPY
mealpy_JADE,-100,203,5,203,MABBOB_203,0.1771878399161096,0.12294277366994126,MEALPY
mealpy_OriginalSARO,-100,37,5,37,MABBOB_37,0.2765801120446273,0.13731332553050304,MEALPY
mealpy_BaseVCS,-100,208,5,208,MABBOB_208,0.09960827019252916,0.07622174580871298,MEALPY
mealpy_SADE,-100,680,5,680,MABBOB_680,0.0987567957029851,0.03244586992667741,MEALPY
mealpy_OriginalSARO,-100,606,5,606,MABBOB_606,0.25323788915924306,0.08107073196975784,MEALPY
mealpy_OriginalSARO,-100,747,5,747,MABBOB_747,0.12555735410981755,0.11266529194382591,MEALPY
mealpy_L_SHADE,-100,980,5,980,MABBOB_980,0.23415474698607533,0.11586251054689702,MEALPY
mealpy_OriginalTWO,-100,248,5,248,MABBOB_248,0.09120931147336743,0.14293868069875715,MEALPY
mealpy_BaseVCS,-100,864,5,864,MABBOB_864,0.0987552059274984,0.07085922953330384,MEALPY
mealpy_SADE,-100,115,5,115,MABBOB_115,0.20115808103676222,0.09345737109477965,MEALPY
mealpy_LevyES,-100,411,5,411,MABBOB_411,0.0705790264645906,0.0548851167333484,MEALPY
mealpy_BaseVCS,-100,592,5,592,MABBOB_592,0.2888342214111404,0.10790115988610703,MEALPY
mealpy_SADE,-100,264,5,264,MABBOB_264,0.10140248287934969,0.025185769923020088,MEALPY
mealpy_OriginalTWO,-100,993,5,993,MABBOB_993,0.17313537462256454,0.04615854719594989,MEALPY
mealpy_OriginalSARO,-100,536,5,536,MABBOB_536,0.2194566771378991,0.10516119236246375,MEALPY
mealpy_JADE,-100,257,5,257,MABBOB_257,0.10627842071098537,0.05699752595871607,MEALPY
mealpy_LevyES,-100,943,5,943,MABBOB_943,0.3254656840361405,0.12952352733692044,MEALPY
mealpy_SADE,-100,166,5,166,MABBOB_166,0.16052866892417694,0.056649251074628565,MEALPY
mealpy_L_SHADE,-100,99,5,99,MABBOB_99,0.2463460747768919,0.11906115012993158,MEALPY
mealpy_SADE,-100,182,5,182,MABBOB_182,0.13767264344682242,0.02707761172429409,MEALPY
mealpy_BaseVCS,-100,82,5,82,MABBOB_82,0.07933046940243241,0.03807185957489788,MEALPY
mealpy_SADE,-100,709,5,709,MABBOB_709,0.20031123016518104,0.10252079902298802,MEALPY
mealpy_SADE,-100,494,5,494,MABBOB_494,0.06593619203768807,0.07299742207134031,MEALPY
mealpy_OriginalTWO,-100,528,5,528,MABBOB_528,0.028836930778913094,0.019187436259719897,MEALPY
mealpy_BaseVCS,-100,182,5,182,MABBOB_182,0.12017365438285188,0.018449701726963478,MEALPY
mealpy_LevyES,-100,373,5,373,MABBOB_373,0.23680254471068288,0.2529344210980815,MEALPY
mealpy_LevyES,-100,492,5,492,MABBOB_492,0.05582560670843954,0.03702026898751257,MEALPY
mealpy_LevyES,-100,709,5,709,MABBOB_709,0.20414615310899661,0.08123486143925104,MEALPY
mealpy_OriginalTWO,-100,764,5,764,MABBOB_764,0.07116988228916311,0.06819783213440682,MEALPY
mealpy_OriginalTWO,-100,149,5,149,MABBOB_149,0.25499717963266505,0.1752354852652832,MEALPY
mealpy_LevyES,-100,1,5,1,MABBOB_1,0.02449597387734575,0.010188929933311327,MEALPY
mealpy_BaseVCS,-100,827,5,827,MABBOB_827,0.1477572387393897,0.06404679949672505,MEALPY
mealpy_OriginalSARO,-100,208,5,208,MABBOB_208,0.09909842110382666,0.06618892606927362,MEALPY
mealpy_SADE,-100,426,5,426,MABBOB_426,0.17890751490102347,0.11777469897868825,MEALPY
mealpy_OriginalSARO,-100,105,5,105,MABBOB_105,0.21867119388827044,0.1063700127860671,MEALPY
mealpy_LevyES,-100,221,5,221,MABBOB_221,0.27099833643482896,0.2274375368874018,MEALPY
mealpy_LevyES,-100,350,5,350,MABBOB_350,0.07467347946395421,0.05131777367703401,MEALPY
mealpy_L_SHADE,-100,864,5,864,MABBOB_864,0.07617423754718325,0.05527998649954419,MEALPY
mealpy_BaseVCS,-100,657,5,657,MABBOB_657,0.29810240477485,0.061574681008143714,MEALPY
mealpy_BaseVCS,-100,349,5,349,MABBOB_349,0.25573153621185246,0.06148910253331254,MEALPY
mealpy_OriginalSARO,-100,192,5,192,MABBOB_192,0.0643240747658542,0.03180827750991926,MEALPY
mealpy_L_SHADE,-100,779,5,779,MABBOB_779,0.05979544399254884,0.04500592953477752,MEALPY
mealpy_OriginalTWO,-100,878,5,878,MABBOB_878,0.1748120085679564,0.042285718385930066,MEALPY
mealpy_L_SHADE,-100,34,5,34,MABBOB_34,0.14007867377629066,0.12181861421907654,MEALPY
mealpy_L_SHADE,-100,348,5,348,MABBOB_348,0.032823630500161086,0.014489971860701513,MEALPY
mealpy_SADE,-100,445,5,445,MABBOB_445,0.08511456191062489,0.011183392770091715,MEALPY
mealpy_JADE,-100,887,5,887,MABBOB_887,0.25936930387752033,0.07259416660793118,MEALPY
mealpy_OriginalSARO,-100,761,5,761,MABBOB_761,0.08747296268142087,0.008082878081596382,MEALPY
mealpy_LevyES,-100,220,5,220,MABBOB_220,0.33485212810247533,0.22263140008535576,MEALPY
mealpy_L_SHADE,-100,51,5,51,MABBOB_51,0.06041163268959533,0.06975990391288275,MEALPY
mealpy_JADE,-100,586,5,586,MABBOB_586,0.16707874665693603,0.08938704400008908,MEALPY
mealpy_OriginalSARO,-100,993,5,993,MABBOB_993,0.1434786608685665,0.01296216409431764,MEALPY
mealpy_L_SHADE,-100,836,5,836,MABBOB_836,0.25975537182682257,0.17640614812114497,MEALPY
mealpy_SADE,-100,407,5,407,MABBOB_407,0.2158792134261011,0.13942437728495305,MEALPY
mealpy_LevyES,-100,577,5,577,MABBOB_577,0.23733456786792678,0.13555410089528358,MEALPY
mealpy_OriginalTWO,-100,950,5,950,MABBOB_950,0.1467792901813199,0.052462793142956696,MEALPY
mealpy_JADE,-100,344,5,344,MABBOB_344,0.042772532640116025,0.013154006062812583,MEALPY
mealpy_JADE,-100,415,5,415,MABBOB_415,0.3170693719688539,0.3439131988613894,MEALPY
mealpy_L_SHADE,-100,525,5,525,MABBOB_525,0.12728283895254222,0.06108460857375434,MEALPY
mealpy_SADE,-100,529,5,529,MABBOB_529,0.07650160104895351,0.02477484520698123,MEALPY
mealpy_JADE,-100,74,5,74,MABBOB_74,0.023764006660457696,0.011313851410727898,MEALPY
mealpy_SADE,-100,671,5,671,MABBOB_671,0.20273672974399076,0.1395784712597329,MEALPY
mealpy_LevyES,-100,671,5,671,MABBOB_671,0.2050612595999511,0.13689443166960322,MEALPY
mealpy_BaseVCS,-100,855,5,855,MABBOB_855,0.04094794788736171,0.01863805468048648,MEALPY
mealpy_LevyES,-100,877,5,877,MABBOB_877,0.24384397032486552,0.20515774383343716,MEALPY
mealpy_L_SHADE,-100,162,5,162,MABBOB_162,0.09482697428201192,0.02309910508580861,MEALPY
mealpy_SADE,-100,62,5,62,MABBOB_62,0.34135961396368897,0.148753060674775,MEALPY
mealpy_OriginalTWO,-100,848,5,848,MABBOB_848,0.4786783728730309,0.25106016336145015,MEALPY
mealpy_BaseVCS,-100,707,5,707,MABBOB_707,0.25585834796794943,0.1266514951824758,MEALPY
mealpy_L_SHADE,-100,919,5,919,MABBOB_919,0.2894457655749555,0.17319030961863918,MEALPY
mealpy_L_SHADE,-100,538,5,538,MABBOB_538,0.1991271399780637,0.05085775471663092,MEALPY
mealpy_SADE,-100,24,5,24,MABBOB_24,0.0646409781071888,0.044048815527173664,MEALPY
mealpy_JADE,-100,699,5,699,MABBOB_699,0.16130580671597,0.11111316009387745,MEALPY
mealpy_BaseVCS,-100,203,5,203,MABBOB_203,0.1418448740639196,0.09633884128077133,MEALPY
mealpy_SADE,-100,73,5,73,MABBOB_73,0.1998589242244776,0.09948707022681726,MEALPY
mealpy_OriginalTWO,-100,476,5,476,MABBOB_476,0.5447998403872326,0.19145213487945725,MEALPY
mealpy_JADE,-100,51,5,51,MABBOB_51,0.06583373690772842,0.07932960554208665,MEALPY
mealpy_OriginalTWO,-100,542,5,542,MABBOB_542,0.05301003259094975,0.048327071227128905,MEALPY
mealpy_LevyES,-100,531,5,531,MABBOB_531,0.19676825346042578,0.11835288762089406,MEALPY
mealpy_LevyES,-100,812,5,812,MABBOB_812,0.05550506830927843,0.015466087272766724,MEALPY
mealpy_LevyES,-100,163,5,163,MABBOB_163,0.05450841849254136,0.03497423685060937,MEALPY
mealpy_SADE,-100,390,5,390,MABBOB_390,0.027730079524996638,0.02213702493111735,MEALPY
mealpy_OriginalSARO,-100,212,5,212,MABBOB_212,0.08920202268260051,0.08873554183935678,MEALPY
mealpy_OriginalTWO,-100,901,5,901,MABBOB_901,0.1956167049560556,0.18693608114252258,MEALPY
mealpy_LevyES,-100,248,5,248,MABBOB_248,0.08431549799910829,0.1300172568173845,MEALPY
mealpy_OriginalSARO,-100,746,5,746,MABBOB_746,0.1825378888909124,0.03693325568949656,MEALPY
mealpy_SADE,-100,662,5,662,MABBOB_662,0.1660888754528555,0.11905839415674463,MEALPY
mealpy_L_SHADE,-100,773,5,773,MABBOB_773,0.3963839744259804,0.2675141176707061,MEALPY
mealpy_LevyES,-100,2,5,2,MABBOB_2,0.24921010595308943,0.2884572962925808,MEALPY
mealpy_SADE,-100,556,5,556,MABBOB_556,0.04533348764118336,0.013174937457619669,MEALPY
mealpy_BaseVCS,-100,360,5,360,MABBOB_360,0.1572960199053664,0.14649307605453454,MEALPY
mealpy_OriginalTWO,-100,388,5,388,MABBOB_388,0.13514007680938034,0.08212104866363833,MEALPY
mealpy_OriginalTWO,-100,426,5,426,MABBOB_426,0.18717142157115974,0.1232779871680736,MEALPY
mealpy_SADE,-100,105,5,105,MABBOB_105,0.19672957293611956,0.08862405424832097,MEALPY
mealpy_L_SHADE,-100,555,5,555,MABBOB_555,0.18059142644337067,0.07868347801338968,MEALPY
mealpy_L_SHADE,-100,307,5,307,MABBOB_307,0.10001471245194278,0.10242201372918408,MEALPY
mealpy_OriginalSARO,-100,569,5,569,MABBOB_569,0.12607359289172687,0.04714053975408917,MEALPY
mealpy_BaseVCS,-100,88,5,88,MABBOB_88,0.028346983202302268,0.009759754703978425,MEALPY
mealpy_L_SHADE,-100,898,5,898,MABBOB_898,0.07483817530434053,0.11019621680262108,MEALPY
mealpy_L_SHADE,-100,368,5,368,MABBOB_368,0.11404023166491435,0.17236715369159028,MEALPY
mealpy_L_SHADE,-100,530,5,530,MABBOB_530,0.05462229967513057,0.09046639812194923,MEALPY
mealpy_OriginalTWO,-100,991,5,991,MABBOB_991,0.03954607406913829,0.020617930047183566,MEALPY
mealpy_L_SHADE,-100,215,5,215,MABBOB_215,0.21888438564348306,0.14024203052099105,MEALPY
mealpy_L_SHADE,-100,811,5,811,MABBOB_811,0.06520999680535675,0.021504818722439662,MEALPY
mealpy_LevyES,-100,567,5,567,MABBOB_567,0.22509183261336485,0.22141376296870718,MEALPY
mealpy_L_SHADE,-100,558,5,558,MABBOB_558,0.11827357052561108,0.07295628440526784,MEALPY
mealpy_OriginalTWO,-100,508,5,508,MABBOB_508,0.12879977313101368,0.11678031302563847,MEALPY
mealpy_JADE,-100,922,5,922,MABBOB_922,0.326722125665852,0.10497451777566479,MEALPY
mealpy_BaseVCS,-100,217,5,217,MABBOB_217,0.18002568872432514,0.11077428169409129,MEALPY
mealpy_L_SHADE,-100,575,5,575,MABBOB_575,0.3493360749081057,0.19378483967589202,MEALPY
mealpy_BaseVCS,-100,949,5,949,MABBOB_949,0.0781236121335491,0.04432602560363827,MEALPY
mealpy_SADE,-100,639,5,639,MABBOB_639,0.12773086410518114,0.03092646314872264,MEALPY
mealpy_L_SHADE,-100,208,5,208,MABBOB_208,0.0999982079357834,0.06956674231665103,MEALPY
mealpy_BaseVCS,-100,317,5,317,MABBOB_317,0.08547771115908905,0.04421600475220501,MEALPY
mealpy_OriginalTWO,-100,350,5,350,MABBOB_350,0.07351608089649375,0.053121754238449774,MEALPY
mealpy_SADE,-100,388,5,388,MABBOB_388,0.12099772751019724,0.07344650201804277,MEALPY
mealpy_L_SHADE,-100,246,5,246,MABBOB_246,0.09330868179839141,0.08629254490131776,MEALPY
mealpy_SADE,-100,982,5,982,MABBOB_982,0.019050899332329917,0.00815213580401665,MEALPY
mealpy_OriginalSARO,-100,275,5,275,MABBOB_275,0.18332471361057048,0.0807671871951309,MEALPY
mealpy_JADE,-100,305,5,305,MABBOB_305,0.17420428678784078,0.08561375074742787,MEALPY
mealpy_JADE,-100,898,5,898,MABBOB_898,0.07079908213227772,0.09687150866178389,MEALPY
mealpy_OriginalTWO,-100,404,5,404,MABBOB_404,0.04439284141672372,0.036983398458678166,MEALPY
mealpy_BaseVCS,-100,766,5,766,MABBOB_766,0.052076955985014675,0.016462173432058996,MEALPY
mealpy_LevyES,-100,965,5,965,MABBOB_965,0.32742433918651453,0.11891391916943941,MEALPY
mealpy_JADE,-100,604,5,604,MABBOB_604,0.13957191951449027,0.14649274899172335,MEALPY
mealpy_BaseVCS,-100,37,5,37,MABBOB_37,0.26768375409310446,0.16215962574290949,MEALPY
mealpy_OriginalTWO,-100,410,5,410,MABBOB_410,0.03145608415550685,0.03343525718115228,MEALPY
mealpy_L_SHADE,-100,531,5,531,MABBOB_531,0.16804727307934092,0.11332060013456256,MEALPY
mealpy_OriginalTWO,-100,349,5,349,MABBOB_349,0.2674889509432141,0.07087370171452757,MEALPY
mealpy_LevyES,-100,445,5,445,MABBOB_445,0.09029146992657619,0.010692988957049355,MEALPY
mealpy_SADE,-100,759,5,759,MABBOB_759,0.3536263322456502,0.08758052035447916,MEALPY
mealpy_BaseVCS,-100,779,5,779,MABBOB_779,0.06121307557060827,0.05651826819106447,MEALPY
mealpy_LevyES,-100,566,5,566,MABBOB_566,0.20839533404317004,0.0848011186457622,MEALPY
mealpy_BaseVCS,-100,2,5,2,MABBOB_2,0.21934048678465815,0.22665205138530986,MEALPY
mealpy_JADE,-100,756,5,756,MABBOB_756,0.296175337727681,0.12029453438085087,MEALPY
mealpy_JADE,-100,162,5,162,MABBOB_162,0.11243698894788304,0.0339916021221749,MEALPY
mealpy_BaseVCS,-100,898,5,898,MABBOB_898,0.0724133815223417,0.09703000881397064,MEALPY
mealpy_OriginalSARO,-100,870,5,870,MABBOB_870,0.124833345579157,0.08564552884594803,MEALPY
mealpy_OriginalTWO,-100,870,5,870,MABBOB_870,0.1620908435896697,0.14022179903470577,MEALPY
mealpy_JADE,-100,608,5,608,MABBOB_608,0.3302466690318597,0.1550631571169851,MEALPY
mealpy_JADE,-100,855,5,855,MABBOB_855,0.05246927370497727,0.0400826112525365,MEALPY
mealpy_OriginalTWO,-100,530,5,530,MABBOB_530,0.06968016168232735,0.12054899139489214,MEALPY
mealpy_LevyES,-100,795,5,795,MABBOB_795,0.21380387550041444,0.08825879856118211,MEALPY
mealpy_BaseVCS,-100,114,5,114,MABBOB_114,0.2687721847304388,0.10004014765222613,MEALPY
mealpy_BaseVCS,-100,646,5,646,MABBOB_646,0.139991487856283,0.118949013992163,MEALPY
mealpy_SADE,-100,123,5,123,MABBOB_123,0.07294381532252944,0.035130947819674414,MEALPY
mealpy_OriginalSARO,-100,629,5,629,MABBOB_629,0.17019130620570372,0.10946517315365609,MEALPY
mealpy_BaseVCS,-100,105,5,105,MABBOB_105,0.22780964600121303,0.13723788702014253,MEALPY
mealpy_SADE,-100,192,5,192,MABBOB_192,0.08554731074860822,0.0834845084362519,MEALPY
mealpy_OriginalSARO,-100,182,5,182,MABBOB_182,0.1581074521887079,0.037210933074891726,MEALPY
mealpy_L_SHADE,-100,680,5,680,MABBOB_680,0.09927893869957762,0.026508460884640497,MEALPY
mealpy_BaseVCS,-100,639,5,639,MABBOB_639,0.1461540536983133,0.05202010757959744,MEALPY
mealpy_OriginalSARO,-100,181,5,181,MABBOB_181,0.04994213682809458,0.030197378941819515,MEALPY
mealpy_BaseVCS,-100,51,5,51,MABBOB_51,0.046900376739362926,0.04351903286487887,MEALPY
mealpy_SADE,-100,538,5,538,MABBOB_538,0.2141611837863775,0.06477310472311794,MEALPY
mealpy_OriginalSARO,-100,699,5,699,MABBOB_699,0.17149962646186845,0.12293148758812344,MEALPY
mealpy_JADE,-100,26,5,26,MABBOB_26,0.1428464244582892,0.17459998240595534,MEALPY
mealpy_BaseVCS,-100,662,5,662,MABBOB_662,0.1352955450759856,0.10267536810362254,MEALPY
mealpy_OriginalTWO,-100,116,5,116,MABBOB_116,0.05556069812424872,0.04471597043845918,MEALPY
mealpy_JADE,-100,333,5,333,MABBOB_333,0.021972268593093626,0.0103236384424516,MEALPY
mealpy_OriginalSARO,-100,371,5,371,MABBOB_371,0.17990148302865633,0.14583840445077192,MEALPY
mealpy_BaseVCS,-100,67,5,67,MABBOB_67,0.16176134111918725,0.10913478154494072,MEALPY
mealpy_SADE,-100,82,5,82,MABBOB_82,0.07632571784119445,0.015533465453960074,MEALPY
mealpy_OriginalTWO,-100,865,5,865,MABBOB_865,0.2053272125165139,0.1810444079553246,MEALPY
mealpy_SADE,-100,707,5,707,MABBOB_707,0.24961621754928953,0.11578206946502456,MEALPY
mealpy_L_SHADE,-100,565,5,565,MABBOB_565,0.057484132953016444,0.031238408421651053,MEALPY
mealpy_JADE,-100,163,5,163,MABBOB_163,0.02205392559132183,0.012026978279814525,MEALPY
mealpy_SADE,-100,268,5,268,MABBOB_268,0.26386878552326076,0.06182543758903167,MEALPY
mealpy_LevyES,-100,738,5,738,MABBOB_738,0.2900753277480247,0.3616004764814726,MEALPY
mealpy_LevyES,-100,844,5,844,MABBOB_844,0.09382811146384706,0.07799094901749401,MEALPY
mealpy_OriginalTWO,-100,586,5,586,MABBOB_586,0.19388061576068855,0.10432374036359614,MEALPY
mealpy_L_SHADE,-100,212,5,212,MABBOB_212,0.09011016399487021,0.09382014488046048,MEALPY
mealpy_SADE,-100,405,5,405,MABBOB_405,0.13359053125432818,0.051949574499142594,MEALPY
mealpy_L_SHADE,-100,787,5,787,MABBOB_787,0.11690857075500971,0.054183468581090695,MEALPY
mealpy_JADE,-100,592,5,592,MABBOB_592,0.2975060636408238,0.11765942383722947,MEALPY
mealpy_LevyES,-100,97,5,97,MABBOB_97,0.09255261216391511,0.019399001699715545,MEALPY
mealpy_SADE,-100,114,5,114,MABBOB_114,0.3429629235616537,0.11700758574424902,MEALPY
mealpy_LevyES,-100,486,5,486,MABBOB_486,0.12487744747209699,0.0852396962959246,MEALPY
mealpy_SADE,-100,221,5,221,MABBOB_221,0.2165576886686734,0.1798705726790422,MEALPY
mealpy_JADE,-100,1,5,1,MABBOB_1,0.016992052726379565,0.013763001422915694,MEALPY
mealpy_L_SHADE,-100,464,5,464,MABBOB_464,0.19267878429819021,0.03720470369882367,MEALPY
mealpy_L_SHADE,-100,207,5,207,MABBOB_207,0.3459837249122698,0.07920065926212942,MEALPY
mealpy_OriginalSARO,-100,243,5,243,MABBOB_243,0.01924199035078896,0.011752817726944736,MEALPY
mealpy_LevyES,-100,418,5,418,MABBOB_418,0.2189641007356345,0.27337967663244744,MEALPY
mealpy_BaseVCS,-100,40,5,40,MABBOB_40,0.05776800654253335,0.05109680316219641,MEALPY
mealpy_BaseVCS,-100,713,5,713,MABBOB_713,0.04587511816607058,0.03035504953307022,MEALPY
mealpy_L_SHADE,-100,170,5,170,MABBOB_170,0.0377955110738124,0.019452876251768458,MEALPY
mealpy_SADE,-100,870,5,870,MABBOB_870,0.1313350470976359,0.10819660622703696,MEALPY
mealpy_L_SHADE,-100,396,5,396,MABBOB_396,0.1409391992094747,0.07221283790379464,MEALPY
mealpy_LevyES,-100,836,5,836,MABBOB_836,0.29229609666567036,0.22360929985820868,MEALPY
mealpy_LevyES,-100,74,5,74,MABBOB_74,0.023726080076129613,0.009409126731375872,MEALPY
mealpy_JADE,-100,482,5,482,MABBOB_482,0.2085255008115407,0.022568014964693874,MEALPY
mealpy_OriginalTWO,-100,118,5,118,MABBOB_118,0.11265683174086445,0.14462952434244822,MEALPY
mealpy_OriginalSARO,-100,691,5,691,MABBOB_691,0.016907824781466456,0.014041751407415246,MEALPY
mealpy_SADE,-100,243,5,243,MABBOB_243,0.020575663793023974,0.013812319470861785,MEALPY
mealpy_LevyES,-100,26,5,26,MABBOB_26,0.2869114884298262,0.3036115622634693,MEALPY
mealpy_OriginalSARO,-100,494,5,494,MABBOB_494,0.06844276890811558,0.07714832522330618,MEALPY
mealpy_LevyES,-100,993,5,993,MABBOB_993,0.14144712815000615,0.052789258032945874,MEALPY
mealpy_SADE,-100,266,5,266,MABBOB_266,0.49014611830851773,0.37503564688285307,MEALPY
mealpy_OriginalTWO,-100,982,5,982,MABBOB_982,0.020206277975741937,0.007380740726474635,MEALPY
mealpy_OriginalTWO,-100,688,5,688,MABBOB_688,0.13345909720294102,0.08769603210157233,MEALPY
mealpy_BaseVCS,-100,629,5,629,MABBOB_629,0.11169034349110316,0.06975225513809134,MEALPY
mealpy_SADE,-100,731,5,731,MABBOB_731,0.04699350861492499,0.021367994839938877,MEALPY
mealpy_JADE,-100,217,5,217,MABBOB_217,0.2121077925068579,0.12419885515679471,MEALPY
mealpy_SADE,-100,476,5,476,MABBOB_476,0.4793720608996158,0.15250008573801482,MEALPY
mealpy_OriginalSARO,-100,756,5,756,MABBOB_756,0.25059959172293234,0.11842450988436536,MEALPY
mealpy_SADE,-100,275,5,275,MABBOB_275,0.23511011384952168,0.14101699086566452,MEALPY
mealpy_SADE,-100,346,5,346,MABBOB_346,0.05815124074062554,0.04849131613370861,MEALPY
mealpy_SADE,-100,329,5,329,MABBOB_329,0.140149662317622,0.13714754877148577,MEALPY
mealpy_OriginalSARO,-100,2,5,2,MABBOB_2,0.2552162532296177,0.27101853501789386,MEALPY
mealpy_BaseVCS,-100,207,5,207,MABBOB_207,0.37280648079767703,0.1251830833806264,MEALPY
mealpy_JADE,-100,464,5,464,MABBOB_464,0.16720850961013922,0.029142807277412502,MEALPY
mealpy_JADE,-100,204,5,204,MABBOB_204,0.03307274425895175,0.013766746212010041,MEALPY
mealpy_OriginalSARO,-100,759,5,759,MABBOB_759,0.3570623067955478,0.08440159804462015,MEALPY
mealpy_L_SHADE,-100,508,5,508,MABBOB_508,0.10357848962263679,0.08712388658888161,MEALPY
mealpy_OriginalTWO,-100,207,5,207,MABBOB_207,0.30913179440658606,0.07213448287068058,MEALPY
mealpy_L_SHADE,-100,961,5,961,MABBOB_961,0.2420352998260944,0.1607882126337174,MEALPY
mealpy_LevyES,-100,746,5,746,MABBOB_746,0.21312445322025936,0.04944762834330321,MEALPY
mealpy_SADE,-100,855,5,855,MABBOB_855,0.08916675474898117,0.11100310907297922,MEALPY
mealpy_SADE,-100,779,5,779,MABBOB_779,0.0565514578331562,0.04195917697240456,MEALPY
mealpy_OriginalTWO,-100,812,5,812,MABBOB_812,0.06122091789310673,0.03339824742895184,MEALPY
mealpy_JADE,-100,597,5,597,MABBOB_597,0.17054728064462013,0.08945225753173087,MEALPY
mealpy_LevyES,-100,466,5,466,MABBOB_466,0.22894063927797492,0.09859650693874868,MEALPY
mealpy_LevyES,-100,761,5,761,MABBOB_761,0.09058192272966444,0.012530622488725171,MEALPY
mealpy_OriginalTWO,-100,538,5,538,MABBOB_538,0.1833886589076273,0.05786312673991852,MEALPY
mealpy_SADE,-100,486,5,486,MABBOB_486,0.1331388635630671,0.058017545522107826,MEALPY
mealpy_LevyES,-100,727,5,727,MABBOB_727,0.08879994756533557,0.11013500582642934,MEALPY
mealpy_JADE,-100,695,5,695,MABBOB_695,0.06058985700040117,0.03115921129184712,MEALPY
mealpy_SADE,-100,26,5,26,MABBOB_26,0.2117620636442028,0.3270359074059397,MEALPY
mealpy_OriginalTWO,-100,565,5,565,MABBOB_565,0.03877691983158442,0.013890347798444098,MEALPY
mealpy_OriginalSARO,-100,687,5,687,MABBOB_687,0.3640421543013533,0.24462020906915943,MEALPY
mealpy_LevyES,-100,617,5,617,MABBOB_617,0.14489464424217663,0.0945212266878998,MEALPY
mealpy_OriginalSARO,-100,373,5,373,MABBOB_373,0.24748556820051942,0.2656049063158751,MEALPY
mealpy_SADE,-100,567,5,567,MABBOB_567,0.08440009949638339,0.04261140982881157,MEALPY
mealpy_OriginalSARO,-100,878,5,878,MABBOB_878,0.1834973054156665,0.030788824874402983,MEALPY
mealpy_SADE,-100,565,5,565,MABBOB_565,0.042866369818992944,0.025588427700151604,MEALPY
mealpy_OriginalTWO,-100,520,5,520,MABBOB_520,0.1168831273657783,0.06417413670273636,MEALPY
mealpy_OriginalTWO,-100,727,5,727,MABBOB_727,0.11175810787579173,0.16302701402787512,MEALPY
mealpy_L_SHADE,-100,419,5,419,MABBOB_419,0.1768079059947146,0.11445773015958689,MEALPY
mealpy_OriginalTWO,-100,779,5,779,MABBOB_779,0.06394845606233886,0.061524475427686125,MEALPY
mealpy_OriginalTWO,-100,642,5,642,MABBOB_642,0.07749188532022619,0.05076745520013534,MEALPY
mealpy_JADE,-100,113,5,113,MABBOB_113,0.1361716684625784,0.1394745744842517,MEALPY
mealpy_SADE,-100,919,5,919,MABBOB_919,0.3064919693461231,0.17003694675425254,MEALPY
mealpy_BaseVCS,-100,852,5,852,MABBOB_852,0.07363910162511525,0.05141069031616945,MEALPY
mealpy_OriginalSARO,-100,769,5,769,MABBOB_769,0.1797773438832525,0.18045409364750162,MEALPY
mealpy_L_SHADE,-100,844,5,844,MABBOB_844,0.10835281508486723,0.09185933177977768,MEALPY
mealpy_L_SHADE,-100,305,5,305,MABBOB_305,0.18438887762166453,0.11827417991195244,MEALPY
mealpy_LevyES,-100,891,5,891,MABBOB_891,0.4661687039515362,0.2144972795764604,MEALPY
mealpy_OriginalSARO,-100,44,5,44,MABBOB_44,0.08044242187944911,0.04856206582506247,MEALPY
mealpy_SADE,-100,44,5,44,MABBOB_44,0.071461643407011,0.047798660274799246,MEALPY
mealpy_SADE,-100,411,5,411,MABBOB_411,0.06906792799493745,0.069146064858763,MEALPY
mealpy_OriginalSARO,-100,324,5,324,MABBOB_324,0.09973447059298679,0.08788415063113553,MEALPY
mealpy_JADE,-100,349,5,349,MABBOB_349,0.2491834461097005,0.0611804044924917,MEALPY
mealpy_JADE,-100,396,5,396,MABBOB_396,0.13713820203888677,0.0742893320802266,MEALPY
mealpy_OriginalSARO,-100,404,5,404,MABBOB_404,0.041778897098151344,0.031008728291770846,MEALPY
mealpy_JADE,-100,502,5,502,MABBOB_502,0.12703746560300647,0.04652409872020216,MEALPY
mealpy_OriginalTWO,-100,212,5,212,MABBOB_212,0.09672993546640536,0.08757984284826709,MEALPY
mealpy_OriginalTWO,-100,182,5,182,MABBOB_182,0.13485756625240788,0.01871415348736865,MEALPY
mealpy_BaseVCS,-100,731,5,731,MABBOB_731,0.055844458886659655,0.029376092426536597,MEALPY
mealpy_OriginalTWO,-100,646,5,646,MABBOB_646,0.1053729525373333,0.05355167115459702,MEALPY
mealpy_LevyES,-100,361,5,361,MABBOB_361,0.32069337079486704,0.15693614213723137,MEALPY
mealpy_JADE,-100,430,5,430,MABBOB_430,0.06256724560353269,0.053894319657181874,MEALPY
mealpy_JADE,-100,731,5,731,MABBOB_731,0.04561160962830117,0.018606816257694392,MEALPY
mealpy_L_SHADE,-100,706,5,706,MABBOB_706,0.23759506257465035,0.10490470650564161,MEALPY
mealpy_JADE,-100,739,5,739,MABBOB_739,0.046393555206987055,0.020106078401931054,MEALPY
mealpy_OriginalSARO,-100,950,5,950,MABBOB_950,0.13630600697280051,0.06557574608154525,MEALPY
mealpy_JADE,-100,787,5,787,MABBOB_787,0.10962167679703236,0.05864036523451457,MEALPY
mealpy_L_SHADE,-100,270,5,270,MABBOB_270,0.273299583308119,0.2389028602388721,MEALPY
mealpy_L_SHADE,-100,982,5,982,MABBOB_982,0.02054213718294309,0.006917844646891178,MEALPY
mealpy_JADE,-100,618,5,618,MABBOB_618,0.18488320310525175,0.05973247611723576,MEALPY
mealpy_BaseVCS,-100,706,5,706,MABBOB_706,0.2457466372351306,0.10185719470785123,MEALPY
mealpy_OriginalTWO,-100,82,5,82,MABBOB_82,0.07788891446650609,0.02713404464026509,MEALPY
mealpy_OriginalTWO,-100,360,5,360,MABBOB_360,0.15551781315757834,0.17122207285199406,MEALPY
mealpy_LevyES,-100,73,5,73,MABBOB_73,0.21696682033216294,0.12435341495139925,MEALPY
mealpy_SADE,-100,741,5,741,MABBOB_741,0.11831989546874559,0.12998769436736915,MEALPY
mealpy_L_SHADE,-100,700,5,700,MABBOB_700,0.06320997106959474,0.0477754586595784,MEALPY
mealpy_BaseVCS,-100,877,5,877,MABBOB_877,0.1669827075477226,0.10241495075023703,MEALPY
mealpy_JADE,-100,830,5,830,MABBOB_830,0.19706043952917815,0.16657190737786012,MEALPY
mealpy_OriginalSARO,-100,166,5,166,MABBOB_166,0.16742501324623943,0.06321155178367428,MEALPY
mealpy_JADE,-100,37,5,37,MABBOB_37,0.2790826864856192,0.1611154259952318,MEALPY
mealpy_OriginalSARO,-100,411,5,411,MABBOB_411,0.06329662235541689,0.056744946405749924,MEALPY
mealpy_BaseVCS,-100,400,5,400,MABBOB_400,0.3599995777270878,0.019960461969202575,MEALPY
mealpy_OriginalSARO,-100,8,5,8,MABBOB_8,0.13227300383622778,0.04387168685535841,MEALPY
mealpy_SADE,-100,876,5,876,MABBOB_876,0.15177349311547622,0.10953505557770452,MEALPY
mealpy_OriginalTWO,-100,188,5,188,MABBOB_188,0.10577719013280025,0.059077498474097136,MEALPY
mealpy_OriginalTWO,-100,163,5,163,MABBOB_163,0.023891870105825674,0.010480463617007676,MEALPY
mealpy_OriginalTWO,-100,390,5,390,MABBOB_390,0.02588659468703845,0.022183530656743552,MEALPY
mealpy_L_SHADE,-100,727,5,727,MABBOB_727,0.07121821247816709,0.08271305061454745,MEALPY
mealpy_L_SHADE,-100,494,5,494,MABBOB_494,0.06154010717296465,0.06791320995728092,MEALPY
mealpy_LevyES,-100,192,5,192,MABBOB_192,0.06670916622615682,0.06101118530195267,MEALPY
mealpy_BaseVCS,-100,34,5,34,MABBOB_34,0.14883012130586018,0.12160497509600422,MEALPY
mealpy_JADE,-100,606,5,606,MABBOB_606,0.20346025619513136,0.06495617708253955,MEALPY
mealpy_JADE,-100,144,5,144,MABBOB_144,0.18924858255815263,0.24374417343427648,MEALPY
mealpy_JADE,-100,769,5,769,MABBOB_769,0.1789564923358097,0.17910764157080597,MEALPY
mealpy_OriginalSARO,-100,424,5,424,MABBOB_424,0.15426630490038773,0.13429177136751308,MEALPY
mealpy_LevyES,-100,604,5,604,MABBOB_604,0.17515452775612544,0.1850587266681723,MEALPY
mealpy_LevyES,-100,706,5,706,MABBOB_706,0.267554479637065,0.1253096631776118,MEALPY
mealpy_OriginalTWO,-100,344,5,344,MABBOB_344,0.03425741519991411,0.013817675463423586,MEALPY
mealpy_JADE,-100,782,5,782,MABBOB_782,0.1491871792315196,0.06715985340864955,MEALPY
mealpy_OriginalSARO,-100,410,5,410,MABBOB_410,0.029277262948255195,0.028748081404754718,MEALPY
mealpy_BaseVCS,-100,865,5,865,MABBOB_865,0.18886347249660895,0.16497539089119648,MEALPY
mealpy_LevyES,-100,207,5,207,MABBOB_207,0.33040052403106557,0.0846258777989413,MEALPY
mealpy_L_SHADE,-100,37,5,37,MABBOB_37,0.28151031949459515,0.1828036854049541,MEALPY
mealpy_LevyES,-100,862,5,862,MABBOB_862,0.2322300560826432,0.1974067905367489,MEALPY
mealpy_OriginalTWO,-100,115,5,115,MABBOB_115,0.22497203806675636,0.13463535448370384,MEALPY
mealpy_OriginalTWO,-100,264,5,264,MABBOB_264,0.12034240065047674,0.038040374857288596,MEALPY
mealpy_L_SHADE,-100,268,5,268,MABBOB_268,0.2301300808513977,0.04747045811967257,MEALPY
mealpy_JADE,-100,192,5,192,MABBOB_192,0.06489117824220136,0.04142405661024784,MEALPY
mealpy_OriginalTWO,-100,400,5,400,MABBOB_400,0.488746193763418,0.05638135589801108,MEALPY
mealpy_JADE,-100,642,5,642,MABBOB_642,0.06764116317082028,0.05144334096097962,MEALPY
mealpy_L_SHADE,-100,738,5,738,MABBOB_738,0.20732778908530874,0.23536842050245593,MEALPY
mealpy_JADE,-100,877,5,877,MABBOB_877,0.17092606910493668,0.09657898808637086,MEALPY
mealpy_OriginalTWO,-100,396,5,396,MABBOB_396,0.1305796615989962,0.054575791792409324,MEALPY
mealpy_LevyES,-100,40,5,40,MABBOB_40,0.0791766224134022,0.06722022837507143,MEALPY
mealpy_BaseVCS,-100,305,5,305,MABBOB_305,0.1916500838150629,0.10806491244806955,MEALPY
mealpy_OriginalTWO,-100,943,5,943,MABBOB_943,0.3626155439096964,0.07639576032253265,MEALPY
mealpy_L_SHADE,-100,107,5,107,MABBOB_107,0.06959471092410448,0.04265829664841652,MEALPY
mealpy_BaseVCS,-100,404,5,404,MABBOB_404,0.04188427295611493,0.02539772105114929,MEALPY
mealpy_BaseVCS,-100,346,5,346,MABBOB_346,0.05644327264741981,0.05356610094034938,MEALPY
mealpy_SADE,-100,161,5,161,MABBOB_161,0.18206873716667152,0.08757242474372381,MEALPY
mealpy_OriginalTWO,-100,695,5,695,MABBOB_695,0.06751864427681993,0.01942980663710706,MEALPY
mealpy_LevyES,-100,864,5,864,MABBOB_864,0.10700370115664222,0.08248968299927519,MEALPY
mealpy_JADE,-100,118,5,118,MABBOB_118,0.08769893855981617,0.11341313965647122,MEALPY
mealpy_LevyES,-100,662,5,662,MABBOB_662,0.1746624228441899,0.12944218342861438,MEALPY
mealpy_BaseVCS,-100,33,5,33,MABBOB_33,0.2157433238681134,0.22677357540175574,MEALPY
mealpy_BaseVCS,-100,542,5,542,MABBOB_542,0.04663039937726453,0.040640284989755845,MEALPY
mealpy_LevyES,-100,688,5,688,MABBOB_688,0.17849833652915478,0.11546533511438943,MEALPY
mealpy_JADE,-100,208,5,208,MABBOB_208,0.10465541147363762,0.07670249761061426,MEALPY
mealpy_JADE,-100,330,5,330,MABBOB_330,0.21079952041253147,0.1739796237624973,MEALPY
mealpy_JADE,-100,246,5,246,MABBOB_246,0.1005029559885147,0.09479420983906398,MEALPY
mealpy_BaseVCS,-100,989,5,989,MABBOB_989,0.07421905209319724,0.08617379983313471,MEALPY
mealpy_BaseVCS,-100,361,5,361,MABBOB_361,0.31995557331184965,0.11447980277262282,MEALPY
mealpy_JADE,-100,989,5,989,MABBOB_989,0.07850063983002559,0.10438257552433632,MEALPY
mealpy_BaseVCS,-100,906,5,906,MABBOB_906,0.06122800573237287,0.06278974344379577,MEALPY
mealpy_LevyES,-100,558,5,558,MABBOB_558,0.10976728390418027,0.0673842597668304,MEALPY
mealpy_BaseVCS,-100,423,5,423,MABBOB_423,0.10601831039896781,0.07748808270146748,MEALPY
mealpy_OriginalTWO,-100,891,5,891,MABBOB_891,0.5461462039303385,0.19743398139936855,MEALPY
mealpy_OriginalTWO,-100,170,5,170,MABBOB_170,0.04468677745212325,0.024735531568173395,MEALPY
mealpy_JADE,-100,99,5,99,MABBOB_99,0.2612497645253301,0.1378775673993905,MEALPY
mealpy_OriginalSARO,-100,848,5,848,MABBOB_848,0.4218893603059149,0.22537304692997945,MEALPY
mealpy_L_SHADE,-100,520,5,520,MABBOB_520,0.12763009449472534,0.07724168365833291,MEALPY
mealpy_LevyES,-100,424,5,424,MABBOB_424,0.16450497862103022,0.1450076832438407,MEALPY
mealpy_SADE,-100,827,5,827,MABBOB_827,0.19578742330704704,0.09460675645449147,MEALPY
mealpy_JADE,-100,61,5,61,MABBOB_61,0.12795081872054168,0.03636780817216991,MEALPY
mealpy_OriginalSARO,-100,423,5,423,MABBOB_423,0.12994267859358483,0.09385136611330007,MEALPY
mealpy_L_SHADE,-100,67,5,67,MABBOB_67,0.17377998397848393,0.1150427946852934,MEALPY
mealpy_L_SHADE,-100,371,5,371,MABBOB_371,0.15952764521789942,0.12153403544895854,MEALPY
mealpy_OriginalTWO,-100,270,5,270,MABBOB_270,0.28148686022949215,0.1965798564872742,MEALPY
mealpy_LevyES,-100,922,5,922,MABBOB_922,0.380282106210282,0.12368870086407763,MEALPY
mealpy_SADE,-100,415,5,415,MABBOB_415,0.34695148143149446,0.3242660741295308,MEALPY
mealpy_L_SHADE,-100,991,5,991,MABBOB_991,0.05302565706945348,0.047249230394309255,MEALPY
mealpy_JADE,-100,555,5,555,MABBOB_555,0.1963055887187105,0.08824675160506748,MEALPY
mealpy_BaseVCS,-100,181,5,181,MABBOB_181,0.04193261874329453,0.024114807243392173,MEALPY
mealpy_LevyES,-100,387,5,387,MABBOB_387,0.02213132098844166,0.01610897021851853,MEALPY
mealpy_BaseVCS,-100,330,5,330,MABBOB_330,0.2051585594648067,0.12884574269397725,MEALPY
mealpy_OriginalTWO,-100,307,5,307,MABBOB_307,0.10973831832833905,0.11770046917577744,MEALPY
mealpy_JADE,-100,629,5,629,MABBOB_629,0.13258738794480324,0.08669561509205541,MEALPY
mealpy_L_SHADE,-100,502,5,502,MABBOB_502,0.13810877999936813,0.033088657397485635,MEALPY
mealpy_SADE,-100,147,5,147,MABBOB_147,0.1493830027248284,0.10121824254416001,MEALPY
mealpy_OriginalSARO,-100,464,5,464,MABBOB_464,0.17239238503918997,0.014666737428919453,MEALPY
mealpy_BaseVCS,-100,788,5,788,MABBOB_788,0.03163852370190109,0.012103887434882625,MEALPY
mealpy_BaseVCS,-100,221,5,221,MABBOB_221,0.21461602571882388,0.17267722435393526,MEALPY
mealpy_LevyES,-100,307,5,307,MABBOB_307,0.13113986923771043,0.14318679823218408,MEALPY
mealpy_LevyES,-100,113,5,113,MABBOB_113,0.12984472603480549,0.08481598609464956,MEALPY
mealpy_OriginalTWO,-100,8,5,8,MABBOB_8,0.17098236524082894,0.07249387594136654,MEALPY
mealpy_LevyES,-100,991,5,991,MABBOB_991,0.03363780258633243,0.02666779698229964,MEALPY
mealpy_L_SHADE,-100,795,5,795,MABBOB_795,0.22158333664442256,0.12248480487676974,MEALPY
mealpy_OriginalSARO,-100,740,5,740,MABBOB_740,0.1496859005349499,0.12969488129660012,MEALPY
mealpy_L_SHADE,-100,731,5,731,MABBOB_731,0.04175301835774213,0.017794504233673916,MEALPY
mealpy_OriginalSARO,-100,961,5,961,MABBOB_961,0.254911685929218,0.16814679483010947,MEALPY
mealpy_JADE,-100,955,5,955,MABBOB_955,0.03967446674065568,0.01874884565589207,MEALPY
mealpy_LevyES,-100,404,5,404,MABBOB_404,0.037437405898581355,0.027413759706110832,MEALPY
mealpy_L_SHADE,-100,741,5,741,MABBOB_741,0.11955124008374222,0.13027739626521442,MEALPY
mealpy_SADE,-100,782,5,782,MABBOB_782,0.1645291698852759,0.08642264919591426,MEALPY
mealpy_BaseVCS,-100,577,5,577,MABBOB_577,0.13451207639907561,0.0688676174866159,MEALPY
mealpy_OriginalTWO,-100,523,5,523,MABBOB_523,0.06175489072262204,0.041551721411115905,MEALPY
mealpy_SADE,-100,891,5,891,MABBOB_891,0.39113440474625744,0.11737069001562753,MEALPY
mealpy_LevyES,-100,707,5,707,MABBOB_707,0.2701454431233311,0.16105695654606483,MEALPY
mealpy_SADE,-100,464,5,464,MABBOB_464,0.1959701350856114,0.01970530109651956,MEALPY
mealpy_JADE,-100,400,5,400,MABBOB_400,0.4300853348377701,0.060930619153226506,MEALPY
mealpy_L_SHADE,-100,115,5,115,MABBOB_115,0.1959093197177213,0.10598994587069901,MEALPY
mealpy_OriginalTWO,-100,215,5,215,MABBOB_215,0.20064175569095202,0.125071731408137,MEALPY
mealpy_SADE,-100,335,5,335,MABBOB_335,0.06628641751740622,0.05017112386492694,MEALPY
mealpy_OriginalSARO,-100,426,5,426,MABBOB_426,0.16867518387565278,0.12487062563846203,MEALPY
mealpy_LevyES,-100,520,5,520,MABBOB_520,0.12388533288345575,0.06761545809121129,MEALPY
mealpy_LevyES,-100,491,5,491,MABBOB_491,0.24314756880861355,0.18983474317564664,MEALPY
mealpy_BaseVCS,-100,943,5,943,MABBOB_943,0.33464157014925167,0.08135853967869974,MEALPY
mealpy_SADE,-100,542,5,542,MABBOB_542,0.04667677337266054,0.03973210864119345,MEALPY
mealpy_LevyES,-100,208,5,208,MABBOB_208,0.11822297810295604,0.09183236464213525,MEALPY
mealpy_SADE,-100,149,5,149,MABBOB_149,0.23934580896201058,0.17007271840436497,MEALPY
mealpy_OriginalTWO,-100,456,5,456,MABBOB_456,0.01666019054674455,0.007104018819268829,MEALPY
mealpy_L_SHADE,-100,911,5,911,MABBOB_911,0.32324092709072605,0.23735743112894608,MEALPY
mealpy_L_SHADE,-100,176,5,176,MABBOB_176,0.296284659310496,0.12262589767563349,MEALPY
mealpy_JADE,-100,671,5,671,MABBOB_671,0.19974638019967164,0.14671531068652144,MEALPY
mealpy_JADE,-100,687,5,687,MABBOB_687,0.3663193873814259,0.25503162144023395,MEALPY
mealpy_OriginalTWO,-100,782,5,782,MABBOB_782,0.16448016597892648,0.08159070321901174,MEALPY
mealpy_L_SHADE,-100,954,5,954,MABBOB_954,0.137656484991905,0.19500591397691247,MEALPY
mealpy_JADE,-100,569,5,569,MABBOB_569,0.12472048677536858,0.06169361096984384,MEALPY
mealpy_OriginalSARO,-100,617,5,617,MABBOB_617,0.14833498081529495,0.1077796621338131,MEALPY
mealpy_JADE,-100,275,5,275,MABBOB_275,0.1708917916123497,0.08066442559767341,MEALPY
mealpy_LevyES,-100,950,5,950,MABBOB_950,0.13509509947811119,0.04928921079422982,MEALPY
mealpy_OriginalSARO,-100,989,5,989,MABBOB_989,0.10432721382020167,0.1575978287390189,MEALPY
mealpy_OriginalSARO,-100,695,5,695,MABBOB_695,0.07282606961544,0.03086830399634167,MEALPY
mealpy_OriginalSARO,-100,787,5,787,MABBOB_787,0.12539404034599572,0.06397419202543213,MEALPY
mealpy_OriginalSARO,-100,709,5,709,MABBOB_709,0.213789766145026,0.12086741295764235,MEALPY
mealpy_OriginalTWO,-100,445,5,445,MABBOB_445,0.09322208721545833,0.01036861861418035,MEALPY
mealpy_BaseVCS,-100,798,5,798,MABBOB_798,0.30667760702107005,0.11192819225500285,MEALPY
mealpy_JADE,-100,207,5,207,MABBOB_207,0.3291515160104814,0.09706607954190043,MEALPY
mealpy_SADE,-100,424,5,424,MABBOB_424,0.1457292018644592,0.11046508219452993,MEALPY
mealpy_SADE,-100,528,5,528,MABBOB_528,0.03827305586681677,0.03296671920276047,MEALPY
mealpy_BaseVCS,-100,876,5,876,MABBOB_876,0.10273865612567892,0.06477546516079316,MEALPY
mealpy_JADE,-100,773,5,773,MABBOB_773,0.3415554638086379,0.19692606610430594,MEALPY
mealpy_SADE,-100,965,5,965,MABBOB_965,0.341704851897031,0.11487252358224617,MEALPY
mealpy_SADE,-100,396,5,396,MABBOB_396,0.1327674241992529,0.0749097790713428,MEALPY
mealpy_BaseVCS,-100,530,5,530,MABBOB_530,0.06575778460139615,0.11272208199925804,MEALPY
mealpy_JADE,-100,176,5,176,MABBOB_176,0.3064932704459767,0.12522993850832898,MEALPY
mealpy_OriginalTWO,-100,536,5,536,MABBOB_536,0.222395259823868,0.11209637071539684,MEALPY
mealpy_LevyES,-100,565,5,565,MABBOB_565,0.06132703341014654,0.03311964485665241,MEALPY
mealpy_JADE,-100,964,5,964,MABBOB_964,0.17102978278553094,0.07470923809598014,MEALPY
mealpy_BaseVCS,-100,954,5,954,MABBOB_954,0.1359910657075279,0.19023738153116188,MEALPY
mealpy_JADE,-100,212,5,212,MABBOB_212,0.08698775152544276,0.0844395269858951,MEALPY
mealpy_LevyES,-100,476,5,476,MABBOB_476,0.5180648692671039,0.22081212201009873,MEALPY
mealpy_L_SHADE,-100,782,5,782,MABBOB_782,0.1332963688463187,0.06302097958883783,MEALPY
mealpy_SADE,-100,608,5,608,MABBOB_608,0.3432990995592329,0.16738577732996904,MEALPY
mealpy_OriginalSARO,-100,943,5,943,MABBOB_943,0.2830182489173474,0.06235318974047199,MEALPY
mealpy_OriginalSARO,-100,520,5,520,MABBOB_520,0.12540642393633522,0.07076258179791302,MEALPY
mealpy_BaseVCS,-100,101,5,101,MABBOB_101,0.05317303117909032,0.04750666321280562,MEALPY
mealpy_OriginalSARO,-100,677,5,677,MABBOB_677,0.19675171965588972,0.12866642727822616,MEALPY
mealpy_OriginalTWO,-100,783,5,783,MABBOB_783,0.13379035463470249,0.1317713838232021,MEALPY
mealpy_SADE,-100,764,5,764,MABBOB_764,0.06293277436033161,0.05780915843286207,MEALPY
mealpy_JADE,-100,508,5,508,MABBOB_508,0.10436005577142335,0.10716419402987479,MEALPY
mealpy_L_SHADE,-100,606,5,606,MABBOB_606,0.22723706563518356,0.07250774123780465,MEALPY
mealpy_BaseVCS,-100,161,5,161,MABBOB_161,0.18170853059256575,0.09997049228809575,MEALPY
mealpy_L_SHADE,-100,476,5,476,MABBOB_476,0.4706651196300277,0.17725430901805544,MEALPY
mealpy_OriginalTWO,-100,99,5,99,MABBOB_99,0.2885034403380291,0.16600377939979277,MEALPY
mealpy_JADE,-100,727,5,727,MABBOB_727,0.08744311064998761,0.1215078165706502,MEALPY
mealpy_SADE,-100,629,5,629,MABBOB_629,0.15841231907316156,0.09689214175990053,MEALPY
mealpy_LevyES,-100,396,5,396,MABBOB_396,0.1721506831829601,0.11072525201021291,MEALPY
mealpy_L_SHADE,-100,163,5,163,MABBOB_163,0.02409473311165081,0.012883806793540441,MEALPY
mealpy_SADE,-100,975,5,975,MABBOB_975,0.12959540479789913,0.07882895874253985,MEALPY
mealpy_BaseVCS,-100,115,5,115,MABBOB_115,0.160783479268429,0.10542231125576937,MEALPY
mealpy_OriginalTWO,-100,864,5,864,MABBOB_864,0.08420770811322578,0.06901822465922954,MEALPY
mealpy_L_SHADE,-100,989,5,989,MABBOB_989,0.06985042566778668,0.08717772356824213,MEALPY
mealpy_L_SHADE,-100,810,5,810,MABBOB_810,0.0762811915238468,0.07410210804063506,MEALPY
mealpy_LevyES,-100,388,5,388,MABBOB_388,0.14554963594445863,0.10140397584734336,MEALPY
mealpy_JADE,-100,706,5,706,MABBOB_706,0.23850035316803186,0.10181713893016221,MEALPY
mealpy_LevyES,-100,519,5,519,MABBOB_519,0.3228653585464863,0.14946243378301852,MEALPY
mealpy_SADE,-100,15,5,15,MABBOB_15,0.13157483087639038,0.1325595979905922,MEALPY
mealpy_OriginalSARO,-100,221,5,221,MABBOB_221,0.2473787456894459,0.21109881697099356,MEALPY
mealpy_SADE,-100,359,5,359,MABBOB_359,0.2887919752348066,0.08125592969615893,MEALPY
mealpy_SADE,-100,746,5,746,MABBOB_746,0.17657898886835457,0.034738389408325104,MEALPY
mealpy_JADE,-100,741,5,741,MABBOB_741,0.08910690733980785,0.08205471547914009,MEALPY
mealpy_L_SHADE,-100,855,5,855,MABBOB_855,0.05970941668147127,0.05285351946825333,MEALPY
mealpy_L_SHADE,-100,451,5,451,MABBOB_451,0.02011963732650232,0.01324590661278541,MEALPY
mealpy_JADE,-100,691,5,691,MABBOB_691,0.01695641225940428,0.013911935970782682,MEALPY
mealpy_BaseVCS,-100,982,5,982,MABBOB_982,0.01764585439247287,0.00665938496998341,MEALPY
mealpy_OriginalSARO,-100,476,5,476,MABBOB_476,0.47598830033066697,0.15065906664364498,MEALPY
mealpy_LevyES,-100,360,5,360,MABBOB_360,0.1532437646861913,0.14505202532039302,MEALPY
mealpy_BaseVCS,-100,862,5,862,MABBOB_862,0.11344481278518118,0.09614993698317927,MEALPY
mealpy_SADE,-100,170,5,170,MABBOB_170,0.04365827001330079,0.022949436567906538,MEALPY
mealpy_LevyES,-100,8,5,8,MABBOB_8,0.15136490017446885,0.060103229779502845,MEALPY
mealpy_L_SHADE,-100,105,5,105,MABBOB_105,0.20461391509252985,0.11183938403883951,MEALPY
mealpy_OriginalTWO,-100,566,5,566,MABBOB_566,0.18839604363519982,0.0542569234038021,MEALPY
mealpy_L_SHADE,-100,88,5,88,MABBOB_88,0.03693882755620416,0.014593978526205914,MEALPY
mealpy_OriginalSARO,-100,491,5,491,MABBOB_491,0.19381840986302357,0.1282604919197646,MEALPY
mealpy_SADE,-100,699,5,699,MABBOB_699,0.17192008048269214,0.11035902102015993,MEALPY
mealpy_OriginalSARO,-100,466,5,466,MABBOB_466,0.18641018384057415,0.05406202394897447,MEALPY
mealpy_L_SHADE,-100,284,5,284,MABBOB_284,0.156240565891974,0.11897429704455806,MEALPY
mealpy_BaseVCS,-100,113,5,113,MABBOB_113,0.13858711718234668,0.14437600082731752,MEALPY
mealpy_L_SHADE,-100,592,5,592,MABBOB_592,0.30813868013399737,0.12080193247802967,MEALPY
mealpy_OriginalSARO,-100,706,5,706,MABBOB_706,0.23748229861923606,0.11437102419619406,MEALPY
mealpy_OriginalSARO,-100,530,5,530,MABBOB_530,0.05309414889178935,0.08740985855950577,MEALPY
mealpy_SADE,-100,410,5,410,MABBOB_410,0.032512805964206096,0.03325345337590449,MEALPY
mealpy_OriginalSARO,-100,103,5,103,MABBOB_103,0.11316215438365448,0.06173750694486689,MEALPY
mealpy_OriginalTWO,-100,795,5,795,MABBOB_795,0.2073025897992002,0.10410262102854329,MEALPY
mealpy_BaseVCS,-100,424,5,424,MABBOB_424,0.11418458691177542,0.06780723883580571,MEALPY
mealpy_OriginalSARO,-100,975,5,975,MABBOB_975,0.12507496687146272,0.08352318999469141,MEALPY
mealpy_L_SHADE,-100,766,5,766,MABBOB_766,0.05663060270786546,0.03191462584007818,MEALPY
mealpy_JADE,-100,243,5,243,MABBOB_243,0.01835797462540562,0.01130509490582447,MEALPY
mealpy_L_SHADE,-100,918,5,918,MABBOB_918,0.22985281203522817,0.05737522102120857,MEALPY
mealpy_L_SHADE,-100,597,5,597,MABBOB_597,0.16942402789991634,0.09319067274598557,MEALPY
mealpy_SADE,-100,642,5,642,MABBOB_642,0.08008796218655548,0.05103121550519041,MEALPY
mealpy_OriginalSARO,-100,176,5,176,MABBOB_176,0.2924203274643475,0.11732040315863644,MEALPY
mealpy_SADE,-100,788,5,788,MABBOB_788,0.03157551443739849,0.012197261466915374,MEALPY
mealpy_JADE,-100,520,5,520,MABBOB_520,0.12962419318966592,0.08310579731440734,MEALPY
mealpy_SADE,-100,368,5,368,MABBOB_368,0.096850963163655,0.14010460948195613,MEALPY
mealpy_L_SHADE,-100,586,5,586,MABBOB_586,0.18334748883871793,0.09693405563210074,MEALPY
mealpy_OriginalTWO,-100,558,5,558,MABBOB_558,0.08033435294190186,0.0373197694882258,MEALPY
mealpy_L_SHADE,-100,449,5,449,MABBOB_449,0.019212394601418808,0.008581269216402726,MEALPY
mealpy_LevyES,-100,407,5,407,MABBOB_407,0.3119107311899329,0.22944953311911173,MEALPY
mealpy_BaseVCS,-100,486,5,486,MABBOB_486,0.11307159548034891,0.07713824748062037,MEALPY
mealpy_SADE,-100,592,5,592,MABBOB_592,0.3658931011061487,0.13583214504937094,MEALPY
mealpy_L_SHADE,-100,642,5,642,MABBOB_642,0.06560752475577784,0.04126719599512431,MEALPY
mealpy_JADE,-100,519,5,519,MABBOB_519,0.27205200217637904,0.14515687048580897,MEALPY
mealpy_SADE,-100,492,5,492,MABBOB_492,0.0630377247711705,0.047689614581897036,MEALPY
mealpy_BaseVCS,-100,508,5,508,MABBOB_508,0.10098236296355564,0.08288106290564472,MEALPY
mealpy_JADE,-100,449,5,449,MABBOB_449,0.01994751472530126,0.009420874477495858,MEALPY
mealpy_L_SHADE,-100,275,5,275,MABBOB_275,0.19594995975591623,0.11478820379166696,MEALPY
mealpy_BaseVCS,-100,991,5,991,MABBOB_991,0.03883317884015726,0.017851684009257178,MEALPY
mealpy_OriginalSARO,-100,741,5,741,MABBOB_741,0.11027107796740787,0.10500438292162426,MEALPY
mealpy_OriginalTWO,-100,413,5,413,MABBOB_413,0.20343847395316614,0.17480299494088164,MEALPY
mealpy_LevyES,-100,344,5,344,MABBOB_344,0.0634001113847735,0.01997733121499827,MEALPY
mealpy_OriginalTWO,-100,741,5,741,MABBOB_741,0.10973373029202753,0.10729492932737565,MEALPY
mealpy_L_SHADE,-100,870,5,870,MABBOB_870,0.12336521801841034,0.09344022284265206,MEALPY
mealpy_OriginalTWO,-100,373,5,373,MABBOB_373,0.25691636978594073,0.2811635279805299,MEALPY
mealpy_BaseVCS,-100,618,5,618,MABBOB_618,0.18290619201501646,0.0692031947602569,MEALPY
mealpy_LevyES,-100,714,5,714,MABBOB_714,0.08953517015376156,0.11013399535387602,MEALPY
mealpy_SADE,-100,597,5,597,MABBOB_597,0.1841696509615524,0.08802743287391633,MEALPY
mealpy_SADE,-100,204,5,204,MABBOB_204,0.030241962483236278,0.011953023253016398,MEALPY
mealpy_JADE,-100,961,5,961,MABBOB_961,0.20846670985394627,0.08095262424597711,MEALPY
mealpy_BaseVCS,-100,61,5,61,MABBOB_61,0.14459145712971916,0.021696805773441047,MEALPY
mealpy_LevyES,-100,333,5,333,MABBOB_333,0.017706771597661132,0.008677809899492165,MEALPY
mealpy_BaseVCS,-100,879,5,879,MABBOB_879,0.10453631318303754,0.1790083669934829,MEALPY
mealpy_LevyES,-100,536,5,536,MABBOB_536,0.2364844117753216,0.1247734816769436,MEALPY
mealpy_OriginalTWO,-100,361,5,361,MABBOB_361,0.3740125669272672,0.16267087365328797,MEALPY
mealpy_JADE,-100,24,5,24,MABBOB_24,0.06925556841439363,0.054296352511421925,MEALPY
mealpy_L_SHADE,-100,964,5,964,MABBOB_964,0.18572830752047728,0.09280392267612154,MEALPY
mealpy_BaseVCS,-100,617,5,617,MABBOB_617,0.22154474161523732,0.2240771329163478,MEALPY
mealpy_JADE,-100,177,5,177,MABBOB_177,0.07242583657503206,0.04495783621373306,MEALPY
mealpy_OriginalTWO,-100,709,5,709,MABBOB_709,0.1855486224043789,0.06574978624279698,MEALPY
mealpy_SADE,-100,964,5,964,MABBOB_964,0.19771099851179366,0.06252996765039588,MEALPY
mealpy_BaseVCS,-100,62,5,62,MABBOB_62,0.36325426930159516,0.1964646660107671,MEALPY
mealpy_SADE,-100,887,5,887,MABBOB_887,0.30812222663593164,0.12584465594469277,MEALPY
mealpy_SADE,-100,99,5,99,MABBOB_99,0.291577392428782,0.1441698504469872,MEALPY
mealpy_BaseVCS,-100,586,5,586,MABBOB_586,0.20104772392893847,0.118372244159687,MEALPY
mealpy_JADE,-100,411,5,411,MABBOB_411,0.06840002509859366,0.06905836367480168,MEALPY
mealpy_SADE,-100,97,5,97,MABBOB_97,0.07128908344044216,0.011568078983364198,MEALPY
mealpy_OriginalSARO,-100,901,5,901,MABBOB_901,0.1580460425139914,0.1426588370259885,MEALPY
mealpy_OriginalSARO,-100,918,5,918,MABBOB_918,0.2325955137930979,0.050745915241186004,MEALPY
mealpy_OriginalSARO,-100,955,5,955,MABBOB_955,0.044053942911593216,0.017490751777811404,MEALPY
mealpy_OriginalSARO,-100,220,5,220,MABBOB_220,0.3958366424638168,0.30680460052416414,MEALPY
mealpy_JADE,-100,424,5,424,MABBOB_424,0.130274863860175,0.09626023669363361,MEALPY
mealpy_LevyES,-100,275,5,275,MABBOB_275,0.19093169151622108,0.07208187209363315,MEALPY
mealpy_L_SHADE,-100,707,5,707,MABBOB_707,0.2560159372996553,0.11803953127078641,MEALPY
mealpy_OriginalTWO,-100,597,5,597,MABBOB_597,0.19074966775155835,0.08133064940660202,MEALPY
mealpy_OriginalTWO,-100,317,5,317,MABBOB_317,0.12006912962414054,0.05067981210578852,MEALPY
mealpy_JADE,-100,991,5,991,MABBOB_991,0.04693312007322083,0.031278262665429796,MEALPY
mealpy_L_SHADE,-100,877,5,877,MABBOB_877,0.1880833930313354,0.13089090191959085,MEALPY
mealpy_SADE,-100,531,5,531,MABBOB_531,0.22743687239139412,0.12992106925390204,MEALPY
mealpy_LevyES,-100,426,5,426,MABBOB_426,0.16074405446470982,0.11100259824943012,MEALPY
mealpy_OriginalTWO,-100,37,5,37,MABBOB_37,0.3051296016896499,0.15798008679264564,MEALPY
mealpy_OriginalTWO,-100,922,5,922,MABBOB_922,0.3625231881567518,0.06837700938510574,MEALPY
mealpy_OriginalSARO,-100,73,5,73,MABBOB_73,0.2270137985127659,0.12743734897970405,MEALPY
mealpy_SADE,-100,163,5,163,MABBOB_163,0.024551260630638685,0.013273490363037559,MEALPY
mealpy_L_SHADE,-100,887,5,887,MABBOB_887,0.2846511167716653,0.11082350731114389,MEALPY
mealpy_OriginalSARO,-100,259,5,259,MABBOB_259,0.06789132081801383,0.033491215119033926,MEALPY
mealpy_OriginalTWO,-100,259,5,259,MABBOB_259,0.06236768008068629,0.03785873185656861,MEALPY
mealpy_SADE,-100,738,5,738,MABBOB_738,0.23544156402110228,0.32087877675625764,MEALPY
mealpy_JADE,-100,324,5,324,MABBOB_324,0.12748553234617122,0.13622912562212788,MEALPY
mealpy_L_SHADE,-100,426,5,426,MABBOB_426,0.17333552501602867,0.11907583488013278,MEALPY
mealpy_JADE,-100,445,5,445,MABBOB_445,0.08110574162050832,0.014535249697001757,MEALPY
mealpy_BaseVCS,-100,259,5,259,MABBOB_259,0.057061389002096743,0.032972734990449025,MEALPY
mealpy_SADE,-100,714,5,714,MABBOB_714,0.12415314829548989,0.16465439656647102,MEALPY
mealpy_LevyES,-100,569,5,569,MABBOB_569,0.11705825954835944,0.04673122953181349,MEALPY
mealpy_BaseVCS,-100,123,5,123,MABBOB_123,0.13717944992691247,0.114109533702071,MEALPY
mealpy_L_SHADE,-100,317,5,317,MABBOB_317,0.1021349826689183,0.04184228993034738,MEALPY
mealpy_BaseVCS,-100,787,5,787,MABBOB_787,0.12681018649220066,0.09858786743828186,MEALPY
mealpy_LevyES,-100,879,5,879,MABBOB_879,0.11306519232079082,0.19993233693631282,MEALPY
mealpy_LevyES,-100,687,5,687,MABBOB_687,0.3937597944991366,0.24699905393432975,MEALPY
mealpy_OriginalTWO,-100,862,5,862,MABBOB_862,0.25057720378063064,0.29884571824886325,MEALPY
mealpy_OriginalTWO,-100,879,5,879,MABBOB_879,0.135899632558634,0.23784871948085778,MEALPY
mealpy_L_SHADE,-100,333,5,333,MABBOB_333,0.022223578922557077,0.01035501364571555,MEALPY
mealpy_JADE,-100,329,5,329,MABBOB_329,0.12923383548521894,0.12427745960474727,MEALPY
mealpy_BaseVCS,-100,407,5,407,MABBOB_407,0.17347227074783195,0.11226236481391008,MEALPY
mealpy_JADE,-100,486,5,486,MABBOB_486,0.12607030690778345,0.07127649234333645,MEALPY
mealpy_OriginalTWO,-100,51,5,51,MABBOB_51,0.047399485174578274,0.04193648377513793,MEALPY
mealpy_OriginalTWO,-100,97,5,97,MABBOB_97,0.06858728188723986,0.013387183500085921,MEALPY
mealpy_SADE,-100,502,5,502,MABBOB_502,0.15014053323810594,0.04190838536950231,MEALPY
mealpy_OriginalSARO,-100,317,5,317,MABBOB_317,0.10315954693422824,0.044979600807905085,MEALPY
mealpy_OriginalSARO,-100,88,5,88,MABBOB_88,0.06243941644062687,0.03272514185487134,MEALPY
mealpy_OriginalTWO,-100,877,5,877,MABBOB_877,0.17847313154175254,0.10110302823132787,MEALPY
mealpy_JADE,-100,348,5,348,MABBOB_348,0.032674957720414975,0.014585633197576303,MEALPY
mealpy_JADE,-100,248,5,248,MABBOB_248,0.08760553284834699,0.1356238306600024,MEALPY
mealpy_SADE,-100,215,5,215,MABBOB_215,0.2124521476467181,0.13218118486260835,MEALPY
mealpy_LevyES,-100,176,5,176,MABBOB_176,0.2596699335444016,0.1371292316569521,MEALPY
mealpy_SADE,-100,756,5,756,MABBOB_756,0.27296797065788614,0.11759764210133024,MEALPY
mealpy_OriginalSARO,-100,798,5,798,MABBOB_798,0.2803615542739015,0.0831936263731409,MEALPY
mealpy_LevyES,-100,346,5,346,MABBOB_346,0.09692237563088928,0.10514227753734047,MEALPY
mealpy_OriginalSARO,-100,812,5,812,MABBOB_812,0.06654078400555434,0.026489166739510007,MEALPY
mealpy_SADE,-100,949,5,949,MABBOB_949,0.09731186959373264,0.06741746402780413,MEALPY
mealpy_L_SHADE,-100,997,5,997,MABBOB_997,0.09558216307349802,0.0636819665023466,MEALPY
mealpy_OriginalSARO,-100,349,5,349,MABBOB_349,0.23510419080022063,0.06081933265941402,MEALPY
mealpy_OriginalTWO,-100,166,5,166,MABBOB_166,0.19244170869356214,0.0623858047492329,MEALPY
mealpy_OriginalTWO,-100,335,5,335,MABBOB_335,0.0772989322355079,0.07199478134978596,MEALPY
mealpy_JADE,-100,709,5,709,MABBOB_709,0.16767534795786207,0.04827240869529321,MEALPY
mealpy_OriginalSARO,-100,67,5,67,MABBOB_67,0.14707010325753478,0.08887269459695485,MEALPY
mealpy_BaseVCS,-100,993,5,993,MABBOB_993,0.1125084100966434,0.02205717305094008,MEALPY
mealpy_SADE,-100,188,5,188,MABBOB_188,0.13450782144154355,0.09481757970545884,MEALPY
mealpy_OriginalTWO,-100,411,5,411,MABBOB_411,0.07404125474482637,0.07382503185173908,MEALPY
mealpy_SADE,-100,617,5,617,MABBOB_617,0.18453188037855475,0.14736902598613189,MEALPY
mealpy_BaseVCS,-100,243,5,243,MABBOB_243,0.023151422200609662,0.016984661566582335,MEALPY
mealpy_L_SHADE,-100,181,5,181,MABBOB_181,0.04410598828556267,0.02479304531906027,MEALPY
mealpy_SADE,-100,525,5,525,MABBOB_525,0.1558426393849026,0.08667502899740868,MEALPY
mealpy_LevyES,-100,639,5,639,MABBOB_639,0.12997671962891416,0.07237814488772824,MEALPY
mealpy_LevyES,-100,410,5,410,MABBOB_410,0.037569538092771734,0.04287553427075509,MEALPY
mealpy_SADE,-100,566,5,566,MABBOB_566,0.19840744829122403,0.07671929041771662,MEALPY
mealpy_L_SHADE,-100,865,5,865,MABBOB_865,0.19593109897001382,0.17190984668156295,MEALPY
mealpy_OriginalTWO,-100,680,5,680,MABBOB_680,0.10562262631734876,0.041268721463136676,MEALPY
mealpy_OriginalSARO,-100,40,5,40,MABBOB_40,0.07537287517679139,0.08574613637672748,MEALPY
mealpy_L_SHADE,-100,955,5,955,MABBOB_955,0.037523177314082154,0.020475491555556165,MEALPY
mealpy_LevyES,-100,368,5,368,MABBOB_368,0.14199437815542668,0.2185664867141287,MEALPY
mealpy_JADE,-100,407,5,407,MABBOB_407,0.20991140382455695,0.114587668629929,MEALPY
mealpy_JADE,-100,609,5,609,MABBOB_609,0.18640568855105946,0.09929512904210769,MEALPY
mealpy_BaseVCS,-100,870,5,870,MABBOB_870,0.1532773554414608,0.11857024363299498,MEALPY
mealpy_LevyES,-100,980,5,980,MABBOB_980,0.32646375866187866,0.22819487595745325,MEALPY
mealpy_BaseVCS,-100,248,5,248,MABBOB_248,0.10402255648382419,0.17472346341988446,MEALPY
mealpy_OriginalTWO,-100,368,5,368,MABBOB_368,0.12250000827414068,0.1886778418594591,MEALPY
mealpy_SADE,-100,955,5,955,MABBOB_955,0.04056375386077644,0.018889540076407158,MEALPY
mealpy_OriginalSARO,-100,788,5,788,MABBOB_788,0.03158159844260473,0.01222355986211578,MEALPY
mealpy_OriginalTWO,-100,759,5,759,MABBOB_759,0.36131149458092626,0.08633949378520954,MEALPY
mealpy_JADE,-100,763,5,763,MABBOB_763,0.046459826546313907,0.030955455459127198,MEALPY
mealpy_LevyES,-100,811,5,811,MABBOB_811,0.06046424560190715,0.016298495505582655,MEALPY
mealpy_OriginalTWO,-100,330,5,330,MABBOB_330,0.24246120824655665,0.1630377686239092,MEALPY
mealpy_L_SHADE,-100,629,5,629,MABBOB_629,0.14404569860967498,0.07683679910915725,MEALPY
mealpy_OriginalTWO,-100,423,5,423,MABBOB_423,0.11122014564116552,0.08027537179193461,MEALPY
mealpy_OriginalSARO,-100,558,5,558,MABBOB_558,0.08973672411345134,0.04281429588328587,MEALPY
mealpy_L_SHADE,-100,404,5,404,MABBOB_404,0.041213360221976,0.02845693476893441,MEALPY
mealpy_SADE,-100,37,5,37,MABBOB_37,0.3081381603354111,0.20525285325485604,MEALPY
mealpy_OriginalTWO,-100,181,5,181,MABBOB_181,0.058336676835417677,0.048449105883839494,MEALPY
mealpy_OriginalTWO,-100,827,5,827,MABBOB_827,0.21102903510863763,0.10240138286648608,MEALPY
mealpy_OriginalSARO,-100,502,5,502,MABBOB_502,0.15066741854737858,0.015339927861185898,MEALPY
mealpy_LevyES,-100,949,5,949,MABBOB_949,0.07856266301086497,0.04617883178674123,MEALPY
mealpy_JADE,-100,73,5,73,MABBOB_73,0.20520586614143066,0.12276646392818769,MEALPY
mealpy_OriginalSARO,-100,486,5,486,MABBOB_486,0.08330289121828949,0.025122434799865624,MEALPY
mealpy_L_SHADE,-100,217,5,217,MABBOB_217,0.20975478774902986,0.10999060748015264,MEALPY
mealpy_SADE,-100,74,5,74,MABBOB_74,0.024081210371284953,0.011428994934907339,MEALPY
mealpy_L_SHADE,-100,740,5,740,MABBOB_740,0.14756369769281108,0.09881325886565083,MEALPY
mealpy_OriginalSARO,-100,430,5,430,MABBOB_430,0.07309644763917192,0.07006694157519835,MEALPY
mealpy_L_SHADE,-100,344,5,344,MABBOB_344,0.04338747303985497,0.009902728292056887,MEALPY
mealpy_OriginalTWO,-100,33,5,33,MABBOB_33,0.18949033303399487,0.1954870911504161,MEALPY
mealpy_JADE,-100,147,5,147,MABBOB_147,0.12422568679340056,0.08156191255164243,MEALPY
mealpy_JADE,-100,115,5,115,MABBOB_115,0.2002547064235673,0.11707385021466321,MEALPY
mealpy_L_SHADE,-100,569,5,569,MABBOB_569,0.11958708635174235,0.05107105406752792,MEALPY
mealpy_L_SHADE,-100,221,5,221,MABBOB_221,0.21356922154771235,0.17943126971922232,MEALPY
mealpy_BaseVCS,-100,761,5,761,MABBOB_761,0.07659456537842688,0.011743906166217025,MEALPY
mealpy_OriginalSARO,-100,879,5,879,MABBOB_879,0.14803312430514298,0.2651100939574711,MEALPY
mealpy_OriginalTWO,-100,898,5,898,MABBOB_898,0.0867216715048531,0.12942712025810457,MEALPY
mealpy_OriginalTWO,-100,387,5,387,MABBOB_387,0.02384014725260804,0.015755035095779305,MEALPY
mealpy_BaseVCS,-100,606,5,606,MABBOB_606,0.2351050530211916,0.07454703018998125,MEALPY
mealpy_OriginalSARO,-100,844,5,844,MABBOB_844,0.11532624031549203,0.09770986284556599,MEALPY
mealpy_L_SHADE,-100,101,5,101,MABBOB_101,0.05379054536533364,0.041597464816538046,MEALPY
mealpy_JADE,-100,335,5,335,MABBOB_335,0.06689173826662217,0.05754264839256247,MEALPY
mealpy_LevyES,-100,955,5,955,MABBOB_955,0.09287874453216388,0.06784495893981152,MEALPY
mealpy_L_SHADE,-100,949,5,949,MABBOB_949,0.11880021805340268,0.09089642197736383,MEALPY
mealpy_JADE,-100,419,5,419,MABBOB_419,0.17401573746394447,0.11351910952346386,MEALPY
mealpy_OriginalSARO,-100,538,5,538,MABBOB_538,0.21410163079519115,0.06932072085648662,MEALPY
mealpy_LevyES,-100,82,5,82,MABBOB_82,0.08036356430256146,0.026585638057110467,MEALPY
mealpy_SADE,-100,248,5,248,MABBOB_248,0.09106097716839431,0.14196867505411162,MEALPY
mealpy_LevyES,-100,764,5,764,MABBOB_764,0.04509493280842058,0.02545420337749477,MEALPY
mealpy_LevyES,-100,747,5,747,MABBOB_747,0.14030025684945358,0.13106730625142754,MEALPY
mealpy_JADE,-100,954,5,954,MABBOB_954,0.1414144436392277,0.20909766544134492,MEALPY
mealpy_BaseVCS,-100,215,5,215,MABBOB_215,0.16133904963779705,0.10808595495412006,MEALPY
mealpy_BaseVCS,-100,411,5,411,MABBOB_411,0.07385779251196274,0.07282426643677203,MEALPY
mealpy_LevyES,-100,149,5,149,MABBOB_149,0.24895606227382885,0.16297293527260165,MEALPY
mealpy_LevyES,-100,788,5,788,MABBOB_788,0.06585597217136485,0.05391031803225756,MEALPY
mealpy_OriginalTWO,-100,491,5,491,MABBOB_491,0.2144196010167052,0.14654535552509654,MEALPY
mealpy_JADE,-100,307,5,307,MABBOB_307,0.09609562485221299,0.11189533299062723,MEALPY
mealpy_BaseVCS,-100,759,5,759,MABBOB_759,0.3312027678803379,0.08632252796340865,MEALPY
mealpy_SADE,-100,217,5,217,MABBOB_217,0.2093794572733163,0.10656476719132356,MEALPY
mealpy_LevyES,-100,852,5,852,MABBOB_852,0.0791529905717831,0.0542822716947912,MEALPY
mealpy_BaseVCS,-100,456,5,456,MABBOB_456,0.017544650424816077,0.007414577160931985,MEALPY
mealpy_LevyES,-100,118,5,118,MABBOB_118,0.15945913258297326,0.2433502455809787,MEALPY
mealpy_L_SHADE,-100,149,5,149,MABBOB_149,0.21599736975675338,0.1169881274935266,MEALPY
mealpy_JADE,-100,476,5,476,MABBOB_476,0.4067510822883502,0.13642632174058747,MEALPY
mealpy_L_SHADE,-100,407,5,407,MABBOB_407,0.21385283967840535,0.12893833509057095,MEALPY
mealpy_LevyES,-100,371,5,371,MABBOB_371,0.18222913314490344,0.1714342684987761,MEALPY
mealpy_BaseVCS,-100,714,5,714,MABBOB_714,0.13301146252711168,0.1702741784849866,MEALPY
mealpy_OriginalSARO,-100,906,5,906,MABBOB_906,0.03762746609433569,0.026708763725353208,MEALPY
mealpy_L_SHADE,-100,788,5,788,MABBOB_788,0.031351838900053636,0.012041815576618146,MEALPY
mealpy_OriginalSARO,-100,763,5,763,MABBOB_763,0.05128123912825677,0.02987577630659278,MEALPY
mealpy_L_SHADE,-100,335,5,335,MABBOB_335,0.066362045741548,0.0566186209533793,MEALPY
mealpy_OriginalTWO,-100,798,5,798,MABBOB_798,0.301496846453304,0.10964571630436755,MEALPY
mealpy_SADE,-100,327,5,327,MABBOB_327,0.2376350631954859,0.13731678103681447,MEALPY
mealpy_OriginalTWO,-100,577,5,577,MABBOB_577,0.17545045187976754,0.07963441520178303,MEALPY
mealpy_OriginalSARO,-100,566,5,566,MABBOB_566,0.19736392727755636,0.052064805034578214,MEALPY
mealpy_LevyES,-100,449,5,449,MABBOB_449,0.022702386719112174,0.011449284134132823,MEALPY
mealpy_OriginalTWO,-100,700,5,700,MABBOB_700,0.07504687262817987,0.0702936866180358,MEALPY
mealpy_BaseVCS,-100,848,5,848,MABBOB_848,0.38658094222519335,0.20749253024084016,MEALPY
mealpy_OriginalTWO,-100,964,5,964,MABBOB_964,0.19741942814488894,0.05808921674148306,MEALPY
mealpy_OriginalSARO,-100,161,5,161,MABBOB_161,0.19326297158960876,0.05642972729567361,MEALPY
mealpy_BaseVCS,-100,747,5,747,MABBOB_747,0.12716902413946857,0.10917612215819415,MEALPY
mealpy_L_SHADE,-100,116,5,116,MABBOB_116,0.04505509210008635,0.03388218869300798,MEALPY
mealpy_OriginalTWO,-100,955,5,955,MABBOB_955,0.03985395175527237,0.018057225242010925,MEALPY
mealpy_LevyES,-100,525,5,525,MABBOB_525,0.15837986290811368,0.08461691660171876,MEALPY
mealpy_L_SHADE,-100,415,5,415,MABBOB_415,0.30257661451036866,0.3540269684438153,MEALPY
mealpy_JADE,-100,220,5,220,MABBOB_220,0.333538083805364,0.10753244491826786,MEALPY
mealpy_LevyES,-100,456,5,456,MABBOB_456,0.014129052680478274,0.004725501244328032,MEALPY
mealpy_OriginalSARO,-100,482,5,482,MABBOB_482,0.22407031202029662,0.051681639267792956,MEALPY
mealpy_OriginalTWO,-100,430,5,430,MABBOB_430,0.07557070848308915,0.07732741609724306,MEALPY
mealpy_OriginalSARO,-100,217,5,217,MABBOB_217,0.1916649321001877,0.1056501943388278,MEALPY
mealpy_OriginalTWO,-100,671,5,671,MABBOB_671,0.2163300106064539,0.13124739964940307,MEALPY
mealpy_OriginalSARO,-100,144,5,144,MABBOB_144,0.18347138968136711,0.2321759049630028,MEALPY
mealpy_JADE,-100,707,5,707,MABBOB_707,0.24056681682492886,0.12001396924119967,MEALPY
mealpy_JADE,-100,44,5,44,MABBOB_44,0.06535310755270476,0.03935544680847041,MEALPY
mealpy_OriginalSARO,-100,523,5,523,MABBOB_523,0.05866970014544818,0.0342476035072922,MEALPY
mealpy_OriginalSARO,-100,646,5,646,MABBOB_646,0.08472465711113827,0.052235198889762684,MEALPY
mealpy_SADE,-100,113,5,113,MABBOB_113,0.13311124064724505,0.1217071022871864,MEALPY
mealpy_LevyES,-100,348,5,348,MABBOB_348,0.0417597859811213,0.0337831802926729,MEALPY
mealpy_JADE,-100,368,5,368,MABBOB_368,0.10358278062517481,0.15059483567323545,MEALPY
mealpy_SADE,-100,862,5,862,MABBOB_862,0.14913794052895707,0.13334497881866794,MEALPY
mealpy_BaseVCS,-100,950,5,950,MABBOB_950,0.11943706316709683,0.05634291682700167,MEALPY
mealpy_JADE,-100,530,5,530,MABBOB_530,0.056834966857424875,0.09488877248937311,MEALPY
mealpy_BaseVCS,-100,795,5,795,MABBOB_795,0.18457016410542743,0.08526257685172713,MEALPY
mealpy_BaseVCS,-100,410,5,410,MABBOB_410,0.041523633585625,0.03966020839705406,MEALPY
mealpy_OriginalSARO,-100,344,5,344,MABBOB_344,0.04279369846252874,0.011154993091211091,MEALPY
mealpy_JADE,-100,373,5,373,MABBOB_373,0.2517595726376652,0.2862207457811887,MEALPY
mealpy_SADE,-100,103,5,103,MABBOB_103,0.12146033591573788,0.0734285431390294,MEALPY
mealpy_JADE,-100,575,5,575,MABBOB_575,0.4243543813691407,0.22852865851041101,MEALPY
mealpy_L_SHADE,-100,556,5,556,MABBOB_556,0.04369205282086278,0.014832258558860568,MEALPY
mealpy_L_SHADE,-100,26,5,26,MABBOB_26,0.17599322842111598,0.2471387968632331,MEALPY
mealpy_OriginalSARO,-100,827,5,827,MABBOB_827,0.17943187378286415,0.07903703474954533,MEALPY
mealpy_SADE,-100,604,5,604,MABBOB_604,0.12396989382162349,0.12424198586145395,MEALPY
mealpy_L_SHADE,-100,257,5,257,MABBOB_257,0.11711141712465818,0.056389742922456215,MEALPY
mealpy_L_SHADE,-100,536,5,536,MABBOB_536,0.21034420530292572,0.08926135590577351,MEALPY
mealpy_OriginalTWO,-100,257,5,257,MABBOB_257,0.11828546583662818,0.04899440784196399,MEALPY
mealpy_BaseVCS,-100,266,5,266,MABBOB_266,0.35224387702411775,0.2633384126888511,MEALPY
mealpy_L_SHADE,-100,361,5,361,MABBOB_361,0.38301913524545955,0.1881845655730658,MEALPY
mealpy_L_SHADE,-100,482,5,482,MABBOB_482,0.21624783868628533,0.020466657873894973,MEALPY
mealpy_LevyES,-100,699,5,699,MABBOB_699,0.16865469651585946,0.10179431039551647,MEALPY
mealpy_L_SHADE,-100,40,5,40,MABBOB_40,0.06464692980491847,0.06662733604329991,MEALPY
mealpy_SADE,-100,361,5,361,MABBOB_361,0.35956474824014173,0.19138058548063805,MEALPY
mealpy_LevyES,-100,756,5,756,MABBOB_756,0.2709616495818771,0.1541701990153652,MEALPY
mealpy_LevyES,-100,114,5,114,MABBOB_114,0.3648396598597904,0.16795289699309696,MEALPY
mealpy_SADE,-100,954,5,954,MABBOB_954,0.14601588913042335,0.21362321166492138,MEALPY
mealpy_OriginalTWO,-100,367,5,367,MABBOB_367,0.2667660206464865,0.1775421126144565,MEALPY
mealpy_JADE,-100,864,5,864,MABBOB_864,0.07367172038383821,0.04992071596154336,MEALPY
mealpy_SADE,-100,772,5,772,MABBOB_772,0.3812618913081603,0.2953287379670058,MEALPY
mealpy_OriginalTWO,-100,713,5,713,MABBOB_713,0.05337658570903185,0.04078018701472871,MEALPY
mealpy_BaseVCS,-100,538,5,538,MABBOB_538,0.18474335595052555,0.06542807835016308,MEALPY
mealpy_LevyES,-100,215,5,215,MABBOB_215,0.2493759442596329,0.16830780310023172,MEALPY
mealpy_L_SHADE,-100,161,5,161,MABBOB_161,0.16898962379662244,0.07172736511615387,MEALPY
mealpy_JADE,-100,421,5,421,MABBOB_421,0.13030144628891885,0.07554152007282905,MEALPY
mealpy_OriginalTWO,-100,954,5,954,MABBOB_954,0.1394111722830758,0.19260682739325596,MEALPY
mealpy_L_SHADE,-100,739,5,739,MABBOB_739,0.04675268037882107,0.019524683766902702,MEALPY
mealpy_LevyES,-100,324,5,324,MABBOB_324,0.11088238449922298,0.1116394085503497,MEALPY
mealpy_JADE,-100,82,5,82,MABBOB_82,0.07094854415748847,0.024843284683298196,MEALPY
mealpy_OriginalTWO,-100,761,5,761,MABBOB_761,0.0868848395145583,0.02129145664238166,MEALPY
mealpy_SADE,-100,404,5,404,MABBOB_404,0.04288070027826737,0.03055090057496695,MEALPY
mealpy_LevyES,-100,99,5,99,MABBOB_99,0.28175946222227394,0.17351538535900682,MEALPY
mealpy_OriginalTWO,-100,324,5,324,MABBOB_324,0.14660093925910317,0.14690058102344603,MEALPY
mealpy_L_SHADE,-100,852,5,852,MABBOB_852,0.07517707096474241,0.053813969526164546,MEALPY
mealpy_SADE,-100,577,5,577,MABBOB_577,0.18525458273179926,0.09355485481938838,MEALPY
mealpy_BaseVCS,-100,307,5,307,MABBOB_307,0.10599168058973167,0.1085762674542731,MEALPY
mealpy_L_SHADE,-100,827,5,827,MABBOB_827,0.16770798905863438,0.05606398982049026,MEALPY
mealpy_BaseVCS,-100,783,5,783,MABBOB_783,0.10660723256860956,0.08591914545411322,MEALPY
mealpy_BaseVCS,-100,359,5,359,MABBOB_359,0.32038655547399475,0.07395889345864788,MEALPY
mealpy_SADE,-100,519,5,519,MABBOB_519,0.2891978220776551,0.14434327020085597,MEALPY
mealpy_JADE,-100,523,5,523,MABBOB_523,0.04661631573283666,0.026263869004232866,MEALPY
mealpy_BaseVCS,-100,727,5,727,MABBOB_727,0.09377950404898232,0.12945881942386978,MEALPY
mealpy_SADE,-100,787,5,787,MABBOB_787,0.11143206171074538,0.04991945937321614,MEALPY
mealpy_OriginalTWO,-100,449,5,449,MABBOB_449,0.020666530157412384,0.009700489093934624,MEALPY
mealpy_LevyES,-100,982,5,982,MABBOB_982,0.025880257413761286,0.01418406743381433,MEALPY
mealpy_BaseVCS,-100,367,5,367,MABBOB_367,0.22948565802953874,0.15182637481755168,MEALPY
mealpy_OriginalSARO,-100,782,5,782,MABBOB_782,0.15289938135302245,0.07031227989412633,MEALPY
mealpy_JADE,-100,810,5,810,MABBOB_810,0.10749523728553627,0.13028599586928796,MEALPY
mealpy_OriginalTWO,-100,113,5,113,MABBOB_113,0.11549695517935657,0.08662546610261661,MEALPY
mealpy_OriginalTWO,-100,975,5,975,MABBOB_975,0.1465880595610103,0.07251544763845082,MEALPY
mealpy_JADE,-100,107,5,107,MABBOB_107,0.06047446176566743,0.03231191929970314,MEALPY
mealpy_SADE,-100,208,5,208,MABBOB_208,0.10145269797403869,0.0713803293358268,MEALPY
mealpy_OriginalTWO,-100,359,5,359,MABBOB_359,0.2831712687793416,0.04111293377387934,MEALPY
mealpy_OriginalSARO,-100,456,5,456,MABBOB_456,0.016529481161127815,0.006809896385853038,MEALPY
mealpy_L_SHADE,-100,430,5,430,MABBOB_430,0.08845781897610663,0.09849830440595864,MEALPY
mealpy_SADE,-100,555,5,555,MABBOB_555,0.19395554056431577,0.09135078230210054,MEALPY
mealpy_L_SHADE,-100,82,5,82,MABBOB_82,0.08237362532109584,0.035245868989273545,MEALPY
mealpy_SADE,-100,695,5,695,MABBOB_695,0.061981457010439445,0.02101596955018372,MEALPY
mealpy_OriginalTWO,-100,747,5,747,MABBOB_747,0.15321866902532863,0.16193551590140767,MEALPY
mealpy_BaseVCS,-100,268,5,268,MABBOB_268,0.25683744413819337,0.04493216451384417,MEALPY
mealpy_OriginalTWO,-100,203,5,203,MABBOB_203,0.24612915255202425,0.15983010048166027,MEALPY
mealpy_LevyES,-100,482,5,482,MABBOB_482,0.29899226420961067,0.07607626143374092,MEALPY
mealpy_SADE,-100,740,5,740,MABBOB_740,0.16592683497986588,0.13817216803147492,MEALPY
mealpy_OriginalSARO,-100,34,5,34,MABBOB_34,0.13694189359836548,0.1170366943485463,MEALPY
mealpy_L_SHADE,-100,418,5,418,MABBOB_418,0.19487627828752657,0.20811876462763432,MEALPY
mealpy_SADE,-100,307,5,307,MABBOB_307,0.10144457203081929,0.09921236984680709,MEALPY
mealpy_BaseVCS,-100,413,5,413,MABBOB_413,0.18283545017447378,0.13468567330222336,MEALPY
mealpy_L_SHADE,-100,387,5,387,MABBOB_387,0.02337825947056109,0.017083942471714166,MEALPY
mealpy_LevyES,-100,464,5,464,MABBOB_464,0.20944320016591123,0.034189552922185146,MEALPY
mealpy_LevyES,-100,266,5,266,MABBOB_266,0.4986571077382262,0.37787464967259177,MEALPY
mealpy_OriginalSARO,-100,147,5,147,MABBOB_147,0.12440372518373691,0.09793185606161502,MEALPY
mealpy_SADE,-100,419,5,419,MABBOB_419,0.18879786852195993,0.11125130939290058,MEALPY
mealpy_SADE,-100,918,5,918,MABBOB_918,0.26058624510225803,0.07456502871580487,MEALPY
mealpy_LevyES,-100,906,5,906,MABBOB_906,0.044173191862537105,0.016740884287278296,MEALPY
mealpy_OriginalTWO,-100,997,5,997,MABBOB_997,0.0992877656175005,0.06893727954052288,MEALPY
mealpy_OriginalSARO,-100,248,5,248,MABBOB_248,0.08226152058964756,0.12288059405869915,MEALPY
mealpy_BaseVCS,-100,680,5,680,MABBOB_680,0.08951409687721616,0.031147917954914436,MEALPY
mealpy_BaseVCS,-100,671,5,671,MABBOB_671,0.24537130052408815,0.21037773890456035,MEALPY
mealpy_LevyES,-100,440,5,440,MABBOB_440,0.045802342417342774,0.037327204535437024,MEALPY
mealpy_LevyES,-100,766,5,766,MABBOB_766,0.08840816221324041,0.026157506716008548,MEALPY
mealpy_LevyES,-100,284,5,284,MABBOB_284,0.11639317711736416,0.07978511541921643,MEALPY
mealpy_OriginalSARO,-100,727,5,727,MABBOB_727,0.10065742516849033,0.14225212008900054,MEALPY
mealpy_JADE,-100,15,5,15,MABBOB_15,0.1272487888086734,0.12901769534731608,MEALPY
mealpy_OriginalSARO,-100,779,5,779,MABBOB_779,0.05619536671520932,0.047999213253920814,MEALPY
mealpy_JADE,-100,360,5,360,MABBOB_360,0.13126743535724902,0.11510222152718344,MEALPY
mealpy_BaseVCS,-100,699,5,699,MABBOB_699,0.14971507657916738,0.09088094728715539,MEALPY
mealpy_L_SHADE,-100,965,5,965,MABBOB_965,0.33085022912673184,0.10742514522908565,MEALPY
mealpy_JADE,-100,270,5,270,MABBOB_270,0.2669821421601183,0.2003103482183646,MEALPY
mealpy_OriginalSARO,-100,898,5,898,MABBOB_898,0.08398419628502743,0.11868075391227133,MEALPY
mealpy_L_SHADE,-100,901,5,901,MABBOB_901,0.11810494733695154,0.0928568848024755,MEALPY
mealpy_L_SHADE,-100,118,5,118,MABBOB_118,0.09271189642170051,0.11485958919271418,MEALPY
mealpy_BaseVCS,-100,741,5,741,MABBOB_741,0.1206417506836401,0.14204743078295498,MEALPY
mealpy_OriginalTWO,-100,662,5,662,MABBOB_662,0.19411325948880478,0.14730030092370122,MEALPY
mealpy_BaseVCS,-100,911,5,911,MABBOB_911,0.2723045398814591,0.2159775481009696,MEALPY
mealpy_SADE,-100,677,5,677,MABBOB_677,0.1634734096855071,0.06772724957061675,MEALPY
mealpy_L_SHADE,-100,114,5,114,MABBOB_114,0.3199351016624334,0.11107529863555513,MEALPY
mealpy_BaseVCS,-100,371,5,371,MABBOB_371,0.19539053102802864,0.16830009741961655,MEALPY
mealpy_OriginalTWO,-100,6,5,6,MABBOB_6,0.1630770211304533,0.03387621805501421,MEALPY
mealpy_L_SHADE,-100,759,5,759,MABBOB_759,0.35218329207232724,0.09449644405441582,MEALPY
mealpy_JADE,-100,918,5,918,MABBOB_918,0.23135731624509814,0.07137889532402716,MEALPY
mealpy_JADE,-100,980,5,980,MABBOB_980,0.2511074309079332,0.1078855515796519,MEALPY
mealpy_BaseVCS,-100,738,5,738,MABBOB_738,0.1890099689639298,0.21949172576652656,MEALPY
mealpy_OriginalTWO,-100,691,5,691,MABBOB_691,0.017056352954228256,0.013893295978922832,MEALPY
mealpy_OriginalSARO,-100,390,5,390,MABBOB_390,0.026080351655773014,0.022172623784008826,MEALPY
mealpy_L_SHADE,-100,324,5,324,MABBOB_324,0.11490001314492962,0.10171739693854656,MEALPY
mealpy_BaseVCS,-100,528,5,528,MABBOB_528,0.035358015110783826,0.029626480389834203,MEALPY
mealpy_BaseVCS,-100,275,5,275,MABBOB_275,0.24813290933432386,0.14591712655162076,MEALPY
mealpy_OriginalTWO,-100,949,5,949,MABBOB_949,0.07909675214361056,0.05465951281023677,MEALPY
mealpy_L_SHADE,-100,713,5,713,MABBOB_713,0.06845990990428,0.06292252158672264,MEALPY
mealpy_SADE,-100,865,5,865,MABBOB_865,0.19648664983718,0.16557626707075215,MEALPY
mealpy_BaseVCS,-100,415,5,415,MABBOB_415,0.29893262458504405,0.29772113823047414,MEALPY
mealpy_BaseVCS,-100,769,5,769,MABBOB_769,0.1735675434718706,0.17261640185766047,MEALPY
mealpy_OriginalSARO,-100,965,5,965,MABBOB_965,0.33879691180175964,0.10457904805483059,MEALPY
mealpy_L_SHADE,-100,6,5,6,MABBOB_6,0.15846372047113574,0.0277197534659979,MEALPY
mealpy_OriginalTWO,-100,769,5,769,MABBOB_769,0.16583335947457153,0.15940275800876028,MEALPY
mealpy_LevyES,-100,243,5,243,MABBOB_243,0.023159162126254844,0.017377179711996937,MEALPY
mealpy_LevyES,-100,677,5,677,MABBOB_677,0.18269526592566213,0.09913087725184855,MEALPY
mealpy_SADE,-100,691,5,691,MABBOB_691,0.01715531376736038,0.0139998604301058,MEALPY
mealpy_L_SHADE,-100,798,5,798,MABBOB_798,0.28715326962606985,0.10852750340688659,MEALPY
mealpy_BaseVCS,-100,609,5,609,MABBOB_609,0.16761785821949435,0.09838403876298493,MEALPY
mealpy_OriginalTWO,-100,482,5,482,MABBOB_482,0.21759339964369323,0.04861965311239057,MEALPY
mealpy_L_SHADE,-100,346,5,346,MABBOB_346,0.051384917948783235,0.04252397547342016,MEALPY
mealpy_OriginalTWO,-100,421,5,421,MABBOB_421,0.1444252438980476,0.07121081024655242,MEALPY
mealpy_OriginalSARO,-100,738,5,738,MABBOB_738,0.22796481166990543,0.2879946358154522,MEALPY
mealpy_OriginalTWO,-100,2,5,2,MABBOB_2,0.2646353779501633,0.2550180502090667,MEALPY
mealpy_L_SHADE,-100,542,5,542,MABBOB_542,0.04664817107778832,0.03962806211387102,MEALPY
mealpy_BaseVCS,-100,980,5,980,MABBOB_980,0.2302159713542494,0.15880760435320262,MEALPY
mealpy_OriginalSARO,-100,330,5,330,MABBOB_330,0.2622845504074328,0.18092510045549137,MEALPY
mealpy_BaseVCS,-100,964,5,964,MABBOB_964,0.18038930058166028,0.07369820152268085,MEALPY
mealpy_JADE,-100,181,5,181,MABBOB_181,0.04726492005026367,0.04074479114677678,MEALPY
mealpy_OriginalSARO,-100,609,5,609,MABBOB_609,0.1769795598163762,0.08502083757221618,MEALPY
mealpy_OriginalSARO,-100,327,5,327,MABBOB_327,0.20002415293864031,0.11345717749113587,MEALPY
mealpy_OriginalSARO,-100,407,5,407,MABBOB_407,0.2664947472235188,0.14809109411929858,MEALPY
mealpy_JADE,-100,418,5,418,MABBOB_418,0.19192658885502437,0.20969355681413587,MEALPY
mealpy_BaseVCS,-100,523,5,523,MABBOB_523,0.05194824419671472,0.032809392476743825,MEALPY
mealpy_JADE,-100,359,5,359,MABBOB_359,0.29744248712073695,0.04521407178854748,MEALPY
mealpy_JADE,-100,531,5,531,MABBOB_531,0.20199111071349835,0.14350655585230113,MEALPY
mealpy_OriginalTWO,-100,830,5,830,MABBOB_830,0.24722572184819347,0.17839520226942263,MEALPY
mealpy_BaseVCS,-100,260,5,260,MABBOB_260,0.2525423800867478,0.05426379745156577,MEALPY
mealpy_OriginalTWO,-100,699,5,699,MABBOB_699,0.18865025269600028,0.12663730397249615,MEALPY
mealpy_OriginalTWO,-100,220,5,220,MABBOB_220,0.38078955708529577,0.31371223445448415,MEALPY
mealpy_OriginalTWO,-100,440,5,440,MABBOB_440,0.04982603315468015,0.03645048544441262,MEALPY
mealpy_LevyES,-100,689,5,689,MABBOB_689,0.025909542971058148,0.017272061483387044,MEALPY
mealpy_OriginalTWO,-100,464,5,464,MABBOB_464,0.15702345318394,0.035487744044453026,MEALPY
mealpy_JADE,-100,565,5,565,MABBOB_565,0.04649894812837079,0.03615965969306728,MEALPY
mealpy_OriginalSARO,-100,418,5,418,MABBOB_418,0.2090679728373072,0.23408272803481867,MEALPY
mealpy_LevyES,-100,575,5,575,MABBOB_575,0.36587501030959646,0.218621321159281,MEALPY
mealpy_OriginalSARO,-100,350,5,350,MABBOB_350,0.0854092980175983,0.05553991787799849,MEALPY
mealpy_L_SHADE,-100,763,5,763,MABBOB_763,0.0449789018205209,0.03079230888462152,MEALPY
mealpy_LevyES,-100,405,5,405,MABBOB_405,0.1517219256662861,0.06362139336309862,MEALPY
mealpy_LevyES,-100,116,5,116,MABBOB_116,0.0691257014941003,0.058967207590892225,MEALPY
mealpy_OriginalSARO,-100,865,5,865,MABBOB_865,0.20540373338034357,0.18467329263446475,MEALPY
mealpy_SADE,-100,877,5,877,MABBOB_877,0.1962959938150819,0.13361123836583044,MEALPY
mealpy_L_SHADE,-100,260,5,260,MABBOB_260,0.2564486747419859,0.08261265467055906,MEALPY
mealpy_LevyES,-100,508,5,508,MABBOB_508,0.13600125584123712,0.10638749251491064,MEALPY
mealpy_SADE,-100,2,5,2,MABBOB_2,0.2511303082112123,0.2608151850264722,MEALPY
mealpy_LevyES,-100,642,5,642,MABBOB_642,0.09156588821413494,0.058804827617160306,MEALPY
mealpy_SADE,-100,101,5,101,MABBOB_101,0.0574141727429488,0.04041391692603368,MEALPY
mealpy_OriginalTWO,-100,177,5,177,MABBOB_177,0.05641649169180403,0.03780407111217375,MEALPY
mealpy_SADE,-100,51,5,51,MABBOB_51,0.05183340800269008,0.0487695809464913,MEALPY
mealpy_LevyES,-100,162,5,162,MABBOB_162,0.11940238859519507,0.030852232010779038,MEALPY
mealpy_JADE,-100,878,5,878,MABBOB_878,0.17433833302850663,0.04333782167628607,MEALPY
mealpy_OriginalSARO,-100,61,5,61,MABBOB_61,0.1452516210948642,0.048593186879365965,MEALPY
mealpy_SADE,-100,367,5,367,MABBOB_367,0.27015137349830387,0.19883628791934077,MEALPY
mealpy_L_SHADE,-100,103,5,103,MABBOB_103,0.10054542212019216,0.04985336609268405,MEALPY
mealpy_OriginalTWO,-100,852,5,852,MABBOB_852,0.07024185789146047,0.0436008855474832,MEALPY
mealpy_LevyES,-100,246,5,246,MABBOB_246,0.11346959173224477,0.11095470984228516,MEALPY
mealpy_SADE,-100,586,5,586,MABBOB_586,0.18704423010605004,0.1059591929236721,MEALPY
mealpy_SADE,-100,997,5,997,MABBOB_997,0.09041546231140069,0.05012529084118542,MEALPY
mealpy_BaseVCS,-100,739,5,739,MABBOB_739,0.042143886500714725,0.019673162568182703,MEALPY
mealpy_BaseVCS,-100,709,5,709,MABBOB_709,0.20480901154613687,0.10946807510165517,MEALPY
mealpy_OriginalTWO,-100,531,5,531,MABBOB_531,0.18152360316443775,0.11347175468101979,MEALPY
mealpy_JADE,-100,567,5,567,MABBOB_567,0.09539467546577504,0.06725359926098061,MEALPY
mealpy_OriginalSARO,-100,689,5,689,MABBOB_689,0.024246733321806803,0.0139630471051254,MEALPY
mealpy_OriginalSARO,-100,876,5,876,MABBOB_876,0.165876028688119,0.1605439121579233,MEALPY
mealpy_JADE,-100,657,5,657,MABBOB_657,0.34750731526501816,0.09043574278381011,MEALPY
mealpy_OriginalSARO,-100,116,5,116,MABBOB_116,0.05990435822976593,0.05287366978146068,MEALPY
mealpy_L_SHADE,-100,617,5,617,MABBOB_617,0.18645764301917883,0.14783503952505467,MEALPY
mealpy_BaseVCS,-100,8,5,8,MABBOB_8,0.15140492637569003,0.04787676209570342,MEALPY
mealpy_BaseVCS,-100,887,5,887,MABBOB_887,0.2633506833102037,0.08508043110834909,MEALPY
mealpy_L_SHADE,-100,349,5,349,MABBOB_349,0.25636884332247223,0.06121206795113201,MEALPY
mealpy_SADE,-100,259,5,259,MABBOB_259,0.0631607056625506,0.03732127536773384,MEALPY
mealpy_OriginalSARO,-100,980,5,980,MABBOB_980,0.24469774787059748,0.1187799293411174,MEALPY
mealpy_L_SHADE,-100,523,5,523,MABBOB_523,0.05935522659107616,0.04239982820613852,MEALPY
mealpy_BaseVCS,-100,569,5,569,MABBOB_569,0.0987432264661893,0.0404048859405447,MEALPY
mealpy_OriginalSARO,-100,542,5,542,MABBOB_542,0.047208198448267874,0.03973164981363836,MEALPY
mealpy_OriginalTWO,-100,677,5,677,MABBOB_677,0.19130540894755654,0.1195084356705424,MEALPY
mealpy_BaseVCS,-100,445,5,445,MABBOB_445,0.10268352222410915,0.019035334465751917,MEALPY
mealpy_OriginalTWO,-100,519,5,519,MABBOB_519,0.30179715596632445,0.16585165209133115,MEALPY
mealpy_LevyES,-100,166,5,166,MABBOB_166,0.1975418344643828,0.0900389808035478,MEALPY
mealpy_JADE,-100,259,5,259,MABBOB_259,0.06850837311887559,0.04221001615146108,MEALPY
mealpy_L_SHADE,-100,975,5,975,MABBOB_975,0.14229158719919002,0.09461501082874108,MEALPY
mealpy_LevyES,-100,37,5,37,MABBOB_37,0.3731063494706299,0.1925154791267873,MEALPY
mealpy_SADE,-100,67,5,67,MABBOB_67,0.16885477175424743,0.11307177759050466,MEALPY
mealpy_BaseVCS,-100,73,5,73,MABBOB_73,0.24075252808134767,0.14200476589542813,MEALPY
mealpy_JADE,-100,34,5,34,MABBOB_34,0.11326516716789777,0.06996515654826972,MEALPY
mealpy_OriginalSARO,-100,954,5,954,MABBOB_954,0.16112533325857076,0.23857608598443938,MEALPY
mealpy_BaseVCS,-100,373,5,373,MABBOB_373,0.219667219136998,0.232739604680144,MEALPY
mealpy_JADE,-100,105,5,105,MABBOB_105,0.1847342263449962,0.0994889863359878,MEALPY
mealpy_OriginalTWO,-100,965,5,965,MABBOB_965,0.376756040356988,0.12119294691199976,MEALPY
mealpy_SADE,-100,961,5,961,MABBOB_961,0.26410254205011163,0.18689274337648978,MEALPY
mealpy_L_SHADE,-100,456,5,456,MABBOB_456,0.016351969040271662,0.006848210938513692,MEALPY
mealpy_L_SHADE,-100,876,5,876,MABBOB_876,0.12777042010217315,0.05828645751352798,MEALPY
mealpy_OriginalSARO,-100,361,5,361,MABBOB_361,0.3354622109346951,0.1470280847016872,MEALPY
mealpy_BaseVCS,-100,901,5,901,MABBOB_901,0.17087042579601883,0.15202925272447287,MEALPY
mealpy_OriginalSARO,-100,642,5,642,MABBOB_642,0.08773033373995995,0.05693621737270956,MEALPY
mealpy_OriginalSARO,-100,508,5,508,MABBOB_508,0.11624676701535856,0.10182073309380014,MEALPY
mealpy_BaseVCS,-100,461,5,461,MABBOB_461,0.04582770409985447,0.029539655890223393,MEALPY
mealpy_LevyES,-100,772,5,772,MABBOB_772,0.3793793077355737,0.3143947066707942,MEALPY
mealpy_LevyES,-100,695,5,695,MABBOB_695,0.06913932847591035,0.02677945346350474,MEALPY
mealpy_OriginalSARO,-100,492,5,492,MABBOB_492,0.07481028110203576,0.0743438419745608,MEALPY
mealpy_JADE,-100,536,5,536,MABBOB_536,0.21998319927749188,0.10791273565564295,MEALPY
mealpy_SADE,-100,812,5,812,MABBOB_812,0.06667053401250692,0.02046839096550763,MEALPY
mealpy_OriginalSARO,-100,405,5,405,MABBOB_405,0.13786326359060683,0.05787426741850834,MEALPY
mealpy_BaseVCS,-100,103,5,103,MABBOB_103,0.12667185368436212,0.08745156684517588,MEALPY
mealpy_LevyES,-100,538,5,538,MABBOB_538,0.2671050781347928,0.0676033546839194,MEALPY
mealpy_OriginalSARO,-100,555,5,555,MABBOB_555,0.2022418985707756,0.08581225887951087,MEALPY
mealpy_JADE,-100,772,5,772,MABBOB_772,0.3559117166220508,0.23657007616701628,MEALPY
mealpy_L_SHADE,-100,993,5,993,MABBOB_993,0.15647400596811784,0.021816986514484982,MEALPY
mealpy_SADE,-100,34,5,34,MABBOB_34,0.13630158631389805,0.12475617320809716,MEALPY
mealpy_L_SHADE,-100,848,5,848,MABBOB_848,0.43465315189267073,0.23775785166037902,MEALPY
mealpy_OriginalTWO,-100,707,5,707,MABBOB_707,0.2508433343293347,0.10838972133652036,MEALPY
mealpy_OriginalTWO,-100,919,5,919,MABBOB_919,0.2977013271597106,0.16336542257411574,MEALPY
mealpy_JADE,-100,865,5,865,MABBOB_865,0.19532744824108889,0.1757682222899276,MEALPY
mealpy_SADE,-100,906,5,906,MABBOB_906,0.05582722207849176,0.06789274441308311,MEALPY
mealpy_LevyES,-100,597,5,597,MABBOB_597,0.24765840539721876,0.16579323252980227,MEALPY
mealpy_JADE,-100,388,5,388,MABBOB_388,0.11738324863105565,0.0630753262973354,MEALPY
mealpy_OriginalTWO,-100,887,5,887,MABBOB_887,0.2635466679340944,0.07183767518774817,MEALPY
mealpy_SADE,-100,798,5,798,MABBOB_798,0.26695501076262135,0.0961798154440637,MEALPY
mealpy_L_SHADE,-100,943,5,943,MABBOB_943,0.3352235638133284,0.06490230230730125,MEALPY
mealpy_LevyES,-100,530,5,530,MABBOB_530,0.05849742656388003,0.10403542582609902,MEALPY
mealpy_OriginalSARO,-100,114,5,114,MABBOB_114,0.3095894584032809,0.11921222697910766,MEALPY
mealpy_OriginalSARO,-100,700,5,700,MABBOB_700,0.06979886133080641,0.05219685767426848,MEALPY
mealpy_BaseVCS,-100,955,5,955,MABBOB_955,0.038789144792434116,0.0205697910178017,MEALPY
mealpy_SADE,-100,836,5,836,MABBOB_836,0.2928196295963772,0.15218375952218555,MEALPY
mealpy_LevyES,-100,523,5,523,MABBOB_523,0.07499400455709425,0.06508736199687842,MEALPY
mealpy_JADE,-100,812,5,812,MABBOB_812,0.053216184984171175,0.015217040424043041,MEALPY
mealpy_BaseVCS,-100,212,5,212,MABBOB_212,0.09741737240309034,0.09668557942182465,MEALPY
mealpy_LevyES,-100,898,5,898,MABBOB_898,0.09172578316520166,0.1343969354311099,MEALPY
mealpy_OriginalSARO,-100,360,5,360,MABBOB_360,0.13036639598225658,0.12534231782367594,MEALPY
mealpy_JADE,-100,714,5,714,MABBOB_714,0.1642816823742858,0.2575174465721051,MEALPY
mealpy_OriginalTWO,-100,461,5,461,MABBOB_461,0.05990997511032339,0.029402101502297634,MEALPY
mealpy_L_SHADE,-100,699,5,699,MABBOB_699,0.14356236203946202,0.09202674987772788,MEALPY
mealpy_BaseVCS,-100,695,5,695,MABBOB_695,0.06591283059504296,0.03391138421626271,MEALPY
mealpy_OriginalTWO,-100,740,5,740,MABBOB_740,0.16602724558151832,0.1383583557840938,MEALPY
mealpy_L_SHADE,-100,61,5,61,MABBOB_61,0.12288566286328276,0.02965402979336084,MEALPY
mealpy_SADE,-100,844,5,844,MABBOB_844,0.11214391134216894,0.07183675959431353,MEALPY
mealpy_OriginalSARO,-100,387,5,387,MABBOB_387,0.022825235416465244,0.014158295658734618,MEALPY
mealpy_OriginalTWO,-100,529,5,529,MABBOB_529,0.08360591261262262,0.03538450392133695,MEALPY
mealpy_L_SHADE,-100,691,5,691,MABBOB_691,0.016852256694626172,0.013963670224389386,MEALPY
mealpy_SADE,-100,177,5,177,MABBOB_177,0.08519164034923478,0.055024321228343685,MEALPY
mealpy_OriginalSARO,-100,260,5,260,MABBOB_260,0.2680907935135356,0.07994598294423029,MEALPY
mealpy_L_SHADE,-100,783,5,783,MABBOB_783,0.1040022718048172,0.09379244788077351,MEALPY
mealpy_BaseVCS,-100,642,5,642,MABBOB_642,0.08088374596845334,0.05191112540012677,MEALPY
mealpy_OriginalTWO,-100,639,5,639,MABBOB_639,0.16006991868148418,0.06712270659439284,MEALPY
mealpy_OriginalTWO,-100,221,5,221,MABBOB_221,0.2503328884348005,0.20748762328052542,MEALPY
mealpy_BaseVCS,-100,608,5,608,MABBOB_608,0.3829201304392326,0.2057722154795994,MEALPY
mealpy_BaseVCS,-100,492,5,492,MABBOB_492,0.07389004210174281,0.07354746950652809,MEALPY
mealpy_OriginalTWO,-100,706,5,706,MABBOB_706,0.24819582239929483,0.13013520329542147,MEALPY
mealpy_OriginalTWO,-100,418,5,418,MABBOB_418,0.17781839291129695,0.18292103007358593,MEALPY
mealpy_OriginalSARO,-100,604,5,604,MABBOB_604,0.1734219000193628,0.1841503646987027,MEALPY
mealpy_OriginalTWO,-100,123,5,123,MABBOB_123,0.07257630174011832,0.0421201066507585,MEALPY
mealpy_SADE,-100,747,5,747,MABBOB_747,0.12450853973328709,0.11259841937612267,MEALPY
mealpy_OriginalSARO,-100,284,5,284,MABBOB_284,0.10877327898158155,0.06056422106793907,MEALPY
mealpy_OriginalSARO,-100,714,5,714,MABBOB_714,0.12416026798728412,0.1738711617557896,MEALPY
mealpy_SADE,-100,1,5,1,MABBOB_1,0.017017052729068387,0.013846355144217396,MEALPY
mealpy_OriginalTWO,-100,502,5,502,MABBOB_502,0.12890532297486268,0.05607580265614273,MEALPY
mealpy_OriginalTWO,-100,731,5,731,MABBOB_731,0.04017562356488303,0.016273253128495105,MEALPY
mealpy_OriginalTWO,-100,208,5,208,MABBOB_208,0.10643035507110969,0.07633630171785746,MEALPY
mealpy_JADE,-100,997,5,997,MABBOB_997,0.08431767206341893,0.058914866326556285,MEALPY
mealpy_OriginalSARO,-100,525,5,525,MABBOB_525,0.14221912019329816,0.07155967489995775,MEALPY
mealpy_OriginalTWO,-100,746,5,746,MABBOB_746,0.18233823787699513,0.046811254498310396,MEALPY
mealpy_LevyES,-100,989,5,989,MABBOB_989,0.12748160042543993,0.20126183437118614,MEALPY
mealpy_LevyES,-100,260,5,260,MABBOB_260,0.2592512381809908,0.05124689089901971,MEALPY
mealpy_L_SHADE,-100,746,5,746,MABBOB_746,0.15666483876465753,0.027454816754647282,MEALPY
mealpy_BaseVCS,-100,1,5,1,MABBOB_1,0.016965622282541986,0.013765129268958239,MEALPY
mealpy_JADE,-100,811,5,811,MABBOB_811,0.0645176362258915,0.018189953037577547,MEALPY
mealpy_SADE,-100,270,5,270,MABBOB_270,0.3019462151107997,0.27528457557417985,MEALPY
opy_BSA,-100,116,5,116,MABBOB_116,0.1416399343396468,0.156468061077208,OPYTIMIZER
opy_CS,-100,836,5,836,MABBOB_836,0.3118582726895017,0.19099892367334548,OPYTIMIZER
opy_TWO,-100,919,5,919,MABBOB_919,0.2194648509992744,0.11971173984824286,OPYTIMIZER
opy_AEO,-100,415,5,415,MABBOB_415,0.2116858178261798,0.1326516090864512,OPYTIMIZER
opy_AOA,-100,830,5,830,MABBOB_830,0.2576833030244364,0.20696667285603942,OPYTIMIZER
opy_QSA,-100,864,5,864,MABBOB_864,0.1544723629290191,0.1255235845150897,OPYTIMIZER
opy_COA,-100,531,5,531,MABBOB_531,0.21918519600034223,0.13979352543077342,OPYTIMIZER
opy_BSA,-100,919,5,919,MABBOB_919,0.43262067868648213,0.2283739503228051,OPYTIMIZER
opy_QSA,-100,943,5,943,MABBOB_943,0.39218040646719776,0.1196677861798739,OPYTIMIZER
opy_CS,-100,208,5,208,MABBOB_208,0.12286185143394601,0.08776236425405827,OPYTIMIZER
opy_GA,-100,330,5,330,MABBOB_330,0.27181214685522886,0.13844549943716805,OPYTIMIZER
opy_AOA,-100,67,5,67,MABBOB_67,0.15036147662461924,0.08116449861582913,OPYTIMIZER
opy_GCO,-100,67,5,67,MABBOB_67,0.20321997562336547,0.14770533622386012,OPYTIMIZER
opy_SAVPSO,-100,88,5,88,MABBOB_88,0.018571914417852036,0.002619191779131446,OPYTIMIZER
opy_ASO,-100,798,5,798,MABBOB_798,0.4467075614845467,0.16796259185371534,OPYTIMIZER
opy_GCO,-100,103,5,103,MABBOB_103,0.19348952128362373,0.11391558992035845,OPYTIMIZER
opy_RRA,-100,424,5,424,MABBOB_424,0.11531902458515127,0.07935242025168136,OPYTIMIZER
opy_ASO,-100,756,5,756,MABBOB_756,0.48186497768373543,0.2869603861126525,OPYTIMIZER
opy_RPSO,-100,531,5,531,MABBOB_531,0.08829853446570449,0.04240337452576761,OPYTIMIZER
opy_DE,-100,62,5,62,MABBOB_62,0.4121359887282871,0.236432073779307,OPYTIMIZER
opy_EO,-100,836,5,836,MABBOB_836,0.1456483536145397,0.09257770151314099,OPYTIMIZER
opy_EO,-100,810,5,810,MABBOB_810,0.06660979472704999,0.06475235006595396,OPYTIMIZER
opy_MVPA,-100,811,5,811,MABBOB_811,0.048357409049469245,0.015483010926144469,OPYTIMIZER
opy_RFO,-100,360,5,360,MABBOB_360,0.11734117034762273,0.10309643587827906,OPYTIMIZER
opy_AEO,-100,147,5,147,MABBOB_147,0.12067245208670445,0.08392873032487545,OPYTIMIZER
opy_ABO,-100,949,5,949,MABBOB_949,0.21641137181326653,0.07538831161769616,OPYTIMIZER
opy_RFO,-100,700,5,700,MABBOB_700,0.10993540955939558,0.08883562801526623,OPYTIMIZER
opy_COA,-100,898,5,898,MABBOB_898,0.08227310853607246,0.11401977969820923,OPYTIMIZER
opy_ABC,-100,991,5,991,MABBOB_991,0.09578411341500492,0.05947585531371137,OPYTIMIZER
opy_ABO,-100,691,5,691,MABBOB_691,0.017942312137380165,0.014202989590998916,OPYTIMIZER
opy_SSA,-100,107,5,107,MABBOB_107,0.07065755231074278,0.03956670501396656,OPYTIMIZER
opy_RFO,-100,115,5,115,MABBOB_115,0.14374418165961717,0.09347426239840997,OPYTIMIZER
opy_SSA,-100,177,5,177,MABBOB_177,0.24609130521205583,0.19477048715765646,OPYTIMIZER
opy_RRA,-100,566,5,566,MABBOB_566,0.21402638974431226,0.1010566501595472,OPYTIMIZER
opy_EO,-100,33,5,33,MABBOB_33,0.09806263148835838,0.07378180392511494,OPYTIMIZER
opy_CS,-100,769,5,769,MABBOB_769,0.1773507326538893,0.1769538565699602,OPYTIMIZER
opy_SAVPSO,-100,879,5,879,MABBOB_879,0.07393216245461673,0.12095791877258555,OPYTIMIZER
opy_GOA,-100,618,5,618,MABBOB_618,0.15276028379827272,0.07030085398396037,OPYTIMIZER
opy_MVPA,-100,413,5,413,MABBOB_413,0.21521903406677448,0.2023393888026768,OPYTIMIZER
opy_BSA,-100,955,5,955,MABBOB_955,0.36150645366587497,0.32031620096902863,OPYTIMIZER
opy_ASO,-100,812,5,812,MABBOB_812,0.12594477553896202,0.04487576808568058,OPYTIMIZER
opy_SOS,-100,811,5,811,MABBOB_811,0.05455357994535268,0.019806212030516593,OPYTIMIZER
opy_RPSO,-100,961,5,961,MABBOB_961,0.1575641261979153,0.07159303522232967,OPYTIMIZER
opy_AOA,-100,747,5,747,MABBOB_747,0.12737595860147238,0.1036620946913463,OPYTIMIZER
opy_BSA,-100,426,5,426,MABBOB_426,0.3538960855763769,0.2606631654959332,OPYTIMIZER
opy_AEO,-100,163,5,163,MABBOB_163,0.02346079298295876,0.010063075361313132,OPYTIMIZER
opy_AEO,-100,812,5,812,MABBOB_812,0.06681703222679963,0.023247913047400964,OPYTIMIZER
opy_AOA,-100,795,5,795,MABBOB_795,0.2586241879867649,0.14444323949856283,OPYTIMIZER
opy_ABC,-100,451,5,451,MABBOB_451,0.03285673789577963,0.032433525533601314,OPYTIMIZER
opy_GOA,-100,709,5,709,MABBOB_709,0.20098069410909752,0.07207426618268678,OPYTIMIZER
opy_EO,-100,646,5,646,MABBOB_646,0.05637563995860495,0.03439361206350599,OPYTIMIZER
opy_BSA,-100,680,5,680,MABBOB_680,0.25790556047339824,0.12851712466097628,OPYTIMIZER
opy_SSA,-100,413,5,413,MABBOB_413,0.2029243652347354,0.19135477415916208,OPYTIMIZER
opy_QSA,-100,898,5,898,MABBOB_898,0.0955047040775207,0.13225929497398747,OPYTIMIZER
opy_GOA,-100,82,5,82,MABBOB_82,0.07187433392488289,0.01073475094978035,OPYTIMIZER
opy_ABC,-100,727,5,727,MABBOB_727,0.14348633714115627,0.20277979943741312,OPYTIMIZER
opy_ABO,-100,964,5,964,MABBOB_964,0.3097779540323556,0.12855759711565515,OPYTIMIZER
opy_AOA,-100,779,5,779,MABBOB_779,0.09737419762022778,0.08286476859422283,OPYTIMIZER
opy_BSA,-100,149,5,149,MABBOB_149,0.4735934876684148,0.3076379475426127,OPYTIMIZER
opy_BSA,-100,1,5,1,MABBOB_1,0.06577107415284322,0.10884279483947744,OPYTIMIZER
opy_SSA,-100,528,5,528,MABBOB_528,0.03938684245198388,0.031162712358216084,OPYTIMIZER
opy_BSA,-100,761,5,761,MABBOB_761,0.17740377815465097,0.07839261475026404,OPYTIMIZER
opy_AOA,-100,772,5,772,MABBOB_772,0.38164117816960913,0.24513693106053003,OPYTIMIZER
opy_RRA,-100,1,5,1,MABBOB_1,0.020648467123283196,0.02072385796738604,OPYTIMIZER
opy_IWO,-100,188,5,188,MABBOB_188,0.263457021048411,0.1838413367412813,OPYTIMIZER
opy_CS,-100,371,5,371,MABBOB_371,0.2424794248699346,0.19442884713912933,OPYTIMIZER
opy_BSA,-100,207,5,207,MABBOB_207,0.5695998585349464,0.20996462763864313,OPYTIMIZER
opy_SAVPSO,-100,761,5,761,MABBOB_761,0.08594112963637747,0.023846734568097626,OPYTIMIZER
opy_AOA,-100,215,5,215,MABBOB_215,0.3437050605186409,0.2268080513146393,OPYTIMIZER
opy_ABC,-100,445,5,445,MABBOB_445,0.09114216327962735,0.011742228381209942,OPYTIMIZER
opy_AEO,-100,266,5,266,MABBOB_266,0.45877611925751216,0.33957757574429476,OPYTIMIZER
opy_MVPA,-100,243,5,243,MABBOB_243,0.016443623998365388,0.009449125943995136,OPYTIMIZER
opy_DE,-100,746,5,746,MABBOB_746,0.18175726032379308,0.035992683072413385,OPYTIMIZER
opy_IWO,-100,901,5,901,MABBOB_901,0.2232984936244876,0.1490880142851902,OPYTIMIZER
opy_TWO,-100,844,5,844,MABBOB_844,0.09042381927265805,0.09195645886231422,OPYTIMIZER
opy_CS,-100,922,5,922,MABBOB_922,0.4147775997840286,0.11308452964890402,OPYTIMIZER
opy_MVPA,-100,555,5,555,MABBOB_555,0.1377227668841233,0.0676766086388127,OPYTIMIZER
opy_ABC,-100,530,5,530,MABBOB_530,0.07981031522934469,0.14081905917369242,OPYTIMIZER
opy_RFO,-100,461,5,461,MABBOB_461,0.06064318453025737,0.030937642055319427,OPYTIMIZER
opy_ASO,-100,418,5,418,MABBOB_418,0.2319112906146211,0.22817350742295567,OPYTIMIZER
opy_GCO,-100,464,5,464,MABBOB_464,0.2253749321891175,0.03834670758610529,OPYTIMIZER
opy_RPSO,-100,243,5,243,MABBOB_243,0.015377339297716374,0.010116895193233052,OPYTIMIZER
opy_BSA,-100,739,5,739,MABBOB_739,0.13292995283503123,0.031484984202691885,OPYTIMIZER
opy_COA,-100,101,5,101,MABBOB_101,0.06891034817829489,0.05202727611164942,OPYTIMIZER
opy_ASO,-100,739,5,739,MABBOB_739,0.0890027562450256,0.039103464224892096,OPYTIMIZER
opy_IWO,-100,217,5,217,MABBOB_217,0.23176162553580779,0.10569402906564551,OPYTIMIZER
opy_SSA,-100,105,5,105,MABBOB_105,0.25965891212838155,0.1153810788514356,OPYTIMIZER
opy_EO,-100,243,5,243,MABBOB_243,0.016256651893541092,0.011104328306747962,OPYTIMIZER
opy_GOA,-100,266,5,266,MABBOB_266,0.5199496374397505,0.3743815899589445,OPYTIMIZER
opy_GA,-100,390,5,390,MABBOB_390,0.10630121029548831,0.1372375934694949,OPYTIMIZER
opy_EO,-100,707,5,707,MABBOB_707,0.16392611176407895,0.08219337873723444,OPYTIMIZER
opy_QSA,-100,37,5,37,MABBOB_37,0.3071133984981339,0.15176941751335435,OPYTIMIZER
opy_RPSO,-100,82,5,82,MABBOB_82,0.07744366293661953,0.03035432902414492,OPYTIMIZER
opy_GA,-100,961,5,961,MABBOB_961,0.2110802560463923,0.06757306197572968,OPYTIMIZER
opy_RFO,-100,260,5,260,MABBOB_260,0.2363854452894018,0.06268892856306353,OPYTIMIZER
opy_ASO,-100,181,5,181,MABBOB_181,0.15687188476392228,0.1482678681692927,OPYTIMIZER
opy_SAVPSO,-100,449,5,449,MABBOB_449,0.017741357070074227,0.008750991694935545,OPYTIMIZER
opy_LSA,-100,123,5,123,MABBOB_123,0.12283469595912008,0.10009599343447574,OPYTIMIZER
opy_SAVPSO,-100,700,5,700,MABBOB_700,0.047962093805784055,0.032404155463897036,OPYTIMIZER
opy_COA,-100,103,5,103,MABBOB_103,0.13963220983549118,0.06116546853475387,OPYTIMIZER
opy_IWO,-100,492,5,492,MABBOB_492,0.16067993779584883,0.19385811558469296,OPYTIMIZER
opy_TWO,-100,528,5,528,MABBOB_528,0.02553902164312487,0.018419567902778523,OPYTIMIZER
opy_ABC,-100,954,5,954,MABBOB_954,0.12719024531799022,0.1690339769508887,OPYTIMIZER
opy_IWO,-100,536,5,536,MABBOB_536,0.2961592879827369,0.13909262840339898,OPYTIMIZER
opy_ASO,-100,203,5,203,MABBOB_203,0.45055932244297886,0.33464621200353245,OPYTIMIZER
opy_IWO,-100,99,5,99,MABBOB_99,0.3977587162509991,0.23670973759173067,OPYTIMIZER
opy_SOS,-100,982,5,982,MABBOB_982,0.02029560418510106,0.006698426464709524,OPYTIMIZER
opy_ABO,-100,707,5,707,MABBOB_707,0.34746044701498685,0.19026192334332154,OPYTIMIZER
opy_TWO,-100,275,5,275,MABBOB_275,0.18319446186310961,0.0858019500014442,OPYTIMIZER
opy_TWO,-100,695,5,695,MABBOB_695,0.043549813563172265,0.014286369141206949,OPYTIMIZER
opy_TWO,-100,852,5,852,MABBOB_852,0.040180495781149336,0.020939486961217526,OPYTIMIZER
opy_GOA,-100,270,5,270,MABBOB_270,0.185747051450256,0.0797640088928568,OPYTIMIZER
opy_TWO,-100,101,5,101,MABBOB_101,0.05426966247201729,0.04925537108464709,OPYTIMIZER
opy_RFO,-100,62,5,62,MABBOB_62,0.2119324413612657,0.14607353162752726,OPYTIMIZER
opy_AOA,-100,812,5,812,MABBOB_812,0.10419704576632087,0.03583903022649587,OPYTIMIZER
opy_SSA,-100,609,5,609,MABBOB_609,0.18714002440811198,0.08147711528746064,OPYTIMIZER
opy_RPSO,-100,329,5,329,MABBOB_329,0.09254555109285797,0.07433349342090145,OPYTIMIZER
opy_IWO,-100,787,5,787,MABBOB_787,0.1476754684412848,0.08548900890483577,OPYTIMIZER
opy_GA,-100,879,5,879,MABBOB_879,0.13911808689137534,0.24766326654394802,OPYTIMIZER
opy_SOS,-100,188,5,188,MABBOB_188,0.0762878099058951,0.04591246815285758,OPYTIMIZER
opy_WEO,-100,407,5,407,MABBOB_407,0.41738254187252216,0.24049107659816685,OPYTIMIZER
opy_ABO,-100,114,5,114,MABBOB_114,0.38074821346802595,0.1492804280366426,OPYTIMIZER
opy_RPSO,-100,965,5,965,MABBOB_965,0.26063635794501777,0.07254628209939336,OPYTIMIZER
opy_EO,-100,955,5,955,MABBOB_955,0.03898421150993098,0.024513168654636347,OPYTIMIZER
opy_WEO,-100,531,5,531,MABBOB_531,0.3365108958135014,0.21123317818083748,OPYTIMIZER
opy_COA,-100,739,5,739,MABBOB_739,0.0520915511572498,0.02285967701117922,OPYTIMIZER
opy_ASO,-100,466,5,466,MABBOB_466,0.3073339310391453,0.08493808057154442,OPYTIMIZER
opy_GOA,-100,411,5,411,MABBOB_411,0.046210822589259536,0.042827420094800894,OPYTIMIZER
opy_BSA,-100,330,5,330,MABBOB_330,0.3884923694534625,0.20989840210295077,OPYTIMIZER
opy_RFO,-100,426,5,426,MABBOB_426,0.1475910309422514,0.1091461505189856,OPYTIMIZER
opy_AEO,-100,982,5,982,MABBOB_982,0.020290274186509492,0.007332156292040102,OPYTIMIZER
opy_SAVPSO,-100,520,5,520,MABBOB_520,0.10262409223662357,0.06294637852884731,OPYTIMIZER
opy_CS,-100,166,5,166,MABBOB_166,0.2366889073525146,0.10971257111947524,OPYTIMIZER
opy_SOS,-100,555,5,555,MABBOB_555,0.13782052777083065,0.07145892537545019,OPYTIMIZER
opy_AOA,-100,482,5,482,MABBOB_482,0.38975447108362393,0.0700349732235083,OPYTIMIZER
opy_AEO,-100,577,5,577,MABBOB_577,0.14729597880135048,0.06546078261293607,OPYTIMIZER
opy_IWO,-100,855,5,855,MABBOB_855,0.0530449633790407,0.028892654980890515,OPYTIMIZER
opy_GA,-100,305,5,305,MABBOB_305,0.20438239961045718,0.09196540296313403,OPYTIMIZER
opy_GOA,-100,24,5,24,MABBOB_24,0.13891249689119528,0.14803349623492457,OPYTIMIZER
opy_SOS,-100,677,5,677,MABBOB_677,0.14930048919740044,0.07163540117306602,OPYTIMIZER
opy_WEO,-100,919,5,919,MABBOB_919,0.40647304997631084,0.21158395075031322,OPYTIMIZER
opy_CS,-100,975,5,975,MABBOB_975,0.17382756173127864,0.1338328530128317,OPYTIMIZER
opy_EO,-100,491,5,491,MABBOB_491,0.14996464102132595,0.09345940269239156,OPYTIMIZER
opy_CS,-100,464,5,464,MABBOB_464,0.23290923591380594,0.03861053184882855,OPYTIMIZER
opy_RPSO,-100,400,5,400,MABBOB_400,0.3473177733146874,0.05059549790795517,OPYTIMIZER
opy_SOS,-100,26,5,26,MABBOB_26,0.20413102689230134,0.2942290127044114,OPYTIMIZER
opy_QSA,-100,492,5,492,MABBOB_492,0.08195690488797955,0.08411413269417371,OPYTIMIZER
opy_SAVPSO,-100,486,5,486,MABBOB_486,0.14317200167633753,0.04552939268433618,OPYTIMIZER
opy_DE,-100,836,5,836,MABBOB_836,0.3162713441061592,0.24571353495217227,OPYTIMIZER
opy_BSA,-100,662,5,662,MABBOB_662,0.26446907388911856,0.212532061887558,OPYTIMIZER
opy_RFO,-100,161,5,161,MABBOB_161,0.1276337455829274,0.055089951319173436,OPYTIMIZER
opy_RPSO,-100,922,5,922,MABBOB_922,0.262353609680953,0.07152906667352046,OPYTIMIZER
opy_SAVPSO,-100,368,5,368,MABBOB_368,0.13660902741324124,0.2288098511976175,OPYTIMIZER
opy_TWO,-100,502,5,502,MABBOB_502,0.10025725170093636,0.04137583485435641,OPYTIMIZER
opy_QSA,-100,410,5,410,MABBOB_410,0.04176387963622162,0.04705579589766551,OPYTIMIZER
opy_CS,-100,738,5,738,MABBOB_738,0.3088273810212919,0.3591062865200153,OPYTIMIZER
opy_GCO,-100,410,5,410,MABBOB_410,0.024203688126270266,0.016335592081862322,OPYTIMIZER
opy_AOA,-100,991,5,991,MABBOB_991,0.1306917040691669,0.1250192325902807,OPYTIMIZER
opy_GOA,-100,671,5,671,MABBOB_671,0.16575655489850033,0.1012956463322124,OPYTIMIZER
opy_QSA,-100,494,5,494,MABBOB_494,0.06267662346548565,0.07011129585060225,OPYTIMIZER
opy_CS,-100,844,5,844,MABBOB_844,0.13547535613829112,0.10808774082208403,OPYTIMIZER
opy_RRA,-100,629,5,629,MABBOB_629,0.12183253229283682,0.10613529559044446,OPYTIMIZER
opy_GOA,-100,502,5,502,MABBOB_502,0.1808395484496607,0.09018874278823191,OPYTIMIZER
opy_IWO,-100,538,5,538,MABBOB_538,0.3534133572404003,0.09687622677091559,OPYTIMIZER
opy_ABC,-100,149,5,149,MABBOB_149,0.17596910807353588,0.0837222683726913,OPYTIMIZER
opy_ASO,-100,538,5,538,MABBOB_538,0.3606802862887505,0.09362846980231919,OPYTIMIZER
opy_IWO,-100,769,5,769,MABBOB_769,0.21360317828101322,0.21636732319691643,OPYTIMIZER
opy_EO,-100,739,5,739,MABBOB_739,0.03430039547935117,0.014365284000486056,OPYTIMIZER
opy_GCO,-100,327,5,327,MABBOB_327,0.25744051305792803,0.13425924565905464,OPYTIMIZER
opy_AOA,-100,836,5,836,MABBOB_836,0.3658565681806169,0.19887402547298266,OPYTIMIZER
opy_LSA,-100,182,5,182,MABBOB_182,0.08281245691241865,0.028857260284959284,OPYTIMIZER
opy_EO,-100,964,5,964,MABBOB_964,0.12198368147812202,0.05428160792783573,OPYTIMIZER
opy_MVPA,-100,182,5,182,MABBOB_182,0.08406539700593056,0.04625727871046728,OPYTIMIZER
opy_RRA,-100,368,5,368,MABBOB_368,0.16785134366404325,0.2691934382185708,OPYTIMIZER
opy_SAVPSO,-100,350,5,350,MABBOB_350,0.10588919702706687,0.05719167264866779,OPYTIMIZER
opy_BSA,-100,782,5,782,MABBOB_782,0.3270613723887283,0.1910064604368385,OPYTIMIZER
opy_SSA,-100,246,5,246,MABBOB_246,0.12179986653513739,0.13325518937921155,OPYTIMIZER
opy_RPSO,-100,639,5,639,MABBOB_639,0.10834359969681369,0.04206803072964137,OPYTIMIZER
opy_SAVPSO,-100,181,5,181,MABBOB_181,0.03543314000270138,0.015885568480732578,OPYTIMIZER
opy_DE,-100,528,5,528,MABBOB_528,0.040572384249192475,0.038647737529103394,OPYTIMIZER
opy_SAVPSO,-100,82,5,82,MABBOB_82,0.06442438017251677,0.024464598622834777,OPYTIMIZER
opy_GOA,-100,898,5,898,MABBOB_898,0.056750186892678134,0.08053103437176552,OPYTIMIZER
opy_SAVPSO,-100,688,5,688,MABBOB_688,0.08802713081954969,0.060924347974474234,OPYTIMIZER
opy_QSA,-100,349,5,349,MABBOB_349,0.29694853671742105,0.09609608635331691,OPYTIMIZER
opy_RFO,-100,691,5,691,MABBOB_691,0.016812556093342652,0.014094737177004811,OPYTIMIZER
opy_ABC,-100,390,5,390,MABBOB_390,0.03439056352678525,0.02814633619465634,OPYTIMIZER
opy_RPSO,-100,918,5,918,MABBOB_918,0.20200082256100452,0.09542441207047668,OPYTIMIZER
opy_IWO,-100,852,5,852,MABBOB_852,0.11238744831748082,0.07296894157539932,OPYTIMIZER
opy_ABC,-100,248,5,248,MABBOB_248,0.1096954689571682,0.17233430215260415,OPYTIMIZER
opy_RPSO,-100,911,5,911,MABBOB_911,0.21455413886142383,0.13833926979451672,OPYTIMIZER
opy_GOA,-100,528,5,528,MABBOB_528,0.03834341257418044,0.03912662930724328,OPYTIMIZER
opy_SAVPSO,-100,419,5,419,MABBOB_419,0.13652151520981143,0.08418487774964863,OPYTIMIZER
opy_AEO,-100,270,5,270,MABBOB_270,0.24781495076077914,0.13012517097550017,OPYTIMIZER
opy_WEO,-100,525,5,525,MABBOB_525,0.2480600436334436,0.12443688161590254,OPYTIMIZER
opy_ABC,-100,989,5,989,MABBOB_989,0.09137338103809699,0.1131873260007144,OPYTIMIZER
opy_COA,-100,844,5,844,MABBOB_844,0.1506246818700782,0.15303958170366277,OPYTIMIZER
opy_LSA,-100,101,5,101,MABBOB_101,0.04565754658004061,0.02795570340864032,OPYTIMIZER
opy_SAVPSO,-100,519,5,519,MABBOB_519,0.21541996764709231,0.11924040989202239,OPYTIMIZER
opy_GCO,-100,217,5,217,MABBOB_217,0.2856290904933437,0.14968014901737686,OPYTIMIZER
opy_SOS,-100,657,5,657,MABBOB_657,0.3248618532160693,0.06152029591354465,OPYTIMIZER
opy_SOS,-100,407,5,407,MABBOB_407,0.15293319937621658,0.08867949857425098,OPYTIMIZER
opy_SOS,-100,73,5,73,MABBOB_73,0.20335168559288444,0.09806109601286857,OPYTIMIZER
opy_BSA,-100,424,5,424,MABBOB_424,0.20993417218299157,0.1654057402278042,OPYTIMIZER
opy_RFO,-100,73,5,73,MABBOB_73,0.224897017927323,0.12526786943315074,OPYTIMIZER
opy_QSA,-100,451,5,451,MABBOB_451,0.019561864377194326,0.01282956676944409,OPYTIMIZER
opy_ASO,-100,440,5,440,MABBOB_440,0.04757353116073464,0.028449324731338807,OPYTIMIZER
opy_SSA,-100,161,5,161,MABBOB_161,0.16730974476169477,0.07531546629084643,OPYTIMIZER
opy_IWO,-100,34,5,34,MABBOB_34,0.21420721017674876,0.21219280225352966,OPYTIMIZER
opy_DE,-100,502,5,502,MABBOB_502,0.17714084097642063,0.06718122759260278,OPYTIMIZER
opy_ABO,-100,34,5,34,MABBOB_34,0.1932583526431547,0.210373113155386,OPYTIMIZER
opy_ABO,-100,101,5,101,MABBOB_101,0.07188620385488226,0.03767594510761402,OPYTIMIZER
opy_AOA,-100,264,5,264,MABBOB_264,0.18241937411490877,0.08655395921338913,OPYTIMIZER
opy_SSA,-100,687,5,687,MABBOB_687,0.34557266630556355,0.2379087802681874,OPYTIMIZER
opy_EO,-100,118,5,118,MABBOB_118,0.057300762056115874,0.06886978617080429,OPYTIMIZER
opy_MVPA,-100,536,5,536,MABBOB_536,0.166754402096203,0.08644749124031047,OPYTIMIZER
opy_GCO,-100,107,5,107,MABBOB_107,0.1022405555823305,0.05655899513116586,OPYTIMIZER
opy_GOA,-100,779,5,779,MABBOB_779,0.0594369067386334,0.05403706191930723,OPYTIMIZER
opy_MVPA,-100,166,5,166,MABBOB_166,0.1665474275722339,0.11775613226048832,OPYTIMIZER
opy_AEO,-100,317,5,317,MABBOB_317,0.10437512958668674,0.048662567237901,OPYTIMIZER
opy_ABC,-100,787,5,787,MABBOB_787,0.13637418801692974,0.06877414405286117,OPYTIMIZER
opy_MVPA,-100,329,5,329,MABBOB_329,0.11167313059368804,0.09382923735605371,OPYTIMIZER
opy_RFO,-100,449,5,449,MABBOB_449,0.018863235852405198,0.008590055142543384,OPYTIMIZER
opy_SSA,-100,713,5,713,MABBOB_713,0.12293008039569112,0.07476452362985038,OPYTIMIZER
opy_WEO,-100,567,5,567,MABBOB_567,0.40268208463250155,0.32030204941880025,OPYTIMIZER
opy_RRA,-100,144,5,144,MABBOB_144,0.11083690087479078,0.10351169798856799,OPYTIMIZER
opy_WEO,-100,259,5,259,MABBOB_259,0.20191981516903992,0.14289351517346982,OPYTIMIZER
opy_CS,-100,33,5,33,MABBOB_33,0.1995853387433784,0.17924450875228348,OPYTIMIZER
opy_RFO,-100,597,5,597,MABBOB_597,0.2560438766505667,0.2857026827831776,OPYTIMIZER
opy_RRA,-100,756,5,756,MABBOB_756,0.18285551591996083,0.06905633719831078,OPYTIMIZER
opy_BSA,-100,911,5,911,MABBOB_911,0.476202856139444,0.3445450228855619,OPYTIMIZER
opy_CS,-100,73,5,73,MABBOB_73,0.2687361442883929,0.15317401568535002,OPYTIMIZER
opy_ABO,-100,950,5,950,MABBOB_950,0.18860772218903438,0.10386913911235747,OPYTIMIZER
opy_EO,-100,492,5,492,MABBOB_492,0.05579912168523703,0.04376873670558278,OPYTIMIZER
opy_GA,-100,508,5,508,MABBOB_508,0.1306571568735526,0.11571123889875323,OPYTIMIZER
opy_SOS,-100,24,5,24,MABBOB_24,0.06618767515867766,0.028223646104096098,OPYTIMIZER
opy_GA,-100,980,5,980,MABBOB_980,0.19281022024255337,0.07179456014955696,OPYTIMIZER
opy_ABO,-100,248,5,248,MABBOB_248,0.11127151099383299,0.17357377681280076,OPYTIMIZER
opy_SAVPSO,-100,305,5,305,MABBOB_305,0.09512768946676955,0.045011183531116224,OPYTIMIZER
opy_RFO,-100,783,5,783,MABBOB_783,0.10381718501824655,0.07741757325173694,OPYTIMIZER
opy_COA,-100,639,5,639,MABBOB_639,0.1732672969323,0.08463908767938745,OPYTIMIZER
opy_AEO,-100,993,5,993,MABBOB_993,0.15377005027163362,0.047114476480394164,OPYTIMIZER
opy_SAVPSO,-100,344,5,344,MABBOB_344,0.054828833849176674,0.013689546252828297,OPYTIMIZER
opy_EO,-100,688,5,688,MABBOB_688,0.0874383122092297,0.053133532598126136,OPYTIMIZER
opy_GOA,-100,61,5,61,MABBOB_61,0.16267028293095837,0.08551540938182496,OPYTIMIZER
opy_TWO,-100,1,5,1,MABBOB_1,0.016631368836050237,0.013382919951084841,OPYTIMIZER
opy_COA,-100,161,5,161,MABBOB_161,0.18125587577447927,0.09366830407394541,OPYTIMIZER
opy_SAVPSO,-100,113,5,113,MABBOB_113,0.08313882246836393,0.0849105252884357,OPYTIMIZER
opy_DE,-100,333,5,333,MABBOB_333,0.03345255705383521,0.024750870308026213,OPYTIMIZER
opy_RFO,-100,2,5,2,MABBOB_2,0.23754342730863617,0.2651975265943532,OPYTIMIZER
opy_AEO,-100,190,5,190,MABBOB_190,0.049565147326777845,0.05060259523280995,OPYTIMIZER
opy_COA,-100,208,5,208,MABBOB_208,0.11793289901237416,0.09823553052747491,OPYTIMIZER
opy_LSA,-100,115,5,115,MABBOB_115,0.13513169086166882,0.08187843617494311,OPYTIMIZER
opy_IWO,-100,764,5,764,MABBOB_764,0.08333285223754928,0.08458257728818017,OPYTIMIZER
opy_RFO,-100,975,5,975,MABBOB_975,0.10458431365566231,0.07410964255666541,OPYTIMIZER
opy_GOA,-100,943,5,943,MABBOB_943,0.3539214074357386,0.15295396591585503,OPYTIMIZER
opy_GCO,-100,423,5,423,MABBOB_423,0.16749802325753874,0.12608506647363665,OPYTIMIZER
opy_EO,-100,360,5,360,MABBOB_360,0.09385951710470046,0.05817145966552298,OPYTIMIZER
opy_AOA,-100,123,5,123,MABBOB_123,0.3393688589206176,0.23273837813247902,OPYTIMIZER
opy_MVPA,-100,62,5,62,MABBOB_62,0.244161636439758,0.1634162211880047,OPYTIMIZER
opy_DE,-100,396,5,396,MABBOB_396,0.14610560918650697,0.09411251322091144,OPYTIMIZER
opy_MVPA,-100,411,5,411,MABBOB_411,0.039821377815718886,0.03883873173542347,OPYTIMIZER
opy_ASO,-100,642,5,642,MABBOB_642,0.1256610694052252,0.09604062907343908,OPYTIMIZER
opy_ASO,-100,147,5,147,MABBOB_147,0.3028045935570482,0.19861360062412403,OPYTIMIZER
opy_LSA,-100,523,5,523,MABBOB_523,0.04607036178932689,0.030157447160164347,OPYTIMIZER
opy_COA,-100,538,5,538,MABBOB_538,0.20473292593942335,0.044083397512787934,OPYTIMIZER
opy_AEO,-100,419,5,419,MABBOB_419,0.21676905228222357,0.1485287021208336,OPYTIMIZER
opy_EO,-100,368,5,368,MABBOB_368,0.13742759856561054,0.2351214234401508,OPYTIMIZER
opy_MVPA,-100,215,5,215,MABBOB_215,0.19566596277151332,0.11659713415314006,OPYTIMIZER
opy_MVPA,-100,445,5,445,MABBOB_445,0.0681789259719827,0.016674763068605096,OPYTIMIZER
opy_COA,-100,307,5,307,MABBOB_307,0.11364355253344242,0.1255768114431228,OPYTIMIZER
opy_COA,-100,566,5,566,MABBOB_566,0.21836293172877008,0.0524686689663049,OPYTIMIZER
opy_SAVPSO,-100,192,5,192,MABBOB_192,0.06521608645887192,0.04802144108580636,OPYTIMIZER
opy_WEO,-100,714,5,714,MABBOB_714,0.14849032311851942,0.13460337120516544,OPYTIMIZER
opy_GOA,-100,542,5,542,MABBOB_542,0.040866743813164616,0.02977087168962896,OPYTIMIZER
opy_SSA,-100,954,5,954,MABBOB_954,0.12083414620425492,0.16192195805060883,OPYTIMIZER
opy_WEO,-100,456,5,456,MABBOB_456,0.020990654269173993,0.008139490295378138,OPYTIMIZER
opy_BSA,-100,456,5,456,MABBOB_456,0.02256204242190053,0.009770115673432587,OPYTIMIZER
opy_GOA,-100,359,5,359,MABBOB_359,0.29266640515560577,0.12046761276308235,OPYTIMIZER
opy_SSA,-100,642,5,642,MABBOB_642,0.07473169597950027,0.04343277672195663,OPYTIMIZER
opy_ABC,-100,980,5,980,MABBOB_980,0.23095248930376053,0.10112186317063188,OPYTIMIZER
opy_COA,-100,502,5,502,MABBOB_502,0.15562094150925054,0.06199713091532743,OPYTIMIZER
opy_CS,-100,911,5,911,MABBOB_911,0.38653829958739694,0.261440435100963,OPYTIMIZER
opy_GOA,-100,525,5,525,MABBOB_525,0.10231993252513487,0.0470670033859869,OPYTIMIZER
opy_AOA,-100,922,5,922,MABBOB_922,0.4225111433745843,0.13576370064744414,OPYTIMIZER
opy_TWO,-100,411,5,411,MABBOB_411,0.04225666938139657,0.03790553232451098,OPYTIMIZER
opy_AOA,-100,268,5,268,MABBOB_268,0.25336499915044064,0.05661584694283279,OPYTIMIZER
opy_SAVPSO,-100,188,5,188,MABBOB_188,0.050459622384393554,0.0276252682171502,OPYTIMIZER
opy_AOA,-100,618,5,618,MABBOB_618,0.18751289698754955,0.09518754679308136,OPYTIMIZER
opy_MVPA,-100,943,5,943,MABBOB_943,0.2989287708394589,0.1778399279162948,OPYTIMIZER
opy_RFO,-100,396,5,396,MABBOB_396,0.1240929441620859,0.03994097582758354,OPYTIMIZER
opy_LSA,-100,980,5,980,MABBOB_980,0.1496212018481069,0.10357322525150346,OPYTIMIZER
opy_AOA,-100,629,5,629,MABBOB_629,0.208422773128851,0.14882743537437276,OPYTIMIZER
opy_BSA,-100,360,5,360,MABBOB_360,0.30992545267841437,0.2727861474191304,OPYTIMIZER
opy_ASO,-100,542,5,542,MABBOB_542,0.252040461246168,0.37906455634271147,OPYTIMIZER
opy_RRA,-100,405,5,405,MABBOB_405,0.1221114595997486,0.0876221319596255,OPYTIMIZER
opy_IWO,-100,324,5,324,MABBOB_324,0.15343319919918974,0.1271836721017913,OPYTIMIZER
opy_ABO,-100,989,5,989,MABBOB_989,0.1129918053837434,0.1422605082909901,OPYTIMIZER
opy_AOA,-100,879,5,879,MABBOB_879,0.15626554710639912,0.27950828372394493,OPYTIMIZER
opy_GCO,-100,740,5,740,MABBOB_740,0.28393880565232327,0.20740678635860535,OPYTIMIZER
opy_SSA,-100,181,5,181,MABBOB_181,0.052555102954602875,0.04889270041413596,OPYTIMIZER
opy_AOA,-100,657,5,657,MABBOB_657,0.3874177075794691,0.11055550556314726,OPYTIMIZER
opy_SSA,-100,891,5,891,MABBOB_891,0.4444295784944132,0.13188573364164122,OPYTIMIZER
opy_TWO,-100,877,5,877,MABBOB_877,0.16620375833290174,0.08354354053151193,OPYTIMIZER
opy_TWO,-100,190,5,190,MABBOB_190,0.0404334921530716,0.04411205870045429,OPYTIMIZER
opy_QSA,-100,529,5,529,MABBOB_529,0.10078921826763268,0.0590175704316875,OPYTIMIZER
opy_ASO,-100,405,5,405,MABBOB_405,0.24627527133754962,0.1713276585887765,OPYTIMIZER
opy_WEO,-100,812,5,812,MABBOB_812,0.1261039064028424,0.053337948955673675,OPYTIMIZER
opy_SAVPSO,-100,207,5,207,MABBOB_207,0.25721590195399907,0.10412345525715211,OPYTIMIZER
opy_GOA,-100,639,5,639,MABBOB_639,0.10464629161633207,0.04147570894488738,OPYTIMIZER
opy_DE,-100,810,5,810,MABBOB_810,0.14110721808974358,0.12823936311387701,OPYTIMIZER
opy_BSA,-100,73,5,73,MABBOB_73,0.3146403550673212,0.14295847231457046,OPYTIMIZER
opy_COA,-100,788,5,788,MABBOB_788,0.11782282985319055,0.11142267252685882,OPYTIMIZER
opy_RRA,-100,502,5,502,MABBOB_502,0.19008085548529963,0.12267536658365744,OPYTIMIZER
opy_AOA,-100,243,5,243,MABBOB_243,0.02030783744296366,0.01133801123145959,OPYTIMIZER
opy_RPSO,-100,795,5,795,MABBOB_795,0.1814067490507323,0.12346326091731534,OPYTIMIZER
opy_GA,-100,207,5,207,MABBOB_207,0.3024985229904855,0.10100730833523534,OPYTIMIZER
opy_SOS,-100,727,5,727,MABBOB_727,0.08686678415301315,0.12156161427990596,OPYTIMIZER
opy_EO,-100,763,5,763,MABBOB_763,0.05192872381199213,0.05469942817666807,OPYTIMIZER
opy_COA,-100,887,5,887,MABBOB_887,0.3700905010149831,0.15352490085140705,OPYTIMIZER
opy_QSA,-100,876,5,876,MABBOB_876,0.1762825393768678,0.06807171905525944,OPYTIMIZER
opy_SSA,-100,445,5,445,MABBOB_445,0.08582617571080725,0.020883012581531177,OPYTIMIZER
opy_SOS,-100,597,5,597,MABBOB_597,0.19805599772088187,0.17947060855832817,OPYTIMIZER
opy_GOA,-100,115,5,115,MABBOB_115,0.11684634380376228,0.059005299555699005,OPYTIMIZER
opy_SOS,-100,586,5,586,MABBOB_586,0.15336903000739752,0.08687410762277041,OPYTIMIZER
opy_BSA,-100,359,5,359,MABBOB_359,0.4616140670055314,0.1055771901099242,OPYTIMIZER
opy_ABC,-100,190,5,190,MABBOB_190,0.038778019131287325,0.03817686777531096,OPYTIMIZER
opy_DE,-100,166,5,166,MABBOB_166,0.18827110982276357,0.04858653065275594,OPYTIMIZER
opy_RFO,-100,163,5,163,MABBOB_163,0.02108713046572124,0.004238760871324634,OPYTIMIZER
opy_AEO,-100,284,5,284,MABBOB_284,0.14862620971922375,0.11053643314480611,OPYTIMIZER
opy_GCO,-100,795,5,795,MABBOB_795,0.26003884191272275,0.16765210394630367,OPYTIMIZER
opy_DE,-100,706,5,706,MABBOB_706,0.3103283536558977,0.1691005055553148,OPYTIMIZER
opy_RPSO,-100,597,5,597,MABBOB_597,0.18756466197741645,0.15706995592298198,OPYTIMIZER
opy_ABO,-100,492,5,492,MABBOB_492,0.16455555759868282,0.16298743425921497,OPYTIMIZER
opy_MVPA,-100,344,5,344,MABBOB_344,0.06102919356610107,0.03824152949540378,OPYTIMIZER
opy_SOS,-100,114,5,114,MABBOB_114,0.29263164197013963,0.10114411151752127,OPYTIMIZER
opy_CS,-100,520,5,520,MABBOB_520,0.1245017732076317,0.07228153521498903,OPYTIMIZER
opy_ABC,-100,51,5,51,MABBOB_51,0.09546761833496156,0.11590262998280176,OPYTIMIZER
opy_RFO,-100,207,5,207,MABBOB_207,0.284699718777569,0.10366144003684664,OPYTIMIZER
opy_RPSO,-100,567,5,567,MABBOB_567,0.13048698480009785,0.08807816649294006,OPYTIMIZER
opy_WEO,-100,305,5,305,MABBOB_305,0.34637415751112,0.170829214462742,OPYTIMIZER
opy_IWO,-100,246,5,246,MABBOB_246,0.1590912572070482,0.15903487797438157,OPYTIMIZER
opy_SSA,-100,208,5,208,MABBOB_208,0.14306148194941642,0.11919258504245688,OPYTIMIZER
opy_ASO,-100,371,5,371,MABBOB_371,0.28254454632474374,0.23151321579097275,OPYTIMIZER
opy_IWO,-100,182,5,182,MABBOB_182,0.2508319797118864,0.08457445181847294,OPYTIMIZER
opy_GCO,-100,950,5,950,MABBOB_950,0.19790700766731995,0.11215757720433325,OPYTIMIZER
opy_RFO,-100,877,5,877,MABBOB_877,0.1711803094125302,0.1284494873565673,OPYTIMIZER
opy_EO,-100,324,5,324,MABBOB_324,0.07668724248195566,0.05668359449810044,OPYTIMIZER
opy_QSA,-100,870,5,870,MABBOB_870,0.17167356922313054,0.16784458389279244,OPYTIMIZER
opy_WEO,-100,413,5,413,MABBOB_413,0.2713857703418864,0.22327366657637202,OPYTIMIZER
opy_COA,-100,387,5,387,MABBOB_387,0.021161990255037656,0.01205946067743712,OPYTIMIZER
opy_WEO,-100,161,5,161,MABBOB_161,0.32797590993739323,0.11336161900318979,OPYTIMIZER
opy_LSA,-100,629,5,629,MABBOB_629,0.11591277605593317,0.07288271224529534,OPYTIMIZER
opy_DE,-100,492,5,492,MABBOB_492,0.11974408539605481,0.15404566877444056,OPYTIMIZER
opy_GCO,-100,259,5,259,MABBOB_259,0.0880653447613659,0.07301371767195824,OPYTIMIZER
opy_SAVPSO,-100,642,5,642,MABBOB_642,0.04573349084812081,0.027172083250900824,OPYTIMIZER
opy_RPSO,-100,523,5,523,MABBOB_523,0.04292563031357985,0.021565303620303334,OPYTIMIZER
opy_LSA,-100,207,5,207,MABBOB_207,0.3135908755054899,0.0990209966187155,OPYTIMIZER
opy_SSA,-100,34,5,34,MABBOB_34,0.20700882114488914,0.15324603514779156,OPYTIMIZER
opy_WEO,-100,569,5,569,MABBOB_569,0.2470536758635248,0.07866626779421329,OPYTIMIZER
opy_GCO,-100,208,5,208,MABBOB_208,0.11444251065846789,0.08214099951815527,OPYTIMIZER
opy_RRA,-100,486,5,486,MABBOB_486,0.17612387819008485,0.07625016138915688,OPYTIMIZER
opy_QSA,-100,629,5,629,MABBOB_629,0.19308357706167417,0.14255212991861796,OPYTIMIZER
opy_AEO,-100,360,5,360,MABBOB_360,0.12365809798447869,0.06941144275026215,OPYTIMIZER
opy_RPSO,-100,870,5,870,MABBOB_870,0.09918688139340068,0.060101428735496905,OPYTIMIZER
opy_SOS,-100,330,5,330,MABBOB_330,0.20832050685552464,0.12883209768217535,OPYTIMIZER
opy_EO,-100,419,5,419,MABBOB_419,0.14320547674020886,0.09190798709735386,OPYTIMIZER
opy_GA,-100,405,5,405,MABBOB_405,0.13981051999090727,0.06291067781739802,OPYTIMIZER
opy_EO,-100,906,5,906,MABBOB_906,0.022169471507947236,0.012442862384666142,OPYTIMIZER
opy_SOS,-100,2,5,2,MABBOB_2,0.23664083681760614,0.26954217728927427,OPYTIMIZER
opy_EO,-100,700,5,700,MABBOB_700,0.044258798215089254,0.02845637243333795,OPYTIMIZER
opy_SOS,-100,388,5,388,MABBOB_388,0.08820437010207786,0.031574211498771945,OPYTIMIZER
opy_ABO,-100,706,5,706,MABBOB_706,0.33838219406039555,0.19379781486881728,OPYTIMIZER
opy_BSA,-100,747,5,747,MABBOB_747,0.2238634012121325,0.17873367686741126,OPYTIMIZER
opy_MVPA,-100,756,5,756,MABBOB_756,0.31747464516020685,0.2973894101819767,OPYTIMIZER
opy_ASO,-100,906,5,906,MABBOB_906,0.1577212144008662,0.2187280344816549,OPYTIMIZER
opy_CS,-100,827,5,827,MABBOB_827,0.23267177948577517,0.11215121541560585,OPYTIMIZER
opy_RFO,-100,400,5,400,MABBOB_400,0.40199447004725697,0.12774199562969527,OPYTIMIZER
opy_EO,-100,270,5,270,MABBOB_270,0.1496424759343264,0.0888450788235895,OPYTIMIZER
opy_BSA,-100,769,5,769,MABBOB_769,0.2699541920743621,0.2703648137094206,OPYTIMIZER
opy_ASO,-100,964,5,964,MABBOB_964,0.3447960794785044,0.14508538345435268,OPYTIMIZER
opy_TWO,-100,67,5,67,MABBOB_67,0.11106302695037877,0.05754218765966316,OPYTIMIZER
opy_CS,-100,993,5,993,MABBOB_993,0.18315707141717955,0.03690117690731269,OPYTIMIZER
opy_GOA,-100,360,5,360,MABBOB_360,0.12065393425885154,0.100049776846015,OPYTIMIZER
opy_MVPA,-100,461,5,461,MABBOB_461,0.04066991112242699,0.02839863099177659,OPYTIMIZER
opy_RPSO,-100,368,5,368,MABBOB_368,0.13791121377245835,0.23771879448939962,OPYTIMIZER
opy_MVPA,-100,798,5,798,MABBOB_798,0.2227689601940917,0.11149723556648532,OPYTIMIZER
opy_AOA,-100,461,5,461,MABBOB_461,0.06784449277530916,0.012602084115381603,OPYTIMIZER
opy_TWO,-100,922,5,922,MABBOB_922,0.29170742105167113,0.11800032554570591,OPYTIMIZER
opy_ABC,-100,566,5,566,MABBOB_566,0.316616119842149,0.08932025054931073,OPYTIMIZER
opy_CS,-100,687,5,687,MABBOB_687,0.4331612125127374,0.25971965910996325,OPYTIMIZER
opy_CS,-100,494,5,494,MABBOB_494,0.07138921309448291,0.07823183195550433,OPYTIMIZER
opy_AEO,-100,482,5,482,MABBOB_482,0.25533957582722716,0.04326229206256473,OPYTIMIZER
opy_ASO,-100,618,5,618,MABBOB_618,0.4067671937926803,0.1797010974062096,OPYTIMIZER
opy_GCO,-100,268,5,268,MABBOB_268,0.3282306330877639,0.06830698824023894,OPYTIMIZER
opy_IWO,-100,396,5,396,MABBOB_396,0.18936725131718657,0.09343187067694989,OPYTIMIZER
opy_AOA,-100,335,5,335,MABBOB_335,0.197870636828685,0.26180718192489877,OPYTIMIZER
opy_QSA,-100,747,5,747,MABBOB_747,0.15479099683975822,0.13363032877177525,OPYTIMIZER
opy_BSA,-100,88,5,88,MABBOB_88,0.1205302457763167,0.041699122173836804,OPYTIMIZER
opy_GCO,-100,769,5,769,MABBOB_769,0.20778198403080497,0.19722922471908,OPYTIMIZER
opy_RFO,-100,333,5,333,MABBOB_333,0.031207605576675283,0.02343897237191781,OPYTIMIZER
opy_MVPA,-100,192,5,192,MABBOB_192,0.05655463141538823,0.06532719898800116,OPYTIMIZER
opy_DE,-100,569,5,569,MABBOB_569,0.1520666623175399,0.06793944657883554,OPYTIMIZER
opy_EO,-100,451,5,451,MABBOB_451,0.017307536811198045,0.012128798100882451,OPYTIMIZER
opy_SAVPSO,-100,954,5,954,MABBOB_954,0.12176858439046423,0.17913426449143263,OPYTIMIZER
opy_QSA,-100,73,5,73,MABBOB_73,0.23754921578749594,0.13790666728106302,OPYTIMIZER
opy_ASO,-100,961,5,961,MABBOB_961,0.4183104058341004,0.29597621360086585,OPYTIMIZER
opy_AEO,-100,646,5,646,MABBOB_646,0.20748344970115604,0.1753286611571797,OPYTIMIZER
opy_SOS,-100,270,5,270,MABBOB_270,0.21900797487738374,0.1593773896679574,OPYTIMIZER
opy_DE,-100,147,5,147,MABBOB_147,0.14358524342191387,0.07995385521756186,OPYTIMIZER
opy_QSA,-100,123,5,123,MABBOB_123,0.05550136709149818,0.02794509368388696,OPYTIMIZER
opy_SSA,-100,787,5,787,MABBOB_787,0.1302868622314915,0.07476665006316414,OPYTIMIZER
opy_ABO,-100,390,5,390,MABBOB_390,0.10307608317527159,0.12818846865660966,OPYTIMIZER
opy_SSA,-100,695,5,695,MABBOB_695,0.048766426095790884,0.012372936783471627,OPYTIMIZER
opy_DE,-100,118,5,118,MABBOB_118,0.12838167968500422,0.17122475523971928,OPYTIMIZER
opy_COA,-100,597,5,597,MABBOB_597,0.2649681028304177,0.2391976331788627,OPYTIMIZER
opy_ASO,-100,410,5,410,MABBOB_410,0.028691916233973037,0.021381044928468693,OPYTIMIZER
opy_RRA,-100,639,5,639,MABBOB_639,0.11630298481380727,0.048979842175355476,OPYTIMIZER
opy_CS,-100,424,5,424,MABBOB_424,0.18861686198597707,0.14385515518167916,OPYTIMIZER
opy_GA,-100,266,5,266,MABBOB_266,0.39433363099609575,0.24222473159419874,OPYTIMIZER
opy_COA,-100,266,5,266,MABBOB_266,0.49433292513727894,0.3138713920247006,OPYTIMIZER
opy_GA,-100,700,5,700,MABBOB_700,0.11486317194929652,0.10602008691255341,OPYTIMIZER
opy_DE,-100,116,5,116,MABBOB_116,0.07284696535938685,0.0655041536037452,OPYTIMIZER
opy_AEO,-100,523,5,523,MABBOB_523,0.07117402757456878,0.03364758089275902,OPYTIMIZER
opy_MVPA,-100,901,5,901,MABBOB_901,0.09720982704667436,0.06503855152431806,OPYTIMIZER
opy_TWO,-100,494,5,494,MABBOB_494,0.06042919896609624,0.06966268814869783,OPYTIMIZER
opy_GOA,-100,335,5,335,MABBOB_335,0.06119904121326932,0.07034390498375015,OPYTIMIZER
opy_TWO,-100,177,5,177,MABBOB_177,0.06555391950269121,0.054523855468101956,OPYTIMIZER
opy_EO,-100,73,5,73,MABBOB_73,0.1503761001285469,0.07409067696476036,OPYTIMIZER
opy_ASO,-100,713,5,713,MABBOB_713,0.043991511840332384,0.019096128905217044,OPYTIMIZER
opy_IWO,-100,161,5,161,MABBOB_161,0.32270985420687215,0.12944584291903546,OPYTIMIZER
opy_GOA,-100,699,5,699,MABBOB_699,0.11436435353241477,0.06839227478787548,OPYTIMIZER
opy_BSA,-100,118,5,118,MABBOB_118,0.18223338634718106,0.24887739812313778,OPYTIMIZER
opy_RPSO,-100,40,5,40,MABBOB_40,0.04619903504467401,0.031501205725035605,OPYTIMIZER
opy_MVPA,-100,33,5,33,MABBOB_33,0.10409029231914291,0.08582598396359747,OPYTIMIZER
opy_QSA,-100,161,5,161,MABBOB_161,0.1805634364481375,0.04850354864631753,OPYTIMIZER
opy_ASO,-100,639,5,639,MABBOB_639,0.22602461719276917,0.11825009999797674,OPYTIMIZER
opy_AOA,-100,61,5,61,MABBOB_61,0.32841052950000515,0.13032641917860863,OPYTIMIZER
opy_COA,-100,421,5,421,MABBOB_421,0.14814016545149128,0.07856578089475698,OPYTIMIZER
opy_SSA,-100,305,5,305,MABBOB_305,0.21895784496761328,0.14176286681321432,OPYTIMIZER
opy_EO,-100,37,5,37,MABBOB_37,0.18828396995360802,0.10738023972701866,OPYTIMIZER
opy_LSA,-100,773,5,773,MABBOB_773,0.33429215500630033,0.16995429729813377,OPYTIMIZER
opy_RRA,-100,795,5,795,MABBOB_795,0.24626366081577192,0.13707349200344807,OPYTIMIZER
opy_DE,-100,284,5,284,MABBOB_284,0.22097035739363488,0.15384648458948852,OPYTIMIZER
opy_RRA,-100,423,5,423,MABBOB_423,0.13745380206577668,0.13660356330187953,OPYTIMIZER
opy_DE,-100,51,5,51,MABBOB_51,0.0494013310316501,0.047537274395362504,OPYTIMIZER
opy_TWO,-100,707,5,707,MABBOB_707,0.20954757524620496,0.12537798780913323,OPYTIMIZER
opy_SAVPSO,-100,604,5,604,MABBOB_604,0.07100297242391035,0.07240840066636292,OPYTIMIZER
opy_AOA,-100,466,5,466,MABBOB_466,0.28005813629184445,0.08208044338211586,OPYTIMIZER
opy_COA,-100,207,5,207,MABBOB_207,0.39995960002852543,0.13355033299389257,OPYTIMIZER
opy_SAVPSO,-100,782,5,782,MABBOB_782,0.10549124189558863,0.042639074361343426,OPYTIMIZER
opy_SOS,-100,113,5,113,MABBOB_113,0.10763516946009762,0.09011309208630126,OPYTIMIZER
opy_SAVPSO,-100,597,5,597,MABBOB_597,0.1835206440796088,0.15940144117948968,OPYTIMIZER
opy_RFO,-100,950,5,950,MABBOB_950,0.1095431889340491,0.056910150281484086,OPYTIMIZER
opy_EO,-100,103,5,103,MABBOB_103,0.069706673726837,0.029467850658128566,OPYTIMIZER
opy_MVPA,-100,691,5,691,MABBOB_691,0.016870433688540597,0.014113123532315731,OPYTIMIZER
opy_RPSO,-100,34,5,34,MABBOB_34,0.12129753424407538,0.13511231925424722,OPYTIMIZER
opy_BSA,-100,243,5,243,MABBOB_243,0.041924206287931295,0.03668522604109938,OPYTIMIZER
opy_EO,-100,203,5,203,MABBOB_203,0.10441166775271205,0.09180040411843728,OPYTIMIZER
opy_ABC,-100,44,5,44,MABBOB_44,0.11532506618088126,0.08860566507209157,OPYTIMIZER
opy_TWO,-100,400,5,400,MABBOB_400,0.41482399160658173,0.0709786515299414,OPYTIMIZER
opy_RPSO,-100,423,5,423,MABBOB_423,0.07981587590997927,0.05780526616726697,OPYTIMIZER
opy_GA,-100,502,5,502,MABBOB_502,0.29244514761017987,0.10804465052764316,OPYTIMIZER
opy_CS,-100,763,5,763,MABBOB_763,0.0646722401502732,0.055917020944678875,OPYTIMIZER
opy_RRA,-100,451,5,451,MABBOB_451,0.017492481163283873,0.012169981185906094,OPYTIMIZER
opy_QSA,-100,830,5,830,MABBOB_830,0.19005482964419246,0.13066972880709954,OPYTIMIZER
opy_DE,-100,400,5,400,MABBOB_400,0.5151019097960815,0.11112780448028772,OPYTIMIZER
opy_SSA,-100,415,5,415,MABBOB_415,0.311443680747771,0.3148065213548851,OPYTIMIZER
opy_WEO,-100,740,5,740,MABBOB_740,0.3088697736491733,0.205324735673248,OPYTIMIZER
opy_AOA,-100,980,5,980,MABBOB_980,0.2896906403318105,0.20798969544779863,OPYTIMIZER
opy_SAVPSO,-100,176,5,176,MABBOB_176,0.27884480814070944,0.11597453955121684,OPYTIMIZER
opy_LSA,-100,346,5,346,MABBOB_346,0.03729564728576122,0.02722816183995723,OPYTIMIZER
opy_AEO,-100,182,5,182,MABBOB_182,0.15663018534238274,0.050507973209620104,OPYTIMIZER
opy_COA,-100,606,5,606,MABBOB_606,0.23617775436083357,0.08065024591551681,OPYTIMIZER
opy_GA,-100,783,5,783,MABBOB_783,0.15923438606469445,0.1353681116027156,OPYTIMIZER
opy_AOA,-100,248,5,248,MABBOB_248,0.1120577285890731,0.17375730631524441,OPYTIMIZER
opy_RPSO,-100,565,5,565,MABBOB_565,0.08048620163542528,0.055835018950587526,OPYTIMIZER
opy_ABC,-100,346,5,346,MABBOB_346,0.08329811080583906,0.09807721474454228,OPYTIMIZER
opy_AEO,-100,689,5,689,MABBOB_689,0.026147695482415734,0.015001476281383264,OPYTIMIZER
opy_MVPA,-100,259,5,259,MABBOB_259,0.04308454184241108,0.02203099405536665,OPYTIMIZER
opy_COA,-100,51,5,51,MABBOB_51,0.07518346461845836,0.1001056189952138,OPYTIMIZER
opy_RRA,-100,464,5,464,MABBOB_464,0.22205623627935306,0.08762563638262087,OPYTIMIZER
opy_WEO,-100,188,5,188,MABBOB_188,0.28606107490378296,0.1776232479461987,OPYTIMIZER
opy_SOS,-100,266,5,266,MABBOB_266,0.3937318597067347,0.30488252331114907,OPYTIMIZER
opy_RRA,-100,997,5,997,MABBOB_997,0.10366965987639305,0.12006838422240214,OPYTIMIZER
opy_SAVPSO,-100,876,5,876,MABBOB_876,0.07245909411544607,0.042749317518797625,OPYTIMIZER
opy_COA,-100,741,5,741,MABBOB_741,0.11454478048068883,0.12816262178523657,OPYTIMIZER
opy_RRA,-100,116,5,116,MABBOB_116,0.039022883223997766,0.027026121757077016,OPYTIMIZER
opy_AEO,-100,413,5,413,MABBOB_413,0.23377973059567103,0.2139532497740725,OPYTIMIZER
opy_TWO,-100,788,5,788,MABBOB_788,0.033243648299184934,0.012317332069158022,OPYTIMIZER
opy_ABO,-100,461,5,461,MABBOB_461,0.07063253987052014,0.03411406197312999,OPYTIMIZER
opy_LSA,-100,606,5,606,MABBOB_606,0.21855944719552048,0.0473278386037725,OPYTIMIZER
opy_SSA,-100,747,5,747,MABBOB_747,0.09482083566295141,0.057693474557986985,OPYTIMIZER
opy_ASO,-100,350,5,350,MABBOB_350,0.07796459892664306,0.052761546931548414,OPYTIMIZER
opy_IWO,-100,466,5,466,MABBOB_466,0.24081620534405856,0.05701452090441016,OPYTIMIZER
opy_AOA,-100,190,5,190,MABBOB_190,0.1920952532775769,0.28977295131941433,OPYTIMIZER
opy_CS,-100,418,5,418,MABBOB_418,0.20031874620473017,0.1954400903073963,OPYTIMIZER
opy_ABC,-100,811,5,811,MABBOB_811,0.07630978891781456,0.02724602994531673,OPYTIMIZER
opy_GA,-100,529,5,529,MABBOB_529,0.06739115375905033,0.02358114922806548,OPYTIMIZER
opy_EO,-100,149,5,149,MABBOB_149,0.09308041231478217,0.04572088459906537,OPYTIMIZER
opy_LSA,-100,456,5,456,MABBOB_456,0.015688341829233447,0.00654697289057141,OPYTIMIZER
opy_CS,-100,8,5,8,MABBOB_8,0.19252044541095586,0.10999251316438707,OPYTIMIZER
opy_WEO,-100,604,5,604,MABBOB_604,0.3532412617523126,0.37538194299917405,OPYTIMIZER
opy_SSA,-100,556,5,556,MABBOB_556,0.061225603481489685,0.006534802253145359,OPYTIMIZER
opy_GCO,-100,642,5,642,MABBOB_642,0.10760505173086657,0.0742845289970747,OPYTIMIZER
opy_SSA,-100,877,5,877,MABBOB_877,0.1419360719617315,0.08979433710277014,OPYTIMIZER
opy_SAVPSO,-100,116,5,116,MABBOB_116,0.027396052733286175,0.015169327097839922,OPYTIMIZER
opy_COA,-100,542,5,542,MABBOB_542,0.08011519368930271,0.09166848649438072,OPYTIMIZER
opy_MVPA,-100,764,5,764,MABBOB_764,0.033708579832651346,0.027158993554804004,OPYTIMIZER
opy_RRA,-100,421,5,421,MABBOB_421,0.10857775863100054,0.06084617836889586,OPYTIMIZER
opy_RFO,-100,646,5,646,MABBOB_646,0.10751674123564729,0.09500155141497427,OPYTIMIZER
opy_IWO,-100,373,5,373,MABBOB_373,0.3145620245088515,0.3383045665555425,OPYTIMIZER
opy_TWO,-100,307,5,307,MABBOB_307,0.09148114855177598,0.10424713402390129,OPYTIMIZER
opy_IWO,-100,795,5,795,MABBOB_795,0.284197031605693,0.13388130792745295,OPYTIMIZER
opy_MVPA,-100,779,5,779,MABBOB_779,0.044109628866551946,0.02807303517105166,OPYTIMIZER
opy_WEO,-100,739,5,739,MABBOB_739,0.1290440887569769,0.03160362503301261,OPYTIMIZER
opy_RPSO,-100,975,5,975,MABBOB_975,0.08741484710741242,0.049407169499778726,OPYTIMIZER
opy_MVPA,-100,759,5,759,MABBOB_759,0.3180426330576219,0.06406691858363917,OPYTIMIZER
opy_SAVPSO,-100,646,5,646,MABBOB_646,0.09184315294079735,0.07746621766177728,OPYTIMIZER
opy_SSA,-100,700,5,700,MABBOB_700,0.14034926093721412,0.08741826197999453,OPYTIMIZER
opy_AOA,-100,114,5,114,MABBOB_114,0.3147227096785377,0.11874549535915098,OPYTIMIZER
opy_SOS,-100,105,5,105,MABBOB_105,0.19872786733519482,0.0912486768009011,OPYTIMIZER
opy_BSA,-100,344,5,344,MABBOB_344,0.2348006296676557,0.13799413514317987,OPYTIMIZER
opy_MVPA,-100,103,5,103,MABBOB_103,0.07672356214431456,0.0375387952551181,OPYTIMIZER
opy_GCO,-100,418,5,418,MABBOB_418,0.23963144074259954,0.2679896295768957,OPYTIMIZER
opy_ABC,-100,783,5,783,MABBOB_783,0.1345821238611271,0.1281834861767515,OPYTIMIZER
opy_AOA,-100,451,5,451,MABBOB_451,0.06349652951662599,0.0666102902556297,OPYTIMIZER
opy_ABC,-100,456,5,456,MABBOB_456,0.01744810309269001,0.006772500541800771,OPYTIMIZER
opy_TWO,-100,773,5,773,MABBOB_773,0.30277245955368004,0.1650944984096944,OPYTIMIZER
opy_ASO,-100,795,5,795,MABBOB_795,0.3284075310704092,0.1834744910853434,OPYTIMIZER
opy_ASO,-100,144,5,144,MABBOB_144,0.2283763567686281,0.24901642870483318,OPYTIMIZER
opy_RFO,-100,671,5,671,MABBOB_671,0.20403567439712372,0.15942547189069758,OPYTIMIZER
opy_AOA,-100,965,5,965,MABBOB_965,0.34322160698482007,0.1030167816343909,OPYTIMIZER
opy_WEO,-100,426,5,426,MABBOB_426,0.32442012267593867,0.2356645240740428,OPYTIMIZER
opy_DE,-100,411,5,411,MABBOB_411,0.07975089124931342,0.07888899845072976,OPYTIMIZER
opy_AOA,-100,1,5,1,MABBOB_1,0.021717098196356945,0.022603428871822862,OPYTIMIZER
opy_SOS,-100,34,5,34,MABBOB_34,0.12024948041266958,0.11254802713031804,OPYTIMIZER
opy_SAVPSO,-100,575,5,575,MABBOB_575,0.21946207093326894,0.13922949497268822,OPYTIMIZER
opy_WEO,-100,879,5,879,MABBOB_879,0.21374440907681755,0.3882508572302246,OPYTIMIZER
opy_RRA,-100,404,5,404,MABBOB_404,0.03719598143974211,0.024353639364421836,OPYTIMIZER
opy_RRA,-100,709,5,709,MABBOB_709,0.20051889557373542,0.09661177201774516,OPYTIMIZER
opy_ASO,-100,361,5,361,MABBOB_361,0.5420006961956657,0.23507242145793542,OPYTIMIZER
opy_GOA,-100,405,5,405,MABBOB_405,0.11257011363677005,0.04956752448715907,OPYTIMIZER
opy_EO,-100,6,5,6,MABBOB_6,0.10032621479312691,0.022814976348623242,OPYTIMIZER
opy_SAVPSO,-100,359,5,359,MABBOB_359,0.2719771092201951,0.09191688568605881,OPYTIMIZER
opy_IWO,-100,103,5,103,MABBOB_103,0.2735240206717665,0.15540281481580073,OPYTIMIZER
opy_SOS,-100,203,5,203,MABBOB_203,0.11500241492488536,0.08576398282320163,OPYTIMIZER
opy_RRA,-100,811,5,811,MABBOB_811,0.062406794093544736,0.02436613390546525,OPYTIMIZER
opy_IWO,-100,405,5,405,MABBOB_405,0.20964691796230062,0.12908193072086527,OPYTIMIZER
opy_DE,-100,980,5,980,MABBOB_980,0.3913915040334036,0.23108137386882016,OPYTIMIZER
opy_RFO,-100,991,5,991,MABBOB_991,0.06172259290451247,0.03529453572396453,OPYTIMIZER
opy_SAVPSO,-100,361,5,361,MABBOB_361,0.28849732652082266,0.12177400349640513,OPYTIMIZER
opy_EO,-100,901,5,901,MABBOB_901,0.08576777803940683,0.07092336342453831,OPYTIMIZER
opy_RPSO,-100,709,5,709,MABBOB_709,0.18414940653241793,0.07180210604319606,OPYTIMIZER
opy_SOS,-100,629,5,629,MABBOB_629,0.0950422390030632,0.05545720139860801,OPYTIMIZER
opy_DE,-100,275,5,275,MABBOB_275,0.25639019356015563,0.12804346819067788,OPYTIMIZER
opy_IWO,-100,344,5,344,MABBOB_344,0.04060663502127885,0.01375363058331554,OPYTIMIZER
opy_LSA,-100,176,5,176,MABBOB_176,0.2904910361468046,0.09565231092787943,OPYTIMIZER
opy_TWO,-100,993,5,993,MABBOB_993,0.1673698751229471,0.05475462405225581,OPYTIMIZER
opy_IWO,-100,74,5,74,MABBOB_74,0.03090763483333032,0.01464299958302961,OPYTIMIZER
opy_TWO,-100,361,5,361,MABBOB_361,0.3065039310023477,0.11262074259054258,OPYTIMIZER
opy_AOA,-100,906,5,906,MABBOB_906,0.06306355948454671,0.039985155634043396,OPYTIMIZER
opy_RRA,-100,606,5,606,MABBOB_606,0.2013313589002655,0.06716746469656813,OPYTIMIZER
opy_AEO,-100,407,5,407,MABBOB_407,0.18955774978739964,0.12545206812844437,OPYTIMIZER
opy_QSA,-100,118,5,118,MABBOB_118,0.12142822419546921,0.1609428589509242,OPYTIMIZER
opy_SOS,-100,747,5,747,MABBOB_747,0.08218774845701626,0.06682503664540361,OPYTIMIZER
opy_AOA,-100,426,5,426,MABBOB_426,0.2491132067449151,0.16442552256129322,OPYTIMIZER
opy_SSA,-100,982,5,982,MABBOB_982,0.018775864897275642,0.0071096253480901275,OPYTIMIZER
opy_SAVPSO,-100,964,5,964,MABBOB_964,0.11157053868889241,0.051071290516205195,OPYTIMIZER
opy_RPSO,-100,415,5,415,MABBOB_415,0.12802227977678332,0.10460931593986866,OPYTIMIZER
opy_ABC,-100,26,5,26,MABBOB_26,0.2263624967969688,0.2654996054639525,OPYTIMIZER
opy_AOA,-100,161,5,161,MABBOB_161,0.20366240830569143,0.03441840208354637,OPYTIMIZER
opy_WEO,-100,344,5,344,MABBOB_344,0.23264378994255863,0.14388336357259748,OPYTIMIZER
opy_COA,-100,901,5,901,MABBOB_901,0.20099123858149248,0.18968384887609516,OPYTIMIZER
opy_SOS,-100,671,5,671,MABBOB_671,0.17519129173312278,0.12036616658284335,OPYTIMIZER
opy_QSA,-100,764,5,764,MABBOB_764,0.07031052116851616,0.0728627654150248,OPYTIMIZER
opy_GOA,-100,317,5,317,MABBOB_317,0.08142104876100553,0.05047849267410366,OPYTIMIZER
opy_BSA,-100,388,5,388,MABBOB_388,0.24311111978272262,0.17530028227250208,OPYTIMIZER
opy_COA,-100,689,5,689,MABBOB_689,0.025395680362570994,0.014769756636333797,OPYTIMIZER
opy_COA,-100,6,5,6,MABBOB_6,0.18267214140971078,0.04478945952749804,OPYTIMIZER
opy_EO,-100,862,5,862,MABBOB_862,0.10548079926528084,0.1188793326595625,OPYTIMIZER
opy_AEO,-100,709,5,709,MABBOB_709,0.18263359255290743,0.0677562465364742,OPYTIMIZER
opy_ABC,-100,116,5,116,MABBOB_116,0.06093630188164616,0.04309540812229768,OPYTIMIZER
opy_EO,-100,113,5,113,MABBOB_113,0.06961581989858526,0.06283505162248518,OPYTIMIZER
opy_QSA,-100,284,5,284,MABBOB_284,0.13497111707884565,0.08479875258532985,OPYTIMIZER
opy_WEO,-100,530,5,530,MABBOB_530,0.12898743113875646,0.239091018739312,OPYTIMIZER
opy_LSA,-100,44,5,44,MABBOB_44,0.05489736566245401,0.034684918526171185,OPYTIMIZER
opy_IWO,-100,170,5,170,MABBOB_170,0.07757034381627138,0.04949608897071302,OPYTIMIZER
opy_GA,-100,764,5,764,MABBOB_764,0.057386945599536464,0.05512326520727626,OPYTIMIZER
opy_CS,-100,577,5,577,MABBOB_577,0.19649158557865304,0.11187968152756658,OPYTIMIZER
opy_IWO,-100,848,5,848,MABBOB_848,0.6704765942432589,0.31004332582658173,OPYTIMIZER
opy_GA,-100,361,5,361,MABBOB_361,0.36984705106096516,0.1402425521812866,OPYTIMIZER
opy_TWO,-100,259,5,259,MABBOB_259,0.053110765473052025,0.03279497230871343,OPYTIMIZER
opy_GCO,-100,918,5,918,MABBOB_918,0.3269692116407795,0.09779153006808859,OPYTIMIZER
opy_GCO,-100,270,5,270,MABBOB_270,0.37461195338149295,0.27506694954281774,OPYTIMIZER
opy_ABO,-100,430,5,430,MABBOB_430,0.09217099889998441,0.07526903110950466,OPYTIMIZER
opy_ABC,-100,502,5,502,MABBOB_502,0.3106325711110566,0.11507412550518115,OPYTIMIZER
opy_AOA,-100,695,5,695,MABBOB_695,0.10437784575824809,0.060793016174175325,OPYTIMIZER
opy_IWO,-100,727,5,727,MABBOB_727,0.13174433864859023,0.19424745633852059,OPYTIMIZER
opy_MVPA,-100,6,5,6,MABBOB_6,0.1194754241018309,0.025512576199704564,OPYTIMIZER
opy_WEO,-100,445,5,445,MABBOB_445,0.14946447994406314,0.04012360471785233,OPYTIMIZER
opy_QSA,-100,575,5,575,MABBOB_575,0.411944480397669,0.2523143155232272,OPYTIMIZER
opy_MVPA,-100,618,5,618,MABBOB_618,0.12356222134035544,0.049545180368745556,OPYTIMIZER
opy_GA,-100,844,5,844,MABBOB_844,0.10668866538591706,0.09244263474216555,OPYTIMIZER
opy_COA,-100,556,5,556,MABBOB_556,0.04571963516612927,0.01134951561618294,OPYTIMIZER
opy_LSA,-100,756,5,756,MABBOB_756,0.19162193863476656,0.08511482436014402,OPYTIMIZER
opy_RPSO,-100,555,5,555,MABBOB_555,0.11048482371576145,0.048320923251700856,OPYTIMIZER
opy_BSA,-100,699,5,699,MABBOB_699,0.28330669436598305,0.14789636123473823,OPYTIMIZER
opy_BSA,-100,461,5,461,MABBOB_461,0.12366418661198535,0.03605707812531643,OPYTIMIZER
opy_AOA,-100,520,5,520,MABBOB_520,0.1781692821738987,0.11556109200237212,OPYTIMIZER
opy_ASO,-100,688,5,688,MABBOB_688,0.21285430314374826,0.20209666818215163,OPYTIMIZER
opy_SSA,-100,565,5,565,MABBOB_565,0.09068131085318029,0.06275650016913928,OPYTIMIZER
opy_COA,-100,123,5,123,MABBOB_123,0.06812994907173169,0.04545608766671041,OPYTIMIZER
opy_SSA,-100,901,5,901,MABBOB_901,0.23965838880800588,0.20412150434657014,OPYTIMIZER
opy_GA,-100,105,5,105,MABBOB_105,0.2291411842193777,0.11872044110953334,OPYTIMIZER
opy_RFO,-100,911,5,911,MABBOB_911,0.24639010883298726,0.18312471579334638,OPYTIMIZER
opy_RRA,-100,746,5,746,MABBOB_746,0.15870002102415928,0.0389527558990909,OPYTIMIZER
opy_COA,-100,15,5,15,MABBOB_15,0.17210430834808899,0.19285869863465174,OPYTIMIZER
opy_SSA,-100,220,5,220,MABBOB_220,0.3449902242402313,0.24811744674124409,OPYTIMIZER
opy_WEO,-100,836,5,836,MABBOB_836,0.45522255878741325,0.24368170200711226,OPYTIMIZER
opy_DE,-100,714,5,714,MABBOB_714,0.18342891029916186,0.26996434763963817,OPYTIMIZER
opy_LSA,-100,424,5,424,MABBOB_424,0.08667193175292119,0.0476292721609765,OPYTIMIZER
opy_RPSO,-100,865,5,865,MABBOB_865,0.15376500532663,0.14246578837279897,OPYTIMIZER
opy_QSA,-100,879,5,879,MABBOB_879,0.129844004835642,0.22550379413611119,OPYTIMIZER
opy_COA,-100,405,5,405,MABBOB_405,0.15662060747754716,0.06309041540051996,OPYTIMIZER
opy_GA,-100,217,5,217,MABBOB_217,0.17403564848974254,0.09266010902011146,OPYTIMIZER
opy_GOA,-100,415,5,415,MABBOB_415,0.18010476206963005,0.1447981015931236,OPYTIMIZER
opy_ASO,-100,864,5,864,MABBOB_864,0.20263372541755742,0.15571831743538303,OPYTIMIZER
opy_RPSO,-100,248,5,248,MABBOB_248,0.06810079208950856,0.09956011139223832,OPYTIMIZER
opy_ASO,-100,870,5,870,MABBOB_870,0.3206321895657771,0.34142633037174225,OPYTIMIZER
opy_GOA,-100,464,5,464,MABBOB_464,0.1840210515872292,0.11612209646909827,OPYTIMIZER
opy_ASO,-100,608,5,608,MABBOB_608,0.4242642003802789,0.20951121702472297,OPYTIMIZER
opy_QSA,-100,367,5,367,MABBOB_367,0.2957888464219781,0.1960197933641273,OPYTIMIZER
opy_SSA,-100,188,5,188,MABBOB_188,0.09905951794194412,0.08275753516231243,OPYTIMIZER
opy_RPSO,-100,569,5,569,MABBOB_569,0.09532349058896808,0.03259251412427575,OPYTIMIZER
opy_ABC,-100,162,5,162,MABBOB_162,0.14361254783846328,0.033407752267768744,OPYTIMIZER
opy_QSA,-100,597,5,597,MABBOB_597,0.294417134696462,0.24535068617016398,OPYTIMIZER
opy_GOA,-100,2,5,2,MABBOB_2,0.20236941315255302,0.2219122713359398,OPYTIMIZER
opy_ABC,-100,34,5,34,MABBOB_34,0.15285461973531236,0.09203004094493625,OPYTIMIZER
opy_SOS,-100,877,5,877,MABBOB_877,0.13273065829504122,0.07544228039389812,OPYTIMIZER
opy_GA,-100,387,5,387,MABBOB_387,0.048342206308768745,0.04342237396873731,OPYTIMIZER
opy_MVPA,-100,699,5,699,MABBOB_699,0.08571696617198157,0.04960627939066522,OPYTIMIZER
opy_AOA,-100,699,5,699,MABBOB_699,0.20119028794964905,0.08734519051639651,OPYTIMIZER
opy_RFO,-100,346,5,346,MABBOB_346,0.04467504022431734,0.033760034610097286,OPYTIMIZER
opy_CS,-100,466,5,466,MABBOB_466,0.26124398518323017,0.04869926816745302,OPYTIMIZER
opy_ASO,-100,763,5,763,MABBOB_763,0.0784332365675184,0.06472664883617558,OPYTIMIZER
opy_AOA,-100,361,5,361,MABBOB_361,0.2600548205072716,0.09837611996923662,OPYTIMIZER
opy_BSA,-100,876,5,876,MABBOB_876,0.3136987328513942,0.17298035566395698,OPYTIMIZER
opy_GCO,-100,961,5,961,MABBOB_961,0.39346784899881787,0.31012708193281163,OPYTIMIZER
opy_RFO,-100,855,5,855,MABBOB_855,0.1305850335412134,0.12599842413157072,OPYTIMIZER
opy_SAVPSO,-100,26,5,26,MABBOB_26,0.11809233480178147,0.13332130526846012,OPYTIMIZER
opy_AOA,-100,371,5,371,MABBOB_371,0.18363689398926072,0.1343191020812774,OPYTIMIZER
opy_RPSO,-100,101,5,101,MABBOB_101,0.04965996164679219,0.035548466570909994,OPYTIMIZER
opy_GOA,-100,795,5,795,MABBOB_795,0.2115374567262998,0.1429719604311814,OPYTIMIZER
opy_QSA,-100,965,5,965,MABBOB_965,0.4284502046559221,0.15023474327148267,OPYTIMIZER
opy_RPSO,-100,190,5,190,MABBOB_190,0.07897196255351563,0.1195866524224073,OPYTIMIZER
opy_MVPA,-100,677,5,677,MABBOB_677,0.1395123185951767,0.07310340379946946,OPYTIMIZER
opy_GA,-100,950,5,950,MABBOB_950,0.11760064354627145,0.029639656518956316,OPYTIMIZER
opy_BSA,-100,494,5,494,MABBOB_494,0.07941486914862914,0.08932941053034284,OPYTIMIZER
opy_ABO,-100,74,5,74,MABBOB_74,0.027586249087859983,0.01248967527600178,OPYTIMIZER
opy_SSA,-100,264,5,264,MABBOB_264,0.130236149374343,0.0747787378623259,OPYTIMIZER
opy_COA,-100,204,5,204,MABBOB_204,0.0526564086894324,0.0515464654449722,OPYTIMIZER
opy_LSA,-100,400,5,400,MABBOB_400,0.3374983899776606,0.08429990729468656,OPYTIMIZER
opy_CS,-100,756,5,756,MABBOB_756,0.321155404999549,0.12226034697173464,OPYTIMIZER
opy_ABO,-100,618,5,618,MABBOB_618,0.29110087304059834,0.1188404160934433,OPYTIMIZER
opy_SSA,-100,741,5,741,MABBOB_741,0.09989691112115769,0.07583573553126768,OPYTIMIZER
opy_ASO,-100,243,5,243,MABBOB_243,0.041924206287931295,0.03668522604109938,OPYTIMIZER
opy_COA,-100,188,5,188,MABBOB_188,0.11433865893005016,0.04696952410910532,OPYTIMIZER
opy_EO,-100,170,5,170,MABBOB_170,0.02722010576825514,0.015081802542050816,OPYTIMIZER
opy_ABO,-100,566,5,566,MABBOB_566,0.2872952642024493,0.05184344850926754,OPYTIMIZER
opy_IWO,-100,965,5,965,MABBOB_965,0.529455472353369,0.2004747590505899,OPYTIMIZER
opy_CS,-100,327,5,327,MABBOB_327,0.25720715564661517,0.14573993514143121,OPYTIMIZER
opy_AOA,-100,763,5,763,MABBOB_763,0.17379095508138068,0.2691171517755906,OPYTIMIZER
opy_WEO,-100,248,5,248,MABBOB_248,0.13207596937323143,0.20861987718987163,OPYTIMIZER
opy_COA,-100,335,5,335,MABBOB_335,0.07051259992782469,0.05536860567432943,OPYTIMIZER
opy_SAVPSO,-100,798,5,798,MABBOB_798,0.19219536588205627,0.0874145113645868,OPYTIMIZER
opy_CS,-100,449,5,449,MABBOB_449,0.022832760676141796,0.013235010417243313,OPYTIMIZER
opy_TWO,-100,418,5,418,MABBOB_418,0.13896065887447814,0.1292202251288346,OPYTIMIZER
opy_MVPA,-100,26,5,26,MABBOB_26,0.13159257814347075,0.17460414610163214,OPYTIMIZER
opy_GA,-100,181,5,181,MABBOB_181,0.06015624641868692,0.04356756233905868,OPYTIMIZER
opy_SSA,-100,870,5,870,MABBOB_870,0.13805155210591763,0.042266202381285645,OPYTIMIZER
opy_ABC,-100,270,5,270,MABBOB_270,0.30996151566512165,0.2183407209347107,OPYTIMIZER
opy_IWO,-100,359,5,359,MABBOB_359,0.4157577627877517,0.07656691306203425,OPYTIMIZER
opy_SSA,-100,555,5,555,MABBOB_555,0.22824333829935287,0.09684603022257722,OPYTIMIZER
opy_ABC,-100,567,5,567,MABBOB_567,0.10058548776082468,0.06410903685923686,OPYTIMIZER
opy_GCO,-100,330,5,330,MABBOB_330,0.31771849136633534,0.218105930424022,OPYTIMIZER
opy_QSA,-100,15,5,15,MABBOB_15,0.15782941692314204,0.1543236102431487,OPYTIMIZER
opy_ASO,-100,918,5,918,MABBOB_918,0.3338159783247572,0.11065934723893257,OPYTIMIZER
opy_ABC,-100,901,5,901,MABBOB_901,0.15238498174413312,0.12293099364151949,OPYTIMIZER
opy_CS,-100,878,5,878,MABBOB_878,0.22215015023317997,0.06478923321283969,OPYTIMIZER
opy_ABO,-100,491,5,491,MABBOB_491,0.2788662532767129,0.22075337403502385,OPYTIMIZER
opy_ABC,-100,707,5,707,MABBOB_707,0.3275706221089375,0.1798196365494346,OPYTIMIZER
opy_GCO,-100,162,5,162,MABBOB_162,0.1296370300124013,0.04540763538827792,OPYTIMIZER
opy_AOA,-100,97,5,97,MABBOB_97,0.19927740640024538,0.08473367354185857,OPYTIMIZER
opy_EO,-100,24,5,24,MABBOB_24,0.09684856189265137,0.08945675641757267,OPYTIMIZER
opy_RRA,-100,73,5,73,MABBOB_73,0.244541634207493,0.1542011374028015,OPYTIMIZER
opy_RFO,-100,405,5,405,MABBOB_405,0.1147413839498544,0.057942927316557084,OPYTIMIZER
opy_RRA,-100,107,5,107,MABBOB_107,0.0447508998094399,0.02393091202962865,OPYTIMIZER
opy_RRA,-100,333,5,333,MABBOB_333,0.06117155441163412,0.08066090716912247,OPYTIMIZER
opy_TWO,-100,566,5,566,MABBOB_566,0.1357631694322636,0.04393931181874094,OPYTIMIZER
opy_TWO,-100,424,5,424,MABBOB_424,0.10243879989611113,0.06950369542330513,OPYTIMIZER
opy_GOA,-100,421,5,421,MABBOB_421,0.12027615836517877,0.08157035997071352,OPYTIMIZER
opy_EO,-100,212,5,212,MABBOB_212,0.047373718594996325,0.03462201940469149,OPYTIMIZER
opy_RPSO,-100,466,5,466,MABBOB_466,0.1242339436580803,0.04412846092081236,OPYTIMIZER
opy_IWO,-100,618,5,618,MABBOB_618,0.35334224184240776,0.126184913197334,OPYTIMIZER
opy_TWO,-100,246,5,246,MABBOB_246,0.08780852768427957,0.08787083899424261,OPYTIMIZER
opy_SOS,-100,783,5,783,MABBOB_783,0.08696761251400505,0.061431168534242325,OPYTIMIZER
opy_GOA,-100,333,5,333,MABBOB_333,0.02665763106739053,0.013828701370484453,OPYTIMIZER
opy_CS,-100,508,5,508,MABBOB_508,0.13831244176852903,0.09685969458951188,OPYTIMIZER
opy_DE,-100,747,5,747,MABBOB_747,0.13626915678618476,0.12329947257883876,OPYTIMIZER
opy_ABC,-100,713,5,713,MABBOB_713,0.13485625739720372,0.08984379759133185,OPYTIMIZER
opy_AEO,-100,964,5,964,MABBOB_964,0.21992568802414053,0.12891440897992604,OPYTIMIZER
opy_LSA,-100,714,5,714,MABBOB_714,0.10675768651374044,0.1574344748330105,OPYTIMIZER
opy_CS,-100,811,5,811,MABBOB_811,0.07810001872430833,0.028420408823102854,OPYTIMIZER
opy_CS,-100,257,5,257,MABBOB_257,0.13127325494446004,0.0681027034391614,OPYTIMIZER
opy_ABC,-100,212,5,212,MABBOB_212,0.10073527817516303,0.09282388642415311,OPYTIMIZER
opy_ABO,-100,830,5,830,MABBOB_830,0.293012564922959,0.2017887169038153,OPYTIMIZER
opy_RRA,-100,413,5,413,MABBOB_413,0.18582621119300935,0.1470454917580231,OPYTIMIZER
opy_ABO,-100,147,5,147,MABBOB_147,0.18503718137200081,0.09967904985405092,OPYTIMIZER
opy_BSA,-100,430,5,430,MABBOB_430,0.1783919819351631,0.1825344211259485,OPYTIMIZER
opy_RFO,-100,8,5,8,MABBOB_8,0.0998262954792943,0.03626680247183854,OPYTIMIZER
opy_MVPA,-100,657,5,657,MABBOB_657,0.2764232290031041,0.11195807523858474,OPYTIMIZER
opy_EO,-100,597,5,597,MABBOB_597,0.1720882115412144,0.1323102390636532,OPYTIMIZER
opy_EO,-100,891,5,891,MABBOB_891,0.14450144365456366,0.05381474092015268,OPYTIMIZER
opy_DE,-100,773,5,773,MABBOB_773,0.4450764821869166,0.2504298514985209,OPYTIMIZER
opy_SSA,-100,207,5,207,MABBOB_207,0.3790203361738953,0.08851470135192252,OPYTIMIZER
opy_RFO,-100,147,5,147,MABBOB_147,0.12856979910125393,0.11219658749422426,OPYTIMIZER
opy_GOA,-100,848,5,848,MABBOB_848,0.42930169749437985,0.300970726675662,OPYTIMIZER
opy_RPSO,-100,163,5,163,MABBOB_163,0.017090791901495116,0.006443956517222602,OPYTIMIZER
opy_GOA,-100,536,5,536,MABBOB_536,0.18102550263117628,0.11048937614034163,OPYTIMIZER
opy_CS,-100,368,5,368,MABBOB_368,0.18024590684676753,0.27511904932908077,OPYTIMIZER
opy_IWO,-100,529,5,529,MABBOB_529,0.13378223152330346,0.06957125038982384,OPYTIMIZER
opy_EO,-100,62,5,62,MABBOB_62,0.1290412947810636,0.04357577265065775,OPYTIMIZER
opy_AOA,-100,844,5,844,MABBOB_844,0.17340375321712959,0.18761328243112177,OPYTIMIZER
opy_AEO,-100,217,5,217,MABBOB_217,0.1752594819903103,0.08134798604242949,OPYTIMIZER
opy_LSA,-100,943,5,943,MABBOB_943,0.3054541119238441,0.12650634690243143,OPYTIMIZER
opy_COA,-100,413,5,413,MABBOB_413,0.23330607783656596,0.19605350990001766,OPYTIMIZER
opy_ABO,-100,891,5,891,MABBOB_891,0.6211153077946279,0.22915205752492057,OPYTIMIZER
opy_SAVPSO,-100,246,5,246,MABBOB_246,0.05772017424710354,0.05294717659132816,OPYTIMIZER
opy_DE,-100,520,5,520,MABBOB_520,0.129662242019898,0.04847303915340461,OPYTIMIZER
opy_CS,-100,569,5,569,MABBOB_569,0.15011730622736025,0.04997936536356754,OPYTIMIZER
opy_AEO,-100,15,5,15,MABBOB_15,0.13342246326154678,0.13254191069668989,OPYTIMIZER
opy_RPSO,-100,779,5,779,MABBOB_779,0.05099178852748422,0.04186444891108081,OPYTIMIZER
opy_WEO,-100,707,5,707,MABBOB_707,0.4154816389939522,0.24216163072664876,OPYTIMIZER
opy_CS,-100,529,5,529,MABBOB_529,0.1003998878315278,0.04816537368723118,OPYTIMIZER
opy_GOA,-100,103,5,103,MABBOB_103,0.09081910809122064,0.05416767110399165,OPYTIMIZER
opy_GCO,-100,421,5,421,MABBOB_421,0.15433686502316163,0.08031432862410745,OPYTIMIZER
opy_MVPA,-100,15,5,15,MABBOB_15,0.10731792695526957,0.11767915926314834,OPYTIMIZER
opy_GOA,-100,954,5,954,MABBOB_954,0.1213077804484454,0.1715055089205172,OPYTIMIZER
opy_CS,-100,349,5,349,MABBOB_349,0.32593214490901173,0.08295376422221576,OPYTIMIZER
opy_ABC,-100,864,5,864,MABBOB_864,0.09887715774681184,0.08078182864674631,OPYTIMIZER
opy_GCO,-100,608,5,608,MABBOB_608,0.4456935778876131,0.27930379636762487,OPYTIMIZER
opy_MVPA,-100,387,5,387,MABBOB_387,0.019921592586619304,0.011744058570653634,OPYTIMIZER
opy_IWO,-100,608,5,608,MABBOB_608,0.3858425839158285,0.22036531559600706,OPYTIMIZER
opy_SAVPSO,-100,107,5,107,MABBOB_107,0.04101792052000891,0.019108355895655234,OPYTIMIZER
opy_TWO,-100,898,5,898,MABBOB_898,0.04562702838650783,0.05571656051904572,OPYTIMIZER
opy_GCO,-100,565,5,565,MABBOB_565,0.04823107107931244,0.022266675123646638,OPYTIMIZER
opy_GA,-100,419,5,419,MABBOB_419,0.20701386435256727,0.11379432109285013,OPYTIMIZER
opy_GOA,-100,950,5,950,MABBOB_950,0.08331264318484113,0.021237261247451088,OPYTIMIZER
opy_RFO,-100,508,5,508,MABBOB_508,0.1141517439674431,0.0991761794891702,OPYTIMIZER
opy_RFO,-100,464,5,464,MABBOB_464,0.15963115837265335,0.03439724208740683,OPYTIMIZER
opy_CS,-100,248,5,248,MABBOB_248,0.12320148160082374,0.19896044857176995,OPYTIMIZER
opy_BSA,-100,687,5,687,MABBOB_687,0.552009413142655,0.3632974419169259,OPYTIMIZER
opy_ABC,-100,107,5,107,MABBOB_107,0.0699780256268703,0.03748418385434598,OPYTIMIZER
opy_BSA,-100,975,5,975,MABBOB_975,0.23946590510424248,0.16254341791913268,OPYTIMIZER
opy_GOA,-100,677,5,677,MABBOB_677,0.2139236709265034,0.06092420060457512,OPYTIMIZER
opy_MVPA,-100,569,5,569,MABBOB_569,0.11130944262266977,0.049043879709213915,OPYTIMIZER
opy_ABO,-100,73,5,73,MABBOB_73,0.2644875479786005,0.13197554268813286,OPYTIMIZER
opy_WEO,-100,519,5,519,MABBOB_519,0.44471984479807325,0.2540189311782696,OPYTIMIZER
opy_CS,-100,181,5,181,MABBOB_181,0.04386068289064683,0.03385628722383745,OPYTIMIZER
opy_GCO,-100,502,5,502,MABBOB_502,0.19793815914028343,0.06536575220669005,OPYTIMIZER
opy_ABO,-100,275,5,275,MABBOB_275,0.2862386303881249,0.11922141666600962,OPYTIMIZER
opy_QSA,-100,217,5,217,MABBOB_217,0.19280481070662028,0.08405295109457005,OPYTIMIZER
opy_GCO,-100,772,5,772,MABBOB_772,0.4297719045536616,0.29544062889946837,OPYTIMIZER
opy_ABC,-100,476,5,476,MABBOB_476,0.5193007895888956,0.18101912897388572,OPYTIMIZER
opy_AEO,-100,268,5,268,MABBOB_268,0.24170271034436164,0.07313079730126046,OPYTIMIZER
opy_SOS,-100,426,5,426,MABBOB_426,0.1632526737290802,0.133401815862118,OPYTIMIZER
opy_IWO,-100,700,5,700,MABBOB_700,0.1032329826320898,0.07078773511612718,OPYTIMIZER
opy_GOA,-100,887,5,887,MABBOB_887,0.2601707007637997,0.18419214873388243,OPYTIMIZER
opy_SAVPSO,-100,259,5,259,MABBOB_259,0.05343290512344105,0.03653115542032212,OPYTIMIZER
opy_CS,-100,177,5,177,MABBOB_177,0.14403353549558823,0.09022497699010337,OPYTIMIZER
opy_ASO,-100,387,5,387,MABBOB_387,0.029131878367724906,0.01495558226731581,OPYTIMIZER
opy_AEO,-100,451,5,451,MABBOB_451,0.0207023911846996,0.013906239489541384,OPYTIMIZER
opy_IWO,-100,812,5,812,MABBOB_812,0.11536983959695521,0.04070758132628499,OPYTIMIZER
opy_RRA,-100,700,5,700,MABBOB_700,0.05472271745842926,0.0429717830787008,OPYTIMIZER
opy_RRA,-100,911,5,911,MABBOB_911,0.2890978793708765,0.17269568700326637,OPYTIMIZER
opy_MVPA,-100,997,5,997,MABBOB_997,0.0636767554399969,0.034444767646588645,OPYTIMIZER
opy_GA,-100,556,5,556,MABBOB_556,0.04582016220687957,0.017679591074350215,OPYTIMIZER
opy_ASO,-100,494,5,494,MABBOB_494,0.0810091215568102,0.09214738941100561,OPYTIMIZER
opy_AEO,-100,991,5,991,MABBOB_991,0.05593076006384238,0.043922586126130404,OPYTIMIZER
opy_GCO,-100,671,5,671,MABBOB_671,0.29141355735739544,0.2106384097994388,OPYTIMIZER
opy_IWO,-100,461,5,461,MABBOB_461,0.07125584316993265,0.03914603423285977,OPYTIMIZER
opy_EO,-100,827,5,827,MABBOB_827,0.08729686107632723,0.02591909164813625,OPYTIMIZER
opy_QSA,-100,348,5,348,MABBOB_348,0.0358965375721862,0.017962474887977066,OPYTIMIZER
opy_LSA,-100,878,5,878,MABBOB_878,0.1511172816194705,0.06405090797976466,OPYTIMIZER
opy_ASO,-100,260,5,260,MABBOB_260,0.3350864046638148,0.10103647865050601,OPYTIMIZER
opy_LSA,-100,74,5,74,MABBOB_74,0.0498644518679548,0.06244154968750336,OPYTIMIZER
opy_QSA,-100,520,5,520,MABBOB_520,0.1550094474480938,0.12699403693701805,OPYTIMIZER
opy_SAVPSO,-100,260,5,260,MABBOB_260,0.18164974094845848,0.06949370620229099,OPYTIMIZER
opy_LSA,-100,361,5,361,MABBOB_361,0.36756543399327574,0.15944461870757656,OPYTIMIZER
opy_AEO,-100,695,5,695,MABBOB_695,0.056041110324009956,0.0285346445891455,OPYTIMIZER
opy_LSA,-100,307,5,307,MABBOB_307,0.07486568989854167,0.07275763995370141,OPYTIMIZER
opy_RFO,-100,530,5,530,MABBOB_530,0.05044884563007016,0.0821475453050552,OPYTIMIZER
opy_MVPA,-100,727,5,727,MABBOB_727,0.05783866841862355,0.07540440424857955,OPYTIMIZER
opy_AOA,-100,827,5,827,MABBOB_827,0.3311686422899548,0.17091354660868602,OPYTIMIZER
opy_LSA,-100,486,5,486,MABBOB_486,0.1425697667973011,0.04702716376277066,OPYTIMIZER
opy_QSA,-100,761,5,761,MABBOB_761,0.1027158645220984,0.02103567810659841,OPYTIMIZER
opy_MVPA,-100,284,5,284,MABBOB_284,0.11388621694109764,0.09286555124403026,OPYTIMIZER
opy_QSA,-100,727,5,727,MABBOB_727,0.10671695728001795,0.1514667181368094,OPYTIMIZER
opy_ABC,-100,400,5,400,MABBOB_400,0.45230310248215344,0.05361230915854731,OPYTIMIZER
opy_TWO,-100,37,5,37,MABBOB_37,0.18666058095297394,0.10322697935604197,OPYTIMIZER
opy_BSA,-100,37,5,37,MABBOB_37,0.47584691695752523,0.2688361637660641,OPYTIMIZER
opy_SAVPSO,-100,99,5,99,MABBOB_99,0.19292444767207578,0.10584230266998734,OPYTIMIZER
opy_AOA,-100,756,5,756,MABBOB_756,0.3926740452981761,0.2341635876348422,OPYTIMIZER
opy_BSA,-100,855,5,855,MABBOB_855,0.20686180822211803,0.14550533616225564,OPYTIMIZER
opy_RRA,-100,476,5,476,MABBOB_476,0.5336924739900495,0.12729846045214083,OPYTIMIZER
opy_ABC,-100,906,5,906,MABBOB_906,0.0333241248543508,0.016942818852716656,OPYTIMIZER
opy_BSA,-100,542,5,542,MABBOB_542,0.11167118857502574,0.1423740445536484,OPYTIMIZER
opy_RPSO,-100,525,5,525,MABBOB_525,0.08791966601932263,0.041151379636050436,OPYTIMIZER
opy_ABC,-100,779,5,779,MABBOB_779,0.05857982037996721,0.03963794667546075,OPYTIMIZER
opy_WEO,-100,6,5,6,MABBOB_6,0.2987243092550664,0.1296381735962935,OPYTIMIZER
opy_GCO,-100,440,5,440,MABBOB_440,0.0509332530625556,0.025212662199953145,OPYTIMIZER
opy_SOS,-100,609,5,609,MABBOB_609,0.1595976753610309,0.0677345298467794,OPYTIMIZER
opy_DE,-100,870,5,870,MABBOB_870,0.15608058685622733,0.13521990716641422,OPYTIMIZER
opy_AOA,-100,887,5,887,MABBOB_887,0.31032375532311984,0.18969756703118104,OPYTIMIZER
opy_ABO,-100,107,5,107,MABBOB_107,0.07714998041115555,0.05756987817881139,OPYTIMIZER
opy_RRA,-100,208,5,208,MABBOB_208,0.07675128101380121,0.04499150564289689,OPYTIMIZER
opy_SOS,-100,264,5,264,MABBOB_264,0.09888845407851408,0.04845343060525842,OPYTIMIZER
opy_SOS,-100,830,5,830,MABBOB_830,0.13427140581867084,0.09239191642796316,OPYTIMIZER
opy_RFO,-100,531,5,531,MABBOB_531,0.11770567808129584,0.06730042707203819,OPYTIMIZER
opy_RFO,-100,706,5,706,MABBOB_706,0.2733739072237076,0.11517169577273849,OPYTIMIZER
opy_AOA,-100,405,5,405,MABBOB_405,0.2438074658998861,0.20708542521919046,OPYTIMIZER
opy_ASO,-100,177,5,177,MABBOB_177,0.04010721817042445,0.02225754164753621,OPYTIMIZER
opy_BSA,-100,586,5,586,MABBOB_586,0.31456220106478033,0.15380202388983177,OPYTIMIZER
opy_ABC,-100,305,5,305,MABBOB_305,0.2353425767684186,0.15370376331984004,OPYTIMIZER
opy_ABC,-100,410,5,410,MABBOB_410,0.03861396008123114,0.036907991213342504,OPYTIMIZER
opy_BSA,-100,993,5,993,MABBOB_993,0.25991009550834454,0.06291880280675126,OPYTIMIZER
opy_BSA,-100,67,5,67,MABBOB_67,0.34062084243246116,0.1917586896602081,OPYTIMIZER
opy_GCO,-100,37,5,37,MABBOB_37,0.3898490503424397,0.2066351394854483,OPYTIMIZER
opy_DE,-100,149,5,149,MABBOB_149,0.3507967421187157,0.2315143990662672,OPYTIMIZER
opy_GA,-100,34,5,34,MABBOB_34,0.1391651341575188,0.1075421579739924,OPYTIMIZER
opy_QSA,-100,264,5,264,MABBOB_264,0.17860987584235946,0.10419750735084506,OPYTIMIZER
opy_BSA,-100,317,5,317,MABBOB_317,0.23550104748665923,0.11907485566862933,OPYTIMIZER
opy_AEO,-100,538,5,538,MABBOB_538,0.22189202350736315,0.09525259572600712,OPYTIMIZER
opy_SOS,-100,170,5,170,MABBOB_170,0.03476251030617359,0.021656166365695992,OPYTIMIZER
opy_QSA,-100,166,5,166,MABBOB_166,0.2158772569567789,0.16820018147526097,OPYTIMIZER
opy_TWO,-100,44,5,44,MABBOB_44,0.05098528675489063,0.026413280108098687,OPYTIMIZER
opy_TWO,-100,426,5,426,MABBOB_426,0.14143912491161587,0.09377479635796836,OPYTIMIZER
opy_GA,-100,324,5,324,MABBOB_324,0.14634915049495897,0.14833512524454165,OPYTIMIZER
opy_GA,-100,188,5,188,MABBOB_188,0.12675332590859467,0.08987293935885689,OPYTIMIZER
opy_RFO,-100,419,5,419,MABBOB_419,0.18136945141531344,0.11088675158724305,OPYTIMIZER
opy_TWO,-100,396,5,396,MABBOB_396,0.1471604120479302,0.10951116323312633,OPYTIMIZER
opy_GOA,-100,870,5,870,MABBOB_870,0.1311111915298307,0.09655755367500803,OPYTIMIZER
opy_ABC,-100,24,5,24,MABBOB_24,0.1554422371412551,0.11790684518212781,OPYTIMIZER
opy_GOA,-100,449,5,449,MABBOB_449,0.020740200643714065,0.012023636309869886,OPYTIMIZER
opy_MVPA,-100,609,5,609,MABBOB_609,0.16789988957816837,0.08682768231232506,OPYTIMIZER
opy_GCO,-100,864,5,864,MABBOB_864,0.12253762760034545,0.09220783820759017,OPYTIMIZER
opy_IWO,-100,97,5,97,MABBOB_97,0.09067321159467272,0.02306733519512297,OPYTIMIZER
opy_ABC,-100,536,5,536,MABBOB_536,0.22250080707335496,0.1034452104666697,OPYTIMIZER
opy_COA,-100,264,5,264,MABBOB_264,0.13254329507049697,0.051268751120405395,OPYTIMIZER
opy_RPSO,-100,887,5,887,MABBOB_887,0.1670010931975018,0.056483309278438545,OPYTIMIZER
opy_WEO,-100,367,5,367,MABBOB_367,0.45955478942480943,0.3270413087066826,OPYTIMIZER
opy_ABC,-100,575,5,575,MABBOB_575,0.3346167214590693,0.14205323471389875,OPYTIMIZER
opy_WEO,-100,741,5,741,MABBOB_741,0.2934372058894087,0.35110300981380405,OPYTIMIZER
opy_QSA,-100,482,5,482,MABBOB_482,0.2867664828829971,0.06273288207782281,OPYTIMIZER
opy_GA,-100,101,5,101,MABBOB_101,0.06622029405264468,0.03907267697573116,OPYTIMIZER
opy_RRA,-100,163,5,163,MABBOB_163,0.02112097001660263,0.009563565407314926,OPYTIMIZER
opy_COA,-100,8,5,8,MABBOB_8,0.2097063339622513,0.12396485029753992,OPYTIMIZER
opy_CS,-100,400,5,400,MABBOB_400,0.5451343893811301,0.06281087988419715,OPYTIMIZER
opy_WEO,-100,759,5,759,MABBOB_759,0.4505681518941637,0.13136332903783313,OPYTIMIZER
opy_ABO,-100,8,5,8,MABBOB_8,0.1621721427959219,0.054904668693632114,OPYTIMIZER
opy_IWO,-100,203,5,203,MABBOB_203,0.45055932244297886,0.33464621200353245,OPYTIMIZER
opy_ASO,-100,520,5,520,MABBOB_520,0.2318446851558921,0.1017178087753765,OPYTIMIZER
opy_MVPA,-100,993,5,993,MABBOB_993,0.09232073714692919,0.02579713799016668,OPYTIMIZER
opy_RFO,-100,662,5,662,MABBOB_662,0.0851641548116336,0.05644811664224126,OPYTIMIZER
opy_RPSO,-100,538,5,538,MABBOB_538,0.14051402622106593,0.03810715997241842,OPYTIMIZER
opy_ASO,-100,400,5,400,MABBOB_400,0.7166234185185536,0.15285977308726695,OPYTIMIZER
opy_GOA,-100,530,5,530,MABBOB_530,0.03443511918496888,0.05016421710817355,OPYTIMIZER
opy_DE,-100,418,5,418,MABBOB_418,0.19002856023705716,0.18942591890767724,OPYTIMIZER
opy_RPSO,-100,566,5,566,MABBOB_566,0.17663126768404663,0.06726631279833886,OPYTIMIZER
opy_AEO,-100,33,5,33,MABBOB_33,0.18099881824800082,0.13568764056838215,OPYTIMIZER
opy_RPSO,-100,536,5,536,MABBOB_536,0.20211279338840765,0.13305720807256333,OPYTIMIZER
opy_SOS,-100,451,5,451,MABBOB_451,0.021098956060831228,0.013596472300807707,OPYTIMIZER
opy_RPSO,-100,878,5,878,MABBOB_878,0.12624100550457776,0.053236197040166015,OPYTIMIZER
opy_ABC,-100,836,5,836,MABBOB_836,0.29562978643313753,0.19032050567745967,OPYTIMIZER
opy_QSA,-100,961,5,961,MABBOB_961,0.227272145476562,0.0743217575877295,OPYTIMIZER
opy_ASO,-100,592,5,592,MABBOB_592,0.6597777639511182,0.25703592736784187,OPYTIMIZER
opy_RPSO,-100,991,5,991,MABBOB_991,0.0799593803094443,0.07740118936530763,OPYTIMIZER
opy_CS,-100,268,5,268,MABBOB_268,0.2805865635290095,0.03251055756968519,OPYTIMIZER
opy_EO,-100,949,5,949,MABBOB_949,0.05396389295966172,0.027894909668325654,OPYTIMIZER
opy_COA,-100,203,5,203,MABBOB_203,0.2730927970352405,0.2400119948145854,OPYTIMIZER
opy_RPSO,-100,115,5,115,MABBOB_115,0.10710912238694958,0.045140605782007216,OPYTIMIZER
opy_RFO,-100,51,5,51,MABBOB_51,0.06180194146687924,0.05551648718670402,OPYTIMIZER
opy_LSA,-100,529,5,529,MABBOB_529,0.06573588842332787,0.03143387510689343,OPYTIMIZER
opy_ABO,-100,400,5,400,MABBOB_400,0.5584510082650177,0.09003231774756389,OPYTIMIZER
opy_RFO,-100,221,5,221,MABBOB_221,0.16538416993626032,0.12165866026086236,OPYTIMIZER
opy_RFO,-100,259,5,259,MABBOB_259,0.08645901470992863,0.07046888128163263,OPYTIMIZER
opy_SOS,-100,738,5,738,MABBOB_738,0.23455552385551232,0.3378768286184798,OPYTIMIZER
opy_LSA,-100,37,5,37,MABBOB_37,0.20202137920294852,0.11632649244247402,OPYTIMIZER
opy_SSA,-100,8,5,8,MABBOB_8,0.14581530896747688,0.08897490869657569,OPYTIMIZER
opy_GA,-100,149,5,149,MABBOB_149,0.1936074060782148,0.12400064748017631,OPYTIMIZER
opy_GCO,-100,346,5,346,MABBOB_346,0.07630818694809804,0.07305151738706828,OPYTIMIZER
opy_LSA,-100,410,5,410,MABBOB_410,0.02496724524643165,0.01612152591437469,OPYTIMIZER
opy_RFO,-100,795,5,795,MABBOB_795,0.21882870558359402,0.13520178741904706,OPYTIMIZER
opy_WEO,-100,949,5,949,MABBOB_949,0.2944362366595596,0.19373873916597598,OPYTIMIZER
opy_AOA,-100,418,5,418,MABBOB_418,0.24900738482113044,0.274965986906973,OPYTIMIZER
opy_SAVPSO,-100,494,5,494,MABBOB_494,0.04259303024873674,0.045663548193819,OPYTIMIZER
opy_SAVPSO,-100,182,5,182,MABBOB_182,0.06554748998001003,0.02560209922605017,OPYTIMIZER
opy_WEO,-100,430,5,430,MABBOB_430,0.1769411723297536,0.2123874607108273,OPYTIMIZER
opy_IWO,-100,482,5,482,MABBOB_482,0.35722074311741703,0.04908923688572193,OPYTIMIZER
opy_RRA,-100,738,5,738,MABBOB_738,0.24087769122526664,0.24173182227129195,OPYTIMIZER
opy_BSA,-100,266,5,266,MABBOB_266,0.6075265355786124,0.3295740033096629,OPYTIMIZER
opy_ABC,-100,161,5,161,MABBOB_161,0.16855955057589544,0.07604431699741193,OPYTIMIZER
opy_BSA,-100,629,5,629,MABBOB_629,0.41449381833725923,0.3456033538834711,OPYTIMIZER
opy_ABC,-100,788,5,788,MABBOB_788,0.05487664166149496,0.03222500607194564,OPYTIMIZER
opy_AOA,-100,569,5,569,MABBOB_569,0.26918502593186766,0.09632099203850049,OPYTIMIZER
opy_ABO,-100,993,5,993,MABBOB_993,0.18143163133208587,0.024357672234557294,OPYTIMIZER
opy_ABO,-100,783,5,783,MABBOB_783,0.2153623283510449,0.19533789256724082,OPYTIMIZER
opy_ASO,-100,123,5,123,MABBOB_123,0.07988665557617677,0.04393883772089821,OPYTIMIZER
opy_GA,-100,51,5,51,MABBOB_51,0.05660996921377444,0.04820409198861528,OPYTIMIZER
opy_GCO,-100,810,5,810,MABBOB_810,0.17317297294582865,0.18464062766549807,OPYTIMIZER
opy_GOA,-100,691,5,691,MABBOB_691,0.017720499696259995,0.014726852697018488,OPYTIMIZER
opy_BSA,-100,677,5,677,MABBOB_677,0.44466987773561417,0.21324820139226422,OPYTIMIZER
opy_ASO,-100,423,5,423,MABBOB_423,0.21113753930330223,0.1889457702086551,OPYTIMIZER
opy_ABC,-100,361,5,361,MABBOB_361,0.3785132097011295,0.13567742676797329,OPYTIMIZER
opy_IWO,-100,212,5,212,MABBOB_212,0.19737174258233137,0.19392691950262136,OPYTIMIZER
opy_RFO,-100,695,5,695,MABBOB_695,0.055489076636549936,0.02898291566760853,OPYTIMIZER
opy_LSA,-100,8,5,8,MABBOB_8,0.13213738965504496,0.050206220047989164,OPYTIMIZER
opy_QSA,-100,508,5,508,MABBOB_508,0.10577586825872853,0.08226148182205259,OPYTIMIZER
opy_LSA,-100,795,5,795,MABBOB_795,0.2203302036400545,0.1605037692447687,OPYTIMIZER
opy_MVPA,-100,190,5,190,MABBOB_190,0.06450120892510021,0.08527955247327174,OPYTIMIZER
opy_AOA,-100,266,5,266,MABBOB_266,0.29217422218957306,0.15781461319431364,OPYTIMIZER
opy_COA,-100,779,5,779,MABBOB_779,0.08539311278054486,0.07776134728387578,OPYTIMIZER
opy_AEO,-100,609,5,609,MABBOB_609,0.19226609362238908,0.09563698757255713,OPYTIMIZER
opy_CS,-100,558,5,558,MABBOB_558,0.13695035343532055,0.09580157880905274,OPYTIMIZER
opy_RFO,-100,901,5,901,MABBOB_901,0.1617590396488736,0.13779642855154503,OPYTIMIZER
opy_MVPA,-100,646,5,646,MABBOB_646,0.13521752983001573,0.14932851309344292,OPYTIMIZER
opy_ABO,-100,671,5,671,MABBOB_671,0.2873637414901692,0.1908074349668747,OPYTIMIZER
opy_BSA,-100,906,5,906,MABBOB_906,0.1880914499702505,0.2037793726677231,OPYTIMIZER
opy_TWO,-100,575,5,575,MABBOB_575,0.2753317972816224,0.1647275678173487,OPYTIMIZER
opy_SAVPSO,-100,746,5,746,MABBOB_746,0.11682871089454713,0.022919814855091702,OPYTIMIZER
opy_AOA,-100,476,5,476,MABBOB_476,0.5150595914639412,0.18164789265582976,OPYTIMIZER
opy_WEO,-100,268,5,268,MABBOB_268,0.33621575292482664,0.07261426631287968,OPYTIMIZER
opy_RPSO,-100,862,5,862,MABBOB_862,0.11593256507884027,0.13980171079961623,OPYTIMIZER
opy_RFO,-100,327,5,327,MABBOB_327,0.19586506832759834,0.12893200114963854,OPYTIMIZER
opy_SSA,-100,879,5,879,MABBOB_879,0.09612231071794242,0.16173186358003025,OPYTIMIZER
opy_CS,-100,445,5,445,MABBOB_445,0.12358591399058631,0.011833923826864687,OPYTIMIZER
opy_AOA,-100,689,5,689,MABBOB_689,0.028438021277094327,0.01792563320332501,OPYTIMIZER
opy_MVPA,-100,788,5,788,MABBOB_788,0.03902499014969596,0.017181743427787003,OPYTIMIZER
opy_GA,-100,911,5,911,MABBOB_911,0.2671390348398446,0.17755654790500405,OPYTIMIZER
opy_SAVPSO,-100,741,5,741,MABBOB_741,0.06571441128889312,0.057769495685536014,OPYTIMIZER
opy_SAVPSO,-100,787,5,787,MABBOB_787,0.11254189324406191,0.06468957540578918,OPYTIMIZER
opy_LSA,-100,215,5,215,MABBOB_215,0.19373579254360848,0.1164448966387293,OPYTIMIZER
opy_GA,-100,862,5,862,MABBOB_862,0.17897233766136217,0.1634656267054924,OPYTIMIZER
opy_EO,-100,911,5,911,MABBOB_911,0.18887144847340676,0.1460746957726881,OPYTIMIZER
opy_GA,-100,182,5,182,MABBOB_182,0.15916794659600106,0.06231092538206298,OPYTIMIZER
opy_GA,-100,212,5,212,MABBOB_212,0.11583961023267078,0.12681634489172972,OPYTIMIZER
opy_GCO,-100,609,5,609,MABBOB_609,0.1996108573244943,0.10276643433163823,OPYTIMIZER
opy_RFO,-100,523,5,523,MABBOB_523,0.054502518380555,0.017574747498531815,OPYTIMIZER
opy_GCO,-100,536,5,536,MABBOB_536,0.248275818649474,0.06350377445351052,OPYTIMIZER
opy_ASO,-100,811,5,811,MABBOB_811,0.09452093562479065,0.03100980702112925,OPYTIMIZER
opy_GA,-100,317,5,317,MABBOB_317,0.117255746902346,0.08303390883047165,OPYTIMIZER
opy_ASO,-100,6,5,6,MABBOB_6,0.2553809589895831,0.04493536007139835,OPYTIMIZER
opy_AEO,-100,865,5,865,MABBOB_865,0.215411200187905,0.19157099243419778,OPYTIMIZER
opy_LSA,-100,954,5,954,MABBOB_954,0.12058903023593873,0.1726795424441337,OPYTIMIZER
opy_RPSO,-100,203,5,203,MABBOB_203,0.10069202385961462,0.062327063100670446,OPYTIMIZER
opy_AOA,-100,203,5,203,MABBOB_203,0.17697558171341385,0.13274174298429595,OPYTIMIZER
opy_ABC,-100,440,5,440,MABBOB_440,0.06824707596407106,0.052978159976456,OPYTIMIZER
opy_TWO,-100,508,5,508,MABBOB_508,0.07538737826091178,0.04996492362876852,OPYTIMIZER
opy_ABC,-100,982,5,982,MABBOB_982,0.021084100285741415,0.005959231465032352,OPYTIMIZER
opy_TWO,-100,360,5,360,MABBOB_360,0.10447877740108732,0.07084918399455174,OPYTIMIZER
opy_RFO,-100,773,5,773,MABBOB_773,0.34997179941571843,0.14351636038563148,OPYTIMIZER
opy_IWO,-100,215,5,215,MABBOB_215,0.40953145872007113,0.266376568774943,OPYTIMIZER
opy_SOS,-100,346,5,346,MABBOB_346,0.04077942417646878,0.036233627149327825,OPYTIMIZER
opy_LSA,-100,170,5,170,MABBOB_170,0.05091238110338956,0.051525593295314025,OPYTIMIZER
opy_ABO,-100,411,5,411,MABBOB_411,0.0786371275992763,0.07590704360011133,OPYTIMIZER
opy_COA,-100,680,5,680,MABBOB_680,0.1873864789730104,0.07348928687025774,OPYTIMIZER
opy_ASO,-100,492,5,492,MABBOB_492,0.15708048528221324,0.1843363418514346,OPYTIMIZER
opy_IWO,-100,592,5,592,MABBOB_592,0.6409037314906424,0.23570590650338333,OPYTIMIZER
opy_SSA,-100,836,5,836,MABBOB_836,0.19789842995731163,0.08319501058730563,OPYTIMIZER
opy_RRA,-100,170,5,170,MABBOB_170,0.07534758817732946,0.07496570390278588,OPYTIMIZER
opy_AOA,-100,317,5,317,MABBOB_317,0.16697793405304515,0.08678083873637726,OPYTIMIZER
opy_ASO,-100,486,5,486,MABBOB_486,0.09774108177331067,0.07979337517362936,OPYTIMIZER
opy_EO,-100,798,5,798,MABBOB_798,0.16224848893197735,0.05361479965018245,OPYTIMIZER
opy_SOS,-100,565,5,565,MABBOB_565,0.09056105528712251,0.08206564139660402,OPYTIMIZER
opy_WEO,-100,373,5,373,MABBOB_373,0.3152295736293581,0.33995450836765395,OPYTIMIZER
opy_QSA,-100,688,5,688,MABBOB_688,0.1505596894228783,0.10436431060726013,OPYTIMIZER
opy_LSA,-100,782,5,782,MABBOB_782,0.1424087056186824,0.06957534825257779,OPYTIMIZER
opy_EO,-100,709,5,709,MABBOB_709,0.08884467962061796,0.023394043558222673,OPYTIMIZER
opy_BSA,-100,657,5,657,MABBOB_657,0.5563247583786535,0.12439843159761564,OPYTIMIZER
opy_SAVPSO,-100,466,5,466,MABBOB_466,0.11987494067238953,0.043795356877814544,OPYTIMIZER
opy_LSA,-100,208,5,208,MABBOB_208,0.09464027128734492,0.07021753783493473,OPYTIMIZER
opy_LSA,-100,741,5,741,MABBOB_741,0.07740919007078842,0.05804251598607251,OPYTIMIZER
opy_RRA,-100,876,5,876,MABBOB_876,0.12941819288154116,0.055568776555735604,OPYTIMIZER
opy_RRA,-100,350,5,350,MABBOB_350,0.18080420788460927,0.13040876450187192,OPYTIMIZER
opy_QSA,-100,413,5,413,MABBOB_413,0.2166264715070314,0.16784455062124343,OPYTIMIZER
opy_ABC,-100,114,5,114,MABBOB_114,0.3362820887598864,0.13678236321294868,OPYTIMIZER
opy_GA,-100,606,5,606,MABBOB_606,0.2484034960936551,0.061532882442611195,OPYTIMIZER
opy_RFO,-100,344,5,344,MABBOB_344,0.09695979738607804,0.06250041016979771,OPYTIMIZER
opy_CS,-100,15,5,15,MABBOB_15,0.1594947898278889,0.1618860300214682,OPYTIMIZER
opy_BSA,-100,220,5,220,MABBOB_220,0.4803057183657321,0.2682946097509678,OPYTIMIZER
opy_EO,-100,772,5,772,MABBOB_772,0.30754185949726986,0.25416016748418746,OPYTIMIZER
opy_SOS,-100,502,5,502,MABBOB_502,0.14629910425668774,0.06528387472331836,OPYTIMIZER
opy_MVPA,-100,1,5,1,MABBOB_1,0.01858824263447421,0.016958803092920055,OPYTIMIZER
opy_GCO,-100,349,5,349,MABBOB_349,0.3201649450799397,0.0831853138156489,OPYTIMIZER
opy_SAVPSO,-100,476,5,476,MABBOB_476,0.36311628752358943,0.1814331905925203,OPYTIMIZER
opy_RRA,-100,6,5,6,MABBOB_6,0.13871968971343804,0.04796292044422594,OPYTIMIZER
opy_GCO,-100,531,5,531,MABBOB_531,0.2649767340662569,0.11623639757504,OPYTIMIZER
opy_SSA,-100,795,5,795,MABBOB_795,0.2905350816269622,0.11288533500963718,OPYTIMIZER
opy_RFO,-100,740,5,740,MABBOB_740,0.15051381016610604,0.09893908748343387,OPYTIMIZER
opy_ASO,-100,531,5,531,MABBOB_531,0.35197908737652284,0.21915144992524999,OPYTIMIZER
opy_RPSO,-100,486,5,486,MABBOB_486,0.11094902622695131,0.04362872311297561,OPYTIMIZER
opy_ASO,-100,413,5,413,MABBOB_413,0.27727428941566995,0.21712350737939926,OPYTIMIZER
opy_WEO,-100,421,5,421,MABBOB_421,0.20217421167078314,0.14259211655797463,OPYTIMIZER
opy_GCO,-100,73,5,73,MABBOB_73,0.2669168759003305,0.15080567604422254,OPYTIMIZER
opy_ABO,-100,82,5,82,MABBOB_82,0.12133680656074963,0.04894126001365375,OPYTIMIZER
opy_RPSO,-100,494,5,494,MABBOB_494,0.043454777868364436,0.04533032322330315,OPYTIMIZER
opy_GCO,-100,949,5,949,MABBOB_949,0.17012576354517003,0.12333919800041519,OPYTIMIZER
opy_BSA,-100,400,5,400,MABBOB_400,0.6863634701674547,0.12726440750411966,OPYTIMIZER
opy_BSA,-100,24,5,24,MABBOB_24,0.3669131600843698,0.3717187268123885,OPYTIMIZER
opy_IWO,-100,176,5,176,MABBOB_176,0.38483672041493266,0.14555145566859465,OPYTIMIZER
opy_DE,-100,24,5,24,MABBOB_24,0.12129127336447328,0.12372091260241397,OPYTIMIZER
opy_LSA,-100,82,5,82,MABBOB_82,0.07462572461121485,0.03684237402421801,OPYTIMIZER
opy_SSA,-100,215,5,215,MABBOB_215,0.3126793483680574,0.2125135297709368,OPYTIMIZER
opy_ASO,-100,333,5,333,MABBOB_333,0.026173783145619474,0.011290253484171562,OPYTIMIZER
opy_EO,-100,761,5,761,MABBOB_761,0.07453115078456088,0.018199302324827474,OPYTIMIZER
opy_DE,-100,371,5,371,MABBOB_371,0.21762640574709752,0.15253390000647446,OPYTIMIZER
opy_COA,-100,221,5,221,MABBOB_221,0.2928877229896157,0.24835211735879423,OPYTIMIZER
opy_RPSO,-100,8,5,8,MABBOB_8,0.11156872328094314,0.04616253509245227,OPYTIMIZER
opy_DE,-100,657,5,657,MABBOB_657,0.4430392393908331,0.08998596183604383,OPYTIMIZER
opy_RRA,-100,207,5,207,MABBOB_207,0.28144642010502147,0.11019318885666929,OPYTIMIZER
opy_LSA,-100,344,5,344,MABBOB_344,0.046092694631826074,0.027475549854940468,OPYTIMIZER
opy_SOS,-100,756,5,756,MABBOB_756,0.22625735828888752,0.13597202178435325,OPYTIMIZER
opy_ABC,-100,646,5,646,MABBOB_646,0.14737248908840417,0.1321309611750351,OPYTIMIZER
opy_TWO,-100,88,5,88,MABBOB_88,0.01731868738254235,0.002923296831634457,OPYTIMIZER
opy_RRA,-100,275,5,275,MABBOB_275,0.19543615521005883,0.10927105983993535,OPYTIMIZER
opy_ABO,-100,662,5,662,MABBOB_662,0.213324659423017,0.16469292258432283,OPYTIMIZER
opy_DE,-100,8,5,8,MABBOB_8,0.15927547162363695,0.0675030273834084,OPYTIMIZER
opy_IWO,-100,773,5,773,MABBOB_773,0.45323369047284723,0.2921928097467411,OPYTIMIZER
opy_DE,-100,795,5,795,MABBOB_795,0.25438554415185805,0.14564566756183636,OPYTIMIZER
opy_GCO,-100,166,5,166,MABBOB_166,0.3019793652197813,0.1668906903704585,OPYTIMIZER
opy_BSA,-100,113,5,113,MABBOB_113,0.2220871990323389,0.2118913851669944,OPYTIMIZER
opy_AOA,-100,662,5,662,MABBOB_662,0.22990543425878524,0.19000177284194028,OPYTIMIZER
opy_EO,-100,330,5,330,MABBOB_330,0.12307810869925347,0.0725679336594664,OPYTIMIZER
opy_CS,-100,260,5,260,MABBOB_260,0.28857375709344374,0.07163682316250765,OPYTIMIZER
opy_ASO,-100,426,5,426,MABBOB_426,0.3475127798164578,0.2408323810795335,OPYTIMIZER
opy_ABC,-100,844,5,844,MABBOB_844,0.0920945942072919,0.06882021076027149,OPYTIMIZER
opy_EO,-100,629,5,629,MABBOB_629,0.08278886719192549,0.0795319320919863,OPYTIMIZER
opy_RRA,-100,2,5,2,MABBOB_2,0.2108275247379409,0.24213239125365701,OPYTIMIZER
opy_MVPA,-100,695,5,695,MABBOB_695,0.036849772951316494,0.0127197666786688,OPYTIMIZER
opy_AEO,-100,740,5,740,MABBOB_740,0.1594373721403905,0.0862074895843235,OPYTIMIZER
opy_GA,-100,887,5,887,MABBOB_887,0.29552664881155954,0.11920612782415226,OPYTIMIZER
opy_LSA,-100,396,5,396,MABBOB_396,0.1341501578358087,0.10299673560278155,OPYTIMIZER
opy_ABO,-100,15,5,15,MABBOB_15,0.15796751572704448,0.14924372024640226,OPYTIMIZER
opy_EO,-100,74,5,74,MABBOB_74,0.03254170874675499,0.029346119444902882,OPYTIMIZER
opy_SSA,-100,344,5,344,MABBOB_344,0.10183234367949216,0.051905196252520026,OPYTIMIZER
opy_GCO,-100,204,5,204,MABBOB_204,0.05814833591963102,0.06010699489237148,OPYTIMIZER
opy_SAVPSO,-100,779,5,779,MABBOB_779,0.05325559160005453,0.03887924547069401,OPYTIMIZER
opy_ASO,-100,855,5,855,MABBOB_855,0.04866268000990412,0.02038666165752302,OPYTIMIZER
opy_CS,-100,461,5,461,MABBOB_461,0.062053241559888485,0.02805645180131539,OPYTIMIZER
opy_RPSO,-100,367,5,367,MABBOB_367,0.1043072383029859,0.06737486039881854,OPYTIMIZER
opy_DE,-100,852,5,852,MABBOB_852,0.08106152207939907,0.054237016096960834,OPYTIMIZER
opy_RRA,-100,538,5,538,MABBOB_538,0.17542600204089065,0.0986821591648208,OPYTIMIZER
opy_COA,-100,107,5,107,MABBOB_107,0.07141283001131356,0.039248642006331866,OPYTIMIZER
opy_EO,-100,773,5,773,MABBOB_773,0.24926068441782195,0.1039267401192879,OPYTIMIZER
opy_QSA,-100,827,5,827,MABBOB_827,0.20198777909945295,0.08274935607053086,OPYTIMIZER
opy_SSA,-100,149,5,149,MABBOB_149,0.14558097560299008,0.08113658695627064,OPYTIMIZER
opy_RPSO,-100,876,5,876,MABBOB_876,0.08756652412031221,0.04984670093052356,OPYTIMIZER
opy_CS,-100,350,5,350,MABBOB_350,0.1338625667679077,0.10560844423717405,OPYTIMIZER
opy_LSA,-100,558,5,558,MABBOB_558,0.10397355396309635,0.07700836644590589,OPYTIMIZER
opy_SSA,-100,577,5,577,MABBOB_577,0.14559238298753296,0.05014506305048691,OPYTIMIZER
opy_WEO,-100,618,5,618,MABBOB_618,0.39459314417901237,0.16452518328193216,OPYTIMIZER
opy_WEO,-100,419,5,419,MABBOB_419,0.30257880164917833,0.17567361357804845,OPYTIMIZER
opy_BSA,-100,787,5,787,MABBOB_787,0.17456192318899263,0.09918443442362665,OPYTIMIZER
opy_SOS,-100,617,5,617,MABBOB_617,0.19405260792474216,0.20226364180480097,OPYTIMIZER
opy_WEO,-100,410,5,410,MABBOB_410,0.1435367583234439,0.19739545179973048,OPYTIMIZER
opy_AOA,-100,144,5,144,MABBOB_144,0.17806551142230823,0.18295140346254904,OPYTIMIZER
opy_ABC,-100,569,5,569,MABBOB_569,0.14112491962440116,0.05055273434900106,OPYTIMIZER
opy_MVPA,-100,424,5,424,MABBOB_424,0.08280091578235542,0.054147076289052916,OPYTIMIZER
opy_SAVPSO,-100,772,5,772,MABBOB_772,0.3103930786314223,0.22405976581493428,OPYTIMIZER
opy_COA,-100,346,5,346,MABBOB_346,0.05592254146311054,0.054011409236220345,OPYTIMIZER
opy_QSA,-100,700,5,700,MABBOB_700,0.07642160221929983,0.0610471005916525,OPYTIMIZER
opy_RRA,-100,115,5,115,MABBOB_115,0.11879452187053678,0.04986876048843824,OPYTIMIZER
opy_LSA,-100,114,5,114,MABBOB_114,0.3229221321006718,0.13410782181132272,OPYTIMIZER
opy_QSA,-100,519,5,519,MABBOB_519,0.31066128382021485,0.15596414972249417,OPYTIMIZER
opy_DE,-100,88,5,88,MABBOB_88,0.037332098779783565,0.021755840771475368,OPYTIMIZER
opy_GCO,-100,248,5,248,MABBOB_248,0.1088518410023804,0.16724420094807343,OPYTIMIZER
opy_MVPA,-100,887,5,887,MABBOB_887,0.22033931290382053,0.10599624353546139,OPYTIMIZER
opy_TWO,-100,848,5,848,MABBOB_848,0.3610957757504629,0.20884558141284934,OPYTIMIZER
opy_RFO,-100,208,5,208,MABBOB_208,0.10444950945432793,0.07687010054971997,OPYTIMIZER
opy_IWO,-100,691,5,691,MABBOB_691,0.017775206458854026,0.014375924307150565,OPYTIMIZER
opy_SAVPSO,-100,421,5,421,MABBOB_421,0.11219935541603146,0.06480123056769042,OPYTIMIZER
opy_GOA,-100,919,5,919,MABBOB_919,0.30427300737395896,0.2104034163507048,OPYTIMIZER
opy_TWO,-100,738,5,738,MABBOB_738,0.22281005851655933,0.289664163198112,OPYTIMIZER
opy_COA,-100,451,5,451,MABBOB_451,0.019269004063885552,0.013101775615330073,OPYTIMIZER
opy_CS,-100,324,5,324,MABBOB_324,0.15169552694100158,0.13597102582621945,OPYTIMIZER
opy_GA,-100,123,5,123,MABBOB_123,0.15651532445949878,0.11954031611667885,OPYTIMIZER
opy_AEO,-100,426,5,426,MABBOB_426,0.15860506690088746,0.086241920047323,OPYTIMIZER
opy_SOS,-100,919,5,919,MABBOB_919,0.2528253965779367,0.13194813216769094,OPYTIMIZER
opy_SSA,-100,502,5,502,MABBOB_502,0.37182860562988995,0.1605356747810687,OPYTIMIZER
opy_DE,-100,329,5,329,MABBOB_329,0.1671446710560412,0.15560147610563146,OPYTIMIZER
opy_SAVPSO,-100,919,5,919,MABBOB_919,0.20568136309014795,0.11222336418791785,OPYTIMIZER
opy_MVPA,-100,965,5,965,MABBOB_965,0.2581960736880345,0.06368931904201215,OPYTIMIZER
opy_RPSO,-100,215,5,215,MABBOB_215,0.18131399858341277,0.12046879794352922,OPYTIMIZER
opy_TWO,-100,688,5,688,MABBOB_688,0.10915663544376879,0.08556762142390788,OPYTIMIZER
opy_COA,-100,954,5,954,MABBOB_954,0.1437286640146237,0.21105231988038137,OPYTIMIZER
opy_GOA,-100,759,5,759,MABBOB_759,0.25657653794736524,0.059350240320202786,OPYTIMIZER
opy_EO,-100,922,5,922,MABBOB_922,0.26260255349416106,0.055392419447035594,OPYTIMIZER
opy_SSA,-100,997,5,997,MABBOB_997,0.10388369110404536,0.03928870765613176,OPYTIMIZER
opy_AOA,-100,855,5,855,MABBOB_855,0.13661069155367397,0.1234306098465292,OPYTIMIZER
opy_SSA,-100,317,5,317,MABBOB_317,0.1086719498605975,0.07360006057955164,OPYTIMIZER
opy_AEO,-100,855,5,855,MABBOB_855,0.047830667099927074,0.020555672015035355,OPYTIMIZER
opy_RFO,-100,759,5,759,MABBOB_759,0.32867268951349027,0.08546885918784962,OPYTIMIZER
opy_LSA,-100,879,5,879,MABBOB_879,0.09410422029172363,0.1595070896921517,OPYTIMIZER
opy_SOS,-100,367,5,367,MABBOB_367,0.1882939329008182,0.09298604458206242,OPYTIMIZER
opy_DE,-100,204,5,204,MABBOB_204,0.03580434404611864,0.020603143374315822,OPYTIMIZER
opy_GOA,-100,88,5,88,MABBOB_88,0.025717844902706205,0.007033066313383006,OPYTIMIZER
opy_QSA,-100,190,5,190,MABBOB_190,0.03471482967193447,0.032101232823538,OPYTIMIZER
opy_SSA,-100,388,5,388,MABBOB_388,0.08533051285319476,0.020814781725499186,OPYTIMIZER
opy_BSA,-100,257,5,257,MABBOB_257,0.2518289249329474,0.14212952485676586,OPYTIMIZER
opy_IWO,-100,783,5,783,MABBOB_783,0.18411931512538166,0.13493306291677282,OPYTIMIZER
opy_WEO,-100,891,5,891,MABBOB_891,0.7752765427166415,0.24684950245802936,OPYTIMIZER
opy_SSA,-100,330,5,330,MABBOB_330,0.26347049110975646,0.10595940839980275,OPYTIMIZER
opy_GCO,-100,943,5,943,MABBOB_943,0.48048394353705726,0.13729328860125756,OPYTIMIZER
opy_GOA,-100,706,5,706,MABBOB_706,0.25299969568783354,0.11762318555335409,OPYTIMIZER
opy_SSA,-100,266,5,266,MABBOB_266,0.3754465069463302,0.30215821923036906,OPYTIMIZER
opy_QSA,-100,270,5,270,MABBOB_270,0.23890564708228818,0.10722569714298721,OPYTIMIZER
opy_GOA,-100,865,5,865,MABBOB_865,0.17602280900957828,0.138351500465979,OPYTIMIZER
opy_QSA,-100,88,5,88,MABBOB_88,0.01920549971028371,0.0052737658364539345,OPYTIMIZER
opy_GCO,-100,618,5,618,MABBOB_618,0.302420092100835,0.10143752136159133,OPYTIMIZER
opy_AOA,-100,26,5,26,MABBOB_26,0.3513797637916488,0.4100827030591626,OPYTIMIZER
opy_LSA,-100,305,5,305,MABBOB_305,0.14124360695923402,0.06682987678041587,OPYTIMIZER
opy_AOA,-100,284,5,284,MABBOB_284,0.15572259200512722,0.13586614860370733,OPYTIMIZER
opy_LSA,-100,761,5,761,MABBOB_761,0.08865732499401512,0.02971853743764604,OPYTIMIZER
opy_LSA,-100,844,5,844,MABBOB_844,0.10850500373729707,0.09199780208029319,OPYTIMIZER
opy_BSA,-100,6,5,6,MABBOB_6,0.31754324980736753,0.1535556799188696,OPYTIMIZER
opy_RRA,-100,954,5,954,MABBOB_954,0.10403791330565204,0.15068087968409283,OPYTIMIZER
opy_MVPA,-100,220,5,220,MABBOB_220,0.34451162401731505,0.1972206245155637,OPYTIMIZER
opy_GOA,-100,396,5,396,MABBOB_396,0.15698601958366906,0.11089547107041944,OPYTIMIZER
opy_IWO,-100,706,5,706,MABBOB_706,0.3425288100249463,0.14511363541204456,OPYTIMIZER
opy_GCO,-100,695,5,695,MABBOB_695,0.08827337688440817,0.03612293958867501,OPYTIMIZER
opy_MVPA,-100,476,5,476,MABBOB_476,0.3467659428866062,0.2582460539571702,OPYTIMIZER
opy_DE,-100,246,5,246,MABBOB_246,0.12823753714544944,0.12734656265028182,OPYTIMIZER
opy_QSA,-100,243,5,243,MABBOB_243,0.02281362028690686,0.015491701499516099,OPYTIMIZER
opy_WEO,-100,270,5,270,MABBOB_270,0.37878324894846377,0.24030441480359685,OPYTIMIZER
opy_MVPA,-100,556,5,556,MABBOB_556,0.038680566324462415,0.014027364017192649,OPYTIMIZER
opy_SOS,-100,82,5,82,MABBOB_82,0.07573415648386114,0.03029189915546872,OPYTIMIZER
opy_AEO,-100,727,5,727,MABBOB_727,0.1006986685867649,0.13547336654939746,OPYTIMIZER
opy_GOA,-100,118,5,118,MABBOB_118,0.05375984091914433,0.05215860210813347,OPYTIMIZER
opy_GOA,-100,911,5,911,MABBOB_911,0.24889634756920306,0.1953909791288247,OPYTIMIZER
opy_COA,-100,773,5,773,MABBOB_773,0.39745006769754804,0.20369680990346029,OPYTIMIZER
opy_SSA,-100,26,5,26,MABBOB_26,0.21073383469045073,0.28044317271644353,OPYTIMIZER
opy_WEO,-100,555,5,555,MABBOB_555,0.37485292159657646,0.22708673959534964,OPYTIMIZER
opy_TWO,-100,410,5,410,MABBOB_410,0.028317729352953108,0.028993429168942,OPYTIMIZER
opy_DE,-100,456,5,456,MABBOB_456,0.017422358197535865,0.007068200704613277,OPYTIMIZER
opy_IWO,-100,997,5,997,MABBOB_997,0.1523334114689774,0.11819121333264498,OPYTIMIZER
opy_ABC,-100,691,5,691,MABBOB_691,0.0172692491823479,0.013676608322790856,OPYTIMIZER
opy_DE,-100,207,5,207,MABBOB_207,0.37094858356574417,0.07544976202540334,OPYTIMIZER
opy_RFO,-100,144,5,144,MABBOB_144,0.15476742024931273,0.1926340518557394,OPYTIMIZER
opy_ABO,-100,714,5,714,MABBOB_714,0.0948357310136757,0.10673989066020499,OPYTIMIZER
opy_RPSO,-100,330,5,330,MABBOB_330,0.14257943629732273,0.07546914230593,OPYTIMIZER
opy_GCO,-100,788,5,788,MABBOB_788,0.04698805730394448,0.026308650384501395,OPYTIMIZER
opy_GCO,-100,424,5,424,MABBOB_424,0.21185783564040817,0.16627044157206167,OPYTIMIZER
opy_GOA,-100,113,5,113,MABBOB_113,0.13179811038040593,0.13973994581852686,OPYTIMIZER
opy_RFO,-100,387,5,387,MABBOB_387,0.02256950642165631,0.014167065626289105,OPYTIMIZER
opy_AOA,-100,519,5,519,MABBOB_519,0.4690273005584051,0.24377356187883487,OPYTIMIZER
opy_AOA,-100,115,5,115,MABBOB_115,0.2132376823918806,0.10560806766529952,OPYTIMIZER
opy_TWO,-100,51,5,51,MABBOB_51,0.04081503914665587,0.03427041526041352,OPYTIMIZER
opy_IWO,-100,400,5,400,MABBOB_400,0.6562901418795054,0.13927929363686462,OPYTIMIZER
opy_SSA,-100,361,5,361,MABBOB_361,0.3196159441879133,0.1752623648018743,OPYTIMIZER
opy_RRA,-100,88,5,88,MABBOB_88,0.02810536095852122,0.008330343277433523,OPYTIMIZER
opy_IWO,-100,756,5,756,MABBOB_756,0.4292261932476216,0.23188950318139678,OPYTIMIZER
opy_MVPA,-100,163,5,163,MABBOB_163,0.016117554631360585,0.005349123834886609,OPYTIMIZER
opy_AOA,-100,486,5,486,MABBOB_486,0.25012268594553294,0.07821382181101488,OPYTIMIZER
opy_DE,-100,997,5,997,MABBOB_997,0.10167363816049468,0.071358943086662,OPYTIMIZER
opy_WEO,-100,449,5,449,MABBOB_449,0.024770704353623607,0.013906030772030564,OPYTIMIZER
opy_SOS,-100,689,5,689,MABBOB_689,0.023085330873600977,0.013530318529426407,OPYTIMIZER
opy_SAVPSO,-100,870,5,870,MABBOB_870,0.09256778530368703,0.05390992970021295,OPYTIMIZER
opy_COA,-100,176,5,176,MABBOB_176,0.3518884038079155,0.14697349541873814,OPYTIMIZER
opy_BSA,-100,642,5,642,MABBOB_642,0.11707117856582691,0.08490923824653482,OPYTIMIZER
opy_SAVPSO,-100,542,5,542,MABBOB_542,0.038151061912515515,0.028770819688170874,OPYTIMIZER
opy_LSA,-100,798,5,798,MABBOB_798,0.2076068385906221,0.12385601012969326,OPYTIMIZER
opy_LSA,-100,212,5,212,MABBOB_212,0.07428038583347299,0.08424561817747962,OPYTIMIZER
opy_BSA,-100,8,5,8,MABBOB_8,0.24606570471622674,0.1340521272417046,OPYTIMIZER
opy_BSA,-100,482,5,482,MABBOB_482,0.42644636590151563,0.09063056375556902,OPYTIMIZER
opy_SSA,-100,759,5,759,MABBOB_759,0.32951866931784973,0.0860658322181369,OPYTIMIZER
opy_SSA,-100,680,5,680,MABBOB_680,0.11029650916719805,0.032701191707025214,OPYTIMIZER
opy_BSA,-100,115,5,115,MABBOB_115,0.4058965488338956,0.2856897388866011,OPYTIMIZER
opy_AOA,-100,577,5,577,MABBOB_577,0.16404316027133994,0.048279471045279194,OPYTIMIZER
opy_MVPA,-100,955,5,955,MABBOB_955,0.039638414026582906,0.023826217364432474,OPYTIMIZER
opy_GA,-100,523,5,523,MABBOB_523,0.06358268922529942,0.03360113152324777,OPYTIMIZER
opy_EO,-100,246,5,246,MABBOB_246,0.0643908684465358,0.05885415744342926,OPYTIMIZER
opy_GA,-100,118,5,118,MABBOB_118,0.08505201478802166,0.10425425000202299,OPYTIMIZER
opy_ASO,-100,37,5,37,MABBOB_37,0.46412197253600906,0.2738432665290981,OPYTIMIZER
opy_CS,-100,82,5,82,MABBOB_82,0.10727361223590948,0.04734196004364395,OPYTIMIZER
opy_SAVPSO,-100,162,5,162,MABBOB_162,0.08081699304603819,0.018518985414345396,OPYTIMIZER
opy_SAVPSO,-100,812,5,812,MABBOB_812,0.041612926034031154,0.018276579270445504,OPYTIMIZER
opy_AEO,-100,162,5,162,MABBOB_162,0.10728982570918622,0.021556427899016822,OPYTIMIZER
opy_ABO,-100,604,5,604,MABBOB_604,0.27323567296337664,0.29883364655929723,OPYTIMIZER
opy_GCO,-100,997,5,997,MABBOB_997,0.1054578566548047,0.061949987589337875,OPYTIMIZER
opy_ABC,-100,997,5,997,MABBOB_997,0.11163904851202444,0.0597446452557082,OPYTIMIZER
opy_EO,-100,418,5,418,MABBOB_418,0.12196770482791955,0.1283882076988941,OPYTIMIZER
opy_AEO,-100,103,5,103,MABBOB_103,0.13580208350283313,0.10791283703543418,OPYTIMIZER
opy_AEO,-100,525,5,525,MABBOB_525,0.11013352582656585,0.05759431955211398,OPYTIMIZER
opy_AOA,-100,993,5,993,MABBOB_993,0.17147413362227443,0.028356972669890533,OPYTIMIZER
opy_SAVPSO,-100,144,5,144,MABBOB_144,0.10103529715585768,0.11777309386303592,OPYTIMIZER
opy_AOA,-100,181,5,181,MABBOB_181,0.09497796066272912,0.07169265145427209,OPYTIMIZER
opy_ABC,-100,852,5,852,MABBOB_852,0.0836029774356018,0.047913984053680005,OPYTIMIZER
opy_ABO,-100,906,5,906,MABBOB_906,0.03298523453740793,0.013104693003351379,OPYTIMIZER
opy_SSA,-100,348,5,348,MABBOB_348,0.0329852086843411,0.014468796195840626,OPYTIMIZER
opy_SOS,-100,268,5,268,MABBOB_268,0.236841358254056,0.021996650239365183,OPYTIMIZER
opy_AEO,-100,423,5,423,MABBOB_423,0.15454123460726404,0.12110248926472521,OPYTIMIZER
opy_GA,-100,348,5,348,MABBOB_348,0.04525789034521123,0.030625916068521615,OPYTIMIZER
opy_DE,-100,827,5,827,MABBOB_827,0.2267043054617714,0.07900524896191832,OPYTIMIZER
opy_GA,-100,329,5,329,MABBOB_329,0.14987489254952363,0.13420802117469166,OPYTIMIZER
opy_CS,-100,246,5,246,MABBOB_246,0.1334838971685134,0.1295182510916388,OPYTIMIZER
opy_ABC,-100,887,5,887,MABBOB_887,0.25194377363920467,0.11800638157268425,OPYTIMIZER
opy_GOA,-100,810,5,810,MABBOB_810,0.0659495795123391,0.03356479829281458,OPYTIMIZER
opy_COA,-100,486,5,486,MABBOB_486,0.12901784908070554,0.04980655281052642,OPYTIMIZER
opy_CS,-100,163,5,163,MABBOB_163,0.02971715116029399,0.014101804366911354,OPYTIMIZER
opy_AEO,-100,161,5,161,MABBOB_161,0.1516914243299823,0.08795404640246887,OPYTIMIZER
opy_ASO,-100,975,5,975,MABBOB_975,0.2356483912386309,0.16961655252838762,OPYTIMIZER
opy_TWO,-100,731,5,731,MABBOB_731,0.03449722999796293,0.015711427781006676,OPYTIMIZER
opy_SAVPSO,-100,783,5,783,MABBOB_783,0.08206614271212906,0.06452781550318348,OPYTIMIZER
opy_IWO,-100,486,5,486,MABBOB_486,0.11045947072375287,0.1357630188761283,OPYTIMIZER
opy_ABC,-100,964,5,964,MABBOB_964,0.2603602458019178,0.1276427427606494,OPYTIMIZER
opy_GOA,-100,812,5,812,MABBOB_812,0.05530818447451933,0.017725870654460837,OPYTIMIZER
opy_SOS,-100,396,5,396,MABBOB_396,0.15338614642352635,0.08688666127483749,OPYTIMIZER
opy_LSA,-100,898,5,898,MABBOB_898,0.05972995779876193,0.0839049140048821,OPYTIMIZER
opy_AOA,-100,852,5,852,MABBOB_852,0.1259932043597351,0.08817374316361141,OPYTIMIZER
opy_GCO,-100,192,5,192,MABBOB_192,0.09228026273213169,0.05905130157741485,OPYTIMIZER
opy_BSA,-100,371,5,371,MABBOB_371,0.29687937311919266,0.22102123106146931,OPYTIMIZER
opy_GOA,-100,34,5,34,MABBOB_34,0.11040150514972205,0.11812617741326559,OPYTIMIZER
opy_TWO,-100,740,5,740,MABBOB_740,0.15978936752709388,0.11582889553278815,OPYTIMIZER
opy_AOA,-100,15,5,15,MABBOB_15,0.1401528934251061,0.13100855243522203,OPYTIMIZER
opy_COA,-100,329,5,329,MABBOB_329,0.17162308517204072,0.20174337220354338,OPYTIMIZER
opy_ABC,-100,204,5,204,MABBOB_204,0.03822832748483052,0.014833494145683511,OPYTIMIZER
opy_IWO,-100,964,5,964,MABBOB_964,0.2950235788862384,0.14550378744701134,OPYTIMIZER
opy_COA,-100,333,5,333,MABBOB_333,0.02491520775526972,0.01238972240924094,OPYTIMIZER
opy_SOS,-100,566,5,566,MABBOB_566,0.18138009855630752,0.03900244358642888,OPYTIMIZER
opy_SSA,-100,671,5,671,MABBOB_671,0.27704367440988437,0.23703615893072383,OPYTIMIZER
opy_ABO,-100,371,5,371,MABBOB_371,0.22285854186096823,0.1614599647748678,OPYTIMIZER
opy_BSA,-100,525,5,525,MABBOB_525,0.26376242196487826,0.12035172977643056,OPYTIMIZER
opy_ABO,-100,215,5,215,MABBOB_215,0.29997646085482216,0.1913742464949217,OPYTIMIZER
opy_COA,-100,115,5,115,MABBOB_115,0.2500003337622383,0.14252131812614596,OPYTIMIZER
opy_SAVPSO,-100,114,5,114,MABBOB_114,0.25275972306783845,0.07621013829056757,OPYTIMIZER
opy_ASO,-100,565,5,565,MABBOB_565,0.023317232635301673,0.0073367174828877155,OPYTIMIZER
opy_RPSO,-100,15,5,15,MABBOB_15,0.09605446081579351,0.0933304942897298,OPYTIMIZER
opy_LSA,-100,961,5,961,MABBOB_961,0.18945413069020253,0.084173042491015,OPYTIMIZER
opy_RPSO,-100,529,5,529,MABBOB_529,0.0507077809307057,0.03198204510061483,OPYTIMIZER
opy_EO,-100,699,5,699,MABBOB_699,0.10032354866694211,0.06097692081606119,OPYTIMIZER
opy_SSA,-100,440,5,440,MABBOB_440,0.045152457991505954,0.029566476883676737,OPYTIMIZER
opy_AOA,-100,911,5,911,MABBOB_911,0.27131031801452793,0.20609999947768004,OPYTIMIZER
opy_GOA,-100,243,5,243,MABBOB_243,0.020411948011852612,0.014979037881478105,OPYTIMIZER
opy_RFO,-100,756,5,756,MABBOB_756,0.20855307890666513,0.17738230133484761,OPYTIMIZER
opy_BSA,-100,646,5,646,MABBOB_646,0.2924642039413178,0.2003416400404199,OPYTIMIZER
opy_SSA,-100,116,5,116,MABBOB_116,0.12007924197267077,0.12578274534881465,OPYTIMIZER
opy_ASO,-100,482,5,482,MABBOB_482,0.43530456957547514,0.10113791121650137,OPYTIMIZER
opy_RRA,-100,190,5,190,MABBOB_190,0.03832632669563213,0.03152258536232341,OPYTIMIZER
opy_LSA,-100,862,5,862,MABBOB_862,0.16303405602625926,0.19298126861921858,OPYTIMIZER
opy_SOS,-100,741,5,741,MABBOB_741,0.07404128399053765,0.06399297383974657,OPYTIMIZER
opy_SAVPSO,-100,8,5,8,MABBOB_8,0.09390661205721493,0.04754269362713682,OPYTIMIZER
opy_COA,-100,855,5,855,MABBOB_855,0.05829744470814584,0.04325521576370555,OPYTIMIZER
opy_ABC,-100,604,5,604,MABBOB_604,0.13419713489116528,0.13987310740065909,OPYTIMIZER
opy_GOA,-100,388,5,388,MABBOB_388,0.10298487552281274,0.06043541385228532,OPYTIMIZER
opy_QSA,-100,502,5,502,MABBOB_502,0.24670629238009836,0.14022838150951986,OPYTIMIZER
opy_ABC,-100,118,5,118,MABBOB_118,0.08775706084472931,0.08909931132920265,OPYTIMIZER
opy_SAVPSO,-100,993,5,993,MABBOB_993,0.12913779557307098,0.061813471082574185,OPYTIMIZER
opy_WEO,-100,855,5,855,MABBOB_855,0.16374560572052815,0.10644824233547348,OPYTIMIZER
opy_GA,-100,520,5,520,MABBOB_520,0.12335187882997159,0.05981658396385882,OPYTIMIZER
opy_AEO,-100,761,5,761,MABBOB_761,0.09193380898122425,0.020007652913728954,OPYTIMIZER
opy_RFO,-100,766,5,766,MABBOB_766,0.08376595289972316,0.08986898955568148,OPYTIMIZER
opy_BSA,-100,991,5,991,MABBOB_991,0.18850567954764363,0.10985063133357117,OPYTIMIZER
opy_TWO,-100,116,5,116,MABBOB_116,0.045599829845715846,0.043855833206381964,OPYTIMIZER
opy_ABO,-100,330,5,330,MABBOB_330,0.38883435279961326,0.20915969942125046,OPYTIMIZER
opy_ABO,-100,954,5,954,MABBOB_954,0.16074742838349798,0.22848128207972027,OPYTIMIZER
opy_ABO,-100,746,5,746,MABBOB_746,0.22570158474928564,0.025811986895494677,OPYTIMIZER
opy_ABC,-100,556,5,556,MABBOB_556,0.04088873817324318,0.012395190082085028,OPYTIMIZER
opy_RPSO,-100,207,5,207,MABBOB_207,0.27638631069936237,0.11389276828189807,OPYTIMIZER
opy_GCO,-100,982,5,982,MABBOB_982,0.024442734695830866,0.008205637952427416,OPYTIMIZER
opy_AEO,-100,769,5,769,MABBOB_769,0.1931047415868778,0.2049307716015603,OPYTIMIZER
opy_GCO,-100,387,5,387,MABBOB_387,0.045148347294691096,0.04525626038986598,OPYTIMIZER
opy_GA,-100,456,5,456,MABBOB_456,0.01642425889136722,0.006506026413864752,OPYTIMIZER
opy_SOS,-100,795,5,795,MABBOB_795,0.20982976464278016,0.11436342766073151,OPYTIMIZER
opy_DE,-100,975,5,975,MABBOB_975,0.1805570311859918,0.11910443789126095,OPYTIMIZER
opy_SOS,-100,592,5,592,MABBOB_592,0.25918293307420676,0.08556282490085408,OPYTIMIZER
opy_ABC,-100,597,5,597,MABBOB_597,0.2165257579147542,0.12405674536476041,OPYTIMIZER
opy_RRA,-100,586,5,586,MABBOB_586,0.14998362083798666,0.0794710186766377,OPYTIMIZER
opy_GOA,-100,192,5,192,MABBOB_192,0.14200972072348303,0.175223892495829,OPYTIMIZER
opy_TWO,-100,170,5,170,MABBOB_170,0.030323947453551485,0.01213472128329923,OPYTIMIZER
opy_RRA,-100,827,5,827,MABBOB_827,0.12740826025560867,0.05334762538267799,OPYTIMIZER
opy_ABC,-100,950,5,950,MABBOB_950,0.12891720846529287,0.0643641269329873,OPYTIMIZER
opy_GCO,-100,761,5,761,MABBOB_761,0.15119938918219972,0.0403377000893657,OPYTIMIZER
opy_RFO,-100,257,5,257,MABBOB_257,0.09178864715232644,0.05402899613307787,OPYTIMIZER
opy_ABC,-100,773,5,773,MABBOB_773,0.42601788321745193,0.2674913656196883,OPYTIMIZER
opy_ABO,-100,407,5,407,MABBOB_407,0.358862374334578,0.2449057746041119,OPYTIMIZER
opy_SAVPSO,-100,878,5,878,MABBOB_878,0.13255726793157543,0.05600916845379639,OPYTIMIZER
opy_RPSO,-100,642,5,642,MABBOB_642,0.0537211474009228,0.03667502168601443,OPYTIMIZER
opy_SOS,-100,424,5,424,MABBOB_424,0.11409108828899137,0.07728525436330735,OPYTIMIZER
opy_RFO,-100,919,5,919,MABBOB_919,0.24722117231444973,0.1319422209360658,OPYTIMIZER
opy_RRA,-100,592,5,592,MABBOB_592,0.28175459744043374,0.125421041595301,OPYTIMIZER
opy_ABC,-100,260,5,260,MABBOB_260,0.2878707204260267,0.09448260351762217,OPYTIMIZER
opy_CS,-100,44,5,44,MABBOB_44,0.1105655383371276,0.07429063458105246,OPYTIMIZER
opy_RRA,-100,51,5,51,MABBOB_51,0.04015228072122727,0.03486266647783528,OPYTIMIZER
opy_SAVPSO,-100,918,5,918,MABBOB_918,0.17068456690328357,0.07085099909560585,OPYTIMIZER
opy_AEO,-100,519,5,519,MABBOB_519,0.26680500945152524,0.11305306614361624,OPYTIMIZER
opy_ABO,-100,203,5,203,MABBOB_203,0.34338583157316765,0.27062411042846457,OPYTIMIZER
opy_BSA,-100,706,5,706,MABBOB_706,0.3948121982511224,0.1651458149336773,OPYTIMIZER
opy_MVPA,-100,400,5,400,MABBOB_400,0.40461746611945415,0.06769922119623425,OPYTIMIZER
opy_SSA,-100,706,5,706,MABBOB_706,0.32088622221534463,0.14250907241996183,OPYTIMIZER
opy_EO,-100,221,5,221,MABBOB_221,0.1285818735427411,0.10931233535444454,OPYTIMIZER
opy_GOA,-100,305,5,305,MABBOB_305,0.1302488210708685,0.06809208283259838,OPYTIMIZER
opy_GOA,-100,99,5,99,MABBOB_99,0.2546573443317731,0.1856612386807741,OPYTIMIZER
opy_AOA,-100,305,5,305,MABBOB_305,0.3357807002156204,0.1795657041089528,OPYTIMIZER
opy_RPSO,-100,739,5,739,MABBOB_739,0.031033977368486888,0.00904910822190338,OPYTIMIZER
opy_SSA,-100,418,5,418,MABBOB_418,0.21839509061491555,0.26215056126588687,OPYTIMIZER
opy_AEO,-100,680,5,680,MABBOB_680,0.11343393834730937,0.07032344055460032,OPYTIMIZER
opy_RFO,-100,248,5,248,MABBOB_248,0.08984196063080128,0.14322600996790935,OPYTIMIZER
opy_IWO,-100,919,5,919,MABBOB_919,0.43997857848722866,0.23920921471184722,OPYTIMIZER
opy_GA,-100,536,5,536,MABBOB_536,0.2096506685364603,0.09852765168232562,OPYTIMIZER
opy_WEO,-100,390,5,390,MABBOB_390,0.22084875074590643,0.22807194184722615,OPYTIMIZER
opy_TWO,-100,836,5,836,MABBOB_836,0.24823566288011278,0.17491598377699097,OPYTIMIZER
opy_ASO,-100,335,5,335,MABBOB_335,0.13995149225783046,0.13388295052790516,OPYTIMIZER
opy_BSA,-100,864,5,864,MABBOB_864,0.17667751598353237,0.12439150375133269,OPYTIMIZER
opy_AOA,-100,997,5,997,MABBOB_997,0.12136046097895192,0.10980812078102918,OPYTIMIZER
opy_RPSO,-100,359,5,359,MABBOB_359,0.2286130604061683,0.0819647969838093,OPYTIMIZER
opy_IWO,-100,569,5,569,MABBOB_569,0.19315677732765044,0.053829789420230874,OPYTIMIZER
opy_SSA,-100,190,5,190,MABBOB_190,0.17357594550733918,0.2551153109005844,OPYTIMIZER
opy_IWO,-100,827,5,827,MABBOB_827,0.3120232402801568,0.16344931959919498,OPYTIMIZER
opy_SOS,-100,101,5,101,MABBOB_101,0.051418851061203766,0.045681130386193536,OPYTIMIZER
opy_AEO,-100,464,5,464,MABBOB_464,0.17992311957649457,0.06778388068750577,OPYTIMIZER
opy_COA,-100,787,5,787,MABBOB_787,0.1374080686778047,0.07784605571630086,OPYTIMIZER
opy_DE,-100,911,5,911,MABBOB_911,0.3656926453006072,0.25381340192501173,OPYTIMIZER
opy_SSA,-100,243,5,243,MABBOB_243,0.019381748031958614,0.012931700308781883,OPYTIMIZER
opy_CS,-100,266,5,266,MABBOB_266,0.5364854479533303,0.3418748640463516,OPYTIMIZER
opy_WEO,-100,51,5,51,MABBOB_51,0.14691537781421177,0.17689502277336508,OPYTIMIZER
opy_GA,-100,629,5,629,MABBOB_629,0.13978907912697627,0.08683542810096517,OPYTIMIZER
opy_IWO,-100,695,5,695,MABBOB_695,0.11835209351042715,0.06617066261275345,OPYTIMIZER
opy_RRA,-100,609,5,609,MABBOB_609,0.17605840764873812,0.08146215552872905,OPYTIMIZER
opy_IWO,-100,519,5,519,MABBOB_519,0.3610748295578841,0.18046625853033446,OPYTIMIZER
opy_DE,-100,687,5,687,MABBOB_687,0.4287864726360942,0.2717292864447352,OPYTIMIZER
opy_COA,-100,646,5,646,MABBOB_646,0.18791464175966663,0.13908987251053306,OPYTIMIZER
opy_LSA,-100,919,5,919,MABBOB_919,0.2372086569346274,0.11440827484521487,OPYTIMIZER
opy_DE,-100,176,5,176,MABBOB_176,0.3822598489963326,0.1286979380032965,OPYTIMIZER
opy_GA,-100,40,5,40,MABBOB_40,0.07131135787165085,0.05868313623197176,OPYTIMIZER
opy_SOS,-100,419,5,419,MABBOB_419,0.177774013869995,0.09347312824458678,OPYTIMIZER
opy_WEO,-100,466,5,466,MABBOB_466,0.29835321027547007,0.07931894261670175,OPYTIMIZER
opy_RFO,-100,373,5,373,MABBOB_373,0.23156036068700625,0.24614003331579312,OPYTIMIZER
opy_GOA,-100,864,5,864,MABBOB_864,0.059634179296948385,0.03490061612994228,OPYTIMIZER
opy_TWO,-100,346,5,346,MABBOB_346,0.03077556745381927,0.022207861611877964,OPYTIMIZER
opy_WEO,-100,324,5,324,MABBOB_324,0.17421749972109318,0.15944988205866337,OPYTIMIZER
opy_SAVPSO,-100,531,5,531,MABBOB_531,0.08662358161391044,0.05066079914404377,OPYTIMIZER
opy_BSA,-100,486,5,486,MABBOB_486,0.4169017376255109,0.2675243971926109,OPYTIMIZER
opy_MVPA,-100,101,5,101,MABBOB_101,0.04350197405408642,0.03335818602111873,OPYTIMIZER
opy_CS,-100,689,5,689,MABBOB_689,0.03528108160729323,0.027399840784679542,OPYTIMIZER
opy_SAVPSO,-100,217,5,217,MABBOB_217,0.13105638840546396,0.09543099115394642,OPYTIMIZER
opy_RFO,-100,519,5,519,MABBOB_519,0.26056654534621526,0.11528472344350624,OPYTIMIZER
opy_ASO,-100,212,5,212,MABBOB_212,0.2305059020421683,0.23902458934668716,OPYTIMIZER
opy_AEO,-100,713,5,713,MABBOB_713,0.07684525079890872,0.048643013138654746,OPYTIMIZER
opy_SSA,-100,980,5,980,MABBOB_980,0.2142219983491021,0.07734363670898685,OPYTIMIZER
opy_QSA,-100,991,5,991,MABBOB_991,0.05442033366381897,0.04886794053611229,OPYTIMIZER
opy_RFO,-100,782,5,782,MABBOB_782,0.16930026614365087,0.09554542374449744,OPYTIMIZER
opy_AOA,-100,646,5,646,MABBOB_646,0.18765676148559374,0.14798700878104096,OPYTIMIZER
opy_ASO,-100,456,5,456,MABBOB_456,0.020813012935047014,0.008070488457404127,OPYTIMIZER
opy_IWO,-100,208,5,208,MABBOB_208,0.14893300810501503,0.10659746715629831,OPYTIMIZER
opy_EO,-100,307,5,307,MABBOB_307,0.0695513151785224,0.06549232733206757,OPYTIMIZER
opy_ASO,-100,396,5,396,MABBOB_396,0.22579009600082278,0.1721752788269775,OPYTIMIZER
opy_BSA,-100,107,5,107,MABBOB_107,0.16409358828245693,0.10781380841200557,OPYTIMIZER
opy_RRA,-100,852,5,852,MABBOB_852,0.06280960904360092,0.04104312163031049,OPYTIMIZER
opy_MVPA,-100,865,5,865,MABBOB_865,0.1816890974929938,0.16765936561314515,OPYTIMIZER
opy_RRA,-100,181,5,181,MABBOB_181,0.03539264418483005,0.021091739095422248,OPYTIMIZER
opy_SSA,-100,424,5,424,MABBOB_424,0.12386084240947715,0.07859637966930917,OPYTIMIZER
opy_ASO,-100,764,5,764,MABBOB_764,0.12792685767511752,0.1620976074042667,OPYTIMIZER
opy_AOA,-100,586,5,586,MABBOB_586,0.27949056143660445,0.14987238326741145,OPYTIMIZER
opy_LSA,-100,491,5,491,MABBOB_491,0.1551060097304107,0.10044293709914108,OPYTIMIZER
opy_TWO,-100,569,5,569,MABBOB_569,0.1014515735093587,0.036313653334126623,OPYTIMIZER
opy_BSA,-100,405,5,405,MABBOB_405,0.24910452322206655,0.17646478350266026,OPYTIMIZER
opy_SAVPSO,-100,67,5,67,MABBOB_67,0.10610937220589098,0.058673113275264824,OPYTIMIZER
opy_SOS,-100,163,5,163,MABBOB_163,0.01962960674346998,0.00706233643456831,OPYTIMIZER
opy_SOS,-100,421,5,421,MABBOB_421,0.12115669540910874,0.07155980967797616,OPYTIMIZER
opy_WEO,-100,203,5,203,MABBOB_203,0.4484608226676509,0.3357734854925756,OPYTIMIZER
opy_IWO,-100,810,5,810,MABBOB_810,0.2375198744356753,0.2502090794644552,OPYTIMIZER
opy_GCO,-100,727,5,727,MABBOB_727,0.1439499454941855,0.21884710819037753,OPYTIMIZER
opy_RFO,-100,424,5,424,MABBOB_424,0.1425034530442277,0.1075443177917999,OPYTIMIZER
opy_LSA,-100,520,5,520,MABBOB_520,0.09151999331156542,0.04207453173821747,OPYTIMIZER
opy_AEO,-100,528,5,528,MABBOB_528,0.0379911303337986,0.031759262008622044,OPYTIMIZER
opy_RFO,-100,761,5,761,MABBOB_761,0.0935768798200171,0.022448241242098783,OPYTIMIZER
opy_DE,-100,15,5,15,MABBOB_15,0.143910099036691,0.1367870819850442,OPYTIMIZER
opy_WEO,-100,688,5,688,MABBOB_688,0.19568586195304322,0.1707579094570669,OPYTIMIZER
opy_RRA,-100,759,5,759,MABBOB_759,0.30308016176372343,0.08860242140626877,OPYTIMIZER
opy_GCO,-100,756,5,756,MABBOB_756,0.3981725974106987,0.18529484861678708,OPYTIMIZER
opy_EO,-100,609,5,609,MABBOB_609,0.16852888398454755,0.09725107831233352,OPYTIMIZER
opy_MVPA,-100,451,5,451,MABBOB_451,0.01984873551921597,0.01317253447405402,OPYTIMIZER
opy_LSA,-100,657,5,657,MABBOB_657,0.3576286100065411,0.10913219256411057,OPYTIMIZER
opy_GCO,-100,811,5,811,MABBOB_811,0.09301135138910469,0.03710921930424709,OPYTIMIZER
opy_TWO,-100,862,5,862,MABBOB_862,0.15308456378777116,0.1780462283994326,OPYTIMIZER
opy_BSA,-100,606,5,606,MABBOB_606,0.3455620699633661,0.07858585202764529,OPYTIMIZER
opy_BSA,-100,740,5,740,MABBOB_740,0.3517616614066542,0.1896918511471089,OPYTIMIZER
opy_SOS,-100,404,5,404,MABBOB_404,0.04022327644136463,0.024968418702519098,OPYTIMIZER
opy_QSA,-100,642,5,642,MABBOB_642,0.09402958842089015,0.06561666828293311,OPYTIMIZER
opy_AEO,-100,617,5,617,MABBOB_617,0.20161078739422736,0.13540941066174805,OPYTIMIZER
opy_BSA,-100,597,5,597,MABBOB_597,0.37076941679267833,0.2752556740644744,OPYTIMIZER
opy_SOS,-100,275,5,275,MABBOB_275,0.1724276908441041,0.10122220796293559,OPYTIMIZER
opy_SOS,-100,955,5,955,MABBOB_955,0.0428147350561008,0.022023664403488016,OPYTIMIZER
opy_SAVPSO,-100,565,5,565,MABBOB_565,0.0838203528530824,0.061190584874655375,OPYTIMIZER
opy_RFO,-100,361,5,361,MABBOB_361,0.3511036010177685,0.1306027905271488,OPYTIMIZER
opy_MVPA,-100,519,5,519,MABBOB_519,0.2428322749438836,0.171526729142674,OPYTIMIZER
opy_GA,-100,761,5,761,MABBOB_761,0.10728453444528889,0.017581511497193423,OPYTIMIZER
opy_IWO,-100,476,5,476,MABBOB_476,0.6387488629336612,0.1874872314249652,OPYTIMIZER
opy_GOA,-100,387,5,387,MABBOB_387,0.02428726958744539,0.010964571168776914,OPYTIMIZER
opy_GA,-100,609,5,609,MABBOB_609,0.18965091752987154,0.08447352856225547,OPYTIMIZER
opy_QSA,-100,964,5,964,MABBOB_964,0.23789459036034422,0.1406061390760241,OPYTIMIZER
opy_QSA,-100,922,5,922,MABBOB_922,0.4174828368203098,0.0929264224935364,OPYTIMIZER
opy_ASO,-100,217,5,217,MABBOB_217,0.3145698766924484,0.17914474099381625,OPYTIMIZER
opy_TWO,-100,204,5,204,MABBOB_204,0.03221144892939608,0.018696681723997667,OPYTIMIZER
opy_GCO,-100,220,5,220,MABBOB_220,0.42379391953578815,0.22597730781892023,OPYTIMIZER
opy_RRA,-100,418,5,418,MABBOB_418,0.18991838846453665,0.18851808957872138,OPYTIMIZER
opy_BSA,-100,565,5,565,MABBOB_565,0.1772359395297373,0.09731736817840014,OPYTIMIZER
opy_QSA,-100,671,5,671,MABBOB_671,0.26350700062365384,0.2238206748498586,OPYTIMIZER
opy_LSA,-100,949,5,949,MABBOB_949,0.1485280313317318,0.12435457304738087,OPYTIMIZER
opy_COA,-100,67,5,67,MABBOB_67,0.169691878538835,0.09785772219276821,OPYTIMIZER
opy_SAVPSO,-100,407,5,407,MABBOB_407,0.11470318619831868,0.05850799052427358,OPYTIMIZER
opy_SAVPSO,-100,836,5,836,MABBOB_836,0.2793904916693597,0.23482222538564868,OPYTIMIZER
opy_LSA,-100,163,5,163,MABBOB_163,0.019471614368971105,0.00878581589996226,OPYTIMIZER
opy_EO,-100,606,5,606,MABBOB_606,0.1863866943458423,0.05281834765613102,OPYTIMIZER
opy_ABC,-100,413,5,413,MABBOB_413,0.2196239224395155,0.18948923371987703,OPYTIMIZER
opy_QSA,-100,360,5,360,MABBOB_360,0.16351297802668255,0.13852747724011316,OPYTIMIZER
opy_BSA,-100,396,5,396,MABBOB_396,0.403399742548062,0.31630537627182587,OPYTIMIZER
opy_TWO,-100,413,5,413,MABBOB_413,0.18409775281904794,0.1545784179228244,OPYTIMIZER
opy_SSA,-100,367,5,367,MABBOB_367,0.2524513411704524,0.21183750470818932,OPYTIMIZER
opy_BSA,-100,950,5,950,MABBOB_950,0.22873452638919956,0.10668365517832835,OPYTIMIZER
opy_DE,-100,387,5,387,MABBOB_387,0.03368480538270645,0.024850368064929348,OPYTIMIZER
opy_GCO,-100,764,5,764,MABBOB_764,0.07331224732875653,0.06602020797498548,OPYTIMIZER
opy_GA,-100,592,5,592,MABBOB_592,0.30199805249619704,0.09157252982632767,OPYTIMIZER
opy_TWO,-100,371,5,371,MABBOB_371,0.1654836242233924,0.10058787635501784,OPYTIMIZER
opy_GA,-100,965,5,965,MABBOB_965,0.33508596331148494,0.10852355777271779,OPYTIMIZER
opy_IWO,-100,368,5,368,MABBOB_368,0.19933780422319852,0.311333893008002,OPYTIMIZER
opy_GA,-100,597,5,597,MABBOB_597,0.215582727448807,0.19851939716943162,OPYTIMIZER
opy_MVPA,-100,740,5,740,MABBOB_740,0.1052309184023493,0.07625297058267995,OPYTIMIZER
opy_ABC,-100,115,5,115,MABBOB_115,0.20032194546808318,0.09268790559842076,OPYTIMIZER
opy_IWO,-100,911,5,911,MABBOB_911,0.48627612110873253,0.325416572363199,OPYTIMIZER
opy_SSA,-100,662,5,662,MABBOB_662,0.20051678271452483,0.18117543509650177,OPYTIMIZER
opy_BSA,-100,918,5,918,MABBOB_918,0.34650104870703174,0.1016641901404567,OPYTIMIZER
opy_WEO,-100,538,5,538,MABBOB_538,0.41139564336930745,0.10991148339457874,OPYTIMIZER
opy_ABC,-100,359,5,359,MABBOB_359,0.33800394505303555,0.13958495664267828,OPYTIMIZER
opy_MVPA,-100,67,5,67,MABBOB_67,0.10873385983711417,0.06604457960957699,OPYTIMIZER
opy_SSA,-100,449,5,449,MABBOB_449,0.017783713783480908,0.007122404133336319,OPYTIMIZER
opy_IWO,-100,190,5,190,MABBOB_190,0.034821804206041244,0.029135680284710027,OPYTIMIZER
opy_AOA,-100,259,5,259,MABBOB_259,0.15600058809539508,0.09117670368878103,OPYTIMIZER
opy_ABO,-100,208,5,208,MABBOB_208,0.13608067397752557,0.09681434249346049,OPYTIMIZER
opy_SSA,-100,769,5,769,MABBOB_769,0.1713257091472213,0.15981492841405134,OPYTIMIZER
opy_MVPA,-100,852,5,852,MABBOB_852,0.04543861395660374,0.01705919120870611,OPYTIMIZER
opy_SAVPSO,-100,330,5,330,MABBOB_330,0.1125901740437623,0.049222560718471774,OPYTIMIZER
opy_RPSO,-100,33,5,33,MABBOB_33,0.12688965820087594,0.08733263774019166,OPYTIMIZER
opy_WEO,-100,993,5,993,MABBOB_993,0.27389910930590566,0.07027156753260703,OPYTIMIZER
opy_ASO,-100,348,5,348,MABBOB_348,0.036293074022403296,0.017323109079475693,OPYTIMIZER
opy_AEO,-100,348,5,348,MABBOB_348,0.03867211240627412,0.023194574927458626,OPYTIMIZER
opy_RPSO,-100,787,5,787,MABBOB_787,0.12006469327976457,0.07600863461498253,OPYTIMIZER
opy_CS,-100,855,5,855,MABBOB_855,0.058934616503881876,0.04122470991848286,OPYTIMIZER
opy_RRA,-100,555,5,555,MABBOB_555,0.1970387488841476,0.1532129101149124,OPYTIMIZER
opy_MVPA,-100,275,5,275,MABBOB_275,0.14432795603552376,0.07446804439503185,OPYTIMIZER
opy_IWO,-100,430,5,430,MABBOB_430,0.09467507391901209,0.07265388681225368,OPYTIMIZER
opy_AEO,-100,346,5,346,MABBOB_346,0.04731939649620727,0.03574300873557723,OPYTIMIZER
opy_ABC,-100,862,5,862,MABBOB_862,0.2117976579102147,0.18936400302849848,OPYTIMIZER
opy_AOA,-100,360,5,360,MABBOB_360,0.12793908569920778,0.06290845180835654,OPYTIMIZER
opy_AEO,-100,746,5,746,MABBOB_746,0.17457603524347687,0.030961986088308316,OPYTIMIZER
opy_RFO,-100,177,5,177,MABBOB_177,0.08824379235775698,0.07639618031792156,OPYTIMIZER
opy_EO,-100,415,5,415,MABBOB_415,0.14447767685029692,0.13557719386510036,OPYTIMIZER
opy_SAVPSO,-100,864,5,864,MABBOB_864,0.043652860471450346,0.02672838652145386,OPYTIMIZER
opy_SOS,-100,810,5,810,MABBOB_810,0.07424400635931806,0.07201118716389085,OPYTIMIZER
opy_GCO,-100,221,5,221,MABBOB_221,0.32268811729602753,0.2615561383937672,OPYTIMIZER
opy_AEO,-100,260,5,260,MABBOB_260,0.2528805484918556,0.09334688940031959,OPYTIMIZER
opy_CS,-100,410,5,410,MABBOB_410,0.02412842443647667,0.014692674488379654,OPYTIMIZER
opy_SOS,-100,88,5,88,MABBOB_88,0.022385489637550195,0.006700917016708715,OPYTIMIZER
opy_DE,-100,259,5,259,MABBOB_259,0.0746484916990238,0.04208057270745959,OPYTIMIZER
opy_GCO,-100,779,5,779,MABBOB_779,0.07608526082465653,0.07104198969354603,OPYTIMIZER
opy_TWO,-100,911,5,911,MABBOB_911,0.21590503562639513,0.16304059587851324,OPYTIMIZER
opy_RRA,-100,26,5,26,MABBOB_26,0.1332323362570345,0.17415082873596743,OPYTIMIZER
opy_GA,-100,855,5,855,MABBOB_855,0.11084730115327139,0.07697230258650901,OPYTIMIZER
opy_ABO,-100,163,5,163,MABBOB_163,0.0327932366365663,0.010333317282846605,OPYTIMIZER
opy_GCO,-100,604,5,604,MABBOB_604,0.29835231504496873,0.31902985110233856,OPYTIMIZER
opy_MVPA,-100,34,5,34,MABBOB_34,0.08922465941933305,0.08593985441151468,OPYTIMIZER
opy_RFO,-100,810,5,810,MABBOB_810,0.08670512135490917,0.05931357200106229,OPYTIMIZER
opy_COA,-100,491,5,491,MABBOB_491,0.2356891257241716,0.2034274077995651,OPYTIMIZER
opy_COA,-100,746,5,746,MABBOB_746,0.20432810290730014,0.024106079940248513,OPYTIMIZER
opy_SAVPSO,-100,327,5,327,MABBOB_327,0.15398339059659344,0.09532817249760074,OPYTIMIZER
opy_IWO,-100,689,5,689,MABBOB_689,0.035872104808289985,0.023520958334642888,OPYTIMIZER
opy_QSA,-100,714,5,714,MABBOB_714,0.09419273607177993,0.11022015832732138,OPYTIMIZER
opy_ABO,-100,761,5,761,MABBOB_761,0.12075350455231779,0.04336509072614303,OPYTIMIZER
opy_EO,-100,182,5,182,MABBOB_182,0.07799160193955727,0.024433606165464365,OPYTIMIZER
opy_IWO,-100,26,5,26,MABBOB_26,0.4158650061442195,0.47724642334249995,OPYTIMIZER
opy_TWO,-100,220,5,220,MABBOB_220,0.41905219048644426,0.26254349396926596,OPYTIMIZER
opy_SSA,-100,33,5,33,MABBOB_33,0.15729847891965115,0.12086838403605611,OPYTIMIZER
opy_ABO,-100,207,5,207,MABBOB_207,0.41099118629562026,0.10852791642049713,OPYTIMIZER
opy_WEO,-100,566,5,566,MABBOB_566,0.37653078285278724,0.09747252822358417,OPYTIMIZER
opy_ABO,-100,918,5,918,MABBOB_918,0.2588003873684475,0.09495673448290956,OPYTIMIZER
opy_SOS,-100,577,5,577,MABBOB_577,0.13701441723797533,0.03808919902784787,OPYTIMIZER
opy_BSA,-100,221,5,221,MABBOB_221,0.4026339527101488,0.3421668068744907,OPYTIMIZER
opy_WEO,-100,116,5,116,MABBOB_116,0.13868180450857145,0.15798038023666397,OPYTIMIZER
opy_GOA,-100,348,5,348,MABBOB_348,0.031299717659553854,0.014776208432282579,OPYTIMIZER
opy_SOS,-100,456,5,456,MABBOB_456,0.016217266371992035,0.006831675980707234,OPYTIMIZER
opy_DE,-100,181,5,181,MABBOB_181,0.07118947093009716,0.05217199922844721,OPYTIMIZER
opy_SAVPSO,-100,40,5,40,MABBOB_40,0.055702572989428226,0.05491270584599918,OPYTIMIZER
opy_GOA,-100,852,5,852,MABBOB_852,0.04458547595910806,0.02649699833167464,OPYTIMIZER
opy_QSA,-100,464,5,464,MABBOB_464,0.24015165166301355,0.05935169659426532,OPYTIMIZER
opy_LSA,-100,161,5,161,MABBOB_161,0.11488420870970387,0.019881825760795776,OPYTIMIZER
opy_RRA,-100,906,5,906,MABBOB_906,0.03821352976103623,0.024461591747065418,OPYTIMIZER
opy_TWO,-100,787,5,787,MABBOB_787,0.10951153744273245,0.056343237943390405,OPYTIMIZER
opy_ABO,-100,779,5,779,MABBOB_779,0.06595177502977259,0.04141741725929005,OPYTIMIZER
opy_SOS,-100,680,5,680,MABBOB_680,0.08769396732224938,0.03337225719125403,OPYTIMIZER
opy_BSA,-100,691,5,691,MABBOB_691,0.018704869264580076,0.014895813625224404,OPYTIMIZER
opy_IWO,-100,207,5,207,MABBOB_207,0.4543264219952472,0.11094571341078258,OPYTIMIZER
opy_SOS,-100,887,5,887,MABBOB_887,0.20043381042594355,0.05192712665020973,OPYTIMIZER
opy_DE,-100,759,5,759,MABBOB_759,0.380138681492341,0.07761944530110182,OPYTIMIZER
opy_TWO,-100,203,5,203,MABBOB_203,0.13490183897334834,0.09014840426794966,OPYTIMIZER
opy_GCO,-100,8,5,8,MABBOB_8,0.20689252161301336,0.09732455109372806,OPYTIMIZER
opy_BSA,-100,608,5,608,MABBOB_608,0.4391265773506799,0.24004558378193977,OPYTIMIZER
opy_MVPA,-100,520,5,520,MABBOB_520,0.07931029050192875,0.03731917238971177,OPYTIMIZER
opy_LSA,-100,24,5,24,MABBOB_24,0.11943339685717543,0.09793259865388947,OPYTIMIZER
opy_RFO,-100,538,5,538,MABBOB_538,0.1684651246841351,0.04288081546613279,OPYTIMIZER
opy_LSA,-100,836,5,836,MABBOB_836,0.2678810330972739,0.200434744342835,OPYTIMIZER
opy_CS,-100,862,5,862,MABBOB_862,0.2918982802347859,0.2985663230476443,OPYTIMIZER
opy_DE,-100,266,5,266,MABBOB_266,0.4684813784435503,0.2790874016713313,OPYTIMIZER
opy_CS,-100,566,5,566,MABBOB_566,0.25694086596031257,0.061496325212624825,OPYTIMIZER
opy_ASO,-100,246,5,246,MABBOB_246,0.1780116428209894,0.17917473261965947,OPYTIMIZER
opy_CS,-100,898,5,898,MABBOB_898,0.07916219310786082,0.10411198704421139,OPYTIMIZER
opy_ABC,-100,387,5,387,MABBOB_387,0.04127827580603429,0.026885847288632934,OPYTIMIZER
opy_COA,-100,523,5,523,MABBOB_523,0.07850123493524916,0.043345837171869774,OPYTIMIZER
opy_SAVPSO,-100,689,5,689,MABBOB_689,0.01964734525628133,0.010408849619737955,OPYTIMIZER
opy_SOS,-100,848,5,848,MABBOB_848,0.3242897310827757,0.18114192048556843,OPYTIMIZER
opy_BSA,-100,101,5,101,MABBOB_101,0.13351377798963376,0.07539865854346041,OPYTIMIZER
opy_RPSO,-100,264,5,264,MABBOB_264,0.08339101005319391,0.03535262012320032,OPYTIMIZER
opy_RRA,-100,529,5,529,MABBOB_529,0.06350641285736666,0.025100377150376746,OPYTIMIZER
opy_BSA,-100,531,5,531,MABBOB_531,0.3462453229209205,0.22305704581041136,OPYTIMIZER
opy_AEO,-100,344,5,344,MABBOB_344,0.051421751013576586,0.021357054459556907,OPYTIMIZER
opy_RRA,-100,965,5,965,MABBOB_965,0.27453170218291034,0.10864349034433313,OPYTIMIZER
opy_QSA,-100,421,5,421,MABBOB_421,0.14728607739226446,0.08124849680099587,OPYTIMIZER
opy_GCO,-100,878,5,878,MABBOB_878,0.2467109280536035,0.08920634076271551,OPYTIMIZER
opy_RRA,-100,215,5,215,MABBOB_215,0.24893172544741976,0.20323572468589296,OPYTIMIZER
opy_QSA,-100,782,5,782,MABBOB_782,0.1999779816059626,0.11133284038860815,OPYTIMIZER
opy_AOA,-100,707,5,707,MABBOB_707,0.366896251400357,0.19607018274076618,OPYTIMIZER
opy_MVPA,-100,177,5,177,MABBOB_177,0.04704763676412454,0.04138714100237842,OPYTIMIZER
opy_RFO,-100,359,5,359,MABBOB_359,0.3216771704422996,0.07680492079526291,OPYTIMIZER
opy_DE,-100,695,5,695,MABBOB_695,0.06326486043993373,0.04238338888750182,OPYTIMIZER
opy_BSA,-100,99,5,99,MABBOB_99,0.393205364318021,0.23373802508390315,OPYTIMIZER
opy_QSA,-100,361,5,361,MABBOB_361,0.43531323066275274,0.2317845425819238,OPYTIMIZER
opy_AOA,-100,764,5,764,MABBOB_764,0.03394919001470116,0.023076266866054844,OPYTIMIZER
opy_TWO,-100,523,5,523,MABBOB_523,0.043757651128937966,0.02055371943828735,OPYTIMIZER
opy_SAVPSO,-100,74,5,74,MABBOB_74,0.03264667611815207,0.02858840521678287,OPYTIMIZER
opy_CS,-100,565,5,565,MABBOB_565,0.06104905186256274,0.03967608647877255,OPYTIMIZER
opy_TWO,-100,955,5,955,MABBOB_955,0.05306425973651997,0.032758485486126074,OPYTIMIZER
opy_SAVPSO,-100,980,5,980,MABBOB_980,0.09547360604881887,0.044682821826975014,OPYTIMIZER
opy_SSA,-100,324,5,324,MABBOB_324,0.09949954499837084,0.08660776014711953,OPYTIMIZER
opy_BSA,-100,203,5,203,MABBOB_203,0.439677392758986,0.3404736564164517,OPYTIMIZER
opy_COA,-100,529,5,529,MABBOB_529,0.0774894427136941,0.030494288574736916,OPYTIMIZER
opy_MVPA,-100,746,5,746,MABBOB_746,0.1146920059236114,0.03737825320075536,OPYTIMIZER
opy_ABC,-100,266,5,266,MABBOB_266,0.38007265772712967,0.30970560984200673,OPYTIMIZER
opy_DE,-100,862,5,862,MABBOB_862,0.23669115697426207,0.19090496566286963,OPYTIMIZER
opy_TWO,-100,257,5,257,MABBOB_257,0.09109347580021626,0.040948200551927987,OPYTIMIZER
opy_GOA,-100,918,5,918,MABBOB_918,0.20646908412133605,0.09114212319063066,OPYTIMIZER
opy_DE,-100,707,5,707,MABBOB_707,0.2728195013450499,0.1222268227167758,OPYTIMIZER
opy_IWO,-100,144,5,144,MABBOB_144,0.2241160439482753,0.2505364203872671,OPYTIMIZER
opy_RPSO,-100,492,5,492,MABBOB_492,0.05641973504314851,0.04751818730499862,OPYTIMIZER
opy_COA,-100,396,5,396,MABBOB_396,0.1632087243603874,0.11064777827189302,OPYTIMIZER
opy_WEO,-100,502,5,502,MABBOB_502,0.4229094681814476,0.17824611248520325,OPYTIMIZER
opy_ASO,-100,980,5,980,MABBOB_980,0.5202822112330773,0.26058755437825437,OPYTIMIZER
opy_ABC,-100,877,5,877,MABBOB_877,0.1670347186340384,0.07682133353531069,OPYTIMIZER
opy_COA,-100,260,5,260,MABBOB_260,0.2541132974254233,0.07019795218294012,OPYTIMIZER
opy_ASO,-100,192,5,192,MABBOB_192,0.050093171340583185,0.03671263357067077,OPYTIMIZER
opy_CS,-100,530,5,530,MABBOB_530,0.08834241062348919,0.1578796052463839,OPYTIMIZER
opy_AEO,-100,810,5,810,MABBOB_810,0.12269036350435938,0.12578719614310144,OPYTIMIZER
opy_ABO,-100,260,5,260,MABBOB_260,0.3109275271768479,0.09237411225187438,OPYTIMIZER
opy_SAVPSO,-100,707,5,707,MABBOB_707,0.132139806497561,0.07331034186371739,OPYTIMIZER
opy_AEO,-100,989,5,989,MABBOB_989,0.08599699071969448,0.11534745046958987,OPYTIMIZER
opy_SSA,-100,689,5,689,MABBOB_689,0.024582030794206868,0.013108580377713052,OPYTIMIZER
opy_IWO,-100,418,5,418,MABBOB_418,0.22480999671397237,0.229183124939814,OPYTIMIZER
opy_GOA,-100,844,5,844,MABBOB_844,0.10828152157395823,0.09357284418534448,OPYTIMIZER
opy_GCO,-100,482,5,482,MABBOB_482,0.35967834806049603,0.08162691081814528,OPYTIMIZER
opy_COA,-100,536,5,536,MABBOB_536,0.26025485475973237,0.13943376027123505,OPYTIMIZER
opy_ABO,-100,170,5,170,MABBOB_170,0.06643979972890887,0.057538422029666955,OPYTIMIZER
opy_IWO,-100,88,5,88,MABBOB_88,0.030640015341491588,0.018479677790405487,OPYTIMIZER
opy_ABC,-100,525,5,525,MABBOB_525,0.12936256956167885,0.048272681877468714,OPYTIMIZER
opy_GOA,-100,190,5,190,MABBOB_190,0.1295505905372653,0.22143896619135967,OPYTIMIZER
opy_SOS,-100,360,5,360,MABBOB_360,0.13222416484023408,0.12711643342252552,OPYTIMIZER
opy_GOA,-100,922,5,922,MABBOB_922,0.2987600054547333,0.09986692986557986,OPYTIMIZER
opy_WEO,-100,542,5,542,MABBOB_542,0.15276504394005785,0.14398223511090902,OPYTIMIZER
opy_RPSO,-100,577,5,577,MABBOB_577,0.11007166541037867,0.06648950738006856,OPYTIMIZER
opy_SOS,-100,373,5,373,MABBOB_373,0.22641042006344003,0.24286213817944965,OPYTIMIZER
opy_WEO,-100,359,5,359,MABBOB_359,0.4199529746501668,0.06498570751940459,OPYTIMIZER
opy_EO,-100,1,5,1,MABBOB_1,0.02456024521867501,0.02829856181285797,OPYTIMIZER
opy_RFO,-100,212,5,212,MABBOB_212,0.08431157772929163,0.09935868440183375,OPYTIMIZER
opy_CS,-100,727,5,727,MABBOB_727,0.10484030042482007,0.1407713381174808,OPYTIMIZER
opy_SOS,-100,99,5,99,MABBOB_99,0.222607443348729,0.09114786386762,OPYTIMIZER
opy_QSA,-100,911,5,911,MABBOB_911,0.32876492932733176,0.22292712809323048,OPYTIMIZER
opy_CS,-100,348,5,348,MABBOB_348,0.035779573616356086,0.018101445839984916,OPYTIMIZER
opy_GCO,-100,62,5,62,MABBOB_62,0.523663008020925,0.23310966454342424,OPYTIMIZER
opy_COA,-100,991,5,991,MABBOB_991,0.02904318552105885,0.014584548907478996,OPYTIMIZER
opy_CS,-100,40,5,40,MABBOB_40,0.09917813952461815,0.10491367679226994,OPYTIMIZER
opy_RFO,-100,486,5,486,MABBOB_486,0.1468943934487258,0.0704951254164057,OPYTIMIZER
opy_CS,-100,215,5,215,MABBOB_215,0.32766089068733717,0.21270436705647572,OPYTIMIZER
opy_IWO,-100,116,5,116,MABBOB_116,0.10813240622682807,0.09987939684368788,OPYTIMIZER
opy_QSA,-100,114,5,114,MABBOB_114,0.38305176880530983,0.14749148190914924,OPYTIMIZER
opy_LSA,-100,852,5,852,MABBOB_852,0.047814914906771984,0.02312559633442817,OPYTIMIZER
opy_DE,-100,388,5,388,MABBOB_388,0.1221543946499672,0.09473364046717841,OPYTIMIZER
opy_RPSO,-100,773,5,773,MABBOB_773,0.2974886714910553,0.1453690638322009,OPYTIMIZER
opy_MVPA,-100,207,5,207,MABBOB_207,0.27610633291536285,0.1477785604618961,OPYTIMIZER
opy_RPSO,-100,811,5,811,MABBOB_811,0.046535491607378646,0.01628633517672643,OPYTIMIZER
opy_ABO,-100,811,5,811,MABBOB_811,0.08797095072793389,0.0355106245145708,OPYTIMIZER
opy_LSA,-100,779,5,779,MABBOB_779,0.06497992921947907,0.05433436812670805,OPYTIMIZER
opy_RRA,-100,961,5,961,MABBOB_961,0.20954565775276665,0.12383009073723616,OPYTIMIZER
opy_AOA,-100,491,5,491,MABBOB_491,0.1723194956600297,0.11909763574337415,OPYTIMIZER
opy_SOS,-100,989,5,989,MABBOB_989,0.06507939637587438,0.0737036553367932,OPYTIMIZER
opy_GCO,-100,491,5,491,MABBOB_491,0.27101701429419167,0.20571879684377475,OPYTIMIZER
opy_CS,-100,773,5,773,MABBOB_773,0.45825852083105206,0.25107093466087255,OPYTIMIZER
opy_AEO,-100,335,5,335,MABBOB_335,0.07949237673504503,0.09135730313898832,OPYTIMIZER
opy_GCO,-100,123,5,123,MABBOB_123,0.07374347322976096,0.04391899356257908,OPYTIMIZER
opy_AEO,-100,520,5,520,MABBOB_520,0.1467472715844421,0.12341882715092473,OPYTIMIZER
opy_SSA,-100,67,5,67,MABBOB_67,0.13245622657342665,0.0757421190389835,OPYTIMIZER
opy_QSA,-100,466,5,466,MABBOB_466,0.18804790153532802,0.052600292290021534,OPYTIMIZER
opy_SSA,-100,390,5,390,MABBOB_390,0.06675559564607994,0.0950364532004793,OPYTIMIZER
opy_GA,-100,727,5,727,MABBOB_727,0.09583686673417514,0.1189883173914945,OPYTIMIZER
opy_GCO,-100,991,5,991,MABBOB_991,0.04965588773690781,0.03938485671424419,OPYTIMIZER
opy_ABO,-100,476,5,476,MABBOB_476,0.5570270184222854,0.21499338954423244,OPYTIMIZER
opy_QSA,-100,707,5,707,MABBOB_707,0.3127118804114145,0.17678748769571198,OPYTIMIZER
opy_SAVPSO,-100,44,5,44,MABBOB_44,0.0435644938485487,0.026375532133988213,OPYTIMIZER
opy_CS,-100,629,5,629,MABBOB_629,0.18867894440778538,0.14511621380902986,OPYTIMIZER
opy_IWO,-100,586,5,586,MABBOB_586,0.25082937462703553,0.12728644478067383,OPYTIMIZER
opy_GOA,-100,410,5,410,MABBOB_410,0.03998605238541458,0.049903451445121136,OPYTIMIZER
opy_AEO,-100,418,5,418,MABBOB_418,0.1726194193040727,0.17817901812458567,OPYTIMIZER
opy_DE,-100,1,5,1,MABBOB_1,0.017904613813028523,0.015239959014823645,OPYTIMIZER
opy_CS,-100,695,5,695,MABBOB_695,0.07785782406647777,0.023649251811399253,OPYTIMIZER
opy_RFO,-100,284,5,284,MABBOB_284,0.18147909129318135,0.1410706070549945,OPYTIMIZER
opy_LSA,-100,333,5,333,MABBOB_333,0.022198053599722194,0.010564008664625868,OPYTIMIZER
opy_SAVPSO,-100,687,5,687,MABBOB_687,0.25864282690990265,0.1602118986670536,OPYTIMIZER
opy_SSA,-100,964,5,964,MABBOB_964,0.2082720751269361,0.07310075290264441,OPYTIMIZER
opy_GA,-100,426,5,426,MABBOB_426,0.17311347529549792,0.1426576136144333,OPYTIMIZER
opy_WEO,-100,204,5,204,MABBOB_204,0.09327146126872052,0.08938271426366036,OPYTIMIZER
opy_CS,-100,502,5,502,MABBOB_502,0.2146978452955565,0.07952893560594587,OPYTIMIZER
opy_COA,-100,114,5,114,MABBOB_114,0.3850049785308448,0.15223284668588277,OPYTIMIZER
opy_RFO,-100,246,5,246,MABBOB_246,0.07945449310500732,0.07604942160969093,OPYTIMIZER
opy_TWO,-100,830,5,830,MABBOB_830,0.11014751245194383,0.05537116712607185,OPYTIMIZER
opy_ASO,-100,567,5,567,MABBOB_567,0.06273423026799377,0.027294450225740348,OPYTIMIZER
opy_AEO,-100,662,5,662,MABBOB_662,0.16205417793890992,0.12892585282725266,OPYTIMIZER
opy_MVPA,-100,991,5,991,MABBOB_991,0.05686389207957384,0.06519282210943977,OPYTIMIZER
opy_GCO,-100,147,5,147,MABBOB_147,0.19222503818994666,0.13949670050563623,OPYTIMIZER
opy_SAVPSO,-100,706,5,706,MABBOB_706,0.20444213797441774,0.07476182631811981,OPYTIMIZER
opy_ABO,-100,795,5,795,MABBOB_795,0.2865484397266376,0.1193936944577529,OPYTIMIZER
opy_GCO,-100,848,5,848,MABBOB_848,0.6067832269663131,0.31855737578663385,OPYTIMIZER
opy_BSA,-100,772,5,772,MABBOB_772,0.4809462742179482,0.28335704279555235,OPYTIMIZER
opy_ABO,-100,349,5,349,MABBOB_349,0.3118283947947595,0.08596602933690321,OPYTIMIZER
opy_BSA,-100,964,5,964,MABBOB_964,0.3447960794785044,0.14508538345435268,OPYTIMIZER
opy_BSA,-100,508,5,508,MABBOB_508,0.1915441640525628,0.16569595978976007,OPYTIMIZER
opy_TWO,-100,61,5,61,MABBOB_61,0.11874985178084833,0.052023172311212416,OPYTIMIZER
opy_RPSO,-100,695,5,695,MABBOB_695,0.04195003973665137,0.019738860527665235,OPYTIMIZER
opy_AOA,-100,207,5,207,MABBOB_207,0.41007815350022747,0.12814038868797786,OPYTIMIZER
opy_EO,-100,642,5,642,MABBOB_642,0.050440096800271284,0.0322786295795408,OPYTIMIZER
opy_AOA,-100,714,5,714,MABBOB_714,0.05633631023311188,0.04111593390625054,OPYTIMIZER
opy_DE,-100,103,5,103,MABBOB_103,0.12600726269961562,0.04732880436345807,OPYTIMIZER
opy_IWO,-100,980,5,980,MABBOB_980,0.5056253350108809,0.27689925328069687,OPYTIMIZER
opy_AEO,-100,592,5,592,MABBOB_592,0.3080919965568841,0.08127245212780133,OPYTIMIZER
opy_LSA,-100,876,5,876,MABBOB_876,0.07585734661377108,0.034299825768972725,OPYTIMIZER
opy_SSA,-100,606,5,606,MABBOB_606,0.247679964379894,0.0739297740715521,OPYTIMIZER
opy_RFO,-100,88,5,88,MABBOB_88,0.03652429616627511,0.018329126596941633,OPYTIMIZER
opy_BSA,-100,367,5,367,MABBOB_367,0.4486758250705035,0.34053803929603055,OPYTIMIZER
opy_AOA,-100,329,5,329,MABBOB_329,0.23078914681742774,0.16321646441062157,OPYTIMIZER
opy_DE,-100,709,5,709,MABBOB_709,0.21987619345604603,0.11265876448680384,OPYTIMIZER
opy_SOS,-100,144,5,144,MABBOB_144,0.16699078576820553,0.21991395567537603,OPYTIMIZER
opy_COA,-100,709,5,709,MABBOB_709,0.19487475885844327,0.06923732558253141,OPYTIMIZER
opy_DE,-100,879,5,879,MABBOB_879,0.14981002419570064,0.26694327476125684,OPYTIMIZER
opy_GCO,-100,260,5,260,MABBOB_260,0.29745041143028733,0.10735608488863745,OPYTIMIZER
opy_AEO,-100,508,5,508,MABBOB_508,0.11443786177948176,0.09216279463695835,OPYTIMIZER
opy_RPSO,-100,204,5,204,MABBOB_204,0.05733458903723597,0.04876619769702314,OPYTIMIZER
opy_GA,-100,8,5,8,MABBOB_8,0.12037036086040769,0.05623955778608343,OPYTIMIZER
opy_EO,-100,997,5,997,MABBOB_997,0.05734801696152823,0.03064157526473667,OPYTIMIZER
opy_RRA,-100,989,5,989,MABBOB_989,0.055037173895635005,0.05361506841238391,OPYTIMIZER
opy_BSA,-100,162,5,162,MABBOB_162,0.1573394107368941,0.06959200226249068,OPYTIMIZER
opy_GOA,-100,746,5,746,MABBOB_746,0.1675039957686463,0.036640382376366624,OPYTIMIZER
opy_LSA,-100,192,5,192,MABBOB_192,0.04958666493643394,0.04464620607139448,OPYTIMIZER
opy_DE,-100,565,5,565,MABBOB_565,0.09417005834252422,0.0895482978366838,OPYTIMIZER
opy_COA,-100,530,5,530,MABBOB_530,0.061731926104742915,0.10465210604020853,OPYTIMIZER
opy_COA,-100,865,5,865,MABBOB_865,0.23137282515366753,0.22801318532192322,OPYTIMIZER
opy_GCO,-100,40,5,40,MABBOB_40,0.07576324660431825,0.08162516222919332,OPYTIMIZER
opy_AOA,-100,348,5,348,MABBOB_348,0.03134345170653891,0.012843877877468199,OPYTIMIZER
opy_RPSO,-100,877,5,877,MABBOB_877,0.13875609501636016,0.08300863782165255,OPYTIMIZER
opy_WEO,-100,220,5,220,MABBOB_220,0.4032532318435317,0.139451311244566,OPYTIMIZER
opy_RRA,-100,8,5,8,MABBOB_8,0.10586791847026067,0.05219876869915703,OPYTIMIZER
opy_COA,-100,879,5,879,MABBOB_879,0.1410626145369854,0.24673545039174338,OPYTIMIZER
opy_GA,-100,6,5,6,MABBOB_6,0.17020377148709281,0.048008067399143345,OPYTIMIZER
opy_GOA,-100,713,5,713,MABBOB_713,0.08857368238842486,0.05917494786351189,OPYTIMIZER
opy_AEO,-100,604,5,604,MABBOB_604,0.1167082282573663,0.11717741066240422,OPYTIMIZER
opy_IWO,-100,335,5,335,MABBOB_335,0.1255975487725008,0.1258389702224374,OPYTIMIZER
opy_RRA,-100,810,5,810,MABBOB_810,0.08175565394620199,0.06461522684451938,OPYTIMIZER
opy_RRA,-100,373,5,373,MABBOB_373,0.19558017338482206,0.19541579197523226,OPYTIMIZER
opy_ABO,-100,396,5,396,MABBOB_396,0.22955281946988623,0.17711372428369998,OPYTIMIZER
opy_AEO,-100,440,5,440,MABBOB_440,0.04421931751111942,0.03196444188969375,OPYTIMIZER
opy_EO,-100,870,5,870,MABBOB_870,0.07990198104349978,0.06026357084925006,OPYTIMIZER
opy_RPSO,-100,208,5,208,MABBOB_208,0.08860038801494445,0.062072879797380034,OPYTIMIZER
opy_EO,-100,34,5,34,MABBOB_34,0.07808617589628129,0.05976158631870373,OPYTIMIZER
opy_BSA,-100,204,5,204,MABBOB_204,0.15697616202506484,0.17349569933968736,OPYTIMIZER
opy_ASO,-100,731,5,731,MABBOB_731,0.07599069174935844,0.04392175056062354,OPYTIMIZER
opy_GCO,-100,371,5,371,MABBOB_371,0.21799897334745424,0.14891687453544444,OPYTIMIZER
opy_ABO,-100,608,5,608,MABBOB_608,0.3919076149123029,0.21268054753576185,OPYTIMIZER
opy_ABC,-100,350,5,350,MABBOB_350,0.1663606081955017,0.13035177922385918,OPYTIMIZER
opy_GA,-100,424,5,424,MABBOB_424,0.13278477867337707,0.080370153259149,OPYTIMIZER
opy_MVPA,-100,989,5,989,MABBOB_989,0.08422633686876062,0.10701012166300146,OPYTIMIZER
opy_RPSO,-100,662,5,662,MABBOB_662,0.10333828975042807,0.0820485850054481,OPYTIMIZER
opy_SAVPSO,-100,773,5,773,MABBOB_773,0.28715458938068206,0.097670442176637,OPYTIMIZER
opy_LSA,-100,731,5,731,MABBOB_731,0.04041413288372571,0.018572463516661482,OPYTIMIZER
opy_MVPA,-100,407,5,407,MABBOB_407,0.12138498930031516,0.059812925757295014,OPYTIMIZER
opy_RRA,-100,270,5,270,MABBOB_270,0.22998972329868236,0.19207610528914612,OPYTIMIZER
opy_LSA,-100,864,5,864,MABBOB_864,0.05522540746186538,0.033564032452179676,OPYTIMIZER
opy_EO,-100,349,5,349,MABBOB_349,0.1520683405343261,0.05207922365504794,OPYTIMIZER
opy_WEO,-100,943,5,943,MABBOB_943,0.47636547246667577,0.13285725826910708,OPYTIMIZER
opy_WEO,-100,8,5,8,MABBOB_8,0.2556527394908735,0.1348859168969332,OPYTIMIZER
opy_LSA,-100,575,5,575,MABBOB_575,0.3142096613301021,0.16970326854101506,OPYTIMIZER
opy_AEO,-100,2,5,2,MABBOB_2,0.2912454282567939,0.33796274192497633,OPYTIMIZER
opy_GA,-100,333,5,333,MABBOB_333,0.035597331556561126,0.029745498070945772,OPYTIMIZER
opy_AOA,-100,217,5,217,MABBOB_217,0.180297606696111,0.11764702786035951,OPYTIMIZER
opy_COA,-100,37,5,37,MABBOB_37,0.33511295149063164,0.17096921926079808,OPYTIMIZER
opy_BSA,-100,176,5,176,MABBOB_176,0.4180459018124562,0.15372550439691104,OPYTIMIZER
opy_MVPA,-100,662,5,662,MABBOB_662,0.11852878531598407,0.07883954643349636,OPYTIMIZER
opy_WEO,-100,606,5,606,MABBOB_606,0.3689544052577764,0.14174342002838516,OPYTIMIZER
opy_GCO,-100,865,5,865,MABBOB_865,0.25829028487942596,0.23060930673871588,OPYTIMIZER
opy_GOA,-100,609,5,609,MABBOB_609,0.18744362043594726,0.0964601897981421,OPYTIMIZER
opy_RRA,-100,922,5,922,MABBOB_922,0.37508939464470104,0.10708872120372721,OPYTIMIZER
opy_AEO,-100,411,5,411,MABBOB_411,0.058793304113125874,0.05460472503007267,OPYTIMIZER
opy_ABC,-100,99,5,99,MABBOB_99,0.2876564050757643,0.14416089889850162,OPYTIMIZER
opy_EO,-100,714,5,714,MABBOB_714,0.06371354843289229,0.07659474141628815,OPYTIMIZER
opy_CS,-100,830,5,830,MABBOB_830,0.27623631532862725,0.2089772013579068,OPYTIMIZER
opy_QSA,-100,787,5,787,MABBOB_787,0.13610422155829474,0.07197881357719378,OPYTIMIZER
opy_QSA,-100,181,5,181,MABBOB_181,0.04450456955388302,0.02116595661033748,OPYTIMIZER
opy_CS,-100,852,5,852,MABBOB_852,0.08679336193066048,0.06115808754941675,OPYTIMIZER
opy_ABO,-100,525,5,525,MABBOB_525,0.1783549277589683,0.09041620425825628,OPYTIMIZER
opy_QSA,-100,739,5,739,MABBOB_739,0.04054697184368024,0.011478476421692356,OPYTIMIZER
opy_GCO,-100,359,5,359,MABBOB_359,0.3993216563727692,0.06396961313580915,OPYTIMIZER
opy_IWO,-100,6,5,6,MABBOB_6,0.22618863990573126,0.045269567475311925,OPYTIMIZER
opy_RFO,-100,37,5,37,MABBOB_37,0.16207549255322318,0.06505669958356523,OPYTIMIZER
opy_CS,-100,329,5,329,MABBOB_329,0.19169970867174427,0.20868692060349686,OPYTIMIZER
opy_IWO,-100,248,5,248,MABBOB_248,0.12988820030007725,0.20970946195337298,OPYTIMIZER
opy_GCO,-100,542,5,542,MABBOB_542,0.13039916298752927,0.13433165610458375,OPYTIMIZER
opy_ABO,-100,426,5,426,MABBOB_426,0.2558644599043379,0.21049994003436,OPYTIMIZER
opy_QSA,-100,617,5,617,MABBOB_617,0.2548859461976739,0.2691530428451421,OPYTIMIZER
opy_DE,-100,350,5,350,MABBOB_350,0.07418620533874434,0.0319565166638446,OPYTIMIZER
opy_GCO,-100,114,5,114,MABBOB_114,0.41179890140253067,0.19859509875698567,OPYTIMIZER
opy_GCO,-100,26,5,26,MABBOB_26,0.33525667582810037,0.3900571436948991,OPYTIMIZER
opy_ASO,-100,367,5,367,MABBOB_367,0.46844042657876905,0.32644824272549444,OPYTIMIZER
opy_DE,-100,188,5,188,MABBOB_188,0.1204141286381227,0.09640421594710422,OPYTIMIZER
opy_SSA,-100,618,5,618,MABBOB_618,0.18522531239268147,0.058098317829960174,OPYTIMIZER
opy_COA,-100,980,5,980,MABBOB_980,0.3215132469959677,0.1902945180330432,OPYTIMIZER
opy_SAVPSO,-100,887,5,887,MABBOB_887,0.16900340698819155,0.0654065614928463,OPYTIMIZER
opy_MVPA,-100,523,5,523,MABBOB_523,0.042660601099750776,0.026081989850450734,OPYTIMIZER
opy_RRA,-100,706,5,706,MABBOB_706,0.2519924310435071,0.09146564204115512,OPYTIMIZER
opy_EO,-100,494,5,494,MABBOB_494,0.04777033543373296,0.05170333818597086,OPYTIMIZER
opy_RFO,-100,82,5,82,MABBOB_82,0.07748061739649316,0.024743315800449178,OPYTIMIZER
opy_ABC,-100,677,5,677,MABBOB_677,0.2200260700930353,0.08605841002040156,OPYTIMIZER
opy_RFO,-100,961,5,961,MABBOB_961,0.21577745153288083,0.1377738837871714,OPYTIMIZER
opy_ABC,-100,103,5,103,MABBOB_103,0.1481139607548701,0.08563206326662155,OPYTIMIZER
opy_MVPA,-100,361,5,361,MABBOB_361,0.32974814736485547,0.10248799102773565,OPYTIMIZER
opy_SSA,-100,426,5,426,MABBOB_426,0.1912898855566194,0.12905338812302675,OPYTIMIZER
opy_DE,-100,360,5,360,MABBOB_360,0.19344591811682962,0.17825575270907051,OPYTIMIZER
opy_AEO,-100,922,5,922,MABBOB_922,0.306188482404696,0.06927293164903431,OPYTIMIZER
opy_RFO,-100,989,5,989,MABBOB_989,0.06877845994538974,0.0860187275599013,OPYTIMIZER
opy_LSA,-100,586,5,586,MABBOB_586,0.15181144282368172,0.09987008020359064,OPYTIMIZER
opy_SSA,-100,876,5,876,MABBOB_876,0.0940819982903736,0.07828017490159535,OPYTIMIZER
opy_AOA,-100,811,5,811,MABBOB_811,0.11499514981363168,0.06337943459061328,OPYTIMIZER
opy_LSA,-100,769,5,769,MABBOB_769,0.1737740766811869,0.17515652098343643,OPYTIMIZER
opy_EO,-100,689,5,689,MABBOB_689,0.020094500290524137,0.011921390471721064,OPYTIMIZER
opy_BSA,-100,688,5,688,MABBOB_688,0.14656815988372268,0.0849712522174376,OPYTIMIZER
opy_RPSO,-100,116,5,116,MABBOB_116,0.02792701628416333,0.014247481738208534,OPYTIMIZER
opy_ABO,-100,246,5,246,MABBOB_246,0.14956654883055648,0.15134018238128114,OPYTIMIZER
opy_BSA,-100,569,5,569,MABBOB_569,0.3418965446400889,0.16296571136458235,OPYTIMIZER
opy_COA,-100,367,5,367,MABBOB_367,0.28172553026885394,0.1768018678326965,OPYTIMIZER
opy_IWO,-100,149,5,149,MABBOB_149,0.4754978115701764,0.30380715548709336,OPYTIMIZER
opy_BSA,-100,997,5,997,MABBOB_997,0.15025318316406755,0.11302466086091426,OPYTIMIZER
opy_SSA,-100,270,5,270,MABBOB_270,0.26717415931765,0.1683844239247827,OPYTIMIZER
opy_EO,-100,519,5,519,MABBOB_519,0.25045369031927295,0.15387988412099946,OPYTIMIZER
opy_SSA,-100,329,5,329,MABBOB_329,0.22059955876426068,0.24736927184982463,OPYTIMIZER
opy_QSA,-100,220,5,220,MABBOB_220,0.3810275719284492,0.24315036034834034,OPYTIMIZER
opy_GOA,-100,877,5,877,MABBOB_877,0.15731608235814426,0.08617852047415314,OPYTIMIZER
opy_WEO,-100,74,5,74,MABBOB_74,0.1003406325675634,0.1522114903197146,OPYTIMIZER
opy_MVPA,-100,419,5,419,MABBOB_419,0.18894324802558274,0.1331939295180939,OPYTIMIZER
opy_GA,-100,88,5,88,MABBOB_88,0.04082875016301163,0.01845179571528356,OPYTIMIZER
opy_RRA,-100,327,5,327,MABBOB_327,0.16677499644192284,0.0859028384507707,OPYTIMIZER
opy_LSA,-100,788,5,788,MABBOB_788,0.049662005961845675,0.0319323240222172,OPYTIMIZER
opy_MVPA,-100,268,5,268,MABBOB_268,0.19111187463318258,0.056742898164223614,OPYTIMIZER
opy_RFO,-100,836,5,836,MABBOB_836,0.19732460537455151,0.11700493159490903,OPYTIMIZER
opy_IWO,-100,508,5,508,MABBOB_508,0.16914149640783194,0.1697448698967764,OPYTIMIZER
opy_GCO,-100,870,5,870,MABBOB_870,0.20278318862221703,0.17016758483775768,OPYTIMIZER
opy_COA,-100,144,5,144,MABBOB_144,0.19325429517857354,0.2404949389917084,OPYTIMIZER
opy_SOS,-100,115,5,115,MABBOB_115,0.1553709379517044,0.060392127344087713,OPYTIMIZER
opy_ASO,-100,349,5,349,MABBOB_349,0.3907108666497764,0.10641136425554273,OPYTIMIZER
opy_SOS,-100,466,5,466,MABBOB_466,0.15402074738592653,0.044836846761175046,OPYTIMIZER
opy_SSA,-100,464,5,464,MABBOB_464,0.21511659070812353,0.06775385723256701,OPYTIMIZER
opy_LSA,-100,671,5,671,MABBOB_671,0.13539528449679686,0.0612991080893197,OPYTIMIZER
opy_ASO,-100,706,5,706,MABBOB_706,0.4059922674845217,0.15677374598265337,OPYTIMIZER
opy_ABO,-100,565,5,565,MABBOB_565,0.09838710367913751,0.06267512346679847,OPYTIMIZER
opy_ABO,-100,646,5,646,MABBOB_646,0.21778344576195358,0.17630228222140595,OPYTIMIZER
opy_GCO,-100,190,5,190,MABBOB_190,0.07971434587297052,0.0913648662504586,OPYTIMIZER
opy_RPSO,-100,763,5,763,MABBOB_763,0.0958785701601909,0.1407560547131347,OPYTIMIZER
opy_AOA,-100,456,5,456,MABBOB_456,0.017630768521353198,0.0070669440110739295,OPYTIMIZER
opy_GOA,-100,707,5,707,MABBOB_707,0.27189874548362564,0.18630907303797647,OPYTIMIZER
opy_CS,-100,359,5,359,MABBOB_359,0.40202839224650955,0.08008525803551389,OPYTIMIZER
opy_LSA,-100,662,5,662,MABBOB_662,0.11244563598955123,0.08578970019214682,OPYTIMIZER
opy_SOS,-100,891,5,891,MABBOB_891,0.2746532071428483,0.09055619694963668,OPYTIMIZER
opy_WEO,-100,975,5,975,MABBOB_975,0.28031328083962614,0.18577245766331266,OPYTIMIZER
opy_RFO,-100,689,5,689,MABBOB_689,0.020182687836704,0.011330536753772597,OPYTIMIZER
opy_SOS,-100,33,5,33,MABBOB_33,0.12380594855105904,0.11475858372156594,OPYTIMIZER
opy_RPSO,-100,618,5,618,MABBOB_618,0.12372971167814602,0.043581427317820776,OPYTIMIZER
opy_ABC,-100,368,5,368,MABBOB_368,0.1057657237440546,0.13019864064361816,OPYTIMIZER
opy_TWO,-100,82,5,82,MABBOB_82,0.05251170753002197,0.02532710816885808,OPYTIMIZER
opy_GOA,-100,964,5,964,MABBOB_964,0.15972162042362742,0.1242145079392895,OPYTIMIZER
opy_RFO,-100,182,5,182,MABBOB_182,0.12055099060466405,0.06645117679154146,OPYTIMIZER
opy_EO,-100,618,5,618,MABBOB_618,0.10074576666822717,0.0394635639006144,OPYTIMIZER
opy_GCO,-100,88,5,88,MABBOB_88,0.042443500984299706,0.015215641870063145,OPYTIMIZER
opy_RPSO,-100,371,5,371,MABBOB_371,0.16983501771215967,0.14913278121509912,OPYTIMIZER
opy_ASO,-100,51,5,51,MABBOB_51,0.12444262024061581,0.12979345097985986,OPYTIMIZER
opy_ASO,-100,176,5,176,MABBOB_176,0.40842956759489335,0.15431029197802584,OPYTIMIZER
opy_BSA,-100,270,5,270,MABBOB_270,0.485997600652639,0.2806543889158599,OPYTIMIZER
opy_TWO,-100,798,5,798,MABBOB_798,0.2528397450006664,0.09839413378818061,OPYTIMIZER
opy_GA,-100,486,5,486,MABBOB_486,0.1814661898855298,0.100878842076699,OPYTIMIZER
opy_WEO,-100,330,5,330,MABBOB_330,0.39243129438912405,0.21692575853743717,OPYTIMIZER
opy_RRA,-100,34,5,34,MABBOB_34,0.15454248013378966,0.12742273186682937,OPYTIMIZER
opy_IWO,-100,346,5,346,MABBOB_346,0.07389349036086452,0.05810495295263055,OPYTIMIZER
opy_WEO,-100,464,5,464,MABBOB_464,0.3240017049937882,0.10219015006784492,OPYTIMIZER
opy_AEO,-100,324,5,324,MABBOB_324,0.10307715051773832,0.09824116974246583,OPYTIMIZER
opy_EO,-100,423,5,423,MABBOB_423,0.07653621344392898,0.05785780785430313,OPYTIMIZER
opy_WEO,-100,371,5,371,MABBOB_371,0.2657814145912107,0.15627481239040003,OPYTIMIZER
opy_SSA,-100,569,5,569,MABBOB_569,0.09691282305109573,0.03078086034943895,OPYTIMIZER
opy_CS,-100,305,5,305,MABBOB_305,0.26767597822571676,0.1274441697868853,OPYTIMIZER
opy_GOA,-100,565,5,565,MABBOB_565,0.09365200270516913,0.07656498904100445,OPYTIMIZER
opy_ASO,-100,646,5,646,MABBOB_646,0.3233670769633142,0.22822457159105028,OPYTIMIZER
opy_ABO,-100,520,5,520,MABBOB_520,0.17852291058675449,0.10951364423659793,OPYTIMIZER
opy_EO,-100,333,5,333,MABBOB_333,0.024326046568252234,0.012472516498121129,OPYTIMIZER
opy_AEO,-100,949,5,949,MABBOB_949,0.0896614695082569,0.10207467845770762,OPYTIMIZER
opy_SAVPSO,-100,523,5,523,MABBOB_523,0.04079619146521023,0.021471500518863883,OPYTIMIZER
opy_RPSO,-100,592,5,592,MABBOB_592,0.18504104248087389,0.07837548652012474,OPYTIMIZER
opy_AOA,-100,367,5,367,MABBOB_367,0.31263167516257734,0.2312106110009075,OPYTIMIZER
opy_QSA,-100,901,5,901,MABBOB_901,0.15296295396481266,0.12561123622783618,OPYTIMIZER
opy_RPSO,-100,855,5,855,MABBOB_855,0.05528030911840456,0.02883391139630988,OPYTIMIZER
opy_ABO,-100,305,5,305,MABBOB_305,0.2927234302264601,0.14769903793052583,OPYTIMIZER
opy_LSA,-100,116,5,116,MABBOB_116,0.057272193141312065,0.06291722107984045,OPYTIMIZER
opy_DE,-100,344,5,344,MABBOB_344,0.0806434159418315,0.014461489545994742,OPYTIMIZER
opy_QSA,-100,266,5,266,MABBOB_266,0.4992206103379429,0.3548835293781981,OPYTIMIZER
opy_COA,-100,217,5,217,MABBOB_217,0.23734712285996604,0.1261820609107079,OPYTIMIZER
opy_MVPA,-100,390,5,390,MABBOB_390,0.03450602408260301,0.028348050435930295,OPYTIMIZER
opy_QSA,-100,536,5,536,MABBOB_536,0.26828005147316214,0.13450774450329073,OPYTIMIZER
opy_SOS,-100,221,5,221,MABBOB_221,0.1735719159529481,0.1337392140899656,OPYTIMIZER
opy_RFO,-100,680,5,680,MABBOB_680,0.1009610962304149,0.08145514241785108,OPYTIMIZER
opy_RPSO,-100,451,5,451,MABBOB_451,0.01887795249495981,0.012820164240786705,OPYTIMIZER
opy_EO,-100,445,5,445,MABBOB_445,0.06342601523425309,0.01984020489026872,OPYTIMIZER
opy_ABO,-100,359,5,359,MABBOB_359,0.388853596590156,0.08607921231722358,OPYTIMIZER
opy_QSA,-100,208,5,208,MABBOB_208,0.13162674243878228,0.0969353177368068,OPYTIMIZER
opy_CS,-100,346,5,346,MABBOB_346,0.05638905141104428,0.045286261554801276,OPYTIMIZER
opy_SAVPSO,-100,61,5,61,MABBOB_61,0.10013689211894931,0.014785497060118823,OPYTIMIZER
opy_SAVPSO,-100,37,5,37,MABBOB_37,0.14006651227682973,0.07467969731629209,OPYTIMIZER
opy_AOA,-100,103,5,103,MABBOB_103,0.13105045222370545,0.14056845668335655,OPYTIMIZER
opy_ASO,-100,741,5,741,MABBOB_741,0.2465635399302367,0.2559086910893775,OPYTIMIZER
opy_SSA,-100,731,5,731,MABBOB_731,0.060678768985043985,0.03972929274972589,OPYTIMIZER
opy_LSA,-100,604,5,604,MABBOB_604,0.1064808206796696,0.1081893502223549,OPYTIMIZER
opy_GCO,-100,388,5,388,MABBOB_388,0.16904261627190095,0.08402618012476643,OPYTIMIZER
opy_RFO,-100,657,5,657,MABBOB_657,0.3185978676522393,0.08373164444061318,OPYTIMIZER
opy_EO,-100,424,5,424,MABBOB_424,0.08933975918920681,0.05502485332235579,OPYTIMIZER
opy_ABO,-100,764,5,764,MABBOB_764,0.05494558210886839,0.03123088063806078,OPYTIMIZER
opy_DE,-100,423,5,423,MABBOB_423,0.1466500581799372,0.1317060551696721,OPYTIMIZER
opy_MVPA,-100,773,5,773,MABBOB_773,0.2919207599168405,0.1536873619549064,OPYTIMIZER
opy_ASO,-100,949,5,949,MABBOB_949,0.1194889930675003,0.1570389266669664,OPYTIMIZER
opy_AOA,-100,606,5,606,MABBOB_606,0.26546199390628544,0.07597929296077444,OPYTIMIZER
opy_SAVPSO,-100,586,5,586,MABBOB_586,0.1287218341627928,0.08448952909059516,OPYTIMIZER
opy_RPSO,-100,954,5,954,MABBOB_954,0.1281264126407084,0.18056298764783069,OPYTIMIZER
opy_ABO,-100,118,5,118,MABBOB_118,0.15950500986241928,0.22453813340654308,OPYTIMIZER
opy_CS,-100,491,5,491,MABBOB_491,0.24574633842925958,0.1789103076980537,OPYTIMIZER
opy_RPSO,-100,123,5,123,MABBOB_123,0.11241686991580871,0.08030346672830016,OPYTIMIZER
opy_GOA,-100,466,5,466,MABBOB_466,0.17586248267079924,0.058895139790507346,OPYTIMIZER
opy_GCO,-100,264,5,264,MABBOB_264,0.17617924182032935,0.08396222476206097,OPYTIMIZER
opy_BSA,-100,689,5,689,MABBOB_689,0.07217527420279575,0.0821688124193059,OPYTIMIZER
opy_TWO,-100,305,5,305,MABBOB_305,0.12354903391514416,0.05754194021305155,OPYTIMIZER
opy_LSA,-100,203,5,203,MABBOB_203,0.14182104338336318,0.11578720055293924,OPYTIMIZER
opy_LSA,-100,609,5,609,MABBOB_609,0.16238998599178617,0.06623420897429536,OPYTIMIZER
opy_AOA,-100,592,5,592,MABBOB_592,0.2850230752908464,0.14133862123763388,OPYTIMIZER
opy_AOA,-100,964,5,964,MABBOB_964,0.27409589271912616,0.12454364023871327,OPYTIMIZER
opy_ABO,-100,741,5,741,MABBOB_741,0.129851597945487,0.11182490087709529,OPYTIMIZER
opy_LSA,-100,418,5,418,MABBOB_418,0.15187316727264952,0.14632162006923988,OPYTIMIZER
opy_SAVPSO,-100,906,5,906,MABBOB_906,0.038650891116141076,0.036590652606538564,OPYTIMIZER
opy_SOS,-100,482,5,482,MABBOB_482,0.18118332078985047,0.03420690137433104,OPYTIMIZER
opy_ABC,-100,688,5,688,MABBOB_688,0.1394373014313622,0.09507241803117523,OPYTIMIZER
opy_LSA,-100,103,5,103,MABBOB_103,0.08671134837590042,0.05271100500847116,OPYTIMIZER
opy_ABC,-100,709,5,709,MABBOB_709,0.1857168059671392,0.08481279868958108,OPYTIMIZER
opy_ASO,-100,329,5,329,MABBOB_329,0.2630203231372553,0.23351822424358926,OPYTIMIZER
opy_QSA,-100,440,5,440,MABBOB_440,0.05998802103237431,0.04748818955875284,OPYTIMIZER
opy_SOS,-100,368,5,368,MABBOB_368,0.1141053732283676,0.1760045517854768,OPYTIMIZER
opy_WEO,-100,99,5,99,MABBOB_99,0.38067888430294483,0.23649040521389783,OPYTIMIZER
opy_GCO,-100,400,5,400,MABBOB_400,0.6081415402089869,0.1118733094716061,OPYTIMIZER
opy_ASO,-100,324,5,324,MABBOB_324,0.16192379275163574,0.12850962427214346,OPYTIMIZER
opy_AEO,-100,848,5,848,MABBOB_848,0.39250885743174263,0.21731898224600452,OPYTIMIZER
opy_AOA,-100,769,5,769,MABBOB_769,0.26187672933380185,0.26444356093271765,OPYTIMIZER
opy_LSA,-100,855,5,855,MABBOB_855,0.11343737390542172,0.09611296442790061,OPYTIMIZER
opy_WEO,-100,61,5,61,MABBOB_61,0.33693519208186495,0.14083581346084934,OPYTIMIZER
opy_QSA,-100,756,5,756,MABBOB_756,0.3129711505985786,0.15426125802794938,OPYTIMIZER
opy_GCO,-100,575,5,575,MABBOB_575,0.4829490666256245,0.29378188937196936,OPYTIMIZER
opy_MVPA,-100,830,5,830,MABBOB_830,0.1292266856753047,0.0821336439168949,OPYTIMIZER
opy_BSA,-100,844,5,844,MABBOB_844,0.22759348049190678,0.20396473566931006,OPYTIMIZER
opy_ABO,-100,606,5,606,MABBOB_606,0.30943585414355235,0.09082562304952708,OPYTIMIZER
opy_ABC,-100,246,5,246,MABBOB_246,0.13680035129037238,0.1366176162406073,OPYTIMIZER
opy_COA,-100,182,5,182,MABBOB_182,0.1539849913417004,0.05478719691411182,OPYTIMIZER
opy_DE,-100,608,5,608,MABBOB_608,0.4201793593625046,0.26599150757587914,OPYTIMIZER
opy_MVPA,-100,221,5,221,MABBOB_221,0.17367992321804043,0.14434337270588787,OPYTIMIZER
opy_TWO,-100,639,5,639,MABBOB_639,0.12830951187429915,0.02716643966160735,OPYTIMIZER
opy_WEO,-100,508,5,508,MABBOB_508,0.19443844584595565,0.1774217158953909,OPYTIMIZER
opy_BSA,-100,536,5,536,MABBOB_536,0.3205083825199068,0.15173231890804303,OPYTIMIZER
opy_SAVPSO,-100,418,5,418,MABBOB_418,0.11283465466791606,0.09369095490396946,OPYTIMIZER
opy_RPSO,-100,657,5,657,MABBOB_657,0.28646362622156946,0.06567384881891103,OPYTIMIZER
opy_SSA,-100,855,5,855,MABBOB_855,0.15014060435670107,0.1070175476457606,OPYTIMIZER
opy_SSA,-100,170,5,170,MABBOB_170,0.04221303493746374,0.029311995475873397,OPYTIMIZER
opy_RFO,-100,997,5,997,MABBOB_997,0.06800489211795598,0.02739680418436143,OPYTIMIZER
opy_GA,-100,411,5,411,MABBOB_411,0.06291391539383809,0.06028857358403332,OPYTIMIZER
opy_RFO,-100,192,5,192,MABBOB_192,0.09609135818899314,0.06951177344699921,OPYTIMIZER
opy_LSA,-100,608,5,608,MABBOB_608,0.302231768842568,0.14274612039049872,OPYTIMIZER
opy_WEO,-100,368,5,368,MABBOB_368,0.21172094676191172,0.3148164134742749,OPYTIMIZER
opy_IWO,-100,388,5,388,MABBOB_388,0.2255504819512575,0.1602051501584571,OPYTIMIZER
opy_ABC,-100,491,5,491,MABBOB_491,0.258496182112725,0.19872234472695738,OPYTIMIZER
opy_DE,-100,37,5,37,MABBOB_37,0.3417033839524377,0.20247997816074284,OPYTIMIZER
opy_RRA,-100,220,5,220,MABBOB_220,0.27301758497580647,0.1633992505661768,OPYTIMIZER
opy_SOS,-100,67,5,67,MABBOB_67,0.1322588779432206,0.06523652746340353,OPYTIMIZER
opy_TWO,-100,878,5,878,MABBOB_878,0.10528191716623321,0.02423481074827888,OPYTIMIZER
opy_EO,-100,887,5,887,MABBOB_887,0.16466303008053754,0.07111967818466945,OPYTIMIZER
opy_DE,-100,349,5,349,MABBOB_349,0.33257334429859214,0.10373756466270974,OPYTIMIZER
opy_LSA,-100,502,5,502,MABBOB_502,0.11092899373942991,0.05112742287307485,OPYTIMIZER
opy_RRA,-100,991,5,991,MABBOB_991,0.06391543814609349,0.0335577288986032,OPYTIMIZER
opy_QSA,-100,759,5,759,MABBOB_759,0.3516727187120926,0.07763545722170447,OPYTIMIZER
opy_SAVPSO,-100,317,5,317,MABBOB_317,0.08235240417154,0.06750727997341652,OPYTIMIZER
opy_BSA,-100,773,5,773,MABBOB_773,0.531822127368975,0.2949060651751069,OPYTIMIZER
opy_QSA,-100,592,5,592,MABBOB_592,0.4426447566904944,0.21332302664421907,OPYTIMIZER
opy_ABC,-100,529,5,529,MABBOB_529,0.0693265992741088,0.026075156539463476,OPYTIMIZER
opy_CS,-100,405,5,405,MABBOB_405,0.13427489274143728,0.052795613249239065,OPYTIMIZER
opy_WEO,-100,26,5,26,MABBOB_26,0.4148006501355151,0.4781515371847674,OPYTIMIZER
opy_RRA,-100,410,5,410,MABBOB_410,0.04891963956736091,0.06332635326868455,OPYTIMIZER
opy_GA,-100,646,5,646,MABBOB_646,0.13530503268904773,0.0966758761487499,OPYTIMIZER
opy_COA,-100,982,5,982,MABBOB_982,0.02150907450988872,0.006504568775184543,OPYTIMIZER
opy_QSA,-100,555,5,555,MABBOB_555,0.31521676787282094,0.2160387308913028,OPYTIMIZER
opy_RRA,-100,415,5,415,MABBOB_415,0.24933539675392638,0.2076600839394035,OPYTIMIZER
opy_ASO,-100,73,5,73,MABBOB_73,0.30096972928301574,0.16224702441456798,OPYTIMIZER
opy_COA,-100,212,5,212,MABBOB_212,0.13076808429762365,0.14804955844796802,OPYTIMIZER
opy_IWO,-100,699,5,699,MABBOB_699,0.26265808735022117,0.18664740471416363,OPYTIMIZER
opy_COA,-100,149,5,149,MABBOB_149,0.2400493583487749,0.08878510735932903,OPYTIMIZER
opy_DE,-100,34,5,34,MABBOB_34,0.15343536367672697,0.1303648406525205,OPYTIMIZER
opy_GCO,-100,812,5,812,MABBOB_812,0.1048299954653638,0.0285928816204176,OPYTIMIZER
opy_LSA,-100,764,5,764,MABBOB_764,0.03241648285857906,0.023714983239919833,OPYTIMIZER
opy_AOA,-100,445,5,445,MABBOB_445,0.17285360550893408,0.04866178964905259,OPYTIMIZER
opy_SOS,-100,707,5,707,MABBOB_707,0.19957684624440802,0.0884225117436625,OPYTIMIZER
opy_DE,-100,6,5,6,MABBOB_6,0.21406146792531225,0.04170928017723113,OPYTIMIZER
opy_GA,-100,359,5,359,MABBOB_359,0.3146052347473834,0.06339824995128994,OPYTIMIZER
opy_GOA,-100,529,5,529,MABBOB_529,0.05513420698578908,0.04309900348632688,OPYTIMIZER
opy_IWO,-100,738,5,738,MABBOB_738,0.3043155147219887,0.3571425956855704,OPYTIMIZER
opy_MVPA,-100,456,5,456,MABBOB_456,0.015644559872307368,0.006432919250898113,OPYTIMIZER
opy_SSA,-100,906,5,906,MABBOB_906,0.09260821057495432,0.08153579126550167,OPYTIMIZER
opy_COA,-100,577,5,577,MABBOB_577,0.21091073670294244,0.11376939677830002,OPYTIMIZER
opy_TWO,-100,558,5,558,MABBOB_558,0.09729944361645715,0.062132761189866645,OPYTIMIZER
opy_DE,-100,410,5,410,MABBOB_410,0.027517790966176996,0.017598668034466466,OPYTIMIZER
opy_EO,-100,695,5,695,MABBOB_695,0.03493078306868185,0.016177258781738035,OPYTIMIZER
opy_RPSO,-100,609,5,609,MABBOB_609,0.17097478475133998,0.08137660242307922,OPYTIMIZER
opy_CS,-100,798,5,798,MABBOB_798,0.346222295575739,0.10960659316755637,OPYTIMIZER
opy_RFO,-100,482,5,482,MABBOB_482,0.19076672529857905,0.04950927405802013,OPYTIMIZER
opy_SOS,-100,906,5,906,MABBOB_906,0.05228863452757412,0.06756964582172362,OPYTIMIZER
opy_MVPA,-100,113,5,113,MABBOB_113,0.11821162765355,0.13036850942681869,OPYTIMIZER
opy_RRA,-100,317,5,317,MABBOB_317,0.10149093902680892,0.08099005370220262,OPYTIMIZER
opy_SOS,-100,943,5,943,MABBOB_943,0.3068913592244263,0.09802379843334004,OPYTIMIZER
opy_AOA,-100,419,5,419,MABBOB_419,0.1490211103548255,0.06641057582349928,OPYTIMIZER
opy_COA,-100,677,5,677,MABBOB_677,0.20940777648850464,0.09482069659754035,OPYTIMIZER
opy_AEO,-100,259,5,259,MABBOB_259,0.05383836671881853,0.033774363534283744,OPYTIMIZER
opy_BSA,-100,387,5,387,MABBOB_387,0.0849817376879195,0.08358861966140138,OPYTIMIZER
opy_EO,-100,371,5,371,MABBOB_371,0.1395734631778803,0.1009294791954856,OPYTIMIZER
opy_LSA,-100,707,5,707,MABBOB_707,0.15092448759647742,0.07350565622046693,OPYTIMIZER
opy_IWO,-100,410,5,410,MABBOB_410,0.02611532224754116,0.018895850124025074,OPYTIMIZER
opy_AEO,-100,333,5,333,MABBOB_333,0.024373250851420093,0.011103446982025703,OPYTIMIZER
opy_SSA,-100,476,5,476,MABBOB_476,0.3494784243926936,0.11797161861149119,OPYTIMIZER
opy_MVPA,-100,783,5,783,MABBOB_783,0.10867146598495707,0.09567794451901954,OPYTIMIZER
opy_EO,-100,461,5,461,MABBOB_461,0.05054995970588481,0.02561401314919904,OPYTIMIZER
opy_IWO,-100,523,5,523,MABBOB_523,0.09615116444052771,0.05210983198793329,OPYTIMIZER
opy_SOS,-100,699,5,699,MABBOB_699,0.111818342075145,0.06213998361889921,OPYTIMIZER
opy_TWO,-100,390,5,390,MABBOB_390,0.024277128463960535,0.01977132814824599,OPYTIMIZER
opy_SSA,-100,898,5,898,MABBOB_898,0.08687096794978054,0.12118590353729577,OPYTIMIZER
opy_QSA,-100,215,5,215,MABBOB_215,0.3388671261582456,0.2218771057364707,OPYTIMIZER
opy_WEO,-100,878,5,878,MABBOB_878,0.3270009787136722,0.07271235282758412,OPYTIMIZER
opy_LSA,-100,642,5,642,MABBOB_642,0.06381644759508533,0.04237845831165378,OPYTIMIZER
opy_ABC,-100,123,5,123,MABBOB_123,0.18412900047749545,0.13131964734763132,OPYTIMIZER
opy_IWO,-100,759,5,759,MABBOB_759,0.37092333961244084,0.10859329808584343,OPYTIMIZER
opy_GOA,-100,51,5,51,MABBOB_51,0.03279203953764457,0.020513587698902935,OPYTIMIZER
opy_GCO,-100,830,5,830,MABBOB_830,0.28710072161573813,0.2080306708988241,OPYTIMIZER
opy_GOA,-100,617,5,617,MABBOB_617,0.20484621784690674,0.212182369329494,OPYTIMIZER
opy_DE,-100,415,5,415,MABBOB_415,0.3931197780326115,0.32460103460775375,OPYTIMIZER
opy_RFO,-100,864,5,864,MABBOB_864,0.07038350684595758,0.05075819416836812,OPYTIMIZER
opy_EO,-100,508,5,508,MABBOB_508,0.07974393082317098,0.06407534879408988,OPYTIMIZER
opy_MVPA,-100,246,5,246,MABBOB_246,0.07550879824088189,0.06940274309320266,OPYTIMIZER
opy_ASO,-100,368,5,368,MABBOB_368,0.2343933558591103,0.3598256273308639,OPYTIMIZER
opy_ABC,-100,73,5,73,MABBOB_73,0.27058287410947673,0.14654277041732705,OPYTIMIZER
opy_MVPA,-100,878,5,878,MABBOB_878,0.13218489090821067,0.05494470115025321,OPYTIMIZER
opy_AEO,-100,997,5,997,MABBOB_997,0.12731458453806369,0.10000515010972452,OPYTIMIZER
opy_AOA,-100,898,5,898,MABBOB_898,0.105397870853521,0.1392366626951522,OPYTIMIZER
opy_CS,-100,220,5,220,MABBOB_220,0.43302625928254146,0.2871192681711023,OPYTIMIZER
opy_ABC,-100,878,5,878,MABBOB_878,0.2008278035384099,0.07384473919994824,OPYTIMIZER
opy_COA,-100,528,5,528,MABBOB_528,0.03796226662883216,0.028714877740977453,OPYTIMIZER
opy_WEO,-100,798,5,798,MABBOB_798,0.41907214197547826,0.15337133807974285,OPYTIMIZER
opy_EO,-100,162,5,162,MABBOB_162,0.08002933486210233,0.024202808544405943,OPYTIMIZER
opy_WEO,-100,950,5,950,MABBOB_950,0.24521974164425622,0.13336178126298895,OPYTIMIZER
opy_GCO,-100,373,5,373,MABBOB_373,0.30961976711794936,0.34370792293568553,OPYTIMIZER
opy_GCO,-100,887,5,887,MABBOB_887,0.5173610646499898,0.23209985442093262,OPYTIMIZER
opy_GCO,-100,1,5,1,MABBOB_1,0.016517195583586285,0.01260558281946205,OPYTIMIZER
opy_RPSO,-100,476,5,476,MABBOB_476,0.34776708792817784,0.149850530017013,OPYTIMIZER
opy_CS,-100,761,5,761,MABBOB_761,0.12317940920525591,0.035863108537613424,OPYTIMIZER
opy_RRA,-100,324,5,324,MABBOB_324,0.06781239266683417,0.047954010349770045,OPYTIMIZER
opy_COA,-100,116,5,116,MABBOB_116,0.06935233555090359,0.05402234217118912,OPYTIMIZER
opy_ABC,-100,208,5,208,MABBOB_208,0.11766768541829539,0.07896716739459608,OPYTIMIZER
opy_ABO,-100,243,5,243,MABBOB_243,0.02504886221672815,0.0180865354747842,OPYTIMIZER
opy_GOA,-100,949,5,949,MABBOB_949,0.12085950435470028,0.06898659136112022,OPYTIMIZER
opy_QSA,-100,954,5,954,MABBOB_954,0.12877783980063548,0.18617872326816934,OPYTIMIZER
opy_SSA,-100,368,5,368,MABBOB_368,0.16042829099577965,0.23508538694712824,OPYTIMIZER
opy_ASO,-100,220,5,220,MABBOB_220,0.4379240579547211,0.28397937641397697,OPYTIMIZER
opy_GA,-100,61,5,61,MABBOB_61,0.24204802098998063,0.12188782649475707,OPYTIMIZER
opy_MVPA,-100,346,5,346,MABBOB_346,0.026529668168639265,0.019146817081260595,OPYTIMIZER
opy_RRA,-100,508,5,508,MABBOB_508,0.10324168203498989,0.07505423233474161,OPYTIMIZER
opy_CS,-100,901,5,901,MABBOB_901,0.13672841022544394,0.07730993735752456,OPYTIMIZER
opy_ABC,-100,324,5,324,MABBOB_324,0.1272865491358489,0.11963783167622424,OPYTIMIZER
opy_LSA,-100,388,5,388,MABBOB_388,0.08768125647203176,0.05814805999585577,OPYTIMIZER
opy_IWO,-100,423,5,423,MABBOB_423,0.1678996510024129,0.13081703356832106,OPYTIMIZER
opy_RPSO,-100,421,5,421,MABBOB_421,0.11002476265497085,0.06435158121044045,OPYTIMIZER
opy_SOS,-100,980,5,980,MABBOB_980,0.19764883485371804,0.1260212510571399,OPYTIMIZER
opy_QSA,-100,445,5,445,MABBOB_445,0.09571733292331466,0.012020203102864379,OPYTIMIZER
opy_SSA,-100,887,5,887,MABBOB_887,0.19922424111292894,0.05313754997384972,OPYTIMIZER
opy_SAVPSO,-100,827,5,827,MABBOB_827,0.1203031085965736,0.05413253370166138,OPYTIMIZER
opy_MVPA,-100,115,5,115,MABBOB_115,0.11216376366607536,0.06344176420855849,OPYTIMIZER
opy_IWO,-100,349,5,349,MABBOB_349,0.3466197088816978,0.07932015231922536,OPYTIMIZER
opy_ABC,-100,919,5,919,MABBOB_919,0.31333087839318213,0.1836340543720933,OPYTIMIZER
opy_SAVPSO,-100,764,5,764,MABBOB_764,0.0313442381974815,0.021758059257787368,OPYTIMIZER
opy_AOA,-100,565,5,565,MABBOB_565,0.14167540091585895,0.08970864798066458,OPYTIMIZER
opy_RRA,-100,870,5,870,MABBOB_870,0.1496738406151447,0.1284617180530976,OPYTIMIZER
opy_DE,-100,243,5,243,MABBOB_243,0.019881375164837404,0.012895440134084628,OPYTIMIZER
opy_AEO,-100,798,5,798,MABBOB_798,0.30159442258614366,0.11572169404661109,OPYTIMIZER
opy_RRA,-100,24,5,24,MABBOB_24,0.17653851369659762,0.14984298833365872,OPYTIMIZER
opy_ABC,-100,879,5,879,MABBOB_879,0.11544212254948764,0.20123521023511756,OPYTIMIZER
opy_DE,-100,220,5,220,MABBOB_220,0.4165688935280062,0.2462071227432594,OPYTIMIZER
opy_WEO,-100,763,5,763,MABBOB_763,0.1728718664109272,0.2596684837364423,OPYTIMIZER
opy_DE,-100,466,5,466,MABBOB_466,0.24766501721340087,0.08122076118295712,OPYTIMIZER
opy_SSA,-100,604,5,604,MABBOB_604,0.11178589773635653,0.11139422719937485,OPYTIMIZER
opy_COA,-100,769,5,769,MABBOB_769,0.17604037163236858,0.1722918438173629,OPYTIMIZER
opy_COA,-100,695,5,695,MABBOB_695,0.05422647957609465,0.024963328883010862,OPYTIMIZER
opy_MVPA,-100,162,5,162,MABBOB_162,0.07714530650099874,0.02395463825795662,OPYTIMIZER
opy_GOA,-100,390,5,390,MABBOB_390,0.03853913833676369,0.037928465857804655,OPYTIMIZER
opy_ASO,-100,419,5,419,MABBOB_419,0.2759655825445109,0.18669971029132848,OPYTIMIZER
opy_LSA,-100,359,5,359,MABBOB_359,0.29441141827161504,0.10209136263799376,OPYTIMIZER
opy_ABC,-100,699,5,699,MABBOB_699,0.1577631239316955,0.09835387721463931,OPYTIMIZER
opy_ABO,-100,344,5,344,MABBOB_344,0.10872633951016664,0.07531327512523052,OPYTIMIZER
opy_SAVPSO,-100,118,5,118,MABBOB_118,0.05412105624840461,0.0660464964257171,OPYTIMIZER
opy_AEO,-100,99,5,99,MABBOB_99,0.29491148979347476,0.17571556869152,OPYTIMIZER
opy_DE,-100,476,5,476,MABBOB_476,0.5857667599394576,0.19245210298591045,OPYTIMIZER
opy_COA,-100,388,5,388,MABBOB_388,0.16057047715883163,0.11590428770078005,OPYTIMIZER
opy_COA,-100,830,5,830,MABBOB_830,0.2754185295636919,0.20875475122882375,OPYTIMIZER
opy_TWO,-100,772,5,772,MABBOB_772,0.3445194509655697,0.2709391256553624,OPYTIMIZER
opy_ABO,-100,40,5,40,MABBOB_40,0.08659099368049483,0.06930916637844958,OPYTIMIZER
opy_CS,-100,190,5,190,MABBOB_190,0.05245249568559416,0.054512574824195865,OPYTIMIZER
opy_RPSO,-100,113,5,113,MABBOB_113,0.0845438037470723,0.07945341445691576,OPYTIMIZER
opy_RPSO,-100,419,5,419,MABBOB_419,0.1539926220613217,0.07330058460683991,OPYTIMIZER
opy_LSA,-100,494,5,494,MABBOB_494,0.053328090947252146,0.0576309329276226,OPYTIMIZER
opy_ABC,-100,360,5,360,MABBOB_360,0.14427179324525666,0.11565694520489,OPYTIMIZER
opy_AEO,-100,248,5,248,MABBOB_248,0.10922007845808275,0.17911461077661245,OPYTIMIZER
opy_TWO,-100,756,5,756,MABBOB_756,0.24008873356500554,0.12356926106189257,OPYTIMIZER
opy_GCO,-100,305,5,305,MABBOB_305,0.31739957263283036,0.1637480084206803,OPYTIMIZER
opy_MVPA,-100,964,5,964,MABBOB_964,0.16842211016713604,0.1301957706026768,OPYTIMIZER
opy_EO,-100,116,5,116,MABBOB_116,0.03682139145776927,0.03418791702506923,OPYTIMIZER
opy_SOS,-100,260,5,260,MABBOB_260,0.17685395728272216,0.07174864010376945,OPYTIMIZER
opy_LSA,-100,415,5,415,MABBOB_415,0.21055073378341077,0.16105557754786626,OPYTIMIZER
opy_WEO,-100,852,5,852,MABBOB_852,0.13646070919095368,0.09498474768864482,OPYTIMIZER
opy_WEO,-100,536,5,536,MABBOB_536,0.3009637757702639,0.15684615187209114,OPYTIMIZER
opy_ABO,-100,919,5,919,MABBOB_919,0.34385564407628477,0.20384068231347427,OPYTIMIZER
opy_AOA,-100,609,5,609,MABBOB_609,0.18415335738907596,0.0831317444174515,OPYTIMIZER
opy_AEO,-100,445,5,445,MABBOB_445,0.09746372214753295,0.021950823174470613,OPYTIMIZER
opy_QSA,-100,105,5,105,MABBOB_105,0.25721613075385663,0.10287024382090813,OPYTIMIZER
opy_ABC,-100,144,5,144,MABBOB_144,0.19032396550919092,0.22416964447535262,OPYTIMIZER
opy_AOA,-100,739,5,739,MABBOB_739,0.0790191298470427,0.048948708935777775,OPYTIMIZER
opy_EO,-100,396,5,396,MABBOB_396,0.0814137416858203,0.039576815224965485,OPYTIMIZER
opy_RRA,-100,608,5,608,MABBOB_608,0.3391094793849414,0.2313836338788565,OPYTIMIZER
opy_RPSO,-100,508,5,508,MABBOB_508,0.07958444042761569,0.07904601340444298,OPYTIMIZER
opy_MVPA,-100,538,5,538,MABBOB_538,0.15805378594048877,0.07208512462053103,OPYTIMIZER
opy_RPSO,-100,373,5,373,MABBOB_373,0.22393055067597376,0.2428919741915406,OPYTIMIZER
opy_AOA,-100,407,5,407,MABBOB_407,0.19177539402644211,0.10218087465367187,OPYTIMIZER
opy_RFO,-100,738,5,738,MABBOB_738,0.24150014862093055,0.34053696695518976,OPYTIMIZER
opy_CS,-100,795,5,795,MABBOB_795,0.2565476280074416,0.13984910385254032,OPYTIMIZER
opy_RPSO,-100,906,5,906,MABBOB_906,0.04126943715785328,0.0325175011212113,OPYTIMIZER
opy_ASO,-100,88,5,88,MABBOB_88,0.018401724290024943,0.0030507913782123683,OPYTIMIZER
opy_WEO,-100,810,5,810,MABBOB_810,0.23012869430962982,0.23855064645989651,OPYTIMIZER
opy_RRA,-100,739,5,739,MABBOB_739,0.042463455576539674,0.00961025776672807,OPYTIMIZER
opy_BSA,-100,943,5,943,MABBOB_943,0.5129892405598491,0.15793985949071315,OPYTIMIZER
opy_MVPA,-100,787,5,787,MABBOB_787,0.13314065736446073,0.09935714602268536,OPYTIMIZER
opy_RFO,-100,404,5,404,MABBOB_404,0.045497341206705844,0.02294232463481391,OPYTIMIZER
opy_GA,-100,689,5,689,MABBOB_689,0.0289259746210692,0.021262550056138856,OPYTIMIZER
opy_GA,-100,243,5,243,MABBOB_243,0.021656242945181613,0.015763839582228573,OPYTIMIZER
opy_DE,-100,848,5,848,MABBOB_848,0.4740477580671854,0.21784417043575507,OPYTIMIZER
opy_SOS,-100,207,5,207,MABBOB_207,0.27191859043484345,0.1457823778617295,OPYTIMIZER
opy_WEO,-100,492,5,492,MABBOB_492,0.27236929255863257,0.35919634240804504,OPYTIMIZER
opy_LSA,-100,404,5,404,MABBOB_404,0.03642615911684695,0.020863868667983728,OPYTIMIZER
opy_WEO,-100,772,5,772,MABBOB_772,0.4647741871270047,0.2819100570355289,OPYTIMIZER
opy_DE,-100,555,5,555,MABBOB_555,0.20425707615796257,0.08435754720254661,OPYTIMIZER
opy_SAVPSO,-100,943,5,943,MABBOB_943,0.23265421118038634,0.10986974475054952,OPYTIMIZER
opy_ABO,-100,567,5,567,MABBOB_567,0.34679013427094774,0.2623865654298075,OPYTIMIZER
opy_GOA,-100,982,5,982,MABBOB_982,0.021540481219411448,0.009092941420300272,OPYTIMIZER
opy_GCO,-100,662,5,662,MABBOB_662,0.2518182110199037,0.20083802213144208,OPYTIMIZER
opy_ABC,-100,1,5,1,MABBOB_1,0.017908108629077452,0.015183737259447872,OPYTIMIZER
opy_CS,-100,212,5,212,MABBOB_212,0.12153532953623489,0.12307887881447047,OPYTIMIZER
opy_CS,-100,413,5,413,MABBOB_413,0.2173889837775585,0.15791896441802378,OPYTIMIZER
opy_SOS,-100,449,5,449,MABBOB_449,0.019464075050275947,0.009996636060508452,OPYTIMIZER
opy_WEO,-100,706,5,706,MABBOB_706,0.3998277633747638,0.16355111316488183,OPYTIMIZER
opy_CS,-100,344,5,344,MABBOB_344,0.08760840790876016,0.022709499602383547,OPYTIMIZER
opy_AEO,-100,466,5,466,MABBOB_466,0.20760586993513358,0.0486487465533882,OPYTIMIZER
opy_QSA,-100,188,5,188,MABBOB_188,0.18401351102998242,0.12832369841176924,OPYTIMIZER
opy_GCO,-100,680,5,680,MABBOB_680,0.22416755806226654,0.0965804727687665,OPYTIMIZER
opy_SAVPSO,-100,997,5,997,MABBOB_997,0.06018728152306678,0.03614742165681811,OPYTIMIZER
opy_ABC,-100,388,5,388,MABBOB_388,0.1341279130811718,0.0717508487995585,OPYTIMIZER
opy_RPSO,-100,502,5,502,MABBOB_502,0.10296752195188566,0.029413428862295272,OPYTIMIZER
opy_EO,-100,166,5,166,MABBOB_166,0.08698193894510356,0.02742784121768884,OPYTIMIZER
opy_EO,-100,82,5,82,MABBOB_82,0.05241854583420082,0.020118113567291526,OPYTIMIZER
opy_QSA,-100,176,5,176,MABBOB_176,0.3833410144796837,0.15656771116347662,OPYTIMIZER
opy_TWO,-100,192,5,192,MABBOB_192,0.04860366489846464,0.029566777599767526,OPYTIMIZER
opy_GCO,-100,360,5,360,MABBOB_360,0.16970744310426608,0.12032217985056597,OPYTIMIZER
opy_ABC,-100,965,5,965,MABBOB_965,0.31521688997207364,0.08604756903677672,OPYTIMIZER
opy_RRA,-100,901,5,901,MABBOB_901,0.08345418009925694,0.04927507580135547,OPYTIMIZER
opy_DE,-100,878,5,878,MABBOB_878,0.2357099051667737,0.08692281451533919,OPYTIMIZER
opy_EO,-100,811,5,811,MABBOB_811,0.05394561221800539,0.016115374104996995,OPYTIMIZER
opy_GA,-100,350,5,350,MABBOB_350,0.21305563839191013,0.15170955721219387,OPYTIMIZER
opy_AOA,-100,330,5,330,MABBOB_330,0.34945818519675503,0.20333592456405764,OPYTIMIZER
opy_RPSO,-100,99,5,99,MABBOB_99,0.1766553454010036,0.08033379014465943,OPYTIMIZER
opy_WEO,-100,246,5,246,MABBOB_246,0.1780116428209894,0.17917473261965947,OPYTIMIZER
opy_CS,-100,662,5,662,MABBOB_662,0.2067246750207728,0.16333824376955713,OPYTIMIZER
opy_MVPA,-100,848,5,848,MABBOB_848,0.3316122953888536,0.21466410848434667,OPYTIMIZER
opy_RRA,-100,188,5,188,MABBOB_188,0.10129744136796962,0.07568319639561609,OPYTIMIZER
opy_GA,-100,680,5,680,MABBOB_680,0.09909074888064924,0.030031915095367397,OPYTIMIZER
opy_WEO,-100,773,5,773,MABBOB_773,0.4845018354672817,0.27443425227292373,OPYTIMIZER
opy_DE,-100,82,5,82,MABBOB_82,0.09000513183650542,0.04335025940576947,OPYTIMIZER
opy_AEO,-100,257,5,257,MABBOB_257,0.0916316554328405,0.03523937129763426,OPYTIMIZER
opy_QSA,-100,411,5,411,MABBOB_411,0.07856905414302448,0.07750720424168954,OPYTIMIZER
opy_WEO,-100,671,5,671,MABBOB_671,0.3485134858550468,0.2585014285158759,OPYTIMIZER
opy_COA,-100,671,5,671,MABBOB_671,0.23796642171226332,0.18362923196814485,OPYTIMIZER
opy_IWO,-100,284,5,284,MABBOB_284,0.27228756937427673,0.19754154312507155,OPYTIMIZER
opy_CS,-100,528,5,528,MABBOB_528,0.044388455103646904,0.03855410089268186,OPYTIMIZER
opy_SOS,-100,739,5,739,MABBOB_739,0.038649806845891255,0.01621496662710883,OPYTIMIZER
opy_BSA,-100,741,5,741,MABBOB_741,0.24365364002908824,0.2600152916089997,OPYTIMIZER
opy_ABO,-100,24,5,24,MABBOB_24,0.27106474120764645,0.19835592645469133,OPYTIMIZER
opy_AEO,-100,371,5,371,MABBOB_371,0.16950445538006836,0.11048544475868931,OPYTIMIZER
opy_BSA,-100,423,5,423,MABBOB_423,0.3039523308040231,0.22991813456129567,OPYTIMIZER
opy_QSA,-100,207,5,207,MABBOB_207,0.3817582012734356,0.07694439890312982,OPYTIMIZER
opy_QSA,-100,327,5,327,MABBOB_327,0.22284826722990397,0.13884668989212381,OPYTIMIZER
opy_IWO,-100,424,5,424,MABBOB_424,0.2077646479960734,0.16343008346886778,OPYTIMIZER
opy_IWO,-100,577,5,577,MABBOB_577,0.2821611874759007,0.11827486360110426,OPYTIMIZER
opy_SAVPSO,-100,629,5,629,MABBOB_629,0.07929146728764347,0.05818193637634535,OPYTIMIZER
opy_ABC,-100,268,5,268,MABBOB_268,0.266915461148072,0.041728303484160095,OPYTIMIZER
opy_SSA,-100,862,5,862,MABBOB_862,0.14463131096805698,0.13600111846839225,OPYTIMIZER
opy_SAVPSO,-100,161,5,161,MABBOB_161,0.07655149413255483,0.03162293904075697,OPYTIMIZER
opy_ABC,-100,812,5,812,MABBOB_812,0.08426849592601622,0.03070925349931847,OPYTIMIZER
opy_GA,-100,37,5,37,MABBOB_37,0.3120851110883985,0.2012864804944929,OPYTIMIZER
opy_ABC,-100,33,5,33,MABBOB_33,0.1692473078722829,0.12610418325724645,OPYTIMIZER
opy_CS,-100,741,5,741,MABBOB_741,0.19426254666014425,0.22676184858773427,OPYTIMIZER
opy_LSA,-100,528,5,528,MABBOB_528,0.03462709559408671,0.03152186473026577,OPYTIMIZER
opy_RFO,-100,993,5,993,MABBOB_993,0.13969022434707531,0.0383877125961654,OPYTIMIZER
opy_EO,-100,327,5,327,MABBOB_327,0.14192155697446276,0.08105865489579771,OPYTIMIZER
opy_COA,-100,555,5,555,MABBOB_555,0.25434567885099235,0.16466987683152348,OPYTIMIZER
opy_AOA,-100,415,5,415,MABBOB_415,0.40108503151406644,0.3100517455765887,OPYTIMIZER
opy_COA,-100,911,5,911,MABBOB_911,0.3637953399361027,0.252153475257274,OPYTIMIZER
opy_RRA,-100,772,5,772,MABBOB_772,0.301019423986861,0.19233829868584584,OPYTIMIZER
opy_DE,-100,217,5,217,MABBOB_217,0.2175446919613174,0.09922282197345014,OPYTIMIZER
opy_SOS,-100,911,5,911,MABBOB_911,0.2698479878628593,0.21518888464882244,OPYTIMIZER
opy_ABO,-100,901,5,901,MABBOB_901,0.21370619535701535,0.1722726006557215,OPYTIMIZER
opy_WEO,-100,350,5,350,MABBOB_350,0.4409007777922696,0.24959408502528457,OPYTIMIZER
opy_ABO,-100,699,5,699,MABBOB_699,0.1782397423357907,0.09366145146207473,OPYTIMIZER
opy_GCO,-100,798,5,798,MABBOB_798,0.35020917718036004,0.13324878546322244,OPYTIMIZER
opy_RFO,-100,949,5,949,MABBOB_949,0.1383503505502606,0.06304103141001013,OPYTIMIZER
opy_LSA,-100,492,5,492,MABBOB_492,0.07869468837852031,0.07556056782615758,OPYTIMIZER
opy_SAVPSO,-100,491,5,491,MABBOB_491,0.13616173328508327,0.07132270715742518,OPYTIMIZER
opy_GA,-100,371,5,371,MABBOB_371,0.17339076602198294,0.1324325698098139,OPYTIMIZER
opy_GCO,-100,451,5,451,MABBOB_451,0.021485741004537446,0.01452393964443719,OPYTIMIZER
opy_TWO,-100,34,5,34,MABBOB_34,0.11342846707815421,0.1196853970717732,OPYTIMIZER
opy_BSA,-100,556,5,556,MABBOB_556,0.11266750506860901,0.039487766421794544,OPYTIMIZER
opy_GCO,-100,525,5,525,MABBOB_525,0.19735308747937136,0.09334512172418019,OPYTIMIZER
opy_GOA,-100,592,5,592,MABBOB_592,0.27621815122185317,0.11432524039664409,OPYTIMIZER
opy_SSA,-100,162,5,162,MABBOB_162,0.1076351657882562,0.015687758720354668,OPYTIMIZER
opy_RFO,-100,980,5,980,MABBOB_980,0.14551236309983492,0.08718566341907436,OPYTIMIZER
opy_RPSO,-100,680,5,680,MABBOB_680,0.09549877094205592,0.054078868659552685,OPYTIMIZER
opy_BSA,-100,836,5,836,MABBOB_836,0.4650340203662102,0.2427594599180409,OPYTIMIZER
opy_IWO,-100,163,5,163,MABBOB_163,0.03400157546652385,0.01944651549173841,OPYTIMIZER
opy_ABO,-100,387,5,387,MABBOB_387,0.07253937477599333,0.06699668725833614,OPYTIMIZER
opy_COA,-100,147,5,147,MABBOB_147,0.19750277300376232,0.17257708498663848,OPYTIMIZER
opy_ABO,-100,688,5,688,MABBOB_688,0.14861578072353515,0.10622715617232295,OPYTIMIZER
opy_COA,-100,349,5,349,MABBOB_349,0.31690574477782935,0.08930194237865081,OPYTIMIZER
opy_RFO,-100,99,5,99,MABBOB_99,0.23474306767266362,0.11655344598217623,OPYTIMIZER
opy_WEO,-100,101,5,101,MABBOB_101,0.14014602469181567,0.06249492981439768,OPYTIMIZER
opy_IWO,-100,348,5,348,MABBOB_348,0.03748917599120084,0.021670705300897656,OPYTIMIZER
opy_SOS,-100,646,5,646,MABBOB_646,0.09375462961874068,0.06945741678267159,OPYTIMIZER
opy_ABO,-100,182,5,182,MABBOB_182,0.26361540006496675,0.0779915003686274,OPYTIMIZER
opy_LSA,-100,423,5,423,MABBOB_423,0.08824431994323434,0.06895815756491665,OPYTIMIZER
opy_TWO,-100,440,5,440,MABBOB_440,0.04770082119638359,0.03770101728602911,OPYTIMIZER
opy_GOA,-100,531,5,531,MABBOB_531,0.1203281337239049,0.07360654864239534,OPYTIMIZER
opy_RFO,-100,876,5,876,MABBOB_876,0.07507322574995912,0.03618477617605322,OPYTIMIZER
opy_EO,-100,766,5,766,MABBOB_766,0.046665868236859594,0.01754070525130307,OPYTIMIZER
opy_CS,-100,604,5,604,MABBOB_604,0.23350799863770905,0.2462010172730591,OPYTIMIZER
opy_TWO,-100,123,5,123,MABBOB_123,0.11551767297454467,0.08867460671604452,OPYTIMIZER
opy_AEO,-100,642,5,642,MABBOB_642,0.0831281422615137,0.05374427746177371,OPYTIMIZER
opy_GCO,-100,855,5,855,MABBOB_855,0.06444270335167569,0.03257322255856736,OPYTIMIZER
opy_RPSO,-100,284,5,284,MABBOB_284,0.13811301795437012,0.11800211741995864,OPYTIMIZER
opy_CS,-100,307,5,307,MABBOB_307,0.12516355304750068,0.1388398436403088,OPYTIMIZER
opy_COA,-100,350,5,350,MABBOB_350,0.10649591698896607,0.09471191529749053,OPYTIMIZER
opy_GOA,-100,445,5,445,MABBOB_445,0.0914114732065327,0.02194601976806746,OPYTIMIZER
opy_GOA,-100,687,5,687,MABBOB_687,0.3317848032357274,0.22061142494500366,OPYTIMIZER
opy_ABC,-100,97,5,97,MABBOB_97,0.09492747458248305,0.019021758707530048,OPYTIMIZER
opy_MVPA,-100,388,5,388,MABBOB_388,0.08608284379634105,0.03993998426031586,OPYTIMIZER
opy_RFO,-100,188,5,188,MABBOB_188,0.0728705340326185,0.04048250074054011,OPYTIMIZER
opy_ABO,-100,877,5,877,MABBOB_877,0.234554385376771,0.1400112066898549,OPYTIMIZER
opy_IWO,-100,220,5,220,MABBOB_220,0.37641148470582686,0.14824049194407557,OPYTIMIZER
opy_IWO,-100,688,5,688,MABBOB_688,0.19149836360456748,0.16480392396320367,OPYTIMIZER
opy_GA,-100,466,5,466,MABBOB_466,0.16714407573120307,0.040934810400523595,OPYTIMIZER
opy_BSA,-100,954,5,954,MABBOB_954,0.19193628087865777,0.25123668545876277,OPYTIMIZER
opy_ABC,-100,344,5,344,MABBOB_344,0.1133410866111166,0.03546927019361299,OPYTIMIZER
opy_GOA,-100,419,5,419,MABBOB_419,0.21880904221760597,0.18685671725986563,OPYTIMIZER
opy_GA,-100,569,5,569,MABBOB_569,0.15207986559252878,0.06082433565593892,OPYTIMIZER
opy_CS,-100,476,5,476,MABBOB_476,0.5913276511635266,0.1613758947408705,OPYTIMIZER
opy_SOS,-100,713,5,713,MABBOB_713,0.07924263045998844,0.05786737143407879,OPYTIMIZER
opy_GOA,-100,965,5,965,MABBOB_965,0.30610462983834535,0.08756785698792116,OPYTIMIZER
opy_LSA,-100,413,5,413,MABBOB_413,0.20136976333307444,0.1846632129894964,OPYTIMIZER
opy_IWO,-100,204,5,204,MABBOB_204,0.032887141225243235,0.009939204670041672,OPYTIMIZER
opy_RRA,-100,975,5,975,MABBOB_975,0.10942857515311104,0.06633805809811696,OPYTIMIZER
opy_GA,-100,519,5,519,MABBOB_519,0.2607685425933551,0.11447290367173595,OPYTIMIZER
opy_COA,-100,759,5,759,MABBOB_759,0.39356176936768045,0.1028897462192989,OPYTIMIZER
opy_ASO,-100,709,5,709,MABBOB_709,0.401475837459658,0.17513648022578895,OPYTIMIZER
opy_AOA,-100,555,5,555,MABBOB_555,0.35191246787497954,0.2547901576894666,OPYTIMIZER
opy_AEO,-100,747,5,747,MABBOB_747,0.1381631145877696,0.14185887915795092,OPYTIMIZER
opy_IWO,-100,114,5,114,MABBOB_114,0.45525748478503336,0.1916700901046581,OPYTIMIZER
opy_GOA,-100,284,5,284,MABBOB_284,0.17978235860609218,0.14360763235274054,OPYTIMIZER
opy_AOA,-100,691,5,691,MABBOB_691,0.01759159987106579,0.014102984178393431,OPYTIMIZER
opy_WEO,-100,260,5,260,MABBOB_260,0.3400861141730625,0.09983706127283762,OPYTIMIZER
opy_SAVPSO,-100,390,5,390,MABBOB_390,0.03282820839285023,0.02768856669267186,OPYTIMIZER
opy_AEO,-100,901,5,901,MABBOB_901,0.192138357258716,0.15214174911695164,OPYTIMIZER
opy_QSA,-100,677,5,677,MABBOB_677,0.179996404428819,0.070970907413991,OPYTIMIZER
opy_RPSO,-100,713,5,713,MABBOB_713,0.07127267357089125,0.04301910128512473,OPYTIMIZER
opy_MVPA,-100,24,5,24,MABBOB_24,0.23005696913332746,0.26066595426151185,OPYTIMIZER
opy_ABC,-100,689,5,689,MABBOB_689,0.03310171561474137,0.02608045616553918,OPYTIMIZER
opy_GCO,-100,567,5,567,MABBOB_567,0.08664147892379466,0.044989915804361374,OPYTIMIZER
opy_AOA,-100,246,5,246,MABBOB_246,0.1555700053731462,0.15484652146285607,OPYTIMIZER
opy_SAVPSO,-100,257,5,257,MABBOB_257,0.07735855587061015,0.035926175643706856,OPYTIMIZER
opy_AEO,-100,330,5,330,MABBOB_330,0.20862518406160752,0.15654645967452818,OPYTIMIZER
opy_DE,-100,40,5,40,MABBOB_40,0.07034737665890464,0.06474281717450411,OPYTIMIZER
opy_LSA,-100,107,5,107,MABBOB_107,0.04756017911076695,0.02717010379693444,OPYTIMIZER
opy_ABC,-100,221,5,221,MABBOB_221,0.26204638594324703,0.21463683449518123,OPYTIMIZER
opy_SSA,-100,922,5,922,MABBOB_922,0.31185583393062793,0.08371101347091414,OPYTIMIZER
opy_AEO,-100,830,5,830,MABBOB_830,0.1387044244859555,0.08199761394160814,OPYTIMIZER
opy_RRA,-100,33,5,33,MABBOB_33,0.15589971010060177,0.1262064930074414,OPYTIMIZER
opy_TWO,-100,989,5,989,MABBOB_989,0.06567230450772418,0.08299187573434127,OPYTIMIZER
opy_QSA,-100,62,5,62,MABBOB_62,0.34753276891714024,0.16726047530740762,OPYTIMIZER
opy_ASO,-100,529,5,529,MABBOB_529,0.12986006444076545,0.03773952639718758,OPYTIMIZER
opy_GOA,-100,327,5,327,MABBOB_327,0.18144317405460117,0.10519859507744733,OPYTIMIZER
opy_RRA,-100,204,5,204,MABBOB_204,0.053876790668710484,0.05223466380885981,OPYTIMIZER
opy_RRA,-100,344,5,344,MABBOB_344,0.046354099152357886,0.019683224290495405,OPYTIMIZER
opy_EO,-100,864,5,864,MABBOB_864,0.04813000966235159,0.031510758366123826,OPYTIMIZER
opy_COA,-100,430,5,430,MABBOB_430,0.10263843872693061,0.09363936467964164,OPYTIMIZER
opy_ABO,-100,190,5,190,MABBOB_190,0.14560755499691733,0.1815742818303131,OPYTIMIZER
opy_TWO,-100,965,5,965,MABBOB_965,0.29890197691474507,0.10724256521512626,OPYTIMIZER
opy_QSA,-100,773,5,773,MABBOB_773,0.38354163220230403,0.15281157932564207,OPYTIMIZER
opy_SAVPSO,-100,747,5,747,MABBOB_747,0.06657643621818035,0.046321547385150416,OPYTIMIZER
opy_EO,-100,855,5,855,MABBOB_855,0.04373217630658335,0.01853699782363302,OPYTIMIZER
opy_ABC,-100,731,5,731,MABBOB_731,0.050063841949146794,0.021696841739398683,OPYTIMIZER
opy_TWO,-100,864,5,864,MABBOB_864,0.05776425615446438,0.03531011945988389,OPYTIMIZER
opy_QSA,-100,699,5,699,MABBOB_699,0.1292093665338581,0.07192169129534169,OPYTIMIZER
opy_GA,-100,836,5,836,MABBOB_836,0.22071306794803197,0.1228471817505464,OPYTIMIZER
opy_SOS,-100,878,5,878,MABBOB_878,0.15040183785629851,0.05235443731883589,OPYTIMIZER
opy_ASO,-100,575,5,575,MABBOB_575,0.6159381124186895,0.3186018746125163,OPYTIMIZER
opy_MVPA,-100,73,5,73,MABBOB_73,0.1676596176549,0.08058197266997282,OPYTIMIZER
opy_SOS,-100,147,5,147,MABBOB_147,0.10793078579280639,0.07639798682096945,OPYTIMIZER
opy_QSA,-100,67,5,67,MABBOB_67,0.16567819144871682,0.09880305382380711,OPYTIMIZER
opy_RRA,-100,329,5,329,MABBOB_329,0.11078722670582293,0.10237229778367844,OPYTIMIZER
opy_COA,-100,662,5,662,MABBOB_662,0.2077353920006994,0.16014664557811675,OPYTIMIZER
opy_GCO,-100,687,5,687,MABBOB_687,0.4340203742171605,0.2789357302074111,OPYTIMIZER
opy_GOA,-100,906,5,906,MABBOB_906,0.04364534689316331,0.031261514115230954,OPYTIMIZER
opy_COA,-100,270,5,270,MABBOB_270,0.2966413541068206,0.1896573170351078,OPYTIMIZER
opy_BSA,-100,451,5,451,MABBOB_451,0.05950874169816071,0.05720655500060396,OPYTIMIZER
opy_GCO,-100,577,5,577,MABBOB_577,0.25813895072423726,0.14128596114522743,OPYTIMIZER
opy_LSA,-100,162,5,162,MABBOB_162,0.08909269025797584,0.028428256280036684,OPYTIMIZER
opy_ASO,-100,390,5,390,MABBOB_390,0.027729672013601787,0.020451690949968876,OPYTIMIZER
opy_RRA,-100,257,5,257,MABBOB_257,0.09616486481929191,0.06448435606938042,OPYTIMIZER
opy_GCO,-100,556,5,556,MABBOB_556,0.05695312724706485,0.025900915692473925,OPYTIMIZER
opy_ASO,-100,268,5,268,MABBOB_268,0.34082256636853525,0.06960670294747644,OPYTIMIZER
opy_AOA,-100,192,5,192,MABBOB_192,0.2241242457766916,0.17163359792049027,OPYTIMIZER
opy_RRA,-100,558,5,558,MABBOB_558,0.20258903293642366,0.11187454195943528,OPYTIMIZER
opy_SSA,-100,657,5,657,MABBOB_657,0.32917841730930225,0.08286476712704709,OPYTIMIZER
opy_GCO,-100,494,5,494,MABBOB_494,0.0805359004034282,0.09211668648426805,OPYTIMIZER
opy_QSA,-100,305,5,305,MABBOB_305,0.26094707308261855,0.15430068902334942,OPYTIMIZER
opy_GA,-100,773,5,773,MABBOB_773,0.35223015173187766,0.1449002407005831,OPYTIMIZER
opy_ABC,-100,494,5,494,MABBOB_494,0.06594133869033528,0.07086750614846256,OPYTIMIZER
opy_WEO,-100,491,5,491,MABBOB_491,0.3000175812972662,0.21538840285691044,OPYTIMIZER
opy_DE,-100,405,5,405,MABBOB_405,0.13850517248538113,0.05258207075270431,OPYTIMIZER
opy_AEO,-100,456,5,456,MABBOB_456,0.018119484906586405,0.00723779265312902,OPYTIMIZER
opy_RRA,-100,761,5,761,MABBOB_761,0.08411559136948377,0.0257378383437111,OPYTIMIZER
opy_SSA,-100,688,5,688,MABBOB_688,0.11889146361647222,0.07446102209900483,OPYTIMIZER
opy_BSA,-100,870,5,870,MABBOB_870,0.2739157553160591,0.24438776799413067,OPYTIMIZER
opy_BSA,-100,97,5,97,MABBOB_97,0.1979441252833003,0.092711286690381,OPYTIMIZER
opy_RRA,-100,147,5,147,MABBOB_147,0.1433127323815089,0.11902307050196245,OPYTIMIZER
opy_RPSO,-100,118,5,118,MABBOB_118,0.05882612680755075,0.06183059228554418,OPYTIMIZER
opy_GA,-100,954,5,954,MABBOB_954,0.1546089164872067,0.22566711027730468,OPYTIMIZER
opy_WEO,-100,476,5,476,MABBOB_476,0.6225166702974176,0.17165226144137888,OPYTIMIZER
opy_AOA,-100,862,5,862,MABBOB_862,0.13500181839894204,0.11291863516161123,OPYTIMIZER
opy_TWO,-100,691,5,691,MABBOB_691,0.01674421540518812,0.013841919139249948,OPYTIMIZER
opy_GCO,-100,629,5,629,MABBOB_629,0.30650731365027273,0.24786760010816147,OPYTIMIZER
opy_ABC,-100,538,5,538,MABBOB_538,0.2826017062284041,0.0519909898435493,OPYTIMIZER
opy_SSA,-100,307,5,307,MABBOB_307,0.10010924047873546,0.07447068794776195,OPYTIMIZER
opy_ABO,-100,268,5,268,MABBOB_268,0.2845287229716515,0.0689222319041455,OPYTIMIZER
opy_ABO,-100,418,5,418,MABBOB_418,0.21757302269724493,0.21851872290577307,OPYTIMIZER
opy_COA,-100,259,5,259,MABBOB_259,0.055152093464229515,0.03438882088015654,OPYTIMIZER
opy_MVPA,-100,855,5,855,MABBOB_855,0.038399588512100444,0.014442969380138627,OPYTIMIZER
opy_SAVPSO,-100,62,5,62,MABBOB_62,0.17204526134145143,0.11900204662264478,OPYTIMIZER
opy_EO,-100,215,5,215,MABBOB_215,0.15045346004515656,0.0997073575476886,OPYTIMIZER
opy_RFO,-100,330,5,330,MABBOB_330,0.1856580088529241,0.11263687456063089,OPYTIMIZER
opy_ASO,-100,275,5,275,MABBOB_275,0.43376081672801015,0.2204390549668207,OPYTIMIZER
opy_WEO,-100,827,5,827,MABBOB_827,0.36180626128468385,0.1668562645220164,OPYTIMIZER
opy_SAVPSO,-100,266,5,266,MABBOB_266,0.32248177687494195,0.2588591507614146,OPYTIMIZER
opy_COA,-100,464,5,464,MABBOB_464,0.19584113886015306,0.030656232629906903,OPYTIMIZER
opy_ABC,-100,519,5,519,MABBOB_519,0.31363706728186125,0.14672232676729188,OPYTIMIZER
opy_RPSO,-100,950,5,950,MABBOB_950,0.09536780819757354,0.03688528048986751,OPYTIMIZER
opy_CS,-100,144,5,144,MABBOB_144,0.20824982474909975,0.25707268583725734,OPYTIMIZER
opy_EO,-100,779,5,779,MABBOB_779,0.0457391555943603,0.02502749496011877,OPYTIMIZER
opy_DE,-100,901,5,901,MABBOB_901,0.17652284890352835,0.14740308916535902,OPYTIMIZER
opy_MVPA,-100,368,5,368,MABBOB_368,0.0817420468977551,0.11384293177153851,OPYTIMIZER
opy_SSA,-100,373,5,373,MABBOB_373,0.22290717431563345,0.2409004240127144,OPYTIMIZER
opy_EO,-100,567,5,567,MABBOB_567,0.10702517884609927,0.09222053967481493,OPYTIMIZER
opy_GCO,-100,773,5,773,MABBOB_773,0.4407912107348233,0.2300774567699926,OPYTIMIZER
opy_LSA,-100,99,5,99,MABBOB_99,0.2478865635989252,0.1211574962712214,OPYTIMIZER
opy_LSA,-100,922,5,922,MABBOB_922,0.3161972848948388,0.05365282099364655,OPYTIMIZER
opy_CS,-100,713,5,713,MABBOB_713,0.141579260419553,0.16399250798735082,OPYTIMIZER
opy_SOS,-100,192,5,192,MABBOB_192,0.07185471809242597,0.05103395569455446,OPYTIMIZER
opy_QSA,-100,107,5,107,MABBOB_107,0.058440280636648204,0.0192349541019987,OPYTIMIZER
opy_SOS,-100,529,5,529,MABBOB_529,0.056607960480878204,0.02595407955136349,OPYTIMIZER
opy_BSA,-100,413,5,413,MABBOB_413,0.2710129371038875,0.22336371951610898,OPYTIMIZER
opy_COA,-100,275,5,275,MABBOB_275,0.2849184806535779,0.1456103162059155,OPYTIMIZER
opy_SSA,-100,103,5,103,MABBOB_103,0.10750833176156287,0.04163443378093259,OPYTIMIZER
opy_GA,-100,810,5,810,MABBOB_810,0.06747703432160468,0.04511201807587732,OPYTIMIZER
opy_QSA,-100,476,5,476,MABBOB_476,0.590265581900685,0.22985725155114525,OPYTIMIZER
opy_ASO,-100,188,5,188,MABBOB_188,0.2918965062990762,0.17259992060395066,OPYTIMIZER
opy_EO,-100,878,5,878,MABBOB_878,0.11123968313256134,0.039116012213685776,OPYTIMIZER
opy_EO,-100,919,5,919,MABBOB_919,0.2093903139675252,0.12358539171352044,OPYTIMIZER
opy_WEO,-100,62,5,62,MABBOB_62,0.5135482124590387,0.23507468561442488,OPYTIMIZER
opy_BSA,-100,208,5,208,MABBOB_208,0.16704933675099432,0.12109407852409386,OPYTIMIZER
opy_SSA,-100,268,5,268,MABBOB_268,0.2703173637472874,0.039457930602047844,OPYTIMIZER
opy_RFO,-100,567,5,567,MABBOB_567,0.12683330994511824,0.16846916104471282,OPYTIMIZER
opy_SAVPSO,-100,404,5,404,MABBOB_404,0.033570426470026664,0.020073238415367633,OPYTIMIZER
opy_TWO,-100,349,5,349,MABBOB_349,0.20333853278294964,0.06156033210237619,OPYTIMIZER
opy_EO,-100,788,5,788,MABBOB_788,0.030267721815239373,0.011721477274500406,OPYTIMIZER
opy_ASO,-100,424,5,424,MABBOB_424,0.2387566337753782,0.1770963600973321,OPYTIMIZER
opy_ABO,-100,445,5,445,MABBOB_445,0.1264135432656981,0.04464338005606149,OPYTIMIZER
opy_GCO,-100,763,5,763,MABBOB_763,0.06518774040883288,0.05053213934353517,OPYTIMIZER
opy_MVPA,-100,709,5,709,MABBOB_709,0.1436358330384504,0.06860060456253533,OPYTIMIZER
opy_SAVPSO,-100,105,5,105,MABBOB_105,0.16071068511748585,0.07233736188097994,OPYTIMIZER
opy_GA,-100,991,5,991,MABBOB_991,0.0909849504534547,0.08327504810955695,OPYTIMIZER
opy_COA,-100,575,5,575,MABBOB_575,0.4862940534240634,0.275626929609549,OPYTIMIZER
opy_DE,-100,877,5,877,MABBOB_877,0.19386586344649312,0.14053459359217424,OPYTIMIZER
opy_WEO,-100,964,5,964,MABBOB_964,0.32125012216720755,0.14349459602057846,OPYTIMIZER
opy_ASO,-100,270,5,270,MABBOB_270,0.48297239818104487,0.28224982899230183,OPYTIMIZER
opy_GOA,-100,162,5,162,MABBOB_162,0.0801392035826983,0.015820526257387606,OPYTIMIZER
opy_SSA,-100,15,5,15,MABBOB_15,0.1760441792128263,0.20856621755656343,OPYTIMIZER
opy_CS,-100,891,5,891,MABBOB_891,0.6077840132974197,0.2502826390142198,OPYTIMIZER
opy_LSA,-100,569,5,569,MABBOB_569,0.10895017951116273,0.04657609073314299,OPYTIMIZER
opy_RFO,-100,491,5,491,MABBOB_491,0.22055503874557364,0.1694465503294302,OPYTIMIZER
opy_CS,-100,407,5,407,MABBOB_407,0.2636267665334747,0.18989820205009342,OPYTIMIZER
opy_COA,-100,74,5,74,MABBOB_74,0.025352913831545483,0.01341928195823922,OPYTIMIZER
opy_SAVPSO,-100,989,5,989,MABBOB_989,0.05042218683868991,0.06194374644077026,OPYTIMIZER
opy_ASO,-100,677,5,677,MABBOB_677,0.2292382219375046,0.10245585285950963,OPYTIMIZER
opy_IWO,-100,260,5,260,MABBOB_260,0.3343293001032624,0.1012819159622418,OPYTIMIZER
opy_ABC,-100,955,5,955,MABBOB_955,0.07279629656044621,0.047305421258312164,OPYTIMIZER
opy_EO,-100,317,5,317,MABBOB_317,0.0765593775468855,0.05007039065752726,OPYTIMIZER
opy_AOA,-100,24,5,24,MABBOB_24,0.28090936207670536,0.27114761896583345,OPYTIMIZER
opy_QSA,-100,324,5,324,MABBOB_324,0.1133696477160441,0.09330155684852218,OPYTIMIZER
opy_LSA,-100,542,5,542,MABBOB_542,0.0634897207822964,0.07270911872318915,OPYTIMIZER
opy_AEO,-100,555,5,555,MABBOB_555,0.20591609334157238,0.10386934540636276,OPYTIMIZER
opy_EO,-100,989,5,989,MABBOB_989,0.05840262648099757,0.07292613419185445,OPYTIMIZER
opy_TWO,-100,114,5,114,MABBOB_114,0.3086554794791846,0.11744568403022786,OPYTIMIZER
opy_GA,-100,144,5,144,MABBOB_144,0.18747748966794456,0.24981419814731357,OPYTIMIZER
opy_IWO,-100,954,5,954,MABBOB_954,0.13313780722439894,0.18062127897531285,OPYTIMIZER
opy_AEO,-100,400,5,400,MABBOB_400,0.42673663117932337,0.0978867304165186,OPYTIMIZER
opy_SAVPSO,-100,415,5,415,MABBOB_415,0.12347763842018322,0.08949235630843319,OPYTIMIZER
opy_EO,-100,502,5,502,MABBOB_502,0.08872253306292237,0.024855022936170174,OPYTIMIZER
opy_RFO,-100,688,5,688,MABBOB_688,0.12031929545403305,0.08295252157408908,OPYTIMIZER
opy_IWO,-100,870,5,870,MABBOB_870,0.2174703361233991,0.1577682477533996,OPYTIMIZER
opy_GA,-100,421,5,421,MABBOB_421,0.1254159074952419,0.06897015493133478,OPYTIMIZER
opy_GA,-100,901,5,901,MABBOB_901,0.1668328629028451,0.15015811097997595,OPYTIMIZER
opy_DE,-100,763,5,763,MABBOB_763,0.14501600527397546,0.21550744677078162,OPYTIMIZER
opy_SAVPSO,-100,759,5,759,MABBOB_759,0.2878530790680068,0.042109907490822454,OPYTIMIZER
opy_GOA,-100,44,5,44,MABBOB_44,0.06572844122469114,0.045507797804862714,OPYTIMIZER
opy_EO,-100,592,5,592,MABBOB_592,0.13263647683437257,0.03843521288610707,OPYTIMIZER
opy_MVPA,-100,558,5,558,MABBOB_558,0.10484026639810766,0.06273370384200783,OPYTIMIZER
opy_RPSO,-100,901,5,901,MABBOB_901,0.10961542613084607,0.08948400882358837,OPYTIMIZER
opy_ABC,-100,163,5,163,MABBOB_163,0.029565339380123817,0.014332617705084578,OPYTIMIZER
opy_AOA,-100,44,5,44,MABBOB_44,0.12116284554494705,0.09186856292179947,OPYTIMIZER
opy_MVPA,-100,266,5,266,MABBOB_266,0.3364570714442351,0.2420943502574311,OPYTIMIZER
opy_IWO,-100,330,5,330,MABBOB_330,0.35909948888499865,0.22306790904770338,OPYTIMIZER
opy_DE,-100,101,5,101,MABBOB_101,0.057606063180350754,0.02362324532598406,OPYTIMIZER
opy_WEO,-100,1,5,1,MABBOB_1,0.09266300091449892,0.1625322482827835,OPYTIMIZER
opy_SSA,-100,466,5,466,MABBOB_466,0.20386862348287185,0.04346582737350982,OPYTIMIZER
opy_ABC,-100,577,5,577,MABBOB_577,0.202474972957483,0.08192709044530902,OPYTIMIZER
opy_SOS,-100,494,5,494,MABBOB_494,0.05692186147047237,0.06187069532890799,OPYTIMIZER
opy_GCO,-100,449,5,449,MABBOB_449,0.023071309203125077,0.010949810600156798,OPYTIMIZER
opy_SOS,-100,415,5,415,MABBOB_415,0.24588342936788563,0.27212139309362987,OPYTIMIZER
opy_TWO,-100,423,5,423,MABBOB_423,0.0971272031203903,0.07811461194026867,OPYTIMIZER
opy_COA,-100,993,5,993,MABBOB_993,0.17856158480777556,0.03788836402799373,OPYTIMIZER
opy_SAVPSO,-100,555,5,555,MABBOB_555,0.11500989387848089,0.0688051429903997,OPYTIMIZER
opy_QSA,-100,741,5,741,MABBOB_741,0.15483375466654903,0.16860861686873105,OPYTIMIZER
opy_EO,-100,348,5,348,MABBOB_348,0.029928600562055974,0.012655419567652607,OPYTIMIZER
opy_IWO,-100,597,5,597,MABBOB_597,0.2815101285355167,0.2349833842607202,OPYTIMIZER
opy_WEO,-100,782,5,782,MABBOB_782,0.28332504351316046,0.14040452253471267,OPYTIMIZER
opy_TWO,-100,215,5,215,MABBOB_215,0.19138922038679682,0.13410823816633965,OPYTIMIZER
opy_SSA,-100,639,5,639,MABBOB_639,0.13884073092225185,0.03636466897251072,OPYTIMIZER
opy_MVPA,-100,359,5,359,MABBOB_359,0.2482505679942467,0.11322394899527136,OPYTIMIZER
opy_LSA,-100,639,5,639,MABBOB_639,0.11450630888154567,0.04710757559757106,OPYTIMIZER
opy_CS,-100,404,5,404,MABBOB_404,0.058357563895502194,0.03926505629440048,OPYTIMIZER
opy_IWO,-100,387,5,387,MABBOB_387,0.02881391799180154,0.0182769049741084,OPYTIMIZER
opy_DE,-100,161,5,161,MABBOB_161,0.2045724367127494,0.10544244048581261,OPYTIMIZER
opy_RPSO,-100,1,5,1,MABBOB_1,0.018321845568880227,0.016481753224530906,OPYTIMIZER
opy_SAVPSO,-100,212,5,212,MABBOB_212,0.05611534920328494,0.05289608374790727,OPYTIMIZER
opy_GOA,-100,404,5,404,MABBOB_404,0.0352515746240073,0.02277644631013357,OPYTIMIZER
opy_MVPA,-100,330,5,330,MABBOB_330,0.14868568887530512,0.06279323884839616,OPYTIMIZER
opy_AEO,-100,530,5,530,MABBOB_530,0.05821893236978405,0.09765371249178108,OPYTIMIZER
opy_AOA,-100,270,5,270,MABBOB_270,0.23716133579334508,0.14855677703667178,OPYTIMIZER
opy_RRA,-100,993,5,993,MABBOB_993,0.17391492954307602,0.04938923504383664,OPYTIMIZER
opy_SAVPSO,-100,123,5,123,MABBOB_123,0.10662443211180153,0.08135720225816853,OPYTIMIZER
opy_RRA,-100,491,5,491,MABBOB_491,0.20943145533157068,0.21824945168071636,OPYTIMIZER
opy_DE,-100,738,5,738,MABBOB_738,0.28205521683840734,0.36496876243037224,OPYTIMIZER
opy_GA,-100,430,5,430,MABBOB_430,0.05283234554328505,0.040675677632508477,OPYTIMIZER
opy_IWO,-100,943,5,943,MABBOB_943,0.5187654640258195,0.16185153549986145,OPYTIMIZER
opy_RPSO,-100,738,5,738,MABBOB_738,0.18430311890234385,0.2075097164196611,OPYTIMIZER
opy_BSA,-100,324,5,324,MABBOB_324,0.2017387478008547,0.1995675294546467,OPYTIMIZER
opy_IWO,-100,333,5,333,MABBOB_333,0.02541816649428852,0.01098791645607086,OPYTIMIZER
opy_RRA,-100,567,5,567,MABBOB_567,0.279569062824382,0.23145129135101836,OPYTIMIZER
opy_EO,-100,181,5,181,MABBOB_181,0.032527110541279936,0.016208648692092355,OPYTIMIZER
opy_BSA,-100,538,5,538,MABBOB_538,0.38096480268392974,0.11059776882798578,OPYTIMIZER
opy_ABO,-100,769,5,769,MABBOB_769,0.18312966227617872,0.17303310460321478,OPYTIMIZER
opy_SSA,-100,558,5,558,MABBOB_558,0.2387650855191227,0.1635712582477,OPYTIMIZER
opy_RPSO,-100,556,5,556,MABBOB_556,0.034162493036302824,0.014276117881645796,OPYTIMIZER
opy_MVPA,-100,706,5,706,MABBOB_706,0.21865471416072224,0.08806696414947357,OPYTIMIZER
opy_AEO,-100,390,5,390,MABBOB_390,0.03060685653221617,0.02676229387949576,OPYTIMIZER
opy_EO,-100,97,5,97,MABBOB_97,0.054612192756022214,0.017152843837628672,OPYTIMIZER
opy_TWO,-100,149,5,149,MABBOB_149,0.12518835298093223,0.05768733589001032,OPYTIMIZER
opy_BSA,-100,2,5,2,MABBOB_2,0.36944608099180204,0.32174480410952055,OPYTIMIZER
opy_RFO,-100,812,5,812,MABBOB_812,0.07864528702307047,0.04959828621837533,OPYTIMIZER
opy_TWO,-100,367,5,367,MABBOB_367,0.20586586685297928,0.15767174412788693,OPYTIMIZER
opy_GCO,-100,646,5,646,MABBOB_646,0.24470929506671166,0.19476235756752533,OPYTIMIZER
opy_ABO,-100,350,5,350,MABBOB_350,0.18853621085947017,0.11224052506626814,OPYTIMIZER
opy_CS,-100,115,5,115,MABBOB_115,0.28430113517146294,0.15174847418269377,OPYTIMIZER
opy_MVPA,-100,8,5,8,MABBOB_8,0.10712012273190272,0.05144310717596728,OPYTIMIZER
opy_LSA,-100,713,5,713,MABBOB_713,0.06262638479998654,0.03987266639945855,OPYTIMIZER
opy_BSA,-100,346,5,346,MABBOB_346,0.2206531423105853,0.2283323211919835,OPYTIMIZER
opy_ASO,-100,359,5,359,MABBOB_359,0.44739682430674177,0.08165975131590004,OPYTIMIZER
opy_ABC,-100,275,5,275,MABBOB_275,0.23228493546685577,0.1362244027893558,OPYTIMIZER
opy_ABO,-100,528,5,528,MABBOB_528,0.04237061227166579,0.037933870703152614,OPYTIMIZER
opy_ASO,-100,617,5,617,MABBOB_617,0.31605033637300217,0.2590368947716673,OPYTIMIZER
opy_LSA,-100,577,5,577,MABBOB_577,0.11832656335789808,0.049487789868970095,OPYTIMIZER
opy_RPSO,-100,528,5,528,MABBOB_528,0.029563202320944865,0.025673555991043054,OPYTIMIZER
opy_ABO,-100,597,5,597,MABBOB_597,0.2588380863228438,0.21194718571653706,OPYTIMIZER
opy_SOS,-100,476,5,476,MABBOB_476,0.40403940035501434,0.07767026156888458,OPYTIMIZER
opy_IWO,-100,329,5,329,MABBOB_329,0.2340446729278225,0.21845191619075385,OPYTIMIZER
opy_GCO,-100,396,5,396,MABBOB_396,0.1705231696667116,0.1035145231037432,OPYTIMIZER
opy_QSA,-100,997,5,997,MABBOB_997,0.10122779391975982,0.07028713279994758,OPYTIMIZER
opy_IWO,-100,989,5,989,MABBOB_989,0.1374176404673662,0.16971851242620367,OPYTIMIZER
opy_SSA,-100,37,5,37,MABBOB_37,0.3129607124515078,0.19872880827257233,OPYTIMIZER
opy_RFO,-100,494,5,494,MABBOB_494,0.06263288510283299,0.07012346810642436,OPYTIMIZER
opy_EO,-100,782,5,782,MABBOB_782,0.12759954187673592,0.06982640166086451,OPYTIMIZER
opy_AOA,-100,523,5,523,MABBOB_523,0.09323343242323415,0.03643510843875138,OPYTIMIZER
opy_RPSO,-100,949,5,949,MABBOB_949,0.08663009141450687,0.0593757702060982,OPYTIMIZER
opy_COA,-100,608,5,608,MABBOB_608,0.39177411496460923,0.23203443724965628,OPYTIMIZER
opy_WEO,-100,123,5,123,MABBOB_123,0.3416761500356432,0.24300880647056175,OPYTIMIZER
opy_SSA,-100,1,5,1,MABBOB_1,0.08286844867716764,0.14381526646739612,OPYTIMIZER
opy_GCO,-100,105,5,105,MABBOB_105,0.26697020928196946,0.10770562385656968,OPYTIMIZER
opy_ASO,-100,876,5,876,MABBOB_876,0.3328898155251147,0.17508609428686658,OPYTIMIZER
opy_QSA,-100,182,5,182,MABBOB_182,0.16082684305533426,0.038926340932135796,OPYTIMIZER
opy_ABC,-100,555,5,555,MABBOB_555,0.2061698025554132,0.07910822258869725,OPYTIMIZER
opy_ABC,-100,220,5,220,MABBOB_220,0.3677929309996664,0.2762830109204255,OPYTIMIZER
opy_AOA,-100,530,5,530,MABBOB_530,0.11172121902656025,0.2045938223150802,OPYTIMIZER
opy_AEO,-100,788,5,788,MABBOB_788,0.05896545609258963,0.0385187155023844,OPYTIMIZER
opy_ASO,-100,891,5,891,MABBOB_891,0.7872430047683268,0.24669236252913054,OPYTIMIZER
opy_AOA,-100,212,5,212,MABBOB_212,0.0894593827032227,0.07743104907325171,OPYTIMIZER
opy_RRA,-100,103,5,103,MABBOB_103,0.15892556349581974,0.1402296902954819,OPYTIMIZER
opy_GCO,-100,118,5,118,MABBOB_118,0.13401414848031737,0.16813711118094618,OPYTIMIZER
opy_ABC,-100,181,5,181,MABBOB_181,0.0664107559195065,0.056929275324594394,OPYTIMIZER
opy_GOA,-100,700,5,700,MABBOB_700,0.05879047123101409,0.034331806855344246,OPYTIMIZER
opy_BSA,-100,329,5,329,MABBOB_329,0.2592100891996671,0.20908646781680784,OPYTIMIZER
opy_TWO,-100,766,5,766,MABBOB_766,0.049662090903785,0.015501456171821951,OPYTIMIZER
opy_EO,-100,350,5,350,MABBOB_350,0.07206176058783179,0.03495602990506131,OPYTIMIZER
opy_ASO,-100,536,5,536,MABBOB_536,0.3006032671989828,0.13658512806294928,OPYTIMIZER
opy_COA,-100,466,5,466,MABBOB_466,0.22779913616068873,0.05228884153718554,OPYTIMIZER
opy_LSA,-100,430,5,430,MABBOB_430,0.07939942814052683,0.07327314463324694,OPYTIMIZER
opy_TWO,-100,268,5,268,MABBOB_268,0.21759275024795693,0.03748128306581026,OPYTIMIZER
opy_COA,-100,761,5,761,MABBOB_761,0.11154879405524824,0.018381960764438255,OPYTIMIZER
opy_TWO,-100,40,5,40,MABBOB_40,0.05854732427379652,0.06412755119382645,OPYTIMIZER
opy_QSA,-100,192,5,192,MABBOB_192,0.06508565436598938,0.04417157740077544,OPYTIMIZER
opy_ASO,-100,451,5,451,MABBOB_451,0.018429748177973066,0.01279057069000173,OPYTIMIZER
opy_ASO,-100,163,5,163,MABBOB_163,0.038015965184360366,0.017389800637585023,OPYTIMIZER
opy_BSA,-100,558,5,558,MABBOB_558,0.48828027994221895,0.24224575987750793,OPYTIMIZER
opy_IWO,-100,617,5,617,MABBOB_617,0.28724182254838476,0.2344892335470164,OPYTIMIZER
opy_TWO,-100,217,5,217,MABBOB_217,0.14537935894626117,0.08289802650924262,OPYTIMIZER
opy_AOA,-100,368,5,368,MABBOB_368,0.22553853117906358,0.35050333024889163,OPYTIMIZER
opy_LSA,-100,348,5,348,MABBOB_348,0.03203973110432391,0.01515524307936363,OPYTIMIZER
opy_SAVPSO,-100,657,5,657,MABBOB_657,0.3147391330030406,0.10775886951908664,OPYTIMIZER
opy_DE,-100,144,5,144,MABBOB_144,0.18072659954248146,0.21216204733300545,OPYTIMIZER
opy_MVPA,-100,911,5,911,MABBOB_911,0.22837728901656104,0.18182327821943525,OPYTIMIZER
opy_SOS,-100,691,5,691,MABBOB_691,0.016816868755645815,0.013970569190112136,OPYTIMIZER
opy_RRA,-100,779,5,779,MABBOB_779,0.06081201621224815,0.048710784360488514,OPYTIMIZER
opy_DE,-100,982,5,982,MABBOB_982,0.023013137095980123,0.007531195540074106,OPYTIMIZER
opy_CS,-100,67,5,67,MABBOB_67,0.19320038980692683,0.09850018047891376,OPYTIMIZER
opy_IWO,-100,567,5,567,MABBOB_567,0.07983630553314568,0.045323582975705275,OPYTIMIZER
opy_TWO,-100,763,5,763,MABBOB_763,0.10014987128204647,0.14386033037749407,OPYTIMIZER
opy_RPSO,-100,387,5,387,MABBOB_387,0.021485738136392867,0.013328548306443418,OPYTIMIZER
opy_SAVPSO,-100,426,5,426,MABBOB_426,0.08710452017262893,0.06297556202782824,OPYTIMIZER
opy_IWO,-100,782,5,782,MABBOB_782,0.1800358955279388,0.10630260696134473,OPYTIMIZER
opy_MVPA,-100,529,5,529,MABBOB_529,0.040334130478767834,0.01167733748303472,OPYTIMIZER
opy_RRA,-100,707,5,707,MABBOB_707,0.2634289266631089,0.15446568059850843,OPYTIMIZER
opy_AOA,-100,188,5,188,MABBOB_188,0.09066776033199268,0.03264857823400686,OPYTIMIZER
opy_WEO,-100,769,5,769,MABBOB_769,0.22819079328505248,0.23370217127057955,OPYTIMIZER
opy_BSA,-100,714,5,714,MABBOB_714,0.22344242228200187,0.3023436532681014,OPYTIMIZER
opy_AEO,-100,350,5,350,MABBOB_350,0.0736637393897408,0.054245883657035504,OPYTIMIZER
opy_ABO,-100,99,5,99,MABBOB_99,0.34425763028166645,0.19723404077135692,OPYTIMIZER
opy_TWO,-100,565,5,565,MABBOB_565,0.054951851921114646,0.023955747135298563,OPYTIMIZER
opy_SOS,-100,217,5,217,MABBOB_217,0.1592632288578263,0.0855106373326574,OPYTIMIZER
opy_WEO,-100,830,5,830,MABBOB_830,0.417778158240529,0.3014324942000355,OPYTIMIZER
opy_GOA,-100,346,5,346,MABBOB_346,0.029826864623681136,0.023879989555180395,OPYTIMIZER
opy_WEO,-100,33,5,33,MABBOB_33,0.2512920313181374,0.1781709719023512,OPYTIMIZER
opy_RRA,-100,699,5,699,MABBOB_699,0.09964620885048707,0.047641619357034815,OPYTIMIZER
opy_BSA,-100,74,5,74,MABBOB_74,0.10772049461098557,0.16553885139501018,OPYTIMIZER
opy_ASO,-100,33,5,33,MABBOB_33,0.29995365049550793,0.2494386476567694,OPYTIMIZER
opy_CS,-100,531,5,531,MABBOB_531,0.27932622364592385,0.16017902144551235,OPYTIMIZER
opy_QSA,-100,604,5,604,MABBOB_604,0.210040736613705,0.23143234298301002,OPYTIMIZER
opy_BSA,-100,103,5,103,MABBOB_103,0.26476927867419847,0.15732976652665956,OPYTIMIZER
opy_TWO,-100,542,5,542,MABBOB_542,0.051497493517867754,0.04475169294894878,OPYTIMIZER
opy_SSA,-100,350,5,350,MABBOB_350,0.234968972947867,0.17572185289188233,OPYTIMIZER
opy_TWO,-100,26,5,26,MABBOB_26,0.13940576020061263,0.16316482414604358,OPYTIMIZER
opy_QSA,-100,565,5,565,MABBOB_565,0.06054406764887119,0.06463440807035355,OPYTIMIZER
opy_SAVPSO,-100,862,5,862,MABBOB_862,0.12507484657105242,0.15706544180156048,OPYTIMIZER
opy_DE,-100,586,5,586,MABBOB_586,0.2200528906442588,0.12964404496994117,OPYTIMIZER
opy_AOA,-100,709,5,709,MABBOB_709,0.20076359055079335,0.09945640023360737,OPYTIMIZER
opy_QSA,-100,766,5,766,MABBOB_766,0.09017907877378943,0.0757368019017244,OPYTIMIZER
opy_SAVPSO,-100,965,5,965,MABBOB_965,0.2524858807445768,0.07305264206751265,OPYTIMIZER
opy_EO,-100,965,5,965,MABBOB_965,0.25320596368208725,0.07820715304180519,OPYTIMIZER
opy_SOS,-100,731,5,731,MABBOB_731,0.03905829550294458,0.014990342723907452,OPYTIMIZER
opy_RRA,-100,466,5,466,MABBOB_466,0.1128865362508844,0.03538632742553862,OPYTIMIZER
opy_AEO,-100,608,5,608,MABBOB_608,0.3480460758430412,0.21992064740947673,OPYTIMIZER
opy_BSA,-100,731,5,731,MABBOB_731,0.09501537995804728,0.07762644511168905,OPYTIMIZER
opy_GCO,-100,639,5,639,MABBOB_639,0.1968475983947176,0.09937845123144648,OPYTIMIZER
opy_ABC,-100,264,5,264,MABBOB_264,0.13387458552438875,0.0455339632269245,OPYTIMIZER
opy_RPSO,-100,782,5,782,MABBOB_782,0.12354032808002795,0.062412732359470265,OPYTIMIZER
opy_CS,-100,147,5,147,MABBOB_147,0.15153572432430407,0.09341217114081482,OPYTIMIZER
opy_IWO,-100,949,5,949,MABBOB_949,0.04711622238291697,0.020039881387524695,OPYTIMIZER
opy_ABC,-100,741,5,741,MABBOB_741,0.11660338399877024,0.11866839841157567,OPYTIMIZER
opy_WEO,-100,731,5,731,MABBOB_731,0.10203338234633745,0.07070188753107143,OPYTIMIZER
opy_COA,-100,373,5,373,MABBOB_373,0.3059969987909143,0.34194221135231373,OPYTIMIZER
opy_EO,-100,844,5,844,MABBOB_844,0.08284203378334969,0.051789083190201556,OPYTIMIZER
opy_DE,-100,639,5,639,MABBOB_639,0.1615428352773811,0.06932447016525795,OPYTIMIZER
opy_ASO,-100,1,5,1,MABBOB_1,0.02316413747095099,0.02463201016619235,OPYTIMIZER
opy_ABC,-100,418,5,418,MABBOB_418,0.2410334804351327,0.260918703131312,OPYTIMIZER
opy_RRA,-100,243,5,243,MABBOB_243,0.015576451742336034,0.01014733776832747,OPYTIMIZER
opy_RRA,-100,763,5,763,MABBOB_763,0.15813307066862028,0.264997778935581,OPYTIMIZER
opy_ASO,-100,691,5,691,MABBOB_691,0.01852795272375471,0.014996001857695066,OPYTIMIZER
opy_AOA,-100,950,5,950,MABBOB_950,0.13758834682075044,0.09898192312246322,OPYTIMIZER
opy_WEO,-100,982,5,982,MABBOB_982,0.028481791388584032,0.010350219965786151,OPYTIMIZER
opy_QSA,-100,33,5,33,MABBOB_33,0.1650918308714932,0.1357050796084913,OPYTIMIZER
opy_IWO,-100,115,5,115,MABBOB_115,0.4107458725531498,0.2639722256795195,OPYTIMIZER
opy_ABC,-100,430,5,430,MABBOB_430,0.06883019597542048,0.062158585992659485,OPYTIMIZER
opy_RRA,-100,536,5,536,MABBOB_536,0.16973162044734943,0.0645007688070507,OPYTIMIZER
opy_RRA,-100,773,5,773,MABBOB_773,0.2964948026063475,0.12533263716492907,OPYTIMIZER
opy_IWO,-100,491,5,491,MABBOB_491,0.31581708926360746,0.2574915041277448,OPYTIMIZER
opy_ASO,-100,746,5,746,MABBOB_746,0.27044128093159203,0.0509912119440394,OPYTIMIZER
opy_LSA,-100,419,5,419,MABBOB_419,0.20657094519233551,0.14313997215998847,OPYTIMIZER
opy_TWO,-100,577,5,577,MABBOB_577,0.11952035829742073,0.06289649046279885,OPYTIMIZER
opy_TWO,-100,327,5,327,MABBOB_327,0.19996592693958382,0.12589996997286404,OPYTIMIZER
opy_COA,-100,798,5,798,MABBOB_798,0.30270881858190174,0.10881035769873738,OPYTIMIZER
opy_GCO,-100,606,5,606,MABBOB_606,0.2796635096970302,0.06648141878813028,OPYTIMIZER
opy_TWO,-100,961,5,961,MABBOB_961,0.18764813738528133,0.11717940052540565,OPYTIMIZER
opy_IWO,-100,62,5,62,MABBOB_62,0.5536390886296684,0.2615604666197978,OPYTIMIZER
opy_RPSO,-100,542,5,542,MABBOB_542,0.04661983118698616,0.044953786532132056,OPYTIMIZER
opy_RPSO,-100,324,5,324,MABBOB_324,0.0730835196650563,0.07583007709294363,OPYTIMIZER
opy_ASO,-100,360,5,360,MABBOB_360,0.33765903522512863,0.340087707698176,OPYTIMIZER
opy_AOA,-100,556,5,556,MABBOB_556,0.09347829468984521,0.03485085388073955,OPYTIMIZER
opy_BSA,-100,192,5,192,MABBOB_192,0.2992499394458254,0.19558687758069498,OPYTIMIZER
opy_CS,-100,396,5,396,MABBOB_396,0.19939779999020146,0.1344021614276708,OPYTIMIZER
opy_QSA,-100,556,5,556,MABBOB_556,0.049842792007292525,0.014755895230171087,OPYTIMIZER
opy_QSA,-100,855,5,855,MABBOB_855,0.09084097025271623,0.0798735416603352,OPYTIMIZER
opy_DE,-100,451,5,451,MABBOB_451,0.025518588331547888,0.017935148623572747,OPYTIMIZER
opy_TWO,-100,486,5,486,MABBOB_486,0.10216882593922302,0.05077139944507817,OPYTIMIZER
opy_BSA,-100,217,5,217,MABBOB_217,0.3368083888654477,0.17257891003958337,OPYTIMIZER
opy_MVPA,-100,508,5,508,MABBOB_508,0.08552049635249971,0.07014988321145767,OPYTIMIZER
opy_EO,-100,746,5,746,MABBOB_746,0.11014746886129805,0.019641368477004713,OPYTIMIZER
opy_DE,-100,538,5,538,MABBOB_538,0.20443030689148936,0.0589877057575173,OPYTIMIZER
opy_ABC,-100,609,5,609,MABBOB_609,0.20583286518441227,0.09440350881098301,OPYTIMIZER
opy_CS,-100,980,5,980,MABBOB_980,0.33653453523814836,0.17365541841691393,OPYTIMIZER
opy_RPSO,-100,182,5,182,MABBOB_182,0.07520738492100536,0.030066946496026425,OPYTIMIZER
opy_WEO,-100,528,5,528,MABBOB_528,0.11978756239613804,0.16460882632214768,OPYTIMIZER
opy_SOS,-100,961,5,961,MABBOB_961,0.18255078281533765,0.12779947480897827,OPYTIMIZER
opy_RRA,-100,597,5,597,MABBOB_597,0.17859506509043854,0.13383916314234542,OPYTIMIZER
opy_SOS,-100,400,5,400,MABBOB_400,0.39411812784950523,0.08755178695158487,OPYTIMIZER
opy_ASO,-100,62,5,62,MABBOB_62,0.5957989059752449,0.30983644334948396,OPYTIMIZER
opy_MVPA,-100,170,5,170,MABBOB_170,0.03569393840074059,0.028859262661426327,OPYTIMIZER
opy_AEO,-100,965,5,965,MABBOB_965,0.33359979150853486,0.09438034526305976,OPYTIMIZER
opy_AOA,-100,149,5,149,MABBOB_149,0.15336323160930163,0.079961864679019,OPYTIMIZER
opy_DE,-100,113,5,113,MABBOB_113,0.14543547604951307,0.14344408690831542,OPYTIMIZER
opy_SOS,-100,954,5,954,MABBOB_954,0.13777660638827385,0.19656914751965024,OPYTIMIZER
opy_SOS,-100,523,5,523,MABBOB_523,0.04895692078242111,0.021980239444622553,OPYTIMIZER
opy_TWO,-100,764,5,764,MABBOB_764,0.049333517410191305,0.048471720193174486,OPYTIMIZER
opy_TWO,-100,529,5,529,MABBOB_529,0.05385943493295044,0.026345279628349316,OPYTIMIZER
opy_ASO,-100,769,5,769,MABBOB_769,0.2350656963796199,0.23908760648763439,OPYTIMIZER
opy_GOA,-100,1,5,1,MABBOB_1,0.07484941226551844,0.1281737267831373,OPYTIMIZER
opy_GCO,-100,954,5,954,MABBOB_954,0.14689175927589573,0.19915851981004928,OPYTIMIZER
opy_ABO,-100,144,5,144,MABBOB_144,0.18106143854125062,0.19842691789324776,OPYTIMIZER
opy_ABO,-100,865,5,865,MABBOB_865,0.2646460715601192,0.23520655389570724,OPYTIMIZER
opy_SAVPSO,-100,811,5,811,MABBOB_811,0.04277511059584664,0.012225684504227105,OPYTIMIZER
opy_DE,-100,440,5,440,MABBOB_440,0.04875390861866581,0.0274585692960606,OPYTIMIZER
opy_EO,-100,464,5,464,MABBOB_464,0.09874887180358057,0.008929358538682984,OPYTIMIZER
opy_SSA,-100,756,5,756,MABBOB_756,0.38602751795868284,0.20086997027106693,OPYTIMIZER
opy_ASO,-100,810,5,810,MABBOB_810,0.2247961975025929,0.2604506171656479,OPYTIMIZER
opy_QSA,-100,449,5,449,MABBOB_449,0.02182253531508462,0.009968703121055375,OPYTIMIZER
opy_CS,-100,361,5,361,MABBOB_361,0.4420959915240917,0.20661325956093782,OPYTIMIZER
opy_RPSO,-100,864,5,864,MABBOB_864,0.058050508212860494,0.04545498652799219,OPYTIMIZER
opy_RFO,-100,879,5,879,MABBOB_879,0.10413971029331111,0.17896191201242123,OPYTIMIZER
opy_WEO,-100,107,5,107,MABBOB_107,0.13820031684296968,0.0759369182242261,OPYTIMIZER
opy_AEO,-100,629,5,629,MABBOB_629,0.12333522174004885,0.08154070479449102,OPYTIMIZER
opy_SAVPSO,-100,424,5,424,MABBOB_424,0.08324854469395503,0.05524000759357936,OPYTIMIZER
opy_COA,-100,456,5,456,MABBOB_456,0.017463795513140843,0.007393558314583895,OPYTIMIZER
opy_CS,-100,965,5,965,MABBOB_965,0.44334398243470596,0.1493401874992628,OPYTIMIZER
opy_AOA,-100,700,5,700,MABBOB_700,0.17708739198421744,0.12665397387016042,OPYTIMIZER
opy_COA,-100,707,5,707,MABBOB_707,0.3015062840546511,0.1517436649060557,OPYTIMIZER
opy_DE,-100,989,5,989,MABBOB_989,0.08615401065590503,0.08744581964395755,OPYTIMIZER
opy_SOS,-100,44,5,44,MABBOB_44,0.068892040713011,0.04119094521543586,OPYTIMIZER
opy_GOA,-100,371,5,371,MABBOB_371,0.1887711273396202,0.15556384996737518,OPYTIMIZER
opy_ABO,-100,827,5,827,MABBOB_827,0.30188045257495266,0.16299369800447577,OPYTIMIZER
opy_BSA,-100,759,5,759,MABBOB_759,0.45686112847201177,0.14661557389110336,OPYTIMIZER
opy_LSA,-100,266,5,266,MABBOB_266,0.4091873641049216,0.230600667598733,OPYTIMIZER
opy_ASO,-100,982,5,982,MABBOB_982,0.029177456300717143,0.010357878835911234,OPYTIMIZER
opy_TWO,-100,248,5,248,MABBOB_248,0.07450414317563707,0.1144722758946782,OPYTIMIZER
opy_ABC,-100,961,5,961,MABBOB_961,0.249038520900924,0.17693307500449762,OPYTIMIZER
opy_SSA,-100,740,5,740,MABBOB_740,0.1928544991637924,0.15039584324443145,OPYTIMIZER
opy_TWO,-100,107,5,107,MABBOB_107,0.04688604985770146,0.030033901544301838,OPYTIMIZER
opy_RPSO,-100,830,5,830,MABBOB_830,0.12107397815974556,0.10507019295257607,OPYTIMIZER
opy_GOA,-100,763,5,763,MABBOB_763,0.15845654843512483,0.25891015458096306,OPYTIMIZER
opy_RRA,-100,918,5,918,MABBOB_918,0.23342727382590986,0.06672809978421453,OPYTIMIZER
opy_GA,-100,530,5,530,MABBOB_530,0.051148219255684836,0.08352326785531251,OPYTIMIZER
opy_SAVPSO,-100,413,5,413,MABBOB_413,0.1678337555557619,0.13833798494220442,OPYTIMIZER
opy_AOA,-100,788,5,788,MABBOB_788,0.23702570435634868,0.1744750517326796,OPYTIMIZER
opy_AEO,-100,741,5,741,MABBOB_741,0.10810769589538183,0.10452189835724683,OPYTIMIZER
opy_GCO,-100,212,5,212,MABBOB_212,0.11456790774105893,0.09517833327790853,OPYTIMIZER
opy_TWO,-100,727,5,727,MABBOB_727,0.058775122263844494,0.07854636397460008,OPYTIMIZER
opy_SSA,-100,798,5,798,MABBOB_798,0.347602170417362,0.1290393245672548,OPYTIMIZER
opy_MVPA,-100,373,5,373,MABBOB_373,0.2341843151223988,0.23946549835542424,OPYTIMIZER
opy_SSA,-100,536,5,536,MABBOB_536,0.22131821518738595,0.08363590392921291,OPYTIMIZER
opy_RFO,-100,67,5,67,MABBOB_67,0.1600397467153482,0.09278974908261589,OPYTIMIZER
opy_RPSO,-100,426,5,426,MABBOB_426,0.14625932582878604,0.14014402303577284,OPYTIMIZER
opy_GA,-100,170,5,170,MABBOB_170,0.04841034514015532,0.024408778057241707,OPYTIMIZER
opy_SOS,-100,215,5,215,MABBOB_215,0.15715613294501293,0.09996710547282701,OPYTIMIZER
opy_GOA,-100,400,5,400,MABBOB_400,0.40237545747469383,0.12306863355855646,OPYTIMIZER
opy_SOS,-100,390,5,390,MABBOB_390,0.03216954495007225,0.029608806235454612,OPYTIMIZER
opy_EO,-100,101,5,101,MABBOB_101,0.03619588688013677,0.024052671500314572,OPYTIMIZER
opy_IWO,-100,51,5,51,MABBOB_51,0.0764174424493124,0.07710648623683254,OPYTIMIZER
opy_LSA,-100,426,5,426,MABBOB_426,0.12281990197743678,0.08962662627510382,OPYTIMIZER
opy_GOA,-100,264,5,264,MABBOB_264,0.08561907771878248,0.04132899717960541,OPYTIMIZER
opy_MVPA,-100,217,5,217,MABBOB_217,0.12521638368012755,0.07077402281262729,OPYTIMIZER
opy_RPSO,-100,827,5,827,MABBOB_827,0.10100006861488209,0.03443502157246352,OPYTIMIZER
opy_SOS,-100,220,5,220,MABBOB_220,0.3276818247237416,0.15330081511096555,OPYTIMIZER
opy_AOA,-100,502,5,502,MABBOB_502,0.3788503649503127,0.14606177230734108,OPYTIMIZER
opy_WEO,-100,699,5,699,MABBOB_699,0.23961396112274808,0.1475720452093648,OPYTIMIZER
opy_SAVPSO,-100,525,5,525,MABBOB_525,0.0763691563964449,0.03163669652196256,OPYTIMIZER
opy_SAVPSO,-100,348,5,348,MABBOB_348,0.03010248515652414,0.012798746569850647,OPYTIMIZER
opy_CS,-100,264,5,264,MABBOB_264,0.1445930775535649,0.05968159043412095,OPYTIMIZER
opy_RFO,-100,217,5,217,MABBOB_217,0.2107930338329603,0.11123171854029765,OPYTIMIZER
opy_MVPA,-100,270,5,270,MABBOB_270,0.17491263730689205,0.09517564451566893,OPYTIMIZER
opy_SSA,-100,327,5,327,MABBOB_327,0.15163909880447468,0.0721521734864711,OPYTIMIZER
opy_SSA,-100,707,5,707,MABBOB_707,0.3008532948010569,0.15192140485653954,OPYTIMIZER
opy_ASO,-100,530,5,530,MABBOB_530,0.13812139942656673,0.2573348758631642,OPYTIMIZER
opy_RFO,-100,982,5,982,MABBOB_982,0.0186719272639533,0.006757782246300472,OPYTIMIZER
opy_GOA,-100,827,5,827,MABBOB_827,0.18012317603027161,0.12526807368048595,OPYTIMIZER
opy_WEO,-100,565,5,565,MABBOB_565,0.16743218976348306,0.08527873543066394,OPYTIMIZER
opy_ASO,-100,149,5,149,MABBOB_149,0.47895273281394973,0.3045281723598324,OPYTIMIZER
opy_BSA,-100,810,5,810,MABBOB_810,0.253015791885786,0.2541753502863797,OPYTIMIZER
opy_IWO,-100,361,5,361,MABBOB_361,0.48403747524855245,0.17904238270014208,OPYTIMIZER
opy_AOA,-100,162,5,162,MABBOB_162,0.17398942026530068,0.08939632212071894,OPYTIMIZER
opy_LSA,-100,891,5,891,MABBOB_891,0.35614413806463546,0.11891294211223814,OPYTIMIZER
opy_RRA,-100,440,5,440,MABBOB_440,0.05515351071237414,0.040591941520086494,OPYTIMIZER
opy_COA,-100,727,5,727,MABBOB_727,0.11919680536260413,0.18283509893698321,OPYTIMIZER
opy_SOS,-100,190,5,190,MABBOB_190,0.05948462331469959,0.08171609902663232,OPYTIMIZER
opy_MVPA,-100,37,5,37,MABBOB_37,0.2264852418952497,0.1826589894545932,OPYTIMIZER
opy_LSA,-100,812,5,812,MABBOB_812,0.05984009626385496,0.021855425236694558,OPYTIMIZER
opy_RPSO,-100,606,5,606,MABBOB_606,0.21923950028505948,0.06656681563004367,OPYTIMIZER
opy_SSA,-100,88,5,88,MABBOB_88,0.060502901092314584,0.03722437012268397,OPYTIMIZER
opy_SOS,-100,371,5,371,MABBOB_371,0.1699000052704564,0.12828719568948757,OPYTIMIZER
opy_SAVPSO,-100,405,5,405,MABBOB_405,0.09078739239137376,0.0402047214720525,OPYTIMIZER
opy_RFO,-100,608,5,608,MABBOB_608,0.3505950911528021,0.2123343293749499,OPYTIMIZER
opy_TWO,-100,592,5,592,MABBOB_592,0.1849995521161427,0.0493153080315163,OPYTIMIZER
opy_TWO,-100,162,5,162,MABBOB_162,0.09351968711776079,0.031911200836142586,OPYTIMIZER
opy_LSA,-100,73,5,73,MABBOB_73,0.1563722334205089,0.06138707043017692,OPYTIMIZER
opy_ABC,-100,740,5,740,MABBOB_740,0.23751883121093464,0.1786298150265627,OPYTIMIZER
opy_AEO,-100,349,5,349,MABBOB_349,0.2656823728538228,0.10296041645309792,OPYTIMIZER
opy_GCO,-100,555,5,555,MABBOB_555,0.2918861735016899,0.15541195578247832,OPYTIMIZER
opy_BSA,-100,862,5,862,MABBOB_862,0.37494683470040047,0.32621803319372183,OPYTIMIZER
opy_RRA,-100,221,5,221,MABBOB_221,0.16517958324796586,0.12519780019035612,OPYTIMIZER
opy_DE,-100,114,5,114,MABBOB_114,0.4184409230085994,0.19106015457796452,OPYTIMIZER
opy_RPSO,-100,964,5,964,MABBOB_964,0.11927088004124249,0.06256946532211924,OPYTIMIZER
opy_LSA,-100,329,5,329,MABBOB_329,0.10020301202361044,0.09618932970739791,OPYTIMIZER
opy_ABO,-100,123,5,123,MABBOB_123,0.23275569967177806,0.16715175280665126,OPYTIMIZER
opy_COA,-100,348,5,348,MABBOB_348,0.0316395969090831,0.014644789758350119,OPYTIMIZER
opy_AEO,-100,476,5,476,MABBOB_476,0.5085969454126209,0.1586025218217812,OPYTIMIZER
opy_SAVPSO,-100,307,5,307,MABBOB_307,0.07167772196913991,0.07160419203392884,OPYTIMIZER
opy_EO,-100,954,5,954,MABBOB_954,0.12139723069344441,0.17451238766975027,OPYTIMIZER
opy_ABO,-100,862,5,862,MABBOB_862,0.28368350989263835,0.27908324109788385,OPYTIMIZER
opy_EO,-100,207,5,207,MABBOB_207,0.28698455734271533,0.08847187994795341,OPYTIMIZER
opy_GCO,-100,207,5,207,MABBOB_207,0.44150446004898536,0.14688994387023627,OPYTIMIZER
opy_BSA,-100,421,5,421,MABBOB_421,0.21236388082690855,0.13277644861124072,OPYTIMIZER
opy_RPSO,-100,689,5,689,MABBOB_689,0.019504649849284895,0.010896004519763804,OPYTIMIZER
opy_AEO,-100,739,5,739,MABBOB_739,0.04083802609856478,0.0137395709216968,OPYTIMIZER
opy_AOA,-100,608,5,608,MABBOB_608,0.37856912977495427,0.22755267565539325,OPYTIMIZER
opy_SAVPSO,-100,508,5,508,MABBOB_508,0.08389458741716484,0.06971232258738227,OPYTIMIZER
opy_SOS,-100,413,5,413,MABBOB_413,0.1932650772029188,0.15658559882130246,OPYTIMIZER
opy_ABC,-100,739,5,739,MABBOB_739,0.06028895948442535,0.024577497787610907,OPYTIMIZER
opy_ABO,-100,538,5,538,MABBOB_538,0.30589490786450124,0.08133073387404098,OPYTIMIZER
opy_ABO,-100,980,5,980,MABBOB_980,0.36577740932592956,0.18215344370305855,OPYTIMIZER
opy_TWO,-100,24,5,24,MABBOB_24,0.06343482967117897,0.03993585120756069,OPYTIMIZER
opy_GA,-100,739,5,739,MABBOB_739,0.05216484436799189,0.015100122747420222,OPYTIMIZER
opy_SAVPSO,-100,982,5,982,MABBOB_982,0.01856403575620279,0.008052092932424435,OPYTIMIZER
opy_COA,-100,359,5,359,MABBOB_359,0.37647107966519655,0.06709618724577923,OPYTIMIZER
opy_WEO,-100,617,5,617,MABBOB_617,0.31322745723350526,0.2599300856549859,OPYTIMIZER
opy_RFO,-100,367,5,367,MABBOB_367,0.20203379230000204,0.16286891388786037,OPYTIMIZER
opy_GA,-100,949,5,949,MABBOB_949,0.19169917510979662,0.08032134141455806,OPYTIMIZER
opy_LSA,-100,699,5,699,MABBOB_699,0.09738755876524376,0.05323526412475216,OPYTIMIZER
opy_AOA,-100,943,5,943,MABBOB_943,0.43173349108789766,0.154965352982705,OPYTIMIZER
opy_MVPA,-100,738,5,738,MABBOB_738,0.15433493901599465,0.20147528798723777,OPYTIMIZER
opy_CS,-100,709,5,709,MABBOB_709,0.25667624741369477,0.1119173390312362,OPYTIMIZER
opy_RFO,-100,606,5,606,MABBOB_606,0.21446496843960947,0.07144423787260219,OPYTIMIZER
opy_RRA,-100,862,5,862,MABBOB_862,0.11758488168667333,0.1033014361659205,OPYTIMIZER
opy_AEO,-100,738,5,738,MABBOB_738,0.23705204212562073,0.266327881333317,OPYTIMIZER
opy_AEO,-100,149,5,149,MABBOB_149,0.1640370790699945,0.09771223188785924,OPYTIMIZER
opy_RRA,-100,657,5,657,MABBOB_657,0.3529284661545723,0.050759727889826814,OPYTIMIZER
opy_BSA,-100,350,5,350,MABBOB_350,0.4488537526790489,0.23545536305393888,OPYTIMIZER
opy_GA,-100,558,5,558,MABBOB_558,0.2694536499592646,0.1794036333806668,OPYTIMIZER
opy_SAVPSO,-100,400,5,400,MABBOB_400,0.2992190503672602,0.04188131066960246,OPYTIMIZER
opy_ASO,-100,606,5,606,MABBOB_606,0.37021409352901646,0.1633694684665866,OPYTIMIZER
opy_GCO,-100,307,5,307,MABBOB_307,0.13969251774221902,0.1424828856812026,OPYTIMIZER
opy_RFO,-100,307,5,307,MABBOB_307,0.09127917331661753,0.10302577450943057,OPYTIMIZER
opy_ABC,-100,528,5,528,MABBOB_528,0.04054416924769015,0.04026719343861764,OPYTIMIZER
opy_SSA,-100,430,5,430,MABBOB_430,0.052972727938738993,0.039272796382401276,OPYTIMIZER
opy_AOA,-100,713,5,713,MABBOB_713,0.10207868760905311,0.07420626421210387,OPYTIMIZER
opy_LSA,-100,766,5,766,MABBOB_766,0.04541148273852906,0.02312822252990207,OPYTIMIZER
opy_TWO,-100,879,5,879,MABBOB_879,0.09842335793305781,0.16559376760354363,OPYTIMIZER
opy_SOS,-100,329,5,329,MABBOB_329,0.12976563034170494,0.10583493391069682,OPYTIMIZER
opy_WEO,-100,73,5,73,MABBOB_73,0.3588869981681464,0.23713671188841637,OPYTIMIZER
opy_TWO,-100,964,5,964,MABBOB_964,0.12811493160303628,0.0380952511078674,OPYTIMIZER
opy_SAVPSO,-100,170,5,170,MABBOB_170,0.03533490791397752,0.023746882027585417,OPYTIMIZER
opy_CS,-100,333,5,333,MABBOB_333,0.028198110923169546,0.016166121381850664,OPYTIMIZER
opy_ABC,-100,671,5,671,MABBOB_671,0.2579629166354317,0.1712753076951157,OPYTIMIZER
opy_AOA,-100,99,5,99,MABBOB_99,0.29475967204034603,0.1639508525646125,OPYTIMIZER
opy_MVPA,-100,608,5,608,MABBOB_608,0.37101807207626314,0.2461454713551518,OPYTIMIZER
opy_EO,-100,390,5,390,MABBOB_390,0.03270620810823628,0.02980157584441972,OPYTIMIZER
opy_LSA,-100,149,5,149,MABBOB_149,0.17649638799512973,0.11280610681059135,OPYTIMIZER
opy_ABO,-100,642,5,642,MABBOB_642,0.09121651435612023,0.05683886390125672,OPYTIMIZER
opy_GA,-100,162,5,162,MABBOB_162,0.1189218210469846,0.03746981879035313,OPYTIMIZER
opy_SOS,-100,855,5,855,MABBOB_855,0.06364146873564785,0.03521373218339429,OPYTIMIZER
opy_ABO,-100,530,5,530,MABBOB_530,0.11330896001552575,0.20776073500394915,OPYTIMIZER
opy_RRA,-100,764,5,764,MABBOB_764,0.04095678675703837,0.03555337792537815,OPYTIMIZER
opy_GCO,-100,592,5,592,MABBOB_592,0.45002818798674005,0.15017889670830564,OPYTIMIZER
opy_BSA,-100,246,5,246,MABBOB_246,0.16852515908043364,0.16831409676431322,OPYTIMIZER
opy_SOS,-100,531,5,531,MABBOB_531,0.11657613443649409,0.057760495901146174,OPYTIMIZER
opy_SOS,-100,333,5,333,MABBOB_333,0.02473841983107719,0.012975410755152437,OPYTIMIZER
opy_DE,-100,950,5,950,MABBOB_950,0.17362106771627886,0.07888079600939532,OPYTIMIZER
opy_AOA,-100,413,5,413,MABBOB_413,0.23016658424582284,0.1877569590830623,OPYTIMIZER
opy_RFO,-100,407,5,407,MABBOB_407,0.1368610025732331,0.0713996009425223,OPYTIMIZER
opy_WEO,-100,275,5,275,MABBOB_275,0.4239827366442954,0.22471324648964003,OPYTIMIZER
opy_SSA,-100,538,5,538,MABBOB_538,0.3183780776607314,0.11544866486941634,OPYTIMIZER
opy_WEO,-100,662,5,662,MABBOB_662,0.25669687402851993,0.20969918445004315,OPYTIMIZER
opy_MVPA,-100,212,5,212,MABBOB_212,0.05965918135620385,0.04185826304523486,OPYTIMIZER
opy_CS,-100,74,5,74,MABBOB_74,0.059758988976498825,0.0759420360896934,OPYTIMIZER
opy_GOA,-100,482,5,482,MABBOB_482,0.2608434669311835,0.1095035758993521,OPYTIMIZER
opy_AEO,-100,116,5,116,MABBOB_116,0.0490131728776011,0.03663670736473096,OPYTIMIZER
opy_ABC,-100,531,5,531,MABBOB_531,0.17160654887410323,0.10178442543095062,OPYTIMIZER
opy_SOS,-100,606,5,606,MABBOB_606,0.2281598448812543,0.07447349705636468,OPYTIMIZER
opy_ASO,-100,556,5,556,MABBOB_556,0.053593744461483885,0.014487307054948871,OPYTIMIZER
opy_ASO,-100,24,5,24,MABBOB_24,0.08107454438232213,0.049102689454710316,OPYTIMIZER
opy_IWO,-100,61,5,61,MABBOB_61,0.2653020741494929,0.09985318058996644,OPYTIMIZER
opy_ASO,-100,989,5,989,MABBOB_989,0.1377300162996474,0.16396704725386177,OPYTIMIZER
opy_GCO,-100,731,5,731,MABBOB_731,0.05282009712321043,0.03060741040182077,OPYTIMIZER
opy_MVPA,-100,739,5,739,MABBOB_739,0.032097971742820565,0.010453588277375997,OPYTIMIZER
opy_RPSO,-100,105,5,105,MABBOB_105,0.14314271330882228,0.06685128750496964,OPYTIMIZER
opy_WEO,-100,877,5,877,MABBOB_877,0.30330696359561377,0.17655289731094614,OPYTIMIZER
opy_GA,-100,788,5,788,MABBOB_788,0.08291725664876277,0.05649050346931524,OPYTIMIZER
opy_ABO,-100,97,5,97,MABBOB_97,0.1293016895246415,0.04441124335837992,OPYTIMIZER
opy_DE,-100,922,5,922,MABBOB_922,0.3892871714047141,0.094125530958881,OPYTIMIZER
opy_SSA,-100,144,5,144,MABBOB_144,0.17927533796487033,0.21094144769463857,OPYTIMIZER
opy_AEO,-100,208,5,208,MABBOB_208,0.10454855738301841,0.06618114788472568,OPYTIMIZER
opy_AEO,-100,878,5,878,MABBOB_878,0.17131852242745013,0.08342585618049236,OPYTIMIZER
opy_ABO,-100,451,5,451,MABBOB_451,0.015631754336140204,0.01228551328679327,OPYTIMIZER
opy_BSA,-100,617,5,617,MABBOB_617,0.3126673004809693,0.2610264690828661,OPYTIMIZER
opy_SOS,-100,787,5,787,MABBOB_787,0.11131363302431554,0.060034886716930545,OPYTIMIZER
opy_RFO,-100,40,5,40,MABBOB_40,0.07768070222010463,0.057792897590176195,OPYTIMIZER
opy_RPSO,-100,997,5,997,MABBOB_997,0.06649525295924615,0.03943451712971434,OPYTIMIZER
opy_RPSO,-100,671,5,671,MABBOB_671,0.1259092181148898,0.0728850914379777,OPYTIMIZER
opy_MVPA,-100,639,5,639,MABBOB_639,0.1008440808203546,0.03615807656230602,OPYTIMIZER
opy_AOA,-100,876,5,876,MABBOB_876,0.11059490334351585,0.06562411173142682,OPYTIMIZER
opy_EO,-100,830,5,830,MABBOB_830,0.09922674780469033,0.07302610839380166,OPYTIMIZER
opy_SOS,-100,773,5,773,MABBOB_773,0.305345545649278,0.1380822354309386,OPYTIMIZER
opy_GOA,-100,739,5,739,MABBOB_739,0.029902554529573293,0.010034669202203418,OPYTIMIZER
opy_ABC,-100,763,5,763,MABBOB_763,0.07727780120290118,0.09054841742835058,OPYTIMIZER
opy_GA,-100,215,5,215,MABBOB_215,0.2682654048825597,0.17093678698964576,OPYTIMIZER
opy_GA,-100,756,5,756,MABBOB_756,0.24175871970264154,0.1470287272009374,OPYTIMIZER
opy_ABC,-100,188,5,188,MABBOB_188,0.11138295461581102,0.0665339222988614,OPYTIMIZER
opy_RFO,-100,852,5,852,MABBOB_852,0.07754049710870381,0.0651016403031093,OPYTIMIZER
opy_COA,-100,445,5,445,MABBOB_445,0.09641912341633704,0.03568094317868422,OPYTIMIZER
opy_SAVPSO,-100,423,5,423,MABBOB_423,0.06936211017830018,0.05007902564156397,OPYTIMIZER
opy_BSA,-100,445,5,445,MABBOB_445,0.17213623923406957,0.05277511776279227,OPYTIMIZER
opy_RPSO,-100,407,5,407,MABBOB_407,0.13104843885554524,0.07828331553250864,OPYTIMIZER
opy_ASO,-100,848,5,848,MABBOB_848,0.6755929307537075,0.30422357263709554,OPYTIMIZER
opy_WEO,-100,177,5,177,MABBOB_177,0.26905520666719623,0.2069974741982739,OPYTIMIZER
opy_CS,-100,415,5,415,MABBOB_415,0.3097614200255717,0.10335382485677277,OPYTIMIZER
opy_COA,-100,525,5,525,MABBOB_525,0.15915037846282507,0.08991360174905334,OPYTIMIZER
opy_EO,-100,706,5,706,MABBOB_706,0.16302731213738236,0.06644867226296979,OPYTIMIZER
opy_CS,-100,982,5,982,MABBOB_982,0.02326942387800741,0.007926527633351464,OPYTIMIZER
opy_MVPA,-100,502,5,502,MABBOB_502,0.08163768557972166,0.03510386669442834,OPYTIMIZER
opy_GCO,-100,266,5,266,MABBOB_266,0.5830716999835334,0.3431577744150896,OPYTIMIZER
opy_LSA,-100,536,5,536,MABBOB_536,0.188681798069079,0.09933684763861048,OPYTIMIZER
opy_EO,-100,662,5,662,MABBOB_662,0.0800755094764288,0.06505835592481946,OPYTIMIZER
opy_MVPA,-100,836,5,836,MABBOB_836,0.12205759556281497,0.10476566499324345,OPYTIMIZER
opy_SSA,-100,461,5,461,MABBOB_461,0.05470892015311002,0.02509490061999252,OPYTIMIZER
opy_RPSO,-100,418,5,418,MABBOB_418,0.15276619737505953,0.14865697976603331,OPYTIMIZER
opy_GA,-100,772,5,772,MABBOB_772,0.35982808832285273,0.2709281782784426,OPYTIMIZER
opy_COA,-100,943,5,943,MABBOB_943,0.4099688077031686,0.10780042081019928,OPYTIMIZER
opy_WEO,-100,608,5,608,MABBOB_608,0.41799958336334714,0.23755433149072308,OPYTIMIZER
opy_SOS,-100,812,5,812,MABBOB_812,0.04829235024831001,0.009601267684690402,OPYTIMIZER
opy_ABO,-100,727,5,727,MABBOB_727,0.12160917015180883,0.15809031746423868,OPYTIMIZER
opy_SAVPSO,-100,865,5,865,MABBOB_865,0.15730281716376426,0.14701172075455113,OPYTIMIZER
opy_IWO,-100,530,5,530,MABBOB_530,0.08293183395188429,0.1469838566336512,OPYTIMIZER
opy_MVPA,-100,918,5,918,MABBOB_918,0.15528571161296825,0.047126196099622736,OPYTIMIZER
opy_MVPA,-100,707,5,707,MABBOB_707,0.22531399827111018,0.17242008699008576,OPYTIMIZER
opy_EO,-100,677,5,677,MABBOB_677,0.08959719045256337,0.030210704385627438,OPYTIMIZER
opy_IWO,-100,714,5,714,MABBOB_714,0.19859551582896565,0.3038937224494505,OPYTIMIZER
opy_RRA,-100,411,5,411,MABBOB_411,0.03939204812357923,0.034114940140151935,OPYTIMIZER
opy_ABC,-100,761,5,761,MABBOB_761,0.0951124334330321,0.030267835826173997,OPYTIMIZER
opy_RFO,-100,440,5,440,MABBOB_440,0.05049367713053972,0.031661864566001424,OPYTIMIZER
opy_RPSO,-100,740,5,740,MABBOB_740,0.12260158287944996,0.08075813586722264,OPYTIMIZER
opy_RPSO,-100,687,5,687,MABBOB_687,0.3148784904815008,0.20105934644347764,OPYTIMIZER
opy_CS,-100,482,5,482,MABBOB_482,0.29359658860079285,0.020916112564852506,OPYTIMIZER
opy_GA,-100,919,5,919,MABBOB_919,0.2711895913773694,0.14409038875581334,OPYTIMIZER
opy_IWO,-100,565,5,565,MABBOB_565,0.028394104350837567,0.011832598250483838,OPYTIMIZER
opy_COA,-100,772,5,772,MABBOB_772,0.41097435105572966,0.2920714744581181,OPYTIMIZER
opy_EO,-100,865,5,865,MABBOB_865,0.16201907206697228,0.1552573729227222,OPYTIMIZER
opy_TWO,-100,997,5,997,MABBOB_997,0.06702843694762871,0.01993736792183094,OPYTIMIZER
opy_CS,-100,1,5,1,MABBOB_1,0.01796438470366148,0.015321034793013232,OPYTIMIZER
opy_ABO,-100,62,5,62,MABBOB_62,0.4450765441609531,0.20898449313914894,OPYTIMIZER
opy_SSA,-100,400,5,400,MABBOB_400,0.3948743833717648,0.0685126570038358,OPYTIMIZER
opy_GOA,-100,147,5,147,MABBOB_147,0.08682008129811672,0.05533217111564639,OPYTIMIZER
opy_COA,-100,565,5,565,MABBOB_565,0.052981625490576466,0.03300864751798576,OPYTIMIZER
opy_CS,-100,779,5,779,MABBOB_779,0.08256729973143116,0.06417159522894982,OPYTIMIZER
opy_WEO,-100,954,5,954,MABBOB_954,0.1824624480321094,0.25721659072475656,OPYTIMIZER
opy_GCO,-100,739,5,739,MABBOB_739,0.05812837077139308,0.025954218004835796,OPYTIMIZER
opy_TWO,-100,359,5,359,MABBOB_359,0.2843498606537086,0.12924834463707166,OPYTIMIZER
opy_LSA,-100,747,5,747,MABBOB_747,0.10616906955208363,0.1041896336827832,OPYTIMIZER
opy_LSA,-100,270,5,270,MABBOB_270,0.21742413940997957,0.1495647922567069,OPYTIMIZER
opy_SSA,-100,646,5,646,MABBOB_646,0.14162114765792566,0.10043934809949139,OPYTIMIZER
opy_SOS,-100,991,5,991,MABBOB_991,0.05708887697858288,0.047775106018001355,OPYTIMIZER
opy_AEO,-100,876,5,876,MABBOB_876,0.10949851853485057,0.07129069241304643,OPYTIMIZER
opy_AOA,-100,538,5,538,MABBOB_538,0.3761932394065771,0.1257176304667495,OPYTIMIZER
opy_AEO,-100,215,5,215,MABBOB_215,0.21747961452529455,0.14145746593594416,OPYTIMIZER
opy_COA,-100,688,5,688,MABBOB_688,0.1625755089033844,0.12781147499790133,OPYTIMIZER
opy_GA,-100,113,5,113,MABBOB_113,0.14288472063689567,0.1398974383789755,OPYTIMIZER
opy_ASO,-100,740,5,740,MABBOB_740,0.3074327321583492,0.20823835963033455,OPYTIMIZER
opy_ASO,-100,901,5,901,MABBOB_901,0.3013085171225238,0.28389961277599535,OPYTIMIZER
opy_ABC,-100,407,5,407,MABBOB_407,0.22069017234129573,0.12449059180132871,OPYTIMIZER
opy_GA,-100,445,5,445,MABBOB_445,0.08510818598875695,0.015525711226131573,OPYTIMIZER
opy_SSA,-100,494,5,494,MABBOB_494,0.05859043764085088,0.060877675461224266,OPYTIMIZER
opy_TWO,-100,887,5,887,MABBOB_887,0.18290072132634128,0.08067982802929613,OPYTIMIZER
opy_QSA,-100,147,5,147,MABBOB_147,0.148340437900759,0.12069213255332585,OPYTIMIZER
opy_MVPA,-100,922,5,922,MABBOB_922,0.259239162790937,0.09485623512241984,OPYTIMIZER
opy_CS,-100,739,5,739,MABBOB_739,0.055307576061892946,0.023258033068941798,OPYTIMIZER
opy_GA,-100,747,5,747,MABBOB_747,0.12050885963414111,0.11635859056802374,OPYTIMIZER
opy_QSA,-100,795,5,795,MABBOB_795,0.25048214151827597,0.13245982073069457,OPYTIMIZER
opy_LSA,-100,421,5,421,MABBOB_421,0.09863325481646892,0.05115571097394427,OPYTIMIZER
opy_RRA,-100,113,5,113,MABBOB_113,0.09448798184897308,0.07880223766696515,OPYTIMIZER
opy_AEO,-100,494,5,494,MABBOB_494,0.053508124335491535,0.05692680512134995,OPYTIMIZER
opy_ABO,-100,965,5,965,MABBOB_965,0.4209297152894331,0.1473867494912191,OPYTIMIZER
opy_SAVPSO,-100,788,5,788,MABBOB_788,0.04164030770580461,0.01971849297103102,OPYTIMIZER
opy_RRA,-100,787,5,787,MABBOB_787,0.11793620616434375,0.06178653012853044,OPYTIMIZER
opy_RFO,-100,891,5,891,MABBOB_891,0.3869507229243855,0.16468626834796163,OPYTIMIZER
opy_LSA,-100,519,5,519,MABBOB_519,0.26906632325345103,0.16790981491121917,OPYTIMIZER
opy_LSA,-100,405,5,405,MABBOB_405,0.10528776011236576,0.06017590203148854,OPYTIMIZER
opy_LSA,-100,689,5,689,MABBOB_689,0.02200598900989619,0.013727370624142098,OPYTIMIZER
opy_RPSO,-100,700,5,700,MABBOB_700,0.05949569270089411,0.038902828135802786,OPYTIMIZER
opy_RPSO,-100,629,5,629,MABBOB_629,0.08399446620695512,0.059497348836101104,OPYTIMIZER
opy_EO,-100,727,5,727,MABBOB_727,0.05866612283529464,0.07435473083835491,OPYTIMIZER
opy_WEO,-100,864,5,864,MABBOB_864,0.18469596610828237,0.13877842552171762,OPYTIMIZER
opy_GCO,-100,782,5,782,MABBOB_782,0.19222768400811738,0.12597342586361,OPYTIMIZER
opy_WEO,-100,597,5,597,MABBOB_597,0.29543397502468205,0.1636794761536652,OPYTIMIZER
opy_ABO,-100,404,5,404,MABBOB_404,0.058357997894545544,0.04094097348161413,OPYTIMIZER
opy_SAVPSO,-100,346,5,346,MABBOB_346,0.03224676647218116,0.022875240765338232,OPYTIMIZER
opy_WEO,-100,779,5,779,MABBOB_779,0.1316638284591943,0.14114326412981723,OPYTIMIZER
opy_SAVPSO,-100,430,5,430,MABBOB_430,0.06317588399496085,0.0693499577281979,OPYTIMIZER
opy_ABC,-100,714,5,714,MABBOB_714,0.09850039966955669,0.12495726004313167,OPYTIMIZER
opy_RFO,-100,1,5,1,MABBOB_1,0.017441077534132793,0.014629897817169078,OPYTIMIZER
opy_RRA,-100,162,5,162,MABBOB_162,0.08988274613214153,0.025453844018157683,OPYTIMIZER
opy_BSA,-100,181,5,181,MABBOB_181,0.1650131947366114,0.14964216175639533,OPYTIMIZER
opy_QSA,-100,368,5,368,MABBOB_368,0.1741347202474988,0.2672268102886223,OPYTIMIZER
opy_DE,-100,855,5,855,MABBOB_855,0.05642112773101271,0.043555415664204046,OPYTIMIZER
opy_RFO,-100,878,5,878,MABBOB_878,0.1605817780439161,0.07304891493866955,OPYTIMIZER
opy_SSA,-100,97,5,97,MABBOB_97,0.13185625120002986,0.08192690084758705,OPYTIMIZER
opy_BSA,-100,812,5,812,MABBOB_812,0.13500672960029342,0.05938533296516048,OPYTIMIZER
opy_ABC,-100,101,5,101,MABBOB_101,0.05941925837124653,0.043859121847253484,OPYTIMIZER
opy_RFO,-100,176,5,176,MABBOB_176,0.30360490404639856,0.1134262719292482,OPYTIMIZER
opy_MVPA,-100,982,5,982,MABBOB_982,0.018677788106995448,0.0075338038515938835,OPYTIMIZER
opy_RPSO,-100,741,5,741,MABBOB_741,0.07059475273141746,0.061124571998938275,OPYTIMIZER
opy_SSA,-100,519,5,519,MABBOB_519,0.2685690937994592,0.12730794991907002,OPYTIMIZER
opy_AEO,-100,114,5,114,MABBOB_114,0.3201672402069793,0.10410040170859851,OPYTIMIZER
opy_GOA,-100,980,5,980,MABBOB_980,0.13032420473856526,0.06299912984632546,OPYTIMIZER
opy_ASO,-100,699,5,699,MABBOB_699,0.2927430121767024,0.16828145025611785,OPYTIMIZER
opy_DE,-100,73,5,73,MABBOB_73,0.24796053494740714,0.13190404691786842,OPYTIMIZER
opy_LSA,-100,264,5,264,MABBOB_264,0.09017975182289696,0.033149988754953695,OPYTIMIZER
opy_QSA,-100,662,5,662,MABBOB_662,0.1858470042964616,0.14629015706442144,OPYTIMIZER
opy_WEO,-100,756,5,756,MABBOB_756,0.46257048186393723,0.30069921749360035,OPYTIMIZER
opy_RPSO,-100,980,5,980,MABBOB_980,0.09990168125293455,0.027312750864742205,OPYTIMIZER
opy_RPSO,-100,257,5,257,MABBOB_257,0.08082425245062143,0.04953548114173976,OPYTIMIZER
opy_MVPA,-100,879,5,879,MABBOB_879,0.10233709942102087,0.1735401191465598,OPYTIMIZER
opy_WEO,-100,440,5,440,MABBOB_440,0.1114914612571408,0.09595497096723929,OPYTIMIZER
opy_ABC,-100,40,5,40,MABBOB_40,0.076753058175667,0.07823315138428033,OPYTIMIZER
opy_COA,-100,891,5,891,MABBOB_891,0.48925908360462167,0.2262598082763983,OPYTIMIZER
opy_BSA,-100,62,5,62,MABBOB_62,0.5708835779233336,0.2798930335004051,OPYTIMIZER
opy_DE,-100,367,5,367,MABBOB_367,0.29783273274121363,0.16892545486565919,OPYTIMIZER
opy_IWO,-100,123,5,123,MABBOB_123,0.06570170702198652,0.02968912984997037,OPYTIMIZER
opy_SSA,-100,333,5,333,MABBOB_333,0.022741622065152265,0.010681368449871295,OPYTIMIZER
opy_RFO,-100,162,5,162,MABBOB_162,0.08793631752581223,0.021510239120122662,OPYTIMIZER
opy_RRA,-100,203,5,203,MABBOB_203,0.14055837468968752,0.10006906560129741,OPYTIMIZER
opy_SAVPSO,-100,208,5,208,MABBOB_208,0.08497549461673949,0.06121191558382177,OPYTIMIZER
opy_IWO,-100,367,5,367,MABBOB_367,0.4424089797191895,0.3221904532000221,OPYTIMIZER
opy_CS,-100,536,5,536,MABBOB_536,0.2426218443673478,0.07859698002293908,OPYTIMIZER
opy_LSA,-100,220,5,220,MABBOB_220,0.24812551389963183,0.10552425400736588,OPYTIMIZER
opy_GA,-100,163,5,163,MABBOB_163,0.026597564658728416,0.016541391065043827,OPYTIMIZER
opy_GOA,-100,329,5,329,MABBOB_329,0.09576349231783374,0.07501118363242566,OPYTIMIZER
opy_SAVPSO,-100,166,5,166,MABBOB_166,0.10239679414691898,0.05758608161940234,OPYTIMIZER
opy_CS,-100,997,5,997,MABBOB_997,0.11845485409477682,0.09011528886196901,OPYTIMIZER
opy_TWO,-100,207,5,207,MABBOB_207,0.23776897966836602,0.12637436789399173,OPYTIMIZER
opy_AOA,-100,182,5,182,MABBOB_182,0.27794188749257787,0.08544677345278799,OPYTIMIZER
opy_GCO,-100,617,5,617,MABBOB_617,0.25090298221494545,0.20596975909348117,OPYTIMIZER
opy_CS,-100,99,5,99,MABBOB_99,0.34487668524730564,0.22719414841292507,OPYTIMIZER
opy_GCO,-100,2,5,2,MABBOB_2,0.30731249642942926,0.2740615455080479,OPYTIMIZER
opy_SSA,-100,2,5,2,MABBOB_2,0.3108850750582793,0.3270136695808548,OPYTIMIZER
opy_RFO,-100,618,5,618,MABBOB_618,0.14682003235921065,0.05834477769420087,OPYTIMIZER
opy_GOA,-100,878,5,878,MABBOB_878,0.1472197252178604,0.07857469322316463,OPYTIMIZER
opy_ASO,-100,266,5,266,MABBOB_266,0.6075265355786124,0.3295740033096629,OPYTIMIZER
opy_SAVPSO,-100,763,5,763,MABBOB_763,0.09120455530744223,0.13282490905495853,OPYTIMIZER
opy_ABC,-100,764,5,764,MABBOB_764,0.046398220943925615,0.03324061605916172,OPYTIMIZER
opy_RRA,-100,361,5,361,MABBOB_361,0.401422644354832,0.30137100756342083,OPYTIMIZER
opy_ABC,-100,642,5,642,MABBOB_642,0.08944371003803195,0.06145172251623127,OPYTIMIZER
opy_IWO,-100,456,5,456,MABBOB_456,0.019620678600152534,0.0075675427138996625,OPYTIMIZER
opy_WEO,-100,404,5,404,MABBOB_404,0.06687981588942392,0.03872047240131475,OPYTIMIZER
opy_ABC,-100,747,5,747,MABBOB_747,0.14224841842542596,0.14686634526145514,OPYTIMIZER
opy_RRA,-100,531,5,531,MABBOB_531,0.10583596588836215,0.05211386893353699,OPYTIMIZER
opy_ABO,-100,592,5,592,MABBOB_592,0.36369333560759054,0.06319933996038825,OPYTIMIZER
opy_SAVPSO,-100,639,5,639,MABBOB_639,0.08614974828929953,0.0222943172945953,OPYTIMIZER
opy_WEO,-100,423,5,423,MABBOB_423,0.34016043135967916,0.26279992055509865,OPYTIMIZER
opy_TWO,-100,33,5,33,MABBOB_33,0.1512882608961937,0.1369588782005015,OPYTIMIZER
opy_GCO,-100,787,5,787,MABBOB_787,0.14487829657854218,0.07538038910716072,OPYTIMIZER
opy_SAVPSO,-100,606,5,606,MABBOB_606,0.20300317294570397,0.06091056501852158,OPYTIMIZER
opy_SSA,-100,709,5,709,MABBOB_709,0.19281822014316463,0.07830210313910645,OPYTIMIZER
opy_LSA,-100,695,5,695,MABBOB_695,0.05980578638958038,0.03986854966001321,OPYTIMIZER
opy_WEO,-100,82,5,82,MABBOB_82,0.13490406922113488,0.05352656943927081,OPYTIMIZER
opy_COA,-100,177,5,177,MABBOB_177,0.08736522411288,0.10677956013281041,OPYTIMIZER
opy_EO,-100,538,5,538,MABBOB_538,0.11057361041932853,0.020569553658352308,OPYTIMIZER
opy_COA,-100,118,5,118,MABBOB_118,0.1297516064213367,0.1654834710324108,OPYTIMIZER
opy_CS,-100,217,5,217,MABBOB_217,0.21912085126508202,0.11959540709060837,OPYTIMIZER
opy_SOS,-100,520,5,520,MABBOB_520,0.12497720082542814,0.09270093700070976,OPYTIMIZER
opy_ABO,-100,482,5,482,MABBOB_482,0.37425839045285364,0.06689941127341445,OPYTIMIZER
opy_ABO,-100,773,5,773,MABBOB_773,0.4228834718786735,0.2446870103987672,OPYTIMIZER
opy_IWO,-100,426,5,426,MABBOB_426,0.33053128313749147,0.2421451141637071,OPYTIMIZER
opy_CS,-100,876,5,876,MABBOB_876,0.21106641760542805,0.16625634790608515,OPYTIMIZER
opy_EO,-100,769,5,769,MABBOB_769,0.16313775361071067,0.17239868751710927,OPYTIMIZER
opy_WEO,-100,887,5,887,MABBOB_887,0.5102281909128038,0.18458311049787482,OPYTIMIZER
opy_CS,-100,810,5,810,MABBOB_810,0.1153668200006432,0.08716583140849792,OPYTIMIZER
opy_AOA,-100,766,5,766,MABBOB_766,0.2040015226758091,0.11559462156645,OPYTIMIZER
opy_WEO,-100,24,5,24,MABBOB_24,0.3349237963177643,0.32128761239440273,OPYTIMIZER
opy_TWO,-100,950,5,950,MABBOB_950,0.08597349477231825,0.022550291146893237,OPYTIMIZER
opy_SSA,-100,410,5,410,MABBOB_410,0.06638678450837496,0.06814305896241414,OPYTIMIZER
opy_EO,-100,530,5,530,MABBOB_530,0.037179643830857236,0.055641323179780856,OPYTIMIZER
opy_ABC,-100,405,5,405,MABBOB_405,0.1551009998369876,0.07704005122234187,OPYTIMIZER
opy_COA,-100,1,5,1,MABBOB_1,0.01565984933185021,0.011340653589652557,OPYTIMIZER
opy_WEO,-100,415,5,415,MABBOB_415,0.525018062207424,0.29272043062683967,OPYTIMIZER
opy_WEO,-100,387,5,387,MABBOB_387,0.07018794942965076,0.08545899931337507,OPYTIMIZER
opy_COA,-100,657,5,657,MABBOB_657,0.4535250352025244,0.12894550677599403,OPYTIMIZER
opy_SSA,-100,961,5,961,MABBOB_961,0.1861049565423451,0.09707158791905783,OPYTIMIZER
opy_QSA,-100,388,5,388,MABBOB_388,0.10632044745781366,0.06128350586026975,OPYTIMIZER
opy_ABO,-100,264,5,264,MABBOB_264,0.15661730353078962,0.06838892223547964,OPYTIMIZER
opy_COA,-100,756,5,756,MABBOB_756,0.2959353459718605,0.11987447987331373,OPYTIMIZER
opy_RPSO,-100,396,5,396,MABBOB_396,0.09178656436186938,0.0382078411044618,OPYTIMIZER
opy_DE,-100,949,5,949,MABBOB_949,0.1256226176839028,0.07433658337884198,OPYTIMIZER
opy_WEO,-100,997,5,997,MABBOB_997,0.1408712634589598,0.09298846102656874,OPYTIMIZER
opy_LSA,-100,906,5,906,MABBOB_906,0.026248673708285496,0.013573162039019796,OPYTIMIZER
opy_ABO,-100,609,5,609,MABBOB_609,0.22082351128165315,0.1008477469304499,OPYTIMIZER
opy_SAVPSO,-100,248,5,248,MABBOB_248,0.07135451072719437,0.10854785824252869,OPYTIMIZER
opy_RRA,-100,848,5,848,MABBOB_848,0.46683130828957414,0.19880296614485807,OPYTIMIZER
opy_RRA,-100,769,5,769,MABBOB_769,0.18336604697049722,0.1884693866923615,OPYTIMIZER
opy_RFO,-100,466,5,466,MABBOB_466,0.1484240051230794,0.03556615523966983,OPYTIMIZER
opy_IWO,-100,317,5,317,MABBOB_317,0.2516446225382452,0.15546970510276373,OPYTIMIZER
opy_SOS,-100,965,5,965,MABBOB_965,0.28587095400874196,0.08794994203448066,OPYTIMIZER
opy_CS,-100,864,5,864,MABBOB_864,0.11314372555658062,0.10305646756687804,OPYTIMIZER
opy_CS,-100,657,5,657,MABBOB_657,0.4525390779481695,0.10996360257457259,OPYTIMIZER
opy_CS,-100,162,5,162,MABBOB_162,0.12402955564580456,0.043688108801051256,OPYTIMIZER
opy_SAVPSO,-100,163,5,163,MABBOB_163,0.016915184462479117,0.006896790592077184,OPYTIMIZER
opy_AEO,-100,6,5,6,MABBOB_6,0.16595708416235033,0.04129265781980946,OPYTIMIZER
opy_EO,-100,713,5,713,MABBOB_713,0.04876330775604946,0.029478519109109827,OPYTIMIZER
opy_SOS,-100,491,5,491,MABBOB_491,0.1789379487035992,0.13104242758632476,OPYTIMIZER
opy_QSA,-100,163,5,163,MABBOB_163,0.027240623962530124,0.010266961893325106,OPYTIMIZER
opy_TWO,-100,348,5,348,MABBOB_348,0.031010194790618256,0.013662296256548181,OPYTIMIZER
opy_GCO,-100,964,5,964,MABBOB_964,0.2913800929431426,0.08661491140275258,OPYTIMIZER
opy_AEO,-100,275,5,275,MABBOB_275,0.25798062915120945,0.15494003447139806,OPYTIMIZER
opy_TWO,-100,646,5,646,MABBOB_646,0.0938027859401773,0.07991659379664977,OPYTIMIZER
opy_LSA,-100,746,5,746,MABBOB_746,0.15008799197990913,0.02614895543171476,OPYTIMIZER
opy_IWO,-100,415,5,415,MABBOB_415,0.5438780239581004,0.313239880010078,OPYTIMIZER
opy_DE,-100,2,5,2,MABBOB_2,0.3064597325898838,0.26356438349093136,OPYTIMIZER
opy_GCO,-100,699,5,699,MABBOB_699,0.22603782911573195,0.15046466564717703,OPYTIMIZER
opy_RPSO,-100,259,5,259,MABBOB_259,0.052865454592582996,0.03575802067765494,OPYTIMIZER
opy_GOA,-100,208,5,208,MABBOB_208,0.09887169378144142,0.0666976345595279,OPYTIMIZER
opy_BSA,-100,898,5,898,MABBOB_898,0.12839232130718833,0.18272980986984338,OPYTIMIZER
opy_RRA,-100,980,5,980,MABBOB_980,0.1877481848523753,0.13944072894189447,OPYTIMIZER
opy_GCO,-100,922,5,922,MABBOB_922,0.4523885221930543,0.11555522512602326,OPYTIMIZER
opy_AEO,-100,898,5,898,MABBOB_898,0.07663834846057599,0.10318583233072184,OPYTIMIZER
opy_IWO,-100,662,5,662,MABBOB_662,0.26839886466126484,0.2117343581685701,OPYTIMIZER
opy_AOA,-100,410,5,410,MABBOB_410,0.06744519791141493,0.05737329835538726,OPYTIMIZER
opy_GOA,-100,6,5,6,MABBOB_6,0.13053237307030408,0.026222067492275118,OPYTIMIZER
opy_EO,-100,275,5,275,MABBOB_275,0.11881092001240964,0.037892868278450335,OPYTIMIZER
opy_RPSO,-100,761,5,761,MABBOB_761,0.07856064580211143,0.027899657677921845,OPYTIMIZER
opy_ABC,-100,170,5,170,MABBOB_170,0.041363190621701115,0.02763569894431577,OPYTIMIZER
opy_MVPA,-100,203,5,203,MABBOB_203,0.13142372601987556,0.1249952913858326,OPYTIMIZER
opy_WEO,-100,346,5,346,MABBOB_346,0.1946842733232845,0.23694086822964244,OPYTIMIZER
opy_EO,-100,523,5,523,MABBOB_523,0.04028621105124288,0.023779743757932882,OPYTIMIZER
opy_GA,-100,688,5,688,MABBOB_688,0.14056372435358616,0.10715722243930922,OPYTIMIZER
opy_DE,-100,192,5,192,MABBOB_192,0.07099997385510895,0.050156976519404685,OPYTIMIZER
opy_RRA,-100,727,5,727,MABBOB_727,0.06000570571845815,0.07755496259938438,OPYTIMIZER
opy_COA,-100,162,5,162,MABBOB_162,0.1179317045045097,0.04466627489523837,OPYTIMIZER
opy_GA,-100,709,5,709,MABBOB_709,0.16417137976505902,0.06726629497304965,OPYTIMIZER
opy_RPSO,-100,170,5,170,MABBOB_170,0.038959287171229914,0.03174655654000112,OPYTIMIZER
opy_RFO,-100,727,5,727,MABBOB_727,0.08472980667424204,0.11949492690118824,OPYTIMIZER
opy_COA,-100,97,5,97,MABBOB_97,0.0775821502748564,0.03062264650759908,OPYTIMIZER
opy_TWO,-100,260,5,260,MABBOB_260,0.17317218417619343,0.08825823031093594,OPYTIMIZER
opy_SAVPSO,-100,680,5,680,MABBOB_680,0.08574270058005945,0.053087678587651885,OPYTIMIZER
opy_TWO,-100,761,5,761,MABBOB_761,0.07443665492014997,0.008514590179507151,OPYTIMIZER
opy_RPSO,-100,388,5,388,MABBOB_388,0.07318185631500487,0.039393339456706006,OPYTIMIZER
opy_WEO,-100,34,5,34,MABBOB_34,0.28623666155193506,0.22700422779757917,OPYTIMIZER
opy_COA,-100,848,5,848,MABBOB_848,0.49114485367389404,0.2640900384598266,OPYTIMIZER
opy_GOA,-100,891,5,891,MABBOB_891,0.34735391690047995,0.20476821668236173,OPYTIMIZER
opy_ABO,-100,759,5,759,MABBOB_759,0.3855380815922379,0.06555305630382517,OPYTIMIZER
opy_BSA,-100,147,5,147,MABBOB_147,0.33804748905666415,0.26879584369606235,OPYTIMIZER
opy_SSA,-100,212,5,212,MABBOB_212,0.09014033327303214,0.03966959675199433,OPYTIMIZER
opy_CS,-100,699,5,699,MABBOB_699,0.201471552531435,0.13068116002863986,OPYTIMIZER
opy_AEO,-100,773,5,773,MABBOB_773,0.31382464059873244,0.16334329228725045,OPYTIMIZER
opy_MVPA,-100,577,5,577,MABBOB_577,0.1389469668175692,0.07906051447475278,OPYTIMIZER
opy_CS,-100,188,5,188,MABBOB_188,0.1987977261663887,0.14017079366061483,OPYTIMIZER
opy_RRA,-100,714,5,714,MABBOB_714,0.07033487144751824,0.06860701393786331,OPYTIMIZER
opy_GOA,-100,569,5,569,MABBOB_569,0.12239187386309629,0.05074468704957681,OPYTIMIZER
opy_LSA,-100,482,5,482,MABBOB_482,0.2038489021159291,0.06956997534086637,OPYTIMIZER
opy_COA,-100,691,5,691,MABBOB_691,0.017301629926102357,0.013908095624826304,OPYTIMIZER
opy_AEO,-100,327,5,327,MABBOB_327,0.20548757277051913,0.12326259434838188,OPYTIMIZER
opy_GCO,-100,492,5,492,MABBOB_492,0.12265600153390162,0.13185266520660327,OPYTIMIZER
opy_ASO,-100,307,5,307,MABBOB_307,0.15714471631025786,0.15491466426188677,OPYTIMIZER
opy_GOA,-100,407,5,407,MABBOB_407,0.13307645522281814,0.08487527225174832,OPYTIMIZER
opy_COA,-100,170,5,170,MABBOB_170,0.05110142564573933,0.024656144899290928,OPYTIMIZER
opy_ABC,-100,466,5,466,MABBOB_466,0.1765659068079088,0.04637609341221541,OPYTIMIZER
opy_TWO,-100,113,5,113,MABBOB_113,0.10976312422722176,0.09818688423448406,OPYTIMIZER
opy_SSA,-100,349,5,349,MABBOB_349,0.251932974970984,0.060881262202763624,OPYTIMIZER
opy_QSA,-100,212,5,212,MABBOB_212,0.13828637126774784,0.16087554304376228,OPYTIMIZER
opy_GCO,-100,569,5,569,MABBOB_569,0.16882855338204,0.09747191676124842,OPYTIMIZER
opy_LSA,-100,330,5,330,MABBOB_330,0.1447830836702193,0.08007228703651802,OPYTIMIZER
opy_WEO,-100,523,5,523,MABBOB_523,0.11126202732272086,0.059347315786589944,OPYTIMIZER
opy_DE,-100,530,5,530,MABBOB_530,0.10708071820350684,0.19533519444107256,OPYTIMIZER
opy_AEO,-100,243,5,243,MABBOB_243,0.023330307651871784,0.019059609131868778,OPYTIMIZER
opy_DE,-100,688,5,688,MABBOB_688,0.15292959582882765,0.11776595206850848,OPYTIMIZER
opy_EO,-100,188,5,188,MABBOB_188,0.050316272055852526,0.02729145963915266,OPYTIMIZER
opy_SSA,-100,166,5,166,MABBOB_166,0.20715891952681256,0.09736361611105666,OPYTIMIZER
opy_GCO,-100,82,5,82,MABBOB_82,0.11331859576256516,0.03864807344988396,OPYTIMIZER
opy_BSA,-100,756,5,756,MABBOB_756,0.4782491268204277,0.27822124827796174,OPYTIMIZER
opy_LSA,-100,461,5,461,MABBOB_461,0.0396274942160129,0.0241082683940226,OPYTIMIZER
opy_BSA,-100,577,5,577,MABBOB_577,0.3108430761836882,0.17677260305537504,OPYTIMIZER
opy_SSA,-100,44,5,44,MABBOB_44,0.13918569003119916,0.1319726304791149,OPYTIMIZER
opy_AEO,-100,918,5,918,MABBOB_918,0.21829165706974982,0.054716411643065815,OPYTIMIZER
opy_QSA,-100,259,5,259,MABBOB_259,0.06119212933239994,0.035407850398736423,OPYTIMIZER
opy_COA,-100,586,5,586,MABBOB_586,0.2262484508612249,0.1234535188348721,OPYTIMIZER
opy_DE,-100,99,5,99,MABBOB_99,0.3200920005373765,0.17460826173150826,OPYTIMIZER
opy_LSA,-100,177,5,177,MABBOB_177,0.03246841883838164,0.015761481090392878,OPYTIMIZER
opy_ABO,-100,700,5,700,MABBOB_700,0.12560081922330607,0.0892737297925513,OPYTIMIZER
opy_EO,-100,305,5,305,MABBOB_305,0.09233097186994708,0.03362404005344652,OPYTIMIZER
opy_RPSO,-100,836,5,836,MABBOB_836,0.2031342109805887,0.13314970472664378,OPYTIMIZER
opy_DE,-100,123,5,123,MABBOB_123,0.09961898245396483,0.09239241212504641,OPYTIMIZER
opy_GA,-100,440,5,440,MABBOB_440,0.052759880454319875,0.04319543697959232,OPYTIMIZER
opy_CS,-100,419,5,419,MABBOB_419,0.21844200034879063,0.1293485388087281,OPYTIMIZER
opy_ABC,-100,865,5,865,MABBOB_865,0.21861416489016502,0.19407927005819633,OPYTIMIZER
opy_RPSO,-100,349,5,349,MABBOB_349,0.2017337510236798,0.07909527100334486,OPYTIMIZER
opy_AEO,-100,388,5,388,MABBOB_388,0.10857229746976768,0.06428340910513101,OPYTIMIZER
opy_AEO,-100,795,5,795,MABBOB_795,0.2258528834696202,0.11116597268132841,OPYTIMIZER
opy_DE,-100,812,5,812,MABBOB_812,0.07836906296928021,0.044336874432395645,OPYTIMIZER
opy_QSA,-100,538,5,538,MABBOB_538,0.28511494323235115,0.08311563230704645,OPYTIMIZER
opy_ABC,-100,335,5,335,MABBOB_335,0.08373226652666642,0.07782659395543029,OPYTIMIZER
opy_ASO,-100,955,5,955,MABBOB_955,0.046342915465439484,0.03132174519053681,OPYTIMIZER
opy_ABO,-100,103,5,103,MABBOB_103,0.19135958980864193,0.10520437789845088,OPYTIMIZER
opy_ASO,-100,404,5,404,MABBOB_404,0.06431192320150964,0.040731529597186664,OPYTIMIZER
opy_SOS,-100,618,5,618,MABBOB_618,0.1645919962482764,0.06552809389081266,OPYTIMIZER
opy_TWO,-100,538,5,538,MABBOB_538,0.13403291182685484,0.03849920753141961,OPYTIMIZER
opy_GOA,-100,248,5,248,MABBOB_248,0.08460668105337248,0.13283089521814614,OPYTIMIZER
opy_GA,-100,538,5,538,MABBOB_538,0.22155988884920222,0.08537081149368037,OPYTIMIZER
opy_MVPA,-100,118,5,118,MABBOB_118,0.06282791092370735,0.0675206912494047,OPYTIMIZER
opy_RPSO,-100,520,5,520,MABBOB_520,0.07159883668886363,0.026576408525585175,OPYTIMIZER
opy_EO,-100,67,5,67,MABBOB_67,0.10400938627304561,0.061863544683781885,OPYTIMIZER
opy_DE,-100,741,5,741,MABBOB_741,0.18068775957607605,0.2077259061376669,OPYTIMIZER
opy_ABC,-100,898,5,898,MABBOB_898,0.09885693906367575,0.14366935308837317,OPYTIMIZER
opy_ABO,-100,221,5,221,MABBOB_221,0.32666844218490443,0.283553801926648,OPYTIMIZER
opy_AEO,-100,421,5,421,MABBOB_421,0.1131151509993111,0.06353604366157856,OPYTIMIZER
opy_ASO,-100,772,5,772,MABBOB_772,0.4803048378778362,0.28278659314459953,OPYTIMIZER
opy_RPSO,-100,346,5,346,MABBOB_346,0.03168939961794099,0.023087537785959702,OPYTIMIZER
opy_SOS,-100,662,5,662,MABBOB_662,0.10861954245631696,0.09387914745206045,OPYTIMIZER
opy_SAVPSO,-100,243,5,243,MABBOB_243,0.01534418297092192,0.009848720371899952,OPYTIMIZER
opy_EO,-100,260,5,260,MABBOB_260,0.15499574732648297,0.05338898277634216,OPYTIMIZER
opy_IWO,-100,464,5,464,MABBOB_464,0.24384028026392354,0.03965244263995206,OPYTIMIZER
opy_DE,-100,424,5,424,MABBOB_424,0.16646031332002245,0.13323231148263123,OPYTIMIZER
opy_LSA,-100,617,5,617,MABBOB_617,0.14664314612564638,0.13851183577810802,OPYTIMIZER
opy_DE,-100,61,5,61,MABBOB_61,0.19386038426357954,0.059274208145450126,OPYTIMIZER
opy_SAVPSO,-100,51,5,51,MABBOB_51,0.03857531884334067,0.03321102389859377,OPYTIMIZER
opy_RRA,-100,950,5,950,MABBOB_950,0.1344870449580456,0.0944057139736404,OPYTIMIZER
opy_SAVPSO,-100,877,5,877,MABBOB_877,0.1420830951665096,0.08539415371928294,OPYTIMIZER
opy_TWO,-100,918,5,918,MABBOB_918,0.2005183334998472,0.06118452352925558,OPYTIMIZER
opy_RRA,-100,461,5,461,MABBOB_461,0.04352942842160702,0.01963869284924999,OPYTIMIZER
opy_DE,-100,713,5,713,MABBOB_713,0.09376806099471494,0.06078846806803143,OPYTIMIZER
opy_GOA,-100,738,5,738,MABBOB_738,0.25519462060388376,0.3516978947925586,OPYTIMIZER
opy_COA,-100,368,5,368,MABBOB_368,0.13682939749477124,0.1924037410842885,OPYTIMIZER
opy_ABC,-100,586,5,586,MABBOB_586,0.27208485022935314,0.14421811724633962,OPYTIMIZER
opy_GOA,-100,182,5,182,MABBOB_182,0.10789408598538415,0.052026905443008344,OPYTIMIZER
opy_SSA,-100,525,5,525,MABBOB_525,0.09397808786448533,0.032296513953557766,OPYTIMIZER
opy_WEO,-100,37,5,37,MABBOB_37,0.467982686103771,0.27183141766266744,OPYTIMIZER
opy_ASO,-100,346,5,346,MABBOB_346,0.12583167164571857,0.1149891320250223,OPYTIMIZER
opy_WEO,-100,862,5,862,MABBOB_862,0.37180136741799774,0.32859995805398606,OPYTIMIZER
opy_GA,-100,608,5,608,MABBOB_608,0.3210818145399337,0.1271451312086987,OPYTIMIZER
opy_GCO,-100,523,5,523,MABBOB_523,0.06542055058002282,0.02153507537139621,OPYTIMIZER
opy_SSA,-100,405,5,405,MABBOB_405,0.16973597222635256,0.0956375698757415,OPYTIMIZER
opy_ABC,-100,592,5,592,MABBOB_592,0.31429036017660417,0.10794065371368844,OPYTIMIZER
opy_RPSO,-100,756,5,756,MABBOB_756,0.1719560201646476,0.07132460797305991,OPYTIMIZER
opy_MVPA,-100,810,5,810,MABBOB_810,0.07518317689403242,0.08868441090545738,OPYTIMIZER
opy_RFO,-100,418,5,418,MABBOB_418,0.1723611082516359,0.19145504264525848,OPYTIMIZER
opy_TWO,-100,103,5,103,MABBOB_103,0.08691069909862796,0.045927881002551324,OPYTIMIZER
opy_WEO,-100,592,5,592,MABBOB_592,0.6300381414624738,0.26972155210718085,OPYTIMIZER
opy_QSA,-100,980,5,980,MABBOB_980,0.38255044605530814,0.22515974875183192,OPYTIMIZER
opy_SAVPSO,-100,766,5,766,MABBOB_766,0.04496165935653194,0.018356101218483273,OPYTIMIZER
opy_EO,-100,40,5,40,MABBOB_40,0.041009607011679314,0.031149194730375203,OPYTIMIZER
opy_AOA,-100,671,5,671,MABBOB_671,0.3029148037371686,0.18806792399927802,OPYTIMIZER
opy_RRA,-100,330,5,330,MABBOB_330,0.15252977653756777,0.08682911090443308,OPYTIMIZER
opy_IWO,-100,609,5,609,MABBOB_609,0.24170878543064372,0.11109929956799468,OPYTIMIZER
opy_QSA,-100,82,5,82,MABBOB_82,0.083552240820807,0.04191184766175992,OPYTIMIZER
opy_SAVPSO,-100,852,5,852,MABBOB_852,0.03959715844920032,0.019966376528806607,OPYTIMIZER
opy_DE,-100,486,5,486,MABBOB_486,0.11695575673951948,0.05592971216263712,OPYTIMIZER
opy_GA,-100,738,5,738,MABBOB_738,0.25893873255463173,0.36190426297506645,OPYTIMIZER
opy_GOA,-100,606,5,606,MABBOB_606,0.21264265972510424,0.08383484898749201,OPYTIMIZER
opy_WEO,-100,844,5,844,MABBOB_844,0.21844237025888497,0.20147468419068146,OPYTIMIZER
opy_COA,-100,618,5,618,MABBOB_618,0.24886615381651406,0.08675111302631378,OPYTIMIZER
opy_DE,-100,212,5,212,MABBOB_212,0.10461223858360331,0.08799646197572249,OPYTIMIZER
opy_WEO,-100,349,5,349,MABBOB_349,0.381504524899704,0.10925974280313037,OPYTIMIZER
opy_ABC,-100,482,5,482,MABBOB_482,0.31409983489817295,0.10426168147042529,OPYTIMIZER
opy_WEO,-100,162,5,162,MABBOB_162,0.17990239682223447,0.05312994549266796,OPYTIMIZER
opy_MVPA,-100,360,5,360,MABBOB_360,0.10184066957895292,0.08297344978659732,OPYTIMIZER
opy_ABC,-100,88,5,88,MABBOB_88,0.039238697631115635,0.008760152934548104,OPYTIMIZER
opy_RRA,-100,307,5,307,MABBOB_307,0.06488842046901482,0.07112894527821885,OPYTIMIZER
opy_DE,-100,898,5,898,MABBOB_898,0.08532117542184943,0.11564789801888806,OPYTIMIZER
opy_BSA,-100,15,5,15,MABBOB_15,0.22097882555751386,0.23650279750479203,OPYTIMIZER
opy_LSA,-100,556,5,556,MABBOB_556,0.04125852339611201,0.014125067121875804,OPYTIMIZER
opy_ASO,-100,950,5,950,MABBOB_950,0.2365289937083932,0.12008349194147583,OPYTIMIZER
opy_GA,-100,922,5,922,MABBOB_922,0.3531301843432357,0.12546289852173667,OPYTIMIZER
opy_RRA,-100,177,5,177,MABBOB_177,0.09800393888076706,0.05982761570616076,OPYTIMIZER
opy_CS,-100,747,5,747,MABBOB_747,0.1295756330340256,0.0934590395202773,OPYTIMIZER
opy_TWO,-100,144,5,144,MABBOB_144,0.133242726988823,0.17428472097851805,OPYTIMIZER
opy_ASO,-100,943,5,943,MABBOB_943,0.5321036560742549,0.1662299820502322,OPYTIMIZER
opy_CS,-100,390,5,390,MABBOB_390,0.08061843030324488,0.09528096137185131,OPYTIMIZER
opy_RFO,-100,105,5,105,MABBOB_105,0.22266502480885766,0.11335758884037234,OPYTIMIZER
opy_QSA,-100,40,5,40,MABBOB_40,0.07112957402805406,0.06759381290766289,OPYTIMIZER
opy_SAVPSO,-100,558,5,558,MABBOB_558,0.13131722038790755,0.07072422721193791,OPYTIMIZER
opy_SSA,-100,61,5,61,MABBOB_61,0.2595997526748721,0.08529185416979736,OPYTIMIZER
opy_SSA,-100,993,5,993,MABBOB_993,0.10681360847267438,0.02538946358569965,OPYTIMIZER
opy_COA,-100,961,5,961,MABBOB_961,0.33438154805917436,0.23228926922614196,OPYTIMIZER
opy_RRA,-100,864,5,864,MABBOB_864,0.07822514136520486,0.06302763212762094,OPYTIMIZER
opy_RFO,-100,922,5,922,MABBOB_922,0.3458909825087029,0.10480987703452209,OPYTIMIZER
opy_WEO,-100,876,5,876,MABBOB_876,0.30995160109966113,0.17543625367094928,OPYTIMIZER
opy_AOA,-100,759,5,759,MABBOB_759,0.3419507602459702,0.10261277694043756,OPYTIMIZER
opy_AOA,-100,604,5,604,MABBOB_604,0.10893749073922462,0.11155130288159702,OPYTIMIZER
opy_ABO,-100,731,5,731,MABBOB_731,0.06111930751755108,0.03235493447918023,OPYTIMIZER
opy_MVPA,-100,689,5,689,MABBOB_689,0.022387251413996122,0.013480872612071051,OPYTIMIZER
opy_WEO,-100,687,5,687,MABBOB_687,0.5467706815197892,0.3479249414448114,OPYTIMIZER
opy_GA,-100,204,5,204,MABBOB_204,0.0649488478539875,0.05721095044978076,OPYTIMIZER
opy_WEO,-100,989,5,989,MABBOB_989,0.16234905754488715,0.16909196664167578,OPYTIMIZER
opy_WEO,-100,424,5,424,MABBOB_424,0.23665054576991257,0.17619749566815684,OPYTIMIZER
opy_ABC,-100,827,5,827,MABBOB_827,0.18953574184067462,0.035455821801896624,OPYTIMIZER
opy_LSA,-100,911,5,911,MABBOB_911,0.241357231005503,0.16052708262864818,OPYTIMIZER
opy_RPSO,-100,67,5,67,MABBOB_67,0.10434606131574868,0.04560614359300415,OPYTIMIZER
opy_WEO,-100,327,5,327,MABBOB_327,0.3180153737008061,0.20013038522500426,OPYTIMIZER
opy_QSA,-100,99,5,99,MABBOB_99,0.3070867301315936,0.18549381401868562,OPYTIMIZER
opy_CS,-100,542,5,542,MABBOB_542,0.06775607911922879,0.06968987741452852,OPYTIMIZER
opy_ABC,-100,558,5,558,MABBOB_558,0.2001639244537225,0.12169735611185604,OPYTIMIZER
opy_ABC,-100,629,5,629,MABBOB_629,0.09053237253817202,0.03520955987308844,OPYTIMIZER
opy_AOA,-100,440,5,440,MABBOB_440,0.031266080438523566,0.01888575476991346,OPYTIMIZER
opy_SAVPSO,-100,671,5,671,MABBOB_671,0.11417662932632791,0.08410333363754204,OPYTIMIZER
opy_QSA,-100,390,5,390,MABBOB_390,0.04907706740153158,0.06000669511683718,OPYTIMIZER
opy_EO,-100,421,5,421,MABBOB_421,0.10077726400883343,0.05906105130087269,OPYTIMIZER
opy_RFO,-100,575,5,575,MABBOB_575,0.2964150100689955,0.15833708561357812,OPYTIMIZER
opy_QSA,-100,691,5,691,MABBOB_691,0.01737243548172116,0.013902996447013332,OPYTIMIZER
opy_EO,-100,731,5,731,MABBOB_731,0.033324326746479935,0.01937088503750348,OPYTIMIZER
opy_SAVPSO,-100,844,5,844,MABBOB_844,0.09739187836546484,0.09600275394450392,OPYTIMIZER
opy_RFO,-100,536,5,536,MABBOB_536,0.16443438203125454,0.040752951562456244,OPYTIMIZER
opy_DE,-100,190,5,190,MABBOB_190,0.03243373443585282,0.023018329174039447,OPYTIMIZER
opy_GA,-100,373,5,373,MABBOB_373,0.2413691697140512,0.24551222013517254,OPYTIMIZER
opy_AOA,-100,33,5,33,MABBOB_33,0.24156387229668924,0.25137172277988484,OPYTIMIZER
opy_LSA,-100,700,5,700,MABBOB_700,0.051317836301708254,0.03089021745689159,OPYTIMIZER
opy_SOS,-100,746,5,746,MABBOB_746,0.14329396152676052,0.033955937422937336,OPYTIMIZER
opy_LSA,-100,147,5,147,MABBOB_147,0.0819579538982739,0.03821534182665197,OPYTIMIZER
opy_RPSO,-100,491,5,491,MABBOB_491,0.13837024091531772,0.05758625929155599,OPYTIMIZER
opy_RPSO,-100,220,5,220,MABBOB_220,0.30822119096576417,0.21800842059820763,OPYTIMIZER
opy_EO,-100,558,5,558,MABBOB_558,0.083887677099249,0.06714971332027315,OPYTIMIZER
opy_RPSO,-100,617,5,617,MABBOB_617,0.15321159201025186,0.15148992453053264,OPYTIMIZER
opy_CS,-100,107,5,107,MABBOB_107,0.07476630839148748,0.025111276069938127,OPYTIMIZER
opy_QSA,-100,61,5,61,MABBOB_61,0.1827048901024049,0.059939292579069076,OPYTIMIZER
opy_BSA,-100,407,5,407,MABBOB_407,0.4672216250460327,0.3168757382267569,OPYTIMIZER
opy_RPSO,-100,798,5,798,MABBOB_798,0.23428887958395875,0.12891397809027702,OPYTIMIZER
opy_ABO,-100,689,5,689,MABBOB_689,0.03534151821640939,0.024200043655081632,OPYTIMIZER
opy_CS,-100,618,5,618,MABBOB_618,0.2762697248563193,0.12685425222565405,OPYTIMIZER
opy_RFO,-100,324,5,324,MABBOB_324,0.10065040135450583,0.09386356854577063,OPYTIMIZER
opy_QSA,-100,1,5,1,MABBOB_1,0.01916020013393058,0.017505080998390377,OPYTIMIZER
opy_COA,-100,407,5,407,MABBOB_407,0.2715531750644535,0.1488478688771519,OPYTIMIZER
opy_BSA,-100,82,5,82,MABBOB_82,0.15599516985232337,0.06164225169935177,OPYTIMIZER
opy_TWO,-100,706,5,706,MABBOB_706,0.20022913822511282,0.09220773640111947,OPYTIMIZER
opy_SSA,-100,257,5,257,MABBOB_257,0.18664101929838714,0.10989413145528497,OPYTIMIZER
opy_AEO,-100,618,5,618,MABBOB_618,0.18582518122248992,0.054487232508641625,OPYTIMIZER
opy_AOA,-100,260,5,260,MABBOB_260,0.3020347683128437,0.10460410845051966,OPYTIMIZER
opy_LSA,-100,248,5,248,MABBOB_248,0.08283981451251668,0.1285252608557794,OPYTIMIZER
opy_ABO,-100,569,5,569,MABBOB_569,0.19290113440106552,0.08972775458023416,OPYTIMIZER
opy_SOS,-100,212,5,212,MABBOB_212,0.0739945300729198,0.07382482718527891,OPYTIMIZER
opy_MVPA,-100,307,5,307,MABBOB_307,0.0670053071057217,0.059275006937282146,OPYTIMIZER
opy_COA,-100,617,5,617,MABBOB_617,0.20605484384450304,0.1687525775569717,OPYTIMIZER
opy_RPSO,-100,166,5,166,MABBOB_166,0.12058545251622832,0.06791265030547955,OPYTIMIZER
opy_GA,-100,618,5,618,MABBOB_618,0.15587014432454335,0.05590181595252602,OPYTIMIZER
opy_WEO,-100,333,5,333,MABBOB_333,0.07407619200374774,0.10077973735727405,OPYTIMIZER
opy_ABC,-100,373,5,373,MABBOB_373,0.23703603002897272,0.24600314181303554,OPYTIMIZER
opy_EO,-100,410,5,410,MABBOB_410,0.022259539421161406,0.01481225036715838,OPYTIMIZER
opy_GCO,-100,657,5,657,MABBOB_657,0.503969959075227,0.10518593441962805,OPYTIMIZER
opy_DE,-100,618,5,618,MABBOB_618,0.2433441274859772,0.08271789799343504,OPYTIMIZER
opy_GOA,-100,727,5,727,MABBOB_727,0.06495268029384346,0.08365912603845133,OPYTIMIZER
opy_MVPA,-100,671,5,671,MABBOB_671,0.14633573640821615,0.0863541558305915,OPYTIMIZER
opy_RFO,-100,862,5,862,MABBOB_862,0.13797130407391875,0.1282881462661026,OPYTIMIZER
opy_SSA,-100,404,5,404,MABBOB_404,0.037698195718852266,0.011846153694567908,OPYTIMIZER
opy_GOA,-100,783,5,783,MABBOB_783,0.10033886667248423,0.09611653166004729,OPYTIMIZER
opy_GOA,-100,344,5,344,MABBOB_344,0.07526280971417607,0.03615604728810936,OPYTIMIZER
opy_WEO,-100,105,5,105,MABBOB_105,0.418179417007282,0.19737271148066773,OPYTIMIZER
opy_ABO,-100,424,5,424,MABBOB_424,0.17076397367060667,0.11527332499256522,OPYTIMIZER
opy_BSA,-100,284,5,284,MABBOB_284,0.29316327378063833,0.20163973868480678,OPYTIMIZER
opy_IWO,-100,741,5,741,MABBOB_741,0.26775082616567925,0.3211212513899009,OPYTIMIZER
opy_QSA,-100,618,5,618,MABBOB_618,0.23568262961158365,0.11227577888616407,OPYTIMIZER
opy_ABC,-100,176,5,176,MABBOB_176,0.32927638711623664,0.14301552333405196,OPYTIMIZER
opy_GOA,-100,494,5,494,MABBOB_494,0.05142550414372863,0.057976052448663364,OPYTIMIZER
opy_WEO,-100,361,5,361,MABBOB_361,0.5089358290161046,0.24691977057850745,OPYTIMIZER
opy_CS,-100,906,5,906,MABBOB_906,0.03744707240148312,0.03056232627062584,OPYTIMIZER
opy_MVPA,-100,335,5,335,MABBOB_335,0.03955455547325783,0.029665191016860017,OPYTIMIZER
opy_ABC,-100,207,5,207,MABBOB_207,0.3824192091083055,0.12210381705089482,OPYTIMIZER
opy_CS,-100,783,5,783,MABBOB_783,0.2366249797452431,0.21424314094243765,OPYTIMIZER
opy_TWO,-100,368,5,368,MABBOB_368,0.09426563494576035,0.12746876605715046,OPYTIMIZER
opy_COA,-100,243,5,243,MABBOB_243,0.0204981257092925,0.012426390629424638,OPYTIMIZER
opy_ABC,-100,608,5,608,MABBOB_608,0.35878002388179536,0.19276744081767702,OPYTIMIZER
opy_MVPA,-100,404,5,404,MABBOB_404,0.030588672363233826,0.015631275562064104,OPYTIMIZER
opy_QSA,-100,891,5,891,MABBOB_891,0.4531934366410095,0.19971773979036478,OPYTIMIZER
opy_WEO,-100,795,5,795,MABBOB_795,0.43411413691946726,0.2687791048493804,OPYTIMIZER
opy_SAVPSO,-100,97,5,97,MABBOB_97,0.06414586552903492,0.02883607942118633,OPYTIMIZER
opy_SSA,-100,123,5,123,MABBOB_123,0.19620593520464777,0.20912601239329978,OPYTIMIZER
opy_AEO,-100,118,5,118,MABBOB_118,0.1041420228970654,0.12814996957366298,OPYTIMIZER
opy_COA,-100,950,5,950,MABBOB_950,0.14920079043766105,0.06914387179916798,OPYTIMIZER
opy_SOS,-100,208,5,208,MABBOB_208,0.10641484253109701,0.07887615572519976,OPYTIMIZER
opy_BSA,-100,248,5,248,MABBOB_248,0.13126587436744733,0.20898596199443586,OPYTIMIZER
opy_GCO,-100,430,5,430,MABBOB_430,0.11390288789530174,0.1137218711077316,OPYTIMIZER
opy_TWO,-100,62,5,62,MABBOB_62,0.18495828354101757,0.08132331218271532,OPYTIMIZER
opy_TWO,-100,687,5,687,MABBOB_687,0.3288017519984384,0.22185201907058247,OPYTIMIZER
opy_AEO,-100,387,5,387,MABBOB_387,0.02423319486752724,0.014444545492405083,OPYTIMIZER
opy_GOA,-100,961,5,961,MABBOB_961,0.24933314160104464,0.1390481561784994,OPYTIMIZER
opy_MVPA,-100,906,5,906,MABBOB_906,0.05156180045766472,0.05054520133950214,OPYTIMIZER
opy_AEO,-100,706,5,706,MABBOB_706,0.25991410865021414,0.07069949868497101,OPYTIMIZER
opy_LSA,-100,677,5,677,MABBOB_677,0.13926196241885266,0.06293389538644405,OPYTIMIZER
opy_SSA,-100,99,5,99,MABBOB_99,0.19886213359012905,0.094528421123222,OPYTIMIZER
opy_EO,-100,335,5,335,MABBOB_335,0.049143433772189445,0.04252958440999682,OPYTIMIZER
opy_RRA,-100,836,5,836,MABBOB_836,0.29877722244677524,0.1981846683757408,OPYTIMIZER
opy_QSA,-100,950,5,950,MABBOB_950,0.16351331120142992,0.08345973882963587,OPYTIMIZER
opy_BSA,-100,415,5,415,MABBOB_415,0.5220048977163495,0.33530561416279114,OPYTIMIZER
opy_CS,-100,367,5,367,MABBOB_367,0.3276271528568176,0.19808832828431788,OPYTIMIZER
opy_IWO,-100,360,5,360,MABBOB_360,0.29149485871182146,0.24293633291917976,OPYTIMIZER
opy_IWO,-100,887,5,887,MABBOB_887,0.5376175873540608,0.24741319409661708,OPYTIMIZER
opy_BSA,-100,567,5,567,MABBOB_567,0.37510393479902115,0.30274971169397896,OPYTIMIZER
opy_TWO,-100,388,5,388,MABBOB_388,0.09987847990622842,0.046538826423883524,OPYTIMIZER
opy_BSA,-100,404,5,404,MABBOB_404,0.08014985624050615,0.046647267304253476,OPYTIMIZER
opy_RFO,-100,709,5,709,MABBOB_709,0.17416298661467952,0.06687898617555971,OPYTIMIZER
opy_MVPA,-100,99,5,99,MABBOB_99,0.20288373204680227,0.09665610864270131,OPYTIMIZER
opy_EO,-100,991,5,991,MABBOB_991,0.02929870199208192,0.015612480944014871,OPYTIMIZER
opy_WEO,-100,811,5,811,MABBOB_811,0.11340941075542348,0.05507962258307082,OPYTIMIZER
opy_LSA,-100,687,5,687,MABBOB_687,0.3029158411495941,0.17807814220219265,OPYTIMIZER
opy_WEO,-100,317,5,317,MABBOB_317,0.25829497685193387,0.21510780398293305,OPYTIMIZER
opy_GOA,-100,782,5,782,MABBOB_782,0.16003307993317373,0.10030318353803637,OPYTIMIZER
opy_GCO,-100,597,5,597,MABBOB_597,0.32432771474092686,0.2913179590274367,OPYTIMIZER
opy_GOA,-100,8,5,8,MABBOB_8,0.10496407406962709,0.03449545786443421,OPYTIMIZER
opy_MVPA,-100,898,5,898,MABBOB_898,0.05292895422211459,0.07201811307946257,OPYTIMIZER
opy_LSA,-100,349,5,349,MABBOB_349,0.21875716429813585,0.0724698421163227,OPYTIMIZER
opy_DE,-100,961,5,961,MABBOB_961,0.3557393047499963,0.2810327423380408,OPYTIMIZER
opy_QSA,-100,149,5,149,MABBOB_149,0.2594869931465799,0.1093847430823349,OPYTIMIZER
opy_GOA,-100,373,5,373,MABBOB_373,0.22943714187228323,0.22936328894263217,OPYTIMIZER
opy_AOA,-100,901,5,901,MABBOB_901,0.24135065601410782,0.19977784592868522,OPYTIMIZER
opy_SSA,-100,617,5,617,MABBOB_617,0.18873247719731565,0.18574093121925625,OPYTIMIZER
opy_RFO,-100,746,5,746,MABBOB_746,0.1360792524439696,0.034908094685430074,OPYTIMIZER
opy_GOA,-100,756,5,756,MABBOB_756,0.2492031024722982,0.21708612777567712,OPYTIMIZER
opy_MVPA,-100,713,5,713,MABBOB_713,0.07343762555632749,0.07679949445770895,OPYTIMIZER
opy_SAVPSO,-100,901,5,901,MABBOB_901,0.1027122015041658,0.08017259851765984,OPYTIMIZER
opy_GCO,-100,906,5,906,MABBOB_906,0.03169436711623992,0.012623571067662761,OPYTIMIZER
opy_ASO,-100,700,5,700,MABBOB_700,0.11878945328647057,0.10450157485605996,OPYTIMIZER
opy_RPSO,-100,404,5,404,MABBOB_404,0.034549370478806234,0.02110244802709775,OPYTIMIZER
opy_AEO,-100,877,5,877,MABBOB_877,0.1867114852730777,0.09704443782373151,OPYTIMIZER
opy_COA,-100,440,5,440,MABBOB_440,0.05448431402116808,0.03223648531817293,OPYTIMIZER
opy_EO,-100,8,5,8,MABBOB_8,0.07962189032779714,0.022881576050072266,OPYTIMIZER
opy_MVPA,-100,257,5,257,MABBOB_257,0.07578776817813279,0.04110725200771278,OPYTIMIZER
opy_EO,-100,812,5,812,MABBOB_812,0.04193474701771307,0.018592889758130223,OPYTIMIZER
opy_WEO,-100,764,5,764,MABBOB_764,0.11872221981168359,0.1271693772793668,OPYTIMIZER
opy_GOA,-100,114,5,114,MABBOB_114,0.3037066443897447,0.09003615598811394,OPYTIMIZER
opy_QSA,-100,887,5,887,MABBOB_887,0.36675765580247993,0.13127110172142095,OPYTIMIZER
opy_QSA,-100,949,5,949,MABBOB_949,0.09680241991398714,0.07132488425778086,OPYTIMIZER
opy_EO,-100,783,5,783,MABBOB_783,0.08085709079634826,0.05968613630237228,OPYTIMIZER
opy_COA,-100,964,5,964,MABBOB_964,0.23458456905988231,0.09669469227281888,OPYTIMIZER
opy_WEO,-100,629,5,629,MABBOB_629,0.4066972609774294,0.30533496065872817,OPYTIMIZER
opy_LSA,-100,440,5,440,MABBOB_440,0.052745442217304095,0.04406531442241776,OPYTIMIZER
opy_WEO,-100,181,5,181,MABBOB_181,0.14987695204137458,0.15683011629539187,OPYTIMIZER
opy_RRA,-100,798,5,798,MABBOB_798,0.2494118169847103,0.0598751805044197,OPYTIMIZER
opy_QSA,-100,982,5,982,MABBOB_982,0.02452170983446824,0.00835926482426459,OPYTIMIZER
opy_GA,-100,407,5,407,MABBOB_407,0.2016840915923246,0.08402750977503638,OPYTIMIZER
opy_AOA,-100,400,5,400,MABBOB_400,0.40980572958329564,0.07715323520821293,OPYTIMIZER
opy_AOA,-100,738,5,738,MABBOB_738,0.19484913861797998,0.17719387770073117,OPYTIMIZER
opy_RFO,-100,604,5,604,MABBOB_604,0.09997243857537136,0.09856372615233783,OPYTIMIZER
opy_ABO,-100,257,5,257,MABBOB_257,0.14980044063128745,0.13032313133054105,OPYTIMIZER
opy_COA,-100,810,5,810,MABBOB_810,0.15722449936862065,0.1740058244534422,OPYTIMIZER
opy_WEO,-100,307,5,307,MABBOB_307,0.15575832904481074,0.1552690172360469,OPYTIMIZER
opy_ASO,-100,476,5,476,MABBOB_476,0.6473974671653318,0.18892264891341123,OPYTIMIZER
opy_ABO,-100,531,5,531,MABBOB_531,0.31798605845251676,0.21170081921347844,OPYTIMIZER
opy_IWO,-100,877,5,877,MABBOB_877,0.3025181548243875,0.14972737736026848,OPYTIMIZER
opy_AOA,-100,508,5,508,MABBOB_508,0.16583303664287724,0.15994577121934828,OPYTIMIZER
opy_GA,-100,73,5,73,MABBOB_73,0.2150421517684084,0.11473138202640314,OPYTIMIZER
opy_GA,-100,555,5,555,MABBOB_555,0.18182961340967116,0.1036557929029478,OPYTIMIZER
opy_COA,-100,492,5,492,MABBOB_492,0.07997030060237739,0.05873546908501237,OPYTIMIZER
opy_GCO,-100,993,5,993,MABBOB_993,0.2109376572014771,0.026860397990926724,OPYTIMIZER
opy_ABO,-100,335,5,335,MABBOB_335,0.14693503705462357,0.1584261815849167,OPYTIMIZER
opy_GOA,-100,204,5,204,MABBOB_204,0.05930002305806716,0.05172836386546398,OPYTIMIZER
opy_GCO,-100,898,5,898,MABBOB_898,0.10365524995309891,0.14399461919854362,OPYTIMIZER
opy_SSA,-100,542,5,542,MABBOB_542,0.04423945977582924,0.03826830478543947,OPYTIMIZER
opy_MVPA,-100,862,5,862,MABBOB_862,0.12898048806907045,0.15192354487292256,OPYTIMIZER
opy_GCO,-100,44,5,44,MABBOB_44,0.10903929102272855,0.06682309345604089,OPYTIMIZER
opy_SSA,-100,911,5,911,MABBOB_911,0.2791085236689277,0.20177295318679103,OPYTIMIZER
opy_TWO,-100,105,5,105,MABBOB_105,0.17905367529329813,0.09831818293173177,OPYTIMIZER
opy_RRA,-100,266,5,266,MABBOB_266,0.37007073432583293,0.2570913341049802,OPYTIMIZER
opy_ASO,-100,566,5,566,MABBOB_566,0.35362672391986544,0.1166949977397095,OPYTIMIZER
opy_IWO,-100,766,5,766,MABBOB_766,0.04661141601849748,0.018649454665830515,OPYTIMIZER
opy_IWO,-100,961,5,961,MABBOB_961,0.39900426135553235,0.30894181903054635,OPYTIMIZER
opy_ABC,-100,461,5,461,MABBOB_461,0.05125023177275022,0.015672675521587017,OPYTIMIZER
opy_ABC,-100,949,5,949,MABBOB_949,0.15696583651979773,0.041769944702250296,OPYTIMIZER
opy_DE,-100,208,5,208,MABBOB_208,0.1286021284993937,0.09871777018359187,OPYTIMIZER
opy_WEO,-100,115,5,115,MABBOB_115,0.3744890305430418,0.2121262344541579,OPYTIMIZER
opy_AEO,-100,329,5,329,MABBOB_329,0.14984018510817362,0.13155964638514187,OPYTIMIZER
opy_LSA,-100,97,5,97,MABBOB_97,0.07409567015521354,0.04290284300766699,OPYTIMIZER
opy_AEO,-100,188,5,188,MABBOB_188,0.11592466759699371,0.09744724318575264,OPYTIMIZER
opy_MVPA,-100,426,5,426,MABBOB_426,0.10616251779295419,0.06474177209342559,OPYTIMIZER
opy_AEO,-100,166,5,166,MABBOB_166,0.20660553474323398,0.1434801718728741,OPYTIMIZER
opy_RRA,-100,943,5,943,MABBOB_943,0.3723978082983924,0.12685064484307745,OPYTIMIZER
opy_LSA,-100,592,5,592,MABBOB_592,0.24534765099137226,0.12629775850850655,OPYTIMIZER
opy_BSA,-100,779,5,779,MABBOB_779,0.15222611632326394,0.13461360777894574,OPYTIMIZER
opy_SAVPSO,-100,411,5,411,MABBOB_411,0.03249478480357154,0.028064594361179866,OPYTIMIZER
opy_RPSO,-100,411,5,411,MABBOB_411,0.03601126262698136,0.03420305562684437,OPYTIMIZER
opy_EO,-100,918,5,918,MABBOB_918,0.18214888080080124,0.0667495408429713,OPYTIMIZER
opy_EO,-100,257,5,257,MABBOB_257,0.059961367558437395,0.022714631104736777,OPYTIMIZER
opy_GCO,-100,350,5,350,MABBOB_350,0.13310179159729713,0.08312219080097957,OPYTIMIZER
opy_ABO,-100,405,5,405,MABBOB_405,0.2096574681488109,0.1371637007652938,OPYTIMIZER
opy_QSA,-100,24,5,24,MABBOB_24,0.12307346990639834,0.08524723436162468,OPYTIMIZER
opy_COA,-100,215,5,215,MABBOB_215,0.21466949074107097,0.130290212871906,OPYTIMIZER
opy_IWO,-100,542,5,542,MABBOB_542,0.07899945182811666,0.06976819812960201,OPYTIMIZER
opy_DE,-100,307,5,307,MABBOB_307,0.10606570891764174,0.10169099133756808,OPYTIMIZER
opy_SAVPSO,-100,713,5,713,MABBOB_713,0.044622090659473354,0.021137634964944366,OPYTIMIZER
opy_WEO,-100,870,5,870,MABBOB_870,0.32267150892398705,0.34017401073451026,OPYTIMIZER
opy_SOS,-100,181,5,181,MABBOB_181,0.03566229533274672,0.02027568594323535,OPYTIMIZER
opy_ASO,-100,113,5,113,MABBOB_113,0.2273756507627493,0.21747558100978825,OPYTIMIZER
opy_GCO,-100,486,5,486,MABBOB_486,0.15034570774942688,0.15676334499113895,OPYTIMIZER
opy_BSA,-100,695,5,695,MABBOB_695,0.16070021619093894,0.07609506649985288,OPYTIMIZER
opy_LSA,-100,476,5,476,MABBOB_476,0.4509850387222872,0.12547639991661583,OPYTIMIZER
opy_IWO,-100,192,5,192,MABBOB_192,0.053572628928232745,0.037005990088458986,OPYTIMIZER
opy_ASO,-100,687,5,687,MABBOB_687,0.5206392006997336,0.36408540289659985,OPYTIMIZER
opy_ABC,-100,330,5,330,MABBOB_330,0.2522207626177823,0.11446490988412736,OPYTIMIZER
opy_AEO,-100,115,5,115,MABBOB_115,0.1824971237697794,0.11907260985168065,OPYTIMIZER
opy_RRA,-100,101,5,101,MABBOB_101,0.06888157527614314,0.040597942804349745,OPYTIMIZER
opy_IWO,-100,407,5,407,MABBOB_407,0.44557194565231706,0.30567444166918023,OPYTIMIZER
opy_ABC,-100,257,5,257,MABBOB_257,0.11696748760045066,0.08347088306348538,OPYTIMIZER
opy_ASO,-100,609,5,609,MABBOB_609,0.2340045217147256,0.10384282130111006,OPYTIMIZER
opy_RRA,-100,528,5,528,MABBOB_528,0.04685691011689709,0.05629054222599935,OPYTIMIZER
opy_ASO,-100,305,5,305,MABBOB_305,0.3765486168919955,0.198869519086054,OPYTIMIZER
opy_AEO,-100,373,5,373,MABBOB_373,0.24581161005361202,0.2643708484868131,OPYTIMIZER
opy_TWO,-100,491,5,491,MABBOB_491,0.18348229555499582,0.13955255516066,OPYTIMIZER
opy_GCO,-100,677,5,677,MABBOB_677,0.2502997919353344,0.1172931900640608,OPYTIMIZER
opy_RPSO,-100,410,5,410,MABBOB_410,0.02864018606213308,0.02309928166183102,OPYTIMIZER
opy_CS,-100,203,5,203,MABBOB_203,0.24901321676782545,0.1454977017985751,OPYTIMIZER
opy_ABC,-100,492,5,492,MABBOB_492,0.08534104863403207,0.06395943388779383,OPYTIMIZER
opy_AOA,-100,170,5,170,MABBOB_170,0.04425140566864231,0.015343001477852366,OPYTIMIZER
opy_IWO,-100,864,5,864,MABBOB_864,0.19493455440633878,0.1535612843547237,OPYTIMIZER
opy_DE,-100,248,5,248,MABBOB_248,0.11017726105414113,0.1770542739886154,OPYTIMIZER
opy_ASO,-100,2,5,2,MABBOB_2,0.3706726350335447,0.320757479090719,OPYTIMIZER
opy_ABO,-100,373,5,373,MABBOB_373,0.28339259568736497,0.29280978000956,OPYTIMIZER
opy_GCO,-100,707,5,707,MABBOB_707,0.3264686014208559,0.15057246802374546,OPYTIMIZER
opy_CS,-100,451,5,451,MABBOB_451,0.025651422687540015,0.017287276865562532,OPYTIMIZER
opy_GA,-100,891,5,891,MABBOB_891,0.4071544873458489,0.10424714991003543,OPYTIMIZER
opy_AEO,-100,954,5,954,MABBOB_954,0.11887945383596918,0.1590444531925743,OPYTIMIZER
opy_WEO,-100,400,5,400,MABBOB_400,0.6327469692215851,0.12303407822223258,OPYTIMIZER
opy_GCO,-100,116,5,116,MABBOB_116,0.08445232748696743,0.06846272920156332,OPYTIMIZER
opy_RFO,-100,190,5,190,MABBOB_190,0.05797133038357426,0.07580009014356072,OPYTIMIZER
opy_AOA,-100,597,5,597,MABBOB_597,0.271291089925992,0.21075998659104223,OPYTIMIZER
opy_IWO,-100,264,5,264,MABBOB_264,0.19660549483983705,0.09812308257042535,OPYTIMIZER
opy_GA,-100,955,5,955,MABBOB_955,0.11144852153942686,0.07288450227134548,OPYTIMIZER
opy_SSA,-100,275,5,275,MABBOB_275,0.2496215910688023,0.09437188200884349,OPYTIMIZER
opy_SOS,-100,161,5,161,MABBOB_161,0.134978438858576,0.03850779901244253,OPYTIMIZER
opy_RRA,-100,40,5,40,MABBOB_40,0.07350748562137446,0.06375479494022525,OPYTIMIZER
opy_GA,-100,67,5,67,MABBOB_67,0.1342454131869712,0.0784745406266074,OPYTIMIZER
opy_EO,-100,123,5,123,MABBOB_123,0.05702672133611307,0.02800684422710613,OPYTIMIZER
opy_COA,-100,919,5,919,MABBOB_919,0.33462023232355725,0.18343348467595302,OPYTIMIZER
opy_ABO,-100,639,5,639,MABBOB_639,0.17814215375905568,0.0901149293628311,OPYTIMIZER
opy_IWO,-100,575,5,575,MABBOB_575,0.5763996687219933,0.28753866924354055,OPYTIMIZER
opy_LSA,-100,646,5,646,MABBOB_646,0.12092907907274938,0.12042393541481691,OPYTIMIZER
opy_RRA,-100,766,5,766,MABBOB_766,0.10002672855863275,0.10109093513749742,OPYTIMIZER
opy_WEO,-100,709,5,709,MABBOB_709,0.37688197440664806,0.13329788945890775,OPYTIMIZER
opy_GOA,-100,368,5,368,MABBOB_368,0.1488529852982708,0.2319873793946898,OPYTIMIZER
opy_WEO,-100,677,5,677,MABBOB_677,0.4401043127539629,0.21555055235543025,OPYTIMIZER
opy_TWO,-100,166,5,166,MABBOB_166,0.15027461494590524,0.09208954189114939,OPYTIMIZER
opy_GOA,-100,207,5,207,MABBOB_207,0.3921920494272581,0.19077891523102647,OPYTIMIZER
opy_QSA,-100,906,5,906,MABBOB_906,0.03322168094246751,0.02227238318176674,OPYTIMIZER
opy_GCO,-100,713,5,713,MABBOB_713,0.0846003533015518,0.059075745254704104,OPYTIMIZER
opy_AEO,-100,827,5,827,MABBOB_827,0.21094805621832785,0.11699871845390916,OPYTIMIZER
opy_DE,-100,606,5,606,MABBOB_606,0.2500586128844269,0.05685497139953303,OPYTIMIZER
opy_RPSO,-100,955,5,955,MABBOB_955,0.044788459578130935,0.027387692616827556,OPYTIMIZER
opy_GA,-100,270,5,270,MABBOB_270,0.22055644458299742,0.10535757609497652,OPYTIMIZER
opy_ABO,-100,115,5,115,MABBOB_115,0.3071936195915008,0.1979071641211215,OPYTIMIZER
opy_RFO,-100,33,5,33,MABBOB_33,0.1545362684540225,0.13881114735851205,OPYTIMIZER
opy_GOA,-100,523,5,523,MABBOB_523,0.04233393940802616,0.029200594843397286,OPYTIMIZER
opy_EO,-100,764,5,764,MABBOB_764,0.03315333403927792,0.025732099770821613,OPYTIMIZER
opy_RRA,-100,617,5,617,MABBOB_617,0.13627470051934618,0.09121558413772243,OPYTIMIZER
opy_AEO,-100,870,5,870,MABBOB_870,0.1627189290819029,0.12553102060351887,OPYTIMIZER
opy_ABO,-100,766,5,766,MABBOB_766,0.10350112454129734,0.07820563311764216,OPYTIMIZER
opy_CS,-100,609,5,609,MABBOB_609,0.2159588640452081,0.10989851214857792,OPYTIMIZER
opy_RPSO,-100,699,5,699,MABBOB_699,0.09227703023598818,0.04714303331394897,OPYTIMIZER
opy_GOA,-100,491,5,491,MABBOB_491,0.16486785999897893,0.09488454259307316,OPYTIMIZER
opy_RRA,-100,400,5,400,MABBOB_400,0.34864281428213795,0.057254769422927704,OPYTIMIZER
opy_SOS,-100,440,5,440,MABBOB_440,0.046781509248059405,0.03612209905388926,OPYTIMIZER
opy_GA,-100,1,5,1,MABBOB_1,0.03538283811709387,0.049178563049400076,OPYTIMIZER
opy_WEO,-100,405,5,405,MABBOB_405,0.26842397036201093,0.2163709593352631,OPYTIMIZER
opy_GA,-100,115,5,115,MABBOB_115,0.1857492949848269,0.08898617242916351,OPYTIMIZER
opy_ABC,-100,6,5,6,MABBOB_6,0.1822831401561134,0.054645923719526965,OPYTIMIZER
opy_WEO,-100,329,5,329,MABBOB_329,0.26123235692738067,0.2145838123541008,OPYTIMIZER
opy_SOS,-100,335,5,335,MABBOB_335,0.04817663888726696,0.03395506069204618,OPYTIMIZER
opy_RFO,-100,26,5,26,MABBOB_26,0.20671194898930634,0.23885121808488577,OPYTIMIZER
opy_MVPA,-100,74,5,74,MABBOB_74,0.03823909465246037,0.039098446102082386,OPYTIMIZER
opy_LSA,-100,51,5,51,MABBOB_51,0.03885043816824198,0.034054146905976815,OPYTIMIZER
opy_TWO,-100,606,5,606,MABBOB_606,0.22435912139216557,0.07283851654923888,OPYTIMIZER
opy_QSA,-100,424,5,424,MABBOB_424,0.1251276307714006,0.0702924028731502,OPYTIMIZER
opy_ABC,-100,62,5,62,MABBOB_62,0.3691545797565215,0.1720186513776784,OPYTIMIZER
opy_COA,-100,949,5,949,MABBOB_949,0.11839864452240374,0.06635940637708351,OPYTIMIZER
opy_CS,-100,335,5,335,MABBOB_335,0.11235928266209802,0.12198893217452111,OPYTIMIZER
opy_EO,-100,566,5,566,MABBOB_566,0.10162199753636372,0.02352777681598804,OPYTIMIZER
opy_MVPA,-100,350,5,350,MABBOB_350,0.10502038931801416,0.11762436722892296,OPYTIMIZER
opy_SOS,-100,997,5,997,MABBOB_997,0.08198427255654189,0.05118627817955265,OPYTIMIZER
opy_LSA,-100,317,5,317,MABBOB_317,0.09288776517248043,0.0769058323893621,OPYTIMIZER
opy_ASO,-100,116,5,116,MABBOB_116,0.11023234154472164,0.10929439559943512,OPYTIMIZER
opy_QSA,-100,246,5,246,MABBOB_246,0.12512191042813686,0.12070485589555692,OPYTIMIZER
opy_RFO,-100,943,5,943,MABBOB_943,0.292990093961358,0.10622555729386983,OPYTIMIZER
opy_SAVPSO,-100,740,5,740,MABBOB_740,0.1362257172835168,0.08207506461696473,OPYTIMIZER
opy_GOA,-100,324,5,324,MABBOB_324,0.07457953001617704,0.0553320863374532,OPYTIMIZER
opy_MVPA,-100,975,5,975,MABBOB_975,0.10198749933397588,0.06479315605244759,OPYTIMIZER
opy_GA,-100,989,5,989,MABBOB_989,0.09067077216888872,0.12787705889940787,OPYTIMIZER
opy_GOA,-100,144,5,144,MABBOB_144,0.12619935431161955,0.1605215635170315,OPYTIMIZER
opy_SSA,-100,163,5,163,MABBOB_163,0.02591609276596731,0.007260333111595852,OPYTIMIZER
opy_ASO,-100,830,5,830,MABBOB_830,0.44135235205571305,0.3198153888562199,OPYTIMIZER
opy_BSA,-100,989,5,989,MABBOB_989,0.14933619077376328,0.16280455854520337,OPYTIMIZER
opy_RFO,-100,6,5,6,MABBOB_6,0.14006404595635408,0.04063974883272466,OPYTIMIZER
opy_AOA,-100,783,5,783,MABBOB_783,0.2952419817882552,0.28058613665045684,OPYTIMIZER
opy_TWO,-100,609,5,609,MABBOB_609,0.17669091535846787,0.09549956152463503,OPYTIMIZER
opy_AOA,-100,865,5,865,MABBOB_865,0.29620915229462386,0.2964691956757413,OPYTIMIZER
opy_SOS,-100,15,5,15,MABBOB_15,0.1176987948596843,0.1189815145503851,OPYTIMIZER
opy_IWO,-100,740,5,740,MABBOB_740,0.23464393235762132,0.12186157625295715,OPYTIMIZER
opy_TWO,-100,949,5,949,MABBOB_949,0.11032095164596849,0.06991098789195843,OPYTIMIZER
opy_RPSO,-100,464,5,464,MABBOB_464,0.12611982236946648,0.05318095581980755,OPYTIMIZER
opy_RPSO,-100,706,5,706,MABBOB_706,0.2521178633954865,0.10755073831961556,OPYTIMIZER
opy_COA,-100,852,5,852,MABBOB_852,0.09774098346088822,0.06750168457817003,OPYTIMIZER
opy_TWO,-100,445,5,445,MABBOB_445,0.06444915896703877,0.020596013852511752,OPYTIMIZER
opy_IWO,-100,639,5,639,MABBOB_639,0.22428340691164164,0.10768412926631568,OPYTIMIZER
opy_LSA,-100,204,5,204,MABBOB_204,0.027262297447202273,0.012086642040115163,OPYTIMIZER
opy_CS,-100,360,5,360,MABBOB_360,0.16276235283286167,0.18238742516073964,OPYTIMIZER
opy_DE,-100,689,5,689,MABBOB_689,0.028267894330716376,0.015235329559447959,OPYTIMIZER
opy_IWO,-100,642,5,642,MABBOB_642,0.10258991621359721,0.06578012961105743,OPYTIMIZER
opy_GOA,-100,268,5,268,MABBOB_268,0.21544910317472987,0.059238382860355716,OPYTIMIZER
opy_ABC,-100,284,5,284,MABBOB_284,0.1737912382093299,0.14282539161807709,OPYTIMIZER
opy_ABO,-100,361,5,361,MABBOB_361,0.45441188047754616,0.2353828688879156,OPYTIMIZER
opy_COA,-100,426,5,426,MABBOB_426,0.19914561562956476,0.12975255036478223,OPYTIMIZER
opy_GOA,-100,764,5,764,MABBOB_764,0.03388531088350742,0.018394661027746968,OPYTIMIZER
opy_COA,-100,508,5,508,MABBOB_508,0.11141705809611113,0.0987408198335845,OPYTIMIZER
opy_SAVPSO,-100,608,5,608,MABBOB_608,0.30891270957356953,0.16493243509063418,OPYTIMIZER
opy_COA,-100,629,5,629,MABBOB_629,0.1947203066256287,0.11977284466564286,OPYTIMIZER
opy_MVPA,-100,161,5,161,MABBOB_161,0.07828165376794119,0.0353951647153125,OPYTIMIZER
opy_WEO,-100,575,5,575,MABBOB_575,0.5325795447975197,0.27951675066934384,OPYTIMIZER
opy_RRA,-100,335,5,335,MABBOB_335,0.07116162730269467,0.08538945326508772,OPYTIMIZER
opy_IWO,-100,604,5,604,MABBOB_604,0.36127046118308515,0.3819251217992941,OPYTIMIZER
opy_LSA,-100,989,5,989,MABBOB_989,0.09736647913765789,0.10486339427237348,OPYTIMIZER
opy_ABO,-100,586,5,586,MABBOB_586,0.27469853199360295,0.15402625100618925,OPYTIMIZER
opy_GOA,-100,538,5,538,MABBOB_538,0.15178023279662609,0.07306828975274098,OPYTIMIZER
opy_GCO,-100,980,5,980,MABBOB_980,0.43624435983312865,0.2761130035188978,OPYTIMIZER
opy_QSA,-100,333,5,333,MABBOB_333,0.03388990165524645,0.024903272432778407,OPYTIMIZER
opy_BSA,-100,166,5,166,MABBOB_166,0.381778940468496,0.23117910661731095,OPYTIMIZER
opy_MVPA,-100,528,5,528,MABBOB_528,0.02846191128124771,0.021775833515124358,OPYTIMIZER
opy_AEO,-100,170,5,170,MABBOB_170,0.051995748714139645,0.03255473929443756,OPYTIMIZER
opy_DE,-100,542,5,542,MABBOB_542,0.06183499388775826,0.0628934357545242,OPYTIMIZER
opy_SSA,-100,221,5,221,MABBOB_221,0.23932831635454405,0.19990417580267592,OPYTIMIZER
opy_MVPA,-100,492,5,492,MABBOB_492,0.04423421054720287,0.03019107583964904,OPYTIMIZER
opy_ABO,-100,149,5,149,MABBOB_149,0.37899093294338576,0.2930835250199251,OPYTIMIZER
opy_RPSO,-100,519,5,519,MABBOB_519,0.21870822422238545,0.1484784238941312,OPYTIMIZER
opy_GCO,-100,348,5,348,MABBOB_348,0.051408646281859496,0.04442302202919015,OPYTIMIZER
opy_CS,-100,870,5,870,MABBOB_870,0.19059612748865123,0.17385285515974672,OPYTIMIZER
opy_DE,-100,464,5,464,MABBOB_464,0.19078908915659767,0.04578868576845002,OPYTIMIZER
opy_RRA,-100,212,5,212,MABBOB_212,0.06914830656826748,0.06843089206997852,OPYTIMIZER
opy_SSA,-100,387,5,387,MABBOB_387,0.02830964547460031,0.017058147454106883,OPYTIMIZER
opy_COA,-100,604,5,604,MABBOB_604,0.17945878334528984,0.1923970130976192,OPYTIMIZER
opy_GA,-100,107,5,107,MABBOB_107,0.05807745938982416,0.030199979361482027,OPYTIMIZER
opy_RPSO,-100,268,5,268,MABBOB_268,0.20209777022606912,0.053069149856302296,OPYTIMIZER
opy_GCO,-100,24,5,24,MABBOB_24,0.14960082946068762,0.14217425668352385,OPYTIMIZER
opy_ABO,-100,844,5,844,MABBOB_844,0.1268435230176194,0.11106731786331708,OPYTIMIZER
opy_QSA,-100,101,5,101,MABBOB_101,0.07270791866718684,0.04748024375455681,OPYTIMIZER
opy_AEO,-100,575,5,575,MABBOB_575,0.3135610488361068,0.206916195279038,OPYTIMIZER
opy_TWO,-100,954,5,954,MABBOB_954,0.14111208919581547,0.20848004615784693,OPYTIMIZER
opy_SSA,-100,746,5,746,MABBOB_746,0.18015027753917093,0.06326175431765022,OPYTIMIZER
opy_AOA,-100,494,5,494,MABBOB_494,0.06670046719816651,0.07125625079815526,OPYTIMIZER
opy_EO,-100,61,5,61,MABBOB_61,0.08540854113732659,0.030886008498523482,OPYTIMIZER
opy_RFO,-100,107,5,107,MABBOB_107,0.05965493918616036,0.03687274595780631,OPYTIMIZER
opy_SSA,-100,865,5,865,MABBOB_865,0.24331691246030807,0.21642341729235132,OPYTIMIZER
opy_LSA,-100,964,5,964,MABBOB_964,0.15721027467720977,0.09404629487286491,OPYTIMIZER
opy_ASO,-100,788,5,788,MABBOB_788,0.08192214168093763,0.09038907427247328,OPYTIMIZER
opy_ABC,-100,61,5,61,MABBOB_61,0.23719908740158532,0.12773535032802882,OPYTIMIZER
opy_TWO,-100,657,5,657,MABBOB_657,0.29903649794144876,0.08113283035959042,OPYTIMIZER
opy_BSA,-100,348,5,348,MABBOB_348,0.14098818896584017,0.2051352491188547,OPYTIMIZER
opy_EO,-100,528,5,528,MABBOB_528,0.024464438867953946,0.017011531151935808,OPYTIMIZER
opy_GA,-100,410,5,410,MABBOB_410,0.05092660531261791,0.05115083800208501,OPYTIMIZER
opy_BSA,-100,466,5,466,MABBOB_466,0.30503991151942084,0.08067895732943882,OPYTIMIZER
opy_LSA,-100,565,5,565,MABBOB_565,0.09364254455055171,0.08427499374081922,OPYTIMIZER
opy_IWO,-100,830,5,830,MABBOB_830,0.36028379575375297,0.25751538809833713,OPYTIMIZER
opy_RRA,-100,604,5,604,MABBOB_604,0.12017364025529924,0.12645313866637778,OPYTIMIZER
opy_LSA,-100,763,5,763,MABBOB_763,0.17128331649379164,0.28082752620181967,OPYTIMIZER
opy_SAVPSO,-100,714,5,714,MABBOB_714,0.07852963108230895,0.09916155466263063,OPYTIMIZER
opy_RPSO,-100,586,5,586,MABBOB_586,0.15384783821328255,0.08018436757317045,OPYTIMIZER
opy_AOA,-100,359,5,359,MABBOB_359,0.3470469365748755,0.07937243553861505,OPYTIMIZER
opy_QSA,-100,346,5,346,MABBOB_346,0.05383589666522345,0.05122750216349029,OPYTIMIZER
opy_CS,-100,519,5,519,MABBOB_519,0.2928966943765494,0.13305656295548876,OPYTIMIZER
opy_AOA,-100,492,5,492,MABBOB_492,0.11195878208944787,0.08713192752670951,OPYTIMIZER
opy_RFO,-100,558,5,558,MABBOB_558,0.16768021268511876,0.1345119531422744,OPYTIMIZER
opy_QSA,-100,709,5,709,MABBOB_709,0.22364723230139488,0.10446841819102902,OPYTIMIZER
opy_EO,-100,531,5,531,MABBOB_531,0.07812366309798817,0.03377649005875493,OPYTIMIZER
opy_RPSO,-100,327,5,327,MABBOB_327,0.1458407259311305,0.08442696659105821,OPYTIMIZER
opy_GOA,-100,608,5,608,MABBOB_608,0.3851178648415613,0.19587964118614073,OPYTIMIZER
opy_COA,-100,410,5,410,MABBOB_410,0.021533584697395573,0.014386883276246288,OPYTIMIZER
opy_AOA,-100,982,5,982,MABBOB_982,0.018954345542730948,0.006433714560228455,OPYTIMIZER
opy_SOS,-100,536,5,536,MABBOB_536,0.17301174977165681,0.0681655606390198,OPYTIMIZER
opy_MVPA,-100,423,5,423,MABBOB_423,0.0897670468327404,0.06795088494734712,OPYTIMIZER
opy_COA,-100,404,5,404,MABBOB_404,0.04960852239767714,0.02398085777414997,OPYTIMIZER
opy_QSA,-100,248,5,248,MABBOB_248,0.10585751088922128,0.1687220879293303,OPYTIMIZER
opy_SAVPSO,-100,830,5,830,MABBOB_830,0.10585059717432548,0.07130669892574376,OPYTIMIZER
opy_SOS,-100,307,5,307,MABBOB_307,0.08519480995583742,0.08663551662865825,OPYTIMIZER
opy_SSA,-100,113,5,113,MABBOB_113,0.18819092622914718,0.21542061822042569,OPYTIMIZER
opy_RFO,-100,390,5,390,MABBOB_390,0.03679476847658668,0.03713535748073039,OPYTIMIZER
opy_ASO,-100,761,5,761,MABBOB_761,0.18005901304231897,0.062340687311836854,OPYTIMIZER
opy_TWO,-100,608,5,608,MABBOB_608,0.33701848579517624,0.18581237610058018,OPYTIMIZER
opy_ABC,-100,855,5,855,MABBOB_855,0.0841618938147316,0.043609357242948094,OPYTIMIZER
opy_RFO,-100,677,5,677,MABBOB_677,0.1588073907757815,0.08672508592426287,OPYTIMIZER
opy_EO,-100,26,5,26,MABBOB_26,0.12254424625817703,0.15016165179880184,OPYTIMIZER
opy_COA,-100,113,5,113,MABBOB_113,0.13053001647417015,0.11400681553796949,OPYTIMIZER
opy_AOA,-100,782,5,782,MABBOB_782,0.27485157056839393,0.15767964814587068,OPYTIMIZER
opy_CS,-100,182,5,182,MABBOB_182,0.21073090380088216,0.05445121555326841,OPYTIMIZER
opy_AEO,-100,811,5,811,MABBOB_811,0.06968941259038317,0.02948330149895773,OPYTIMIZER
opy_CS,-100,62,5,62,MABBOB_62,0.4640447425983938,0.22721413971959314,OPYTIMIZER
opy_WEO,-100,906,5,906,MABBOB_906,0.20931800394537933,0.2014170290613657,OPYTIMIZER
opy_RFO,-100,617,5,617,MABBOB_617,0.17935383469926888,0.17187714720952932,OPYTIMIZER
opy_SSA,-100,691,5,691,MABBOB_691,0.017109483756095428,0.013815327015720495,OPYTIMIZER
opy_COA,-100,520,5,520,MABBOB_520,0.15117920854754038,0.10914422252356817,OPYTIMIZER
opy_SOS,-100,464,5,464,MABBOB_464,0.14240127039390968,0.04905434725542439,OPYTIMIZER
opy_DE,-100,426,5,426,MABBOB_426,0.2211867809573545,0.12827109934435527,OPYTIMIZER
opy_MVPA,-100,176,5,176,MABBOB_176,0.3415499663869932,0.14733346131316344,OPYTIMIZER
opy_RFO,-100,270,5,270,MABBOB_270,0.2013761706370329,0.1668818748547263,OPYTIMIZER
opy_AOA,-100,746,5,746,MABBOB_746,0.19956810933271882,0.03999358619241198,OPYTIMIZER
opy_BSA,-100,170,5,170,MABBOB_170,0.18932685298479773,0.22557058226096138,OPYTIMIZER
opy_IWO,-100,991,5,991,MABBOB_991,0.042260626343352384,0.030283645944741876,OPYTIMIZER
opy_ABO,-100,747,5,747,MABBOB_747,0.1551820875187761,0.1173949923541194,OPYTIMIZER
opy_WEO,-100,88,5,88,MABBOB_88,0.12390874738313654,0.0482704847030498,OPYTIMIZER
opy_SOS,-100,608,5,608,MABBOB_608,0.3823688102124544,0.1999196633920488,OPYTIMIZER
opy_QSA,-100,317,5,317,MABBOB_317,0.11918288911319252,0.05618056406374963,OPYTIMIZER
opy_COA,-100,922,5,922,MABBOB_922,0.379546018193753,0.046427218720852585,OPYTIMIZER
opy_GCO,-100,827,5,827,MABBOB_827,0.24249048547091268,0.06207077745989887,OPYTIMIZER
opy_GCO,-100,901,5,901,MABBOB_901,0.17971638838057827,0.1348239906260828,OPYTIMIZER
opy_RFO,-100,555,5,555,MABBOB_555,0.1705579367503723,0.09939921545076952,OPYTIMIZER
opy_MVPA,-100,40,5,40,MABBOB_40,0.05038038032336882,0.04863564098406735,OPYTIMIZER
opy_SSA,-100,192,5,192,MABBOB_192,0.15817907357084576,0.16132842647101453,OPYTIMIZER
opy_IWO,-100,421,5,421,MABBOB_421,0.1908794315445139,0.11331433779247944,OPYTIMIZER
opy_TWO,-100,221,5,221,MABBOB_221,0.1538550905519641,0.10764176154464267,OPYTIMIZER
opy_LSA,-100,188,5,188,MABBOB_188,0.06418272702109455,0.036767221010655646,OPYTIMIZER
opy_WEO,-100,783,5,783,MABBOB_783,0.2373679235123464,0.26163047084961105,OPYTIMIZER
opy_SAVPSO,-100,618,5,618,MABBOB_618,0.11509231501448283,0.04175815429957889,OPYTIMIZER
opy_EO,-100,413,5,413,MABBOB_413,0.17376215337656237,0.1355468813424634,OPYTIMIZER
opy_EO,-100,556,5,556,MABBOB_556,0.0371087524508578,0.012126895407268752,OPYTIMIZER
opy_RPSO,-100,103,5,103,MABBOB_103,0.08318515034804182,0.05756570647989051,OPYTIMIZER
opy_SAVPSO,-100,1,5,1,MABBOB_1,0.01710474110873887,0.014324775220593073,OPYTIMIZER
opy_EO,-100,617,5,617,MABBOB_617,0.11645262637884143,0.08669279285879994,OPYTIMIZER
opy_MVPA,-100,761,5,761,MABBOB_761,0.07200865267817366,0.028738563055671833,OPYTIMIZER
opy_COA,-100,476,5,476,MABBOB_476,0.49429162686622297,0.12738724481541847,OPYTIMIZER
opy_GCO,-100,746,5,746,MABBOB_746,0.22856118302723621,0.014781086661904546,OPYTIMIZER
opy_ASO,-100,827,5,827,MABBOB_827,0.3761151374324315,0.2076123654196408,OPYTIMIZER
opy_QSA,-100,608,5,608,MABBOB_608,0.38179778937013,0.22425772097049723,OPYTIMIZER
opy_MVPA,-100,795,5,795,MABBOB_795,0.15837918369785745,0.09206586372458675,OPYTIMIZER
opy_GCO,-100,426,5,426,MABBOB_426,0.2678209080736749,0.18476049129623615,OPYTIMIZER
opy_MVPA,-100,327,5,327,MABBOB_327,0.18554825168464717,0.12297319326589612,OPYTIMIZER
opy_AEO,-100,731,5,731,MABBOB_731,0.05124331975800681,0.029086967332678244,OPYTIMIZER
opy_BSA,-100,368,5,368,MABBOB_368,0.22668575722490356,0.35095989755583884,OPYTIMIZER
opy_ABC,-100,657,5,657,MABBOB_657,0.34314658505667517,0.08643784764282164,OPYTIMIZER
opy_RRA,-100,740,5,740,MABBOB_740,0.1250962983148294,0.06865610833438156,OPYTIMIZER
opy_AEO,-100,566,5,566,MABBOB_566,0.25391061590304076,0.0448061260238501,OPYTIMIZER
opy_SOS,-100,182,5,182,MABBOB_182,0.11620055231315152,0.04185182632321522,OPYTIMIZER
opy_IWO,-100,440,5,440,MABBOB_440,0.07516213575391548,0.053540600465404146,OPYTIMIZER
opy_GCO,-100,989,5,989,MABBOB_989,0.11982881083878101,0.1589689333600521,OPYTIMIZER
opy_CS,-100,887,5,887,MABBOB_887,0.3459993772542193,0.11590428832399959,OPYTIMIZER
opy_MVPA,-100,700,5,700,MABBOB_700,0.051909627896148655,0.0337324385725279,OPYTIMIZER
opy_EO,-100,144,5,144,MABBOB_144,0.1032984510557154,0.12566880085227292,OPYTIMIZER
opy_RRA,-100,445,5,445,MABBOB_445,0.07714607234930242,0.012803859283573242,OPYTIMIZER
opy_DE,-100,577,5,577,MABBOB_577,0.22933406336525586,0.10944949935018197,OPYTIMIZER
opy_GCO,-100,51,5,51,MABBOB_51,0.07456056340033898,0.08930158707617598,OPYTIMIZER
opy_RFO,-100,954,5,954,MABBOB_954,0.13903209443236383,0.20636358031401408,OPYTIMIZER
opy_RRA,-100,671,5,671,MABBOB_671,0.14231156749068025,0.12208318527687645,OPYTIMIZER
opy_SAVPSO,-100,371,5,371,MABBOB_371,0.1384772947476942,0.09458884787644704,OPYTIMIZER
opy_AEO,-100,779,5,779,MABBOB_779,0.06576091028293192,0.04967775799671127,OPYTIMIZER
opy_CS,-100,575,5,575,MABBOB_575,0.4631927689223139,0.26838347561753567,OPYTIMIZER
opy_IWO,-100,982,5,982,MABBOB_982,0.0277101115626621,0.008081101386888648,OPYTIMIZER
opy_EO,-100,604,5,604,MABBOB_604,0.07812824288213983,0.07762444342348915,OPYTIMIZER
opy_GA,-100,906,5,906,MABBOB_906,0.07537455340806806,0.0803270091073621,OPYTIMIZER
opy_AEO,-100,97,5,97,MABBOB_97,0.09781930799023386,0.06210380703264499,OPYTIMIZER
opy_GOA,-100,40,5,40,MABBOB_40,0.06409863643336397,0.05387215175840055,OPYTIMIZER
opy_BSA,-100,305,5,305,MABBOB_305,0.37441310056371024,0.19717101289343883,OPYTIMIZER
opy_TWO,-100,284,5,284,MABBOB_284,0.16728377576127584,0.15097669992215343,OPYTIMIZER
opy_SSA,-100,975,5,975,MABBOB_975,0.09426766654107144,0.05976982899350309,OPYTIMIZER
opy_IWO,-100,177,5,177,MABBOB_177,0.03989980769015734,0.021914534241088985,OPYTIMIZER
opy_RRA,-100,387,5,387,MABBOB_387,0.03697905873171159,0.02643603439324575,OPYTIMIZER
opy_TWO,-100,6,5,6,MABBOB_6,0.12578568785168098,0.03924467877223844,OPYTIMIZER
opy_ABC,-100,565,5,565,MABBOB_565,0.09441663508466498,0.08615705073745475,OPYTIMIZER
opy_GOA,-100,629,5,629,MABBOB_629,0.08365440612211003,0.047077514009902705,OPYTIMIZER
opy_SOS,-100,350,5,350,MABBOB_350,0.11544718391039836,0.06603381206967483,OPYTIMIZER
opy_GOA,-100,520,5,520,MABBOB_520,0.09301727972941251,0.05139692373270528,OPYTIMIZER
opy_BSA,-100,163,5,163,MABBOB_163,0.04557198398325533,0.024621967697751452,OPYTIMIZER
opy_LSA,-100,445,5,445,MABBOB_445,0.06523766344303097,0.01672652570969709,OPYTIMIZER
opy_GOA,-100,413,5,413,MABBOB_413,0.23466103002866578,0.18869209003981785,OPYTIMIZER
opy_SSA,-100,520,5,520,MABBOB_520,0.16990413220105824,0.11852939432087636,OPYTIMIZER
opy_TWO,-100,519,5,519,MABBOB_519,0.21406994083110603,0.10653935759080062,OPYTIMIZER
opy_ABO,-100,812,5,812,MABBOB_812,0.10473933107055351,0.05231735759600518,OPYTIMIZER
opy_GCO,-100,415,5,415,MABBOB_415,0.44620789382305726,0.2891530660948356,OPYTIMIZER
opy_EO,-100,440,5,440,MABBOB_440,0.03999213405584254,0.029720572942537958,OPYTIMIZER
opy_EO,-100,177,5,177,MABBOB_177,0.04599706592477184,0.036811538923054596,OPYTIMIZER
opy_IWO,-100,73,5,73,MABBOB_73,0.31691939207585096,0.1629089408112446,OPYTIMIZER
opy_SAVPSO,-100,898,5,898,MABBOB_898,0.047862167984073424,0.06264381061995479,OPYTIMIZER
opy_MVPA,-100,864,5,864,MABBOB_864,0.06081705625921026,0.04159028455267712,OPYTIMIZER
opy_MVPA,-100,629,5,629,MABBOB_629,0.11971251191658598,0.09144486118499645,OPYTIMIZER
opy_LSA,-100,449,5,449,MABBOB_449,0.01859456629567083,0.008463897641005792,OPYTIMIZER
opy_RPSO,-100,731,5,731,MABBOB_731,0.03579937146309804,0.014562852284144856,OPYTIMIZER
opy_LSA,-100,870,5,870,MABBOB_870,0.12496730452435127,0.09271356650634105,OPYTIMIZER
opy_BSA,-100,961,5,961,MABBOB_961,0.4189174417403877,0.2956411042327919,OPYTIMIZER
opy_SAVPSO,-100,464,5,464,MABBOB_464,0.10304275382286851,0.03371993587081626,OPYTIMIZER
opy_SAVPSO,-100,795,5,795,MABBOB_795,0.17788592397221065,0.08893728606845408,OPYTIMIZER
opy_ABO,-100,848,5,848,MABBOB_848,0.5568786531011651,0.2890411452384008,OPYTIMIZER
opy_SSA,-100,811,5,811,MABBOB_811,0.08150694849060534,0.03465501167943316,OPYTIMIZER
opy_DE,-100,876,5,876,MABBOB_876,0.1963360123819796,0.15288734533316287,OPYTIMIZER
opy_WEO,-100,486,5,486,MABBOB_486,0.4121161891317623,0.2579620329248935,OPYTIMIZER
opy_COA,-100,82,5,82,MABBOB_82,0.11457621943450624,0.04827364435437109,OPYTIMIZER
opy_RRA,-100,426,5,426,MABBOB_426,0.13822440485557505,0.07265175711135534,OPYTIMIZER
opy_ASO,-100,99,5,99,MABBOB_99,0.3980564041797829,0.2365310994856665,OPYTIMIZER
opy_SAVPSO,-100,329,5,329,MABBOB_329,0.0775327475893277,0.05905099733146301,OPYTIMIZER
opy_COA,-100,361,5,361,MABBOB_361,0.4313297628605536,0.18040341668609886,OPYTIMIZER
opy_DE,-100,699,5,699,MABBOB_699,0.1860046353249794,0.1033199680749593,OPYTIMIZER
opy_IWO,-100,811,5,811,MABBOB_811,0.09133064784640536,0.030559679772213598,OPYTIMIZER
opy_ABO,-100,324,5,324,MABBOB_324,0.11426328166147226,0.0760979459269272,OPYTIMIZER
opy_EO,-100,259,5,259,MABBOB_259,0.04504967119002036,0.023438041988041836,OPYTIMIZER
opy_SSA,-100,423,5,423,MABBOB_423,0.23790485973833947,0.18198155780576344,OPYTIMIZER
opy_EO,-100,387,5,387,MABBOB_387,0.021082451153755195,0.015491547157599823,OPYTIMIZER
opy_RRA,-100,523,5,523,MABBOB_523,0.045291576170237456,0.02530553630085628,OPYTIMIZER
opy_COA,-100,740,5,740,MABBOB_740,0.1513706354715597,0.09743632569260832,OPYTIMIZER
opy_GCO,-100,188,5,188,MABBOB_188,0.1932385291303697,0.15043392945273218,OPYTIMIZER
opy_MVPA,-100,586,5,586,MABBOB_586,0.17465931392101272,0.10979639936027642,OPYTIMIZER
opy_GA,-100,82,5,82,MABBOB_82,0.08428875052459066,0.034808904095366806,OPYTIMIZER
opy_LSA,-100,759,5,759,MABBOB_759,0.3221692401930573,0.05780216843551233,OPYTIMIZER
opy_QSA,-100,373,5,373,MABBOB_373,0.2866476393210339,0.30587959917410457,OPYTIMIZER
opy_MVPA,-100,827,5,827,MABBOB_827,0.12978136876434238,0.04523057074682342,OPYTIMIZER
opy_TWO,-100,161,5,161,MABBOB_161,0.08745774518722209,0.040527818558955236,OPYTIMIZER
opy_AEO,-100,37,5,37,MABBOB_37,0.27213514066678746,0.1832000257349868,OPYTIMIZER
opy_TWO,-100,430,5,430,MABBOB_430,0.036358806851612795,0.018866312955247194,OPYTIMIZER
opy_QSA,-100,113,5,113,MABBOB_113,0.11703444688524027,0.08904660077421749,OPYTIMIZER
opy_RRA,-100,955,5,955,MABBOB_955,0.06743817023010909,0.040555504848796615,OPYTIMIZER
opy_QSA,-100,257,5,257,MABBOB_257,0.1080622620936871,0.07093076910769373,OPYTIMIZER
opy_MVPA,-100,617,5,617,MABBOB_617,0.16619737784938443,0.15116607659328793,OPYTIMIZER
opy_DE,-100,491,5,491,MABBOB_491,0.23752382970887903,0.17138308567808505,OPYTIMIZER
opy_RRA,-100,530,5,530,MABBOB_530,0.044390019084114676,0.07003189143405741,OPYTIMIZER
opy_MVPA,-100,772,5,772,MABBOB_772,0.29165271421995476,0.258299673885014,OPYTIMIZER
opy_RRA,-100,264,5,264,MABBOB_264,0.13170724386507038,0.09159584426829828,OPYTIMIZER
opy_GOA,-100,830,5,830,MABBOB_830,0.10465760560084436,0.05818823294872578,OPYTIMIZER
opy_GA,-100,33,5,33,MABBOB_33,0.1670636093998205,0.15957484362317062,OPYTIMIZER
opy_DE,-100,642,5,642,MABBOB_642,0.08790201261244851,0.05872434870217478,OPYTIMIZER
opy_RFO,-100,955,5,955,MABBOB_955,0.07957115184119506,0.05681064872114189,OPYTIMIZER
opy_CS,-100,330,5,330,MABBOB_330,0.2704730542347929,0.14830178937144625,OPYTIMIZER
opy_DE,-100,404,5,404,MABBOB_404,0.05200927138905069,0.036357561691812576,OPYTIMIZER
opy_MVPA,-100,766,5,766,MABBOB_766,0.031508562055145115,0.007740141200431446,OPYTIMIZER
opy_ASO,-100,680,5,680,MABBOB_680,0.26517267235246667,0.11859463252635051,OPYTIMIZER
opy_GCO,-100,317,5,317,MABBOB_317,0.19410536938955616,0.12344742572105345,OPYTIMIZER
opy_AOA,-100,525,5,525,MABBOB_525,0.14139807041614375,0.07157828538893453,OPYTIMIZER
opy_CS,-100,34,5,34,MABBOB_34,0.17813761389296925,0.17322396973235007,OPYTIMIZER
opy_EO,-100,248,5,248,MABBOB_248,0.07851834143437438,0.12325180959122962,OPYTIMIZER
opy_RFO,-100,827,5,827,MABBOB_827,0.16148320185225823,0.06550364304502698,OPYTIMIZER
opy_RFO,-100,34,5,34,MABBOB_34,0.10143170751109136,0.0754654184204385,OPYTIMIZER
opy_GA,-100,99,5,99,MABBOB_99,0.2587644440370879,0.14989985887840523,OPYTIMIZER
opy_MVPA,-100,466,5,466,MABBOB_466,0.17125650916568264,0.0511219276010599,OPYTIMIZER
opy_GA,-100,639,5,639,MABBOB_639,0.14302738970260231,0.07166808070072357,OPYTIMIZER
opy_QSA,-100,419,5,419,MABBOB_419,0.1860207803576211,0.09871694784622295,OPYTIMIZER
opy_WEO,-100,192,5,192,MABBOB_192,0.27073787270528055,0.24493184472538831,OPYTIMIZER
opy_GA,-100,766,5,766,MABBOB_766,0.11537457221783745,0.07372534120317281,OPYTIMIZER
opy_BSA,-100,114,5,114,MABBOB_114,0.44827446494584394,0.26699995761712014,OPYTIMIZER
opy_GA,-100,161,5,161,MABBOB_161,0.15842385541131473,0.058868786191274364,OPYTIMIZER
opy_RFO,-100,577,5,577,MABBOB_577,0.16755936974176527,0.0660994127066623,OPYTIMIZER
opy_CS,-100,161,5,161,MABBOB_161,0.20084506932056584,0.0909498945904723,OPYTIMIZER
opy_ABC,-100,606,5,606,MABBOB_606,0.2810918912105006,0.07633770036425983,OPYTIMIZER
opy_GOA,-100,586,5,586,MABBOB_586,0.18105080134146406,0.12124577164042837,OPYTIMIZER
opy_GCO,-100,61,5,61,MABBOB_61,0.2341007193597655,0.060917753786250535,OPYTIMIZER
opy_GA,-100,870,5,870,MABBOB_870,0.14470513550744304,0.1095660951328369,OPYTIMIZER
opy_TWO,-100,677,5,677,MABBOB_677,0.15226253898667153,0.07245238352345643,OPYTIMIZER
opy_RFO,-100,44,5,44,MABBOB_44,0.06126496506864844,0.04519176038284392,OPYTIMIZER
opy_RPSO,-100,74,5,74,MABBOB_74,0.033342527174316516,0.029227812853435273,OPYTIMIZER
opy_LSA,-100,34,5,34,MABBOB_34,0.1367133309253062,0.12428046172796214,OPYTIMIZER
opy_WEO,-100,738,5,738,MABBOB_738,0.29104984990206023,0.3671668217722179,OPYTIMIZER
opy_RFO,-100,556,5,556,MABBOB_556,0.042969957327467105,0.011830286882926129,OPYTIMIZER
opy_WEO,-100,348,5,348,MABBOB_348,0.11366829549370956,0.15428229999752655,OPYTIMIZER
opy_SSA,-100,575,5,575,MABBOB_575,0.2675300783677633,0.11301548097999783,OPYTIMIZER
opy_QSA,-100,405,5,405,MABBOB_405,0.20950627468620672,0.1554840585956556,OPYTIMIZER
opy_IWO,-100,2,5,2,MABBOB_2,0.30980695537447456,0.24082846990057205,OPYTIMIZER
opy_QSA,-100,558,5,558,MABBOB_558,0.16979957065970747,0.1599438703191076,OPYTIMIZER
opy_WEO,-100,558,5,558,MABBOB_558,0.44834310680106315,0.3346125616305247,OPYTIMIZER
opy_GA,-100,586,5,586,MABBOB_586,0.24360570255046504,0.14688042539685536,OPYTIMIZER
opy_SAVPSO,-100,324,5,324,MABBOB_324,0.06980797927927421,0.0587500487103849,OPYTIMIZER
opy_WEO,-100,520,5,520,MABBOB_520,0.2392413651445188,0.09529849324042941,OPYTIMIZER
opy_AEO,-100,783,5,783,MABBOB_783,0.1142549939681339,0.0895238909618558,OPYTIMIZER
opy_GOA,-100,170,5,170,MABBOB_170,0.03959132393584157,0.03960858964923918,OPYTIMIZER
opy_ABC,-100,259,5,259,MABBOB_259,0.0949970629064042,0.052077009603342224,OPYTIMIZER
opy_SSA,-100,523,5,523,MABBOB_523,0.0915286047185011,0.05632775901045071,OPYTIMIZER
opy_SSA,-100,419,5,419,MABBOB_419,0.18159028738000435,0.10743831428545318,OPYTIMIZER
opy_QSA,-100,763,5,763,MABBOB_763,0.07385426038214102,0.07642906625974628,OPYTIMIZER
opy_RRA,-100,891,5,891,MABBOB_891,0.3582566474978414,0.1316770354889297,OPYTIMIZER
opy_ASO,-100,604,5,604,MABBOB_604,0.36879058506553974,0.3895324980926482,OPYTIMIZER
opy_DE,-100,268,5,268,MABBOB_268,0.2835662419836876,0.07806300808208812,OPYTIMIZER
opy_GA,-100,671,5,671,MABBOB_671,0.24584530032421337,0.21741808676830396,OPYTIMIZER
opy_QSA,-100,486,5,486,MABBOB_486,0.06830558660818861,0.018921785160718064,OPYTIMIZER
opy_SOS,-100,1,5,1,MABBOB_1,0.015741224522995503,0.011740585233465268,OPYTIMIZER
opy_TWO,-100,714,5,714,MABBOB_714,0.07932337835355345,0.09380270038218963,OPYTIMIZER
opy_QSA,-100,396,5,396,MABBOB_396,0.16927942294990073,0.11115006277534503,OPYTIMIZER
opy_LSA,-100,181,5,181,MABBOB_181,0.030216153016668374,0.011836100534903762,OPYTIMIZER
opy_RRA,-100,390,5,390,MABBOB_390,0.05558260623778374,0.05780003057206454,OPYTIMIZER
opy_SSA,-100,714,5,714,MABBOB_714,0.1056733804507142,0.10904571444948497,OPYTIMIZER
opy_SSA,-100,848,5,848,MABBOB_848,0.39557378355500084,0.23014074540276552,OPYTIMIZER
opy_RRA,-100,359,5,359,MABBOB_359,0.30631614375161553,0.14376793885780978,OPYTIMIZER
opy_IWO,-100,746,5,746,MABBOB_746,0.258491578658328,0.048877497891016385,OPYTIMIZER
opy_MVPA,-100,147,5,147,MABBOB_147,0.07123037288364364,0.048959839111282745,OPYTIMIZER
opy_SOS,-100,6,5,6,MABBOB_6,0.1356288519391329,0.043445433868520546,OPYTIMIZER
opy_GA,-100,575,5,575,MABBOB_575,0.38308665226185196,0.19843426383882007,OPYTIMIZER
opy_CS,-100,105,5,105,MABBOB_105,0.2540929110785781,0.09939761819149566,OPYTIMIZER
opy_RFO,-100,103,5,103,MABBOB_103,0.08898965071681866,0.053296896038549736,OPYTIMIZER
opy_SAVPSO,-100,769,5,769,MABBOB_769,0.13911475322077133,0.13092939413478627,OPYTIMIZER
opy_RPSO,-100,646,5,646,MABBOB_646,0.10633699575198885,0.10946451688654397,OPYTIMIZER
opy_TWO,-100,97,5,97,MABBOB_97,0.06025992195007993,0.014549641137138098,OPYTIMIZER
opy_DE,-100,33,5,33,MABBOB_33,0.195038813042328,0.16830192662037666,OPYTIMIZER
opy_GOA,-100,15,5,15,MABBOB_15,0.1034339670117399,0.09999956157023981,OPYTIMIZER
opy_GA,-100,388,5,388,MABBOB_388,0.11755400445091262,0.06903586449759341,OPYTIMIZER
opy_ABC,-100,700,5,700,MABBOB_700,0.14229005600549724,0.1231902828882241,OPYTIMIZER
opy_AOA,-100,891,5,891,MABBOB_891,0.6282051668410733,0.19543835545806434,OPYTIMIZER
opy_SOS,-100,525,5,525,MABBOB_525,0.10314835083741494,0.03541983688062698,OPYTIMIZER
opy_ABC,-100,520,5,520,MABBOB_520,0.1664292151834413,0.10308436305078643,OPYTIMIZER
opy_SSA,-100,101,5,101,MABBOB_101,0.05850356330719919,0.03906022499100957,OPYTIMIZER
opy_ABC,-100,830,5,830,MABBOB_830,0.23546224811071625,0.17440610473205342,OPYTIMIZER
opy_SOS,-100,528,5,528,MABBOB_528,0.03294329682440035,0.020852235509918562,OPYTIMIZER
opy_GA,-100,997,5,997,MABBOB_997,0.087092003705584,0.05335416959667209,OPYTIMIZER
opy_CS,-100,700,5,700,MABBOB_700,0.0912895703202292,0.06289089007571788,OPYTIMIZER
opy_ABO,-100,740,5,740,MABBOB_740,0.26026868812208,0.16567166276144848,OPYTIMIZER
opy_GCO,-100,706,5,706,MABBOB_706,0.29062801405847505,0.12960449743575136,OPYTIMIZER
opy_BSA,-100,491,5,491,MABBOB_491,0.3228712514449247,0.25234074853699995,OPYTIMIZER
opy_RPSO,-100,604,5,604,MABBOB_604,0.07541723812109188,0.07691661452096979,OPYTIMIZER
opy_RPSO,-100,788,5,788,MABBOB_788,0.043317776268126856,0.0213321925514055,OPYTIMIZER
opy_AOA,-100,798,5,798,MABBOB_798,0.311622762621673,0.11536539406987419,OPYTIMIZER
opy_DE,-100,764,5,764,MABBOB_764,0.0591462817491365,0.04967737500146988,OPYTIMIZER
opy_GA,-100,264,5,264,MABBOB_264,0.09576677858937407,0.044482612286583234,OPYTIMIZER
opy_SSA,-100,965,5,965,MABBOB_965,0.27222534735811227,0.07187144856793708,OPYTIMIZER
opy_SAVPSO,-100,502,5,502,MABBOB_502,0.09183340003825224,0.03102747654042174,OPYTIMIZER
opy_DE,-100,783,5,783,MABBOB_783,0.14871312702328743,0.11607654038581819,OPYTIMIZER
opy_GCO,-100,243,5,243,MABBOB_243,0.03689531926574009,0.032430406261890206,OPYTIMIZER
opy_RPSO,-100,691,5,691,MABBOB_691,0.016733430059709,0.013769746349675633,OPYTIMIZER
opy_QSA,-100,275,5,275,MABBOB_275,0.2733669445485737,0.14576918021529156,OPYTIMIZER
opy_RFO,-100,410,5,410,MABBOB_410,0.02677840439427457,0.01679142892638995,OPYTIMIZER
opy_WEO,-100,494,5,494,MABBOB_494,0.07909019992955559,0.09136890911327142,OPYTIMIZER
opy_GCO,-100,203,5,203,MABBOB_203,0.370224842586399,0.26308331786878725,OPYTIMIZER
opy_GOA,-100,246,5,246,MABBOB_246,0.06353439561900134,0.05682044896781135,OPYTIMIZER
opy_AOA,-100,204,5,204,MABBOB_204,0.09789132403987788,0.07504520800190523,OPYTIMIZER
opy_COA,-100,105,5,105,MABBOB_105,0.23223018444773103,0.10320876037787265,OPYTIMIZER
opy_RPSO,-100,2,5,2,MABBOB_2,0.20242336411193418,0.21819816297318861,OPYTIMIZER
opy_SOS,-100,177,5,177,MABBOB_177,0.07633658371779348,0.08696130635107402,OPYTIMIZER
opy_TWO,-100,891,5,891,MABBOB_891,0.19238987320768788,0.056606312379132794,OPYTIMIZER
opy_SSA,-100,830,5,830,MABBOB_830,0.20595622496627136,0.16636646413832268,OPYTIMIZER
opy_EO,-100,466,5,466,MABBOB_466,0.10374748564438865,0.03152572509878082,OPYTIMIZER
opy_SSA,-100,810,5,810,MABBOB_810,0.12428728428155648,0.13388817643829834,OPYTIMIZER
opy_BSA,-100,492,5,492,MABBOB_492,0.23082038713683156,0.23890598630123017,OPYTIMIZER
opy_GOA,-100,761,5,761,MABBOB_761,0.09392727618193977,0.02729459045482314,OPYTIMIZER
opy_GA,-100,852,5,852,MABBOB_852,0.0646400451997536,0.037910438032576516,OPYTIMIZER
opy_CS,-100,597,5,597,MABBOB_597,0.20902358298006746,0.0853807523007816,OPYTIMIZER
opy_RPSO,-100,390,5,390,MABBOB_390,0.03618059267213782,0.035806723200196434,OPYTIMIZER
opy_MVPA,-100,181,5,181,MABBOB_181,0.037775750479391065,0.019370287029541352,OPYTIMIZER
opy_BSA,-100,949,5,949,MABBOB_949,0.32130614012547554,0.1634913403772507,OPYTIMIZER
opy_RRA,-100,689,5,689,MABBOB_689,0.023561567336176627,0.015138276520874563,OPYTIMIZER
opy_RPSO,-100,575,5,575,MABBOB_575,0.27246507477905313,0.14341857110361494,OPYTIMIZER
opy_ASO,-100,34,5,34,MABBOB_34,0.2750351880392532,0.23293867862253761,OPYTIMIZER
opy_ABO,-100,61,5,61,MABBOB_61,0.29396676295352103,0.1385244272548016,OPYTIMIZER
opy_ABC,-100,449,5,449,MABBOB_449,0.02077993477878292,0.013144025081325707,OPYTIMIZER
opy_AEO,-100,852,5,852,MABBOB_852,0.07365167844557566,0.05725638693509728,OPYTIMIZER
opy_QSA,-100,344,5,344,MABBOB_344,0.03891120856771944,0.012047800858135178,OPYTIMIZER
opy_SOS,-100,423,5,423,MABBOB_423,0.11262442434211883,0.09532537324846553,OPYTIMIZER
opy_CS,-100,176,5,176,MABBOB_176,0.3434425625016086,0.11974155148974866,OPYTIMIZER
opy_AEO,-100,606,5,606,MABBOB_606,0.2340932200420552,0.05157488469088046,OPYTIMIZER
opy_GA,-100,787,5,787,MABBOB_787,0.11793910603148579,0.057462589219597654,OPYTIMIZER
opy_RPSO,-100,812,5,812,MABBOB_812,0.05266261721494062,0.01630673770440746,OPYTIMIZER
opy_COA,-100,344,5,344,MABBOB_344,0.0796789225172269,0.05514894891251602,OPYTIMIZER
opy_ABC,-100,695,5,695,MABBOB_695,0.06118940647044648,0.024734934932197996,OPYTIMIZER
opy_ABC,-100,426,5,426,MABBOB_426,0.23174841414963102,0.15644026544283962,OPYTIMIZER
opy_COA,-100,62,5,62,MABBOB_62,0.42682443170209894,0.1672816988153022,OPYTIMIZER
opy_AEO,-100,700,5,700,MABBOB_700,0.0806715715866064,0.07085083268393685,OPYTIMIZER
opy_ABO,-100,756,5,756,MABBOB_756,0.34819302054122325,0.2243100013083858,OPYTIMIZER
opy_CS,-100,88,5,88,MABBOB_88,0.03061146854213475,0.012382670956788463,OPYTIMIZER
opy_DE,-100,965,5,965,MABBOB_965,0.40277504241151474,0.1386632511417303,OPYTIMIZER
opy_LSA,-100,950,5,950,MABBOB_950,0.1188436188688887,0.06957818746757405,OPYTIMIZER
opy_AEO,-100,531,5,531,MABBOB_531,0.1541723751613921,0.058193818839585944,OPYTIMIZER
opy_BSA,-100,215,5,215,MABBOB_215,0.4579896942022474,0.3040537576466811,OPYTIMIZER
opy_ABO,-100,836,5,836,MABBOB_836,0.35899690062714146,0.21083346240411543,OPYTIMIZER
opy_IWO,-100,606,5,606,MABBOB_606,0.31667009320222766,0.07030142509976192,OPYTIMIZER
opy_SSA,-100,738,5,738,MABBOB_738,0.21910622776470334,0.29496138540818173,OPYTIMIZER
opy_EO,-100,204,5,204,MABBOB_204,0.025933252493784954,0.01061689088268755,OPYTIMIZER
opy_SOS,-100,901,5,901,MABBOB_901,0.12937805143425765,0.11680238707598174,OPYTIMIZER
opy_LSA,-100,680,5,680,MABBOB_680,0.10449683394794003,0.07498365775817811,OPYTIMIZER
opy_GA,-100,769,5,769,MABBOB_769,0.1638497343952444,0.1603360629845309,OPYTIMIZER
opy_GCO,-100,891,5,891,MABBOB_891,0.6715075426866701,0.22083924518047182,OPYTIMIZER
opy_WEO,-100,586,5,586,MABBOB_586,0.33418282267868477,0.18984408622662632,OPYTIMIZER
opy_ABC,-100,870,5,870,MABBOB_870,0.169851310464124,0.12562327626147998,OPYTIMIZER
opy_QSA,-100,330,5,330,MABBOB_330,0.2822387339803704,0.15261882071963767,OPYTIMIZER
opy_WEO,-100,922,5,922,MABBOB_922,0.45238400974103926,0.1285091073742122,OPYTIMIZER
opy_SAVPSO,-100,335,5,335,MABBOB_335,0.04663415328969453,0.04236335268934253,OPYTIMIZER
opy_ABO,-100,911,5,911,MABBOB_911,0.361892829473309,0.24073235259334272,OPYTIMIZER
opy_CS,-100,714,5,714,MABBOB_714,0.09160698347549319,0.09201371752275217,OPYTIMIZER
opy_RFO,-100,243,5,243,MABBOB_243,0.017351160081246243,0.01103431445460652,OPYTIMIZER
opy_WEO,-100,411,5,411,MABBOB_411,0.09957044000160634,0.10149675780885144,OPYTIMIZER
opy_RFO,-100,764,5,764,MABBOB_764,0.04503410311823891,0.03582156223965364,OPYTIMIZER
opy_AOA,-100,954,5,954,MABBOB_954,0.1066014020029066,0.13802741498046092,OPYTIMIZER
opy_AOA,-100,567,5,567,MABBOB_567,0.34409553402332244,0.28767489188208945,OPYTIMIZER
opy_SSA,-100,176,5,176,MABBOB_176,0.32209263914159064,0.12005697839692643,OPYTIMIZER
opy_AEO,-100,529,5,529,MABBOB_529,0.05687517642703699,0.01883463744444039,OPYTIMIZER
opy_AOA,-100,919,5,919,MABBOB_919,0.3754900337882581,0.23612438977893738,OPYTIMIZER
opy_GCO,-100,456,5,456,MABBOB_456,0.019207197035901197,0.0073667847573705095,OPYTIMIZER
opy_BSA,-100,852,5,852,MABBOB_852,0.137466946738163,0.10199870625666083,OPYTIMIZER
opy_BSA,-100,700,5,700,MABBOB_700,0.17616879950617675,0.1330717663101671,OPYTIMIZER
opy_GA,-100,531,5,531,MABBOB_531,0.14944616120410342,0.08622665327312734,OPYTIMIZER
opy_EO,-100,542,5,542,MABBOB_542,0.03525766591065467,0.0271402979768314,OPYTIMIZER
opy_MVPA,-100,870,5,870,MABBOB_870,0.08292843714220276,0.0552154032570568,OPYTIMIZER
opy_SOS,-100,257,5,257,MABBOB_257,0.08898979406334284,0.04653206809550615,OPYTIMIZER
opy_SOS,-100,779,5,779,MABBOB_779,0.05841928915139659,0.04478971758543842,OPYTIMIZER
opy_IWO,-100,40,5,40,MABBOB_40,0.07561509434243738,0.07370512149633163,OPYTIMIZER
opy_IWO,-100,906,5,906,MABBOB_906,0.0324680101598671,0.01817682831919336,OPYTIMIZER
opy_QSA,-100,706,5,706,MABBOB_706,0.3179935955622026,0.1589776464052705,OPYTIMIZER
opy_LSA,-100,538,5,538,MABBOB_538,0.12750121017725696,0.02071054693053926,OPYTIMIZER
opy_QSA,-100,862,5,862,MABBOB_862,0.20578058492751525,0.14598517774811892,OPYTIMIZER
opy_DE,-100,26,5,26,MABBOB_26,0.3519587530825697,0.4136089620817659,OPYTIMIZER
opy_CS,-100,586,5,586,MABBOB_586,0.21421462663360105,0.09397864843757708,OPYTIMIZER
opy_RFO,-100,415,5,415,MABBOB_415,0.202438751456806,0.17454659644262444,OPYTIMIZER
opy_AOA,-100,344,5,344,MABBOB_344,0.18735225511531325,0.1403422720591257,OPYTIMIZER
opy_ABC,-100,396,5,396,MABBOB_396,0.2133056644134085,0.11901828136296033,OPYTIMIZER
opy_RPSO,-100,769,5,769,MABBOB_769,0.13012821299172944,0.1213822518289868,OPYTIMIZER
opy_LSA,-100,555,5,555,MABBOB_555,0.1837693535841594,0.11503453534453108,OPYTIMIZER
opy_LSA,-100,118,5,118,MABBOB_118,0.06792316470032334,0.08707897983280566,OPYTIMIZER
opy_CS,-100,423,5,423,MABBOB_423,0.16082625837569536,0.1298175957615999,OPYTIMIZER
opy_MVPA,-100,410,5,410,MABBOB_410,0.024960394217284836,0.021073898528161984,OPYTIMIZER
opy_AEO,-100,492,5,492,MABBOB_492,0.06609535080116394,0.052172486608509254,OPYTIMIZER
opy_QSA,-100,919,5,919,MABBOB_919,0.3029044700421481,0.1523153300771233,OPYTIMIZER
opy_GA,-100,464,5,464,MABBOB_464,0.1783349564964892,0.008029319461873907,OPYTIMIZER
opy_MVPA,-100,204,5,204,MABBOB_204,0.032169013613994345,0.012177495562682113,OPYTIMIZER
opy_SAVPSO,-100,220,5,220,MABBOB_220,0.2603350982814259,0.1207169487032322,OPYTIMIZER
opy_CS,-100,440,5,440,MABBOB_440,0.055668963401709314,0.03288563294352557,OPYTIMIZER
opy_TWO,-100,531,5,531,MABBOB_531,0.09704394200543767,0.043244452991706116,OPYTIMIZER
opy_CS,-100,373,5,373,MABBOB_373,0.2607052593295137,0.27286317370751667,OPYTIMIZER
opy_SSA,-100,530,5,530,MABBOB_530,0.05749586965916133,0.09620449945496677,OPYTIMIZER
opy_RFO,-100,411,5,411,MABBOB_411,0.05870702432576952,0.05638781399753654,OPYTIMIZER
opy_GCO,-100,405,5,405,MABBOB_405,0.19494141124521178,0.10588407868042128,OPYTIMIZER
opy_WEO,-100,396,5,396,MABBOB_396,0.3975616926785309,0.3364556369715347,OPYTIMIZER
opy_EO,-100,555,5,555,MABBOB_555,0.10905314511665627,0.04822391889708955,OPYTIMIZER
opy_CS,-100,538,5,538,MABBOB_538,0.22673869933238633,0.04146473023921107,OPYTIMIZER
opy_AEO,-100,657,5,657,MABBOB_657,0.3638856441199735,0.08881218171759327,OPYTIMIZER
opy_RFO,-100,769,5,769,MABBOB_769,0.18988446363525852,0.1865222940796423,OPYTIMIZER
opy_RRA,-100,430,5,430,MABBOB_430,0.0748310199478909,0.08284516078805317,OPYTIMIZER
opy_BSA,-100,727,5,727,MABBOB_727,0.1859293041346767,0.27786618588121204,OPYTIMIZER
opy_QSA,-100,530,5,530,MABBOB_530,0.0982910607415687,0.17775306491314316,OPYTIMIZER
opy_IWO,-100,836,5,836,MABBOB_836,0.41245201653955305,0.22490552594858126,OPYTIMIZER
opy_DE,-100,597,5,597,MABBOB_597,0.24943827150521275,0.1843943406956832,OPYTIMIZER
opy_AOA,-100,421,5,421,MABBOB_421,0.16710771167149524,0.12464442653166721,OPYTIMIZER
opy_SOS,-100,123,5,123,MABBOB_123,0.08803567897347586,0.059884554935166735,OPYTIMIZER
opy_GA,-100,116,5,116,MABBOB_116,0.04852475042294515,0.030591527436965058,OPYTIMIZER
opy_RRA,-100,687,5,687,MABBOB_687,0.2666150011886111,0.15633574794618088,OPYTIMIZER
opy_RRA,-100,349,5,349,MABBOB_349,0.20377438442345666,0.05568552087054586,OPYTIMIZER
opy_TWO,-100,73,5,73,MABBOB_73,0.1676715661435832,0.10415749653834701,OPYTIMIZER
opy_ASO,-100,993,5,993,MABBOB_993,0.2676575863941294,0.060814002514663096,OPYTIMIZER
opy_ASO,-100,662,5,662,MABBOB_662,0.26839886466126484,0.2117343581685701,OPYTIMIZER
opy_GA,-100,827,5,827,MABBOB_827,0.19104943524130136,0.06921479660846924,OPYTIMIZER
opy_RFO,-100,844,5,844,MABBOB_844,0.12198772293071088,0.0988187302883401,OPYTIMIZER
opy_SOS,-100,688,5,688,MABBOB_688,0.1059131242929856,0.071436740678528,OPYTIMIZER
opy_CS,-100,642,5,642,MABBOB_642,0.09117612777130826,0.05643590885722567,OPYTIMIZER
opy_ABO,-100,991,5,991,MABBOB_991,0.11513467343258985,0.11597722886289062,OPYTIMIZER
opy_WEO,-100,257,5,257,MABBOB_257,0.2490031684985891,0.16382539299148766,OPYTIMIZER
opy_SOS,-100,567,5,567,MABBOB_567,0.14864972106665666,0.1864210717687499,OPYTIMIZER
opy_DE,-100,919,5,919,MABBOB_919,0.35797390357316206,0.2095077694301296,OPYTIMIZER
opy_COA,-100,449,5,449,MABBOB_449,0.021129356449238697,0.010203735844575115,OPYTIMIZER
opy_RRA,-100,577,5,577,MABBOB_577,0.1865720535972927,0.1355924106127803,OPYTIMIZER
opy_GA,-100,2,5,2,MABBOB_2,0.22662806161665044,0.25207391685777564,OPYTIMIZER
opy_IWO,-100,747,5,747,MABBOB_747,0.20388968839527905,0.16788172367973137,OPYTIMIZER
opy_IWO,-100,525,5,525,MABBOB_525,0.2228400951312993,0.09854824407594738,OPYTIMIZER
opy_ABO,-100,739,5,739,MABBOB_739,0.057617257922959256,0.01894872528690299,OPYTIMIZER
opy_DE,-100,327,5,327,MABBOB_327,0.2602409101965376,0.15523303348669995,OPYTIMIZER
opy_AOA,-100,220,5,220,MABBOB_220,0.3363764918807495,0.21021924663761715,OPYTIMIZER
opy_EO,-100,449,5,449,MABBOB_449,0.017477388450901455,0.00833929016823368,OPYTIMIZER
opy_GOA,-100,456,5,456,MABBOB_456,0.01803076820673858,0.0074410808089775595,OPYTIMIZER
opy_TWO,-100,586,5,586,MABBOB_586,0.18143501272077406,0.08472302414765459,OPYTIMIZER
opy_CS,-100,61,5,61,MABBOB_61,0.21593044344438922,0.07214815527268512,OPYTIMIZER
opy_AEO,-100,782,5,782,MABBOB_782,0.17715275765976624,0.1006841054983847,OPYTIMIZER
opy_DE,-100,991,5,991,MABBOB_991,0.04242025021271793,0.03827691925205204,OPYTIMIZER
opy_BSA,-100,965,5,965,MABBOB_965,0.5367172626580231,0.19984798354417802,OPYTIMIZER
opy_GOA,-100,862,5,862,MABBOB_862,0.10583830472682945,0.10105239036967462,OPYTIMIZER
opy_ABO,-100,6,5,6,MABBOB_6,0.2422465807630927,0.08853388948276326,OPYTIMIZER
opy_EO,-100,852,5,852,MABBOB_852,0.044217327134047746,0.0320587677412129,OPYTIMIZER
opy_QSA,-100,639,5,639,MABBOB_639,0.14332457036360427,0.07349300396836164,OPYTIMIZER
opy_MVPA,-100,44,5,44,MABBOB_44,0.07005133468601543,0.049683910275561044,OPYTIMIZER
opy_BSA,-100,922,5,922,MABBOB_922,0.4736495795685289,0.10939310951837013,OPYTIMIZER
opy_MVPA,-100,88,5,88,MABBOB_88,0.016962927396304534,0.0034563546778394127,OPYTIMIZER
opy_ABC,-100,192,5,192,MABBOB_192,0.08737445055247761,0.051153041449117344,OPYTIMIZER
opy_AEO,-100,61,5,61,MABBOB_61,0.20032981685691906,0.0626991093800287,OPYTIMIZER
opy_COA,-100,220,5,220,MABBOB_220,0.4367203182603735,0.2859187185307356,OPYTIMIZER
opy_BSA,-100,275,5,275,MABBOB_275,0.4213733613741316,0.21151063445852827,OPYTIMIZER
opy_ASO,-100,421,5,421,MABBOB_421,0.121735793363549,0.05922818675896166,OPYTIMIZER
opy_AEO,-100,107,5,107,MABBOB_107,0.05203972022248697,0.02878250271002848,OPYTIMIZER
opy_GA,-100,114,5,114,MABBOB_114,0.3158011565884655,0.12829463438320557,OPYTIMIZER
opy_GOA,-100,975,5,975,MABBOB_975,0.09012117868625752,0.04176250552109442,OPYTIMIZER
opy_AEO,-100,220,5,220,MABBOB_220,0.38310034923991776,0.2600230241437525,OPYTIMIZER
opy_GA,-100,687,5,687,MABBOB_687,0.37066769081977036,0.21614608833814822,OPYTIMIZER
opy_RFO,-100,502,5,502,MABBOB_502,0.20001372252473093,0.07188355700961932,OPYTIMIZER
opy_TWO,-100,556,5,556,MABBOB_556,0.03793549633536469,0.014873611026751169,OPYTIMIZER
opy_IWO,-100,798,5,798,MABBOB_798,0.4079525295505319,0.14978452588474755,OPYTIMIZER
opy_MVPA,-100,949,5,949,MABBOB_949,0.07353704299888145,0.08015175436421587,OPYTIMIZER
opy_RFO,-100,713,5,713,MABBOB_713,0.11633499438313946,0.11433040388945666,OPYTIMIZER
opy_ASO,-100,878,5,878,MABBOB_878,0.3505246598071804,0.09758582459370824,OPYTIMIZER
opy_AEO,-100,943,5,943,MABBOB_943,0.3637019992124418,0.13783567907723498,OPYTIMIZER
opy_DE,-100,567,5,567,MABBOB_567,0.0661633198353945,0.028584095266170333,OPYTIMIZER
opy_QSA,-100,528,5,528,MABBOB_528,0.05489922751485836,0.057826464579737995,OPYTIMIZER
opy_MVPA,-100,61,5,61,MABBOB_61,0.12818399776609282,0.06406037662499528,OPYTIMIZER
opy_COA,-100,330,5,330,MABBOB_330,0.28543313913347973,0.1867191727457189,OPYTIMIZER
opy_BSA,-100,333,5,333,MABBOB_333,0.07422075840031772,0.10073306126962846,OPYTIMIZER
opy_SSA,-100,360,5,360,MABBOB_360,0.12514783780169944,0.09780542315766604,OPYTIMIZER
opy_AOA,-100,327,5,327,MABBOB_327,0.19213293150706384,0.12405873733964737,OPYTIMIZER
opy_GA,-100,877,5,877,MABBOB_877,0.1744039934634332,0.10782214844545303,OPYTIMIZER
opy_GA,-100,327,5,327,MABBOB_327,0.2174487837445828,0.11861352364151932,OPYTIMIZER
opy_GA,-100,782,5,782,MABBOB_782,0.18503947195733922,0.09449030496234459,OPYTIMIZER
opy_RRA,-100,898,5,898,MABBOB_898,0.062026770805212114,0.08921102148915824,OPYTIMIZER
opy_ASO,-100,40,5,40,MABBOB_40,0.10956984385666965,0.11231487663823672,OPYTIMIZER
opy_WEO,-100,217,5,217,MABBOB_217,0.3064688110148829,0.15513604429933128,OPYTIMIZER
opy_GCO,-100,115,5,115,MABBOB_115,0.294420246897495,0.1968462711569599,OPYTIMIZER
opy_RPSO,-100,181,5,181,MABBOB_181,0.03278627041581132,0.014491576188163813,OPYTIMIZER
opy_RPSO,-100,344,5,344,MABBOB_344,0.05352193341580067,0.015673352485071818,OPYTIMIZER
opy_SAVPSO,-100,221,5,221,MABBOB_221,0.14594996947186106,0.11688070068169885,OPYTIMIZER
opy_DE,-100,906,5,906,MABBOB_906,0.06838268434049408,0.09523126931775402,OPYTIMIZER
opy_RRA,-100,166,5,166,MABBOB_166,0.2110978793867344,0.11251232377976766,OPYTIMIZER
opy_AEO,-100,906,5,906,MABBOB_906,0.05241519566585893,0.04706503913920069,OPYTIMIZER
opy_SSA,-100,396,5,396,MABBOB_396,0.23811229273707304,0.1374743785142409,OPYTIMIZER
opy_RFO,-100,788,5,788,MABBOB_788,0.04385443090934708,0.02330856682718752,OPYTIMIZER
opy_DE,-100,361,5,361,MABBOB_361,0.4374287601337613,0.24950570966917543,OPYTIMIZER
opy_ABO,-100,217,5,217,MABBOB_217,0.21777820103486537,0.09563406195024303,OPYTIMIZER
opy_RRA,-100,97,5,97,MABBOB_97,0.0842147622738363,0.05009965694422259,OPYTIMIZER
opy_IWO,-100,390,5,390,MABBOB_390,0.026918463385573493,0.023290634180790186,OPYTIMIZER
opy_BSA,-100,188,5,188,MABBOB_188,0.2840197435801975,0.17541850547377125,OPYTIMIZER
opy_AEO,-100,536,5,536,MABBOB_536,0.17932134858646548,0.06151163702456352,OPYTIMIZER
opy_AEO,-100,671,5,671,MABBOB_671,0.1879858836952429,0.10754428818753257,OPYTIMIZER
opy_DE,-100,203,5,203,MABBOB_203,0.28587785004880073,0.207633910351578,OPYTIMIZER
opy_LSA,-100,350,5,350,MABBOB_350,0.12072029010719025,0.10241456768426155,OPYTIMIZER
opy_MVPA,-100,82,5,82,MABBOB_82,0.055743618856620936,0.03035726406890249,OPYTIMIZER
opy_ABO,-100,898,5,898,MABBOB_898,0.10822940686803988,0.1624884785154712,OPYTIMIZER
opy_ASO,-100,965,5,965,MABBOB_965,0.543195558888413,0.2004568666028419,OPYTIMIZER
opy_COA,-100,764,5,764,MABBOB_764,0.05434647704909976,0.03354368345430131,OPYTIMIZER
opy_SSA,-100,486,5,486,MABBOB_486,0.19920694242855128,0.0718199390096548,OPYTIMIZER
opy_ABC,-100,876,5,876,MABBOB_876,0.14582274396804212,0.08200806754780278,OPYTIMIZER
opy_IWO,-100,268,5,268,MABBOB_268,0.32694880648012886,0.0826221646858573,OPYTIMIZER
opy_RRA,-100,949,5,949,MABBOB_949,0.10776543463039938,0.043970813163255094,OPYTIMIZER
opy_RPSO,-100,449,5,449,MABBOB_449,0.01724842711228653,0.00756482874149639,OPYTIMIZER
opy_EO,-100,2,5,2,MABBOB_2,0.14410752640253935,0.13184952922821466,OPYTIMIZER
opy_BSA,-100,887,5,887,MABBOB_887,0.555493814835996,0.23883818578717508,OPYTIMIZER
opy_MVPA,-100,592,5,592,MABBOB_592,0.2975548293846174,0.12423650036041212,OPYTIMIZER
opy_ABO,-100,782,5,782,MABBOB_782,0.23029013313484675,0.14810084909226637,OPYTIMIZER
opy_DE,-100,964,5,964,MABBOB_964,0.20777012265673966,0.054069121721692155,OPYTIMIZER
opy_WEO,-100,695,5,695,MABBOB_695,0.1290782682399702,0.05089073177467168,OPYTIMIZER
opy_QSA,-100,162,5,162,MABBOB_162,0.10613519648182104,0.03389418121479252,OPYTIMIZER
opy_AEO,-100,105,5,105,MABBOB_105,0.25379757343881104,0.1235399472417872,OPYTIMIZER
opy_GOA,-100,689,5,689,MABBOB_689,0.023965696930014383,0.015282430684939485,OPYTIMIZER
opy_TWO,-100,387,5,387,MABBOB_387,0.02136523396151561,0.012220151499535243,OPYTIMIZER
opy_IWO,-100,865,5,865,MABBOB_865,0.3076284048229655,0.315849401721982,OPYTIMIZER
opy_GA,-100,492,5,492,MABBOB_492,0.08018257120990491,0.06880369193841246,OPYTIMIZER
opy_QSA,-100,103,5,103,MABBOB_103,0.13713288351822847,0.06523417780635435,OPYTIMIZER
opy_ABO,-100,502,5,502,MABBOB_502,0.32502727220900074,0.14297920717791618,OPYTIMIZER
opy_DE,-100,891,5,891,MABBOB_891,0.47588709096264525,0.24788497761780717,OPYTIMIZER
opy_QSA,-100,989,5,989,MABBOB_989,0.11525351393161203,0.1341173545594257,OPYTIMIZER
opy_WEO,-100,176,5,176,MABBOB_176,0.387958796333097,0.12113106012709818,OPYTIMIZER
opy_TWO,-100,662,5,662,MABBOB_662,0.1144355068902188,0.09041811163514085,OPYTIMIZER
opy_AEO,-100,764,5,764,MABBOB_764,0.052319128337701096,0.05189483589436116,OPYTIMIZER
opy_EO,-100,536,5,536,MABBOB_536,0.12812305501596147,0.0584970811187752,OPYTIMIZER
opy_BSA,-100,746,5,746,MABBOB_746,0.260450096728538,0.0477285547297873,OPYTIMIZER
opy_BSA,-100,618,5,618,MABBOB_618,0.40637830721719786,0.17917569635509398,OPYTIMIZER
opy_CS,-100,961,5,961,MABBOB_961,0.2684869094285566,0.16186240986843833,OPYTIMIZER
opy_WEO,-100,746,5,746,MABBOB_746,0.26405445999301536,0.051835864196054175,OPYTIMIZER
opy_ABC,-100,329,5,329,MABBOB_329,0.1975374659046743,0.18550124920267808,OPYTIMIZER
opy_LSA,-100,740,5,740,MABBOB_740,0.13504726292391928,0.08121552369741739,OPYTIMIZER
opy_IWO,-100,82,5,82,MABBOB_82,0.1298031055047058,0.03624676135647546,OPYTIMIZER
opy_RFO,-100,918,5,918,MABBOB_918,0.2366701164648289,0.07719195077301033,OPYTIMIZER
opy_SAVPSO,-100,891,5,891,MABBOB_891,0.17760393345055306,0.03219563373953303,OPYTIMIZER
opy_COA,-100,24,5,24,MABBOB_24,0.15282132259818662,0.12822623409572695,OPYTIMIZER
opy_COA,-100,795,5,795,MABBOB_795,0.24984942174607125,0.14980359082456063,OPYTIMIZER
opy_DE,-100,727,5,727,MABBOB_727,0.09995213442143457,0.1433927988861225,OPYTIMIZER
opy_AOA,-100,388,5,388,MABBOB_388,0.19191460441247649,0.19904934189162315,OPYTIMIZER
opy_GOA,-100,993,5,993,MABBOB_993,0.1340028609958957,0.06661212841515922,OPYTIMIZER
opy_RFO,-100,714,5,714,MABBOB_714,0.09475386266296335,0.10968882093848348,OPYTIMIZER
opy_AEO,-100,207,5,207,MABBOB_207,0.36243369539016357,0.13833717353772226,OPYTIMIZER
opy_SSA,-100,955,5,955,MABBOB_955,0.14278240003778947,0.12791899566166073,OPYTIMIZER
opy_ABO,-100,955,5,955,MABBOB_955,0.1677899653655236,0.1763556006849621,OPYTIMIZER
opy_ABO,-100,192,5,192,MABBOB_192,0.2137873030222625,0.1332364243824637,OPYTIMIZER
opy_DE,-100,215,5,215,MABBOB_215,0.24431986487156704,0.15324992368560858,OPYTIMIZER
opy_RFO,-100,830,5,830,MABBOB_830,0.14888247406167804,0.09603464276092998,OPYTIMIZER
opy_COA,-100,687,5,687,MABBOB_687,0.40502145624653496,0.2417089182716141,OPYTIMIZER
opy_RRA,-100,565,5,565,MABBOB_565,0.09345061407044486,0.07316475975413228,OPYTIMIZER
opy_SSA,-100,782,5,782,MABBOB_782,0.21075040499254497,0.10909589473586721,OPYTIMIZER
opy_ABO,-100,494,5,494,MABBOB_494,0.06864934943094261,0.07656152634848168,OPYTIMIZER
opy_RRA,-100,919,5,919,MABBOB_919,0.2688063273622655,0.14642989629995237,OPYTIMIZER
opy_ABO,-100,677,5,677,MABBOB_677,0.34812094326536486,0.14916884678257886,OPYTIMIZER
opy_GCO,-100,766,5,766,MABBOB_766,0.044202192227885975,0.024734401454572594,OPYTIMIZER
opy_DE,-100,782,5,782,MABBOB_782,0.20532813390630475,0.11554198405708203,OPYTIMIZER
opy_EO,-100,344,5,344,MABBOB_344,0.04376450688142706,0.021928067163807914,OPYTIMIZER
opy_TWO,-100,464,5,464,MABBOB_464,0.12258214350971289,0.04062202464102939,OPYTIMIZER
opy_ASO,-100,161,5,161,MABBOB_161,0.35296380446450454,0.14818571387271293,OPYTIMIZER
opy_LSA,-100,259,5,259,MABBOB_259,0.051370012807144635,0.030692655808846406,OPYTIMIZER
opy_AEO,-100,911,5,911,MABBOB_911,0.2875363945685502,0.21150184162414806,OPYTIMIZER
opy_SAVPSO,-100,848,5,848,MABBOB_848,0.36107942718946334,0.24327329683578564,OPYTIMIZER
opy_SOS,-100,116,5,116,MABBOB_116,0.05037331086775006,0.035145683557376566,OPYTIMIZER
opy_RFO,-100,687,5,687,MABBOB_687,0.33347782716836843,0.23052660618561524,OPYTIMIZER
opy_COA,-100,390,5,390,MABBOB_390,0.051804928455084685,0.07303497221093067,OPYTIMIZER
opy_RRA,-100,542,5,542,MABBOB_542,0.12162357623573336,0.15567235868206594,OPYTIMIZER
opy_EO,-100,404,5,404,MABBOB_404,0.03126426127712343,0.021430101231907504,OPYTIMIZER
opy_BSA,-100,707,5,707,MABBOB_707,0.41379077546493975,0.23106438632788387,OPYTIMIZER
opy_GA,-100,657,5,657,MABBOB_657,0.3955724890051317,0.11244342874437689,OPYTIMIZER
opy_TWO,-100,709,5,709,MABBOB_709,0.1629400387088979,0.05451442721503944,OPYTIMIZER
opy_CS,-100,525,5,525,MABBOB_525,0.15866437523592308,0.0879890116576117,OPYTIMIZER
opy_TWO,-100,118,5,118,MABBOB_118,0.07841397873452167,0.10409265112130353,OPYTIMIZER
opy_ABC,-100,113,5,113,MABBOB_113,0.171254913462369,0.16733224101439,OPYTIMIZER
opy_AEO,-100,26,5,26,MABBOB_26,0.27424297422205546,0.35704624261377815,OPYTIMIZER
opy_AOA,-100,82,5,82,MABBOB_82,0.10278050709389393,0.03455092768067774,OPYTIMIZER
opy_EO,-100,687,5,687,MABBOB_687,0.2919596596678518,0.20571996741647855,OPYTIMIZER
opy_EO,-100,877,5,877,MABBOB_877,0.1479497335778171,0.10395361239071377,OPYTIMIZER
opy_SSA,-100,421,5,421,MABBOB_421,0.10333117680308357,0.06003068309570275,OPYTIMIZER
opy_COA,-100,411,5,411,MABBOB_411,0.06975648134954411,0.0651341526001098,OPYTIMIZER
opy_DE,-100,918,5,918,MABBOB_918,0.2523587047559116,0.07636451714626322,OPYTIMIZER
opy_SOS,-100,993,5,993,MABBOB_993,0.13139215399427995,0.024093486232566304,OPYTIMIZER
opy_GOA,-100,116,5,116,MABBOB_116,0.03433188958637572,0.017118964105963145,OPYTIMIZER
opy_RRA,-100,15,5,15,MABBOB_15,0.13880947219364131,0.1410398326556176,OPYTIMIZER
opy_ABO,-100,536,5,536,MABBOB_536,0.2595159125097581,0.09956413176230902,OPYTIMIZER
opy_COA,-100,163,5,163,MABBOB_163,0.030843521764351744,0.013565070072519107,OPYTIMIZER
opy_WEO,-100,44,5,44,MABBOB_44,0.15907436490220145,0.123492940859458,OPYTIMIZER
opy_BSA,-100,177,5,177,MABBOB_177,0.2606684635650477,0.23604422960838686,OPYTIMIZER
opy_RRA,-100,305,5,305,MABBOB_305,0.17268173763218325,0.12470103199574874,OPYTIMIZER
opy_GOA,-100,558,5,558,MABBOB_558,0.1622278529002648,0.10890364923811897,OPYTIMIZER
opy_MVPA,-100,486,5,486,MABBOB_486,0.11827797343888276,0.05660771968777993,OPYTIMIZER
opy_TWO,-100,982,5,982,MABBOB_982,0.018022800140012576,0.004964847545813463,OPYTIMIZER
opy_ABO,-100,220,5,220,MABBOB_220,0.35807164679743825,0.13778603775264134,OPYTIMIZER
opy_SSA,-100,451,5,451,MABBOB_451,0.027105396686090612,0.026698885622619323,OPYTIMIZER
opy_IWO,-100,307,5,307,MABBOB_307,0.15104419033101074,0.15790998828736316,OPYTIMIZER
opy_BSA,-100,260,5,260,MABBOB_260,0.3277308387913792,0.10310887166926044,OPYTIMIZER
opy_DE,-100,494,5,494,MABBOB_494,0.07457950370630516,0.08377252370288471,OPYTIMIZER
opy_TWO,-100,975,5,975,MABBOB_975,0.07960765164369372,0.04411781351867234,OPYTIMIZER
opy_CS,-100,37,5,37,MABBOB_37,0.32260086792594656,0.18202301878972257,OPYTIMIZER
opy_BSA,-100,982,5,982,MABBOB_982,0.028714556067228975,0.010762704328584187,OPYTIMIZER
opy_SOS,-100,975,5,975,MABBOB_975,0.0924191592758622,0.05371436885115244,OPYTIMIZER
opy_RPSO,-100,898,5,898,MABBOB_898,0.04666687931270575,0.06169214849788224,OPYTIMIZER
opy_SOS,-100,870,5,870,MABBOB_870,0.10514102415568097,0.0662615880125677,OPYTIMIZER
opy_SOS,-100,74,5,74,MABBOB_74,0.0485017112373366,0.05837194837639177,OPYTIMIZER
opy_AEO,-100,123,5,123,MABBOB_123,0.08524286214457986,0.058175555551122846,OPYTIMIZER
opy_ASO,-100,44,5,44,MABBOB_44,0.1649379638137818,0.1298506941250806,OPYTIMIZER
opy_SOS,-100,864,5,864,MABBOB_864,0.07111457422771653,0.04758205107824515,OPYTIMIZER
opy_COA,-100,700,5,700,MABBOB_700,0.06587055286471144,0.049209792575849315,OPYTIMIZER
opy_SSA,-100,989,5,989,MABBOB_989,0.07909869053659455,0.09828620358459159,OPYTIMIZER
opy_ABC,-100,746,5,746,MABBOB_746,0.174635253000867,0.01734252696832612,OPYTIMIZER
opy_SOS,-100,508,5,508,MABBOB_508,0.10107895687972071,0.0912404070864913,OPYTIMIZER
opy_TWO,-100,689,5,689,MABBOB_689,0.021377815024787063,0.012107500003230237,OPYTIMIZER
opy_ABO,-100,410,5,410,MABBOB_410,0.07470691135718947,0.06215572337456705,OPYTIMIZER
opy_LSA,-100,390,5,390,MABBOB_390,0.02784536977237107,0.023813212888979817,OPYTIMIZER
opy_ABO,-100,329,5,329,MABBOB_329,0.19563462805244528,0.166579679207025,OPYTIMIZER
opy_LSA,-100,6,5,6,MABBOB_6,0.12827656993540248,0.027441099960862657,OPYTIMIZER
opy_SAVPSO,-100,556,5,556,MABBOB_556,0.03949628708647104,0.012997202164852749,OPYTIMIZER
opy_AOA,-100,390,5,390,MABBOB_390,0.1777540438502252,0.17311752926889223,OPYTIMIZER
opy_GA,-100,451,5,451,MABBOB_451,0.030410050214904272,0.022859180185394373,OPYTIMIZER
opy_QSA,-100,779,5,779,MABBOB_779,0.05751963745569586,0.036394404012362824,OPYTIMIZER
opy_CS,-100,426,5,426,MABBOB_426,0.22186619420516585,0.15826262178104658,OPYTIMIZER
opy_COA,-100,192,5,192,MABBOB_192,0.0533814646000826,0.028180216723256032,OPYTIMIZER
opy_TWO,-100,2,5,2,MABBOB_2,0.18018080573920953,0.19783214938046684,OPYTIMIZER
opy_RRA,-100,367,5,367,MABBOB_367,0.2155735007448371,0.1404760045915455,OPYTIMIZER
opy_DE,-100,67,5,67,MABBOB_67,0.17382365007610265,0.06793033916230469,OPYTIMIZER
opy_DE,-100,170,5,170,MABBOB_170,0.05265692004598639,0.017600733959834868,OPYTIMIZER
opy_TWO,-100,618,5,618,MABBOB_618,0.14975951190221531,0.05873522441017747,OPYTIMIZER
opy_LSA,-100,464,5,464,MABBOB_464,0.13622048678296822,0.015335085317995049,OPYTIMIZER
opy_WEO,-100,243,5,243,MABBOB_243,0.040033375597460126,0.03533648139461896,OPYTIMIZER
opy_TWO,-100,99,5,99,MABBOB_99,0.23659839756927642,0.12126497236709805,OPYTIMIZER
opy_IWO,-100,629,5,629,MABBOB_629,0.4345082917420836,0.3309150974090286,OPYTIMIZER
opy_ABC,-100,82,5,82,MABBOB_82,0.08555184053292902,0.04016333309079152,OPYTIMIZER
opy_COA,-100,257,5,257,MABBOB_257,0.10064305248815611,0.049293542909997046,OPYTIMIZER
opy_ASO,-100,844,5,844,MABBOB_844,0.2033394181988469,0.19949288104964458,OPYTIMIZER
opy_ABO,-100,204,5,204,MABBOB_204,0.07376534327347557,0.05159555802191826,OPYTIMIZER
opy_CS,-100,782,5,782,MABBOB_782,0.19614777908936482,0.12989323377403314,OPYTIMIZER
opy_SSA,-100,531,5,531,MABBOB_531,0.13053769219325234,0.050765303701340955,OPYTIMIZER
opy_ASO,-100,190,5,190,MABBOB_190,0.04895452681550222,0.03958231923694947,OPYTIMIZER
opy_GA,-100,795,5,795,MABBOB_795,0.23199716321043531,0.14081970210948258,OPYTIMIZER
opy_SSA,-100,783,5,783,MABBOB_783,0.12082954820487804,0.08328934828152391,OPYTIMIZER
opy_COA,-100,61,5,61,MABBOB_61,0.1787538731738719,0.04787403519125255,OPYTIMIZER
opy_CS,-100,114,5,114,MABBOB_114,0.3884388470120996,0.16778374771770482,OPYTIMIZER
opy_EO,-100,373,5,373,MABBOB_373,0.2030933230139773,0.2283281368020131,OPYTIMIZER
opy_RPSO,-100,348,5,348,MABBOB_348,0.03174483913989183,0.014500656046657998,OPYTIMIZER
opy_DE,-100,556,5,556,MABBOB_556,0.048386005410929335,0.013882792769635104,OPYTIMIZER
opy_LSA,-100,811,5,811,MABBOB_811,0.05554959838053315,0.020290682443119067,OPYTIMIZER
opy_EO,-100,430,5,430,MABBOB_430,0.06816133410648387,0.07870175706178452,OPYTIMIZER
opy_AEO,-100,203,5,203,MABBOB_203,0.15405369295910865,0.09341527591554871,OPYTIMIZER
opy_GOA,-100,330,5,330,MABBOB_330,0.1853627007312149,0.10370161116448724,OPYTIMIZER
opy_SAVPSO,-100,461,5,461,MABBOB_461,0.03943492133898195,0.03221162431957485,OPYTIMIZER
opy_RFO,-100,116,5,116,MABBOB_116,0.04826495111907205,0.028624508832145037,OPYTIMIZER
opy_SAVPSO,-100,695,5,695,MABBOB_695,0.04123716209206281,0.021450831838352603,OPYTIMIZER
opy_MVPA,-100,491,5,491,MABBOB_491,0.16634305472893546,0.1446998377163355,OPYTIMIZER
opy_EO,-100,898,5,898,MABBOB_898,0.049501345006335365,0.06889360611268704,OPYTIMIZER
opy_AEO,-100,221,5,221,MABBOB_221,0.1966754113961775,0.15293870818195793,OPYTIMIZER
opy_RPSO,-100,61,5,61,MABBOB_61,0.10861860879830246,0.0393194577537837,OPYTIMIZER
opy_RFO,-100,811,5,811,MABBOB_811,0.057096188701933726,0.01701516463924341,OPYTIMIZER
opy_RFO,-100,865,5,865,MABBOB_865,0.2004589431682688,0.192552665021096,OPYTIMIZER
opy_TWO,-100,680,5,680,MABBOB_680,0.06997467584713013,0.03146579926006084,OPYTIMIZER
opy_ABC,-100,706,5,706,MABBOB_706,0.30401515709854304,0.15808972630979667,OPYTIMIZER
opy_SAVPSO,-100,592,5,592,MABBOB_592,0.1233410557056688,0.05841070627577459,OPYTIMIZER
opy_RFO,-100,906,5,906,MABBOB_906,0.05478129755490178,0.05164323421862271,OPYTIMIZER
opy_EO,-100,268,5,268,MABBOB_268,0.18810787089220363,0.010035115417765089,OPYTIMIZER
opy_QSA,-100,415,5,415,MABBOB_415,0.3963661671591055,0.19264955711240478,OPYTIMIZER
opy_GCO,-100,215,5,215,MABBOB_215,0.3383236683239753,0.21079003875759145,OPYTIMIZER
opy_GA,-100,713,5,713,MABBOB_713,0.13422224691713716,0.08044744752484459,OPYTIMIZER
opy_AOA,-100,396,5,396,MABBOB_396,0.350038534548566,0.24740740300573244,OPYTIMIZER
opy_TWO,-100,870,5,870,MABBOB_870,0.11135343668343489,0.06800733538546828,OPYTIMIZER
opy_AOA,-100,51,5,51,MABBOB_51,0.10590277537034407,0.13692379843994312,OPYTIMIZER
opy_CS,-100,955,5,955,MABBOB_955,0.05665244888049552,0.032406980345281715,OPYTIMIZER
opy_ABO,-100,922,5,922,MABBOB_922,0.4135248278320547,0.09345862048272602,OPYTIMIZER
opy_RPSO,-100,107,5,107,MABBOB_107,0.04270982444592954,0.020930553448310636,OPYTIMIZER
opy_GOA,-100,418,5,418,MABBOB_418,0.13576617111301809,0.08444392170403574,OPYTIMIZER
opy_LSA,-100,411,5,411,MABBOB_411,0.04436602408414124,0.04164320834739466,OPYTIMIZER
opy_TWO,-100,181,5,181,MABBOB_181,0.02670412637284315,0.00887975001585301,OPYTIMIZER
opy_RRA,-100,713,5,713,MABBOB_713,0.13047431254893666,0.08023354925301648,OPYTIMIZER
opy_LSA,-100,367,5,367,MABBOB_367,0.18641510887140403,0.12950994918858336,OPYTIMIZER
opy_RPSO,-100,360,5,360,MABBOB_360,0.10591744559591094,0.06636135726954742,OPYTIMIZER
opy_AOA,-100,373,5,373,MABBOB_373,0.2482903604610572,0.2805682594522699,OPYTIMIZER
opy_AOA,-100,918,5,918,MABBOB_918,0.2595325474053457,0.10542132027643235,OPYTIMIZER
opy_COA,-100,592,5,592,MABBOB_592,0.3654920847783877,0.0811144469792848,OPYTIMIZER
opy_SOS,-100,862,5,862,MABBOB_862,0.13055586338083575,0.1186983346627827,OPYTIMIZER
opy_COA,-100,569,5,569,MABBOB_569,0.1466179533857575,0.07494182058769734,OPYTIMIZER
opy_BSA,-100,566,5,566,MABBOB_566,0.3711326517428255,0.10520780968790684,OPYTIMIZER
opy_GOA,-100,212,5,212,MABBOB_212,0.08610912861926184,0.10388373115242198,OPYTIMIZER
opy_SAVPSO,-100,360,5,360,MABBOB_360,0.08286041962341739,0.046030180967823374,OPYTIMIZER
opy_AEO,-100,176,5,176,MABBOB_176,0.33899897301050064,0.13580975033454293,OPYTIMIZER
opy_GA,-100,220,5,220,MABBOB_220,0.39739293248486696,0.22459877950520207,OPYTIMIZER
opy_ABC,-100,147,5,147,MABBOB_147,0.1756460975029095,0.13897863402266625,OPYTIMIZER
opy_DE,-100,519,5,519,MABBOB_519,0.28808875479710405,0.18601758429294538,OPYTIMIZER
opy_COA,-100,423,5,423,MABBOB_423,0.14780719990076233,0.1110101840105589,OPYTIMIZER
opy_GA,-100,811,5,811,MABBOB_811,0.07771580847877983,0.03204461173924652,OPYTIMIZER
opy_RPSO,-100,350,5,350,MABBOB_350,0.12030799204304773,0.09430045624574553,OPYTIMIZER
opy_RPSO,-100,212,5,212,MABBOB_212,0.0746723165509616,0.07421151952257547,OPYTIMIZER
opy_GOA,-100,991,5,991,MABBOB_991,0.07905576539242963,0.05790391124661822,OPYTIMIZER
opy_MVPA,-100,731,5,731,MABBOB_731,0.035475455196415366,0.01589742681794575,OPYTIMIZER
opy_EO,-100,575,5,575,MABBOB_575,0.23178256854697965,0.11930376007236461,OPYTIMIZER
opy_IWO,-100,411,5,411,MABBOB_411,0.09920600798872185,0.10179483443302251,OPYTIMIZER
opy_GCO,-100,34,5,34,MABBOB_34,0.15081992071989778,0.09195768589250211,OPYTIMIZER
opy_SOS,-100,918,5,918,MABBOB_918,0.20832203030135066,0.06821445056364075,OPYTIMIZER
opy_CS,-100,421,5,421,MABBOB_421,0.12589137605106468,0.06466653526190265,OPYTIMIZER
opy_AEO,-100,74,5,74,MABBOB_74,0.035996223727393264,0.03133075837582431,OPYTIMIZER
opy_COA,-100,567,5,567,MABBOB_567,0.09703289318312484,0.05269263788903262,OPYTIMIZER
opy_COA,-100,99,5,99,MABBOB_99,0.30280730155923524,0.14519952945680614,OPYTIMIZER
opy_COA,-100,88,5,88,MABBOB_88,0.02270774635661524,0.009519824957984,OPYTIMIZER
opy_ABO,-100,259,5,259,MABBOB_259,0.11713898774135081,0.05951577740866217,OPYTIMIZER
opy_LSA,-100,727,5,727,MABBOB_727,0.07535126700268617,0.10479417336437513,OPYTIMIZER
opy_GCO,-100,700,5,700,MABBOB_700,0.08711772175308527,0.059734504045970215,OPYTIMIZER
opy_WEO,-100,766,5,766,MABBOB_766,0.25428119338057553,0.17111482011765222,OPYTIMIZER
opy_MVPA,-100,248,5,248,MABBOB_248,0.056739116531958664,0.07906163352096975,OPYTIMIZER
opy_SOS,-100,530,5,530,MABBOB_530,0.04795696551297805,0.07716434826731565,OPYTIMIZER
opy_SOS,-100,759,5,759,MABBOB_759,0.32201608358307354,0.06501279062127184,OPYTIMIZER
opy_SAVPSO,-100,373,5,373,MABBOB_373,0.20123516717012263,0.2121214015285793,OPYTIMIZER
opy_GOA,-100,62,5,62,MABBOB_62,0.3026189852287985,0.1468923776136366,OPYTIMIZER
opy_CS,-100,918,5,918,MABBOB_918,0.28175645825699325,0.07629264356894747,OPYTIMIZER
opy_AEO,-100,714,5,714,MABBOB_714,0.09283701259731161,0.11461620146172731,OPYTIMIZER
opy_RFO,-100,114,5,114,MABBOB_114,0.32258582001550967,0.1236207514607652,OPYTIMIZER
opy_ASO,-100,569,5,569,MABBOB_569,0.2625299728808165,0.12744361735862172,OPYTIMIZER
opy_LSA,-100,451,5,451,MABBOB_451,0.01878145885890464,0.012901916913589523,OPYTIMIZER
opy_TWO,-100,266,5,266,MABBOB_266,0.41595107797445524,0.3247205361301227,OPYTIMIZER
opy_BSA,-100,502,5,502,MABBOB_502,0.42926151013562047,0.16344904322019377,OPYTIMIZER
opy_WEO,-100,97,5,97,MABBOB_97,0.17814088894351363,0.06467238168369475,OPYTIMIZER
opy_QSA,-100,731,5,731,MABBOB_731,0.055424590458700365,0.02369938967860141,OPYTIMIZER
opy_BSA,-100,830,5,830,MABBOB_830,0.441890090613711,0.31925629861624966,OPYTIMIZER
opy_WEO,-100,713,5,713,MABBOB_713,0.27900359680402714,0.21310638801518653,OPYTIMIZER
opy_WEO,-100,556,5,556,MABBOB_556,0.11955543919637375,0.04599637769423715,OPYTIMIZER
opy_SOS,-100,949,5,949,MABBOB_949,0.12183217554328116,0.06111443789032691,OPYTIMIZER
opy_DE,-100,772,5,772,MABBOB_772,0.3663565491494677,0.21977690821905466,OPYTIMIZER
opy_TWO,-100,783,5,783,MABBOB_783,0.10445953786842485,0.08684371124206115,OPYTIMIZER
opy_SSA,-100,6,5,6,MABBOB_6,0.2010389259027856,0.042612750314814866,OPYTIMIZER
opy_RPSO,-100,6,5,6,MABBOB_6,0.13388444336461314,0.03556915971452827,OPYTIMIZER
opy_SAVPSO,-100,367,5,367,MABBOB_367,0.1227448840883932,0.0693493094959952,OPYTIMIZER
opy_ABO,-100,798,5,798,MABBOB_798,0.3983720981367965,0.14523420310371282,OPYTIMIZER
opy_GCO,-100,919,5,919,MABBOB_919,0.3768038332720872,0.19638219906588109,OPYTIMIZER
opy_CS,-100,430,5,430,MABBOB_430,0.091386971147059,0.08137918025043683,OPYTIMIZER
opy_DE,-100,162,5,162,MABBOB_162,0.123960579802193,0.025392063730240652,OPYTIMIZER
opy_MVPA,-100,116,5,116,MABBOB_116,0.03964752388280361,0.0354939175309719,OPYTIMIZER
opy_LSA,-100,243,5,243,MABBOB_243,0.01696871156583275,0.01058997337686151,OPYTIMIZER
opy_MVPA,-100,606,5,606,MABBOB_606,0.2134338747959851,0.047787210602879306,OPYTIMIZER
opy_DE,-100,115,5,115,MABBOB_115,0.27734737345220273,0.1400558822789482,OPYTIMIZER
opy_IWO,-100,555,5,555,MABBOB_555,0.3538860316668617,0.2083307885437858,OPYTIMIZER
opy_GOA,-100,26,5,26,MABBOB_26,0.17022442679412994,0.21162144823274506,OPYTIMIZER
opy_ABO,-100,415,5,415,MABBOB_415,0.3053799694105547,0.14339323577494548,OPYTIMIZER
opy_SOS,-100,604,5,604,MABBOB_604,0.10526445678076321,0.1184805606387956,OPYTIMIZER
opy_IWO,-100,891,5,891,MABBOB_891,0.7393354058452795,0.22528353011382282,OPYTIMIZER
opy_COA,-100,558,5,558,MABBOB_558,0.17404867595635393,0.1617104153552994,OPYTIMIZER
opy_GCO,-100,741,5,741,MABBOB_741,0.16895074257585663,0.1703407691201483,OPYTIMIZER
opy_SOS,-100,761,5,761,MABBOB_761,0.07475272681060259,0.020469444109523328,OPYTIMIZER
opy_IWO,-100,494,5,494,MABBOB_494,0.08096936444258371,0.09217554754452173,OPYTIMIZER
opy_QSA,-100,848,5,848,MABBOB_848,0.5178869289740818,0.2895848876987656,OPYTIMIZER
opy_WEO,-100,182,5,182,MABBOB_182,0.29326744746363703,0.09514406614531881,OPYTIMIZER
opy_IWO,-100,731,5,731,MABBOB_731,0.07726890402397774,0.03212597871021293,OPYTIMIZER
opy_COA,-100,400,5,400,MABBOB_400,0.4546103499732723,0.038189088945392295,OPYTIMIZER
opy_DE,-100,482,5,482,MABBOB_482,0.2798523970192643,0.036833198059783946,OPYTIMIZER
opy_DE,-100,680,5,680,MABBOB_680,0.155992406753149,0.057615790793248925,OPYTIMIZER
opy_DE,-100,943,5,943,MABBOB_943,0.36664204951015195,0.1332922690791191,OPYTIMIZER
opy_WEO,-100,360,5,360,MABBOB_360,0.2751138188270403,0.249302291704403,OPYTIMIZER
opy_RPSO,-100,714,5,714,MABBOB_714,0.04985281504620617,0.03860215415143578,OPYTIMIZER
opy_GOA,-100,879,5,879,MABBOB_879,0.08752111686973744,0.14409973776611662,OPYTIMIZER
opy_IWO,-100,371,5,371,MABBOB_371,0.2795531434116797,0.21531284666532358,OPYTIMIZER
opy_AEO,-100,177,5,177,MABBOB_177,0.09042127665210946,0.07909428154758069,OPYTIMIZER
opy_EO,-100,400,5,400,MABBOB_400,0.3183192332469858,0.1329726914121378,OPYTIMIZER
opy_COA,-100,827,5,827,MABBOB_827,0.23993208216608233,0.08269814234583954,OPYTIMIZER
opy_GA,-100,367,5,367,MABBOB_367,0.2261648102959884,0.1286446042104944,OPYTIMIZER
opy_RRA,-100,182,5,182,MABBOB_182,0.09410307931668409,0.04237512055869609,OPYTIMIZER
opy_WEO,-100,208,5,208,MABBOB_208,0.16582276686945596,0.12233586284563679,OPYTIMIZER
opy_ASO,-100,911,5,911,MABBOB_911,0.4963858090128241,0.3263430871717612,OPYTIMIZER
opy_DE,-100,731,5,731,MABBOB_731,0.04886816916753898,0.028494829055016112,OPYTIMIZER
opy_TWO,-100,264,5,264,MABBOB_264,0.10657834656524692,0.06646508871180662,OPYTIMIZER
opy_ABO,-100,368,5,368,MABBOB_368,0.16947054909964557,0.2418542685542749,OPYTIMIZER
opy_SOS,-100,519,5,519,MABBOB_519,0.24990924843677673,0.11601953772254704,OPYTIMIZER
opy_ABC,-100,333,5,333,MABBOB_333,0.059133921833030546,0.07582586862575809,OPYTIMIZER
opy_GOA,-100,105,5,105,MABBOB_105,0.23278320007158837,0.12694332123256538,OPYTIMIZER
opy_GA,-100,413,5,413,MABBOB_413,0.2072654468609346,0.15245019593137626,OPYTIMIZER
opy_SSA,-100,260,5,260,MABBOB_260,0.24898573388754225,0.0903996320426689,OPYTIMIZER
opy_AOA,-100,324,5,324,MABBOB_324,0.15728848265251935,0.21620905480280855,OPYTIMIZER
opy_QSA,-100,204,5,204,MABBOB_204,0.06713832447518595,0.06401177465145613,OPYTIMIZER
opy_QSA,-100,878,5,878,MABBOB_878,0.21992992769602376,0.052119557649165586,OPYTIMIZER
opy_WEO,-100,67,5,67,MABBOB_67,0.3011010308627891,0.1924997433271372,OPYTIMIZER
opy_ASO,-100,215,5,215,MABBOB_215,0.434892202525211,0.2848255649480172,OPYTIMIZER
opy_GA,-100,878,5,878,MABBOB_878,0.16174449820372896,0.033094841005070014,OPYTIMIZER
opy_AEO,-100,707,5,707,MABBOB_707,0.26442370245183044,0.15857746608676063,OPYTIMIZER
opy_RPSO,-100,608,5,608,MABBOB_608,0.34018499697787913,0.20383444544930152,OPYTIMIZER
opy_CS,-100,275,5,275,MABBOB_275,0.22949645520503417,0.10576060912328601,OPYTIMIZER
opy_ABO,-100,284,5,284,MABBOB_284,0.21029536655218442,0.15649405400278754,OPYTIMIZER
opy_LSA,-100,246,5,246,MABBOB_246,0.08163571254592919,0.0766448678547294,OPYTIMIZER
opy_AOA,-100,877,5,877,MABBOB_877,0.2610034024939693,0.1481505462001569,OPYTIMIZER
opy_MVPA,-100,396,5,396,MABBOB_396,0.11388525313831951,0.06459432340196257,OPYTIMIZER
opy_AOA,-100,706,5,706,MABBOB_706,0.2954089351750702,0.1026251832895617,OPYTIMIZER
opy_CS,-100,766,5,766,MABBOB_766,0.04882351360627249,0.019706131428206333,OPYTIMIZER
opy_RRA,-100,964,5,964,MABBOB_964,0.20113860157455302,0.1350653667585734,OPYTIMIZER
opy_BSA,-100,523,5,523,MABBOB_523,0.11742498386113495,0.05654506017627865,OPYTIMIZER
opy_RRA,-100,149,5,149,MABBOB_149,0.14398465693583223,0.04146841709431258,OPYTIMIZER
opy_IWO,-100,259,5,259,MABBOB_259,0.08573828628348493,0.05893867702759172,OPYTIMIZER
opy_SAVPSO,-100,101,5,101,MABBOB_101,0.04380050267476929,0.0270191452411672,OPYTIMIZER
opy_ABC,-100,618,5,618,MABBOB_618,0.20798794657650704,0.07297147757226383,OPYTIMIZER
opy_AEO,-100,34,5,34,MABBOB_34,0.11470790047795087,0.11538978194920077,OPYTIMIZER
opy_ABO,-100,788,5,788,MABBOB_788,0.1530208269816476,0.12203854940731829,OPYTIMIZER
opy_RRA,-100,982,5,982,MABBOB_982,0.0196519961292617,0.007612809207452534,OPYTIMIZER
opy_SOS,-100,764,5,764,MABBOB_764,0.03245421765556729,0.01976220651510061,OPYTIMIZER
opy_MVPA,-100,440,5,440,MABBOB_440,0.04559444721588245,0.03752566466406447,OPYTIMIZER
opy_COA,-100,906,5,906,MABBOB_906,0.03966789884564827,0.023307667943414056,OPYTIMIZER
opy_BSA,-100,123,5,123,MABBOB_123,0.3658508778982772,0.2367223012014989,OPYTIMIZER
opy_DE,-100,700,5,700,MABBOB_700,0.07187664826948642,0.04667450885563185,OPYTIMIZER
opy_RRA,-100,176,5,176,MABBOB_176,0.3188333599974874,0.12859036907575522,OPYTIMIZER
opy_GOA,-100,161,5,161,MABBOB_161,0.12162843786031216,0.1172946612178541,OPYTIMIZER
opy_LSA,-100,387,5,387,MABBOB_387,0.02001008281747286,0.012370677129205475,OPYTIMIZER
opy_GCO,-100,419,5,419,MABBOB_419,0.256009786058226,0.12954345919017757,OPYTIMIZER
opy_GA,-100,74,5,74,MABBOB_74,0.034062245605926675,0.026877075516883044,OPYTIMIZER
opy_RFO,-100,699,5,699,MABBOB_699,0.13335823847389267,0.0820446402977187,OPYTIMIZER
opy_BSA,-100,190,5,190,MABBOB_190,0.2700603315505003,0.3082348803154362,OPYTIMIZER
opy_BSA,-100,980,5,980,MABBOB_980,0.5022777899036817,0.25019642708944567,OPYTIMIZER
opy_DE,-100,756,5,756,MABBOB_756,0.35836945401255194,0.20200887752961144,OPYTIMIZER
opy_AOA,-100,404,5,404,MABBOB_404,0.05514815995710992,0.01931566834743245,OPYTIMIZER
opy_AOA,-100,536,5,536,MABBOB_536,0.24005162174288705,0.14707427307042376,OPYTIMIZER
opy_SOS,-100,865,5,865,MABBOB_865,0.20125854872429655,0.18497724911894037,OPYTIMIZER
opy_SSA,-100,284,5,284,MABBOB_284,0.13225356903093585,0.1053688080389345,OPYTIMIZER
opy_COA,-100,738,5,738,MABBOB_738,0.2729661860218076,0.3667379654169077,OPYTIMIZER
opy_RPSO,-100,275,5,275,MABBOB_275,0.15429905237743338,0.07436665279294742,OPYTIMIZER
opy_WEO,-100,114,5,114,MABBOB_114,0.44975942622569337,0.18478688618647038,OPYTIMIZER
opy_QSA,-100,769,5,769,MABBOB_769,0.16558720874869265,0.15639793172568192,OPYTIMIZER
opy_BSA,-100,788,5,788,MABBOB_788,0.24039368683583184,0.18088209380816694,OPYTIMIZER
opy_RFO,-100,529,5,529,MABBOB_529,0.07138178643936452,0.03267732251884172,OPYTIMIZER
opy_SSA,-100,24,5,24,MABBOB_24,0.1391619772730615,0.11161627526542747,OPYTIMIZER
opy_MVPA,-100,891,5,891,MABBOB_891,0.3218965025147241,0.21523160739152744,OPYTIMIZER
opy_GA,-100,779,5,779,MABBOB_779,0.07513821540881224,0.06627640760010682,OPYTIMIZER
opy_MVPA,-100,107,5,107,MABBOB_107,0.043358151680836426,0.020641799002287513,OPYTIMIZER
opy_GOA,-100,163,5,163,MABBOB_163,0.015280409801065408,0.005639329329764397,OPYTIMIZER
opy_QSA,-100,260,5,260,MABBOB_260,0.2972943076247427,0.10138673249492913,OPYTIMIZER
opy_ABO,-100,51,5,51,MABBOB_51,0.11732388469930652,0.15537546032193117,OPYTIMIZER
opy_GOA,-100,855,5,855,MABBOB_855,0.08200667439086705,0.06579456385897885,OPYTIMIZER
opy_WEO,-100,166,5,166,MABBOB_166,0.3288667689408742,0.2038399253344715,OPYTIMIZER
opy_GCO,-100,879,5,879,MABBOB_879,0.19916695958254668,0.3624275756597652,OPYTIMIZER
opy_BSA,-100,763,5,763,MABBOB_763,0.23644964937405039,0.38180480342197576,OPYTIMIZER
opy_GA,-100,741,5,741,MABBOB_741,0.09897939432835617,0.07518443799737064,OPYTIMIZER
opy_AEO,-100,691,5,691,MABBOB_691,0.01700859895376809,0.013981040053145204,OPYTIMIZER
opy_LSA,-100,260,5,260,MABBOB_260,0.2084845449489527,0.06654827314475205,OPYTIMIZER
opy_SAVPSO,-100,149,5,149,MABBOB_149,0.09081548755644786,0.03165002423854976,OPYTIMIZER
opy_RFO,-100,492,5,492,MABBOB_492,0.067073762138522,0.0489676362344267,OPYTIMIZER
opy_GA,-100,943,5,943,MABBOB_943,0.32426425755328225,0.09673514223738684,OPYTIMIZER
opy_ASO,-100,887,5,887,MABBOB_887,0.5717366400177659,0.25714306250451385,OPYTIMIZER
opy_LSA,-100,324,5,324,MABBOB_324,0.09878155995665028,0.09524551867815527,OPYTIMIZER
opy_IWO,-100,993,5,993,MABBOB_993,0.2346202320986191,0.02894550329583269,OPYTIMIZER
opy_MVPA,-100,144,5,144,MABBOB_144,0.11518641475748095,0.14007660198237362,OPYTIMIZER
opy_SOS,-100,844,5,844,MABBOB_844,0.09354697252865715,0.0657698290030222,OPYTIMIZER
opy_BSA,-100,592,5,592,MABBOB_592,0.6597777639511182,0.25703592736784187,OPYTIMIZER
opy_AEO,-100,246,5,246,MABBOB_246,0.11664299158124067,0.11892403262334797,OPYTIMIZER
opy_RRA,-100,642,5,642,MABBOB_642,0.07467571170122525,0.05457750254696535,OPYTIMIZER
opy_AEO,-100,359,5,359,MABBOB_359,0.3045428179520137,0.09209376307128858,OPYTIMIZER
opy_ASO,-100,991,5,991,MABBOB_991,0.04399325715657444,0.03396835938548322,OPYTIMIZER
opy_ABO,-100,772,5,772,MABBOB_772,0.4276993470662811,0.2979708127792202,OPYTIMIZER
opy_GCO,-100,688,5,688,MABBOB_688,0.1591406580624814,0.11206857975820095,OPYTIMIZER
opy_RRA,-100,865,5,865,MABBOB_865,0.18198869265521417,0.16371597134843965,OPYTIMIZER
opy_BSA,-100,259,5,259,MABBOB_259,0.14569703316905433,0.06104359816655258,OPYTIMIZER
opy_AEO,-100,586,5,586,MABBOB_586,0.1716216938106571,0.09496264355770621,OPYTIMIZER
opy_SAVPSO,-100,203,5,203,MABBOB_203,0.10630829845968962,0.0750227878220851,OPYTIMIZER
opy_DE,-100,359,5,359,MABBOB_359,0.4049668896577564,0.06839574059367398,OPYTIMIZER
opy_GA,-100,876,5,876,MABBOB_876,0.090273227923122,0.04573577182490866,OPYTIMIZER
opy_GOA,-100,440,5,440,MABBOB_440,0.04824967511351289,0.04280524538104999,OPYTIMIZER
opy_ASO,-100,415,5,415,MABBOB_415,0.5618267881488008,0.311482946464673,OPYTIMIZER
opy_WEO,-100,451,5,451,MABBOB_451,0.06655994722414638,0.07176456680831153,OPYTIMIZER
opy_EO,-100,671,5,671,MABBOB_671,0.11320307000423505,0.05578826530578422,OPYTIMIZER
opy_COA,-100,955,5,955,MABBOB_955,0.03417899427681675,0.019018695806833893,OPYTIMIZER
opy_ASO,-100,738,5,738,MABBOB_738,0.2945722604050328,0.35938212959518195,OPYTIMIZER
opy_CS,-100,919,5,919,MABBOB_919,0.33378694143927384,0.19024331769417993,OPYTIMIZER
opy_QSA,-100,567,5,567,MABBOB_567,0.17817857933787273,0.1376880906124336,OPYTIMIZER
opy_WEO,-100,144,5,144,MABBOB_144,0.22831122341413593,0.24906549638578898,OPYTIMIZER
opy_LSA,-100,275,5,275,MABBOB_275,0.14943044698979996,0.06681154293199246,OPYTIMIZER
opy_GCO,-100,691,5,691,MABBOB_691,0.017655817238779674,0.014441823342621549,OPYTIMIZER
opy_GCO,-100,844,5,844,MABBOB_844,0.19037078549651126,0.18670195688434962,OPYTIMIZER
opy_GOA,-100,657,5,657,MABBOB_657,0.368198995141971,0.0867835237658231,OPYTIMIZER
opy_MVPA,-100,188,5,188,MABBOB_188,0.07440274853107896,0.05728527640868767,OPYTIMIZER
opy_GCO,-100,74,5,74,MABBOB_74,0.03253142393692722,0.016724344155091057,OPYTIMIZER
opy_RPSO,-100,943,5,943,MABBOB_943,0.2692758245925132,0.1445697224848722,OPYTIMIZER
opy_GOA,-100,361,5,361,MABBOB_361,0.3925319918853608,0.1322002681622577,OPYTIMIZER
opy_TWO,-100,567,5,567,MABBOB_567,0.15366419731546826,0.1571096665287937,OPYTIMIZER
opy_ABO,-100,212,5,212,MABBOB_212,0.13579899149567382,0.12664713190880275,OPYTIMIZER
opy_SAVPSO,-100,264,5,264,MABBOB_264,0.09459211813271248,0.0435849209751643,OPYTIMIZER
opy_GA,-100,97,5,97,MABBOB_97,0.08085906386038819,0.02089865828859909,OPYTIMIZER
opy_TWO,-100,536,5,536,MABBOB_536,0.17641122975795578,0.06159662830470151,OPYTIMIZER
opy_GCO,-100,170,5,170,MABBOB_170,0.059369052089039455,0.0334979266110889,OPYTIMIZER
opy_CS,-100,608,5,608,MABBOB_608,0.3698248043087292,0.17177453649458446,OPYTIMIZER
opy_ASO,-100,74,5,74,MABBOB_74,0.033209605813240305,0.01777694117760142,OPYTIMIZER
opy_AEO,-100,8,5,8,MABBOB_8,0.1411638757034619,0.0814619024383554,OPYTIMIZER
opy_RPSO,-100,62,5,62,MABBOB_62,0.2162026415945284,0.14753762738159126,OPYTIMIZER
opy_DE,-100,617,5,617,MABBOB_617,0.20781828439816502,0.16243995252442947,OPYTIMIZER
opy_QSA,-100,51,5,51,MABBOB_51,0.07437430128015353,0.09012779151586264,OPYTIMIZER
opy_BSA,-100,361,5,361,MABBOB_361,0.5339416246581384,0.23861629606090795,OPYTIMIZER
opy_GA,-100,491,5,491,MABBOB_491,0.21908507352541456,0.17368276878499897,OPYTIMIZER
opy_RRA,-100,662,5,662,MABBOB_662,0.10451532276492057,0.07686528785808598,OPYTIMIZER
opy_LSA,-100,221,5,221,MABBOB_221,0.16985401610855483,0.13883082018593554,OPYTIMIZER
opy_QSA,-100,523,5,523,MABBOB_523,0.0726722535752177,0.03479138672606089,OPYTIMIZER
opy_SAVPSO,-100,922,5,922,MABBOB_922,0.254253116750531,0.10775720834515476,OPYTIMIZER
opy_ABC,-100,772,5,772,MABBOB_772,0.38472894797853374,0.28507750407867266,OPYTIMIZER
opy_RFO,-100,629,5,629,MABBOB_629,0.10117407996670089,0.0935173946912052,OPYTIMIZER
opy_RFO,-100,166,5,166,MABBOB_166,0.17145330785851703,0.08370887757277999,OPYTIMIZER
opy_TWO,-100,746,5,746,MABBOB_746,0.1355647563390437,0.037038728183565725,OPYTIMIZER
opy_IWO,-100,772,5,772,MABBOB_772,0.46598322239023704,0.29005911515572647,OPYTIMIZER
opy_RFO,-100,118,5,118,MABBOB_118,0.07386480821680327,0.09268211784967888,OPYTIMIZER
opy_SAVPSO,-100,991,5,991,MABBOB_991,0.06026341075215615,0.04244693804633233,OPYTIMIZER
opy_ABO,-100,629,5,629,MABBOB_629,0.28352476612343047,0.16751775076109676,OPYTIMIZER
opy_EO,-100,741,5,741,MABBOB_741,0.0691675219056879,0.07468738741668068,OPYTIMIZER
opy_AEO,-100,836,5,836,MABBOB_836,0.28717131508990573,0.16814753110165345,OPYTIMIZER
opy_CS,-100,103,5,103,MABBOB_103,0.14822637947282144,0.07614005993352191,OPYTIMIZER
opy_MVPA,-100,741,5,741,MABBOB_741,0.06630929725945225,0.06255556821527722,OPYTIMIZER
opy_WEO,-100,898,5,898,MABBOB_898,0.1419574819833755,0.21711642313896773,OPYTIMIZER
opy_AOA,-100,105,5,105,MABBOB_105,0.33037146864513056,0.15470687344204578,OPYTIMIZER
opy_RRA,-100,260,5,260,MABBOB_260,0.2318149725825558,0.10186201463311224,OPYTIMIZER
opy_BSA,-100,575,5,575,MABBOB_575,0.6145466659908944,0.3195164430304356,OPYTIMIZER
opy_AOA,-100,163,5,163,MABBOB_163,0.04099556806871084,0.023949114210694348,OPYTIMIZER
opy_ABC,-100,922,5,922,MABBOB_922,0.3522932725756286,0.08252478208257047,OPYTIMIZER
opy_RPSO,-100,852,5,852,MABBOB_852,0.05420727097960454,0.039483061609199205,OPYTIMIZER
opy_GCO,-100,519,5,519,MABBOB_519,0.33938048992647324,0.16390791141952665,OPYTIMIZER
opy_TWO,-100,906,5,906,MABBOB_906,0.03144298321434162,0.01807141760172971,OPYTIMIZER
opy_GA,-100,714,5,714,MABBOB_714,0.07898091780062243,0.07195157867905647,OPYTIMIZER
opy_CS,-100,123,5,123,MABBOB_123,0.10824347956773099,0.0507885481893783,OPYTIMIZER
opy_CS,-100,964,5,964,MABBOB_964,0.2558300857568896,0.08678530489240092,OPYTIMIZER
opy_AOA,-100,731,5,731,MABBOB_731,0.09816914729809705,0.09653361384361742,OPYTIMIZER
opy_ASO,-100,61,5,61,MABBOB_61,0.35246790018725693,0.1576805770663171,OPYTIMIZER
opy_GCO,-100,144,5,144,MABBOB_144,0.21791799198231251,0.2549112131164447,OPYTIMIZER
opy_SAVPSO,-100,215,5,215,MABBOB_215,0.15092788779315075,0.10430188734587496,OPYTIMIZER
opy_DE,-100,335,5,335,MABBOB_335,0.07758550629393977,0.07550727881703836,OPYTIMIZER
opy_MVPA,-100,714,5,714,MABBOB_714,0.0799070278582997,0.10276644534895624,OPYTIMIZER
opy_SAVPSO,-100,388,5,388,MABBOB_388,0.07806111036680646,0.040813933085135236,OPYTIMIZER
opy_WEO,-100,118,5,118,MABBOB_118,0.18015041601403556,0.25010001208098115,OPYTIMIZER
opy_ABC,-100,2,5,2,MABBOB_2,0.24279318105545125,0.2181384103538068,OPYTIMIZER
opy_LSA,-100,360,5,360,MABBOB_360,0.10528135582094389,0.07389611434299995,OPYTIMIZER
opy_RFO,-100,266,5,266,MABBOB_266,0.4825145721750216,0.39741604326043745,OPYTIMIZER
opy_ABO,-100,555,5,555,MABBOB_555,0.26849827681806154,0.12040736582971505,OPYTIMIZER
opy_DE,-100,536,5,536,MABBOB_536,0.25713091237189106,0.14291237706595744,OPYTIMIZER
opy_MVPA,-100,919,5,919,MABBOB_919,0.18046108318784423,0.09834534186879733,OPYTIMIZER
opy_SSA,-100,764,5,764,MABBOB_764,0.03717208364226761,0.028633203733881625,OPYTIMIZER
opy_ASO,-100,67,5,67,MABBOB_67,0.27363875725378745,0.13020292887432508,OPYTIMIZER
opy_ABC,-100,424,5,424,MABBOB_424,0.14716875210890284,0.103367623992413,OPYTIMIZER
opy_IWO,-100,1,5,1,MABBOB_1,0.017239440222432324,0.013771955498358362,OPYTIMIZER
opy_TWO,-100,795,5,795,MABBOB_795,0.1944218811478407,0.10568844287694724,OPYTIMIZER
opy_GA,-100,176,5,176,MABBOB_176,0.30810276561728966,0.10255358429708383,OPYTIMIZER
opy_SOS,-100,700,5,700,MABBOB_700,0.06295964525013456,0.05037916597926213,OPYTIMIZER
opy_ABO,-100,166,5,166,MABBOB_166,0.2628796654683695,0.14639789958420873,OPYTIMIZER
opy_EO,-100,993,5,993,MABBOB_993,0.10016007644297904,0.02658961044641618,OPYTIMIZER
opy_AEO,-100,204,5,204,MABBOB_204,0.02860686198398324,0.011271800707873827,OPYTIMIZER
opy_IWO,-100,657,5,657,MABBOB_657,0.5267400582512964,0.13687902556389023,OPYTIMIZER
opy_ABO,-100,961,5,961,MABBOB_961,0.25340354412343935,0.12544115734612749,OPYTIMIZER
opy_WEO,-100,207,5,207,MABBOB_207,0.5234385578308437,0.19274548848482884,OPYTIMIZER
opy_COA,-100,918,5,918,MABBOB_918,0.28162259136631684,0.07342223837013168,OPYTIMIZER
opy_GOA,-100,67,5,67,MABBOB_67,0.12480611472642038,0.05828269131613269,OPYTIMIZER
opy_ASO,-100,388,5,388,MABBOB_388,0.23622678227811336,0.1626091136989662,OPYTIMIZER
opy_GOA,-100,772,5,772,MABBOB_772,0.35020206052115166,0.24462661302426755,OPYTIMIZER
opy_RRA,-100,192,5,192,MABBOB_192,0.07883074258718488,0.06320716549666221,OPYTIMIZER
opy_ABO,-100,88,5,88,MABBOB_88,0.06176246231222515,0.01304362528220718,OPYTIMIZER
opy_DE,-100,844,5,844,MABBOB_844,0.13241409769853987,0.11117102421284587,OPYTIMIZER
opy_COA,-100,706,5,706,MABBOB_706,0.2766874209321135,0.12259801179022639,OPYTIMIZER
opy_CS,-100,387,5,387,MABBOB_387,0.032080561902335145,0.02731787450652153,OPYTIMIZER
opy_RPSO,-100,461,5,461,MABBOB_461,0.03473246600578569,0.023577949002638696,OPYTIMIZER
opy_LSA,-100,284,5,284,MABBOB_284,0.1491427080500229,0.1366119352993237,OPYTIMIZER
opy_GCO,-100,466,5,466,MABBOB_466,0.2531354649373981,0.06667917366049757,OPYTIMIZER
opy_RPSO,-100,270,5,270,MABBOB_270,0.1634426671857745,0.09507689349969278,OPYTIMIZER
opy_GOA,-100,257,5,257,MABBOB_257,0.07692023106256066,0.0407163512161419,OPYTIMIZER
opy_RRA,-100,123,5,123,MABBOB_123,0.13643986091371255,0.0932232060933194,OPYTIMIZER
opy_GA,-100,898,5,898,MABBOB_898,0.09272370815489392,0.1392508940044546,OPYTIMIZER
opy_BSA,-100,555,5,555,MABBOB_555,0.41317087836256505,0.26717839533159427,OPYTIMIZER
opy_SSA,-100,217,5,217,MABBOB_217,0.17777169030628595,0.08247214269435013,OPYTIMIZER
opy_EO,-100,411,5,411,MABBOB_411,0.0416965654947068,0.03634963373596972,OPYTIMIZER
opy_CS,-100,317,5,317,MABBOB_317,0.15666874626902186,0.12718176112393473,OPYTIMIZER
opy_TWO,-100,456,5,456,MABBOB_456,0.015703533814698006,0.006512693004954889,OPYTIMIZER
opy_DE,-100,430,5,430,MABBOB_430,0.0889239563482197,0.08069635454276536,OPYTIMIZER
opy_ASO,-100,707,5,707,MABBOB_707,0.4176204432728025,0.22861645523198793,OPYTIMIZER
opy_QSA,-100,606,5,606,MABBOB_606,0.27030638724530337,0.07314915313538799,OPYTIMIZER
opy_ASO,-100,208,5,208,MABBOB_208,0.15337366506753586,0.10474996815478435,OPYTIMIZER
opy_SOS,-100,964,5,964,MABBOB_964,0.1606934314889203,0.07368743117199976,OPYTIMIZER
opy_COA,-100,324,5,324,MABBOB_324,0.14342264124852427,0.15218010190913064,OPYTIMIZER
opy_LSA,-100,810,5,810,MABBOB_810,0.09900946967173525,0.12214367725467914,OPYTIMIZER
opy_GCO,-100,530,5,530,MABBOB_530,0.06860272514102428,0.11835687730014699,OPYTIMIZER
opy_SOS,-100,40,5,40,MABBOB_40,0.06604003075155117,0.06640967434395646,OPYTIMIZER
opy_ASO,-100,105,5,105,MABBOB_105,0.4262151211271566,0.19806083988718967,OPYTIMIZER
opy_BSA,-100,40,5,40,MABBOB_40,0.17792589952966753,0.20121953781941035,OPYTIMIZER
opy_WEO,-100,646,5,646,MABBOB_646,0.3091742100965839,0.21844914438545399,OPYTIMIZER
opy_GOA,-100,259,5,259,MABBOB_259,0.056117577190453814,0.03736577143848978,OPYTIMIZER
opy_GOA,-100,123,5,123,MABBOB_123,0.19538684389964578,0.15133561597079576,OPYTIMIZER
opy_MVPA,-100,566,5,566,MABBOB_566,0.15312608484418427,0.04708319556448867,OPYTIMIZER
opy_MVPA,-100,367,5,367,MABBOB_367,0.21541116952321265,0.2300440129049376,OPYTIMIZER
opy_RPSO,-100,424,5,424,MABBOB_424,0.09562231380360832,0.0671312136992162,OPYTIMIZER
opy_COA,-100,714,5,714,MABBOB_714,0.15090483311828823,0.21474934513219202,OPYTIMIZER
opy_ABO,-100,348,5,348,MABBOB_348,0.05546319798525182,0.05635655317681246,OPYTIMIZER
opy_ABC,-100,367,5,367,MABBOB_367,0.19632241794934932,0.09583356310552774,OPYTIMIZER
opy_SSA,-100,844,5,844,MABBOB_844,0.08964289832530223,0.06122222677405912,OPYTIMIZER
opy_GA,-100,642,5,642,MABBOB_642,0.07264224922337761,0.04516921966384769,OPYTIMIZER
opy_QSA,-100,811,5,811,MABBOB_811,0.07297975406774303,0.025990625726533174,OPYTIMIZER
opy_RPSO,-100,413,5,413,MABBOB_413,0.1956409486143472,0.16010202082559205,OPYTIMIZER
opy_AOA,-100,870,5,870,MABBOB_870,0.21606940261361124,0.1921953896945736,OPYTIMIZER
opy_EO,-100,586,5,586,MABBOB_586,0.1197580401696416,0.06652525510090017,OPYTIMIZER
opy_ASO,-100,430,5,430,MABBOB_430,0.13558644130616768,0.12076950158580746,OPYTIMIZER
opy_GOA,-100,811,5,811,MABBOB_811,0.04841645764113017,0.017525217320196195,OPYTIMIZER
opy_ASO,-100,865,5,865,MABBOB_865,0.32307763597914363,0.31734876300723003,OPYTIMIZER
opy_RFO,-100,848,5,848,MABBOB_848,0.3127311228462778,0.1672374120498465,OPYTIMIZER
opy_ASO,-100,671,5,671,MABBOB_671,0.3587009497872732,0.2583944103207284,OPYTIMIZER
opy_RRA,-100,67,5,67,MABBOB_67,0.15469170613638855,0.07378771573342449,OPYTIMIZER
opy_EO,-100,787,5,787,MABBOB_787,0.09725878670405708,0.04587533786141515,OPYTIMIZER
opy_RPSO,-100,221,5,221,MABBOB_221,0.14858819069238105,0.1186745659159435,OPYTIMIZER
opy_IWO,-100,266,5,266,MABBOB_266,0.5671717414620018,0.3389224928261934,OPYTIMIZER
opy_ASO,-100,519,5,519,MABBOB_519,0.3041934491098492,0.157632977444948,OPYTIMIZER
opy_DE,-100,305,5,305,MABBOB_305,0.23457438924099297,0.12450206825744324,OPYTIMIZER
opy_ASO,-100,525,5,525,MABBOB_525,0.23210736727674774,0.10874248738875404,OPYTIMIZER
opy_ABO,-100,879,5,879,MABBOB_879,0.17891544313540123,0.3204907831718779,OPYTIMIZER
opy_GA,-100,798,5,798,MABBOB_798,0.2788282176609504,0.10966433552925767,OPYTIMIZER
opy_RRA,-100,449,5,449,MABBOB_449,0.017509552549645174,0.008685792743633926,OPYTIMIZER
opy_SAVPSO,-100,961,5,961,MABBOB_961,0.15228482141013394,0.06339263873312352,OPYTIMIZER
opy_SSA,-100,82,5,82,MABBOB_82,0.1074167407371505,0.0472282771354392,OPYTIMIZER
opy_BSA,-100,410,5,410,MABBOB_410,0.12393336512319801,0.14750371891262046,OPYTIMIZER
opy_AOA,-100,787,5,787,MABBOB_787,0.12300495307223747,0.0804843318606017,OPYTIMIZER
opy_SAVPSO,-100,756,5,756,MABBOB_756,0.16310852374264387,0.09365492147250012,OPYTIMIZER
opy_GCO,-100,361,5,361,MABBOB_361,0.4853259446034571,0.23735406345728247,OPYTIMIZER
opy_SOS,-100,411,5,411,MABBOB_411,0.04873604424451357,0.04420268904460556,OPYTIMIZER
opy_SOS,-100,37,5,37,MABBOB_37,0.2304594945742125,0.14969713814407043,OPYTIMIZER
opy_TWO,-100,782,5,782,MABBOB_782,0.13814188211513118,0.07219915831444651,OPYTIMIZER
opy_TWO,-100,713,5,713,MABBOB_713,0.03539972854457759,0.01704720837194987,OPYTIMIZER
opy_GCO,-100,284,5,284,MABBOB_284,0.17472019303743422,0.11919975914235403,OPYTIMIZER
opy_MVPA,-100,348,5,348,MABBOB_348,0.029402497547152517,0.0119085104439432,OPYTIMIZER
opy_GA,-100,307,5,307,MABBOB_307,0.09628394552251111,0.09852318681868098,OPYTIMIZER
opy_SAVPSO,-100,190,5,190,MABBOB_190,0.04752062717426792,0.059697402332308844,OPYTIMIZER
opy_RFO,-100,965,5,965,MABBOB_965,0.2644697345668919,0.09685314235521202,OPYTIMIZER
opy_SAVPSO,-100,456,5,456,MABBOB_456,0.01509110105012341,0.006586456954944575,OPYTIMIZER
opy_SOS,-100,922,5,922,MABBOB_922,0.31383974297652956,0.07685313729778064,OPYTIMIZER
opy_SAVPSO,-100,739,5,739,MABBOB_739,0.03797368878742656,0.010469735123121693,OPYTIMIZER
opy_RFO,-100,787,5,787,MABBOB_787,0.11700722213840778,0.06321881952033326,OPYTIMIZER
opy_RRA,-100,569,5,569,MABBOB_569,0.11096883335105352,0.027434070097367806,OPYTIMIZER
opy_EO,-100,107,5,107,MABBOB_107,0.030879604663555334,0.00882484633041352,OPYTIMIZER
opy_MVPA,-100,542,5,542,MABBOB_542,0.05801529151634181,0.051813816572044334,OPYTIMIZER
opy_RFO,-100,566,5,566,MABBOB_566,0.19793290790906104,0.05037963451397044,OPYTIMIZER
opy_ABO,-100,360,5,360,MABBOB_360,0.2021763655769225,0.19144915159256456,OPYTIMIZER
opy_CS,-100,192,5,192,MABBOB_192,0.054373054480077745,0.030936183274584837,OPYTIMIZER
opy_TWO,-100,212,5,212,MABBOB_212,0.07069618634330163,0.06401245551904718,OPYTIMIZER
opy_SSA,-100,949,5,949,MABBOB_949,0.2566555114519467,0.14215519881891195,OPYTIMIZER
opy_IWO,-100,257,5,257,MABBOB_257,0.16561995474410085,0.11144618132034488,OPYTIMIZER
opy_MVPA,-100,961,5,961,MABBOB_961,0.16400872454656895,0.08825782975774396,OPYTIMIZER
opy_AOA,-100,101,5,101,MABBOB_101,0.06994155940966426,0.051407567015204554,OPYTIMIZER
opy_IWO,-100,118,5,118,MABBOB_118,0.1808263997790945,0.2496417764875671,OPYTIMIZER
opy_RRA,-100,877,5,877,MABBOB_877,0.1746682936511946,0.11912010368445879,OPYTIMIZER
opy_ASO,-100,461,5,461,MABBOB_461,0.09299756938357451,0.040415726693499916,OPYTIMIZER
opy_RRA,-100,747,5,747,MABBOB_747,0.12018915280598963,0.10862034489317368,OPYTIMIZER
opy_CS,-100,284,5,284,MABBOB_284,0.21758360823847536,0.16011465740490266,OPYTIMIZER
opy_RPSO,-100,149,5,149,MABBOB_149,0.1120341681364404,0.0453155958986484,OPYTIMIZER
opy_ABC,-100,415,5,415,MABBOB_415,0.30114854588728635,0.24618080683452964,OPYTIMIZER
opy_ASO,-100,766,5,766,MABBOB_766,0.06838798108157632,0.03628700523049799,OPYTIMIZER
opy_RFO,-100,569,5,569,MABBOB_569,0.15710503549847876,0.059640815727608064,OPYTIMIZER
opy_TWO,-100,188,5,188,MABBOB_188,0.06791250710894867,0.03917115737862728,OPYTIMIZER
opy_DE,-100,769,5,769,MABBOB_769,0.165705801790059,0.16162304952132286,OPYTIMIZER
opy_AEO,-100,864,5,864,MABBOB_864,0.0994228664337492,0.06875892694450203,OPYTIMIZER
opy_ABO,-100,413,5,413,MABBOB_413,0.20986735747111887,0.14570615846507365,OPYTIMIZER
opy_CS,-100,411,5,411,MABBOB_411,0.07695490741362099,0.07510213443801146,OPYTIMIZER
opy_DE,-100,864,5,864,MABBOB_864,0.10872733969214492,0.08746410734849938,OPYTIMIZER
opy_WEO,-100,163,5,163,MABBOB_163,0.04648701367798104,0.023421620985737763,OPYTIMIZER
opy_IWO,-100,922,5,922,MABBOB_922,0.46274404399819796,0.15074126569880283,OPYTIMIZER
opy_RFO,-100,170,5,170,MABBOB_170,0.04263204933918902,0.030395032216492254,OPYTIMIZER
opy_SOS,-100,445,5,445,MABBOB_445,0.0734504301710687,0.02152066735475984,OPYTIMIZER
opy_SAVPSO,-100,677,5,677,MABBOB_677,0.13052693767211862,0.04591226115662162,OPYTIMIZER
opy_BSA,-100,520,5,520,MABBOB_520,0.239143380061499,0.0953703748396994,OPYTIMIZER
opy_CS,-100,2,5,2,MABBOB_2,0.31349531972979744,0.33024494647240393,OPYTIMIZER
opy_MVPA,-100,680,5,680,MABBOB_680,0.07045789636512878,0.044749339053873224,OPYTIMIZER
opy_GA,-100,993,5,993,MABBOB_993,0.16664094162887993,0.05616786218423021,OPYTIMIZER
opy_MVPA,-100,371,5,371,MABBOB_371,0.16522773946846583,0.1340947448307831,OPYTIMIZER
opy_WEO,-100,103,5,103,MABBOB_103,0.2596933973420816,0.16848501468607072,OPYTIMIZER
opy_GA,-100,918,5,918,MABBOB_918,0.2071299021715292,0.0672389840232651,OPYTIMIZER
opy_SAVPSO,-100,727,5,727,MABBOB_727,0.04674777204234902,0.05542883219185084,OPYTIMIZER
opy_TWO,-100,901,5,901,MABBOB_901,0.10473457542694067,0.07003932652919335,OPYTIMIZER
opy_TWO,-100,810,5,810,MABBOB_810,0.059399808252982335,0.04789295439439601,OPYTIMIZER
opy_AOA,-100,810,5,810,MABBOB_810,0.1433438462664028,0.08228624033477802,OPYTIMIZER
opy_GA,-100,830,5,830,MABBOB_830,0.1709645224306608,0.10536934858424991,OPYTIMIZER
opy_CS,-100,707,5,707,MABBOB_707,0.2552552468850479,0.13282474007136116,OPYTIMIZER
opy_SOS,-100,569,5,569,MABBOB_569,0.09716695497509678,0.020833065940198906,OPYTIMIZER
opy_ABC,-100,798,5,798,MABBOB_798,0.3019828701902658,0.06901054669541137,OPYTIMIZER
opy_BSA,-100,373,5,373,MABBOB_373,0.3187571767119538,0.34159847024135204,OPYTIMIZER
opy_RPSO,-100,266,5,266,MABBOB_266,0.38532870629674143,0.32950447804048055,OPYTIMIZER
opy_TWO,-100,812,5,812,MABBOB_812,0.04212973626641102,0.017187801926842907,OPYTIMIZER
opy_AOA,-100,864,5,864,MABBOB_864,0.16452605759128597,0.14239043668247722,OPYTIMIZER
opy_EO,-100,456,5,456,MABBOB_456,0.015395715956815265,0.006657643031349954,OPYTIMIZER
opy_CS,-100,865,5,865,MABBOB_865,0.2470680459511197,0.2240529473699502,OPYTIMIZER
opy_IWO,-100,350,5,350,MABBOB_350,0.050287498564590416,0.026935474022994392,OPYTIMIZER
opy_SSA,-100,864,5,864,MABBOB_864,0.10719676930846264,0.0740531335799847,OPYTIMIZER
opy_QSA,-100,426,5,426,MABBOB_426,0.21047366762412958,0.14368902227597266,OPYTIMIZER
opy_SAVPSO,-100,275,5,275,MABBOB_275,0.15340610645893707,0.08713011047410643,OPYTIMIZER
opy_RFO,-100,220,5,220,MABBOB_220,0.3724124922093224,0.24080388021785384,OPYTIMIZER
opy_GA,-100,346,5,346,MABBOB_346,0.04308393787180967,0.028535698626548128,OPYTIMIZER
opy_IWO,-100,67,5,67,MABBOB_67,0.29033679325921724,0.16839779065331364,OPYTIMIZER
opy_EO,-100,876,5,876,MABBOB_876,0.06921780825869923,0.050446525667143416,OPYTIMIZER
opy_ABC,-100,687,5,687,MABBOB_687,0.4063435184326476,0.23264269982706867,OPYTIMIZER
opy_DE,-100,766,5,766,MABBOB_766,0.055428574717264326,0.03144016217928058,OPYTIMIZER
opy_AEO,-100,307,5,307,MABBOB_307,0.10118440046155874,0.10038734963791962,OPYTIMIZER
opy_GCO,-100,852,5,852,MABBOB_852,0.10903694939462132,0.07127742381051765,OPYTIMIZER
opy_CS,-100,207,5,207,MABBOB_207,0.37058958133334524,0.10433497477666732,OPYTIMIZER
opy_DE,-100,646,5,646,MABBOB_646,0.14425873653342228,0.10782491203407076,OPYTIMIZER
opy_SOS,-100,766,5,766,MABBOB_766,0.047592428889548,0.012913034345896206,OPYTIMIZER
opy_SAVPSO,-100,333,5,333,MABBOB_333,0.02479314953240488,0.01310434108178413,OPYTIMIZER
opy_AOA,-100,878,5,878,MABBOB_878,0.2075205486087092,0.07030140345664047,OPYTIMIZER
opy_SOS,-100,51,5,51,MABBOB_51,0.0451952224657411,0.03748323412339668,OPYTIMIZER
opy_WEO,-100,865,5,865,MABBOB_865,0.29773259530232166,0.28443953000540784,OPYTIMIZER
opy_SSA,-100,566,5,566,MABBOB_566,0.2732066570513079,0.07864383056738165,OPYTIMIZER
opy_ASO,-100,107,5,107,MABBOB_107,0.13861202496382058,0.09070808065920838,OPYTIMIZER
opy_AOA,-100,177,5,177,MABBOB_177,0.18413562683358736,0.14558061203378508,OPYTIMIZER
opy_SOS,-100,246,5,246,MABBOB_246,0.08519701393263024,0.08589880355755791,OPYTIMIZER
opy_SOS,-100,827,5,827,MABBOB_827,0.1563336357756889,0.06259934033090432,OPYTIMIZER
opy_TWO,-100,404,5,404,MABBOB_404,0.038501699147683074,0.029575475384148637,OPYTIMIZER
opy_SOS,-100,492,5,492,MABBOB_492,0.06316575895457234,0.054935992160505126,OPYTIMIZER
opy_EO,-100,476,5,476,MABBOB_476,0.3312484707490354,0.17635882864409144,OPYTIMIZER
opy_GOA,-100,97,5,97,MABBOB_97,0.06798035273934648,0.035337290231417864,OPYTIMIZER
opy_GCO,-100,149,5,149,MABBOB_149,0.32172454156711117,0.12514154342011288,OPYTIMIZER
opy_ABO,-100,307,5,307,MABBOB_307,0.10659304935463118,0.09599992970842681,OPYTIMIZER
opy_SAVPSO,-100,566,5,566,MABBOB_566,0.11605035943496729,0.03141405682848857,OPYTIMIZER
opy_QSA,-100,740,5,740,MABBOB_740,0.16074659915006034,0.08666334325792295,OPYTIMIZER
opy_GA,-100,759,5,759,MABBOB_759,0.3387360235542016,0.07603178206186623,OPYTIMIZER
opy_GOA,-100,350,5,350,MABBOB_350,0.2642716216563114,0.17394445580979281,OPYTIMIZER
opy_RFO,-100,113,5,113,MABBOB_113,0.12252707255891544,0.09618117798860798,OPYTIMIZER
opy_ABC,-100,327,5,327,MABBOB_327,0.22568941099647205,0.12364333850861438,OPYTIMIZER
opy_AOA,-100,2,5,2,MABBOB_2,0.32442584919853523,0.26787028713579253,OPYTIMIZER
opy_COA,-100,864,5,864,MABBOB_864,0.11955032023542708,0.10261836866193633,OPYTIMIZER
opy_MVPA,-100,114,5,114,MABBOB_114,0.24313078914506664,0.08767703237818762,OPYTIMIZER
opy_GA,-100,691,5,691,MABBOB_691,0.017318118468560274,0.01428657217287978,OPYTIMIZER
opy_AOA,-100,680,5,680,MABBOB_680,0.12751042741390795,0.0838282303948154,OPYTIMIZER
opy_RRA,-100,492,5,492,MABBOB_492,0.08087915426971674,0.10005641894487582,OPYTIMIZER
opy_WEO,-100,418,5,418,MABBOB_418,0.27716316092938803,0.30562241616654895,OPYTIMIZER
opy_RFO,-100,204,5,204,MABBOB_204,0.058361632932487084,0.05575216394945496,OPYTIMIZER
opy_RPSO,-100,161,5,161,MABBOB_161,0.09552876849816855,0.041339980202309425,OPYTIMIZER
opy_GCO,-100,558,5,558,MABBOB_558,0.11905443298442502,0.11866386767376406,OPYTIMIZER
opy_SSA,-100,456,5,456,MABBOB_456,0.016410267860533432,0.006845678693534567,OPYTIMIZER
opy_GCO,-100,333,5,333,MABBOB_333,0.030341262196950363,0.01898217352897313,OPYTIMIZER
opy_WEO,-100,482,5,482,MABBOB_482,0.4116645647066477,0.10514451869806572,OPYTIMIZER
opy_MVPA,-100,415,5,415,MABBOB_415,0.14905663368729288,0.10531909394268864,OPYTIMIZER
opy_QSA,-100,97,5,97,MABBOB_97,0.07763688996543161,0.020380762671896053,OPYTIMIZER
opy_AEO,-100,980,5,980,MABBOB_980,0.23991198692275567,0.1584090724681704,OPYTIMIZER
opy_RRA,-100,44,5,44,MABBOB_44,0.0673887800110321,0.045254697640296895,OPYTIMIZER
opy_WEO,-100,264,5,264,MABBOB_264,0.22836610223361128,0.11990132437517485,OPYTIMIZER
opy_GCO,-100,586,5,586,MABBOB_586,0.2509372498803723,0.14392832578547124,OPYTIMIZER
opy_GA,-100,461,5,461,MABBOB_461,0.048820105268089706,0.027597080558888775,OPYTIMIZER
opy_ASO,-100,586,5,586,MABBOB_586,0.31911546715313266,0.18607632525183584,OPYTIMIZER
opy_EO,-100,975,5,975,MABBOB_975,0.08138941933593467,0.05145263259763387,OPYTIMIZER
opy_COA,-100,190,5,190,MABBOB_190,0.05167652242347429,0.06525787217693077,OPYTIMIZER
opy_LSA,-100,787,5,787,MABBOB_787,0.13124387120661915,0.09255454960511503,OPYTIMIZER
opy_GOA,-100,149,5,149,MABBOB_149,0.10710153156760911,0.03439590558058144,OPYTIMIZER
opy_DE,-100,761,5,761,MABBOB_761,0.10454764526893034,0.016686111743815787,OPYTIMIZER
opy_ASO,-100,344,5,344,MABBOB_344,0.07708915174448232,0.044361668120152485,OPYTIMIZER
opy_RPSO,-100,759,5,759,MABBOB_759,0.28294468628940617,0.07759814120559673,OPYTIMIZER
opy_ABO,-100,449,5,449,MABBOB_449,0.023397231248531936,0.013640640304988585,OPYTIMIZER
opy_MVPA,-100,877,5,877,MABBOB_877,0.141838326488236,0.08168425914852413,OPYTIMIZER
opy_BSA,-100,519,5,519,MABBOB_519,0.48858113268517966,0.2803184305260258,OPYTIMIZER
opy_BSA,-100,639,5,639,MABBOB_639,0.228896676878047,0.10912527346141106,OPYTIMIZER
opy_ASO,-100,727,5,727,MABBOB_727,0.16167384093234002,0.2521305046446022,OPYTIMIZER
opy_RPSO,-100,37,5,37,MABBOB_37,0.17085108497696896,0.0580568068200231,OPYTIMIZER
opy_TWO,-100,604,5,604,MABBOB_604,0.08880639637622485,0.08736107879048333,OPYTIMIZER
opy_RRA,-100,646,5,646,MABBOB_646,0.07400218717068185,0.048075614835540924,OPYTIMIZER
opy_GA,-100,396,5,396,MABBOB_396,0.20551309393314324,0.15856462465354246,OPYTIMIZER
opy_RFO,-100,264,5,264,MABBOB_264,0.10996230288314904,0.04526540426285481,OPYTIMIZER
opy_COA,-100,783,5,783,MABBOB_783,0.14908166945650086,0.13150668443541497,OPYTIMIZER
opy_WEO,-100,955,5,955,MABBOB_955,0.29367227743153,0.25957950011493336,OPYTIMIZER
opy_EO,-100,740,5,740,MABBOB_740,0.08871547919724188,0.041605578482212344,OPYTIMIZER
opy_LSA,-100,67,5,67,MABBOB_67,0.13277583089108036,0.07060383146341002,OPYTIMIZER
opy_CS,-100,639,5,639,MABBOB_639,0.15529209069953973,0.06713534429018038,OPYTIMIZER
opy_AEO,-100,961,5,961,MABBOB_961,0.19877358942281892,0.11091140402253777,OPYTIMIZER
opy_EO,-100,529,5,529,MABBOB_529,0.045453139729458095,0.021975756266663447,OPYTIMIZER
opy_BSA,-100,390,5,390,MABBOB_390,0.1875870556989696,0.16777224192999324,OPYTIMIZER
opy_RFO,-100,870,5,870,MABBOB_870,0.14851800491403197,0.10525407452892477,OPYTIMIZER
opy_GCO,-100,182,5,182,MABBOB_182,0.19325975485278807,0.057437025496032426,OPYTIMIZER
opy_QSA,-100,404,5,404,MABBOB_404,0.046456985628214195,0.02692560395594406,OPYTIMIZER
opy_COA,-100,461,5,461,MABBOB_461,0.06389021960992733,0.03707491157321262,OPYTIMIZER
opy_ABC,-100,411,5,411,MABBOB_411,0.061798206395458785,0.061547665467228736,OPYTIMIZER
opy_GCO,-100,538,5,538,MABBOB_538,0.3270192777346961,0.09310911005988885,OPYTIMIZER
opy_TWO,-100,671,5,671,MABBOB_671,0.18869050634036394,0.12495780883314377,OPYTIMIZER
opy_SAVPSO,-100,709,5,709,MABBOB_709,0.16796705908194504,0.04480720850243039,OPYTIMIZER
opy_AOA,-100,639,5,639,MABBOB_639,0.1423437177282765,0.0428741317362155,OPYTIMIZER
opy_SAVPSO,-100,34,5,34,MABBOB_34,0.08560550293407201,0.07561477521942889,OPYTIMIZER
opy_CS,-100,523,5,523,MABBOB_523,0.08028048326628315,0.04267329612068258,OPYTIMIZER
opy_ABO,-100,266,5,266,MABBOB_266,0.4538416865890339,0.23741120287681547,OPYTIMIZER
opy_IWO,-100,445,5,445,MABBOB_445,0.14408632705435928,0.036518696318507994,OPYTIMIZER
opy_AOA,-100,257,5,257,MABBOB_257,0.20467299420642418,0.10238547623272486,OPYTIMIZER
opy_COA,-100,965,5,965,MABBOB_965,0.3815867577395381,0.1073069441642722,OPYTIMIZER
opy_GOA,-100,642,5,642,MABBOB_642,0.06114117798232795,0.03949669407455347,OPYTIMIZER
opy_EO,-100,220,5,220,MABBOB_220,0.2322015856516361,0.09495520222550777,OPYTIMIZER
opy_SSA,-100,812,5,812,MABBOB_812,0.07482021816729714,0.02013117493740393,OPYTIMIZER
opy_MVPA,-100,531,5,531,MABBOB_531,0.09325456343342972,0.05429462024499915,OPYTIMIZER
opy_TWO,-100,943,5,943,MABBOB_943,0.2486586040597733,0.08425853431072967,OPYTIMIZER
opy_SOS,-100,486,5,486,MABBOB_486,0.10019274022528561,0.053258170390802675,OPYTIMIZER
opy_WEO,-100,961,5,961,MABBOB_961,0.4121045894332407,0.2974253063458808,OPYTIMIZER
opy_CS,-100,671,5,671,MABBOB_671,0.2551488891587752,0.20690196800977617,OPYTIMIZER
opy_EO,-100,176,5,176,MABBOB_176,0.28325950185384563,0.11405799988201329,OPYTIMIZER
opy_COA,-100,747,5,747,MABBOB_747,0.18775653594777353,0.16311078749195287,OPYTIMIZER
opy_IWO,-100,918,5,918,MABBOB_918,0.30455552443629763,0.07397762672491341,OPYTIMIZER
opy_GOA,-100,766,5,766,MABBOB_766,0.06714740285533378,0.04894111610765372,OPYTIMIZER
opy_IWO,-100,763,5,763,MABBOB_763,0.06661378737816653,0.044386344484329966,OPYTIMIZER
opy_QSA,-100,993,5,993,MABBOB_993,0.19577869876360107,0.02255894900407067,OPYTIMIZER
opy_CS,-100,772,5,772,MABBOB_772,0.42312614600894555,0.29657205753156674,OPYTIMIZER
opy_ASO,-100,15,5,15,MABBOB_15,0.22655825545032218,0.23740155897033569,OPYTIMIZER
opy_CS,-100,879,5,879,MABBOB_879,0.1447913419305271,0.2565049859982321,OPYTIMIZER
opy_COA,-100,26,5,26,MABBOB_26,0.32597081126616667,0.39934745664919447,OPYTIMIZER
opy_MVPA,-100,317,5,317,MABBOB_317,0.08668697914199816,0.06534623536418147,OPYTIMIZER
opy_AOA,-100,176,5,176,MABBOB_176,0.25345575792003733,0.10122324370056333,OPYTIMIZER
opy_RPSO,-100,307,5,307,MABBOB_307,0.07962158455201104,0.09231035931287884,OPYTIMIZER
opy_IWO,-100,707,5,707,MABBOB_707,0.3701688911597307,0.18366222888018388,OPYTIMIZER
opy_WEO,-100,691,5,691,MABBOB_691,0.018700169660453552,0.014895999242758634,OPYTIMIZER
opy_AOA,-100,6,5,6,MABBOB_6,0.21968359988434324,0.08329085964151244,OPYTIMIZER
opy_RRA,-100,74,5,74,MABBOB_74,0.04853576633313657,0.06049064623562788,OPYTIMIZER
opy_IWO,-100,687,5,687,MABBOB_687,0.4708628437582732,0.31122467701909706,OPYTIMIZER
opy_EO,-100,961,5,961,MABBOB_961,0.17181029265630793,0.09572214998937503,OPYTIMIZER
opy_GOA,-100,181,5,181,MABBOB_181,0.03377773374750453,0.014235835433437316,OPYTIMIZER
opy_MVPA,-100,449,5,449,MABBOB_449,0.02056382608262216,0.011275695281367494,OPYTIMIZER
opy_TWO,-100,741,5,741,MABBOB_741,0.07761889338029859,0.07190175847874546,OPYTIMIZER
opy_GOA,-100,519,5,519,MABBOB_519,0.2553405534664258,0.153930401952166,OPYTIMIZER
opy_TWO,-100,865,5,865,MABBOB_865,0.15772832651362562,0.12405011109888932,OPYTIMIZER
opy_LSA,-100,2,5,2,MABBOB_2,0.20827341907893754,0.2234592192391409,OPYTIMIZER
opy_IWO,-100,528,5,528,MABBOB_528,0.04594896813536405,0.034881044070935584,OPYTIMIZER
opy_RFO,-100,349,5,349,MABBOB_349,0.23019901600259374,0.06955349167484501,OPYTIMIZER
opy_TWO,-100,350,5,350,MABBOB_350,0.051472960529801694,0.013901035175075585,OPYTIMIZER
opy_ASO,-100,82,5,82,MABBOB_82,0.15742801188396532,0.06502859513400946,OPYTIMIZER
opy_MVPA,-100,305,5,305,MABBOB_305,0.1113949819111725,0.044231195829231386,OPYTIMIZER
opy_ASO,-100,327,5,327,MABBOB_327,0.3324619074521175,0.20038784771858678,OPYTIMIZER
opy_GCO,-100,335,5,335,MABBOB_335,0.08153769549113896,0.06403386522565588,OPYTIMIZER
opy_SAVPSO,-100,440,5,440,MABBOB_440,0.038748951210160476,0.029502245889303787,OPYTIMIZER
opy_AOA,-100,88,5,88,MABBOB_88,0.10027430825630915,0.03947290174511167,OPYTIMIZER
opy_DE,-100,798,5,798,MABBOB_798,0.309116629538913,0.10850694395188007,OPYTIMIZER
opy_ASO,-100,783,5,783,MABBOB_783,0.28607454281879263,0.25704827557450577,OPYTIMIZER
opy_QSA,-100,387,5,387,MABBOB_387,0.022100344627123354,0.01075133015911151,OPYTIMIZER
opy_GA,-100,400,5,400,MABBOB_400,0.4229520963854574,0.04112067624383328,OPYTIMIZER
opy_MVPA,-100,604,5,604,MABBOB_604,0.10705925358710407,0.1206043982588613,OPYTIMIZER
opy_EO,-100,795,5,795,MABBOB_795,0.17083800318324713,0.08114440208901993,OPYTIMIZER
opy_ABO,-100,367,5,367,MABBOB_367,0.30385786175046847,0.17553218216509567,OPYTIMIZER
opy_ASO,-100,317,5,317,MABBOB_317,0.33356480288853213,0.30803388744127413,OPYTIMIZER
opy_CS,-100,116,5,116,MABBOB_116,0.09718811027376642,0.09493696684900518,OPYTIMIZER
opy_GOA,-100,73,5,73,MABBOB_73,0.18077844501638646,0.08787310128698055,OPYTIMIZER
opy_GA,-100,190,5,190,MABBOB_190,0.053863433856542645,0.04650085467288501,OPYTIMIZER
opy_COA,-100,975,5,975,MABBOB_975,0.16810975411482681,0.10509664655336894,OPYTIMIZER
opy_COA,-100,33,5,33,MABBOB_33,0.1914023173579886,0.155850843487789,OPYTIMIZER
opy_LSA,-100,88,5,88,MABBOB_88,0.019067316021201923,0.0066581199532250255,OPYTIMIZER
opy_WEO,-100,335,5,335,MABBOB_335,0.24195241164278175,0.3097294471334646,OPYTIMIZER
opy_ABC,-100,782,5,782,MABBOB_782,0.17297203483342985,0.08012937945331904,OPYTIMIZER
opy_GA,-100,482,5,482,MABBOB_482,0.23298016688919976,0.058343565990213224,OPYTIMIZER
opy_TWO,-100,421,5,421,MABBOB_421,0.10709112985918853,0.059029631338779365,OPYTIMIZER
opy_CS,-100,118,5,118,MABBOB_118,0.10738277603602897,0.13667787974406878,OPYTIMIZER
opy_EO,-100,565,5,565,MABBOB_565,0.049869943081528714,0.02975491699141682,OPYTIMIZER
opy_AEO,-100,396,5,396,MABBOB_396,0.2109333045852361,0.1457830523564085,OPYTIMIZER
opy_IWO,-100,502,5,502,MABBOB_502,0.127784895773523,0.0376099537693522,OPYTIMIZER
opy_GOA,-100,575,5,575,MABBOB_575,0.2957626266004623,0.16521804484432737,OPYTIMIZER
opy_QSA,-100,695,5,695,MABBOB_695,0.07238034186130127,0.029362709850546707,OPYTIMIZER
opy_IWO,-100,677,5,677,MABBOB_677,0.22525590547348254,0.0922235587294885,OPYTIMIZER
opy_AOA,-100,74,5,74,MABBOB_74,0.08966044121716053,0.1381006957956814,OPYTIMIZER
opy_QSA,-100,812,5,812,MABBOB_812,0.07676310528523148,0.014559649114385996,OPYTIMIZER
opy_SSA,-100,919,5,919,MABBOB_919,0.26577926114828704,0.13714008694904126,OPYTIMIZER
opy_DE,-100,324,5,324,MABBOB_324,0.09502355445761124,0.06729108719999517,OPYTIMIZER
opy_LSA,-100,373,5,373,MABBOB_373,0.22833491721856256,0.24601899541358613,OPYTIMIZER
opy_ABO,-100,943,5,943,MABBOB_943,0.48368236052214275,0.14012987652467163,OPYTIMIZER
opy_COA,-100,418,5,418,MABBOB_418,0.2174852433048418,0.24818213450244606,OPYTIMIZER
opy_SAVPSO,-100,567,5,567,MABBOB_567,0.09446823751669921,0.05932331122729749,OPYTIMIZER
opy_ASO,-100,954,5,954,MABBOB_954,0.17443761742899308,0.2613263381721007,OPYTIMIZER
opy_DE,-100,865,5,865,MABBOB_865,0.23944738866158072,0.21649553902124544,OPYTIMIZER
opy_TWO,-100,991,5,991,MABBOB_991,0.04592920767976312,0.036760071678117984,OPYTIMIZER
opy_GA,-100,248,5,248,MABBOB_248,0.10403899120104229,0.16314748259042064,OPYTIMIZER
opy_AEO,-100,430,5,430,MABBOB_430,0.0697101264140411,0.06484556764180498,OPYTIMIZER
opy_QSA,-100,844,5,844,MABBOB_844,0.12781894736717517,0.10648481938068989,OPYTIMIZER
opy_LSA,-100,709,5,709,MABBOB_709,0.18331445216013206,0.07451226006094461,OPYTIMIZER
opy_SSA,-100,73,5,73,MABBOB_73,0.27507628557568914,0.1783272778929197,OPYTIMIZER
opy_TWO,-100,415,5,415,MABBOB_415,0.21162834557386595,0.1453090905394135,OPYTIMIZER
opy_RRA,-100,688,5,688,MABBOB_688,0.07053678857906635,0.04298259047230468,OPYTIMIZER
opy_AEO,-100,67,5,67,MABBOB_67,0.15737350599443078,0.10315746203198789,OPYTIMIZER
opy_BSA,-100,264,5,264,MABBOB_264,0.23313269614098578,0.11382384566736678,OPYTIMIZER
opy_SAVPSO,-100,410,5,410,MABBOB_410,0.028712711934331288,0.02354403841518229,OPYTIMIZER
opy_GOA,-100,876,5,876,MABBOB_876,0.07514049263640794,0.03364588104241906,OPYTIMIZER
opy_SOS,-100,62,5,62,MABBOB_62,0.25276439823566293,0.11476422967921045,OPYTIMIZER
opy_EO,-100,346,5,346,MABBOB_346,0.038404502464345014,0.03428423886670907,OPYTIMIZER
opy_CS,-100,989,5,989,MABBOB_989,0.07934295874489108,0.08735025447681036,OPYTIMIZER
opy_TWO,-100,451,5,451,MABBOB_451,0.01963693583147285,0.012904653581099124,OPYTIMIZER
opy_GOA,-100,788,5,788,MABBOB_788,0.05241341896805339,0.031649984100389085,OPYTIMIZER
opy_RRA,-100,259,5,259,MABBOB_259,0.050044320489195715,0.02649377273448568,OPYTIMIZER
opy_AOA,-100,430,5,430,MABBOB_430,0.16438757901036818,0.2551465229100284,OPYTIMIZER
opy_LSA,-100,993,5,993,MABBOB_993,0.13713263151092545,0.05136211421884741,OPYTIMIZER
opy_GA,-100,44,5,44,MABBOB_44,0.09205737382116805,0.059386165018800695,OPYTIMIZER
opy_EO,-100,759,5,759,MABBOB_759,0.2985654182717135,0.06610652198981191,OPYTIMIZER
opy_DE,-100,955,5,955,MABBOB_955,0.07564200394311874,0.074771033885096,OPYTIMIZER
opy_QSA,-100,74,5,74,MABBOB_74,0.05481565959523284,0.06764246593227026,OPYTIMIZER
opy_GCO,-100,367,5,367,MABBOB_367,0.4048918414733086,0.2825892344869355,OPYTIMIZER
opy_IWO,-100,761,5,761,MABBOB_761,0.1416693850247212,0.02344605612907679,OPYTIMIZER
opy_GCO,-100,445,5,445,MABBOB_445,0.11395782673434059,0.03669425477816327,OPYTIMIZER
opy_RFO,-100,542,5,542,MABBOB_542,0.04277504425523411,0.03670608986471414,OPYTIMIZER
opy_SOS,-100,118,5,118,MABBOB_118,0.07647565218064971,0.09999448447527186,OPYTIMIZER
opy_MVPA,-100,747,5,747,MABBOB_747,0.09432311889094429,0.08557397689773234,OPYTIMIZER
opy_WEO,-100,113,5,113,MABBOB_113,0.22366200096192204,0.2135284508675144,OPYTIMIZER
opy_COA,-100,268,5,268,MABBOB_268,0.28694027765214547,0.0514258223892052,OPYTIMIZER
opy_CS,-100,388,5,388,MABBOB_388,0.12706251918541595,0.08783236133646075,OPYTIMIZER
opy_GA,-100,964,5,964,MABBOB_964,0.20516443744589158,0.08763037100978338,OPYTIMIZER
opy_GA,-100,415,5,415,MABBOB_415,0.23633521596660162,0.14219095011598712,OPYTIMIZER
opy_AOA,-100,107,5,107,MABBOB_107,0.1335598220867694,0.0788056430810741,OPYTIMIZER
opy_SSA,-100,492,5,492,MABBOB_492,0.11005206390706508,0.08522653739232151,OPYTIMIZER
opy_SAVPSO,-100,528,5,528,MABBOB_528,0.02629089969707063,0.016681053477234843,OPYTIMIZER
opy_LSA,-100,618,5,618,MABBOB_618,0.150103596458685,0.05413591232401789,OPYTIMIZER
opy_AOA,-100,961,5,961,MABBOB_961,0.16205583316354874,0.06544400758256809,OPYTIMIZER
opy_ASO,-100,922,5,922,MABBOB_922,0.44707420923630725,0.147964569156458,OPYTIMIZER
opy_ABO,-100,270,5,270,MABBOB_270,0.38833088261485077,0.27903095956463586,OPYTIMIZER
opy_WEO,-100,40,5,40,MABBOB_40,0.18150446699895756,0.21499944266681456,OPYTIMIZER
opy_BSA,-100,865,5,865,MABBOB_865,0.3225830619093747,0.3177024795673462,OPYTIMIZER
opy_IWO,-100,8,5,8,MABBOB_8,0.2466069124982775,0.13989898114081706,OPYTIMIZER
opy_QSA,-100,783,5,783,MABBOB_783,0.16970073952680584,0.16556913725966996,OPYTIMIZER
opy_IWO,-100,955,5,955,MABBOB_955,0.04025671890338161,0.022704686617805937,OPYTIMIZER
opy_QSA,-100,44,5,44,MABBOB_44,0.09930214247321519,0.07604482756513252,OPYTIMIZER
opy_AEO,-100,763,5,763,MABBOB_763,0.09353361293676624,0.12757357949426434,OPYTIMIZER
opy_IWO,-100,531,5,531,MABBOB_531,0.3398176097094972,0.19833228990802515,OPYTIMIZER
opy_COA,-100,763,5,763,MABBOB_763,0.05748327097049638,0.047415102777851534,OPYTIMIZER
opy_EO,-100,691,5,691,MABBOB_691,0.01667994591026294,0.013812093637989145,OPYTIMIZER
opy_CS,-100,97,5,97,MABBOB_97,0.10755505918178716,0.04514972612464685,OPYTIMIZER
opy_RRA,-100,575,5,575,MABBOB_575,0.35873196652949496,0.21108761013443955,OPYTIMIZER
opy_EO,-100,426,5,426,MABBOB_426,0.09677334604760313,0.058406273707392146,OPYTIMIZER
opy_ABC,-100,74,5,74,MABBOB_74,0.026388899389136206,0.014013434093228696,OPYTIMIZER
opy_CS,-100,486,5,486,MABBOB_486,0.0989619499051368,0.06682814835266197,OPYTIMIZER
opy_AOA,-100,528,5,528,MABBOB_528,0.13982818210355555,0.22392280618720803,OPYTIMIZER
opy_GCO,-100,689,5,689,MABBOB_689,0.02985324388888604,0.017413820734542382,OPYTIMIZER
opy_SAVPSO,-100,24,5,24,MABBOB_24,0.10423501753587147,0.09777221484955557,OPYTIMIZER
opy_CS,-100,677,5,677,MABBOB_677,0.17229931726796258,0.0726519976416476,OPYTIMIZER
opy_LSA,-100,688,5,688,MABBOB_688,0.1041917563772119,0.08036226179814802,OPYTIMIZER
opy_RPSO,-100,982,5,982,MABBOB_982,0.019409202902254334,0.00702281334600334,OPYTIMIZER
opy_GCO,-100,99,5,99,MABBOB_99,0.3477055569538119,0.1926160857830984,OPYTIMIZER
opy_AOA,-100,955,5,955,MABBOB_955,0.21430903338497537,0.19250888864254806,OPYTIMIZER
opy_ABC,-100,911,5,911,MABBOB_911,0.3544154451097971,0.2572151911498374,OPYTIMIZER
opy_AOA,-100,34,5,34,MABBOB_34,0.21408754573148786,0.16504662035818357,OPYTIMIZER
opy_EO,-100,359,5,359,MABBOB_359,0.23476325788525826,0.08388635541757637,OPYTIMIZER
opy_SSA,-100,118,5,118,MABBOB_118,0.11929871591317051,0.1532028218714277,OPYTIMIZER
opy_TWO,-100,243,5,243,MABBOB_243,0.018914981066392857,0.012098000697889855,OPYTIMIZER
opy_ASO,-100,836,5,836,MABBOB_836,0.46355214813743706,0.2519984723751804,OPYTIMIZER
opy_QSA,-100,689,5,689,MABBOB_689,0.02795840289137626,0.0172401650293187,OPYTIMIZER
opy_SAVPSO,-100,2,5,2,MABBOB_2,0.18408039194551443,0.19388316309547085,OPYTIMIZER
opy_WEO,-100,911,5,911,MABBOB_911,0.4926931520276872,0.32679184176514225,OPYTIMIZER
opy_EO,-100,114,5,114,MABBOB_114,0.2572720632218872,0.13189240480515305,OPYTIMIZER
opy_MVPA,-100,782,5,782,MABBOB_782,0.12031161373785279,0.05190877701975975,OPYTIMIZER
opy_SOS,-100,349,5,349,MABBOB_349,0.21420611136407702,0.06074062916113355,OPYTIMIZER
opy_DE,-100,264,5,264,MABBOB_264,0.14639590633415195,0.07754009809784573,OPYTIMIZER
opy_MVPA,-100,565,5,565,MABBOB_565,0.07316810376763445,0.07340161250850982,OPYTIMIZER
opy_SSA,-100,407,5,407,MABBOB_407,0.18856992468071335,0.13106761648218457,OPYTIMIZER
opy_WEO,-100,147,5,147,MABBOB_147,0.32369267419793146,0.20826311527937794,OPYTIMIZER
opy_GA,-100,62,5,62,MABBOB_62,0.30009103413840493,0.11097734152610553,OPYTIMIZER
opy_IWO,-100,713,5,713,MABBOB_713,0.06442107306687583,0.0608958484463395,OPYTIMIZER
opy_AEO,-100,772,5,772,MABBOB_772,0.4283165625681839,0.29502443466227807,OPYTIMIZER
opy_SOS,-100,410,5,410,MABBOB_410,0.02198261294638301,0.016213908740186085,OPYTIMIZER
opy_SOS,-100,706,5,706,MABBOB_706,0.24049703228888325,0.11178642134079399,OPYTIMIZER
opy_SAVPSO,-100,396,5,396,MABBOB_396,0.11357535016768219,0.06675141700217588,OPYTIMIZER
opy_ASO,-100,204,5,204,MABBOB_204,0.03201820838921569,0.013348119910343511,OPYTIMIZER
opy_ABO,-100,577,5,577,MABBOB_577,0.22874313695985782,0.13635802703259384,OPYTIMIZER
opy_DE,-100,270,5,270,MABBOB_270,0.34209098143060734,0.2659525561100393,OPYTIMIZER
opy_SOS,-100,418,5,418,MABBOB_418,0.1514970891718483,0.16086680204082646,OPYTIMIZER
opy_IWO,-100,788,5,788,MABBOB_788,0.04066976179592106,0.0159189887438428,OPYTIMIZER
opy_MVPA,-100,769,5,769,MABBOB_769,0.13821598401397356,0.1296632981464067,OPYTIMIZER
opy_DE,-100,993,5,993,MABBOB_993,0.17726021300638403,0.02882487461753561,OPYTIMIZER
opy_ASO,-100,787,5,787,MABBOB_787,0.15600616269733975,0.08591719916879066,OPYTIMIZER
opy_RRA,-100,556,5,556,MABBOB_556,0.03838615097678487,0.015556120700254954,OPYTIMIZER
opy_EO,-100,217,5,217,MABBOB_217,0.14716794349960083,0.07560158626068288,OPYTIMIZER
opy_RPSO,-100,26,5,26,MABBOB_26,0.11960399081065279,0.1518778413409855,OPYTIMIZER
opy_SSA,-100,779,5,779,MABBOB_779,0.05035472218430389,0.043804523978640104,OPYTIMIZER
opy_LSA,-100,407,5,407,MABBOB_407,0.18839361364649984,0.13519019196151819,OPYTIMIZER
opy_AEO,-100,101,5,101,MABBOB_101,0.05740070134689309,0.048714828349771755,OPYTIMIZER
opy_QSA,-100,687,5,687,MABBOB_687,0.4231076168748393,0.2933757509545263,OPYTIMIZER
opy_EO,-100,482,5,482,MABBOB_482,0.15208865712282205,0.08113773103322906,OPYTIMIZER
opy_IWO,-100,107,5,107,MABBOB_107,0.09335380398389774,0.04821131114517283,OPYTIMIZER
opy_SSA,-100,114,5,114,MABBOB_114,0.2762170962265348,0.08449295481182005,OPYTIMIZER
opy_QSA,-100,203,5,203,MABBOB_203,0.2184394106572778,0.14729466949361936,OPYTIMIZER
opy_CS,-100,943,5,943,MABBOB_943,0.4319111233953207,0.12154416473763832,OPYTIMIZER
opy_AOA,-100,575,5,575,MABBOB_575,0.445711883414097,0.27767574072122464,OPYTIMIZER
opy_RRA,-100,741,5,741,MABBOB_741,0.08258074466704911,0.07555147637562046,OPYTIMIZER
opy_SAVPSO,-100,73,5,73,MABBOB_73,0.1423714023594442,0.06751224210310494,OPYTIMIZER
opy_ABC,-100,317,5,317,MABBOB_317,0.14293875206065243,0.10259643879213648,OPYTIMIZER
opy_ABC,-100,307,5,307,MABBOB_307,0.09604953154655631,0.10706761839728259,OPYTIMIZER
opy_RPSO,-100,162,5,162,MABBOB_162,0.0748306776491769,0.01637657624612548,OPYTIMIZER
opy_RFO,-100,639,5,639,MABBOB_639,0.12447163506811072,0.058158143322269276,OPYTIMIZER
opy_COA,-100,878,5,878,MABBOB_878,0.21481154982466127,0.09823726823310981,OPYTIMIZER
opy_ABO,-100,466,5,466,MABBOB_466,0.24753932912885834,0.05707797202857181,OPYTIMIZER
opy_RFO,-100,97,5,97,MABBOB_97,0.10458733988691549,0.06133731508756803,OPYTIMIZER
opy_LSA,-100,26,5,26,MABBOB_26,0.13505556367186228,0.1520352663351263,OPYTIMIZER
opy_SOS,-100,166,5,166,MABBOB_166,0.12489033266843493,0.06276341041979673,OPYTIMIZER
opy_GOA,-100,221,5,221,MABBOB_221,0.16435313355177356,0.12001903332282045,OPYTIMIZER
opy_GA,-100,566,5,566,MABBOB_566,0.23951123940406913,0.05445187458079537,OPYTIMIZER
opy_QSA,-100,371,5,371,MABBOB_371,0.2250396064941768,0.15572492521172857,OPYTIMIZER
opy_LSA,-100,368,5,368,MABBOB_368,0.1549857297938027,0.2497996793060643,OPYTIMIZER
opy_COA,-100,494,5,494,MABBOB_494,0.07391153380086027,0.08337277664693231,OPYTIMIZER
opy_ASO,-100,491,5,491,MABBOB_491,0.3461028848660689,0.30415518891886545,OPYTIMIZER
opy_GA,-100,706,5,706,MABBOB_706,0.2699199193945328,0.1224941809387999,OPYTIMIZER
opy_RPSO,-100,783,5,783,MABBOB_783,0.10020530432276924,0.09560722021182687,OPYTIMIZER
opy_LSA,-100,61,5,61,MABBOB_61,0.11571808581454261,0.014911621416522549,OPYTIMIZER
opy_ABO,-100,44,5,44,MABBOB_44,0.10379372048848498,0.06686556229860291,OPYTIMIZER
opy_BSA,-100,604,5,604,MABBOB_604,0.3674595504811382,0.3906394461380187,OPYTIMIZER
opy_SSA,-100,335,5,335,MABBOB_335,0.1243526655398138,0.14608202529231518,OPYTIMIZER
opy_AOA,-100,464,5,464,MABBOB_464,0.27866648219582946,0.060072756000167295,OPYTIMIZER
opy_RPSO,-100,114,5,114,MABBOB_114,0.230948544906515,0.09874930648658858,OPYTIMIZER
opy_SAVPSO,-100,810,5,810,MABBOB_810,0.055238500379678056,0.03938638621292275,OPYTIMIZER
opy_ABO,-100,486,5,486,MABBOB_486,0.2014710047790901,0.08703346784365987,OPYTIMIZER
opy_COA,-100,870,5,870,MABBOB_870,0.12921546425116617,0.07665285192790107,OPYTIMIZER
opy_GCO,-100,747,5,747,MABBOB_747,0.2033244999223165,0.17220384462237256,OPYTIMIZER
opy_EO,-100,848,5,848,MABBOB_848,0.2670403270124634,0.15037363316496946,OPYTIMIZER
opy_SSA,-100,852,5,852,MABBOB_852,0.10054815839295436,0.06570968296429913,OPYTIMIZER
opy_SAVPSO,-100,268,5,268,MABBOB_268,0.1579403973631457,0.02296658611315798,OPYTIMIZER
opy_ABC,-100,795,5,795,MABBOB_795,0.26222100955874506,0.16385120523223554,OPYTIMIZER
opy_IWO,-100,709,5,709,MABBOB_709,0.3794027710823091,0.16221039905020063,OPYTIMIZER
opy_RFO,-100,181,5,181,MABBOB_181,0.05579287700828656,0.032264891636184616,OPYTIMIZER
opy_GA,-100,494,5,494,MABBOB_494,0.0639752653682755,0.07343274822934759,OPYTIMIZER
opy_RRA,-100,494,5,494,MABBOB_494,0.05012800902449057,0.05120620128195856,OPYTIMIZER
opy_RFO,-100,520,5,520,MABBOB_520,0.14542010577562084,0.11703089167009087,OPYTIMIZER
opy_DE,-100,575,5,575,MABBOB_575,0.45455800858861883,0.24501877121400614,OPYTIMIZER
opy_AEO,-100,766,5,766,MABBOB_766,0.07089033484264624,0.03965041261311092,OPYTIMIZER
opy_GA,-100,24,5,24,MABBOB_24,0.16881996619364598,0.18182894722491577,OPYTIMIZER
opy_DE,-100,163,5,163,MABBOB_163,0.028932459492491125,0.01229553011320868,OPYTIMIZER
opy_DE,-100,445,5,445,MABBOB_445,0.12197991620279289,0.025883891663583954,OPYTIMIZER
opy_GCO,-100,257,5,257,MABBOB_257,0.144761637674927,0.09246609747340004,OPYTIMIZER
opy_IWO,-100,879,5,879,MABBOB_879,0.21732314293880844,0.39138771823461327,OPYTIMIZER
opy_EO,-100,266,5,266,MABBOB_266,0.3206053380157349,0.25954150273108567,OPYTIMIZER
opy_TWO,-100,182,5,182,MABBOB_182,0.09386690888924668,0.04000602614630065,OPYTIMIZER
opy_ABC,-100,918,5,918,MABBOB_918,0.21417621630830438,0.047340654363687416,OPYTIMIZER
opy_SAVPSO,-100,284,5,284,MABBOB_284,0.15624785583387962,0.13472492290396104,OPYTIMIZER
opy_IWO,-100,844,5,844,MABBOB_844,0.1791555549990198,0.17340231017247223,OPYTIMIZER
opy_RPSO,-100,24,5,24,MABBOB_24,0.11304757346303265,0.11599304014722334,OPYTIMIZER
opy_DE,-100,523,5,523,MABBOB_523,0.08212342092561263,0.047225276053632456,OPYTIMIZER
opy_SSA,-100,677,5,677,MABBOB_677,0.24779836577869313,0.10241800439478768,OPYTIMIZER
opy_ABC,-100,166,5,166,MABBOB_166,0.20574684142279143,0.11010921785401695,OPYTIMIZER
opy_ABO,-100,177,5,177,MABBOB_177,0.21330043335651086,0.1717886665950428,OPYTIMIZER
opy_GA,-100,542,5,542,MABBOB_542,0.18375617600329747,0.25248508855507806,OPYTIMIZER
opy_BSA,-100,418,5,418,MABBOB_418,0.2976633184813826,0.3527139359713723,OPYTIMIZER
opy_LSA,-100,997,5,997,MABBOB_997,0.07496022381617777,0.0704096827881043,OPYTIMIZER
opy_DE,-100,317,5,317,MABBOB_317,0.13889261753161736,0.07580612683737625,OPYTIMIZER
opy_SAVPSO,-100,577,5,577,MABBOB_577,0.11187086553154221,0.03685211827697722,OPYTIMIZER
opy_BSA,-100,609,5,609,MABBOB_609,0.2657998620074051,0.1057349852043104,OPYTIMIZER
opy_QSA,-100,569,5,569,MABBOB_569,0.14824628307970047,0.048378976959535455,OPYTIMIZER
opy_AEO,-100,449,5,449,MABBOB_449,0.020264617723161647,0.01048547655805314,OPYTIMIZER
opy_BSA,-100,464,5,464,MABBOB_464,0.2804116473323764,0.09257175931317761,OPYTIMIZER
opy_RFO,-100,747,5,747,MABBOB_747,0.12123264704116465,0.1353979514461197,OPYTIMIZER
opy_QSA,-100,713,5,713,MABBOB_713,0.09700118060110288,0.07082266491189372,OPYTIMIZER
opy_RPSO,-100,176,5,176,MABBOB_176,0.27269882955445635,0.14284859265820343,OPYTIMIZER
opy_GCO,-100,324,5,324,MABBOB_324,0.14678052929695648,0.12067776206033838,OPYTIMIZER
opy_LSA,-100,40,5,40,MABBOB_40,0.06788868691707213,0.06115049359196271,OPYTIMIZER
opy_SAVPSO,-100,536,5,536,MABBOB_536,0.11081696296423149,0.027484838191228496,OPYTIMIZER
opy_DE,-100,811,5,811,MABBOB_811,0.07266334318500031,0.02942126599020989,OPYTIMIZER
opy_ABC,-100,542,5,542,MABBOB_542,0.12232955771195522,0.13179300881500125,OPYTIMIZER
opy_WEO,-100,642,5,642,MABBOB_642,0.12560014705320105,0.09610565540188734,OPYTIMIZER
opy_GA,-100,707,5,707,MABBOB_707,0.27662831780393393,0.14773489776007176,OPYTIMIZER
opy_IWO,-100,404,5,404,MABBOB_404,0.05096423052639376,0.01873531307755367,OPYTIMIZER
opy_COA,-100,731,5,731,MABBOB_731,0.05802816345092583,0.03463781059273064,OPYTIMIZER
opy_AOA,-100,73,5,73,MABBOB_73,0.25801494026147187,0.12871982749336353,OPYTIMIZER
opy_MVPA,-100,763,5,763,MABBOB_763,0.08255557509466513,0.1104694466901411,OPYTIMIZER
opy_GOA,-100,555,5,555,MABBOB_555,0.17216844495617428,0.12122593496980268,OPYTIMIZER
opy_GA,-100,335,5,335,MABBOB_335,0.07991541099392604,0.07797634903716907,OPYTIMIZER
opy_SSA,-100,203,5,203,MABBOB_203,0.09597610128572871,0.0625479493567759,OPYTIMIZER
opy_ABO,-100,421,5,421,MABBOB_421,0.15129908340466441,0.08888688635774052,OPYTIMIZER
opy_EO,-100,284,5,284,MABBOB_284,0.09740893861863711,0.07114255762945547,OPYTIMIZER
opy_GOA,-100,680,5,680,MABBOB_680,0.10163564064289923,0.07151827925310243,OPYTIMIZER
opy_GCO,-100,413,5,413,MABBOB_413,0.2281759619990634,0.17267229373099763,OPYTIMIZER
opy_SSA,-100,529,5,529,MABBOB_529,0.07164496923317523,0.025179390316881965,OPYTIMIZER
opy_QSA,-100,738,5,738,MABBOB_738,0.2653666048799921,0.37087416354544617,OPYTIMIZER
opy_ABC,-100,371,5,371,MABBOB_371,0.19941167392882253,0.16098527998349896,OPYTIMIZER
opy_EO,-100,407,5,407,MABBOB_407,0.11882343300666594,0.055873635451190194,OPYTIMIZER
opy_RFO,-100,74,5,74,MABBOB_74,0.05305278064749429,0.06888399607547774,OPYTIMIZER
opy_DE,-100,449,5,449,MABBOB_449,0.02028218426504442,0.00987262573633069,OPYTIMIZER
opy_GOA,-100,646,5,646,MABBOB_646,0.15256220802379036,0.14082935814995842,OPYTIMIZER
opy_AEO,-100,264,5,264,MABBOB_264,0.13661977039112183,0.09037965443609079,OPYTIMIZER
opy_QSA,-100,657,5,657,MABBOB_657,0.40778876649578316,0.11066149806526801,OPYTIMIZER
opy_SOS,-100,243,5,243,MABBOB_243,0.017526431457959485,0.012134945756715913,OPYTIMIZER
opy_TWO,-100,597,5,597,MABBOB_597,0.22364161796367324,0.23155824843887138,OPYTIMIZER
opy_QSA,-100,788,5,788,MABBOB_788,0.044211847082780996,0.020794065084673977,OPYTIMIZER
opy_GOA,-100,188,5,188,MABBOB_188,0.07531315859765216,0.054286946448074115,OPYTIMIZER
opy_RPSO,-100,688,5,688,MABBOB_688,0.0876900526270658,0.06792563833820514,OPYTIMIZER
opy_GA,-100,617,5,617,MABBOB_617,0.18076023385936563,0.1525317829695515,OPYTIMIZER
opy_IWO,-100,113,5,113,MABBOB_113,0.1624264902002813,0.12583341669749684,OPYTIMIZER
opy_RFO,-100,413,5,413,MABBOB_413,0.20990347569205844,0.1731774036930884,OPYTIMIZER
opy_WEO,-100,15,5,15,MABBOB_15,0.18748162444670174,0.18216133430370035,OPYTIMIZER
opy_BSA,-100,879,5,879,MABBOB_879,0.21644004764751618,0.3918308246863052,OPYTIMIZER
opy_ABC,-100,639,5,639,MABBOB_639,0.14468740717396592,0.049889819043925816,OPYTIMIZER
opy_COA,-100,862,5,862,MABBOB_862,0.31722158372666803,0.33270632167467995,OPYTIMIZER
opy_CS,-100,949,5,949,MABBOB_949,0.19857953563249076,0.13311752990802395,OPYTIMIZER
opy_DE,-100,97,5,97,MABBOB_97,0.07559093544016234,0.018615477915223288,OPYTIMIZER
opy_LSA,-100,830,5,830,MABBOB_830,0.13436610568444396,0.10004670599275702,OPYTIMIZER
opy_ASO,-100,166,5,166,MABBOB_166,0.4005347139966838,0.21654631793904436,OPYTIMIZER
opy_SSA,-100,773,5,773,MABBOB_773,0.3282532471610823,0.19656946700876796,OPYTIMIZER
opy_ABC,-100,105,5,105,MABBOB_105,0.25684069032966894,0.11692100312373456,OPYTIMIZER
opy_AOA,-100,741,5,741,MABBOB_741,0.11828908835169334,0.0962341740438122,OPYTIMIZER
opy_DE,-100,368,5,368,MABBOB_368,0.11656501209746,0.15103825978615784,OPYTIMIZER
opy_AOA,-100,642,5,642,MABBOB_642,0.09523693781495224,0.0648171461863017,OPYTIMIZER
opy_ABO,-100,37,5,37,MABBOB_37,0.404418063761833,0.23466062671087268,OPYTIMIZER
opy_SAVPSO,-100,6,5,6,MABBOB_6,0.12589263662516176,0.031401071538975436,OPYTIMIZER
opy_SOS,-100,782,5,782,MABBOB_782,0.13930363314235855,0.07815641705827958,OPYTIMIZER
opy_DE,-100,373,5,373,MABBOB_373,0.30386191468831497,0.3414666974780794,OPYTIMIZER
opy_DE,-100,107,5,107,MABBOB_107,0.08371045672663038,0.042478659161273774,OPYTIMIZER
opy_AEO,-100,567,5,567,MABBOB_567,0.11634069373144226,0.10112433065472012,OPYTIMIZER
opy_TWO,-100,482,5,482,MABBOB_482,0.17498354914044098,0.0999045967558085,OPYTIMIZER
opy_LSA,-100,827,5,827,MABBOB_827,0.11637657898493052,0.05986297235197197,OPYTIMIZER
opy_COA,-100,519,5,519,MABBOB_519,0.33555959332847685,0.1796647671575199,OPYTIMIZER
opy_IWO,-100,15,5,15,MABBOB_15,0.18743520608427777,0.18796484720754,OPYTIMIZER
opy_GCO,-100,368,5,368,MABBOB_368,0.16680209359076548,0.24052960692245753,OPYTIMIZER
opy_SSA,-100,346,5,346,MABBOB_346,0.0696572986784266,0.05483737409534467,OPYTIMIZER
opy_LSA,-100,597,5,597,MABBOB_597,0.21042518761790677,0.17790405700967934,OPYTIMIZER
opy_AOA,-100,147,5,147,MABBOB_147,0.21249651061173358,0.14825643994523202,OPYTIMIZER
opy_AOA,-100,740,5,740,MABBOB_740,0.22257728027422133,0.14753279204907713,OPYTIMIZER
opy_GOA,-100,37,5,37,MABBOB_37,0.1459313679248205,0.05950215824958894,OPYTIMIZER
opy_IWO,-100,520,5,520,MABBOB_520,0.19705789289868353,0.11026078663521302,OPYTIMIZER
opy_SOS,-100,61,5,61,MABBOB_61,0.13926382124381698,0.049931082916576774,OPYTIMIZER
opy_MVPA,-100,51,5,51,MABBOB_51,0.038961765597973305,0.03223709196036863,OPYTIMIZER
opy_GCO,-100,520,5,520,MABBOB_520,0.1453094765369365,0.08272805120355999,OPYTIMIZER
opy_COA,-100,811,5,811,MABBOB_811,0.08459611913974432,0.03166769208559025,OPYTIMIZER
opy_GA,-100,565,5,565,MABBOB_565,0.09656791418529165,0.0678706685665438,OPYTIMIZER
opy_SSA,-100,508,5,508,MABBOB_508,0.13144341657024566,0.09373747270684285,OPYTIMIZER
opy_DE,-100,529,5,529,MABBOB_529,0.10289483754315096,0.037667080828240086,OPYTIMIZER
opy_MVPA,-100,688,5,688,MABBOB_688,0.12884718167354653,0.1273397988486809,OPYTIMIZER
opy_ABO,-100,508,5,508,MABBOB_508,0.13933284949218686,0.09490214821275082,OPYTIMIZER
opy_SOS,-100,788,5,788,MABBOB_788,0.03305483462299326,0.012311661620593885,OPYTIMIZER
opy_GA,-100,695,5,695,MABBOB_695,0.05899187482528294,0.02240876022059459,OPYTIMIZER
opy_CS,-100,555,5,555,MABBOB_555,0.2679407673522831,0.18290263989187439,OPYTIMIZER
opy_RRA,-100,105,5,105,MABBOB_105,0.16433759791812172,0.08638138953393691,OPYTIMIZER
opy_EO,-100,147,5,147,MABBOB_147,0.07775639273529197,0.04385007508901984,OPYTIMIZER
opy_SOS,-100,305,5,305,MABBOB_305,0.1622423110397004,0.07728863951187209,OPYTIMIZER
opy_WEO,-100,787,5,787,MABBOB_787,0.17582118981887915,0.09157017840936713,OPYTIMIZER
opy_SAVPSO,-100,569,5,569,MABBOB_569,0.08872167007483664,0.03186012267541131,OPYTIMIZER
opy_ABO,-100,1,5,1,MABBOB_1,0.015756764169734573,0.011357373718224985,OPYTIMIZER
opy_COA,-100,40,5,40,MABBOB_40,0.07264891227910793,0.07452572778479885,OPYTIMIZER
opy_SOS,-100,317,5,317,MABBOB_317,0.09503892991282063,0.049871393209099786,OPYTIMIZER
opy_LSA,-100,865,5,865,MABBOB_865,0.17694450524819838,0.1532646016411137,OPYTIMIZER
opy_LSA,-100,268,5,268,MABBOB_268,0.18137394270105167,0.04913642005342756,OPYTIMIZER
opy_RRA,-100,482,5,482,MABBOB_482,0.27927427948685546,0.1203976775959066,OPYTIMIZER
opy_RPSO,-100,440,5,440,MABBOB_440,0.03789326286235377,0.02798653326933511,OPYTIMIZER
opy_GOA,-100,426,5,426,MABBOB_426,0.13086664080167262,0.08303035910595462,OPYTIMIZER
opy_SSA,-100,411,5,411,MABBOB_411,0.05638890008986103,0.04888637555002581,OPYTIMIZER
opy_LSA,-100,567,5,567,MABBOB_567,0.09076333034927084,0.0683361498156716,OPYTIMIZER
opy_SOS,-100,876,5,876,MABBOB_876,0.11385986184887212,0.06347687770253392,OPYTIMIZER
opy_TWO,-100,492,5,492,MABBOB_492,0.05418332746502241,0.048995034621368526,OPYTIMIZER
opy_ABC,-100,37,5,37,MABBOB_37,0.3847143401266101,0.2518811506752716,OPYTIMIZER
opy_ASO,-100,162,5,162,MABBOB_162,0.13211638951844162,0.04276353514793146,OPYTIMIZER
opy_RPSO,-100,192,5,192,MABBOB_192,0.0423320908106806,0.027344348390598416,OPYTIMIZER
opy_ASO,-100,528,5,528,MABBOB_528,0.04723089697676487,0.040347433396140206,OPYTIMIZER
opy_SSA,-100,182,5,182,MABBOB_182,0.22911065781224255,0.06658773791927043,OPYTIMIZER
opy_ABC,-100,486,5,486,MABBOB_486,0.1586488359004483,0.060995416639819625,OPYTIMIZER
opy_WEO,-100,170,5,170,MABBOB_170,0.12228460460775174,0.08195160630783335,OPYTIMIZER
opy_ABO,-100,878,5,878,MABBOB_878,0.173017781760263,0.04851771849169306,OPYTIMIZER
opy_AEO,-100,40,5,40,MABBOB_40,0.09443248826784534,0.11071799253405047,OPYTIMIZER
opy_ASO,-100,170,5,170,MABBOB_170,0.07672334983179363,0.03319030858400531,OPYTIMIZER
opy_RRA,-100,217,5,217,MABBOB_217,0.13132488445939106,0.05305313579820576,OPYTIMIZER
opy_WEO,-100,980,5,980,MABBOB_980,0.504101423864716,0.27851373433865595,OPYTIMIZER
opy_GCO,-100,709,5,709,MABBOB_709,0.31406346677066066,0.1334628821216378,OPYTIMIZER
opy_SSA,-100,739,5,739,MABBOB_739,0.08416242531434145,0.04118476162064443,OPYTIMIZER
opy_ABC,-100,203,5,203,MABBOB_203,0.16234009373273545,0.12179913910710209,OPYTIMIZER
opy_RPSO,-100,746,5,746,MABBOB_746,0.13534050619007706,0.02428746650481053,OPYTIMIZER
opy_RRA,-100,346,5,346,MABBOB_346,0.04102912920655313,0.03252001742628622,OPYTIMIZER
opy_DE,-100,508,5,508,MABBOB_508,0.1417994956907541,0.15217191102259287,OPYTIMIZER
opy_GA,-100,731,5,731,MABBOB_731,0.054371701852208444,0.02800725076199481,OPYTIMIZER
opy_AOA,-100,566,5,566,MABBOB_566,0.2867225706030177,0.07589850955591694,OPYTIMIZER
opy_GCO,-100,566,5,566,MABBOB_566,0.2295113483033342,0.06434922729209708,OPYTIMIZER
opy_SSA,-100,827,5,827,MABBOB_827,0.2130983383212129,0.06241363461018813,OPYTIMIZER
opy_LSA,-100,33,5,33,MABBOB_33,0.13704154043751465,0.12720468323245646,OPYTIMIZER
opy_SAVPSO,-100,731,5,731,MABBOB_731,0.034836684746178084,0.014080491449436428,OPYTIMIZER
opy_GOA,-100,566,5,566,MABBOB_566,0.19297157124294823,0.017679623066358098,OPYTIMIZER
opy_GOA,-100,367,5,367,MABBOB_367,0.2221790648383327,0.18889855405201228,OPYTIMIZER
opy_SSA,-100,586,5,586,MABBOB_586,0.22898941603497666,0.10463951170856209,OPYTIMIZER
opy_SSA,-100,567,5,567,MABBOB_567,0.20524276412945391,0.25399410170287035,OPYTIMIZER
opy_AEO,-100,461,5,461,MABBOB_461,0.047668929081643455,0.02721129749972463,OPYTIMIZER
opy_EO,-100,577,5,577,MABBOB_577,0.09883898253875316,0.03083523933210608,OPYTIMIZER
opy_AOA,-100,529,5,529,MABBOB_529,0.10103633281325293,0.040573974492634474,OPYTIMIZER
opy_CS,-100,204,5,204,MABBOB_204,0.04213817613120713,0.022401847254725913,OPYTIMIZER
opy_COA,-100,284,5,284,MABBOB_284,0.21879244169615109,0.16349974464216957,OPYTIMIZER
opy_RFO,-100,275,5,275,MABBOB_275,0.19631439414702037,0.13643490327315658,OPYTIMIZER
opy_BSA,-100,411,5,411,MABBOB_411,0.09519983268527901,0.09422035748569833,OPYTIMIZER
opy_AEO,-100,558,5,558,MABBOB_558,0.13347878985754794,0.08732658123920155,OPYTIMIZER
opy_MVPA,-100,333,5,333,MABBOB_333,0.03044602653944744,0.022291390703735776,OPYTIMIZER
opy_GA,-100,763,5,763,MABBOB_763,0.12895764869070753,0.18449202892556532,OPYTIMIZER
opy_IWO,-100,33,5,33,MABBOB_33,0.2822605087562526,0.2450723696440279,OPYTIMIZER
opy_GA,-100,864,5,864,MABBOB_864,0.08776242644538251,0.059363323510792584,OPYTIMIZER
opy_TWO,-100,324,5,324,MABBOB_324,0.06441255506736995,0.03690068961690009,OPYTIMIZER
opy_DE,-100,260,5,260,MABBOB_260,0.2848907446235393,0.10607074179175968,OPYTIMIZER
opy_WEO,-100,529,5,529,MABBOB_529,0.1432127904436205,0.051755893143888516,OPYTIMIZER
opy_SAVPSO,-100,529,5,529,MABBOB_529,0.04377426123170676,0.01939544475140781,OPYTIMIZER
opy_COA,-100,782,5,782,MABBOB_782,0.18709633746566495,0.08665893382694176,OPYTIMIZER
opy_ASO,-100,879,5,879,MABBOB_879,0.21754091718726407,0.39127959499537807,OPYTIMIZER
opy_SOS,-100,97,5,97,MABBOB_97,0.06906417991422649,0.027302403191004094,OPYTIMIZER
opy_RRA,-100,520,5,520,MABBOB_520,0.11363739039340529,0.07413051898224597,OPYTIMIZER
opy_QSA,-100,2,5,2,MABBOB_2,0.2972883857463715,0.3507203067570275,OPYTIMIZER
opy_SOS,-100,387,5,387,MABBOB_387,0.021097608513340183,0.01245819050020251,OPYTIMIZER
opy_RFO,-100,335,5,335,MABBOB_335,0.04553153733077951,0.028852304734625776,OPYTIMIZER
opy_AEO,-100,410,5,410,MABBOB_410,0.0335297838971876,0.036711536097113515,OPYTIMIZER
opy_ASO,-100,284,5,284,MABBOB_284,0.26634173819592855,0.18628278517877014,OPYTIMIZER
opy_DE,-100,592,5,592,MABBOB_592,0.4222430822490228,0.1490920531499039,OPYTIMIZER
opy_IWO,-100,646,5,646,MABBOB_646,0.31261875365147085,0.21713897609168964,OPYTIMIZER
opy_ASO,-100,747,5,747,MABBOB_747,0.22378477595360793,0.17867474218400797,OPYTIMIZER
opy_EO,-100,105,5,105,MABBOB_105,0.12131221735626804,0.05447167965854116,OPYTIMIZER
opy_RPSO,-100,772,5,772,MABBOB_772,0.27589760318166945,0.21966049308676677,OPYTIMIZER
opy_GA,-100,26,5,26,MABBOB_26,0.20077363985888003,0.23702569670762594,OPYTIMIZER
opy_QSA,-100,329,5,329,MABBOB_329,0.15687942552480386,0.15377669109224423,OPYTIMIZER
opy_MVPA,-100,2,5,2,MABBOB_2,0.16555256344591215,0.17887374546573798,OPYTIMIZER
opy_RRA,-100,268,5,268,MABBOB_268,0.2395050360934356,0.07305675963715508,OPYTIMIZER
opy_RFO,-100,368,5,368,MABBOB_368,0.14884838768223113,0.22979778626891026,OPYTIMIZER
opy_TWO,-100,476,5,476,MABBOB_476,0.4722515228195839,0.18049306777307608,OPYTIMIZER
opy_TWO,-100,855,5,855,MABBOB_855,0.047064963157194245,0.025163554630981303,OPYTIMIZER
opy_MVPA,-100,687,5,687,MABBOB_687,0.27629111891615055,0.18328004726589672,OPYTIMIZER
opy_TWO,-100,747,5,747,MABBOB_747,0.0943009261142377,0.07533946283519029,OPYTIMIZER
opy_QSA,-100,975,5,975,MABBOB_975,0.13364831572127425,0.07587689993958419,OPYTIMIZER
opy_GOA,-100,430,5,430,MABBOB_430,0.0626210025313129,0.06268947522208079,OPYTIMIZER
opy_QSA,-100,531,5,531,MABBOB_531,0.23402527602723538,0.1049302949780085,OPYTIMIZER
opy_BSA,-100,307,5,307,MABBOB_307,0.1476337728269951,0.13658930379031853,OPYTIMIZER
opy_IWO,-100,566,5,566,MABBOB_566,0.3175358858066054,0.09437978066201683,OPYTIMIZER
opy_ASO,-100,862,5,862,MABBOB_862,0.37494683470040047,0.32621803319372183,OPYTIMIZER
opy_ABC,-100,662,5,662,MABBOB_662,0.1526656482177525,0.11062682521131237,OPYTIMIZER
opy_RPSO,-100,51,5,51,MABBOB_51,0.03788428413284307,0.026801820717638355,OPYTIMIZER
opy_RFO,-100,317,5,317,MABBOB_317,0.10415983253391561,0.06510102101629424,OPYTIMIZER
opy_LSA,-100,166,5,166,MABBOB_166,0.13707157353661265,0.07869128949931965,OPYTIMIZER
opy_GA,-100,203,5,203,MABBOB_203,0.1780331169619141,0.1345486949660479,OPYTIMIZER
opy_AEO,-100,699,5,699,MABBOB_699,0.13628991192749965,0.09648012971087218,OPYTIMIZER
opy_CS,-100,759,5,759,MABBOB_759,0.38202140766056253,0.078398402720434,OPYTIMIZER
opy_SAVPSO,-100,445,5,445,MABBOB_445,0.06700482744715237,0.01564896522668863,OPYTIMIZER
opy_QSA,-100,34,5,34,MABBOB_34,0.11053479246786573,0.062005524027537506,OPYTIMIZER
opy_TWO,-100,419,5,419,MABBOB_419,0.1643570631802908,0.1129070299993444,OPYTIMIZER
opy_DE,-100,662,5,662,MABBOB_662,0.19717558812445063,0.1413488008941239,OPYTIMIZER
opy_LSA,-100,739,5,739,MABBOB_739,0.03785847768356907,0.012573661567228639,OPYTIMIZER
opy_CS,-100,788,5,788,MABBOB_788,0.05303830893990067,0.033635545912553015,OPYTIMIZER
opy_LSA,-100,466,5,466,MABBOB_466,0.174238675577562,0.04003545119040974,OPYTIMIZER
opy_DE,-100,779,5,779,MABBOB_779,0.052899783221665955,0.03503633777814447,OPYTIMIZER
opy_AOA,-100,423,5,423,MABBOB_423,0.24695550133030353,0.1901732368006983,OPYTIMIZER
opy_LSA,-100,738,5,738,MABBOB_738,0.1796646065795799,0.21010193195510307,OPYTIMIZER
opy_IWO,-100,556,5,556,MABBOB_556,0.054965399738113874,0.01896943019976596,OPYTIMIZER
opy_CS,-100,691,5,691,MABBOB_691,0.017365218203293998,0.013968543204109785,OPYTIMIZER
opy_SOS,-100,248,5,248,MABBOB_248,0.0898714451484551,0.1451509651274184,OPYTIMIZER
opy_MVPA,-100,980,5,980,MABBOB_980,0.1576200866568573,0.10860639521949975,OPYTIMIZER
opy_RFO,-100,898,5,898,MABBOB_898,0.05054830547499436,0.06294718228739063,OPYTIMIZER
opy_SSA,-100,950,5,950,MABBOB_950,0.11927574502283175,0.0784127420077925,OPYTIMIZER
opy_ABO,-100,346,5,346,MABBOB_346,0.06680938503937137,0.05716851213214803,OPYTIMIZER
opy_QSA,-100,115,5,115,MABBOB_115,0.2250518988846808,0.103165764217333,OPYTIMIZER
opy_ABO,-100,864,5,864,MABBOB_864,0.1552783626931205,0.12083578300745429,OPYTIMIZER
opy_DE,-100,887,5,887,MABBOB_887,0.34562545106710907,0.15454130537212563,OPYTIMIZER
opy_GCO,-100,877,5,877,MABBOB_877,0.2719088755107929,0.13144090527945906,OPYTIMIZER
opy_QSA,-100,566,5,566,MABBOB_566,0.24563613228905018,0.060494021065645505,OPYTIMIZER
opy_GA,-100,865,5,865,MABBOB_865,0.22580752056692782,0.20801216533347386,OPYTIMIZER
opy_TWO,-100,329,5,329,MABBOB_329,0.11680516456031258,0.12601072933596874,OPYTIMIZER
opy_SAVPSO,-100,270,5,270,MABBOB_270,0.20852888193218594,0.15243159295686975,OPYTIMIZER
opy_DE,-100,221,5,221,MABBOB_221,0.2628537603963067,0.22841096554668672,OPYTIMIZER
opy_ABO,-100,529,5,529,MABBOB_529,0.10507073211410081,0.04087627231518965,OPYTIMIZER
opy_RPSO,-100,147,5,147,MABBOB_147,0.08538279090849217,0.05929098898703578,OPYTIMIZER
opy_COA,-100,305,5,305,MABBOB_305,0.27505259257767595,0.13810847822223038,OPYTIMIZER
opy_RRA,-100,677,5,677,MABBOB_677,0.1821396278803618,0.0937428280302223,OPYTIMIZER
opy_LSA,-100,955,5,955,MABBOB_955,0.041551922559466624,0.02388298147925667,OPYTIMIZER
opy_ABO,-100,887,5,887,MABBOB_887,0.4457234298509955,0.17699713542426265,OPYTIMIZER
opy_ABO,-100,423,5,423,MABBOB_423,0.2602427850403619,0.2185765714462536,OPYTIMIZER
opy_GA,-100,268,5,268,MABBOB_268,0.23166831685507808,0.03285115831167517,OPYTIMIZER
opy_WEO,-100,991,5,991,MABBOB_991,0.21074937431955548,0.16847049742938366,OPYTIMIZER
opy_GOA,-100,662,5,662,MABBOB_662,0.09331458077877058,0.07636625356719223,OPYTIMIZER
opy_AEO,-100,82,5,82,MABBOB_82,0.08180464331265822,0.03129634889066078,OPYTIMIZER
opy_BSA,-100,105,5,105,MABBOB_105,0.4059605606891309,0.17633542321287216,OPYTIMIZER
opy_GOA,-100,556,5,556,MABBOB_556,0.03510169492956585,0.015049859895405554,OPYTIMIZER
opy_ABC,-100,848,5,848,MABBOB_848,0.3471295043593547,0.15706331165537435,OPYTIMIZER
opy_GA,-100,192,5,192,MABBOB_192,0.1096337913861107,0.05146292397180252,OPYTIMIZER
opy_SSA,-100,943,5,943,MABBOB_943,0.29676621021013505,0.059566486470334,OPYTIMIZER
opy_GA,-100,746,5,746,MABBOB_746,0.16045432752554176,0.011268568930911568,OPYTIMIZER
opy_GOA,-100,604,5,604,MABBOB_604,0.07947731563574853,0.07972908094106877,OPYTIMIZER
opy_QSA,-100,144,5,144,MABBOB_144,0.17472829470091575,0.20098140660497396,OPYTIMIZER
opy_QSA,-100,335,5,335,MABBOB_335,0.06042083185739398,0.054635794470708,OPYTIMIZER
opy_QSA,-100,609,5,609,MABBOB_609,0.21265429070662445,0.11009230985745252,OPYTIMIZER
opy_DE,-100,257,5,257,MABBOB_257,0.13240189306634947,0.08220769956465195,OPYTIMIZER
opy_RPSO,-100,430,5,430,MABBOB_430,0.0550220611129988,0.05700173678357238,OPYTIMIZER
opy_WEO,-100,461,5,461,MABBOB_461,0.10835654761677342,0.032885071845082596,OPYTIMIZER
opy_RPSO,-100,747,5,747,MABBOB_747,0.07892355118877016,0.07593505100502625,OPYTIMIZER
opy_QSA,-100,461,5,461,MABBOB_461,0.06231210495350494,0.01636651605678098,OPYTIMIZER
opy_ABC,-100,617,5,617,MABBOB_617,0.17524635371872732,0.12405845301926834,OPYTIMIZER
opy_GCO,-100,181,5,181,MABBOB_181,0.07461150250480379,0.054994329185730606,OPYTIMIZER
opy_RFO,-100,101,5,101,MABBOB_101,0.06096010766889344,0.035532500544394566,OPYTIMIZER
opy_RRA,-100,114,5,114,MABBOB_114,0.31411653157386,0.1713999266398466,OPYTIMIZER
opy_RPSO,-100,919,5,919,MABBOB_919,0.20946254727087538,0.12246105487089629,OPYTIMIZER
opy_AOA,-100,424,5,424,MABBOB_424,0.17947984457046437,0.13792879709760375,OPYTIMIZER
opy_GOA,-100,836,5,836,MABBOB_836,0.33469599835307373,0.26324535855007386,OPYTIMIZER
opy_TWO,-100,373,5,373,MABBOB_373,0.23588212300713832,0.23940374437642406,OPYTIMIZER
opy_IWO,-100,181,5,181,MABBOB_181,0.1171020111544198,0.12437210573057923,OPYTIMIZER
opy_GA,-100,567,5,567,MABBOB_567,0.2358292687063913,0.17974481964912042,OPYTIMIZER
opy_BSA,-100,449,5,449,MABBOB_449,0.025183158780946846,0.013560580626997627,OPYTIMIZER
opy_BSA,-100,878,5,878,MABBOB_878,0.34623915331312227,0.1542399255416909,OPYTIMIZER
opy_RRA,-100,62,5,62,MABBOB_62,0.29392612620376757,0.14158446720267634,OPYTIMIZER
opy_GA,-100,449,5,449,MABBOB_449,0.020424927193315956,0.009117202380874082,OPYTIMIZER
opy_AOA,-100,761,5,761,MABBOB_761,0.11937492180699523,0.052439174642277694,OPYTIMIZER
opy_TWO,-100,8,5,8,MABBOB_8,0.0911725283089342,0.0434926320409933,OPYTIMIZER
opy_WEO,-100,215,5,215,MABBOB_215,0.4078265440333098,0.2635589121646761,OPYTIMIZER
opy_SAVPSO,-100,387,5,387,MABBOB_387,0.021379619989123334,0.014891045939633533,OPYTIMIZER
opy_GOA,-100,695,5,695,MABBOB_695,0.039217638421990275,0.015667880444806506,OPYTIMIZER
opy_AOA,-100,989,5,989,MABBOB_989,0.11028857844452582,0.15854237171416155,OPYTIMIZER
opy_TWO,-100,163,5,163,MABBOB_163,0.01628010222104835,0.0059169069573383965,OPYTIMIZER
opy_AEO,-100,181,5,181,MABBOB_181,0.061787857257141664,0.042312819494470584,OPYTIMIZER
opy_EO,-100,486,5,486,MABBOB_486,0.05176484741072644,0.03359601493104889,OPYTIMIZER
opy_LSA,-100,965,5,965,MABBOB_965,0.27138713958439253,0.07422480319703051,OPYTIMIZER
opy_MVPA,-100,530,5,530,MABBOB_530,0.041451339620871726,0.06417201302555324,OPYTIMIZER
opy_IWO,-100,24,5,24,MABBOB_24,0.07829761765397339,0.05490964749877606,OPYTIMIZER
opy_COA,-100,371,5,371,MABBOB_371,0.20327336066258117,0.1664309780203648,OPYTIMIZER
opy_CS,-100,731,5,731,MABBOB_731,0.05980731847906982,0.031528025926299004,OPYTIMIZER
opy_GCO,-100,390,5,390,MABBOB_390,0.031191649747460914,0.025679037430969862,OPYTIMIZER
opy_RFO,-100,388,5,388,MABBOB_388,0.10273857739071628,0.06165732822023244,OPYTIMIZER
opy_GCO,-100,508,5,508,MABBOB_508,0.1526524784298833,0.13438431606507806,OPYTIMIZER
opy_COA,-100,877,5,877,MABBOB_877,0.22480462713734645,0.11126916015907466,OPYTIMIZER
opy_CS,-100,51,5,51,MABBOB_51,0.06221658382832605,0.06880440721821421,OPYTIMIZER
opy_GA,-100,166,5,166,MABBOB_166,0.2039621131698514,0.09457523211142346,OPYTIMIZER
opy_GA,-100,699,5,699,MABBOB_699,0.12233241528436359,0.07225018529104349,OPYTIMIZER
opy_DE,-100,671,5,671,MABBOB_671,0.2320356789114713,0.1541266628619644,OPYTIMIZER
opy_AEO,-100,887,5,887,MABBOB_887,0.2635995812516538,0.14110187549495462,OPYTIMIZER
opy_AEO,-100,565,5,565,MABBOB_565,0.0523141629647992,0.02348866789982762,OPYTIMIZER
opy_DE,-100,413,5,413,MABBOB_413,0.23227123383732406,0.18814596830091046,OPYTIMIZER
opy_GOA,-100,260,5,260,MABBOB_260,0.18590844238898646,0.08597881358100228,OPYTIMIZER
opy_TWO,-100,405,5,405,MABBOB_405,0.1212932362814847,0.06531604639846657,OPYTIMIZER
opy_EO,-100,44,5,44,MABBOB_44,0.04602541420951848,0.02796007474874416,OPYTIMIZER
opy_TWO,-100,555,5,555,MABBOB_555,0.1439287936070528,0.08199277623512888,OPYTIMIZER
opy_AEO,-100,639,5,639,MABBOB_639,0.12918283258520732,0.03288761683854606,OPYTIMIZER
opy_GOA,-100,989,5,989,MABBOB_989,0.0735014333190692,0.08002989408817954,OPYTIMIZER
opy_QSA,-100,491,5,491,MABBOB_491,0.23694516614677985,0.14912395937259976,OPYTIMIZER
opy_SAVPSO,-100,662,5,662,MABBOB_662,0.08170995608914487,0.05762929132413304,OPYTIMIZER
opy_RRA,-100,879,5,879,MABBOB_879,0.07192790928907564,0.11753593006305556,OPYTIMIZER
opy_SSA,-100,699,5,699,MABBOB_699,0.12520020519212935,0.09068614849064505,OPYTIMIZER
opy_RPSO,-100,456,5,456,MABBOB_456,0.015598462308707803,0.00644752957197423,OPYTIMIZER
opy_BSA,-100,182,5,182,MABBOB_182,0.28963093044212596,0.0975361532403376,OPYTIMIZER
opy_SSA,-100,115,5,115,MABBOB_115,0.16328239040274384,0.09469340214892158,OPYTIMIZER
opy_RRA,-100,812,5,812,MABBOB_812,0.06125518049071771,0.020694040019690677,OPYTIMIZER
opy_GOA,-100,203,5,203,MABBOB_203,0.12565428286408645,0.08191855013075096,OPYTIMIZER
opy_AEO,-100,305,5,305,MABBOB_305,0.17926279253185626,0.09319490600554639,OPYTIMIZER
opy_ABC,-100,680,5,680,MABBOB_680,0.11426144549630328,0.03404480195407097,OPYTIMIZER
opy_GOA,-100,997,5,997,MABBOB_997,0.12946063171434713,0.13082621276761153,OPYTIMIZER
opy_GA,-100,528,5,528,MABBOB_528,0.02664216011190972,0.017185812943247916,OPYTIMIZER
opy_ABC,-100,523,5,523,MABBOB_523,0.07023622869649021,0.033964085486119816,OPYTIMIZER
opy_EO,-100,388,5,388,MABBOB_388,0.06741391601482159,0.03165751860155911,OPYTIMIZER
opy_ABC,-100,15,5,15,MABBOB_15,0.15961319545214267,0.16116010911114412,OPYTIMIZER
opy_CS,-100,567,5,567,MABBOB_567,0.1324108274558605,0.15746399880412226,OPYTIMIZER
opy_RPSO,-100,879,5,879,MABBOB_879,0.08044462838389768,0.1336803245089062,OPYTIMIZER
opy_GCO,-100,33,5,33,MABBOB_33,0.2578714249759891,0.23846423340972556,OPYTIMIZER
opy_RPSO,-100,97,5,97,MABBOB_97,0.06977640395968217,0.040156900543058885,OPYTIMIZER
opy_AOA,-100,387,5,387,MABBOB_387,0.0862373487647673,0.08465392978907751,OPYTIMIZER
opy_RRA,-100,419,5,419,MABBOB_419,0.16376619458686015,0.09321231032412651,OPYTIMIZER
opy_RPSO,-100,677,5,677,MABBOB_677,0.14973178424187006,0.05497363901080065,OPYTIMIZER
opy_SOS,-100,430,5,430,MABBOB_430,0.057633708345782894,0.05293624516414871,OPYTIMIZER
opy_GCO,-100,965,5,965,MABBOB_965,0.483781684477821,0.18698396571150494,OPYTIMIZER
opy_CS,-100,149,5,149,MABBOB_149,0.3106919108154357,0.16223531376914413,OPYTIMIZER
opy_AEO,-100,24,5,24,MABBOB_24,0.06416486182061587,0.03218604096589345,OPYTIMIZER
opy_QSA,-100,810,5,810,MABBOB_810,0.11343335816236322,0.0962587499871505,OPYTIMIZER
opy_RPSO,-100,727,5,727,MABBOB_727,0.08368563186408841,0.12454695905826542,OPYTIMIZER
opy_ABO,-100,713,5,713,MABBOB_713,0.18195436029070894,0.16901505482435178,OPYTIMIZER
opy_AEO,-100,212,5,212,MABBOB_212,0.10918982485164822,0.09763456498587979,OPYTIMIZER
opy_WEO,-100,727,5,727,MABBOB_727,0.1587198457352137,0.21565194760358594,OPYTIMIZER
opy_ABO,-100,181,5,181,MABBOB_181,0.07711063429083422,0.045690742009182446,OPYTIMIZER
opy_MVPA,-100,876,5,876,MABBOB_876,0.07414398166313976,0.042054186400379244,OPYTIMIZER
opy_GA,-100,740,5,740,MABBOB_740,0.1747349312271652,0.10755781573970873,OPYTIMIZER
opy_EO,-100,608,5,608,MABBOB_608,0.3200205835166556,0.1935068120553846,OPYTIMIZER
opy_RPSO,-100,246,5,246,MABBOB_246,0.064451333791658,0.05649791289320457,OPYTIMIZER
opy_RRA,-100,519,5,519,MABBOB_519,0.24518983033020927,0.12422828349057918,OPYTIMIZER
opy_LSA,-100,783,5,783,MABBOB_783,0.12276059381694304,0.13850979833880717,OPYTIMIZER
opy_GCO,-100,528,5,528,MABBOB_528,0.03330169761668911,0.026700440630112624,OPYTIMIZER
opy_SSA,-100,482,5,482,MABBOB_482,0.284123017445164,0.10239010361862758,OPYTIMIZER
opy_AOA,-100,118,5,118,MABBOB_118,0.16739665320563116,0.23883684347153347,OPYTIMIZER
opy_DE,-100,330,5,330,MABBOB_330,0.2816589276015112,0.21296594145792092,OPYTIMIZER
opy_SOS,-100,107,5,107,MABBOB_107,0.04732376132491586,0.02409797898053143,OPYTIMIZER
opy_BSA,-100,709,5,709,MABBOB_709,0.40561975200760714,0.13349151237332402,OPYTIMIZER
opy_GOA,-100,741,5,741,MABBOB_741,0.061884618705054364,0.05051577421476646,OPYTIMIZER
opy_BSA,-100,268,5,268,MABBOB_268,0.3396071364788359,0.06760784380895447,OPYTIMIZER
opy_AEO,-100,879,5,879,MABBOB_879,0.14046608271512664,0.24801307948495485,OPYTIMIZER
opy_SOS,-100,103,5,103,MABBOB_103,0.08341775092580353,0.033759745930618514,OPYTIMIZER
opy_LSA,-100,1,5,1,MABBOB_1,0.016166303063759706,0.01259846887174918,OPYTIMIZER
opy_GA,-100,208,5,208,MABBOB_208,0.11722978624928196,0.08555571986277836,OPYTIMIZER
opy_RFO,-100,61,5,61,MABBOB_61,0.16178332278910085,0.04140019235387265,OPYTIMIZER
opy_IWO,-100,671,5,671,MABBOB_671,0.32832164272275277,0.2173536261490703,OPYTIMIZER
opy_COA,-100,424,5,424,MABBOB_424,0.1585002531177242,0.12587864797983206,OPYTIMIZER
opy_GOA,-100,567,5,567,MABBOB_567,0.1805007322320779,0.19112326562862864,OPYTIMIZER
opy_LSA,-100,335,5,335,MABBOB_335,0.04109408840450618,0.026301471842899975,OPYTIMIZER
opy_WEO,-100,266,5,266,MABBOB_266,0.5729548258104038,0.35011569914290835,OPYTIMIZER
opy_BSA,-100,891,5,891,MABBOB_891,0.7866504413827183,0.24679625369223454,OPYTIMIZER
opy_GOA,-100,688,5,688,MABBOB_688,0.11094796982416606,0.07725192088856006,OPYTIMIZER
opy_AEO,-100,491,5,491,MABBOB_491,0.19550303328830143,0.10583321971442676,OPYTIMIZER
opy_RFO,-100,707,5,707,MABBOB_707,0.2312869843177579,0.11663404365057665,OPYTIMIZER
opy_SOS,-100,852,5,852,MABBOB_852,0.05873032088048783,0.03179681286644308,OPYTIMIZER
opy_IWO,-100,162,5,162,MABBOB_162,0.13490735883565813,0.032469061837620515,OPYTIMIZER
opy_AOA,-100,221,5,221,MABBOB_221,0.30398914986456604,0.24865309067476754,OPYTIMIZER
opy_RRA,-100,695,5,695,MABBOB_695,0.06383899171658566,0.020773697066332118,OPYTIMIZER
opy_WEO,-100,965,5,965,MABBOB_965,0.5300785358401855,0.1964717243133881,OPYTIMIZER
opy_EO,-100,982,5,982,MABBOB_982,0.017335888173875057,0.006003401681442587,OPYTIMIZER
opy_GA,-100,260,5,260,MABBOB_260,0.24086751266452774,0.05433090719868383,OPYTIMIZER
opy_MVPA,-100,482,5,482,MABBOB_482,0.2015773443326146,0.06856037553984551,OPYTIMIZER
opy_GA,-100,577,5,577,MABBOB_577,0.15620980950645386,0.09492576255230697,OPYTIMIZER
opy_SOS,-100,763,5,763,MABBOB_763,0.06568395646783835,0.07128307807588562,OPYTIMIZER
opy_COA,-100,713,5,713,MABBOB_713,0.0845342102211382,0.08718506989099714,OPYTIMIZER
opy_CS,-100,688,5,688,MABBOB_688,0.1576452748703459,0.12079233084409118,OPYTIMIZER
opy_RRA,-100,878,5,878,MABBOB_878,0.1702357057392081,0.057073223921774004,OPYTIMIZER
opy_WEO,-100,848,5,848,MABBOB_848,0.6568081656821162,0.3080406647796905,OPYTIMIZER
opy_ABO,-100,456,5,456,MABBOB_456,0.017382676684914188,0.006776779979874641,OPYTIMIZER
opy_WEO,-100,761,5,761,MABBOB_761,0.18291275382710678,0.06278661992986767,OPYTIMIZER
opy_IWO,-100,449,5,449,MABBOB_449,0.02459655879317101,0.013484922202238113,OPYTIMIZER
opy_GCO,-100,161,5,161,MABBOB_161,0.2452719354567928,0.1247753499239247,OPYTIMIZER
opy_SOS,-100,687,5,687,MABBOB_687,0.3154859419267417,0.18901406523674433,OPYTIMIZER
opy_ABO,-100,419,5,419,MABBOB_419,0.22520439991173258,0.12095805877789764,OPYTIMIZER
opy_QSA,-100,268,5,268,MABBOB_268,0.3086973957176663,0.05884172361242225,OPYTIMIZER
opy_RRA,-100,37,5,37,MABBOB_37,0.23226251665552086,0.11874828921182994,OPYTIMIZER
opy_BSA,-100,877,5,877,MABBOB_877,0.32209025172563704,0.155020990308827,OPYTIMIZER
opy_IWO,-100,327,5,327,MABBOB_327,0.3073219118968083,0.16754960837408853,OPYTIMIZER
opy_RRA,-100,396,5,396,MABBOB_396,0.16072904918112596,0.12621488703772632,OPYTIMIZER
opy_RFO,-100,423,5,423,MABBOB_423,0.11996009995346049,0.09134781085527754,OPYTIMIZER
opy_RFO,-100,123,5,123,MABBOB_123,0.14756777932532672,0.10545960609060226,OPYTIMIZER
opy_COA,-100,73,5,73,MABBOB_73,0.24061540131359727,0.11295919876136709,OPYTIMIZER
opy_RPSO,-100,558,5,558,MABBOB_558,0.10956742229477409,0.05987450544056582,OPYTIMIZER
opy_MVPA,-100,97,5,97,MABBOB_97,0.07584821401028077,0.040659840583511686,OPYTIMIZER
opy_IWO,-100,898,5,898,MABBOB_898,0.13643986068909003,0.20381693269620307,OPYTIMIZER
opy_ASO,-100,330,5,330,MABBOB_330,0.3895443595818396,0.22029472684645116,OPYTIMIZER
opy_BSA,-100,795,5,795,MABBOB_795,0.36684524570300625,0.1891598637203643,OPYTIMIZER
opy_SSA,-100,51,5,51,MABBOB_51,0.08759032611295445,0.06388233353939393,OPYTIMIZER
opy_SOS,-100,642,5,642,MABBOB_642,0.061280618570067745,0.03821644059683675,OPYTIMIZER
opy_SOS,-100,769,5,769,MABBOB_769,0.16927685218564953,0.17337049812015512,OPYTIMIZER
opy_MVPA,-100,954,5,954,MABBOB_954,0.10264609169076984,0.13713406064624178,OPYTIMIZER
opy_GA,-100,604,5,604,MABBOB_604,0.14543897715280132,0.14817700620707758,OPYTIMIZER
opy_RPSO,-100,482,5,482,MABBOB_482,0.2038202076316098,0.05890959295416567,OPYTIMIZER
opy_AEO,-100,368,5,368,MABBOB_368,0.17469666973652012,0.2803587030170002,OPYTIMIZER
opy_QSA,-100,836,5,836,MABBOB_836,0.3393763722594263,0.22303739305719633,OPYTIMIZER
opy_MVPA,-100,567,5,567,MABBOB_567,0.0684940515700065,0.03708221397748297,OPYTIMIZER
opy_MVPA,-100,405,5,405,MABBOB_405,0.09872511920237184,0.052999633202582656,OPYTIMIZER
opy_ASO,-100,629,5,629,MABBOB_629,0.43970091111892834,0.32779614065753004,OPYTIMIZER
opy_IWO,-100,101,5,101,MABBOB_101,0.08744211355599465,0.05578096150715912,OPYTIMIZER
opy_QSA,-100,852,5,852,MABBOB_852,0.09399215554634537,0.06295539019579525,OPYTIMIZER
opy_GCO,-100,246,5,246,MABBOB_246,0.1401049320819492,0.1383142867980284,OPYTIMIZER
opy_RFO,-100,15,5,15,MABBOB_15,0.12967349467186867,0.13995809722523392,OPYTIMIZER
opy_ASO,-100,8,5,8,MABBOB_8,0.2585254881846613,0.13343347126102464,OPYTIMIZER
opy_GOA,-100,307,5,307,MABBOB_307,0.09248186439398137,0.10104378685518293,OPYTIMIZER
opy_LSA,-100,190,5,190,MABBOB_190,0.05731528495778746,0.07446934413515299,OPYTIMIZER
opy_SOS,-100,348,5,348,MABBOB_348,0.035391761922168016,0.01756409480822528,OPYTIMIZER
opy_GOA,-100,901,5,901,MABBOB_901,0.1355796972608013,0.12318879330973051,OPYTIMIZER
opy_LSA,-100,531,5,531,MABBOB_531,0.12933390986519655,0.07509485914039886,OPYTIMIZER
opy_CS,-100,812,5,812,MABBOB_812,0.08905508637560562,0.02488122614180373,OPYTIMIZER
opy_BSA,-100,335,5,335,MABBOB_335,0.20041218367821453,0.20808747400671637,OPYTIMIZER
opy_RFO,-100,763,5,763,MABBOB_763,0.06654328226598444,0.07591359175780177,OPYTIMIZER
opy_TWO,-100,699,5,699,MABBOB_699,0.09819874034479524,0.06433733079842012,OPYTIMIZER
opy_COA,-100,2,5,2,MABBOB_2,0.30617833542092904,0.2959168023414826,OPYTIMIZER
opy_COA,-100,327,5,327,MABBOB_327,0.2282499033190823,0.13441162777529045,OPYTIMIZER
opy_CS,-100,492,5,492,MABBOB_492,0.10881393989425354,0.09538134640640607,OPYTIMIZER
opy_TWO,-100,344,5,344,MABBOB_344,0.04747781977957707,0.008730100325187364,OPYTIMIZER
opy_RRA,-100,456,5,456,MABBOB_456,0.014876291558573498,0.006754240359883821,OPYTIMIZER
opy_ABO,-100,67,5,67,MABBOB_67,0.14522915819523738,0.023937543489298097,OPYTIMIZER
opy_GA,-100,368,5,368,MABBOB_368,0.15999587898294992,0.24596215709716535,OPYTIMIZER
opy_EO,-100,51,5,51,MABBOB_51,0.033541921448067134,0.020731388995619375,OPYTIMIZER
opy_GOA,-100,451,5,451,MABBOB_451,0.023677422350415513,0.018030740979546545,OPYTIMIZER
opy_AEO,-100,144,5,144,MABBOB_144,0.20250405939090615,0.24174707141500315,OPYTIMIZER
opy_ABO,-100,113,5,113,MABBOB_113,0.1830968127393518,0.17725087286626434,OPYTIMIZER
opy_RPSO,-100,993,5,993,MABBOB_993,0.11987986492169625,0.06332824210635965,OPYTIMIZER
opy_WEO,-100,639,5,639,MABBOB_639,0.21608924640455487,0.11010335181983465,OPYTIMIZER
opy_SOS,-100,542,5,542,MABBOB_542,0.05951835129948511,0.057985415051732415,OPYTIMIZER
opy_ASO,-100,248,5,248,MABBOB_248,0.13260139443333227,0.2083739289298571,OPYTIMIZER
opy_GA,-100,360,5,360,MABBOB_360,0.15684936113335288,0.13076422076141356,OPYTIMIZER
opy_GOA,-100,597,5,597,MABBOB_597,0.2008213048787879,0.19361597337098552,OPYTIMIZER
opy_BSA,-100,738,5,738,MABBOB_738,0.33973114903992013,0.3608518610972936,OPYTIMIZER
opy_DE,-100,177,5,177,MABBOB_177,0.09659371591111746,0.05307607333150552,OPYTIMIZER
opy_WEO,-100,788,5,788,MABBOB_788,0.19977422740362835,0.15159822970777595,OPYTIMIZER
opy_RFO,-100,528,5,528,MABBOB_528,0.03497578346185828,0.02992995447892114,OPYTIMIZER
opy_QSA,-100,307,5,307,MABBOB_307,0.10729352759529875,0.11116574756825812,OPYTIMIZER
opy_RRA,-100,360,5,360,MABBOB_360,0.15979541817538612,0.15383303879285085,OPYTIMIZER
opy_EO,-100,192,5,192,MABBOB_192,0.0355426674963232,0.015996681208630462,OPYTIMIZER
opy_DE,-100,44,5,44,MABBOB_44,0.09288451269527669,0.049666229809739885,OPYTIMIZER
opy_MVPA,-100,349,5,349,MABBOB_349,0.2195442452101221,0.0773521662926841,OPYTIMIZER
opy_DE,-100,609,5,609,MABBOB_609,0.18910711748397935,0.09541100573523853,OPYTIMIZER
opy_ABC,-100,738,5,738,MABBOB_738,0.23422273897652318,0.318495310982897,OPYTIMIZER
opy_AOA,-100,349,5,349,MABBOB_349,0.24659233064783476,0.059379408169715535,OPYTIMIZER
opy_GCO,-100,911,5,911,MABBOB_911,0.4608411798252245,0.359011116637141,OPYTIMIZER
opy_GCO,-100,407,5,407,MABBOB_407,0.43464328458058243,0.27995240005041006,OPYTIMIZER
opy_WEO,-100,212,5,212,MABBOB_212,0.23569265099357825,0.261873331101187,OPYTIMIZER
opy_GA,-100,177,5,177,MABBOB_177,0.16323047694182438,0.10459520222681859,OPYTIMIZER
opy_RRA,-100,118,5,118,MABBOB_118,0.07036215226732603,0.08795882480962851,OPYTIMIZER
opy_GOA,-100,714,5,714,MABBOB_714,0.06537730901331298,0.06802942455697142,OPYTIMIZER
opy_RFO,-100,731,5,731,MABBOB_731,0.04213619878315415,0.021453871052978954,OPYTIMIZER
opy_CS,-100,848,5,848,MABBOB_848,0.5799773269170787,0.2646813207486438,OPYTIMIZER
opy_ABC,-100,404,5,404,MABBOB_404,0.05142775785985163,0.028448830145281604,OPYTIMIZER
opy_DE,-100,788,5,788,MABBOB_788,0.04339593782751899,0.025386417900528483,OPYTIMIZER
opy_RPSO,-100,989,5,989,MABBOB_989,0.06339898010574925,0.08014009935503938,OPYTIMIZER
opy_SOS,-100,772,5,772,MABBOB_772,0.3645071384939538,0.2663017591417693,OPYTIMIZER
opy_ABO,-100,997,5,997,MABBOB_997,0.10862243373259813,0.06606375921638176,OPYTIMIZER
opy_SOS,-100,344,5,344,MABBOB_344,0.07763831880656227,0.026921880025547802,OPYTIMIZER
opy_RFO,-100,798,5,798,MABBOB_798,0.2728806253549271,0.10696910529617473,OPYTIMIZER
opy_AEO,-100,759,5,759,MABBOB_759,0.35533420391541076,0.09904247564719859,OPYTIMIZER
opy_GCO,-100,529,5,529,MABBOB_529,0.09699366601374906,0.038447212967525284,OPYTIMIZER
opy_QSA,-100,407,5,407,MABBOB_407,0.22627379767084715,0.09963704831527928,OPYTIMIZER
opy_ABO,-100,657,5,657,MABBOB_657,0.4375504686432462,0.11421331014465723,OPYTIMIZER
opy_AOA,-100,275,5,275,MABBOB_275,0.3037479184593491,0.12349376423973925,OPYTIMIZER
opy_ABC,-100,243,5,243,MABBOB_243,0.020336424581370062,0.013584610843173445,OPYTIMIZER
opy_AOA,-100,688,5,688,MABBOB_688,0.1593690732462962,0.1392233344305858,OPYTIMIZER
opy_GOA,-100,486,5,486,MABBOB_486,0.16005159543172906,0.06863370742488752,OPYTIMIZER
opy_GCO,-100,344,5,344,MABBOB_344,0.06885665442075724,0.06324974157086699,OPYTIMIZER
opy_RPSO,-100,260,5,260,MABBOB_260,0.15235424282618726,0.0777008253082244,OPYTIMIZER
opy_MVPA,-100,418,5,418,MABBOB_418,0.15045409841311988,0.12269662578797456,OPYTIMIZER
opy_RRA,-100,82,5,82,MABBOB_82,0.07368143211965712,0.031441724494500216,OPYTIMIZER
opy_GA,-100,349,5,349,MABBOB_349,0.2624291732876236,0.08243882205871478,OPYTIMIZER
opy_SOS,-100,162,5,162,MABBOB_162,0.09331109664954865,0.024910297805253254,OPYTIMIZER
opy_ASO,-100,898,5,898,MABBOB_898,0.14459367611595833,0.2162892914022752,OPYTIMIZER
opy_GA,-100,848,5,848,MABBOB_848,0.4300259872546229,0.23366934933811503,OPYTIMIZER
opy_WEO,-100,149,5,149,MABBOB_149,0.38697819072825956,0.21150072928435618,OPYTIMIZER
opy_SAVPSO,-100,492,5,492,MABBOB_492,0.05506020350764056,0.04370066244320879,OPYTIMIZER
opy_IWO,-100,878,5,878,MABBOB_878,0.30331994729212663,0.10789221452001456,OPYTIMIZER
opy_IWO,-100,558,5,558,MABBOB_558,0.059195448764073566,0.020801931579204617,OPYTIMIZER
opy_IWO,-100,147,5,147,MABBOB_147,0.24810873446649068,0.15607628426560421,OPYTIMIZER
opy_MVPA,-100,642,5,642,MABBOB_642,0.06383788166090434,0.04401888424690695,OPYTIMIZER
opy_SOS,-100,538,5,538,MABBOB_538,0.18112178490580497,0.055739938211728124,OPYTIMIZER
opy_IWO,-100,680,5,680,MABBOB_680,0.25569372928314393,0.09408770951013262,OPYTIMIZER
opy_RFO,-100,350,5,350,MABBOB_350,0.1924222408549205,0.24350874409538037,OPYTIMIZER
opy_SSA,-100,608,5,608,MABBOB_608,0.2793222148512311,0.11341091087518365,OPYTIMIZER
opy_EO,-100,525,5,525,MABBOB_525,0.0917562357832624,0.04260574062475061,OPYTIMIZER
opy_SAVPSO,-100,699,5,699,MABBOB_699,0.09047276023708184,0.047158068766829035,OPYTIMIZER
opy_MVPA,-100,260,5,260,MABBOB_260,0.18546965139409077,0.07097458751545978,OPYTIMIZER
opy_ABC,-100,215,5,215,MABBOB_215,0.302263000767022,0.1927417005336665,OPYTIMIZER
opy_BSA,-100,349,5,349,MABBOB_349,0.3763828659815331,0.10474498044186752,OPYTIMIZER
opy_COA,-100,609,5,609,MABBOB_609,0.22140506458177858,0.10326213207709067,OPYTIMIZER
opy_ASO,-100,577,5,577,MABBOB_577,0.3297665012401719,0.16778481807032716,OPYTIMIZER
opy_SAVPSO,-100,482,5,482,MABBOB_482,0.11073416011967077,0.05027673230213848,OPYTIMIZER
opy_GOA,-100,217,5,217,MABBOB_217,0.15006236387413027,0.08223970161304903,OPYTIMIZER
opy_GA,-100,525,5,525,MABBOB_525,0.14374151680021677,0.059632068611656264,OPYTIMIZER
opy_TWO,-100,449,5,449,MABBOB_449,0.019027277858734072,0.00907848817830662,OPYTIMIZER
opy_COA,-100,812,5,812,MABBOB_812,0.06758099434583335,0.01919072297656975,OPYTIMIZER
opy_RFO,-100,739,5,739,MABBOB_739,0.05522102693604192,0.022882978302059577,OPYTIMIZER
opy_EO,-100,88,5,88,MABBOB_88,0.025308081443314832,0.008728341306920084,OPYTIMIZER
opy_QSA,-100,586,5,586,MABBOB_586,0.2158438485375866,0.14035072983069313,OPYTIMIZER
opy_CS,-100,456,5,456,MABBOB_456,0.016854899134694824,0.007463216483100462,OPYTIMIZER
opy_DE,-100,740,5,740,MABBOB_740,0.22502055085730682,0.18901376168145861,OPYTIMIZER
opy_SOS,-100,879,5,879,MABBOB_879,0.10491197467504713,0.18075904424705835,OPYTIMIZER
opy_COA,-100,415,5,415,MABBOB_415,0.37498171676204134,0.34389635114956685,OPYTIMIZER
opy_RPSO,-100,810,5,810,MABBOB_810,0.0724828510088316,0.052138278426841364,OPYTIMIZER
opy_GA,-100,418,5,418,MABBOB_418,0.20578702161707946,0.20567259725595557,OPYTIMIZER
opy_SAVPSO,-100,204,5,204,MABBOB_204,0.049527504649469326,0.03726820439626454,OPYTIMIZER
opy_RRA,-100,246,5,246,MABBOB_246,0.07113001190473643,0.07027370698218766,OPYTIMIZER
opy_RPSO,-100,73,5,73,MABBOB_73,0.14220257716541215,0.0818612556471146,OPYTIMIZER
opy_BSA,-100,440,5,440,MABBOB_440,0.20507337210562024,0.18469871187221948,OPYTIMIZER
opy_AEO,-100,787,5,787,MABBOB_787,0.12227344170956189,0.0678471202574076,OPYTIMIZER
opy_GA,-100,103,5,103,MABBOB_103,0.14139783551945273,0.09599827059581559,OPYTIMIZER
opy_GCO,-100,275,5,275,MABBOB_275,0.3203571554481216,0.17092932164899846,OPYTIMIZER
opy_GA,-100,423,5,423,MABBOB_423,0.1711808393499595,0.13317016964013526,OPYTIMIZER
opy_RFO,-100,215,5,215,MABBOB_215,0.22561095225599911,0.14434555652262943,OPYTIMIZER
opy_GCO,-100,975,5,975,MABBOB_975,0.24975934365180522,0.1796799447578517,OPYTIMIZER
opy_ABC,-100,421,5,421,MABBOB_421,0.12236279088882196,0.06251579838001095,OPYTIMIZER
opy_RFO,-100,421,5,421,MABBOB_421,0.12567820269930843,0.07552237304705164,OPYTIMIZER
opy_CS,-100,101,5,101,MABBOB_101,0.07052987013192231,0.040973605306753424,OPYTIMIZER
opy_CS,-100,740,5,740,MABBOB_740,0.27648670677670933,0.20362949489285131,OPYTIMIZER
opy_MVPA,-100,149,5,149,MABBOB_149,0.12703249414948042,0.046134091081809714,OPYTIMIZER
opy_LSA,-100,691,5,691,MABBOB_691,0.01672327016452292,0.01370636508853924,OPYTIMIZER
opy_QSA,-100,746,5,746,MABBOB_746,0.1861921288012081,0.04413594768251721,OPYTIMIZER
opy_CS,-100,680,5,680,MABBOB_680,0.17646513946298512,0.05474511513253857,OPYTIMIZER
opy_SSA,-100,204,5,204,MABBOB_204,0.07892020205668167,0.06255678717912191,OPYTIMIZER
opy_DE,-100,421,5,421,MABBOB_421,0.14663158909636667,0.0760100332959931,OPYTIMIZER
opy_DE,-100,390,5,390,MABBOB_390,0.04032008582519957,0.035284781275152645,OPYTIMIZER
opy_AOA,-100,116,5,116,MABBOB_116,0.13509232821358624,0.15884127026918632,OPYTIMIZER
opy_RFO,-100,24,5,24,MABBOB_24,0.14510696524228978,0.15452944708866198,OPYTIMIZER
opy_GCO,-100,862,5,862,MABBOB_862,0.3212358070786704,0.3438986700782113,OPYTIMIZER
opy_AEO,-100,361,5,361,MABBOB_361,0.39086603202531095,0.18941140378822524,OPYTIMIZER
opy_AOA,-100,166,5,166,MABBOB_166,0.27432354869789555,0.18365552043788458,OPYTIMIZER
opy_MVPA,-100,430,5,430,MABBOB_430,0.078006960103804,0.1059163582667754,OPYTIMIZER
opy_GOA,-100,423,5,423,MABBOB_423,0.10654442137824334,0.08121117908200973,OPYTIMIZER
opy_MVPA,-100,575,5,575,MABBOB_575,0.29935384460225534,0.19640028232331022,OPYTIMIZER
opy_EO,-100,520,5,520,MABBOB_520,0.07951327343101544,0.037792619258158626,OPYTIMIZER
opy_QSA,-100,423,5,423,MABBOB_423,0.15961843978066442,0.11753538747705126,OPYTIMIZER
opy_MVPA,-100,950,5,950,MABBOB_950,0.08430501225481456,0.04219537190158091,OPYTIMIZER
opy_ASO,-100,373,5,373,MABBOB_373,0.31986719014214304,0.34100165091799645,OPYTIMIZER
opy_LSA,-100,530,5,530,MABBOB_530,0.04644265332285407,0.07413619108394764,OPYTIMIZER
opy_ASO,-100,558,5,558,MABBOB_558,0.08329358897854407,0.030824033268120703,OPYTIMIZER
opy_QSA,-100,26,5,26,MABBOB_26,0.17850649794478796,0.2005883933917156,OPYTIMIZER
opy_EO,-100,99,5,99,MABBOB_99,0.19818914507833624,0.11698645127697718,OPYTIMIZER
opy_SOS,-100,639,5,639,MABBOB_639,0.12605178312664528,0.049877745790056285,OPYTIMIZER
opy_GCO,-100,113,5,113,MABBOB_113,0.142608887558134,0.112069285095451,OPYTIMIZER
opy_AEO,-100,844,5,844,MABBOB_844,0.11660759296934431,0.0957966211919442,OPYTIMIZER
opy_EO,-100,943,5,943,MABBOB_943,0.2016657066729331,0.06519891100677497,OPYTIMIZER
opy_TWO,-100,147,5,147,MABBOB_147,0.09569284076178844,0.05869574491132249,OPYTIMIZER
opy_LSA,-100,257,5,257,MABBOB_257,0.07870103360155245,0.0391735933161801,OPYTIMIZER
opy_MVPA,-100,844,5,844,MABBOB_844,0.08703758637218599,0.06561554728873195,OPYTIMIZER
opy_COA,-100,482,5,482,MABBOB_482,0.23701652761002676,0.05139994593128932,OPYTIMIZER
opy_LSA,-100,525,5,525,MABBOB_525,0.11339606041031536,0.05115200105739862,OPYTIMIZER
opy_BSA,-100,530,5,530,MABBOB_530,0.18944448416419624,0.35996788350925174,OPYTIMIZER
opy_SAVPSO,-100,950,5,950,MABBOB_950,0.0807182886324872,0.025725280988628123,OPYTIMIZER
opy_GCO,-100,97,5,97,MABBOB_97,0.08195395264821785,0.02204245409908921,OPYTIMIZER
opy_SSA,-100,788,5,788,MABBOB_788,0.10571911375720847,0.09689923222218674,OPYTIMIZER
opy_SOS,-100,8,5,8,MABBOB_8,0.12134139072139187,0.04867716854822865,OPYTIMIZER
opy_AEO,-100,1,5,1,MABBOB_1,0.018952702740847316,0.017329410963401987,OPYTIMIZER
opy_GOA,-100,101,5,101,MABBOB_101,0.05867856824860264,0.059061554455043956,OPYTIMIZER
opy_AOA,-100,62,5,62,MABBOB_62,0.4163989289070339,0.17966943333746344,OPYTIMIZER
opy_GOA,-100,787,5,787,MABBOB_787,0.12036112688890437,0.0721889235081188,OPYTIMIZER
opy_ASO,-100,773,5,773,MABBOB_773,0.448199123140788,0.2902742020425526,OPYTIMIZER
opy_IWO,-100,419,5,419,MABBOB_419,0.2456974188842243,0.1415373560575945,OPYTIMIZER
opy_SSA,-100,491,5,491,MABBOB_491,0.22130361075801597,0.12964435706320546,OPYTIMIZER
opy_AEO,-100,891,5,891,MABBOB_891,0.4605641614297456,0.16097128701132973,OPYTIMIZER
opy_AOA,-100,975,5,975,MABBOB_975,0.2183186871802527,0.17126792790151785,OPYTIMIZER
opy_GA,-100,147,5,147,MABBOB_147,0.12800466264379673,0.0786592651939386,OPYTIMIZER
opy_QSA,-100,350,5,350,MABBOB_350,0.10791438373564148,0.09182862292381254,OPYTIMIZER
opy_CS,-100,170,5,170,MABBOB_170,0.05437967606698606,0.046655319698653344,OPYTIMIZER
opy_CS,-100,746,5,746,MABBOB_746,0.20224431680432406,0.02320374216792681,OPYTIMIZER
opy_GA,-100,275,5,275,MABBOB_275,0.20345546505831877,0.08513965168330842,OPYTIMIZER
opy_BSA,-100,161,5,161,MABBOB_161,0.3530897557972882,0.12528385731095704,OPYTIMIZER
opy_ABC,-100,419,5,419,MABBOB_419,0.21635778271641865,0.1268156628261975,OPYTIMIZER
opy_QSA,-100,525,5,525,MABBOB_525,0.19855189344505167,0.11076844097486126,OPYTIMIZER
opy_IWO,-100,779,5,779,MABBOB_779,0.08228352242840704,0.061635002770514216,OPYTIMIZER
opy_GA,-100,982,5,982,MABBOB_982,0.02065140940784999,0.0064816951777171275,OPYTIMIZER
opy_SAVPSO,-100,691,5,691,MABBOB_691,0.01667995495971012,0.013904976863664147,OPYTIMIZER
opy_QSA,-100,430,5,430,MABBOB_430,0.07293076895382268,0.06625676237899675,OPYTIMIZER
opy_ASO,-100,759,5,759,MABBOB_759,0.45196304106870355,0.12439160402791329,OPYTIMIZER
opy_ABO,-100,680,5,680,MABBOB_680,0.18846225724557866,0.06989168021686412,OPYTIMIZER
opy_SOS,-100,575,5,575,MABBOB_575,0.25167559182646093,0.11697975492200136,OPYTIMIZER
opy_COA,-100,34,5,34,MABBOB_34,0.11264363103037878,0.07314591527154927,OPYTIMIZER
opy_QSA,-100,577,5,577,MABBOB_577,0.18940850840634038,0.09550170394775538,OPYTIMIZER
opy_ABO,-100,870,5,870,MABBOB_870,0.19125729919770473,0.16896499025353862,OPYTIMIZER
opy_SAVPSO,-100,609,5,609,MABBOB_609,0.14407718606972347,0.06287469830454265,OPYTIMIZER
opy_AEO,-100,677,5,677,MABBOB_677,0.19587439481300262,0.04930837095500261,OPYTIMIZER
opy_RFO,-100,772,5,772,MABBOB_772,0.37781601941462206,0.31050033584334036,OPYTIMIZER
opy_SAVPSO,-100,975,5,975,MABBOB_975,0.0885030252859189,0.04954896195911692,OPYTIMIZER
opy_AOA,-100,333,5,333,MABBOB_333,0.07009316034083066,0.09636117370938664,OPYTIMIZER
opy_TWO,-100,629,5,629,MABBOB_629,0.09576951815550816,0.06294867909018265,OPYTIMIZER
opy_WEO,-100,2,5,2,MABBOB_2,0.3815212046244996,0.3127276861184686,OPYTIMIZER
opy_RFO,-100,642,5,642,MABBOB_642,0.06764364414030435,0.04546157338183735,OPYTIMIZER
opy_RPSO,-100,88,5,88,MABBOB_88,0.01685574218262531,0.0028365877519208314,OPYTIMIZER
opy_ABC,-100,464,5,464,MABBOB_464,0.21442680422410887,0.04654657019551623,OPYTIMIZER
opy_SOS,-100,327,5,327,MABBOB_327,0.17054314363216191,0.10515506250559875,OPYTIMIZER
opy_CS,-100,592,5,592,MABBOB_592,0.44335622157293636,0.15552232639620417,OPYTIMIZER
opy_TWO,-100,330,5,330,MABBOB_330,0.19153372792322956,0.1357761611497372,OPYTIMIZER
opy_GA,-100,476,5,476,MABBOB_476,0.4328337296419238,0.1374366486861874,OPYTIMIZER
opy_RFO,-100,964,5,964,MABBOB_964,0.21952453489095358,0.12306536098263739,OPYTIMIZER
opy_MVPA,-100,105,5,105,MABBOB_105,0.1968747897110427,0.11044158600572734,OPYTIMIZER
opy_COA,-100,642,5,642,MABBOB_642,0.08718015221453136,0.056860619860598524,OPYTIMIZER
opy_ASO,-100,779,5,779,MABBOB_779,0.10490727803793456,0.08255831021696597,OPYTIMIZER
opy_IWO,-100,876,5,876,MABBOB_876,0.3228245448922852,0.17304722180314466,OPYTIMIZER
opy_BSA,-100,529,5,529,MABBOB_529,0.16612649069318525,0.07964647200062262,OPYTIMIZER
opy_BSA,-100,34,5,34,MABBOB_34,0.29525334751947757,0.2223551000006775,OPYTIMIZER
opy_COA,-100,360,5,360,MABBOB_360,0.14255556380995282,0.10874573466328598,OPYTIMIZER
opy_GOA,-100,731,5,731,MABBOB_731,0.035022473822432135,0.012316502859709663,OPYTIMIZER
opy_SOS,-100,361,5,361,MABBOB_361,0.37738741282780114,0.17629321588271749,OPYTIMIZER
opy_GOA,-100,740,5,740,MABBOB_740,0.15353357884879032,0.09969224220152262,OPYTIMIZER
opy_WEO,-100,190,5,190,MABBOB_190,0.10375824685042134,0.11267053643339908,OPYTIMIZER
opy_LSA,-100,327,5,327,MABBOB_327,0.15705883359440814,0.08810362355513987,OPYTIMIZER
opy_SAVPSO,-100,349,5,349,MABBOB_349,0.1645297391238345,0.054132995855992364,OPYTIMIZER
opy_SSA,-100,592,5,592,MABBOB_592,0.22827065212361522,0.09400262528815442,OPYTIMIZER
opy_SAVPSO,-100,738,5,738,MABBOB_738,0.20177558925297406,0.2652517565819091,OPYTIMIZER
opy_CS,-100,954,5,954,MABBOB_954,0.14848794101173232,0.21079575398555728,OPYTIMIZER
opy_DE,-100,558,5,558,MABBOB_558,0.15580366305449206,0.11327843195373072,OPYTIMIZER
opy_TWO,-100,739,5,739,MABBOB_739,0.03516987895552146,0.009606742114404473,OPYTIMIZER
opy_WEO,-100,689,5,689,MABBOB_689,0.06375820495484039,0.06726010648046432,OPYTIMIZER
opy_EO,-100,161,5,161,MABBOB_161,0.07684959097088119,0.029881113135654787,OPYTIMIZER
opy_ABO,-100,876,5,876,MABBOB_876,0.24508871970241075,0.18818274982503466,OPYTIMIZER
opy_ASO,-100,523,5,523,MABBOB_523,0.10594414659470622,0.04379135824413493,OPYTIMIZER
opy_ASO,-100,657,5,657,MABBOB_657,0.558312558178506,0.12252142770545674,OPYTIMIZER
opy_TWO,-100,827,5,827,MABBOB_827,0.13963255945252195,0.06435047524766893,OPYTIMIZER
opy_AEO,-100,597,5,597,MABBOB_597,0.2220208174484085,0.1864166408167526,OPYTIMIZER
opy_COA,-100,246,5,246,MABBOB_246,0.13322359918940005,0.13143204540997017,OPYTIMIZER
opy_RRA,-100,525,5,525,MABBOB_525,0.12965110618530828,0.06562781671823704,OPYTIMIZER
opy_SAVPSO,-100,115,5,115,MABBOB_115,0.10317586774475966,0.04181908970507691,OPYTIMIZER
opy_RRA,-100,731,5,731,MABBOB_731,0.0415131885316554,0.015620033412444077,OPYTIMIZER
opy_AOA,-100,350,5,350,MABBOB_350,0.3439944632679687,0.24884321658014716,OPYTIMIZER
opy_IWO,-100,305,5,305,MABBOB_305,0.3511812819226278,0.19729282560406725,OPYTIMIZER
opy_ABO,-100,687,5,687,MABBOB_687,0.4141396185634111,0.24050525703025397,OPYTIMIZER
opy_GCO,-100,176,5,176,MABBOB_176,0.39825738569346253,0.12134530211826275,OPYTIMIZER
opy_MVPA,-100,494,5,494,MABBOB_494,0.04932312168245514,0.05765359151122011,OPYTIMIZER
opy_RFO,-100,371,5,371,MABBOB_371,0.1716447609617067,0.13959903028485782,OPYTIMIZER
opy_LSA,-100,62,5,62,MABBOB_62,0.26175019300362323,0.17124300210467444,OPYTIMIZER
opy_AOA,-100,346,5,346,MABBOB_346,0.21438738221004958,0.21636541095563014,OPYTIMIZER
opy_COA,-100,317,5,317,MABBOB_317,0.16009725816777498,0.11130818370766393,OPYTIMIZER
opy_AOA,-100,40,5,40,MABBOB_40,0.1494636423944447,0.16381168436243487,OPYTIMIZER
opy_ASO,-100,464,5,464,MABBOB_464,0.24692623448326206,0.039974700548106666,OPYTIMIZER
opy_QSA,-100,221,5,221,MABBOB_221,0.25992197643027926,0.24123773296217202,OPYTIMIZER
opy_AOA,-100,113,5,113,MABBOB_113,0.20573434190366902,0.19450780175597754,OPYTIMIZER
opy_RPSO,-100,333,5,333,MABBOB_333,0.027458750823509643,0.01722363684084263,OPYTIMIZER
opy_AOA,-100,531,5,531,MABBOB_531,0.17356330544636744,0.11871891455677991,OPYTIMIZER
opy_RFO,-100,586,5,586,MABBOB_586,0.16353479836067092,0.0897108479884051,OPYTIMIZER
opy_SAVPSO,-100,103,5,103,MABBOB_103,0.05953779179542775,0.021499699824279395,OPYTIMIZER
opy_TWO,-100,759,5,759,MABBOB_759,0.3156478942857103,0.052968638119226835,OPYTIMIZER
opy_RRA,-100,887,5,887,MABBOB_887,0.28503107486380486,0.10014831755388443,OPYTIMIZER
opy_SAVPSO,-100,949,5,949,MABBOB_949,0.08606190715091987,0.057475500652452764,OPYTIMIZER
opy_GOA,-100,107,5,107,MABBOB_107,0.046464376381298286,0.03095956507731174,OPYTIMIZER
opy_AEO,-100,367,5,367,MABBOB_367,0.21209603594599846,0.16131823591673342,OPYTIMIZER
opy_AOA,-100,677,5,677,MABBOB_677,0.41570600803327046,0.19161015662527808,OPYTIMIZER
opy_WEO,-100,657,5,657,MABBOB_657,0.4964111733000037,0.15053360387236828,OPYTIMIZER
opy_CS,-100,787,5,787,MABBOB_787,0.14176302746104935,0.06476718517335744,OPYTIMIZER
opy_SOS,-100,176,5,176,MABBOB_176,0.31028495326141026,0.14295535060019401,OPYTIMIZER
opy_ABO,-100,317,5,317,MABBOB_317,0.14963265006739215,0.09097100147680849,OPYTIMIZER
opy_RFO,-100,779,5,779,MABBOB_779,0.07001863865944026,0.06417240812921222,OPYTIMIZER
opy_BSA,-100,671,5,671,MABBOB_671,0.3391972261002388,0.22915239229810824,OPYTIMIZER
opy_ABC,-100,349,5,349,MABBOB_349,0.2873823236890659,0.0604533298199348,OPYTIMIZER
opy_BSA,-100,44,5,44,MABBOB_44,0.16764103913850165,0.1342362459947089,OPYTIMIZER
opy_CS,-100,877,5,877,MABBOB_877,0.23792660899858947,0.11993087085941595,OPYTIMIZER
opy_GCO,-100,876,5,876,MABBOB_876,0.2833383249948901,0.1599897376291669,OPYTIMIZER
opy_DE,-100,346,5,346,MABBOB_346,0.04756070998027487,0.040691449290504486,OPYTIMIZER
opy_LSA,-100,105,5,105,MABBOB_105,0.16438203525780234,0.08857547883709592,OPYTIMIZER
opy_TWO,-100,525,5,525,MABBOB_525,0.10626268010241682,0.04067016724727003,OPYTIMIZER
opy_LSA,-100,566,5,566,MABBOB_566,0.1402586521197367,0.031120414738124644,OPYTIMIZER
opy_AOA,-100,848,5,848,MABBOB_848,0.38110762083726524,0.185125102813176,OPYTIMIZER
opy_SSA,-100,991,5,991,MABBOB_991,0.12879149681903831,0.07179043748188967,OPYTIMIZER
opy_GA,-100,284,5,284,MABBOB_284,0.14781559371184355,0.14171032461016025,OPYTIMIZER
opy_AOA,-100,208,5,208,MABBOB_208,0.1421112868346221,0.10514681763006853,OPYTIMIZER
opy_RRA,-100,407,5,407,MABBOB_407,0.17631941942826312,0.108875503072394,OPYTIMIZER
opy_IWO,-100,862,5,862,MABBOB_862,0.35919166473949615,0.3299032636987889,OPYTIMIZER
opy_ASO,-100,264,5,264,MABBOB_264,0.2350417759495982,0.13377349344225206,OPYTIMIZER
opy_EO,-100,405,5,405,MABBOB_405,0.10146970792652761,0.05479486134400016,OPYTIMIZER
opy_AOA,-100,37,5,37,MABBOB_37,0.31580391432038396,0.2061068022850988,OPYTIMIZER
opy_RFO,-100,348,5,348,MABBOB_348,0.03007428539542259,0.01232596420567822,OPYTIMIZER
opy_COA,-100,876,5,876,MABBOB_876,0.1724285241472431,0.0779710039815349,OPYTIMIZER
opy_AEO,-100,919,5,919,MABBOB_919,0.3220922630010721,0.17666222150141453,OPYTIMIZER
opy_RPSO,-100,317,5,317,MABBOB_317,0.08893863807272792,0.06518253397946794,OPYTIMIZER
opy_AOA,-100,449,5,449,MABBOB_449,0.022364642617417108,0.011415807555968207,OPYTIMIZER
opy_AEO,-100,424,5,424,MABBOB_424,0.12825875159709835,0.07981930727579069,OPYTIMIZER
opy_AEO,-100,569,5,569,MABBOB_569,0.13281141429797816,0.06081828970840682,OPYTIMIZER
opy_IWO,-100,413,5,413,MABBOB_413,0.27175472366953474,0.2235048063101384,OPYTIMIZER
opy_GCO,-100,411,5,411,MABBOB_411,0.08954399297306234,0.09437710827590652,OPYTIMIZER
opy_RPSO,-100,335,5,335,MABBOB_335,0.04203153315830351,0.03253058953743626,OPYTIMIZER
opy_ASO,-100,597,5,597,MABBOB_597,0.2966202529306946,0.1895734343956391,OPYTIMIZER
opy_ABO,-100,575,5,575,MABBOB_575,0.5067108274656521,0.2537969780544846,OPYTIMIZER
opy_IWO,-100,37,5,37,MABBOB_37,0.3961575317258772,0.1656519979280469,OPYTIMIZER
opy_SAVPSO,-100,538,5,538,MABBOB_538,0.10846910391761141,0.02816667278525619,OPYTIMIZER
opy_GOA,-100,275,5,275,MABBOB_275,0.19397275422398566,0.09199362352038619,OPYTIMIZER
opy_ABC,-100,67,5,67,MABBOB_67,0.14705787593985334,0.10069877807060452,OPYTIMIZER
opy_RRA,-100,691,5,691,MABBOB_691,0.016818151693388822,0.0136832445772676,OPYTIMIZER
opy_GOA,-100,177,5,177,MABBOB_177,0.106639086642262,0.11036377695778171,OPYTIMIZER
opy_AOA,-100,411,5,411,MABBOB_411,0.06462299282982217,0.06436770246446717,OPYTIMIZER
opy_AEO,-100,113,5,113,MABBOB_113,0.13895262773645917,0.11651387170961205,OPYTIMIZER
opy_LSA,-100,371,5,371,MABBOB_371,0.14986308151982458,0.0947245740386279,OPYTIMIZER
opy_RFO,-100,451,5,451,MABBOB_451,0.024743880648923994,0.01744868284774694,OPYTIMIZER
opy_AEO,-100,756,5,756,MABBOB_756,0.31881241329354554,0.26526724617220304,OPYTIMIZER
opy_CS,-100,646,5,646,MABBOB_646,0.19895638580129432,0.14079129296563328,OPYTIMIZER
opy_GOA,-100,33,5,33,MABBOB_33,0.15616105662341678,0.12613661786694547,OPYTIMIZER
opy_QSA,-100,772,5,772,MABBOB_772,0.41950032783078883,0.2944690917244435,OPYTIMIZER
opy_RRA,-100,844,5,844,MABBOB_844,0.10884288789774652,0.07672055468069199,OPYTIMIZER
opy_AEO,-100,688,5,688,MABBOB_688,0.1388236249752996,0.09861796063725432,OPYTIMIZER
opy_QSA,-100,955,5,955,MABBOB_955,0.04932309794443074,0.02938933021135486,OPYTIMIZER
opy_SOS,-100,259,5,259,MABBOB_259,0.05084365649619941,0.027940636501102692,OPYTIMIZER
opy_EO,-100,208,5,208,MABBOB_208,0.08875021079808204,0.06189323403513323,OPYTIMIZER
opy_EO,-100,980,5,980,MABBOB_980,0.1142398032272917,0.06396629192734406,OPYTIMIZER
opy_AOA,-100,687,5,687,MABBOB_687,0.4291858585447187,0.280021139346248,OPYTIMIZER
opy_TWO,-100,642,5,642,MABBOB_642,0.06828221780533257,0.04730354716834329,OPYTIMIZER
opy_ABO,-100,105,5,105,MABBOB_105,0.34697778831289816,0.18141095428749507,OPYTIMIZER
opy_BSA,-100,766,5,766,MABBOB_766,0.17238672246765713,0.0827090525164065,OPYTIMIZER
opy_AEO,-100,404,5,404,MABBOB_404,0.039507045513335545,0.020224272604946667,OPYTIMIZER
opy_SSA,-100,62,5,62,MABBOB_62,0.3392085845825355,0.1374416937237444,OPYTIMIZER
opy_EO,-100,657,5,657,MABBOB_657,0.2702304148409477,0.04015519538261031,OPYTIMIZER
opy_SAVPSO,-100,33,5,33,MABBOB_33,0.12887884512634643,0.096799772095939,OPYTIMIZER
opy_SOS,-100,740,5,740,MABBOB_740,0.14435120701427417,0.09017276594537345,OPYTIMIZER
opy_AEO,-100,51,5,51,MABBOB_51,0.05266596956613815,0.042071087477425995,OPYTIMIZER
opy_LSA,-100,508,5,508,MABBOB_508,0.0826351035890925,0.0579155359850948,OPYTIMIZER
opy_DE,-100,677,5,677,MABBOB_677,0.19567528913927207,0.08882025810768591,OPYTIMIZER
opy_ASO,-100,508,5,508,MABBOB_508,0.19672562010237066,0.17522343295474344,OPYTIMIZER
opy_EO,-100,680,5,680,MABBOB_680,0.05789546705420321,0.0262453309175963,OPYTIMIZER
opy_SSA,-100,772,5,772,MABBOB_772,0.3933981274620618,0.2981552121426307,OPYTIMIZER
opy_LSA,-100,217,5,217,MABBOB_217,0.1622078542243667,0.0856697264191532,OPYTIMIZER
opy_GA,-100,812,5,812,MABBOB_812,0.08135806448889242,0.02560007868798787,OPYTIMIZER
opy_GCO,-100,404,5,404,MABBOB_404,0.05379108242172605,0.04197531979449497,OPYTIMIZER
opy_QSA,-100,6,5,6,MABBOB_6,0.18234394392033965,0.030683555039814348,OPYTIMIZER
opy_LSA,-100,991,5,991,MABBOB_991,0.040371790851645516,0.03269887326532231,OPYTIMIZER
opy_DE,-100,566,5,566,MABBOB_566,0.2538629445876285,0.07797326647372545,OPYTIMIZER
opy_ASO,-100,877,5,877,MABBOB_877,0.33164133563947246,0.16129410671986416,OPYTIMIZER
opy_MVPA,-100,525,5,525,MABBOB_525,0.08383095555844312,0.033547875311788426,OPYTIMIZER
opy_WEO,-100,680,5,680,MABBOB_680,0.2548265136224201,0.09032685862819793,OPYTIMIZER
opy_EO,-100,950,5,950,MABBOB_950,0.09556769104735399,0.052010151653588535,OPYTIMIZER
opy_TWO,-100,876,5,876,MABBOB_876,0.08785447455482502,0.06427891582080136,OPYTIMIZER
opy_GOA,-100,220,5,220,MABBOB_220,0.3598669624440305,0.1389265748922637,OPYTIMIZER
opy_AEO,-100,950,5,950,MABBOB_950,0.13163682037182375,0.0780271752164374,OPYTIMIZER
opy_TWO,-100,15,5,15,MABBOB_15,0.09620501023310672,0.09508670671918673,OPYTIMIZER
opy_ABO,-100,333,5,333,MABBOB_333,0.03386226301001834,0.02360729199414132,OPYTIMIZER
opy_SOS,-100,836,5,836,MABBOB_836,0.23062485537028654,0.15951249955196817,OPYTIMIZER
opy_GCO,-100,329,5,329,MABBOB_329,0.19538363445861587,0.20526245840357873,OPYTIMIZER
opy_GCO,-100,759,5,759,MABBOB_759,0.4096711883001662,0.10283438002566395,OPYTIMIZER
opy_CS,-100,617,5,617,MABBOB_617,0.18312783481686798,0.13264991282497118,OPYTIMIZER
opy_LSA,-100,918,5,918,MABBOB_918,0.23698008244919772,0.0951795867458761,OPYTIMIZER
opy_GOA,-100,773,5,773,MABBOB_773,0.32794456958729484,0.13659370238770643,OPYTIMIZER
opy_COA,-100,248,5,248,MABBOB_248,0.10409393584252988,0.16578858554536552,OPYTIMIZER
opy_ABO,-100,852,5,852,MABBOB_852,0.10497791550499833,0.06427205966418095,OPYTIMIZER
opy_QSA,-100,456,5,456,MABBOB_456,0.018741061708434738,0.007570475852632684,OPYTIMIZER
opy_RFO,-100,609,5,609,MABBOB_609,0.1765351903657741,0.08490442898584533,OPYTIMIZER
opy_RFO,-100,741,5,741,MABBOB_741,0.06948050209555609,0.05531285550430088,OPYTIMIZER
opy_RPSO,-100,445,5,445,MABBOB_445,0.07589661512289156,0.016492602371381445,OPYTIMIZER
opy_RFO,-100,445,5,445,MABBOB_445,0.07391364812392381,0.021494608066527646,OPYTIMIZER
opy_ABC,-100,759,5,759,MABBOB_759,0.34861799829716467,0.05614254228449058,OPYTIMIZER
opy_CS,-100,221,5,221,MABBOB_221,0.29936185919990793,0.2443784011043276,OPYTIMIZER
opy_RRA,-100,99,5,99,MABBOB_99,0.2685852491034324,0.17356431961367755,OPYTIMIZER
opy_ASO,-100,207,5,207,MABBOB_207,0.4982936560147248,0.15541050599468545,OPYTIMIZER
opy_IWO,-100,975,5,975,MABBOB_975,0.23483986242194646,0.14866269827674172,OPYTIMIZER
opy_GA,-100,662,5,662,MABBOB_662,0.172163075731199,0.12824879935340844,OPYTIMIZER
opy_IWO,-100,739,5,739,MABBOB_739,0.0599227756146681,0.022714962128260272,OPYTIMIZER
opy_GOA,-100,492,5,492,MABBOB_492,0.049396051969831656,0.041026767419819206,OPYTIMIZER
opy_TWO,-100,700,5,700,MABBOB_700,0.0555842632681622,0.036384746862251745,OPYTIMIZER
opy_SAVPSO,-100,177,5,177,MABBOB_177,0.05422373193182484,0.03832264825358628,OPYTIMIZER
opy_BSA,-100,61,5,61,MABBOB_61,0.33638754658543657,0.13639395622142736,OPYTIMIZER
opy_BSA,-100,212,5,212,MABBOB_212,0.20671285158997774,0.19211262191329231,OPYTIMIZER
opy_RRA,-100,248,5,248,MABBOB_248,0.07900868333776515,0.11847024222744429,OPYTIMIZER
opy_CS,-100,113,5,113,MABBOB_113,0.15202022743112545,0.13526999075830493,OPYTIMIZER
opy_DE,-100,830,5,830,MABBOB_830,0.23361743398456883,0.17789366829512648,OPYTIMIZER
opy_ABO,-100,523,5,523,MABBOB_523,0.07822365498777809,0.030079521143522067,OPYTIMIZER
opy_ASO,-100,114,5,114,MABBOB_114,0.48991864539218904,0.24215915912394423,OPYTIMIZER
opy_ABO,-100,161,5,161,MABBOB_161,0.2061675072930748,0.123717381903004,OPYTIMIZER
opy_ABC,-100,182,5,182,MABBOB_182,0.22506233833019246,0.09616448710952841,OPYTIMIZER
opy_BSA,-100,26,5,26,MABBOB_26,0.33240185163050406,0.39495528409012814,OPYTIMIZER
opy_AOA,-100,8,5,8,MABBOB_8,0.21519055850999486,0.11581467325286281,OPYTIMIZER
opy_ASO,-100,449,5,449,MABBOB_449,0.02532459220382554,0.01381386964256468,OPYTIMIZER
opy_EO,-100,264,5,264,MABBOB_264,0.07230397668240038,0.02721524815817677,OPYTIMIZER
opy_RRA,-100,680,5,680,MABBOB_680,0.11073943533952127,0.06935740563939906,OPYTIMIZER
opy_CS,-100,606,5,606,MABBOB_606,0.28854738283216685,0.11073476127898566,OPYTIMIZER
opy_RFO,-100,456,5,456,MABBOB_456,0.01575944472848996,0.007111752967456985,OPYTIMIZER
opy_WEO,-100,221,5,221,MABBOB_221,0.3894006462702609,0.32055348791013044,OPYTIMIZER
opy_CS,-100,950,5,950,MABBOB_950,0.18459229204224964,0.09943125688527729,OPYTIMIZER
opy_LSA,-100,887,5,887,MABBOB_887,0.21854332074550506,0.09026680390055777,OPYTIMIZER
opy_ABO,-100,464,5,464,MABBOB_464,0.24443613263306108,0.06133004126111234,OPYTIMIZER
opy_TWO,-100,461,5,461,MABBOB_461,0.04575277415522644,0.03252647883819833,OPYTIMIZER
opy_BSA,-100,713,5,713,MABBOB_713,0.25414318989705376,0.19062147432568044,OPYTIMIZER
opy_TWO,-100,407,5,407,MABBOB_407,0.12410118729264959,0.06512085185552904,OPYTIMIZER
opy_EO,-100,569,5,569,MABBOB_569,0.09079382060255908,0.019879695823597898,OPYTIMIZER
opy_WEO,-100,609,5,609,MABBOB_609,0.25119086710615407,0.11846384190779162,OPYTIMIZER
opy_COA,-100,699,5,699,MABBOB_699,0.18432608853792892,0.10703915317155187,OPYTIMIZER
opy_SAVPSO,-100,147,5,147,MABBOB_147,0.08330434505708632,0.05340189483033253,OPYTIMIZER
opy_ASO,-100,852,5,852,MABBOB_852,0.1192861994833434,0.07753002157898778,OPYTIMIZER
opy_TWO,-100,333,5,333,MABBOB_333,0.02881277037123483,0.018815368950272717,OPYTIMIZER
opy_SOS,-100,695,5,695,MABBOB_695,0.04821026344926961,0.026582028802057633,OPYTIMIZER
opy_WEO,-100,700,5,700,MABBOB_700,0.1822342811370511,0.13115452268346534,OPYTIMIZER
opy_MVPA,-100,464,5,464,MABBOB_464,0.11866973991646693,0.025433682915863575,OPYTIMIZER
opy_ABO,-100,855,5,855,MABBOB_855,0.16947505687938802,0.13141284506537418,OPYTIMIZER
opy_ABO,-100,440,5,440,MABBOB_440,0.04914672005788493,0.039947239344143376,OPYTIMIZER
opy_SSA,-100,248,5,248,MABBOB_248,0.12434718809492737,0.20115862651667388,OPYTIMIZER
opy_COA,-100,166,5,166,MABBOB_166,0.2403555981463364,0.1682047990344041,OPYTIMIZER
opy_AOA,-100,727,5,727,MABBOB_727,0.18404867520160634,0.27434188064057213,OPYTIMIZER
opy_EO,-100,15,5,15,MABBOB_15,0.104262867700516,0.11204959092277642,OPYTIMIZER
opy_RFO,-100,430,5,430,MABBOB_430,0.07592783367609177,0.06114918161579684,OPYTIMIZER
opy_RRA,-100,371,5,371,MABBOB_371,0.16820515197873961,0.1132742145540873,OPYTIMIZER
opy_ABC,-100,766,5,766,MABBOB_766,0.11642426163667034,0.1250510784109211,OPYTIMIZER
opy_TWO,-100,530,5,530,MABBOB_530,0.04264820799593979,0.06655531039756148,OPYTIMIZER
opy_LSA,-100,848,5,848,MABBOB_848,0.3909485359308075,0.22343636233998443,OPYTIMIZER
opy_LSA,-100,901,5,901,MABBOB_901,0.12625406819709503,0.10057719303453405,OPYTIMIZER
opy_AOA,-100,558,5,558,MABBOB_558,0.3651246393380049,0.2720692011280102,OPYTIMIZER
opy_AEO,-100,73,5,73,MABBOB_73,0.1992975698640191,0.08227283768211481,OPYTIMIZER
opy_AEO,-100,486,5,486,MABBOB_486,0.08809600595841188,0.012107894806257846,OPYTIMIZER
opy_IWO,-100,270,5,270,MABBOB_270,0.4621075831399148,0.29040234933658754,OPYTIMIZER
opy_EO,-100,747,5,747,MABBOB_747,0.06222158095638897,0.04894951904147316,OPYTIMIZER
opy_TWO,-100,520,5,520,MABBOB_520,0.10988992239716193,0.07548588223573803,OPYTIMIZER
opy_IWO,-100,221,5,221,MABBOB_221,0.4050172987130528,0.3392928080697623,OPYTIMIZER
opy_ABC,-100,177,5,177,MABBOB_177,0.09669828027215847,0.09507386068663266,OPYTIMIZER
opy_SSA,-100,259,5,259,MABBOB_259,0.12347144664960552,0.09865989371143832,OPYTIMIZER
opy_ASO,-100,782,5,782,MABBOB_782,0.18703552989107813,0.110794239856982,OPYTIMIZER
opy_RRA,-100,855,5,855,MABBOB_855,0.09904993209335891,0.09136884323860353,OPYTIMIZER
opy_ABO,-100,558,5,558,MABBOB_558,0.3097833559450799,0.20647095982509414,OPYTIMIZER
opy_GA,-100,344,5,344,MABBOB_344,0.12102927135134282,0.03623506541215176,OPYTIMIZER
opy_GOA,-100,508,5,508,MABBOB_508,0.08102421443415621,0.061008716353098943,OPYTIMIZER
opy_GA,-100,221,5,221,MABBOB_221,0.20531295293460022,0.15803065536872507,OPYTIMIZER
opy_CS,-100,556,5,556,MABBOB_556,0.051605089911358926,0.010863698117592597,OPYTIMIZER
opy_AEO,-100,62,5,62,MABBOB_62,0.33592449474329017,0.12482893900035463,OPYTIMIZER
opy_AOA,-100,307,5,307,MABBOB_307,0.15182322378435342,0.1529561046900863,OPYTIMIZER
opy_SAVPSO,-100,530,5,530,MABBOB_530,0.03505329951749562,0.05139907980708604,OPYTIMIZER
opy_EO,-100,163,5,163,MABBOB_163,0.015563382029198955,0.006476664784195971,OPYTIMIZER
opy_AEO,-100,405,5,405,MABBOB_405,0.13882164485381826,0.06495615012773676,OPYTIMIZER
opy_AEO,-100,542,5,542,MABBOB_542,0.09942932507861017,0.12487438322593572,OPYTIMIZER
opy_BSA,-100,764,5,764,MABBOB_764,0.12654877402115056,0.12315096000990723,OPYTIMIZER
opy_LSA,-100,975,5,975,MABBOB_975,0.11176407805877542,0.09415749364878437,OPYTIMIZER
opy_RRA,-100,61,5,61,MABBOB_61,0.16194384598435493,0.032890592901302904,OPYTIMIZER
opy_RRA,-100,161,5,161,MABBOB_161,0.15044157878989264,0.10835095089419276,OPYTIMIZER
opy_ASO,-100,26,5,26,MABBOB_26,0.4162815805492611,0.47689251441524083,OPYTIMIZER
opy_RFO,-100,565,5,565,MABBOB_565,0.10119501278364691,0.06485594377931936,OPYTIMIZER
opy_SSA,-100,359,5,359,MABBOB_359,0.33301923257497135,0.06654797487738356,OPYTIMIZER
opy_SSA,-100,918,5,918,MABBOB_918,0.2070895028389536,0.04842064301376813,OPYTIMIZER
opy_RPSO,-100,764,5,764,MABBOB_764,0.03268118601226104,0.022348200973484996,OPYTIMIZER
opy_TWO,-100,115,5,115,MABBOB_115,0.12585970927900947,0.058116118816071725,OPYTIMIZER
opy_COA,-100,181,5,181,MABBOB_181,0.05816697893941525,0.05137330860131335,OPYTIMIZER
opy_QSA,-100,418,5,418,MABBOB_418,0.20147446869654057,0.2202702393316974,OPYTIMIZER
opy_SSA,-100,727,5,727,MABBOB_727,0.13951610516015997,0.20224432226160702,OPYTIMIZER
opy_DE,-100,525,5,525,MABBOB_525,0.17426228228223004,0.10066580004966766,OPYTIMIZER
opy_BSA,-100,144,5,144,MABBOB_144,0.22796610665044384,0.24932646187902321,OPYTIMIZER
opy_MVPA,-100,123,5,123,MABBOB_123,0.1058213206346389,0.11329426973225452,OPYTIMIZER
opy_QSA,-100,918,5,918,MABBOB_918,0.2549540042357809,0.04752996306289687,OPYTIMIZER
opy_GOA,-100,215,5,215,MABBOB_215,0.1703257495610352,0.10618136957053942,OPYTIMIZER
opy_SOS,-100,149,5,149,MABBOB_149,0.13859251579632154,0.06041423334592623,OPYTIMIZER
opy_GA,-100,259,5,259,MABBOB_259,0.12658114165151307,0.08071768463065436,OPYTIMIZER
opy_SOS,-100,405,5,405,MABBOB_405,0.11188850942285193,0.04815478666295813,OPYTIMIZER
opy_GOA,-100,461,5,461,MABBOB_461,0.043856851354835705,0.03292176449097975,OPYTIMIZER
opy_RPSO,-100,848,5,848,MABBOB_848,0.39588498899700475,0.23789638157046133,OPYTIMIZER
opy_TWO,-100,270,5,270,MABBOB_270,0.1941925280923355,0.12085705080956537,OPYTIMIZER
opy_GOA,-100,424,5,424,MABBOB_424,0.10422812960702213,0.07084746827168205,OPYTIMIZER
opy_CS,-100,6,5,6,MABBOB_6,0.17852116622661257,0.06694662207791813,OPYTIMIZER
opy_RPSO,-100,361,5,361,MABBOB_361,0.31005219880101087,0.07513286019087473,OPYTIMIZER
opy_QSA,-100,646,5,646,MABBOB_646,0.17596425609996993,0.13637639195075008,OPYTIMIZER
opy_GCO,-100,738,5,738,MABBOB_738,0.2729368870601333,0.3676195142959192,OPYTIMIZER
opy_DE,-100,419,5,419,MABBOB_419,0.24580863140654713,0.14340267550312435,OPYTIMIZER
opy_EO,-100,738,5,738,MABBOB_738,0.20541872396511418,0.3184731418903149,OPYTIMIZER
opy_WEO,-100,747,5,747,MABBOB_747,0.21900399158518224,0.1764576946518733,OPYTIMIZER
opy_ASO,-100,919,5,919,MABBOB_919,0.4451596056925319,0.23875623492614292,OPYTIMIZER
opy_SSA,-100,766,5,766,MABBOB_766,0.16153106258062097,0.11951499028254184,OPYTIMIZER
opy_GCO,-100,15,5,15,MABBOB_15,0.18783411124782073,0.19889883572726788,OPYTIMIZER
opy_RPSO,-100,188,5,188,MABBOB_188,0.0586922374889403,0.039044943795417265,OPYTIMIZER
opy_ABC,-100,423,5,423,MABBOB_423,0.237579483204822,0.1946946338566984,OPYTIMIZER
opy_ASO,-100,101,5,101,MABBOB_101,0.1261568972621327,0.07177531845583617,OPYTIMIZER
opy_GCO,-100,476,5,476,MABBOB_476,0.6071494619231395,0.15239799615425986,OPYTIMIZER
opy_CS,-100,243,5,243,MABBOB_243,0.022932037424975328,0.014656247105550196,OPYTIMIZER
opy_ABO,-100,695,5,695,MABBOB_695,0.09521669680495812,0.04075637657309661,OPYTIMIZER
opy_ABC,-100,943,5,943,MABBOB_943,0.331096301449595,0.1271993361621663,OPYTIMIZER
opy_DE,-100,629,5,629,MABBOB_629,0.2746640841184246,0.19770901045060205,OPYTIMIZER
opy_IWO,-100,166,5,166,MABBOB_166,0.3202683792792158,0.21960785567545402,OPYTIMIZER
opy_GCO,-100,6,5,6,MABBOB_6,0.21059163615070542,0.04308942726391064,OPYTIMIZER
opy_SAVPSO,-100,955,5,955,MABBOB_955,0.06667913135528862,0.053119050759711385,OPYTIMIZER
opy_CS,-100,24,5,24,MABBOB_24,0.15848466596134947,0.1395633348805108,OPYTIMIZER
opy_RRA,-100,618,5,618,MABBOB_618,0.16337784368814984,0.07391201794999677,OPYTIMIZER
opy_QSA,-100,877,5,877,MABBOB_877,0.19396046523173763,0.12266840513276595,OPYTIMIZER
opy_SOS,-100,359,5,359,MABBOB_359,0.2872658026729818,0.05674905122566899,OPYTIMIZER
opy_RRA,-100,348,5,348,MABBOB_348,0.04346289619870435,0.030279413596981376,OPYTIMIZER
opy_DE,-100,407,5,407,MABBOB_407,0.2903218844850023,0.15187142037802873,OPYTIMIZER
opy_RPSO,-100,217,5,217,MABBOB_217,0.13684921256077037,0.08750884023315429,OPYTIMIZER
opy_SSA,-100,74,5,74,MABBOB_74,0.032308144711835754,0.016687237548802653,OPYTIMIZER
opy_CS,-100,991,5,991,MABBOB_991,0.07174711756718341,0.05410693723051794,OPYTIMIZER
opy_QSA,-100,400,5,400,MABBOB_400,0.5281261004600009,0.07239061992112936,OPYTIMIZER
opy_ABC,-100,810,5,810,MABBOB_810,0.11835309680317876,0.12399329932636241,OPYTIMIZER
opy_SSA,-100,763,5,763,MABBOB_763,0.14804218913936554,0.22770340517328638,OPYTIMIZER
opy_GOA,-100,577,5,577,MABBOB_577,0.13368986433429472,0.07191760158820289,OPYTIMIZER
opy_ABO,-100,709,5,709,MABBOB_709,0.23442448966495558,0.10453540995206363,OPYTIMIZER
opy_MVPA,-100,208,5,208,MABBOB_208,0.09024550811823835,0.060474724027299843,OPYTIMIZER
opy_RPSO,-100,44,5,44,MABBOB_44,0.046778537520600155,0.025199310043734807,OPYTIMIZER
opy_EO,-100,879,5,879,MABBOB_879,0.1056868531816045,0.18364754505395048,OPYTIMIZER
opy_ABO,-100,162,5,162,MABBOB_162,0.12564415244901592,0.0347894086526504,OPYTIMIZER
opy_RFO,-100,476,5,476,MABBOB_476,0.368373897721069,0.09340704229564116,OPYTIMIZER
opy_GA,-100,975,5,975,MABBOB_975,0.09638776322783327,0.06218744163875875,OPYTIMIZER
opy_COA,-100,44,5,44,MABBOB_44,0.08770259582237891,0.051434203488054865,OPYTIMIZER
opy_GCO,-100,101,5,101,MABBOB_101,0.09536899358105089,0.06153796187564511,OPYTIMIZER
opy_ASO,-100,695,5,695,MABBOB_695,0.11874578686528345,0.044872368021034933,OPYTIMIZER
opy_WEO,-100,918,5,918,MABBOB_918,0.33788968391754903,0.09312995578750377,OPYTIMIZER
opy_QSA,-100,680,5,680,MABBOB_680,0.14337148882662804,0.061039331593743924,OPYTIMIZER
opy_RPSO,-100,405,5,405,MABBOB_405,0.09376942878399695,0.056484749307231324,OPYTIMIZER
opy_TWO,-100,176,5,176,MABBOB_176,0.270235656993629,0.09370450399610526,OPYTIMIZER
opy_TWO,-100,769,5,769,MABBOB_769,0.13835121821572893,0.13170973989823948,OPYTIMIZER
opy_RRA,-100,284,5,284,MABBOB_284,0.1637952337001623,0.11332618424321865,OPYTIMIZER
opy_DE,-100,182,5,182,MABBOB_182,0.15932099071648498,0.07783757880441669,OPYTIMIZER
opy_IWO,-100,44,5,44,MABBOB_44,0.1331540541634078,0.09747440248733277,OPYTIMIZER
opy_RPSO,-100,707,5,707,MABBOB_707,0.2150599074121525,0.17201594505331716,OPYTIMIZER
opy_ABC,-100,769,5,769,MABBOB_769,0.15913364124519427,0.15469265524244555,OPYTIMIZER
opy_AEO,-100,556,5,556,MABBOB_556,0.05185853328096399,0.013164013548926351,OPYTIMIZER
opy_LSA,-100,113,5,113,MABBOB_113,0.08758620909296827,0.08273478425019457,OPYTIMIZER
opy_RFO,-100,203,5,203,MABBOB_203,0.12809782532425412,0.11874660059783784,OPYTIMIZER
opy_AEO,-100,192,5,192,MABBOB_192,0.08043204774032192,0.07171555165868147,OPYTIMIZER
opy_MVPA,-100,812,5,812,MABBOB_812,0.04837709250243164,0.02445350400008373,OPYTIMIZER
opy_ABO,-100,388,5,388,MABBOB_388,0.14904091628343735,0.09585104641270664,OPYTIMIZER
opy_GCO,-100,461,5,461,MABBOB_461,0.08959763625949833,0.038359857883468344,OPYTIMIZER
opy_BSA,-100,811,5,811,MABBOB_811,0.13250152632360215,0.08827122249313242,OPYTIMIZER
opy_RRA,-100,388,5,388,MABBOB_388,0.093002177399844,0.06142817126137909,OPYTIMIZER
opy_SOS,-100,204,5,204,MABBOB_204,0.05748345323989781,0.07307769276022431,OPYTIMIZER
opy_SOS,-100,798,5,798,MABBOB_798,0.28421207527571113,0.09771097271412747,OPYTIMIZER
opy_EO,-100,329,5,329,MABBOB_329,0.08261314681055883,0.07793050982030116,OPYTIMIZER
opy_RFO,-100,329,5,329,MABBOB_329,0.13271224654785546,0.11704288737290197,OPYTIMIZER
opy_EO,-100,639,5,639,MABBOB_639,0.10169954349916739,0.048870909867910275,OPYTIMIZER
opy_TWO,-100,74,5,74,MABBOB_74,0.02568266930733809,0.014109453956422529,OPYTIMIZER
opy_AEO,-100,88,5,88,MABBOB_88,0.023127511924291702,0.005104995670709897,OPYTIMIZER
opy_GCO,-100,783,5,783,MABBOB_783,0.18595883989214912,0.14989859436502692,OPYTIMIZER
opy_SOS,-100,284,5,284,MABBOB_284,0.14699740310679224,0.09984616487449516,OPYTIMIZER
opy_ABO,-100,556,5,556,MABBOB_556,0.06296741068787341,0.023039536052954095,OPYTIMIZER
opy_ASO,-100,502,5,502,MABBOB_502,0.15462107460335334,0.08748414040353443,OPYTIMIZER
opy_TWO,-100,617,5,617,MABBOB_617,0.13389838859781208,0.10692815873284167,OPYTIMIZER
opy_GOA,-100,955,5,955,MABBOB_955,0.05312052604580144,0.02637951973703039,OPYTIMIZER
opy_DE,-100,348,5,348,MABBOB_348,0.03290056998774065,0.013889197774852053,OPYTIMIZER
opy_DE,-100,531,5,531,MABBOB_531,0.2163190994932779,0.11580631979183624,OPYTIMIZER
opy_IWO,-100,275,5,275,MABBOB_275,0.37003492414896233,0.17147043819306593,OPYTIMIZER
opy_COA,-100,997,5,997,MABBOB_997,0.1267689447619662,0.12024825756332296,OPYTIMIZER
opy_ASO,-100,118,5,118,MABBOB_118,0.1856758983516062,0.24716648413305164,OPYTIMIZER
opy_QSA,-100,8,5,8,MABBOB_8,0.1642626364530082,0.08150210230284563,OPYTIMIZER
opy_SOS,-100,558,5,558,MABBOB_558,0.11684047767781754,0.10052269771314867,OPYTIMIZER
opy_ASO,-100,257,5,257,MABBOB_257,0.22919156957041134,0.24579759285727157,OPYTIMIZER
opy_GOA,-100,769,5,769,MABBOB_769,0.17494952285586846,0.17127478193169715,OPYTIMIZER
opy_BSA,-100,327,5,327,MABBOB_327,0.35488704365842716,0.1821326116712428,OPYTIMIZER
opy_AEO,-100,44,5,44,MABBOB_44,0.10086943672766888,0.08687438988013915,OPYTIMIZER
opy_CS,-100,764,5,764,MABBOB_764,0.08217754644517486,0.07925416201096439,OPYTIMIZER
opy_ASO,-100,182,5,182,MABBOB_182,0.25866386196735325,0.0765763611771363,OPYTIMIZER
opy_WEO,-100,388,5,388,MABBOB_388,0.21319759665880902,0.16211312438452227,OPYTIMIZER
opy_RPSO,-100,891,5,891,MABBOB_891,0.20414622299151106,0.1068664227482601,OPYTIMIZER
opy_ABO,-100,116,5,116,MABBOB_116,0.09579639799410883,0.09018491581677558,OPYTIMIZER
opy_EO,-100,361,5,361,MABBOB_361,0.2704281020469786,0.11218039094660485,OPYTIMIZER
opy_MVPA,-100,264,5,264,MABBOB_264,0.07418236004134214,0.029002247059051602,OPYTIMIZER
opy_AOA,-100,949,5,949,MABBOB_949,0.27915717063575396,0.1763430862496818,OPYTIMIZER
opy_GCO,-100,955,5,955,MABBOB_955,0.07354224110112725,0.03870415366330485,OPYTIMIZER
opy_RPSO,-100,144,5,144,MABBOB_144,0.12531790189817466,0.17683350097342815,OPYTIMIZER
opy_ASO,-100,714,5,714,MABBOB_714,0.21570972944855762,0.3063301958036933,OPYTIMIZER
opy_SAVPSO,-100,15,5,15,MABBOB_15,0.10404711516162339,0.11314129106542266,OPYTIMIZER
opy_ABC,-100,348,5,348,MABBOB_348,0.03367892704389279,0.014112566638585518,OPYTIMIZER
opy_IWO,-100,105,5,105,MABBOB_105,0.34270857711482916,0.1590268162846689,OPYTIMIZER
opy_ABC,-100,891,5,891,MABBOB_891,0.4546796310147017,0.2045878461759069,OPYTIMIZER
opy_ASO,-100,221,5,221,MABBOB_221,0.4071717876651492,0.3382261183456341,OPYTIMIZER
opy_AEO,-100,687,5,687,MABBOB_687,0.3388796163948121,0.19204669618908757,OPYTIMIZER
opy_TWO,-100,335,5,335,MABBOB_335,0.058380510032214804,0.05216348842007328,OPYTIMIZER
opy_SOS,-100,461,5,461,MABBOB_461,0.04225460163543339,0.022807709463956983,OPYTIMIZER
opy_TWO,-100,779,5,779,MABBOB_779,0.05728515474785042,0.04478977533538814,OPYTIMIZER
opy_ABO,-100,327,5,327,MABBOB_327,0.2203888917168822,0.1149430600918644,OPYTIMIZER
opy_DE,-100,604,5,604,MABBOB_604,0.220913098990927,0.2639508899269018,OPYTIMIZER
opy_ABC,-100,508,5,508,MABBOB_508,0.14719391096723253,0.1542170984984289,OPYTIMIZER
opy_IWO,-100,243,5,243,MABBOB_243,0.03432150278761772,0.027339890134012196,OPYTIMIZER
opy_ABC,-100,975,5,975,MABBOB_975,0.15844015662443306,0.09732386200054652,OPYTIMIZER
opy_ABO,-100,617,5,617,MABBOB_617,0.23716271604850053,0.1780459192579666,OPYTIMIZER
opy_EO,-100,756,5,756,MABBOB_756,0.19136595690702038,0.07947019074045711,OPYTIMIZER
opy_DE,-100,691,5,691,MABBOB_691,0.01714176447741142,0.014061765211444947,OPYTIMIZER
opy_ASO,-100,103,5,103,MABBOB_103,0.3353764835789351,0.24265899172487976,OPYTIMIZER
opy_COA,-100,766,5,766,MABBOB_766,0.07295290904150661,0.056449236302479965,OPYTIMIZER
opy_SSA,-100,629,5,629,MABBOB_629,0.09698138322677374,0.05655451650875563,OPYTIMIZER
opy_ABO,-100,2,5,2,MABBOB_2,0.3031326046241024,0.2931233288297657,OPYTIMIZER
opy_TWO,-100,208,5,208,MABBOB_208,0.0894638180764396,0.06097031883274207,OPYTIMIZER
opy_DE,-100,105,5,105,MABBOB_105,0.2469522972580333,0.10345709036210655,OPYTIMIZER
opy_BSA,-100,901,5,901,MABBOB_901,0.29554371363756016,0.28518325473006545,OPYTIMIZER
opy_RPSO,-100,305,5,305,MABBOB_305,0.08677970145692679,0.030915394180244218,OPYTIMIZER
opy_SOS,-100,324,5,324,MABBOB_324,0.07678626330387041,0.05170750524065448,OPYTIMIZER
opy_GA,-100,246,5,246,MABBOB_246,0.11172655957899677,0.11669540713215829,OPYTIMIZER
opy_MVPA,-100,324,5,324,MABBOB_324,0.06990665149864134,0.05688316252512547,OPYTIMIZER
opy_SOS,-100,714,5,714,MABBOB_714,0.095561826605569,0.13185522010231907,OPYTIMIZER
opy_AEO,-100,975,5,975,MABBOB_975,0.11691593742465764,0.08014307375396768,OPYTIMIZER
opy_QSA,-100,865,5,865,MABBOB_865,0.24711147631604638,0.21910339370893056,OPYTIMIZER
opy_ABO,-100,176,5,176,MABBOB_176,0.37010686268817633,0.11534621262671801,OPYTIMIZER
opy_QSA,-100,116,5,116,MABBOB_116,0.09243989607850436,0.08529772339637409,OPYTIMIZER
opy_ASO,-100,445,5,445,MABBOB_445,0.19367766644389417,0.05859685421783363,OPYTIMIZER
opy_SOS,-100,556,5,556,MABBOB_556,0.03932032110999757,0.009989142140059389,OPYTIMIZER
opy_DE,-100,954,5,954,MABBOB_954,0.15441470346297045,0.21897997922493467,OPYTIMIZER
opy_GCO,-100,714,5,714,MABBOB_714,0.17523923186847218,0.25313405829290253,OPYTIMIZER
opy_BSA,-100,827,5,827,MABBOB_827,0.38089451991890216,0.20734395788054175,OPYTIMIZER
opy_ABO,-100,787,5,787,MABBOB_787,0.1363818697738786,0.07750296073844848,OPYTIMIZER
opy_ASO,-100,115,5,115,MABBOB_115,0.41909441681739484,0.27560126850742905,OPYTIMIZER
opy_AOA,-100,542,5,542,MABBOB_542,0.15510161678295045,0.2293453255054694,OPYTIMIZER
opy_IWO,-100,950,5,950,MABBOB_950,0.20274989533995996,0.11108108684719228,OPYTIMIZER
opy_QSA,-100,542,5,542,MABBOB_542,0.08615001765686837,0.10007572529205018,OPYTIMIZER
opy_TWO,-100,317,5,317,MABBOB_317,0.08564904570185967,0.04738614547400801,OPYTIMIZER
opy_AEO,-100,862,5,862,MABBOB_862,0.1459102314977264,0.1375865229271705,OPYTIMIZER
opy_WEO,-100,901,5,901,MABBOB_901,0.29841797573236784,0.28396859228108773,OPYTIMIZER
opy_LSA,-100,144,5,144,MABBOB_144,0.11338772841296266,0.12559186998287078,OPYTIMIZER
opy_ASO,-100,555,5,555,MABBOB_555,0.4310276172334033,0.28785916104444614,OPYTIMIZER
opy_ABO,-100,33,5,33,MABBOB_33,0.23665362118873018,0.20628987437521015,OPYTIMIZER
opy_SSA,-100,147,5,147,MABBOB_147,0.16213208798504447,0.13396593877762378,OPYTIMIZER
opy_COA,-100,836,5,836,MABBOB_836,0.2973603073340742,0.15460637831449936,OPYTIMIZER
opy_SAVPSO,-100,911,5,911,MABBOB_911,0.17964255735055062,0.10920903852257138,OPYTIMIZER
opy_ASO,-100,407,5,407,MABBOB_407,0.4672216250460327,0.3168757382267569,OPYTIMIZER
opy_GOA,-100,747,5,747,MABBOB_747,0.12429333907277354,0.15374320912543202,OPYTIMIZER
opy_RFO,-100,525,5,525,MABBOB_525,0.11521117267191061,0.059663836111696296,OPYTIMIZER
opy_SAVPSO,-100,855,5,855,MABBOB_855,0.08339358777284618,0.052581891239181784,OPYTIMIZER
opy_SOS,-100,950,5,950,MABBOB_950,0.10140968358614214,0.045423936541760246,OPYTIMIZER
opy_RRA,-100,782,5,782,MABBOB_782,0.16111334155983442,0.07125064690712236,OPYTIMIZER
opy_LSA,-100,706,5,706,MABBOB_706,0.2095277648722936,0.0942263885937688,OPYTIMIZER
opy_GOA,-100,176,5,176,MABBOB_176,0.3158769608740822,0.16451360673385473,OPYTIMIZER
opy_CS,-100,259,5,259,MABBOB_259,0.08353310801209898,0.03835138290932785,OPYTIMIZER
opy_QSA,-100,798,5,798,MABBOB_798,0.34369626817162907,0.12354215723760906,OPYTIMIZER
opy_CS,-100,26,5,26,MABBOB_26,0.3081371213068544,0.389638571021248,OPYTIMIZER
opy_COA,-100,989,5,989,MABBOB_989,0.10235212503550864,0.12306747108443561,OPYTIMIZER
opy_EO,-100,190,5,190,MABBOB_190,0.031848426713498065,0.030012265335016917,OPYTIMIZER
opy_BSA,-100,848,5,848,MABBOB_848,0.6755929307537075,0.30422357263709554,OPYTIMIZER
opy_DE,-100,787,5,787,MABBOB_787,0.14327399503088412,0.09492375569043132,OPYTIMIZER
opy_BSA,-100,419,5,419,MABBOB_419,0.315503354500981,0.18489937499093925,OPYTIMIZER
opy_SAVPSO,-100,451,5,451,MABBOB_451,0.019479128403103625,0.01309601010244951,OPYTIMIZER
opy_BSA,-100,798,5,798,MABBOB_798,0.44420876657197716,0.18385157696712995,OPYTIMIZER
opy_RPSO,-100,844,5,844,MABBOB_844,0.09411276232938108,0.06890960620109869,OPYTIMIZER
opy_DE,-100,74,5,74,MABBOB_74,0.029734192754775613,0.01863412020546093,OPYTIMIZER
opy_ABO,-100,26,5,26,MABBOB_26,0.21151006714830917,0.2395653459789743,OPYTIMIZER
opy_EO,-100,367,5,367,MABBOB_367,0.12665115504315352,0.07953034899432443,OPYTIMIZER
opy_SSA,-100,761,5,761,MABBOB_761,0.0923059133680226,0.015317629808942681,OPYTIMIZER
opy_GOA,-100,798,5,798,MABBOB_798,0.31338588049156285,0.1584125757058701,OPYTIMIZER
opy_TWO,-100,980,5,980,MABBOB_980,0.20007408809688085,0.10537902413822449,OPYTIMIZER
opy_ABO,-100,975,5,975,MABBOB_975,0.20568664808337211,0.15676426391973092,OPYTIMIZER
opy_RPSO,-100,766,5,766,MABBOB_766,0.05509846829934327,0.037774759881688616,OPYTIMIZER
opy_SOS,-100,709,5,709,MABBOB_709,0.16154729374834406,0.08080561492325146,OPYTIMIZER
opy_ABO,-100,188,5,188,MABBOB_188,0.1992688453975995,0.14181693454801836,OPYTIMIZER
opy_RFO,-100,887,5,887,MABBOB_887,0.21459733208581025,0.09800576662808531,OPYTIMIZER
opy_AEO,-100,955,5,955,MABBOB_955,0.06522553467236017,0.02687477179431048,OPYTIMIZER
opy_ASO,-100,259,5,259,MABBOB_259,0.08684142185405222,0.07026725060679308,OPYTIMIZER
opy_RRA,-100,830,5,830,MABBOB_830,0.16137734458507097,0.11712571141437789,OPYTIMIZER
opy_GA,-100,15,5,15,MABBOB_15,0.14681125692635294,0.15041002890415395,OPYTIMIZER
opy_RPSO,-100,177,5,177,MABBOB_177,0.0751397684443155,0.06802928160497353,OPYTIMIZER
opy_BSA,-100,783,5,783,MABBOB_783,0.3877864717117998,0.36059295189545315,OPYTIMIZER
opy_RFO,-100,592,5,592,MABBOB_592,0.18856827497491593,0.07007339342080367,OPYTIMIZER
opy_TWO,-100,466,5,466,MABBOB_466,0.18017103568690457,0.06433453776113027,OPYTIMIZER
opy_ASO,-100,689,5,689,MABBOB_689,0.03826370716988357,0.02457056514937853,OPYTIMIZER
opy_GOA,-100,349,5,349,MABBOB_349,0.21687638514798735,0.081926892951354,OPYTIMIZER
opy_MVPA,-100,421,5,421,MABBOB_421,0.1109275275923209,0.06282733806295261,OPYTIMIZER
opy_GCO,-100,836,5,836,MABBOB_836,0.37800600396549894,0.18640628279812826,OPYTIMIZER
opy_GOA,-100,166,5,166,MABBOB_166,0.13835664202375664,0.09297219319225583,OPYTIMIZER
opy_ABC,-100,756,5,756,MABBOB_756,0.3787186093567355,0.19285496059289564,OPYTIMIZER
opy_WEO,-100,284,5,284,MABBOB_284,0.2502326928565364,0.16440720729001057,OPYTIMIZER
opy_ASO,-100,411,5,411,MABBOB_411,0.09977640698189752,0.10137873735068834,OPYTIMIZER
opy_BSA,-100,33,5,33,MABBOB_33,0.28539193526642465,0.24468186808291784,OPYTIMIZER
opy_QSA,-100,177,5,177,MABBOB_177,0.055151625525696954,0.030130626770339907,OPYTIMIZER
opy_ASO,-100,997,5,997,MABBOB_997,0.16753501614920846,0.13968233655000656,OPYTIMIZER
opy_ABC,-100,217,5,217,MABBOB_217,0.19526079674743735,0.08448197465902978,OPYTIMIZER
opy_GOA,-100,74,5,74,MABBOB_74,0.032456442741796106,0.024315466796610268,OPYTIMIZER
opy_SOS,-100,898,5,898,MABBOB_898,0.06330715414571952,0.09284761237370623,OPYTIMIZER
opy_WEO,-100,577,5,577,MABBOB_577,0.32199689842310647,0.1712297566006783,OPYTIMIZER
opy_RRA,-100,783,5,783,MABBOB_783,0.14285513373756814,0.14374137712890478,OPYTIMIZER
opy_QSA,-100,359,5,359,MABBOB_359,0.36455287577013457,0.055365727731884765,OPYTIMIZER
opy_ABO,-100,982,5,982,MABBOB_982,0.02562840717114146,0.00727957794574456,OPYTIMIZER
opy_TWO,-100,811,5,811,MABBOB_811,0.05196070938660213,0.00913187724137632,OPYTIMIZER
opy_RFO,-100,305,5,305,MABBOB_305,0.14546082517228487,0.07466331703405048,OPYTIMIZER
opy_SSA,-100,878,5,878,MABBOB_878,0.17378197875676332,0.05727266761520911,OPYTIMIZER
opy_IWO,-100,451,5,451,MABBOB_451,0.01620447488906431,0.012599522563699186,OPYTIMIZER
opy_GCO,-100,163,5,163,MABBOB_163,0.036309031087081146,0.02113039443349716,OPYTIMIZER
opy_LSA,-100,772,5,772,MABBOB_772,0.34348294139754576,0.23314021863226897,OPYTIMIZER
opy_ABO,-100,763,5,763,MABBOB_763,0.05694458538908555,0.03577872483473918,OPYTIMIZER
opy_RFO,-100,149,5,149,MABBOB_149,0.14203335816552462,0.06399403082207322,OPYTIMIZER
opy_EO,-100,115,5,115,MABBOB_115,0.11140381264102261,0.05712442364752146,OPYTIMIZER
opy_RPSO,-100,530,5,530,MABBOB_530,0.04336384464148328,0.06798758664893112,OPYTIMIZER
opy_BSA,-100,528,5,528,MABBOB_528,0.11857848124525254,0.16499420319805622,OPYTIMIZER
opy_ABO,-100,542,5,542,MABBOB_542,0.04544142833518148,0.031182198913441858,OPYTIMIZER
opy_LSA,-100,877,5,877,MABBOB_877,0.19912278632646335,0.11800492841342874,OPYTIMIZER
opy_BSA,-100,476,5,476,MABBOB_476,0.6521898301116852,0.19313454733082375,OPYTIMIZER
opy_GA,-100,677,5,677,MABBOB_677,0.2475539870674294,0.1083684744120091,OPYTIMIZER
opy_GA,-100,404,5,404,MABBOB_404,0.05058063074383272,0.026335216087395676,OPYTIMIZER
opy_AOA,-100,773,5,773,MABBOB_773,0.36545466926568676,0.22308187955988687,OPYTIMIZER
opy_GCO,-100,177,5,177,MABBOB_177,0.07497775316163421,0.06324832921663572,OPYTIMIZER
opy_AOA,-100,617,5,617,MABBOB_617,0.18200701961229646,0.1433302848639826,OPYTIMIZER
opy_ASO,-100,97,5,97,MABBOB_97,0.09645203573202052,0.03838849249962198,OPYTIMIZER
opy_LSA,-100,982,5,982,MABBOB_982,0.020454288620958543,0.008776376799348623,OPYTIMIZER
opy_ABC,-100,8,5,8,MABBOB_8,0.16516931129974877,0.09184420158730976,OPYTIMIZER
opy_AEO,-100,502,5,502,MABBOB_502,0.19491548504349532,0.09209023156352716,OPYTIMIZER
opy_MVPA,-100,597,5,597,MABBOB_597,0.14525661752468053,0.12377256309928428,OPYTIMIZER
opy_SSA,-100,597,5,597,MABBOB_597,0.23312555316100103,0.21101893263652005,OPYTIMIZER
opy_ABO,-100,738,5,738,MABBOB_738,0.26663429961112106,0.36926786280403007,OPYTIMIZER
opy_COA,-100,419,5,419,MABBOB_419,0.22827069632272057,0.12569043939663338,OPYTIMIZER
opy_SSA,-100,40,5,40,MABBOB_40,0.0939571444320222,0.10183624279218784,OPYTIMIZER
opy_DE,-100,461,5,461,MABBOB_461,0.056181137097342494,0.023624039304872637,OPYTIMIZER
opy_DE,-100,739,5,739,MABBOB_739,0.04883805433427509,0.018320063858311694,OPYTIMIZER
opy_GA,-100,257,5,257,MABBOB_257,0.1218932559750842,0.07786722057144034,OPYTIMIZER
opy_GOA,-100,476,5,476,MABBOB_476,0.5329562765572428,0.20907227021636168,OPYTIMIZER
opy_SSA,-100,371,5,371,MABBOB_371,0.19100106305206438,0.11508093074137114,OPYTIMIZER
opy_SAVPSO,-100,617,5,617,MABBOB_617,0.13313032373571826,0.11118715316696277,OPYTIMIZER
opy_ABO,-100,519,5,519,MABBOB_519,0.335303214249224,0.13457105374859166,OPYTIMIZER
opy_CS,-100,706,5,706,MABBOB_706,0.315186478044165,0.15743556621491764,OPYTIMIZER
opy_ABC,-100,993,5,993,MABBOB_993,0.15380837575816603,0.02752035573606981,OPYTIMIZER
opy_RRA,-100,788,5,788,MABBOB_788,0.06304144541955148,0.056683273961976026,OPYTIMIZER
opy_RFO,-100,268,5,268,MABBOB_268,0.2250097848037985,0.018164033914986194,OPYTIMIZER
opy_BSA,-100,51,5,51,MABBOB_51,0.15087288026972,0.16850928848370128,OPYTIMIZER
opy_QSA,-100,170,5,170,MABBOB_170,0.057315814564602455,0.0491631156870235,OPYTIMIZER
opy_CS,-100,270,5,270,MABBOB_270,0.3313807101795059,0.21765998928192695,OPYTIMIZER
opy_LSA,-100,15,5,15,MABBOB_15,0.09261955374298923,0.08647553134701219,OPYTIMIZER
opy_ABO,-100,810,5,810,MABBOB_810,0.1144089962123257,0.11438388487903853,OPYTIMIZER
