instance_id,dim,n_samples,y_min,y_max,y_mean,y_std,ela_meta.ela_meta.lin_simple.adj_r2,ela_meta.ela_meta.lin_simple.intercept,ela_meta.ela_meta.lin_simple.coef.min,ela_meta.ela_meta.lin_simple.coef.max,ela_meta.ela_meta.lin_simple.coef.max_by_min,ela_meta.ela_meta.lin_w_interact.adj_r2,ela_meta.ela_meta.quad_simple.adj_r2,ela_meta.ela_meta.quad_simple.cond,ela_meta.ela_meta.quad_w_interact.adj_r2,ela_meta.ela_meta.costs_runtime,ela_distr.ela_distr.skewness,ela_distr.ela_distr.kurtosis,ela_distr.ela_distr.number_of_peaks,ela_distr.ela_distr.costs_runtime,ela_level.ela_level.mmce_lda_10,ela_level.ela_level.mmce_qda_10,ela_level.ela_level.lda_qda_10,ela_level.ela_level.mmce_lda_25,ela_level.ela_level.mmce_qda_25,ela_level.ela_level.lda_qda_25,ela_level.ela_level.mmce_lda_50,ela_level.ela_level.mmce_qda_50,ela_level.ela_level.lda_qda_50,ela_level.ela_level.costs_runtime,pca.pca.expl_var.cov_x,pca.pca.expl_var.cor_x,pca.pca.expl_var.cov_init,pca.pca.expl_var.cor_init,pca.pca.expl_var_PC1.cov_x,pca.pca.expl_var_PC1.cor_x,pca.pca.expl_var_PC1.cov_init,pca.pca.expl_var_PC1.cor_init,pca.pca.costs_runtime,limo.limo.avg_length,limo.limo.avg_length_norm,limo.limo.length_mean,limo.limo.length_sd,limo.limo.cor,limo.limo.cor_norm,limo.limo.ratio_mean,limo.limo.ratio_sd,limo.limo.sd_ratio_reg,limo.limo.sd_ratio_norm,limo.limo.sd_mean_reg,limo.limo.sd_mean_norm,nbc.nbc.nn_nb.sd_ratio,nbc.nbc.nn_nb.mean_ratio,nbc.nbc.nn_nb.cor,nbc.nbc.dist_ratio.coeff_var,nbc.nbc.nb_fitness.cor,nbc.nbc.costs_runtime,disp.disp.ratio_mean_02,disp.disp.ratio_mean_05,disp.disp.ratio_mean_10,disp.disp.ratio_mean_25,disp.disp.ratio_median_02,disp.disp.ratio_median_05,disp.disp.ratio_median_10,disp.disp.ratio_median_25,disp.disp.diff_mean_02,disp.disp.diff_mean_05,disp.disp.diff_mean_10,disp.disp.diff_mean_25,disp.disp.diff_median_02,disp.disp.diff_median_05,disp.disp.diff_median_10,disp.disp.diff_median_25,disp.disp.costs_runtime,ic.ic.h_max,ic.ic.eps_s,ic.ic.eps_max,ic.ic.eps_ratio,ic.ic.m0,ic.ic.costs_runtime,problem_type,fid,problem_name,seed,iid,selection_method,mabbob_instance_id,target_best_alg
101,5,5000,0.7575045396337964,509.4920863501308,95.60837533284634,82.86834835627455,0.4176986377702829,4.099824964898731,0.0112645071392197,0.2085620248137478,18.514971159953827,0.5778185677243548,0.5913601972308169,2.646625214705069,0.8057529810791874,0.048281,-0.4813679709664766,-0.4605525875633782,2,0.062239,0.101,0.0614,1.6449511400651464,0.1994,0.1163999999999999,1.7130584192439866,0.244,0.1701999999999999,1.4336075205640428,0.337577,1.0,1.0,0.8333333333333334,0.8333333333333334,0.2003527139417233,0.2003524544117277,0.2068019179455422,0.2745074692755788,0.041688,,,,,,,,,,,,,0.7338344573562174,0.8776891416884701,0.503736853778668,0.1675338231593514,-0.3742333346218805,3.494858,0.7267043868739781,0.7325292232197915,0.748423526552302,0.7922751480777688,0.7094827635989823,0.7147079935942782,0.7335157965000811,0.7822773381541379,-2.401327129346744,-2.350146880307193,-2.210490698644211,-1.825185983246557,-2.565253571718502,-2.519115035931314,-2.35304301838778,-1.9224808925733017,1.179023,0.7987747372355533,0.085085085085085,0.1056875971184805,-0.6756756756756753,0.5046018407362945,3.923317,MA-BBOB,-100,MABBOB_101,101,101,lhs_target,101,modcma_base
451,5,5000,0.0001051833138638,38.76636392273479,12.786212021356304,10.309400388888552,0.9571684871387922,2.294036430641727,0.0022856841821338,0.2852361103206062,124.79244182121514,0.9777015568602704,0.9630751647989962,10.703190429076669,0.9917452874121436,0.050822,-0.2839610511147719,-0.8950251361585932,3,0.106015,0.0542,0.0256,2.1171875,0.0542,0.0364,1.489010989010989,0.0312,0.0284,1.0985915492957747,0.317684,1.0,1.0,0.8333333333333334,0.8333333333333334,0.2003656334992343,0.2003606815300535,0.2134501729112256,0.3296994928440411,0.030996,,,,,,,,,,,,,0.8774578465204493,0.8957974720407561,0.6308566857072079,0.1459144530043023,-0.2275216357572474,3.470025,0.5904309914005389,0.667201465685945,0.7506030573136183,0.8457119237821875,0.5669546915616381,0.6552935509120554,0.7415140009809162,0.8419103270686557,-3.598924625129865,-2.924334642520008,-2.191476355926852,-1.3557450520071637,-3.82465869598499,-3.0444493737171348,-2.2829498546095506,-1.3962489156220732,1.055096,0.7728050147999095,-0.4354354354354351,0.0666536326812491,-1.016016016016016,0.4565826330532213,3.566379,MA-BBOB,-100,MABBOB_451,451,451,lhs_target,451,ng_DE
350,5,5000,0.0066503436546339,71.32915081096233,24.148610104701586,11.15141108870476,0.652797530236159,3.0912016317554847,0.0293962379736106,0.1109574915964254,3.774547331397757,0.7291258570805847,0.6850770424125727,3.374580560667784,0.822284655041976,0.049556,-2.178778253072875,8.497897712839324,2,0.063245,0.0638,0.0462,1.3809523809523807,0.0829999999999999,0.0656,1.265243902439024,0.1212,0.1006,1.204771371769384,0.323627,1.0,1.0,0.8333333333333334,0.8333333333333334,0.2002575999526152,0.200257954352782,0.2042035779425904,0.3015019106847588,0.038704,,,,,,,,,,,,,0.7358132673598772,0.8860228003453775,0.5137094098230368,0.1524843642531052,-0.2729527217642965,3.435124,0.6585972478825756,0.7036263706978477,0.7383374035205327,0.8205734314324312,0.6468191121900286,0.6834049551522235,0.724847500591287,0.812589860445903,-2.9998771292763946,-2.6042100327251285,-2.2992071209075933,-1.576606093805771,-3.119367442944098,-2.7962336286638045,-2.430204402685693,-1.655245535588563,1.274122,0.8421566654149782,0.085085085085085,0.0529326605836056,-1.076076076076076,0.5466186474589836,3.814856,MA-BBOB,-100,MABBOB_350,350,350,lhs_target,350,ng_OnePlusOne
166,5,5000,0.253620046334488,15.234065346690628,4.808567926472036,2.5037940933209653,0.1233682878676233,1.6077403241216377,0.0089327873714696,0.0401814144483729,4.498194435558611,0.290219528430143,0.4820331762522787,9.103086266939323,0.778575541175268,0.056078,-0.3810163780937183,-0.2107841654133473,1,0.061071,0.101,0.0784,1.2882653061224492,0.2656,0.1364,1.9472140762463344,0.4006,0.1788,2.2404921700223714,0.294412,1.0,1.0,0.8333333333333334,1.0,0.2003242108677101,0.2003363228502402,0.1997789520110446,0.2254683184933484,0.030147,,,,,,,,,,,,,0.7256595280467117,0.8872133087330398,0.5154980281783325,0.1534454392501218,-0.3804417475485206,3.318635,0.6014835317542643,0.701573440849111,0.763127650714811,0.8467318105592959,0.5770077593331582,0.6817185359446396,0.7472682869544702,0.8368721124929853,-3.5016915380505287,-2.6222197579645075,-2.081354140122089,-1.346739632566193,-3.735894053855756,-2.811081893942968,-2.2321423733425654,-1.4407557547503718,1.218826,0.8171553021131432,-0.3153153153153152,0.0580448594276897,-0.9759759759759756,0.5020008003201281,3.526848,MA-BBOB,-100,MABBOB_166,166,166,lhs_target,166,modcma_bipop
346,5,5000,0.1652548129836217,484.2738043847025,125.3815936644287,83.16168565145256,0.7869870477646748,4.53817905447374,0.0102927529360366,0.1921098916481886,18.66457815921912,0.8494802581743028,0.8051440248971439,3.854600674638436,0.8812024861898986,0.040158,-1.2744142739541615,2.074711353490672,2,0.071486,0.0732,0.0393999999999999,1.857868020304569,0.0713999999999999,0.058,1.2310344827586204,0.0958,0.0742,1.2911051212938005,0.353238,1.0,1.0,0.8333333333333334,0.8333333333333334,0.2003569107662327,0.2003512236406854,0.2119148538725771,0.3147095119104562,0.030711,,,,,,,,,,,,,0.714645902224169,0.8928033663258509,0.5337450759922086,0.1452882083167196,-0.2652710215884514,3.484156,0.6671815622360504,0.6820136291997106,0.7282748472829674,0.8185866775267919,0.6385883552100613,0.661721942194699,0.7124192044267413,0.8081550437657788,-2.924327646149737,-2.7940048678722347,-2.387528111673472,-1.5939982107137451,-3.191361940857478,-2.9870861514008347,-2.5394157026884,-1.6940425155011667,1.169906,0.800438172224202,-0.0150150150150149,0.0607832312829723,-1.016016016016016,0.501000400160064,3.608074,MA-BBOB,-100,MABBOB_346,346,346,lhs_target,346,ng_DE
221,5,5000,1.115012515583908,285.059859719107,55.0768002912605,48.54414922540729,0.6189586194143846,3.5245686926464934,0.0036425101589746,0.2165550732630543,59.45215354567868,0.6725376106492934,0.848313681429586,3.7796743708799454,0.9530242485284222,0.048516,-0.3585837990816145,-0.9401786417175462,2,0.063424,0.0986,0.062,1.5903225806451609,0.1613999999999999,0.1105999999999999,1.4593128390596743,0.1873999999999999,0.1256,1.4920382165605093,0.326695,1.0,1.0,0.8333333333333334,0.8333333333333334,0.2005732665762162,0.2005641104621964,0.2122095320370527,0.2977066761785815,0.039066,,,,,,,,,,,,,0.870719305366451,0.8918581500830796,0.5951791219115496,0.1538589422921414,-0.2876448364751161,3.479841,0.4720365800755121,0.5596607660672617,0.6380296019133258,0.762549612477611,0.466120185168017,0.5525513531585136,0.6311020387271999,0.7592243239445358,-4.639175358903815,-3.869228144464092,-3.1806070043573813,-2.0864589196607257,-4.71436375777475,-3.951143357608896,-3.2575106430813445,-2.126141669744196,1.12543,0.8088348249994484,-0.115115115115115,0.1106736018095974,-0.7957957957957954,0.5096038415366146,3.50271,MA-BBOB,-100,MABBOB_221,221,221,lhs_target,221,modcma_bipop
879,5,5000,0.0102254603324974,13.920926198825107,4.389178041523705,2.867197451321279,0.23755299367304,1.466211311889472,0.0045841885266949,0.1058964908936858,23.100378677059616,0.4363788469009696,0.4141459549067926,1.8355432937724288,0.7063229762790464,0.039784,-0.9560821598474132,-0.3640660702694585,2,0.060272,0.1014,0.0819999999999999,1.2365853658536587,0.2284,0.1252,1.824281150159744,0.2984,0.1523999999999999,1.958005249343832,0.325036,1.0,1.0,0.8333333333333334,0.8333333333333334,0.2004175815629279,0.2004124292236064,0.2006073948837915,0.2479839407947603,0.028943,,,,,,,,,,,,,0.8524407567927883,0.899274344544436,0.6048162737993787,0.1414429467771654,-0.2722974226586022,3.432889,0.5184455676637071,0.6011815593936527,0.6627746169813958,0.8220058326163868,0.5093196873932899,0.5937909548373284,0.6553361392570056,0.8046157315455782,-4.231418779287323,-3.504417622989032,-2.963199428223265,-1.564034742275321,-4.332774468110909,-3.586881589453986,-3.0434291687278883,-1.725269891780593,1.176515,0.7686025824712419,0.105105105105105,0.0401424249049932,-1.1761761761761762,0.4991996798719488,3.557171,MA-BBOB,-100,MABBOB_879,879,879,lhs_target,879,modcma_bipop
307,5,5000,0.4810981219254713,98.29744886474916,28.519262371115328,27.282502507514064,0.9210526163092672,2.8559251641925805,0.0022705265308627,0.3543570041724723,156.0682068039198,0.9526800405925768,0.938556322826234,4.716638621999556,0.9909742509934756,0.056957,-0.1957466307506258,-0.8835686375738221,3,0.07305,0.0652,0.0278,2.3453237410071943,0.0788,0.0407999999999999,1.931372549019608,0.024,0.0224,1.0714285714285714,0.314341,1.0,1.0,0.8333333333333334,0.8333333333333334,0.2006014702430355,0.2006104251410206,0.2201829603380383,0.326607705231138,0.037662,,,,,,,,,,,,,0.8545612272334271,0.9022683768452346,0.6159585824586192,0.1378072314044129,-0.2200062579044184,3.446914,0.531380821260742,0.641184852524159,0.7228025573527622,0.829305499799945,0.5251270808999317,0.62801085227912,0.7129164618922157,0.82281163375709,-4.117601839722634,-3.152790108466593,-2.435642311698365,-1.499836156823946,-4.193831026402979,-3.2852149837339564,-2.53537272996664,-1.56483563913355,0.997886,0.7884017929287828,-0.3153153153153152,0.080150069615654,-0.9159159159159156,0.4759903961584634,3.914761,MA-BBOB,-100,MABBOB_307,307,307,lhs_target,307,ng_DE
523,5,5000,2.07388699432517,502.62705782303095,129.38363311994652,82.44361527313217,0.8021289576076766,4.594551182975686,0.0303361357150122,0.2116375181839216,6.976416514354852,0.8517819941118011,0.838501136052096,12.301072818933584,0.9063615068472408,0.050156,-0.9418698864143176,1.1319107420354166,3,0.077627,0.0827999999999999,0.0373999999999999,2.213903743315508,0.0754,0.0553999999999999,1.3610108303249098,0.1004,0.0832,1.2067307692307692,0.335704,1.0,1.0,0.8333333333333334,0.8333333333333334,0.2004491515861519,0.2004432252022903,0.2095933677847294,0.3160555217689909,0.034082,,,,,,,,,,,,,0.782807850128102,0.8858642416243772,0.5465587484414778,0.1606684537107608,-0.2904180633318672,3.540556,0.6925150147213115,0.6962229446321619,0.7385254454993759,0.8133022607567356,0.6774096420200011,0.6791693621802467,0.7241106067820725,0.8047804303899895,-2.7018637441871114,-2.669282246319716,-2.29757110966705,-1.6405088929005238,-2.8486123542957635,-2.833073264349096,-2.436222641187798,-1.7238732157824046,1.083487,0.8004061007768017,-0.075075075075075,0.0697981390783066,-1.016016016016016,0.4817927170868347,3.801858,MA-BBOB,-100,MABBOB_523,523,523,lhs_target,523,modcma_bipop
317,5,5000,1.710038973521106,169.1979713723553,50.22232580383755,27.228101134854125,0.2325145768540462,3.717451868827834,0.0153547155254796,0.06931722788415,4.514393494892491,0.3670800736186453,0.5349557531943969,7.851489933809694,0.7018932424231149,0.042603,-1.0700498281600532,1.869640710844994,2,0.059122,0.1004,0.0792,1.2676767676767675,0.2284,0.1478,1.5453315290933696,0.3109999999999999,0.1667999999999999,1.864508393285372,0.323422,1.0,1.0,0.8333333333333334,0.8333333333333334,0.2003145297927435,0.2002955772468521,0.200662793584098,0.2472751374765794,0.048299,,,,,,,,,,,,,0.6788899137585231,0.8790219338163305,0.4900147700402694,0.1615505833914069,-0.4117622037987675,3.472456,0.7729899625075627,0.7858453196464852,0.8043439407644224,0.848254602436246,0.7561957403145495,0.770242083408156,0.789985654259433,0.8377469748234329,-1.9945923296361583,-1.881640510292564,-1.7191049316976654,-1.3332899698249523,-2.153209702233961,-2.029156405260883,-1.8547868172620472,-1.4329724528920709,1.14243,0.7880101016103762,0.0250250250250249,0.0765391938823014,-0.8958958958958956,0.4741896758703481,3.864553,MA-BBOB,-100,MABBOB_317,317,317,lhs_target,317,modcma_bipop
713,5,5000,0.0052828601538941,18.997641113344905,8.306137234748325,3.435950837897734,0.3038273249898464,2.142608007249576,0.0051685462109927,0.0575952830092003,11.143420346461022,0.3930353669467447,0.6016792630586574,7.833385554967059,0.7176316736020086,0.040979,-1.759478323350226,5.678800081921269,2,0.063521,0.0975999999999999,0.0748,1.3048128342245988,0.2314,0.1609999999999999,1.4372670807453418,0.3177999999999999,0.178,1.7853932584269665,0.319938,1.0,1.0,0.8333333333333334,0.8333333333333334,0.2006542207464032,0.200654152107878,0.2005516331647839,0.2585469150717456,0.032575,,,,,,,,,,,,,0.793197496125341,0.8704327826963779,0.5278995453041375,0.175106418204843,-0.3600865183858709,3.045896,0.4957653015369948,0.633866617204811,0.7042290213277391,0.7927694257487898,0.4887658754166223,0.6157581944477939,0.6905085842337989,0.7849713426288714,-4.430802873163976,-3.21728125691293,-2.5989938933084424,-1.820973103593444,-4.514871676971826,-3.39336198734762,-2.733217444057461,-1.898986683827783,1.077765,0.848256260786683,-0.175175175175175,0.0580448594276897,-0.9959959959959956,0.5628251300520208,3.606005,MA-BBOB,-100,MABBOB_713,713,713,lhs_target,713,modcma_base
61,5,5000,2.734720906906871,118.21833648398318,41.521373096842886,17.921561206348116,0.7542204749644074,3.56408521935244,0.0386996448862803,0.0950924710327917,2.45719234148589,0.823214329962106,0.8485994630100955,4.345943908365396,0.9417293120954772,0.065773,-1.026911722367989,1.946666823373396,3,0.073606,0.0596,0.0382,1.5602094240837698,0.1197999999999999,0.0823999999999999,1.4538834951456312,0.1434,0.1084,1.322878228782288,0.30388,1.0,1.0,0.8333333333333334,0.8333333333333334,0.2003748235934646,0.2003848985478726,0.2040579157542504,0.3116885536939133,0.033878,,,,,,,,,,,,,0.824338320434177,0.8836932562846856,0.5723972644549286,0.160902893743454,-0.2823889330967983,3.552753,0.5057867024575422,0.5834396478989597,0.6669705279771153,0.7796152745108663,0.4880437561074404,0.5738466511198606,0.6581218654337601,0.7746416680396067,-4.3424670931784695,-3.6601597535246446,-2.926205204330296,-1.936438017824716,-4.520827197567968,-3.763145137763608,-3.018953255163769,-1.990025687700971,1.15352,0.8150969516390495,-0.3953953953953952,0.0482707096560318,-1.1361361361361362,0.507202881152461,3.63578,MA-BBOB,-100,MABBOB_61,61,61,lhs_target,61,modcma_bipop
954,5,5000,5.412511388276868,1230.796059343954,321.9100635426189,288.90769944737826,0.6152581350483681,5.12519415240316,0.0330195084853355,0.3257355731536783,9.864943122891798,0.6838853707254884,0.7365918512506235,2.707737965907207,0.8795901890785356,0.032865,-0.6844448062636384,-0.5892672303155306,2,0.097065,0.0945999999999999,0.0799999999999999,1.1825,0.1583999999999999,0.1128,1.404255319148936,0.1697999999999999,0.1508,1.1259946949602122,0.348241,1.0,1.0,0.8333333333333334,0.8333333333333334,0.2004059492768591,0.2003980225646999,0.2193680587613372,0.2974267675000878,0.035065,,,,,,,,,,,,,0.7641285099280207,0.8763859678490109,0.5271314446191646,0.1681067913619284,-0.3138606780477608,3.444584,0.6778188075059515,0.6710371371970755,0.6947811298648269,0.7773827622624115,0.6681918746504892,0.6617092373525147,0.6885239670258734,0.7737476288493698,-2.8309016717764983,-2.890490009836265,-2.6818592452113936,-1.956065484763661,-2.9293325607342817,-2.986563831054694,-2.749832856921022,-1.9974448698528715,1.165165,0.8080109791445739,0.1451451451451451,0.1213623798344241,-0.6556556556556553,0.5410164065626251,3.906693,MA-BBOB,-100,MABBOB_954,954,954,lhs_target,954,modcma_base
419,5,5000,16.337764229262056,1207.8155687913625,232.20863438197955,163.00574286943174,0.6087720210985597,5.083527170532199,0.009788717868789,0.1829651523916917,18.691431793643595,0.6611743630760094,0.7653293220824795,2.640545029823875,0.8499355044173599,0.048911,-0.4625881245802544,0.1781098952414206,3,0.095265,0.1008,0.0819999999999999,1.229268292682927,0.1627999999999999,0.12,1.3566666666666665,0.1831999999999999,0.147,1.2462585034013605,0.425986,1.0,1.0,0.8333333333333334,0.8333333333333334,0.200402727308443,0.2003974518525407,0.2066778767552178,0.2966505028961548,0.029314,,,,,,,,,,,,,0.7359581853923967,0.8697040718379764,0.4942811691581783,0.1735179933732162,-0.3735013972753576,3.530735,0.60706578622941,0.6623673815018737,0.7050055081225588,0.7942449164281632,0.594712891145579,0.6537759265074038,0.6963421965794395,0.7878061986784466,-3.4525770350484883,-2.966661044157636,-2.592014572486389,-1.8078987563026423,-3.57878719695978,-3.0572457263614465,-2.6813748461187377,-1.8737246827077776,1.133632,0.8457405142011132,0.0050050050050049,0.1213623798344241,-0.6956956956956954,0.5908363345338136,3.934003,MA-BBOB,-100,MABBOB_419,419,419,lhs_target,419,opy_SAVPSO
865,5,5000,0.9061673210862108,135.18128596172036,33.875885922367566,29.89679393360188,0.6577870366771075,2.896159231164197,0.0397579974641953,0.2767770444038562,6.961543891970711,0.7426281088897209,0.7907596638750947,2.705609122406775,0.9213023479858669,0.039068,-0.5206963238079478,-1.1198577926412123,2,0.111989,0.0849999999999999,0.051,1.6666666666666663,0.146,0.1112,1.3129496402877696,0.1653999999999999,0.089,1.8584269662921344,0.31609,1.0,1.0,0.8333333333333334,0.8333333333333334,0.2003832440191147,0.2003922407501094,0.2199649123803819,0.3016879585055855,0.034699,,,,,,,,,,,,,0.8508693933425231,0.8999745619353713,0.6089660878807959,0.1410521119697569,-0.2887270830003646,3.511472,0.4955227650983511,0.5848700649349695,0.6490719035841752,0.7825483509610537,0.4856950530804317,0.5740887676733231,0.6410974838490434,0.7772312156081742,-4.432797765009364,-3.6477107806529774,-3.0835747856379125,-1.910728804334182,-4.541653943889212,-3.76107879115088,-3.169347364266496,-1.967196182475698,1.11358,0.7809764428935986,0.065065065065065,0.0878909065341995,-0.7957957957957954,0.4871948779511805,3.920248,MA-BBOB,-100,MABBOB_865,865,865,lhs_target,865,modcma_base
556,5,5000,0.4134853938204112,345.89643963551833,109.9272198433479,61.02472944490636,0.7891836720348915,4.48692125664715,0.0384466393205576,0.1465982498514819,3.813031579410248,0.833767010549789,0.7984831568433644,4.811464650649569,0.854915833505092,0.046747,-1.4772864532426924,3.0817874312664904,2,0.064444,0.0726,0.0252,2.8809523809523814,0.0356,0.0318,1.119496855345912,0.0378,0.0314,1.2038216560509556,0.323879,1.0,1.0,0.8333333333333334,0.8333333333333334,0.2005447794107761,0.2005391143268086,0.2082359231760065,0.3145541098073496,0.029935,,,,,,,,,,,,,0.7837514628813929,0.8919410914330315,0.5735542205956689,0.1484841223775506,-0.2769990068662201,3.482458,0.7291339525403077,0.7378680827358762,0.7759214525600021,0.8468139853288138,0.720312939444334,0.7260094375137567,0.7651261183133865,0.8380756237983255,-2.380059793975886,-2.303314287077621,-1.9689449691320968,-1.346022795908171,-2.470353393839874,-2.420038719607744,-2.074538198499853,-1.4302071447298772,1.12194,0.7921436607424562,0.0050050050050049,0.0460960448682843,-1.1161161161161162,0.4739895958383353,3.835018,MA-BBOB,-100,MABBOB_556,556,556,lhs_target,556,ng_OnePlusOne
699,5,5000,1.266341643264427,191.3114432896096,37.66093456512775,27.44133867288817,0.5843431396460887,3.3625694547902403,0.0178825778696176,0.1445228656732436,8.081769123387227,0.6268417632448768,0.7424083553009654,2.9338358813294048,0.8362975412688014,0.040523,-0.3414610065786949,0.1604777703478008,2,0.106566,0.1056,0.0742,1.4231805929919137,0.2114,0.131,1.6137404580152674,0.1757999999999999,0.1392,1.2629310344827585,0.314561,1.0,1.0,0.8333333333333334,0.8333333333333334,0.2006406514365411,0.2006382240904995,0.2053507488118745,0.2941110858830867,0.033409,,,,,,,,,,,,,0.7555118127944402,0.8846877229725987,0.5121239446114495,0.1620326051096689,-0.3539561077532628,3.534582,0.6994426988399067,0.7174086386226886,0.7435075237649941,0.8009496405406071,0.6798941546169945,0.6938218673109344,0.7229059031914621,0.7893747314534255,-2.64107961971753,-2.4832079685341064,-2.253869890967405,-1.7491102216998886,-2.826970934907987,-2.703970247655909,-2.4471185678445107,-1.8601082139750489,1.24353,0.8160695638321639,-0.075075075075075,0.0839312949816636,-0.8558558558558554,0.5034013605442177,3.819874,MA-BBOB,-100,MABBOB_699,699,699,lhs_target,699,modcma_base
617,5,5000,0.7979818754882712,39.75592891855779,13.645455073340605,7.0012334626115695,0.7075642043006747,2.479164726031719,0.0003009421145454,0.1681480717157321,558.7389188440201,0.7080108022598357,0.7342156611910957,274.2275492596668,0.7580709341956202,0.043186,-0.5907372431292494,-0.1642559172916264,2,0.080306,0.106,0.065,1.6307692307692303,0.095,0.0948,1.0021097046413503,0.1258,0.1252,1.0047923322683705,0.319493,1.0,1.0,0.8333333333333334,0.8333333333333334,0.2004393205718455,0.2004378866392515,0.204156130467287,0.3068888779785123,0.033997,,,,,,,,,,,,,0.6317487636908109,0.845829746263183,0.4124303995345399,0.1945687908085645,-0.3805164593473371,3.426872,0.7855841022966605,0.8083673741479411,0.8443185069139565,0.887950461880158,0.7765884242240009,0.8048320048189198,0.8417768709397239,0.8861809014608788,-1.8840281725272807,-1.6838362721601283,-1.367941099782774,-0.9845561303879188,-1.9730311736658488,-1.723601551336917,-1.3973276225574018,-1.0051790234960434,1.254533,0.8483607952016701,-0.1351351351351351,0.0963793479961578,-0.7957957957957954,0.6178471388555422,3.8451,MA-BBOB,-100,MABBOB_617,617,617,lhs_target,617,modcma_bipop
176,5,5000,5.010233427947298,184.6667148911747,35.592779309011085,16.743653160292876,0.5232692524666376,3.3128499320976106,0.0135734084693104,0.0908478779591264,6.693077730957112,0.542845003220142,0.6109884381368331,2.75272552336628,0.6501888977136916,0.054735,-0.4747536101583881,0.7860166638779509,4,0.095141,0.1056,0.0978,1.0797546012269938,0.1998,0.1791999999999999,1.1149553571428574,0.228,0.2106,1.0826210826210827,0.297792,1.0,1.0,0.8333333333333334,0.8333333333333334,0.2005188527778698,0.2005152479580632,0.2021598742102072,0.2871216156390448,0.035242,,,,,,,,,,,,,0.609784466861018,0.8469317664101728,0.3981616595165996,0.1944412504889242,-0.4714535548085125,3.49841,0.7231004630273825,0.7459787597998341,0.788507859900445,0.8434256653026331,0.7097225580270091,0.7337144657708368,0.7798017497542081,0.8371997366824445,-2.4330109643902675,-2.231988068135104,-1.8583010335458408,-1.37575915520031,-2.563549525108453,-2.351667942836352,-1.944653763001796,-1.4377505013086165,1.200123,0.8591392761875941,-0.0150150150150149,0.1056875971184805,-0.7157157157157155,0.6400560224089635,3.699901,MA-BBOB,-100,MABBOB_176,176,176,lhs_target,176,ng_OnePlusOne
449,5,5000,0.0247170208638877,38.18167970896271,12.691136364670838,6.910550980009588,0.219413209389751,2.410843816816452,0.000332537245633,0.1079860036380575,324.7335600933111,0.3962880305442011,0.3466269525451132,1.811249361593496,0.5811711760590101,0.04574,-1.7380450354859718,2.9959971653733497,2,0.068798,0.094,0.068,1.38235294117647,0.2553999999999999,0.1881999999999999,1.357066950053135,0.2922,0.1846,1.582881906825569,0.406289,1.0,1.0,0.8333333333333334,0.8333333333333334,0.2003650648917067,0.2003609218103946,0.2005752378796813,0.2449242181890664,0.024124,,,,,,,,,,,,,0.7500769500021964,0.8828468997288617,0.5181965202090832,0.1620654090954925,-0.3026372623625993,3.449758,0.5107528483250591,0.5776116774587494,0.7372729583174491,0.8283919618189998,0.5033089199656717,0.5686430885543806,0.7130940973478893,0.8170440306695388,-4.298940074935722,-3.7114617443167086,-2.308542429714212,-1.5078936484183272,-4.386502854705503,-3.809507356810968,-2.533795374236159,-1.6157666485534916,1.223617,0.8045059278644782,0.2252252252252251,0.0554298551568466,-0.9959959959959956,0.5156062424969988,3.600142,MA-BBOB,-100,MABBOB_449,449,449,lhs_target,449,ng_DiagonalCMA
421,5,5000,1.428761451483988,126.00067849240467,36.99447237504645,17.6933744105187,0.0338925141397861,3.447520323659792,0.0061322803418252,0.0307176450743486,5.009171688521629,0.2995169078690162,0.2827110880500855,6.801574132307326,0.5792686699000211,0.04207,-1.2412924713350022,2.3028675382243664,2,0.115169,0.1,0.0813999999999999,1.228501228501229,0.25,0.1398,1.7882689556509297,0.4427999999999999,0.1149999999999999,3.850434782608696,0.321998,1.0,1.0,0.8333333333333334,1.0,0.2004452215479115,0.2004468593778604,0.1987120055069742,0.1977315429819776,0.03551,,,,,,,,,,,,,0.6408679497594275,0.871575974864949,0.4608248037967767,0.169884158048856,-0.4523555734414128,3.482825,0.8522882005825849,0.8601528485905849,0.8734108740205165,0.8861526943777167,0.8386838586082569,0.8473917668360388,0.8652357387182462,0.8761610579267772,-1.2979107523624949,-1.2288058382433178,-1.112310515402001,-1.000350971807601,-1.424532845285233,-1.3476360067098485,-1.1900614216915892,-1.0935833140235944,1.183932,0.8047314444181068,0.045045045045045,0.0607832312829723,-0.9159159159159156,0.5162064825930373,3.642745,MA-BBOB,-100,MABBOB_421,421,421,lhs_target,421,modcma_bipop
44,5,5000,2.4784724213688936,1103.1377075322644,114.30204640574816,115.8193074058822,0.8435021663695197,4.227432978525585,0.050897502076227,0.2141372474473264,4.207225083985894,0.8864670557552176,0.9000599087655304,1.7959272465795986,0.9730977643775078,0.042448,-0.3821968986811934,-0.2518436731664262,2,0.089019,0.0756,0.0425999999999999,1.7746478873239444,0.0965999999999999,0.0608,1.5888157894736838,0.1122,0.0834,1.3453237410071943,0.329756,1.0,1.0,0.8333333333333334,0.8333333333333334,0.2005180909538206,0.200513511605527,0.2179483274466032,0.319751382843276,0.037279,,,,,,,,,,,,,0.8768437048659888,0.8984428732824261,0.6046480447978226,0.145727690693168,-0.255963248205832,3.530639,0.4841438475050932,0.5828969167194267,0.6592889465896473,0.7919446174040775,0.47781838163962,0.5738449950586927,0.6504306866486158,0.7839362070384099,-4.532995398984725,-3.665220136018149,-2.9939385815653647,-1.8282501574906287,-4.612602210942116,-3.764367509083248,-3.087860872439421,-1.9085626419568105,0.998326,0.8032972791252615,-0.2552552552552551,0.0920373199661822,-0.8758758758758756,0.4775910364145658,3.638404,MA-BBOB,-100,MABBOB_44,44,44,lhs_target,44,modcma_bipop
404,5,5000,1.2428922908767428,666.9316755183258,223.1176641515543,122.30489066015096,0.6990225280469651,5.177640078637891,0.0568241334918878,0.140305027993741,2.469109854772721,0.7107192644101927,0.7002886661173836,13.452061863481864,0.7398639041231454,0.047538,-1.6062949013661847,3.672723381212272,2,0.076757,0.1358,0.0272,4.992647058823529,0.03,0.0345999999999999,0.8670520231213876,0.033,0.0304,1.085526315789474,0.322934,1.0,1.0,0.8333333333333334,0.8333333333333334,0.2003841153832165,0.2003747882857001,0.2079989611218874,0.306127230875327,0.037712,,,,,,,,,,,,,0.7237652679700001,0.8891905359797021,0.5016965522672824,0.152414964097621,-0.3142360690060516,3.440234,0.8169660606340551,0.798821285992605,0.8125492876432299,0.8518312284033146,0.8226167686731871,0.7936076990895709,0.8036287232524535,0.8427498317540068,-1.608268212157287,-1.767701289835072,-1.6470771654370235,-1.301917700175335,-1.5664512369941548,-1.8226270468122976,-1.7341325167573416,-1.3886584358847518,1.216334,0.7837649701862167,0.065065065065065,0.0401424249049932,-1.0960960960960962,0.4891956782713085,3.836226,MA-BBOB,-100,MABBOB_404,404,404,lhs_target,404,ng_OnePlusOne
161,5,5000,1.2679711845203552,80.64666346647071,32.89621600183073,14.915888458446554,0.5825020451804782,3.357439996924523,0.0392469019168643,0.0810579747666,2.0653343527166266,0.6345090192120282,0.629303123326721,2.5926238610117363,0.7478616774743507,0.046425,-1.0920184904924413,2.2138432421614045,3,0.060675,0.1096,0.072,1.5222222222222224,0.2004,0.1324,1.5135951661631415,0.0996,0.0851999999999999,1.1690140845070425,0.291248,1.0,1.0,0.8333333333333334,0.8333333333333334,0.2003116938574458,0.2003176715192609,0.2027032913090383,0.2938085404760586,0.03364,,,,,,,,,,,,,0.7315046593925841,0.8811216535439819,0.5092875788686505,0.1631480868888171,-0.3493885763317122,3.576821,0.6719629411647531,0.7731713618733953,0.8053413185028945,0.8490961116242177,0.6465887057769005,0.7490889435832371,0.7884957918117065,0.837267928762316,-2.882273985440297,-1.9930134880081312,-1.7103544816288636,-1.325906143993782,-3.121019950910272,-2.215827354080936,-1.867820480690224,-1.43710755510022,1.067035,0.794851663203512,-0.115115115115115,0.0440193518520887,-1.1161161161161162,0.5070028011204482,3.602501,MA-BBOB,-100,MABBOB_161,161,161,lhs_target,161,modcma_base
919,5,5000,1.429350665965485,69.79813531569476,15.691950707582285,12.71999573123106,0.4292451938846603,2.3915310993044145,0.0112208825102791,0.1419616770156785,12.65156077390806,0.4800359751404996,0.6995680696384329,3.63124726737506,0.8358437105526348,0.055805,0.0868705960789965,-0.9049941864550376,2,0.080707,0.1046,0.0801999999999999,1.3042394014962595,0.2332,0.1522,1.5321944809461234,0.242,0.1681999999999999,1.438763376932224,0.309233,1.0,1.0,0.8333333333333334,0.8333333333333334,0.2003730504086867,0.200374336673023,0.2042623238973921,0.276063490960475,0.033533,,,,,,,,,,,,,0.7078878666842975,0.8773394772618759,0.4848662589705163,0.1656383273566289,-0.3748134602414484,3.463179,0.6575188881787478,0.6979777448204497,0.7509571078882471,0.8084293434406555,0.6441647857142557,0.6872664886076822,0.7420552153445339,0.8024284769891413,-3.0094034758513137,-2.653888909926711,-2.188355851718727,-1.6833436350840376,-3.1420570758714,-2.76146514701962,-2.2776757422327485,-1.744574389898509,1.248122,0.8281928839056327,-0.035035035035035,0.1056875971184805,-0.7357357357357354,0.5648259303721489,3.849719,MA-BBOB,-100,MABBOB_919,919,919,lhs_target,919,modcma_base
33,5,5000,0.2204730516630031,14.406055030750371,3.847758905449569,2.368868937566902,0.5276733349442849,1.404507467785781,0.0006880870598181,0.0691242884660078,100.45863743502711,0.6892652180517764,0.6093538841152288,3.295012886620972,0.8411378450993392,0.04593,-0.0332039796488133,-0.6884917155611645,1,0.099142,0.1046,0.059,1.772881355932203,0.2846,0.0835999999999999,3.4043062200956946,0.1304,0.0817999999999999,1.5941320293398535,0.333209,1.0,1.0,0.8333333333333334,0.8333333333333334,0.2003177296178682,0.2003201286361088,0.2021051408911381,0.2877984682135847,0.025382,,,,,,,,,,,,,0.723268374030967,0.8906575825157212,0.5213888087712811,0.1480466794916335,-0.3011008084492707,3.479346,0.7151048481582306,0.7460681503120488,0.8040294299385012,0.8686269028830746,0.6899389933174308,0.7282283772410282,0.790755298118337,0.8617903776381047,-2.5033864676243844,-2.2313105438898733,-1.7220021821117744,-1.154381292227371,-2.738003800590725,-2.399888150942412,-1.8477421431840888,-1.2204645639059386,0.94281,0.8064597748695821,-0.4354354354354351,0.0554298551568466,-1.076076076076076,0.4929971988795518,3.834524,MA-BBOB,-100,MABBOB_33,33,33,lhs_target,33,modcma_bipop
82,5,5000,0.9566976382281736,236.87490223422412,73.11242749127477,42.75865046215494,0.3136118528436455,4.077696342990182,0.0361490742429979,0.0814976981481472,2.2544892187365866,0.5524529213576634,0.4079445957974368,1.6587053200983572,0.6681788137650106,0.045854,-1.0365859842700251,1.5486554492614024,2,0.063292,0.0986,0.0678,1.4542772861356927,0.2125999999999999,0.1232,1.7256493506493502,0.2865999999999999,0.134,2.138805970149253,0.315408,1.0,1.0,0.8333333333333334,0.8333333333333334,0.2004175703143956,0.200409082884093,0.2017686953853131,0.260189230547906,0.039075,,,,,,,,,,,,,0.6987154656223658,0.8842933006193102,0.4855959747727063,0.1596664418002858,-0.3976432800950534,3.469256,0.7353037350591602,0.7577395804905432,0.8003223403570142,0.8635013689169062,0.7274728995239836,0.7416473199897428,0.7817454153713252,0.8500824643656426,-2.3258765939805404,-2.1287336242197776,-1.7545604393331118,-1.199408579556307,-2.407105849614794,-2.2819097485355515,-1.927741815207712,-1.32415226359132,1.089472,0.8086651791206615,0.045045045045045,0.0730909932860291,-0.8758758758758756,0.5106042416966786,3.896142,MA-BBOB,-100,MABBOB_82,82,82,lhs_target,82,ng_DE
37,5,5000,0.8320120167282757,46.58530963270176,18.68584836996512,6.231131067012667,0.2786795671064287,2.877304747317611,0.007418012881987,0.0500208101601791,6.743154933262946,0.4701539237566688,0.5060644311844684,3.76628848260757,0.7419056955236801,0.038794,-0.808718897588443,2.0733862494111444,4,0.120193,0.1038,0.0821999999999999,1.2627737226277376,0.2322,0.15,1.5480000000000005,0.3146,0.1868,1.6841541755888652,0.317912,1.0,1.0,0.8333333333333334,0.8333333333333334,0.2003749787601746,0.200374756454227,0.2004192914739355,0.2548098321138145,0.032491,,,,,,,,,,,,,0.693762645953324,0.8640740876918819,0.4860871768673975,0.1764079626310686,-0.4128530704352733,3.498933,0.5826751576294632,0.6673133046069707,0.7240166228932381,0.8167488715029237,0.5513552964878037,0.6511352110469235,0.7092706414434375,0.8066655571121275,-3.6670512866584497,-2.923332259506262,-2.425077770033912,-1.610235524728635,-3.961989263025467,-3.080831083615277,-2.5674360758748334,-1.7073398635897146,1.15455,0.8581395576726052,-0.3153153153153152,0.0607832312829723,-0.9959959959959956,0.6146458583433373,3.877403,MA-BBOB,-100,MABBOB_37,37,37,lhs_target,37,modcma_bipop
456,5,5000,0.0066622998826454,13.257900781392896,4.75055741508488,2.3077103549078912,0.4614083384722931,1.645147577941685,0.0207623615084132,0.0832912195073549,4.011644796455548,0.5990686866884325,0.5777626564694589,2.890857249954025,0.8009224087318945,0.059549,-1.3064502844660535,2.271829815292956,2,0.120449,0.1044,0.0556,1.8776978417266188,0.1765999999999999,0.107,1.6504672897196258,0.2034,0.1326,1.5339366515837107,0.312169,1.0,1.0,0.8333333333333334,0.8333333333333334,0.2005278021655558,0.2005359653562139,0.2015866339118875,0.2799344839872465,0.033785,,,,,,,,,,,,,0.8801086478856974,0.889949209152531,0.6065844220991043,0.1562156588458426,-0.2961234502752943,3.45087,0.5509014618835261,0.7333913139943263,0.7669189697099662,0.8139442308612655,0.5374567394863441,0.7097888462207429,0.732344074669439,0.7993955726519926,-3.946010293208989,-2.3425607744117496,-2.0479695804257867,-1.6347814963092846,-4.084098341437429,-2.562464947603563,-2.363310016677179,-1.771268287656337,1.204644,0.8033649810408521,-0.055055055055055,0.0401424249049932,-1.1761761761761762,0.4875950380152061,3.532153,MA-BBOB,-100,MABBOB_456,456,456,lhs_target,456,mealpy_LevyES
761,5,5000,0.6969785413236016,90.17821808649016,26.898445052317705,14.49969890960401,0.2700179157633632,3.1392814123567416,0.0073628624705591,0.0845522673318522,11.483613563330842,0.5389619902002218,0.4067761414333471,18.144806320605067,0.6950776673419984,0.066611,-0.8871658354726019,1.210725274838878,1,0.056518,0.1006,0.0646,1.5572755417956654,0.2032,0.1217999999999999,1.6683087027914614,0.3041999999999999,0.1128,2.6968085106382973,0.330029,1.0,1.0,0.8333333333333334,0.8333333333333334,0.2003862237576098,0.2003709598605077,0.2008305517453049,0.2534471234790458,0.029807,,,,,,,,,,,,,0.6653617860866426,0.8752306346596583,0.4663214391547091,0.1668378546807568,-0.3970810591512921,3.504924,0.796123012671516,0.8429534002994614,0.8500747691236118,0.8714433387422903,0.7797757884097747,0.8269553745624841,0.8378570613419866,0.8600060476177671,-1.7915407289351275,-1.380025197502893,-1.3174471573748114,-1.1296738177125585,-1.9449724524518384,-1.5282925845913375,-1.4320112524059176,-1.2363962115116625,1.167347,0.7982245714959062,0.0050050050050049,0.0666536326812491,-0.9559559559559556,0.4939975990396158,3.410968,MA-BBOB,-100,MABBOB_761,761,761,lhs_target,761,ng_DE
739,5,5000,0.9402340036531384,601.4045222675351,229.4754017426717,118.4905853049074,0.7313794277274004,5.228964757134289,0.0485732867532352,0.179257856957079,3.690461752521605,0.7656312571299998,0.7373080865661612,8.92933590433822,0.7898617981040156,0.049874,-1.8072199668661115,4.807926210469717,5,0.111371,0.0978,0.0243999999999999,4.008196721311475,0.0274,0.0292,0.9383561643835616,0.0399999999999999,0.0389999999999999,1.0256410256410258,0.321093,1.0,1.0,0.8333333333333334,0.8333333333333334,0.2003008416386918,0.20031020165454,0.2074811665732515,0.3090519026230803,0.030805,,,,,,,,,,,,,0.702137178076512,0.8809633076333292,0.5220827881431417,0.1590653120809659,-0.3006241540770366,3.566604,0.771306249061174,0.7740446685237659,0.7944047492878639,0.845750244919085,0.7573437264763697,0.7658749638560387,0.7868397867838756,0.8384828701469427,-2.0093622086668192,-1.9853017498347727,-1.806412835359248,-1.355278083827533,-2.1426933769124004,-2.067361197921758,-1.882238486757883,-1.426221870832216,1.027225,0.7829168197977796,0.125125125125125,0.036606951475969,-1.1761761761761762,0.4857943177270908,3.822815,MA-BBOB,-100,MABBOB_739,739,739,lhs_target,739,modcma_base
116,5,5000,0.0691886820323056,16.88705538838139,5.638841569778464,3.433828793546595,0.750881925363474,1.711487830298319,0.0194074299839792,0.124350458920444,6.407363521243927,0.8810902131853448,0.7832888447717528,20.19281953257256,0.9462179919582582,0.037554,-0.7184932956346164,-0.2501056201249709,2,0.130046,0.0702,0.0407999999999999,1.720588235294118,0.112,0.0616,1.818181818181818,0.1347999999999999,0.0775999999999999,1.737113402061856,0.335521,1.0,1.0,0.8333333333333334,0.8333333333333334,0.2004664906281581,0.2004701807592392,0.2054183644715322,0.3111599119592835,0.034664,,,,,,,,,,,,,0.8508274683369738,0.9010897631118734,0.617286274681646,0.1375717527811505,-0.247057507442277,3.534797,0.5422297790724058,0.6284355367919731,0.753562389499104,0.8332137644526038,0.517811368554151,0.6088261574423078,0.7297848167950587,0.8193183571925139,-4.022330143640203,-3.264858377285167,-2.165395178471438,-1.4655153876701794,-4.258170501270175,-3.4544259416757512,-2.386249378523175,-1.5955856097579408,1.012711,0.789374558147786,-0.3353353353353351,0.0460960448682843,-1.1561561561561562,0.4771908763505402,3.830337,MA-BBOB,-100,MABBOB_116,116,116,lhs_target,116,ng_OnePlusOne
950,5,5000,0.9040368821055716,142.52371158819085,27.873206387788773,17.086006618823124,0.3656724948878231,3.14871230715198,0.014016630290343,0.0839086778511857,5.986365917705306,0.5197291821467958,0.5357813155915361,2.3641888372951465,0.7353035558650595,0.03947,-0.4871624943474896,0.6592772717564377,2,0.061047,0.1,0.0849999999999999,1.1764705882352944,0.2837999999999999,0.1414,2.0070721357850063,0.242,0.1495999999999999,1.6176470588235294,0.314789,1.0,1.0,0.8333333333333334,0.8333333333333334,0.2003718263444551,0.2003663893619525,0.2017821817984027,0.2676006290980388,0.034498,,,,,,,,,,,,,0.6664986802480527,0.8766244620825394,0.4467926368794951,0.1642641139909732,-0.3907219413467724,3.418414,0.7448361177969839,0.7718199994998979,0.798519948990527,0.8427149707476429,0.7254551584937102,0.7533432586270744,0.7818082303309755,0.8308129105874832,-2.242127917719152,-2.005020244124509,-1.770407486089261,-1.3820653302547017,-2.4248328887752955,-2.178519820069209,-1.9271117106070763,-1.4942929414109516,1.173035,0.8176710796897999,-0.055055055055055,0.0730909932860291,-0.8958958958958956,0.5294117647058824,3.430492,MA-BBOB,-100,MABBOB_950,950,950,lhs_target,950,modcma_bipop
898,5,5000,0.256113732694923,208.41404781756228,41.34603795941798,38.68050264235297,0.6743438450755648,3.11810440927826,0.0384064064839633,0.3049967419110321,7.9412985965865905,0.7396136731450061,0.8136415762395677,2.843377724415812,0.9317236689940268,0.042888,-0.5445842867845926,-0.9182899721269472,2,0.064641,0.0758,0.0484,1.566115702479339,0.1532,0.1094,1.4003656307129797,0.1619999999999999,0.1224,1.3235294117647054,0.324219,1.0,1.0,0.8333333333333334,0.8333333333333334,0.2005294035769043,0.200524745693088,0.2200446265854538,0.3033937291665547,0.039789,,,,,,,,,,,,,0.8893535666614152,0.9052947583326612,0.6154062604104746,0.1387699333534698,-0.2875286198236286,3.480213,0.5094066507369468,0.583984141071101,0.6565970109869577,0.7723928147833873,0.489067139070743,0.5721416383589844,0.6497141791366557,0.7680846625728895,-4.310913632513332,-3.655590603281332,-3.0175309734750986,-2.00001675335018,-4.512261506986499,-3.778595904291176,-3.0935203953219244,-2.0481412137964394,1.13328,0.7915495218101845,0.045045045045045,0.0920373199661822,-0.7757757757757754,0.4877951180472188,3.875406,MA-BBOB,-100,MABBOB_898,898,898,lhs_target,898,ng_DE
430,5,5000,0.2679112051055942,325.50190638393445,72.67191817508693,57.66889106582592,0.3312909995167603,3.9390117182793554,0.0046937822857407,0.1352950923698905,28.824322078359835,0.5136345588510884,0.4263305608639348,3.911420756530042,0.6924727683671974,0.044606,-0.7796379929067423,0.643838055411782,1,0.063192,0.1,0.0907999999999999,1.1013215859030838,0.2897999999999999,0.1318,2.1987860394537173,0.2006,0.098,2.0469387755102044,0.322368,1.0,1.0,0.8333333333333334,0.8333333333333334,0.2005222683067494,0.2005113247283688,0.2031344545083439,0.262592396930363,0.031459,,,,,,,,,,,,,0.6824719227061538,0.8829728234473623,0.4686738270596325,0.1599546141000083,-0.3998914992206396,3.533629,0.8508210974917271,0.8546759456118542,0.8586195518790263,0.8764842273659379,0.8407624699862706,0.8440227965214483,0.8495801929871377,0.8665706610446127,-1.310838080976457,-1.276965451353357,-1.2423129020687833,-1.0853356315647875,-1.4062138746040045,-1.377422192083488,-1.3283452689733777,-1.178303806283159,1.189525,0.7973150869398169,0.1651651651651651,0.0878909065341995,-0.7957957957957954,0.5044017607042817,3.863605,MA-BBOB,-100,MABBOB_430,430,430,lhs_target,430,ng_Powell
689,5,5000,0.0081146326444851,46.353428460971536,11.654809111428824,8.227161990739342,0.4015176855242482,2.2457423198655766,0.0640588494312405,0.1111507358851932,1.735134752997712,0.5827821295863582,0.4844976258341213,1.6306164449709204,0.7125558101745628,0.042338,-1.001977664193067,0.4414837303830077,2,0.075934,0.0752,0.0498,1.5100401606425704,0.2086,0.1166,1.7890222984562612,0.1727999999999999,0.1042,1.658349328214971,0.322527,1.0,1.0,0.8333333333333334,0.8333333333333334,0.2003557343194215,0.2003473750981176,0.2037569861456231,0.2721207737315895,0.037375,,,,,,,,,,,,,0.8859913824985526,0.8930822216470805,0.6109785540909234,0.1519668800233575,-0.2645757878812249,3.507152,0.4823867174167638,0.5716495628649612,0.6784821019020605,0.8355597594399689,0.4783420886811533,0.5656010521256538,0.6639821271302854,0.8165673217963769,-4.548267685867119,-3.763915102265672,-2.8251776288442105,-1.4449363213068906,-4.606671234796002,-3.836102346342584,-2.9673160048753395,-1.6198624114908409,0.940797,0.7924296481416255,0.2452452452452451,0.0505479682119124,-1.076076076076076,0.4881952781112445,3.808282,MA-BBOB,-100,MABBOB_689,689,689,lhs_target,689,modcma_bipop
848,5,5000,5.129904055797397,65.73680864282466,26.40881946087476,9.171918370495428,0.193771845894756,3.009762106084663,0.0016899319884852,0.0530671970592094,31.40197204431652,0.207774332535051,0.5893502502955277,2.8741240453422026,0.6772077185396188,0.049179,-0.7601055371025693,1.324015869707078,5,0.105394,0.1,0.0964,1.037344398340249,0.2622000000000001,0.1906,1.3756558237145862,0.3299999999999999,0.2256,1.4627659574468082,0.318081,1.0,1.0,0.8333333333333334,0.8333333333333334,0.200355011199778,0.2003506310741166,0.1999422418159703,0.2401266676277186,0.036604,,,,,,,,,,,,,0.6535337703587478,0.8585983595521521,0.4321505799747178,0.1821201765199557,-0.5113985837748953,3.468293,0.5605133242792368,0.6291947297670312,0.6932577355714258,0.7885616367230694,0.5515891179728805,0.6186832744015834,0.6847130299616617,0.7830181651340904,-3.861706488757619,-3.258212813336783,-2.6953003546179355,-1.8578786219166323,-3.9599715420041246,-3.367454810716662,-2.7843379341561496,-1.916193218408277,1.238076,0.8605449871770029,-0.115115115115115,0.0963793479961578,-0.7757757757757754,0.6186474589835934,3.911881,MA-BBOB,-100,MABBOB_848,848,848,lhs_target,848,modcma_base
144,5,5000,0.1510944277739888,25.815363552610588,8.440662479289351,7.350205342591007,0.9405930327782562,1.894132228964692,0.0020181943837273,0.280172182825132,138.82319021604292,0.9519217621290462,0.9609867049327911,20.873232045934667,0.9903229032515418,0.045453,0.0156705657459747,-1.181415657482865,3,0.059325,0.0801999999999999,0.0308,2.603896103896103,0.07,0.0457999999999999,1.5283842794759832,0.0281999999999999,0.0264,1.068181818181818,0.323293,1.0,1.0,0.8333333333333334,0.8333333333333334,0.2004794654693975,0.200486529494153,0.2125390112716137,0.328335885622021,0.035788,,,,,,,,,,,,,0.8128205334898906,0.8903884693006687,0.5643580289088165,0.1531504184149148,-0.2243305681791023,3.147265,0.6728768594677779,0.7095651023972114,0.7606872564975519,0.8431870378877232,0.6524555366860898,0.6939400449141828,0.7500437325072865,0.8385614496730723,-2.874491361419768,-2.55210500503194,-2.1028852093931647,-1.3779444163351222,-3.0688827322422405,-2.702566751424081,-2.207160677542605,-1.4255326489521405,1.018537,0.7902376019723836,-0.4754754754754753,0.0697981390783066,-0.9759759759759756,0.4843937575030012,3.769379,MA-BBOB,-100,MABBOB_144,144,144,lhs_target,144,ng_DE
810,5,5000,0.7759751465684953,213.52001420048043,48.64320377065256,31.96145344306904,0.4278397765261786,3.651245633083567,0.0597194616855624,0.0888241581177818,1.4873569789604384,0.5030544868520437,0.5899341869413337,3.2653588192987204,0.7765108973374354,0.062395,-0.7708819292388284,0.9371347618046526,2,0.077533,0.105,0.075,1.4,0.236,0.1263999999999999,1.867088607594937,0.2274,0.1529999999999999,1.4862745098039218,0.330317,1.0,1.0,0.8333333333333334,0.8333333333333334,0.2003957479224453,0.2004039578855447,0.2032079939182324,0.2757046730999146,0.041602,,,,,,,,,,,,,0.6972816644606054,0.8789350622208744,0.4834636560217379,0.164280211974777,-0.3906173733390954,3.120239,0.7152878380543295,0.7468441455986593,0.7807375816005081,0.8247239584080849,0.6936809815857702,0.723758212417627,0.758346208152744,0.8108714889719063,-2.501732267024982,-2.2244507056321874,-1.9266330714759352,-1.5401299540220608,-2.705057502167412,-2.439449968794761,-2.134008544254513,-1.6701656341117692,1.130112,0.7972531380561678,0.0250250250250249,0.0730909932860291,-0.8558558558558554,0.4885954381752701,3.156865,MA-BBOB,-100,MABBOB_810,810,810,lhs_target,810,modcma_base
266,5,5000,3.5862822379382666,99.29750057288103,32.51220261831015,12.795269986830988,0.160870557436484,3.29215604271844,0.0025002641818817,0.0525650308912011,21.0237907146436,0.2625375446807992,0.5305176231794977,3.238611394130132,0.6889704964690986,0.051937,-1.0266256545435988,2.099696021885836,3,0.082986,0.1,0.0914,1.0940919037199126,0.2596,0.1858,1.3972012917115175,0.3538,0.187,1.8919786096256688,0.315834,1.0,1.0,0.8333333333333334,0.8333333333333334,0.2004625485236779,0.2004605591038059,0.2001532292020932,0.2338593137800806,0.045454,,,,,,,,,,,,,0.7029737939677247,0.8809491201279602,0.4892304020605303,0.1601310141889877,-0.4697162497764416,3.446199,0.6668171683072,0.7108361504134986,0.7541590595480789,0.8167996109747151,0.6498284289964944,0.6908056313145157,0.7336429058023204,0.8040705665541636,-2.9275527493993208,-2.540774440816265,-2.160112264723539,-1.60971320117869,-3.092426869449074,-2.730549972589759,-2.352246450517927,-1.7302873638984604,1.123743,0.8371785744664436,-0.115115115115115,0.0697981390783066,-0.8958958958958956,0.5682272909163666,3.732479,MA-BBOB,-100,MABBOB_266,266,266,lhs_target,266,modcma_base
411,5,5000,0.4037600499788944,154.50115110563806,47.7564106950204,40.900349171657766,0.8578016337749705,3.3546794751037408,0.0181406541856038,0.3557052033312591,19.60817948966475,0.9015173622170416,0.8854729401203295,12.005607446323705,0.9579068842583622,0.044614,-0.5774526298411563,-0.6487669086367669,1,0.062332,0.0714,0.0394,1.812182741116752,0.104,0.0815999999999999,1.274509803921569,0.065,0.0613999999999999,1.0586319218241045,0.335742,1.0,1.0,0.8333333333333334,0.8333333333333334,0.2003575636155591,0.2003836700593014,0.2216872665468936,0.3209143088627369,0.030941,,,,,,,,,,,,,0.8654313032917699,0.8927397294561973,0.5923440140053604,0.1537476924359106,-0.2416061048969574,3.485301,0.5299984319692637,0.6175321075426933,0.6936251092918492,0.815984148802044,0.5223766329077628,0.6107885057876976,0.6839672324100989,0.8085872001500248,-4.1300305108177255,-3.360848500729957,-2.692198776431232,-1.6169969030229965,-4.218670454240172,-3.4377610984159004,-2.791400486370668,-1.6906784276627205,1.192209,0.7892657665947044,-0.1351351351351351,0.080150069615654,-0.8958958958958956,0.4795918367346938,3.925293,MA-BBOB,-100,MABBOB_411,411,411,lhs_target,411,ng_DE
922,5,5000,1.5123235497773109,21.820946819707608,8.7375125943168,3.2348536656169813,0.2041914442225099,2.023372316336161,0.0087482063462333,0.0426499188247043,4.875275815032369,0.4228092816766013,0.3351888819933349,3.264590743714779,0.5834186102744878,0.053595,-0.5914872283263116,0.4862525815398792,2,0.092145,0.1006,0.0841999999999999,1.1947743467933494,0.2686,0.1591999999999999,1.6871859296482414,0.3218,0.1721999999999999,1.8687572590011616,0.31768,1.0,1.0,0.8333333333333334,0.8333333333333334,0.200383030596649,0.200389092034469,0.1999705475428307,0.2420488039998917,0.033969,,,,,,,,,,,,,0.6839601288256993,0.8649262972234913,0.4383203431324345,0.1794555957633526,-0.4593808314786897,3.479316,0.7120720677897748,0.7550099588549335,0.8107414357094247,0.8784728949624252,0.6909692734464443,0.7359460361687511,0.7994962829716734,0.8698443203077418,-2.5300114187922818,-2.152717858352325,-1.6630075626347454,-1.0678538934296364,-2.728837028879729,-2.3316782837783814,-1.7705099216407527,-1.1493149636746276,1.129745,0.8562905570684602,-0.1951951951951951,0.0697981390783066,-0.8758758758758756,0.6050420168067226,3.888209,MA-BBOB,-100,MABBOB_922,922,922,lhs_target,922,modcma_base
606,5,5000,6.006165050902302,520.6406788604277,79.12876889934013,53.38908531160099,0.7134122014456357,4.025329203303143,0.0114467650579957,0.1793253053299683,15.666024804510815,0.7911862920497041,0.8281564237262689,1.927571512933768,0.92643861395938,0.04292,-0.4134185442140953,-0.2563739093529502,5,0.077676,0.0855999999999999,0.059,1.450847457627118,0.1332,0.0925999999999999,1.4384449244060482,0.1657999999999999,0.1168,1.419520547945205,0.316378,1.0,1.0,0.8333333333333334,0.8333333333333334,0.2003090764289147,0.2003034782223878,0.2079272478613384,0.3074618970011156,0.033759,,,,,,,,,,,,,0.7427734648231106,0.8787788485612623,0.4814384107881683,0.1653173056411573,-0.317330388773665,3.526564,0.5886009600390109,0.6275883693751129,0.6833870185966238,0.7878251377320704,0.576471680899208,0.6145633484263501,0.6719355496552023,0.7800147915531228,-3.6147587323753374,-3.27219575905452,-2.781920782848132,-1.8642749780025247,-3.739643938510662,-3.40330450817911,-2.8967230238051407,-1.9424116740930115,1.192342,0.837818713152249,-0.115115115115115,0.0878909065341995,-0.8358358358358354,0.5558223289315727,3.913594,MA-BBOB,-100,MABBOB_606,606,606,lhs_target,606,modcma_bipop
162,5,5000,5.213328549618312,548.0281994950825,192.83181738906853,90.5605668479882,0.6105708752909085,5.089202988319831,0.0193000874702733,0.1259602754679258,6.526409564823694,0.6196509475157292,0.6253146545453979,6.034638164640671,0.6760953013944196,0.055659,-1.4603911409114656,3.9906232693212,6,0.074837,0.1271999999999999,0.061,2.085245901639344,0.1108,0.1085999999999999,1.0202578268876614,0.1372,0.1318,1.040971168437026,0.290471,1.0,1.0,0.8333333333333334,0.8333333333333334,0.2002810765690509,0.2002772606108105,0.2039870180287581,0.2970689360107508,0.03144,,,,,,,,,,,,,0.6460523531900668,0.8497714104612448,0.4334355155985991,0.191628101900206,-0.3937342631830119,3.478547,0.7605986053505815,0.7787018374099459,0.8098534679783844,0.8631061207374295,0.7544366297772036,0.7712031269941937,0.8032042294667227,0.8568732797266876,-2.1035783510614863,-1.944508404538877,-1.6707844533480536,-1.2028626701664358,-2.168989683477448,-2.0208960998997743,-1.738239687993368,-1.2641966080735845,1.229648,0.8427989248818167,0.045045045045045,0.0765391938823014,-0.8758758758758756,0.5970388155262105,3.396859,MA-BBOB,-100,MABBOB_162,162,162,lhs_target,162,modcma_bipop
520,5,5000,0.5923434131870958,97.62035767651749,28.404969051088205,17.032560482866163,0.6465189778200693,3.1505332469922265,0.010603422375224,0.1415744157717072,13.351766133782371,0.7116590745224332,0.6754693627068535,9.282030746361825,0.7898721475997841,0.052376,-0.8172678180262528,0.6776712721971974,2,0.076893,0.1048,0.0658,1.5927051671732524,0.15,0.1251999999999999,1.198083067092652,0.1611999999999999,0.1336,1.2065868263473047,0.317782,1.0,1.0,0.8333333333333334,0.8333333333333334,0.2003531023990291,0.2003470062147964,0.2055769029694662,0.3007736903844092,0.032713,,,,,,,,,,,,,0.6793878643703353,0.897797667127283,0.5003894974966164,0.142703853716174,-0.3437545972579105,3.461058,0.7729731857243585,0.7746522330457439,0.8013390160783607,0.8737671451391662,0.7596273940754874,0.759596059936132,0.7882188712210784,0.8666764987375585,-1.9949660045158968,-1.9802116137765264,-1.7457052842496434,-1.109253349230353,-2.1230082118580533,-2.1232849598464822,-1.8704838423036296,-1.1775338829696755,1.23821,0.8021580928973125,-0.035035035035035,0.0554298551568466,-0.9559559559559556,0.5042016806722689,3.805706,MA-BBOB,-100,MABBOB_520,520,520,lhs_target,520,ng_MultiBFGS
464,5,5000,1.824724855560975,39.92141526480739,19.578485108929343,6.527039847697202,0.5449306757228565,2.8565776429366663,0.0189102417953239,0.0673523709267982,3.561687452534477,0.6368237182471052,0.6668894399029076,2.0169263443252152,0.7880428828035743,0.041686,-1.4213643978400567,3.828967667790163,4,0.067144,0.0829999999999999,0.055,1.5090909090909088,0.1687999999999999,0.1184,1.4256756756756752,0.2262,0.1793999999999999,1.2608695652173916,0.340858,1.0,1.0,0.8333333333333334,0.8333333333333334,0.2004761475702617,0.2004799449143803,0.2015454665658531,0.289797913661162,0.034704,,,,,,,,,,,,,0.679761648175736,0.8667003339414783,0.4554827241545607,0.1729563358037326,-0.3802071560366624,3.142123,0.5569116622699645,0.622518311330392,0.6792895985415836,0.7888445412732797,0.5259180663734726,0.6031460395808034,0.6659699374098684,0.7803049935787678,-3.8932648084182135,-3.3168017507494936,-2.8179719784285595,-1.8553503817720047,-4.186477935988752,-3.504500448678889,-2.9497211089511115,-1.9400619002578487,1.115799,0.8494883870455213,-0.2552552552552551,0.0636507908129557,-0.9759759759759756,0.6024409763905563,3.322194,MA-BBOB,-100,MABBOB_464,464,464,lhs_target,464,modcma_base
407,5,5000,0.4734024051465222,21.40951210624128,8.187271517844966,2.942932754701821,0.1419854732129013,2.101341847014593,0.0084805566304642,0.0419258035807714,4.943756100886538,0.2841066561211063,0.6195876765847713,3.8589232723793234,0.833916247456177,0.035389,-0.8663682313252747,1.613495358216671,3,0.093707,0.1,0.0849999999999999,1.1764705882352944,0.259,0.1589999999999999,1.6289308176100632,0.3786,0.1713999999999999,2.2088681446907823,0.321117,1.0,1.0,0.8333333333333334,1.0,0.2003158946885106,0.2003234587281007,0.1998990021425387,0.2296754889285779,0.032313,,,,,,,,,,,,,0.8501569614182908,0.8897293004820155,0.5685796597233879,0.1557194353209662,-0.426958634407028,3.43864,0.4849169520886934,0.5957472939129658,0.6780487039910283,0.7860898255997177,0.4782381558661985,0.5808172198914672,0.6645748007351487,0.7763704315992433,-4.525789262759374,-3.551975868879997,-2.828832601883197,-1.8795267567463885,-4.607653852826159,-3.701783052020488,-2.962123867630569,-1.9748620065505555,1.182502,0.8324602198464759,-0.4154154154154152,0.0529326605836056,-1.056056056056056,0.5346138455382153,3.589829,MA-BBOB,-100,MABBOB_407,407,407,lhs_target,407,modcma_bipop
62,5,5000,0.6148166474925246,38.880053165247496,17.337855038993865,5.094027393011365,0.3724916444787941,2.828275179211316,0.0087157843569657,0.0405495912588199,4.652431680048652,0.3955730530036557,0.5751707788078115,1.4730087115132349,0.6366823425865106,0.052568,-1.0107496237694673,2.737091220221271,6,0.083501,0.1032,0.0877999999999999,1.1753986332574031,0.211,0.1689999999999999,1.2485207100591718,0.2674,0.2246,1.190560997328584,0.290989,1.0,1.0,0.8333333333333334,0.8333333333333334,0.2003854025914734,0.2003669832004058,0.2002095449467286,0.2682766606421081,0.039033,,,,,,,,,,,,,0.5952639685206588,0.8505087670956706,0.421137058875225,0.1868916347671232,-0.4805050418875904,3.460609,0.5496960014884573,0.6345846153233579,0.7000668937880363,0.7999669292970466,0.5371618254397503,0.6211721879656472,0.6885754600216364,0.7926410084181741,-3.9568873182704296,-3.21095861086575,-2.635556220292269,-1.7577199476697958,-4.088818500461813,-3.3466517056576484,-2.7511957538316327,-1.831856851095817,1.175561,0.8580849421880585,-0.2752752752752751,0.0697981390783066,-0.9559559559559556,0.6204481792717087,3.126336,MA-BBOB,-100,MABBOB_62,62,62,lhs_target,62,modcma_base
876,5,5000,0.0436565577007997,23.304070475265995,5.4669686471887005,3.183520226739832,0.0829558159465897,1.741499474637567,0.0115292891672823,0.0359143158367313,3.115050313652327,0.3950755520800298,0.5221988268129538,3.965281714667401,0.8888383272696172,0.045688,-0.1935194247941627,-0.0202155787002333,2,0.054213,0.1,0.086,1.162790697674419,0.255,0.1523999999999999,1.6732283464566935,0.407,0.1376,2.9578488372093026,0.293934,1.0,1.0,0.8333333333333334,1.0,0.200475443351302,0.200476900199457,0.1996705761082788,0.2150401445107931,0.03172,,,,,,,,,,,,,0.9070629592974844,0.9025867028677684,0.6258482454868597,0.1432934705144695,-0.3805743635569944,3.438073,0.5151647008545922,0.6104431988322138,0.6871362670480413,0.8013438581629768,0.5022979362626945,0.5962225215427379,0.6718060764174013,0.7884878130982855,-4.260084710453792,-3.4229045934430955,-2.7490283969699307,-1.7455247049242368,-4.395308818592523,-3.5658415769579435,-2.898347729762391,-1.8679074250726524,1.120148,0.8076512571718067,-0.4354354354354351,0.0580448594276897,-0.9959959959959956,0.491796718687475,3.391354,MA-BBOB,-100,MABBOB_876,876,876,lhs_target,876,modcma_base
680,5,5000,0.9909384081497896,389.4527865518351,64.93439336879236,45.371479208409895,0.2095291071541638,3.89717079365614,0.0231052567428577,0.0964038071033574,4.172375497760168,0.4092020260988448,0.4650269415984724,2.7062614656272044,0.7365974532909979,0.051332,-0.8671051858961435,1.179714964353228,1,0.081813,0.1,0.0778,1.2853470437017995,0.2326,0.1382,1.683068017366136,0.3186,0.143,2.227972027972028,0.334667,1.0,1.0,0.8333333333333334,0.8333333333333334,0.2004420652606779,0.2004335033086814,0.2001600731056871,0.242956767354254,0.032758,,,,,,,,,,,,,0.7641543049774912,0.8791150373618987,0.5222909040970487,0.1685785282549279,-0.4190338836270136,3.524653,0.6496632286517374,0.724387143196057,0.7699881696157258,0.8312135218241516,0.6183789625178313,0.7013212739543581,0.7522274680247242,0.8201691710023984,-3.0781421239143816,-2.421600054015588,-2.0209385996786136,-1.4829981061387398,-3.3696350960409784,-2.637271583255496,-2.187780383092313,-1.587869150868749,1.177022,0.8064641798551051,0.085085085085085,0.0963793479961578,-0.7757757757757754,0.5096038415366146,3.853805,MA-BBOB,-100,MABBOB_680,680,680,lhs_target,680,modcma_base
8,5,5000,1.2572034458327566,99.41092463273736,28.77189809737905,17.55578229439917,0.4527631101221038,3.143990129434945,0.0058504668198629,0.1338388078561743,22.876603180070536,0.4854989848692173,0.7570740582280667,2.980860321284812,0.8683108667782691,0.03526,-0.3717232674703272,-0.3630879968693992,2,0.076877,0.105,0.0788,1.33248730964467,0.2424,0.1422,1.7046413502109703,0.2366,0.1795999999999999,1.3173719376391984,0.323251,1.0,1.0,0.8333333333333334,0.8333333333333334,0.2006408313628112,0.2006339894925883,0.2032573850771736,0.2791111164409181,0.033505,,,,,,,,,,,,,0.7173525520285385,0.8970757677683566,0.5076293548108686,0.1418170727087465,-0.3769033780134831,3.501371,0.6150589944962336,0.6733593978746002,0.711131131605694,0.783688425741773,0.5941706086733602,0.6536689991505563,0.6970121106867991,0.7761177184896357,-3.382129522686892,-2.86989644636788,-2.538030279998262,-1.9005347597100029,-3.5828837182026074,-3.057599401551357,-2.674942718870498,-1.9765551691447485,1.103398,0.8164757221847514,-0.175175175175175,0.0697981390783066,-0.8758758758758756,0.5098039215686274,3.86135,MA-BBOB,-100,MABBOB_8,8,8,lhs_target,8,modcma_bipop
207,5,5000,7.264849445437989,90.883993260462,47.978080829752656,12.992037591835096,0.5263922953669824,3.675898592129941,0.0013030201679192,0.0651931810877624,50.03236534079852,0.5413470101421409,0.6393799573142865,3.131942639523228,0.6736485574148532,0.048717,-1.1928844660991855,5.030797193762741,6,0.137505,0.1,0.0955999999999999,1.0460251046025106,0.198,0.1735999999999999,1.1405529953917053,0.212,0.185,1.145945945945946,0.310164,1.0,1.0,0.8333333333333334,0.8333333333333334,0.2003395832417335,0.200345631771734,0.2011745257022542,0.2877759053554578,0.039565,,,,,,,,,,,,,0.6531602614602163,0.8567676575777099,0.4343217596495985,0.1845091584909044,-0.4454141886058652,3.49155,0.6662238267375544,0.7241722654380335,0.7719974242348835,0.8377708920912317,0.6598300107705062,0.715657201515796,0.7639487033267269,0.8330101714453735,-2.9329273593843164,-2.4237281567060505,-2.0034833101936256,-1.42552472941205,-3.0044158701553787,-2.511344455356986,-2.084829010055562,-1.4748711142933066,1.222102,0.8566766352496362,-0.1951951951951951,0.0529326605836056,-0.9959959959959956,0.6270508203281312,3.886625,MA-BBOB,-100,MABBOB_207,207,207,lhs_target,207,ng_DE
51,5,5000,0.7831571791010415,2330.6773354734432,512.840602910744,363.7131729542032,0.6817425320267385,5.896731471589183,0.0113892365939047,0.2083138740813579,18.290415899590865,0.7141328998702102,0.7058178713645362,6.629339912459735,0.8144469336000504,0.044439,-1.2958750084940014,2.4609873764554138,4,0.060007,0.1058,0.0421999999999999,2.5071090047393367,0.0948,0.0841999999999999,1.125890736342043,0.097,0.08,1.2125,0.320054,1.0,1.0,0.8333333333333334,0.8333333333333334,0.2005648653550554,0.2005561003337093,0.2112780396636331,0.3041880182058713,0.036858,,,,,,,,,,,,,0.6584193567876858,0.8718693958550147,0.4719097405449995,0.167112177746615,-0.3315754249229821,3.502451,0.7721192899898283,0.7601145595686364,0.7787519988960575,0.834133566484706,0.7573985228380339,0.7422864673050678,0.7643273736102727,0.825347762863196,-2.0024285522994107,-2.107916265397105,-1.9441457529684305,-1.4574980143087632,-2.142572745381899,-2.276037218436257,-2.0813795202000662,-1.5424684449034285,0.991548,0.8192173280107544,0.1851851851851851,0.080150069615654,-0.8558558558558554,0.548219287715086,3.888167,MA-BBOB,-100,MABBOB_51,51,51,lhs_target,51,ng_OnePlusOne
34,5,5000,1.248486508332145,271.9499774163969,67.83329448113155,42.74775325875439,0.7091052304294385,3.9701198209334017,0.0001007204932038,0.1735151427324755,1722.7392084089624,0.7351439125192346,0.745087871287714,2.0987928000234377,0.8123504519713904,0.043794,-0.8379201196405333,0.8489160582463167,2,0.065709,0.1148,0.048,2.391666666666667,0.1282,0.0841999999999999,1.5225653206650838,0.091,0.0795999999999999,1.1432160804020102,0.320896,1.0,1.0,0.8333333333333334,0.8333333333333334,0.2005006805612347,0.2005059653877891,0.2073008492300763,0.3069952673394603,0.033106,,,,,,,,,,,,,0.6914492140952877,0.8863232463632267,0.5139199851262484,0.1524201391036655,-0.3207362551023027,3.557752,0.764892783248859,0.7595965408191491,0.7909483632364,0.8322700800699195,0.7474190130267325,0.7431464247300505,0.7781798666369703,0.8219630989840718,-2.0658116548067564,-2.112348037182283,-1.8368696361192305,-1.4737889727057167,-2.2305397437343792,-2.268270921043352,-1.9588910050425312,-1.5722417919340916,1.146586,0.8076703660260616,-0.035035035035035,0.0666536326812491,-0.9359359359359356,0.4953981592637055,3.865545,MA-BBOB,-100,MABBOB_34,34,34,lhs_target,34,ng_DE
246,5,5000,0.4852029294527036,186.7873291783947,25.09281660770987,24.67212404773781,0.7970197558848441,2.730774433497469,0.0305418257160933,0.2729080334678099,8.935550742927813,0.8333134392895061,0.9064701915229992,2.498912826183418,0.9733031381712778,0.045196,-0.1875929851417372,-0.9944662349438472,2,0.064593,0.0787999999999999,0.0419999999999999,1.876190476190476,0.1152,0.0758,1.5197889182058049,0.1308,0.1064,1.229323308270677,0.291719,1.0,1.0,0.8333333333333334,0.8333333333333334,0.2005183239304648,0.2005058227874875,0.2172252148189644,0.3155931733107416,0.034429,,,,,,,,,,,,,0.930664142184456,0.9018472696580484,0.6323984418945571,0.14631749962485,-0.2721319857253342,3.471787,0.4738559065168973,0.5686577127697402,0.6454932412261902,0.7835008423076386,0.4685230298288998,0.5573202731652108,0.6364516020541761,0.7766606082221004,-4.623140227327236,-3.7901325977834937,-3.1149916489544847,-1.9023419202218284,-4.694957390398727,-3.910540948582568,-3.2115111914517644,-1.9729338933674527,1.084787,0.8056842510504458,-0.1551551551551551,0.1009262190987048,-0.8158158158158154,0.4935974389755902,3.66263,MA-BBOB,-100,MABBOB_246,246,246,lhs_target,246,modcma_bipop
220,5,5000,9.414809963361408,153.2471910137135,70.67406159771444,23.194220257350512,0.2203997087913833,4.04877342021948,0.0061946788500457,0.0652403775400633,10.531680353305331,0.2301172427267005,0.2915126718300839,5.3725378377106265,0.3131421959358701,0.037271,-1.1780481197961683,3.270658231127854,4,0.071983,0.1004,0.1002,1.001996007984032,0.253,0.2498,1.0128102481985588,0.3358,0.3167999999999999,1.0599747474747476,0.317213,1.0,1.0,0.8333333333333334,0.8333333333333334,0.200322739185776,0.2003383294716625,0.2002841897791835,0.2451534978159422,0.037807,,,,,,,,,,,,,0.5675746767451841,0.8377070944167629,0.3743975927892596,0.2005660804885375,-0.6339581985521847,3.526763,0.8006150056746524,0.8353226561909165,0.8720157988707352,0.9135906685143156,0.799616452842727,0.8296059738370735,0.8655665250688328,0.90940367989191,-1.7518504170865512,-1.4468996245820938,-1.1245037616167697,-0.7592157269185336,-1.7698146930992449,-1.504943172219611,-1.1873347016401148,-0.800158998793334,1.134691,0.8614021802304732,0.045045045045045,0.1106736018095974,-0.6956956956956954,0.6574629851940776,3.933175,MA-BBOB,-100,MABBOB_220,220,220,lhs_target,220,modcma_base
426,5,5000,1.1171132110526578,3616.228312778744,162.08250760531715,197.7595909136017,0.7060930633687672,4.505522832052413,0.0504980080684577,0.2618790132645858,5.185927589650046,0.8041690090749901,0.8212259575768297,4.867040017754061,0.9474760477060002,0.045383,-0.1828995441637701,-0.5939459205100444,3,0.099235,0.0861999999999999,0.0556,1.5503597122302155,0.1352,0.0776,1.742268041237114,0.1615999999999999,0.1234,1.3095623987034033,0.32633,1.0,1.0,0.8333333333333334,0.8333333333333334,0.2003458456733038,0.2003329511336472,0.2162092123187897,0.3067476077706764,0.036712,,,,,,,,,,,,,0.8680091075337732,0.901276976347342,0.6058405668948095,0.142228175779958,-0.2894414741748738,3.461388,0.5300471590185474,0.5870878764878898,0.6630563123029635,0.7993409911108996,0.5150173538049363,0.5750039867705747,0.65300835306387,0.7891966433777072,-4.12933027160305,-3.6281311281566353,-2.96061997737311,-1.7631286533882855,-4.28291145557004,-3.7531658254423297,-3.064304488643768,-1.861617354834383,1.162382,0.8239735611258827,-0.1351351351351351,0.1106736018095974,-0.7557557557557554,0.5262104841936774,3.635253,MA-BBOB,-100,MABBOB_426,426,426,lhs_target,426,ng_DE
208,5,5000,1.736095607491693,369.8130811390133,77.36836558383618,65.85656890516954,0.7057721569732807,3.79048356633552,0.0300210796970591,0.2735458065959366,9.111791093334086,0.7941501687757946,0.8104128694766555,1.9262891406538003,0.9457624271264384,0.041729,-0.705353590572009,-0.535995847791547,2,0.059724,0.0738,0.0425999999999999,1.7323943661971837,0.1402,0.089,1.5752808988764044,0.1629999999999999,0.1177999999999999,1.3837011884550083,0.353501,1.0,1.0,0.8333333333333334,0.8333333333333334,0.2005093546651553,0.2005072857257227,0.2189480357562666,0.3065341906955413,0.038549,,,,,,,,,,,,,0.8805719928941464,0.8901778530757595,0.6164397579755753,0.1560380338375307,-0.2746966142713528,3.462676,0.4810799549687576,0.5637094545038561,0.6485175005750424,0.7803291477917729,0.4781418186368746,0.5606935584835219,0.6442381824118903,0.7739255532223354,-4.559715555240752,-3.833655696964775,-3.088453096712397,-1.930233012653308,-4.608138337473124,-3.8791858158918977,-3.141465879397879,-1.9962939406219231,1.133326,0.7921933725912187,-0.0150150150150149,0.0878909065341995,-0.8358358358358354,0.4863945578231292,3.686884,MA-BBOB,-100,MABBOB_208,208,208,lhs_target,208,ng_DE
688,5,5000,0.6354811405400808,72.67690832500655,16.91004681063982,18.104517013783493,0.9134732081562064,2.279160952395024,0.0060625200016666,0.3626462994716267,59.81774895125011,0.9209699716762072,0.9551101430126544,8.7068769801814,0.9887550236908104,0.040662,0.1192504772710291,-1.1877069569023675,3,0.073895,0.1004,0.06,1.6733333333333331,0.1142,0.0783999999999999,1.4566326530612248,0.023,0.022,1.0454545454545454,0.313144,1.0,1.0,0.8333333333333334,0.8333333333333334,0.200380730053141,0.2003797606557312,0.2206351854882329,0.3259699230469912,0.036869,,,,,,,,,,,,,0.8370072273809107,0.8945571997094401,0.6052074164026545,0.1471813430586994,-0.2446836519079988,3.562868,0.5199152734087725,0.599175070126946,0.6837496870617128,0.8178713075980287,0.5089789043742972,0.5849667133693567,0.6762089373030306,0.8144827990245566,-4.218517757143064,-3.522059733457888,-2.7789002376827403,-1.6003698522930725,-4.336660630896748,-3.665542133885829,-2.8596978149072125,-1.6384736806453652,1.263987,0.790796587431033,-0.2752752752752751,0.0920373199661822,-0.8358358358358354,0.4755902360944378,3.684967,MA-BBOB,-100,MABBOB_688,688,688,lhs_target,688,ng_DE
766,5,5000,0.0688528290753846,80.07286384152826,28.770899415401345,13.365501105243927,0.5201595570565155,3.253187609970165,0.03213298742288,0.0852091982895825,2.651767081852773,0.6018619735678019,0.5875447396290938,5.657648344293814,0.7484137117944134,0.051341,-2.0933136274953,7.673540772345811,3,0.055804,0.0883999999999999,0.0566,1.5618374558303885,0.1576,0.1184,1.3310810810810807,0.151,0.1336,1.1302395209580838,0.333063,1.0,1.0,0.8333333333333334,0.8333333333333334,0.2004363758184175,0.2004317697223954,0.2029931800092815,0.2869387215849083,0.030962,,,,,,,,,,,,,0.722145974888441,0.8769901809515182,0.4978305884170237,0.1638135807185211,-0.3090968826998289,3.458145,0.6634419182728755,0.7152805268114104,0.7472500637504693,0.818124664237536,0.6460643786711568,0.6879150282562653,0.7272933247117,0.8073546547782018,-2.9572929844306968,-2.5017937357810887,-2.2208814878261247,-1.598115403234912,-3.126083352648614,-2.7564437597917406,-2.4086408555719814,-1.7015111516666988,1.162274,0.8398244996327717,0.125125125125125,0.0607832312829723,-1.036036036036036,0.5612244897959183,3.600559,MA-BBOB,-100,MABBOB_766,766,766,lhs_target,766,opy_MVPA
997,5,5000,0.4535640357720495,94.84296487226716,17.777024184803135,11.752365434418536,0.8563291946484589,2.7073929926062155,0.024096091382251,0.1337186664212824,5.549392401448897,0.8698399119361158,0.8714748034514803,1.8879521287524288,0.9000243239633149,0.044196,-0.293223132663504,-0.0275845449192271,2,0.059256,0.0664,0.0457999999999999,1.4497816593886468,0.0945999999999999,0.0818,1.1564792176039116,0.0982,0.0914,1.074398249452954,0.312722,1.0,1.0,0.8333333333333334,0.8333333333333334,0.2005377118658997,0.2005375788070555,0.206507193635825,0.3206998469629323,0.031665,,,,,,,,,,,,,0.6411313449257173,0.8483102883870526,0.4593961551804569,0.1881051128812348,-0.3049487838999221,3.45432,0.5134749491575412,0.6105095625670064,0.6953952790144927,0.8208052107075022,0.5050821836312068,0.5949030897122474,0.6832468279211776,0.8117857822014725,-4.27502035284895,-3.422392216768414,-2.676514558771569,-1.574556890798136,-4.370211518908077,-3.5770770925215727,-2.7969863187104025,-1.661964704928863,1.133757,0.8571711536041882,-0.1951951951951951,0.0963793479961578,-0.8358358358358354,0.5948379351740696,3.848222,MA-BBOB,-100,MABBOB_997,997,997,lhs_target,997,modcma_base
555,5,5000,0.2716657640378406,8.9801480150134,3.925913366460616,1.844835589558555,0.7697897088715212,1.4527109010297232,0.0019612199161261,0.1260602885629798,64.27646768546708,0.8037451495226242,0.8174025511553218,2.9709542644471347,0.9316413826595222,0.043491,-0.3609697253747368,-0.5719151047184083,2,0.069816,0.1143999999999999,0.0404,2.8316831683168315,0.1725999999999999,0.091,1.8967032967032964,0.0586,0.0552,1.0615942028985508,0.325965,1.0,1.0,0.8333333333333334,0.8333333333333334,0.2003445950034357,0.2003175201128013,0.2025063059654112,0.3129464999247593,0.042826,,,,,,,,,,,,,0.7380042380909685,0.8993177620173779,0.5269676655369647,0.1409908007241902,-0.295262516690316,3.462813,0.6760918390948962,0.7277641505711409,0.7674770761415367,0.8376016237784978,0.6543389794663983,0.7094033594284052,0.7544744596581454,0.8302252416547165,-2.8461853151185066,-2.3921400273710205,-2.0431820225371444,-1.4269966903864049,-3.052791214447007,-2.5664764569499425,-2.168419833167464,-1.4994079746430726,1.132772,0.8016265598255218,-0.4554554554554552,0.0460960448682843,-1.1561561561561562,0.4949979991996798,3.572307,MA-BBOB,-100,MABBOB_555,555,555,lhs_target,555,ng_MultiBFGS
530,5,5000,0.0005941355815518,289.12277839284445,58.77255791458432,53.68512149214003,0.575157014257996,3.404970107670503,0.0311618921730323,0.3834012043355074,12.3035277256785,0.660528509986889,0.6305942710472695,3.1217426313464287,0.8091837918122723,0.038541,-1.1084945392490593,0.374728967977076,2,0.059602,0.0904,0.0584,1.5479452054794518,0.2002,0.1174,1.705281090289608,0.0664,0.0632,1.0506329113924051,0.32073,1.0,1.0,0.8333333333333334,0.8333333333333334,0.2004747459079235,0.2004728146848184,0.2227517355226914,0.2931125891491186,0.032283,,,,,,,,,,,,,0.7579006949427448,0.8915042192825257,0.552839605444852,0.1493429425061105,-0.2504114471547283,3.462289,0.6084464451409959,0.6258351336932482,0.6613580533028386,0.8243345821384916,0.6016931570674762,0.6178452991851564,0.6564375557579384,0.8158126793897559,-3.44056420112907,-3.287770544692965,-2.975632181979459,-1.5435644513260032,-3.518441709125976,-3.375761834233132,-3.034857309030258,-1.62701786983114,1.07022,0.768707274295416,0.3653653653653652,0.0839312949816636,-0.8558558558558554,0.4919967987194878,3.623273,MA-BBOB,-100,MABBOB_530,530,530,lhs_target,530,ng_OnePlusOne
415,5,5000,1.2313933787213578,57.97754383951622,16.659102611525274,7.371493466100181,0.1826740792183672,2.6955253473830445,0.0054668593402656,0.060219026217778,11.015287291963077,0.4069469636221119,0.5349588901269459,2.807519429105988,0.8128085802394445,0.047558,-0.5837949213710925,1.1520572470101271,3,0.066154,0.102,0.0769999999999999,1.3246753246753251,0.2394,0.1452,1.6487603305785126,0.3596,0.1529999999999999,2.350326797385621,0.313637,1.0,1.0,0.8333333333333334,0.8333333333333334,0.2004354590663297,0.2004337053227765,0.2001359075355386,0.2381205295546653,0.025683,,,,,,,,,,,,,0.8239591013963631,0.8945132123578623,0.5660255834703777,0.1481283308542035,-0.3956682356686696,3.429536,0.5227284565889889,0.6264954865283643,0.695280586682144,0.7952407949598554,0.5066077409206393,0.6153258564269795,0.6834950679044861,0.7871758516410171,-4.193721000444914,-3.28193403426537,-2.6775285904147283,-1.7991916552874647,-4.357965868321895,-3.3976957628910345,-2.795580323456046,-1.879803254785033,1.167208,0.8329575940941127,-0.2952952952952952,0.0666536326812491,-0.9759759759759756,0.5478191276510604,3.777746,MA-BBOB,-100,MABBOB_415,415,415,lhs_target,415,modcma_bipop
855,5,5000,0.1266025243795261,157.35835523731885,52.79821048074807,25.359893884279472,0.4216846932089214,3.8304945475989705,0.0177560664008849,0.1072547731134779,6.040457987256247,0.6018269682210342,0.4924889651913117,5.164501730416595,0.7137240348074245,0.03742,-2.21428729009898,9.110991383050129,2,0.071557,0.0861999999999999,0.0588,1.4659863945578226,0.172,0.1197999999999999,1.4357262103505843,0.24,0.1506,1.5936254980079685,0.340481,1.0,1.0,0.8333333333333334,0.8333333333333334,0.200411910087631,0.2004225967616725,0.2023324502379464,0.2749498929409139,0.03009,,,,,,,,,,,,,0.71502528695449,0.8763292439280713,0.4888309186179783,0.168083764208475,-0.3373637515802744,3.48413,0.6502484825244463,0.6986944729262898,0.7381259110289659,0.8196063236658058,0.6292846070781619,0.6763147867628864,0.7142386705914584,0.8055847823545355,-3.073167590230888,-2.647486384744801,-2.301013498828561,-1.585068175241286,-3.2743359521467035,-2.8589428740122846,-2.523980963512092,-1.7171683424410382,1.179024,0.8264376008481171,-0.0150150150150149,0.0636507908129557,-0.9559559559559556,0.5402160864345739,3.830142,MA-BBOB,-100,MABBOB_855,855,855,lhs_target,855,opy_MVPA
418,5,5000,2.4706410754487647,162.2304005888777,54.878026136040994,27.11490847589,0.7099123191843499,3.8100126060711568,0.011105227575287,0.1419861771152248,12.785526109450684,0.8102712474499469,0.7420126684109591,3.646712504854947,0.8578668318109366,0.04551,-1.1809641167488696,1.9601442918846423,3,0.063,0.0658,0.045,1.4622222222222223,0.1044,0.0847999999999999,1.2311320754716983,0.1621999999999999,0.1282,1.2652106084243366,0.325218,1.0,1.0,0.8333333333333334,0.8333333333333334,0.2005420131748232,0.2005509255744732,0.2054145938060835,0.3072780532934363,0.04056,,,,,,,,,,,,,0.6876984886450187,0.8735021981479811,0.4729907353519947,0.1659807135679409,-0.3219821065458547,3.467683,0.580102431936517,0.653456727269696,0.7107505592639264,0.8172287644868195,0.5586929410152678,0.6382074136192715,0.6966320983916954,0.8097584530283358,-3.689812346259641,-3.045218032889818,-2.541753605525296,-1.6060858948240035,-3.898281761284309,-3.195891414246937,-2.679797509968364,-1.6804969186405154,0.938992,0.8469183857182181,-0.1551551551551551,0.080150069615654,-0.8758758758758756,0.59343737494998,3.676458,MA-BBOB,-100,MABBOB_418,418,418,lhs_target,418,ng_DE
26,5,5000,0.5466520892354945,3549.890336672942,594.9725326207941,577.1926008754152,0.4834448112227636,5.725661682528501,0.040206865808775,0.2165543327499127,5.386003817851682,0.580878180741117,0.6091270890924969,3.827493798438244,0.8142415155940192,0.04849,-0.7318370772179928,-0.0977705596679316,2,0.061229,0.107,0.065,1.6461538461538463,0.1783999999999999,0.1268,1.4069400630914826,0.2312,0.1651999999999999,1.3995157384987895,0.291925,1.0,1.0,0.8333333333333334,0.8333333333333334,0.2003878974699106,0.2003889831557411,0.2148310661109123,0.2826920028129272,0.032374,,,,,,,,,,,,,0.6848119043974874,0.8800021475116717,0.4754507110277357,0.1625006922067129,-0.3632966272721228,3.468483,0.7131889511036426,0.7337216269594767,0.7469657525872848,0.8089550063626326,0.7008623358509469,0.71208866939155,0.7249810956588404,0.796667319999648,-2.520199905627761,-2.3397799115122,-2.2234041851036066,-1.6787065100463927,-2.6412327840062355,-2.542109992912784,-2.4282764540322264,-1.795323708248187,1.17906,0.7953877230241264,0.2452452452452451,0.1270878709202059,-0.6156156156156153,0.5044017607042817,3.960524,MA-BBOB,-100,MABBOB_26,26,26,lhs_target,26,modcma_base
387,5,5000,0.0125434362974648,112.56709612381178,32.53879115950478,18.72802666773537,0.6684528666090168,3.2898024203695115,0.0607918312991231,0.155644023561913,2.5602785807862003,0.7282465892636856,0.6904769197761697,2.1030880540560126,0.7992261676077655,0.052859,-1.733195609713554,4.291172500106409,2,0.063632,0.074,0.0453999999999999,1.629955947136564,0.0924,0.0694,1.3314121037463975,0.098,0.0861999999999999,1.1368909512761023,0.312541,1.0,1.0,0.8333333333333334,0.8333333333333334,0.2002856451227659,0.2002890070575932,0.2070284474531188,0.3027845876924093,0.035253,,,,,,,,,,,,,0.7946268136181661,0.8861646309996174,0.5763977500333036,0.1545255118780011,-0.2642314426240452,3.443915,0.5736512961758151,0.7480583590947582,0.7520617600113574,0.8206226342957478,0.5550469035945154,0.7176161886061853,0.7260826082891175,0.8111504335531484,-3.746450025721087,-2.213884453226555,-2.1787054053429005,-1.5762410682350838,-3.930185509383028,-2.494242140553493,-2.4194598764833657,-1.6680720630974228,1.212271,0.7973387811780434,0.1451451451451451,0.0460960448682843,-1.076076076076076,0.4797919167667067,3.599499,MA-BBOB,-100,MABBOB_387,387,387,lhs_target,387,opy_MVPA
577,5,5000,3.8559794631533393,305.422740066764,81.38261360298998,45.45819583105878,0.3022143394428097,4.185134296877092,0.0082422504073834,0.1082107394309486,13.128785717795354,0.4306395683961052,0.6139148377584938,11.745119068207414,0.784572773326036,0.06764,-0.7206936577955556,1.411932358656072,4,0.064926,0.1004,0.0817999999999999,1.2273838630806848,0.232,0.1498,1.5487316421895865,0.2957999999999999,0.1705999999999999,1.7338804220398594,0.325413,1.0,1.0,0.8333333333333334,0.8333333333333334,0.2004954907322871,0.2004936000785983,0.2009044201577706,0.2582433421717141,0.02984,,,,,,,,,,,,,0.6821851993100467,0.8744068809690455,0.4821599645828034,0.1644365603260864,-0.3989063153299904,3.435709,0.6141286540150466,0.6860406012091045,0.7402144133556353,0.8169740689616941,0.5829958566542585,0.6644767942811657,0.7234514377683348,0.8064598019890322,-3.3907159227434933,-2.7588136399658296,-2.282779310513133,-1.6082794047908786,-3.682981995356824,-2.963342080422257,-2.4424778309614386,-1.7093476792176538,1.211969,0.8397984462417739,-0.095095095095095,0.0920373199661822,-0.8358358358358354,0.5546218487394958,3.835394,MA-BBOB,-100,MABBOB_577,577,577,lhs_target,577,opy_EO
424,5,5000,0.9560572932308424,186.34301011914923,37.024444866073175,31.514749135324987,0.548236405306671,3.160590301325596,0.0612057033935295,0.1631324597375743,2.665314679723461,0.6185277367039002,0.7878992687325636,1.2728297955888757,0.9235413063719312,0.035929,-0.4297981869582495,-0.8385608154878068,2,0.059025,0.093,0.054,1.722222222222222,0.1649999999999999,0.1076,1.5334572490706315,0.2234,0.1592,1.4032663316582914,0.297145,1.0,1.0,0.8333333333333334,0.8333333333333334,0.2004405021318892,0.2004359788765407,0.2099945324691622,0.2901754096198203,0.025761,,,,,,,,,,,,,0.825270115471462,0.9031689162424712,0.5820019793241518,0.1366176069551249,-0.3260878724879986,3.473899,0.5392218738440634,0.579075834955724,0.6344568379415936,0.753690640820642,0.5303900961675442,0.5711417179672815,0.6309926729622474,0.7526022199825079,-4.049071463341918,-3.698856191656577,-3.212197589452336,-2.16443476978258,-4.148518070903357,-3.7885196167073296,-3.259798296455907,-2.18550365468891,1.14029,0.8093301751938264,-0.035035035035035,0.1106736018095974,-0.7557557557557554,0.4983993597438975,3.869438,MA-BBOB,-100,MABBOB_424,424,424,lhs_target,424,ng_DE
528,5,5000,0.5215797365388084,1795.1258545151488,305.9829172779865,286.23036310081096,0.6165453189076382,5.221769029269737,0.0389204911751169,0.2456905751840906,6.3126278154775255,0.6975173287514749,0.6546580666981542,17.67618816589688,0.8243124475500527,0.053839,-0.7146116428674424,0.504855841150178,1,0.098282,0.1008,0.0568,1.7746478873239435,0.1733999999999999,0.0871999999999999,1.988532110091743,0.1462,0.1162,1.258175559380379,0.316984,1.0,1.0,0.8333333333333334,0.8333333333333334,0.2004563166478823,0.2004532800289251,0.2135016265980091,0.2974901479665449,0.028248,,,,,,,,,,,,,0.6075791866994766,0.8849932488314269,0.4719596811512352,0.1524400793163285,-0.3498278250874097,3.474971,0.7672195051499131,0.7992644308758233,0.8230508663474039,0.8691909499398346,0.7592773527706707,0.7862558789329314,0.8079539076975617,0.8602690828735636,-2.045360368421126,-1.7637928722656344,-1.5547898264953712,-1.1493731336733504,-2.125514280004266,-1.8873013687083688,-1.695713786409856,-1.233785284138181,1.15685,0.7995407973801897,0.1851851851851851,0.1009262190987048,-0.7357357357357354,0.4873949579831932,3.910988,MA-BBOB,-100,MABBOB_528,528,528,lhs_target,528,modcma_bipop
756,5,5000,2.5269053966338406,25.44305680472329,17.35135017807161,3.3554893524409817,0.5265911647277184,2.7342082752040326,0.0043728199014452,0.0593381685512502,13.56977188373093,0.5718481838969749,0.5959422269516998,3.186844276306477,0.6656626881355715,0.044182,-2.3139251930052707,13.489908825011645,8,0.111638,0.0988,0.0819999999999999,1.204878048780488,0.1771999999999999,0.1382,1.282199710564399,0.1302,0.1172,1.1109215017064846,0.32552,1.0,1.0,0.8333333333333334,0.8333333333333334,0.2004606831484458,0.2004491950103061,0.2006180362095355,0.2877052126183456,0.042059,,,,,,,,,,,,,0.7719151704057635,0.8836426586663587,0.5259355539405374,0.1623514613022834,-0.3742174333996144,3.463893,0.6717802773315978,0.7441764587393863,0.77833414596671,0.8220500675490094,0.6516207964645597,0.7313412096058846,0.7664652498881169,0.8143992097699518,-2.8840466230465136,-2.247905806117184,-1.947764298172008,-1.5636351697095687,-3.0765767492727543,-2.372556626877396,-2.062372194005981,-1.6390618902437648,1.074509,0.8039171893411108,-0.3353353353353351,0.0183342548256229,-1.4564564564564562,0.51640656262505,3.784362,MA-BBOB,-100,MABBOB_756,756,756,lhs_target,756,modcma_bipop
390,5,5000,0.0003537804959096,236.92913382460563,61.75124731296384,51.917010479450376,0.7034566236555718,3.623079959730498,0.0043253275062787,0.3282459436103728,75.88926922502054,0.7442513163061892,0.7669318615468397,8.588205021144764,0.8577388597615373,0.04869,-0.8596243815473172,0.3530853447323867,3,0.061223,0.099,0.058,1.7068965517241377,0.1332,0.0951999999999999,1.3991596638655468,0.1272,0.1099999999999999,1.156363636363637,0.311849,1.0,1.0,0.8333333333333334,0.8333333333333334,0.2007152636121081,0.2007120380524283,0.2180411327118135,0.3064926813583745,0.034925,,,,,,,,,,,,,0.8435050346693554,0.8865478086783484,0.5771783667400895,0.1615556538407588,-0.2831400800255035,3.501587,0.5685080388404583,0.7684733660529618,0.7591984189717806,0.796748022112555,0.5563696471666539,0.7393945890201694,0.7386840817329022,0.7879304885389198,-3.7915496566518376,-2.034440519097111,-2.1159401195221434,-1.7859891639742722,-3.917796311522,-2.301463169457665,-2.307737814128812,-1.8728320649885903,1.242722,0.7944309480724593,0.2252252252252251,0.080150069615654,-0.8358358358358354,0.4867947178871548,3.747074,MA-BBOB,-100,MABBOB_390,390,390,lhs_target,390,modcma_base
461,5,5000,0.5632551975793788,399.7661262889858,111.83560224734838,76.37678744086944,0.2988242628484044,4.416158648656129,0.011708977295762,0.143448736913448,12.251175597152054,0.4911030222877738,0.3721906005021413,4.784874600326787,0.6390063723406703,0.04548,-1.083081112104388,1.467794110125693,1,0.066716,0.1,0.0688,1.453488372093023,0.275,0.1,2.75,0.2271999999999999,0.0776,2.927835051546392,0.341371,1.0,1.0,0.8333333333333334,0.8333333333333334,0.2003237228952977,0.2003162965715282,0.2024734191121597,0.2579917241951351,0.034098,,,,,,,,,,,,,0.6479044094186625,0.8766544313484634,0.4598503432710474,0.1649745958860164,-0.4053604889205577,3.482217,0.8612612973110829,0.8983168911703027,0.8916600238530704,0.9016893020299804,0.8566643934663261,0.8936199911038629,0.8858103320329043,0.8952527789663383,-1.2190534439895355,-0.8934575688828854,-0.9519493730584596,-0.8638252529295203,-1.2659747326513386,-0.939573959175978,-1.008550756313486,-0.9251527819984284,1.018373,0.7838104768333561,0.1851851851851851,0.0666536326812491,-0.8158158158158154,0.4831932773109244,3.836165,MA-BBOB,-100,MABBOB_461,461,461,lhs_target,461,ng_Powell
567,5,5000,0.005146843244404,25.78351534908472,11.768580295254552,3.705533809506932,0.4005963123013982,2.492467410122718,0.0063891514198343,0.0598929972307618,9.374170886736437,0.5335496890328149,0.4721627886212219,10.672419628329909,0.663633256169792,0.032779,-2.65691101840604,14.777501333563375,4,0.081589,0.0807999999999999,0.061,1.3245901639344255,0.1601999999999999,0.1258,1.2734499205087435,0.2387999999999999,0.1813999999999999,1.316427783902977,0.319562,1.0,1.0,0.8333333333333334,0.8333333333333334,0.2004418341386111,0.2004385602167093,0.200674166456939,0.2721911812808193,0.033909,,,,,,,,,,,,,0.6673267920355644,0.8631899511345862,0.451040819643282,0.1781881146816139,-0.360133950829707,3.470408,0.6371997899190164,0.6969020568604672,0.755524937228062,0.8418085363474211,0.6004186837034681,0.6724183163871981,0.7406168763219039,0.8326589766133771,-3.1877891407996746,-2.6632077515149275,-2.148110526525717,-1.3899689580839345,-3.528634698034093,-2.892818177661605,-2.2905682847687805,-1.4777601390360535,0.985266,0.8497726199750687,-0.2952952952952952,0.0440193518520887,-1.076076076076076,0.597639055622249,3.555019,MA-BBOB,-100,MABBOB_567,567,567,lhs_target,567,ng_DE
529,5,5000,1.0839757647457298,506.3480945546428,88.01734702058745,61.72425073208681,0.3182192763338978,4.213005244826388,0.0144022574148674,0.0982429257300786,6.821356048577652,0.5596957047036577,0.4775714111809568,3.4640975790013555,0.755574189641606,0.040748,-0.7563716992607459,1.059469553588678,2,0.079814,0.0975999999999999,0.0696,1.4022988505747127,0.2116,0.1344,1.574404761904762,0.2932,0.147,1.994557823129252,0.482322,1.0,1.0,0.8333333333333334,0.8333333333333334,0.200363412354048,0.2003641168851139,0.2020446192697327,0.2608153805405629,0.030261,,,,,,,,,,,,,0.6455416017673395,0.87462229838126,0.4625372247589778,0.1662167740628839,-0.3855561708872017,3.532015,0.7037401764689033,0.7284432215441504,0.7805583588597861,0.8513251486036879,0.6733516199727528,0.7009183266808691,0.7555194283743232,0.8352161136366607,-2.603180840987738,-2.3861197056387864,-1.9281935333737577,-1.3063787052818334,-2.885344774843809,-2.641843021817267,-2.159541522392161,-1.455566151766181,1.238418,0.8066617019062409,0.065065065065065,0.0839312949816636,-0.8158158158158154,0.5142056822729092,3.921735,MA-BBOB,-100,MABBOB_529,529,529,lhs_target,529,opy_MVPA
423,5,5000,0.1933181522777625,127.44557157543012,31.62998681282238,25.419369506985166,0.5816306196677866,2.996544057804746,0.0949681756048852,0.2055167139739986,2.1640587772165936,0.6563839326335273,0.7602212372620463,1.283456941938656,0.918848959058676,0.044554,-0.6825730134785052,-0.7941004538296008,2,0.09937,0.073,0.0395999999999999,1.843434343434344,0.1628,0.111,1.4666666666666666,0.2172,0.1667999999999999,1.302158273381295,0.414144,1.0,1.0,0.8333333333333334,0.8333333333333334,0.200398830301137,0.2003939181743208,0.2130040866420307,0.2938486611520833,0.035912,,,,,,,,,,,,,0.9025848666089308,0.9029291753783552,0.6330116341927606,0.142859578205845,-0.322407186404951,3.446721,0.4625016308781364,0.5500348813127646,0.6322627550981013,0.7657506079078562,0.4566874155671394,0.5470193129873107,0.6291884183043641,0.7639268724155656,-4.722904608419659,-3.9537651735539,-3.231243159811254,-2.05830863308286,-4.798437600676561,-4.000642766651377,-3.2749402229142826,-2.084954783613056,1.234848,0.7935745569634546,0.0250250250250249,0.0920373199661822,-0.8158158158158154,0.491796718687475,3.200584,MA-BBOB,-100,MABBOB_423,423,423,lhs_target,423,ng_DE
188,5,5000,0.0502787650630394,12.826796566247626,4.729116731842082,2.4015815766892668,0.3317089290722289,1.6350195896446371,0.0030139697423596,0.0860661637751143,28.55574910574058,0.3834612185535719,0.82725564972927,13.468570995409776,0.9247804263048373,0.03712,-0.5952116782318513,-0.121638307825969,1,0.070252,0.1026,0.0622,1.6495176848874595,0.2458,0.1102,2.2304900181488203,0.2941999999999999,0.1376,2.1380813953488365,0.349669,1.0,1.0,0.8333333333333334,0.8333333333333334,0.2004480740635803,0.2004438356223616,0.2008007753284533,0.2627476850061804,0.033033,,,,,,,,,,,,,0.8288980575353585,0.9070720277262074,0.6057323039384005,0.1314672475796524,-0.3705783003306444,3.462179,0.549291374052747,0.6433186094323917,0.7173280466891131,0.8079562035958854,0.5343218408694457,0.6261300910575694,0.7032560998372288,0.7987281397407462,-3.9603392506027824,-3.134129745255411,-2.483814968903383,-1.6874728836962485,-4.112762101468373,-3.30193280966561,-2.6207736877975565,-1.7775866502131272,1.242814,0.800025387849741,-0.4354354354354351,0.0554298551568466,-1.056056056056056,0.4747899159663865,3.729877,MA-BBOB,-100,MABBOB_188,188,188,lhs_target,188,modcma_bipop
773,5,5000,10.25984732907268,163.0058907467084,67.64016904768222,20.751475861132587,0.3121194823763609,3.992677634188484,0.0003089279335605,0.0579071694935937,187.4455599601652,0.3234811007353341,0.4319198428116092,37.01756355654763,0.4696919519116631,0.052329,-1.168481949219382,3.557474746222529,7,0.122116,0.101,0.1,1.01,0.236,0.2267999999999999,1.0405643738977075,0.2872,0.25,1.1488,0.322408,1.0,1.0,0.8333333333333334,0.8333333333333334,0.2004686918846848,0.2004672247787967,0.2006980407523149,0.2599970529957074,0.02964,,,,,,,,,,,,,0.5736344429632387,0.838258880618661,0.3877531619608488,0.1991711608484185,-0.565066395760362,3.466581,0.789898527965166,0.8139125926778675,0.8378608035736032,0.8775068965478034,0.780494322528673,0.7995920824519024,0.8268728101046967,0.8712140120194515,-1.8461579118135945,-1.635146750707559,-1.424714245924286,-1.0763447294809074,-1.938796760352406,-1.7701146766100306,-1.5291560508350646,-1.1375097863156052,1.22729,0.8528713814085809,-0.035035035035035,0.0963793479961578,-0.7757757757757754,0.6438575430172069,3.905019,MA-BBOB,-100,MABBOB_773,773,773,lhs_target,773,modcma_base
542,5,5000,0.0269099758008825,70.8249181283657,16.161122050992294,12.840173193436424,0.3419384770041633,2.493489179681519,0.0292002346961883,0.1225712651953528,4.197612329854068,0.4792360241475339,0.5744684358071107,2.4170686812983684,0.746119262047781,0.042058,-0.7671181643813927,0.2839447645506441,3,0.059331,0.0968,0.0665999999999999,1.4534534534534536,0.25,0.1402,1.7831669044222538,0.2307999999999999,0.1478,1.561569688768606,0.324754,1.0,1.0,0.8333333333333334,0.8333333333333334,0.2005808472210171,0.200586539796278,0.2035714988892435,0.2642993908502286,0.047669,,,,,,,,,,,,,0.8389123498133917,0.900724639722398,0.5814168584338324,0.1401808332823406,-0.3104318569747197,3.470599,0.4643590226476935,0.5648412977127141,0.7145446103186518,0.788981165438087,0.4627250371400193,0.5585307720502496,0.682137411940311,0.772001037809583,-4.706442703774198,-3.823548955286116,-2.508171504464933,-1.854130091375791,-4.745760558604877,-3.899506574229996,-2.807686636726588,-2.01391942108442,1.208078,0.8092809511485417,0.2252252252252251,0.0839312949816636,-0.8358358358358354,0.5130052020808323,4.054492,MA-BBOB,-100,MABBOB_542,542,542,lhs_target,542,modcma_bipop
492,5,5000,1.5665964464515134,1731.2236878990766,299.3803262140293,214.62870875851868,0.5231313755098661,5.391181814692664,0.0207208637243674,0.1591995665147837,7.683056489945784,0.5378852921687904,0.5998294389859697,2.5057811090216124,0.6855714970710182,0.039763,-1.1156248853380604,2.1049940297079246,2,0.065594,0.1138,0.0514,2.2140077821011674,0.1878,0.0965999999999999,1.944099378881988,0.1372,0.1186,1.1568296795952782,0.326221,1.0,1.0,0.8333333333333334,0.8333333333333334,0.2007295514093219,0.2007315184766976,0.2063106501125924,0.2870645636058564,0.038229,,,,,,,,,,,,,0.641816600846066,0.8780337714851832,0.4663749633400613,0.1610735931994534,-0.3719637246298055,3.472719,0.8008371156160929,0.7997743720653419,0.8159615280803646,0.8363618772432081,0.7914657547757622,0.7906223815616655,0.8069933519510791,0.8254333905754239,-1.7500723743634108,-1.7594108519364573,-1.6171720274233747,-1.4379112800823162,-1.84188714307487,-1.8493362710499328,-1.7047390139064058,-1.5418666280138045,1.181044,0.8186449301020783,0.1651651651651651,0.1106736018095974,-0.7957957957957954,0.5474189675870348,3.915268,MA-BBOB,-100,MABBOB_492,492,492,lhs_target,492,ng_OnePlusOne
259,5,5000,0.0666275855336664,180.88197031008605,39.85193855917859,27.01822380620581,0.9221440305844928,3.448540758966516,0.087091158505437,0.1394559466739215,1.601264112995069,0.9703165338905396,0.9261644103731372,10.64089212122286,0.9802490372237146,0.041464,-0.8505506874593279,0.8852996570300324,1,0.068788,0.0465999999999999,0.0232,2.008620689655172,0.049,0.0379999999999999,1.2894736842105263,0.0394,0.0316,1.2468354430379749,0.321856,1.0,1.0,0.8333333333333334,0.8333333333333334,0.2005148205825829,0.2005188566437364,0.2110503712677954,0.3268035741161502,0.028736,,,,,,,,,,,,,0.8284841193636804,0.8957528105161806,0.6121942035430487,0.14291696391461,-0.2329286485260962,3.460718,0.5026682085681524,0.6074112407264651,0.6942675735300283,0.8218774355196533,0.4880614570745054,0.5897383271424746,0.6811745364341621,0.8137164244079658,-4.369983449176608,-3.4496213793588284,-2.6864271831563915,-1.565137544219664,-4.520560989458917,-3.6227256951422735,-2.8153183091190668,-1.6449362456399923,1.224646,0.8004435677281672,-0.4554554554554552,0.0554298551568466,-1.076076076076076,0.471188475390156,3.856233,MA-BBOB,-100,MABBOB_259,259,259,lhs_target,259,ng_OnePlusOne
257,5,5000,3.7652732847894295,347.0475711919519,125.7529920125107,67.53128812991939,0.5892048572324526,4.61138444713897,0.0069806503607518,0.1493613275421133,21.39647738008555,0.6177461347728899,0.6256847638537719,6.059594091473991,0.731751695176761,0.048402,-1.2696395816104202,2.628875872646531,4,0.080545,0.1092,0.0536,2.037313432835821,0.1871999999999999,0.095,1.9705263157894728,0.1036,0.0951999999999999,1.0882352941176472,0.303277,1.0,1.0,0.8333333333333334,0.8333333333333334,0.2003931101622666,0.200392219907513,0.2051023403881,0.2947512118238853,0.029073,,,,,,,,,,,,,0.6616277666834005,0.884886218029242,0.4648779128075391,0.1560835294853691,-0.3553880306355225,3.473751,0.80892769290476,0.7980976866265026,0.8135074987666469,0.8527397280984527,0.7987402228956716,0.7867541444369405,0.7997718190271033,0.8437075496365982,-1.6789231136132905,-1.774084720952234,-1.6386810605691997,-1.2939534669943011,-1.77742219352554,-1.883277035324572,-1.7683116703741044,-1.380294035665136,1.145916,0.8067483324398501,0.065065065065065,0.0505479682119124,-1.056056056056056,0.5084033613445378,3.838861,MA-BBOB,-100,MABBOB_257,257,257,lhs_target,257,ng_DE
405,5,5000,0.0370631875750758,8.865947141919852,1.9267307389771449,1.1169323216906335,0.5814542291305438,0.9946645305389684,0.0048893014365282,0.0753347599771312,15.408082515490127,0.6516143276892181,0.7678319466316721,7.360239216975343,0.9345122524600082,0.04963,0.2223664358807595,-0.0752808189915281,1,0.060471,0.1054,0.0568,1.8556338028169013,0.2156,0.12,1.7966666666666664,0.1753999999999999,0.143,1.2265734265734265,0.329167,1.0,1.0,0.8333333333333334,0.8333333333333334,0.2004106271765853,0.2003992050621799,0.201336945322764,0.2938465342717832,0.030792,,,,,,,,,,,,,0.8145023754410072,0.8988651348240595,0.562793030421707,0.1439722330512624,-0.3263232423209891,3.431473,0.6324226638407037,0.685769813727627,0.7508157730222657,0.8290548799194355,0.6145021325171844,0.6702557213753876,0.7402014805326282,0.8210351366861632,-3.229875095837146,-2.7611176020971246,-2.189563528046314,-1.502082233557048,-3.404433643129037,-2.912058951477825,-2.2943494496743524,-1.580486049331454,0.99381,0.8032302775756055,-0.5955955955955953,0.0440193518520887,-1.1761761761761762,0.4889955982392957,3.817589,MA-BBOB,-100,MABBOB_405,405,405,lhs_target,405,ng_DE
565,5,5000,0.0002949054063542,71.50630565726027,22.67167332180076,12.924998434105628,0.2283153699729472,2.9866221044686823,0.0159220920854982,0.0957617814363211,6.014396909784278,0.5201538482292729,0.3518056515522757,34.24879142929262,0.7007997389187556,0.053309,-0.988714956625298,1.7202775894131168,2,0.046895,0.1002,0.0732,1.368852459016393,0.241,0.1314,1.834094368340944,0.3128,0.108,2.8962962962962964,0.317535,1.0,1.0,0.8333333333333334,0.8333333333333334,0.2004168875617566,0.2004010803349971,0.2001961586027562,0.2463028411104502,0.02897,,,,,,,,,,,,,0.6887545542689754,0.8788503510066482,0.4663481212130309,0.1653657720699035,-0.4107438039746648,3.456374,0.8263426868494966,0.8290452394831815,0.8423752963708371,0.8861097779166065,0.8063950533205972,0.815293961955852,0.8302946597853739,0.8765751475780302,-1.5258583145111366,-1.5021120504943817,-1.384986098434374,-1.0007084594062317,-1.7094974324238592,-1.6309216433014164,-1.4984681349383369,-1.0898196142789898,1.175737,0.8064815158693682,0.0050050050050049,0.0765391938823014,-0.9359359359359356,0.501000400160064,3.355911,MA-BBOB,-100,MABBOB_565,565,565,lhs_target,565,opy_ASO
113,5,5000,0.1163041083053618,27.326695109387856,9.315897957819711,7.488132011794668,0.9301637025770918,2.022577328990921,0.0011882757968908,0.2597158408298358,218.56528720806708,0.963826115928252,0.9464578863433726,18.75780397027795,0.9914335581470096,0.044017,-0.1516245582227565,-1.0309876337542614,2,0.078113,0.0554,0.0221999999999999,2.495495495495496,0.0665999999999999,0.0304,2.19078947368421,0.0452,0.043,1.0511627906976744,0.329949,1.0,1.0,0.8333333333333334,0.8333333333333334,0.2003849642353628,0.200380166743624,0.2113303805848408,0.3273595846638724,0.029665,,,,,,,,,,,,,0.7813808986214853,0.8962967478794261,0.5740788918597747,0.1431988445489596,-0.2128000996272948,3.454705,0.691348589300854,0.7448398025633356,0.7751034008962152,0.8410112905232364,0.682004345276832,0.7339091749111645,0.7635124838681335,0.8341939001800134,-2.7121256511665583,-2.242097371455868,-1.976170573488924,-1.3970367290435035,-2.8088378693475624,-2.3503654062383834,-2.088881030520364,-1.4645560252973784,1.11244,0.7886181512442116,-0.4954954954954953,0.0554298551568466,-1.056056056056056,0.4751900760304122,3.300932,MA-BBOB,-100,MABBOB_113,113,113,lhs_target,113,ng_DE
99,5,5000,4.081283582551042,206.9364521993004,41.78362004814049,31.854273224901853,0.5019212632525244,3.290093748338375,9.47113030665718e-05,0.1505256842207253,1589.310666699644,0.5314337403832767,0.7825311662009025,4.525114057669179,0.8868568555619092,0.039801,-0.1399499770298416,-0.8443576261866621,2,0.09037,0.1058,0.0769999999999999,1.3740259740259744,0.194,0.1404,1.381766381766382,0.2349999999999999,0.1631999999999999,1.4399509803921569,0.346166,1.0,1.0,0.8333333333333334,0.8333333333333334,0.2004913620973676,0.2004821827039896,0.2062132477907169,0.284798763271247,0.029987,,,,,,,,,,,,,0.7480287951548245,0.8867680125428612,0.4870918610534817,0.1557053100384997,-0.374391161135602,3.4888,0.5268810516258164,0.611302271356259,0.676636041323867,0.7787067314506548,0.5121861177410834,0.6007084126888401,0.6677004260078223,0.7744188558578704,-4.157523354107788,-3.415673563864358,-2.84155435898861,-1.944610198476151,-4.308127080033017,-3.5263426537983333,-2.934702855871766,-1.9922193097975864,1.227482,0.8379480216344406,-0.035035035035035,0.1158948303439811,-0.6956956956956954,0.5640256102440976,4.000774,MA-BBOB,-100,MABBOB_99,99,99,lhs_target,99,opy_RPSO
862,5,5000,0.1469552120795265,16.956791315691664,3.883335187926893,2.357195648137987,0.1086509794553244,1.4378615218039887,0.0101863342244136,0.0346484441891977,3.4014635123747934,0.465002636745086,0.5449805108901784,1.1412473792236306,0.9391368219505108,0.057287,-0.0564170892859771,-0.3819321577030687,1,0.089528,0.1,0.0799999999999999,1.2500000000000002,0.2553999999999999,0.1522,1.6780551905387644,0.3824,0.1352,2.8284023668639047,0.318151,1.0,1.0,0.8333333333333334,1.0,0.2004420066305097,0.2004438337739317,0.1996170365915821,0.2218506143664608,0.036069,,,,,,,,,,,,,0.8826857686307376,0.9088498734374734,0.6182287694680503,0.1325123208603456,-0.3645755439985516,3.438072,0.5412579959763063,0.6098980692224734,0.688259135298773,0.7918570032747151,0.5073915990759267,0.5805590195580052,0.6604105043556295,0.771088976958157,-4.030912110144373,-3.4277798483014363,-2.739230364189959,-1.8289280658466964,-4.350780650498353,-3.704556597714955,-2.99929803062727,-2.0217715488975987,1.11028,0.8109734176869516,-0.4754754754754753,0.0666536326812491,-0.9959959959959956,0.4879951980792317,3.856829,MA-BBOB,-100,MABBOB_862,862,862,lhs_target,862,modcma_base
248,5,5000,1.5787961095855545,1463.5893385018942,279.1085969501814,250.5693857436165,0.6464896430695809,4.9468599366878685,0.0633719354158783,0.3017182666700103,4.7610707277596,0.7600821642292335,0.7640099107813434,2.8726817993372644,0.9255205411166764,0.045717,-0.9836236872723612,-0.0005525926045177,2,0.094118,0.072,0.0409999999999999,1.7560975609756104,0.1446,0.0931999999999999,1.551502145922747,0.1721999999999999,0.1244,1.384244372990353,0.319086,1.0,1.0,0.8333333333333334,0.8333333333333334,0.2005059381819841,0.2004888759926378,0.2252012202284107,0.3007430603181365,0.029603,,,,,,,,,,,,,0.8254315045357555,0.9001922445682788,0.580386022794427,0.1408561219108411,-0.2755146383719404,3.478001,0.5170560844813786,0.5846159407133711,0.6567286635282865,0.7732099256934984,0.5006592172868652,0.5725611170218796,0.6476914139661728,0.7672694407641923,-4.243483558407251,-3.649855333852544,-3.01622243408103,-1.9927364660886608,-4.409637012398116,-3.774677302897669,-3.1112078855632106,-2.055224254558639,1.158804,0.7918234840913464,0.085085085085085,0.1106736018095974,-0.7357357357357354,0.4779911964785914,3.465954,MA-BBOB,-100,MABBOB_248,248,248,lhs_target,248,modcma_bipop
911,5,5000,5.419714592402,572.0905882703858,65.83125348731538,57.27855497354231,0.491781155430288,3.7443849623567735,0.0617846542046284,0.1179901543438079,1.909700003386424,0.552437027592857,0.8246482242172719,1.6023716347363972,0.925863442754898,0.040318,-0.306637514594673,0.1250174811626294,2,0.097471,0.105,0.074,1.418918918918919,0.194,0.1256,1.5445859872611465,0.2405999999999999,0.1613999999999999,1.4907063197026025,0.326097,1.0,1.0,0.8333333333333334,0.8333333333333334,0.2003409394368666,0.2003459733775,0.206050768365099,0.2835747293944648,0.034223,,,,,,,,,,,,,0.8392091851041864,0.8848755553160504,0.5534354632823089,0.1620431429282311,-0.3562992854515642,3.334583,0.5002243496563558,0.5732803943978677,0.6294298369919356,0.7492278930370047,0.4903749392734656,0.5693642851213774,0.6277198269474255,0.7478997885376377,-4.391223838783884,-3.749324928711726,-3.2559740207914203,-2.203381564189428,-4.499529075900358,-3.802124482369696,-3.286897745262433,-2.225817211379666,1.119138,0.8332307082887498,-0.095095095095095,0.1106736018095974,-0.7157157157157155,0.530812324929972,3.942184,MA-BBOB,-100,MABBOB_911,911,911,lhs_target,911,modcma_base
964,5,5000,0.8222719359152688,37.09748289770329,14.906380234082071,5.356054305119433,0.5721764679684287,2.641680880560572,0.0240978028835653,0.0699371357269833,2.9022204250280548,0.634362080522995,0.7728596276102788,1.9618534679773048,0.8659683687079377,0.043329,-0.8559556315183389,1.2708354120133265,4,0.086917,0.0904,0.0552,1.6376811594202896,0.1667999999999999,0.1173999999999999,1.4207836456558771,0.2216,0.1611999999999999,1.37468982630273,0.319958,1.0,1.0,0.8333333333333334,0.8333333333333334,0.2003570478584571,0.2003604469322671,0.2016850277404621,0.2929500180094828,0.03079,,,,,,,,,,,,,0.6913321051681507,0.8693810522836318,0.4400272537444551,0.1715273265097659,-0.3643133313515502,3.441715,0.5066444533780546,0.5822164393007835,0.6480580842497639,0.7696375334476737,0.4920887824779904,0.5724085689073326,0.6422571454978756,0.7648328587280029,-4.335068578745976,-3.6710246780536018,-3.092480364230381,-2.0241732302619857,-4.486178501478136,-3.776745658311967,-3.159800861959316,-2.077138163192445,1.081892,0.8549075336236505,-0.3753753753753752,0.0607832312829723,-1.016016016016016,0.5948379351740696,3.817336,MA-BBOB,-100,MABBOB_964,964,964,lhs_target,964,modcma_bipop
103,5,5000,1.161461533846805,295.0028751640354,72.61329578142998,50.32006101262105,0.5708438574344734,4.002532064604755,0.0040025306605782,0.1907255636193468,47.65124362390098,0.649519249228464,0.7011974399936686,2.645715020060954,0.8346241215194388,0.043166,-0.6433697348588686,0.2444888227440382,2,0.087802,0.1074,0.0604,1.7781456953642385,0.1994,0.0904,2.2057522123893807,0.1801999999999999,0.1331999999999999,1.3528528528528527,0.320037,1.0,1.0,0.8333333333333334,0.8333333333333334,0.200409011079812,0.2004080748132505,0.2059803509241342,0.2924965689999823,0.029856,,,,,,,,,,,,,0.7132823764031475,0.901779977083971,0.487030433914246,0.1400073300554983,-0.3446531554302426,3.507375,0.6471732936114379,0.6746911274445387,0.7379053754990451,0.8166021673077507,0.6241970976530117,0.6520163423549519,0.7177068102128344,0.8034582454366269,-3.1000794495723625,-2.858296530031133,-2.302870345545746,-1.6114082123908735,-3.3190725374623344,-3.073374352252737,-2.493199408210298,-1.7358469984184302,1.185324,0.7999161798201266,-0.055055055055055,0.080150069615654,-0.8758758758758756,0.4935974389755902,3.892935,MA-BBOB,-100,MABBOB_103,103,103,lhs_target,103,ng_Powell
1,5,5000,0.0123267960178116,36.01237303662348,15.855487166837555,5.821928397240625,0.3766282640458011,2.7248849348080832,0.006644190342514,0.0870538984372347,13.102258356477938,0.5141290165173658,0.4185871645431284,84.91515512322391,0.5937485781938543,0.112372,-3.157799661896956,13.023517038030016,2,0.064322,0.0865999999999999,0.073,1.1863013698630134,0.1705999999999999,0.144,1.1847222222222216,0.241,0.1982,1.2159434914228051,0.470747,1.0,1.0,0.8333333333333334,0.8333333333333334,0.200558980677847,0.2005588560945664,0.2011700403586705,0.2688983256489746,0.056752,,,,,,,,,,,,,0.6152929752260345,0.8447233707350544,0.4119964849933408,0.1945389046588959,-0.3191065562709634,3.57774,0.5219165246327943,0.6239075328463946,0.7338378450500099,0.8274016400031866,0.5125323867346981,0.6059189703772597,0.7202610001104734,0.819477848793622,-4.200834121620532,-3.304657346062476,-2.33871932414978,-1.5165909665743147,-4.3056466580842265,-3.480792614803073,-2.470845769510936,-1.5944948462225217,1.167571,0.8559307602185686,0.085085085085085,0.0697981390783066,-0.9359359359359356,0.6266506602641057,4.164826,MA-BBOB,-100,MABBOB_1,1,1,lhs_target,1,opy_COA
275,5,5000,0.6180937616429402,17.460986580581533,8.656449119738122,4.245179705489456,0.7856247772061312,2.074129348255577,0.0002173856632822,0.1622222238461499,746.2415938420665,0.7870569421670031,0.8105700323917493,11.238501015678798,0.9000617709814377,0.035463,-0.4661741837010533,-0.5547800802711054,2,0.047103,0.1004,0.0662,1.516616314199396,0.1659999999999999,0.097,1.7113402061855667,0.0186,0.018,1.0333333333333334,0.327901,1.0,1.0,0.8333333333333334,0.8333333333333334,0.200458426472036,0.2004534026501994,0.203959145622986,0.3144207962712135,0.030665,,,,,,,,,,,,,0.7184769817669648,0.8831744823587362,0.5196297216400264,0.1570447714309243,-0.3113576023769818,3.461313,0.7367933073187224,0.7792656553254924,0.8041961574564775,0.8693009803760615,0.7338074741180782,0.7715136285332775,0.7964888271362529,0.8645877882282549,-2.3127440866918807,-1.9395481367715528,-1.7204888461648578,-1.148425907002748,-2.3508047900630933,-2.0178134405861057,-1.7972519642105622,-1.195855048940258,1.043307,0.7935302879551709,-0.2752752752752751,0.0482707096560318,-1.0960960960960962,0.4839935974389756,3.548813,MA-BBOB,-100,MABBOB_275,275,275,lhs_target,275,modcma_base
147,5,5000,0.5405782445059598,182.85167797050107,39.60819591725056,27.295257701771884,0.5349392684572984,3.4430796133914234,0.0037022719265943,0.115797024856075,31.277287879443826,0.6038298041692891,0.6280736467450683,1.5442794728544311,0.7571202938066701,0.033489,-0.6610634684722663,0.7266505541840771,2,0.077606,0.1062,0.0708,1.5,0.225,0.1159999999999999,1.9396551724137927,0.1626,0.1282,1.268330733229329,0.317166,1.0,1.0,0.8333333333333334,0.8333333333333334,0.2004714324192574,0.2004589759990377,0.2048852571603108,0.2886829326481022,0.037723,,,,,,,,,,,,,0.7333119031109082,0.8878679473830141,0.513815862950566,0.156579003558695,-0.3578066057756043,3.46565,0.7666458198491709,0.777287713589461,0.7884272747073621,0.8392160288191356,0.7505918741526574,0.7580527372103795,0.7696765862936694,0.8253618905377753,-2.050391511908775,-1.956885372093227,-1.8590064245304687,-1.4127455936171636,-2.202094334284276,-2.136220280612356,-2.033590055065674,-1.5419288769776047,1.070006,0.7967960923209286,0.045045045045045,0.0765391938823014,-0.9159159159159156,0.4961984793917567,3.68297,MA-BBOB,-100,MABBOB_147,147,147,lhs_target,147,modcma_bipop
943,5,5000,5.52471128506551,57.57043757368232,24.72667861217383,6.81730240769178,0.2659677269557837,2.9425855335283515,0.009077925886743,0.0487623726183662,5.371532355157951,0.3396592356698831,0.5164137872577033,2.4278608153911447,0.6466520813776726,0.037673,-0.9261311536302558,2.5926353811227587,7,0.090167,0.1024,0.0925999999999999,1.105831533477322,0.2382,0.18,1.3233333333333337,0.3028,0.2136,1.4176029962546817,0.320021,1.0,1.0,0.8333333333333334,0.8333333333333334,0.2004233441219828,0.2004229654148235,0.2000762933113394,0.2526066014049832,0.034083,,,,,,,,,,,,,0.6357344258884807,0.8599389643103452,0.4097423444125818,0.182615141971021,-0.4894116809516698,3.477398,0.615553335821935,0.6700912581609269,0.7303411088857057,0.8140073620510649,0.599703492140918,0.6558748009588811,0.7185424665440596,0.8060795423787528,-3.377950514384872,-2.898751655390088,-2.3693647905502013,-1.6342291026887557,-3.53454881409682,-3.038565888763155,-2.4852212586514053,-1.7122840445952212,1.274197,0.8598566053065547,-0.1951951951951951,0.0730909932860291,-0.8958958958958956,0.6226490596238495,3.878688,MA-BBOB,-100,MABBOB_943,943,943,lhs_target,943,modcma_base
491,5,5000,4.961812951252957,165.8310883388076,53.78964439222151,26.25923355637904,0.4407888640098913,3.7533836696129343,0.0154508529447583,0.1121289779589298,7.257138383222329,0.4771121538745783,0.5125276952718605,12.617751112718253,0.6102854867919614,0.042109,-0.7789563826854401,1.2416263894346562,4,0.0907,0.1062,0.0806,1.317617866004963,0.2082,0.1492,1.39544235924933,0.227,0.2178,1.0422405876951333,0.28909,1.0,1.0,0.8333333333333334,0.8333333333333334,0.2003497937009461,0.2003352064151464,0.2023730015451479,0.2775518101489586,0.034063,,,,,,,,,,,,,0.5829201211382661,0.8439078372214792,0.3968659290604055,0.1928130326345527,-0.4746825187400357,3.457082,0.6884232918253543,0.7516436801480532,0.7993818699163472,0.8683800801804227,0.6736069697479657,0.7410733503895843,0.7916920591980793,0.8627314983838682,-2.737948484802403,-2.1824057825548087,-1.7629113180647114,-1.1565965959105995,-2.8824982329047195,-2.2866775352943094,-1.839644893145861,-1.2122691867422697,1.163325,0.8635314417947473,0.0050050050050049,0.1213623798344241,-0.6556556556556553,0.6410564225690276,3.640093,MA-BBOB,-100,MABBOB_491,491,491,lhs_target,491,ng_DE
88,5,5000,2.287678932565568e-05,11.73910026099984,4.945278118572472,2.9167439291260746,0.9425403676411942,1.6385273399771252,0.0026174650771939,0.1831115648992217,69.95759618520903,0.958468826564032,0.9575638884264068,9.066106069509908,0.9846732059117496,0.036592,-0.515800878396049,-0.6895985881297864,1,0.053832,0.0582,0.0264,2.204545454545455,0.0425999999999999,0.0316,1.3481012658227844,0.0276,0.0268,1.0298507462686568,0.293747,1.0,1.0,0.8333333333333334,0.8333333333333334,0.2004009529909342,0.2004111939010927,0.2058294044992912,0.3285437553137268,0.03651,,,,,,,,,,,,,0.8020293350347698,0.9012125104696626,0.5907448398107793,0.1369727335152828,-0.2217610102934503,3.477112,0.6091428804229364,0.6775117616280961,0.7545376190604978,0.8571251552777502,0.5839170685292442,0.6629385295169467,0.7438304358371824,0.8530218446575303,-3.4343461421113792,-2.833608963109791,-2.156805489241809,-1.2553990888219584,-3.674057849346061,-2.9762896953330733,-2.262005304204866,-1.2978332069753735,0.986399,0.791964661646276,-0.5355355355355353,0.038333951017666,-1.2162162162162162,0.4875950380152061,3.324342,MA-BBOB,-100,MABBOB_88,88,88,lhs_target,88,ng_DE
569,5,5000,2.287145033680135,168.59012649026457,55.2517570012329,27.76956132641033,0.0349015836688356,3.817949708073984,0.0016041123547291,0.0292706299056704,18.24724422785976,0.2262894901181413,0.3223255386670147,67.0354741014594,0.5551462840754944,0.044299,-1.2430026871994737,2.484497122195129,5,0.133189,0.1,0.0809999999999999,1.234567901234568,0.2502,0.1259999999999999,1.985714285714286,0.4204,0.1324,3.1752265861027187,0.307028,1.0,1.0,0.8333333333333334,1.0,0.2003788800749736,0.2003815249878604,0.1983713805848064,0.1981594916095115,0.034417,,,,,,,,,,,,,0.5703774805107787,0.8626361016778448,0.386785107255104,0.1759884365926139,-0.4724218834782963,3.44343,0.8954170827336085,0.8977795747589126,0.8967785530142187,0.9036401167578368,0.898027986363082,0.8944605056086472,0.8936056581890928,0.8972112122829404,-0.9189385145345907,-0.8981800104779216,-0.9069756862835856,-0.8466851975617624,-0.9006951416584048,-0.9322058716016252,-0.9397565405566723,-0.9079095176384212,1.154563,0.8363164835158854,0.085085085085085,0.1009262190987048,-0.7757757757757754,0.5874349739895959,3.96418,MA-BBOB,-100,MABBOB_569,569,569,lhs_target,569,modcma_bipop
687,5,5000,6.823447344645245,304.1653335981155,62.40847018240758,34.406859896793016,0.5941501005720032,3.854245013904803,0.0231735045804834,0.0988047348498677,4.263694104045036,0.6170275160375931,0.6812447333743553,2.070717124479232,0.7310351856030735,0.04854,-0.4536813926059504,0.7103110584114085,3,0.118981,0.099,0.0883999999999999,1.1199095022624437,0.1954,0.1566,1.247765006385696,0.206,0.1856,1.1099137931034484,0.321321,1.0,1.0,0.8333333333333334,0.8333333333333334,0.2003993564082068,0.2003841147743337,0.2039337694938017,0.2952841889332298,0.035044,,,,,,,,,,,,,0.6582692351718237,0.8533262349695175,0.4413448044939332,0.1897226957685967,-0.4210850201377868,3.447036,0.6308329757888749,0.6867363572593058,0.7386421978126029,0.8216939594632213,0.6166150897190651,0.6763378143570148,0.727916299574396,0.8138702940094282,-3.2438249112902664,-2.752608823323973,-2.2965186322023703,-1.5667530905901108,-3.3863594158532155,-2.858840972913113,-2.403258908028671,-1.644045098147691,1.211415,0.8634040039060094,-0.035035035035035,0.1158948303439811,-0.7157157157157155,0.6226490596238495,3.892126,MA-BBOB,-100,MABBOB_687,687,687,lhs_target,687,modcma_bipop
709,5,5000,1.184443063349299,92.7553979735506,27.3075492789214,14.310039871170405,0.4356897653769727,3.147545835542992,0.0131376769871072,0.0887694363972093,6.756859411623838,0.5042581226848399,0.5957860494739808,3.54868258651868,0.7681159991665871,0.037015,-0.8194357793343003,1.4510541741490357,2,0.112605,0.1006,0.0781999999999999,1.2864450127877238,0.2917999999999999,0.1078,2.7068645640074207,0.1635999999999999,0.1258,1.300476947535771,0.312376,1.0,1.0,0.8333333333333334,0.8333333333333334,0.2003154135031602,0.2003018784031825,0.2018320761282617,0.2765714040517797,0.033009,,,,,,,,,,,,,0.7022641219864745,0.8966085073007978,0.5221090991243854,0.1428191003908677,-0.3882578119420725,3.448572,0.7130654185440157,0.770220549704277,0.7840761177349502,0.8373298948871318,0.69419263095412,0.7537685748507965,0.7682067448278722,0.8259445715114854,-2.521259723160969,-2.019044446650443,-1.8972972336097864,-1.4293626864433913,-2.700919628124927,-2.1747392527577727,-2.047219968945363,-1.5372740187820444,1.219151,0.8088575263668256,-0.035035035035035,0.0554298551568466,-0.9959959959959956,0.5002000800320128,3.871604,MA-BBOB,-100,MABBOB_709,709,709,lhs_target,709,ng_Powell
662,5,5000,0.3835782297200533,153.39301821435524,38.551123100784245,31.64797182008744,0.5067575103958957,3.1314503533823217,0.0851478419364067,0.1901046657965867,2.232642207638893,0.5718163593098997,0.7549902591209394,1.71334759216466,0.9151122225007514,0.047347,-0.6091518950549366,-1.041483951666594,2,0.079372,0.0855999999999999,0.0498,1.718875502008032,0.1753999999999999,0.1196,1.466555183946488,0.2429999999999999,0.172,1.4127906976744184,0.305513,1.0,1.0,0.8333333333333334,0.8333333333333334,0.200323541035632,0.2003247400148222,0.2122671192575819,0.285455901620868,0.033701,,,,,,,,,,,,,0.8947912409225418,0.8993696158021887,0.6193786587045748,0.1451142055225685,-0.3296417178977614,3.450408,0.4403596488225502,0.5356889568968328,0.6147055977352426,0.7586029582349485,0.4384412281257966,0.5355265914673466,0.6146463566436057,0.7574140611867445,-4.917811018933461,-4.080109590348732,-3.385754892413404,-2.1212641823135687,-4.960367644433008,-4.102792054508242,-3.403910400668865,-2.142813009344704,1.040368,0.7784347238817696,0.065065065065065,0.0878909065341995,-0.7357357357357354,0.5020008003201281,3.890145,MA-BBOB,-100,MABBOB_662,662,662,lhs_target,662,modcma_base
864,5,5000,0.1718915215433406,54.93168516449136,12.815858489168535,12.630099778209,0.8422098707171362,2.1782739199327668,0.0134261644408073,0.2765668464443724,20.599095718191748,0.861994420055156,0.9298844221357546,3.470852958914326,0.9697355600620144,0.049588,0.0774572594130767,-1.06076351291198,2,0.062958,0.0758,0.0415999999999999,1.8221153846153848,0.0911999999999999,0.0608,1.4999999999999998,0.1332,0.1008,1.3214285714285718,0.32188,1.0,1.0,0.8333333333333334,0.8333333333333334,0.2003136439879212,0.2003123950050854,0.2141946062934572,0.3196935344552413,0.027743,,,,,,,,,,,,,0.8903931292166944,0.8881975462386996,0.6078476844680006,0.1605189113680089,-0.2617223674178183,3.474369,0.5658022862752815,0.6374526770890668,0.7110752060809785,0.8034924657279602,0.5460412741986664,0.6282900494246608,0.7033878051403646,0.7976271759929116,-3.8152149027568942,-3.185636187392168,-2.538728659070463,-1.7266753130211532,-4.008932942880022,-3.282589762818927,-2.619397605220011,-1.7871648561740114,1.116062,0.8002696064623972,-0.1951951951951951,0.0765391938823014,-0.8758758758758756,0.4873949579831932,3.864221,MA-BBOB,-100,MABBOB_864,864,864,lhs_target,864,ng_DE
787,5,5000,4.929824311977227,1602.5702644221824,375.2603796857503,294.73911441105525,0.5824357828220363,5.387267605316629,0.032751243142309,0.2542188668533491,7.762113509668316,0.6800644397625402,0.7172226761611366,2.670914863442188,0.8758284715221459,0.041271,-0.9389869099747068,-0.1144133098153137,3,0.077267,0.0799999999999999,0.061,1.311475409836065,0.1604,0.1164,1.3780068728522334,0.19,0.143,1.3286713286713283,0.314717,1.0,1.0,0.8333333333333334,0.8333333333333334,0.2006008761148986,0.2005886186691842,0.2158824696020378,0.2940373595365162,0.036165,,,,,,,,,,,,,0.7488818823408265,0.8848108308453073,0.5168953239377903,0.1561572167710571,-0.3098306930536128,3.462218,0.6247847725299173,0.6474656510419937,0.6734500142809412,0.775870275947507,0.6167269756055,0.637545866176221,0.667709137325584,0.7704013824175792,-3.2969786711198577,-3.0976840603952995,-2.869362059822251,-1.9694054656243072,-3.38479714953091,-3.2009393850260954,-2.934558638903445,-2.027653126793777,1.178637,0.8265496156423258,0.125125125125125,0.1009262190987048,-0.7157157157157155,0.5496198479391756,3.508779,MA-BBOB,-100,MABBOB_787,787,787,lhs_target,787,opy_EO
788,5,5000,0.0012515623730099,9.16653895661053,4.009825575236938,1.5959736182095003,0.4357449828122753,1.5378363424186725,0.0066307670272054,0.0762744869209454,11.503116699470434,0.5912578941101243,0.5217376842921528,3.761843832273816,0.748386602116367,0.049066,-1.972515759070876,4.64245969597244,2,0.059099,0.0988,0.0546,1.809523809523809,0.1655999999999999,0.1052,1.574144486692015,0.184,0.1184,1.5540540540540535,0.325323,1.0,1.0,0.8333333333333334,0.8333333333333334,0.2003629665905325,0.2003723565568226,0.2011709017660864,0.27679534376602,0.039137,,,,,,,,,,,,,0.9562588082495144,0.8970875351379968,0.6441210811410565,0.1542174453064625,-0.2901404529717347,3.486962,0.5168182765260221,0.665700304021968,0.7456643852360026,0.8050039849872141,0.5052708824535808,0.646395962375816,0.7223263281435635,0.7932352695964487,-4.245574125766651,-2.937392021559829,-2.234771417965554,-1.7133720001114128,-4.3696309509149565,-3.1231619332091496,-2.452516797102092,-1.8262227418708024,1.214418,0.7988911507132457,-0.055055055055055,0.0290712337727257,-1.336336336336336,0.4905962384953982,3.563718,MA-BBOB,-100,MABBOB_788,788,788,lhs_target,788,modcma_bipop
519,5,5000,1.634191973899452,46.03391561535779,15.000088526147808,7.28549399102887,0.3417902036266272,2.526868926274595,0.0169113395350322,0.0858697392425567,5.077642670746204,0.4671536695058066,0.4262004656011796,6.783164245616414,0.6155291403565937,0.041824,-0.5466192488322649,0.3785248982465252,2,0.081734,0.1004,0.0885999999999999,1.1331828442437926,0.2911999999999999,0.1538,1.8933680104031207,0.2148,0.1626,1.3210332103321034,0.31748,1.0,1.0,0.8333333333333334,0.8333333333333334,0.2003252193076998,0.2003043059286913,0.2011912546886171,0.2642412578459728,0.033897,,,,,,,,,,,,,0.6607718626932132,0.8477723214409684,0.4516552450147386,0.1940403915642579,-0.4455150646239773,3.434018,0.7372894308493275,0.8069054405726406,0.8337724197307238,0.8824806390121482,0.7202799495987557,0.7987075051646135,0.8254522713602765,0.8754661844198223,-2.3084593110372422,-1.6967377257101155,-1.4606553769967308,-1.0326522605337622,-2.470490675152341,-1.777817609984103,-1.5416075299389398,-1.0998840794238678,0.999032,0.8455533038273713,-0.075075075075075,0.0878909065341995,-0.7557557557557554,0.5870348139255702,3.995598,MA-BBOB,-100,MABBOB_519,519,519,lhs_target,519,ng_OnePlusOne
367,5,5000,2.8694484902127075,860.8422794902764,81.13884299144864,74.69895422803896,0.5272036898927724,3.95799827353127,0.0017154748058231,0.1842415925632404,107.39976590611428,0.6149033498933786,0.793605612249094,3.813366859474258,0.923879586597374,0.053704,-0.1733548312347841,-0.5885271592514014,3,0.120359,0.0986,0.0718,1.373259052924791,0.1823999999999999,0.12,1.5199999999999996,0.2204,0.144,1.5305555555555557,0.314178,1.0,1.0,0.8333333333333334,0.8333333333333334,0.2007513680816836,0.2007364301154427,0.2077319660697366,0.2878369783541299,0.032056,,,,,,,,,,,,,0.8264352113816169,0.8779034188370172,0.5600279966796916,0.1697947338021026,-0.3203053190662907,3.471714,0.5363610519003964,0.6171994780731968,0.67741542341659,0.7795612948732557,0.5089381415887723,0.6017023847792893,0.665734082353337,0.7712192777582296,-4.074235036852818,-3.3638660102918587,-2.8347173800897165,-1.9371088205318463,-4.336740175561054,-3.5175064814570023,-2.952020014482807,-2.0204431122990982,1.138128,0.8242019271607526,-0.115115115115115,0.1158948303439811,-0.7557557557557554,0.531812725090036,3.741988,MA-BBOB,-100,MABBOB_367,367,367,lhs_target,367,modcma_base
114,5,5000,1.7902604934085764,43.80790128594551,15.241664141836637,6.380440326871255,0.3563907020996423,2.5709785035820087,0.005829095738728,0.0837861946128535,14.37378941234144,0.3619867482432692,0.6525999448513193,9.724919007836435,0.6847300675976942,0.049231,-0.3418733105864952,0.1086286999600743,3,0.057162,0.1002,0.0998,1.004008016032064,0.25,0.1921999999999999,1.300728407908429,0.2758,0.2096,1.3158396946564883,0.32198,1.0,1.0,0.8333333333333334,0.8333333333333334,0.2004406056393271,0.2004277656677754,0.2008081235590651,0.2661731797651168,0.032937,,,,,,,,,,,,,0.6155648022174879,0.8520893570816594,0.4200260699725193,0.18852370381015,-0.4731271636818522,3.486539,0.7139480672905137,0.757048736440146,0.7810111534384672,0.8272190565096732,0.6883528775118234,0.73820618972687,0.7669497989922814,0.8191916049268523,-2.5136302929374,-2.134890857079726,-1.9243253954572368,-1.5182816962144852,-2.7520759926135963,-2.311834149198196,-2.058006690857374,-1.5966726705865293,1.164779,0.8582267391096969,-0.115115115115115,0.0920373199661822,-0.7957957957957954,0.6168467386954782,3.936303,MA-BBOB,-100,MABBOB_114,114,114,lhs_target,114,modcma_base
361,5,5000,7.447713597610739,90.46755231804369,42.045541486105954,13.949323093127392,0.3161553499203837,3.4825545438144747,0.010806422394161,0.0718337637969454,6.647321488724978,0.3413249879285686,0.5046349121880062,3.08422817765351,0.5636852656470157,0.044625,-1.0227478341816878,2.157313238610309,3,0.07513,0.1012,0.1008,1.003968253968254,0.2448,0.2106,1.1623931623931625,0.2862,0.2429999999999999,1.177777777777778,0.325772,1.0,1.0,0.8333333333333334,0.8333333333333334,0.2004163846105437,0.2004209497155963,0.2003875707610659,0.2603076002732044,0.033618,,,,,,,,,,,,,0.60613903472569,0.8393528706836709,0.3954975768189684,0.2002790589696955,-0.5414686749581133,3.49016,0.7119064549501068,0.7407822272801329,0.7813058901458637,0.8427293661484168,0.707176553724803,0.7331968561640578,0.774531392860705,0.8371904509784079,-2.531432498876658,-2.277705646045812,-1.9216306179362208,-1.381912231257668,-2.586485311257216,-2.356650129308182,-1.9915455812487872,-1.438083297062911,1.210965,0.8507593158839496,0.0050050050050049,0.0878909065341995,-0.7557557557557554,0.6448579431772709,3.657657,MA-BBOB,-100,MABBOB_361,361,361,lhs_target,361,modcma_base
536,5,5000,6.180135898957639,158.96369858127508,57.059254018654606,26.459049269909016,0.5847180909118714,3.79557742173918,0.0165614244420593,0.1228023461342712,7.414962798876315,0.6162431495877652,0.7290218601467453,1.7618605573964927,0.7866005480902225,0.042965,-0.8821665872271199,1.298282640807412,3,0.110131,0.0998,0.0805999999999999,1.2382133995037223,0.1751999999999999,0.1454,1.2049518569463546,0.1914,0.156,1.2269230769230768,0.313381,1.0,1.0,0.8333333333333334,0.8333333333333334,0.2004742641565954,0.2004752135129856,0.2035964666354562,0.2943057128874493,0.042941,,,,,,,,,,,,,0.6389211350415485,0.8623276629075807,0.4353956831292542,0.1769298587350213,-0.4153706552158988,3.432677,0.5631835221501968,0.6447082893181072,0.6975321601063912,0.7997776859195617,0.5500450543478634,0.6309057747683837,0.6852482152333209,0.7923899878063222,-3.8381821915126624,-3.1218472422191947,-2.6576989089320264,-1.7592965449239166,-3.973000741686477,-3.2590188079210503,-2.7791873084376224,-1.8331496084159191,1.19407,0.8451139649967916,-0.035035035035035,0.0963793479961578,-0.7757757757757754,0.6128451380552221,3.882319,MA-BBOB,-100,MABBOB_536,536,536,lhs_target,536,modcma_base
608,5,5000,18.3926229890066,281.5914015946853,104.56032157268676,38.841679788532495,0.0629523050979316,4.351000377841264,0.0002927107788822,0.0429950867583771,146.8859019218767,0.0636160947435303,0.0913069278777501,27.78007789910352,0.0966511064838747,0.038193,-1.1824481216158875,3.5053221221289856,6,0.098089,0.1,0.1,1.0,0.2498,0.2502,0.9984012789768189,0.4182,0.4102,1.0195026816187225,0.32923,1.0,1.0,0.8333333333333334,1.0,0.2003414228065866,0.2003402262814186,0.1991906857082064,0.2087340819381853,0.036341,,,,,,,,,,,,,0.5058837384160866,0.8259641821868817,0.3712392125833902,0.207345257494676,-0.6721400293339933,3.476722,0.9168618659924322,0.9063915114848784,0.9408871339191024,0.9577796426044796,0.9156663184633768,0.9001085243302398,0.9357762396590869,0.9541227448319192,-0.7305384890228623,-0.8225419607484357,-0.5194273889358492,-0.3709921622118823,-0.7448726748030037,-0.8822860489001805,-0.5672528849611336,-0.4052083716377108,1.083009,0.8619988104166805,0.1851851851851851,0.1459365799155757,-0.5555555555555552,0.6596638655462185,3.933755,MA-BBOB,-100,MABBOB_608,608,608,lhs_target,608,ng_Powell
67,5,5000,1.404292400299874,347.7980122549848,76.89940435082534,54.34342156099484,0.3904324233847216,4.070292551011622,0.0018384251446052,0.1292667662250643,70.3138589049365,0.5545648207132888,0.5152003945302559,2.797488697510124,0.7238807654206447,0.043924,-0.6142266940547876,0.5799612850694107,3,0.060798,0.1006,0.0639999999999999,1.571875,0.2503999999999999,0.1157999999999999,2.162348877374784,0.237,0.1256,1.886942675159236,0.293882,1.0,1.0,0.8333333333333334,0.8333333333333334,0.2004880990404471,0.2004855092704756,0.2032196772650825,0.27099515303047,0.037355,,,,,,,,,,,,,0.7031425930780998,0.8635521122734421,0.4814274439316879,0.1820098406907217,-0.385081649672655,3.482948,0.8333666921548089,0.817881026363412,0.8215534748704904,0.8469101487215017,0.8205145738717524,0.8017998863129233,0.8053137793586099,0.8350909315955778,-1.4641646383870786,-1.6002332584417704,-1.567964384289929,-1.3451617184852207,-1.5849510784027263,-1.7502116506295875,-1.7191821197518369,-1.4562341435968147,0.959493,0.8055559540217987,0.105105105105105,0.0839312949816636,-0.8358358358358354,0.5002000800320128,3.649174,MA-BBOB,-100,MABBOB_67,67,67,lhs_target,67,ng_Powell
891,5,5000,0.416688156074034,11.968279034541398,7.716714207191061,1.647292440629521,0.1270406219021562,2.092511862136873,0.003324633463455,0.019751614427282,5.94099008037891,0.1652567030755132,0.5156104776990471,2.531761154633742,0.6238741551405439,0.040965,-1.7355171954446935,5.7972231413409965,6,0.082473,0.1,0.1,1.0,0.2634,0.1924,1.3690228690228692,0.3474,0.1893999999999999,1.8342133051742344,0.329519,1.0,1.0,0.8333333333333334,1.0,0.2004108821290563,0.2004185022046546,0.2001544731867736,0.2261323697217937,0.040359,,,,,,,,,,,,,0.7972810923458465,0.8850292258732962,0.5384197443370258,0.1640644375950156,-0.4497137007541461,3.459295,0.6521127650174804,0.7026801593422087,0.7396144031708094,0.8034717779355813,0.6416204370501876,0.6903575678716711,0.729664793952193,0.7965759003346043,-3.057015460532586,-2.612660822865844,-2.2881057859074287,-1.726967111374746,-3.164762541676282,-2.73437682229248,-2.3872642925128247,-1.7963886260596371,1.138255,0.8088393523788806,-0.4154154154154152,0.0253164847863135,-1.316316316316316,0.5168067226890757,3.704651,MA-BBOB,-100,MABBOB_891,891,891,lhs_target,891,ng_DiagonalCMA
413,5,5000,10.204273265280872,593.2026433982229,122.022554798783,90.5989350701811,0.5443753626065495,4.262553220672311,0.0256978949820144,0.198966526262246,7.742522350624412,0.6106534460186451,0.7052678733055691,3.670305633659744,0.8296855226570836,0.044702,-0.5607943364102792,-0.7481361020619031,2,0.05903,0.098,0.0928,1.0560344827586208,0.1698,0.135,1.2577777777777777,0.2018,0.132,1.5287878787878786,0.311609,1.0,1.0,0.8333333333333334,0.8333333333333334,0.2007125769661589,0.2007055467113167,0.2105667841505926,0.289624575911025,0.036679,,,,,,,,,,,,,0.6488290722359791,0.8715667916455228,0.4322065721277991,0.1719911008912619,-0.3620284955008864,3.44311,0.7437648745881631,0.7531639298761046,0.756573373345074,0.7836104276960402,0.7318162591843649,0.7446054082604098,0.7494437800148653,0.7785687698697021,-2.251644092210705,-2.1690507035117905,-2.139090512721036,-1.9015047266103844,-2.368438505828124,-2.2554923852454296,-2.2127627777982664,-1.9555482753670013,1.079527,0.8341648158176351,0.125125125125125,0.1270878709202059,-0.6156156156156153,0.592436974789916,3.930842,MA-BBOB,-100,MABBOB_413,413,413,lhs_target,413,ng_DE
333,5,5000,0.0137907099911401,27.512070188748098,10.34541599383398,4.843620074793006,0.5176087822316258,2.2926722910680755,0.0020145847911693,0.1169427740082519,58.04807746035629,0.6338820479577381,0.5550716598212946,3.5919295039404417,0.7220542084634911,0.072755,-2.042230901760059,5.3647767324979565,2,0.052618,0.0825999999999999,0.0467999999999999,1.764957264957265,0.1504,0.1086,1.3848987108655617,0.1492,0.1296,1.1512345679012346,0.325819,1.0,1.0,0.8333333333333334,0.8333333333333334,0.2004379781509865,0.2004511088385507,0.2029021168322529,0.2865648162018355,0.040709,,,,,,,,,,,,,0.8246018424673335,0.8830998785044331,0.5388863508421246,0.1608635552687477,-0.2647540804207551,3.493161,0.5492895428799023,0.6753568560238993,0.7264427476676172,0.7961692977408088,0.5293490369193011,0.6545718677227583,0.705704090617252,0.7890750065075429,-3.960137098787114,-2.8524551361453536,-2.4035923872852827,-1.7909447476461926,-4.156372154395773,-3.050515101348882,-2.598960628709692,-1.8627025936157289,0.986429,0.8288897186049715,0.065065065065065,0.0482707096560318,-1.1361361361361362,0.5624249699879952,3.624767,MA-BBOB,-100,MABBOB_333,333,333,lhs_target,333,mealpy_LevyES
508,5,5000,0.2555449562177582,137.0439832771238,26.149560865843192,24.96140578108288,0.6444265367721822,2.731643613708994,0.0229699413350006,0.2745305461414912,11.951730400076071,0.6998905382226771,0.778285909526481,24.01981359557444,0.9098836691982544,0.041936,-0.3066089784836895,-1.1600119521044026,2,0.075119,0.091,0.045,2.022222222222222,0.152,0.0965999999999999,1.5734989648033126,0.1735999999999999,0.1416,1.2259887005649714,0.316362,1.0,1.0,0.8333333333333334,0.8333333333333334,0.2003686121656181,0.2003661778168065,0.2155003799557709,0.3005003442141775,0.032906,,,,,,,,,,,,,0.8620339113166378,0.8930667670025442,0.6241576386665793,0.1505588971953998,-0.2890203816283294,3.443703,0.598036526519604,0.6611063740426233,0.7072315785831494,0.7813129109582035,0.5834951055257818,0.6478965032901299,0.6981054813732689,0.7751276736372246,-3.531883859012717,-2.977715654304414,-2.572432895650251,-1.9215114081724325,-3.678219756057402,-3.109480956784541,-2.6660776317168056,-1.9858826256106523,0.969536,0.790884615969959,-0.0150150150150149,0.080150069615654,-0.8158158158158154,0.4899959983993597,3.931007,MA-BBOB,-100,MABBOB_508,508,508,lhs_target,508,modcma_bipop
795,5,5000,3.312087793558117,479.442469712707,100.15352371484838,64.73504541084083,0.662297936599881,4.355625466089226,0.0077454257426265,0.1467704000708156,18.94930052238086,0.7484462717431457,0.7462833872441901,3.125481655368848,0.8494342429860229,0.056584,-0.3928468080688623,-0.0699076865943539,2,0.061398,0.0894,0.0628,1.4235668789808915,0.1357999999999999,0.1068,1.2715355805243442,0.1771999999999999,0.1378,1.2859216255442667,0.318951,1.0,1.0,0.8333333333333334,0.8333333333333334,0.2005323149240107,0.2005156934229903,0.2055193594861537,0.302226432292532,0.027819,,,,,,,,,,,,,0.6945971654957362,0.8658272000004138,0.468351458948818,0.1762262934743984,-0.3529997615499702,3.518928,0.6765855274266747,0.7280258719835285,0.7415463338918343,0.8194011788126636,0.649213237716126,0.7026110845258753,0.724885114078739,0.810246106652192,-2.841971238471987,-2.389944529325498,-2.2711348682471755,-1.5869934682653648,-3.098209037140446,-2.6265900670496487,-2.429862005805507,-1.6759390330898736,1.075383,0.8539238549654218,-0.1351351351351351,0.0920373199661822,-0.7757757757757754,0.5850340136054422,3.934688,MA-BBOB,-100,MABBOB_795,795,795,lhs_target,795,ng_DE
878,5,5000,1.6775645572583755,105.27341866787714,33.75196136893696,17.751333953196315,0.2318785107193332,3.328283364291284,0.0042014711193829,0.0634997914268412,15.113704134223918,0.5035973060598999,0.4174843178243715,4.075075654944456,0.7162747878783584,0.047385,-0.888263339720278,1.1621789704214205,3,0.073118,0.099,0.0702,1.4102564102564104,0.2132,0.1336,1.595808383233533,0.3243999999999999,0.1399999999999999,2.317142857142857,0.314878,1.0,1.0,0.8333333333333334,0.8333333333333334,0.2003124723996664,0.2003148899063321,0.200420904335469,0.2470622967804386,0.034206,,,,,,,,,,,,,0.6882965880215838,0.8855141474143213,0.4934012006690123,0.1555328633115838,-0.4086113098741029,3.560284,0.7057244291390552,0.7500569665954803,0.794733329833147,0.8428410807583113,0.6919349933354397,0.7275946058165489,0.7732898948579471,0.8290715620333065,-2.585742214621005,-2.196200829153732,-1.803638313409043,-1.380924861341863,-2.720465288913825,-2.4055618241506007,-2.002035149537516,-1.5094375288231785,1.151034,0.8182185687687751,-0.0150150150150149,0.0730909932860291,-0.8958958958958956,0.5182072829131653,3.881404,MA-BBOB,-100,MABBOB_878,878,878,lhs_target,878,modcma_base
982,5,5000,0.0603386420317527,24.57253239344272,9.33377281551935,4.680965005934859,0.3243517727387088,2.1383868753455566,0.0127266763762599,0.1057763507337212,8.311388425892071,0.5159445195390624,0.426673782576272,6.815574634973914,0.6714861249323147,0.042277,-1.785514353511939,2.376218160902738,2,0.055212,0.0744,0.0482,1.5435684647302903,0.1976,0.1242,1.5909822866344605,0.2746,0.1669999999999999,1.6443113772455091,0.314825,1.0,1.0,0.8333333333333334,0.8333333333333334,0.2003113599572117,0.200306396256279,0.2017810354491132,0.2615915617366043,0.033784,,,,,,,,,,,,,0.7387275476925019,0.8764285715592731,0.4993728629660147,0.1649972053032019,-0.2647629629147985,3.444347,0.5130801580946407,0.5891455947463619,0.6585604695227875,0.8127626570435008,0.5061403247841035,0.5762783516769638,0.6496634244854834,0.7986007740571368,-4.278353719318849,-3.609999678668033,-3.0000812442217004,-1.6451734221769865,-4.360875884939899,-3.741543622267048,-3.0935393198600334,-1.7783938874455485,1.1659,0.8271723212764508,0.1651651651651651,0.0554298551568466,-1.036036036036036,0.5726290516206483,3.381635,MA-BBOB,-100,MABBOB_982,982,982,lhs_target,982,opy_EO
738,5,5000,1.8606437947120773,1133.6118527429455,228.1495727599835,170.4408016941268,0.3410542389535522,5.084453441449511,0.0018693297930525,0.1281750786286733,68.56739731268367,0.460971372771526,0.4557861865452367,7.538949847094373,0.6709740652902518,0.045937,-0.9777314544470018,1.4340339931091428,3,0.056081,0.1,0.0668,1.497005988023952,0.3034,0.1105999999999999,2.743218806509946,0.1974,0.1188,1.661616161616161,0.343882,1.0,1.0,0.8333333333333334,0.8333333333333334,0.2004884184820504,0.2004872985127567,0.2035468201477295,0.2641473363562173,0.032123,,,,,,,,,,,,,0.6232491802889297,0.8874309673344217,0.4280094558864265,0.1519665835984394,-0.4312590497865428,3.469287,0.8224585352309254,0.8555107788526487,0.8515849057637294,0.8779265427701641,0.8181761670699699,0.8467394962298097,0.842885796912814,0.8689887466521291,-1.5599884924966825,-1.2695711538307544,-1.3040662890921562,-1.0726124669835482,-1.6056750632137238,-1.3534340636965183,-1.387465844870139,-1.1569523043879704,1.159665,0.8026230970548155,0.2052052052052051,0.0920373199661822,-0.7557557557557554,0.5242096838735494,3.700917,MA-BBOB,-100,MABBOB_738,738,738,lhs_target,738,ng_Powell
657,5,5000,2.016821418017508,37.00214870590671,13.323626236318038,4.823884697627808,0.2144367128440972,2.431571287134465,0.005384429898764,0.0553269882215666,10.275366057652048,0.2787744526381154,0.4252149334299981,1.7244772237066277,0.5133006545430436,0.052371,-0.4186323140575363,0.545759342573291,4,0.0712,0.1,0.1,1.0,0.2646,0.2164,1.222735674676525,0.3244,0.263,1.2334600760456274,0.307012,1.0,1.0,0.8333333333333334,0.8333333333333334,0.200504867386346,0.2004993637220156,0.2000475701222099,0.2438829513391782,0.04126,,,,,,,,,,,,,0.5882673239996434,0.8382002098322486,0.4080274107910115,0.2001905862564103,-0.5358806161681693,3.554885,0.6986685338354975,0.737438480052654,0.7740948051718316,0.8472299733333227,0.6892719260612913,0.7263194094323834,0.7643838792916802,0.8395084424040723,-2.647666448651063,-2.3070120618996546,-1.9849291298240888,-1.3423227222611862,-2.744898492170588,-2.4176297650323875,-2.0813772192045974,-1.41774455351616,1.177182,0.8597002570905068,-0.115115115115115,0.1009262190987048,-0.7557557557557554,0.6308523409363745,3.899645,MA-BBOB,-100,MABBOB_657,657,657,lhs_target,657,ng_DE
763,5,5000,0.1895801369800583,52.3835774801735,18.04323438200543,9.031862555993037,0.3200057982737626,2.7701375042811067,0.0337877675929436,0.078953355422295,2.33674376991938,0.4238845800938937,0.47764953065708,150.18508563158815,0.6270159749466109,0.05148,-1.7826920775007105,4.210934275915256,2,0.073655,0.1012,0.0758,1.3350923482849604,0.2128,0.1599999999999999,1.3300000000000003,0.2226,0.1683999999999999,1.3218527315914492,0.31694,1.0,1.0,0.8333333333333334,0.8333333333333334,0.2003724152216349,0.2003781143698188,0.2015441759222837,0.2611057973085732,0.027489,,,,,,,,,,,,,0.798875186657239,0.8879074207701705,0.5552946357229496,0.1573071795825616,-0.3081399026138273,3.463092,0.4644797711227727,0.6630281444066057,0.757760763051344,0.8138351124717551,0.461800261741435,0.6337138943232349,0.7418263747020267,0.8019068608358532,-4.70555921892571,-2.9609358080281245,-2.128530376899363,-1.635811040388604,-4.752205436432963,-3.234239444855919,-2.2796259798536056,-1.7491262554343114,1.182688,0.8023738627606273,0.1651651651651651,0.0554298551568466,-1.016016016016016,0.4963985594237695,3.33209,MA-BBOB,-100,MABBOB_763,763,763,lhs_target,763,modcma_bipop
373,5,5000,0.0909306141453894,13.702415895070144,4.685931308125712,2.6094104854189224,0.1659665274080198,1.550470104757184,0.0086322610266173,0.0628873951175857,7.285159116907431,0.374541489906375,0.3863495790687019,2.046436172400352,0.6634456596442444,0.050176,-1.190866832246278,0.1800832426587471,2,0.075919,0.105,0.0825999999999999,1.2711864406779665,0.2282,0.1541999999999999,1.4798962386511028,0.3668,0.1727999999999999,2.1226851851851856,0.324803,1.0,1.0,0.8333333333333334,0.8333333333333334,0.2003135383796813,0.2003238443634212,0.1995047954225645,0.2346063221401884,0.026973,,,,,,,,,,,,,0.7432105350365512,0.8826422626786864,0.5160715490602739,0.1571528607356751,-0.2986261420788904,3.444161,0.5192159213878197,0.6029461496624674,0.6535569806731781,0.8158623159161936,0.5090388528073517,0.5978963542671359,0.6512084203176899,0.796852504079744,-4.224669463021376,-3.488928505157736,-3.0442090525371848,-1.6180253996468883,-4.336325298921654,-3.551507531197488,-3.080638375716052,-1.7942634178054997,1.150069,0.8072750702211756,0.085085085085085,0.038333951017666,-1.1361361361361362,0.5540216086434574,3.584619,MA-BBOB,-100,MABBOB_373,373,373,lhs_target,373,ng_DE
887,5,5000,1.006996235324755,34.51617252571895,12.531806453139506,4.21653558606292,0.3447203951598085,2.465151718993274,0.0093737267208076,0.0630942414860491,6.730966601148426,0.3781346563790925,0.5961746407820661,3.1800006712121864,0.6954326063209246,0.041451,-0.8745106966786548,2.051267699756804,4,0.06048,0.1046,0.0809999999999999,1.2913580246913583,0.2382,0.1693999999999999,1.4061393152302246,0.2668,0.211,1.2644549763033175,0.290344,1.0,1.0,0.8333333333333334,0.8333333333333334,0.2003426016600872,0.200344140108395,0.2007019657334799,0.2647314360664982,0.031818,,,,,,,,,,,,,0.618350388318769,0.8630622977891588,0.4343138804433702,0.1739929127802385,-0.4706663865477691,3.539228,0.5141492527071809,0.6123581187775925,0.6864375099912206,0.8032078459490329,0.5065911153927946,0.6007675965153488,0.6770567689495071,0.7957011390204329,-4.26920647710957,-3.4062379019378746,-2.755296808295908,-1.729227223380974,-4.357965438528766,-3.526164750178625,-2.852351231261768,-1.804441312378315,1.23146,0.8606024034839858,-0.2352352352352351,0.0697981390783066,-0.9159159159159156,0.6128451380552221,3.740207,MA-BBOB,-100,MABBOB_887,887,887,lhs_target,887,modcma_base
440,5,5000,0.3837778236890093,408.6087825608904,92.35687213555896,64.70665377571147,0.0628761845319056,4.224761199267995,0.0123756066876269,0.0516252732758518,4.171534744027256,0.4420654998213407,0.1656662556126078,56.97587550719439,0.563523676671662,0.045099,-0.9948637728625578,1.152428519216376,2,0.052429,0.1,0.0698,1.4326647564469912,0.2495999999999999,0.1174,2.126064735945485,0.4022,0.1008,3.990079365079365,0.343352,1.0,1.0,0.8333333333333334,1.0,0.2006255683458762,0.2006271581127159,0.1975583196057311,0.2087226297054751,0.033125,,,,,,,,,,,,,0.6269186825962613,0.8731382276637748,0.4349540055237078,0.1685167621618576,-0.440057508409968,3.481203,0.8825185408130046,0.8900851671139172,0.8970715602848798,0.9172376858372168,0.8749592624932166,0.8862521016843525,0.8909212134006839,0.9104668846711884,-1.0322988086208458,-0.9658115571875934,-0.904422761058818,-0.7272248650994175,-1.104388717463145,-1.00464774952348,-0.9634090748090776,-0.7907771849402447,1.176162,0.7857926313543324,0.1851851851851851,0.0878909065341995,-0.7757757757757754,0.5028011204481793,3.925611,MA-BBOB,-100,MABBOB_440,440,440,lhs_target,440,modcma_base
918,5,5000,1.8894183210329456,78.14833723747863,20.640728580287973,10.531486958725589,0.1112523442308285,2.8338791256987235,0.006152825078785,0.0514987439395544,8.369934669055082,0.4315732032394566,0.2941371962993192,6.812242618953037,0.6929867761880776,0.045417,-0.4488731926233381,0.1547547152926349,2,0.069819,0.1,0.0845999999999999,1.1820330969267143,0.2594,0.1529999999999999,1.6954248366013076,0.3786,0.1533999999999999,2.4680573663624514,0.317601,1.0,1.0,0.8333333333333334,1.0,0.2003369333131212,0.2003356350625004,0.1994431738913743,0.2225102562493629,0.034003,,,,,,,,,,,,,0.642585820338935,0.8601374455721206,0.4440719953379279,0.1787379173859339,-0.4504354121391898,3.514537,0.7041407445863187,0.7482797804977648,0.7942676908726923,0.87360591632499,0.6708376763708634,0.7347000014510242,0.7801868112467285,0.8631169105177539,-2.599552987419793,-2.211727490782911,-1.8076569484124168,-1.11055548135597,-2.9069321194906985,-2.3429445951771983,-1.9412368087256853,-1.20885599859655,1.077157,0.8513433717165892,-0.095095095095095,0.1158948303439811,-0.7357357357357354,0.5998399359743898,3.96252,MA-BBOB,-100,MABBOB_918,918,918,lhs_target,918,modcma_bipop
15,5,5000,2.29235165386516,1424.9456557627743,170.44721037654472,214.02871569073605,0.7322269886815038,4.1245625317144885,0.0517882974513979,0.4204895392066239,8.119392988372379,0.7655276280533763,0.8600488188711674,3.029570654089609,0.9440509496581436,0.042207,-0.2033998270775234,-1.1734178178679129,2,0.056779,0.0883999999999999,0.0498,1.7751004016064256,0.141,0.0934,1.5096359743040688,0.1549999999999999,0.124,1.2499999999999998,0.320205,1.0,1.0,0.8333333333333334,0.8333333333333334,0.2004503722750639,0.200451535330031,0.2349534031425178,0.3093055258091127,0.034842,,,,,,,,,,,,,0.8367301192691005,0.899804844771941,0.5819997679440426,0.1434764505160378,-0.2743590598526123,3.472308,0.5040688413141241,0.5833981468923906,0.66030039712451,0.7778661210077182,0.4927464907207869,0.5716213248469649,0.6505235645236639,0.7726517808540839,-4.357605759084261,-3.660561758525773,-2.984843601622705,-1.9518270901740404,-4.480032462607403,-3.783414675043617,-3.086554843307157,-2.007925787515936,1.248742,0.8006752241860011,0.125125125125125,0.1158948303439811,-0.6556556556556553,0.5014005602240896,3.894447,MA-BBOB,-100,MABBOB_15,15,15,lhs_target,15,modcma_base
410,5,5000,0.0013810215151538,10.675042557548322,4.232152524903679,2.047156988770762,0.7035344944073074,1.5557606460307485,0.0187686964389968,0.1138519321147383,6.066054320010277,0.7682837069588633,0.7678040563934659,86.3775075748397,0.8766316673785186,0.040992,-1.224025833895075,1.6884265056286685,2,0.06252,0.0768,0.043,1.7860465116279074,0.1156,0.0829999999999999,1.3927710843373498,0.1202,0.0968,1.241735537190083,0.343877,1.0,1.0,0.8333333333333334,0.8333333333333334,0.2002429451931202,0.2002420323926794,0.2030622656154012,0.3066196654618561,0.034812,,,,,,,,,,,,,0.901649404447742,0.9061945194169176,0.6492141343278559,0.1357611714771036,-0.2593822882103994,3.471421,0.5164097564565786,0.6924757436796412,0.7199227796045738,0.7863532481945376,0.5067988925778774,0.6705525288855809,0.6967331310788972,0.7781171399837717,-4.249325635930433,-2.7022271923383165,-2.46104905662672,-1.877322033687188,-4.356621047960452,-2.910126853437884,-2.6788642693779083,-1.9599703317393704,1.252004,0.7969431748726572,-0.1551551551551551,0.0318789129267764,-1.256256256256256,0.4751900760304122,3.822141,MA-BBOB,-100,MABBOB_410,410,410,lhs_target,410,ng_OnePlusOne
482,5,5000,0.4365272817562592,15.600835423975171,9.169091729631663,2.2127481909758924,0.62601584054952,2.2454919111275715,0.0022933871019185,0.0536063288561593,23.37430467421477,0.6989260995733314,0.7319670096683779,3.234461359463903,0.8531652924580083,0.038554,-1.4017593589521733,4.632612230753516,5,0.073584,0.0994,0.0604,1.6456953642384105,0.1514,0.1022,1.4814090019569472,0.1516,0.1026,1.4775828460038989,0.328884,1.0,1.0,0.8333333333333334,0.8333333333333334,0.2003306458564289,0.2003267175716018,0.2007313230768983,0.2985533534269807,0.031354,,,,,,,,,,,,,0.8103118559465904,0.8963895293128068,0.5825456181582985,0.1444646122552256,-0.316862193240764,3.450361,0.5890853627732927,0.6443656277837789,0.6969289466349147,0.7940812987559025,0.5634896586062639,0.6225905450617594,0.6812046154122346,0.7851841960757585,-3.610443470111176,-3.1247312229638187,-2.662891039819522,-1.809275608428497,-3.855498204768029,-3.333486834082477,-2.81577528963464,-1.897370732939064,1.107491,0.8096346485002531,-0.5355355355355353,0.0230867799418716,-1.436436436436436,0.4869947979191676,3.692593,MA-BBOB,-100,MABBOB_482,482,482,lhs_target,482,ng_OnePlusOne
123,5,5000,0.2885380321316494,79.04218041634752,32.68269721765994,12.002376020963467,0.4809547912442041,3.416146973838726,0.0012301861543628,0.086379277607962,70.21642805978352,0.5255367505853034,0.5488012696631337,5.6197508331193005,0.6249448264982004,0.056578,-2.959849543273139,15.205930842302973,2,0.11481,0.1102,0.0935999999999999,1.1773504273504276,0.157,0.117,1.3418803418803416,0.1573999999999999,0.1352,1.1642011834319526,0.315227,1.0,1.0,0.8333333333333334,0.8333333333333334,0.2003570352160001,0.2003566551251733,0.2017538027708388,0.2822691929118183,0.029157,,,,,,,,,,,,,0.6651993730803959,0.8677823038819426,0.4340296293570337,0.1736654465109308,-0.3336809914610652,3.477472,0.6282130167917935,0.7284589853324265,0.7613899659604124,0.8206942775181207,0.6135569983851415,0.7133249299554643,0.7487789260147935,0.8108753937830386,-3.266729716342187,-2.38591220748444,-2.096562074573826,-1.5754810103551558,-3.412901406426803,-2.5317931639439983,-2.2186784419573176,-1.6702686601918924,1.030042,0.8416019785756832,0.065065065065065,0.0505479682119124,-1.036036036036036,0.5882352941176471,3.808837,MA-BBOB,-100,MABBOB_123,123,123,lhs_target,123,modcma_bipop
782,5,5000,7.344329007157636,464.6263249398978,104.48565875336052,66.238254648466,0.6201456743849937,4.341509544170735,0.0218924817062176,0.1474003822543552,6.732922481442219,0.6678637242701326,0.7298897610117255,9.31299097981283,0.8127053391377166,0.049512,-0.5954140266505856,0.526263679554567,3,0.056067,0.0875999999999999,0.0696,1.2586206896551722,0.1685999999999999,0.1291999999999999,1.304953560371517,0.1996,0.1667999999999999,1.196642685851319,0.302337,1.0,1.0,0.8333333333333334,0.8333333333333334,0.2003765469294787,0.2003801509754527,0.2057270584266666,0.2978847142899129,0.035182,,,,,,,,,,,,,0.6305984537631079,0.8695332664728986,0.4143279689619067,0.1700710895799797,-0.3783695242223903,3.480066,0.6375088460757319,0.671123733702662,0.7099279656287434,0.8077932276297455,0.6252137134327785,0.6602365504971346,0.7006524809880471,0.80032547787892,-3.1852494340785427,-2.889871738288861,-2.548894706313548,-1.6889419404875277,-3.310827084148096,-3.0014386095098207,-2.6444080507720216,-1.763906096746224,1.184725,0.8461847124721608,-0.035035035035035,0.1056875971184805,-0.7357357357357354,0.5994397759103641,3.930828,MA-BBOB,-100,MABBOB_782,782,782,lhs_target,782,modcma_bipop
989,5,5000,0.1004084164582381,78.24231693099243,21.579114685678675,15.118937580682935,0.4024993733571188,2.7708888401802727,0.0487377038814619,0.1368808550557612,2.8085207991882,0.5623560025662095,0.4940390096773921,13.15693403467656,0.7175495315930986,0.061584,-1.0881045662480129,0.5574121023170826,2,0.10603,0.0785999999999999,0.0504,1.559523809523809,0.203,0.112,1.8125,0.187,0.1222,1.530278232405892,0.315773,1.0,1.0,0.8333333333333334,0.8333333333333334,0.2004375915758855,0.2004248824351064,0.2053815982147893,0.2726204645693612,0.033098,,,,,,,,,,,,,0.8821949158826418,0.897315561632299,0.600145807872067,0.1488647349714054,-0.2796358124383447,3.447042,0.4782555205771255,0.5620911910033741,0.6643079789401148,0.8411933724558904,0.4699168262523775,0.5567993088003349,0.6564286462463951,0.8228647531203311,-4.584784822017714,-3.848086065302336,-2.949864816452404,-1.3954996062544494,-4.682428075048859,-3.9149617685137454,-3.0348976014929363,-1.5647036052967955,1.06346,0.8006433801573711,0.2452452452452451,0.0554298551568466,-0.9959959959959956,0.4977991196478591,3.855368,MA-BBOB,-100,MABBOB_989,989,989,lhs_target,989,modcma_bipop
558,5,5000,0.0155076279696018,23.685925500877268,8.123889635292185,3.767689668323944,0.349310885565274,2.110885279827966,0.0041559329543855,0.0809300283309531,19.473371976694413,0.4563533297702623,0.5837746762452954,11.160360085994718,0.7658254102736509,0.048826,-1.1971386823744572,3.323962945456435,2,0.057967,0.1012,0.0793999999999999,1.27455919395466,0.2397999999999999,0.1496,1.602941176470588,0.2759999999999999,0.1841999999999999,1.498371335504886,0.320926,1.0,1.0,0.8333333333333334,0.8333333333333334,0.2003184962858079,0.2003285782861567,0.2011180141884517,0.2654475527070645,0.029885,,,,,,,,,,,,,0.7665845913651647,0.883844759820744,0.533850378476218,0.1597778108111981,-0.3591513442232618,3.452991,0.6082471085559708,0.698503862005873,0.7416809217867583,0.8111162306781515,0.578568286174829,0.6708159786268159,0.7187180961748153,0.7996071880798736,-3.442148727278909,-2.649105010688257,-2.269728458227882,-1.6596329992059164,-3.721653049894523,-2.907015957579987,-2.48399354132473,-1.7696639697335792,1.03345,0.8140773534727741,-0.1951951951951951,0.0554298551568466,-1.036036036036036,0.5038015206082433,3.369317,MA-BBOB,-100,MABBOB_558,558,558,lhs_target,558,modcma_bipop
400,5,5000,8.000149242045687,84.87512927411518,36.188551250584425,11.417445576985788,0.2226135809275098,3.288412951322881,0.0047325596728363,0.0615874978739922,13.013570273078356,0.2262527646148535,0.3856150096790585,1.3792196780483028,0.4136808235799791,0.048658,-0.8855068589054415,2.064875964456486,4,0.065484,0.1,0.1,1.0,0.2554,0.2228,1.1463195691202872,0.3203999999999999,0.2918,1.098012337217272,0.315322,1.0,1.0,0.8333333333333334,0.8333333333333334,0.2005135476663123,0.2005117904358978,0.2000580664128151,0.2453850790866421,0.033343,,,,,,,,,,,,,0.5286834954883677,0.8477477585919242,0.3893587705265721,0.1856930851361285,-0.5822178703632712,3.463662,0.6895524036514619,0.7458879545604151,0.7831217040903616,0.8500608812847857,0.6760427788390506,0.7332348497457407,0.7718383973143859,0.8406661977229745,-2.727891250264183,-2.2328729018830504,-1.905701357468072,-1.3175093472340933,-2.861017733457638,-2.3559278067974967,-2.0150018235072604,-1.4071513276357033,1.136347,0.8676897394747316,-0.035035035035035,0.1056875971184805,-0.7157157157157155,0.65406162464986,3.711758,MA-BBOB,-100,MABBOB_400,400,400,lhs_target,400,modcma_base
502,5,5000,0.3555750341791275,25.34044202896715,11.779434039124208,4.141759824207661,0.5345460794465375,2.4521403015843104,0.0099981738147185,0.0638243853201244,6.3836042964332895,0.7852692857996519,0.6541319513034021,5.325791442549308,0.9269743805011142,0.040503,-1.1666556692341223,2.305342309310489,3,0.058673,0.069,0.0356,1.938202247191012,0.1548,0.0795999999999999,1.9447236180904528,0.2414,0.1152,2.095486111111111,0.299154,1.0,1.0,0.8333333333333334,0.8333333333333334,0.2004952955391774,0.2004859116911334,0.2013403335293806,0.2886350487425914,0.035115,,,,,,,,,,,,,0.8822222050893606,0.898603849562288,0.6037999935217581,0.1475439483373174,-0.2783470625365146,3.520413,0.5088422399680885,0.6114625585261009,0.6944504340305737,0.7979086681692484,0.4984701670102008,0.5961827889463959,0.6771253012019111,0.7880211355991774,-4.315439672744647,-3.4137908951580576,-2.6846378623615745,-1.7756269408093353,-4.428531344500875,-3.565724427476251,-2.8509983453022194,-1.871783059792253,1.102337,0.8033910758991307,-0.5955955955955953,0.036606951475969,-1.256256256256256,0.4953981592637055,3.536178,MA-BBOB,-100,MABBOB_502,502,502,lhs_target,502,ng_DE
965,5,5000,0.6357528286853076,21.772246176106783,3.733894925791344,2.2974531911341813,0.4069755661957914,1.296200420150139,0.00947277389758,0.0857167284776569,9.048746376133252,0.5357974243024488,0.8123593796818674,3.1991986026357457,0.971267966197918,0.048519,0.5766414908937457,0.5984179391021756,1,0.052427,0.1008,0.0833999999999999,1.20863309352518,0.2452,0.1424,1.7219101123595506,0.2702,0.1493999999999999,1.808567603748328,0.330918,1.0,1.0,0.8333333333333334,0.8333333333333334,0.2003030159715839,0.2003045814805538,0.2010989805651536,0.2730801351011783,0.0372,,,,,,,,,,,,,0.9198344612269684,0.8916016735630979,0.6047185021435948,0.1597505609225974,-0.3314412957599685,3.455864,0.482881295349311,0.5591436718704282,0.6357510784489324,0.7520221104729077,0.4748382581913342,0.5510000478600507,0.6277267574819031,0.7470102578955877,-4.543833812955461,-3.873729324418215,-3.2005931156450904,-2.178939398565487,-4.637300110775662,-3.964773824966577,-3.287259164809745,-2.2339581612426933,1.156748,0.8080465229128727,-0.4754754754754753,0.0505479682119124,-1.076076076076076,0.4975990396158463,3.391782,MA-BBOB,-100,MABBOB_965,965,965,lhs_target,965,opy_SAVPSO
646,5,5000,0.0775659677447869,23.79125843549656,6.833131597161555,5.404549034438721,0.6863820582226319,1.8082836492778829,0.0092130492849899,0.1907501407140818,20.704343894572915,0.6933175353854333,0.8871744070844166,13.835369558676463,0.9664696747286564,0.052951,0.0521403264691887,-0.9230619020683872,2,0.063543,0.106,0.0596,1.778523489932886,0.2208,0.1166,1.8936535162950257,0.0945999999999999,0.0968,0.9772727272727272,0.335356,1.0,1.0,0.8333333333333334,0.8333333333333334,0.2005782478436659,0.2005822812973579,0.2057522980141228,0.3047148001483801,0.033738,,,,,,,,,,,,,0.855884396655669,0.9065253576382744,0.6116953193425336,0.1349551345875143,-0.2747910394618054,3.468214,0.5684050835681924,0.6605856452847001,0.72214281398597,0.8010475056328026,0.5483042052810766,0.6438668738441037,0.7087145835377239,0.7944624504965361,-3.79227681881236,-2.9823177714892264,-2.4414359978401814,-1.7481274771984676,-3.989362137963101,-3.14535584827584,-2.5726230471074496,-1.815300756627752,1.256601,0.7931183500505378,-0.3953953953953952,0.0730909932860291,-0.9759759759759756,0.4803921568627451,3.82389,MA-BBOB,-100,MABBOB_646,646,646,lhs_target,646,ng_DE
74,5,5000,0.0133265631207336,18.919144570029378,6.582752375497554,2.921143901561258,0.3226148202867281,1.9114447926806128,0.0013813403700229,0.0896986201213743,64.9359289484052,0.4736747577200271,0.467937031489206,16.130518327665218,0.7026215677082974,0.036249,-1.9740124661359608,4.455888073967772,2,0.07125,0.1034,0.0525999999999999,1.9657794676806088,0.2118,0.123,1.7219512195121955,0.2442,0.1556,1.5694087403598975,0.314271,1.0,1.0,0.8333333333333334,0.8333333333333334,0.2005088711385999,0.2005091405116366,0.2012496132135961,0.2615880566733298,0.033372,,,,,,,,,,,,,0.8868057222124535,0.8990119207551093,0.5943919188709553,0.1463482169206204,-0.2851569645520884,3.458592,0.4968098233816583,0.6215164185549975,0.7311350009584696,0.78259776467801,0.4842398448740015,0.6129778841106166,0.7063500694028627,0.7705221532321572,-4.421583689721391,-3.325774047878264,-2.3625443216882847,-1.9103357388031403,-4.555468075245819,-3.418385223878844,-2.5936724092356656,-2.026870425210876,1.117769,0.8167150176732256,0.085085085085085,0.038333951017666,-1.1761761761761762,0.5228091236494598,3.546109,MA-BBOB,-100,MABBOB_74,74,74,lhs_target,74,ng_OnePlusOne
566,5,5000,4.486246821293805,117.06179177555492,44.38059955932603,19.77756887459229,0.7907328556021626,3.568167432371899,0.009947169624335,0.1591852347395463,16.00306828488284,0.8385507293052449,0.8406015556177834,1.7271059057199931,0.9055827396465606,0.042591,-0.9283368629298694,1.1849585618885137,3,0.12769,0.069,0.0457999999999999,1.5065502183406116,0.0974,0.0783999999999999,1.2423469387755104,0.1172,0.11,1.0654545454545454,0.444601,1.0,1.0,0.8333333333333334,0.8333333333333334,0.200366631121176,0.2003616952317099,0.2048668328717399,0.314944658709279,0.032723,,,,,,,,,,,,,0.7104376083539995,0.8622146748311328,0.5012131237266377,0.1765870785452658,-0.3105328961663862,3.447418,0.5578739458631224,0.6418181190131693,0.7238242077969865,0.8223247642300809,0.5474980756963196,0.635061850278961,0.7146467668472285,0.816856933442755,-3.8849401606794016,-3.1473267889402194,-2.426743270381369,-1.5612236658350005,-3.9958598514920087,-3.2226198882845694,-2.519837964453324,-1.6172616897958054,1.121814,0.8400100717039156,-0.2752752752752751,0.0697981390783066,-0.9559559559559556,0.5756302521008403,3.79706,MA-BBOB,-100,MABBOB_566,566,566,lhs_target,566,modcma_base
759,5,5000,11.162712531566534,90.320977393204,40.57383590386706,13.338881029928098,0.4363890842256966,3.30670455832698,0.0070992767534148,0.1064155603359686,14.989634019378272,0.4530976593527367,0.5269177568898604,3.9470729473026975,0.5561978332869724,0.051433,-0.8331967719037922,1.629373900607246,4,0.060784,0.1004,0.1002,1.001996007984032,0.2338,0.2104,1.111216730038023,0.2352,0.2188,1.0749542961608771,0.313157,1.0,1.0,0.8333333333333334,0.8333333333333334,0.2003040726420232,0.2002966556901672,0.2014689694815037,0.2768647228027948,0.034427,,,,,,,,,,,,,0.5500147150977568,0.8419773962388274,0.392443185127625,0.1935344970547967,-0.51558352180919,3.450186,0.7553787289481598,0.7785470396753567,0.8321137845716478,0.8662128820613255,0.7434987389071533,0.7683144840040558,0.8229759426342983,0.8593058508255227,-2.1493841281913504,-1.945813935215412,-1.475145498313359,-1.1755310836926824,-2.265535172829951,-2.0463512861017508,-1.563556555980803,-1.242674372079536,1.101439,0.8440534372551016,0.045045045045045,0.0963793479961578,-0.7357357357357354,0.631452581032413,4.010169,MA-BBOB,-100,MABBOB_759,759,759,lhs_target,759,opy_GOA
906,5,5000,0.0089085824103287,29.65839533564155,11.317737860491546,5.131176392000718,0.6113715383430776,2.401452122088032,6.809185505843307e-06,0.1178622704152442,17309.305248638128,0.699776151316092,0.7158457151062855,5.7048893150384,0.8610191144091834,0.043829,-1.4890069018794243,4.278077024623951,3,0.09477,0.0867999999999999,0.0445999999999999,1.946188340807175,0.1432,0.0972,1.4732510288065843,0.1881999999999999,0.1408,1.3366477272727268,0.32117,1.0,1.0,0.8333333333333334,0.8333333333333334,0.2002906472364633,0.2002920663742642,0.2028909920272693,0.297183753850171,0.044643,,,,,,,,,,,,,0.7799643603621536,0.891587585403206,0.5480608672461942,0.1487176955684535,-0.3041500210435157,3.557282,0.6608686789014941,0.7023182074573004,0.7300626652392886,0.8026110417170101,0.6317293311627289,0.6795915183839383,0.7117343225817218,0.7925121979216145,-2.979913832858508,-2.615700869252489,-2.3719130254700183,-1.7344375191761188,-3.252904693288401,-2.830141908691738,-2.5462271484950163,-1.8327227832502508,1.158554,0.8261388992927641,-0.095095095095095,0.0440193518520887,-1.0960960960960962,0.5288115246098439,3.847446,MA-BBOB,-100,MABBOB_906,906,906,lhs_target,906,opy_EO
844,5,5000,1.3761791590251466,774.0519124275082,164.59247412049143,99.1679642293157,0.2223432764022962,4.902168778317629,0.0110469659375299,0.0916537145253897,8.29673188490732,0.416993534178127,0.3671825453774342,3.551665851332749,0.6100002727838194,0.053458,-0.8665573119092108,1.6779666310390289,3,0.065982,0.1,0.0786,1.272264631043257,0.2780000000000001,0.141,1.9716312056737595,0.2735999999999999,0.1494,1.831325301204819,0.314618,1.0,1.0,0.8333333333333334,0.8333333333333334,0.2005373354300139,0.2005314511088232,0.2003722624328901,0.2453768000697077,0.038367,,,,,,,,,,,,,0.6501287960813192,0.860874649605872,0.4302522593594885,0.1810146451423288,-0.4382165477128511,3.490761,0.8289116108703816,0.8327948675927331,0.8358719718088131,0.8703444832019324,0.8181661666546697,0.8208929465298453,0.8225168352823091,0.8593893452083397,-1.5033888631745382,-1.4692658876825655,-1.442226740065264,-1.1393096924635753,-1.606020675536202,-1.5819367920443366,-1.5675940327060651,-1.2419229944254455,1.130286,0.8362603611159439,0.085085085085085,0.0963793479961578,-0.7757757757757754,0.5748299319727891,3.451302,MA-BBOB,-100,MABBOB_844,844,844,lhs_target,844,modcma_base
783,5,5000,1.609977314752978,717.2013696277947,143.26483938435467,114.73721537768634,0.7570121651814865,4.581724787982982,0.0137272311296802,0.2689937054140995,19.59562732447161,0.7723660740594014,0.7992423278233689,2.663874162011003,0.88508489392735,0.055886,-0.6627631948347061,0.3039611164474713,2,0.058482,0.1002,0.0514,1.9494163424124515,0.139,0.1022,1.3600782778864973,0.0704,0.0664,1.0602409638554218,0.326024,1.0,1.0,0.8333333333333334,0.8333333333333334,0.2004518495515073,0.2004363514619319,0.212501429604157,0.3115941813706175,0.032871,,,,,,,,,,,,,0.7514121594338429,0.8840485504861972,0.5134832066259595,0.1624700344217868,-0.2985067911702752,3.473316,0.7104823221919655,0.7375453204359163,0.7772202531180553,0.8320759791307908,0.689885054872029,0.7218028627133568,0.7644427551263153,0.8245711637893788,-2.544070491156349,-2.306260573102562,-1.9576261607259529,-1.4755939930305093,-2.738920524500891,-2.457023955608948,-2.080430443019064,-1.5493791822522454,1.166349,0.79734986636298,0.045045045045045,0.0765391938823014,-0.8958958958958956,0.4891956782713085,3.704748,MA-BBOB,-100,MABBOB_783,783,783,lhs_target,783,ng_OnePlusOne
368,5,5000,0.9192437600203176,190.1715954375256,64.42024652473181,47.25515727053701,0.6363380229109848,3.6996266608202055,0.0218939503520878,0.251819367707498,11.50177851223108,0.7442708418583737,0.7362580396651517,6.473721263171085,0.9001178986677374,0.052086,-0.733872428287303,-0.8496992344969589,2,0.069993,0.0794,0.0486,1.6337448559670782,0.1366,0.092,1.4847826086956522,0.179,0.114,1.570175438596491,0.320907,1.0,1.0,0.8333333333333334,0.8333333333333334,0.2005233678522033,0.2005225707791516,0.2143428007880896,0.2995908736607263,0.045087,,,,,,,,,,,,,0.8131413104599422,0.8927215457624157,0.563208983788987,0.1514988161850915,-0.2587070347498887,3.449992,0.5372365204092008,0.6369780942812422,0.6823868107946767,0.7932592803130757,0.5139062471618575,0.623232845480146,0.6722397344651816,0.7845975133649016,-4.066038017240968,-3.18966585489622,-2.790685434442545,-1.8165124583774648,-4.293187435119837,-3.327613252189008,-2.894783661608105,-1.902438045574507,1.251858,0.7795736217902127,0.0050050050050049,0.0636507908129557,-0.9359359359359356,0.5048019207683073,3.871524,MA-BBOB,-100,MABBOB_368,368,368,lhs_target,368,modcma_base
961,5,5000,0.8914473218732991,90.28623107852954,27.52805729592504,13.720312078369608,0.2066295499795928,3.184928841837802,0.0006115623302578,0.0550761925403741,90.05818346782836,0.3775498744067223,0.4600031853107548,4.117753504674453,0.7051202996878407,0.048654,-0.7380502490250656,1.2109425582035094,3,0.096052,0.1,0.0815999999999999,1.2254901960784317,0.2826,0.1366,2.068814055636896,0.3094,0.1611999999999999,1.919354838709678,0.332563,1.0,1.0,0.8333333333333334,0.8333333333333334,0.2006571208440681,0.2006519397962343,0.2003733068094343,0.2426960019676288,0.036431,,,,,,,,,,,,,0.6725129569886739,0.8641447580410676,0.466077103694584,0.1764120548185258,-0.4442863997308923,3.455755,0.7856637122938188,0.7932424167074954,0.8091974715904948,0.8498682551113595,0.7687896743497683,0.7776051454375438,0.7937236639303894,0.8371283778387307,-1.8833160293583773,-1.8167239666852928,-1.67653113731411,-1.3191677652452185,-2.0419622750955977,-1.9641073637813664,-1.821754695922526,-1.4384206553129897,1.095313,0.8428954310965834,-0.055055055055055,0.0765391938823014,-0.8558558558558554,0.5730292116846739,3.676305,MA-BBOB,-100,MABBOB_961,961,961,lhs_target,961,modcma_base
747,5,5000,0.6800654462690666,285.5400756790356,53.31524793700935,52.71778675873375,0.686426477207285,3.452799957348681,0.016986902525178,0.2834951592520962,16.689043740134423,0.7009749582537589,0.8376331930460537,2.256162834062805,0.9146187774652088,0.046373,-0.1758200570287599,-0.8130863383239375,2,0.070104,0.113,0.0624,1.810897435897436,0.1679999999999999,0.1128,1.4893617021276593,0.1653999999999999,0.1379999999999999,1.198550724637681,0.317039,1.0,1.0,0.8333333333333334,0.8333333333333334,0.2002955107008147,0.2002913889901804,0.2146323041697783,0.3048350218057031,0.030868,,,,,,,,,,,,,0.780267435995833,0.8831207518397903,0.5401517486537663,0.1628764116761228,-0.3139916515995998,3.493724,0.6086516503334471,0.6370474372942445,0.6940020409013534,0.7849725983269992,0.5962437517269784,0.6228631490396187,0.6812218005646647,0.7779943848816382,-3.4388943482349523,-3.1893721223807425,-2.688895080335385,-1.8895097346366256,-3.566181241772245,-3.3310651394960304,-2.8156117458856054,-1.96086689330403,1.216079,0.8075849750901802,-0.0150150150150149,0.1009262190987048,-0.7357357357357354,0.5068027210884354,3.977638,MA-BBOB,-100,MABBOB_747,747,747,lhs_target,747,modcma_bipop
575,5,5000,1.4259467959342007,42.23444511112849,12.312919545839918,6.0187817455929,0.0144041657710513,2.343899617552865,0.0007767885363963,0.0214824996199486,27.65553122038784,0.4081237929101301,0.2948497660410577,1.8708024497270432,0.7143673106121649,0.037848,-0.4763669597040726,0.4596729855773769,2,0.090239,0.1,0.0857999999999999,1.1655011655011658,0.25,0.1639999999999999,1.5243902439024393,0.4614,0.1556,2.9652956298200515,0.333412,1.0,1.0,0.8333333333333334,1.0,0.2004306671330039,0.2004248302346736,0.1990961271433708,0.1873499648350894,0.030307,,,,,,,,,,,,,0.716556101994558,0.8716529729437617,0.5036301581187616,0.1690395139975925,-0.4281391559236471,3.44909,0.7014761456650689,0.7690080953037127,0.7990303917137921,0.8522609976550529,0.64965139500856,0.7382073730322901,0.7747739824499927,0.8351285379645084,-2.623119415827216,-2.0297183669212746,-1.7659134231038127,-1.2981778169431415,-3.093388409831504,-2.311487091724091,-1.988623737487757,-1.455725704359592,1.252521,0.8444168084051782,-0.1951951951951951,0.0878909065341995,-0.8358358358358354,0.5658263305322129,3.866118,MA-BBOB,-100,MABBOB_575,575,575,lhs_target,575,modcma_base
118,5,5000,0.2581144028332136,45.60035860778712,16.995948561494686,13.60550738828464,0.9137541316043072,2.4845843980811906,0.0008148238364046,0.3182551929540548,390.5815941250781,0.9323866979016197,0.9170451785160648,12.711851872713456,0.9681838895728958,0.046625,-0.3964141083763017,-1.0009703918122623,2,0.053729,0.0684,0.033,2.0727272727272723,0.0708,0.051,1.388235294117647,0.0116,0.012,0.9666666666666665,0.314827,1.0,1.0,0.8333333333333334,0.8333333333333334,0.2004835443868114,0.2004830569185855,0.2161268222739846,0.326064264277544,0.035882,,,,,,,,,,,,,0.8038555954775582,0.8871168770095775,0.5824923199225167,0.1543157056877667,-0.2274511255292465,3.468977,0.6231201312638234,0.6882203431901661,0.7670157729658463,0.8600943496759988,0.6031309758576595,0.6757714171857441,0.75830722447057,0.8565099830087513,-3.311661014839096,-2.7396224110866907,-2.047243288236068,-1.2293574859474354,-3.5042507354933514,-2.862854444864216,-2.1340846347047435,-1.266979701084442,1.168819,0.7865498670519666,-0.2352352352352351,0.0730909932860291,-0.9359359359359356,0.4861944777911164,3.889723,MA-BBOB,-100,MABBOB_118,118,118,lhs_target,118,ng_DE
870,5,5000,1.6003190078876222,442.8484990087799,61.3406709699857,58.73661778012167,0.669693491040982,3.639418368928386,0.0112179711142061,0.2490754299095352,22.203251138177148,0.697947882996701,0.7972944849500779,2.895384476308136,0.8712322830414119,0.040792,-0.1840671936521527,-0.4768217945319981,2,0.059958,0.0996,0.0556,1.79136690647482,0.1593999999999999,0.1086,1.467771639042357,0.1898,0.1476,1.2859078590785906,0.412673,1.0,1.0,0.8333333333333334,0.8333333333333334,0.2004763876844743,0.2004763957317626,0.2121058286494516,0.3031163132105542,0.03332,,,,,,,,,,,,,0.7506348501402805,0.8956227153373292,0.5308107121436115,0.1463732177028649,-0.3419340321927675,3.468198,0.6968534532476083,0.7122535690483566,0.7398727425002137,0.8056018687492089,0.6770585710142223,0.6964341221826,0.7263928141941223,0.798794196577697,-2.663560404850771,-2.5282491531923643,-2.285576631901333,-1.7080556276285712,-2.8514164824155284,-2.6803397452780624,-2.41581899778045,-1.776549840749234,1.17801,0.8259958547710228,-0.0150150150150149,0.1056875971184805,-0.6956956956956954,0.5266106442577031,3.868499,MA-BBOB,-100,MABBOB_870,870,870,lhs_target,870,opy_EO
727,5,5000,0.7592855642202093,414.46404821540864,102.52255462881556,74.34582808635666,0.7160686726085097,4.224132626768203,0.0449678891405284,0.2091913718976293,4.6520167145024,0.8498488703896082,0.7788547223819143,2.0204119504396183,0.937967168211296,0.066061,-1.1262827550645973,0.7639837554297491,2,0.06579,0.0618,0.0356,1.7359550561797752,0.1172,0.0712,1.646067415730337,0.1543999999999999,0.1064,1.451127819548872,0.344367,1.0,1.0,0.8333333333333334,0.8333333333333334,0.200433500148707,0.2004255969440385,0.2151879559923593,0.3077767292864246,0.032356,,,,,,,,,,,,,0.8621142193631174,0.8961640930745416,0.6195958939977181,0.145420439056971,-0.2537602394821127,3.463661,0.5068688978003535,0.5753360694255132,0.6555760639167434,0.7827141807808629,0.4880387990431953,0.5663925158283426,0.6466650163895696,0.7748817492968747,-4.333263070770864,-3.7316253621776623,-3.026536992418058,-1.909343401834929,-4.521030414279887,-3.829103885481445,-3.1202329480171302,-1.987975761319822,1.240653,0.7897139103780786,-0.095095095095095,0.0730909932860291,-0.9159159159159156,0.4713885554221688,3.692331,MA-BBOB,-100,MABBOB_727,727,727,lhs_target,727,ng_DE
349,5,5000,3.133098555760312,63.13396030972987,25.279983425068977,11.357682475935205,0.6128083578285629,3.01018361609918,0.0041893271737421,0.1416511432565195,33.812384992120286,0.6150300837941882,0.7265998280073237,10.606746071823228,0.803854707688789,0.055108,-0.5055843026957295,0.178123298228872,2,0.114836,0.101,0.0837999999999999,1.2052505966587117,0.2352,0.1472,1.5978260869565215,0.1193999999999999,0.1152,1.0364583333333333,0.322697,1.0,1.0,0.8333333333333334,0.8333333333333334,0.2005516382241863,0.2005307198211839,0.2028920121702766,0.2971445684224506,0.046151,,,,,,,,,,,,,0.692737413673188,0.8706288984704376,0.4422143710361508,0.1717615791220537,-0.3954159690940907,3.533658,0.7257623482579237,0.7599664324323592,0.7952223662653982,0.846373341272829,0.720080797853589,0.7535789296748245,0.7889530106645982,0.8402665548684278,-2.409648439247813,-2.1091068559777444,-1.7993229681879406,-1.349873863334231,-2.472230591707749,-2.1763769824573167,-1.8639550960490947,-1.4107567703290096,1.185747,0.8479244285128027,-0.1351351351351351,0.0697981390783066,-0.8758758758758756,0.5942376950780313,3.87258,MA-BBOB,-100,MABBOB_349,349,349,lhs_target,349,opy_EO
980,5,5000,0.8485236812788726,62.5985303660183,13.606861311574724,6.326361014813907,0.295719601934686,2.5145663903021145,0.0081170601041914,0.0654977216285992,8.06914335829276,0.3463049557773195,0.7839275087244042,1.899609446729924,0.90246733126052,0.040493,-0.5485953225624683,0.882872273062123,3,0.072714,0.1056,0.0759999999999999,1.3894736842105266,0.2367999999999999,0.1496,1.582887700534759,0.2988,0.1876,1.592750533049041,0.33241,1.0,1.0,0.8333333333333334,0.8333333333333334,0.2003454723390492,0.200346162143688,0.2008572063535352,0.2575933960618579,0.031277,,,,,,,,,,,,,0.8551886999319688,0.8906255540154314,0.5624791806004206,0.1566861242437504,-0.3986602671342613,3.429436,0.4511559472740399,0.5371042645934226,0.6160134143325201,0.7411057073824321,0.4485424531935408,0.535092232586242,0.6151980606717592,0.740223412581489,-4.822399501513953,-4.067217550396221,-3.3738850045178124,-2.274765849174909,-4.8691151395375405,-4.104920608870363,-3.3976231885065165,-2.293707143953177,1.181891,0.838299867005037,-0.3353353353353351,0.0697981390783066,-0.9559559559559556,0.5612244897959183,3.59264,MA-BBOB,-100,MABBOB_980,980,980,lhs_target,980,modcma_base
73,5,5000,4.800884863178295,375.474250772428,84.15842515426341,48.57829352222812,0.6531390680987745,4.192410328108295,0.0105270089078655,0.1257879982948327,11.949073036391852,0.7295461164046451,0.7410676336426141,3.7493515491914864,0.8323712850127222,0.048165,-0.5949828320542334,0.6261272750325797,2,0.060164,0.0832,0.0676,1.2307692307692304,0.1386,0.1012,1.3695652173913044,0.1833999999999999,0.1409999999999999,1.3007092198581562,0.321108,1.0,1.0,0.8333333333333334,0.8333333333333334,0.2004360606673342,0.2004281361922004,0.2049810057956577,0.3015122608801058,0.030789,,,,,,,,,,,,,0.6434671387114423,0.8795901668398288,0.4567129611320066,0.1559945263830008,-0.3605576633915913,3.468536,0.6212521046486049,0.6808320977501937,0.7261371735471394,0.809400791541219,0.6008720356876066,0.6657987500819025,0.7146503927119984,0.8022975987212075,-3.328208138359157,-2.8046550827306467,-2.406541393316009,-1.6748709221705038,-3.524580941385976,-2.9512323399288363,-2.519837940225312,-1.7458514008506851,1.213629,0.8544371944648701,-0.1351351351351351,0.0920373199661822,-0.7957957957957954,0.5984393757503002,4.025114,MA-BBOB,-100,MABBOB_73,73,73,lhs_target,73,modcma_base
597,5,5000,4.583241532414516,310.8828979225963,73.4292742731406,39.723947062400015,0.3951881085642192,4.078354428244579,0.0354751269540615,0.0852290213944937,2.402500814299013,0.5282248031703537,0.4947242864433746,1.6495076145418084,0.6716816666673212,0.036695,-0.7262538400422462,1.5556417433716812,4,0.062351,0.1,0.0748,1.336898395721925,0.2628,0.1256,2.0923566878980893,0.2296,0.1508,1.5225464190981437,0.294047,1.0,1.0,0.8333333333333334,0.8333333333333334,0.2002811959066433,0.2002775381945793,0.2018423100764648,0.2715056992276711,0.029635,,,,,,,,,,,,,0.6611101256140951,0.8715305161985314,0.4396992686789268,0.1715935340729597,-0.4164736876768308,3.131047,0.8133280460694554,0.8225517149754736,0.8339630982045874,0.8654436762020261,0.8017545686169971,0.808606675259512,0.8201724198506045,0.8527424152547638,-1.6402466325730494,-1.5592002217732022,-1.4589308319669616,-1.182317709510631,-1.7508743863812573,-1.6903575919742568,-1.5882106429994345,-1.30055725134308,1.086869,0.8390303608731636,-0.035035035035035,0.0765391938823014,-0.8958958958958956,0.5756302521008403,3.179372,MA-BBOB,-100,MABBOB_597,597,597,lhs_target,597,modcma_base
836,5,5000,3.2786902304489822,201.53750444640428,38.22691471114434,23.753814571459408,0.4144143972503001,3.3798318695401943,0.0094708171961652,0.1059407639383536,11.186021411251494,0.57396073003555,0.5703646359428234,1.4019226408966527,0.7786981611733274,0.050973,-0.2826317753518662,0.2174504459884807,3,0.06059,0.1048,0.0883999999999999,1.1855203619909505,0.2435999999999999,0.1505999999999999,1.6175298804780878,0.2354,0.1638,1.4371184371184371,0.320299,1.0,1.0,0.8333333333333334,0.8333333333333334,0.2010222864266544,0.2010309327539972,0.2020240128796981,0.2737828797739691,0.03118,,,,,,,,,,,,,0.7236201728080446,0.8646518327141631,0.4938919703106129,0.17898659404143,-0.4066227517633164,3.478476,0.6041971739321358,0.6746704478054155,0.7329629017512317,0.8203729848942258,0.5859704196802168,0.6550690276475551,0.7165125653707803,0.8077143885079384,-3.4779588678417115,-2.8587031888249443,-2.346481588127367,-1.5784004785856371,-3.656617146119723,-3.0463536126030544,-2.5036979564939736,-1.6982237437985097,1.236967,0.8531614916741265,-0.035035035035035,0.1106736018095974,-0.7357357357357354,0.6044417767106842,3.831302,MA-BBOB,-100,MABBOB_836,836,836,lhs_target,836,modcma_bipop
706,5,5000,6.778968453598586,238.68365934432288,55.39926466321447,28.667910307982947,0.6445671530316466,3.722092614448703,0.0213795061003743,0.1406781242683991,6.580045563631434,0.709127252130274,0.7621960248919452,3.798930734167776,0.8491764838979006,0.04764,-0.7472122043668209,1.1856535012979563,4,0.066223,0.0849999999999999,0.0633999999999999,1.3406940063091484,0.1447999999999999,0.1172,1.2354948805460748,0.1767999999999999,0.1462,1.2093023255813953,0.323146,1.0,1.0,0.8333333333333334,0.8333333333333334,0.2003414500445004,0.2003376244333211,0.2047188749181412,0.3006406710427599,0.036276,,,,,,,,,,,,,0.6540978234667434,0.8697136094948329,0.4418506344929188,0.1694356999236796,-0.3551412132652434,3.461481,0.5355861015109792,0.6239491274588209,0.6941420043263761,0.804458288441308,0.5221282176510206,0.6116188263580641,0.6831245338292709,0.7962894557489286,-4.080624919843096,-3.304213260225141,-2.687455657851199,-1.718149227771299,-4.220011579754482,-3.429733896551145,-2.7982780862420444,-1.7989362155512616,1.190596,0.8521476130802967,-0.115115115115115,0.0878909065341995,-0.8358358358358354,0.601640656262505,3.899404,MA-BBOB,-100,MABBOB_706,706,706,lhs_target,706,modcma_base
486,5,5000,0.0095016637089152,37.24916670731056,13.0302361389798,6.721072410836985,0.5252093456033252,2.510053629355422,0.0038262349550492,0.1235314363531594,32.28537656584411,0.6577136380062434,0.5839946860175,1.8332205762162617,0.7747622336944877,0.049528,-0.8640255361970309,1.7074325972581263,2,0.055967,0.0962,0.0648,1.4845679012345678,0.2056,0.1142,1.8003502626970227,0.181,0.1439999999999999,1.2569444444444446,0.327684,1.0,1.0,0.8333333333333334,0.8333333333333334,0.2003680889220573,0.2003718860920479,0.2024057682852166,0.2875176964133801,0.037181,,,,,,,,,,,,,0.702615330814155,0.8785301568604263,0.4919706393369124,0.1636677183718656,-0.3359098265246757,3.38664,0.6997328267370571,0.759697501279405,0.7826544572327027,0.8424625356450642,0.6689535919881026,0.7309688332042737,0.7569118559698782,0.8302346986670349,-2.638367729336986,-2.1114740949329907,-1.9097574334251712,-1.3842397675341696,-2.9237430382474896,-2.3760354498766683,-2.1469112836984143,-1.4993369687624147,1.188257,0.810698117588137,-0.1951951951951951,0.0482707096560318,-1.036036036036036,0.5090036014405762,3.311055,MA-BBOB,-100,MABBOB_486,486,486,lhs_target,486,modcma_base
779,5,5000,0.3544781298428097,248.76231048836,67.83893451577163,45.45514830071893,0.0964750573885064,3.939160859298205,0.0196226858927151,0.0549306189448534,2.799342518408557,0.4291829417790868,0.2200364545278283,6.882854864764933,0.5720796227616598,0.049304,-1.0672257825606866,1.359569401727005,2,0.068244,0.1,0.078,1.2820512820512822,0.2524,0.1217999999999999,2.072249589490969,0.3806,0.0849999999999999,4.477647058823529,0.317279,1.0,1.0,0.8333333333333334,1.0,0.2003036644163909,0.2003017440945707,0.1981902413893792,0.218588872616102,0.036982,,,,,,,,,,,,,0.645062310036195,0.8888833508533359,0.4714609966501925,0.1517376412039549,-0.4230970712886425,3.494795,0.8821074357890784,0.8961122892221834,0.8930507861779254,0.9107338082693068,0.8870057990141086,0.8920862053821182,0.8881037640482277,0.9046620627056302,-1.035913594403116,-0.912853941268243,-0.9397551512307248,-0.7843756911502773,-0.997862337496814,-0.9529967945788308,-0.98816610577982,-0.8419382245338687,1.01981,0.798736911185597,0.1651651651651651,0.0839312949816636,-0.7757757757757754,0.5084033613445378,3.442791,MA-BBOB,-100,MABBOB_779,779,779,lhs_target,779,ng_MultiBFGS
203,5,5000,0.3861026756620295,39.358775924242885,8.991423914528896,5.283724248222905,0.2541973030551142,2.1232604115227125,0.0027988822431733,0.0737387631652107,26.34578976842032,0.3748107131350139,0.7700215406900418,1.9504370480220152,0.9353069226411364,0.049075,-0.1224822830659716,0.0786413954794529,2,0.05334,0.1,0.0871999999999999,1.1467889908256883,0.272,0.1551999999999999,1.7525773195876293,0.3082,0.1594,1.933500627352572,0.327359,1.0,1.0,0.8333333333333334,0.8333333333333334,0.2003837117699375,0.2003785023568838,0.2005058415105094,0.2508497817390884,0.028836,,,,,,,,,,,,,0.9418670985449442,0.910499014697338,0.6447778359731073,0.13521924250706,-0.3770602192955925,3.451039,0.4758484449614335,0.5638888011829533,0.6397214351535532,0.7570305595949706,0.4669412339792183,0.5537959924775818,0.6304435078171798,0.7501668196365759,-4.605631268318088,-3.83203551420865,-3.16570695557599,-2.13493147395664,-4.70804204454055,-3.940929896979,-3.263969404382344,-2.2065580612296447,1.150719,0.8194263891425732,-0.4154154154154152,0.0666536326812491,-0.9559559559559556,0.5022008803521408,3.866935,MA-BBOB,-100,MABBOB_203,203,203,lhs_target,203,modcma_bipop
177,5,5000,4.294349491512775e-06,18.376465267502404,6.517254519288459,2.585164557875508,0.4357075103074251,1.946586011333064,0.0161471458378983,0.0589687426269763,3.6519607377653793,0.5089688949967255,0.5304333046355096,6.6778572784757655,0.6513914889711465,0.041434,-1.4558079797795571,4.513594396072669,2,0.064869,0.0807999999999999,0.0636,1.2704402515723263,0.1856,0.1553999999999999,1.1943371943371943,0.2656,0.2435999999999999,1.090311986863711,0.313431,1.0,1.0,0.8333333333333334,0.8333333333333334,0.2003952003156933,0.2003927111050214,0.2010174337940556,0.2767836394364357,0.034251,,,,,,,,,,,,,0.6229707141294941,0.844494959805729,0.4226857590686828,0.1948981313820466,-0.4402113996607511,3.473495,0.5760985850273921,0.6451726537568969,0.7343954090630117,0.8216938150460272,0.56278437756136,0.6370479789563587,0.7242501866073874,0.8162081392827414,-3.724772076442324,-3.1178263260334864,-2.3338364269458944,-1.5667555599370546,-3.8617040039590975,-3.205771251016957,-2.4355583465425505,-1.6233403565686595,1.173341,0.858224629285424,-0.1951951951951951,0.0878909065341995,-0.8758758758758756,0.6296518607442977,3.652342,MA-BBOB,-100,MABBOB_177,177,177,lhs_target,177,modcma_bipop
170,5,5000,0.2744169476488121,332.0091183213113,75.84231352175891,54.9809182182566,0.4451190809599713,4.01492685670717,0.0410299264156858,0.1726732743067347,4.208471459522802,0.5293540207842556,0.5288911913703147,7.206558583515489,0.6900969662377863,0.053647,-0.8937332859556171,0.8066324836505618,1,0.072084,0.1002,0.0789999999999999,1.268354430379747,0.2804,0.0975999999999999,2.872950819672132,0.1426,0.1107999999999999,1.2870036101083036,0.310992,1.0,1.0,0.8333333333333334,0.8333333333333334,0.2004311659750722,0.2004385170348267,0.2050844402894623,0.2778265922428525,0.044463,,,,,,,,,,,,,0.6845547022764994,0.8742352035390862,0.5202543807854704,0.166856564755969,-0.3626439354333706,3.168116,0.7818452128669849,0.8096881739771453,0.8326996320118452,0.8639127642526617,0.7720314316859851,0.796968504365894,0.8201447497732333,0.8529790280604386,-1.9168300915945613,-1.6721862476686828,-1.4699946946339857,-1.1957386403965078,-2.0132577313903344,-1.7930310802236056,-1.588354814561164,-1.2983856091341988,0.931578,0.7943433047789898,0.105105105105105,0.080150069615654,-0.8558558558558554,0.4989995998399359,3.408728,MA-BBOB,-100,MABBOB_170,170,170,lhs_target,170,ng_OnePlusOne
639,5,5000,10.41798111273616,851.3284244342946,172.53725753636903,116.14845119111456,0.6559483346779911,4.8497380628671465,0.0314867172402428,0.1408184069259117,4.472311478248769,0.6808176385646663,0.7832091041143039,2.3993199647979897,0.8427009248883243,0.042163,-0.3959470166271187,0.4352950199499883,3,0.099775,0.1008,0.0861999999999999,1.169373549883991,0.1699999999999999,0.1324,1.283987915407855,0.1676,0.1396,1.2005730659025788,0.325729,1.0,1.0,0.8333333333333334,0.8333333333333334,0.2004137490686919,0.2004160803223724,0.2058480487199628,0.3015868355263579,0.030775,,,,,,,,,,,,,0.664775310292573,0.8655569685899024,0.4498255255839798,0.1749202096713703,-0.3712005207230285,3.521415,0.6012276416467693,0.6601960134765812,0.7099002955080558,0.7965015079857897,0.5878693500636661,0.6446414512873025,0.6992526296864287,0.7899554223501107,-3.503877171703307,-2.9857421315509782,-2.5490074996291767,-1.7880720809967414,-3.6394164562206086,-3.138077088523877,-2.6558202571280987,-1.8548479530872195,1.194932,0.854956923272133,0.0050050050050049,0.0963793479961578,-0.7357357357357354,0.6020408163265306,3.859673,MA-BBOB,-100,MABBOB_639,639,639,lhs_target,639,opy_SAVPSO
335,5,5000,0.4182418639652312,631.1584243040223,161.36565773899417,119.1417475982504,0.709108292706081,4.631465821858604,0.0321573637047003,0.2368182957993483,7.364356667233061,0.8164747401268025,0.7760959999901286,4.270066153411267,0.9191545122139332,0.050976,-1.078538317537684,0.4532830099211509,2,0.067355,0.0668,0.0395999999999999,1.6868686868686875,0.12,0.0813999999999999,1.4742014742014746,0.1384,0.101,1.3702970297029702,0.297288,1.0,1.0,0.8333333333333334,0.8333333333333334,0.2002495148683561,0.2002556388149244,0.2170681414570723,0.3069794139442805,0.032059,,,,,,,,,,,,,0.8303674908299631,0.8946079718362426,0.5923346129916572,0.1490889224103885,-0.260667050762509,3.505239,0.544242716949742,0.6045845174852628,0.6713461859349318,0.7874054260262073,0.5324937907303141,0.5932563759923742,0.659548456513622,0.7791788808629869,-4.004503622941375,-3.474311417910496,-2.8877111525433063,-1.8679586116495488,-4.128852882373007,-3.5922187792846136,-3.0067500896468147,-1.9502156252896825,1.071115,0.793690812451128,-0.035035035035035,0.0730909932860291,-0.8758758758758756,0.4965986394557823,3.66072,MA-BBOB,-100,MABBOB_335,335,335,lhs_target,335,ng_OnePlusOne
360,5,5000,6.301344029704401,855.5110843074863,219.14797795600023,109.85552316093906,0.3143518809723159,5.200542316218681,0.006803283482221,0.0903057801794073,13.273852311961235,0.3673531175188601,0.4107248944626106,3.954710831748136,0.5941746747752841,0.039206,-1.3304984520454255,3.7403810205358816,5,0.095729,0.1026,0.0754,1.360742705570292,0.28,0.1326,2.111613876319759,0.2213999999999999,0.1928,1.1483402489626555,0.307832,1.0,1.0,0.8333333333333334,0.8333333333333334,0.200423145500855,0.2004078380393283,0.2011997592756485,0.2601600408657664,0.031177,,,,,,,,,,,,,0.5803946683514971,0.8637004328316132,0.4125086745497426,0.1738705956289392,-0.4662219783584587,3.533053,0.8360828007151245,0.832630475430942,0.8332194988933019,0.8651429490426622,0.8245202948059451,0.8212551685015304,0.8221350651034081,0.8568371511941342,-1.4402192082594931,-1.4705522374298994,-1.465376923867277,-1.1848891757871076,-1.5496568919575644,-1.5784911407680058,-1.5707207958622975,-1.264267540676293,1.124571,0.8457049801462035,0.065065065065065,0.0963793479961578,-0.7557557557557554,0.5970388155262105,3.613499,MA-BBOB,-100,MABBOB_360,360,360,lhs_target,360,modcma_bipop
772,5,5000,5.115581075762948,87.93503452513967,32.692050992455854,13.653945168998382,0.3952226100848094,3.2244416425539804,0.0012401153071376,0.1103933749397896,89.01863746412121,0.3972277414406814,0.5710031633836181,188.5897798904942,0.6584551000318675,0.040497,-0.751567667311145,1.0900970479170953,3,0.069245,0.1002,0.0938,1.068230277185501,0.2742,0.1801999999999999,1.521642619311876,0.1992,0.1916,1.0396659707724425,0.322719,1.0,1.0,0.8333333333333334,0.8333333333333334,0.2003717423859772,0.200358911986041,0.2014756341929603,0.2715666307724111,0.034599,,,,,,,,,,,,,0.6203367839828474,0.8406944143591142,0.4262722871217024,0.2007376261236941,-0.4809837301667888,3.442257,0.7869087946961115,0.7947501318576203,0.8280756559043291,0.8734812934879022,0.7775143916505585,0.7890331659422319,0.8239642125910623,0.867746585740182,-1.8724748821837007,-1.803571490057687,-1.5107334697176125,-1.1117450846102646,-1.9656726850795407,-1.863903675574996,-1.5552859417438647,-1.1684662475368857,0.995753,0.8494548690512665,-0.0150150150150149,0.0963793479961578,-0.7357357357357354,0.6306522609043618,3.659023,MA-BBOB,-100,MABBOB_772,772,772,lhs_target,772,modcma_bipop
901,5,5000,0.1260391340500567,11.672133369450622,3.766903827201007,2.2488839019862885,0.7640835939253157,1.417456558503552,0.0034893639699364,0.1095652638334776,31.3997808131992,0.7786521121292231,0.7778838277437465,249.2659034299418,0.9006378558743661,0.071891,-0.0882952907260632,-0.6978975405890813,1,0.072281,0.1016,0.0673999999999999,1.507418397626113,0.1518,0.121,1.2545454545454544,0.1529999999999999,0.1503999999999999,1.0172872340425532,0.288636,1.0,1.0,0.8333333333333334,0.8333333333333334,0.2003514911497238,0.2003381991013789,0.2031430174639493,0.3122672879375988,0.041273,,,,,,,,,,,,,0.7559532398995458,0.8836599953539228,0.5295749571505778,0.1587652026384535,-0.2991234040347229,3.471739,0.6864312454849285,0.7357454757672551,0.7792544137213905,0.8577557982141755,0.6623319040135388,0.7206545971125344,0.7704563752880915,0.8530194587860993,-2.7553325989721333,-2.322007835794613,-1.9396942494901364,-1.2499015943133918,-2.9825677596518627,-2.467412830415939,-2.0275217666012937,-1.2982553837077306,1.205872,0.811144947541554,-0.4154154154154152,0.0505479682119124,-1.056056056056056,0.505202080832333,4.240256,MA-BBOB,-100,MABBOB_901,901,901,lhs_target,901,ng_MultiBFGS
217,5,5000,4.008751848718392,126.066845639586,47.010035023057966,20.39102260224467,0.2461615676464261,3.656576890726938,0.0048618634156283,0.0859854944671953,17.685707539787415,0.4318432525230549,0.4082015507741929,32.986533119829105,0.6396423089270094,0.045394,-1.183214169638526,2.8279769044612104,4,0.106639,0.1,0.0771999999999999,1.295336787564767,0.2381999999999999,0.141,1.6893617021276597,0.2974,0.1492,1.9932975871313672,0.341302,1.0,1.0,0.8333333333333334,0.8333333333333334,0.2005665026876389,0.2005655234000699,0.2003013796694274,0.2494124615620907,0.033448,,,,,,,,,,,,,0.6547525979242659,0.8581162502911418,0.4595843638115234,0.1823532143332286,-0.4484693174308024,3.457216,0.826097921635369,0.8390842944955962,0.8381654790109677,0.8766083921409139,0.818160221407856,0.8289871185469326,0.8242646241067727,0.8643649888913014,-1.5280550369007386,-1.4139454607142286,-1.422018973362681,-1.084226075234218,-1.605999965317075,-1.5103773432237606,-1.5520861814429168,-1.1979217354027396,1.205385,0.8160097555442459,0.045045045045045,0.0607832312829723,-0.9559559559559556,0.5366146458583433,3.902884,MA-BBOB,-100,MABBOB_217,217,217,lhs_target,217,modcma_bipop
586,5,5000,5.927278585280077,892.1790300085403,151.428095490422,123.21908899923176,0.8335980801073497,4.639930157691818,0.0224933052448005,0.1945132484724651,8.647606314657908,0.8660055554318165,0.881251663210009,1.730345336473469,0.9387423867434164,0.073629,-0.4669230269376995,0.3529938303235371,3,0.08827,0.072,0.0441999999999999,1.6289592760180995,0.1158,0.0794,1.4584382871536523,0.0938,0.0805999999999999,1.1637717121588091,0.323476,1.0,1.0,0.8333333333333334,0.8333333333333334,0.2005190023882113,0.2005109342261231,0.2118875160982963,0.3187278438595382,0.033333,,,,,,,,,,,,,0.7657284895254073,0.8848908578144973,0.5231943675267495,0.1549582989582299,-0.2818125255589356,3.453555,0.4950115546001906,0.5828141216912569,0.6741956065520535,0.7974545217415738,0.4858028587840108,0.5718507793975972,0.6629681964549416,0.7895516800273326,-4.437064815187347,-3.665590369243432,-2.8626698768460264,-1.779659362986478,-4.540841441019193,-3.780957862297436,-2.9763058908878506,-1.858455397602744,0.937551,0.8475719641215173,-0.175175175175175,0.0839312949816636,-0.8358358358358354,0.5458183273309324,3.899871,MA-BBOB,-100,MABBOB_586,586,586,lhs_target,586,modcma_base
181,5,5000,0.3156663379110579,247.82806602339585,81.74235365012676,55.81058756686837,0.3439856729007358,4.086126747417184,0.0052731710183148,0.1720173426438794,32.62123341845454,0.3791824127682435,0.6108850593575084,71.14124958777515,0.7651914489451956,0.057976,-1.1293754897731807,1.3439514036204017,1,0.073765,0.1002,0.0835999999999999,1.1985645933014355,0.2652,0.1306,2.0306278713629404,0.211,0.1364,1.5469208211143697,0.320984,1.0,1.0,0.8333333333333334,0.8333333333333334,0.2004090852965313,0.2004062664337092,0.2033128085012319,0.2643558164586084,0.032478,,,,,,,,,,,,,0.6815057084660546,0.8761046595427094,0.4868675830319041,0.1685755783019023,-0.383772057968277,3.474967,0.843438938270234,0.8450950136570895,0.8639284696155346,0.8816856194605402,0.8447812250183718,0.8405727918929934,0.8591124492405336,0.8779336186332599,-1.375732382323613,-1.3611801270431858,-1.1956869006506592,-1.0396513846057245,-1.3709214198200588,-1.408091092858288,-1.2443453515529876,-1.078113242907599,0.951246,0.7743598435895782,0.1851851851851851,0.0839312949816636,-0.8558558558558554,0.4851940776310524,3.85771,MA-BBOB,-100,MABBOB_181,181,181,lhs_target,181,ng_Powell
852,5,5000,0.4400037307483232,249.8668143912223,91.07687469695006,51.42905329481607,0.5348981594613631,4.209325439078899,0.0468682305560046,0.1454107434700056,3.1025439139685167,0.6858134121497002,0.6520477747487944,2.050952826749253,0.8572862735751812,0.042683,-1.4945120517570114,1.3466066343290022,2,0.081117,0.0761999999999999,0.0465999999999999,1.6351931330472105,0.1573999999999999,0.104,1.5134615384615382,0.2172,0.1488,1.459677419354839,0.439338,1.0,1.0,0.8333333333333334,0.8333333333333334,0.2005218081637066,0.2005276887144115,0.2083607398069972,0.2886721022534497,0.034649,,,,,,,,,,,,,0.8543944185991119,0.9046229747350356,0.5941189170811334,0.1377430070100715,-0.2838720607955053,3.486982,0.5318377127501616,0.5760232280428524,0.6456514499937178,0.7645958230298189,0.5223434439570329,0.5674299730672958,0.6403661606623918,0.760383929855334,-4.113756601205807,-3.725497101960869,-3.113671746776422,-2.068503835819888,-4.21881085692689,-3.820592647409805,-3.176397616071497,-2.116363452843591,1.098188,0.8025659218128999,0.0050050050050049,0.0554298551568466,-0.9559559559559556,0.5024009603841537,3.836627,MA-BBOB,-100,MABBOB_852,852,852,lhs_target,852,modcma_base
642,5,5000,0.807133914923812,242.55052392353377,60.26923110362463,59.85739438727073,0.9130605741795562,3.428666576999424,0.0301421106692219,0.4182267341580862,13.875164176380537,0.9265691063369442,0.9402109237605908,8.051233975135226,0.9813370094928248,0.045687,-0.2108873928041785,-1.204255371132135,2,0.051664,0.0778,0.0406,1.916256157635468,0.0815999999999999,0.0696,1.1724137931034475,0.0498,0.0482,1.0331950207468878,0.327141,1.0,1.0,0.8333333333333334,0.8333333333333334,0.200298653273206,0.2002922969379416,0.2280752260778618,0.3259672657925258,0.038647,,,,,,,,,,,,,0.8431445470708303,0.8980110659140028,0.59539443744724,0.145341781868673,-0.2325860816203311,3.456983,0.549516165181656,0.656316538733121,0.7287562563200582,0.8248212876833075,0.5368720018343146,0.6458008998772901,0.7235198730838015,0.8208960569685118,-3.958507231900613,-3.020027272361906,-2.383482464798808,-1.5393364777679404,-4.090207315323733,-3.1281800196512792,-2.441789401921886,-1.5817922062415208,1.099924,0.780304133264066,-0.1351351351351351,0.0920373199661822,-0.8158158158158154,0.4723889555822329,3.705122,MA-BBOB,-100,MABBOB_642,642,642,lhs_target,642,ng_DE
260,5,5000,8.294634250018579,250.90634771417805,57.30341733148149,28.854604236981896,0.336137746665853,3.7330925558534136,0.0091363615913628,0.0824011371304814,9.019031953417844,0.4026607936834288,0.583313274524708,4.186670577282781,0.7023052093623814,0.048038,-0.6694875359029581,1.1456535466150015,3,0.116865,0.0994,0.0895999999999999,1.1093750000000002,0.223,0.175,1.2742857142857145,0.288,0.2052,1.4035087719298245,0.294226,1.0,1.0,0.8333333333333334,0.8333333333333334,0.2004228395251973,0.2004055852389969,0.2012921175344305,0.2632983045759214,0.042972,,,,,,,,,,,,,0.6536433161436662,0.8498886613296769,0.4220770039436182,0.1916906716630189,-0.4814889320390222,3.437957,0.6553388543938862,0.6871174754202417,0.7317253187446893,0.8120006167797331,0.6427939899615359,0.6721968705379318,0.720392221473232,0.8052195831796762,-3.0283890811031178,-2.7491640214884434,-2.35721410958947,-1.6518696309592888,-3.1543027610782906,-2.894661028354382,-2.46907264446917,-1.7200057930552992,1.159519,0.8608559812074794,0.0050050050050049,0.1213623798344241,-0.6556556556556553,0.6106442577030813,3.705449,MA-BBOB,-100,MABBOB_260,260,260,lhs_target,260,modcma_bipop
671,5,5000,0.3908379847539602,10.062046423002249,4.551740259317527,2.1202564322591515,0.8980525231445616,1.5409875974553309,0.000816869376752,0.1496063380871417,183.14597455223705,0.9167293423289526,0.9249881433486524,10.579857707192794,0.9561312814006124,0.049902,-0.6336815777431315,-0.3820538154249573,1,0.06272,0.0698,0.03,2.326666666666666,0.0453999999999999,0.0344,1.3197674418604648,0.0403999999999999,0.0394,1.0253807106598982,0.393572,1.0,1.0,0.8333333333333334,0.8333333333333334,0.2004250489352204,0.2004234948593965,0.2036315618497508,0.3244881288813463,0.034201,,,,,,,,,,,,,0.8307349559592273,0.8848403371314472,0.5878582406669299,0.1612401900902692,-0.2504067222201948,3.516624,0.6710284929620167,0.7362079064796281,0.7830974311510136,0.8659307626793489,0.6481023835290904,0.7200272920172697,0.7731339735587238,0.8623724997859429,-2.890521183486369,-2.317819683602002,-1.9058230168797448,-1.17800466678246,-3.107669048705945,-2.472487673562417,-2.0034933332171097,-1.2154123888513269,1.208631,0.794348177643998,-0.4554554554554552,0.036606951475969,-1.2362362362362362,0.4761904761904761,3.741149,MA-BBOB,-100,MABBOB_671,671,671,lhs_target,671,ng_MultiBFGS
538,5,5000,0.2832748437697596,14.804919881315644,6.003709488094902,2.2072881517099145,0.5049662496909539,1.8447550640432773,0.0234792277655475,0.0561140269048074,2.3899434625846965,0.7692061174777429,0.6290216480364665,2.460862594062792,0.9327905763228868,0.041174,-0.7982685527036076,0.9828181842826228,2,0.091624,0.0843999999999999,0.0413999999999999,2.0386473429951693,0.177,0.0857999999999999,2.062937062937063,0.2434,0.1064,2.287593984962406,0.3179,1.0,1.0,0.8333333333333334,0.8333333333333334,0.2002684900864272,0.2002879778738074,0.200890728018382,0.2850971529076882,0.035461,,,,,,,,,,,,,0.8682847955474969,0.9007686303959728,0.6142426467996759,0.1401149443105475,-0.2969383609434148,3.446982,0.5106801435189956,0.6135755588548703,0.6802193921464866,0.8043825416507535,0.4937955862159473,0.5974380504965808,0.6639113762794138,0.7902732691154893,-4.299564601247172,-3.395441297136119,-2.8098540524803832,-1.7188550355446577,-4.470757846910285,-3.5553956970783966,-2.968308475471112,-1.8522901070727624,1.237373,0.800107640945591,-0.6156156156156153,0.0318789129267764,-1.276276276276276,0.4877951180472188,3.50932,MA-BBOB,-100,MABBOB_538,538,538,lhs_target,538,modcma_base
741,5,5000,0.4098943763593209,115.83614910177202,23.80085733971125,17.809345119818975,0.3315914167066235,2.930565079459658,0.0078531936439639,0.1285614414676944,16.370593582205654,0.5464731580892868,0.4601780293461672,9.701393853533972,0.7400795903182665,0.055704,-0.4284427813045399,0.2253843150338732,1,0.06878,0.1,0.0855999999999999,1.1682242990654208,0.2710000000000001,0.1536,1.764322916666667,0.2665999999999999,0.146,1.8260273972602736,0.326997,1.0,1.0,0.8333333333333334,0.8333333333333334,0.2003728813746269,0.200368658495227,0.2019482070334572,0.2626642910623822,0.038119,,,,,,,,,,,,,0.6463437710473336,0.8892655398663115,0.4458217636366986,0.1512473610500987,-0.3881307997308287,3.4968,0.7141261918217643,0.7794743261830068,0.817150725096678,0.863262489702426,0.6957868283877596,0.7627590358507724,0.8016385802135112,0.8519031744834389,-2.5120559028870773,-1.937822930265576,-1.6067495070172075,-1.2015520836905198,-2.686892368341198,-2.0953758598032346,-1.7519812905306713,-1.3080309052601038,1.212443,0.8069785394162013,0.0250250250250249,0.080150069615654,-0.8158158158158154,0.5110044017607043,3.6339,MA-BBOB,-100,MABBOB_741,741,741,lhs_target,741,ng_MultiBFGS
991,5,5000,0.0034768276925177,125.28848346220347,38.123323279340696,22.510398504585027,0.6063217569471826,3.436037000273766,0.0164725271648781,0.1987595012279865,12.06612071350964,0.6721281298030088,0.6657352784435666,1.7280246363820997,0.7914088975342355,0.038838,-1.8062452206708688,5.088116612256663,2,0.056264,0.0877999999999999,0.0522,1.6819923371647507,0.1436,0.103,1.3941747572815533,0.1156,0.1108,1.0433212996389891,0.335352,1.0,1.0,0.8333333333333334,0.8333333333333334,0.2004453165938981,0.2004426049676602,0.206616108640104,0.2964742057998015,0.041214,,,,,,,,,,,,,0.7031394713521332,0.8767585633822595,0.4785677631191267,0.1646505960127329,-0.3058607215658415,3.456446,0.596439359271663,0.7184309838461113,0.7664127957670894,0.8271995046677819,0.5870099125978895,0.7035768142928395,0.7544527248698715,0.819104786262643,-3.545889338306808,-2.4740087897960006,-2.052416151286513,-1.518313165889528,-3.6469578556072415,-2.6176000312721523,-2.168334280350088,-1.5974165988610451,1.068106,0.826505943223072,0.1851851851851851,0.0636507908129557,-0.9159159159159156,0.5504201680672269,3.637965,MA-BBOB,-100,MABBOB_991,991,991,lhs_target,991,ng_OnePlusOne
212,5,5000,0.7870403342271128,153.23371498822164,38.20276669877416,26.88971874094124,0.7822951685449545,3.3184305663380385,0.0200709298699401,0.268159941177591,13.360613729173036,0.8516882127848698,0.8658378106530662,3.84467684443598,0.970588129689335,0.040636,-0.8416899698685104,0.2244284086622268,1,0.079247,0.0756,0.0376,2.0106382978723403,0.0994,0.0618,1.6084142394822007,0.1158,0.097,1.193814432989691,0.347383,1.0,1.0,0.8333333333333334,0.8333333333333334,0.2003983685606122,0.2004015358473603,0.2119523771143292,0.3140331980988861,0.037038,,,,,,,,,,,,,0.8636599318775406,0.8983479779151048,0.6215624086844423,0.1436114425486921,-0.2650601495441798,3.489377,0.5417372290389171,0.6418308285378321,0.7191752853036173,0.8201218638974443,0.5293523926156454,0.6329778118401067,0.7088661914702734,0.8124613497830814,-4.026593962818532,-3.147106670813887,-2.467508103342568,-1.5805259837158143,-4.155501264931064,-3.240558632885347,-2.570515372070058,-1.6558399234853436,1.127259,0.7919298601874073,-0.2352352352352351,0.0666536326812491,-0.9559559559559556,0.4797919167667067,3.59903,MA-BBOB,-100,MABBOB_212,212,212,lhs_target,212,ng_DE
604,5,5000,0.17203650298154,55.4016998912482,12.440912215417091,10.138236425042964,0.424170027245528,2.249586337324988,0.0367263784843089,0.1425091928717198,3.880295274215659,0.446169675343508,0.814693422627393,3.310225049981462,0.936439981064504,0.042469,-0.1165219916079609,-1.2615499770296903,2,0.054861,0.101,0.0807999999999999,1.2500000000000004,0.229,0.1398,1.6380543633762517,0.254,0.1755999999999999,1.446469248291572,0.316192,1.0,1.0,0.8333333333333334,0.8333333333333334,0.2004029367384824,0.2003945370477327,0.2043924991892216,0.2753415390178679,0.028242,,,,,,,,,,,,,0.9092140784565482,0.899112621117244,0.6119894778919789,0.1496170942477576,-0.3639535711951204,3.460942,0.4585563970908997,0.5461161514648404,0.6243630076946461,0.7429207693101058,0.4531889858600164,0.5418619147035099,0.6216160601809176,0.742199706667775,-4.7576518215849966,-3.988266381150399,-3.3007131510912133,-2.258948971992532,-4.8296371080533405,-4.046445005941302,-3.3420268970182683,-2.2769875349028883,1.13281,0.7958634810113304,-0.095095095095095,0.0878909065341995,-0.7957957957957954,0.5058023209283713,3.953435,MA-BBOB,-100,MABBOB_604,604,604,lhs_target,604,modcma_base
707,5,5000,2.0272440050832863,49.869584516002455,15.462431969612012,8.185428260888013,0.7340016327894647,2.509180017955198,0.0152696696113022,0.1481558467971956,9.702622949191689,0.7596339275545829,0.8541718926604566,2.760766848006655,0.900633102019586,0.053768,-0.3298481848086042,0.2028175396380298,1,0.12987,0.0861999999999999,0.0576,1.4965277777777777,0.1441999999999999,0.1105999999999999,1.3037974683544302,0.1412,0.1222,1.1554828150572831,0.327251,1.0,1.0,0.8333333333333334,0.8333333333333334,0.2005798513378466,0.2005831261221355,0.2046369012664665,0.3096392435518555,0.0326,,,,,,,,,,,,,0.6838135813766402,0.8599228330621643,0.4644267964695203,0.1786348418836027,-0.322756465672513,3.542908,0.4945871331686146,0.5878890415905718,0.6638792584314744,0.7827295782662496,0.4864506048956014,0.5767617124281788,0.658054726217343,0.77790769367606,-4.441017734198681,-3.621182195514762,-2.953462945049697,-1.909135796414776,-4.535234056847234,-3.737682712229109,-3.019771546847597,-1.9613314726995643,1.219824,0.8461352104135444,-0.2552552552552551,0.0765391938823014,-0.9159159159159156,0.587234893957583,3.842325,MA-BBOB,-100,MABBOB_707,707,707,lhs_target,707,modcma_bipop
40,5,5000,1.2893825295983448,585.0471024770869,142.5361074108808,96.682794111738,0.5003261268317558,4.662383968051132,0.0497542685000231,0.1395326758289143,2.8044362832678247,0.6333305423432103,0.5718845065923004,6.349679724974633,0.7378434207835626,0.045575,-1.0201504207585523,1.408917623844979,3,0.056842,0.0917999999999999,0.0588,1.5612244897959182,0.181,0.103,1.757281553398058,0.2284,0.1382,1.6526772793053548,0.301482,1.0,1.0,0.8333333333333334,0.8333333333333334,0.2003899951161587,0.2003910937095746,0.2059829749152264,0.2847204481090219,0.036999,,,,,,,,,,,,,0.7246984533443486,0.8866609339899115,0.5150507751417301,0.1545758267544658,-0.3627420450703646,3.489021,0.672111678154079,0.7396225200955275,0.7755660428838665,0.8437715512415149,0.6525418565235646,0.7163821185785254,0.7539160971585849,0.8307212168867782,-2.8810378674025685,-2.2878441513270644,-1.9720212221722,-1.3727237197861075,-3.068546654138816,-2.50474688082488,-2.1732687832445574,-1.4949709865527885,1.265554,0.7961415000457077,0.085085085085085,0.0765391938823014,-0.8358358358358354,0.4975990396158463,3.620759,MA-BBOB,-100,MABBOB_40,40,40,lhs_target,40,modcma_bipop
24,5,5000,0.0490317867810652,47.93082914434223,15.438819479730528,8.478292237529889,0.3895063288891629,2.626429354676936,0.0222606445686696,0.093685670242859,4.208578505166698,0.477105461321432,0.6393861387596305,1.8617701013808905,0.7860218015811392,0.052776,-1.161144665216144,2.1894028671611787,2,0.062055,0.1046,0.0738,1.4173441734417342,0.2048,0.1294,1.5826893353941267,0.2456,0.1631999999999999,1.5049019607843144,0.325003,1.0,1.0,0.8333333333333334,0.8333333333333334,0.2003152528135791,0.2003281747380328,0.2022201290417255,0.270909958033631,0.039325,,,,,,,,,,,,,0.8885285672352505,0.8894096288314094,0.6019080883387208,0.1589855219387254,-0.33188746232008,3.489115,0.5167262353209227,0.6310396918866135,0.6643627769975099,0.7583792314173206,0.4944641426929356,0.6022974013120529,0.6460295016005673,0.7538715329169879,-4.246127077930496,-3.2417492308985167,-2.948966828146899,-2.122921960703965,-4.4647739577752725,-3.5124159441828846,-3.1261843056853262,-2.173748813690776,1.174711,0.8177380044782439,-0.0150150150150149,0.0607832312829723,-0.9359359359359356,0.5104041616646658,3.628997,MA-BBOB,-100,MABBOB_24,24,24,lhs_target,24,ng_DE
494,5,5000,0.7051955187787564,425.1828683090641,92.77078146005988,119.4221451810916,0.83548552415029,3.3966548745982634,0.0127056620840886,0.522034256110671,41.086741694824,0.8485791243253872,0.8998040085396042,6.068795376532099,0.9580641929963014,0.054136,0.083303124882804,-1.36171246008023,2,0.070461,0.0887999999999999,0.0482,1.842323651452282,0.1307999999999999,0.1024,1.2773437499999996,0.1143999999999999,0.106,1.0792452830188677,0.451092,1.0,1.0,0.8333333333333334,0.8333333333333334,0.2003346869643321,0.2003405667121577,0.2422561081272398,0.3190108515083265,0.03922,,,,,,,,,,,,,0.8448061158968744,0.8966227918588558,0.5890119745201492,0.1461576465278879,-0.2602557976135166,3.456188,0.5279850196267422,0.6229437766067284,0.7011174302662102,0.8069358139933841,0.5164707418548498,0.6162706901670156,0.6936279173049423,0.803020877589418,-4.147544029236308,-3.3131518130727446,-2.626248464745582,-1.6964338955892897,-4.270653876137649,-3.389195248933452,-2.705956465842739,-1.7397699073432626,1.160527,0.7869581689252703,0.065065065065065,0.1056875971184805,-0.6956956956956954,0.493797519007603,3.944907,MA-BBOB,-100,MABBOB_494,494,494,lhs_target,494,ng_DE
330,5,5000,0.1192583343477087,10.72451525819318,1.816276537213304,1.1678644043659372,0.671845049215011,0.9145146700671418,0.0020393388215926,0.0816146240225764,40.02013944835169,0.7596103851955,0.7853339787074249,3.2452208939655733,0.95266787069035,0.041443,0.3836953026591513,0.1817350308455325,1,0.057639,0.1081999999999999,0.0498,2.1726907630522088,0.1623999999999999,0.1046,1.5525812619502866,0.145,0.1129999999999999,1.2831858407079646,0.313714,1.0,1.0,0.8333333333333334,0.8333333333333334,0.2005013134324234,0.2004899369703148,0.2015425524975653,0.3031587958858772,0.034202,,,,,,,,,,,,,0.8543868706634682,0.8854259282170804,0.5787263233799637,0.165283675811341,-0.2823859581184812,3.452248,0.6756183960558695,0.7256346085463549,0.7550852819259619,0.822229939340651,0.656098717937563,0.710717120591467,0.7435351971304828,0.8133219833626819,-2.850230552140956,-2.410755146601902,-2.1519821211681363,-1.5620049102244895,-3.0378091586108864,-2.555344298882324,-2.265449905699704,-1.6489970181303422,1.101963,0.8056560568445088,-0.6156156156156153,0.0401424249049932,-1.2362362362362362,0.4801920768307323,3.773685,MA-BBOB,-100,MABBOB_330,330,330,lhs_target,330,ng_MultiBFGS
525,5,5000,0.7857183058310012,86.41161755963995,15.423612444044084,10.755520022499438,0.3302393756029269,2.517482833278484,0.006316980279103,0.1003416213536043,15.884428464267978,0.564738850000992,0.5830116749376697,2.908826149200077,0.8482259772369284,0.042771,-0.2767580982028998,-0.2430871118720676,1,0.110996,0.1002,0.0713999999999999,1.4033613445378152,0.2375999999999999,0.1236,1.9223300970873785,0.2918,0.145,2.0124137931034483,0.314976,1.0,1.0,0.8333333333333334,0.8333333333333334,0.2004666978727706,0.200470567115153,0.2014233341501703,0.2623437941485182,0.032995,,,,,,,,,,,,,0.8081514281035743,0.889223096182931,0.5554553400814248,0.1559521901332719,-0.3532851718213263,3.454289,0.6342195961009068,0.7090779426486574,0.7506562839115124,0.8190900395840628,0.6107829224791993,0.6910466095459515,0.7343975063205059,0.8054241623202008,-3.214169759885661,-2.5563777317069265,-2.191022327949044,-1.5896841871043137,-3.4368519635814785,-2.728110167726145,-2.345314490692465,-1.7181372257736829,1.189727,0.8162518384198363,-0.175175175175175,0.0920373199661822,-0.8558558558558554,0.505202080832333,3.576743,MA-BBOB,-100,MABBOB_525,525,525,lhs_target,525,opy_SAVPSO
163,5,5000,0.4884063322195615,1764.6792604678265,347.4638574547493,280.6380898752892,0.7458464643943634,5.437123846784719,0.0799505757022598,0.2502341029358954,3.129859925809418,0.7668219613052096,0.7676419751204245,31.14411521851382,0.8325606039871696,0.042455,-1.0219180635070115,1.3910102590495486,2,0.051513,0.0941999999999999,0.0437999999999999,2.150684931506849,0.1152,0.0857999999999999,1.342657342657343,0.0823999999999999,0.0765999999999999,1.0757180156657966,0.31948,1.0,1.0,0.8333333333333334,0.8333333333333334,0.2005366040341736,0.200535024349924,0.2148985599580501,0.310572058112996,0.035524,,,,,,,,,,,,,0.7234419625741794,0.8845005520259808,0.5130400603718278,0.1575881294737403,-0.3022301457963948,3.46017,0.7070419204871989,0.7362795511074045,0.7732439320314625,0.8521699262163406,0.690471083980567,0.7172648563384153,0.7572237337791153,0.8422549825041459,-2.574105643468007,-2.317206260094573,-1.9924150077005207,-1.2989238181573413,-2.733966216921729,-2.497305715562788,-2.1443622090435746,-1.3933094014851788,1.267821,0.78090326534563,0.1451451451451451,0.0636507908129557,-0.9159159159159156,0.4697879151660664,3.900291,MA-BBOB,-100,MABBOB_163,163,163,lhs_target,163,ng_OnePlusOne
6,5,5000,7.4758459293268755,262.87662285427814,94.9270766857612,44.02878686739406,0.6260049978875221,4.331872442109647,0.0023181458566823,0.1168178183699786,50.392781814499166,0.632169524021668,0.6785131427272906,1.7079288244633548,0.758345138589828,0.043255,-1.1721310340602156,2.80018830116572,6,0.071088,0.1164,0.0584,1.9931506849315068,0.1566,0.1146,1.366492146596859,0.1044,0.0968,1.078512396694215,0.302003,1.0,1.0,0.8333333333333334,0.8333333333333334,0.2004387924487138,0.200431455334789,0.2039863159135369,0.2987009295686196,0.037648,,,,,,,,,,,,,0.6669945188182097,0.8836896232862028,0.4428998328652911,0.1566145714353654,-0.3620008862679196,3.545752,0.732882791637305,0.7396942449093644,0.767083453818318,0.8328851833444714,0.7173043467298298,0.7201640091629112,0.7504954290082057,0.8232475767702158,-2.3470277049394,-2.287178810746417,-2.046523285332261,-1.468355809049294,-2.496137931694001,-2.4708877667605025,-2.203068269990176,-1.5606834524655602,1.169325,0.8319454058219717,-0.035035035035035,0.0580448594276897,-0.9959959959959956,0.5532212885154062,3.599021,MA-BBOB,-100,MABBOB_6,6,6,lhs_target,6,modcma_bipop
97,5,5000,0.5716921767764717,56.50940261946351,20.04320598451908,8.545668997714547,0.5180692416224589,2.91306216720824,0.015921392210518,0.1012219950223025,6.357609540918958,0.6184966850687605,0.5598851830593256,7.0792730126735055,0.6803101458136492,0.080164,-1.3726031079961152,3.8775686842260937,3,0.083189,0.0818,0.0676,1.2100591715976328,0.1721999999999999,0.1496,1.1510695187165771,0.2203999999999999,0.2002,1.1008991008991007,0.339411,1.0,1.0,0.8333333333333334,0.8333333333333334,0.2003640518607974,0.2003663388302564,0.2018857369527382,0.2866003274335426,0.034376,,,,,,,,,,,,,0.6519693739254547,0.8540648684380031,0.448327854646414,0.1855761796756003,-0.4097706609944904,3.434799,0.5703370703565958,0.6737060833363958,0.7596325038921428,0.8487549503199638,0.5560096405948022,0.6616367189600545,0.7471368150475373,0.8405035852505196,-3.775268856802804,-2.867008477474837,-2.1120088786733264,-1.328927134292277,-3.920557471197114,-2.9878412027619285,-2.232851745439204,-1.4083973834768546,1.168468,0.8589609935669997,-0.1551551551551551,0.0878909065341995,-0.8158158158158154,0.6226490596238495,3.679378,MA-BBOB,-100,MABBOB_97,97,97,lhs_target,97,opy_EO
2,5,5000,0.9187264486794304,294.9636418662376,66.37437795054615,50.76897358829836,0.446587055171507,3.877596800102325,0.0127762101721922,0.1437050264551472,11.24786024324528,0.5813649580879574,0.6726757199959288,3.86536315781508,0.8474113422264502,0.050983,-0.3234949032233058,-0.4268538547832743,4,0.089501,0.1008,0.0642,1.570093457943925,0.1833999999999999,0.1164,1.5756013745704462,0.242,0.1384,1.7485549132947975,0.326874,1.0,1.0,0.8333333333333334,0.8333333333333334,0.2004753098479977,0.2004629391226229,0.2042585131343431,0.2779030013629722,0.026858,,,,,,,,,,,,,0.7408564319202868,0.8897822892105341,0.5243410441867803,0.1546848324754945,-0.3634959475509766,3.450867,0.6644803051219071,0.6894757178753952,0.7265636588144702,0.7977786352802028,0.638086589823838,0.6687475670173003,0.7104641986315074,0.7880999611639593,-2.9483479142778792,-2.7287030642638213,-2.402796254673066,-1.777001314664016,-3.1968988218080234,-2.926060441385616,-2.557563870914952,-1.8717819385755168,1.20481,0.8078348991094699,-0.075075075075075,0.0920373199661822,-0.7757757757757754,0.5176070428171269,3.665819,MA-BBOB,-100,MABBOB_2,2,2,lhs_target,2,modcma_base
629,5,5000,0.5749018302904139,67.39560816814425,16.06607700485163,7.850451031051225,0.1104994444178915,2.684439611538096,0.0059928434868342,0.0356355360106228,5.946348522018096,0.2548657656562708,0.685089941905858,1.6750356300179554,0.9152908171223192,0.039272,-0.678485537436814,1.370807824561325,3,0.057322,0.1,0.0917999999999999,1.0893246187363836,0.2672,0.1637999999999999,1.631257631257632,0.3868,0.1649999999999999,2.344242424242424,0.315201,1.0,1.0,0.8333333333333334,1.0,0.2004951397349278,0.2005077151038679,0.1993965228234355,0.2222023635026178,0.039259,,,,,,,,,,,,,0.9070484199247746,0.900367872765258,0.6030531936933636,0.1470435339838266,-0.4090226098532326,3.469594,0.4798960766258341,0.5569034710189494,0.6365662632850876,0.7567970032415635,0.4676079514226465,0.5486861603360752,0.6265005999591003,0.7489488483400365,-4.570065105865046,-3.89341417093952,-3.193430704540355,-2.136983551127635,-4.702015395485903,-3.985943494021407,-3.298696766583832,-2.2172502074626728,1.159866,0.8158681388880556,-0.3153153153153152,0.0697981390783066,-0.9559559559559556,0.5154061624649859,3.887147,MA-BBOB,-100,MABBOB_629,629,629,lhs_target,629,modcma_bipop
105,5,5000,0.2808056448476702,12.00783682948705,3.309615309215871,1.7288828704438723,0.2951632004362382,1.30458887197334,0.0144776803742451,0.0669598008126509,4.62503654465034,0.3337992763469793,0.8134200443014262,11.423309180425232,0.915644690170036,0.047136,-0.126056594299762,-0.2028205386685346,1,0.065327,0.1008,0.0632,1.5949367088607591,0.2748,0.1286,2.1368584758942464,0.3066,0.1081999999999999,2.833641404805915,0.322337,1.0,1.0,0.8333333333333334,0.8333333333333334,0.200460499275505,0.2004670930510553,0.2007552481182308,0.257503819413037,0.032783,,,,,,,,,,,,,0.8181639839467473,0.8940071302191789,0.5821548985380368,0.1490717627351362,-0.3627803119941437,3.511689,0.6577520934988673,0.7169891667356776,0.7631603295307655,0.8292172691433979,0.6418177382100475,0.6993119704675544,0.7517105076977111,0.821832786687122,-3.007260439742484,-2.486756724373233,-2.0810604185870103,-1.500631970394676,-3.163037172031141,-2.6553169044246685,-2.192595718314575,-1.573359651395342,1.041557,0.8117374041448511,-0.4754754754754753,0.0554298551568466,-1.056056056056056,0.4935974389755902,3.804604,MA-BBOB,-100,MABBOB_105,105,105,lhs_target,105,modcma_base
677,5,5000,0.7194299180436756,34.95071536526165,17.033831588058646,7.03887500246587,0.8231401870777458,2.7505690865272907,0.0218271260620459,0.136324818745979,6.245660484960838,0.8853016171727559,0.8553693865028282,45.20054532436123,0.9444719500782536,0.03923,-0.9329515259713408,0.978812805501919,3,0.059083,0.0662,0.039,1.6974358974358974,0.0894,0.0624,1.4326923076923073,0.0772,0.0684,1.128654970760234,0.325912,1.0,1.0,0.8333333333333334,0.8333333333333334,0.2002882973422728,0.200295334993579,0.2034927462366229,0.3178891883108516,0.021873,,,,,,,,,,,,,0.8281065722530305,0.8972320360051532,0.6158620269395252,0.1419006374552316,-0.2612407772075267,3.454084,0.5250109095845058,0.6149076604640122,0.7075329294523459,0.8187268288902709,0.5131965154844587,0.604003256159155,0.6994277294624187,0.8122172359060154,-4.1735509827967565,-3.3836619504924466,-2.5697984529541804,-1.5927793642121415,-4.299259417080151,-3.4972895310827976,-2.6545376229339706,-1.6584244825195569,1.29436,0.8017131902033461,-0.4154154154154152,0.0349577557436327,-1.2162162162162162,0.4761904761904761,3.863298,MA-BBOB,-100,MABBOB_677,677,677,lhs_target,677,ng_OnePlusOne
466,5,5000,0.1440183424682425,12.303134071133613,6.452474286649209,2.3851350776620146,0.1394880326254788,1.9254838314860263,0.0027398829073999,0.0348347648191738,12.713961142314131,0.141753534293951,0.7402907341353925,67.60410863009457,0.798000975232847,0.060436,-0.9031567058599252,0.5467156303394942,3,0.078165,0.1,0.0656,1.5243902439024386,0.2644,0.1308,2.021406727828746,0.3849999999999999,0.0704,5.468749999999999,0.304496,1.0,1.0,0.8333333333333334,1.0,0.2004212148015393,0.2004201546274862,0.1999379451789023,0.2290777245193624,0.034926,,,,,,,,,,,,,0.7545819229065774,0.8918558180740631,0.5512560354130027,0.1489149262674518,-0.4062780311378391,3.545055,0.7421778313613551,0.7794440626367237,0.8056543394462731,0.8642193573410895,0.7388656637281128,0.7746984732267713,0.7987972817754423,0.8603686455490096,-2.265411382093104,-1.9379634169134328,-1.7076610355251791,-1.1930665814022108,-2.306958857527242,-1.9903983529103848,-1.7775004221712989,-1.2335558568745633,1.149839,0.7856075046852763,-0.3553553553553552,0.0440193518520887,-1.0960960960960962,0.4883953581432573,3.584745,MA-BBOB,-100,MABBOB_466,466,466,lhs_target,466,ng_MultiBFGS
618,5,5000,1.3375688915851411,80.7522926097264,19.2013541610994,11.006295055615263,0.3357865851178787,2.756966425962094,0.0008629802860138,0.105495040752878,122.24501818014988,0.3680405059155235,0.830898351979752,2.957421624388652,0.9291887975277108,0.048928,-0.5562483355518164,0.3691603185806222,2,0.098629,0.1016,0.0783999999999999,1.295918367346939,0.2435999999999999,0.1408,1.7301136363636358,0.2841999999999999,0.174,1.633333333333333,0.321022,1.0,1.0,0.8333333333333334,0.8333333333333334,0.2003514751546743,0.200354715717044,0.2012109166769501,0.2632051307450083,0.038535,,,,,,,,,,,,,0.8819182845147762,0.8936349766533941,0.5694810362683101,0.1542332527644938,-0.3713370616060049,3.568796,0.4723472413716126,0.5474514013584615,0.6268750919697388,0.7455160901874868,0.4690269083286671,0.5444718223051455,0.62432714941356,0.7440561883692882,-4.6364017624360585,-3.976473326480428,-3.2785898546181222,-2.2361100717703666,-4.689913737091958,-4.023533191632935,-3.318196892185304,-2.2606689810065914,1.175529,0.8355747248424429,-0.2952952952952952,0.080150069615654,-0.8758758758758756,0.5240096038415366,3.87122,MA-BBOB,-100,MABBOB_618,618,618,lhs_target,618,modcma_base
115,5,5000,0.4063302743631761,67.42089924292311,11.72689788802453,8.389581390482679,0.5008906611623798,2.3073775585101712,0.0011007549928565,0.1315218546801398,119.48331421039929,0.5427049905181636,0.8347291076687942,2.7975444721581484,0.9387648939350708,0.045232,-0.1448941214896701,0.0515613888230519,1,0.075522,0.1034,0.0764,1.3534031413612566,0.2208,0.1424,1.5505617977528092,0.2178,0.1657999999999999,1.3136308805790111,0.305281,1.0,1.0,0.8333333333333334,0.8333333333333334,0.2005592364689569,0.2005513125154029,0.2034094122665903,0.2848650407207145,0.032105,,,,,,,,,,,,,0.8554946123583071,0.8980602058919056,0.5909379600184408,0.1431067253343723,-0.3513380514864057,3.523351,0.4712978362601034,0.5451122978329773,0.625435508881683,0.753211827037519,0.4645619959317482,0.5416973557697489,0.6228851677412436,0.7513413132304753,-4.645739322542536,-3.997126984216431,-3.2913218529451367,-2.168543270865584,-4.729657102701596,-4.048301278581313,-3.331149136547639,-2.196464044561957,0.986978,0.8356853624924538,-0.2952952952952952,0.0839312949816636,-0.8758758758758756,0.5418167266906763,3.935754,MA-BBOB,-100,MABBOB_115,115,115,lhs_target,115,modcma_base
592,5,5000,3.0668555495803385,60.86152523173419,24.589778813293723,8.342114560373592,0.2749455136311655,3.0355915000381555,0.0036456324802858,0.0486923974579242,13.356364834149677,0.295556709559886,0.7175145868773107,2.72947586208226,0.8344036807685193,0.067665,-0.9826459544577726,2.31894598868037,6,0.078728,0.1012,0.0841999999999999,1.2019002375296914,0.2404,0.1617999999999999,1.485784919653894,0.3184,0.2024,1.5731225296442688,0.326694,1.0,1.0,0.8333333333333334,0.8333333333333334,0.2003977094481682,0.2003972306781142,0.2001750992004181,0.2540403507750973,0.03543,,,,,,,,,,,,,0.7834034653236728,0.8763917899410505,0.5141340472867155,0.1684824903843467,-0.428432779044303,3.462089,0.4821240729759748,0.5668409558489079,0.6415878166415729,0.7589958960394656,0.4766920953846853,0.5609527419354352,0.6364433963496351,0.756830813242614,-4.550643885696876,-3.806225493290838,-3.149414996236403,-2.117734760173514,-4.62130126728034,-3.877200463045239,-3.21054694255501,-2.1474127583674,1.240007,0.8495630037886786,-0.2752752752752751,0.0697981390783066,-0.9359359359359356,0.5858343337334934,3.89528,MA-BBOB,-100,MABBOB_592,592,592,lhs_target,592,modcma_bipop
695,5,5000,0.7483179892602781,128.29531579861535,33.96561510032051,21.75701093996248,0.3088780104243526,3.3104295612779344,0.0086388526596168,0.108546199881162,12.564886120650188,0.4840547441141752,0.4484231807238753,5.419660969941862,0.6931821852866018,0.049051,-0.6859246225430682,0.702030272504047,1,0.077459,0.1,0.0853999999999999,1.1709601873536302,0.2814,0.1258,2.2368839427662963,0.2676,0.1512,1.7698412698412698,0.313607,1.0,1.0,0.8333333333333334,0.8333333333333334,0.2002806056350589,0.2002817256697949,0.2015376566081431,0.2594103173359415,0.035217,,,,,,,,,,,,,0.6083049418855041,0.8748804195805767,0.4490397354032288,0.163226962604959,-0.4075756990141643,3.532302,0.8608919251677644,0.8342610483907283,0.8468007387864823,0.8745427480482069,0.8496512785529384,0.8210940708217821,0.833051224490217,0.8636473247776997,-1.2223409774193206,-1.4563461707801917,-1.346160062365084,-1.1023913612494374,-1.32790436090988,-1.580126264206637,-1.4745187382658536,-1.2042890043010734,1.275573,0.8016173930131072,0.065065065065065,0.0839312949816636,-0.8758758758758756,0.5004001600640257,3.942042,MA-BBOB,-100,MABBOB_695,695,695,lhs_target,695,opy_EO
798,5,5000,3.613998903501438,78.97977790661325,25.76255916314156,10.660246196216292,0.6721905741214675,3.038969447365494,0.0046931658532767,0.1163866167228266,24.79916976332008,0.7084619198600633,0.7801017412932764,3.197859530270074,0.8352591243039059,0.055187,-0.2133304656125176,0.3422582969599737,4,0.066733,0.0955999999999999,0.0841999999999999,1.1353919239904988,0.1853999999999999,0.1556,1.191516709511568,0.1631999999999999,0.1472,1.1086956521739129,0.293827,1.0,1.0,0.8333333333333334,0.8333333333333334,0.2006250728194243,0.2006225189773615,0.2024603196219967,0.3033381285619153,0.03959,,,,,,,,,,,,,0.6602723263957824,0.8717849534440526,0.4404443237143133,0.168949118064306,-0.3664403817807045,3.474896,0.5970079285208985,0.6743553907025841,0.743615296922222,0.8210693309582294,0.5842098616778294,0.6611724362428641,0.7317036990186525,0.814252688895975,-3.5411869293740112,-2.861516430913001,-2.252913205210656,-1.5723062345848753,-3.6714933966505,-2.9919015586983404,-2.3690992320638404,-1.6401784537650492,1.209858,0.856090259591828,-0.2552552552552551,0.0666536326812491,-0.9559559559559556,0.5932372949179672,3.857229,MA-BBOB,-100,MABBOB_798,798,798,lhs_target,798,modcma_bipop
955,5,5000,0.0161147551821381,71.75351039764907,24.35486822385514,12.903172284318895,0.4635475930819165,3.0703934783034748,9.029373199322469e-05,0.1203030659354042,1332.352349157872,0.6943772121175993,0.5321343085052344,3.474895870582484,0.7966885643395372,0.045392,-1.3375971281982888,3.5847851876627104,2,0.065492,0.0829999999999999,0.0546,1.52014652014652,0.1581999999999999,0.0996,1.5883534136546185,0.241,0.1226,1.9657422512234912,0.326351,1.0,1.0,0.8333333333333334,0.8333333333333334,0.2003400104521406,0.2003287685326124,0.2026575927771668,0.2801895535031815,0.028193,,,,,,,,,,,,,0.7056218416350472,0.8843455718985987,0.509580809966075,0.1558630595838463,-0.3453576654884228,3.497428,0.6867188575769289,0.7095007498945888,0.7636933856504461,0.8359864465496357,0.6611023408939968,0.6870099913340917,0.7422140411091831,0.8233336414544895,-2.752633389399912,-2.5524611192713227,-2.0762994917715414,-1.441099135587014,-2.9929796774776225,-2.764175880299005,-2.276640500068977,-1.560231552544594,1.201134,0.8055612482545194,0.0050050050050049,0.0636507908129557,-0.9759759759759756,0.4893957583033213,3.820574,MA-BBOB,-100,MABBOB_955,955,955,lhs_target,955,modcma_base
830,5,5000,0.2333585850651004,20.21046923887596,4.531703863305831,2.8911921011364603,0.1035513476277049,1.5315324916953357,0.0105958347187739,0.0435755389721839,4.112515920522615,0.5929037101488028,0.3140529456154828,3.896507054239376,0.8366355807149068,0.055428,0.035129524357479,-0.3401702404558269,1,0.062008,0.1022,0.0614,1.6644951140065145,0.255,0.1202,2.1214642262895174,0.3546,0.1046,3.390057361376673,0.31767,1.0,1.0,0.8333333333333334,1.0,0.2004178981351732,0.2004162212736893,0.1995592565531264,0.2206008569047608,0.03431,,,,,,,,,,,,,0.8180987654544648,0.8866996963128807,0.5624955572290149,0.1574449592799299,-0.3430154186471769,3.513183,0.6039143955022114,0.686975142808885,0.7563817481734143,0.851297919672804,0.58586969364005,0.6667812155357471,0.7385224564452916,0.8393096308644173,-3.4803537764821337,-2.750509565322917,-2.140642560942572,-1.306626246853149,-3.65757238591732,-2.942966998087954,-2.309352945572506,-1.4192070655228122,1.245975,0.8108731222382896,-0.3953953953953952,0.0607832312829723,-1.016016016016016,0.4875950380152061,3.616015,MA-BBOB,-100,MABBOB_830,830,830,lhs_target,830,modcma_base
215,5,5000,0.390068257359484,203.6557030127736,60.88097092971727,48.90484789059264,0.5434657855651921,3.5901834769822343,0.0286437637591473,0.2497256231485216,8.718324353194406,0.6116096994092611,0.7258723027992108,2.886275826180864,0.8908319534127481,0.056813,-0.5817151286713008,-1.1201619573561568,2,0.078126,0.0885999999999999,0.0579999999999999,1.5275862068965516,0.1695999999999999,0.1166,1.4545454545454544,0.2193999999999999,0.1687999999999999,1.2997630331753556,0.309196,1.0,1.0,0.8333333333333334,0.8333333333333334,0.2002323322562128,0.2002321605249362,0.2132262195232662,0.2896906767040443,0.03185,,,,,,,,,,,,,0.8336113672202717,0.8980782380881013,0.5701826156610588,0.1464579281218319,-0.3179471329016309,3.482826,0.5401669067271001,0.6060112147848823,0.6692108469336612,0.7717517839728636,0.5309256353997408,0.5922086283947049,0.6615801419741096,0.7685977014752694,-4.04043011130397,-3.4618738289775264,-2.906555604837198,-2.005555881860245,-4.143556727317933,-3.602214933654027,-2.9894233946810385,-2.0440864458369727,1.173908,0.7835028970006365,0.085085085085085,0.0730909932860291,-0.7957957957957954,0.5104041616646658,3.649025,MA-BBOB,-100,MABBOB_215,215,215,lhs_target,215,ng_DE
949,5,5000,0.0146958244820481,73.56616327778723,25.56155246910096,11.924326105167813,0.5036436162961151,3.156905227176413,0.0128539021215448,0.1144507691833938,8.90397080210836,0.6449702992238033,0.5874064513750649,21.552301400670054,0.7580141501881622,0.036011,-1.3880559000886743,4.693496515152374,2,0.072213,0.0875999999999999,0.0618,1.4174757281553394,0.1549999999999999,0.1014,1.528599605522682,0.2054,0.1387999999999999,1.479827089337176,0.320549,1.0,1.0,0.8333333333333334,0.8333333333333334,0.2004085299025857,0.2004092190160983,0.2024510702581753,0.2851690001516287,0.031967,,,,,,,,,,,,,0.6844982745160817,0.8822102877788127,0.4761310285914435,0.1604572096599832,-0.3497565266042753,3.274783,0.6841224050619307,0.7632091770270347,0.7840186816068128,0.8390724915030496,0.6642857703034706,0.7478775570093908,0.7666794049476828,0.8279313136028115,-2.7756060309731767,-2.080673168515551,-1.8978207366280653,-1.4140647209283603,-2.964382164077916,-2.2262603340964056,-2.0602385877725737,-1.5193795789151665,1.097508,0.814569933344631,-0.115115115115115,0.0505479682119124,-1.056056056056056,0.513405362144858,3.444492,MA-BBOB,-100,MABBOB_949,949,949,lhs_target,949,opy_IWO
204,5,5000,0.0319549809954217,76.22071828750947,25.083577757700127,11.35558852177024,0.2681990838701192,3.132461489006122,0.0040988781871322,0.0950598386211585,23.19167203348048,0.3691477584481532,0.3768989268225714,3.582782938647522,0.5252823649730416,0.053018,-2.3545712482781163,9.752443533587746,2,0.069191,0.1002,0.1016,0.9862204724409448,0.2238,0.189,1.1841269841269844,0.3018,0.1896,1.5917721518987342,0.32464,1.0,1.0,0.8333333333333334,0.8333333333333334,0.2003209713774057,0.2003282422098808,0.2006546540236989,0.2530780053068215,0.026585,,,,,,,,,,,,,0.6647760971544295,0.8704572238255596,0.4496701182884012,0.1717598591390534,-0.3473278789077858,3.479179,0.6238573259002053,0.8046126524107613,0.8277597114353514,0.8628101439313783,0.5729458395693467,0.7973722685377103,0.8208559705147698,0.8553316326804752,-3.305123119688206,-1.716846516703436,-1.5134559279645927,-1.2054717433066342,-3.771976648772654,-1.7897192962569068,-1.5822983560303134,-1.2777903926636096,1.239477,0.8405488895651367,0.105105105105105,0.0607832312829723,-0.9559559559559556,0.584233693477391,3.928648,MA-BBOB,-100,MABBOB_204,204,204,lhs_target,204,opy_EO
445,5,5000,0.8107328208668404,212.01168267684616,45.32175814132311,29.63308592937736,0.3682502097835798,3.595486758770321,0.0291233946936811,0.1112977690589588,3.821593266498796,0.4860406663164293,0.5531531774509018,5.381916798786793,0.7616909914991135,0.040368,-0.6748513714821276,0.962853663120836,2,0.059807,0.1068,0.0748,1.427807486631016,0.2318,0.1304,1.7776073619631905,0.2676,0.173,1.5468208092485551,0.331665,1.0,1.0,0.8333333333333334,0.8333333333333334,0.2003588937015104,0.2003577526676652,0.2023103135498546,0.2679439147865297,0.033216,,,,,,,,,,,,,0.7238831064185458,0.8809194912140487,0.5131549192518725,0.1627455613374345,-0.3916704462044025,3.495977,0.7274366719047731,0.74150281227906,0.7722695856519054,0.8297676880755467,0.7125853766424386,0.7230913895476068,0.7567553542463058,0.8179459562299726,-2.3950513754652096,-2.271450269306305,-2.0010984086938786,-1.4958546906238208,-2.5384515294214145,-2.445662219623258,-2.148341430313624,-1.6079048464783732,1.135092,0.8100759210818557,0.045045045045045,0.0730909932860291,-0.8958958958958956,0.5130052020808323,3.978086,MA-BBOB,-100,MABBOB_445,445,445,lhs_target,445,modcma_base
609,5,5000,5.349363195515879,234.09523317115017,60.4509045226344,48.34961340828805,0.804676869526178,3.653003051555885,0.0027483041253734,0.2637771006846532,95.9781336604472,0.8271079047853189,0.875232857593301,25.990537339282245,0.9085716038534964,0.042521,-0.0826330519706362,-0.6131444966385717,3,0.0614,0.1,0.0938,1.0660980810234544,0.1167999999999999,0.0968,1.2066115702479336,0.099,0.0924,1.0714285714285716,0.32112,1.0,1.0,0.8333333333333334,0.8333333333333334,0.2003800258376685,0.2003652142813032,0.2115785011600349,0.3161190474478752,0.034253,,,,,,,,,,,,,0.6421932702074148,0.8581941875932457,0.4646736291192505,0.1802971954668565,-0.319822220221098,3.482298,0.727306051143677,0.7485859953194011,0.7781940200209756,0.8321048461383461,0.709816654709672,0.7330113508511401,0.7677036683281747,0.8244657074704425,-2.39606887360243,-2.209089250162694,-1.948933618936448,-1.475237547014868,-2.562678286282484,-2.357840396295413,-2.0514642718825344,-1.5501851752153195,1.185791,0.8406452016482946,-0.0150150150150149,0.1009262190987048,-0.7557557557557554,0.5796318527410964,3.932669,MA-BBOB,-100,MABBOB_609,609,609,lhs_target,609,ng_DE
764,5,5000,0.3453613375870229,322.6187605268201,60.72982770815011,51.557755345487806,0.0385165512174804,3.732806669404531,0.0027124568564874,0.0488732320244104,18.01806797683067,0.4772774695932777,0.1519677084639529,22.07393352231149,0.6176894941411747,0.050761,-0.6209873619988804,0.3601188823122072,1,0.057514,0.1,0.0738,1.3550135501355014,0.25,0.1152,2.170138888888889,0.4078,0.1149999999999999,3.54608695652174,0.31161,1.0,1.0,0.8333333333333334,1.0,0.2005528033092137,0.2005424294448388,0.1970014406753807,0.1999400453676197,0.034233,,,,,,,,,,,,,0.6460093925021646,0.8760166445331642,0.4481848370305559,0.1657116344430062,-0.4281124917921899,3.446308,0.8715501273536397,0.8897381135249796,0.904386057349681,0.9153580542003142,0.861600311965848,0.8818905406236829,0.8982893745779159,0.9078314779138076,-1.1286460649111527,-0.9688343142412484,-0.840127731539491,-0.7437204653074865,-1.222099466433793,-1.0429323167907911,-0.8981270321093753,-0.8138681760303648,1.260325,0.7993761366467936,0.1651651651651651,0.1213623798344241,-0.6756756756756753,0.505202080832333,3.415102,MA-BBOB,-100,MABBOB_764,764,764,lhs_target,764,modcma_bipop
192,5,5000,1.956677430545845e-05,43.38387797798396,18.232411304958728,7.117659326774128,0.3588557620714219,2.8674907780978494,0.0184207847236703,0.0762233403651218,4.137898656791561,0.4305845261584659,0.4563513317877883,12.011758319455998,0.5686816178216578,0.051554,-2.156092198911963,9.541195421152905,3,0.068071,0.0887999999999999,0.0718,1.236768802228412,0.194,0.1693999999999999,1.145218417945691,0.2916,0.2732,1.067349926793558,0.400425,1.0,1.0,0.8333333333333334,0.8333333333333334,0.2004333535828786,0.2004470583998162,0.2009988275773734,0.2666353638810492,0.036926,,,,,,,,,,,,,0.5369908148437383,0.8539530753444227,0.3628912042279669,0.182966499862971,-0.4703608816910788,3.460156,0.5966731633515666,0.6863151170624182,0.7794318586175938,0.8757723201173411,0.5826426265981757,0.6699052416862041,0.7689251392673482,0.8693830233331146,-3.544004647381397,-2.7563270824775588,-1.9381168003082865,-1.0915799169131777,-3.685557465083548,-2.91496755112328,-2.040552610883005,-1.1534392443997945,1.252706,0.8596841329589671,-0.035035035035035,0.0920373199661822,-0.7757757757757754,0.6500600240096038,3.700285,MA-BBOB,-100,MABBOB_192,192,192,lhs_target,192,modcma_bipop
190,5,5000,0.0017852988709436,8.382470058627955,3.6902183679685376,1.6782770261436362,0.2852239385721192,1.4527456950703803,0.0219847787776004,0.0578866942447698,2.633035102620576,0.4354041459852765,0.5320515361632234,23.114506140817664,0.729702246234436,0.038442,-1.6198059261590965,2.545081763895824,2,0.073458,0.0897999999999999,0.0608,1.476973684210526,0.238,0.14,1.6999999999999995,0.3246,0.1424,2.279494382022472,0.294681,1.0,1.0,0.8333333333333334,0.8333333333333334,0.2003998259783293,0.2004037264639511,0.2004685622245757,0.2557382739562248,0.03183,,,,,,,,,,,,,0.838389396296556,0.8999346407946262,0.5884468293734756,0.1423989223545536,-0.3216999639577214,3.477565,0.5175003049240645,0.5832743242807835,0.7289869161348227,0.8174115243886891,0.5015980819421273,0.5712634557893147,0.7042946075116827,0.8054740143426042,-4.239809083410423,-3.661841288680227,-2.381439297104248,-1.604436822081441,-4.401758410631819,-3.78649162663429,-2.611594480869341,-1.7180038086339406,1.031313,0.7923243457459647,-0.075075075075075,0.0349577557436327,-1.1761761761761762,0.4915966386554621,3.501521,MA-BBOB,-100,MABBOB_190,190,190,lhs_target,190,modcma_bipop
827,5,5000,0.4433214849693491,18.511781883524296,6.552840973848986,3.022716279181101,0.3038196554117475,1.857604112947668,0.0257247097496426,0.0575482781412667,2.237081728086987,0.3949762497626551,0.7117440000329328,4.305053813596976,0.9013485820999584,0.047412,-0.7374717967392874,0.4522145214873685,1,0.063681,0.1002,0.0678,1.47787610619469,0.2252,0.1282,1.756630265210608,0.3156,0.1621999999999999,1.9457459926017264,0.293262,1.0,1.0,0.8333333333333334,0.8333333333333334,0.2003339056298348,0.2003359509064774,0.2008585124390083,0.2587886392109402,0.036798,,,,,,,,,,,,,0.8624707764500765,0.900564646296724,0.6028312105288516,0.1437867705736847,-0.3638049186200669,3.516933,0.5218737716175049,0.6202133398632388,0.693600253013439,0.7909506340172207,0.508742573072759,0.6042358735028209,0.6787318248653039,0.7831209032516097,-4.201206630518753,-3.337115054630936,-2.692277838394228,-1.8368780676261025,-4.33874798507992,-3.4953584664295967,-2.837415927235261,-1.9154595787157405,1.233395,0.8063050025503181,-0.3553553553553552,0.0554298551568466,-1.016016016016016,0.4851940776310524,3.875069,MA-BBOB,-100,MABBOB_827,827,827,lhs_target,827,ng_OnePlusOne
769,5,5000,2.2482652398832883,543.4523471803338,133.75656475502277,94.11309292801704,0.5387474964018397,4.428768967772074,0.0385360670990542,0.2154034124489756,5.589657395377073,0.6588593405666496,0.6435054931146087,2.396515363617555,0.8319058807824657,0.055331,-1.11903807591261,0.1940295094169597,2,0.073537,0.0804,0.0584,1.376712328767123,0.1538,0.1173999999999999,1.310051107325383,0.2054,0.1442,1.4244105409153955,0.326163,1.0,1.0,0.8333333333333334,0.8333333333333334,0.200442919468617,0.2004478348386921,0.2125136902555424,0.2890254957646009,0.033335,,,,,,,,,,,,,0.6864887911430992,0.8698240276390427,0.4610419221298662,0.1721276474599164,-0.3183161778009421,3.532883,0.6161615127447659,0.6437595521771895,0.6807509876851452,0.7812160768345121,0.6044615557631898,0.6342048707721689,0.6743083863561745,0.7757884728040958,-3.372899215471996,-3.130387303193931,-2.805332917178175,-1.92251727563752,-3.493390142924339,-3.2306975905714426,-2.876503888090525,-1.98023314913795,1.203208,0.8343599470276739,0.125125125125125,0.1330834724654076,-0.6756756756756753,0.5850340136054422,3.912088,MA-BBOB,-100,MABBOB_769,769,769,lhs_target,769,ng_DE
329,5,5000,1.3746524625321863,527.0266335883244,78.9645088308776,67.14351180571155,0.8285260659591833,3.993934519464577,0.1121761989090128,0.1541415782756144,1.374102347688212,0.8979109263719833,0.8615023790382277,2.4942779744118404,0.9543312835974496,0.048061,-0.64614509548037,0.4915668571172786,1,0.076047,0.0584,0.035,1.6685714285714286,0.0988,0.0665999999999999,1.4834834834834836,0.1156,0.0964,1.1991701244813278,0.323809,1.0,1.0,0.8333333333333334,0.8333333333333334,0.2004148537569487,0.2004238994831778,0.2131515280129804,0.318181116266497,0.029554,,,,,,,,,,,,,0.8184307775577369,0.8831815569073119,0.5478402470972505,0.1600734167869606,-0.2593911662895706,3.526727,0.4967521306998802,0.5988434610025288,0.6864829857099422,0.8024166920167354,0.4871883265881921,0.5812149267613808,0.6717952226044366,0.7950476740911685,-4.42195718383755,-3.5248972676829844,-2.7548230169822023,-1.7361323940786253,-4.52922127555047,-3.698765769070423,-2.898748483292744,-1.8101663497710447,1.229114,0.8314722225795543,-0.2352352352352351,0.0839312949816636,-0.8958958958958956,0.5208083233293317,3.84628,MA-BBOB,-100,MABBOB_329,329,329,lhs_target,329,ng_DE
359,5,5000,4.378400906509907,63.08798954932613,27.430283170914905,8.344845336017341,0.148729233963761,3.109726669832181,0.0016183701624164,0.0478237591837419,29.550569019596605,0.1544135137282182,0.1876214103993967,6.715122723535481,0.2072218593889478,0.04275,-1.1733686752282777,3.276624786288169,4,0.082181,0.1,0.1,1.0,0.2537999999999999,0.2535999999999999,1.0007886435331232,0.364,0.3544,1.0270880361173815,0.325431,1.0,1.0,0.8333333333333334,1.0,0.2003606687850097,0.2003566043777819,0.1998173865276984,0.2310541617037322,0.027418,,,,,,,,,,,,,0.5177285275284401,0.8329141389819714,0.3654462002898382,0.200949831562644,-0.6315837858007095,3.462867,0.839400772273729,0.8600201384089624,0.8883696090889625,0.9313609333789528,0.8406961922542164,0.8571098789420412,0.8840264593927992,0.9276376067916996,-1.4112852593850151,-1.230090069990232,-0.9809656461153908,-0.603174151654926,-1.4072693440607615,-1.2622729473917351,-1.0244953383609197,-0.6392400725751468,1.074328,0.8524688555737188,-0.0150150150150149,0.1056875971184805,-0.7157157157157155,0.6292517006802721,3.880342,MA-BBOB,-100,MABBOB_359,359,359,lhs_target,359,ng_Powell
264,5,5000,0.5630917904432181,49.58319810062913,15.127416443869238,7.865790824807786,0.3951945529388663,2.6022772826710088,0.0019666975547964,0.085685843444338,43.5683886601509,0.5340718394399528,0.5423096390777945,2.887855645565829,0.7292381039608843,0.043091,-0.601201971902728,0.2289744333035948,1,0.112706,0.1004,0.0787999999999999,1.274111675126904,0.2434,0.1332,1.8273273273273267,0.2481999999999999,0.1551999999999999,1.5992268041237114,0.320511,1.0,1.0,0.8333333333333334,0.8333333333333334,0.2004489095432355,0.2004548619170482,0.2017153611951756,0.2716210811080249,0.035384,,,,,,,,,,,,,0.7237821909222129,0.8722489107936634,0.5093182255542011,0.1723641342053989,-0.378826019051429,3.453491,0.7395439178620518,0.781132317374235,0.7972449920564703,0.8456502806686932,0.7148059325261555,0.7576627528093693,0.7782729970032567,0.8322687348412751,-2.288642857235565,-1.923203153519968,-1.781620136837228,-1.35628002910991,-2.5191014978027138,-2.140549864093128,-1.9585008562761512,-1.481559855127208,1.192585,0.8110137693403083,-0.1551551551551551,0.0580448594276897,-0.9559559559559556,0.5014005602240896,3.87515,MA-BBOB,-100,MABBOB_264,264,264,lhs_target,264,opy_EO
107,5,5000,1.2345801990622904,642.6890530075626,169.88998931899178,101.73682628623288,0.788010385995705,4.876777116194393,0.0732453014148409,0.1494196636508734,2.039989743568699,0.8485769204052893,0.8148982948586929,7.965759462185653,0.8976771449360906,0.045734,-1.2658000768154298,1.964194650298083,3,0.065736,0.0694,0.0358,1.93854748603352,0.0626,0.0482,1.2987551867219918,0.0839999999999999,0.0724,1.1602209944751378,0.332113,1.0,1.0,0.8333333333333334,0.8333333333333334,0.2003573099831071,0.2003615601433959,0.2101089165696422,0.3148226470660847,0.03295,,,,,,,,,,,,,0.7983954524230326,0.8867535761705256,0.557462679253111,0.1565961565082523,-0.2804947251783934,3.49245,0.6604259543347866,0.6613576626197202,0.701477277207746,0.8037535259502118,0.6359567443237,0.6397856952899356,0.6851482814983214,0.7949703604353138,-2.9837767334495178,-2.975589978488605,-2.623066061861792,-1.7243828577775435,-3.2151803746316805,-3.1813636020088847,-2.780727428571776,-1.81079380833892,1.166845,0.7999763838770035,-0.035035035035035,0.0580448594276897,-1.016016016016016,0.4939975990396158,3.592114,MA-BBOB,-100,MABBOB_107,107,107,lhs_target,107,ng_OnePlusOne
396,5,5000,1.387491106295917,58.70131706705106,28.28204735362654,11.152757574361358,0.7374875838141606,3.2180811922630483,0.0024071177070138,0.104095542691716,43.24489092843317,0.8744842351385196,0.772554148546919,7.318354656757041,0.9276977359185974,0.053096,-1.5018478835953215,3.0194613667049106,3,0.052078,0.0512,0.0217999999999999,2.3486238532110097,0.0988,0.0596,1.6577181208053688,0.1352,0.0809999999999999,1.6691358024691365,0.324544,1.0,1.0,0.8333333333333334,0.8333333333333334,0.2003699099488787,0.2003825830690997,0.2035704743619021,0.3097783121555471,0.028615,,,,,,,,,,,,,0.9055426839799652,0.8964177257060159,0.6081351940032305,0.1522486840512234,-0.2579965203085141,3.465072,0.5695654789289577,0.6502982732457557,0.710663891048362,0.798140785116147,0.5502726821623908,0.627534279680164,0.6932058865051003,0.7883608223792039,-3.782120696989976,-3.0727417848348315,-2.5423241689109872,-1.773686535621433,-3.972313383321519,-3.2898836850049245,-2.7098250753806816,-1.8693486127116108,1.125628,0.7942062266498504,-0.3353353353353351,0.0318789129267764,-1.256256256256256,0.4787915166066426,3.55206,MA-BBOB,-100,MABBOB_396,396,396,lhs_target,396,ng_DE
284,5,5000,1.12229128913643,174.70828574428668,38.33574500740474,26.16046185645348,0.3710472212378268,3.381023277063131,0.0307320123239417,0.1080840381359824,3.51698538308146,0.5286024763229016,0.5261717644433219,3.767011550918833,0.7246153841884401,0.039555,-0.5729898501314233,0.0988533606763364,1,0.068319,0.1014,0.0897999999999999,1.1291759465478843,0.2182,0.1743999999999999,1.251146788990826,0.2533999999999999,0.1604,1.5798004987531171,0.318896,1.0,1.0,0.8333333333333334,0.8333333333333334,0.2003344126309025,0.2003315547489723,0.2026464858728361,0.268227485168181,0.034979,,,,,,,,,,,,,0.6468458486743878,0.8783190541591215,0.4685421296096888,0.1617192938717944,-0.395255759066401,3.479472,0.7110927187206383,0.7425970712305875,0.792631233436005,0.8521488476791351,0.6790737872649486,0.7144978186380139,0.7684870114887075,0.8407582329691563,-2.538626007995721,-2.261797510310725,-1.822147720591068,-1.2991669124148766,-2.835014236895205,-2.5220836338915387,-2.045151166874394,-1.4067179891394517,1.180103,0.8131618244742793,0.045045045045045,0.080150069615654,-0.8358358358358354,0.51640656262505,3.850744,MA-BBOB,-100,MABBOB_284,284,284,lhs_target,284,ng_DE
811,5,5000,0.1639878939161912,21.3991370625678,11.145843884973305,4.260307480085985,0.7253730459799781,2.3870559827362112,0.0315051888164205,0.0955492222916083,3.0328090667340497,0.8583032099945642,0.7335226763747194,2.498733771281417,0.891840389292261,0.05109,-1.9733214454616168,4.665810040305001,2,0.089626,0.0564,0.0344,1.6395348837209305,0.0636,0.044,1.445454545454546,0.0788,0.067,1.1761194029850743,0.3167,1.0,1.0,0.8333333333333334,0.8333333333333334,0.2002903288777962,0.2002885866712644,0.2032809702158501,0.3086643799434196,0.033898,,,,,,,,,,,,,0.7972363506200525,0.8931245641311891,0.5791034197548603,0.1477321234060675,-0.2462919689069343,3.114274,0.526978838322769,0.6416866143959962,0.7258287445347971,0.8208149828874852,0.5105548422640611,0.6198191229212024,0.7078649775297688,0.8121266803030487,-4.156270699456138,-3.14837378634034,-2.409046461436522,-1.5744357689317727,-4.322486870504751,-3.35753010039314,-2.579961777297738,-1.65918478275423,0.878943,0.7780071818653282,-0.2352352352352351,0.0253164847863135,-1.316316316316316,0.4755902360944378,3.798764,MA-BBOB,-100,MABBOB_811,811,811,lhs_target,811,modcma_bipop
877,5,5000,0.3226458820024415,41.13979895034221,8.360624000174711,5.183001551503246,0.2521970359256339,2.043185656543457,0.0072577592715865,0.0768846109837488,10.593436363306378,0.4911157629872877,0.5326956933984477,2.8197866726242364,0.8133407631767147,0.052548,-0.2286123030081382,-0.11203466924032,1,0.054995,0.1012,0.0738,1.3712737127371273,0.2522,0.1364,1.8489736070381235,0.3162,0.1619999999999999,1.951851851851852,0.29064,1.0,1.0,0.8333333333333334,0.8333333333333334,0.2004986935031001,0.2004983070621195,0.2004303094416854,0.250442151382131,0.033604,,,,,,,,,,,,,0.816453759205665,0.8970699249173528,0.5813262409285821,0.1432964257866929,-0.3741272581035892,3.086473,0.6355265337546653,0.7028096246260159,0.7521911780088641,0.8215385718577035,0.5925936539311181,0.6587692770879521,0.7176312581469427,0.8006840152657727,-3.202427797188129,-2.611248300071839,-2.177359762586055,-1.5680423710846672,-3.598372981498008,-3.013883867130887,-2.493991714434012,-1.760437119276121,1.266443,0.8095077501531616,-0.3153153153153152,0.0730909932860291,-0.9159159159159156,0.4889955982392957,3.58595,MA-BBOB,-100,MABBOB_877,877,877,lhs_target,877,ng_MultiBFGS
531,5,5000,0.2582465353528009,14.437539959963294,7.387699916750702,3.343657152833437,0.7378548243704849,1.998721152029321,0.0028139542215785,0.1359564332013524,48.31508350732292,0.7406581461517396,0.773040601377098,7.938691365568788,0.8832087840364163,0.0419,-0.5354784648452193,-0.3557749915573485,4,0.077475,0.1044,0.048,2.1750000000000003,0.201,0.0778,2.583547557840617,0.03,0.0294,1.020408163265306,0.307203,1.0,1.0,0.8333333333333334,0.8333333333333334,0.2004854461614341,0.2004931399076831,0.2027364342484769,0.3098626710724275,0.040511,,,,,,,,,,,,,0.7754389702569966,0.882525576380873,0.5363977952061015,0.1603777165034545,-0.3236548542432897,3.453605,0.7205981206559742,0.7650104368561788,0.8189919659569601,0.8750366947514618,0.7120108160065859,0.752008639236563,0.8129118028554033,0.8708161096231216,-2.45485407238599,-2.0646428270495782,-1.590355478454084,-1.0979406420186155,-2.5432095058181687,-2.189991920213152,-1.652160941625512,-1.140812628617895,1.158891,0.7889318926978213,-0.3153153153153152,0.0440193518520887,-1.1361361361361362,0.4883953581432573,3.562072,MA-BBOB,-100,MABBOB_531,531,531,lhs_target,531,opy_EO
348,5,5000,0.0288271405167707,30.284114825962902,12.00324540946569,5.388503098102057,0.3501892806804443,2.399318984582471,0.031626221598255,0.1215127437604352,3.842151784806934,0.5009849205187208,0.4393886934996337,1.2153615939915157,0.6735557145326398,0.037635,-2.2736687587967124,4.970837068097519,3,0.053691,0.0885999999999999,0.0514,1.723735408560311,0.1717999999999999,0.1156,1.4861591695501728,0.2098,0.1576,1.3312182741116754,0.3193,1.0,1.0,0.8333333333333334,0.8333333333333334,0.2003184758146053,0.2003350698906752,0.2020431054864963,0.2653792753123393,0.036097,,,,,,,,,,,,,0.6582297853531869,0.8669514812352873,0.4374994304947445,0.1726391071183973,-0.2750159063790109,3.43265,0.5115303475512981,0.6115609095433004,0.7502864571273555,0.8270387847075498,0.5100864755695402,0.6054334978432137,0.7273105603710553,0.8141921097662301,-4.292088805619916,-3.413139513287307,-2.194184831345124,-1.5197769037271025,-4.326231336954828,-3.4842597336494645,-2.4080119044495696,-1.6407955226737156,1.232,0.8368274074801461,0.2252252252252251,0.0636507908129557,-1.016016016016016,0.6028411364545818,3.770331,MA-BBOB,-100,MABBOB_348,348,348,lhs_target,348,opy_MVPA
344,5,5000,0.000736752247065,21.711685958217227,9.02349019988791,5.145505346566666,0.9268531793253528,2.143667933691566,0.0150422623897054,0.1939734497492231,12.895231097815005,0.9428588287102672,0.9498555535588766,19.85241070441848,0.9761239870013618,0.062585,-0.596129661714058,-0.40592085856506,2,0.113783,0.0624,0.029,2.1517241379310343,0.0437999999999999,0.034,1.2882352941176465,0.0341999999999999,0.0319999999999999,1.06875,0.307893,1.0,1.0,0.8333333333333334,0.8333333333333334,0.200408729733507,0.2003990786646591,0.2064774011238855,0.3271972424119182,0.036662,,,,,,,,,,,,,0.7620883462045425,0.8965870465186093,0.5495550377179981,0.1426577351170552,-0.232727119162747,3.453562,0.627911751634213,0.6996550179189962,0.7602092319166325,0.8589491729329938,0.5923642481719747,0.6813086178985922,0.7497118628780749,0.8545292666746392,-3.269679154394078,-2.639244134557347,-2.107131518562688,-1.2394665808355585,-3.6005548975191903,-2.814929287916041,-2.210738812442273,-1.2849102635661556,1.25229,0.7760727513068819,-0.4754754754754753,0.0401424249049932,-1.2162162162162162,0.4659863945578231,3.751757,MA-BBOB,-100,MABBOB_344,344,344,lhs_target,344,mealpy_OriginalTWO
746,5,5000,1.51924249346316,150.91583317448243,30.373472707001174,27.06826573929487,0.7258891565743555,2.97932304202816,0.0194603590759806,0.2604346896404353,13.3828306365571,0.7467218109824494,0.8585744779470479,3.09771252087898,0.9183290911735736,0.046351,0.0482118131339383,-0.908858851591023,2,0.070295,0.103,0.066,1.5606060606060603,0.1707999999999999,0.1243999999999999,1.3729903536977492,0.1286,0.1177999999999999,1.0916808149405772,0.341066,1.0,1.0,0.8333333333333334,0.8333333333333334,0.2004930530684987,0.2004869052622263,0.2113210580572493,0.3086957957154994,0.035273,,,,,,,,,,,,,0.798888168875836,0.8865393530610742,0.5528546819955698,0.1551699756056716,-0.2818180853772319,3.476756,0.5350323009931192,0.6017885347790827,0.6705414091338103,0.7785955445055127,0.5141635900791357,0.5835377372485527,0.6571691223282834,0.7725925596415176,-4.085410075508398,-3.4988605351969246,-2.894767635391404,-1.945356624065715,-4.289050006907854,-3.6766027297581614,-3.0265718011657707,-2.007593222169821,1.23791,0.8359754460036046,-0.115115115115115,0.0878909065341995,-0.8358358358358354,0.5492196878751501,3.93719,MA-BBOB,-100,MABBOB_746,746,746,lhs_target,746,opy_EO
700,5,5000,0.2677645751081317,148.3303149216131,34.88977819204604,26.034405172205247,0.9423548461533358,3.2603722231695924,0.0365090881506387,0.2238925395988047,6.132515243191234,0.9639261102493354,0.9493608448109434,71.97317498608251,0.9767074446051854,0.031431,-0.6282759758268313,0.0603766290899394,1,0.075623,0.0506,0.0301999999999999,1.675496688741722,0.0352,0.0344,1.0232558139534884,0.0379999999999999,0.0352,1.0795454545454544,0.311305,1.0,1.0,0.8333333333333334,0.8333333333333334,0.2005790297911737,0.2005749650936134,0.2131446604170582,0.3283597763584361,0.028104,,,,,,,,,,,,,0.8128894440795633,0.8959666299528614,0.5974073057326597,0.1429988979023915,-0.2276522221920136,3.46698,0.5683139158237955,0.6788452438237275,0.7631905511285145,0.8571283100947429,0.5445002734707787,0.6603080974901033,0.7496199134645587,0.8506407400915222,-3.793212906540557,-2.8219773830547608,-2.080837652119965,-1.2554093309773515,-4.02277202831709,-3.0000085709710387,-2.211246132324012,-1.3190748927736653,1.166093,0.7960572377985149,-0.3153153153153152,0.0580448594276897,-1.036036036036036,0.477390956382553,3.836434,MA-BBOB,-100,MABBOB_700,700,700,lhs_target,700,ng_OnePlusOne
740,5,5000,0.2184505269654416,166.19791550278148,53.21963706413533,26.777615130020013,0.3996229702857584,3.8412044546476896,0.0015734979627336,0.0770873752848151,48.991086808204,0.5547212108063435,0.4978910209878719,2.5264974780296603,0.6952902068474356,0.044689,-0.9016703143933916,1.199313847593646,4,0.08168,0.0955999999999999,0.0702,1.3618233618233615,0.1938,0.1256,1.542993630573248,0.254,0.158,1.6075949367088609,0.347364,1.0,1.0,0.8333333333333334,0.8333333333333334,0.2003816241309783,0.2003734392056183,0.2017597933461758,0.2721071262945232,0.040288,,,,,,,,,,,,,0.6442946707293496,0.8798233075908118,0.4460401558905858,0.1593401342733118,-0.3948621234558996,3.519792,0.6847162733638326,0.7596955770723551,0.7911493547944201,0.8462553805088164,0.6620312748805445,0.7357670032187242,0.7717821132313148,0.8337976907246537,-2.7704266658078733,-2.1115767321495174,-1.835189538077301,-1.350967898366623,-2.984111587230643,-2.3330583240948863,-2.0150611275614745,-1.467491516434699,1.160248,0.8113916784280986,-0.075075075075075,0.0636507908129557,-0.9559559559559556,0.5260104041616647,3.867875,MA-BBOB,-100,MABBOB_740,740,740,lhs_target,740,modcma_bipop
243,5,5000,0.0152502469475485,30.48857888874704,8.08645914990569,6.387632188942997,0.2518219413590941,1.8756147966298484,0.0088482562055672,0.1285415944889891,14.527336404218444,0.4838974853753421,0.4628355418691837,28.851214594684738,0.7412090060139833,0.036493,-0.5766988937032742,-0.6997154770561296,3,0.058738,0.1086,0.0624,1.7403846153846154,0.2548,0.1119999999999999,2.2750000000000004,0.298,0.135,2.207407407407408,0.332847,1.0,1.0,0.8333333333333334,0.8333333333333334,0.2005847776898853,0.2005898459841756,0.2014066787929768,0.2504265999604698,0.031181,,,,,,,,,,,,,0.8865875142215603,0.8997364447265987,0.6237510448629084,0.1426468992193844,-0.2978032310659214,3.473517,0.4894389118399682,0.592084487348329,0.6684368229218846,0.8432269014014127,0.4797500293968684,0.5803851713193372,0.6598766825656106,0.8205890533507224,-4.486084881260864,-3.5841815143672946,-2.913305753936992,-1.37749907644959,-4.594415144932931,-3.705689251061093,-3.003686322084308,-1.584408297989115,1.230436,0.7788518175670299,0.2052052052052051,0.0580448594276897,-0.9559559559559556,0.4909963985594238,3.60563,MA-BBOB,-100,MABBOB_243,243,243,lhs_target,243,modcma_bipop
270,5,5000,2.0587597694394355,145.61754240586512,35.97705759101965,20.343025312821744,0.4637921750113625,3.376181986862721,0.014834923323795,0.1195234804247362,8.056899103281664,0.5313251803942292,0.6499181459440986,2.179663790894505,0.7574437565542017,0.0528,-0.5023689006719081,0.4443582185425638,3,0.084612,0.1028,0.0877999999999999,1.170842824601367,0.238,0.1619999999999999,1.4691358024691363,0.2344,0.1988,1.1790744466800809,0.334745,1.0,1.0,0.8333333333333334,0.8333333333333334,0.2002803721962228,0.2002818171684943,0.2025715463726275,0.2802335218259854,0.039879,,,,,,,,,,,,,0.6465623905899455,0.8515088937127417,0.4484984978370394,0.1864990752895836,-0.4233867529585761,3.462531,0.5911856521543977,0.662707975739793,0.7258899782216905,0.8098835782233305,0.5638398584129416,0.6348462230144675,0.7038463788820981,0.7965735378341828,-3.592320033338747,-2.9638414165760407,-2.4086505959546978,-1.6705847879706592,-3.852511458009284,-3.225327066002291,-2.61586309683441,-1.7968234637498943,1.180959,0.8567332250539657,-0.055055055055055,0.1106736018095974,-0.7357357357357354,0.6212484993997599,3.743114,MA-BBOB,-100,MABBOB_270,270,270,lhs_target,270,modcma_bipop
371,5,5000,14.56453725955681,861.6310952980334,235.4667157023634,142.56024806215012,0.5681793893126033,5.149209837340231,0.0505871288096821,0.1695737312043923,3.3521121912721967,0.6044102507986104,0.7316533944565653,1.7684186387124694,0.8360367621763045,0.036651,-0.825470067678723,0.8532367913457222,5,0.066502,0.1008,0.0808,1.2475247524752475,0.1727999999999999,0.1246,1.3868378812199036,0.2004,0.1641999999999999,1.2204628501827044,0.380788,1.0,1.0,0.8333333333333334,0.8333333333333334,0.2003950899446881,0.2003993171815594,0.2054158589329501,0.2921909875246601,0.032803,,,,,,,,,,,,,0.6658487567005639,0.8772397076268371,0.4501450415076143,0.1627143313023067,-0.3948867926469762,3.46439,0.5865387744581871,0.6156809202181639,0.6899477263040742,0.7793826407423833,0.576450989502324,0.606960210526107,0.6820813842276265,0.7761225540838322,-3.632892237150528,-3.3768337035683453,-2.7242856854224886,-1.9384625263889284,-3.7409905925145246,-3.4715183330921526,-2.808011638115289,-1.977394347030728,1.099845,0.8522586651534692,-0.035035035035035,0.1009262190987048,-0.7357357357357354,0.5940376150460184,3.867182,MA-BBOB,-100,MABBOB_371,371,371,lhs_target,371,modcma_bipop
975,5,5000,0.3046366821406734,110.6079879637004,23.19824364091536,15.668690452693529,0.1491562580389057,2.948441014480986,0.0161192116632926,0.0668760853653102,4.14884342747376,0.4478352729785343,0.4238055088557565,3.667026349048929,0.7591852208602718,0.038224,-0.5330281107431335,0.2411219311099266,1,0.068285,0.1,0.0781999999999999,1.2787723785166245,0.2613999999999999,0.1484,1.7614555256064688,0.3583999999999999,0.135,2.6548148148148143,0.339101,1.0,1.0,0.8333333333333334,1.0,0.2003871962725379,0.2003810981903985,0.1997044107381198,0.2313292115348263,0.033774,,,,,,,,,,,,,0.6399488664982927,0.8785375760324584,0.4674867677157873,0.1601043810382321,-0.4000695356801597,3.476821,0.8204208427748441,0.8021793875879137,0.8105076302170277,0.8489813468607159,0.7974595486117603,0.7783510299351636,0.7874681864746671,0.8298281632844803,-1.577888404405324,-1.738168589832683,-1.664991737481846,-1.326938968416128,-1.7889050977819403,-1.957677934207099,-1.8771521542999008,-1.50301465269167,1.235726,0.8091951585259777,-0.035035035035035,0.0839312949816636,-0.8558558558558554,0.5102040816326531,3.797923,MA-BBOB,-100,MABBOB_975,975,975,lhs_target,975,modcma_bipop
305,5,5000,0.2318000204731802,29.083454300312344,6.741606824701162,4.168188148731288,0.6981941300925707,1.8767342480739675,0.0019575437911529,0.1281589751497436,65.46927620672214,0.7418407057421728,0.8793268878984424,2.777743309186232,0.963804346958458,0.040382,0.0384722413641813,-0.2811217538431636,1,0.059462,0.0958,0.0608,1.5756578947368418,0.182,0.12,1.5166666666666664,0.1631999999999999,0.1387999999999999,1.1757925072046107,0.32482,1.0,1.0,0.8333333333333334,0.8333333333333334,0.2003267243250854,0.200329125737685,0.2034125481298427,0.3059728985889499,0.033744,,,,,,,,,,,,,0.8574689746651998,0.9043352718755436,0.5904906589025676,0.1373194168273919,-0.2975828381621603,3.456062,0.4662855468303289,0.562545115137148,0.6502608911782253,0.773967808145142,0.458872959117567,0.5555176105879979,0.6441156296428096,0.7684973695692016,-4.689750777420437,-3.843917612101328,-3.073158779475329,-1.986145664929884,-4.779549324209771,-3.9259274503689774,-3.1433781225638056,-2.044766121877662,1.194967,0.8236874375687777,-0.4954954954954953,0.0607832312829723,-1.016016016016016,0.5222088835534213,3.580307,MA-BBOB,-100,MABBOB_305,305,305,lhs_target,305,modcma_bipop
993,5,5000,1.1443006679599497,153.35615929912532,38.37657303919605,21.216261974233284,0.2056265885138631,3.4762452748894943,0.0111234520835012,0.0748088822042701,6.725329658697364,0.5519348852262703,0.3730649592855311,3.819264784811332,0.7495894386285987,0.040722,-0.7260009974326344,1.0676618245098002,4,0.060263,0.099,0.0699999999999999,1.4142857142857146,0.2198,0.123,1.786991869918699,0.3392,0.1196,2.8361204013377925,0.325328,1.0,1.0,0.8333333333333334,0.8333333333333334,0.2004420826194836,0.2004440815385192,0.2000796115350387,0.2423280428281454,0.029066,,,,,,,,,,,,,0.6222269497812646,0.8866264897117732,0.480939015778512,0.1511718059811673,-0.3823562998681198,3.499768,0.7078462066605843,0.7701316430533118,0.8165172476855762,0.8591250194492065,0.6733322167525474,0.7464663751141712,0.794449364876039,0.8440723358087181,-2.567115068680346,-2.019821533671058,-1.612237626372636,-1.2378490151994956,-2.8854960029538885,-2.239493144839144,-1.8156535981558195,-1.3773278996204432,1.049356,0.8028716863833316,-0.055055055055055,0.0636507908129557,-0.9559559559559556,0.507202881152461,3.81021,MA-BBOB,-100,MABBOB_993,993,993,lhs_target,993,ng_MultiBFGS
812,5,5000,0.697029294423982,138.0091599359734,46.23466053093684,26.33605593518219,0.4487189827500625,3.638862300327678,0.027689748251816,0.1327058829590635,4.792599837030294,0.6321469678303481,0.5079635341061124,3.867486540354048,0.7428582318388293,0.044753,-0.9425951310987088,1.0056874060326946,2,0.067737,0.0948,0.0616,1.5389610389610386,0.2,0.1101999999999999,1.8148820326678767,0.2332,0.1244,1.874598070739549,0.328654,1.0,1.0,0.8333333333333334,0.8333333333333334,0.2004090856168639,0.2004052355431772,0.2030303617137968,0.278305590431931,0.038192,,,,,,,,,,,,,0.6807117053657229,0.882662268939811,0.4793754249473463,0.1589060780575567,-0.3778035207431224,3.509966,0.7659528713499675,0.7891523781230282,0.8198437435608927,0.8622370436284508,0.747685195679312,0.7665236448851881,0.8008869727168207,0.8501388019819364,-2.0565324861387,-1.852682348705332,-1.5830025178482652,-1.2104997689941115,-2.228240962775548,-2.0618749649153987,-1.7584057535154596,-1.3234532989592296,1.124386,0.7902485669245682,-0.0150150150150149,0.0636507908129557,-0.9359359359359356,0.4963985594237695,3.850162,MA-BBOB,-100,MABBOB_812,812,812,lhs_target,812,ng_MultiBFGS
149,5,5000,0.5465732760637049,11.19455551859947,5.62358342226649,1.7643089379571617,0.1593901501359553,1.7551150417615964,0.0037189560575107,0.0303983446275694,8.173891854994515,0.2455107512502577,0.7271832387071744,4.945193831462453,0.8982034444113506,0.05005,-1.1315712994621718,2.244667791254402,2,0.073047,0.1008,0.0788,1.279187817258883,0.2479999999999999,0.1528,1.6230366492146595,0.372,0.1474,2.5237449118046134,0.292846,1.0,1.0,0.8333333333333334,0.8333333333333334,0.2004690418596031,0.2004769677237805,0.1999664858206668,0.2333158258162807,0.034958,,,,,,,,,,,,,0.8795427337251256,0.9049247285308802,0.613879784660296,0.1379566816397325,-0.4078498186995917,3.55058,0.4964836312098982,0.5752277767369163,0.6528004912841121,0.7656104100523159,0.4821845394417125,0.5630242525687388,0.6431108052903449,0.7597742116695506,-4.424187433024302,-3.7322956085301175,-3.0506966573978023,-2.059483151997676,-4.573224262329905,-3.859266944343084,-3.151961361775246,-2.12161761729877,1.259552,0.8157413828854349,-0.4754754754754753,0.0401424249049932,-1.1561561561561562,0.4995998399359744,3.782691,MA-BBOB,-100,MABBOB_149,149,149,lhs_target,149,modcma_base
324,5,5000,2.6300565439057686,2156.7814770954324,501.2017965595733,330.75246403507555,0.1643613302359695,5.9161850419306665,0.0258325044705229,0.0787143044712421,3.04710310071026,0.3611851376656905,0.2072911594172868,3.3773217919581167,0.4435650915299207,0.033417,-1.416019954769442,3.297536782509594,3,0.096887,0.1,0.0692,1.4450867052023122,0.2878,0.0808,3.561881188118812,0.2347999999999999,0.136,1.7264705882352935,0.314617,1.0,1.0,0.8333333333333334,0.8333333333333334,0.2003539285736415,0.2003556590106697,0.1995501071685116,0.2343668322818483,0.035293,,,,,,,,,,,,,0.5616391990767385,0.8491072482488878,0.3731017848457844,0.1880495080195419,-0.4723500931465493,3.457249,0.9078450551344742,0.9032819054972157,0.9113987123397924,0.9247083796418936,0.9097351629352936,0.9009403972126316,0.907891533078277,0.9209288933397928,-0.8097704514778057,-0.8498670924916514,-0.7785442746975253,-0.6615915130636374,-0.7970440770386027,-0.8747024006576307,-0.8133234423548359,-0.6982027473580619,1.245242,0.8383060060220634,0.3053053053053052,0.1330834724654076,-0.6356356356356354,0.5978391356542617,3.720822,MA-BBOB,-100,MABBOB_324,324,324,lhs_target,324,ng_Powell
327,5,5000,0.6915884337302528,92.82320295798417,26.447696611026267,13.964283024666788,0.0856743522694338,3.123888919254018,0.0112328604526531,0.0449920197331183,4.0053929204195935,0.4124297793038409,0.2988984137869461,4.540496429701981,0.6760278048358479,0.045541,-0.9847962960035724,1.4412542085294158,2,0.064166,0.1,0.0726,1.3774104683195594,0.251,0.1288,1.948757763975155,0.3888,0.1276,3.047021943573668,0.327026,1.0,1.0,0.8333333333333334,1.0,0.2004375515439901,0.2004429201840283,0.1991832216944612,0.2157537443880853,0.035911,,,,,,,,,,,,,0.626493255389937,0.8791339824696117,0.4590765719889996,0.161235245020318,-0.4315945593234156,3.45159,0.810467126791425,0.8462441201294212,0.8511023127342132,0.8787340078480156,0.7847036989973009,0.82997750307505,0.8370542903785195,0.8636791816084733,-1.6654287246710515,-1.3510556484928973,-1.3083666237499374,-1.0655664278006205,-1.9015267649133936,-1.5016622535291235,-1.4391590874065532,-1.2040043585474152,1.156442,0.8047014364717369,0.0250250250250249,0.0636507908129557,-0.9359359359359356,0.5152060824329732,3.64192,MA-BBOB,-100,MABBOB_327,327,327,lhs_target,327,modcma_base
714,5,5000,0.3472029763086896,299.68814677088807,64.69826353933283,44.0246659881873,0.2554199556951582,3.896105738782421,0.001621497836551,0.1463379116485933,90.24860123147369,0.4339467259632074,0.3659218077625953,2.1512310181737875,0.6006443322148334,0.040545,-0.9594352121561608,1.0634928403142323,1,0.100023,0.1,0.0732,1.366120218579235,0.2752,0.1326,2.0754147812971344,0.2662,0.1316,2.0227963525835864,0.329792,1.0,1.0,0.8333333333333334,0.8333333333333334,0.2002429652362832,0.2002387168261042,0.2012636296886081,0.25102409458499,0.033273,,,,,,,,,,,,,0.634493184299009,0.8799041031659954,0.4656774452953972,0.1610125040359451,-0.4097782138256304,3.45979,0.8347341899720476,0.834862437365989,0.8408797998326885,0.8707380398411535,0.8167038461583738,0.8180700236415841,0.8259041155070411,0.8589852208227196,-1.4521597802190709,-1.4510328943412958,-1.3981594551486225,-1.1358006814791786,-1.6187786072221062,-1.6067132210307502,-1.5375264975069616,-1.2453709641478072,1.222149,0.7960454440405568,0.1451451451451451,0.0839312949816636,-0.8158158158158154,0.4955982392957183,3.661807,MA-BBOB,-100,MABBOB_714,714,714,lhs_target,714,ng_MultiBFGS
388,5,5000,0.3677890906486248,75.57815328676178,21.710240735507217,13.120198926956968,0.213764294451302,2.900546528046711,6.293849246549743e-05,0.0783012309255336,1244.091300223913,0.3778315227746653,0.4803213048539246,8.25355964450054,0.7348049658942317,0.056707,-0.7936045181567302,0.5905351489217097,2,0.117383,0.1,0.0873999999999999,1.1441647597254003,0.2728,0.144,1.8944444444444448,0.3463999999999999,0.1611999999999999,2.148883374689826,0.315162,1.0,1.0,0.8333333333333334,0.8333333333333334,0.2003985266282828,0.2004021258477806,0.2004253952811578,0.2439399127031042,0.036559,,,,,,,,,,,,,0.6810840826086404,0.8850716018768653,0.4743431781064935,0.1548693642337851,-0.4109966230225655,3.453468,0.6928544152046693,0.7547212986958791,0.7867947139785627,0.8437192759057177,0.6636904230416397,0.7345641309239297,0.7679850639805709,0.8319179844263159,-2.6989183257166207,-2.155287963194348,-1.8734557228499629,-1.3732540238056306,-2.9703090586992307,-2.344347650016439,-2.049171696045277,-1.4845117940984285,1.13517,0.8027422171999772,-0.0150150150150149,0.0878909065341995,-0.8358358358358354,0.5046018407362945,3.883414,MA-BBOB,-100,MABBOB_388,388,388,lhs_target,388,modcma_bipop
182,5,5000,1.257433638563839,49.85564807451362,22.770186998953648,8.24517907719133,0.6418870415987012,3.028526144295073,0.0234357559332771,0.0787742700802419,3.361285648498663,0.7468904468862464,0.7519762875148499,2.7500199770674074,0.8882498097796624,0.056076,-1.4389373978767073,3.5954670338237813,3,0.098836,0.0744,0.0413999999999999,1.7971014492753623,0.1374,0.0871999999999999,1.575688073394496,0.1838,0.1356,1.355457227138643,0.319566,1.0,1.0,0.8333333333333334,0.8333333333333334,0.2003612280536428,0.2003346513286832,0.202435440309548,0.3003946709003689,0.038769,,,,,,,,,,,,,0.8019651005215875,0.896453234181554,0.5505085345400573,0.1446442902237337,-0.2901128676060734,3.551545,0.5020306741712386,0.5804238895237017,0.654258974558872,0.7790421656972922,0.4886831305382362,0.5705566106300942,0.6470689407636225,0.7730440446994041,-4.375362721963447,-3.686567781557884,-3.037822443482632,-1.94142615054625,-4.515443160325416,-3.792417835379697,-3.11673686646178,-2.004249766169374,1.187322,0.8144205542499579,-0.4154154154154152,0.0401424249049932,-1.1761761761761762,0.5098039215686274,3.64452,MA-BBOB,-100,MABBOB_182,182,182,lhs_target,182,opy_SAVPSO
691,5,5000,0.0070291269166192,137.12857696735767,36.119592875097766,24.963407898780456,0.4437577368534504,3.2164032142623675,0.0329163881476847,0.2158589873183353,6.557796874609966,0.5825211186598672,0.488275521178976,16.6949036245206,0.6914514126945831,0.054951,-1.628896253461113,2.1718378627273403,2,0.088986,0.0807999999999999,0.0546,1.4798534798534797,0.1846,0.1401999999999999,1.3166904422253924,0.131,0.1036,1.2644787644787645,0.308888,1.0,1.0,0.8333333333333334,0.8333333333333334,0.2002771824013796,0.2002748349659702,0.2088650895691505,0.2778090025273199,0.036368,,,,,,,,,,,,,0.7001370615906759,0.8644942113818573,0.4918959334102384,0.1741846463084406,-0.2807715534261952,3.517189,0.5146110263721825,0.5823618966511569,0.7044252882396281,0.8420463787385205,0.5034922044335722,0.5761300853763816,0.6871168555115394,0.8303759703353876,-4.26499431470548,-3.66968397134004,-2.597142773571342,-1.3878998767365998,-4.384586122460265,-3.743131854086844,-2.7630242778177934,-1.4979244498161035,1.239893,0.8216224664074432,0.3653653653653652,0.0878909065341995,-0.8758758758758756,0.5672268907563025,3.891344,MA-BBOB,-100,MABBOB_691,691,691,lhs_target,691,modcma_base
731,5,5000,0.2056640199220817,415.6817384864684,114.17711782735616,77.11192155170058,0.6367090260768331,4.435128996050326,0.0204670957779493,0.2096845729459438,10.244959774500686,0.6537131701864252,0.6635142483741708,1.472441145703968,0.7517503165251598,0.041672,-1.1224095267138068,1.516140434260576,3,0.058995,0.112,0.044,2.545454545454546,0.1663999999999999,0.0714,2.3305322128851533,0.0656,0.0616,1.064935064935065,0.321846,1.0,1.0,0.8333333333333334,0.8333333333333334,0.2003531842450754,0.2003507557405682,0.2091786309687965,0.2998210040389126,0.024476,,,,,,,,,,,,,0.6875456597919384,0.8892121993755278,0.5094956485011924,0.1497128441556053,-0.328904222741437,3.461614,0.7912947649886501,0.8001983887026829,0.8153991201991774,0.8507150321374513,0.7823541257089596,0.7875807169981904,0.8054391373303891,0.8405836287771589,-1.833889368020043,-1.755653377125383,-1.6220848067153852,-1.311764486182886,-1.9218063809237265,-1.875655740472383,-1.7179664377946606,-1.4076416584404496,1.159055,0.7915179958427754,0.1451451451451451,0.0607832312829723,-0.9559559559559556,0.4933973589435774,3.850021,MA-BBOB,-100,MABBOB_731,731,731,lhs_target,731,ng_Powell
268,5,5000,3.715115365468298,56.35491287906108,25.563362230445563,9.10980088605934,0.4772609738421666,3.037146826420108,0.0058996144752872,0.1042379623634311,17.668605770778914,0.4826988195804262,0.5229737063399482,3.2309292313393096,0.6294621021418719,0.041807,-0.8832279191414277,1.538557159065939,5,0.073713,0.1018,0.0955999999999999,1.0648535564853558,0.2471999999999999,0.1793999999999999,1.3779264214046822,0.1657999999999999,0.1667999999999999,0.9940047961630696,0.319212,1.0,1.0,0.8333333333333334,0.8333333333333334,0.2003802417462042,0.2003664682303427,0.2013597877270807,0.281823265030296,0.035861,,,,,,,,,,,,,0.623907781126643,0.8388890772429138,0.4056013446895891,0.203321781841725,-0.4751235767006171,3.432019,0.7058125319626458,0.7717394582298598,0.8151922880001303,0.8762103257478991,0.6928270756083222,0.7603620320758621,0.8078785508495506,0.8722302046700686,-2.5851303704239337,-2.005806919091757,-1.6239713818086925,-1.087784087435561,-2.7133328661636025,-2.116780232622739,-1.6970553095044103,-1.1286215595279607,1.253139,0.8560270559888155,-0.075075075075075,0.0878909065341995,-0.7957957957957954,0.6340536214485795,3.894125,MA-BBOB,-100,MABBOB_268,268,268,lhs_target,268,opy_SAVPSO
476,5,5000,1.218150029669275,42.032451580622016,23.80923162349622,5.572083062276988,0.1840998825732266,3.1301308318061216,0.0020575609855688,0.0254228907028348,12.355838238158745,0.227487366204781,0.3574682978480408,2.8035718513922574,0.4254176140460752,0.041741,-1.0813369408927835,5.210095902715278,4,0.072026,0.1,0.1,1.0,0.2599999999999999,0.2346,1.108269394714407,0.3372,0.2834,1.1898376852505297,0.317348,1.0,1.0,0.8333333333333334,0.8333333333333334,0.2003755780928969,0.2003466621832078,0.2002206036528871,0.2384329009830043,0.031252,,,,,,,,,,,,,0.5541871517352085,0.8467287528897491,0.3648746257796314,0.1903989257109475,-0.5889090882124648,3.479615,0.6983137273137767,0.7630405760561642,0.8102383148290796,0.8688989510278475,0.683837084037618,0.7534887089384226,0.8015562463233493,0.8610058634799569,-2.65090483045196,-2.0821526811966,-1.6674280979880614,-1.151979508060224,-2.792465283517388,-2.1772769275901096,-1.752727043227476,-1.2276465114930757,1.196055,0.8570735456075956,-0.2552552552552551,0.0636507908129557,-0.9159159159159156,0.6402561024409764,3.913936,MA-BBOB,-100,MABBOB_476,476,476,lhs_target,476,modcma_base
