{
	"version": "0.3.14", 
	"suite": "unknown_suite", 
	"function_id": 13, 
	"function_name": "SharpRidge", 
	"maximization": false, 
	"algorithm": {"name": "DE", "info": "algorithm_info"},
	"attributes": ["evaluations", "raw_y"],
	"scenarios": [
		{"dimension": 23,
		"path": "data_f13_SharpRidge/IOHprofiler_f13_DIM23.dat",
		"runs": [
			{"instance": 0, "evals": 2301, "best": {"evals": 2052, "y": 1085.2697185780935, "x": [0.006451673026418581, -0.5968292167451525, 0.6445373807477265, -3.152396497949223, -2.8847882045340674, 0.07711572333927497, -0.922820740661777, -3.0545522214698004, -1.801834139774311, -0.5163964967394866, -1.3718640257176826, -4.922951565147531, 1.0045284082064025, 1.017815263079295, -1.130009484871728, -0.6506131547974312, 0.49408185999843734, 1.796033775062257, 1.663803520991351, -0.16901528210327377, 1.323008267117511, -0.48967225470053144, 0.8142421102066209]}},
			{"instance": 0, "evals": 2301, "best": {"evals": 2059, "y": 1108.370296625167, "x": [0.7745579486684133, -1.5049613075949473, 2.0706863779889715, -0.751384335118241, -3.0166430297990137, -2.8151153899333394, -0.3344567696087891, -4.595464821187182, -0.6803101535032463, -0.7696154151839933, 0.2535783846540802, -2.6165850803126793, 2.763380011459882, 1.305891346535752, 2.5002302439684154, 1.6450858983258467, 1.6641617490430973, 4.366130459038578, 3.1354971800612947, 1.3578816309970227, 1.2824799861676328, 2.323035286034889, -1.1398826743725823]}},
			{"instance": 0, "evals": 2301, "best": {"evals": 2165, "y": 1276.343447505962, "x": [2.2363057447533974, -1.4327883050752601, 2.8227555862246323, -2.1485304305892394, -1.0208145512595093, -0.21944786204114153, -1.2355096814238005, -1.7548543413019633, -0.5272470524403841, -2.434728593291391, -2.9091685570616237, -3.0349975318388216, 1.007038103299437, -0.8831705883208649, 1.4750456568256705, 2.1512538142141455, -2.3402931407960454, 1.1795152633433046, -0.5929248266029781, -1.8444987432663758, 1.3449952939526755, 2.174471862273094, 1.46818184174966]}},
			{"instance": 0, "evals": 2301, "best": {"evals": 1879, "y": 1118.2675518223493, "x": [1.2169207041561205, -2.758713048262605, 0.7902905781745289, -2.916047170605124, -2.7366446383332153, -1.1129117353966471, -4.234187196297931, -4.3588276364047385, -1.8737569093507838, 1.4870467162786596, -1.6634176182968412, -3.278907277894746, 2.4713020306521587, 1.3912184450004466, 2.836014235751777, -0.2688774730859178, -0.15243181444229248, 1.4060314572624883, 1.6995486002165747, -2.035154480134774, 2.0126970925494527, 4.192241902427462, -0.7894961820457089]}},
			{"instance": 0, "evals": 2301, "best": {"evals": 2079, "y": 1289.6059626492545, "x": [1.9588989269225725, -2.520195609628957, 1.6741323253030547, -0.9527748949376242, -2.198379042209403, 1.4298351933662357, -3.1173193335122207, -2.667640623000091, 0.18352627432262913, -2.7073064603731627, -1.4533171181661682, -4.696103063829539, 2.3834618362322737, 1.1769006942319664, 3.0596289976864313, -0.17503447193347932, -2.906530196503001, 2.7222853426086076, 1.1225299639647317, 0.6063908851106741, 1.400146931902142, 1.3479279903833952, 3.205095350229952]}},
			{"instance": 0, "evals": 2301, "best": {"evals": 1872, "y": 1139.889599940638, "x": [3.095871510346548, -2.1547354860117847, -0.18404696024296152, -0.48646348863802036, -3.2824954650628713, -0.2324096172659582, -0.32760980729633316, -3.063485818133999, -3.09067543419597, -3.0428554640310885, 0.9648042131173735, -3.81043034146068, 1.0050711482002423, 3.461378300765726, -0.7259439275692827, -0.23493220594118336, 2.4901853692267055, 1.9933313066252327, 2.1399916109437793, 0.7401749216729592, 4.28014998318575, 1.8568680810728273, 0.7068949746809816]}},
			{"instance": 0, "evals": 2301, "best": {"evals": 1781, "y": 1125.6795340972128, "x": [2.8698552374347135, 1.115254596196425, 2.013234164296426, -1.8169273806067832, -4.552509030898406, -1.4885088475684283, -1.1016446349995612, -1.7847043683730546, 0.3451092354689673, -2.0082285085266616, -0.06724125359535682, -4.055467050125266, 1.3281092764694051, 1.4499407225820984, 1.5513223933385394, 1.7260145947707244, 0.4030623344724509, 1.873861698169335, 1.3282254633497557, -0.1344328870504441, 1.5884535664104797, -0.28203360245922704, 2.7578969296156632]}},
			{"instance": 0, "evals": 2301, "best": {"evals": 1687, "y": 1256.2492429081115, "x": [0.33095147508830935, -2.770904877484397, 2.8528827828937904, 0.4624149500925381, -0.4182622329212926, -2.2506291943178764, -3.517026837777765, -2.2555319126405857, -1.428238781007765, 1.1798635078203348, 0.24833541156787442, -3.1211802744706514, 0.2228336014431178, 3.588038147677253, 3.23295397357191, 1.3267190085190617, -0.4613245384953446, 2.342058608720906, 2.862749236798576, 0.6166633807918265, 3.565345958228005, 2.673075576315764, 1.8529665579761068]}},
			{"instance": 0, "evals": 2301, "best": {"evals": 2255, "y": 975.7915709867752, "x": [2.7740882718532984, -0.04737977804897642, 1.2492508004724763, -1.9687169034394474, -3.99216581402927, -1.7105124188545284, -0.2789877194406565, -2.8230250083267414, -2.1284727447823335, -1.7385188550459838, -0.2073401130178225, -1.7523135121054316, 0.8582719429720612, 0.9719131901905371, -0.5296947603813742, 1.4699122751694125, 1.4579549684021522, 2.989242578303251, 3.085414322026539, -0.047186958665504375, 2.8675178910294603, 3.5171687221352013, 0.609543541146643]}},
			{"instance": 0, "evals": 2301, "best": {"evals": 1697, "y": 1102.948620740978, "x": [1.3523003180511624, -1.5978283083428844, 4.833589452408862, -1.967973701191168, -2.955460025797021, -2.7667009209011506, -1.7166480135966813, -3.2919738664430382, -3.9691936194764206, -2.026498657321004, -0.259664773317299, -3.8011281561302996, -0.2907769148575521, 3.5233614181908033, 3.331939779258978, 1.672806826672806, 1.7460044699247428, 2.391516405222599, 1.2353155176409474, 1.0921425901889759, 2.9467220467715465, 4.782925499274702, -0.22311716193059716]}},
			{"instance": 0, "evals": 2301, "best": {"evals": 2191, "y": 1049.8647276293427, "x": [2.00492987853571, -0.4704889770802927, 1.485077025913884, 0.19851557482448523, -0.9210784597468236, -0.8651898631862606, -2.2269557402235733, -2.0513178788523927, -1.6940553634151092, 3.200362224699841, -1.0829917702697651, -4.204343711692507, 0.02552860290375336, 0.5650608682897609, 3.7464585064843225, 4.79815198996933, 1.8416688668984205, 2.5329188393608453, 0.5905137499513216, 0.5253316883146733, 3.353127348280137, 2.424089692337604, 2.1753017975498756]}},
			{"instance": 0, "evals": 2301, "best": {"evals": 2274, "y": 1127.4656104572093, "x": [4.16348479987481, -0.15648715913292421, 1.3667050164297567, -1.3550380067512888, -1.1774846208813972, -1.2812621907342807, -1.939917400255997, -4.183369679568211, -2.9488058048261525, -2.741580872579255, -1.2307682954930539, -3.5113257417503627, 2.313147658858343, 1.862890558927341, 1.5727675731653492, 4.488429347512755, 1.1862794284245881, 3.024669146344068, -0.20772313941433973, 3.115422106932566, 3.0126125567243394, 4.193809140199614, 0.09820297975795778]}},
			{"instance": 0, "evals": 2301, "best": {"evals": 2293, "y": 1038.3564218093975, "x": [2.030816381220483, -1.5351380187773096, 1.9705397996239902, 1.4315796153050968, -2.1022858431416385, 0.05878339526118648, -1.6678317968835727, -2.2748338750883184, 0.24556274374284914, 0.41670164738357296, -1.6420371294194878, -1.50606271866159, 1.3584760987498565, 1.782451291412607, 0.9116864870765078, 1.6046528191312583, 0.26680237737832313, 3.1822712947772303, 1.9529570607922457, -2.1185503752985793, 1.642051757558356, 3.7639986019583755, 1.756345536032192]}},
			{"instance": 0, "evals": 2301, "best": {"evals": 1964, "y": 1133.8648819707273,