{
	"version": "0.3.14", 
	"suite": "unknown_suite", 
	"function_id": 22, 
	"function_name": "Gallagher21", 
	"maximization": false, 
	"algorithm": {"name": "DE", "info": "algorithm_info"},
	"attributes": ["evaluations", "raw_y"],
	"scenarios": [
		{"dimension": 23,
		"path": "data_f22_Gallagher21/IOHprofiler_f22_DIM23.dat",
		"runs": [
			{"instance": 0, "evals": 221, "best": {"evals": 219, "y": 82.66477783643656, "x": [-2.420583722848444, -2.168306092921425, 0.3068715993917852, -3.003262178416403, 0.29650578356006463, 0.9241456886204249, -4.068972321941008, 1.0754485190143832, 2.0499388622768078, -4.349484070147205, -1.609702089512993, -1.507904253873391, 3.0839734811646107, -1.7690967159132993, -3.3882164425218795, 1.9765763058881332, 1.4203164615428774, -1.242975383815457, -0.048230898887298146, 0.6711592100322497, 3.7478493347473516, -0.01283091937687697, 1.322711912538432]}},
			{"instance": 0, "evals": 221, "best": {"evals": 219, "y": 78.73381429107413, "x": [2.620405451455974, 2.769463883925212, -2.562143202762237, -0.44528829270632375, -1.2909845911127666, 0.719068195653183, 3.581734506007369, -0.22294632972662365, -3.057423617637225, 2.897617737346345, 1.6350206940525709, -3.0816388539898942, 0.6949725851857593, 4.090851333548913, 1.3634548071243442, 3.482518693749829, 2.9243665497474107, 4.122082367815256, 2.693957768408022, -3.2170158932907045, 4.3370795399647815, -2.3608138273927692, 2.8804058299982382]}},
			{"instance": 0, "evals": 221, "best": {"evals": 72, "y": 81.51550037754544, "x": [-0.42793412945515086, -3.5264723398326137, -0.842480040761407, -4.85771776270834, -1.049671860421101, 1.7953608214851162, -3.379775836355603, 0.2008993760583433, 1.0089071774059366, -2.6040511703460867, 3.1787663788808995, -3.7135036911760135, 2.5771957698208268, -4.523847724294483, -4.040442450534101, -2.1347516764782113, 0.7944841924868973, -0.7405659581842043, 2.3049814610091826, -0.014855390109429933, -1.4999303568932012, 0.7336247128786888, -2.745426132623413]}},
			{"instance": 0, "evals": 221, "best": {"evals": 177, "y": 83.00533171585916, "x": [1.475547776534225, -0.9331981590334149, 2.0400215398907817, -3.005755154645475, 2.09110362957773, -1.9911894981984055, 0.4300077524072896, 2.8870952281362285, 0.4417021576537872, 3.595595326534653, -0.7128382415213714, 2.8074007597872903, 3.3711538840031223, 0.9238176990436897, -4.322427172213981, 4.078261449292853, 2.148388192022801, 3.9887904057932477, 0.09596257203532055, 1.582123421689337, 3.973359353119619, -3.2239059765337483, -4.064108679275774]}},
			{"instance": 0, "evals": 221, "best": {"evals": 180, "y": 80.58246851786684, "x": [-0.122795122212487, -0.5821157255678173, 2.665261767144367, -2.688846951518883, -2.010519299971561, 3.903921349668325, -1.659369902320769, 1.819604340139195, 2.2352029983932584, -4.659074353027342, -1.1532075422806445, -4.190805878243207, 1.1766453016401162, 0.2113344601629512, -2.406906745141754, 1.522105151031023, 0.39264656504572404, -1.1050479872448769, -0.576082358311305, -3.9275012961005857, 0.7243414365722298, 0.552142176978196, -0.2913584606948323]}},
			{"instance": 0, "evals": 221, "best": {"evals": 174, "y": 76.65973215453997, "x": [2.9453420256612457, 1.9475751671437287, -2.213908528272592, -3.7939117664808375, -0.8354228100488683, -2.52098052191589, 3.0331291220722054, 1.1445892597336291, -0.6115986728384657, -4.171167376965377, -1.7282305747145612, -0.7936034243468217, -0.14183713826579414, 4.293245985612092, -3.9129060019985715, -0.47190396715404237, 3.5844610558962655, 3.8750252868933255, 3.6186401628290525, -3.2349559091041513, 4.996956093547604, 0.1406324647149635, -1.5416970955036802]}},
			{"instance": 0, "evals": 221, "best": {"evals": 214, "y": 79.97651933477711, "x": [-3.6099399081111367, 1.015587589251739, 0.5963302428673156, -3.859758611596982, -2.237436543982314, 4.351089863388404, 1.2545061855895012, -0.33577172122352916, 0.8015590996077417, -3.717844666855375, -3.4546199630704666, 3.6483043070322534, 4.595068102982129, 4.244793909860656, 1.822708467975981, 0.3086869338788083, -0.6065112298861948, -4.209202930092046, 1.1175824254191533, -0.7600130164201788, 3.437045941731477, 0.21680032513436398, -3.883584284616348]}},
			{"instance": 0, "evals": 221, "best": {"evals": 175, "y": 79.19183642964467, "x": [1.0830106861709918, 1.441704402114242, 1.0254104506060857, -0.7830265906393832, 0.6246034345798552, -1.9694301593910568, 3.388662924098707, 1.3312810068482939, 0.4570360699472191, 0.5121790189647326, 3.3501000634212237, 1.048683134242375, 1.3250641001735524, -1.1859026473781036, -3.039858226834225, 3.9436018922695233, 3.1310135819184577, -1.3435073979956362, 2.8727983477014094, -1.662577526791586, 4.097611223018917, -1.7491610655101195, 4.483829802190453]}},
			{"instance": 0, "evals": 221, "best": {"evals": 116, "y": 80.34105411833129, "x": [2.1357646723656307, -0.6924045877800697, -1.600569208385236, 0.49501532842183993, -1.1627350984249851, -3.0604958092764165, 0.7489420933447333, 3.6094634310275353, 3.8796551923388964, -3.4212828590559075, 0.046277796275297156, -2.2239286078859664, 0.37389246724918923, 3.747049111015869, -3.0049229715065784, -1.546343298091899, -3.1077113511005225, -1.6514826608294593, -0.6549661797137594, -1.8640708267920658, -1.207314182291619, -2.016785537278262, -1.6024837130418867]}},
			{"instance": 0, "evals": 221, "best": {"evals": 114, "y": 81.2195026585511, "x": [-2.2847142431729006, -0.9302386749998894, -3.9518923229054534, 4.40295163820269, -1.0902969707053582, 1.9691416727466575, 2.8742249062935565, 4.656495704762539, -0.8089734448779351, 1.0485733216924817, 1.2016008063533148, -1.67466604462575, -4.085466358279351, -0.9911305941260333, -0.2590566627608306, -2.1275364106496983, -3.0090598859298145, 4.501298860793924, -2.705335245501499, 3.95292853671372, 1.8465345228665058, -1.626799552648177, 1.7446595715200868]}},
			{"instance": 0, "evals": 221, "best": {"evals": 211, "y": 80.03994256402521, "x": [0.7656223238612139, -0.8804121053700058, 1.3378370336684413, -4.210235900014675, 4.63844262976363, -0.018249941086705412, 0.24030029141539977, -1.2057711969792817, 0.16231446390797455, 4.8296154075836455, 4.807869938546315, -4.263710677776535, -2.2896120377299383, -3.536415493973034, -0.2575907794815375, -0.30680792095287224, 3.0311077164933513, 2.2095414263410937, 1.9862542738463294, -3.776303462922976, -0.7696325813648142, 3.7230031450295034, 1.660913177090527]}},
			{"instance": 0, "evals": 221, "best": {"evals": 218, "y": 76.97198166030648, "x": [-1.2399187214614593, 2.230905301948799, -2.5312813083459864, -3.1328680154380684, 2.25901068076631, 2.7124904542281367, -0.376045126303576, 3.245808011264021, 1.3214419237708954, -1.9514387167680587, 3.3008211051079264, -0.5574315372232146, 1.36925911687266, -1.4355332677595274, -2.280667382730549, 1.8595965023855903, 4.66488769476209, 3.1164229768228924, 4.284003994199125, -1.8988573606285226, 2.648036840103259, -2.6972630487131055, -1.3079364365194701]}},
			{"instance": 0, "evals": 221, "best": {"evals": 200, "y": 75.98957899422457, "x": [-2.6225273131028306, -1.2682838639072551, -0.03220330793271353, 1.323844159768288, -0.7219255333927506, -4.689564841891415, -4.413951884461133, 1.2697735913842902, 1.6006991661607706, -0.9551103307838988, -2.1839176868112076, 1.5514402598865598, 1.6130408429824805, -0.5864849017144502, 0.4098620587182631, 4.451930737960634, -2.0183969871950955, 4.75466898919564, 3.1690953192585507, -0.9366619166189607, -3.45463708026692, 1.2002228948397642, 1.6334754285334476]}},
			{"instance": 0, "evals": 221, "best": {"evals": 158, "y": 76.27206098916311,