{
	"version": "0.3.14", 
	"suite": "unknown_suite", 
	"function_id": 18, 
	"function_name": "Schaffers1000", 
	"maximization": false, 
	"algorithm": {"name": "DE", "info": "algorithm_info"},
	"attributes": ["evaluations", "raw_y"],
	"scenarios": [
		{"dimension": 23,
		"path": "data_f18_Schaffers1000/IOHprofiler_f18_DIM23.dat",
		"runs": [
			{"instance": 0, "evals": 221, "best": {"evals": 199, "y": 59.94251175002999, "x": [1.0929166131878771, -0.38298181723577995, 3.540271433171414, 2.2649730408713746, 4.867919955168412, 0.03131465929887178, -1.0178106451789832, -0.7737662951102267, 1.0970319433740996, -2.324875041674184, 4.0553883792890115, -0.3186812783256201, 2.259556788702394, 3.9711025995257714, 0.6574035126470654, 3.9244627676581114, 0.6950227106715396, -1.242975383815457, -2.1843532789793585, -3.1655780359656545, -4.177001702200842, -0.6317784589333755, 2.113151557377733]}},
			{"instance": 0, "evals": 221, "best": {"evals": 154, "y": 41.32185289195443, "x": [3.4034817758850817, -3.6612011726650504, 0.0039808629890001335, 0.7277027668694576, 3.194956853860523, -3.351121210645345, 1.9551362556365146, 0.9634649749677591, -3.057423617637225, -2.5334355315522217, 0.25334885042091804, -4.008538877223761, -1.0301607480277846, 2.4168412899182314, 4.487049182391807, -2.9411801182167885, 2.1124355259457603, 4.6203237780374256, -3.70142986582119, -0.5275598831492925, -3.531433259297871, -2.3608138273927692, 3.058664868205264]}},
			{"instance": 0, "evals": 221, "best": {"evals": 174, "y": 55.407405917684116, "x": [-0.7739372112466061, -1.4836502666215123, 0.41464474254773265, -2.8132020341975794, -0.3246851898742702, 2.0457506138828343, -0.1512781666173615, 2.9716097204592615, 0.6913737226320302, 0.12433232569315145, -4.462843611431901, 3.1948072170062183, 2.451116087959329, 3.991647846039281, -0.35911568587867526, -1.2685926466813553, -1.668958721966174, -3.801066128551266, -4.826661424527572, -0.45106808863253534, -2.865384838610312, -0.7361010523057487, -2.2494555231949964]}},
			{"instance": 0, "evals": 221, "best": {"evals": 173, "y": 49.61481072816403, "x": [1.9536811866814587, 0.21818287586862928, -2.163969727403673, 3.030193822993665, 1.0254119974901093, 4.705422561557597, -2.0213398012421653, 4.321171996307606, -2.114337724094203, 0.23921084334386222, 4.636832722605021, -2.330883398489929, -0.40577711530879645, 3.097679834463162, 2.7789014239217513, -0.3289516697448205, -2.0792050501027664, -0.7078294815973551, -4.915480377001499, -1.5834437039999552, -4.07022007487174, 0.14170546707601872, -1.2452238349039693]}},
			{"instance": 0, "evals": 221, "best": {"evals": 179, "y": 45.72356364144198, "x": [1.5200842527491591, 3.77925240650785, 1.323739558476023, 3.9871337908273774, -1.1395973011348144, 0.1600381759512124, -0.2390535524679187, -4.589217719958815, 2.6751176500144487, -2.455216620519356, -1.4782729220906106, 0.11266394667451873, -3.85144947297984, 4.229811327341476, 1.5473996286685168, -0.7227448464568074, -4.18605911992106, 2.429607627857384, -3.1550989521374886, 1.506713117736628, 0.3562850071891033, 0.49306911710933, -0.1557933781736951]}},
			{"instance": 0, "evals": 221, "best": {"evals": 71, "y": 58.82389898910977, "x": [-1.9317800495042645, 3.7187586779459423, -2.435846659115623, 0.9355008950433721, 2.3022333658556606, -3.019004279688006, 0.039699271799209956, 0.21144463952089998, 2.769014420730129, 3.5049018858256353, 1.4164449709122025, 3.3321341817080334, -1.1668379529638262, 4.328816129783709, -4.123216537053362, -3.2064031044967036, -2.6339065740902723, -0.20739124871114045, -1.144192318326261, -1.7834826169708795, 3.2355801206528554, -2.663635149595863, 4.103148519830838]}},
			{"instance": 0, "evals": 221, "best": {"evals": 117, "y": 67.89158337813491, "x": [-1.2023019195713678, -4.910346639670944, 0.3905857770954957, -0.922576357571883, -1.3762918076910284, 4.351089863388404, 0.20573521263295813, 1.904289936543221, 0.7952702104963252, -1.1627135794788241, -3.4546199630704666, 2.708982213861482, -0.5161691060349596, 4.362539388359757, 3.364540857421916, -0.8876826026483695, -0.6065112298861948, -4.209202930092046, 0.922103258312782, 0.20560641095459964, 0.5610042702390388, 3.3873723626363303, -3.7060806595197087]}},
			{"instance": 0, "evals": 221, "best": {"evals": 216, "y": 59.82629886134748, "x": [-2.041225603039477, 2.4485953214320046, -1.7991990116815937, -2.169911019871745, -0.6446921899869524, 0.4613750460242825, 1.9310862698321634, -2.292014134243, 2.0830419006632646, -3.7807133105375277, 2.088110926753038, -2.186930802974401, -4.023075500111122, 2.6060020324662814, 3.8279270199487314, 3.244583961993367, -1.7556764822015873, -1.7795271704492663, -0.4236759010387048, -1.9944278162338058, -1.7764466864424162, 3.1588735927898686, -2.1823875687580445]}},
			{"instance": 0, "evals": 221, "best": {"evals": 99, "y": 48.18230702046462, "x": [0.17113107051313747, 4.895332236756367, 1.3541194654125996, 1.1759932373280098, -1.930938847693926, -2.86071205654723, 0.884591228221657, -1.8549299403088462, -1.4396212346455366, 2.1475357070604417, -1.721133470934145, -3.0031760540804466, 1.3160962240269884, -1.7436747215906776, -1.1324579958357006, 4.0479076997822405, -4.081046347326951, 0.1650080605709121, -3.4987204738805424, 0.6669202444125677, -1.207314182291619, 0.35058171516252123, 4.036997826884809]}},
			{"instance": 0, "evals": 221, "best": {"evals": 175, "y": 34.68713807816921, "x": [1.6392948828716305, -3.162058310938841, -3.460078886393423, -0.07829851856158676, 4.967555582728661, 2.1126543694717004, -1.6363122237695285, 1.9020233039943335, 4.535457008247889, -1.0172620848957479, 0.10447564801545095, -1.4191535639046506, -2.724441769668103, 2.8000988724297526, 1.4906267196628695, -1.33109612649036, -4.85620016822044, 2.6367339533714684, -0.22628570543496274, -4.269146746810067, -3.7549762161184908, 1.2837787274680554, 0.46332354468014536]}},
			{"instance": 0, "evals": 221, "best": {"evals": 11, "y": 52.13120505692837, "x": [1.936795276927338, -0.8804121053700058, 1.1830926873322625, 4.462872805663634, -0.008107714607755945, -0.018249941086705412, 2.7516652342729557, 2.560766551830006, 0.16231446390797455, -4.352796511032095, 4.807869938546315, -1.2267957897072646, 3.923491155066434, 4.8154683328414745, 3.721352168939731, -1.6978335816250691, -1.9169094424703204, 2.2095414263410937, -1.6568409750492155, -2.4856803683559505, -0.7696325813648142, 0.657102377839001, 2.6249762125494414]}},
			{"instance": 0, "evals": 221, "best": {"evals": 152, "y": 45.55654293768228, "x": [4.87224104261654, -2.455083207855555, 4.954739500762209, -3.4320251842276948, 4.713762221157648, 1.0400171561078486, -2.5008514234773807, -0.42409430109170465, 3.4258587920689605, -1.8211452695455645, 1.0456416677264713, -1.5094289695755103, 3.362554560840394, 4.929533204219602, 1.6150679499468055, 4.763611042994448, -3.687500304956972, 3.29283120346447, -3.309530166302068, -3.8379125832220558, -2.579744996654129, 2.6861790472304024, 3.9441608546151903]}},
			{"instance": 0, "evals": 221, "best": {"evals": 192, "y": 64.9571229614138, "x": [-0.01036298126932711, -1.3798562346078729, 3.3374206648811935, -3.908246805801114, 0.0705554466694136, 2.954437513900907, 1.5906871480231715, 0.17740747590909178, 1.2560673683690198, -3.8238593539319705, -4.470192720771107, 2.840506312574722, -4.103511117796581, 4.257575430324971, 2.724239955902858, 2.3701091191692796, -1.5663341699689681, -2.6669200110585587, 0.5842787282949853, -2.168527735828385, 2.127616793159553, 0.7140352675056305, -0.7465262707764175]}},
			{"instance": 0, "evals": 221, "best": {"evals": 153, "y": 41.422091627703125,