evaluations raw_y
1 6.727968681575911
2 16.070262088228144
3 17.116365104224045
4 21.395077240387238
5 18.582268009121492
6 14.884731018700073
7 15.099740305658745
8 13.485529980999813
9 13.23760646071581
10 13.469675183420701
11 17.410268974555006
12 12.621820590560969
13 17.649583478850243
14 18.608333141748403
15 18.430383284282634
16 18.71432316445214
17 12.93001697010277
18 16.052432934844255
19 13.308471554564452
20 20.68569035682545
21 16.235495628065856
22 13.99493926904524
23 13.862143547083313
24 14.987128862052447
25 13.564088717838585
26 14.72075115469031
27 11.007041697273333
28 6.674585546996413
29 16.437442007656333
30 20.7953680182905
31 18.71875787068988
32 16.348638376620706
33 19.397006578662207
34 17.391785008358156
35 13.668783035365319
36 17.586341738461147
37 12.886718317564224
38 11.307163191659583
39 19.491697232282068
40 14.935887709251867
41 19.151445560597637
42 14.923196626080971
43 15.562141107371703
44 17.365972235294358
45 18.8238029113902
46 12.728973040676276
47 18.38595346737736
48 25.385796808675458
49 13.06633879577081
50 19.792887741976372
51 21.693383353733083
52 22.11805518630044
53 18.2810363467529
54 17.5642867475524
55 18.412045060135057
56 15.638451669968468
57 21.30806309023152
58 13.247627919395407
59 17.70156627470308
60 19.851499110127126
61 6.727968681575911
62 16.070262088228144
63 17.116365104224045
64 17.391785008358156
65 13.668783035365319
66 14.884731018700073
67 12.886718317564224
68 11.307163191659583
69 13.23760646071581
70 13.469675183420701
71 17.410268974555006
72 12.621820590560969
73 15.562141107371703
74 17.365972235294358
75 18.430383284282634
76 12.728973040676276
77 12.93001697010277
78 16.052432934844255
79 13.06633879577081
80 19.792887741976372
81 16.235495628065856
82 13.99493926904524
83 13.862143547083313
84 14.987128862052447
85 13.564088717838585
86 14.72075115469031
87 11.007041697273333
88 6.674585546996413
89 16.437442007656333
90 19.851499110127126
91 18.20117876164083
92 19.43215334373326
93 18.000487557473516
94 14.277378432324175
95 13.907151174322443
96 20.00983011694549
97 18.10807117824107
98 14.581334691181421
99 8.934252219789066
100 18.155683923558268
101 17.826676077335254
102 12.485854214318474
103 8.601800506053461
104 13.685339818533116
105 16.299279160685124
106 5.166438586720665
107 19.915001187763796
108 9.249434491012613
109 5.7143442935433315
110 22.191371685541604
111 18.788713477361743
112 12.775731332846426
113 18.725160143545022
114 16.85483435410933
115 18.95611345255616
116 19.65737030420135
117 10.302738740304388
118 19.748612917296807
119 10.60751790943123
120 21.145060296950337
121 6.727968681575911
122 16.070262088228144
123 17.116365104224045
124 14.277378432324175
125 13.668783035365319
126 14.884731018700073
127 12.886718317564224
128 11.307163191659583
129 8.934252219789066
130 13.469675183420701
131 17.410268974555006
132 12.485854214318474
133 8.601800506053461
134 13.685339818533116
135 16.299279160685124
136 5.166438586720665
137 12.93001697010277
138 9.249434491012613
139 5.7143442935433315
140 19.792887741976372
141 16.235495628065856
142 12.775731332846426
143 13.862143547083313
144 14.987128862052447
145 13.564088717838585
146 14.72075115469031
147 10.302738740304388
148 6.674585546996413
149 10.60751790943123
150 19.851499110127126
151 18.691326922063556
152 12.975946417264122
153 18.584674093495714
154 11.27413109371227
155 19.42667878125766
156 20.807384720549884
157 17.562568772961555
158 19.057254079417092
159 10.832631301370549
160 22.301503632845296
161 18.715064266980736
162 16.051048557624927
163 12.07910145474779
164 12.621456005402504
165 12.215566079015328
166 21.44489640670015
167 16.977911472535254
168 12.407483982236986
169 16.527663697945496
170 16.226755025893965
171 6.081973301353191
172 14.525917043575406
173 11.720935264136731
174 16.407105598908675
175 18.24370342135602
176 16.908836188852526
177 13.852775916624807
178 9.790867831425706
179 11.310417188778338
180 14.841263842143572
181 6.727968681575911
182 12.975946417264122
183 17.116365104224045
184 11.27413109371227
185 13.668783035365319
186 14.884731018700073
187 12.886718317564224
188 11.307163191659583
189 8.934252219789066
190 13.469675183420701
191 17.410268974555006
192 12.485854214318474
193 8.601800506053461
194 12.621456005402504
195 12.215566079015328
196 5.166438586720665
197 12.93001697010277
198 9.249434491012613
199 5.7143442935433315
200 16.226755025893965
201 6.081973301353191
202 12.775731332846426
203 11.720935264136731
204 14.987128862052447
205 13.564088717838585
206 14.72075115469031
207 10.302738740304388
208 6.674585546996413
209 10.60751790943123
210 14.841263842143572
211 8.86390829267579
212 8.598199395203991
213 14.313176622563253
214 6.871231006434583
215 16.376292610456435
216 14.448953049875131
217 15.26491857131659
218 14.478946363626585
219 17.56888254976409
220 14.609698784744026
221 11.20839727847003
222 19.284527777519035
223 15.994612578399934
224 13.375161885643994
225 16.03210415558991
226 7.971301411514897
227 13.004656172830941
228 10.328081792913054
229 11.378380459095453
230 7.2152740773718405
231 13.995573848318049
232 11.21871590295516
233 19.053736407473757
234 21.313132123932842
235 12.445660722312676
236 16.25514625439034
237 17.43769759903228
238 12.425837912554565
239 15.577173342162846
240 20.61907319008512
241 6.727968681575911
242 8.598199395203991
243 14.313176622563253
244 6.871231006434583
245 13.668783035365319
246 14.448953049875131
247 12.886718317564224
248 11.307163191659583
249 8.934252219789066
250 13.469675183420701
251 11.20839727847003
252 12.485854214318474
253 8.601800506053461
254 12.621456005402504
255 12.215566079015328
256 5.166438586720665
257 12.93001697010277
258 9.249434491012613
259 5.7143442935433315
260 7.2152740773718405
261 6.081973301353191
262 11.21871590295516
263 11.720935264136731
264 14.987128862052447
265 12.445660722312676
266 14.72075115469031
267 10.302738740304388
268 6.674585546996413
269 10.60751790943123
270 14.841263842143572
271 12.101422179221016
272 14.721684650156467
273 17.352107809548155
274 17.501657110702585
275 12.131455900922115
276 13.325950413090155
277 15.14773874834591
278 14.330128871158761
279 11.579548254801008
280 8.222491430714673
281 9.0521616832375
282 11.238227338175504
283 13.418401868114653
284 10.62065863004014
285 19.644299479609693
286 7.514678254563988
287 15.641275095403184
288 13.018527987593957
289 12.504239451430177
290 12.22633256649884
291 11.95935576522308
292 16.707360234205257
293 10.051607855360137
294 10.9192493014782
295 10.269332847806654
296 13.660259436366028
297 3.617215424177619
298 5.5780471672343275
299 5.4576820205966925
300 14.261259228872296
301 6.727968681575911
302 8.598199395203991
303 14.313176622563253
304 6.871231006434583
305 12.131455900922115
306 13.325950413090155
307 12.886718317564224
308 11.307163191659583
309 8.934252219789066
310 8.222491430714673
311 9.0521616832375
312 11.238227338175504
313 8.601800506053461
314 10.62065863004014
315 12.215566079015328
316 5.166438586720665
317 12.93001697010277
318 9.249434491012613
319 5.7143442935433315
320 7.2152740773718405
321 6.081973301353191
322 11.21871590295516
323 10.051607855360137
324 10.9192493014782
325 10.269332847806654
326 13.660259436366028
327 3.617215424177619
328 5.5780471672343275
329 5.4576820205966925
330 14.261259228872296
331 16.89496785322647
332 5.76585491877141
333 16.76880011892295
334 10.95158740039612
335 14.296122385314183
336 7.659099894060961
337 10.453371919458794
338 10.68695755656433
339 12.003617870888755
340 18.836330279526628
341 15.964246536015482
342 15.661058292305038
343 5.853963466669905
344 10.390988430650246
345 19.963850129527103
346 5.816185406226949
347 8.676005145391882
348 9.345146701614897
349 7.230986613356486
350 12.768249947374343
351 17.09864860298542
352 16.800925981263276
353 13.181385046244127
354 6.493821680693432
355 9.18940086389301
356 9.580178941006617
357 9.474877580622213
358 9.292503715064804
359 12.043951629820967
360 15.987447534109435
361 6.727968681575911
362 5.76585491877141
363 14.313176622563253
364 6.871231006434583
365 12.131455900922115
366 7.659099894060961
367 10.453371919458794
368 10.68695755656433
369 8.934252219789066
370 8.222491430714673
371 9.0521616832375
372 11.238227338175504
373 5.853963466669905
374 10.390988430650246
375 12.215566079015328
376 5.166438586720665
377 8.676005145391882
378 9.249434491012613
379 5.7143442935433315
380 7.2152740773718405
381 6.081973301353191
382 11.21871590295516
383 10.051607855360137
384 6.493821680693432
385 9.18940086389301
386 9.580178941006617
387 3.617215424177619
388 5.5780471672343275
389 5.4576820205966925
390 14.261259228872296
391 13.306522137209553
392 17.77048616979452
393 8.431475466717062
394 14.752293066596605
395 14.619582092428159
396 14.899308028796518
397 9.570824684372377
398 14.490280348712762
399 18.165994003231464
400 9.651961079854383
401 7.763456184844515
402 15.424736957543406
403 9.35198349239626
404 15.344238780299982
405 8.629962508500984
406 13.478718079468717
407 13.549789010353562
408 10.06525663311627
409 6.048048585748264
410 16.333541115506645
411 15.339633524203228
412 16.42818281271633
413 14.078404237817798
414 14.927227069778924
415 18.044078842339054
416 11.744086419878911
417 14.499262411629152
418 9.419431882769928
419 9.964293085721112
420 4.485832733680823
421 6.727968681575911
422 5.76585491877141
423 8.431475466717062
424 6.871231006434583
425 12.131455900922115
426 7.659099894060961
427 9.570824684372377
428 10.68695755656433
429 8.934252219789066
430 8.222491430714673
431 7.763456184844515
432 11.238227338175504
433 5.853963466669905
434 10.390988430650246
435 8.629962508500984
436 5.166438586720665
437 8.676005145391882
438 9.249434491012613
439 5.7143442935433315
440 7.2152740773718405
441 6.081973301353191
442 11.21871590295516
443 10.051607855360137
444 6.493821680693432
445 9.18940086389301
446 9.580178941006617
447 3.617215424177619
448 5.5780471672343275
449 5.4576820205966925
450 4.485832733680823
451 7.771466303907819
452 9.528556889813256
453 7.863168227306986
454 4.09688670677818
455 16.38766136150985
456 9.222669314035752
457 11.250536426528194
458 8.7501708342545
459 5.804422910587757
460 11.821652342741862
461 4.005361533222223
462 13.661113917856868
463 13.190691792507064
464 9.793546076274833
465 10.443492068367112
466 7.342018606767218
467 12.84312622033098
468 12.21665991098304
469 8.338785185786152
470 9.42697835536848
471 12.209019967494905
472 9.728339935077
473 9.817542012975187
474 12.113780856856225
475 14.07631971973441
476 6.132012851656772
477 6.333957537753904
478 8.072544484051498
479 10.911859007291604
480 10.297718243592021
481 6.727968681575911
482 5.76585491877141
483 7.863168227306986
484 4.09688670677818
485 12.131455900922115
486 7.659099894060961
487 9.570824684372377
488 8.7501708342545
489 5.804422910587757
490 8.222491430714673
491 4.005361533222223
492 11.238227338175504
493 5.853963466669905
494 9.793546076274833
495 8.629962508500984
496 5.166438586720665
497 8.676005145391882
498 9.249434491012613
499 5.7143442935433315
500 7.2152740773718405
501 6.081973301353191
502 9.728339935077
503 9.817542012975187
504 6.493821680693432
505 9.18940086389301
506 6.132012851656772
507 3.617215424177619
508 5.5780471672343275
509 5.4576820205966925
510 4.485832733680823
511 11.928942554455933
512 12.93256300578087
513 12.538542206927337
514 12.970857963862564
515 6.758450751324855
516 11.017985311400896
517 11.395306022741936
518 10.607787283440594
519 15.006370316328072
520 8.25597638344172
521 8.729548510785957
522 10.725657363724132
523 9.323138320416792
524 12.573386974540327
525 8.578789915422526
526 7.967066015578488
527 11.980797356161244
528 10.958300227639732
529 16.59884124808446
530 9.836553639186953
531 18.677119813791982
532 8.056732991432897
533 9.096803069751163
534 9.817454248660217
535 11.560592716735332
536 14.326480647587719
537 11.419218592533559
538 4.904836123644236
539 14.375313195263217
540 7.89393672178643
541 6.727968681575911
542 5.76585491877141
543 7.863168227306986
544 4.09688670677818
545 6.758450751324855
546 7.659099894060961
547 9.570824684372377
548 8.7501708342545
549 5.804422910587757
550 8.222491430714673
551 4.005361533222223
552 10.725657363724132
553 5.853963466669905
554 9.793546076274833
555 8.578789915422526
556 5.166438586720665
557 8.676005145391882
558 9.249434491012613
559 5.7143442935433315
560 7.2152740773718405
561 6.081973301353191
562 8.056732991432897
563 9.096803069751163
564 6.493821680693432
565 9.18940086389301
566 6.132012851656772
567 3.617215424177619
568 4.904836123644236
569 5.4576820205966925
570 4.485832733680823
571 11.059955689704168
572 4.47960499642369
573 12.320864754925024
574 8.582278218127493
575 6.404620244287888
576 12.520133998041754
577 8.111566530064403
578 10.310029646148953
579 8.457932618749286
580 11.12210003060881
581 15.271279194061623
582 9.939220898056744
583 4.7295742015604105
584 9.744545152736595
585 7.814251930842078
586 13.11589475811653
587 10.759287384171117
588 8.398560641214313
589 7.512632405857949
590 12.283037047398643
591 4.144678600003848
592 13.418089075224163
593 6.25543869586542
594 10.060595571440741
595 12.265721922104122
596 7.506215719817301
597 11.058602816005093
598 5.729700739616641
599 6.951099834645422
600 11.52663704848527
601 6.727968681575911
602 4.47960499642369
603 7.863168227306986
604 4.09688670677818
605 6.404620244287888
606 7.659099894060961
607 8.111566530064403
608 8.7501708342545
609 5.804422910587757
610 8.222491430714673
611 4.005361533222223
612 9.939220898056744
613 4.7295742015604105
614 9.744545152736595
615 7.814251930842078
616 5.166438586720665
617 8.676005145391882
618 8.398560641214313
619 5.7143442935433315
620 7.2152740773718405
621 4.144678600003848
622 8.056732991432897
623 6.25543869586542
624 6.493821680693432
625 9.18940086389301
626 6.132012851656772
627 3.617215424177619
628 4.904836123644236
629 5.4576820205966925
630 4.485832733680823
631 13.793295313308096
632 7.037161276524801
633 6.1962531805747005
634 6.579803322581008
635 8.430010699607191
636 11.200280133831612
637 9.952122352393234
638 9.696229420555598
639 9.717310486905012
640 15.98999515620159
641 2.225078127585474
642 7.055692120427849
643 10.800106278321921
644 10.535689177656332
645 13.960370755139982
646 10.471432577900467
647 8.638665700654636
648 8.889281756175713
649 12.677564741997362
650 9.75428064066748
651 5.967924003933444
652 7.026171661266851
653 10.340346289361529
654 6.5859846600409675
655 13.909064565900355
656 12.577904987780244
657 9.67261118060554
658 11.023910514932627
659 7.28207764588324
660 9.556286842435005
661 6.727968681575911
662 4.47960499642369
663 6.1962531805747005
664 4.09688670677818
665 6.404620244287888
666 7.659099894060961
667 8.111566530064403
668 8.7501708342545
669 5.804422910587757
670 8.222491430714673
671 2.225078127585474
672 7.055692120427849
673 4.7295742015604105
674 9.744545152736595
675 7.814251930842078
676 5.166438586720665
677 8.638665700654636
678 8.398560641214313
679 5.7143442935433315
680 7.2152740773718405
681 4.144678600003848
682 7.026171661266851
683 6.25543869586542
684 6.493821680693432
685 9.18940086389301
686 6.132012851656772
687 3.617215424177619
688 4.904836123644236
689 5.4576820205966925
690 4.485832733680823
691 10.529328523114389
692 4.850053075864806
693 8.655256346177495
694 4.410764271918868
695 10.916313183198138
696 4.374395255278268
697 6.900976857530617
698 9.199464406140663
699 4.792338571149919
700 8.672500922460674
701 8.885351528344582
702 8.216720624696904
703 5.384298406593163
704 5.586831171769052
705 6.179014125363568
706 4.9448618918663385
707 10.683090701318868
708 6.757642336978829
709 8.159322284707054
710 7.726341206673767
711 4.868734046734787
712 11.495254192702395
713 10.541190865847735
714 15.25050837336605
715 5.268457376942362
716 6.698404253617861
717 10.64783060443645
718 3.935169718284038
719 9.085184523454652
720 13.403181073064586
721 6.727968681575911
722 4.47960499642369
723 6.1962531805747005
724 4.09688670677818
725 6.404620244287888
726 4.374395255278268
727 6.900976857530617
728 8.7501708342545
729 4.792338571149919
730 8.222491430714673
731 2.225078127585474
732 7.055692120427849
733 4.7295742015604105
734 5.586831171769052
735 6.179014125363568
736 4.9448618918663385
737 8.638665700654636
738 6.757642336978829
739 5.7143442935433315
740 7.2152740773718405
741 4.144678600003848
742 7.026171661266851
743 6.25543869586542
744 6.493821680693432
745 5.268457376942362
746 6.132012851656772
747 3.617215424177619
748 3.935169718284038
749 5.4576820205966925
750 4.485832733680823
751 13.291898926716202
752 6.8439007566659935
753 5.981144992471774
754 9.730139958687083
755 6.909205869620828
756 6.652005616455763
757 3.3937715779920077
758 8.98743347765036
759 6.7886400194645855
760 10.20379307156668
761 10.060173595154373
762 9.607236896424181
763 9.806678955846053
764 9.517767846679803
765 7.939562129865148
766 6.3233665308338605
767 4.683785627621496
768 6.712307692566172
769 5.7997617504569465
770 8.810712622116435
771 5.832749655625151
772 7.1567186194865355
773 6.999031532343023
774 4.916366946108636
775 7.707148072785294
776 6.799638004653868
777 9.025083637271855
778 6.352860334503384
779 2.3690092504386167
780 5.319268968550093
781 6.727968681575911
782 4.47960499642369
783 5.981144992471774
784 4.09688670677818
785 6.404620244287888
786 4.374395255278268
787 3.3937715779920077
788 8.7501708342545
789 4.792338571149919
790 8.222491430714673
791 2.225078127585474
792 7.055692120427849
793 4.7295742015604105
794 5.586831171769052
795 6.179014125363568
796 4.9448618918663385
797 4.683785627621496
798 6.712307692566172
799 5.7143442935433315
800 7.2152740773718405
801 4.144678600003848
802 7.026171661266851
803 6.25543869586542
804 4.916366946108636
805 5.268457376942362
806 6.132012851656772
807 3.617215424177619
808 3.935169718284038
809 2.3690092504386167
810 4.485832733680823
811 4.402756061009207
812 12.148583204846659
813 4.481963457602938
814 8.901775817464877
815 7.982282397452895
816 7.329827276940514
817 7.48470382139647
818 9.768088597212811
819 4.396160120895681
820 5.235592351213419
821 6.566935291106275
822 3.1266243562095424
823 7.376564029863581
824 7.903887787734222
825 6.286077894040077
826 6.7416586733636725
827 4.480865006490967
828 4.502258278286019
829 5.857808516595567
830 9.728769524574467
831 6.08178479669498
832 6.384635037486716
833 4.9478842888811725
834 7.027496275076827
835 4.949282274440081
836 6.741188376271708
837 7.465687986048649
838 7.714065761758057
839 8.247654913721004
840 8.520951634584568
841 4.402756061009207
842 4.47960499642369
843 4.481963457602938
844 4.09688670677818
845 6.404620244287888
846 4.374395255278268
847 3.3937715779920077
848 8.7501708342545
849 4.396160120895681
850 5.235592351213419
851 2.225078127585474
852 3.1266243562095424
853 4.7295742015604105
854 5.586831171769052
855 6.179014125363568
856 4.9448618918663385
857 4.480865006490967
858 4.502258278286019
859 5.7143442935433315
860 7.2152740773718405
861 4.144678600003848
862 6.384635037486716
863 4.9478842888811725
864 4.916366946108636
865 4.949282274440081
866 6.132012851656772
867 3.617215424177619
868 3.935169718284038
869 2.3690092504386167
870 4.485832733680823
871 2.8802567605435745
872 6.3711907028212895
873 8.756031451885601
874 3.806161398306138
875 5.620539076549338
876 7.529929064746661
877 9.055299795089914
878 6.521836307240753
879 6.7774432701822445
880 7.923066014466132
881 9.45411875725144
882 3.894233548170267
883 6.571463704873487
884 3.1940925100084265
885 5.035299850636504
886 7.785777227061022
887 2.8738221751667017
888 8.557880167101906
889 6.420281354270029
890 6.2646200989758825
891 7.464014153993962
892 9.576096557742357
893 8.755434432775141
894 4.527594290250016
895 7.9669977454762675
896 7.54750840039281
897 4.558827519406253
898 3.60726607747584
899 4.399144823582968
900 8.787557259456523
901 2.8802567605435745
902 4.47960499642369
903 4.481963457602938
904 3.806161398306138
905 5.620539076549338
906 4.374395255278268
907 3.3937715779920077
908 6.521836307240753
909 4.396160120895681
910 5.235592351213419
911 2.225078127585474
912 3.1266243562095424
913 4.7295742015604105
914 3.1940925100084265
915 5.035299850636504
916 4.9448618918663385
917 2.8738221751667017
918 4.502258278286019
919 5.7143442935433315
920 6.2646200989758825
921 4.144678600003848
922 6.384635037486716
923 4.9478842888811725
924 4.527594290250016
925 4.949282274440081
926 6.132012851656772
927 3.617215424177619
928 3.60726607747584
929 2.3690092504386167
930 4.485832733680823
931 7.629394844795479
932 2.846012331713862
933 3.82007409822657
934 9.859318193524665
935 6.297551901780939
936 7.6266148938965905
937 5.315763942590126
938 5.1365365652021335
939 5.686222656429504
940 2.7644844270045557
941 6.804337764047819
942 6.017689146694087
943 7.544313976212086
944 2.8606833800188682
945 7.279723702881348
946 6.915005232595916
947 6.2679577848630315
948 3.623459964615295
949 4.233666736504795
950 7.792300057360543
951 4.211717126777868
952 6.233661869883943
953 6.481054695133771
954 3.965117163841893
955 6.08297078400115
956 5.048930908260202
957 4.420990470645599
958 7.244760627751601
959 4.029396105666059
960 5.056469605919512
961 2.8802567605435745
962 2.846012331713862
963 3.82007409822657
964 3.806161398306138
965 5.620539076549338
966 4.374395255278268
967 3.3937715779920077
968 5.1365365652021335
969 4.396160120895681
970 2.7644844270045557
971 2.225078127585474
972 3.1266243562095424
973 4.7295742015604105
974 2.8606833800188682
975 5.035299850636504
976 4.9448618918663385
977 2.8738221751667017
978 3.623459964615295
979 4.233666736504795
980 6.2646200989758825
981 4.144678600003848
982 6.233661869883943
983 4.9478842888811725
984 3.965117163841893
985 4.949282274440081
986 5.048930908260202
987 3.617215424177619
988 3.60726607747584
989 2.3690092504386167
990 4.485832733680823
evaluations raw_y
1 16.830982230707054
2 13.376205703170658
3 17.487995444627288
4 12.632194857756991
5 18.382878794564224
6 22.153889328242805
7 16.1737601536121
8 17.337491818774946
9 19.30106603597991
10 15.418132555743393
11 15.61801732067822
12 15.448129687072619
13 15.783002143135498
14 12.464459227313728
15 18.09048070073876
16 16.53035535136819
17 13.813923289659307
18 16.500979564989976
19 15.076935646822209
20 17.73330440925168
21 15.195545135710644
22 21.479757456523497
23 20.10610037297574
24 17.881525394211973
25 23.038747352793738
26 13.991847876561815
27 18.880128345965186
28 15.338350486915102
29 20.293631629050704
30 17.838452861541217
31 16.176620449410834
32 20.151659264434066
33 20.19460398919943
34 17.016553542736755
35 23.48494410990472
36 16.685881367939043
37 10.205168629211492
38 22.618773339013874
39 20.55479294408584
40 16.554033663462313
41 20.395126196778605
42 19.020425287264324
43 25.0775369161259
44 6.9489369409767825
45 21.98388273159364
46 17.714145558646134
47 16.861353273373517
48 17.560197870222733
49 25.890820125313617
50 18.85577019837343
51 17.601923281616774
52 9.278554398647094
53 16.7533587513975
54 23.47782386178085
55 15.040862542799086
56 17.455585899935958
57 17.03219401017215
58 13.395662059888076
59 14.976430659657208
60 20.22202716846585
61 16.176620449410834
62 13.376205703170658
63 17.487995444627288
64 12.632194857756991
65 18.382878794564224
66 16.685881367939043
67 10.205168629211492
68 17.337491818774946
69 19.30106603597991
70 15.418132555743393
71 15.61801732067822
72 15.448129687072619
73 15.783002143135498
74 6.9489369409767825
75 18.09048070073876
76 16.53035535136819
77 13.813923289659307
78 16.500979564989976
79 15.076935646822209
80 17.73330440925168
81 15.195545135710644
82 9.278554398647094
83 16.7533587513975
84 17.881525394211973
85 15.040862542799086
86 13.991847876561815
87 17.03219401017215
88 13.395662059888076
89 14.976430659657208
90 17.838452861541217
91 15.505495888650602
92 22.616323861894273
93 19.739463103038652
94 15.571565698181951
95 19.172085799868373
96 20.726685983047442
97 22.428591603323927
98 19.209045769656214
99 12.593754695736465
100 22.527343964884793
101 20.86081622981446
102 21.189691311049504
103 17.760479069540608
104 16.24564987575233
105 23.192751436683384
106 18.580846171784266
107 20.735972797090422
108 17.0537076436166
109 13.214003975034633
110 15.855011975238046
111 10.812322174486322
112 12.8557105666196
113 17.11058796289386
114 18.176294301465244
115 16.978667386341918
116 14.462004374460289
117 19.165511470920567
118 17.02435011964907
119 12.48574150922462
120 19.905277696016242
121 15.505495888650602
122 13.376205703170658
123 17.487995444627288
124 12.632194857756991
125 18.382878794564224
126 16.685881367939043
127 10.205168629211492
128 17.337491818774946
129 12.593754695736465
130 15.418132555743393
131 15.61801732067822
132 15.448129687072619
133 15.783002143135498
134 6.9489369409767825
135 18.09048070073876
136 16.53035535136819
137 13.813923289659307
138 16.500979564989976
139 13.214003975034633
140 15.855011975238046
141 10.812322174486322
142 9.278554398647094
143 16.7533587513975
144 17.881525394211973
145 15.040862542799086
146 13.991847876561815
147 17.03219401017215
148 13.395662059888076
149 12.48574150922462
150 17.838452861541217
151 17.48711853385888
152 19.16812486378497
153 20.08489100411368
154 19.850184351178907
155 21.323458441436614
156 22.04396677457713
157 17.64866954092483
158 10.885727663101868
159 17.227898361539637
160 16.248916927235143
161 18.31666648179138
162 21.44038050802071
163 22.39730535734956
164 18.790171928534527
165 15.506929557486309
166 18.99337994510302
167 14.000146344360452
168 22.80423292354351
169 19.844963962298618
170 18.67162908882732
171 10.365629990653757
172 18.88127984127564
173 10.609553341405734
174 16.623920685335676
175 16.923278261244604
176 14.95825373913938
177 16.07677587281099
178 16.188115978614242
179 12.71979084703943
180 22.13237262628317
181 15.505495888650602
182 13.376205703170658
183 17.487995444627288
184 12.632194857756991
185 18.382878794564224
186 16.685881367939043
187 10.205168629211492
188 10.885727663101868
189 12.593754695736465
190 15.418132555743393
191 15.61801732067822
192 15.448129687072619
193 15.783002143135498
194 6.9489369409767825
195 15.506929557486309
196 16.53035535136819
197 13.813923289659307
198 16.500979564989976
199 13.214003975034633
200 15.855011975238046
201 10.365629990653757
202 9.278554398647094
203 10.609553341405734
204 16.623920685335676
205 15.040862542799086
206 13.991847876561815
207 16.07677587281099
208 13.395662059888076
209 12.48574150922462
210 17.838452861541217
211 22.12719519750779
212 16.21963346373403
213 17.163686859284706
214 21.24127349895404
215 13.546371655059446
216 11.551711909647583
217 15.498332296829556
218 17.73088037999735
219 7.435009956053695
220 10.871818895102447
221 17.599305415459032
222 14.351166105890437
223 17.748931472300654
224 9.133929575188699
225 22.32231550477409
226 15.086385572674427
227 15.093638732785765
228 13.49374181353139
229 20.884334902866502
230 14.646498183918892
231 14.448901951565137
232 15.777196104479547
233 14.00404734200366
234 21.311823415564476
235 20.366387395163855
236 12.977109520873084
237 11.499164703855245
238 21.90767805782354
239 25.767997648843394
240 17.436845654752698
241 15.505495888650602
242 13.376205703170658
243 17.163686859284706
244 12.632194857756991
245 13.546371655059446
246 11.551711909647583
247 10.205168629211492
248 10.885727663101868
249 7.435009956053695
250 10.871818895102447
251 15.61801732067822
252 14.351166105890437
253 15.783002143135498
254 6.9489369409767825
255 15.506929557486309
256 15.086385572674427
257 13.813923289659307
258 13.49374181353139
259 13.214003975034633
260 14.646498183918892
261 10.365629990653757
262 9.278554398647094
263 10.609553341405734
264 16.623920685335676
265 15.040862542799086
266 12.977109520873084
267 11.499164703855245
268 13.395662059888076
269 12.48574150922462
270 17.436845654752698
271 13.962295831038329
272 16.119605991498332
273 13.217237089747625
274 13.816311822412665
275 15.743843968557083
276 14.69104386271317
277 18.338601201289954
278 15.049742150226367
279 23.255321507634
280 8.750233275208428
281 10.351111415812976
282 19.34063783894108
283 15.246539260138597
284 15.965133192469501
285 16.25551600862617
286 16.935979879557625
287 15.399613514719876
288 11.76345105847206
289 9.937659908820727
290 17.294174861942793
291 16.91145319673556
292 14.130928495068327
293 14.690152448275462
294 23.192976573403847
295 18.591803212293307
296 16.913827977277215
297 15.08436081039538
298 5.532196372251644
299 13.404674094384172
300 17.021341232110792
301 13.962295831038329
302 13.376205703170658
303 13.217237089747625
304 12.632194857756991
305 13.546371655059446
306 11.551711909647583
307 10.205168629211492
308 10.885727663101868
309 7.435009956053695
310 8.750233275208428
311 10.351111415812976
312 14.351166105890437
313 15.246539260138597
314 6.9489369409767825
315 15.506929557486309
316 15.086385572674427
317 13.813923289659307
318 11.76345105847206
319 9.937659908820727
320 14.646498183918892
321 10.365629990653757
322 9.278554398647094
323 10.609553341405734
324 16.623920685335676
325 15.040862542799086
326 12.977109520873084
327 11.499164703855245
328 5.532196372251644
329 12.48574150922462
330 17.021341232110792
331 21.691866851453383
332 15.405890536820733
333 21.34656950464255
334 8.167454345860184
335 24.09954068986107
336 9.799229435479129
337 14.676377042062663
338 15.918368000300557
339 23.165432943144282
340 11.197607878843622
341 13.927374417868133
342 15.923614392279468
343 13.706985989643618
344 13.535296329871716
345 15.238716553913514
346 19.565021654934366
347 13.892610004450278
348 9.824122387427138
349 15.4677533760627
350 12.317633864493937
351 20.757991564451473
352 17.424657648795616
353 14.344067734262985
354 5.437499017256693
355 11.413626096465412
356 19.084902594497763
357 11.419078666803449
358 9.807003168031445
359 13.291675485040296
360 18.80535194222829
361 13.962295831038329
362 13.376205703170658
363 13.217237089747625
364 8.167454345860184
365 13.546371655059446
366 9.799229435479129
367 10.205168629211492
368 10.885727663101868
369 7.435009956053695
370 8.750233275208428
371 10.351111415812976
372 14.351166105890437
373 13.706985989643618
374 6.9489369409767825
375 15.238716553913514
376 15.086385572674427
377 13.813923289659307
378 9.824122387427138
379 9.937659908820727
380 12.317633864493937
381 10.365629990653757
382 9.278554398647094
383 10.609553341405734
384 5.437499017256693
385 11.413626096465412
386 12.977109520873084
387 11.419078666803449
388 5.532196372251644
389 12.48574150922462
390 17.021341232110792
391 17.29055851737706
392 18.497703706582037
393 16.57020945726289
394 9.873419958141946
395 16.03569104308471
396 15.195436608551024
397 17.04053011807917
398 8.63246894246817
399 12.124475425683075
400 12.195625737828793
401 13.46228902570724
402 16.34192046129626
403 18.592427828668903
404 10.25191562254117
405 18.31165657452083
406 19.973263170181415
407 19.020354589920967
408 21.590124271207266
409 17.88517118443635
410 18.033677535405577
411 18.044001900770297
412 18.478699942425507
413 8.359872511100763
414 14.91127242253993
415 17.15237099283402
416 11.957144428330523
417 18.272695874659654
418 18.114786466000993
419 14.622991564946357
420 8.630716760416187
421 13.962295831038329
422 13.376205703170658
423 13.217237089747625
424 8.167454345860184
425 13.546371655059446
426 9.799229435479129
427 10.205168629211492
428 8.63246894246817
429 7.435009956053695
430 8.750233275208428
431 10.351111415812976
432 14.351166105890437
433 13.706985989643618
434 6.9489369409767825
435 15.238716553913514
436 15.086385572674427
437 13.813923289659307
438 9.824122387427138
439 9.937659908820727
440 12.317633864493937
441 10.365629990653757
442 9.278554398647094
443 8.359872511100763
444 5.437499017256693
445 11.413626096465412
446 11.957144428330523
447 11.419078666803449
448 5.532196372251644
449 12.48574150922462
450 8.630716760416187
451 14.564387533969445
452 10.662650845400883
453 14.308241943170248
454 16.281040454446497
455 9.544782273205763
456 12.472002584738185
457 14.661401411700467
458 15.690948133786868
459 14.982392339547328
460 10.63334233185951
461 14.280151455285727
462 13.088652754839767
463 8.305160291142746
464 9.426426691501502
465 12.003821944361333
466 11.38282426922817
467 11.831026414888123
468 18.516468062220312
469 8.522638083608859
470 16.215362759592583
471 11.885007688379455
472 18.2396920679282
473 11.034959458995019
474 10.285246014828935
475 10.181556391259889
476 9.55671955795086
477 12.946457666900926
478 11.011163154848095
479 5.063720263593884
480 8.786983500712312
481 13.962295831038329
482 10.662650845400883
483 13.217237089747625
484 8.167454345860184
485 9.544782273205763
486 9.799229435479129
487 10.205168629211492
488 8.63246894246817
489 7.435009956053695
490 8.750233275208428
491 10.351111415812976
492 13.088652754839767
493 8.305160291142746
494 6.9489369409767825
495 12.003821944361333
496 11.38282426922817
497 11.831026414888123
498 9.824122387427138
499 8.522638083608859
500 12.317633864493937
501 10.365629990653757
502 9.278554398647094
503 8.359872511100763
504 5.437499017256693
505 10.181556391259889
506 9.55671955795086
507 11.419078666803449
508 5.532196372251644
509 5.063720263593884
510 8.630716760416187
511 6.612934988994081
512 15.158722590001688
513 10.043277188380019
514 7.359358918361668
515 17.645071471337367
516 9.69977796191953
517 14.818289638136575
518 12.283359651044254
519 14.3418231513312
520 14.707308983944367
521 17.64658260683404
522 15.634687211162207
523 13.590664692053133
524 15.623250526954077
525 12.73951487920472
526 9.592474508193408
527 7.996184248640197
528 10.174552367936966
529 19.08753737103939
530 11.402314678222858
531 7.419957917246868
532 11.994776271621054
533 13.34654736327167
534 10.48962390212419
535 15.586192473166268
536 9.294536418167088
537 13.633108772396437
538 18.892922499328407
539 10.789536406253637
540 13.08921387038191
541 6.612934988994081
542 10.662650845400883
543 10.043277188380019
544 7.359358918361668
545 9.544782273205763
546 9.69977796191953
547 10.205168629211492
548 8.63246894246817
549 7.435009956053695
550 8.750233275208428
551 10.351111415812976
552 13.088652754839767
553 8.305160291142746
554 6.9489369409767825
555 12.003821944361333
556 9.592474508193408
557 7.996184248640197
558 9.824122387427138
559 8.522638083608859
560 11.402314678222858
561 7.419957917246868
562 9.278554398647094
563 8.359872511100763
564 5.437499017256693
565 10.181556391259889
566 9.294536418167088
567 11.419078666803449
568 5.532196372251644
569 5.063720263593884
570 8.630716760416187
571 14.792712321703483
572 8.134952626144612
573 14.063805773725129
574 10.620184025153119
575 12.11171906717519
576 14.267330519210498
577 10.568513962691721
578 11.806030007047147
579 7.596438561326366
580 10.94655112270481
581 11.815709663349354
582 13.610801058212399
583 11.933847338377067
584 15.483418255949893
585 14.823661776992768
586 9.338351727004014
587 14.769507500437197
588 13.13311775925284
589 15.236625939629503
590 6.034725594654011
591 13.9834572151576
592 11.187117911206485
593 15.829894946644632
594 13.269381345459099
595 13.842702820361199
596 10.204169511432298
597 13.80163081949047
598 8.078792929166713
599 8.966519571443422
600 7.516261806038234
601 6.612934988994081
602 8.134952626144612
603 10.043277188380019
604 7.359358918361668
605 9.544782273205763
606 9.69977796191953
607 10.205168629211492
608 8.63246894246817
609 7.435009956053695
610 8.750233275208428
611 10.351111415812976
612 13.088652754839767
613 8.305160291142746
614 6.9489369409767825
615 12.003821944361333
616 9.338351727004014
617 7.996184248640197
618 9.824122387427138
619 8.522638083608859
620 6.034725594654011
621 7.419957917246868
622 9.278554398647094
623 8.359872511100763
624 5.437499017256693
625 10.181556391259889
626 9.294536418167088
627 11.419078666803449
628 5.532196372251644
629 5.063720263593884
630 7.516261806038234
631 12.1049755048737
632 15.87043003980763
633 6.611946867320791
634 14.780525811680322
635 12.508211818829624
636 11.216148014423327
637 9.03725464671187
638 14.124731725330998
639 6.691351959764345
640 12.560096029617176
641 11.691694855164176
642 7.5899664146453185
643 10.43787643534197
644 12.614915684816268
645 10.353137089882676
646 10.181275188178939
647 13.628911862032608
648 14.154980960158625
649 8.441256975623183
650 14.2704716462415
651 3.2133051089076226
652 9.522976730639979
653 9.45982856433077
654 5.699127193221517
655 14.97903062110965
656 5.7210987534856095
657 9.479051937136619
658 10.86963954082341
659 11.083190051058619
660 15.225118798034368
661 6.612934988994081
662 8.134952626144612
663 6.611946867320791
664 7.359358918361668
665 9.544782273205763
666 9.69977796191953
667 9.03725464671187
668 8.63246894246817
669 6.691351959764345
670 8.750233275208428
671 10.351111415812976
672 7.5899664146453185
673 8.305160291142746
674 6.9489369409767825
675 10.353137089882676
676 9.338351727004014
677 7.996184248640197
678 9.824122387427138
679 8.441256975623183
680 6.034725594654011
681 3.2133051089076226
682 9.278554398647094
683 8.359872511100763
684 5.437499017256693
685 10.181556391259889
686 5.7210987534856095
687 9.479051937136619
688 5.532196372251644
689 5.063720263593884
690 7.516261806038234
691 11.203463584021115
692 13.927700684408796
693 7.989913183020904
694 16.43231962353865
695 12.070946162304978
696 8.091418201810082
697 11.6972448990519
698 12.926875196287572
699 10.438380270703803
700 10.438643839630643
701 7.533594000394153
702 13.452932963057574
703 11.191300798655721
704 12.014961635588975
705 8.9737989266811
706 8.792915103939979
707 7.102135384025395
708 10.60997630667369
709 18.150717399088165
710 9.207367495932749
711 2.771448706205193
712 4.590423566537774
713 7.892625906024025
714 6.593571835523362
715 11.53751802389156
716 11.765243958022943
717 8.19771697535575
718 8.595597994337762
719 7.5162414666526205
720 10.930842618059367
721 6.612934988994081
722 8.134952626144612
723 6.611946867320791
724 7.359358918361668
725 9.544782273205763
726 8.091418201810082
727 9.03725464671187
728 8.63246894246817
729 6.691351959764345
730 8.750233275208428
731 7.533594000394153
732 7.5899664146453185
733 8.305160291142746
734 6.9489369409767825
735 8.9737989266811
736 8.792915103939979
737 7.102135384025395
738 9.824122387427138
739 8.441256975623183
740 6.034725594654011
741 2.771448706205193
742 4.590423566537774
743 7.892625906024025
744 5.437499017256693
745 10.181556391259889
746 5.7210987534856095
747 8.19771697535575
748 5.532196372251644
749 5.063720263593884
750 7.516261806038234
751 12.501595114284466
752 8.241961052975102
753 11.949030757597477
754 7.679623397551479
755 12.64939474079749
756 11.519158989643639
757 10.855388614591508
758 8.848871106749625
759 9.776993447827516
760 8.339243967105306
761 10.94655112270481
762 11.236415837080417
763 8.696958932211638
764 11.819472751625646
765 12.024031353073063
766 13.512136710408269
767 10.747862623031176
768 11.447527207674817
769 11.80517397510886
770 16.708636655374175
771 13.474884877191485
772 15.409272151541341
773 9.241404873969689
774 8.138280710690907
775 7.485439582372779
776 8.602793741419354
777 5.502581103455627
778 5.587159711972225
779 7.327728008329602
780 9.88984904919931
781 6.612934988994081
782 8.134952626144612
783 6.611946867320791
784 7.359358918361668
785 9.544782273205763
786 8.091418201810082
787 9.03725464671187
788 8.63246894246817
789 6.691351959764345
790 8.339243967105306
791 7.533594000394153
792 7.5899664146453185
793 8.305160291142746
794 6.9489369409767825
795 8.9737989266811
796 8.792915103939979
797 7.102135384025395
798 9.824122387427138
799 8.441256975623183
800 6.034725594654011
801 2.771448706205193
802 4.590423566537774
803 7.892625906024025
804 5.437499017256693
805 7.485439582372779
806 5.7210987534856095
807 5.502581103455627
808 5.532196372251644
809 5.063720263593884
810 7.516261806038234
811 3.2709312616177337
812 11.837433228244311
813 7.601105015140035
814 6.378382769018996
815 6.749008526837455
816 4.837094655812403
817 4.753975967967466
818 9.891945133342809
819 8.839778149909925
820 13.033111046558975
821 10.862599616825126
822 4.529434821507553
823 10.810500100071529
824 10.368471996995149
825 3.77095932931506
826 8.063883962502548
827 5.49659458407696
828 8.686937057455184
829 6.009722395806923
830 9.91587677053308
831 7.5184853579452025
832 2.7817439896003835
833 7.272302444537118
834 7.2693793471757715
835 7.695722928638682
836 5.495954714779303
837 6.377099072861466
838 7.476099405898512
839 7.392969010508336
840 7.797658547959144
841 3.2709312616177337
842 8.134952626144612
843 6.611946867320791
844 6.378382769018996
845 6.749008526837455
846 4.837094655812403
847 4.753975967967466
848 8.63246894246817
849 6.691351959764345
850 8.339243967105306
851 7.533594000394153
852 4.529434821507553
853 8.305160291142746
854 6.9489369409767825
855 3.77095932931506
856 8.063883962502548
857 5.49659458407696
858 8.686937057455184
859 6.009722395806923
860 6.034725594654011
861 2.771448706205193
862 2.7817439896003835
863 7.272302444537118
864 5.437499017256693
865 7.485439582372779
866 5.495954714779303
867 5.502581103455627
868 5.532196372251644
869 5.063720263593884
870 7.516261806038234
871 4.636763637904899
872 5.8542536020458495
873 11.037310128375903
874 6.767842692358034
875 4.8141916729015035
876 6.596685889510354
877 4.630159370766308
878 8.062762776163948
879 8.943736274988323
880 7.6263189413112755
881 5.958559274216851
882 7.683790382070809
883 6.4842308148065655
884 9.979498969462785
885 6.509307719659883
886 4.285580178372065
887 4.625085314704612
888 8.669294083717634
889 5.027938445253536
890 13.360083588639089
891 5.28256951835565
892 7.914638134487687
893 7.20120249306758
894 7.157961636364929
895 6.218065489273115
896 7.07409957897875
897 7.930692182146782
898 2.5314872766831766
899 7.958182729800184
900 12.181400351301674
901 3.2709312616177337
902 5.8542536020458495
903 6.611946867320791
904 6.378382769018996
905 4.8141916729015035
906 4.837094655812403
907 4.630159370766308
908 8.062762776163948
909 6.691351959764345
910 7.6263189413112755
911 5.958559274216851
912 4.529434821507553
913 6.4842308148065655
914 6.9489369409767825
915 3.77095932931506
916 4.285580178372065
917 4.625085314704612
918 8.669294083717634
919 5.027938445253536
920 6.034725594654011
921 2.771448706205193
922 2.7817439896003835
923 7.20120249306758
924 5.437499017256693
925 6.218065489273115
926 5.495954714779303
927 5.502581103455627
928 2.5314872766831766
929 5.063720263593884
930 7.516261806038234
931 3.1246201520944856
932 9.653620098388865
933 8.772994560672739
934 5.304911217055322
935 7.897332527078191
936 5.0129522801819
937 7.574089424156791
938 9.464457335702102
939 11.865961098540634
940 4.563078514885803
941 7.886337528566104
942 6.814395115446197
943 5.291683250202734
944 5.293310068340002
945 10.785927710322257
946 9.765858760291792
947 7.337665054630708
948 7.025275514542787
949 6.540793829713183
950 12.687830396207287
951 5.6742289716929974
952 9.76914246877709
953 7.942449036495416
954 9.583653623262052
955 4.717042850064284
956 4.099503854990779
957 5.308821141916805
958 9.212812626795934
959 3.7956701940566817
960 5.558395951506963
961 3.1246201520944856
962 5.8542536020458495
963 6.611946867320791
964 5.304911217055322
965 4.8141916729015035
966 4.837094655812403
967 4.630159370766308
968 8.062762776163948
969 6.691351959764345
970 4.563078514885803
971 5.958559274216851
972 4.529434821507553
973 5.291683250202734
974 5.293310068340002
975 3.77095932931506
976 4.285580178372065
977 4.625085314704612
978 7.025275514542787
979 5.027938445253536
980 6.034725594654011
981 2.771448706205193
982 2.7817439896003835
983 7.20120249306758
984 5.437499017256693
985 4.717042850064284
986 4.099503854990779
987 5.308821141916805
988 2.5314872766831766
989 3.7956701940566817
990 5.558395951506963
evaluations raw_y
1 12.006303143789173
2 11.55063549356356
3 12.44781176685165
4 17.928847741896988
5 17.227359931277352
6 14.267390263612082
7 8.212733156707134
8 12.835926494384218
9 15.942133052220168
10 13.616114776492575
11 14.158025795142855
12 24.14042616588448
13 14.304455799241987
14 16.899945736471665
15 11.318608992431612
16 16.661332162244104
17 13.00118568867547
18 15.806889751540053
19 15.866479478508287
20 13.979063374394977
21 17.949727030016962
22 13.459538689457663
23 12.495173885683272
24 12.282931229453808
25 14.802522626237671
26 16.420614458289933
27 14.095841554441852
28 20.0049148716741
29 16.11609184212851
30 16.822981899897254
31 17.957462022500714
32 22.52311448229448
33 23.287247582159416
34 10.816750884235846
35 9.776952933542745
36 13.874550864919936
37 20.86073664275164
38 20.700863153418958
39 15.149378211243423
40 19.572085508756224
41 14.082511248590547
42 20.877434204438863
43 10.929810669078037
44 18.569491781742965
45 13.746078530099187
46 13.810623112098167
47 20.19599211467032
48 21.769387105199
49 21.527275201701112
50 14.047979964427563
51 15.72490133846086
52 15.881482779887058
53 13.480111075051775
54 17.9304422782571
55 9.987507756514136
56 19.649274542615533
57 11.705052802483522
58 17.869252715575744
59 14.491072346635043
60 18.032100175866137
61 12.006303143789173
62 11.55063549356356
63 12.44781176685165
64 10.816750884235846
65 9.776952933542745
66 13.874550864919936
67 8.212733156707134
68 12.835926494384218
69 15.149378211243423
70 13.616114776492575
71 14.082511248590547
72 20.877434204438863
73 10.929810669078037
74 16.899945736471665
75 11.318608992431612
76 13.810623112098167
77 13.00118568867547
78 15.806889751540053
79 15.866479478508287
80 13.979063374394977
81 15.72490133846086
82 13.459538689457663
83 12.495173885683272
84 12.282931229453808
85 9.987507756514136
86 16.420614458289933
87 11.705052802483522
88 17.869252715575744
89 14.491072346635043
90 16.822981899897254
91 17.834896368050103
92 22.791947086640008
93 15.310001144990181
94 11.985319354887551
95 13.872750970020407
96 15.493498473154187
97 10.622407845623444
98 11.605504738980144
99 13.49074587272758
100 16.27221264803653
101 16.49241647993648
102 14.808785033274333
103 18.592187166677945
104 17.15912638960452
105 8.5738419192606
106 18.024156214730073
107 10.639026472554487
108 14.380788009665437
109 17.71200460960643
110 11.70412489055131
111 16.914361180220833
112 17.333261759124053
113 17.62946414915231
114 11.88852311194944
115 18.356573803628844
116 17.06407041576341
117 15.09899685063167
118 18.93724774961571
119 16.585968060882998
120 17.028401706881194
121 12.006303143789173
122 11.55063549356356
123 12.44781176685165
124 10.816750884235846
125 9.776952933542745
126 13.874550864919936
127 8.212733156707134
128 11.605504738980144
129 13.49074587272758
130 13.616114776492575
131 14.082511248590547
132 14.808785033274333
133 10.929810669078037
134 16.899945736471665
135 8.5738419192606
136 13.810623112098167
137 10.639026472554487
138 14.380788009665437
139 15.866479478508287
140 11.70412489055131
141 15.72490133846086
142 13.459538689457663
143 12.495173885683272
144 11.88852311194944
145 9.987507756514136
146 16.420614458289933
147 11.705052802483522
148 17.869252715575744
149 14.491072346635043
150 16.822981899897254
151 17.060380814655023
152 16.95491129731205
153 18.442058284612948
154 17.858676107130655
155 19.51662426995264
156 15.63315134766355
157 14.52035125991637
158 19.903048254231123
159 16.559129738825025
160 14.259565939553534
161 15.051769225691723
162 19.53777401289121
163 11.416372099504633
164 15.065366493116422
165 13.453787156638857
166 16.483657094598815
167 13.14844986530321
168 17.29372558611051
169 18.495227540109568
170 8.797300613015608
171 12.006303143789173
172 8.15866679180566
173 13.9347205919521
174 11.754178410278953
175 18.60412289106058
176 10.580261046777188
177 16.686152179978215
178 11.581229166749608
179 14.883271349226417
180 13.052160573145889
181 12.006303143789173
182 11.55063549356356
183 12.44781176685165
184 10.816750884235846
185 9.776952933542745
186 13.874550864919936
187 8.212733156707134
188 11.605504738980144
189 13.49074587272758
190 13.616114776492575
191 14.082511248590547
192 14.808785033274333
193 10.929810669078037
194 15.065366493116422
195 8.5738419192606
196 13.810623112098167
197 10.639026472554487
198 14.380788009665437
199 15.866479478508287
200 8.797300613015608
201 12.006303143789173
202 8.15866679180566
203 12.495173885683272
204 11.754178410278953
205 9.987507756514136
206 10.580261046777188
207 11.705052802483522
208 11.581229166749608
209 14.491072346635043
210 13.052160573145889
211 14.865118458175388
212 12.204953163304037
213 12.841399430459989
214 21.019152871417752
215 9.344529085850416
216 15.66118784729421
217 13.285474630956337
218 6.9284197534716085
219 18.61519507123914
220 18.740518841551793
221 20.280899113330438
222 20.044917292114587
223 14.389870274786823
224 12.484045292086156
225 15.798809340497757
226 18.279113914645286
227 15.855020216943661
228 17.729921282005375
229 19.68349606071552
230 17.814569707479823
231 6.2805610856284995
232 18.455969859559577
233 19.65990893378931
234 14.001787176128913
235 10.979759617922216
236 14.76378453592503
237 20.314070996770536
238 16.239821074012383
239 6.863802104415884
240 13.370864155741224
241 12.006303143789173
242 11.55063549356356
243 12.44781176685165
244 10.816750884235846
245 9.344529085850416
246 13.874550864919936
247 8.212733156707134
248 6.9284197534716085
249 13.49074587272758
250 13.616114776492575
251 14.082511248590547
252 14.808785033274333
253 10.929810669078037
254 12.484045292086156
255 8.5738419192606
256 13.810623112098167
257 10.639026472554487
258 14.380788009665437
259 15.866479478508287
260 8.797300613015608
261 6.2805610856284995
262 8.15866679180566
263 12.495173885683272
264 11.754178410278953
265 9.987507756514136
266 10.580261046777188
267 11.705052802483522
268 11.581229166749608
269 6.863802104415884
270 13.052160573145889
271 6.049301417822053
272 12.220196676746308
273 15.2240370447964
274 18.134239782183062
275 18.031306961895204
276 15.972658647901827
277 13.818724076480162
278 16.355039095022814
279 17.532571527747653
280 20.474400562325112
281 12.387277232106651
282 14.720104773624827
283 8.776315880676584
284 12.176388533862958
285 13.166008151215213
286 17.99498961065416
287 13.47542992558645
288 14.882298457086645
289 7.451216831391337
290 13.177124734506144
291 14.939474585030043
292 12.767092315453898
293 17.96890608370899
294 21.256259823554313
295 14.480575023753474
296 19.9461785193208
297 16.50316231588845
298 11.398811122846368
299 18.714879148807643
300 16.605958282602003
301 6.049301417822053
302 11.55063549356356
303 12.44781176685165
304 10.816750884235846
305 9.344529085850416
306 13.874550864919936
307 8.212733156707134
308 6.9284197534716085
309 13.49074587272758
310 13.616114776492575
311 12.387277232106651
312 14.720104773624827
313 8.776315880676584
314 12.176388533862958
315 8.5738419192606
316 13.810623112098167
317 10.639026472554487
318 14.380788009665437
319 7.451216831391337
320 8.797300613015608
321 6.2805610856284995
322 8.15866679180566
323 12.495173885683272
324 11.754178410278953
325 9.987507756514136
326 10.580261046777188
327 11.705052802483522
328 11.398811122846368
329 6.863802104415884
330 13.052160573145889
331 20.233137245881622
332 14.799663814965047
333 15.404196594763647
334 9.471046696337499
335 18.297116154675614
336 11.977454880725922
337 20.122244752671797
338 13.908322141523549
339 11.971291209933579
340 11.119067988041706
341 16.6815340336091
342 9.450433107977581
343 8.332787887047125
344 6.004829790535076
345 9.6994989350422
346 19.04260729469034
347 19.873441710746214
348 11.348444704053309
349 8.115297255811733
350 10.817407397533032
351 15.0883261489041
352 12.968150656190792
353 11.218061772335087
354 11.721566592440308
355 7.801596708283739
356 15.963004526146495
357 15.302763328258226
358 9.998498616515622
359 19.017600402193292
360 12.154994091674382
361 6.049301417822053
362 11.55063549356356
363 12.44781176685165
364 9.471046696337499
365 9.344529085850416
366 11.977454880725922
367 8.212733156707134
368 6.9284197534716085
369 11.971291209933579
370 11.119067988041706
371 12.387277232106651
372 9.450433107977581
373 8.332787887047125
374 6.004829790535076
375 8.5738419192606
376 13.810623112098167
377 10.639026472554487
378 11.348444704053309
379 7.451216831391337
380 8.797300613015608
381 6.2805610856284995
382 8.15866679180566
383 11.218061772335087
384 11.721566592440308
385 7.801596708283739
386 10.580261046777188
387 11.705052802483522
388 9.998498616515622
389 6.863802104415884
390 12.154994091674382
391 14.142945219040916
392 9.586595315992065
393 5.286988075193156
394 12.626769097704582
395 7.5678080376842125
396 7.659874801696171
397 10.188413739409489
398 7.83137114581509
399 16.38232083813986
400 14.020901375173919
401 11.283651507406182
402 14.044104614883265
403 9.686405036539767
404 11.140089418120636
405 7.771446488736079
406 7.413982674317149
407 4.914387198244295
408 5.831568742698872
409 15.394684480787049
410 5.01715842188702
411 7.09386327692151
412 12.552739379956044
413 12.770637198053912
414 9.51233279499743
415 12.20488671765014
416 17.168870678030967
417 7.8724976150256945
418 15.793556432774414
419 9.451511697013718
420 14.510203337753804
421 6.049301417822053
422 9.586595315992065
423 5.286988075193156
424 9.471046696337499
425 7.5678080376842125
426 7.659874801696171
427 8.212733156707134
428 6.9284197534716085
429 11.971291209933579
430 11.119067988041706
431 11.283651507406182
432 9.450433107977581
433 8.332787887047125
434 6.004829790535076
435 7.771446488736079
436 7.413982674317149
437 4.914387198244295
438 5.831568742698872
439 7.451216831391337
440 5.01715842188702
441 6.2805610856284995
442 8.15866679180566
443 11.218061772335087
444 9.51233279499743
445 7.801596708283739
446 10.580261046777188
447 7.8724976150256945
448 9.998498616515622
449 6.863802104415884
450 12.154994091674382
451 9.349156382947395
452 10.35954309441543
453 5.470513827965339
454 15.185180037339592
455 7.559147002951738
456 7.957933774479595
457 20.480740227560055
458 13.647888662018062
459 9.1025529711494
460 10.774765996300047
461 11.318243822381014
462 5.083466676104185
463 14.876637165781519
464 12.055646031787553
465 5.258313191456589
466 6.97924858276102
467 14.183423312510637
468 17.93363277949063
469 13.911393038051871
470 8.290503101161729
471 11.09665004414747
472 11.586445621899337
473 12.349888551083696
474 15.311423940270062
475 9.352894047303455
476 10.59913329782718
477 7.661069059037965
478 6.9220784208986625
479 10.641268454927944
480 16.88686562432217
481 6.049301417822053
482 9.586595315992065
483 5.286988075193156
484 9.471046696337499
485 7.559147002951738
486 7.659874801696171
487 8.212733156707134
488 6.9284197534716085
489 9.1025529711494
490 10.774765996300047
491 11.283651507406182
492 5.083466676104185
493 8.332787887047125
494 6.004829790535076
495 5.258313191456589
496 6.97924858276102
497 4.914387198244295
498 5.831568742698872
499 7.451216831391337
500 5.01715842188702
501 6.2805610856284995
502 8.15866679180566
503 11.218061772335087
504 9.51233279499743
505 7.801596708283739
506 10.580261046777188
507 7.661069059037965
508 6.9220784208986625
509 6.863802104415884
510 12.154994091674382
511 12.003886781754158
512 6.366316235967337
513 10.333135576203917
514 15.765263174459985
515 17.0700322555853
516 8.658249107526844
517 12.804924611066912
518 13.764676133468285
519 7.440034198972133
520 12.053049018687995
521 9.527708157294521
522 11.59326203184818
523 7.487972389990841
524 4.865269054842974
525 10.862183192776511
526 12.699869277120964
527 4.7081557781905214
528 14.617032601768427
529 9.99297915282053
530 8.816810832429251
531 10.716368473361268
532 17.017666597645746
533 10.216287554454556
534 5.43842367904132
535 10.204852492349845
536 12.199294429597895
537 11.601763945746809
538 8.058583418374369
539 7.944988169489057
540 5.777736045893571
541 6.049301417822053
542 6.366316235967337
543 5.286988075193156
544 9.471046696337499
545 7.559147002951738
546 7.659874801696171
547 8.212733156707134
548 6.9284197534716085
549 7.440034198972133
550 10.774765996300047
551 9.527708157294521
552 5.083466676104185
553 7.487972389990841
554 4.865269054842974
555 5.258313191456589
556 6.97924858276102
557 4.7081557781905214
558 5.831568742698872
559 7.451216831391337
560 5.01715842188702
561 6.2805610856284995
562 8.15866679180566
563 10.216287554454556
564 5.43842367904132
565 7.801596708283739
566 10.580261046777188
567 7.661069059037965
568 6.9220784208986625
569 6.863802104415884
570 5.777736045893571
571 5.528790018093302
572 11.730742807645223
573 11.97070425960008
574 8.56054573524481
575 8.483470713810854
576 5.613403420189778
577 7.526002247583617
578 12.190799717509469
579 11.496467396845894
580 8.642324430736199
581 9.833141083831599
582 9.504032306236098
583 11.375827721383725
584 13.482688880209967
585 10.837845086892091
586 11.630112500008849
587 13.389092036240902
588 2.9758157134499696
589 8.078242162376718
590 5.266383265865203
591 10.847226209932035
592 9.854021685064573
593 9.758579545629274
594 10.294963467418437
595 13.063831961734145
596 13.724989738641105
597 5.789375983757408
598 9.274165204943397
599 7.130929015181019
600 9.52582029352609
601 5.528790018093302
602 6.366316235967337
603 5.286988075193156
604 8.56054573524481
605 7.559147002951738
606 5.613403420189778
607 7.526002247583617
608 6.9284197534716085
609 7.440034198972133
610 8.642324430736199
611 9.527708157294521
612 5.083466676104185
613 7.487972389990841
614 4.865269054842974
615 5.258313191456589
616 6.97924858276102
617 4.7081557781905214
618 2.9758157134499696
619 7.451216831391337
620 5.01715842188702
621 6.2805610856284995
622 8.15866679180566
623 9.758579545629274
624 5.43842367904132
625 7.801596708283739
626 10.580261046777188
627 5.789375983757408
628 6.9220784208986625
629 6.863802104415884
630 5.777736045893571
631 9.750575571295439
632 12.123568458446757
633 7.803318873832389
634 9.929285124914683
635 5.70602733324177
636 12.42495480813903
637 7.150189788438047
638 8.38969835686423
639 4.941142171614963
640 11.77941703568159
641 8.085899567332007
642 10.36460121878055
643 8.94777719033354
644 4.4691302010893885
645 11.877064253024354
646 8.337469793368363
647 10.163553993048057
648 11.296806767676706
649 9.823800575207766
650 6.549692998862269
651 11.661123847168266
652 8.587843518527592
653 10.619078316444382
654 8.880191415306381
655 9.103062906127327
656 16.787823761521874
657 7.988290605427494
658 10.675203564028358
659 8.283737254493227
660 7.620830272022031
661 5.528790018093302
662 6.366316235967337
663 5.286988075193156
664 8.56054573524481
665 5.70602733324177
666 5.613403420189778
667 7.150189788438047
668 6.9284197534716085
669 4.941142171614963
670 8.642324430736199
671 8.085899567332007
672 5.083466676104185
673 7.487972389990841
674 4.4691302010893885
675 5.258313191456589
676 6.97924858276102
677 4.7081557781905214
678 2.9758157134499696
679 7.451216831391337
680 5.01715842188702
681 6.2805610856284995
682 8.15866679180566
683 9.758579545629274
684 5.43842367904132
685 7.801596708283739
686 10.580261046777188
687 5.789375983757408
688 6.9220784208986625
689 6.863802104415884
690 5.777736045893571
691 3.496686713654693
692 7.781970766921382
693 9.284618477345875
694 8.212763924988469
695 14.048802254397135
696 8.30515448865621
697 7.630301686212417
698 10.872480742091803
699 9.078967674208819
700 7.686487206583324
701 8.381970639915112
702 8.123747813040818
703 9.071432940287917
704 7.165631584896174
705 9.822599483699488
706 15.312043275089636
707 9.07696404488301
708 9.228939534625116
709 12.782408683571537
710 5.110701649856779
711 9.901059179492464
712 6.168500407902523
713 8.690307741952514
714 9.355100529600604
715 9.315739808818037
716 8.065145093963896
717 7.505160073459516
718 5.516182542352558
719 12.569839329555814
720 10.122867221832632
721 3.496686713654693
722 6.366316235967337
723 5.286988075193156
724 8.212763924988469
725 5.70602733324177
726 5.613403420189778
727 7.150189788438047
728 6.9284197534716085
729 4.941142171614963
730 7.686487206583324
731 8.085899567332007
732 5.083466676104185
733 7.487972389990841
734 4.4691302010893885
735 5.258313191456589
736 6.97924858276102
737 4.7081557781905214
738 2.9758157134499696
739 7.451216831391337
740 5.01715842188702
741 6.2805610856284995
742 6.168500407902523
743 8.690307741952514
744 5.43842367904132
745 7.801596708283739
746 8.065145093963896
747 5.789375983757408
748 5.516182542352558
749 6.863802104415884
750 5.777736045893571
751 6.143366949888444
752 9.301395387544893
753 7.072645906689694
754 4.464119726256621
755 11.999314743085563
756 5.993321560803904
757 9.856749496174258
758 11.80054282741536
759 11.654582759499892
760 12.641892592428704
761 8.549641489154444
762 8.1896364368484
763 10.640123253810811
764 8.870944748009128
765 8.474120957944578
766 9.1296108007216
767 10.382643844434401
768 8.76507539198589
769 7.778154876515755
770 10.05561283257408
771 14.27323861990068
772 8.399087996355519
773 5.49940490859398
774 11.796054421308924
775 5.156348320245139
776 9.337409486701354
777 8.582101930086154
778 8.250258077594289
779 12.785750867405751
780 7.52842842973467
781 3.496686713654693
782 6.366316235967337
783 5.286988075193156
784 4.464119726256621
785 5.70602733324177
786 5.613403420189778
787 7.150189788438047
788 6.9284197534716085
789 4.941142171614963
790 7.686487206583324
791 8.085899567332007
792 5.083466676104185
793 7.487972389990841
794 4.4691302010893885
795 5.258313191456589
796 6.97924858276102
797 4.7081557781905214
798 2.9758157134499696
799 7.451216831391337
800 5.01715842188702
801 6.2805610856284995
802 6.168500407902523
803 5.49940490859398
804 5.43842367904132
805 5.156348320245139
806 8.065145093963896
807 5.789375983757408
808 5.516182542352558
809 6.863802104415884
810 5.777736045893571
811 6.713570397162622
812 4.175390972327294
813 6.195260687082816
814 4.862203370403154
815 9.301579887299534
816 2.7726860720749733
817 6.835230958138448
818 7.739796114759191
819 5.010535226538404
820 8.306980231193439
821 11.202774107407791
822 8.873704326404425
823 6.495891793135732
824 7.524590469751995
825 11.124283914874804
826 7.954740010240435
827 4.530893325392896
828 7.438939065504742
829 9.28831933663232
830 5.6240292595659565
831 9.173622147867174
832 6.895701034534142
833 7.864570453764004
834 11.28250946308346
835 11.01395904934624
836 10.633969357231962
837 6.2843608312433314
838 4.7635332305930715
839 5.7390536081630845
840 9.63720658909863
841 3.496686713654693
842 4.175390972327294
843 5.286988075193156
844 4.464119726256621
845 5.70602733324177
846 2.7726860720749733
847 6.835230958138448
848 6.9284197534716085
849 4.941142171614963
850 7.686487206583324
851 8.085899567332007
852 5.083466676104185
853 6.495891793135732
854 4.4691302010893885
855 5.258313191456589
856 6.97924858276102
857 4.530893325392896
858 2.9758157134499696
859 7.451216831391337
860 5.01715842188702
861 6.2805610856284995
862 6.168500407902523
863 5.49940490859398
864 5.43842367904132
865 5.156348320245139
866 8.065145093963896
867 5.789375983757408
868 4.7635332305930715
869 5.7390536081630845
870 5.777736045893571
871 6.316639807351675
872 7.871289735795625
873 7.78415690468009
874 7.160186500681169
875 6.942911379939687
876 9.086823665739256
877 8.746389041331506
878 6.516989087410014
879 6.43255530128959
880 7.253617159454119
881 8.098215901137701
882 2.9983226864559054
883 7.072599387610216
884 10.506726493652174
885 10.64780706814129
886 9.13081888522423
887 9.901022976740608
888 6.281496140975016
889 9.33648922674507
890 4.490535590260039
891 11.279063593097689
892 7.456985200691802
893 5.589008366833811
894 6.801843740081388
895 8.644879086601092
896 9.59884118161172
897 8.411156844506856
898 7.234883896613411
899 8.578486854244746
900 5.824124697778752
901 3.496686713654693
902 4.175390972327294
903 5.286988075193156
904 4.464119726256621
905 5.70602733324177
906 2.7726860720749733
907 6.835230958138448
908 6.516989087410014
909 4.941142171614963
910 7.253617159454119
911 8.085899567332007
912 2.9983226864559054
913 6.495891793135732
914 4.4691302010893885
915 5.258313191456589
916 6.97924858276102
917 4.530893325392896
918 2.9758157134499696
919 7.451216831391337
920 4.490535590260039
921 6.2805610856284995
922 6.168500407902523
923 5.49940490859398
924 5.43842367904132
925 5.156348320245139
926 8.065145093963896
927 5.789375983757408
928 4.7635332305930715
929 5.7390536081630845
930 5.777736045893571
931 5.420466877538309
932 9.206301907850625
933 11.019363491014433
934 5.657478314385153
935 3.4851074626373175
936 12.365558713359931
937 6.0738164417751275
938 6.0654263978293965
939 7.106749287569565
940 7.879610517907651
941 3.4548974470641003
942 4.999083936942222
943 11.049809906072287
944 11.208891670254697
945 6.593455213719407
946 3.418812881072273
947 4.309634561316532
948 7.818935283183659
949 5.72420355198711
950 7.7150653048504845
951 3.196968024395032
952 5.63885336619656
953 8.611313855168417
954 5.34903386309365
955 4.656424948377488
956 7.033758494823443
957 2.3811979464652775
958 5.033027874805775
959 8.823396502651505
960 7.882702959503679
961 3.496686713654693
962 4.175390972327294
963 5.286988075193156
964 4.464119726256621
965 3.4851074626373175
966 2.7726860720749733
967 6.0738164417751275
968 6.0654263978293965
969 4.941142171614963
970 7.253617159454119
971 3.4548974470641003
972 2.9983226864559054
973 6.495891793135732
974 4.4691302010893885
975 5.258313191456589
976 3.418812881072273
977 4.309634561316532
978 2.9758157134499696
979 5.72420355198711
980 4.490535590260039
981 3.196968024395032
982 5.63885336619656
983 5.49940490859398
984 5.34903386309365
985 4.656424948377488
986 7.033758494823443
987 2.3811979464652775
988 4.7635332305930715
989 5.7390536081630845
990 5.777736045893571
evaluations raw_y
1 12.551060215035108
2 18.881336163113374
3 14.187381033655697
4 13.656268326689911
5 11.274615568925944
6 15.641607479844563
7 18.892166609760757
8 13.297057937615577
9 7.800098905453877
10 12.05798866275309
11 14.418171427765053
12 11.349259700390647
13 8.012835672230162
14 18.369391416215993
15 8.988526437292155
16 21.034150716317132
17 17.310504653256775
18 16.029446614159603
19 12.967947154760276
20 13.82141422950595
21 19.224049329756028
22 16.658742634100385
23 14.760123876340092
24 17.78550648656705
25 11.462355847083193
26 19.536067944280944
27 19.58882829233916
28 16.959997724440115
29 15.700230465917393
30 15.29499625182448
31 21.096085214016473
32 16.88130902142575
33 22.049823088148045
34 16.80469329024381
35 12.630669555542262
36 20.575917791239227
37 20.87385301294102
38 13.990414964477832
39 19.717318114110558
40 14.532546484155185
41 18.751421241046557
42 16.07265608921038
43 16.720072821302765
44 21.344353369463516
45 12.94823532607832
46 11.293884862211232
47 22.165727694796637
48 18.911425243993982
49 15.142285082450895
50 11.837229383625559
51 13.903987507291422
52 15.968817788453228
53 12.28993526754906
54 19.836999205422007
55 15.318325237136719
56 20.345453453247472
57 18.92628207200383
58 19.84408656102077
59 14.012099873596089
60 23.50654631355224
61 12.551060215035108
62 16.88130902142575
63 14.187381033655697
64 13.656268326689911
65 11.274615568925944
66 15.641607479844563
67 18.892166609760757
68 13.297057937615577
69 7.800098905453877
70 12.05798866275309
71 14.418171427765053
72 11.349259700390647
73 8.012835672230162
74 18.369391416215993
75 8.988526437292155
76 11.293884862211232
77 17.310504653256775
78 16.029446614159603
79 12.967947154760276
80 11.837229383625559
81 13.903987507291422
82 15.968817788453228
83 12.28993526754906
84 17.78550648656705
85 11.462355847083193
86 19.536067944280944
87 18.92628207200383
88 16.959997724440115
89 14.012099873596089
90 15.29499625182448
91 18.224550817962527
92 20.39805372836817
93 18.67274190181452
94 20.40102728638923
95 13.053444732833555
96 15.611584029805076
97 20.068945783492673
98 18.024935591924184
99 22.310259301750826
100 12.816811340960431
101 21.858229249823435
102 17.66865148952386
103 6.725369608020834
104 15.205544446193082
105 11.86390923662505
106 21.15208169804266
107 13.86097402195431
108 15.83990144754705
109 20.887380275912278
110 8.196601853427389
111 20.051641582933442
112 12.42493966479967
113 20.554017068659455
114 17.40855035379297
115 18.107914069810967
116 17.772639731533683
117 16.496747826969134
118 15.525532358251546
119 15.109608366406793
120 16.10858012047291
121 12.551060215035108
122 16.88130902142575
123 14.187381033655697
124 13.656268326689911
125 11.274615568925944
126 15.611584029805076
127 18.892166609760757
128 13.297057937615577
129 7.800098905453877
130 12.05798866275309
131 14.418171427765053
132 11.349259700390647
133 6.725369608020834
134 15.205544446193082
135 8.988526437292155
136 11.293884862211232
137 13.86097402195431
138 15.83990144754705
139 12.967947154760276
140 8.196601853427389
141 13.903987507291422
142 12.42493966479967
143 12.28993526754906
144 17.40855035379297
145 11.462355847083193
146 17.772639731533683
147 16.496747826969134
148 15.525532358251546
149 14.012099873596089
150 15.29499625182448
151 17.819430644334656
152 15.053892079458684
153 22.30550028690419
154 12.03128906459401
155 18.016953916315785
156 18.2109356142306
157 17.564786581747374
158 21.601145078492287
159 21.813915933399098
160 16.91702301915517
161 18.203906559840814
162 19.495798840693016
163 21.625445531096133
164 20.137050056479765
165 18.543192817309095
166 18.724429487254156
167 20.776707284236032
168 18.817112539439997
169 24.46189743908649
170 18.51089215459855
171 18.518100279758514
172 13.109824109984604
173 12.445117555591011
174 13.33662475199798
175 11.719650343476452
176 18.06477207317385
177 10.078180753460702
178 17.170905672565073
179 10.682874137969304
180 10.338462638336374
181 12.551060215035108
182 15.053892079458684
183 14.187381033655697
184 12.03128906459401
185 11.274615568925944
186 15.611584029805076
187 17.564786581747374
188 13.297057937615577
189 7.800098905453877
190 12.05798866275309
191 14.418171427765053
192 11.349259700390647
193 6.725369608020834
194 15.205544446193082
195 8.988526437292155
196 11.293884862211232
197 13.86097402195431
198 15.83990144754705
199 12.967947154760276
200 8.196601853427389
201 13.903987507291422
202 12.42493966479967
203 12.28993526754906
204 13.33662475199798
205 11.462355847083193
206 17.772639731533683
207 10.078180753460702
208 15.525532358251546
209 10.682874137969304
210 10.338462638336374
211 15.859187572031097
212 14.914971708408157
213 12.987039911662249
214 18.401574803595878
215 18.057411650219805
216 12.346419795119985
217 15.237817515029988
218 17.57561660599624
219 11.733101777660178
220 14.915819569601146
221 10.869263430774097
222 6.079433956585682
223 14.451727638877532
224 12.868201221298516
225 14.894755046917522
226 9.199346479494729
227 21.894189227654138
228 13.87148687359744
229 15.523629384592434
230 11.259848703489936
231 14.643620189484638
232 21.86265123335783
233 14.192924163924495
234 5.576433022297555
235 16.379149702319364
236 14.385191483476941
237 20.182643142134026
238 16.782335765649652
239 10.157542016495675
240 15.730101783943086
241 12.551060215035108
242 14.914971708408157
243 12.987039911662249
244 12.03128906459401
245 11.274615568925944
246 12.346419795119985
247 15.237817515029988
248 13.297057937615577
249 7.800098905453877
250 12.05798866275309
251 10.869263430774097
252 6.079433956585682
253 6.725369608020834
254 12.868201221298516
255 8.988526437292155
256 9.199346479494729
257 13.86097402195431
258 13.87148687359744
259 12.967947154760276
260 8.196601853427389
261 13.903987507291422
262 12.42493966479967
263 12.28993526754906
264 5.576433022297555
265 11.462355847083193
266 14.385191483476941
267 10.078180753460702
268 15.525532358251546
269 10.157542016495675
270 10.338462638336374
271 11.619929864076864
272 22.582691815144482
273 22.02054825802322
274 16.016729793726252
275 18.48983716270163
276 12.859799100823748
277 20.167666747584303
278 8.784613752958794
279 12.958148207334975
280 6.783697583507403
281 13.236873188635077
282 13.124084201911309
283 17.91561051906332
284 9.475830399189638
285 15.599815145055288
286 14.357108962740863
287 16.93743529773895
288 8.10321465786163
289 10.934961695088733
290 15.130418610631667
291 9.545724088032614
292 13.094086894007681
293 6.471385423158044
294 12.540852378733081
295 15.51337884490099
296 8.362543592333514
297 9.52032542885823
298 12.63108393526496
299 11.328918261622809
300 13.428605263609276
301 11.619929864076864
302 14.914971708408157
303 12.987039911662249
304 12.03128906459401
305 11.274615568925944
306 12.346419795119985
307 15.237817515029988
308 8.784613752958794
309 7.800098905453877
310 6.783697583507403
311 10.869263430774097
312 6.079433956585682
313 6.725369608020834
314 9.475830399189638
315 8.988526437292155
316 9.199346479494729
317 13.86097402195431
318 8.10321465786163
319 10.934961695088733
320 8.196601853427389
321 9.545724088032614
322 12.42493966479967
323 6.471385423158044
324 5.576433022297555
325 11.462355847083193
326 8.362543592333514
327 9.52032542885823
328 12.63108393526496
329 10.157542016495675
330 10.338462638336374
331 14.595750925350831
332 9.865155558483126
333 16.065100690315795
334 11.860979870338904
335 8.375456645959797
336 15.75248666539712
337 14.373209257610831
338 13.898457039510186
339 9.616338765169127
340 13.606688618424917
341 12.145663253047395
342 14.261438458318704
343 8.659291335860539
344 13.677205418815067
345 15.574682583453074
346 6.656911057503141
347 8.57761581609488
348 12.209226888764498
349 14.541455002130036
350 12.109107176798377
351 7.7703888621198605
352 9.781984969957024
353 6.898802144403237
354 10.103174515789075
355 15.721397127074635
356 15.197509139236619
357 11.99087157974635
358 11.020272343656366
359 10.084883362657878
360 12.098783452797488
361 11.619929864076864
362 9.865155558483126
363 12.987039911662249
364 11.860979870338904
365 8.375456645959797
366 12.346419795119985
367 14.373209257610831
368 8.784613752958794
369 7.800098905453877
370 6.783697583507403
371 10.869263430774097
372 6.079433956585682
373 6.725369608020834
374 9.475830399189638
375 8.988526437292155
376 6.656911057503141
377 8.57761581609488
378 8.10321465786163
379 10.934961695088733
380 8.196601853427389
381 7.7703888621198605
382 9.781984969957024
383 6.471385423158044
384 5.576433022297555
385 11.462355847083193
386 8.362543592333514
387 9.52032542885823
388 11.020272343656366
389 10.084883362657878
390 10.338462638336374
391 16.153807605736677
392 16.11644996262609
393 15.536002139382923
394 8.15736439585871
395 9.12577104889526
396 15.766642311360025
397 15.565467258764077
398 20.265936659514985
399 16.860317602249353
400 16.70862598117307
401 12.731069786596992
402 12.749840725152989
403 15.162078813524925
404 7.529137155469454
405 14.864511230848374
406 12.453476876561702
407 16.371516437466745
408 8.679201620009152
409 17.616361379345737
410 18.90731272602987
411 13.387047015934217
412 12.443379073667257
413 11.843902819954227
414 15.479852375216076
415 12.784446888312669
416 13.257509072635683
417 9.00541711038684
418 19.05372573440682
419 15.484313858740027
420 17.934101212227958
421 11.619929864076864
422 9.865155558483126
423 12.987039911662249
424 8.15736439585871
425 8.375456645959797
426 12.346419795119985
427 14.373209257610831
428 8.784613752958794
429 7.800098905453877
430 6.783697583507403
431 10.869263430774097
432 6.079433956585682
433 6.725369608020834
434 7.529137155469454
435 8.988526437292155
436 6.656911057503141
437 8.57761581609488
438 8.10321465786163
439 10.934961695088733
440 8.196601853427389
441 7.7703888621198605
442 9.781984969957024
443 6.471385423158044
444 5.576433022297555
445 11.462355847083193
446 8.362543592333514
447 9.00541711038684
448 11.020272343656366
449 10.084883362657878
450 10.338462638336374
451 19.324259186155153
452 9.34953362536843
453 16.24598960358288
454 13.777582108932828
455 11.78569443384078
456 11.463470124506822
457 11.486833328979886
458 11.961200476682663
459 15.71049693949232
460 8.156769040711122
461 17.684194957086547
462 6.554022686643023
463 7.529201002679562
464 10.800576439306504
465 14.070112034200331
466 12.182015898552851
467 14.346394091170952
468 14.468269267995892
469 9.881612439354136
470 14.130504150107475
471 8.029224614600654
472 8.723473674846868
473 12.134200954247024
474 13.122673447064912
475 12.108002677202386
476 9.814369976609145
477 16.491020145956085
478 6.336997512554047
479 17.66890283161515
480 10.424201444181232
481 11.619929864076864
482 9.34953362536843
483 12.987039911662249
484 8.15736439585871
485 8.375456645959797
486 11.463470124506822
487 11.486833328979886
488 8.784613752958794
489 7.800098905453877
490 6.783697583507403
491 10.869263430774097
492 6.079433956585682
493 6.725369608020834
494 7.529137155469454
495 8.988526437292155
496 6.656911057503141
497 8.57761581609488
498 8.10321465786163
499 9.881612439354136
500 8.196601853427389
501 7.7703888621198605
502 8.723473674846868
503 6.471385423158044
504 5.576433022297555
505 11.462355847083193
506 8.362543592333514
507 9.00541711038684
508 6.336997512554047
509 10.084883362657878
510 10.338462638336374
511 13.93057021663943
512 17.319453884313923
513 12.851440052959802
514 11.440900348979643
515 13.038315446029035
516 8.351336569633052
517 5.969966167228138
518 10.373136592557547
519 13.483979219713335
520 12.53016433790576
521 9.223499041049212
522 10.349290580373024
523 10.631433810418738
524 16.001884155573315
525 16.928812584733265
526 8.340428148479171
527 12.94265171276405
528 15.423202415747772
529 17.187781542170924
530 10.863841723061961
531 14.151236308061595
532 7.826065618121455
533 7.947914579773507
534 8.658791310203071
535 15.101911070651777
536 12.968265746648731
537 4.982875119209901
538 10.330209851305636
539 10.267063199395016
540 7.776308414377429
541 11.619929864076864
542 9.34953362536843
543 12.851440052959802
544 8.15736439585871
545 8.375456645959797
546 8.351336569633052
547 5.969966167228138
548 8.784613752958794
549 7.800098905453877
550 6.783697583507403
551 9.223499041049212
552 6.079433956585682
553 6.725369608020834
554 7.529137155469454
555 8.988526437292155
556 6.656911057503141
557 8.57761581609488
558 8.10321465786163
559 9.881612439354136
560 8.196601853427389
561 7.7703888621198605
562 7.826065618121455
563 6.471385423158044
564 5.576433022297555
565 11.462355847083193
566 8.362543592333514
567 4.982875119209901
568 6.336997512554047
569 10.084883362657878
570 7.776308414377429
571 11.061084224475715
572 7.047853433194799
573 10.257536958211771
574 10.137076931749723
575 14.9830665833078
576 13.249600593107097
577 9.945736182102568
578 4.938188639985578
579 10.336818380653968
580 9.638029907645674
581 7.329913301586241
582 6.8396273382141635
583 13.365053766466593
584 14.037892005456573
585 5.137994519762824
586 14.268956192580816
587 11.931640476883974
588 9.119955696664967
589 9.322740021688624
590 6.946363322850874
591 7.167244294650001
592 8.96287038101296
593 13.94974375518916
594 8.134812309008964
595 10.957660650183344
596 13.319827609130435
597 12.369052775215712
598 9.600377245894236
599 9.35696557907717
600 13.950021534214091
601 11.061084224475715
602 7.047853433194799
603 10.257536958211771
604 8.15736439585871
605 8.375456645959797
606 8.351336569633052
607 5.969966167228138
608 4.938188639985578
609 7.800098905453877
610 6.783697583507403
611 7.329913301586241
612 6.079433956585682
613 6.725369608020834
614 7.529137155469454
615 5.137994519762824
616 6.656911057503141
617 8.57761581609488
618 8.10321465786163
619 9.322740021688624
620 6.946363322850874
621 7.167244294650001
622 7.826065618121455
623 6.471385423158044
624 5.576433022297555
625 10.957660650183344
626 8.362543592333514
627 4.982875119209901
628 6.336997512554047
629 9.35696557907717
630 7.776308414377429
631 6.661852823054945
632 9.939856285384538
633 11.495449506692985
634 15.046419204805245
635 10.272776854625082
636 9.90098747229184
637 9.415669771487707
638 8.780228136696183
639 13.693905239020925
640 9.807351365898889
641 8.610521909783953
642 7.4561506024125
643 7.777586088683405
644 7.4683557341287905
645 14.859323025912152
646 11.12039921693989
647 8.142185930454232
648 11.202307181984368
649 13.434197623644854
650 12.902414586164092
651 17.32692964234339
652 9.147602049689485
653 10.939849909440158
654 11.761135167194748
655 11.714526480078147
656 9.41372910114412
657 7.2890661442685145
658 15.833752035080986
659 11.20110009724166
660 10.37405756046819
661 6.661852823054945
662 7.047853433194799
663 10.257536958211771
664 8.15736439585871
665 8.375456645959797
666 8.351336569633052
667 5.969966167228138
668 4.938188639985578
669 7.800098905453877
670 6.783697583507403
671 7.329913301586241
672 6.079433956585682
673 6.725369608020834
674 7.4683557341287905
675 5.137994519762824
676 6.656911057503141
677 8.142185930454232
678 8.10321465786163
679 9.322740021688624
680 6.946363322850874
681 7.167244294650001
682 7.826065618121455
683 6.471385423158044
684 5.576433022297555
685 10.957660650183344
686 8.362543592333514
687 4.982875119209901
688 6.336997512554047
689 9.35696557907717
690 7.776308414377429
691 7.759772380476219
692 8.226587220683209
693 12.876120059998602
694 6.336522822060114
695 6.82725296875842
696 13.816344878478475
697 8.809338143441446
698 13.318366423023278
699 13.760270079045773
700 14.96477746812322
701 7.886170259654616
702 9.371743943777615
703 8.100664766754043
704 9.678795555814256
705 10.567824415942258
706 12.615894192633856
707 17.429884567373573
708 6.5375573157865405
709 10.961164312948632
710 6.167534753373525
711 8.571673428900045
712 10.616129576483361
713 12.679028533163399
714 11.59834799078943
715 10.194908496043386
716 8.050311458976806
717 10.093850327475568
718 10.62013680949455
719 9.415220447303296
720 11.341995520455875
721 6.661852823054945
722 7.047853433194799
723 10.257536958211771
724 6.336522822060114
725 6.82725296875842
726 8.351336569633052
727 5.969966167228138
728 4.938188639985578
729 7.800098905453877
730 6.783697583507403
731 7.329913301586241
732 6.079433956585682
733 6.725369608020834
734 7.4683557341287905
735 5.137994519762824
736 6.656911057503141
737 8.142185930454232
738 6.5375573157865405
739 9.322740021688624
740 6.167534753373525
741 7.167244294650001
742 7.826065618121455
743 6.471385423158044
744 5.576433022297555
745 10.194908496043386
746 8.050311458976806
747 4.982875119209901
748 6.336997512554047
749 9.35696557907717
750 7.776308414377429
751 9.868733350017251
752 9.337649402044304
753 10.547399565914002
754 9.281778020530773
755 8.898925593826485
756 9.653893220176117
757 5.787031348669132
758 8.658305657115875
759 10.635277031645476
760 10.455923303560517
761 10.855712117618541
762 6.581295250649823
763 13.182253512908236
764 9.580458780409561
765 9.59518324077948
766 9.849175564592151
767 11.6614896559559
768 12.379605669856584
769 11.365227014961427
770 7.477074752643237
771 8.75583680215953
772 13.33579267084427
773 6.177455338932885
774 10.415599260268902
775 11.276983005033449
776 7.533739605494324
777 10.431034843422019
778 8.644043573668487
779 8.068292840467633
780 9.022654403666538
781 6.661852823054945
782 7.047853433194799
783 10.257536958211771
784 6.336522822060114
785 6.82725296875842
786 8.351336569633052
787 5.787031348669132
788 4.938188639985578
789 7.800098905453877
790 6.783697583507403
791 7.329913301586241
792 6.079433956585682
793 6.725369608020834
794 7.4683557341287905
795 5.137994519762824
796 6.656911057503141
797 8.142185930454232
798 6.5375573157865405
799 9.322740021688624
800 6.167534753373525
801 7.167244294650001
802 7.826065618121455
803 6.177455338932885
804 5.576433022297555
805 10.194908496043386
806 7.533739605494324
807 4.982875119209901
808 6.336997512554047
809 8.068292840467633
810 7.776308414377429
811 6.787597554067725
812 13.346708682420227
813 12.741260899185189
814 10.771515659208871
815 11.758886557028367
816 13.143006314405831
817 11.381342092420136
818 15.935511422110622
819 14.156577466909381
820 10.973915607516048
821 12.730415496581426
822 7.5035453641796455
823 6.471218255542476
824 15.951035562897754
825 7.89500221935649
826 9.370879744708285
827 11.651808249990173
828 11.219180162287259
829 12.460690080195105
830 8.273289615111931
831 11.88477673194402
832 5.855645751608654
833 8.719355504597981
834 10.401483144310223
835 11.224309616019458
836 12.99509921640078
837 5.444052115516586
838 8.867332248818478
839 8.751084602402525
840 8.45577976522231
841 6.661852823054945
842 7.047853433194799
843 10.257536958211771
844 6.336522822060114
845 6.82725296875842
846 8.351336569633052
847 5.787031348669132
848 4.938188639985578
849 7.800098905453877
850 6.783697583507403
851 7.329913301586241
852 6.079433956585682
853 6.471218255542476
854 7.4683557341287905
855 5.137994519762824
856 6.656911057503141
857 8.142185930454232
858 6.5375573157865405
859 9.322740021688624
860 6.167534753373525
861 7.167244294650001
862 5.855645751608654
863 6.177455338932885
864 5.576433022297555
865 10.194908496043386
866 7.533739605494324
867 4.982875119209901
868 6.336997512554047
869 8.068292840467633
870 7.776308414377429
871 7.198462375494389
872 7.799034081199014
873 5.2386569437945
874 10.363720414043314
875 11.335307760041466
876 5.228845214325201
877 7.100831225029059
878 13.635931692607246
879 4.344462478578582
880 10.431962814269264
881 3.560741407954942
882 8.417640483164224
883 11.470066683680155
884 13.921324621453769
885 10.721869578986173
886 8.534686039248548
887 5.903302980926631
888 4.631690558620967
889 13.696324706134831
890 7.927008135593756
891 7.304465426761931
892 10.738453454848898
893 10.453495343816991
894 5.817747286445453
895 10.307701003783217
896 8.29253641088566
897 9.582120574272214
898 12.001384802820311
899 9.866560387163412
900 5.667988623124523
901 6.661852823054945
902 7.047853433194799
903 5.2386569437945
904 6.336522822060114
905 6.82725296875842
906 5.228845214325201
907 5.787031348669132
908 4.938188639985578
909 4.344462478578582
910 6.783697583507403
911 3.560741407954942
912 6.079433956585682
913 6.471218255542476
914 7.4683557341287905
915 5.137994519762824
916 6.656911057503141
917 5.903302980926631
918 4.631690558620967
919 9.322740021688624
920 6.167534753373525
921 7.167244294650001
922 5.855645751608654
923 6.177455338932885
924 5.576433022297555
925 10.194908496043386
926 7.533739605494324
927 4.982875119209901
928 6.336997512554047
929 8.068292840467633
930 5.667988623124523
931 5.7551695385134725
932 11.619194399621936
933 7.359272748412751
934 9.14864339271368
935 9.394822054815165
936 4.5884536031204854
937 9.112810274065783
938 5.24807282539679
939 7.784062658217465
940 8.83628992865146
941 5.689699103317466
942 7.208373397496841
943 7.298020876308636
944 4.128564721221858
945 3.398994963893472
946 8.696072540997973
947 10.375735164076314
948 6.061897504331711
949 10.626889135380928
950 10.027403274610032
951 9.978712989510798
952 5.492579938364601
953 6.811714298366422
954 5.976433781406838
955 14.019864468397927
956 10.048079956328042
957 6.269457145565584
958 5.934164355628296
959 5.457290754368822
960 9.510981583328691
961 5.7551695385134725
962 7.047853433194799
963 5.2386569437945
964 6.336522822060114
965 6.82725296875842
966 4.5884536031204854
967 5.787031348669132
968 4.938188639985578
969 4.344462478578582
970 6.783697583507403
971 3.560741407954942
972 6.079433956585682
973 6.471218255542476
974 4.128564721221858
975 3.398994963893472
976 6.656911057503141
977 5.903302980926631
978 4.631690558620967
979 9.322740021688624
980 6.167534753373525
981 7.167244294650001
982 5.492579938364601
983 6.177455338932885
984 5.576433022297555
985 10.194908496043386
986 7.533739605494324
987 4.982875119209901
988 5.934164355628296
989 5.457290754368822
990 5.667988623124523
evaluations raw_y
1 18.657079410955195
2 19.343445305473793
3 20.222925007849767
4 20.509962482096316
5 18.290952787512506
6 14.982715024523689
7 17.00332267119139
8 6.014002927173369
9 11.522892398173957
10 8.629225003566397
11 13.443710392490487
12 15.660938494262176
13 14.364855050964596
14 15.62895905143552
15 16.232486333395258
16 12.376855843072201
17 15.735320221727457
18 16.04159375004851
19 14.171060337653275
20 8.678436025547418
21 16.93087051453559
22 15.740082446571362
23 16.464009858705047
24 19.377629153423552
25 19.5402680424206
26 20.63228665830802
27 13.455989631375832
28 17.90302954599937
29 14.66087868124849
30 16.335689070435585
31 22.941734098130585
32 17.669109362235503
33 22.06820561097151
34 11.28830553233188
35 17.874926661581686
36 19.32365975153105
37 19.0695176375308
38 12.179346005115844
39 23.589822894906888
40 19.030511556135806
41 18.723144975101334
42 24.497130920795385
43 17.435079784789465
44 22.40258619858365
45 16.223474853038844
46 22.34464168952573
47 19.313017297289598
48 23.295387577940925
49 20.764766513253946
50 19.385811818955805
51 19.25049912880706
52 19.366281241914393
53 17.926943738276076
54 19.362616435104083
55 16.506372597933293
56 16.881857510914735
57 17.479557693372254
58 20.969255556909705
59 18.345206775022124
60 22.84632278829987
61 18.657079410955195
62 17.669109362235503
63 20.222925007849767
64 11.28830553233188
65 17.874926661581686
66 14.982715024523689
67 17.00332267119139
68 6.014002927173369
69 11.522892398173957
70 8.629225003566397
71 13.443710392490487
72 15.660938494262176
73 14.364855050964596
74 15.62895905143552
75 16.223474853038844
76 12.376855843072201
77 15.735320221727457
78 16.04159375004851
79 14.171060337653275
80 8.678436025547418
81 16.93087051453559
82 15.740082446571362
83 16.464009858705047
84 19.362616435104083
85 16.506372597933293
86 16.881857510914735
87 13.455989631375832
88 17.90302954599937
89 14.66087868124849
90 16.335689070435585
91 19.63806365849054
92 16.769792346521417
93 15.153135278820878
94 18.37349524355878
95 14.419347214719814
96 23.4239843603089
97 16.007860591704
98 15.349623543506446
99 11.901834514387
100 16.006613334502777
101 14.781145561292375
102 15.834911639459941
103 15.711250139114256
104 12.226390998950315
105 10.848200572179088
106 14.209563152733764
107 21.39435594688399
108 12.727747129500662
109 13.509326673536066
110 16.124943545512956
111 24.776973213804165
112 15.935032117287355
113 20.975098894681466
114 15.21653264361193
115 20.727547054102722
116 19.13424494410122
117 20.02294910048341
118 16.781857372031254
119 17.30644882440515
120 19.666133879364406
121 18.657079410955195
122 16.769792346521417
123 15.153135278820878
124 11.28830553233188
125 14.419347214719814
126 14.982715024523689
127 16.007860591704
128 6.014002927173369
129 11.522892398173957
130 8.629225003566397
131 13.443710392490487
132 15.660938494262176
133 14.364855050964596
134 12.226390998950315
135 10.848200572179088
136 12.376855843072201
137 15.735320221727457
138 12.727747129500662
139 13.509326673536066
140 8.678436025547418
141 16.93087051453559
142 15.740082446571362
143 16.464009858705047
144 15.21653264361193
145 16.506372597933293
146 16.881857510914735
147 13.455989631375832
148 16.781857372031254
149 14.66087868124849
150 16.335689070435585
151 14.924148558110005
152 16.865378304708194
153 22.469841236521948
154 18.18994312320131
155 18.34340668113674
156 19.73978637550581
157 8.902162915649697
158 14.381773343901303
159 18.830793206918614
160 12.888955447553698
161 23.300649214223412
162 21.581301250569716
163 17.942766328605448
164 11.43277550476257
165 15.482509722836074
166 20.847090851634395
167 18.760045536209283
168 21.63295386803791
169 17.278203681571387
170 19.066351952419215
171 18.11412503935326
172 15.976923306852312
173 22.82842643469996
174 20.09095906949103
175 18.461460408409792
176 20.641767197357726
177 14.109347711515127
178 17.43295487033033
179 12.627593222549315
180 16.779538553642325
181 14.924148558110005
182 16.769792346521417
183 15.153135278820878
184 11.28830553233188
185 14.419347214719814
186 14.982715024523689
187 8.902162915649697
188 6.014002927173369
189 11.522892398173957
190 8.629225003566397
191 13.443710392490487
192 15.660938494262176
193 14.364855050964596
194 11.43277550476257
195 10.848200572179088
196 12.376855843072201
197 15.735320221727457
198 12.727747129500662
199 13.509326673536066
200 8.678436025547418
201 16.93087051453559
202 15.740082446571362
203 16.464009858705047
204 15.21653264361193
205 16.506372597933293
206 16.881857510914735
207 13.455989631375832
208 16.781857372031254
209 12.627593222549315
210 16.335689070435585
211 18.31488309521736
212 13.429795528762066
213 16.102997496828216
214 17.17920431559333
215 14.832865879207663
216 21.116366097553794
217 13.480124694811083
218 21.707917171336938
219 20.78682525182892
220 15.915639749829435
221 16.291393015394284
222 23.06892988247577
223 24.6560780010834
224 5.042393795601011
225 17.797756804389792
226 15.419185911682408
227 12.577835585664207
228 12.41471661758158
229 21.028547781523947
230 20.2714075657178
231 13.63423376040654
232 15.05626133961255
233 10.668031438111795
234 19.61063181900577
235 10.037041941616202
236 14.280770260883079
237 15.641291395791736
238 18.851430017533552
239 14.049963409270184
240 17.596353772040864
241 14.924148558110005
242 13.429795528762066
243 15.153135278820878
244 11.28830553233188
245 14.419347214719814
246 14.982715024523689
247 8.902162915649697
248 6.014002927173369
249 11.522892398173957
250 8.629225003566397
251 13.443710392490487
252 15.660938494262176
253 14.364855050964596
254 5.042393795601011
255 10.848200572179088
256 12.376855843072201
257 12.577835585664207
258 12.41471661758158
259 13.509326673536066
260 8.678436025547418
261 13.63423376040654
262 15.05626133961255
263 10.668031438111795
264 15.21653264361193
265 10.037041941616202
266 14.280770260883079
267 13.455989631375832
268 16.781857372031254
269 12.627593222549315
270 16.335689070435585
271 21.840379840858034
272 18.066805417001984
273 7.31055302202793
274 19.307147795293734
275 14.514235369121915
276 18.700474094607138
277 13.860777596309077
278 12.66098679948873
279 11.959240771875805
280 15.618870717112477
281 15.674775351710876
282 7.162530148148438
283 22.085778391465972
284 15.084706439075841
285 17.13200831078739
286 15.02066925377621
287 16.796002970594973
288 18.375562137496637
289 16.08719407592766
290 21.50105620182959
291 16.990773065178043
292 16.773546593884976
293 15.584864938299777
294 14.12896216485847
295 12.967419093974758
296 9.452052058962206
297 7.645823721049951
298 13.247656875935075
299 14.256495720072486
300 14.323408108558585
301 14.924148558110005
302 13.429795528762066
303 7.31055302202793
304 11.28830553233188
305 14.419347214719814
306 14.982715024523689
307 8.902162915649697
308 6.014002927173369
309 11.522892398173957
310 8.629225003566397
311 13.443710392490487
312 7.162530148148438
313 14.364855050964596
314 5.042393795601011
315 10.848200572179088
316 12.376855843072201
317 12.577835585664207
318 12.41471661758158
319 13.509326673536066
320 8.678436025547418
321 13.63423376040654
322 15.05626133961255
323 10.668031438111795
324 14.12896216485847
325 10.037041941616202
326 9.452052058962206
327 7.645823721049951
328 13.247656875935075
329 12.627593222549315
330 14.323408108558585
331 14.359487306928095
332 17.8582221053328
333 13.390723642238688
334 13.478958601734192
335 7.903361433343215
336 8.675152909018559
337 14.480021740745022
338 21.839519869208253
339 14.82210654417812
340 12.38029808176716
341 12.913848755850356
342 12.746263348568515
343 8.438891549274084
344 6.325558063381179
345 14.724343261308459
346 7.697799233338802
347 13.280484409369269
348 8.518578572056173
349 14.79466950590612
350 12.493153259852088
351 14.499998688711038
352 18.158327341922867
353 15.548845425623307
354 4.759427948284353
355 8.407092888447977
356 16.235376284231048
357 11.793221805461027
358 11.400626851530454
359 13.152161503025045
360 11.377498171509943
361 14.359487306928095
362 13.429795528762066
363 7.31055302202793
364 11.28830553233188
365 7.903361433343215
366 8.675152909018559
367 8.902162915649697
368 6.014002927173369
369 11.522892398173957
370 8.629225003566397
371 12.913848755850356
372 7.162530148148438
373 8.438891549274084
374 5.042393795601011
375 10.848200572179088
376 7.697799233338802
377 12.577835585664207
378 8.518578572056173
379 13.509326673536066
380 8.678436025547418
381 13.63423376040654
382 15.05626133961255
383 10.668031438111795
384 4.759427948284353
385 8.407092888447977
386 9.452052058962206
387 7.645823721049951
388 11.400626851530454
389 12.627593222549315
390 11.377498171509943
391 12.820295005383398
392 17.934908531043607
393 15.364928520828865
394 13.596203964863236
395 10.831371002380306
396 11.701914586386604
397 12.63602947205714
398 13.013816598643505
399 16.51549268079869
400 15.001304253268994
401 18.09266412787573
402 6.988897638724122
403 10.193128863953508
404 9.22022119410309
405 6.619271996415248
406 9.224288961206323
407 16.490095010038452
408 7.7864986893041035
409 13.789543755417666
410 13.430526470504924
411 18.268276722971194
412 16.6184759329273
413 12.035011502897932
414 18.14305594817932
415 7.7552042085660995
416 15.402045101696924
417 14.368139932241487
418 21.638450164782327
419 6.623094406114589
420 17.05956673599682
421 12.820295005383398
422 13.429795528762066
423 7.31055302202793
424 11.28830553233188
425 7.903361433343215
426 8.675152909018559
427 8.902162915649697
428 6.014002927173369
429 11.522892398173957
430 8.629225003566397
431 12.913848755850356
432 6.988897638724122
433 8.438891549274084
434 5.042393795601011
435 6.619271996415248
436 7.697799233338802
437 12.577835585664207
438 7.7864986893041035
439 13.509326673536066
440 8.678436025547418
441 13.63423376040654
442 15.05626133961255
443 10.668031438111795
444 4.759427948284353
445 7.7552042085660995
446 9.452052058962206
447 7.645823721049951
448 11.400626851530454
449 6.623094406114589
450 11.377498171509943
451 16.32722440639384
452 12.706211047358567
453 10.969548516562943
454 10.909297383397323
455 12.261077869512448
456 7.426841334681454
457 9.373390777695114
458 10.095505592786425
459 5.600638356607013
460 15.051454296763445
461 9.392629791905772
462 18.947608068492734
463 8.37865903354923
464 8.888245142488136
465 10.668277774824558
466 8.787744668575176
467 13.354368020459578
468 14.450244688856305
469 10.575473737800433
470 12.176805369625706
471 4.777237384052844
472 9.306211905732598
473 10.092966715171462
474 12.641813930806121
475 12.14369089875974
476 10.562786518005039
477 7.564243337535251
478 13.03094165501468
479 14.331964144868586
480 5.810206724578835
481 12.820295005383398
482 12.706211047358567
483 7.31055302202793
484 10.909297383397323
485 7.903361433343215
486 7.426841334681454
487 8.902162915649697
488 6.014002927173369
489 5.600638356607013
490 8.629225003566397
491 9.392629791905772
492 6.988897638724122
493 8.37865903354923
494 5.042393795601011
495 6.619271996415248
496 7.697799233338802
497 12.577835585664207
498 7.7864986893041035
499 10.575473737800433
500 8.678436025547418
501 4.777237384052844
502 9.306211905732598
503 10.092966715171462
504 4.759427948284353
505 7.7552042085660995
506 9.452052058962206
507 7.564243337535251
508 11.400626851530454
509 6.623094406114589
510 5.810206724578835
511 14.897588763817067
512 11.357624837655782
513 14.54762938624949
514 8.726864979360466
515 13.707085180441288
516 14.261183359012165
517 10.335727592243337
518 14.437729566438934
519 6.16696890722771
520 9.131469907279143
521 9.633244234500483
522 17.56082377746876
523 10.534553043613453
524 10.031898079060145
525 13.263098953762269
526 12.25133648508551
527 12.57004752113658
528 10.648145755031846
529 14.222994020168032
530 17.493816455185414
531 6.201594244051303
532 16.685635066615873
533 8.338928040312977
534 11.399035109806187
535 10.655434592781411
536 14.717651672141475
537 14.50617440568593
538 13.983256261888762
539 11.523498426239382
540 16.94965941582532
541 12.820295005383398
542 11.357624837655782
543 7.31055302202793
544 8.726864979360466
545 7.903361433343215
546 7.426841334681454
547 8.902162915649697
548 6.014002927173369
549 5.600638356607013
550 8.629225003566397
551 9.392629791905772
552 6.988897638724122
553 8.37865903354923
554 5.042393795601011
555 6.619271996415248
556 7.697799233338802
557 12.57004752113658
558 7.7864986893041035
559 10.575473737800433
560 8.678436025547418
561 4.777237384052844
562 9.306211905732598
563 8.338928040312977
564 4.759427948284353
565 7.7552042085660995
566 9.452052058962206
567 7.564243337535251
568 11.400626851530454
569 6.623094406114589
570 5.810206724578835
571 15.215260033904238
572 12.422955361957118
573 12.119604701061466
574 9.22109680958081
575 10.580821518810623
576 7.694154685605044
577 15.012061359392842
578 11.366178900715171
579 13.571933480844432
580 11.350788026399702
581 13.828814404007991
582 7.66324160255186
583 10.870172506881604
584 6.328608207074342
585 10.426469322754372
586 6.626049988777306
587 8.180976867968633
588 12.569422907467292
589 11.008881068521015
590 13.304387533235078
591 12.549399717474142
592 11.756408673178978
593 8.005696136279333
594 7.133424141228408
595 13.563034324515792
596 14.258596775462925
597 12.840409982971826
598 4.940457701713589
599 12.615541674999387
600 12.234214924506052
601 12.820295005383398
602 11.357624837655782
603 7.31055302202793
604 8.726864979360466
605 7.903361433343215
606 7.426841334681454
607 8.902162915649697
608 6.014002927173369
609 5.600638356607013
610 8.629225003566397
611 9.392629791905772
612 6.988897638724122
613 8.37865903354923
614 5.042393795601011
615 6.619271996415248
616 6.626049988777306
617 8.180976867968633
618 7.7864986893041035
619 10.575473737800433
620 8.678436025547418
621 4.777237384052844
622 9.306211905732598
623 8.005696136279333
624 4.759427948284353
625 7.7552042085660995
626 9.452052058962206
627 7.564243337535251
628 4.940457701713589
629 6.623094406114589
630 5.810206724578835
631 8.972783066496147
632 9.525560778540909
633 10.02580273679064
634 15.03570935180694
635 11.509384949592409
636 8.689861625859894
637 10.209473549559526
638 3.5724402245562796
639 9.86122613384126
640 8.73171229291118
641 14.99786050163214
642 7.118645952686025
643 9.207347847738609
644 5.295650299583394
645 9.398363185395269
646 6.950957358167675
647 11.163183794142505
648 9.527992300792711
649 15.124088410569664
650 3.4542798017242964
651 7.14683949428802
652 10.740864560779114
653 5.398023914628142
654 8.616047272974217
655 8.286062285885869
656 3.4997035564629666
657 10.780374630420383
658 8.62555848909861
659 10.996137628438133
660 12.192773020408776
661 8.972783066496147
662 9.525560778540909
663 7.31055302202793
664 8.726864979360466
665 7.903361433343215
666 7.426841334681454
667 8.902162915649697
668 3.5724402245562796
669 5.600638356607013
670 8.629225003566397
671 9.392629791905772
672 6.988897638724122
673 8.37865903354923
674 5.042393795601011
675 6.619271996415248
676 6.626049988777306
677 8.180976867968633
678 7.7864986893041035
679 10.575473737800433
680 3.4542798017242964
681 4.777237384052844
682 9.306211905732598
683 5.398023914628142
684 4.759427948284353
685 7.7552042085660995
686 3.4997035564629666
687 7.564243337535251
688 4.940457701713589
689 6.623094406114589
690 5.810206724578835
691 7.681720599602575
692 8.154397769377406
693 5.9226136249308095
694 10.05259497516158
695 5.158990855076192
696 10.558440081498162
697 6.239886896210769
698 13.543073646781329
699 12.106395296042313
700 8.439269207685333
701 3.8583971796852135
702 5.203459952832036
703 8.666008226658962
704 9.403153276104247
705 7.28432510969111
706 12.335875748386542
707 7.219844437494272
708 14.02326432458139
709 9.211341017647744
710 8.65566596548162
711 8.105616242836494
712 11.646856878404849
713 12.637832551647039
714 8.23813617150561
715 3.482079260968011
716 7.55882225792733
717 8.351423547125885
718 7.465442244170724
719 5.731470698428697
720 5.281865658800935
721 7.681720599602575
722 8.154397769377406
723 5.9226136249308095
724 8.726864979360466
725 5.158990855076192
726 7.426841334681454
727 6.239886896210769
728 3.5724402245562796
729 5.600638356607013
730 8.439269207685333
731 3.8583971796852135
732 5.203459952832036
733 8.37865903354923
734 5.042393795601011
735 6.619271996415248
736 6.626049988777306
737 7.219844437494272
738 7.7864986893041035
739 9.211341017647744
740 3.4542798017242964
741 4.777237384052844
742 9.306211905732598
743 5.398023914628142
744 4.759427948284353
745 3.482079260968011
746 3.4997035564629666
747 7.564243337535251
748 4.940457701713589
749 5.731470698428697
750 5.281865658800935
751 9.515061746733123
752 10.257141239522582
753 9.726700306320048
754 14.383756778758848
755 11.061711905089487
756 10.176626792670584
757 7.731166671473495
758 5.204181042806915
759 7.869917674361506
760 8.384021472350863
761 4.755148447125016
762 8.919206746780745
763 7.990412434491606
764 7.738967137440636
765 9.026122024446652
766 2.922730181249735
767 10.611240373335708
768 9.379184519992876
769 6.56221340934131
770 8.06487116581199
771 6.3944011197423345
772 11.18456575342121
773 4.25875598428534
774 5.811531942650834
775 4.863856256277691
776 8.405353047781553
777 9.42541609767988
778 9.181224334475596
779 5.9822345643481
780 7.113314934995828
781 7.681720599602575
782 8.154397769377406
783 5.9226136249308095
784 8.726864979360466
785 5.158990855076192
786 7.426841334681454
787 6.239886896210769
788 3.5724402245562796
789 5.600638356607013
790 8.384021472350863
791 3.8583971796852135
792 5.203459952832036
793 7.990412434491606
794 5.042393795601011
795 6.619271996415248
796 2.922730181249735
797 7.219844437494272
798 7.7864986893041035
799 6.56221340934131
800 3.4542798017242964
801 4.777237384052844
802 9.306211905732598
803 4.25875598428534
804 4.759427948284353
805 3.482079260968011
806 3.4997035564629666
807 7.564243337535251
808 4.940457701713589
809 5.731470698428697
810 5.281865658800935
811 8.6690282352939
812 9.948317725739225
813 8.534522899777164
814 6.651680008353361
815 4.463005762926748
816 4.038947940538425
817 4.150626877424163
818 8.00749361799414
819 9.144291350538431
820 5.549546004833253
821 3.931406984030484
822 6.645053283767192
823 6.027919834292942
824 7.671472498075644
825 3.46566096792121
826 4.837336644832051
827 9.834300118836774
828 6.628239001582006
829 6.47896752926004
830 11.374141116059446
831 5.796132864946795
832 6.89936652854325
833 7.105177837937348
834 5.415303944460483
835 7.815366601368147
836 5.159639812211735
837 6.099821633659367
838 3.796723559537741
839 9.987944800095837
840 10.254607710027662
841 7.681720599602575
842 8.154397769377406
843 5.9226136249308095
844 6.651680008353361
845 4.463005762926748
846 4.038947940538425
847 4.150626877424163
848 3.5724402245562796
849 5.600638356607013
850 5.549546004833253
851 3.8583971796852135
852 5.203459952832036
853 6.027919834292942
854 5.042393795601011
855 3.46566096792121
856 2.922730181249735
857 7.219844437494272
858 6.628239001582006
859 6.47896752926004
860 3.4542798017242964
861 4.777237384052844
862 6.89936652854325
863 4.25875598428534
864 4.759427948284353
865 3.482079260968011
866 3.4997035564629666
867 6.099821633659367
868 3.796723559537741
869 5.731470698428697
870 5.281865658800935
871 9.77113445946918
872 4.764508400750632
873 7.249458359100703
874 4.524613724039351
875 4.523402247881755
876 7.657520357699259
877 6.263194754488801
878 6.443759773955309
879 8.032592775294928
880 5.1472902310040975
881 5.546685417293495
882 6.837033479865707
883 4.104172154385803
884 8.46302219591104
885 7.693834131852235
886 4.232808844662497
887 7.531805719464494
888 10.136773704138776
889 6.305557535491685
890 11.759884131713621
891 4.902355473683717
892 7.790864194261457
893 4.497298043658747
894 4.478403929447156
895 5.2356240849924855
896 9.025964371425099
897 5.750047151608573
898 9.079193307574114
899 6.434548004984013
900 5.963160482569631
901 7.681720599602575
902 4.764508400750632
903 5.9226136249308095
904 4.524613724039351
905 4.463005762926748
906 4.038947940538425
907 4.150626877424163
908 3.5724402245562796
909 5.600638356607013
910 5.1472902310040975
911 3.8583971796852135
912 5.203459952832036
913 4.104172154385803
914 5.042393795601011
915 3.46566096792121
916 2.922730181249735
917 7.219844437494272
918 6.628239001582006
919 6.305557535491685
920 3.4542798017242964
921 4.777237384052844
922 6.89936652854325
923 4.25875598428534
924 4.478403929447156
925 3.482079260968011
926 3.4997035564629666
927 5.750047151608573
928 3.796723559537741
929 5.731470698428697
930 5.281865658800935
931 7.819348188456208
932 8.906002892058225
933 7.93271651169742
934 6.8169231205520155
935 6.686747374844082
936 9.5439795594212
937 7.500039569817713
938 9.683944877390052
939 11.038828429900313
940 8.241332485419605
941 5.940002853168897
942 5.077240045531459
943 12.220454749044862
944 5.019867179450801
945 5.765736329773635
946 7.529964957578032
947 7.776880430962704
948 4.584335372208229
949 7.285331185752974
950 8.260809112950144
951 4.426653095969392
952 5.587651779918533
953 6.571428292290611
954 11.906826179391508
955 4.883104987206959
956 9.164470643875113
957 5.7988502803292326
958 6.901328690960192
959 11.228125400512024
960 6.49200427791434
961 7.681720599602575
962 4.764508400750632
963 5.9226136249308095
964 4.524613724039351
965 4.463005762926748
966 4.038947940538425
967 4.150626877424163
968 3.5724402245562796
969 5.600638356607013
970 5.1472902310040975
971 3.8583971796852135
972 5.077240045531459
973 4.104172154385803
974 5.019867179450801
975 3.46566096792121
976 2.922730181249735
977 7.219844437494272
978 4.584335372208229
979 6.305557535491685
980 3.4542798017242964
981 4.426653095969392
982 5.587651779918533
983 4.25875598428534
984 4.478403929447156
985 3.482079260968011
986 3.4997035564629666
987 5.750047151608573
988 3.796723559537741
989 5.731470698428697
990 5.281865658800935
