evaluations raw_y
1 46.16769953844185
2 519.6164071051969
3 763.0775285798845
4 674.5627092210672
5 549.729513411333
6 249.85483136961065
7 623.7398273861609
8 416.19984646097924
9 417.73261933888705
10 261.6025540459448
11 682.0839246598007
12 240.58074894429316
13 533.9458415306138
14 779.3977159934377
15 388.11975225859635
16 599.8281209951066
17 247.51610885696732
18 624.0436100062758
19 322.0967775137
20 1006.4330352587045
21 573.5036765576463
22 643.9509683386161
23 396.3064679836365
24 391.03069817776935
25 239.9852530490552
26 279.8653320063431
27 200.5498795998641
28 73.00220798797615
29 506.45814721970606
30 921.8129763215522
31 46.16769953844185
32 118.0328471050695
33 17.55925697581547
34 65.4816227183836
35 134.4399115940648
36 213.73438865095144
37 45.08952956637549
38 243.37812583327138
39 152.01799806591484
40 225.20523396123198
41 44.5662380138093
42 263.54410032045865
43 546.5174988964059
44 21.508540131091642
45 848.5079094623784
46 115.7802353429508
47 36.13968173173452
48 30.44603499521342
49 260.5761348822882
50 302.07877197138816
51 732.4837334989245
52 669.2576236612254
53 855.8565552643503
54 1232.9824117381327
55 1362.450546607543
56 819.4087263015247
57 1322.2195848602871
58 1367.0520597321977
59 1374.9047062392974
60 1375.1327424246854
61 46.16769953844185
62 73.00220798797615
63 17.55925697581547
64 65.4816227183836
65 134.4399115940648
66 213.73438865095144
67 45.08952956637549
68 243.37812583327138
69 152.01799806591484
70 225.20523396123198
71 44.5662380138093
72 263.54410032045865
73 396.3064679836365
74 21.508540131091642
75 417.73261933888705
76 115.7802353429508
77 36.13968173173452
78 30.44603499521342
79 260.5761348822882
80 302.07877197138816
81 599.8281209951066
82 623.7398273861609
83 624.0436100062758
84 643.9509683386161
85 674.5627092210672
86 682.0839246598007
87 763.0775285798845
88 779.3977159934377
89 921.8129763215522
90 1006.4330352587045
91 17.55925697581547
92 18.141488569744507
93 68.06130820475447
94 66.95213224711351
95 59.69215535445548
96 53.67138095333835
97 65.30814032404768
98 65.01628153692658
99 208.95778570485552
100 14.053561304939313
101 34.807239473561474
102 101.00190113837105
103 41.56067390020044
104 31.884950191517383
105 83.73281025523018
106 48.50014249675117
107 220.32503479290423
108 16.826626394979353
109 550.0998417384385
110 682.3371735555965
111 27.711320599216076
112 1025.2050554912735
113 986.1884510761666
114 1064.433207292008
115 1374.892452341237
116 1041.1132652919007
117 1248.5399334388032
118 684.8594288789604
119 1375.1929286239895
120 1293.855748359479
121 17.55925697581547
122 18.141488569744507
123 30.44603499521342
124 36.13968173173452
125 44.5662380138093
126 45.08952956637549
127 46.16769953844185
128 65.01628153692658
129 73.00220798797615
130 14.053561304939313
131 34.807239473561474
132 101.00190113837105
133 41.56067390020044
134 31.884950191517383
135 83.73281025523018
136 48.50014249675117
137 220.32503479290423
138 16.826626394979353
139 396.3064679836365
140 417.73261933888705
141 27.711320599216076
142 623.7398273861609
143 624.0436100062758
144 643.9509683386161
145 674.5627092210672
146 682.0839246598007
147 763.0775285798845
148 684.8594288789604
149 921.8129763215522
150 1006.4330352587045
151 14.053561304939313
152 14.590582456402961
153 37.9361057160632
154 7.851750643732405
155 99.08470072525725
156 14.050151227482521
157 17.394387937920456
158 157.86288514545674
159 114.08078326785412
160 99.30318495310344
161 92.32373723245018
162 19.724767442393563
163 75.35345863039707
164 51.8877285966181
165 65.048775784134
166 63.26558870050384
167 35.69786741968285
168 22.161965561704182
169 28.845402067240133
170 1101.1764999651218
171 669.4340357692969
172 968.5566496126922
173 905.4991306578472
174 940.28708000644
175 1101.0554296785879
176 1360.861815300391
177 418.78531823881775
178 1275.7908437143988
179 1358.250164189762
180 1159.8288744014826
181 14.053561304939313
182 14.590582456402961
183 17.55925697581547
184 7.851750643732405
185 27.711320599216076
186 14.050151227482521
187 17.394387937920456
188 34.807239473561474
189 36.13968173173452
190 41.56067390020044
191 44.5662380138093
192 19.724767442393563
193 46.16769953844185
194 48.50014249675117
195 65.01628153692658
196 63.26558870050384
197 35.69786741968285
198 22.161965561704182
199 28.845402067240133
200 396.3064679836365
201 417.73261933888705
202 623.7398273861609
203 624.0436100062758
204 643.9509683386161
205 674.5627092210672
206 682.0839246598007
207 418.78531823881775
208 763.0775285798845
209 921.8129763215522
210 1006.4330352587045
211 7.851750643732405
212 21.23541304897471
213 11.88974088602555
214 11.772963819290476
215 15.02507478021513
216 29.925820912783404
217 20.864453716565155
218 36.01514013817879
219 9.058406325947212
220 46.02660866135686
221 22.26693354972856
222 5.664407617877299
223 8.267963084950486
224 94.05754595959944
225 178.8591017149837
226 7.6563735669203234
227 7.365834245034144
228 62.99885141587893
229 11.96259798842336
230 1374.9729102572617
231 325.0115087386344
232 327.5431226897553
233 852.6808884624087
234 902.1775812109372
235 1374.9729102572617
236 1224.0985278255207
237 658.8178543621439
238 1375.032522891284
239 1032.8530997267333
240 1374.9648924386017
241 7.851750643732405
242 14.050151227482521
243 11.88974088602555
244 11.772963819290476
245 15.02507478021513
246 17.55925697581547
247 19.724767442393563
248 22.161965561704182
249 9.058406325947212
250 28.845402067240133
251 22.26693354972856
252 5.664407617877299
253 8.267963084950486
254 41.56067390020044
255 44.5662380138093
256 7.6563735669203234
257 7.365834245034144
258 62.99885141587893
259 11.96259798842336
260 396.3064679836365
261 325.0115087386344
262 327.5431226897553
263 623.7398273861609
264 624.0436100062758
265 643.9509683386161
266 674.5627092210672
267 658.8178543621439
268 763.0775285798845
269 921.8129763215522
270 1006.4330352587045
271 5.664407617877299
272 6.765550408235444
273 9.400275069647602
274 6.717418616066004
275 60.40692432896553
276 148.86550897704998
277 5.583311032483633
278 78.13543032935294
279 124.15522508360442
280 177.9719775973937
281 195.105485039227
282 3.7092366383136985
283 2.8783323358925688
284 7.437916808255859
285 233.21420114282046
286 425.4649608882719
287 21.38253815720014
288 2.4430091693498364
289 583.6850200388224
290 353.36691764536243
291 1375.1327424246854
292 1135.067843096695
293 1207.4129008674888
294 1150.538426359829
295 1104.0461863946516
296 81.58458179998168
297 1374.9127240579573
298 1375.0651119720028
299 1253.4087655330377
300 1375.0651119720028
301 5.664407617877299
302 6.765550408235444
303 7.6563735669203234
304 6.717418616066004
305 8.267963084950486
306 9.058406325947212
307 5.583311032483633
308 11.88974088602555
309 11.96259798842336
310 14.050151227482521
311 15.02507478021513
312 3.7092366383136985
313 2.8783323358925688
314 7.437916808255859
315 22.26693354972856
316 28.845402067240133
317 21.38253815720014
318 2.4430091693498364
319 62.99885141587893
320 325.0115087386344
321 327.5431226897553
322 396.3064679836365
323 623.7398273861609
324 624.0436100062758
325 643.9509683386161
326 81.58458179998168
327 674.5627092210672
328 763.0775285798845
329 921.8129763215522
330 1006.4330352587045
331 2.4430091693498364
332 4.2196863113232865
333 2.252850734514397
334 1.6128523481883406
335 2.4693835706721647
336 3.9144500284054646
337 18.49836706439485
338 2.785844276990524
339 48.576219228500285
340 3.9749500714783137
341 6.752960482389796
342 2.30355098040105
343 132.89865703546488
344 9.630316905184406
345 4.410560692486158
346 241.97433774856825
347 241.40781550161773
348 100.41675719063373
349 587.0819512381745
350 5.446823683052423
351 88.82838309795171
352 259.7895524050811
353 1140.6258232323376
354 2.1407425646826828
355 1375.040540709944
356 641.4959545526707
357 1374.9729102572617
358 1149.9930487033341
359 1374.9729102572617
360 974.9868867119296
361 2.4430091693498364
362 2.8783323358925688
363 2.252850734514397
364 1.6128523481883406
365 2.4693835706721647
366 3.9144500284054646
367 6.765550408235444
368 2.785844276990524
369 7.6563735669203234
370 3.9749500714783137
371 6.752960482389796
372 2.30355098040105
373 11.96259798842336
374 9.630316905184406
375 4.410560692486158
376 21.38253815720014
377 22.26693354972856
378 28.845402067240133
379 62.99885141587893
380 5.446823683052423
381 88.82838309795171
382 259.7895524050811
383 396.3064679836365
384 2.1407425646826828
385 624.0436100062758
386 641.4959545526707
387 674.5627092210672
388 763.0775285798845
389 921.8129763215522
390 974.9868867119296
391 1.6128523481883406
392 1.8110425448706684
393 6.852966994805378
394 1.6731510498703992
395 15.453657756605658
396 1.9262848539416424
397 2.954595606581492
398 35.19544866266983
399 2.4997119527297222
400 1.9485374663009132
401 39.70763074682089
402 3.3210528718169097
403 162.61442893177204
404 1.4509038884501235
405 15.13862619422636
406 122.603171478273
407 381.65944802335673
408 777.2466704325204
409 4.443219900482338
410 1130.2583097443505
411 122.79833976404144
412 1374.9723366919798
413 191.45153720096252
414 1225.3455720056065
415 1374.9723366919798
416 1374.9723366919798
417 1374.9723366919798
418 1374.9723366919798
419 1374.9723366919798
420 1149.9848533009686
421 1.6128523481883406
422 1.8110425448706684
423 2.252850734514397
424 1.6731510498703992
425 2.4430091693498364
426 1.9262848539416424
427 2.785844276990524
428 2.8783323358925688
429 2.4997119527297222
430 1.9485374663009132
431 4.410560692486158
432 3.3210528718169097
433 6.752960482389796
434 1.4509038884501235
435 7.6563735669203234
436 9.630316905184406
437 11.96259798842336
438 21.38253815720014
439 4.443219900482338
440 28.845402067240133
441 62.99885141587893
442 88.82838309795171
443 191.45153720096252
444 396.3064679836365
445 624.0436100062758
446 641.4959545526707
447 674.5627092210672
448 763.0775285798845
449 921.8129763215522
450 974.9868867119296
451 1.4509038884501235
452 1.2160794099185246
453 4.236822830866746
454 1.5623939725761178
455 1.431637200130872
456 13.847769252001221
457 2.5848623499679895
458 3.0705350547394423
459 69.27976480287673
460 114.65978492355823
461 237.14685662601283
462 297.6469038978018
463 5.833021732386236
464 1.5024190347566149
465 1075.7538922330327
466 1117.3903610988589
467 58.92658901368054
468 1126.495619286564
469 1205.2886174145758
470 49.119216215739286
471 1374.9729102572617
472 754.8339257290285
473 1227.4056845512234
474 1374.9729102572617
475 1374.9729102572617
476 1294.217212152616
477 1374.9729102572617
478 1374.9729102572617
479 1374.9729102572617
480 1375.1247246060252
481 1.4509038884501235
482 1.2160794099185246
483 1.6731510498703992
484 1.5623939725761178
485 1.431637200130872
486 1.9485374663009132
487 2.252850734514397
488 2.4430091693498364
489 2.4997119527297222
490 2.785844276990524
491 2.8783323358925688
492 3.3210528718169097
493 4.410560692486158
494 1.5024190347566149
495 6.752960482389796
496 7.6563735669203234
497 9.630316905184406
498 11.96259798842336
499 21.38253815720014
500 28.845402067240133
501 62.99885141587893
502 88.82838309795171
503 191.45153720096252
504 396.3064679836365
505 624.0436100062758
506 641.4959545526707
507 674.5627092210672
508 763.0775285798845
509 921.8129763215522
510 974.9868867119296
511 1.2160794099185246
512 1.2778856152795741
513 3.9372803279336512
514 7.6008984418624355
515 1.2329859885050372
516 1.2040676413618863
517 1.2172430462582235
518 2.142270508579617
519 97.43446007979547
520 506.10863694937615
521 1.3435396193969806
522 14.66232909259384
523 1.6316724224324928
524 21.818171127070897
525 1224.2120678492379
526 1313.5398793059983
527 917.4243401085259
528 1341.7569035491206
529 1315.2613228293885
530 1375.0527946080044
531 1063.443213327445
532 969.7909346430362
533 1375.0527946080044
534 1375.0527946080044
535 1375.0527946080044
536 1375.0527946080044
537 1375.0448402552827
538 1375.0448402552827
539 1375.0448402552827
540 1375.0527946080044
541 1.2160794099185246
542 1.2778856152795741
543 1.4509038884501235
544 1.5024190347566149
545 1.2329859885050372
546 1.2040676413618863
547 1.2172430462582235
548 2.142270508579617
549 2.4430091693498364
550 2.4997119527297222
551 1.3435396193969806
552 2.8783323358925688
553 1.6316724224324928
554 4.410560692486158
555 6.752960482389796
556 7.6563735669203234
557 9.630316905184406
558 11.96259798842336
559 21.38253815720014
560 28.845402067240133
561 62.99885141587893
562 88.82838309795171
563 191.45153720096252
564 396.3064679836365
565 624.0436100062758
566 641.4959545526707
567 674.5627092210672
568 763.0775285798845
569 921.8129763215522
570 974.9868867119296
571 1.2040676413618863
572 1.2107101300704222
573 1.3706360120635033
574 1.4609232139953137
575 14.787644090746502
576 1.2468216585756915
577 11.899071632772129
578 23.415604744001506
579 1.1497050540065703
580 239.71034791890497
581 0.7569983220274914
582 509.41435628813065
583 34.92049632273327
584 44.451128359607274
585 0.9151273239290525
586 81.8341226200269
587 1275.4409580776955
588 272.9716799417855
589 1375.0527946080044
590 1091.4632617035204
591 1320.3758860969403
592 1375.0527946080044
593 1375.0527946080044
594 1375.0527946080044
595 1375.0527946080044
596 1375.0527946080044
597 1375.0448402552827
598 1375.0527946080044
599 1375.0448402552827
600 1375.0527946080044
601 1.2040676413618863
602 1.2107101300704222
603 1.2172430462582235
604 1.2329859885050372
605 1.2778856152795741
606 1.2468216585756915
607 1.4509038884501235
608 1.5024190347566149
609 1.1497050540065703
610 2.142270508579617
611 0.7569983220274914
612 2.4997119527297222
613 2.8783323358925688
614 4.410560692486158
615 0.9151273239290525
616 7.6563735669203234
617 9.630316905184406
618 11.96259798842336
619 21.38253815720014
620 28.845402067240133
621 62.99885141587893
622 88.82838309795171
623 191.45153720096252
624 396.3064679836365
625 624.0436100062758
626 641.4959545526707
627 674.5627092210672
628 763.0775285798845
629 921.8129763215522
630 974.9868867119296
631 0.7569983220274914
632 0.760588271466191
633 1.42005272867361
634 0.7984613711161284
635 15.199454435083675
636 0.7431948000643966
637 0.7626894207774552
638 1.1871287174156504
639 1.0506715097828252
640 4.350296186410746
641 1017.9872565629573
642 7.260384125942348
643 47.929417583802525
644 32.38487024854101
645 1375.032522891284
646 37.015567112919506
647 455.60241495424555
648 1375.032522891284
649 1375.032522891284
650 1375.032522891284
651 842.1141922490189
652 1375.032522891284
653 1375.032522891284
654 1375.0651119720028
655 1375.032522891284
656 1375.0651119720028
657 1375.032522891284
658 1375.032522891284
659 1375.032522891284
660 1375.032522891284
661 0.7569983220274914
662 0.760588271466191
663 1.1497050540065703
664 0.7984613711161284
665 1.2107101300704222
666 0.7431948000643966
667 0.7626894207774552
668 1.1871287174156504
669 1.0506715097828252
670 1.4509038884501235
671 1.5024190347566149
672 2.142270508579617
673 2.4997119527297222
674 2.8783323358925688
675 4.410560692486158
676 7.6563735669203234
677 9.630316905184406
678 11.96259798842336
679 21.38253815720014
680 28.845402067240133
681 62.99885141587893
682 88.82838309795171
683 191.45153720096252
684 396.3064679836365
685 624.0436100062758
686 641.4959545526707
687 674.5627092210672
688 763.0775285798845
689 921.8129763215522
690 974.9868867119296
691 0.7431948000643966
692 0.7428025378737745
693 0.7422275032412453
694 0.8002710678512601
695 15.577293476693963
696 29.19514232915687
697 2.8667809590411863
698 2.5929841706437387
699 0.7461713915334527
700 590.4021104883886
701 725.3722428270075
702 954.0795345136668
703 548.433855279236
704 1374.9851641553219
705 1374.9851641553219
706 479.1901253819115
707 1374.9851641553219
708 1374.9851641553219
709 523.2768695052563
710 1374.9851641553219
711 1374.9851641553219
712 1374.9851641553219
713 1374.9851641553219
714 1374.9851641553219
715 1374.9851641553219
716 1374.9851641553219
717 1374.9851641553219
718 1374.9851641553219
719 1374.9851641553219
720 1374.9851641553219
721 0.7431948000643966
722 0.7428025378737745
723 0.7422275032412453
724 0.7626894207774552
725 0.7984613711161284
726 1.0506715097828252
727 1.1497050540065703
728 1.1871287174156504
729 0.7461713915334527
730 1.4509038884501235
731 1.5024190347566149
732 2.142270508579617
733 2.4997119527297222
734 2.8783323358925688
735 4.410560692486158
736 7.6563735669203234
737 9.630316905184406
738 11.96259798842336
739 21.38253815720014
740 28.845402067240133
741 62.99885141587893
742 88.82838309795171
743 191.45153720096252
744 396.3064679836365
745 624.0436100062758
746 641.4959545526707
747 674.5627092210672
748 763.0775285798845
749 921.8129763215522
750 974.9868867119296
751 0.7422275032412453
752 0.7727252236287261
753 0.68289999481647
754 0.7464472578879842
755 0.7525013046292106
756 81.87942643354314
757 314.1768724605529
758 582.2883587215051
759 2.879446195206483
760 159.86035427827858
761 189.87634603986626
762 1375.0570941533429
763 1216.0855745409915
764 1375.040540709944
765 1375.0570941533429
766 1375.040540709944
767 1375.0570941533429
768 1375.0570941533429
769 1375.0570941533429
770 1375.0570941533429
771 1375.0570941533429
772 1375.040540709944
773 1375.0570941533429
774 1375.040540709944
775 1375.0570941533429
776 1375.0570941533429
777 1375.0570941533429
778 1375.0570941533429
779 1375.0570941533429
780 1375.0570941533429
781 0.7422275032412453
782 0.7428025378737745
783 0.68289999481647
784 0.7461713915334527
785 0.7525013046292106
786 0.7984613711161284
787 1.0506715097828252
788 1.1497050540065703
789 1.1871287174156504
790 1.4509038884501235
791 1.5024190347566149
792 2.142270508579617
793 2.4997119527297222
794 2.8783323358925688
795 4.410560692486158
796 7.6563735669203234
797 9.630316905184406
798 11.96259798842336
799 21.38253815720014
800 28.845402067240133
801 62.99885141587893
802 88.82838309795171
803 191.45153720096252
804 396.3064679836365
805 624.0436100062758
806 641.4959545526707
807 674.5627092210672
808 763.0775285798845
809 921.8129763215522
810 974.9868867119296
811 0.68289999481647
812 0.9827207317616833
813 2.6042028779815865
814 0.712868531398463
815 1.0572048093489363
816 145.42744241411341
817 254.30659056440908
818 0.9005091466464569
819 244.64177371539355
820 716.6495649183084
821 1374.9723366919798
822 1375.1252981713071
823 1375.1252981713071
824 1375.1252981713071
825 1375.1252981713071
826 1375.1252981713071
827 1374.9723366919798
828 1374.9723366919798
829 1375.1252981713071
830 1375.1252981713071
831 1375.1252981713071
832 1375.1252981713071
833 1375.1252981713071
834 1375.1252981713071
835 1375.1252981713071
836 1375.1252981713071
837 1375.1252981713071
838 1374.9723366919798
839 1375.1252981713071
840 1374.9723366919798
841 0.68289999481647
842 0.7422275032412453
843 0.7428025378737745
844 0.712868531398463
845 0.7525013046292106
846 0.7984613711161284
847 1.0506715097828252
848 0.9005091466464569
849 1.1871287174156504
850 1.4509038884501235
851 1.5024190347566149
852 2.142270508579617
853 2.4997119527297222
854 2.8783323358925688
855 4.410560692486158
856 7.6563735669203234
857 9.630316905184406
858 11.96259798842336
859 21.38253815720014
860 28.845402067240133
861 62.99885141587893
862 88.82838309795171
863 191.45153720096252
864 396.3064679836365
865 624.0436100062758
866 641.4959545526707
867 674.5627092210672
868 763.0775285798845
869 921.8129763215522
870 974.9868867119296
871 0.68289999481647
872 0.72385694263069
873 0.7208102710062481
874 8.633237641746357
875 83.00073437953473
876 548.8071621737997
877 844.3431552059119
878 61.782950016209426
879 220.30557759036805
880 414.314076497901
881 1375.2051825220499
882 1186.73079961331
883 1375.2051825220499
884 1375.2051825220499
885 1374.892452341237
886 1375.2051825220499
887 1375.2051825220499
888 1375.2051825220499
889 1375.2051825220499
890 1374.892452341237
891 1375.2051825220499
892 1375.2051825220499
893 1375.2051825220499
894 1375.2051825220499
895 1375.2051825220499
896 1375.2051825220499
897 1375.2051825220499
898 1375.2051825220499
899 1374.892452341237
900 1375.2051825220499
901 0.68289999481647
902 0.712868531398463
903 0.7208102710062481
904 0.7428025378737745
905 0.7525013046292106
906 0.7984613711161284
907 0.9005091466464569
908 1.0506715097828252
909 1.1871287174156504
910 1.4509038884501235
911 1.5024190347566149
912 2.142270508579617
913 2.4997119527297222
914 2.8783323358925688
915 4.410560692486158
916 7.6563735669203234
917 9.630316905184406
918 11.96259798842336
919 21.38253815720014
920 28.845402067240133
921 62.99885141587893
922 88.82838309795171
923 191.45153720096252
924 396.3064679836365
925 624.0436100062758
926 641.4959545526707
927 674.5627092210672
928 763.0775285798845
929 921.8129763215522
930 974.9868867119296
931 0.68289999481647
932 1.2704600054085016
933 8.541374169903612
934 120.41163802424481
935 0.7939767056195455
936 1375.032522891284
937 496.2502922708093
938 1375.032522891284
939 1375.032522891284
940 1375.0651119720028
941 1375.032522891284
942 1375.032522891284
943 1375.032522891284
944 1375.032522891284
945 1375.0651119720028
946 1375.032522891284
947 1375.032522891284
948 1375.0651119720028
949 1375.032522891284
950 1375.032522891284
951 1375.032522891284
952 1375.032522891284
953 1375.032522891284
954 1375.0651119720028
955 1375.0651119720028
956 1375.032522891284
957 1375.032522891284
958 1375.032522891284
959 1375.032522891284
960 1375.032522891284
961 0.68289999481647
962 0.712868531398463
963 0.7208102710062481
964 0.7428025378737745
965 0.7525013046292106
966 0.7984613711161284
967 0.9005091466464569
968 1.0506715097828252
969 1.1871287174156504
970 1.4509038884501235
971 1.5024190347566149
972 2.142270508579617
973 2.4997119527297222
974 2.8783323358925688
975 4.410560692486158
976 7.6563735669203234
977 9.630316905184406
978 11.96259798842336
979 21.38253815720014
980 28.845402067240133
981 62.99885141587893
982 88.82838309795171
983 191.45153720096252
984 396.3064679836365
985 624.0436100062758
986 641.4959545526707
987 674.5627092210672
988 763.0775285798845
989 921.8129763215522
990 974.9868867119296
evaluations raw_y
1 619.7620838277053
2 98.31193111976758
3 880.5874292950325
4 443.8208166065817
5 541.4335414452867
6 807.9097540594196
7 301.04733570858554
8 645.6871908796319
9 619.598382893758
10 519.5228863642369
11 199.11499818525337
12 247.03049096453543
13 571.0997105748748
14 346.23243015070443
15 363.4837029855902
16 333.6799435139467
17 246.26848025892994
18 291.8500712557479
19 128.5363642317527
20 506.4645850661313
21 587.0073648284009
22 938.0770163999993
23 764.673719234021
24 617.8266472218131
25 740.1586611686039
26 454.29244927592237
27 688.7967809415067
28 420.12884150728183
29 975.753000576273
30 686.309055628094
31 98.31193111976758
32 210.10099990602356
33 226.82998643502273
34 29.438748795593224
35 256.6764935011823
36 383.6811194651467
37 354.2577914598892
38 154.9908708763887
39 337.3081873987653
40 154.64799013994482
41 363.1535832138798
42 62.67701926539775
43 548.8168834181427
44 22.050541274817814
45 22.224500068237546
46 94.20406096431785
47 87.05334228170062
48 110.45714770779998
49 525.9836544556911
50 353.1031941539152
51 1152.1814904190041
52 530.6007559977123
53 1236.3939213727328
54 1306.1755138169883
55 1344.3414529943893
56 1011.7525982310884
57 1375.0651119720028
58 1317.6821528262267
59 1023.182634402407
60 1374.9127240579573
61 98.31193111976758
62 128.5363642317527
63 199.11499818525337
64 29.438748795593224
65 247.03049096453543
66 291.8500712557479
67 301.04733570858554
68 154.9908708763887
69 337.3081873987653
70 154.64799013994482
71 363.1535832138798
72 62.67701926539775
73 454.29244927592237
74 22.050541274817814
75 22.224500068237546
76 94.20406096431785
77 87.05334228170062
78 110.45714770779998
79 525.9836544556911
80 353.1031941539152
81 619.7620838277053
82 530.6007559977123
83 686.309055628094
84 688.7967809415067
85 740.1586611686039
86 764.673719234021
87 807.9097540594196
88 880.5874292950325
89 938.0770163999993
90 975.753000576273
91 22.050541274817814
92 26.605588072376648
93 48.806332405747945
94 113.83449494591632
95 42.54987634231496
96 19.712826553253382
97 28.90535565369095
98 146.03383523375794
99 35.351075694342306
100 112.78545067952037
101 23.174572365899092
102 91.52677792925215
103 53.69164148581772
104 9.929914153815236
105 420.05431069404756
106 39.39534262311522
107 125.30382682522473
108 14.94323506977636
109 772.0853354983897
110 746.4706895255854
111 1009.3023678405999
112 1375.2051825220499
113 1040.0291121977527
114 1219.3155328230814
115 1375.0202689932237
116 1304.244240313571
117 1375.0651119720028
118 1375.1449963227456
119 1069.674483021536
120 1375.1849108053295
121 22.050541274817814
122 22.224500068237546
123 29.438748795593224
124 62.67701926539775
125 42.54987634231496
126 19.712826553253382
127 28.90535565369095
128 110.45714770779998
129 35.351075694342306
130 112.78545067952037
131 23.174572365899092
132 91.52677792925215
133 53.69164148581772
134 9.929914153815236
135 301.04733570858554
136 39.39534262311522
137 125.30382682522473
138 14.94323506977636
139 454.29244927592237
140 525.9836544556911
141 530.6007559977123
142 619.7620838277053
143 686.309055628094
144 688.7967809415067
145 740.1586611686039
146 764.673719234021
147 807.9097540594196
148 880.5874292950325
149 938.0770163999993
150 975.753000576273
151 9.929914153815236
152 13.265153455103967
153 12.12877148840792
154 12.977701764056935
155 28.64961171961453
156 9.913828147054659
157 79.4662422261565
158 14.983833560002786
159 50.926144975332406
160 115.40332747093633
161 46.15637725180548
162 14.021788476534942
163 20.210801123982176
164 149.0473035294561
165 9.08306579466393
166 195.73248576463308
167 30.026221327177527
168 617.7260725091481
169 1289.0573775712628
170 783.1335659886123
171 771.6340251833149
172 964.0755586850369
173 858.7415947287274
174 1022.8819129409325
175 95.58885003422635
176 1375.0448402552827
177 1375.032522891284
178 1374.9648924386017
179 1285.2118072308024
180 1352.558626969626
181 9.929914153815236
182 13.265153455103967
183 12.12877148840792
184 12.977701764056935
185 22.224500068237546
186 9.913828147054659
187 28.90535565369095
188 14.983833560002786
189 35.351075694342306
190 39.39534262311522
191 42.54987634231496
192 14.021788476534942
193 20.210801123982176
194 91.52677792925215
195 9.08306579466393
196 112.78545067952037
197 30.026221327177527
198 301.04733570858554
199 454.29244927592237
200 525.9836544556911
201 530.6007559977123
202 619.7620838277053
203 686.309055628094
204 688.7967809415067
205 95.58885003422635
206 764.673719234021
207 807.9097540594196
208 880.5874292950325
209 938.0770163999993
210 975.753000576273
211 9.08306579466393
212 18.172042953563263
213 12.959814346149114
214 8.048709093386318
215 21.239805562876857
216 88.46122951533158
217 8.984162734981767
218 77.41218634607961
219 19.240540097837588
220 21.978289919068587
221 10.62147147681374
222 148.3816196107065
223 109.42418860561664
224 184.08293658972593
225 11.371671126312705
226 86.07482981986523
227 11.147065235557852
228 16.454400123112322
229 1041.4667952619918
230 170.38856037730005
231 793.9283107934685
232 1374.9803545106397
233 1155.6018856321982
234 999.559126221509
235 1141.221935808541
236 327.775827148959
237 1375.032522891284
238 1365.3070640141684
239 1374.9047062392974
240 1290.627831141507
241 9.08306579466393
242 9.913828147054659
243 9.929914153815236
244 8.048709093386318
245 12.977701764056935
246 13.265153455103967
247 8.984162734981767
248 14.983833560002786
249 19.240540097837588
250 21.978289919068587
251 10.62147147681374
252 30.026221327177527
253 35.351075694342306
254 39.39534262311522
255 11.371671126312705
256 86.07482981986523
257 11.147065235557852
258 16.454400123112322
259 301.04733570858554
260 170.38856037730005
261 525.9836544556911
262 530.6007559977123
263 619.7620838277053
264 686.309055628094
265 688.7967809415067
266 327.775827148959
267 807.9097540594196
268 880.5874292950325
269 938.0770163999993
270 975.753000576273
271 8.048709093386318
272 8.112670773457456
273 6.9694659385395035
274 10.371217614455219
275 53.33402170247808
276 36.084928018925254
277 36.32011394724166
278 10.644977432125835
279 115.0117806794455
280 8.66534761301917
281 18.696914570555684
282 9.976152789852403
283 26.83487299305708
284 169.09744952542326
285 127.362084452684
286 2.5486417813565034
287 14.04996693501921
288 175.7211237713233
289 990.2609228483792
290 35.28387451363923
291 51.268052547604675
292 1375.1327424246854
293 59.80157654502289
294 1375.1929286239895
295 1206.3867341825344
296 758.6277701984106
297 1202.049480037745
298 1025.8362903483758
299 1375.0202689932237
300 1291.879205186199
301 8.048709093386318
302 8.112670773457456
303 6.9694659385395035
304 9.913828147054659
305 9.929914153815236
306 10.62147147681374
307 11.147065235557852
308 10.644977432125835
309 12.977701764056935
310 8.66534761301917
311 14.983833560002786
312 9.976152789852403
313 19.240540097837588
314 21.978289919068587
315 30.026221327177527
316 2.5486417813565034
317 14.04996693501921
318 86.07482981986523
319 170.38856037730005
320 35.28387451363923
321 51.268052547604675
322 525.9836544556911
323 59.80157654502289
324 619.7620838277053
325 686.309055628094
326 688.7967809415067
327 807.9097540594196
328 880.5874292950325
329 938.0770163999993
330 975.753000576273
331 2.5486417813565034
332 13.627508068574537
333 5.20273421236257
334 9.922175214389771
335 5.285537079460225
336 2.8933385204894067
337 9.790136251312711
338 32.02230549864939
339 46.72278290185194
340 2.935198350137711
341 85.05169097774436
342 3.844786186186252
343 2.93782109238572
344 130.0832263674027
345 652.7320597583919
346 344.93229700217375
347 194.21487876283018
348 355.4242429308011
349 843.9005553281524
350 475.8881398631707
351 594.8941852910632
352 278.1756757788941
353 1059.7988667283398
354 1375.1929286239895
355 21.15037233437703
356 949.2151539224186
357 1335.8773281847937
358 1375.1929286239895
359 1375.040540709944
360 1375.1929286239895
361 2.5486417813565034
362 6.9694659385395035
363 5.20273421236257
364 8.112670773457456
365 5.285537079460225
366 2.8933385204894067
367 9.790136251312711
368 9.976152789852403
369 10.62147147681374
370 2.935198350137711
371 11.147065235557852
372 3.844786186186252
373 2.93782109238572
374 14.983833560002786
375 19.240540097837588
376 21.978289919068587
377 30.026221327177527
378 35.28387451363923
379 51.268052547604675
380 59.80157654502289
381 86.07482981986523
382 170.38856037730005
383 525.9836544556911
384 619.7620838277053
385 21.15037233437703
386 688.7967809415067
387 807.9097540594196
388 880.5874292950325
389 938.0770163999993
390 975.753000576273
391 2.5486417813565034
392 6.211799198845103
393 9.627854977090138
394 2.1826158312196196
395 2.4746693542499725
396 30.872703381435755
397 38.259665499709065
398 2.0736084141928695
399 3.3170212024672896
400 15.713176117253818
401 140.25673581977466
402 153.20936470520633
403 8.575192184568417
404 0.5408676258188829
405 157.96213274331137
406 1.868161129325047
407 171.8679586133005
408 31.812160997181167
409 982.5153292104883
410 191.09502741956976
411 73.37923051849066
412 187.59856480181588
413 1375.1050264545868
414 1375.112470707965
415 1375.1726569072691
416 1374.9249779560178
417 1374.9249779560178
418 1037.050728760837
419 1375.1726569072691
420 1375.1726569072691
421 2.5486417813565034
422 2.8933385204894067
423 2.935198350137711
424 2.1826158312196196
425 2.4746693542499725
426 5.20273421236257
427 5.285537079460225
428 2.0736084141928695
429 3.3170212024672896
430 9.790136251312711
431 9.976152789852403
432 10.62147147681374
433 8.575192184568417
434 0.5408676258188829
435 19.240540097837588
436 1.868161129325047
437 21.978289919068587
438 30.026221327177527
439 35.28387451363923
440 51.268052547604675
441 59.80157654502289
442 86.07482981986523
443 170.38856037730005
444 525.9836544556911
445 619.7620838277053
446 688.7967809415067
447 807.9097540594196
448 880.5874292950325
449 938.0770163999993
450 975.753000576273
451 0.5408676258188829
452 0.5569023790141275
453 0.5467847850224734
454 12.35920912291181
455 0.6215764287794896
456 45.7741867621085
457 0.4982407724264809
458 0.8865189754604965
459 1.3625593714217017
460 141.01312221496727
461 458.4273204637081
462 874.0614299233545
463 587.7080224818319
464 862.708403011573
465 1284.2757951929975
466 13.528725038542118
467 1374.9127240579573
468 780.6509105025874
469 1374.9127240579573
470 3.5763136771149333
471 225.7232093025915
472 1374.9127240579573
473 1375.1849108053295
474 1374.9127240579573
475 1374.9127240579573
476 1375.1849108053295
477 168.06529413649727
478 1374.9127240579573
479 1374.9127240579573
480 1374.9127240579573
481 0.5408676258188829
482 0.5569023790141275
483 0.5467847850224734
484 2.1826158312196196
485 0.6215764287794896
486 2.5486417813565034
487 0.4982407724264809
488 0.8865189754604965
489 1.3625593714217017
490 5.20273421236257
491 5.285537079460225
492 8.575192184568417
493 9.790136251312711
494 9.976152789852403
495 10.62147147681374
496 13.528725038542118
497 21.978289919068587
498 30.026221327177527
499 35.28387451363923
500 3.5763136771149333
501 59.80157654502289
502 86.07482981986523
503 170.38856037730005
504 525.9836544556911
505 619.7620838277053
506 688.7967809415067
507 168.06529413649727
508 880.5874292950325
509 938.0770163999993
510 975.753000576273
511 0.4982407724264809
512 0.4995899050921543
513 0.4664660107147298
514 0.560079843058893
515 18.19492520417804
516 20.780008091415777
517 1.3492643720327189
518 2.4167597991656224
519 0.48124188369589804
520 3.9682676176334133
521 845.2247448797283
522 1124.8779197589618
523 2.3451063339950124
524 26.746768744557876
525 1363.9543702467686
526 385.95640123886176
527 1341.1023157452908
528 181.73845864063017
529 1374.9729102572617
530 1124.7724315006103
531 1369.6591625167828
532 1374.9729102572617
533 1374.9729102572617
534 959.0692176683341
535 1374.9729102572617
536 1374.9729102572617
537 1374.9729102572617
538 1374.9729102572617
539 1374.9729102572617
540 1374.9729102572617
541 0.4982407724264809
542 0.4995899050921543
543 0.4664660107147298
544 0.5569023790141275
545 0.6215764287794896
546 0.8865189754604965
547 1.3492643720327189
548 2.1826158312196196
549 0.48124188369589804
550 3.5763136771149333
551 5.20273421236257
552 5.285537079460225
553 2.3451063339950124
554 9.790136251312711
555 9.976152789852403
556 10.62147147681374
557 13.528725038542118
558 21.978289919068587
559 30.026221327177527
560 35.28387451363923
561 59.80157654502289
562 86.07482981986523
563 168.06529413649727
564 170.38856037730005
565 525.9836544556911
566 619.7620838277053
567 688.7967809415067
568 880.5874292950325
569 938.0770163999993
570 975.753000576273
571 0.4664660107147298
572 3.802147127972085
573 0.4394165438477058
574 0.40946274635126373
575 31.361992932450125
576 0.4387732384576927
577 2.1122287731086384
578 8.052496411348486
579 353.97857315920896
580 414.03488209818147
581 5.175515969251731
582 1048.5487135020458
583 1271.3284755993798
584 1374.9526385405413
585 107.62076445652163
586 650.4720468522158
587 2.7036757739324204
588 1374.9526385405413
589 1148.0510042981402
590 1374.9526385405413
591 1374.9526385405413
592 1080.981276736058
593 1374.9526385405413
594 1374.9526385405413
595 1374.9526385405413
596 1374.9526385405413
597 1374.9526385405413
598 1374.9526385405413
599 1375.1449963227456
600 1374.9526385405413
601 0.4664660107147298
602 0.48124188369589804
603 0.4394165438477058
604 0.40946274635126373
605 0.5569023790141275
606 0.4387732384576927
607 0.8865189754604965
608 1.3492643720327189
609 2.1826158312196196
610 2.3451063339950124
611 3.5763136771149333
612 5.20273421236257
613 5.285537079460225
614 9.790136251312711
615 9.976152789852403
616 10.62147147681374
617 2.7036757739324204
618 21.978289919068587
619 30.026221327177527
620 35.28387451363923
621 59.80157654502289
622 86.07482981986523
623 168.06529413649727
624 170.38856037730005
625 525.9836544556911
626 619.7620838277053
627 688.7967809415067
628 880.5874292950325
629 938.0770163999993
630 975.753000576273
631 0.40946274635126373
632 0.40877067592911076
633 2.961099294719613
634 0.39229252467030373
635 0.4056017214246811
636 0.42075227580075125
637 32.79682434129621
638 0.45962237918498267
639 4.110307999335496
640 3.5106882394683665
641 732.9393403612751
642 42.603150766152844
643 12.947457268796633
644 106.7535932071622
645 60.45792213283559
646 1375.2051825220499
647 667.1052008588515
648 596.7412328443344
649 1375.2051825220499
650 1375.2051825220499
651 901.6127661774127
652 1375.2051825220499
653 1375.2051825220499
654 1375.2051825220499
655 1375.2051825220499
656 1375.2051825220499
657 1375.2051825220499
658 1375.2051825220499
659 1375.2051825220499
660 1375.2051825220499
661 0.40946274635126373
662 0.40877067592911076
663 0.4394165438477058
664 0.39229252467030373
665 0.4056017214246811
666 0.42075227580075125
667 0.8865189754604965
668 0.45962237918498267
669 2.1826158312196196
670 2.3451063339950124
671 2.7036757739324204
672 3.5763136771149333
673 5.20273421236257
674 5.285537079460225
675 9.790136251312711
676 9.976152789852403
677 10.62147147681374
678 21.978289919068587
679 30.026221327177527
680 35.28387451363923
681 59.80157654502289
682 86.07482981986523
683 168.06529413649727
684 170.38856037730005
685 525.9836544556911
686 619.7620838277053
687 688.7967809415067
688 880.5874292950325
689 938.0770163999993
690 975.753000576273
691 0.39229252467030373
692 0.3851655018076107
693 0.4312839709917521
694 0.43841936543565324
695 0.4438634678114182
696 39.68284161786832
697 0.43070769712654183
698 2.2929009136771192
699 394.05757286188634
700 1090.7091516271478
701 1007.2404744949481
702 1169.313930475965
703 286.3172426820799
704 1375.0773658700632
705 1375.0773658700632
706 1375.0773658700632
707 1375.0773658700632
708 1375.0773658700632
709 1375.0773658700632
710 1375.0773658700632
711 1375.0202689932237
712 1375.0773658700632
713 1375.0202689932237
714 1375.0773658700632
715 1375.0202689932237
716 1375.0202689932237
717 1375.0773658700632
718 1375.0202689932237
719 1375.0773658700632
720 1375.0773658700632
721 0.39229252467030373
722 0.3851655018076107
723 0.40877067592911076
724 0.40946274635126373
725 0.42075227580075125
726 0.4394165438477058
727 0.43070769712654183
728 0.8865189754604965
729 2.1826158312196196
730 2.3451063339950124
731 2.7036757739324204
732 3.5763136771149333
733 5.20273421236257
734 5.285537079460225
735 9.790136251312711
736 9.976152789852403
737 10.62147147681374
738 21.978289919068587
739 30.026221327177527
740 35.28387451363923
741 59.80157654502289
742 86.07482981986523
743 168.06529413649727
744 170.38856037730005
745 525.9836544556911
746 619.7620838277053
747 688.7967809415067
748 880.5874292950325
749 938.0770163999993
750 975.753000576273
751 0.3851655018076107
752 0.3778592909084242
753 2.0029942278080104
754 0.3783897119796469
755 9.974541094002307
756 76.951704361092
757 218.15239815282132
758 1.1000792333974845
759 12.691306053130353
760 1.2793324667399693
761 115.11212031588322
762 1375.0773658700632
763 717.3430432904594
764 1263.542034891051
765 1090.1835901395398
766 1375.0773658700632
767 1375.0773658700632
768 1375.0773658700632
769 1375.0202689932237
770 1375.0773658700632
771 1375.0202689932237
772 1375.0773658700632
773 1375.0773658700632
774 1375.0773658700632
775 1375.0773658700632
776 1375.0773658700632
777 1375.0773658700632
778 1375.0773658700632
779 1375.0773658700632
780 1375.0773658700632
781 0.3851655018076107
782 0.3778592909084242
783 0.40877067592911076
784 0.3783897119796469
785 0.42075227580075125
786 0.43070769712654183
787 0.4394165438477058
788 0.8865189754604965
789 2.1826158312196196
790 1.2793324667399693
791 2.7036757739324204
792 3.5763136771149333
793 5.20273421236257
794 5.285537079460225
795 9.790136251312711
796 9.976152789852403
797 10.62147147681374
798 21.978289919068587
799 30.026221327177527
800 35.28387451363923
801 59.80157654502289
802 86.07482981986523
803 168.06529413649727
804 170.38856037730005
805 525.9836544556911
806 619.7620838277053
807 688.7967809415067
808 880.5874292950325
809 938.0770163999993
810 975.753000576273
811 0.3778592909084242
812 0.39098323316888606
813 5.729158451755622
814 27.59605460570239
815 224.42113214916935
816 667.0091101411326
817 856.4470019539082
818 272.0256321821012
819 295.5074176945744
820 1374.892452341237
821 1027.4451059681373
822 1374.892452341237
823 1375.2051825220499
824 1375.2051825220499
825 1374.892452341237
826 1374.892452341237
827 1375.2051825220499
828 1374.892452341237
829 1374.892452341237
830 1374.892452341237
831 1375.2051825220499
832 1374.892452341237
833 1374.892452341237
834 1374.892452341237
835 1375.2051825220499
836 1375.2051825220499
837 1374.892452341237
838 1374.892452341237
839 1375.2051825220499
840 1374.892452341237
841 0.3778592909084242
842 0.3783897119796469
843 0.3851655018076107
844 0.40877067592911076
845 0.42075227580075125
846 0.43070769712654183
847 0.4394165438477058
848 0.8865189754604965
849 1.2793324667399693
850 2.1826158312196196
851 2.7036757739324204
852 3.5763136771149333
853 5.20273421236257
854 5.285537079460225
855 9.790136251312711
856 9.976152789852403
857 10.62147147681374
858 21.978289919068587
859 30.026221327177527
860 35.28387451363923
861 59.80157654502289
862 86.07482981986523
863 168.06529413649727
864 170.38856037730005
865 525.9836544556911
866 619.7620838277053
867 688.7967809415067
868 880.5874292950325
869 938.0770163999993
870 975.753000576273
871 0.3778592909084242
872 0.4234626258405062
873 3.837983440987662
874 0.5676169304352289
875 187.1068987361364
876 1028.1574184327526
877 1353.1470658795997
878 1368.8229120723388
879 1374.9127240579573
880 1355.9954765802865
881 1359.4089093853229
882 1374.9127240579573
883 1366.8054170161845
884 1374.9127240579573
885 1374.9127240579573
886 1374.9127240579573
887 1374.9127240579573
888 1374.9127240579573
889 1374.9127240579573
890 1374.9127240579573
891 1374.9127240579573
892 1374.9127240579573
893 1375.1849108053295
894 1374.9127240579573
895 1374.9127240579573
896 1374.9127240579573
897 1374.9127240579573
898 1374.9127240579573
899 1374.9127240579573
900 1374.9127240579573
901 0.3778592909084242
902 0.3783897119796469
903 0.3851655018076107
904 0.40877067592911076
905 0.42075227580075125
906 0.43070769712654183
907 0.4394165438477058
908 0.8865189754604965
909 1.2793324667399693
910 2.1826158312196196
911 2.7036757739324204
912 3.5763136771149333
913 5.20273421236257
914 5.285537079460225
915 9.790136251312711
916 9.976152789852403
917 10.62147147681374
918 21.978289919068587
919 30.026221327177527
920 35.28387451363923
921 59.80157654502289
922 86.07482981986523
923 168.06529413649727
924 170.38856037730005
925 525.9836544556911
926 619.7620838277053
927 688.7967809415067
928 880.5874292950325
929 938.0770163999993
930 975.753000576273
931 0.3778592909084242
932 0.3783626998659737
933 0.39331299795149016
934 125.17127697687822
935 500.16721074634614
936 23.75517853361516
937 1375.1449963227456
938 614.8184735938825
939 1374.9526385405413
940 1375.1449963227456
941 1375.1449963227456
942 1374.9526385405413
943 1375.1449963227456
944 1374.9526385405413
945 1374.9526385405413
946 1375.1449963227456
947 1375.1449963227456
948 1374.9526385405413
949 1375.1449963227456
950 1375.1449963227456
951 1375.1449963227456
952 1375.1449963227456
953 1375.1449963227456
954 1375.1449963227456
955 1374.9526385405413
956 1374.9526385405413
957 1375.1449963227456
958 1374.9526385405413
959 1374.9526385405413
960 1374.9526385405413
961 0.3778592909084242
962 0.3783626998659737
963 0.3851655018076107
964 0.40877067592911076
965 0.42075227580075125
966 0.43070769712654183
967 0.4394165438477058
968 0.8865189754604965
969 1.2793324667399693
970 2.1826158312196196
971 2.7036757739324204
972 3.5763136771149333
973 5.20273421236257
974 5.285537079460225
975 9.790136251312711
976 9.976152789852403
977 10.62147147681374
978 21.978289919068587
979 30.026221327177527
980 35.28387451363923
981 59.80157654502289
982 86.07482981986523
983 168.06529413649727
984 170.38856037730005
985 525.9836544556911
986 619.7620838277053
987 688.7967809415067
988 880.5874292950325
989 938.0770163999993
990 975.753000576273
evaluations raw_y
1 115.2476758088368
2 250.82554159485375
3 371.11791222378486
4 692.5785530288211
5 688.4815431197642
6 351.37299633781
7 53.95202460288858
8 325.1104911105206
9 209.1927678917412
10 587.6892630705593
11 304.9545106281442
12 1160.668478905767
13 358.5940929385411
14 576.2773449809354
15 360.58081092161507
16 499.37734545102734
17 134.26467212247326
18 744.5221977046148
19 381.72930146769806
20 570.465151038207
21 505.8912377500974
22 261.49788520475454
23 112.20201358473241
24 124.2113524250737
25 610.359562223454
26 427.9838081130946
27 183.8345534130179
28 767.7538486848697
29 445.0937137563416
30 457.7938240501886
31 53.95202460288858
32 13.541951248805574
33 158.91096091542403
34 187.69504266610593
35 148.0665178814627
36 136.16342124800641
37 88.28088504543204
38 114.09249801706423
39 368.0202085163509
40 270.35516627552084
41 134.3285015915052
42 1357.2191534183405
43 96.17750363660912
44 208.27825007395285
45 142.10499002309865
46 635.7266203083321
47 209.79266490938102
48 150.961760256478
49 547.1208075370621
50 440.09122971358414
51 129.10864573491315
52 308.4180702391465
53 53.520458672263835
54 875.721755624486
55 230.26511478531813
56 58.32966053871998
57 1140.0613567783255
58 1274.0002753636954
59 1362.2488680365461
60 1375.1375520693675
61 53.95202460288858
62 13.541951248805574
63 115.2476758088368
64 124.2113524250737
65 134.26467212247326
66 136.16342124800641
67 88.28088504543204
68 114.09249801706423
69 261.49788520475454
70 270.35516627552084
71 134.3285015915052
72 351.37299633781
73 96.17750363660912
74 208.27825007395285
75 142.10499002309865
76 381.72930146769806
77 209.79266490938102
78 150.961760256478
79 457.7938240501886
80 440.09122971358414
81 129.10864573491315
82 308.4180702391465
83 53.520458672263835
84 587.6892630705593
85 230.26511478531813
86 58.32966053871998
87 692.5785530288211
88 744.5221977046148
89 767.7538486848697
90 1160.668478905767
91 13.541951248805574
92 79.06330822362666
93 9.214472894082794
94 30.50525460316129
95 179.8043333765023
96 84.32244604602091
97 30.19996521692718
98 186.62547316220318
99 35.171709869292954
100 165.94802982392932
101 216.6446032015252
102 278.29342011751623
103 54.19239427644037
104 105.28722837701652
105 359.9703913610997
106 186.4586511264182
107 129.48473739128553
108 200.1687388826667
109 38.30229385060697
110 29.85032076082722
111 18.763460032079212
112 97.94750487559098
113 20.548039996845617
114 422.52093999686446
115 531.0128705401768
116 18.10332305282912
117 765.0066860585711
118 1038.8194142499374
119 1375.1375520693675
120 664.246157269282
121 13.541951248805574
122 53.520458672263835
123 9.214472894082794
124 30.50525460316129
125 88.28088504543204
126 84.32244604602091
127 30.19996521692718
128 115.2476758088368
129 35.171709869292954
130 129.10864573491315
131 134.26467212247326
132 134.3285015915052
133 54.19239427644037
134 105.28722837701652
135 150.961760256478
136 186.4586511264182
137 129.48473739128553
138 200.1687388826667
139 38.30229385060697
140 29.85032076082722
141 18.763460032079212
142 97.94750487559098
143 20.548039996845617
144 422.52093999686446
145 457.7938240501886
146 18.10332305282912
147 692.5785530288211
148 744.5221977046148
149 767.7538486848697
150 664.246157269282
151 9.214472894082794
152 40.751895368967375
153 9.91123949356574
154 9.969993442198342
155 12.688401461629251
156 70.07109382315875
157 11.219297902151435
158 18.983476839221456
159 9.837242638826888
160 29.085264517303084
161 161.20694305647962
162 16.52387422335444
163 34.643128733737775
164 37.47431858665621
165 10.359881446771904
166 94.31783809941543
167 18.40543020229953
168 533.8796177832937
169 13.854496004090635
170 85.70331874749684
171 807.8519551416016
172 8.740939359415231
173 572.2606106577485
174 715.2638239594156
175 1375.1327424246854
176 1375.0527946080044
177 1275.5649847103502
178 1375.1449963227456
179 1375.1449963227456
180 1375.1375520693675
181 9.214472894082794
182 13.541951248805574
183 9.91123949356574
184 9.969993442198342
185 12.688401461629251
186 29.85032076082722
187 11.219297902151435
188 18.983476839221456
189 9.837242638826888
190 29.085264517303084
191 53.520458672263835
192 16.52387422335444
193 34.643128733737775
194 37.47431858665621
195 10.359881446771904
196 94.31783809941543
197 18.40543020229953
198 129.10864573491315
199 13.854496004090635
200 85.70331874749684
201 134.3285015915052
202 8.740939359415231
203 186.4586511264182
204 200.1687388826667
205 422.52093999686446
206 457.7938240501886
207 664.246157269282
208 692.5785530288211
209 744.5221977046148
210 767.7538486848697
211 8.740939359415231
212 9.385577795111603
213 20.05566490697813
214 3.1946924430419035
215 12.857912574363741
216 8.669742792017876
217 9.10186317670949
218 9.508562050317124
219 15.025480183129243
220 99.52654672282087
221 58.04642859566774
222 9.71817525013425
223 156.72483875812287
224 19.80117406904696
225 128.65434501138142
226 8.658371229886502
227 498.9961814933351
228 8.021311879605943
229 12.280737648241159
230 30.01929531489149
231 967.8018411298132
232 846.7614513717829
233 27.952563716142645
234 1354.5152613724688
235 1375.1327424246854
236 1350.1037299506008
237 108.9353850222613
238 1375.1449963227456
239 1375.1327424246854
240 1375.1252981713071
241 8.740939359415231
242 9.214472894082794
243 9.837242638826888
244 3.1946924430419035
245 9.969993442198342
246 8.669742792017876
247 9.10186317670949
248 9.508562050317124
249 13.541951248805574
250 13.854496004090635
251 16.52387422335444
252 9.71817525013425
253 18.983476839221456
254 19.80117406904696
255 29.85032076082722
256 8.658371229886502
257 37.47431858665621
258 8.021311879605943
259 12.280737648241159
260 30.01929531489149
261 129.10864573491315
262 134.3285015915052
263 27.952563716142645
264 200.1687388826667
265 422.52093999686446
266 457.7938240501886
267 108.9353850222613
268 692.5785530288211
269 744.5221977046148
270 767.7538486848697
271 3.1946924430419035
272 4.644963902760341
273 3.1796092723891025
274 11.432857330731432
275 3.476177098644572
276 19.164548576504924
277 26.509275299728188
278 31.828117778534022
279 60.22620704094498
280 5.493596030538263
281 42.457897401281976
282 5.308043179488336
283 2.138808171091662
284 11.692836358353883
285 3.5889802286672654
286 21.29139541505106
287 124.07079002921165
288 5.828371783644905
289 397.8368858036002
290 31.111406376690063
291 21.492858471754847
292 34.79410014519798
293 1143.476116517473
294 1234.3775777401577
295 1150.453042779789
296 1375.112470707965
297 413.6597601528887
298 1075.7638393991267
299 1375.0448402552827
300 1252.020161604013
301 3.1946924430419035
302 4.644963902760341
303 3.1796092723891025
304 8.669742792017876
305 3.476177098644572
306 9.10186317670949
307 9.214472894082794
308 9.508562050317124
309 9.71817525013425
310 5.493596030538263
311 9.969993442198342
312 5.308043179488336
313 2.138808171091662
314 11.692836358353883
315 3.5889802286672654
316 18.983476839221456
317 19.80117406904696
318 5.828371783644905
319 29.85032076082722
320 30.01929531489149
321 21.492858471754847
322 34.79410014519798
323 129.10864573491315
324 134.3285015915052
325 200.1687388826667
326 422.52093999686446
327 413.6597601528887
328 692.5785530288211
329 744.5221977046148
330 767.7538486848697
331 2.138808171091662
332 10.255866979986154
333 16.326562354191196
334 10.32918756561485
335 21.184702220758496
336 17.108772493569216
337 18.24508091491234
338 2.1534801829934933
339 15.331466775026234
340 2.1562427976610805
341 22.48889623511919
342 104.90698353619929
343 31.875592591270408
344 53.35806041575418
345 106.04114216197374
346 316.999406081541
347 196.1301046427438
348 2.0991296368347667
349 166.99451736871472
350 7.787208754952761
351 106.49215641074804
352 35.875055428588425
353 84.98386873621678
354 132.83061702277143
355 720.9094034645725
356 1375.0202689932237
357 590.5217733093207
358 1351.8878102845417
359 996.7597127339849
360 717.4577003539182
361 2.138808171091662
362 3.1796092723891025
363 3.1946924430419035
364 3.476177098644572
365 3.5889802286672654
366 4.644963902760341
367 5.308043179488336
368 2.1534801829934933
369 5.828371783644905
370 2.1562427976610805
371 9.10186317670949
372 9.214472894082794
373 9.508562050317124
374 9.71817525013425
375 9.969993442198342
376 11.692836358353883
377 18.983476839221456
378 2.0991296368347667
379 21.492858471754847
380 7.787208754952761
381 30.01929531489149
382 34.79410014519798
383 84.98386873621678
384 132.83061702277143
385 200.1687388826667
386 413.6597601528887
387 422.52093999686446
388 692.5785530288211
389 744.5221977046148
390 717.4577003539182
391 2.0991296368347667
392 1.7161928103995465
393 3.6038947121561433
394 1.6782239890234143
395 86.03453769919975
396 40.907260932594625
397 35.764580170867745
398 2.1028797033765687
399 2.419841421619524
400 144.47395301211077
401 201.08919926654542
402 191.47677764300298
403 2.1414467084507027
404 12.703903076826872
405 827.8254276660164
406 984.7761151985719
407 987.608140127232
408 125.71158088367656
409 1032.876526800307
410 179.46831335453194
411 575.0665541256352
412 1375.1050264545868
413 452.14486722606165
414 1375.1050264545868
415 956.1637007793349
416 13.162718806143163
417 1375.0448402552827
418 1375.0448402552827
419 1375.1050264545868
420 1375.0448402552827
421 2.0991296368347667
422 1.7161928103995465
423 2.1534801829934933
424 1.6782239890234143
425 3.1796092723891025
426 3.1946924430419035
427 3.476177098644572
428 2.1028797033765687
429 2.419841421619524
430 5.308043179488336
431 5.828371783644905
432 7.787208754952761
433 2.1414467084507027
434 9.214472894082794
435 9.508562050317124
436 9.71817525013425
437 9.969993442198342
438 11.692836358353883
439 18.983476839221456
440 21.492858471754847
441 30.01929531489149
442 34.79410014519798
443 84.98386873621678
444 132.83061702277143
445 200.1687388826667
446 13.162718806143163
447 422.52093999686446
448 692.5785530288211
449 717.4577003539182
450 744.5221977046148
451 1.6782239890234143
452 5.805310609682711
453 2.1986011629903723
454 1.5930454554049907
455 7.618651374443836
456 1.5301479017107509
457 18.088198644639427
458 42.219434591469636
459 35.12959085367824
460 9.92777996300104
461 2.0912690354337347
462 381.65283298949805
463 11.108497152912038
464 18.278206338517048
465 985.2439410705001
466 46.24431989649958
467 1288.0811937951037
468 5.896957090106877
469 1294.5794468163683
470 1375.1050264545868
471 1375.1050264545868
472 1375.1050264545868
473 141.50504823750418
474 1320.1856352308762
475 1193.7190257887703
476 1375.1050264545868
477 1375.1050264545868
478 1375.1050264545868
479 1289.0014265382654
480 1375.1050264545868
481 1.6782239890234143
482 1.7161928103995465
483 2.0991296368347667
484 1.5930454554049907
485 2.1414467084507027
486 1.5301479017107509
487 2.419841421619524
488 3.1796092723891025
489 3.1946924430419035
490 3.476177098644572
491 2.0912690354337347
492 5.828371783644905
493 7.787208754952761
494 9.214472894082794
495 9.508562050317124
496 9.71817525013425
497 9.969993442198342
498 5.896957090106877
499 13.162718806143163
500 18.983476839221456
501 21.492858471754847
502 30.01929531489149
503 34.79410014519798
504 84.98386873621678
505 132.83061702277143
506 200.1687388826667
507 422.52093999686446
508 692.5785530288211
509 717.4577003539182
510 744.5221977046148
511 1.5301479017107509
512 1.7588626345935816
513 1.5544358181347886
514 8.538864521038692
515 1.5187267298069325
516 2.943158415756081
517 2.365581650289104
518 78.96423887051145
519 5.466547466664744
520 162.14042166658928
521 6.7558989267573235
522 12.666705327824932
523 463.362911306173
524 1.4724994855668923
525 170.62863840858932
526 324.93641996153934
527 108.80106151895906
528 1375.0448402552827
529 337.18500627444087
530 1375.0448402552827
531 1375.0448402552827
532 1375.0448402552827
533 1375.0448402552827
534 170.34388830972262
535 1375.0527946080044
536 1375.0448402552827
537 1375.0448402552827
538 1375.0448402552827
539 1375.0527946080044
540 1375.0448402552827
541 1.5301479017107509
542 1.5930454554049907
543 1.5544358181347886
544 1.7161928103995465
545 1.5187267298069325
546 2.0991296368347667
547 2.1414467084507027
548 2.419841421619524
549 3.1796092723891025
550 3.1946924430419035
551 3.476177098644572
552 5.828371783644905
553 5.896957090106877
554 1.4724994855668923
555 9.214472894082794
556 9.508562050317124
557 9.71817525013425
558 9.969993442198342
559 13.162718806143163
560 18.983476839221456
561 21.492858471754847
562 30.01929531489149
563 34.79410014519798
564 84.98386873621678
565 132.83061702277143
566 200.1687388826667
567 422.52093999686446
568 692.5785530288211
569 717.4577003539182
570 744.5221977046148
571 1.4724994855668923
572 0.6223611440030912
573 1.5093080062673532
574 1.9906269723166923
575 4.356656259936641
576 1.6005144316512343
577 1.3099766454902346
578 1.4514521418894701
579 7.395192640112039
580 132.122875963931
581 206.90365375538715
582 3.0324045404850954
583 778.9248475964617
584 805.2746471350704
585 30.010793483156245
586 819.80591480216
587 752.3225756142788
588 762.0931031833883
589 891.6026541783947
590 744.2986053231427
591 751.8197471378763
592 1375.1050264545868
593 1375.1050264545868
594 768.9076674746844
595 1374.9526385405413
596 1095.085680188272
597 1375.1050264545868
598 1375.1050264545868
599 1375.1050264545868
600 1375.1050264545868
601 1.4724994855668923
602 0.6223611440030912
603 1.5093080062673532
604 1.5544358181347886
605 1.5930454554049907
606 1.6005144316512343
607 1.3099766454902346
608 1.4514521418894701
609 2.419841421619524
610 3.1796092723891025
611 3.1946924430419035
612 3.0324045404850954
613 5.828371783644905
614 5.896957090106877
615 9.214472894082794
616 9.508562050317124
617 9.71817525013425
618 9.969993442198342
619 13.162718806143163
620 18.983476839221456
621 21.492858471754847
622 30.01929531489149
623 34.79410014519798
624 84.98386873621678
625 132.83061702277143
626 200.1687388826667
627 422.52093999686446
628 692.5785530288211
629 717.4577003539182
630 744.5221977046148
631 0.6223611440030912
632 0.5882715509531684
633 4.744869999972602
634 0.85078472777513
635 15.78196197032769
636 57.91905439967971
637 57.55805446362418
638 212.34245214086002
639 374.30332581322796
640 896.5648159908224
641 1063.9783300730664
642 1208.7301931737645
643 193.88049436374416
644 1374.9648924386017
645 265.8825367365583
646 1374.9648924386017
647 1232.3264967578912
648 1374.9648924386017
649 1375.1327424246854
650 1374.9648924386017
651 1374.9648924386017
652 1374.9648924386017
653 1374.9648924386017
654 1374.9648924386017
655 1374.9648924386017
656 1374.9648924386017
657 1374.9648924386017
658 1374.9648924386017
659 1375.1327424246854
660 1374.9648924386017
661 0.6223611440030912
662 0.5882715509531684
663 1.4514521418894701
664 0.85078472777513
665 1.5093080062673532
666 1.5544358181347886
667 1.5930454554049907
668 1.6005144316512343
669 2.419841421619524
670 3.0324045404850954
671 3.1796092723891025
672 3.1946924430419035
673 5.828371783644905
674 5.896957090106877
675 9.214472894082794
676 9.508562050317124
677 9.71817525013425
678 9.969993442198342
679 13.162718806143163
680 18.983476839221456
681 21.492858471754847
682 30.01929531489149
683 34.79410014519798
684 84.98386873621678
685 132.83061702277143
686 200.1687388826667
687 422.52093999686446
688 692.5785530288211
689 717.4577003539182
690 744.5221977046148
691 0.5882715509531684
692 2.280768903359117
693 6.681775476356888
694 8.82567799678537
695 37.53411551041554
696 1.5845908866681717
697 201.06042601728024
698 1.4908650685979719
699 1277.868008239673
700 125.58876594900876
701 1374.9600827939196
702 1374.9600827939196
703 1374.9600827939196
704 1374.9600827939196
705 1300.8844974796064
706 1374.9600827939196
707 1374.9600827939196
708 1375.1375520693675
709 1374.9600827939196
710 1374.9600827939196
711 1375.1375520693675
712 1374.9600827939196
713 1375.1375520693675
714 1374.9600827939196
715 1375.1375520693675
716 1374.9600827939196
717 1374.9600827939196
718 1374.9600827939196
719 1374.9600827939196
720 1374.9600827939196
721 0.5882715509531684
722 0.6223611440030912
723 0.85078472777513
724 1.4514521418894701
725 1.5093080062673532
726 1.5544358181347886
727 1.5930454554049907
728 1.4908650685979719
729 2.419841421619524
730 3.0324045404850954
731 3.1796092723891025
732 3.1946924430419035
733 5.828371783644905
734 5.896957090106877
735 9.214472894082794
736 9.508562050317124
737 9.71817525013425
738 9.969993442198342
739 13.162718806143163
740 18.983476839221456
741 21.492858471754847
742 30.01929531489149
743 34.79410014519798
744 84.98386873621678
745 132.83061702277143
746 200.1687388826667
747 422.52093999686446
748 692.5785530288211
749 717.4577003539182
750 744.5221977046148
751 0.5882715509531684
752 0.4987869057007359
753 0.5890108914843922
754 0.5494246028148079
755 41.61001874563088
756 207.68426712115462
757 741.5204174141032
758 73.5917875437879
759 1374.9526385405413
760 376.00258525701884
761 653.5147660727034
762 1375.1449963227456
763 1155.5161528695432
764 1374.9526385405413
765 1374.9526385405413
766 1374.9526385405413
767 1374.9526385405413
768 1374.9526385405413
769 1374.9526385405413
770 1374.9526385405413
771 1374.9526385405413
772 1374.9526385405413
773 1374.9526385405413
774 1374.9526385405413
775 1374.9526385405413
776 1375.1449963227456
777 1374.9526385405413
778 1374.9526385405413
779 1375.1449963227456
780 1374.9526385405413
781 0.5882715509531684
782 0.4987869057007359
783 0.5890108914843922
784 0.5494246028148079
785 1.4908650685979719
786 1.5093080062673532
787 1.5544358181347886
788 1.5930454554049907
789 2.419841421619524
790 3.0324045404850954
791 3.1796092723891025
792 3.1946924430419035
793 5.828371783644905
794 5.896957090106877
795 9.214472894082794
796 9.508562050317124
797 9.71817525013425
798 9.969993442198342
799 13.162718806143163
800 18.983476839221456
801 21.492858471754847
802 30.01929531489149
803 34.79410014519798
804 84.98386873621678
805 132.83061702277143
806 200.1687388826667
807 422.52093999686446
808 692.5785530288211
809 717.4577003539182
810 744.5221977046148
811 0.4987869057007359
812 3.0897352732959553
813 5.0803113600059575
814 31.80855934755757
815 171.65971231119426
816 5.061796655369591
817 1046.6585428214491
818 1348.092013861755
819 1375.0448402552827
820 1158.6279006555371
821 1375.0448402552827
822 1375.0448402552827
823 1375.0448402552827
824 1375.0448402552827
825 1375.0448402552827
826 1375.0448402552827
827 1375.0448402552827
828 1375.0448402552827
829 1375.0527946080044
830 1375.0448402552827
831 1375.0448402552827
832 1375.0448402552827
833 1375.0448402552827
834 1375.0448402552827
835 1375.0527946080044
836 1375.0448402552827
837 1375.0448402552827
838 1375.0527946080044
839 1375.0448402552827
840 1375.0448402552827
841 0.4987869057007359
842 0.5494246028148079
843 0.5882715509531684
844 0.5890108914843922
845 1.4908650685979719
846 1.5093080062673532
847 1.5544358181347886
848 1.5930454554049907
849 2.419841421619524
850 3.0324045404850954
851 3.1796092723891025
852 3.1946924430419035
853 5.828371783644905
854 5.896957090106877
855 9.214472894082794
856 9.508562050317124
857 9.71817525013425
858 9.969993442198342
859 13.162718806143163
860 18.983476839221456
861 21.492858471754847
862 30.01929531489149
863 34.79410014519798
864 84.98386873621678
865 132.83061702277143
866 200.1687388826667
867 422.52093999686446
868 692.5785530288211
869 717.4577003539182
870 744.5221977046148
871 0.4987869057007359
872 1.2557004662126494
873 1.5742812091779164
874 6.2081861972453005
875 32.65399771523051
876 473.31681570014837
877 141.20112736831572
878 1360.1211369863172
879 197.1761082433737
880 1374.9526385405413
881 1365.6145857351162
882 1374.9526385405413
883 1374.9526385405413
884 1375.1449963227456
885 1375.1449963227456
886 1374.9526385405413
887 1374.9526385405413
888 1375.1449963227456
889 1374.9526385405413
890 1374.9526385405413
891 1375.1449963227456
892 1374.9526385405413
893 1374.9526385405413
894 1374.9526385405413
895 1374.9526385405413
896 1374.9526385405413
897 1375.1449963227456
898 1375.1449963227456
899 1374.9526385405413
900 1374.9526385405413
901 0.4987869057007359
902 0.5494246028148079
903 0.5882715509531684
904 0.5890108914843922
905 1.4908650685979719
906 1.5093080062673532
907 1.5544358181347886
908 1.5930454554049907
909 2.419841421619524
910 3.0324045404850954
911 3.1796092723891025
912 3.1946924430419035
913 5.828371783644905
914 5.896957090106877
915 9.214472894082794
916 9.508562050317124
917 9.71817525013425
918 9.969993442198342
919 13.162718806143163
920 18.983476839221456
921 21.492858471754847
922 30.01929531489149
923 34.79410014519798
924 84.98386873621678
925 132.83061702277143
926 200.1687388826667
927 422.52093999686446
928 692.5785530288211
929 717.4577003539182
930 744.5221977046148
931 0.4987869057007359
932 0.9629406233776572
933 3.556302713351221
934 0.4210362254088246
935 880.1754827711432
936 441.45160916753355
937 158.24342914363524
938 106.70032368011275
939 1283.2217591057422
940 1374.9526385405413
941 1374.9526385405413
942 1374.9526385405413
943 1375.1449963227456
944 1297.5885511106776
945 1375.1449963227456
946 1374.9526385405413
947 1374.9526385405413
948 1374.9526385405413
949 1374.9526385405413
950 1374.9526385405413
951 1374.9526385405413
952 1374.9526385405413
953 1374.9526385405413
954 1374.9526385405413
955 1375.1449963227456
956 1374.9526385405413
957 1375.1449963227456
958 1374.9526385405413
959 1375.1449963227456
960 1375.1449963227456
961 0.4987869057007359
962 0.5494246028148079
963 0.5882715509531684
964 0.4210362254088246
965 1.4908650685979719
966 1.5093080062673532
967 1.5544358181347886
968 1.5930454554049907
969 2.419841421619524
970 3.0324045404850954
971 3.1796092723891025
972 3.1946924430419035
973 5.828371783644905
974 5.896957090106877
975 9.214472894082794
976 9.508562050317124
977 9.71817525013425
978 9.969993442198342
979 13.162718806143163
980 18.983476839221456
981 21.492858471754847
982 30.01929531489149
983 34.79410014519798
984 84.98386873621678
985 132.83061702277143
986 200.1687388826667
987 422.52093999686446
988 692.5785530288211
989 717.4577003539182
990 744.5221977046148
evaluations raw_y
1 442.9380071485078
2 479.89958783157294
3 198.76706750427368
4 205.2678811153391
5 216.4507322147857
6 588.6636233356166
7 409.16213361363805
8 248.76249185286844
9 123.05127630389002
10 142.11456290224982
11 317.72526065449205
12 221.57491118185132
13 120.52346869091744
14 673.7422458099306
15 82.42514118308856
16 767.1935022143952
17 511.7424470785747
18 646.6020362602325
19 270.97321569891915
20 275.6540301885416
21 767.2313851350127
22 567.5166917975404
23 693.6271486538907
24 657.874818764041
25 177.7591873903381
26 874.046989341327
27 557.4040306158256
28 675.5040971117619
29 365.01509371224165
30 457.44752568769985
31 82.42514118308856
32 112.04748151094982
33 93.8433081490371
34 227.31987675922892
35 412.0701259280426
36 207.12410993713556
37 535.3580243992134
38 156.43171930495276
39 355.11807733271456
40 704.5145619960374
41 130.7233387780072
42 563.7846685706361
43 133.52007162742473
44 194.4251874108779
45 140.70069336145718
46 38.94628182197601
47 160.1430328671746
48 333.464555512666
49 252.27093003959476
50 253.15851695159873
51 836.8594477262566
52 893.9045484720399
53 1278.758447137146
54 886.1592280784523
55 1350.1134115702375
56 974.2040404807623
57 899.7215207606264
58 1375.1726569072691
59 1374.9127240579573
60 1375.2051825220499
61 82.42514118308856
62 112.04748151094982
63 93.8433081490371
64 142.11456290224982
65 177.7591873903381
66 198.76706750427368
67 205.2678811153391
68 156.43171930495276
69 221.57491118185132
70 248.76249185286844
71 130.7233387780072
72 275.6540301885416
73 133.52007162742473
74 194.4251874108779
75 140.70069336145718
76 38.94628182197601
77 160.1430328671746
78 333.464555512666
79 252.27093003959476
80 253.15851695159873
81 567.5166917975404
82 588.6636233356166
83 646.6020362602325
84 657.874818764041
85 673.7422458099306
86 675.5040971117619
87 693.6271486538907
88 767.1935022143952
89 767.2313851350127
90 874.046989341327
91 38.94628182197601
92 34.21627288541005
93 139.67390983235993
94 35.892556753929824
95 46.16830751390662
96 103.30141657389758
97 42.373634694109015
98 16.051448868401106
99 37.78809034839325
100 116.8325873682902
101 99.84169102324427
102 96.43875219233858
103 286.2548746889615
104 53.23036773350056
105 32.06056827364211
106 117.35065176224909
107 43.668207616246214
108 89.78285782627741
109 46.329804742215515
110 474.163462737136
111 923.3585748160551
112 894.9287941770367
113 1351.4363575785578
114 953.4861539086412
115 1375.112470707965
116 272.5103235629749
117 1366.5667649067716
118 1083.0393269149527
119 1180.3739567399784
120 1353.2639450443194
121 38.94628182197601
122 34.21627288541005
123 93.8433081490371
124 35.892556753929824
125 46.16830751390662
126 103.30141657389758
127 42.373634694109015
128 16.051448868401106
129 37.78809034839325
130 116.8325873682902
131 99.84169102324427
132 96.43875219233858
133 198.76706750427368
134 53.23036773350056
135 32.06056827364211
136 117.35065176224909
137 43.668207616246214
138 89.78285782627741
139 46.329804742215515
140 333.464555512666
141 567.5166917975404
142 588.6636233356166
143 646.6020362602325
144 657.874818764041
145 673.7422458099306
146 272.5103235629749
147 693.6271486538907
148 767.1935022143952
149 767.2313851350127
150 874.046989341327
151 16.051448868401106
152 53.381614471511526
153 76.27763572805371
154 17.600052764132496
155 25.437328825362908
156 18.016282944766573
157 202.17902419343767
158 14.478802227648528
159 152.76233830646314
160 37.40278236345918
161 37.77097126999926
162 27.448848902036477
163 15.29815097433023
164 14.355694842138396
165 17.78630523286349
166 15.789063045271511
167 125.21986715026217
168 118.87215949991528
169 14.306926997063881
170 547.7691237399067
171 1165.6353618836033
172 738.9843026055696
173 619.0269604668127
174 1342.7335838031909
175 1275.1612408158735
176 1375.112470707965
177 504.34193270832463
178 977.3880783994656
179 1374.892452341237
180 1156.049440508686
181 16.051448868401106
182 32.06056827364211
183 34.21627288541005
184 17.600052764132496
185 25.437328825362908
186 18.016282944766573
187 42.373634694109015
188 14.478802227648528
189 46.16830751390662
190 37.40278236345918
191 37.77097126999926
192 27.448848902036477
193 15.29815097433023
194 14.355694842138396
195 17.78630523286349
196 15.789063045271511
197 116.8325873682902
198 117.35065176224909
199 14.306926997063881
200 272.5103235629749
201 333.464555512666
202 567.5166917975404
203 588.6636233356166
204 646.6020362602325
205 657.874818764041
206 673.7422458099306
207 504.34193270832463
208 767.1935022143952
209 767.2313851350127
210 874.046989341327
211 14.306926997063881
212 24.698632765636123
213 14.397818558781115
214 13.622898584525451
215 42.22957921684972
216 13.521099580224842
217 22.38870236746315
218 18.294543137992044
219 16.755610704552463
220 83.04777181310297
221 110.20047739200828
222 22.13324945214201
223 140.96457841670565
224 162.8403102980711
225 16.253439062290937
226 366.61544435952777
227 396.5071249280207
228 212.74606458775807
229 949.7283626658394
230 1333.0431296926342
231 349.7967316561082
232 1374.9729102572617
233 1374.892452341237
234 658.7993862953336
235 1365.668208472138
236 445.69258504274734
237 216.1475355327283
238 1207.4184421762836
239 530.917929236966
240 1374.9723366919798
241 14.306926997063881
242 14.355694842138396
243 14.397818558781115
244 13.622898584525451
245 15.789063045271511
246 13.521099580224842
247 17.600052764132496
248 17.78630523286349
249 16.755610704552463
250 25.437328825362908
251 27.448848902036477
252 22.13324945214201
253 34.21627288541005
254 37.40278236345918
255 16.253439062290937
256 42.373634694109015
257 46.16830751390662
258 116.8325873682902
259 117.35065176224909
260 272.5103235629749
261 333.464555512666
262 504.34193270832463
263 567.5166917975404
264 588.6636233356166
265 646.6020362602325
266 445.69258504274734
267 216.1475355327283
268 767.1935022143952
269 530.917929236966
270 874.046989341327
271 13.521099580224842
272 28.077198970967164
273 13.578024741390816
274 16.911819398601953
275 13.468746796798213
276 13.359221854990398
277 23.082274722818383
278 38.23130224908002
279 14.095906630494126
280 41.86339487288994
281 15.248695306027107
282 121.43257533420605
283 13.072017891838074
284 286.1788577908799
285 49.80071368677291
286 49.856403040268546
287 48.44015090515083
288 20.17413228728191
289 133.45423206323576
290 1227.9689903231997
291 859.4598236312485
292 137.24699217768037
293 1323.9962032740466
294 983.4577772251415
295 1374.9127240579573
296 1375.2051825220499
297 1374.9526385405413
298 1374.9127240579573
299 1374.9526385405413
300 930.8063013403829
301 13.521099580224842
302 13.622898584525451
303 13.578024741390816
304 14.355694842138396
305 13.468746796798213
306 13.359221854990398
307 16.253439062290937
308 16.755610704552463
309 14.095906630494126
310 17.78630523286349
311 15.248695306027107
312 25.437328825362908
313 13.072017891838074
314 34.21627288541005
315 37.40278236345918
316 42.373634694109015
317 46.16830751390662
318 20.17413228728191
319 117.35065176224909
320 216.1475355327283
321 272.5103235629749
322 137.24699217768037
323 445.69258504274734
324 504.34193270832463
325 530.917929236966
326 567.5166917975404
327 588.6636233356166
328 646.6020362602325
329 767.1935022143952
330 874.046989341327
331 13.072017891838074
332 13.111215656376958
333 15.469302489496501
334 31.487802214490646
335 41.66842095770232
336 72.02847520757167
337 13.128882487418116
338 52.46416839535317
339 13.105926682521645
340 234.20913209622708
341 96.06400579554865
342 68.32642619773921
343 12.01307580424719
344 18.836842586541138
345 427.13212903060156
346 12.380748082403281
347 51.539772679845015
348 48.9012524092085
349 461.8637471626747
350 1375.1252981713071
351 770.1598142663998
352 1374.9729102572617
353 906.0094411449679
354 1374.9729102572617
355 1105.7059356827021
356 1374.9729102572617
357 1374.9729102572617
358 269.1295572643826
359 765.9690127433169
360 752.6698180559744
361 13.072017891838074
362 13.111215656376958
363 13.468746796798213
364 13.521099580224842
365 13.578024741390816
366 13.622898584525451
367 13.128882487418116
368 14.355694842138396
369 13.105926682521645
370 16.253439062290937
371 16.755610704552463
372 17.78630523286349
373 12.01307580424719
374 18.836842586541138
375 34.21627288541005
376 12.380748082403281
377 42.373634694109015
378 46.16830751390662
379 117.35065176224909
380 137.24699217768037
381 216.1475355327283
382 272.5103235629749
383 445.69258504274734
384 504.34193270832463
385 530.917929236966
386 567.5166917975404
387 588.6636233356166
388 269.1295572643826
389 765.9690127433169
390 752.6698180559744
391 12.01307580424719
392 11.993014546160168
393 12.237124334762436
394 15.185002187673737
395 11.8947349162019
396 26.210458390066652
397 12.359189796395544
398 12.946166352057404
399 11.310816380132373
400 221.3676755837831
401 24.61168293271672
402 11.6749777985708
403 181.7531253310284
404 17.172554422608822
405 11.203292385954384
406 1375.1050264545868
407 1227.0203009122035
408 21.85751905252776
409 1375.1050264545868
410 1375.1050264545868
411 1375.1050264545868
412 1375.1050264545868
413 470.41859219276125
414 1375.1050264545868
415 1375.1050264545868
416 1375.1050264545868
417 1375.1050264545868
418 1375.1050264545868
419 1374.9926084087
420 1375.1050264545868
421 12.01307580424719
422 11.993014546160168
423 12.237124334762436
424 13.105926682521645
425 11.8947349162019
426 13.128882487418116
427 12.359189796395544
428 12.946166352057404
429 11.310816380132373
430 13.622898584525451
431 14.355694842138396
432 11.6749777985708
433 16.755610704552463
434 17.172554422608822
435 11.203292385954384
436 34.21627288541005
437 42.373634694109015
438 21.85751905252776
439 117.35065176224909
440 137.24699217768037
441 216.1475355327283
442 269.1295572643826
443 272.5103235629749
444 445.69258504274734
445 504.34193270832463
446 530.917929236966
447 567.5166917975404
448 588.6636233356166
449 752.6698180559744
450 765.9690127433169
451 11.203292385954384
452 10.097507822220766
453 18.26982782815362
454 10.176548689461168
455 11.150066468943832
456 63.823891399842616
457 57.08199753294624
458 47.443064830129934
459 11.117796677779852
460 279.9819253373436
461 11.50276752022103
462 495.73330066903725
463 19.299450582650067
464 83.49299974046565
465 1043.113272826542
466 31.486281332209987
467 1311.7131952683992
468 1265.8325553051595
469 1374.9127240579573
470 369.2174226551151
471 1316.5776514187774
472 1374.9127240579573
473 1374.9249779560178
474 1374.9127240579573
475 1375.1726569072691
476 1375.1849108053295
477 1374.9127240579573
478 1176.859231504925
479 1374.9127240579573
480 1374.9127240579573
481 11.203292385954384
482 10.097507822220766
483 11.6749777985708
484 10.176548689461168
485 11.150066468943832
486 12.01307580424719
487 12.237124334762436
488 12.359189796395544
489 11.117796677779852
490 13.105926682521645
491 11.50276752022103
492 13.622898584525451
493 14.355694842138396
494 16.755610704552463
495 17.172554422608822
496 21.85751905252776
497 34.21627288541005
498 42.373634694109015
499 117.35065176224909
500 137.24699217768037
501 216.1475355327283
502 269.1295572643826
503 272.5103235629749
504 445.69258504274734
505 504.34193270832463
506 530.917929236966
507 567.5166917975404
508 588.6636233356166
509 752.6698180559744
510 765.9690127433169
511 10.097507822220766
512 10.083896151744309
513 10.018603049265325
514 22.03329939601378
515 10.08378263048687
516 10.363038795302812
517 10.072694491598128
518 9.76408306353386
519 145.10914775074886
520 173.9568486556364
521 12.54446983145424
522 10.68088982719428
523 861.6911414797613
524 981.072155351499
525 151.54159200043998
526 271.7732461496765
527 311.3058111687725
528 314.7607468795079
529 880.661366446328
530 462.14769552898525
531 1375.040540709944
532 702.1609916463827
533 1375.0570941533429
534 1375.040540709944
535 1375.0570941533429
536 1375.040540709944
537 1375.040540709944
538 1375.0570941533429
539 1375.040540709944
540 1375.040540709944
541 10.097507822220766
542 10.083896151744309
543 10.018603049265325
544 11.150066468943832
545 10.08378263048687
546 10.363038795302812
547 10.072694491598128
548 9.76408306353386
549 12.237124334762436
550 12.359189796395544
551 12.54446983145424
552 10.68088982719428
553 14.355694842138396
554 16.755610704552463
555 17.172554422608822
556 21.85751905252776
557 34.21627288541005
558 42.373634694109015
559 117.35065176224909
560 137.24699217768037
561 216.1475355327283
562 269.1295572643826
563 272.5103235629749
564 445.69258504274734
565 504.34193270832463
566 530.917929236966
567 567.5166917975404
568 588.6636233356166
569 752.6698180559744
570 765.9690127433169
571 9.76408306353386
572 10.189770759283325
573 9.820249318728798
574 10.474530390619233
575 10.323907741016535
576 29.05122582608075
577 64.02374416802449
578 9.436723850229358
579 10.377080765974766
580 20.29848441867373
581 613.9958605555474
582 82.19968816987893
583 599.038842504019
584 125.0547080030594
585 67.58179897292013
586 618.6464712992519
587 991.4370153934278
588 770.7243356347803
589 1374.9127240579573
590 750.3533793506016
591 945.2052517519344
592 643.6712723326178
593 1374.9127240579573
594 1375.1849108053295
595 1374.9127240579573
596 1374.9127240579573
597 1374.9127240579573
598 1374.9127240579573
599 1374.9127240579573
600 1374.9127240579573
601 9.76408306353386
602 10.018603049265325
603 9.820249318728798
604 10.08378263048687
605 10.083896151744309
606 10.097507822220766
607 10.363038795302812
608 9.436723850229358
609 10.377080765974766
610 12.237124334762436
611 12.359189796395544
612 12.54446983145424
613 14.355694842138396
614 16.755610704552463
615 17.172554422608822
616 21.85751905252776
617 34.21627288541005
618 42.373634694109015
619 117.35065176224909
620 137.24699217768037
621 216.1475355327283
622 269.1295572643826
623 272.5103235629749
624 445.69258504274734
625 504.34193270832463
626 530.917929236966
627 567.5166917975404
628 588.6636233356166
629 752.6698180559744
630 765.9690127433169
631 9.436723850229358
632 9.427350685425411
633 9.445943771389198
634 9.47095670937637
635 9.31106361881304
636 8.682674856860586
637 11.95414494059415
638 103.0378710984177
639 179.27239892414073
640 12.277688371709608
641 670.0262597340502
642 918.1654393813014
643 21.446463980584557
644 74.81163164503178
645 1293.1440328639383
646 1375.1726569072691
647 430.581640336084
648 1375.1726569072691
649 780.8354073572799
650 843.4202575476024
651 1335.2104129471318
652 1375.1929286239895
653 1320.5638445650927
654 1374.9249779560178
655 1285.6166783453687
656 1375.1726569072691
657 1374.9249779560178
658 1375.1726569072691
659 1375.1726569072691
660 1375.1726569072691
661 9.436723850229358
662 9.427350685425411
663 9.445943771389198
664 9.47095670937637
665 9.31106361881304
666 8.682674856860586
667 10.097507822220766
668 10.363038795302812
669 10.377080765974766
670 12.237124334762436
671 12.359189796395544
672 12.54446983145424
673 14.355694842138396
674 16.755610704552463
675 17.172554422608822
676 21.85751905252776
677 34.21627288541005
678 42.373634694109015
679 117.35065176224909
680 137.24699217768037
681 216.1475355327283
682 269.1295572643826
683 272.5103235629749
684 445.69258504274734
685 504.34193270832463
686 530.917929236966
687 567.5166917975404
688 588.6636233356166
689 752.6698180559744
690 765.9690127433169
691 8.682674856860586
692 8.67595345665428
693 12.253456076038905
694 17.657205664319196
695 9.084384489803577
696 8.608362643131112
697 11.535311162436397
698 751.1964132603256
699 15.82460569292951
700 103.30052501977661
701 68.64654487406717
702 1375.1172803526472
703 1295.4122861945932
704 1375.1172803526472
705 1312.718460904672
706 1375.1172803526472
707 1375.1172803526472
708 1375.1172803526472
709 1375.1172803526472
710 1375.1172803526472
711 1374.9803545106397
712 1375.1172803526472
713 1375.1172803526472
714 1375.1172803526472
715 1375.1172803526472
716 1375.1172803526472
717 1375.1172803526472
718 1375.1172803526472
719 1375.1172803526472
720 1374.9803545106397
721 8.682674856860586
722 8.67595345665428
723 9.427350685425411
724 9.436723850229358
725 9.084384489803577
726 8.608362643131112
727 10.097507822220766
728 10.363038795302812
729 10.377080765974766
730 12.237124334762436
731 12.359189796395544
732 12.54446983145424
733 14.355694842138396
734 16.755610704552463
735 17.172554422608822
736 21.85751905252776
737 34.21627288541005
738 42.373634694109015
739 117.35065176224909
740 137.24699217768037
741 216.1475355327283
742 269.1295572643826
743 272.5103235629749
744 445.69258504274734
745 504.34193270832463
746 530.917929236966
747 567.5166917975404
748 588.6636233356166
749 752.6698180559744
750 765.9690127433169
751 8.608362643131112
752 13.09641124711111
753 8.683925284988948
754 8.632038104620866
755 18.76131406997582
756 10.792003391245398
757 11.170572265010655
758 1185.261266299225
759 1374.9526385405413
760 218.99599401469507
761 1374.9526385405413
762 1374.9526385405413
763 1374.9526385405413
764 1374.9526385405413
765 1374.9526385405413
766 1375.1449963227456
767 1374.9526385405413
768 1375.1449963227456
769 1374.9526385405413
770 1375.1449963227456
771 1374.9526385405413
772 1375.1449963227456
773 1374.9526385405413
774 1374.9526385405413
775 1374.9526385405413
776 1374.9526385405413
777 1374.9526385405413
778 1375.1449963227456
779 1375.1449963227456
780 1374.9526385405413
781 8.608362643131112
782 8.67595345665428
783 8.682674856860586
784 8.632038104620866
785 9.427350685425411
786 9.436723850229358
787 10.097507822220766
788 10.363038795302812
789 10.377080765974766
790 12.237124334762436
791 12.359189796395544
792 12.54446983145424
793 14.355694842138396
794 16.755610704552463
795 17.172554422608822
796 21.85751905252776
797 34.21627288541005
798 42.373634694109015
799 117.35065176224909
800 137.24699217768037
801 216.1475355327283
802 269.1295572643826
803 272.5103235629749
804 445.69258504274734
805 504.34193270832463
806 530.917929236966
807 567.5166917975404
808 588.6636233356166
809 752.6698180559744
810 765.9690127433169
811 8.608362643131112
812 13.728566480638214
813 16.342392196460246
814 38.75168549872764
815 8.630588380452316
816 984.2915688972612
817 8.497673451251071
818 1374.9851641553219
819 1374.9851641553219
820 1374.9851641553219
821 1277.79431710365
822 1374.9851641553219
823 1374.9851641553219
824 1375.112470707965
825 1374.9851641553219
826 1374.9851641553219
827 1374.9851641553219
828 1374.9851641553219
829 1374.9851641553219
830 1375.112470707965
831 1375.112470707965
832 1374.9851641553219
833 1375.112470707965
834 1374.9851641553219
835 1374.9851641553219
836 1374.9851641553219
837 1375.112470707965
838 1374.9851641553219
839 1374.9851641553219
840 1375.112470707965
841 8.608362643131112
842 8.632038104620866
843 8.67595345665428
844 8.682674856860586
845 8.630588380452316
846 9.436723850229358
847 8.497673451251071
848 10.363038795302812
849 10.377080765974766
850 12.237124334762436
851 12.359189796395544
852 12.54446983145424
853 14.355694842138396
854 16.755610704552463
855 17.172554422608822
856 21.85751905252776
857 34.21627288541005
858 42.373634694109015
859 117.35065176224909
860 137.24699217768037
861 216.1475355327283
862 269.1295572643826
863 272.5103235629749
864 445.69258504274734
865 504.34193270832463
866 530.917929236966
867 567.5166917975404
868 588.6636233356166
869 752.6698180559744
870 765.9690127433169
871 8.497673451251071
872 8.613437163250332
873 8.482754447690898
874 66.5545468332348
875 468.611593443529
876 57.73825371851993
877 31.268834746932725
878 1375.1172803526472
879 1375.1172803526472
880 1375.1172803526472
881 779.5894899772512
882 1374.9803545106397
883 1374.9803545106397
884 1375.1172803526472
885 1374.9803545106397
886 1375.1172803526472
887 1375.1172803526472
888 1375.1172803526472
889 1375.1172803526472
890 1375.1172803526472
891 1375.1172803526472
892 1375.1172803526472
893 1374.9803545106397
894 1375.1172803526472
895 1375.1172803526472
896 1375.1172803526472
897 1374.9803545106397
898 1375.1172803526472
899 1375.1172803526472
900 1375.1172803526472
901 8.497673451251071
902 8.608362643131112
903 8.482754447690898
904 8.632038104620866
905 8.67595345665428
906 8.682674856860586
907 9.436723850229358
908 10.363038795302812
909 10.377080765974766
910 12.237124334762436
911 12.359189796395544
912 12.54446983145424
913 14.355694842138396
914 16.755610704552463
915 17.172554422608822
916 21.85751905252776
917 34.21627288541005
918 42.373634694109015
919 117.35065176224909
920 137.24699217768037
921 216.1475355327283
922 269.1295572643826
923 272.5103235629749
924 445.69258504274734
925 504.34193270832463
926 530.917929236966
927 567.5166917975404
928 588.6636233356166
929 752.6698180559744
930 765.9690127433169
931 8.482754447690898
932 8.484927860240159
933 20.167806360766303
934 8.397697047145876
935 1306.3821026966605
936 1375.0570941533429
937 1278.9679227624608
938 1375.0570941533429
939 1375.0570941533429
940 1375.0570941533429
941 1375.0570941533429
942 1375.0570941533429
943 1375.0570941533429
944 1375.0570941533429
945 1375.040540709944
946 1375.0570941533429
947 1375.0570941533429
948 1375.040540709944
949 1375.0570941533429
950 1375.040540709944
951 1375.0570941533429
952 1375.040540709944
953 1375.0570941533429
954 1375.040540709944
955 1375.0570941533429
956 1375.0570941533429
957 1375.0570941533429
958 1375.0570941533429
959 1375.040540709944
960 1375.0570941533429
961 8.482754447690898
962 8.484927860240159
963 8.608362643131112
964 8.397697047145876
965 8.67595345665428
966 8.682674856860586
967 9.436723850229358
968 10.363038795302812
969 10.377080765974766
970 12.237124334762436
971 12.359189796395544
972 12.54446983145424
973 14.355694842138396
974 16.755610704552463
975 17.172554422608822
976 21.85751905252776
977 34.21627288541005
978 42.373634694109015
979 117.35065176224909
980 137.24699217768037
981 216.1475355327283
982 269.1295572643826
983 272.5103235629749
984 445.69258504274734
985 504.34193270832463
986 530.917929236966
987 567.5166917975404
988 588.6636233356166
989 752.6698180559744
990 765.9690127433169
evaluations raw_y
1 395.0402821855233
2 426.46328969065365
3 819.4319536317906
4 962.4328023743261
5 636.6821505677318
6 229.4061437457682
7 614.9391122980887
8 89.37576660111887
9 275.4953783331338
10 112.4622781984211
11 192.58634869943725
12 276.01152178309826
13 352.2094361674851
14 349.1491932068746
15 557.8012759782848
16 276.30813777028027
17 124.34403824441469
18 553.7541080902034
19 338.9552896715812
20 52.93141783369703
21 849.2241086631861
22 437.003048572214
23 486.1186286499633
24 849.6567856966249
25 1015.742286107687
26 526.2342040953132
27 602.5481714946084
28 386.7697890502911
29 463.755018943807
30 761.1089701002574
31 52.93141783369703
32 508.3789392417495
33 83.31529356114477
34 162.04926768831132
35 259.8320629267821
36 46.38822026615857
37 199.87048037222598
38 57.660492623737625
39 346.5495306900837
40 810.9237231284925
41 142.9281571611704
42 66.93625105419119
43 268.0058341079825
44 298.31575406613536
45 318.6143507562757
46 82.11656823084836
47 56.787955034239005
48 121.78593684597834
49 61.51496799501432
50 427.14111707935473
51 156.10631078494012
52 366.16016057053014
53 1274.9235873008222
54 792.5959165520542
55 74.78800811003124
56 1375.0570941533429
57 1218.4784817809475
58 1282.442687834418
59 1375.032522891284
60 1374.9249779560178
61 52.93141783369703
62 89.37576660111887
63 83.31529356114477
64 124.34403824441469
65 192.58634869943725
66 46.38822026615857
67 199.87048037222598
68 57.660492623737625
69 276.30813777028027
70 338.9552896715812
71 142.9281571611704
72 66.93625105419119
73 268.0058341079825
74 298.31575406613536
75 318.6143507562757
76 82.11656823084836
77 56.787955034239005
78 121.78593684597834
79 61.51496799501432
80 427.14111707935473
81 156.10631078494012
82 366.16016057053014
83 614.9391122980887
84 636.6821505677318
85 74.78800811003124
86 819.4319536317906
87 849.2241086631861
88 849.6567856966249
89 962.4328023743261
90 1015.742286107687
91 46.38822026615857
92 56.359745278861396
93 107.08999418608478
94 33.798342292490155
95 46.299428614272216
96 38.33864632396312
97 27.93429466712963
98 311.3507527761857
99 62.877370666621744
100 71.53482332702288
101 56.32428969860074
102 177.97787262006975
103 211.97757076148352
104 208.18685203414785
105 58.44544924472729
106 54.34202625457766
107 322.9215016848492
108 224.74308589284766
109 34.75494105826781
110 117.33866750837188
111 187.16987063654105
112 154.38959639863128
113 388.27258569236494
114 1199.7634857474718
115 239.43329573023271
116 1375.0570941533429
117 1125.321871861733
118 1374.9851641553219
119 1170.0354066542743
120 1374.9249779560178
121 46.38822026615857
122 52.93141783369703
123 56.787955034239005
124 33.798342292490155
125 46.299428614272216
126 38.33864632396312
127 27.93429466712963
128 82.11656823084836
129 62.877370666621744
130 71.53482332702288
131 56.32428969860074
132 124.34403824441469
133 142.9281571611704
134 156.10631078494012
135 58.44544924472729
136 54.34202625457766
137 268.0058341079825
138 224.74308589284766
139 34.75494105826781
140 117.33866750837188
141 187.16987063654105
142 154.38959639863128
143 388.27258569236494
144 614.9391122980887
145 239.43329573023271
146 819.4319536317906
147 849.2241086631861
148 849.6567856966249
149 962.4328023743261
150 1015.742286107687
151 27.93429466712963
152 41.67320409263141
153 65.38131543966024
154 41.047591058717444
155 127.32288476493022
156 29.241842301848077
157 288.610508783403
158 31.031003245518722
159 156.42678335283674
160 29.613001690710373
161 151.9390538342716
162 28.206937228178393
163 48.9864834078805
164 268.4276103906924
165 28.134085868069487
166 38.23743938401469
167 84.39638477645475
168 445.94884379815426
169 53.036756291588325
170 485.424892653828
171 27.036760784828356
172 116.75881486957138
173 24.9165648669132
174 41.472436121268416
175 1375.1375520693675
176 1375.0570941533429
177 1339.6407912624293
178 1329.824530474881
179 1374.9648924386017
180 1375.1726569072691
181 27.93429466712963
182 33.798342292490155
183 34.75494105826781
184 38.33864632396312
185 46.299428614272216
186 29.241842301848077
187 52.93141783369703
188 31.031003245518722
189 56.32428969860074
190 29.613001690710373
191 58.44544924472729
192 28.206937228178393
193 48.9864834078805
194 82.11656823084836
195 28.134085868069487
196 38.23743938401469
197 84.39638477645475
198 154.38959639863128
199 53.036756291588325
200 187.16987063654105
201 27.036760784828356
202 116.75881486957138
203 24.9165648669132
204 41.472436121268416
205 614.9391122980887
206 819.4319536317906
207 849.2241086631861
208 849.6567856966249
209 962.4328023743261
210 1015.742286107687
211 24.9165648669132
212 52.848593997370294
213 37.718965034225114
214 38.67547546721039
215 98.4863150069636
216 32.171670117490685
217 63.123728432915605
218 59.80758324293541
219 20.439350202658957
220 24.09446076208301
221 28.112388907579483
222 31.931468777952098
223 43.56055588735719
224 25.452869348588273
225 37.648831615566564
226 20.006079707678087
227 145.86227873085505
228 59.9175558733828
229 21.923585744423647
230 50.21511866687073
231 28.421479315171208
232 473.8235564422997
233 790.7669510985394
234 988.0121544035106
235 1375.1375520693675
236 1375.0570941533429
237 1302.602857665027
238 1275.3186049349551
239 958.8051020078896
240 1122.6102922367575
241 24.9165648669132
242 27.036760784828356
243 27.93429466712963
244 28.134085868069487
245 28.206937228178393
246 29.241842301848077
247 29.613001690710373
248 31.031003245518722
249 20.439350202658957
250 24.09446076208301
251 28.112388907579483
252 31.931468777952098
253 41.472436121268416
254 25.452869348588273
255 37.648831615566564
256 20.006079707678087
257 53.036756291588325
258 56.32428969860074
259 21.923585744423647
260 50.21511866687073
261 28.421479315171208
262 116.75881486957138
263 154.38959639863128
264 187.16987063654105
265 614.9391122980887
266 819.4319536317906
267 849.2241086631861
268 849.6567856966249
269 958.8051020078896
270 1015.742286107687
271 20.006079707678087
272 22.96933960299961
273 20.222587374002487
274 27.308559476320276
275 20.165571495164134
276 48.45667688588476
277 126.83511346123649
278 20.818298936729025
279 60.35277185894298
280 25.98623101785889
281 125.49952788603063
282 176.27733014243987
283 25.259637787451613
284 78.23561487116328
285 402.3828282144455
286 450.49211443722436
287 40.004404407455304
288 10.436549589591475
289 954.3790488315864
290 43.692912707946036
291 67.90831409418159
292 11.745150293485088
293 1352.2293535693811
294 1127.816706765207
295 1058.1189904812063
296 795.5265517432154
297 1088.6419347427025
298 1293.6551481088632
299 1374.9648924386017
300 1284.4040893007027
301 20.006079707678087
302 20.439350202658957
303 20.222587374002487
304 24.09446076208301
305 20.165571495164134
306 25.452869348588273
307 27.036760784828356
308 20.818298936729025
309 28.112388907579483
310 25.98623101785889
311 28.206937228178393
312 28.421479315171208
313 25.259637787451613
314 29.613001690710373
315 31.031003245518722
316 31.931468777952098
317 37.648831615566564
318 10.436549589591475
319 50.21511866687073
320 43.692912707946036
321 56.32428969860074
322 11.745150293485088
323 154.38959639863128
324 187.16987063654105
325 614.9391122980887
326 795.5265517432154
327 849.2241086631861
328 849.6567856966249
329 958.8051020078896
330 1015.742286107687
331 10.436549589591475
332 8.011886687811874
333 13.019564776246254
334 10.171647776524871
335 13.352272695809802
336 10.7597641620191
337 76.29603118858573
338 5.461394942052966
339 11.49767544931721
340 8.705815407969522
341 21.08386183950522
342 108.17028450435735
343 27.977970357408662
344 137.8050073435998
345 315.2905167267575
346 327.59577976729344
347 539.1180851623094
348 445.4853228387568
349 15.147943695515941
350 37.86864764542188
351 968.3188105108518
352 119.60723860689447
353 10.668438005760917
354 980.0580493440016
355 1375.2051825220499
356 769.9699636278805
357 1375.040540709944
358 1375.0527946080044
359 1375.032522891284
360 55.95810313451632
361 10.436549589591475
362 8.011886687811874
363 13.019564776246254
364 10.171647776524871
365 13.352272695809802
366 10.7597641620191
367 20.818298936729025
368 5.461394942052966
369 11.49767544931721
370 8.705815407969522
371 21.08386183950522
372 27.036760784828356
373 27.977970357408662
374 28.206937228178393
375 28.421479315171208
376 29.613001690710373
377 31.031003245518722
378 31.931468777952098
379 15.147943695515941
380 37.86864764542188
381 50.21511866687073
382 56.32428969860074
383 10.668438005760917
384 187.16987063654105
385 614.9391122980887
386 769.9699636278805
387 849.2241086631861
388 849.6567856966249
389 958.8051020078896
390 55.95810313451632
391 5.461394942052966
392 5.057266238905267
393 5.486406105100476
394 5.2886177893680255
395 5.507816404720506
396 5.3133948230183945
397 5.463996858457344
398 5.505657313595897
399 5.4674454308704385
400 5.5847650565248355
401 7.201261597294298
402 264.5986124134081
403 141.6810602561569
404 305.41570761778655
405 234.69467673599195
406 460.82325278735624
407 6.083836190760168
408 441.01630736872403
409 463.3607524206498
410 97.58510854983734
411 454.02126506111546
412 568.2014782825836
413 850.5166431438398
414 1011.8084722962409
415 1375.0651119720028
416 1313.404342543898
417 1229.2657258074034
418 1374.9127240579573
419 1374.9127240579573
420 1374.9127240579573
421 5.461394942052966
422 5.057266238905267
423 5.486406105100476
424 5.2886177893680255
425 5.507816404720506
426 5.3133948230183945
427 5.463996858457344
428 5.505657313595897
429 5.4674454308704385
430 5.5847650565248355
431 7.201261597294298
432 20.818298936729025
433 21.08386183950522
434 27.036760784828356
435 27.977970357408662
436 28.206937228178393
437 6.083836190760168
438 29.613001690710373
439 31.031003245518722
440 31.931468777952098
441 37.86864764542188
442 50.21511866687073
443 55.95810313451632
444 56.32428969860074
445 187.16987063654105
446 614.9391122980887
447 769.9699636278805
448 849.2241086631861
449 849.6567856966249
450 958.8051020078896
451 5.057266238905267
452 4.764637499992222
453 4.583123970588087
454 14.741282011124984
455 11.085797355078004
456 3.672785386077041
457 87.08350798410513
458 3.3770059515261233
459 3.026399072392477
460 392.40190747874675
461 5.743675905116131
462 12.974157107274182
463 1040.1967483019178
464 1292.0981596672816
465 255.61732171626068
466 114.53205573535115
467 989.4007506414332
468 1318.6800778861543
469 1314.5423220192063
470 1262.7175265639125
471 156.28700517995378
472 318.2148788955021
473 1300.2815798430208
474 1280.1738114353404
475 1319.9937095336647
476 1375.1375520693675
477 1268.0398813339107
478 1375.1375520693675
479 1375.1375520693675
480 1375.1375520693675
481 5.057266238905267
482 4.764637499992222
483 4.583123970588087
484 5.461394942052966
485 5.463996858457344
486 3.672785386077041
487 5.486406105100476
488 3.3770059515261233
489 3.026399072392477
490 5.5847650565248355
491 5.743675905116131
492 7.201261597294298
493 20.818298936729025
494 21.08386183950522
495 27.036760784828356
496 27.977970357408662
497 28.206937228178393
498 29.613001690710373
499 31.031003245518722
500 31.931468777952098
501 37.86864764542188
502 50.21511866687073
503 55.95810313451632
504 56.32428969860074
505 187.16987063654105
506 614.9391122980887
507 769.9699636278805
508 849.2241086631861
509 849.6567856966249
510 958.8051020078896
511 3.026399072392477
512 5.687130337598931
513 3.141393865510135
514 2.8630743624391783
515 6.86071271322658
516 2.80645281583685
517 37.438577017892094
518 110.65129752968735
519 151.79213925672894
520 277.83511705735407
521 3.143339913285374
522 859.7186666973281
523 842.1394493959515
524 30.640365089225785
525 1064.5440589897826
526 1222.7399323508805
527 469.04501555490515
528 1130.5331510015772
529 1106.4162230286079
530 353.98773883194025
531 360.7676983463615
532 1188.913736318029
533 1375.1050264545868
534 1375.1050264545868
535 1331.8481966719312
536 1300.139129281921
537 293.8519894515644
538 1375.1050264545868
539 1375.1050264545868
540 1375.1050264545868
541 3.026399072392477
542 3.3770059515261233
543 3.141393865510135
544 2.8630743624391783
545 4.764637499992222
546 2.80645281583685
547 5.461394942052966
548 5.463996858457344
549 5.486406105100476
550 5.5847650565248355
551 3.143339913285374
552 7.201261597294298
553 20.818298936729025
554 21.08386183950522
555 27.036760784828356
556 27.977970357408662
557 28.206937228178393
558 29.613001690710373
559 31.031003245518722
560 31.931468777952098
561 37.86864764542188
562 50.21511866687073
563 55.95810313451632
564 56.32428969860074
565 187.16987063654105
566 614.9391122980887
567 293.8519894515644
568 849.2241086631861
569 849.6567856966249
570 958.8051020078896
571 2.80645281583685
572 2.387123414597053
573 3.2412902435251656
574 2.684847881195979
575 9.957407484192666
576 2.9102449869350107
577 3.437419625225948
578 173.3962799359524
579 262.1267492583549
580 918.7133013402492
581 85.40988016418622
582 3.024632200176581
583 1063.0559540700317
584 1375.1375520693675
585 1375.1375520693675
586 935.5239554865421
587 1375.1375520693675
588 936.4491789009453
589 998.7214156732379
590 644.7487896386245
591 1375.1375520693675
592 1375.1375520693675
593 1375.1375520693675
594 1374.9600827939196
595 1375.1375520693675
596 1375.1375520693675
597 1375.1375520693675
598 1375.1375520693675
599 1374.9600827939196
600 1375.1375520693675
601 2.80645281583685
602 2.387123414597053
603 3.026399072392477
604 2.684847881195979
605 3.143339913285374
606 2.9102449869350107
607 3.437419625225948
608 5.461394942052966
609 5.463996858457344
610 5.486406105100476
611 5.5847650565248355
612 3.024632200176581
613 20.818298936729025
614 21.08386183950522
615 27.036760784828356
616 27.977970357408662
617 28.206937228178393
618 29.613001690710373
619 31.031003245518722
620 31.931468777952098
621 37.86864764542188
622 50.21511866687073
623 55.95810313451632
624 56.32428969860074
625 187.16987063654105
626 293.8519894515644
627 614.9391122980887
628 849.2241086631861
629 849.6567856966249
630 958.8051020078896
631 2.387123414597053
632 3.237910525610687
633 2.3736276808336205
634 17.95969508096057
635 79.81019289276078
636 123.11260020277041
637 428.531053287729
638 792.3462744721995
639 70.49945755415364
640 43.399711050366605
641 989.9132326033946
642 1047.2248520237042
643 67.08521798874435
644 967.6931956611002
645 948.0808758195005
646 977.3527793242563
647 1351.8690248577448
648 950.0690173311701
649 1375.0651119720028
650 1375.0651119720028
651 1375.0651119720028
652 1346.2347978780874
653 1375.032522891284
654 1043.7703092984787
655 1375.032522891284
656 1375.0651119720028
657 1375.032522891284
658 1375.0651119720028
659 1375.0651119720028
660 1375.032522891284
661 2.387123414597053
662 2.684847881195979
663 2.3736276808336205
664 2.9102449869350107
665 3.024632200176581
666 3.026399072392477
667 3.143339913285374
668 3.437419625225948
669 5.461394942052966
670 5.463996858457344
671 5.486406105100476
672 5.5847650565248355
673 20.818298936729025
674 21.08386183950522
675 27.036760784828356
676 27.977970357408662
677 28.206937228178393
678 29.613001690710373
679 31.031003245518722
680 31.931468777952098
681 37.86864764542188
682 50.21511866687073
683 55.95810313451632
684 56.32428969860074
685 187.16987063654105
686 293.8519894515644
687 614.9391122980887
688 849.2241086631861
689 849.6567856966249
690 958.8051020078896
691 2.3736276808336205
692 2.960351159713561
693 3.463122321399468
694 2.374660585293417
695 2.5072525878739804
696 30.61430745824876
697 80.52455356713695
698 186.87567838273947
699 2.5554573663384836
700 15.752512572067452
701 2.371359685988723
702 1375.0570941533429
703 1357.8428860545575
704 561.1022435603338
705 595.2338382611665
706 1357.0082348632031
707 1375.0570941533429
708 1375.0570941533429
709 1375.0570941533429
710 1375.0570941533429
711 1375.040540709944
712 1375.0570941533429
713 1375.0570941533429
714 1375.0570941533429
715 1375.0570941533429
716 1375.0570941533429
717 1375.0570941533429
718 1375.0570941533429
719 1375.040540709944
720 1375.0570941533429
721 2.3736276808336205
722 2.387123414597053
723 2.684847881195979
724 2.374660585293417
725 2.5072525878739804
726 3.026399072392477
727 3.143339913285374
728 3.437419625225948
729 2.5554573663384836
730 5.463996858457344
731 2.371359685988723
732 5.5847650565248355
733 20.818298936729025
734 21.08386183950522
735 27.036760784828356
736 27.977970357408662
737 28.206937228178393
738 29.613001690710373
739 31.031003245518722
740 31.931468777952098
741 37.86864764542188
742 50.21511866687073
743 55.95810313451632
744 56.32428969860074
745 187.16987063654105
746 293.8519894515644
747 614.9391122980887
748 849.2241086631861
749 849.6567856966249
750 958.8051020078896
751 2.371359685988723
752 5.658183571202297
753 3.3250055264481935
754 18.037333589471903
755 49.833596562302404
756 237.72956615185555
757 4.870624255851342
758 1268.6818341522835
759 29.715187026650355
760 1359.4875958812602
761 688.0275818860679
762 1003.1615992900031
763 1351.85575430958
764 1375.0651119720028
765 1351.3600560953782
766 934.7913772392864
767 1375.032522891284
768 1375.0651119720028
769 1375.0651119720028
770 1375.0651119720028
771 1375.032522891284
772 1375.0651119720028
773 1375.0651119720028
774 1375.0651119720028
775 1375.0651119720028
776 1375.0651119720028
777 1375.0651119720028
778 1375.032522891284
779 1375.0651119720028
780 1375.0651119720028
781 2.371359685988723
782 2.3736276808336205
783 2.374660585293417
784 2.387123414597053
785 2.5072525878739804
786 2.5554573663384836
787 2.684847881195979
788 3.026399072392477
789 3.143339913285374
790 3.437419625225948
791 5.463996858457344
792 5.5847650565248355
793 20.818298936729025
794 21.08386183950522
795 27.036760784828356
796 27.977970357408662
797 28.206937228178393
798 29.613001690710373
799 31.031003245518722
800 31.931468777952098
801 37.86864764542188
802 50.21511866687073
803 55.95810313451632
804 56.32428969860074
805 187.16987063654105
806 293.8519894515644
807 614.9391122980887
808 849.2241086631861
809 849.6567856966249
810 958.8051020078896
811 2.371359685988723
812 2.7655285268547245
813 2.330047026683819
814 15.911299854947622
815 2.4157567890151905
816 400.86182309441716
817 728.8467207116715
818 1375.0570941533429
819 1375.0570941533429
820 1375.0570941533429
821 83.07119763510866
822 1375.0570941533429
823 1375.0570941533429
824 1375.0570941533429
825 1375.0570941533429
826 1375.0570941533429
827 1375.0570941533429
828 1375.040540709944
829 1375.0570941533429
830 1375.0570941533429
831 1375.040540709944
832 1375.0570941533429
833 1375.040540709944
834 1375.0570941533429
835 1375.0570941533429
836 1375.0570941533429
837 1375.0570941533429
838 1375.0570941533429
839 1375.040540709944
840 1375.0570941533429
841 2.371359685988723
842 2.3736276808336205
843 2.330047026683819
844 2.387123414597053
845 2.4157567890151905
846 2.5554573663384836
847 2.684847881195979
848 3.026399072392477
849 3.143339913285374
850 3.437419625225948
851 5.463996858457344
852 5.5847650565248355
853 20.818298936729025
854 21.08386183950522
855 27.036760784828356
856 27.977970357408662
857 28.206937228178393
858 29.613001690710373
859 31.031003245518722
860 31.931468777952098
861 37.86864764542188
862 50.21511866687073
863 55.95810313451632
864 56.32428969860074
865 187.16987063654105
866 293.8519894515644
867 614.9391122980887
868 849.2241086631861
869 849.6567856966249
870 958.8051020078896
871 2.330047026683819
872 2.3799409714982103
873 2.3397894163792294
874 2.3065386620298427
875 2.5160404994275214
876 1114.6205894062762
877 80.2824193311582
878 838.1298073686517
879 1163.6480031876936
880 1324.8505651467938
881 1374.892452341237
882 1374.892452341237
883 1374.892452341237
884 1374.892452341237
885 1374.892452341237
886 1374.892452341237
887 1374.892452341237
888 1374.892452341237
889 1374.892452341237
890 1374.892452341237
891 1374.892452341237
892 1374.892452341237
893 1374.892452341237
894 1375.2051825220499
895 1374.892452341237
896 1375.2051825220499
897 1374.892452341237
898 1375.2051825220499
899 1374.892452341237
900 1375.2051825220499
901 2.330047026683819
902 2.371359685988723
903 2.3397894163792294
904 2.3065386620298427
905 2.4157567890151905
906 2.5554573663384836
907 2.684847881195979
908 3.026399072392477
909 3.143339913285374
910 3.437419625225948
911 5.463996858457344
912 5.5847650565248355
913 20.818298936729025
914 21.08386183950522
915 27.036760784828356
916 27.977970357408662
917 28.206937228178393
918 29.613001690710373
919 31.031003245518722
920 31.931468777952098
921 37.86864764542188
922 50.21511866687073
923 55.95810313451632
924 56.32428969860074
925 187.16987063654105
926 293.8519894515644
927 614.9391122980887
928 849.2241086631861
929 849.6567856966249
930 958.8051020078896
931 2.3065386620298427
932 3.242981447145344
933 2.342431948699613
934 59.55502606221731
935 570.5083709047141
936 5.7097641933122345
937 1375.1050264545868
938 769.8133022804636
939 1375.1050264545868
940 1375.1050264545868
941 1374.9926084087
942 1374.9926084087
943 1375.1050264545868
944 1375.1050264545868
945 1375.1050264545868
946 1374.9926084087
947 1375.1050264545868
948 1374.9926084087
949 1375.1050264545868
950 1374.9926084087
951 1375.1050264545868
952 1375.1050264545868
953 1375.1050264545868
954 1375.1050264545868
955 1375.1050264545868
956 1375.1050264545868
957 1375.1050264545868
958 1374.9926084087
959 1374.9926084087
960 1375.1050264545868
961 2.3065386620298427
962 2.330047026683819
963 2.3397894163792294
964 2.371359685988723
965 2.4157567890151905
966 2.5554573663384836
967 2.684847881195979
968 3.026399072392477
969 3.143339913285374
970 3.437419625225948
971 5.463996858457344
972 5.5847650565248355
973 20.818298936729025
974 21.08386183950522
975 27.036760784828356
976 27.977970357408662
977 28.206937228178393
978 29.613001690710373
979 31.031003245518722
980 31.931468777952098
981 37.86864764542188
982 50.21511866687073
983 55.95810313451632
984 56.32428969860074
985 187.16987063654105
986 293.8519894515644
987 614.9391122980887
988 849.2241086631861
989 849.6567856966249
990 958.8051020078896
