{
	"version": "0.3.14", 
	"suite": "unknown_suite", 
	"function_id": 24, 
	"function_name": "LunacekBiRastrigin", 
	"maximization": false, 
	"algorithm": {"name": "DE", "info": "algorithm_info"},
	"attributes": ["evaluations", "raw_y"],
	"scenarios": [
		{"dimension": 23,
		"path": "data_f24_LunacekBiRastrigin/IOHprofiler_f24_DIM23.dat",
		"runs": [
			{"instance": 0, "evals": 221, "best": {"evals": 173, "y": 520.2323325827689, "x": [0.02519701064172697, 0.20068021177810813, 0.4671027934327965, 0.437006637931024, 2.1460710479785816, 1.6364349815022998, -0.11073131053030849, 3.9482735042764876, 2.284339153552452, -1.6479397036298342, -3.3380344368656987, 1.2295844539206744, -3.1322118711773683, -1.7466966923673564, -1.1132271031051797, -2.1503350293858032, -1.546184051312465, -1.7138157562485568, -2.1906549031261924, 0.4269608315824849, -2.6418807520782654, 3.2965082268126658, -4.254493563202292]}},
			{"instance": 0, "evals": 221, "best": {"evals": 133, "y": 528.2099468598225, "x": [-0.7869911836663537, -4.630632902875769, -3.2271737870615964, 0.7576337652347251, 0.5057063454136426, 0.5410048966167142, -0.9667458800713513, 3.3419631585397473, -0.031561394178336144, -2.4004427417465246, 2.2226868861541433, -0.5844294897904738, 0.7371701367374448, -1.4101518563082007, -0.3305848313754378, 2.8170475806864888, -0.6240584310673254, 0.824350768882959, -2.4419671627403243, 2.171433335354031, -0.7064084465847129, -0.045019281140886935, -0.11572118223995842]}},
			{"instance": 0, "evals": 221, "best": {"evals": 197, "y": 462.9019845790325, "x": [-0.7921626184541616, 0.8168222361510658, -0.5230972137741423, 1.6148934589479984, -0.4179848686090504, 2.671600439911156, -0.3928148533689053, -0.061626585323174665, -2.2426528722544234, 3.81544450405932, 1.4373166749253128, 1.8444904846319705, -4.067398798191682, -1.2775728699017317, -0.24857528172056187, 1.082375879784868, -0.6372434436043353, -0.7307627339210998, -1.8507978700507595, 1.7081784873117933, -4.3086666418251065, 3.5442296032761824, -1.4588102777323266]}},
			{"instance": 0, "evals": 221, "best": {"evals": 214, "y": 442.28998649029904, "x": [-0.6222368894165662, -0.682714959785899, -3.2885835025393586, 3.7692100691030443, -0.7482346356339575, 2.1441891967058786, -1.9543590941606634, 2.4492622519548366, -0.10646874592414779, 1.3903193692459372, 4.226356986149869, 4.725895367515573, -0.06460324539179108, -1.79275226409468, -0.21981693340461028, -1.4139129557665149, -0.3716731436457381, -0.6083280944567404, -1.4608917531693288, 2.089653561011572, -1.7685879374017355, 0.7496205565529983, 0.8992192901113547]}},
			{"instance": 0, "evals": 221, "best": {"evals": 198, "y": 455.72536217180755, "x": [-2.0009228027879997, 0.03383306081277726, -0.36839567432754183, -1.2965622986575596, 0.5643213571930388, 0.6726203387679437, 0.5599051700970581, 0.8527507566531041, -2.009212405923443, 1.3368617039610968, 0.46971695327863217, -0.7622825322047824, -2.3607040140322377, 0.7533096274770663, -1.2716470025326156, -1.3353840982588512, 1.1206013431961481, -1.8415889049477845, -3.156520196943191, 0.8013438416706631, -1.40888905337325, 2.8769132385325613, -0.6716825527199384]}},
			{"instance": 0, "evals": 221, "best": {"evals": 199, "y": 362.72433188374737, "x": [-2.2418466116504936, 3.038566177869815, -1.6989992105307388, 0.7888989400244597, 1.0401342088651409, 2.06387453824188, -1.0723701905242233, -1.521328673968715, 2.5219349184963615, 2.4342628769761925, 1.2919469621776547, -0.7152248147765456, -0.295832913179336, 0.6734806330252052, 0.7008227575443697, -2.0964423432143735, -0.25770217266360573, -0.42972644979569985, -0.23894217875928248, -1.2001196964796437, -2.817390441839769, 0.06035409168941097, -1.359048280719323]}},
			{"instance": 0, "evals": 221, "best": {"evals": 213, "y": 441.72905541173276, "x": [0.9437550368800771, -3.128750802373518, 0.2802511166066832, -1.5161688744193464, -0.55396299355817, -1.1524123890920226, 0.10170293698045052, 1.1469181257396415, -1.4771885627689334, -0.3741180822878527, 0.19833955811140536, 0.8018220029936871, 1.214431255017022, -0.9348026903148559, -0.8889174253039207, -0.10014499990246195, -1.5652090398879044, 0.6819088792702539, 3.360759167961043, -0.4573873377770945, 0.48790176812988106, 0.8407148600599685, 1.3746448474960244]}},
			{"instance": 0, "evals": 221, "best": {"evals": 157, "y": 451.89944464223214, "x": [1.4823338407852624, 1.1634996512329345, -1.4764237100044153, 0.897801549066781, 0.15583271674532928, 1.0959577202245168, -0.3607857518451949, -1.2480087205996844, 4.162226385415472, -0.6193791382127163, -0.8876772947754468, 3.200557464538422, -0.5270552678244114, -3.2486838903193718, -0.3896248029492284, 0.1816634903572476, 3.003715806614748, -1.906672504689512, -3.113252976096087, 1.735733583565512, -2.565216610312269, 0.170446752665121, -1.1138766805634894]}},
			{"instance": 0, "evals": 221, "best": {"evals": 213, "y": 400.72214343606, "x": [-0.9275612621858624, 2.528375876017228, -2.4619499468801695, 2.3970634466531253, 1.9398366406994718, 1.2343939213993873, 3.3103901181922453, -2.2137985242238956, 2.3049631380268627, 3.803132960954015, 0.8072171535185009, 1.1898173721435996, -0.12195779343287194, -2.0145835755310193, -2.075669590366486, -1.1798078608701132, 1.94819786607709, 4.881805777708395, -3.4987204738805424, 0.5987323181389204, 0.6605325931754435, -0.933743312970801, -1.050498888186219]}},
			{"instance": 0, "evals": 221, "best": {"evals": 172, "y": 461.4268095802281, "x": [-4.6165061815739445, 3.1586785153661214, 1.2271973726072072, 3.9152515932316696, 0.20430175371694093, 0.07128807110656732, 0.8864195729364255, 2.041288243797154, -1.0488482736570637, 1.1995736362233185, -0.0956986429766733, 0.40029704480030226, -0.06606732153640849, 1.2263619683962412, -0.09807750975127849, 0.04174104882617247, -1.066477255992548, -0.387200208370186, 0.21786330878903382, 2.200266931048266, 1.48195779138703, 4.627341514613841, -1.901005541835956]}},
			{"instance": 0, "evals": 221, "best": {"evals": 138, "y": 444.65565195278305, "x": [-2.489256898126303, 1.715456308958614, 0.5771083871972378, 2.7170711974339135, 1.815197711579883, 1.3121781091753277, -0.937102434079065, 2.8548022995402835, 0.31623158771491244, 3.593875882494352, 0.6043771846911286, -0.5834656537206087, 0.12912492262496245, -4.72844643109057, -1.9399788967483675, -1.570075334307539, -0.7780531328393772, 3.383115692062564, 0.4235010620763622, -1.5363876407542176, -2.0054552002920594, 2.9824588226213553, -2.8777126214922886]}},
			{"instance": 0, "evals": 221, "best": {"evals": 191, "y": 397.0170585919086, "x": [-1.8798134811269842, 0.7981917092530701, 1.284343961245904, 2.1400169180988495, 1.6858844338136407, 3.331712269500873, -0.414625166139456, 1.7735572741270271, -1.1464317874424226, 0.4035957373264145, 1.1983394594216308, 0.2531992836373078, -4.221585843561959, -2.3385240412071933, -3.2358137170124293, -0.08999065692607511, 4.364346809512039, 0.7864590582939428, -1.6119374600462355, 0.6527009858058959, -1.7013992702217071, 2.274617690985309, -0.780676996142124]}},
			{"instance": 0, "evals": 221, "best": {"evals": 151, "y": 450.13581401307107, "x": [-0.5052722810932337, 0.5851228646005567, -0.2743072504527304, 2.0893472916052085, 0.2301566084023392, 2.831209381501024, 3.2575401416500314, -2.8971970510006417, 1.323287635459197, 0.9887951249940812, -0.18023999511379474, 1.8690929707794357, -4.803919981402759, 0.26887110396499136, -3.8770083296694158, -0.9536823163384216, 0.8849784901259987, 0.06121347937749899, -0.6164527758561863, 1.8605182897490926, 1.9080934306603683, -0.06573054665766209, -2.355830226596596]}},
			{"instance": 0, "evals": 221, "best": {"evals": 115, "y": 359.71539253239325,