{
	"version": "0.3.14", 
	"suite": "unknown_suite", 
	"function_id": 17, 
	"function_name": "Schaffers10", 
	"maximization": false, 
	"algorithm": {"name": "DE", "info": "algorithm_info"},
	"attributes": ["evaluations", "raw_y"],
	"scenarios": [
		{"dimension": 23,
		"path": "data_f17_Schaffers10/IOHprofiler_f17_DIM23.dat",
		"runs": [
			{"instance": 0, "evals": 1101, "best": {"evals": 451, "y": 9.260055924207256, "x": [1.6765959684084555, 0.1109800837953141, -2.901637696441375, 2.5465492703038652, 1.5617301367163492, 0.3020990311731029, 2.147788750128763, 1.2132371213798505, 4.541344251984044, -0.705161880765278, 1.8278637462240204, -3.6672380637969555, -4.682134026004926, 3.753246181965693, 3.3778019111469053, 3.2521608703133538, -4.964814471690165, 3.277077724656758, -4.891485134605418, -2.402251549789103, -1.4684056159699024, 2.1981626771882756, 0.9330788620583883]}},
			{"instance": 0, "evals": 1101, "best": {"evals": 990, "y": 10.621129780554924, "x": [1.2099757363579318, 4.6410829331012025, -4.743026513467657, 0.30041109098133, -0.22309102325742902, 4.271429341769416, 0.6118976210581721, 2.93427741078059, 4.14405124712072, 2.518341634663691, 1.2034288527673183, -3.0133100550938985, 0.8269984752518074, 2.3710450264313616, 0.40145504043833125, 4.024352264552194, -1.3201522692227297, -0.49391659937868027, -2.439316904663597, -4.195206978337093, 0.6736356999247226, -1.228446373630951, 1.9536928643929459]}},
			{"instance": 0, "evals": 1101, "best": {"evals": 1072, "y": 10.839735948790235, "x": [0.5571465015234018, 0.59645155275315, 2.101372938653042, 3.7163226285077045, 3.2677720832879533, 2.220779496545803, -3.4922779387297553, -1.3988776878983424, -3.303149696972167, -2.0190965201252773, -2.3922934706115404, -1.8810351549264732, -1.6869594484197674, 4.748084168365713, 0.4570297390642908, 2.8077415787385736, 0.738942414760446, 3.367065853656032, -4.514165287670706, -1.4320162008706705, -4.758991390585969, -0.3294229440141283, 3.745934182935045]}},
			{"instance": 0, "evals": 1101, "best": {"evals": 878, "y": 12.56747378278393, "x": [0.806469609629509, 2.415606856271385, 2.9371329439869847, 1.6358717892248622, 2.6248949900978285, -0.9869697644819075, 3.493999391157877, -3.0453865362352084, -0.23634434139245375, -2.1169323694446662, -0.8243453177068563, 1.073957060647189, -1.4940635035929948, 0.8658054429107453, -1.0813177286930449, 1.275584209807314, -4.9328657394627164, 2.0006660733092527, -1.6294809937428922, -3.679551254318162, -3.838588994171872, 0.26834591223950444, 1.1380687148642359]}},
			{"instance": 0, "evals": 1101, "best": {"evals": 497, "y": 11.162424585143413, "x": [1.7802069622498307, 0.6311976075749861, -1.6947478987998763, 1.7127836651300212, -0.24933509305349189, -2.198263927504851, -1.934924337494003, 2.361265119075778, 2.367224233343564, 0.0590130473695627, 1.1402962644982564, -1.4231568915208017, -4.789116601655444, 4.8543548867892605, 4.008361001986836, 0.2028214806008677, -4.044599092233466, 2.810947571991492, -4.351547454769245, -4.804415817547937, 2.437299599607922, -0.5154610020984194, -2.648715594718377]}},
			{"instance": 0, "evals": 1101, "best": {"evals": 955, "y": 10.24486335015155, "x": [1.2141301972149652, 2.924251002996732, -4.946316687327564, 3.052900462329528, 0.2945966152944184, 0.16475474725930184, 3.0683627541193195, 0.6355424168055157, -4.013304199973733, 0.728699481736713, 1.5567330325780362, -3.7892333976436134, -0.32416682328346513, 4.586062414776251, 1.3501521562078078, 3.854481977950668, -2.577815715196817, 2.789688004236238, -0.5144691388685243, -3.4592405147915173, -1.5474563024932406, 0.7029762306686935, 1.7895599524439678]}},
			{"instance": 0, "evals": 1101, "best": {"evals": 862, "y": 10.305529789841408, "x": [0.5255058649039572, 2.671121378252273, 4.7327810399493995, 2.9253876583010108, -2.891540215587974, 3.635469816015812, 0.08947104709049869, 1.788527248350885, 4.675256951122192, 1.4806801473039632, 1.2886598930086164, -2.023356571469372, -4.519497074744788, 3.6726377761565008, 4.823727907835482, 1.6131800295498424, -2.1874578163788887, 1.6209813879880284, 0.12310661253507371, -2.0851318150762777, 1.0329750855452797, -1.1592104970079737, 1.4675229809561672]}},
			{"instance": 0, "evals": 1101, "best": {"evals": 899, "y": 11.166656208042205, "x": [2.0012036848657724, 0.22044383996043226, 3.6572754879143528, 2.555266302417162, -0.3146932026660121, -3.3946918607406547, 2.046781329427805, 1.7585084038433605, -3.2884276869359117, -1.6698176946195487, 1.338976780712394, -3.3468368055549313, -1.7288646402689278, 3.786083443555647, 0.013966865392534, -1.2895281860060037, -4.760914042508406, 1.973505938795336, -2.474038091428767, -4.183528964933595, -2.0061707342731516, 3.3867066274056823, 1.3455035457519542]}},
			{"instance": 0, "evals": 1101, "best": {"evals": 1073, "y": 8.162954400954613, "x": [1.68288109098969, 3.1031903687229176, 0.19245984205733224, 3.38529416937625, 4.0293034566873605, 1.1613560676155827, 0.35661751228472527, 0.4621866869183495, 0.2238317236400711, -1.4544261184871319, -1.6555086646111055, -4.272714628883616, -3.6596773465396226, 2.582378731503718, -0.7598114904930238, 2.431330588384329, 1.2050723417226195, 4.063684068336139, -3.0119615060185567, -2.1388931996892273, -3.502981628073625, -2.03834730312592, 0.8597421881196787]}},
			{"instance": 0, "evals": 1101, "best": {"evals": 667, "y": 7.9580221305532035, "x": [1.701032026969893, 2.4738110424375934, -3.5051629072390407, 4.9570144785551165, -0.8189933335182529, -1.3476766569297332, -0.6467279004437536, -1.5686460773159072, 3.376707554142027, -3.5736565332034242, -1.1729633589421673, -3.3537013745332946, -2.043512947023626, 4.2662563987844155, 2.3357873907120177, 4.27442021646457, -2.0041911968098454, 0.4017691289516785, -3.0116230424002737, -0.5318475936488483, -4.312818502719839, -1.2742130111799634, 4.210949823892471]}},
			{"instance": 0, "evals": 1101, "best": {"evals": 1090, "y": 10.551440026751846, "x": [-4.5447403051306985, 2.811340987482199, 3.2351722551357383, -0.8602012904172005, -1.450135823619759, 2.796597684768604, 1.8609171350304474, -1.9742229081383247, 1.1296955040718903, -4.5726890671394305, -1.885965043027376, -1.54973624516734, -3.54305881015949, 0.6029258972941123, 0.5387057048358972, 4.045844254090817, 1.5992127640458627, -1.7777741928124882, -2.345586671514925, -1.0588711801502648, -0.7380687499005627, -0.48606213235709106, 1.164176702475019]}},
			{"instance": 0, "evals": 1101, "best": {"evals": 780, "y": 12.865679788882307, "x": [1.802073092170359, 2.1600500823928925, -2.7025863619849018, 0.6024705343520962, 3.677226995421875, -1.2537201859991849, 2.123949212326976, 2.6103628269648986, -3.702852603117032, 0.7883649379640194, 1.3347617131000487, -3.2337172032009622, 2.0157078839110953, 4.85978931450034, -0.3462248798492167, 2.1230133707547436, 1.122250063613027, 2.51503109218417, -1.5954795011551224, -2.8777100302711682, -1.3317588151668258, -0.4853536723041696, -2.145121058057429]}},
			{"instance": 0, "evals": 1101, "best": {"evals": 676, "y": 9.316143146804318, "x": [2.0780774298723292, -0.37321541676142367, 1.9437225265573448, -1.9254950716872896, -0.02374973780904366, 4.4734447347364235, 0.3635070350677392, 2.1690301363611075, 1.8644591140933189, -0.646371363342948, 2.0652885263815444, -4.65682459543935, -0.010367836724743285, 2.8591352399207164, 4.489482991248829, 1.0222186073763688, 0.6684105481631288, 0.7699480836801356, -4.385104097607573, -4.697645197623933, -1.5651023963273634, 0.45430770638386697, -2.9037493009823154]}},
			{"instance": 0, "evals": 1101, "best": {"evals": 863, "y": 8.638733403924112,