{
	"version": "0.3.14", 
	"suite": "unknown_suite", 
	"function_id": 10, 
	"function_name": "EllipsoidRotated", 
	"maximization": false, 
	"algorithm": {"name": "DE", "info": "algorithm_info"},
	"attributes": ["evaluations", "raw_y"],
	"scenarios": [
		{"dimension": 23,
		"path": "data_f10_EllipsoidRotated/IOHprofiler_f10_DIM23.dat",
		"runs": [
			{"instance": 0, "evals": 1101, "best": {"evals": 1059, "y": 680215.8146187972, "x": [2.4919590341327655, 4.962830477340935, -3.4588808832875744, -2.2529115957486576, 0.9733391834519942, -4.667107799922103, -0.4641303273173474, -3.2715947570180153, 4.386169379299361, -1.157597179683926, 0.6259952966113682, 1.284133679515625, 1.777543993314775, 1.1001953013083752, 1.3386434732182537, 2.531174598047091, 1.5115017387825205, -2.91385960577635, -3.1964082289825884, 3.7370046196571627, -4.926466362376766, -0.4504212090647368, -2.2114268253452396]}},
			{"instance": 0, "evals": 1101, "best": {"evals": 985, "y": 992206.2255113642, "x": [1.8632805623345163, -0.8044061379751755, -0.8930026773873729, 0.20383028700557215, -0.0966346785363732, 0.11529449112999723, 1.8580491784792779, -4.241474625517285, 4.234591631702329, 2.7949677436574545, -1.162499853227109, 3.8205789928521092, -4.032165410081856, -3.768492849000885, 0.16552598768233207, 1.9485443961477218, 0.393896100784787, -0.5367640570675878, -2.84204072034398, 3.1614119596924475, 0.702187825858108, 2.861857823218781, -0.2074535125282706]}},
			{"instance": 0, "evals": 1101, "best": {"evals": 478, "y": 673492.6254378661, "x": [-4.520432130705827, 4.17342754062963, -0.905692445557932, 4.20313148563681, -4.680859587969643, 1.2421204698977384, 3.9598022931637438, -1.6141864296751063, 4.419719269272214, 3.3054866879771367, -4.832413636612138, -1.6313731422804807, 1.801803968436334, -1.3556802829588364, -3.8303632225408375, -4.24847898319088, -3.1824099583284493, -4.443413209113743, 4.295184390964334, 2.498581842157792, -2.5147337415014763, 3.9422086222171213, -0.24024661555792504]}},
			{"instance": 0, "evals": 1101, "best": {"evals": 972, "y": 1387485.6278444668, "x": [4.325649993853046, 3.1948312549999294, -2.1107362049430565, -4.212638819976032, 3.1804283643910742, -4.075624472067883, -0.841082310985573, 1.4217518827112623, -2.397534723353212, -0.026049846130961285, -1.5087145201468584, 3.2548835193498036, -1.1330275108510603, 3.1815859581345425, -1.3354354426453958, -1.5391940212671305, 0.7534066306826716, -4.907247643925939, -1.9991405280078607, 1.8307500647606965, 0.7146323055008559, -3.4549277372615106, -2.1454774790415367]}},
			{"instance": 0, "evals": 1101, "best": {"evals": 969, "y": 1213076.9310878068, "x": [-0.6159337123906883, -0.892552919522517, -1.7715087683700714, -3.7114050506948395, -2.228650445868889, -3.1207729691485557, -0.31554291338868223, -3.25217793211492, 2.0355470972473437, -3.753893501728022, -1.5080285476596664, 1.0689860802494513, -4.220448253707075, -0.4163871878024925, -2.6371917465943335, 0.8846760216027353, 3.739228059014478, -2.7554196954973555, -3.8278435325992115, 4.851825295431606, 3.278959175091308, -2.8889758423152863, 4.1921635909735]}},
			{"instance": 0, "evals": 1101, "best": {"evals": 871, "y": 979121.6134292021, "x": [0.7159834931966564, 4.776927091035712, -0.9345149182476882, -3.059413023667646, 4.208288352489561, -1.3671708457258416, -1.7658225845667204, -2.4796291465460003, -1.7846956213899112, -1.6527490737480433, -2.863821741339594, 2.4689295284503876, -1.3178525071426952, -2.6812188207695242, -4.031444525324006, -3.275487581016142, 3.1032410248923483, 0.19034762379138304, -1.5109791721611754, 0.7718614137675286, 3.395240458546928, -4.159736575232329, -0.537685527244947]}},
			{"instance": 0, "evals": 1101, "best": {"evals": 1098, "y": 1249954.4624678805, "x": [-3.7317422507972906, 4.574177875770031, -3.7204328701420675, -3.4221927729768433, -3.590432023980096, 3.8549544904489657, 0.8632292275491351, 3.0363527696902617, 4.302929222734741, -3.797298888539796, 0.031781021519363684, 3.8847336981184135, 3.8754437009199565, -3.25246328658368, 2.889814909227157, -3.668525272182173, -3.1095138142396976, 3.436479769563407, -0.4999119013051949, 3.969015200056413, -2.288786397427719, 3.1309687333857443, -3.4976351164696666]}},
			{"instance": 0, "evals": 1101, "best": {"evals": 1059, "y": 860057.3793371171, "x": [0.8428184738980953, -0.7256666671778325, -2.5765691903347365, -4.4298404463968115, -1.3787061567664747, -0.2320346762456147, -0.005875619119458664, -2.4426234160514637, 0.6214094278192008, -0.15714168011990726, 0.4900335694373741, 4.74039389926998, 1.4941314510515555, 1.4728166339143385, -1.695943398817286, 2.962226955324345, 0.0020301427790783144, -1.1180386595136054, -1.0285812637636607, 1.0249140633427551, -4.6207838036638815, 2.2238339223246237, 0.7239042112243848]}},
			{"instance": 0, "evals": 1101, "best": {"evals": 1093, "y": 872427.8338676688, "x": [4.834546390018005, 3.5560974896859285, -3.449320962491523, -2.31289650161934, 0.11183066697911936, 2.798761227711778, -0.5622456470342128, -4.311690912349974, 4.88410671083566, -2.929709876251938, -0.14566233737955603, 3.579427036662871, -2.4248936122398437, -0.07489965274330324, 2.0432440038027018, -4.723151159022061, 2.409435007788656, 0.7672009358937806, -2.50793477408686, -2.5149184781943177, -0.716567791371205, 3.4942951429658606, 4.0708604271882205]}},
			{"instance": 0, "evals": 1101, "best": {"evals": 1081, "y": 752679.2520034745, "x": [-3.382902358007603, 2.413845467401563, -2.014367060472566, -2.1307807870989084, -1.1397437730111726, 2.1407360283600196, 3.7231954875833146, -0.1387324208379319, -1.459967884688056, 3.4752416401096795, -2.9581398136104866, 1.223254958379421, -2.8238891129802113, 1.2635804590694342, 0.3404651472311784, -1.3881728865851994, -0.5510488296827, -4.476566214872407, -2.1204517358685537, 0.19166369120501647, -3.7695450683633522, -1.5935900138656525, -0.012001802265220185]}},
			{"instance": 0, "evals": 1101, "best": {"evals": 862, "y": 1398792.104925674, "x": [-1.9510027227353848, 2.2635538678123837, -1.3103049192980116, -0.6634883719095281, -4.474087153925659, -3.5088372792699785, 0.07796297845741096, -4.6475611699236525, -2.256660476299821, 1.927402905292567, -3.8135599430196123, -2.18395633064811, -2.1845343969824804, -2.5366808494346635, -2.8785664086881324, -3.4491372912591567, 0.7527542202235917, -4.8377549654692125, 0.5779972136535187, 3.2288046035540203, 2.7806018859366475, 1.2689980644075853, 3.343057147229027]}},
			{"instance": 0, "evals": 1101, "best": {"evals": 1074, "y": 1914343.3923495058, "x": [1.269613461917658, -2.416973501420267, 1.3149804155592697, -2.12847749515344, 4.989828700655426, -0.06320201864044739, 3.5754801643480336, -1.4422548268580069, 1.5261838185917953, 2.7324380673416213, -0.10018408757145192, 3.8335355872528925, -1.7459875982439272, -0.24723196446486628, -0.22902137517617205, -2.364173511740842, -0.9306437305169002, 0.8145492850976712, -4.715080263100983, 4.42773264380911, -1.569230990135173, -0.4956785956486185, -2.797774230342683]}},
			{"instance": 0, "evals": 1101, "best": {"evals": 1061, "y": 1275732.4033311098, "x": [2.4427959306969105, -4.052870319719698, -0.8508208166216917, -2.615652969299451, 1.400184173639894, 0.7930160552194732, -2.6953937240582704, -3.173724796174791, 1.2518432369507604, -2.5672415694891577, -1.820488982535421, -0.8938879405305342, -0.5258317284030365, 0.15759197439763395, -2.972725189944211, -3.8952433824623487, -4.230274873293249, -0.5840991127622015, -3.7303970581468384, -0.6786231343612767, -3.2007437803215177, 2.267576844182905, -3.94812409764365]}},
			{"instance": 0, "evals": 1101, "best": {"evals": 991, "y": 523550.4547465976,