{
	"version": "0.3.14", 
	"suite": "unknown_suite", 
	"function_id": 20, 
	"function_name": "Schwefel", 
	"maximization": false, 
	"algorithm": {"name": "DE", "info": "algorithm_info"},
	"attributes": ["evaluations", "raw_y"],
	"scenarios": [
		{"dimension": 23,
		"path": "data_f20_Schwefel/IOHprofiler_f20_DIM23.dat",
		"runs": [
			{"instance": 0, "evals": 1101, "best": {"evals": 780, "y": 9397.70320511819, "x": [-0.9737056844476957, -3.007466529209737, -2.5015116665929242, 1.7173540804451437, 2.0043730204049135, 0.13433077752597367, -0.6884323456444419, 1.0245134184364937, -2.6888987217679245, -1.8317156209096386, -1.3297803858349395, -3.7290174054964886, -2.2271975209213757, 0.3216460638085694, -0.9041375348483722, 2.628155095166006, 1.4468572075556838, 0.9616066280192241, -1.7373148235476115, 0.04942496899928406, -2.431033331501397, 0.269931172079247, 1.7691771781250178]}},
			{"instance": 0, "evals": 1101, "best": {"evals": 1100, "y": 7692.713938076132, "x": [2.7729156671499395, -2.5104133962310122, 1.5809323736693988, -4.290270028421692, -1.8890244466673822, 0.8762522334620957, -2.954890003853498, 0.32857661558477336, -0.8447106880051556, -1.5093944049321726, 0.9141085708890264, -1.5112227755386483, 0.9854723351367927, 2.9935877398385893, 1.1067776032507677, 4.232115885071597, 1.6656643771044943, 2.060308865826566, -0.392915894695268, -2.8597829362850007, -0.05795915070853219, 2.266037128835578, 0.8517612425178474]}},
			{"instance": 0, "evals": 1101, "best": {"evals": 1056, "y": 15590.942694400019, "x": [3.1933275980150984, -0.44734648516168685, 4.332778027188752, -3.310958322094871, -4.003446152278068, 0.7902573508404851, 0.2925127711113098, 1.0009614054590106, -0.5005066405279752, -0.08657885413980693, -1.5517362052963437, -4.0172797474517505, 1.071098883633165, 3.1271509212580364, -1.3750875268487546, -0.7122733449725054, 1.728026338625524, 0.35326657251715865, -0.5369235238901191, -2.7319482567881295, -0.8161560793268479, 1.9656218319288201, -0.5513979203705742]}},
			{"instance": 0, "evals": 1101, "best": {"evals": 1059, "y": 4996.257063230795, "x": [-0.6642725861275158, -1.3742943865666364, 3.6216144407832007, -0.8451642753246895, -0.16090130712062045, 2.954981607443765, -4.318573929010741, 0.1850132639654669, -0.026978383252628024, 1.3336018961692222, -2.4456815496979636, -1.3551755982177072, -0.7153986852587311, 1.889891261447998, 0.3177326476156457, 2.8139600904853106, 2.0945655090140782, 0.19767122720405084, -1.2219582014369932, -1.0794559692476946, -2.480277636050084, 0.7517095316953046, 0.779141724391665]}},
			{"instance": 0, "evals": 1101, "best": {"evals": 799, "y": 17905.34842002809, "x": [-0.22588049227187668, -0.10687166087560751, -3.2159175267245574, -2.7546834720762847, 2.0516567482644885, -1.7799712452807792, -2.0791179895802387, 1.8318499307409457, -2.1105619729027483, -3.749110779578504, 1.38917093770183, -2.8817262197704876, 0.46068401970664463, 0.14762317813700676, -0.7457031820319564, 1.7120943374018154, 0.9973192017263757, 2.8259918256491234, 0.9444426998643383, -1.662757110391472, -1.1218126139782898, 3.7324535864742314, 3.013043199864157]}},
			{"instance": 0, "evals": 1101, "best": {"evals": 570, "y": 18988.435817064536, "x": [1.2715884309266636, 0.1598273547883977, 3.2051275380362565, 2.6030099137989358, -2.5440873809987874, 4.324507717500003, -2.5521314460742737, 3.672972556600338, 0.3856080097003498, -2.281818744524322, -1.58887348538852, 0.20161085195073092, -2.337902752349576, 0.8903920861252632, 0.20217217881842053, 2.7243908276919404, -0.36515716627508077, 4.1852728275761795, -0.8695887391383224, -0.7862742678229413, -3.840023022421807, 1.454824789546423, -0.1934774607477041]}},
			{"instance": 0, "evals": 1101, "best": {"evals": 979, "y": 14056.131220118634, "x": [3.6975787022480224, 1.5413326254937783, -1.2766669557737942, 3.3111937034759413, 0.38665845673347743, 1.2646604350853257, 1.427117001508428, 2.144402397069597, 1.2240243817169127, 2.582042680200569, -4.513820770978608, -0.07317772650778498, -0.32224505198401765, -0.7807231151772132, 0.012839032064756228, -0.20343049582439132, 3.4254994030700083, 1.0266484074260536, -1.8425399586220141, -2.8670124987539056, -1.5486359526746778, 1.314864015050741, 0.6446024596217828]}},
			{"instance": 0, "evals": 1101, "best": {"evals": 900, "y": 16410.80136745168, "x": [-0.6358943393717924, -0.3054060015049487, 1.946175230891717, 0.30903931958639586, 4.021385929503202, -2.182435763083703, 0.2415031267841119, 1.3967449375556475, 0.6821634606027316, -0.6468633511704929, 0.5071015918886823, -0.815366184656721, 0.050055406090645294, 1.2503068555846533, 0.4276081578768449, 2.4950585404753314, 4.574388505657504, 2.1250693433011953, -0.13665459196553353, -1.7615216635230415, -1.9102853362170933, -0.10949313515692793, 0.8778457492249832]}},
			{"instance": 0, "evals": 1101, "best": {"evals": 886, "y": 5481.217233109731, "x": [-4.030791070494204, 3.4459404028836866, 0.08708367929893468, -0.8087891489184946, 1.5202283555032832, 0.8598121128110461, 2.3038380041051467, 1.4521419617742313, 2.6069920485863873, -1.8675948392030328, -2.5935582698191313, 0.3058400724281185, -2.677773307539826, -0.3692365620730871, -1.7713101662188624, -0.18223494551583386, 1.1403598615308095, 2.9286191042578382, -0.671309504894753, -1.5754491999594897, -0.3026982835626555, 2.868115246884031, 2.5814900620775427]}},
			{"instance": 0, "evals": 1101, "best": {"evals": 1056, "y": 11675.00413009739, "x": [0.7935198121798344, -1.4441215636084577, -0.6365833621946118, -1.087269971458283, -1.6872747039836322, 3.474456715799324, 3.5760066838281794, 0.5183392806563201, -0.07653235719385476, -2.624524700961338, -0.546299035774493, -1.717227699973665, -1.9066285410166042, 3.8372152953948584, -2.900678209138765, 2.986825584439647, 0.2150096026206979, 0.8537349419658096, -1.9900892193505362, -0.44534323697509137, -2.7842986779940384, 2.7647827386719253, 0.4226206605438483]}},
			{"instance": 0, "evals": 1101, "best": {"evals": 1072, "y": 18647.75734074078, "x": [0.3173294269479632, -0.12676998780615112, 2.6968742797615146, 1.4026194609568465, 0.42811404915084905, 1.0047770216002307, 2.4453799063992707, -1.5415307617255714, 1.5692740059598353, -1.5311590743717591, -1.1877971982788704, -1.0134482439532124, -2.2806521477839663, -1.818820267510072, -0.9369937050179002, 4.086797953020634, 3.004813822789079, 1.8730510328419454, -2.8684581364367556, 0.6806395604906668, -3.332435295929808, 1.9067101455196136, 1.5387698482748577]}},
			{"instance": 0, "evals": 1101, "best": {"evals": 962, "y": 6191.226692033648, "x": [0.06764248846906629, -1.4580704659213846, 1.6672989339604873, 0.6502744531033122, -1.2324996773559542, 4.29205448667274, -1.3227613165182355, 1.4041301157931132, -1.969222461721111, -0.7864899620508203, -2.1170767262072743, -1.848951871286517, -0.7705725556741394, 0.5001049701942331, -1.7907570398199835, -0.918986552019577, 1.95135932829288, 1.0875949525617736, -2.199490879564183, -1.7605761383925813, -3.0166592502389005, 1.4303045746288177, 2.771957701998418]}},
			{"instance": 0, "evals": 1101, "best": {"evals": 982, "y": 7308.117531061849, "x": [-3.6394334363475456, -0.21055900539113814, 4.231206338221833, -0.10824158831927533, 4.426758109865128, 1.8783998154421688, 1.0948322265873491, 3.270160758094612, 0.5172934341074598, -0.14216418353274696, -2.9840842145079165, 1.6570677769064481, -3.60729901856567, 0.7784756703115585, -3.9166994090723115, -0.5853879529533463, 0.3410475696393389, 0.566683462039089, -2.0660513391884208, -2.2183337240960386, -1.4496940079739353, 0.992721456298266, 1.3891040934091023]}},
			{"instance": 0, "evals": 1101, "best": {"evals": 1097, "y": 15877.384909324328,