{
	"version": "0.3.14", 
	"suite": "unknown_suite", 
	"function_id": 2, 
	"function_name": "Ellipsoid", 
	"maximization": false, 
	"algorithm": {"name": "DE", "info": "algorithm_info"},
	"attributes": ["evaluations", "raw_y"],
	"scenarios": [
		{"dimension": 23,
		"path": "data_f2_Ellipsoid/IOHprofiler_f2_DIM23.dat",
		"runs": [
			{"instance": 0, "evals": 221, "best": {"evals": 214, "y": 1906643.4261199778, "x": [-2.0543511110693498, -2.5478598682727607, 0.21625011695378893, 3.099480312924766, -0.22503741426092372, 2.0685734384761716, 4.353944896677987, 2.5142331753130263, -3.8911982010703445, 0.488621186390259, -3.9957806895196373, 1.197241684529073, 1.6783114539363109, -1.6782747793826749, -4.364416497139763, -1.890176782843378, 1.9865003116151332, 2.2960617833806403, 1.3448711581915607, 4.639975771370972, 2.392833977320412, 2.2023191309657024, 2.634660145578966]}},
			{"instance": 0, "evals": 221, "best": {"evals": 193, "y": 871827.7511949644, "x": [1.3097044487005816, 0.36041491048707597, 0.6596459465439377, 0.7576337652347251, 3.0713684780606103, 0.5410048966167142, 3.3748188569199087, -0.43823043452349086, -3.4572939163320067, 0.41017821346193273, 2.9304063771184574, 3.437287927102574, 2.0801844177180184, -0.8709265684885801, -3.2018477334927398, -4.19291545806014, 2.566465493523989, 0.824350768882959, 4.158143481907439, 2.8309717208225202, 2.951102825267247, 3.4608187237611654, 2.7159103377316125]}},
			{"instance": 0, "evals": 221, "best": {"evals": 212, "y": 2175516.6322165206, "x": [0.12858479689148217, -1.1232316830923996, 2.108724488594948, 2.836055041231492, -0.3661922731880849, 0.9987474484243797, -1.3814809713547498, -1.8674481387016981, -1.766661258206987, 1.059088822169565, 3.1787663788808995, 0.7503872758018888, 3.2764256707601436, -3.7647221770811417, 0.8710812720781311, -1.9104556576859104, -0.10068666211029997, -1.6449199252473252, 2.3049814610091826, 1.757642229193844, 3.5994239230553813, 1.7003481392543047, 2.193207650386359]}},
			{"instance": 0, "evals": 221, "best": {"evals": 154, "y": 1148543.6624436756, "x": [-4.894025893713458, -0.8044374953547149, -1.37241215692324, 0.9479791725435043, 0.9223698203114106, 1.2469318447549709, -4.078929650750914, -4.1428990656171605, 3.7587715934887043, -1.5066779907335133, -4.7221006037725575, 4.725895367515573, 2.1644971106116073, 2.260807566781885, 0.5877039753263493, 0.07688184682779786, -4.436973642742395, -1.038218312844874, 3.4974072814537536, 3.4678140919327123, 2.5649229529891504, 2.877714800885684, 1.7984306633245195]}},
			{"instance": 0, "evals": 221, "best": {"evals": 216, "y": 1277127.1347181115, "x": [-1.2045643262703107, 4.748050382812462, 4.108153571962751, -0.9862694535029939, -1.9216665385756757, 0.7747933232802353, 2.356180430706746, 0.029657204415783234, 0.838188300531715, -2.5055626690942314, 3.992398082396171, 1.503517147364521, 1.7149616316321104, -1.862272188710313, 0.30366529908816053, -0.7473818735530163, -1.3788781901912674, -2.1155804776175344, 0.7322860537163114, 3.557636542312317, 2.708861743187116, 3.8076706514876335, 2.421628627707558]}},
			{"instance": 0, "evals": 221, "best": {"evals": 215, "y": 1608782.2275407102, "x": [-4.137056335849174, -3.225187666219827, 1.3631284007625197, -2.729329611861969, -1.3181534663949095, -2.5371982693764568, 3.173598217174077, 2.007138090050786, -2.141321643537226, 2.5408442569822087, 2.6529434591564476, 1.6040529187122463, -0.9412431214872106, 1.980692330040522, -1.755980755484432, 0.7367576362520687, 3.009349231525834, -0.12663864469477182, 4.4819519616569305, 1.683798579911826, 3.835410142365903, 3.4736760078855324, 2.4005289582549882]}},
			{"instance": 0, "evals": 221, "best": {"evals": 179, "y": 1936532.0862665928, "x": [2.7654144820111237, 2.630605841381924, -2.8257265513917074, 3.981774794119999, 0.9693367509687172, 1.2916973123503128, -3.155963830079892, 4.280715221885712, -2.424123478170319, -2.869522915031396, 3.9412139267604616, -0.9988730268060242, 0.48661995761554966, 0.6600352245625163, -0.4847114406081401, -4.348536659512273, 1.645048782728888, 3.5079783474082804, 2.6555952588929412, 2.2451089888230102, 1.9937303316791897, 3.0896126772757384, 3.332446787435405]}},
			{"instance": 0, "evals": 221, "best": {"evals": 218, "y": 1449899.6103596813, "x": [-4.917948199606389, 2.4485953214320046, -2.5577832100774, 0.012924431121965618, 4.0762639486887196, -2.5667109560567973, 1.208496424772198, 1.193739286373976, 0.43357020471805807, -3.7807133105375277, 1.2684521850066313, 0.0553010191489669, -1.3163405935569017, -3.519958560208722, -2.96477727443508, 3.0145069130301545, -4.394732976404888, 0.5045106974019067, 4.4640173491741315, 2.3876163160571062, 2.0330570077481815, 3.8551306377724277, 2.575173455981164]}},
			{"instance": 0, "evals": 221, "best": {"evals": 218, "y": 2270756.937232012, "x": [2.1408114073397435, 1.4532545941958812, 3.3132849025053615, 4.552371042255317, 0.8539469886290441, 4.30940335613891, 0.827440488484104, 1.352535866423301, -0.07487534497351511, 1.2351028174883651, 0.3223838981741247, -4.619728918138249, 3.193383585011752, 3.255039838911612, -1.9313169417506555, -3.852146569466657, -4.651937309466377, -0.5065542504986968, 0.18815999029400887, 3.9594151464730434, 1.9165891044800305, 2.986411067964591, 3.0341697857508754]}},
			{"instance": 0, "evals": 221, "best": {"evals": 197, "y": 2476574.7521324526, "x": [-1.0536877518482282, 4.475145233587437, 2.835768879269255, 2.252708180247969, -2.7352425653335324, 2.92025375477618, -0.25004683400732364, 2.2409944648243, 4.308222406568682, 1.2408365001843533, -4.494518888969617, -1.818022722948439, -0.8226009804203844, -4.504579266876291, -0.7598739874353093, 3.8655336468090984, -1.79109659815453, -2.2824636036549846, 3.0653184606958632, -0.13848020703414998, 1.2095271962279228, 2.3933199989948193, 2.5615170021514073]}},
			{"instance": 0, "evals": 221, "best": {"evals": 171, "y": 1841614.783098957, "x": [2.1157685634107977, -2.073814270320388, -3.172277143787631, -0.21562851074127432, 0.8716546885833214, -0.018249941086705412, 4.168371428707193, -0.910139718647081, 0.16231446390797455, 4.8296154075836455, 1.4264830608095591, 1.833532085346281, 3.209345075441631, 4.8154683328414745, 2.0093229650648183, 0.945009213218237, 1.523480285002853, 2.2095414263410937, 1.945555810644799, 2.627407313279318, 1.0493501780882357, 3.7230031450295034, 2.6249762125494414]}},
			{"instance": 0, "evals": 221, "best": {"evals": 213, "y": 1003678.9182865391, "x": [-0.5349240339443453, -0.3924117883157412, 0.6362287762023082, -4.727719162306228, -3.7921179517481165, 3.9111320515139525, -3.178774672799689, 2.7309295455908114, 0.048890200830602915, -1.1111060202114527, 1.7426397937438962, -2.6699329379050996, -0.7437221382022257, -1.6422275108462334, -2.984854763753027, -2.1496726728174447, 0.7775531639510473, 0.5344286128272584, 3.338889864310526, 2.786579271212398, 2.152826226581466, 2.281065605834532, 3.264126067659941]}},
			{"instance": 0, "evals": 221, "best": {"evals": 220, "y": 4246029.804228263, "x": [4.926266754261834, -0.32443163311477197, 2.153016190795949, -1.095729924008068, -0.7219255333927506, 1.4539040638663105, 3.740162914539414, 0.2899319988993794, -4.710934979626256, -2.9522375043840787, 0.09382647141141831, -0.17423956779177274, -0.2996882430057206, 1.5836751561188755, 2.0479285367631563, -2.832162357184976, 2.9434408375515604, -0.5150414562744654, 0.31536591934047387, 1.5217180113739976, 1.855761501149201, 1.1056202769066612, 1.6334754285334476]}},
			{"instance": 0, "evals": 221, "best": {"evals": 216, "y": 1139715.8515466184,