{
	"version": "0.3.14", 
	"suite": "unknown_suite", 
	"function_id": 7, 
	"function_name": "StepEllipsoid", 
	"maximization": false, 
	"algorithm": {"name": "DE", "info": "algorithm_info"},
	"attributes": ["evaluations", "raw_y"],
	"scenarios": [
		{"dimension": 23,
		"path": "data_f7_StepEllipsoid/IOHprofiler_f7_DIM23.dat",
		"runs": [
			{"instance": 0, "evals": 221, "best": {"evals": 191, "y": 423.0037837216409, "x": [-1.254598811526375, -2.4350875866240314, -1.181891935478689, -3.527576617579632, 0.9445411857140327, -0.5503622033636033, -4.419163878318005, 3.6617614577493516, 3.3946090950076684, 0.22884658092036503, -2.651910691262466, -1.6618359102052804, -3.4634196183888735, -1.7690967159132993, 3.4837172210680585, -3.165954901465662, -1.9575775704046228, -2.5266033348759156, -0.7591987275290366, -3.057260464879578, -0.0023660783682482034, -3.6050613934795814, 1.0637880614292166]}},
			{"instance": 0, "evals": 221, "best": {"evals": 172, "y": 561.2135837925938, "x": [0.2531826445072136, -4.339446921778399, 1.9753613826185128, -0.5859063905489887, 2.7515951209538136, -2.2154678632860794, 2.6979518311040667, 3.5080346264726954, 3.59502975624898, -2.3185677038807917, -3.177826000113968, -0.31831716452137293, -0.9101842244137384, -1.481533884324422, 1.5097174521854448, -2.7055464490597405, 1.7123384172275857, 2.233705891581141, -0.4069631178692621, -1.9609048530375768, 1.707650254430357, -0.6086909603761024, -2.5534494539528696]}},
			{"instance": 0, "evals": 221, "best": {"evals": 199, "y": 547.3364207062277, "x": [-2.0440087501512147, 1.4832037817326502, -4.751594660206226, 2.6979215759632016, 0.6445663972697533, -1.6264187276839666, 0.889733988165514, -4.414372894795217, 3.6449679696414288, 3.3829411700076335, 1.2402843926727802, 1.0832757003790183, 1.1976293276411125, -2.4716575991692165, 2.7215233149311544, 3.606017498602906, 2.4529021414759384, -0.7219195862066938, 1.4267564755382818, 2.0687284554343854, -3.8531068218924136, -3.1537493184900773, 2.6612175134513025]}},
			{"instance": 0, "evals": 221, "best": {"evals": 212, "y": 464.5085069262409, "x": [0.40209532511285895, -2.9377186256984453, -0.24602628136117044, 4.333890690515453, -4.08650772829419, -4.1227792444546445, -0.5734725790378565, 0.533957422710273, 1.967410002096508, 1.029128821901702, -1.7974826962981894, -0.9968910076888706, -3.328965686822522, 2.6404373652615467, 1.3590448828050534, 1.345094698570839, -1.852952503199205, 1.0153462263062618, -3.73690073377945, -0.9940132110362119, 1.7314079713961226, 0.14170546707601872, 2.4827722779560304]}},
			{"instance": 0, "evals": 221, "best": {"evals": 199, "y": 490.7841551988895, "x": [0.9639925924743395, 0.7816692138159544, 1.4542766658631083, 1.5108468387184275, -1.7540016540009447, -2.659397861495669, -0.2390535524679187, -4.589217719958815, 0.3029477752561871, 3.629957351178502, -1.6017263676017717, 1.4126307605089452, -1.3528858627487317, -2.164539754741852, 0.17044917251700875, -0.7227448464568074, -1.420568474462491, -1.7119825176577774, -0.6219091597803246, 1.506713117736628, 2.7575409555467036, -3.110520782471439, 1.2858894949429116]}},
			{"instance": 0, "evals": 221, "best": {"evals": 199, "y": 301.6393743656718, "x": [-1.8261539319344764, -0.1340572082695224, -0.9694719667557788, 2.475357966456926, -1.9593121253885453, 0.4798279585350128, 1.4958902120554376, 2.353399358512622, 2.603192359364691, 1.837132507935395, -1.5062828211478854, 0.8081236468895339, 2.0204049902584087, 1.8245794016631112, -0.31155752993972663, 1.69413281160716, 0.512728966336987, -0.42972644979569985, -1.1188016178206674, -1.8867732065166152, -1.5360914065645799, -0.38149633050888276, 1.6852221987121883]}},
			{"instance": 0, "evals": 221, "best": {"evals": 216, "y": 422.4443727311982, "x": [0.897076232612835, -3.6607423751422505, -0.9008115513291024, 0.8274208627582893, -2.1598046996654583, -4.164079056985827, 3.003866965598391, -0.31105740492335243, 0.142088193092326, 2.6518292887512644, -3.093573221966551, 2.2556132547443406, 1.8482210818751579, 0.48700356896508357, 1.58838215766162, 3.956831423788645, -4.851897592858454, 1.2741347939239698, -1.8182805912728863, 0.6680874372476608, -2.5951261754195043, -0.04974854604067458, -2.7814006342410313]}},
			{"instance": 0, "evals": 221, "best": {"evals": 173, "y": 321.739963690425, "x": [-3.4560764702217353, -0.30711849556773796, -1.5742779895661352, 2.831954459392857, 3.0597192525327284, -2.208211110790063, 3.7481543005445035, 0.5550569933272782, 4.727517097271434, -0.712892110583089, -1.5162684917091123, -1.626372847443559, 4.537601271802743, -1.566312181840369, 3.9065084414183673, 0.09303159449014609, 1.297952607736463, -0.9178421708166286, -1.8281912833644611, 0.7514681290811405, -1.3711896566052606, -2.0316341510687272, -2.2749094004123287]}},
			{"instance": 0, "evals": 221, "best": {"evals": 212, "y": 815.2545125443438, "x": [-2.291008296672757, 0.26043543825726223, 3.5768966680724255, 1.3945951184277579, 3.3348077723480913, -3.139291504996045, -1.236289882461147, 3.8980591313672246, 2.715866101130265, 1.5632617096782677, 0.6218026022401453, -3.7875069768528475, 3.146827284200261, -3.2731582188003907, 2.5176275389411877, 1.430543962471701, -3.22123636206091, -3.5767068975539242, -3.7552071808350007, -0.3924274209886214, 3.53584184149663, 4.0509437096339465, 0.5573415150298562]}},
			{"instance": 0, "evals": 221, "best": {"evals": 193, "y": 497.1503040672873, "x": [-1.3892814631283277, -1.0067353597980557, 1.2271973726072072, 1.9571198851036185, -1.8015471890325545, -0.5826947759743826, 0.8864195729364255, -3.5810389512305383, 1.5116605892683301, 3.2632968137453404, -3.3063270551968142, 0.3609761259575257, -2.223175616188737, -1.982705150376674, 0.8451247189872957, 2.9475870752046687, -2.165701375759074, -3.0361239921602956, -4.200497706794437, -0.44176364573507887, 0.9772312866447992, -3.0490216240941006, 2.524172753095935]}},
			{"instance": 0, "evals": 221, "best": {"evals": 155, "y": 541.3647265256963, "x": [-0.4226397210189683, 0.05364892024170276, -3.5620906444140443, 3.0543269490040412, 1.3020549070091034, -2.031691350153737, -1.617543513230225, -0.10878896536966942, 4.947946316969674, -1.2916000367752445, -4.099084175668439, 1.7417597990188958, -1.5746134299175831, -1.0880792524822662, 2.655989523939665, 3.295487595744909, 1.2637014625979344, 1.1116410107788575, -2.627433765681444, -0.5397356359640493, 2.4892242277934375, 0.3547869227381901, -1.7455571401998906]}},
			{"instance": 0, "evals": 221, "best": {"evals": 179, "y": 395.98226292627197, "x": [-1.7197796187383079, 0.483798262935355, 0.3319241973634499, 4.277672112298361, 2.6573530501566216, 0.6192015409432177, 1.4126288989169016, -1.6038407524894676, 1.6265262569711183, 2.9856546104664208, -2.5326366708624555, -3.4277670735095325, -1.4283049857520949, -1.2229558472940258, 1.7737616615063556, -1.3673174661018435, -1.0253037656682258, -1.5246760440938645, -2.41061506286799, 0.7952344586935678, -1.839253922313933, -0.34701383335148783, 0.8088757071597521]}},
			{"instance": 0, "evals": 221, "best": {"evals": 78, "y": 407.8369136395647, "x": [0.5136989851292553, -4.711938261272744, 2.5844949880354875, -1.6757047992961143, 0.8255422284345975, -4.427304392674383, 4.517873193802739, -1.5216996949442174, 1.1318357527838474, 1.2512515295266626, -3.8436535048732905, -0.60106430860555, 2.226746878128461, -0.9348408289236021, 4.036206753524043, 0.7235594303520996, -1.752501077751536, 3.788715653293721, 1.6132847021127552, -3.789762050123012, 0.13155242850266724, -0.6465298119867722, -1.6067092147250528]}},
			{"instance": 0, "evals": 221, "best": {"evals": 214, "y": 453.4783724111625,