evaluations raw_y
1 7.777660425244037
2 207.50594615729545
3 78.72972158924651
4 229965.35518151656
5 1772.3682677580198
6 28.13899930981234
7 63.15448104739096
8 94.36030525900985
9 99.56057766927678
10 1082.3894910034028
11 322.59223559017795
12 76.74317016261725
13 26029.37362051984
14 26880.14222779749
15 186.1152286974167
16 43678.29068570695
17 54.082938450467275
18 47.77368203111647
19 1316.0699767362507
20 22996.069463979355
21 6261.251020023132
22 38.17759345093931
23 287.094576818819
24 297.53910196746443
25 16.442318949920995
26 602.4857380401706
27 22.414514623230765
28 8.135360900500574
29 839.3985544206487
30 66800.15589137863
31 7.777660425244037
32 17.709686533435615
33 17.71019323880494
34 670.0876816253615
35 78.90234695586712
36 45043.70009188368
37 570.7853837850246
38 29.44702555844037
39 28.214210316341052
40 16.058740857696126
41 9.992753099487546
42 9.052371594478437
43 6.712610384398213
44 59.2209468663423
45 53.441263953370296
46 2809.5792039363596
47 2804.679037006009
48 34.73572110307517
49 30.428035060627103
50 5582.498955488743
51 23.284843013311924
52 38.057111683869884
53 10.496002046470059
54 10.510673139533854
55 10723.161149998954
56 9.113386643697188
57 9.110001780959669
58 107.48234741397525
59 13.658544181402103
60 13.660584467388945
61 90.5061111370736
62 23.38978059094898
63 13.641212193846894
64 7.853166394937322
65 6.700665055037667
66 16.961901422110188
67 17.68192712309877
68 6.700665055037667
69 6.712610384398213
70 7.777660425244037
71 7.853166394937322
72 9.052371594478437
73 9.110001780959669
74 9.992753099487546
75 10.510673139533854
76 13.641212193846894
77 13.660584467388945
78 16.058740857696126
79 16.442318949920995
80 16.961901422110188
81 17.68192712309877
82 17.71019323880494
83 23.284843013311924
84 28.214210316341052
85 30.428035060627103
86 34.73572110307517
87 38.057111683869884
88 38.17759345093931
89 53.441263953370296
90 59.2209468663423
91 78.90234695586712
92 90.5061111370736
93 570.7853837850246
94 2804.679037006009
95 5582.498955488743
96 10723.161149998954
97 0.7646207672121947
98 3.5091720454188637
99 3.5152732673041207
100 4.467615551822767
101 4.432325762915622
102 3.089084360733172
103 3.174201795184264
104 2.4583890780019138
105 5.681812622862221
106 8.798333939132862
107 8.770619140011107
108 10.235051488680925
109 8.344547807907109
110 12.982123451280664
111 7.595325314859114
112 16.20908938654638
113 9.60786550039249
114 4.316627391461581
115 11.935800122906969
116 11.970924027587595
117 11.401651924781742
118 10.629421888854035
119 19.656489062155664
120 27.15968983846184
121 27.698612739029688
122 19.67372635635949
123 6.546420124523063
124 11.523571414444838
125 28.806440616663636
126 8.720542779863154
127 80.43738095633603
128 10.936956845048586
129 147.96271021673715
130 145.03950219501257
131 13.474264621787508
132 154.9847240118129
133 1199.16109491873
134 0.7646207672121947
135 0.7957689611640066
136 0.7957689611640066
137 2.4583890780019138
138 3.174201795184264
139 3.5152732673041207
140 4.316627391461581
141 4.432325762915622
142 5.681812622862221
143 6.546420124523063
144 7.595325314859114
145 8.344547807907109
146 8.720542779863154
147 8.770619140011107
148 9.60786550039249
149 9.992753099487546
150 10.629421888854035
151 10.936956845048586
152 11.401651924781742
153 11.523571414444838
154 11.970924027587595
155 12.982123451280664
156 13.474264621787508
157 16.058740857696126
158 19.656489062155664
159 19.67372635635949
160 27.698612739029688
161 28.806440616663636
162 78.90234695586712
163 145.03950219501257
164 154.9847240118129
165 12.08525943441956
166 0.7115223585482969
167 5.807255362408482
168 4.600813817591881
169 2.4633431118221987
170 2.473231320590288
171 3.190743455823124
172 2.660770923062146
173 3.4625826042009464
174 2.9527032007546183
175 2.9473685634399818
176 4.204857807355717
177 4.227172755347304
178 7.85657294973014
179 5.097757844969199
180 5.111069353363032
181 5.470546427186944
182 6.422212223750105
183 13.877733566788853
184 10.0047221040251
185 10.222125711015453
186 10.14700287794885
187 7.165543877928212
188 10.117835741170985
189 10.149320295146943
190 3.4752045097689233
191 3.4299475001539594
192 11.096208957730026
193 11.07484071147654
194 15.83168909386327
195 10.071069606002501
196 2.614697755968557
197 8.428421142703625
198 8.415737761245968
199 4.978480725190082
200 4.99273305602137
201 28.78124463760998
202 11.721886427913944
203 6.582033445918368
204 6.594802499578137
205 9.89432388569471
206 0.7115223585482969
207 2.4583890780019138
208 2.473231320590288
209 2.614697755968557
210 2.660770923062146
211 2.9473685634399818
212 3.174201795184264
213 3.190743455823124
214 3.4299475001539594
215 3.4625826042009464
216 4.227172755347304
217 4.99273305602137
218 5.111069353363032
219 5.470546427186944
220 6.422212223750105
221 6.594802499578137
222 7.165543877928212
223 7.85657294973014
224 8.415737761245968
225 9.89432388569471
226 10.0047221040251
227 10.071069606002501
228 10.117835741170985
229 10.14700287794885
230 10.149320295146943
231 10.222125711015453
232 11.07484071147654
233 11.721886427913944
234 15.83168909386327
235 1.1204332717710974
236 0.7115223585482969
237 5.8530303276320215
238 2.26489598014508
239 2.0872277525730687
240 1.738148454751114
241 1.9532498000712648
242 2.0651693829040196
243 1.2662953738027538
244 1.314174821488343
245 1.7456845505285896
246 2.6825825817934086
247 2.889536460646149
248 1.4105875115320445
249 1.8431683908387992
250 5.911390352063318
251 3.250607596150857
252 3.0930846468773696
253 3.884896291296805
254 2.11872229499848
255 5.728150939658597
256 6.624376500488506
257 6.629527799649484
258 5.863455106947706
259 9.833084581891484
260 7.95848644633891
261 6.371962706569361
262 8.51256746154371
263 8.581531956872377
264 7.684982182924923
265 14.7382756325162
266 4.2646136566628705
267 3.652422159020527
268 3.8938386947403876
269 4.568840619340396
270 1.5146139780730825
271 0.7115223585482969
272 1.1204332717710974
273 1.314174821488343
274 1.4105875115320445
275 1.738148454751114
276 1.7456845505285896
277 1.8431683908387992
278 1.9532498000712648
279 2.0651693829040196
280 2.0872277525730687
281 2.11872229499848
282 2.4583890780019138
283 2.6825825817934086
284 2.889536460646149
285 3.0930846468773696
286 3.884896291296805
287 3.8938386947403876
288 4.2646136566628705
289 4.568840619340396
290 5.111069353363032
291 5.728150939658597
292 5.863455106947706
293 6.371962706569361
294 6.629527799649484
295 7.684982182924923
296 7.95848644633891
297 8.51256746154371
298 8.581531956872377
299 9.833084581891484
300 724.2999012041523
301 0.7115223585482969
302 0.5226187665949753
303 2.2487665846332585
304 1.3241409527133121
305 2.305402134025292
306 3.6576105969526935
307 3.637256357724109
308 2.025150517199754
309 1.3546607794293823
310 0.7617094904235039
311 1.9062003610528186
312 2.817882682416228
313 4.043691136485605
314 3.619110969943148
315 3.3971322709125573
316 1.86705110753116
317 4.212907000801334
318 2.39251421669848
319 4.085459961502998
320 2.7704219653905637
321 2.646769516513729
322 3.641784710445814
323 3.651698382760218
324 3.79545255924906
325 4.0750270096877275
326 4.034659033534197
327 6.245459609130546
328 6.2511464644887695
329 2.5577152486407004
330 3.1873390181971515
331 3.280569071509438
332 4.812845220247564
333 4.862624534364167
334 6.85216139469062
335 6.1789272460148785
336 7.647275059028056
337 8.608420092133365
338 0.5226187665949753
339 0.7617094904235039
340 1.314174821488343
341 1.3241409527133121
342 1.3546607794293823
343 1.4105875115320445
344 1.738148454751114
345 1.7456845505285896
346 1.86705110753116
347 1.9062003610528186
348 2.0872277525730687
349 2.11872229499848
350 2.39251421669848
351 2.4583890780019138
352 2.5577152486407004
353 2.646769516513729
354 2.6825825817934086
355 2.7704219653905637
356 3.0930846468773696
357 3.280569071509438
358 3.641784710445814
359 3.79545255924906
360 3.8938386947403876
361 4.034659033534197
362 4.862624534364167
363 6.1789272460148785
364 6.2511464644887695
365 6.85216139469062
366 7.647275059028056
367 29.759025780738646
368 0.5226187665949753
369 1.7796857869617082
370 1.9219137658548502
371 2.6073436529846523
372 1.719643684548376
373 0.8051284555165527
374 0.7932153622021644
375 1.4757800418563922
376 1.5674442529438055
377 0.6238501373020713
378 2.6955866756845683
379 3.36349941834545
380 4.063889180336579
381 2.2323637311439133
382 3.458586474039874
383 2.778907184351363
384 3.6768112178637193
385 2.644401854752128
386 2.030627001769025
387 2.220734652291841
388 3.1207628915589574
389 1.4156044944641648
390 1.421766190214039
391 1.9503678362520942
392 1.951597281388104
393 4.472127985457963
394 5.430388701790321
395 3.8909773371200576
396 1.8759608375029475
397 2.9964589809618825
398 5.471761525831075
399 5.742504451932174
400 5.7443703611753625
401 1.611375706868406
402 1.6116620242380588
403 5.227746361682486
404 5.229844895644909
405 165.5784457243821
406 0.5226187665949753
407 0.6238501373020713
408 0.7617094904235039
409 0.7932153622021644
410 1.314174821488343
411 1.3241409527133121
412 1.3546607794293823
413 1.421766190214039
414 1.4757800418563922
415 1.5674442529438055
416 1.6116620242380588
417 1.8759608375029475
418 1.9062003610528186
419 1.951597281388104
420 2.030627001769025
421 2.0872277525730687
422 2.11872229499848
423 2.220734652291841
424 2.2323637311439133
425 2.4583890780019138
426 2.5577152486407004
427 2.644401854752128
428 2.9964589809618825
429 3.0930846468773696
430 3.79545255924906
431 3.8909773371200576
432 5.229844895644909
433 5.471761525831075
434 5.7443703611753625
435 0.39822016245378833
436 2.3415949326362697
437 0.6450130822462655
438 1.009470648514989
439 1.8928069608373799
440 1.382418852800872
441 3.2321127498577154
442 1.1962645432107084
443 0.5766992642581188
444 1.2298302712675202
445 2.4272613934158915
446 1.5486971396174694
447 0.845915675744652
448 0.5179338718424307
449 1.807158938828122
450 0.8724880111288806
451 3.430138223589738
452 5.800943433098049
453 3.251374686205428
454 1.8957355373891105
455 1.7537041427224003
456 2.31595481715495
457 1.5698366011247442
458 2.2347842215480727
459 2.106921602845332
460 5.357646002316124
461 5.453360168544358
462 2.9512196569094202
463 2.8342100900255143
464 3.4972799215031607
465 3.0559116941427975
466 2.9449296759618955
467 3.455218891065987
468 3.1155589095624707
469 3.6181572455860325
470 3.3637916024426984
471 3.98005795890644
472 0.39822016245378833
473 0.39822016245378833
474 0.5179338718424307
475 0.5766992642581188
476 0.6238501373020713
477 0.6450130822462655
478 0.7617094904235039
479 0.7932153622021644
480 0.8724880111288806
481 1.1962645432107084
482 1.2298302712675202
483 1.421766190214039
484 1.4757800418563922
485 1.5698366011247442
486 1.6116620242380588
487 1.7537041427224003
488 1.8957355373891105
489 1.9062003610528186
490 1.951597281388104
491 2.106921602845332
492 2.11872229499848
493 2.2323637311439133
494 2.5577152486407004
495 2.8342100900255143
496 2.9449296759618955
497 2.9512196569094202
498 3.0559116941427975
499 3.0930846468773696
500 3.1155589095624707
501 3.3637916024426984
502 2203.6527850482653
503 0.39822016245378833
504 0.39534586272172206
505 1.222660614504611
506 1.4964935170292564
507 2.354771138212992
508 2.0804773944094936
509 1.9007264038123663
510 0.7692659284527276
511 3.6925983596218908
512 1.8333766135560055
513 2.40849924730558
514 2.554542888958995
515 1.2228522977697383
516 2.2387131782212806
517 3.3487156792530683
518 1.4687422295454073
519 1.4628642041316615
520 1.4589933977611638
521 2.579806237842873
522 2.095501861508936
523 1.4013129941986204
524 1.409163504019616
525 1.5507462031395864
526 1.5460974398346297
527 1.7669340372919047
528 2.075180161701299
529 2.0853512183327254
530 1.919961400250466
531 0.27027495213151453
532 3.7643639129513087
533 3.145112414092326
534 1.8397968176871875
535 2.4113657599656353
536 2.2865229064023094
537 2.2862097915558004
538 2.0239398853376076
539 1.2264450630143653
540 3.0101321547651114
541 3.003424371168463
542 104.20156504110142
543 0.27027495213151453
544 0.39534586272172206
545 0.5179338718424307
546 0.5766992642581188
547 0.6238501373020713
548 0.6450130822462655
549 0.7692659284527276
550 0.7932153622021644
551 0.8724880111288806
552 1.1962645432107084
553 1.2228522977697383
554 1.2264450630143653
555 1.409163504019616
556 1.421766190214039
557 1.4589933977611638
558 1.4687422295454073
559 1.5460974398346297
560 1.6116620242380588
561 1.7537041427224003
562 1.7669340372919047
563 1.8397968176871875
564 1.919961400250466
565 2.0239398853376076
566 2.0853512183327254
567 2.2862097915558004
568 2.4113657599656353
569 2.5577152486407004
570 2.8342100900255143
571 3.003424371168463
572 0.6346183745549563
573 0.27027495213151453
574 0.20135137515230433
575 2.3196338175878677
576 0.42823835038248936
577 2.4500223293059737
578 0.27727023361313874
579 1.7345828906984035
580 2.0429919228562237
581 0.7144239464259866
582 2.338195454758314
583 1.9906180237356959
584 1.2323936551999952
585 4.408107468037354
586 1.1919989410856404
587 1.5112380205675433
588 0.5550655715314805
589 1.6795380114132796
590 2.501135133345233
591 1.7959787903246895
592 4.601866034541427
593 1.6213913473865098
594 0.9348123329714042
595 4.025114945411579
596 1.751881362184774
597 2.02612427142996
598 0.9802929329366624
599 1.9854563399915066
600 1.4230745541006384
601 2.3420369549840623
602 5.223995816808152
603 2.3830936901284767
604 2.4985284964929577
605 2.4911430147710356
606 1.8316682306349032
607 0.6124671020418319
608 0.20135137515230433
609 0.27727023361313874
610 0.42823835038248936
611 0.5179338718424307
612 0.5550655715314805
613 0.6124671020418319
614 0.6238501373020713
615 0.6450130822462655
616 0.7144239464259866
617 0.7932153622021644
618 0.8724880111288806
619 0.9348123329714042
620 0.9802929329366624
621 1.1919989410856404
622 1.1962645432107084
623 1.2228522977697383
624 1.409163504019616
625 1.4230745541006384
626 1.4589933977611638
627 1.4687422295454073
628 1.5460974398346297
629 1.6213913473865098
630 1.751881362184774
631 1.8316682306349032
632 1.8397968176871875
633 1.9854563399915066
634 2.2862097915558004
635 2.3830936901284767
636 2.4113657599656353
637 581438.8180686192
638 0.20135137515230433
639 0.2513818682267702
640 0.1923787835073294
641 1.6066982263160536
642 1.7049001481106443
643 2.528676390870962
644 1.743148269731081
645 0.6238503155677811
646 1.5043849862775178
647 1.8145912325635352
648 0.7144240618044172
649 1.1091887736808863
650 2.1473418947563694
651 2.3047374325577734
652 0.9348124922962283
653 0.42506095751382295
654 2.0563963204314177
655 1.1879101089443622
656 1.8242376480093396
657 2.919153764491985
658 1.4091636517142874
659 3.350748017577664
660 1.4230745293320695
661 3.0565463339194094
662 1.136297066362352
663 3.955531942655221
664 1.4950852498384448
665 1.4950853396223525
666 0.7603481099671962
667 1.121612431201415
668 2.808892422035274
669 2.0400330495250443
670 1.1994828694504531
671 1.199482758593478
672 3.5635531398872358
673 0.9988456831933507
674 0.9988456710873695
675 11.14566553496486
676 0.1923787835073294
677 0.20135137515230433
678 0.2513818682267702
679 0.42506095751382295
680 0.5179338718424307
681 0.5550655715314805
682 0.6124671020418319
683 0.6238503155677811
684 0.6450130822462655
685 0.7144240618044172
686 0.7603481099671962
687 0.7932153622021644
688 0.8724880111288806
689 0.9348124922962283
690 0.9988456710873695
691 1.121612431201415
692 1.136297066362352
693 1.1879101089443622
694 1.1919989410856404
695 1.199482758593478
696 1.2228522977697383
697 1.4091636517142874
698 1.4230745293320695
699 1.4589933977611638
700 1.4950853396223525
701 1.5460974398346297
702 1.8397968176871875
703 1.9854563399915066
704 2.3830936901284767
705 0.45677353356597056
706 0.1923787835073294
707 0.22341585690427226
708 2.406511554373892
709 0.2531634759102155
710 2.227382246782743
711 0.17933327492049114
712 1.4607969065378037
713 2.3745038276514694
714 0.5166650805448808
715 0.463959325943934
716 0.4987260463986403
717 1.8499657944027164
718 2.0694757586476156
719 1.7773351486410427
720 0.674498682464355
721 2.8336795746380936
722 3.4476517145970407
723 0.8858694901183986
724 1.9859694863396622
725 1.8144763163562119
726 1.6345828500178294
727 1.4655997429501182
728 0.9317838925149144
729 0.4729922109465885
730 0.7820090036332028
731 0.8744009487847586
732 0.7545465316254165
733 4.525592399004718
734 2.617437509371859
735 1.3305839011194505
736 1.377240909892475
737 3.019483667482417
738 2.7364598551265558
739 1.7320542782227932
740 1.6201242144212094
741 1.6634873310537832
742 2.2066746389298855
743 3.6874090197753984
744 2.283386733613088
745 0.17933327492049114
746 0.22341585690427226
747 0.2531634759102155
748 0.42506095751382295
749 0.45677353356597056
750 0.4729922109465885
751 0.4987260463986403
752 0.5166650805448808
753 0.5179338718424307
754 0.6238503155677811
755 0.6450130822462655
756 0.674498682464355
757 0.7545465316254165
758 0.7603481099671962
759 0.7820090036332028
760 0.8724880111288806
761 0.8858694901183986
762 0.9317838925149144
763 0.9348124922962283
764 0.9988456710873695
765 1.121612431201415
766 1.2228522977697383
767 1.377240909892475
768 1.4091636517142874
769 1.4589933977611638
770 1.4950853396223525
771 1.6201242144212094
772 1.6634873310537832
773 1.9854563399915066
774 30.04320521203346
775 0.17933327492049114
776 0.9322172534138793
777 0.5281660050380452
778 2.0194218012778604
779 0.41891946948940295
780 1.4179984493156548
781 2.9162039456816107
782 1.4943305674265457
783 0.5153355669115933
784 1.806770012575666
785 0.17687225063733192
786 0.387467277981185
787 0.3819180699299265
788 2.2858565761294067
789 0.6055389856485873
790 2.1426002081097355
791 0.7890177382352638
792 0.9690593794896436
793 0.7871256919802101
794 1.5999764770637486
795 0.9103133661348562
796 2.8606006895167404
797 0.8315012993270625
798 2.014388528830228
799 1.3878525729896038
800 3.491722427523004
801 1.251234403069357
802 2.1643757233947483
803 1.1536755720302059
804 1.795367831232864
805 2.699560949059808
806 2.898616577664611
807 1.5297936398562957
808 1.4956184854993433
809 1.7760413258622214
810 0.9300026471716382
811 1.931041491135213
812 1.9342267485481766
813 19.179462147110623
814 0.17687225063733192
815 0.17933327492049114
816 0.22341585690427226
817 0.2531634759102155
818 0.3819180699299265
819 0.41891946948940295
820 0.45677353356597056
821 0.4729922109465885
822 0.5153355669115933
823 0.5166650805448808
824 0.6055389856485873
825 0.6450130822462655
826 0.7820090036332028
827 0.7871256919802101
828 0.7890177382352638
829 0.8315012993270625
830 0.8724880111288806
831 0.9300026471716382
832 0.9317838925149144
833 0.9348124922962283
834 0.9988456710873695
835 1.121612431201415
836 1.1536755720302059
837 1.377240909892475
838 1.4091636517142874
839 1.4589933977611638
840 1.4956184854993433
841 1.6201242144212094
842 1.9342267485481766
843 0.6054059385581149
844 0.17687225063733192
845 0.13293565273341368
846 1.7798509364426485
847 1.781566730774379
848 2.3462939868740462
849 0.2875952367422167
850 0.39603379165346647
851 2.3084265224281513
852 0.5475125618001249
853 1.0721929253292215
854 0.6682108145334328
855 0.41517911343943104
856 0.6702636735555351
857 0.8144936159486156
858 3.2201642886649675
859 0.8108260552806055
860 2.046176935557431
861 2.395828545176295
862 3.8311729187300716
863 0.7774134372964466
864 1.3460526095614964
865 2.126290460437827
866 1.3105088701768248
867 0.9976343883243893
868 1.7353893155019686
869 1.1013054068896315
870 1.022972760690794
871 2.767242001031574
872 2.3067043718030167
873 1.8938045963925614
874 1.4170020161624963
875 1.4033599461554378
876 1.6183855644091107
877 2.821076886097726
878 1.6620020052685915
879 2.9476720522766904
880 1.9621457349988152
881 0.13293565273341368
882 0.17933327492049114
883 0.22341585690427226
884 0.2875952367422167
885 0.3819180699299265
886 0.41517911343943104
887 0.41891946948940295
888 0.45677353356597056
889 0.4729922109465885
890 0.5153355669115933
891 0.6054059385581149
892 0.6055389856485873
893 0.6450130822462655
894 0.7774134372964466
895 0.7871256919802101
896 0.7890177382352638
897 0.8108260552806055
898 0.8724880111288806
899 0.9300026471716382
900 0.9348124922962283
901 0.9976343883243893
902 1.022972760690794
903 1.121612431201415
904 1.1536755720302059
905 1.4033599461554378
906 1.4170020161624963
907 1.4589933977611638
908 1.4956184854993433
909 1.6201242144212094
910 15.473358844018843
911 0.13293565273341368
912 0.36484115351225865
913 0.14401130814986257
914 2.0815474738676487
915 0.5058287422736872
916 2.4698129474493236
917 0.39167733100175167
918 1.6729538595553377
919 2.14080990810372
920 0.721999170726982
921 2.421930674358297
922 0.49727584536740965
923 0.3086310655015838
924 0.4861280946875181
925 1.7618394794504497
926 0.4675073965147032
927 1.9207452250805443
928 1.6378887279426892
929 0.776865486448137
930 0.6581417458921739
931 3.2352078367683013
932 2.1412940092900854
933 1.1327578464344086
934 2.3994439269077827
935 0.8322490030951553
936 1.6929809384790113
937 2.3158909742517704
938 1.0693105028555097
939 1.0306058325851994
940 2.455963565512203
941 1.7720936530846554
942 1.1041272834787887
943 2.3660523162060265
944 1.33317881348811
945 1.1925182681783926
946 1.1138571150627317
947 1.546334289399828
948 2.9817568929161196
949 3.868439301475183
950 4.818626041667075
951 4.766838079254536
952 0.13293565273341368
953 0.14401130814986257
954 0.17933327492049114
955 0.39167733100175167
956 0.41517911343943104
957 0.4675073965147032
958 0.4861280946875181
959 0.49727584536740965
960 0.5058287422736872
961 0.6054059385581149
962 0.6055389856485873
963 0.6581417458921739
964 0.721999170726982
965 0.7774134372964466
966 0.7890177382352638
967 0.8108260552806055
968 0.8724880111288806
969 0.9300026471716382
970 0.9348124922962283
971 0.9976343883243893
972 1.022972760690794
973 1.1041272834787887
974 1.1138571150627317
975 1.1327578464344086
976 1.1536755720302059
977 1.1925182681783926
978 1.4589933977611638
979 1.4956184854993433
980 1.6201242144212094
981 8.316191703395933
982 0.13293565273341368
983 0.6120701289540682
984 0.36316588135079364
985 2.3923384725216366
986 1.5288956241951808
987 0.5041260463728324
988 1.6854822409927857
989 0.4863690410606411
990 1.9747351651027631
991 0.01684308440381873
992 2.350073409841242
993 1.8588795442031998
994 1.50456833617989
995 0.8730569764927874
996 1.0714654780872381
997 1.4592588163085995
998 2.349349220583901
999 3.705369586025064
1000 1.983903017190078
1001 0.8865357350026628
1002 1.150708499347671
1003 1.8091916587302457
1004 1.4643896132069416
1005 0.8997257492620758
1006 1.937829585720651
1007 0.9743600786177318
1008 2.1530492125278125
1009 1.34890376259266
1010 2.2712513512358683
1011 1.0198534460592232
1012 1.8778446366449186
1013 1.4267264970953155
1014 1.6078448149902589
1015 2.9561111646828397
1016 1.5351389214944309
1017 1.238785079587674
1018 4.5564486749156154
1019 0.01684308440381873
1020 0.13293565273341368
1021 0.14401130814986257
1022 0.17933327492049114
1023 0.39167733100175167
1024 0.4675073965147032
1025 0.4861280946875181
1026 0.49727584536740965
1027 0.5041260463728324
1028 0.6054059385581149
1029 0.6055389856485873
1030 0.721999170726982
1031 0.7774134372964466
1032 0.7890177382352638
1033 0.8108260552806055
1034 0.8730569764927874
1035 0.8865357350026628
1036 0.8997257492620758
1037 0.9300026471716382
1038 0.9348124922962283
1039 0.9743600786177318
1040 1.0198534460592232
1041 1.022972760690794
1042 1.1536755720302059
1043 1.1925182681783926
1044 1.238785079587674
1045 1.34890376259266
1046 1.4589933977611638
1047 1.5351389214944309
1048 0.3866142928114702
1049 0.01684308440381873
1050 0.24968966362741973
1051 2.4493929838046054
1052 2.4054577529010235
1053 0.17933424447308574
1054 0.5348129606425194
1055 0.45612373567912223
1056 0.4659331256616169
1057 1.274527404568471
1058 2.110729610557712
1059 1.288040023129646
1060 0.6054000779491412
1061 1.6849507114468727
1062 0.6055409618460792
1063 2.224207032058489
1064 2.349030246159483
1065 0.37881418033614406
1066 3.7065945740489634
1067 0.8108290815294407
1068 2.2702453105969482
1069 2.9644849391140675
1070 2.4096745610254677
1071 1.177052502333658
1072 1.7736255542940076
1073 2.083878171610419
1074 1.2414694724842008
1075 2.142813052647764
1076 3.7030208991029623
1077 1.1536748688265783
1078 1.6759046586708273
1079 1.6078589238611303
1080 1.9391996908063214
1081 1.4868982306793084
1082 1.4589845653615359
1083 1.3788635041528705
1084 -0.04008378329318706
1085 -0.04009136846906817
1086 -0.04009136846906817
1087 0.01684308440381873
1088 0.13293565273341368
1089 0.14401130814986257
1090 0.17933424447308574
1091 0.37881418033614406
1092 0.39167733100175167
1093 0.45612373567912223
1094 0.4659331256616169
1095 0.49727584536740965
1096 0.5041260463728324
1097 0.6054000779491412
1098 0.6055409618460792
1099 0.721999170726982
1100 0.7774134372964466
1101 0.8108290815294407
1102 0.8730569764927874
1103 0.8865357350026628
1104 0.8997257492620758
1105 0.9300026471716382
1106 0.9348124922962283
1107 0.9743600786177318
1108 1.0198534460592232
1109 1.022972760690794
1110 1.1536748688265783
1111 1.1925182681783926
1112 1.238785079587674
1113 1.34890376259266
1114 1.3788635041528705
1115 28286.15720731504
evaluations raw_y
1 2061.236438073703
2 49.03312723931358
3 3150.464677323637
4 56.73058934076172
5 18115.721626774746
6 444042.2699992153
7 64.44896539824035
8 9649.711488221243
9 46765.95863783678
10 616.3550131797873
11 33.47899335220493
12 239.1934678728883
13 350.96162532241567
14 14.646471177002777
15 13793.97338568572
16 7644.279967501567
17 874.5059225138439
18 369.4682221385261
19 39.340498623587706
20 1062.1241796809184
21 75.92132965888901
22 29683.9838841792
23 96544.333019395
24 23800.06933466762
25 480634.93087085255
26 35.031989653749704
27 660.6126045629103
28 3434.9439072488844
29 12073.64114902366
30 2255.2957500000343
31 33.497633626884564
32 16.418112390337733
33 37.63332393944774
34 37.28380430492012
35 12.375492028758543
36 13355.923502053376
37 223.52369377057855
38 17.90008979744572
39 17.557263922796903
40 158.21989796191957
41 3234.4107988524365
42 18.933366356410406
43 19.264890146646582
44 10.672242206883357
45 10.715465467967846
46 79.18522385401194
47 14.938932155411491
48 14.646471177002777
49 14.341830707569754
50 401.5518196500887
51 16.55482820483185
52 16.793632514897688
53 10.18720422072773
54 448.28583761367463
55 401.7752357477161
56 14.905339050022144
57 14.91881556499644
58 18.513463887637897
59 18.547318547674102
60 12.065156228246604
61 12.189139413903458
62 1419.5195364521064
63 9594.959159851504
64 15.120192919174144
65 6.581662226504512
66 16.076087877784218
67 31.362143713743656
68 20.247756265550763
69 313.44483357283366
70 342.169700012431
71 13.067935918862684
72 6.581662226504512
73 10.18720422072773
74 10.715465467967846
75 12.189139413903458
76 12.375492028758543
77 13.067935918862684
78 14.341830707569754
79 14.91881556499644
80 14.938932155411491
81 15.120192919174144
82 16.076087877784218
83 16.418112390337733
84 16.793632514897688
85 17.557263922796903
86 18.547318547674102
87 19.264890146646582
88 20.247756265550763
89 31.362143713743656
90 33.497633626884564
91 37.28380430492012
92 79.18522385401194
93 158.21989796191957
94 223.52369377057855
95 342.169700012431
96 401.5518196500887
97 401.7752357477161
98 1419.5195364521064
99 3234.4107988524365
100 9594.959159851504
101 1.1812165110684631
102 3.5687208746247054
103 5.538727413730011
104 8.157273985910754
105 9.111788380241798
106 8.46843921629983
107 8.568321349837298
108 6.478293485738343
109 8.678188065120551
110 8.29923427636517
111 18.88183668446133
112 11.539907297393219
113 12.081817623149883
114 10.822777526844114
115 10.717286361336244
116 13.081791029862526
117 11.544604209606472
118 5.738557962583556
119 9.238179162327274
120 9.157378388617397
121 14.810717625688458
122 2.687484510126227
123 9.745082247812896
124 18.279243435064316
125 8.901041286663013
126 6.665303788529858
127 4.412849654560419
128 2.8064332154985214
129 10.698710143306265
130 10.739849492222165
131 15.292815980067816
132 15.725049283487401
133 19.84319265713533
134 19.639067196182207
135 8.899601271833033
136 5.8824800571324225
137 1.1812165110684631
138 1.202024471867923
139 1.202024471867923
140 2.687484510126227
141 2.8064332154985214
142 3.5687208746247054
143 4.412849654560419
144 5.538727413730011
145 5.738557962583556
146 5.8824800571324225
147 6.478293485738343
148 6.665303788529858
149 8.157273985910754
150 8.29923427636517
151 8.568321349837298
152 8.678188065120551
153 8.899601271833033
154 8.901041286663013
155 9.111788380241798
156 9.157378388617397
157 9.745082247812896
158 10.717286361336244
159 10.739849492222165
160 11.539907297393219
161 11.544604209606472
162 12.081817623149883
163 13.081791029862526
164 14.810717625688458
165 14.938932155411491
166 15.725049283487401
167 18.279243435064316
168 314.1201729317769
169 1.1881781532241877
170 2.606242373028867
171 4.737168007371818
172 2.758105098594802
173 1.4623109583137786
174 4.805576485292185
175 3.259233315219534
176 2.818927020096197
177 5.977472418814327
178 4.333802784775447
179 4.33385077012729
180 3.3799744857337854
181 5.014210659255638
182 5.0143610680112936
183 5.704816919298913
184 9.237620879562694
185 9.338806751228434
186 6.1703444183059
187 6.80352164456332
188 3.8177909936355947
189 7.6405499514162
190 6.952835566758972
191 9.980647681966389
192 5.502213640534793
193 10.78957251071073
194 10.789419006839818
195 7.847453366169332
196 7.8477109960192095
197 10.035286756811573
198 8.311979173533523
199 34.075620450514734
200 14.938740558389178
201 4.666514782756204
202 4.666728330671295
203 14.245594755849456
204 46.46351103343797
205 46.469711076312535
206 1.1881781532241877
207 1.4623109583137786
208 2.606242373028867
209 2.758105098594802
210 2.8064332154985214
211 2.818927020096197
212 3.259233315219534
213 3.3799744857337854
214 3.8177909936355947
215 4.33385077012729
216 4.666728330671295
217 4.805576485292185
218 5.0143610680112936
219 5.502213640534793
220 5.704816919298913
221 5.977472418814327
222 6.1703444183059
223 6.80352164456332
224 6.952835566758972
225 7.6405499514162
226 7.8477109960192095
227 8.311979173533523
228 8.678188065120551
229 8.899601271833033
230 9.980647681966389
231 10.035286756811573
232 10.789419006839818
233 14.245594755849456
234 14.938740558389178
235 0.5280318834146417
236 1.5499904284248045
237 1.13572519921073
238 2.8152868211078173
239 1.6248169026405002
240 3.2026624150438763
241 1.3325866432200957
242 2.8171634542210096
243 2.1663991266308202
244 4.800755154766847
245 3.0910960921007113
246 3.2379173627540117
247 3.2006886986668115
248 3.802508552021051
249 2.297826911905956
250 4.3958914658367565
251 3.3154970522944884
252 6.6634204730602855
253 5.283072814270295
254 3.2668568616684186
255 1.912638601617989
256 2.9184135150535275
257 2.9426362043912677
258 6.650948420902247
259 5.353204952409366
260 4.405754588324562
261 4.396780179720514
262 7.7519743909884795
263 8.572939891436103
264 6.364045266049377
265 5.6206325933384695
266 7.32297122500697
267 7.5851614532339005
268 12.627028277861534
269 12.201481499858735
270 0.5280318834146417
271 0.5280318834146417
272 1.13572519921073
273 1.3325866432200957
274 1.6248169026405002
275 1.912638601617989
276 2.1663991266308202
277 2.297826911905956
278 2.606242373028867
279 2.8064332154985214
280 2.9426362043912677
281 3.0910960921007113
282 3.2006886986668115
283 3.259233315219534
284 3.2668568616684186
285 3.3154970522944884
286 3.802508552021051
287 4.3958914658367565
288 4.396780179720514
289 5.283072814270295
290 5.353204952409366
291 5.502213640534793
292 5.6206325933384695
293 6.364045266049377
294 6.650948420902247
295 7.32297122500697
296 7.5851614532339005
297 7.7519743909884795
298 8.572939891436103
299 12.201481499858735
300 1.0122728506787968
301 0.5280318834146417
302 2.021246850043271
303 1.414721488730291
304 3.3030316471659145
305 2.464259664394941
306 1.3812075231769287
307 1.3468931582554382
308 2.5132945165444944
309 3.0443590999982693
310 2.64311991337947
311 1.364693169831269
312 1.3786149093220066
313 2.7216293422352904
314 2.0388161948575263
315 2.0162646482177733
316 3.2309312722422248
317 2.6849106373062632
318 2.38037765213336
319 4.214429294041442
320 3.210517259814291
321 6.167048344432186
322 4.58562269001079
323 4.6749629786113855
324 9.906635483170167
325 4.368452580789808
326 3.82338392772067
327 4.709093740560663
328 4.193897474040861
329 2.1818388820738455
330 3.445043496758795
331 3.478644188163999
332 7.244835754207232
333 8.091382699840727
334 2.050990181449652
335 0.5280318834146417
336 1.0122728506787968
337 1.13572519921073
338 1.3325866432200957
339 1.3468931582554382
340 1.3786149093220066
341 1.6248169026405002
342 1.912638601617989
343 2.0162646482177733
344 2.1818388820738455
345 2.297826911905956
346 2.38037765213336
347 2.606242373028867
348 2.64311991337947
349 2.6849106373062632
350 2.7216293422352904
351 3.210517259814291
352 3.2309312722422248
353 3.478644188163999
354 3.802508552021051
355 3.82338392772067
356 4.193897474040861
357 4.368452580789808
358 4.396780179720514
359 4.58562269001079
360 4.6749629786113855
361 4.709093740560663
362 5.502213640534793
363 7.244835754207232
364 3357.3877672540966
365 0.5280318834146417
366 0.5642295033042533
367 1.3134291062548569
368 1.5684231069765877
369 1.0723099818614075
370 1.1592089217615165
371 2.8076239748938225
372 1.7384029634935947
373 1.341396912832673
374 1.5950699732157603
375 1.590673139642706
376 1.3522771114623546
377 3.0938638721786584
378 3.972291491496697
379 2.6077966153145624
380 2.6517683117036794
381 1.380484280787113
382 1.3864610520384897
383 1.7217269232411931
384 1.862683481913797
385 1.3117526952423133
386 2.1392259187331666
387 3.4686620521389653
388 2.8535909089857117
389 4.119201519362084
390 2.9426984684993096
391 3.4515128334466465
392 2.69971328542628
393 5.704991625335998
394 2.0838227814461527
395 3.5599257020818538
396 4.291238297358915
397 4.230598108331737
398 6.332206303228359
399 5.690441409958438
400 147.00993836680036
401 144.6581141086933
402 0.5280318834146417
403 0.5642295033042533
404 1.13572519921073
405 1.1592089217615165
406 1.3117526952423133
407 1.3325866432200957
408 1.341396912832673
409 1.3522771114623546
410 1.3786149093220066
411 1.3864610520384897
412 1.590673139642706
413 1.6248169026405002
414 1.862683481913797
415 2.0838227814461527
416 2.1392259187331666
417 2.297826911905956
418 2.38037765213336
419 2.6517683117036794
420 2.69971328542628
421 2.8535909089857117
422 2.9426984684993096
423 3.2309312722422248
424 3.4515128334466465
425 3.5599257020818538
426 3.802508552021051
427 4.230598108331737
428 4.396780179720514
429 5.502213640534793
430 5.690441409958438
431 287602.6261484056
432 0.5280318834146417
433 0.5280283090720599
434 2.029609361802573
435 0.5641919456817452
436 0.9674265114348266
437 2.4579530234261013
438 0.9729143362692417
439 1.3795665969251958
440 1.7928493288082281
441 1.3413362914372602
442 1.767248779554313
443 1.1830610012191194
444 1.1811922083260376
445 1.6223637581397892
446 1.590669776798399
447 2.028012438835586
448 2.4004962405085584
449 0.6297585724622992
450 2.708471632645068
451 2.9955594192671535
452 1.8432761314882578
453 5.010680690770213
454 2.6517500637713742
455 3.412746745788742
456 1.5345413187396164
457 2.74771460090962
458 5.248838490406268
459 6.435420600284827
460 1.4515731438250796
461 4.278547486077377
462 2.8999266388798484
463 4.820871084960768
464 4.11904433913718
465 2.09028494051692
466 94.47237291128815
467 0.5280283090720599
468 0.5641919456817452
469 0.6297585724622992
470 0.9674265114348266
471 0.9729143362692417
472 1.1592089217615165
473 1.1811922083260376
474 1.1830610012191194
475 1.3325866432200957
476 1.3413362914372602
477 1.3522771114623546
478 1.4515731438250796
479 1.5345413187396164
480 1.590669776798399
481 1.6248169026405002
482 1.8432761314882578
483 1.862683481913797
484 2.09028494051692
485 2.1392259187331666
486 2.297826911905956
487 2.6517500637713742
488 2.69971328542628
489 2.74771460090962
490 2.8999266388798484
491 3.2309312722422248
492 3.4515128334466465
493 3.802508552021051
494 4.11904433913718
495 4.396780179720514
496 152.21672101396788
497 0.5280283090720599
498 1.259770711738823
499 1.979735398126965
500 3.139483747361845
501 0.9689815497364281
502 2.9493979664842795
503 1.5734735938991644
504 1.512807613878301
505 1.1869053227561925
506 1.3444930108863047
507 2.5186804549712383
508 1.325507434902403
509 0.9904051850612465
510 1.3879442854104296
511 1.6884343543228875
512 1.5072903671380216
513 2.1832473461483763
514 1.763057344905739
515 2.518863976911595
516 2.3869465736007203
517 1.8930672215153093
518 2.0732487939357425
519 1.9113204652093843
520 2.3015114117404227
521 6.696274284078079
522 2.57305388221841
523 3.15750881899669
524 2.806115105307369
525 2.8141186599899326
526 2.8598834457433404
527 3.747736262979475
528 3.739869127694567
529 6.569037694845258
530 4.39645570495149
531 33.10866002886705
532 0.5280283090720599
533 0.5641919456817452
534 0.6297585724622992
535 0.9689815497364281
536 0.9729143362692417
537 0.9904051850612465
538 1.1592089217615165
539 1.1830610012191194
540 1.1869053227561925
541 1.325507434902403
542 1.3522771114623546
543 1.4515731438250796
544 1.5072903671380216
545 1.590669776798399
546 1.6248169026405002
547 1.8432761314882578
548 1.862683481913797
549 1.8930672215153093
550 1.9113204652093843
551 2.0732487939357425
552 2.3015114117404227
553 2.57305388221841
554 2.69971328542628
555 2.8141186599899326
556 2.8598834457433404
557 2.8999266388798484
558 3.739869127694567
559 3.747736262979475
560 4.39645570495149
561 0.8410646225859656
562 0.5280283090720599
563 1.9963947045828927
564 1.4307478521486554
565 1.1645593397475795
566 0.9434516373333062
567 1.902803044972952
568 1.0531694992292688
569 0.8972694459480068
570 2.232800897437133
571 2.0503936918191523
572 1.8534420165603844
573 1.4301496168225274
574 1.7925650898517465
575 0.8468290694381042
576 1.0914232313633898
577 1.7523804042105864
578 1.9265113445583117
579 1.5296136422459738
580 0.6286098584283976
581 3.4084914726222295
582 1.7447976890435715
583 1.7969030686550902
584 1.3138827658138355
585 2.824126972401327
586 2.481350377839408
587 2.375256981974943
588 6.130638202629033
589 2.5496482205159428
590 4.506312723993652
591 5.420958249548384
592 2.086222662441867
593 6.282859957850263
594 3.9587078677470124
595 3.824415405812603
596 4.812770761490726
597 1.9276401467751725
598 0.5280283090720599
599 0.5641919456817452
600 0.6286098584283976
601 0.6297585724622992
602 0.8410646225859656
603 0.8468290694381042
604 0.8972694459480068
605 0.9434516373333062
606 0.9689815497364281
607 1.0531694992292688
608 1.0914232313633898
609 1.1830610012191194
610 1.1869053227561925
611 1.3138827658138355
612 1.325507434902403
613 1.3522771114623546
614 1.4515731438250796
615 1.5296136422459738
616 1.6248169026405002
617 1.7969030686550902
618 1.8930672215153093
619 2.086222662441867
620 2.3015114117404227
621 2.375256981974943
622 2.5496482205159428
623 2.8141186599899326
624 2.8598834457433404
625 3.747736262979475
626 3.9587078677470124
627 0.8901553651777665
628 0.5280283090720599
629 0.5317238382158765
630 2.1555947898944527
631 1.2603240173101602
632 0.6348371394775233
633 2.2187443312926587
634 1.0317171988746945
635 1.4844374243572618
636 0.8950068934093286
637 0.9640964644205592
638 1.7154684165412863
639 0.9711128181811364
640 1.8116462055851714
641 3.687734105169811
642 1.225234747829397
643 1.1663808043587205
644 2.1486210905014778
645 1.4899418327328098
646 1.3141503925501683
647 0.7708508639208881
648 3.19267521309101
649 2.950829046671976
650 1.451111482453742
651 1.7392455715904362
652 1.5326571761297407
653 1.2466756701356492
654 2.346423588678929
655 3.8040774969378375
656 1.4473562666610975
657 2.5020668919847906
658 2.168118740139609
659 2.1704141760109223
660 6.640615401417853
661 4.075066793100411
662 6.7093594897885325
663 2.85406351678735
664 2.825979244069879
665 3.2970385178447117
666 3.2980232984149382
667 0.9144855017417535
668 0.8818675559785476
669 0.5280283090720599
670 0.5317238382158765
671 0.6286098584283976
672 0.6348371394775233
673 0.7708508639208881
674 0.8410646225859656
675 0.8468290694381042
676 0.8818675559785476
677 0.8950068934093286
678 0.9434516373333062
679 0.9711128181811364
680 1.0531694992292688
681 1.0914232313633898
682 1.1663808043587205
683 1.1869053227561925
684 1.2466756701356492
685 1.3141503925501683
686 1.3522771114623546
687 1.4473562666610975
688 1.451111482453742
689 1.5326571761297407
690 1.7969030686550902
691 1.8930672215153093
692 2.1704141760109223
693 2.3015114117404227
694 2.5496482205159428
695 2.8141186599899326
696 2.825979244069879
697 2.85406351678735
698 0.7268897401166573
699 0.5280283090720599
700 0.5136338910495
701 0.47088586190264425
702 2.4201092279499035
703 1.1537315278044225
704 1.8059001856077743
705 1.591723846553288
706 1.873329642159516
707 0.8444457055188644
708 2.054943839773934
709 1.7718135856612363
710 1.139080439878351
711 1.4431668731799197
712 2.9665902735056346
713 1.808685531798921
714 1.2338462763980453
715 1.481768165642209
716 1.1579738974383338
717 2.585494811693681
718 2.9665886737866747
719 2.743506944317022
720 1.6547388410378787
721 1.4934589311794875
722 1.5129196596926775
723 2.5232278753566533
724 2.6450367680211784
725 2.27469084025548
726 1.8691601791394254
727 4.693344608568726
728 2.5104734389816232
729 2.470028709499001
730 3.9368134194377924
731 7.630506435254266
732 0.752735550381414
733 0.47088586190264425
734 0.5280283090720599
735 0.6286098584283976
736 0.6348371394775233
737 0.7268897401166573
738 0.7708508639208881
739 0.8410646225859656
740 0.8444457055188644
741 0.8818675559785476
742 0.8950068934093286
743 0.9434516373333062
744 0.9711128181811364
745 1.0531694992292688
746 1.0914232313633898
747 1.1579738974383338
748 1.1663808043587205
749 1.1869053227561925
750 1.3141503925501683
751 1.3522771114623546
752 1.4473562666610975
753 1.451111482453742
754 1.5129196596926775
755 1.7969030686550902
756 1.8691601791394254
757 1.8930672215153093
758 2.1704141760109223
759 2.470028709499001
760 2.5104734389816232
761 2.825979244069879
762 0.7044305642219121
763 0.47088586190264425
764 1.267250213202513
765 0.5335181189885198
766 2.3208558498442637
767 2.3574467235500736
768 0.6383414193767734
769 2.16333904826978
770 1.701865478828867
771 0.7701487256409665
772 0.8237947780738765
773 0.8181421027443568
774 1.341973636245273
775 2.247707907759975
776 1.3837617708936665
777 3.221281602657151
778 1.6612093430993748
779 1.2018628830143114
780 2.7850595061352688
781 1.7205004274259246
782 1.6644932613916972
783 1.1984086945175225
784 3.0822443883008916
785 2.551648264695558
786 1.3765089542381088
787 1.6107676191504077
788 1.4746632200427243
789 0.8284036059522717
790 1.83574452068315
791 1.880690106506584
792 1.2301948103738944
793 1.357292475538849
794 5.760833871272533
795 2.506295521227045
796 1.3591970931938904
797 1.877460705742463
798 0.47088586190264425
799 0.5335181189885198
800 0.6286098584283976
801 0.6383414193767734
802 0.7044305642219121
803 0.7268897401166573
804 0.7701487256409665
805 0.8181421027443568
806 0.8284036059522717
807 0.8444457055188644
808 0.8818675559785476
809 0.8950068934093286
810 0.9434516373333062
811 0.9711128181811364
812 1.0531694992292688
813 1.0914232313633898
814 1.1579738974383338
815 1.1663808043587205
816 1.1869053227561925
817 1.2301948103738944
818 1.3141503925501683
819 1.3522771114623546
820 1.357292475538849
821 1.3591970931938904
822 1.3765089542381088
823 1.451111482453742
824 1.4746632200427243
825 1.83574452068315
826 1.880690106506584
827 40.13829923525971
828 0.47088586190264425
829 0.7790247333949472
830 0.39038647925895076
831 2.0043766574664916
832 2.2902859554950448
833 1.5314742668695445
834 1.178422015212888
835 1.8790157104469225
836 1.4983036642571947
837 1.8896969883569499
838 0.9971680839934798
839 0.8223900159839538
840 1.3085206463809538
841 1.3918272745425317
842 1.3608284496364775
843 1.7574536784308146
844 1.6296994474859825
845 1.7617214977915459
846 1.1809755301755724
847 2.125313751421462
848 1.1798139508721297
849 1.972487200146111
850 1.174046890349417
851 1.2864953588946149
852 3.283898176052647
853 1.4092028197431983
854 1.1392323303269574
855 1.1516441801677664
856 2.90198550945776
857 3.076745160432287
858 1.5637156561055092
859 1.1258987167015202
860 3.0453843201401782
861 30.6064321216454
862 0.39038647925895076
863 0.47088586190264425
864 0.5335181189885198
865 0.6383414193767734
866 0.7044305642219121
867 0.7268897401166573
868 0.7701487256409665
869 0.8223900159839538
870 0.8284036059522717
871 0.8444457055188644
872 0.8950068934093286
873 0.9434516373333062
874 0.9711128181811364
875 1.0531694992292688
876 1.0914232313633898
877 1.1258987167015202
878 1.1392323303269574
879 1.1516441801677664
880 1.1663808043587205
881 1.174046890349417
882 1.1798139508721297
883 1.1809755301755724
884 1.2864953588946149
885 1.3765089542381088
886 1.4092028197431983
887 1.451111482453742
888 1.4746632200427243
889 1.4983036642571947
890 1.880690106506584
891 0.8739407180069488
892 0.39038647925895076
893 0.39081907743514455
894 2.883892231747944
895 2.848578998195983
896 0.5330177766183879
897 3.2942556154072364
898 0.6385620627317544
899 2.3160537730414004
900 0.7050500487603939
901 0.6936188663938634
902 1.802089915301723
903 1.3175981398178314
904 4.155455413917677
905 1.1991504841791465
906 2.1170159603953858
907 2.99675511558979
908 0.9432447150013745
909 1.7139632534294595
910 0.9712101555040625
911 3.6384924718997387
912 1.5610486146850153
913 0.6631832048179966
914 1.1891091142576355
915 0.8666224763620946
916 2.220372928837949
917 1.166823940720537
918 4.325466046573341
919 0.6893970813632225
920 1.0464983295341366
921 1.1442719048264114
922 1.3620779443080073
923 1.4438024178893905
924 1.687511097922709
925 2.351645236381697
926 2.3736120404916865
927 0.9819585488534356
928 2.0349506334433305
929 0.8743209191042696
930 0.39081907743514455
931 0.47088586190264425
932 0.5330177766183879
933 0.6385620627317544
934 0.6631832048179966
935 0.6893970813632225
936 0.6936188663938634
937 0.7050500487603939
938 0.7701487256409665
939 0.8223900159839538
940 0.8284036059522717
941 0.8444457055188644
942 0.8666224763620946
943 0.8743209191042696
944 0.8950068934093286
945 0.9432447150013745
946 0.9712101555040625
947 0.9819585488534356
948 1.0464983295341366
949 1.0531694992292688
950 1.0914232313633898
951 1.1392323303269574
952 1.1442719048264114
953 1.166823940720537
954 1.174046890349417
955 1.3620779443080073
956 1.4092028197431983
957 1.451111482453742
958 1.4746632200427243
959 0.8750504369038079
960 0.38186708369488626
961 1.0454867330694517
962 0.4135390730822378
963 0.8891056537611255
964 2.2027333730271375
965 0.6502673825922066
966 2.0732898403782274
967 0.8080841599008461
968 0.7763426580734343
969 1.1139293307349245
970 1.3708067773467265
971 0.5461530074985246
972 0.7844552483034744
973 0.7997235039871761
974 1.9311997716293479
975 2.200872222573034
976 1.0613813720531382
977 0.37826421773522395
978 3.097987897960352
979 2.3577916929499634
980 0.989941768774428
981 3.547450615442816
982 0.8302969955972159
983 2.668111647725092
984 1.1134375741516174
985 2.6313806331558527
986 3.4403381652390994
987 2.8112265623956514
988 1.6152278011128343
989 1.051947505227566
990 0.8482719423366187
991 1.077690841695773
992 1.1148089972763127
993 1.411718447674493
994 1.4074803153765834
995 1.0840167951532151
996 1.264958815858392
997 1.0381338146385908
998 2.6064046300769776
999 0.37826421773522395
1000 0.38186708369488626
1001 0.4135390730822378
1002 0.5330177766183879
1003 0.5461530074985246
1004 0.6385620627317544
1005 0.6502673825922066
1006 0.7701487256409665
1007 0.7997235039871761
1008 0.8080841599008461
1009 0.8284036059522717
1010 0.8302969955972159
1011 0.8444457055188644
1012 0.8482719423366187
1013 0.8666224763620946
1014 0.8750504369038079
1015 0.8950068934093286
1016 0.9432447150013745
1017 0.9712101555040625
1018 1.0381338146385908
1019 1.051947505227566
1020 1.0531694992292688
1021 1.0914232313633898
1022 1.1134375741516174
1023 1.1139293307349245
1024 1.1148089972763127
1025 1.1392323303269574
1026 1.264958815858392
1027 1.3620779443080073
1028 92.63653692193992
1029 0.37826421773522395
1030 1.5195643510009473
1031 1.9704524268306964
1032 0.42698443058368785
1033 0.3022272021713275
1034 1.037241502705242
1035 1.680602374798636
1036 2.4496163861736666
1037 0.5704498403084184
1038 3.7556584636909003
1039 2.255891400284314
1040 0.9004169424798465
1041 2.2893144244614714
1042 0.9272445566196201
1043 2.078651830361468
1044 0.714769277069125
1045 1.0613875796301702
1046 2.2166371203695485
1047 1.3619015481840169
1048 2.363278024158465
1049 0.8316675629383741
1050 1.577855115092451
1051 1.8980248941114282
1052 1.0414684653799688
1053 2.4895038978560176
1054 1.2136668703993925
1055 1.9161874170476525
1056 2.2959565516416953
1057 2.2589141084656976
1058 0.9592204822924087
1059 1.2412079809221996
1060 1.0763560522833076
1061 2.110898646685791
1062 2.9419710399830343
1063 2.3118052225617385
1064 1.0693184707115164
1065 1.9601777875095114
1066 1.515519123293342
1067 1.0674209951300253
1068 712.835492420223
1069 116.57188584830766
1070 0.3022272021713275
1071 0.37826421773522395
1072 0.38186708369488626
1073 0.4135390730822378
1074 0.5461530074985246
1075 0.5704498403084184
1076 0.6385620627317544
1077 0.7701487256409665
1078 0.7997235039871761
1079 0.8080841599008461
1080 0.8302969955972159
1081 0.8316675629383741
1082 0.8482719423366187
1083 0.8666224763620946
1084 0.8950068934093286
1085 0.9272445566196201
1086 0.9592204822924087
1087 0.9712101555040625
1088 1.0381338146385908
1089 1.0414684653799688
1090 1.051947505227566
1091 1.0531694992292688
1092 1.0613875796301702
1093 1.0674209951300253
1094 1.0693184707115164
1095 1.0763560522833076
1096 1.1139293307349245
1097 1.1148089972763127
1098 1.515519123293342
1099 54747.79741482691
evaluations raw_y
1 14.59481063352284
2 404.8451494969801
3 15.134592872543434
4 62.07802792824086
5 28.715869844896044
6 978.4800953327605
7 8.050621469636669
8 179.20910725738324
9 20.403932791542992
10 18.696417419043595
11 50.93730197702624
12 722981.6927511806
13 1556.6669673583742
14 33.114823052166834
15 14.346996069912905
16 4585.696828051337
17 16.20265706331513
18 92.1432369927648
19 4226.4131296399055
20 313.81464043859194
21 38911.95912867443
22 43.51899318518299
23 21.179605429834904
24 15.943295543239525
25 460.72152533876806
26 4227.960240907403
27 135.82724898989372
28 5117.244936575133
29 7549.722028121791
30 7062.481575972689
31 10.947736030344092
32 367.1757535687686
33 9.47942600739445
34 711.1371771114459
35 64.98700384825415
36 65.29891532492337
37 14.611386508833194
38 8.050621469636669
39 147.47972302153923
40 15.322232789484776
41 61.93934041835249
42 18.617491856336077
43 14.817465005591902
44 2941.7631370161407
45 6.442004254137756
46 26.51486321183666
47 26.65839737659052
48 18.089815485145966
49 12.171352521245014
50 11.390158031472435
51 58.03710996329068
52 48.82321783766877
53 7.978894549735674
54 9.115158110521671
55 9.116008006613102
56 16.863814829845936
57 16.80384449592943
58 9.900637959510664
59 9.80353926950803
60 11.155892504819924
61 5.918645851558958
62 1655.2446685196412
63 121.77722387448556
64 124.0169206394121
65 19.32065232884876
66 559.5894458928087
67 5.521932302321666
68 5.521932302321666
69 5.918645851558958
70 6.442004254137756
71 7.978894549735674
72 8.050621469636669
73 9.116008006613102
74 9.47942600739445
75 9.80353926950803
76 10.947736030344092
77 11.155892504819924
78 11.390158031472435
79 12.171352521245014
80 14.346996069912905
81 14.611386508833194
82 14.817465005591902
83 15.322232789484776
84 16.80384449592943
85 18.617491856336077
86 19.32065232884876
87 26.65839737659052
88 28.715869844896044
89 48.82321783766877
90 58.03710996329068
91 64.98700384825415
92 124.0169206394121
93 147.47972302153923
94 367.1757535687686
95 559.5894458928087
96 1655.2446685196412
97 22.86658343997034
98 5.521932302321666
99 5.2893850219090925
100 2.9179670974244667
101 6.907585364737442
102 7.195786796779559
103 3.4580694378765693
104 3.5636313036081093
105 7.247688171645498
106 7.424887633432595
107 7.645753608005393
108 15.048276825613128
109 10.922680330094218
110 6.002226944435131
111 63.68440123365816
112 11.314296288627405
113 9.717898813368054
114 7.425431808473042
115 31.416746451900735
116 9.015939659272124
117 8.99970946013947
118 15.32741272587418
119 25.443398930138002
120 34.42270449821475
121 8.62220022017911
122 8.532124844348202
123 23.97869127051284
124 26.307730155683142
125 12.282425093333895
126 16.79258642667072
127 407.0603268399498
128 7.273132349300545
129 10.225694239856125
130 5.772677918664678
131 10.689595779025552
132 103.64183658720597
133 121.47698814940226
134 2.9179670974244667
135 3.5636313036081093
136 5.2893850219090925
137 5.521932302321666
138 5.772677918664678
139 6.002226944435131
140 6.907585364737442
141 7.195786796779559
142 7.247688171645498
143 7.273132349300545
144 7.425431808473042
145 7.645753608005393
146 8.532124844348202
147 8.99970946013947
148 9.717898813368054
149 10.225694239856125
150 10.689595779025552
151 10.922680330094218
152 11.314296288627405
153 12.282425093333895
154 14.611386508833194
155 15.322232789484776
156 16.79258642667072
157 16.80384449592943
158 18.617491856336077
159 22.86658343997034
160 23.97869127051284
161 26.307730155683142
162 64.98700384825415
163 12.98438848919147
164 2.9179670974244667
165 2.9673539144844283
166 2.9791488259466954
167 2.678523083033712
168 6.109296487208311
169 2.961967046088492
170 6.543070699276746
171 2.1128176059174484
172 6.604053691064921
173 6.634224363371822
174 5.8940374098079635
175 5.90137434853699
176 6.177502842860461
177 4.4938078140352555
178 5.791970694149239
179 5.242090687137258
180 4.815331532312256
181 9.266098940177674
182 9.195358257942594
183 6.883554391747211
184 7.572271453059283
185 14.310064369535501
186 10.928073446158583
187 8.964330056493143
188 4.983512509756419
189 11.88496708701921
190 25.495879726778803
191 7.05398873114358
192 13.007331202458257
193 16.187454025436622
194 11.583014422498247
195 8.360494474469299
196 224.52202410223416
197 11.723340097864124
198 8.387058730334507
199 8.34921253531462
200 2.1128176059174484
201 2.678523083033712
202 2.961967046088492
203 2.9673539144844283
204 2.9791488259466954
205 4.4938078140352555
206 4.815331532312256
207 4.983512509756419
208 5.242090687137258
209 5.521932302321666
210 5.791970694149239
211 5.90137434853699
212 6.002226944435131
213 6.177502842860461
214 6.634224363371822
215 6.883554391747211
216 7.05398873114358
217 7.572271453059283
218 8.34921253531462
219 8.360494474469299
220 8.964330056493143
221 9.195358257942594
222 10.928073446158583
223 11.583014422498247
224 11.723340097864124
225 11.88496708701921
226 13.007331202458257
227 15.322232789484776
228 16.187454025436622
229 1.1346898339556797
230 1.3390225216456308
231 2.9557762167505253
232 1.2787516571229447
233 2.835189268703043
234 2.587457764523693
235 2.4752515573112603
236 6.2956338465488395
237 3.4790800206730714
238 6.358422294233635
239 5.978411532949541
240 5.146879998586109
241 4.015798929002464
242 4.040469056916069
243 4.5383826914022345
244 1.2283200359649311
245 4.091210108971881
246 4.436886186196756
247 5.644087538375293
248 5.96631054668895
249 5.783882404964023
250 6.351943175609627
251 3.511256549657671
252 6.470640485667296
253 4.220630635822144
254 4.192626538199451
255 7.092617264227635
256 4.336777262137618
257 12.894946839990956
258 4.605093808705806
259 8.664926871034897
260 5.580371020432724
261 6.548304945318105
262 8.758011742793782
263 14.325494575082063
264 14.497697111856404
265 1.1346898339556797
266 1.1346898339556797
267 1.2283200359649311
268 1.2787516571229447
269 1.3390225216456308
270 2.4752515573112603
271 2.678523083033712
272 2.835189268703043
273 3.4790800206730714
274 3.511256549657671
275 4.040469056916069
276 4.091210108971881
277 4.192626538199451
278 4.336777262137618
279 4.436886186196756
280 4.4938078140352555
281 4.5383826914022345
282 4.605093808705806
283 4.983512509756419
284 5.146879998586109
285 5.580371020432724
286 5.644087538375293
287 5.783882404964023
288 6.351943175609627
289 6.470640485667296
290 6.548304945318105
291 7.092617264227635
292 8.664926871034897
293 8.758011742793782
294 10.928073446158583
295 0.7761300394232358
296 1.103009509221203
297 2.2645452534904256
298 1.2606164602864118
299 2.1367403257445625
300 0.6738371709172049
301 1.4329731954813814
302 2.6077271469103787
303 2.157439222175083
304 2.188955760855441
305 3.3614077934287687
306 3.2892217763686307
307 2.573969978243884
308 2.0755472814799854
309 3.6936380863909264
310 2.717675866494452
311 2.7190854203186197
312 4.27388272653017
313 3.8475603917518844
314 6.072242817907078
315 4.525908708234
316 4.067834680480782
317 4.042527680220375
318 2.534226246955079
319 3.439929080100982
320 4.401357055956524
321 1.265901684702808
322 5.158647235309317
323 5.125532836136179
324 1.526451455276709
325 5.863065280752737
326 5.792827671146805
327 3.8410310154215006
328 3.9335102362536993
329 5.867288767437407
330 7.447281276877046
331 7.516272296555099
332 7.6906787253983095
333 0.7761300394232358
334 0.6738371709172049
335 0.7761300394232358
336 1.103009509221203
337 1.2606164602864118
338 1.265901684702808
339 1.2787516571229447
340 1.4329731954813814
341 1.526451455276709
342 2.0755472814799854
343 2.188955760855441
344 2.534226246955079
345 2.573969978243884
346 2.6077271469103787
347 2.7190854203186197
348 3.2892217763686307
349 3.439929080100982
350 3.6936380863909264
351 3.8410310154215006
352 3.8475603917518844
353 3.9335102362536993
354 4.042527680220375
355 4.27388272653017
356 4.401357055956524
357 4.525908708234
358 5.125532836136179
359 5.792827671146805
360 5.863065280752737
361 5.867288767437407
362 7.516272296555099
363 44.07290188506559
364 0.6738371709172049
365 1.7014706582053623
366 2.0823529487730896
367 2.1913561490302937
368 2.098287510795761
369 2.7262284721051255
370 2.7008266504567633
371 0.5124412782880482
372 1.3029980539477473
373 1.312358406322856
374 3.112827323010363
375 1.4012371229359153
376 3.896866444556493
377 1.4812539039954777
378 2.2767838436575287
379 3.2803915239466073
380 3.5946192141280457
381 3.489726274809003
382 1.3289205731657268
383 2.330512330279552
384 0.8016909603829881
385 1.0181696317288034
386 2.5528643638912984
387 3.7607099510045336
388 4.146332860171559
389 1.808857000612004
390 5.261244623284103
391 4.28513476906853
392 3.093063864063815
393 3.578708898240641
394 3.9398058861628336
395 3.828494169019301
396 2.801675054287969
397 3.7555784640375083
398 3.5874313213099738
399 12.280276577856343
400 12.418985737716268
401 0.5124412782880482
402 0.6738371709172049
403 0.7761300394232358
404 1.0181696317288034
405 1.103009509221203
406 1.2606164602864118
407 1.265901684702808
408 1.2787516571229447
409 1.312358406322856
410 1.3289205731657268
411 1.4012371229359153
412 1.4329731954813814
413 1.4812539039954777
414 1.808857000612004
415 2.188955760855441
416 2.2767838436575287
417 2.330512330279552
418 2.5528643638912984
419 2.573969978243884
420 2.801675054287969
421 3.439929080100982
422 3.578708898240641
423 3.5874313213099738
424 3.5946192141280457
425 3.7607099510045336
426 3.828494169019301
427 4.146332860171559
428 4.28513476906853
429 4.525908708234
430 0.7953827597799663
431 0.5124412782880482
432 0.5628992130803516
433 3.176428209443107
434 2.5172727701341406
435 0.8201295707137926
436 4.399766715555002
437 1.760474166847593
438 1.1856631489711928
439 1.7965914797788956
440 3.786379518229978
441 5.247385721263391
442 1.7569484009024299
443 3.3165002680157016
444 1.2788896719465868
445 3.3797942616402263
446 1.423448896660525
447 1.2656585174133734
448 1.3529977214070423
449 2.6891554567713207
450 2.91136076082475
451 1.4156644799331461
452 0.4975150448601862
453 2.7778074190118356
454 1.9069112165336173
455 4.658296812965293
456 2.3055774408057723
457 2.205128218976154
458 2.8429599781967854
459 2.1654177624543207
460 1.9382665975598408
461 1.9845461630233636
462 3.728388627524925
463 3.5426784183088262
464 2.9075659597776964
465 2.8842405381870324
466 2.3919464045156364
467 3.7914470170793386
468 2.2043534538171965
469 0.4975150448601862
470 0.5628992130803516
471 0.6738371709172049
472 0.7953827597799663
473 0.8201295707137926
474 1.0181696317288034
475 1.1856631489711928
476 1.2606164602864118
477 1.2656585174133734
478 1.265901684702808
479 1.2787516571229447
480 1.2788896719465868
481 1.312358406322856
482 1.3529977214070423
483 1.4156644799331461
484 1.423448896660525
485 1.808857000612004
486 1.9069112165336173
487 1.9845461630233636
488 2.1654177624543207
489 2.188955760855441
490 2.205128218976154
491 2.3919464045156364
492 2.5528643638912984
493 2.801675054287969
494 2.8429599781967854
495 2.8842405381870324
496 3.5426784183088262
497 3.728388627524925
498 0.7992972178129414
499 0.4975150448601862
500 1.7399097185704495
501 1.9096948253608932
502 1.3408146012690079
503 2.085941858757921
504 0.8049322267054947
505 0.9353084836344587
506 2.2651267933410697
507 1.658738918683611
508 1.1892804600396811
509 1.1904438291352781
510 1.7826320677629968
511 2.4512206343889553
512 1.5135978482578902
513 2.2249151514525005
514 1.786547086992372
515 4.077150603626373
516 0.9587480843347722
517 1.7959687330665197
518 1.0609155920686177
519 2.853798473406669
520 1.4124578016533456
521 1.8425940999180868
522 3.5044538274081094
523 1.856640565882108
524 1.868230632306692
525 2.588585955597189
526 2.5634214448299337
527 3.4843402084146895
528 3.7109193209615468
529 2.8379337442892663
530 3.5090728540835556
531 1.7738577409162117
532 1.7636751082568853
533 2.7574554583866058
534 0.6708240041962218
535 0.6607466343796703
536 0.4975150448601862
537 0.5628992130803516
538 0.6607466343796703
539 0.6738371709172049
540 0.7953827597799663
541 0.8049322267054947
542 0.9353084836344587
543 0.9587480843347722
544 1.0609155920686177
545 1.1856631489711928
546 1.1904438291352781
547 1.2606164602864118
548 1.265901684702808
549 1.2787516571229447
550 1.2788896719465868
551 1.312358406322856
552 1.3529977214070423
553 1.4124578016533456
554 1.4156644799331461
555 1.7636751082568853
556 1.7959687330665197
557 1.8425940999180868
558 1.868230632306692
559 1.9845461630233636
560 2.205128218976154
561 2.5634214448299337
562 2.7574554583866058
563 2.801675054287969
564 2.8379337442892663
565 13.21618002499924
566 0.4975150448601862
567 0.5465417167245569
568 0.6120538832270108
569 2.0245890593881617
570 0.7137433309419661
571 0.5390572914831765
572 1.0218389703242852
573 1.24997243484215
574 2.3725562811359473
575 1.0553991927164939
576 1.7765161135040248
577 1.0592421486904275
578 0.8125110520151668
579 0.4382751569023385
580 1.2322685077513704
581 2.0719461578871283
582 1.4436897117519576
583 2.9471573796148878
584 1.490284595267984
585 2.753042995078888
586 1.359813312249594
587 3.2486299284110065
588 1.6377816410313573
589 1.5104649834684365
590 2.3461205504381013
591 1.3970206943678654
592 2.4493645303093365
593 1.569342239934322
594 1.73291513406851
595 1.7356177965236403
596 2.066107371898949
597 3.2944715718029958
598 2.510929769093497
599 2.1317835864368377
600 3.61466866357357
601 4.802453153555538
602 3.2414433893173635
603 15.20846602948863
604 0.4382751569023385
605 0.4975150448601862
606 0.5390572914831765
607 0.6120538832270108
608 0.7137433309419661
609 0.7953827597799663
610 0.8049322267054947
611 0.8125110520151668
612 1.0553991927164939
613 1.0592421486904275
614 1.1904438291352781
615 1.2606164602864118
616 1.265901684702808
617 1.312358406322856
618 1.3529977214070423
619 1.359813312249594
620 1.3970206943678654
621 1.4124578016533456
622 1.490284595267984
623 1.569342239934322
624 1.73291513406851
625 1.7356177965236403
626 1.7636751082568853
627 1.9845461630233636
628 2.1317835864368377
629 2.205128218976154
630 2.7574554583866058
631 2.801675054287969
632 2.8379337442892663
633 0.8125422147219182
634 0.4382751569023385
635 2.093108587244239
636 0.726120533407685
637 1.8269430409957965
638 0.7339830682242191
639 0.6381055452227461
640 1.2255486133355111
641 0.8170254104062178
642 1.434530285242842
643 0.14432918224856742
644 0.2064724795823385
645 1.059027457812139
646 1.0069514143469798
647 0.8762333431197913
648 0.8663392422700206
649 1.0473282632756862
650 0.8504130874148137
651 1.4929331741726528
652 1.3239045821854305
653 1.2777712519608784
654 1.6717977308714884
655 3.7420104175052677
656 0.9837629899239124
657 1.3446270447627386
658 1.8671062743548006
659 1.6008462740602731
660 1.479673762703582
661 1.31314392184649
662 0.3103729166622263
663 1.3212835602231787
664 2.467006004415649
665 2.709536413116685
666 1.8541298594632591
667 5.0538315971181635
668 3.088929649551809
669 1.9623227124373437
670 1.968096369485994
671 1.787544828343421
672 2.560976277731552
673 2.6219548247631543
674 4.282561181327586
675 1.5138796701032895
676 1.654167299383143
677 0.2064724795823385
678 0.3103729166622263
679 0.4382751569023385
680 0.4975150448601862
681 0.5390572914831765
682 0.6381055452227461
683 0.7339830682242191
684 0.8049322267054947
685 0.8125422147219182
686 0.8170254104062178
687 0.8504130874148137
688 0.8663392422700206
689 0.9837629899239124
690 1.0069514143469798
691 1.265901684702808
692 1.312358406322856
693 1.31314392184649
694 1.3212835602231787
695 1.3239045821854305
696 1.3446270447627386
697 1.5138796701032895
698 1.6008462740602731
699 1.73291513406851
700 1.7636751082568853
701 1.787544828343421
702 1.8541298594632591
703 1.9623227124373437
704 2.205128218976154
705 2.6219548247631543
706 0.8268531237325927
707 0.2064724795823385
708 1.5520603081963198
709 1.9131928943432082
710 2.290850063378352
711 0.9905430420946095
712 0.6042330503146834
713 0.3748006699975128
714 1.7874027506356855
715 1.5392024376020679
716 0.28402673511483334
717 1.3965693329420503
718 1.1676658508970028
719 0.6484172736033248
720 0.4552852260656719
721 0.6265728360594719
722 1.4222827162347336
723 1.983691895549053
724 3.200303117119394
725 1.1656421731356719
726 1.0056177881196877
727 0.9537768929644986
728 2.0008951137484914
729 1.0143782909298533
730 1.1340543244762822
731 3.300508546545775
732 1.2622626937660386
733 2.965112555171746
734 3.3471919551827236
735 1.731588166997835
736 2.531437865218963
737 2.6407518116460706
738 3.064898035253435
739 2.821658459575608
740 1.9066451081792324
741 2.341545316237346
742 2.295791447893983
743 2.1586926952294694
744 4.370379819528991
745 2.8434117386262305
746 0.2064724795823385
747 0.28402673511483334
748 0.3103729166622263
749 0.3748006699975128
750 0.4382751569023385
751 0.4975150448601862
752 0.5390572914831765
753 0.6042330503146834
754 0.6265728360594719
755 0.6484172736033248
756 0.8268531237325927
757 0.9537768929644986
758 0.9837629899239124
759 1.0069514143469798
760 1.1340543244762822
761 1.1656421731356719
762 1.1676658508970028
763 1.2622626937660386
764 1.265901684702808
765 1.3212835602231787
766 1.5138796701032895
767 1.5392024376020679
768 1.731588166997835
769 1.73291513406851
770 1.7636751082568853
771 1.787544828343421
772 1.9066451081792324
773 1.9623227124373437
774 2.1586926952294694
775 0.08873166726091923
776 1.030775196668467
777 1.7032265791667645
778 0.2976905390811463
779 0.780868414309305
780 1.5809732416974394
781 1.9067247290334985
782 0.457908255004617
783 0.5944920647794592
784 1.61289236134023
785 1.6339685412477525
786 1.680216080373948
787 1.9967929980451187
788 0.3703718595761847
789 -0.1015022256548923
790 1.4700990956397286
791 0.796079869886216
792 0.5377662342805976
793 0.748965933336426
794 2.027821246498479
795 1.615911927529542
796 2.5503979543162933
797 1.8828629840773912
798 1.2906596923217217
799 3.2817504213777964
800 1.39015105473394
801 1.1671404702643011
802 0.9827004697470954
803 1.1616041821600895
804 0.830414374786663
805 2.163378216605707
806 1.7998619228781636
807 2.4597224706856755
808 2.7937902340160914
809 1.465037042571553
810 1.7224768769863723
811 2.2494788415608946
812 3.4761154760201247
813 0.08873166726091923
814 0.12383927845671569
815 -0.1015022256548923
816 0.12383927845671569
817 0.2064724795823385
818 0.2976905390811463
819 0.3103729166622263
820 0.3703718595761847
821 0.3748006699975128
822 0.4382751569023385
823 0.5377662342805976
824 0.5390572914831765
825 0.5944920647794592
826 0.6042330503146834
827 0.6265728360594719
828 0.748965933336426
829 0.796079869886216
830 0.830414374786663
831 0.9827004697470954
832 1.1340543244762822
833 1.1616041821600895
834 1.1656421731356719
835 1.1676658508970028
836 1.2906596923217217
837 1.39015105473394
838 1.465037042571553
839 1.7224768769863723
840 1.73291513406851
841 1.7636751082568853
842 1.7998619228781636
843 1.9623227124373437
844 0.7889487703625803
845 -0.1015022256548923
846 2.355634403841853
847 -0.07333104144209954
848 1.2893977387663087
849 1.281265707769776
850 1.850432442272749
851 1.970959070215731
852 0.29080117135021427
853 0.21261890252649226
854 1.2549034016905352
855 0.7065258685387386
856 2.1046975723117365
857 0.6118156236677752
858 0.5101980200951011
859 1.6331288607840189
860 2.235349902350595
861 0.4233601474919667
862 0.35501130282474785
863 1.0897372560525767
864 1.3640819029811544
865 1.1244230983994692
866 0.9173546863475214
867 0.8600321190605689
868 1.1284729605334727
869 1.0807401235039331
870 1.0443584436593378
871 1.044960234813824
872 3.4001607542144656
873 1.4409387836809675
874 1.000005560136183
875 1.5254407587473633
876 2.163932243244575
877 1.8447308835964653
878 3.705033329029212
879 2.806830788681861
880 0.18318029404301708
881 0.30071470779933707
882 -0.1015022256548923
883 -0.07333104144209954
884 0.12383927845671569
885 0.21261890252649226
886 0.2976905390811463
887 0.30071470779933707
888 0.3103729166622263
889 0.35501130282474785
890 0.3703718595761847
891 0.3748006699975128
892 0.4233601474919667
893 0.5101980200951011
894 0.5377662342805976
895 0.5390572914831765
896 0.6118156236677752
897 0.6265728360594719
898 0.748965933336426
899 0.8600321190605689
900 0.9173546863475214
901 0.9827004697470954
902 1.000005560136183
903 1.044960234813824
904 1.0807401235039331
905 1.1244230983994692
906 1.4409387836809675
907 1.5254407587473633
908 1.73291513406851
909 1.7636751082568853
910 1.7998619228781636
911 0.46993784330042887
912 -0.1015022256548923
913 0.18120697587061174
914 -0.08547877748768473
915 1.8384630738024068
916 0.7145511136544946
917 0.6691691418996737
918 1.651442597492192
919 0.6200767504921904
920 0.23865620156138329
921 0.0973882845354454
922 1.7886219128458363
923 1.911667492060225
924 0.8790029559759049
925 1.7564416185209304
926 0.5583383868508155
927 0.41194954419515317
928 0.4134595930426057
929 0.49900079777574574
930 0.07472514811472239
931 0.09689510813252222
932 2.027457608019762
933 2.1175410147899734
934 2.2046114305263056
935 2.403122989334439
936 1.6251927358499247
937 1.429053217948292
938 1.009314084614917
939 0.9686193063120515
940 0.9289495337565574
941 0.9433477847019386
942 1.921885598289839
943 1.4266341951676071
944 1.027849206281396
945 2.4465724940758036
946 1.7613692461688943
947 3.724608791404992
948 1.8520406333894153
949 -0.1015022256548923
950 -0.08547877748768473
951 0.09689510813252222
952 0.0973882845354454
953 0.12383927845671569
954 0.21261890252649226
955 0.23865620156138329
956 0.2976905390811463
957 0.30071470779933707
958 0.3103729166622263
959 0.3748006699975128
960 0.4134595930426057
961 0.4233601474919667
962 0.46993784330042887
963 0.49900079777574574
964 0.5101980200951011
965 0.5583383868508155
966 0.748965933336426
967 0.8600321190605689
968 0.9173546863475214
969 0.9433477847019386
970 0.9686193063120515
971 0.9827004697470954
972 1.000005560136183
973 1.027849206281396
974 1.044960234813824
975 1.4266341951676071
976 1.4409387836809675
977 1.7613692461688943
978 673.3671637747897
979 -0.1015022256548923
980 -0.036192052091174945
981 2.41169000576015
982 -0.15868987526630915
983 -0.16490099665484226
984 2.415207423876619
985 0.14606752412357082
986 1.1247184880635652
987 1.5122757101746533
988 1.2716548867417798
989 2.0247414049111057
990 1.5996561832316119
991 1.8004457433350698
992 0.2864394218272507
993 3.8843767993886607
994 0.5993580631819032
995 1.1496874889319684
996 2.133447275309714
997 1.2548228150562575
998 1.5083827011451616
999 0.27683631456908986
1000 0.33803783449918157
1001 0.6928948700612862
1002 2.28484637688794
1003 0.8868117045173849
1004 2.4408488860599453
1005 -0.07779535973470511
1006 3.461146552454987
1007 2.2109559583691905
1008 2.581645983565752
1009 1.293271667927799
1010 0.9342020793441026
1011 0.27204894819771736
1012 0.2662507243724742
1013 1.5039267666902332
1014 1.4626228862609976
1015 2.0256245687481425
1016 1.798838026736782
1017 17.94889171674467
1018 -0.16490099665484226
1019 -0.1015022256548923
1020 -0.08547877748768473
1021 -0.07779535973470511
1022 0.09689510813252222
1023 0.12383927845671569
1024 0.14606752412357082
1025 0.23865620156138329
1026 0.2662507243724742
1027 0.2864394218272507
1028 0.2976905390811463
1029 0.30071470779933707
1030 0.3103729166622263
1031 0.33803783449918157
1032 0.3748006699975128
1033 0.46993784330042887
1034 0.49900079777574574
1035 0.5101980200951011
1036 0.5583383868508155
1037 0.5993580631819032
1038 0.6928948700612862
1039 0.8868117045173849
1040 0.9342020793441026
1041 0.9433477847019386
1042 0.9827004697470954
1043 1.000005560136183
1044 1.293271667927799
1045 1.4626228862609976
1046 1.798838026736782
1047 10.98124488035981
1048 -0.16490099665484226
1049 1.7995302185326187
1050 0.014407299679811456
1051 2.7367125471238465
1052 2.61578592757872
1053 0.4614350837422975
1054 2.410808656677523
1055 0.04673210492320637
1056 2.744126044610237
1057 0.21193864892466244
1058 2.5020884679095046
1059 1.9799051096690095
1060 2.6569567839444868
1061 0.3865420365727209
1062 0.2570471989004875
1063 1.7650909251469378
1064 2.086305719528605
1065 1.5533901534531311
1066 1.6371238487684863
1067 0.2254196087604703
1068 1.575425996963121
1069 1.6799473259242257
1070 0.43832402412751126
1071 1.9654189879264337
1072 2.0989163204640704
1073 0.7613073869878811
1074 1.7097200283992664
1075 0.5667222834795512
1076 1.9714415409746338
1077 3.4538979831422094
1078 0.9112455775253407
1079 1.236033408228348
1080 2.9275615379329114
1081 1.769715292093979
1082 2.118361163012652
1083 3.467290162966535
1084 1.6025883378654089
1085 7.499388740451829
1086 7.718818779519883
1087 -0.16490099665484226
1088 -0.1015022256548923
1089 -0.08547877748768473
1090 -0.07779535973470511
1091 0.04673210492320637
1092 0.14606752412357082
1093 0.21193864892466244
1094 0.2254196087604703
1095 0.2570471989004875
1096 0.2662507243724742
1097 0.2864394218272507
1098 0.3103729166622263
1099 0.33803783449918157
1100 0.3748006699975128
1101 0.3865420365727209
1102 0.43832402412751126
1103 0.4614350837422975
1104 0.49900079777574574
1105 0.5583383868508155
1106 0.5667222834795512
1107 0.7613073869878811
1108 0.8868117045173849
1109 0.9112455775253407
1110 0.9433477847019386
1111 0.9827004697470954
1112 1.000005560136183
1113 1.293271667927799
1114 1.4626228862609976
1115 1.6025883378654089
1116 0.6069207548819591
evaluations raw_y
1 15.619633184336756
2 6679.1013107171475
3 88.6831129161173
4 31.24230986579155
5 20.737013182437707
6 2744.577907657163
7 9749.887620815454
8 112.09379114481825
9 8.426413469499886
10 37.97878787573055
11 18.78415950116978
12 340.186918300383
13 18.474156144127726
14 3120.3257845234257
15 11.072975447951862
16 300890.8774669714
17 1307.436223099482
18 444.35453585111225
19 34.07255682329188
20 89.37585125631253
21 53846.90176085892
22 25.486661533748848
23 22.79775468096149
24 2911.560799781356
25 25.125466604742662
26 3658.7482713696927
27 3818.363977188634
28 7990.901979353766
29 7512.646776419215
30 4008.8624514608528
31 14.043219491481311
32 14.119525284300952
33 51.4506300482233
34 53.81377640547795
35 23.39666901762917
36 11.61501994847652
37 11.700687339921295
38 9.055390672645732
39 11.83136745904442
40 9.758135584470722
41 9.553917738842614
42 66.65895410158191
43 8.426413469499886
44 13.952577579882586
45 13.862220165390077
46 53.286857839827526
47 129.87519735843736
48 7.143686517885884
49 2990.725477930162
50 5.181313437762389
51 1182.600521901272
52 12.011228987053544
53 38.65731211133928
54 38.75653578602442
55 42.95572310852967
56 17.571743949258316
57 6.155085068372518
58 103.65237550038788
59 24.30040585232485
60 248.51697030062024
61 31.606478794922552
62 241.91352554255712
63 672.7806602200571
64 651.0218032695908
65 6543.669444691212
66 7177.75560745664
67 10.895327342803567
68 5.181313437762389
69 6.155085068372518
70 7.143686517885884
71 8.426413469499886
72 9.055390672645732
73 9.553917738842614
74 10.895327342803567
75 11.700687339921295
76 11.83136745904442
77 12.011228987053544
78 13.862220165390077
79 14.119525284300952
80 17.571743949258316
81 18.78415950116978
82 22.79775468096149
83 23.39666901762917
84 25.125466604742662
85 25.486661533748848
86 34.07255682329188
87 38.75653578602442
88 53.81377640547795
89 66.65895410158191
90 129.87519735843736
91 241.91352554255712
92 248.51697030062024
93 651.0218032695908
94 1182.600521901272
95 2990.725477930162
96 6543.669444691212
97 1.9193685291208296
98 4.511407621184284
99 4.93729865239157
100 5.253806532236755
101 5.051945760005376
102 5.118170992687946
103 3.762092597419053
104 3.663914688634377
105 5.644112656066034
106 5.520279776477118
107 7.460630813994166
108 4.9740557829458085
109 8.396828425703092
110 5.476216158204348
111 5.5737086787776375
112 11.438160578881448
113 11.336480447940335
114 10.476904482054348
115 6.665865264393178
116 6.632683610199458
117 94.47064716207811
118 19.1321513693417
119 17.67211148307267
120 22.89946687791799
121 12.592232012238362
122 120.3400275501355
123 26.22895366923558
124 8.415430582882683
125 7.650611696582194
126 7.705351259077549
127 2.877248266844054
128 6.5625401739893094
129 3.20134500697253
130 3.4974673604720317
131 9.40928345113895
132 9.525208259963302
133 2.5152316904679792
134 2.791675491725223
135 10.921569481992993
136 15.72504728548764
137 1.9193685291208296
138 1.8330942151522711
139 1.8330942151522711
140 2.791675491725223
141 2.877248266844054
142 3.20134500697253
143 3.4974673604720317
144 3.663914688634377
145 4.511407621184284
146 4.93729865239157
147 4.9740557829458085
148 5.051945760005376
149 5.118170992687946
150 5.520279776477118
151 5.5737086787776375
152 6.5625401739893094
153 6.632683610199458
154 7.460630813994166
155 7.705351259077549
156 8.396828425703092
157 8.415430582882683
158 9.40928345113895
159 9.525208259963302
160 10.476904482054348
161 10.921569481992993
162 11.336480447940335
163 12.592232012238362
164 15.72504728548764
165 17.67211148307267
166 19.1321513693417
167 22.89946687791799
168 20.11621425377271
169 1.8330942151522711
170 2.452703968154795
171 2.2932595564971185
172 1.9323966279534508
173 3.5578000144052546
174 3.4428115454984187
175 2.7954561325844693
176 2.463445637858594
177 2.498309926567484
178 2.813720331311512
179 3.832420041123029
180 3.8456263657973744
181 3.6518072664763297
182 3.9592114556867672
183 4.680537842324348
184 4.731960668110238
185 4.660936860420088
186 4.689058688708433
187 4.198127221069699
188 5.063950966291449
189 1.9149027122840951
190 1.9511897960383413
191 7.497924475764284
192 3.0278737602557833
193 3.5506763216992603
194 3.629669329758317
195 5.298603316807382
196 8.483615956437685
197 7.133267230775316
198 7.200539739493822
199 5.452954288417187
200 7.1378719594440625
201 21.30604549425677
202 17.461870097773772
203 17.531286766904252
204 7.8955496828519225
205 7.845627012699429
206 10.809579226294789
207 1.8330942151522711
208 1.9323966279534508
209 1.9511897960383413
210 2.2932595564971185
211 2.452703968154795
212 2.498309926567484
213 2.7954561325844693
214 2.813720331311512
215 3.0278737602557833
216 3.4428115454984187
217 3.629669329758317
218 3.6518072664763297
219 3.832420041123029
220 3.8456263657973744
221 3.9592114556867672
222 4.198127221069699
223 4.660936860420088
224 4.680537842324348
225 4.689058688708433
226 5.063950966291449
227 5.298603316807382
228 5.452954288417187
229 7.1378719594440625
230 7.200539739493822
231 7.497924475764284
232 7.845627012699429
233 8.483615956437685
234 10.809579226294789
235 17.531286766904252
236 0.5048347085802719
237 2.2727128704733284
238 0.779103439612682
239 2.2747987445118274
240 1.034560853249922
241 0.858019173949813
242 2.645468570763062
243 0.9307967561258497
244 2.8814955316937545
245 3.2416720172054974
246 3.0118323660991644
247 3.8661977710801554
248 3.54295550996482
249 2.131058201471102
250 2.0141206513399115
251 2.7404545606935113
252 2.64470090781351
253 2.801546580355469
254 2.040103051070998
255 1.5369817057503572
256 2.999318929491909
257 2.9367644239549886
258 3.1820824149159597
259 2.3039708949523505
260 1.9558886025789013
261 5.218406432136469
262 3.0527023108371685
263 3.0607695569516875
264 2.2978397119261755
265 3.166561298352619
266 4.4115833633209975
267 4.319606728416866
268 7.270687888284047
269 6.418556106626407
270 6.8355132640685845
271 35.84875245081446
272 0.5048347085802719
273 0.5048347085802719
274 0.779103439612682
275 0.858019173949813
276 0.9307967561258497
277 1.034560853249922
278 1.5369817057503572
279 1.8330942151522711
280 1.9511897960383413
281 1.9558886025789013
282 2.0141206513399115
283 2.040103051070998
284 2.2978397119261755
285 2.498309926567484
286 2.64470090781351
287 2.801546580355469
288 2.813720331311512
289 2.9367644239549886
290 3.0118323660991644
291 3.0607695569516875
292 3.166561298352619
293 3.1820824149159597
294 3.4428115454984187
295 3.54295550996482
296 4.319606728416866
297 4.4115833633209975
298 5.063950966291449
299 6.418556106626407
300 6.8355132640685845
301 7.270687888284047
302 1907.05575050577
303 0.5048347085802719
304 1.4262303072854874
305 2.2105515996151124
306 3.6228370895739643
307 0.8310687341229122
308 1.1005136950756569
309 3.0147504331958954
310 2.0742373621852663
311 1.8595973046434269
312 1.9168482199438905
313 2.6538449236814072
314 2.278098973305725
315 1.9281917076079946
316 1.8345393621077226
317 3.4028538009903637
318 3.9917029931548105
319 3.0309870172631492
320 2.250148371142229
321 1.9980743694493408
322 2.003759487003104
323 2.460114049306792
324 1.4554440025520903
325 2.4459531674925383
326 2.066375740805032
327 3.767289135951597
328 2.210382967395499
329 3.275312288519863
330 3.640482378445012
331 3.3503895157442893
332 3.2531030892516166
333 3.2791960403327183
334 2.945858651437543
335 2.80889957214841
336 2.908650027584378
337 8.095169070044866
338 7.959868034954232
339 0.5048347085802719
340 0.779103439612682
341 0.8310687341229122
342 0.858019173949813
343 1.034560853249922
344 1.4554440025520903
345 1.5369817057503572
346 1.8330942151522711
347 1.8345393621077226
348 1.8595973046434269
349 1.9168482199438905
350 1.9281917076079946
351 2.003759487003104
352 2.0141206513399115
353 2.040103051070998
354 2.066375740805032
355 2.210382967395499
356 2.250148371142229
357 2.4459531674925383
358 2.460114049306792
359 2.64470090781351
360 2.80889957214841
361 2.908650027584378
362 3.0309870172631492
363 3.2531030892516166
364 3.275312288519863
365 3.2791960403327183
366 3.4428115454984187
367 3.640482378445012
368 0.3847191679869114
369 0.5140363601086284
370 2.4557412581304394
371 1.7481865792341318
372 0.938922552686448
373 1.382860781899377
374 2.7917696234883422
375 2.1709316393554268
376 3.8645793783721833
377 2.5850869621869066
378 1.0037106302170191
379 2.4483302132104785
380 1.6993092827730336
381 0.5641653880705445
382 0.9883676021885045
383 2.2091980772589426
384 1.5949631696626887
385 2.4731566246834698
386 2.006450205013738
387 1.8792720893347659
388 2.4630590154399816
389 1.8553334117487026
390 2.077088939247019
391 0.9513692385124493
392 1.5740355508771184
393 2.1525343756333917
394 4.625585677515267
395 1.3985428774086093
396 3.104186209843454
397 3.296084405542617
398 2.152965064570891
399 2.0838685637102237
400 2.7330053271154333
401 3.2404995231850187
402 3.091966680007985
403 0.3847191679869114
404 0.3847191679869114
405 0.5048347085802719
406 0.5641653880705445
407 0.779103439612682
408 0.858019173949813
409 0.938922552686448
410 0.9513692385124493
411 0.9883676021885045
412 1.0037106302170191
413 1.034560853249922
414 1.3985428774086093
415 1.4554440025520903
416 1.5369817057503572
417 1.5740355508771184
418 1.5949631696626887
419 1.6993092827730336
420 1.8330942151522711
421 1.8792720893347659
422 2.003759487003104
423 2.040103051070998
424 2.077088939247019
425 2.0838685637102237
426 2.1525343756333917
427 2.210382967395499
428 2.7330053271154333
429 2.80889957214841
430 3.0309870172631492
431 3.091966680007985
432 3.2404995231850187
433 0.7786745988581233
434 0.3847191679869114
435 0.9373459843494887
436 1.7623708246609067
437 0.3689921042944559
438 3.184985196207449
439 1.1359165549681443
440 0.9412639542608423
441 1.2981666960745017
442 1.6808043730968993
443 1.3459586913285024
444 2.192231237801148
445 1.1140916237421614
446 1.2924068175513508
447 3.9799018178736603
448 3.8077893000262666
449 2.413141709685165
450 2.5942064476248925
451 1.7120432111143926
452 1.8195378943813179
453 2.1346742475688827
454 0.7266875958291006
455 0.8058528750860469
456 2.697377590022631
457 2.150468899237973
458 1.5167287555500932
459 0.5817706417514225
460 6.430255158713044
461 2.2100186663739785
462 2.9355654686517854
463 1.8581596127316302
464 1.868596442316283
465 4.768493050191372
466 3.6613664218532977
467 2.106073301112194
468 2.0846984614408752
469 2.809597175189161
470 0.51030629505151
471 0.5280304805263834
472 0.3689921042944559
473 0.3847191679869114
474 0.5048347085802719
475 0.5280304805263834
476 0.5641653880705445
477 0.5817706417514225
478 0.8058528750860469
479 0.858019173949813
480 0.9412639542608423
481 0.9513692385124493
482 0.9883676021885045
483 1.0037106302170191
484 1.1140916237421614
485 1.2924068175513508
486 1.4554440025520903
487 1.5167287555500932
488 1.5369817057503572
489 1.5740355508771184
490 1.5949631696626887
491 1.6993092827730336
492 1.8195378943813179
493 1.868596442316283
494 1.8792720893347659
495 2.0846984614408752
496 2.150468899237973
497 2.2100186663739785
498 2.210382967395499
499 2.80889957214841
500 2.809597175189161
501 18.765254714254656
502 0.3689921042944559
503 0.34795094740069704
504 2.273940094818482
505 0.37557984644556475
506 2.164038029193915
507 1.595785644200454
508 1.3456156757862732
509 0.9033947713504824
510 0.3448561591562117
511 0.3012133649941532
512 1.601676108321548
513 0.8162131972566038
514 2.9133215454256547
515 0.9484081377603488
516 1.7380477436718373
517 0.974693725277876
518 2.233348867513041
519 1.6133846263653595
520 2.9958293651291332
521 1.4624163017067653
522 0.8383174172475086
523 2.214237651277502
524 2.5310972593447905
525 1.565112093220851
526 2.4647888874018857
527 2.1102041334291672
528 1.7238891588331016
529 2.62062274347154
530 1.1605469290442754
531 1.666968155595077
532 4.0792657268213
533 1.9293277333866279
534 5.569625825731633
535 1.08787608807522
536 4.8284434080476295
537 2.783636214148862
538 2.0164235579382592
539 35.43159476702406
540 0.3012133649941532
541 0.34795094740069704
542 0.37557984644556475
543 0.5048347085802719
544 0.5280304805263834
545 0.5641653880705445
546 0.5817706417514225
547 0.8162131972566038
548 0.8383174172475086
549 0.9484081377603488
550 0.974693725277876
551 0.9883676021885045
552 1.0037106302170191
553 1.08787608807522
554 1.1140916237421614
555 1.1605469290442754
556 1.2924068175513508
557 1.5167287555500932
558 1.565112093220851
559 1.5740355508771184
560 1.5949631696626887
561 1.666968155595077
562 1.6993092827730336
563 1.8195378943813179
564 1.9293277333866279
565 2.0164235579382592
566 2.0846984614408752
567 2.2100186663739785
568 2.783636214148862
569 0.4983258828340795
570 0.3012133649941532
571 0.7360374202650038
572 1.329713023929373
573 1.405289847309188
574 0.5399598106507584
575 1.6398670281376133
576 0.9170536372943998
577 0.5869966084208346
578 1.1422389545635112
579 0.5815573218943083
580 3.7173885635902053
581 0.8022403207510834
582 1.564289336662642
583 1.6578225774531565
584 0.8979769152996713
585 1.170674507640453
586 1.7615260795395082
587 3.376758877523114
588 2.6050562454469444
589 1.6197477381979417
590 2.4596510236253524
591 1.2389314174618693
592 2.020054349958082
593 1.670613950790679
594 1.196949092359756
595 2.506962728644274
596 1.154686813216409
597 2.9174036376819252
598 1.8125323213781424
599 4.23161147006569
600 3.3238351871471092
601 2.780113483530986
602 4.410641424444617
603 2.2229712375240185
604 2.734222577248297
605 1.5002175960171478
606 0.3012133649941532
607 0.34795094740069704
608 0.37557984644556475
609 0.4983258828340795
610 0.5280304805263834
611 0.5399598106507584
612 0.5815573218943083
613 0.5869966084208346
614 0.8022403207510834
615 0.8383174172475086
616 0.8979769152996713
617 0.9484081377603488
618 0.9883676021885045
619 1.0037106302170191
620 1.08787608807522
621 1.1140916237421614
622 1.154686813216409
623 1.1605469290442754
624 1.196949092359756
625 1.2389314174618693
626 1.2924068175513508
627 1.565112093220851
628 1.5740355508771184
629 1.666968155595077
630 1.8125323213781424
631 1.9293277333866279
632 2.0164235579382592
633 2.0846984614408752
634 2.2229712375240185
635 0.15703620523085837
636 2.0090683449486653
637 1.7307321301056062
638 -0.19633127397301864
639 0.1569829860127775
640 -0.229089492217653
641 1.9898780204420923
642 2.1402864258066967
643 1.5287432225793247
644 1.6530878026443534
645 1.6421203819151733
646 1.5899025692176116
647 1.812405518628985
648 1.6298067889961867
649 2.163126589725008
650 1.8050282481595619
651 0.8908542037015507
652 1.4495866360977216
653 1.7690543981995561
654 1.2064466812625811
655 1.5539029754419342
656 2.3176958206425313
657 0.9433329870109659
658 0.9269587030107712
659 2.0720921905180187
660 1.7134607746699098
661 3.202858917616669
662 1.996001172899589
663 1.4313789043206684
664 1.101801878920002
665 2.488886325072456
666 1.5426277955093846
667 1.8800855708112694
668 1.572466223481115
669 2.3135645238701286
670 3.781382211625878
671 4.300151693213293
672 0.15703620523085837
673 -0.229089492217653
674 0.1569829860127775
675 0.15703620523085837
676 0.3012133649941532
677 0.34795094740069704
678 0.5280304805263834
679 0.5399598106507584
680 0.5815573218943083
681 0.5869966084208346
682 0.8022403207510834
683 0.8383174172475086
684 0.8908542037015507
685 0.8979769152996713
686 0.9269587030107712
687 0.9484081377603488
688 0.9883676021885045
689 1.08787608807522
690 1.101801878920002
691 1.154686813216409
692 1.1605469290442754
693 1.2064466812625811
694 1.2389314174618693
695 1.2924068175513508
696 1.4313789043206684
697 1.5426277955093846
698 1.565112093220851
699 1.572466223481115
700 2.0164235579382592
701 2.0846984614408752
702 470.66934570278306
703 -0.229089492217653
704 2.769416813972222
705 1.103934215377651
706 0.8212596050332225
707 1.997364860465066
708 2.1147936937842395
709 2.59520582721482
710 2.3940090644213035
711 0.49412525395272827
712 0.5575563075501475
713 2.4907772863666016
714 1.783658708879123
715 0.8637855341021639
716 2.330214255626532
717 1.1008793739928053
718 1.693511902783401
719 0.9202931088468088
720 0.4975602087520662
721 1.347075815392506
722 3.3372549244048217
723 1.120298539588066
724 2.1546815529475536
725 0.9705622378383506
726 2.0166269714667227
727 1.2240472137348215
728 1.6990228581993512
729 1.374201406133484
730 2.0629509639028134
731 1.710911272787571
732 4.082203891699232
733 2.0390028875489605
734 1.7041805091338087
735 16.364435870870583
736 16.43616981750579
737 -0.229089492217653
738 0.1569829860127775
739 0.15703620523085837
740 0.3012133649941532
741 0.34795094740069704
742 0.49412525395272827
743 0.4975602087520662
744 0.5280304805263834
745 0.5399598106507584
746 0.5575563075501475
747 0.5815573218943083
748 0.8383174172475086
749 0.8637855341021639
750 0.8979769152996713
751 0.9202931088468088
752 0.9269587030107712
753 0.9705622378383506
754 1.08787608807522
755 1.101801878920002
756 1.120298539588066
757 1.1605469290442754
758 1.2240472137348215
759 1.2389314174618693
760 1.374201406133484
761 1.4313789043206684
762 1.565112093220851
763 1.572466223481115
764 1.7041805091338087
765 2.0390028875489605
766 8.424650452081943
767 -0.229089492217653
768 0.9004426276715057
769 0.32641076289782517
770 0.0014066748989385175
771 0.09544464545351776
772 2.190725187253783
773 2.4699653845424807
774 0.45170739116186065
775 2.119998775919626
776 1.554904947351809
777 1.7727246385408135
778 0.25252971682985975
779 1.640221686808973
780 0.5999499079024146
781 1.9258384975611165
782 3.2975386268734157
783 0.7404499111579288
784 1.7634882488762529
785 1.5106798842672178
786 0.7340445760007949
787 0.5114624089734828
788 0.9184877194349377
789 3.4326783799900884
790 0.7829729642293736
791 1.0381531307125798
792 1.6554465565471024
793 1.1346870278058663
794 2.4703468174412286
795 2.604362582841602
796 1.8557668313053755
797 2.1439933206328603
798 3.7129802582188973
799 2.238502440099591
800 3.8628825334357995
801 1.5378268529590586
802 34.72980861949159
803 -0.229089492217653
804 0.09544464545351776
805 0.25252971682985975
806 0.3012133649941532
807 0.32641076289782517
808 0.34795094740069704
809 0.45170739116186065
810 0.4975602087520662
811 0.5114624089734828
812 0.5280304805263834
813 0.5815573218943083
814 0.5999499079024146
815 0.7404499111579288
816 0.7829729642293736
817 0.8383174172475086
818 0.8979769152996713
819 0.9184877194349377
820 0.9202931088468088
821 1.0381531307125798
822 1.08787608807522
823 1.1346870278058663
824 1.2240472137348215
825 1.2389314174618693
826 1.374201406133484
827 1.4313789043206684
828 1.5378268529590586
829 1.565112093220851
830 1.572466223481115
831 1.7041805091338087
832 1395.1683410082906
833 -0.229089492217653
834 0.3160971846245828
835 -0.0683913696677327
836 1.731164889272695
837 0.16300923827520436
838 0.12696241560800087
839 0.5218488929617393
840 1.9375475254552614
841 1.2735527473852202
842 1.0947817487124212
843 0.34687785990349107
844 0.29588302133930083
845 0.9114684237548195
846 0.5846257660390456
847 2.2192781157354924
848 2.0888489230055245
849 2.020693575732718
850 0.8756377286809611
851 1.991165410787294
852 0.8649027318001696
853 1.1361205121409053
854 1.5898061404535762
855 0.8183227825744115
856 1.078591713077509
857 2.1740826750005144
858 1.4564974723599118
859 0.12826188339665828
860 1.3336749767976404
861 0.4851142111816376
862 0.7241321740739599
863 2.1311668916314273
864 1.574282280157011
865 3.4896692643670524
866 3.6672322184588353
867 1.494441154608718
868 175.39283912950245
869 191.54874206129182
870 -0.229089492217653
871 -0.0683913696677327
872 0.09544464545351776
873 0.12696241560800087
874 0.12826188339665828
875 0.29588302133930083
876 0.3012133649941532
877 0.34795094740069704
878 0.45170739116186065
879 0.4851142111816376
880 0.4975602087520662
881 0.5114624089734828
882 0.5846257660390456
883 0.5999499079024146
884 0.7241321740739599
885 0.7404499111579288
886 0.8183227825744115
887 0.8649027318001696
888 0.8756377286809611
889 0.8979769152996713
890 0.9202931088468088
891 1.0381531307125798
892 1.08787608807522
893 1.2240472137348215
894 1.4313789043206684
895 1.494441154608718
896 1.5378268529590586
897 1.565112093220851
898 1.572466223481115
899 0.42341643678426866
900 -0.229089492217653
901 2.54769815829778
902 -0.06926902240689187
903 0.06005089534360674
904 2.0395584956752617
905 2.0480879162028045
906 2.0704976089699714
907 2.072633684187467
908 2.250053004069276
909 1.7041266637624328
910 2.0502053748997295
911 0.4892532911304011
912 0.2264676305784001
913 2.508359790390016
914 0.9537227082925435
915 0.5901537172675662
916 1.6715996168472622
917 0.02524878090481221
918 1.8797989895788296
919 1.6516342250503167
920 1.0244454231997489
921 0.5264997197926252
922 0.5296050737412576
923 2.010823224408095
924 3.4658301349028386
925 1.8376424633466448
926 1.0571919932146394
927 1.546751210024576
928 2.5039796396797107
929 1.1950574229535684
930 2.1236581032744173
931 1.7099835343875351
932 2.775852074575177
933 3.3628979779526653
934 0.9496356241225343
935 2.4198053345436823
936 -0.229089492217653
937 -0.06926902240689187
938 0.02524878090481221
939 0.06005089534360674
940 0.12696241560800087
941 0.12826188339665828
942 0.2264676305784001
943 0.29588302133930083
944 0.3012133649941532
945 0.34795094740069704
946 0.42341643678426866
947 0.45170739116186065
948 0.4892532911304011
949 0.5114624089734828
950 0.5296050737412576
951 0.5901537172675662
952 0.5999499079024146
953 0.7404499111579288
954 0.8183227825744115
955 0.8649027318001696
956 0.8979769152996713
957 0.9202931088468088
958 0.9496356241225343
959 1.0571919932146394
960 1.08787608807522
961 1.1950574229535684
962 1.4313789043206684
963 1.494441154608718
964 1.5378268529590586
965 42.476827135464745
966 -0.229089492217653
967 1.3150834092675736
968 -0.06770685667604807
969 1.7966656433799812
970 0.02890665472478445
971 -0.106789698967204
972 -0.10377740725572007
973 -0.16514197028398914
974 0.09928460704625419
975 0.09520311269797865
976 2.5266090073114342
977 1.6002751314687669
978 0.11122242000221269
979 0.11486598890003984
980 1.9633123261552932
981 2.0433484436407094
982 0.455741006813762
983 2.5257763193923632
984 2.320969829601799
985 0.27683802045357764
986 1.5045157075934936
987 1.9339685139167584
988 1.8701953937434923
989 2.35108785143036
990 0.825927790503338
991 1.7852353735032527
992 1.6639314950491473
993 1.2650257679683339
994 2.069744704398942
995 1.3481174717935356
996 1.2729309215814637
997 1.387710988001037
998 1.199974567810639
999 1.077919157785499
1000 2.133671338784979
1001 2.546480016169328
1002 5.046744402437014
1003 -0.229089492217653
1004 -0.16514197028398914
1005 -0.10377740725572007
1006 -0.06770685667604807
1007 0.02890665472478445
1008 0.09520311269797865
1009 0.09928460704625419
1010 0.11486598890003984
1011 0.27683802045357764
1012 0.29588302133930083
1013 0.3012133649941532
1014 0.42341643678426866
1015 0.455741006813762
1016 0.4892532911304011
1017 0.5114624089734828
1018 0.5901537172675662
1019 0.5999499079024146
1020 0.7404499111579288
1021 0.825927790503338
1022 0.8649027318001696
1023 0.8979769152996713
1024 0.9202931088468088
1025 0.9496356241225343
1026 1.0571919932146394
1027 1.077919157785499
1028 1.08787608807522
1029 1.199974567810639
1030 1.494441154608718
1031 1.5378268529590586
1032 0.8371432576707185
1033 -0.229089492217653
1034 0.020250770555573727
1035 0.8493082795514245
1036 -0.1917375580316467
1037 2.5990623472262904
1038 2.0239386622380287
1039 2.055069860089887
1040 0.10388199459744342
1041 2.0697814278238664
1042 0.01216498316049306
1043 2.2360927873693113
1044 1.8851225829930542
1045 2.7624633165687147
1046 1.7305569408588968
1047 0.07696797699190791
1048 0.015730407925777457
1049 0.04387869919748697
1050 2.0885494195724577
1051 1.7181846536264598
1052 1.220849829530667
1053 0.7409230269936055
1054 2.339346308738624
1055 0.8399889786146818
1056 1.575955343262141
1057 1.7478680639401425
1058 0.8946923310677499
1059 1.270796995387332
1060 0.9423096360932747
1061 1.2179420299172692
1062 1.8012607607081097
1063 1.0661974263549976
1064 1.5155460398702252
1065 2.6329337045966765
1066 3.083619918750794
1067 3.2233153475603475
1068 1.988297842947548
1069 -0.23982203146802103
1070 -0.23862809839970667
1071 -0.23862809839970667
1072 -0.229089492217653
1073 -0.1917375580316467
1074 -0.16514197028398914
1075 -0.10377740725572007
1076 0.01216498316049306
1077 0.02890665472478445
1078 0.04387869919748697
1079 0.07696797699190791
1080 0.09520311269797865
1081 0.10388199459744342
1082 0.11486598890003984
1083 0.29588302133930083
1084 0.3012133649941532
1085 0.42341643678426866
1086 0.455741006813762
1087 0.5901537172675662
1088 0.5999499079024146
1089 0.7409230269936055
1090 0.8399889786146818
1091 0.8649027318001696
1092 0.8946923310677499
1093 0.9423096360932747
1094 0.9496356241225343
1095 1.0661974263549976
1096 1.077919157785499
1097 1.08787608807522
1098 1.199974567810639
1099 1.494441154608718
1100 0.8337756860781712
evaluations raw_y
1 1008.0408223166772
2 5813.420988911078
3 124137.75634644649
4 6400.6089887168655
5 4856.093819144163
6 481.93299728514256
7 30.302609023053993
8 6.332634497866797
9 107.48961199846532
10 9.485992044752898
11 17.072563646671423
12 332.0694707931816
13 149.64978478512842
14 653.1464785855951
15 40.83788561576236
16 33.968156880201754
17 27.053023990140225
18 20.598100096761403
19 966.0307125245461
20 10.385633730031854
21 558.888390939452
22 2466.244651593776
23 2719.918398648808
24 14887.768890931951
25 1395.338086058397
26 2536.1370530061613
27 23.09618988508448
28 7969.962708601015
29 653.5805061402215
30 209.54969905589243
31 10.79532049221074
32 10.167959056717313
33 10.035883096551828
34 4118.0090032936
35 241.28808031466505
36 227.1947960894368
37 10.702900133121421
38 10.623183407812325
39 14.149398019873802
40 126.55150832604735
41 6.332634497866797
42 5.74745345251779
43 11.397667898223965
44 54.71710843345126
45 17.5984154365173
46 10.872466241067581
47 11.36504524269431
48 17.145562599051154
49 18.21067323971277
50 45.66456152494888
51 76.08190877815903
52 98.4393080646246
53 7.566756606483008
54 6.354116842766148
55 6.329022013732137
56 12.37507342961018
57 12.121437543791846
58 6.470317860457087
59 14.443907793228531
60 35.10764876297016
61 31.28590187455027
62 193.16794619168712
63 3020.7607215661046
64 2505.4302438986206
65 17.02718849135221
66 16.470620916943673
67 8.461757318780418
68 48.23533115248159
69 19.1119818584476
70 5.74745345251779
71 6.329022013732137
72 6.332634497866797
73 6.470317860457087
74 7.566756606483008
75 8.461757318780418
76 9.485992044752898
77 10.035883096551828
78 10.623183407812325
79 10.79532049221074
80 10.872466241067581
81 11.36504524269431
82 12.121437543791846
83 14.149398019873802
84 14.443907793228531
85 16.470620916943673
86 17.072563646671423
87 17.5984154365173
88 18.21067323971277
89 19.1119818584476
90 20.598100096761403
91 27.053023990140225
92 30.302609023053993
93 31.28590187455027
94 33.968156880201754
95 48.23533115248159
96 193.16794619168712
97 227.1947960894368
98 2505.4302438986206
99 118.10978189800169
100 5.74745345251779
101 5.820598705718847
102 7.577388193778002
103 6.954549609404799
104 4.953506201511458
105 4.795366796123868
106 9.254152679358718
107 5.823570786287685
108 5.748671430997366
109 5.294293721873359
110 6.9477214728714785
111 7.799650344468458
112 8.6979290758374
113 4.770199776626942
114 9.423768841911775
115 9.338120216157893
116 4.7989005016559405
117 12.096308559772215
118 9.073081647817073
119 10.843747813885853
120 10.814269755571097
121 10.513415160518822
122 10.66481329701188
123 3.963872248534989
124 3.8871954061984684
125 10.159027728327017
126 8.457395980882822
127 20.535916519232547
128 14.969447396928274
129 162.3071391549301
130 49.30327496181791
131 27.574119211278116
132 7.219971603966227
133 39.93014385434348
134 7.392843737442604
135 393.7907379362207
136 10.240886865305702
137 3.8871954061984684
138 4.770199776626942
139 4.795366796123868
140 4.7989005016559405
141 5.294293721873359
142 5.748671430997366
143 5.820598705718847
144 6.329022013732137
145 6.332634497866797
146 6.9477214728714785
147 7.219971603966227
148 7.392843737442604
149 7.566756606483008
150 7.799650344468458
151 8.457395980882822
152 8.6979290758374
153 9.073081647817073
154 9.338120216157893
155 10.159027728327017
156 10.240886865305702
157 10.66481329701188
158 10.814269755571097
159 12.096308559772215
160 14.969447396928274
161 20.535916519232547
162 27.574119211278116
163 30.302609023053993
164 31.28590187455027
165 39.93014385434348
166 33.61709404357653
167 3.8871954061984684
168 7.129346881267454
169 3.1607153268752106
170 3.680116847473405
171 3.269976529373081
172 6.662408355661029
173 4.517092177161035
174 4.304886337168411
175 3.5935024518723826
176 4.438274718926606
177 4.232557404793658
178 6.304098959157986
179 5.88527607018194
180 2.171764719674088
181 7.501124299968502
182 3.5543609185591123
183 7.916413306688701
184 5.790256668033219
185 2.963119924784998
186 6.881782780318759
187 9.308176585660734
188 8.825654014984062
189 6.418874332820661
190 8.109367781551283
191 8.034463279926197
192 10.272746299489281
193 49.20471085872377
194 81.96243880398603
195 10.126645655765401
196 9.878787207396968
197 477.6469472415007
198 40.01657029799071
199 6.569773438249165
200 6.5361679180290055
201 12.97322664407573
202 2.171764719674088
203 2.963119924784998
204 3.1607153268752106
205 3.269976529373081
206 3.5543609185591123
207 3.5935024518723826
208 3.680116847473405
209 3.8871954061984684
210 4.232557404793658
211 4.304886337168411
212 4.438274718926606
213 4.770199776626942
214 5.748671430997366
215 5.790256668033219
216 5.88527607018194
217 6.418874332820661
218 6.5361679180290055
219 6.881782780318759
220 7.501124299968502
221 7.916413306688701
222 8.034463279926197
223 8.825654014984062
224 9.308176585660734
225 9.878787207396968
226 10.272746299489281
227 12.97322664407573
228 14.969447396928274
229 20.535916519232547
230 30.302609023053993
231 3560.6062766429327
232 2.171764719674088
233 7.565731602673392
234 2.0150893705340236
235 3.749443039523702
236 3.293418762841297
237 3.7783804161810606
238 3.571054001747804
239 7.426837950004529
240 3.61640924177806
241 3.3394415249227167
242 3.345866159258458
243 3.3550728395192007
244 5.333122141177129
245 3.704668968044684
246 5.045699420665928
247 4.461907856734043
248 6.244712881013901
249 4.77493494984207
250 5.3362608411625105
251 3.6484420696161752
252 4.971143995696364
253 4.919613199033456
254 5.746463352898076
255 6.702323771848067
256 6.694974946073294
257 4.939152674222652
258 5.037340859239841
259 4.988430328069101
260 6.416377124637443
261 8.815556909131967
262 8.80830082480043
263 5.926518700558915
264 6.054455177009228
265 5.492522495532457
266 5.495032096373937
267 10.097738656151137
268 10.098095571334618
269 10.311244324483814
270 101.35603802622673
271 58.05799055794701
272 30.150708528041296
273 25.744035411037927
274 2.0150893705340236
275 2.171764719674088
276 2.963119924784998
277 3.293418762841297
278 3.3394415249227167
279 3.3550728395192007
280 3.571054001747804
281 3.61640924177806
282 3.6484420696161752
283 3.704668968044684
284 4.232557404793658
285 4.461907856734043
286 4.77493494984207
287 4.919613199033456
288 4.939152674222652
289 4.971143995696364
290 4.988430328069101
291 5.3362608411625105
292 5.495032096373937
293 5.746463352898076
294 5.926518700558915
295 6.054455177009228
296 6.416377124637443
297 6.694974946073294
298 8.80830082480043
299 10.098095571334618
300 10.311244324483814
301 20.535916519232547
302 25.744035411037927
303 279561.8668107222
304 2.0150893705340236
305 1.3628057994092397
306 3.4171543111525438
307 3.02057121516581
308 4.479848662373337
309 3.345355862554549
310 3.3298525722918977
311 2.878905195259441
312 4.859210085228904
313 3.713991777709747
314 2.2597163422492286
315 4.478704432778527
316 3.847808102464138
317 3.241247646873121
318 3.956563309008846
319 4.496340917990152
320 2.7252441518777966
321 4.551425581168786
322 4.566740915304683
323 3.2842837309673905
324 3.975071885719192
325 4.710272196978494
326 4.709842549450395
327 4.225988435791935
328 4.896568525558425
329 3.7842281239132105
330 4.381472755115536
331 5.6956364690994405
332 8.73715374644539
333 176.18318432860298
334 2.2939273975247834
335 86.29826964122763
336 1.3628057994092397
337 2.0150893705340236
338 2.2597163422492286
339 2.2939273975247834
340 2.7252441518777966
341 2.878905195259441
342 2.963119924784998
343 3.02057121516581
344 3.241247646873121
345 3.2842837309673905
346 3.3298525722918977
347 3.345355862554549
348 3.61640924177806
349 3.6484420696161752
350 3.7842281239132105
351 3.847808102464138
352 3.956563309008846
353 3.975071885719192
354 4.225988435791935
355 4.232557404793658
356 4.381472755115536
357 4.496340917990152
358 4.551425581168786
359 4.566740915304683
360 4.709842549450395
361 4.896568525558425
362 5.6956364690994405
363 8.73715374644539
364 20.535916519232547
365 10.692274496251375
366 1.3628057994092397
367 2.1325375433715514
368 1.9831961508120688
369 1.682294374409761
370 1.6520240149442202
371 5.407181161751113
372 2.7826252670539944
373 4.992254394343615
374 2.2320348729885073
375 2.2219130891523955
376 3.4875321834719375
377 2.6427753372464373
378 3.4386030051445506
379 4.3755862237455725
380 3.0477246432767258
381 3.537428772980324
382 2.412765265158023
383 2.2829351332331056
384 2.99318029697022
385 4.480333509330583
386 1.261703732908717
387 5.336274437014709
388 5.940827284166706
389 2.963410377325088
390 6.003130790034946
391 4.187414157850376
392 3.9079234370613354
393 3.336970170939665
394 2.6163498592575265
395 2.4203804123585355
396 3.1094430681418355
397 5.842307070152244
398 143.38374743188913
399 6.784765957109354
400 1.261703732908717
401 1.3628057994092397
402 1.6520240149442202
403 1.682294374409761
404 1.9831961508120688
405 2.2219130891523955
406 2.2829351332331056
407 2.4203804123585355
408 2.6427753372464373
409 2.7252441518777966
410 2.7826252670539944
411 2.963119924784998
412 2.963410377325088
413 2.99318029697022
414 3.0477246432767258
415 3.1094430681418355
416 3.241247646873121
417 3.3298525722918977
418 3.336970170939665
419 3.345355862554549
420 3.537428772980324
421 3.9079234370613354
422 3.956563309008846
423 4.187414157850376
424 4.225988435791935
425 4.232557404793658
426 4.496340917990152
427 5.842307070152244
428 6.784765957109354
429 317.7508126647015
430 1.261703732908717
431 2.164626275312298
432 2.6941228687983
433 2.4288120769650314
434 1.7084842843006465
435 2.9176555137875946
436 2.3023216856681605
437 2.7721921251399495
438 2.24157273314168
439 2.3029939381973215
440 2.4525151047830236
441 2.9317984903098924
442 2.2772658547547335
443 2.494897240251235
444 2.4841101039598334
445 2.6725017824662363
446 2.491147074659906
447 2.696512121395762
448 2.763079871214775
449 3.271111777132516
450 1.7172410423380853
451 1.79912790865531
452 3.9301921792059105
453 3.235518206991714
454 3.0775257765713886
455 4.218614318816763
456 2.9936012558792977
457 3.096307442309638
458 1.2725440165095827
459 2.325305946134712
460 2.2396637685089065
461 4.064033721427119
462 3.9388696014490954
463 2.811043493939451
464 2.8575618199025827
465 5.164622995601396
466 4.597384766210851
467 4.560070086524831
468 3.651874905841334
469 6.25212876534439
470 49.75078314952099
471 1.261703732908717
472 1.2725440165095827
473 1.3628057994092397
474 1.6520240149442202
475 1.682294374409761
476 1.7084842843006465
477 1.79912790865531
478 2.2396637685089065
479 2.2772658547547335
480 2.2829351332331056
481 2.3023216856681605
482 2.3029939381973215
483 2.4525151047830236
484 2.4841101039598334
485 2.491147074659906
486 2.7252441518777966
487 2.763079871214775
488 2.8575618199025827
489 3.0477246432767258
490 3.0775257765713886
491 3.096307442309638
492 3.235518206991714
493 3.336970170939665
494 3.651874905841334
495 3.9388696014490954
496 4.225988435791935
497 4.232557404793658
498 4.496340917990152
499 6.25212876534439
500 173.41604303690468
501 1.261703732908717
502 1.2412806199787316
503 3.858130214645686
504 2.3579179592406163
505 3.0304743325176813
506 1.0282803764231492
507 1.3380846382379443
508 1.3108888590046734
509 2.4759052376262805
510 2.298984126851356
511 2.1959000007389258
512 2.492040880204546
513 2.259165786634524
514 2.7571147447940922
515 2.294772825475156
516 2.6446377999837383
517 2.276855470345783
518 4.5028769103504835
519 2.2461245696627716
520 2.7186546330584176
521 2.309754856965727
522 1.9129926357897662
523 2.066509148273738
524 2.877729686144461
525 3.7437349821748382
526 2.5789299626119138
527 4.014319239965944
528 5.129324347427796
529 3.276966346657937
530 5.811628371739549
531 3.2961213764054844
532 3.9728466387550263
533 3.571946845515332
534 4.390155222491871
535 4.835690835129412
536 3.326224356214471
537 14.864754491930864
538 662.7412259312447
539 165.70526922730693
540 1.0282803764231492
541 1.2412806199787316
542 1.2725440165095827
543 1.3108888590046734
544 1.3628057994092397
545 1.6520240149442202
546 1.79912790865531
547 1.9129926357897662
548 2.066509148273738
549 2.1959000007389258
550 2.2461245696627716
551 2.259165786634524
552 2.276855470345783
553 2.294772825475156
554 2.3029939381973215
555 2.309754856965727
556 2.4841101039598334
557 2.5789299626119138
558 2.8575618199025827
559 3.0477246432767258
560 3.096307442309638
561 3.276966346657937
562 3.2961213764054844
563 3.326224356214471
564 3.571946845515332
565 3.651874905841334
566 4.225988435791935
567 4.232557404793658
568 6.25212876534439
569 439.08119484662757
570 1.0282803764231492
571 1.2543953172325075
572 2.2872957941752516
573 3.031494691114858
574 1.1352563606560777
575 4.25210257358432
576 2.7107494436416744
577 1.400471545071391
578 5.0858832827000775
579 1.5171789881143667
580 2.007614759375773
581 2.3033410666967287
582 2.0688523864054558
583 2.0209592690413745
584 5.357588314752229
585 1.804051424207486
586 2.649781448612659
587 2.133719600058272
588 2.9054133629481944
589 4.217439247155942
590 2.52341111084691
591 2.009775401170591
592 2.3022519700009965
593 2.2464932413069594
594 3.2595103792585904
595 2.358419877874651
596 2.3423413106888185
597 2.9330059471225725
598 3.8162361444100132
599 3.6127006839825446
600 3.128563521237723
601 0.49712033702294234
602 3.3135438250547296
603 1.999917183092522
604 4.442819678273546
605 3.9757462907181234
606 5.279522457328252
607 6.199504014055149
608 5.793506081743365
609 0.49712033702294234
610 1.1352563606560777
611 1.2412806199787316
612 1.2543953172325075
613 1.3108888590046734
614 1.400471545071391
615 1.5171789881143667
616 1.79912790865531
617 1.804051424207486
618 1.9129926357897662
619 1.999917183092522
620 2.009775401170591
621 2.0209592690413745
622 2.133719600058272
623 2.1959000007389258
624 2.2464932413069594
625 2.276855470345783
626 2.3423413106888185
627 2.358419877874651
628 2.4841101039598334
629 2.52341111084691
630 2.9330059471225725
631 3.096307442309638
632 3.128563521237723
633 3.276966346657937
634 3.3135438250547296
635 3.9757462907181234
636 4.232557404793658
637 5.793506081743365
638 239.48789960569843
639 0.49712033702294234
640 3.1347770029179314
641 1.1428289826095557
642 1.9912784124997827
643 1.6073986755266214
644 1.515554629405829
645 1.3078894858352044
646 0.5593440946053059
647 0.609555466985354
648 2.3369680908675194
649 5.410595907281203
650 4.296207739218714
651 1.8004044159675325
652 1.2676275260615704
653 3.7179169850445852
654 2.045786514833963
655 2.493960569740004
656 3.059784495011508
657 2.151216975233101
658 2.1601197903054077
659 4.90494170071508
660 2.7525900740852056
661 5.289674757619412
662 2.34926860791182
663 4.189751253942613
664 3.1299599692287865
665 3.231487373084758
666 2.5025696418887224
667 2.067942416702793
668 1.920698539218797
669 4.892469104838767
670 3.3048048315947156
671 2.47021545779303
672 4.9589445285988685
673 2.7977143518941143
674 2.800845276568789
675 5.659303139774011
676 7.866652610599189
677 7.774221734697463
678 0.49712033702294234
679 0.609555466985354
680 1.1428289826095557
681 1.2412806199787316
682 1.2543953172325075
683 1.2676275260615704
684 1.3078894858352044
685 1.5171789881143667
686 1.79912790865531
687 1.8004044159675325
688 1.804051424207486
689 1.920698539218797
690 2.0209592690413745
691 2.045786514833963
692 2.067942416702793
693 2.133719600058272
694 2.1601197903054077
695 2.2464932413069594
696 2.276855470345783
697 2.34926860791182
698 2.358419877874651
699 2.47021545779303
700 2.4841101039598334
701 2.5025696418887224
702 2.800845276568789
703 3.128563521237723
704 3.276966346657937
705 3.9757462907181234
706 5.659303139774011
707 0.7848536334234605
708 0.49712033702294234
709 0.49808491340055755
710 2.255746164802641
711 0.6095001238268618
712 5.697202656481853
713 1.941313911856682
714 1.3258349623215866
715 3.729498374809004
716 1.2771836528678409
717 0.595097290826675
718 1.3195932902959706
719 4.148839668818771
720 2.265107851181977
721 2.4056312459122715
722 2.4885549459030596
723 1.7397570152697721
724 1.7382083944315765
725 4.767916296359094
726 1.4925219553954208
727 3.453664098364402
728 1.43359470172901
729 2.4609211975278247
730 3.050337736258436
731 3.75780894500614
732 2.3464914834172195
733 1.9037763795392644
734 3.3734278246377154
735 2.5476342207161613
736 4.925094142254112
737 2.500500850399201
738 3.9690434717172094
739 2.0607972450148737
740 2.97343046280602
741 5.352463620459759
742 3.8416412535354936
743 2.6196349124118625
744 0.49808491340055755
745 0.595097290826675
746 0.6095001238268618
747 0.7848536334234605
748 1.1428289826095557
749 1.2412806199787316
750 1.2543953172325075
751 1.2771836528678409
752 1.3195932902959706
753 1.43359470172901
754 1.4925219553954208
755 1.7382083944315765
756 1.79912790865531
757 1.8004044159675325
758 1.804051424207486
759 1.9037763795392644
760 1.920698539218797
761 2.045786514833963
762 2.0607972450148737
763 2.133719600058272
764 2.2464932413069594
765 2.276855470345783
766 2.3464914834172195
767 2.47021545779303
768 2.4841101039598334
769 2.500500850399201
770 2.800845276568789
771 2.97343046280602
772 3.8416412535354936
773 60.077062391606276
774 0.4941722082593595
775 1.4684473997058762
776 1.0817399176453872
777 1.9583570689098084
778 0.8455147419316249
779 2.9653912084735587
780 4.448760152795999
781 1.7091134934600973
782 1.2066577656071686
783 1.1966416593930977
784 0.9358865720360123
785 3.1193046403267877
786 1.9977631932191495
787 1.4366105795772723
788 0.9038589325638767
789 1.5605005336030073
790 1.5592543747550336
791 1.987989299692408
792 2.7300363082215218
793 0.8595840736611939
794 2.3921374571814855
795 1.899171050817976
796 1.4232338864162954
797 1.25227533089378
798 3.1469712045796703
799 2.4140416829692946
800 1.9443918146171624
801 1.9415781837520667
802 2.5587828536161936
803 3.106041236585584
804 2.475003561769611
805 2.766442932928967
806 4.933613918884248
807 3.020729716155487
808 2.769077207725374
809 2.236216691106371
810 2.1761113376678116
811 8.383088211650609
812 8.3945979008109
813 0.4941722082593595
814 0.595097290826675
815 0.6095001238268618
816 0.8455147419316249
817 0.8595840736611939
818 0.9038589325638767
819 0.9358865720360123
820 1.1428289826095557
821 1.1966416593930977
822 1.2412806199787316
823 1.25227533089378
824 1.2543953172325075
825 1.4232338864162954
826 1.43359470172901
827 1.4366105795772723
828 1.5592543747550336
829 1.8004044159675325
830 1.804051424207486
831 1.899171050817976
832 1.9415781837520667
833 2.133719600058272
834 2.1761113376678116
835 2.236216691106371
836 2.2464932413069594
837 2.3464914834172195
838 2.475003561769611
839 2.4841101039598334
840 2.500500850399201
841 2.769077207725374
842 3140.096064291605
843 0.4941722082593595
844 3.276190642431099
845 0.5232162019346923
846 2.7589723702725224
847 4.120511954121248
848 2.5762027606296742
849 1.3771998982418474
850 0.9250225803205044
851 2.258761771472132
852 0.864969642941103
853 2.1166306574069886
854 0.7018823303005509
855 0.86466891285674
856 3.6742586726044313
857 1.5965660788002318
858 3.9776363895149576
859 0.9198511926714015
860 1.6114256119023702
861 2.096625097806491
862 1.7350530674897837
863 1.8041766268934105
864 1.919447027424633
865 2.6468652958192527
866 4.5692323474649985
867 1.4823525034685878
868 3.126127240171024
869 2.8314347154976662
870 1.3425830290805179
871 2.3652172496168755
872 2.849640717838342
873 3.1080630926898247
874 2.5321516176122296
875 1.630698290915098
876 4.6989855365856865
877 2.4434772118364454
878 2.8377712964794055
879 1515.0401211495698
880 0.4941722082593595
881 0.5232162019346923
882 0.6095001238268618
883 0.8455147419316249
884 0.8595840736611939
885 0.86466891285674
886 0.864969642941103
887 0.9198511926714015
888 0.9250225803205044
889 1.1428289826095557
890 1.2412806199787316
891 1.25227533089378
892 1.2543953172325075
893 1.3425830290805179
894 1.43359470172901
895 1.4366105795772723
896 1.4823525034685878
897 1.5592543747550336
898 1.630698290915098
899 1.804051424207486
900 1.899171050817976
901 1.919447027424633
902 2.133719600058272
903 2.1761113376678116
904 2.2464932413069594
905 2.3464914834172195
906 2.4434772118364454
907 2.5321516176122296
908 2.769077207725374
909 10.503917725030998
910 0.4941722082593595
911 1.9702383506286956
912 2.550081273412612
913 0.5565256537720155
914 1.9672929779996338
915 2.7005745304713296
916 0.8523813889538577
917 3.611051799408755
918 1.7741097510176567
919 1.255993983669333
920 0.9720181363298794
921 1.0656407390860385
922 3.8547036654872766
923 1.9356981790687442
924 1.7379961353540576
925 2.0566142017933142
926 1.2080575186106945
927 1.9887361542579338
928 1.3903045813538788
929 2.817597966652704
930 2.267153844096916
931 1.9066695542214795
932 2.699568612925755
933 3.7790959804557964
934 1.9146244496713616
935 1.7840807129513014
936 3.4225537140871447
937 3.0844560997579746
938 1.8504473383187932
939 2.1811959458386214
940 2.2281647403216667
941 2.5057206191551424
942 2.436405132919964
943 4.357387397791164
944 2.8303592860490343
945 7.49381312788819
946 0.4941722082593595
947 0.5232162019346923
948 0.5565256537720155
949 0.8455147419316249
950 0.8523813889538577
951 0.8595840736611939
952 0.864969642941103
953 0.9198511926714015
954 0.9720181363298794
955 1.0656407390860385
956 1.2080575186106945
957 1.2412806199787316
958 1.25227533089378
959 1.2543953172325075
960 1.3903045813538788
961 1.43359470172901
962 1.4823525034685878
963 1.5592543747550336
964 1.630698290915098
965 1.7840807129513014
966 1.804051424207486
967 1.8504473383187932
968 1.9146244496713616
969 2.133719600058272
970 2.1761113376678116
971 2.2281647403216667
972 2.436405132919964
973 2.4434772118364454
974 2.8303592860490343
975 2078.719010939583
976 0.4941722082593595
977 2.1427640930469813
978 0.5710922493302591
979 3.741785059867632
980 2.6455138802161846
981 0.27552237532323387
982 2.574994767916196
983 0.91746435271764
984 0.9118211654678723
985 0.83192468099578
986 0.9432683865209963
987 0.9631032574591105
988 1.9276222460095296
989 1.54205013632702
990 1.1183409562038267
991 1.0772653608824232
992 3.578093882177207
993 1.6138097204715838
994 4.914578194890424
995 1.101035238096281
996 1.8372873044226854
997 1.162503598052163
998 1.1040390306387424
999 2.124837531633103
1000 1.5232767123531001
1001 4.080467680536034
1002 3.683523398020826
1003 5.312233112833121
1004 2.49168400388215
1005 2.1665173817683447
1006 2.5277874009494647
1007 2.0294027661253033
1008 2.363532865167919
1009 2.641076920627723
1010 2.953924779866385
1011 3.1356595363619357
1012 4.732955781992731
1013 4.731460372792877
1014 0.27552237532323387
1015 0.4941722082593595
1016 0.5565256537720155
1017 0.5710922493302591
1018 0.83192468099578
1019 0.8455147419316249
1020 0.91746435271764
1021 0.9631032574591105
1022 0.9720181363298794
1023 1.0656407390860385
1024 1.0772653608824232
1025 1.101035238096281
1026 1.1040390306387424
1027 1.162503598052163
1028 1.2412806199787316
1029 1.25227533089378
1030 1.2543953172325075
1031 1.43359470172901
1032 1.5232767123531001
1033 1.630698290915098
1034 1.804051424207486
1035 1.8504473383187932
1036 1.9146244496713616
1037 2.0294027661253033
1038 2.1665173817683447
1039 2.1761113376678116
1040 2.4434772118364454
1041 2.641076920627723
1042 2.8303592860490343
1043 0.7471508277645896
1044 0.27552237532323387
1045 3.9214328025479386
1046 3.5150465366691215
1047 0.6595971205245746
1048 1.369624971454178
1049 2.1915218037175306
1050 -0.012507734014279015
1051 3.4238549350813585
1052 0.8814139639477409
1053 4.30769817731736
1054 1.0634425343201106
1055 1.0366693504305966
1056 5.546662231937629
1057 2.0826086833658333
1058 1.138854878213555
1059 3.02435885130308
1060 2.5049160450059667
1061 2.0737850783415954
1062 1.3147811242512404
1063 1.0840792916570787
1064 2.0190256344514963
1065 1.217536104612042
1066 1.4007807273248647
1067 1.4198177060096842
1068 3.0446308300005
1069 1.39642104783002
1070 0.9580394910023641
1071 0.9792620524052873
1072 0.9781748088625193
1073 2.677021131891231
1074 1.8027314507308791
1075 1.5043155810282003
1076 0.7020989351494631
1077 2.0898684781153234
1078 3.421580554830279
1079 4.911847162828447
1080 2.244006471779513
1081 -0.012507734014279015
1082 0.27552237532323387
1083 0.4941722082593595
1084 0.5710922493302591
1085 0.6595971205245746
1086 0.7020989351494631
1087 0.7471508277645896
1088 0.83192468099578
1089 0.8814139639477409
1090 0.91746435271764
1091 0.9580394910023641
1092 0.9720181363298794
1093 0.9781748088625193
1094 1.0366693504305966
1095 1.0772653608824232
1096 1.0840792916570787
1097 1.1040390306387424
1098 1.138854878213555
1099 1.162503598052163
1100 1.217536104612042
1101 1.3147811242512404
1102 1.39642104783002
1103 1.4198177060096842
1104 1.5043155810282003
1105 1.5232767123531001
1106 1.8027314507308791
1107 1.9146244496713616
1108 2.0898684781153234
1109 2.641076920627723
1110 5031.612931738606
