{
	"version": "0.3.14", 
	"suite": "unknown_suite", 
	"function_id": 10, 
	"function_name": "EllipsoidRotated", 
	"maximization": false, 
	"algorithm": {"name": "DE", "info": "algorithm_info"},
	"attributes": ["evaluations", "raw_y"],
	"scenarios": [
		{"dimension": 23,
		"path": "data_f10_EllipsoidRotated/IOHprofiler_f10_DIM23.dat",
		"runs": [
			{"instance": 0, "evals": 221, "best": {"evals": 177, "y": 1348937.3942546807, "x": [2.6235298799899156, -0.3576148026077508, 1.8832507928476088, -4.130981141462439, -0.21915566888464344, -4.849065058313704, -2.618673769195099, -4.906181129585697, -3.775700925721123, -3.1989368194993135, -4.095091652641074, -2.2135353576338854, 1.789633723389124, 0.3237226508818223, -3.221585928175659, -3.1363910148650334, -2.4596694045654175, -0.4989218298563781, -2.9653047069381806, 2.6161961532871754, -3.212203736169223, 2.2821634861185958, -3.2115610429210824]}},
			{"instance": 0, "evals": 221, "best": {"evals": 216, "y": 3317264.4036976094, "x": [3.1607326316567304, 2.4646805677832946, 3.7712046766228795, -2.5382310184626986, 1.0991146729637733, -3.075068493641729, -0.20520772631199646, -1.3119532081818956, 0.2810906322858373, -0.8995654592875559, -0.4160832021541767, 2.5482745836233125, -2.996236471796114, -2.5686845518040533, 0.6870926378318534, -2.4285160676744324, -1.8212963201503194, -2.0518276165323313, -0.39058167803409205, 2.154438563174491, -3.0928418322962976, -2.9571651058538677, -0.4246840366137081]}},
			{"instance": 0, "evals": 221, "best": {"evals": 180, "y": 825237.6934857154, "x": [2.79138024639152, 1.7955411910728882, -2.38070755151771, -1.1986289624247104, 4.236893410218702, -1.6017297532655106, 2.2295470474724643, -2.914346809056731, -3.423886509371319, 0.9031201049076163, 1.5639307119818342, 0.6690819825002436, 3.508026016495128, 0.13401436193489213, -2.4824897217597797, -2.190515813625226, -0.13405022651580567, -3.8835666708587313, -0.6206923615262916, 3.4247803820156477, 0.8008222905403874, -0.9126076037796251, -2.7036278420500945]}},
			{"instance": 0, "evals": 221, "best": {"evals": 78, "y": 1347781.6280404734, "x": [3.7953844217325168, 4.326013312636201, 0.3175878557392524, -4.752856206115167, -2.5729290708696193, -4.291964862870783, -2.550426360065503, -4.1891037167141585, -3.251570187861895, -2.061460001119511, -3.545678929163893, 1.8193191007438747, 0.25648704146915247, 2.2724840765599166, 2.220720625711311, -2.7215853470026667, 2.079181356211662, -3.0754989626003493, -1.2544903659670248, 0.06569312057209231, -0.6037946208956573, 4.306379086684619, 0.8389716047768498]}},
			{"instance": 0, "evals": 221, "best": {"evals": 117, "y": 592208.8178140001, "x": [0.9047250780011078, 3.8746167281053374, -2.6614482381701543, -4.472435297505253, -4.856674807135715, -3.021325938902586, 1.7760574198634034, -3.15604434093728, -1.1909187717263165, -4.3984911625962475, -4.253662936740175, -2.0365778180045417, -3.6913893367533945, 0.37414924504458336, -0.9311723247698631, -1.0552094954734996, -0.7266394534783964, -4.796500379669999, 2.852178384457682, -1.4354008458233327, -3.533858882168696, 3.8230984558271306, -0.7948467664500225]}},
			{"instance": 0, "evals": 221, "best": {"evals": 153, "y": 1894020.1348844639, "x": [4.068106049812828, 0.9951075859447673, 2.911592768422003, -0.7166693798852726, -0.8403312827036271, 0.032019773835925136, 0.23307975327395503, -4.780525176072442, -1.4768603582582474, 0.4118006950353261, 0.03875724119222945, -1.8084259377336638, 3.24927922065718, -4.785445877129567, -3.4922849318889906, -4.4609608260144, 0.9525017534292797, 0.21627758362946414, -0.22635975615796777, 1.7490809117194503, -0.27569961215360017, 4.23698695815864, -0.7506965785863726]}},
			{"instance": 0, "evals": 221, "best": {"evals": 157, "y": 1466553.696166711, "x": [-0.12826933123524542, -2.1488638281120602, 0.3905857770954957, -3.610041158635262, -1.3138319609956453, 3.4618927784244526, 0.20573521263295813, 1.904289936543221, 3.3596501423254717, -2.5253986185360198, -0.6519446809553777, 3.8610003128984483, -1.6475675657549682, 0.5274812344575941, -2.636182747267981, -2.2549834829077, -2.1197569394935147, -0.7669738422258989, 1.268674001092827, 0.20560641095459964, -3.555562674047183, 3.3873723626363303, -2.7814006342410313]}},
			{"instance": 0, "evals": 221, "best": {"evals": 94, "y": 1014313.0189994415, "x": [-2.438694008905445, 3.627043293800767, -0.5836365102557197, -4.054333735470267, -1.5853077138489757, -3.0084450699430905, 0.1828036734099232, -0.9729252796510486, 0.43357020471805807, -4.424800523103491, 3.032163614105336, 0.8859012504427302, 4.3465717304547695, -4.108410188955692, -3.9858484987165386, -1.1040545600751281, -0.8892721202518765, -0.9115440992484194, 1.6562130982738594, 4.5596677627793, -1.9289055547207432, -1.1373243358318974, -4.632638496558908]}},
			{"instance": 0, "evals": 221, "best": {"evals": 211, "y": 1752200.9688409532, "x": [-0.3371411099802213, 0.8668733295495648, -3.0685474031471967, 2.809583997615187, 2.276133723769891, 0.6672091656148798, -4.994495372041241, -3.0311555818267504, -0.11508028227645428, 2.596164284505898, -0.9905342238771864, 0.520860284953637, 1.6460884274651102, 0.6730818384846924, -2.8827836586576785, -3.2611642564612318, -1.5976309175483738, 0.3263657176518544, -4.1418352932956655, 4.419885636133058, 0.09014291447072331, -2.4372897675215466, -4.103650704437488]}},
			{"instance": 0, "evals": 221, "best": {"evals": 214, "y": 2629672.016223734, "x": [-0.6332127512501367, 4.666550152026186, -3.9518923229054534, 2.9398515032896295, -2.9993251935934526, 1.510278474863911, 2.8742249062935565, -4.784030623509036, -0.9592224342200373, 2.6215166537239614, -2.6902975416366495, -1.67466604462575, -4.085466358279351, -1.9606984376666812, 3.031079488511175, -3.547048632191454, 2.9883982957395387, -4.994114148147922, 1.1109904786888956, 0.4811815161556101, -1.3759934557497508, -0.16277606594245153, -2.915391252816635]}},
			{"instance": 0, "evals": 221, "best": {"evals": 137, "y": 1174653.0382541826, "x": [-0.15140675622625643, 1.1538442658775043, -1.622784774042912, -2.252625128662673, -1.9513955387825552, -0.7334617947808835, -2.562762938172548, 1.3377655133383497, -2.4684314654469985, -3.8968526332087694, -2.2974701146229624, 3.815090691973409, 0.27357865930067105, 0.21849599887867033, -0.5535220786020951, -1.4625998428613949, 1.0916380539158972, -2.6854916327071585, 2.0018601501108733, -0.43056572464728804, -1.2922278870405517, 1.9904797605611266, -0.2487810558050585]}},
			{"instance": 0, "evals": 221, "best": {"evals": 136, "y": 1741002.6921535821, "x": [0.31728095088984, 4.141244092026337, 3.9612577525230286, -3.7726331806276834, -2.8510734372104567, 3.150705642274776, 1.8398710583006306, 1.3119255560952423, 0.048890200830602915, -1.6306494270171799, 0.1524870578192603, -0.4782043337901438, 0.14414488289449956, -2.5397155929963384, -4.3653767514540265, -2.533430965546073, 0.8560802053709446, -1.8531482093149956, -0.027897602948424804, 4.021371814296458, -3.927880142910541, 0.3194241032452698, 3.4171791874316617]}},
			{"instance": 0, "evals": 221, "best": {"evals": 151, "y": 2834082.2525128177, "x": [-0.5052722810932337, -0.5199479882035467, -0.2743072504527304, 1.3614883476388693, -2.3474004102768684, 2.831209381501024, 0.3473550609558984, -2.2034520386172556, 1.323287635459197, 0.8434675991556271, -3.085922191590532, 1.8690929707794357, 0.46117775850102083, 0.9858100334630882, -3.8770083296694158, -4.182998301592102, 2.149430448488445, 3.4276167258422463, -3.0027481707771875, 4.084754374196665, 0.7744791284321986, 2.879648786601475, -3.7873079342942733]}},
			{"instance": 0, "evals": 221, "best": {"evals": 135, "y": 1686612.4371297345,