{
	"version": "0.3.14", 
	"suite": "unknown_suite", 
	"function_id": 61, 
	"function_name": "cheap_func_0", 
	"maximization": false, 
	"algorithm": {"name": "DE", "info": "algorithm_info"},
	"attributes": ["evaluations", "raw_y"],
	"scenarios": [
		{"dimension": 23,
		"path": "data_f61_cheap_func_0/IOHprofiler_f61_DIM23.dat",
		"runs": [
			{"instance": 1, "evals": 2301, "best": {"evals": 2082, "y": -3.504751445110301, "x": [-0.1571837069340918, 0.603034100952916, -0.17112671770238735, 0.008379690996578093, 0.1728101573341721, 0.5314454142644282, -0.0013584175784346342, 0.03143457662794438, 0.01586666079304888, 0.5689309867066661, 0.5810953198502697, 0.3441690034670911, 0.24530102124441533, 0.0012552150267978734, 0.09126143303785433, -0.1442524622100501, -0.02317521721165633, -0.047570916268228375, 0.15399578975378328, -0.0628619522171803, 0.2632897101248911, 0.0004635849672671444, 0.010123762111272194]}},
			{"instance": 1, "evals": 2301, "best": {"evals": 2092, "y": -3.263668733530398, "x": [0.2545581893387605, -0.3910170939627945, 0.2355204774942937, 0.48843919469735086, 0.006526511872772978, -0.33295706233162903, 0.4561392083263641, 0.41058419612254815, 0.7586771267556585, 0.22494502003715944, -0.0013757043455142615, 0.4061272331505553, 0.10535207954133054, 0.1069041104615242, -0.01872722730955617, 0.0910208972778836, 0.10139258224077065, 0.0002059606580727541, -0.07695866223125629, 0.11105141619266184, 0.032674905699276904, 0.01572256087162692, 0.04920881501972946]}},
			{"instance": 1, "evals": 2301, "best": {"evals": 1581, "y": -3.3110374439260224, "x": [0.29295908825594186, -0.395953217032341, 0.0035359708157979286, 0.17534124080990698, 0.5745749431376729, 0.38459122785444666, 0.24881908758860694, 0.5394638340538994, -0.27589645996682177, -0.16665536098508651, 0.6548612952625592, 0.11341888654897286, 0.0029627914228155805, 0.34409858778478897, 0.00011664481399831228, 0.28939367513452585, 0.17216895073315863, 0.010065141804485339, -0.03392380233001649, -0.12253973544109087, -0.029145376364065043, 0.004381790050083101, 0.2261181411237535]}},
			{"instance": 1, "evals": 2301, "best": {"evals": 1863, "y": -3.182094076596382, "x": [0.2588931269191307, 0.5074976342547122, 0.11535210289484954, 0.39464390222092127, 0.6514025700679867, 0.5826932234275999, 0.22694372339227825, -0.23543363233557524, 0.4471496501036819, 0.017175313832123895, 0.701394986890757, 0.3835811484366515, 0.2111071241919399, -0.11885769608832802, -0.18481153858494248, 0.030942075617377537, 0.007465918310836928, -0.006815643990765133, -0.0025429615554834195, 0.10278128090747775, 0.00752697417170986, -0.0802657793874161, 0.15578985009568574]}},
			{"instance": 1, "evals": 2301, "best": {"evals": 2287, "y": -3.206326149606345, "x": [0.28239808329655103, 0.6481639001697774, 0.5770143880184295, 0.5908332034629885, 0.12221473607786859, 0.6676565796158958, 0.6226303894359586, -0.05291245036714792, 0.5094005136171407, -0.017899595994388062, 0.4919930758002977, 0.5481046816515951, 0.07435014530109428, 0.2703174475685936, -0.3067484651336706, 0.34617967021659046, -0.0023022104232797297, 0.2728338894596424, 0.019346576086490708, 0.025462484716554434, 0.12344198420942004, 0.006708490505814624, -0.00199005580317059]}},
			{"instance": 1, "evals": 2301, "best": {"evals": 2056, "y": -3.4509630505026223, "x": [0.08598167465098414, 0.7296025866015217, 0.013538218744627462, 0.12318321225699402, 0.18841492922315184, 0.10065959653281994, 0.6343175603933233, -0.005358555155117961, -0.050086829077189865, 0.5433758725192042, 0.06941649834406965, 0.29422218989689414, -0.04615128360712632, -0.0014648825381067196, 0.10974505975484944, 0.08309182338505833, 0.23505098501323435, 0.014999919172433054, -0.0004493682666459886, 0.14050592575666962, 0.032110613350270836, -0.010898728571794705, 0.16383866495179786]}},
			{"instance": 1, "evals": 2301, "best": {"evals": 2162, "y": -3.2045171170631686, "x": [-0.14312822883392434, 0.6177847052546931, 0.3237602594861645, 0.5276414926474664, 0.6873505432119209, 0.6205781072132361, 0.028315727780045985, -0.0381464273185142, 0.08746391001094661, 0.2538248027009379, 0.6937409704542965, 0.09760124478746496, 0.009699187913897414, -0.056083641497515435, 0.3104483218557371, 0.3811898180204892, 0.11272559290349767, -0.015074490810110905, -0.04520452533375388, -0.01354135573278932, 0.0004256006983576893, 0.02017383904435721, -0.1297326340131707]}},
			{"instance": 1, "evals": 2301, "best": {"evals": 1551, "y": -3.055486493782129, "x": [0.4118318602961233, 0.25882787160485743, 0.23472546327327098, -0.01897894197353267, -0.3530465582974045, 0.1872273553008933, 0.5955770631343031, 0.5767145429179416, 0.7491966216148889, 0.5505351550048149, 0.3881703292041738, 0.5020366564769866, -0.01672000514239974, 0.018329527583896114, -0.00871874729128086, 0.25783338078025747, 0.363135481612083, -0.0006493757106088571, -0.008831531059722397, -0.029024688985907626, -0.13623192516356625, -0.17805473182664558, 0.01621048914720924]}},
			{"instance": 1, "evals": 2301, "best": {"evals": 2294, "y": -3.390087721629624, "x": [0.15274610677555012, -0.6314945021471305, -0.42917826984689944, -0.3713554795921654, -0.5200247634845062, -0.27631638456466256, -0.00034862613218261673, -0.3762058127633269, -0.3244445874550998, -0.6077731483986369, -0.1284791664029894, -0.3067908624570178, 0.0036630860211438465, 0.049358358510047926, -0.04403276885985358, 0.1971808777136783, -0.009653942977136898, -0.06730050984781372, 0.1446508774738718, -0.017586791728234255, 0.00024785264279256897, 0.007662370523141726, 0.02383568999360519]}},
			{"instance": 1, "evals": 2301, "best": {"evals": 2287, "y": -3.1929801577229413, "x": [0.3853931679872289, 0.7307749028891172, 0.4135506690803038, 0.003968286544636768, 0.5030900531785774, -0.520798176626623, 0.5982344736990015, 0.19519232107610202, 0.6441769072271328, -0.30994664196350524, 0.6522263616686252, -0.24963596873268437, -0.058774721400589494, -0.02692901144556356, -0.11655904219554403, 0.23843106950300091, 0.0001725628437438953, -0.0015964222342722822, -0.02671893136216605, 0.0494647414123099, -0.252476302099021, -0.04698616175613844, -0.04024405460274616]}},
			{"instance": 1, "evals": 2301, "best": {"evals": 2292, "y": -3.32379136982958, "x": [0.18837515378305564, 0.5610302170480508, 0.5317965191380658, 0.5010886653281038, 0.2957473957442611, 0.3323264439826203, 0.591513510097192, 0.12672958757467195, 0.4175316512763507, 0.5505736257271855, 0.17014129151250235, 0.01373548414370021, 0.05043532133249509, 0.10319377262332395, 7.624196087874235e-05, 0.09819272989667692, -0.030334392044887373, -0.09099170573169472, -0.05144042256648604, -0.183289589380623, 0.020273024190876995, 0.010323570886042951, -0.11971773768349649]}},
			{"instance": 1, "evals": 2301, "best": {"evals": 1987, "y": -3.377486402238325, "x": [-0.009651120500068625, 0.5487571135860443, -0.1539261630388647, 0.546538888589698, 0.43975364364237746, 0.2903383512432708, 0.011427505421594542, -0.11349314260607424, 0.44333788234709803, 0.34961089457678207, 0.28193050375683765, 0.02796780728833001, -0.0820703752229037, 0.003903376187486901, 1.4489298297643005e-05, -0.3663371726325267, -0.15646596284752998, -0.010415271901411588, -0.1588532094301912, -0.02543978129527104, -0.1891524758508058, -0.00020384462769211173, -0.05566962050078263]}},
			{"instance": 1, "evals": 2301, "best": {"evals": 2182, "y": -3.862306818884595, "x": [-0.017507004789054315, 0.13512933448512432, 0.16927333372484255, 0.09604876955340105, 0.3099241363849682, -0.16046290191624268, 0.6097785896925443, 0.4847049272766931, 0.6668007463278458, 0.4726275409246439, 0.03448053707763504, 0.6295377542004422, -0.010227200130970948, 0.0048062580267035845, 0.361891285938751, 0.2732548769297155, -0.00021506288082362435, 0.001619906002121918, 0.019128403080177547, -0.00528706049025561, -0.04971074914446834, 0.09472001225795566, 0.0031346600222510457]}},
			{"instance": 1, "evals": 2301, "best": {"evals": 1594, "y": -3.30017264523168,