{
	"version": "0.3.14", 
	"suite": "unknown_suite", 
	"function_id": 11, 
	"function_name": "Discus", 
	"maximization": false, 
	"algorithm": {"name": "DE", "info": "algorithm_info"},
	"attributes": ["evaluations", "raw_y"],
	"scenarios": [
		{"dimension": 23,
		"path": "data_f11_Discus/IOHprofiler_f11_DIM23.dat",
		"runs": [
			{"instance": 0, "evals": 2301, "best": {"evals": 1874, "y": 211.77397612504083, "x": [-2.707943957181765, 1.4831628911071757, -3.942071430855473, 3.5560699534432523, 0.7793985192319726, 2.398554856269443, -1.2167214139267668, -3.450197221036213, 2.1973840540210112, -4.409432057038952, 0.8966588935846209, 0.06843287326550662, 3.8703481260745694, 3.3139461790951765, -2.9215523480105876, -1.2378524258244838, 1.7189226789415804, -1.0793241933894793, -1.060870551325514, 0.6772040358322142, -1.0500882955524284, 0.5344149224626396, 0.10442608086378147]}},
			{"instance": 0, "evals": 2301, "best": {"evals": 570, "y": 257.42815477692983, "x": [-0.38844781638770876, 4.765182792042838, -4.942970870927583, 1.6555772477398243, 2.4449536554055955, 2.2652815473328385, 0.9185995742888684, 3.8641054857487696, 3.041150361616948, -2.5012108677150158, -3.73494698305079, -3.318464722045279, -0.3491649456550885, -2.224277838546394, -3.442940890321464, -3.0691984899299842, 3.2123852675926727, -0.543079883153669, -0.6350243073508013, -2.8442351591544766, 0.5096468618871262, -0.3942726096314617, 0.45716223251771293]}},
			{"instance": 0, "evals": 2301, "best": {"evals": 1065, "y": 243.56795537881752, "x": [-0.4484600482754839, -2.0921688314808993, -1.2934438989883426, 0.21057070814134526, -1.6245052598528131, 4.391214230902291, -3.980513378477882, 1.3659225430896451, 3.547448074765235, -1.7354035261497693, -0.5768485336737719, -1.012183573062392, -3.2310369960225858, -0.07866309912486802, 2.719017133171831, -1.013377922162194, 2.3653386977034003, -3.459621911627375, -4.605127234567281, 2.3796506061105607, 1.651592915421844, 0.8191776484764124, -1.3900419767306356]}},
			{"instance": 0, "evals": 2301, "best": {"evals": 2083, "y": 138.51779393326612, "x": [-3.1512562571292877, -0.00029563202041593684, -3.860893950650305, 0.46467387158425844, 0.7594762824187544, 4.379790749722129, -2.648786085150394, -3.842562523593826, -1.971913144158544, -2.7999934260404027, -1.1055428018118443, -2.9964955973093574, -0.720313095456115, -1.221786556013742, 1.8064629072033986, -4.793423193138638, 1.8358746022900074, 1.8078329960814532, -0.49556970445810267, 1.4509294837863265, 1.5275011866550536, 1.076604001907495, -4.896506323274849]}},
			{"instance": 0, "evals": 2301, "best": {"evals": 1153, "y": 224.23508084684516, "x": [0.8856751030996484, 4.34132520955338, 1.5934956618494243, -2.8022278817197, 3.43493218757847, 1.4681213158712083, -2.9938173269928012, -3.1245312589408876, 1.8664172472347316, 0.5781211134499198, -3.8166381499890494, 4.729626000662799, -3.29960250086365, -0.8701098802598577, -3.238826824163504, 3.8078873297309332, 2.9670333026414504, 2.6518859899704665, 3.8868323846073576, 2.203139624908137, 0.4611477477493313, -1.3617156493179063, -1.172772574894185]}},
			{"instance": 0, "evals": 2301, "best": {"evals": 1280, "y": 260.30901729183165, "x": [2.700625404050189, 3.2134361249048764, -1.4109868889683579, -1.734672054146951, 3.635098424351857, 4.386037857900657, -2.9741917776754496, -2.7073766859101775, 3.9641757728492824, 0.28194544746616823, 2.27204951838856, -4.529912360861062, -0.9943397494500179, -3.610111252997721, -1.9774273549021406, 0.3641298949584977, -0.09050537276286175, -1.3414465948689012, -3.157235357895881, 0.9150597258398079, 1.0209160389115657, -2.334211615179022, 2.527317231633486]}},
			{"instance": 0, "evals": 2301, "best": {"evals": 1691, "y": 217.1971795427872, "x": [3.577386055365845, -0.7751310613551601, -1.673887614900461, 1.4589047431951379, -2.28964067487013, 1.9400922101540656, 0.15038983393720518, 1.352674119607391, 1.4077205911329695, 0.6335605290545893, 2.939479508438627, -2.228601067677557, -3.662254526464961, -1.1046119035414326, -2.874613016670112, -2.002332532360861, 2.2224765155315716, -3.2118595625114925, -1.1487770703971543, -0.6286333214666953, 2.1637203359171675, 1.287261655862276, -4.8779197249211945]}},
			{"instance": 0, "evals": 2301, "best": {"evals": 2191, "y": 199.02967009380333, "x": [-2.5802903837083315, 0.7471890790194471, 0.011462745831024357, 0.15125461845988042, 0.7657293080152776, -0.7839888033449229, -1.3595926183690512, 2.4745885051487164, 2.0635517448679406, -2.267562345996159, 2.876398592661137, -2.384279210145378, 2.889341680528248, -2.819612117444205, -4.51445026834643, 0.44750939885690677, 2.003422778864792, -0.06992971589852637, 3.914245916498806, 2.0108061341230545, -2.197918979439781, 3.8571379342527212, -3.360658974894294]}},
			{"instance": 0, "evals": 2301, "best": {"evals": 1677, "y": 231.8172070056789, "x": [-2.5187368384115665, -2.217249946589932, -1.2108332493144225, 0.7403329772107039, 0.9395111212741281, 1.6136463104302217, -4.314076456981503, -1.0007065715782935, 0.4609965473865216, 1.2186938127702653, 4.825518078496129, -1.1226065258652165, 4.248999728462409, 4.522410809747308, -4.057050769293105, -3.48591389228657, -3.13423107609588, 3.8238199128545256, -3.2716497019677795, -1.5327019386229075, 3.708403515258598, -0.1153429084110611, 2.0607741214952133]}},
			{"instance": 0, "evals": 2301, "best": {"evals": 41, "y": 250.75637022910033, "x": [3.6204388897266195, -2.676026393501391, -2.4333658987830797, -1.885246149267398, -1.1412707518879706, 2.183765812978992, 2.740750174421059, 1.4585931600355408, -2.3032779877571996, -4.345362013617726, 4.20204641744575, 0.34163913805636525, 2.7991782489389863, 1.3389384320198872, -0.7962872627297779, 0.4760434467813699, -0.8020716555719858, -0.2313493850299606, -0.11914442836685613, 4.67035899254561, 3.7547961525733786, 0.9111090342907922, -0.8235599658599178]}},
			{"instance": 0, "evals": 2301, "best": {"evals": 1663, "y": 244.22451735135596, "x": [-2.004408486206067, 0.71064480191394, -0.42182576954507756, -0.4384942657544242, 2.229925382087702, -4.081721659833004, -3.7070679711300456, 2.3098691453033986, 2.551297549894281, -2.5550492152361253, 3.8528740793222642, -3.5730688778355364, 3.1236326899022284, -2.12240501881402, 3.9309904997165885, -1.15413628308315, -2.6594693483755876, -4.018076649546989, 4.911352191570245, 3.3020843579523396, 3.1423114686169025, 0.07572122133180592, -0.8505152831657545]}},
			{"instance": 0, "evals": 2301, "best": {"evals": 774, "y": 227.55602410369264, "x": [0.8375541938147264, -3.3387669092801007, -4.945162450424944, 3.6689963945539645, -1.1774846208813972, 2.4632317607147933, 0.27472647322346333, -4.677975013352965, 1.4119744194204014, -1.2072620486821442, -1.2307682954930539, -2.2116751885425048, 2.313147658858343, -2.5809937335314537, -2.324664693276209, 4.488429347512755, -1.117451052990989, 2.451316425905381, 1.710801349202332, 0.4359815207825539, 0.21418042474151466, -1.624909639872641, 2.0575082502778326]}},
			{"instance": 0, "evals": 2301, "best": {"evals": 2079, "y": 228.96469504244308, "x": [0.3928701193465636, -0.49620618307598185, -1.3524966777773444, 4.076620394083454, -0.40139510754695706, 0.33883917385395534, -2.4676813324172153, 1.2071767954362107, 0.03318291414949215, -2.7837561925507215, -3.3903826267216504, 0.21385620482098489, 0.8169039779989784, 0.46887957261507474, 3.793797424304506, -3.410822481623164, -3.527286090455304, -3.183550994237704, 4.007626329723468, 1.5949836991927584, 0.5368442972726388, 1.4240771659861116, -4.065578053269665]}},
			{"instance": 0, "evals": 2301, "best": {"evals": 1997, "y": 311.3287431531276,