{
	"version": "0.3.14", 
	"suite": "unknown_suite", 
	"function_id": 23, 
	"function_name": "Katsuura", 
	"maximization": false, 
	"algorithm": {"name": "DE", "info": "algorithm_info"},
	"attributes": ["evaluations", "raw_y"],
	"scenarios": [
		{"dimension": 23,
		"path": "data_f23_Katsuura/IOHprofiler_f23_DIM23.dat",
		"runs": [
			{"instance": 0, "evals": 221, "best": {"evals": 131, "y": 5.795195630379554, "x": [2.7498347671563335, -2.3976340201477067, 2.3199394181140507, 0.986584841970366, -3.439813595575635, -3.4400547966379733, -4.419163878318005, 3.6617614577493516, -0.13878747764992494, 0.03834953435126076, -4.7941550570419755, -2.1081255370405017, 4.875155196520313, -2.8766088932172384, -3.181750327928994, -3.165954901465662, -1.9575775704046228, 0.24756431632237863, -0.5902668511409386, -4.8593745471434495, 1.118528947223795, -3.6050613934795814, -2.0785535146478185]}},
			{"instance": 0, "evals": 221, "best": {"evals": 55, "y": 3.5938724900098875, "x": [-3.1589867663904303, -3.943496545510693, 3.128509715367578, 0.7875647635999927, 3.8365498747629223, 2.8146208875470924, 0.17557544232008127, -2.040283086451428, -4.12026268650534, -3.8532080274065024, 3.508527573220954, -3.6594876702039953, -1.802518151292132, -1.8583793616302788, 0.2841135739449392, -4.665764275644962, -3.9184359429065934, 0.014063641189448806, 1.1984445691750403, -3.241097165813379, -2.6461673810164243, 2.359774614063454, -1.5149135399743612]}},
			{"instance": 0, "evals": 221, "best": {"evals": 96, "y": 5.44205616199399, "x": [1.6824818936942592, -1.6569864047751177, 1.020760733284753, -0.7892860180636614, 2.486845928325792, 0.8830776938059071, -3.8624687901487156, 0.6923929556206778, -2.7182228287082886, 3.8449653479386345, 4.6275534742432605, -1.5192962913885988, -1.5349911263425495, 0.9568063582311526, 4.709753298600601, 1.258866443304841, 0.7965796367631608, 0.22378585084381508, 4.006565507683996, 0.7023796457704812, -1.3400359171006415, -2.4630570491148807, -1.0016754064979496]}},
			{"instance": 0, "evals": 221, "best": {"evals": 172, "y": 5.166507626409848, "x": [-3.6302398235983304, -0.6993407035013761, -0.24602628136117044, 0.14241967922372467, 3.780659402734944, 1.220964339795481, 3.390516247250547, -1.2615991403454805, -2.134402692894409, 3.827368389822446, -1.658509005178571, 0.21039255401490498, 3.014530278240473, 1.4879311558716761, 3.882836506761073, 4.2679249440930125, 2.6194869894014765, -2.341215146149022, 0.5651187179658619, 0.9555070123248575, 2.8587162559310553, 3.145673975205649, 2.981903016205741]}},
			{"instance": 0, "evals": 221, "best": {"evals": 172, "y": 4.817673548811125, "x": [-1.3624603508662974, 0.8205774322788233, 0.3720385948328442, 1.9520714410817392, -2.211693171391504, -2.56286644127049, 1.624873960354586, -0.2783656016944125, 1.5020147075034882, -4.345355151358872, -1.414722219999642, 2.8226209755321676, -0.14771845496542335, 3.858593943121231, -2.4704714866642927, 0.6528586624446646, -0.602484356643076, -0.9528975501124739, 1.9465533618141422, -3.606834636078683, -1.8804999081418394, 4.213759895281452, 2.465760872681548]}},
			{"instance": 0, "evals": 221, "best": {"evals": 75, "y": 5.523596122067531, "x": [-4.137056335849174, 2.6859095876980676, 1.3631284007625197, 4.374401748839256, 2.8619857683502827, 2.3042648116385624, -2.1210922590478756, -4.30711796909688, 1.9263486164928323, -3.301407190316478, 0.022078549722799323, 2.083470794982576, -0.9412431214872106, 3.531623920501982, 3.5886752943149522, -2.118282334525663, 3.22426904917055, -4.5892361627896925, -0.7543360068503207, 1.3449922933927674, 3.833026637337129, -2.565875679198636, -0.4046772697400698]}},
			{"instance": 0, "evals": 221, "best": {"evals": 133, "y": 4.257529965016087, "x": [-1.9582305597524334, -4.769804838222475, 0.2802511166066832, -0.45663513445467796, 0.5403700985123128, 0.03867192653669038, -0.06299303153979352, -1.2173337834507891, 0.664308991335604, -4.210597215018098, 4.715401943085151, -1.939486574226012, 1.214431255017022, 3.5962307414688244, 1.6032630218172974, -2.788914372515676, -1.316780788800374, -2.1702818092392464, -1.7600749953439445, -1.7300919013218183, 2.0828450243582592, -0.6455650820540084, 1.3746448474960244]}},
			{"instance": 0, "evals": 221, "best": {"evals": 72, "y": 5.174224391837086, "x": [-1.5210118826630548, 1.7794845514108024, 2.7855367101372592, -2.4516606633682487, 2.581542692468478, 1.1042929267940682, 4.291743725799622, 3.8199530764022924, 2.3656872565912455, 2.0776830262462287, 2.1646573158074585, -4.735979250963886, -1.407833483460342, 1.7332187373486652, 3.7320254122383325, -1.1040545600751281, 4.608994120683175, 2.456108204849546, -3.8903363250280543, 2.3876163160571062, -1.1787970296521921, -4.226520053011582, -2.1060717197806564]}},
			{"instance": 0, "evals": 221, "best": {"evals": 136, "y": 5.506823029797139, "x": [3.096402163229344, -2.843083976065759, 0.32081290203183865, -0.7238744300617395, 3.7142755743076936, -1.2976227855605824, -4.560033240815071, 3.6094634310275353, 2.566900519312574, 2.446471801381783, -0.5481296667329569, -2.2239286078859664, -4.052610317373705, 3.747049111015869, -0.8601450194671934, 0.053713426016591015, -4.223921587341338, -0.22919277617024636, -4.944563834997781, -0.7170717919756031, 0.3123991461084472, 4.162977471565792, -1.6024837130418867]}},
			{"instance": 0, "evals": 221, "best": {"evals": 6, "y": 4.25073256928241, "x": [-2.595217314272402, -3.6012071411260624, 3.8473427703985177, -3.651330949226134, -4.143237838858135, 1.1994187320166771, -2.474477173082615, 1.5659999139900895, -0.1090196372251464, -2.8875157086593353, -4.303613590376977, -4.2934912697489604, 0.8586024439662401, 2.582452279550979, 1.8965978531072647, 0.9285303506293365, -2.8907184759931193, 3.6178859771227057, 1.2884575396195537, 1.9419855792911322, -2.7616892305878626, -2.3850899643670465, 4.07549560175276]}},
			{"instance": 0, "evals": 221, "best": {"evals": 198, "y": 3.820289566002034, "x": [-2.5336739222208373, -1.961384165669069, 3.8432878901369323, -4.6683010352790015, 2.034966882205884, 1.3121781091753277, -1.7508289124333687, 2.8548022995402835, 1.6176348292704787, -4.017025113749461, 0.6278515269692706, -2.5391631903694125, -2.0074339396082466, -3.155147020772459, 0.2727086989255758, -0.9056467874180569, 2.376837507767238, 3.699869596094196, 1.6085247880447398, 0.8281786560230504, -2.888216259189057, 4.803307817355693, 3.8807512268876088]}},
			{"instance": 0, "evals": 221, "best": {"evals": 199, "y": 5.683913080792242, "x": [-1.4061594415949044, -0.7995469182625765, -1.6835883853268296, 0.3673062230241131, 2.06642181494578, 2.3430255908660245, 3.9421784046968025, -2.366387758610114, 2.1639971072282984, 3.995590170883766, 1.1128429253373104, 1.7520874148211316, 4.265896119916633, -0.07219448440833443, -2.1838156200640757, -4.152299040461413, 0.7263627677128319, -0.5683496027134174, 4.4009048772212065, -0.31524134830478934, 2.5826764566581524, 0.6112844838816718, 4.685937132758143]}},
			{"instance": 0, "evals": 221, "best": {"evals": 172, "y": 3.186064636944364, "x": [-2.9456224903204675, -4.631021238247438, -3.93677757698034, -0.2757560173800835, 4.292311074309069, -4.255220775308656, -2.046285879261802, 2.8262593677883876, -2.728247730303666, -3.7214336276524094, 3.120081370110256, 2.840506312574722, -1.046264239625482, -0.693765349938051, -2.3422213808979833, -3.772404972297725, 1.2303858251516047, -1.3633812727270287, -3.1518539497108944, -2.522019702252862, -2.1816116674178074, 4.234205717933334, -0.7465262707764175]}},
			{"instance": 0, "evals": 221, "best": {"evals": 3, "y": 4.634016975822141,