{
	"version": "0.3.14", 
	"suite": "unknown_suite", 
	"function_id": 1, 
	"function_name": "Sphere", 
	"maximization": false, 
	"algorithm": {"name": "DE", "info": "algorithm_info"},
	"attributes": ["evaluations", "raw_y"],
	"scenarios": [
		{"dimension": 23,
		"path": "data_f1_Sphere/IOHprofiler_f1_DIM23.dat",
		"runs": [
			{"instance": 0, "evals": 2301, "best": {"evals": 2074, "y": 28.336936836792507, "x": [-0.8868439102168131, -3.5763738791394415, 2.785717586416606, -1.233150021512536, 2.164242257268099, -0.5796247440287141, -1.2167214139267668, -3.450197221036213, 2.1973840540210112, -0.524966190326448, -0.6788511242224611, 0.36167712942749697, 3.610613302315672, 0.7182027617002527, -0.6114083621862965, -0.6718524123791999, -2.637349976888314, 2.2162950606789313, 1.5746610350538544, 1.9687737215191359, -1.3313449322377249, -2.078938867492104, 3.9460159930560277]}},
			{"instance": 0, "evals": 2301, "best": {"evals": 1960, "y": 32.459486205359056, "x": [-0.1254478604021373, -3.549347800032253, -0.5464768826308567, 0.56421764980439, 3.9249682626213587, -1.5518342458212029, 1.117045626295468, -4.033742992601019, 2.4960900177015626, 0.09909450812150078, -0.6141097508003124, -0.17395472506162912, 3.2194977496218677, -0.47450404993249684, 1.1960587864285421, -3.631937135052909, -2.260417937836676, -0.4635338596447165, -0.3169782561717598, 2.2820189712637498, -1.7854499463912412, -0.529798405972093, 3.714044737077482]}},
			{"instance": 0, "evals": 2301, "best": {"evals": 2289, "y": 39.02180322858607, "x": [-0.4511228700087331, -3.073846427572996, 0.9357586308082557, -1.6912043178186345, 3.3732841811757517, -2.334304445679625, -0.2215337468838232, -1.2632098115072006, -0.5288094423000285, 1.6320519406430452, 1.402257981947396, 0.3694773625266936, 3.3991505781990234, 2.017324635805191, 1.0634328568590026, -2.1276176029478213, -1.7364778971381638, 0.32627878591487103, 1.572214173083513, 3.075971839386294, -4.128381353999918, 0.45655205961200607, 2.162411961624766]}},
			{"instance": 0, "evals": 2301, "best": {"evals": 2197, "y": 28.838904784649852, "x": [-1.7762996021125232, -2.7766891885394784, 2.9944046835925313, 1.4337471439523897, 3.069373879546543, 0.1958758045595701, 0.6794544291382882, -4.086612940631236, 1.0491379994727932, 1.8700187053521682, -1.219247141217497, -0.5577470936180511, 4.053705233836398, -1.2540964712876117, 2.523350987937094, -2.8601288149026796, -0.88033788434765, -0.8760906346227544, 2.3289462449581277, 3.3139834401017136, -2.578294824535229, 0.05930301991575693, 2.948641147202645]}},
			{"instance": 0, "evals": 2301, "best": {"evals": 2255, "y": 27.43294355473336, "x": [-0.309737147339492, -3.6693725008664213, 1.71104872470022, 1.3144553872121374, 2.3977924131551593, -0.8239855685573451, -0.9807458906466344, -3.5330404046625623, 0.8375474930089061, -0.6479266235852654, -0.6890587975410061, 2.0652437648802993, 4.596123793585595, 0.7666555099836341, 2.272738445333591, -1.079493640702056, -0.06573947141411729, 1.7569433264966738, 1.670589276241599, 3.998161338876048, -2.617744320650085, -1.882137049321583, 1.132652883072521]}},
			{"instance": 0, "evals": 2301, "best": {"evals": 2262, "y": 26.940435908746764, "x": [-0.6809185572933247, -1.59983230671719, 2.5638365466229462, 0.0015626029891779858, 1.6468381599703683, -0.7611633550953609, -0.686144686608265, -2.214142951840468, 2.384932391461652, -0.6934773119552728, -1.2272993925271054, 0.3930471091384242, 4.206178091054241, 0.2693447574482424, 1.5687443303928594, -2.8172153734189695, -1.8624886003927064, 2.5404969623581937, 1.9244251125206238, 2.497167962495792, -2.5188607963826577, 0.5179075565745557, 2.0853022853535323]}},
			{"instance": 0, "evals": 2301, "best": {"evals": 2160, "y": 44.021277712309235, "x": [0.11521855133204517, -1.8737009875245598, 2.7720584415038245, 2.460945287257295, 4.256105514113952, -1.2134127113573303, 2.150832055217819, -0.09152295940201471, 1.1864668781994618, 1.5027368474398917, 0.46034314089500317, 3.4308340760722835, 4.767163936515496, 0.373411079872906, 0.67709263745106, -1.6588732358040739, -2.527269230567567, 0.7977781853935837, 2.013507729849944, 3.0570205713618357, -2.203597733344284, -4.621012690125862, 3.6542781179835635]}},
			{"instance": 0, "evals": 2301, "best": {"evals": 2153, "y": 33.213492890750295, "x": [-1.1027476513783838, -2.5305945246005512, 1.4158970111564808, -1.069849920630477, 3.1143836956512256, -0.7085362336940846, -2.3605794948483454, -4.042459087913367, 2.9076510974590226, 2.319365297027422, 0.05723868354617245, -0.3369353976647804, 2.603983962622718, 0.4645454666000546, 1.8368332986685871, -1.7415360391330794, -0.2429496782939391, 1.6605163819718802, 4.74440183617633, 3.2624080238973776, -2.954474641946904, -1.6366149325980461, 3.8784191865326143]}},
			{"instance": 0, "evals": 2301, "best": {"evals": 2174, "y": 39.16704540014817, "x": [-0.8238823046031637, -2.347227174985272, 4.334936160309932, 2.5099500902705367, 2.5906278751155556, -0.8756687632235822, 1.0200325703244233, -2.3717171237229007, 2.289417132679163, -0.7595237721234854, -0.6047593479319111, 0.02306477401553164, 4.204185711036535, 0.3705228273648138, -0.6241273043981515, -3.992712598321878, -1.7745801036299442, 1.546922408377147, 1.1716747259088052, 1.1026811480725154, -3.161742592377193, -2.8736858732691744, 0.994795683949162]}},
			{"instance": 0, "evals": 2301, "best": {"evals": 1988, "y": 23.804420301633854, "x": [-0.26134297117693395, -0.7717192633839471, 2.5645427494609434, -0.1188090252938847, 4.3521931095333635, -1.0295408041565048, 0.4009269070504582, -2.0380111188604184, 2.152513097377529, 2.225455584647541, 0.7316544089662225, 1.9655925509764793, 3.9338663420175077, 0.595001860724689, 1.6951817911029374, -2.469380878825348, -2.1167066853525935, 2.4674249980158587, 0.45301875219803645, 3.4660394381706148, -4.063401476551599, -3.1858965768643204, 1.5342709973371231]}},
			{"instance": 0, "evals": 2301, "best": {"evals": 2088, "y": 33.70593957793044, "x": [-0.94713260443746, -2.15763494409625, 2.073986195559979, 1.1841884748511937, 4.316955084028049, -1.5782747684479912, -1.2991407602356229, -4.583643241098067, -0.2881440875340555, 0.7305453426367572, -1.2499646429440479, 0.38053672627916146, 1.7706438283159427, -0.31258287578875743, 2.765679691800099, -2.4981192027726653, -2.50354672817136, 3.531611089736419, 1.2235318226084404, 2.2771712912820288, -4.876073217672606, 0.37703748423110617, 1.7909823193799952]}},
			{"instance": 0, "evals": 2301, "best": {"evals": 2179, "y": 30.741168941834783, "x": [-1.0704422278028787, -3.7966021285598557, 1.4784566439727216, 1.9949848362509517, 4.75052444061052, -3.8687710658306935, 0.7492007410178718, -1.4396762195488124, 3.1369754236424856, 1.7954240477952164, -1.6544044402892522, -0.6355094195095122, 3.9301034704289446, 1.2844749880456066, 0.9281683548030912, -1.507037248132396, -1.3009661063622207, 1.3518965933177085, 3.3845897713685726, 3.028083655585431, -2.6588770478077883, -1.436912125897567, 4.100315223209367]}},
			{"instance": 0, "evals": 2301, "best": {"evals": 2092, "y": 32.30091588491415, "x": [-1.004977725119832, -1.231064556139772, 3.1234654486755207, 0.9197167579390042, 2.76380432436737, -1.317708383335436, 1.8037557148617014, -1.4464423946182308, 2.6965865042144603, 1.9227459867068117, -1.1519147423096494, 0.794191091939578, 2.276934974594723, 0.27195501866401295, 0.8821440736907658, 0.036599015548063996, -2.3644374530201677, -0.8860112330462719, 3.257228842672401, 2.3568447664208185, -2.858664366728918, -1.8584299620777567, 1.4318423652109737]}},
			{"instance": 0, "evals": 2301, "best": {"evals": 1873, "y": 34.63972031183771,