{
	"version": "0.3.14", 
	"suite": "unknown_suite", 
	"function_id": 60, 
	"function_name": "fluid_dynamics_3pipes_iid0", 
	"maximization": false, 
	"algorithm": {"name": "DE", "info": "algorithm_info"},
	"attributes": ["evaluations", "raw_y"],
	"scenarios": [
		{"dimension": 23,
		"path": "data_f60_fluid_dynamics_3pipes_iid0/IOHprofiler_f60_DIM23.dat",
		"runs": [
			{"instance": 1, "evals": 221, "best": {"evals": 5, "y": 0.27363860607147217, "x": [0.41609381201776263, 0.09407156680438378, 0.3702370974992061, 0.01763098107811356, 0.04083185278721224, -0.1004595538020463, -0.6044741592521512, -0.5708403348865229, -0.6919292207903387, 0.18599840909479715, -0.24421223548866022, 0.030753840447958147, 0.3278548587719714, -0.18800449825486523, -0.05881351781880445, 0.19793024811219107, -0.1997478031557985, -0.3131796219323746, -0.12106279210029777, -0.19777832619638458, 0.262303086252236, 0.16921149750651587, 0.07859729050967096]}},
			{"instance": 1, "evals": 221, "best": {"evals": 211, "y": 0.24250377714633942, "x": [0.5046377352035387, 0.2401845072854012, 0.0754272484851185, 0.0946557714171887, -0.4663547537912739, 0.12497324355783401, 0.1765581385277006, 0.19272692837181793, -0.14778866940541557, -0.6539937523937837, 0.3716484050024402, -0.20682995635990647, 0.3668898287282144, 0.2301466793763491, 0.0993637060720571, -0.05466358528598428, -0.02721333000985149, -0.1948489437904749, 0.06940970296138982, 0.13989795767193997, 0.26161246754920575, -0.19102401162801444, 0.2659848576802983]}},
			{"instance": 1, "evals": 221, "best": {"evals": 218, "y": 0.2750329375267029, "x": [0.38605819826605753, -0.3666962225135745, -0.45418265069150293, -0.4787632839179501, 0.10718485347930473, -0.3984124299368575, -0.26300315662233087, 0.6063327755823125, -0.38600368776573535, 0.28614290842933965, 0.031235270908488988, 0.4761573845808097, 0.037775777940349836, -0.3272223180663556, 0.19501820146801782, 0.1925431132845167, -0.17020897974932314, -0.3091739676517331, -0.0697664454884609, 0.17774445067387934, -0.09731062851274128, -0.06013241336191873, 0.09187975332819426]}},
			{"instance": 1, "evals": 221, "best": {"evals": 158, "y": 0.2686138451099396, "x": [0.540289023412469, -0.27651938509465185, 0.3290834663518273, -0.2986250299466587, -0.4884121728529266, -0.510440710631072, -0.3228589962210575, -0.6099066013777186, -0.6048451512487569, -0.5586656022795192, 0.44828798762115607, 0.05874070601343839, 0.3602697098415466, -0.13408135166957938, -0.09633066778807631, 0.3155524657399147, 0.2516084740868614, -0.028907791504803687, 0.22689422338144832, -0.008672500328156751, 0.12866061503963427, -0.22038020117654997, 0.04946795393038286]}}
		]}
	]
}
