{
	"version": "0.3.14", 
	"suite": "unknown_suite", 
	"function_id": 9, 
	"function_name": "RosenbrockRotated", 
	"maximization": false, 
	"algorithm": {"name": "DE", "info": "algorithm_info"},
	"attributes": ["evaluations", "raw_y"],
	"scenarios": [
		{"dimension": 23,
		"path": "data_f9_RosenbrockRotated/IOHprofiler_f9_DIM23.dat",
		"runs": [
			{"instance": 0, "evals": 2301, "best": {"evals": 2281, "y": 14820.941703661312, "x": [-0.7996869049293507, 0.5960343338063747, -0.7170127051889637, 2.0806480552147466, -2.7304527502615983, 0.002902452447835824, 1.3922489757297158, 1.1489218228807232, 1.2417658901353905, -1.547802651981463, 1.9713244068200715, 1.7612038885562709, 0.2689728387001429, -1.2191578489984227, 1.7140099088803415, -0.5349010527843863, -0.6786708979401883, 0.8192900948550873, 0.4442647539549597, 0.1899586114773899, -1.262339097905584, -1.1465314851230488, -0.7408425713711955]}},
			{"instance": 0, "evals": 2301, "best": {"evals": 1960, "y": 26275.64498215283, "x": [0.39919319423313615, -0.4331108071262567, -2.0254309753534585, -0.20824456807994918, -0.4717677368875539, 0.6230816427533248, -0.10250913292473918, -0.20277222942177375, 2.2274808622619435, -0.44379814738507783, 2.823489937985997, -0.5056575395771525, 4.052186780979577, 0.38885992906531364, 0.5246386064239097, -1.4730596171336412, 1.115712606947307, 3.508237200831776, -0.3169782561717598, -0.14094544678279664, 0.47891550423093854, -0.7710656071289974, -1.0163567236854556]}},
			{"instance": 0, "evals": 2301, "best": {"evals": 1983, "y": 8583.187111870066, "x": [0.7787002295818093, -0.4798991679860287, -2.2754972320047298, -0.5527481915118253, -2.0649269305232805, 2.739059194658446, 0.2419253665584149, 0.9490878811432027, -2.3370799964409903, 1.8766514894502948, -1.520305932504534, -0.9647464334173632, -0.23470675609453395, 2.042381151357347, 1.8707922598856257, -1.3454240330301168, 1.1530746304407495, 1.8848342433922365, -0.7480360164776133, -2.5232997419410674, -0.6403398859356376, -2.298056361230415, 1.466457128553607]}},
			{"instance": 0, "evals": 2301, "best": {"evals": 1600, "y": 20056.662099588233, "x": [-0.4193124902739027, 1.7627961076968193, 0.4164922881615727, -1.6943270126779622, -0.6364899896862859, -0.5678377504798524, -1.8224945479405474, -0.8431535451868029, -3.460108138658682, 3.088835600502314, -1.6711281710312162, 1.8584059340250085, -1.6813809559014388, -2.4378409691107668, -0.443148154268006, -0.6626474630483854, -0.6996046819324642, -1.1975644657456457, 1.4766286633413979, 0.48085814561259466, 1.3096871680025952, -0.2840488120454667, -0.8606351522399214]}},
			{"instance": 0, "evals": 2301, "best": {"evals": 2181, "y": 10668.937859562473, "x": [0.9100415819666958, -0.3169622451341598, -2.89658580421888, -0.43228783105649815, -1.3305203018093446, -1.1870005669589179, 0.4883643703748959, 0.023692175759842504, -1.3419546851935191, -1.478621137693825, -2.030502132660546, 0.5581956330607767, -2.5943875612175686, 1.1770756198462171, 0.2468166546539552, -2.0170125882969536, 2.1782893596292916, 0.4008235014868886, -2.877009974858286, 0.19273586936973786, 0.01970258369617861, -1.7563694684326203, -0.022102775836031707]}},
			{"instance": 0, "evals": 2301, "best": {"evals": 1594, "y": 9395.67211562456, "x": [-1.2405794728979227, -0.5005389965676654, 0.25137786449869426, 0.2934422370819558, 1.567944390415386, -0.5460490384105825, 1.2372160537420511, -0.3892488319513028, 0.2862549952950282, 0.5756495108162152, 1.4155605119927075, -0.11427446260094509, 1.5443352144598448, -2.2377450565034795, 1.8576266621420352, 2.4619849484825593, 1.6330902223406016, 1.0606267034061045, -0.10088507164409277, -1.7676575236684857, -0.8391812543552541, -0.49508971193394746, -1.0801154125608563]}},
			{"instance": 0, "evals": 2301, "best": {"evals": 2151, "y": 8729.275587479045, "x": [2.894428992675989, -0.22893870478983436, 0.27641709274522097, -0.6756980245192912, -0.9052261467159823, -0.02090091159567775, 1.0729684587419175, 0.653612342161992, 0.3140678862794566, 0.8056834026218531, 0.25047646022359604, -0.04557075772210606, 0.4360280328948902, -0.6332246734325939, -1.1086265675011826, -0.2353026841524931, -1.2009197393561455, 0.21851859460131573, -1.8782587336863963, -2.734472389845498, 0.08488946335366343, -0.28670224792420174, 1.2806880088032675]}},
			{"instance": 0, "evals": 2301, "best": {"evals": 1768, "y": 11914.907573789122, "x": [-0.5552501699722492, 0.033327449959620115, -0.339788988909133, -1.2893306846216133, -0.4719779575738743, -0.6094405103236444, 2.2663065829877054, 0.34037607454824803, 2.197583868800457, 1.686529318352889, 1.1912939170527341, 1.1319758401680566, -2.451301906530669, -0.6388796623421715, 0.13183139253049836, 0.007766814314816628, 1.2092887073119485, -0.7884152518019893, -1.7595699906078466, 0.9322577675972212, -1.4234806436818968, 0.7112848740318922, -0.7981394541513294]}},
			{"instance": 0, "evals": 2301, "best": {"evals": 2278, "y": 20178.36029670355, "x": [1.7290526265184538, 0.7756733159564312, 2.858068222873002, 0.7768293675838596, -2.357388236059008, -1.9261290667453697, -0.9434169939464474, 0.12600146623245578, -1.428377987717682, 2.0060686301033233, 0.21232283902396976, 0.5585473424134897, -1.6085769094421474, 1.2558159226012187, -1.3414271086158507, 1.2767922352314875, 2.015318817457446, 0.7738232089691242, 1.963456488802152, 0.3041403917734449, -1.8288896766950156, 1.4392066872489506, 1.0897723022565926]}},
			{"instance": 0, "evals": 2301, "best": {"evals": 1655, "y": 14717.844414913572, "x": [-0.027470142525978014, 1.7149615705238537, 2.4981257108954837, -1.6985288086720187, 1.5918679136173344, -1.6823182143179962, -0.9994385160652275, 1.2612481840856802, 2.0303822947622603, -0.6557691491522037, 1.2633537569032585, -0.923942900443155, 0.16938753959801223, -1.835872153503236, 0.39404404656133174, 1.9937816586017032, -1.8792157882846916, 2.3751233990606355, 0.3044920754188368, 0.921086434167087, -0.3518253842278656, -2.08168204629198, -0.7382402787007736]}},
			{"instance": 0, "evals": 2301, "best": {"evals": 2171, "y": 4333.875907356617, "x": [-0.7770757243488884, 0.0840592309119097, -0.0442162432203248, -0.7288349306923492, 2.1737860957944726, 0.1890122042757576, -0.22506647540515878, -0.1992044536081119, -0.7751416485462528, -0.3324570391141829, 0.3610673114944609, 1.3047444016556862, -1.4140484605716968, -0.7785610474795046, -1.8627818056662404, -0.5206455667763417, -1.0601899488733244, 1.2690110414521742, 1.3227040445374492, -0.7906267818719979, 0.8923790855903517, 0.3378342526303353, -0.07811301821461836]}},
			{"instance": 0, "evals": 2301, "best": {"evals": 2088, "y": 6908.815600769423, "x": [0.15198823366272668, 0.1709024561656749, 0.7585229826368765, -0.27196274910249474, -0.2759616547938739, -0.17562573559429562, 2.08089948512378, 2.9919855697026807, 2.031751975864535, -0.8787755905017862, 0.8733055131997869, 0.6971035585483945, -1.968174374354045, 0.9549772849119653, -0.023410614858443424, 0.533363373805777, 0.08948948578682003, 0.18971331191043284, 0.7854162814076515, 0.8247992566278661, 0.31895919281946084, 0.6764913088773965, -1.1035052546204547]}},
			{"instance": 0, "evals": 2301, "best": {"evals": 2277, "y": 18865.07615031091, "x": [-1.5437273145648476, -2.7053382217926827, -0.5907636703166224, -0.6037665792330322, 0.8599432869315813, -1.123490587090608, 1.468221746801007, 1.7389327353673343, -2.27071683885434, -2.9103260055310773, -2.0483633654929467, 0.04888515294706064, -1.5318088723392336, -1.4392293984839792, -0.009136099483992632, 1.6996888407363873, 1.1759720846102608, 0.41040112509756776, 0.8830988081091791, -0.8974041079188652, -1.879454116286417, -0.49492275287384135, -0.9754022761109015]}},
			{"instance": 0, "evals": 2301, "best": {"evals": 2081, "y": 10430.992317927563,