{
	"version": "0.3.14", 
	"suite": "unknown_suite", 
	"function_id": 4, 
	"function_name": "BuecheRastrigin", 
	"maximization": false, 
	"algorithm": {"name": "DE", "info": "algorithm_info"},
	"attributes": ["evaluations", "raw_y"],
	"scenarios": [
		{"dimension": 23,
		"path": "data_f4_BuecheRastrigin/IOHprofiler_f4_DIM23.dat",
		"runs": [
			{"instance": 0, "evals": 1101, "best": {"evals": 1086, "y": 979.1861914525732, "x": [2.6421778871083212, 4.170985294102072, -0.1434580798809426, 4.060211358633473, 1.9376697084012733, -3.0480784993630095, 0.3034070870045684, 1.135312622502001, 1.9988986371745625, -2.556497791255968, -3.70558385294893, -1.9653352848558203, -0.3658845140067051, -4.91023063883307, 0.5505514184951117, -1.2118651784733525, 1.8815019562492106, 2.618174962206206, 3.481286371137063, -3.954073358190388, 0.40204017438046447, -1.4055311568385407, 0.09190812738225596]}},
			{"instance": 0, "evals": 1101, "best": {"evals": 1070, "y": 781.0370891171018, "x": [-0.11331360659785883, 3.309028926797451, -0.5958338053793459, 3.1316904483431314, -1.4703826907272362, -3.402557668871485, 1.6391808595332926, -2.779483431073718, -4.3120765613009935, 2.259713251202569, -2.976808234378807, -1.3796243165958177, 0.03134321613239077, -0.7243548273855529, 1.4065596545937982, 0.13047549961687444, 1.8750605245406335, 3.283277481591803, 2.77282151289742, -2.5715016105944564, 0.2058335661268238, -3.343919556754367, 0.4570195403464735]}},
			{"instance": 0, "evals": 1101, "best": {"evals": 762, "y": 742.2463341196772, "x": [1.4178823139424344, -1.2419044165148923, 0.6664957110467586, 2.015109967803073, 1.1015990106967033, -0.3415326736275448, 1.1847301076258274, 3.2837549494118736, -0.5505899094377993, 0.1231772422280466, 3.1535534868119215, 3.439331103624477, -1.413562949988946, -3.5712921447486434, -0.9335225585132085, 3.1351882067631203, 1.2569298298542821, -0.1521760894203883, 0.36426418375755243, 0.20659218659921375, 1.5331774357507142, -4.290713464319671, 2.7983885299665188]}},
			{"instance": 0, "evals": 1101, "best": {"evals": 957, "y": 553.1252750130725, "x": [-0.8570661854483834, 0.08183798380453267, 0.6676181062350777, -2.036663115320353, 0.3948580318791066, 1.2115216662508699, 2.365352894010835, 1.7987506313351511, -0.39215275133418137, 4.649595694490172, 1.788728416105406, 3.238603777706066, 1.3266244799923097, 1.771400286828312, 1.465388901280642, 0.6306482029669036, 1.3327466946182716, -0.33067264645557115, 2.3496593022158727, -1.9673981596312164, 0.8580747220774889, -2.253828260018868, 1.8312403856881196]}},
			{"instance": 0, "evals": 1101, "best": {"evals": 1096, "y": 664.1102920389222, "x": [-2.1768429734543915, 2.292550224398169, -1.1986812922740895, 2.1238100958984045, -1.1547218885729693, 3.8786074561572335, 2.771164988115128, -4.717974507169201, 1.7454989068258833, 3.3714373687648376, 0.47905647011577, 2.4489063680017855, -0.31419820877484295, -4.318492164650225, 2.2150982769071765, -0.4007459644060427, -0.18169897902254872, 0.16211520496219745, 2.0787038636377195, -1.598929484101666, -1.1166783879633981, -2.5734802966664794, 0.5341123774453203]}},
			{"instance": 0, "evals": 1101, "best": {"evals": 780, "y": 699.3489636093883, "x": [-2.782632599446581, -2.691137976762138, -0.9701237069774113, -1.1433813446338257, -4.246950004008638, 1.3747132506645428, 2.8177433557304767, -2.2640875435851897, 0.12164585765005975, 3.160553727509515, 0.918664097796811, -0.5570047555544431, 0.5832626526476841, -0.07245081285002364, -1.4205409048753366, 2.074760084356516, 2.4624156247656552, 1.5717257834330178, 2.5510344005276586, -0.6806159786568922, 1.0535281172420177, -3.6383855838667105, 0.14683689830084146]}},
			{"instance": 0, "evals": 1101, "best": {"evals": 1083, "y": 537.8685629077265, "x": [1.5683727012931814, 1.4622496289075415, -0.3339975472360144, -1.4480382367661946, -2.4363481017824737, 3.9877425772976154, -3.1367967398649426, -2.1153089529288924, 1.54377394083688, -1.3268748012931106, 1.4881204418122487, 2.966282672157748, -0.3387736760216189, -4.387116653844556, 0.5658732541895244, 3.4286126151890604, 2.7058710154448464, 2.078286535313079, 1.889304899625373, -4.020119763707868, 0.5774087386618278, -1.2139307555982204, 2.2579961666560227]}},
			{"instance": 0, "evals": 1101, "best": {"evals": 561, "y": 733.026678238125, "x": [2.028712157601622, 3.209942649550764, -1.0302271616640895, 3.1213377646706757, 1.8717081222226364, -2.258819454570873, 2.764709106216669, -1.1253385727322909, -0.2937994597655629, 4.147843814676227, -0.2744444616484727, 3.717429166973174, -3.1038886356184814, -1.1101061748593941, -0.3670955897917869, 0.7049612364515916, 0.7897618111929925, 2.623012768310213, 0.6768895872578036, 0.23960214579143102, -0.046985892023387876, -2.498912610677505, 1.9567838736701693]}},
			{"instance": 0, "evals": 1101, "best": {"evals": 999, "y": 713.7376406948571, "x": [-2.1481858482535685, 3.3653424542109214, -0.8174023323067665, 2.197132868546777, 3.338207941087621, 0.2951203123383408, -0.3730229709481683, -2.2953844911886967, 1.9924217603267804, -1.7443151564494839, 1.2251537680707036, 2.072029723183259, 1.6236922717219149, 0.4687655174897718, -4.761246313852339, 3.865634506223623, 1.0268196852412128, -0.7971430715105592, 2.0545370239787473, -2.4002197775559404, 0.5054294301228814, -4.131590126635999, 2.180387826374087]}},
			{"instance": 0, "evals": 1101, "best": {"evals": 1082, "y": 714.9673248980664, "x": [-4.27066363999025, -0.6228866300136837, 1.3139510562164691, 3.2693844077682983, 2.6949931834924037, -3.9479432700779835, 2.946935170397369, 1.0458454123856349, -0.8077837053083889, 4.400346021471346, 0.1786339377142956, 4.8696750170402145, -2.2610160224391667, -2.694199542173381, 1.3698065523192646, -0.3822435716296335, 2.528625232982348, 1.5345447744353389, 1.5204956049293656, -1.288758242374006, 0.8014472747690466, -0.4015778053996637, 0.9342459549310038]}},
			{"instance": 0, "evals": 1101, "best": {"evals": 978, "y": 719.6429042884661, "x": [0.36875579090147914, 0.5930326116275806, 0.14047204501586252, 3.171117676110968, 0.7141498077501849, 2.3724240707713147, 1.5936417110823504, -3.5845949525032426, 1.3550018128112358, 3.769618774536573, -0.22536718819834345, 0.030738228295346337, -2.598505803012736, -1.0660844765838404, 0.7658123043202576, -0.6718423661574362, 2.9916986930511995, -3.17207869139329, 1.6515737799071752, -3.2459893500151553, 1.505387061936329, -4.237528840284426, 0.09803169059869665]}},
			{"instance": 0, "evals": 1101, "best": {"evals": 1071, "y": 721.805751952319, "x": [1.2569678864279958, 2.0956991551928033, 0.4575513738221032, -4.182663773754924, 2.5136830908646495, -2.358588727324639, -0.618102282515828, 1.0120115735148345, 0.1948701596003617, 2.219740046678048, 1.4101298367521702, 3.171761812181245, 2.586339309338328, 3.72569384843075, -0.7541254561136223, 0.35366208593753434, 0.36453876522305007, 1.481040396225973, 3.052236708157092, -0.9853739318378683, 1.3442062356874067, -4.856149163195003, 2.242645128862667]}},
			{"instance": 0, "evals": 1101, "best": {"evals": 1051, "y": 664.6544233453565, "x": [0.854227764664104, -3.8404337225973673, -1.084855909543836, 3.9504054988428727, 3.2040745157851784, -0.9391840811787731, 3.6870981867702284, -1.8493644863988572, -1.7062922762499335, 1.9942006935796472, -0.7341774823845626, 1.7724376612255512, 1.440176805804456, -2.68282414281317, 2.2731584561728866, 1.2159902393728228, 2.9906179282387813, 0.05310962083313675, 3.1166575248243835, -3.959599650328971, -2.6378129620099866, -2.9407184958943264, 0.5732879464078782]}},
			{"instance": 0, "evals": 1101, "best": {"evals": 1082, "y": 618.1213573386024,