{
	"version": "0.3.14", 
	"suite": "unknown_suite", 
	"function_id": 60, 
	"function_name": "fluid_dynamics_3pipes_iid0", 
	"maximization": false, 
	"algorithm": {"name": "AQIDE", "info": "algorithm_info"},
	"attributes": ["evaluations", "raw_y"],
	"scenarios": [
		{"dimension": 23,
		"path": "data_f60_fluid_dynamics_3pipes_iid0/IOHprofiler_f60_DIM23.dat",
		"runs": [
			{"instance": 1, "evals": 230, "best": {"evals": 207, "y": 0.296475887298584, "x": [-3.330657357366067, 0.48287156117866453, -2.297646541053361, -4.904750503936357, -3.3276330179645366, 4.21539762586526, -3.410481147658664, 3.55988638783732, 1.6165395372789633, -3.624727063947793, 1.1589568584974137, -3.3611994169192694, 1.3579637163662281, -4.365031650642216, 3.2665216761590425, -4.563998654136672, 3.0987227389278575, -2.976788006001522, 1.7485767057125192, -0.11130761662543634, 3.1530720748835517, 3.6277746949392102, -0.5145962563898115]}},
			{"instance": 1, "evals": 230, "best": {"evals": 136, "y": 0.2792590260505676, "x": [-1.3249298050715161, 1.1401329822992523, 1.5979161245307352, -3.470831772304338, -0.5479008536886445, -0.05952605666701549, -5, 2.295648033680889, -2.147653826509454, -0.870761837319906, 4.798610439173027, 0.7766628352668504, -5, 2.2177487302290575, -1.5580300098442614, 5, -2.989237204181466, -5, -3.306122009861621, -0.6331803513852915, -0.13000040513604355, -2.316769004079936, 4.527969316857998]}},
			{"instance": 1, "evals": 230, "best": {"evals": 223, "y": 0.2880803048610687, "x": [-2.9331284630261845, 0.4975743419919332, 2.394201399131374, -0.7196943694557738, -1.8438302431108544, -4.446277262432007, -0.2332093866909448, 2.8424234284726353, -0.26839990860663965, -0.5718836343123145, -2.6598758133180698, 1.7507861638194824, -1.9538246836607702, 0.960254397595258, 2.658576045278362, 0.6349088895367243, 4.720981099938628, 1.6337442169069598, 0.14620908602548066, 2.102914627796256, 1.9600454755536636, -1.4693729497099297, 1.7726076127532342]}},
			{"instance": 1, "evals": 230, "best": {"evals": 206, "y": 0.2893872857093811, "x": [-0.893870687650677, -2.77293656920942, -1.166826198897805, -3.6426137134772603, 1.6127789361085727, -2.8495064798642384, 1.9524758386418977, 1.74491505457204, 0.0922078683436337, -3.616151360252869, 1.4472101891466609, -2.6988906999495326, -3.705385053954567, -0.7075996067691992, -1.8545995989367658, -4.337467852161332, -2.298764278847065, 0.23176995085885627, 0.1673375345184827, -2.6988599222657026, -1.0887409322044501, -1.2144798298699397, 2.222336103788791]}},
			{"instance": 1, "evals": 230, "best": {"evals": 141, "y": 0.2878258526325226, "x": [-2.410479909273704, 0.9980964139438545, -2.1484112282796084, 1.0879109056195606, -4.418854112314045, 1.9563316492694116, 0.48511691794099093, 1.8525058502118636, 2.113113047133453, -0.5392447059478047, 2.634951727882803, 0.1356228565900442, -0.6284774819614803, -0.4338770845183788, 0.4778905953116066, -2.6054131243352616, 0.8842291240717552, -2.8731537704435848, -3.946037056724742, -1.8490145391927397, -3.166704579870723, -0.9714497525900107, -4.0390129812177085]}},
			{"instance": 1, "evals": 230, "best": {"evals": 162, "y": 0.29459142684936523, "x": [3.7824349780307305, 2.8199449634803706, 2.720612298745063, 3.1884177290928144, -1.4168002967183773, 1.4763136473796286, -0.02150677004268653, -1.823298511547725, -0.54386809576936, 4.294003469268244, -3.36838841109791, 3.287508301101202, -3.49730915927907, -2.5982759859357403, -1.2449386436077048, 2.930996390316876, -3.66717575414208, -2.138948107429344, 2.1702266892998145, 3.969154437271959, 3.3125754085772137, 3.517694659231003, 3.1269966129000895]}},
			{"instance": 1, "evals": 230, "best": {"evals": 221, "y": 0.3289542496204376, "x": [-3.3841545837302314, -0.8936938227524094, 0.3842878630953688, -1.8307068662728727, 2.907928799158415, 3.0410696479214843, 3.645756628451533, -0.9244110357891263, -1.6299638927152134, -3.2147145891793274, 1.5850669399665906, -2.2640337903767134, -3.2818097919290734, -2.858639198377147, 2.6273539940720196, -4.060116248250537, 2.5619885688577306, -4.803178954596819, 2.3330821162390856, -1.2438901623980008, 4.021559609592759, 0.19334848989774844, 4.198614767524877]}},
			{"instance": 1, "evals": 230, "best": {"evals": 137, "y": 0.25699642300605774, "x": [-1.7880301658588944, -1.8689691573128802, -1.0081893515704217, -2.1201750319425785, -5, 1.9326744377595955, -0.8786064486164114, 1.9851352152879271, 1.4999086801748238, 1.9264409579732658, -0.5497101975906666, -2.973547029257336, 1.3179833035756119, -3.5046562019514163, 2.918201564677607, -5, -3.547762360972304, -0.6860987052092362, 0.2810628050303112, 5, 4.570236517829846, 0.3729968184399287, 5]}}
		]}
	]
}
