{
	"version": "0.3.14", 
	"suite": "unknown_suite", 
	"function_id": 60, 
	"function_name": "fluid_dynamics_3pipes_iid0", 
	"maximization": false, 
	"algorithm": {"name": "AdaptiveClusteringOptimizer", "info": "algorithm_info"},
	"attributes": ["evaluations", "raw_y"],
	"scenarios": [
		{"dimension": 23,
		"path": "data_f60_fluid_dynamics_3pipes_iid0/IOHprofiler_f60_DIM23.dat",
		"runs": [
			{"instance": 1, "evals": 330, "best": {"evals": 97, "y": 0.3139362335205078, "x": [-4.585576856957183, -4.0154489690716035, 4.203932231179385, -4.854952990596556, 3.3981676086226926, -0.6094960361856296, 2.0025051383212755, -2.291576318220294, -1.0703932112178127, 4.843634961989787, -4.806113272041159, -4.808600952569478, -2.7577640388832036, -1.6082992189132073, 3.930206915144602, 0.18268216221551636, 2.4554667523016, -2.094692073388831, -3.424091119436686, -0.33734277997180584, -0.08308621168805885, 1.076704343507112, -4.609299070786696]}},
			{"instance": 1, "evals": 330, "best": {"evals": 132, "y": 0.2936331033706665, "x": [0.08398372585035685, -0.20313349987253754, 0.07973919171557664, 0.6355264296050042, 0.886257851097161, -0.3846741835365701, 1.3997208620517678, 0.21053955871983793, 1.346295773200156, -1.648111223091484, 1.9947270107995707, -0.30009686896435306, -0.21201679910417126, 1.2128159717601368, -0.8886527414496207, -0.05271793982766483, 0.08683952311480293, 1.2648390474812974, 0.41217525667554256, 0.15119773823264576, 0.3686496023205574, -0.202398679960507, -0.011112092729119335]}},
			{"instance": 1, "evals": 330, "best": {"evals": 226, "y": 0.2914159893989563, "x": [0.3584465745103741, 0.33723197870361044, -0.02949613089279777, 0.07403265161084374, 0.208428042160716, -0.5828998661379268, 0.22955223945223918, 0.2297443820484406, 0.10977494501216557, -0.038896302413286704, 0.15316735010386703, 0.18370224667442372, -0.07371309109238051, -0.022694935703883923, -0.3675943313191504, -0.6947996042766775, 0.19392943363477427, 0.15519123891439937, 0.6369195946458831, 0.3929053381536133, 0.14268683473606597, 0.18144105925009396, -0.3199186385892473]}},
			{"instance": 1, "evals": 330, "best": {"evals": 301, "y": 0.2653222978115082, "x": [0.8989903207802608, -0.05875724180399458, 0.07412055912239313, 0.38324135201881543, -0.11200836172396572, -0.15022239802912019, 0.4519107850925764, -0.48945865372404695, -0.2799713924034184, 0.0818554565357137, 0.15200878333141302, -0.06082871809332306, -0.5220792834414859, -0.21720201124641994, 0.08794929504654143, 0.05444399246688661, 0.3476007780898852, -0.06787689347566922, -0.11472428292080794, -0.1120426436382096, 0.17501840689552076, -0.05340864212277788, -0.03775595935134636]}},
			{"instance": 1, "evals": 330, "best": {"evals": 274, "y": 0.3034478425979614, "x": [0.08162847896476, -0.8023134253591797, -0.21203028774940003, 0.43726828286321984, -0.14519233386187863, 0.02066152557211498, 0.37688060604951384, 0.33266172671438987, 0.6747970035050158, -0.07859220302870898, 0.5016081870782553, 0.05933035158863414, 0.3436431705782177, -0.23959897797274285, -0.12464331701165067, 0.5704451738789638, 0.04190572223167374, 0.3424590902492894, 0.5558882743806819, 0.24159900870661793, 0.24047308883560528, -0.4723347489285063, -0.15369976284161074]}},
			{"instance": 1, "evals": 330, "best": {"evals": 216, "y": 0.24578331410884857, "x": [-0.7187175703219155, 0.16754461949196528, -0.1338842104544642, -0.5568096872122859, -0.06576487972871511, -0.4381602317092429, -0.17733991254840362, -0.035028943937825754, 0.13162163771928823, -0.1315419388458971, 0.05389876710870805, -0.20510762855536305, -0.6482562831285552, 0.40626448938100135, -0.5393323573495857, -0.23823814895033266, -0.5933564267709475, 0.2821040784069027, 0.25201558068317265, 0.30892708525172036, 0.044954858836235845, 0.666610477054942, -0.4430246601593546]}},
			{"instance": 1, "evals": 330, "best": {"evals": 297, "y": 0.2993145287036896, "x": [-0.022529705845246564, -0.426386169818321, 0.5499558961070996, 0.1336851378168617, 0.12355258542352801, 0.4788279984698557, -0.12073288886535141, 0.4007417265714871, 0.24152031732675067, -0.662080359650409, 0.2739075616730711, 0.44576585955487436, -0.27229762509696753, -0.02675221319061663, -0.5123043827264221, 0.17358271764785574, -0.05484933565384766, 0.5293746199326583, 0.362043637636267, 0.2030869946080532, 0.3252426268256536, 0.5394640620109644, 0.16384439428831887]}},
			{"instance": 1, "evals": 330, "best": {"evals": 286, "y": 0.27481505274772644, "x": [0.7928046422947825, 0.5328827251869456, -0.1952641021212202, -0.17402866962643423, 0.026249655454461687, 0.049663214162495195, -0.7035614938308485, 0.05140729393369012, 0.19913819386553921, -0.3985027103135601, -0.08634716483593596, 0.22999319502161633, -0.3166663925186429, -0.9588484405503687, 0.01669495194641485, 0.6184944663002481, 0.09802283347379329, 0.3518894186331756, -0.21044531838824584, -0.07009679633935409, -0.16160708431508725, -0.05657985555198384, 0.19705515402180662]}},
			{"instance": 1, "evals": 330, "best": {"evals": 206, "y": 0.22809955477714539, "x": [-1.5639779016582007, 0.291363661498948, 0.13122881094724662, 0.4402523264392375, -0.33375924639544385, -0.2535685238679191, 0.5140459451371263, -0.6792520647138688, -0.4473815232520132, -0.00011635743785680039, -0.6761766400177722, 0.028947715561722147, -0.23969305286969564, -0.6084404204357272, -0.36842158871451314, 0.5984259539961181, -0.36847072000087827, 0.17912049484308137, 0.6168009606161219, 1.582892490718846, 0.7421482188491442, 0.6912463460246565, -0.03456744491354588]}},
			{"instance": 1, "evals": 330, "best": {"evals": 328, "y": 0.3106779158115387, "x": [1.013144235953267, 0.211803188682338, 0.10094458948763736, -0.22444851492322496, 0.4938317027945552, 0.017458696263289566, 0.674865245197365, -0.16415694699995353, 0.20784023721494455, -0.10453473117585835, 0.2771481439906869, -0.4035924395293627, -0.14087555879714697, 0.5904374443710517, 0.18196072866535945, -0.17293703015729467, -0.12077330793381584, 0.0018532900378622624, -0.27935107747633, -0.6772864393868004, 0.06387968946933437, 0.8252912330583769, -0.06149482828068456]}}
		]}
	]
}
