evaluations raw_y
1 2.299422083554192
2 8.03972835715261
3 9.009555844424339
4 11.746625395786777
5 8.463622350374758
6 5.400175620766026
7 4.208140219015525
8 5.346764093007755
9 5.123965397778038
10 1.486812635722231
11 11.393253194105053
12 3.036779286400025
13 5.302129622134608
14 6.956072107026799
15 12.823408272476193
16 2.9798203558243013
17 5.608747766322145
18 6.296386335238876
19 7.387379125897957
20 7.950697832650631
21 8.187473007963144
22 5.241749747699455
23 7.762395625612903
24 3.7613221029408135
25 6.228308728297953
26 4.235058341102322
27 3.1151211150424505
28 2.19732837185808
29 7.561130615639821
30 12.55359079735009
31 2.299422083554192
32 8.03972835715261
33 4.973964120217009
34 11.746625395786777
35 8.463622350374758
36 5.400175620766026
37 4.208140219015525
38 5.346764093007755
39 5.123965397778038
40 1.486812635722231
41 11.393253194105053
42 3.036779286400025
43 5.302129622134608
44 6.956072107026799
45 12.823408272476193
46 2.9798203558243013
47 5.608747766322145
48 6.296386335238876
49 7.387379125897957
50 7.950697832650631
51 8.187473007963144
52 5.241749747699455
53 7.762395625612903
54 3.7613221029408135
55 6.228308728297953
56 4.235058341102322
57 3.1151211150424505
58 7.107942684056622
59 7.561130615639821
60 12.55359079735009
61 2.299422083554192
62 8.03972835715261
63 4.973964120217009
64 11.746625395786777
65 8.463622350374758
66 5.400175620766026
67 4.208140219015525
68 5.346764093007755
69 5.123965397778038
70 1.486812635722231
71 11.393253194105053
72 3.036779286400025
73 5.302129622134608
74 6.956072107026799
75 12.823408272476193
76 2.9798203558243013
77 5.608747766322145
78 6.296386335238876
79 7.387379125897957
80 7.950697832650631
81 8.187473007963144
82 5.241749747699455
83 7.762395625612903
84 3.7613221029408135
85 6.228308728297953
86 4.235058341102322
87 3.1151211150424505
88 2.19732837185808
89 7.561130615639821
90 12.55359079735009
91 2.299422083554192
92 8.03972835715261
93 4.973964120217009
94 12.157148457830916
95 8.463622350374758
96 5.400175620766026
97 4.208140219015525
98 5.346764093007755
99 5.123965397778038
100 2.347769939297909
101 11.393253194105053
102 3.036779286400025
103 5.302129622134608
104 6.956072107026799
105 12.823408272476193
106 2.9798203558243013
107 5.608747766322145
108 6.296386335238876
109 7.387379125897957
110 7.950697832650631
111 8.187473007963144
112 5.241749747699455
113 7.762395625612903
114 3.7613221029408135
115 6.228308728297953
116 4.235058341102322
117 3.1151211150424505
118 2.19732837185808
119 7.561130615639821
120 12.55359079735009
121 2.299422083554192
122 8.03972835715261
123 4.973964120217009
124 11.746625395786777
125 8.463622350374758
126 5.400175620766026
127 4.208140219015525
128 5.346764093007755
129 5.123965397778038
130 1.486812635722231
131 11.393253194105053
132 3.036779286400025
133 5.302129622134608
134 6.956072107026799
135 12.823408272476193
136 2.9798203558243013
137 5.608747766322145
138 6.296386335238876
139 7.387379125897957
140 7.950697832650631
141 8.187473007963144
142 5.241749747699455
143 7.762395625612903
144 3.7613221029408135
145 6.228308728297953
146 4.235058341102322
147 3.1151211150424505
148 2.19732837185808
149 7.561130615639821
150 12.55359079735009
151 2.299422083554192
152 8.03972835715261
153 4.973964120217009
154 11.746625395786777
155 8.463622350374758
156 5.400175620766026
157 4.208140219015525
158 5.346764093007755
159 5.123965397778038
160 1.486812635722231
161 11.393253194105053
162 3.036779286400025
163 5.302129622134608
164 8.665623596095523
165 12.823408272476193
166 2.9798203558243013
167 5.608747766322145
168 6.296386335238876
169 8.068076797800998
170 7.950697832650631
171 8.187473007963144
172 5.241749747699455
173 7.762395625612903
174 3.7613221029408135
175 6.228308728297953
176 4.235058341102322
177 3.1151211150424505
178 2.19732837185808
179 7.561130615639821
180 12.55359079735009
181 2.299422083554192
182 8.03972835715261
183 4.973964120217009
184 11.746625395786777
185 8.463622350374758
186 5.400175620766026
187 4.208140219015525
188 5.346764093007755
189 5.123965397778038
190 1.486812635722231
191 11.393253194105053
192 3.036779286400025
193 5.302129622134608
194 6.956072107026799
195 12.823408272476193
196 2.9798203558243013
197 5.608747766322145
198 6.296386335238876
199 7.387379125897957
200 7.950697832650631
201 8.187473007963144
202 5.241749747699455
203 7.762395625612903
204 3.7613221029408135
205 6.228308728297953
206 4.235058341102322
207 3.1151211150424505
208 2.19732837185808
209 7.561130615639821
210 12.55359079735009
211 2.299422083554192
212 8.03972835715261
213 4.973964120217009
214 11.746625395786777
215 8.463622350374758
216 5.400175620766026
217 4.208140219015525
218 5.346764093007755
219 5.123965397778038
220 1.0804448091092493
221 11.393253194105053
222 3.036779286400025
223 5.302129622134608
224 7.12681927512366
225 12.823408272476193
226 2.9798203558243013
227 5.608747766322145
228 6.296386335238876
229 6.934857414308521
230 7.950697832650631
231 8.187473007963144
232 5.241749747699455
233 7.762395625612903
234 3.7613221029408135
235 6.228308728297953
236 4.235058341102322
237 3.1151211150424505
238 2.19732837185808
239 7.444830964642895
240 12.55359079735009
241 2.299422083554192
242 8.03972835715261
243 4.973964120217009
244 11.746625395786777
245 8.463622350374758
246 5.400175620766026
247 4.208140219015525
248 5.346764093007755
249 5.123965397778038
250 1.0804448091092493
251 11.393253194105053
252 3.036779286400025
253 5.302129622134608
254 6.956072107026799
255 12.823408272476193
256 2.9798203558243013
257 5.608747766322145
258 6.296386335238876
259 6.934857414308521
260 7.950697832650631
261 8.187473007963144
262 5.241749747699455
263 7.762395625612903
264 3.7613221029408135
265 6.228308728297953
266 4.235058341102322
267 3.1151211150424505
268 2.19732837185808
269 7.444830964642895
270 12.55359079735009
271 2.299422083554192
272 8.03972835715261
273 4.973964120217009
274 11.746625395786777
275 8.463622350374758
276 5.400175620766026
277 4.208140219015525
278 5.346764093007755
279 5.123965397778038
280 1.0804448091092493
281 11.393253194105053
282 3.036779286400025
283 5.302129622134608
284 6.956072107026799
285 12.823408272476193
286 2.9798203558243013
287 5.608747766322145
288 6.296386335238876
289 6.934857414308521
290 7.950697832650631
291 11.376953856978266
292 5.241749747699455
293 7.1590764786348995
294 3.7613221029408135
295 6.228308728297953
296 4.235058341102322
297 3.1151211150424505
298 2.19732837185808
299 7.444830964642895
300 12.55359079735009
301 2.299422083554192
302 8.03972835715261
303 4.973964120217009
304 11.746625395786777
305 8.463622350374758
306 5.400175620766026
307 4.208140219015525
308 5.346764093007755
309 5.123965397778038
310 1.0804448091092493
311 11.393253194105053
312 3.036779286400025
313 5.302129622134608
314 6.956072107026799
315 12.823408272476193
316 2.9798203558243013
317 5.608747766322145
318 6.296386335238876
319 6.934857414308521
320 7.950697832650631
321 8.187473007963144
322 5.241749747699455
323 7.1590764786348995
324 3.7613221029408135
325 6.228308728297953
326 4.235058341102322
327 3.1151211150424505
328 2.19732837185808
329 7.444830964642895
330 12.55359079735009
331 2.299422083554192
332 8.03972835715261
333 4.973964120217009
334 11.746625395786777
335 8.463622350374758
336 6.521862804754447
337 4.622376082673318
338 5.346764093007755
339 5.123965397778038
340 1.0804448091092493
341 11.393253194105053
342 3.036779286400025
343 5.302129622134608
344 6.956072107026799
345 12.823408272476193
346 2.9798203558243013
347 5.608747766322145
348 6.296386335238876
349 6.934857414308521
350 7.950697832650631
351 8.528361195409072
352 5.241749747699455
353 6.945059136762277
354 3.7613221029408135
355 6.228308728297953
356 4.235058341102322
357 3.1151211150424505
358 2.19732837185808
359 7.444830964642895
360 12.55359079735009
361 2.299422083554192
362 8.03972835715261
363 4.973964120217009
364 11.746625395786777
365 8.463622350374758
366 5.400175620766026
367 4.208140219015525
368 5.346764093007755
369 5.123965397778038
370 1.0804448091092493
371 11.393253194105053
372 3.036779286400025
373 5.302129622134608
374 6.956072107026799
375 12.823408272476193
376 2.9798203558243013
377 5.608747766322145
378 6.296386335238876
379 6.934857414308521
380 7.950697832650631
381 8.187473007963144
382 5.241749747699455
383 6.945059136762277
384 3.7613221029408135
385 6.228308728297953
386 4.235058341102322
387 3.1151211150424505
388 2.19732837185808
389 7.444830964642895
390 12.55359079735009
391 2.299422083554192
392 8.03972835715261
393 4.973964120217009
394 11.746625395786777
395 8.463622350374758
396 5.400175620766026
397 4.208140219015525
398 5.346764093007755
399 5.123965397778038
400 1.0804448091092493
401 11.393253194105053
402 3.036779286400025
403 5.302129622134608
404 6.956072107026799
405 12.823408272476193
406 2.9798203558243013
407 5.608747766322145
408 11.700948092427856
409 6.934857414308521
410 7.950697832650631
411 8.187473007963144
412 5.241749747699455
413 6.945059136762277
414 8.462022805921443
415 6.228308728297953
416 4.235058341102322
417 3.1151211150424505
418 2.19732837185808
419 7.444830964642895
420 12.55359079735009
421 2.299422083554192
422 8.03972835715261
423 4.973964120217009
424 11.746625395786777
425 8.463622350374758
426 5.400175620766026
427 4.208140219015525
428 5.346764093007755
429 5.123965397778038
430 1.0804448091092493
431 11.393253194105053
432 3.036779286400025
433 5.302129622134608
434 6.956072107026799
435 12.823408272476193
436 2.9798203558243013
437 5.608747766322145
438 6.296386335238876
439 6.934857414308521
440 7.950697832650631
441 8.187473007963144
442 5.241749747699455
443 6.945059136762277
444 3.7613221029408135
445 6.228308728297953
446 4.235058341102322
447 3.1151211150424505
448 2.19732837185808
449 7.444830964642895
450 12.55359079735009
451 2.299422083554192
452 8.03972835715261
453 4.973964120217009
454 11.746625395786777
455 8.463622350374758
456 5.400175620766026
457 4.208140219015525
458 5.346764093007755
459 5.123965397778038
460 1.0804448091092493
461 6.856446059908893
462 3.036779286400025
463 5.302129622134608
464 6.956072107026799
465 12.823408272476193
466 2.9798203558243013
467 5.608747766322145
468 6.402228996100297
469 6.934857414308521
470 7.950697832650631
471 10.92842773621764
472 5.241749747699455
473 6.945059136762277
474 6.370130568315087
475 6.228308728297953
476 4.235058341102322
477 3.1151211150424505
478 2.19732837185808
479 7.444830964642895
480 12.55359079735009
481 2.299422083554192
482 8.03972835715261
483 4.973964120217009
484 11.746625395786777
485 8.463622350374758
486 5.400175620766026
487 4.208140219015525
488 5.346764093007755
489 5.123965397778038
490 1.0804448091092493
491 6.856446059908893
492 3.036779286400025
493 5.302129622134608
494 6.956072107026799
495 12.823408272476193
496 2.9798203558243013
497 5.608747766322145
498 6.296386335238876
499 6.934857414308521
500 7.950697832650631
501 8.187473007963144
502 5.241749747699455
503 6.945059136762277
504 3.7613221029408135
505 6.228308728297953
506 4.235058341102322
507 3.1151211150424505
508 2.19732837185808
509 7.444830964642895
510 12.55359079735009
511 4.0106893433867015
512 8.03972835715261
513 4.973964120217009
514 11.746625395786777
515 8.463622350374758
516 5.400175620766026
517 4.208140219015525
518 5.346764093007755
519 5.123965397778038
520 1.0804448091092493
521 8.332065803170106
522 3.036779286400025
523 5.302129622134608
524 6.956072107026799
525 12.823408272476193
526 2.9798203558243013
527 5.608747766322145
528 11.700948092427856
529 6.934857414308521
530 7.950697832650631
531 9.006496386611314
532 5.241749747699455
533 6.945059136762277
534 1.0405091792892944
535 6.228308728297953
536 4.235058341102322
537 3.1151211150424505
538 2.19732837185808
539 7.444830964642895
540 11.545443462697735
541 2.299422083554192
542 8.03972835715261
543 4.973964120217009
544 11.746625395786777
545 8.463622350374758
546 5.400175620766026
547 4.208140219015525
548 5.346764093007755
549 5.123965397778038
550 1.0804448091092493
551 6.856446059908893
552 3.036779286400025
553 5.302129622134608
554 6.956072107026799
555 12.823408272476193
556 2.9798203558243013
557 5.608747766322145
558 6.296386335238876
559 6.934857414308521
560 7.950697832650631
561 8.187473007963144
562 5.241749747699455
563 6.945059136762277
564 1.0405091792892944
565 6.228308728297953
566 4.235058341102322
567 3.1151211150424505
568 2.19732837185808
569 7.444830964642895
570 11.545443462697735
571 8.811708471507618
572 8.03972835715261
573 4.973964120217009
574 11.746625395786777
575 8.463622350374758
576 5.400175620766026
577 4.208140219015525
578 5.346764093007755
579 5.123965397778038
580 1.0804448091092493
581 6.597207585086364
582 3.036779286400025
583 5.302129622134608
584 6.956072107026799
585 8.277835870399125
586 2.9798203558243013
587 5.608747766322145
588 9.602055885234064
589 6.934857414308521
590 7.950697832650631
591 14.856550838041528
592 5.241749747699455
593 6.945059136762277
594 5.646317475361625
595 6.228308728297953
596 4.235058341102322
597 3.1151211150424505
598 10.214814054765153
599 7.444830964642895
600 10.862898059884163
601 2.299422083554192
602 8.03972835715261
603 4.973964120217009
604 11.746625395786777
605 8.463622350374758
606 5.400175620766026
607 4.208140219015525
608 5.346764093007755
609 5.123965397778038
610 1.0804448091092493
611 6.597207585086364
612 3.036779286400025
613 5.302129622134608
614 6.956072107026799
615 8.277835870399125
616 2.9798203558243013
617 5.608747766322145
618 6.296386335238876
619 6.934857414308521
620 7.950697832650631
621 8.187473007963144
622 5.241749747699455
623 6.945059136762277
624 1.0405091792892944
625 6.228308728297953
626 4.235058341102322
627 3.1151211150424505
628 2.19732837185808
629 7.444830964642895
630 10.862898059884163
631 4.136723800671159
632 8.03972835715261
633 4.973964120217009
634 11.746625395786777
635 8.463622350374758
636 5.400175620766026
637 2.9587844714939955
638 5.346764093007755
639 5.123965397778038
640 1.0804448091092493
641 7.582266319170865
642 3.036779286400025
643 5.302129622134608
644 6.956072107026799
645 8.37926787977657
646 9.345959720011557
647 5.608747766322145
648 11.67527683545514
649 6.934857414308521
650 7.950697832650631
651 4.935939629699834
652 5.241749747699455
653 6.945059136762277
654 4.3756621954284105
655 6.228308728297953
656 4.235058341102322
657 3.1151211150424505
658 2.044475794854831
659 7.444830964642895
660 10.430342925659584
661 2.299422083554192
662 8.03972835715261
663 4.973964120217009
664 11.746625395786777
665 8.463622350374758
666 5.400175620766026
667 2.9587844714939955
668 5.346764093007755
669 5.123965397778038
670 1.0804448091092493
671 6.597207585086364
672 3.036779286400025
673 5.302129622134608
674 6.956072107026799
675 8.277835870399125
676 2.9798203558243013
677 5.608747766322145
678 6.296386335238876
679 6.934857414308521
680 7.950697832650631
681 4.935939629699834
682 5.241749747699455
683 6.945059136762277
684 1.0405091792892944
685 6.228308728297953
686 4.235058341102322
687 3.1151211150424505
688 2.044475794854831
689 7.444830964642895
690 10.430342925659584
691 7.068016654695555
692 8.03972835715261
693 4.973964120217009
694 11.266077845873884
695 8.463622350374758
696 5.400175620766026
697 2.031565400839713
698 5.346764093007755
699 5.123965397778038
700 1.0804448091092493
701 11.367850126999697
702 3.036779286400025
703 5.302129622134608
704 5.785215890443078
705 7.820540758094036
706 5.9096664127739835
707 5.608747766322145
708 3.343933982960751
709 6.934857414308521
710 7.950697832650631
711 5.844876480741736
712 5.241749747699455
713 6.945059136762277
714 -0.3387085780982494
715 6.228308728297953
716 4.235058341102322
717 3.1151211150424505
718 1.7159672912333426
719 7.444830964642895
720 11.157878036591088
721 2.299422083554192
722 8.03972835715261
723 4.973964120217009
724 11.266077845873884
725 8.463622350374758
726 5.400175620766026
727 2.031565400839713
728 5.346764093007755
729 5.123965397778038
730 1.0804448091092493
731 6.597207585086364
732 3.036779286400025
733 5.302129622134608
734 5.785215890443078
735 7.820540758094036
736 2.9798203558243013
737 5.608747766322145
738 3.343933982960751
739 6.934857414308521
740 7.950697832650631
741 4.935939629699834
742 5.241749747699455
743 6.945059136762277
744 -0.3387085780982494
745 6.228308728297953
746 4.235058341102322
747 3.1151211150424505
748 1.7159672912333426
749 7.444830964642895
750 10.430342925659584
751 7.5191128212752805
752 8.03972835715261
753 4.973964120217009
754 9.399798561848048
755 8.463622350374758
756 5.400175620766026
757 0.7266382277682415
758 5.346764093007755
759 5.123965397778038
760 1.0804448091092493
761 6.884736278856205
762 3.036779286400025
763 5.302129622134608
764 7.432235479722932
765 8.430085862812412
766 3.8884682159756547
767 5.608747766322145
768 8.234483156770798
769 6.934857414308521
770 7.950697832650631
771 4.629391209003641
772 5.241749747699455
773 6.945059136762277
774 1.1762627021367782
775 6.228308728297953
776 4.235058341102322
777 3.1151211150424505
778 8.141299926738894
779 7.444830964642895
780 7.967576039215317
781 2.299422083554192
782 8.03972835715261
783 4.973964120217009
784 9.399798561848048
785 8.463622350374758
786 5.400175620766026
787 0.7266382277682415
788 5.346764093007755
789 5.123965397778038
790 1.0804448091092493
791 6.597207585086364
792 3.036779286400025
793 5.302129622134608
794 5.785215890443078
795 7.820540758094036
796 2.9798203558243013
797 5.608747766322145
798 3.343933982960751
799 6.934857414308521
800 7.950697832650631
801 4.629391209003641
802 5.241749747699455
803 6.945059136762277
804 -0.3387085780982494
805 6.228308728297953
806 4.235058341102322
807 3.1151211150424505
808 1.7159672912333426
809 7.444830964642895
810 7.967576039215317
811 2.299422083554192
812 8.03972835715261
813 4.973964120217009
814 9.399798561848048
815 8.463622350374758
816 5.400175620766026
817 0.7266382277682415
818 5.346764093007755
819 5.123965397778038
820 1.0804448091092493
821 6.597207585086364
822 3.036779286400025
823 5.302129622134608
824 5.785215890443078
825 7.820540758094036
826 2.9798203558243013
827 5.608747766322145
828 3.343933982960751
829 8.084351523652824
830 7.950697832650631
831 4.629391209003641
832 5.241749747699455
833 6.945059136762277
834 -0.3387085780982494
835 6.228308728297953
836 4.2531880737334005
837 3.1151211150424505
838 1.7159672912333426
839 7.444830964642895
840 7.967576039215317
841 2.299422083554192
842 8.03972835715261
843 4.973964120217009
844 9.399798561848048
845 8.463622350374758
846 5.400175620766026
847 0.7266382277682415
848 5.346764093007755
849 5.123965397778038
850 1.0804448091092493
851 6.597207585086364
852 3.036779286400025
853 5.302129622134608
854 5.785215890443078
855 7.820540758094036
856 2.9798203558243013
857 5.608747766322145
858 3.343933982960751
859 6.934857414308521
860 7.950697832650631
861 4.629391209003641
862 5.241749747699455
863 6.945059136762277
864 -0.3387085780982494
865 6.228308728297953
866 4.235058341102322
867 3.1151211150424505
868 1.7159672912333426
869 7.444830964642895
870 7.967576039215317
871 2.299422083554192
872 8.03972835715261
873 5.3747364373939455
874 9.399798561848048
875 8.463622350374758
876 5.400175620766026
877 0.7266382277682415
878 5.346764093007755
879 5.123965397778038
880 1.0804448091092493
881 6.597207585086364
882 3.036779286400025
883 5.302129622134608
884 5.785215890443078
885 7.820540758094036
886 2.9798203558243013
887 5.608747766322145
888 3.343933982960751
889 9.204012069231272
890 7.950697832650631
891 4.629391209003641
892 11.121359461329767
893 6.945059136762277
894 -0.3387085780982494
895 6.228308728297953
896 5.797300685019114
897 3.1151211150424505
898 1.7159672912333426
899 7.444830964642895
900 7.967576039215317
901 2.299422083554192
902 8.03972835715261
903 4.973964120217009
904 9.399798561848048
905 8.463622350374758
906 5.400175620766026
907 0.7266382277682415
908 5.346764093007755
909 5.123965397778038
910 1.0804448091092493
911 6.597207585086364
912 3.036779286400025
913 5.302129622134608
914 5.785215890443078
915 7.820540758094036
916 2.9798203558243013
917 5.608747766322145
918 3.343933982960751
919 6.934857414308521
920 7.950697832650631
921 4.629391209003641
922 5.241749747699455
923 6.945059136762277
924 -0.3387085780982494
925 6.228308728297953
926 4.235058341102322
927 3.1151211150424505
928 1.7159672912333426
929 7.444830964642895
930 7.967576039215317
931 2.299422083554192
932 8.03972835715261
933 4.973964120217009
934 9.399798561848048
935 8.463622350374758
936 5.400175620766026
937 9.613888878971721
938 5.346764093007755
939 5.123965397778038
940 1.0804448091092493
941 6.597207585086364
942 3.036779286400025
943 5.302129622134608
944 5.785215890443078
945 7.820540758094036
946 2.9798203558243013
947 5.608747766322145
948 3.343933982960751
949 6.934857414308521
950 7.950697832650631
951 4.629391209003641
952 5.241749747699455
953 6.945059136762277
954 -0.3387085780982494
955 6.228308728297953
956 4.235058341102322
957 3.1151211150424505
958 1.7159672912333426
959 7.444830964642895
960 7.967576039215317
961 2.299422083554192
962 8.03972835715261
963 4.973964120217009
964 9.399798561848048
965 8.463622350374758
966 5.400175620766026
967 0.7266382277682415
968 5.346764093007755
969 5.123965397778038
970 1.0804448091092493
971 6.597207585086364
972 3.036779286400025
973 5.302129622134608
974 5.785215890443078
975 7.820540758094036
976 2.9798203558243013
977 5.608747766322145
978 3.343933982960751
979 6.934857414308521
980 7.950697832650631
981 4.629391209003641
982 5.241749747699455
983 6.945059136762277
984 -0.3387085780982494
985 6.228308728297953
986 4.235058341102322
987 3.1151211150424505
988 1.7159672912333426
989 7.444830964642895
990 7.967576039215317
evaluations raw_y
1 5.446235659622213
2 3.1386044340229606
3 6.7977837832790575
4 3.232108256205096
5 11.882718830450154
6 9.598218935374769
7 7.215473691940919
8 10.698645064645696
9 8.68443544608689
10 4.5897360091207124
11 6.892441919315294
12 5.571821400624657
13 3.850802460049217
14 9.173537473907624
15 5.651495952691462
16 8.417520211612366
17 5.586899040177421
18 7.712341109702059
19 4.707837690419722
20 4.8076779060885295
21 8.821161742772883
22 11.565207779058122
23 6.192707140779058
24 7.572491800614036
25 9.708901638055515
26 9.106025562499026
27 9.378810946607157
28 6.19762481070754
29 5.192965975513018
30 5.499217318061967
31 5.446235659622213
32 3.1386044340229606
33 6.7977837832790575
34 3.232108256205096
35 11.882718830450154
36 9.598218935374769
37 7.215473691940919
38 10.698645064645696
39 8.68443544608689
40 4.5897360091207124
41 6.892441919315294
42 5.571821400624657
43 3.3744921521199283
44 9.173537473907624
45 5.651495952691462
46 6.838663240422175
47 5.586899040177421
48 7.712341109702059
49 4.707837690419722
50 4.8076779060885295
51 8.821161742772883
52 11.565207779058122
53 6.192707140779058
54 7.572491800614036
55 9.708901638055515
56 9.106025562499026
57 9.378810946607157
58 6.19762481070754
59 5.192965975513018
60 5.499217318061967
61 5.446235659622213
62 3.1386044340229606
63 6.7977837832790575
64 3.232108256205096
65 11.882718830450154
66 9.598218935374769
67 7.215473691940919
68 10.698645064645696
69 8.68443544608689
70 4.5897360091207124
71 6.892441919315294
72 5.571821400624657
73 3.3744921521199283
74 9.173537473907624
75 5.651495952691462
76 6.838663240422175
77 5.586899040177421
78 7.712341109702059
79 4.707837690419722
80 4.8076779060885295
81 8.821161742772883
82 11.565207779058122
83 6.192707140779058
84 7.572491800614036
85 9.708901638055515
86 9.106025562499026
87 9.378810946607157
88 6.19762481070754
89 5.192965975513018
90 5.499217318061967
91 5.446235659622213
92 3.1386044340229606
93 6.7977837832790575
94 3.232108256205096
95 11.882718830450154
96 9.598218935374769
97 7.215473691940919
98 10.698645064645696
99 8.68443544608689
100 4.5897360091207124
101 6.892441919315294
102 5.571821400624657
103 3.3744921521199283
104 9.173537473907624
105 5.651495952691462
106 6.838663240422175
107 5.586899040177421
108 7.712341109702059
109 4.707837690419722
110 4.8076779060885295
111 8.821161742772883
112 11.565207779058122
113 13.829195378179996
114 7.97950493736963
115 9.708901638055515
116 9.106025562499026
117 9.378810946607157
118 6.19762481070754
119 5.192965975513018
120 5.499217318061967
121 5.446235659622213
122 3.1386044340229606
123 6.7977837832790575
124 3.232108256205096
125 11.882718830450154
126 9.598218935374769
127 7.215473691940919
128 10.698645064645696
129 8.68443544608689
130 4.5897360091207124
131 6.892441919315294
132 5.571821400624657
133 3.3744921521199283
134 9.173537473907624
135 5.651495952691462
136 6.838663240422175
137 5.586899040177421
138 7.712341109702059
139 4.707837690419722
140 4.8076779060885295
141 8.821161742772883
142 11.565207779058122
143 6.192707140779058
144 7.572491800614036
145 9.708901638055515
146 9.106025562499026
147 9.378810946607157
148 6.19762481070754
149 5.192965975513018
150 5.499217318061967
151 5.446235659622213
152 3.1386044340229606
153 6.7977837832790575
154 3.232108256205096
155 11.882718830450154
156 9.598218935374769
157 7.215473691940919
158 10.698645064645696
159 8.68443544608689
160 4.5897360091207124
161 6.892441919315294
162 5.571821400624657
163 3.3744921521199283
164 9.173537473907624
165 5.651495952691462
166 6.838663240422175
167 8.993738133378287
168 7.712341109702059
169 4.707837690419722
170 4.8076779060885295
171 8.821161742772883
172 10.439179056030516
173 6.192707140779058
174 7.572491800614036
175 9.708901638055515
176 9.106025562499026
177 9.378810946607157
178 6.19762481070754
179 5.192965975513018
180 5.499217318061967
181 5.446235659622213
182 3.1386044340229606
183 6.7977837832790575
184 3.232108256205096
185 11.882718830450154
186 9.598218935374769
187 7.215473691940919
188 10.698645064645696
189 8.68443544608689
190 4.5897360091207124
191 6.892441919315294
192 5.571821400624657
193 3.3744921521199283
194 9.173537473907624
195 5.651495952691462
196 6.838663240422175
197 5.586899040177421
198 7.712341109702059
199 4.707837690419722
200 4.8076779060885295
201 8.821161742772883
202 10.439179056030516
203 6.192707140779058
204 7.572491800614036
205 9.708901638055515
206 9.106025562499026
207 9.378810946607157
208 6.19762481070754
209 5.192965975513018
210 5.499217318061967
211 5.446235659622213
212 3.1386044340229606
213 6.7977837832790575
214 3.232108256205096
215 11.882718830450154
216 8.343352516273765
217 7.215473691940919
218 10.698645064645696
219 8.68443544608689
220 4.5897360091207124
221 6.892441919315294
222 5.760158056820554
223 3.3744921521199283
224 9.173537473907624
225 5.651495952691462
226 6.838663240422175
227 6.44086317861113
228 7.712341109702059
229 4.707837690419722
230 4.8076779060885295
231 8.821161742772883
232 11.219014207777574
233 6.192707140779058
234 7.572491800614036
235 9.708901638055515
236 9.106025562499026
237 9.378810946607157
238 6.19762481070754
239 5.192965975513018
240 5.499217318061967
241 5.446235659622213
242 3.1386044340229606
243 6.7977837832790575
244 3.232108256205096
245 11.882718830450154
246 8.343352516273765
247 7.215473691940919
248 10.698645064645696
249 8.68443544608689
250 4.5897360091207124
251 6.892441919315294
252 5.571821400624657
253 3.3744921521199283
254 9.173537473907624
255 5.651495952691462
256 6.838663240422175
257 5.586899040177421
258 7.712341109702059
259 4.707837690419722
260 4.8076779060885295
261 8.821161742772883
262 10.439179056030516
263 6.192707140779058
264 7.572491800614036
265 9.708901638055515
266 9.106025562499026
267 9.378810946607157
268 6.19762481070754
269 5.192965975513018
270 5.499217318061967
271 5.446235659622213
272 3.1386044340229606
273 6.7977837832790575
274 3.232108256205096
275 11.882718830450154
276 6.404750161986907
277 7.215473691940919
278 10.698645064645696
279 7.827287040167491
280 4.5897360091207124
281 6.892441919315294
282 5.760158056820554
283 3.3744921521199283
284 9.173537473907624
285 5.651495952691462
286 6.838663240422175
287 8.017582115314369
288 7.712341109702059
289 4.707837690419722
290 4.8076779060885295
291 8.821161742772883
292 8.478864181470264
293 6.192707140779058
294 7.572491800614036
295 9.708901638055515
296 12.705551800654359
297 9.378810946607157
298 6.19762481070754
299 5.192965975513018
300 5.499217318061967
301 5.446235659622213
302 3.1386044340229606
303 6.7977837832790575
304 3.232108256205096
305 11.882718830450154
306 6.404750161986907
307 7.215473691940919
308 10.698645064645696
309 7.827287040167491
310 4.5897360091207124
311 6.892441919315294
312 5.571821400624657
313 3.3744921521199283
314 9.173537473907624
315 5.651495952691462
316 6.838663240422175
317 5.586899040177421
318 7.712341109702059
319 4.707837690419722
320 4.8076779060885295
321 8.821161742772883
322 8.478864181470264
323 6.192707140779058
324 7.572491800614036
325 9.708901638055515
326 9.106025562499026
327 9.378810946607157
328 6.19762481070754
329 5.192965975513018
330 5.499217318061967
331 5.446235659622213
332 3.1386044340229606
333 6.7977837832790575
334 3.232108256205096
335 11.882718830450154
336 2.473545918405812
337 7.215473691940919
338 10.698645064645696
339 3.5073384946680073
340 4.5897360091207124
341 6.892441919315294
342 5.204577963443066
343 3.3744921521199283
344 9.173537473907624
345 5.651495952691462
346 6.838663240422175
347 8.017582115314369
348 7.712341109702059
349 4.707837690419722
350 4.8076779060885295
351 8.821161742772883
352 14.126346043318382
353 6.192707140779058
354 7.572491800614036
355 9.708901638055515
356 7.327427043800526
357 9.378810946607157
358 6.19762481070754
359 5.192965975513018
360 5.499217318061967
361 5.446235659622213
362 3.1386044340229606
363 6.7977837832790575
364 3.232108256205096
365 11.882718830450154
366 2.473545918405812
367 7.215473691940919
368 10.698645064645696
369 3.5073384946680073
370 4.5897360091207124
371 6.892441919315294
372 5.204577963443066
373 3.3744921521199283
374 9.173537473907624
375 5.651495952691462
376 6.838663240422175
377 5.586899040177421
378 7.712341109702059
379 4.707837690419722
380 4.8076779060885295
381 8.821161742772883
382 8.478864181470264
383 6.192707140779058
384 7.572491800614036
385 9.708901638055515
386 7.327427043800526
387 9.378810946607157
388 6.19762481070754
389 5.192965975513018
390 5.499217318061967
391 5.446235659622213
392 3.1386044340229606
393 6.7977837832790575
394 3.232108256205096
395 11.882718830450154
396 6.734095290383983
397 7.215473691940919
398 10.698645064645696
399 11.519451023999423
400 4.5897360091207124
401 6.892441919315294
402 6.816766475264481
403 3.3744921521199283
404 9.173537473907624
405 5.651495952691462
406 6.838663240422175
407 8.017582115314369
408 7.712341109702059
409 4.707837690419722
410 5.060134023532505
411 8.821161742772883
412 13.070316855471177
413 6.192707140779058
414 7.572491800614036
415 9.708901638055515
416 16.49488250517839
417 9.378810946607157
418 6.19762481070754
419 5.192965975513018
420 5.499217318061967
421 5.446235659622213
422 3.1386044340229606
423 6.7977837832790575
424 3.232108256205096
425 11.882718830450154
426 2.473545918405812
427 7.215473691940919
428 10.698645064645696
429 3.5073384946680073
430 4.5897360091207124
431 6.892441919315294
432 5.204577963443066
433 3.3744921521199283
434 9.173537473907624
435 5.651495952691462
436 6.838663240422175
437 5.586899040177421
438 7.712341109702059
439 4.707837690419722
440 4.8076779060885295
441 8.821161742772883
442 8.478864181470264
443 6.192707140779058
444 7.572491800614036
445 9.708901638055515
446 7.327427043800526
447 9.378810946607157
448 6.19762481070754
449 5.192965975513018
450 5.499217318061967
451 5.446235659622213
452 3.1386044340229606
453 6.7977837832790575
454 3.232108256205096
455 11.882718830450154
456 8.86032296753312
457 7.215473691940919
458 10.698645064645696
459 5.2106456792970235
460 6.792602655109195
461 6.892441919315294
462 6.245962108942006
463 3.3744921521199283
464 9.173537473907624
465 5.651495952691462
466 6.838663240422175
467 7.4143385985431225
468 7.712341109702059
469 2.527925520427591
470 10.136814121201914
471 8.821161742772883
472 10.969397646266057
473 6.192707140779058
474 7.572491800614036
475 9.708901638055515
476 9.745670434068968
477 9.378810946607157
478 6.19762481070754
479 5.192965975513018
480 5.499217318061967
481 5.446235659622213
482 3.1386044340229606
483 6.7977837832790575
484 3.232108256205096
485 11.882718830450154
486 2.473545918405812
487 7.215473691940919
488 10.698645064645696
489 3.5073384946680073
490 4.5897360091207124
491 6.892441919315294
492 5.204577963443066
493 3.3744921521199283
494 9.173537473907624
495 5.651495952691462
496 6.838663240422175
497 5.586899040177421
498 7.712341109702059
499 2.527925520427591
500 4.8076779060885295
501 8.821161742772883
502 8.478864181470264
503 6.192707140779058
504 7.572491800614036
505 9.708901638055515
506 7.327427043800526
507 9.378810946607157
508 6.19762481070754
509 5.192965975513018
510 5.499217318061967
511 5.446235659622213
512 3.1386044340229606
513 6.7977837832790575
514 3.232108256205096
515 11.882718830450154
516 15.601032731949996
517 7.215473691940919
518 10.698645064645696
519 6.236267211221289
520 4.5897360091207124
521 6.892441919315294
522 5.204577963443066
523 3.3744921521199283
524 9.334747239842969
525 5.651495952691462
526 6.838663240422175
527 11.979070136698658
528 7.712341109702059
529 5.810166395150738
530 11.819330570662348
531 8.821161742772883
532 8.478864181470264
533 6.192707140779058
534 7.572491800614036
535 9.708901638055515
536 13.389413847543699
537 9.378810946607157
538 6.19762481070754
539 5.192965975513018
540 5.499217318061967
541 5.446235659622213
542 3.1386044340229606
543 6.7977837832790575
544 3.232108256205096
545 11.882718830450154
546 2.473545918405812
547 7.215473691940919
548 10.698645064645696
549 3.5073384946680073
550 4.5897360091207124
551 6.892441919315294
552 5.204577963443066
553 3.3744921521199283
554 9.173537473907624
555 5.651495952691462
556 6.838663240422175
557 5.586899040177421
558 7.712341109702059
559 2.527925520427591
560 4.8076779060885295
561 8.821161742772883
562 8.478864181470264
563 6.192707140779058
564 7.572491800614036
565 9.708901638055515
566 7.327427043800526
567 9.378810946607157
568 6.19762481070754
569 5.192965975513018
570 5.499217318061967
571 5.446235659622213
572 3.1386044340229606
573 6.7977837832790575
574 4.397754821195496
575 11.882718830450154
576 2.473545918405812
577 7.215473691940919
578 10.698645064645696
579 3.5073384946680073
580 4.5897360091207124
581 6.892441919315294
582 5.204577963443066
583 3.3744921521199283
584 9.173537473907624
585 5.651495952691462
586 6.838663240422175
587 5.586899040177421
588 7.712341109702059
589 2.527925520427591
590 4.8076779060885295
591 7.568509082498039
592 8.478864181470264
593 6.192707140779058
594 7.572491800614036
595 9.708901638055515
596 7.327427043800526
597 9.378810946607157
598 6.19762481070754
599 5.192965975513018
600 5.499217318061967
601 5.446235659622213
602 3.1386044340229606
603 6.7977837832790575
604 3.232108256205096
605 11.882718830450154
606 2.473545918405812
607 7.215473691940919
608 10.698645064645696
609 3.5073384946680073
610 4.5897360091207124
611 6.892441919315294
612 5.204577963443066
613 3.3744921521199283
614 9.173537473907624
615 5.651495952691462
616 6.838663240422175
617 5.586899040177421
618 7.712341109702059
619 2.527925520427591
620 4.8076779060885295
621 7.568509082498039
622 8.478864181470264
623 6.192707140779058
624 7.572491800614036
625 9.708901638055515
626 7.327427043800526
627 9.378810946607157
628 6.19762481070754
629 5.192965975513018
630 5.499217318061967
631 5.446235659622213
632 3.1386044340229606
633 6.7977837832790575
634 3.5879243375704535
635 11.882718830450154
636 2.473545918405812
637 7.215473691940919
638 10.698645064645696
639 3.5073384946680073
640 4.5897360091207124
641 6.892441919315294
642 5.204577963443066
643 3.3744921521199283
644 9.173537473907624
645 5.651495952691462
646 6.838663240422175
647 5.586899040177421
648 7.712341109702059
649 2.527925520427591
650 4.8076779060885295
651 4.870595869371921
652 8.478864181470264
653 6.192707140779058
654 7.572491800614036
655 9.708901638055515
656 7.327427043800526
657 9.414174668466833
658 6.19762481070754
659 5.192965975513018
660 5.499217318061967
661 5.446235659622213
662 3.1386044340229606
663 6.7977837832790575
664 3.232108256205096
665 11.882718830450154
666 2.473545918405812
667 7.215473691940919
668 10.698645064645696
669 3.5073384946680073
670 4.5897360091207124
671 6.892441919315294
672 5.204577963443066
673 3.3744921521199283
674 9.173537473907624
675 5.651495952691462
676 6.838663240422175
677 5.586899040177421
678 7.712341109702059
679 2.527925520427591
680 4.8076779060885295
681 4.870595869371921
682 8.478864181470264
683 6.192707140779058
684 7.572491800614036
685 9.708901638055515
686 7.327427043800526
687 9.378810946607157
688 6.19762481070754
689 5.192965975513018
690 5.499217318061967
691 5.446235659622213
692 3.1386044340229606
693 6.7977837832790575
694 3.232108256205096
695 11.882718830450154
696 2.473545918405812
697 7.215473691940919
698 10.698645064645696
699 3.5073384946680073
700 4.5897360091207124
701 6.892441919315294
702 5.204577963443066
703 3.3744921521199283
704 9.173537473907624
705 5.651495952691462
706 6.838663240422175
707 5.586899040177421
708 7.712341109702059
709 2.527925520427591
710 4.8076779060885295
711 4.870595869371921
712 8.478864181470264
713 6.192707140779058
714 7.572491800614036
715 9.708901638055515
716 12.495339683154196
717 9.378810946607157
718 4.550430863058045
719 5.192965975513018
720 5.499217318061967
721 5.446235659622213
722 3.1386044340229606
723 6.7977837832790575
724 3.232108256205096
725 11.882718830450154
726 2.473545918405812
727 7.215473691940919
728 10.698645064645696
729 3.5073384946680073
730 4.5897360091207124
731 6.892441919315294
732 5.204577963443066
733 3.3744921521199283
734 9.173537473907624
735 5.651495952691462
736 6.838663240422175
737 5.586899040177421
738 7.712341109702059
739 2.527925520427591
740 4.8076779060885295
741 4.870595869371921
742 8.478864181470264
743 6.192707140779058
744 7.572491800614036
745 9.708901638055515
746 7.327427043800526
747 9.378810946607157
748 4.550430863058045
749 5.192965975513018
750 5.499217318061967
751 5.446235659622213
752 3.1386044340229606
753 6.7977837832790575
754 3.232108256205096
755 11.882718830450154
756 2.473545918405812
757 7.215473691940919
758 10.698645064645696
759 3.5073384946680073
760 4.5897360091207124
761 6.892441919315294
762 5.204577963443066
763 3.3744921521199283
764 9.173537473907624
765 7.059426134611156
766 6.838663240422175
767 5.586899040177421
768 7.712341109702059
769 2.527925520427591
770 4.8076779060885295
771 4.870595869371921
772 8.478864181470264
773 6.192707140779058
774 7.572491800614036
775 9.219770587237523
776 8.718272166118888
777 9.378810946607157
778 4.018198421843785
779 5.192965975513018
780 5.499217318061967
781 5.446235659622213
782 3.1386044340229606
783 6.7977837832790575
784 3.232108256205096
785 11.882718830450154
786 2.473545918405812
787 7.215473691940919
788 10.698645064645696
789 3.5073384946680073
790 4.5897360091207124
791 6.892441919315294
792 5.204577963443066
793 3.3744921521199283
794 9.173537473907624
795 5.651495952691462
796 6.838663240422175
797 5.586899040177421
798 7.712341109702059
799 2.527925520427591
800 4.8076779060885295
801 4.870595869371921
802 8.478864181470264
803 6.192707140779058
804 7.572491800614036
805 9.219770587237523
806 7.327427043800526
807 9.378810946607157
808 4.018198421843785
809 5.192965975513018
810 5.499217318061967
811 5.446235659622213
812 3.1386044340229606
813 6.7977837832790575
814 3.232108256205096
815 11.882718830450154
816 2.473545918405812
817 7.215473691940919
818 10.698645064645696
819 3.5073384946680073
820 4.5897360091207124
821 6.892441919315294
822 5.204577963443066
823 3.3744921521199283
824 9.173537473907624
825 5.651495952691462
826 6.435281728988343
827 5.586899040177421
828 7.712341109702059
829 2.527925520427591
830 4.8076779060885295
831 4.870595869371921
832 8.478864181470264
833 6.192707140779058
834 7.572491800614036
835 9.219770587237523
836 7.327427043800526
837 8.307553141684137
838 4.018198421843785
839 5.192965975513018
840 5.499217318061967
841 5.446235659622213
842 3.1386044340229606
843 6.7977837832790575
844 3.232108256205096
845 11.882718830450154
846 2.473545918405812
847 7.215473691940919
848 10.698645064645696
849 3.5073384946680073
850 4.5897360091207124
851 6.892441919315294
852 5.204577963443066
853 3.3744921521199283
854 9.173537473907624
855 5.651495952691462
856 6.435281728988343
857 5.586899040177421
858 7.712341109702059
859 2.527925520427591
860 4.8076779060885295
861 4.870595869371921
862 8.478864181470264
863 6.192707140779058
864 7.572491800614036
865 9.219770587237523
866 7.327427043800526
867 8.307553141684137
868 4.018198421843785
869 5.192965975513018
870 5.499217318061967
871 5.446235659622213
872 3.1386044340229606
873 6.7977837832790575
874 3.3363557426690753
875 11.882718830450154
876 2.473545918405812
877 7.215473691940919
878 10.698645064645696
879 3.5073384946680073
880 4.5897360091207124
881 6.892441919315294
882 5.204577963443066
883 3.3744921521199283
884 9.173537473907624
885 5.651495952691462
886 3.2812737990160348
887 5.586899040177421
888 7.712341109702059
889 2.527925520427591
890 4.8076779060885295
891 4.870595869371921
892 8.478864181470264
893 6.192707140779058
894 7.572491800614036
895 9.219770587237523
896 7.327427043800526
897 8.307553141684137
898 4.018198421843785
899 5.192965975513018
900 5.499217318061967
901 5.446235659622213
902 3.1386044340229606
903 6.7977837832790575
904 3.232108256205096
905 11.882718830450154
906 2.473545918405812
907 7.215473691940919
908 10.698645064645696
909 3.5073384946680073
910 4.5897360091207124
911 6.892441919315294
912 5.204577963443066
913 3.3744921521199283
914 9.173537473907624
915 5.651495952691462
916 3.2812737990160348
917 5.586899040177421
918 7.712341109702059
919 2.527925520427591
920 4.8076779060885295
921 4.870595869371921
922 8.478864181470264
923 6.192707140779058
924 7.572491800614036
925 9.219770587237523
926 7.327427043800526
927 8.307553141684137
928 4.018198421843785
929 5.192965975513018
930 5.499217318061967
931 5.446235659622213
932 3.1386044340229606
933 6.7977837832790575
934 3.232108256205096
935 12.128892565653274
936 2.473545918405812
937 7.215473691940919
938 10.698645064645696
939 3.5073384946680073
940 4.5897360091207124
941 6.892441919315294
942 5.204577963443066
943 3.3744921521199283
944 9.173537473907624
945 5.651495952691462
946 3.2812737990160348
947 5.586899040177421
948 7.712341109702059
949 2.527925520427591
950 4.8076779060885295
951 15.740254604830469
952 8.478864181470264
953 6.192707140779058
954 7.572491800614036
955 9.219770587237523
956 7.327427043800526
957 8.307553141684137
958 4.018198421843785
959 5.192965975513018
960 5.499217318061967
961 5.446235659622213
962 3.1386044340229606
963 6.7977837832790575
964 3.232108256205096
965 11.882718830450154
966 2.473545918405812
967 7.215473691940919
968 10.698645064645696
969 3.5073384946680073
970 4.5897360091207124
971 6.892441919315294
972 5.204577963443066
973 3.3744921521199283
974 9.173537473907624
975 5.651495952691462
976 3.2812737990160348
977 5.586899040177421
978 7.712341109702059
979 2.527925520427591
980 4.8076779060885295
981 4.870595869371921
982 8.478864181470264
983 6.192707140779058
984 7.572491800614036
985 9.219770587237523
986 7.327427043800526
987 8.307553141684137
988 4.018198421843785
989 5.192965975513018
990 5.499217318061967
evaluations raw_y
1 1.8284183616617664
2 3.688999356118855
3 3.926233110677156
4 6.945474783000067
5 4.531731628059211
6 -0.8072994327244039
7 3.0653894946604616
8 2.144829086565476
9 11.409504113618159
10 5.234293767018045
11 5.5104397205988604
12 12.261521246503165
13 7.179664343093209
14 9.303753939517653
15 5.2426218316703
16 8.803183519857503
17 5.561705214371083
18 5.875941568305831
19 7.7067814426086505
20 5.695967222053966
21 12.207134469312336
22 3.860743158723487
23 5.653494638008837
24 7.743697493326625
25 2.0866771651796503
26 7.019065261369361
27 3.454996952450827
28 11.951450351092962
29 5.7849364147267295
30 4.332890759191991
31 1.8284183616617664
32 3.688999356118855
33 3.926233110677156
34 6.945474783000067
35 4.531731628059211
36 -0.8072994327244039
37 3.0653894946604616
38 2.144829086565476
39 11.409504113618159
40 5.234293767018045
41 5.5104397205988604
42 12.261521246503165
43 7.179664343093209
44 9.303753939517653
45 5.2426218316703
46 8.803183519857503
47 5.561705214371083
48 7.426035807881435
49 11.627204389928291
50 5.695967222053966
51 12.207134469312336
52 3.860743158723487
53 5.653494638008837
54 7.743697493326625
55 2.0866771651796503
56 7.019065261369361
57 3.454996952450827
58 11.951450351092962
59 5.7849364147267295
60 4.332890759191991
61 1.8284183616617664
62 3.688999356118855
63 3.926233110677156
64 6.945474783000067
65 4.531731628059211
66 -0.8072994327244039
67 3.0653894946604616
68 2.144829086565476
69 11.409504113618159
70 5.234293767018045
71 5.5104397205988604
72 12.261521246503165
73 7.179664343093209
74 9.303753939517653
75 5.2426218316703
76 8.803183519857503
77 5.561705214371083
78 5.875941568305831
79 7.7067814426086505
80 5.695967222053966
81 12.207134469312336
82 3.860743158723487
83 5.653494638008837
84 7.743697493326625
85 2.0866771651796503
86 7.019065261369361
87 3.454996952450827
88 11.951450351092962
89 5.7849364147267295
90 4.332890759191991
91 1.8284183616617664
92 3.688999356118855
93 3.926233110677156
94 6.945474783000067
95 4.531731628059211
96 1.417889650784903
97 3.0653894946604616
98 2.144829086565476
99 11.409504113618159
100 5.234293767018045
101 5.5104397205988604
102 12.261521246503165
103 6.379524931521056
104 9.303753939517653
105 5.2426218316703
106 8.803183519857503
107 5.561705214371083
108 5.875941568305831
109 7.7067814426086505
110 5.695967222053966
111 12.207134469312336
112 3.860743158723487
113 5.653494638008837
114 7.743697493326625
115 2.0866771651796503
116 7.019065261369361
117 3.454996952450827
118 11.951450351092962
119 5.7849364147267295
120 4.332890759191991
121 1.8284183616617664
122 3.688999356118855
123 3.926233110677156
124 6.945474783000067
125 4.531731628059211
126 -0.8072994327244039
127 3.0653894946604616
128 2.144829086565476
129 11.409504113618159
130 5.234293767018045
131 5.5104397205988604
132 12.261521246503165
133 6.379524931521056
134 9.303753939517653
135 5.2426218316703
136 8.803183519857503
137 5.561705214371083
138 5.875941568305831
139 7.7067814426086505
140 5.695967222053966
141 12.207134469312336
142 3.860743158723487
143 5.653494638008837
144 7.743697493326625
145 2.0866771651796503
146 7.019065261369361
147 3.454996952450827
148 11.951450351092962
149 5.7849364147267295
150 4.332890759191991
151 1.8284183616617664
152 3.688999356118855
153 3.926233110677156
154 6.945474783000067
155 4.531731628059211
156 -0.8072994327244039
157 3.0653894946604616
158 2.144829086565476
159 11.409504113618159
160 5.234293767018045
161 5.5104397205988604
162 12.261521246503165
163 6.379524931521056
164 9.303753939517653
165 5.2426218316703
166 8.803183519857503
167 5.561705214371083
168 5.875941568305831
169 7.7067814426086505
170 7.726481100654118
171 12.207134469312336
172 3.860743158723487
173 5.653494638008837
174 5.509248694572844
175 2.0866771651796503
176 7.019065261369361
177 3.454996952450827
178 11.951450351092962
179 5.7849364147267295
180 4.332890759191991
181 1.8284183616617664
182 3.688999356118855
183 3.926233110677156
184 6.945474783000067
185 4.531731628059211
186 -0.8072994327244039
187 3.0653894946604616
188 2.144829086565476
189 11.409504113618159
190 5.234293767018045
191 5.5104397205988604
192 12.261521246503165
193 6.379524931521056
194 9.303753939517653
195 5.2426218316703
196 8.803183519857503
197 5.561705214371083
198 5.875941568305831
199 7.7067814426086505
200 5.695967222053966
201 12.207134469312336
202 3.860743158723487
203 5.653494638008837
204 5.509248694572844
205 2.0866771651796503
206 7.019065261369361
207 3.454996952450827
208 11.951450351092962
209 5.7849364147267295
210 4.332890759191991
211 1.8284183616617664
212 3.688999356118855
213 3.926233110677156
214 6.945474783000067
215 4.531731628059211
216 1.3822089340582062
217 3.0653894946604616
218 2.144829086565476
219 11.409504113618159
220 7.788024304266189
221 5.5104397205988604
222 12.261521246503165
223 6.379524931521056
224 9.303753939517653
225 5.2426218316703
226 8.803183519857503
227 5.561705214371083
228 5.875941568305831
229 7.7067814426086505
230 5.695967222053966
231 12.207134469312336
232 3.860743158723487
233 5.653494638008837
234 5.509248694572844
235 2.0866771651796503
236 7.019065261369361
237 3.454996952450827
238 11.951450351092962
239 5.7849364147267295
240 4.332890759191991
241 1.8284183616617664
242 3.688999356118855
243 3.926233110677156
244 6.945474783000067
245 4.531731628059211
246 -0.8072994327244039
247 3.0653894946604616
248 2.144829086565476
249 11.409504113618159
250 5.234293767018045
251 5.5104397205988604
252 12.261521246503165
253 6.379524931521056
254 9.303753939517653
255 5.2426218316703
256 8.803183519857503
257 5.561705214371083
258 5.875941568305831
259 7.7067814426086505
260 5.695967222053966
261 12.207134469312336
262 3.860743158723487
263 5.653494638008837
264 5.509248694572844
265 2.0866771651796503
266 7.019065261369361
267 3.454996952450827
268 11.951450351092962
269 5.7849364147267295
270 4.332890759191991
271 1.8284183616617664
272 3.688999356118855
273 3.926233110677156
274 6.945474783000067
275 4.531731628059211
276 -0.8072994327244039
277 3.0653894946604616
278 2.144829086565476
279 11.409504113618159
280 11.131831093004735
281 5.5104397205988604
282 12.261521246503165
283 6.379524931521056
284 9.303753939517653
285 5.2426218316703
286 8.803183519857503
287 5.561705214371083
288 5.875941568305831
289 7.7067814426086505
290 5.695967222053966
291 12.207134469312336
292 7.915371081642075
293 5.653494638008837
294 5.509248694572844
295 2.0866771651796503
296 7.019065261369361
297 3.454996952450827
298 11.951450351092962
299 8.881271599178334
300 4.332890759191991
301 1.8284183616617664
302 3.688999356118855
303 3.926233110677156
304 6.945474783000067
305 4.531731628059211
306 -0.8072994327244039
307 3.0653894946604616
308 2.144829086565476
309 11.409504113618159
310 5.234293767018045
311 5.5104397205988604
312 12.261521246503165
313 6.379524931521056
314 9.303753939517653
315 5.2426218316703
316 8.803183519857503
317 5.561705214371083
318 5.875941568305831
319 7.7067814426086505
320 5.695967222053966
321 12.207134469312336
322 3.860743158723487
323 5.653494638008837
324 5.509248694572844
325 2.0866771651796503
326 7.019065261369361
327 3.454996952450827
328 11.951450351092962
329 5.7849364147267295
330 4.332890759191991
331 1.8284183616617664
332 3.688999356118855
333 3.926233110677156
334 6.945474783000067
335 4.531731628059211
336 -0.8072994327244039
337 3.0653894946604616
338 2.144829086565476
339 11.409504113618159
340 5.234293767018045
341 5.5104397205988604
342 12.261521246503165
343 6.379524931521056
344 9.303753939517653
345 5.2426218316703
346 8.803183519857503
347 5.561705214371083
348 5.875941568305831
349 7.7067814426086505
350 5.695967222053966
351 12.207134469312336
352 3.860743158723487
353 5.653494638008837
354 5.509248694572844
355 2.0866771651796503
356 7.019065261369361
357 3.454996952450827
358 11.951450351092962
359 5.7849364147267295
360 4.332890759191991
361 1.8284183616617664
362 3.688999356118855
363 3.926233110677156
364 6.945474783000067
365 4.531731628059211
366 -0.8072994327244039
367 3.0653894946604616
368 2.144829086565476
369 11.409504113618159
370 5.234293767018045
371 5.5104397205988604
372 12.261521246503165
373 6.379524931521056
374 9.303753939517653
375 5.2426218316703
376 8.803183519857503
377 5.561705214371083
378 5.875941568305831
379 7.7067814426086505
380 5.695967222053966
381 12.207134469312336
382 3.860743158723487
383 5.653494638008837
384 5.509248694572844
385 2.0866771651796503
386 7.019065261369361
387 3.454996952450827
388 11.951450351092962
389 5.7849364147267295
390 4.332890759191991
391 1.8284183616617664
392 7.7411478686339965
393 3.926233110677156
394 6.945474783000067
395 4.531731628059211
396 -0.8072994327244039
397 3.0653894946604616
398 2.144829086565476
399 11.409504113618159
400 5.234293767018045
401 5.5104397205988604
402 12.261521246503165
403 6.379524931521056
404 9.303753939517653
405 5.2426218316703
406 8.803183519857503
407 5.561705214371083
408 5.875941568305831
409 7.7067814426086505
410 5.695967222053966
411 12.207134469312336
412 3.860743158723487
413 5.653494638008837
414 5.509248694572844
415 2.0866771651796503
416 7.019065261369361
417 3.454996952450827
418 11.951450351092962
419 6.1328437391143655
420 4.332890759191991
421 1.8284183616617664
422 3.688999356118855
423 3.926233110677156
424 6.945474783000067
425 4.531731628059211
426 -0.8072994327244039
427 3.0653894946604616
428 2.144829086565476
429 11.409504113618159
430 5.234293767018045
431 5.5104397205988604
432 12.261521246503165
433 6.379524931521056
434 9.303753939517653
435 5.2426218316703
436 8.803183519857503
437 5.561705214371083
438 5.875941568305831
439 7.7067814426086505
440 5.695967222053966
441 12.207134469312336
442 3.860743158723487
443 5.653494638008837
444 5.509248694572844
445 2.0866771651796503
446 7.019065261369361
447 3.454996952450827
448 11.951450351092962
449 5.7849364147267295
450 4.332890759191991
451 1.8284183616617664
452 3.688999356118855
453 3.926233110677156
454 6.945474783000067
455 4.531731628059211
456 -0.8072994327244039
457 3.0653894946604616
458 2.144829086565476
459 11.409504113618159
460 5.234293767018045
461 5.5104397205988604
462 12.261521246503165
463 6.379524931521056
464 9.303753939517653
465 5.2426218316703
466 8.803183519857503
467 5.561705214371083
468 5.875941568305831
469 7.7067814426086505
470 4.377629871193293
471 12.207134469312336
472 3.860743158723487
473 5.653494638008837
474 5.509248694572844
475 2.0866771651796503
476 7.019065261369361
477 3.3705942835303033
478 11.951450351092962
479 5.7849364147267295
480 4.332890759191991
481 1.8284183616617664
482 3.688999356118855
483 3.926233110677156
484 6.945474783000067
485 4.531731628059211
486 -0.8072994327244039
487 3.0653894946604616
488 2.144829086565476
489 11.409504113618159
490 5.234293767018045
491 5.5104397205988604
492 12.261521246503165
493 6.379524931521056
494 9.303753939517653
495 5.2426218316703
496 8.803183519857503
497 5.561705214371083
498 5.875941568305831
499 7.7067814426086505
500 4.377629871193293
501 12.207134469312336
502 3.860743158723487
503 5.653494638008837
504 5.509248694572844
505 2.0866771651796503
506 7.019065261369361
507 3.3705942835303033
508 11.951450351092962
509 5.7849364147267295
510 4.332890759191991
511 1.8284183616617664
512 3.688999356118855
513 3.926233110677156
514 6.945474783000067
515 4.531731628059211
516 -0.8072994327244039
517 3.0653894946604616
518 2.144829086565476
519 11.409504113618159
520 5.784420351597858
521 5.5104397205988604
522 12.261521246503165
523 6.379524931521056
524 9.303753939517653
525 5.2426218316703
526 8.803183519857503
527 5.561705214371083
528 5.875941568305831
529 7.7067814426086505
530 4.377629871193293
531 12.207134469312336
532 3.860743158723487
533 6.978114262624424
534 5.509248694572844
535 2.0866771651796503
536 7.019065261369361
537 3.3705942835303033
538 11.951450351092962
539 5.7849364147267295
540 4.332890759191991
541 1.8284183616617664
542 3.688999356118855
543 3.926233110677156
544 6.945474783000067
545 4.531731628059211
546 -0.8072994327244039
547 3.0653894946604616
548 2.144829086565476
549 11.409504113618159
550 5.234293767018045
551 5.5104397205988604
552 12.261521246503165
553 6.379524931521056
554 9.303753939517653
555 5.2426218316703
556 8.803183519857503
557 5.561705214371083
558 5.875941568305831
559 7.7067814426086505
560 4.377629871193293
561 12.207134469312336
562 3.860743158723487
563 5.653494638008837
564 5.509248694572844
565 2.0866771651796503
566 7.019065261369361
567 3.3705942835303033
568 11.951450351092962
569 5.7849364147267295
570 4.332890759191991
571 1.8284183616617664
572 3.688999356118855
573 3.926233110677156
574 6.945474783000067
575 4.531731628059211
576 -0.8072994327244039
577 3.4727041238830783
578 2.144829086565476
579 11.409504113618159
580 5.234293767018045
581 5.5104397205988604
582 12.261521246503165
583 6.379524931521056
584 9.303753939517653
585 5.2426218316703
586 8.803183519857503
587 5.561705214371083
588 5.875941568305831
589 7.7067814426086505
590 4.377629871193293
591 12.207134469312336
592 3.860743158723487
593 5.653494638008837
594 5.509248694572844
595 2.0866771651796503
596 7.019065261369361
597 3.3705942835303033
598 6.636724595186885
599 5.7849364147267295
600 4.332890759191991
601 1.8284183616617664
602 3.688999356118855
603 3.926233110677156
604 6.945474783000067
605 4.531731628059211
606 -0.8072994327244039
607 3.0653894946604616
608 2.144829086565476
609 11.409504113618159
610 5.234293767018045
611 5.5104397205988604
612 12.261521246503165
613 6.379524931521056
614 9.303753939517653
615 5.2426218316703
616 8.803183519857503
617 5.561705214371083
618 5.875941568305831
619 7.7067814426086505
620 4.377629871193293
621 12.207134469312336
622 3.860743158723487
623 5.653494638008837
624 5.509248694572844
625 2.0866771651796503
626 7.019065261369361
627 3.3705942835303033
628 6.636724595186885
629 5.7849364147267295
630 4.332890759191991
631 1.8284183616617664
632 2.173307969888149
633 3.926233110677156
634 6.945474783000067
635 4.531731628059211
636 -0.8072994327244039
637 3.0653894946604616
638 2.144829086565476
639 11.409504113618159
640 5.234293767018045
641 5.5104397205988604
642 12.261521246503165
643 6.379524931521056
644 9.303753939517653
645 5.2426218316703
646 8.803183519857503
647 5.561705214371083
648 5.875941568305831
649 7.7067814426086505
650 4.377629871193293
651 12.207134469312336
652 3.860743158723487
653 5.653494638008837
654 5.0622067738596765
655 2.0866771651796503
656 7.019065261369361
657 3.3705942835303033
658 6.636724595186885
659 5.7849364147267295
660 4.332890759191991
661 1.8284183616617664
662 2.173307969888149
663 3.926233110677156
664 6.945474783000067
665 4.531731628059211
666 -0.8072994327244039
667 3.0653894946604616
668 2.144829086565476
669 11.409504113618159
670 5.234293767018045
671 5.5104397205988604
672 12.261521246503165
673 6.379524931521056
674 9.303753939517653
675 5.2426218316703
676 8.803183519857503
677 5.561705214371083
678 5.875941568305831
679 7.7067814426086505
680 4.377629871193293
681 12.207134469312336
682 3.860743158723487
683 5.653494638008837
684 5.0622067738596765
685 2.0866771651796503
686 7.019065261369361
687 3.3705942835303033
688 6.636724595186885
689 5.7849364147267295
690 4.332890759191991
691 1.8284183616617664
692 2.173307969888149
693 3.926233110677156
694 6.945474783000067
695 4.531731628059211
696 -0.8072994327244039
697 3.0653894946604616
698 2.144829086565476
699 11.409504113618159
700 5.234293767018045
701 5.5104397205988604
702 12.261521246503165
703 6.379524931521056
704 9.303753939517653
705 5.2426218316703
706 8.803183519857503
707 5.561705214371083
708 5.875941568305831
709 9.248400975164495
710 11.515279216762288
711 12.207134469312336
712 3.860743158723487
713 5.653494638008837
714 5.0622067738596765
715 2.0866771651796503
716 7.019065261369361
717 3.3705942835303033
718 6.636724595186885
719 5.7849364147267295
720 4.332890759191991
721 1.8284183616617664
722 2.173307969888149
723 3.926233110677156
724 6.945474783000067
725 4.531731628059211
726 -0.8072994327244039
727 3.0653894946604616
728 2.144829086565476
729 11.409504113618159
730 5.234293767018045
731 5.5104397205988604
732 12.261521246503165
733 6.379524931521056
734 9.303753939517653
735 5.2426218316703
736 8.803183519857503
737 5.561705214371083
738 5.875941568305831
739 7.7067814426086505
740 4.377629871193293
741 12.207134469312336
742 3.860743158723487
743 5.653494638008837
744 5.0622067738596765
745 2.0866771651796503
746 7.019065261369361
747 3.3705942835303033
748 6.636724595186885
749 5.7849364147267295
750 4.332890759191991
751 1.8284183616617664
752 2.173307969888149
753 3.926233110677156
754 6.797370800576733
755 9.029917406736757
756 -0.8072994327244039
757 3.0653894946604616
758 2.144829086565476
759 11.409504113618159
760 5.234293767018045
761 5.5104397205988604
762 12.261521246503165
763 6.379524931521056
764 9.303753939517653
765 5.2426218316703
766 8.803183519857503
767 5.561705214371083
768 5.875941568305831
769 7.7067814426086505
770 4.377629871193293
771 12.207134469312336
772 3.860743158723487
773 5.653494638008837
774 5.0622067738596765
775 2.0866771651796503
776 7.019065261369361
777 3.3705942835303033
778 6.636724595186885
779 5.7849364147267295
780 4.332890759191991
781 1.8284183616617664
782 2.173307969888149
783 3.926233110677156
784 6.797370800576733
785 4.531731628059211
786 -0.8072994327244039
787 3.0653894946604616
788 2.144829086565476
789 11.409504113618159
790 5.234293767018045
791 5.5104397205988604
792 12.261521246503165
793 6.379524931521056
794 9.303753939517653
795 5.2426218316703
796 8.803183519857503
797 5.561705214371083
798 5.875941568305831
799 7.7067814426086505
800 4.377629871193293
801 12.207134469312336
802 3.860743158723487
803 5.653494638008837
804 5.0622067738596765
805 2.0866771651796503
806 7.019065261369361
807 3.3705942835303033
808 6.636724595186885
809 5.7849364147267295
810 4.332890759191991
811 1.8284183616617664
812 2.173307969888149
813 3.926233110677156
814 6.797370800576733
815 4.531731628059211
816 -0.8072994327244039
817 3.0653894946604616
818 3.3038248576335945
819 11.409504113618159
820 12.204922215750067
821 5.5104397205988604
822 12.261521246503165
823 6.379524931521056
824 9.303753939517653
825 5.2426218316703
826 8.803183519857503
827 5.561705214371083
828 5.875941568305831
829 7.7067814426086505
830 4.377629871193293
831 12.207134469312336
832 3.860743158723487
833 5.653494638008837
834 5.0622067738596765
835 2.0866771651796503
836 7.019065261369361
837 3.3705942835303033
838 6.636724595186885
839 5.7849364147267295
840 4.332890759191991
841 1.8284183616617664
842 2.173307969888149
843 3.926233110677156
844 6.797370800576733
845 4.531731628059211
846 -0.8072994327244039
847 3.0653894946604616
848 2.144829086565476
849 11.409504113618159
850 5.234293767018045
851 5.5104397205988604
852 12.261521246503165
853 6.379524931521056
854 9.303753939517653
855 5.2426218316703
856 8.803183519857503
857 5.561705214371083
858 5.875941568305831
859 7.7067814426086505
860 4.377629871193293
861 12.207134469312336
862 3.860743158723487
863 5.653494638008837
864 5.0622067738596765
865 2.0866771651796503
866 7.019065261369361
867 3.3705942835303033
868 6.636724595186885
869 5.7849364147267295
870 4.332890759191991
871 1.8284183616617664
872 2.173307969888149
873 5.219905721588464
874 6.797370800576733
875 4.531731628059211
876 -0.8072994327244039
877 3.0653894946604616
878 2.987223331047977
879 11.409504113618159
880 10.563174433608049
881 5.5104397205988604
882 12.261521246503165
883 6.379524931521056
884 9.303753939517653
885 5.2426218316703
886 8.803183519857503
887 5.561705214371083
888 5.875941568305831
889 7.7067814426086505
890 4.377629871193293
891 12.207134469312336
892 4.31919148135117
893 5.653494638008837
894 5.0622067738596765
895 2.0866771651796503
896 7.019065261369361
897 3.3705942835303033
898 6.636724595186885
899 5.7849364147267295
900 4.332890759191991
901 1.8284183616617664
902 2.173307969888149
903 3.926233110677156
904 6.797370800576733
905 4.531731628059211
906 -0.8072994327244039
907 3.0653894946604616
908 2.144829086565476
909 11.409504113618159
910 5.234293767018045
911 5.5104397205988604
912 12.261521246503165
913 6.379524931521056
914 9.303753939517653
915 5.2426218316703
916 8.803183519857503
917 5.561705214371083
918 5.875941568305831
919 7.7067814426086505
920 4.377629871193293
921 12.207134469312336
922 3.860743158723487
923 5.653494638008837
924 5.0622067738596765
925 2.0866771651796503
926 7.019065261369361
927 3.3705942835303033
928 6.636724595186885
929 5.7849364147267295
930 4.332890759191991
931 1.8284183616617664
932 0.028675636180188535
933 3.926233110677156
934 6.797370800576733
935 4.531731628059211
936 -0.8072994327244039
937 3.0653894946604616
938 2.144829086565476
939 11.409504113618159
940 5.234293767018045
941 5.5104397205988604
942 12.261521246503165
943 6.379524931521056
944 9.303753939517653
945 6.7740984898509335
946 8.803183519857503
947 5.561705214371083
948 5.875941568305831
949 7.7067814426086505
950 4.377629871193293
951 12.207134469312336
952 3.860743158723487
953 5.653494638008837
954 5.0622067738596765
955 2.0866771651796503
956 7.019065261369361
957 3.3705942835303033
958 6.636724595186885
959 5.7849364147267295
960 4.332890759191991
961 1.8284183616617664
962 0.028675636180188535
963 3.926233110677156
964 6.797370800576733
965 4.531731628059211
966 -0.8072994327244039
967 3.0653894946604616
968 2.144829086565476
969 11.409504113618159
970 5.234293767018045
971 5.5104397205988604
972 12.261521246503165
973 6.379524931521056
974 9.303753939517653
975 5.2426218316703
976 8.803183519857503
977 5.561705214371083
978 5.875941568305831
979 7.7067814426086505
980 4.377629871193293
981 12.207134469312336
982 3.860743158723487
983 5.653494638008837
984 5.0622067738596765
985 2.0866771651796503
986 7.019065261369361
987 3.3705942835303033
988 6.636724595186885
989 5.7849364147267295
990 4.332890759191991
evaluations raw_y
1 5.802776582623755
2 6.6902007083470645
3 5.675246301593954
4 3.5280183670259087
5 4.250563980411157
6 5.810223468972678
7 9.82322590773421
8 4.967095908346926
9 1.1140023860279151
10 4.049895325177682
11 4.562299299756685
12 5.3187643688666215
13 2.9382744133821017
14 9.826861244356378
15 4.73431839647196
16 5.079195425275581
17 9.283752707278762
18 9.557662651787531
19 7.6538900757495085
20 7.420021855425073
21 9.91416602991945
22 10.828450362121647
23 2.2915399929620786
24 4.462228199766011
25 5.552926848782939
26 5.785852841500455
27 9.902116422760706
28 6.8258957462558305
29 3.390908738699171
30 6.584009847680782
31 5.802776582623755
32 6.6902007083470645
33 5.675246301593954
34 3.5280183670259087
35 4.250563980411157
36 5.810223468972678
37 9.82322590773421
38 4.967095908346926
39 1.1140023860279151
40 4.049895325177682
41 4.562299299756685
42 4.652873151263242
43 2.9382744133821017
44 9.826861244356378
45 4.73431839647196
46 5.079195425275581
47 9.283752707278762
48 9.557662651787531
49 7.6538900757495085
50 7.420021855425073
51 9.91416602991945
52 10.828450362121647
53 1.0405139990507575
54 4.462228199766011
55 5.552926848782939
56 5.785852841500455
57 9.902116422760706
58 6.8258957462558305
59 3.390908738699171
60 6.584009847680782
61 5.802776582623755
62 6.6902007083470645
63 5.675246301593954
64 3.5280183670259087
65 4.250563980411157
66 5.810223468972678
67 9.82322590773421
68 4.967095908346926
69 1.1140023860279151
70 4.049895325177682
71 4.562299299756685
72 4.652873151263242
73 2.9382744133821017
74 9.826861244356378
75 4.73431839647196
76 5.079195425275581
77 9.283752707278762
78 9.557662651787531
79 7.6538900757495085
80 7.420021855425073
81 9.91416602991945
82 10.828450362121647
83 1.0405139990507575
84 4.462228199766011
85 5.552926848782939
86 5.785852841500455
87 9.902116422760706
88 6.8258957462558305
89 3.390908738699171
90 6.584009847680782
91 5.802776582623755
92 6.6902007083470645
93 5.675246301593954
94 3.5280183670259087
95 4.250563980411157
96 5.810223468972678
97 6.433748673867042
98 4.967095908346926
99 1.1140023860279151
100 4.049895325177682
101 4.562299299756685
102 6.187089612967386
103 2.9382744133821017
104 9.826861244356378
105 4.73431839647196
106 5.079195425275581
107 9.283752707278762
108 9.557662651787531
109 7.6538900757495085
110 16.270145864842284
111 9.91416602991945
112 10.828450362121647
113 9.23159098223423
114 4.462228199766011
115 5.552926848782939
116 5.785852841500455
117 9.902116422760706
118 6.8258957462558305
119 3.390908738699171
120 6.584009847680782
121 5.802776582623755
122 6.6902007083470645
123 5.675246301593954
124 3.5280183670259087
125 4.250563980411157
126 5.810223468972678
127 6.433748673867042
128 4.967095908346926
129 1.1140023860279151
130 4.049895325177682
131 4.562299299756685
132 4.652873151263242
133 2.9382744133821017
134 9.826861244356378
135 4.73431839647196
136 5.079195425275581
137 9.283752707278762
138 9.557662651787531
139 7.6538900757495085
140 7.420021855425073
141 9.91416602991945
142 10.828450362121647
143 1.0405139990507575
144 4.462228199766011
145 5.552926848782939
146 5.785852841500455
147 9.902116422760706
148 6.8258957462558305
149 3.390908738699171
150 6.584009847680782
151 5.802776582623755
152 6.6902007083470645
153 5.675246301593954
154 3.5280183670259087
155 4.250563980411157
156 5.810223468972678
157 7.365944532478785
158 4.967095908346926
159 1.1140023860279151
160 4.049895325177682
161 4.562299299756685
162 6.13458586290681
163 2.9382744133821017
164 9.826861244356378
165 4.73431839647196
166 5.079195425275581
167 9.283752707278762
168 9.557662651787531
169 7.6538900757495085
170 10.974603992670213
171 6.366267044262154
172 10.828450362121647
173 6.843262416549119
174 11.600802618023602
175 5.552926848782939
176 5.785852841500455
177 9.902116422760706
178 6.8258957462558305
179 3.390908738699171
180 6.584009847680782
181 5.802776582623755
182 6.6902007083470645
183 5.675246301593954
184 3.5280183670259087
185 4.250563980411157
186 5.810223468972678
187 6.433748673867042
188 4.967095908346926
189 1.1140023860279151
190 4.049895325177682
191 4.562299299756685
192 4.652873151263242
193 2.9382744133821017
194 9.826861244356378
195 4.73431839647196
196 5.079195425275581
197 9.283752707278762
198 9.557662651787531
199 7.6538900757495085
200 7.420021855425073
201 6.366267044262154
202 10.828450362121647
203 1.0405139990507575
204 4.462228199766011
205 5.552926848782939
206 5.785852841500455
207 9.902116422760706
208 6.8258957462558305
209 3.390908738699171
210 6.584009847680782
211 5.802776582623755
212 4.115429205487212
213 5.675246301593954
214 3.5280183670259087
215 4.250563980411157
216 5.810223468972678
217 6.433748673867042
218 4.967095908346926
219 1.1140023860279151
220 4.049895325177682
221 4.562299299756685
222 4.652873151263242
223 2.9382744133821017
224 9.826861244356378
225 4.73431839647196
226 8.247109837492259
227 9.283752707278762
228 9.557662651787531
229 7.6538900757495085
230 7.420021855425073
231 6.366267044262154
232 10.828450362121647
233 1.0405139990507575
234 4.462228199766011
235 5.552926848782939
236 5.785852841500455
237 9.902116422760706
238 6.8258957462558305
239 3.390908738699171
240 6.584009847680782
241 5.802776582623755
242 4.115429205487212
243 5.675246301593954
244 3.5280183670259087
245 4.250563980411157
246 5.810223468972678
247 6.433748673867042
248 4.967095908346926
249 1.1140023860279151
250 4.049895325177682
251 4.562299299756685
252 4.652873151263242
253 2.9382744133821017
254 9.826861244356378
255 4.73431839647196
256 5.079195425275581
257 9.283752707278762
258 9.557662651787531
259 7.6538900757495085
260 7.420021855425073
261 6.366267044262154
262 10.828450362121647
263 1.0405139990507575
264 4.462228199766011
265 5.552926848782939
266 5.785852841500455
267 9.902116422760706
268 6.8258957462558305
269 3.390908738699171
270 6.584009847680782
271 6.448535234755863
272 4.455178298366193
273 5.675246301593954
274 3.5280183670259087
275 4.250563980411157
276 5.810223468972678
277 6.433748673867042
278 4.967095908346926
279 1.1140023860279151
280 4.049895325177682
281 4.562299299756685
282 4.652873151263242
283 2.9382744133821017
284 9.826861244356378
285 4.73431839647196
286 11.04883032669423
287 9.283752707278762
288 9.557662651787531
289 7.6538900757495085
290 7.484603003450283
291 6.366267044262154
292 10.828450362121647
293 1.0405139990507575
294 4.462228199766011
295 5.552926848782939
296 5.785852841500455
297 9.902116422760706
298 6.8258957462558305
299 3.390908738699171
300 6.584009847680782
301 5.802776582623755
302 4.115429205487212
303 5.675246301593954
304 3.5280183670259087
305 4.250563980411157
306 5.810223468972678
307 6.433748673867042
308 4.967095908346926
309 1.1140023860279151
310 4.049895325177682
311 4.562299299756685
312 4.652873151263242
313 2.9382744133821017
314 9.826861244356378
315 4.73431839647196
316 5.079195425275581
317 9.283752707278762
318 9.557662651787531
319 7.6538900757495085
320 7.420021855425073
321 6.366267044262154
322 10.828450362121647
323 1.0405139990507575
324 4.462228199766011
325 5.552926848782939
326 5.785852841500455
327 9.902116422760706
328 6.8258957462558305
329 3.390908738699171
330 6.584009847680782
331 5.497984375701649
332 4.115429205487212
333 5.675246301593954
334 3.5280183670259087
335 4.250563980411157
336 5.810223468972678
337 6.433748673867042
338 4.967095908346926
339 1.1140023860279151
340 4.049895325177682
341 4.562299299756685
342 6.310997287818502
343 2.9382744133821017
344 9.826861244356378
345 4.73431839647196
346 5.079195425275581
347 9.283752707278762
348 9.557662651787531
349 7.6538900757495085
350 7.420021855425073
351 6.366267044262154
352 10.828450362121647
353 1.0405139990507575
354 4.462228199766011
355 5.552926848782939
356 5.785852841500455
357 9.902116422760706
358 6.8258957462558305
359 3.390908738699171
360 6.584009847680782
361 5.497984375701649
362 4.115429205487212
363 5.675246301593954
364 3.5280183670259087
365 4.250563980411157
366 5.810223468972678
367 6.433748673867042
368 4.967095908346926
369 1.1140023860279151
370 4.049895325177682
371 4.562299299756685
372 4.652873151263242
373 2.9382744133821017
374 9.826861244356378
375 4.73431839647196
376 5.079195425275581
377 9.283752707278762
378 9.557662651787531
379 7.6538900757495085
380 7.420021855425073
381 6.366267044262154
382 10.828450362121647
383 1.0405139990507575
384 4.462228199766011
385 5.552926848782939
386 5.785852841500455
387 9.902116422760706
388 6.8258957462558305
389 3.390908738699171
390 6.584009847680782
391 5.50158048131132
392 4.115429205487212
393 5.675246301593954
394 3.5280183670259087
395 4.250563980411157
396 5.810223468972678
397 6.433748673867042
398 4.967095908346926
399 1.1140023860279151
400 4.049895325177682
401 4.562299299756685
402 3.336218379820772
403 2.9382744133821017
404 9.826861244356378
405 5.796913189023926
406 5.079195425275581
407 9.283752707278762
408 9.557662651787531
409 7.6538900757495085
410 7.420021855425073
411 6.366267044262154
412 10.828450362121647
413 1.0405139990507575
414 4.462228199766011
415 5.552926848782939
416 5.785852841500455
417 9.902116422760706
418 6.8258957462558305
419 2.74952871612346
420 6.584009847680782
421 5.497984375701649
422 4.115429205487212
423 5.675246301593954
424 3.5280183670259087
425 4.250563980411157
426 5.810223468972678
427 6.433748673867042
428 4.967095908346926
429 1.1140023860279151
430 4.049895325177682
431 4.562299299756685
432 3.336218379820772
433 2.9382744133821017
434 9.826861244356378
435 4.73431839647196
436 5.079195425275581
437 9.283752707278762
438 9.557662651787531
439 7.6538900757495085
440 7.420021855425073
441 6.366267044262154
442 10.828450362121647
443 1.0405139990507575
444 4.462228199766011
445 5.552926848782939
446 5.785852841500455
447 9.902116422760706
448 6.8258957462558305
449 2.74952871612346
450 6.584009847680782
451 5.497984375701649
452 4.115429205487212
453 5.675246301593954
454 3.5280183670259087
455 4.250563980411157
456 5.810223468972678
457 3.7013812058791444
458 4.967095908346926
459 1.1140023860279151
460 4.049895325177682
461 4.562299299756685
462 3.336218379820772
463 2.9382744133821017
464 9.826861244356378
465 4.73431839647196
466 5.079195425275581
467 9.283752707278762
468 10.010596771630427
469 7.6538900757495085
470 7.420021855425073
471 6.366267044262154
472 10.828450362121647
473 1.0405139990507575
474 4.462228199766011
475 5.552926848782939
476 5.785852841500455
477 9.902116422760706
478 6.8258957462558305
479 2.74952871612346
480 6.584009847680782
481 5.497984375701649
482 4.115429205487212
483 5.675246301593954
484 3.5280183670259087
485 4.250563980411157
486 5.810223468972678
487 3.7013812058791444
488 4.967095908346926
489 1.1140023860279151
490 4.049895325177682
491 4.562299299756685
492 3.336218379820772
493 2.9382744133821017
494 9.826861244356378
495 4.73431839647196
496 5.079195425275581
497 9.283752707278762
498 9.557662651787531
499 7.6538900757495085
500 7.420021855425073
501 6.366267044262154
502 10.828450362121647
503 1.0405139990507575
504 4.462228199766011
505 5.552926848782939
506 5.785852841500455
507 9.902116422760706
508 6.8258957462558305
509 2.74952871612346
510 6.584009847680782
511 5.497984375701649
512 4.115429205487212
513 5.675246301593954
514 3.5280183670259087
515 4.250563980411157
516 5.810223468972678
517 1.7073469589620516
518 6.814205440160878
519 1.1140023860279151
520 4.049895325177682
521 4.562299299756685
522 3.336218379820772
523 2.9382744133821017
524 9.826861244356378
525 4.73431839647196
526 5.079195425275581
527 9.283752707278762
528 9.557662651787531
529 7.6538900757495085
530 7.420021855425073
531 4.258996548903728
532 10.828450362121647
533 1.0405139990507575
534 4.462228199766011
535 5.552926848782939
536 5.785852841500455
537 9.902116422760706
538 6.8258957462558305
539 2.74952871612346
540 6.584009847680782
541 5.497984375701649
542 4.115429205487212
543 5.675246301593954
544 3.5280183670259087
545 4.250563980411157
546 5.810223468972678
547 1.7073469589620516
548 4.967095908346926
549 1.1140023860279151
550 4.049895325177682
551 4.562299299756685
552 3.336218379820772
553 2.9382744133821017
554 9.826861244356378
555 4.73431839647196
556 5.079195425275581
557 9.283752707278762
558 9.557662651787531
559 7.6538900757495085
560 7.420021855425073
561 4.258996548903728
562 10.828450362121647
563 1.0405139990507575
564 4.462228199766011
565 5.552926848782939
566 5.785852841500455
567 9.902116422760706
568 6.8258957462558305
569 2.74952871612346
570 6.584009847680782
571 4.419084547612159
572 4.115429205487212
573 5.675246301593954
574 3.5280183670259087
575 4.250563980411157
576 5.810223468972678
577 1.7073469589620516
578 4.967095908346926
579 1.1140023860279151
580 4.049895325177682
581 4.562299299756685
582 3.336218379820772
583 3.470791192105773
584 9.826861244356378
585 4.73431839647196
586 5.079195425275581
587 9.283752707278762
588 9.557662651787531
589 7.6538900757495085
590 7.420021855425073
591 4.258996548903728
592 10.828450362121647
593 1.0405139990507575
594 4.462228199766011
595 5.552926848782939
596 5.785852841500455
597 9.902116422760706
598 6.8258957462558305
599 2.74952871612346
600 6.584009847680782
601 4.419084547612159
602 4.115429205487212
603 5.675246301593954
604 3.5280183670259087
605 4.250563980411157
606 5.810223468972678
607 1.7073469589620516
608 4.967095908346926
609 1.1140023860279151
610 4.049895325177682
611 4.562299299756685
612 3.336218379820772
613 2.9382744133821017
614 9.826861244356378
615 4.73431839647196
616 5.079195425275581
617 9.283752707278762
618 9.557662651787531
619 7.6538900757495085
620 7.420021855425073
621 4.258996548903728
622 10.828450362121647
623 1.0405139990507575
624 4.462228199766011
625 5.552926848782939
626 5.785852841500455
627 9.902116422760706
628 6.8258957462558305
629 2.74952871612346
630 6.584009847680782
631 4.419084547612159
632 4.115429205487212
633 5.675246301593954
634 3.5280183670259087
635 4.250563980411157
636 5.810223468972678
637 1.7073469589620516
638 4.967095908346926
639 1.1140023860279151
640 4.049895325177682
641 4.562299299756685
642 3.336218379820772
643 2.9382744133821017
644 9.826861244356378
645 4.73431839647196
646 5.079195425275581
647 9.283752707278762
648 9.557662651787531
649 8.573215379160912
650 7.420021855425073
651 4.258996548903728
652 10.828450362121647
653 7.728310700930757
654 4.462228199766011
655 5.552926848782939
656 5.785852841500455
657 9.902116422760706
658 6.8258957462558305
659 2.74952871612346
660 6.584009847680782
661 4.419084547612159
662 4.115429205487212
663 5.675246301593954
664 3.5280183670259087
665 4.250563980411157
666 5.810223468972678
667 1.7073469589620516
668 4.967095908346926
669 1.1140023860279151
670 4.049895325177682
671 4.562299299756685
672 3.336218379820772
673 2.9382744133821017
674 9.826861244356378
675 4.73431839647196
676 5.079195425275581
677 9.283752707278762
678 9.557662651787531
679 7.6538900757495085
680 7.420021855425073
681 4.258996548903728
682 10.828450362121647
683 1.0405139990507575
684 4.462228199766011
685 5.552926848782939
686 5.785852841500455
687 9.902116422760706
688 6.8258957462558305
689 2.74952871612346
690 6.584009847680782
691 4.419084547612159
692 4.115429205487212
693 5.675246301593954
694 3.5280183670259087
695 4.250563980411157
696 5.810223468972678
697 1.7073469589620516
698 4.967095908346926
699 1.1140023860279151
700 4.049895325177682
701 4.562299299756685
702 7.4744076684243606
703 2.9382744133821017
704 9.826861244356378
705 4.73431839647196
706 5.58775330967153
707 9.283752707278762
708 9.557662651787531
709 7.6538900757495085
710 7.420021855425073
711 4.258996548903728
712 10.828450362121647
713 1.0405139990507575
714 4.462228199766011
715 5.552926848782939
716 5.785852841500455
717 9.902116422760706
718 6.8258957462558305
719 2.74952871612346
720 6.584009847680782
721 4.419084547612159
722 4.115429205487212
723 5.675246301593954
724 3.5280183670259087
725 4.250563980411157
726 5.810223468972678
727 1.7073469589620516
728 4.967095908346926
729 1.1140023860279151
730 4.049895325177682
731 4.562299299756685
732 3.336218379820772
733 2.9382744133821017
734 9.826861244356378
735 4.73431839647196
736 5.079195425275581
737 9.283752707278762
738 9.557662651787531
739 7.6538900757495085
740 7.420021855425073
741 4.258996548903728
742 10.828450362121647
743 1.0405139990507575
744 4.462228199766011
745 5.552926848782939
746 5.785852841500455
747 9.902116422760706
748 6.8258957462558305
749 2.74952871612346
750 6.584009847680782
751 7.353831241062681
752 4.115429205487212
753 5.675246301593954
754 3.5280183670259087
755 4.250563980411157
756 5.810223468972678
757 1.7073469589620516
758 4.967095908346926
759 1.1140023860279151
760 4.049895325177682
761 4.562299299756685
762 3.941802071706486
763 2.9382744133821017
764 9.826861244356378
765 4.73431839647196
766 3.6133161486154246
767 9.283752707278762
768 9.557662651787531
769 7.6538900757495085
770 7.420021855425073
771 4.258996548903728
772 10.828450362121647
773 1.0405139990507575
774 4.462228199766011
775 5.552926848782939
776 5.785852841500455
777 9.902116422760706
778 8.063880178598822
779 2.74952871612346
780 6.584009847680782
781 4.419084547612159
782 4.115429205487212
783 5.675246301593954
784 3.5280183670259087
785 4.250563980411157
786 5.810223468972678
787 1.7073469589620516
788 4.967095908346926
789 1.1140023860279151
790 4.049895325177682
791 4.562299299756685
792 3.336218379820772
793 2.9382744133821017
794 9.826861244356378
795 4.73431839647196
796 3.6133161486154246
797 9.283752707278762
798 9.557662651787531
799 7.6538900757495085
800 7.420021855425073
801 4.258996548903728
802 10.828450362121647
803 1.0405139990507575
804 4.462228199766011
805 5.552926848782939
806 5.785852841500455
807 9.902116422760706
808 6.8258957462558305
809 2.74952871612346
810 6.584009847680782
811 4.419084547612159
812 4.115429205487212
813 5.675246301593954
814 3.5280183670259087
815 4.250563980411157
816 5.810223468972678
817 1.7073469589620516
818 4.967095908346926
819 1.1140023860279151
820 3.685192936520088
821 4.562299299756685
822 4.005056862134932
823 2.9382744133821017
824 9.826861244356378
825 4.73431839647196
826 1.1660845203460537
827 9.283752707278762
828 9.557662651787531
829 7.6538900757495085
830 7.420021855425073
831 4.258996548903728
832 10.828450362121647
833 1.0405139990507575
834 4.462228199766011
835 5.552926848782939
836 5.785852841500455
837 9.902116422760706
838 3.930475108814242
839 2.74952871612346
840 6.584009847680782
841 4.419084547612159
842 4.115429205487212
843 5.675246301593954
844 3.5280183670259087
845 4.250563980411157
846 5.810223468972678
847 1.7073469589620516
848 4.967095908346926
849 1.1140023860279151
850 3.685192936520088
851 4.562299299756685
852 3.336218379820772
853 2.9382744133821017
854 9.826861244356378
855 4.73431839647196
856 1.1660845203460537
857 9.283752707278762
858 9.557662651787531
859 7.6538900757495085
860 7.420021855425073
861 4.258996548903728
862 10.828450362121647
863 1.0405139990507575
864 4.462228199766011
865 5.552926848782939
866 5.785852841500455
867 9.902116422760706
868 3.930475108814242
869 2.74952871612346
870 6.584009847680782
871 4.419084547612159
872 4.115429205487212
873 5.675246301593954
874 3.5280183670259087
875 4.250563980411157
876 5.810223468972678
877 1.7073469589620516
878 4.967095908346926
879 2.791659191510285
880 3.685192936520088
881 4.562299299756685
882 3.336218379820772
883 2.9382744133821017
884 9.826861244356378
885 4.73431839647196
886 1.1660845203460537
887 9.283752707278762
888 9.557662651787531
889 7.6538900757495085
890 7.420021855425073
891 4.258996548903728
892 10.828450362121647
893 1.0405139990507575
894 4.462228199766011
895 5.552926848782939
896 3.8567991598432103
897 9.902116422760706
898 3.930475108814242
899 2.74952871612346
900 6.584009847680782
901 4.419084547612159
902 4.115429205487212
903 5.675246301593954
904 3.5280183670259087
905 4.250563980411157
906 5.810223468972678
907 1.7073469589620516
908 4.967095908346926
909 1.1140023860279151
910 3.685192936520088
911 4.562299299756685
912 3.336218379820772
913 2.9382744133821017
914 9.826861244356378
915 4.73431839647196
916 1.1660845203460537
917 9.283752707278762
918 9.557662651787531
919 7.6538900757495085
920 7.420021855425073
921 4.258996548903728
922 10.828450362121647
923 1.0405139990507575
924 4.462228199766011
925 5.552926848782939
926 3.8567991598432103
927 9.902116422760706
928 3.930475108814242
929 2.74952871612346
930 6.584009847680782
931 4.424179699507878
932 4.115429205487212
933 5.675246301593954
934 3.5280183670259087
935 4.250563980411157
936 5.810223468972678
937 1.7073469589620516
938 4.967095908346926
939 7.22711476121223
940 3.685192936520088
941 4.562299299756685
942 3.336218379820772
943 2.9382744133821017
944 9.826861244356378
945 4.73431839647196
946 1.1660845203460537
947 9.283752707278762
948 8.92334404725549
949 7.6538900757495085
950 7.420021855425073
951 4.258996548903728
952 10.828450362121647
953 1.0405139990507575
954 4.462228199766011
955 5.552926848782939
956 4.629537350715063
957 9.902116422760706
958 3.930475108814242
959 2.74952871612346
960 6.584009847680782
961 4.419084547612159
962 4.115429205487212
963 5.675246301593954
964 3.5280183670259087
965 4.250563980411157
966 5.810223468972678
967 1.7073469589620516
968 4.967095908346926
969 1.1140023860279151
970 3.685192936520088
971 4.562299299756685
972 3.336218379820772
973 2.9382744133821017
974 9.826861244356378
975 4.73431839647196
976 1.1660845203460537
977 9.283752707278762
978 8.92334404725549
979 7.6538900757495085
980 7.420021855425073
981 4.258996548903728
982 10.828450362121647
983 1.0405139990507575
984 4.462228199766011
985 5.552926848782939
986 3.8567991598432103
987 9.902116422760706
988 3.930475108814242
989 2.74952871612346
990 6.584009847680782
evaluations raw_y
1 13.445994285998964
2 9.244504221285162
3 12.956133127182154
4 8.56387515744167
5 7.906621293824565
6 8.478043733112527
7 8.713933572599434
8 1.9312647690857676
9 4.113616451743972
10 2.9922103336193326
11 4.016863793782078
12 3.8612028042746185
13 7.478985911270202
14 5.269416134098489
15 5.776145797199578
16 5.104102008078373
17 7.724183123810979
18 8.983527715843733
19 4.334321873179314
20 0.47238013058371386
21 8.63862888706139
22 8.322863508568162
23 8.87403296010466
24 10.225257237188586
25 9.95783882762992
26 6.690111672801631
27 6.199784559864716
28 6.739387852330675
29 7.2076584926434695
30 7.544340259623816
31 13.445994285998964
32 9.244504221285162
33 12.956133127182154
34 8.56387515744167
35 7.906621293824565
36 8.478043733112527
37 8.713933572599434
38 1.9312647690857676
39 4.113616451743972
40 2.9922103336193326
41 4.016863793782078
42 3.8612028042746185
43 7.478985911270202
44 5.269416134098489
45 5.776145797199578
46 5.104102008078373
47 6.573615583249271
48 8.983527715843733
49 4.334321873179314
50 0.47238013058371386
51 10.237367102323658
52 8.322863508568162
53 8.87403296010466
54 10.225257237188586
55 9.95783882762992
56 6.690111672801631
57 6.199784559864716
58 6.739387852330675
59 7.2076584926434695
60 7.544340259623816
61 13.445994285998964
62 9.244504221285162
63 12.956133127182154
64 8.56387515744167
65 7.906621293824565
66 8.478043733112527
67 8.713933572599434
68 1.9312647690857676
69 4.113616451743972
70 2.9922103336193326
71 4.016863793782078
72 3.8612028042746185
73 7.478985911270202
74 5.269416134098489
75 5.776145797199578
76 5.104102008078373
77 6.573615583249271
78 8.983527715843733
79 4.334321873179314
80 0.47238013058371386
81 8.63862888706139
82 8.322863508568162
83 8.87403296010466
84 10.225257237188586
85 9.95783882762992
86 6.690111672801631
87 6.199784559864716
88 6.739387852330675
89 7.2076584926434695
90 7.544340259623816
91 13.445994285998964
92 9.244504221285162
93 12.956133127182154
94 9.388211797474373
95 7.906621293824565
96 8.478043733112527
97 8.713933572599434
98 1.9312647690857676
99 4.113616451743972
100 2.9922103336193326
101 11.899261954946956
102 3.8612028042746185
103 7.478985911270202
104 5.269416134098489
105 5.776145797199578
106 5.104102008078373
107 6.573615583249271
108 8.983527715843733
109 4.334321873179314
110 0.47238013058371386
111 8.63862888706139
112 8.322863508568162
113 8.87403296010466
114 10.225257237188586
115 9.95783882762992
116 6.690111672801631
117 6.199784559864716
118 6.739387852330675
119 7.2076584926434695
120 7.544340259623816
121 13.445994285998964
122 9.244504221285162
123 12.956133127182154
124 8.56387515744167
125 7.906621293824565
126 8.478043733112527
127 8.713933572599434
128 1.9312647690857676
129 4.113616451743972
130 2.9922103336193326
131 4.016863793782078
132 3.8612028042746185
133 7.478985911270202
134 5.269416134098489
135 5.776145797199578
136 5.104102008078373
137 6.573615583249271
138 8.983527715843733
139 4.334321873179314
140 0.47238013058371386
141 8.63862888706139
142 8.322863508568162
143 8.87403296010466
144 10.225257237188586
145 9.95783882762992
146 6.690111672801631
147 6.199784559864716
148 6.739387852330675
149 7.2076584926434695
150 7.544340259623816
151 13.026128376134213
152 9.244504221285162
153 12.956133127182154
154 11.724638593171996
155 7.906621293824565
156 8.478043733112527
157 8.713933572599434
158 1.9312647690857676
159 4.113616451743972
160 2.9922103336193326
161 3.909769195726445
162 3.8612028042746185
163 7.478985911270202
164 10.005023736748646
165 5.776145797199578
166 5.104102008078373
167 6.573615583249271
168 8.983527715843733
169 4.334321873179314
170 0.47238013058371386
171 8.63862888706139
172 8.322863508568162
173 8.87403296010466
174 10.225257237188586
175 9.95783882762992
176 6.690111672801631
177 6.199784559864716
178 6.739387852330675
179 7.2076584926434695
180 7.544340259623816
181 13.026128376134213
182 9.244504221285162
183 12.956133127182154
184 8.56387515744167
185 7.906621293824565
186 8.478043733112527
187 8.713933572599434
188 1.9312647690857676
189 4.113616451743972
190 2.9922103336193326
191 3.909769195726445
192 3.8612028042746185
193 7.478985911270202
194 5.269416134098489
195 5.776145797199578
196 5.104102008078373
197 6.573615583249271
198 8.983527715843733
199 4.334321873179314
200 0.47238013058371386
201 8.63862888706139
202 8.322863508568162
203 8.87403296010466
204 10.225257237188586
205 9.95783882762992
206 6.690111672801631
207 6.199784559864716
208 6.739387852330675
209 7.2076584926434695
210 7.544340259623816
211 13.026128376134213
212 9.244504221285162
213 12.956133127182154
214 8.56387515744167
215 7.906621293824565
216 8.478043733112527
217 8.713933572599434
218 1.9312647690857676
219 4.113616451743972
220 2.9922103336193326
221 3.909769195726445
222 3.8612028042746185
223 7.478985911270202
224 5.269416134098489
225 5.776145797199578
226 5.104102008078373
227 11.21915607929234
228 8.983527715843733
229 4.334321873179314
230 0.47238013058371386
231 8.63862888706139
232 8.322863508568162
233 8.87403296010466
234 10.225257237188586
235 9.95783882762992
236 6.690111672801631
237 6.199784559864716
238 6.739387852330675
239 7.2076584926434695
240 7.544340259623816
241 13.026128376134213
242 9.244504221285162
243 12.956133127182154
244 8.56387515744167
245 7.906621293824565
246 8.478043733112527
247 8.713933572599434
248 1.9312647690857676
249 4.113616451743972
250 2.9922103336193326
251 3.909769195726445
252 3.8612028042746185
253 7.478985911270202
254 5.269416134098489
255 5.776145797199578
256 5.104102008078373
257 6.573615583249271
258 8.983527715843733
259 4.334321873179314
260 0.47238013058371386
261 8.63862888706139
262 8.322863508568162
263 8.87403296010466
264 10.225257237188586
265 9.95783882762992
266 6.690111672801631
267 6.199784559864716
268 6.739387852330675
269 7.2076584926434695
270 7.544340259623816
271 13.026128376134213
272 9.244504221285162
273 12.956133127182154
274 8.56387515744167
275 7.906621293824565
276 7.752548125777843
277 9.786971503109697
278 1.9312647690857676
279 4.113616451743972
280 2.9922103336193326
281 3.909769195726445
282 3.8612028042746185
283 7.478985911270202
284 5.269416134098489
285 5.776145797199578
286 5.104102008078373
287 6.573615583249271
288 8.983527715843733
289 4.334321873179314
290 0.47238013058371386
291 8.63862888706139
292 8.322863508568162
293 8.87403296010466
294 10.225257237188586
295 9.95783882762992
296 6.690111672801631
297 6.199784559864716
298 6.739387852330675
299 7.2076584926434695
300 7.544340259623816
301 13.026128376134213
302 9.244504221285162
303 12.956133127182154
304 8.56387515744167
305 7.906621293824565
306 7.752548125777843
307 8.713933572599434
308 1.9312647690857676
309 4.113616451743972
310 2.9922103336193326
311 3.909769195726445
312 3.8612028042746185
313 7.478985911270202
314 5.269416134098489
315 5.776145797199578
316 5.104102008078373
317 6.573615583249271
318 8.983527715843733
319 4.334321873179314
320 0.47238013058371386
321 8.63862888706139
322 8.322863508568162
323 8.87403296010466
324 10.225257237188586
325 9.95783882762992
326 6.690111672801631
327 6.199784559864716
328 6.739387852330675
329 7.2076584926434695
330 7.544340259623816
331 13.026128376134213
332 9.244504221285162
333 12.956133127182154
334 8.56387515744167
335 7.906621293824565
336 14.132765245678764
337 15.23535869528568
338 1.9312647690857676
339 4.113616451743972
340 2.9922103336193326
341 3.909769195726445
342 3.8612028042746185
343 7.478985911270202
344 5.269416134098489
345 5.776145797199578
346 5.104102008078373
347 6.573615583249271
348 8.983527715843733
349 4.334321873179314
350 14.470224849406108
351 8.63862888706139
352 8.322863508568162
353 8.87403296010466
354 10.225257237188586
355 9.95783882762992
356 6.690111672801631
357 6.199784559864716
358 6.739387852330675
359 7.2076584926434695
360 7.544340259623816
361 13.026128376134213
362 9.244504221285162
363 12.956133127182154
364 8.56387515744167
365 7.906621293824565
366 7.752548125777843
367 8.713933572599434
368 1.9312647690857676
369 4.113616451743972
370 2.9922103336193326
371 3.909769195726445
372 3.8612028042746185
373 7.478985911270202
374 5.269416134098489
375 5.776145797199578
376 5.104102008078373
377 6.573615583249271
378 8.983527715843733
379 4.334321873179314
380 0.47238013058371386
381 8.63862888706139
382 8.322863508568162
383 8.87403296010466
384 10.225257237188586
385 9.95783882762992
386 6.690111672801631
387 6.199784559864716
388 6.739387852330675
389 7.2076584926434695
390 7.544340259623816
391 13.026128376134213
392 9.244504221285162
393 12.956133127182154
394 8.56387515744167
395 7.906621293824565
396 7.752548125777843
397 8.713933572599434
398 1.9312647690857676
399 4.113616451743972
400 2.9922103336193326
401 3.909769195726445
402 3.8612028042746185
403 7.478985911270202
404 6.974340055030557
405 5.776145797199578
406 5.104102008078373
407 6.573615583249271
408 8.983527715843733
409 4.334321873179314
410 0.47238013058371386
411 8.63862888706139
412 8.322863508568162
413 8.987620248492771
414 10.225257237188586
415 9.95783882762992
416 6.690111672801631
417 6.199784559864716
418 6.739387852330675
419 7.2076584926434695
420 7.544340259623816
421 13.026128376134213
422 9.244504221285162
423 12.956133127182154
424 8.56387515744167
425 7.906621293824565
426 7.752548125777843
427 8.713933572599434
428 1.9312647690857676
429 4.113616451743972
430 2.9922103336193326
431 3.909769195726445
432 3.8612028042746185
433 7.478985911270202
434 5.269416134098489
435 5.776145797199578
436 5.104102008078373
437 6.573615583249271
438 8.983527715843733
439 4.334321873179314
440 0.47238013058371386
441 8.63862888706139
442 8.322863508568162
443 8.87403296010466
444 10.225257237188586
445 9.95783882762992
446 6.690111672801631
447 6.199784559864716
448 6.739387852330675
449 7.2076584926434695
450 7.544340259623816
451 13.026128376134213
452 9.244504221285162
453 12.956133127182154
454 9.706816088558039
455 7.906621293824565
456 7.752548125777843
457 6.454263144883428
458 1.9312647690857676
459 4.113616451743972
460 2.9922103336193326
461 3.909769195726445
462 3.8612028042746185
463 7.478985911270202
464 5.269416134098489
465 5.776145797199578
466 5.104102008078373
467 6.573615583249271
468 8.983527715843733
469 4.334321873179314
470 0.47238013058371386
471 8.63862888706139
472 8.322863508568162
473 8.87403296010466
474 10.225257237188586
475 9.95783882762992
476 6.690111672801631
477 6.199784559864716
478 6.739387852330675
479 7.2076584926434695
480 7.544340259623816
481 13.026128376134213
482 9.244504221285162
483 12.956133127182154
484 8.56387515744167
485 7.906621293824565
486 7.752548125777843
487 6.454263144883428
488 1.9312647690857676
489 4.113616451743972
490 2.9922103336193326
491 3.909769195726445
492 3.8612028042746185
493 7.478985911270202
494 5.269416134098489
495 5.776145797199578
496 5.104102008078373
497 6.573615583249271
498 8.983527715843733
499 4.334321873179314
500 0.47238013058371386
501 8.63862888706139
502 8.322863508568162
503 8.87403296010466
504 10.225257237188586
505 9.95783882762992
506 6.690111672801631
507 6.199784559864716
508 6.739387852330675
509 7.2076584926434695
510 7.544340259623816
511 13.026128376134213
512 9.244504221285162
513 12.956133127182154
514 8.56387515744167
515 7.021458211098521
516 7.752548125777843
517 6.454263144883428
518 1.9312647690857676
519 4.113616451743972
520 2.9922103336193326
521 3.909769195726445
522 3.8612028042746185
523 7.478985911270202
524 10.90094597763107
525 5.776145797199578
526 5.104102008078373
527 6.573615583249271
528 8.983527715843733
529 4.334321873179314
530 0.47238013058371386
531 8.63862888706139
532 8.322863508568162
533 8.87403296010466
534 10.225257237188586
535 9.95783882762992
536 6.690111672801631
537 6.199784559864716
538 6.739387852330675
539 7.2076584926434695
540 7.544340259623816
541 13.026128376134213
542 9.244504221285162
543 12.956133127182154
544 8.56387515744167
545 7.021458211098521
546 7.752548125777843
547 6.454263144883428
548 1.9312647690857676
549 4.113616451743972
550 2.9922103336193326
551 3.909769195726445
552 3.8612028042746185
553 7.478985911270202
554 5.269416134098489
555 5.776145797199578
556 5.104102008078373
557 6.573615583249271
558 8.983527715843733
559 4.334321873179314
560 0.47238013058371386
561 8.63862888706139
562 8.322863508568162
563 8.87403296010466
564 10.225257237188586
565 9.95783882762992
566 6.690111672801631
567 6.199784559864716
568 6.739387852330675
569 7.2076584926434695
570 7.544340259623816
571 13.026128376134213
572 9.244504221285162
573 12.956133127182154
574 8.56387515744167
575 8.518469240063471
576 7.752548125777843
577 6.454263144883428
578 1.9312647690857676
579 4.113616451743972
580 2.9922103336193326
581 3.909769195726445
582 3.8612028042746185
583 4.643298032867943
584 4.718190739156857
585 5.776145797199578
586 5.104102008078373
587 6.573615583249271
588 8.983527715843733
589 4.334321873179314
590 0.47238013058371386
591 9.53221845789225
592 8.322863508568162
593 8.87403296010466
594 10.225257237188586
595 9.95783882762992
596 6.690111672801631
597 6.199784559864716
598 6.739387852330675
599 7.2076584926434695
600 7.544340259623816
601 13.026128376134213
602 9.244504221285162
603 12.956133127182154
604 8.56387515744167
605 7.021458211098521
606 7.752548125777843
607 6.454263144883428
608 1.9312647690857676
609 4.113616451743972
610 2.9922103336193326
611 3.909769195726445
612 3.8612028042746185
613 4.643298032867943
614 4.718190739156857
615 5.776145797199578
616 5.104102008078373
617 6.573615583249271
618 8.983527715843733
619 4.334321873179314
620 0.47238013058371386
621 8.63862888706139
622 8.322863508568162
623 8.87403296010466
624 10.225257237188586
625 9.95783882762992
626 6.690111672801631
627 6.199784559864716
628 6.739387852330675
629 7.2076584926434695
630 7.544340259623816
631 14.385606714422172
632 9.244504221285162
633 12.956133127182154
634 8.56387515744167
635 4.475711509294159
636 7.752548125777843
637 6.454263144883428
638 1.9312647690857676
639 4.113616451743972
640 2.9922103336193326
641 3.909769195726445
642 9.582326928436357
643 3.436314321797154
644 10.358897659396977
645 5.776145797199578
646 5.104102008078373
647 6.573615583249271
648 8.983527715843733
649 4.334321873179314
650 0.47238013058371386
651 9.118203379465381
652 8.322863508568162
653 8.87403296010466
654 10.225257237188586
655 9.95783882762992
656 6.690111672801631
657 6.199784559864716
658 6.739387852330675
659 7.2076584926434695
660 7.544340259623816
661 13.026128376134213
662 9.244504221285162
663 12.956133127182154
664 8.56387515744167
665 4.475711509294159
666 7.752548125777843
667 6.454263144883428
668 1.9312647690857676
669 4.113616451743972
670 2.9922103336193326
671 3.909769195726445
672 3.8612028042746185
673 3.436314321797154
674 4.718190739156857
675 5.776145797199578
676 5.104102008078373
677 6.573615583249271
678 8.983527715843733
679 4.334321873179314
680 0.47238013058371386
681 8.63862888706139
682 8.322863508568162
683 8.87403296010466
684 10.225257237188586
685 9.95783882762992
686 6.690111672801631
687 6.199784559864716
688 6.739387852330675
689 7.2076584926434695
690 7.544340259623816
691 10.853578669424449
692 9.244504221285162
693 12.956133127182154
694 8.56387515744167
695 4.475711509294159
696 7.752548125777843
697 6.454263144883428
698 1.9312647690857676
699 4.113616451743972
700 2.9922103336193326
701 3.909769195726445
702 3.8612028042746185
703 3.436314321797154
704 4.718190739156857
705 5.776145797199578
706 3.808266137065889
707 6.573615583249271
708 8.983527715843733
709 4.334321873179314
710 0.47238013058371386
711 8.63862888706139
712 8.322863508568162
713 8.87403296010466
714 10.225257237188586
715 9.95783882762992
716 6.690111672801631
717 6.199784559864716
718 6.739387852330675
719 7.2076584926434695
720 7.544340259623816
721 10.853578669424449
722 9.244504221285162
723 12.956133127182154
724 8.56387515744167
725 4.475711509294159
726 7.752548125777843
727 6.454263144883428
728 1.9312647690857676
729 4.113616451743972
730 2.9922103336193326
731 3.909769195726445
732 3.8612028042746185
733 3.436314321797154
734 4.718190739156857
735 5.776145797199578
736 3.808266137065889
737 6.573615583249271
738 8.983527715843733
739 4.334321873179314
740 0.47238013058371386
741 8.63862888706139
742 8.322863508568162
743 8.87403296010466
744 10.225257237188586
745 9.95783882762992
746 6.690111672801631
747 6.199784559864716
748 6.739387852330675
749 7.2076584926434695
750 7.544340259623816
751 5.2300680604994945
752 9.244504221285162
753 12.956133127182154
754 8.56387515744167
755 4.475711509294159
756 7.752548125777843
757 6.454263144883428
758 1.9312647690857676
759 4.113616451743972
760 2.9922103336193326
761 3.909769195726445
762 3.3893734942123066
763 3.436314321797154
764 4.718190739156857
765 5.776145797199578
766 9.168585658394887
767 6.573615583249271
768 8.983527715843733
769 4.334321873179314
770 0.47238013058371386
771 8.63862888706139
772 8.322863508568162
773 7.57177219282792
774 10.225257237188586
775 9.95783882762992
776 6.690111672801631
777 6.199784559864716
778 6.739387852330675
779 7.2076584926434695
780 7.544340259623816
781 5.2300680604994945
782 9.244504221285162
783 12.956133127182154
784 8.56387515744167
785 4.475711509294159
786 7.752548125777843
787 6.454263144883428
788 1.9312647690857676
789 4.113616451743972
790 2.9922103336193326
791 3.909769195726445
792 3.3893734942123066
793 3.436314321797154
794 4.718190739156857
795 5.776145797199578
796 3.808266137065889
797 6.573615583249271
798 8.983527715843733
799 4.334321873179314
800 0.47238013058371386
801 8.63862888706139
802 8.322863508568162
803 7.57177219282792
804 10.225257237188586
805 9.95783882762992
806 6.690111672801631
807 6.199784559864716
808 6.739387852330675
809 7.2076584926434695
810 7.544340259623816
811 5.2300680604994945
812 9.244504221285162
813 12.956133127182154
814 8.56387515744167
815 2.2625948705192345
816 7.752548125777843
817 6.454263144883428
818 1.9312647690857676
819 4.113616451743972
820 2.9922103336193326
821 3.909769195726445
822 3.3893734942123066
823 3.436314321797154
824 4.718190739156857
825 5.776145797199578
826 3.808266137065889
827 6.576887589646658
828 8.983527715843733
829 4.334321873179314
830 0.47238013058371386
831 8.63862888706139
832 8.322863508568162
833 7.57177219282792
834 10.225257237188586
835 9.95783882762992
836 6.690111672801631
837 6.199784559864716
838 6.739387852330675
839 7.2076584926434695
840 7.544340259623816
841 5.2300680604994945
842 9.244504221285162
843 12.956133127182154
844 8.56387515744167
845 2.2625948705192345
846 7.752548125777843
847 6.454263144883428
848 1.9312647690857676
849 4.113616451743972
850 2.9922103336193326
851 3.909769195726445
852 3.3893734942123066
853 3.436314321797154
854 4.718190739156857
855 5.776145797199578
856 3.808266137065889
857 6.573615583249271
858 8.983527715843733
859 4.334321873179314
860 0.47238013058371386
861 8.63862888706139
862 8.322863508568162
863 7.57177219282792
864 10.225257237188586
865 9.95783882762992
866 6.690111672801631
867 6.199784559864716
868 6.739387852330675
869 7.2076584926434695
870 7.544340259623816
871 5.2300680604994945
872 9.244504221285162
873 12.956133127182154
874 8.56387515744167
875 2.2625948705192345
876 7.752548125777843
877 6.454263144883428
878 1.9312647690857676
879 4.113616451743972
880 2.9922103336193326
881 3.909769195726445
882 3.3893734942123066
883 0.7204353983559117
884 4.718190739156857
885 5.776145797199578
886 3.808266137065889
887 6.573615583249271
888 8.983527715843733
889 4.334321873179314
890 0.47238013058371386
891 8.63862888706139
892 8.322863508568162
893 11.962392510795503
894 10.225257237188586
895 9.95783882762992
896 6.690111672801631
897 6.199784559864716
898 6.739387852330675
899 7.2076584926434695
900 7.544340259623816
901 5.2300680604994945
902 9.244504221285162
903 12.956133127182154
904 8.56387515744167
905 2.2625948705192345
906 7.752548125777843
907 6.454263144883428
908 1.9312647690857676
909 4.113616451743972
910 2.9922103336193326
911 3.909769195726445
912 3.3893734942123066
913 0.7204353983559117
914 4.718190739156857
915 5.776145797199578
916 3.808266137065889
917 6.573615583249271
918 8.983527715843733
919 4.334321873179314
920 0.47238013058371386
921 8.63862888706139
922 8.322863508568162
923 7.57177219282792
924 10.225257237188586
925 9.95783882762992
926 6.690111672801631
927 6.199784559864716
928 6.739387852330675
929 7.2076584926434695
930 7.544340259623816
931 5.2300680604994945
932 9.244504221285162
933 12.956133127182154
934 8.56387515744167
935 2.2625948705192345
936 7.752548125777843
937 6.454263144883428
938 1.9312647690857676
939 4.113616451743972
940 2.9922103336193326
941 3.909769195726445
942 3.3893734942123066
943 0.7204353983559117
944 4.718190739156857
945 5.776145797199578
946 3.808266137065889
947 6.573615583249271
948 8.983527715843733
949 4.334321873179314
950 0.47238013058371386
951 8.63862888706139
952 8.322863508568162
953 7.57177219282792
954 10.225257237188586
955 9.95783882762992
956 6.690111672801631
957 6.199784559864716
958 6.739387852330675
959 9.060779129148468
960 7.544340259623816
961 5.2300680604994945
962 9.244504221285162
963 12.956133127182154
964 8.56387515744167
965 2.2625948705192345
966 7.752548125777843
967 6.454263144883428
968 1.9312647690857676
969 4.113616451743972
970 2.9922103336193326
971 3.909769195726445
972 3.3893734942123066
973 0.7204353983559117
974 4.718190739156857
975 5.776145797199578
976 3.808266137065889
977 6.573615583249271
978 8.983527715843733
979 4.334321873179314
980 0.47238013058371386
981 8.63862888706139
982 8.322863508568162
983 7.57177219282792
984 10.225257237188586
985 9.95783882762992
986 6.690111672801631
987 6.199784559864716
988 6.739387852330675
989 7.2076584926434695
990 7.544340259623816
