{
	"version": "0.3.14", 
	"suite": "unknown_suite", 
	"function_id": 12, 
	"function_name": "BentCigar", 
	"maximization": false, 
	"algorithm": {"name": "DE", "info": "algorithm_info"},
	"attributes": ["evaluations", "raw_y"],
	"scenarios": [
		{"dimension": 23,
		"path": "data_f12_BentCigar/IOHprofiler_f12_DIM23.dat",
		"runs": [
			{"instance": 0, "evals": 221, "best": {"evals": 200, "y": 284527554.8235857, "x": [-3.122775943077479, -4.949384161537813, -3.3919194858250137, 0.48733789366586144, -3.1018310252071153, -1.899784952602533, 1.8633476043626458, -2.2542862142501674, 0.14638453414544195, -0.8584977567177319, 4.586271773132205, 1.496328990472147, 2.791991598353306, 0.48175950712270765, -2.3418095444862987, 4.503913438780799, -1.3228419694056646, 0.8271679909324172, 1.7593084177180343, 0.6151280495158216, -1.8353227793154194, 3.993166085868889, 1.311386259972629]}},
			{"instance": 0, "evals": 221, "best": {"evals": 192, "y": 177247583.20952123, "x": [0.2531826445072136, -1.4308088701657549, 4.725682356497368, -1.3994009806927399, -1.5288405322893532, -1.4471602576307738, 1.8251173011620017, -2.744145329734698, 2.1532231052913566, -2.5592091306196036, 0.3980102988959886, 0.7839145594056967, 3.908267535742686, 4.027510272162148, -2.7692725786958086, 4.285660316555318, -2.2455033170758893, 2.053805596474173, 0.7526581723568575, -4.230308169919827, -4.0721604430489595, 0.5202349617961568, -3.9584392336950036]}},
			{"instance": 0, "evals": 221, "best": {"evals": 175, "y": 173331429.90518966, "x": [1.3051312578753653, -0.10094558655726171, 1.8664247271372094, 0.1945276651755634, -4.396804137030287, 1.3224726155878352, -2.1407955836036807, -0.7284231929895624, -3.980661946173915, 2.8681144218174746, 1.1195461232445933, 1.5907791497774695, 1.4775666747237723, -0.5310712864070761, 1.0134435536690587, 1.36470708550097, -0.2081455078634682, -2.6666509958012106, 3.2854891500504673, 3.3466852178970523, -4.442005706573713, -0.08193013533687177, -2.2657363564855277]}},
			{"instance": 0, "evals": 221, "best": {"evals": 217, "y": 178669113.5895416, "x": [1.475547776534225, -4.276745689047971, 3.551149825726207, -3.005755154645475, 2.09110362957773, 1.198727102358367, 0.12461310762916056, -1.5519274767415543, -3.096105798850998, -4.20196105915071, -0.5874074117887838, 1.7109713648069709, 1.0855579872499392, 2.7331954320307794, 2.2860404762457427, 0.6628970344965719, -0.9666162984415743, -0.04265589602402775, 4.450219175352387, 3.7120103629168995, 0.8617126169763605, -1.8031873305889716, 0.050633344905594235]}},
			{"instance": 0, "evals": 221, "best": {"evals": 194, "y": 186163395.48515517, "x": [0.5117911192892763, 1.617518973368293, 2.6187113395373913, -4.196014769839607, -2.7179218808109002, 2.5996425830524847, 3.977154066618689, -0.8437779007644881, -0.631821793692458, 1.3515794576101148, -0.8747710780548621, -1.6877348370503653, 4.128190118028909, 0.38943413609916544, 1.7867214953755512, 1.3475691955981963, -3.711301624900803, -3.3577105074618334, 1.8451148098614678, 4.79483368289948, -1.3067498109868456, 0.6292146230800952, -0.03355783171685589]}},
			{"instance": 0, "evals": 221, "best": {"evals": 197, "y": 216196831.21507585, "x": [-1.9675580443843894, -2.3471678135210685, 1.3398711637482172, -4.636168175875942, -4.252584161891444, -0.29209221957784415, -2.0700419865549544, 0.21266238562443807, -0.33763527507214075, 3.5187408113942187, 2.0278739469089624, -4.390907099241858, -1.6662177009379056, -0.3196334911771368, -0.8515552793057597, 1.6918302703965669, -1.4879948290347669, -2.172570937754262, -2.7771152711095812, -1.5879637886246967, -4.179820955509822, -0.3570725201752025, -2.283331933169853]}},
			{"instance": 0, "evals": 221, "best": {"evals": 133, "y": 80235251.01961413, "x": [0.22658084290775005, -4.769804838222475, 0.2802511166066832, -1.5161688744193464, -2.198620621823886, -0.8601035330309692, -0.06299303153979352, -1.2173337834507891, -0.9565850181504487, -4.210597215018098, 0.19833955811140536, 1.089885116820422, 1.214431255017022, 3.5962307414688244, 0.575107369229884, 3.9582896808173538, -3.0518956393467245, -0.8539200696909002, 1.1931228805490783, -0.4573873377770945, -3.3874255871162458, 2.6446463551249435, 0.601258434017232]}},
			{"instance": 0, "evals": 221, "best": {"evals": 35, "y": 218578807.7905332, "x": [1.5479657712486485, 1.441704402114242, 1.0254104506060857, -0.7830265906393832, 0.6246034345798552, -0.3044786588346611, 3.388662924098707, -1.9566926417728139, -4.853520729957047, 0.5121790189647326, -0.10715830780273183, -3.4299178753731288, 1.3250641001735524, 4.414003573430863, -0.9776821399889819, 3.9436018922695233, 3.1310135819184577, -0.18499441074454503, 2.8727983477014094, 0.16706081539384687, -2.088604261556986, -3.105737645405852, -3.749535535852393]}},
			{"instance": 0, "evals": 221, "best": {"evals": 213, "y": 140503016.1527136, "x": [-1.5773166453753484, -1.54866340430964, 4.777587518787859, -3.6243374656202656, 0.6988497715422177, -1.2756970265556957, 0.6270863986254873, -4.389639314014856, -4.009770088775161, -1.244809182026902, 0.21894255440913857, 4.572606999568444, -0.23972072135929956, 2.844620504603675, 2.494401209021345, -1.1798078608701132, -0.016377066038144372, -0.8849253617144957, 1.4972582029056984, -0.20709171836371132, -0.148241934275691, -0.933743312970801, -3.581906363106614]}},
			{"instance": 0, "evals": 221, "best": {"evals": 174, "y": 107919359.19496639, "x": [-2.595217314272402, -2.88248558191442, 3.8473427703985177, -3.805049630130725, -3.0678010547789123, 3.4891370400107986, 2.8742249062935565, 0.8516682245301883, -0.8089734448779351, 1.0485733216924817, 1.2016008063533148, -1.67466604462575, 3.2817863951953528, 3.532123279692465, 2.59663806099394, 1.4695729307594751, -1.3995427851579387, -1.6040690844603722, 1.2884575396195537, 0.8318576566528786, -0.9539628917737519, -1.626799552648177, -0.46553536911115145]}},
			{"instance": 0, "evals": 221, "best": {"evals": 152, "y": 274128510.1833725, "x": [-4.48398162410416, -0.7095620694317244, 4.033899761835434, 0.007683328938402845, -0.0312513460249364, 2.968138343230714, 0.5864418817822996, 1.5842442526943878, -1.8469427748756937, 0.8671398617992092, -0.2620768334436796, -1.997219879346614, -4.921466172717617, 1.5772056475709393, -4.178224094215965, 4.959102848673268, -2.27814970449544, -0.21951892854803745, 3.2161536953544996, -0.6836468523865687, -3.325828202446334, -1.7224261442568212, -2.0786547519586045]}},
			{"instance": 0, "evals": 221, "best": {"evals": 212, "y": 116779642.41760175, "x": [-4.076531047647669, -2.8629519503015697, 3.161353101172601, 0.41246075713274255, -4.890261623579635, -1.0570051007220673, 2.2321439996283203, 0.39946800854349207, 0.6248626650083262, 0.39082916931116696, 3.4866382148069945, 1.8378195967501583, 1.8883000924274624, 3.1038737764177653, -1.8930184413312174, -0.39499545579410267, 1.8337658660638216, 1.9629520928041224, 2.493360049661021, 0.9708086357364523, -2.579744996654129, 0.9228135055688771, -3.113811741100089]}},
			{"instance": 0, "evals": 221, "best": {"evals": 199, "y": 133232208.38719162, "x": [-1.5638997970980322, -2.6742909263743524, 3.9192086799198353, -0.6964672311283495, -2.8520783621634194, 3.099935336698117, -0.39911306023873383, 0.04414316362432569, 1.1318357527838474, 1.589532016326924, 0.36408311461978116, -0.336914477543105, 2.468586338214907, -3.4313621778138925, 0.1175374828995066, 1.0705289624063887, 1.2956779333997344, -2.4291143290012216, 1.6132847021127552, -2.4149573304025242, -3.91781031073461, -0.6465298119867722, -2.5779797301659704]}},
			{"instance": 0, "evals": 221, "best": {"evals": 199, "y": 279164429.10179746,