{
	"version": "0.3.14", 
	"suite": "unknown_suite", 
	"function_id": 3, 
	"function_name": "Rastrigin", 
	"maximization": false, 
	"algorithm": {"name": "DE", "info": "algorithm_info"},
	"attributes": ["evaluations", "raw_y"],
	"scenarios": [
		{"dimension": 23,
		"path": "data_f3_Rastrigin/IOHprofiler_f3_DIM23.dat",
		"runs": [
			{"instance": 0, "evals": 221, "best": {"evals": 215, "y": 690.8314089592643, "x": [2.6078504861689744, 2.5599575198970617, 2.7096717995456103, 2.764219989175879, 0.2273282938199408, -0.8681904009832793, -4.5243203081975185, -3.9210857300669555, 0.31567542742930144, 2.6500703114899293, -1.856440189236733, 2.332714911669326, 0.6066591166640221, -2.5070777085112503, -4.10935392634817, -0.1835997214447116, -2.7120183450837754, -2.8313338173880886, -2.1024854708623195, -1.597617371055617, 1.2204151985427494, -2.9841116835667085, -1.6910043810635953]}},
			{"instance": 0, "evals": 221, "best": {"evals": 177, "y": 801.7571395500463, "x": [-1.7668734563566457, -4.257750789807934, -3.447233968226694, 0.7489814046166592, -1.925703985529286, 4.683269600992549, -2.723253371632138, 4.150200290746672, 3.024598587301287, -0.798146383734176, -1.6897073334559194, 1.6241165366582742, 2.3541344214198956, -3.5613203365667023, -2.091939264078218, -0.14126937661177008, -4.075153844619093, 0.7694400882657266, -3.0904146270351056, -3.2559020959936475, -0.6778681241497653, -3.770769250646201, -3.0745644080882273]}},
			{"instance": 0, "evals": 221, "best": {"evals": 157, "y": 595.2495894992998, "x": [-0.6857018523796956, 0.7713764146443269, -3.411451536267943, -3.173062316098415, 0.4749376370564935, 4.971155828860966, -0.3928148533689053, -1.556510109442273, -0.6645487684264042, 3.81544450405932, -0.05090495491723113, 4.553323221529639, 2.630606037630418, -1.2775728699017317, -2.541616623194823, 2.3207589344847444, -0.6372434436043353, 1.4713447181616768, -4.880955311521497, -4.914473772477796, -1.4999303568932012, -3.526355978450888, -1.4588102777323266]}},
			{"instance": 0, "evals": 221, "best": {"evals": 215, "y": 800.9398714743483, "x": [-1.9918700781020933, -1.744876576469693, 3.8902064050429948, 4.6981692166494184, -4.08650772829419, 4.366586100798159, -1.102523891768873, 0.533957422710273, -3.960646770276978, -0.8414578282218779, 1.5768795872204686, 1.6795225231683415, 0.36662332532503683, -1.167065033095276, -1.4192040787589457, -1.3667651642624854, -4.553046741382247, 1.0153462263062618, -2.7992361713187606, -0.9940132110362119, -3.407861484547891, -1.850845029520182, -1.4230563744699376]}},
			{"instance": 0, "evals": 221, "best": {"evals": 211, "y": 597.8226461384786, "x": [2.0727876173120503, -0.2614288880833926, 1.31638845831591, -3.2686502247522697, -3.5920412272932554, 2.347384757650869, 0.49081437825321217, -1.3760654798618877, 0.3043800920578361, 1.3515794576101148, 1.5994137303811828, -1.4546040053784024, 1.6051613844455126, -1.2638067003384632, -2.1629215642661945, -1.0494561824285982, -2.5086253130008416, 0.47301617539463225, -3.668916650704519, -1.7857603903430634, 1.5768295730334942, -3.7416587765179625, -0.24954511904132404]}},
			{"instance": 0, "evals": 221, "best": {"evals": 211, "y": 821.2853278598191, "x": [3.876278220140378, 0.26896840756219165, -0.03237850521896313, -3.66151210419705, -2.387846623413431, -0.039860359974718707, -2.6820653249480753, 0.04970796899541341, 0.728409994158596, -3.772077726416157, 1.4164449709122025, 2.434407180094514, -0.6797119740767217, -2.761233721300627, -4.123216537053362, -2.7378182384412035, -2.6339065740902723, -1.0534937300133516, -1.8740748328531507, -1.7834826169708795, 2.047399907108308, -2.061289528904556, -4.803374100241182]}},
			{"instance": 0, "evals": 221, "best": {"evals": 178, "y": 598.4018261828252, "x": [0.6591237505625771, -4.7827277717464085, 4.184510904103661, 1.3058712147012894, -2.0667708161587166, 1.7897383526213932, -2.876388921676483, -3.129136390361367, 1.1966788312262184, -1.140923098547105, 3.2882195956801246, 3.1593684928052905, -0.41197929928243016, 0.10023336996012322, -2.4802580720560647, 4.290357720316573, -1.7957304320302137, 3.0162726137132996, -3.8250118762362497, -1.1004114221881967, 1.65104865151404, -2.5389076286382894, -1.433810457470482]}},
			{"instance": 0, "evals": 221, "best": {"evals": 172, "y": 727.7358728062281, "x": [3.390789393283748, 0.8555072011440006, 0.4633809596599505, -1.6052532778182251, 0.628818540388262, 0.9043170915696577, 0.2875853459406965, -3.2073762524526352, 1.718318296415455, 2.549101467995052, 0.06847466398269386, 0.0553010191489669, -3.7421448982195207, -2.934904755701534, 1.3352772764866594, 2.486580771676871, -2.7119271596538175, 2.0029618911873954, -4.483636123737812, -4.8849844967286415, 2.0871576297292087, -4.182820812169471, -1.9345120172133659]}},
			{"instance": 0, "evals": 221, "best": {"evals": 216, "y": 872.0811188678219, "x": [2.4266270571966846, 4.151233168349052, -0.12348959057271625, -1.7737446020097192, 3.7142755743076936, -0.05955363660930413, -1.5609369998136837, 1.163428102228239, 2.15333341016125, 3.2902223847644514, 1.4583645870049913, 4.935733094001808, 1.4127411333290274, 1.8195286305734897, -3.202641970268962, 0.8567513421145656, -2.9281566323887525, 1.5148157678172982, -4.414956210669494, -4.9675230356367255, 0.2994559406999828, -1.26408519296774, -1.8416120733330121]}},
			{"instance": 0, "evals": 221, "best": {"evals": 220, "y": 707.9633136778887, "x": [1.7468682621065017, 3.0526326039695557, -3.2750322160345, 2.9463481163335272, 0.7479091241765937, 4.208564330498297, -2.102836424111769, -0.0984348432905433, 1.5772714981694282, -0.6395814447312187, 3.0125235882775105, 3.9402879566484534, 3.6295414004573776, -3.6754086259218965, -3.436349043854634, 1.3855397737986377, -2.058278806702832, -0.22518504251032656, -3.5126748766976794, -0.9014907525365596, -1.766812298582101, -3.2702271247121537, -2.610065473604021]}},
			{"instance": 0, "evals": 221, "best": {"evals": 196, "y": 589.1462939245334, "x": [2.133532155257452, 3.9940566197633487, -0.5636246672882623, -0.1288166386763372, -2.7487329185451617, 2.573531879060961, -1.5573542060262833, -0.992817664060496, -3.6246575624348156, 3.670259064890158, 2.2302254945559437, 3.2858698889746876, 3.8438713233686284, -2.6513768938692235, -2.8748995911544935, 3.3403807962365644, 0.03946507141544586, 4.394914796189418, -1.0236566912556253, -4.176856609019068, 0.5702514070682145, -2.1277637387272788, -0.8594780466392442]}},
			{"instance": 0, "evals": 221, "best": {"evals": 213, "y": 966.8155019592092, "x": [-1.4040532964387158, -0.92222498767438, 0.28540636110840767, -3.1804693370242187, 1.1957243662463701, 1.7109476413278433, -0.968194846171612, 0.733051103966709, 0.048890200830602915, 1.721015601069741, -2.2913450892702163, -0.8653244093991713, -0.37794433037543174, -4.807883862138547, 1.3246780750525349, 0.7254132554873727, -0.9386365900508062, -0.39928831001505527, -4.835855340943564, -2.6802178174674136, 2.057244596741324, -3.7171191830229517, 0.1134431808550378]}},
			{"instance": 0, "evals": 221, "best": {"evals": 171, "y": 623.5975437182574, "x": [4.289253064884361, -0.5431987526592312, 1.7013987434735443, 0.1272470737228657, -0.14277194162077755, 2.831209381501024, -0.10009921710878356, -2.5881944529313916, 0.09034482638465557, -0.9651104289280851, -0.29459108271195866, 3.4074027231219466, 3.3108854471005715, -1.484140785785118, -3.8770083296694158, 0.4382817141931348, -1.9641131119170954, 3.788715653293721, -2.566889746393563, -3.789762050123012, 1.9080934306603683, -1.6133531936139835, -2.0462791543247043]}},
			{"instance": 0, "evals": 221, "best": {"evals": 158, "y": 829.3592625488334,