{
	"version": "0.3.14", 
	"suite": "unknown_suite", 
	"function_id": 12, 
	"function_name": "BentCigar", 
	"maximization": false, 
	"algorithm": {"name": "DE", "info": "algorithm_info"},
	"attributes": ["evaluations", "raw_y"],
	"scenarios": [
		{"dimension": 23,
		"path": "data_f12_BentCigar/IOHprofiler_f12_DIM23.dat",
		"runs": [
			{"instance": 0, "evals": 1101, "best": {"evals": 784, "y": 125638553.46889664, "x": [-1.7870242021955758, 0.058694206338265165, 2.181527067430096, -2.3805496191083373, -0.48017160879355636, 2.293178175542368, 0.7548239192829644, -4.3890024055459325, -2.762466248612096, 1.6123222889772848, 2.388492611999042, 4.568494642603737, 0.9945164702265885, 2.7241910301148606, 3.455331938664889, 3.5115714563261786, -3.6496017861813046, 2.0133987397245785, 2.437342965070778, 2.0693641889502974, -3.1675835601517432, 1.5376563794974487, -1.3351925052503097]}},
			{"instance": 0, "evals": 1101, "best": {"evals": 782, "y": 146073983.06194973, "x": [0.8566299444214431, -1.11229093854086, 4.01968774273009, -4.3412122370569675, -2.0821433273656824, -2.3917772427965223, 0.6778268766257769, -2.472132009574789, -1.7785890229894734, -1.105098885570043, -2.311540982496986, 3.9652850625634617, 0.12164677753550146, 4.138799845718392, 0.795353861613191, -0.13778541090873353, -2.757147603585018, -1.552602421319913, 1.1417209620594662, -3.420263704942126, -2.6787888861839093, 1.3933735663691902, -3.813937073506928]}},
			{"instance": 0, "evals": 1101, "best": {"evals": 1081, "y": 117106094.9665504, "x": [-2.0767880629606363, 0.4081172883375048, 0.09833178474007376, -1.324991921875498, -2.0490302968912246, 2.3947365926857325, 4.994563968935074, 0.9111734002650724, -0.10348020784997636, -1.5695969743525549, 0.8275545871624121, -2.2258028043884988, 1.60417880565032, 1.085472787171149, 2.3174415305857154, 2.8440855290343037, -0.2423323836207043, -4.749323869500667, 0.5847298422997913, -3.137854236912049, -2.411089440844008, -2.1448126927957345, -0.7460632697038998]}},
			{"instance": 0, "evals": 1101, "best": {"evals": 1052, "y": 98270829.25985476, "x": [-1.626775479216478, -2.843192436015954, 2.3522241249073206, -2.094289600957258, -2.453789715280975, 1.9247103716278504, -0.639212384042956, -3.624752345121636, -4.425534805517039, -3.7921350237970644, 0.6490653675935107, 4.036618422703601, 0.40931506569873166, 0.7565996796926635, -0.10917880497319654, -1.229444817011796, 1.559508349548818, -3.285520238258429, 3.44317064201001, -0.3390461433573213, -3.2202706678698876, 0.9112263258667401, -4.165247694949055]}},
			{"instance": 0, "evals": 1101, "best": {"evals": 1069, "y": 95907934.98923506, "x": [0.6992263703663495, -0.892552919522517, 3.4399451685734355, -3.761524164156942, -4.935740231867497, -2.6463718935521885, -0.8563600266400151, -2.2039182948203715, -4.167784008359883, -4.527623354819394, 1.237445150834956, -0.618647607679427, -0.6513655629631367, 1.9941254973032623, -0.16948978229124467, 2.6038784993125366, 2.7440053217368945, -2.0033902193871977, 2.5394445480704815, -1.3552222627155377, -3.31042749880752, -0.8693002883758054, -0.34105361044724347]}},
			{"instance": 0, "evals": 1101, "best": {"evals": 1051, "y": 97764371.7024381, "x": [-1.6376069029732332, -1.6670485208705008, 4.081282118232496, -1.681290795358044, -2.261887892629275, 0.4738694903744982, 2.6230635832889426, -2.8112684276998445, -2.9159204257074958, -0.4472566675287739, 0.6891505105298152, 2.695577201999125, -2.203976511240416, 2.493071349813701, 3.708323828363991, -0.625500588091354, 1.9487619932718703, -3.379513034497139, 2.8625039643795924, 2.3520804598997387, -1.9059268830569618, 3.721542052098579, -1.7385677468646723]}},
			{"instance": 0, "evals": 1101, "best": {"evals": 962, "y": 141386927.1758004, "x": [0.5255058649039572, -2.4496201987748756, 4.7327810399493995, -3.848271066595475, -1.5470399267903154, -1.0216036707246525, 2.827219526985223, 1.788527248350885, -1.1609367991882455, -1.0399716660106533, -0.6058569564784184, 1.9326863449270055, 1.2601731744480187, 3.6726377761565008, 3.7383739539407657, -1.201409000819384, -0.6934399223770784, -2.134987011764286, 0.12310661253507371, -1.0010290799848618, -4.435976341693965, -2.5263379375295, -2.293267467994763]}},
			{"instance": 0, "evals": 1101, "best": {"evals": 981, "y": 95562973.42500122, "x": [-2.5136015721196276, -1.8321116694946704, 0.9205226134519569, -1.4525498969129793, -3.4065858241840727, 0.9398749866064724, 1.5762862376510567, 1.7141576165623453, -0.21027042915963845, -2.5808541969502183, 0.1495469865080039, 0.9021791280112519, 2.6996363798446996, 0.911344377397767, 3.3716831299374537, 2.6194656908805456, -1.9181786994054022, -2.2268269660093694, 2.710649859086037, 1.1331036902686042, 0.18518894388307916, 3.9255406694650237, -2.071115108333919]}},
			{"instance": 0, "evals": 1101, "best": {"evals": 1054, "y": 109164972.62504275, "x": [-1.7764663705858674, -2.467895655836977, 1.7064598691042183, -0.06079663303477467, -4.944424044187937, 3.701446588364334, 1.9578976745617238, -4.379920601942915, -1.9785790066652398, -3.662021605519275, -0.5812152727572533, 3.16034034958554, 1.2614918232529295, -1.6931532420481, 1.5434984749422327, 0.7691052506247171, -2.326697394277053, -3.046226081159601, 0.5104181800049545, 2.4838904555526673, -2.7232603987301336, -0.6050575841709858, -2.2020522177145816]}},
			{"instance": 0, "evals": 1101, "best": {"evals": 1054, "y": 107537413.2428579, "x": [-0.17151177329599765, -0.9526254366039897, 3.998352237905674, -0.002112763759940961, 0.2358944566522726, -0.7437826547332103, 4.339458896262663, -4.692625784546868, -0.46186754256416673, -3.81867913814371, 1.3335442003335423, -1.0540339944203794, 2.271870177455396, 2.9327462575020933, 2.443261937477951, 2.9052036518973754, -1.7919801011993313, 0.7471470127775262, 1.5446186241209108, 1.7765346511168807, -2.02808081148053, -1.7051835708304741, 1.83459151210418]}},
			{"instance": 0, "evals": 1101, "best": {"evals": 976, "y": 148438020.4961699, "x": [-1.5637434030262307, -1.2899780246399652, 2.118110605032898, -4.356034924669236, -1.3576674709727494, -0.08824346807404915, -1.6552591350313304, -0.4784925812734371, 1.0155341662104564, -2.0855902093698173, -1.8668507987760221, -3.935668849148691, 0.11532650636519914, 4.814822839445073, 4.0669911227110696, 1.175808536033922, -1.3825408050193198, -2.72449783061088, 1.5659550159762778, -2.4569617817809193, -1.6051167079289446, 0.6424348390042733, 1.8208943372410888]}},
			{"instance": 0, "evals": 1101, "best": {"evals": 786, "y": 123949099.52784821, "x": [0.6056670080799664, -0.13896707873328396, 2.812590789650319, -0.39278907297153376, -3.837414716705924, 1.3499026820491693, -1.7070445413142843, -1.079751905180217, -3.011000388573514, -3.749615659477902, 2.087442916986587, -1.6770412090718554, 3.8276395212793837, 0.5076954434892339, 2.1027461266160996, 1.3531364571974258, 1.4616254261360204, -2.665961516989575, 2.386225746654743, -0.43895115341905644, -3.2478946571934086, 3.6432248358863695, -3.1722947936989323]}},
			{"instance": 0, "evals": 1101, "best": {"evals": 1063, "y": 57406626.63069664, "x": [-3.358906000230351, -1.4027629155823904, 3.795095858570851, -3.8770636223790977, -3.117584638370009, 0.17820167829801026, 2.110565959574342, -2.322125278583499, -3.1059929891873983, -0.4164486803678449, 1.3463761897473772, 3.181085421007287, 3.5232034311368174, 4.998236586310217, 1.8076728323493851, 4.186287156158384, -1.6681160690691863, 1.7325385668805533, 1.9632647450145186, -0.26968469487101654, -2.9120410533795926, 3.475266227928816, -1.558404944446722]}},
			{"instance": 0, "evals": 1101, "best": {"evals": 699, "y": 103968659.4928349,