{
	"version": "0.3.14", 
	"suite": "unknown_suite", 
	"function_id": 19, 
	"function_name": "GriewankRosenbrock", 
	"maximization": false, 
	"algorithm": {"name": "DE", "info": "algorithm_info"},
	"attributes": ["evaluations", "raw_y"],
	"scenarios": [
		{"dimension": 23,
		"path": "data_f19_GriewankRosenbrock/IOHprofiler_f19_DIM23.dat",
		"runs": [
			{"instance": 0, "evals": 1101, "best": {"evals": 388, "y": 12.985869563813058, "x": [-2.4972663743004597, 1.8677861522968362, -2.406835841511981, -0.03894435473411795, -1.7208806565215462, -0.009776217447841518, 1.5601548206446778, 0.5121490815037992, -1.3933030465192449, -1.2407100758965988, 0.5373176210035746, 0.4238560312085893, -2.3383122184839804, 2.9040118173880156, -2.3157761935317, 3.3833520054259534, -3.556888017470202, 1.668043842582712, -3.007240471697654, 0.31046662266416636, 1.3192431191094638, 2.336193370576022, 0.1319689139295479]}},
			{"instance": 0, "evals": 1101, "best": {"evals": 1080, "y": 14.519861525641645, "x": [1.1673431572112274, -1.3798735126573023, 0.3382725730489402, -0.40712384702457216, 2.246780082395307, 0.3293328311892192, -2.808812393914044, -0.9579268686971314, -0.8320927393271149, 0.33525032610824823, -0.1294515640164231, -2.5068378845367816, 2.515214602359837, -0.5013050097274103, 1.5518407009141786, 1.4234994222197797, 2.047140612825987, -0.5531323385233602, 1.5128155825365983, -0.2286864323957556, 0.4876757618727594, -3.1629019116802835, -1.8314782835311938]}},
			{"instance": 0, "evals": 1101, "best": {"evals": 976, "y": 11.844234162074903, "x": [2.534928996473315, -2.013073841737202, 1.5534314519813832, 1.4573117076742483, -1.0114370358647964, -0.3721950054095018, -1.04932872853011, -0.7800343541773707, -0.9463864720763251, 0.39963038500929926, 0.2855227573853547, -1.7737823089577276, -0.6253858062139619, 0.35638184056200206, -1.9537630763424763, 2.558303531706462, 0.8814359857519696, -1.6719483657973362, -0.05402316841061405, 0.4252283553372358, 1.1638105446952283, 1.8611346769098205, -0.36276988961656653]}},
			{"instance": 0, "evals": 1101, "best": {"evals": 491, "y": 9.745124468843553, "x": [0.060224492636691274, -0.9889529551683331, 0.33829404064087054, -0.31319329423659603, -0.8319326973482037, -2.3220629625419473, 4.9944142711601085, 1.7104717750367224, -0.4876093479778474, -0.040331993068194905, -1.2760531545847271, 0.14110228219873733, -4.459585064802001, 1.9513307570680287, -2.076275169809603, -0.6603189835246259, 0.32117243075188107, 0.435932774714618, 0.607594764198166, 0.006138623085897521, 0.62755041666379, -1.4375684009449232, -0.9540743486019185]}},
			{"instance": 0, "evals": 1101, "best": {"evals": 1089, "y": 13.741185704415788, "x": [-1.3156565077429485, -0.46680459092381277, -0.3008967419332129, -0.8028515897896722, -0.8544123843090919, 1.4827210256871703, -2.2461779406850004, 3.230834836868053, -0.23540099335381187, 1.241075648461496, 2.578367488390073, 3.3303615356150744, -0.07184370730109801, -1.2719825493012404, -1.9968018809475165, 2.2284015809762927, -0.8795862465179622, -0.8716624797614174, -2.458285628000637, -3.182458981432286, 0.09834418186529703, 1.4399676256857945, 0.18168291482936594]}},
			{"instance": 0, "evals": 1101, "best": {"evals": 671, "y": 14.577789097138638, "x": [-2.7369340963595654, 0.250630712931464, 3.3419239425060905, 0.5716766868293333, -4.2464611092031666, 2.068952633411315, -1.8766722707639927, -0.5448162031129375, -0.8298980804369562, 0.003533001221766696, -3.8038674007137345, -3.3922822502285586, -2.5255721917261518, 0.13677297160138568, -3.0565773106352, -0.37700573094120493, 2.975671156963975, 1.3884087611142735, -1.8896665040027996, 0.8416001768201529, 1.4901359501686382, 1.8381463156596944, -1.7812823306027115]}},
			{"instance": 0, "evals": 1101, "best": {"evals": 970, "y": 13.202092549487922, "x": [-0.24837596672504048, -0.0031238647586926405, -0.8108220691451531, 0.08646174593583877, 0.2409986381469853, -3.1467125300221697, -1.6260935386922553, 2.3846719441404196, 1.7195772429468503, 3.238406758243105, -4.950174503415413, 1.0514530087950544, -0.7735165908905481, -4.9520241946143955, 0.18400107760294904, 1.8022442566046744, 2.1292669949145084, 0.7628099884545214, 4.875683211070822, 0.41661722458806594, -0.029467996360405202, -0.7504911619805972, -1.2178029766557392]}},
			{"instance": 0, "evals": 1101, "best": {"evals": 960, "y": 14.744099110282525, "x": [1.971373677678109, -3.3300562645207905, 0.6500781976542018, 1.255452946455144, -0.8053800385667047, -0.029588754717261634, 0.17505469109975436, 0.9081421089395818, -3.830396177147211, -0.9618160274489449, 1.4494268921682667, 1.1617838955250919, -2.0426320113945113, 2.455188249953328, 3.314077154712974, 1.713533753467078, -3.3334750677558245, -0.1915731702758694, 0.2449827937024196, 1.5922542962502297, -2.970690198028164, 1.7484664305078748, -0.4833458689265131]}},
			{"instance": 0, "evals": 1101, "best": {"evals": 656, "y": 12.646122400138172, "x": [-0.48324090063142133, -0.21998211575841475, 0.14776869544196658, -1.4642319470839575, 4.204469889633064, -0.6655535157247483, 1.4237593507910706, 1.7683759976289757, 0.35904851749662114, 1.396917335083046, -4.451208953877892, -2.651104045236763, 3.654825505957808, -4.986482048089785, 2.1742211362689154, -1.1306906020193828, 2.482133188011063, 0.09223081363944274, 1.8326185423504509, 2.9280265172808146, 0.8889573821738477, -1.8393151018337415, 1.563602808971515]}},
			{"instance": 0, "evals": 1101, "best": {"evals": 561, "y": 14.126813265387677, "x": [1.0317705280590785, -0.9660893019087053, -1.9440561777150345, -0.5653701072403106, -0.3498589550220377, 0.5772866219030393, 4.709244976008163, -2.0695939295507157, 0.625160086493346, 2.8175225369280237, -2.1159036116157237, -1.1599167126893462, 2.587650563025751, -0.04964999940822601, 1.038502230592096, 0.9261321325085825, -0.4901271777634726, 0.9289985873365305, -0.23086951170702807, 0.9083716924274254, 1.6064092095247946, 0.8988904029577784, -0.6250145286588005]}},
			{"instance": 0, "evals": 1101, "best": {"evals": 1089, "y": 11.92181057798549, "x": [-2.0623287789580136, 0.7956542647711013, -0.43189854487774504, 2.6289868236232037, 1.02479804196458, -0.5326443475633698, -1.4864048580155955, 0.8053011598874913, 1.5120594354783705, 0.7582753398773299, -0.014075916012415757, -1.2369152521493838, 2.2102585110472033, 2.4129316741480498, 1.8421215339314871, 0.7058806805600697, -2.200603807937417, -4.003229153218898, -0.027231028012209002, -1.3212075612677818, -0.9712720007397335, 1.6988584183497566, -2.3745777871310216]}},
			{"instance": 0, "evals": 1101, "best": {"evals": 1052, "y": 14.017571396306087, "x": [-1.8469151928304413, 0.9778136078574882, -0.2704637090419615, -1.8735798187276311, 0.3750189693755024, -0.6077130062936644, -3.4405459784094923, 0.3547290917987649, 3.098914293285118, -2.1907398890792464, 2.3343727541916928, -2.2187332419777976, 1.1704737860519545, 0.4801285737732286, 1.1921494019361387, 0.09019842830396829, -0.6940284173698119, 1.3745803196481798, -0.3749601278539867, 3.1905660621228265, 3.064895039489251, -1.7588669143696185, 1.8505100535404924]}},
			{"instance": 0, "evals": 1101, "best": {"evals": 482, "y": 13.468649248508243, "x": [-0.07363628023753499, -0.21055900539113814, 0.5471698275539794, 0.3174465465833123, 2.2687977352735973, 1.8783998154421688, 1.0948322265873491, 1.0245756715555263, 0.5172934341074598, 2.0108369867889144, -1.5676131210670912, 0.1495872975665049, -0.4484561498274475, -0.44962355261566955, -3.9166994090723115, -3.513702879181012, 0.3410475696393389, -0.7205001998134202, -2.308128445316459, 0.30371348491819594, -2.311015895122774, 2.2762248380658265, 3.0127056816443636]}},
			{"instance": 0, "evals": 1101, "best": {"evals": 773, "y": 12.420018327022834,