{
	"version": "0.3.14", 
	"suite": "unknown_suite", 
	"function_id": 13, 
	"function_name": "SharpRidge", 
	"maximization": false, 
	"algorithm": {"name": "DE", "info": "algorithm_info"},
	"attributes": ["evaluations", "raw_y"],
	"scenarios": [
		{"dimension": 23,
		"path": "data_f13_SharpRidge/IOHprofiler_f13_DIM23.dat",
		"runs": [
			{"instance": 0, "evals": 1101, "best": {"evals": 697, "y": 1484.7286768376978, "x": [3.5137581265672364, 0.4433078302818376, 0.3441006583908415, -2.0088623905910916, 0.2101371332627373, -0.39805762700242187, -1.5465937951464537, -3.249421198628041, -3.004066994910986, 3.1182794286753293, -1.2351363662385872, -2.5557579331061784, 1.3080440478354451, 1.7895706462128604, 0.9481961482345751, 4.673955990604281, -1.136747055369777, 3.06137071056939, 0.3006668528593339, -1.4656287870078422, 2.3625784062851585, 0.6754876040755229, 1.8133614170441388]}},
			{"instance": 0, "evals": 1101, "best": {"evals": 1055, "y": 1488.2820747839382, "x": [2.1475887255941686, -4.93173516990901, 1.947877746475195, -0.7257316295384191, -3.1659318425679306, 2.1391788134739342, 0.8666591307933869, 0.7080611252865567, -3.0787579310580124, -1.878972568638976, 0.06889684556374487, -3.299391445119963, 3.554891836464357, 3.8116102295440455, 0.8065326654849421, 0.042512288816932475, -4.665301059318651, 4.434596515638425, 0.49272568730742305, -3.3088905385948175, 2.0563870314173034, 1.043746953013799, 0.9308876910330808]}},
			{"instance": 0, "evals": 1101, "best": {"evals": 769, "y": 1475.4639475590059, "x": [1.9127980715118622, -4.34906020110892, 1.8617211130603382, 0.6073233084350695, -4.760432102261102, -2.685224407660236, -1.5811280434477697, -2.4046098341880437, -4.373749084345216, 1.638402835467685, -1.3614683004336918, -4.427410914516827, 3.1592210307570436, 4.147790014405183, 2.6269472399054226, 1.7541145589366613, 1.00602862025712, 1.9038772227289584, 2.4244956464915948, -0.9784986071689699, -2.6528850966537543, 4.081893744024814, 3.9331250628193555]}},
			{"instance": 0, "evals": 1101, "best": {"evals": 662, "y": 1424.4999040227717, "x": [0.8849671293317565, -2.433010633119599, 2.8509108409936665, 0.3455553375198108, -3.6835494530454405, 1.5581572326239983, -1.2170955587073056, -2.7861808443360636, -1.1624389612961359, 0.760058120514326, 0.1419833557871022, -0.029195374578021127, 0.37607946052082486, 0.49127475150926825, -0.9324004537651418, -0.4877486657998358, 1.5206346447465715, 3.454270639260665, 4.113068686081538, -1.1492598862777283, 0.2565862022456693, 2.3602711526372437, 3.8181207206362338]}},
			{"instance": 0, "evals": 1101, "best": {"evals": 1057, "y": 1488.8985894019238, "x": [0.9918931065459282, -4.656371935143429, 0.3296205577493445, 1.4983232834456313, -2.825464616654002, 0.03430786791033169, 0.3704483197285824, -3.7748312312784806, -0.48180988348373477, -3.665052650289016, -2.5005596362510896, -1.7961808777064627, 0.2149134058115767, 2.652278195179967, 2.439046310765842, 2.342358920172513, -0.2059913575491259, 1.6314436090179179, 2.306579696989656, 0.29096064981155756, 0.16272127232121658, 1.7373014687827144, 1.0848014032722104]}},
			{"instance": 0, "evals": 1101, "best": {"evals": 1071, "y": 1598.1940951029787, "x": [4.851578042112829, -2.481602451296879, 0.8289158982234728, -2.5467359149965163, -0.1264991111735374, -0.414194986744175, -0.5697038146342246, 0.8427992400855963, -1.5926528036373075, 0.4779787806667737, -3.586568147066114, -3.3922822502285586, -2.5255721917261518, 0.13677297160138568, 1.181271752154704, 0.39140232297401845, 0.5050128879259299, 1.3884087611142735, 4.9720350726011375, 2.7407370958300645, 1.884661835125619, 1.8381463156596944, -1.7812823306027115]}},
			{"instance": 0, "evals": 1101, "best": {"evals": 1059, "y": 1562.2554233982005, "x": [0.043013414737638644, -3.324390130226409, 3.901392756615076, 0.7116904245465658, -0.5394490399502052, -2.463520864210639, 1.3357777757656648, -3.74914097456959, -4.389738186471171, 0.4743481135992056, 1.6420003627569568, -1.2286539979113709, -0.29301623966580426, 4.24057221251603, 2.5110704230629493, 3.870871684318111, 1.6704372621363879, 3.920415755439136, -1.7551047157385398, -2.4252324092110777, 3.784131321347213, 1.168859393485982, 4.511594515042015]}},
			{"instance": 0, "evals": 1101, "best": {"evals": 1059, "y": 1605.4661480438335, "x": [0.5299618708782114, -0.7256666671778325, -0.3483062872716054, 1.6051510431706806, -2.8312825482532515, -0.2320346762456147, -4.959649387632883, -2.4426234160514637, -4.4774968002964215, 1.4912032357263407, 0.4900335694373741, -2.3814097796381373, 0.2967123281633375, 4.011194770111771, 0.9923272764902691, 3.8689862969628117, -0.33837987231399236, 0.8046752546023521, -1.0285812637636607, -0.5713882458669706, 0.9571728812173815, 1.8609735376817698, 0.2654927374781977]}},
			{"instance": 0, "evals": 1101, "best": {"evals": 984, "y": 1424.813821161184, "x": [2.877800533602774, -1.977041807135823, 0.708051891511692, 0.44266255004664545, -2.2963413663810455, 0.5258890895019955, 1.904155172662802, -0.321686509050499, -2.4293112774330528, -0.4808907774544853, 1.3568774423627743, -2.4836063950563743, 1.802434604079076, 2.210954669265619, 0.0006324472099255019, -0.8167758960008569, 1.9607659193029603, 4.224978207173664, -0.43727023372509644, -0.5837981281975404, 2.2373877269822975, -1.9560440605575358, 2.9193310210687295]}},
			{"instance": 0, "evals": 1101, "best": {"evals": 996, "y": 1582.807249080863, "x": [0.5325160279724104, 1.522040462074833, 4.66769944968944, 1.3243812178763372, -2.8615184475369984, 0.7921782442513354, -0.07125839302812853, -2.1539941665557136, -3.5850936536656146, -3.5363545840507533, 2.8732034029294238, -2.4841075552324865, 2.3524628069267433, 1.9826757289197259, 0.7343517747905213, 4.93980149444517, 1.5531827635840054, 3.515662767806237, 2.3900934475116586, -2.1360283070810673, -0.42814119491271185, -0.3862374148309291, 2.621899517988728]}},
			{"instance": 0, "evals": 1101, "best": {"evals": 975, "y": 1413.7817237243935, "x": [3.212799205421648, -1.0890015110988105, 0.40766950391373635, 0.1827558290632323, -1.6233842468895938, 0.028363997737944402, 2.4350290927085414, -2.4653616577149524, -3.934656113994431, 1.0000961248616507, -1.6302192865974108, -4.377459585967563, -0.14347885830176743, -1.9940763495740275, 1.560342796756529, 2.4796181548034824, 1.0135613734896642, 2.0370438143667933, 3.7073969187451152, 0.11609241317445229, 3.872839839921811, -0.3045336550245743, 1.463927351568059]}},
			{"instance": 0, "evals": 1101, "best": {"evals": 1064, "y": 1380.5106287559283, "x": [-0.8135231756500274, -1.0880759811772958, 3.5610521116636704, -1.957428005142437, -0.7700612781999321, -0.8514888994473645, -0.4870929331428471, -1.1090445523257209, -3.9775361329739702, 0.13026319313475143, -1.1465509184981473, -4.743155765975876, -0.4093782433315929, 2.5653475711003084, -0.04457584743872989, 0.46088748904036425, 3.2889860637608024, 2.4092733182188804, -1.4980638055315239, -1.882818741741477, -1.0353023427595742, 3.5705515526617555, 1.9777864336691042]}},
			{"instance": 0, "evals": 1101, "best": {"evals": 786, "y": 1490.8553193765963, "x": [-2.0283158560013392, -2.0375076273287442, 2.5565869911297123, -1.5479957763989476, -1.7287057479068646, -2.260334652395397, 0.7514463242523757, 0.20706948643800016, -1.400897409325502, 1.6127251712698545, -3.09240503710979, -3.6359701626603247, -0.0106203263418303, 0.181799517458622, 1.4098181190378698, 3.8263865007992233, -2.322395255609874, 3.6903564853301383, 0.8782720050871635, -1.331111428223413, -1.5811758728860523, 3.407449239955808, -0.10569657403847899]}},
			{"instance": 0, "evals": 1101, "best": {"evals": 1077, "y": 1499.3142760156684,