{
	"version": "0.3.14", 
	"suite": "unknown_suite", 
	"function_id": 60, 
	"function_name": "meta_surface", 
	"maximization": false, 
	"algorithm": {"name": "AdaptiveDifferentialEvolution", "info": "algorithm_info"},
	"attributes": ["evaluations", "raw_y"],
	"scenarios": [
		{"dimension": 45,
		"path": "data_f60_meta_surface/IOHprofiler_f60_DIM45.dat",
		"runs": [
			{"instance": 1, "evals": 4500, "best": {"evals": 3255, "y": -0.06261996924877167, "x": [1.5558603514144347, 5, -5, -5, 5, -4.168806467265145, -4.999999295328189, -4.998889259149551, 5, -5, 5, -5, 0.566193924188064, 4.999972785498034, 1.5943109433122253, -2.0502424078731893, -3.9710454752725863, 4.128924834469583, 5, 1.394601635312057, -4.988895675598248, 4.996893827689763, 2.2597545756603297, -3.616209486259576, -4.998889629108687, 4.531952007933021, 3.4649567782504116, -5, -4.999997778861317, 4.999290817690213, 0.7348810028069109, 5, 0.5821658203359587, 5, 4.999286378014187, -5, 5, 5, 4.999999629931246, 5, 4.9988891358298435, 0.2668294804598863, 0.7444159395437184, 5, 5]}},
			{"instance": 1, "evals": 4500, "best": {"evals": 2220, "y": -0.05963200330734253, "x": [5, -1.725242426463772, 0.0030442718640641964, 4.257720817435524, 3.854251113506398, -5, 5, -5, -5, -5, 5, 5, 4.7376793532153005, 4.782873950850138, 5, 5, 5, 3.0170450070212906, 1.5953360017125724, 4.99705976862715, 1.7692863658640798, 0.8860241070518123, 5, 4.998986475629788, 2.5785432742948573, 4.958930464721988, 3.954510503611496, 0.7538233099724074, 4.999622637461991, 5, -4.9974747177453045, 4.9981882248211935, 5, -5, 5, -5, 2.8335716302080884, -5, 4.99814977343144, 5, -5, 5, 5, 2.8624184692844477, -4.996386981326129]}},
			{"instance": 1, "evals": 4500, "best": {"evals": 1523, "y": -0.05968292057514191, "x": [-0.5211104028541333, 5, -4.921766355617525, -5, 5, 5, -1.260194183314333, -4.996773607101696, 2.7887159286021483, -5, 0.39425381649236935, 4.999390245252418, 5, 5, 4.99920571148475, 4.692304046706814, 5, 5, 0.025078641683739633, 2.777118029677038, 4.44051600869461, 2.011358291818223, 3.172945540966968, 2.402975484893401, 4.982252780236728, 5, 4.1641999505043374, -4.998889280342251, 5, 1.0606789614185463, 4.604554652824519, 4.999892942321379, 5, 4.26720808850386, 3.5281783073695334, -5, -3.768614521137975, 5, 4.999263184328482, -4.999714691098001, -5, 2.6480902408282754, 3.005375218126277, -4.630365927715959, 0.5527268627644686]}},
			{"instance": 1, "evals": 4500, "best": {"evals": 4108, "y": -0.06379377841949463, "x": [-5, -4.9900175134285085, -4.9944480229636845, 5, 4.997778394897162, 4.604044432711856, 4.992227651318318, 5, 5, 4.9999998784341795, -2.5367841511725073, 1.0976999978086885, 4.999999630465414, 5, -4.999999999908042, -5, -4.996753056471113, 0.02027191024480901, 5, -5, -5, 4.999561411147231, 4.999999938959318, -4.998889382537781, -4.999999999999975, 3.763229752468833, 4.546473784021387, -5, 5, 5, 4.999664912573773, 5, 4.986681224395303, 5, -5, 3.2244012478362984, 5, 3.4836249351522666, 5, 5, 5, 1.5816827253648782, 1.1135606732145902, 2.4429778080574867, 4.411228541706235]}},
			{"instance": 1, "evals": 4500, "best": {"evals": 2821, "y": -0.06052212417125702, "x": [5, -5, 0.0037628391471216105, 2.563674798197308, 5, -3.7650769860300337, -5, -5, 4.365059049522424, -4.999090757509132, 4.998891725543947, 4.9956395120301975, 5, 5, 3.101535459035353, 4.9979691944858295, 2.220477333264435, 1.0279268990476305, 4.998617718358923, 1.1782782595805477, 1.7643757762772418, 5, 3.856765125250658, 5, 1.8183092820892433, 4.996667901453454, 5, 5, 5, 5, 1.5762286004425135, 4.745780579697108, 4.999814642606702, 5, 4.999825595187261, 5, -0.3619484795182659, -5, 5, -5, -5, -2.6173198233120485, 0.17791728451450872, -4.999999753292067, -5]}},
			{"instance": 1, "evals": 4500, "best": {"evals": 3406, "y": -0.054609984159469604, "x": [4.99001627790331, 4.999999656299089, 5, 5, -5, -2.261408558651846, 5, -5, 5, -4.9998649155421955, 4.988316589735463, 0.6222001760144142, 0.48965879821607494, 4.996880404517335, 5, -4.999634123885548, 5, -5, 4.999498372221033, -0.35279716853145526, 5, -5, -4.998889505912305, 5, 3.068527829289641, -4.143371337116766, -1.208777132686075, 4.999219171928168, 4.0705458644779755, 4.987778652235965, 4.998583910066633, 1.3378040731367409, 2.9265168717721544, 4.9023123207590285, 0.6525877363089785, 5, 5, 1.2442788897600847, 2.124229835960519, 5, 4.999976212142732, 2.6926699025962395, 5, 5, -1.2060310322647703]}},
			{"instance": 1, "evals": 4500, "best": {"evals": 1689, "y": -0.04158969223499298, "x": [-0.15569686128876015, 4.998889135747612, -5, -2.7476476418670948, 0.5652669670862525, 3.6232150697839693, -1.1110035751960137, 5, -1.4496458438327946, 0.23802829710291962, 5, 4.97586883917756, 5, 2.755678528633479, 5, 5, 3.21471631607331, -5, 0.008844798504368406, 5, 0.762403941628109, 4.998924972234106, 5, 5, 1.9900887726200311, 1.4970821384489923, 5, -5, 5, 2.661245775068375, 3.716317630977907, 5, 1.3440014507071756, 2.2415701324245663, 5, -1.971402146522035, 5, -4.999135684075183, -5, -4.999216020474445, 5, -5, 0.034500320294300835, -4.9988869164448495, 5]}},
			{"instance": 1, "evals": 4500, "best": {"evals": 3583, "y": -0.06411561369895935, "x": [-5, -5, -5, 4.999999701526461, 5, -4.998889135747612, -2.1485716338028653, 5, -5, 4.993325802698881, 5, 3.167473845127798, 5, 3.371352523675432, -4.987795787622517, -5, -5, 1.9999011539943627, 4.9994728879063235, 3.5731033707839193, -5, -3.3722535677236003, 5, -3.0014247392770983, 1.0723282918592014, 5, 0.6881640225030417, -2.9365261842390984, 5, -0.5413364737503414, 4.9900078962852605, 0.6052975827725922, 3.8531130694001265, 4.998127239117456, -5, 5, 2.433652098615891, 4.999999506447077, 5, 1.893326752861322, 4.2021474853825325, 5, 2.964533882336823, 2.3887057265877987, 4.978712510270418]}},
			{"instance": 1, "evals": 4500, "best": {"evals": 1853, "y": -0.05564364790916443, "x": [-5, -5, -5, 3.2256875107686693, 5, 4.816952444699143, -4.999920144528433, -4.963372194803255, 4.99942625585994, -5, -5, 5, 2.4896755116103098, 4.324208811716925, 4.996351995759357, -0.03069957220036823, -1.6701812405030396, 5, -5, -3.4453973391203228, -5, 5, -5, -5, 2.8091980821025118, 4.995559010522077, 3.141168086985595, -0.8423664379167404, 5, 5, -5, 5, 4.571454766855266, 5, -2.1418915224150687, 1.049566618580151, 4.808772327836739, 5, 5, 5, 5, 5, 4.999999013113476, 5, 4.565071880931949]}},
			{"instance": 1, "evals": 4500, "best": {"evals": 1911, "y": -0.057017743587493896, "x": [-4.9999997532646665, -4.998889135747612, -4.527357748157233, 5, 5, 4.997196452132234, -5, 2.94710531909663, -5, -4.999940624406998, 0.41927418883908096, 4.995662027085853, 3.6440697554464148, 2.1589578886926537, -1.1069075523546015, -0.5719233529956993, -1.0041827441938627, 4.999999994615643, 2.4293305428210648, 4.972584834076691, -0.9411124942213309, 0.6699768971447542, 4.154777568496792, 5, 5, 5, 5, -0.7447698756724463, -5, 5, 5, 3.2818633025833783, -1.098047426300981, 5, 0.9234269800010433, 4.243242269121027, 3.3427349741664205, 1.6144882062953352, 2.8252995617481327, 0.8199263835844466, 5, 5, 2.491131885556417, 5, 5]}}
		]}
	]
}
