{
	"version": "0.3.14", 
	"suite": "unknown_suite", 
	"function_id": 10, 
	"function_name": "EllipsoidRotated", 
	"maximization": false, 
	"algorithm": {"name": "DE", "info": "algorithm_info"},
	"attributes": ["evaluations", "raw_y"],
	"scenarios": [
		{"dimension": 23,
		"path": "data_f10_EllipsoidRotated/IOHprofiler_f10_DIM23.dat",
		"runs": [
			{"instance": 0, "evals": 2301, "best": {"evals": 2184, "y": 709818.3386080806, "x": [-2.211813090327231, 2.461746849635208, -0.21339935112893027, -1.1143069082247283, -0.3944319844588142, -3.6819035116496175, -1.394683021647757, 0.054552962646596925, 1.1328101955240875, -3.46013825388519, -4.333938069230684, -0.7349149666987782, 0.6766332348913366, -2.2412792634956826, -3.976673394778538, -1.565903622529394, -1.0824179267742506, -3.525257411533031, 0.8143797702141136, 1.5474957111251073, -2.8347368084352897, -0.1599039562300817, 4.083808184204694]}},
			{"instance": 0, "evals": 2301, "best": {"evals": 1760, "y": 678679.4702100093, "x": [0.8337317087233878, 1.5282313297377215, -3.3901689140878246, -3.2854735198265406, 1.7196720878023464, -4.353931321127985, 2.9278185543412096, -0.192540013576044, 0.09149712460730086, -3.1255713592692462, -1.3950427732328263, 1.2043038118325882, 4.64420324086412, -3.007485594333763, 1.7567710987869076, -3.840939698065233, -1.6565899108181148, -2.074795638377256, 0.8039876050222619, 0.48654319194989526, -0.9010252752705483, 4.499889966222254, -1.0163567236854556]}},
			{"instance": 0, "evals": 2301, "best": {"evals": 1858, "y": 806114.8120025105, "x": [-0.41894798512145104, 3.194041275648135, -2.187647445487189, -2.295837140445001, 0.426434391270758, -0.24548440872629052, -1.4108442295516679, -0.0007209702707609011, -2.9410775682704298, 1.629048777585603, -2.811319065468111, 3.3624387012526977, 0.19032674415346118, 2.649104722329194, -3.721897318725426, -2.353068129844237, 1.4404779345165668, -2.585152857199662, -1.2013514746187106, 3.379701294501311, -0.2303207478681767, -2.0107801157932346, 0.596813845302929]}},
			{"instance": 0, "evals": 2301, "best": {"evals": 2161, "y": 1056882.0582410214, "x": [-0.29772028321311117, 1.8088672996493176, 1.533544927241759, -3.7947433034547684, -1.7195007760544088, 2.0346115722730094, -0.6949613903534098, -1.0059359995237998, 4.504066095626302, -2.068917020107579, -3.3406902248375907, 2.2741954035265914, -0.8650039903673044, 1.3104219949427858, -4.815296409794186, -4.060594233219749, 0.9181864044021497, 0.9001653086307713, 1.9587137466211217, 4.689490168631917, 1.3027898555447113, 4.209064063170162, 2.1559220761963576]}},
			{"instance": 0, "evals": 2301, "best": {"evals": 1876, "y": 916050.6709489241, "x": [-4.548575717251085, 1.8287303890415931, -3.9290704836327985, 1.515357912201019, 2.3076741194743535, -1.4013397274326405, -0.523729822910366, -2.1383487317071697, -1.527837093667077, 0.7233161415131351, -2.707650079389357, 4.66213498955993, 0.9725760925131155, -3.0216030811600367, -2.785873070478311, -2.035279306900345, 0.6886381608878338, 0.2862457166450426, 0.7518101203840333, 2.7507942462152637, 0.736692426423029, -0.4726633468590835, -0.5080548379202277]}},
			{"instance": 0, "evals": 2301, "best": {"evals": 1956, "y": 434581.7908832048, "x": [-0.3128165627081412, 0.808499003976789, -1.8684450801381718, -3.493202048956847, -2.931822743835806, 3.745864938008175, 3.5798738631952984, -2.282228838018515, 2.072585126651137, 3.4348385069391187, -3.797679381063447, 1.9036651112340655, -2.283121139231591, 1.2341716756690775, -0.145707129880134, -3.284312739787317, -2.645602289558408, -0.24493614688230547, 0.15904227268396443, 1.4350097518441673, -0.5141705446367462, 4.219351941946929, 0.6205160647259294]}},
			{"instance": 0, "evals": 2301, "best": {"evals": 1374, "y": 791864.8656200022, "x": [0.03506599699590163, 4.130318726449161, -4.781234536800603, -1.7784267208232154, -1.4945828764663065, 2.348237482339668, 1.874982888761685, -0.8131120153769, -2.770768705285332, -0.3514773507295059, -1.5454996411119921, 1.517568789479069, 1.2772579816651852, 0.07200970862982281, -4.712619553487707, -3.8818701208585744, -0.13782916187947736, 0.24876118149535476, 0.8739161911973428, 0.5463928557279651, 2.154600201664863, -1.366654214708844, 3.859372232311797]}},
			{"instance": 0, "evals": 2301, "best": {"evals": 1164, "y": 660036.2091120835, "x": [-2.499039747609396, 4.396694106403054, 0.357332356043768, -0.4299865231530111, -3.2768243101199914, -2.54879331697276, -2.843208729465935, -3.2660002796117498, 4.403065413286857, -2.273765097737793, 0.034557692755877945, 4.573841157589776, -4.87873012245751, -4.3387026476683594, -0.20675924930159661, -2.7319528618865743, 1.494278707547926, -1.7296867071839772, 0.045460989408260044, 3.8119202391059153, 1.4481602843098926, -1.8909724579092293, 1.8556528640783867]}},
			{"instance": 0, "evals": 2301, "best": {"evals": 769, "y": 754400.0747578875, "x": [-2.1588262751397034, -1.4123058228002927, -4.792629928764637, -4.146522432948677, 1.8494566881791656, -1.0261912916894822, 4.009295093530449, -2.453511636301151, 1.4264570693065388, -2.269105654859062, -3.5663406929368877, -1.8434499982068884, 0.22349275471957508, -1.9666782446742568, -0.8912016705728546, -2.4922969920308145, 0.8689033820139227, 0.3217910801976256, -4.16147231381018, 1.0477776296040293, 0.4586000314131191, -0.5595081199523015, -4.787982493684994]}},
			{"instance": 0, "evals": 2301, "best": {"evals": 2282, "y": 417165.5757518196, "x": [-0.7321860571222372, 4.358125003588384, -0.46311966181107955, -1.388419298733702, -2.883879160400067, -2.858939041566516, -3.5589383826082717, -3.7028681274711124, 0.06307484699120014, -3.010796102932436, -1.2146248573750908, 2.195872154322039, -2.501263456191758, -1.4601174210055303, -1.7335636668324117, -0.975272129693992, 0.5354380952647464, -0.9879606198101882, -1.8690391498440055, 1.5256983579158288, -2.391512656259426, -1.2179347001888985, 0.8589972062969338]}},
			{"instance": 0, "evals": 2301, "best": {"evals": 2192, "y": 703329.5446942234, "x": [-1.9110438009640696, 0.84398086777779, -3.700369822542476, 0.8877644936395517, -0.650750062349881, -0.195536215898503, -3.844687839216705, -2.543994438526439, 0.934970404105623, 2.9850116575930663, -2.084570518569704, 1.85473917569449, 1.441936388705956, 1.2017415848702373, -4.488726927286704, -1.5085201999941158, -1.2902814009510344, -2.388200254612033, 1.1557894221854428, 1.8715748802103103, -1.7379826410455648, -2.2760010283945986, -4.068103919514997]}},
			{"instance": 0, "evals": 2301, "best": {"evals": 1691, "y": 516687.4985151993, "x": [-2.7921269051539372, -1.6760863707001454, -0.7660384149520771, -1.7079025504576355, 0.21129424404635833, -1.6264378981431538, 1.3691323324112394, -1.6963317053154032, -1.6673356272108824, 2.4503531421312705, -4.996693805753328, 3.4421279441861783, -2.656673363194203, -1.272794591958735, -0.0942450857498609, -1.8603351242548616, -1.8473350036729286, -2.9003141141274043, -0.9840392818580805, 3.6405355580866887, -0.26902536701368884, 0.36312256750034744, 3.9231310155386985]}},
			{"instance": 0, "evals": 2301, "best": {"evals": 1962, "y": 505514.93751478964, "x": [-3.2409921013559435, -0.3748586497976678, -2.5024871085164753, 1.0098522502709022, -2.982435008116073, 1.0741517809837435, -3.422933722983374, -2.8040767168056044, -2.60664141360453, 3.0808893573047174, -0.1966994177165846, 3.98390841499857, 1.3587499072458904, -2.7484365874315895, 1.2355021840983005, -2.0642873482631776, -4.920911574325681, -2.951951421224112, -0.46519777374651294, 1.4773632215778587, -3.5162008532643743, 0.2370528954040485, 2.3850485732171407]}},
			{"instance": 0, "evals": 2301, "best": {"evals": 1962, "y": 287175.2660048818,