evaluations raw_y
1 1.416897766705032
2 21.698717567486447
3 24.290457746589826
4 34.903286885528736
5 30.628879544788774
6 16.40937477173325
7 19.314660360820838
8 8.777037996901319
9 14.2552302138615
10 15.093068445633065
11 25.6577519692459
12 15.598195923657485
13 26.644458002758395
14 27.063582908217747
15 26.63127380146308
16 30.63091635568156
17 13.191956390168857
18 22.0584073133748
19 15.600176341118683
20 34.76075961618328
21 20.060148819456945
22 15.232478549971704
23 15.75921682490001
24 15.958069517345185
25 14.3032987218673
26 15.958643683636167
27 8.408596645423232
28 6.4290607323150954
29 20.072934814622368
30 36.032274309381776
31 25.30689551112197
32 22.12612223438607
33 29.920064669905692
34 23.247204357306618
35 13.882395526859279
36 21.961514188217816
37 11.387329293785498
38 10.578244367746578
39 32.393067300887466
40 19.045034549442637
41 39.671985464565964
42 19.2451821138659
43 21.211843831410157
44 25.127808855495324
45 28.081672756024865
46 15.950355994037155
47 29.49233587016447
48 51.06142381270876
49 18.26837077058892
50 32.63204650033882
51 36.81688135964626
52 36.244678421449244
53 26.59745616669047
54 23.024462781168868
55 30.525923963144102
56 17.787340902962235
57 36.55764081975453
58 15.576123137066208
59 35.526576454054094
60 34.06541500685043
61 1.416897766705032
62 21.698717567486447
63 24.290457746589826
64 23.247204357306618
65 13.882395526859279
66 16.40937477173325
67 11.387329293785498
68 8.777037996901319
69 14.2552302138615
70 15.093068445633065
71 25.6577519692459
72 15.598195923657485
73 21.211843831410157
74 25.127808855495324
75 26.63127380146308
76 15.950355994037155
77 13.191956390168857
78 22.0584073133748
79 15.600176341118683
80 32.63204650033882
81 20.060148819456945
82 15.232478549971704
83 15.75921682490001
84 15.958069517345185
85 14.3032987218673
86 15.958643683636167
87 8.408596645423232
88 6.4290607323150954
89 20.072934814622368
90 34.06541500685043
91 27.11108608668053
92 31.677549999705484
93 25.025693236631106
94 17.036634113474637
95 13.255507487908112
96 40.328568981323215
97 25.525821787724897
98 17.28540712714452
99 4.909527180353754
100 28.35428044726605
101 23.812117579495723
102 22.945851054034296
103 7.70139061854968
104 12.474107619707079
105 24.47491692652266
106 4.513982399293106
107 23.17978589957084
108 8.158087473912726
109 2.601322309641518
110 41.85118558966638
111 30.402894285352527
112 26.73414534282038
113 29.436947111101194
114 22.72914905370388
115 27.644853960504882
116 14.940437211211712
117 3.91088268240674
118 41.28804403937922
119 5.405466009311716
120 46.25360245027494
121 1.416897766705032
122 21.698717567486447
123 24.290457746589826
124 17.036634113474637
125 13.255507487908112
126 16.40937477173325
127 11.387329293785498
128 8.777037996901319
129 4.909527180353754
130 15.093068445633065
131 23.812117579495723
132 15.598195923657485
133 7.70139061854968
134 12.474107619707079
135 24.47491692652266
136 4.513982399293106
137 13.191956390168857
138 8.158087473912726
139 2.601322309641518
140 32.63204650033882
141 20.060148819456945
142 15.232478549971704
143 15.75921682490001
144 15.958069517345185
145 14.3032987218673
146 14.940437211211712
147 3.91088268240674
148 6.4290607323150954
149 5.405466009311716
150 34.06541500685043
151 26.15564197597598
152 8.689318212693728
153 30.504264845849796
154 26.925815589278308
155 27.165911481182125
156 13.21042947235514
157 17.973100657782915
158 27.45196363261214
159 11.78165577809788
160 33.99153432486477
161 27.524022247478833
162 27.069784463006794
163 23.3460961700618
164 13.772424102209614
165 10.363239997157045
166 43.63624354243783
167 28.096589039694425
168 30.11173628221492
169 22.765853594916614
170 21.24582661142809
171 30.980193426094797
172 22.474679627693572
173 18.46714490797993
174 30.3987555238847
175 30.27971365323668
176 6.889002350776113
177 12.720054559564685
178 31.722694664087708
179 21.558694465316385
180 15.240641098757534
181 1.416897766705032
182 8.689318212693728
183 24.290457746589826
184 17.036634113474637
185 13.255507487908112
186 13.21042947235514
187 11.387329293785498
188 8.777037996901319
189 4.909527180353754
190 15.093068445633065
191 23.812117579495723
192 15.598195923657485
193 7.70139061854968
194 12.474107619707079
195 10.363239997157045
196 4.513982399293106
197 13.191956390168857
198 8.158087473912726
199 2.601322309641518
200 21.24582661142809
201 20.060148819456945
202 15.232478549971704
203 15.75921682490001
204 15.958069517345185
205 14.3032987218673
206 6.889002350776113
207 3.91088268240674
208 6.4290607323150954
209 5.405466009311716
210 15.240641098757534
211 6.085207847513739
212 34.970357809055265
213 21.359483921096015
214 7.269602856283111
215 7.390208876056575
216 22.960797160313316
217 26.110945961383397
218 30.62058601252692
219 17.807897042128506
220 13.784866586003917
221 8.266215587261863
222 31.603824156402073
223 2.9188539949248176
224 8.087699857251943
225 14.839413656059007
226 19.556266940896137
227 14.818676857486743
228 29.77363023645363
229 5.0181064664308614
230 17.71645977287776
231 7.554402501778622
232 30.64156201470091
233 27.425938244460603
234 24.80232984407192
235 20.795893096578123
236 23.806385352533756
237 20.359811985385964
238 6.612610175989943
239 20.409407157808026
240 34.69344746386481
241 1.416897766705032
242 8.689318212693728
243 21.359483921096015
244 7.269602856283111
245 7.390208876056575
246 13.21042947235514
247 11.387329293785498
248 8.777037996901319
249 4.909527180353754
250 13.784866586003917
251 8.266215587261863
252 15.598195923657485
253 2.9188539949248176
254 8.087699857251943
255 10.363239997157045
256 4.513982399293106
257 13.191956390168857
258 8.158087473912726
259 2.601322309641518
260 17.71645977287776
261 7.554402501778622
262 15.232478549971704
263 15.75921682490001
264 15.958069517345185
265 14.3032987218673
266 6.889002350776113
267 3.91088268240674
268 6.4290607323150954
269 5.405466009311716
270 15.240641098757534
271 17.373409900527815
272 9.649961932424404
273 12.895769147410844
274 23.393378229576
275 3.439045095440639
276 4.213175373407587
277 15.088157183417328
278 7.474827637954435
279 9.442937472775046
280 9.449234633375013
281 20.30335650351503
282 17.16614753605423
283 17.12432400008579
284 3.9119257601769584
285 24.43031789102929
286 13.439167725272473
287 28.69432000816832
288 19.231602770032463
289 4.4961545892620185
290 14.039539902619612
291 1.8540071093929464
292 25.08145717121069
293 10.042694976295795
294 13.074078988374481
295 13.771858971082288
296 14.270580184154968
297 7.514341590085734
298 9.29669689375935
299 2.1592359594923636
300 18.813060729545978
301 1.416897766705032
302 8.689318212693728
303 12.895769147410844
304 7.269602856283111
305 3.439045095440639
306 4.213175373407587
307 11.387329293785498
308 7.474827637954435
309 4.909527180353754
310 9.449234633375013
311 8.266215587261863
312 15.598195923657485
313 2.9188539949248176
314 3.9119257601769584
315 10.363239997157045
316 4.513982399293106
317 13.191956390168857
318 8.158087473912726
319 2.601322309641518
320 14.039539902619612
321 1.8540071093929464
322 15.232478549971704
323 10.042694976295795
324 13.074078988374481
325 13.771858971082288
326 6.889002350776113
327 3.91088268240674
328 6.4290607323150954
329 2.1592359594923636
330 15.240641098757534
331 2.312824364978067
332 6.05015132325383
333 10.500711362480693
334 36.43221836718932
335 3.77415404806448
336 11.954773845102249
337 4.827297122206244
338 19.086989702479155
339 4.992345072858891
340 10.569001133787234
341 28.029830743582295
342 23.841133333898572
343 7.296295782393956
344 16.507860851630664
345 7.223496265878509
346 24.91499018537972
347 10.680955536841612
348 16.252135326844968
349 16.211384882685127
350 20.433005204329934
351 18.97840504660954
352 7.983457232103687
353 17.597196739327845
354 15.258881979544467
355 10.245542534394573
356 13.069114151140088
357 4.266665080838635
358 8.223132939463127
359 3.2154084038729835
360 16.98334742469586
361 1.416897766705032
362 6.05015132325383
363 10.500711362480693
364 7.269602856283111
365 3.439045095440639
366 4.213175373407587
367 4.827297122206244
368 7.474827637954435
369 4.909527180353754
370 9.449234633375013
371 8.266215587261863
372 15.598195923657485
373 2.9188539949248176
374 3.9119257601769584
375 7.223496265878509
376 4.513982399293106
377 10.680955536841612
378 8.158087473912726
379 2.601322309641518
380 14.039539902619612
381 1.8540071093929464
382 7.983457232103687
383 10.042694976295795
384 13.074078988374481
385 10.245542534394573
386 6.889002350776113
387 3.91088268240674
388 6.4290607323150954
389 2.1592359594923636
390 15.240641098757534
391 23.982139514590457
392 22.256668495149743
393 28.650544001642327
394 9.696066650313217
395 5.225271307173326
396 7.626882015935763
397 6.709744188952388
398 10.463722408009094
399 9.54351395013444
400 3.3729886170361536
401 8.294341959439587
402 22.7600158681048
403 28.67386178263525
404 34.962926230492585
405 20.71116337054993
406 6.7983669864315335
407 14.698017154172494
408 10.785300036075194
409 16.78230438237467
410 1.8921534330553258
411 19.2607506829405
412 20.18528070188794
413 22.698978569394814
414 14.726705041246476
415 10.726422584720215
416 -0.6443378351581914
417 18.649082834520186
418 6.651936193877677
419 18.01359271264647
420 16.322227793476717
421 1.416897766705032
422 6.05015132325383
423 10.500711362480693
424 7.269602856283111
425 3.439045095440639
426 4.213175373407587
427 4.827297122206244
428 7.474827637954435
429 4.909527180353754
430 3.3729886170361536
431 8.266215587261863
432 15.598195923657485
433 2.9188539949248176
434 3.9119257601769584
435 7.223496265878509
436 4.513982399293106
437 10.680955536841612
438 8.158087473912726
439 2.601322309641518
440 1.8921534330553258
441 1.8540071093929464
442 7.983457232103687
443 10.042694976295795
444 13.074078988374481
445 10.245542534394573
446 -0.6443378351581914
447 3.91088268240674
448 6.4290607323150954
449 2.1592359594923636
450 15.240641098757534
451 4.599007152476936
452 6.93175785206371
453 31.711988546258407
454 27.816561578334152
455 9.043157777842612
456 17.073666025731207
457 18.140672750822947
458 4.412764092245668
459 22.26708171616077
460 7.284281559499757
461 23.907802932950744
462 22.67824497721908
463 3.2879345175953816
464 6.119180456372837
465 14.318862207946596
466 6.472233947021309
467 6.148517973205568
468 18.649082834520186
469 12.723655176447147
470 8.465470323981469
471 5.531852645471098
472 22.911537020738606
473 11.290047751719502
474 -0.95186315532251
475 5.779852017190746
476 14.54296231484861
477 6.892066195617813
478 18.96430119727257
479 12.331495338128697
480 11.401363118048549
481 1.416897766705032
482 6.05015132325383
483 10.500711362480693
484 7.269602856283111
485 3.439045095440639
486 4.213175373407587
487 4.827297122206244
488 4.412764092245668
489 4.909527180353754
490 3.3729886170361536
491 8.266215587261863
492 15.598195923657485
493 2.9188539949248176
494 3.9119257601769584
495 7.223496265878509
496 4.513982399293106
497 6.148517973205568
498 8.158087473912726
499 2.601322309641518
500 1.8921534330553258
501 1.8540071093929464
502 7.983457232103687
503 10.042694976295795
504 -0.95186315532251
505 5.779852017190746
506 -0.6443378351581914
507 3.91088268240674
508 6.4290607323150954
509 2.1592359594923636
510 11.401363118048549
511 5.024071493912373
512 15.690316864965311
513 6.347631169218035
514 -0.33771659213573124
515 13.130201260439964
516 6.410150480492665
517 11.963925453642647
518 3.657903016006201
519 9.409362691476238
520 1.9854439337525593
521 11.616652444112859
522 12.134372214457686
523 4.65695328179076
524 22.068127883916247
525 1.0160516655101886
526 5.557797829252358
527 12.309875656256734
528 3.2921208661881263
529 2.5818096371576855
530 8.80259244297429
531 12.960530651995134
532 10.163887553503173
533 3.333257737755422
534 4.512468381685068
535 4.436544450658154
536 3.6227106124203305
537 16.165650653381828
538 7.3092089933625335
539 21.288108438906214
540 9.339916489140375
541 1.416897766705032
542 6.05015132325383
543 6.347631169218035
544 -0.33771659213573124
545 3.439045095440639
546 4.213175373407587
547 4.827297122206244
548 3.657903016006201
549 4.909527180353754
550 1.9854439337525593
551 8.266215587261863
552 12.134372214457686
553 2.9188539949248176
554 3.9119257601769584
555 1.0160516655101886
556 4.513982399293106
557 6.148517973205568
558 3.2921208661881263
559 2.5818096371576855
560 1.8921534330553258
561 1.8540071093929464
562 7.983457232103687
563 3.333257737755422
564 -0.95186315532251
565 4.436544450658154
566 -0.6443378351581914
567 3.91088268240674
568 6.4290607323150954
569 2.1592359594923636
570 9.339916489140375
571 10.471123945646637
572 3.951845258901293
573 4.573146680138205
574 14.188028447347886
575 9.552125745863805
576 7.444353624898399
577 18.583270073916022
578 4.451460398986417
579 4.4252898485111665
580 6.609770340371354
581 1.322822454805363
582 6.6277703717103185
583 17.45439545360656
584 2.843919746328808
585 3.6915034809170133
586 3.614781110582496
587 14.867332293019349
588 14.217766141867676
589 13.233242263034168
590 19.82562463100694
591 5.125804955273473
592 13.46029139829314
593 13.039650242418157
594 16.049062377140206
595 8.885239335744423
596 10.92120478665953
597 13.019414905662853
598 5.729933300910975
599 7.144296090669806
600 1.980624292894563
601 1.416897766705032
602 3.951845258901293
603 4.573146680138205
604 -0.33771659213573124
605 3.439045095440639
606 4.213175373407587
607 4.827297122206244
608 3.657903016006201
609 4.4252898485111665
610 1.9854439337525593
611 1.322822454805363
612 6.6277703717103185
613 2.9188539949248176
614 2.843919746328808
615 1.0160516655101886
616 3.614781110582496
617 6.148517973205568
618 3.2921208661881263
619 2.5818096371576855
620 1.8921534330553258
621 1.8540071093929464
622 7.983457232103687
623 3.333257737755422
624 -0.95186315532251
625 4.436544450658154
626 -0.6443378351581914
627 3.91088268240674
628 5.729933300910975
629 2.1592359594923636
630 1.980624292894563
631 2.1463822188540442
632 5.042872940394083
633 9.485710066293151
634 3.862090925126422
635 10.957034223440504
636 9.624514290640699
637 6.914607759902243
638 3.6933010506864794
639 5.835333339653941
640 6.968666194435628
641 -0.11534547053104438
642 8.337027528427992
643 2.448531755201174
644 10.832606090883019
645 8.388327523458882
646 5.9876582325634695
647 10.284762428471957
648 11.774934234406322
649 3.463178384011951
650 13.60779091048728
651 10.87970939896896
652 7.142132066580366
653 8.562850800798872
654 8.26380036219045
655 10.88528321243124
656 13.097891872679343
657 21.146044318876807
658 3.625829172759933
659 4.778513060351611
660 5.720066256274874
661 1.416897766705032
662 3.951845258901293
663 4.573146680138205
664 -0.33771659213573124
665 3.439045095440639
666 4.213175373407587
667 4.827297122206244
668 3.657903016006201
669 4.4252898485111665
670 1.9854439337525593
671 -0.11534547053104438
672 6.6277703717103185
673 2.448531755201174
674 2.843919746328808
675 1.0160516655101886
676 3.614781110582496
677 6.148517973205568
678 3.2921208661881263
679 2.5818096371576855
680 1.8921534330553258
681 1.8540071093929464
682 7.142132066580366
683 3.333257737755422
684 -0.95186315532251
685 4.436544450658154
686 -0.6443378351581914
687 3.91088268240674
688 3.625829172759933
689 2.1592359594923636
690 1.980624292894563
691 11.058445562307499
692 11.35333492216948
693 7.0446207776711915
694 12.644629783533516
695 7.987020174317443
696 13.433731791793722
697 11.718096766725159
698 13.091453536247533
699 6.229004125629502
700 6.929667865066916
701 3.1994758621794315
702 10.517394637061562
703 10.214132608870685
704 8.289921097548115
705 0.8271848387046308
706 4.269156966831106
707 10.617610744465054
708 2.3971701359321744
709 3.5142282062603716
710 5.3167736040807965
711 3.1824911866991825
712 6.4285382470898496
713 9.709533585784166
714 5.961002296521384
715 11.90378193696631
716 11.475859369569639
717 11.624725125730624
718 4.645899521283027
719 6.0968683496645735
720 1.550008230274177
721 1.416897766705032
722 3.951845258901293
723 4.573146680138205
724 -0.33771659213573124
725 3.439045095440639
726 4.213175373407587
727 4.827297122206244
728 3.657903016006201
729 4.4252898485111665
730 1.9854439337525593
731 -0.11534547053104438
732 6.6277703717103185
733 2.448531755201174
734 2.843919746328808
735 0.8271848387046308
736 3.614781110582496
737 6.148517973205568
738 2.3971701359321744
739 2.5818096371576855
740 1.8921534330553258
741 1.8540071093929464
742 6.4285382470898496
743 3.333257737755422
744 -0.95186315532251
745 4.436544450658154
746 -0.6443378351581914
747 3.91088268240674
748 3.625829172759933
749 2.1592359594923636
750 1.550008230274177
751 2.9092595232694585
752 9.941573934708359
753 3.7579250081861613
754 1.8878141330584637
755 9.530049416856864
756 2.538428213805472
757 8.361524280669784
758 3.5333126426546118
759 6.235549695081122
760 1.945648492202886
761 3.2453336280671414
762 1.1243250807875151
763 14.891000706984007
764 14.080788380778722
765 8.1098989303193
766 9.455646136770314
767 0.7632694336543817
768 6.730736571005657
769 0.015518696461195636
770 13.61833377837858
771 8.918516947347934
772 0.5257396632468713
773 2.416281306999935
774 3.342746620298368
775 6.784224675351772
776 5.535564267751369
777 9.285899515640235
778 6.735902993102986
779 3.3521197716514477
780 4.642127512516214
781 1.416897766705032
782 3.951845258901293
783 3.7579250081861613
784 -0.33771659213573124
785 3.439045095440639
786 2.538428213805472
787 4.827297122206244
788 3.5333126426546118
789 4.4252898485111665
790 1.945648492202886
791 -0.11534547053104438
792 1.1243250807875151
793 2.448531755201174
794 2.843919746328808
795 0.8271848387046308
796 3.614781110582496
797 0.7632694336543817
798 2.3971701359321744
799 0.015518696461195636
800 1.8921534330553258
801 1.8540071093929464
802 0.5257396632468713
803 2.416281306999935
804 -0.95186315532251
805 4.436544450658154
806 -0.6443378351581914
807 3.91088268240674
808 3.625829172759933
809 2.1592359594923636
810 1.550008230274177
811 5.218581850775102
812 2.6236514782288642
813 14.102807809682494
814 4.85011051292741
815 5.793366387038102
816 4.265629128334338
817 4.538697620133524
818 3.774332318355198
819 1.6472912481123236
820 3.2049880518533547
821 2.335672149093557
822 4.068124105791344
823 6.9318514683671655
824 4.5039894363298725
825 3.788470955565009
826 10.800382530627996
827 3.520557067094328
828 1.6338646608983307
829 3.5614947200733003
830 0.4777136661660051
831 3.60219158721391
832 0.30604726372578117
833 4.8887435686937
834 14.332637943658163
835 2.5383230521437254
836 4.766270511148944
837 8.316448977133863
838 5.06854024407211
839 1.9740913162275948
840 6.976623278612094
841 1.416897766705032
842 2.6236514782288642
843 3.7579250081861613
844 -0.33771659213573124
845 3.439045095440639
846 2.538428213805472
847 4.538697620133524
848 3.5333126426546118
849 1.6472912481123236
850 1.945648492202886
851 -0.11534547053104438
852 1.1243250807875151
853 2.448531755201174
854 2.843919746328808
855 0.8271848387046308
856 3.614781110582496
857 0.7632694336543817
858 1.6338646608983307
859 0.015518696461195636
860 0.4777136661660051
861 1.8540071093929464
862 0.30604726372578117
863 2.416281306999935
864 -0.95186315532251
865 2.5383230521437254
866 -0.6443378351581914
867 3.91088268240674
868 3.625829172759933
869 1.9740913162275948
870 1.550008230274177
871 0.3510149468241708
872 7.19070372995949
873 6.257159688715636
874 1.4403215145587094
875 4.451181697936304
876 11.058901007801236
877 10.120491557508542
878 6.1775975178856335
879 4.435907863140304
880 12.633410007556066
881 3.2099465866526256
882 2.811616164933591
883 4.663521917812807
884 3.5405026520811185
885 6.903970944948265
886 0.5097862296779225
887 6.948567262520723
888 6.887931814788685
889 2.8709422261865765
890 8.746930066791577
891 5.5068011843340745
892 3.807298364496744
893 1.2840914501099556
894 3.5996581016192204
895 4.876297043012826
896 3.2826152263264916
897 2.2772066212658757
898 7.616245899583164
899 10.34765921205315
900 8.822826559925966
901 0.3510149468241708
902 2.6236514782288642
903 3.7579250081861613
904 -0.33771659213573124
905 3.439045095440639
906 2.538428213805472
907 4.538697620133524
908 3.5333126426546118
909 1.6472912481123236
910 1.945648492202886
911 -0.11534547053104438
912 1.1243250807875151
913 2.448531755201174
914 2.843919746328808
915 0.8271848387046308
916 0.5097862296779225
917 0.7632694336543817
918 1.6338646608983307
919 0.015518696461195636
920 0.4777136661660051
921 1.8540071093929464
922 0.30604726372578117
923 1.2840914501099556
924 -0.95186315532251
925 2.5383230521437254
926 -0.6443378351581914
927 2.2772066212658757
928 3.625829172759933
929 1.9740913162275948
930 1.550008230274177
931 2.87807422135985
932 4.303202237428579
933 2.356756835593222
934 7.9991471146192445
935 2.597339119692676
936 3.4534183200008526
937 6.825976401616552
938 4.337693313684419
939 4.772857508408839
940 2.3250281976395435
941 -0.6563352691298472
942 4.537397430521925
943 11.753387074991267
944 0.40182406646531443
945 3.486551352066938
946 6.916431607940855
947 1.3365396965801986
948 0.5208989126763308
949 11.411293961905496
950 6.251986637690867
951 -1.5023208735639402
952 1.930717534500877
953 6.332855439963431
954 10.050554390715254
955 7.211805963551174
956 4.385080851181054
957 -0.9429887967006809
958 3.604677296783902
959 5.277761095360623
960 10.629919375701132
961 0.3510149468241708
962 2.6236514782288642
963 2.356756835593222
964 -0.33771659213573124
965 2.597339119692676
966 2.538428213805472
967 4.538697620133524
968 3.5333126426546118
969 1.6472912481123236
970 1.945648492202886
971 -0.6563352691298472
972 1.1243250807875151
973 2.448531755201174
974 0.40182406646531443
975 0.8271848387046308
976 0.5097862296779225
977 0.7632694336543817
978 0.5208989126763308
979 0.015518696461195636
980 0.4777136661660051
981 -1.5023208735639402
982 0.30604726372578117
983 1.2840914501099556
984 -0.95186315532251
985 2.5383230521437254
986 -0.6443378351581914
987 -0.9429887967006809
988 3.604677296783902
989 1.9740913162275948
990 1.550008230274177
evaluations raw_y
1 22.653779905890413
2 14.225161238707445
3 20.949486795970884
4 10.519652485186386
5 25.737040498485886
6 38.06967553612735
7 18.274423836009646
8 21.942091155511125
9 29.559930253510576
10 20.240296739593713
11 16.682821141416134
12 20.349141402525174
13 19.433234961476238
14 12.770159545342484
15 25.440912449521253
16 20.656432932893974
17 10.964717704012433
18 19.3607623602253
19 19.56198931837583
20 24.90989368985897
21 18.473589110747337
22 33.939529379786755
23 32.658893915413095
24 25.389223041349208
25 43.06560127249859
26 14.670787857203404
27 27.381730912636797
28 18.153802939910026
29 35.238221424893865
30 25.187643096381088
31 18.56161817203511
32 31.273797349782836
33 30.507874319784424
34 23.6379286467691
35 42.9450620568043
36 22.093552364704532
37 7.014752353423502
38 42.02103777955957
39 33.12910097206137
40 23.561242416276276
41 34.93655329891886
42 31.20907824621023
43 49.504536077284065
44 4.054054172583924
45 38.11555475588145
46 25.93305387283236
47 22.80249896441931
48 24.792754880607557
49 53.97768216991898
50 29.386411896989728
51 29.558625229067424
52 7.478985900726665
53 21.364770216735927
54 44.55656969873931
55 19.13195075431399
56 22.30620138457284
57 24.591653057356385
58 14.414839658560265
59 18.991154597707908
60 32.255287210707685
61 18.56161817203511
62 14.225161238707445
63 20.949486795970884
64 10.519652485186386
65 25.737040498485886
66 22.093552364704532
67 7.014752353423502
68 21.942091155511125
69 29.559930253510576
70 20.240296739593713
71 16.682821141416134
72 20.349141402525174
73 19.433234961476238
74 4.054054172583924
75 25.440912449521253
76 20.656432932893974
77 10.964717704012433
78 19.3607623602253
79 19.56198931837583
80 24.90989368985897
81 18.473589110747337
82 7.478985900726665
83 21.364770216735927
84 25.389223041349208
85 19.13195075431399
86 14.670787857203404
87 24.591653057356385
88 14.414839658560265
89 18.991154597707908
90 25.187643096381088
91 20.593337843349435
92 39.74801996588367
93 31.86260954645831
94 21.389902452710167
95 29.71031998543571
96 33.92887290932448
97 40.307682303254
98 32.16882830181996
99 11.454613286704442
100 38.98734892863406
101 35.80672978641019
102 36.13710886690269
103 25.190907886860824
104 20.86822998636554
105 42.17145364792341
106 28.320684103121522
107 29.614564134379066
108 22.04735579908225
109 16.489459986570413
110 20.846058896900608
111 9.674090118073327
112 14.596118854581736
113 21.42986909888419
114 27.701337282505467
115 24.281865123684366
116 18.004126045364863
117 33.51276110180643
118 21.850087719121856
119 13.434139694236261
120 33.19254857986146
121 18.56161817203511
122 14.225161238707445
123 20.949486795970884
124 10.519652485186386
125 25.737040498485886
126 22.093552364704532
127 7.014752353423502
128 21.942091155511125
129 11.454613286704442
130 20.240296739593713
131 16.682821141416134
132 20.349141402525174
133 19.433234961476238
134 4.054054172583924
135 25.440912449521253
136 20.656432932893974
137 10.964717704012433
138 19.3607623602253
139 16.489459986570413
140 20.846058896900608
141 9.674090118073327
142 7.478985900726665
143 21.364770216735927
144 25.389223041349208
145 19.13195075431399
146 14.670787857203404
147 24.591653057356385
148 14.414839658560265
149 13.434139694236261
150 25.187643096381088
151 26.25105971023204
152 31.35635191891176
153 31.322260123729517
154 28.882079233228538
155 36.447428453288666
156 39.61102171471237
157 24.82803461074216
158 10.362469642328216
159 10.39336537732819
160 0.9537180835329195
161 33.86888821688913
162 37.14933323150787
163 40.37701097876095
164 27.152199246223383
165 13.820936968615815
166 27.800891098347602
167 16.831403675041138
168 39.908790654619004
169 33.799162395863334
170 26.266143232633667
171 19.68831924816847
172 30.87741232923181
173 10.072192134867795
174 21.529474168718497
175 21.911679438412747
176 16.90279668974241
177 19.401249528073176
178 21.321749384929657
179 13.321846121178346
180 39.334655522386996
181 18.56161817203511
182 14.225161238707445
183 20.949486795970884
184 10.519652485186386
185 25.737040498485886
186 22.093552364704532
187 7.014752353423502
188 10.362469642328216
189 10.39336537732819
190 0.9537180835329195
191 16.682821141416134
192 20.349141402525174
193 19.433234961476238
194 4.054054172583924
195 13.820936968615815
196 20.656432932893974
197 10.964717704012433
198 19.3607623602253
199 16.489459986570413
200 20.846058896900608
201 9.674090118073327
202 7.478985900726665
203 10.072192134867795
204 21.529474168718497
205 19.13195075431399
206 14.670787857203404
207 19.401249528073176
208 14.414839658560265
209 13.321846121178346
210 25.187643096381088
211 39.1247916281307
212 20.66241748179512
213 24.54517533152312
214 37.44735065008517
215 13.865485158940073
216 8.153179759529008
217 1.8779171487840027
218 16.283241302489124
219 3.7949919508219776
220 0.9910959653588125
221 32.08469451543718
222 16.50367673394871
223 9.10739793583413
224 6.357985332161391
225 39.19648598079304
226 16.497295066570075
227 20.102423307014348
228 9.3399543314956
229 33.125599521329725
230 19.103869808723697
231 15.081269376194003
232 6.965745868247858
233 20.381535045912262
234 18.985723821852712
235 35.6784315346785
236 21.51693557374638
237 17.649801387083937
238 4.220193493583988
239 33.08997091174858
240 21.30329728617288
241 18.56161817203511
242 14.225161238707445
243 20.949486795970884
244 10.519652485186386
245 13.865485158940073
246 8.153179759529008
247 1.8779171487840027
248 10.362469642328216
249 3.7949919508219776
250 0.9537180835329195
251 16.682821141416134
252 16.50367673394871
253 9.10739793583413
254 4.054054172583924
255 13.820936968615815
256 16.497295066570075
257 10.964717704012433
258 9.3399543314956
259 16.489459986570413
260 19.103869808723697
261 9.674090118073327
262 6.965745868247858
263 10.072192134867795
264 18.985723821852712
265 19.13195075431399
266 14.670787857203404
267 17.649801387083937
268 4.220193493583988
269 13.321846121178346
270 21.30329728617288
271 18.219661547643984
272 21.729321437269764
273 17.933186430940413
274 9.405842833124716
275 15.542287189942202
276 16.688413664487474
277 35.12140630265772
278 9.750789069438943
279 29.34993848576897
280 5.454652565573938
281 19.92287790031939
282 38.19937833358298
283 15.176589458146436
284 14.874933228416651
285 6.139324911298085
286 28.88668042471864
287 28.88434207883032
288 25.63405896646907
289 10.76736664149688
290 7.417026699088609
291 32.84097245802825
292 18.236041226721035
293 10.746458132548756
294 21.869103923712725
295 19.583335143786584
296 26.037209051155475
297 23.397268530168134
298 10.225875546046721
299 10.47849081990099
300 20.46584921358597
301 18.219661547643984
302 14.225161238707445
303 17.933186430940413
304 9.405842833124716
305 13.865485158940073
306 8.153179759529008
307 1.8779171487840027
308 9.750789069438943
309 3.7949919508219776
310 0.9537180835329195
311 16.682821141416134
312 16.50367673394871
313 9.10739793583413
314 4.054054172583924
315 6.139324911298085
316 16.497295066570075
317 10.964717704012433
318 9.3399543314956
319 10.76736664149688
320 7.417026699088609
321 9.674090118073327
322 6.965745868247858
323 10.072192134867795
324 18.985723821852712
325 19.13195075431399
326 14.670787857203404
327 17.649801387083937
328 4.220193493583988
329 10.47849081990099
330 20.46584921358597
331 31.5074179198816
332 18.504125175179908
333 14.53442706971235
334 21.856253927197866
335 27.863040173665635
336 30.316033735384348
337 22.34679186070279
338 12.28120726126384
339 18.97131665120348
340 26.57269504264192
341 7.762095472310748
342 15.380663636747892
343 11.092642188414798
344 22.16913850183923
345 13.87692940044693
346 12.655793969384346
347 9.861406025810247
348 7.9870892803496965
349 9.204767545876331
350 10.370472830212913
351 15.638881916618846
352 40.47379852906206
353 10.906299161261236
354 5.29174874057323
355 4.290887735654194
356 14.619051866514255
357 6.7568707609239045
358 34.578790451724096
359 23.992710296745255
360 4.602047042090636
361 18.219661547643984
362 14.225161238707445
363 14.53442706971235
364 9.405842833124716
365 13.865485158940073
366 8.153179759529008
367 1.8779171487840027
368 9.750789069438943
369 3.7949919508219776
370 0.9537180835329195
371 7.762095472310748
372 15.380663636747892
373 9.10739793583413
374 4.054054172583924
375 6.139324911298085
376 12.655793969384346
377 9.861406025810247
378 7.9870892803496965
379 9.204767545876331
380 7.417026699088609
381 9.674090118073327
382 6.965745868247858
383 10.072192134867795
384 5.29174874057323
385 4.290887735654194
386 14.619051866514255
387 6.7568707609239045
388 4.220193493583988
389 10.47849081990099
390 4.602047042090636
391 12.935109450510273
392 9.767882795567441
393 28.968297299158188
394 4.5485541880978175
395 16.80069891906941
396 7.578047431764864
397 18.81607947835046
398 14.199876991680702
399 15.178398791080667
400 14.142502224309752
401 9.65857086346508
402 23.785124665617047
403 11.189404569117094
404 7.4467824888041205
405 15.481848075818295
406 15.717569948471207
407 13.80365167992269
408 17.809654786695717
409 11.941132835725995
410 22.151053621336725
411 18.81977935170879
412 6.044554554147171
413 15.487287558422484
414 6.774816787973354
415 8.75313423583525
416 35.04857113117631
417 14.9488496806818
418 13.472608725735164
419 21.05595135774084
420 19.482252842837973
421 12.935109450510273
422 9.767882795567441
423 14.53442706971235
424 4.5485541880978175
425 13.865485158940073
426 7.578047431764864
427 1.8779171487840027
428 9.750789069438943
429 3.7949919508219776
430 0.9537180835329195
431 7.762095472310748
432 15.380663636747892
433 9.10739793583413
434 4.054054172583924
435 6.139324911298085
436 12.655793969384346
437 9.861406025810247
438 7.9870892803496965
439 9.204767545876331
440 7.417026699088609
441 9.674090118073327
442 6.044554554147171
443 10.072192134867795
444 5.29174874057323
445 4.290887735654194
446 14.619051866514255
447 6.7568707609239045
448 4.220193493583988
449 10.47849081990099
450 4.602047042090636
451 21.692684281049026
452 14.778943274515395
453 17.238910726707427
454 8.465179757059461
455 13.168062687392581
456 7.67769885994908
457 5.090913168158743
458 8.061681600113607
459 16.14311440995615
460 10.168789572683385
461 23.709361838768988
462 10.940961619359381
463 10.526195324673516
464 4.25553206058888
465 7.781214026759821
466 6.0009680368674125
467 11.696234930777011
468 10.244473818627231
469 13.52326732521458
470 6.885402645983491
471 11.529757042523745
472 25.776112676803574
473 17.200023601580348
474 12.815661207876875
475 10.405279257114794
476 10.002729367990518
477 12.906652878426621
478 11.812386274291896
479 23.901455489907004
480 7.429727165681224
481 12.935109450510273
482 9.767882795567441
483 14.53442706971235
484 4.5485541880978175
485 13.168062687392581
486 7.578047431764864
487 1.8779171487840027
488 8.061681600113607
489 3.7949919508219776
490 0.9537180835329195
491 7.762095472310748
492 10.940961619359381
493 9.10739793583413
494 4.054054172583924
495 6.139324911298085
496 6.0009680368674125
497 9.861406025810247
498 7.9870892803496965
499 9.204767545876331
500 6.885402645983491
501 9.674090118073327
502 6.044554554147171
503 10.072192134867795
504 5.29174874057323
505 4.290887735654194
506 10.002729367990518
507 6.7568707609239045
508 4.220193493583988
509 10.47849081990099
510 4.602047042090636
511 10.778335739265454
512 9.853162833375071
513 6.341839763890264
514 24.122285418001994
515 19.751587594389733
516 17.15928607633102
517 12.574976468666282
518 1.8675140924493534
519 11.510977504956006
520 15.998970134975629
521 13.801165690365433
522 8.450341308777233
523 8.575275074610241
524 11.562741015595968
525 2.94714314505376
526 5.172029396372222
527 11.548899423285503
528 23.57247086240875
529 12.501666629881456
530 3.013530968784494
531 20.576234453030835
532 7.743813389105101
533 11.26101910081995
534 27.25989469043065
535 16.065346904928816
536 14.744936014761011
537 8.232089598604471
538 13.517763660549914
539 17.84546321253234
540 7.706106204593671
541 10.778335739265454
542 9.767882795567441
543 6.341839763890264
544 4.5485541880978175
545 13.168062687392581
546 7.578047431764864
547 1.8779171487840027
548 1.8675140924493534
549 3.7949919508219776
550 0.9537180835329195
551 7.762095472310748
552 8.450341308777233
553 8.575275074610241
554 4.054054172583924
555 2.94714314505376
556 5.172029396372222
557 9.861406025810247
558 7.9870892803496965
559 9.204767545876331
560 3.013530968784494
561 9.674090118073327
562 6.044554554147171
563 10.072192134867795
564 5.29174874057323
565 4.290887735654194
566 10.002729367990518
567 6.7568707609239045
568 4.220193493583988
569 10.47849081990099
570 4.602047042090636
571 -1.757775355915856
572 17.894827943670993
573 13.278215010714309
574 6.4476825074541235
575 10.423046212714226
576 23.378059515016613
577 11.363057115507518
578 19.65050070025012
579 14.750323861519883
580 8.661707443775125
581 3.1560551271090964
582 11.105648856739364
583 20.54126924554455
584 22.162943524171904
585 -1.5933673255018377
586 16.67719824376822
587 8.965894706374778
588 21.818590797482525
589 -0.16173074019307876
590 13.9820488320352
591 6.6992567812623385
592 11.437627802794843
593 13.68081960396083
594 3.2511282080383275
595 4.052590803412512
596 11.951974933686284
597 7.945976707290622
598 4.2876825296371095
599 24.39744983672915
600 5.508166719119461
601 -1.757775355915856
602 9.767882795567441
603 6.341839763890264
604 4.5485541880978175
605 10.423046212714226
606 7.578047431764864
607 1.8779171487840027
608 1.8675140924493534
609 3.7949919508219776
610 0.9537180835329195
611 3.1560551271090964
612 8.450341308777233
613 8.575275074610241
614 4.054054172583924
615 -1.5933673255018377
616 5.172029396372222
617 8.965894706374778
618 7.9870892803496965
619 -0.16173074019307876
620 3.013530968784494
621 6.6992567812623385
622 6.044554554147171
623 10.072192134867795
624 3.2511282080383275
625 4.052590803412512
626 10.002729367990518
627 6.7568707609239045
628 4.220193493583988
629 10.47849081990099
630 4.602047042090636
631 18.87701278320407
632 3.866165325168282
633 20.97152908798561
634 8.755472917482471
635 5.204516952534694
636 20.943091749249106
637 13.016909776122697
638 4.691841282497974
639 11.448831216703795
640 19.23157249359537
641 4.819622043976365
642 15.207270966217983
643 12.199760665735793
644 16.626653312543933
645 6.067427051667539
646 10.905384838819613
647 9.351930199317456
648 7.598967741611831
649 6.879977242635632
650 19.238469207600307
651 9.840520026070834
652 8.094976786964764
653 8.813890258437372
654 20.277196774359833
655 14.96710427176558
656 7.036513366283553
657 0.9465715204133601
658 5.089468653432652
659 8.517578289961193
660 9.236999619045964
661 -1.757775355915856
662 3.866165325168282
663 6.341839763890264
664 4.5485541880978175
665 5.204516952534694
666 7.578047431764864
667 1.8779171487840027
668 1.8675140924493534
669 3.7949919508219776
670 0.9537180835329195
671 3.1560551271090964
672 8.450341308777233
673 8.575275074610241
674 4.054054172583924
675 -1.5933673255018377
676 5.172029396372222
677 8.965894706374778
678 7.598967741611831
679 -0.16173074019307876
680 3.013530968784494
681 6.6992567812623385
682 6.044554554147171
683 8.813890258437372
684 3.2511282080383275
685 4.052590803412512
686 7.036513366283553
687 0.9465715204133601
688 4.220193493583988
689 8.517578289961193
690 4.602047042090636
691 10.341560797640117
692 10.828693717646713
693 8.00825768941653
694 4.994075758162522
695 3.707882289114809
696 9.706747607105775
697 3.540006007606289
698 5.921025158820736
699 12.372690486554369
700 3.551026735064133
701 12.677989213222018
702 8.317512284141529
703 6.223981920853642
704 11.472610064262252
705 10.214301831383295
706 3.4486920658425735
707 7.1422003026741825
708 5.772773426241867
709 7.829106008168339
710 5.402050661069612
711 9.128803123816827
712 11.593958393260886
713 5.420324103884338
714 9.07141133410078
715 4.887198896976965
716 6.080759014677724
717 3.6845648350779108
718 10.393819550511095
719 7.360450365356321
720 6.150877234386328
721 -1.757775355915856
722 3.866165325168282
723 6.341839763890264
724 4.5485541880978175
725 3.707882289114809
726 7.578047431764864
727 1.8779171487840027
728 1.8675140924493534
729 3.7949919508219776
730 0.9537180835329195
731 3.1560551271090964
732 8.317512284141529
733 6.223981920853642
734 4.054054172583924
735 -1.5933673255018377
736 3.4486920658425735
737 7.1422003026741825
738 5.772773426241867
739 -0.16173074019307876
740 3.013530968784494
741 6.6992567812623385
742 6.044554554147171
743 5.420324103884338
744 3.2511282080383275
745 4.052590803412512
746 6.080759014677724
747 0.9465715204133601
748 4.220193493583988
749 7.360450365356321
750 4.602047042090636
751 4.229267512562027
752 6.533895598910849
753 3.524772262072046
754 3.939636281258469
755 3.8013277709920863
756 13.421522212652267
757 9.949406457113248
758 10.890492422750395
759 18.47269960738943
760 6.491159208408179
761 15.797775929948829
762 17.40410370937263
763 14.327381006342968
764 20.291182162887548
765 1.377962847240768
766 1.3179130237585586
767 8.312618018787484
768 8.283469914697417
769 8.514499761003739
770 20.318531763178694
771 5.676598936399017
772 3.5015852105246013
773 12.132449614007811
774 8.85036825768425
775 2.3825207514614335
776 1.8472172565072364
777 8.861448316402054
778 6.522785062616194
779 9.029043689340675
780 2.123636588772223
781 -1.757775355915856
782 3.866165325168282
783 3.524772262072046
784 3.939636281258469
785 3.707882289114809
786 7.578047431764864
787 1.8779171487840027
788 1.8675140924493534
789 3.7949919508219776
790 0.9537180835329195
791 3.1560551271090964
792 8.317512284141529
793 6.223981920853642
794 4.054054172583924
795 -1.5933673255018377
796 1.3179130237585586
797 7.1422003026741825
798 5.772773426241867
799 -0.16173074019307876
800 3.013530968784494
801 5.676598936399017
802 3.5015852105246013
803 5.420324103884338
804 3.2511282080383275
805 2.3825207514614335
806 1.8472172565072364
807 0.9465715204133601
808 4.220193493583988
809 7.360450365356321
810 2.123636588772223
811 7.391768284146304
812 9.179144808408028
813 1.4321304395457861
814 1.724111896453985
815 10.779859660549613
816 2.396276867159049
817 4.871277820278611
818 -1.1899717637127272
819 1.5559053142263843
820 0.26486003472536956
821 2.9856773411409083
822 5.890260285222724
823 9.921548042407096
824 12.489597500591973
825 3.9759282287156585
826 15.838928939179619
827 -0.832939074794012
828 3.685870814428458
829 4.077290527064333
830 12.22129953641667
831 16.567079402461825
832 10.796689896663173
833 16.662864238855637
834 4.0045606673105265
835 1.5940718844543091
836 10.056314978584311
837 7.747314180495353
838 4.147443788754721
839 8.857820016882807
840 6.409846551062071
841 -1.757775355915856
842 3.866165325168282
843 1.4321304395457861
844 1.724111896453985
845 3.707882289114809
846 2.396276867159049
847 1.8779171487840027
848 -1.1899717637127272
849 1.5559053142263843
850 0.26486003472536956
851 2.9856773411409083
852 5.890260285222724
853 6.223981920853642
854 4.054054172583924
855 -1.5933673255018377
856 1.3179130237585586
857 -0.832939074794012
858 3.685870814428458
859 -0.16173074019307876
860 3.013530968784494
861 5.676598936399017
862 3.5015852105246013
863 5.420324103884338
864 3.2511282080383275
865 1.5940718844543091
866 1.8472172565072364
867 0.9465715204133601
868 4.147443788754721
869 7.360450365356321
870 2.123636588772223
871 4.211142282626035
872 5.936134142826577
873 16.64756127924275
874 3.111569270017009
875 3.8548197974800598
876 6.204625189558878
877 1.7865756301914426
878 12.998394023320525
879 5.630120931730676
880 4.849169532068246
881 8.957211774594503
882 3.5529014300757935
883 4.09796648782741
884 8.577480006315856
885 -0.0025137465393405556
886 3.150057657428197
887 0.7961398772896495
888 8.535695218729678
889 3.899842288074506
890 2.049685056606659
891 2.004418191168014
892 9.983643452564941
893 8.211111810876526
894 12.388400931443657
895 32.95493068439408
896 5.443983607576653
897 2.719419522716974
898 6.2133468713098585
899 5.53456833561413
900 7.291668081170528
901 -1.757775355915856
902 3.866165325168282
903 1.4321304395457861
904 1.724111896453985
905 3.707882289114809
906 2.396276867159049
907 1.7865756301914426
908 -1.1899717637127272
909 1.5559053142263843
910 0.26486003472536956
911 2.9856773411409083
912 3.5529014300757935
913 4.09796648782741
914 4.054054172583924
915 -1.5933673255018377
916 1.3179130237585586
917 -0.832939074794012
918 3.685870814428458
919 -0.16173074019307876
920 2.049685056606659
921 2.004418191168014
922 3.5015852105246013
923 5.420324103884338
924 3.2511282080383275
925 1.5940718844543091
926 1.8472172565072364
927 0.9465715204133601
928 4.147443788754721
929 5.53456833561413
930 2.123636588772223
931 11.550882469492672
932 1.7612617182267443
933 1.1619944680662735
934 11.011468376012187
935 5.00353416249435
936 0.03421489981126791
937 9.00389947039242
938 14.07602116658284
939 7.954680293992098
940 4.838285602946569
941 10.49497994103956
942 9.454377096883247
943 0.24245919949287004
944 2.9183224746040106
945 4.7317244392018925
946 11.265388918943964
947 5.370319293052551
948 3.624427080964028
949 6.097380172614249
950 9.79195028719118
951 2.6544660922110923
952 9.265937313891618
953 -2.763254649204498
954 16.890707688953754
955 4.473334680977462
956 12.427948710851838
957 8.557506249616882
958 3.056102984373667
959 5.8393946591800745
960 9.189299896668155
961 -1.757775355915856
962 1.7612617182267443
963 1.1619944680662735
964 1.724111896453985
965 3.707882289114809
966 0.03421489981126791
967 1.7865756301914426
968 -1.1899717637127272
969 1.5559053142263843
970 0.26486003472536956
971 2.9856773411409083
972 3.5529014300757935
973 0.24245919949287004
974 2.9183224746040106
975 -1.5933673255018377
976 1.3179130237585586
977 -0.832939074794012
978 3.624427080964028
979 -0.16173074019307876
980 2.049685056606659
981 2.004418191168014
982 3.5015852105246013
983 -2.763254649204498
984 3.2511282080383275
985 1.5940718844543091
986 1.8472172565072364
987 0.9465715204133601
988 3.056102984373667
989 5.53456833561413
990 2.123636588772223
evaluations raw_y
1 9.944229434294588
2 10.074512216086832
3 13.74828067260279
4 26.581315016067183
5 25.159351273435473
6 15.317728617864208
7 5.3245679915542325
8 15.118525448799678
9 18.165776807156515
10 14.09387464065222
11 14.878018833820503
12 48.289530327381364
13 15.421548858641307
14 25.780216708939054
15 13.188440260991694
16 22.127335930526755
17 14.93326878952783
18 18.79327358528564
19 21.377944090711658
20 15.06677634165222
21 24.66832494480963
22 13.345313845141359
23 11.307548129125117
24 11.015725094089193
25 19.51775765061877
26 21.03087208486752
27 13.10534853619324
28 33.43407191167736
29 18.827352518413427
30 23.318743177563565
31 24.159953354475046
32 41.98641858281406
33 43.85098908878023
34 11.473377165018851
35 5.176416336674303
36 13.314822844630275
37 35.49266413598228
38 37.41696256886304
39 19.4302724916118
40 32.39302268116861
41 40.614529189454245
42 33.49284257680538
43 10.48300500544755
44 25.52098266224432
45 15.662303520457574
46 13.171268165844701
47 31.580356097595086
48 36.96018446700839
49 38.29462456604393
50 17.39778076463415
51 21.694070718187156
52 36.57053617648928
53 15.645285218047844
54 25.130898829971958
55 19.67875903357188
56 30.008282749905923
57 13.957561184542843
58 27.076931924519247
59 15.827365725018637
60 19.21348006963132
61 9.944229434294588
62 10.074512216086832
63 13.74828067260279
64 11.473377165018851
65 5.176416336674303
66 13.314822844630275
67 5.3245679915542325
68 15.118525448799678
69 18.165776807156515
70 14.09387464065222
71 14.878018833820503
72 33.49284257680538
73 10.48300500544755
74 25.52098266224432
75 13.188440260991694
76 13.171268165844701
77 14.93326878952783
78 18.79327358528564
79 21.377944090711658
80 15.06677634165222
81 21.694070718187156
82 13.345313845141359
83 11.307548129125117
84 11.015725094089193
85 19.51775765061877
86 21.03087208486752
87 13.10534853619324
88 27.076931924519247
89 15.827365725018637
90 19.21348006963132
91 10.360887513538271
92 39.84820757478065
93 18.478615834663533
94 9.028594038282257
95 19.569772750941404
96 35.97722127442586
97 14.47996724198316
98 36.022547781351896
99 21.914898961961796
100 21.784394987868307
101 28.59586856370749
102 17.505852149274126
103 27.008427120202693
104 24.071701888167823
105 5.899503570575756
106 11.853967444323315
107 12.646657539259227
108 17.666565828145966
109 22.688894619107447
110 26.57151500399614
111 43.50007473770121
112 25.18140719162597
113 28.76811867609891
114 10.244324197016164
115 20.70043511867036
116 21.605003718616103
117 17.68865258498806
118 20.946440256992105
119 24.757418724596445
120 17.104683520047587
121 9.944229434294588
122 10.074512216086832
123 13.74828067260279
124 9.028594038282257
125 5.176416336674303
126 13.314822844630275
127 5.3245679915542325
128 15.118525448799678
129 18.165776807156515
130 14.09387464065222
131 14.878018833820503
132 17.505852149274126
133 10.48300500544755
134 24.071701888167823
135 5.899503570575756
136 11.853967444323315
137 12.646657539259227
138 17.666565828145966
139 21.377944090711658
140 15.06677634165222
141 21.694070718187156
142 13.345313845141359
143 11.307548129125117
144 10.244324197016164
145 19.51775765061877
146 21.03087208486752
147 13.10534853619324
148 20.946440256992105
149 15.827365725018637
150 17.104683520047587
151 12.705848873392862
152 33.56184810251236
153 16.145310741569958
154 26.81545881506413
155 12.397812753330092
156 14.550474312616101
157 25.44718736155551
158 19.03909354497733
159 21.897542900289825
160 18.735631031897753
161 32.211834764306246
162 46.50460808547271
163 15.676885669795858
164 12.101470105581322
165 13.527479946471214
166 26.465350658000087
167 15.434613506741325
168 41.307377044830254
169 22.139231024242356
170 25.015369569376794
171 15.460438929534684
172 5.153123942439416
173 4.5317451950495515
174 27.139692672719875
175 16.05911863669621
176 10.807578258266526
177 14.300940693536967
178 15.19000652750993
179 9.363270544842347
180 21.19209094552492
181 9.944229434294588
182 10.074512216086832
183 13.74828067260279
184 9.028594038282257
185 5.176416336674303
186 13.314822844630275
187 5.3245679915542325
188 15.118525448799678
189 18.165776807156515
190 14.09387464065222
191 14.878018833820503
192 17.505852149274126
193 10.48300500544755
194 12.101470105581322
195 5.899503570575756
196 11.853967444323315
197 12.646657539259227
198 17.666565828145966
199 21.377944090711658
200 15.06677634165222
201 15.460438929534684
202 5.153123942439416
203 4.5317451950495515
204 10.244324197016164
205 16.05911863669621
206 10.807578258266526
207 13.10534853619324
208 15.19000652750993
209 9.363270544842347
210 17.104683520047587
211 18.043437039993954
212 19.448875344934017
213 18.827167613628617
214 14.986223557786301
215 7.947046008333038
216 8.925741087964957
217 31.381405751107504
218 9.85802386225126
219 16.131165089962384
220 3.0590756601179665
221 18.908393537156996
222 -0.1988174055154608
223 25.956289531248927
224 20.35097795028591
225 4.583442760987433
226 16.523172910908084
227 24.33719297580547
228 8.75998528461077
229 9.802050216353482
230 15.298558414094828
231 5.110252483215214
232 27.00310866838617
233 23.788729662074108
234 18.917272752320354
235 18.54160254181974
236 26.760559253811344
237 19.42371035983901
238 6.658013940951027
239 25.754880305685216
240 17.859177588795145
241 9.944229434294588
242 10.074512216086832
243 13.74828067260279
244 9.028594038282257
245 5.176416336674303
246 8.925741087964957
247 5.3245679915542325
248 9.85802386225126
249 16.131165089962384
250 3.0590756601179665
251 14.878018833820503
252 -0.1988174055154608
253 10.48300500544755
254 12.101470105581322
255 4.583442760987433
256 11.853967444323315
257 12.646657539259227
258 8.75998528461077
259 9.802050216353482
260 15.06677634165222
261 5.110252483215214
262 5.153123942439416
263 4.5317451950495515
264 10.244324197016164
265 16.05911863669621
266 10.807578258266526
267 13.10534853619324
268 6.658013940951027
269 9.363270544842347
270 17.104683520047587
271 17.476898830117616
272 19.69775513302865
273 31.71737422693884
274 22.20466637707619
275 31.37806335815598
276 5.090361145070597
277 12.104126569740934
278 14.27494626857576
279 8.20349583785007
280 17.589891188941824
281 12.342599622705167
282 18.9343764977465
283 23.01052463995496
284 17.942434875950838
285 19.73939906004149
286 15.348508812620466
287 29.252306018137308
288 22.63854667590109
289 7.953141045924897
290 9.90369240093228
291 5.262263365134363
292 14.187233630823677
293 17.528944384455794
294 10.615555884849325
295 7.468945016625071
296 24.17846703710879
297 8.738185010609666
298 4.809101644220542
299 7.6198073637894925
300 18.197730480959855
301 9.944229434294588
302 10.074512216086832
303 13.74828067260279
304 9.028594038282257
305 5.176416336674303
306 5.090361145070597
307 5.3245679915542325
308 9.85802386225126
309 8.20349583785007
310 3.0590756601179665
311 12.342599622705167
312 -0.1988174055154608
313 10.48300500544755
314 12.101470105581322
315 4.583442760987433
316 11.853967444323315
317 12.646657539259227
318 8.75998528461077
319 7.953141045924897
320 9.90369240093228
321 5.110252483215214
322 5.153123942439416
323 4.5317451950495515
324 10.244324197016164
325 7.468945016625071
326 10.807578258266526
327 8.738185010609666
328 4.809101644220542
329 7.6198073637894925
330 17.104683520047587
331 21.01326348067822
332 19.221366611496492
333 25.186157881063686
334 10.12220289171201
335 14.752356020646035
336 7.036687666089194
337 30.698695578546612
338 11.913991286730909
339 17.005095589393136
340 11.639680402699545
341 4.316835514523508
342 7.133566822361652
343 9.544387912772557
344 1.3735537234031616
345 20.478434027126234
346 20.713587955252997
347 16.744179576902038
348 17.49398752899103
349 6.305921283916241
350 14.98681390923742
351 5.679644719307522
352 21.360919900757864
353 17.779480021401373
354 7.228828748342413
355 8.507221785494103
356 19.872030293309145
357 12.772374042147007
358 10.218400775523047
359 18.974863537998278
360 10.582814416336472
361 9.944229434294588
362 10.074512216086832
363 13.74828067260279
364 9.028594038282257
365 5.176416336674303
366 5.090361145070597
367 5.3245679915542325
368 9.85802386225126
369 8.20349583785007
370 3.0590756601179665
371 4.316835514523508
372 -0.1988174055154608
373 9.544387912772557
374 1.3735537234031616
375 4.583442760987433
376 11.853967444323315
377 12.646657539259227
378 8.75998528461077
379 6.305921283916241
380 9.90369240093228
381 5.110252483215214
382 5.153123942439416
383 4.5317451950495515
384 7.228828748342413
385 7.468945016625071
386 10.807578258266526
387 8.738185010609666
388 4.809101644220542
389 7.6198073637894925
390 10.582814416336472
391 8.057684801908156
392 15.835081732310103
393 7.699514143437026
394 5.485549288027128
395 6.99908229164002
396 29.16308476914324
397 20.79950062549132
398 5.327831306223988
399 -0.6859399227328034
400 9.200815916684583
401 8.41325752547008
402 13.364688524409917
403 5.504822049021313
404 14.85658935508135
405 24.292810189372233
406 14.422714493467172
407 4.031922948224902
408 14.143772497545203
409 20.431313538657776
410 15.23220348193322
411 6.932318026797686
412 9.311513712689631
413 17.712571137126005
414 8.768533713496259
415 9.18061464916886
416 18.999197130399548
417 8.704589767237165
418 6.834400645108893
419 10.3023336789704
420 17.28761402984911
421 8.057684801908156
422 10.074512216086832
423 7.699514143437026
424 5.485549288027128
425 5.176416336674303
426 5.090361145070597
427 5.3245679915542325
428 5.327831306223988
429 -0.6859399227328034
430 3.0590756601179665
431 4.316835514523508
432 -0.1988174055154608
433 5.504822049021313
434 1.3735537234031616
435 4.583442760987433
436 11.853967444323315
437 4.031922948224902
438 8.75998528461077
439 6.305921283916241
440 9.90369240093228
441 5.110252483215214
442 5.153123942439416
443 4.5317451950495515
444 7.228828748342413
445 7.468945016625071
446 10.807578258266526
447 8.704589767237165
448 4.809101644220542
449 7.6198073637894925
450 10.582814416336472
451 10.313147177126215
452 9.360820615365629
453 12.831001993694066
454 10.599339591854791
455 13.585083108360585
456 15.706751469628369
457 18.755764642838468
458 7.275289726653351
459 2.154000539615085
460 8.846143407296616
461 2.966824164492729
462 17.76266979251528
463 9.897430957697575
464 17.494413354635704
465 8.791821030289421
466 21.588195016228934
467 2.7026165534640936
468 10.583696921902671
469 15.57919459229844
470 10.803016939512114
471 22.729000312191317
472 12.383897747565802
473 7.874292678306925
474 11.129013470491302
475 15.294211300551472
476 24.67177262591403
477 10.4658829807243
478 19.188075005264107
479 13.975320996449835
480 8.819922484165158
481 8.057684801908156
482 9.360820615365629
483 7.699514143437026
484 5.485549288027128
485 5.176416336674303
486 5.090361145070597
487 5.3245679915542325
488 5.327831306223988
489 -0.6859399227328034
490 3.0590756601179665
491 2.966824164492729
492 -0.1988174055154608
493 5.504822049021313
494 1.3735537234031616
495 4.583442760987433
496 11.853967444323315
497 2.7026165534640936
498 8.75998528461077
499 6.305921283916241
500 9.90369240093228
501 5.110252483215214
502 5.153123942439416
503 4.5317451950495515
504 7.228828748342413
505 7.468945016625071
506 10.807578258266526
507 8.704589767237165
508 4.809101644220542
509 7.6198073637894925
510 8.819922484165158
511 20.142564578734305
512 15.194589317994303
513 5.651591902763892
514 26.315565186815647
515 29.444115992764694
516 12.394192628947087
517 20.245441590314563
518 9.176595494835448
519 14.838758857220544
520 8.88462220354921
521 9.144780495932043
522 14.487997450627219
523 5.147939383124755
524 16.653447861978755
525 8.19522667803331
526 8.056696300745813
527 9.115413697410338
528 13.829696158424223
529 11.829086169859345
530 11.53334949721634
531 7.749833158989382
532 14.636077022348058
533 8.374397059410514
534 1.0460177438997742
535 9.981230365774975
536 3.175528180768853
537 5.534093764029758
538 4.737975879986857
539 15.716293516864333
540 -1.6344972262890158
541 8.057684801908156
542 9.360820615365629
543 5.651591902763892
544 5.485549288027128
545 5.176416336674303
546 5.090361145070597
547 5.3245679915542325
548 5.327831306223988
549 -0.6859399227328034
550 3.0590756601179665
551 2.966824164492729
552 -0.1988174055154608
553 5.147939383124755
554 1.3735537234031616
555 4.583442760987433
556 8.056696300745813
557 2.7026165534640936
558 8.75998528461077
559 6.305921283916241
560 9.90369240093228
561 5.110252483215214
562 5.153123942439416
563 4.5317451950495515
564 1.0460177438997742
565 7.468945016625071
566 3.175528180768853
567 5.534093764029758
568 4.737975879986857
569 7.6198073637894925
570 -1.6344972262890158
571 35.10800038745838
572 6.335853908624521
573 7.584632486819359
574 3.465216608939194
575 3.1313506644432234
576 11.890562482655735
577 2.644549531293696
578 2.6010910571928636
579 4.876117514699018
580 2.495816371008315
581 4.497549284211161
582 -0.2488815588717861
583 10.00752049704555
584 6.3625044264322685
585 5.599361072311722
586 11.006372805942513
587 -0.7541493355606801
588 6.43398867846814
589 6.988004391740491
590 9.620637587035155
591 5.408625533384331
592 7.23919779705986
593 2.918281545753156
594 -0.021935557923237425
595 3.353633953308164
596 2.4929507403523745
597 11.848250680209908
598 5.040683262826838
599 7.785451004573089
600 2.666826990590951
601 8.057684801908156
602 6.335853908624521
603 5.651591902763892
604 3.465216608939194
605 3.1313506644432234
606 5.090361145070597
607 2.644549531293696
608 2.6010910571928636
609 -0.6859399227328034
610 2.495816371008315
611 2.966824164492729
612 -0.2488815588717861
613 5.147939383124755
614 1.3735537234031616
615 4.583442760987433
616 8.056696300745813
617 -0.7541493355606801
618 6.43398867846814
619 6.305921283916241
620 9.620637587035155
621 5.110252483215214
622 5.153123942439416
623 2.918281545753156
624 -0.021935557923237425
625 3.353633953308164
626 2.4929507403523745
627 5.534093764029758
628 4.737975879986857
629 7.6198073637894925
630 -1.6344972262890158
631 2.214460872158624
632 5.911058124413568
633 17.225208409011238
634 8.324292644772257
635 7.253962939493168
636 9.565694347453086
637 6.687370223639741
638 10.117132099570316
639 7.972999771049935
640 7.0520814640077685
641 5.686475919192434
642 10.755476754062785
643 14.299587037490264
644 10.885612896020959
645 14.085452736534835
646 11.130354287098047
647 6.266237353110031
648 6.78848891825706
649 11.842980193593004
650 5.552740674445878
651 6.031443643791908
652 5.479728609628696
653 19.138526033300323
654 0.479404764040819
655 10.522612842296537
656 5.110009040081962
657 3.9255621810994388
658 4.168055792104575
659 5.107235154424957
660 16.29570275517737
661 2.214460872158624
662 5.911058124413568
663 5.651591902763892
664 3.465216608939194
665 3.1313506644432234
666 5.090361145070597
667 2.644549531293696
668 2.6010910571928636
669 -0.6859399227328034
670 2.495816371008315
671 2.966824164492729
672 -0.2488815588717861
673 5.147939383124755
674 1.3735537234031616
675 4.583442760987433
676 8.056696300745813
677 -0.7541493355606801
678 6.43398867846814
679 6.305921283916241
680 5.552740674445878
681 5.110252483215214
682 5.153123942439416
683 2.918281545753156
684 -0.021935557923237425
685 3.353633953308164
686 2.4929507403523745
687 3.9255621810994388
688 4.168055792104575
689 5.107235154424957
690 -1.6344972262890158
691 0.21111300613371276
692 9.200265795278773
693 13.991374702291125
694 4.426070070349338
695 15.222037095853764
696 4.1804681019581125
697 4.031930388925656
698 5.222963796971934
699 5.809854762893275
700 2.0030550845061614
701 2.6898279127817095
702 15.375823280504049
703 -1.6636402498292138
704 5.227547846049108
705 4.624017157300512
706 13.83251582528723
707 1.0345580744228162
708 7.596686280001915
709 7.922694658205447
710 12.73793729558826
711 12.175513680089818
712 9.688551666385797
713 3.1036128841841837
714 17.47552888172096
715 4.995777743338497
716 4.460030944901396
717 7.467989456880837
718 6.670605496627953
719 0.41238666098446575
720 9.451718067680769
721 0.21111300613371276
722 5.911058124413568
723 5.651591902763892
724 3.465216608939194
725 3.1313506644432234
726 4.1804681019581125
727 2.644549531293696
728 2.6010910571928636
729 -0.6859399227328034
730 2.0030550845061614
731 2.6898279127817095
732 -0.2488815588717861
733 -1.6636402498292138
734 1.3735537234031616
735 4.583442760987433
736 8.056696300745813
737 -0.7541493355606801
738 6.43398867846814
739 6.305921283916241
740 5.552740674445878
741 5.110252483215214
742 5.153123942439416
743 2.918281545753156
744 -0.021935557923237425
745 3.353633953308164
746 2.4929507403523745
747 3.9255621810994388
748 4.168055792104575
749 0.41238666098446575
750 -1.6344972262890158
751 -0.5268960028470706
752 8.828805935495856
753 6.816064997771425
754 5.855934904640497
755 1.7327058275930103
756 6.657986887575074
757 9.513973743593308
758 4.816861711103526
759 11.112263102405908
760 5.919247276825856
761 5.303323009621858
762 2.9755668402947695
763 3.8933371423622125
764 1.3565144210349565
765 5.394812538068445
766 4.885571868720971
767 4.467441202725998
768 8.554984991781076
769 10.878982423157943
770 5.9884010350301935
771 5.34103011550777
772 21.97094222882874
773 1.806665831639144
774 4.553172034987446
775 8.15487516846332
776 17.668791361384493
777 5.064302014062931
778 7.030980029481018
779 4.208082634161904
780 10.016784493341316
781 -0.5268960028470706
782 5.911058124413568
783 5.651591902763892
784 3.465216608939194
785 1.7327058275930103
786 4.1804681019581125
787 2.644549531293696
788 2.6010910571928636
789 -0.6859399227328034
790 2.0030550845061614
791 2.6898279127817095
792 -0.2488815588717861
793 -1.6636402498292138
794 1.3565144210349565
795 4.583442760987433
796 4.885571868720971
797 -0.7541493355606801
798 6.43398867846814
799 6.305921283916241
800 5.552740674445878
801 5.110252483215214
802 5.153123942439416
803 1.806665831639144
804 -0.021935557923237425
805 3.353633953308164
806 2.4929507403523745
807 3.9255621810994388
808 4.168055792104575
809 0.41238666098446575
810 -1.6344972262890158
811 4.360178225550366
812 7.533623656527811
813 1.8981332452148552
814 3.178282626690349
815 4.548372138772319
816 4.210305604662341
817 21.877889665323522
818 6.741640327708227
819 5.752615891283337
820 2.2640586607366586
821 11.660498288198594
822 4.437472354543089
823 1.3620606957481471
824 3.0093904341185587
825 13.633949010500729
826 5.449326191833663
827 16.262884131537803
828 4.067460141164043
829 5.99299562644428
830 1.2011781565656672
831 5.12093757108305
832 3.0192404579244307
833 -0.6806624101538992
834 2.4253496235042
835 2.365556928127673
836 3.295149748889294
837 3.2365532756656403
838 4.6865927116734225
839 5.73851037489213
840 7.491831318834485
841 -0.5268960028470706
842 5.911058124413568
843 1.8981332452148552
844 3.178282626690349
845 1.7327058275930103
846 4.1804681019581125
847 2.644549531293696
848 2.6010910571928636
849 -0.6859399227328034
850 2.0030550845061614
851 2.6898279127817095
852 -0.2488815588717861
853 -1.6636402498292138
854 1.3565144210349565
855 4.583442760987433
856 4.885571868720971
857 -0.7541493355606801
858 4.067460141164043
859 5.99299562644428
860 1.2011781565656672
861 5.110252483215214
862 3.0192404579244307
863 -0.6806624101538992
864 -0.021935557923237425
865 2.365556928127673
866 2.4929507403523745
867 3.2365532756656403
868 4.168055792104575
869 0.41238666098446575
870 -1.6344972262890158
871 4.2947495075787465
872 6.90716271842082
873 4.292554839495494
874 6.73161335080921
875 11.599904765739229
876 2.5573610859103644
877 11.771524522712188
878 8.894578206271127
879 8.98089645127087
880 4.588469847055517
881 5.92159960352966
882 8.60304419160497
883 5.457739468420711
884 4.346620019092372
885 3.845600253538351
886 1.9085062618536952
887 5.195638147012502
888 1.4480435609061013
889 12.137446251083572
890 4.700914209793857
891 -0.8409035586517262
892 -0.25850711310408014
893 2.569888531637326
894 0.5955765394377128
895 8.129116353349561
896 4.517837265162836
897 1.9329258368261824
898 4.180784547038865
899 1.917290290890231
900 1.0297052221313814
901 -0.5268960028470706
902 5.911058124413568
903 1.8981332452148552
904 3.178282626690349
905 1.7327058275930103
906 2.5573610859103644
907 2.644549531293696
908 2.6010910571928636
909 -0.6859399227328034
910 2.0030550845061614
911 2.6898279127817095
912 -0.2488815588717861
913 -1.6636402498292138
914 1.3565144210349565
915 3.845600253538351
916 1.9085062618536952
917 -0.7541493355606801
918 1.4480435609061013
919 5.99299562644428
920 1.2011781565656672
921 -0.8409035586517262
922 -0.25850711310408014
923 -0.6806624101538992
924 -0.021935557923237425
925 2.365556928127673
926 2.4929507403523745
927 1.9329258368261824
928 4.168055792104575
929 0.41238666098446575
930 -1.6344972262890158
931 11.112750338334687
932 5.580323331195217
933 11.18337222684569
934 5.038941615852836
935 5.410090662276905
936 5.0915972765933395
937 8.86988078793484
938 7.469573476349976
939 3.0408687655769158
940 6.303465492475148
941 7.626234119816367
942 2.2678473745695533
943 0.6871947848108653
944 2.8598961909637586
945 0.576357953772094
946 10.474280011498495
947 2.7862323840359777
948 4.021261421972724
949 3.478096966433871
950 -1.4862029087002742
951 7.438563717291135
952 8.42673564509365
953 7.449064681806522
954 2.7080313150422857
955 12.859040429295383
956 1.8918174154523926
957 2.023467618937268
958 0.4862265263514436
959 2.3693491518221146
960 1.2575159403451281
961 -0.5268960028470706
962 5.580323331195217
963 1.8981332452148552
964 3.178282626690349
965 1.7327058275930103
966 2.5573610859103644
967 2.644549531293696
968 2.6010910571928636
969 -0.6859399227328034
970 2.0030550845061614
971 2.6898279127817095
972 -0.2488815588717861
973 -1.6636402498292138
974 1.3565144210349565
975 0.576357953772094
976 1.9085062618536952
977 -0.7541493355606801
978 1.4480435609061013
979 3.478096966433871
980 -1.4862029087002742
981 -0.8409035586517262
982 -0.25850711310408014
983 -0.6806624101538992
984 -0.021935557923237425
985 2.365556928127673
986 1.8918174154523926
987 1.9329258368261824
988 0.4862265263514436
989 0.41238666098446575
990 -1.6344972262890158
evaluations raw_y
1 11.38451852964531
2 30.713447570609056
3 16.056113039648604
4 14.143591984515467
5 7.71830781080699
6 21.08646212950974
7 29.967586165098826
8 12.770463053476043
9 4.426094501200905
10 12.322906331225623
11 15.75885441823838
12 7.468355217410027
13 6.3678967667263855
14 30.149868011683793
15 6.6208423364972235
16 35.66308757550917
17 22.11869264019863
18 21.205613305157637
19 12.786904822328408
20 15.41075909608025
21 32.46458832171087
22 20.703603321656896
23 17.515826296939935
24 24.735660349619476
25 9.441824723616271
26 31.590281408423476
27 28.925633204976798
28 22.30014847508882
29 17.09826942844827
30 19.09595631696078
31 36.82709909836574
32 25.650390492842174
33 38.10732753608057
34 23.357015228840446
35 15.299390676804352
36 32.94538493501134
37 32.94742700333787
38 13.899489406318946
39 31.29169343286612
40 17.019784971157872
41 32.171501957741974
42 23.68074502783843
43 21.964549421229616
44 37.593334468368404
45 13.281076568156562
46 10.788528958962885
47 38.26649836312242
48 28.62420479613
49 19.181908349703434
50 11.041057489197023
51 16.17834025154096
52 20.70354265630226
53 9.570689423500543
54 32.13618164033182
55 18.11548303920698
56 34.96564329630776
57 27.147687038946792
58 30.31319701750971
59 14.953656702096902
60 42.149505635948834
61 11.38451852964531
62 25.650390492842174
63 16.056113039648604
64 14.143591984515467
65 7.71830781080699
66 21.08646212950974
67 29.967586165098826
68 12.770463053476043
69 4.426094501200905
70 12.322906331225623
71 15.75885441823838
72 7.468355217410027
73 6.3678967667263855
74 30.149868011683793
75 6.6208423364972235
76 10.788528958962885
77 22.11869264019863
78 21.205613305157637
79 12.786904822328408
80 11.041057489197023
81 16.17834025154096
82 20.70354265630226
83 9.570689423500543
84 24.735660349619476
85 9.441824723616271
86 31.590281408423476
87 27.147687038946792
88 22.30014847508882
89 14.953656702096902
90 19.09595631696078
91 28.358607545164478
92 33.52864755964405
93 26.749027745947576
94 31.942696282938517
95 14.05688310202518
96 17.770877487922505
97 32.92145251609806
98 28.49494751031584
99 39.27556271415144
100 13.133323431464392
101 37.1333998721059
102 23.425143980132685
103 2.8500737473623468
104 19.28377570890763
105 12.40533264456417
106 36.571325661437946
107 14.334841632374763
108 21.82685331570977
109 35.692207608687326
110 14.579628716160098
111 33.736200049295626
112 11.090661288787302
113 32.103456145109696
114 8.40478709641707
115 25.25758461931229
116 24.821819199023732
117 23.340591562887006
118 16.50906164222589
119 28.707874906002253
120 17.72515688572931
121 11.38451852964531
122 25.650390492842174
123 16.056113039648604
124 14.143591984515467
125 7.71830781080699
126 17.770877487922505
127 29.967586165098826
128 12.770463053476043
129 4.426094501200905
130 12.322906331225623
131 15.75885441823838
132 7.468355217410027
133 2.8500737473623468
134 19.28377570890763
135 6.6208423364972235
136 10.788528958962885
137 14.334841632374763
138 21.205613305157637
139 12.786904822328408
140 11.041057489197023
141 16.17834025154096
142 11.090661288787302
143 9.570689423500543
144 8.40478709641707
145 9.441824723616271
146 24.821819199023732
147 23.340591562887006
148 16.50906164222589
149 14.953656702096902
150 17.72515688572931
151 26.406557972287853
152 17.855774510714305
153 22.851713763353533
154 13.465692304022589
155 29.14927062086088
156 33.70689084103175
157 31.949446849562264
158 25.561780248199188
159 17.130938814612797
160 16.00821851621723
161 26.321481845279255
162 29.238554746384352
163 43.09974288194353
164 15.108332690059205
165 23.799534393058135
166 28.148739861517782
167 24.077573529284344
168 26.96138428920913
169 46.10386474564132
170 33.45963844043094
171 26.116404726445772
172 15.618827540080014
173 26.3456948902506
174 14.976518828046899
175 17.991702245387888
176 14.45691578225704
177 17.33206254098416
178 19.31814457888551
179 17.323950937649446
180 25.328046886365968
181 11.38451852964531
182 17.855774510714305
183 16.056113039648604
184 13.465692304022589
185 7.71830781080699
186 17.770877487922505
187 29.967586165098826
188 12.770463053476043
189 4.426094501200905
190 12.322906331225623
191 15.75885441823838
192 7.468355217410027
193 2.8500737473623468
194 15.108332690059205
195 6.6208423364972235
196 10.788528958962885
197 14.334841632374763
198 21.205613305157637
199 12.786904822328408
200 11.041057489197023
201 16.17834025154096
202 11.090661288787302
203 9.570689423500543
204 8.40478709641707
205 9.441824723616271
206 14.45691578225704
207 17.33206254098416
208 16.50906164222589
209 14.953656702096902
210 17.72515688572931
211 20.240146242534596
212 7.94742400132866
213 11.641404650776796
214 28.961974902049572
215 17.642810016375304
216 10.907957246810795
217 16.828036390378294
218 9.452875410339532
219 21.36363124854778
220 24.375783220094128
221 15.974325105554774
222 26.206872457567844
223 17.02580035681074
224 15.766151247037335
225 15.383681152496067
226 7.733578848597658
227 20.47621781306096
228 33.42448030096469
229 22.24653720325594
230 31.668244039876143
231 20.29823882064865
232 21.402260529750134
233 22.793758674418665
234 27.470881339875174
235 12.596873228581734
236 22.76064493246693
237 16.500279852877163
238 20.341448434711115
239 28.113972548267558
240 18.380356511577638
241 11.38451852964531
242 7.94742400132866
243 11.641404650776796
244 13.465692304022589
245 7.71830781080699
246 10.907957246810795
247 16.828036390378294
248 9.452875410339532
249 4.426094501200905
250 12.322906331225623
251 15.75885441823838
252 7.468355217410027
253 2.8500737473623468
254 15.108332690059205
255 6.6208423364972235
256 7.733578848597658
257 14.334841632374763
258 21.205613305157637
259 12.786904822328408
260 11.041057489197023
261 16.17834025154096
262 11.090661288787302
263 9.570689423500543
264 8.40478709641707
265 9.441824723616271
266 14.45691578225704
267 16.500279852877163
268 16.50906164222589
269 14.953656702096902
270 17.72515688572931
271 23.66251466988587
272 19.85356069417522
273 32.37848487218899
274 20.82901274754088
275 29.651599766122803
276 13.896230080477842
277 16.295418693904278
278 15.271420523818252
279 14.622272803553418
280 20.045247723346883
281 18.735482261133694
282 14.123860455836716
283 17.874668684335912
284 15.534461461919616
285 16.883604228711345
286 14.110201617637163
287 20.445053834424154
288 14.327192015872738
289 6.55262384181309
290 13.50588189819318
291 18.13518064643998
292 20.119758290694886
293 16.764481854177543
294 13.63202981422161
295 11.277029583295288
296 18.923438965660836
297 13.319002414618424
298 22.634897030115475
299 6.854953828873981
300 45.580861802895996
301 11.38451852964531
302 7.94742400132866
303 11.641404650776796
304 13.465692304022589
305 7.71830781080699
306 10.907957246810795
307 16.295418693904278
308 9.452875410339532
309 4.426094501200905
310 12.322906331225623
311 15.75885441823838
312 7.468355217410027
313 2.8500737473623468
314 15.108332690059205
315 6.6208423364972235
316 7.733578848597658
317 14.334841632374763
318 14.327192015872738
319 6.55262384181309
320 11.041057489197023
321 16.17834025154096
322 11.090661288787302
323 9.570689423500543
324 8.40478709641707
325 9.441824723616271
326 14.45691578225704
327 13.319002414618424
328 16.50906164222589
329 6.854953828873981
330 17.72515688572931
331 22.58675658316725
332 26.656567823794397
333 22.730937461538158
334 16.35993982065254
335 17.601203279519336
336 26.152615531994066
337 23.985555275170046
338 20.554535917611595
339 8.708176259327965
340 16.022432431472016
341 35.0910319640284
342 18.648404149596335
343 24.40720745594401
344 14.238950639508463
345 12.394036549177478
346 2.276117263240198
347 15.735964634113262
348 26.286213297031225
349 18.113273549528948
350 2.426138298475405
351 16.335447295556424
352 11.165363838286137
353 33.81011403358287
354 28.521153989165484
355 27.000816073612416
356 0.5880185300455212
357 19.44941187929348
358 13.657997512701195
359 3.399814965817063
360 10.676330970501242
361 11.38451852964531
362 7.94742400132866
363 11.641404650776796
364 13.465692304022589
365 7.71830781080699
366 10.907957246810795
367 16.295418693904278
368 9.452875410339532
369 4.426094501200905
370 12.322906331225623
371 15.75885441823838
372 7.468355217410027
373 2.8500737473623468
374 14.238950639508463
375 6.6208423364972235
376 2.276117263240198
377 14.334841632374763
378 14.327192015872738
379 6.55262384181309
380 2.426138298475405
381 16.17834025154096
382 11.090661288787302
383 9.570689423500543
384 8.40478709641707
385 9.441824723616271
386 0.5880185300455212
387 13.319002414618424
388 13.657997512701195
389 3.399814965817063
390 10.676330970501242
391 18.174252537437344
392 27.70941264252951
393 22.427106502401795
394 8.548648947062931
395 18.3546257611146
396 12.563401583732764
397 29.816163375667546
398 26.681843991813363
399 17.522754671604737
400 23.49088606114986
401 18.651676625436014
402 24.645030904975442
403 21.865273267777308
404 13.950227052910678
405 16.481266010992286
406 7.5622708150587865
407 19.846512844065586
408 14.740823260481768
409 21.540344515540397
410 33.09804671770269
411 25.082011942315606
412 14.825053688164445
413 17.131137190094627
414 23.788681760860097
415 8.252988885341903
416 36.35721375659603
417 33.77409025873631
418 28.72709347347634
419 33.46706232956321
420 21.100162749103944
421 11.38451852964531
422 7.94742400132866
423 11.641404650776796
424 8.548648947062931
425 7.71830781080699
426 10.907957246810795
427 16.295418693904278
428 9.452875410339532
429 4.426094501200905
430 12.322906331225623
431 15.75885441823838
432 7.468355217410027
433 2.8500737473623468
434 13.950227052910678
435 6.6208423364972235
436 2.276117263240198
437 14.334841632374763
438 14.327192015872738
439 6.55262384181309
440 2.426138298475405
441 16.17834025154096
442 11.090661288787302
443 9.570689423500543
444 8.40478709641707
445 8.252988885341903
446 0.5880185300455212
447 13.319002414618424
448 13.657997512701195
449 3.399814965817063
450 10.676330970501242
451 8.44178303282677
452 11.516650079835186
453 11.145226362180061
454 15.949370811376948
455 17.01938770548139
456 15.830523907784947
457 17.837106654414768
458 13.486496906301735
459 16.65971018051224
460 8.7514499131625
461 26.757448493028416
462 21.506264284121343
463 14.490241405905588
464 24.978793486628405
465 28.4625127672968
466 19.537480309544794
467 16.300427835702433
468 20.691827951315755
469 12.57757899639768
470 9.53099380543243
471 8.463336676194565
472 13.302086641315437
473 13.057297004341807
474 5.352920114101117
475 25.083737472039566
476 7.99709079227372
477 25.27224952442405
478 16.278862167102776
479 29.274205116220188
480 6.243536008719213
481 8.44178303282677
482 7.94742400132866
483 11.145226362180061
484 8.548648947062931
485 7.71830781080699
486 10.907957246810795
487 16.295418693904278
488 9.452875410339532
489 4.426094501200905
490 8.7514499131625
491 15.75885441823838
492 7.468355217410027
493 2.8500737473623468
494 13.950227052910678
495 6.6208423364972235
496 2.276117263240198
497 14.334841632374763
498 14.327192015872738
499 6.55262384181309
500 2.426138298475405
501 8.463336676194565
502 11.090661288787302
503 9.570689423500543
504 5.352920114101117
505 8.252988885341903
506 0.5880185300455212
507 13.319002414618424
508 13.657997512701195
509 3.399814965817063
510 6.243536008719213
511 23.681684301479137
512 3.1618539003474875
513 25.738692505123993
514 10.34476032829643
515 17.31667927323547
516 12.08766097009411
517 18.73275764919207
518 6.742841076255722
519 12.05648143482534
520 14.405884264364131
521 20.59507319927233
522 25.413415856150113
523 22.56525983714842
524 23.50084597064044
525 8.783440895731278
526 20.547820119784017
527 15.411369351848068
528 12.953814232401253
529 5.107658955950811
530 19.93397828167373
531 10.120120406303197
532 24.88352521559423
533 18.748016151003732
534 10.745825110313138
535 5.206509398690512
536 14.884868511575958
537 17.653583353227635
538 5.152641436607156
539 7.027427232659199
540 8.253619102147569
541 8.44178303282677
542 3.1618539003474875
543 11.145226362180061
544 8.548648947062931
545 7.71830781080699
546 10.907957246810795
547 16.295418693904278
548 6.742841076255722
549 4.426094501200905
550 8.7514499131625
551 15.75885441823838
552 7.468355217410027
553 2.8500737473623468
554 13.950227052910678
555 6.6208423364972235
556 2.276117263240198
557 14.334841632374763
558 12.953814232401253
559 5.107658955950811
560 2.426138298475405
561 8.463336676194565
562 11.090661288787302
563 9.570689423500543
564 5.352920114101117
565 5.206509398690512
566 0.5880185300455212
567 13.319002414618424
568 5.152641436607156
569 3.399814965817063
570 6.243536008719213
571 10.510613658832977
572 1.5718604475845548
573 16.24580491762416
574 28.787074708249673
575 11.594001069749684
576 1.9971396706343474
577 13.674791371510203
578 16.310218778871988
579 13.386247943371718
580 22.467870835318553
581 19.449977453186737
582 8.35684668646678
583 11.805220579884539
584 9.726855507995218
585 10.800148273854902
586 19.591544164929747
587 6.110410723583132
588 5.478359658703258
589 7.849625278422948
590 19.53225883116753
591 16.157556279397014
592 27.48580858741351
593 16.17819392017769
594 12.71502401542546
595 12.747918010925186
596 13.890168337555496
597 17.016687371559353
598 22.431845732597132
599 1.5089966467339613
600 12.652039729736165
601 8.44178303282677
602 1.5718604475845548
603 11.145226362180061
604 8.548648947062931
605 7.71830781080699
606 1.9971396706343474
607 13.674791371510203
608 6.742841076255722
609 4.426094501200905
610 8.7514499131625
611 15.75885441823838
612 7.468355217410027
613 2.8500737473623468
614 9.726855507995218
615 6.6208423364972235
616 2.276117263240198
617 6.110410723583132
618 5.478359658703258
619 5.107658955950811
620 2.426138298475405
621 8.463336676194565
622 11.090661288787302
623 9.570689423500543
624 5.352920114101117
625 5.206509398690512
626 0.5880185300455212
627 13.319002414618424
628 5.152641436607156
629 1.5089966467339613
630 6.243536008719213
631 6.140744677246632
632 8.241266382085021
633 11.649687041549466
634 31.017936712686
635 18.073712524599912
636 11.851593810166033
637 16.77987873825456
638 21.884952770617392
639 8.54608935351182
640 8.848631327857513
641 15.617938281461074
642 3.6944202181080072
643 6.730959242018937
644 14.332302135519583
645 8.865435482078942
646 9.067919252135521
647 14.555441962804311
648 13.574019188842911
649 9.158691816864568
650 20.80158358218838
651 18.702694820165213
652 10.495898573892793
653 11.660207216085269
654 6.286317947198835
655 31.640978711680265
656 17.62151963232449
657 17.277700926612656
658 7.667290994030159
659 16.65755558454165
660 11.022524954168071
661 6.140744677246632
662 1.5718604475845548
663 11.145226362180061
664 8.548648947062931
665 7.71830781080699
666 1.9971396706343474
667 13.674791371510203
668 6.742841076255722
669 4.426094501200905
670 8.7514499131625
671 15.617938281461074
672 3.6944202181080072
673 2.8500737473623468
674 9.726855507995218
675 6.6208423364972235
676 2.276117263240198
677 6.110410723583132
678 5.478359658703258
679 5.107658955950811
680 2.426138298475405
681 8.463336676194565
682 10.495898573892793
683 9.570689423500543
684 5.352920114101117
685 5.206509398690512
686 0.5880185300455212
687 13.319002414618424
688 5.152641436607156
689 1.5089966467339613
690 6.243536008719213
691 14.739939384987457
692 26.372811018064095
693 19.71332791714389
694 12.735484691048633
695 12.862220318287724
696 11.709111553865913
697 18.328624138741265
698 14.93618263900573
699 10.265459145252741
700 7.768931746426605
701 8.085910890926657
702 8.443667097606427
703 7.5997849920004725
704 3.862890314111029
705 14.867729005007295
706 5.242763638758083
707 19.527596768815062
708 18.986632654506007
709 20.818741265762586
710 7.796815321749776
711 5.028098501840667
712 7.344820249102389
713 12.961146538203932
714 16.409860768833784
715 1.77874352748954
716 7.112949249539184
717 14.332298427366304
718 10.46848573666761
719 20.852367201472326
720 5.835624448191199
721 6.140744677246632
722 1.5718604475845548
723 11.145226362180061
724 8.548648947062931
725 7.71830781080699
726 1.9971396706343474
727 13.674791371510203
728 6.742841076255722
729 4.426094501200905
730 7.768931746426605
731 8.085910890926657
732 3.6944202181080072
733 2.8500737473623468
734 3.862890314111029
735 6.6208423364972235
736 2.276117263240198
737 6.110410723583132
738 5.478359658703258
739 5.107658955950811
740 2.426138298475405
741 5.028098501840667
742 7.344820249102389
743 9.570689423500543
744 5.352920114101117
745 1.77874352748954
746 0.5880185300455212
747 13.319002414618424
748 5.152641436607156
749 1.5089966467339613
750 5.835624448191199
751 9.472358390478352
752 10.771899693952859
753 8.280646138946619
754 11.849774985018769
755 14.840606374904823
756 5.3289734089269025
757 14.933781017838289
758 8.379737713230796
759 18.369170197093972
760 9.475657804406913
761 8.388660472831313
762 1.2482406121628165
763 12.254777824450725
764 9.051563998072467
765 17.690013906865573
766 18.219717528733756
767 6.709108604458006
768 17.83612567470364
769 13.251154889198354
770 7.121882667398383
771 22.33523213793518
772 13.074987785881463
773 13.020327672717919
774 8.268976653047991
775 15.17553643436522
776 9.457785722314757
777 16.081010222533823
778 14.356151608095924
779 25.846828111926
780 8.519251043038263
781 6.140744677246632
782 1.5718604475845548
783 8.280646138946619
784 8.548648947062931
785 7.71830781080699
786 1.9971396706343474
787 13.674791371510203
788 6.742841076255722
789 4.426094501200905
790 7.768931746426605
791 8.085910890926657
792 1.2482406121628165
793 2.8500737473623468
794 3.862890314111029
795 6.6208423364972235
796 2.276117263240198
797 6.110410723583132
798 5.478359658703258
799 5.107658955950811
800 2.426138298475405
801 5.028098501840667
802 7.344820249102389
803 9.570689423500543
804 5.352920114101117
805 1.77874352748954
806 0.5880185300455212
807 13.319002414618424
808 5.152641436607156
809 1.5089966467339613
810 5.835624448191199
811 7.6618195418797725
812 27.767378660232332
813 2.545237037411132
814 16.449472776661896
815 13.401794728470731
816 7.3625679323752635
817 6.598118143284903
818 9.29285049028729
819 15.83320530310103
820 19.9132223552699
821 12.764959033083603
822 18.756813865737286
823 12.467259493930335
824 9.388551415922588
825 17.84966835325821
826 16.651838760974172
827 7.014020941216545
828 11.768804617240647
829 21.133162400116774
830 12.74317026455047
831 17.84420420913595
832 16.418987448684327
833 3.454373561746501
834 6.058276411871251
835 10.155021673178513
836 9.612056396192049
837 5.2018788175205835
838 14.854353121952421
839 9.955531771257458
840 14.452767320344496
841 6.140744677246632
842 1.5718604475845548
843 2.545237037411132
844 8.548648947062931
845 7.71830781080699
846 1.9971396706343474
847 6.598118143284903
848 6.742841076255722
849 4.426094501200905
850 7.768931746426605
851 8.085910890926657
852 1.2482406121628165
853 2.8500737473623468
854 3.862890314111029
855 6.6208423364972235
856 2.276117263240198
857 6.110410723583132
858 5.478359658703258
859 5.107658955950811
860 2.426138298475405
861 5.028098501840667
862 7.344820249102389
863 3.454373561746501
864 5.352920114101117
865 1.77874352748954
866 0.5880185300455212
867 5.2018788175205835
868 5.152641436607156
869 1.5089966467339613
870 5.835624448191199
871 4.5080655722657355
872 9.223294073292488
873 12.940970013310045
874 3.3244632808659014
875 3.3473776833420232
876 3.111082812265706
877 19.79363891672379
878 21.01561814683731
879 11.30278100324611
880 10.809378065012833
881 10.629328361095274
882 7.435432702900414
883 7.815996684817756
884 9.042149602040073
885 5.416312738561352
886 16.978364856528295
887 10.105124459752869
888 13.20842516034106
889 0.5392495146632172
890 8.449178618973813
891 7.220812770871414
892 6.810739413205021
893 20.06398101974021
894 20.91810822500134
895 3.4552421076395565
896 6.137108893677086
897 12.165194829696036
898 9.448736277859583
899 13.969600698253508
900 3.0911758088913737
901 4.5080655722657355
902 1.5718604475845548
903 2.545237037411132
904 3.3244632808659014
905 3.3473776833420232
906 1.9971396706343474
907 6.598118143284903
908 6.742841076255722
909 4.426094501200905
910 7.768931746426605
911 8.085910890926657
912 1.2482406121628165
913 2.8500737473623468
914 3.862890314111029
915 5.416312738561352
916 2.276117263240198
917 6.110410723583132
918 5.478359658703258
919 0.5392495146632172
920 2.426138298475405
921 5.028098501840667
922 6.810739413205021
923 3.454373561746501
924 5.352920114101117
925 1.77874352748954
926 0.5880185300455212
927 5.2018788175205835
928 5.152641436607156
929 1.5089966467339613
930 3.0911758088913737
931 13.485734251324708
932 5.67810923265205
933 12.053820406683583
934 6.395145756816837
935 6.835098625099477
936 9.089059808302812
937 11.664271260021579
938 19.273766017536225
939 4.936011468263777
940 4.624447314493511
941 12.092710800670798
942 10.659822858397899
943 6.217836929213732
944 16.267657595060076
945 9.816721881417777
946 8.83781984677655
947 6.1275360994705395
948 12.483477867835623
949 5.263747369875469
950 4.575706871902128
951 15.43552774308905
952 5.132557456753566
953 19.335641486022165
954 3.0245846758368256
955 8.440292318184174
956 11.916615711977595
957 11.098376044296689
958 1.2943004613490157
959 5.566352357194109
960 8.155606887179687
961 4.5080655722657355
962 1.5718604475845548
963 2.545237037411132
964 3.3244632808659014
965 3.3473776833420232
966 1.9971396706343474
967 6.598118143284903
968 6.742841076255722
969 4.426094501200905
970 4.624447314493511
971 8.085910890926657
972 1.2482406121628165
973 2.8500737473623468
974 3.862890314111029
975 5.416312738561352
976 2.276117263240198
977 6.110410723583132
978 5.478359658703258
979 0.5392495146632172
980 2.426138298475405
981 5.028098501840667
982 5.132557456753566
983 3.454373561746501
984 3.0245846758368256
985 1.77874352748954
986 0.5880185300455212
987 5.2018788175205835
988 1.2943004613490157
989 1.5089966467339613
990 3.0911758088913737
evaluations raw_y
1 26.82873316613947
2 31.15800230100025
3 34.61876466135234
4 34.483556020406695
5 27.269055753623846
6 16.825723835001803
7 24.12553431357749
8 3.7837945363832564
9 12.044689187485455
10 4.318817404482399
11 14.607894300670862
12 20.373631937054643
13 17.88362099211614
14 20.387779382068455
15 20.88854607195888
16 10.755198813308956
17 21.98908463053542
18 20.336643533327763
19 14.15948322477065
20 6.651623503978865
21 22.95029127480821
22 15.77014462932391
23 20.901602285890522
24 28.511656870311594
25 29.861601223627066
26 34.09012767451483
27 13.346789444186314
28 24.708909224236002
29 17.9400504765364
30 20.751369401299673
31 40.805408655058365
32 22.60557272647168
33 40.134336973654015
34 9.25059757950831
35 24.225834400371628
36 28.688347344197343
37 27.60929845737784
38 13.199384464851903
39 45.71485669186318
40 26.722704023970888
41 26.566241968446455
42 47.443439020786435
43 24.435549043542125
44 39.4816061032338
45 22.459442893450174
46 40.02995879842029
47 28.994673737026403
48 42.03767843173181
49 32.56631553831735
50 34.240048206336404
51 27.708597850640647
52 26.87703057859358
53 24.220696508984055
54 28.34632542531729
55 19.02951635572196
56 22.955390640030352
57 25.400371599453283
58 36.51533808963408
59 28.18806457458149
60 41.40074557568955
61 26.82873316613947
62 22.60557272647168
63 34.61876466135234
64 9.25059757950831
65 24.225834400371628
66 16.825723835001803
67 24.12553431357749
68 3.7837945363832564
69 12.044689187485455
70 4.318817404482399
71 14.607894300670862
72 20.373631937054643
73 17.88362099211614
74 20.387779382068455
75 20.88854607195888
76 10.755198813308956
77 21.98908463053542
78 20.336643533327763
79 14.15948322477065
80 6.651623503978865
81 22.95029127480821
82 15.77014462932391
83 20.901602285890522
84 28.34632542531729
85 19.02951635572196
86 22.955390640030352
87 13.346789444186314
88 24.708909224236002
89 17.9400504765364
90 20.751369401299673
91 38.18267841217642
92 23.435812109733035
93 11.387417857798837
94 26.468450894492744
95 16.880776699166972
96 44.13764107618874
97 21.252824063500576
98 18.600797951767618
99 10.174011815316604
100 21.096995898000014
101 18.73679958131942
102 18.473585853880376
103 16.911652487376635
104 6.1170611852038945
105 8.573613629886477
106 19.310363511963864
107 35.378874412010525
108 15.843900906314667
109 15.164932172802049
110 11.150179529315485
111 23.446007522358833
112 17.401384813438415
113 35.21377059313691
114 18.034123948694514
115 37.19935147952889
116 20.142802783698382
117 15.540322889788042
118 20.84198981678015
119 22.807193860206525
120 32.31109127670454
121 26.82873316613947
122 22.60557272647168
123 11.387417857798837
124 9.25059757950831
125 16.880776699166972
126 16.825723835001803
127 21.252824063500576
128 3.7837945363832564
129 10.174011815316604
130 4.318817404482399
131 14.607894300670862
132 18.473585853880376
133 16.911652487376635
134 6.1170611852038945
135 8.573613629886477
136 10.755198813308956
137 21.98908463053542
138 15.843900906314667
139 14.15948322477065
140 6.651623503978865
141 22.95029127480821
142 15.77014462932391
143 20.901602285890522
144 18.034123948694514
145 19.02951635572196
146 20.142802783698382
147 13.346789444186314
148 20.84198981678015
149 17.9400504765364
150 20.751369401299673
151 15.849776395740955
152 18.993869773807372
153 39.35055395126041
154 18.67657199849649
155 30.189438230283475
156 29.18275049066314
157 4.18242100110302
158 21.146512532052917
159 5.140873274438229
160 27.806537869639172
161 22.63586635237605
162 45.153233829044915
163 26.99925118371
164 15.411278057653584
165 19.049837350004356
166 37.35847081961048
167 18.547342326749966
168 15.40233603981845
169 25.763401389382654
170 36.14592060531812
171 23.07049331498397
172 21.876145948807135
173 16.995186522088208
174 35.61872036730053
175 29.533667999299652
176 20.205787446623813
177 13.395699623386971
178 12.86030756901419
179 9.958656220866944
180 22.70871727188087
181 15.849776395740955
182 18.993869773807372
183 11.387417857798837
184 9.25059757950831
185 16.880776699166972
186 16.825723835001803
187 4.18242100110302
188 3.7837945363832564
189 5.140873274438229
190 4.318817404482399
191 14.607894300670862
192 18.473585853880376
193 16.911652487376635
194 6.1170611852038945
195 8.573613629886477
196 10.755198813308956
197 18.547342326749966
198 15.40233603981845
199 14.15948322477065
200 6.651623503978865
201 22.95029127480821
202 15.77014462932391
203 16.995186522088208
204 18.034123948694514
205 19.02951635572196
206 20.142802783698382
207 13.346789444186314
208 12.86030756901419
209 9.958656220866944
210 20.751369401299673
211 33.76917703270612
212 24.897000880483358
213 28.769359031579025
214 14.240619684668113
215 15.340196517871487
216 29.872487404540834
217 14.377939938252322
218 30.104163261834483
219 23.307466713607777
220 25.750408262153474
221 12.429445820233763
222 28.19883371755141
223 29.568834913570253
224 24.437957842867146
225 37.17692088838225
226 42.31342817467612
227 5.9602386667279
228 15.849776395740955
229 24.749832546519215
230 35.807296448232066
231 21.514744608121187
232 15.76777177156173
233 25.277568272038334
234 6.823350259611955
235 17.011465098620413
236 6.294160776601301
237 34.9346009351913
238 10.998369638361996
239 4.473182765465436
240 35.20491623222357
241 15.849776395740955
242 18.993869773807372
243 11.387417857798837
244 9.25059757950831
245 15.340196517871487
246 16.825723835001803
247 4.18242100110302
248 3.7837945363832564
249 5.140873274438229
250 4.318817404482399
251 12.429445820233763
252 18.473585853880376
253 16.911652487376635
254 6.1170611852038945
255 8.573613629886477
256 10.755198813308956
257 5.9602386667279
258 15.40233603981845
259 14.15948322477065
260 6.651623503978865
261 21.514744608121187
262 15.76777177156173
263 16.995186522088208
264 6.823350259611955
265 17.011465098620413
266 6.294160776601301
267 13.346789444186314
268 10.998369638361996
269 4.473182765465436
270 20.751369401299673
271 18.386042459721065
272 19.93698039936515
273 11.389362713260711
274 27.132997895898797
275 4.658598394338545
276 10.154241918994316
277 19.9727359696145
278 14.392952093394591
279 16.58246453702262
280 16.294133513139794
281 13.413162245067513
282 6.077797677942637
283 28.922235009465947
284 3.044841003629802
285 28.42704438758926
286 11.674906035739687
287 16.809571440465717
288 19.947509928402447
289 11.375782254778317
290 14.791802794897404
291 22.438597185193615
292 6.284098060507492
293 16.00748486668035
294 17.039184015196142
295 28.703124302206838
296 7.469285288237171
297 14.18481315000584
298 15.641222241502993
299 25.194998323878153
300 21.946461645757743
301 15.849776395740955
302 18.993869773807372
303 11.387417857798837
304 9.25059757950831
305 4.658598394338545
306 10.154241918994316
307 4.18242100110302
308 3.7837945363832564
309 5.140873274438229
310 4.318817404482399
311 12.429445820233763
312 6.077797677942637
313 16.911652487376635
314 3.044841003629802
315 8.573613629886477
316 10.755198813308956
317 5.9602386667279
318 15.40233603981845
319 11.375782254778317
320 6.651623503978865
321 21.514744608121187
322 6.284098060507492
323 16.00748486668035
324 6.823350259611955
325 17.011465098620413
326 6.294160776601301
327 13.346789444186314
328 10.998369638361996
329 4.473182765465436
330 20.751369401299673
331 18.09446733660079
332 31.065213229042975
333 25.632194670285195
334 9.510461041196116
335 21.306982674286328
336 16.414125427858163
337 8.930680823909439
338 16.107018465914877
339 22.83248869145666
340 4.5861638577168815
341 32.01999624165738
342 24.920526944009367
343 14.567405886465178
344 4.298767254639463
345 24.479286789264258
346 3.6809762621378463
347 17.889993662468694
348 10.736284398603866
349 11.830463053048357
350 17.34680635720421
351 7.104749200662816
352 14.799882784030439
353 24.20641054718539
354 5.7695709978281835
355 14.224898453295472
356 8.751286510588145
357 23.038001991539602
358 19.215924004219595
359 7.726169474179285
360 15.221069344777682
361 15.849776395740955
362 18.993869773807372
363 11.387417857798837
364 9.25059757950831
365 4.658598394338545
366 10.154241918994316
367 4.18242100110302
368 3.7837945363832564
369 5.140873274438229
370 4.318817404482399
371 12.429445820233763
372 6.077797677942637
373 14.567405886465178
374 3.044841003629802
375 8.573613629886477
376 3.6809762621378463
377 5.9602386667279
378 10.736284398603866
379 11.375782254778317
380 6.651623503978865
381 7.104749200662816
382 6.284098060507492
383 16.00748486668035
384 5.7695709978281835
385 14.224898453295472
386 6.294160776601301
387 13.346789444186314
388 10.998369638361996
389 4.473182765465436
390 15.221069344777682
391 1.0047963727735079
392 17.072992949410192
393 20.846943057877304
394 21.708062006559217
395 12.065476801919477
396 15.335318836258367
397 2.8068429235821752
398 6.484823340367115
399 8.743332559184898
400 7.486244435006082
401 7.695913277365882
402 21.423116016366848
403 14.196847401996003
404 5.767097853827738
405 32.018437528812846
406 15.815016251138964
407 8.416000432375402
408 19.92520237252965
409 16.40736394393722
410 7.667728674549128
411 28.080804978046192
412 13.188825532437903
413 20.144596475144958
414 16.190835729265707
415 8.851176645361793
416 7.328175358643639
417 14.827063478452905
418 15.868459005442922
419 13.15768243693914
420 14.431273831317746
421 1.0047963727735079
422 17.072992949410192
423 11.387417857798837
424 9.25059757950831
425 4.658598394338545
426 10.154241918994316
427 2.8068429235821752
428 3.7837945363832564
429 5.140873274438229
430 4.318817404482399
431 7.695913277365882
432 6.077797677942637
433 14.196847401996003
434 3.044841003629802
435 8.573613629886477
436 3.6809762621378463
437 5.9602386667279
438 10.736284398603866
439 11.375782254778317
440 6.651623503978865
441 7.104749200662816
442 6.284098060507492
443 16.00748486668035
444 5.7695709978281835
445 8.851176645361793
446 6.294160776601301
447 13.346789444186314
448 10.998369638361996
449 4.473182765465436
450 14.431273831317746
451 15.254748351567917
452 8.198032207781205
453 3.590778012285056
454 17.033079360163757
455 12.914844486750262
456 12.25676328154988
457 10.134656620287906
458 11.921568597675547
459 14.899171558136716
460 8.411611715409117
461 17.99229296472485
462 6.179885647883161
463 4.379896191096746
464 11.302093329605649
465 15.553624715431395
466 8.190870601990156
467 16.94182492440878
468 10.55054089055152
469 13.33710885338064
470 15.857180588832211
471 19.854737792160634
472 11.300808052571412
473 14.390738623926973
474 15.714001744451908
475 0.7371944576385108
476 14.470730668595646
477 1.7282613112317886
478 20.985002872846984
479 5.45925322788127
480 3.417283652332774
481 1.0047963727735079
482 8.198032207781205
483 3.590778012285056
484 9.25059757950831
485 4.658598394338545
486 10.154241918994316
487 2.8068429235821752
488 3.7837945363832564
489 5.140873274438229
490 4.318817404482399
491 7.695913277365882
492 6.077797677942637
493 4.379896191096746
494 3.044841003629802
495 8.573613629886477
496 3.6809762621378463
497 5.9602386667279
498 10.55054089055152
499 11.375782254778317
500 6.651623503978865
501 7.104749200662816
502 6.284098060507492
503 14.390738623926973
504 5.7695709978281835
505 0.7371944576385108
506 6.294160776601301
507 1.7282613112317886
508 10.998369638361996
509 4.473182765465436
510 3.417283652332774
511 13.524705627935964
512 14.670991848002062
513 0.4424667677969363
514 6.412049186030826
515 15.405243423549988
516 19.924708603314343
517 12.493068541201268
518 16.43480521338779
519 10.533198847029778
520 3.8884644593205415
521 18.466793238679436
522 13.30039651997387
523 20.239605823114637
524 2.5533695842183985
525 13.736477587722467
526 11.448142025651979
527 3.8143712125031293
528 5.939701717222267
529 14.355244732306577
530 31.338891344600302
531 9.719077927427799
532 29.50199307488169
533 4.380495185886657
534 11.112806830580464
535 6.912163460716383
536 13.034221102507466
537 14.337249160469888
538 16.177982560575852
539 3.375841102912323
540 3.548557176604733
541 1.0047963727735079
542 8.198032207781205
543 0.4424667677969363
544 6.412049186030826
545 4.658598394338545
546 10.154241918994316
547 2.8068429235821752
548 3.7837945363832564
549 5.140873274438229
550 3.8884644593205415
551 7.695913277365882
552 6.077797677942637
553 4.379896191096746
554 2.5533695842183985
555 8.573613629886477
556 3.6809762621378463
557 3.8143712125031293
558 5.939701717222267
559 11.375782254778317
560 6.651623503978865
561 7.104749200662816
562 6.284098060507492
563 4.380495185886657
564 5.7695709978281835
565 0.7371944576385108
566 6.294160776601301
567 1.7282613112317886
568 10.998369638361996
569 3.375841102912323
570 3.417283652332774
571 25.718701801160577
572 6.803340831006837
573 19.203306596214183
574 11.693502436340747
575 11.169668536647048
576 7.941327141081665
577 4.908190968760692
578 5.599074202942274
579 14.229032022566964
580 4.092263682510011
581 4.599591058228368
582 14.344614744946236
583 8.694166772616217
584 5.472953938061149
585 6.892747741061944
586 4.597507320626031
587 13.453057040186488
588 6.689808534994141
589 4.104572571561706
590 19.973328408475425
591 9.662738095573634
592 9.942425711874499
593 12.093983517644105
594 2.871050790714226
595 14.88293436809645
596 17.070567598672156
597 12.82609525403541
598 5.250924044622225
599 6.380789170491154
600 4.181749741362486
601 1.0047963727735079
602 6.803340831006837
603 0.4424667677969363
604 6.412049186030826
605 4.658598394338545
606 7.941327141081665
607 2.8068429235821752
608 3.7837945363832564
609 5.140873274438229
610 3.8884644593205415
611 4.599591058228368
612 6.077797677942637
613 4.379896191096746
614 2.5533695842183985
615 6.892747741061944
616 3.6809762621378463
617 3.8143712125031293
618 5.939701717222267
619 4.104572571561706
620 6.651623503978865
621 7.104749200662816
622 6.284098060507492
623 4.380495185886657
624 2.871050790714226
625 0.7371944576385108
626 6.294160776601301
627 1.7282613112317886
628 5.250924044622225
629 3.375841102912323
630 3.417283652332774
631 4.575359365041477
632 10.626716573931338
633 17.002003493139267
634 7.018967072887303
635 13.930494487909247
636 11.21905009722642
637 12.998795253120251
638 1.8414140835590649
639 -0.005238132714266985
640 11.56970083327981
641 12.147070588189546
642 15.491080075870423
643 17.11579545320825
644 7.1925227172491475
645 0.6720504838624901
646 8.731483816321933
647 10.815859261649742
648 -0.6245687568664007
649 2.9121914042975074
650 2.2415740700835753
651 0.6293938816488684
652 9.146486651244993
653 9.725996345007637
654 9.662381900522004
655 2.4023355634837076
656 6.126372604864467
657 7.801425402048624
658 4.494802579621702
659 10.054246113088512
660 6.501561567734333
661 1.0047963727735079
662 6.803340831006837
663 0.4424667677969363
664 6.412049186030826
665 4.658598394338545
666 7.941327141081665
667 2.8068429235821752
668 1.8414140835590649
669 -0.005238132714266985
670 3.8884644593205415
671 4.599591058228368
672 6.077797677942637
673 4.379896191096746
674 2.5533695842183985
675 0.6720504838624901
676 3.6809762621378463
677 3.8143712125031293
678 -0.6245687568664007
679 2.9121914042975074
680 2.2415740700835753
681 0.6293938816488684
682 6.284098060507492
683 4.380495185886657
684 2.871050790714226
685 0.7371944576385108
686 6.126372604864467
687 1.7282613112317886
688 4.494802579621702
689 3.375841102912323
690 3.417283652332774
691 2.3716086415651927
692 12.327903479557477
693 9.235097551846913
694 6.254614068734037
695 21.27629775402948
696 15.480965987543287
697 2.4568361205849687
698 4.1558997053619136
699 6.16785911479557
700 14.851408979114321
701 4.439549277287924
702 1.1012378193536148
703 9.489764458858604
704 5.394780197328123
705 8.7221161200933
706 6.740240756465026
707 15.616563282393566
708 4.064899470198688
709 6.193249332482445
710 3.351086561625688
711 2.256288661384621
712 9.14184269164515
713 8.8204321040216
714 18.137984871620798
715 5.813206084988313
716 4.652887992167607
717 4.482215469672792
718 9.754646255361365
719 6.298692251769266
720 6.722348229869058
721 1.0047963727735079
722 6.803340831006837
723 0.4424667677969363
724 6.254614068734037
725 4.658598394338545
726 7.941327141081665
727 2.4568361205849687
728 1.8414140835590649
729 -0.005238132714266985
730 3.8884644593205415
731 4.439549277287924
732 1.1012378193536148
733 4.379896191096746
734 2.5533695842183985
735 0.6720504838624901
736 3.6809762621378463
737 3.8143712125031293
738 -0.6245687568664007
739 2.9121914042975074
740 2.2415740700835753
741 0.6293938816488684
742 6.284098060507492
743 4.380495185886657
744 2.871050790714226
745 0.7371944576385108
746 4.652887992167607
747 1.7282613112317886
748 4.494802579621702
749 3.375841102912323
750 3.417283652332774
751 0.04139234232678857
752 14.930812821594147
753 6.758681346860963
754 7.529874924970187
755 4.581776922750485
756 12.345983655749903
757 11.615163180764664
758 4.877051680307305
759 7.197889431094487
760 2.5284628257086657
761 9.63901792812497
762 1.2754498493681445
763 7.20111805244158
764 16.41858213994208
765 4.377146344038708
766 13.051913872581164
767 6.816261419011606
768 2.711067431738632
769 8.984806775005877
770 4.375131300453003
771 6.99695282584547
772 9.683897394490263
773 8.360516752484758
774 1.5652413319194258
775 1.1637245500908926
776 2.4279558720696532
777 18.335956837979293
778 14.931799266551398
779 7.46201914536949
780 1.8049270455411084
781 0.04139234232678857
782 6.803340831006837
783 0.4424667677969363
784 6.254614068734037
785 4.581776922750485
786 7.941327141081665
787 2.4568361205849687
788 1.8414140835590649
789 -0.005238132714266985
790 2.5284628257086657
791 4.439549277287924
792 1.1012378193536148
793 4.379896191096746
794 2.5533695842183985
795 0.6720504838624901
796 3.6809762621378463
797 3.8143712125031293
798 -0.6245687568664007
799 2.9121914042975074
800 2.2415740700835753
801 0.6293938816488684
802 6.284098060507492
803 4.380495185886657
804 1.5652413319194258
805 0.7371944576385108
806 2.4279558720696532
807 1.7282613112317886
808 4.494802579621702
809 3.375841102912323
810 1.8049270455411084
811 3.9882145104929796
812 4.624310188708286
813 5.962192045229793
814 11.915540093275517
815 7.176025586485192
816 6.886511272350026
817 10.106048859498415
818 0.5057725556863848
819 0.8187491513845995
820 8.96793008450914
821 8.632914598915717
822 7.424327733241176
823 3.1905720525214005
824 7.610432973683948
825 4.53361901114641
826 6.374391497552129
827 3.1942570144142466
828 9.026622098808504
829 7.753141531069336
830 0.4424667677969363
831 2.397858145106854
832 17.25288572616168
833 16.677301194379282
834 2.708626394012808
835 3.9969029944024967
836 9.330416615573554
837 12.492738276297189
838 1.4451307006858007
839 7.586541980423082
840 3.3041526139485757
841 0.04139234232678857
842 4.624310188708286
843 0.4424667677969363
844 6.254614068734037
845 4.581776922750485
846 6.886511272350026
847 2.4568361205849687
848 0.5057725556863848
849 -0.005238132714266985
850 2.5284628257086657
851 4.439549277287924
852 1.1012378193536148
853 3.1905720525214005
854 2.5533695842183985
855 0.6720504838624901
856 3.6809762621378463
857 3.1942570144142466
858 -0.6245687568664007
859 2.9121914042975074
860 0.4424667677969363
861 0.6293938816488684
862 6.284098060507492
863 4.380495185886657
864 1.5652413319194258
865 0.7371944576385108
866 2.4279558720696532
867 1.7282613112317886
868 1.4451307006858007
869 3.375841102912323
870 1.8049270455411084
871 -0.06752716886783539
872 4.201082415920137
873 0.5936130293900521
874 10.120689202893454
875 1.1060587713111114
876 6.382143792760904
877 9.27679506863174
878 0.413358196432001
879 -0.9970294247622074
880 9.829040088980255
881 3.8965310663409145
882 9.589844184683765
883 5.561073280164235
884 6.932243423162174
885 5.8496077855811075
886 11.985750385128402
887 0.4476253656249274
888 1.2209810550401814
889 0.9029497397661881
890 1.8833372508141815
891 10.927988565088905
892 2.6634345232843644
893 9.65646120173112
894 4.144641864564086
895 3.2770125028278985
896 6.757216367801531
897 0.7477576665048655
898 3.686035841734396
899 9.375220542841461
900 10.86819925466304
901 -0.06752716886783539
902 4.201082415920137
903 0.4424667677969363
904 6.254614068734037
905 1.1060587713111114
906 6.382143792760904
907 2.4568361205849687
908 0.413358196432001
909 -0.9970294247622074
910 2.5284628257086657
911 3.8965310663409145
912 1.1012378193536148
913 3.1905720525214005
914 2.5533695842183985
915 0.6720504838624901
916 3.6809762621378463
917 0.4476253656249274
918 -0.6245687568664007
919 0.9029497397661881
920 0.4424667677969363
921 0.6293938816488684
922 2.6634345232843644
923 4.380495185886657
924 1.5652413319194258
925 0.7371944576385108
926 2.4279558720696532
927 0.7477576665048655
928 1.4451307006858007
929 3.375841102912323
930 1.8049270455411084
931 0.7331255039269355
932 2.4163637858325497
933 5.404398044162846
934 4.04679405271788
935 5.073096439299899
936 -1.4604256889860436
937 8.703816227404278
938 1.4543664629095914
939 5.045669773057674
940 2.330189629229498
941 7.710026040475927
942 6.150104559474089
943 5.898660046651854
944 0.9516860204889578
945 6.773964557203918
946 -0.11852338082226721
947 3.310111697390401
948 6.62275419657999
949 0.9063495152214065
950 4.705306887805646
951 14.058948599000647
952 2.1018437698418286
953 0.7112819846167544
954 2.6426916156981766
955 3.8009537354658365
956 0.2075349646447462
957 1.8860068257824092
958 2.3451548443247723
959 6.128660056738813
960 1.5605141223573393
961 -0.06752716886783539
962 2.4163637858325497
963 0.4424667677969363
964 4.04679405271788
965 1.1060587713111114
966 -1.4604256889860436
967 2.4568361205849687
968 0.413358196432001
969 -0.9970294247622074
970 2.330189629229498
971 3.8965310663409145
972 1.1012378193536148
973 3.1905720525214005
974 0.9516860204889578
975 0.6720504838624901
976 -0.11852338082226721
977 0.4476253656249274
978 -0.6245687568664007
979 0.9029497397661881
980 0.4424667677969363
981 0.6293938816488684
982 2.1018437698418286
983 0.7112819846167544
984 1.5652413319194258
985 0.7371944576385108
986 0.2075349646447462
987 0.7477576665048655
988 1.4451307006858007
989 3.375841102912323
990 1.5605141223573393
