{
	"version": "0.3.14", 
	"suite": "unknown_suite", 
	"function_id": 3, 
	"function_name": "Rastrigin", 
	"maximization": false, 
	"algorithm": {"name": "DE", "info": "algorithm_info"},
	"attributes": ["evaluations", "raw_y"],
	"scenarios": [
		{"dimension": 23,
		"path": "data_f3_Rastrigin/IOHprofiler_f3_DIM23.dat",
		"runs": [
			{"instance": 0, "evals": 1101, "best": {"evals": 865, "y": 559.2276890339886, "x": [2.522906939494715, 3.9033052164920967, -0.6625427558381496, 0.25943960262038046, -2.071413919924774, -0.415364437217395, -3.532628869100966, -2.2862570474311528, -1.8265400719288993, 3.7272135115536336, -0.24943432252619968, 2.468663394791259, 3.3763676642971765, -1.3051616461516886, -2.261578389835672, 1.6604417332324974, -2.6547144061179466, 1.0608646402795703, -1.9809488025949875, 0.01450275277566293, 2.4986574407422406, -2.3281303185848503, -3.6741675779589027]}},
			{"instance": 0, "evals": 1101, "best": {"evals": 1093, "y": 573.351046694791, "x": [2.7558286149028355, -2.8091194824159547, -2.1785949979301074, -3.6546190762699498, 1.11059356755699, 2.106400633196919, -1.781983184930434, 1.6739199459062222, -0.8877602668024132, 1.7046109837192587, 0.8323939722323508, 0.8686837435150085, -1.2226397823712492, -2.7910763734969954, -4.33146182333595, 4.466624163754954, -3.4623160695610915, 1.5333601356799376, -3.20496774792291, -2.763734970763803, 1.8464640162254473, -2.3396474501643123, -3.217187718026969]}},
			{"instance": 0, "evals": 1101, "best": {"evals": 1066, "y": 750.5622056559436, "x": [-0.4757534889974202, 3.5902843991098248, 0.4599237766725115, 4.9249696870227435, -0.5294386376118796, -0.2563083119474765, 1.6480158614377007, -0.27210407190908015, -2.249992353189234, 4.150662184272173, 3.8767352156440404, 4.103709646406625, -1.288810340504443, -1.585172741866844, -4.261780977827062, 1.1794494647598412, -3.4663674056478966, -4.010062789216429, -1.736186095656662, -3.7930761718835044, -1.017573566978521, -4.391232170456858, -3.1850211449139825]}},
			{"instance": 0, "evals": 1101, "best": {"evals": 981, "y": 557.5308697789254, "x": [1.4880487671169167, -1.1135498787872726, -0.21987620902567828, 0.5556592712033765, 0.6313777391999145, 2.4230259714073963, -3.175650425241546, 0.3294625570206753, -3.4819735683552735, -1.3139555694941851, 3.728803244039307, 3.210017074333196, 4.607784585483952, -1.8034503470452536, -3.7496760011903376, -0.5127783017667624, -1.2470311605048092, 2.0801965831549376, -2.186731653794957, -4.1588544807930665, 2.195409649433822, -1.5915828336207118, -1.933153986824288]}},
			{"instance": 0, "evals": 1101, "best": {"evals": 1055, "y": 472.7785142057551, "x": [3.7190187152558227, 2.2780240760286423, 4.514981210702679, -0.005061321313959977, -2.1431240101001894, -0.2614178664765916, -3.2152232094989674, -4.113954968971785, -1.735046810023336, 1.435229283782406, -0.3048143469897209, 1.7944697208984512, 3.7728676017517344, 0.11131320053692306, -2.228688798332128, 0.992696716172516, -1.7246061187464181, -0.543994821755116, -3.4795095307496595, -2.3740258229748386, 1.7386397572700236, -3.777264205522858, -0.8971004472548173]}},
			{"instance": 0, "evals": 1101, "best": {"evals": 1070, "y": 596.2825214195448, "x": [3.1752041259622903, -4.680947942439559, 2.423683422540339, 3.801389807792157, -3.00637503448016, 4.324507717500003, 0.13761899138821254, -2.7737914176861875, 0.9087854319756252, -2.281818744524322, 2.5218494546966608, 1.5347032744179028, 1.4364770421374908, -4.721792101375508, -1.8940581275562325, 1.7977305221270736, -2.6104462637971304, -1.6325808109107989, -3.114388798313354, -1.9426195725625623, -0.9645345259934879, -3.072628493824981, -3.462997505994525]}},
			{"instance": 0, "evals": 1101, "best": {"evals": 556, "y": 703.0180546809224, "x": [-0.375659530178462, 2.016295792749924, -4.914925244341165, -2.0366187154374327, -4.410929406227147, 0.11242056628852382, 0.8163707263899314, -4.837805755584766, 1.0404795761171424, 2.215504092469053, 2.9933831280578342, 0.5788690417411599, 4.8643825489857395, -1.0059839576269614, -4.366056627531668, 0.176402369763335, -4.371870179068679, 1.1534512143407847, -3.8542642811772065, -1.308432613145952, 1.1670869820209877, -1.8123605577970894, -4.597149929604136]}},
			{"instance": 0, "evals": 1101, "best": {"evals": 1052, "y": 610.9035841672985, "x": [0.5299231868206093, -0.26110322067042735, 3.7115148616694125, 4.512797705410227, -2.965625723163024, 4.992695782597078, -0.8030725762884021, -0.5511777048872517, -1.2938240248573945, -2.214775180539977, 2.6962792864671505, 1.9567131528680761, -2.164070886138591, -2.1220536896185607, -2.499268087667531, 3.324657261818315, -4.9642216741750085, 1.306431394391949, -2.9442497048449545, -3.7010752973752297, 3.3731254562204263, -4.572817466445036, -3.0184819439258357]}},
			{"instance": 0, "evals": 1101, "best": {"evals": 882, "y": 647.3486999544488, "x": [-0.5828088301348573, -3.624268796460903, 1.841668488383843, 4.2126610600415315, -2.185888705285393, -0.2014509973607712, -1.603056488918874, 2.1784345372538363, -3.9839461224334842, 1.0571475736509086, -0.7052779737954324, 3.1800245758829577, 2.376758696421378, 0.6230893406901488, -3.171260591331511, 2.5462610311508973, -3.3216066254670693, 2.040401844572296, -1.6615596293189558, -1.1370687060155884, 1.0151451170955843, -3.102285331407786, -1.6746175811468733]}},
			{"instance": 0, "evals": 1101, "best": {"evals": 759, "y": 742.6070946603742, "x": [1.7100832984607393, -4.367976673207697, 2.4400463752501107, 2.974630627478268, 0.49244800029972247, 4.539613325656352, -0.5886424786781461, 1.4589836516814747, 1.6898186905331936, 1.6679821632264673, 2.1052051447709106, 2.194612883727406, 0.6494432135884578, 0.11015272217312155, 1.2406698061268422, 2.585550480497019, -1.0642036900455465, 3.27668251615915, -2.849092125213015, -1.9635748591152384, -0.7736193300380378, -4.042540941368808, -3.7972344962189677]}},
			{"instance": 0, "evals": 1101, "best": {"evals": 1085, "y": 616.940215202297, "x": [2.5510593395138885, 2.301040843850928, -0.23228307174355844, -1.2372404891746154, 0.33758492994997313, 2.3546209591822356, -1.0242376307496226, 2.3134623289936833, -3.6055919832215637, 4.333120317613524, 4.787677706750822, -0.030781761333893543, 0.9958243590807951, -3.5234821142340484, -1.7898824679549121, -0.05165295961388827, -1.6269495813902566, 4.0751451754716355, -1.618399517236442, -4.228371185489268, 0.7359929389388657, -3.426812266887882, -1.298830957111008]}},
			{"instance": 0, "evals": 1101, "best": {"evals": 960, "y": 562.1469651172813, "x": [1.4157445308261507, 3.3831099497649615, 1.6694216206505796, -4.95266475270259, 2.7385081278100456, -1.2118026798875192, -4.466534414200677, -2.1028303368681653, -2.732838661291076, 1.5840810906862437, -0.4146607949272587, 0.7821371360187701, 2.415474161672251, -1.845915018569193, -1.0823091552830242, 2.077623730744211, -3.9837759900654133, 4.464885135966127, -4.572599628017166, -4.097730731017645, 1.0876206135365836, -2.8295702547135315, -3.524233532082132]}},
			{"instance": 0, "evals": 1101, "best": {"evals": 670, "y": 547.8489389521264, "x": [3.516992183005778, -2.1325860431392534, -2.8613554587024383, 2.722305584242244, -2.2770064056748343, 4.57807088963645, -4.959862986337558, -3.767903264004413, -0.9095795716585471, 3.162677326445282, 1.3443341498440207, 0.9155105423122665, 3.9097200291816065, -1.3257375990409015, -4.127575110902473, 4.306232956928465, -4.427959508368141, 3.0380641358206386, -0.8166378440090769, -1.097063624843388, 2.4191632918205137, -2.931690175185195, -3.503984444778526]}},
			{"instance": 0, "evals": 1101, "best": {"evals": 981, "y": 445.1320969558128,