{
	"version": "0.3.14", 
	"suite": "unknown_suite", 
	"function_id": 15, 
	"function_name": "RastriginRotated", 
	"maximization": false, 
	"algorithm": {"name": "DE", "info": "algorithm_info"},
	"attributes": ["evaluations", "raw_y"],
	"scenarios": [
		{"dimension": 23,
		"path": "data_f15_RastriginRotated/IOHprofiler_f15_DIM23.dat",
		"runs": [
			{"instance": 0, "evals": 2301, "best": {"evals": 2095, "y": 398.2973621928229, "x": [-0.3976233046651694, -2.493596300641732, 0.4825402356973685, 4.364263574506834, 3.008920629139393, -3.3580685264965924, -0.6422034491676607, -2.156427985981675, 2.8816847254195097, 2.0124970582482975, 3.1952780164155645, -2.8177913351527097, 1.3284064577002501, 0.9048536398345297, 1.5490265252055133, -1.9414899893695545, 1.175578211086159, 0.8987984528088153, -1.937126969771143, 3.214219739627842, 1.4694780456416314, 3.019939544163584, -1.0783409219051021]}},
			{"instance": 0, "evals": 2301, "best": {"evals": 1379, "y": 406.791429887594, "x": [2.861299553619923, -2.9933910142619573, -0.6878507919606225, 0.930501342703962, 0.5499447921229805, -3.9589997438397955, -4.370723462828087, -1.8882088251893725, 1.4503569771401437, 1.0332463328196784, 3.6688986402698283, -4.047931086264884, -0.2645245786613213, 0.49302184448588804, 3.2453732313951993, -3.2819882189529346, -0.32806255094082504, -2.9082657311152182, -0.20511501164415313, 4.298342824823147, 3.0140022362134586, 2.0076822518946544, -4.795175908544808]}},
			{"instance": 0, "evals": 2301, "best": {"evals": 2166, "y": 450.9449319417584, "x": [2.5897978784706828, -1.7668532178923069, 2.1768451141198524, -0.4317182846371832, -0.3902438097976897, -4.534097478712945, -3.7292278400762995, -2.564713075849133, 4.651495528940252, 0.8892237391735598, 1.0521749947569958, -4.91289855680748, -0.15984843477395372, 0.21771666453252192, 3.3098609144550752, -2.5917609041609895, -1.26840155855462, -2.309758805461191, -0.18435072730493252, 2.933748782734649, -2.626241104875411, -1.4586961309681636, 3.298881232905288]}},
			{"instance": 0, "evals": 2301, "best": {"evals": 2268, "y": 411.71389797729864, "x": [-0.659929129853948, -3.2789072008880096, 4.93328650503906, 4.8616239836469894, -1.1901622709514528, -3.877567046166282, -1.3420315539147976, -2.777012807605768, 2.7821133185647007, 1.8051872432654559, 1.440337885274733, -3.099945277337225, -0.9958765097035721, 1.3745352201183558, 1.101788092136876, -1.8541330605468016, 0.15420278736619775, -2.451619097201026, -2.14311325579383, 1.7357580207607128, 3.0830241261626363, 0.04288650235840885, 0.6172223848647462]}},
			{"instance": 0, "evals": 2301, "best": {"evals": 1981, "y": 418.023892214968, "x": [0.8844447579592545, -2.340770864994156, 1.5858612721270684, 0.23283505746043343, -1.0096353990613605, -3.018714964740685, -2.295502908037617, 0.8926458349914905, 2.6921204557459624, 1.5379553295884592, -0.7011333045394028, -2.818162348690839, -3.0894052806910928, 1.373744335231231, 0.9104821240840308, -2.8096284438803343, 1.2410806208631615, -1.8281560072461565, -1.5008783949841265, 4.02552207872542, 2.184625611942657, -1.6765735892106308, 3.1522375207955813]}},
			{"instance": 0, "evals": 2301, "best": {"evals": 1882, "y": 360.41116973934805, "x": [-2.191808319435, -4.549555423206135, -1.1588418935812514, 0.4572126620820238, 3.182335271191628, -2.8195744166971934, -3.3352398426274106, -2.0378291072711616, 3.4216174460336384, 2.68269037129257, 2.4200237491237444, -3.651761529918462, -1.028130095580509, -2.1865590072369407, 4.8246777825460665, -2.2845661534079467, 0.06468011847053412, 0.052544131692132456, -1.5648607878235308, 1.6816298856793543, -0.564678878956671, -0.4914514910393608, -0.42164831093256483]}},
			{"instance": 0, "evals": 2301, "best": {"evals": 1694, "y": 418.13273564430244, "x": [-1.6263192681148841, -4.541062159595567, 0.18733125562093056, 1.32997208773248, 3.187262705894099, -1.6147071732667428, -0.9803913503408301, 0.57670756783165, 3.943171843961037, 2.7048995869212513, 2.3598252527608956, -0.4597773483083132, 2.630277713924295, -1.744647745724417, 4.486489126075227, -0.01043349539601457, -1.527820217255306, -0.3894007684722116, -1.2715559960845981, 3.586024848530977, 3.3009498313575567, -0.12946348698266497, 0.22492578298833443]}},
			{"instance": 0, "evals": 2301, "best": {"evals": 2281, "y": 349.66857543470735, "x": [2.0385237657761124, -4.399754723315354, -1.4310808934836623, -0.5851273565294688, 2.5849647993530698, -1.2682184158885939, -0.5481280937366816, -0.2552469685659915, 3.354432369855957, 0.43437865221106, 4.06905683252454, -3.2285510539379434, 0.7694657867333361, -3.774788586142312, 3.819152182658029, -3.9002975352785962, 1.1467770105639743, 0.08843451563904292, -1.592290305940726, 3.6245010795826493, 1.7513045463338717, 1.4355828645677304, 1.6025713985605867]}},
			{"instance": 0, "evals": 2301, "best": {"evals": 1993, "y": 369.36169799384754, "x": [0.7984164760565995, -2.916435581108476, 0.33130279992109646, 2.243180660783592, -0.26378659375763824, -2.410114117838179, 0.128540364264894, 0.4971379113411962, 2.8776196844592845, 2.4173350019140187, 3.4296354742550426, -0.6413911133107519, -0.9275540439484864, -4.121738587533488, 1.5681721035682097, -3.6615273602940217, -1.2505614750659173, -0.20421338245802534, -1.0870600362016436, 3.1534992651610017, 4.11395309214986, 1.2057289644218847, 2.5865126827227116]}},
			{"instance": 0, "evals": 2301, "best": {"evals": 1379, "y": 342.8205126381981, "x": [1.8886751600884975, -3.37066560887442, 1.653007922089128, 0.30344978098637565, 0.9211036925979047, -3.0403324781539007, -2.1851808450704744, -3.1362122929951566, 2.203918097033829, 4.0250653312410245, 1.432985122954586, -2.325575257095267, -1.5613519771793678, 1.6678213529194499, 1.745405947937214, -2.5721436581167563, 1.7835949044174984, -1.4210831868334624, 0.7020309534020339, 2.1665582621019004, 0.21619738244269016, 1.631739842158149, 0.1536663237601701]}},
			{"instance": 0, "evals": 2301, "best": {"evals": 1861, "y": 306.3887134018189, "x": [3.3031458961230404, -4.963065508049118, -0.758859125910464, -1.195743186481573, 1.0306233230128237, -3.1253903373351974, -1.6505536782856542, -1.7980165462784696, 2.9883295482607597, 1.0305594029006624, 4.146148672775618, -2.949770580205379, 0.9944098002473087, -1.7321059200028606, 3.9622793725666905, -3.4625348319978864, 4.554831061301148, -1.282004643415607, -1.4178306044407372, 1.5011447849589548, 1.716789237656172, 0.19070711492711911, 3.1770013741969088]}},
			{"instance": 0, "evals": 2301, "best": {"evals": 1471, "y": 352.55075202528667, "x": [2.487364224479343, -3.2318066680096598, 2.3468742303146657, 4.210411321104939, 0.6782456376656743, -3.2610108544814027, -4.556632789052733, -0.5236807383499267, 3.2899072952679145, 2.196711402466112, 1.2463317867447365, -3.6311922410128705, 0.9619043762469843, 2.707717310225319, -0.21890281219704733, -2.993734119353509, 1.2192483603060211, -2.0536333962946576, -0.1716469862617216, 4.469162247903684, -1.0640789879387533, 2.6998809714447214, -0.1598487219392859]}},
			{"instance": 0, "evals": 2301, "best": {"evals": 1758, "y": 389.08105450171047, "x": [-0.09078483836219009, -4.074256299051502, 1.3150482410596958, 1.78801130883103, 0.836475193895275, 0.8813250631595109, -1.734120728941099, -2.250830509026028, 2.8559663925469208, 2.0146349095924188, 0.6971212182104858, -3.2453399048324383, -1.5774548598807692, -0.06949313369561061, 3.187959632745727, -4.012475106383527, -0.6710713367977821, 0.4849266467121669, -0.5327202535656479, 0.7992965138003307, -0.5777349578539015, -4.281766376075895, 3.862121804678748]}},
			{"instance": 0, "evals": 2301, "best": {"evals": 1656, "y": 415.1806804605933,