{
	"version": "0.3.14", 
	"suite": "unknown_suite", 
	"function_id": 6, 
	"function_name": "AttractiveSector", 
	"maximization": false, 
	"algorithm": {"name": "DE", "info": "algorithm_info"},
	"attributes": ["evaluations", "raw_y"],
	"scenarios": [
		{"dimension": 23,
		"path": "data_f6_AttractiveSector/IOHprofiler_f6_DIM23.dat",
		"runs": [
			{"instance": 0, "evals": 1101, "best": {"evals": 959, "y": 145718.19834403094, "x": [-1.5104926329899546, -2.0735143227870534, -1.8116051329347895, -2.2529115957486576, 2.4658892096754395, -3.877894363587201, -2.4518605225357737, 1.5653004383209734, 2.452696857466224, 1.5298834436353834, -2.967562008605792, 2.7372570024950607, 3.4262856054864628, -3.4364129874160576, 2.0204505272177817, 0.35225581374514525, 1.9841915930974936, 3.3826412950117, 0.5219828224037584, -3.318455348475335, -4.926466362376766, 0.3556787803073229, -1.3609022106583053]}},
			{"instance": 0, "evals": 1101, "best": {"evals": 873, "y": 178335.57598505678, "x": [2.07425790713749, -2.8172668422748854, -2.079398983034345, -1.7724710483772474, 3.1954654679548007, -4.024589523768487, -1.2143599536136804, 3.5453102728839716, 1.4541959275154672, -0.9868615760504956, -3.8679449904627066, 3.4514396484226424, -1.0100783358066376, 0.8017377554803002, 2.562376434711918, -0.20618171949118258, -1.6590843686604373, 4.039591612762091, 2.266970991504307, 2.5934356374503222, 2.237156354536416, -1.0183423474611404, -2.9085410174408928]}},
			{"instance": 0, "evals": 1101, "best": {"evals": 564, "y": 116567.52195091988, "x": [2.468752580971038, -1.2182385575460088, 1.577749045358745, 0.10377482770258117, -1.3087485411015627, -4.376389613055281, 0.7383687604221674, 4.605174518374428, -3.9791940813081523, 1.9645985356812803, -1.1876587017157467, 4.916033221228632, -2.5666095147416614, 0.22671762552012487, 0.45890439620090095, 0.17603141763144592, 0.39735612620498184, -1.187620086703013, -3.650992853107193, -3.9060168503252926, 1.1505230471829053, -1.602508314737788, -1.2208813828118337]}},
			{"instance": 0, "evals": 1101, "best": {"evals": 1077, "y": 157110.17532316459, "x": [1.3896729489723023, -2.4770769573906275, 0.675446291900144, -2.941995811315908, 2.257103422805147, -4.264786208199619, 1.8925409964991133, 4.111174585408268, 4.500396867222441, 0.9566816007885715, -3.5486601960902555, 4.574982436570634, -0.38690599941981363, 2.3545013530522034, 0.13972409865074342, 1.8076389013922007, 1.7552021201040358, 0.3942212600918218, -1.1969044062099883, -2.1254191293526357, 0.27771620904121674, 0.8124515244028547, -0.5657803951634519]}},
			{"instance": 0, "evals": 1101, "best": {"evals": 964, "y": 74804.4720010939, "x": [3.515691936209584, 1.0755076553361729, 2.4509784577341467, -2.293825614120711, -0.4562981219665385, -4.367806925924178, -1.6448911586082438, 4.102235626042183, -4.629296702549169, 1.3102604753600042, -3.9084575854785726, 2.525750427590895, -1.5868281288489197, -2.5856806467297337, 3.6137374800656437, -0.38550137799684614, -0.009862493903340264, 4.6906520402755305, -3.591599604281594, -4.557058314439434, -3.6966297180787757, -3.084521467036021, -3.791496708129447]}},
			{"instance": 0, "evals": 1101, "best": {"evals": 663, "y": 86952.86253512546, "x": [1.185397918689512, -3.0588625533963936, -1.1998523064595734, -0.1932266328617409, 2.3901316984553986, -4.556555388974406, -2.5698620165442327, 2.833571176414144, 2.9431391103390467, 1.0334447177013466, -4.136237103580416, 1.0412387747416965, 1.521700706367945, -0.7732193992894527, 4.4503025689547275, -1.454759822250935, 3.664300921068376, 1.6890604035453944, -0.9395321554763298, -2.9007206755032007, -2.395720036920264, -0.41996098947685334, -0.783426223424053]}},
			{"instance": 0, "evals": 1101, "best": {"evals": 379, "y": 149384.14381627634, "x": [-1.8823724983960788, -2.686892750434528, -3.7292298106258146, -2.0184313559894163, 1.159221124116959, -4.251879886020481, 1.427117001508428, 2.144402397069597, 1.2240243817169127, 2.411734305452909, -4.513820770978608, 2.736078144366206, -0.32224505198401765, -0.7807231151772132, 0.012839032064756228, -0.687704002328644, 3.6100045512311643, 1.0266484074260536, -2.6737412888888787, 1.0085989247620395, 1.3640660257694641, -4.7535961462761644, -2.770804022995256]}},
			{"instance": 0, "evals": 1101, "best": {"evals": 980, "y": 60154.80048946945, "x": [2.086372659663218, -1.1500892513708427, -0.22412123716507537, -1.80653005269691, 1.4799820223888789, -3.386728752588461, -1.3637563346971553, 3.334350852802524, 0.3465560414904174, -1.1489654909433986, -1.259994207374148, 2.590829397983711, -0.42786545913041873, -0.5978392247632498, 0.07011901731987491, -0.23365235957221253, -0.20670516141507145, 4.579540041766409, 0.24729285441194127, -4.4867559757636934, -1.2389179523243061, -0.4436436265557617, -1.2736093171734688]}},
			{"instance": 0, "evals": 1101, "best": {"evals": 564, "y": 191652.19808705864, "x": [-1.635149638721971, 3.0107041012421654, 1.454093247661672, 1.9923036467904127, -2.348050371544938, -3.967342864483314, -1.4836900330179614, 3.66606453661307, -3.8543486480135645, 0.9325175582454657, -4.137917702930544, 2.3356819051787125, -2.6588713520040876, -2.4536907381898354, 4.960987373499798, 1.893807544594078, 1.2895695742003852, -1.5887782429601676, -2.107779547744786, -1.135777511408226, -0.6067209987612472, -4.216497833304914, -1.2863297094602375]}},
			{"instance": 0, "evals": 1101, "best": {"evals": 951, "y": 117452.40629361884, "x": [4.47125223549196, 0.18466428956569692, 2.9137074797288185, 1.8579535829822502, 1.147470365740181, -3.982609076649476, 1.8901854280575714, 3.9489420272605997, -3.784335141396928, -0.6068870583727684, -2.8389026079879542, 2.3915200962577816, -1.2516385802936525, -0.48900186285481684, 4.680851114212425, -1.9767326999210786, 0.1033276168977606, 1.4542115927728791, -0.05571720420566906, -1.0048004442932101, 1.770027906754996, -0.6906022362490116, -4.752027028736867]}},
			{"instance": 0, "evals": 1101, "best": {"evals": 290, "y": 123929.01053320819, "x": [-2.771175210395965, -0.5218972926314329, 0.33090169385674173, -0.8602012904172005, -1.662143012332982, -4.4483133596836355, -2.1026275116363746, 4.478254911727908, -2.2921590212626253, 2.6367845218877397, -2.016490411773214, 0.21348828458278435, 1.4608444744039062, -4.648666167711299, 0.49608016250012943, -0.13152660002534766, -0.9879812070116492, 4.809974296537695, 3.5276762486819617, -1.0588711801502648, 3.4059287586426525, -0.05398006592480509, 0.5983119865683042]}},
			{"instance": 0, "evals": 1101, "best": {"evals": 962, "y": 189323.91429790322, "x": [0.39402709645865475, -1.4580704659213846, 1.6672989339604873, -1.22449021513403, -1.102270586589436, -4.236994800633278, -0.2263424717579796, 1.4041301157931132, 0.8947939144276029, -2.112299595890894, -4.406541440103084, 4.123426000557819, 0.6405362030782831, -3.1932291432555235, 0.3933124992211001, 4.850287285836458, 1.5700115282412543, 2.781244268201774, 1.7793794435798942, -2.66915401864758, 0.400145696802622, -0.7142276685463491, 1.748844968958025]}},
			{"instance": 0, "evals": 1101, "best": {"evals": 953, "y": 114532.62922499132, "x": [1.3025240095815849, -0.79062573389285, -0.8959247346510999, -2.424019058672825, 3.31504117584171, -4.685984865204171, 0.6830770726163209, 4.200345120301741, 1.649637872193192, 1.082940030098194, -2.5621189797667956, 0.25542411313849644, 1.3126786493076594, 1.199728886606088, 1.036930109671217, -2.051516186943539, 3.9595737286221198, 2.5836842499481047, 1.1105553593959523, -0.8188739940140008, -3.2640547408077514, -1.2700208635705037, -4.479803622824525]}},
			{"instance": 0, "evals": 1101, "best": {"evals": 968, "y": 74067.61816930183,