{
	"version": "0.3.14", 
	"suite": "unknown_suite", 
	"function_id": 5, 
	"function_name": "LinearSlope", 
	"maximization": false, 
	"algorithm": {"name": "DE", "info": "algorithm_info"},
	"attributes": ["evaluations", "raw_y"],
	"scenarios": [
		{"dimension": 23,
		"path": "data_f5_LinearSlope/IOHprofiler_f5_DIM23.dat",
		"runs": [
			{"instance": 0, "evals": 1101, "best": {"evals": 754, "y": 238.81410561114131, "x": [-3.5293014597210015, -2.177051121344049, -1.0313804955132566, 2.101826799366708, -0.3284796612756633, 2.031001128061826, -4.47185177440804, 3.4444674268546893, 2.4192161670920367, 3.0971974520391967, 2.746034207717823, -4.842883572800094, 4.8774054557639595, -3.002285932841342, -4.352978864728607, 4.805529077239697, -2.5098837365417968, -2.8184630495327365, 2.5783546162694195, 3.7913079397608733, 3.9083659951764766, -3.7841319958772224, 4.534542617773983]}},
			{"instance": 0, "evals": 1101, "best": {"evals": 955, "y": 241.60286891404067, "x": [-3.1683560828418824, 0.8942878613196434, 3.0745089278156237, 4.541198669857756, 1.681909904050561, 3.454711078544877, 2.92293194858749, 2.258014764777338, -4.558457019445802, -1.878972568638976, 1.8307251844684316, -3.299391445119963, 3.554891836464357, 3.3429018828791683, -3.1275019415899608, 0.042512288816932475, -4.231605951055956, 4.434596515638425, 4.1741799247875475, 1.6294353767861287, 2.465213339988863, -1.516117949604033, 4.9868262125177925]}},
			{"instance": 0, "evals": 1101, "best": {"evals": 791, "y": 165.33029316764393, "x": [-1.9988065220203186, 0.8510696626025926, -0.7207064561880219, 1.1731967395895286, 0.8247229949759198, -2.8447353463382328, -2.3764353736713275, 4.086440043772159, 3.66754344412422, -0.5984678186693002, 2.2173341193136986, -1.708879374583431, 4.70709752862866, -4.8429255379891165, -4.152515423417366, -4.258778549461267, -4.749475439217045, 4.411417248906089, 2.0143810110019, 4.539704320364177, 4.136025911640816, -4.889848163483504, 0.8373823519704213]}},
			{"instance": 0, "evals": 1101, "best": {"evals": 1054, "y": 212.70894132740574, "x": [-0.9100769729085214, -1.3352670838724228, -2.559343520476917, -2.767961348038874, 0.3734940287912101, 2.5982540416705255, 4.658200356066894, 2.96977430361963, -2.1915710713923975, -4.843452210890962, 3.1100730757243777, -4.369046538405961, 3.8381891168722415, 1.5615127212345936, -3.9674850011231424, -1.1701479749404236, -2.1934210510353145, 4.9223154484719736, 1.179903027257247, 4.787452903880626, 4.083797776812954, -3.992536089463314, 3.7334804375717265]}},
			{"instance": 0, "evals": 1101, "best": {"evals": 881, "y": 229.09049925925217, "x": [-2.71074227590088, 2.0748538538387082, 2.6329084067276067, -0.3907016126730012, 1.2708682878164006, 1.9541746527975326, -1.6214668086578627, 4.060674177403982, 0.7703157731651151, 4.215788261552426, 2.208404917265809, -2.585600983554267, 0.9112634341894408, -3.818582463423801, -4.693755026634219, -2.084604453675727, -4.920570440906946, 0.2286833021518655, 2.365425919844607, -0.4383579187005391, 4.311509860817151, -4.1168705632744835, 3.8430230604367255]}},
			{"instance": 0, "evals": 1101, "best": {"evals": 1098, "y": 200.5162066813426, "x": [-4.4356002997967945, 4.041535006272866, 0.5365270466503547, -2.855439102039753, 0.061413021611056884, 0.4933837096119982, 0.826189191281732, -0.13094537155506547, -0.7331259257218168, -2.1441977949163062, 4.987928947897506, -4.437399334148079, 2.4529247925519817, -3.0968992965370834, -3.5090369208531333, -4.642275152522192, -2.3553180921414416, -0.07880360218256532, 4.356914230087091, 2.036283309295243, 3.9509361555412585, -4.221313661483226, 3.660411094739766]}},
			{"instance": 0, "evals": 1101, "best": {"evals": 966, "y": 242.31338808972677, "x": [-0.04316426984008115, 1.6414705357531911, 3.512572848910284, 4.7810825381861655, 0.49366914401739415, 2.512933974224218, -1.153969822791443, -0.32341651950958195, -0.5651677809438107, -4.048831351664802, 3.1314880951148387, -0.053578332174436305, 2.2929587995393375, 2.396429440779594, -4.26063644484543, -3.2706449490930014, -2.5359428920956706, 3.402872370311073, 4.693040361111638, 3.1101492431198294, 4.148122661511969, -0.2216787744926343, 2.2331589605712585]}},
			{"instance": 0, "evals": 1101, "best": {"evals": 983, "y": 199.042822621683, "x": [-3.3076155867690775, -1.9947464178073844, 1.3157873601803072, -2.106276763427097, 1.9495600932186372, 2.799033546483981, -4.757242319743712, 4.276263395540972, 4.590135671912455, -3.056038053923571, -0.997415568085821, -1.0274976540608205, 4.125572025721409, 3.9546255313331695, -4.018788879522219, -1.4677362143387884, -2.280065869267079, 1.2480323348839777, 4.8322098086421, 4.0973201797269905, 4.78633097702807, -2.7342298711557316, 4.636443852230359]}},
			{"instance": 0, "evals": 1101, "best": {"evals": 891, "y": 187.09260513979854, "x": [-3.7043690894035675, -1.2853982182330261, 2.9098060626066466, 3.0289594177558157, 4.844894031445815, -2.52310930374649, 0.6345633988310206, 3.878746210547499, -0.6464901694266132, -0.17556453520492887, 1.8476562628754891, -4.5497317786174065, -2.5274937080019497, -2.0367997533688182, -4.625359439065422, -2.7171406202504356, -2.523963379746905, 3.2993790389904327, 2.512495674602806, 4.274598070603961, 3.854380200270122, -4.785539073206813, 4.485764834845526]}},
			{"instance": 0, "evals": 1101, "best": {"evals": 1052, "y": 214.1072255399801, "x": [0.12726320324947604, -3.9496386282501224, 4.151490814330653, 3.740345043676803, -1.6985062478168214, 1.4992804449749177, -4.74886739575219, 4.66440379986604, 4.599987235284941, 1.9208170567805487, 1.9347834261467023, -2.4871782992765024, -3.022417404950792, -3.6702084060341833, -1.5147372296939636, -0.8452333348956023, -1.9370243450187132, 2.4408600983576396, 1.1854959101436493, 4.9764470476306215, 4.90556879061118, -4.5853051737243105, 3.60265945288216]}},
			{"instance": 0, "evals": 1101, "best": {"evals": 1061, "y": 228.78363324156228, "x": [-4.847080841221109, 0.5270528848027283, 3.039397981663164, -0.03371340162238301, 0.8489163362004732, -1.9642976849632445, -0.3382075918115959, -2.9729159602307207, 4.454808891681352, 0.7994143261692082, -3.1349275449100897, -1.4704854511385972, 4.9977990471392495, -3.740991708653768, -3.1519129104321255, -4.69734781133975, 3.6531685617890393, 3.210054389688578, 3.6450016697644507, 4.200858864454332, 2.9534362855104455, -3.9738387150299843, 4.124576919172341]}},
			{"instance": 0, "evals": 1101, "best": {"evals": 989, "y": 206.83238902706006, "x": [-3.162171664730295, 0.06999943083532933, 3.621406180323582, -4.59652082638191, -3.804998689718192, 2.6424223481220688, -1.3534740087418107, 4.854869164826102, -4.2148988569476495, -2.558456911282657, 4.152522125569089, -4.716828530242617, 2.4003499063741423, -0.2960173971504503, -3.874932583644139, -4.812319212595052, -3.2115407496555797, 1.6102467610985292, 4.960190519228661, 4.093494154611063, 3.5227561910378, -2.2709008546964213, 2.698633859941758]}},
			{"instance": 0, "evals": 1101, "best": {"evals": 1068, "y": 205.741420562214, "x": [-4.253063645667209, 0.6631357866672398, 0.1858930114430235, 0.5141045880110653, -4.41413825429102, -1.2276445400001528, -0.4578022671731061, 4.15173060647979, 4.601989556497305, -2.2039267294500884, -0.060525977882675885, -4.5675116277311165, 3.009160758930653, -4.038748049839332, -4.675671035744832, -3.789116762814356, 3.3533832643866024, 2.5522313804348036, 1.396402484374204, 3.778607087296825, 4.882404115958634, -4.153502185315903, 3.911787768840443]}},
			{"instance": 0, "evals": 1101, "best": {"evals": 959, "y": 211.0142875220186,