{
	"version": "0.3.14", 
	"suite": "unknown_suite", 
	"function_id": 22, 
	"function_name": "Gallagher21", 
	"maximization": false, 
	"algorithm": {"name": "DE", "info": "algorithm_info"},
	"attributes": ["evaluations", "raw_y"],
	"scenarios": [
		{"dimension": 23,
		"path": "data_f22_Gallagher21/IOHprofiler_f22_DIM23.dat",
		"runs": [
			{"instance": 0, "evals": 2301, "best": {"evals": 2279, "y": 73.2203295474378, "x": [-0.3674940662072457, 2.6624117558138707, -4.3411491719600965, -1.583589502557779, 3.5500485400403865, 1.2898548598393837, 3.4161879994074447, 4.55795851505632, 1.6871156899588593, -1.0119565450410666, 1.1732274323362992, -1.8856945420937712, 1.3622136641784972, 3.9216700033115544, -1.393172167458836, -1.0580656214026867, -1.716344004300373, 0.13981353173795164, 2.254625061056592, 0.5066015171186082, 3.2157079712990786, -1.9578594166191636, -0.5718462730722309]}},
			{"instance": 0, "evals": 2301, "best": {"evals": 1891, "y": 72.44904268451856, "x": [-0.05826386122154048, 3.8378180264439727, -0.2396153051299017, -3.2822507890703645, 0.9981919780797521, -1.1814353907287671, -0.7099108448858744, 4.923158949827206, 2.903754702096208, 1.711752014880271, 3.253590935319352, -4.247927243898378, 2.55763434224328, 2.7888591397333027, -3.286914292948543, -2.762450417151263, 0.7532880560948458, 3.773017692640728, 1.8119288768697892, -0.1347000284172335, 4.075375409175253, -3.5795651987863892, -0.7383437879036334]}},
			{"instance": 0, "evals": 2301, "best": {"evals": 1961, "y": 62.92174886246862, "x": [1.589629701658547, -1.0262566281800245, 4.254502542990694, 0.44925911491191295, 2.7807695027152914, 2.2225304131456043, -0.14451858157014286, 1.4704646831504316, -1.7392779437527763, 1.45517079859225, 2.696515821483013, -3.1825369947967754, -1.7644090958199312, -2.993398534354574, 0.09293988037556833, -0.9154421089981257, 3.9759913199505927, 1.2189351974051312, 2.5655122762833837, -2.442045872912911, 1.8145823521900262, 1.3104654535470859, -3.639234779706939]}},
			{"instance": 0, "evals": 2301, "best": {"evals": 2057, "y": 64.27649339980177, "x": [3.1576594010490724, 3.871525515114975, 0.04373230601427891, -0.5003403459763027, 1.9665389945046785, -0.7896368556927604, 2.434648592555362, -0.40666695271548114, 2.199962211620515, -0.4802813317926091, 0.06462252366873322, -1.0075311692042446, -0.7483164777495297, 3.578574698433498, -3.1754669182634276, 0.710012460035172, 2.5168111759753415, 3.2823826243513885, 2.3712927688950804, 0.5567159829124009, 0.953771795903374, -2.744437800171716, -1.823051895221969]}},
			{"instance": 0, "evals": 2301, "best": {"evals": 1660, "y": 69.55166790426124, "x": [0.8105263249048176, -4.633449523020419, -0.025965996026915406, -2.6368963979474724, -3.182171282705543, -0.398275010781892, -4.390286169115955, 1.0697568681777523, 2.8709559456611426, -2.243396105499302, -4.386113514974991, -2.4437991520667794, -1.6909607307452774, 0.738173747219677, -4.349619817159388, -1.7975537858205626, -2.8745680347288487, 0.5240904346546156, 2.489454027779601, 0.8370715393686119, 2.350349196713551, -2.6172866220063895, 2.9583248768705204]}},
			{"instance": 0, "evals": 2301, "best": {"evals": 1054, "y": 69.16508652106249, "x": [0.5064008983489625, -2.5032531167287564, 0.832257979425209, -0.8528508838016657, 0.7608888617998717, 3.7785839986450735, 1.516120691109735, 1.531828906921179, 0.04324771092944624, 1.8049108982474658, 4.838971106467416, -1.1244257851545458, -1.4405608899041917, -3.8354886488966815, -3.199862150985491, 2.009779697022223, 1.1240030995529005, -1.0140154735292388, 1.64293304686002, -1.5396741356457655, -2.845734853085279, 2.3533315077406423, -1.0103427066369983]}},
			{"instance": 0, "evals": 2301, "best": {"evals": 2074, "y": 73.37045480484029, "x": [0.7224154011231625, -4.397670544502416, 0.8315394908721965, -0.6744248962434831, -4.686726929099095, 1.5710099318999446, 0.6971317741177119, 0.30714409154783784, 4.4130842026733, -3.824789299810054, -1.4929786488695282, -1.8033624327105189, 2.365171280776927, 3.076990519668852, -1.9326570508768586, -2.859642446152698, -0.5375204401359743, -0.8663548637065605, -0.5788709920112609, -2.0468799933802395, -0.42012264222194573, -1.7620258653868652, 3.283239371673466]}},
			{"instance": 0, "evals": 2301, "best": {"evals": 2079, "y": 71.09725862833172, "x": [3.896999443306166, 3.04943222497509, -0.6782403614267705, -0.9267380610338605, 2.797175827336186, -1.837581434034675, -1.4271031909020466, 4.514132028131993, 3.1650982565471923, -0.6252940644298322, 2.1140421814105297, -3.048975481761542, -2.0245696916968727, 1.9805837585112327, -4.830446505293011, 3.4085682139266122, 3.707239872389934, 1.4366907250531136, 3.5023469360819135, -0.05627224508824502, 0.4309087451821396, -2.602629038414415, 1.4873757945541213]}},
			{"instance": 0, "evals": 2301, "best": {"evals": 1796, "y": 69.96114485756452, "x": [1.4742823277008208, 4.321610208720624, -2.1371331613646376, -0.8802312211565813, 1.4524921917755558, -1.7253784328444652, -1.071170876658817, 3.594927009049057, -0.21486669636337385, -1.8135225317059323, -1.4453187364524456, -0.5571364072290472, 4.032539389778906, 2.6389149539217347, -4.491724282047043, 2.2499068932628155, 3.0512037276823016, 4.552325306293261, 4.129704262754485, 1.5552655166841514, -0.10798465409358471, -0.6552702612547698, 1.766968464111898]}},
			{"instance": 0, "evals": 2301, "best": {"evals": 2294, "y": 69.9612700388229, "x": [2.5708865040526057, 0.8405755782348203, -1.6294623161966983, -2.20034773201363, -0.4462681070315013, -4.938892877151005, 3.5816500000878215, 2.297155661429545, 3.2270485431432454, -4.222174556505321, 3.0939804522848444, -0.44357443649769923, 3.5148021883696603, 2.8874913637540582, -2.6722273512735684, 0.2910090873866329, 0.8594206518677285, 3.0243844648634917, 2.160655654074389, 1.9493240615723002, 2.449425890657135, -1.763300311047336, 0.011359183755240254]}},
			{"instance": 0, "evals": 2301, "best": {"evals": 2293, "y": 69.43344826280473, "x": [4.774377208489614, 1.7862248250994293, 0.2212467855321576, -1.7276087611483513, 1.6614111303541836, -2.0884652994675066, -1.580333205051224, 2.200163107518819, 1.9889077376169388, 0.09267997900828862, 1.2393296084607048, -0.0009084989142111866, 3.279076113249862, 0.5064329524883338, -0.8744131197890517, 2.6936948506601284, 1.2137849816716804, 4.396125918797167, 3.4010497037627307, -0.2734569370789517, 4.213437708485667, -1.2815489464994139, 0.9403118504609727]}},
			{"instance": 0, "evals": 2301, "best": {"evals": 1973, "y": 63.00324981692236, "x": [0.9219701082309064, 0.217724712251552, 1.9774589686756334, -2.4818428359827194, -1.391838270534113, -0.04918759705488984, 1.0870084579636283, -3.229549057133413, 3.042072491994558, -0.3929193419644261, -2.0463323858523212, -0.5317027161208667, 2.9729532726984935, -1.7241169038906574, 4.501853070011316, 3.546991039692635, -1.736784292624284, -0.42401830535867413, 4.5257457776316645, 1.7476158029478923, 1.8392174601511528, -2.8990945037915417, -3.082051823998877]}},
			{"instance": 0, "evals": 2301, "best": {"evals": 1457, "y": 67.87959309017297, "x": [2.489766060328197, 1.8196277605864144, -1.807873329425643, -0.257279341782086, 2.8887156085020416, -4.185222774692537, 2.5619325631799246, 4.517331243170419, -1.8135752656103488, -1.703431127447124, 1.230450073454047, -0.2539400538151919, 0.7497931347762372, 3.6936823208044594, -2.8437940422472407, -0.6339952018670196, 3.8475598343873045, 2.784526920328153, 4.4280563063518485, 1.297031688095875, 4.327104397806818, -3.104636289365519, 3.8289250720688885]}},
			{"instance": 0, "evals": 2301, "best": {"evals": 1967, "y": 57.25553216196004,