evaluations raw_y
1 2.9505534940326403
2 2.970283429056016
3 4.658915791398213
4 5.774623075928658
5 5.519736426912631
6 3.7224977522880316
7 4.25238056058158
8 1.703296043627792
9 2.077126828912272
10 2.9984456860864297
11 4.636905168834607
12 4.19949231407907
13 5.300445436109785
14 5.0323248164641505
15 3.7901412981031277
16 4.1376467399938575
17 2.4353540137818728
18 4.1386945275776075
19 2.5266029343859486
20 5.2292000998884545
21 3.3101881215735682
22 3.5591783953030913
23 4.215670886794271
24 3.4589442815655986
25 3.1018208409824357
26 2.0677120050849105
27 3.046439170923673
28 1.7832824333758834
29 4.369597123883294
30 3.9332381554704274
31 4.381003026280606
32 3.491813555030106
33 4.16495918928806
34 3.879324991649774
35 5.008101113814433
36 4.3495968169044765
37 3.225193015218949
38 3.563860077575946
39 4.07347889839403
40 2.2223828660139624
41 4.534422547192401
42 2.7436571157013168
43 4.130857815353542
44 4.218847108202265
45 5.439538998073254
46 4.3173556982146435
47 4.438174761867145
48 4.826418730382771
49 4.222729785960721
50 3.8337874946377344
51 4.714686648701353
52 5.135753282169976
53 3.4082314162655996
54 4.01426743053032
55 3.292279323659386
56 4.754723533640421
57 3.904381721157667
58 4.260317864229799
59 3.01101916651964
60 4.67246660674329
61 2.9505534940326403
62 2.970283429056016
63 4.16495918928806
64 3.879324991649774
65 5.008101113814433
66 3.7224977522880316
67 3.225193015218949
68 1.703296043627792
69 2.077126828912272
70 2.2223828660139624
71 4.534422547192401
72 2.7436571157013168
73 4.130857815353542
74 4.218847108202265
75 3.7901412981031277
76 4.1376467399938575
77 2.4353540137818728
78 4.1386945275776075
79 2.5266029343859486
80 3.8337874946377344
81 3.3101881215735682
82 3.5591783953030913
83 3.4082314162655996
84 3.4589442815655986
85 3.1018208409824357
86 2.0677120050849105
87 3.046439170923673
88 1.7832824333758834
89 3.01101916651964
90 3.9332381554704274
91 3.6469571276479558
92 4.774210244737371
93 5.075212680981508
94 2.8094558100184246
95 3.7374628190401036
96 4.753622799442978
97 3.967633200441618
98 3.3320375788973324
99 2.91920354732707
100 2.2759716052518235
101 2.665263458208713
102 3.860382876176776
103 2.3735094013556752
104 1.8624429868100982
105 4.331808176777992
106 4.6725468178616865
107 4.164048525359935
108 2.6244045919333896
109 3.767629425836869
110 5.481095949987047
111 3.967092469158275
112 3.6929102877848607
113 4.176659855790678
114 2.4154954151085226
115 4.359810998989179
116 4.1493514890724015
117 3.454549825201442
118 3.4278195637653535
119 4.150520671507367
120 3.1786255129044814
121 2.9505534940326403
122 2.970283429056016
123 4.16495918928806
124 2.8094558100184246
125 3.7374628190401036
126 3.7224977522880316
127 3.225193015218949
128 1.703296043627792
129 2.077126828912272
130 2.2223828660139624
131 2.665263458208713
132 2.7436571157013168
133 2.3735094013556752
134 1.8624429868100982
135 3.7901412981031277
136 4.1376467399938575
137 2.4353540137818728
138 2.6244045919333896
139 2.5266029343859486
140 3.8337874946377344
141 3.3101881215735682
142 3.5591783953030913
143 3.4082314162655996
144 2.4154954151085226
145 3.1018208409824357
146 2.0677120050849105
147 3.046439170923673
148 1.7832824333758834
149 3.01101916651964
150 3.1786255129044814
151 3.8870578123942243
152 3.926013676798073
153 3.300709646247882
154 4.055358490440464
155 4.791138058627594
156 3.3916910701946312
157 2.434988746512097
158 3.144343251525225
159 2.443679721065208
160 4.420183358723386
161 3.720419548496946
162 3.6061018960701183
163 3.782586198974335
164 3.5631181162737087
165 2.3865336504074866
166 2.8467487037833337
167 3.707115863027646
168 3.7222424735596378
169 5.460169151252901
170 5.114521901798847
171 4.230901730408556
172 4.316774021215279
173 4.318967346430817
174 4.076003266802014
175 4.592216821959876
176 3.8032479806056227
177 3.4188416018448575
178 3.7938256664881225
179 3.8069041168196263
180 2.111972398283239
181 2.9505534940326403
182 2.970283429056016
183 3.300709646247882
184 2.8094558100184246
185 3.7374628190401036
186 3.3916910701946312
187 2.434988746512097
188 1.703296043627792
189 2.077126828912272
190 2.2223828660139624
191 2.665263458208713
192 2.7436571157013168
193 2.3735094013556752
194 1.8624429868100982
195 2.3865336504074866
196 2.8467487037833337
197 2.4353540137818728
198 2.6244045919333896
199 2.5266029343859486
200 3.8337874946377344
201 3.3101881215735682
202 3.5591783953030913
203 3.4082314162655996
204 2.4154954151085226
205 3.1018208409824357
206 2.0677120050849105
207 3.046439170923673
208 1.7832824333758834
209 3.01101916651964
210 2.111972398283239
211 4.119531870651253
212 4.468761063442373
213 4.4420459752589965
214 4.1487816119341545
215 5.105876384092595
216 2.9997915826511856
217 3.9007284497635095
218 2.974747918596572
219 4.378399786508366
220 4.130514784513203
221 3.592815612021188
222 4.899665514013961
223 4.729775320925933
224 2.791353854552152
225 2.5503227095869803
226 1.852211598121402
227 2.3203398772352277
228 3.580014048370082
229 3.8656467149779132
230 4.632110029173741
231 2.686746100268179
232 5.130333188885052
233 3.419177266392504
234 4.1611668144713825
235 4.446685383535568
236 3.8282162559492856
237 3.9938207010650877
238 0.8210537671067081
239 4.883842994143759
240 2.942339159342311
241 2.9505534940326403
242 2.970283429056016
243 3.300709646247882
244 2.8094558100184246
245 3.7374628190401036
246 2.9997915826511856
247 2.434988746512097
248 1.703296043627792
249 2.077126828912272
250 2.2223828660139624
251 2.665263458208713
252 2.7436571157013168
253 2.3735094013556752
254 1.8624429868100982
255 2.3865336504074866
256 1.852211598121402
257 2.3203398772352277
258 2.6244045919333896
259 2.5266029343859486
260 3.8337874946377344
261 2.686746100268179
262 3.5591783953030913
263 3.4082314162655996
264 2.4154954151085226
265 3.1018208409824357
266 2.0677120050849105
267 3.046439170923673
268 0.8210537671067081
269 3.01101916651964
270 2.111972398283239
271 5.123880996959883
272 4.476913810300383
273 2.748604822714289
274 4.356412069117398
275 1.1966997636966066
276 4.724902696711904
277 3.869655098352866
278 4.6048376198271725
279 3.592562866728617
280 2.7233011873483655
281 4.07714055556438
282 3.9033486716434456
283 4.204450626732387
284 2.2232574226865203
285 4.368132438867636
286 1.7992671002233238
287 4.4595742767696755
288 2.9590304262974003
289 2.5188050494573746
290 3.803282777232155
291 3.472343253284637
292 3.3234100020061716
293 3.8818652364934048
294 2.8868870009848084
295 4.7252406628934605
296 2.911971703229849
297 3.9098018138095996
298 1.9313264101456697
299 4.241615710987486
300 5.963813251815234
301 2.9505534940326403
302 2.970283429056016
303 2.748604822714289
304 2.8094558100184246
305 1.1966997636966066
306 2.9997915826511856
307 2.434988746512097
308 1.703296043627792
309 2.077126828912272
310 2.2223828660139624
311 2.665263458208713
312 2.7436571157013168
313 2.3735094013556752
314 1.8624429868100982
315 2.3865336504074866
316 1.7992671002233238
317 2.3203398772352277
318 2.6244045919333896
319 2.5188050494573746
320 3.803282777232155
321 2.686746100268179
322 3.3234100020061716
323 3.4082314162655996
324 2.4154954151085226
325 3.1018208409824357
326 2.0677120050849105
327 3.046439170923673
328 0.8210537671067081
329 3.01101916651964
330 2.111972398283239
331 3.006759599359156
332 3.2010944377566872
333 4.464832836509339
334 2.4201568115640235
335 4.100060805015913
336 2.2363094541699926
337 2.278288684777479
338 5.625260197018272
339 2.597075540044784
340 2.1810653192119034
341 3.046913733422161
342 4.946137466968408
343 2.4052996233747557
344 2.924512634797198
345 4.296921852583469
346 2.3087599930293234
347 3.6358945154929403
348 2.7190680683385344
349 3.8244722476337687
350 3.561635711712854
351 3.857416695075184
352 2.892642459460977
353 5.396550893815691
354 3.232185464908254
355 4.405431057832958
356 3.239435697081827
357 3.7836252061724434
358 4.535180421942176
359 2.7658933642962533
360 3.5037455558066015
361 2.9505534940326403
362 2.970283429056016
363 2.748604822714289
364 2.4201568115640235
365 1.1966997636966066
366 2.2363094541699926
367 2.278288684777479
368 1.703296043627792
369 2.077126828912272
370 2.1810653192119034
371 2.665263458208713
372 2.7436571157013168
373 2.3735094013556752
374 1.8624429868100982
375 2.3865336504074866
376 1.7992671002233238
377 2.3203398772352277
378 2.6244045919333896
379 2.5188050494573746
380 3.561635711712854
381 2.686746100268179
382 2.892642459460977
383 3.4082314162655996
384 2.4154954151085226
385 3.1018208409824357
386 2.0677120050849105
387 3.046439170923673
388 0.8210537671067081
389 2.7658933642962533
390 2.111972398283239
391 5.07292560930151
392 4.314919716683014
393 3.0521194764976904
394 3.494946643171395
395 2.333975292717427
396 0.882364844130531
397 1.9611825718609424
398 5.235056931449218
399 2.661758048203354
400 2.203173681840446
401 5.327884288839924
402 3.93626590322343
403 2.810234173381106
404 1.9881112333626398
405 3.089135662767501
406 2.7894948187464284
407 4.985222659201698
408 2.91678269628018
409 2.9479251918852487
410 3.08613385305363
411 4.789584440895927
412 1.559061399769914
413 3.881185009752271
414 3.3111360165941797
415 2.350122615234194
416 2.028026282481206
417 5.3303493415390575
418 4.427981026378727
419 4.1652272480150625
420 3.597462331255758
421 2.9505534940326403
422 2.970283429056016
423 2.748604822714289
424 2.4201568115640235
425 1.1966997636966066
426 0.882364844130531
427 1.9611825718609424
428 1.703296043627792
429 2.077126828912272
430 2.1810653192119034
431 2.665263458208713
432 2.7436571157013168
433 2.3735094013556752
434 1.8624429868100982
435 2.3865336504074866
436 1.7992671002233238
437 2.3203398772352277
438 2.6244045919333896
439 2.5188050494573746
440 3.08613385305363
441 2.686746100268179
442 1.559061399769914
443 3.4082314162655996
444 2.4154954151085226
445 2.350122615234194
446 2.028026282481206
447 3.046439170923673
448 0.8210537671067081
449 2.7658933642962533
450 2.111972398283239
451 4.125217831686812
452 3.8961483454646664
453 3.2623154466436253
454 4.643991300480005
455 3.289770141466229
456 2.6342522669310107
457 4.62877864636159
458 4.980394153305853
459 4.439128615752102
460 3.426608752176615
461 5.051305936764088
462 2.4526276757833627
463 2.6236094847049536
464 2.091509569919227
465 5.940601637660851
466 3.4175024727956362
467 2.7401906914607377
468 4.753148830348584
469 3.3570220801266606
470 3.979813084670528
471 4.305184058718937
472 2.991598403411128
473 3.2473966780109165
474 3.823447895063135
475 3.286783057827425
476 3.5017163209512336
477 2.134705477624383
478 4.712788952706145
479 4.31594029375486
480 4.185856688739541
481 2.9505534940326403
482 2.970283429056016
483 2.748604822714289
484 2.4201568115640235
485 1.1966997636966066
486 0.882364844130531
487 1.9611825718609424
488 1.703296043627792
489 2.077126828912272
490 2.1810653192119034
491 2.665263458208713
492 2.4526276757833627
493 2.3735094013556752
494 1.8624429868100982
495 2.3865336504074866
496 1.7992671002233238
497 2.3203398772352277
498 2.6244045919333896
499 2.5188050494573746
500 3.08613385305363
501 2.686746100268179
502 1.559061399769914
503 3.2473966780109165
504 2.4154954151085226
505 2.350122615234194
506 2.028026282481206
507 2.134705477624383
508 0.8210537671067081
509 2.7658933642962533
510 2.111972398283239
511 4.177417311181573
512 3.461766207547486
513 4.465617376513022
514 3.493451706453662
515 4.275651689747066
516 3.7926460234369523
517 3.8085106657061494
518 1.784149636433386
519 3.734667400865076
520 2.6135001732762246
521 4.910994485281854
522 5.423012910752371
523 3.411085270682741
524 2.7108549774681543
525 4.513127137399062
526 3.3957575240340097
527 4.279891005372933
528 4.757880932546296
529 4.806200493362196
530 2.7305906284726547
531 4.8905794560902685
532 2.4498421303685296
533 2.1408877756714264
534 3.0135725453945224
535 3.879038701150768
536 3.9644341622784847
537 3.2709187670699835
538 4.170189468938929
539 4.2002441522503124
540 3.4011785962256673
541 2.9505534940326403
542 2.970283429056016
543 2.748604822714289
544 2.4201568115640235
545 1.1966997636966066
546 0.882364844130531
547 1.9611825718609424
548 1.703296043627792
549 2.077126828912272
550 2.1810653192119034
551 2.665263458208713
552 2.4526276757833627
553 2.3735094013556752
554 1.8624429868100982
555 2.3865336504074866
556 1.7992671002233238
557 2.3203398772352277
558 2.6244045919333896
559 2.5188050494573746
560 2.7305906284726547
561 2.686746100268179
562 1.559061399769914
563 2.1408877756714264
564 2.4154954151085226
565 2.350122615234194
566 2.028026282481206
567 2.134705477624383
568 0.8210537671067081
569 2.7658933642962533
570 2.111972398283239
571 5.619155410169395
572 3.85207256053339
573 6.083801118903766
574 3.0594490221966133
575 2.770721164885063
576 4.352977598657497
577 3.235873541279238
578 4.806597407099087
579 4.24674402152821
580 3.9933107902611797
581 4.302130316086274
582 4.465738104159933
583 3.5108294981864816
584 2.7441599291756233
585 3.8313223657959647
586 3.948768558002878
587 5.081777032090366
588 4.8110281506368064
589 5.023808988442917
590 3.869832579661316
591 4.250161342726204
592 3.8679999358845247
593 5.58889112102611
594 4.514062019559667
595 3.457743971928293
596 4.3210630173808315
597 3.377228322735555
598 4.021917703605279
599 2.401904843490464
600 5.693670684490286
601 2.9505534940326403
602 2.970283429056016
603 2.748604822714289
604 2.4201568115640235
605 1.1966997636966066
606 0.882364844130531
607 1.9611825718609424
608 1.703296043627792
609 2.077126828912272
610 2.1810653192119034
611 2.665263458208713
612 2.4526276757833627
613 2.3735094013556752
614 1.8624429868100982
615 2.3865336504074866
616 1.7992671002233238
617 2.3203398772352277
618 2.6244045919333896
619 2.5188050494573746
620 2.7305906284726547
621 2.686746100268179
622 1.559061399769914
623 2.1408877756714264
624 2.4154954151085226
625 2.350122615234194
626 2.028026282481206
627 2.134705477624383
628 0.8210537671067081
629 2.401904843490464
630 2.111972398283239
631 3.9876198173228574
632 4.371391553326614
633 3.6295622886759515
634 3.0247778939796763
635 3.5248502145235046
636 4.319773222446138
637 4.186752372917576
638 4.769862195795987
639 3.7924061190033544
640 3.9142232000900616
641 4.0991433091102785
642 3.7408688476009164
643 2.178637384500579
644 3.194278420024644
645 5.668257129193493
646 4.612442599637166
647 3.4045649784870182
648 4.19295749421014
649 4.88020859488333
650 4.8085249368552745
651 3.1323139829960596
652 2.3068387288972327
653 2.730694014880843
654 3.4218964638052083
655 4.655800973259364
656 5.213554641551365
657 4.939471563164078
658 2.7648206937566657
659 3.5449144884467736
660 3.618821811349361
661 2.9505534940326403
662 2.970283429056016
663 2.748604822714289
664 2.4201568115640235
665 1.1966997636966066
666 0.882364844130531
667 1.9611825718609424
668 1.703296043627792
669 2.077126828912272
670 2.1810653192119034
671 2.665263458208713
672 2.4526276757833627
673 2.178637384500579
674 1.8624429868100982
675 2.3865336504074866
676 1.7992671002233238
677 2.3203398772352277
678 2.6244045919333896
679 2.5188050494573746
680 2.7305906284726547
681 2.686746100268179
682 1.559061399769914
683 2.1408877756714264
684 2.4154954151085226
685 2.350122615234194
686 2.028026282481206
687 2.134705477624383
688 0.8210537671067081
689 2.401904843490464
690 2.111972398283239
691 2.723937754704816
692 3.6024016796510043
693 5.285258986939626
694 2.4743162365954827
695 3.7442001875545565
696 3.4311592671239017
697 3.2364884123164237
698 2.807596587853835
699 3.3816625067602177
700 3.8824122148047713
701 3.992160897640079
702 3.578135883668478
703 5.258095507892263
704 5.267483239583488
705 3.3838938985051232
706 3.301516105023419
707 2.1279630918485215
708 4.050088054279504
709 4.527880251607613
710 2.5175503685789815
711 2.8196647852689747
712 3.9243854636916464
713 1.528434644805141
714 4.572933199174988
715 4.264138212367618
716 2.480076803828686
717 3.2462222266938063
718 4.533314951151942
719 2.567918022263954
720 1.7164152693105375
721 2.723937754704816
722 2.970283429056016
723 2.748604822714289
724 2.4201568115640235
725 1.1966997636966066
726 0.882364844130531
727 1.9611825718609424
728 1.703296043627792
729 2.077126828912272
730 2.1810653192119034
731 2.665263458208713
732 2.4526276757833627
733 2.178637384500579
734 1.8624429868100982
735 2.3865336504074866
736 1.7992671002233238
737 2.1279630918485215
738 2.6244045919333896
739 2.5188050494573746
740 2.5175503685789815
741 2.686746100268179
742 1.559061399769914
743 1.528434644805141
744 2.4154954151085226
745 2.350122615234194
746 2.028026282481206
747 2.134705477624383
748 0.8210537671067081
749 2.401904843490464
750 1.7164152693105375
751 4.0363809730195985
752 3.060490391272749
753 3.495749908089985
754 4.527329997557683
755 4.3451948308797075
756 2.99141810062969
757 4.1599212455478165
758 3.157055283798886
759 4.016191918313116
760 4.306720135673691
761 2.5031298679625893
762 3.5439936166937347
763 4.406156096855472
764 5.326966739591511
765 3.148621018867215
766 4.164819542155833
767 4.11619737963335
768 3.3098776634709224
769 2.8410708244768017
770 3.313722165362055
771 4.402006617721453
772 4.301129153784077
773 3.3449398608300083
774 1.7824255343794255
775 4.234762636316159
776 4.643670489463705
777 4.222342723235309
778 3.718330161646288
779 3.20955970384431
780 4.233143507801142
781 2.723937754704816
782 2.970283429056016
783 2.748604822714289
784 2.4201568115640235
785 1.1966997636966066
786 0.882364844130531
787 1.9611825718609424
788 1.703296043627792
789 2.077126828912272
790 2.1810653192119034
791 2.5031298679625893
792 2.4526276757833627
793 2.178637384500579
794 1.8624429868100982
795 2.3865336504074866
796 1.7992671002233238
797 2.1279630918485215
798 2.6244045919333896
799 2.5188050494573746
800 2.5175503685789815
801 2.686746100268179
802 1.559061399769914
803 1.528434644805141
804 1.7824255343794255
805 2.350122615234194
806 2.028026282481206
807 2.134705477624383
808 0.8210537671067081
809 2.401904843490464
810 1.7164152693105375
811 4.314342041727125
812 5.168159097229819
813 2.7267542133141216
814 3.6793747818286158
815 4.258371452233234
816 3.4142428472051414
817 3.3325193047077555
818 2.9892838778343753
819 4.0401431987394405
820 3.675910340416026
821 3.4192901740084585
822 1.5760536068223534
823 2.19327367416101
824 2.5177919949393344
825 3.0503016404121297
826 4.692512951302034
827 2.99860921320384
828 3.638824820740791
829 3.4866607699800323
830 4.740234766074948
831 3.757762980069552
832 2.817841016848307
833 3.7230326449785602
834 2.851691668645345
835 5.532760421181364
836 3.1302397212842505
837 5.43795531998277
838 3.2698617411315545
839 2.023221066444153
840 4.0749301749699285
841 2.723937754704816
842 2.970283429056016
843 2.7267542133141216
844 2.4201568115640235
845 1.1966997636966066
846 0.882364844130531
847 1.9611825718609424
848 1.703296043627792
849 2.077126828912272
850 2.1810653192119034
851 2.5031298679625893
852 1.5760536068223534
853 2.178637384500579
854 1.8624429868100982
855 2.3865336504074866
856 1.7992671002233238
857 2.1279630918485215
858 2.6244045919333896
859 2.5188050494573746
860 2.5175503685789815
861 2.686746100268179
862 1.559061399769914
863 1.528434644805141
864 1.7824255343794255
865 2.350122615234194
866 2.028026282481206
867 2.134705477624383
868 0.8210537671067081
869 2.023221066444153
870 1.7164152693105375
871 3.1320587650805405
872 3.8894166722520014
873 2.664657333120722
874 4.227114085768881
875 3.4598035717827615
876 3.6881370574656733
877 3.3283429272122413
878 3.0652794992043706
879 4.426408491551656
880 3.007107611727419
881 3.836977714738165
882 4.412292726058608
883 2.342885580187569
884 3.149182473415466
885 5.850950873580532
886 4.038481551955332
887 1.3823254076318114
888 5.481882144296707
889 3.6064695533325644
890 3.458244041946549
891 2.9406712691888686
892 3.3856620427635047
893 2.883120907354918
894 4.884042219872155
895 1.4890057853180054
896 3.470590195935352
897 2.7831901942881005
898 2.8012823569216163
899 2.7759744254209093
900 2.870264133651462
901 2.723937754704816
902 2.970283429056016
903 2.664657333120722
904 2.4201568115640235
905 1.1966997636966066
906 0.882364844130531
907 1.9611825718609424
908 1.703296043627792
909 2.077126828912272
910 2.1810653192119034
911 2.5031298679625893
912 1.5760536068223534
913 2.178637384500579
914 1.8624429868100982
915 2.3865336504074866
916 1.7992671002233238
917 1.3823254076318114
918 2.6244045919333896
919 2.5188050494573746
920 2.5175503685789815
921 2.686746100268179
922 1.559061399769914
923 1.528434644805141
924 1.7824255343794255
925 1.4890057853180054
926 2.028026282481206
927 2.134705477624383
928 0.8210537671067081
929 2.023221066444153
930 1.7164152693105375
931 3.2001031941955294
932 3.0444988262490753
933 1.7664525822363875
934 2.9792754457064685
935 3.788979987623863
936 4.858978094535535
937 3.848008326930118
938 4.453813075298205
939 1.944442143872131
940 1.6719440226822964
941 1.8023918942594717
942 4.371340706511362
943 3.947922683345171
944 2.9612210335252085
945 2.626357915126581
946 3.7373002597580385
947 4.259249482323227
948 2.716371074546506
949 4.1455625453970395
950 2.0751864407504796
951 3.691383732122815
952 3.943367811369173
953 1.6318906593389078
954 3.3132244440936445
955 3.0525426344438817
956 4.741575087676068
957 5.362062486139916
958 1.8208351390402282
959 3.186205188135931
960 1.7581354088954502
961 2.723937754704816
962 2.970283429056016
963 1.7664525822363875
964 2.4201568115640235
965 1.1966997636966066
966 0.882364844130531
967 1.9611825718609424
968 1.703296043627792
969 1.944442143872131
970 1.6719440226822964
971 1.8023918942594717
972 1.5760536068223534
973 2.178637384500579
974 1.8624429868100982
975 2.3865336504074866
976 1.7992671002233238
977 1.3823254076318114
978 2.6244045919333896
979 2.5188050494573746
980 2.0751864407504796
981 2.686746100268179
982 1.559061399769914
983 1.528434644805141
984 1.7824255343794255
985 1.4890057853180054
986 2.028026282481206
987 2.134705477624383
988 0.8210537671067081
989 2.023221066444153
990 1.7164152693105375
evaluations raw_y
1 3.772361736477043
2 3.6755536214373654
3 4.142252481773893
4 4.0011431020827315
5 3.93961194946042
6 5.56380907068743
7 3.5958997715865753
8 3.6718085470540407
9 4.755213212654841
10 3.890669077856409
11 4.076358608338107
12 3.5333014999168757
13 3.1341619581023132
14 3.282580600452315
15 5.359357033124843
16 3.92192191075486
17 3.0037671052600112
18 2.8404443376922677
19 3.730205220603334
20 3.911991722528212
21 3.3549322084865754
22 3.3388157874436004
23 4.800096808196107
24 4.49985314674136
25 4.976272682270663
26 4.79175495516911
27 4.306593377090215
28 4.852603546075571
29 4.967521139900851
30 4.405728618472919
31 3.6578354163531763
32 4.892787912867929
33 3.506118146041972
34 4.277315619692872
35 4.583690178155322
36 3.493832983898103
37 3.162005785893107
38 6.301396962724266
39 4.221856397568718
40 3.5813967832395908
41 4.4109710914573075
42 3.1118875984582917
43 5.562626553066059
44 3.1888538998663543
45 5.173013500856886
46 3.870449896371061
47 4.598373480561365
48 4.119050603510984
49 5.488065417978413
50 4.022248383038714
51 4.912635305338008
52 2.320213157143308
53 4.106565529629232
54 4.263691013132261
55 2.798394630576663
56 4.010138497602936
57 3.774777361202183
58 4.346692527064349
59 4.5876026726335315
60 3.9422232777975323
61 3.6578354163531763
62 3.6755536214373654
63 3.506118146041972
64 4.0011431020827315
65 3.93961194946042
66 3.493832983898103
67 3.162005785893107
68 3.6718085470540407
69 4.221856397568718
70 3.5813967832395908
71 4.076358608338107
72 3.1118875984582917
73 3.1341619581023132
74 3.1888538998663543
75 5.173013500856886
76 3.870449896371061
77 3.0037671052600112
78 2.8404443376922677
79 3.730205220603334
80 3.911991722528212
81 3.3549322084865754
82 2.320213157143308
83 4.106565529629232
84 4.263691013132261
85 2.798394630576663
86 4.010138497602936
87 3.774777361202183
88 4.346692527064349
89 4.5876026726335315
90 3.9422232777975323
91 3.8217613857315573
92 3.9589272828040576
93 4.623790196016138
94 4.048980877626125
95 4.4239852045780745
96 4.3591757504351225
97 5.077145676458421
98 4.4455570554527455
99 4.231127582835594
100 4.54881091101735
101 4.884687966598418
102 5.417760603328963
103 4.300925182011225
104 3.517146901713179
105 6.101837804836201
106 4.520443046016945
107 3.9730828913985077
108 4.974484616031674
109 4.619682436838632
110 4.634713197250114
111 3.5407709780972136
112 2.1690157790352225
113 2.449702572892095
114 3.570787314320567
115 2.790378857568535
116 4.7137636406158085
117 4.082504159733874
118 6.032912985542229
119 3.8575915109864978
120 4.464339470818268
121 3.6578354163531763
122 3.6755536214373654
123 3.506118146041972
124 4.0011431020827315
125 3.93961194946042
126 3.493832983898103
127 3.162005785893107
128 3.6718085470540407
129 4.221856397568718
130 3.5813967832395908
131 4.076358608338107
132 3.1118875984582917
133 3.1341619581023132
134 3.1888538998663543
135 5.173013500856886
136 3.870449896371061
137 3.0037671052600112
138 2.8404443376922677
139 3.730205220603334
140 3.911991722528212
141 3.3549322084865754
142 2.1690157790352225
143 2.449702572892095
144 3.570787314320567
145 2.790378857568535
146 4.010138497602936
147 3.774777361202183
148 4.346692527064349
149 3.8575915109864978
150 3.9422232777975323
151 3.986505863260841
152 4.887639517478205
153 4.757541351783878
154 2.7386842872487067
155 4.597151278368344
156 4.819011066971403
157 3.6292069235587894
158 1.6702903001568357
159 3.5925312321061713
160 3.9405484300412574
161 4.934409250113798
162 2.959947194437905
163 5.515487937500904
164 2.823726022267447
165 3.7271762450160923
166 4.039255714270294
167 4.6632642488345795
168 1.8297293509390051
169 3.7986495901322774
170 4.853812429860809
171 3.84015668138957
172 4.605342741099097
173 3.9822243879753905
174 3.8471744461287884
175 4.613138297059544
176 3.1486278356483224
177 3.8441984959970217
178 2.60800650354632
179 4.189524779347413
180 5.69112871447097
181 3.6578354163531763
182 3.6755536214373654
183 3.506118146041972
184 2.7386842872487067
185 3.93961194946042
186 3.493832983898103
187 3.162005785893107
188 1.6702903001568357
189 3.5925312321061713
190 3.5813967832395908
191 4.076358608338107
192 2.959947194437905
193 3.1341619581023132
194 2.823726022267447
195 3.7271762450160923
196 3.870449896371061
197 3.0037671052600112
198 1.8297293509390051
199 3.730205220603334
200 3.911991722528212
201 3.3549322084865754
202 2.1690157790352225
203 2.449702572892095
204 3.570787314320567
205 2.790378857568535
206 3.1486278356483224
207 3.774777361202183
208 2.60800650354632
209 3.8575915109864978
210 3.9422232777975323
211 5.3795766962894565
212 4.403479043875223
213 5.9980154485880135
214 4.795102847170147
215 4.417161127940691
216 5.05173209581876
217 2.5693103384692204
218 3.455758496966979
219 3.1122209312550364
220 4.4001445988540855
221 3.9885588887722006
222 4.38627642702286
223 4.4682823232422635
224 4.607366955740172
225 4.47329626549941
226 3.3699861221051686
227 5.976468018765011
228 2.9254166604201197
229 4.010877297700657
230 4.88553786722936
231 4.789207208306028
232 4.346509014404205
233 4.0861467550506525
234 4.662606687981707
235 4.31874802688022
236 3.4604719701933173
237 3.383214990687764
238 3.3767853370093412
239 4.603057447310305
240 5.354038893742983
241 3.6578354163531763
242 3.6755536214373654
243 3.506118146041972
244 2.7386842872487067
245 3.93961194946042
246 3.493832983898103
247 2.5693103384692204
248 1.6702903001568357
249 3.1122209312550364
250 3.5813967832395908
251 3.9885588887722006
252 2.959947194437905
253 3.1341619581023132
254 2.823726022267447
255 3.7271762450160923
256 3.3699861221051686
257 3.0037671052600112
258 1.8297293509390051
259 3.730205220603334
260 3.911991722528212
261 3.3549322084865754
262 2.1690157790352225
263 2.449702572892095
264 3.570787314320567
265 2.790378857568535
266 3.1486278356483224
267 3.383214990687764
268 2.60800650354632
269 3.8575915109864978
270 3.9422232777975323
271 4.1863349482561345
272 4.014677169036691
273 4.549339589681043
274 4.958746773301653
275 3.623669855641264
276 4.397230031461361
277 5.80689634736897
278 4.40482968851013
279 5.683527220984013
280 3.082296307479595
281 3.758666772426338
282 5.475947867757673
283 5.672364955508664
284 4.422706009034807
285 6.087954793694467
286 5.023056885676343
287 3.6196565122615545
288 3.9690057478065874
289 4.375299925191701
290 4.284842587068607
291 3.6243940803476655
292 4.700221794182302
293 3.8909407526336497
294 3.7443869498175744
295 2.8291324173275427
296 3.8021542162535553
297 4.130492571773393
298 2.9085345313863646
299 3.9679054473240227
300 4.402115100029274
301 3.6578354163531763
302 3.6755536214373654
303 3.506118146041972
304 2.7386842872487067
305 3.623669855641264
306 3.493832983898103
307 2.5693103384692204
308 1.6702903001568357
309 3.1122209312550364
310 3.082296307479595
311 3.758666772426338
312 2.959947194437905
313 3.1341619581023132
314 2.823726022267447
315 3.7271762450160923
316 3.3699861221051686
317 3.0037671052600112
318 1.8297293509390051
319 3.730205220603334
320 3.911991722528212
321 3.3549322084865754
322 2.1690157790352225
323 2.449702572892095
324 3.570787314320567
325 2.790378857568535
326 3.1486278356483224
327 3.383214990687764
328 2.60800650354632
329 3.8575915109864978
330 3.9422232777975323
331 4.080737541630432
332 3.6814543807561897
333 5.311155635165699
334 4.225685185901098
335 4.036733005160725
336 3.7328329111055845
337 2.8284247620976815
338 3.5670016164379845
339 4.000315376952261
340 3.4719865905647134
341 5.057984302850793
342 2.9615273497305425
343 3.75673093982621
344 2.125706118640201
345 4.136613661087057
346 4.621140040306354
347 4.807668504985804
348 4.475869807057572
349 3.8558273910757106
350 3.2367921204244263
351 4.110704697049018
352 4.71209515605331
353 3.936234595601352
354 3.404249512432237
355 3.827625838921206
356 5.4088000515356764
357 5.742961765556002
358 4.276265872417613
359 3.379090264212545
360 6.1193761268457365
361 3.6578354163531763
362 3.6755536214373654
363 3.506118146041972
364 2.7386842872487067
365 3.623669855641264
366 3.493832983898103
367 2.5693103384692204
368 1.6702903001568357
369 3.1122209312550364
370 3.082296307479595
371 3.758666772426338
372 2.959947194437905
373 3.1341619581023132
374 2.125706118640201
375 3.7271762450160923
376 3.3699861221051686
377 3.0037671052600112
378 1.8297293509390051
379 3.730205220603334
380 3.2367921204244263
381 3.3549322084865754
382 2.1690157790352225
383 2.449702572892095
384 3.404249512432237
385 2.790378857568535
386 3.1486278356483224
387 3.383214990687764
388 2.60800650354632
389 3.379090264212545
390 3.9422232777975323
391 2.5333090008632526
392 3.3859019925246625
393 4.887085086364502
394 3.9251723495926765
395 3.020331402418914
396 4.379772986595484
397 2.851379331736201
398 4.751059911237294
399 4.350484737342725
400 4.1922783137239525
401 3.6500264602971626
402 4.4853200354352065
403 2.9570735654105187
404 5.020300033801311
405 3.7354116689031303
406 4.239414338165185
407 3.763165486768243
408 4.128224815357518
409 2.984915469488883
410 4.4562670407575045
411 4.233441093081929
412 4.029920741006474
413 5.6130782476030445
414 2.5206512867859354
415 3.4885322829672223
416 3.2586416041581394
417 2.8016721685510526
418 4.436864366547676
419 4.386992608168181
420 5.0203401777200245
421 2.5333090008632526
422 3.3859019925246625
423 3.506118146041972
424 2.7386842872487067
425 3.020331402418914
426 3.493832983898103
427 2.5693103384692204
428 1.6702903001568357
429 3.1122209312550364
430 3.082296307479595
431 3.6500264602971626
432 2.959947194437905
433 2.9570735654105187
434 2.125706118640201
435 3.7271762450160923
436 3.3699861221051686
437 3.0037671052600112
438 1.8297293509390051
439 2.984915469488883
440 3.2367921204244263
441 3.3549322084865754
442 2.1690157790352225
443 2.449702572892095
444 2.5206512867859354
445 2.790378857568535
446 3.1486278356483224
447 2.8016721685510526
448 2.60800650354632
449 3.379090264212545
450 3.9422232777975323
451 4.792659475450032
452 3.9249356747590616
453 4.811846725130448
454 4.783928230345003
455 3.074614696756073
456 3.4786436542375134
457 4.645162638842881
458 3.5248043289868187
459 2.7934308619030435
460 4.344940786987456
461 4.75733654617811
462 3.5009456285309755
463 3.4282467049439944
464 4.446147483567573
465 4.585607245866844
466 4.22346051393017
467 3.640058660341211
468 4.1018994354511396
469 3.653327113852809
470 2.5201577983516428
471 4.829863487985578
472 3.9820938443456813
473 4.364971645804055
474 3.691094771021107
475 4.517086305657996
476 5.079422466559921
477 3.7425450987754467
478 4.06312737729337
479 4.076528890144462
480 4.787565030039687
481 2.5333090008632526
482 3.3859019925246625
483 3.506118146041972
484 2.7386842872487067
485 3.020331402418914
486 3.4786436542375134
487 2.5693103384692204
488 1.6702903001568357
489 2.7934308619030435
490 3.082296307479595
491 3.6500264602971626
492 2.959947194437905
493 2.9570735654105187
494 2.125706118640201
495 3.7271762450160923
496 3.3699861221051686
497 3.0037671052600112
498 1.8297293509390051
499 2.984915469488883
500 2.5201577983516428
501 3.3549322084865754
502 2.1690157790352225
503 2.449702572892095
504 2.5206512867859354
505 2.790378857568535
506 3.1486278356483224
507 2.8016721685510526
508 2.60800650354632
509 3.379090264212545
510 3.9422232777975323
511 4.918766118597856
512 4.251459758078437
513 3.3132848486453614
514 5.779083465084542
515 5.491292381164241
516 2.565433896970268
517 4.742421856828582
518 2.607614949587864
519 3.0944699893227603
520 5.622831629226457
521 3.8078981954381925
522 3.2759121225298173
523 4.577855793411766
524 4.020291123815154
525 3.54436933736732
526 3.957756870838285
527 4.877399386221546
528 4.516599734477502
529 3.9653389225664175
530 4.630995808589597
531 4.689376180334801
532 3.37658912138544
533 4.74957995651863
534 2.329107101326905
535 3.833853067202906
536 3.5903965336142223
537 1.4661069088587677
538 3.759536836516865
539 3.6391318858768447
540 2.934382444564465
541 2.5333090008632526
542 3.3859019925246625
543 3.3132848486453614
544 2.7386842872487067
545 3.020331402418914
546 2.565433896970268
547 2.5693103384692204
548 1.6702903001568357
549 2.7934308619030435
550 3.082296307479595
551 3.6500264602971626
552 2.959947194437905
553 2.9570735654105187
554 2.125706118640201
555 3.54436933736732
556 3.3699861221051686
557 3.0037671052600112
558 1.8297293509390051
559 2.984915469488883
560 2.5201577983516428
561 3.3549322084865754
562 2.1690157790352225
563 2.449702572892095
564 2.329107101326905
565 2.790378857568535
566 3.1486278356483224
567 1.4661069088587677
568 2.60800650354632
569 3.379090264212545
570 2.934382444564465
571 2.5520707306639916
572 4.3830892962492385
573 1.5531428463387744
574 3.893452506237135
575 3.211431490127314
576 5.036479087658018
577 3.6345702418859513
578 3.564283864035061
579 2.432258498347039
580 1.5749401679074257
581 4.92677756200742
582 3.2358635294198748
583 3.247655955014366
584 3.691094771021107
585 2.8151233570899348
586 2.591022841636354
587 4.882756069656663
588 4.4513039724163965
589 4.157372466554198
590 3.936232308582718
591 2.1687799744101786
592 3.769518018598637
593 3.488195608554678
594 3.2783368633107
595 3.8308082294137735
596 4.018608181405437
597 0.6893202700284706
598 2.375229158623419
599 3.966046329522391
600 3.5215497349759692
601 2.5333090008632526
602 3.3859019925246625
603 1.5531428463387744
604 2.7386842872487067
605 3.020331402418914
606 2.565433896970268
607 2.5693103384692204
608 1.6702903001568357
609 2.432258498347039
610 1.5749401679074257
611 3.6500264602971626
612 2.959947194437905
613 2.9570735654105187
614 2.125706118640201
615 2.8151233570899348
616 2.591022841636354
617 3.0037671052600112
618 1.8297293509390051
619 2.984915469488883
620 2.5201577983516428
621 2.1687799744101786
622 2.1690157790352225
623 2.449702572892095
624 2.329107101326905
625 2.790378857568535
626 3.1486278356483224
627 0.6893202700284706
628 2.375229158623419
629 3.379090264212545
630 2.934382444564465
631 4.7792184033359995
632 4.257511657689458
633 5.401737837523175
634 4.614425778191096
635 5.799290099145432
636 3.440676870725577
637 3.035898430222785
638 4.272940039630775
639 4.265167627673012
640 5.667987350904727
641 4.825911926337632
642 5.334664493709797
643 3.7091592565416907
644 3.6008543550939303
645 5.5723985293504565
646 3.2207924507725947
647 4.428878416436514
648 4.758198302854645
649 3.2687828357010367
650 3.551106352548312
651 1.6038608173397635
652 3.0253673610144487
653 3.0831700768217227
654 3.92828486866116
655 3.8212733617338333
656 4.487726259572016
657 4.688632396125417
658 3.1757543275814712
659 2.4514698332856764
660 4.949024428743759
661 2.5333090008632526
662 3.3859019925246625
663 1.5531428463387744
664 2.7386842872487067
665 3.020331402418914
666 2.565433896970268
667 2.5693103384692204
668 1.6702903001568357
669 2.432258498347039
670 1.5749401679074257
671 3.6500264602971626
672 2.959947194437905
673 2.9570735654105187
674 2.125706118640201
675 2.8151233570899348
676 2.591022841636354
677 3.0037671052600112
678 1.8297293509390051
679 2.984915469488883
680 2.5201577983516428
681 1.6038608173397635
682 2.1690157790352225
683 2.449702572892095
684 2.329107101326905
685 2.790378857568535
686 3.1486278356483224
687 0.6893202700284706
688 2.375229158623419
689 2.4514698332856764
690 2.934382444564465
691 4.513484234694354
692 3.460202414130632
693 3.1241693368511534
694 2.700512776402899
695 4.0095961516782115
696 3.7664308699975004
697 3.2238887506035327
698 5.888466722547419
699 5.366353705102103
700 2.320753153803876
701 6.3226205644819995
702 3.6661024426206166
703 3.0824222626321114
704 4.20012027957303
705 3.371559815064118
706 4.196960618875817
707 3.0688045828046526
708 2.8684493226621504
709 5.66101956819357
710 3.213109930295915
711 2.490412193531325
712 2.9643599300004424
713 1.6437885788372926
714 3.7314309836663337
715 3.723412856786589
716 3.0615418472235376
717 1.5332437653139
718 3.1292568344776033
719 4.876353572363348
720 3.628265845463041
721 2.5333090008632526
722 3.3859019925246625
723 1.5531428463387744
724 2.700512776402899
725 3.020331402418914
726 2.565433896970268
727 2.5693103384692204
728 1.6702903001568357
729 2.432258498347039
730 1.5749401679074257
731 3.6500264602971626
732 2.959947194437905
733 2.9570735654105187
734 2.125706118640201
735 2.8151233570899348
736 2.591022841636354
737 3.0037671052600112
738 1.8297293509390051
739 2.984915469488883
740 2.5201577983516428
741 1.6038608173397635
742 2.1690157790352225
743 1.6437885788372926
744 2.329107101326905
745 2.790378857568535
746 3.0615418472235376
747 0.6893202700284706
748 2.375229158623419
749 2.4514698332856764
750 2.934382444564465
751 3.3215401964218803
752 5.536021555023103
753 3.3263410059031857
754 4.218538308682029
755 4.890876352424813
756 4.285552188630334
757 3.407912508112123
758 4.835051703631947
759 3.0490159443960794
760 4.979055325047009
761 2.8812842161743664
762 4.326389235251191
763 2.597477790876234
764 4.539970222858901
765 4.352832852937726
766 4.798250937354436
767 4.933803075736458
768 3.6957589303914276
769 2.860500188580579
770 5.419754797106239
771 3.377109338712342
772 3.4729207305959093
773 4.45621989802131
774 2.2996371062263647
775 4.544140727354067
776 3.114112448702472
777 4.23189810476262
778 3.7414801917953806
779 3.5658164668678287
780 3.396049833065894
781 2.5333090008632526
782 3.3859019925246625
783 1.5531428463387744
784 2.700512776402899
785 3.020331402418914
786 2.565433896970268
787 2.5693103384692204
788 1.6702903001568357
789 2.432258498347039
790 1.5749401679074257
791 2.8812842161743664
792 2.959947194437905
793 2.597477790876234
794 2.125706118640201
795 2.8151233570899348
796 2.591022841636354
797 3.0037671052600112
798 1.8297293509390051
799 2.860500188580579
800 2.5201577983516428
801 1.6038608173397635
802 2.1690157790352225
803 1.6437885788372926
804 2.2996371062263647
805 2.790378857568535
806 3.0615418472235376
807 0.6893202700284706
808 2.375229158623419
809 2.4514698332856764
810 2.934382444564465
811 4.833360954578273
812 4.941532913017639
813 1.4373733408232179
814 3.1011714171840468
815 4.239590858301851
816 3.619549069510957
817 3.6386972515560103
818 2.706105774546401
819 3.3707315821157535
820 2.719873195630453
821 2.4302413554670173
822 4.222998862032703
823 2.6312402122448777
824 3.2946149108824954
825 4.641214752572075
826 4.603340575051144
827 3.6187946330467717
828 3.3613938876772513
829 3.6224044598114196
830 2.7354500161627087
831 3.100292835167896
832 4.268888005168112
833 4.129310740369388
834 4.5532980577888
835 3.102064215174167
836 3.5195150580211045
837 6.201756953743736
838 2.667746539606094
839 3.013608574300055
840 2.308964111850666
841 2.5333090008632526
842 3.3859019925246625
843 1.4373733408232179
844 2.700512776402899
845 3.020331402418914
846 2.565433896970268
847 2.5693103384692204
848 1.6702903001568357
849 2.432258498347039
850 1.5749401679074257
851 2.4302413554670173
852 2.959947194437905
853 2.597477790876234
854 2.125706118640201
855 2.8151233570899348
856 2.591022841636354
857 3.0037671052600112
858 1.8297293509390051
859 2.860500188580579
860 2.5201577983516428
861 1.6038608173397635
862 2.1690157790352225
863 1.6437885788372926
864 2.2996371062263647
865 2.790378857568535
866 3.0615418472235376
867 0.6893202700284706
868 2.375229158623419
869 2.4514698332856764
870 2.308964111850666
871 3.7857926029273647
872 4.129023483353668
873 4.959942313830497
874 3.5802325690259225
875 2.6931415567819084
876 2.915888310749843
877 2.8666219772352766
878 2.7161048200033706
879 3.3031724492934798
880 4.960736203065224
881 3.2137298160213907
882 3.569932689216425
883 4.918704237520469
884 2.081672955993376
885 4.760164297606985
886 2.5608982782738106
887 1.8609557303043371
888 5.1896146223230515
889 4.051511166654846
890 4.843442265508687
891 3.768744151646061
892 5.086230368522868
893 2.691867822617036
894 2.9114633379711528
895 5.093287803824394
896 2.7453445722247176
897 3.709953096068298
898 4.9273502702391685
899 1.745302901534496
900 3.5603988095507466
901 2.5333090008632526
902 3.3859019925246625
903 1.4373733408232179
904 2.700512776402899
905 2.6931415567819084
906 2.565433896970268
907 2.5693103384692204
908 1.6702903001568357
909 2.432258498347039
910 1.5749401679074257
911 2.4302413554670173
912 2.959947194437905
913 2.597477790876234
914 2.081672955993376
915 2.8151233570899348
916 2.5608982782738106
917 1.8609557303043371
918 1.8297293509390051
919 2.860500188580579
920 2.5201577983516428
921 1.6038608173397635
922 2.1690157790352225
923 1.6437885788372926
924 2.2996371062263647
925 2.790378857568535
926 2.7453445722247176
927 0.6893202700284706
928 2.375229158623419
929 1.745302901534496
930 2.308964111850666
931 2.1815581955669128
932 4.213431405921539
933 2.4252552696345187
934 4.812205640892139
935 4.219234646933529
936 3.3882055602888554
937 3.9596898899504342
938 5.209039424586958
939 5.823008533270418
940 3.978077958719658
941 2.664154703760624
942 2.881314638035663
943 3.1327047410999223
944 3.2494836368622675
945 2.7812572760747436
946 2.430978174761046
947 2.7227110529601717
948 3.4690479517385855
949 3.0018353732703758
950 4.926047655219527
951 4.105940733213586
952 2.78335828060563
953 4.591379838101375
954 3.089237039317391
955 3.0322668862688116
956 3.458975324509395
957 3.903526832631267
958 5.571124354054668
959 3.5963614914227318
960 2.910474470320223
961 2.1815581955669128
962 3.3859019925246625
963 1.4373733408232179
964 2.700512776402899
965 2.6931415567819084
966 2.565433896970268
967 2.5693103384692204
968 1.6702903001568357
969 2.432258498347039
970 1.5749401679074257
971 2.4302413554670173
972 2.881314638035663
973 2.597477790876234
974 2.081672955993376
975 2.7812572760747436
976 2.430978174761046
977 1.8609557303043371
978 1.8297293509390051
979 2.860500188580579
980 2.5201577983516428
981 1.6038608173397635
982 2.1690157790352225
983 1.6437885788372926
984 2.2996371062263647
985 2.790378857568535
986 2.7453445722247176
987 0.6893202700284706
988 2.375229158623419
989 1.745302901534496
990 2.308964111850666
evaluations raw_y
1 3.5103611596228284
2 2.6674141500611483
3 4.77739655988269
4 5.9157136085011235
5 4.761665112195416
6 3.914922028059675
7 4.311201966386012
8 3.7885872071282343
9 3.737891014844003
10 4.156713270927446
11 3.656469847298701
12 4.620074206509999
13 4.526735241509792
14 3.555747531642165
15 3.579038157422341
16 3.8817571487467895
17 2.7311189109038407
18 3.380410687505268
19 3.181086466579497
20 3.2902747118059814
21 5.957648486718868
22 3.4751474827355593
23 3.3361605840479363
24 4.386708238894656
25 4.59752612041619
26 3.5130838150328967
27 4.178821797483362
28 5.093597487095879
29 4.785239373726701
30 3.7992087051143546
31 5.87365402042143
32 4.071860898822515
33 4.7408474505583635
34 1.359728299145912
35 3.3495077960895268
36 2.7088155804544973
37 4.581612380965271
38 4.636209970466586
39 3.4180522791595895
40 4.426342819853187
41 3.6529839741278067
42 4.230320121659947
43 3.4506511176897776
44 3.799561539682264
45 2.6450585688596275
46 3.052339365721238
47 5.81231055924642
48 3.4499066067620183
49 4.353481299156501
50 3.6151395631918004
51 3.1812772589630844
52 3.475053552624281
53 3.4905192578348485
54 4.302078165103311
55 4.7185549736677235
56 3.406524554696332
57 5.2108743124346955
58 4.846203599211063
59 3.5202624914285563
60 3.1127973144550873
61 3.5103611596228284
62 2.6674141500611483
63 4.7408474505583635
64 1.359728299145912
65 3.3495077960895268
66 2.7088155804544973
67 4.311201966386012
68 3.7885872071282343
69 3.4180522791595895
70 4.156713270927446
71 3.6529839741278067
72 4.230320121659947
73 3.4506511176897776
74 3.555747531642165
75 2.6450585688596275
76 3.052339365721238
77 2.7311189109038407
78 3.380410687505268
79 3.181086466579497
80 3.2902747118059814
81 3.1812772589630844
82 3.475053552624281
83 3.3361605840479363
84 4.302078165103311
85 4.59752612041619
86 3.406524554696332
87 4.178821797483362
88 4.846203599211063
89 3.5202624914285563
90 3.1127973144550873
91 3.869791472288069
92 3.7061617358515857
93 3.9083061494552425
94 3.6928068272635546
95 3.570200460366519
96 4.20878685352638
97 3.79053110010171
98 4.999188841868401
99 2.1630230953063414
100 4.962553393764393
101 3.628135228530325
102 2.649537972980168
103 3.549902653775419
104 4.5761966268812735
105 3.314750250097133
106 3.5115230435783475
107 1.8791746667544855
108 3.880739490876506
109 3.419325387778624
110 4.111649884686017
111 4.56641373382461
112 2.4373715651891885
113 4.9542546285491635
114 3.3165894023662283
115 3.9623368224303093
116 5.592374806549069
117 3.9804793521174835
118 3.8074542813754135
119 3.481347765356559
120 3.738821814031117
121 3.5103611596228284
122 2.6674141500611483
123 3.9083061494552425
124 1.359728299145912
125 3.3495077960895268
126 2.7088155804544973
127 3.79053110010171
128 3.7885872071282343
129 2.1630230953063414
130 4.156713270927446
131 3.628135228530325
132 2.649537972980168
133 3.4506511176897776
134 3.555747531642165
135 2.6450585688596275
136 3.052339365721238
137 1.8791746667544855
138 3.380410687505268
139 3.181086466579497
140 3.2902747118059814
141 3.1812772589630844
142 2.4373715651891885
143 3.3361605840479363
144 3.3165894023662283
145 3.9623368224303093
146 3.406524554696332
147 3.9804793521174835
148 3.8074542813754135
149 3.481347765356559
150 3.1127973144550873
151 6.269873208440014
152 3.775072696436431
153 3.413239216065514
154 2.431939363584879
155 4.809282924834378
156 4.170192754991602
157 1.8816973291941133
158 4.754090873186652
159 3.496335402140966
160 3.2916123003323987
161 5.354303734089499
162 5.173758755388877
163 4.278412276386508
164 4.173141257300308
165 3.7652390302522756
166 2.9944029234729417
167 3.6359427136482694
168 3.6339707631363227
169 4.641774455263224
170 4.804943019632367
171 5.0745176925577145
172 3.113475049786546
173 3.795603240902198
174 4.237215907042467
175 3.7036400625456594
176 3.3958102204854415
177 1.9087272367985217
178 3.414141661172895
179 5.193248778098182
180 5.218272025336708
181 3.5103611596228284
182 2.6674141500611483
183 3.413239216065514
184 1.359728299145912
185 3.3495077960895268
186 2.7088155804544973
187 1.8816973291941133
188 3.7885872071282343
189 2.1630230953063414
190 3.2916123003323987
191 3.628135228530325
192 2.649537972980168
193 3.4506511176897776
194 3.555747531642165
195 2.6450585688596275
196 2.9944029234729417
197 1.8791746667544855
198 3.380410687505268
199 3.181086466579497
200 3.2902747118059814
201 3.1812772589630844
202 2.4373715651891885
203 3.3361605840479363
204 3.3165894023662283
205 3.7036400625456594
206 3.3958102204854415
207 1.9087272367985217
208 3.414141661172895
209 3.481347765356559
210 3.1127973144550873
211 3.4907055683911468
212 2.4147730102323575
213 3.9037973376256296
214 2.983086229929275
215 3.9286100865923563
216 4.041250329201462
217 5.328706887141612
218 2.9505329723057327
219 2.449801248009099
220 5.343587072524427
221 4.474480400869537
222 3.5839563910813914
223 2.82287473253463
224 3.981243013717852
225 3.2891977261433816
226 2.6639327068226337
227 5.000077904383723
228 3.646338319705362
229 5.163248277749588
230 3.1179793599878804
231 3.2845709672701195
232 3.460101668584707
233 4.674215745439778
234 4.403864680556758
235 3.3177482291863694
236 3.840300752942585
237 5.2974634886310525
238 3.777595738910522
239 3.4304752537328
240 3.0730677121033656
241 3.4907055683911468
242 2.4147730102323575
243 3.413239216065514
244 1.359728299145912
245 3.3495077960895268
246 2.7088155804544973
247 1.8816973291941133
248 2.9505329723057327
249 2.1630230953063414
250 3.2916123003323987
251 3.628135228530325
252 2.649537972980168
253 2.82287473253463
254 3.555747531642165
255 2.6450585688596275
256 2.6639327068226337
257 1.8791746667544855
258 3.380410687505268
259 3.181086466579497
260 3.1179793599878804
261 3.1812772589630844
262 2.4373715651891885
263 3.3361605840479363
264 3.3165894023662283
265 3.3177482291863694
266 3.3958102204854415
267 1.9087272367985217
268 3.414141661172895
269 3.4304752537328
270 3.0730677121033656
271 3.7441236728791036
272 3.8450532016292702
273 2.9828618339253206
274 4.576180900367231
275 4.877294371106252
276 3.4015146037499706
277 3.193700115586594
278 3.445345183485826
279 4.661093926448949
280 3.9885588003869685
281 5.348181721079772
282 4.102994548821378
283 5.274219729861843
284 2.124580601336042
285 2.866997743657902
286 3.4366124309981694
287 1.801205078362605
288 4.479168231341412
289 3.6959065571717904
290 3.786456442147821
291 5.013706304595266
292 5.312864935460647
293 4.665535878768655
294 3.538242960120715
295 5.066602373610287
296 4.7322959370055155
297 2.721307880417341
298 2.354719013133413
299 4.0857051263011765
300 4.084877615676661
301 3.4907055683911468
302 2.4147730102323575
303 2.9828618339253206
304 1.359728299145912
305 3.3495077960895268
306 2.7088155804544973
307 1.8816973291941133
308 2.9505329723057327
309 2.1630230953063414
310 3.2916123003323987
311 3.628135228530325
312 2.649537972980168
313 2.82287473253463
314 2.124580601336042
315 2.6450585688596275
316 2.6639327068226337
317 1.801205078362605
318 3.380410687505268
319 3.181086466579497
320 3.1179793599878804
321 3.1812772589630844
322 2.4373715651891885
323 3.3361605840479363
324 3.3165894023662283
325 3.3177482291863694
326 3.3958102204854415
327 1.9087272367985217
328 2.354719013133413
329 3.4304752537328
330 3.0730677121033656
331 3.938569845325013
332 3.6846982236322443
333 2.728141077150587
334 5.136535454656361
335 3.1764364786324535
336 3.6550056304259204
337 5.251139344888293
338 3.96640328919574
339 3.453682396923486
340 3.2960001192173847
341 4.028168378575576
342 4.389038125482857
343 3.7678092558939484
344 3.082489006972117
345 4.9212900556086705
346 1.9058971035803727
347 5.318133810595565
348 3.769821974654509
349 3.42513599831273
350 3.5381816728695705
351 3.2793193324223946
352 5.416849355599485
353 3.36338399834323
354 4.413681318767646
355 3.6339343688118357
356 4.344424625920963
357 2.8191087338946232
358 3.93100483816334
359 3.622741217665287
360 4.498175392475904
361 3.4907055683911468
362 2.4147730102323575
363 2.728141077150587
364 1.359728299145912
365 3.1764364786324535
366 2.7088155804544973
367 1.8816973291941133
368 2.9505329723057327
369 2.1630230953063414
370 3.2916123003323987
371 3.628135228530325
372 2.649537972980168
373 2.82287473253463
374 2.124580601336042
375 2.6450585688596275
376 1.9058971035803727
377 1.801205078362605
378 3.380410687505268
379 3.181086466579497
380 3.1179793599878804
381 3.1812772589630844
382 2.4373715651891885
383 3.3361605840479363
384 3.3165894023662283
385 3.3177482291863694
386 3.3958102204854415
387 1.9087272367985217
388 2.354719013133413
389 3.4304752537328
390 3.0730677121033656
391 5.070944349019587
392 2.090072482122452
393 3.7295485579256655
394 1.0253790840642778
395 1.5334919342138185
396 3.238249787943099
397 3.389091770820408
398 3.2217164857831966
399 3.3960783912456454
400 2.5515270141821134
401 3.5277493505870923
402 3.6179725998729295
403 3.597231736798375
404 2.8783339298644233
405 4.123657894565382
406 3.1318394547139423
407 2.9745398877719267
408 5.328234827790674
409 2.8890295402201094
410 3.676020280351784
411 4.504333275730259
412 3.3025731559531635
413 4.478865925983547
414 2.112791416137787
415 5.59425564586131
416 4.711715991533473
417 3.6201484776317514
418 4.280281595462163
419 4.616193585911221
420 3.365604723156285
421 3.4907055683911468
422 2.090072482122452
423 2.728141077150587
424 1.0253790840642778
425 1.5334919342138185
426 2.7088155804544973
427 1.8816973291941133
428 2.9505329723057327
429 2.1630230953063414
430 2.5515270141821134
431 3.5277493505870923
432 2.649537972980168
433 2.82287473253463
434 2.124580601336042
435 2.6450585688596275
436 1.9058971035803727
437 1.801205078362605
438 3.380410687505268
439 2.8890295402201094
440 3.1179793599878804
441 3.1812772589630844
442 2.4373715651891885
443 3.3361605840479363
444 2.112791416137787
445 3.3177482291863694
446 3.3958102204854415
447 1.9087272367985217
448 2.354719013133413
449 3.4304752537328
450 3.0730677121033656
451 5.235880119630542
452 1.9971157787285279
453 2.7046004740653435
454 4.550551062934761
455 4.144927006453468
456 1.9499558123302796
457 4.250464813293965
458 2.7928508934334286
459 3.8936181753640184
460 4.58009990759194
461 4.984277829504995
462 4.726756991287958
463 2.7220124281844456
464 3.0831258844416483
465 4.05097576736032
466 3.7092816656907495
467 4.1554360819846785
468 3.2508067621899706
469 3.9520595644951095
470 4.3598119545494285
471 4.80742713430609
472 4.751615680022585
473 4.156947080948385
474 3.5917715858846484
475 4.241089873032246
476 2.90579032265713
477 5.319332374870745
478 2.6341726554096976
479 1.5883238770382262
480 5.230634218245102
481 3.4907055683911468
482 1.9971157787285279
483 2.7046004740653435
484 1.0253790840642778
485 1.5334919342138185
486 1.9499558123302796
487 1.8816973291941133
488 2.7928508934334286
489 2.1630230953063414
490 2.5515270141821134
491 3.5277493505870923
492 2.649537972980168
493 2.7220124281844456
494 2.124580601336042
495 2.6450585688596275
496 1.9058971035803727
497 1.801205078362605
498 3.2508067621899706
499 2.8890295402201094
500 3.1179793599878804
501 3.1812772589630844
502 2.4373715651891885
503 3.3361605840479363
504 2.112791416137787
505 3.3177482291863694
506 2.90579032265713
507 1.9087272367985217
508 2.354719013133413
509 1.5883238770382262
510 3.0730677121033656
511 4.08660467060981
512 4.2225736592254846
513 2.918800345243965
514 5.086881993775698
515 4.069972331312149
516 5.605698731579935
517 3.8966998327137494
518 2.820448595061911
519 4.481046097305843
520 3.1712294682331645
521 4.452415766157962
522 3.3173109701588634
523 4.367559783043494
524 2.787578541869407
525 4.09808230080654
526 2.4623670220056475
527 4.075674434269986
528 2.9940985531830844
529 3.7190628930302867
530 5.021047151230837
531 2.0207395436969025
532 5.184545094148512
533 4.057098597238319
534 3.5339697031508903
535 2.364977261282177
536 5.132327443675608
537 3.4686683719589197
538 3.4259959798115007
539 4.467207246155405
540 3.303707466843185
541 3.4907055683911468
542 1.9971157787285279
543 2.7046004740653435
544 1.0253790840642778
545 1.5334919342138185
546 1.9499558123302796
547 1.8816973291941133
548 2.7928508934334286
549 2.1630230953063414
550 2.5515270141821134
551 3.5277493505870923
552 2.649537972980168
553 2.7220124281844456
554 2.124580601336042
555 2.6450585688596275
556 1.9058971035803727
557 1.801205078362605
558 2.9940985531830844
559 2.8890295402201094
560 3.1179793599878804
561 2.0207395436969025
562 2.4373715651891885
563 3.3361605840479363
564 2.112791416137787
565 2.364977261282177
566 2.90579032265713
567 1.9087272367985217
568 2.354719013133413
569 1.5883238770382262
570 3.0730677121033656
571 2.7192556090466025
572 4.03350618493604
573 4.092309579818981
574 2.200790777595963
575 5.619113388058473
576 3.217048583703406
577 3.2002373551017747
578 3.887218303475608
579 3.5972057454396933
580 4.613366130841965
581 3.9615423822650473
582 3.879178562757813
583 3.9501488606046684
584 3.8142958903269752
585 4.6806711834781245
586 5.012889466183229
587 4.823992666598604
588 4.663698436491805
589 2.7002699080352195
590 4.050146922249814
591 3.1185504632163705
592 3.690202265790096
593 2.2707823788647716
594 2.6623145634017216
595 4.261125176760203
596 1.298682655150862
597 1.902383939913547
598 2.376429608221115
599 4.383522313774162
600 3.2078655314749795
601 2.7192556090466025
602 1.9971157787285279
603 2.7046004740653435
604 1.0253790840642778
605 1.5334919342138185
606 1.9499558123302796
607 1.8816973291941133
608 2.7928508934334286
609 2.1630230953063414
610 2.5515270141821134
611 3.5277493505870923
612 2.649537972980168
613 2.7220124281844456
614 2.124580601336042
615 2.6450585688596275
616 1.9058971035803727
617 1.801205078362605
618 2.9940985531830844
619 2.7002699080352195
620 3.1179793599878804
621 2.0207395436969025
622 2.4373715651891885
623 2.2707823788647716
624 2.112791416137787
625 2.364977261282177
626 1.298682655150862
627 1.902383939913547
628 2.354719013133413
629 1.5883238770382262
630 3.0730677121033656
631 4.38833666804956
632 3.4965048128782064
633 4.7799627608434045
634 3.4780455903514014
635 1.4425526283074233
636 5.347530445849787
637 2.496621959630617
638 3.256353608771517
639 4.315824939458247
640 3.725997227090307
641 4.037982382123129
642 4.141555762291036
643 3.0520576243719915
644 2.403415975405438
645 2.148650188306402
646 3.3311560045479154
647 1.749080932732679
648 2.5701524266589724
649 2.07013653736868
650 3.6795154806782486
651 4.191866366065456
652 3.9846987028125893
653 3.7239802497833585
654 2.8520718647666694
655 3.2123162969264873
656 3.8138977316541585
657 3.7581670301504997
658 4.086682513110734
659 5.1564245295332745
660 3.280735257135742
661 2.7192556090466025
662 1.9971157787285279
663 2.7046004740653435
664 1.0253790840642778
665 1.4425526283074233
666 1.9499558123302796
667 1.8816973291941133
668 2.7928508934334286
669 2.1630230953063414
670 2.5515270141821134
671 3.5277493505870923
672 2.649537972980168
673 2.7220124281844456
674 2.124580601336042
675 2.148650188306402
676 1.9058971035803727
677 1.749080932732679
678 2.5701524266589724
679 2.07013653736868
680 3.1179793599878804
681 2.0207395436969025
682 2.4373715651891885
683 2.2707823788647716
684 2.112791416137787
685 2.364977261282177
686 1.298682655150862
687 1.902383939913547
688 2.354719013133413
689 1.5883238770382262
690 3.0730677121033656
691 3.381512176131682
692 2.3696061517140343
693 2.975185515260654
694 2.768738412394801
695 2.7628679795013746
696 5.020567750129866
697 3.8852668505943346
698 5.533756260312431
699 3.658226788952991
700 3.890865287840236
701 4.899397723636941
702 2.131205262260723
703 3.9843708368539623
704 2.796496920051167
705 5.593104107476347
706 3.434646607525144
707 4.6852181443625796
708 4.231434318768133
709 2.3399672136962533
710 3.8470436394172234
711 3.710425833106294
712 2.63594499983116
713 2.3630817784664515
714 3.258579356307714
715 4.419165665981316
716 1.431162677461785
717 3.067755695740755
718 2.7189186953320785
719 3.5595256939779016
720 3.880560205530008
721 2.7192556090466025
722 1.9971157787285279
723 2.7046004740653435
724 1.0253790840642778
725 1.4425526283074233
726 1.9499558123302796
727 1.8816973291941133
728 2.7928508934334286
729 2.1630230953063414
730 2.5515270141821134
731 3.5277493505870923
732 2.131205262260723
733 2.7220124281844456
734 2.124580601336042
735 2.148650188306402
736 1.9058971035803727
737 1.749080932732679
738 2.5701524266589724
739 2.07013653736868
740 3.1179793599878804
741 2.0207395436969025
742 2.4373715651891885
743 2.2707823788647716
744 2.112791416137787
745 2.364977261282177
746 1.298682655150862
747 1.902383939913547
748 2.354719013133413
749 1.5883238770382262
750 3.0730677121033656
751 4.692890364635184
752 4.509144943719322
753 3.289117563445491
754 4.755479186464013
755 3.1895062110664245
756 4.038516519233031
757 4.166061853057345
758 4.066654150012325
759 4.359811348164084
760 4.412192758853727
761 3.5819411420002534
762 4.0271782338653495
763 2.268092491703172
764 3.0312104960656923
765 3.176099327514583
766 3.7891115783206306
767 3.6761797602525492
768 4.768708450203552
769 4.9699004822981205
770 4.531395991233817
771 3.0287884051344314
772 2.6971550751118425
773 2.548456689565947
774 2.252725546036008
775 4.881640305362346
776 2.984742062129485
777 3.6722057427335897
778 4.154624274444421
779 3.338360003689818
780 1.7719634015261907
781 2.7192556090466025
782 1.9971157787285279
783 2.7046004740653435
784 1.0253790840642778
785 1.4425526283074233
786 1.9499558123302796
787 1.8816973291941133
788 2.7928508934334286
789 2.1630230953063414
790 2.5515270141821134
791 3.5277493505870923
792 2.131205262260723
793 2.268092491703172
794 2.124580601336042
795 2.148650188306402
796 1.9058971035803727
797 1.749080932732679
798 2.5701524266589724
799 2.07013653736868
800 3.1179793599878804
801 2.0207395436969025
802 2.4373715651891885
803 2.2707823788647716
804 2.112791416137787
805 2.364977261282177
806 1.298682655150862
807 1.902383939913547
808 2.354719013133413
809 1.5883238770382262
810 1.7719634015261907
811 5.142197830958918
812 3.2096500265846775
813 2.7021858338668183
814 3.30368692941543
815 2.571473306086141
816 2.6093637158828944
817 3.143318253979598
818 4.256863684021415
819 2.295311051839332
820 5.8030409580336375
821 3.322242243762858
822 4.518920183723214
823 3.648156895482283
824 3.090324839370482
825 3.921956004334727
826 3.134680586786557
827 4.701185908197246
828 3.106520387059211
829 3.2974255229202303
830 4.173392768806503
831 3.4462534461772822
832 3.873094007238432
833 4.0288142677148056
834 4.045218836986233
835 3.225106602264594
836 3.480231734484457
837 3.442700720561978
838 5.088353399746174
839 2.5190142203443795
840 2.5532005206272697
841 2.7192556090466025
842 1.9971157787285279
843 2.7021858338668183
844 1.0253790840642778
845 1.4425526283074233
846 1.9499558123302796
847 1.8816973291941133
848 2.7928508934334286
849 2.1630230953063414
850 2.5515270141821134
851 3.322242243762858
852 2.131205262260723
853 2.268092491703172
854 2.124580601336042
855 2.148650188306402
856 1.9058971035803727
857 1.749080932732679
858 2.5701524266589724
859 2.07013653736868
860 3.1179793599878804
861 2.0207395436969025
862 2.4373715651891885
863 2.2707823788647716
864 2.112791416137787
865 2.364977261282177
866 1.298682655150862
867 1.902383939913547
868 2.354719013133413
869 1.5883238770382262
870 1.7719634015261907
871 4.823140588896808
872 3.796225258991973
873 4.1300179145255305
874 2.933614473469518
875 4.458067299582569
876 1.6823341939867524
877 4.343665604056184
878 3.4712028783566398
879 2.4348773961881456
880 3.6435201325770823
881 4.348700241873004
882 3.86879704532059
883 3.3776586188682494
884 3.966771684128986
885 3.6173103080350013
886 2.840057463214656
887 5.04319420644444
888 2.712470038477939
889 3.7236308172600845
890 2.923658822847051
891 3.779607307257751
892 3.1686783290735576
893 3.8228225983442297
894 4.216606528989741
895 4.202767901418093
896 3.8059513425056934
897 4.72543257362079
898 3.935321427974802
899 3.032231845934685
900 2.998694407820295
901 2.7192556090466025
902 1.9971157787285279
903 2.7021858338668183
904 1.0253790840642778
905 1.4425526283074233
906 1.6823341939867524
907 1.8816973291941133
908 2.7928508934334286
909 2.1630230953063414
910 2.5515270141821134
911 3.322242243762858
912 2.131205262260723
913 2.268092491703172
914 2.124580601336042
915 2.148650188306402
916 1.9058971035803727
917 1.749080932732679
918 2.5701524266589724
919 2.07013653736868
920 2.923658822847051
921 2.0207395436969025
922 2.4373715651891885
923 2.2707823788647716
924 2.112791416137787
925 2.364977261282177
926 1.298682655150862
927 1.902383939913547
928 2.354719013133413
929 1.5883238770382262
930 1.7719634015261907
931 4.046895060522141
932 2.758164457691334
933 3.4189631169433965
934 5.12092637172678
935 3.269331300237146
936 4.739778121600719
937 5.5282658860527425
938 4.610604223143015
939 4.134691895476484
940 4.177659836080793
941 2.853988346145347
942 4.1980238120243065
943 4.136514050964579
944 2.387333652083189
945 4.135247315890135
946 4.251628508786917
947 3.327138975733427
948 2.0661596355800986
949 4.217816788150646
950 1.857840476349744
951 3.284269475024511
952 2.7343327013532908
953 3.2759522632969347
954 3.7707918356505354
955 3.4458866501830125
956 4.646423151528675
957 4.680703646758103
958 2.2883156222782794
959 5.7378968655623215
960 4.475685055455243
961 2.7192556090466025
962 1.9971157787285279
963 2.7021858338668183
964 1.0253790840642778
965 1.4425526283074233
966 1.6823341939867524
967 1.8816973291941133
968 2.7928508934334286
969 2.1630230953063414
970 2.5515270141821134
971 2.853988346145347
972 2.131205262260723
973 2.268092491703172
974 2.124580601336042
975 2.148650188306402
976 1.9058971035803727
977 1.749080932732679
978 2.0661596355800986
979 2.07013653736868
980 1.857840476349744
981 2.0207395436969025
982 2.4373715651891885
983 2.2707823788647716
984 2.112791416137787
985 2.364977261282177
986 1.298682655150862
987 1.902383939913547
988 2.2883156222782794
989 1.5883238770382262
990 1.7719634015261907
evaluations raw_y
1 3.711774497307722
2 5.187662056443891
3 2.5295083701943195
4 3.2738006041490264
5 3.6847768870817474
6 3.784365460427992
7 3.6583383573832196
8 3.0939301049910153
9 3.2141077295763
10 3.6527947088122
11 5.583815599968731
12 1.8740769062598994
13 1.1128052503425319
14 4.580699323976053
15 2.241936664642838
16 5.586760758284463
17 4.450088759820694
18 4.290640957190409
19 3.9018104422870454
20 3.3429798845356125
21 5.476830489597754
22 4.989693034774536
23 5.342777800576945
24 3.8750952068792976
25 3.600126575397944
26 3.370301515689862
27 5.482283085115975
28 3.1151735301244834
29 4.1912997641773355
30 4.057874157057897
31 3.8851757631237684
32 3.9603661172874274
33 5.966275839820227
34 4.545266271856871
35 3.0229743953327475
36 3.816802851232757
37 4.636945080582354
38 3.366752746536826
39 5.272409106328018
40 3.343449677469974
41 4.385872673334536
42 3.9092619395755173
43 3.7650346803422914
44 2.1567438228499674
45 2.0366747627160295
46 3.648053699670375
47 5.516398794911284
48 4.082172391809253
49 3.3701493265585203
50 4.383851620643397
51 3.4581114814960467
52 4.0003765869095
53 2.8173012482763276
54 4.496012043023832
55 3.038084963049062
56 5.000308116715903
57 1.8033362929607972
58 4.999170109302861
59 4.784435921740276
60 4.4701771129384795
61 3.711774497307722
62 3.9603661172874274
63 2.5295083701943195
64 3.2738006041490264
65 3.0229743953327475
66 3.784365460427992
67 3.6583383573832196
68 3.0939301049910153
69 3.2141077295763
70 3.343449677469974
71 4.385872673334536
72 1.8740769062598994
73 1.1128052503425319
74 2.1567438228499674
75 2.0366747627160295
76 3.648053699670375
77 4.450088759820694
78 4.082172391809253
79 3.3701493265585203
80 3.3429798845356125
81 3.4581114814960467
82 4.0003765869095
83 2.8173012482763276
84 3.8750952068792976
85 3.038084963049062
86 3.370301515689862
87 1.8033362929607972
88 3.1151735301244834
89 4.1912997641773355
90 4.057874157057897
91 2.696479904486276
92 4.988202049775449
93 3.467555774437341
94 4.4993292808052745
95 3.1945237790423437
96 3.7012857853190213
97 3.0547778917948682
98 3.6414959112772065
99 3.8220442730310444
100 3.5890456757963807
101 1.9245481830732867
102 2.1561552213503044
103 2.91002090535873
104 3.090298646975934
105 4.164885037468693
106 3.8869517653372867
107 3.775080625045866
108 3.7595068834374388
109 4.842964339017767
110 4.749773666156395
111 2.825558079982291
112 2.2520498950242134
113 4.0129232478335055
114 4.512017693115352
115 4.732015989685991
116 3.727726619353799
117 5.448973058837872
118 4.647639665062988
119 4.0565454685832325
120 3.9443339078993445
121 2.696479904486276
122 3.9603661172874274
123 2.5295083701943195
124 3.2738006041490264
125 3.0229743953327475
126 3.7012857853190213
127 3.0547778917948682
128 3.0939301049910153
129 3.2141077295763
130 3.343449677469974
131 1.9245481830732867
132 1.8740769062598994
133 1.1128052503425319
134 2.1567438228499674
135 2.0366747627160295
136 3.648053699670375
137 3.775080625045866
138 3.7595068834374388
139 3.3701493265585203
140 3.3429798845356125
141 2.825558079982291
142 2.2520498950242134
143 2.8173012482763276
144 3.8750952068792976
145 3.038084963049062
146 3.370301515689862
147 1.8033362929607972
148 3.1151735301244834
149 4.0565454685832325
150 3.9443339078993445
151 1.5903722853373357
152 4.140948818626993
153 5.497765984694574
154 3.560503150623637
155 4.3511728320735354
156 1.957298060271301
157 5.161575325383215
158 4.6597101395949565
159 3.4277706523660942
160 4.986266166559386
161 2.6263229830730284
162 3.167197365009852
163 4.1354604582732755
164 5.196212283159182
165 4.734563367946413
166 4.0054621434339275
167 4.164645490954203
168 3.6772658387230726
169 2.853927358568625
170 2.0072525788023485
171 3.961768107592518
172 3.1593664722700177
173 5.018616812831333
174 3.982178160527541
175 4.812254095919991
176 5.0588452329367986
177 2.7304952439900725
178 5.2985388716850865
179 4.838877739367007
180 3.950868998474622
181 1.5903722853373357
182 3.9603661172874274
183 2.5295083701943195
184 3.2738006041490264
185 3.0229743953327475
186 1.957298060271301
187 3.0547778917948682
188 3.0939301049910153
189 3.2141077295763
190 3.343449677469974
191 1.9245481830732867
192 1.8740769062598994
193 1.1128052503425319
194 2.1567438228499674
195 2.0366747627160295
196 3.648053699670375
197 3.775080625045866
198 3.6772658387230726
199 2.853927358568625
200 2.0072525788023485
201 2.825558079982291
202 2.2520498950242134
203 2.8173012482763276
204 3.8750952068792976
205 3.038084963049062
206 3.370301515689862
207 1.8033362929607972
208 3.1151735301244834
209 4.0565454685832325
210 3.9443339078993445
211 3.087435767044182
212 5.654995648873047
213 3.9515144975460537
214 4.33380115127091
215 4.00716318504833
216 4.011082673973647
217 3.3117535777300935
218 3.1634551130156856
219 3.949387627243534
220 3.1351813904472223
221 3.4922656152986673
222 3.4977385226425692
223 2.8030772187704276
224 1.6351025096918956
225 4.312307029089046
226 2.7803487209884548
227 4.627512338240981
228 2.0285278871500205
229 2.685967278044756
230 2.796445084317684
231 3.401800199893958
232 3.820528066643872
233 2.728494561908458
234 3.957172659904726
235 4.144067591410687
236 4.275724825026847
237 3.247308692484958
238 3.5455396716171053
239 3.930749420944956
240 3.04437861995538
241 1.5903722853373357
242 3.9603661172874274
243 2.5295083701943195
244 3.2738006041490264
245 3.0229743953327475
246 1.957298060271301
247 3.0547778917948682
248 3.0939301049910153
249 3.2141077295763
250 3.1351813904472223
251 1.9245481830732867
252 1.8740769062598994
253 1.1128052503425319
254 1.6351025096918956
255 2.0366747627160295
256 2.7803487209884548
257 3.775080625045866
258 2.0285278871500205
259 2.685967278044756
260 2.0072525788023485
261 2.825558079982291
262 2.2520498950242134
263 2.728494561908458
264 3.8750952068792976
265 3.038084963049062
266 3.370301515689862
267 1.8033362929607972
268 3.1151735301244834
269 3.930749420944956
270 3.04437861995538
271 2.455387155746526
272 3.8924696682747273
273 4.207090545600176
274 4.304007494905066
275 4.936641018442031
276 4.2705669053602655
277 5.057736392771886
278 4.491360813204682
279 4.291319827297551
280 4.028818771396542
281 1.9535513145584567
282 5.493118512611323
283 3.6486773994837467
284 4.395551829142668
285 2.528880061158722
286 5.712087907245458
287 4.501849913129715
288 3.062113697266568
289 3.2615675720825807
290 3.131872979846537
291 3.711840823879424
292 3.6045156183008467
293 4.73935987785981
294 4.094463554259496
295 3.3435880653274497
296 3.4610919959412887
297 4.394943032708686
298 3.9942415231509445
299 3.100059482047027
300 2.4449053128185017
301 1.5903722853373357
302 3.8924696682747273
303 2.5295083701943195
304 3.2738006041490264
305 3.0229743953327475
306 1.957298060271301
307 3.0547778917948682
308 3.0939301049910153
309 3.2141077295763
310 3.1351813904472223
311 1.9245481830732867
312 1.8740769062598994
313 1.1128052503425319
314 1.6351025096918956
315 2.0366747627160295
316 2.7803487209884548
317 3.775080625045866
318 2.0285278871500205
319 2.685967278044756
320 2.0072525788023485
321 2.825558079982291
322 2.2520498950242134
323 2.728494561908458
324 3.8750952068792976
325 3.038084963049062
326 3.370301515689862
327 1.8033362929607972
328 3.1151735301244834
329 3.100059482047027
330 2.4449053128185017
331 4.27685850209601
332 3.6885058845894205
333 4.520385157365332
334 3.9978215669292045
335 3.8815421617339765
336 3.565112532702928
337 5.296212783256258
338 3.7503688553560552
339 2.7154108104253907
340 4.085348589606472
341 2.1295034767099876
342 2.9955389709026043
343 4.335590312677901
344 4.49531965195997
345 2.4772461945341666
346 4.630057434301275
347 3.7640957225256217
348 4.245372939427416
349 2.890013258558571
350 5.0522805585652355
351 4.297361807452073
352 2.845926327031095
353 3.8446667120217715
354 3.4257841519236965
355 4.998378771628202
356 2.4963698627747974
357 3.052941898947245
358 3.695153259291395
359 3.7702813426913737
360 4.028556389234385
361 1.5903722853373357
362 3.6885058845894205
363 2.5295083701943195
364 3.2738006041490264
365 3.0229743953327475
366 1.957298060271301
367 3.0547778917948682
368 3.0939301049910153
369 2.7154108104253907
370 3.1351813904472223
371 1.9245481830732867
372 1.8740769062598994
373 1.1128052503425319
374 1.6351025096918956
375 2.0366747627160295
376 2.7803487209884548
377 3.7640957225256217
378 2.0285278871500205
379 2.685967278044756
380 2.0072525788023485
381 2.825558079982291
382 2.2520498950242134
383 2.728494561908458
384 3.4257841519236965
385 3.038084963049062
386 2.4963698627747974
387 1.8033362929607972
388 3.1151735301244834
389 3.100059482047027
390 2.4449053128185017
391 4.714163527313085
392 3.8788334551637167
393 2.871931447412942
394 3.172164575556465
395 4.011273943934716
396 4.682374551916337
397 4.669364533702204
398 3.8459305799456196
399 3.1904065178101315
400 4.595423124869292
401 4.133810199329108
402 3.771241028537674
403 4.085324398718731
404 3.3762714609515725
405 2.80914920320087
406 3.9984117530179306
407 3.9006207830722395
408 3.6208439691845244
409 4.688082058775759
410 4.056647222565505
411 1.2346094267210586
412 2.3375237315683766
413 4.329465738228379
414 4.137888339492249
415 3.4731333935840514
416 2.4596189231173957
417 2.428481341402674
418 4.379844272191305
419 3.038929424302421
420 3.9501487418703363
421 1.5903722853373357
422 3.6885058845894205
423 2.5295083701943195
424 3.172164575556465
425 3.0229743953327475
426 1.957298060271301
427 3.0547778917948682
428 3.0939301049910153
429 2.7154108104253907
430 3.1351813904472223
431 1.9245481830732867
432 1.8740769062598994
433 1.1128052503425319
434 1.6351025096918956
435 2.0366747627160295
436 2.7803487209884548
437 3.7640957225256217
438 2.0285278871500205
439 2.685967278044756
440 2.0072525788023485
441 1.2346094267210586
442 2.2520498950242134
443 2.728494561908458
444 3.4257841519236965
445 3.038084963049062
446 2.4596189231173957
447 1.8033362929607972
448 3.1151735301244834
449 3.038929424302421
450 2.4449053128185017
451 3.1816813932273833
452 4.549651658633039
453 3.960610036120164
454 3.0482644567993393
455 4.482059930510709
456 3.6581958656230196
457 3.0735602206765353
458 3.749806766199226
459 3.370681414456495
460 4.59287943731176
461 3.2695422316207576
462 2.5164835382682242
463 4.6238696422088825
464 4.650699365630824
465 3.5282200322747626
466 3.18083365909357
467 3.998216037349007
468 1.7143067493305453
469 3.8581433435602834
470 3.6123983628496403
471 2.6905755256718553
472 4.447617017543296
473 4.537652427866592
474 2.7470202264097923
475 5.282533139202489
476 2.898161911598487
477 4.901275728922441
478 3.265804547066959
479 3.495951034489666
480 3.3237167615158327
481 1.5903722853373357
482 3.6885058845894205
483 2.5295083701943195
484 3.0482644567993393
485 3.0229743953327475
486 1.957298060271301
487 3.0547778917948682
488 3.0939301049910153
489 2.7154108104253907
490 3.1351813904472223
491 1.9245481830732867
492 1.8740769062598994
493 1.1128052503425319
494 1.6351025096918956
495 2.0366747627160295
496 2.7803487209884548
497 3.7640957225256217
498 1.7143067493305453
499 2.685967278044756
500 2.0072525788023485
501 1.2346094267210586
502 2.2520498950242134
503 2.728494561908458
504 2.7470202264097923
505 3.038084963049062
506 2.4596189231173957
507 1.8033362929607972
508 3.1151735301244834
509 3.038929424302421
510 2.4449053128185017
511 2.499289251506531
512 5.708721983327625
513 5.038302392176618
514 4.9585937771950945
515 2.3732186198238234
516 3.0918662857659323
517 3.182702473823562
518 2.823749513101643
519 4.338722041781422
520 4.625366956281889
521 3.2844504895006255
522 4.040434189333462
523 4.781234965845424
524 4.938797250518813
525 4.37776991460977
526 3.3364443325302404
527 4.157463674265304
528 5.003251660980089
529 3.557090068399088
530 3.7731872720422706
531 2.6894165732812283
532 2.3170240106744813
533 4.0807916313239225
534 4.557749591157174
535 4.503097299093079
536 3.2639531558230224
537 4.3180491716101725
538 4.330003876399294
539 3.7616824350104596
540 5.288947670613719
541 1.5903722853373357
542 3.6885058845894205
543 2.5295083701943195
544 3.0482644567993393
545 2.3732186198238234
546 1.957298060271301
547 3.0547778917948682
548 2.823749513101643
549 2.7154108104253907
550 3.1351813904472223
551 1.9245481830732867
552 1.8740769062598994
553 1.1128052503425319
554 1.6351025096918956
555 2.0366747627160295
556 2.7803487209884548
557 3.7640957225256217
558 1.7143067493305453
559 2.685967278044756
560 2.0072525788023485
561 1.2346094267210586
562 2.2520498950242134
563 2.728494561908458
564 2.7470202264097923
565 3.038084963049062
566 2.4596189231173957
567 1.8033362929607972
568 3.1151735301244834
569 3.038929424302421
570 2.4449053128185017
571 1.5684708580821534
572 4.629093552027067
573 3.719523623562085
574 4.710872051737996
575 3.844195683410824
576 3.298402949408043
577 3.3016659364133414
578 3.135482046791666
579 4.19717748837936
580 3.2066664584979083
581 3.31098518537784
582 3.676707471087777
583 5.461747210663649
584 3.7888453645866855
585 2.046710061760215
586 4.596854440726441
587 4.579039388916714
588 3.71793548995921
589 3.6018781006412572
590 4.71224160148481
591 4.887978494199505
592 3.7151548219643513
593 4.450411262181922
594 3.949649400488262
595 3.511816355232691
596 2.3270196281237028
597 4.468699960620292
598 5.085923489814206
599 4.7813060588838505
600 2.0738211998352107
601 1.5684708580821534
602 3.6885058845894205
603 2.5295083701943195
604 3.0482644567993393
605 2.3732186198238234
606 1.957298060271301
607 3.0547778917948682
608 2.823749513101643
609 2.7154108104253907
610 3.1351813904472223
611 1.9245481830732867
612 1.8740769062598994
613 1.1128052503425319
614 1.6351025096918956
615 2.0366747627160295
616 2.7803487209884548
617 3.7640957225256217
618 1.7143067493305453
619 2.685967278044756
620 2.0072525788023485
621 1.2346094267210586
622 2.2520498950242134
623 2.728494561908458
624 2.7470202264097923
625 3.038084963049062
626 2.3270196281237028
627 1.8033362929607972
628 3.1151735301244834
629 3.038929424302421
630 2.0738211998352107
631 5.039384941475099
632 3.342427090850242
633 4.770110113348391
634 2.4131619163541207
635 4.512716044254374
636 4.076182358591219
637 4.035186447970036
638 3.9225054214967874
639 2.739446556108308
640 4.4536564263002845
641 3.2470544723800012
642 3.389768767403453
643 2.812204185301882
644 5.467664542664439
645 3.0957650346757815
646 2.33375230362804
647 3.184092413475537
648 4.071017306411193
649 2.610466112280577
650 3.509848681004549
651 5.2725239774019546
652 4.9780143909228896
653 4.210280427847286
654 4.525651671943182
655 3.7600921970993912
656 3.570588353401207
657 2.743971079327375
658 3.012543874663895
659 3.000774659719558
660 2.827466045764208
661 1.5684708580821534
662 3.342427090850242
663 2.5295083701943195
664 2.4131619163541207
665 2.3732186198238234
666 1.957298060271301
667 3.0547778917948682
668 2.823749513101643
669 2.7154108104253907
670 3.1351813904472223
671 1.9245481830732867
672 1.8740769062598994
673 1.1128052503425319
674 1.6351025096918956
675 2.0366747627160295
676 2.33375230362804
677 3.184092413475537
678 1.7143067493305453
679 2.610466112280577
680 2.0072525788023485
681 1.2346094267210586
682 2.2520498950242134
683 2.728494561908458
684 2.7470202264097923
685 3.038084963049062
686 2.3270196281237028
687 1.8033362929607972
688 3.012543874663895
689 3.000774659719558
690 2.0738211998352107
691 3.658309346037193
692 3.368744059444317
693 2.902973110351544
694 2.5784865672651343
695 2.8378762415597247
696 2.7158023499111144
697 3.4994385454294075
698 3.75247012313604
699 3.7791474087774724
700 4.392522738849127
701 4.926941766568747
702 2.7746663573486234
703 5.339071002371869
704 4.056792572197694
705 3.5074887856897092
706 3.723219786553274
707 4.0469113390872
708 2.6018196873851585
709 3.514968560895343
710 4.0817547215552485
711 5.147191595698489
712 3.572920479517305
713 3.0044519287257843
714 4.018522337872661
715 3.8247840144415832
716 4.026045081084265
717 3.4711609654140716
718 3.907954946952655
719 4.498329582484359
720 2.54286779621708
721 1.5684708580821534
722 3.342427090850242
723 2.5295083701943195
724 2.4131619163541207
725 2.3732186198238234
726 1.957298060271301
727 3.0547778917948682
728 2.823749513101643
729 2.7154108104253907
730 3.1351813904472223
731 1.9245481830732867
732 1.8740769062598994
733 1.1128052503425319
734 1.6351025096918956
735 2.0366747627160295
736 2.33375230362804
737 3.184092413475537
738 1.7143067493305453
739 2.610466112280577
740 2.0072525788023485
741 1.2346094267210586
742 2.2520498950242134
743 2.728494561908458
744 2.7470202264097923
745 3.038084963049062
746 2.3270196281237028
747 1.8033362929607972
748 3.012543874663895
749 3.000774659719558
750 2.0738211998352107
751 4.071563445325271
752 3.7116641635037655
753 3.039940570389809
754 5.1560467570088395
755 4.3071836180634655
756 5.339902596003754
757 3.900048810248967
758 4.498558940430797
759 3.5424839756680946
760 5.122539226078723
761 4.974525506130665
762 2.6714481790906954
763 3.4633100305841933
764 4.701713997955059
765 4.281014275654254
766 3.0559904870687826
767 3.540223585837911
768 3.0215054405295705
769 5.120761671285465
770 4.3398441963964025
771 5.572788871302329
772 3.987805409339222
773 5.2592117536217415
774 3.4184987226799524
775 3.862445217866565
776 2.5149472360333625
777 4.189272690492197
778 4.212853869243638
779 2.7413476499510776
780 2.7798141114373913
781 1.5684708580821534
782 3.342427090850242
783 2.5295083701943195
784 2.4131619163541207
785 2.3732186198238234
786 1.957298060271301
787 3.0547778917948682
788 2.823749513101643
789 2.7154108104253907
790 3.1351813904472223
791 1.9245481830732867
792 1.8740769062598994
793 1.1128052503425319
794 1.6351025096918956
795 2.0366747627160295
796 2.33375230362804
797 3.184092413475537
798 1.7143067493305453
799 2.610466112280577
800 2.0072525788023485
801 1.2346094267210586
802 2.2520498950242134
803 2.728494561908458
804 2.7470202264097923
805 3.038084963049062
806 2.3270196281237028
807 1.8033362929607972
808 3.012543874663895
809 2.7413476499510776
810 2.0738211998352107
811 2.7188954424975162
812 5.026846865437134
813 3.3611036855288994
814 4.596722034961916
815 3.20597833872833
816 3.7809842612176126
817 2.266867467105895
818 5.176575350852012
819 4.172451650069987
820 3.689619551644183
821 4.441476670911514
822 2.822634177547799
823 4.091126940598642
824 4.381899630021169
825 5.010869733682398
826 3.908254494270516
827 4.258976166364345
828 4.442320037427285
829 2.861876402384258
830 3.077285265442658
831 3.5395636406814575
832 3.939000597120834
833 5.728786424883766
834 3.2172623372248883
835 4.2003813960849685
836 3.0012402729910974
837 3.6010419356165553
838 2.7480654225901926
839 3.800306725106629
840 5.004244384614868
841 1.5684708580821534
842 3.342427090850242
843 2.5295083701943195
844 2.4131619163541207
845 2.3732186198238234
846 1.957298060271301
847 2.266867467105895
848 2.823749513101643
849 2.7154108104253907
850 3.1351813904472223
851 1.9245481830732867
852 1.8740769062598994
853 1.1128052503425319
854 1.6351025096918956
855 2.0366747627160295
856 2.33375230362804
857 3.184092413475537
858 1.7143067493305453
859 2.610466112280577
860 2.0072525788023485
861 1.2346094267210586
862 2.2520498950242134
863 2.728494561908458
864 2.7470202264097923
865 3.038084963049062
866 2.3270196281237028
867 1.8033362929607972
868 2.7480654225901926
869 2.7413476499510776
870 2.0738211998352107
871 4.204666713527743
872 2.739016187542051
873 3.3929347452844887
874 1.1232520270517474
875 3.9863839121089226
876 5.690469698382312
877 4.294542549781519
878 3.721001424521576
879 2.8595014160729653
880 2.5636636593699613
881 2.225032772016632
882 4.234515281833795
883 3.8848863155637234
884 4.4207458800674795
885 3.948507521389456
886 4.2181505311732135
887 5.408038286785922
888 3.6765877139860352
889 5.054661195909901
890 2.9958407607194766
891 3.629765391095898
892 3.315546498334007
893 4.030525043108936
894 4.340367693561859
895 3.4325915655895143
896 3.396877789917861
897 2.865441995966161
898 1.701588166842797
899 3.697239370197396
900 2.122604176726397
901 1.5684708580821534
902 2.739016187542051
903 2.5295083701943195
904 1.1232520270517474
905 2.3732186198238234
906 1.957298060271301
907 2.266867467105895
908 2.823749513101643
909 2.7154108104253907
910 2.5636636593699613
911 1.9245481830732867
912 1.8740769062598994
913 1.1128052503425319
914 1.6351025096918956
915 2.0366747627160295
916 2.33375230362804
917 3.184092413475537
918 1.7143067493305453
919 2.610466112280577
920 2.0072525788023485
921 1.2346094267210586
922 2.2520498950242134
923 2.728494561908458
924 2.7470202264097923
925 3.038084963049062
926 2.3270196281237028
927 1.8033362929607972
928 1.701588166842797
929 2.7413476499510776
930 2.0738211998352107
931 4.662555467734652
932 3.0099414698406033
933 2.5414792842071345
934 4.229257632124362
935 2.727982037513799
936 4.689696383282506
937 3.066782745420795
938 4.844547861601455
939 4.1272335954394554
940 3.0421730120785435
941 3.8952921427971328
942 3.250110542896637
943 2.9237528947247444
944 4.1955686989694785
945 4.1316359801469495
946 3.0079220825046447
947 1.965959454735374
948 3.718745760432422
949 2.8950224388309422
950 3.4482924479948096
951 3.304441298378382
952 3.9948444266425898
953 2.863896953608983
954 5.897265849043943
955 3.45548979086334
956 3.7801086995935256
957 3.406370753059697
958 3.394705263600324
959 4.156203641588618
960 3.5182371506038677
961 1.5684708580821534
962 2.739016187542051
963 2.5295083701943195
964 1.1232520270517474
965 2.3732186198238234
966 1.957298060271301
967 2.266867467105895
968 2.823749513101643
969 2.7154108104253907
970 2.5636636593699613
971 1.9245481830732867
972 1.8740769062598994
973 1.1128052503425319
974 1.6351025096918956
975 2.0366747627160295
976 2.33375230362804
977 1.965959454735374
978 1.7143067493305453
979 2.610466112280577
980 2.0072525788023485
981 1.2346094267210586
982 2.2520498950242134
983 2.728494561908458
984 2.7470202264097923
985 3.038084963049062
986 2.3270196281237028
987 1.8033362929607972
988 1.701588166842797
989 2.7413476499510776
990 2.0738211998352107
evaluations raw_y
1 3.3653270873470484
2 4.674522914506557
3 6.208449597610435
4 3.2974697406699187
5 5.468389644542633
6 3.7567428275045893
7 5.273644051941686
8 2.3140399571027412
9 3.1293494613866146
10 2.976032247344915
11 3.7026591879723663
12 4.869726086722576
13 3.504411942139939
14 3.9560390235425826
15 3.954726300060768
16 3.5420319614369014
17 3.7631539635441538
18 5.660290801637915
19 2.989273987068339
20 3.4522293705786296
21 3.684693114358438
22 3.4080364993604935
23 3.4317391120412015
24 4.850624604360307
25 4.684106081174444
26 3.614678235719181
27 3.1963553374300915
28 3.3066474033879727
29 3.172323583943595
30 4.621440221809833
31 4.689747273177762
32 4.45368992936999
33 5.8010000615226565
34 2.8616155561018477
35 3.174739796944003
36 3.8514829876684633
37 5.409335258806017
38 2.6781511172826504
39 4.561391964267543
40 2.6139948062754397
41 4.2184891555064254
42 4.100455732628158
43 4.495358188025377
44 4.6253407648738225
45 3.499844259434525
46 5.3659263384357025
47 3.3683090292770217
48 5.265444100690191
49 5.728407903842129
50 4.729470962828595
51 4.65791889563914
52 4.906869657212715
53 4.9032230517034145
54 3.113976212747941
55 3.765124631971973
56 3.92173056260574
57 4.770286692951415
58 4.920188111052319
59 2.9408677332905864
60 4.986081017222164
61 3.3653270873470484
62 4.45368992936999
63 5.8010000615226565
64 2.8616155561018477
65 3.174739796944003
66 3.7567428275045893
67 5.273644051941686
68 2.3140399571027412
69 3.1293494613866146
70 2.6139948062754397
71 3.7026591879723663
72 4.100455732628158
73 3.504411942139939
74 3.9560390235425826
75 3.499844259434525
76 3.5420319614369014
77 3.3683090292770217
78 5.265444100690191
79 2.989273987068339
80 3.4522293705786296
81 3.684693114358438
82 3.4080364993604935
83 3.4317391120412015
84 3.113976212747941
85 3.765124631971973
86 3.614678235719181
87 3.1963553374300915
88 3.3066474033879727
89 2.9408677332905864
90 4.621440221809833
91 4.4923401191041545
92 4.248860243327418
93 4.131505099837321
94 4.581191365937043
95 3.1467796170458646
96 4.758594284654748
97 3.8367920091378225
98 3.2549505597844375
99 2.678302873503785
100 4.47421801380944
101 2.8160804468752216
102 3.913213594946221
103 2.420448310278847
104 2.6146986502172065
105 3.5136251872848963
106 5.100885450295037
107 5.015674649099589
108 4.663585113358399
109 3.1541666114778257
110 3.6974733404715794
111 2.9704385498367385
112 5.261974605385436
113 3.4161675691743767
114 3.4154683205123533
115 3.453635775405577
116 4.294989220859201
117 1.4020718903296712
118 3.7424928750577484
119 4.321012034806513
120 4.785050845357338
121 3.3653270873470484
122 4.248860243327418
123 4.131505099837321
124 2.8616155561018477
125 3.1467796170458646
126 3.7567428275045893
127 3.8367920091378225
128 2.3140399571027412
129 2.678302873503785
130 2.6139948062754397
131 2.8160804468752216
132 3.913213594946221
133 2.420448310278847
134 2.6146986502172065
135 3.499844259434525
136 3.5420319614369014
137 3.3683090292770217
138 4.663585113358399
139 2.989273987068339
140 3.4522293705786296
141 2.9704385498367385
142 3.4080364993604935
143 3.4161675691743767
144 3.113976212747941
145 3.453635775405577
146 3.614678235719181
147 1.4020718903296712
148 3.3066474033879727
149 2.9408677332905864
150 4.621440221809833
151 2.3419718918429377
152 4.911403374638253
153 4.008460037720693
154 3.5780273331109944
155 5.629896184917466
156 4.4331661724336655
157 3.27265209993228
158 3.246073018226369
159 4.2075729065951935
160 2.1742897151890173
161 4.482342155483047
162 4.384525935189295
163 5.625252954502601
164 3.8036618460222926
165 2.4094736280276106
166 4.2066126402556385
167 3.5122062016633926
168 5.787014803246276
169 3.221018969907015
170 3.9862296070439656
171 4.476492993333251
172 4.557544722264399
173 4.668734531456466
174 4.873459881122754
175 6.223717519953139
176 3.802056175540129
177 4.200174011314657
178 3.7404551569240305
179 3.8153090763133877
180 3.4637486264948576
181 2.3419718918429377
182 4.248860243327418
183 4.008460037720693
184 2.8616155561018477
185 3.1467796170458646
186 3.7567428275045893
187 3.27265209993228
188 2.3140399571027412
189 2.678302873503785
190 2.1742897151890173
191 2.8160804468752216
192 3.913213594946221
193 2.420448310278847
194 2.6146986502172065
195 2.4094736280276106
196 3.5420319614369014
197 3.3683090292770217
198 4.663585113358399
199 2.989273987068339
200 3.4522293705786296
201 2.9704385498367385
202 3.4080364993604935
203 3.4161675691743767
204 3.113976212747941
205 3.453635775405577
206 3.614678235719181
207 1.4020718903296712
208 3.3066474033879727
209 2.9408677332905864
210 3.4637486264948576
211 3.39690739561811
212 3.943785515221046
213 5.63259313531764
214 2.006248871003374
215 4.1430300166985266
216 4.389216563117311
217 4.84904030935618
218 4.586368566223243
219 3.6124265493058503
220 3.379741760902972
221 4.5174121940387355
222 3.427356506566466
223 3.732132125662626
224 2.1520493721210157
225 4.592426142866324
226 4.373853408702002
227 4.563868355231212
228 3.8683515371301347
229 4.141983105473345
230 4.257014873442237
231 4.0266406928508465
232 3.122327614621991
233 4.996310829434844
234 2.4569168767885987
235 2.679172591128186
236 4.341680906275572
237 4.830803707297916
238 3.2856548086028132
239 4.01905997194579
240 4.725750306933412
241 2.3419718918429377
242 3.943785515221046
243 4.008460037720693
244 2.006248871003374
245 3.1467796170458646
246 3.7567428275045893
247 3.27265209993228
248 2.3140399571027412
249 2.678302873503785
250 2.1742897151890173
251 2.8160804468752216
252 3.427356506566466
253 2.420448310278847
254 2.1520493721210157
255 2.4094736280276106
256 3.5420319614369014
257 3.3683090292770217
258 3.8683515371301347
259 2.989273987068339
260 3.4522293705786296
261 2.9704385498367385
262 3.122327614621991
263 3.4161675691743767
264 2.4569168767885987
265 2.679172591128186
266 3.614678235719181
267 1.4020718903296712
268 3.2856548086028132
269 2.9408677332905864
270 3.4637486264948576
271 2.719722659975768
272 3.9683029006084745
273 4.546282831971924
274 2.3650511183468286
275 3.335930923492115
276 3.6112377407033907
277 4.708351826227287
278 3.470822139515959
279 4.646697544627899
280 2.5423032334521145
281 3.1391941943987867
282 4.713297407936045
283 3.8217318763547867
284 4.388027046363458
285 4.787952826684016
286 4.9033461824267
287 1.055521859120857
288 3.3190882392294174
289 5.1158568938731666
290 5.082825977755025
291 4.731455668834306
292 5.354960921390437
293 5.10345621868607
294 4.646650859099127
295 2.816817051251675
296 5.49323523048206
297 5.541886723782429
298 3.1134323329479923
299 4.469870966245716
300 5.493072129221615
301 2.3419718918429377
302 3.943785515221046
303 4.008460037720693
304 2.006248871003374
305 3.1467796170458646
306 3.6112377407033907
307 3.27265209993228
308 2.3140399571027412
309 2.678302873503785
310 2.1742897151890173
311 2.8160804468752216
312 3.427356506566466
313 2.420448310278847
314 2.1520493721210157
315 2.4094736280276106
316 3.5420319614369014
317 1.055521859120857
318 3.3190882392294174
319 2.989273987068339
320 3.4522293705786296
321 2.9704385498367385
322 3.122327614621991
323 3.4161675691743767
324 2.4569168767885987
325 2.679172591128186
326 3.614678235719181
327 1.4020718903296712
328 3.1134323329479923
329 2.9408677332905864
330 3.4637486264948576
331 3.883483776445112
332 4.9458645769946585
333 5.498691222747161
334 4.416591310095951
335 4.6379570281527895
336 4.141882644637673
337 4.0895167045464955
338 2.544079529505157
339 3.637794962540275
340 2.8278529822514398
341 4.712159681019844
342 4.885986648523222
343 3.9516834651618495
344 3.740953173997248
345 3.2477959157371394
346 2.775315338014382
347 4.464087987159042
348 4.59538755925976
349 3.210879138143146
350 4.568919848681535
351 4.453999632644063
352 2.497611937675824
353 2.936217884663086
354 4.2390879147714955
355 3.137302599523139
356 4.025429816588876
357 3.532323583602586
358 3.419129190347543
359 5.499935342391328
360 3.1331808853278056
361 2.3419718918429377
362 3.943785515221046
363 4.008460037720693
364 2.006248871003374
365 3.1467796170458646
366 3.6112377407033907
367 3.27265209993228
368 2.3140399571027412
369 2.678302873503785
370 2.1742897151890173
371 2.8160804468752216
372 3.427356506566466
373 2.420448310278847
374 2.1520493721210157
375 2.4094736280276106
376 2.775315338014382
377 1.055521859120857
378 3.3190882392294174
379 2.989273987068339
380 3.4522293705786296
381 2.9704385498367385
382 2.497611937675824
383 2.936217884663086
384 2.4569168767885987
385 2.679172591128186
386 3.614678235719181
387 1.4020718903296712
388 3.1134323329479923
389 2.9408677332905864
390 3.1331808853278056
391 4.157929056411259
392 3.994586158777403
393 4.818364484410018
394 4.481926893359014
395 5.095750133091538
396 5.289661238729867
397 5.265603281733359
398 4.658527871306607
399 4.345360199826019
400 3.478980952261286
401 4.2730146197666885
402 5.372467651277132
403 4.777487551496893
404 3.883457981094456
405 3.45121100514561
406 4.649729939710886
407 2.906844148347949
408 3.5916020247714866
409 5.155340216089167
410 4.536021245831264
411 3.913261601340522
412 3.3122562132671707
413 3.6070271045718973
414 3.853829304792133
415 4.928005302605508
416 3.4009737908609416
417 3.908785690493456
418 4.862954783453665
419 4.6349320257702
420 4.792500256084109
421 2.3419718918429377
422 3.943785515221046
423 4.008460037720693
424 2.006248871003374
425 3.1467796170458646
426 3.6112377407033907
427 3.27265209993228
428 2.3140399571027412
429 2.678302873503785
430 2.1742897151890173
431 2.8160804468752216
432 3.427356506566466
433 2.420448310278847
434 2.1520493721210157
435 2.4094736280276106
436 2.775315338014382
437 1.055521859120857
438 3.3190882392294174
439 2.989273987068339
440 3.4522293705786296
441 2.9704385498367385
442 2.497611937675824
443 2.936217884663086
444 2.4569168767885987
445 2.679172591128186
446 3.4009737908609416
447 1.4020718903296712
448 3.1134323329479923
449 2.9408677332905864
450 3.1331808853278056
451 2.5984557729180304
452 3.640070426209168
453 4.793725916766057
454 3.949206794080512
455 3.8674264257107582
456 4.324071793234591
457 3.4472067019141828
458 4.541885089680667
459 4.841420537656616
460 2.715567767548776
461 3.4695077311004656
462 5.420212197430088
463 2.920038109286695
464 2.975412820801565
465 5.8541248146385465
466 3.0190800613736686
467 3.915066237144227
468 3.6770787084170014
469 5.392653479865519
470 3.8459062748081747
471 3.4533720163397894
472 3.8563978045794487
473 3.208787733876081
474 4.334390974731668
475 3.7076505166616758
476 4.430206924090593
477 2.231147273239472
478 3.868157394146795
479 4.242770498497514
480 2.9562983370628926
481 2.3419718918429377
482 3.640070426209168
483 4.008460037720693
484 2.006248871003374
485 3.1467796170458646
486 3.6112377407033907
487 3.27265209993228
488 2.3140399571027412
489 2.678302873503785
490 2.1742897151890173
491 2.8160804468752216
492 3.427356506566466
493 2.420448310278847
494 2.1520493721210157
495 2.4094736280276106
496 2.775315338014382
497 1.055521859120857
498 3.3190882392294174
499 2.989273987068339
500 3.4522293705786296
501 2.9704385498367385
502 2.497611937675824
503 2.936217884663086
504 2.4569168767885987
505 2.679172591128186
506 3.4009737908609416
507 1.4020718903296712
508 3.1134323329479923
509 2.9408677332905864
510 2.9562983370628926
511 5.0689586380283425
512 2.1428946852299706
513 2.8083989001225182
514 4.344748938677248
515 5.031328370236871
516 5.13478264258587
517 3.638486959783177
518 3.193718381765878
519 4.194674872838699
520 3.99944358101069
521 3.374718561509071
522 3.871294688006886
523 3.2790247455694286
524 2.5351026089075774
525 5.648629487234266
526 3.6009079671017066
527 5.167654910780927
528 4.984536251016303
529 4.360897420169694
530 5.549144324154315
531 3.887021225839116
532 4.487086766117105
533 5.2854622266515525
534 1.7829999271396975
535 3.972193408726705
536 4.319747168666401
537 4.361265343518044
538 4.619462011076793
539 4.4132476325498065
540 4.906107969008759
541 2.3419718918429377
542 2.1428946852299706
543 2.8083989001225182
544 2.006248871003374
545 3.1467796170458646
546 3.6112377407033907
547 3.27265209993228
548 2.3140399571027412
549 2.678302873503785
550 2.1742897151890173
551 2.8160804468752216
552 3.427356506566466
553 2.420448310278847
554 2.1520493721210157
555 2.4094736280276106
556 2.775315338014382
557 1.055521859120857
558 3.3190882392294174
559 2.989273987068339
560 3.4522293705786296
561 2.9704385498367385
562 2.497611937675824
563 2.936217884663086
564 1.7829999271396975
565 2.679172591128186
566 3.4009737908609416
567 1.4020718903296712
568 3.1134323329479923
569 2.9408677332905864
570 2.9562983370628926
571 4.353871091777131
572 4.0831733287542535
573 6.440229137066565
574 3.935789950641638
575 3.3138398071869792
576 4.633725407240888
577 4.774559883633691
578 4.502471040468829
579 3.33352843784903
580 3.8077420659034917
581 4.016803555947295
582 3.9971370807132853
583 1.7603994244577579
584 4.035728427937977
585 2.4754196225155525
586 3.915458398802275
587 2.1822421068168936
588 2.775820846889874
589 4.441039837251644
590 4.5697301637657635
591 3.337973259449188
592 4.429321971852788
593 2.939697874695235
594 2.810044162973017
595 5.217967355064073
596 4.434410286719498
597 4.035881324550622
598 2.8731525692179067
599 4.510902218178908
600 3.654639455335629
601 2.3419718918429377
602 2.1428946852299706
603 2.8083989001225182
604 2.006248871003374
605 3.1467796170458646
606 3.6112377407033907
607 3.27265209993228
608 2.3140399571027412
609 2.678302873503785
610 2.1742897151890173
611 2.8160804468752216
612 3.427356506566466
613 1.7603994244577579
614 2.1520493721210157
615 2.4094736280276106
616 2.775315338014382
617 1.055521859120857
618 2.775820846889874
619 2.989273987068339
620 3.4522293705786296
621 2.9704385498367385
622 2.497611937675824
623 2.936217884663086
624 1.7829999271396975
625 2.679172591128186
626 3.4009737908609416
627 1.4020718903296712
628 2.8731525692179067
629 2.9408677332905864
630 2.9562983370628926
631 4.1251842957600084
632 3.699740089413596
633 4.164353331000871
634 3.847399493195243
635 4.429696002597055
636 4.586432761507657
637 4.712868362074516
638 4.330092537642194
639 4.858459063328739
640 5.181797199587384
641 4.436394998221855
642 5.572681723413778
643 3.253002435775802
644 3.2752775003895516
645 3.791347923617469
646 4.561236936212337
647 2.449550386339945
648 2.3644245748645325
649 3.194777975057534
650 4.131734004841939
651 3.0834447468302635
652 3.457731118389876
653 3.4184397652757
654 3.6567585430445733
655 3.2794436923991883
656 2.5810981052267987
657 3.9311820382658373
658 3.2743454819309816
659 4.419670207258635
660 4.779207635131885
661 2.3419718918429377
662 2.1428946852299706
663 2.8083989001225182
664 2.006248871003374
665 3.1467796170458646
666 3.6112377407033907
667 3.27265209993228
668 2.3140399571027412
669 2.678302873503785
670 2.1742897151890173
671 2.8160804468752216
672 3.427356506566466
673 1.7603994244577579
674 2.1520493721210157
675 2.4094736280276106
676 2.775315338014382
677 1.055521859120857
678 2.3644245748645325
679 2.989273987068339
680 3.4522293705786296
681 2.9704385498367385
682 2.497611937675824
683 2.936217884663086
684 1.7829999271396975
685 2.679172591128186
686 2.5810981052267987
687 1.4020718903296712
688 2.8731525692179067
689 2.9408677332905864
690 2.9562983370628926
691 4.117780890611467
692 4.3210648769362505
693 4.240518245524509
694 3.4406801855820373
695 3.4269862290227775
696 3.110992105175564
697 4.7864633499601865
698 5.644214267227778
699 3.645399289955711
700 4.404565286754761
701 4.067316515452636
702 2.744824253336687
703 2.8976077165816214
704 4.218186207863817
705 4.812971516415956
706 2.9821103163133493
707 4.38916819712495
708 4.216138130614814
709 3.6626116907667825
710 3.5395177590175075
711 4.96569230845655
712 4.563317227981798
713 3.6513057002993663
714 2.9206251283088758
715 2.4524482960587437
716 5.605902889682719
717 3.736978587264696
718 4.719960374115472
719 3.3063432891752367
720 2.0561293295429426
721 2.3419718918429377
722 2.1428946852299706
723 2.8083989001225182
724 2.006248871003374
725 3.1467796170458646
726 3.110992105175564
727 3.27265209993228
728 2.3140399571027412
729 2.678302873503785
730 2.1742897151890173
731 2.8160804468752216
732 2.744824253336687
733 1.7603994244577579
734 2.1520493721210157
735 2.4094736280276106
736 2.775315338014382
737 1.055521859120857
738 2.3644245748645325
739 2.989273987068339
740 3.4522293705786296
741 2.9704385498367385
742 2.497611937675824
743 2.936217884663086
744 1.7829999271396975
745 2.4524482960587437
746 2.5810981052267987
747 1.4020718903296712
748 2.8731525692179067
749 2.9408677332905864
750 2.0561293295429426
751 4.490634668053461
752 2.8007186416659082
753 2.441217669030224
754 4.774939464212403
755 4.4357714772758365
756 2.8449824316256653
757 3.7714686370663753
758 2.267755539841369
759 4.643099344844736
760 3.0026460508030928
761 3.6460446731826144
762 4.0497979771749995
763 2.590095751691418
764 3.9337265070855842
765 3.8606343359771556
766 5.366134907419769
767 2.89151615509413
768 3.114320704546273
769 3.280569784002111
770 3.291550504061825
771 3.8119534294850284
772 2.992582149174795
773 3.333134256280372
774 2.901031375381914
775 3.5282904758213376
776 3.7122254359721136
777 3.7294815593618886
778 4.848918466011133
779 2.958382112240965
780 4.961769684013677
781 2.3419718918429377
782 2.1428946852299706
783 2.441217669030224
784 2.006248871003374
785 3.1467796170458646
786 2.8449824316256653
787 3.27265209993228
788 2.267755539841369
789 2.678302873503785
790 2.1742897151890173
791 2.8160804468752216
792 2.744824253336687
793 1.7603994244577579
794 2.1520493721210157
795 2.4094736280276106
796 2.775315338014382
797 1.055521859120857
798 2.3644245748645325
799 2.989273987068339
800 3.291550504061825
801 2.9704385498367385
802 2.497611937675824
803 2.936217884663086
804 1.7829999271396975
805 2.4524482960587437
806 2.5810981052267987
807 1.4020718903296712
808 2.8731525692179067
809 2.9408677332905864
810 2.0561293295429426
811 3.8066262088211076
812 3.3590432677956157
813 3.087774351609359
814 4.9155165043230316
815 3.3944899854757526
816 3.503622159841662
817 3.9220939949473292
818 3.2764620000417004
819 2.9146126804712047
820 3.730623818505947
821 5.340306059516372
822 2.1405858638944384
823 3.7951025841347477
824 2.9097709138686656
825 5.369543086643434
826 4.9519317087793375
827 4.860298910423371
828 3.448414732802291
829 2.7871692961352275
830 3.7231225526782135
831 4.862292053812379
832 3.679732115498933
833 3.4587219003726375
834 4.785964504194045
835 5.018104042632697
836 2.8313503717095276
837 3.9244901640768197
838 4.135212577986728
839 4.748391067773608
840 3.238053577722214
841 2.3419718918429377
842 2.1428946852299706
843 2.441217669030224
844 2.006248871003374
845 3.1467796170458646
846 2.8449824316256653
847 3.27265209993228
848 2.267755539841369
849 2.678302873503785
850 2.1742897151890173
851 2.8160804468752216
852 2.1405858638944384
853 1.7603994244577579
854 2.1520493721210157
855 2.4094736280276106
856 2.775315338014382
857 1.055521859120857
858 2.3644245748645325
859 2.7871692961352275
860 3.291550504061825
861 2.9704385498367385
862 2.497611937675824
863 2.936217884663086
864 1.7829999271396975
865 2.4524482960587437
866 2.5810981052267987
867 1.4020718903296712
868 2.8731525692179067
869 2.9408677332905864
870 2.0561293295429426
871 2.868457678333429
872 2.3639302046869926
873 2.1389893802031392
874 3.1798876771477893
875 5.064551691156378
876 3.5549076463579667
877 2.7059033388777864
878 4.8185858484829165
879 3.9718111556166336
880 1.4392228040116275
881 5.989087355363145
882 5.573040611138903
883 3.7000237781747916
884 4.117651121203237
885 3.8081955510914285
886 2.8300109489716054
887 4.085611728446841
888 4.224561822020811
889 3.1339046815272438
890 4.163916387428107
891 4.361812056304591
892 3.774782151615873
893 3.6653102236776505
894 3.315719442797107
895 5.35996147934128
896 3.184754856767916
897 2.623173557751586
898 4.104108344659147
899 3.618171069155546
900 4.739004070363302
901 2.3419718918429377
902 2.1428946852299706
903 2.1389893802031392
904 2.006248871003374
905 3.1467796170458646
906 2.8449824316256653
907 2.7059033388777864
908 2.267755539841369
909 2.678302873503785
910 1.4392228040116275
911 2.8160804468752216
912 2.1405858638944384
913 1.7603994244577579
914 2.1520493721210157
915 2.4094736280276106
916 2.775315338014382
917 1.055521859120857
918 2.3644245748645325
919 2.7871692961352275
920 3.291550504061825
921 2.9704385498367385
922 2.497611937675824
923 2.936217884663086
924 1.7829999271396975
925 2.4524482960587437
926 2.5810981052267987
927 1.4020718903296712
928 2.8731525692179067
929 2.9408677332905864
930 2.0561293295429426
931 2.8614556029176237
932 3.258437865022917
933 4.4881236897106485
934 5.373224205810695
935 3.6543539894488557
936 3.9743496518885406
937 3.352116147780463
938 3.514965855069462
939 3.869468283927677
940 3.417169256721717
941 4.025015875203469
942 2.423986592709891
943 2.930709786181025
944 4.236548915244816
945 4.24733942685447
946 4.3974332812795565
947 3.8924085520739538
948 2.9549301952266864
949 4.116032129074332
950 3.2556895700718496
951 4.025978997446879
952 3.380589939000645
953 2.941704659827924
954 5.804967185374056
955 3.578638525401261
956 4.6427041589877245
957 5.380879399707704
958 3.5267096071283515
959 5.640015639688771
960 4.136942274205814
961 2.3419718918429377
962 2.1428946852299706
963 2.1389893802031392
964 2.006248871003374
965 3.1467796170458646
966 2.8449824316256653
967 2.7059033388777864
968 2.267755539841369
969 2.678302873503785
970 1.4392228040116275
971 2.8160804468752216
972 2.1405858638944384
973 1.7603994244577579
974 2.1520493721210157
975 2.4094736280276106
976 2.775315338014382
977 1.055521859120857
978 2.3644245748645325
979 2.7871692961352275
980 3.2556895700718496
981 2.9704385498367385
982 2.497611937675824
983 2.936217884663086
984 1.7829999271396975
985 2.4524482960587437
986 2.5810981052267987
987 1.4020718903296712
988 2.8731525692179067
989 2.9408677332905864
990 2.0561293295429426
