{
	"version": "0.3.14", 
	"suite": "unknown_suite", 
	"function_id": 16, 
	"function_name": "Weierstrass", 
	"maximization": false, 
	"algorithm": {"name": "DE", "info": "algorithm_info"},
	"attributes": ["evaluations", "raw_y"],
	"scenarios": [
		{"dimension": 23,
		"path": "data_f16_Weierstrass/IOHprofiler_f16_DIM23.dat",
		"runs": [
			{"instance": 0, "evals": 2301, "best": {"evals": 658, "y": 25.08985619012971, "x": [3.8110144702936344, 3.844369792380464, -4.095154932543103, -2.9565290092355445, 1.8288099792500532, 1.8250379212065746, -2.7824305129028524, -3.722707993495651, -3.3119301532665957, -2.4989118728394963, 2.990720173879181, 2.2268861474011903, -0.5696997176993208, -0.7451970579578271, -4.032661885497697, 4.782752651992933, -3.7141193313263394, 4.261699457418958, -3.4797334040176087, -1.9022463833249126, -3.2106598828990403, -1.0240919163123543, -1.0135777635430965]}},
			{"instance": 0, "evals": 2301, "best": {"evals": 50, "y": 34.079008604320535, "x": [-3.883496666549162, 0.5248979361881831, 2.2430406231529023, 0.33249503508763745, 1.9976169557129495, -0.014938691923651604, -2.3310309961285314, 1.6006955392811335, 1.4288128811128322, 3.417467662192747, -2.7198184473300726, -4.445647371445093, -4.862650597276978, -1.7626520552899705, -4.428747161422525, 2.626075681000578, -3.187550132670829, 4.826373500836711, -0.32249227266562297, 2.2664178824973904, 1.601611182027522, -1.3892342872418597, -1.9461510631621417]}},
			{"instance": 0, "evals": 2301, "best": {"evals": 1083, "y": 25.648071655269785, "x": [-0.688918915965071, 4.181423397356433, -0.9107866706000545, 3.289455879602411, -4.753300143497943, 3.120302555851982, 0.3894256074322353, -3.0457279427331967, -2.944497068717813, 3.06818963880672, 3.536837082420935, -3.6581484978469145, -0.6281456447106191, 0.13282642812382983, 4.0151188231400585, 2.430590026267253, 0.7688519047626041, -0.4274740622987947, -0.06909771395569209, -3.627040896722332, -0.8617868843212309, -2.6308350925746615, -2.6159303895066843]}},
			{"instance": 0, "evals": 2301, "best": {"evals": 866, "y": 32.268745727121875, "x": [-2.4619041197129943, 3.545986577879873, -1.8934095547732408, -4.3434895598932854, 2.687235089411462, -4.896126024955114, -3.182200309998777, 2.4479372547223592, 0.6335502156387667, -4.158526849762011, -1.1179983830468587, -0.3436072294390926, 0.15863721547110643, 1.3827290980414357, 0.30761399666387945, 3.1125127926284044, 2.601255963871269, -3.8984708624098796, 2.7699580855231263, -0.8552223011917716, 2.988393005291813, 1.464423477452196, 0.5173464823173313]}},
			{"instance": 0, "evals": 2301, "best": {"evals": 759, "y": 29.322569572417223, "x": [1.1531562749021607, 2.584465454634061, -0.436950872632873, -4.9288589890968995, 1.6103323419354032, 2.736969254810335, 0.004039335184527371, 3.366061297696291, -1.107718710740579, 2.3539034676469015, -0.4391643482148293, 3.614846642652541, -3.2679851113685556, -4.136082715447205, 2.7929211384393513, -2.0036365799998013, 3.416333760815564, 1.892146018489285, 2.5766197980847902, 2.312893819146199, -0.9690633328897347, 0.21132985853092245, 2.3012892308564554]}},
			{"instance": 0, "evals": 2301, "best": {"evals": 1775, "y": 19.47751615638009, "x": [0.8222960417951517, 2.6140082599300403, -0.5155084266866901, 3.936641624359235, 2.3553851561293735, -1.8019404670082495, -2.5947202181471516, -4.710865758501411, -0.09866230674028587, -2.8625796553662326, -4.400513483774467, -4.582245174377741, -1.5066875766818533, 4.916898213341446, 2.7630217923453904, -1.0497259550890985, 4.074966718528962, 0.6170171221447953, 3.2380991358703595, 1.846270374397244, 4.945953169107678, -3.792953041036884, -0.10936211940739371]}},
			{"instance": 0, "evals": 2301, "best": {"evals": 1588, "y": 21.865938013263772, "x": [4.010017940389382, 2.374161662880793, -2.4522931894675093, 1.4179496917932477, 0.760166165582056, 0.6188407792446449, 1.9675497562371893, 0.44966780788505467, 0.4837013200709883, -3.7276204873228673, -1.442891037880588, -3.443932703318311, 3.907517485401443, 2.8750766583040663, 2.421292129489578, 3.137690187705391, -0.08973129726701234, -1.3082675831370358, 2.5632652089579, -0.8570905231945507, -0.3712733054476822, 3.5824408166237216, 1.5170343536229396]}},
			{"instance": 0, "evals": 2301, "best": {"evals": 2181, "y": 26.574498039135385, "x": [0.9611488860643247, -3.3294519664198523, -0.6968237079177659, 4.221350487933938, 4.328454510715938, -3.9900414380048965, 4.8683257581516415, 0.4141668306036532, 2.717903512506769, -2.0235054954296308, -1.3222375400544242, 0.9856732849255674, -1.84368086651754, -0.28395351946309777, 3.6215226879550126, 1.5545112710267408, 1.3392472869801046, -2.826233536492958, 1.3127745314601227, -3.1511703949964893, 2.1288385374370242, -1.5339326628060947, 4.2947687539925425]}},
			{"instance": 0, "evals": 2301, "best": {"evals": 1068, "y": 26.374836218690977, "x": [0.9758739530949514, 3.3372371975460062, 0.7131242961817903, 1.964950977467475, -3.693853915326944, 0.46195852944671767, 0.9742034117386735, -1.3894230114259418, 1.2421750544332082, 0.1879051748323839, -4.679807670913347, 0.21180931421190774, -0.2827811336946997, 0.29982903599956323, 3.272210677047336, 2.3861469659372365, -1.9014962209948902, -1.8578158840670338, -3.0825785928194174, 0.1818398338310998, -0.10207910287671762, 0.037871567645437754, -2.524238383613387]}},
			{"instance": 0, "evals": 2301, "best": {"evals": 1056, "y": 38.49044800884095, "x": [-4.302198391724844, -0.05728027147912673, 2.9240961845011384, -2.2760454365215272, 1.6107420041064318, -1.6583342437157556, 0.16066622074862236, 4.802736573556441, 2.8086604920475655, 1.7601918725278365, 3.9400490311891048, 1.29135209861633, 3.058498113696273, 2.3451368019182786, 3.4471141798626244, 2.515385123195294, -0.5829298392846459, 3.295525095757647, -2.2210226421006927, -3.7239193564916175, -4.345438424659502, -3.1113698062541473, 4.61734231073593]}},
			{"instance": 0, "evals": 2301, "best": {"evals": 1081, "y": 31.975582316331085, "x": [1.6145417216262858, -4.2232817379264445, 1.302831650518753, 3.4399500620902153, -1.8058243495928905, 1.7927495197252816, -4.300427424514245, -2.3205832489498834, -4.739423541042066, 2.056128303577048, 3.750422359490478, 4.262351186485496, 3.4223238962026965, 2.072719883595222, 3.85094359188351, -3.2033917251829944, 3.151795704154596, 4.343497219507908, 1.2601195855126237, 2.269162252080057, -3.544657033774182, 4.731543040695982, 0.8285145597409302]}},
			{"instance": 0, "evals": 2301, "best": {"evals": 991, "y": 28.816062808896213, "x": [1.3812092271835033, 1.687825740003822, -4.598451570437064, 2.4669939766214863, 3.4511408577167506, 0.805439715181179, 3.6147946984810955, -2.5275987038226133, -1.9664801776080358, 2.149418303347902, 0.5028286163164544, 0.401145459522688, -0.2762951069625794, 0.522953015630045, -2.767970911799721, -1.8603351242548616, 1.187571141586952, -2.0194766814756715, 1.5396208424585032, -4.611651834622476, 4.795099859844418, -0.2803925182853204, 0.8681619667579676]}},
			{"instance": 0, "evals": 2301, "best": {"evals": 1171, "y": 24.828034984934355, "x": [3.077752303380465, 3.8122535717458987, 3.6038773515838223, 1.820308358931043, -2.879219989459826, -4.2852795303494595, -1.07693739168923, 3.097734061941078, 2.3294481209446483, 2.3734452500418266, 3.367405150875319, -0.014563491930958739, 1.6612480221230044, 1.6407911108242432, -0.5012004287956211, 3.8653875926510466, -4.331442557124986, 3.694284314823701, 2.2992293953103395, -4.932838776646825, 0.7224824896544524, 0.40849758144600035, 2.631215554756027]}},
			{"instance": 0, "evals": 2301, "best": {"evals": 484, "y": 30.00578924254893,