{
	"version": "0.3.14", 
	"suite": "unknown_suite", 
	"function_id": 9, 
	"function_name": "RosenbrockRotated", 
	"maximization": false, 
	"algorithm": {"name": "DE", "info": "algorithm_info"},
	"attributes": ["evaluations", "raw_y"],
	"scenarios": [
		{"dimension": 23,
		"path": "data_f9_RosenbrockRotated/IOHprofiler_f9_DIM23.dat",
		"runs": [
			{"instance": 0, "evals": 221, "best": {"evals": 192, "y": 47518.97965558242, "x": [-1.336381567063083, 1.7825645788887063, 2.8517596139301364, -3.003262178416403, 0.7769148493028659, 2.032673292333978, -0.07676557926632732, -0.8574121616895605, 1.6894153298043746, -1.558525340313519, 1.4786811017360444, -1.1451943747175939, -0.004885218044260675, 2.1150521351269598, -2.0103348925178515, 0.3597979859857823, -0.5984750626039865, -1.0989790289282653, -1.325583796981803, -1.966559044502866, -2.0102184035165873, -0.7296791927150414, -1.9575813617280424]}},
			{"instance": 0, "evals": 221, "best": {"evals": 172, "y": 65556.14907131834, "x": [0.2531826445072136, -1.4308088701657549, 1.9753613826185128, -1.3994009806927399, 1.2659951106889054, -1.4471602576307738, 2.6979518311040667, 1.8735697874348853, 2.1532231052913566, -2.3185677038807917, -2.6396434279113814, -1.5300819790290068, 0.4677702387574816, -1.481533884324422, 1.9593390890772655, -1.0848278638611453, 1.7123384172275857, 0.157364186291288, -0.4069631178692621, -3.1333344989286225, 1.707650254430357, -4.615224672142608, -2.5534494539528696]}},
			{"instance": 0, "evals": 221, "best": {"evals": 195, "y": 33308.69212134515, "x": [2.9998732753877237, -0.5986958172619943, -2.4636701186947905, -1.0457271114344686, 1.2875537277660034, 2.4514227943469384, 0.07047014977139521, -1.5284458607432745, -4.155377312168177, 0.006199484190981375, 0.3302995836922058, -1.6075183293630662, 0.3006757145236114, -1.0206954763022242, 2.607507093262277, -0.6367066645874138, 0.18017448176822914, -0.11798479996374556, 0.004531830063589926, -1.350024855660724, -0.21816466331446627, -0.4500562696163066, -2.0575454196425538]}},
			{"instance": 0, "evals": 221, "best": {"evals": 218, "y": 59022.929939230875, "x": [-0.4494594039365296, -2.13484068392577, -0.5125821073496994, 0.027739895041417828, -2.6212742531889393, -4.1712775491902025, 1.2413624215002432, -0.929794865474066, -0.8650870850631982, 1.0886314271064073, 1.331539795767322, 0.8305462083366062, -1.0123982930606235, -1.0101131525668188, -0.28421879220613633, -1.019059531945862, -2.6808248387155498, -2.0994349486047543, -1.2544903659670248, -0.06146643830642162, 1.5943856111610373, 0.25150923162636163, -3.9866451586740306]}},
			{"instance": 0, "evals": 221, "best": {"evals": 171, "y": 17715.335913671046, "x": [0.7984490148386238, 4.119140894604358, 2.083273840501219, 0.16144730422657672, 1.7817069744099538, 0.6726203387679437, 0.49081437825321217, -1.3760654798618877, 1.4271097057003397, -1.6551939187594336, 0.6543147239699074, 1.201983954382838, -1.4071495186173761, 0.14504008141915947, 0.8006445398438933, -2.249046233970007, 1.386854132705971, 1.2495129216461298, 1.9944760756133184, 0.26531005475458125, -0.8823202465899871, -1.3631855606827785, 0.19511837691433787]}},
			{"instance": 0, "evals": 221, "best": {"evals": 217, "y": 34306.07776445671, "x": [0.9941056196837197, 3.2859540246706915, -2.0864781412438838, 1.2614663051546622, -2.1462148242746046, -0.29209221957784415, 0.5241044671552606, 0.21266238562443807, 1.308445191192987, -1.088890268001057, 1.1843805119165454, 4.11311582175626, -0.4887420873937325, 0.964024404316794, -3.439945023430819, 1.6918302703965669, 0.05358231483506737, -0.9247716096722722, 0.3561424733536138, -0.21924516178905606, -0.14299321020013345, -0.9073771730023221, -2.283331933169853]}},
			{"instance": 0, "evals": 221, "best": {"evals": 213, "y": 49804.83944134655, "x": [-0.4062354315612735, -2.5741798713873223, 0.2802511166066832, 1.8518898495656984, 0.1598849445372179, -0.39575510837707206, -0.06299303153979352, 2.3493321890902186, -3.02522331700512, 1.9817409227188258, 0.19833955811140536, 2.2556132547443406, -2.579824297085718, 2.4670965973544003, -0.8889174253039207, -0.10014499990246195, 0.48014318904449826, -2.941771733138647, 2.4774357502478206, -0.8730911770878365, 0.5340127107058743, -3.6556329597797723, -2.6981920328443083]}},
			{"instance": 0, "evals": 221, "best": {"evals": 194, "y": 46929.68123722143, "x": [-0.26990737134555465, 2.1460547712028664, -1.615479464454478, -2.126700630665904, 1.553405055840269, -0.35378009078054706, 1.9531019235018818, -0.5213436966267951, 3.5157128963355255, 1.017033465671096, -0.7760988125609867, 0.8859012504427302, 0.31221245848231494, -0.9003398148208546, -2.9813805758545233, -1.1040545600751281, -0.8892721202518765, 0.9856283261442822, -2.9225360907620113, -3.7219869937221577, 0.16875336827399856, -0.4218546163281669, -3.376216575084044]}},
			{"instance": 0, "evals": 221, "best": {"evals": 180, "y": 47894.867195332474, "x": [-0.9274570202191943, 1.379307727999016, -0.3684748975114758, -0.5807137734106345, -0.829870257676784, -1.000041183571522, -0.8297681408462074, -1.3633185369701826, 0.18671678883379128, 1.338877023427703, 3.1189582037022734, -0.3550567257678052, 0.25467062332766366, -3.3474617095918044, 1.9146818464853816, -0.8616549238130942, 1.8729820214590305, 0.4663410758603568, -0.252301453174289, -3.1137874411783537, 2.02162162223249, 1.3809560049440046, -1.050498888186219]}},
			{"instance": 0, "evals": 221, "best": {"evals": 193, "y": 19099.126998360807, "x": [0.5618177623798952, 1.8365736634817846, 1.2271973726072072, -0.6895943149703065, 1.112491680564319, 1.3287014724514852, 0.8864195729364255, -0.8180242423574984, 1.7206461944370752, -1.4676249478175667, -2.62498121199464, -1.7463443837870944, -0.010016234881751629, -1.018530026287418, -1.49031534405295, 2.3513018898905944, -2.2877849458492374, -0.3941477493259926, 0.9506178263780082, 1.728876981037314, 1.6322551705484276, 0.8356630873920072, 1.590550252338992]}},
			{"instance": 0, "evals": 221, "best": {"evals": 220, "y": 35450.733661710015, "x": [-1.416875398551276, 0.7852081622464606, 0.5217646122244435, 0.06742848354012754, 2.6897684780636544, -2.9269209687941697, 2.8519193020035267, -0.6437698418351117, -0.8964161077647388, -3.406192255461364, -1.4973691922364645, -1.533973358932239, 1.1342354860908035, -0.4880873445240166, -0.7379058816356983, -2.1427427867593014, 1.2650961523047197, 0.6096355899311239, -0.9914894954464383, 1.4925496774956049, -0.2828416125720383, 0.7411381238877903, -0.4789282425844892]}},
			{"instance": 0, "evals": 221, "best": {"evals": 218, "y": 71686.66286133634, "x": [0.8291068094644589, 1.3139985274178958, -0.17790242075716112, -2.121145582480069, -1.6086085478114542, 2.7124904542281367, 1.8660076488313262, 1.5417827670273352, 1.3214419237708954, 2.0573460363794736, 0.01310905896721748, -0.8274442132130169, -2.0247643425154256, -3.5897714996918877, -2.3611316552895407, -2.399531370115029, 3.4443041392217313, 1.2825203250308448, 1.4293256392291773, -0.3892447266904635, 1.6655604997415356, -2.6972630487131055, -0.7567912416317402]}},
			{"instance": 0, "evals": 221, "best": {"evals": 197, "y": 28767.20740536966, "x": [0.829737756086586, -0.5186793441751565, 0.9556496890304238, -1.1082996735230801, 0.8255422284345975, -0.5676356196808412, -0.5186545104615965, 0.3610088985384122, -3.18195038431716, -1.2144497220646513, -1.8474224956393774, -0.10897255275929757, 2.226746878128461, 1.6088714077770863, 0.4098620587182631, 0.8596941500465547, -2.429118897428956, 3.3926895393770553, 0.6445955374206518, -2.4598779433973514, 1.0060199905851541, -0.33205117188374667, -0.769396296181454]}},
			{"instance": 0, "evals": 221, "best": {"evals": 214, "y": 28171.8409288017,