evaluations raw_y
1 200.92740237809068
2 2550121307.983727
3 78669567.28672533
4 2285946580.4842167
5 1413261968.62131
6 65810315.44514862
7 30197743700.129074
8 2015395191.1291034
9 13105353.281635579
10 89229.91604682629
11 7414737416.305897
12 169169.59328500603
13 17107086.928446893
14 12646459.214250403
15 25368100024.18874
16 43929744.03767933
17 66988503.37087775
18 27362678.42729914
19 183090.68306965448
20 381937888493.52856
21 166570531.63765678
22 710333282.8148702
23 316569.1026104188
24 5864875.926338414
25 78506874.66700411
26 436433409.07771736
27 25779.53278944306
28 35.255309926699304
29 6930304.975565911
30 341151843159.1855
31 34.65560366390521
32 39.10800630049296
33 45.93080378101693
34 51.517227189174115
35 32.9070231325959
36 2883992.887753024
37 280.75122333696754
38 463247.3697849879
39 83.18223630839395
40 394746101710.0844
41 47564.58327006867
42 30017.049970721087
43 730254705694.6349
44 230608963769.43604
45 19485.35761643514
46 77.6845863804682
47 132328.5899443031
48 151.36447355604616
49 210686.16394022582
50 516.0394954826265
51 15689495862.771753
52 4513.90525946095
53 235.78423926465976
54 8652984229.451841
55 292060703261.5579
56 26017516709.96774
57 88530357.94299383
58 91.90380364502379
59 2103892766.4159174
60 7.3392058653275
61 2185795.0721465563
62 5815.324474052417
63 14267.04925541591
64 3640290.3187531303
65 492910548.4678
66 40.71374378764607
67 97.21622845050878
68 236699.52795637408
69 77.93551706295221
70 19124.05015516456
71 254860.02720962747
72 13933.250152039354
73 298290.5900855195
74 7720170.552216896
75 39777.76153814836
76 106.86948189025445
77 99906.38645459965
78 361.02585097017993
79 47272.52183188272
80 911.7503187260559
81 1024061012.1367067
82 627.7028500230306
83 678.226270550237
84 7791427834.5531645
85 729346683.503085
86 18959258.36038286
87 17030698674.598885
88 176.70524882579622
89 161699077.9518715
90 5.882066339518786
91 706815.6696510151
92 2699.144038003885
93 62813.0218253717
94 50774016.09587066
95 4342532508.956996
96 6.9002779652846105
97 11.762893596866558
98 6.728006549011651
99 8.262937287798126
100 7.328268505981849
101 31614660.61618329
102 16.464782540675156
103 15.66108424572818
104 22.737025937995135
105 196.18584424396826
106 25.312821795202343
107 4420827441.030211
108 17.264197433837474
109 174939777587.8462
110 46.065375937950925
111 3359434840.7243996
112 22316403033.788013
113 27447.224274535227
114 85689163517.10945
115 1072.2888915261597
116 584.7068505144719
117 -4.353033997634469
118 108.45395650772824
119 267.67304873472636
120 295477546569.1103
121 616.0343895432783
122 6775861537.717582
123 52925505405.30513
124 58752590542.948204
125 64.67903567713385
126 98752.93062764287
127 2387505.368168978
128 3476.170438519911
129 897.3505392662179
130 803222882.6093348
131 6.250089720803845
132 23.016140481491256
133 14.81324284527043
134 24.23592386219592
135 85.42264817104287
136 26.492640054025056
137 323.00085359543976
138 21.08672646773222
139 319.4662777424723
140 44.159780836588205
141 14549.07933529874
142 127993.03902719691
143 111420.27130226613
144 52586.042744712395
145 503.4917844225687
146 868.8732236557831
147 -3.2297615852426484
148 54.53046919772353
149 336.389632425092
150 1638540.5710119705
151 1973.6474358443759
152 1514905.273216683
153 16559879.129841348
154 63466665.71838036
155 53.06906693249723
156 1512312.0266797927
157 169593.72809102997
158 10244.849614122513
159 661.122201330638
160 63759830094.8294
161 -5.148880898155562
162 -16.1905722860671
163 -4.311938460090764
164 -1.3892317702837649
165 -8.166974796473438
166 29484.982259786353
167 0.447282671331132
168 114.46405347283358
169 27147.746614264466
170 31311072.479622025
171 5980706.98410307
172 22.175014708193295
173 163.58352126846978
174 20.51375980789141
175 115.43514195594494
176 189.26310189350295
177 -0.18082406702288223
178 58.12778841742679
179 41.0517699890561
180 4.5227836595926805
181 94.87278698949129
182 16467569.536240544
183 579.3325405239026
184 62211.88482045248
185 34.42090133622216
186 19927.189151993647
187 32730.01927263107
188 24619.04515951468
189 4646.115843950593
190 73864.37456540616
191 621.7470698521591
192 111102.70354756275
193 39393944.70119287
194 435.5532369752467
195 4329.553278729309
196 -5.51799151698586
197 -6.734803459418194
198 13.601691979474628
199 21.508438406618104
200 16.980149252306926
201 25.851053774490456
202 26.34126491656923
203 50.022128443163965
204 18.043559666568722
205 85.30286596143152
206 70.3925626233355
207 2.7495403393158844
208 60.60655756494967
209 42.18841203895935
210 4.857463634627449
211 108.72927779972756
212 396.50272004441024
213 1642.465823854252
214 4454.341794624021
215 27.158080656481783
216 8853.167506947117
217 19783.134379595824
218 5959.961946063865
219 1321.7981721857907
220 224865.04817406266
221 1312.6257070387496
222 18576.882890975092
223 35563033.23268759
224 966.8852176696174
225 1511.0421661460157
226 -1.3006028722847
227 -16.328076746604744
228 -2.7185189391110733
229 -5.324404696512261
230 -5.985790487912838
231 1702.8000066529003
232 12.234396904135105
233 55.710981940191346
234 8.674181032804242
235 129.70553486180523
236 2.0628326604083473
237 32.16092389375266
238 443157075.65945214
239 256.4454582181636
240 1703.2938993080786
241 21.832543492234183
242 25.94942089734481
243 27.911872150502784
244 7276849.239612129
245 6.005143290054454
246 2521.147252563209
247 46.42461859774633
248 3120.1517403586
249 13819699.104869116
250 545740512048.35016
251 35.10249040958029
252 914.6746934975537
253 13.208330559363077
254 17335396.662355706
255 56.03311130970554
256 1861.4373015963547
257 2523.390968805963
258 142.47535823193175
259 34.55964716150763
260 14939410424.228317
261 -4.95078980556373
262 -6.769671078858463
263 -0.1571201102559936
264 7.485018741323122
265 17.92334827760409
266 2.1812584608124763
267 18.788076208556465
268 19.62585905839978
269 24.944448933912156
270 23.646667778516758
271 18.90365659570501
272 27.01510456980239
273 31.31833244198087
274 57.329501319757824
275 10.836297310269046
276 57.48616748214661
277 46.53441364326118
278 1117.7956428603052
279 318.0769602484315
280 243.63039856755282
281 40.151663456924794
282 3960.1120787361915
283 12.669055432265013
284 3340.849533725683
285 58.04822356095935
286 2218.617570299307
287 1266.4208843373644
288 28.775553455600537
289 30.941484896066477
290 964679243.2871758
291 -5.648940305775293
292 -20.393977357055135
293 -3.7547658165654862
294 -6.712538523613544
295 -8.024160655394502
296 2938.883920346759
297 5341.686125086921
298 49.35194961205671
299 24.105575740101973
300 7.8567742519037544
301 23.842123788809307
302 6.31049305508542
303 64.72565021677424
304 30.784880996282446
305 59.49253127825071
306 820.2400400854787
307 -0.525702351068448
308 253343244.99024677
309 7.358525532920038
310 -9.422853612212707
311 291086891812.3767
312 -20.419156253564577
313 3995.8638887846478
314 34.19909267603498
315 28.1461789523202
316 42.172589665116284
317 23.898283226543352
318 -11.721536777414975
319 171.70680869709932
320 8.152255886801143
321 22.875819932300477
322 3438.136647095819
323 3541.5856336271313
324 23.059379267722218
325 2520132127.2761736
326 -2.955964370288655
327 -6.143314250295811
328 2.1044292801775093
329 3.801095871232051
330 9.285211533554394
331 7.129399100174339
332 2.0761098060227208
333 10.983963052453726
334 16.12983083729815
335 21.466562704530894
336 14.150209381681028
337 1.2148734108151211
338 21.673021855300945
339 8.851205049942976
340 -10.425391189865312
341 34.2532759435381
342 -19.39927753314235
343 38.4092732739423
344 65.11685129152484
345 29.829851758547633
346 42.78692462673097
347 30.285275814201906
348 -11.232771960863435
349 81.4688670235939
350 13.910299589480804
351 16.598174280235874
352 3498.0756076409557
353 37378.65514410914
354 20.28359944965236
355 201943872.5060183
356 -21.368598814279785
357 -22.125241033449743
358 -3.8082339139602452
359 -22.23144638057596
360 -18.205691441155988
361 14430.765175527013
362 8.507309787398611
363 16.036421832457602
364 -2.4304727986315853
365 1.2116598086586547
366 62.3205875530003
367 19.532159453051104
368 42.78983457543811
369 -1.456863169941553
370 3.8252386283733664
371 35.46951071379555
372 38.327704733802484
373 17.50791792633275
374 -11.698083942983676
375 177.81424267749537
376 262.9623358581782
377 21.63467547005139
378 29.038423946765498
379 8.778877201024802
380 1866900202.9233954
381 4.171257989979464
382 19.61481373544186
383 95.47374220889816
384 197204.1861057338
385 25.514268910087484
386 40.39395512574973
387 19.46372756846144
388 -2.463861472239866
389 -34.10619142540655
390 70.55503751716992
391 -17.594271255723474
392 -11.881794714696971
393 -4.423704148277321
394 -9.679966062795888
395 -1.9052343521775474
396 0.4015108516538932
397 3.391938832569138
398 1.8100125362884318
399 -2.2740963717944545
400 7.753439120291641
401 3.5071715002215544
402 11.578020386348305
403 15.407324544511493
404 -12.339683473211405
405 13.664497462640364
406 16.574688807603234
407 15.670444595484978
408 18.508478410230623
409 12.946459165739926
410 24.133698356904198
411 5.617099725298727
412 22.33947237805645
413 49.75725802664127
414 31.478661328515003
415 33.12849109995046
416 25.511035991415167
417 17.807782792408293
418 -10.764109582244995
419 -33.29179491811019
420 122.71815683836938
421 -34.26344075194077
422 4.031100699077265
423 -41.974922641361786
424 -32.63729904104804
425 -55.79625161628036
426 216.06977972589485
427 -4.0605154078763235
428 -8.865621178959492
429 187.44292803971518
430 -15.787940787826887
431 -0.8127004329627621
432 185498.49011411678
433 -12.853066015075907
434 -18.561307348438422
435 4518.460147279765
436 37347050.62010223
437 4.024257040550155
438 -0.544317067013774
439 1015017.6493915706
440 19.464796094970104
441 -0.7625890166739814
442 409.0158925163143
443 4.737772845956899
444 318210344.1339765
445 20.76072880371906
446 73.1338296224996
447 43.24769213971301
448 13.988316614659409
449 43.15692227585129
450 20026.142347247325
451 2217553934.135852
452 -39.878042212189044
453 7.647814232924915
454 18.794533858305616
455 -9.436540257621647
456 -33.652657354446504
457 -21.436990930207244
458 -8.787698396325217
459 -10.649294102139983
460 -18.292050161832552
461 -8.450841790575701
462 -10.150122688736031
463 -14.402078675592056
464 -21.77559395909672
465 -1.0608689259415307
466 1.8232245622759211
467 6.0304480137141665
468 0.1043088684910245
469 3.652735594392224
470 2.6507254950197883
471 -12.139202601943277
472 7.541114991089399
473 4.027454251945983
474 15.743011042467522
475 13.733446853562342
476 16.932087096568257
477 16.108065354562477
478 19.728304334857558
479 18.622514690069078
480 22.768350542371007
481 28.0957619047715
482 -40.70056321178726
483 12.410822100804038
484 16.578221467260956
485 -9.8673589898144
486 -45.14632096315508
487 -21.067418785681078
488 -43.49698951104471
489 -41.66562936932062
490 -40.908863548588755
491 330.7246848286174
492 96.7668783808867
493 -23.736908351653472
494 11.068828394630527
495 -5.69106706083885
496 -19.173889355277982
497 -28.38423829342439
498 33.92555994232739
499 15.039241025962612
500 530.377907398112
501 3.8295288451953238
502 1.729509782680755
503 6.550772685919074
504 284147548.91274905
505 -26.540617651193596
506 36.600595062252495
507 21.415702508113714
508 -12.598359101018664
509 247749581594.59866
510 -2.5266306837241235
511 2.0221265140102203
512 174884186943.76596
513 -3.725860612974773
514 7.662582015404718
515 -8.500531588223197
516 8.782097271314182
517 -24.914225366163024
518 25.657741568028104
519 21.228450422410265
520 2.0181156061508005
521 -41.5430968805979
522 -33.855621121481576
523 -26.172048187279927
524 -18.968840558905285
525 -17.420203522991674
526 -17.745591542054427
527 -29.906227029779
528 -9.28913735227006
529 -7.352306106702773
530 -8.588476552157617
531 -8.77183179165877
532 -0.9320673071807195
533 -2.1381439686635835
534 0.7860010525887673
535 -26.161045016414338
536 7.614247337087001
537 6.121931555978594
538 -14.259008749060984
539 7.121946597800579
540 -0.7869827770861955
541 0.7156586883653095
542 24.71010153401596
543 -1.5332497941085843
544 7.514543835187646
545 -6.145083721378427
546 8.954971994853064
547 -23.207419777788857
548 7.432266393810739
549 22.629942440718708
550 4.433165640793904
551 -43.78866786702904
552 5.976431827615008
553 -42.173047411321534
554 -41.99386391500281
555 -41.863546599053166
556 4931.936524224888
557 -36.404186889927004
558 -43.22204682317383
559 -33.4589903992893
560 -26.195674728441254
561 -27.791390503588683
562 22.055906220196903
563 -32.50672178217062
564 1.5781278663267677
565 -4.227075819280076
566 8.612985242799274
567 2.1212460453179154
568 -3.8755530083398217
569 -10.580003462888952
570 -6.0811823513491525
571 147.31793740795166
572 10.141567801991084
573 391.377109201885
574 -1.741104112615854
575 -15.140024976596305
576 535.3231919234739
577 25479.990285098
578 3.3921701158193107
579 28.695725932373303
580 -5.236842649069868
581 20.25794524517148
582 0.7914436179316862
583 18.981334037213923
584 31.917398515201366
585 513350246.62785906
586 -43.94600720068352
587 -33.46812310950892
588 -43.36063236690503
589 -35.732068056269675
590 -27.7209127549809
591 -28.231795349392726
592 -23.62686462217966
593 -34.72041411348951
594 -16.29622981379484
595 -13.459440741544928
596 -11.033312616584073
597 -13.94491573053226
598 -9.435226173815757
599 -12.909835318731332
600 -7.4339095927881935
601 -2.8217645309485357
602 0.563936507928486
603 -8.166719315052845
604 -0.907804768453381
605 -14.324943475380177
606 2.2714730391583613
607 2.7211130068823755
608 1.1528979979464813
609 4.772708266962328
610 -5.008984633339422
611 10.303899970265789
612 2.247938523088526
613 8.849545915341011
614 22.269017573461806
615 17.738633262846637
616 -43.603777654465134
617 -20.755324370240068
618 -44.43381827081653
619 -41.17739748513325
620 -43.55609750599686
621 5846.901421691535
622 5071.470135468388
623 -44.26241786747706
624 -39.47195753069933
625 -43.62286433907584
626 -21.630974344585475
627 -24.658389912032604
628 78.10062801827354
629 2.5965732443302336
630 10.482018431356337
631 -16.558887270528757
632 9.447808074614597
633 -15.413442124633553
634 -4.974129388748364
635 -1.8185566310745314
636 5.1562484541049045
637 17.48856344954522
638 -13.14914838518389
639 -7.75768773962354
640 -8.263907019567565
641 -23.576111917304708
642 -4.304758672118502
643 9.009040693139152
644 -27.991236424413664
645 -25.898451817179584
646 0.049793180984407215
647 -1.4114936836838965
648 44.55041644685145
649 -0.36142589195659536
650 20.93329026533185
651 -41.624920808537475
652 -42.034368655885764
653 -42.57126635390459
654 -38.8406687967828
655 -44.60152046448139
656 -34.35709202339227
657 -28.708378088271864
658 -28.079891937998216
659 -19.298799951370263
660 -14.929901216427352
661 -17.570184975091166
662 -11.69828038412715
663 -13.308305601753306
664 -13.142635871670974
665 -9.803608605089892
666 -8.079013123177882
667 -8.297999488068326
668 -8.824439827369327
669 -7.312258586771811
670 -7.931595879270935
671 -21.355745276282327
672 -4.564145467185545
673 2.412681550571609
674 -26.478542494220612
675 -24.009890962973458
676 -0.04180063481219154
677 -2.8348211027164956
678 8.406997580812298
679 -1.1614236866598908
680 27.151465295211697
681 -44.32111485749462
682 2.632212692528761
683 -46.4892107689734
684 -46.211350811898825
685 -46.44974685124548
686 479.2758240570094
687 -35.972915054318605
688 -45.174414024959376
689 -41.85449538486107
690 -51.567595196849254
691 -28.682152473883146
692 -35.49762847207704
693 -45.212110803921966
694 -45.13843812673318
695 32.33396348733031
696 -7.784884598484938
697 8.5327929844699
698 -28.178750752715384
699 -4.513564101502359
700 -19.954317265352937
701 -20.11908027716453
702 0.7776006923185391
703 414454.5613489333
704 -15.879047876475857
705 -4.081399521465475
706 30.33310825884918
707 -7.517735110146008
708 27.286805164066703
709 -12.08012738286156
710 -29.5924222309026
711 -0.780682889534253
712 -38.948637334032924
713 20.22269359743269
714 -24.216556893114415
715 7.9721379576998945
716 -46.793781747520896
717 -43.20284027183996
718 -42.326737114858275
719 -40.65636184109049
720 -54.49672575814144
721 -35.73913420715897
722 -36.208227081924186
723 -47.50046283660478
724 -44.948330903001875
725 -21.161631658120598
726 -23.68891601544217
727 -20.795742686316636
728 -29.637719294852033
729 -17.314663187686815
730 -20.655453102431217
731 -20.396612671044352
732 -11.635086866911019
733 -9.198607104200033
734 -15.278727327140642
735 -6.500088614721937
736 -7.947905425486658
737 -1.6144390689388595
738 -6.489516010372497
739 -11.166946473440152
740 -28.422670183468888
741 2.9918848915147267
742 -39.30214021316083
743 4.330269760991351
744 -24.337651749412924
745 9.00536783102683
746 -58.13743589025726
747 -35.24329901155113
748 -53.496546143958604
749 -47.04537105657118
750 -53.4879110895463
751 1267.3656842641522
752 -53.410130161396694
753 -44.99404587689348
754 -15.989796666974652
755 -27.569473539350902
756 -50.871539884871424
757 -47.83489086192611
758 13.363315440682761
759 -23.9384497374554
760 -13.596031852066199
761 16.553614552778917
762 -43.751998721936225
763 -32.423623271170534
764 -7.78138621541515
765 1054.376301194838
766 8.917034291788736
767 5.518586227603064
768 -27.534681519709782
769 255.7441329150325
770 -3.9264451603520074
771 20.692124524981573
772 -15.784846936136711
773 18.816343175374755
774 28.55250523530584
775 -16.628280482110014
776 -5.360490880004544
777 0.10303902553236277
778 -6.668966684310228
779 12.064818017090714
780 -14.843226398036542
781 -53.32559818855026
782 -53.35714005019565
783 -46.502615227118696
784 -44.677859134241366
785 -43.00555010668937
786 -51.41984408950751
787 -46.86117899026063
788 -39.009581186582
789 -35.341015557600436
790 -35.121426801686
791 -29.60051810148762
792 -43.69070480698543
793 -32.553811979222786
794 -23.094587081404942
795 -24.210421295674546
796 -19.531756700877875
797 -18.44876799502395
798 -30.08278084169932
799 -14.896540802105765
800 -17.570696357133496
801 -11.854277203551709
802 -16.941422413492703
803 -10.259411614021023
804 -5.522252401887604
805 -13.84679393551778
806 -5.387809369937688
807 -7.524744023849841
808 -6.246740117362756
809 -2.160420840906365
810 -13.558186965212634
811 -3.33685626103535
812 -3.777399020807232
813 -53.068023977446735
814 -56.449897420230734
815 -54.94628534877505
816 279.21112952225275
817 -36.46863933801138
818 -21.5102209057158
819 11.643711081374558
820 -30.32040419194351
821 -26.940655737309037
822 -54.65726938582659
823 -58.70188292694007
824 25.277405199627886
825 -44.28579458872785
826 5176.54147753666
827 -37.31578927241801
828 -8.24061769520454
829 4.823962846357647
830 -20.990804813980233
831 -26.61297438847933
832 -1.551986264327057
833 -26.445236982989293
834 -34.17103234425479
835 19.29694848048773
836 126.53810276158937
837 -11.807785179966658
838 -16.289980595694573
839 -14.035395957250737
840 11.80574709680143
841 12.803481722392675
842 4.55288000820453
843 -6.284728827469636
844 -6.848295891004433
845 -10.414081704514432
846 -55.249624754707305
847 -53.13034174411844
848 -52.17670716153777
849 -48.286327505227426
850 -45.78157920771212
851 -42.8565662638297
852 -53.650915569085434
853 -59.179415340111014
854 -39.179614502846384
855 -43.36585344765834
856 -33.454157823719044
857 -37.338646276521914
858 -28.401679633872302
859 -28.58457863948546
860 -24.37721434543017
861 -25.321376934256005
862 -19.92931387167228
863 -24.880501540369753
864 -35.06091123102858
865 -17.347492369262643
866 -15.206547647950309
867 -13.09692342610774
868 -16.790393468699108
869 -15.95904864352542
870 -11.010793855429174
871 -5.397275411556802
872 -5.519689216031707
873 -3.009201017709399
874 -4.471284729867705
875 -8.287964030596436
876 -57.64540233579284
877 -40.78410701471493
878 -60.31538257808641
879 -17.34499609746006
880 -57.70792302796252
881 122.69969092083588
882 -13.57690229385016
883 -48.16710171141097
884 -62.495147061802
885 0.7254564103379528
886 -43.91980997035191
887 -44.54095480080435
888 -50.888453211022096
889 -19.860196841870298
890 -73.53725236237185
891 51.42521787150713
892 -4.630839631377603
893 -33.29785901607427
894 -14.092229872697684
895 -7.11936339773613
896 3.4599807554078703
897 26.498145734590153
898 23.639686360821972
899 28.234999911935706
900 -26.444513606698635
901 -29.88141322553516
902 -30.83480827289523
903 1.0505306005155457
904 26.22976480243263
905 -10.94195359508615
906 -45.3504185988339
907 21.077032512232236
908 4.966329276075276
909 -4.955725684545108
910 -10.662872397784536
911 -58.26849866411996
912 -55.57639296841566
913 -54.490984827437515
914 -61.72143185677851
915 -53.296199477851616
916 -49.331237737142025
917 -47.14690696600655
918 -48.10945876197185
919 -41.419523058815976
920 -72.01643639737918
921 -40.965622660577544
922 -34.21225703916788
923 -37.15355987245167
924 -29.350620227860716
925 -30.20418675869813
926 -24.55951806584006
927 -27.026321210349874
928 -23.37889121760339
929 -21.518061150218674
930 -29.205585945337003
931 -29.654246965213485
932 -30.13047508263596
933 -15.755113797976144
934 -14.793945361420018
935 -11.815475685098018
936 -43.960957603602026
937 -8.010946923137707
938 -7.948871870832747
939 -5.1390874188470725
940 -8.326173337998563
941 7.7014178912183855
942 -72.79853086167496
943 -73.22188097919333
944 -71.5328368476407
945 -72.51249915911663
946 -0.4346148559900156
947 233.45505881681683
948 -28.665617715480742
949 -75.27037592926729
950 -15.261020283637222
951 9.800656866263257
952 1.682859275928168
953 -3.616695052223821
954 -2.151767593389116
955 -8.205466715029416
956 9.940098994123584
957 -13.815971501523311
958 -11.712455125359234
959 -32.19567120957123
960 -8.158562108734886
961 -29.867766521759094
962 27.34693728506237
963 17.126577281668062
964 -12.443922876910287
965 -5.445143941634699
966 160.2884042477431
967 5.648858208725253
968 34.28892042190513
969 -23.757732981771472
970 107.31517184363337
971 -2.298677078683296
972 12.148716289640404
973 38.991444728689096
974 331.4921382369941
975 4.554972637311597
976 -71.24952140506075
977 -59.812364349663916
978 -59.098934441153695
979 -75.46776450004315
980 -54.43404779735306
981 -53.28698705368437
982 -48.99371069225367
983 -49.38015434563725
984 -47.301878921601855
985 -43.23664621830222
986 -44.032080586551054
987 -37.85405539583929
988 -36.31632989947315
989 -33.90490433503976
990 -31.226528823675636
991 -30.188480702629448
992 -30.244335285504427
993 -27.578338056494985
994 -26.285624498881607
995 -27.561613043858618
996 -24.72871858316125
997 -24.396848525075963
998 -21.080317598627115
999 -23.601270197927285
1000 -12.359108743968562
1001 -9.742802091679767
1002 -9.864258212488808
1003 -8.052139946016332
1004 -8.314633430124108
1005 -3.7520308666311264
1006 19.369790134400333
1007 -75.66937606902998
1008 -74.57102391599807
1009 -78.199207203626
1010 -70.83011253662205
1011 20.250806854596856
1012 -110.47411207546111
1013 28.295562724795406
1014 94.64628301684543
1015 -9.141740457918742
1016 -25.52729356021256
1017 -20.156862051232054
1018 -3.131234559062724
1019 -25.058341801035073
1020 29.71757079997719
1021 7.40991556816391
1022 -2.8451468511721867
1023 -44.12149882089499
1024 47.966727999920515
1025 -32.04820440455062
1026 -10.98610750790471
1027 -1.5192052377914953
1028 -8.702250688922124
1029 -19.673616195695804
1030 30.54140316752973
1031 -22.925967394689415
1032 21.811011302569817
1033 5.640955281806769
1034 34.189399177815005
1035 14.625547129794917
1036 9.95833034189863
1037 105.02431123694782
1038 8.57241465249564
1039 -4.007442867450005
1040 -7.107307440441659
1041 -72.22727934602793
1042 -109.50975663145046
1043 -59.03996113173607
1044 -58.952096018535805
1045 -52.69717011956046
1046 -51.66687984261005
1047 -49.07732944379934
1048 -50.92613756846699
1049 -42.338700068327576
1050 -45.891828115837626
1051 -45.414067052767365
1052 -40.09188976122084
1053 -45.11162886800014
1054 -34.51328289836458
1055 -29.18823762174974
1056 -30.314454398662107
1057 -31.390610677493715
1058 -26.482605093235875
1059 -25.660665074649923
1060 -27.0236053231809
1061 -26.52182376917844
1062 -23.823308002636516
1063 -23.29725334903936
1064 -22.503384122712482
1065 -12.86383598954835
1066 -9.77781757298017
1067 -9.48684684289077
1068 -5.636143920872081
1069 -7.470796240777241
1070 -7.044526209354608
evaluations raw_y
1 20676435956.42029
2 301361.41489266645
3 321600043.50200313
4 241358.12833475854
5 19443783.83949494
6 526139542.790611
7 7835673547.526997
8 35563487374.96027
9 8760892573.627037
10 3385618.612033181
11 28018678225.675133
12 29928387.783563975
13 1236303218.8932896
14 151524192.68998167
15 513886.60642533406
16 8579529.734142723
17 938705.1716010071
18 1225509850.4013708
19 37469137.32286954
20 111670861199.41089
21 108957903.83376221
22 160210083322.4278
23 134550583.79489747
24 13309569.734274242
25 36817842775.95006
26 91094.75663271337
27 39897724223.286964
28 153757.4733390959
29 20332091.202148136
30 193130429.7694108
31 200003.52197025067
32 693101.6405313135
33 523075.2523203667
34 1191647.039428481
35 5048479.098640259
36 44004217097.63528
37 6708572524.248641
38 53125.21909113246
39 236.4843403505327
40 1316263360.1428351
41 81987604639.19475
42 6513694247.809067
43 418540071.89525807
44 205368859686.4067
45 89087.94278064092
46 74709022573.06339
47 125477746772.39174
48 317353852532.20636
49 8854.836232159814
50 239393275626.5639
51 557094012783.8234
52 56393097061.83025
53 4330616284.886311
54 251895424854.16217
55 6187315740.704789
56 410418108.58229476
57 775461577.0317043
58 1615915432.901672
59 19367.883405964745
60 1303.721977173066
61 2821860907.6539702
62 753041667.6293037
63 4810274765.577106
64 511394381.2002133
65 287876374.87161297
66 3886693.935865155
67 74031.60303986464
68 141106.31221607092
69 230.95414219085978
70 11484828.219655167
71 1002664.5398598628
72 3446593.28039745
73 21650002.708953045
74 58684676.852607206
75 46079.75403177036
76 3783924598.9817157
77 22465697.02135562
78 3908791881.587226
79 2524.329425652502
80 158961687.32092246
81 162169408.7038741
82 17579770011.414913
83 606790035.4982998
84 7604580095.826726
85 25256897.086920917
86 667156103.9276838
87 875996754.2901844
88 303279716830.58203
89 14440.07609360806
90 680.9037715875612
91 9004258617.855442
92 883134739.7219664
93 288793873221.8884
94 2875308695.3627515
95 106994197.08403517
96 258.325127535819
97 260.7778197057852
98 444.38821468702594
99 281.48974534994846
100 185.36372766411267
101 1191977424.3588746
102 222.12418614750712
103 1525.6426122630003
104 701875339494.376
105 44705.83932290022
106 6740628953.203474
107 370898.34570431494
108 122812.09962228898
109 2492808084.877315
110 65.36093458590264
111 361.23823551684836
112 676288522213.4427
113 45.25993506841324
114 36.212206630833634
115 16823496359.772211
116 52118721779.862526
117 109301325644.98024
118 196739768.69743076
119 3933349.602335921
120 24567682063.136547
121 303210.12409230566
122 63579.03425391444
123 20425.49656793429
124 128726764.43252853
125 6920450090.1391945
126 30472.993883845873
127 154313863723.0748
128 176818907.0366875
129 6995255610.219004
130 497.4502346826803
131 333.37687093377315
132 286.56560534846386
133 786.1250204245575
134 26344.486033285964
135 29754.030501018144
136 700623.2857642708
137 67077.03635546425
138 5047.273207194212
139 2549956.1730685784
140 181.82250660866958
141 538.530598997648
142 628390056.039457
143 43.95418323605607
144 37.78072296712817
145 232514147.69933382
146 5060899.70686858
147 122808295.76815523
148 71763079.91702941
149 1604532.6737512432
150 655489014907.6677
151 248485.6178763348
152 1062599.7725508725
153 22003.833427539957
154 421652091.8063446
155 150094721.3183544
156 26238.38749641586
157 243078707442.29648
158 870756047.1442809
159 730261949.9181716
160 318.46329952674796
161 37.53435210277313
162 33.87179920190664
163 41.19480578693169
164 38.331608459012884
165 40.94418531752969
166 119299843.49149421
167 16.509347330965827
168 333.4661806249979
169 2914068668.6853585
170 818.8693767352426
171 634.3849062129085
172 27096.59565435868
173 84354.9700558026
174 101099195664.40929
175 55.702874612297634
176 359115616.9635679
177 90.73903582705428
178 187.82416305408464
179 454821089275.55884
180 16871985757.716002
181 9400.749760126828
182 44.27060372177655
183 1155391054.8015199
184 756.3966317951481
185 4212359761.1388836
186 20045.977865711964
187 86.08794115372989
188 5712353.595154826
189 22704.48739018555
190 4146.4026238161905
191 16970.875438270094
192 603014401.1847225
193 39.51201105452955
194 21563.452801202613
195 8459.820280589362
196 365754773.86202705
197 46.39047456744691
198 12.587022765844747
199 237.87703134816985
200 285.2374731463985
201 408.72689557502486
202 297.9604712026101
203 752.2323723126392
204 3598.1065604133387
205 78136.92987064879
206 52.05842873851144
207 83512.00611075637
208 125.16091848686867
209 425.40138506182285
210 64940.74297743085
211 1642282.0176416542
212 7312.847576302424
213 46.46020027279381
214 1262.737964792192
215 10472793.86233094
216 2976.3678870194954
217 41.505385594255344
218 2065971.1167390072
219 46350.458324321015
220 3922.2963828800725
221 416506.30834238505
222 84240662645.6467
223 58.412110755068795
224 13266.795278041223
225 2972.4641036861294
226 53453470502.46441
227 12.582685581795651
228 17.182927691864368
229 13.71784223957725
230 7.0687347387138235
231 15.96047606425031
232 267.00284261491004
233 405.89129375251383
234 31.021383635938037
235 66.77281622441073
236 793035068.7552961
237 -7.764024917552868
238 17.99854369957445
239 29.886485942436433
240 1671201.5841965415
241 151.20904759159205
242 85256043469.45674
243 16.161666191255215
244 563.8115631793532
245 184.15720272001303
246 407596892356.9718
247 88.52535349916954
248 252.28345211238587
249 80.13303082323407
250 78.97473560813621
251 22.063667610862776
252 202.41306117224264
253 1021408385.4275126
254 87.63524039448293
255 6167749422.468222
256 1159769.6623301918
257 2078383.8614717983
258 12.21116418325827
259 65066818882.812164
260 476317571162.9177
261 55.71754532601529
262 12.689771620550687
263 46.31496794353957
264 20.774105018849234
265 46.066448940478764
266 24.295526483142496
267 -7.8529778602431834
268 28.79123468417981
269 31.07737594470931
270 152.94071935867984
271 159.7332533397323
272 454.52294050349053
273 16.904793854902437
274 475.8810658355425
275 692.8436988354314
276 4891.1106864755375
277 107.94556688254426
278 140.18910213073718
279 98.59483433244323
280 59.03874809225315
281 25.077270648629376
282 135.99906424442602
283 753764.6657927805
284 109.85387340536217
285 16795.630045347392
286 162343.9759210745
287 10571025.97988854
288 15.048814856185217
289 1891777.7008636894
290 29452345309.237053
291 117.29974984137581
292 -7.830147887231634
293 -8.537465433576514
294 -10.091059065384638
295 -4.307318690801075
296 -39.41366735427751
297 16708886.378829367
298 58.327608061203705
299 69.47711558892637
300 126.55978568243354
301 4.038256899061129
302 14.110148279498876
303 13.78361406971826
304 1762456.5808677396
305 18.293098052538806
306 20098376.3594528
307 154.0013882074338
308 320.67155046771416
309 22.461998717718085
310 6.580769118205916
311 11.974773442027596
312 48.79217505821961
313 38.03985873308406
314 161.11596806418808
315 27.72778458271848
316 76.38415344059347
317 23.817059679258104
318 117.89287695712409
319 8.099105934115379
320 -8.046577327225332
321 873453200474.7981
322 17399.826499658415
323 -0.6233197062252064
324 150330.42607604922
325 854063012.4013472
326 2693748.108206733
327 -7.112411333345673
328 15.148167181689555
329 14.924410547758592
330 16.36843000926437
331 1.5778792234272743
332 13.18304927136633
333 16.912831912752587
334 23.06818994425971
335 26.3197784819886
336 45.27565787584946
337 87.07387338665737
338 69.44065595159586
339 21.570581455127183
340 7.749223279319781
341 10.586572964124278
342 52.115524438730695
343 35.4142171038615
344 140.4796636620047
345 22.88078398350867
346 72.58066720470029
347 55.732278857775775
348 167.84048483683856
349 8.948929712643823
350 -7.3498316223458025
351 35303.91107546846
352 8937.38842984691
353 -5.154927757490104
354 776069.0444101854
355 302898.7358408649
356 19672559.522083614
357 -9.793461396676381
358 -4.171790155122789
359 -8.429800223620187
360 -7.20687528268138
361 -9.465573746355208
362 69833.13889508824
363 9.68774516653116
364 -0.6081239464159359
365 -20.30942063493859
366 19.14566606931813
367 -3.2135570608825503
368 7.221258423909983
369 18.822222350315656
370 -9.375834653418723
371 -14.322146458636286
372 8.508264173056144
373 419501980236.01526
374 58.57876396884156
375 21.859450875330957
376 0.7527478980796762
377 17.109194551453406
378 10.644412498987426
379 26.41120846817644
380 1031.1330562063135
381 110718295047.44812
382 521442675912.27576
383 205582988258.23636
384 3100.5243625267112
385 32.615520898532345
386 1.991195622371497
387 2856989.6789995832
388 6044783.876326808
389 2.413119680774867
390 1767.3858398898242
391 387.40738762455874
392 -7.925731065850969
393 -10.449150198891093
394 -8.549723092899788
395 -18.219992743920812
396 14.279702138499184
397 -2.021357782540625
398 10.132638765969382
399 12.755400480002216
400 -11.131870652311726
401 -12.35236807862532
402 4.450256370726548
403 17.533408898307776
404 18.97401960874105
405 19.42082771273829
406 -0.1528501010938137
407 16.72569371423847
408 6.935745491224877
409 28.84207437216076
410 46.11240895842385
411 48.39762332926738
412 51.02354347530951
413 89.2158876685535
414 49.90906278510257
415 35.50266797777763
416 -0.7572662469085762
417 4221.597787391015
418 39728.38066070505
419 3.6308381762334117
420 1578.1631605145415
421 180.2050993951988
422 -21.756739310416883
423 -21.53659884700092
424 -20.51694998956865
425 30.748652602180602
426 -19.270945351147407
427 925996666.9079299
428 -17.640565483049777
429 7.693189982064704
430 -4.9088955902475035
431 -14.817253948159749
432 -1.5097529517764385
433 6.445754095904022
434 -7.840941053901194
435 0.13156149457108435
436 10.910500953669183
437 44.813819916168484
438 60.756021318194676
439 -13.032698571718615
440 -35.60151065652047
441 3.1317024017155273
442 12.934646773419313
443 10.745765833816545
444 37.64856697954764
445 6.01546945756541
446 14.178928404935625
447 46469608.306668505
448 28.538796456351758
449 9684.178575676206
450 55.5005996683204
451 70.68175648155048
452 83.59626062581361
453 -9.018970140278308
454 35.694816455229024
455 21655520663.14135
456 5502877177.651211
457 -19.296698742927894
458 -16.91921131883082
459 -9.005844836092002
460 -9.70228640569742
461 -15.276131669310278
462 -6.83869864520968
463 -1.8893991506866872
464 -7.733450009910834
465 -1.5085636073189512
466 2.039047904950754
467 6.658315619134539
468 10.709261851550316
469 -13.75277785808773
470 -39.03269157500583
471 1.020720611205054
472 9.573419895209954
473 11.224727649400759
474 20.26996643024124
475 5.700543242928155
476 11.041490405464973
477 37.93372326768943
478 28.84980222800802
479 185.96284138545403
480 85.07606571915605
481 81.450442382327
482 72.15657143957183
483 -8.861548414370548
484 28.628454930266624
485 34476.87021625225
486 19361.445793311723
487 -39.23512309350916
488 -34.136580838476796
489 -37.472279535714286
490 -2.3368158950482103
491 -36.52461222335272
492 621.8758141668419
493 -29.385001656550187
494 -5.506032933423242
495 7.999024766610068
496 51.30817118197641
497 33.062361327507055
498 42.30251369951577
499 -8.845047802273033
500 -15.463033382532306
501 2811.1882802477726
502 -18.5394622113714
503 11.78060642240024
504 14.206849096154215
505 4.3325041723878215
506 13.690516498664072
507 55.42972856457939
508 -20.00185308684401
509 -19.85862212793427
510 -5.187840422617765
511 6.472649787372823
512 8.357364593771873
513 2970367364.0324135
514 14.736673246056506
515 6.193659985490273
516 26.6830385593443
517 4482.949497293469
518 16.06877437051311
519 67.8613152437933
520 298918969.57914436
521 71632285.9069146
522 -37.5399680735397
523 -31.115822698897468
524 -14.220570393800715
525 -15.776441507350514
526 -14.127343038307806
527 -10.542374055993188
528 -9.892194731669123
529 -10.697890663253602
530 -17.791771891501543
531 -7.645598331952746
532 -17.725815206809756
533 0.8639807466056546
534 -0.10540086609934463
535 5.519522706562412
536 4.611314244149883
537 4.169504313637695
538 -20.26423405664973
539 -23.563171106081768
540 -6.348984652068878
541 10.356181751543472
542 7.306232699460193
543 24.98695415865704
544 13.338810940626557
545 5.557068777615399
546 26.43430264979652
547 91.65928337258616
548 14.893561162592848
549 114.91731934338918
550 81779.06208163264
551 31233.50021269773
552 -35.58728515772966
553 -36.698375737958436
554 -37.72209170803185
555 24.302342601900136
556 -36.79475254622538
557 17015.726009767895
558 -49.42531825273633
559 20.987376871039892
560 52.80114860121
561 13.666697514645662
562 15.593381561366488
563 -14.80936923944596
564 50.62621152999885
565 -3.642947415737959
566 -5.625675359712099
567 17.5011278435356
568 17.166090285158887
569 216.99619066208896
570 9.070519902296729
571 387255.0320954479
572 32.374167406887736
573 -19.903587696413847
574 2.5661029524839347
575 -6.099104964563802
576 20.678928630758012
577 67.19077288761228
578 -1.8494448599208526
579 32.13331152513492
580 14.99087894751926
581 6.2763163819308865
582 22.96840726026158
583 40.16004034138991
584 19.27144106224707
585 82.83349116042723
586 338318.84897330817
587 -38.249523458858434
588 -48.200797495268326
589 -20.340139786484944
590 -18.64325415655645
591 -16.439883786836695
592 -18.87439248933128
593 -11.335967239626758
594 -16.65430485385442
595 -12.10633586996101
596 -10.46357877306842
597 -11.098804514450851
598 -10.251386742914349
599 -6.57061560857155
600 -8.357721252347122
601 3.064141636113964
602 -0.39119121650554334
603 -17.19258234655608
604 4.869430640313324
605 -4.946472315119481
606 6.756205265767425
607 7.196353715610111
608 -3.561156910559836
609 15.663559885193765
610 14.508006591246671
611 7.613798164767807
612 23.408374733638972
613 39.3404201165761
614 21.18412731611497
615 17.928159503465096
616 79118.45362732184
617 -45.38331189021747
618 -48.4684261245909
619 -47.10179537175276
620 -0.9956025157639621
621 -49.75928144109524
622 3926.6137803936076
623 6262220.681343776
624 -39.229874603570984
625 21.019182600703054
626 14.0233961133143
627 29.201896293149172
628 -8.35429227006448
629 10.037845034428447
630 -20.595693658311056
631 -24.574305716281422
632 20.580882027424828
633 2221363.8731476306
634 659.2708181562027
635 43807022.31715174
636 -8.388611976132148
637 -4.1152144559463375
638 13.656103729938456
639 -5.279207360655679
640 38.717865145268554
641 -3.066952558897942
642 1.7787418246251057
643 10.336234742644756
644 -7.279377501800429
645 59.4665044827416
646 7.031042424137455
647 12.31078888161466
648 34.25331838843454
649 142.29812989214426
650 23.249932938649007
651 75.27768752568282
652 -47.2313291026055
653 -49.75368065672622
654 -38.17173801098217
655 -18.89794830943906
656 -19.463884344908532
657 -20.63664738299303
658 -18.42084266251822
659 -15.231142162073855
660 -20.316698841607533
661 -22.408442722830824
662 -13.097997441493773
663 -8.048860670857229
664 -8.291706682160063
665 -9.758717718818204
666 -13.089913903891278
667 -6.789994917590908
668 -5.8070623016822704
669 -1.5036534880942076
670 -0.9843241932343219
671 -1.1208593333726249
672 -0.12229011197915352
673 8.059518525841407
674 -5.920182128529236
675 7.585686989590594
676 9.942393908365727
677 11.542414297588657
678 116.81668688445124
679 22.297324906838288
680 22.952691016142587
681 36.54877652684834
682 -47.33742737697114
683 -49.90975679427487
684 -47.78329518387668
685 26.82104372042443
686 -48.77537156757255
687 72.08518082239306
688 172548.85353575015
689 -46.22788910251086
690 -4.636422678004459
691 23.097885787837352
692 -48.208822472003206
693 37.33483065311662
694 25.893402083425922
695 116.46750542101279
696 6.985186554366779
697 24.264217982567033
698 12.83492731686911
699 40655.99494627984
700 59.065110800448
701 15.198170952610889
702 89.02934336156582
703 22.48329517115544
704 13.186630727277501
705 -2.3789461597718184
706 13.99292622615435
707 177.7715885319059
708 -6.524414387405776
709 24.04277698141784
710 -7.8607225214739
711 4.603039963351545
712 16.361062665349415
713 -3.1643667865363905
714 34.66776545845786
715 11.068552274624885
716 5.073761277665332
717 -47.02642004672098
718 -47.01447984637241
719 -46.52228490075363
720 -21.873168855324572
721 -19.024903329106607
722 -52.66317091565914
723 -18.554555007192448
724 -19.08476349390137
725 -18.531017382407583
726 -17.912921391484588
727 -13.781878066801038
728 -12.473526471834855
729 -11.650026754856924
730 -9.598124670931488
731 -8.735435855397009
732 -6.964387520187187
733 -6.0823070597952995
734 -5.977949777931591
735 -4.769101336838079
736 -2.4438102459787823
737 -2.32531305719212
738 -7.0022225859252485
739 9.239788029260087
740 -8.52588605364241
741 6.591188205355997
742 8.30310543191288
743 -2.270558057505823
744 21.877792837494198
745 7.7421736151700244
746 5.399135145039628
747 -50.061290589275075
748 -50.595157752519384
749 -49.120509544373945
750 1.2639548579551279
751 -44.88755126500415
752 169704.51076372343
753 -83.78948023818258
754 -52.050572643503884
755 -50.480106001958454
756 8.096152826907339
757 -40.52795156198694
758 -18.629946722730217
759 15.469261350150624
760 8.30276757178315
761 43.25715869071034
762 -15.796687251772479
763 1.8729838665907956
764 12.514741514201454
765 37.66062946772637
766 16.83219198243708
767 16.861812001301516
768 -26.301958251093737
769 0.7320326297324079
770 -39.25170453614895
771 23.348032262656755
772 24.327324348141964
773 15.20962036529027
774 2.0680437157504454
775 -8.104891640210328
776 3910.301894310747
777 4.051808327826993
778 28.81479253610506
779 12.859949574061496
780 -13.714066325666984
781 -2.195797942796375
782 -52.59400155638691
783 -84.58742453330561
784 -51.89986471014754
785 -50.322421810945
786 -22.851966932201947
787 -41.008410073339306
788 -20.170450807506377
789 -17.912544489239103
790 -19.698763336141543
791 -17.140951256009544
792 -16.818336350045094
793 -7.855242964674307
794 -8.794317276045014
795 -11.171045707970997
796 -5.408615163850087
797 -7.671964632017602
798 -29.055700842311705
799 -7.51344470883527
800 -40.413520475648085
801 -3.244371338412909
802 -5.861685056406091
803 -3.261162656128761
804 0.5002773036733972
805 -6.698674194215285
806 6.144463503115446
807 3.978175151540401
808 12.261865381032932
809 10.356274467454039
810 -13.096775693882597
811 -0.220379740411351
812 -83.57904060861937
813 -83.93463598861359
814 -86.19087575932704
815 14.420060927642218
816 -86.1809800527805
817 132.82823326417756
818 542.586002089736
819 -81.44368703291288
820 -88.20793055333473
821 -68.37923107025857
822 -50.398326305358346
823 1072.9782506098932
824 -17.662923480389026
825 5.868711108936033
826 16.004523055952824
827 3.8926347461747355
828 21.394140255218517
829 9.657423716180805
830 14.491723909766232
831 2.6645278228570746
832 19.236288250848197
833 -8.623265759292714
834 142065339.50590634
835 15.77406289297512
836 -17.33790212331801
837 37.7888722242211
838 -17.64238347373756
839 -10.650426326337076
840 -7.04230918947364
841 12.562101089339823
842 -6.680261005063155
843 -12.913028454366588
844 19.390327329786853
845 -16.050741168744317
846 -9.941063728301632
847 13.003155042127192
848 -85.2236035258673
849 -50.883613980758525
850 -79.95274962145372
851 -85.56978424612471
852 -67.55651353919822
853 -50.86636696440746
854 -26.27270883099629
855 -23.495440118340778
856 -18.37816993825331
857 -18.465376452433908
858 -18.682181243351554
859 -15.066461773773506
860 -19.026446563297316
861 -12.94108834752939
862 -8.6052389654566
863 -11.367605763461643
864 -6.798826385832226
865 -3.9943298440899215
866 -17.336045320128434
867 -10.301865005170038
868 -18.224497520497785
869 -10.17699814941183
870 -7.355565142198875
871 -3.1082436204158728
872 -4.932447720864028
873 -14.169379713591814
874 2.835736613825434
875 -15.603688964143693
876 -6.37972266248292
877 8.934908854531958
878 -84.30501468710509
879 -86.36553719255075
880 -87.56983569573178
881 -18.062885648498977
882 -89.89869379530677
883 126.46902259706876
884 -62.00441824295901
885 -80.08282995936342
886 -81.30177608480527
887 -73.04245676674216
888 -57.12649913605647
889 -32.65586417561258
890 2.1319919661991187
891 6.508231977919457
892 7.891419558953797
893 77.91992019767322
894 20.031467415523135
895 -29.62024632596897
896 -8.001399410798193
897 -86.16880335391811
898 622.2294988677627
899 1.2459284624985956
900 17.194549049533368
901 -9.553790133650187
902 120.4747435829456
903 -7.190581032845233
904 -1.5886986076113572
905 14.270511515533363
906 -2.647814052432654
907 -31.850395729157544
908 401.5713923079782
909 29.934810186652708
910 -21.740967820615715
911 8.261115885356675
912 13.764738678991625
913 -85.01381349935396
914 -85.30954408336025
915 -82.62062432221288
916 -80.361944022874
917 -73.40790903854796
918 -54.59406856157112
919 -31.269278686785174
920 -22.729545101272283
921 -18.255905161830214
922 -17.590542387866684
923 -19.59483120090924
924 -20.18353701504609
925 -31.52367860819683
926 -15.7657429247633
927 -91.10876512522842
928 -17.283933725655427
929 -14.509336257660804
930 -9.440099088280778
931 -8.69778485342381
932 -7.531149745746661
933 -10.713904442264242
934 -10.207512996236748
935 -6.747829838641232
936 -8.551014357957296
937 -31.924000132696637
938 -5.633411243199295
939 -6.24203604158829
940 -22.523277599196184
941 2.842844394325862
942 11.499845440178595
943 -90.92180769887499
944 -88.14866729589163
945 -86.05920005998735
946 -16.12983853747705
947 -32.54480117360579
948 42.36759446090153
949 -57.88391119713201
950 -63.22859135555102
951 -63.07909955649244
952 -80.27584456760626
953 -60.72423312834715
954 -65.80904986976647
955 -54.00686958492978
956 55.60026276251946
957 -48.82085307986568
958 -20.399498215016827
959 19.76311431147754
960 -14.26153960768233
961 62.18255018497676
962 34.145038443481376
963 -24.610439816260303
964 -0.95952288620694
965 -19.249243238981737
966 1.3650452171469467
967 -25.988424167955223
968 1.7166891430006084
969 147.79427888220198
970 -6.608854718275621
971 -73.20133191208184
972 18.20312812957189
973 -14.614532084891623
974 13.401735256533462
975 -7.2363913448740105
976 63535779.698704995
977 -17.561147391319306
978 -20.876998414067664
979 -89.49433741464122
980 -84.56990177636978
981 -87.43165670157356
982 -81.75746325632606
983 -82.93787307545406
984 -71.20324078273157
985 -66.54858416861451
986 -55.24487708179647
987 -28.989163922362007
988 -50.33602563244102
989 -21.22696853005574
990 -23.08169134063496
991 -18.834478873989607
992 -18.692054287194523
993 -18.07821291443592
994 -25.264903400411413
995 -14.908399743587903
996 -17.660640833683786
997 -16.4119425348474
998 -29.29093239234571
999 -10.120295695243922
1000 -10.550237167295125
1001 -10.710363347283412
1002 -72.68725430310678
1003 -8.49424546442805
1004 -14.515144992885892
1005 -6.550327827333542
1006 -3.706524472670808
1007 -17.011448841031353
1008 -18.471275664659682
1009 -86.50614197759047
1010 -88.34843517368472
1011 -89.29319612130146
1012 -43.63263805385655
1013 -60.18423000507478
1014 21.271392370485838
1015 -66.03353689046719
1016 -43.195646630634776
1017 -47.9929597702595
1018 -38.2378979839934
1019 -73.18713111821458
1020 -60.79970133872303
1021 -88.57344394325145
1022 -88.16527889837373
1023 -40.899859813740434
1024 26.070579406312966
1025 -46.9861531750213
1026 -28.35750693732908
1027 11.761657617219267
1028 -29.29079107434957
1029 -44.79594116231816
1030 39.922231236705244
1031 -22.81855186148674
1032 6.996544542517484
1033 -6.581143890355213
1034 -33.565044685980006
1035 -2.7975943686813265
1036 16.56368168952993
1037 -3.899104338025463
1038 36.53373099754411
1039 9.911114358742871
1040 73.56866482273537
1041 -36.72109854520158
1042 4.016806474067013
1043 -13.698866005365069
1044 -89.196395513279
1045 -86.05779972060323
1046 -82.30703704711665
1047 -83.35268505510693
1048 -82.55445028217807
1049 -78.02586112021572
1050 -75.01248599493375
1051 -87.3446487853572
1052 -85.79892303024378
1053 -50.625275590546636
1054 -27.400792241543993
1055 -46.474384884473636
1056 -27.386798796605337
1057 -22.285019092034755
1058 -26.92455414417149
1059 -40.67150291137753
1060 -18.306743981774787
1061 -21.870658044786275
1062 -17.44864246195425
1063 -17.592739346350328
1064 -33.9462635622543
1065 -15.496256436841337
1066 -18.69565121520695
1067 -15.647318635056163
1068 -8.656696622883992
1069 -9.410082150665549
1070 -9.157472343079508
1071 -36.65064460812856
1072 -9.09121421476737
1073 -16.12934328319013
evaluations raw_y
1 25759080.659343984
2 4009.9451937152594
3 1135427.3975241734
4 790537.5579846909
5 796581448.067885
6 4997203.507040841
7 13016.944919623233
8 235954.8186896019
9 241421430.21237016
10 1324596203.2009861
11 1512429.7717924912
12 28940467622.357754
13 245886.21487455827
14 1156149715.9952343
15 164876.76281797304
16 129954019.53316356
17 286109924.3806083
18 66672513.535186306
19 29643754.61121925
20 1521316.9950507947
21 377189.54775980616
22 71984200.13831602
23 570196.1900196469
24 12073.44723610713
25 607375.2576206479
26 47743158767.416374
27 6568540.693470289
28 80644621248.41849
29 856775.9565588483
30 545003451.5706639
31 2109.382957287065
32 24950.919597688127
33 6316.724884744649
34 6296.146429823615
35 1457.780659392919
36 1583.3724413006316
37 1921.6787185504554
38 4.823614032608727
39 1358312674.3059971
40 47440.738922013734
41 676585440533.1042
42 11871.38599077688
43 199.18306429613958
44 3321.907691478982
45 108569.56035094983
46 10222.550035166236
47 3641607689.964345
48 162160.90926704483
49 615052798484.0892
50 33693470873.63067
51 6391965483.058532
52 537912751944.1664
53 14786264530.86652
54 663.6075577072469
55 10.186327107863995
56 154126226.81179065
57 2680136549.3189507
58 36977002994.17246
59 1418864805.228347
60 2435499.009732813
61 2188771876.790236
62 220791257.41639665
63 3751.6667021592166
64 173533225264.74692
65 4438.287975127107
66 12579122699.160204
67 24244.995154496857
68 9200.904843544307
69 5.51762024354849
70 72103.68788105909
71 8157.417448506513
72 26497.604852451866
73 54320.7120847951
74 198.1876769103367
75 18268.185895020524
76 1316638.1488449236
77 3293.7986646522295
78 2187061.8495051814
79 9218731.538302103
80 3416287.304349638
81 213427.45124581445
82 47391828.034574
83 141508654.32418907
84 1013979081.0445302
85 6505.559251656477
86 17.22878067429665
87 203802918.85000983
88 26329156.59723765
89 32791894997.073307
90 19803078.08364586
91 549486.723667828
92 4583967768.952191
93 1887.3231986920048
94 50732790468.04861
95 2454.8749710301395
96 19872917477.642544
97 5.172432302223191
98 3.3392877130129346
99 3.3161300733131682
100 8.5556732960612
101 6.917097300601425
102 18664039.78526493
103 -3.9257455028743897
104 22.38341105098207
105 397963382.1478717
106 8990.05839377919
107 865277.1796470402
108 7.693243237957553
109 44.75779178425609
110 43.85657327874685
111 3202.5127409599745
112 23.553293966551117
113 72.4433234988587
114 400.78778039677655
115 6664.320976503314
116 127.27479259576315
117 188773.90503160763
118 9199.60462184535
119 42076803549.05531
120 135222707174.6565
121 508.2754494546833
122 934291.1018981385
123 7197.346205516073
124 524.8382371904165
125 91.70789455207155
126 6185409.514201401
127 16177.110364068161
128 3202148233.640696
129 4940241.65622589
130 20.893155932164635
131 1280660.9953570107
132 3.6994721722181136
133 -1.5342613663405413
134 28.127108895742012
135 6616.329203730132
136 4831.573696074193
137 1792.6915804835319
138 5.346654390669673
139 29.817511828961106
140 42.9991214464082
141 2194.665279707468
142 21.415207483059756
143 50.54486238416519
144 1148.679218108735
145 3994.2189491158065
146 110.37551798347813
147 229349.64590751988
148 5941.483003997642
149 1212829.0022484844
150 502394.11846542644
151 855.1398245244685
152 1217686.1243218952
153 9739.219608002531
154 2363.596260131778
155 74.47143445061968
156 3736732.5261304155
157 89153.80750898035
158 18478276251.561745
159 106479.33820104369
160 19.385431028575255
161 8552383.164040625
162 -4.2223682097956186
163 -1.5102976438252846
164 -10.216101799449785
165 -2.716728425824048
166 -3.9253463424880404
167 685019.5281844886
168 16.746905174965086
169 10943.596249859238
170 1.1712240206619038
171 15.371599494117396
172 4.9407715623807515
173 21.63477396420169
174 -14.997543751532746
175 19.150221035029535
176 -6.722507014421014
177 278.6034435033748
178 59.56383974939761
179 270.87877248178637
180 617.3507507036638
181 86.97194100188082
182 77.58864364087829
183 180.6641790499232
184 42.892585143488276
185 47303044413.946
186 8944.197757551021
187 10987.740005287875
188 403.2498246469816
189 280.7057672189151
190 23.1973060683698
191 110422959977.50829
192 937.3476418703814
193 2105248355.6510472
194 3201.2544981545198
195 1574.6284122308123
196 1078.5333751561882
197 -2.497455543857453
198 6.274322290257637
199 4.155590649509843
200 -0.7029255118612125
201 13.830596616387826
202 4.962658625504105
203 21.438506432995347
204 -17.083478954157652
205 11.026244130593511
206 -7.783886189858109
207 168.2360648500381
208 61.96670529757479
209 178.85062714541803
210 509.63791489635724
211 89.61436656536947
212 59.86359587685542
213 532.6245673403813
214 47.27517835742171
215 25249.41598405783
216 1513.4328990248612
217 5615.940723199269
218 713.1834519204234
219 240.26144092556154
220 23.831133728114658
221 1323045.9802049708
222 596.5793943051063
223 234619.13439412002
224 2785.804535318833
225 5989.795163880841
226 545.6337626430023
227 -15.666528415267475
228 -15.313142234482818
229 30.037599415777507
230 -16.242455852947383
231 -16.720623229549958
232 135617701056.75891
233 1137.2652231344614
234 4.845083792477539
235 6257.785488969103
236 18.18782014560777
237 8.777715109081829
238 1.5217963607496987
239 860236367.4765043
240 12.910585728284921
241 256101.98956050456
242 16.51811596005934
243 3.4706366333150096
244 166.43621098057076
245 -30.297464751962373
246 37.88626855055422
247 17.829011656312087
248 27.499373567855685
249 -16.425531093503572
250 161.5684122631845
251 428.097190143736
252 22.322013469544366
253 40851718.20060501
254 803.1041289269459
255 19.191744013142653
256 1517.456928975792
257 803991588744.9169
258 8591.165881905683
259 592.9886121379105
260 2362.2763764732363
261 33524301.200102564
262 -16.543615915296876
263 -6.839824279455707
264 -3.848344895893242
265 -1.9608194382577198
266 3.16542643739771
267 8.693293397174068
268 2.142664355763251
269 22.759466233371956
270 12.787305092341407
271 21.17218699613349
272 15.920705694617263
273 2.379263838939086
274 87.12962542916856
275 -30.82357877241618
276 34.448045080554365
277 21.625573510104196
278 16.136516151289435
279 -14.219095510990558
280 206.39077743643833
281 285.43943688839676
282 23.85297890734034
283 766.1498774439958
284 1300.7386986570316
285 15.08596397128569
286 627.4762705266528
287 7064.340337544281
288 1853.5778128709064
289 3748.2106532311836
290 2195.270211014327
291 841535.9027484977
292 -30.040872345883212
293 -32.73560582018519
294 -16.489588140998567
295 -29.97987914838953
296 -31.04693740558411
297 4816629060.848627
298 2.5750479798883177
299 -0.5726311751020212
300 7.8978276215424295
301 -25.672978156375486
302 15.622869639338717
303 6.132079865010091
304 22.99591280874183
305 1.6777975005736878
306 10.551911545102353
307 -22.97530293029667
308 -25.05412760225684
309 13.068165569509114
310 -1.5475577158816787
311 -9.55596277858556
312 1581.9575884074757
313 1899710.8697536204
314 25.204924429974646
315 24.140553940363624
316 32.35017601644585
317 29.566913444005777
318 5.8908732686068035
319 1044.8889973872815
320 64.29177229765907
321 30.510133156187308
322 15797.906083281074
323 48.218714473112215
324 18.336665825869858
325 962.2079157851223
326 179451.4311217015
327 -32.040470161889566
328 -15.77603288503212
329 -21.591949075432968
330 -9.19304837318552
331 -27.082109815024754
332 -0.6300528808872046
333 4.553434978874632
334 0.8784972789669621
335 1.8212527540410015
336 2.828136175335162
337 -22.248847220166294
338 -26.726408294967086
339 22.96541091143256
340 -2.546415405375234
341 -10.453808954502742
342 18.133557565829516
343 14.400471166056569
344 26.647502037003076
345 20.90369170225128
346 37.573696291018024
347 35.79962410608067
348 5.124980050546776
349 1159.8859635799477
350 83.53637495357061
351 33.89677385402336
352 2837.138145860883
353 38.33126870716958
354 15.8348820530139
355 631.4320961159658
356 64194.6589137125
357 -29.93124273279216
358 -28.63729383007588
359 9.41143089239095
360 -35.436106613030816
361 -30.458744900274624
362 212.02607539234418
363 -24.63929129936718
364 -33.382200953048475
365 -9.213484116399568
366 -10.750134775339927
367 -40.616064854310395
368 -8.245227827043507
369 -16.92557817184093
370 -43.126441938147096
371 -6.116826922119932
372 -0.39402734260803196
373 19.295586191592616
374 -8.261669362646971
375 -18.230888723130803
376 70.03784746582724
377 23.948693903295943
378 -1.7903203688302902
379 8.720015174925727
380 -20.249842168370584
381 -9.816342229763187
382 -14.75344955624824
383 10.807594598575156
384 -33.80268751876065
385 2570.2286931540384
386 -14.41913403268026
387 23.490636854106484
388 54.70650627025927
389 123.991481158863
390 6.415379826894155
391 0.01615079293825694
392 -30.983668647297065
393 -26.1038378046027
394 -32.71871941576862
395 -20.64409933095218
396 -17.59739065383788
397 -38.731183065531404
398 -9.303849953408264
399 -18.09074196505845
400 -40.75126392104046
401 -4.052367920848296
402 -1.9829162268316254
403 4.067808916068509
404 -9.394166058535156
405 -16.37701959845606
406 2.930657979382016
407 14.495114825394763
408 1.1763309224240972
409 10.913570532674756
410 -18.926384826394525
411 -9.378144469093279
412 -17.375664696423286
413 12.857271330328143
414 -32.29806985236413
415 17.868322543469336
416 -13.930563252677738
417 22.050394162176016
418 52.058476780374676
419 80.19990388982431
420 7.825408318509297
421 2.2395965310810646
422 -42.995044421757505
423 -37.71396968963698
424 -33.507800009042235
425 -44.43717557178153
426 -43.144412077958805
427 175.89807559714706
428 -25.69139498491167
429 -11.049007873347282
430 -30.96064888522892
431 -56.58178897935992
432 -60.47341355340643
433 -24.197310130714236
434 -7.286472883749704
435 -95.88300317536141
436 -30.47918714722818
437 -22.835803625704518
438 15.278190379871756
439 -22.322007309470564
440 -27.708268676381085
441 -7.68174961616136
442 8.157157126577959
443 -14.311248691019813
444 -7.55606529132484
445 3.07522474557683
446 14.412244282380207
447 1582.8906859011197
448 -7.13623460479954
449 1.9087573978914991
450 -10.554328546663454
451 -21.547857383556998
452 -18.671317755601876
453 15.011684171717995
454 7.692776356859168
455 -18.151391097027744
456 65.1047474160309
457 -44.91245071878013
458 -37.33129550762461
459 -33.71805153695418
460 -31.871296667604394
461 -57.293921363665135
462 -58.50527232780014
463 -24.816094192033205
464 -18.168472465337967
465 -94.30213705672858
466 -29.789861290679884
467 -22.901606195311416
468 -17.14848337842016
469 -21.887331197844365
470 -28.903841224377615
471 -9.15504117015859
472 -7.6264704189184345
473 -15.182409538142833
474 -6.742690043787758
475 -0.9336675003258206
476 2.9842266260966532
477 3.3728538697709234
478 -3.1995536090898624
479 0.7913437260390896
480 -11.285975329560534
481 -20.923972391615763
482 -19.322476998755576
483 15.000059727120075
484 5.132555930534435
485 -18.74165174767192
486 60.804828026830315
487 -96.5096125436871
488 -177.6092273426358
489 -4.181154050602544
490 -93.0346176458384
491 -93.86929875993464
492 298714322.73291725
493 -62.49597912241747
494 15.995507544648325
495 -139.87038585667804
496 32.43415916050779
497 -30.78230228748682
498 0.18771978231730024
499 131441.0908957195
500 -0.1916217677115979
501 -9.037630504183785
502 -24.5568663113162
503 1.4218888626097042
504 -7.629966093816282
505 10.437266970461975
506 112.35994370761861
507 -9.39268008066168
508 -18.48390354082619
509 -23.46389651479363
510 -11.185139565147786
511 9.063696104842789
512 -1.0647516858389612
513 -9.414023154038109
514 21.558891204560084
515 10.304712152233044
516 -62.57432098488059
517 -15.637441427579123
518 11.842413012494772
519 -23.5610350941765
520 -10.680613044230572
521 75.65233901410559
522 -95.18753119212474
523 -63.94171376196438
524 -57.13779321369795
525 -140.868269479857
526 -39.013968637289835
527 -31.690413498775932
528 -31.749209429828163
529 -27.553093744516378
530 -30.34070339970476
531 -22.599779688354378
532 -23.753113421573122
533 -21.551421614043722
534 -21.644724715176338
535 -17.58292780963901
536 -22.29258222087372
537 -18.731446084314918
538 -17.92461942346316
539 -25.20065937786427
540 -11.603189602352263
541 -7.828453404576426
542 -9.114379243805597
543 -8.424932055060442
544 -4.509948587318213
545 -0.7462692497551404
546 -64.54475727654581
547 -15.303803219637963
548 4.826579081676399
549 -21.969006204871363
550 -9.814756153789702
551 59.968310140337614
552 -139.96086023451605
553 -316.36181000178175
554 -32.088721412975005
555 -139.33033502260443
556 -140.10803097882592
557 56.72498981566075
558 57.215350014563974
559 -26.4588878375859
560 -73.28329835589234
561 -134.6412303477907
562 -25.78006214939957
563 -56.22959457912154
564 -27.11510436101029
565 9.703053760512734
566 -36.334974075117444
567 -28.751792002552396
568 26.519564154418983
569 -38.43550144083327
570 -21.535979238130125
571 -152.58445501871924
572 13.6006836738317
573 -27.893944630659032
574 -4.779901988469981
575 -9.820933777680722
576 26.78694843211408
577 -9.547062189234175
578 -8.639387706124658
579 -17.067450845255166
580 6.890849891819052
581 -77.45422233088553
582 10.468596915393562
583 8.974876554218909
584 6.228135816391298
585 -1.4704556086947977
586 23.99580683434564
587 -138.67064823110877
588 -96.2243607609604
589 -62.523358989247285
590 -73.28183808118119
591 -135.26769140850382
592 -40.595970464267886
593 -55.93124917653988
594 -32.103195077498285
595 -28.548440172766576
596 -36.82363252882286
597 -27.47719268361079
598 -21.362127374000504
599 -39.66837651822641
600 -16.032415508646046
601 -150.77590193506396
602 -20.266605805219307
603 -27.121589083652225
604 -18.623769347279413
605 -18.051230488312015
606 -16.455296016927328
607 -16.17729099420481
608 -12.012634060992191
609 -16.119758158925123
610 -11.123334718661571
611 -74.77281297701433
612 -7.71995617528467
613 -5.181261754209576
614 -1.7227800419319004
615 -0.5448860602058698
616 24.720708669145655
617 -151.6011431802238
618 -111.72915860110795
619 7.609350316418777
620 -154.57780049693338
621 -150.9988014617102
622 43451536571.32877
623 116292.43029199482
624 -195.27255537271165
625 -53.82789946300935
626 899.5145535755511
627 -92.46017574590867
628 -91.43057338901869
629 -19.594748614421142
630 -86.54179431316511
631 -30.414993646667135
632 49.92267216488389
633 -22.441778331357515
634 -25.155169951963853
635 34.76044428659927
636 -43.80340759672898
637 -55.2246218482802
638 15.91241967706832
639 27.176049770863788
640 -9.677088400303708
641 -23.611369791340266
642 21.78671275741619
643 13.068157955596707
644 -37.04969606322936
645 -3.0894799501982417
646 13.565201087444803
647 77387191449.98486
648 22.714005888807208
649 859.025883045768
650 3.5988778231128986
651 17.46289117344081
652 -152.07807297193443
653 -149.84742139893734
654 -196.77720767305726
655 -133.0333468929152
656 -95.30324606177128
657 -92.02490436189292
658 -90.63886138642323
659 -63.469329770431905
660 -84.63717292103192
661 -40.52382353650019
662 -35.20780752642836
663 -37.22533350311018
664 -34.86686332808296
665 -29.75148936102415
666 -42.92323661611126
667 -56.25379047825077
668 -23.521775508265556
669 -21.98202867989272
670 -16.97655231953596
671 -19.118178338236763
672 -18.0363090010992
673 -11.833373460406728
674 -36.72334627403287
675 -8.253201984625978
676 -10.635824002330402
677 -8.301104200808092
678 -8.85037042666079
679 -5.927587162677861
680 -0.4355905377326281
681 -0.4763504769813395
682 -197.02869989239753
683 -190.14174648266754
684 -63.43851958212374
685 -144.62824383826256
686 -196.1200606338276
687 30.549471403164237
688 -149.69888953476072
689 -145.5198197643144
690 374.2718988590362
691 4.1161618891498035
692 138.49130480571563
693 -109.68537213407546
694 -78.96998038998962
695 -33.216453727397905
696 -74.84151682009096
697 14.182842933038145
698 31.537910263669634
699 -27.873619421648694
700 59.071742275617694
701 -127.98304725658814
702 39.99629027199868
703 -11.296889679110148
704 28.29314124238381
705 27.973057169993353
706 17.388492725535283
707 14.278539461702628
708 -12.667561019605179
709 42.430560039879474
710 -16.598029057010606
711 -0.3842287397513542
712 -7.216199729214463
713 0.9316141585074401
714 51.60138323491901
715 22.252530557967926
716 4.666737551311122
717 -196.09480992558252
718 -149.71063086734938
719 -149.7067880998219
720 -133.44749212955628
721 -92.97054625424306
722 -92.89339877704874
723 -107.56583183483698
724 -85.3204039714141
725 -63.109553803901214
726 -75.49086912501596
727 -43.494871144323675
728 -39.60166556226098
729 -37.546271064942694
730 -37.27720700308439
731 -127.39178908493052
732 -34.898504476753104
733 -29.649182242774184
734 -25.556613155198256
735 -21.956693682041195
736 -21.74465739304065
737 -19.033394723241507
738 -17.794243891570304
739 -13.29428329310373
740 -20.01056272166334
741 -9.771576663787256
742 -10.391867202472621
743 -19.8409517168866
744 -6.506730781037179
745 -4.40208815633304
746 -2.0640883351846675
747 -192.50582393786942
748 -99.928282472119
749 -36.46912825491525
750 -170.83225429541477
751 -196.41720465697117
752 20.485548335392785
753 -148.64201802256946
754 -151.8623408764428
755 -142.47063699768657
756 -113.81420956057414
757 40.88937066832323
758 208.43118718713643
759 379.25287649743393
760 -191.66464127994786
761 3.355083898756207
762 57.149132316304815
763 -37.91997406995655
764 232.9884397564333
765 -48.561366353945466
766 -16.239562260427096
767 -31.073664473315233
768 -0.957861348378287
769 130.33805804122824
770 -43.361955484948375
771 -29.240066499846677
772 1.3386121977078096
773 -4.358127524277987
774 -12.450326572138259
775 -6.991303569989486
776 -5.326166491777014
777 23.668350716014864
778 -36.635774784396475
779 0.9891653706224992
780 -10.975499600722525
781 1.8533599831160825
782 -196.3622058239496
783 -149.54680554527698
784 -151.77446615185247
785 -141.5657903918064
786 -128.99384747707404
787 -107.26269131775811
788 -95.50428286206967
789 -91.19948757265117
790 -193.60932813179937
791 -75.155635339622
792 -64.42442868772227
793 -43.62574947768443
794 -37.927289806016454
795 -48.677780539703036
796 -37.78864744369303
797 -34.62249729430161
798 -29.389696205502656
799 -22.740551962511745
800 -43.4770153783832
801 -26.96008072574148
802 -18.061978339328753
803 -8.797075364129949
804 -16.492267664309388
805 -19.97981951170325
806 -13.87721246245861
807 -8.992250164547366
808 -34.951645511639526
809 -4.8122879218245345
810 -8.911396947850285
811 0.045106631927509744
812 -196.1712079511197
813 -191.89273548160648
814 -62.760553064183576
815 -145.41570338042723
816 -195.45598632789356
817 8.149842889105264
818 -238.9105994076698
819 -134.6025369366188
820 -135.58645420820392
821 -125.3069451401766
822 -165.72285465669034
823 83.57736997364565
824 -89.08677382417788
825 -154.0602464843303
826 -79.1643508100884
827 -58.83054071285639
828 -61.10206070945323
829 -36.94126403802911
830 -83.74780275044047
831 107.47714498835339
832 -30.145072653582815
833 -51.53346909614479
834 -8.761397233527436
835 1.637442218393136
836 -32.22853336215934
837 34.79288117965018
838 -8.896304250623531
839 -11.485838328096472
840 -25.914706014207834
841 -27.313868597795274
842 -13.675033606924043
843 41.180843485426685
844 14.570242136689462
845 -10.908927849988006
846 -7.779640109947854
847 -196.21077702314128
848 -235.86544476209414
849 -151.94332657996597
850 -151.9079446831782
851 -144.4380268676776
852 -168.5821404558937
853 -106.319869972969
854 -96.05402408745397
855 -153.13561581001719
856 -75.56730255129281
857 -63.36375345756128
858 -64.1743104770764
859 -44.40375217182262
860 -82.76517858054838
861 -39.555990673942006
862 -37.69251788708655
863 -50.013831934332664
864 -35.10794760599319
865 -27.889939610443612
866 -31.46845497431246
867 -25.295654466791817
868 -19.078568665159857
869 -18.61252571851026
870 -25.923054874436946
871 -29.653586386488687
872 -13.679040506773827
873 -9.226082866301933
874 -16.448626537345746
875 -10.01754641640378
876 -7.704960971938181
877 -238.74340396655342
878 -188.94085711629404
879 -47.50556629430442
880 -205.7627722011662
881 -240.41014951140727
882 52.81602815113415
883 -249.32423680372798
884 -194.14969281393874
885 -336.22147333091004
886 -182.37629446097918
887 -247.95029779993388
888 -126.97934467428507
889 821.1918935364565
890 -131.44191862218307
891 -39.78434207128669
892 -89.77046121700971
893 -129.24397340659615
894 -50.6430116548583
895 -32.44296914252234
896 -55.41396050075474
897 -47.28873336181962
898 -40.14768469248189
899 -21.832986958101635
900 -19.24735095488862
901 -38.694614626241325
902 -36.24037840110325
903 -29.77919534936409
904 -54.280395059101316
905 1.0725465571880717
906 -13.379088061997798
907 27.331376710227556
908 -65.01994817085765
909 -17.35071468371966
910 6.355149795955466
911 -15.740662996714544
912 -239.2575763332039
913 -250.41956067568583
914 -195.54960204471138
915 -337.28755868565486
916 -184.71290879435722
917 -247.29210972178154
918 -143.13288697073224
919 -107.08669247275047
920 -129.61830137231578
921 -81.47570369190014
922 -91.92346497810786
923 -129.9609411588042
924 -64.44884234789706
925 -49.94926005920416
926 -54.79138480137544
927 -46.23340202424845
928 -38.23605695915013
929 -33.7027344976581
930 -32.20302340700175
931 -39.626958516304214
932 -35.55473173669055
933 -28.076395259613626
934 -51.51265955568798
935 -17.637678360245978
936 -18.472165619998655
937 -9.381349906207497
938 -65.06152282343933
939 -19.063185344553048
940 -10.79883039850497
941 -16.186164089662988
942 -337.2172282336077
943 -333.57987652667185
944 -84.26341720679237
945 -269.75969826206614
946 -338.4364471898298
947 -16.154542217630496
948 -252.1663575932774
949 -257.2616307635736
950 -253.86559482374165
951 -239.02250949019538
952 -603.9941328154846
953 -167.24954199084414
954 -138.1029222354637
955 -203.5898829299379
956 178.53075440876373
957 -105.50577759632927
958 -72.695627831183
959 12.30762194133277
960 7.5022589660691485
961 -78.35812202907093
962 3.9416176139490613
963 -54.89778018210047
964 -26.822152930120538
965 -60.07211823882651
966 -35.37822950456706
967 25.37328056359274
968 -52.83296744674611
969 10.850351323691253
970 -34.48207568407582
971 -5.012151579836168
972 2.430226620236477
973 -7.855826201598655
974 -10.138673477616317
975 -10.477469818128487
976 486057424.17293257
977 -339.62028575899495
978 -256.26261547568174
979 -256.3277115705021
980 -252.967643324951
981 -241.48074098586298
982 -605.2222725778719
983 -168.72932502551262
984 -140.679974940919
985 -203.97571418942607
986 -109.34776002530239
987 -106.60490850241419
988 -80.81819768571668
989 -64.11073301086716
990 -62.736047950698484
991 -78.47485825607683
992 -52.093254273019696
993 -55.26662123889564
994 -48.10414960711205
995 -60.37735826416053
996 -39.04423913953192
997 -36.9099704979217
998 -51.78411864925072
999 -29.881757236727793
1000 -37.89599974608858
1001 -18.008072237487916
1002 -18.096460708544345
1003 -17.247078146574296
1004 -17.19094623204268
1005 -10.18651595044357
1006 -23.553372478607564
1007 -603.3707142181696
1008 -615.3386033685991
1009 32.27873907510695
1010 -649.6377562046804
1011 -605.654007218611
1012 36.24900655221231
1013 -301.4145776402344
1014 -363.86834019130663
1015 -168.1330442799942
1016 -211.56475712813565
1017 322.0323789653993
1018 95.7554929919832
1019 -132.36959966166634
1020 -271.1319051292065
1021 103.59853541962698
1022 -42.22717376518742
1023 21.280289704838317
1024 23.84981875467402
1025 114.57934740331643
1026 -30.341033074865823
1027 -45.65917138339677
1028 28.838492724912754
1029 -59.00115671092169
1030 -13.897280097303215
1031 -43.295102469805
1032 -24.710582691724465
1033 29.2594332934865
1034 -62.723171518780866
1035 -40.25757140218197
1036 13.430663675419105
1037 0.49382946842847364
1038 -3.52742731577802
1039 13.74165731347124
1040 0.34515294558828735
1041 -7.270217337207157
1042 -603.7837772995724
1043 -337.3165293672912
1044 -363.9447577645936
1045 -255.40790315069438
1046 -252.06796926651657
1047 -237.7659142778166
1048 -202.3129310208943
1049 -168.55192157845678
1050 -272.80525837971476
1051 -109.38477630130771
1052 -106.4543461568907
1053 -82.87933266595736
1054 -78.08743205006306
1055 -65.47026836353989
1056 -64.27456863381241
1057 -58.173858126534654
1058 -55.145543934876116
1059 -58.99123203788827
1060 -50.545347035217944
1061 -46.32145861119672
1062 -40.56381407137738
1063 -38.0089179412008
1064 -61.48658737597101
1065 -40.174510378691124
1066 -19.92347903459569
1067 -18.687570749676595
1068 -16.839632264305703
1069 -17.492934492379028
1070 -19.725753045883366
1071 -9.407576101109282
evaluations raw_y
1 436176.3540693041
2 34647584.98510515
3 29627160.732411534
4 29993691.496983413
5 346684.8089573809
6 19729996.05307627
7 131048414.93753237
8 17234901.175402086
9 180.01998487233544
10 62674.29985619848
11 482506.9614143746
12 1123.4625240899236
13 82.40261324938484
14 1896941224.9861922
15 192.69441953553502
16 86686643.00799349
17 186877005.2209228
18 392557447.9257523
19 181136.50715343156
20 11807623.955990978
21 370201733.73499
22 9863779.424686564
23 10489876.316616839
24 80171236.1168406
25 3613.103318679434
26 6470897145.980363
27 105400757.03703403
28 7116446.23102058
29 499692.87361910776
30 690122.8220372859
31 70.16017101935266
32 92.84336281953159
33 62.381634899692806
34 64.24321415689825
35 88.48273141437132
36 6941.506984174553
37 732.5776769778241
38 54627.0868349198
39 363.32137739948723
40 153.94173924435776
41 976.5357891566608
42 5049035.093908886
43 114.84986851302621
44 7423.168201307329
45 2.0988644000910535
46 282064.42047815555
47 400394219958.0917
48 2907.8516054822926
49 40015790578.36675
50 271080414.3045694
51 103.76232042469942
52 14382517.647905568
53 5246.2322861411785
54 3384661.575721535
55 232715808.92882723
56 1144280.4209027365
57 248892006221.51157
58 339.37392415259563
59 1254892.0404759818
60 20579031681.108463
61 19734822054.242695
62 3654.1386516154153
63 15802.843989306784
64 53768419199.6302
65 9719323.582862107
66 455591013241.4833
67 89.6346707968543
68 210.26845912781056
69 304.84352502569436
70 635.8733854976738
71 286.5490850983182
72 2655.374340632022
73 132610.93333863962
74 121.62633440437733
75 3812.815262358493
76 4.2986738482245785
77 267743.85999985546
78 9401.707549078801
79 8681740.415663792
80 29467182.187061198
81 97.64444595502705
82 3905059.6340583498
83 1979.9142096016478
84 4092852.8742861184
85 17877142.874090824
86 1473862.7590803625
87 4406519367.3675
88 713.2817476129109
89 423837.9609556203
90 91832708.5574091
91 1591077824.0162938
92 5932.416831467179
93 4818.6146830163925
94 28425060.52990629
95 1767327.3395123929
96 700534450.4996026
97 1.8905696178781963
98 -0.17901451587696604
99 0.20399845689394436
100 1.666058343721355
101 2.3142111834679366
102 201.07122925047847
103 23.35333157979375
104 40.70737482184189
105 25.66303467980444
106 94.29954106343973
107 52.695793923438835
108 32466880981.448997
109 607.9778227422568
110 9.13079248258287
111 3497.3843468995674
112 222419796.08427727
113 497139332500.03253
114 393.5648158628211
115 144.9424465457272
116 13964106.542938763
117 220.93821901227722
118 84.32350687691984
119 110.33022557395456
120 15355.359951112432
121 352283760318.5089
122 4773.544392980303
123 1525047.5795846952
124 75069.66391670458
125 214.3354043961101
126 154399698453.07025
127 118061889109.6967
128 5621.051825033884
129 2777.974094174258
130 409922936.344064
131 29328962713.492104
132 7930.086904223041
133 3.0363072244169445
134 22.785171135116123
135 48.508871271805056
136 25.81986084126709
137 160.97608608970498
138 124.48164948803178
139 375.1275783684456
140 196.7715803091921
141 10.161590854290703
142 7184.447514651032
143 622.5842883186253
144 12258.83505184432
145 223.30616777159935
146 288.6534766749374
147 366.9727111132997
148 190.14501254391953
149 128.2413086446973
150 30483.921295622284
151 258601.05111166922
152 6160.037631586829
153 306418.73032416025
154 4387.342271070211
155 236.4646362646348
156 23255406.154757716
157 2303236.9324045074
158 8145.29872247631
159 22972.50925559983
160 203167514.54563856
161 66490785.41841881
162 15531.306428915925
163 1.2483140953766796
164 2.6023097241942663
165 0.5942585948931063
166 1.7211875395043479
167 3.3747124428995274
168 169499820.00518316
169 22.29755300088856
170 9.61480951095721
171 17.72768953747477
172 36.49256955886399
173 506.99126207339185
174 21.648913224944646
175 14.201813619326698
176 15.594592942442866
177 616.0057618243908
178 141.01532784441935
179 161.31121869226322
180 134.55087985709363
181 3741900253.025082
182 95.1231841868854
183 40.4549552414417
184 1877.345902441793
185 1041.9148217808001
186 411822.1459077981
187 4829.117945867035
188 30.986013357338003
189 54.70519471740512
190 27.277785770552068
191 40.273576012655866
192 2051646.7523995375
193 21.84352246107104
194 4510.652004419027
195 122240602.8254389
196 92074589722.54262
197 2267.2538619012003
198 0.9943389999034689
199 7.639412518930635
200 6.8432494831352635
201 18.052576488243407
202 24.193764036040942
203 170.49463525855955
204 19.36413187857088
205 11.022463661252948
206 13.009627642960107
207 670.7018877531507
208 332.1678079864639
209 120.31037547520486
210 93.07669452444136
211 181.0467311673458
212 52.392396785506634
213 44.48235710887628
214 6859.09355703177
215 4348.748204088933
216 7740.894710609595
217 823.9880680944543
218 34.20465999032077
219 45.106534555551434
220 25.716059714827523
221 42.17616957759471
222 1058417.8966599475
223 25.879504129191435
224 4231.806897341139
225 5469634684.695675
226 76881538.82709146
227 1482.9066602268256
228 -0.7547012421050887
229 1.9241059436078582
230 3.841826860764913
231 2.302363490397489
232 0.41784116082769085
233 252592228.10037407
234 19.643564629786773
235 129.69947287716337
236 13.311661250949474
237 4.425401553699986
238 12.179478574375432
239 -5.809570793891062
240 19.704278916482913
241 26.756241731885666
242 26.79036768627609
243 14092.242546466512
244 3780.9202151905856
245 44.19698535986792
246 1249273.0386711762
247 8.229979977081934
248 14.74132426451795
249 27.298678886996363
250 5.031879534542574
251 54.790137767445124
252 26829.04711796362
253 -8.90781017046093
254 855.5745000652857
255 -1.8061021826976713
256 1297946301.22037
257 14.291737440772085
258 10289.723070096683
259 702.1492487161664
260 3099.4547669995977
261 2241951.5970482286
262 2547.4035499782112
263 2.810392745927125
264 4.715852714422739
265 11.190602284410133
266 14.768971842266758
267 4.2235886066487645
268 12.643996810847625
269 -7.50414307408585
270 14.597002595755338
271 22.304632668563464
272 15.921760385215858
273 30.465883386283263
274 45.00088440935907
275 61.64387032244243
276 143.18788846646987
277 7.403283659906743
278 15.101775542238846
279 24.555576570795566
280 -0.8386079034704013
281 57.31056422851785
282 208.71766220868517
283 -6.178462228948216
284 766.1561868269883
285 -0.6107104030275385
286 7699.248869225647
287 15.652018349319667
288 5223.444074029611
289 375.3745713393374
290 5973.615923530099
291 548822.989717366
292 2834.588991239201
293 -9.829977744854222
294 -8.237953000059195
295 -8.476314180617873
296 -10.33062931821296
297 -10.592848605728392
298 63077.84813552646
299 3486852.872355258
300 -26.25307032000023
301 11.339628932709624
302 14.196261901995493
303 -7.575350169223494
304 -11.166631568413468
305 1261.893144000593
306 -14.775135196261207
307 5.29847146364644
308 2.5457469725838378
309 9.537025855951978
310 22.642681775441353
311 -15.618288809998452
312 11.75131842098085
313 10118313.081462303
314 -10.435834818862068
315 4.753351283547626
316 23.973968264049784
317 -40.90361122350494
318 322601.01743681554
319 22.007851836830344
320 -24.950213492247585
321 90.4001528551254
322 53.91172690829932
323 19308.44399035141
324 8027.1855961164765
325 15.963262275117044
326 25.057811827616604
327 2311883502.8715377
328 -11.086120611792506
329 -4.180675475071818
330 -22.378595389497065
331 -2.044055340995384
332 0.9421584519615434
333 -7.280927737333159
334 -9.159075534284526
335 7.584635731167204
336 -12.711643403311811
337 6.130159639577889
338 3.4526914823689285
339 11.04240531790816
340 11.46616484532551
341 -18.471817373920288
342 10.437953089118349
343 27.18579515278139
344 -9.297754337363365
345 9.46143967365117
346 21.68343146401527
347 -41.37373434390559
348 77.10207586060281
349 29.702386750722926
350 -22.579534743908287
351 352.68852680494894
352 40.466890951248494
353 5086.178928372515
354 16207.86386066276
355 37.33818185380327
356 22.512378175789067
357 452935.5487369164
358 -40.09723884242418
359 -36.6788796028678
360 -39.50193966177807
361 -57.11321618605139
362 4.624517586062129
363 210369380.38685742
364 0.5792660699310459
365 21.220275598899303
366 -5.813115314484291
367 -15.435564752313063
368 1.851105466026227
369 -11.881140329442857
370 12.562610656963782
371 7.402564768916404
372 -4.930828257943155
373 11.868210843814802
374 195138.38943649616
375 88.55109408720682
376 18.892264477325128
377 496327.91083010106
378 10.593548488408164
379 -6.4775802485905505
380 11.227270752186502
381 -0.4783162680846179
382 14684.042143488645
383 -8.616938422803758
384 14.784452919491196
385 6.299651277227749
386 21.618533582673347
387 115.61517485165302
388 5.11966276853189
389 137698.6362160658
390 594.3041458558721
391 59.73198636538949
392 509339676700.5414
393 -40.39066138946406
394 -19.35233952621654
395 -27.109799056180936
396 -17.8647328902834
397 -15.30412375629543
398 -9.930136659486102
399 -10.957569497551203
400 -7.545301153952686
401 -9.89684519014545
402 -5.291812720704495
403 -1.8988434923139192
404 3.0621279725105763
405 2.7395617552725264
406 5.472778359052441
407 8.968051483402641
408 9.383810689364308
409 -7.718755430607394
410 11.511545100192262
411 2.1329150534972774
412 21.27888019781201
413 -8.753327696228165
414 15.875433624178491
415 8.627132077275368
416 36.01292111611131
417 68.15875425572796
418 4.835150531230261
419 574.4297342685701
420 825.2414395411049
421 54.17366429205257
422 258310.09669836902
423 -39.79338209570296
424 -37.20832094926647
425 -40.41386462852445
426 -56.72954834887414
427 -21.830207661347366
428 494.86083800058674
429 19.355770168932924
430 387.665740462384
431 2.963011457371478
432 -3.8044909546776724
433 -5.500734287873797
434 -2.3075207388674475
435 -12.550208094329372
436 26.777205194653366
437 33.943295332336014
438 7.325315744447857
439 1317.458728956724
440 25.82168073666093
441 -26.799081946645877
442 7.3256558456998135
443 13.924230456807054
444 -32.243869432777515
445 -8.085334086816589
446 23.95563838952243
447 5.073262582816848
448 639828680472.0624
449 1429.2528031466825
450 63.01589257043858
451 17.340494603785025
452 5.287749550756009
453 29.36750365262302
454 103279.07485523155
455 11170327640.422724
456 32.774625283783145
457 155.74136547277337
458 -39.45529243204629
459 -25.847113482899267
460 -19.624712036909386
461 -17.87762300360107
462 -16.878737675034262
463 -11.06213257624282
464 -8.762860275664444
465 -12.746940259474947
466 -4.134725804770957
467 -7.079843246085939
468 -7.911656427103145
469 -2.425470477952798
470 -0.44924194205959767
471 -28.206804415182113
472 1.4833666908881211
473 6.309131648445481
474 -32.28003359651182
475 -8.235571223615059
476 6.796244864836876
477 0.8319630750594551
478 6.311831676470723
479 10.047628095713925
480 26.313584314473587
481 17.263739709716727
482 12.500430679312052
483 32.51221387693014
484 96.70932606955392
485 368.1912266497609
486 41.458672008661104
487 94.83058475304118
488 -37.42565302245545
489 -37.381134338706715
490 -40.07984070959233
491 -58.829672514141876
492 7.856860357650234
493 106061233.24816163
494 -23.547714364060926
495 -11.790550261728553
496 642.0489982933667
497 10.972489403834212
498 27.36005492768582
499 -12.32912577825069
500 3306.4128492998025
501 2.7029282551789073
502 9.040068061958284
503 4707.0085717106485
504 33.03368890752939
505 45.913287184544835
506 27.093338817400525
507 38.17583883371324
508 450027.26851781
509 -4.725392441219161
510 6.736407334215707
511 0.07234955762270867
512 -23.857767979349962
513 -8.17385696331994
514 22.66342614765563
515 13.35767927786733
516 52.149912306671126
517 15.29095900835312
518 -76.83473061539941
519 -12.557000233436613
520 15.34497007821951
521 15.330773025330664
522 0.8959601631050855
523 -41.38126748443163
524 -33.52200758116629
525 -29.38851487791982
526 -27.027297617926358
527 -20.16971607886175
528 -18.65981152384704
529 -14.423571813463054
530 -16.318630341842137
531 -14.130290480525328
532 -9.286976507315913
533 -8.091778609670182
534 -6.589969808886952
535 -6.536986640489525
536 -9.685317325304556
537 -2.8222426799968763
538 -2.876239170201699
539 -6.1446714137327225
540 2.5659763657715122
541 -1.6475280975562634
542 -19.830649519679515
543 -11.10078257088588
544 9.82341947753172
545 12.10562825774808
546 16.16459322713438
547 28.605561967241126
548 -76.11128502079995
549 -12.000457000467659
550 15.511472616345802
551 27.008250925404628
552 4.393914637402709
553 -70.65947477042782
554 -77.23563402413222
555 -71.22523467814361
556 -74.18660836917772
557 -6.437235600837546
558 173.36740403598435
559 -13.285805985077975
560 -26.709114048305423
561 1781.9855258162333
562 20.91442087204162
563 17.59587575781854
564 -24.267669896784664
565 184.59592599899963
566 12.525782500617732
567 -16.06892807310701
568 2367274.075917439
569 6.398325556989945
570 162.0750181606961
571 -16.730217910246175
572 1.2994290757842668
573 156.72567810450985
574 18.919287789751543
575 48.02723800978867
576 -11.52252450753568
577 -3.263892223320219
578 -19.376073248625335
579 -18.40050702895645
580 24.012566911218272
581 -1.6561378493443284
582 4.368793723964395
583 25.89907337121121
584 19769.12142353725
585 111.07791708881851
586 7.99061167774026
587 312.54172812317984
588 -3.0226823830356873
589 -70.18741842627135
590 -40.199394237490125
591 -34.470361864039035
592 -26.245067182774356
593 -26.306180867550076
594 -22.22709712876286
595 -24.640505877309973
596 -16.137180086209142
597 -15.897291859460648
598 -15.514759168444433
599 -11.57653395191325
600 -13.005691368796837
601 -18.517815865238987
602 -7.7525840185258605
603 -9.064887580588161
604 -6.387782338953548
605 -7.402013772937228
606 -10.73475923629899
607 -3.297203331621416
608 -21.165551528421574
609 -17.832348903266613
610 1.3590755129634395
611 -0.1111359654035946
612 5.1930459587637685
613 6.704257343033845
614 5.875717465394753
615 15.56027850886671
616 6.70943757597595
617 35.59423806504585
618 -3.660739354712608
619 -72.94457246478719
620 -80.31785660814268
621 -70.52069270895316
622 -77.45297750369242
623 23.96825719957363
624 9291.737681172988
625 866845698944.3746
626 -27.344155558752956
627 21.323515942088665
628 2.5047177223847314
629 -52.644126848816796
630 -11.007056461596592
631 -0.18862939046706995
632 16.65815678413613
633 31.773627470706966
634 28.499504019963602
635 79.1798690401718
636 -1.0979754652100784
637 -13.476828445231508
638 -12.167164002614134
639 -10.290893021103864
640 14.732134724952571
641 140787.97221878511
642 2991.2971564730865
643 25.582198059938325
644 9.591998981332463
645 29.144606403901573
646 -1.45090136097188
647 -1.8400681736471842
648 -7.341544069118362
649 -2.0284331958959396
650 74.87568137502643
651 0.18068130867626708
652 31.406583003984547
653 -32.864624405622145
654 -70.61230107204784
655 -77.60654074971117
656 -40.68952907849799
657 -33.35680472992054
658 -25.53547758229868
659 -53.7725674211138
660 -23.36967845620272
661 -20.491491120092526
662 -20.965326763686527
663 -20.032364843038298
664 -18.386835378103804
665 -14.801334991041733
666 -14.46169641274356
667 -14.736408378250209
668 -12.51427060330723
669 -10.756547711665217
670 -7.77281542307931
671 -9.155047498508287
672 -7.999432592239022
673 -11.501475747836974
674 -8.373161585912275
675 -1.5828996346262039
676 -4.389875530403216
677 -4.500805986156834
678 -7.4317752048531425
679 0.675892906152207
680 6.0256306892672455
681 1.6789652651436544
682 6.334739909787011
683 -30.642622906486636
684 -73.56003112266556
685 -75.34285824459164
686 -74.09711281454942
687 -73.15007143626384
688 -3.5341712126937446
689 11.599381245845723
690 2877.295485962817
691 -84.37046068149806
692 128.88808634400988
693 4.382688242740022
694 41.52643098736151
695 14220.084791457126
696 83.72055521504662
697 18618739.089478318
698 68.39710491286839
699 -3.6178115778691033
700 12.73961878444663
701 0.5023932102358071
702 -36.34550075556631
703 -12.19945933511463
704 -1.9672841094122275
705 0.9360225060154526
706 5.490665857173911
707 50.60439744705444
708 29.361225185436233
709 -9.555950627239515
710 19.159544198630794
711 3.2319392732862475
712 -3.352174978661794
713 -8.937011531538548
714 24.03175316377579
715 -8.06677094514287
716 7.960467830323275
717 102.64832875476282
718 -7.7482124607009855
719 -68.76608502068454
720 -73.24795721353995
721 -85.89328473647335
722 -39.05912889768343
723 -33.376114334253096
724 -32.07982804816997
725 -25.362942234779386
726 -22.699398211014532
727 -20.802885551715228
728 -23.406966438855225
729 -19.05618062247735
730 -16.532463082913576
731 -14.91280780288395
732 -35.82000656599938
733 -16.196843162241613
734 -11.69819083451973
735 -9.353131199168278
736 -10.803962513336753
737 -8.806814927394056
738 -6.177690966891042
739 -8.357878635980875
740 -10.056951731215184
741 -9.643913818719554
742 -4.324592718750677
743 -10.624685246177236
744 -1.3854373157496394
745 -9.071502819540942
746 0.6542575998773872
747 9.819893416235919
748 -6.0171686172248275
749 -87.06457757037307
750 -87.35516515163539
751 -87.61706710548188
752 -89.45079545072197
753 18.454914104860435
754 5832.738997653693
755 -63.89792265572396
756 -90.25315312250743
757 -39.43989264947633
758 -34.97877573458257
759 44.14424384166455
760 -42.30975038319033
761 1341.2116004885638
762 24.985629916172567
763 20.88083685206867
764 202.8928129304823
765 418.5072222205102
766 -6.4913574828611535
767 193.42951778039088
768 0.5326077948647474
769 619.3863586010608
770 7.040950587799132
771 -76.09505198679695
772 11500981.12604881
773 9.508994364733443
774 18.99652971929171
775 -1.0416826351940303
776 36.110417264064886
777 -8.933862582294767
778 2.9495481250803803
779 95.46017649261995
780 7.663577569265196
781 35.83488410684602
782 26.984729106184226
783 32.373998742336866
784 -85.13784836014274
785 -73.32884855696516
786 -91.24409020189667
787 -43.85426317627375
788 -34.99412581081573
789 -32.664425672971596
790 -41.257303737750526
791 -28.22463372956759
792 -22.25490402212591
793 -23.42923526621245
794 -21.44130572083672
795 -19.22899457594236
796 -17.046826020529025
797 -17.82323722037316
798 -17.74560725977278
799 -12.721157743008384
800 -12.417322540601566
801 -74.1055781965317
802 -12.668082012243268
803 -8.415493246403315
804 -7.308234236583448
805 -4.512390408533086
806 -10.47725756704942
807 -9.608641421253035
808 -5.850582173069542
809 -8.040390205368244
810 0.5486667133246688
811 -0.5886419351126198
812 0.6044592624231404
813 12.520719220257972
814 -88.30094412017331
815 -87.52513739639319
816 -89.3938382232331
817 -87.7817628791782
818 -8.871241419806463
819 17.206555561898032
820 -77.38670900310326
821 -22.70379310469235
822 -76.16789529814653
823 124.01538890102307
824 -52.23109344245473
825 -42.89109267835428
826 -16.2178240727672
827 82920.28495864902
828 344.51186112493735
829 21.86277047854433
830 78.7731199795831
831 284431031.39249074
832 -1.1000817373044824
833 4754.783589522845
834 21.61287256234693
835 -21.830718449859955
836 37012851334.80459
837 -0.2979297867725215
838 333.2584097251345
839 13.99198847389983
840 4.503898401725965
841 -7.565752440781603
842 -7.480958055419551
843 400.6938758695325
844 -40.655861784844696
845 -7.547804073939431
846 17.980279246059144
847 41.044680020612034
848 19.640992701284024
849 -91.65552831902592
850 -87.87604056592238
851 -75.32646189662313
852 -76.97860417411715
853 -41.566789578148274
854 -50.99188443927945
855 -40.13754101991038
856 -33.55053495949346
857 -24.971186790475485
858 -22.502900115308584
859 -20.608166143107635
860 -21.312464953625895
861 -18.278476448838667
862 -17.223383520719114
863 -15.066240152382816
864 -17.77472986116972
865 -29.841104000730628
866 -11.298683524984993
867 -11.95079699671081
868 -6.703067988400621
869 -9.182613972633167
870 -6.2688272704468275
871 -6.717318862927193
872 -8.83473143243316
873 -8.102276684526219
874 -38.100174323103715
875 -10.78506108754913
876 -0.7781675887794444
877 0.901361194650008
878 6.485919337174867
879 -87.68510090395887
880 -91.31984940233674
881 -89.12397023674669
882 -89.8413909895834
883 22.644363368618485
884 87.45493309382061
885 -84.2117414987808
886 -83.60081422551461
887 -11.923194726273257
888 136.3076041771575
889 -48.19845544753889
890 -45.18426098264273
891 -341.0207136480154
892 -18.358873959999507
893 -28.756254228723414
894 -5.906239499507319
895 42.85447017488847
896 24.986796038625037
897 28.671342432544062
898 11.76998312687721
899 -66.1366049204323
900 22.197686406681193
901 140.0916721529456
902 13.641848100627389
903 6.170480546564232
904 28.43834102057763
905 -13.801840211733424
906 50.062942357770076
907 29.40363185085049
908 26.469234464749153
909 17653.86158064915
910 -27.501733580830226
911 138.40159740257346
912 17.870212385623425
913 69.74678040476883
914 -86.65972313389507
915 -86.22542499061176
916 -82.48470489024906
917 -73.4096433489679
918 -49.34745075009776
919 -50.85284535856991
920 -47.20147822789826
921 -341.39788141771277
922 -32.730938288778624
923 -25.326018719190103
924 -24.77332868215567
925 -22.781634096241312
926 -22.716383023201914
927 -21.098718569250423
928 -18.532506544268017
929 -66.81823474405253
930 -15.986148436124397
931 -17.00449257112161
932 -9.52018260047729
933 -13.433253145117941
934 -7.957094483275563
935 -12.39314332860269
936 -8.183191921400399
937 -5.556499704722878
938 -7.3795252610076405
939 -11.214482940286153
940 -23.57532206343066
941 -3.4140484187747404
942 0.8164037412046459
943 8.860911191129789
944 -340.8662895524008
945 -341.80416942492036
946 -342.6513012250696
947 -346.166092714977
948 -3.150249629940331
949 49.49725099994455
950 -89.7149170746905
951 199.92879283554964
952 1022.1405506469542
953 -21.45267494258448
954 -72.00496454350458
955 -56.32457493369824
956 -59.230912200975595
957 -41.583276174180426
958 33.64689282642917
959 -29.34463209653317
960 54.443342812701694
961 -20.570573788939647
962 -26.59991302278774
963 49.56663462546144
964 11.434089275736667
965 3.954398176384644
966 27.425534186702382
967 3.8636254425737615
968 20.59363988936042
969 39.68875899045525
970 31.293883750874773
971 6218.075444579098
972 1.0601358337616942
973 -34.45909268132805
974 -5.117028881989247
975 10.655915127141151
976 25.824622906634346
977 21.011278948270764
978 713270148.5913639
979 -344.78747913578195
980 -88.83970549761227
981 -89.03556811952551
982 -86.22373916831282
983 -64.73775802421916
984 -74.12574857208071
985 -58.63471273764786
986 -58.73424975397032
987 -45.74525133041707
988 -34.57691246176585
989 -30.78518444040099
990 -24.714384557093073
991 -27.681380096980906
992 -29.135747675916633
993 -20.07987198916227
994 -19.41704646033324
995 -17.203702282365846
996 -17.29047027135924
997 -16.674748472075432
998 -11.416953551332055
999 -15.016126047865166
1000 -8.931658734220537
1001 -11.019840974847272
1002 -9.282303848629205
1003 -35.18198343790851
1004 -8.960273815905671
1005 -6.423749694401586
1006 -2.5108623426451677
1007 0.657096909905563
1008 12.62749582719635
1009 -345.2381497666816
1010 -341.4754406247744
1011 -344.66220163671727
1012 -344.8770210473247
1013 23.013231102025266
1014 22.53543042091887
1015 64.98901100423227
1016 -87.64768947273565
1017 870.8922732304025
1018 50.7538973138229
1019 -17.193471141636458
1020 94.45055313100232
1021 100.41161321089947
1022 -73.0453107439067
1023 -65.44743308974556
1024 1057.7853930216022
1025 -106.67913860337329
1026 49.42630696638441
1027 -8.197933502878653
1028 39.908101499776286
1029 188.38669837086292
1030 12.289796251336831
1031 -3.206827655023565
1032 5.197360889790541
1033 18.520618986148243
1034 28.396730594870785
1035 1.0385514622341279
1036 -8.034418718836795
1037 33.4317135075803
1038 -13.393088476280953
1039 11081129475.70996
1040 11.796472930824144
1041 23.608064396872155
1042 1.1557818817069698
1043 23.35449615746742
1044 -343.29807232894615
1045 -89.7063260324273
1046 -88.55898431542039
1047 -80.97440960105575
1048 -73.18772400208752
1049 -69.26336351776246
1050 -59.68095673106993
1051 -58.329921691303
1052 -74.1065082032456
1053 -65.9102013942527
1054 -31.616958424098723
1055 -104.16892734503425
1056 -29.522127645583673
1057 -24.36213035570928
1058 -25.595906331527612
1059 -21.85971688109442
1060 -20.272304281527937
1061 -16.351053679629437
1062 -18.029756612515406
1063 -13.1145134216473
1064 -13.350684033908024
1065 -11.893499993458617
1066 -9.924400918774305
1067 -8.664989870698136
1068 -13.81697416864956
1069 -7.090949246835201
1070 -5.314914695920632
1071 1.2392041250273351
1072 2.7952347497776047
1073 6.822827101739606
evaluations raw_y
1 11751589685.692596
2 142982757347.47595
3 299040649.1186335
4 20398446632.50727
5 40146069.525502436
6 4429935.263735359
7 94709731.07460992
8 38.697819039381606
9 4132.221794131929
10 272.8465211594087
11 898135.1649938072
12 102000171.77611826
13 7077316.694258899
14 64179442.09188042
15 2366352.135380618
16 248114.2101299242
17 256022050.00385162
18 324189767.61193717
19 1657044.8971885948
20 12199.051158781309
21 1496781509.7554665
22 133861565.62069257
23 183376028.59454033
24 478825070.7579304
25 75843111147.1967
26 1834569845.9621167
27 19103171.465968464
28 314023561.41522825
29 4539359.311729335
30 3145289941.6074414
31 36.53368095497765
32 36.80208749822805
33 45.85401795291521
34 37.374493788658356
35 40.783563866272594
36 21486426617.785072
37 845.6183424055873
38 407857359614.9059
39 189631837.53949192
40 64.08289758589936
41 1433123.5329909774
42 545098.9381875431
43 1911.127474585075
44 128089402.60617732
45 58.83917611459863
46 25.218777725660097
47 12678892.076307587
48 32592.784259676824
49 2886322006.371868
50 170219.65077215835
51 354068880408.49414
52 73.94269478927474
53 650578.3175927462
54 274216.46200565994
55 31651507224.577415
56 58398058.683985986
57 -11.172064783584805
58 42.15922276327261
59 8636524253.683264
60 10716.026995616421
61 120781.36034071271
62 121.81161046067287
63 51.71812689781609
64 17405992.96455868
65 199877749.6913952
66 35.2934770222532
67 1233.7156201662924
68 29868.22706720935
69 1845.8229724055748
70 56.89790651667303
71 852421.8620966831
72 179039.6710582757
73 9816.475380331309
74 955199.8791025187
75 40.70282532413564
76 26.329120732476916
77 9619621.735237088
78 22840.16805771875
79 148350112.42394534
80 383644.6302890864
81 9067978.610044813
82 82.45172215598026
83 1550538.7575037284
84 1825166.0061878145
85 12834326798.515533
86 2364192.208357593
87 -24.147135802243447
88 35.29350114820411
89 82805711247.47894
90 3306.1486770489714
91 36459.22137962447
92 95.64822087847847
93 62.44987180286282
94 136573039.34359038
95 216884995.95708054
96 -21.307131189255287
97 19.54977268358934
98 -12.840911337626608
99 -5.841221387577068
100 -13.140688844577275
101 21537.711113767393
102 7.33933592416938
103 31.27038995384594
104 -10.718162332132383
105 65.00171175676091
106 31.213959241769636
107 1365.8526849680168
108 13.940484842429028
109 11778819.585933652
110 14.480144272465584
111 1203.4551829513875
112 -13.68068240052487
113 -13.942786330746657
114 286.8291627034506
115 1056.7755378127615
116 7.975626718103268
117 3050.025979175385
118 23.910779538473466
119 97816.16040643681
120 49848921082.62786
121 194662.05186632107
122 11789642179.988504
123 1776455311.9576855
124 126.70395111456452
125 1668967.8033917008
126 281.705625893253
127 10886042.643401379
128 27165068917.14535
129 285.21908520191505
130 637543119.3803598
131 -11.048460104447768
132 4.371200438692945
133 29.76486852592453
134 -8.066511163156704
135 55.2009127751211
136 31.22291280254
137 37.8347163381265
138 9.744608671515282
139 162.09778423460287
140 19.278003206264163
141 322.1957696577755
142 -12.901175695199596
143 -16.976068003793568
144 316.8373779834644
145 1543.3669249967702
146 5.754028165653457
147 2346.1045375756444
148 23.09333469962361
149 8991542.11879203
150 149157740.74299774
151 185524.71886816554
152 206978.36846033926
153 230851920.39357543
154 244.32982868683868
155 199010113.31872368
156 1026.0888492857182
157 1744676.5952194342
158 6055803.58379663
159 137.27994898865964
160 35207952.11258734
161 -10.043080273376473
162 -14.908303895214067
163 -15.19915135375437
164 -13.060082145617864
165 -5.091419150488006
166 18949309.107796066
167 525.7796383986414
168 640668.3470878307
169 -4.386755994889223
170 12049.92469806012
171 120.65230685129987
172 97.98374650448699
173 190.23912047938722
174 10.088167806260893
175 47.50680300136838
176 -30.18252941232221
177 625651939.1136799
178 218.6336971320423
179 16.003852714004985
180 116313118841.27232
181 22.71986479307626
182 108.69649455445504
183 43.322374664211424
184 95.41728508354743
185 87.76427262572929
186 274.7718056019486
187 557.6415183675568
188 62698.12637357202
189 20307.94435737041
190 27230604.45555733
191 20.456110167889783
192 6470.342479306252
193 135.68569692090222
194 248873008.27970392
195 8666123.362374092
196 -17.401859172355557
197 -10.677152012361482
198 -2.7749850838325654
199 -12.878165332257216
200 6.752759873126108
201 5.15296769137917
202 10.033274752885582
203 17.3627839218175
204 10.954144078578194
205 28.752816085250934
206 -29.904273121266357
207 30.160650326071924
208 61.31107772416932
209 53.83002465005023
210 143.67744550394903
211 39.13892778320121
212 104.89592598020738
213 80.20516374893862
214 17.067117602581302
215 79.31851039669856
216 1057.673924503874
217 699.2683164844449
218 15983.8013633965
219 6984.816806356259
220 31947118.03959227
221 22.666832427803875
222 32826.55295776387
223 95.89793942890527
224 2385328.1985936263
225 12401956.69351467
226 -27.01101534712571
227 -28.099098639034185
228 -29.40532705238252
229 -30.90950327153992
230 13.330844723770403
231 25810516.53871598
232 423.81563709036476
233 -13.422376482927891
234 10.778908175870162
235 -3.8206877684504605
236 14.817626329404739
237 3.3034000486432014
238 2741.3565677907905
239 -2.0714680474304026
240 0.8042662349831073
241 14.436125452423788
242 27.498080526791338
243 985454.6060531879
244 16.707031610166613
245 11.071318046289896
246 1015733935.0402328
247 12.6011612979646
248 -32.95121714192768
249 0.3865517987245166
250 27.939220171563385
251 18.678473442546377
252 18818474197.354824
253 818.9185142861853
254 63.45713762480483
255 4.349261689129882
256 16087274842.886805
257 3.7694258957381455
258 149931.31438392005
259 -3.1228384671150717
260 2154198302.5336657
261 -30.856977868327977
262 -15.327971286471996
263 -11.809819745381953
264 -14.870658987231753
265 -5.9089952837772435
266 4.888745248389256
267 3.0197319903296664
268 11.653042385904062
269 -2.982395362516095
270 1.2578663689406144
271 12.392649117649501
272 23.5488743493131
273 27.11481064293681
274 12.545467185771662
275 12.865448073602279
276 27.024531723403726
277 17.8596099909038
278 -32.34023084426799
279 0.2721504031181281
280 34.09855734341369
281 13.094470840976516
282 190.25869982463195
283 2063.148749924047
284 38.35615909834467
285 1.3664378957997303
286 292662.09619643056
287 4.695586415769428
288 611442.9428518871
289 -0.24076911470739681
290 135477761.48055398
291 -31.977860700407728
292 -34.15627261564645
293 -28.96330239170641
294 21.228550032366137
295 -28.970452632111066
296 3490.3035845791455
297 21.857322770735294
298 -14.8031908174484
299 87.51275298271199
300 -21.892182122868547
301 104.2179984240353
302 2.7494319752279366
303 -33.87830789915277
304 25.738927350272554
305 5.798552433510942
306 35.9283255406114
307 -0.986961232999696
308 10.400223805877808
309 0.8379934313608697
310 95402.46044891783
311 13.902859174992361
312 9.48027847017025
313 23.527620114924044
314 24.024166805307715
315 125.61015300148881
316 20.692157729214156
317 62.8393269193583
318 9.631800400476159
319 16.661986737186115
320 10.395165343773627
321 1652.4495326622598
322 88.52971429146604
323 781.5670709032954
324 93593.2103987615
325 468198014.8593115
326 -30.561339589188766
327 -31.147636794572918
328 -12.980785775452851
329 -14.27804530888039
330 -21.093781604313246
331 -4.943485827963761
332 -4.607818005453182
333 -32.48681053896632
334 0.9104591447746604
335 5.280321964506406
336 3.1330973225377923
337 -3.9398679336094
338 10.61430197222157
339 1.4488993815489755
340 7.3793294401372105
341 14.362582779622699
342 10.43854785380294
343 14.45886570937913
344 12.692398429891332
345 19.87225324826543
346 20.379865523457394
347 45.493781590311194
348 9.842303121551288
349 18.49414870736314
350 8.674238466556682
351 111.37845764902282
352 79.187182614038
353 5212.350889440401
354 103287.75867542684
355 18204221.01416524
356 -33.96247817974038
357 -32.075522281208215
358 -32.951661096460725
359 -31.507004713833147
360 8.918295797345982
361 693.6177644572881
362 -11.449743155206853
363 -15.330473435223915
364 7.908143345527623
365 45.241993890416886
366 4222.508063589282
367 2373930.9461785783
368 -4.737097165000707
369 -5.7453637726115385
370 -57.97884465667604
371 -0.7386812852202523
372 0.20208233206864934
373 -4.8678811152591575
374 1227.9325520597556
375 24.291865191513928
376 8.832306370379026
377 13.985415934867056
378 19.971041732635406
379 -3.353681860640853
380 20.515616249649213
381 7848289.95164154
382 11.04397484654336
383 3934103.0281246034
384 8.40767494314563
385 37599898.92328175
386 38.639708041824946
387 2396103.258823801
388 1910.677343038929
389 17.6464044657137
390 143.70366210919505
391 -34.575144114909314
392 -28.871352449796863
393 -32.081423546639286
394 -21.979457961469464
395 -12.538504396407705
396 -15.562727939675899
397 -5.004264190502504
398 -4.557568991037584
399 -5.756283331884896
400 -57.342178014412205
401 1.3003448560065056
402 2.7372127560914814
403 -5.8843668939729525
404 9.002972669828372
405 4.036040510486664
406 10.266143974058753
407 9.559907650171086
408 -1.2878136349944882
409 4.44665474299549
410 12.723881578365468
411 16.767274391530805
412 7.713259963161217
413 23.48110106539942
414 7.303635191239956
415 59.33798292308497
416 44.49790234591568
417 113.42729490342865
418 1050.2640173844725
419 18.38823304931311
420 113.25491775590551
421 -56.98948889834206
422 -55.592260916508
423 -55.55285578485964
424 -3.827775943362651
425 -46.960482045812356
426 75.19848850940275
427 -45.09956937041297
428 -22.3893161510982
429 107.66157171312342
430 116.06199287235164
431 -18.35121604054927
432 -7.8905244145925195
433 -2.5005316593134146
434 -1.9484023621791315
435 32492.471513626042
436 -1.6571814358385684
437 18.925993182358262
438 20.302183543999863
439 19.54842408529514
440 17.004666157868343
441 -27.77983705653181
442 -12.371512299841491
443 8.996745041864338
444 939453.2519084635
445 13.291701176655675
446 3.485462019896467
447 19.600415816777197
448 40.58064009122307
449 -15.569968772915578
450 99.63452522721599
451 54.29729593612324
452 -10.762818611204112
453 56.958672721164454
454 257.4259737694314
455 209.55550833761401
456 -56.67115820007654
457 -46.33944954523143
458 -29.223938069792045
459 -28.067239184324503
460 -20.691292793251613
461 -16.9735278111089
462 -12.532859741263294
463 -0.8057516581369459
464 -2.160063312104115
465 -2.318579738391429
466 -3.5935645912769605
467 10.651900523625129
468 9.63386766384785
469 -0.14012627757518237
470 4.3382141553544
471 -28.597104619417873
472 -12.717352412733034
473 13.027915761996166
474 11.64876316430385
475 8.446508648621919
476 1.6257792755988456
477 13.03559230776607
478 11.752307802349275
479 -15.910482792871372
480 24.529561371406736
481 45.394379892371006
482 -9.598599914622703
483 61.43252572918513
484 145.25729260958704
485 189.7150560149329
486 -55.73450400803641
487 -58.33275196001211
488 -58.38615366267729
489 -27.956320677527863
490 -15.35098800484039
491 59899.65034564478
492 7.373752721261598
493 -24.780181619061292
494 -35.99344981100243
495 -16.92427083200547
496 -23.575701350070254
497 -8.992172954602387
498 -75.16490424226757
499 -0.6591490607225869
500 33.90560503868722
501 89.06668791712352
502 -8.060554336794006
503 6.13956595589125
504 -4.161823562203528
505 14.470602134748416
506 -8.846482271703813
507 -24.10344236629423
508 45.018209222843936
509 13.236258710788317
510 3.222626071253493
511 14.237017535167142
512 44.36505070408298
513 11.87243743596476
514 9.661774085357274
515 14.0484437209232
516 10.649557158000354
517 -17.283610097584155
518 161.54396972944113
519 369534730008.2374
520 54.80473461306795
521 -58.61409807680269
522 -41.67872829350057
523 -30.104748092927895
524 -34.765035107232926
525 -30.9195847811971
526 -23.89841013842792
527 -18.543574812711125
528 -74.59134542289283
529 -13.355478897595791
530 -13.51111739869634
531 -7.4339381022411315
532 -6.016341395227103
533 -4.245634320173529
534 -3.704338920984645
535 -3.715539738315944
536 -9.351015998166728
537 -24.525077509321182
538 4.867902708153096
539 8.292216922952463
540 2.611706784458165
541 14.108308549798842
542 9.68059735368445
543 12.723368111132881
544 9.428433701934864
545 12.654275191217456
546 7.393252429791146
547 -14.938408531707077
548 53.46038923383411
549 160.5307674676406
550 54.45071873669473
551 -73.22953645104207
552 -75.2441105323993
553 -76.64334790295908
554 -25.084256389564832
555 -41.636394601314166
556 685.802165409184
557 -72.23169131054817
558 216.73123900524206
559 48.83844743186594
560 94.84965539296584
561 -20.751013899409035
562 15.371971850994354
563 -19.447113310546797
564 -10.625140165838307
565 -4.47341863467005
566 5.156866236546786
567 20.397077152536824
568 -29.277619586738314
569 41.23462435222703
570 -10.064625106624053
571 6.183271401420561
572 47.55563882825747
573 7.934615807755556
574 23.25711518687422
575 -5.48150921235972
576 17.764059268544912
577 -1.61524994960594
578 2.2993589898447073
579 17.468359933364354
580 13.09913791904875
581 -13.000718072479263
582 4.4386240461785444
583 16.536536369915737
584 -24.65240878976652
585 19.15283408244671
586 -74.54577208362244
587 -72.02237660150259
588 -44.10859092898831
589 -33.99319375109152
590 -27.84997432528501
591 -31.780586479991506
592 -28.408027450834027
593 -19.740031660551637
594 -15.731815964425708
595 -16.951286024842094
596 -13.226048407709687
597 -13.303741950159996
598 -31.38343023328036
599 -7.476901547334143
600 -10.069332829888014
601 -3.3837152966945814
602 -5.72444634477953
603 -5.251326976532853
604 1.867301984955539
605 -7.57353990021263
606 8.893905785884565
607 -0.7058796860833523
608 1.421581981711498
609 11.819733839121422
610 13.153121019763343
611 -13.378446150244022
612 -2.331637229600056
613 15.164821168473475
614 -24.770291840232026
615 23.12379211194266
616 -75.26441843778119
617 -74.66213777346805
618 -74.65656846936027
619 -53.00372224674115
620 -14.423169412454023
621 130.5654213750508
622 34570.83688698042
623 78.5542160785242
624 -0.05913389186433626
625 41.58539912858056
626 -26.824018883529263
627 -19.831366140360892
628 -35.412140481133086
629 -27.64928066389248
630 78.96692914525754
631 -16.382986181482682
632 -1.739616286030695
633 -28.391511045238104
634 23.440295917596295
635 4.572906114821775
636 8.745669020927759
637 -18.377412850786325
638 36.058171347393305
639 760213595.6700631
640 196.51681839526572
641 4.728567001510607
642 -4.418291748200886
643 -11.587814834142378
644 -5.50300032401704
645 -36.332892674818694
646 6.894256766319852
647 12.995423574255726
648 17.00901043145326
649 21.178181507329636
650 -20.933692026315097
651 -74.13100318713907
652 -72.61830869343409
653 -72.15960025386926
654 -42.988424584481926
655 -35.070546213134925
656 -28.23711729054338
657 -30.125352476825093
658 -35.76421794530768
659 -29.41174401836223
660 -27.14831755483128
661 -23.09867089647694
662 -15.306443305610525
663 -26.084751158622165
664 -15.050595910916597
665 -12.15675432396512
666 -13.910231634683406
667 -16.802587559366803
668 -9.526864658529952
669 -6.468233038717726
670 -5.555371985254206
671 -4.035113380942741
672 -3.537528594897806
673 -13.07255469992257
674 -3.2374762270210558
675 -36.33520964602786
676 1.0389084097610666
677 7.408060409910089
678 6.708493669880796
679 13.291885775943863
680 -18.601701231662844
681 -75.77586811509583
682 -75.32295934611359
683 -73.24498686603121
684 -25.721728526761407
685 -42.744830946490474
686 53.71201741625709
687 962539.6615266901
688 -83.83878897228838
689 -127.34408260741279
690 -156.53959310132765
691 -38.561583117472495
692 -27.148478600791048
693 -3.653198820353739
694 -33.93377569679412
695 -20.899932948130342
696 -25.064401432196753
697 241280047.62647668
698 26.407398941128708
699 -52.95743167801172
700 20.34235497052956
701 1.2434534991505237
702 2.2771148404719357
703 64.61288998509991
704 10.540329792500172
705 -22.26202018300326
706 1.708283122569008
707 2.2391633082019773
708 1.5762460275619814
709 5.452323409612602
710 -11.434378652912097
711 -14.999522963089909
712 6.88565509281986
713 1897888521.1006975
714 21.922650474487
715 31.56353842024258
716 -76.32034282893923
717 -73.49008752433672
718 -83.516244091443
719 -124.82110805890589
720 -154.79085381363055
721 -36.54151301432662
722 -34.40573153735952
723 -30.082700001209965
724 -34.035977573358224
725 -32.004150295825895
726 -28.041333421950117
727 -27.496182482890152
728 -20.911123894374168
729 -55.0790212570272
730 -14.282576964428197
731 -17.872004019954158
732 -16.12787560864345
733 -15.688912537791591
734 -14.509197416001284
735 -21.54364820673517
736 -4.270176845587667
737 -8.56515856258222
738 -5.862636606870632
739 -3.950720648902184
740 -13.142521964443208
741 -16.853625057019418
742 1.664355705851663
743 10.462534785364914
744 9.789696296943665
745 14.623622192379942
746 -158.5537516014545
747 -156.52410294102455
748 -154.91325096781452
749 -142.06980137312507
750 -8.777590583545111
751 2755.3973062375744
752 221.2202275685752
753 -76.25716796770402
754 -85.32824718566201
755 8.205285370836876
756 -57.593456023580686
757 -38.40970532808201
758 -54.468932399683936
759 32.76055713060749
760 -32.541105164796015
761 -70.49338566014984
762 -16.340876816204453
763 -62.515950191133534
764 -5.718103375780283
765 -16.669258587317437
766 13.24870933837022
767 -38.54190368926144
768 -15.254504949658887
769 1.6920747329064412
770 13.184845278771542
771 32.003444753253156
772 -35.822738918757636
773 12.458763368320515
774 4.580962451111341
775 22.03416880728404
776 22.8711490941737
777 -10.1876333151624
778 62.28920743001389
779 5150634864.422871
780 13.867188808741242
781 -158.80487712073773
782 -123.89021568656055
783 -80.5830944906138
784 -84.80148466805764
785 -73.98972636880242
786 -59.68738886419911
787 -37.58225070399155
788 -55.9134076674699
789 -37.22872172173067
790 -30.93363954047167
791 -71.26421655288551
792 -20.61835580651337
793 -61.54356958862273
794 -20.430388414604234
795 -22.278804966998937
796 -14.937122411537626
797 -36.734978436571424
798 -14.948923562028344
799 -12.534437285827963
800 -13.362366843183828
801 -17.62955280862672
802 -35.01741589369964
803 -8.523802141458301
804 -5.292022951343848
805 -7.7078571494261325
806 -4.444339012020543
807 -11.160375372472647
808 7.030986325825454
809 9.094635378711352
810 14.515543447742251
811 -157.39873007764712
812 -157.83164675364938
813 -159.27795844862266
814 -112.5485917037834
815 -37.10219876445112
816 1185.7379184571826
817 -119.90839632723171
818 -107.50008620647279
819 -70.33294956382124
820 -79.3971796979516
821 -47.82047979213226
822 6355.097834175508
823 -65.83322282481622
824 14.614947438088805
825 -66.17068570298292
826 53.82226979422114
827 -11.638343102360034
828 -6.451342822536998
829 -33.3149320105487
830 -8.600664690279228
831 -24.427902151248166
832 4.395094703211658
833 -26.24506999644576
834 54.45005160643069
835 7.053673747989637
836 -20.453107675419528
837 15.441658835625253
838 -22.794425296053753
839 -4.552688370769465
840 -44.21529999170735
841 1.4310721028815214
842 15.874348104310899
843 9.2938342205795
844 12.643243350854455
845 -5.899204768321495
846 -157.36777001263042
847 -125.74042401828753
848 -107.13093846774377
849 -83.6794663358057
850 -81.02579180395249
851 -69.81648320554908
852 -61.384104696804535
853 -65.85625034611408
854 -54.71996364310647
855 -68.89155542811623
856 -35.01363107459349
857 -34.71147783681308
858 -34.73178676780127
859 -32.73208172960836
860 -19.927821452009507
861 -24.73940540227382
862 -19.780283356130685
863 -24.231148089245337
864 -13.453521656682119
865 -16.801293479604002
866 -18.408384051999757
867 -15.519060281654859
868 -18.514871175917143
869 -11.529752189167256
870 -47.19272145435844
871 -3.1073761753220226
872 -4.958250668986193
873 8.837080944183281
874 7.994282029511182
875 -8.094436611637805
876 -158.3784126252801
877 -156.73734724643037
878 -158.02143915264713
879 -145.03145652608706
880 -11.09751744960353
881 2.428499426753175
882 -100.9528554454508
883 -168.30423670795
884 -75.19754746387528
885 -82.18306707141052
886 -65.12309634033691
887 -93.89305886518503
888 -129.07346763558823
889 6188.435382130956
890 66.54925040916133
891 -35.80674678361605
892 -26.696201307416707
893 -30.032292702393377
894 -36.95892890591116
895 -43.13619978544322
896 -18.926331568792175
897 -35.0585686724826
898 -38.63284262301867
899 -36.07552634758025
900 44.6424965177615
901 -6.173709804329601
902 165.90195742460816
903 1567.548523617617
904 -16.117645356849916
905 -6.256394133517973
906 -19.217220680478356
907 67.49252333265221
908 -2.4147503889283906
909 9.401606697704121
910 13.782512552430747
911 -154.77674574291245
912 -125.00795162259405
913 -169.6375155547504
914 -83.87914778158766
915 -81.45181225508456
916 -69.98510232090835
917 -91.04917177948552
918 -127.76719451697062
919 -63.43103499686929
920 -57.624071544766224
921 -46.659432573876025
922 -35.60324336531436
923 -36.54221251528687
924 -33.40303809819745
925 -42.89610010018248
926 -19.800636955545222
927 -38.488992809642184
928 -35.938285883671846
929 -35.241651490643406
930 -20.43975465433895
931 -18.88490120561833
932 -17.039889815560677
933 -15.890377995553491
934 -16.429592231174254
935 -9.066175119573154
936 -21.50562793676866
937 -4.334964123441966
938 -6.508389958092835
939 9.839841400223728
940 6.936836365554553
941 -166.93063843754177
942 -166.770006839014
943 -166.9311097832397
944 -123.92736264887981
945 -39.69197234183838
946 36.73670386744013
947 -162.33058521378038
948 -136.46317996462523
949 -340.2178371355421
950 1150.8561022415315
951 -2.0819937147049763
952 189.32523884804135
953 -65.84186840678646
954 14.134745030950716
955 -76.54440820415081
956 -19.793266365248158
957 49.2129082376921
958 -46.618745278076815
959 -80.42069366754613
960 -49.778472828222505
961 13.642384774112678
962 -48.649205979798
963 -45.10352976937918
964 -29.42365054754874
965 -102.26512497694331
966 -19.664234414952404
967 5.652150452408387
968 8.086171853407045
969 -34.488580448396675
970 47.23705685755312
971 25.93160537323273
972 3.8690464575642824
973 16.788287566430128
974 50.54313087318412
975 14.404598382410922
976 -168.02417149295488
977 -162.25039750456017
978 -137.97929159458877
979 -339.57183492818075
980 -90.59208217060151
981 -83.98384957320309
982 -82.48844937426927
983 -70.2341385321471
984 -60.534653406591914
985 -73.94734692932863
986 -43.59138248528066
987 -44.8142938161958
988 -45.12379284132224
989 -80.29919698157613
990 -46.09214160445294
991 -34.330623307340844
992 -50.091824775976775
993 -44.16139774057319
994 -28.20762234087034
995 -101.63529011957581
996 -24.172308911710736
997 -18.150260921933093
998 -18.358129617267828
999 -35.92450566258865
1000 -15.516713591219798
1001 -7.051670320623039
1002 -4.655265695132945
1003 -2.4277583085203718
1004 6.64481961301413
1005 11.171329225705335
1006 -339.5963361638128
1007 -338.8220233409855
1008 -341.6204122445394
1009 -322.3808294484902
1010 -12.959844356018527
1011 12.110368857503726
1012 -175.94663699783237
1013 -163.8938621681261
1014 -159.61999210778654
1015 117.93404934081178
1016 -107.49284411341915
1017 36.8588365229778
1018 -112.29600279041371
1019 -104.4420358168893
1020 -84.55997964576325
1021 20.328812835375786
1022 25.312793651347445
1023 -92.12686560039424
1024 -51.15229572789764
1025 140.94647789345822
1026 -47.18767592416843
1027 -43.956858768611816
1028 -34.248137786778
1029 -51.4418321571777
1030 -31.664113587191302
1031 -36.760431961698806
1032 -15.967501128796611
1033 -27.413002682432772
1034 4.640946310004203
1035 634746.9973662494
1036 3.068176302408916
1037 -5.169136151199639
1038 -11.007444573220386
1039 -6.869990832823781
1040 8.974669324098405
1041 -341.2550381395437
1042 -175.75860415911532
1043 -159.06050871536135
1044 -158.94335808896042
1045 -99.07449234997625
1046 -106.76706704369369
1047 -82.59377208273705
1048 -113.80162050524766
1049 -106.38970244508872
1050 -82.78217220499062
1051 -69.27825850696647
1052 -62.05715398680495
1053 -90.75086927483133
1054 -56.28614676814127
1055 -46.49489091365847
1056 -47.87281337714417
1057 -41.155508310147034
1058 -46.4420666164984
1059 -50.82035874137351
1060 -35.309802923531684
1061 -36.36076432492232
1062 -21.144181932755018
1063 -27.932534402197
1064 -19.326038949461868
1065 -11.822770575067262
1066 -10.24280896465303
1067 -7.045828234850731
1068 -12.83791970333807
1069 -7.129622833399268
1070 11.917479606492844
