problem_name,fid,iid,dim,seed,ela_level.mmce_lda_10,ela_level.mmce_qda_10,ela_level.lda_qda_10,ela_level.mmce_lda_25,ela_level.mmce_qda_25,ela_level.lda_qda_25,ela_level.mmce_lda_50,ela_level.mmce_qda_50,ela_level.lda_qda_50,ela_distr.skewness,ela_distr.kurtosis,ela_distr.number_of_peaks,nbc.nn_nb.sd_ratio,nbc.nn_nb.mean_ratio,nbc.nb_fitness.cor,ic.h_max,ic.eps_s,ic.eps_max,ic.eps_ratio,ic.m0,pca.expl_var.cor_init,pca.expl_var_PC1.cor_init,ela_meta.lin_simple.adj_r2,ela_meta.lin_simple.intercept,ela_meta.lin_simple.coef.min,ela_meta.lin_simple.coef.max,ela_meta.lin_simple.coef.max_by_min,ela_meta.lin_w_interact.adj_r2,ela_meta.quad_simple.adj_r2,ela_meta.quad_simple.cond,ela_meta.quad_w_interact.adj_r2,disp.ratio_mean_02,disp.diff_mean_02
BBOB_F1,1,2,2,0,0.058,0.0205,2.829268292682927,0.0705,0.0315,2.238095238095237,0.1159999999999999,0.0699999999999999,1.6571428571428573,0.6009146143857492,-0.337288552018498,1.0,0.7756427718348486,0.756292364073863,-0.0657412298829084,0.6543196105566974,-0.8158158158158154,0.0290712337727257,-1.336336336336336,0.3243243243243243,0.6666666666666666,0.6456271449489467,0.876152181960645,0.2936891777708413,0.0421967713706397,0.0569412765739766,1.34942259145438,0.8760901798111602,1.0,1.0000000000000024,1.0,0.1400212719534694,-4.485685065079945
BBOB_F3,3,5,10,3,0.1022,0.073,1.4,0.2135,0.1363,1.566397652237711,0.2519,0.1701999999999999,1.4800235017626326,0.9617202961483144,0.7909669924764255,1.0,0.9084439172960532,0.9295367338795332,-0.4421686804875769,0.8292144453335452,-1.036036036036036,0.0091825428356562,-1.7367367367367363,0.5698139627925585,0.9090909090909092,0.1545699605403145,0.4905454539129692,0.2929338365681712,0.0013624560451953,0.0314581868129278,23.089322348316184,0.488351460894282,0.9312854630497028,21.51443843985126,0.9855324665742076,0.6752954490231825,-4.115856040397668
BBOB_F4,4,4,2,0,0.1,0.0699999999999999,1.4285714285714288,0.3039999999999999,0.117,2.598290598290597,0.118,0.106,1.113207547169811,1.10226576453685,0.294479918486513,1.0,0.4533799493919459,0.6837046007268384,-0.0844099842658631,0.8385694834680955,-0.3953953953953952,0.0440193518520887,-1.1561561561561562,0.5435435435435435,0.6666666666666666,0.6055487923007804,0.6662844501051756,0.223737420722955,0.0064631320615598,0.055167663198189,8.535747478580035,0.6661179097999057,0.9474802403400354,1.9717757020495903,0.9768323146863848,0.2843185873813774,-3.733024224018915
BBOB_F20,20,7,2,0,0.1,0.072,1.388888888888889,0.3655,0.097,3.768041237113402,0.1305,0.1075,1.2139534883720928,1.5209416209379587,1.5486403105671904,1.0,0.4146798658555607,0.7315098617027682,-0.0636822740351925,0.5231883016245773,-0.6156156156156153,0.0201049641626049,-1.5165165165165162,0.3343343343343343,0.6666666666666666,0.5999351572497323,0.6399391412704039,0.1634661418997766,0.0154211968038273,0.0573636311506782,3.719791134267944,0.7250971183141339,0.909894975958821,10.950527937250923,0.9990930328944124,0.4000786412899487,-3.129214934305377
BBOB_F14,14,9,2,0,0.1,0.0564999999999999,1.769911504424779,0.2114999999999999,0.0659999999999999,3.2045454545454546,0.0615,0.0655,0.9389312977099236,2.168510939685952,4.709700557874669,1.0,0.7678402720365957,0.7575828643333432,-0.0589677476112199,0.5723848025146615,-0.6356356356356354,0.0008354528058382,-1.916916916916917,0.3428428428428428,0.6666666666666666,0.5994525854612501,0.6380798621747863,0.1137295326649202,0.0245703715425893,0.0415595807678138,1.691451050944672,0.8221994121010254,0.7838883933865785,3.3371669580678747,0.9992596269786004,0.1440886125757485,-4.464469646036507
BBOB_F15,15,8,2,0,0.1,0.0784999999999999,1.2738853503184715,0.2634999999999999,0.0975,2.702564102564102,0.091,0.0854999999999999,1.064327485380117,3.2963761317978357,11.287143400294488,4.0,0.4024176748391007,0.6729647521952183,-0.0392632052282235,0.7722248999194388,-0.4954954954954953,0.0050431594871713,-2.117117117117117,0.4874874874874875,1.0,0.5588402877821843,0.4561806435728887,0.0759857861392618,0.0246963530616628,0.0273523433123611,1.1075458487359162,0.7191725570881222,0.5936435867770913,1.1790135009190912,0.987120125994346,0.3775845093434952,-3.246545268688584
BBOB_F15,15,0,10,0,0.0848999999999999,0.0537,1.5810055865921784,0.1424,0.0928,1.5344827586206895,0.1603,0.1083,1.4801477377654664,1.89850642507486,8.322827557830324,5.0,0.9059732060511616,0.9295223001361996,-0.3370751461293286,,,,,,0.9090909090909092,0.1639278043303571,0.6453540058461505,0.1070149190038041,0.0017354852375765,0.0114179901794122,6.579134141962719,0.7800361156612807,0.7689398570327322,2.132902686297395,0.9250647880838048,0.6905155745763625,-3.922930362253602
BBOB_F14,14,2,10,0,0.0899,0.0495,1.816161616161616,0.1465,0.0815999999999999,1.7953431372549022,0.1490999999999999,0.0906999999999999,1.6438809261300993,2.02231596969776,5.654623584814047,5.0,0.8683900047529801,0.9252676146562734,-0.2898879929841202,0.7557091453766497,-1.276276276276276,0.0030372635797033,-2.1771771771771773,0.5228045609121824,0.9090909090909092,0.1606963575165328,0.5877209949019764,0.1137157670790986,0.0010912036546706,0.0203336892556595,18.63418360873836,0.8555025015111202,0.6514939914244651,7.728700261041944,0.9351774514762412,0.7416107975874228,-3.2752628699659656
BBOB_F1,1,4,2,1,0.1,0.0784999999999999,1.2738853503184715,0.2805000000000001,0.1305,2.149425287356322,0.284,0.16,1.775,0.7911627119982504,0.0807121432683906,1.0,0.7659481772868564,0.7559876970341503,-0.1010920081964333,0.6996953168835434,-0.6756756756756753,0.038333951017666,-1.2362362362362362,0.3538538538538539,1.0,0.5407462332259897,0.3868747857872667,0.281731214197688,0.0079966144479521,0.0428445433943606,5.357835328090993,0.386567835840256,1.0,1.000000000000001,1.0,0.1402656581302152,-4.484410336546101
BBOB_F2,2,6,10,0,0.1,0.069,1.4492753623188404,0.2979,0.088,3.3852272727272728,0.0804999999999999,0.0842999999999999,0.9549228944246738,0.954930305416572,-0.3204182697896844,2.0,0.8079209276575807,0.917323248665968,-0.3084301889785821,0.7984878568439753,-0.9959959959959956,0.009615746001432,-1.6966966966966963,0.5645129025805161,0.9090909090909092,0.1696384464050397,0.7497229206020437,0.2779004068421613,8.541153630442933e-06,0.0759969542292382,8897.738820475604,0.7486145710159728,0.9976546994469292,75959.38075794531,0.9992883270994432,0.8392003576220959,-2.0382473155485066
BBOB_F13,13,3,2,0,0.093,0.035,2.657142857142856,0.2279999999999999,0.061,3.7377049180327857,0.108,0.097,1.11340206185567,0.5435370479889389,-0.560402753723062,1.0,0.6083598155986903,0.7470563696888644,-0.0785646165008449,0.7273034652855164,-0.8758758758758756,0.0529326605836056,-1.1561561561561562,0.3378378378378378,0.6666666666666666,0.6098416624964723,0.688355395454411,0.3431675169196256,0.0145503891037168,0.0638942266376429,4.391238349861126,0.8198801326568922,0.8068360356201891,3.0381146536892443,0.9884332386095736,0.3514921403602105,-3.3826441581654665
BBOB_F2,2,6,10,3,0.1,0.069,1.4492753623188404,0.2979,0.088,3.3852272727272728,0.0804999999999999,0.0842999999999999,0.9549228944246738,0.954930305416572,-0.3204182697896844,2.0,0.8079209276575807,0.917323248665968,-0.3084301889785821,0.8012050086365957,-0.9959959959959956,0.0091825428356562,-1.7167167167167163,0.5635127025405081,0.9090909090909092,0.1696384464050396,0.7497229206020437,0.2779004068421613,8.541153630442933e-06,0.0759969542292382,8897.738820475604,0.7486145710159728,0.9976546994469292,75959.38075794531,0.9992883270994432,0.8392003576220959,-2.0382473155485066
BBOB_F14,14,2,2,0,0.1,0.0829999999999999,1.2048192771084338,0.25,0.1325,1.8867924528301885,0.329,0.0799999999999999,4.112500000000001,2.558693948799726,7.40777588193108,4.0,0.7573076624252584,0.7552108662254811,-0.0741927551792963,0.5991759857197566,-0.5755755755755754,0.0021004982416539,-1.7767767767767764,0.3393393393393393,1.0,0.4936165055906413,0.2298992042757864,0.0989102321387967,0.01357859148951,0.0213578527057902,1.5729063446889944,0.6320453924239675,0.5497444221043006,2.754057220459277,0.9821082016370274,0.1455199799325246,-4.4570035739517735
BBOB_F6,6,3,2,0,0.1,0.0565,1.7699115044247786,0.181,0.0525,3.447619047619048,0.038,0.0395,0.9620253164556962,1.5634609264176884,1.831107486708324,3.0,0.7593022467300218,0.7538314531548708,-0.0537576934650269,0.5451150635342985,-0.5555555555555552,1.2024861420374124e-05,-1.7567567567567566,0.3473473473473473,0.6666666666666666,0.6222375815018716,0.7520763429166113,0.1658528628609419,0.0319154355400847,0.060358315095866,1.8911950933603263,0.8702354216770837,0.8679020126657279,3.76398976695898,0.9935282234096554,0.2131167016347696,-4.104416242312891
BBOB_F1,1,9,10,1,0.0722,0.0457,1.5798687089715535,0.1201,0.0819999999999999,1.4646341463414638,0.1455,0.1133,1.2842012356575463,0.3193655572357252,-0.0472821624481474,2.0,0.9372676789167116,0.9330489728179192,-0.3952103422675027,0.8335766993963476,-1.316316316316316,0.0083738065352664,-1.8568568568568569,0.53250650130026,0.9090909090909092,0.1723177899754766,0.8009469324071399,0.3694888756750541,0.0075407722433881,0.0168921487019184,2.240108593218642,0.8000669512092515,1.0,1.0000000000000588,1.0,0.6598842108633476,-4.31120420376447
BBOB_F14,14,3,10,0,0.1011,0.0603,1.6766169154228858,0.193,0.1002,1.9261477045908184,0.2251,0.1187,1.896377422072452,1.9633354911613636,5.654509139551529,3.0,0.8850921636848208,0.925661713098298,-0.3319854217735202,0.7826132053042121,-1.1761761761761762,0.0036522673643081,-2.077077077077077,0.538007601520304,0.9090909090909092,0.1514014491178779,0.4426691153124521,0.1284676507571157,0.0006600077670873,0.0203566990459665,30.84312043144716,0.722699493615806,0.5923850318268229,10.813218506030116,0.9324876136950292,0.7213665814971517,-3.531872390305601
BBOB_F8,8,6,10,0,0.0831999999999999,0.0592,1.4054054054054048,0.1699,0.1177,1.443500424808836,0.2115,0.1544,1.369818652849741,0.7191573704114265,0.2683809773967933,1.0,0.9100102852758036,0.9294247165650642,-0.4212807650201266,0.8344395408580769,-1.1161161161161162,0.0110418805085416,-1.7167167167167163,0.5628125625125024,0.9090909090909092,0.1623293142670771,0.6150438245527174,0.2803914880893527,0.001706917852564,0.0291384043094338,17.070771311966702,0.6236361790422305,0.932669211799208,117.1359075817068,0.9967089050456948,0.6696397723640907,-4.18754567600589
BBOB_F10,10,0,10,0,0.1,0.0635999999999999,1.5723270440251575,0.2526,0.0997,2.533600802407222,0.3905,0.0641,6.09204368174727,2.096253298604101,6.610394860156559,5.0,0.7901573495418525,0.917587796146198,-0.3207647441422632,0.7941153166381933,-1.316316316316316,0.0038245697224669,-2.097097097097097,0.5509101820364073,0.9090909090909092,0.117844992621501,0.0870482039165708,0.0939401841567918,5.722658534807088e-05,0.006233972140583,108.93489630153564,0.848417019976738,0.2308508806683993,31.094338998705787,0.9959332071465292,0.8912622896872328,-1.3783261135806129
BBOB_F1,1,0,10,5,0.0833999999999999,0.0542,1.538745387453874,0.1425,0.1008,1.4136904761904765,0.1669,0.1277,1.306969459671104,0.342068294348878,-0.1195355306211194,1.0,0.9425795571530338,0.9342691728755006,-0.411405140737095,0.8384461733048495,-1.256256256256256,0.0091825428356562,-1.8168168168168168,0.538507701540308,0.9090909090909092,0.1688521350809599,0.7361022962842763,0.3886993035832645,0.0015531971404858,0.0227641512937262,14.65631805541791,0.7349356475094344,1.0,1.0000000000000122,1.0,0.6528881683787955,-4.399883908537005
BBOB_F20,20,3,10,0,0.1086999999999999,0.067,1.622388059701492,0.1852999999999999,0.1126,1.645648312611012,0.1754,0.1177,1.4902293967714528,1.1657564607563746,1.441765835217142,3.0,0.910923303386938,0.93024760675892,-0.3572966419206842,0.8175212447774023,-1.1761761761761762,0.0066500180304311,-1.896896896896897,0.543008601720344,0.9090909090909092,0.1651500780700456,0.6682788460218178,0.2121165944325201,0.0002681268751112,0.0243187537604528,90.69868043017044,0.7410851903843125,0.9195949911670616,29.09383535797256,0.9986622402174758,0.6920427682348126,-3.903572120353145
BBOB_F3,3,1,2,9,0.1035,0.071,1.4577464788732395,0.2239999999999999,0.096,2.333333333333333,0.1155,0.1159999999999999,0.995689655172414,0.9037995959997714,-0.3360116216953921,1.0,0.4670003234974021,0.6808012851616225,-0.0881652494383857,0.8455369320592089,-0.3353353353353351,0.0730909932860291,-0.9959959959959956,0.5535535535535535,0.6666666666666666,0.6133466213008143,0.7056881590116892,0.2996593595148904,0.0088869014380172,0.0721979680665443,8.124087857854335,0.7055411173659732,0.9839907784591057,8.836578983395492,0.9912581331932504,0.4009755735205143,-3.124536498223387
BBOB_F21,21,3,10,0,0.1,0.1002,0.998003992015968,0.25,0.2365,1.0570824524312896,0.4568,0.3142999999999999,1.4533884823417118,-2.523292537486501,12.358442671168929,5.0,0.7538414564826424,0.9133153751839486,-0.6144538324609596,0.8322644096198699,-1.056056056056056,0.006064329395408,-1.916916916916917,0.6033206641328266,0.9090909090909092,0.1037549835231506,0.0190094533742881,0.8861943311100557,0.000187207546908,0.0022475622453415,12.005724568601805,0.0978799282077081,0.1685055686763706,2.080308222208806,0.2956037280925736,0.8697023160744629,-1.651613775727574
BBOB_F10,10,2,2,0,0.1,0.047,2.127659574468085,0.25,0.0695,3.597122302158273,0.498,0.0754999999999999,6.596026490066227,1.5214552794406346,1.9434477279051252,1.0,0.2908353779558177,0.7173342143083994,-0.0791606309799659,0.6600646575215819,-0.6356356356356354,0.0083738065352664,-1.5165165165165162,0.3553553553553553,1.0,0.3493616533238222,0.001270278299834,0.156855504506585,0.0020905749131142,0.0021775166778752,1.041587490701996,0.7109500261886532,0.2861088565644615,1.173771768166716,0.998106499815468,0.899041162573427,-0.5266055246051495
BBOB_F2,2,3,10,3,0.0878999999999999,0.0354,2.4830508474576267,0.0775999999999999,0.0358,2.1675977653631278,0.0294,0.028,1.05,0.8296671022497943,-0.3855765314760639,1.0,0.7956305836927411,0.9179831669934368,-0.30453423582119,0.747354521954879,-1.036036036036036,0.0072922720587283,-1.7767767767767764,0.5316063212642529,0.8181818181818182,0.1759739344117476,0.8754088532927307,0.2796502182682284,5.613029362266757e-06,0.0776490726991428,13833.71931405418,0.8748590846711828,0.9982307831533848,56292.97128658904,0.9983354723237988,0.8498471235933118,-1.9032921512260383
BBOB_F3,3,5,10,1,0.1022,0.073,1.4,0.2135,0.1363,1.566397652237711,0.2519,0.1701999999999999,1.4800235017626326,0.9617202961483144,0.7909669924764255,1.0,0.9084439172960532,0.9295367338795332,-0.4421686804875769,0.8272113672060099,-1.036036036036036,0.0091825428356562,-1.7567567567567566,0.5708141628325665,0.9090909090909092,0.1545699605403145,0.4905454539129692,0.2929338365681712,0.0013624560451953,0.0314581868129278,23.089322348316184,0.488351460894282,0.9312854630497028,21.51443843985126,0.9855324665742076,0.6752954490231825,-4.115856040397668
BBOB_F3,3,2,2,2,0.1,0.0865,1.1560693641618498,0.2885,0.1295,2.227799227799228,0.258,0.1129999999999999,2.283185840707965,2.079071309700508,3.5670250758663986,1.0,0.4130756942549872,0.6857206287561284,-0.069388997724139,0.7747980654133928,-0.2752752752752751,0.0230867799418716,-1.4564564564564562,0.505005005005005,1.0,0.5647698142409463,0.4816276172946357,0.1485843323374657,0.002133870584963,0.0513976726938429,24.086593187061546,0.4813697334165866,0.909128386000093,41.61135682782586,0.98597479256847,0.3578865570711678,-3.3492906127755786
BBOB_F3,3,6,10,2,0.0797999999999999,0.0529,1.5085066162570884,0.1452999999999999,0.0907999999999999,1.6002202643171806,0.1746999999999999,0.1253,1.394253790901835,1.729621342058906,2.533927390832739,1.0,,,,,,,,,,,0.5843840855739829,0.1990159755640895,0.0007485243730822,0.0443161561343645,59.204693565131855,0.5825587409934103,0.9107136193790036,96.25104489520692,0.9855769577733152,,
BBOB_F2,2,4,10,6,0.1,0.0517,1.9342359767891684,0.2612,0.0977,2.673490276356193,0.3151,0.1271,2.479150275373722,0.5205376192803268,-0.4439484324066591,2.0,0.8035581960237396,0.9186432393102786,-0.4250468733467267,0.8230941546387667,-0.9959959959959956,0.0139041083409006,-1.5365365365365364,0.5600120024004801,0.9090909090909092,0.1394883004215569,0.2846300568235939,0.3260597949483193,4.904683895323638e-06,0.0382377593662252,7796.172022968279,0.2814576541383691,0.9979017808390972,211559.73413579207,0.9979568690255206,0.8479144854753035,-1.9277896836689248
BBOB_F1,1,9,2,9,0.1125,0.0414999999999999,2.7108433734939763,0.1455,0.0834999999999999,1.7425149700598803,0.146,0.0875,1.6685714285714293,0.761444397386125,-0.1282570208636371,1.0,0.7649500044970404,0.7542255413692402,-0.0727162302622876,0.6851392354376001,-0.7757757757757754,0.0241759407916913,-1.416416416416416,0.3678678678678678,0.6666666666666666,0.6240365389795602,0.7590984836828416,0.2672160014523527,0.0334567520494487,0.0543370503398692,1.6240981868042546,0.758977880735916,1.0,1.0000000000000018,1.0,0.1400651094738035,-4.4854564067377805
BBOB_F1,1,1,10,7,0.0964,0.0655,1.4717557251908395,0.1839,0.1241,1.4818694601128122,0.213,0.1497,1.4228456913827654,0.3716013159145216,-0.0261531130090153,1.0,0.9590675068792924,0.936693686306131,-0.4540226046393324,0.8433003768477381,-1.2362362362362362,0.0100693863147602,-1.7767767767767764,0.5591118223644729,0.9090909090909092,0.1612822035632211,0.5993281708421077,0.3774554365136944,0.0009379808413524,0.0242602677344781,25.86435315618816,0.5975568659310794,1.0,1.0000000000000104,1.0,0.6312313780714917,-4.674398789630574
BBOB_F9,9,7,10,0,0.1,0.0931999999999999,1.072961373390558,0.25,0.1919,1.3027618551328817,0.4322999999999999,0.1958,2.207865168539325,1.9294931879949049,6.367139181640669,5.0,0.9343293726493004,0.9335103821510136,-0.442589829373149,0.8232464702242359,-1.2162162162162162,0.0050431594871713,-1.996996996996997,0.5680136027205441,0.9090909090909092,0.1105675839047218,0.0459089321335375,0.1146521534919917,0.0002657958915616,0.0039785599316809,14.9684779110193,0.1508635171473163,0.5561069365094611,1.5666234326976607,0.6961908050322302,0.6872670837088971,-3.964107243571748
BBOB_F2,2,9,10,5,0.1093,0.0548999999999999,1.9908925318761383,0.2343,0.0979,2.393258426966292,0.1820999999999999,0.1273,1.430479183032207,1.1671624943122043,0.5271952924788903,1.0,0.8089280694840091,0.9191217902141832,-0.3407834955821566,0.8057486247327126,-0.9759759759759756,0.0091825428356562,-1.7167167167167163,0.5526105221044209,0.9090909090909092,0.16270409308537,0.6234357470861417,0.2526744894426019,2.4284364778062208e-06,0.0563889315375144,23220.2621122108,0.6217727686605152,0.9975894190280165,36654.755671644685,0.9985629034440012,0.825976346749711,-2.205870851663576
BBOB_F1,1,1,2,2,0.1,0.0819999999999999,1.2195121951219514,0.251,0.141,1.780141843971631,0.315,0.151,2.0860927152317883,0.7307639120543777,0.0224773183066009,1.0,0.7732726534760462,0.7572328734680044,-0.1071114417231088,0.6889000655784898,-0.6756756756756753,0.0401424249049932,-1.2162162162162162,0.3543543543543543,1.0,0.5145248490964347,0.2950650893278231,0.2910473593586282,0.0081850921163707,0.0372344742960956,4.54905989654339,0.2947121765320988,1.0,1.0000000000000009,1.0,0.1429858240104272,-4.470221837382727
BBOB_F2,2,1,2,1,0.1,0.067,1.4925373134328357,0.25,0.111,2.252252252252252,0.434,0.063,6.888888888888888,0.7537191744568835,-0.5585384024090163,1.0,0.2558072360993015,0.7307194595628388,-0.1034195634547192,0.5959953298875201,-0.5155155155155153,0.0920373199661822,-0.9959959959959956,0.3133133133133133,1.0,0.4396799252523993,0.1008842773394215,0.3046112325392295,5.519273555421402e-05,0.0306503884691875,555.3337438598359,0.1004341622650205,0.9979328655418233,4368.110304992091,0.9981534822459596,0.674855394474222,-1.6959678808699303
BBOB_F2,2,8,2,8,0.1,0.0645,1.550387596899225,0.25,0.107,2.3364485981308407,0.3555,0.0555,6.405405405405404,0.9382969400301452,-0.1482203000426345,1.0,0.4471721514363963,0.7373935968662346,-0.091224211862567,0.6053619069567968,-0.5755755755755754,0.0636507908129557,-1.036036036036036,0.3168168168168168,1.0,0.5133283679850975,0.2908706630739732,0.2845957213075361,7.442821215907137e-05,0.0509348554021943,684.3487694334783,0.290515949350742,0.9973048994728652,5679.546972497028,0.9979353032339066,0.6388192947503466,-1.8839336863757308
BBOB_F2,2,5,10,3,0.0907999999999999,0.0359,2.529247910863509,0.0983,0.0475,2.0694736842105264,0.0387999999999999,0.0362,1.071823204419889,0.9669293777915896,-0.268320584799977,2.0,0.7956925174995387,0.9181809680582964,-0.3002264164367629,0.7701842890726288,-0.9759759759759756,0.0057911226476417,-1.796796796796797,0.5480096019203841,0.8181818181818182,0.1735237102629306,0.8255637905418376,0.2812920896670975,2.54167395657718e-06,0.0790985294078703,31120.643622752745,0.8247906860498682,0.9982413519502052,57040.48559917655,0.998630444724814,0.8477948957385231,-1.929305566766395
BBOB_F2,2,2,2,2,0.1,0.0365,2.739726027397261,0.2535,0.0495,5.121212121212121,0.0005,0.0005,1.0,0.9329083642730936,-0.4001080774712258,2.0,0.4241499526407443,0.7391429641041081,-0.0617662863156465,0.5729030887836608,-0.5955955955955953,0.0333828586473176,-1.256256256256256,0.3228228228228228,0.6666666666666666,0.6348648411483763,0.8181057982245223,0.2673824619920479,2.644190529119708e-05,0.0897104291349396,3392.736950949056,0.8180149358129547,0.9984451306468828,7290.918182658814,0.9991404860755176,0.6635084891222642,-1.755153814442695
BBOB_F23,23,2,10,0,0.1,0.1,1.0,0.25,0.25,1.0,0.5085999999999999,0.5058,1.0055357848952151,0.5336775004529025,-0.0909046677954124,1.0,0.5909141008611629,0.8815774217362915,-0.5722970757765176,0.8717143664667675,-0.7757757757757754,0.0253164847863135,-1.356356356356356,0.6687337467493498,0.9090909090909092,0.0926367292586254,-0.000652361774331,0.3752463694960509,0.0001375395839093,0.0007840327430943,5.700415260898764,0.0004344784116054,-0.0012569506146917,79.5891074099211,-0.0017690925779396,0.98086563171511,-0.2425414274226813
BBOB_F6,6,5,2,0,0.1,0.053,1.8867924528301885,0.253,0.0809999999999999,3.1234567901234573,0.0385,0.0349999999999999,1.1,1.8892934172704243,3.4114216519446323,3.0,0.7391057073993156,0.750455984308583,-0.0553746743663284,0.5657466133903886,-0.5555555555555552,1.6604286571875295e-05,-1.9769769769769767,0.3528528528528528,0.6666666666666666,0.6127984253135387,0.7013718500897919,0.124217712308524,0.0312520405081762,0.0436640366461919,1.397157943487512,0.8606678696482,0.817167917969522,2.20298992397158,0.9948051108324806,0.2033725828707918,-4.155241973911192
BBOB_F3,3,4,2,4,0.1095,0.063,1.7380952380952377,0.21,0.1015,2.0689655172413794,0.011,0.0104999999999999,1.0476190476190477,2.039494770378074,3.291836155068098,1.0,0.4753840744831474,0.6973040685951131,-0.0577384909454084,0.7198654994030292,-0.3153153153153152,0.0087688560945874,-1.836836836836837,0.4624624624624625,0.6666666666666666,0.5867652141275245,0.5776644819086751,0.1436689975345291,0.0010698720035241,0.0610161802964658,57.031289813622976,0.5774537626271947,0.9045267297320986,114.12799692578288,0.9847431348522132,0.3194096591342478,-3.549987723991693
BBOB_F2,2,0,10,6,0.0979,0.0385,2.5428571428571427,0.0814999999999999,0.0366,2.2267759562841523,0.0220999999999999,0.0212999999999999,1.0375586854460097,0.8181655289845317,-0.6860036483160941,2.0,0.7994352175836019,0.9187503244895232,-0.2883700817575677,0.7328526510125579,-0.9759759759759756,0.0063504251685959,-1.7367367367367363,0.5287057411482297,0.8181818181818182,0.175810138406582,0.8720141933925512,0.3057647058513442,8.603613683478423e-06,0.0911375816166297,10592.942101949771,0.8714453400836213,0.996810681054274,296049.23873527674,0.996884170083874,0.8575406521038749,-1.8057713259191173
BBOB_F2,2,4,10,3,0.1,0.0517,1.9342359767891684,0.2612,0.0977,2.673490276356193,0.3151,0.1271,2.479150275373722,0.5205376192803268,-0.4439484324066591,2.0,0.8035581960237396,0.9186432393102786,-0.4250468733467267,0.8271623174338206,-0.9959959959959956,0.0139041083409006,-1.5365365365365364,0.5655131026205241,0.9090909090909092,0.139488300421557,0.2846300568235939,0.3260597949483193,4.904683895323638e-06,0.0382377593662252,7796.172022968279,0.2814576541383691,0.9979017808390972,211559.73413579207,0.9979568690255206,0.8479144854753035,-1.9277896836689248
BBOB_F1,1,0,2,9,0.101,0.039,2.589743589743589,0.188,0.08,2.35,0.1305,0.1065,1.2253521126760565,0.7461945913596539,-0.3925793272435602,1.0,0.7798998649419434,0.757425353388883,-0.0754329614711643,0.671820267853379,-0.7557557557557554,0.036606951475969,-1.316316316316316,0.3513513513513513,0.6666666666666666,0.6258274932161955,0.7691907066674988,0.2890431911251327,0.0139917047811556,0.0679515065222709,4.8565566230206265,0.7690751562077953,1.0,1.0000000000000018,1.0,0.1423272397026712,-4.473657040716311
BBOB_F2,2,6,2,3,0.1,0.055,1.818181818181818,0.3184999999999999,0.0839999999999999,3.7916666666666665,0.1965,0.1589999999999999,1.235849056603774,1.045334811926629,-0.1368045923893994,2.0,0.2708242864509762,0.7295593038175593,-0.0735276982683075,0.6022472525619453,-0.6156156156156153,0.0529326605836056,-1.1761761761761762,0.3243243243243243,0.6666666666666666,0.5960266491859736,0.6206863567466289,0.2681462814893126,5.918768080786691e-05,0.076641358559007,1294.8870020401323,0.6204966396376408,0.996865266569142,11810.907674938113,0.9986188372108376,0.6298064308460362,-1.930945161997923
BBOB_F22,22,0,2,0,0.1045,0.1,1.045,0.183,0.174,1.0517241379310345,0.269,0.265,1.0150943396226415,-0.5085313180783474,-1.2294860023035594,2.0,0.3251971997136512,0.705041248187753,-0.2048633573552449,0.6783355894242099,0.3253253253253251,0.0697981390783066,-0.7957957957957954,0.3908908908908909,1.0,0.5344442973944651,0.3641935030878971,0.5755769723967996,0.0440521582112982,0.0469966793131874,1.0668416990551437,0.3647642030569386,0.3738966550465658,1.6980235469953662,0.4516086311956042,0.4062139046843186,-3.097213143469258
BBOB_F22,22,6,2,0,0.1,0.1,1.0,0.25,0.2515,0.9940357852882704,0.4155,0.3755,1.1065246338215713,0.0354381128792243,-1.2544174887267046,2.0,0.2418592294109138,0.6814145102306577,-0.2653614923568331,0.7067724927507941,0.3453453453453451,0.1056875971184805,-0.6156156156156153,0.4044044044044044,1.0,0.4681031780525471,0.1629585728122455,0.4571574517987679,0.0139019918533167,0.0349927056937331,2.5171001438462617,0.1754177082810896,0.2134938028852641,2.212629841626776,0.2945852589245812,0.6695263154310712,-1.72376458036364
BBOB_F3,3,0,10,4,0.0674,0.0366,1.8415300546448088,0.124,0.0784,1.5816326530612246,0.1702999999999999,0.1199,1.420350291909925,1.1166735729258357,0.892931352350113,2.0,0.882142027139524,0.926100153662954,-0.3667198797507717,0.7818957316268643,-1.056056056056056,0.0057911226476417,-1.8568568568568569,0.5347069413882777,0.9090909090909092,0.1652314668243708,0.6660549988471827,0.233259360219349,0.0001527049237632,0.0374433006455359,245.20034929317717,0.6645845125347538,0.94830620043692,78.78949122512084,0.993497071096034,0.7236586681320109,-3.5028185978877886
BBOB_F1,1,4,2,0,0.1,0.0784999999999999,1.2738853503184715,0.2805000000000001,0.1305,2.149425287356322,0.284,0.16,1.775,0.7911627119982504,0.0807121432683906,1.0,0.7659481772868564,0.7559876970341503,-0.1010920081964333,0.6956980926722656,-0.6756756756756753,0.038333951017666,-1.2162162162162162,0.3468468468468468,1.0,0.5407462332259892,0.3868747857872667,0.281731214197688,0.0079966144479521,0.0428445433943606,5.357835328090993,0.386567835840256,1.0,1.000000000000001,1.0,0.1402656581302152,-4.484410336546101
BBOB_F5,5,5,2,0,0.0625,0.007,8.928571428571427,0.043,0.0085,5.058823529411764,0.0075,0.0075,1.0,0.0009530127956831,-1.1785813986402067,4.0,0.6549887537806304,0.7490904132475963,-0.0579958083759865,0.7341828572049494,-1.016016016016016,0.0554298551568466,-1.1961961961961962,0.3223223223223223,0.6666666666666666,0.6667231011802507,1.0,0.5006877739687029,0.009263157100836,0.0926315710083606,10.00000000000004,1.0,1.0,27.428571428571427,1.0,0.3545574713261859,-3.366655263457761
BBOB_F21,21,5,2,0,0.1,0.1,1.0,0.25,0.25,1.0,0.4285,0.4505,0.951165371809101,1.8966310241841,5.149718766106716,2.0,0.1934098989104656,0.6576542210202467,-0.2888656664855479,0.7374455334950802,0.125125125125125,0.0963793479961578,-0.7157157157157155,0.4404404404404404,1.0,0.3996150241312966,0.0387786596597105,0.2024149103862132,0.0072543805468613,0.0081140468363985,1.1185030594940413,0.0451652742083733,0.0755190573977266,1.0580880219759827,0.1422664402017569,0.7906653273250113,-1.0918984205046396
BBOB_F11,11,2,10,0,0.1,0.0474,2.1097046413502114,0.25,0.074,3.3783783783783785,0.4689,0.0504,9.303571428571429,2.213760308506961,6.163050847063103,4.0,0.6856348641580944,0.9064812575941684,-0.2937924220128893,0.7683946003448934,-1.1561561561561562,0.0038245697224669,-2.037037037037037,0.5503100620124025,0.9090909090909092,0.1019495687123174,0.0136934931738268,0.0946996992152775,2.938909912719395e-05,0.0031049806813658,105.65076077792504,0.8665044242420525,0.1420617288322192,463.8433341277306,0.9963359296931282,0.977766697045231,-0.2818225799086828
BBOB_F2,2,5,2,8,0.1,0.0115,8.695652173913045,0.0445,0.001,44.5,0.0005,0.0005,1.0,0.7051569896968048,-0.9599236634690452,2.0,0.2622009366650898,0.7289130639635922,-0.0508211809621445,0.5387300816772579,-0.6156156156156153,0.0401424249049932,-1.296296296296296,0.3253253253253253,0.6666666666666666,0.6502184982064437,0.9036472641959444,0.330428665197276,1.8429311522566924e-05,0.1092649234510054,5928.866269215165,0.903599045119718,0.9943123396131672,1301.0439180648568,0.9955653662709522,0.6325260500025945,-1.9167595145680256
BBOB_F1,1,9,2,6,0.1125,0.0414999999999999,2.7108433734939763,0.1455,0.0834999999999999,1.7425149700598803,0.146,0.0875,1.6685714285714293,0.761444397386125,-0.1282570208636371,1.0,0.7649500044970404,0.7542255413692402,-0.0727162302622876,0.6836633289471628,-0.7757757757757754,0.0241759407916913,-1.396396396396396,0.3698698698698698,0.6666666666666666,0.6240365389795597,0.7590984836828416,0.2672160014523527,0.0334567520494487,0.0543370503398692,1.6240981868042546,0.758977880735916,1.0,1.0000000000000018,1.0,0.1400651094738035,-4.4854564067377805
BBOB_F2,2,8,2,3,0.1,0.0645,1.550387596899225,0.25,0.107,2.3364485981308407,0.3555,0.0555,6.405405405405404,0.9382969400301452,-0.1482203000426345,1.0,0.4471721514363963,0.7373935968662346,-0.091224211862567,0.6107293520736109,-0.5755755755755754,0.0607832312829723,-1.056056056056056,0.3268268268268268,1.0,0.5133283679850974,0.2908706630739732,0.2845957213075361,7.442821215907137e-05,0.0509348554021943,684.3487694334783,0.290515949350742,0.9973048994728652,5679.546972497028,0.9979353032339066,0.6388192947503466,-1.8839336863757308
BBOB_F2,2,0,10,4,0.0979,0.0385,2.5428571428571427,0.0814999999999999,0.0366,2.2267759562841523,0.0220999999999999,0.0212999999999999,1.0375586854460097,0.8181655289845317,-0.6860036483160941,2.0,0.7994352175836019,0.9187503244895232,-0.2883700817575677,0.7395881439477923,-0.9759759759759756,0.006064329395408,-1.7567567567567566,0.5334066813362672,0.8181818181818182,0.1758101384065823,0.8720141933925512,0.3057647058513442,8.603613683478423e-06,0.0911375816166297,10592.942101949771,0.8714453400836213,0.996810681054274,296049.23873527674,0.996884170083874,0.8575406521038749,-1.8057713259191173
BBOB_F3,3,4,10,4,0.0957,0.0591,1.6192893401015227,0.1638,0.1175,1.3940425531914893,0.1732,0.106,1.6339622641509433,1.4903241666663003,1.8358793717446595,2.0,0.8919323515482676,0.9273651669530872,-0.3458047116394649,0.7787785843977149,-0.9959959959959956,0.004391800892596,-1.916916916916917,0.5588117623524705,0.9090909090909092,0.1606302002590512,0.5864639286102848,0.2070714662839515,0.0009818451544414,0.0397449856905482,40.479891875779984,0.5846631418700439,0.9197885773648808,59.68531931564807,0.9873299462107727,0.7066679715991342,-3.718187494766591
BBOB_F6,6,0,2,1,0.0564999999999999,0.019,2.9736842105263155,0.146,0.0565,2.584070796460176,0.2905,0.109,2.665137614678899,1.30045749388151,1.8867377739651292,5.0,0.7699827672208372,0.7552679785630061,-0.0834584173987014,0.6183397558402107,-0.5755755755755754,0.0201049641626049,-1.396396396396396,0.3433433433433433,1.0,0.4738135018536902,0.1763694738481497,0.206637032378578,0.0132744908523274,0.0252519124507757,1.9022885873131872,0.6254920795234525,0.4788556787662003,1.0571500925501158,0.9918736337818436,0.1706276400875904,-4.3260409669667
BBOB_F15,15,8,10,0,0.0964,0.0621999999999999,1.5498392282958202,0.2025,0.113,1.7920353982300885,0.2719,0.147,1.849659863945578,2.434566690375496,11.014374488196504,3.0,0.9176921195607832,0.9314939429271896,-0.3738878016738051,0.8318172680929994,-1.1761761761761762,0.004391800892596,-2.117117117117117,0.5541108221644329,0.9090909090909092,0.1389710482652778,0.2789948177426652,0.1505181269510509,0.0002514562282296,0.0118557497604158,47.14836392753477,0.5366431991967782,0.5080716159245315,2.3314199771640296,0.8282491733384608,0.7039973238657058,-3.752039812426871
BBOB_F1,1,8,2,8,0.1275,0.0355,3.5915492957746484,0.102,0.0545,1.8715596330275228,0.1425,0.0824999999999999,1.7272727272727275,0.7269312736312639,-0.1213859971582604,1.0,0.768834995153707,0.7534473675485805,-0.0711831766428276,0.6603107506431466,-0.7757757757757754,0.0265108360190853,-1.376376376376376,0.3443443443443443,0.6666666666666666,0.6306998956261152,0.7942108363721839,0.2682419792183342,0.0442122021876997,0.047932037713281,1.084135947578206,0.7941078117837203,1.0,1.0000000000000038,1.0,0.1388923265685892,-4.491573691492545
BBOB_F1,1,4,2,8,0.1,0.0784999999999999,1.2738853503184715,0.2805000000000001,0.1305,2.149425287356322,0.284,0.16,1.775,0.7911627119982504,0.0807121432683906,1.0,0.7659481772868564,0.7559876970341503,-0.1010920081964333,0.6917802450100607,-0.6756756756756753,0.038333951017666,-1.2362362362362362,0.3508508508508508,1.0,0.540746233225989,0.3868747857872667,0.281731214197688,0.0079966144479521,0.0428445433943606,5.357835328090993,0.386567835840256,1.0,1.000000000000001,1.0,0.1402656581302152,-4.484410336546101
BBOB_F1,1,5,2,0,0.104,0.0325,3.2,0.1745,0.0809999999999999,2.154320987654321,0.1145,0.0985,1.1624365482233503,0.7167709360707184,-0.4738362321926064,1.0,0.7690569645689403,0.7548364441576721,-0.0705747262840053,0.6838433229737215,-0.7757757757757754,0.030442722120643,-1.336336336336336,0.3483483483483483,0.6666666666666666,0.6319737387747439,0.8019822454147366,0.2928558580295243,0.0123916991377785,0.0702862818691813,5.672045543366992,0.8018831114403571,1.0,1.0000000000000016,1.0,0.1408153535476815,-4.481543102225
BBOB_F1,1,6,2,6,0.1085,0.0409999999999999,2.6463414634146343,0.1629999999999999,0.086,1.895348837209302,0.145,0.1005,1.4427860696517412,0.7555170186004309,-0.2104377781598052,1.0,0.778056098280934,0.7569453852444732,-0.075764906172751,0.6748249514257896,-0.7757757757757754,0.036606951475969,-1.316316316316316,0.3398398398398398,0.6666666666666666,0.6238695109983187,0.7583677118212049,0.2728629115721393,0.0285703916948087,0.0584248175915565,2.0449428280737325,0.7582467430266858,1.0,1.0000000000000009,1.0,0.139415860555461,-4.488842916289178
BBOB_F8,8,0,10,0,0.0873999999999999,0.0603,1.4494195688225535,0.1654,0.1178999999999999,1.402883799830365,0.1987,0.1385,1.4346570397111913,0.8069644357406875,0.3219226165960718,2.0,0.9092099997922222,0.9300863509442338,-0.4253849458015991,0.8228110364144593,-1.1361361361361362,0.0091825428356562,-1.7567567567567566,0.5578115623124625,0.9090909090909092,0.1625386114211774,0.6205816850003092,0.2397397880991142,0.0004365424818714,0.0279354189515724,63.99244085435134,0.6280532065168865,0.9363661700270896,111.57700399862628,0.9959078614362936,0.6781393706977215,-4.079807355008578
BBOB_F12,12,5,10,0,0.0836999999999999,0.058,1.4431034482758616,0.162,0.1094,1.4808043875685557,0.2113,0.1361,1.5525349008082288,11.954645974834238,210.4071698333024,4.0,0.8957865884143705,0.9283508354729614,-0.1464296623499231,0.7115722976767155,-1.5165165165165162,6.321218475812448e-05,-3.398398398398398,0.5298059611922384,0.9090909090909092,0.1250342690030428,0.1397862726677928,0.0104877711536999,5.840120711726119e-05,0.0028039042119877,48.01106604454028,0.348270734957508,0.181882719810429,7.173213767285395,0.4779847870675249,0.6707774253938221,-4.173125132529641
BBOB_F8,8,7,2,0,0.1,0.1,1.0,0.2655,0.2585,1.0270793036750483,0.299,0.126,2.373015873015873,2.302056435702694,4.8950714790196175,1.0,0.5308489014899136,0.7369239043683266,-0.0826594414077385,0.5755501567306339,-0.3753753753753752,0.0038245697224669,-1.7167167167167163,0.3473473473473473,1.0,0.5490904095204813,0.4188182297303091,0.1042547607087333,0.0101224637217651,0.0388522533737031,3.83822105384914,0.4330572061154494,0.8580834246509552,25.97686427765277,0.9722083452955124,0.4561643614721858,-2.836669468724859
BBOB_F7,7,8,2,0,0.099,0.032,3.09375,0.2035,0.0575,3.539130434782608,0.009,0.0095,0.9473684210526316,0.9809414633842394,-0.3271227691555465,1.0,0.3545005895366354,0.5072483462821192,-0.0756536218990354,0.8066650760610327,-0.175175175175175,4.906886814099593e-05,-1.056056056056056,0.2507507507507507,0.6666666666666666,0.6352667167644621,0.820311236444879,0.2570666600167647,0.0005975257864123,0.0886931690120661,148.43404423529884,0.8202362175738365,0.9976108928252476,466.19386472730446,0.9976277095504988,0.4581235253554708,-2.826450387851477
BBOB_F19,19,6,10,0,0.1,0.0928,1.0775862068965518,0.25,0.1917,1.3041210224308817,0.4203,0.1947,2.158705701078582,1.8631136489498836,5.874962074339528,3.0,0.9232330813836576,0.9324269561600764,-0.444454105307269,0.8205992186223076,-1.1961961961961962,0.0055302242561929,-1.916916916916917,0.5698139627925585,0.9090909090909092,0.1115989726551281,0.0506956390026027,0.1370670950900234,0.000235726473951,0.0037142974514769,15.756810803726886,0.1586424323035243,0.5635755698712044,1.657641583977833,0.7084875612338924,0.7147686796179139,-3.615505385968637
BBOB_F13,13,8,10,0,0.0667,0.0361999999999999,1.8425414364640889,0.1079,0.0652,1.6549079754601224,0.1134,0.0774999999999999,1.4632258064516133,0.1107811204132369,-0.2063498654695683,1.0,0.8914187476978992,0.9280810459966644,-0.3750872925056831,0.8220992978767592,-1.336336336336336,0.0087688560945874,-1.8568568568568569,0.5153030606121224,0.8181818181818182,0.1750878637062403,0.8563116347495616,0.4743447932647962,0.0001673178165386,0.0264570399638797,158.1244634384814,0.9237406749589776,0.9251652381368184,2.0390406621049726,0.9964239910616318,0.7140521632134397,-3.624587729787125
BBOB_F3,3,1,2,4,0.1035,0.071,1.4577464788732395,0.2239999999999999,0.096,2.333333333333333,0.1155,0.1159999999999999,0.995689655172414,0.9037995959997714,-0.3360116216953921,1.0,0.4670003234974021,0.6808012851616225,-0.0881652494383857,0.8476501712962585,-0.3353353353353351,0.0730909932860291,-0.9959959959959956,0.5465465465465466,0.6666666666666666,0.6133466213008132,0.7056881590116892,0.2996593595148904,0.0088869014380172,0.0721979680665443,8.124087857854335,0.7055411173659732,0.9839907784591057,8.836578983395492,0.9912581331932504,0.4009755735205143,-3.124536498223387
BBOB_F17,17,6,2,0,0.1,0.0515,1.941747572815534,0.186,0.1595,1.1661442006269591,0.107,0.105,1.019047619047619,2.8282146229010734,10.468118623847523,7.0,0.3769669952473948,0.6192235707539392,-0.2119355059583209,0.7711272301433718,0.4854854854854853,0.030442722120643,-1.0960960960960962,0.6646646646646647,0.6666666666666666,0.5721248653520481,0.5132928303778184,0.0779920601241304,0.0085797183042645,0.0277395134211478,3.233149671983972,0.5760389911465983,0.6694661606096037,6.662507425658331,0.7711858671682169,0.1921666641115008,-4.213692515511484
BBOB_F20,20,8,2,0,0.1,0.0685,1.45985401459854,0.358,0.0935,3.828877005347593,0.129,0.1105,1.167420814479638,1.516210594580436,1.5200194703483545,1.0,0.4681808215769789,0.7330946508118674,-0.0631346749545795,0.5250369546359793,-0.6356356356356354,0.0290712337727257,-1.5765765765765765,0.3618618618618618,0.6666666666666666,0.5998788774772518,0.639669712356012,0.1627406124839982,0.0153728435465836,0.0570680676905008,3.7122649116651703,0.7249174460584857,0.9098124552345072,11.012870948988926,0.999085097474063,0.3879179439027902,-3.1926456412188418
BBOB_F3,3,1,2,1,0.1035,0.071,1.4577464788732395,0.2239999999999999,0.096,2.333333333333333,0.1155,0.1159999999999999,0.995689655172414,0.9037995959997714,-0.3360116216953921,1.0,0.4670003234974021,0.6808012851616225,-0.0881652494383857,0.8521993774692513,-0.3353353353353351,0.0666536326812491,-0.9959959959959956,0.5420420420420421,0.6666666666666666,0.6133466213008142,0.7056881590116892,0.2996593595148904,0.0088869014380172,0.0721979680665443,8.124087857854335,0.7055411173659732,0.9839907784591057,8.836578983395492,0.9912581331932504,0.4009755735205143,-3.124536498223387
BBOB_F21,21,5,10,0,0.1,0.1,1.0,0.25,0.2453,1.019160211985324,0.4368,0.3165,1.380094786729858,-2.2839184001228245,11.305158405719558,3.0,0.7301964466128155,0.9116584499474748,-0.6255485165371023,0.8300697803909,-1.0960960960960962,0.006064329395408,-1.9369369369369367,0.5943188637727546,0.9090909090909092,0.1043611517937371,0.0208398932714655,0.8941834026336751,6.74501711931536e-05,0.0019015455403828,28.191856399259443,0.0751229094030397,0.1705854565289077,2.19573272810325,0.2708275216971005,0.9101797990405432,-1.1385335239576193
BBOB_F2,2,4,2,1,0.1,0.0394999999999999,2.5316455696202538,0.3299999999999999,0.0475,6.947368421052631,0.0045,0.0085,0.5294117647058822,1.190554444520604,0.2352551072105408,2.0,0.4862673368687326,0.7437438422965659,-0.06363738251778,0.5610463595979297,-0.5355355355355353,0.0333828586473176,-1.316316316316316,0.3168168168168168,0.6666666666666666,0.6220936129282291,0.7501916251743749,0.2431421938931958,4.80721782749183e-05,0.0839476822171461,1746.2841341838246,0.7500667215014707,0.997280110178379,2977.035515839864,0.9989368484625368,0.6300587447937555,-1.9296290818786312
BBOB_F1,1,7,2,4,0.1,0.086,1.162790697674419,0.25,0.1605,1.557632398753894,0.462,0.0725,6.372413793103448,0.4683001214384852,-0.3961250395360629,1.0,0.7724215718636989,0.7568921434362924,-0.1233746688004439,0.7050062108365667,-0.6156156156156153,0.0505479682119124,-1.1561561561561562,0.3593593593593593,1.0,0.3771392134160167,0.0163608058812431,0.3269218144768705,0.0029656815349662,0.0090079722201765,3.037403751539013,0.0158683648732506,1.0,1.0000000000000009,1.0,0.1403192877153706,-4.4841306023836935
BBOB_F19,19,9,2,0,0.1,0.1,1.0,0.25,0.2735,0.9140767824497256,0.3974999999999999,0.1595,2.492163009404388,3.2616669076008877,12.536783208692354,5.0,0.3389810239200511,0.6392571142551673,-0.0904597430510772,0.870156369786553,-0.3353353353353351,0.0349577557436327,-1.1561561561561562,0.5970970970970971,1.0,0.4366022070541237,0.0947571197927942,0.0768461399378148,0.0073579256741652,0.0110483835518646,1.5015622664764274,0.5510649080040982,0.3991162182280484,1.3117875737458002,0.943815828276426,0.5381456895006247,-2.409051427999681
BBOB_F11,11,0,2,0,,,,,,,,,,0.7468414193739887,-0.7293739949659201,2.0,0.5652236972167716,0.7421875525982208,-0.0540064703910622,,,,,,0.6666666666666666,0.6500488088441679,0.9036996658975136,0.2596760020704445,0.0284332285895855,0.077187992696212,2.7147107987759167,0.935793073050576,0.95752137119543,9.448757054600218,0.9948829003018608,0.4446515673602171,-2.896720685017972
BBOB_F9,9,7,2,0,0.1,0.1,1.0,0.2645,0.2309999999999999,1.1450216450216455,0.3675,0.0784999999999999,4.681528662420384,3.0729227603694094,11.09065594902968,4.0,0.5673963720806531,0.7398166607067388,-0.0746787304626986,0.5694766044285818,-0.4954954954954953,0.002412028207618,-2.097097097097097,0.3438438438438438,1.0,0.4334817536632075,0.0895869895929902,0.0705086241820621,0.0051615891058838,0.0127099645168117,2.462413077849072,0.5080220647013035,0.4481839415584834,2.177889275552011,0.936141585832207,0.429656382210182,-2.9749361988230785
BBOB_F20,20,2,2,0,0.1,0.072,1.388888888888889,0.3655,0.097,3.768041237113402,0.1305,0.1075,1.2139534883720928,1.520941620937959,1.5486403105671904,1.0,0.4146798658555607,0.7315098617027682,-0.0636822740351925,0.51970823138961,-0.6356356356356354,0.0265108360190853,-1.4564564564564562,0.3373373373373373,0.6666666666666666,0.5999351572497328,0.6399391412704039,0.1634661418997766,0.0154211968038273,0.0573636311506782,3.719791134267944,0.7250971183141339,0.909894975958821,10.950527937250934,0.9990930328944124,0.4000786412899487,-3.129214934305377
BBOB_F1,1,8,2,5,0.1275,0.0355,3.5915492957746484,0.102,0.0545,1.8715596330275228,0.1425,0.0824999999999999,1.7272727272727275,0.7269312736312639,-0.1213859971582604,1.0,0.768834995153707,0.7534473675485805,-0.0711831766428276,0.6678189606328929,-0.7757757757757754,0.0318789129267764,-1.396396396396396,0.3658658658658659,0.6666666666666666,0.6306998956261155,,,,,,,,,,0.1388923265685892,-4.491573691492545
BBOB_F3,3,4,10,8,0.0957,0.0591,1.6192893401015227,0.1638,0.1175,1.3940425531914893,0.1732,0.106,1.6339622641509433,1.4903241666663003,1.8358793717446595,2.0,0.8919323515482676,0.9273651669530872,-0.3458047116394649,0.775537632526845,-0.9959959959959956,0.004391800892596,-1.896896896896897,0.5557111422284456,0.9090909090909092,0.1606302002590515,0.5864639286102848,0.2070714662839515,0.0009818451544414,0.0397449856905482,40.479891875779984,0.5846631418700439,0.9197885773648808,59.68531931564807,0.9873299462107727,0.7066679715991342,-3.718187494766591
BBOB_F2,2,3,2,1,0.1,0.012,8.333333333333334,0.0394999999999999,0.0174999999999999,2.257142857142857,0.0005,0.0005,1.0,0.8640870597333834,-0.3987728115600752,1.0,0.4055800221545731,0.737276668206327,-0.0587107508693155,0.5624508230582618,-0.5755755755755754,0.0333828586473176,-1.376376376376376,0.3178178178178178,0.6666666666666666,0.6473880815313636,0.8875576271828564,0.2762202394106648,1.85839013663798e-05,0.0919911247951343,4950.043749239639,0.8875015117234308,0.9977691274450224,2518.722817424278,0.998126084110714,0.6402514177306142,-1.876463672927216
BBOB_F1,1,2,10,4,0.0665999999999999,0.0423999999999999,1.5707547169811322,0.1072999999999999,0.0781999999999999,1.3721227621483376,0.1271,0.1021,1.2448579823702253,0.2988421400884995,-0.064778980086543,2.0,0.9304465021453292,0.932938273182003,-0.3919737945103332,0.833498509857948,-1.316316316316316,0.0079965545258923,-1.8768768768768769,0.5354070814162832,0.8181818181818182,0.1743650103848263,0.8424592138260633,0.3788562522216504,0.0028504018348171,0.0184841537646807,6.48475367188593,0.8417627516644393,1.0,1.000000000000041,1.0,0.6726658417673235,-4.149188141457975
BBOB_F2,2,9,2,1,0.1,0.0669999999999999,1.492537313432836,0.25,0.113,2.2123893805309733,0.4945,0.0645,7.666666666666665,0.6389580777571676,-0.8693064761450122,2.0,0.390200062713736,0.7365136205236091,-0.1048901634674794,0.6043376586228634,-0.4554554554554552,0.1009262190987048,-0.9759759759759756,0.3118118118118118,1.0,0.3571190765632442,0.0040934201528528,0.3333208114178385,6.811155627049279e-05,0.007329040028678,107.60347333089992,0.003594958479701,0.9984268256116958,14324.8171743414,0.9984352706631668,0.6576512269029281,-1.7857055395059596
BBOB_F7,7,6,2,0,0.1085,0.0245,4.428571428571428,0.0844999999999999,0.049,1.7244897959183672,0.033,0.033,1.0,1.1903204782079388,0.6561221307997376,1.0,0.3949717910787059,0.4995588020895897,-0.0761380665389784,0.7834378154680584,-0.3753753753753752,4.371602248248502e-05,-1.1561561561561562,0.2152152152152152,0.6666666666666666,0.6367082495187497,0.8292764703646922,0.2081636481116248,0.0296395679284865,0.0643196106462574,2.170058983364595,0.9134333426996804,0.9129171157476966,4.633259785976866,0.9971082189856372,0.3838542196228975,-3.2138421972689244
BBOB_F1,1,8,2,3,0.1275,0.0355,3.5915492957746484,0.102,0.0545,1.8715596330275228,0.1425,0.0824999999999999,1.7272727272727275,0.7269312736312639,-0.1213859971582604,1.0,0.768834995153707,0.7534473675485805,-0.0711831766428276,0.6753862295636954,-0.7757757757757754,0.0265108360190853,-1.416416416416416,0.3593593593593593,0.6666666666666666,0.6306998956261155,0.7942108363721839,0.2682419792183342,0.0442122021876997,0.047932037713281,1.084135947578206,0.7941078117837203,1.0,1.0000000000000038,1.0,0.1388923265685892,-4.491573691492545
BBOB_F2,2,9,10,2,0.1093,0.0548999999999999,1.9908925318761383,0.2343,0.0979,2.393258426966292,0.1820999999999999,0.1273,1.430479183032207,1.1671624943122043,0.5271952924788903,1.0,0.8089280694840091,0.9191217902141832,-0.3407834955821566,0.8060888668121556,-0.9759759759759756,0.0091825428356562,-1.7167167167167163,0.5502100420084017,0.9090909090909092,0.1627040930853697,0.6234357470861417,0.2526744894426019,2.4284364778062208e-06,0.0563889315375144,23220.2621122108,0.6217727686605152,0.9975894190280165,36654.755671644685,0.9985629034440012,0.825976346749711,-2.205870851663576
BBOB_F2,2,1,2,3,0.1,0.067,1.4925373134328357,0.25,0.111,2.252252252252252,0.434,0.063,6.888888888888888,0.7537191744568835,-0.5585384024090163,1.0,0.2558072360993015,0.7307194595628388,-0.1034195634547192,0.6015500461332103,-0.5155155155155153,0.0878909065341995,-0.9959959959959956,0.3103103103103103,1.0,0.4396799252523991,0.1008842773394215,0.3046112325392295,5.519273555421402e-05,0.0306503884691875,555.3337438598359,0.1004341622650205,0.9979328655418233,4368.110304992091,0.9981534822459596,0.674855394474222,-1.6959678808699303
BBOB_F8,8,4,2,0,0.1,0.1,1.0,0.267,0.2515,1.0616302186878726,0.255,0.1745,1.4613180515759314,2.265661852799836,4.569687648637119,1.0,0.5082115377613067,0.733954641391839,-0.0753932487922648,0.5868635790382603,-0.3953953953953952,0.0034877274748141,-1.8568568568568569,0.3618618618618618,1.0,0.5626744071188944,0.4732392782087832,0.1038343730261742,0.008951800291341,0.043105372472378,4.815274142573666,0.4894700355570258,0.860498456289871,29.07611229746031,0.9803190426367486,0.5185469979402333,-2.511279024055754
BBOB_F13,13,9,10,0,0.0816999999999999,0.0457,1.7877461706783366,0.1500999999999999,0.0815999999999999,1.8394607843137256,0.1679999999999999,0.0998,1.6833667334669338,0.0483572047573497,-0.2222227704724453,2.0,0.9125486507783962,0.930507861768346,-0.4002887232512975,0.829646397778006,-1.336336336336336,0.0087688560945874,-1.8568568568568569,0.5306061212242449,0.9090909090909092,0.1681346608053825,0.721632852389622,0.4401349979167978,0.0044818267818273,0.0191030462211144,4.262334791378406,0.8453307890217728,0.8626923238588361,2.936902530135436,0.9942265538882572,0.6988964865299654,-3.8166964736785687
BBOB_F13,13,6,2,0,0.1,0.067,1.4925373134328357,0.25,0.111,2.252252252252252,0.3835,0.058,6.612068965517241,0.1397151431737553,-1.025247853973432,2.0,0.5610654291101453,0.7440407904925898,-0.1084177764916908,0.7370950985977929,-0.7557557557557554,0.1056875971184805,-0.9359359359359356,0.3258258258258258,1.0,0.4468024361028109,0.1149676815903155,0.4381514785144506,0.0008928496774375,0.0304208894039351,34.07168101492795,0.1249985247971765,0.9221362765578744,51.01386144466249,0.9485625227693032,0.5639660711729504,-2.2743712357287524
BBOB_F1,1,1,10,0,0.0964,0.0655,1.4717557251908395,0.1839,0.1241,1.4818694601128122,0.213,0.1497,1.4228456913827654,0.3716013159145216,-0.0261531130090153,1.0,0.9590675068792924,0.936693686306131,-0.4540226046393324,0.8437432594810104,-1.2362362362362362,0.0105444279352616,-1.7767767767767764,0.5592118423684737,0.9090909090909092,0.1612822035632213,0.5993281708421077,0.3774554365136944,0.0009379808413524,0.0242602677344781,25.86435315618816,0.5975568659310794,1.0,1.0000000000000104,1.0,0.6312313780714917,-4.674398789630574
BBOB_F2,2,1,10,5,0.101,0.0545999999999999,1.84981684981685,0.1833,0.0928,1.9752155172413797,0.0475999999999999,0.0465999999999999,1.0214592274678111,0.9097655922477774,-0.3834539154092122,2.0,0.803215358497113,0.9168135708726992,-0.2966696893945936,0.7867113968764509,-1.016016016016016,0.0079965545258923,-1.7567567567567566,0.5629125825165033,0.8181818181818182,0.1726256351006397,0.8077783781909607,0.2732288914910434,6.286902509238012e-06,0.0774871013872964,12325.163508331234,0.8069284576412186,0.9984152910343032,15287.21832009744,0.9991367168621476,0.8348664163614365,-2.0931830356138743
BBOB_F18,18,7,2,0,0.1,0.086,1.162790697674419,0.2514999999999999,0.1659999999999999,1.5150602409638552,0.3934999999999999,0.196,2.0076530612244894,3.6678502412430847,20.854648297694343,4.0,0.3308875502368312,0.6112555182199677,-0.2711548436234817,0.8050796257660598,0.3253253253253251,0.0554298551568466,-0.7757757757757754,0.6381381381381381,1.0,0.4048194891800247,0.0449101168456755,0.0802017854293083,0.0021040453261934,0.0067067474955818,3.187548962034732,0.2218709112032664,0.3536939495235673,4.44038877332645,0.6894593056327942,0.5842259304739548,-2.168694961045108
BBOB_F16,16,7,2,0,0.1,0.1,1.0,0.25,0.286,0.8741258741258742,0.3715,0.3175,1.1700787401574804,1.3094143729283028,1.923636463722799,2.0,0.1722577912713531,0.5903392505524121,-0.4049616824119,0.820393730718975,0.4654654654654652,0.2209756114795903,-0.3353353353353351,0.556056056056056,1.0,0.4025013461303624,0.0422551533762999,0.2236319445290294,0.004962988226641,0.011365049870952,2.2899610782764164,0.1165299581457335,0.0642935495316907,2.510525217741627,0.2784179843660015,0.9116388324103848,-0.460895551091256
BBOB_F17,17,5,2,0,0.1,0.0995,1.0050251256281406,0.3025,0.194,1.559278350515464,0.189,0.1649999999999999,1.1454545454545455,3.816096128590568,18.984012920804343,4.0,0.387072840860482,0.6262711573927641,-0.1653222935789108,0.8097758993395974,0.4054054054054052,0.0126795284678643,-1.396396396396396,0.6431431431431431,1.0,0.5450389446966099,0.4020049687801997,0.0561534504169017,0.0118036187100877,0.0200206663038709,1.6961464780932425,0.5657341042496479,0.550983152820024,3.345593249469008,0.7855890933280613,0.2072259685700524,-4.135142552707565
BBOB_F1,1,7,2,7,0.1,0.086,1.162790697674419,0.25,0.1605,1.557632398753894,0.462,0.0725,6.372413793103448,0.4683001214384852,-0.3961250395360629,1.0,0.7724215718636989,0.7568921434362924,-0.1233746688004439,,,,,,1.0,0.3771392134160164,0.0163608058812431,0.3269218144768705,0.0029656815349662,0.0090079722201765,3.037403751539013,0.0158683648732506,1.0,1.0000000000000009,1.0,0.1403192877153706,-4.4841306023836935
BBOB_F23,23,5,10,0,0.1,0.1,1.0,0.25,0.25,1.0,0.4981,0.5025,0.9912437810945276,0.4979533577632296,-0.2186849616848873,1.0,0.5807218614364859,0.8802897881327657,-0.5759437890849433,0.8733833966556633,-0.7957957957957954,0.0230867799418716,-1.376376376376376,0.6695339067813563,0.9090909090909092,0.0948179966516372,0.0008180434342519,0.3499469454732466,7.255801918680418e-05,0.001210776644062,16.687013477377594,-0.0003498724264372,0.0009385357813105,34.78622597862619,-0.0021298454114302,1.0073886517352877,0.0936563001152688
BBOB_F4,4,4,10,0,0.1027,0.0835999999999999,1.2284688995215316,0.2283,0.1467,1.556237218813906,0.194,0.1438,1.349095966620306,1.407764832519674,1.207928875822513,4.0,0.8710174152114547,0.9242896634183848,-0.3371621386790815,0.7074391205192697,-0.9759759759759756,0.00219959306803,-1.8568568568568569,0.5726145229045809,0.9090909090909092,0.1596854520418074,0.5714565847767421,0.167244052659339,0.0003180131506374,0.0447820155077784,140.81812471593636,0.5695592680899249,0.91194998159615,161.1028306535002,0.9846599083359902,0.7108931822566228,-3.6646300107268353
BBOB_F1,1,8,10,2,0.0723999999999999,0.0495,1.4626262626262625,0.1288,0.0935,1.3775401069518716,0.1535,0.1149999999999999,1.3347826086956522,0.3272971245672494,-0.0347991623133068,1.0,0.9418170954189264,0.934287718399962,-0.4057258333017515,0.837791659600352,-1.296296296296296,0.0091825428356562,-1.836836836836837,0.5399079815963193,0.9090909090909092,0.1711639368746521,0.7795444674117137,0.3687195950955766,0.0001571793235344,0.022155033497389,140.9538672084231,0.7785698694012728,1.0,1.0000000000000322,1.0,0.6487100342300188,-4.452844665083536
BBOB_F2,2,9,10,4,0.1093,0.0548999999999999,1.9908925318761383,0.2343,0.0979,2.393258426966292,0.1820999999999999,0.1273,1.430479183032207,1.1671624943122043,0.5271952924788903,1.0,0.8089280694840091,0.9191217902141832,-0.3407834955821566,0.8089047385577467,-0.9759759759759756,0.0091825428356562,-1.7167167167167163,0.5547109421884376,0.9090909090909092,0.1627040930853698,0.6234357470861417,0.2526744894426019,2.4284364778062208e-06,0.0563889315375144,23220.2621122108,0.6217727686605152,0.9975894190280165,36654.755671644685,0.9985629034440012,0.825976346749711,-2.205870851663576
BBOB_F1,1,4,10,3,0.0809999999999999,0.0540999999999999,1.497227356746765,0.1392,0.096,1.45,0.1592999999999999,0.1209,1.3176178660049624,0.3455551571350047,-0.0956861309608236,1.0,0.94259229425665,0.9346491082299874,-0.4194372062135604,0.8354915245298022,-1.276276276276276,0.0100693863147602,-1.8168168168168168,0.536507301460292,0.9090909090909092,0.1696498630009764,0.7491837548594302,0.3876835412329755,0.0009514340030115,0.0250657849454952,26.345269210637746,0.7480749370827552,1.0,1.0000000000000429,1.0,0.6461377841257404,-4.485449724351287
BBOB_F1,1,9,2,2,0.1125,0.0414999999999999,2.7108433734939763,0.1455,0.0834999999999999,1.7425149700598803,0.146,0.0875,1.6685714285714293,0.761444397386125,-0.1282570208636371,1.0,0.7649500044970404,0.7542255413692402,-0.0727162302622876,0.6826429734730585,-0.7757757757757754,0.0241759407916913,-1.396396396396396,0.3623623623623623,0.6666666666666666,0.6240365389795591,0.7590984836828416,0.2672160014523527,0.0334567520494487,0.0543370503398692,1.6240981868042546,0.758977880735916,1.0,1.0000000000000018,1.0,0.1400651094738035,-4.4854564067377805
BBOB_F2,2,1,10,0,0.101,0.0545999999999999,1.84981684981685,0.1833,0.0928,1.9752155172413797,0.0475999999999999,0.0465999999999999,1.0214592274678111,0.9097655922477774,-0.3834539154092122,2.0,0.803215358497113,0.9168135708726992,-0.2966696893945936,0.7848400843408292,-1.016016016016016,0.0076362982612822,-1.7567567567567566,0.5573114622924585,0.8181818181818182,0.1726256351006394,0.8077783781909607,0.2732288914910434,6.286902509238012e-06,0.0774871013872964,12325.163508331234,0.8069284576412186,0.9984152910343032,15287.21832009744,0.9991367168621476,0.8348664163614365,-2.0931830356138743
BBOB_F10,10,6,10,0,0.0957,0.0295,3.2440677966101688,0.0508,0.0359,1.415041782729805,0.0401,0.037,1.083783783783784,1.0251708070943413,0.6449271858125609,3.0,0.8067386063503409,0.9181684292279148,-0.2723995987029038,0.7663731783466219,-1.316316316316316,0.004391800892596,-2.097097097097097,0.5188037607521504,0.8181818181818182,0.1758488380758036,0.8726513239489504,0.1614274493802556,4.744166985319815e-05,0.0359233209440204,757.2102975122986,0.953935062756536,0.9076158614076608,19915.98562863541,0.9911568885075364,0.8433357883220806,-1.9858278549189168
BBOB_F1,1,4,2,2,0.1,0.0784999999999999,1.2738853503184715,0.2805000000000001,0.1305,2.149425287356322,0.284,0.16,1.775,0.7911627119982504,0.0807121432683906,1.0,0.7659481772868564,0.7559876970341503,-0.1010920081964333,0.7074337091224179,-0.6756756756756753,0.038333951017666,-1.2362362362362362,0.3518518518518518,1.0,0.540746233225989,0.3868747857872667,0.281731214197688,0.0079966144479521,0.0428445433943606,5.357835328090993,0.386567835840256,1.0,1.000000000000001,1.0,0.1402656581302152,-4.484410336546101
BBOB_F1,1,0,10,0,0.0833999999999999,0.0542,1.538745387453874,0.1425,0.1008,1.4136904761904765,0.1669,0.1277,1.306969459671104,0.342068294348878,-0.1195355306211194,1.0,0.9425795571530338,0.9342691728755006,-0.411405140737095,0.8395608299054953,-1.256256256256256,0.0091825428356562,-1.8168168168168168,0.5417083416683337,0.9090909090909092,0.1688521350809601,0.7361022962842763,0.3886993035832645,0.0015531971404858,0.0227641512937262,14.65631805541791,0.7349356475094344,1.0,1.0000000000000122,1.0,0.6528881683787955,-4.399883908537005
BBOB_F1,1,4,2,5,0.1,0.0784999999999999,1.2738853503184715,0.2805000000000001,0.1305,2.149425287356322,0.284,0.16,1.775,0.7911627119982504,0.0807121432683906,1.0,0.7659481772868564,0.7559876970341503,-0.1010920081964333,0.705130608568706,-0.6756756756756753,0.038333951017666,-1.256256256256256,0.3623623623623623,1.0,0.5407462332259889,0.3868747857872667,0.281731214197688,0.0079966144479521,0.0428445433943606,5.357835328090993,0.386567835840256,1.0,1.000000000000001,1.0,0.1402656581302152,-4.484410336546101
BBOB_F21,21,9,10,0,0.1,0.1002,0.998003992015968,0.2506,0.2392,1.0476588628762542,0.4173,0.3021,1.3813306852035752,-2.575537367528772,13.856261908563916,4.0,0.7650419309385319,0.914745594147467,-0.6038697205414638,0.82696559685474,-1.1361361361361362,0.0057911226476417,-1.956956956956957,0.5873174634926985,0.9090909090909092,0.1111862402204527,0.0487812156545272,0.9017370115103536,2.9364348228621545e-05,0.0030133230820022,102.61842212677163,0.114767714629774,0.1741542255487664,2.487616555222233,0.2827245465161681,0.9083896604011966,-1.1612247763892185
BBOB_F3,3,3,2,2,0.1,0.086,1.162790697674419,0.293,0.1224999999999999,2.3918367346938783,0.2314999999999999,0.137,1.68978102189781,2.089084180006075,3.640765997785424,1.0,0.4398204383727781,0.6824821314488437,-0.0678714348399805,0.7850505937971197,-0.2752752752752751,0.0220466873523941,-1.4964964964964964,0.5035035035035035,0.6666666666666666,0.5687282844615067,0.498116580916058,0.1476036599257442,0.001951642435774,0.0522270277073179,26.760551395063537,0.497866674771043,0.9083753775232356,39.69613125370324,0.9852096827885516,0.3494388210552601,-3.393354357661887
BBOB_F5,5,8,2,0,0.0605,0.0075,8.066666666666666,0.0435,0.008,5.437499999999999,0.008,0.008,1.0,0.000545618833051,-1.177383392298932,2.0,0.6590203266565644,0.7492113614885834,-0.0584500417921548,0.7336223962783001,-1.016016016016016,0.0580448594276897,-1.2162162162162162,0.3178178178178178,0.6666666666666666,0.6666111528572813,1.0,0.4999749725250857,0.0092247541967734,0.0922475419677348,9.999999999999996,1.0,1.0,25.6,1.0,0.3583357799650398,-3.346947447345765
BBOB_F17,17,9,10,0,0.0706,0.0482999999999999,1.4616977225672878,0.0838999999999999,0.0716,1.171787709497207,0.0685,0.0605,1.1322314049586777,4.297431221858068,31.0567430152337,6.0,0.8105627125175382,0.9167734726013556,-0.2240756860010299,0.7280899250298637,-1.416416416416416,0.000694771254846,-2.697697697697697,0.536007201440288,0.9090909090909092,0.1588600989987929,0.5589124560258785,0.0369730278736566,0.0003283775536195,0.0064099865333025,19.52017262644204,0.8447601573947173,0.5854082485866369,16.05427179399109,0.8887716757232448,0.743588394391102,-3.250195454910008
BBOB_F1,1,8,10,4,0.0723999999999999,0.0495,1.4626262626262625,0.1288,0.0935,1.3775401069518716,0.1535,0.1149999999999999,1.3347826086956522,0.3272971245672494,-0.0347991623133068,1.0,0.9418170954189264,0.934287718399962,-0.4057258333017515,0.8333319470877392,-1.296296296296296,0.0079965545258923,-1.836836836836837,0.530506101220244,0.9090909090909092,0.1711639368746522,0.7795444674117137,0.3687195950955766,0.0001571793235344,0.022155033497389,140.9538672084231,0.7785698694012728,1.0,1.0000000000000322,1.0,0.6487100342300188,-4.452844665083536
BBOB_F3,3,4,2,9,0.1095,0.063,1.7380952380952377,0.21,0.1015,2.0689655172413794,0.011,0.0104999999999999,1.0476190476190477,2.039494770378074,3.291836155068098,1.0,0.4753840744831474,0.6973040685951131,-0.0577384909454084,0.7172999782826623,-0.3153153153153152,0.0072922720587283,-1.8568568568568569,0.464964964964965,0.6666666666666666,0.5867652141275237,0.5776644819086751,0.1436689975345291,0.0010698720035241,0.0610161802964658,57.031289813622976,0.5774537626271947,0.9045267297320986,114.12799692578288,0.9847431348522132,0.3194096591342478,-3.549987723991693
BBOB_F3,3,0,2,6,0.1,0.0784999999999999,1.2738853503184715,0.272,0.1275,2.1333333333333333,0.4665,0.0625,7.464,1.7449886811836477,3.113833986243568,1.0,0.4603358290221734,0.680162296262363,-0.108286082306412,0.8152782389785203,-0.2152152152152151,0.0554298551568466,-1.1361361361361362,0.5375375375375375,1.0,0.4348736042531707,0.0920997064983053,0.2093245115188073,0.0069529583135221,0.0193094790414217,2.777160191492683,0.0916453533921822,0.8777507992660738,19.094124832265887,0.9676405666264952,0.3295305601478374,-3.4971966803981647
BBOB_F9,9,8,2,0,0.1,0.1,1.0,0.26,0.2259999999999999,1.1504424778761064,0.384,0.091,4.21978021978022,3.267399643424512,12.568080093798196,6.0,0.5432466445143292,0.7379647199573367,-0.0684243900138864,0.5807552165218499,-0.5155155155155153,0.0014526539259467,-2.1771771771771773,0.3543543543543543,1.0,0.4355812131714027,0.0928797882999952,0.0633491983141413,0.0069701390970812,0.0112462686241145,1.6134927104717136,0.5512405419580404,0.4040124709104237,1.4176297707829484,0.9488593701124916,0.474537592316388,-2.740833927091968
BBOB_F2,2,9,10,0,0.1093,0.0548999999999999,1.9908925318761383,0.2343,0.0979,2.393258426966292,0.1820999999999999,0.1273,1.430479183032207,1.1671624943122043,0.5271952924788903,1.0,0.8089280694840091,0.9191217902141832,-0.3407834955821566,0.8072368972643513,-0.9759759759759756,0.0091825428356562,-1.7167167167167163,0.5526105221044209,0.9090909090909092,0.1627040930853701,0.6234357470861417,0.2526744894426019,2.4284364778062208e-06,0.0563889315375144,23220.2621122108,0.6217727686605152,0.9975894190280165,36654.755671644685,0.9985629034440012,0.825976346749711,-2.205870851663576
BBOB_F2,2,2,10,4,0.1,0.0778,1.2853470437017998,0.3395,0.1064,3.1907894736842106,0.1731999999999999,0.1478,1.1718538565629228,1.0078796545904791,-0.1501056489131436,2.0,0.8112104812571663,0.918376889775676,-0.3375407422908237,0.8158175234744244,-0.9759759759759756,0.0105444279352616,-1.6166166166166165,0.5607121424284857,0.9090909090909092,0.1626865491687308,0.623021273598219,0.2825579844420591,1.119875241971293e-05,0.0673672188163437,6015.600335780142,0.6213488883092704,0.9969232293411354,23170.10396158673,0.9986787366858556,0.844864904069436,-1.9664452492046236
BBOB_F2,2,3,2,5,0.1,0.012,8.333333333333334,0.0394999999999999,0.0174999999999999,2.257142857142857,0.0005,0.0005,1.0,0.8640870597333834,-0.3987728115600752,1.0,0.4055800221545731,0.737276668206327,-0.0587107508693155,0.5717784574275694,-0.5755755755755754,0.0333828586473176,-1.336336336336336,0.3258258258258258,0.6666666666666666,0.6473880815313635,0.8875576271828564,0.2762202394106648,1.85839013663798e-05,0.0919911247951343,4950.043749239639,0.8875015117234308,0.9977691274450224,2518.722817424278,0.998126084110714,0.6402514177306142,-1.876463672927216
BBOB_F2,2,1,10,4,0.101,0.0545999999999999,1.84981684981685,0.1833,0.0928,1.9752155172413797,0.0475999999999999,0.0465999999999999,1.0214592274678111,0.9097655922477774,-0.3834539154092122,2.0,0.803215358497113,0.9168135708726992,-0.2966696893945936,0.7879381623109357,-1.016016016016016,0.0076362982612822,-1.7567567567567566,0.5595119023804761,0.8181818181818182,0.1726256351006396,0.8077783781909607,0.2732288914910434,6.286902509238012e-06,0.0774871013872964,12325.163508331234,0.8069284576412186,0.9984152910343032,15287.21832009744,0.9991367168621476,0.8348664163614365,-2.0931830356138743
BBOB_F4,4,3,2,0,0.1,0.1,1.0,0.251,0.1465,1.7133105802047783,0.2794999999999999,0.1495,1.869565217391304,1.9459284830674315,3.701443173062148,2.0,0.4942581102140185,0.6853900701449495,-0.0939896101040873,0.8380331737496896,-0.2752752752752751,0.0401424249049932,-1.2362362362362362,0.535035035035035,1.0,0.5274752556338536,0.337901244115714,0.1782215104426307,0.0172505661846837,0.0316966811007306,1.8374284508338736,0.3375710012117219,0.797039316619645,1.5855865515536776,0.94704076444962,0.269850725740422,-3.808489196314096
BBOB_F16,16,1,2,0,0.1,0.1,1.0,0.252,0.25,1.008,0.3065,0.3105,0.9871175523349436,1.3373375118217703,2.1228848946793475,3.0,0.2178875201000978,0.5898994842095009,-0.4143964843709729,0.8160393636112504,0.3853853853853852,0.2110203428568596,-0.3353353353353351,0.5495495495495496,1.0,0.4636318738789355,0.1518154394623314,0.2117498645835807,0.0032520435069136,0.0218662461805759,6.723847984840749,0.1514602148735659,0.2181543133833872,3.1099072233934986,0.2966611501039458,0.6087172877699094,-2.040947015586559
BBOB_F1,1,5,2,6,0.104,0.0325,3.2,0.1745,0.0809999999999999,2.154320987654321,0.1145,0.0985,1.1624365482233503,0.7167709360707184,-0.4738362321926064,1.0,0.7690569645689403,0.7548364441576721,-0.0705747262840053,0.6727088447743638,-0.7557557557557554,0.030442722120643,-1.336336336336336,0.3423423423423423,0.6666666666666666,0.631973738774744,0.8019822454147366,0.2928558580295243,0.0123916991377785,0.0702862818691813,5.672045543366992,0.8018831114403571,1.0,1.0000000000000016,1.0,0.1408153535476815,-4.481543102225
BBOB_F16,16,2,10,0,0.1,0.1,1.0,0.25,0.25,1.0,0.5024,0.5049,0.995048524460289,0.7329204665279955,0.7587928091912857,2.0,0.5904970583135404,0.8805865846768501,-0.571726872574823,0.8639064555956669,-0.8958958958958956,0.0167194975973199,-1.5365365365365364,0.667633526705341,0.9090909090909092,0.0926358445617796,-0.0006162305886594,0.2855854638983343,1.854545419727669e-05,0.0005906976804235,31.85134611101939,0.0017620690658919,0.0006320273489728,18.78989180034897,0.0033058759082292,1.0031594608132788,0.0400483634541419
BBOB_F21,21,2,2,0,0.1,0.1,1.0,0.2489999999999999,0.2469999999999999,1.008097165991903,0.372,0.359,1.0362116991643455,1.8139189878102069,4.575561315880402,2.0,0.2418170268429763,0.663908419718085,-0.2947673902703435,0.7194718925401387,0.125125125125125,0.080150069615654,-0.7157157157157155,0.4359359359359359,1.0,0.4630545050345276,0.1501591800365639,0.2020343462783893,0.0125919726448554,0.0169127446879651,1.3431370258634558,0.151266217183116,0.2379649759802184,1.2693866696536564,0.3355019389020551,0.4573604936258381,-2.8304303933122754
BBOB_F2,2,6,2,9,0.1,0.055,1.818181818181818,0.3184999999999999,0.0839999999999999,3.7916666666666665,0.1965,0.1589999999999999,1.235849056603774,1.045334811926629,-0.1368045923893994,2.0,0.2708242864509762,0.7295593038175593,-0.0735276982683075,0.597230767468415,-0.6156156156156153,0.0636507908129557,-1.1361361361361362,0.3133133133133133,0.6666666666666666,0.5960266491859739,0.6206863567466289,0.2681462814893126,5.918768080786691e-05,0.076641358559007,1294.8870020401323,0.6204966396376408,0.996865266569142,11810.907674938113,0.9986188372108376,0.6298064308460362,-1.930945161997923
BBOB_F1,1,0,10,1,0.0833999999999999,0.0542,1.538745387453874,0.1425,0.1008,1.4136904761904765,0.1669,0.1277,1.306969459671104,0.342068294348878,-0.1195355306211194,1.0,0.9425795571530338,0.9342691728755006,-0.411405140737095,0.8388752813267146,-1.256256256256256,0.0100693863147602,-1.8168168168168168,0.5470094018803761,0.9090909090909092,0.1688521350809601,0.7361022962842763,0.3886993035832645,0.0015531971404858,0.0227641512937262,14.65631805541791,0.7349356475094344,1.0,1.0000000000000122,1.0,0.6528881683787955,-4.399883908537005
BBOB_F8,8,9,10,0,0.0926999999999999,0.0673999999999999,1.3753709198813058,0.1849,0.1302,1.420122887864823,0.2234,0.1578999999999999,1.414819506016466,0.8398612066918322,0.6211968610735603,2.0,0.9187270943536175,0.9312676938626102,-0.4515572422210419,0.8311592687644949,-1.1161161161161162,0.0100693863147602,-1.7167167167167163,0.5728145629125825,0.9090909090909092,0.1592620133048455,0.5643438321655772,0.2425617829501692,0.0007357040038954,0.0202320130472077,27.50020788263129,0.5738831488365397,0.9151960596419308,65.22136692582463,0.9913586306759092,0.6763378883272718,-4.102642397122338
BBOB_F1,1,0,20,9,0.07965,0.0561,1.4197860962566846,0.14715,0.1044,1.4094827586206895,0.17575,0.1383,1.2707881417208966,0.2414925792592945,-0.0551705246326887,1.0,1.0312380944204578,0.9703140335993068,-0.4698090370746143,,,,,,0.9047619047619048,0.0880816554159125,0.7223289358230384,0.4016801728637434,0.0006488920175338,0.0145082502339537,22.35849701017095,0.7202001326035669,1.0,1.000000000000008,1.0,0.782420638894918,-3.9370977233919824
BBOB_F13,13,1,2,0,0.1,0.0575,1.7391304347826084,0.2594999999999999,0.089,2.915730337078651,0.2205,0.088,2.5056818181818183,0.6283150976521048,-0.3535738332893468,1.0,0.5730700800356109,0.7398138225949372,-0.0900595256846794,0.7327322015993003,-0.8758758758758756,0.0636507908129557,-1.1361361361361362,0.3513513513513513,1.0,0.5497778849391224,0.4215659705055216,0.3283943688065885,0.014823592302859,0.0480287238096474,3.2400192091348963,0.5867523347957079,0.765914811056275,7.97455102743516,0.9738820066589734,0.4065000210842434,-3.095720748343471
BBOB_F2,2,1,10,9,0.101,0.0545999999999999,1.84981684981685,0.1833,0.0928,1.9752155172413797,0.0475999999999999,0.0465999999999999,1.0214592274678111,0.9097655922477774,-0.3834539154092122,2.0,0.803215358497113,0.9168135708726992,-0.2966696893945936,0.7854941698849653,-1.016016016016016,0.0079965545258923,-1.7767767767767764,0.5573114622924585,0.8181818181818182,0.1726256351006399,0.8077783781909607,0.2732288914910434,6.286902509238012e-06,0.0774871013872964,12325.163508331234,0.8069284576412186,0.9984152910343032,15287.21832009744,0.9991367168621476,0.8348664163614365,-2.0931830356138743
BBOB_F2,2,4,10,1,0.1,0.0517,1.9342359767891684,0.2612,0.0977,2.673490276356193,0.3151,0.1271,2.479150275373722,0.5205376192803268,-0.4439484324066591,2.0,0.8035581960237396,0.9186432393102786,-0.4250468733467267,0.8236577258913862,-0.9959959959959956,0.0126795284678643,-1.5565565565565564,0.5664132826565313,0.9090909090909092,0.1394883004215568,0.2846300568235939,0.3260597949483193,4.904683895323638e-06,0.0382377593662252,7796.172022968279,0.2814576541383691,0.9979017808390972,211559.73413579207,0.9979568690255206,0.8479144854753035,-1.9277896836689248
BBOB_F2,2,3,10,1,0.0878999999999999,0.0354,2.4830508474576267,0.0775999999999999,0.0358,2.1675977653631278,0.0294,0.028,1.05,0.8296671022497943,-0.3855765314760639,1.0,0.7956305836927411,0.9179831669934368,-0.30453423582119,0.7463482794983406,-1.036036036036036,0.0076362982612822,-1.7567567567567566,0.5220044008801761,0.8181818181818182,0.175973934411748,0.8754088532927307,0.2796502182682284,5.613029362266757e-06,0.0776490726991428,13833.71931405418,0.8748590846711828,0.9982307831533848,56292.97128658904,0.9983354723237988,0.8498471235933118,-1.9032921512260383
BBOB_F5,5,0,2,0,0.0605,0.0075,8.066666666666666,0.0435,0.008,5.437499999999999,0.008,0.008,1.0,0.000545618833051,-1.177383392298932,2.0,0.6590203266565644,0.7492113614885834,-0.0584500417921548,0.7231321108077919,-1.016016016016016,0.0554298551568466,-1.1961961961961962,0.2977977977977978,0.6666666666666666,0.6666111528572816,1.0,0.4999749725250857,0.0092247541967734,0.0922475419677348,9.999999999999996,1.0,1.0,25.6,1.0,0.3583357799650398,-3.346947447345765
BBOB_F24,24,7,10,0,0.1005,0.0885,1.1355932203389831,0.2291,0.1787,1.2820369334079462,0.3282,0.1512,2.1706349206349205,0.2349880590043976,-0.1002965111974787,3.0,0.9081752611701794,0.9297782659153782,-0.5306018165536417,0.8534969156581871,-1.1761761761761762,0.0110418805085416,-1.7367367367367363,0.5809161832366473,0.9090909090909092,0.1279986789428123,0.1658089959567994,0.3873799358283951,0.0054268544017757,0.0056511056261409,1.0413225061449625,0.3047799930827504,0.7252040053623992,1.0495282011868912,0.8683681221996868,0.7018964436182421,-3.778669930885828
BBOB_F3,3,3,10,2,0.0673999999999999,0.0374,1.8021390374331543,0.1278,0.0794,1.6095717884130982,0.153,0.1086,1.4088397790055247,0.954898951160814,0.2903537855015576,2.0,0.8798103730160637,0.9262669398115808,-0.3565321626472432,0.7807285733255962,-1.076076076076076,0.0076362982612822,-1.836836836836837,0.5402080416083217,0.9090909090909092,0.1669309340094566,0.699099648599641,0.235892780464796,1.2664060307581262e-05,0.043011814729168,3396.368438281936,0.6977641720746179,0.9586677685016955,97.56028293598712,0.9892790267258144,0.7242306715692984,-3.4955680564481746
BBOB_F5,5,9,2,0,0.063,0.009,7.000000000000002,0.044,0.009,4.888888888888888,0.0075,0.0075,1.0,-0.0009530127956831,-1.1785813986402067,4.0,0.6687988648989492,0.7507053572889755,-0.0598151035198644,0.7200357035793273,-1.016016016016016,0.0554298551568466,-1.1961961961961962,0.3103103103103103,0.6666666666666666,0.6667231011802507,1.0,0.4993122260312971,0.009263157100836,0.0926315710083606,10.00000000000004,1.0,1.0,27.428571428571427,1.0,0.3419536383686913,-3.4323973840665123
BBOB_F1,1,2,10,8,0.0665999999999999,0.0423999999999999,1.5707547169811322,0.1072999999999999,0.0781999999999999,1.3721227621483376,0.1271,0.1021,1.2448579823702253,0.2988421400884995,-0.064778980086543,2.0,0.9304465021453292,0.932938273182003,-0.3919737945103332,0.8365990456671801,-1.336336336336336,0.0079965545258923,-1.8768768768768769,0.5319063812762552,0.8181818181818182,0.1743650103848262,0.8424592138260633,0.3788562522216504,0.0028504018348171,0.0184841537646807,6.48475367188593,0.8417627516644393,1.0,1.000000000000041,1.0,0.6726658417673235,-4.149188141457975
BBOB_F1,1,0,10,6,0.0833999999999999,0.0542,1.538745387453874,0.1425,0.1008,1.4136904761904765,0.1669,0.1277,1.306969459671104,0.342068294348878,-0.1195355306211194,1.0,0.9425795571530338,0.9342691728755006,-0.411405140737095,0.8332799344134789,-1.256256256256256,0.0091825428356562,-1.8168168168168168,0.540508101620324,0.9090909090909092,0.1688521350809601,0.7361022962842763,0.3886993035832645,0.0015531971404858,0.0227641512937262,14.65631805541791,0.7349356475094344,1.0,1.0000000000000122,1.0,0.6528881683787955,-4.399883908537005
BBOB_F16,16,2,2,0,0.1,0.1,1.0,0.25,0.25,1.0,0.4875,0.5065000000000001,0.96248766041461,1.5771456150702827,3.5339110286532778,3.0,0.1784602110649075,0.5904953588669819,-0.4137741201432722,0.815418850649543,0.4054054054054052,0.1675807864530769,-0.4554554554554552,0.561061061061061,1.0,0.341372780111113,-0.0004027934701924,0.1768233210635016,0.000535908431967,0.0010783916508205,2.0122684893430467,0.0176812367863042,0.005885660694938,4.566024631991988,0.0245845142270936,0.8584578649136896,-0.7382897050005148
BBOB_F2,2,3,10,7,0.0878999999999999,0.0354,2.4830508474576267,0.0775999999999999,0.0358,2.1675977653631278,0.0294,0.028,1.05,0.8296671022497943,-0.3855765314760639,1.0,0.7956305836927411,0.9179831669934368,-0.30453423582119,0.7496565680388607,-1.036036036036036,0.0072922720587283,-1.7567567567567566,0.5327065413082617,0.8181818181818182,0.1759739344117476,0.8754088532927307,0.2796502182682284,5.613029362266757e-06,0.0776490726991428,13833.71931405418,0.8748590846711828,0.9982307831533848,56292.97128658904,0.9983354723237988,0.8498471235933118,-1.9032921512260383
BBOB_F15,15,0,2,0,0.1,0.0745,1.3422818791946307,0.2374999999999999,0.118,2.012711864406779,0.4035,0.11,3.668181818181818,0.9735429785386568,0.2646704561764115,1.0,0.4308564002992501,0.6568279460920762,-0.1184352073628759,0.8558870447916938,-0.2552552552552551,0.0920373199661822,-0.8558558558558554,0.5745745745745746,,,0.0848246166490283,0.2939538474420827,0.0097438356754945,0.0187921984552024,1.928624320139575,0.3981477744795737,0.6705885172821006,4.208890277174258,0.9839303825909672,0.3206389534772632,-3.543575673210417
BBOB_F2,2,7,2,7,0.1,0.0465,2.1505376344086025,0.4004999999999999,0.066,6.068181818181816,0.072,0.087,0.8275862068965517,1.253892012358477,0.4595664107755852,1.0,0.3016168127037359,0.732200523887074,-0.0689459222231201,0.5782998469515036,-0.4954954954954953,0.0460960448682843,-1.256256256256256,0.3243243243243243,0.6666666666666666,0.6118275760758134,0.6977282542425641,0.2346448674075192,5.109980842596728e-05,0.0777484336895175,1521.5014710311173,0.6975770772112284,0.9970140616598446,2538.881630404386,0.9986479595096168,0.6790923372260574,-1.6738678100150637
BBOB_F4,4,7,10,0,0.095,0.0689,1.378809869375907,0.1785999999999999,0.121,1.4760330578512395,0.2304,0.1582,1.4563843236409608,1.1737430226584464,1.1146050600713897,1.0,0.8815115999139408,0.925652764604415,-0.4111480167630759,0.7852923036664614,-0.9759759759759756,0.0091825428356562,-1.7167167167167163,0.5710142028405681,0.9090909090909092,0.1552506497359831,0.5000213917452208,0.2000276483024503,6.393475275758194e-05,0.0274437266095575,429.2458393264536,0.497805192803727,0.8749050117116502,145.9831429569778,0.9805395427506975,0.7005662205002606,-3.795531434177821
BBOB_F2,2,9,2,8,0.1,0.0669999999999999,1.492537313432836,0.25,0.113,2.2123893805309733,0.4945,0.0645,7.666666666666665,0.6389580777571676,-0.8693064761450122,2.0,0.390200062713736,0.7365136205236091,-0.1048901634674794,0.606389826638012,-0.4554554554554552,0.0920373199661822,-0.9559559559559556,0.3148148148148148,1.0,0.3571190765632439,0.0040934201528528,0.3333208114178385,6.811155627049279e-05,0.007329040028678,107.60347333089992,0.003594958479701,0.9984268256116958,14324.8171743414,0.9984352706631668,0.6576512269029281,-1.7857055395059596
BBOB_F2,2,6,10,5,0.1,0.069,1.4492753623188404,0.2979,0.088,3.3852272727272728,0.0804999999999999,0.0842999999999999,0.9549228944246738,0.954930305416572,-0.3204182697896844,2.0,0.8079209276575807,0.917323248665968,-0.3084301889785821,0.7985602587903297,-0.9959959959959956,0.0091825428356562,-1.6966966966966963,0.5603120624124825,0.9090909090909092,0.1696384464050399,0.7497229206020437,0.2779004068421613,8.541153630442933e-06,0.0759969542292382,8897.738820475604,0.7486145710159728,0.9976546994469292,75959.38075794531,0.9992883270994432,0.8392003576220959,-2.0382473155485066
BBOB_F1,1,0,20,0,0.07965,0.0561,1.4197860962566846,0.14715,0.1044,1.4094827586206895,0.17575,0.1383,1.2707881417208966,0.2414925792592945,-0.0551705246326887,1.0,1.0312380944204578,0.9703140335993068,-0.4698090370746143,,,,,,0.9047619047619048,0.0880813564008478,0.7223289358230384,0.4016801728637434,0.0006488920175338,0.0145082502339537,22.35849701017095,0.7202001326035669,1.0,1.000000000000008,1.0,0.782420638894918,-3.9370977233919824
BBOB_F1,1,3,10,2,0.0687,0.0427,1.6088992974238874,0.1152,0.0821999999999999,1.4014598540145988,0.137,0.1092,1.2545787545787546,0.3098255478644399,-0.080637697681893,1.0,0.9307972990015444,0.9330212305038325,-0.3822623004964153,0.83579877731095,-1.316316316316316,0.0087688560945874,-1.8568568568568569,0.5264052810562112,0.8181818181818182,0.1732658625853241,0.8220190143386898,0.3779415383152287,0.0003641683386721,0.0199775387979336,54.85797823824283,0.8212321893836285,1.0,1.0000000000000286,1.0,0.6655799965852848,-4.239006157885774
BBOB_F2,2,7,2,9,0.1,0.0465,2.1505376344086025,0.4004999999999999,0.066,6.068181818181816,0.072,0.087,0.8275862068965517,1.253892012358477,0.4595664107755852,1.0,0.3016168127037359,0.732200523887074,-0.0689459222231201,0.5843927545138362,-0.5155155155155153,0.0440193518520887,-1.276276276276276,0.3193193193193193,0.6666666666666666,0.6118275760758136,0.6977282542425641,0.2346448674075192,5.109980842596728e-05,0.0777484336895175,1521.5014710311173,0.6975770772112284,0.9970140616598446,2538.881630404386,0.9986479595096168,0.6790923372260574,-1.6738678100150637
BBOB_F17,17,1,2,0,0.1045,0.0615,1.6991869918699187,0.09,0.0915,0.9836065573770492,0.0689999999999999,0.0689999999999999,1.0,2.3591627339223256,6.230916304073379,2.0,0.3872428170100188,0.6296243633930935,-0.2083277183102212,0.7428251639103984,0.5255255255255253,0.0121082975023203,-1.076076076076076,0.6521521521521522,0.6666666666666666,0.5805672634654381,0.5500487549350908,0.0966606503103696,0.0066794356418853,0.037378871034258,5.596112162510073,0.5770201373804759,0.7207523652312064,135.84384025626423,0.7730713705317127,0.23997834330195,-3.964304794296376
BBOB_F1,1,1,10,2,0.0964,0.0655,1.4717557251908395,0.1839,0.1241,1.4818694601128122,0.213,0.1497,1.4228456913827654,0.3716013159145216,-0.0261531130090153,1.0,0.9590675068792924,0.936693686306131,-0.4540226046393324,0.8456640264486045,-1.2362362362362362,0.0100693863147602,-1.7767767767767764,0.5571114222844569,0.9090909090909092,0.161282203563221,0.5993281708421077,0.3774554365136944,0.0009379808413524,0.0242602677344781,25.86435315618816,0.5975568659310794,1.0,1.0000000000000104,1.0,0.6312313780714917,-4.674398789630574
BBOB_F5,5,9,10,0,0.0327,0.0178999999999999,1.8268156424581012,0.0103,0.0195,0.5282051282051282,0.0154,0.0159,0.9685534591194968,-0.00331061613603,-0.305822147591289,1.0,0.7876906361427165,0.9150190575358262,-0.3333246023911574,0.8159995911085957,-1.396396396396396,0.0076362982612822,-1.9369369369369367,0.5051010202040408,0.8181818181818182,0.1817635494084566,1.0,0.5229624006236472,0.0033151589051434,0.0331515890514349,10.000000000000068,1.0,1.0,11.902698946403078,1.0,0.8101068674994552,-2.407027539593072
BBOB_F1,1,9,10,5,0.0722,0.0457,1.5798687089715535,0.1201,0.0819999999999999,1.4646341463414638,0.1455,0.1133,1.2842012356575463,0.3193655572357252,-0.0472821624481474,2.0,0.9372676789167116,0.9330489728179192,-0.3952103422675027,0.8349461902740098,-1.316316316316316,0.0083738065352664,-1.8568568568568569,0.5342068413682737,0.9090909090909092,0.1723177899754765,0.8009469324071399,0.3694888756750541,0.0075407722433881,0.0168921487019184,2.240108593218642,0.8000669512092515,1.0,1.0000000000000588,1.0,0.6598842108633476,-4.31120420376447
BBOB_F23,23,8,2,0,0.1,0.1,1.0,0.25,0.25,1.0,0.4905,0.483,1.0155279503105592,0.0139800454778711,-0.9995704482133312,2.0,0.1528384416655093,0.5432842008328322,-0.676997378190654,0.8827874656486144,1.0060060060060056,0.9660174799522646,0.1851851851851851,0.6701701701701702,1.0,0.3450087467506794,0.0002297661363813,0.5114827702532444,0.0002014634761477,0.0031163784673517,15.468701955016089,0.003564510791511,0.0017547027684442,1.9486807864912277,0.0050754536700912,0.9672955659573385,-0.1705876977681732
BBOB_F2,2,2,2,4,0.1,0.0365,2.739726027397261,0.2535,0.0495,5.121212121212121,0.0005,0.0005,1.0,0.9329083642730936,-0.4001080774712258,2.0,0.4241499526407443,0.7391429641041081,-0.0617662863156465,0.5752700226050094,-0.5955955955955953,0.0333828586473176,-1.256256256256256,0.3163163163163163,0.6666666666666666,0.6348648411483769,0.8181057982245223,0.2673824619920479,2.644190529119708e-05,0.0897104291349396,3392.736950949056,0.8180149358129547,0.9984451306468828,7290.918182658814,0.9991404860755176,0.6635084891222642,-1.755153814442695
BBOB_F2,2,6,2,2,0.1,0.055,1.818181818181818,0.3184999999999999,0.0839999999999999,3.7916666666666665,0.1965,0.1589999999999999,1.235849056603774,1.045334811926629,-0.1368045923893994,2.0,0.2708242864509762,0.7295593038175593,-0.0735276982683075,0.6110159503501109,-0.6156156156156153,0.0607832312829723,-1.1361361361361362,0.3313313313313313,0.6666666666666666,0.5960266491859738,0.6206863567466289,0.2681462814893126,5.918768080786691e-05,0.076641358559007,1294.8870020401323,0.6204966396376408,0.996865266569142,11810.907674938113,0.9986188372108376,0.6298064308460362,-1.930945161997923
BBOB_F10,10,1,2,0,0.1,0.0485,2.061855670103093,0.3675,0.073,5.034246575342466,0.1165,0.1089999999999999,1.0688073394495414,1.4486302754038054,1.398681386082524,1.0,0.3811219578004636,0.7363356394373632,-0.069613759558502,0.60367230342641,-0.5755755755755754,0.036606951475969,-1.336336336336336,0.3288288288288288,0.6666666666666666,0.5982492702297564,0.6307223676333377,0.1918747186706164,0.0137853511335813,0.0596669950940804,4.328289828521729,0.7041648989972075,0.9231699268588234,18.97983080258773,0.9985756936272828,0.6487610090992089,-1.8320772879305245
BBOB_F1,1,1,20,8,0.07965,0.0573999999999999,1.387630662020906,0.1419,0.10265,1.382367267413541,0.1722,0.13125,1.3119999999999998,0.2406714279169395,-0.0510375018828166,2.0,,,,,,,,,0.9047619047619048,0.0882817292884833,0.7290486063488586,0.3812347600406562,0.0003441994373074,0.0156060654085674,45.34018280404327,0.7269713204032215,1.0,1.000000000000006,1.0,,
BBOB_F8,8,0,2,1,0.11,0.0805,1.366459627329193,0.177,0.0999999999999999,1.77,0.0099999999999999,0.0099999999999999,1.0,1.721879114675278,1.9767601109320945,1.0,0.518493002579626,0.7322607140848463,-0.0616103506454441,0.5304341120241625,-0.4554554554554552,0.0015211855179861,-2.057057057057057,0.3528528528528528,0.6666666666666666,0.6012951292832774,0.6461208078413999,0.1432449870836173,0.0062679932144803,0.0621641014839636,9.91770401734833,0.6547976143237794,0.9413390378191484,95.78011729486737,0.998545782032928,0.6731917760229447,-1.7046453843912532
BBOB_F1,1,3,2,0,0.1,0.033,3.0303030303030303,0.1755,0.075,2.339999999999999,0.096,0.087,1.1034482758620692,0.7014925920161403,-0.5513964276634358,1.0,0.7807343247543591,0.7582593008365843,-0.0708865367599614,0.6734771693456323,-0.7757757757757754,0.027761532944368,-1.336336336336336,0.3473473473473473,0.6666666666666666,0.6338744887956186,0.8128918667237119,0.3037326743510375,0.0040104345653267,0.0741410609867438,18.487039192148803,0.8127981944521055,1.0,1.0000000000000004,1.0,0.1405026167015986,-4.483174350712926
BBOB_F3,3,7,10,0,0.0808,0.0472999999999999,1.708245243128964,0.1456,0.0939,1.5505857294994676,0.1808,0.1312,1.3780487804878048,1.5456417380779903,1.9587818721353416,2.0,0.885056947000238,0.9272214610372334,-0.3539971939756366,0.7723060121820473,-0.9359359359359356,0.0057911226476417,-1.836836836836837,0.5478095619123825,0.9090909090909092,0.1607928291337587,0.5904093685970327,0.1928810305664612,4.105386421908298e-05,0.0430390342303955,1048.355253496205,0.588619777851884,0.915086340686358,114.60264986456838,0.9876454540730346,0.6939434837505531,-3.879479229098605
BBOB_F3,3,4,2,7,0.1095,0.063,1.7380952380952377,0.21,0.1015,2.0689655172413794,0.011,0.0104999999999999,1.0476190476190477,2.039494770378074,3.291836155068098,1.0,0.4753840744831474,0.6973040685951131,-0.0577384909454084,0.715823937056561,-0.3153153153153152,0.0083738065352664,-1.836836836836837,0.4709709709709709,0.6666666666666666,0.5867652141275242,0.5776644819086751,0.1436689975345291,0.0010698720035241,0.0610161802964658,57.031289813622976,0.5774537626271947,0.9045267297320986,114.12799692578288,0.9847431348522132,0.3194096591342478,-3.549987723991693
BBOB_F1,1,1,20,2,0.07965,0.0573999999999999,1.387630662020906,0.1419,0.10265,1.382367267413541,0.1722,0.13125,1.3119999999999998,0.2406714279169395,-0.0510375018828166,2.0,1.0242924038799497,0.9695912160194572,-0.4748104076998624,,,,,,0.9047619047619048,0.0882840408139188,,,,,,,,,,,
BBOB_F1,1,7,2,5,0.1,0.086,1.162790697674419,0.25,0.1605,1.557632398753894,0.462,0.0725,6.372413793103448,0.4683001214384852,-0.3961250395360629,1.0,0.7724215718636989,0.7568921434362924,-0.1233746688004439,0.701721018887806,-0.6156156156156153,0.0505479682119124,-1.1561561561561562,0.3503503503503503,1.0,0.3771392134160167,0.0163608058812431,0.3269218144768705,0.0029656815349662,0.0090079722201765,3.037403751539013,0.0158683648732506,1.0,1.0000000000000009,1.0,0.1403192877153706,-4.4841306023836935
BBOB_F2,2,1,2,8,0.1,0.067,1.4925373134328357,0.25,0.111,2.252252252252252,0.434,0.063,6.888888888888888,0.7537191744568835,-0.5585384024090163,1.0,0.2558072360993015,0.7307194595628388,-0.1034195634547192,0.5899413728796205,-0.5155155155155153,0.0920373199661822,-1.016016016016016,0.3248248248248248,1.0,0.4396799252523996,0.1008842773394215,0.3046112325392295,5.519273555421402e-05,0.0306503884691875,555.3337438598359,0.1004341622650205,0.9979328655418233,4368.110304992091,0.9981534822459596,0.674855394474222,-1.6959678808699303
BBOB_F7,7,4,10,0,0.0936999999999999,0.0532,1.7612781954887216,0.2,0.0945,2.1164021164021163,0.2571,0.0996,2.5813253012048194,0.9299575075119448,1.209161248380954,2.0,0.8935975253966195,0.9287843516969898,-0.3870809563496641,0.8260446998096509,-1.276276276276276,0.0066500180304311,-1.916916916916917,0.5413082616523305,0.9090909090909092,0.1483502576020093,0.3962216773124503,0.2363173484485427,0.0006847311589755,0.0167554751927822,24.470151493983018,0.8147890769333495,0.5736957757342176,5.671708091840987,0.993571040795756,0.7337803646269426,-3.374519054403068
BBOB_F2,2,8,2,1,0.1,0.0645,1.550387596899225,0.25,0.107,2.3364485981308407,0.3555,0.0555,6.405405405405404,0.9382969400301452,-0.1482203000426345,1.0,0.4471721514363963,0.7373935968662346,-0.091224211862567,0.6080906509311559,-0.5755755755755754,0.0765391938823014,-1.056056056056056,0.3223223223223223,1.0,0.5133283679850972,0.2908706630739732,0.2845957213075361,7.442821215907137e-05,0.0509348554021943,684.3487694334783,0.290515949350742,0.9973048994728652,5679.546972497028,0.9979353032339066,0.6388192947503466,-1.8839336863757308
BBOB_F3,3,0,10,0,0.0674,0.0366,1.8415300546448088,0.124,0.0784,1.5816326530612246,0.1702999999999999,0.1199,1.420350291909925,1.1166735729258357,0.892931352350113,2.0,0.882142027139524,0.926100153662954,-0.3667198797507717,0.7865259131443297,-1.056056056056056,0.0057911226476417,-1.8568568568568569,0.5402080416083217,0.9090909090909092,0.1652314668243707,0.6660549988471827,0.233259360219349,0.0001527049237632,0.0374433006455359,245.20034929317717,0.6645845125347538,0.94830620043692,78.78949122512084,0.993497071096034,0.7236586681320109,-3.5028185978877886
BBOB_F1,1,0,10,3,0.0833999999999999,0.0542,1.538745387453874,0.1425,0.1008,1.4136904761904765,0.1669,0.1277,1.306969459671104,0.342068294348878,-0.1195355306211194,1.0,0.9425795571530338,0.9342691728755006,-0.411405140737095,0.8358579418046428,-1.256256256256256,0.0083738065352664,-1.836836836836837,0.5431086217243448,0.9090909090909092,0.1688521350809602,0.7361022962842763,0.3886993035832645,0.0015531971404858,0.0227641512937262,14.65631805541791,0.7349356475094344,1.0,1.0000000000000122,1.0,0.6528881683787955,-4.399883908537005
BBOB_F3,3,4,10,7,0.0957,0.0591,1.6192893401015227,0.1638,0.1175,1.3940425531914893,0.1732,0.106,1.6339622641509433,1.4903241666663003,1.8358793717446595,2.0,0.8919323515482676,0.9273651669530872,-0.3458047116394649,0.7704452097670088,-0.9959959959959956,0.0045989920905224,-1.916916916916917,0.5496099219843968,0.9090909090909092,0.1606302002590515,0.5864639286102848,0.2070714662839515,0.0009818451544414,0.0397449856905482,40.479891875779984,0.5846631418700439,0.9197885773648808,59.68531931564807,0.9873299462107727,0.7066679715991342,-3.718187494766591
BBOB_F5,5,7,10,0,0.0353,0.0152,2.3223684210526314,0.0085,0.0175999999999999,0.4829545454545456,0.013,0.0133999999999999,0.9701492537313434,-0.0047530505789108,-0.3081018457452193,1.0,0.7762731197088786,0.9145167731815002,-0.3315082588668552,0.8208720706538117,-1.396396396396396,0.0072922720587283,-1.956956956956957,0.5067013402680536,0.8181818181818182,0.18172871797871,1.0,0.4633810570022675,0.0033317847531822,0.0333178475318224,10.00000000000006,1.0,1.0,4.092672906214966,1.0,0.8219039110416113,-2.2574918069532046
BBOB_F3,3,4,2,0,0.1095,0.063,1.7380952380952377,0.21,0.1015,2.0689655172413794,0.011,0.0104999999999999,1.0476190476190477,2.039494770378074,3.291836155068098,1.0,0.4753840744831474,0.6973040685951131,-0.0577384909454084,0.7204399192226252,-0.3153153153153152,0.0083738065352664,-1.8568568568568569,0.4644644644644645,0.6666666666666666,0.5867652141275245,0.5776644819086751,0.1436689975345291,0.0010698720035241,0.0610161802964658,57.031289813622976,0.5774537626271947,0.9045267297320986,114.12799692578288,0.9847431348522132,0.3194096591342478,-3.549987723991693
BBOB_F14,14,4,2,0,0.1105,0.0365,3.0273972602739727,0.2565,0.0839999999999999,3.053571428571429,0.1025,0.0995,1.0301507537688444,1.9890112713611217,3.642059302781007,1.0,0.7772588614272596,0.7589263819763772,-0.0645502859784894,0.586519804760921,-0.5755755755755754,0.0012080421346773,-1.7767767767767764,0.3298298298298298,0.6666666666666666,0.5936956157721233,0.6104619773691752,0.1250007640068985,0.0169722475984433,0.0468154792333309,2.758354717711331,0.7116107366159193,0.8641704114358437,10.573959811912706,0.9977877541908172,0.1450490842208889,-4.459459785706792
BBOB_F1,1,1,2,8,0.1,0.0819999999999999,1.2195121951219514,0.251,0.141,1.780141843971631,0.315,0.151,2.0860927152317883,0.7307639120543777,0.0224773183066009,1.0,0.7732726534760462,0.7572328734680044,-0.1071114417231088,0.6884333706459773,-0.6756756756756753,0.0401424249049932,-1.2362362362362362,0.3598598598598598,1.0,0.514524849096434,0.2950650893278231,0.2910473593586282,0.0081850921163707,0.0372344742960956,4.54905989654339,0.2947121765320988,1.0,1.0000000000000009,1.0,0.1429858240104272,-4.470221837382727
BBOB_F1,1,3,2,4,0.1,0.033,3.0303030303030303,0.1755,0.075,2.339999999999999,0.096,0.087,1.1034482758620692,0.7014925920161403,-0.5513964276634358,1.0,0.7807343247543591,0.7582593008365843,-0.0708865367599614,0.6717560763408358,-0.7757757757757754,0.0318789129267764,-1.296296296296296,0.3508508508508508,0.6666666666666666,0.6338744887956187,0.8128918667237119,0.3037326743510375,0.0040104345653267,0.0741410609867438,18.487039192148803,0.8127981944521055,1.0,1.0000000000000004,1.0,0.1405026167015986,-4.483174350712926
BBOB_F2,2,5,2,7,0.1,0.0115,8.695652173913045,0.0445,0.001,44.5,0.0005,0.0005,1.0,0.7051569896968048,-0.9599236634690452,2.0,0.2622009366650898,0.7289130639635922,-0.0508211809621445,0.542747118266126,-0.6156156156156153,0.0420362168384471,-1.316316316316316,0.3173173173173173,0.6666666666666666,0.6502184982064437,0.9036472641959444,0.330428665197276,1.8429311522566924e-05,0.1092649234510054,5928.866269215165,0.903599045119718,0.9943123396131672,1301.0439180648568,0.9955653662709522,0.6325260500025945,-1.9167595145680256
BBOB_F2,2,4,2,7,0.1,0.0394999999999999,2.5316455696202538,0.3299999999999999,0.0475,6.947368421052631,0.0045,0.0085,0.5294117647058822,1.190554444520604,0.2352551072105408,2.0,0.4862673368687326,0.7437438422965659,-0.06363738251778,0.5776613755380012,-0.5355355355355353,0.0333828586473176,-1.316316316316316,0.3288288288288288,0.6666666666666666,0.62209361292823,0.7501916251743749,0.2431421938931958,4.80721782749183e-05,0.0839476822171461,1746.2841341838246,0.7500667215014707,0.997280110178379,2977.035515839864,0.9989368484625368,0.6300587447937555,-1.9296290818786312
BBOB_F1,1,5,10,0,0.0802,0.0519,1.5452793834296723,0.1394,0.0935999999999999,1.4893162393162398,0.1669999999999999,0.1273,1.3118617439120184,0.346773783402529,-0.0197921610328757,2.0,0.9441306070766292,0.934730800181298,-0.4102434890935967,0.832027416028993,-1.276276276276276,0.0091825428356562,-1.836836836836837,0.5329065813162632,0.9090909090909092,0.169477048181545,0.7467926589679259,0.3801215458812384,0.0006329749987325,0.0222056869159497,35.08145971075147,0.7456732705456823,1.0,1.000000000000042,1.0,0.647892302556627,-4.463209982838491
BBOB_F11,11,9,10,0,0.1,0.0457999999999999,2.1834061135371186,0.2501,0.073,3.426027397260274,0.3573,0.0423,8.4468085106383,2.527455341642404,10.05811437315792,2.0,0.6852107544077737,0.9069323280845328,-0.282959090279353,0.763854000597175,-1.336336336336336,0.0029004304938639,-2.1771771771771773,0.5452090418083617,0.9090909090909092,0.1185850255172944,0.0917669105049685,0.0664674188314078,0.0008084923766616,0.0054343471868849,6.721581234103721,0.9121335201817996,0.1733888477443415,50.03589799470253,0.9954492094153116,0.9627609040268896,-0.4720314440890547
BBOB_F24,24,0,10,0,0.1001,0.087,1.1505747126436785,0.2296999999999999,0.1785,1.2868347338935573,0.3244,0.1606,2.019925280199253,0.2359680086527018,-0.0415823158137063,2.0,0.9087746451036716,0.9297020823946603,-0.5343817973102106,0.8535808577336684,-1.1361361361361362,0.0105444279352616,-1.6966966966966963,0.587117423484697,0.9090909090909092,0.1279991390365778,0.1655249853606751,0.3757987201598207,0.005746095609117,0.006202087432448,1.079356811015741,0.3030600212771058,0.7278724677156647,1.0459682895280482,0.8706338901791246,0.7185280054455527,-3.567853316205639
BBOB_F23,23,1,2,0,0.1,0.1,1.0,0.25,0.25,1.0,0.5325,0.5025,1.0597014925373134,0.0034883617300686,-1.0868214936060974,2.0,0.1434124972012858,0.5436278147921879,-0.6587511401929783,0.8941199613924384,1.0060060060060056,0.880937190447399,0.1851851851851851,0.6596596596596597,1.0,0.3404372290831943,-0.0005652693363391,0.5255474891692703,0.0013071516600567,0.0014068699846714,1.0762867291239806,-0.0005944582362995,0.0008692558740684,1.8643330819592567,0.0040624432280342,0.997849931642508,-0.0112148466067418
BBOB_F1,1,7,10,8,0.0756,0.0518,1.4594594594594594,0.1357,0.0931999999999999,1.456008583690987,0.159,0.1251999999999999,1.2699680511182112,0.3375736364553301,-0.1023381897566406,1.0,0.9421354148761528,0.9343684756610148,-0.3961022272528977,0.8384817628018514,-1.256256256256256,0.0091825428356562,-1.8168168168168168,0.5387077415483097,0.9090909090909092,0.1705539046387083,0.7664859004560989,0.415208633260486,0.0001231774409608,0.0247290613372109,200.75966138209915,0.7654535726476133,1.0,1.0000000000000628,1.0,0.6583492665220493,-4.330660690961221
BBOB_F8,8,9,2,0,0.102,0.108,0.9444444444444444,0.2005,0.112,1.7901785714285716,0.18,0.1435,1.254355400696864,2.0367877982999603,3.40574614844435,1.0,0.5500747951890448,0.7397506225656454,-0.0697094142936304,0.5417090545530985,-0.3953953953953952,0.0030372635797033,-1.836836836836837,0.3608608608608609,0.6666666666666666,0.5787427555661769,0.5411583405536404,0.1245466636999225,0.0101188704257787,0.0510931041440533,5.0492892975374986,0.5535200594852694,0.906102873977016,39.0118428097413,0.9903246226592504,0.3252302424046132,-3.519627317862532
BBOB_F5,5,0,10,0,0.0382999999999999,0.0177,2.163841807909604,0.0082,0.0179,0.4581005586592179,0.0146,0.0142,1.028169014084507,0.0031575205646153,-0.3060948592338079,1.0,0.7832260298317429,0.9143145016400036,-0.3333505598484877,,,,,,0.8181818181818182,0.181891919690024,1.0,0.5340197314933071,0.0033438520379334,0.0334385203793346,10.000000000000082,1.0,1.0,5.570497742865231,1.0,0.8032135699206451,-2.4944048812184114
BBOB_F19,19,8,10,0,0.1,0.0940999999999999,1.0626992561105209,0.25,0.1906,1.3116474291710387,0.4260999999999999,0.1929,2.208916537065837,1.9746233370002708,7.246996216642987,1.0,0.913824715940017,0.9317782841139712,-0.449574153145688,0.8232600516204187,-1.2162162162162162,0.0052810797119343,-1.956956956956957,0.5732146429285857,0.9090909090909092,0.1098529584200345,0.0425418156935306,0.1288945578961186,9.292713778351624e-05,0.004373041768762,47.058823429486935,0.1501083515474083,0.5567957601007799,1.8404175996015464,0.7031662575529273,0.7045099553414925,-3.7455418518970056
BBOB_F3,3,4,2,8,0.1095,0.063,1.7380952380952377,0.21,0.1015,2.0689655172413794,0.011,0.0104999999999999,1.0476190476190477,2.039494770378074,3.291836155068098,1.0,0.4753840744831474,0.6973040685951131,-0.0577384909454084,0.7207786319089435,-0.3153153153153152,0.0087688560945874,-1.8568568568568569,0.4624624624624625,0.6666666666666666,0.5867652141275244,0.5776644819086751,0.1436689975345291,0.0010698720035241,0.0610161802964658,57.031289813622976,0.5774537626271947,0.9045267297320986,114.12799692578288,0.9847431348522132,0.3194096591342478,-3.549987723991693
BBOB_F2,2,7,10,3,0.1001,0.0617,1.6223662884927068,0.2675,0.1112,2.4055755395683454,0.3456,0.1095,3.156164383561644,0.7922375804735309,-0.0884133048662523,2.0,0.8079714199243959,0.9183790833378686,-0.4205628872757694,0.8169018017794019,-0.9759759759759756,0.0132777082935542,-1.5565565565565564,0.5645129025805161,0.9090909090909092,0.1376904114571937,0.2638777515896624,0.2852657685076014,6.969157311556475e-06,0.02922045942943,4192.825347904795,0.2606194473151687,0.9987033574403044,342208.61038158234,0.9988965779915496,0.8504530396755275,-1.895611743423132
BBOB_F13,13,1,10,0,0.0748,0.044,1.7000000000000002,0.1349,0.0782,1.725063938618926,0.1355,0.0910999999999999,1.4873765093304063,0.2159250050306694,-0.1050198698171431,1.0,0.909005060295211,0.9300271497235733,-0.3841981413568547,0.8314023152012157,-1.336336336336336,0.0079965545258923,-1.896896896896897,0.5292058411682337,0.9090909090909092,0.1716343314085789,0.7877363101842891,0.4316294848478111,0.0017441623490603,0.0240538332887377,13.791051791535567,0.8736801157447595,0.9042608649195404,3.571819486505105,0.99586976060244,0.7041447433932404,-3.75017116737385
BBOB_F15,15,2,10,0,0.0890999999999999,0.053,1.6811320754716976,0.1668,0.0975,1.7107692307692308,0.1758,0.1217999999999999,1.4433497536945814,4.144678431103534,33.232450433637865,2.0,0.9028185403582102,0.9287639536121962,-0.2715983419777623,0.7884467934847796,-1.4964964964964964,0.0012650337203959,-2.577577577577577,0.5374074814962992,0.9090909090909092,0.1550332741028214,0.4962569671533453,0.054455436215587,5.341183809746096e-05,0.0099343054738873,185.99445043924837,0.754880535180997,0.5949805695556285,7.459480996880328,0.8965853101739362,0.7030602598764174,-3.763917750290535
BBOB_F2,2,5,2,6,0.1,0.0115,8.695652173913045,0.0445,0.001,44.5,0.0005,0.0005,1.0,0.7051569896968048,-0.9599236634690452,2.0,0.2622009366650898,0.7289130639635922,-0.0508211809621445,0.5303837025536258,-0.6156156156156153,0.0318789129267764,-1.296296296296296,0.3108108108108108,0.6666666666666666,0.6502184982064433,0.9036472641959444,0.330428665197276,1.8429311522566924e-05,0.1092649234510054,5928.866269215165,0.903599045119718,0.9943123396131672,1301.0439180648568,0.9955653662709522,0.6325260500025945,-1.9167595145680256
BBOB_F1,1,1,10,4,0.0964,0.0655,1.4717557251908395,0.1839,0.1241,1.4818694601128122,0.213,0.1497,1.4228456913827654,0.3716013159145216,-0.0261531130090153,1.0,0.9590675068792924,0.936693686306131,-0.4540226046393324,0.8469603791297793,-1.2162162162162162,0.0105444279352616,-1.7767767767767764,0.5621124224844969,0.9090909090909092,0.1612822035632211,0.5993281708421077,0.3774554365136944,0.0009379808413524,0.0242602677344781,25.86435315618816,0.5975568659310794,1.0,1.0000000000000104,1.0,0.6312313780714917,-4.674398789630574
BBOB_F18,18,2,10,0,0.1026,0.0912999999999999,1.1237677984665937,0.2275999999999999,0.172,1.3232558139534882,0.265,0.1931,1.372345934748835,4.022139949930454,28.024497063010635,3.0,0.8098323241321388,0.9165566715280232,-0.3022370397325594,0.8238004718865305,-1.316316316316316,0.0023033628731421,-2.3373373373373374,0.5930186037207441,0.9090909090909092,0.1406149911428388,0.2984649549538491,0.0688762673893448,0.0003459658373011,0.007121026523368,20.58303380159664,0.5228135600403295,0.4067046071008923,3.906164527165149,0.7138535195746961,0.7656259380262415,-2.970854260543158
BBOB_F3,3,5,10,4,0.1022,0.073,1.4,0.2135,0.1363,1.566397652237711,0.2519,0.1701999999999999,1.4800235017626326,0.9617202961483144,0.7909669924764255,1.0,0.9084439172960532,0.9295367338795332,-0.4421686804875769,0.8278115683859628,-1.036036036036036,0.0091825428356562,-1.7367367367367363,0.5724144828965794,0.9090909090909092,0.1545699605403146,0.4905454539129692,0.2929338365681712,0.0013624560451953,0.0314581868129278,23.089322348316184,0.488351460894282,0.9312854630497028,21.51443843985126,0.9855324665742076,0.6752954490231825,-4.115856040397668
BBOB_F3,3,6,10,8,,,,,,,,,,1.729621342058906,2.533927390832739,1.0,,,,,,,,,,,0.5843840855739829,0.1990159755640895,0.0007485243730822,0.0443161561343645,59.204693565131855,0.5825587409934103,0.9107136193790036,96.25104489520692,0.9855769577733152,,
BBOB_F6,6,4,2,0,0.1,0.063,1.587301587301587,0.25,0.126,1.984126984126984,0.1134999999999999,0.1045,1.0861244019138754,2.1148721539552024,3.9738811336347775,3.0,0.7610697406764212,0.7575056616771062,-0.0568348503728723,0.5943661607633144,-0.4754754754754753,2.2927693128656486e-05,-3.878878878878879,0.3358358358358358,0.6666666666666666,0.5894827080265178,0.5892548339058004,0.1182689494260815,0.0227834167567464,0.0520820299387135,2.2859622195732108,0.7138264004808417,0.810288389001269,7.975622437602835,0.9935384953059992,0.1906494972379946,-4.221606121469134
BBOB_F3,3,4,2,1,0.1095,0.063,1.7380952380952377,0.21,0.1015,2.0689655172413794,0.011,0.0104999999999999,1.0476190476190477,2.039494770378074,3.291836155068098,1.0,0.4753840744831474,0.6973040685951131,-0.0577384909454084,0.7124298428649763,-0.3153153153153152,0.0087688560945874,-1.8568568568568569,0.4634634634634634,0.6666666666666666,0.5867652141275248,0.5776644819086751,0.1436689975345291,0.0010698720035241,0.0610161802964658,57.031289813622976,0.5774537626271947,0.9045267297320986,114.12799692578288,0.9847431348522132,0.3194096591342478,-3.549987723991693
BBOB_F1,1,3,10,3,0.0687,0.0427,1.6088992974238874,0.1152,0.0821999999999999,1.4014598540145988,0.137,0.1092,1.2545787545787546,0.3098255478644399,-0.080637697681893,1.0,0.9307972990015444,0.9330212305038325,-0.3822623004964153,,,,,,0.8181818181818182,0.1732658625853241,0.8220190143386898,0.3779415383152287,0.0003641683386721,0.0199775387979336,54.85797823824283,0.8212321893836285,1.0,1.0000000000000286,1.0,0.6655799965852848,-4.239006157885774
BBOB_F2,2,0,2,9,0.1,0.064,1.5625,0.25,0.1075,2.325581395348837,0.3195,0.0685,4.664233576642335,1.01189384515503,0.1154605607927345,1.0,0.4246739545900912,0.7398324714916958,-0.0962656231280277,0.5967474815134491,-0.4954954954954953,0.0697981390783066,-1.056056056056056,0.3168168168168168,1.0,0.505768603048511,0.266872040612924,0.2649688160385285,6.5261821999825e-05,0.0459722518696254,704.4279558996785,0.2665056833584353,0.9989202795670356,56865.64136915885,0.9989349949886152,0.6380569711796552,-1.8879099980498304
BBOB_F4,4,0,10,0,0.1037,0.0773,1.3415265200517468,0.2193,0.1478,1.4837618403247632,0.2839,0.1917,1.480959833072509,1.8829212829282944,4.394091888274495,1.0,0.8761814112482659,0.9244971661583514,-0.421952632480412,0.8131117224520736,-0.8758758758758756,0.0063504251685959,-1.8568568568568569,0.5860172034406881,0.9090909090909092,0.1374274730604339,0.2608222818989087,0.2017588515073832,8.2658092463561e-05,0.0161955841936086,195.9346473032673,0.257617289104505,0.6817563663777362,48.79675007168116,0.8824838829071767,0.7244183097353379,-3.4931896121769768
BBOB_F10,10,4,10,0,,,,,,,,,,2.024155112051985,5.651851756277615,3.0,0.7984867251790817,0.9182598575409244,-0.2700946014578376,0.7662062872254826,-1.2162162162162162,0.0040050007578736,-2.1371371371371373,0.50250050010002,0.9090909090909092,0.1715395582555491,0.7866067415570968,0.1312750464196745,0.000455639281955,0.0228915194828967,50.240443239823975,0.9642263309750526,0.8090669297306039,12.497678661677613,0.9895679553326688,0.8305749496138447,-2.1475803616818503
BBOB_F1,1,1,10,6,0.0964,0.0655,1.4717557251908395,0.1839,0.1241,1.4818694601128122,0.213,0.1497,1.4228456913827654,0.3716013159145216,-0.0261531130090153,1.0,0.9590675068792924,0.936693686306131,-0.4540226046393324,0.8442620065754615,-1.2162162162162162,0.0105444279352616,-1.7767767767767764,0.5595119023804761,0.9090909090909092,0.1612822035632211,0.5993281708421077,0.3774554365136944,0.0009379808413524,0.0242602677344781,25.86435315618816,0.5975568659310794,1.0,1.0000000000000104,1.0,0.6312313780714917,-4.674398789630574
BBOB_F2,2,8,10,8,0.0854999999999999,0.0374,2.286096256684492,0.0784,0.0481,1.62993762993763,0.0196,0.0175,1.12,0.7739559873538836,-0.7931845738561498,2.0,0.8076413070884463,0.9190977868183778,-0.2878622456354233,0.7384156550373389,-0.9759759759759756,0.006064329395408,-1.7367367367367363,0.5226045209041809,0.8181818181818182,0.1763123880324684,0.8824423477104572,0.3172132191577292,9.701860408689589e-06,0.094047570565716,9693.766618357158,0.8819194097705607,0.9959778722682822,603005.5868919559,0.9962957010079624,0.845212464868176,-1.962039674325565
BBOB_F2,2,9,2,5,0.1,0.0669999999999999,1.492537313432836,0.25,0.113,2.2123893805309733,0.4945,0.0645,7.666666666666665,0.6389580777571676,-0.8693064761450122,2.0,0.390200062713736,0.7365136205236091,-0.1048901634674794,0.6041284340069677,-0.4554554554554552,0.1009262190987048,-0.9759759759759756,0.3188188188188188,1.0,0.3571190765632442,0.0040934201528528,0.3333208114178385,6.811155627049279e-05,0.007329040028678,107.60347333089992,0.003594958479701,0.9984268256116958,14324.8171743414,0.9984352706631668,0.6576512269029281,-1.7857055395059596
BBOB_F6,6,9,2,0,0.047,0.011,4.272727272727273,0.063,0.038,1.6578947368421058,0.0105,0.01,1.05,0.7307576460472827,-0.8603221409068991,3.0,0.7711717555371446,0.759346599538967,-0.0549094328909422,0.5556942437158396,-0.5155155155155153,0.0201049641626049,-1.436436436436436,0.3233233233233233,0.6666666666666666,0.6489457402758299,0.8961834035484989,0.2990307756446511,0.0065226673138292,0.0962944959298886,14.763054943140515,0.8961575444963562,0.9933805732302464,8.44769990060765,0.9941318604802752,0.1965542833971008,-4.190806509545523
BBOB_F1,1,8,10,3,0.0723999999999999,0.0495,1.4626262626262625,0.1288,0.0935,1.3775401069518716,0.1535,0.1149999999999999,1.3347826086956522,0.3272971245672494,-0.0347991623133068,1.0,0.9418170954189264,0.934287718399962,-0.4057258333017515,0.8389731825798779,-1.296296296296296,0.0087688560945874,-1.836836836836837,0.5381076215243049,0.9090909090909092,0.1711639368746521,0.7795444674117137,0.3687195950955766,0.0001571793235344,0.022155033497389,140.9538672084231,0.7785698694012728,1.0,1.0000000000000322,1.0,0.6487100342300188,-4.452844665083536
BBOB_F1,1,5,2,4,0.104,0.0325,3.2,0.1745,0.0809999999999999,2.154320987654321,0.1145,0.0985,1.1624365482233503,0.7167709360707184,-0.4738362321926064,1.0,0.7690569645689403,0.7548364441576721,-0.0705747262840053,0.6829275394943315,-0.7757757757757754,0.0349577557436327,-1.316316316316316,0.3508508508508508,0.6666666666666666,0.631973738774744,0.8019822454147366,0.2928558580295243,0.0123916991377785,0.0702862818691813,5.672045543366992,0.8018831114403571,1.0,1.0000000000000016,1.0,0.1408153535476815,-4.481543102225
BBOB_F1,1,7,2,3,0.1,0.086,1.162790697674419,0.25,0.1605,1.557632398753894,0.462,0.0725,6.372413793103448,0.4683001214384852,-0.3961250395360629,1.0,0.7724215718636989,0.7568921434362924,-0.1233746688004439,,,,,,1.0,0.3771392134160166,0.0163608058812431,0.3269218144768705,0.0029656815349662,0.0090079722201765,3.037403751539013,0.0158683648732506,1.0,1.0000000000000009,1.0,0.1403192877153706,-4.4841306023836935
BBOB_F1,1,6,2,0,0.1085,0.0409999999999999,2.6463414634146343,0.1629999999999999,0.086,1.895348837209302,0.145,0.1005,1.4427860696517412,0.7555170186004309,-0.2104377781598052,1.0,0.778056098280934,0.7569453852444732,-0.075764906172751,0.6640447107600387,-0.7757757757757754,0.036606951475969,-1.316316316316316,0.3458458458458458,0.6666666666666666,0.6238695109983191,0.7583677118212049,0.2728629115721393,0.0285703916948087,0.0584248175915565,2.0449428280737325,0.7582467430266858,1.0,1.0000000000000009,1.0,0.139415860555461,-4.488842916289178
BBOB_F2,2,6,2,5,0.1,0.055,1.818181818181818,0.3184999999999999,0.0839999999999999,3.7916666666666665,0.1965,0.1589999999999999,1.235849056603774,1.045334811926629,-0.1368045923893994,2.0,0.2708242864509762,0.7295593038175593,-0.0735276982683075,0.5929011064743182,-0.6156156156156153,0.0529326605836056,-1.1361361361361362,0.3103103103103103,0.6666666666666666,0.5960266491859744,0.6206863567466289,0.2681462814893126,5.918768080786691e-05,0.076641358559007,1294.8870020401323,0.6204966396376408,0.996865266569142,11810.907674938113,0.9986188372108376,0.6298064308460362,-1.930945161997923
BBOB_F22,22,0,10,0,0.0994,0.0885999999999999,1.121896162528217,0.2298,0.1840999999999999,1.2482346550787615,0.3071,0.2396,1.281719532554257,-3.6196639821806142,23.41084601755657,5.0,0.773703605857165,0.9184034984883755,-0.525647645786988,,,,,,0.9090909090909092,0.1278308089244746,0.1647169238027318,0.9586256386125742,2.1002872339421645e-05,0.0043044555220062,204.94604035310428,0.2739594873867854,0.2342131815761609,4.449639234852159,0.42076356818948,0.8109132894417359,-2.396805580546731
BBOB_F17,17,5,10,0,0.1004,0.0935,1.0737967914438502,0.2471,0.2043,1.2094958394517863,0.314,0.242,1.297520661157025,6.736554872067293,68.48145539069095,6.0,0.7983169435947685,0.9143865732460632,-0.2267574665348593,0.8271724333037449,-1.336336336336336,0.0012080421346773,-2.6376376376376376,0.6049209841968394,0.9090909090909092,0.1370226356137004,0.2575201134647981,0.0448020655334954,0.0001343232420332,0.0061906876430721,46.08798558882254,0.5389228479288735,0.3460808523944449,8.1207164552764,0.7272144399263981,0.7594797704198307,-3.048761210082489
BBOB_F19,19,7,10,0,0.1,0.0925,1.0810810810810811,0.25,0.1947,1.2840267077555212,0.4241,0.1923,2.205408216328653,1.7932425549905977,5.8053741247145805,4.0,0.9234051304016834,0.932456564173741,-0.4512815538916027,0.8184022537253136,-1.2362362362362362,0.006064329395408,-1.9769769769769767,0.5657131426285257,0.9090909090909092,0.1111918813873342,0.0485347451748271,0.1245538118631448,0.0002626864394466,0.004651452321792,17.707241879673166,0.1559707797381949,0.5641434404548742,1.5725785611894163,0.7082461776605274,0.7092155702543567,-3.6858949097625846
BBOB_F9,9,6,2,0,0.1,0.1,1.0,0.2584999999999999,0.2375,1.0884210526315787,0.3515,0.1255,2.800796812749004,2.3439474701436147,5.929749384496164,2.0,0.5528028742522171,0.7400339264421831,-0.0927998370714382,0.5536731805892615,-0.3953953953953952,0.0029004304938639,-1.836836836836837,0.3253253253253253,1.0,0.4501764802393995,0.1219662488307129,0.0965224264572663,0.0005838244476844,0.0188355004399524,32.26226738989298,0.3554210424246836,0.6437367461482026,5.7161093775339,0.9209974875031188,0.3577622637820735,-3.3499389317774293
BBOB_F13,13,4,10,0,0.0949,0.0576,1.6475694444444442,0.1955,0.1028,1.901750972762646,0.2428,0.1215999999999999,1.9967105263157896,0.1010341798414585,0.1019679994502307,1.0,0.9254661429607596,0.932067159483492,-0.4322885801197689,0.8361539242433438,-1.276276276276276,0.0087688560945874,-1.8168168168168168,0.53500700140028,0.9090909090909092,0.1556550930956926,0.5064135894937014,0.4580418679186695,0.0008350103754439,0.0225178729187741,26.967177392019305,0.7439100458730206,0.7455320780038379,2.828350125328257,0.990417589897373,0.7077766523884155,-3.70413419459045
BBOB_F8,8,0,2,0,0.11,0.0805,1.366459627329193,0.177,0.0999999999999999,1.77,0.0099999999999999,0.0099999999999999,1.0,1.721879114675278,1.9767601109320945,1.0,0.518493002579626,0.7322607140848463,-0.0616103506454441,0.537348259364235,-0.4554554554554552,0.0016681005372,-1.9769769769769767,0.3563563563563564,0.6666666666666666,0.601295129283277,0.6461208078413999,0.1432449870836173,0.0062679932144803,0.0621641014839636,9.91770401734833,0.6547976143237794,0.9413390378191484,95.78011729486737,0.998545782032928,0.6731917760229447,-1.7046453843912532
BBOB_F4,4,5,10,0,0.1,0.0980999999999999,1.0193679918450562,0.2739,0.1795999999999999,1.5250556792873051,0.2093999999999999,0.1513999999999999,1.383091149273448,1.719991043435045,2.08691800375915,2.0,0.8775141511442195,0.9257073483344416,-0.3018800301852055,0.7217273034438069,-0.8958958958958956,0.0017467962151272,-1.8768768768768769,0.5727145429085817,0.9090909090909092,0.1568005497377643,0.5245545906906091,0.1603776686765917,2.8681792765816716e-05,0.0501850558484552,1749.7182361719854,0.5224484172045796,0.8948925695410744,240.982026731478,0.9870858257377472,0.7085639958445384,-3.6941540686267
BBOB_F3,3,1,10,8,0.1022,0.0701,1.4579172610556346,0.2081,0.1252,1.662140575079872,0.2672,0.153,1.74640522875817,1.1188544433064889,1.4932755457062257,1.0,0.9072223465527396,0.9297351888479188,-0.4202107402914828,0.8293632355731557,-0.9959959959959956,0.0083738065352664,-1.836836836836837,0.5620124024804961,0.9090909090909092,0.1487359299772011,0.402718869111036,0.2817783695551386,0.0010743789935812,0.01930601619073,17.96946543637987,0.4001035656970031,0.9199302965914744,20.37524692491768,0.977810707491706,0.7008750184899584,-3.7916172048658616
BBOB_F1,1,4,10,8,0.0809999999999999,0.0540999999999999,1.497227356746765,0.1392,0.096,1.45,0.1592999999999999,0.1209,1.3176178660049624,0.3455551571350047,-0.0956861309608236,1.0,0.94259229425665,0.9346491082299874,-0.4194372062135604,0.8347020761698046,-1.276276276276276,0.0087688560945874,-1.796796796796797,0.5381076215243049,0.9090909090909092,0.1696498630009767,0.7491837548594302,0.3876835412329755,0.0009514340030115,0.0250657849454952,26.345269210637746,0.7480749370827552,1.0,1.0000000000000429,1.0,0.6461377841257404,-4.485449724351287
BBOB_F6,6,7,2,0,0.107,0.0345,3.101449275362319,0.1635,0.1,1.635,0.2345,0.1465,1.6006825938566551,0.911527757981836,0.0975882260345999,2.0,0.7661164696641876,0.7537937301079823,-0.0853375448421825,0.6437524322831814,-0.5755755755755754,0.0265108360190853,-1.336336336336336,0.3593593593593593,0.6666666666666666,0.5767692384898769,0.5318268269129525,0.2286399233928394,0.0339735116692869,0.0404954225389625,1.1919704660843642,0.5323037575285199,0.9406945534608452,7.862145687633041,0.9898254272659296,0.1731957562761444,-4.312645565363506
BBOB_F23,23,9,2,0,0.1,0.1,1.0,0.25,0.25,1.0,0.4805,0.4814999999999999,0.9979231568016615,0.0487887469157487,-1.04417430709744,2.0,0.1712064983768484,0.5470754891087276,-0.6681551202262426,0.8872841475570515,0.9459459459459456,0.8033501977124734,0.2052052052052051,0.6691691691691691,1.0,0.3561885274896875,0.0037651641165947,0.516199470827572,0.003914756795087,0.0048771163309456,1.245828690320271,0.0057728168586489,0.0090108994524429,1.060519597337658,0.0132969971000278,0.9877300847972812,-0.064000391613936
BBOB_F14,14,1,10,0,0.0794,0.045,1.7644444444444445,0.1417,0.0841999999999999,1.6828978622327797,0.1543,0.1028,1.5009727626459144,2.0521363778514594,6.189329885461632,5.0,0.8707536507484955,0.9254206050594151,-0.3049341729755667,0.7783341391087674,-1.316316316316316,0.0031805520153329,-2.157157157157157,0.5289057811562312,0.9090909090909092,0.1639351362976346,0.6449665786953784,0.1095282277277718,0.0007046834129967,0.0156130142188236,22.15606885427821,0.8641373380987113,0.7238264687698064,28.471783482463696,0.9558737328472234,0.7390000216447931,-3.308356271032478
BBOB_F1,1,3,10,9,0.0687,0.0427,1.6088992974238874,0.1152,0.0821999999999999,1.4014598540145988,0.137,0.1092,1.2545787545787546,0.3098255478644399,-0.080637697681893,1.0,0.9307972990015444,0.9330212305038325,-0.3822623004964153,0.8360842113262641,-1.316316316316316,0.0083738065352664,-1.8568568568568569,0.5297059411882377,0.8181818181818182,0.1732658625853242,0.8220190143386898,0.3779415383152287,0.0003641683386721,0.0199775387979336,54.85797823824283,0.8212321893836285,1.0,1.0000000000000286,1.0,0.6655799965852848,-4.239006157885774
BBOB_F5,5,0,2,1,0.0605,0.0075,8.066666666666666,0.0435,0.008,5.437499999999999,0.008,0.008,1.0,0.000545618833051,-1.177383392298932,2.0,0.6590203266565644,0.7492113614885834,-0.0584500417921548,0.7314920873988736,-1.016016016016016,0.0580448594276897,-1.2162162162162162,0.3223223223223223,0.6666666666666666,0.6666111528572813,1.0,0.4999749725250857,0.0092247541967734,0.0922475419677348,9.999999999999996,1.0,1.0,25.6,1.0,0.3583357799650398,-3.346947447345765
BBOB_F18,18,8,10,0,0.0824999999999999,0.0668,1.2350299401197604,0.1606,0.122,1.3163934426229509,0.2057,0.1622999999999999,1.2674060382008632,3.895355056255565,34.88797321452768,5.0,0.7948922879242951,0.9139718862759604,-0.3203648431604236,0.830677610651448,-1.4764764764764762,0.0021004982416539,-2.397397397397397,0.5947189437887578,0.9090909090909092,0.1500209909860018,0.4222437546243979,0.0635720048330547,0.0005881829631463,0.0053111680038513,9.029788920509583,0.6291517458955191,0.4913748982823963,2.3326005622844845,0.7286155146908818,0.7581995184112013,-3.0649892948047306
BBOB_F2,2,3,2,6,0.1,0.012,8.333333333333334,0.0394999999999999,0.0174999999999999,2.257142857142857,0.0005,0.0005,1.0,0.8640870597333834,-0.3987728115600752,1.0,0.4055800221545731,0.737276668206327,-0.0587107508693155,0.5786413348048555,-0.5755755755755754,0.0333828586473176,-1.336336336336336,0.3298298298298298,0.6666666666666666,0.647388081531363,0.8875576271828564,0.2762202394106648,1.85839013663798e-05,0.0919911247951343,4950.043749239639,0.8875015117234308,0.9977691274450224,2518.722817424278,0.998126084110714,0.6402514177306142,-1.876463672927216
BBOB_F3,3,4,10,5,0.0957,0.0591,1.6192893401015227,0.1638,0.1175,1.3940425531914893,0.1732,0.106,1.6339622641509433,1.4903241666663003,1.8358793717446595,2.0,0.8919323515482676,0.9273651669530872,-0.3458047116394649,0.775723904639903,-0.9959959959959956,0.0045989920905224,-1.916916916916917,0.5564112822564513,0.9090909090909092,0.1606302002590515,0.5864639286102848,0.2070714662839515,0.0009818451544414,0.0397449856905482,40.479891875779984,0.5846631418700439,0.9197885773648808,59.68531931564807,0.9873299462107727,0.7066679715991342,-3.718187494766591
BBOB_F1,1,2,2,4,0.058,0.0205,2.829268292682927,0.0705,0.0315,2.238095238095237,0.1159999999999999,0.0699999999999999,1.6571428571428573,0.6009146143857492,-0.337288552018498,1.0,0.7756427718348486,0.756292364073863,-0.0657412298829084,0.6666472633745685,-0.8158158158158154,0.0241759407916913,-1.396396396396396,0.3533533533533533,0.6666666666666666,0.6456271449489465,0.876152181960645,0.2936891777708413,0.0421967713706397,0.0569412765739766,1.34942259145438,0.8760901798111602,1.0,1.0000000000000024,1.0,0.1400212719534694,-4.485685065079945
BBOB_F3,3,2,2,1,0.1,0.0865,1.1560693641618498,0.2885,0.1295,2.227799227799228,0.258,0.1129999999999999,2.283185840707965,2.079071309700508,3.5670250758663986,1.0,0.4130756942549872,0.6857206287561284,-0.069388997724139,0.7781150289504514,-0.2952952952952952,0.0230867799418716,-1.4764764764764762,0.5045045045045045,1.0,0.5647698142409462,0.4816276172946357,0.1485843323374657,0.002133870584963,0.0513976726938429,24.086593187061546,0.4813697334165866,0.909128386000093,41.61135682782586,0.98597479256847,0.3578865570711678,-3.3492906127755786
BBOB_F23,23,3,10,0,0.1,0.1,1.0,0.25,0.25,1.0,0.5031000000000001,0.5004,1.0053956834532376,0.5211813334426312,-0.1338451152522117,1.0,0.5855035905435817,0.8808029965956032,-0.5716896191483645,0.8699861382777366,-0.7957957957957954,0.0230867799418716,-1.376376376376376,0.671134226845369,0.9090909090909092,0.09363593923606,-0.0001205626891078,0.3648577708481689,8.65556706779019e-06,0.0010326888070344,119.30920284557835,-0.0007467284271374,0.000324120091278,52.87423405727599,0.0033597347567323,1.0009133305992124,0.0115771006360692
BBOB_F20,20,5,2,0,0.1,0.0685,1.45985401459854,0.358,0.0935,3.828877005347593,0.129,0.1105,1.167420814479638,1.516210594580436,1.5200194703483545,1.0,0.4681808215769789,0.7330946508118674,-0.0631346749545795,0.5301920544391864,-0.6356356356356354,0.0191992066559328,-1.5565565565565564,0.3608608608608609,0.6666666666666666,0.5998788774772517,0.639669712356012,0.1627406124839982,0.0153728435465836,0.0570680676905008,3.712264911665171,0.7249174460584857,0.9098124552345072,11.01287094898887,0.999085097474063,0.3879179439027902,-3.1926456412188418
BBOB_F2,2,2,10,0,0.1,0.0778,1.2853470437017998,0.3395,0.1064,3.1907894736842106,0.1731999999999999,0.1478,1.1718538565629228,1.0078796545904791,-0.1501056489131436,2.0,0.8112104812571663,0.918376889775676,-0.3375407422908237,0.8111607068064427,-0.9759759759759756,0.0115628013120737,-1.6166166166166165,0.5599119823964793,0.9090909090909092,0.1626865491687307,0.623021273598219,0.2825579844420591,1.119875241971293e-05,0.0673672188163437,6015.600335780142,0.6213488883092704,0.9969232293411354,23170.10396158673,0.9986787366858556,0.844864904069436,-1.9664452492046236
BBOB_F1,1,5,10,2,0.0802,0.0519,1.5452793834296723,0.1394,0.0935999999999999,1.4893162393162398,0.1669999999999999,0.1273,1.3118617439120184,0.346773783402529,-0.0197921610328757,2.0,0.9441306070766292,0.934730800181298,-0.4102434890935967,0.8350550798704182,-1.276276276276276,0.0087688560945874,-1.836836836836837,0.544008801760352,0.9090909090909092,0.1694770481815448,0.7467926589679259,0.3801215458812384,0.0006329749987325,0.0222056869159497,35.08145971075147,0.7456732705456823,1.0,1.000000000000042,1.0,0.647892302556627,-4.463209982838491
BBOB_F3,3,3,2,7,0.1,0.086,1.162790697674419,0.293,0.1224999999999999,2.3918367346938783,0.2314999999999999,0.137,1.68978102189781,2.089084180006075,3.640765997785424,1.0,0.4398204383727781,0.6824821314488437,-0.0678714348399805,0.780944269377979,-0.2752752752752751,0.0230867799418716,-1.4964964964964964,0.498998998998999,0.6666666666666666,0.5687282844615063,0.498116580916058,0.1476036599257442,0.001951642435774,0.0522270277073179,26.760551395063537,0.497866674771043,0.9083753775232356,39.69613125370324,0.9852096827885516,0.3494388210552601,-3.393354357661887
BBOB_F2,2,0,2,8,0.1,0.064,1.5625,0.25,0.1075,2.325581395348837,0.3195,0.0685,4.664233576642335,1.01189384515503,0.1154605607927345,1.0,0.4246739545900912,0.7398324714916958,-0.0962656231280277,0.5984706679973084,-0.4954954954954953,0.0697981390783066,-1.056056056056056,0.3223223223223223,1.0,0.5057686030485116,0.266872040612924,0.2649688160385285,6.5261821999825e-05,0.0459722518696254,704.4279558996785,0.2665056833584353,0.9989202795670356,56865.64136915885,0.9989349949886152,0.6380569711796552,-1.8879099980498304
BBOB_F20,20,1,2,0,0.1,0.072,1.388888888888889,0.3655,0.097,3.768041237113402,0.1305,0.1075,1.2139534883720928,1.5209416209379587,1.5486403105671904,1.0,0.4146798658555607,0.7315098617027682,-0.0636822740351925,0.5175056613657394,-0.6356356356356354,0.0265108360190853,-1.5165165165165162,0.3358358358358358,0.6666666666666666,0.5999351572497335,0.6399391412704039,0.1634661418997766,0.0154211968038273,0.0573636311506782,3.719791134267944,0.7250971183141339,0.909894975958821,10.950527937250923,0.9990930328944124,0.4000786412899487,-3.129214934305377
BBOB_F3,3,5,10,7,0.1022,0.073,1.4,0.2135,0.1363,1.566397652237711,0.2519,0.1701999999999999,1.4800235017626326,0.9617202961483144,0.7909669924764255,1.0,0.9084439172960532,0.9295367338795332,-0.4421686804875769,0.8247982218949202,-1.036036036036036,0.0105444279352616,-1.7367367367367363,0.5707141428285657,0.9090909090909092,0.1545699605403147,0.4905454539129692,0.2929338365681712,0.0013624560451953,0.0314581868129278,23.089322348316184,0.488351460894282,0.9312854630497028,21.51443843985126,0.9855324665742076,0.6752954490231825,-4.115856040397668
BBOB_F1,1,5,10,8,0.0802,0.0519,1.5452793834296723,0.1394,0.0935999999999999,1.4893162393162398,0.1669999999999999,0.1273,1.3118617439120184,0.346773783402529,-0.0197921610328757,2.0,0.9441306070766292,0.934730800181298,-0.4102434890935967,0.8347772918640354,-1.276276276276276,0.0087688560945874,-1.836836836836837,0.5431086217243448,0.9090909090909092,0.1694770481815448,0.7467926589679259,0.3801215458812384,0.0006329749987325,0.0222056869159497,35.08145971075147,0.7456732705456823,1.0,1.000000000000042,1.0,0.647892302556627,-4.463209982838491
BBOB_F16,16,7,10,0,0.1,0.1,1.0,0.25,0.25,1.0,0.4942,0.4925,1.0034517766497462,0.7659321097095024,0.9518148676994485,2.0,0.5849162058614836,0.880192163287693,-0.5565063747206784,0.8650219402399101,-0.8958958958958956,0.0159662602210142,-1.5365365365365364,0.6650330066013203,0.9090909090909092,0.0935054727831033,-0.0001812665955134,0.2723603996634458,1.3749526076012254e-05,0.0011464046841756,83.37775991972002,0.0009041327141028,-0.000499581039441,22.93503417699778,0.0002844972501433,1.0043660125660163,0.0553422461688057
BBOB_F1,1,1,2,5,0.1,0.0819999999999999,1.2195121951219514,0.251,0.141,1.780141843971631,0.315,0.151,2.0860927152317883,0.7307639120543777,0.0224773183066009,1.0,0.7732726534760462,0.7572328734680044,-0.1071114417231088,0.69099264959699,-0.6756756756756753,0.0401424249049932,-1.2162162162162162,0.3583583583583583,1.0,0.5145248490964346,0.2950650893278231,0.2910473593586282,0.0081850921163707,0.0372344742960956,4.54905989654339,0.2947121765320988,1.0,1.0000000000000009,1.0,0.1429858240104272,-4.470221837382727
BBOB_F12,12,9,10,0,0.0718,0.0494,1.4534412955465588,0.1219,0.086,1.4174418604651164,0.1169,0.0935999999999999,1.2489316239316242,6.974603041856812,67.43572671864257,6.0,0.8793952120145624,0.926910820621303,-0.1814130318360283,0.7018906070073396,-1.356356356356356,0.0002406475150015,-3.058058058058058,0.515503100620124,0.9090909090909092,0.1433690600193739,0.3313189194463383,0.0225444801374038,0.0009409996744528,0.0062726708708355,6.665964974411811,0.6399649635436808,0.3868006268515639,18.629094356950983,0.7779815467791953,0.6997213106025878,-3.806241254830063
BBOB_F3,3,2,10,5,0.0945999999999999,0.0558,1.6953405017921144,0.1443,0.1031,1.399612027158099,0.0523,0.0497,1.0523138832997987,1.3146550894403477,0.316920399285002,2.0,0.8853972860013821,0.9269130994554896,-0.2834577318694944,0.733838704383861,-0.8758758758758756,0.0029004304938639,-1.996996996996997,0.5366073214642929,0.9090909090909092,0.1681425746185066,0.7215348392520307,0.2360978732308534,3.057958918311634e-05,0.0792076484533725,2590.212967841464,0.7203006595862445,0.9740263702093984,186.11504862872204,0.9923972021383124,0.7049828596837256,-3.7395474604181818
BBOB_F2,2,8,2,0,0.1,0.0645,1.550387596899225,0.25,0.107,2.3364485981308407,0.3555,0.0555,6.405405405405404,0.9382969400301452,-0.1482203000426345,1.0,0.4471721514363963,0.7373935968662346,-0.091224211862567,0.5996317586179001,-0.5755755755755754,0.0730909932860291,-1.056056056056056,0.3158158158158158,1.0,0.5133283679850974,0.2908706630739732,0.2845957213075361,7.442821215907137e-05,0.0509348554021943,684.3487694334783,0.290515949350742,0.9973048994728652,5679.546972497028,0.9979353032339066,0.6388192947503466,-1.8839336863757308
BBOB_F2,2,6,2,7,0.1,0.055,1.818181818181818,0.3184999999999999,0.0839999999999999,3.7916666666666665,0.1965,0.1589999999999999,1.235849056603774,1.045334811926629,-0.1368045923893994,2.0,0.2708242864509762,0.7295593038175593,-0.0735276982683075,0.6013845682737106,-0.6156156156156153,0.0580448594276897,-1.1361361361361362,0.3158158158158158,0.6666666666666666,0.5960266491859736,0.6206863567466289,0.2681462814893126,5.918768080786691e-05,0.076641358559007,1294.8870020401323,0.6204966396376408,0.996865266569142,11810.907674938113,0.9986188372108376,0.6298064308460362,-1.930945161997923
BBOB_F9,9,2,2,0,0.1,0.1,1.0,0.2655,0.2389999999999999,1.1108786610878665,0.382,0.1,3.82,3.399246518229407,13.721128155452275,3.0,0.4751852181442406,0.735168826116206,-0.0665161578509167,0.5954151968933881,-0.5355355355355353,0.0019155005555735,-2.2572572572572573,0.3613613613613614,,,0.109403318235756,0.0608305502786209,0.0088632381482566,0.0110241682047908,1.2438081906847145,0.5697569721181511,0.3972894220882675,1.1069816092837044,0.9517508356875236,,
BBOB_F18,18,5,10,0,0.1001,0.0959,1.0437956204379564,0.2581,0.2029,1.272055199605717,0.3162999999999999,0.2352,1.344812925170068,6.267541707731173,57.761951641439936,4.0,0.7991030489592472,0.9144242310383583,-0.2264260938663574,0.8241693234431677,-1.276276276276276,0.0013247139878661,-2.617617617617617,0.6005201040208041,0.9090909090909092,0.1380031465637373,0.2686201758455974,0.0414250887194663,0.0004241986854009,0.0067474778575289,15.906409165675267,0.5660091193266028,0.3530266697095472,8.924151041744938,0.7419430250856012,0.7843557199526942,-2.7334412466343228
BBOB_F7,7,9,10,0,0.1056,0.0669999999999999,1.576119402985075,0.2554999999999999,0.1009,2.5322101090188296,0.2318,0.0951999999999999,2.434873949579832,1.7542108273818762,4.128361855412183,3.0,0.8638128907741396,0.9254678358705404,-0.3531915077351881,0.8120498489381659,-1.1961961961961962,0.0052810797119343,-1.9769769769769767,0.5372074414882977,0.9090909090909092,0.1534675055382961,0.4727700185360564,0.1623256123769841,0.0003359537336442,0.0170924864562626,50.87750110961131,0.8437252389085315,0.6236992626909537,17.969202910057795,0.9961618139773216,0.7623716100870508,-3.012105130805549
BBOB_F20,20,2,10,0,0.1095,0.0693,1.58008658008658,0.1825999999999999,0.1081,1.6891766882516186,0.1746999999999999,0.1186,1.4730185497470487,1.1705022283681417,1.5061044988653496,2.0,0.9103338841760784,0.930437142460096,-0.3523262868882519,0.8194374814772973,-1.1761761761761762,0.0072922720587283,-1.8768768768768769,0.5474094818963793,0.9090909090909092,0.1652374036591238,0.6688723610291134,0.2116142519869989,0.0001980166086406,0.0243884574274931,123.16369619149935,0.7410559212033441,0.9197373846459644,31.3588048104482,0.9986753244998224,0.6968862218384727,-3.842177976935568
BBOB_F10,10,8,10,0,0.1086999999999999,0.0537,2.024208566108007,0.2029,0.0784,2.5880102040816326,0.1603,0.0848999999999999,1.888103651354535,1.6550699217329008,3.734318508258359,3.0,0.7993932595735862,0.9179741488974138,-0.3064273004585486,0.7857435637182035,-1.316316316316316,0.0040050007578736,-2.077077077077077,0.5278055611122224,0.9090909090909092,0.1622190752495479,0.6137707303548443,0.1322124942897426,0.0001107817571427,0.0233408803361426,210.6924545894344,0.8738080434405893,0.7342509310693262,140.70021940801047,0.9952073191950151,0.8414340162096036,-2.0099341392720333
BBOB_F2,2,4,2,9,0.1,0.0394999999999999,2.5316455696202538,0.3299999999999999,0.0475,6.947368421052631,0.0045,0.0085,0.5294117647058822,1.190554444520604,0.2352551072105408,2.0,0.4862673368687326,0.7437438422965659,-0.06363738251778,0.5716378306797251,-0.5355355355355353,0.036606951475969,-1.296296296296296,0.3168168168168168,0.6666666666666666,0.6220936129282292,0.7501916251743749,0.2431421938931958,4.80721782749183e-05,0.0839476822171461,1746.2841341838246,0.7500667215014707,0.997280110178379,2977.035515839864,0.9989368484625368,0.6300587447937555,-1.9296290818786312
BBOB_F11,11,3,2,0,0.1,0.05,2.0,0.25,0.089,2.808988764044944,0.3215,0.075,4.286666666666667,1.8123877891419224,3.570212049158023,2.0,0.2371247723083029,0.7205782415857281,-0.0766938859478086,0.6498848508083626,-0.6356356356356354,0.0152469572701757,-1.4964964964964964,0.3593593593593593,1.0,0.4816226106124449,0.1975909421193152,0.14642741229221,0.0140115769899604,0.0227788478726523,1.6257162123131386,0.686823647477796,0.5055871829252543,2.6754006445487413,0.9981985375318034,0.7474343029503069,-1.3173932543433975
BBOB_F7,7,7,10,0,0.1082,0.056,1.932142857142857,0.2293999999999999,0.0899,2.5517241379310343,0.2744,0.0733999999999999,3.7384196185286114,1.3634686256793,2.348631662414591,3.0,0.8608964042544137,0.925140945776074,-0.3596370054897678,0.8115654332828528,-1.2162162162162162,0.0057911226476417,-1.9369369369369367,0.5334066813362672,0.9090909090909092,0.1403615659187125,0.2962367465970676,0.1898946528117251,0.0021331363778748,0.0125273799222941,5.872751527858087,0.8679730992673742,0.4248693858021872,5.11013728071408,0.9965121716547491,0.7973638913796984,-2.56855362562224
BBOB_F1,1,9,2,4,0.1125,0.0414999999999999,2.7108433734939763,0.1455,0.0834999999999999,1.7425149700598803,0.146,0.0875,1.6685714285714293,0.761444397386125,-0.1282570208636371,1.0,0.7649500044970404,0.7542255413692402,-0.0727162302622876,0.6770029848127673,-0.7757757757757754,0.0241759407916913,-1.396396396396396,0.3573573573573573,0.6666666666666666,0.6240365389795591,0.7590984836828416,0.2672160014523527,0.0334567520494487,0.0543370503398692,1.6240981868042546,0.758977880735916,1.0,1.0000000000000018,1.0,0.1400651094738035,-4.4854564067377805
BBOB_F2,2,0,2,5,0.1,0.064,1.5625,0.25,0.1075,2.325581395348837,0.3195,0.0685,4.664233576642335,1.01189384515503,0.1154605607927345,1.0,0.4246739545900912,0.7398324714916958,-0.0962656231280277,0.6058106467781507,-0.5155155155155153,0.0697981390783066,-1.056056056056056,0.3158158158158158,1.0,0.505768603048512,0.266872040612924,0.2649688160385285,6.5261821999825e-05,0.0459722518696254,704.4279558996785,0.2665056833584353,0.9989202795670356,56865.64136915885,0.9989349949886152,0.6380569711796552,-1.8879099980498304
BBOB_F1,1,9,10,8,0.0722,0.0457,1.5798687089715535,0.1201,0.0819999999999999,1.4646341463414638,0.1455,0.1133,1.2842012356575463,0.3193655572357252,-0.0472821624481474,2.0,0.9372676789167116,0.9330489728179192,-0.3952103422675027,0.83530659235455,-1.316316316316316,0.0083738065352664,-1.8568568568568569,0.5343068613722745,0.9090909090909092,0.1723177899754766,0.8009469324071399,0.3694888756750541,0.0075407722433881,0.0168921487019184,2.240108593218642,0.8000669512092515,1.0,1.0000000000000588,1.0,0.6598842108633476,-4.31120420376447
BBOB_F10,10,5,10,0,0.104,0.0584999999999999,1.777777777777778,0.2740000000000001,0.0921999999999999,2.9718004338394803,0.3655,0.0548999999999999,6.657559198542807,2.097763813801492,6.894353714619975,4.0,0.7980955447216871,0.9190468186851868,-0.3284767090187295,0.7887439892354849,-1.316316316316316,0.0034877274748141,-2.157157157157157,0.54250850170034,0.9090909090909092,0.1177347987571891,0.0859366566215757,0.0916557076750434,0.0004640557192276,0.0039855262649631,8.588464918817836,0.906598334999697,0.1722108302174368,175.7101806037464,0.9950353640042352,0.8589623675151702,-1.7877500941695068
BBOB_F6,6,8,10,0,0.0778,0.0493,1.578093306288033,0.1339,0.0870999999999999,1.5373134328358211,0.1426,0.0985,1.4477157360406092,1.0334247142634725,1.0992241235821665,4.0,0.8745955979414711,0.9268417058226764,-0.3422884260853163,0.8153120045379164,-1.1961961961961962,0.0066500180304311,-1.896896896896897,0.5233046609321864,0.9090909090909092,0.1697087381927504,0.7503911960458702,0.2314157279065004,0.0017235948255382,0.0240234929132236,13.93801638138575,0.8813039173441327,0.8343648361506312,3.479378682227052,0.971694334671002,0.7436748458553438,-3.24909962246716
BBOB_F24,24,8,10,0,0.099,0.087,1.137931034482759,0.2292,0.1783999999999999,1.2847533632286998,0.3273,0.1539999999999999,2.125324675324676,0.2232977603190052,-0.1368122254100057,3.0,0.9107902669677596,0.9297798571810602,-0.5348933318597686,0.8523608524032312,-1.1361361361361362,0.0115628013120737,-1.6966966966966963,0.5858171634326865,0.9090909090909092,0.1282769227584733,0.1680100635463168,0.396709321338034,0.0059421370868468,0.0063469776745886,1.0681304691939653,0.3075710441438705,0.7236710794021854,1.0408753485510025,0.8694542085763488,0.6970561998433081,-3.84002338749162
BBOB_F2,2,0,10,3,0.0979,0.0385,2.5428571428571427,0.0814999999999999,0.0366,2.2267759562841523,0.0220999999999999,0.0212999999999999,1.0375586854460097,0.8181655289845317,-0.6860036483160941,2.0,0.7994352175836019,0.9187503244895232,-0.2883700817575677,0.7391049474744407,-0.9759759759759756,0.006064329395408,-1.7567567567567566,0.5293058611722344,0.8181818181818182,0.1758101384065821,0.8720141933925512,0.3057647058513442,8.603613683478423e-06,0.0911375816166297,10592.942101949771,0.8714453400836213,0.996810681054274,296049.23873527674,0.996884170083874,0.8575406521038749,-1.8057713259191173
BBOB_F1,1,2,2,1,0.058,0.0205,2.829268292682927,0.0705,0.0315,2.238095238095237,0.1159999999999999,0.0699999999999999,1.6571428571428573,,,,0.7756427718348486,0.756292364073863,-0.0657412298829084,0.6647761954104267,-0.8158158158158154,0.0241759407916913,-1.416416416416416,0.3433433433433433,0.6666666666666666,0.6456271449489465,0.876152181960645,0.2936891777708413,0.0421967713706397,0.0569412765739766,1.34942259145438,0.8760901798111602,1.0,1.0000000000000024,1.0,0.1400212719534694,-4.485685065079945
BBOB_F3,3,1,10,5,0.1022,0.0701,1.4579172610556346,0.2081,0.1252,1.662140575079872,0.2672,0.153,1.74640522875817,1.1188544433064889,1.4932755457062257,1.0,0.9072223465527396,0.9297351888479188,-0.4202107402914828,0.8337773628948424,-1.016016016016016,0.0076362982612822,-1.836836836836837,0.5653130626125225,0.9090909090909092,0.1487359299772014,0.402718869111036,0.2817783695551386,0.0010743789935812,0.01930601619073,17.96946543637987,0.4001035656970031,0.9199302965914744,20.37524692491768,0.977810707491706,0.7008750184899584,-3.7916172048658616
BBOB_F12,12,5,2,0,0.1,0.073,1.3698630136986305,0.2795,0.1154999999999999,2.4199134199134207,0.2625,0.1305,2.0114942528735638,7.414938125965645,67.29200164151139,8.0,0.3372854121471309,0.7321079683146005,-0.0552308235172674,0.5925017243443036,-0.6356356356356354,0.0018292045048462,-2.577577577577577,0.3278278278278278,1.0,0.4492092116368247,0.1196004852648747,0.0230417366053664,0.0045856135867189,0.0070163126428384,1.5300706241710915,0.2901040395604571,0.2839717641888515,1.4016054016796995,0.812966121251423,0.5566800018987825,-2.312375678234573
BBOB_F2,2,5,2,1,0.1,0.0115,8.695652173913045,0.0445,0.001,44.5,0.0005,0.0005,1.0,0.7051569896968048,-0.9599236634690452,2.0,0.2622009366650898,0.7289130639635922,-0.0508211809621445,0.5375501515348334,-0.6156156156156153,0.0401424249049932,-1.296296296296296,0.3193193193193193,0.6666666666666666,0.6502184982064433,0.9036472641959444,0.330428665197276,1.8429311522566924e-05,0.1092649234510054,5928.866269215165,0.903599045119718,0.9943123396131672,1301.0439180648568,0.9955653662709522,0.6325260500025945,-1.9167595145680256
BBOB_F2,2,7,10,1,0.1001,0.0617,1.6223662884927068,0.2675,0.1112,2.4055755395683454,0.3456,0.1095,3.156164383561644,0.7922375804735309,-0.0884133048662523,2.0,0.8079714199243959,0.9183790833378686,-0.4205628872757694,0.8196469714305018,-0.9759759759759756,0.0132777082935542,-1.5565565565565564,0.5602120424084817,0.9090909090909092,0.1376904114571936,0.2638777515896624,0.2852657685076014,6.969157311556475e-06,0.02922045942943,4192.825347904795,0.2606194473151687,0.9987033574403044,342208.61038158234,0.9988965779915496,0.8504530396755275,-1.895611743423132
BBOB_F11,11,4,10,0,0.1024,0.0458999999999999,2.230936819172113,0.3369,0.0638,5.280564263322884,0.0803999999999999,0.0539,1.4916512059369198,1.94385190119811,4.0431202276554,5.0,0.7047990689386283,0.9076959962688258,-0.2432284315347049,0.7562022016164339,-1.276276276276276,0.0030372635797033,-2.1771771771771773,0.5371074214842969,0.9090909090909092,0.1611328399931009,0.5972212417806533,0.0933532388459014,0.0002401374476417,0.0180140309106792,75.01550086247205,0.960162049259876,0.6298529399445234,10546.647771152531,0.9930029058131856,0.9508740349210254,-0.622705778229447
BBOB_F1,1,5,2,8,0.104,0.0325,3.2,0.1745,0.0809999999999999,2.154320987654321,0.1145,0.0985,1.1624365482233503,0.7167709360707184,-0.4738362321926064,1.0,0.7690569645689403,0.7548364441576721,-0.0705747262840053,0.6743162596882731,-0.7757757757757754,0.0333828586473176,-1.316316316316316,0.3428428428428428,0.6666666666666666,0.631973738774744,0.8019822454147366,0.2928558580295243,0.0123916991377785,0.0702862818691813,5.672045543366992,0.8018831114403571,1.0,1.0000000000000016,1.0,0.1408153535476815,-4.481543102225
BBOB_F3,3,2,10,0,0.0945999999999999,0.0558,1.6953405017921144,0.1443,0.1031,1.399612027158099,0.0523,0.0497,1.0523138832997987,1.3146550894403477,0.316920399285002,2.0,0.8853972860013821,0.9269130994554896,-0.2834577318694944,0.7327155469132313,-0.8958958958958956,0.0030372635797033,-1.9769769769769767,0.5361072214442889,0.9090909090909092,0.1681425746185066,0.7215348392520307,0.2360978732308534,3.057958918311634e-05,0.0792076484533725,2590.212967841464,0.7203006595862445,0.9740263702093984,186.11504862872204,0.9923972021383124,0.7049828596837256,-3.7395474604181818
BBOB_F15,15,5,10,0,0.1024,0.0718999999999999,1.424200278164117,0.2124,0.1268999999999999,1.6737588652482271,0.2655,0.1549,1.71400903808909,4.069748957750981,39.674410977446335,5.0,0.9115723765392832,0.9313072351530104,-0.319196465645691,0.8071578099213191,-1.5165165165165162,0.0016681005372,-2.497497497497497,0.5477095419083817,0.9090909090909092,0.1437574196238346,0.3360286373181608,0.0547833186818336,0.0001461394312511,0.0050138409821485,34.30861157199897,0.5705677957796744,0.5109305789067331,2.4321492134182643,0.7994963566895659,0.6839727393435309,-4.005865349870389
BBOB_F10,10,8,2,0,0.1,0.0285,3.508771929824561,0.1355,0.0475,2.8526315789473684,0.016,0.0165,0.9696969696969696,1.0554983934979716,-0.1189076236693158,2.0,0.3367905557565978,0.73525661962725,-0.0563143473140607,0.5808442300336614,-0.6156156156156153,0.0290712337727257,-1.356356356356356,0.3238238238238238,0.6666666666666666,0.634963237837,0.818104543673042,0.2511466466364573,0.0164236367997734,0.0863223380410108,5.255981917610439,0.843150701771636,0.9718792019906426,41.71518790429937,0.9974977732668742,0.6607022752729681,-1.7697911434168687
BBOB_F3,3,3,10,0,0.0673999999999999,0.0374,1.8021390374331543,0.1278,0.0794,1.6095717884130982,0.153,0.1086,1.4088397790055247,0.954898951160814,0.2903537855015576,2.0,0.8798103730160637,0.9262669398115808,-0.3565321626472432,0.7780754476705682,-1.076076076076076,0.0066500180304311,-1.8168168168168168,0.5399079815963193,0.9090909090909092,0.1669309340094568,0.699099648599641,0.235892780464796,1.2664060307581262e-05,0.043011814729168,3396.368438281936,0.6977641720746179,0.9586677685016955,97.56028293598712,0.9892790267258144,0.7242306715692984,-3.4955680564481746
BBOB_F15,15,6,2,0,0.1,0.073,1.36986301369863,0.3115,0.1154999999999999,2.6969696969696977,0.2185,0.0965,2.2642487046632125,1.537696570278632,2.456887904658449,1.0,0.4266086741543334,0.6547260349715837,-0.0945002749372897,0.8433561005781212,-0.4154154154154152,0.0580448594276897,-1.0960960960960962,0.561061061061061,1.0,0.5585038699856851,0.4549247754543984,0.1933301008006399,0.0198295900677761,0.0330943695532971,1.6689386638948576,0.6437377554060322,0.7852598487516846,2.331114495340396,0.9872835264066144,0.3041758391630358,-3.6294479670191047
BBOB_F24,24,2,2,0,0.1,0.1005,0.9950248756218906,0.2495,0.227,1.0991189427312775,0.3105,0.251,1.2370517928286855,0.5784280218395075,0.1980130822761223,1.0,0.2562082357696578,0.5861364431409157,-0.3991997023621911,0.8795194222117728,0.5655655655655653,0.3195247505759213,-0.2352352352352351,0.6361361361361362,1.0,0.5360703222359823,0.3701196847766904,0.342438992922492,0.0254026729124383,0.0264115860647854,1.0397168107397494,0.3765511034639986,0.5931899874649907,1.0776832370596214,0.6396762192606301,0.6862395473503922,-1.636587662650788
BBOB_F2,2,9,2,7,0.1,0.0669999999999999,1.492537313432836,0.25,0.113,2.2123893805309733,0.4945,0.0645,7.666666666666665,0.6389580777571676,-0.8693064761450122,2.0,0.390200062713736,0.7365136205236091,-0.1048901634674794,0.6028608912387164,-0.4554554554554552,0.0963793479961578,-0.9559559559559556,0.3208208208208208,1.0,0.3571190765632435,0.0040934201528528,0.3333208114178385,6.811155627049279e-05,0.007329040028678,107.60347333089992,0.003594958479701,0.9984268256116958,14324.8171743414,0.9984352706631668,0.6576512269029281,-1.7857055395059596
BBOB_F2,2,8,10,9,0.0854999999999999,0.0374,2.286096256684492,0.0784,0.0481,1.62993762993763,0.0196,0.0175,1.12,0.7739559873538836,-0.7931845738561498,2.0,0.8076413070884463,0.9190977868183778,-0.2878622456354233,0.7388791573626308,-0.9759759759759756,0.006064329395408,-1.7567567567567566,0.5244048809761952,0.8181818181818182,0.1763123880324684,0.8824423477104572,0.3172132191577292,9.701860408689589e-06,0.094047570565716,9693.766618357158,0.8819194097705607,0.9959778722682822,603005.5868919559,0.9962957010079624,0.845212464868176,-1.962039674325565
BBOB_F2,2,6,10,2,0.1,0.069,1.4492753623188404,0.2979,0.088,3.3852272727272728,0.0804999999999999,0.0842999999999999,0.9549228944246738,0.954930305416572,-0.3204182697896844,2.0,0.8079209276575807,0.917323248665968,-0.3084301889785821,0.7979919433743122,-0.9959959959959956,0.009615746001432,-1.6966966966966963,0.5603120624124825,0.9090909090909092,0.1696384464050399,0.7497229206020437,0.2779004068421613,8.541153630442933e-06,0.0759969542292382,8897.738820475604,0.7486145710159728,0.9976546994469292,75959.38075794531,0.9992883270994432,0.8392003576220959,-2.0382473155485066
BBOB_F14,14,5,10,0,0.0779,0.0486,1.602880658436214,0.1405,0.0861999999999999,1.629930394431555,0.1664,0.1022,1.6281800391389432,2.2900690903321914,7.3520469881214865,2.0,0.8650259193608979,0.9254934638414009,-0.2927532073733784,0.7648227909543914,-1.2362362362362362,0.0030372635797033,-2.1771771771771773,0.5237047409481896,0.9090909090909092,0.1599845604769685,0.5764118355832046,0.1167098351111644,0.000956546435872,0.0200025064512025,20.91117137765088,0.8373616480567032,0.6568618310520538,20.289350224299763,0.9431972860883496,0.7449524096491129,-3.232905612738133
BBOB_F2,2,8,2,7,0.1,0.0645,1.550387596899225,0.25,0.107,2.3364485981308407,0.3555,0.0555,6.405405405405404,0.9382969400301452,-0.1482203000426345,1.0,0.4471721514363963,0.7373935968662346,-0.091224211862567,0.6160947087368834,-0.5555555555555552,0.0765391938823014,-1.056056056056056,0.3313313313313313,1.0,0.5133283679850976,0.2908706630739732,0.2845957213075361,7.442821215907137e-05,0.0509348554021943,684.3487694334783,0.290515949350742,0.9973048994728652,5679.546972497028,0.9979353032339066,0.6388192947503466,-1.8839336863757308
BBOB_F13,13,5,10,0,0.1041,0.0665,1.5654135338345865,0.2188,0.1149999999999999,1.9026086956521744,0.2451,0.1217,2.0139687756778963,0.2781210709185696,0.0708904358353619,1.0,0.9268394471115272,0.9320854916568804,-0.428711509191392,0.8375867851081761,-1.296296296296296,0.0079965545258923,-1.836836836836837,0.54500900180036,0.9090909090909092,0.1535556682018293,0.474951202740434,0.4092125140086228,0.001304271045916,0.0160218527093131,12.28414351409596,0.697285451004824,0.7594049801698795,3.427519795120576,0.9907876847182012,0.6962203615773006,-3.850618218902493
BBOB_F19,19,9,10,0,0.1,0.0883999999999999,1.1312217194570138,0.25,0.1897,1.3178703215603584,0.4269,0.1975,2.161518987341772,2.004887842460447,7.570381385080887,4.0,0.9163812259269244,0.9318826998955164,-0.4376076187329256,0.8253613694402314,-1.2362362362362362,0.0052810797119343,-1.996996996996997,0.5735147029405882,0.9090909090909092,0.1099578233862294,0.042802975706006,0.1216176676456796,0.0001556526553517,0.0035092092326168,22.545129247468225,0.1607072682389863,0.5362737883452624,1.2535129742378162,0.690688406489261,0.7207750319694929,-3.5393706920364654
BBOB_F2,2,6,2,0,0.1,0.055,1.818181818181818,0.3184999999999999,0.0839999999999999,3.7916666666666665,0.1965,0.1589999999999999,1.235849056603774,1.045334811926629,-0.1368045923893994,2.0,0.2708242864509762,0.7295593038175593,-0.0735276982683075,0.5980366047935817,-0.6156156156156153,0.0580448594276897,-1.1361361361361362,0.3193193193193193,0.6666666666666666,0.5960266491859741,0.6206863567466289,0.2681462814893126,5.918768080786691e-05,0.076641358559007,1294.8870020401323,0.6204966396376408,0.996865266569142,11810.907674938113,0.9986188372108376,0.6298064308460362,-1.930945161997923
BBOB_F8,8,8,2,0,0.1035,0.0765,1.352941176470588,0.182,0.087,2.0919540229885056,0.0095,0.0095,1.0,1.6530353776440627,1.716371819623256,1.0,0.4132934114804638,0.7323764126731556,-0.0621216310479791,0.5251572649765437,-0.4754754754754753,0.0008354528058382,-1.956956956956957,0.3523523523523523,0.6666666666666666,0.6056118850988338,0.6671250187580748,0.1506111081248082,0.006208425328754,0.0645258536852379,10.39327208888044,0.6744430547086873,0.9506827242832226,111.22119690370027,0.9989569524073392,0.5513053777202642,-2.340409943061984
BBOB_F4,4,5,2,0,0.1,0.0765,1.30718954248366,0.302,0.127,2.377952755905512,0.227,0.1684999999999999,1.3471810089020773,0.9652040508139405,-0.0430848995898145,2.0,0.4699341551408275,0.6740545299464332,-0.1084082874261878,0.847437071443621,-0.2152152152152151,0.0666536326812491,-1.016016016016016,0.5575575575575575,0.6666666666666666,0.5767618204011112,0.5325868293698541,0.2585502657274101,0.0059960350925116,0.0486059383972031,8.106346551891631,0.5323529584245144,0.956458151371465,3.489901234847871,0.968239583781762,0.281480413692691,-3.7478282568539623
BBOB_F2,2,6,10,1,0.1,0.069,1.4492753623188404,0.2979,0.088,3.3852272727272728,0.0804999999999999,0.0842999999999999,0.9549228944246738,0.954930305416572,-0.3204182697896844,2.0,0.8079209276575807,0.917323248665968,-0.3084301889785821,0.7984523547996831,-0.9959959959959956,0.009615746001432,-1.6966966966966963,0.5621124224844969,0.9090909090909092,0.1696384464050396,0.7497229206020437,0.2779004068421613,8.541153630442933e-06,0.0759969542292382,8897.738820475604,0.7486145710159728,0.9976546994469292,75959.38075794531,0.9992883270994432,0.8392003576220959,-2.0382473155485066
BBOB_F2,2,4,10,4,0.1,0.0517,1.9342359767891684,0.2612,0.0977,2.673490276356193,0.3151,0.1271,2.479150275373722,0.5205376192803268,-0.4439484324066591,2.0,0.8035581960237396,0.9186432393102786,-0.4250468733467267,0.8267536789279893,-0.9959959959959956,0.0126795284678643,-1.5365365365365364,0.5652130426085217,0.9090909090909092,0.1394883004215568,0.2846300568235939,0.3260597949483193,4.904683895323638e-06,0.0382377593662252,7796.172022968279,0.2814576541383691,0.9979017808390972,211559.73413579207,0.9979568690255206,0.8479144854753035,-1.9277896836689248
BBOB_F3,3,1,2,7,0.1035,0.071,1.4577464788732395,0.2239999999999999,0.096,2.333333333333333,0.1155,0.1159999999999999,0.995689655172414,0.9037995959997714,-0.3360116216953921,1.0,0.4670003234974021,0.6808012851616225,-0.0881652494383857,0.8480123850481031,-0.3353353353353351,0.0730909932860291,-0.9759759759759756,0.5380380380380381,0.6666666666666666,0.6133466213008139,0.7056881590116892,0.2996593595148904,0.0088869014380172,0.0721979680665443,8.124087857854335,0.7055411173659732,0.9839907784591057,8.836578983395492,0.9912581331932504,0.4009755735205143,-3.124536498223387
BBOB_F1,1,2,10,5,0.0665999999999999,0.0423999999999999,1.5707547169811322,0.1072999999999999,0.0781999999999999,1.3721227621483376,0.1271,0.1021,1.2448579823702253,0.2988421400884995,-0.064778980086543,2.0,0.9304465021453292,0.932938273182003,-0.3919737945103332,0.8372164382515841,-1.316316316316316,0.0079965545258923,-1.8768768768768769,0.5363072614522905,0.8181818181818182,0.1743650103848263,0.8424592138260633,0.3788562522216504,0.0028504018348171,0.0184841537646807,6.48475367188593,0.8417627516644393,1.0,1.000000000000041,1.0,0.6726658417673235,-4.149188141457975
BBOB_F2,2,2,10,3,0.1,0.0778,1.2853470437017998,0.3395,0.1064,3.1907894736842106,0.1731999999999999,0.1478,1.1718538565629228,1.0078796545904791,-0.1501056489131436,2.0,0.8112104812571663,0.918376889775676,-0.3375407422908237,0.8125308076372655,-0.9759759759759756,0.0105444279352616,-1.6366366366366365,0.5640128025605121,0.9090909090909092,0.1626865491687307,0.623021273598219,0.2825579844420591,1.119875241971293e-05,0.0673672188163437,6015.600335780142,0.6213488883092704,0.9969232293411354,23170.10396158673,0.9986787366858556,0.844864904069436,-1.9664452492046236
BBOB_F20,20,0,10,0,0.1059,0.0663999999999999,1.59487951807229,0.1853999999999999,0.1113,1.6657681940700808,0.1765,0.1189,1.48444070647603,1.1717190868127596,1.4867645869675172,2.0,0.9050093839065158,0.9298630384993732,-0.3509223438329736,0.8170982427359494,-1.1761761761761762,0.0076362982612822,-1.8768768768768769,0.5491098219643928,0.9090909090909092,0.1653127336882039,0.668769924887588,0.2196084101387553,0.0002687877195093,0.0252942393806979,94.10489224309656,0.7418191880308082,0.9197887343060984,32.35070719544456,0.9986584424812656,0.686017360428888,-3.979948355423668
BBOB_F2,2,4,2,4,0.1,0.0394999999999999,2.5316455696202538,0.3299999999999999,0.0475,6.947368421052631,0.0045,0.0085,0.5294117647058822,1.190554444520604,0.2352551072105408,2.0,0.4862673368687326,0.7437438422965659,-0.06363738251778,0.5694308572073629,-0.5355355355355353,0.021053452427667,-1.316316316316316,0.3183183183183183,0.6666666666666666,0.6220936129282304,0.7501916251743749,0.2431421938931958,4.80721782749183e-05,0.0839476822171461,1746.2841341838246,0.7500667215014707,0.997280110178379,2977.035515839864,0.9989368484625368,0.6300587447937555,-1.9296290818786312
BBOB_F3,3,6,2,9,0.1135,0.0615,1.845528455284553,0.1225,0.075,1.6333333333333329,0.0045,0.0045,1.0,1.722198144430501,1.755102542903451,2.0,0.4843471968227538,0.7022077877511832,-0.0509825135319357,0.6989954129392338,-0.4154154154154152,0.0066500180304311,-1.8768768768768769,0.4524524524524524,0.6666666666666666,0.599554260528041,0.6374740145109115,0.1727674278034809,0.0006997043938283,0.073496314694113,105.03909271168342,0.6372930335739864,0.9393981738687815,156.8358183382148,0.9944256518763952,0.4066791900622131,-3.094786195450017
BBOB_F3,3,0,10,7,0.0674,0.0366,1.8415300546448088,0.124,0.0784,1.5816326530612246,0.1702999999999999,0.1199,1.420350291909925,1.1166735729258357,0.892931352350113,2.0,0.882142027139524,0.926100153662954,-0.3667198797507717,0.7808147483803108,-1.056056056056056,0.0057911226476417,-1.8568568568568569,0.5359071814362872,0.9090909090909092,0.1652314668243709,0.6660549988471827,0.233259360219349,0.0001527049237632,0.0374433006455359,245.20034929317717,0.6645845125347538,0.94830620043692,78.78949122512084,0.993497071096034,0.7236586681320109,-3.5028185978877886
BBOB_F10,10,7,2,0,0.1,0.0495,2.0202020202020203,0.2554999999999999,0.0725,3.5241379310344825,0.2789999999999999,0.0685,4.072992700729927,1.5970709707772506,2.334817061302621,1.0,0.2801185802846058,0.7187057351902234,-0.0727005859761424,0.6424626119816622,-0.7157157157157155,0.0167194975973199,-1.5365365365365364,0.3568568568568568,1.0,0.5224389208015902,0.3218903806964776,0.1576882322710815,0.0214672645129207,0.0291271206105649,1.3568156573015533,0.7837763675261664,0.5344622358464388,1.8229451012811893,0.9985548181792296,0.7368741326825053,-1.3724755447653711
BBOB_F20,20,8,10,0,0.1096999999999999,0.0652,1.6825153374233126,0.1849,0.1103,1.6763372620126928,0.1755,0.1163999999999999,1.5077319587628868,1.1832428877289174,1.5835526740563433,2.0,0.9072469990841572,0.9290999201473502,-0.3579266518112236,0.8205673662853897,-1.1961961961961962,0.0066500180304311,-1.896896896896897,0.5479095819163833,0.9090909090909092,0.1651714338562579,0.6685544464324631,0.2143799475647483,0.0002572996570307,0.0246545677325126,95.82044537886485,0.7412410718062123,0.9194539810951056,31.11912581000827,0.9986652215364108,0.6976289178713707,-3.832763788116882
BBOB_F1,1,6,10,2,0.0789999999999999,0.0513,1.539961013645224,0.1447999999999999,0.0999,1.4494494494494492,0.1646,0.1234,1.33387358184765,0.3419983201124051,-0.0258010460826141,2.0,0.9458568421321416,0.9353639179775972,-0.4138228807340014,0.8337164947202386,-1.356356356356356,0.0076362982612822,-1.916916916916917,0.5394078815763153,0.9090909090909092,0.1691120306305473,0.740063309258458,0.3236225462867008,0.0003422488834337,0.017719959793276,51.77506969633633,0.7389141714769609,1.0,1.0000000000000229,1.0,0.6518099339622345,-4.413551279761142
BBOB_F13,13,9,2,0,0.0844999999999999,0.031,2.7258064516129026,0.135,0.0495,2.7272727272727275,0.0194999999999999,0.0245,0.7959183673469385,0.5758728069702004,-0.762132515325149,1.0,0.7383059242848415,0.7542793746321138,-0.0643369800005699,0.7064016574514149,-0.8358358358358354,0.0505479682119124,-1.256256256256256,0.3293293293293293,0.6666666666666666,0.6470218587897844,0.8860803504155551,0.3437157775127895,0.0154160640471878,0.077608074727703,5.034234061959551,0.8860575837794344,0.9765530816194395,3.4610352069818946,0.9956246802446832,0.2629858397413247,-3.8442967292161914
BBOB_F2,2,5,10,6,0.0907999999999999,0.0359,2.529247910863509,0.0983,0.0475,2.0694736842105264,0.0387999999999999,0.0362,1.071823204419889,0.9669293777915896,-0.268320584799977,2.0,0.7956925174995387,0.9181809680582964,-0.3002264164367629,0.7711321877700485,-0.9959959959959956,0.006064329395408,-1.796796796796797,0.5398079615923185,0.8181818181818182,0.1735237102629309,0.8255637905418376,0.2812920896670975,2.54167395657718e-06,0.0790985294078703,31120.643622752745,0.8247906860498682,0.9982413519502052,57040.48559917655,0.998630444724814,0.8477948957385231,-1.929305566766395
BBOB_F3,3,2,10,2,0.0945999999999999,0.0558,1.6953405017921144,0.1443,0.1031,1.399612027158099,0.0523,0.0497,1.0523138832997987,1.3146550894403477,0.316920399285002,2.0,0.8853972860013821,0.9269130994554896,-0.2834577318694944,0.732166978298245,-0.8758758758758756,0.0033306003436245,-1.9369369369369367,0.5339067813562712,0.9090909090909092,0.1681425746185069,0.7215348392520307,0.2360978732308534,3.057958918311634e-05,0.0792076484533725,2590.212967841464,0.7203006595862445,0.9740263702093984,186.11504862872204,0.9923972021383124,0.7049828596837256,-3.7395474604181818
BBOB_F2,2,4,10,8,0.1,0.0517,1.9342359767891684,0.2612,0.0977,2.673490276356193,0.3151,0.1271,2.479150275373722,0.5205376192803268,-0.4439484324066591,2.0,0.8035581960237396,0.9186432393102786,-0.4250468733467267,0.8288186998620967,-0.9959959959959956,0.0126795284678643,-1.5565565565565564,0.5718143628725745,0.9090909090909092,0.139488300421557,0.2846300568235939,0.3260597949483193,4.904683895323638e-06,0.0382377593662252,7796.172022968279,0.2814576541383691,0.9979017808390972,211559.73413579207,0.9979568690255206,0.8479144854753035,-1.9277896836689248
BBOB_F2,2,0,2,1,0.1,0.064,1.5625,0.25,0.1075,2.325581395348837,0.3195,0.0685,4.664233576642335,1.01189384515503,0.1154605607927345,1.0,0.4246739545900912,0.7398324714916958,-0.0962656231280277,0.606006426523101,-0.5155155155155153,0.0580448594276897,-1.076076076076076,0.3173173173173173,1.0,0.5057686030485116,0.266872040612924,0.2649688160385285,6.5261821999825e-05,0.0459722518696254,704.4279558996785,0.2665056833584353,0.9989202795670356,56865.64136915885,0.9989349949886152,0.6380569711796552,-1.8879099980498304
BBOB_F2,2,9,10,7,0.1093,0.0548999999999999,1.9908925318761383,0.2343,0.0979,2.393258426966292,0.1820999999999999,0.1273,1.430479183032207,1.1671624943122043,0.5271952924788903,1.0,0.8089280694840091,0.9191217902141832,-0.3407834955821566,0.8067426366836151,-0.9759759759759756,0.0091825428356562,-1.7167167167167163,0.5516103220644129,0.9090909090909092,0.1627040930853697,0.6234357470861417,0.2526744894426019,2.4284364778062208e-06,0.0563889315375144,23220.2621122108,0.6217727686605152,0.9975894190280165,36654.755671644685,0.9985629034440012,0.825976346749711,-2.205870851663576
BBOB_F21,21,6,10,0,0.1,0.1,1.0,0.2502999999999999,0.2478999999999999,1.009681323114159,0.4225,0.3117,1.355470003208213,-2.2262435980738955,10.248498830483491,2.0,0.7264124278989201,0.9106123811418654,-0.6192375109722438,0.8229503812307657,-1.036036036036036,0.0069637447306282,-1.8568568568568569,0.6037207441488298,0.9090909090909092,0.1088205473116373,0.0378819783394644,0.8770427969185524,0.0001100491586669,0.0048427491679835,44.005326589005975,0.0948749571344879,0.1497329344358882,4.304789994803579,0.239833708699327,0.9322725854953764,-0.8584920884255602
BBOB_F2,2,9,2,0,0.1,0.0669999999999999,1.492537313432836,0.25,0.113,2.2123893805309733,0.4945,0.0645,7.666666666666665,0.6389580777571676,-0.8693064761450122,2.0,0.390200062713736,0.7365136205236091,-0.1048901634674794,0.6059034623322933,-0.4554554554554552,0.0920373199661822,-0.9759759759759756,0.3233233233233233,1.0,0.357119076563244,0.0040934201528528,0.3333208114178385,6.811155627049279e-05,0.007329040028678,107.60347333089992,0.003594958479701,0.9984268256116958,14324.8171743414,0.9984352706631668,0.6576512269029281,-1.7857055395059596
BBOB_F3,3,6,10,0,0.0797999999999999,0.0529,1.5085066162570884,0.1452999999999999,0.0907999999999999,1.6002202643171806,0.1746999999999999,0.1253,1.394253790901835,1.729621342058906,2.533927390832739,1.0,0.8944708281185172,0.928148486013114,-0.3403049540467728,0.7714287368985774,-0.9159159159159156,0.0052810797119343,-1.916916916916917,0.5434086817363473,0.9090909090909092,0.160429747439913,0.5843840855739829,0.1990159755640895,0.0007485243730822,0.0443161561343645,59.204693565131855,0.5825587409934103,0.9107136193790036,96.25104489520692,0.9855769577733152,0.7084816366748877,-3.695198028389104
BBOB_F17,17,1,10,0,0.0708999999999999,0.0497,1.4265593561368206,0.1307999999999999,0.0902999999999999,1.448504983388704,0.1821999999999999,0.1143,1.5940507436570426,3.903586300179114,27.9861032247168,5.0,0.8369504594739785,0.919749017489898,-0.2814676320838108,0.7645912042672661,-1.356356356356356,0.0012650337203959,-2.457457457457457,0.5508101620324065,0.9090909090909092,0.1494992970937395,0.4162227020622694,0.0520737131671694,0.0005215185563094,0.0084790243568534,16.25833684012301,0.6610204555196844,0.5088508792604913,42.0472552291893,0.8046386343454197,0.7452030718437574,-3.2297282950663497
BBOB_F6,6,3,10,0,0.0704,0.0438999999999999,1.6036446469248296,0.1186,0.0777,1.526383526383526,0.1462,0.0951999999999999,1.5357142857142858,0.7058407536348874,0.5068263836180193,4.0,0.8826310369797434,0.9272767514003236,-0.3650470179243303,0.8123015548324636,-1.276276276276276,0.0057911226476417,-1.916916916916917,0.5231046209241849,0.9090909090909092,0.17087228150562,0.7730540812063674,0.2569762871632857,0.0053174055304879,0.0192006112465078,3.610898423379436,0.8639860821414428,0.8722994381252189,3.3483077520438087,0.9706796599869358,0.7290590020343473,-3.4343656093317936
BBOB_F2,2,3,2,2,0.1,0.012,8.333333333333334,0.0394999999999999,0.0174999999999999,2.257142857142857,0.0005,0.0005,1.0,0.8640870597333834,-0.3987728115600752,1.0,0.4055800221545731,0.737276668206327,-0.0587107508693155,0.5704120802367748,-0.5755755755755754,0.0333828586473176,-1.376376376376376,0.3168168168168168,0.6666666666666666,0.6473880815313634,0.8875576271828564,0.2762202394106648,1.85839013663798e-05,0.0919911247951343,4950.043749239639,0.8875015117234308,0.9977691274450224,2518.722817424278,0.998126084110714,0.6402514177306142,-1.876463672927216
BBOB_F3,3,9,2,0,0.1055,0.076,1.3881578947368425,0.051,0.0414999999999999,1.2289156626506026,0.013,0.013,1.0,0.8515091250740174,-0.382199361087522,1.0,0.4458599405651053,0.6846512956545951,-0.0616505228792981,0.8284864208739497,-0.4754754754754753,0.0505479682119124,-1.1561561561561562,0.53003003003003,0.6666666666666666,0.6485146168038439,0.8938734660511276,0.2997030321399979,0.0019992620692752,0.088038623262439,44.03555922728661,0.8938203915130908,0.995036801369356,10.430065147432371,0.9961076339120176,0.4100388708966637,-3.0772619594997126
BBOB_F1,1,5,2,5,0.104,0.0325,3.2,0.1745,0.0809999999999999,2.154320987654321,0.1145,0.0985,1.1624365482233503,0.7167709360707184,-0.4738362321926064,1.0,0.7690569645689403,0.7548364441576721,-0.0705747262840053,0.6720064349111559,-0.7557557557557554,0.0333828586473176,-1.316316316316316,0.3388388388388388,0.6666666666666666,0.6319737387747434,0.8019822454147366,0.2928558580295243,0.0123916991377785,0.0702862818691813,5.672045543366992,0.8018831114403571,1.0,1.0000000000000016,1.0,0.1408153535476815,-4.481543102225
BBOB_F24,24,8,2,0,0.1,0.104,0.9615384615384616,0.219,0.205,1.068292682926829,0.303,0.2335,1.2976445396145608,0.5278836270547844,0.0160532877172316,1.0,0.2217333231817103,0.5867152394985286,-0.3977064829594245,0.8837688873843907,0.6056056056056053,0.3345989120549975,-0.2352352352352351,0.6646646646646647,1.0,0.5406861487824632,0.385488323781509,0.3827472487157228,0.0273604356856255,0.0288158240727547,1.0531931729396309,0.40000187364128,0.5856443649695497,1.062698717044544,0.6446087055512046,0.6605279789882981,-1.770700280137982
BBOB_F1,1,0,2,2,0.101,0.039,2.589743589743589,0.188,0.08,2.35,0.1305,0.1065,1.2253521126760565,0.7461945913596539,-0.3925793272435602,1.0,0.7798998649419434,0.757425353388883,-0.0754329614711643,0.6655511324077151,-0.7557557557557554,0.036606951475969,-1.296296296296296,0.3438438438438438,0.6666666666666666,0.6258274932161959,0.7691907066674988,0.2890431911251327,0.0139917047811556,0.0679515065222709,4.8565566230206265,0.7690751562077953,1.0,1.0000000000000018,1.0,0.1423272397026712,-4.473657040716311
BBOB_F17,17,4,2,0,0.1065,0.06,1.7749999999999997,0.2534999999999999,0.1635,1.55045871559633,0.3964999999999999,0.285,1.3912280701754385,3.0358459607186288,14.588467999045704,4.0,0.3367676349686183,0.6283586822014958,-0.3011744870092937,0.7917267734550675,0.4054054054054052,0.0839312949816636,-0.7157157157157155,0.5415415415415415,1.0,0.4215417729319031,0.0689466438778627,0.1125263120777383,0.0026603425306033,0.0094760846729821,3.5619791677100823,0.1796095924578199,0.3847531775036524,7.368895924490026,0.6215177137775867,0.2192749374921786,-4.072294626147375
BBOB_F12,12,0,10,0,0.071,0.0439,1.6173120728929382,0.0901999999999999,0.0642,1.404984423676012,0.0800999999999999,0.0684,1.1710526315789471,5.183621634228465,46.13543564936003,5.0,0.8706430336520613,0.9238392334331428,-0.2033469970130541,0.6767356984826336,-1.4564564564564562,0.0001911090621689,-2.9179179179179173,0.5178035607121424,0.9090909090909092,0.1504351528907115,0.4280034977982555,0.0265417442263427,0.0001374258352024,0.0080153047584324,58.32458465052548,0.6846159720147078,0.5088973759692412,21.157939634084094,0.842095107464582,0.7058575014384593,-3.728460767796921
BBOB_F22,22,5,10,0,0.1,0.0983,1.017293997965412,0.2533999999999999,0.2128,1.1907894736842102,0.3812,0.2503,1.5229724330803034,-4.134418947296787,40.05168301245071,2.0,0.7999438728725573,0.9196998989989136,-0.5741162857846577,0.7664702003320952,-1.336336336336336,0.0015929502125721,-2.3373373373373374,0.5774154830966193,0.9090909090909092,0.1136425257978285,0.0614290875841848,0.9617137599264652,7.003937948596338e-05,0.0022601776931509,32.27009876071101,0.1678692994469566,0.1706480226699268,4.005212226875107,0.3348651111860103,0.8613266992222858,-1.7577805452088882
BBOB_F6,6,1,10,0,0.0699,0.0426999999999999,1.637002341920375,0.1068,0.0710999999999999,1.5021097046413507,0.1149999999999999,0.0840999999999999,1.3674197384066589,0.813313319407778,0.6134826681440453,5.0,0.8654154631481406,0.9248977967651,-0.3559691757882653,,,,,,0.8181818181818182,0.1727416005190934,0.8112144485662988,0.2396391368595543,0.0016349714407942,0.029957997550379,18.323254341266093,0.9115064675946106,0.870528330199265,2.5542505029677702,0.9749220697838572,0.7556703915513736,-3.0970477369535647
BBOB_F3,3,3,2,4,0.1,0.086,1.162790697674419,0.293,0.1224999999999999,2.3918367346938783,0.2314999999999999,0.137,1.68978102189781,2.089084180006075,3.640765997785424,1.0,0.4398204383727781,0.6824821314488437,-0.0678714348399805,0.7826000933943553,-0.2752752752752751,0.0230867799418716,-1.4964964964964964,0.5015015015015015,0.6666666666666666,0.568728284461506,0.498116580916058,0.1476036599257442,0.001951642435774,0.0522270277073179,26.760551395063537,0.497866674771043,0.9083753775232356,39.69613125370324,0.9852096827885516,0.3494388210552601,-3.393354357661887
BBOB_F1,1,0,2,5,0.101,0.039,2.589743589743589,0.188,0.08,2.35,0.1305,0.1065,1.2253521126760565,0.7461945913596539,-0.3925793272435602,1.0,0.7798998649419434,0.757425353388883,-0.0754329614711643,0.6725603014880679,-0.7557557557557554,0.036606951475969,-1.276276276276276,0.3418418418418418,0.6666666666666666,0.6258274932161955,0.7691907066674988,0.2890431911251327,0.0139917047811556,0.0679515065222709,4.8565566230206265,0.7690751562077953,1.0,1.0000000000000018,1.0,0.1423272397026712,-4.473657040716311
BBOB_F1,1,4,10,4,0.0809999999999999,0.0540999999999999,1.497227356746765,0.1392,0.096,1.45,0.1592999999999999,0.1209,1.3176178660049624,0.3455551571350047,-0.0956861309608236,1.0,0.94259229425665,0.9346491082299874,-0.4194372062135604,0.8361069854904305,-1.276276276276276,0.0100693863147602,-1.796796796796797,0.5352070414082817,0.9090909090909092,0.1696498630009766,0.7491837548594302,0.3876835412329755,0.0009514340030115,0.0250657849454952,26.345269210637746,0.7480749370827552,1.0,1.0000000000000429,1.0,0.6461377841257404,-4.485449724351287
BBOB_F1,1,2,2,6,0.058,0.0205,2.829268292682927,0.0705,0.0315,2.238095238095237,0.1159999999999999,0.0699999999999999,1.6571428571428573,0.6009146143857492,-0.337288552018498,1.0,0.7756427718348486,0.756292364073863,-0.0657412298829084,0.6663444930129664,-0.8158158158158154,0.0241759407916913,-1.416416416416416,0.3423423423423423,0.6666666666666666,0.6456271449489469,0.876152181960645,0.2936891777708413,0.0421967713706397,0.0569412765739766,1.34942259145438,0.8760901798111602,1.0,1.0000000000000024,1.0,0.1400212719534694,-4.485685065079945
BBOB_F2,2,1,10,6,0.101,0.0545999999999999,1.84981684981685,0.1833,0.0928,1.9752155172413797,0.0475999999999999,0.0465999999999999,1.0214592274678111,0.9097655922477774,-0.3834539154092122,2.0,0.803215358497113,0.9168135708726992,-0.2966696893945936,0.7836732061811875,-1.016016016016016,0.0076362982612822,-1.7767767767767764,0.5635127025405081,0.8181818181818182,0.1726256351006396,0.8077783781909607,0.2732288914910434,6.286902509238012e-06,0.0774871013872964,12325.163508331234,0.8069284576412186,0.9984152910343032,15287.21832009744,0.9991367168621476,0.8348664163614365,-2.0931830356138743
BBOB_F2,2,0,2,6,0.1,0.064,1.5625,0.25,0.1075,2.325581395348837,0.3195,0.0685,4.664233576642335,1.01189384515503,0.1154605607927345,1.0,0.4246739545900912,0.7398324714916958,-0.0962656231280277,0.6033598276485792,-0.4954954954954953,0.0697981390783066,-1.056056056056056,0.3143143143143143,1.0,0.5057686030485116,0.266872040612924,0.2649688160385285,6.5261821999825e-05,0.0459722518696254,704.4279558996785,0.2665056833584353,0.9989202795670356,56865.64136915885,0.9989349949886152,0.6380569711796552,-1.8879099980498304
BBOB_F7,7,5,10,0,0.1047,0.0531,1.971751412429379,0.1822,0.0832999999999999,2.187274909963986,0.1871,0.0959,1.950990615224192,0.9975105051421632,0.8774070711754951,2.0,0.8727993686957947,0.9268680468778664,-0.3592913320710441,0.8149803740324375,-1.1961961961961962,0.0079965545258923,-1.8768768768768769,0.530506101220244,0.9090909090909092,0.1626342385254014,0.6216790856140757,0.2564052162640707,0.0012391966997912,0.0297990756554803,24.047090877905525,0.8697077603040888,0.7454718662119536,5.32498391862611,0.9943490841238382,0.7815426532038874,-2.7690988243778047
BBOB_F1,1,9,2,0,0.1125,0.0414999999999999,2.7108433734939763,0.1455,0.0834999999999999,1.7425149700598803,0.146,0.0875,1.6685714285714293,0.761444397386125,-0.1282570208636371,1.0,0.7649500044970404,0.7542255413692402,-0.0727162302622876,0.6711131277936087,-0.7757757757757754,0.0241759407916913,-1.396396396396396,0.3508508508508508,0.6666666666666666,0.6240365389795595,0.7590984836828416,0.2672160014523527,0.0334567520494487,0.0543370503398692,1.6240981868042546,0.758977880735916,1.0,1.0000000000000018,1.0,0.1400651094738035,-4.4854564067377805
BBOB_F2,2,0,10,8,0.0979,0.0385,2.5428571428571427,0.0814999999999999,0.0366,2.2267759562841523,0.0220999999999999,0.0212999999999999,1.0375586854460097,0.8181655289845317,-0.6860036483160941,2.0,0.7994352175836019,0.9187503244895232,-0.2883700817575677,0.7447850349547087,-0.9759759759759756,0.0063504251685959,-1.7367367367367363,0.5299059811962392,0.8181818181818182,0.1758101384065821,0.8720141933925512,0.3057647058513442,8.603613683478423e-06,0.0911375816166297,10592.942101949771,0.8714453400836213,0.996810681054274,296049.23873527674,0.996884170083874,0.8575406521038749,-1.8057713259191173
BBOB_F1,1,0,20,6,0.07965,0.0561,1.4197860962566846,0.14715,0.1044,1.4094827586206895,0.17575,0.1383,1.2707881417208966,0.2414925792592945,-0.0551705246326887,1.0,1.0312380944204578,0.9703140335993068,-0.4698090370746143,,,,,,0.9047619047619048,0.0880814731847526,0.7223289358230384,0.4016801728637434,0.0006488920175338,0.0145082502339537,22.35849701017095,0.7202001326035669,1.0,1.000000000000008,1.0,0.782420638894918,-3.9370977233919824
BBOB_F8,8,2,2,0,0.1149999999999999,0.0665,1.7293233082706765,0.052,0.049,1.0612244897959184,0.0099999999999999,0.0099999999999999,1.0,1.5794492905588116,1.4668509124592672,1.0,0.5648442821474263,0.7439548105886203,-0.0630885317147262,0.5268352001614358,-0.4554554554554552,0.0006335804992658,-1.896896896896897,0.3563563563563564,0.6666666666666666,0.6112583862837173,0.6951330542131506,0.1592945297128578,0.0067501328941818,0.066776208426251,9.892576853384194,0.7011731265255501,0.9590973281596916,116.19302869903902,0.999111427065986,0.3581299311351026,-3.348021163464547
BBOB_F2,2,8,2,6,0.1,0.0645,1.550387596899225,0.25,0.107,2.3364485981308407,0.3555,0.0555,6.405405405405404,0.9382969400301452,-0.1482203000426345,1.0,0.4471721514363963,0.7373935968662346,-0.091224211862567,0.5999304477094999,-0.5755755755755754,0.0730909932860291,-1.056056056056056,0.3213213213213213,1.0,0.513328367985097,0.2908706630739732,0.2845957213075361,7.442821215907137e-05,0.0509348554021943,684.3487694334783,0.290515949350742,0.9973048994728652,5679.546972497028,0.9979353032339066,0.6388192947503466,-1.8839336863757308
BBOB_F10,10,4,2,0,0.1025,0.039,2.628205128205128,0.2434999999999999,0.052,4.682692307692307,0.054,0.0555,0.9729729729729728,1.4394884324775776,1.1487137781292611,2.0,0.423618498235626,0.7305710095666352,-0.0567720189638453,0.651764543234582,-0.6756756756756753,0.0159662602210142,-1.5365365365365364,0.3573573573573573,0.6666666666666666,0.6192239914110528,0.734021437324746,0.203753322001494,0.0438644758853909,0.0554385450734881,1.2638597396749476,0.91649003518249,0.8110688129224056,1.6480441412414644,0.9951700152864708,0.5945980360559487,-2.11459362390126
BBOB_F4,4,3,10,0,0.0983,0.0765,1.284967320261438,0.1973,0.1466,1.345839017735334,0.2163,0.1755,1.2324786324786328,1.399856744384277,1.2479072137115574,2.0,0.884121763538473,0.9255873049607688,-0.3693391302506127,0.7946685238359543,-0.9759759759759756,0.0063504251685959,-1.8168168168168168,0.5835167033406682,0.9090909090909092,0.160315764389487,0.5823647611391027,0.2372998565728258,0.0004599644505698,0.0457809310957874,99.53145517892544,0.5805673695671764,0.919312861642698,62.38358404937665,0.9791712907643626,0.7051708918021332,-3.737164022526695
BBOB_F18,18,6,2,0,0.1,0.0755,1.3245033112582782,0.2345,0.1385,1.6931407942238266,0.13,0.1299999999999999,1.0000000000000004,2.5490323315616226,8.309133710815694,3.0,0.3701576612233386,0.6165895404874243,-0.2305004347345949,0.7987519044253645,0.5055055055055053,0.0505479682119124,-0.8958958958958956,0.6541541541541541,0.6666666666666666,0.5687185293617971,0.4984391160909969,0.0959735015515322,0.0044937850774286,0.0313245853324534,6.970646079580046,0.5278551350716304,0.675583871186413,7.501855595886885,0.7429123520665945,0.3212349322468423,-3.540467022986151
BBOB_F3,3,1,2,2,0.1035,0.071,1.4577464788732395,0.2239999999999999,0.096,2.333333333333333,0.1155,0.1159999999999999,0.995689655172414,0.9037995959997714,-0.3360116216953921,1.0,0.4670003234974021,0.6808012851616225,-0.0881652494383857,0.847492141336771,-0.3353353353353351,0.0666536326812491,-0.9959959959959956,0.54004004004004,0.6666666666666666,0.6133466213008135,0.7056881590116892,0.2996593595148904,0.0088869014380172,0.0721979680665443,8.124087857854335,0.7055411173659732,0.9839907784591057,8.836578983395492,0.9912581331932504,0.4009755735205143,-3.124536498223387
BBOB_F7,7,3,2,0,0.0985,0.019,5.18421052631579,0.043,0.0345,1.2463768115942024,0.0169999999999999,0.0169999999999999,1.0,0.8915146258218535,-0.3427481905950382,1.0,0.2905877207890965,0.4955299197048981,-0.0710290144413669,0.8108664915860025,-0.3153153153153152,2.694919395628801e-05,-1.1961961961961962,0.2512512512512512,0.6666666666666666,0.6460049016189929,0.8803112293014107,0.2432239179511804,0.0151379860444624,0.080211397340801,5.298683530636681,0.8979312809791938,0.9805221403600424,25.06432736099914,0.9983574752792548,0.461187225077149,-2.810470001782349
BBOB_F1,1,7,10,7,0.0756,0.0518,1.4594594594594594,0.1357,0.0931999999999999,1.456008583690987,0.159,0.1251999999999999,1.2699680511182112,0.3375736364553301,-0.1023381897566406,1.0,0.9421354148761528,0.9343684756610148,-0.3961022272528977,,,,,,0.9090909090909092,0.1705539046387083,0.7664859004560989,0.415208633260486,0.0001231774409608,0.0247290613372109,200.75966138209915,0.7654535726476133,1.0,1.0000000000000628,1.0,0.6583492665220493,-4.330660690961221
BBOB_F3,3,0,10,2,0.0674,0.0366,1.8415300546448088,0.124,0.0784,1.5816326530612246,0.1702999999999999,0.1199,1.420350291909925,1.1166735729258357,0.892931352350113,2.0,0.882142027139524,0.926100153662954,-0.3667198797507717,0.785268126740867,-1.056056056056056,0.006064329395408,-1.8568568568568569,0.5354070814162832,0.9090909090909092,0.1652314668243709,0.6660549988471827,0.233259360219349,0.0001527049237632,0.0374433006455359,245.20034929317717,0.6645845125347538,0.94830620043692,78.78949122512084,0.993497071096034,0.7236586681320109,-3.5028185978877886
BBOB_F2,2,2,2,5,0.1,0.0365,2.739726027397261,0.2535,0.0495,5.121212121212121,0.0005,0.0005,1.0,0.9329083642730936,-0.4001080774712258,2.0,0.4241499526407443,0.7391429641041081,-0.0617662863156465,0.5850241868856969,-0.5955955955955953,0.0333828586473176,-1.296296296296296,0.3203203203203203,0.6666666666666666,0.6348648411483765,0.8181057982245223,0.2673824619920479,2.644190529119708e-05,0.0897104291349396,3392.736950949056,0.8180149358129547,0.9984451306468828,7290.918182658814,0.9991404860755176,0.6635084891222642,-1.755153814442695
BBOB_F2,2,4,2,3,0.1,0.0394999999999999,2.5316455696202538,0.3299999999999999,0.0475,6.947368421052631,0.0045,0.0085,0.5294117647058822,1.190554444520604,0.2352551072105408,2.0,0.4862673368687326,0.7437438422965659,-0.06363738251778,0.5644645243119117,-0.5355355355355353,0.0333828586473176,-1.316316316316316,0.3208208208208208,0.6666666666666666,0.6220936129282298,0.7501916251743749,0.2431421938931958,4.80721782749183e-05,0.0839476822171461,1746.2841341838246,0.7500667215014707,0.997280110178379,2977.035515839864,0.9989368484625368,0.6300587447937555,-1.9296290818786312
BBOB_F1,1,3,2,3,0.1,0.033,3.0303030303030303,0.1755,0.075,2.339999999999999,0.096,0.087,1.1034482758620692,0.7014925920161403,-0.5513964276634358,1.0,0.7807343247543591,0.7582593008365843,-0.0708865367599614,,,,,,0.6666666666666666,0.6338744887956186,0.8128918667237119,0.3037326743510375,0.0040104345653267,0.0741410609867438,18.487039192148803,0.8127981944521055,1.0,1.0000000000000004,1.0,0.1405026167015986,-4.483174350712926
BBOB_F17,17,0,10,0,0.0944,0.0774999999999999,1.2180645161290324,0.1690999999999999,0.1298,1.3027734976887515,0.1759,0.1306,1.3468606431852987,4.572447239216205,40.7224239907446,4.0,0.8218788075501027,0.9182498195567802,-0.2500701588971333,0.7816802872687717,-1.4564564564564562,0.0009161402457138,-2.6776776776776776,0.5711142228445689,0.9090909090909092,0.1516936424411075,0.4465789116240757,0.0375959394746175,0.0004852131758549,0.0054208318276689,11.172062296364748,0.6846404982921324,0.5378813232575879,19.068275330184427,0.8352078034013818,0.7347505471298574,-3.362221316342737
BBOB_F23,23,9,10,0,0.1,0.1,1.0,0.25,0.25,1.0,0.4913,0.4993999999999999,0.9837805366439728,0.5035478055152817,-0.1226599649540993,1.0,0.5819735784446666,0.8802482505777626,-0.5841431281610479,0.8690888822471396,-0.7957957957957954,0.0220466873523941,-1.396396396396396,0.6644328865773155,0.9090909090909092,0.0955648674962915,0.0016132343351444,0.3626905764477836,1.9636295427421028e-05,0.001625985581619,82.80510891827565,0.0022943278391147,0.0019247443844911,3.254665140680272,0.0015365912721311,1.014656789773501,0.1857850052936598
BBOB_F18,18,4,10,0,0.0967,0.0797999999999999,1.211779448621554,0.183,0.1439,1.271716469770674,0.2292,0.1872,1.2243589743589742,4.7642666648527054,45.210914849889726,4.0,0.8020890967565427,0.9149686062771688,-0.2757544944393926,0.8152042590727336,-1.4764764764764762,0.0014526539259467,-2.557557557557557,0.586117223444689,0.9090909090909092,0.1469546116909232,0.3795073298578506,0.0442960910507944,0.0003886455465978,0.0061721493777124,15.881178703171203,0.623018215012008,0.4601771396326023,5.820319558099025,0.7585318334082084,0.7569955280529159,-3.0802507100630674
BBOB_F2,2,5,10,9,0.0907999999999999,0.0359,2.529247910863509,0.0983,0.0475,2.0694736842105264,0.0387999999999999,0.0362,1.071823204419889,0.9669293777915896,-0.268320584799977,2.0,0.7956925174995387,0.9181809680582964,-0.3002264164367629,0.7650472568518313,-0.9759759759759756,0.0057911226476417,-1.796796796796797,0.533506701340268,0.8181818181818182,0.1735237102629307,0.8255637905418376,0.2812920896670975,2.54167395657718e-06,0.0790985294078703,31120.643622752745,0.8247906860498682,0.9982413519502052,57040.48559917655,0.998630444724814,0.8477948957385231,-1.929305566766395
BBOB_F1,1,7,2,1,0.1,0.086,1.162790697674419,0.25,0.1605,1.557632398753894,0.462,0.0725,6.372413793103448,0.4683001214384852,-0.3961250395360629,1.0,0.7724215718636989,0.7568921434362924,-0.1233746688004439,0.7001160746524183,-0.6156156156156153,0.0505479682119124,-1.1761761761761762,0.3503503503503503,1.0,0.3771392134160164,0.0163608058812431,0.3269218144768705,0.0029656815349662,0.0090079722201765,3.037403751539013,0.0158683648732506,1.0,1.0000000000000009,1.0,0.1403192877153706,-4.4841306023836935
BBOB_F2,2,9,2,6,0.1,0.0669999999999999,1.492537313432836,0.25,0.113,2.2123893805309733,0.4945,0.0645,7.666666666666665,0.6389580777571676,-0.8693064761450122,2.0,0.390200062713736,0.7365136205236091,-0.1048901634674794,0.6032285372762881,-0.4554554554554552,0.1009262190987048,-0.9559559559559556,0.3078078078078078,1.0,0.357119076563244,0.0040934201528528,0.3333208114178385,6.811155627049279e-05,0.007329040028678,107.60347333089992,0.003594958479701,0.9984268256116958,14324.8171743414,0.9984352706631668,0.6576512269029281,-1.7857055395059596
BBOB_F3,3,5,2,2,0.103,0.0665,1.5488721804511278,0.2575,0.0975,2.6410256410256414,0.2755,0.0995,2.768844221105528,0.6549100878775616,-0.6787356921300685,1.0,0.4558506953102163,0.6776152371920607,-0.1085566260182332,0.831958391726732,-0.2552552552552551,0.0920373199661822,-0.9159159159159156,0.54004004004004,1.0,0.5223237090641032,0.321267384847415,0.3407112670989293,0.016608715085597,0.0448168264880836,2.6983921547879577,0.3209300181791581,0.9538628836804368,11.829038555653533,0.985815467382449,0.3158093981284201,-3.5687668361924274
BBOB_F3,3,0,2,5,0.1,0.0784999999999999,1.2738853503184715,0.272,0.1275,2.1333333333333333,0.4665,0.0625,7.464,1.7449886811836477,3.113833986243568,1.0,0.4603358290221734,0.680162296262363,-0.108286082306412,0.8110733085247028,-0.2152152152152151,0.0554298551568466,-1.1161161161161162,0.5435435435435435,1.0,0.4348736042531709,0.0920997064983053,0.2093245115188073,0.0069529583135221,0.0193094790414217,2.777160191492683,0.0916453533921822,0.8777507992660738,19.094124832265887,0.9676405666264952,0.3295305601478374,-3.4971966803981647
BBOB_F19,19,1,10,0,0.1,0.0892999999999999,1.1198208286674134,0.25,0.1896,1.318565400843882,0.4332,0.1921,2.255075481520042,1.854512532560227,5.786811126419456,3.0,0.9122314550683464,0.9319413307212326,-0.4401669428546177,0.8184725741800463,-1.1761761761761762,0.0066500180304311,-1.916916916916917,0.5645129025805161,0.9090909090909092,0.1094763179236027,0.0408136780301544,0.1414235615035789,0.00027717560858,0.0051876407721804,18.716079667890984,0.1540773525665101,0.5411971745523192,1.4041694481949143,0.6871253229931082,0.725120558659566,-3.484288118594728
BBOB_F1,1,7,10,4,0.0756,0.0518,1.4594594594594594,0.1357,0.0931999999999999,1.456008583690987,0.159,0.1251999999999999,1.2699680511182112,0.3375736364553301,-0.1023381897566406,1.0,0.9421354148761528,0.9343684756610148,-0.3961022272528977,0.8361939582070291,-1.256256256256256,0.0091825428356562,-1.8168168168168168,0.5356071214242849,0.9090909090909092,0.1705539046387083,0.7664859004560989,0.415208633260486,0.0001231774409608,0.0247290613372109,200.75966138209915,0.7654535726476133,1.0,1.0000000000000628,1.0,0.6583492665220493,-4.330660690961221
BBOB_F3,3,1,10,6,0.1022,0.0701,1.4579172610556346,0.2081,0.1252,1.662140575079872,0.2672,0.153,1.74640522875817,1.1188544433064889,1.4932755457062257,1.0,0.9072223465527396,0.9297351888479188,-0.4202107402914828,0.8293030548102417,-1.016016016016016,0.0083738065352664,-1.836836836836837,0.5613122624524906,0.9090909090909092,0.1487359299772012,0.402718869111036,0.2817783695551386,0.0010743789935812,0.01930601619073,17.96946543637987,0.4001035656970031,0.9199302965914744,20.37524692491768,0.977810707491706,0.7008750184899584,-3.7916172048658616
BBOB_F14,14,4,10,0,0.0965,0.0573,1.6841186736474694,0.1833999999999999,0.0969,1.8926728586171309,0.2223,0.1217,1.8266228430566969,2.985681929097315,16.34254843598091,5.0,0.8851089110389544,0.926808543952082,-0.3003528755152383,0.7869312566097286,-1.416416416416416,0.0018292045048462,-2.397397397397397,0.534006801360272,0.9090909090909092,0.1504228090173171,0.4278091556468355,0.0661978319466063,3.5316328829805696e-05,0.0089634384324596,253.8043655572398,0.7697646747462549,0.5175146818596946,7.418608663522448,0.8795660334012566,0.7172661519185382,-3.583848187375864
BBOB_F10,10,6,2,0,0.1,0.0414999999999999,2.409638554216868,0.359,0.0609999999999999,5.885245901639347,0.0834999999999999,0.091,0.9175824175824177,1.0637903774666029,0.0313797449592336,2.0,0.3756791314648776,0.736727501859209,-0.0671345654529825,0.5847442523184485,-0.6556556556556553,0.0318789129267764,-1.296296296296296,0.3233233233233233,0.6666666666666666,0.6209685112355766,0.7447573331124009,0.2190135005597213,0.0107659613364577,0.0701276625125167,6.513831911604306,0.7739233273668504,0.9686572429222507,37.78980625834081,0.9990228462827366,0.6667234421917558,-1.7383844845762346
BBOB_F1,1,1,20,6,0.07965,0.0573999999999999,1.387630662020906,0.1419,0.10265,1.382367267413541,0.1722,0.13125,1.3119999999999998,0.2406714279169395,-0.0510375018828166,2.0,,,,,,,,,0.9047619047619048,0.0882835250266384,,,,,,,,,,,
BBOB_F2,2,4,2,6,0.1,0.0394999999999999,2.5316455696202538,0.3299999999999999,0.0475,6.947368421052631,0.0045,0.0085,0.5294117647058822,1.190554444520604,0.2352551072105408,2.0,0.4862673368687326,0.7437438422965659,-0.06363738251778,0.5727772748996082,-0.5355355355355353,0.0201049641626049,-1.316316316316316,0.3213213213213213,0.6666666666666666,0.6220936129282297,0.7501916251743749,0.2431421938931958,4.80721782749183e-05,0.0839476822171461,1746.2841341838246,0.7500667215014707,0.997280110178379,2977.035515839864,0.9989368484625368,0.6300587447937555,-1.9296290818786312
BBOB_F2,2,9,2,2,0.1,0.0669999999999999,1.492537313432836,0.25,0.113,2.2123893805309733,0.4945,0.0645,7.666666666666665,0.6389580777571676,-0.8693064761450122,2.0,0.390200062713736,0.7365136205236091,-0.1048901634674794,0.6093852140990001,-0.4554554554554552,0.0920373199661822,-0.9759759759759756,0.3193193193193193,1.0,0.3571190765632435,0.0040934201528528,0.3333208114178385,6.811155627049279e-05,0.007329040028678,107.60347333089992,0.003594958479701,0.9984268256116958,14324.8171743414,0.9984352706631668,0.6576512269029281,-1.7857055395059596
BBOB_F2,2,9,10,9,0.1093,0.0548999999999999,1.9908925318761383,0.2343,0.0979,2.393258426966292,0.1820999999999999,0.1273,1.430479183032207,1.1671624943122043,0.5271952924788903,1.0,0.8089280694840091,0.9191217902141832,-0.3407834955821566,0.8088930592793416,-0.9759759759759756,0.009615746001432,-1.7167167167167163,0.5574114822964593,0.9090909090909092,0.1627040930853699,0.6234357470861417,0.2526744894426019,2.4284364778062208e-06,0.0563889315375144,23220.2621122108,0.6217727686605152,0.9975894190280165,36654.755671644685,0.9985629034440012,0.825976346749711,-2.205870851663576
BBOB_F1,1,4,2,7,0.1,0.0784999999999999,1.2738853503184715,0.2805000000000001,0.1305,2.149425287356322,0.284,0.16,1.775,0.7911627119982504,0.0807121432683906,1.0,0.7659481772868564,0.7559876970341503,-0.1010920081964333,0.7042501973204355,-0.6756756756756753,0.038333951017666,-1.2362362362362362,0.3598598598598598,1.0,0.5407462332259892,0.3868747857872667,0.281731214197688,0.0079966144479521,0.0428445433943606,5.357835328090993,0.386567835840256,1.0,1.000000000000001,1.0,0.1402656581302152,-4.484410336546101
BBOB_F2,2,4,2,8,0.1,0.0394999999999999,2.5316455696202538,0.3299999999999999,0.0475,6.947368421052631,0.0045,0.0085,0.5294117647058822,1.190554444520604,0.2352551072105408,2.0,0.4862673368687326,0.7437438422965659,-0.06363738251778,0.5756222080507704,-0.5355355355355353,0.036606951475969,-1.336336336336336,0.3248248248248248,0.6666666666666666,0.6220936129282303,0.7501916251743749,0.2431421938931958,4.80721782749183e-05,0.0839476822171461,1746.2841341838246,0.7500667215014707,0.997280110178379,2977.035515839864,0.9989368484625368,0.6300587447937555,-1.9296290818786312
BBOB_F11,11,8,2,0,0.1,0.0485,2.061855670103093,0.262,0.0814999999999999,3.2147239263803686,0.2614999999999999,0.064,4.085937499999998,1.5773389884533733,2.237424842306466,1.0,0.3456639041291518,0.7259282426520764,-0.0675629569252979,0.6603743198081998,-0.6956956956956954,0.0159662602210142,-1.5565565565565564,0.3788788788788789,1.0,0.5352930308799674,0.3656992203169152,0.1579637206304303,0.0209801045753833,0.0320460600105638,1.527449965533754,0.778359097913317,0.5845745348486269,2.2929240117916865,0.998563443098179,0.7212433991843488,-1.4540061053737636
BBOB_F2,2,5,10,4,0.0907999999999999,0.0359,2.529247910863509,0.0983,0.0475,2.0694736842105264,0.0387999999999999,0.0362,1.071823204419889,0.9669293777915896,-0.268320584799977,2.0,0.7956925174995387,0.9181809680582964,-0.3002264164367629,0.7691571690577529,-0.9759759759759756,0.0057911226476417,-1.7767767767767764,0.5443088617723545,0.8181818181818182,0.1735237102629307,0.8255637905418376,0.2812920896670975,2.54167395657718e-06,0.0790985294078703,31120.643622752745,0.8247906860498682,0.9982413519502052,57040.48559917655,0.998630444724814,0.8477948957385231,-1.929305566766395
BBOB_F3,3,5,2,6,0.103,0.0665,1.5488721804511278,0.2575,0.0975,2.6410256410256414,0.2755,0.0995,2.768844221105528,0.6549100878775616,-0.6787356921300685,1.0,0.4558506953102163,0.6776152371920607,-0.1085566260182332,0.8316231490140895,-0.2552552552552551,0.0765391938823014,-0.8958958958958956,0.5305305305305306,1.0,0.5223237090641036,0.321267384847415,0.3407112670989293,0.016608715085597,0.0448168264880836,2.6983921547879577,0.3209300181791581,0.9538628836804368,11.829038555653533,0.985815467382449,0.3158093981284201,-3.5687668361924274
BBOB_F9,9,9,10,0,0.1,0.0925,1.0810810810810811,0.25,0.1903999999999999,1.3130252100840336,0.4235,0.1911999999999999,2.2149581589958163,2.06832992011742,8.929247677976164,2.0,0.93645324977996,0.9336118956132012,-0.4499227426277373,0.827856728754838,-1.276276276276276,0.0045989920905224,-2.037037037037037,0.5726145229045809,0.9090909090909092,0.1105088017893634,0.0454954328291523,0.1050228899771633,1.0122020826719253e-05,0.004305406250922,425.3504635711632,0.1639088474292336,0.5656386600656113,1.695296671237838,0.7268785505034159,0.6954522300602919,-3.860354820174601
BBOB_F5,5,1,2,0,0.0625,0.007,8.928571428571427,0.043,0.0085,5.058823529411764,0.0075,0.0075,1.0,0.0009530127956831,-1.1785813986402067,4.0,0.6549887537806304,0.7490904132475963,-0.0579958083759865,,,,,,0.6666666666666666,0.6667231011802507,1.0,0.5006877739687029,0.009263157100836,0.0926315710083606,10.00000000000004,1.0,1.0,27.428571428571427,1.0,0.3545574713261859,-3.366655263457761
BBOB_F11,11,8,10,0,0.1281,0.0220999999999999,5.796380090497737,0.0184,0.0246,0.7479674796747967,0.0328,0.0332,0.9879518072289156,1.1747460149707982,1.396616710113081,4.0,0.7359556969570424,0.9111893647594425,-0.2937531211425885,0.7547929824468305,-1.336336336336336,0.0048159579101923,-2.077077077077077,0.5252050410082016,0.8181818181818182,0.1753403870857598,0.8632091882700363,0.1251899384209945,0.0008597661940045,0.0306817861139045,35.6861973962899,0.962356864056718,0.8891442489130119,294.252955717076,0.9897183056924664,0.9011419214685517,-1.253094908715397
BBOB_F6,6,5,10,0,0.0779,0.0544999999999999,1.4293577981651375,0.1553,0.1034,1.501934235976789,0.2075,0.1333,1.5566391597899474,1.0340032943330046,1.2103523026827334,5.0,0.8769581213703234,0.9273057598577816,-0.3668776627801549,0.8106466738047295,-1.1161161161161162,0.0076362982612822,-1.8168168168168168,0.5399079815963193,0.9090909090909092,0.1600662565777597,0.5766620071032083,0.2210190775023962,0.0020213547784969,0.0247940371403066,12.266049188427278,0.7500605347290608,0.7262726920153781,2.984179224534329,0.9279466722726736,0.7579951039792752,-3.0675803899152125
BBOB_F2,2,6,2,4,0.1,0.055,1.818181818181818,0.3184999999999999,0.0839999999999999,3.7916666666666665,0.1965,0.1589999999999999,1.235849056603774,1.045334811926629,-0.1368045923893994,2.0,0.2708242864509762,0.7295593038175593,-0.0735276982683075,0.5944237316242557,-0.6156156156156153,0.0636507908129557,-1.1561561561561562,0.3098098098098098,0.6666666666666666,0.5960266491859737,0.6206863567466289,0.2681462814893126,5.918768080786691e-05,0.076641358559007,1294.8870020401323,0.6204966396376408,0.996865266569142,11810.907674938113,0.9986188372108376,0.6298064308460362,-1.930945161997923
BBOB_F2,2,2,10,9,0.1,0.0778,1.2853470437017998,0.3395,0.1064,3.1907894736842106,0.1731999999999999,0.1478,1.1718538565629228,1.0078796545904791,-0.1501056489131436,2.0,0.8112104812571663,0.918376889775676,-0.3375407422908237,0.8127219370558624,-0.9759759759759756,0.0115628013120737,-1.6366366366366365,0.5615123024604921,0.9090909090909092,0.1626865491687308,0.623021273598219,0.2825579844420591,1.119875241971293e-05,0.0673672188163437,6015.600335780142,0.6213488883092704,0.9969232293411354,23170.10396158673,0.9986787366858556,0.844864904069436,-1.9664452492046236
BBOB_F1,1,9,10,2,0.0722,0.0457,1.5798687089715535,0.1201,0.0819999999999999,1.4646341463414638,0.1455,0.1133,1.2842012356575463,0.3193655572357252,-0.0472821624481474,2.0,0.9372676789167116,0.9330489728179192,-0.3952103422675027,0.8342519608241887,-1.316316316316316,0.0083738065352664,-1.8768768768768769,0.5349069813962792,0.9090909090909092,0.1723177899754768,0.8009469324071399,0.3694888756750541,0.0075407722433881,0.0168921487019184,2.240108593218642,0.8000669512092515,1.0,1.0000000000000588,1.0,0.6598842108633476,-4.31120420376447
BBOB_F5,5,4,2,0,0.063,0.009,7.000000000000002,0.044,0.009,4.888888888888888,0.0075,0.0075,1.0,-0.0009530127956803,-1.178581398640207,4.0,0.6687988648989492,0.7507053572889755,-0.0598151035198644,0.7288137032850412,-1.016016016016016,0.0554298551568466,-1.1961961961961962,0.3088088088088088,0.6666666666666666,0.6667231011802514,1.0,0.4993122260312967,0.009263157100836,0.0926315710083606,10.000000000000046,1.0,1.0,inf,1.0,0.3419536383686913,-3.4323973840665123
BBOB_F2,2,8,10,2,0.0854999999999999,0.0374,2.286096256684492,0.0784,0.0481,1.62993762993763,0.0196,0.0175,1.12,0.7739559873538836,-0.7931845738561498,2.0,0.8076413070884463,0.9190977868183778,-0.2878622456354233,0.7371190970620531,-0.9759759759759756,0.006064329395408,-1.7367367367367363,0.5282056411282257,0.8181818181818182,0.1763123880324686,0.8824423477104572,0.3172132191577292,9.701860408689589e-06,0.094047570565716,9693.766618357158,0.8819194097705607,0.9959778722682822,603005.5868919559,0.9962957010079624,0.845212464868176,-1.962039674325565
BBOB_F1,1,8,2,4,0.1275,0.0355,3.5915492957746484,0.102,0.0545,1.8715596330275228,0.1425,0.0824999999999999,1.7272727272727275,0.7269312736312639,-0.1213859971582604,1.0,0.768834995153707,0.7534473675485805,-0.0711831766428276,0.6737160194399069,-0.7757757757757754,0.0265108360190853,-1.416416416416416,0.3603603603603603,0.6666666666666666,0.6306998956261151,,,,,,,,,,0.1388923265685892,-4.491573691492545
BBOB_F23,23,5,2,0,0.1,0.1,1.0,0.25,0.25,1.0,0.507,0.517,0.9806576402321084,0.010660551476827,-1.070738032454298,2.0,0.1644705028651613,0.5439929004473172,-0.6707526511921325,0.8925793686681045,1.0260260260260257,0.9224970052592174,0.2052052052052051,0.6651651651651652,1.0,0.3411294877975764,-0.0004344568697374,0.5163926802969739,0.0013048686885227,0.0017324990500824,1.327719076502495,-0.0009094107004425,-0.0007619067976358,1.000937902045674,-0.0030477564694382,1.003326007563256,0.0173485947573723
BBOB_F3,3,5,2,7,0.103,0.0665,1.5488721804511278,0.2575,0.0975,2.6410256410256414,0.2755,0.0995,2.768844221105528,0.6549100878775616,-0.6787356921300685,1.0,0.4558506953102163,0.6776152371920607,-0.1085566260182332,0.8240831876351787,-0.2552552552552551,0.0765391938823014,-0.8958958958958956,0.525025025025025,1.0,0.5223237090641034,0.321267384847415,0.3407112670989293,0.016608715085597,0.0448168264880836,2.6983921547879577,0.3209300181791581,0.9538628836804368,11.829038555653533,0.985815467382449,0.3158093981284201,-3.5687668361924274
BBOB_F3,3,3,2,0,0.1,0.086,1.162790697674419,0.293,0.1224999999999999,2.3918367346938783,0.2314999999999999,0.137,1.68978102189781,2.089084180006075,3.640765997785424,1.0,0.4398204383727781,0.6824821314488437,-0.0678714348399805,0.7854571546170087,-0.2752752752752751,0.0230867799418716,-1.4964964964964964,0.5025025025025025,0.6666666666666666,0.5687282844615064,0.498116580916058,0.1476036599257442,0.001951642435774,0.0522270277073179,26.760551395063537,0.497866674771043,0.9083753775232356,39.69613125370324,0.9852096827885516,0.3494388210552601,-3.393354357661887
BBOB_F24,24,0,2,0,0.1,0.101,0.99009900990099,0.2314999999999999,0.2225,1.040449438202247,0.293,0.2425,1.2082474226804123,0.6137668315143098,0.2665527571684212,1.0,0.2335076281972614,0.5859769020390444,-0.4045086933414801,,,,,,1.0,0.5387567376523922,0.3800133451338755,0.3525042402805445,0.0250660371256884,0.0259365625294388,1.0347292792787832,0.3893235983476683,0.5931194705354756,1.029039721568994,0.6541594376210086,0.7190710329378717,-1.4653372587033826
BBOB_F24,24,3,2,0,0.1,0.1,1.0,0.2355,0.224,1.0513392857142856,0.298,0.2429999999999999,1.226337448559671,0.551798124615855,0.1928614379847721,1.0,0.2408165168054517,0.5865616779014672,-0.4048817325825976,0.8781657329347143,0.5655655655655653,0.3345989120549975,-0.2552552552552551,0.6651651651651652,1.0,0.5391420521382191,0.3797489421917777,0.3691870553935654,0.0258513450012066,0.0266193666863979,1.0297091576920072,0.386520911405612,0.5870507867364811,1.003964464758152,0.6353414524190346,0.6638914440906631,-1.753156305287734
BBOB_F2,2,7,2,2,0.1,0.0465,2.1505376344086025,0.4004999999999999,0.066,6.068181818181816,0.072,0.087,0.8275862068965517,1.253892012358477,0.4595664107755852,1.0,0.3016168127037359,0.732200523887074,-0.0689459222231201,0.5881958680322061,-0.5155155155155153,0.0440193518520887,-1.276276276276276,0.3123123123123123,0.6666666666666666,0.6118275760758136,0.6977282542425641,0.2346448674075192,5.109980842596728e-05,0.0777484336895175,1521.5014710311173,0.6975770772112284,0.9970140616598446,2538.881630404386,0.9986479595096168,0.6790923372260574,-1.6738678100150637
BBOB_F2,2,9,10,8,0.1093,0.0548999999999999,1.9908925318761383,0.2343,0.0979,2.393258426966292,0.1820999999999999,0.1273,1.430479183032207,1.1671624943122043,0.5271952924788903,1.0,0.8089280694840091,0.9191217902141832,-0.3407834955821566,0.8105858669940132,-0.9759759759759756,0.009615746001432,-1.7167167167167163,0.5566113222644529,0.9090909090909092,0.1627040930853697,0.6234357470861417,0.2526744894426019,2.4284364778062208e-06,0.0563889315375144,23220.2621122108,0.6217727686605152,0.9975894190280165,36654.755671644685,0.9985629034440012,0.825976346749711,-2.205870851663576
BBOB_F2,2,2,10,8,0.1,0.0778,1.2853470437017998,0.3395,0.1064,3.1907894736842106,0.1731999999999999,0.1478,1.1718538565629228,1.0078796545904791,-0.1501056489131436,2.0,0.8112104812571663,0.918376889775676,-0.3375407422908237,0.8104352334664038,-0.9759759759759756,0.0132777082935542,-1.6166166166166165,0.5640128025605121,0.9090909090909092,0.1626865491687306,0.623021273598219,0.2825579844420591,1.119875241971293e-05,0.0673672188163437,6015.600335780142,0.6213488883092704,0.9969232293411354,23170.10396158673,0.9986787366858556,0.844864904069436,-1.9664452492046236
BBOB_F7,7,0,2,0,0.1005,0.039,2.576923076923077,0.2334999999999999,0.05,4.669999999999999,0.0685,0.0675,1.0148148148148148,1.5201904824333594,1.781521792469403,1.0,0.335949623819433,0.5094731797483592,-0.0736018674435931,0.7741272280036997,-0.3953953953953952,0.00031017503588,-1.256256256256256,0.2147147147147147,0.6666666666666666,0.6184379121585266,0.7300069807230405,0.1775271550090814,0.0363552083442852,0.049277506968321,1.3554455939754533,0.9111819090884012,0.8173171748318622,1.8287180789500512,0.9984338994961152,0.5229661899774083,-2.488228333295176
BBOB_F2,2,3,10,6,0.0878999999999999,0.0354,2.4830508474576267,0.0775999999999999,0.0358,2.1675977653631278,0.0294,0.028,1.05,0.8296671022497943,-0.3855765314760639,1.0,0.7956305836927411,0.9179831669934368,-0.30453423582119,0.7431388971387034,-1.036036036036036,0.0076362982612822,-1.7567567567567566,0.528505701140228,0.8181818181818182,0.1759739344117477,0.8754088532927307,0.2796502182682284,5.613029362266757e-06,0.0776490726991428,13833.71931405418,0.8748590846711828,0.9982307831533848,56292.97128658904,0.9983354723237988,0.8498471235933118,-1.9032921512260383
BBOB_F24,24,9,10,0,0.0998,0.088,1.1340909090909093,0.2283,0.1766,1.2927519818799549,0.3315,0.1537,2.156798959011061,0.2290758908488005,-0.0837214215753112,1.0,0.9173208222900978,0.9307889332274282,-0.5376128886741175,0.8567774257410685,-1.1161161161161162,0.0121082975023203,-1.6766766766766763,0.589617923584717,0.9090909090909092,0.1282445882435879,0.1673308609940015,0.3951609470500254,0.0062001487079179,0.0066925808898588,1.0794226405105425,0.3017322026607018,0.7307791428004696,1.054282090598529,0.8704693686909546,0.7025416784084736,-3.770491131109664
BBOB_F2,2,4,2,2,0.1,0.0394999999999999,2.5316455696202538,0.3299999999999999,0.0475,6.947368421052631,0.0045,0.0085,0.5294117647058822,1.190554444520604,0.2352551072105408,2.0,0.4862673368687326,0.7437438422965659,-0.06363738251778,0.5605949610426801,-0.5355355355355353,0.0333828586473176,-1.316316316316316,0.3163163163163163,0.6666666666666666,0.6220936129282296,0.7501916251743749,0.2431421938931958,4.80721782749183e-05,0.0839476822171461,1746.2841341838246,0.7500667215014707,0.997280110178379,2977.035515839864,0.9989368484625368,0.6300587447937555,-1.9296290818786312
BBOB_F4,4,1,2,0,0.1,0.0814999999999999,1.226993865030675,0.292,0.1045,2.7942583732057416,0.146,0.1085,1.345622119815668,1.4808160073199177,2.302697345308835,1.0,0.4694906376017204,0.6842732443482233,-0.0901493569059738,0.8241481423884887,-0.3153153153153152,0.0333828586473176,-1.296296296296296,0.5285285285285285,0.6666666666666666,0.5685809687174534,0.4985354558498752,0.181893216338756,0.0239265189116609,0.0337010430290664,1.408522616829215,0.4982847192260815,0.8326851928230266,1.545424857502423,0.950782331103438,0.2902150266987852,-3.702268149571205
BBOB_F2,2,5,2,4,0.1,0.0115,8.695652173913045,0.0445,0.001,44.5,0.0005,0.0005,1.0,0.7051569896968048,-0.9599236634690452,2.0,0.2622009366650898,0.7289130639635922,-0.0508211809621445,0.5498019896049794,-0.6156156156156153,0.0401424249049932,-1.296296296296296,0.3263263263263263,0.6666666666666666,0.6502184982064437,0.9036472641959444,0.330428665197276,1.8429311522566924e-05,0.1092649234510054,5928.866269215165,0.903599045119718,0.9943123396131672,1301.0439180648568,0.9955653662709522,0.6325260500025945,-1.9167595145680256
BBOB_F3,3,2,2,9,0.1,0.0865,1.1560693641618498,0.2885,0.1295,2.227799227799228,0.258,0.1129999999999999,2.283185840707965,2.079071309700508,3.5670250758663986,1.0,0.4130756942549872,0.6857206287561284,-0.069388997724139,0.7733144357266498,-0.2752752752752751,0.0220466873523941,-1.4564564564564562,0.498998998998999,1.0,0.5647698142409464,0.4816276172946357,0.1485843323374657,0.002133870584963,0.0513976726938429,24.086593187061546,0.4813697334165866,0.909128386000093,41.61135682782586,0.98597479256847,0.3578865570711678,-3.3492906127755786
BBOB_F1,1,9,10,4,0.0722,0.0457,1.5798687089715535,0.1201,0.0819999999999999,1.4646341463414638,0.1455,0.1133,1.2842012356575463,0.3193655572357252,-0.0472821624481474,2.0,0.9372676789167116,0.9330489728179192,-0.3952103422675027,0.835264330734598,-1.316316316316316,0.0076362982612822,-1.8768768768768769,0.5379075815163032,0.9090909090909092,0.1723177899754767,0.8009469324071399,0.3694888756750541,0.0075407722433881,0.0168921487019184,2.240108593218642,0.8000669512092515,1.0,1.0000000000000588,1.0,0.6598842108633476,-4.31120420376447
BBOB_F11,11,3,10,0,0.1002,0.0426999999999999,2.346604215456675,0.3538,0.0722,4.9002770083102485,0.1172,0.0482999999999999,2.426501035196688,2.04419235071585,4.384537715812662,4.0,0.7023837012849832,0.9084897623638236,-0.2708532629122123,0.7596247232624385,-1.1961961961961962,0.0029004304938639,-2.077077077077077,0.5502100420084017,0.9090909090909092,0.156548180536043,0.5207925297267115,0.0950713970902612,0.0010220272489744,0.0192752574501005,18.85982733771713,0.9400036527515168,0.573834107133407,81.24327070164951,0.9937915905241672,0.9487348654259272,-0.649821239535262
BBOB_F16,16,4,10,0,0.1,0.1,1.0,0.25,0.25,1.0,0.5134000000000001,0.5025000000000001,1.0216915422885573,,,,0.5802449601052652,0.879706204640782,-0.5640260674702349,0.86660307445356,-0.9559559559559556,0.0139041083409006,-1.5965965965965965,0.6695339067813563,0.9090909090909092,0.0924952730971839,,,,,,,,,,1.00943072243577,0.1195409666597182
BBOB_F1,1,2,10,2,0.0665999999999999,0.0423999999999999,1.5707547169811322,0.1072999999999999,0.0781999999999999,1.3721227621483376,0.1271,0.1021,1.2448579823702253,0.2988421400884995,-0.064778980086543,2.0,0.9304465021453292,0.932938273182003,-0.3919737945103332,0.8318739685304908,-1.316316316316316,0.0076362982612822,-1.8768768768768769,0.5311062212442489,0.8181818181818182,0.1743650103848261,0.8424592138260633,0.3788562522216504,0.0028504018348171,0.0184841537646807,6.48475367188593,0.8417627516644393,1.0,1.000000000000041,1.0,0.6726658417673235,-4.149188141457975
BBOB_F15,15,4,10,0,0.0977,0.0603,1.6202321724709785,0.175,0.1041,1.6810758885686838,0.1764,0.1236,1.4271844660194175,1.9300522501788495,7.693311235291956,4.0,0.9070098786339816,0.9293936476275926,-0.3347975774488766,0.8177985181145797,-1.416416416416416,0.0029004304938639,-2.277277277277277,0.54250850170034,0.9090909090909092,0.1595838998290084,0.5705393258216513,0.108119930375153,0.0001824642424953,0.0128787455461117,70.58229804364159,0.7246644993226425,0.7353328431979342,2.890934913087415,0.9140801520051568,0.696769341368581,-3.843659518190721
BBOB_F15,15,9,2,0,0.1,0.1,1.0,0.25,0.1569999999999999,1.5923566878980897,0.4175,0.0895,4.664804469273743,4.34387447098688,25.547749773352223,7.0,0.3997429057018148,0.6543356300024281,-0.0653398119438943,0.8256928625635525,-0.5955955955955953,0.0145600599502064,-1.6366366366366365,0.5370370370370371,1.0,0.4323514283130773,0.0870144127723726,0.062770900755739,0.005791662147804,0.007726639077325,1.3340969967066645,0.5028995484605006,0.3489264784170875,1.2160240141646537,0.9580818844048627,0.3613877833825141,-3.331028069689255
BBOB_F17,17,7,10,0,0.0960999999999999,0.0818999999999999,1.1733821733821734,0.1748,0.1401,1.24768022840828,0.1992,0.1495,1.3324414715719062,3.820726213257975,34.31025736265908,3.0,0.8014169143479399,0.9155523244471272,-0.3044627167812086,0.8212278988925793,-1.4764764764764762,0.0015929502125721,-2.517517517517517,0.5873174634926985,0.9090909090909092,0.1505087061536147,0.4292071745627528,0.0525602688088416,0.0006132857948822,0.0063573205184409,10.365999948949758,0.6720594173439541,0.5091423641047961,5.754307041261316,0.7961084640412939,0.7419336773754917,-3.2711701440646888
BBOB_F1,1,0,2,7,0.101,0.039,2.589743589743589,0.188,0.08,2.35,0.1305,0.1065,1.2253521126760565,0.7461945913596539,-0.3925793272435602,1.0,0.7798998649419434,0.757425353388883,-0.0754329614711643,0.6751256508616295,-0.7557557557557554,0.0349577557436327,-1.296296296296296,0.3523523523523523,0.6666666666666666,0.625827493216195,0.7691907066674988,0.2890431911251327,0.0139917047811556,0.0679515065222709,4.8565566230206265,0.7690751562077953,1.0,1.0000000000000018,1.0,0.1423272397026712,-4.473657040716311
BBOB_F3,3,4,2,3,0.1095,0.063,1.7380952380952377,0.21,0.1015,2.0689655172413794,0.011,0.0104999999999999,1.0476190476190477,2.039494770378074,3.291836155068098,1.0,0.4753840744831474,0.6973040685951131,-0.0577384909454084,0.7113655823337446,-0.3153153153153152,0.0087688560945874,-1.8568568568568569,0.4654654654654654,0.6666666666666666,0.5867652141275242,0.5776644819086751,0.1436689975345291,0.0010698720035241,0.0610161802964658,57.031289813622976,0.5774537626271947,0.9045267297320986,114.12799692578288,0.9847431348522132,0.3194096591342478,-3.549987723991693
BBOB_F3,3,1,10,1,0.1022,0.0701,1.4579172610556346,0.2081,0.1252,1.662140575079872,0.2672,0.153,1.74640522875817,1.1188544433064889,1.4932755457062257,1.0,0.9072223465527396,0.9297351888479188,-0.4202107402914828,0.8284696076582765,-1.016016016016016,0.0087688560945874,-1.836836836836837,0.5606121224244849,0.9090909090909092,0.1487359299772013,0.402718869111036,0.2817783695551386,0.0010743789935812,0.01930601619073,17.96946543637987,0.4001035656970031,0.9199302965914744,20.37524692491768,0.977810707491706,0.7008750184899584,-3.7916172048658616
BBOB_F1,1,1,10,9,0.0964,0.0655,1.4717557251908395,0.1839,0.1241,1.4818694601128122,0.213,0.1497,1.4228456913827654,0.3716013159145216,-0.0261531130090153,1.0,0.9590675068792924,0.936693686306131,-0.4540226046393324,0.8445752154988104,-1.2162162162162162,0.0105444279352616,-1.7767767767767764,0.5606121224244849,0.9090909090909092,0.1612822035632213,0.5993281708421077,0.3774554365136944,0.0009379808413524,0.0242602677344781,25.86435315618816,0.5975568659310794,1.0,1.0000000000000104,1.0,0.6312313780714917,-4.674398789630574
BBOB_F2,2,1,10,3,0.101,0.0545999999999999,1.84981684981685,0.1833,0.0928,1.9752155172413797,0.0475999999999999,0.0465999999999999,1.0214592274678111,0.9097655922477774,-0.3834539154092122,2.0,0.803215358497113,0.9168135708726992,-0.2966696893945936,0.7866369994896595,-1.016016016016016,0.0079965545258923,-1.7767767767767764,0.5644128825765153,0.8181818181818182,0.1726256351006401,0.8077783781909607,0.2732288914910434,6.286902509238012e-06,0.0774871013872964,12325.163508331234,0.8069284576412186,0.9984152910343032,15287.21832009744,0.9991367168621476,0.8348664163614365,-2.0931830356138743
BBOB_F3,3,3,2,9,0.1,0.086,1.162790697674419,0.293,0.1224999999999999,2.3918367346938783,0.2314999999999999,0.137,1.68978102189781,2.089084180006075,3.640765997785424,1.0,0.4398204383727781,0.6824821314488437,-0.0678714348399805,0.7832868899430645,-0.2752752752752751,0.0230867799418716,-1.4964964964964964,0.493993993993994,0.6666666666666666,0.5687282844615061,0.498116580916058,0.1476036599257442,0.001951642435774,0.0522270277073179,26.760551395063537,0.497866674771043,0.9083753775232356,39.69613125370324,0.9852096827885516,0.3494388210552601,-3.393354357661887
BBOB_F17,17,2,10,0,0.1036,0.0909,1.1397139713971398,0.219,0.1736,1.2615207373271888,0.2589,0.1893,1.3676703645007924,3.796151142591373,23.4800654568388,3.0,0.8112313452819674,0.916966313932408,-0.3035572679247639,0.8226028402160299,-1.2162162162162162,0.0025258200269627,-2.2972972972972974,0.5880176035207041,0.9090909090909092,0.1408491166686967,0.3012658125663608,0.0794709155917654,0.000317506951361,0.0088712820079617,27.9404339650942,0.5204500681080358,0.4135417330221224,4.287287365713869,0.7155828761941474,0.741079619248145,-3.281995924891337
BBOB_F6,6,6,10,0,0.0725,0.0450999999999999,1.607538802660754,0.1255,0.0800999999999999,1.5667915106117356,0.1636999999999999,0.1065,1.537089201877934,0.7724114331984205,0.4269043653912416,4.0,0.8746748051875414,0.9272902870261424,-0.3815110435709775,0.8168277845873527,-1.256256256256256,0.0063504251685959,-1.8768768768768769,0.5193038607721544,0.9090909090909092,0.167517133536017,0.7108072432018979,0.2301468379883199,0.0001140145434653,0.0208198581340227,182.60703855164,0.8581206873422753,0.8097677003727065,3.486879198099432,0.9659759010515652,0.7629290548293373,-3.005039130951758
BBOB_F1,1,2,10,0,0.0665999999999999,0.0423999999999999,1.5707547169811322,0.1072999999999999,0.0781999999999999,1.3721227621483376,0.1271,0.1021,1.2448579823702253,0.2988421400884995,-0.064778980086543,2.0,0.9304465021453292,0.932938273182003,-0.3919737945103332,0.832616626455646,-1.336336336336336,0.0076362982612822,-1.8768768768768769,0.5261052210442089,0.8181818181818182,0.1743650103848261,0.8424592138260633,0.3788562522216504,0.0028504018348171,0.0184841537646807,6.48475367188593,0.8417627516644393,1.0,1.000000000000041,1.0,0.6726658417673235,-4.149188141457975
BBOB_F2,2,6,2,1,0.1,0.055,1.818181818181818,0.3184999999999999,0.0839999999999999,3.7916666666666665,0.1965,0.1589999999999999,1.235849056603774,1.045334811926629,-0.1368045923893994,2.0,0.2708242864509762,0.7295593038175593,-0.0735276982683075,0.6112421049840174,-0.6156156156156153,0.0607832312829723,-1.1361361361361362,0.3183183183183183,0.6666666666666666,0.5960266491859738,0.6206863567466289,0.2681462814893126,5.918768080786691e-05,0.076641358559007,1294.8870020401323,0.6204966396376408,0.996865266569142,11810.907674938113,0.9986188372108376,0.6298064308460362,-1.930945161997923
BBOB_F24,24,1,2,0,0.1,0.1,1.0,0.24,0.226,1.0619469026548671,0.2860000000000001,0.2314999999999999,1.235421166306696,0.5900226424542303,0.2499057055085214,1.0,0.2188503585073357,0.5758321450664139,-0.4126121809027961,0.8762048771295049,0.4854854854854853,0.3503842245290676,-0.2552552552552551,0.6881881881881882,1.0,0.5383645548609794,0.3785608996947794,0.3334318420852254,0.0243555752934457,0.0251932245868771,1.0343925069861477,0.3866719265513905,0.5949310033358624,1.01457660752234,0.6437820327665985,0.6049154218787455,-2.060777707313283
BBOB_F18,18,9,10,0,0.0703999999999999,0.0532,1.3233082706766914,0.0862999999999999,0.0731,1.1805745554035567,0.068,0.0626,1.0862619808306706,4.52725847306953,35.769648314520815,6.0,0.8094882930957429,0.9160757281190056,-0.2258118209739467,0.7298013169424019,-1.436436436436436,0.000694771254846,-2.7177177177177176,0.5439087817563513,0.9090909090909092,0.1582404861794691,0.5487216849654584,0.0364284829716131,0.0002441094875869,0.0061919649585298,25.36552355969024,0.8313460639938534,0.5745975815582722,19.104523190978504,0.8752036847727637,0.7483175257638179,-3.1902504252894754
BBOB_F2,2,1,10,8,0.101,0.0545999999999999,1.84981684981685,0.1833,0.0928,1.9752155172413797,0.0475999999999999,0.0465999999999999,1.0214592274678111,0.9097655922477774,-0.3834539154092122,2.0,0.803215358497113,0.9168135708726992,-0.2966696893945936,0.7842306055144508,-1.016016016016016,0.0087688560945874,-1.7767767767767764,0.5651130226045209,0.8181818181818182,0.1726256351006395,0.8077783781909607,0.2732288914910434,6.286902509238012e-06,0.0774871013872964,12325.163508331234,0.8069284576412186,0.9984152910343032,15287.21832009744,0.9991367168621476,0.8348664163614365,-2.0931830356138743
BBOB_F3,3,3,2,5,0.1,0.086,1.162790697674419,0.293,0.1224999999999999,2.3918367346938783,0.2314999999999999,0.137,1.68978102189781,2.089084180006075,3.640765997785424,1.0,0.4398204383727781,0.6824821314488437,-0.0678714348399805,0.7812388408252109,-0.2752752752752751,0.0230867799418716,-1.4964964964964964,0.5,0.6666666666666666,0.5687282844615067,0.498116580916058,0.1476036599257442,0.001951642435774,0.0522270277073179,26.760551395063537,0.497866674771043,0.9083753775232356,39.69613125370324,0.9852096827885516,0.3494388210552601,-3.393354357661887
BBOB_F21,21,7,2,0,0.1,0.1,1.0,0.25,0.25,1.0,0.4870000000000001,0.4525,1.0762430939226522,1.32307642645967,1.7399429028646614,2.0,0.2062816790575311,0.6543221970693497,-0.2923631915426056,0.7357211606929788,0.2452452452452451,0.1106736018095974,-0.6756756756756753,0.4439439439439439,1.0,0.358672680108442,0.0047870688306274,0.2438285837190178,0.0001745455040576,0.0049704689930505,28.476637194904114,0.0058245605490316,0.0528953072632893,1.4057437856730082,0.1636333248439739,0.5675689954988693,-2.2555782315388706
BBOB_F1,1,0,2,8,0.101,0.039,2.589743589743589,0.188,0.08,2.35,0.1305,0.1065,1.2253521126760565,0.7461945913596539,-0.3925793272435602,1.0,0.7798998649419434,0.757425353388883,-0.0754329614711643,0.6718410619591227,-0.7557557557557554,0.0349577557436327,-1.276276276276276,0.3458458458458458,0.6666666666666666,0.6258274932161952,0.7691907066674988,0.2890431911251327,0.0139917047811556,0.0679515065222709,4.8565566230206265,0.7690751562077953,1.0,1.0000000000000018,1.0,0.1423272397026712,-4.473657040716311
BBOB_F2,2,4,10,0,0.1,0.0517,1.9342359767891684,0.2612,0.0977,2.673490276356193,0.3151,0.1271,2.479150275373722,0.5205376192803268,-0.4439484324066591,2.0,0.8035581960237396,0.9186432393102786,-0.4250468733467267,0.8255704988403982,-0.9959959959959956,0.0126795284678643,-1.5365365365365364,0.5675135027005401,0.9090909090909092,0.139488300421557,0.2846300568235939,0.3260597949483193,4.904683895323638e-06,0.0382377593662252,7796.172022968279,0.2814576541383691,0.9979017808390972,211559.73413579207,0.9979568690255206,0.8479144854753035,-1.9277896836689248
BBOB_F7,7,9,2,0,0.1,0.0455,2.197802197802198,0.3664999999999999,0.065,5.638461538461536,0.0655,0.0755,0.8675496688741723,1.139526352465836,0.1488549985951395,1.0,0.3906481998560707,0.518531576691877,-0.0820138173208333,0.8116166374603103,-0.2352352352352351,0.0003643858983763,-1.1361361361361362,0.2377377377377377,0.6666666666666666,0.6196148273563891,0.736981248317354,0.2176720553231735,0.0099647864429009,0.0720934776537803,7.234824154725403,0.7596002253314436,0.9750979206136714,46.49376098806977,0.997992100156486,0.5516691970949962,-2.3385122459650702
BBOB_F11,11,7,2,0,0.1,0.0364999999999999,2.739726027397261,0.2214999999999999,0.046,4.815217391304348,0.061,0.066,0.924242424242424,1.3939874720675445,1.044507532186305,2.0,0.4044577069894121,0.7345991385817365,-0.0580380538375226,0.6237449441552122,-0.6756756756756753,0.0290712337727257,-1.4764764764764762,0.3523523523523523,0.6666666666666666,0.6195504827344291,0.7381222959949284,0.2071080949400388,0.0330854839661569,0.0641635941006722,1.9393276569961917,0.8802865723471345,0.8526515775107727,4.166809899839599,0.9961241987668856,0.6685954711029614,-1.728619903366805
BBOB_F2,2,2,10,6,0.1,0.0778,1.2853470437017998,0.3395,0.1064,3.1907894736842106,0.1731999999999999,0.1478,1.1718538565629228,1.0078796545904791,-0.1501056489131436,2.0,0.8112104812571663,0.918376889775676,-0.3375407422908237,0.8139653190212942,-0.9759759759759756,0.0132777082935542,-1.6366366366366365,0.5680136027205441,0.9090909090909092,0.1626865491687308,0.623021273598219,0.2825579844420591,1.119875241971293e-05,0.0673672188163437,6015.600335780142,0.6213488883092704,0.9969232293411354,23170.10396158673,0.9986787366858556,0.844864904069436,-1.9664452492046236
BBOB_F2,2,7,10,2,0.1001,0.0617,1.6223662884927068,0.2675,0.1112,2.4055755395683454,0.3456,0.1095,3.156164383561644,0.7922375804735309,-0.0884133048662523,2.0,0.8079714199243959,0.9183790833378686,-0.4205628872757694,0.8185155419519594,-0.9759759759759756,0.0132777082935542,-1.5765765765765765,0.5649129825965193,0.9090909090909092,0.1376904114571936,0.2638777515896624,0.2852657685076014,6.969157311556475e-06,0.02922045942943,4192.825347904795,0.2606194473151687,0.9987033574403044,342208.61038158234,0.9988965779915496,0.8504530396755275,-1.895611743423132
BBOB_F2,2,0,10,2,0.0979,0.0385,2.5428571428571427,0.0814999999999999,0.0366,2.2267759562841523,0.0220999999999999,0.0212999999999999,1.0375586854460097,0.8181655289845317,-0.6860036483160941,2.0,0.7994352175836019,0.9187503244895232,-0.2883700817575677,0.741646364520035,-0.9759759759759756,0.0063504251685959,-1.7567567567567566,0.533006601320264,0.8181818181818182,0.175810138406582,0.8720141933925512,0.3057647058513442,8.603613683478423e-06,0.0911375816166297,10592.942101949771,0.8714453400836213,0.996810681054274,296049.23873527674,0.996884170083874,0.8575406521038749,-1.8057713259191173
BBOB_F3,3,4,10,1,0.0957,0.0591,1.6192893401015227,0.1638,0.1175,1.3940425531914893,0.1732,0.106,1.6339622641509433,1.4903241666663003,1.8358793717446595,2.0,0.8919323515482676,0.9273651669530872,-0.3458047116394649,0.7703981680675733,-0.9959959959959956,0.0052810797119343,-1.916916916916917,0.5507101420284057,0.9090909090909092,0.1606302002590512,0.5864639286102848,0.2070714662839515,0.0009818451544414,0.0397449856905482,40.479891875779984,0.5846631418700439,0.9197885773648808,59.68531931564807,0.9873299462107727,0.7066679715991342,-3.718187494766591
BBOB_F2,2,7,2,8,0.1,0.0465,2.1505376344086025,0.4004999999999999,0.066,6.068181818181816,0.072,0.087,0.8275862068965517,1.253892012358477,0.4595664107755852,1.0,0.3016168127037359,0.732200523887074,-0.0689459222231201,0.5839463529513129,-0.5155155155155153,0.0440193518520887,-1.276276276276276,0.3203203203203203,0.6666666666666666,0.6118275760758133,0.6977282542425641,0.2346448674075192,5.109980842596728e-05,0.0777484336895175,1521.5014710311173,0.6975770772112284,0.9970140616598446,2538.881630404386,0.9986479595096168,0.6790923372260574,-1.6738678100150637
BBOB_F2,2,0,2,2,0.1,0.064,1.5625,0.25,0.1075,2.325581395348837,0.3195,0.0685,4.664233576642335,1.01189384515503,0.1154605607927345,1.0,0.4246739545900912,0.7398324714916958,-0.0962656231280277,0.6029127838596542,-0.5155155155155153,0.0697981390783066,-1.056056056056056,0.3118118118118118,1.0,0.5057686030485116,0.266872040612924,0.2649688160385285,6.5261821999825e-05,0.0459722518696254,704.4279558996785,0.2665056833584353,0.9989202795670356,56865.64136915885,0.9989349949886152,0.6380569711796552,-1.8879099980498304
BBOB_F3,3,2,10,1,0.0945999999999999,0.0558,1.6953405017921144,0.1443,0.1031,1.399612027158099,0.0523,0.0497,1.0523138832997987,1.3146550894403477,0.316920399285002,2.0,0.8853972860013821,0.9269130994554896,-0.2834577318694944,0.7302393254944104,-0.8758758758758756,0.0030372635797033,-1.9769769769769767,0.5367073414682937,0.9090909090909092,0.1681425746185065,0.7215348392520307,0.2360978732308534,3.057958918311634e-05,0.0792076484533725,2590.212967841464,0.7203006595862445,0.9740263702093984,186.11504862872204,0.9923972021383124,0.7049828596837256,-3.7395474604181818
BBOB_F23,23,4,2,0,0.1,0.1,1.0,0.25,0.25,1.0,0.4925,0.487,1.01129363449692,0.0554477597344517,-1.0428980993537036,2.0,0.1752240665408271,0.5470692543409613,-0.6787766967291214,0.895598872086662,1.0260260260260257,0.9660174799522646,0.2052052052052051,0.6586586586586587,1.0,0.3447444028653074,0.0002007101619366,0.5056112256086167,0.0019337558316706,0.0024773956001875,1.2811315470201712,-0.0002930621460743,-0.0005854901500073,3.3098683518501164,-0.0027298368640873,1.0310058390111143,0.1617277549391937
BBOB_F1,1,3,10,8,0.0687,0.0427,1.6088992974238874,0.1152,0.0821999999999999,1.4014598540145988,0.137,0.1092,1.2545787545787546,0.3098255478644399,-0.080637697681893,1.0,0.9307972990015444,0.9330212305038325,-0.3822623004964153,0.8328942922006698,-1.316316316316316,0.0083738065352664,-1.8768768768768769,0.5275055011002201,0.8181818181818182,0.1732658625853241,0.8220190143386898,0.3779415383152287,0.0003641683386721,0.0199775387979336,54.85797823824283,0.8212321893836285,1.0,1.0000000000000286,1.0,0.6655799965852848,-4.239006157885774
BBOB_F13,13,4,2,0,0.1,0.071,1.4084507042253522,0.291,0.101,2.881188118811881,0.2155,0.0749999999999999,2.8733333333333344,1.000032943883484,0.6123354605081595,1.0,0.7113893710481076,0.7505801869398934,-0.0859676878381862,0.7334707499334076,-0.8358358358358354,0.0349577557436327,-1.276276276276276,0.3533533533533533,1.0,0.5535851983659378,0.4351501577178152,0.2863819023889554,0.0265855900435392,0.0368151186800918,1.3847771901921189,0.6937772194467962,0.690796958273439,1.7655777505866626,0.9803767241916116,0.2671570156957146,-3.822539700731394
BBOB_F3,3,5,2,1,0.103,0.0665,1.5488721804511278,0.2575,0.0975,2.6410256410256414,0.2755,0.0995,2.768844221105528,0.6549100878775616,-0.6787356921300685,1.0,0.4558506953102163,0.6776152371920607,-0.1085566260182332,0.8222000806492507,-0.2552552552552551,0.0765391938823014,-0.8958958958958956,0.5285285285285285,1.0,0.5223237090641031,0.321267384847415,0.3407112670989293,0.016608715085597,0.0448168264880836,2.6983921547879577,0.3209300181791581,0.9538628836804368,11.829038555653533,0.985815467382449,0.3158093981284201,-3.5687668361924274
BBOB_F1,1,9,10,7,0.0722,0.0457,1.5798687089715535,0.1201,0.0819999999999999,1.4646341463414638,0.1455,0.1133,1.2842012356575463,0.3193655572357252,-0.0472821624481474,2.0,0.9372676789167116,0.9330489728179192,-0.3952103422675027,0.8356634372017043,-1.316316316316316,0.0079965545258923,-1.8568568568568569,0.5409081816363273,0.9090909090909092,0.1723177899754766,0.8009469324071399,0.3694888756750541,0.0075407722433881,0.0168921487019184,2.240108593218642,0.8000669512092515,1.0,1.0000000000000588,1.0,0.6598842108633476,-4.31120420376447
BBOB_F2,2,9,10,6,0.1093,0.0548999999999999,1.9908925318761383,0.2343,0.0979,2.393258426966292,0.1820999999999999,0.1273,1.430479183032207,1.1671624943122043,0.5271952924788903,1.0,0.8089280694840091,0.9191217902141832,-0.3407834955821566,0.8036706768289771,-0.9759759759759756,0.0091825428356562,-1.7167167167167163,0.5560112022404481,0.9090909090909092,0.1627040930853699,0.6234357470861417,0.2526744894426019,2.4284364778062208e-06,0.0563889315375144,23220.2621122108,0.6217727686605152,0.9975894190280165,36654.755671644685,0.9985629034440012,0.825976346749711,-2.205870851663576
BBOB_F3,3,0,10,5,0.0674,0.0366,1.8415300546448088,0.124,0.0784,1.5816326530612246,0.1702999999999999,0.1199,1.420350291909925,1.1166735729258357,0.892931352350113,2.0,0.882142027139524,0.926100153662954,-0.3667198797507717,0.7854340543568177,-1.056056056056056,0.006064329395408,-1.8568568568568569,0.5339067813562712,0.9090909090909092,0.1652314668243706,0.6660549988471827,0.233259360219349,0.0001527049237632,0.0374433006455359,245.20034929317717,0.6645845125347538,0.94830620043692,78.78949122512084,0.993497071096034,0.7236586681320109,-3.5028185978877886
BBOB_F16,16,3,10,0,0.1,0.1,1.0,0.25,0.25,1.0,0.4851999999999999,0.4942999999999999,0.9815901274529638,0.7489242244441289,0.8252600467725215,2.0,0.5799498859936791,0.8797451751140202,-0.5661492187483774,0.8643193701863339,-0.9159159159159156,0.0159662602210142,-1.5165165165165162,0.6655331066213243,0.9090909090909092,0.0946596755397781,0.0007021025208723,0.3087663533438777,7.189442489830011e-05,0.0011237532211908,15.63060310699316,0.0005001840583614,0.0012053193695623,3.7943574684362487,0.0012370720039128,1.0023131289648557,0.0293205185870633
BBOB_F16,16,9,10,0,0.1,0.1,1.0,0.25,0.25,1.0,0.4963999999999999,0.4978000000000001,0.9971876255524303,0.7856433328915519,1.0670814287954515,3.0,0.5928684082940644,0.8811191795447345,-0.563592491805869,0.8666153204340992,-0.9159159159159156,0.0145600599502064,-1.5765765765765765,0.6674334866973395,0.9090909090909092,0.0935994595419083,-0.0001155452333974,0.2540425582678804,1.672452957720056e-05,0.000684803335193,40.94604467240959,-0.0003417451024985,-0.0006382528945934,190.53758537519408,-0.0019382613826472,1.007400776762747,0.0938099932721989
BBOB_F1,1,6,10,5,0.0789999999999999,0.0513,1.539961013645224,0.1447999999999999,0.0999,1.4494494494494492,0.1646,0.1234,1.33387358184765,0.3419983201124051,-0.0258010460826141,2.0,0.9458568421321416,0.9353639179775972,-0.4138228807340014,0.8420052373199965,-1.356356356356356,0.0076362982612822,-1.916916916916917,0.5464092818563713,0.9090909090909092,0.169112030630547,0.740063309258458,0.3236225462867008,0.0003422488834337,0.017719959793276,51.77506969633633,0.7389141714769609,1.0,1.0000000000000229,1.0,0.6518099339622345,-4.413551279761142
BBOB_F1,1,5,2,9,0.104,0.0325,3.2,0.1745,0.0809999999999999,2.154320987654321,0.1145,0.0985,1.1624365482233503,0.7167709360707184,-0.4738362321926064,1.0,0.7690569645689403,0.7548364441576721,-0.0705747262840053,0.6820238837004133,-0.7757757757757754,0.0333828586473176,-1.316316316316316,0.3473473473473473,0.6666666666666666,0.631973738774744,0.8019822454147366,0.2928558580295243,0.0123916991377785,0.0702862818691813,5.672045543366992,0.8018831114403571,1.0,1.0000000000000016,1.0,0.1408153535476815,-4.481543102225
BBOB_F3,3,6,2,8,0.1135,0.0615,1.845528455284553,0.1225,0.075,1.6333333333333329,0.0045,0.0045,1.0,1.722198144430501,1.755102542903451,2.0,0.4843471968227538,0.7022077877511832,-0.0509825135319357,0.7027394397661905,-0.4154154154154152,0.0066500180304311,-1.916916916916917,0.4539539539539539,0.6666666666666666,0.5995542605280427,0.6374740145109115,0.1727674278034809,0.0006997043938283,0.073496314694113,105.03909271168342,0.6372930335739864,0.9393981738687815,156.8358183382148,0.9944256518763952,0.4066791900622131,-3.094786195450017
BBOB_F10,10,1,10,0,0.1076999999999999,0.0399,2.6992481203007515,0.1243,0.0609,2.041050903119868,0.067,0.0481,1.3929313929313931,1.4628238713434472,2.478643361017152,5.0,0.8028200745923196,0.9186925438894752,-0.292844952903068,0.778173009107792,-1.376376376376376,0.0034877274748141,-2.157157157157157,0.5213042608521704,0.9090909090909092,0.1707610537705428,0.770388292346278,0.1152194278519758,0.0010347758680052,0.0191356474065818,18.492552830275493,0.9624661481220108,0.7980049497377203,13.243724024927918,0.9905117169230968,0.8497347914395268,-1.90471603941084
BBOB_F1,1,3,2,8,0.1,0.033,3.0303030303030303,0.1755,0.075,2.339999999999999,0.096,0.087,1.1034482758620692,0.7014925920161403,-0.5513964276634358,1.0,0.7807343247543591,0.7582593008365843,-0.0708865367599614,,,,,,0.6666666666666666,0.6338744887956184,0.8128918667237119,0.3037326743510375,0.0040104345653267,0.0741410609867438,18.487039192148803,0.8127981944521055,1.0,1.0000000000000004,1.0,0.1405026167015986,-4.483174350712926
BBOB_F23,23,2,2,0,0.1,0.1,1.0,0.25,0.25,1.0,0.4984999999999999,0.507,0.9832347140039448,0.0573851971637615,-1.0891882495445189,3.0,0.1670004001101461,0.5528872894924391,-0.6843000817494471,0.8925691194515853,1.0460460460460457,0.9224970052592174,0.1851851851851851,0.6621621621621622,1.0,0.3402442325708083,-0.0005882217837485,0.5070019645457805,0.0010852491287447,0.0015362983809212,1.4156181656631497,-0.0010494508153988,-0.0010257756307534,2.5535828069231044,-0.0018293109457701,0.9684428609934556,-0.1646033588061595
BBOB_F3,3,1,2,5,0.1035,0.071,1.4577464788732395,0.2239999999999999,0.096,2.333333333333333,0.1155,0.1159999999999999,0.995689655172414,0.9037995959997714,-0.3360116216953921,1.0,0.4670003234974021,0.6808012851616225,-0.0881652494383857,0.8491683906008486,-0.3353353353353351,0.0730909932860291,-1.016016016016016,0.5485485485485485,0.6666666666666666,0.6133466213008135,0.7056881590116892,0.2996593595148904,0.0088869014380172,0.0721979680665443,8.124087857854335,0.7055411173659732,0.9839907784591057,8.836578983395492,0.9912581331932504,0.4009755735205143,-3.124536498223387
BBOB_F1,1,8,10,0,0.0723999999999999,0.0495,1.4626262626262625,0.1288,0.0935,1.3775401069518716,0.1535,0.1149999999999999,1.3347826086956522,0.3272971245672494,-0.0347991623133068,1.0,0.9418170954189264,0.934287718399962,-0.4057258333017515,0.8346471545016648,-1.296296296296296,0.0083738065352664,-1.836836836836837,0.5348069613922785,0.9090909090909092,0.1711639368746523,0.7795444674117137,0.3687195950955766,0.0001571793235344,0.022155033497389,140.9538672084231,0.7785698694012728,1.0,1.0000000000000322,1.0,0.6487100342300188,-4.452844665083536
BBOB_F4,4,9,10,0,0.0978,0.0727,1.3452544704264098,0.1839,0.1234999999999999,1.4890688259109317,0.1948,0.1271,1.5326514555468138,1.5700735780494848,1.7023225105599478,1.0,0.884161089877924,0.9259722318416348,-0.3223430951117956,0.7429281569088318,-0.9359359359359356,0.0069637447306282,-1.896896896896897,0.5608121624324865,0.9090909090909092,0.1595663358771907,0.5698358713117713,0.1829454485976926,0.0002037866701761,0.0491571320997557,241.21858440130885,0.5679246465100332,0.922903041319784,320.3967330554452,0.9940796038286656,0.6998459069170552,-3.804661909877956
BBOB_F8,8,3,10,0,0.0816999999999999,0.0562999999999999,1.4511545293072825,0.1656,0.1163,1.4239036973344794,0.2201,0.1501,1.4663557628247834,0.7187967680486325,0.221557318833657,2.0,0.9081743951273608,0.9296226621391338,-0.420713163325185,0.8261152678936411,-1.1161161161161162,0.0100693863147602,-1.7367367367367363,0.5591118223644729,0.9090909090909092,0.1619244819314289,0.6067495440734973,0.2607635334642855,0.0020500737053025,0.0238304507014381,11.624192164311408,0.6147916405890806,0.9337142167028576,109.34556856254568,0.9966182810074452,0.6806292161540887,-4.048246831971815
BBOB_F3,3,0,2,0,0.1,0.0784999999999999,1.2738853503184715,0.272,0.1275,2.1333333333333333,0.4665,0.0625,7.464,1.7449886811836477,3.113833986243568,1.0,0.4603358290221734,0.680162296262363,-0.108286082306412,0.8165205730323402,-0.2152152152152151,0.0554298551568466,-1.1161161161161162,0.549049049049049,1.0,0.4348736042531705,0.0920997064983053,0.2093245115188073,0.0069529583135221,0.0193094790414217,2.777160191492683,0.0916453533921822,0.8777507992660738,19.094124832265887,0.9676405666264952,0.3295305601478374,-3.4971966803981647
BBOB_F1,1,6,10,1,0.0789999999999999,0.0513,1.539961013645224,0.1447999999999999,0.0999,1.4494494494494492,0.1646,0.1234,1.33387358184765,0.3419983201124051,-0.0258010460826141,2.0,0.9458568421321416,0.9353639179775972,-0.4138228807340014,0.835150388690894,-1.356356356356356,0.0083738065352664,-1.896896896896897,0.54500900180036,0.9090909090909092,0.1691120306305472,0.740063309258458,0.3236225462867008,0.0003422488834337,0.017719959793276,51.77506969633633,0.7389141714769609,1.0,1.0000000000000229,1.0,0.6518099339622345,-4.413551279761142
BBOB_F1,1,8,2,0,0.1275,0.0355,3.5915492957746484,0.102,0.0545,1.8715596330275228,0.1425,0.0824999999999999,1.7272727272727275,0.7269312736312639,-0.1213859971582604,1.0,0.768834995153707,0.7534473675485805,-0.0711831766428276,0.6709360912494231,-0.7757757757757754,0.0265108360190853,-1.416416416416416,0.3568568568568568,0.6666666666666666,0.6306998956261155,0.7942108363721839,0.2682419792183342,0.0442122021876997,0.047932037713281,1.084135947578206,0.7941078117837203,1.0,1.0000000000000038,1.0,0.1388923265685892,-4.491573691492545
BBOB_F22,22,4,2,0,0.1,0.1,1.0,0.25,0.25,1.0,0.492,0.371,1.326145552560647,0.2361256425763096,-1.197180312267552,2.0,0.2505250430929911,0.6878771896490217,-0.2592504922981593,0.7013576879128599,0.3653653653653652,0.1158948303439811,-0.6156156156156153,0.3953953953953954,1.0,0.3498069329078885,0.0014550000244043,0.4435416326241915,0.0006683290821118,0.0046580273754386,6.96966135413398,0.0608606025360262,0.0730612718151935,2.741564244174244,0.326113297123351,0.7911203226830796,-1.0895251456598023
BBOB_F1,1,1,10,8,0.0964,0.0655,1.4717557251908395,0.1839,0.1241,1.4818694601128122,0.213,0.1497,1.4228456913827654,0.3716013159145216,-0.0261531130090153,1.0,0.9590675068792924,0.936693686306131,-0.4540226046393324,0.8453565097584297,-1.2162162162162162,0.0105444279352616,-1.7767767767767764,0.5643128625725145,0.9090909090909092,0.1612822035632213,0.5993281708421077,0.3774554365136944,0.0009379808413524,0.0242602677344781,25.86435315618816,0.5975568659310794,1.0,1.0000000000000104,1.0,0.6312313780714917,-4.674398789630574
BBOB_F2,2,4,10,5,0.1,0.0517,1.9342359767891684,0.2612,0.0977,2.673490276356193,0.3151,0.1271,2.479150275373722,0.5205376192803268,-0.4439484324066591,2.0,0.8035581960237396,0.9186432393102786,-0.4250468733467267,0.8241892385902928,-0.9959959959959956,0.0126795284678643,-1.5365365365365364,0.5641128225645129,0.9090909090909092,0.1394883004215567,0.2846300568235939,0.3260597949483193,4.904683895323638e-06,0.0382377593662252,7796.172022968279,0.2814576541383691,0.9979017808390972,211559.73413579207,0.9979568690255206,0.8479144854753035,-1.9277896836689248
BBOB_F3,3,3,10,6,0.0673999999999999,0.0374,1.8021390374331543,0.1278,0.0794,1.6095717884130982,0.153,0.1086,1.4088397790055247,0.954898951160814,0.2903537855015576,2.0,0.8798103730160637,0.9262669398115808,-0.3565321626472432,0.7772123969092662,-1.076076076076076,0.0072922720587283,-1.8168168168168168,0.5366073214642929,0.9090909090909092,0.1669309340094569,0.699099648599641,0.235892780464796,1.2664060307581262e-05,0.043011814729168,3396.368438281936,0.6977641720746179,0.9586677685016955,97.56028293598712,0.9892790267258144,0.7242306715692984,-3.4955680564481746
BBOB_F2,2,3,2,8,0.1,0.012,8.333333333333334,0.0394999999999999,0.0174999999999999,2.257142857142857,0.0005,0.0005,1.0,0.8640870597333834,-0.3987728115600752,1.0,0.4055800221545731,0.737276668206327,-0.0587107508693155,0.5682036186132202,-0.5755755755755754,0.0333828586473176,-1.356356356356356,0.3168168168168168,0.6666666666666666,0.6473880815313636,0.8875576271828564,0.2762202394106648,1.85839013663798e-05,0.0919911247951343,4950.043749239639,0.8875015117234308,0.9977691274450224,2518.722817424278,0.998126084110714,0.6402514177306142,-1.876463672927216
BBOB_F5,5,6,2,0,0.0625,0.007,8.928571428571427,0.043,0.0085,5.058823529411764,0.0075,0.0075,1.0,0.0009530127956831,-1.1785813986402067,4.0,0.6549887537806304,0.7490904132475963,-0.0579958083759865,0.7324985206716181,-1.016016016016016,0.0580448594276897,-1.1961961961961962,0.3193193193193193,0.6666666666666666,0.6667231011802507,1.0,0.5006877739687029,0.009263157100836,0.0926315710083606,10.00000000000004,1.0,1.0,27.428571428571427,1.0,0.3545574713261859,-3.366655263457761
BBOB_F22,22,6,10,0,0.0999,0.0939,1.063897763578275,0.2421999999999999,0.2014,1.2025819265143989,0.3346,0.2507,1.3346629437574793,-3.6142501570086223,23.57996134381404,3.0,0.7729786585408166,0.9160859270366172,-0.5465540524535537,0.7536369413548791,-1.2362362362362362,0.0015211855179861,-2.2972972972972974,0.5845169033806762,0.9090909090909092,0.1207678641709171,0.1069524670804329,0.9571921428399066,0.0001945314058296,0.0056029308025823,28.802191495432837,0.2117981500326402,0.1711891227948662,6.435557062987108,0.3216665957045753,0.8970848783683645,-1.304520751993001
BBOB_F13,13,2,2,0,0.095,0.044,2.159090909090909,0.2024999999999999,0.097,2.087628865979381,0.384,0.088,4.363636363636364,0.8553652050394878,0.3693149459563591,1.0,0.6115078818560515,0.743550310849832,-0.0928180740978654,0.7090990407106749,-0.7957957957957954,0.0290712337727257,-1.276276276276276,0.3518518518518518,1.0,0.4810037392087414,0.1956494477160222,0.3046732565078684,0.0056342271035395,0.0300296154568192,5.329855347498183,0.7025499372557305,0.4410264464050236,1.2995724173770609,0.9733447250790312,0.2951191556144433,-3.6766880077412263
BBOB_F2,2,3,10,9,0.0878999999999999,0.0354,2.4830508474576267,0.0775999999999999,0.0358,2.1675977653631278,0.0294,0.028,1.05,0.8296671022497943,-0.3855765314760639,1.0,0.7956305836927411,0.9179831669934368,-0.30453423582119,0.7496753401977774,-1.036036036036036,0.0066500180304311,-1.7567567567567566,0.5357071414282857,0.8181818181818182,0.1759739344117477,0.8754088532927307,0.2796502182682284,5.613029362266757e-06,0.0776490726991428,13833.71931405418,0.8748590846711828,0.9982307831533848,56292.97128658904,0.9983354723237988,0.8498471235933118,-1.9032921512260383
BBOB_F2,2,6,10,6,0.1,0.069,1.4492753623188404,0.2979,0.088,3.3852272727272728,0.0804999999999999,0.0842999999999999,0.9549228944246738,0.954930305416572,-0.3204182697896844,2.0,0.8079209276575807,0.917323248665968,-0.3084301889785821,0.801055570495846,-0.9959959959959956,0.009615746001432,-1.7167167167167163,0.5725145029005801,0.9090909090909092,0.1696384464050398,0.7497229206020437,0.2779004068421613,8.541153630442933e-06,0.0759969542292382,8897.738820475604,0.7486145710159728,0.9976546994469292,75959.38075794531,0.9992883270994432,0.8392003576220959,-2.0382473155485066
BBOB_F1,1,4,10,5,0.0809999999999999,0.0540999999999999,1.497227356746765,0.1392,0.096,1.45,0.1592999999999999,0.1209,1.3176178660049624,0.3455551571350047,-0.0956861309608236,1.0,0.94259229425665,0.9346491082299874,-0.4194372062135604,0.8354967280943054,-1.276276276276276,0.0100693863147602,-1.796796796796797,0.531506301260252,0.9090909090909092,0.1696498630009766,0.7491837548594302,0.3876835412329755,0.0009514340030115,0.0250657849454952,26.345269210637746,0.7480749370827552,1.0,1.0000000000000429,1.0,0.6461377841257404,-4.485449724351287
BBOB_F20,20,6,10,0,0.1108,0.0687,1.6128093158660846,0.1856,0.1103999999999999,1.6811594202898552,0.1684999999999999,0.1152,1.462673611111111,1.178910636956495,1.5426007554647292,1.0,0.9099665682763216,0.929565474457686,-0.3497721211934055,0.8241740722622307,-1.1961961961961962,0.0063504251685959,-1.916916916916917,0.5491098219643928,0.9090909090909092,0.1653072827428465,0.6684011573489832,0.2088529962788891,0.0001654453499941,0.0240979313814428,145.6549330778988,0.7415733808118491,0.9196168875594444,32.80693569445192,0.998667236865017,0.7052859783261155,-3.735705220783769
BBOB_F2,2,0,10,7,0.0979,0.0385,2.5428571428571427,0.0814999999999999,0.0366,2.2267759562841523,0.0220999999999999,0.0212999999999999,1.0375586854460097,0.8181655289845317,-0.6860036483160941,2.0,0.7994352175836019,0.9187503244895232,-0.2883700817575677,0.742197925787164,-0.9759759759759756,0.0055302242561929,-1.7367367367367363,0.5321064212842569,0.8181818181818182,0.1758101384065823,0.8720141933925512,0.3057647058513442,8.603613683478423e-06,0.0911375816166297,10592.942101949771,0.8714453400836213,0.996810681054274,296049.23873527674,0.996884170083874,0.8575406521038749,-1.8057713259191173
BBOB_F15,15,7,2,0,0.087,0.062,1.4032258064516128,0.2004999999999999,0.0815,2.460122699386502,0.115,0.1,1.15,3.708335242860724,15.363235527546134,6.0,0.4259689340452209,0.6705531030572145,-0.0409154128107728,0.7795233248851885,-0.4954954954954953,0.0048159579101923,-2.037037037037037,0.502002002002002,1.0,0.5521465588322207,0.4312432451992684,0.0669310843139621,0.0193699186095041,0.0243115066785041,1.2551166150267354,0.6830063185592984,0.5769987196108586,1.3962011580519855,0.9806929779440916,0.4064666947056385,-3.095894580130125
BBOB_F1,1,8,10,5,0.0723999999999999,0.0495,1.4626262626262625,0.1288,0.0935,1.3775401069518716,0.1535,0.1149999999999999,1.3347826086956522,0.3272971245672494,-0.0347991623133068,1.0,0.9418170954189264,0.934287718399962,-0.4057258333017515,0.8371507955682544,-1.296296296296296,0.0087688560945874,-1.8168168168168168,0.5358071614322865,0.9090909090909092,0.1711639368746521,0.7795444674117137,0.3687195950955766,0.0001571793235344,0.022155033497389,140.9538672084231,0.7785698694012728,1.0,1.0000000000000322,1.0,0.6487100342300188,-4.452844665083536
BBOB_F7,7,0,2,1,0.1005,0.039,2.576923076923077,0.2334999999999999,0.05,4.669999999999999,0.0685,0.0675,1.0148148148148148,1.5201904824333594,1.781521792469403,1.0,0.335949623819433,0.5094731797483592,-0.0736018674435931,0.7849839247475403,-0.3953953953953952,0.00031017503588,-1.276276276276276,0.2207207207207207,0.6666666666666666,0.6184379121585267,0.7300069807230405,0.1775271550090814,0.0363552083442852,0.049277506968321,1.3554455939754533,0.9111819090884012,0.8173171748318622,1.8287180789500512,0.9984338994961152,0.5229661899774083,-2.488228333295176
BBOB_F20,20,6,2,0,0.1,0.0705,1.4184397163120566,0.362,0.095,3.8105263157894735,0.1295,0.1095,1.182648401826484,1.517980989290861,1.531622421169443,1.0,0.4236716804588214,0.7309596204173873,-0.0619307941130198,0.5288843054795376,-0.6356356356356354,0.0253164847863135,-1.5565565565565564,0.3473473473473473,0.6666666666666666,0.6003474544233508,0.640693110070927,0.1646696273784066,0.0155723955635008,0.0577788963126046,3.710340909142389,0.7253528014630571,0.909933995920298,10.741696323966735,0.9990992302110628,0.4272986746130077,-2.9872341004008227
BBOB_F3,3,4,10,6,0.0957,0.0591,1.6192893401015227,0.1638,0.1175,1.3940425531914893,0.1732,0.106,1.6339622641509433,1.4903241666663003,1.8358793717446595,2.0,0.8919323515482676,0.9273651669530872,-0.3458047116394649,0.7775029055737918,-0.9959959959959956,0.004391800892596,-1.916916916916917,0.5514102820564113,0.9090909090909092,0.1606302002590515,0.5864639286102848,0.2070714662839515,0.0009818451544414,0.0397449856905482,40.479891875779984,0.5846631418700439,0.9197885773648808,59.68531931564807,0.9873299462107727,0.7066679715991342,-3.718187494766591
BBOB_F8,8,1,2,0,0.1,0.1,1.0,0.261,0.2585,1.009671179883946,0.2985,0.1285,2.3229571984435795,2.3072447270655374,4.918651409342005,1.0,0.531690605690939,0.7365265355168782,-0.0820350153916667,0.5710514696249154,-0.3953953953953952,0.002412028207618,-1.796796796796797,0.3688688688688689,1.0,0.5491643078591331,,,,,,,,,,0.4736477813813923,-2.745475218197995
BBOB_F3,3,1,10,0,0.1022,0.0701,1.4579172610556346,0.2081,0.1252,1.662140575079872,0.2672,0.153,1.74640522875817,1.1188544433064889,1.4932755457062257,1.0,0.9072223465527396,0.9297351888479188,-0.4202107402914828,0.8328797125594147,-0.9959959959959956,0.0083738065352664,-1.836836836836837,0.5664132826565313,0.9090909090909092,0.1487359299772012,0.402718869111036,0.2817783695551386,0.0010743789935812,0.01930601619073,17.96946543637987,0.4001035656970031,0.9199302965914744,20.37524692491768,0.977810707491706,0.7008750184899584,-3.7916172048658616
BBOB_F2,2,1,2,5,0.1,0.067,1.4925373134328357,0.25,0.111,2.252252252252252,0.434,0.063,6.888888888888888,0.7537191744568835,-0.5585384024090163,1.0,0.2558072360993015,0.7307194595628388,-0.1034195634547192,0.6033418984801037,-0.5155155155155153,0.0920373199661822,-0.9959959959959956,0.3273273273273273,1.0,0.4396799252523994,0.1008842773394215,0.3046112325392295,5.519273555421402e-05,0.0306503884691875,555.3337438598359,0.1004341622650205,0.9979328655418233,4368.110304992091,0.9981534822459596,0.674855394474222,-1.6959678808699303
BBOB_F1,1,7,2,8,0.1,0.086,1.162790697674419,0.25,0.1605,1.557632398753894,0.462,0.0725,6.372413793103448,0.4683001214384852,-0.3961250395360629,1.0,0.7724215718636989,0.7568921434362924,-0.1233746688004439,0.7074001548159194,-0.6156156156156153,0.0505479682119124,-1.1361361361361362,0.3508508508508508,1.0,0.3771392134160168,0.0163608058812431,0.3269218144768705,0.0029656815349662,0.0090079722201765,3.037403751539013,0.0158683648732506,1.0,1.0000000000000009,1.0,0.1403192877153706,-4.4841306023836935
BBOB_F3,3,2,2,6,0.1,0.0865,1.1560693641618498,0.2885,0.1295,2.227799227799228,0.258,0.1129999999999999,2.283185840707965,2.079071309700508,3.5670250758663986,1.0,0.4130756942549872,0.6857206287561284,-0.069388997724139,0.7736409145074148,-0.2952952952952952,0.0201049641626049,-1.436436436436436,0.491991991991992,1.0,0.5647698142409469,0.4816276172946357,0.1485843323374657,0.002133870584963,0.0513976726938429,24.086593187061546,0.4813697334165866,0.909128386000093,41.61135682782586,0.98597479256847,0.3578865570711678,-3.3492906127755786
BBOB_F22,22,3,2,0,0.1,0.1,1.0,0.25,0.25,1.0,0.4265,0.3285,1.2983257229832572,0.1581655610381039,-1.2226071300193078,4.0,0.2810091839784588,0.6959095148963412,-0.2414741226215433,0.7267706803825138,0.2652652652652651,0.1158948303439811,-0.6556556556556553,0.4144144144144144,1.0,0.3975182273540826,0.0359429106221322,0.4378264651639686,0.0090710699775131,0.0155029975806369,1.7090594184664265,0.1054072538493138,0.138546488688239,5.38918583538037,0.3232869234101224,0.5806827768349765,-2.1871761988284555
BBOB_F1,1,4,10,6,0.0809999999999999,0.0540999999999999,1.497227356746765,0.1392,0.096,1.45,0.1592999999999999,0.1209,1.3176178660049624,0.3455551571350047,-0.0956861309608236,1.0,0.94259229425665,0.9346491082299874,-0.4194372062135604,0.8343263867976256,-1.276276276276276,0.0100693863147602,-1.796796796796797,0.5322064412882577,0.9090909090909092,0.1696498630009764,0.7491837548594302,0.3876835412329755,0.0009514340030115,0.0250657849454952,26.345269210637746,0.7480749370827552,1.0,1.0000000000000429,1.0,0.6461377841257404,-4.485449724351287
BBOB_F21,21,1,10,0,0.1,0.1001,0.9990009990009988,0.2502,0.2423999999999999,1.0321782178217822,0.4224,0.319,1.3241379310344827,-2.211883725612512,9.487490505414412,2.0,0.7385287648776646,0.9111831077754856,-0.6229393615446599,0.8247514530737534,-1.056056056056056,0.0066500180304311,-1.8768768768768769,0.6004200840168034,0.9090909090909092,0.1082797488979684,0.035574680882901,0.8818901869127039,5.264214153353456e-05,0.0039989961936086,75.96568219135156,0.1016117304792002,0.1428816195058045,4.76184778632224,0.2440334744135186,0.9164483923091258,-1.0590747439938806
BBOB_F9,9,1,2,0,0.1,0.1,1.0,0.263,0.2365,1.1120507399577169,0.381,0.0965,3.948186528497409,3.373137683625851,13.583179004631312,4.0,0.5751850919551587,0.7388961335878033,-0.0660359039249028,0.5814001268892502,-0.5555555555555552,0.0018292045048462,-2.2172172172172173,0.3473473473473473,1.0,0.4374869840922067,0.0970530741990183,0.0622011766942148,0.0076571681267017,0.0111425614601269,1.4551804630319056,0.5582520181990684,0.3967881483310519,1.221770424558242,0.9513653624110784,0.4012233398756996,-3.123244138537225
BBOB_F1,1,9,10,0,0.0722,0.0457,1.5798687089715535,0.1201,0.0819999999999999,1.4646341463414638,0.1455,0.1133,1.2842012356575463,0.3193655572357252,-0.0472821624481474,2.0,0.9372676789167116,0.9330489728179192,-0.3952103422675027,0.8312945641156672,-1.316316316316316,0.0083738065352664,-1.8768768768768769,0.5406081216243248,0.9090909090909092,0.1723177899754767,0.8009469324071399,0.3694888756750541,0.0075407722433881,0.0168921487019184,2.240108593218642,0.8000669512092515,1.0,1.0000000000000588,1.0,0.6598842108633476,-4.31120420376447
BBOB_F24,24,5,2,0,0.1,0.1035,0.966183574879227,0.2255,0.218,1.0344036697247707,0.3084999999999999,0.2469999999999999,1.248987854251012,0.5891211617412696,0.2060651691853592,1.0,0.2287858686619363,0.5810271726884455,-0.4036330737449195,0.877575561855287,0.5855855855855853,0.3503842245290676,-0.2552552552552551,0.6806806806806807,1.0,0.5404850598500931,0.3864466860155968,0.3380443754055449,0.0259698048210517,0.0272409314533274,1.0489463298255268,0.3938254294703617,0.5764675673298061,1.024273999043568,0.6276216642784971,0.6020049715662772,-2.075958738045232
BBOB_F20,20,1,10,0,0.111,0.0682,1.627565982404692,0.1858,0.1106,1.6799276672694392,0.1707999999999999,0.1182,1.4450084602368864,1.173261089484821,1.5111725622008088,3.0,0.907811693719342,0.929747562271832,-0.3559328437129581,0.8191662775008067,-1.1761761761761762,0.0069637447306282,-1.896896896896897,0.5427085417083417,0.9090909090909092,0.1652380872682755,0.668611354279344,0.2140342891929697,0.0002687820375294,0.0247365674172045,92.03207046339352,0.7411007236574538,0.9198619665201412,29.24225982391426,0.9986517291401232,0.6942042185953714,-3.876174233579574
BBOB_F1,1,6,2,2,0.1085,0.0409999999999999,2.6463414634146343,0.1629999999999999,0.086,1.895348837209302,0.145,0.1005,1.4427860696517412,0.7555170186004309,-0.2104377781598052,1.0,0.778056098280934,0.7569453852444732,-0.075764906172751,0.6742612396124172,-0.7757757757757754,0.036606951475969,-1.316316316316316,0.3468468468468468,0.6666666666666666,0.6238695109983187,0.7583677118212049,0.2728629115721393,0.0285703916948087,0.0584248175915565,2.0449428280737325,0.7582467430266858,1.0,1.0000000000000009,1.0,0.139415860555461,-4.488842916289178
BBOB_F2,2,1,2,7,0.1,0.067,1.4925373134328357,0.25,0.111,2.252252252252252,0.434,0.063,6.888888888888888,0.7537191744568835,-0.5585384024090163,1.0,0.2558072360993015,0.7307194595628388,-0.1034195634547192,0.5937960040803273,-0.5155155155155153,0.0839312949816636,-0.9759759759759756,0.3198198198198198,1.0,0.4396799252523991,0.1008842773394215,0.3046112325392295,5.519273555421402e-05,0.0306503884691875,555.3337438598359,0.1004341622650205,0.9979328655418233,4368.110304992091,0.9981534822459596,0.674855394474222,-1.6959678808699303
BBOB_F10,10,5,2,0,0.1,0.028,3.571428571428571,0.1515,0.062,2.4435483870967736,0.0059999999999999,0.0059999999999999,1.0,1.031130576906482,-0.2283599503624374,2.0,0.3892154434634314,0.7383336832814057,-0.0568923699585124,0.557315111588228,-0.6156156156156153,0.0290712337727257,-1.356356356356356,0.3153153153153153,0.6666666666666666,0.6351110384546058,0.8196729406444258,0.2605935850479482,0.007144145510787,0.0911805851772369,12.762979846863738,0.8242598745016951,0.9933891605082782,334.7672068423967,0.998459170456991,0.6569643233401858,-1.789288457259684
BBOB_F1,1,0,20,7,0.07965,0.0561,1.4197860962566846,0.14715,0.1044,1.4094827586206895,0.17575,0.1383,1.2707881417208966,0.2414925792592945,-0.0551705246326887,1.0,1.0312380944204578,0.9703140335993068,-0.4698090370746143,,,,,,0.9047619047619048,0.0880826823514709,0.7223289358230384,0.4016801728637434,0.0006488920175338,0.0145082502339537,22.35849701017095,0.7202001326035669,1.0,1.000000000000008,1.0,0.782420638894918,-3.9370977233919824
BBOB_F3,3,5,2,5,0.103,0.0665,1.5488721804511278,0.2575,0.0975,2.6410256410256414,0.2755,0.0995,2.768844221105528,0.6549100878775616,-0.6787356921300685,1.0,0.4558506953102163,0.6776152371920607,-0.1085566260182332,0.8361076383351433,-0.2552552552552551,0.080150069615654,-0.9159159159159156,0.5480480480480481,1.0,0.5223237090641032,0.321267384847415,0.3407112670989293,0.016608715085597,0.0448168264880836,2.6983921547879577,0.3209300181791581,0.9538628836804368,11.829038555653533,0.985815467382449,0.3158093981284201,-3.5687668361924274
BBOB_F1,1,3,2,1,0.1,0.033,3.0303030303030303,0.1755,0.075,2.339999999999999,0.096,0.087,1.1034482758620692,0.7014925920161403,-0.5513964276634358,1.0,0.7807343247543591,0.7582593008365843,-0.0708865367599614,0.6677681931575284,-0.7757757757757754,0.0349577557436327,-1.316316316316316,0.3458458458458458,0.6666666666666666,0.6338744887956187,0.8128918667237119,0.3037326743510375,0.0040104345653267,0.0741410609867438,18.487039192148803,0.8127981944521055,1.0,1.0000000000000004,1.0,0.1405026167015986,-4.483174350712926
BBOB_F6,6,1,2,0,0.089,0.0305,2.918032786885245,0.0425,0.0395,1.0759493670886076,0.03,0.0295,1.0169491525423728,0.9708768337195508,-0.0401610890196675,3.0,0.7578713150415776,0.7516609368311695,-0.0553137516274273,0.5775496845520542,-0.6356356356356354,0.0220466873523941,-1.6166166166166165,0.3448448448448448,0.6666666666666666,0.6448572345356121,0.8723940445290097,0.2147634569428902,0.0226819172791997,0.0697591564231342,3.075540553492196,0.9120150733498402,0.9544090997628712,5.156451945832741,0.99420494100918,0.1943858139129661,-4.202117337199551
BBOB_F1,1,4,2,4,0.1,0.0784999999999999,1.2738853503184715,0.2805000000000001,0.1305,2.149425287356322,0.284,0.16,1.775,0.7911627119982504,0.0807121432683906,1.0,0.7659481772868564,0.7559876970341503,-0.1010920081964333,0.6931375614157023,-0.6756756756756753,0.038333951017666,-1.256256256256256,0.3578578578578578,1.0,0.5407462332259892,0.3868747857872667,0.281731214197688,0.0079966144479521,0.0428445433943606,5.357835328090993,0.386567835840256,1.0,1.000000000000001,1.0,0.1402656581302152,-4.484410336546101
BBOB_F1,1,3,10,4,0.0687,0.0427,1.6088992974238874,0.1152,0.0821999999999999,1.4014598540145988,0.137,0.1092,1.2545787545787546,0.3098255478644399,-0.080637697681893,1.0,0.9307972990015444,0.9330212305038325,-0.3822623004964153,0.8320643023734151,-1.316316316316316,0.0083738065352664,-1.8768768768768769,0.5298059611922384,0.8181818181818182,0.1732658625853241,0.8220190143386898,0.3779415383152287,0.0003641683386721,0.0199775387979336,54.85797823824283,0.8212321893836285,1.0,1.0000000000000286,1.0,0.6655799965852848,-4.239006157885774
BBOB_F12,12,8,2,0,0.1,0.052,1.923076923076923,0.25,0.074,3.378378378378377,0.422,0.078,5.41025641025641,6.420743417417848,51.21877244625415,6.0,0.3816886053873538,0.7274075224721337,-0.0550727033622382,0.6492552295371612,-0.5555555555555552,0.0012650337203959,-2.617617617617617,0.3708708708708709,1.0,0.4739153331099319,0.1775500966098866,0.0270201556108993,0.0076178531579289,0.0088288659725851,1.1589703541864445,0.4287435907113918,0.3411216925781515,1.3937291201935056,0.8567911453442533,0.8747342713290963,-0.6533912874122008
BBOB_F3,3,5,10,2,0.1022,0.073,1.4,0.2135,0.1363,1.566397652237711,0.2519,0.1701999999999999,1.4800235017626326,0.9617202961483144,0.7909669924764255,1.0,0.9084439172960532,0.9295367338795332,-0.4421686804875769,0.825815565138448,-1.036036036036036,0.009615746001432,-1.7567567567567566,0.5741148229645929,0.9090909090909092,0.1545699605403145,0.4905454539129692,0.2929338365681712,0.0013624560451953,0.0314581868129278,23.089322348316184,0.488351460894282,0.9312854630497028,21.51443843985126,0.9855324665742076,0.6752954490231825,-4.115856040397668
BBOB_F3,3,6,2,5,0.1135,0.0615,1.845528455284553,0.1225,0.075,1.6333333333333329,0.0045,0.0045,1.0,1.722198144430501,1.755102542903451,2.0,0.4843471968227538,0.7022077877511832,-0.0509825135319357,0.698243200393716,-0.4154154154154152,0.0069637447306282,-1.896896896896897,0.4459459459459459,0.6666666666666666,0.5995542605280417,0.6374740145109115,0.1727674278034809,0.0006997043938283,0.073496314694113,105.03909271168342,0.6372930335739864,0.9393981738687815,156.8358183382148,0.9944256518763952,0.4066791900622131,-3.094786195450017
BBOB_F2,2,7,10,5,0.1001,0.0617,1.6223662884927068,0.2675,0.1112,2.4055755395683454,0.3456,0.1095,3.156164383561644,0.7922375804735309,-0.0884133048662523,2.0,0.8079714199243959,0.9183790833378686,-0.4205628872757694,0.8152294429661876,-0.9759759759759756,0.0132777082935542,-1.5565565565565564,0.5629125825165033,0.9090909090909092,0.1376904114571938,0.2638777515896624,0.2852657685076014,6.969157311556475e-06,0.02922045942943,4192.825347904795,0.2606194473151687,0.9987033574403044,342208.61038158234,0.9988965779915496,0.8504530396755275,-1.895611743423132
BBOB_F2,2,8,10,4,0.0854999999999999,0.0374,2.286096256684492,0.0784,0.0481,1.62993762993763,0.0196,0.0175,1.12,0.7739559873538836,-0.7931845738561498,2.0,0.8076413070884463,0.9190977868183778,-0.2878622456354233,0.7327265155561115,-0.9759759759759756,0.006064329395408,-1.7367367367367363,0.5217043408681736,0.8181818181818182,0.1763123880324683,0.8824423477104572,0.3172132191577292,9.701860408689589e-06,0.094047570565716,9693.766618357158,0.8819194097705607,0.9959778722682822,603005.5868919559,0.9962957010079624,0.845212464868176,-1.962039674325565
BBOB_F10,10,3,2,0,0.1,0.047,2.127659574468085,0.25,0.0765,3.26797385620915,0.3864999999999999,0.0759999999999999,5.085526315789474,1.4470468135163914,1.541865778446657,1.0,0.3565851311569879,0.7253521667195009,-0.0774970252348407,0.6456193655353908,-0.6556556556556553,0.0145600599502064,-1.5165165165165162,0.3683683683683684,1.0,0.4372403771516237,0.0959335932334174,0.171747621044854,0.0126174502056442,0.0169468028677307,1.3431242122239384,0.7165692412741667,0.3751858231609406,1.7179375056857296,0.9984716517541352,0.7917228915348806,-1.0863821212906464
BBOB_F16,16,6,2,0,0.1,0.1,1.0,0.25,0.25,1.0,0.4865,0.4554999999999999,1.0680570801317235,1.375453570898003,2.114464312191484,2.0,0.1732207206824802,0.5822530692208097,-0.4002012703490876,0.8234575880504386,0.4654654654654652,0.24231727942376,-0.3553553553553552,0.5715715715715716,1.0,0.3422596941415957,-0.0002665652344506,0.2202555651968766,0.0006643073483464,0.0014806985668691,2.228936004629229,0.0083867503866708,-0.000663114386789,1.4486862990564988,0.17481584916605,0.9349017890118544,-0.3395549951058196
BBOB_F1,1,3,2,9,0.1,0.033,3.0303030303030303,0.1755,0.075,2.339999999999999,0.096,0.087,1.1034482758620692,0.7014925920161403,-0.5513964276634358,1.0,0.7807343247543591,0.7582593008365843,-0.0708865367599614,0.6700275335788471,-0.7757757757757754,0.0349577557436327,-1.336336336336336,0.3398398398398398,0.6666666666666666,0.6338744887956186,0.8128918667237119,0.3037326743510375,0.0040104345653267,0.0741410609867438,18.487039192148803,0.8127981944521055,1.0,1.0000000000000004,1.0,0.1405026167015986,-4.483174350712926
BBOB_F6,6,0,2,0,0.0564999999999999,0.019,2.9736842105263155,0.146,0.0565,2.584070796460176,0.2905,0.109,2.665137614678899,1.30045749388151,1.8867377739651292,5.0,0.7699827672208372,0.7552679785630061,-0.0834584173987014,0.6192785988507024,-0.5755755755755754,0.027761532944368,-1.396396396396396,0.3548548548548548,1.0,0.47381350185369,0.1763694738481497,0.206637032378578,0.0132744908523274,0.0252519124507757,1.9022885873131872,0.6254920795234525,0.4788556787662003,1.0571500925501158,0.9918736337818436,0.1706276400875904,-4.3260409669667
BBOB_F9,9,4,2,0,0.1,0.1,1.0,0.2535,0.236,1.0741525423728815,0.3804999999999999,0.0625,6.087999999999997,2.627184127920716,7.965468873844353,2.0,0.5658636264894013,0.7428839446441348,-0.0926130849003192,0.5417506500151348,-0.4354354354354351,0.0020058677795082,-1.7567567567567566,0.3323323323323323,1.0,0.4914693892122525,0.2237258643382544,0.0946147800488438,0.0144202270127561,0.020202241646643,1.4009655762542517,0.3266126002680823,0.7554104725833134,11.731072899308764,0.9446286411943228,0.4342110562797678,-2.951178828106878
BBOB_F2,2,6,10,4,0.1,0.069,1.4492753623188404,0.2979,0.088,3.3852272727272728,0.0804999999999999,0.0842999999999999,0.9549228944246738,0.954930305416572,-0.3204182697896844,2.0,0.8079209276575807,0.917323248665968,-0.3084301889785821,0.8001815912747164,-0.9959959959959956,0.009615746001432,-1.7167167167167163,0.5661132226445289,0.9090909090909092,0.16963844640504,0.7497229206020437,0.2779004068421613,8.541153630442933e-06,0.0759969542292382,8897.738820475604,0.7486145710159728,0.9976546994469292,75959.38075794531,0.9992883270994432,0.8392003576220959,-2.0382473155485066
BBOB_F2,2,7,2,5,0.1,0.0465,2.1505376344086025,0.4004999999999999,0.066,6.068181818181816,0.072,0.087,0.8275862068965517,1.253892012358477,0.4595664107755852,1.0,0.3016168127037359,0.732200523887074,-0.0689459222231201,0.589966846964149,-0.5155155155155153,0.0440193518520887,-1.276276276276276,0.3278278278278278,0.6666666666666666,0.6118275760758133,0.6977282542425641,0.2346448674075192,5.109980842596728e-05,0.0777484336895175,1521.5014710311173,0.6975770772112284,0.9970140616598446,2538.881630404386,0.9986479595096168,0.6790923372260574,-1.6738678100150637
BBOB_F14,14,3,2,0,0.1,0.0849999999999999,1.1764705882352944,0.2519999999999999,0.1265,1.9920948616600789,0.392,0.06,6.533333333333332,1.523122350254548,1.6662100786679606,1.0,0.7825296347930366,0.7603142519216688,-0.1032602090452047,0.5631910092044524,-0.3953953953953952,0.0034877274748141,-1.336336336336336,0.3173173173173173,1.0,0.4806875906600338,0.1945539878764246,0.1794044346496749,0.001765537845531,0.0327110607737564,18.527533044140142,0.2102082582473136,0.9466011116097892,53.832419488830254,0.9767032405989388,0.1434489691197059,-4.467806053094231
BBOB_F2,2,5,2,0,0.1,0.0115,8.695652173913045,0.0445,0.001,44.5,0.0005,0.0005,1.0,0.7051569896968048,-0.9599236634690452,2.0,0.2622009366650898,0.7289130639635922,-0.0508211809621445,0.5338962920686354,-0.6156156156156153,0.0401424249049932,-1.316316316316316,0.3143143143143143,0.6666666666666666,0.6502184982064436,0.9036472641959444,0.330428665197276,1.8429311522566924e-05,0.1092649234510054,5928.866269215165,0.903599045119718,0.9943123396131672,1301.0439180648568,0.9955653662709522,0.6325260500025945,-1.9167595145680256
BBOB_F2,2,3,10,0,0.0878999999999999,0.0354,2.4830508474576267,0.0775999999999999,0.0358,2.1675977653631278,0.0294,0.028,1.05,0.8296671022497943,-0.3855765314760639,1.0,0.7956305836927411,0.9179831669934368,-0.30453423582119,0.7512384403311407,-1.036036036036036,0.0066500180304311,-1.7767767767767764,0.5343068613722745,0.8181818181818182,0.175973934411748,0.8754088532927307,0.2796502182682284,5.613029362266757e-06,0.0776490726991428,13833.71931405418,0.8748590846711828,0.9982307831533848,56292.97128658904,0.9983354723237988,0.8498471235933118,-1.9032921512260383
BBOB_F6,6,0,10,0,0.0784999999999999,0.0520999999999999,1.5067178502879075,0.1502999999999999,0.0979,1.535240040858018,0.2007,0.1271,1.5790715971675848,0.9059404493151122,0.7411374372039958,5.0,0.8816574120146121,0.928110841966812,-0.3760462819010745,0.8170055241595691,-1.2162162162162162,0.0066500180304311,-1.8768768768768769,0.533506701340268,0.9090909090909092,0.1617332600997407,0.6067528035198391,0.2137056503994031,0.0031512982267561,0.0199777873016666,6.339541948789543,0.7932542140284626,0.7439783339515598,2.861988782355242,0.9443059874738192,0.7484485723302595,-3.1885893189069527
BBOB_F18,18,5,2,0,0.1,0.077,1.2987012987012987,0.2729999999999999,0.1555,1.755627009646302,0.1925,0.141,1.3652482269503543,3.7985062275657766,18.44166148254384,5.0,0.3520946104094626,0.6225681002209212,-0.1768630912173267,0.767490658162818,0.4254254254254251,0.0191992066559328,-1.296296296296296,0.6466466466466466,1.0,0.5436841295102196,0.3968600855120088,0.0591482755562913,0.0126383310582994,0.0214196317398233,1.6948148961296,0.5638064199059911,0.5434994889946891,3.5685140066820544,0.7745437892417166,0.3922215843657737,-3.1701976723090404
BBOB_F11,11,6,10,0,0.0452,0.0158,2.860759493670886,0.0111999999999999,0.0185,0.6054054054054052,0.0342,0.0349999999999999,0.9771428571428572,1.6031694459168782,2.918095587573488,2.0,0.7414277864700358,0.9127319236233696,-0.2969597217417804,0.752176787084226,-1.1761761761761762,0.0048159579101923,-2.017017017017017,0.5047009401880376,0.8181818181818182,0.1741821247499466,0.8375767570339229,0.1520120868758009,0.0019588513684197,0.0373362303063157,19.06026710767517,0.953407873918538,0.8736223919804483,228.16988231103213,0.9946657690841352,0.8877741353376529,-1.4225408962387789
BBOB_F2,2,3,2,4,0.1,0.012,8.333333333333334,0.0394999999999999,0.0174999999999999,2.257142857142857,0.0005,0.0005,1.0,0.8640870597333834,-0.3987728115600752,1.0,0.4055800221545731,0.737276668206327,-0.0587107508693155,0.5766660548015695,-0.5755755755755754,0.0333828586473176,-1.376376376376376,0.3228228228228228,0.6666666666666666,0.6473880815313633,0.8875576271828564,0.2762202394106648,1.85839013663798e-05,0.0919911247951343,4950.043749239639,0.8875015117234308,0.9977691274450224,2518.722817424278,0.998126084110714,0.6402514177306142,-1.876463672927216
BBOB_F3,3,7,2,0,0.1,0.096,1.0416666666666667,0.363,0.095,3.8210526315789473,0.007,0.007,1.0,2.059088458297793,3.400125401586731,1.0,0.4540134745579777,0.6893937176686245,-0.0588822687930173,0.7305303470160874,-0.2952952952952952,0.009615746001432,-1.836836836836837,0.477977977977978,0.6666666666666666,0.5859324796425901,0.5738293628559512,0.1408769207243172,2.6976631727433264e-05,0.060402243255419,2239.0580064150245,0.5736165469195874,0.9026161138228196,128.63306989326796,0.9838223274443448,0.4201351355251997,-3.024599420322501
BBOB_F3,3,0,10,6,0.0674,0.0366,1.8415300546448088,0.124,0.0784,1.5816326530612246,0.1702999999999999,0.1199,1.420350291909925,1.1166735729258357,0.892931352350113,2.0,0.882142027139524,0.926100153662954,-0.3667198797507717,0.7810487752740791,-1.056056056056056,0.0057911226476417,-1.836836836836837,0.533006601320264,0.9090909090909092,0.1652314668243706,0.6660549988471827,0.233259360219349,0.0001527049237632,0.0374433006455359,245.20034929317717,0.6645845125347538,0.94830620043692,78.78949122512084,0.993497071096034,0.7236586681320109,-3.5028185978877886
BBOB_F1,1,1,10,1,0.0964,0.0655,1.4717557251908395,0.1839,0.1241,1.4818694601128122,0.213,0.1497,1.4228456913827654,0.3716013159145216,-0.0261531130090153,1.0,0.9590675068792924,0.936693686306131,-0.4540226046393324,0.8446068572331951,-1.2162162162162162,0.0105444279352616,-1.7767767767767764,0.5578115623124625,0.9090909090909092,0.1612822035632211,0.5993281708421077,0.3774554365136944,0.0009379808413524,0.0242602677344781,25.86435315618816,0.5975568659310794,1.0,1.0000000000000104,1.0,0.6312313780714917,-4.674398789630574
BBOB_F5,5,2,10,0,0.0313,0.0143,2.188811188811189,0.0108,0.0223,0.484304932735426,0.0153,0.0154,0.9935064935064936,-0.0008698351918439,-0.3155679583916888,2.0,0.7806187607213212,0.9144958579402857,-0.3336009227219245,0.8252390460471418,-1.416416416416416,0.0069637447306282,-1.956956956956957,0.5141028205641128,0.8181818181818182,0.1817208688911158,1.0,0.4687417078834872,0.0032157615018922,0.0321576150189221,9.999999999999918,1.0,1.0,4.518498445124004,1.0,0.8345051844088999,-2.097761901876636
BBOB_F23,23,1,10,0,0.1,0.1,1.0,0.25,0.25,1.0,0.4904999999999999,0.4992,0.9825721153846152,0.5203940092734225,-0.0776661153838942,1.0,0.5847267000384204,0.8806307900788091,-0.5694095433894388,0.8731887132607017,-0.8158158158158154,0.0230867799418716,-1.396396396396396,0.6698339667933587,0.9090909090909092,0.0932816680867282,-0.0003135805242322,0.3575155349436881,1.2515902352264855e-05,0.0009519996163023,76.0632025968234,-0.0014750020371758,-0.0006940065398417,5.666791457216669,-0.0017328837113186,1.0004112014405049,0.0052122642803436
BBOB_F15,15,3,10,0,0.0825999999999999,0.0512,1.6132812499999996,0.1436,0.0936999999999999,1.5325506937033089,0.128,0.1043,1.227229146692234,8.461805347805305,142.37286438231345,6.0,0.8927816069389639,0.9278604340729132,-0.2246638346312494,0.7795517630857696,-1.7567567567567566,0.0006335804992658,-2.8778778778778773,0.5206041208241649,0.9090909090909092,0.1518214136787523,0.4491132932096938,0.0273920384952081,0.0007986590690182,0.0053644912894019,6.716872690115834,0.6757139309068778,0.5131369100501098,9.206964811390725,0.792106163716433,0.6992753632328477,-3.811893947931909
BBOB_F3,3,1,2,0,0.1035,0.071,1.4577464788732395,0.2239999999999999,0.096,2.333333333333333,0.1155,0.1159999999999999,0.995689655172414,0.9037995959997714,-0.3360116216953921,1.0,0.4670003234974021,0.6808012851616225,-0.0881652494383857,0.8494033259323159,-0.3353353353353351,0.0697981390783066,-0.9759759759759756,0.544044044044044,0.6666666666666666,0.6133466213008133,0.7056881590116892,0.2996593595148904,0.0088869014380172,0.0721979680665443,8.124087857854335,0.7055411173659732,0.9839907784591057,8.836578983395492,0.9912581331932504,0.4009755735205143,-3.124536498223387
BBOB_F8,8,6,2,0,0.1105,0.076,1.4539473684210529,0.1395,0.086,1.6220930232558142,0.0569999999999999,0.0664999999999999,0.8571428571428572,1.8366112365652705,2.4861875263240893,1.0,0.6428656060548203,0.7457188609014026,-0.0662433032046607,0.5518272129234252,-0.4554554554554552,0.0009161402457138,-1.9369369369369367,0.3643643643643643,0.6666666666666666,0.5954399363586785,0.618265408781056,0.1344978538633976,0.0086000053012402,0.0571254153642108,6.642486064046073,0.6279591833018381,0.930487495367454,59.50727209976317,0.9961260756245316,0.3232872378000944,-3.529762111261049
BBOB_F1,1,0,10,9,0.0833999999999999,0.0542,1.538745387453874,0.1425,0.1008,1.4136904761904765,0.1669,0.1277,1.306969459671104,0.342068294348878,-0.1195355306211194,1.0,0.9425795571530338,0.9342691728755006,-0.411405140737095,0.8343727811967506,-1.256256256256256,0.009615746001432,-1.8168168168168168,0.546009201840368,0.9090909090909092,0.1688521350809599,0.7361022962842763,0.3886993035832645,0.0015531971404858,0.0227641512937262,14.65631805541791,0.7349356475094344,1.0,1.0000000000000122,1.0,0.6528881683787955,-4.399883908537005
BBOB_F23,23,0,2,0,0.1,0.1,1.0,0.25,0.25,1.0,0.4819999999999999,0.496,0.971774193548387,-0.0034002275034005,-1.0436400461966575,2.0,0.1527015649941292,0.5377791100194348,-0.6871760026317009,0.8816448838199922,1.0060060060060056,0.9660174799522646,0.2052052052052051,0.6721721721721722,1.0,0.3444214293185792,9.76605968063815e-05,0.5159406614385387,0.0003990512987343,0.0029483916233012,7.388502763059196,0.0004825423886488,-3.5555587682534195e-05,13.268752947947252,0.0011721156525382,1.067503914238493,0.3521032440207774
BBOB_F6,6,6,2,0,0.1,0.044,2.272727272727273,0.178,0.0814999999999999,2.184049079754601,0.121,0.0915,1.3224043715846994,2.8127014608455694,10.626607410192149,7.0,0.750948870091305,0.7520796213369827,-0.0660046542955868,0.6014116458542066,-0.4354354354354351,4.371602248248502e-05,-2.277277277277277,0.3618618618618618,1.0,0.5423971736981323,0.3924866957769325,0.0775282166870339,0.0044855981228066,0.0277079983467495,6.1771022700117415,0.40213734338432,0.6718231679211961,1.2717472895137458,0.9430970905672224,0.1806405425142937,-4.273813248525813
BBOB_F3,3,3,2,8,0.1,0.086,1.162790697674419,0.293,0.1224999999999999,2.3918367346938783,0.2314999999999999,0.137,1.68978102189781,2.089084180006075,3.640765997785424,1.0,0.4398204383727781,0.6824821314488437,-0.0678714348399805,0.7877891109805222,-0.2752752752752751,0.0230867799418716,-1.4764764764764762,0.494994994994995,0.6666666666666666,0.568728284461507,0.498116580916058,0.1476036599257442,0.001951642435774,0.0522270277073179,26.760551395063537,0.497866674771043,0.9083753775232356,39.69613125370324,0.9852096827885516,0.3494388210552601,-3.393354357661887
BBOB_F3,3,4,10,2,0.0957,0.0591,1.6192893401015227,0.1638,0.1175,1.3940425531914893,0.1732,0.106,1.6339622641509433,1.4903241666663003,1.8358793717446595,2.0,0.8919323515482676,0.9273651669530872,-0.3458047116394649,0.7766658724680244,-0.9959959959959956,0.0045989920905224,-1.916916916916917,0.5564112822564513,0.9090909090909092,0.1606302002590513,0.5864639286102848,0.2070714662839515,0.0009818451544414,0.0397449856905482,40.479891875779984,0.5846631418700439,0.9197885773648808,59.68531931564807,0.9873299462107727,0.7066679715991342,-3.718187494766591
BBOB_F3,3,0,2,3,0.1,0.0784999999999999,1.2738853503184715,0.272,0.1275,2.1333333333333333,0.4665,0.0625,7.464,1.7449886811836477,3.113833986243568,1.0,0.4603358290221734,0.680162296262363,-0.108286082306412,0.8154415930763049,-0.2152152152152151,0.0554298551568466,-1.1161161161161162,0.5455455455455456,1.0,0.4348736042531707,0.0920997064983053,0.2093245115188073,0.0069529583135221,0.0193094790414217,2.777160191492683,0.0916453533921822,0.8777507992660738,19.094124832265887,0.9676405666264952,0.3295305601478374,-3.4971966803981647
BBOB_F13,13,3,10,0,0.0959,0.0606,1.5825082508250825,0.1921,0.0991,1.9384460141271445,0.2364,0.1204,1.9634551495016608,0.1632501239949617,0.0301242729595041,1.0,0.9266189022765484,0.932246890548202,-0.4351331154535064,0.8393672679498393,-1.276276276276276,0.0091825428356562,-1.836836836836837,0.5374074814962992,0.9090909090909092,0.1564507825655061,0.5196458044265888,0.4624716533215535,0.0018657559567013,0.0206116703009999,11.047356020474124,0.7524023315924286,0.750988631057945,2.433381353558788,0.9917266238520944,0.6942527686885704,-3.8755588273779855
BBOB_F2,2,8,10,3,0.0854999999999999,0.0374,2.286096256684492,0.0784,0.0481,1.62993762993763,0.0196,0.0175,1.12,0.7739559873538836,-0.7931845738561498,2.0,0.8076413070884463,0.9190977868183778,-0.2878622456354233,0.7395171741702344,-0.9759759759759756,0.006064329395408,-1.7167167167167163,0.5284056811362272,0.8181818181818182,0.1763123880324687,0.8824423477104572,0.3172132191577292,9.701860408689589e-06,0.094047570565716,9693.766618357158,0.8819194097705607,0.9959778722682822,603005.5868919559,0.9962957010079624,0.845212464868176,-1.962039674325565
BBOB_F18,18,3,2,0,0.064,0.046,1.3913043478260874,0.116,0.1105,1.0497737556561089,0.2245,0.2194999999999999,1.0227790432801824,0.983909170067344,0.3236181118710783,1.0,0.3238428551674167,0.6110969752997117,-0.3389382487849759,0.8165718059234084,0.3053053053053052,0.2314005380130654,-0.3153153153153152,0.5745745745745746,0.6666666666666666,0.5798989005626648,0.5475225413363113,0.2677394351396976,0.0219538852275011,0.0480633823717332,2.189288222729947,0.547920903413577,0.5477997183961325,22.334893155326625,0.5504279861240362,0.3175717984362579,-3.5595740823698785
BBOB_F2,2,5,2,3,0.1,0.0115,8.695652173913045,0.0445,0.001,44.5,0.0005,0.0005,1.0,0.7051569896968048,-0.9599236634690452,2.0,0.2622009366650898,0.7289130639635922,-0.0508211809621445,0.5450289083783939,-0.6156156156156153,0.0401424249049932,-1.316316316316316,0.3248248248248248,0.6666666666666666,0.6502184982064435,0.9036472641959444,0.330428665197276,1.8429311522566924e-05,0.1092649234510054,5928.866269215165,0.903599045119718,0.9943123396131672,1301.0439180648568,0.9955653662709522,0.6325260500025945,-1.9167595145680256
BBOB_F2,2,3,10,5,0.0878999999999999,0.0354,2.4830508474576267,0.0775999999999999,0.0358,2.1675977653631278,0.0294,0.028,1.05,0.8296671022497943,-0.3855765314760639,1.0,0.7956305836927411,0.9179831669934368,-0.30453423582119,0.7492659260931687,-1.036036036036036,0.0072922720587283,-1.7567567567567566,0.535507101420284,0.8181818181818182,0.1759739344117477,0.8754088532927307,0.2796502182682284,5.613029362266757e-06,0.0776490726991428,13833.71931405418,0.8748590846711828,0.9982307831533848,56292.97128658904,0.9983354723237988,0.8498471235933118,-1.9032921512260383
BBOB_F1,1,8,10,1,0.0723999999999999,0.0495,1.4626262626262625,0.1288,0.0935,1.3775401069518716,0.1535,0.1149999999999999,1.3347826086956522,0.3272971245672494,-0.0347991623133068,1.0,0.9418170954189264,0.934287718399962,-0.4057258333017515,0.8319524120266354,-1.296296296296296,0.0087688560945874,-1.836836836836837,0.5323064612922584,0.9090909090909092,0.1711639368746524,0.7795444674117137,0.3687195950955766,0.0001571793235344,0.022155033497389,140.9538672084231,0.7785698694012728,1.0,1.0000000000000322,1.0,0.6487100342300188,-4.452844665083536
BBOB_F1,1,0,20,4,0.07965,0.0561,1.4197860962566846,0.14715,0.1044,1.4094827586206895,0.17575,0.1383,1.2707881417208966,0.2414925792592945,-0.0551705246326887,1.0,1.0312380944204578,0.9703140335993068,-0.4698090370746143,,,,,,0.9047619047619048,0.0880750005639253,0.7223289358230384,0.4016801728637434,0.0006488920175338,0.0145082502339537,22.35849701017095,0.7202001326035669,1.0,1.000000000000008,1.0,0.782420638894918,-3.9370977233919824
BBOB_F6,6,7,10,0,0.0739,0.0515,1.434951456310679,0.1425,0.0915999999999999,1.5556768558951966,0.1717,0.1147999999999999,1.495644599303136,0.7580980830718304,0.3425355414781617,5.0,0.882822726283603,0.927801862706462,-0.3744324082142657,0.8230127601856673,-1.2162162162162162,0.0069637447306282,-1.8568568568568569,0.5343068613722745,0.9090909090909092,0.1662383605481026,0.6860830265962412,0.2473947345612628,0.001926780144912,0.0221925382216641,11.517940061955926,0.8047596472952175,0.8275141432821869,9.77801455007029,0.9588131147049952,0.731317472232832,-3.4057379286278184
BBOB_F10,10,0,2,0,0.1,0.0345,2.898550724637681,0.1945,0.0595,3.2689075630252105,0.01,0.01,1.0,0.963144462411894,-0.2126729163578131,2.0,0.398282238234925,0.7388844104651525,-0.0615332472302059,0.5750187175501927,-0.6556556556556553,0.0349577557436327,-1.336336336336336,0.3233233233233233,0.6666666666666666,0.637314349277324,,,,,,,,,,0.6278796254715837,-1.9409954595339207
BBOB_F2,2,0,10,5,0.0979,0.0385,2.5428571428571427,0.0814999999999999,0.0366,2.2267759562841523,0.0220999999999999,0.0212999999999999,1.0375586854460097,0.8181655289845317,-0.6860036483160941,2.0,0.7994352175836019,0.9187503244895232,-0.2883700817575677,0.7356872857002351,-0.9759759759759756,0.0063504251685959,-1.7567567567567566,0.5273054610922184,0.8181818181818182,0.1758101384065824,0.8720141933925512,0.3057647058513442,8.603613683478423e-06,0.0911375816166297,10592.942101949771,0.8714453400836213,0.996810681054274,296049.23873527674,0.996884170083874,0.8575406521038749,-1.8057713259191173
BBOB_F17,17,2,2,0,0.1,0.098,1.020408163265306,0.2995,0.182,1.6456043956043955,0.1934999999999999,0.1825,1.0602739726027397,4.2306202340853645,24.260609924190483,5.0,0.3656843962202892,0.6230220176597525,-0.1896985408167026,0.804111748878025,0.3053053053053052,0.0265108360190853,-1.1161161161161162,0.5980980980980981,1.0,0.5389160666045661,0.3806028999347192,0.0574832720429655,0.0136006377504381,0.0145182459632418,1.0674680283116968,0.5246457887647585,0.5206851459398438,1.5012824200702206,0.7635279626527524,0.2351957797389991,-3.989250846154956
BBOB_F9,9,2,10,0,0.1,0.0921999999999999,1.084598698481562,0.25,0.1953,1.2800819252432156,0.4221,0.1915,2.204177545691906,1.956466951644433,7.165633083105515,4.0,0.938641167902392,0.9344978716345552,-0.4449524564141612,0.824621262738229,-1.256256256256256,0.0048159579101923,-2.017017017017017,0.5682136427285457,0.9090909090909092,0.1108527945686496,0.0472182263802278,0.1111393384359305,0.0002649034201451,0.0043218235552383,16.31471406775496,0.1574229765580351,0.5679472588212641,1.5335831482849944,0.718277066363358,0.6770269516972349,-4.093908039611955
BBOB_F19,19,8,2,0,0.1,0.1,1.0,0.25,0.266,0.9398496240601504,0.388,0.1665,2.33033033033033,3.434328477564516,14.38656984309431,5.0,0.3053565653977247,0.6320908986403834,-0.0899392356243178,0.8610787680021211,-0.3553553553553552,0.038333951017666,-1.1961961961961962,0.6026026026026026,1.0,0.457087653607141,0.1374037996685823,0.0736364037272476,0.0103728425453865,0.0112200521074138,1.0816757372263524,0.5563282159363325,0.4279379730904958,1.7615160476383769,0.93791815109115,0.5099482399941898,-2.556130505655096
BBOB_F1,1,0,10,7,0.0833999999999999,0.0542,1.538745387453874,0.1425,0.1008,1.4136904761904765,0.1669,0.1277,1.306969459671104,0.342068294348878,-0.1195355306211194,1.0,0.9425795571530338,0.9342691728755006,-0.411405140737095,0.8407396579270974,-1.256256256256256,0.0091825428356562,-1.836836836836837,0.5421084216843368,0.9090909090909092,0.1688521350809601,0.7361022962842763,0.3886993035832645,0.0015531971404858,0.0227641512937262,14.65631805541791,0.7349356475094344,1.0,1.0000000000000122,1.0,0.6528881683787955,-4.399883908537005
BBOB_F3,3,6,2,3,0.1135,0.0615,1.845528455284553,0.1225,0.075,1.6333333333333329,0.0045,0.0045,1.0,1.722198144430501,1.755102542903451,2.0,0.4843471968227538,0.7022077877511832,-0.0509825135319357,0.694702826748198,-0.4154154154154152,0.0072922720587283,-1.896896896896897,0.4549549549549549,0.6666666666666666,0.5995542605280412,0.6374740145109115,0.1727674278034809,0.0006997043938283,0.073496314694113,105.03909271168342,0.6372930335739864,0.9393981738687815,156.8358183382148,0.9944256518763952,0.4066791900622131,-3.094786195450017
BBOB_F18,18,9,2,0,0.0925,0.0665,1.3909774436090223,0.185,0.149,1.2416107382550337,0.342,0.24,1.4250000000000005,2.3133953644600838,6.946246265300882,4.0,0.3490000864534366,0.6192501909537775,-0.2801052837853077,0.8011552593104238,0.5855855855855853,0.0920373199661822,-0.6556556556556553,0.6341341341341341,1.0,0.4997027857187974,0.2489601280448912,0.1239011162570487,0.0137591715842869,0.0190654148508136,1.3856513623673756,0.2598464736806601,0.5411530891542053,6.693662118463887,0.6661986123001699,0.3711376442346951,-3.280172387118384
BBOB_F3,3,0,2,2,0.1,0.0784999999999999,1.2738853503184715,0.272,0.1275,2.1333333333333333,0.4665,0.0625,7.464,1.7449886811836477,3.113833986243568,1.0,0.4603358290221734,0.680162296262363,-0.108286082306412,0.8124834112260906,-0.2152152152152151,0.0554298551568466,-1.1161161161161162,0.5430430430430431,1.0,0.4348736042531707,0.0920997064983053,0.2093245115188073,0.0069529583135221,0.0193094790414217,2.777160191492683,0.0916453533921822,0.8777507992660738,19.094124832265887,0.9676405666264952,0.3295305601478374,-3.4971966803981647
BBOB_F2,2,6,10,9,0.1,0.069,1.4492753623188404,0.2979,0.088,3.3852272727272728,0.0804999999999999,0.0842999999999999,0.9549228944246738,0.954930305416572,-0.3204182697896844,2.0,0.8079209276575807,0.917323248665968,-0.3084301889785821,0.7975937820548425,-0.9959959959959956,0.009615746001432,-1.7167167167167163,0.5633126625325064,0.9090909090909092,0.16963844640504,0.7497229206020437,0.2779004068421613,8.541153630442933e-06,0.0759969542292382,8897.738820475604,0.7486145710159728,0.9976546994469292,75959.38075794531,0.9992883270994432,0.8392003576220959,-2.0382473155485066
BBOB_F1,1,0,2,0,0.101,0.039,2.589743589743589,0.188,0.08,2.35,0.1305,0.1065,1.2253521126760565,0.7461945913596539,-0.3925793272435602,1.0,0.7798998649419434,0.757425353388883,-0.0754329614711643,0.6646500938496559,-0.7557557557557554,0.036606951475969,-1.276276276276276,0.3463463463463463,0.6666666666666666,0.6258274932161954,0.7691907066674988,0.2890431911251327,0.0139917047811556,0.0679515065222709,4.8565566230206265,0.7690751562077953,1.0,1.0000000000000018,1.0,0.1423272397026712,-4.473657040716311
BBOB_F2,2,7,2,6,0.1,0.0465,2.1505376344086025,0.4004999999999999,0.066,6.068181818181816,0.072,0.087,0.8275862068965517,1.253892012358477,0.4595664107755852,1.0,0.3016168127037359,0.732200523887074,-0.0689459222231201,0.5824529243954197,-0.5155155155155153,0.0349577557436327,-1.276276276276276,0.3208208208208208,0.6666666666666666,0.6118275760758134,0.6977282542425641,0.2346448674075192,5.109980842596728e-05,0.0777484336895175,1521.5014710311173,0.6975770772112284,0.9970140616598446,2538.881630404386,0.9986479595096168,0.6790923372260574,-1.6738678100150637
BBOB_F1,1,6,10,3,0.0789999999999999,0.0513,1.539961013645224,0.1447999999999999,0.0999,1.4494494494494492,0.1646,0.1234,1.33387358184765,0.3419983201124051,-0.0258010460826141,2.0,0.9458568421321416,0.9353639179775972,-0.4138228807340014,,,,,,0.9090909090909092,0.1691120306305468,0.740063309258458,0.3236225462867008,0.0003422488834337,0.017719959793276,51.77506969633633,0.7389141714769609,1.0,1.0000000000000229,1.0,0.6518099339622345,-4.413551279761142
BBOB_F3,3,9,10,0,0.0836999999999999,0.0539,1.5528756957328382,0.1383,0.0962,1.4376299376299375,0.173,0.103,1.6796116504854366,1.526718709301332,2.0750550339197105,1.0,0.8841489247519517,0.926342698966198,-0.3478885353350456,0.7661149724959133,-0.9559559559559556,0.0045989920905224,-1.916916916916917,0.5524104820964193,0.9090909090909092,0.1603346099895732,0.5830820258924843,0.1940007520101777,0.0001983284852594,0.0378787827952245,190.9901280478236,0.58127955635778,0.9104391083943008,94.977470760941,0.9845923385308736,0.706945973888451,-3.7146636223777154
BBOB_F1,1,3,10,6,0.0687,0.0427,1.6088992974238874,0.1152,0.0821999999999999,1.4014598540145988,0.137,0.1092,1.2545787545787546,0.3098255478644399,-0.080637697681893,1.0,0.9307972990015444,0.9330212305038325,-0.3822623004964153,0.8317637618901861,-1.336336336336336,0.0083738065352664,-1.8768768768768769,0.531506301260252,0.8181818181818182,0.1732658625853241,0.8220190143386898,0.3779415383152287,0.0003641683386721,0.0199775387979336,54.85797823824283,0.8212321893836285,1.0,1.0000000000000286,1.0,0.6655799965852848,-4.239006157885774
BBOB_F1,1,9,10,3,0.0722,0.0457,1.5798687089715535,0.1201,0.0819999999999999,1.4646341463414638,0.1455,0.1133,1.2842012356575463,0.3193655572357252,-0.0472821624481474,2.0,0.9372676789167116,0.9330489728179192,-0.3952103422675027,0.8325096576167782,-1.316316316316316,0.0083738065352664,-1.8568568568568569,0.540508101620324,0.9090909090909092,0.1723177899754766,0.8009469324071399,0.3694888756750541,0.0075407722433881,0.0168921487019184,2.240108593218642,0.8000669512092515,1.0,1.0000000000000588,1.0,0.6598842108633476,-4.31120420376447
BBOB_F2,2,7,10,7,0.1001,0.0617,1.6223662884927068,0.2675,0.1112,2.4055755395683454,0.3456,0.1095,3.156164383561644,0.7922375804735309,-0.0884133048662523,2.0,0.8079714199243959,0.9183790833378686,-0.4205628872757694,0.8182012616817269,-0.9759759759759756,0.0115628013120737,-1.5565565565565564,0.5590118023604721,0.9090909090909092,0.1376904114571936,0.2638777515896624,0.2852657685076014,6.969157311556475e-06,0.02922045942943,4192.825347904795,0.2606194473151687,0.9987033574403044,342208.61038158234,0.9988965779915496,0.8504530396755275,-1.895611743423132
BBOB_F23,23,7,2,0,0.1,0.1,1.0,0.25,0.25,1.0,0.4674999999999999,0.4669999999999999,1.0010706638115632,0.0700862839867964,-1.057171972653336,3.0,0.1408801105377099,0.5360235337159522,-0.6681070040906871,0.8851061663784321,1.0260260260260257,0.880937190447399,0.2252252252252251,0.6596596596596597,1.0,0.3488029529747833,0.0011140311043033,0.499438925211051,0.0026728662286452,0.0032619473665394,1.2203930490725563,0.0021236996710466,0.0006587425274019,2.304781691789161,1.7088626514838445e-05,1.0094393749224282,0.0492361749568015
BBOB_F2,2,0,2,7,0.1,0.064,1.5625,0.25,0.1075,2.325581395348837,0.3195,0.0685,4.664233576642335,1.01189384515503,0.1154605607927345,1.0,0.4246739545900912,0.7398324714916958,-0.0962656231280277,0.6019260689390994,-0.4954954954954953,0.0697981390783066,-1.076076076076076,0.3233233233233233,1.0,0.5057686030485115,0.266872040612924,0.2649688160385285,6.5261821999825e-05,0.0459722518696254,704.4279558996785,0.2665056833584353,0.9989202795670356,56865.64136915885,0.9989349949886152,0.6380569711796552,-1.8879099980498304
BBOB_F1,1,0,10,4,0.0833999999999999,0.0542,1.538745387453874,0.1425,0.1008,1.4136904761904765,0.1669,0.1277,1.306969459671104,0.342068294348878,-0.1195355306211194,1.0,0.9425795571530338,0.9342691728755006,-0.411405140737095,0.8369282670032446,-1.256256256256256,0.0091825428356562,-1.836836836836837,0.5441088217643528,0.9090909090909092,0.1688521350809601,0.7361022962842763,0.3886993035832645,0.0015531971404858,0.0227641512937262,14.65631805541791,0.7349356475094344,1.0,1.0000000000000122,1.0,0.6528881683787955,-4.399883908537005
BBOB_F7,7,3,10,0,0.105,0.0558,1.881720430107527,0.2447,0.0984,2.486788617886179,0.3063,0.0805999999999999,3.800248138957817,1.5519794850271158,3.690949836435744,2.0,0.8746340859207677,0.9272893511205424,-0.3653208399822326,0.8095723769592094,-1.1961961961961962,0.006064329395408,-1.916916916916917,0.5303060612122424,0.9090909090909092,0.1380464464140834,0.2683754655718114,0.1877128272972626,0.0007916212615209,0.0123183964444695,15.560972201278783,0.8509411107964133,0.4121165349238315,4.378483177544152,0.996118949038564,0.7877246172851802,-2.6907381296201667
BBOB_F9,9,9,2,0,0.1,0.1,1.0,0.2594999999999999,0.2405,1.079002079002079,0.3555,0.112,3.1741071428571423,2.709226042268216,8.451138295152527,2.0,0.4775152002061936,0.7347470894353559,-0.0820300147964005,0.5584603791819815,-0.4354354354354351,0.0030372635797033,-1.956956956956957,0.3443443443443443,1.0,0.4408108784838683,0.1029506764481851,0.0844901290596766,0.0025769053025148,0.0159996344420047,6.208856191335534,0.4340831861795232,0.541612630372365,3.568973994332555,0.924193711757902,0.4191521975317692,-3.029726466065884
BBOB_F7,7,2,10,0,0.1127999999999999,0.0584999999999999,1.928205128205128,0.2178,0.087,2.503448275862069,0.1937,0.0890999999999999,2.173961840628508,1.2149803416451437,1.6621947471046594,1.0,0.8648617289315962,0.9262618043903176,-0.3555990242570301,0.8146842682760298,-1.2362362362362362,0.0057911226476417,-1.916916916916917,0.5299059811962392,0.9090909090909092,0.1598949872440345,0.5758895521222921,0.2026504924760182,0.0005958874592948,0.0224549621709093,37.68322662383386,0.8885403000967738,0.6825198806922232,4.54474585556162,0.9962674072660964,0.7812073500010075,-2.773349025703244
BBOB_F11,11,1,2,0,0.1,0.0194999999999999,5.1282051282051295,0.101,0.043,2.3488372093023258,0.0245,0.0245,1.0,1.0162421049346737,-0.1879662849134207,2.0,0.3123791464765147,0.7327239998400128,-0.0554901744404846,0.5891259201232644,-0.6556556556556553,0.027761532944368,-1.416416416416416,0.3418418418418418,0.6666666666666666,0.6383339682326507,0.8362276949630406,0.2542767473854207,0.0257614096611849,0.0836944032680387,3.248828552815651,0.884029740798274,0.9464381233933034,15.10142681704611,0.9957480811273788,0.662297886081332,-1.7614683706094336
BBOB_F3,3,3,10,4,0.0673999999999999,0.0374,1.8021390374331543,0.1278,0.0794,1.6095717884130982,0.153,0.1086,1.4088397790055247,0.954898951160814,0.2903537855015576,2.0,0.8798103730160637,0.9262669398115808,-0.3565321626472432,0.7789940310269438,-1.076076076076076,0.0076362982612822,-1.8168168168168168,0.5367073414682937,0.9090909090909092,0.1669309340094569,0.699099648599641,0.235892780464796,1.2664060307581262e-05,0.043011814729168,3396.368438281936,0.6977641720746179,0.9586677685016955,97.56028293598712,0.9892790267258144,0.7242306715692984,-3.4955680564481746
BBOB_F13,13,0,10,0,0.1029,0.0621,1.6570048309178746,0.2011,0.104,1.933653846153846,0.2158,0.1223,1.7645134914145542,0.2056971440845363,-0.1241645909764121,1.0,0.9256904600903806,0.9317623718299468,-0.4135714668469337,0.8373145726081183,-1.296296296296296,0.0087688560945874,-1.8568568568568569,0.5488097619523905,0.9090909090909092,0.1593119671650085,0.5643233407802812,0.4073563732764725,0.0002925886003032,0.025772180971596,88.08333935389946,0.7564672780320616,0.7876931892037247,2.603199303457986,0.9913701695629088,0.6995683904977243,-3.808179623526797
BBOB_F8,8,5,10,0,0.0863999999999999,0.0624,1.384615384615384,0.1721,0.1206,1.4270315091210617,0.2054,0.1553,1.3226014166130071,0.8074295549125332,0.587155182863369,3.0,0.9173698284784108,0.9311622966402004,-0.4423410584016843,0.8290503475162195,-1.1561561561561562,0.0105444279352616,-1.7567567567567566,0.5651130226045209,0.9090909090909092,0.1620166204871013,0.6108427707282112,0.2366253073909104,0.0013239532081077,0.0223727473871012,16.898442671609008,0.6194026833826463,0.9270797137531848,86.53139137812911,0.9941255186921308,0.6672045035506744,-4.2184144021310335
BBOB_F15,15,1,10,0,0.0945999999999999,0.0629,1.503974562798092,0.1866,0.1166,1.600343053173242,0.2044,0.1383,1.4779464931308748,2.09737410439746,7.347060445955874,4.0,0.9154473118495924,0.9304661250819456,-0.3433208449780123,0.8001622363948522,-1.2362362362362362,0.0038245697224669,-2.1371371371371373,0.5433086617323465,0.9090909090909092,0.1544632950904293,0.488768333191924,0.1275248868110686,0.0005808083357195,0.0135446967612245,23.32042418854667,0.657193720912985,0.6687874908895752,3.1448419795035725,0.8800667815151965,0.6899739796595801,-3.9297954545443687
BBOB_F3,3,5,10,8,0.1022,0.073,1.4,0.2135,0.1363,1.566397652237711,0.2519,0.1701999999999999,1.4800235017626326,0.9617202961483144,0.7909669924764255,1.0,0.9084439172960532,0.9295367338795332,-0.4421686804875769,0.8299379342367819,-1.036036036036036,0.0091825428356562,-1.7567567567567566,0.5723144628925785,0.9090909090909092,0.1545699605403146,0.4905454539129692,0.2929338365681712,0.0013624560451953,0.0314581868129278,23.089322348316184,0.488351460894282,0.9312854630497028,21.51443843985126,0.9855324665742076,0.6752954490231825,-4.115856040397668
BBOB_F21,21,6,2,0,0.1,0.1,1.0,0.257,0.25,1.028,0.414,0.4044999999999999,1.023485784919654,1.6407679354860571,2.8372601124051444,2.0,0.2054306651942562,0.6657878262957092,-0.2276322262232493,0.744623169646754,0.2052052052052051,0.0878909065341995,-0.7557557557557554,0.4544544544544545,1.0,0.4641300337338342,0.1526818717483448,0.2340134144430353,0.0154566408679078,0.0212678579644619,1.3759689538119364,0.2442969403584779,0.2736146447915207,1.927938534650443,0.4613179111006145,0.6360639661231857,-1.898305595899956
BBOB_F9,9,3,2,0,0.1,0.1,1.0,0.2635,0.241,1.0933609958506223,0.3655,0.0865,4.225433526011561,3.0424787147079613,10.915893566505575,5.0,0.5208223755721489,0.736999246162199,-0.0771773906581436,0.5731596710881366,-0.4954954954954953,0.0015929502125721,-2.077077077077077,0.3528528528528528,1.0,0.4351919915192825,0.0922447230696417,0.0725206275571821,0.0049908220695162,0.0132503267997702,2.6549387285719286,0.5011498583632799,0.4583117193925825,2.298143482374212,0.9346375535340942,0.4079253040503933,-3.088286412695083
BBOB_F14,14,1,2,0,0.1,0.078,1.2820512820512822,0.286,0.1145,2.497816593886463,0.2979999999999999,0.093,3.2043010752688166,2.19920290357588,5.07946935812652,1.0,0.7728957585423901,0.757807790670146,-0.0826656737203741,0.5595209467339436,-0.5155155155155153,0.00219959306803,-1.6366366366366365,0.3293293293293293,1.0,0.5278319930093849,0.3402801827629903,0.1178282012028566,0.0107658527852547,0.0320002338161004,2.972382630006702,0.5335976694840003,0.7637539358807345,8.462177754025806,0.9842217860564376,0.1465142390158562,-4.451817476929291
BBOB_F2,2,2,2,3,0.1,0.0365,2.739726027397261,0.2535,0.0495,5.121212121212121,0.0005,0.0005,1.0,0.9329083642730936,-0.4001080774712258,2.0,0.4241499526407443,0.7391429641041081,-0.0617662863156465,0.5739251033601656,-0.5955955955955953,0.0333828586473176,-1.276276276276276,0.3218218218218218,0.6666666666666666,0.6348648411483765,0.8181057982245223,0.2673824619920479,2.644190529119708e-05,0.0897104291349396,3392.736950949056,0.8180149358129547,0.9984451306468828,7290.918182658814,0.9991404860755176,0.6635084891222642,-1.755153814442695
BBOB_F2,2,3,2,9,0.1,0.012,8.333333333333334,0.0394999999999999,0.0174999999999999,2.257142857142857,0.0005,0.0005,1.0,0.8640870597333834,-0.3987728115600752,1.0,0.4055800221545731,0.737276668206327,-0.0587107508693155,0.5777651662698797,-0.5955955955955953,0.0333828586473176,-1.376376376376376,0.3258258258258258,0.6666666666666666,0.6473880815313635,0.8875576271828564,0.2762202394106648,1.85839013663798e-05,0.0919911247951343,4950.043749239639,0.8875015117234308,0.9977691274450224,2518.722817424278,0.998126084110714,0.6402514177306142,-1.876463672927216
BBOB_F3,3,6,10,3,0.0797999999999999,0.0529,1.5085066162570884,0.1452999999999999,0.0907999999999999,1.6002202643171806,0.1746999999999999,0.1253,1.394253790901835,1.729621342058906,2.533927390832739,1.0,,,,,,,,,,,0.5843840855739829,0.1990159755640895,0.0007485243730822,0.0443161561343645,59.204693565131855,0.5825587409934103,0.9107136193790036,96.25104489520692,0.9855769577733152,,
BBOB_F5,5,2,2,0,0.0615,0.0075,8.199999999999998,0.046,0.009,5.111111111111112,0.008,0.008,1.0,-0.0005456188330516,-1.177383392298932,2.0,0.6600046412084809,0.7508134238858205,-0.0598153334521815,0.7326472903038559,-1.016016016016016,0.0580448594276897,-1.1961961961961962,0.3248248248248248,0.6666666666666666,0.6666111528572813,1.0,0.5000250274749143,0.0092247541967734,0.0922475419677348,9.999999999999996,1.0,1.0,38.4,1.0,0.3432684857711681,-3.425539084943757
BBOB_F9,9,0,2,1,0.1,0.1,1.0,0.25,0.2445,1.0224948875255622,0.3735,0.0905,4.127071823204421,3.287639790595158,12.84285232169527,5.0,0.4535826828470674,0.735359059089428,-0.0758239629740646,0.566436816903462,-0.4954954954954953,0.00219959306803,-1.9369369369369367,0.3473473473473473,1.0,0.4721955692479475,0.172216992431474,0.0704339002832868,0.0131315601390385,0.0137864756886624,1.049873399861829,0.5094141461388604,0.5157955650173877,3.166272593198146,0.9376811235827034,0.3971207792005189,-3.1446432668517645
BBOB_F23,23,6,10,0,0.1,0.1,1.0,0.25,0.25,1.0,0.5022999999999999,0.5031,0.9984098588749748,0.5212875360215186,-0.0936342616333609,1.0,0.5884801545132201,0.8813687067384975,-0.5710014380328443,0.8715542996984691,-0.8158158158158154,0.0230867799418716,-1.376376376376376,0.667133426685337,0.9090909090909092,0.0938716851390358,6.870679578585559e-05,0.3597159155272928,8.855121408402273e-05,0.0013680945780657,15.44975517521031,0.0034271495275299,0.0009952690395458,9.574486195844392,0.0053697443503101,0.9870207575802312,-0.1645209257230409
BBOB_F11,11,4,2,0,0.1,0.0409999999999999,2.439024390243903,0.3265,0.0645,5.062015503875969,0.1355,0.0829999999999999,1.632530120481928,1.6079965684900457,2.443642384705312,1.0,0.3343502641561811,0.7274106523076519,-0.0629719921807947,0.6436587664770951,-0.7357357357357354,0.0253164847863135,-1.5565565565565564,0.3428428428428428,0.6666666666666666,0.5992424209899602,0.6370988445456676,0.1531489517880013,0.0261772851014333,0.0418800602704821,1.5998626331264991,0.8638460008559923,0.7699383290645785,2.418119519165499,0.9978687920802066,0.6994331577636796,-1.567769238130217
BBOB_F1,1,8,10,6,0.0723999999999999,0.0495,1.4626262626262625,0.1288,0.0935,1.3775401069518716,0.1535,0.1149999999999999,1.3347826086956522,0.3272971245672494,-0.0347991623133068,1.0,0.9418170954189264,0.934287718399962,-0.4057258333017515,0.833571041623081,-1.296296296296296,0.0087688560945874,-1.836836836836837,0.5343068613722745,0.9090909090909092,0.1711639368746521,0.7795444674117137,0.3687195950955766,0.0001571793235344,0.022155033497389,140.9538672084231,0.7785698694012728,1.0,1.0000000000000322,1.0,0.6487100342300188,-4.452844665083536
BBOB_F23,23,8,10,0,0.1,0.1,1.0,0.25,0.25,1.0,0.4976,0.4997,0.9957974784870924,0.5175324179370362,-0.0658936529843545,1.0,0.5861905990128314,0.8799859268529103,-0.5766997978605579,0.8677971748114421,-0.7957957957957954,0.0241759407916913,-1.396396396396396,0.6782356471294259,0.9090909090909092,0.0934084066497381,-0.0002173243884291,0.3525941661565057,3.86975083965523e-05,0.0009167795911491,23.690920401243275,-0.0002544641556492,7.546514327527731e-05,45.09180858804155,-0.0029447802960735,1.00416282124486,0.0527666548380985
BBOB_F2,2,1,10,7,0.101,0.0545999999999999,1.84981684981685,0.1833,0.0928,1.9752155172413797,0.0475999999999999,0.0465999999999999,1.0214592274678111,0.9097655922477774,-0.3834539154092122,2.0,0.803215358497113,0.9168135708726992,-0.2966696893945936,0.7838688037099524,-1.016016016016016,0.0072922720587283,-1.7767767767767764,0.5586117223444689,0.8181818181818182,0.1726256351006395,0.8077783781909607,0.2732288914910434,6.286902509238012e-06,0.0774871013872964,12325.163508331234,0.8069284576412186,0.9984152910343032,15287.21832009744,0.9991367168621476,0.8348664163614365,-2.0931830356138743
BBOB_F2,2,0,10,9,0.0979,0.0385,2.5428571428571427,0.0814999999999999,0.0366,2.2267759562841523,0.0220999999999999,0.0212999999999999,1.0375586854460097,0.8181655289845317,-0.6860036483160941,2.0,0.7994352175836019,0.9187503244895232,-0.2883700817575677,0.7376271303965527,-0.9759759759759756,0.0055302242561929,-1.7567567567567566,0.5264052810562112,0.8181818181818182,0.1758101384065821,0.8720141933925512,0.3057647058513442,8.603613683478423e-06,0.0911375816166297,10592.942101949771,0.8714453400836213,0.996810681054274,296049.23873527674,0.996884170083874,0.8575406521038749,-1.8057713259191173
BBOB_F1,1,9,2,8,0.1125,0.0414999999999999,2.7108433734939763,0.1455,0.0834999999999999,1.7425149700598803,0.146,0.0875,1.6685714285714293,0.761444397386125,-0.1282570208636371,1.0,0.7649500044970404,0.7542255413692402,-0.0727162302622876,0.6758352527300842,-0.7757757757757754,0.0241759407916913,-1.376376376376376,0.3568568568568568,0.6666666666666666,0.6240365389795597,0.7590984836828416,0.2672160014523527,0.0334567520494487,0.0543370503398692,1.6240981868042546,0.758977880735916,1.0,1.0000000000000018,1.0,0.1400651094738035,-4.4854564067377805
BBOB_F13,13,8,2,0,0.1105,0.036,3.0694444444444446,0.1395,0.0535,2.6074766355140184,0.0365,0.0369999999999999,0.9864864864864868,0.6877386989258606,-0.3066090534821684,1.0,0.6552924104708027,0.7439342804028326,-0.0678500166633218,0.7346459317262541,-0.9159159159159156,0.0265108360190853,-1.356356356356356,0.3658658658658659,0.6666666666666666,0.6392286352103669,0.8434668124478607,0.3170967719891689,0.046764946746527,0.0544390326622875,1.1640991051984984,0.9142893645800304,0.8915734853918664,1.1718059885955714,0.9937998426479854,0.3814696976122217,-3.226279963950596
BBOB_F6,6,2,10,0,0.0781999999999999,0.0484,1.6157024793388426,0.1353,0.0871999999999999,1.5516055045871566,0.1617,0.1077,1.5013927576601669,0.8310863603385384,0.6003434517429986,5.0,0.8865704270519712,0.928498729254496,-0.3545526479127816,0.8152442375483555,-1.256256256256256,0.0063504251685959,-1.916916916916917,0.5192038407681536,0.9090909090909092,0.1680455710123331,0.7178220164145159,0.2437377148971786,0.0008640054666954,0.0216927745275799,25.107219067200084,0.8519445752608951,0.8231749852303692,5.194743065359287,0.9661471500764895,0.7568341535137002,-3.08229624459592
BBOB_F18,18,1,10,0,0.0706,0.0495,1.426262626262626,0.1288,0.0866999999999999,1.4855824682814305,0.1803,0.1169999999999999,1.541025641025641,4.172833419685257,35.11979625925353,6.0,0.82299368916163,0.9187303563343304,-0.2747769216803002,0.7612743617895531,-1.436436436436436,0.0013247139878661,-2.537537537537537,0.5533106621324265,0.9090909090909092,0.1501915886234428,0.4262202272569785,0.0423229812592571,0.0002393542121867,0.0071344153857318,29.806934753938695,0.6724044776686033,0.5120411103099465,189.5319891562509,0.8047805077897796,0.7540162451012424,-3.1180151937939247
BBOB_F7,7,4,2,0,0.1125,0.0399999999999999,2.8125000000000004,0.1489999999999999,0.0585,2.547008547008546,0.035,0.0345,1.0144927536231885,1.4749220465026611,1.6851028412059152,1.0,0.3920786174802802,0.5037792772445322,-0.0766450325583477,0.8036585000993007,-0.2952952952952952,3.5535783901099385e-05,-1.1361361361361362,0.2492492492492492,0.6666666666666666,0.6263709837405933,0.7712208786474872,0.175635459112467,0.0396889020059118,0.0446311207976928,1.1245239485598475,0.9253039392963136,0.8401674143856578,1.3022111046335103,0.9943664874316795,0.24496231456429,-3.938308191441966
BBOB_F12,12,7,10,0,0.089,0.0631,1.410459587955626,0.1743,0.127,1.3724409448818895,0.2352999999999999,0.1740999999999999,1.351522113727743,11.990013376833891,245.07428666544692,4.0,0.90749501185758,0.930078287430672,-0.1889020891254465,0.7716925020874084,-1.5165165165165162,0.0002763385290053,-3.138138138138137,0.5507101420284057,0.9090909090909092,0.1198665560399319,0.1004180639656747,0.0153266292323449,0.0001771457893346,0.0024840438966837,14.022596337253118,0.2241907995107869,0.1765307022204586,3.679869798132246,0.3936209822931421,0.6686608536145341,-4.199954152069129
BBOB_F3,3,2,2,0,0.1,0.0865,1.1560693641618498,0.2885,0.1295,2.227799227799228,0.258,0.1129999999999999,2.283185840707965,2.079071309700508,3.5670250758663986,1.0,0.4130756942549872,0.6857206287561284,-0.069388997724139,0.7744049467966974,-0.2752752752752751,0.0230867799418716,-1.4564564564564562,0.5,1.0,0.5647698142409459,0.4816276172946357,0.1485843323374657,0.002133870584963,0.0513976726938429,24.086593187061546,0.4813697334165866,0.909128386000093,41.61135682782586,0.98597479256847,0.3578865570711678,-3.3492906127755786
BBOB_F10,10,2,10,0,0.1193,0.0438999999999999,2.7175398633257406,0.1689999999999999,0.0653,2.588055130168453,0.0788,0.0573,1.3752181500872598,1.5801254615984994,2.7140067407778563,3.0,0.7930838386796125,0.9175662230092616,-0.2918971772319476,0.7748462124420199,-1.296296296296296,0.0033306003436245,-2.1371371371371373,0.5250050010002001,0.9090909090909092,0.1685209300577113,0.7291571685013788,0.1226035284627535,0.0042746687033132,0.0179141118613145,4.190760291535468,0.9550591179110725,0.7644873539289003,17.878008650275838,0.9914792025728374,0.8648100972318866,-1.7136260524683529
BBOB_F2,2,8,2,5,0.1,0.0645,1.550387596899225,0.25,0.107,2.3364485981308407,0.3555,0.0555,6.405405405405404,0.9382969400301452,-0.1482203000426345,1.0,0.4471721514363963,0.7373935968662346,-0.091224211862567,0.6082975799756745,-0.5755755755755754,0.0730909932860291,-1.056056056056056,0.3203203203203203,1.0,0.513328367985098,0.2908706630739732,0.2845957213075361,7.442821215907137e-05,0.0509348554021943,684.3487694334783,0.290515949350742,0.9973048994728652,5679.546972497028,0.9979353032339066,0.6388192947503466,-1.8839336863757308
BBOB_F3,3,1,10,4,0.1022,0.0701,1.4579172610556346,0.2081,0.1252,1.662140575079872,0.2672,0.153,1.74640522875817,1.1188544433064889,1.4932755457062257,1.0,0.9072223465527396,0.9297351888479188,-0.4202107402914828,0.8289205511440303,-1.016016016016016,0.0083738065352664,-1.836836836836837,0.5656131226245249,0.9090909090909092,0.1487359299772013,0.402718869111036,0.2817783695551386,0.0010743789935812,0.01930601619073,17.96946543637987,0.4001035656970031,0.9199302965914744,20.37524692491768,0.977810707491706,0.7008750184899584,-3.7916172048658616
BBOB_F1,1,9,2,3,0.1125,0.0414999999999999,2.7108433734939763,0.1455,0.0834999999999999,1.7425149700598803,0.146,0.0875,1.6685714285714293,0.761444397386125,-0.1282570208636371,1.0,0.7649500044970404,0.7542255413692402,-0.0727162302622876,0.6888761268529308,-0.7757757757757754,0.0241759407916913,-1.396396396396396,0.3638638638638639,0.6666666666666666,0.6240365389795596,0.7590984836828416,0.2672160014523527,0.0334567520494487,0.0543370503398692,1.6240981868042546,0.758977880735916,1.0,1.0000000000000018,1.0,0.1400651094738035,-4.4854564067377805
BBOB_F1,1,1,2,1,0.1,0.0819999999999999,1.2195121951219514,0.251,0.141,1.780141843971631,0.315,0.151,2.0860927152317883,0.7307639120543777,0.0224773183066009,1.0,0.7732726534760462,0.7572328734680044,-0.1071114417231088,0.6949796455922144,-0.6756756756756753,0.0460960448682843,-1.1961961961961962,0.3593593593593593,1.0,0.5145248490964341,0.2950650893278231,0.2910473593586282,0.0081850921163707,0.0372344742960956,4.54905989654339,0.2947121765320988,1.0,1.0000000000000009,1.0,0.1429858240104272,-4.470221837382727
BBOB_F3,3,0,2,1,0.1,0.0784999999999999,1.2738853503184715,0.272,0.1275,2.1333333333333333,0.4665,0.0625,7.464,1.7449886811836477,3.113833986243568,1.0,0.4603358290221734,0.680162296262363,-0.108286082306412,0.8158475658370423,-0.2152152152152151,0.0554298551568466,-1.1161161161161162,0.5465465465465466,1.0,0.4348736042531705,0.0920997064983053,0.2093245115188073,0.0069529583135221,0.0193094790414217,2.777160191492683,0.0916453533921822,0.8777507992660738,19.094124832265887,0.9676405666264952,0.3295305601478374,-3.4971966803981647
BBOB_F1,1,2,10,9,0.0665999999999999,0.0423999999999999,1.5707547169811322,0.1072999999999999,0.0781999999999999,1.3721227621483376,0.1271,0.1021,1.2448579823702253,0.2988421400884995,-0.064778980086543,2.0,0.9304465021453292,0.932938273182003,-0.3919737945103332,0.8334012204804151,-1.316316316316316,0.0076362982612822,-1.8568568568568569,0.531506301260252,0.8181818181818182,0.1743650103848262,0.8424592138260633,0.3788562522216504,0.0028504018348171,0.0184841537646807,6.48475367188593,0.8417627516644393,1.0,1.000000000000041,1.0,0.6726658417673235,-4.149188141457975
BBOB_F13,13,7,2,0,0.1,0.049,2.0408163265306123,0.2285,0.0854999999999999,2.6725146198830414,0.127,0.108,1.175925925925926,0.6937851003678084,-0.5768969840591831,1.0,0.728969473613156,0.7509860896176809,-0.0749260586468497,0.7219110588047475,-0.8158158158158154,0.0554298551568466,-1.1961961961961962,0.3478478478478478,0.6666666666666666,0.6152312363161795,0.7144584503608753,0.3451334527745825,0.0123496470713396,0.0701682177343965,5.681799433543234,0.7852670820883797,0.8862698453177673,3.011295782359142,0.9879645764689708,0.2811813042734954,-3.7493884241124698
BBOB_F16,16,0,10,0,0.1,0.1,1.0,0.25,0.25,1.0,0.4877000000000001,0.4968,0.981682769726248,0.7851065614741591,0.9403019598956814,3.0,0.5882744603482466,0.8809075272197041,-0.55944853453584,0.8649523532953158,-0.8758758758758756,0.0167194975973199,-1.5165165165165162,0.659131826365273,0.9090909090909092,0.0945723950735051,0.0005999403870113,0.2904359364322874,7.071680483554897e-05,0.0011368122330027,16.075559913183508,0.0010643237599049,0.0001595809044153,16.323719019441977,0.000864436632192,0.994944825464065,-0.0640778535022068
BBOB_F5,5,1,10,0,0.036,0.0172,2.093023255813953,0.0073999999999999,0.0184,0.4021739130434782,0.0136,0.0149,0.9127516778523488,-0.0010485069776463,-0.3012321385804002,1.0,0.780836313020415,0.9148084160781956,-0.3348416078675925,,,,,,0.8181818181818182,0.1819658100544455,1.0,0.4828035891844275,0.0033537028163043,0.0335370281630435,9.99999999999992,1.0,1.0,4.910943201336113,1.0,0.8117763064898266,-2.38586623916804
BBOB_F14,14,8,10,0,0.1015,0.0639999999999999,1.5859375000000004,0.2092,0.1083,1.931671283471837,0.2256,0.1201,1.878434637801832,2.459725048431873,9.016754861396256,4.0,0.8853208592152468,0.9272664491760328,-0.3106451883516978,0.7746053317595338,-1.2362362362362362,0.0033306003436245,-2.157157157157157,0.5288057611522304,0.9090909090909092,0.1502901032757831,0.4257960436300607,0.1098946292501706,0.0012292176406736,0.0124315642484232,10.113395575424914,0.774603662529408,0.519664102443462,4.50069797943394,0.8867614369943864,0.7251529750119428,-3.483877218780309
BBOB_F17,17,8,2,0,0.1,0.0755,1.324503311258278,0.317,0.174,1.8218390804597704,0.2474999999999999,0.2474999999999999,1.0,1.2757658991627905,1.2857779509966436,3.0,0.318404580753306,0.6171936580093521,-0.3248889300136662,0.8140750463923192,0.1851851851851851,0.1924350975230332,-0.4154154154154152,0.5485485485485485,1.0,0.5325081224299435,0.3558740581263901,0.2382212222589449,0.0128600363761952,0.035710561924795,2.776863212525401,0.3713082781768138,0.4906722608271145,4.504658870624279,0.5403697458070267,0.2233702841738278,-4.050933126325249
BBOB_F22,22,9,2,0,0.101,0.1,1.01,0.2694999999999999,0.2634999999999999,1.0227703984819734,0.3884999999999999,0.38,1.0223684210526314,0.2563065974755027,-1.06086881354166,2.0,0.3243352153857266,0.7075519345258591,-0.22711218934425,0.7128841555393234,0.2652652652652651,0.1158948303439811,-0.6356356356356354,0.4084084084084084,1.0,0.4763542973232966,0.1834391261505612,0.4476306962403152,0.0063904322523743,0.0398713259900788,6.239222076920536,0.2131445972539027,0.2592841098715225,1.0258244623776709,0.3508721212008627,0.4101564490500763,-3.0766486669268365
BBOB_F13,13,0,2,0,0.1,0.0629999999999999,1.5873015873015877,0.25,0.1005,2.487562189054726,0.362,0.0819999999999999,4.414634146341464,0.5321739404357606,-0.503127929731122,1.0,0.5939201302324898,0.7408167666743076,-0.0972301045349333,0.7437915409249155,-0.8158158158158154,0.0607832312829723,-1.0960960960960962,0.3463463463463463,1.0,0.4679826508009525,0.1621619813779398,0.3422004502216071,0.0056811571065204,0.0306005748967885,5.386327877056427,0.4800443483321577,0.6148402958060802,6.921328189166808,0.9515092124970584,0.4591390208146939,-2.821153521002874
BBOB_F24,24,7,2,0,0.1,0.1005,0.9950248756218906,0.2355,0.218,1.080275229357798,0.309,0.246,1.2560975609756098,0.6020357467813018,0.2091264653774738,1.0,0.2328205636429828,0.5821067169822459,-0.3986939996865064,0.8821303001354882,0.5655655655655653,0.3195247505759213,-0.2752752752752751,0.6806806806806807,1.0,0.5349750883800782,0.3661240439250435,0.3520567535537244,0.024455662310558,0.0248527493777623,1.0162370195565251,0.3733128189044822,0.5764596282382878,1.0131732508616969,0.6315139986796747,0.6820835154709888,-1.6582656990061562
BBOB_F1,1,8,2,9,0.1275,0.0355,3.5915492957746484,0.102,0.0545,1.8715596330275228,0.1425,0.0824999999999999,1.7272727272727275,0.7269312736312639,-0.1213859971582604,1.0,0.768834995153707,0.7534473675485805,-0.0711831766428276,0.6679963860337692,-0.7757757757757754,0.0318789129267764,-1.376376376376376,0.3513513513513513,0.6666666666666666,0.6306998956261155,0.7942108363721839,0.2682419792183342,0.0442122021876997,0.047932037713281,1.084135947578206,0.7941078117837203,1.0,1.0000000000000038,1.0,0.1388923265685892,-4.491573691492545
BBOB_F4,4,0,2,1,0.1,0.0965,1.0362694300518136,0.25,0.156,1.6025641025641026,0.4010000000000001,0.105,3.8190476190476192,0.8966942322460807,0.4577060308683998,1.0,0.4712407439642631,0.6768416840021679,-0.1363225434833851,0.8487514378116612,-0.1951951951951951,0.0697981390783066,-0.9759759759759756,0.5790790790790791,1.0,0.4347959667613804,0.0920184708192878,0.2458402069261071,0.0082601218964079,0.0159321010975535,1.9287973346351952,0.0915647004339905,0.8487891196323188,1.8998751436023404,0.929580831806018,0.2630712259874231,-3.8438513509802
BBOB_F3,3,4,10,0,0.0957,0.0591,1.6192893401015227,0.1638,0.1175,1.3940425531914893,0.1732,0.106,1.6339622641509433,1.4903241666663003,1.8358793717446595,2.0,0.8919323515482676,0.9273651669530872,-0.3458047116394649,0.7747462509391326,-0.9959959959959956,0.004391800892596,-1.916916916916917,0.5530106021204241,0.9090909090909092,0.1606302002590515,0.5864639286102848,0.2070714662839515,0.0009818451544414,0.0397449856905482,40.479891875779984,0.5846631418700439,0.9197885773648808,59.68531931564807,0.9873299462107727,0.7066679715991342,-3.718187494766591
BBOB_F3,3,0,10,1,0.0674,0.0366,1.8415300546448088,0.124,0.0784,1.5816326530612246,0.1702999999999999,0.1199,1.420350291909925,1.1166735729258357,0.892931352350113,2.0,0.882142027139524,0.926100153662954,-0.3667198797507717,0.7790970049691877,-1.056056056056056,0.0057911226476417,-1.8568568568568569,0.536007201440288,0.9090909090909092,0.1652314668243706,0.6660549988471827,0.233259360219349,0.0001527049237632,0.0374433006455359,245.20034929317717,0.6645845125347538,0.94830620043692,78.78949122512084,0.993497071096034,0.7236586681320109,-3.5028185978877886
BBOB_F3,3,6,2,4,0.1135,0.0615,1.845528455284553,0.1225,0.075,1.6333333333333329,0.0045,0.0045,1.0,1.722198144430501,1.755102542903451,2.0,0.4843471968227538,0.7022077877511832,-0.0509825135319357,0.6954875106780047,-0.4154154154154152,0.0069637447306282,-1.896896896896897,0.4559559559559559,0.6666666666666666,0.5995542605280423,0.6374740145109115,0.1727674278034809,0.0006997043938283,0.073496314694113,105.03909271168342,0.6372930335739864,0.9393981738687815,156.8358183382148,0.9944256518763952,0.4066791900622131,-3.094786195450017
BBOB_F2,2,7,10,0,0.1001,0.0617,1.6223662884927068,0.2675,0.1112,2.4055755395683454,0.3456,0.1095,3.156164383561644,0.7922375804735309,-0.0884133048662523,2.0,0.8079714199243959,0.9183790833378686,-0.4205628872757694,0.8213226402919181,-0.9759759759759756,0.0132777082935542,-1.5565565565565564,0.5702140428085617,0.9090909090909092,0.1376904114571937,0.2638777515896624,0.2852657685076014,6.969157311556475e-06,0.02922045942943,4192.825347904795,0.2606194473151687,0.9987033574403044,342208.61038158234,0.9988965779915496,0.8504530396755275,-1.895611743423132
BBOB_F2,2,5,10,7,0.0907999999999999,0.0359,2.529247910863509,0.0983,0.0475,2.0694736842105264,0.0387999999999999,0.0362,1.071823204419889,0.9669293777915896,-0.268320584799977,2.0,0.7956925174995387,0.9181809680582964,-0.3002264164367629,0.7678780555325245,-0.9759759759759756,0.006064329395408,-1.796796796796797,0.5442088417683537,0.8181818181818182,0.1735237102629303,0.8255637905418376,0.2812920896670975,2.54167395657718e-06,0.0790985294078703,31120.643622752745,0.8247906860498682,0.9982413519502052,57040.48559917655,0.998630444724814,0.8477948957385231,-1.929305566766395
BBOB_F14,14,8,2,0,0.115,0.0419999999999999,2.738095238095239,0.196,0.0935,2.0962566844919786,0.0905,0.093,0.9731182795698924,1.836995133619548,2.817794890855485,1.0,0.7693486481975361,0.7541365005437637,-0.0627909494853591,0.5900884984538419,-0.5755755755755754,0.0014526539259467,-1.836836836836837,0.3603603603603603,0.6666666666666666,0.5981229940647667,0.6300563280656868,0.1336534385643328,0.0136072840211822,0.0517627676994094,3.804048450729122,0.7024817118028577,0.8957122493078754,14.949074732161634,0.9984216058574968,0.1473872801876921,-4.447263657610294
BBOB_F3,3,5,10,5,0.1022,0.073,1.4,0.2135,0.1363,1.566397652237711,0.2519,0.1701999999999999,1.4800235017626326,0.9617202961483144,0.7909669924764255,1.0,0.9084439172960532,0.9295367338795332,-0.4421686804875769,0.8291493199742911,-1.036036036036036,0.0105444279352616,-1.7367367367367363,0.5696139227845569,0.9090909090909092,0.1545699605403146,0.4905454539129692,0.2929338365681712,0.0013624560451953,0.0314581868129278,23.089322348316184,0.488351460894282,0.9312854630497028,21.51443843985126,0.9855324665742076,0.6752954490231825,-4.115856040397668
BBOB_F2,2,1,2,6,0.1,0.067,1.4925373134328357,0.25,0.111,2.252252252252252,0.434,0.063,6.888888888888888,0.7537191744568835,-0.5585384024090163,1.0,0.2558072360993015,0.7307194595628388,-0.1034195634547192,0.5995299297302167,-0.5155155155155153,0.0839312949816636,-1.016016016016016,0.3158158158158158,1.0,0.4396799252523999,0.1008842773394215,0.3046112325392295,5.519273555421402e-05,0.0306503884691875,555.3337438598359,0.1004341622650205,0.9979328655418233,4368.110304992091,0.9981534822459596,0.674855394474222,-1.6959678808699303
BBOB_F1,1,6,2,8,0.1085,0.0409999999999999,2.6463414634146343,0.1629999999999999,0.086,1.895348837209302,0.145,0.1005,1.4427860696517412,0.7555170186004309,-0.2104377781598052,1.0,0.778056098280934,0.7569453852444732,-0.075764906172751,0.6598082380908312,-0.7757757757757754,0.030442722120643,-1.316316316316316,0.3518518518518518,0.6666666666666666,0.6238695109983191,0.7583677118212049,0.2728629115721393,0.0285703916948087,0.0584248175915565,2.0449428280737325,0.7582467430266858,1.0,1.0000000000000009,1.0,0.139415860555461,-4.488842916289178
BBOB_F3,3,8,10,0,0.0659,0.0359,1.835654596100278,0.1101,0.0635999999999999,1.7311320754716983,0.1631999999999999,0.1034,1.5783365570599608,1.0812537788421122,0.6536514182708761,2.0,0.8757833203760795,0.9253162055137278,-0.3524134431078307,0.7448740270792384,-1.036036036036036,0.0066500180304311,-1.8168168168168168,0.5418083616723345,0.9090909090909092,0.1649999346329962,0.663561352046796,0.2082076099664129,0.0001673538844902,0.0382045612141266,228.28607373224597,0.6620743183439387,0.9454599174861296,114.02190589324756,0.990243208909482,0.7256591122243516,-3.4774615775560136
BBOB_F20,20,0,2,0,0.1,0.072,1.388888888888889,0.3655,0.097,3.768041237113402,0.1305,0.1075,1.2139534883720928,1.5209416209379587,1.5486403105671904,1.0,0.4146798658555607,0.7315098617027682,-0.0636822740351925,0.5210813893668164,-0.6356356356356354,0.0318789129267764,-1.4764764764764762,0.3313313313313313,0.6666666666666666,0.5999351572497328,0.6399391412704039,0.1634661418997766,0.0154211968038273,0.0573636311506782,3.719791134267944,0.7250971183141339,0.909894975958821,10.950527937250923,0.9990930328944124,0.4000786412899487,-3.129214934305377
BBOB_F3,3,6,2,7,0.1135,0.0615,1.845528455284553,0.1225,0.075,1.6333333333333329,0.0045,0.0045,1.0,1.722198144430501,1.755102542903451,2.0,0.4843471968227538,0.7022077877511832,-0.0509825135319357,0.701128371510837,-0.4154154154154152,0.0069637447306282,-1.916916916916917,0.4519519519519519,0.6666666666666666,0.5995542605280412,0.6374740145109115,0.1727674278034809,0.0006997043938283,0.073496314694113,105.03909271168342,0.6372930335739864,0.9393981738687815,156.8358183382148,0.9944256518763952,0.4066791900622131,-3.094786195450017
BBOB_F3,3,3,2,6,0.1,0.086,1.162790697674419,0.293,0.1224999999999999,2.3918367346938783,0.2314999999999999,0.137,1.68978102189781,2.089084180006075,3.640765997785424,1.0,0.4398204383727781,0.6824821314488437,-0.0678714348399805,0.7790844972015006,-0.2752752752752751,0.021053452427667,-1.4964964964964964,0.497997997997998,0.6666666666666666,0.5687282844615072,0.498116580916058,0.1476036599257442,0.001951642435774,0.0522270277073179,26.760551395063537,0.497866674771043,0.9083753775232356,39.69613125370324,0.9852096827885516,0.3494388210552601,-3.393354357661887
BBOB_F3,3,3,2,3,0.1,0.086,1.162790697674419,0.293,0.1224999999999999,2.3918367346938783,0.2314999999999999,0.137,1.68978102189781,2.089084180006075,3.640765997785424,1.0,0.4398204383727781,0.6824821314488437,-0.0678714348399805,0.7882715870004577,-0.2752752752752751,0.0230867799418716,-1.4964964964964964,0.4984984984984985,0.6666666666666666,0.5687282844615069,0.498116580916058,0.1476036599257442,0.001951642435774,0.0522270277073179,26.760551395063537,0.497866674771043,0.9083753775232356,39.69613125370324,0.9852096827885516,0.3494388210552601,-3.393354357661887
BBOB_F1,1,1,10,3,0.0964,0.0655,1.4717557251908395,0.1839,0.1241,1.4818694601128122,0.213,0.1497,1.4228456913827654,0.3716013159145216,-0.0261531130090153,1.0,0.9590675068792924,0.936693686306131,-0.4540226046393324,,,,,,0.9090909090909092,0.1612822035632213,0.5993281708421077,0.3774554365136944,0.0009379808413524,0.0242602677344781,25.86435315618816,0.5975568659310794,1.0,1.0000000000000104,1.0,0.6312313780714917,-4.674398789630574
BBOB_F19,19,3,2,0,0.1,0.1,1.0,0.25,0.2454999999999999,1.0183299389002038,0.388,0.1214999999999999,3.193415637860083,2.820418978860186,9.540988836153549,2.0,0.2979979809538049,0.6327782796257803,-0.1224634944433357,0.8693007026744606,-0.1551551551551551,0.0636507908129557,-0.9359359359359356,0.6126126126126126,1.0,0.4874529755469474,0.2124334568552236,0.1061073617958694,0.0136328429979824,0.0176419377424874,1.2940762059020423,0.3731112238363313,0.6820808425756395,7.839054711901336,0.9269404537043228,0.5349100098075148,-2.4259288688030543
BBOB_F6,6,4,10,0,0.0668,0.0406,1.6453201970443354,0.1122,0.067,1.674626865671642,0.1274,0.0829,1.5367913148371533,0.6195364039009315,0.1893469588105918,3.0,0.8715665351810948,0.926247280874868,-0.3568873932201988,0.8135641624550007,-1.256256256256256,0.0072922720587283,-1.8568568568568569,0.5277055411082217,0.8181818181818182,0.1724914667289646,0.8058296875790857,0.3202450131278145,0.0013077599648869,0.0283893781987801,21.70840135883446,0.91241486164704,0.8743937334569838,4.009288589262701,0.9838545402335918,0.7597942803957398,-3.044774577372179
BBOB_F23,23,6,2,0,0.1,0.1,1.0,0.25,0.25,1.0,0.5189999999999999,0.505,1.0277227722772275,0.0343705581548672,-1.046355660864311,2.0,0.1753112077717786,0.5502875416155105,-0.6852124084384741,0.8845993987420779,0.9659659659659654,0.9660174799522646,0.2252252252252251,0.6546546546546547,1.0,0.3357698534538988,-0.0009425869701793,0.5084467531692516,0.0003653847646336,0.0005905863195725,1.616340845970345,-0.0011976388864152,-0.0017565159209274,1.934659769244699,-0.0021207404455449,1.0275821431642358,0.1438696140028419
BBOB_F2,2,0,2,0,0.1,0.064,1.5625,0.25,0.1075,2.325581395348837,0.3195,0.0685,4.664233576642335,1.01189384515503,0.1154605607927345,1.0,0.4246739545900912,0.7398324714916958,-0.0962656231280277,0.5985687767937017,-0.4954954954954953,0.0697981390783066,-1.056056056056056,0.3208208208208208,1.0,0.5057686030485115,0.266872040612924,0.2649688160385285,6.5261821999825e-05,0.0459722518696254,704.4279558996785,0.2665056833584353,0.9989202795670356,56865.64136915885,0.9989349949886152,0.6380569711796552,-1.8879099980498304
BBOB_F3,3,0,2,8,0.1,0.0784999999999999,1.2738853503184715,0.272,0.1275,2.1333333333333333,0.4665,0.0625,7.464,1.7449886811836477,3.113833986243568,1.0,0.4603358290221734,0.680162296262363,-0.108286082306412,0.8138017044873106,-0.2152152152152151,0.0554298551568466,-1.1361361361361362,0.5465465465465466,1.0,0.4348736042531705,0.0920997064983053,0.2093245115188073,0.0069529583135221,0.0193094790414217,2.777160191492683,0.0916453533921822,0.8777507992660738,19.094124832265887,0.9676405666264952,0.3295305601478374,-3.4971966803981647
BBOB_F2,2,1,10,2,0.101,0.0545999999999999,1.84981684981685,0.1833,0.0928,1.9752155172413797,0.0475999999999999,0.0465999999999999,1.0214592274678111,0.9097655922477774,-0.3834539154092122,2.0,0.803215358497113,0.9168135708726992,-0.2966696893945936,0.787144175395149,-1.016016016016016,0.0079965545258923,-1.7767767767767764,0.5616123224644929,0.8181818181818182,0.1726256351006398,0.8077783781909607,0.2732288914910434,6.286902509238012e-06,0.0774871013872964,12325.163508331234,0.8069284576412186,0.9984152910343032,15287.21832009744,0.9991367168621476,0.8348664163614365,-2.0931830356138743
BBOB_F12,12,3,2,0,0.142,0.022,6.454545454545456,0.012,0.015,0.7999999999999998,0.027,0.027,1.0,4.361361877769623,22.729182109366228,6.0,0.5374630824588966,0.7423607861696534,-0.0630264811486049,0.5068827776509263,-0.4554554554554552,1.3186214013947486e-05,-3.238238238238237,0.3498498498498498,1.0,0.5343509667326128,0.3623214219308146,0.0428362054118226,0.0118684898617254,0.0203485455921812,1.7145016619008169,0.5313200576270567,0.554225915251119,3.8771898783339234,0.931224156824232,0.3692827868401458,-3.289847400977718
BBOB_F3,3,3,10,8,0.0673999999999999,0.0374,1.8021390374331543,0.1278,0.0794,1.6095717884130982,0.153,0.1086,1.4088397790055247,0.954898951160814,0.2903537855015576,2.0,0.8798103730160637,0.9262669398115808,-0.3565321626472432,0.7829220993905011,-1.076076076076076,0.0069637447306282,-1.836836836836837,0.5416083216643328,0.9090909090909092,0.1669309340094568,0.699099648599641,0.235892780464796,1.2664060307581262e-05,0.043011814729168,3396.368438281936,0.6977641720746179,0.9586677685016955,97.56028293598712,0.9892790267258144,0.7242306715692984,-3.4955680564481746
BBOB_F2,2,7,10,4,0.1001,0.0617,1.6223662884927068,0.2675,0.1112,2.4055755395683454,0.3456,0.1095,3.156164383561644,0.7922375804735309,-0.0884133048662523,2.0,0.8079714199243959,0.9183790833378686,-0.4205628872757694,0.8151754931727824,-0.9759759759759756,0.0132777082935542,-1.5565565565565564,0.5595119023804761,0.9090909090909092,0.1376904114571937,0.2638777515896624,0.2852657685076014,6.969157311556475e-06,0.02922045942943,4192.825347904795,0.2606194473151687,0.9987033574403044,342208.61038158234,0.9988965779915496,0.8504530396755275,-1.895611743423132
BBOB_F10,10,7,10,0,0.1009,0.0587,1.718909710391823,0.2611,0.1026,2.544834307992204,0.4281,0.0701,6.106990014265334,2.052447320038094,5.853363874896367,5.0,0.8014384004507922,0.9191358806652676,-0.3283341637903276,0.7935280943725093,-1.2362362362362362,0.0040050007578736,-2.037037037037037,0.5427085417083417,0.9090909090909092,0.1063777330640554,0.0279209803094544,0.1161384973153332,1.1549151934393471e-05,0.0033207578075732,287.5326107438248,0.8561048567027165,0.1649694677742004,15.751498665986333,0.9957172747352014,0.8541189312184853,-1.8491440182091343
BBOB_F22,22,1,2,0,0.1,0.1,1.0,0.2465,0.2179999999999999,1.1307339449541285,0.317,0.3139999999999999,1.0095541401273886,-0.0156981090849201,-1.3340464544737567,2.0,0.2946003886365784,0.6946605825866679,-0.2467979034613542,,,,,,1.0,0.4710999154979294,0.169991028424563,0.4715177397485525,0.0002576239329612,0.0411133882304203,159.58683557792932,0.1823661562566529,0.2111084609358312,6.651579182610389,0.2879215854640101,0.4976700916769728,-2.6201738415390934
BBOB_F1,1,9,10,9,0.0722,0.0457,1.5798687089715535,0.1201,0.0819999999999999,1.4646341463414638,0.1455,0.1133,1.2842012356575463,0.3193655572357252,-0.0472821624481474,2.0,0.9372676789167116,0.9330489728179192,-0.3952103422675027,0.8354716788007053,-1.316316316316316,0.0083738065352664,-1.8768768768768769,0.5394078815763153,0.9090909090909092,0.1723177899754765,0.8009469324071399,0.3694888756750541,0.0075407722433881,0.0168921487019184,2.240108593218642,0.8000669512092515,1.0,1.0000000000000588,1.0,0.6598842108633476,-4.31120420376447
BBOB_F21,21,9,2,0,0.1,0.1,1.0,0.2514999999999999,0.2554999999999999,0.9843444227005872,0.3964999999999999,0.3955000000000001,1.0025284450063208,1.3372955248665486,2.1134348968051957,1.0,0.1821949497756133,0.6626510471215753,-0.2837919272897863,0.7237716238448679,0.1451451451451451,0.0920373199661822,-0.7757757757757754,0.4274274274274274,1.0,0.4145254522668817,0.0581394495477852,0.2336208884029579,0.0086958761550205,0.0113751672783665,1.308110542926615,0.0662418435038391,0.0836722079806775,11.678441117773303,0.1428606955816179,0.4936152896074647,-2.64132385896611
BBOB_F10,10,9,2,0,0.1,0.0455,2.197802197802198,0.282,0.074,3.8108108108108114,0.217,0.0525,4.133333333333333,1.960309471662196,3.846654277510832,1.0,0.3961967992913499,0.730477329651677,-0.0652660506659942,0.655783317300716,-0.6156156156156153,0.009615746001432,-1.6166166166166165,0.3478478478478478,1.0,0.5428561716749182,0.3953602570007326,0.1526828889529049,0.0289429870421607,0.0308317276133232,1.0652572786772567,0.8210407766718516,0.5702872681484249,1.1290900645744195,0.9982236876093786,0.6919992416293042,-1.6065448560513396
BBOB_F16,16,6,10,0,0.1,0.1,1.0,0.25,0.25,1.0,0.5016,0.4951,1.0131286608765906,0.8173772830335762,1.095043764113953,1.0,0.5878911820438937,0.8806882269839208,-0.5645576353431323,0.8652825774879696,-0.8958958958958956,0.0152469572701757,-1.5565565565565564,0.6608321664332867,0.9090909090909092,0.0940515836892753,0.0001459854189849,0.2794584873314043,7.832613516375319e-05,0.0009676586284103,12.354224121837673,-9.224940032281914e-05,-0.0001821327033508,24.85576675824554,0.0009742741658465,0.9957458441908767,-0.0539243839702852
BBOB_F3,3,4,2,5,0.1095,0.063,1.7380952380952377,0.21,0.1015,2.0689655172413794,0.011,0.0104999999999999,1.0476190476190477,2.039494770378074,3.291836155068098,1.0,0.4753840744831474,0.6973040685951131,-0.0577384909454084,0.7164292659780445,-0.3153153153153152,0.0087688560945874,-1.836836836836837,0.4639639639639639,0.6666666666666666,0.586765214127525,0.5776644819086751,0.1436689975345291,0.0010698720035241,0.0610161802964658,57.031289813622976,0.5774537626271947,0.9045267297320986,114.12799692578288,0.9847431348522132,0.3194096591342478,-3.549987723991693
BBOB_F11,11,0,2,1,0.1275,0.0144999999999999,8.793103448275863,0.029,0.026,1.1153846153846154,0.029,0.0285,1.0175438596491229,0.7468414193739887,-0.7293739949659201,2.0,,,,,,,,,0.6666666666666666,0.6500488088441679,0.9036996658975136,0.2596760020704445,0.0284332285895855,0.077187992696212,2.7147107987759167,0.935793073050576,0.95752137119543,9.448757054600218,0.9948829003018608,,
BBOB_F6,6,9,10,0,0.0847999999999999,0.0566999999999999,1.4955908289241622,0.1591,0.0944,1.6853813559322033,0.1901999999999999,0.1182,1.6091370558375633,0.7673480577223735,0.5102753641031534,4.0,0.8821378734901344,0.9271304043343078,-0.37239159295277,0.8240605307922122,-1.2362362362362362,0.0076362982612822,-1.8568568568568569,0.5306061212242449,0.9090909090909092,0.1637275652518522,0.6412010563964015,0.2559017308341485,0.0003535581281525,0.0212052339536206,59.97665522335329,0.8010357213738972,0.7881950544769656,5.165225223567378,0.9622468738126444,0.7564696653746189,-3.08691638528806
BBOB_F1,1,6,2,3,0.1085,0.0409999999999999,2.6463414634146343,0.1629999999999999,0.086,1.895348837209302,0.145,0.1005,1.4427860696517412,0.7555170186004309,-0.2104377781598052,1.0,0.778056098280934,0.7569453852444732,-0.075764906172751,0.6713266959434299,-0.7757757757757754,0.036606951475969,-1.316316316316316,0.3473473473473473,0.6666666666666666,0.6238695109983184,0.7583677118212049,0.2728629115721393,0.0285703916948087,0.0584248175915565,2.0449428280737325,0.7582467430266858,1.0,1.0000000000000009,1.0,0.139415860555461,-4.488842916289178
BBOB_F2,2,0,10,1,0.0979,0.0385,2.5428571428571427,0.0814999999999999,0.0366,2.2267759562841523,0.0220999999999999,0.0212999999999999,1.0375586854460097,0.8181655289845317,-0.6860036483160941,2.0,0.7994352175836019,0.9187503244895232,-0.2883700817575677,0.736448690920914,-0.9759759759759756,0.0063504251685959,-1.7567567567567566,0.5267053410682137,0.8181818181818182,0.1758101384065821,0.8720141933925512,0.3057647058513442,8.603613683478423e-06,0.0911375816166297,10592.942101949771,0.8714453400836213,0.996810681054274,296049.23873527674,0.996884170083874,0.8575406521038749,-1.8057713259191173
BBOB_F3,3,0,2,4,0.1,0.0784999999999999,1.2738853503184715,0.272,0.1275,2.1333333333333333,0.4665,0.0625,7.464,1.7449886811836477,3.113833986243568,1.0,0.4603358290221734,0.680162296262363,-0.108286082306412,0.8152979544169127,-0.2152152152152151,0.0554298551568466,-1.1561561561561562,0.5480480480480481,1.0,0.4348736042531703,0.0920997064983053,0.2093245115188073,0.0069529583135221,0.0193094790414217,2.777160191492683,0.0916453533921822,0.8777507992660738,19.094124832265887,0.9676405666264952,0.3295305601478374,-3.4971966803981647
BBOB_F2,2,2,2,7,0.1,0.0365,2.739726027397261,0.2535,0.0495,5.121212121212121,0.0005,0.0005,1.0,0.9329083642730936,-0.4001080774712258,2.0,0.4241499526407443,0.7391429641041081,-0.0617662863156465,0.5831909924980554,-0.5955955955955953,0.038333951017666,-1.276276276276276,0.3188188188188188,0.6666666666666666,0.6348648411483756,0.8181057982245223,0.2673824619920479,2.644190529119708e-05,0.0897104291349396,3392.736950949056,0.8180149358129547,0.9984451306468828,7290.918182658814,0.9991404860755176,0.6635084891222642,-1.755153814442695
BBOB_F1,1,6,2,4,0.1085,0.0409999999999999,2.6463414634146343,0.1629999999999999,0.086,1.895348837209302,0.145,0.1005,1.4427860696517412,0.7555170186004309,-0.2104377781598052,1.0,0.778056098280934,0.7569453852444732,-0.075764906172751,0.6736740533499846,-0.7757757757757754,0.036606951475969,-1.356356356356356,0.3578578578578578,0.6666666666666666,0.6238695109983183,0.7583677118212049,0.2728629115721393,0.0285703916948087,0.0584248175915565,2.0449428280737325,0.7582467430266858,1.0,1.0000000000000009,1.0,0.139415860555461,-4.488842916289178
BBOB_F2,2,5,2,9,0.1,0.0115,8.695652173913045,0.0445,0.001,44.5,0.0005,0.0005,1.0,0.7051569896968048,-0.9599236634690452,2.0,0.2622009366650898,0.7289130639635922,-0.0508211809621445,0.5410584040569125,-0.6156156156156153,0.0666536326812491,-1.356356356356356,0.3203203203203203,0.6666666666666666,0.6502184982064426,0.9036472641959444,0.330428665197276,1.8429311522566924e-05,0.1092649234510054,5928.866269215165,0.903599045119718,0.9943123396131672,1301.0439180648568,0.9955653662709522,0.6325260500025945,-1.9167595145680256
BBOB_F1,1,5,2,7,0.104,0.0325,3.2,0.1745,0.0809999999999999,2.154320987654321,0.1145,0.0985,1.1624365482233503,0.7167709360707184,-0.4738362321926064,1.0,0.7690569645689403,0.7548364441576721,-0.0705747262840053,0.6854537355717604,-0.7757757757757754,0.0333828586473176,-1.316316316316316,0.3488488488488488,0.6666666666666666,0.631973738774744,0.8019822454147366,0.2928558580295243,0.0123916991377785,0.0702862818691813,5.672045543366992,0.8018831114403571,1.0,1.0000000000000016,1.0,0.1408153535476815,-4.481543102225
BBOB_F1,1,2,2,7,0.058,0.0205,2.829268292682927,0.0705,0.0315,2.238095238095237,0.1159999999999999,0.0699999999999999,1.6571428571428573,0.6009146143857492,-0.337288552018498,1.0,0.7756427718348486,0.756292364073863,-0.0657412298829084,0.6593659533682134,-0.8158158158158154,0.0241759407916913,-1.396396396396396,0.3413413413413413,0.6666666666666666,0.6456271449489469,,,,,,,,,,0.1400212719534694,-4.485685065079945
BBOB_F13,13,6,10,0,0.1029,0.065,1.5830769230769233,0.2024999999999999,0.1024,1.9775390625,0.2177,0.1159999999999999,1.8767241379310349,0.2568733586485504,-0.1360068321746546,2.0,0.9227180255710604,0.93198950126354,-0.4328775781357231,0.8341276113363199,-1.296296296296296,0.0087688560945874,-1.8168168168168168,0.5326065213042609,0.9090909090909092,0.158134421985935,0.545982778105411,0.4103214462308585,0.0009264832714532,0.0222199986268079,23.983162256081243,0.7647430530391799,0.7638226525818242,2.195427090748703,0.9912850187303108,0.703635060449653,-3.75663175320716
BBOB_F14,14,0,2,0,0.1025,0.048,2.135416666666667,0.156,0.062,2.516129032258064,0.0505,0.051,0.9901960784313726,2.120362397108486,4.472342281902962,1.0,0.7651493598994654,0.7534684415265953,-0.053461179621188,0.5783884641481669,-0.6356356356356354,0.0009593608287093,-1.916916916916917,0.3558558558558558,0.6666666666666666,0.6043728355886819,0.6596961618091228,0.1158079505856824,0.0261039165984159,0.041583746863579,1.5930079575147904,0.8433971531865805,0.7879411850998816,2.929493807001906,0.999591666143248,0.1477640083587364,-4.445298627691139
BBOB_F11,11,5,10,0,0.1,0.0527,1.8975332068311197,0.25,0.0784999999999999,3.184713375796179,0.4157,0.046,9.03695652173913,2.314790146682749,7.483812936498326,3.0,0.6858888153771161,0.9064406777376914,-0.2850146056907167,0.7743237751404144,-1.2362362362362362,0.0030372635797033,-2.097097097097097,0.5537107421484296,0.9090909090909092,0.1064487055567364,0.0283398860864979,0.0793148440778858,9.111378424947232e-05,0.0038700713058984,42.47514618975855,0.8889818171170292,0.1330451821222614,239.6388302342,0.9958684834705036,0.9906227001928524,-0.1188637976824154
BBOB_F17,17,0,2,0,0.1174999999999999,0.0674999999999999,1.7407407407407407,0.0615,0.0595,1.0336134453781514,0.0819999999999999,0.0809999999999999,1.0123456790123455,3.5210957162508167,16.089374439209713,7.0,0.3952633953430351,0.6268347528594292,-0.1699297076459999,0.7252804577798753,0.3853853853853852,0.0069637447306282,-1.356356356356356,0.6246246246246246,1.0,0.5650207809278804,0.4816254675574056,0.061013778190901,0.0162720440571046,0.020903605486034,1.284633043806638,0.6416524345207437,0.5716957820099864,1.9876376125438329,0.7816326690433607,0.2236639672090102,-4.049401263313035
BBOB_F2,2,5,10,8,0.0907999999999999,0.0359,2.529247910863509,0.0983,0.0475,2.0694736842105264,0.0387999999999999,0.0362,1.071823204419889,0.9669293777915896,-0.268320584799977,2.0,0.7956925174995387,0.9181809680582964,-0.3002264164367629,0.7698752509617597,-0.9759759759759756,0.006064329395408,-1.796796796796797,0.5388077615523105,0.8181818181818182,0.1735237102629309,0.8255637905418376,0.2812920896670975,2.54167395657718e-06,0.0790985294078703,31120.643622752745,0.8247906860498682,0.9982413519502052,57040.48559917655,0.998630444724814,0.8477948957385231,-1.929305566766395
BBOB_F2,2,2,2,6,0.1,0.0365,2.739726027397261,0.2535,0.0495,5.121212121212121,0.0005,0.0005,1.0,0.9329083642730936,-0.4001080774712258,2.0,0.4241499526407443,0.7391429641041081,-0.0617662863156465,0.5860056110984404,-0.5955955955955953,0.0333828586473176,-1.2362362362362362,0.3223223223223223,0.6666666666666666,0.6348648411483767,0.8181057982245223,0.2673824619920479,2.644190529119708e-05,0.0897104291349396,3392.736950949056,0.8180149358129547,0.9984451306468828,7290.918182658814,0.9991404860755176,0.6635084891222642,-1.755153814442695
BBOB_F12,12,3,10,0,0.0723999999999999,0.0462,1.567099567099567,0.1133999999999999,0.0728999999999999,1.5555555555555556,0.1329,0.0931999999999999,1.4259656652360515,15.418434435278796,377.2702915519457,3.0,0.8736962027427826,0.9245542176702152,-0.1170889967832637,0.6618386102461955,-1.7567567567567566,1.0471768194855202e-05,-3.9189189189189184,0.5219043808761752,0.9090909090909092,0.1278906584845094,0.1646009981648454,0.005625425771922,0.0003791928971325,0.0018684703029687,4.927492885806217,0.4210076705833179,0.1947443537018891,295.15764159382456,0.5465570661999748,0.6999175787253733,-3.803753419854317
BBOB_F2,2,8,10,7,0.0854999999999999,0.0374,2.286096256684492,0.0784,0.0481,1.62993762993763,0.0196,0.0175,1.12,0.7739559873538836,-0.7931845738561498,2.0,0.8076413070884463,0.9190977868183778,-0.2878622456354233,0.7384447185263027,-0.9759759759759756,0.006064329395408,-1.7567567567567566,0.5282056411282257,0.8181818181818182,0.1763123880324684,0.8824423477104572,0.3172132191577292,9.701860408689589e-06,0.094047570565716,9693.766618357158,0.8819194097705607,0.9959778722682822,603005.5868919559,0.9962957010079624,0.845212464868176,-1.962039674325565
BBOB_F2,2,5,10,2,0.0907999999999999,0.0359,2.529247910863509,0.0983,0.0475,2.0694736842105264,0.0387999999999999,0.0362,1.071823204419889,0.9669293777915896,-0.268320584799977,2.0,0.7956925174995387,0.9181809680582964,-0.3002264164367629,0.7613629414413536,-0.9759759759759756,0.0057911226476417,-1.8168168168168168,0.5399079815963193,0.8181818181818182,0.1735237102629309,0.8255637905418376,0.2812920896670975,2.54167395657718e-06,0.0790985294078703,31120.643622752745,0.8247906860498682,0.9982413519502052,57040.48559917655,0.998630444724814,0.8477948957385231,-1.929305566766395
BBOB_F22,22,4,10,0,0.1002,0.0915,1.095081967213115,0.2389,0.1894,1.261351636747624,0.3394,0.2394,1.4177109440267337,-3.587496014923741,25.40782959200823,3.0,0.7961073294344924,0.9189093903422172,-0.5350796032851957,0.7579239489926528,-1.336336336336336,0.0014526539259467,-2.3373373373373374,0.5746149229845969,0.9090909090909092,0.1251016441145618,0.1399366203306135,0.9586133202072123,9.889986952804529e-05,0.0043426695263683,43.90975991264514,0.2704043802270882,0.2097371445488456,3.229074844369531,0.4045392292969645,0.8545493863388496,-1.843687700144168
BBOB_F1,1,3,10,5,0.0687,0.0427,1.6088992974238874,0.1152,0.0821999999999999,1.4014598540145988,0.137,0.1092,1.2545787545787546,0.3098255478644399,-0.080637697681893,1.0,0.9307972990015444,0.9330212305038325,-0.3822623004964153,0.8338147307972354,-1.316316316316316,0.0087688560945874,-1.8568568568568569,0.5318063612722544,0.8181818181818182,0.1732658625853244,0.8220190143386898,0.3779415383152287,0.0003641683386721,0.0199775387979336,54.85797823824283,0.8212321893836285,1.0,1.0000000000000286,1.0,0.6655799965852848,-4.239006157885774
BBOB_F2,2,8,2,9,0.1,0.0645,1.550387596899225,0.25,0.107,2.3364485981308407,0.3555,0.0555,6.405405405405404,0.9382969400301452,-0.1482203000426345,1.0,0.4471721514363963,0.7373935968662346,-0.091224211862567,0.6160759288176986,-0.5755755755755754,0.0607832312829723,-1.036036036036036,0.3238238238238238,1.0,0.5133283679850981,0.2908706630739732,0.2845957213075361,7.442821215907137e-05,0.0509348554021943,684.3487694334783,0.290515949350742,0.9973048994728652,5679.546972497028,0.9979353032339066,0.6388192947503466,-1.8839336863757308
BBOB_F3,3,2,2,5,0.1,0.0865,1.1560693641618498,0.2885,0.1295,2.227799227799228,0.258,0.1129999999999999,2.283185840707965,2.079071309700508,3.5670250758663986,1.0,0.4130756942549872,0.6857206287561284,-0.069388997724139,0.7748354603339835,-0.2752752752752751,0.0201049641626049,-1.436436436436436,0.493993993993994,1.0,0.5647698142409455,0.4816276172946357,0.1485843323374657,0.002133870584963,0.0513976726938429,24.086593187061546,0.4813697334165866,0.909128386000093,41.61135682782586,0.98597479256847,0.3578865570711678,-3.3492906127755786
BBOB_F22,22,2,2,0,0.1,0.1,1.0,0.2774999999999999,0.25,1.11,0.3815,0.355,1.0746478873239438,0.0299276435672576,-1.3796627652152718,3.0,0.3561261128311834,0.6972988759272613,-0.2441549734303953,0.7099487264067272,0.2852852852852852,0.1106736018095974,-0.6556556556556553,0.4149149149149149,1.0,0.443055854248455,0.1075638423276358,0.4432975115628759,0.0044967779049605,0.0306475706218144,6.81545125633316,0.1198969242486224,0.2068397042135155,1.6317019378027575,0.3424389621646357,0.52848099229844,-2.459462893405153
BBOB_F2,2,1,2,4,0.1,0.067,1.4925373134328357,0.25,0.111,2.252252252252252,0.434,0.063,6.888888888888888,0.7537191744568835,-0.5585384024090163,1.0,0.2558072360993015,0.7307194595628388,-0.1034195634547192,0.5980896742671714,-0.5155155155155153,0.0839312949816636,-1.016016016016016,0.3188188188188188,1.0,0.4396799252523991,0.1008842773394215,0.3046112325392295,5.519273555421402e-05,0.0306503884691875,555.3337438598359,0.1004341622650205,0.9979328655418233,4368.110304992091,0.9981534822459596,0.674855394474222,-1.6959678808699303
BBOB_F1,1,0,10,8,0.0833999999999999,0.0542,1.538745387453874,0.1425,0.1008,1.4136904761904765,0.1669,0.1277,1.306969459671104,0.342068294348878,-0.1195355306211194,1.0,0.9425795571530338,0.9342691728755006,-0.411405140737095,0.8373104916262727,-1.256256256256256,0.0091825428356562,-1.8168168168168168,0.5397079415883177,0.9090909090909092,0.1688521350809602,0.7361022962842763,0.3886993035832645,0.0015531971404858,0.0227641512937262,14.65631805541791,0.7349356475094344,1.0,1.0000000000000122,1.0,0.6528881683787955,-4.399883908537005
BBOB_F22,22,2,10,0,0.1,0.0954,1.0482180293501049,0.2366,0.188,1.2585106382978724,0.3288,0.2345,1.402132196162047,-3.8258368213493537,32.4480381588132,4.0,0.7923309999655038,0.9182435031612234,-0.5365427602566502,0.7467321941169865,-1.356356356356356,0.0013247139878661,-2.3773773773773774,0.5774154830966193,0.9090909090909092,0.1239445231118992,0.131144996405782,0.9634521606528192,3.510821964089295e-05,0.0035624350372908,101.47011365798332,0.2305500309093235,0.2069850432993927,3.174080120748939,0.3683688790611553,0.8717903632789267,-1.625146325014999
BBOB_F3,3,4,2,6,0.1095,0.063,1.7380952380952377,0.21,0.1015,2.0689655172413794,0.011,0.0104999999999999,1.0476190476190477,2.039494770378074,3.291836155068098,1.0,0.4753840744831474,0.6973040685951131,-0.0577384909454084,0.7127238862225083,-0.3153153153153152,0.0087688560945874,-1.8568568568568569,0.464964964964965,0.6666666666666666,0.5867652141275242,0.5776644819086751,0.1436689975345291,0.0010698720035241,0.0610161802964658,57.031289813622976,0.5774537626271947,0.9045267297320986,114.12799692578288,0.9847431348522132,0.3194096591342478,-3.549987723991693
BBOB_F3,3,3,10,9,0.0673999999999999,0.0374,1.8021390374331543,0.1278,0.0794,1.6095717884130982,0.153,0.1086,1.4088397790055247,0.954898951160814,0.2903537855015576,2.0,0.8798103730160637,0.9262669398115808,-0.3565321626472432,0.7807118478734539,-1.076076076076076,0.0069637447306282,-1.8168168168168168,0.5363072614522905,0.9090909090909092,0.1669309340094567,0.699099648599641,0.235892780464796,1.2664060307581262e-05,0.043011814729168,3396.368438281936,0.6977641720746179,0.9586677685016955,97.56028293598712,0.9892790267258144,0.7242306715692984,-3.4955680564481746
BBOB_F7,7,0,10,0,0.0969,0.0428999999999999,2.258741258741259,0.1044,0.0626,1.667731629392971,0.0621,0.0445,1.3955056179775285,1.4339653539450556,2.3887256602950133,1.0,0.8505187088968066,0.9223493798085456,-0.3018805375486331,0.7822030607587734,-1.2362362362362362,0.0052810797119343,-1.996996996996997,0.5178035607121424,0.8181818181818182,0.1727571465221819,0.8101443640238902,0.1808825881809638,0.0015233379095558,0.0260720043202634,17.115049889269745,0.9570929566415846,0.8504225841152601,8.15213393084846,0.9978785923841514,0.7688688485627473,-2.929748113801472
BBOB_F1,1,0,20,8,0.07965,0.0561,1.4197860962566846,0.14715,0.1044,1.4094827586206895,0.17575,0.1383,1.2707881417208966,0.2414925792592945,-0.0551705246326887,1.0,1.0312380944204578,0.9703140335993068,-0.4698090370746143,,,,,,0.9047619047619048,0.0880837072727992,0.7223289358230384,0.4016801728637434,0.0006488920175338,0.0145082502339537,22.35849701017095,0.7202001326035669,1.0,1.000000000000008,1.0,0.782420638894918,-3.9370977233919824
BBOB_F16,16,5,2,0,0.1,0.1,1.0,0.25,0.25,1.0,0.4625,0.4649999999999999,0.9946236559139786,1.5797631216234926,3.2210189301847327,3.0,0.138724473587378,0.5785695311299265,-0.3953611979574614,0.8130719544826848,0.4054054054054052,0.1675807864530769,-0.4354354354354351,0.551051051051051,1.0,0.3723677718635241,0.0127394953819233,0.1866477017293793,0.0004241715675465,0.0062655944764798,14.771368370400346,0.0145919856632269,0.0193739514741362,3.455191078116681,0.044015626044494,1.0610497566821742,0.3184380878792812
BBOB_F1,1,8,10,9,0.0723999999999999,0.0495,1.4626262626262625,0.1288,0.0935,1.3775401069518716,0.1535,0.1149999999999999,1.3347826086956522,0.3272971245672494,-0.0347991623133068,1.0,0.9418170954189264,0.934287718399962,-0.4057258333017515,0.8364357391714272,-1.296296296296296,0.0091825428356562,-1.836836836836837,0.5393078615723145,0.9090909090909092,0.171163936874652,0.7795444674117137,0.3687195950955766,0.0001571793235344,0.022155033497389,140.9538672084231,0.7785698694012728,1.0,1.0000000000000322,1.0,0.6487100342300188,-4.452844665083536
BBOB_F1,1,0,10,2,0.0833999999999999,0.0542,1.538745387453874,0.1425,0.1008,1.4136904761904765,0.1669,0.1277,1.306969459671104,0.342068294348878,-0.1195355306211194,1.0,0.9425795571530338,0.9342691728755006,-0.411405140737095,0.8378577484096172,-1.256256256256256,0.0091825428356562,-1.8168168168168168,0.5442088417683537,0.9090909090909092,0.1688521350809601,0.7361022962842763,0.3886993035832645,0.0015531971404858,0.0227641512937262,14.65631805541791,0.7349356475094344,1.0,1.0000000000000122,1.0,0.6528881683787955,-4.399883908537005
BBOB_F22,22,3,10,0,0.1,0.099,1.0101010101010102,0.2601,0.2077,1.2522869523350988,0.3658,0.2445999999999999,1.4955028618152086,-3.5567350246614766,24.422488396333872,3.0,0.7633601946969822,0.915980485700782,-0.5410338465214735,0.7514704234181252,-1.2362362362362362,0.0021004982416539,-2.237237237237237,0.5716143228645729,0.9090909090909092,0.1159536638145637,0.0752253802015678,0.9519018526564988,0.000470075362888,0.0029691633022358,6.31635592215193,0.2094724913548264,0.1264874372905696,2.9587856203370557,0.3138193963371449,0.9351745331121556,-0.8217078838571101
BBOB_F1,1,6,10,6,0.0789999999999999,0.0513,1.539961013645224,0.1447999999999999,0.0999,1.4494494494494492,0.1646,0.1234,1.33387358184765,0.3419983201124051,-0.0258010460826141,2.0,0.9458568421321416,0.9353639179775972,-0.4138228807340014,0.8366159561569164,-1.356356356356356,0.0076362982612822,-1.896896896896897,0.54000800160032,0.9090909090909092,0.169112030630547,0.740063309258458,0.3236225462867008,0.0003422488834337,0.017719959793276,51.77506969633633,0.7389141714769609,1.0,1.0000000000000229,1.0,0.6518099339622345,-4.413551279761142
BBOB_F2,2,7,2,0,0.1,0.0465,2.1505376344086025,0.4004999999999999,0.066,6.068181818181816,0.072,0.087,0.8275862068965517,1.253892012358477,0.4595664107755852,1.0,0.3016168127037359,0.732200523887074,-0.0689459222231201,0.580394617055063,-0.4954954954954953,0.0440193518520887,-1.276276276276276,0.3198198198198198,0.6666666666666666,0.6118275760758141,0.6977282542425641,0.2346448674075192,5.109980842596728e-05,0.0777484336895175,1521.5014710311173,0.6975770772112284,0.9970140616598446,2538.881630404386,0.9986479595096168,0.6790923372260574,-1.6738678100150637
BBOB_F21,21,4,2,0,0.1,0.1,1.0,0.2545,0.2495,1.0200400801603209,0.3604999999999999,0.297,1.2138047138047134,1.2195554105906738,1.3733957756512387,2.0,0.2017783102838371,0.6734724364194481,-0.2585994332426328,0.7350287660601466,0.2052052052052051,0.0920373199661822,-0.7957957957957954,0.4404404404404404,1.0,0.4589368329129928,0.1415667379202057,0.240803095193249,0.0166063432952489,0.0175959267392412,1.059590689316618,0.1750947930200566,0.334918969028927,1.0026986616105038,0.4655247339526644,0.6826920439299554,-1.6550915890764104
BBOB_F1,1,6,2,1,0.1085,0.0409999999999999,2.6463414634146343,0.1629999999999999,0.086,1.895348837209302,0.145,0.1005,1.4427860696517412,0.7555170186004309,-0.2104377781598052,1.0,0.778056098280934,0.7569453852444732,-0.075764906172751,0.6650194017402037,-0.7757757757757754,0.036606951475969,-1.356356356356356,0.3528528528528528,0.6666666666666666,0.6238695109983187,0.7583677118212049,0.2728629115721393,0.0285703916948087,0.0584248175915565,2.0449428280737325,0.7582467430266858,1.0,1.0000000000000009,1.0,0.139415860555461,-4.488842916289178
BBOB_F4,4,6,2,0,0.1,0.061,1.639344262295082,0.1699999999999999,0.1165,1.4592274678111583,0.12,0.099,1.212121212121212,1.013895571821562,0.3061397849135714,3.0,0.5011677628610466,0.693532218048418,-0.0825430388037256,0.8096801960376893,-0.3353353353353351,0.0290712337727257,-1.296296296296296,0.5325325325325325,0.6666666666666666,0.6099083736672329,0.6874455271603928,0.2029572669038994,0.0144643204741717,0.0502762805052646,3.4758826448183733,0.6872889368245731,0.9159076065884884,1.139033955987902,0.9698121727874632,0.261808455227382,-3.8504380161548175
BBOB_F2,2,1,10,1,0.101,0.0545999999999999,1.84981684981685,0.1833,0.0928,1.9752155172413797,0.0475999999999999,0.0465999999999999,1.0214592274678111,0.9097655922477774,-0.3834539154092122,2.0,0.803215358497113,0.9168135708726992,-0.2966696893945936,0.7827781576646133,-1.016016016016016,0.0076362982612822,-1.7767767767767764,0.5607121424284857,0.8181818181818182,0.1726256351006398,0.8077783781909607,0.2732288914910434,6.286902509238012e-06,0.0774871013872964,12325.163508331234,0.8069284576412186,0.9984152910343032,15287.21832009744,0.9991367168621476,0.8348664163614365,-2.0931830356138743
BBOB_F2,2,3,10,8,0.0878999999999999,0.0354,2.4830508474576267,0.0775999999999999,0.0358,2.1675977653631278,0.0294,0.028,1.05,0.8296671022497943,-0.3855765314760639,1.0,0.7956305836927411,0.9179831669934368,-0.30453423582119,0.7470885503384654,-1.036036036036036,0.0069637447306282,-1.7767767767767764,0.5273054610922184,0.8181818181818182,0.1759739344117478,0.8754088532927307,0.2796502182682284,5.613029362266757e-06,0.0776490726991428,13833.71931405418,0.8748590846711828,0.9982307831533848,56292.97128658904,0.9983354723237988,0.8498471235933118,-1.9032921512260383
BBOB_F2,2,6,10,7,0.1,0.069,1.4492753623188404,0.2979,0.088,3.3852272727272728,0.0804999999999999,0.0842999999999999,0.9549228944246738,0.954930305416572,-0.3204182697896844,2.0,0.8079209276575807,0.917323248665968,-0.3084301889785821,0.8040951951056838,-0.9959959959959956,0.0091825428356562,-1.7167167167167163,0.5709141828365674,0.9090909090909092,0.1696384464050402,0.7497229206020437,0.2779004068421613,8.541153630442933e-06,0.0759969542292382,8897.738820475604,0.7486145710159728,0.9976546994469292,75959.38075794531,0.9992883270994432,0.8392003576220959,-2.0382473155485066
BBOB_F7,7,1,2,0,0.1,0.0775,1.2903225806451617,0.248,0.0799999999999999,3.1000000000000005,0.4604999999999999,0.0725,6.351724137931034,1.5648711232926518,2.065661617011944,1.0,0.3774521686846396,0.503031548616637,-0.097286839471757,0.8008560960978425,-0.2352352352352351,2.5142033481427965e-05,-1.056056056056056,0.2642642642642642,1.0,0.3971642735090646,0.0355115381777308,0.1572948187387677,0.0084114375467768,0.0088736195023616,1.0549468450564574,0.7130541349413293,0.3162496330904553,1.1952670060310429,0.9939311977465064,0.3321583639636304,-3.483489945631319
BBOB_F1,1,1,2,6,0.1,0.0819999999999999,1.2195121951219514,0.251,0.141,1.780141843971631,0.315,0.151,2.0860927152317883,0.7307639120543777,0.0224773183066009,1.0,0.7732726534760462,0.7572328734680044,-0.1071114417231088,0.6951406641645685,-0.6756756756756753,0.0460960448682843,-1.2362362362362362,0.3613613613613614,1.0,0.5145248490964348,0.2950650893278231,0.2910473593586282,0.0081850921163707,0.0372344742960956,4.54905989654339,0.2947121765320988,1.0,1.0000000000000009,1.0,0.1429858240104272,-4.470221837382727
BBOB_F22,22,8,10,0,0.1,0.0967,1.034126163391934,0.2518000000000001,0.2094999999999999,1.2019093078758956,0.3503,0.2675,1.309532710280374,-3.5077657942689027,22.47740006510513,2.0,0.7716358861961905,0.9156731472099388,-0.5726610094109656,0.741531761981447,-1.1961961961961962,0.0021004982416539,-2.237237237237237,0.5707141428285657,0.9090909090909092,0.1154404854131597,0.0718542953882785,0.9531008672342433,0.0002744608847332,0.0029618184137573,10.79140445326369,0.1726448775382387,0.1400804291597913,4.174938772217368,0.2918742756279299,0.8958989172846795,-1.319553633655044
BBOB_F1,1,3,2,2,0.1,0.033,3.0303030303030303,0.1755,0.075,2.339999999999999,0.096,0.087,1.1034482758620692,0.7014925920161403,-0.5513964276634358,1.0,0.7807343247543591,0.7582593008365843,-0.0708865367599614,0.6674703771450691,-0.7557557557557554,0.0349577557436327,-1.316316316316316,0.3318318318318318,0.6666666666666666,0.6338744887956187,0.8128918667237119,0.3037326743510375,0.0040104345653267,0.0741410609867438,18.487039192148803,0.8127981944521055,1.0,1.0000000000000004,1.0,0.1405026167015986,-4.483174350712926
BBOB_F1,1,7,2,9,0.1,0.086,1.162790697674419,0.25,0.1605,1.557632398753894,0.462,0.0725,6.372413793103448,0.4683001214384852,-0.3961250395360629,1.0,0.7724215718636989,0.7568921434362924,-0.1233746688004439,0.6988264509261062,-0.6156156156156153,0.0505479682119124,-1.1761761761761762,0.3518518518518518,1.0,0.3771392134160162,0.0163608058812431,0.3269218144768705,0.0029656815349662,0.0090079722201765,3.037403751539013,0.0158683648732506,1.0,1.0000000000000009,1.0,0.1403192877153706,-4.4841306023836935
BBOB_F24,24,1,10,0,0.0994,0.0882999999999999,1.1257078142695358,0.2300999999999999,0.1800999999999999,1.277623542476402,0.3275,0.1528,2.143324607329843,0.2484753166896593,-0.0907447505156584,2.0,0.9100936668186392,0.9296459918372626,-0.537771963370398,,,,,,0.9090909090909092,0.128057462525458,0.166035335591084,0.3839035252643694,0.0058930759886949,0.0063562061231257,1.0785888617963315,0.299878385390522,0.7289719999447604,1.0354084351921526,0.8697936838488947,0.7114155659284639,-3.658008434328584
BBOB_F7,7,2,2,0,0.0935,0.056,1.669642857142857,0.2205,0.1165,1.892703862660944,0.4295,0.0925,4.643243243243243,1.6265037409440697,2.372341799152545,2.0,0.4554646206620736,0.515227737216512,-0.097044887455635,0.8038888164271581,-0.035035035035035,0.0003995780301895,-1.1561561561561562,0.2492492492492492,1.0,0.4090615689352346,0.0508120762370067,0.179353820734912,0.005082028432348,0.0142636903892986,2.8066923629367118,0.6553261395385317,0.3731608797097145,1.2884507480421274,0.9792595570657334,0.2494043340682399,-3.915138431658578
BBOB_F3,3,1,10,9,0.1022,0.0701,1.4579172610556346,0.2081,0.1252,1.662140575079872,0.2672,0.153,1.74640522875817,1.1188544433064889,1.4932755457062257,1.0,0.9072223465527396,0.9297351888479188,-0.4202107402914828,0.8338116430001845,-0.9959959959959956,0.0083738065352664,-1.836836836836837,0.5704140828165634,0.9090909090909092,0.1487359299772013,0.402718869111036,0.2817783695551386,0.0010743789935812,0.01930601619073,17.96946543637987,0.4001035656970031,0.9199302965914744,20.37524692491768,0.977810707491706,0.7008750184899584,-3.7916172048658616
BBOB_F20,20,7,10,0,0.107,0.0667,1.6041979010494751,0.1852,0.1101,1.6821071752951862,0.1728,0.1157,1.4935177182368196,1.1865456289553793,1.583135495713404,3.0,0.9105120050941532,0.929227070723046,-0.3546977395638331,0.81964491077207,-1.2362362362362362,0.006064329395408,-1.9369369369369367,0.5486097219443888,0.9090909090909092,0.165375571866388,0.6690500687225687,0.1958291489187233,0.0002411057224479,0.0226483822878548,93.93548215241998,0.7423136839465023,0.9197171294852048,32.05115105838573,0.9986793852491404,0.6995525513707258,-3.808380395478825
BBOB_F1,1,2,10,7,0.0665999999999999,0.0423999999999999,1.5707547169811322,0.1072999999999999,0.0781999999999999,1.3721227621483376,0.1271,0.1021,1.2448579823702253,0.2988421400884995,-0.064778980086543,2.0,0.9304465021453292,0.932938273182003,-0.3919737945103332,,,,,,0.8181818181818182,0.1743650103848262,0.8424592138260633,0.3788562522216504,0.0028504018348171,0.0184841537646807,6.48475367188593,0.8417627516644393,1.0,1.000000000000041,1.0,0.6726658417673235,-4.149188141457975
BBOB_F1,1,6,2,5,0.1085,0.0409999999999999,2.6463414634146343,0.1629999999999999,0.086,1.895348837209302,0.145,0.1005,1.4427860696517412,0.7555170186004309,-0.2104377781598052,1.0,0.778056098280934,0.7569453852444732,-0.075764906172751,0.6726654868728138,-0.7757757757757754,0.036606951475969,-1.356356356356356,0.3518518518518518,0.6666666666666666,0.6238695109983191,0.7583677118212049,0.2728629115721393,0.0285703916948087,0.0584248175915565,2.0449428280737325,0.7582467430266858,1.0,1.0000000000000009,1.0,0.139415860555461,-4.488842916289178
BBOB_F2,2,7,10,9,0.1001,0.0617,1.6223662884927068,0.2675,0.1112,2.4055755395683454,0.3456,0.1095,3.156164383561644,0.7922375804735309,-0.0884133048662523,2.0,0.8079714199243959,0.9183790833378686,-0.4205628872757694,0.8184562762876332,-0.9759759759759756,0.0132777082935542,-1.5365365365365364,0.5560112022404481,0.9090909090909092,0.1376904114571936,0.2638777515896624,0.2852657685076014,6.969157311556475e-06,0.02922045942943,4192.825347904795,0.2606194473151687,0.9987033574403044,342208.61038158234,0.9988965779915496,0.8504530396755275,-1.895611743423132
BBOB_F19,19,0,2,0,0.1,0.1,1.0,0.25,0.268,0.9328358208955222,0.3795,0.1549999999999999,2.448387096774194,3.2731835196564414,12.646926018787418,4.0,0.3238045359164155,0.6277376184409647,-0.0884067616531018,0.8584323509774802,-0.3153153153153152,0.0333828586473176,-1.1561561561561562,0.6296296296296297,1.0,0.437672242576036,,,,,,,,,,0.5351919993490225,-2.424457999543621
BBOB_F2,2,2,2,8,0.1,0.0365,2.739726027397261,0.2535,0.0495,5.121212121212121,0.0005,0.0005,1.0,0.9329083642730936,-0.4001080774712258,2.0,0.4241499526407443,0.7391429641041081,-0.0617662863156465,0.5832959928699417,-0.5955955955955953,0.0333828586473176,-1.296296296296296,0.3208208208208208,0.6666666666666666,0.6348648411483772,0.8181057982245223,0.2673824619920479,2.644190529119708e-05,0.0897104291349396,3392.736950949056,0.8180149358129547,0.9984451306468828,7290.918182658814,0.9991404860755176,0.6635084891222642,-1.755153814442695
BBOB_F2,2,3,2,0,0.1,0.012,8.333333333333334,0.0394999999999999,0.0174999999999999,2.257142857142857,0.0005,0.0005,1.0,0.8640870597333834,-0.3987728115600752,1.0,0.4055800221545731,0.737276668206327,-0.0587107508693155,0.5746862579506631,-0.5955955955955953,0.0333828586473176,-1.336336336336336,0.3353353353353353,0.6666666666666666,0.6473880815313643,0.8875576271828564,0.2762202394106648,1.85839013663798e-05,0.0919911247951343,4950.043749239639,0.8875015117234308,0.9977691274450224,2518.722817424278,0.998126084110714,0.6402514177306142,-1.876463672927216
BBOB_F1,1,1,2,4,0.1,0.0819999999999999,1.2195121951219514,0.251,0.141,1.780141843971631,0.315,0.151,2.0860927152317883,0.7307639120543777,0.0224773183066009,1.0,0.7732726534760462,0.7572328734680044,-0.1071114417231088,0.69160456180303,-0.6756756756756753,0.0460960448682843,-1.2162162162162162,0.3383383383383383,1.0,0.5145248490964346,0.2950650893278231,0.2910473593586282,0.0081850921163707,0.0372344742960956,4.54905989654339,0.2947121765320988,1.0,1.0000000000000009,1.0,0.1429858240104272,-4.470221837382727
BBOB_F1,1,2,10,1,0.0665999999999999,0.0423999999999999,1.5707547169811322,0.1072999999999999,0.0781999999999999,1.3721227621483376,0.1271,0.1021,1.2448579823702253,0.2988421400884995,-0.064778980086543,2.0,0.9304465021453292,0.932938273182003,-0.3919737945103332,0.828499785644486,-1.316316316316316,0.0076362982612822,-1.8768768768768769,0.5246049209841969,0.8181818181818182,0.1743650103848263,0.8424592138260633,0.3788562522216504,0.0028504018348171,0.0184841537646807,6.48475367188593,0.8417627516644393,1.0,1.000000000000041,1.0,0.6726658417673235,-4.149188141457975
BBOB_F2,2,7,10,8,0.1001,0.0617,1.6223662884927068,0.2675,0.1112,2.4055755395683454,0.3456,0.1095,3.156164383561644,0.7922375804735309,-0.0884133048662523,2.0,0.8079714199243959,0.9183790833378686,-0.4205628872757694,0.8223686013476843,-0.9759759759759756,0.0132777082935542,-1.5565565565565564,0.5595119023804761,0.9090909090909092,0.1376904114571937,0.2638777515896624,0.2852657685076014,6.969157311556475e-06,0.02922045942943,4192.825347904795,0.2606194473151687,0.9987033574403044,342208.61038158234,0.9988965779915496,0.8504530396755275,-1.895611743423132
BBOB_F9,9,5,2,0,0.1,0.1,1.0,0.2615,0.233,1.1223175965665235,0.3625,0.1205,3.008298755186721,1.9750883185475232,3.526148427324064,1.0,0.5366616526181427,0.7379728632606074,-0.0963336652166993,0.5658468391325767,-0.3353353353353351,0.0034877274748141,-1.796796796796797,0.3423423423423423,1.0,0.4657752897154231,0.1572169525057735,0.1211358418579906,0.0052995127261898,0.0246473414436559,4.650869375565501,0.2685351262017629,0.7675624197229005,10.206959970593928,0.9269125036868212,0.396515658489616,-3.1477996018248797
BBOB_F21,21,7,10,0,0.1,0.1001,0.9990009990009988,0.2529,0.2414999999999999,1.0472049689440996,0.3993,0.3102999999999999,1.2868192072188207,-2.263996591973627,10.050923045280308,4.0,0.7527011555117192,0.9138133659126588,-0.6194533483849566,0.8250357499375817,-1.056056056056056,0.0072922720587283,-1.8768768768768769,0.5998199639927986,0.9090909090909092,0.1114498225538673,0.050258477705447,0.8786035920807667,4.973794184850848e-05,0.0036188431226677,72.75820004152929,0.0921230120419119,0.2045084066662829,3.015127964366517,0.2881283342705433,0.8873960498586401,-1.427333392672539
BBOB_F1,1,4,10,7,0.0809999999999999,0.0540999999999999,1.497227356746765,0.1392,0.096,1.45,0.1592999999999999,0.1209,1.3176178660049624,0.3455551571350047,-0.0956861309608236,1.0,0.94259229425665,0.9346491082299874,-0.4194372062135604,,,,,,0.9090909090909092,0.1696498630009766,0.7491837548594302,0.3876835412329755,0.0009514340030115,0.0250657849454952,26.345269210637746,0.7480749370827552,1.0,1.0000000000000429,1.0,0.6461377841257404,-4.485449724351287
BBOB_F1,1,2,2,8,0.058,0.0205,2.829268292682927,0.0705,0.0315,2.238095238095237,0.1159999999999999,0.0699999999999999,1.6571428571428573,0.6009146143857492,-0.337288552018498,1.0,0.7756427718348486,0.756292364073863,-0.0657412298829084,0.6603918289209582,-0.8158158158158154,0.0241759407916913,-1.416416416416416,0.3418418418418418,0.6666666666666666,0.6456271449489469,,,,,,,,,,0.1400212719534694,-4.485685065079945
BBOB_F3,3,3,10,3,0.0673999999999999,0.0374,1.8021390374331543,0.1278,0.0794,1.6095717884130982,0.153,0.1086,1.4088397790055247,0.954898951160814,0.2903537855015576,2.0,0.8798103730160637,0.9262669398115808,-0.3565321626472432,0.7772114097168156,-1.076076076076076,0.0069637447306282,-1.836836836836837,0.5409081816363273,0.9090909090909092,0.1669309340094565,0.699099648599641,0.235892780464796,1.2664060307581262e-05,0.043011814729168,3396.368438281936,0.6977641720746179,0.9586677685016955,97.56028293598712,0.9892790267258144,0.7242306715692984,-3.4955680564481746
BBOB_F2,2,2,10,5,0.1,0.0778,1.2853470437017998,0.3395,0.1064,3.1907894736842106,0.1731999999999999,0.1478,1.1718538565629228,1.0078796545904791,-0.1501056489131436,2.0,0.8112104812571663,0.918376889775676,-0.3375407422908237,0.8129508503679139,-0.9759759759759756,0.0110418805085416,-1.6166166166166165,0.5676135227045409,0.9090909090909092,0.1626865491687306,0.623021273598219,0.2825579844420591,1.119875241971293e-05,0.0673672188163437,6015.600335780142,0.6213488883092704,0.9969232293411354,23170.10396158673,0.9986787366858556,0.844864904069436,-1.9664452492046236
BBOB_F1,1,7,10,0,0.0756,0.0518,1.4594594594594594,0.1357,0.0931999999999999,1.456008583690987,0.159,0.1251999999999999,1.2699680511182112,0.3375736364553301,-0.1023381897566406,1.0,0.9421354148761528,0.9343684756610148,-0.3961022272528977,0.8361861331925903,-1.256256256256256,0.0087688560945874,-1.8168168168168168,0.5398079615923185,0.9090909090909092,0.170553904638708,0.7664859004560989,0.415208633260486,0.0001231774409608,0.0247290613372109,200.75966138209915,0.7654535726476133,1.0,1.0000000000000628,1.0,0.6583492665220493,-4.330660690961221
BBOB_F1,1,1,2,7,0.1,0.0819999999999999,1.2195121951219514,0.251,0.141,1.780141843971631,0.315,0.151,2.0860927152317883,0.7307639120543777,0.0224773183066009,1.0,0.7732726534760462,0.7572328734680044,-0.1071114417231088,0.6968562493295235,-0.6756756756756753,0.0401424249049932,-1.2162162162162162,0.3573573573573573,1.0,0.5145248490964341,0.2950650893278231,0.2910473593586282,0.0081850921163707,0.0372344742960956,4.54905989654339,0.2947121765320988,1.0,1.0000000000000009,1.0,0.1429858240104272,-4.470221837382727
BBOB_F5,5,5,10,0,0.038,0.0172,2.209302325581396,0.0087999999999999,0.0198999999999999,0.4422110552763819,0.0134,0.0152,0.881578947368421,0.0023200363006813,-0.3147524025678438,1.0,0.7890696887031814,0.9142878191877112,-0.3307096571029767,0.8225401422271896,-1.416416416416416,0.0072922720587283,-1.9369369369369367,0.5107021404280856,0.8181818181818182,0.1817365303444304,1.0,0.5282250183681813,0.0032441470739726,0.0324414707397265,10.000000000000078,1.0,1.0,5.755960655939348,1.0,0.807684114382951,-2.437737620554234
BBOB_F3,3,6,2,2,0.1135,0.0615,1.845528455284553,0.1225,0.075,1.6333333333333329,0.0045,0.0045,1.0,1.722198144430501,1.755102542903451,2.0,0.4843471968227538,0.7022077877511832,-0.0509825135319357,0.6962164035573539,-0.4154154154154152,0.0069637447306282,-1.896896896896897,0.4514514514514514,0.6666666666666666,0.5995542605280414,0.6374740145109115,0.1727674278034809,0.0006997043938283,0.073496314694113,105.03909271168342,0.6372930335739864,0.9393981738687815,156.8358183382148,0.9944256518763952,0.4066791900622131,-3.094786195450017
BBOB_F24,24,4,10,0,0.0997,0.0860999999999999,1.1579558652729387,0.2307999999999999,0.1820999999999999,1.2674354750137289,0.3245,0.1563999999999999,2.0748081841432238,0.2560762756688068,-0.0400043628912931,1.0,0.904297744953372,0.930215231939394,-0.5366034412039633,0.8540301013533199,-1.1361361361361362,0.0121082975023203,-1.6766766766766763,0.5832166433286657,0.9090909090909092,0.1279814863735846,0.1654267165022683,0.3900892280204484,0.00599542147395,0.0065167128624549,1.0869482472199614,0.298757491228637,0.7287891929689495,1.0561763506194972,0.8686918534404834,0.7036794591405966,-3.756068968916775
BBOB_F1,1,3,10,0,0.0687,0.0427,1.6088992974238874,0.1152,0.0821999999999999,1.4014598540145988,0.137,0.1092,1.2545787545787546,0.3098255478644399,-0.080637697681893,1.0,0.9307972990015444,0.9330212305038325,-0.3822623004964153,0.8355628075976941,-1.316316316316316,0.0087688560945874,-1.8768768768768769,0.5328065613122624,0.8181818181818182,0.1732658625853241,0.8220190143386898,0.3779415383152287,0.0003641683386721,0.0199775387979336,54.85797823824283,0.8212321893836285,1.0,1.0000000000000286,1.0,0.6655799965852848,-4.239006157885774
BBOB_F3,3,0,2,9,0.1,0.0784999999999999,1.2738853503184715,0.272,0.1275,2.1333333333333333,0.4665,0.0625,7.464,1.7449886811836477,3.113833986243568,1.0,0.4603358290221734,0.680162296262363,-0.108286082306412,0.8144303653644243,-0.2152152152152151,0.0505479682119124,-1.1161161161161162,0.5545545545545546,1.0,0.4348736042531705,0.0920997064983053,0.2093245115188073,0.0069529583135221,0.0193094790414217,2.777160191492683,0.0916453533921822,0.8777507992660738,19.094124832265887,0.9676405666264952,0.3295305601478374,-3.4971966803981647
BBOB_F3,3,6,2,0,0.1135,0.0615,1.845528455284553,0.1225,0.075,1.6333333333333329,0.0045,0.0045,1.0,1.722198144430501,1.755102542903451,2.0,0.4843471968227538,0.7022077877511832,-0.0509825135319357,0.6988263595814003,-0.4154154154154152,0.0066500180304311,-1.916916916916917,0.4519519519519519,0.6666666666666666,0.5995542605280417,0.6374740145109115,0.1727674278034809,0.0006997043938283,0.073496314694113,105.03909271168342,0.6372930335739864,0.9393981738687815,156.8358183382148,0.9944256518763952,0.4066791900622131,-3.094786195450017
BBOB_F1,1,7,2,0,0.1,0.086,1.162790697674419,0.25,0.1605,1.557632398753894,0.462,0.0725,6.372413793103448,0.4683001214384852,-0.3961250395360629,1.0,0.7724215718636989,0.7568921434362924,-0.1233746688004439,0.7025121818283282,-0.6156156156156153,0.0607832312829723,-1.1761761761761762,0.3553553553553553,1.0,0.3771392134160166,0.0163608058812431,0.3269218144768705,0.0029656815349662,0.0090079722201765,3.037403751539013,0.0158683648732506,1.0,1.0000000000000009,1.0,0.1403192877153706,-4.4841306023836935
BBOB_F1,1,8,10,8,0.0723999999999999,0.0495,1.4626262626262625,0.1288,0.0935,1.3775401069518716,0.1535,0.1149999999999999,1.3347826086956522,0.3272971245672494,-0.0347991623133068,1.0,0.9418170954189264,0.934287718399962,-0.4057258333017515,0.833687245118578,-1.296296296296296,0.0079965545258923,-1.836836836836837,0.53500700140028,0.9090909090909092,0.1711639368746523,0.7795444674117137,0.3687195950955766,0.0001571793235344,0.022155033497389,140.9538672084231,0.7785698694012728,1.0,1.0000000000000322,1.0,0.6487100342300188,-4.452844665083536
BBOB_F16,16,8,10,0,0.1,0.1,1.0,0.25,0.25,1.0,0.4979999999999999,0.5018,0.9924272618573136,0.6611574876214692,0.4895296527749333,2.0,0.5965080514497683,0.8818193469611956,-0.5705047130045727,0.873547806754231,-0.8558558558558554,0.0191992066559328,-1.4564564564564562,0.6608321664332867,0.9090909090909092,0.0933462367410246,-0.0002902209152588,0.3197168574882605,8.916468623511802e-06,0.0007139786106806,80.07414603556307,-0.0006877074187103,-4.108010376424609e-05,6.05295742866016,-0.0022207378112519,0.9876125386280228,-0.1570196893134543
BBOB_F1,1,1,2,3,0.1,0.0819999999999999,1.2195121951219514,0.251,0.141,1.780141843971631,0.315,0.151,2.0860927152317883,0.7307639120543777,0.0224773183066009,1.0,0.7732726534760462,0.7572328734680044,-0.1071114417231088,0.6908320567587207,-0.6756756756756753,0.0460960448682843,-1.1961961961961962,0.3428428428428428,1.0,0.5145248490964344,0.2950650893278231,0.2910473593586282,0.0081850921163707,0.0372344742960956,4.54905989654339,0.2947121765320988,1.0,1.0000000000000009,1.0,0.1429858240104272,-4.470221837382727
BBOB_F12,12,2,10,0,0.0837999999999999,0.0549,1.5264116575591982,0.1288,0.0907999999999999,1.418502202643172,0.1379,0.1035,1.3323671497584542,8.6982847645145,152.87602034991,3.0,0.8845624663062761,0.9262999742475684,-0.1874001065703087,0.7115880982699584,-1.6566566566566563,0.0001449309574126,-3.178178178178177,0.5301060212042409,0.9090909090909092,0.1430136260780162,0.3274301704279214,0.0145967859190215,0.00047038419582,0.003096919769237,6.5838091431574695,0.6213216018973053,0.3741504993656697,2445.306962989813,0.7228912718263378,0.6751971299380961,-4.117102303189556
BBOB_F1,1,6,10,8,0.0789999999999999,0.0513,1.539961013645224,0.1447999999999999,0.0999,1.4494494494494492,0.1646,0.1234,1.33387358184765,0.3419983201124051,-0.0258010460826141,2.0,0.9458568421321416,0.9353639179775972,-0.4138228807340014,0.8358096948943772,-1.356356356356356,0.0076362982612822,-1.916916916916917,0.5399079815963193,0.9090909090909092,0.169112030630547,0.740063309258458,0.3236225462867008,0.0003422488834337,0.017719959793276,51.77506969633633,0.7389141714769609,1.0,1.0000000000000229,1.0,0.6518099339622345,-4.413551279761142
BBOB_F1,1,5,10,6,0.0802,0.0519,1.5452793834296723,0.1394,0.0935999999999999,1.4893162393162398,0.1669999999999999,0.1273,1.3118617439120184,0.346773783402529,-0.0197921610328757,2.0,0.9441306070766292,0.934730800181298,-0.4102434890935967,0.8292608183170416,-1.276276276276276,0.0087688560945874,-1.836836836836837,0.5328065613122624,0.9090909090909092,0.1694770481815451,0.7467926589679259,0.3801215458812384,0.0006329749987325,0.0222056869159497,35.08145971075147,0.7456732705456823,1.0,1.000000000000042,1.0,0.647892302556627,-4.463209982838491
BBOB_F2,2,5,10,1,0.0907999999999999,0.0359,2.529247910863509,0.0983,0.0475,2.0694736842105264,0.0387999999999999,0.0362,1.071823204419889,0.9669293777915896,-0.268320584799977,2.0,0.7956925174995387,0.9181809680582964,-0.3002264164367629,0.7638685101229563,-0.9959959959959956,0.006064329395408,-1.7767767767767764,0.544508901780356,0.8181818181818182,0.1735237102629307,0.8255637905418376,0.2812920896670975,2.54167395657718e-06,0.0790985294078703,31120.643622752745,0.8247906860498682,0.9982413519502052,57040.48559917655,0.998630444724814,0.8477948957385231,-1.929305566766395
BBOB_F1,1,6,2,7,0.1085,0.0409999999999999,2.6463414634146343,0.1629999999999999,0.086,1.895348837209302,0.145,0.1005,1.4427860696517412,0.7555170186004309,-0.2104377781598052,1.0,0.778056098280934,0.7569453852444732,-0.075764906172751,,,,,,0.6666666666666666,0.6238695109983187,0.7583677118212049,0.2728629115721393,0.0285703916948087,0.0584248175915565,2.0449428280737325,0.7582467430266858,1.0,1.0000000000000009,1.0,0.139415860555461,-4.488842916289178
BBOB_F3,3,0,10,9,0.0674,0.0366,1.8415300546448088,0.124,0.0784,1.5816326530612246,0.1702999999999999,0.1199,1.420350291909925,1.1166735729258357,0.892931352350113,2.0,0.882142027139524,0.926100153662954,-0.3667198797507717,0.7838371354821706,-1.056056056056056,0.0057911226476417,-1.8568568568568569,0.5417083416683337,0.9090909090909092,0.1652314668243709,0.6660549988471827,0.233259360219349,0.0001527049237632,0.0374433006455359,245.20034929317717,0.6645845125347538,0.94830620043692,78.78949122512084,0.993497071096034,0.7236586681320109,-3.5028185978877886
BBOB_F2,2,6,2,6,0.1,0.055,1.818181818181818,0.3184999999999999,0.0839999999999999,3.7916666666666665,0.1965,0.1589999999999999,1.235849056603774,1.045334811926629,-0.1368045923893994,2.0,0.2708242864509762,0.7295593038175593,-0.0735276982683075,0.6178476382522982,-0.6156156156156153,0.0636507908129557,-1.1361361361361362,0.3283283283283283,0.6666666666666666,0.5960266491859739,0.6206863567466289,0.2681462814893126,5.918768080786691e-05,0.076641358559007,1294.8870020401323,0.6204966396376408,0.996865266569142,11810.907674938113,0.9986188372108376,0.6298064308460362,-1.930945161997923
BBOB_F1,1,8,10,7,0.0723999999999999,0.0495,1.4626262626262625,0.1288,0.0935,1.3775401069518716,0.1535,0.1149999999999999,1.3347826086956522,0.3272971245672494,-0.0347991623133068,1.0,0.9418170954189264,0.934287718399962,-0.4057258333017515,0.8353587018989639,-1.296296296296296,0.0087688560945874,-1.836836836836837,0.5417083416683337,0.9090909090909092,0.1711639368746523,0.7795444674117137,0.3687195950955766,0.0001571793235344,0.022155033497389,140.9538672084231,0.7785698694012728,1.0,1.0000000000000322,1.0,0.6487100342300188,-4.452844665083536
BBOB_F1,1,5,2,3,0.104,0.0325,3.2,0.1745,0.0809999999999999,2.154320987654321,0.1145,0.0985,1.1624365482233503,0.7167709360707184,-0.4738362321926064,1.0,0.7690569645689403,0.7548364441576721,-0.0705747262840053,0.6852383691355275,-0.7757757757757754,0.0333828586473176,-1.316316316316316,0.3518518518518518,0.6666666666666666,0.6319737387747438,0.8019822454147366,0.2928558580295243,0.0123916991377785,0.0702862818691813,5.672045543366992,0.8018831114403571,1.0,1.0000000000000016,1.0,0.1408153535476815,-4.481543102225
BBOB_F1,1,4,10,9,0.0809999999999999,0.0540999999999999,1.497227356746765,0.1392,0.096,1.45,0.1592999999999999,0.1209,1.3176178660049624,0.3455551571350047,-0.0956861309608236,1.0,0.94259229425665,0.9346491082299874,-0.4194372062135604,0.8363353326865856,-1.276276276276276,0.009615746001432,-1.796796796796797,0.532006401280256,0.9090909090909092,0.1696498630009765,0.7491837548594302,0.3876835412329755,0.0009514340030115,0.0250657849454952,26.345269210637746,0.7480749370827552,1.0,1.0000000000000429,1.0,0.6461377841257404,-4.485449724351287
BBOB_F13,13,5,2,0,0.1,0.0435,2.298850574712644,0.271,0.063,4.3015873015873005,0.0965,0.091,1.0604395604395604,0.550150408329211,-0.6694504253519069,1.0,0.5434219524603048,0.7432061137890551,-0.0791505533415016,0.7079640288312294,-0.8958958958958956,0.0580448594276897,-1.1961961961961962,0.3233233233233233,0.6666666666666666,0.6149242196668231,0.7139674413924639,0.3420697607490623,0.0167810204752584,0.0680445242683746,4.054850202268569,0.810207096730143,0.8417700557609952,5.200060177254048,0.9884311571980988,0.4572852669817756,-2.8308227786385194
BBOB_F5,5,6,10,0,0.0336,0.0172,1.9534883720930232,0.0075,0.0213999999999999,0.3504672897196262,0.0177,0.0176,1.005681818181818,-0.0003532265016549,-0.3010343953542951,1.0,0.7888190611053554,0.9147057521906424,-0.3401032016672168,0.8210169358529851,-1.416416416416416,0.0069637447306282,-1.9369369369369367,0.510502100420084,0.8181818181818182,0.1819390883690102,1.0,0.533149818496749,0.003304982439736,0.0330498243973605,10.00000000000011,1.0,1.0,5.56640444953137,1.0,0.8270675082979648,-2.192039620053425
BBOB_F11,11,6,2,0,0.1,0.029,3.4482758620689653,0.1475,0.0564999999999999,2.6106194690265494,0.0099999999999999,0.0099999999999999,1.0,1.046434131552793,-0.1680741223509976,2.0,0.2444942011742975,0.7255212146619922,-0.0565154806880219,0.5957137690225128,-0.6156156156156153,0.030442722120643,-1.396396396396396,0.3438438438438438,0.6666666666666666,0.6346833979768307,0.8175014613928955,0.252216397622629,0.0116136274395203,0.0877219181380364,7.553360790576489,0.8301868783898352,0.984737870648942,92.47344697907192,0.9980801835504822,0.6607140422102826,-1.7697297665789864
BBOB_F9,9,4,10,0,0.1,0.091,1.098901098901099,0.25,0.191,1.3089005235602094,0.4293,0.1959,2.1914241960183767,1.6995883271547594,4.609232910505836,3.0,0.9369210614815662,0.9340219046623338,-0.4516754590707697,0.8274386287198996,-1.0960960960960962,0.0066500180304311,-1.8568568568568569,0.5762152430486097,0.9090909090909092,0.1099740040372312,0.0427768142590143,0.156779943043696,0.0002746457084163,0.0045636682294348,16.616564867331334,0.1712670447504289,0.5675583187270794,1.268497802411393,0.7352056830566112,0.6811929617418228,-4.041100964519256
BBOB_F2,2,8,2,2,0.1,0.0645,1.550387596899225,0.25,0.107,2.3364485981308407,0.3555,0.0555,6.405405405405404,0.9382969400301452,-0.1482203000426345,1.0,0.4471721514363963,0.7373935968662346,-0.091224211862567,0.594751520197463,-0.5755755755755754,0.0730909932860291,-1.036036036036036,0.3113113113113113,1.0,0.513328367985097,0.2908706630739732,0.2845957213075361,7.442821215907137e-05,0.0509348554021943,684.3487694334783,0.290515949350742,0.9973048994728652,5679.546972497028,0.9979353032339066,0.6388192947503466,-1.8839336863757308
BBOB_F12,12,6,2,0,0.13,0.034,3.8235294117647056,0.0675,0.0419999999999999,1.6071428571428574,0.0419999999999999,0.0394999999999999,1.0632911392405064,4.104563289810767,20.81537108030935,7.0,0.4554276589930296,0.7386903927255692,-0.0622517837458951,0.5813068769219055,-0.4954954954954953,0.0003030271082866,-2.8178178178178173,0.3483483483483483,1.0,0.5410192295352054,0.3881771477612354,0.0458331461437454,0.0084290051624835,0.0211753659205624,2.5122022720796755,0.506586759874984,0.616706212864828,5.287925727110121,0.9296401776724652,0.3650824279084627,-3.311756649094384
BBOB_F3,3,2,10,3,0.0945999999999999,0.0558,1.6953405017921144,0.1443,0.1031,1.399612027158099,0.0523,0.0497,1.0523138832997987,1.3146550894403477,0.316920399285002,2.0,0.8853972860013821,0.9269130994554896,-0.2834577318694944,0.7324555843121946,-0.8758758758758756,0.0030372635797033,-1.9769769769769767,0.5357071414282857,0.9090909090909092,0.1681425746185066,0.7215348392520307,0.2360978732308534,3.057958918311634e-05,0.0792076484533725,2590.212967841464,0.7203006595862445,0.9740263702093984,186.11504862872204,0.9923972021383124,0.7049828596837256,-3.7395474604181818
BBOB_F2,2,2,10,1,0.1,0.0778,1.2853470437017998,0.3395,0.1064,3.1907894736842106,0.1731999999999999,0.1478,1.1718538565629228,1.0078796545904791,-0.1501056489131436,2.0,0.8112104812571663,0.918376889775676,-0.3375407422908237,0.8101681051556524,-0.9759759759759756,0.0132777082935542,-1.6166166166166165,0.5561112222444489,0.9090909090909092,0.1626865491687308,0.623021273598219,0.2825579844420591,1.119875241971293e-05,0.0673672188163437,6015.600335780142,0.6213488883092704,0.9969232293411354,23170.10396158673,0.9986787366858556,0.844864904069436,-1.9664452492046236
BBOB_F1,1,1,2,0,0.1,0.0819999999999999,1.2195121951219514,0.251,0.141,1.780141843971631,0.315,0.151,2.0860927152317883,0.7307639120543777,0.0224773183066009,1.0,0.7732726534760462,0.7572328734680044,-0.1071114417231088,0.6902723104499057,-0.6756756756756753,0.038333951017666,-1.1961961961961962,0.3473473473473473,1.0,0.5145248490964347,0.2950650893278231,0.2910473593586282,0.0081850921163707,0.0372344742960956,4.54905989654339,0.2947121765320988,1.0,1.0000000000000009,1.0,0.1429858240104272,-4.470221837382727
BBOB_F22,22,8,2,0,0.1,0.1,1.0,0.25,0.2465,1.0141987829614605,0.4895,0.329,1.487841945288754,0.1713655099842822,-1.3136403332708508,2.0,0.227519402974835,0.6790644809762043,-0.2523734997691084,0.7024355814823908,0.3253253253253251,0.0878909065341995,-0.6356356356356354,0.4029029029029029,1.0,0.3448599805928162,0.0001673521603958,0.4510586408262229,0.0018813297460895,0.002822380839779,1.5002052913081774,0.0653703682274613,0.0858030046688098,3.47383201187485,0.3553342356680492,0.8318788856911417,-0.8769267738667139
BBOB_F14,14,6,2,0,0.1205,0.0345,3.492753623188405,0.094,0.059,1.5932203389830506,0.037,0.0375,0.9866666666666668,2.05646776063712,4.143009757164306,1.0,0.7616343984037452,0.7532888331406695,-0.054075725828375,0.5728412860761126,-0.6556556556556553,0.0007978144572076,-1.9769769769769767,0.3523523523523523,0.6666666666666666,0.6088836383044125,0.6818454388584598,0.1205413680141685,0.0283665691821281,0.041886448000198,1.4766131121203008,0.8647818874923758,0.7923804029370562,2.5206250575954443,0.9997824785071392,0.1448169228617603,-4.460670749079919
BBOB_F6,6,2,2,0,0.1055,0.042,2.511904761904762,0.059,0.026,2.269230769230769,0.109,0.0755,1.4437086092715232,1.48693462159527,1.208583688980701,3.0,0.7610449275142676,0.7549240301843052,-0.0625051543763566,0.5213920154905014,-0.3953953953953952,0.0175082703173572,-1.6966966966966963,0.3473473473473473,0.6666666666666666,0.6117706206573745,0.6966821210364644,0.1833811095959054,0.0214753160238157,0.066595910350336,3.101044486445849,0.707652727859292,0.9520592672153132,5.37565078960706,0.9949306631403174,0.2129908120732312,-4.105072887538669
BBOB_F21,21,1,2,0,0.1,0.1,1.0,0.25,0.25,1.0,0.4629999999999999,0.4,1.1574999999999998,1.7365250801176593,4.203790978431122,3.0,0.2414197789214962,0.6666136100443598,-0.2678088691184488,0.750732467897131,0.1451451451451451,0.0963793479961578,-0.6956956956956954,0.4434434434434434,1.0,0.3594907150532386,0.0051103330942464,0.2115772402700152,0.0017166974709009,0.0040227317192657,2.343296816971806,0.0647571654852986,0.182444187851128,2.3826785580203653,0.3311004562787901,0.5878346000723254,-2.149871989273481
BBOB_F20,20,4,2,0,0.1,0.068,1.4705882352941175,0.3595,0.092,3.9076086956521743,0.1275,0.1085,1.175115207373272,1.5109535142722712,1.4942466713700195,1.0,0.3699314140573213,0.7304623756627855,-0.0622578547331506,0.5218596529614317,-0.6356356356356354,0.0265108360190853,-1.5565565565565564,0.3548548548548548,0.6666666666666666,0.6001976492228442,0.6399754890550398,0.1670994263429983,0.015705053858301,0.0585358989716317,3.7272014155298265,0.7247616112006177,0.9098089126079668,10.784775649444978,0.9990860896644594,0.4004738870091398,-3.1271533160794944
BBOB_F9,9,1,10,0,0.1,0.0907999999999999,1.1013215859030838,0.2501,0.1906,1.3121720881427072,0.4256,0.1914,2.223615464994776,2.0319633327719107,7.518160979581919,2.0,0.9335628196604828,0.9338803219404856,-0.4420992031962962,0.825352488787704,-1.2362362362362362,0.0050431594871713,-1.996996996996997,0.5693138627725545,0.9090909090909092,0.1101683725391947,0.04391543813618,0.1165242635911251,0.0006405645205285,0.0036008452694712,5.6213623359911615,0.1551565863008865,0.556071722774653,1.5163512458343058,0.7094423001235999,0.695576850085747,-3.85877517466923
BBOB_F20,20,5,10,0,0.1083,0.0663999999999999,1.6310240963855425,0.1843999999999999,0.1087999999999999,1.6948529411764708,0.1725,0.1166,1.479416809605489,1.1683942028110608,1.4791574240613476,1.0,0.903409736776414,0.9293110539817212,-0.3511255677701085,0.8211197246214157,-1.2162162162162162,0.006064329395408,-1.916916916916917,0.5473094618923785,0.9090909090909092,0.1652785920902258,0.6692600208765955,0.2000641681302334,0.0002359726471093,0.0233432574126864,98.92357312864505,0.7413531708277459,0.9199866329626116,30.912886322539958,0.9986615099518292,0.7039485182013517,-3.752658458170618
BBOB_F2,2,8,10,0,0.0854999999999999,0.0374,2.286096256684492,0.0784,0.0481,1.62993762993763,0.0196,0.0175,1.12,0.7739559873538836,-0.7931845738561498,2.0,0.8076413070884463,0.9190977868183778,-0.2878622456354233,0.7367186270846194,-0.9759759759759756,0.006064329395408,-1.7567567567567566,0.529505901180236,0.8181818181818182,0.1763123880324684,0.8824423477104572,0.3172132191577292,9.701860408689589e-06,0.094047570565716,9693.766618357158,0.8819194097705607,0.9959778722682822,603005.5868919559,0.9962957010079624,0.845212464868176,-1.962039674325565
BBOB_F1,1,5,2,1,0.104,0.0325,3.2,0.1745,0.0809999999999999,2.154320987654321,0.1145,0.0985,1.1624365482233503,0.7167709360707184,-0.4738362321926064,1.0,0.7690569645689403,0.7548364441576721,-0.0705747262840053,0.6791791280220492,-0.7757757757757754,0.0333828586473176,-1.316316316316316,0.3373373373373373,0.6666666666666666,0.6319737387747435,0.8019822454147366,0.2928558580295243,0.0123916991377785,0.0702862818691813,5.672045543366992,0.8018831114403571,1.0,1.0000000000000016,1.0,0.1408153535476815,-4.481543102225
BBOB_F2,2,3,2,7,0.1,0.012,8.333333333333334,0.0394999999999999,0.0174999999999999,2.257142857142857,0.0005,0.0005,1.0,0.8640870597333834,-0.3987728115600752,1.0,0.4055800221545731,0.737276668206327,-0.0587107508693155,0.5776071836950509,-0.5955955955955953,0.0318789129267764,-1.356356356356356,0.3203203203203203,0.6666666666666666,0.647388081531363,0.8875576271828564,0.2762202394106648,1.85839013663798e-05,0.0919911247951343,4950.043749239639,0.8875015117234308,0.9977691274450224,2518.722817424278,0.998126084110714,0.6402514177306142,-1.876463672927216
BBOB_F3,3,1,10,7,0.1022,0.0701,1.4579172610556346,0.2081,0.1252,1.662140575079872,0.2672,0.153,1.74640522875817,1.1188544433064889,1.4932755457062257,1.0,0.9072223465527396,0.9297351888479188,-0.4202107402914828,0.8328925000932604,-1.016016016016016,0.0083738065352664,-1.8568568568568569,0.5708141628325665,0.9090909090909092,0.1487359299772014,0.402718869111036,0.2817783695551386,0.0010743789935812,0.01930601619073,17.96946543637987,0.4001035656970031,0.9199302965914744,20.37524692491768,0.977810707491706,0.7008750184899584,-3.7916172048658616
BBOB_F15,15,1,2,0,0.097,0.0635,1.5275590551181102,0.1725,0.076,2.269736842105263,0.2205,0.0854999999999999,2.5789473684210527,2.938665787018338,9.02092078936336,2.0,0.4721332007194754,0.6890797298802889,-0.0512709312176252,0.761393399666551,-0.4754754754754753,0.0069637447306282,-1.9369369369369367,0.476976976976977,1.0,0.5593501182412441,0.4584877506438031,0.0902499623782889,0.0157949365021252,0.0350824031730255,2.2211170756086998,0.6281520807010189,0.6969738573830587,5.509015428697629,0.9805332916548246,0.3422169674406577,-3.4310238485977878
BBOB_F1,1,3,10,7,0.0687,0.0427,1.6088992974238874,0.1152,0.0821999999999999,1.4014598540145988,0.137,0.1092,1.2545787545787546,0.3098255478644399,-0.080637697681893,1.0,0.9307972990015444,0.9330212305038325,-0.3822623004964153,,,,,,0.8181818181818182,0.173265862585324,0.8220190143386898,0.3779415383152287,0.0003641683386721,0.0199775387979336,54.85797823824283,0.8212321893836285,1.0,1.0000000000000286,1.0,0.6655799965852848,-4.239006157885774
BBOB_F12,12,0,2,0,,,,,,,,,,,,,0.4086560608249081,0.7320299121256651,-0.0461059795393962,0.6092001419544396,-0.6556556556556553,0.0011016459496336,-2.8178178178178173,0.3373373373373373,1.0,0.4716141947970196,0.1717621868845346,0.0208384826169447,0.0073191430943682,0.0079199709502537,1.0820899179232903,0.3432056237697654,0.3192049800808018,1.4412238955259455,0.8386923880054108,,
BBOB_F1,1,1,10,5,0.0964,0.0655,1.4717557251908395,0.1839,0.1241,1.4818694601128122,0.213,0.1497,1.4228456913827654,0.3716013159145216,-0.0261531130090153,1.0,0.9590675068792924,0.936693686306131,-0.4540226046393324,0.8439727250623695,-1.2162162162162162,0.0100693863147602,-1.7767767767767764,0.5599119823964793,0.9090909090909092,0.1612822035632213,0.5993281708421077,0.3774554365136944,0.0009379808413524,0.0242602677344781,25.86435315618816,0.5975568659310794,1.0,1.0000000000000104,1.0,0.6312313780714917,-4.674398789630574
BBOB_F8,8,8,10,0,0.0875999999999999,0.0626,1.3993610223642166,0.1591,0.112,1.420535714285714,0.2066,0.1403,1.4725588025659304,0.7794193737693687,0.2616965246301772,2.0,0.9115856214024642,0.9301178599417682,-0.4194420327415912,0.82617929017894,-1.1161161161161162,0.0100693863147602,-1.7367367367367363,0.5657131426285257,0.9090909090909092,0.1626094152014503,0.6219034574443452,0.2543053488186721,0.0010948831972008,0.0287549362699538,26.26301722728877,0.6292434919941987,0.9364834798936424,111.18163920214872,0.9961661791493682,0.6729237890957572,-4.145918479648048
BBOB_F1,1,0,2,4,0.101,0.039,2.589743589743589,0.188,0.08,2.35,0.1305,0.1065,1.2253521126760565,0.7461945913596539,-0.3925793272435602,1.0,0.7798998649419434,0.757425353388883,-0.0754329614711643,0.6713391388120432,-0.7557557557557554,0.0349577557436327,-1.296296296296296,0.3503503503503503,0.6666666666666666,0.6258274932161954,0.7691907066674988,0.2890431911251327,0.0139917047811556,0.0679515065222709,4.8565566230206265,0.7690751562077953,1.0,1.0000000000000018,1.0,0.1423272397026712,-4.473657040716311
BBOB_F16,16,3,2,0,0.1,0.1,1.0,0.25,0.25,1.0,0.454,0.442,1.0271493212669685,1.5427144431073738,3.199985789836074,2.0,0.1702428182153642,0.5866210179870568,-0.3943804490492411,0.82187342017919,0.3253253253253251,0.1393619274224143,-0.5155155155155153,0.5605605605605606,1.0,0.3771750101960252,0.0162032288197403,0.1657980942920672,0.0031317536811763,0.0052311655690296,1.6703630302957977,0.0188558063660465,0.0171163030538796,1.4880771829584107,0.1112736542605511,1.0074722366520237,0.0389754993462014
BBOB_F24,24,6,2,0,0.1,0.1015,0.9852216748768472,0.242,0.2294999999999999,1.0544662309368191,0.31,0.25,1.2400000000000002,0.672534387316892,0.4703696590825132,1.0,0.2305737403956756,0.5771174503639015,-0.4062174803071736,0.883396727150983,0.5855855855855853,0.3503842245290676,-0.2752752752752751,0.6886886886886887,1.0,0.538872077390183,0.3804406511368794,0.3384348776618729,0.0239154483582186,0.025013157272729,1.0458995749554147,0.3852499890872332,0.5925855493006487,1.0307144118998146,0.6432027713257422,0.664481970361429,-1.7500760955256518
BBOB_F15,15,4,2,0,0.1225,0.0564999999999999,2.1681415929203545,0.0285,0.036,0.7916666666666669,0.0335,0.032,1.046875,1.0708576503656404,0.2343605312379044,1.0,0.4662819463633464,0.6772287813636584,-0.0540219775326972,0.8234352486254698,-0.5555555555555552,0.0401424249049932,-1.256256256256256,0.5085085085085085,0.6666666666666666,0.6439074109872803,0.8664886518355203,0.2543835941524705,0.0464731516795229,0.0586812844392841,1.2626921635086843,0.9508804673230612,0.9077144143912708,1.2961458768545098,0.994506194683525,0.3399511606053831,-3.442842391952266
BBOB_F11,11,1,10,0,0.1,0.0496,2.0161290322580645,0.25,0.0750999999999999,3.328894806924102,0.4109,0.0571,7.19614711033275,2.1782020730341536,5.92345549804719,3.0,0.6954464174509455,0.9070470899950136,-0.2913978096133159,0.7711140638851277,-1.1161161161161162,0.0041939439556671,-1.9769769769769767,0.5461092218443688,0.9090909090909092,0.1140509176165988,0.0637128876764391,0.1012079975529698,0.0005558574368663,0.0075598332049919,13.600309546294756,0.8476161721660884,0.211441575885961,124.13844175608249,0.9963992832544828,0.9737462868234268,-0.3327840759718246
BBOB_F3,3,2,10,6,0.0945999999999999,0.0558,1.6953405017921144,0.1443,0.1031,1.399612027158099,0.0523,0.0497,1.0523138832997987,1.3146550894403477,0.316920399285002,2.0,0.8853972860013821,0.9269130994554896,-0.2834577318694944,0.7351948260059571,-0.8758758758758756,0.0029004304938639,-1.956956956956957,0.5356071214242849,0.9090909090909092,0.1681425746185066,0.7215348392520307,0.2360978732308534,3.057958918311634e-05,0.0792076484533725,2590.212967841464,0.7203006595862445,0.9740263702093984,186.11504862872204,0.9923972021383124,0.7049828596837256,-3.7395474604181818
BBOB_F1,1,4,10,0,0.0809999999999999,0.0540999999999999,1.497227356746765,0.1392,0.096,1.45,0.1592999999999999,0.1209,1.3176178660049624,0.3455551571350047,-0.0956861309608236,1.0,0.94259229425665,0.9346491082299874,-0.4194372062135604,0.8332780752784861,-1.276276276276276,0.0100693863147602,-1.796796796796797,0.539007801560312,0.9090909090909092,0.1696498630009766,0.7491837548594302,0.3876835412329755,0.0009514340030115,0.0250657849454952,26.345269210637746,0.7480749370827552,1.0,1.0000000000000429,1.0,0.6461377841257404,-4.485449724351287
BBOB_F2,2,3,10,2,0.0878999999999999,0.0354,2.4830508474576267,0.0775999999999999,0.0358,2.1675977653631278,0.0294,0.028,1.05,0.8296671022497943,-0.3855765314760639,1.0,0.7956305836927411,0.9179831669934368,-0.30453423582119,0.7489507534073281,-1.036036036036036,0.0066500180304311,-1.7567567567567566,0.532006401280256,0.8181818181818182,0.175973934411748,0.8754088532927307,0.2796502182682284,5.613029362266757e-06,0.0776490726991428,13833.71931405418,0.8748590846711828,0.9982307831533848,56292.97128658904,0.9983354723237988,0.8498471235933118,-1.9032921512260383
BBOB_F1,1,7,10,3,0.0756,0.0518,1.4594594594594594,0.1357,0.0931999999999999,1.456008583690987,0.159,0.1251999999999999,1.2699680511182112,0.3375736364553301,-0.1023381897566406,1.0,0.9421354148761528,0.9343684756610148,-0.3961022272528977,,,,,,0.9090909090909092,0.1705539046387083,0.7664859004560989,0.415208633260486,0.0001231774409608,0.0247290613372109,200.75966138209915,0.7654535726476133,1.0,1.0000000000000628,1.0,0.6583492665220493,-4.330660690961221
BBOB_F21,21,8,2,0,0.1,0.1,1.0,0.25,0.25,1.0,0.4275,0.37,1.1554054054054057,1.7994251905709795,5.0405457979200925,4.0,0.2659542787694782,0.6764718628754423,-0.270736727675662,0.7326301842543463,0.065065065065065,0.0765391938823014,-0.8158158158158154,0.4574574574574575,1.0,0.373046230084647,0.013256614782162,0.178375047739391,0.0012799887852061,0.0054263957033753,4.23940878708678,0.0150321988503892,0.2015770126822087,4.772741174563478,0.3159327232084141,0.3932550835417184,-3.164806897319945
BBOB_F1,1,9,2,5,0.1125,0.0414999999999999,2.7108433734939763,0.1455,0.0834999999999999,1.7425149700598803,0.146,0.0875,1.6685714285714293,0.761444397386125,-0.1282570208636371,1.0,0.7649500044970404,0.7542255413692402,-0.0727162302622876,0.6811035246037039,-0.7757757757757754,0.0241759407916913,-1.396396396396396,0.3728728728728728,0.6666666666666666,0.6240365389795591,0.7590984836828416,0.2672160014523527,0.0334567520494487,0.0543370503398692,1.6240981868042546,0.758977880735916,1.0,1.0000000000000018,1.0,0.1400651094738035,-4.4854564067377805
BBOB_F2,2,6,10,8,0.1,0.069,1.4492753623188404,0.2979,0.088,3.3852272727272728,0.0804999999999999,0.0842999999999999,0.9549228944246738,0.954930305416572,-0.3204182697896844,2.0,0.8079209276575807,0.917323248665968,-0.3084301889785821,0.7991404845624275,-0.9959959959959956,0.009615746001432,-1.6966966966966963,0.5616123224644929,0.9090909090909092,0.16963844640504,0.7497229206020437,0.2779004068421613,8.541153630442933e-06,0.0759969542292382,8897.738820475604,0.7486145710159728,0.9976546994469292,75959.38075794531,0.9992883270994432,0.8392003576220959,-2.0382473155485066
BBOB_F22,22,7,2,0,0.1,0.1,1.0,0.25,0.25,1.0,0.364,0.3165,1.150078988941548,0.2494764653053278,-1.1604502660863774,2.0,0.3804643721841991,0.7049927792976266,-0.2557116930301689,0.7344813590858421,0.3253253253253251,0.0920373199661822,-0.6556556556556553,0.4129129129129129,1.0,0.4167977289551439,0.0620189653013893,0.4311827361559224,0.0150380007352594,0.0182600006101548,1.2142571962601938,0.0737228124360488,0.2539390720297135,1.0814753524853615,0.356771569094897,0.580624828833204,-2.187478458032811
BBOB_F2,2,4,10,9,0.1,0.0517,1.9342359767891684,0.2612,0.0977,2.673490276356193,0.3151,0.1271,2.479150275373722,0.5205376192803268,-0.4439484324066591,2.0,0.8035581960237396,0.9186432393102786,-0.4250468733467267,0.8256642007327071,-0.9959959959959956,0.0126795284678643,-1.5365365365365364,0.5630126025205041,0.9090909090909092,0.1394883004215568,0.2846300568235939,0.3260597949483193,4.904683895323638e-06,0.0382377593662252,7796.172022968279,0.2814576541383691,0.9979017808390972,211559.73413579207,0.9979568690255206,0.8479144854753035,-1.9277896836689248
BBOB_F2,2,1,2,9,0.1,0.067,1.4925373134328357,0.25,0.111,2.252252252252252,0.434,0.063,6.888888888888888,0.7537191744568835,-0.5585384024090163,1.0,0.2558072360993015,0.7307194595628388,-0.1034195634547192,0.5919273571840414,-0.5155155155155153,0.0920373199661822,-0.9959959959959956,0.3108108108108108,1.0,0.4396799252523996,0.1008842773394215,0.3046112325392295,5.519273555421402e-05,0.0306503884691875,555.3337438598359,0.1004341622650205,0.9979328655418233,4368.110304992091,0.9981534822459596,0.674855394474222,-1.6959678808699303
BBOB_F14,14,6,10,0,0.1079,0.0667,1.6176911544227883,0.2145999999999999,0.1127,1.904170363797693,0.2106999999999999,0.1262,1.6695721077654513,3.685059212423949,21.5933769263471,3.0,0.8868359956850189,0.9262661980994328,-0.2554477421984173,0.7764182277522085,-1.416416416416416,0.0013872097805416,-2.477477477477477,0.5374074814962992,0.9090909090909092,0.1533604856074442,0.4711341458014898,0.0591718357086733,0.0002164015104209,0.0085143601183765,39.34519727619227,0.8237552522079151,0.540425123736101,9.212678081693111,0.910646997982702,0.7199924911357518,-3.549289941420934
BBOB_F12,12,7,2,0,0.1005,0.0365,2.753424657534247,0.227,0.048,4.729166666666667,0.073,0.071,1.0281690140845066,2.9606789901586867,13.818306192241188,6.0,0.616858450191957,0.7441772430886415,-0.0757219613950732,0.6372316972034928,-0.5355355355355353,0.0050431594871713,-2.037037037037037,0.3483483483483483,0.6666666666666666,0.5700295275961665,0.5039972939570128,0.0737134641551292,0.0033607252586319,0.025206172064147,7.500217995923816,0.5082697598593443,0.736834425063772,2.278066556950584,0.9120297358172058,0.5321336347498264,-2.440410557390425
BBOB_F1,1,8,2,7,0.1275,0.0355,3.5915492957746484,0.102,0.0545,1.8715596330275228,0.1425,0.0824999999999999,1.7272727272727275,0.7269312736312639,-0.1213859971582604,1.0,0.768834995153707,0.7534473675485805,-0.0711831766428276,0.6725263013728793,-0.7757757757757754,0.0265108360190853,-1.416416416416416,0.3618618618618618,0.6666666666666666,0.6306998956261157,,,,,,,,,,0.1388923265685892,-4.491573691492545
BBOB_F1,1,1,20,4,0.07965,0.0573999999999999,1.387630662020906,0.1419,0.10265,1.382367267413541,0.1722,0.13125,1.3119999999999998,0.2406714279169395,-0.0510375018828166,2.0,,,,,,,,,0.9047619047619048,0.088284582474264,,,,,,,,,,,
BBOB_F2,2,5,10,5,0.0907999999999999,0.0359,2.529247910863509,0.0983,0.0475,2.0694736842105264,0.0387999999999999,0.0362,1.071823204419889,0.9669293777915896,-0.268320584799977,2.0,0.7956925174995387,0.9181809680582964,-0.3002264164367629,0.7671838553959515,-0.9959959959959956,0.0057911226476417,-1.7767767767767764,0.5374074814962992,0.8181818181818182,0.1735237102629309,0.8255637905418376,0.2812920896670975,2.54167395657718e-06,0.0790985294078703,31120.643622752745,0.8247906860498682,0.9982413519502052,57040.48559917655,0.998630444724814,0.8477948957385231,-1.929305566766395
BBOB_F2,2,4,10,2,0.1,0.0517,1.9342359767891684,0.2612,0.0977,2.673490276356193,0.3151,0.1271,2.479150275373722,0.5205376192803268,-0.4439484324066591,2.0,0.8035581960237396,0.9186432393102786,-0.4250468733467267,0.8240863768194742,-0.9959959959959956,0.0126795284678643,-1.5365365365365364,0.5577115423084616,0.9090909090909092,0.1394883004215568,0.2846300568235939,0.3260597949483193,4.904683895323638e-06,0.0382377593662252,7796.172022968279,0.2814576541383691,0.9979017808390972,211559.73413579207,0.9979568690255206,0.8479144854753035,-1.9277896836689248
BBOB_F1,1,2,2,9,0.058,0.0205,2.829268292682927,0.0705,0.0315,2.238095238095237,0.1159999999999999,0.0699999999999999,1.6571428571428573,0.6009146143857492,-0.337288552018498,1.0,0.7756427718348486,0.756292364073863,-0.0657412298829084,0.66267507309137,-0.8158158158158154,0.0290712337727257,-1.376376376376376,0.3408408408408408,0.6666666666666666,0.6456271449489472,,,,,,,,,,0.1400212719534694,-4.485685065079945
BBOB_F3,3,1,2,3,0.1035,0.071,1.4577464788732395,0.2239999999999999,0.096,2.333333333333333,0.1155,0.1159999999999999,0.995689655172414,0.9037995959997714,-0.3360116216953921,1.0,0.4670003234974021,0.6808012851616225,-0.0881652494383857,0.8504394995501362,-0.3353353353353351,0.0697981390783066,-0.9759759759759756,0.5315315315315315,0.6666666666666666,0.6133466213008134,0.7056881590116892,0.2996593595148904,0.0088869014380172,0.0721979680665443,8.124087857854335,0.7055411173659732,0.9839907784591057,8.836578983395492,0.9912581331932504,0.4009755735205143,-3.124536498223387
BBOB_F2,2,9,10,1,0.1093,0.0548999999999999,1.9908925318761383,0.2343,0.0979,2.393258426966292,0.1820999999999999,0.1273,1.430479183032207,1.1671624943122043,0.5271952924788903,1.0,0.8089280694840091,0.9191217902141832,-0.3407834955821566,0.8065403078687311,-0.9759759759759756,0.0091825428356562,-1.7167167167167163,0.5552110422084416,0.9090909090909092,0.1627040930853699,0.6234357470861417,0.2526744894426019,2.4284364778062208e-06,0.0563889315375144,23220.2621122108,0.6217727686605152,0.9975894190280165,36654.755671644685,0.9985629034440012,0.825976346749711,-2.205870851663576
BBOB_F3,3,0,2,7,0.1,0.0784999999999999,1.2738853503184715,0.272,0.1275,2.1333333333333333,0.4665,0.0625,7.464,1.7449886811836477,3.113833986243568,1.0,0.4603358290221734,0.680162296262363,-0.108286082306412,0.8205675288336858,-0.2152152152152151,0.0554298551568466,-1.1161161161161162,0.5395395395395396,1.0,0.4348736042531709,0.0920997064983053,0.2093245115188073,0.0069529583135221,0.0193094790414217,2.777160191492683,0.0916453533921822,0.8777507992660738,19.094124832265887,0.9676405666264952,0.3295305601478374,-3.4971966803981647
BBOB_F3,3,1,2,8,0.1035,0.071,1.4577464788732395,0.2239999999999999,0.096,2.333333333333333,0.1155,0.1159999999999999,0.995689655172414,0.9037995959997714,-0.3360116216953921,1.0,0.4670003234974021,0.6808012851616225,-0.0881652494383857,0.8447496751989059,-0.3353353353353351,0.0666536326812491,-0.9959959959959956,0.5415415415415415,0.6666666666666666,0.6133466213008129,0.7056881590116892,0.2996593595148904,0.0088869014380172,0.0721979680665443,8.124087857854335,0.7055411173659732,0.9839907784591057,8.836578983395492,0.9912581331932504,0.4009755735205143,-3.124536498223387
BBOB_F4,4,2,2,0,0.1,0.1,1.0,0.25,0.155,1.6129032258064515,0.31,0.1495,2.0735785953177257,1.9606299958457616,4.205122983418784,3.0,0.4666771785742129,0.682838828803706,-0.1058760175334363,0.8314227000595275,-0.2352352352352351,0.036606951475969,-1.1961961961961962,0.5365365365365365,1.0,0.5129865564994243,0.2891349934141686,0.1720445767438762,0.0161421044433402,0.0258766743950299,1.6030545760534884,0.2887805017049986,0.7745561415445334,1.3105660190449453,0.9313735926441754,0.2906500140884509,-3.699999237127576
BBOB_F10,10,9,10,0,0.1075,0.0554,1.9404332129963895,0.2557,0.0773999999999999,3.3036175710594327,0.1168999999999999,0.0669999999999999,1.744776119402985,2.284912453166901,7.779300513706179,4.0,0.7919681915012626,0.9181895360857426,-0.2802950920778662,0.7790298553201493,-1.256256256256256,0.0031805520153329,-2.1371371371371373,0.529505901180236,0.9090909090909092,0.1616982695668111,0.6057243472863985,0.1045240204886233,0.0002862506558135,0.01831282940386,63.9748033128955,0.9413608084987032,0.6562888521211099,14.699098472310723,0.9926453924253972,0.8981639295294878,-1.2908430279634278
BBOB_F1,1,1,20,0,0.07965,0.0573999999999999,1.387630662020906,0.1419,0.10265,1.382367267413541,0.1722,0.13125,1.3119999999999998,0.2406714279169395,-0.0510375018828166,2.0,1.0242924038799497,0.9695912160194572,-0.4748104076998624,,,,,,0.9047619047619048,0.0882806116276953,,,,,,,,,,,
BBOB_F1,1,1,20,9,0.07965,0.0573999999999999,1.387630662020906,0.1419,0.10265,1.382367267413541,0.1722,0.13125,1.3119999999999998,0.2406714279169395,-0.0510375018828166,2.0,,,,,,,,,0.9047619047619048,0.0882848049373949,0.7290486063488586,0.3812347600406562,0.0003441994373074,0.0156060654085674,45.34018280404327,0.7269713204032215,1.0,1.000000000000006,1.0,,
BBOB_F3,3,6,2,1,0.1135,0.0615,1.845528455284553,0.1225,0.075,1.6333333333333329,0.0045,0.0045,1.0,1.722198144430501,1.755102542903451,2.0,0.4843471968227538,0.7022077877511832,-0.0509825135319357,0.6964429290601216,-0.4154154154154152,0.0072922720587283,-1.896896896896897,0.4524524524524524,0.6666666666666666,0.5995542605280414,0.6374740145109115,0.1727674278034809,0.0006997043938283,0.073496314694113,105.03909271168342,0.6372930335739864,0.9393981738687815,156.8358183382148,0.9944256518763952,0.4066791900622131,-3.094786195450017
BBOB_F2,2,9,2,9,0.1,0.0669999999999999,1.492537313432836,0.25,0.113,2.2123893805309733,0.4945,0.0645,7.666666666666665,0.6389580777571676,-0.8693064761450122,2.0,0.390200062713736,0.7365136205236091,-0.1048901634674794,0.6064290237223817,-0.4554554554554552,0.0963793479961578,-0.9559559559559556,0.3178178178178178,1.0,0.3571190765632437,0.0040934201528528,0.3333208114178385,6.811155627049279e-05,0.007329040028678,107.60347333089992,0.003594958479701,0.9984268256116958,14324.8171743414,0.9984352706631668,0.6576512269029281,-1.7857055395059596
BBOB_F1,1,0,20,1,0.07965,0.0561,1.4197860962566846,0.14715,0.1044,1.4094827586206895,0.17575,0.1383,1.2707881417208966,0.2414925792592945,-0.0551705246326887,1.0,1.0312380944204578,0.9703140335993068,-0.4698090370746143,,,,,,0.9047619047619048,0.0880824956777061,0.7223289358230384,0.4016801728637434,0.0006488920175338,0.0145082502339537,22.35849701017095,0.7202001326035669,1.0,1.000000000000008,1.0,0.782420638894918,-3.9370977233919824
BBOB_F19,19,2,2,0,0.1,0.1,1.0,0.25,0.2585,0.967117988394584,0.3915,0.156,2.5096153846153846,3.3040176797514693,13.374443904903456,4.0,0.2274965000085997,0.624108057664567,-0.1015497055763594,0.8650886617081807,-0.2952952952952952,0.0482707096560318,-1.076076076076076,0.6216216216216216,1.0,0.4715863047415868,0.1706986875952962,0.0823412429862481,0.0123953432555088,0.0129553364733209,1.0451777095856674,0.5112091284138685,0.5072387059144003,2.9870342958076086,0.9323145608543528,0.5181229756176267,-2.5134907422503394
BBOB_F16,16,8,2,0,0.1,0.1,1.0,0.25,0.25,1.0,0.5035000000000001,0.5055,0.9960435212660734,1.4936657273134593,3.1513075847522964,3.0,0.1826913351728761,0.5902866249677491,-0.4293435759264967,0.8235205419237117,0.4054054054054052,0.1675807864530769,-0.4954954954954953,0.5695695695695696,1.0,0.3479001099765905,0.0009393331950456,0.1730189493716102,0.0008923837641511,0.001926475538795,2.158797163491193,0.000689796787034,0.0001000523157989,3.924954893756756,-0.0009339373989969,0.9894397624987116,-0.0550826411146578
BBOB_F10,10,3,10,0,0.102,0.059,1.7288135593220335,0.2894,0.0907999999999999,3.187224669603524,0.2331,0.055,4.238181818181817,2.046319389697477,4.975977953892139,5.0,0.7869409246624551,0.918157214587182,-0.3031035345731921,0.7800875238641625,-1.2362362362362362,0.0040050007578736,-2.117117117117117,0.5368073614722945,0.9090909090909092,0.1482627043293509,0.3970166811198875,0.108000407144247,0.0002458252425227,0.0152524948684213,62.04608896912395,0.9183427943747212,0.471682994975218,40.631186513970505,0.9942695931424989,0.8901436476262256,-1.392505679804703
BBOB_F3,3,1,10,3,0.1022,0.0701,1.4579172610556346,0.2081,0.1252,1.662140575079872,0.2672,0.153,1.74640522875817,1.1188544433064889,1.4932755457062257,1.0,0.9072223465527396,0.9297351888479188,-0.4202107402914828,0.8326488405568724,-1.016016016016016,0.0083738065352664,-1.836836836836837,0.5648129625925185,0.9090909090909092,0.1487359299772013,0.402718869111036,0.2817783695551386,0.0010743789935812,0.01930601619073,17.96946543637987,0.4001035656970031,0.9199302965914744,20.37524692491768,0.977810707491706,0.7008750184899584,-3.7916172048658616
BBOB_F7,7,5,2,0,0.0955,0.04,2.3875,0.2219999999999999,0.0555,3.999999999999999,0.057,0.0605,0.9421487603305788,1.5479510247023494,1.879783432445452,1.0,0.3058368632338054,0.4996890428388701,-0.0732063179148007,0.8023795574594581,-0.3953953953953952,0.0002828569154552,-1.1761761761761762,0.2377377377377377,0.6666666666666666,0.6177635229464007,0.7265094759665786,0.1796510754988645,0.0400787256047109,0.0472323314319537,1.1784888546057446,0.9170752024212052,0.807402613777466,1.418124534352894,0.9979749923135012,0.4406760372601559,-2.9174572165321044
BBOB_F5,5,3,2,0,0.063,0.009,7.000000000000002,0.044,0.009,4.888888888888888,0.0075,0.0075,1.0,-0.000953012795683,-1.1785813986402072,4.0,0.6687988648989492,0.7507053572889755,-0.0598151035198644,0.7355378636198502,-1.016016016016016,0.0529326605836056,-1.1961961961961962,0.3098098098098098,0.6666666666666666,0.6667231011802518,1.0,0.4993122260312971,0.009263157100836,0.0926315710083606,10.000000000000046,1.0,1.0,27.428571428571427,1.0,0.3419536383686913,-3.4323973840665123
BBOB_F3,3,5,2,4,0.103,0.0665,1.5488721804511278,0.2575,0.0975,2.6410256410256414,0.2755,0.0995,2.768844221105528,0.6549100878775616,-0.6787356921300685,1.0,0.4558506953102163,0.6776152371920607,-0.1085566260182332,0.8270449157827663,-0.2552552552552551,0.0765391938823014,-0.8958958958958956,0.5320320320320321,1.0,0.5223237090641033,0.321267384847415,0.3407112670989293,0.016608715085597,0.0448168264880836,2.6983921547879577,0.3209300181791581,0.9538628836804368,11.829038555653533,0.985815467382449,0.3158093981284201,-3.5687668361924274
BBOB_F1,1,2,2,3,0.058,0.0205,2.829268292682927,0.0705,0.0315,2.238095238095237,0.1159999999999999,0.0699999999999999,1.6571428571428573,0.6009146143857492,-0.337288552018498,1.0,0.7756427718348486,0.756292364073863,-0.0657412298829084,0.66151999883015,-0.8158158158158154,0.0318789129267764,-1.376376376376376,0.3488488488488488,0.6666666666666666,0.6456271449489468,0.876152181960645,0.2936891777708413,0.0421967713706397,0.0569412765739766,1.34942259145438,0.8760901798111602,1.0,1.0000000000000024,1.0,0.1400212719534694,-4.485685065079945
BBOB_F1,1,8,2,1,0.1275,0.0355,3.5915492957746484,0.102,0.0545,1.8715596330275228,0.1425,0.0824999999999999,1.7272727272727275,0.7269312736312639,-0.1213859971582604,1.0,0.768834995153707,0.7534473675485805,-0.0711831766428276,0.6669510294836458,-0.7757757757757754,0.0265108360190853,-1.396396396396396,0.3563563563563564,0.6666666666666666,0.6306998956261155,0.7942108363721839,0.2682419792183342,0.0442122021876997,0.047932037713281,1.084135947578206,0.7941078117837203,1.0,1.0000000000000038,1.0,0.1388923265685892,-4.491573691492545
BBOB_F17,17,8,10,0,0.0847999999999999,0.0686,1.2361516034985416,0.1599,0.1276,1.2531347962382444,0.2182,0.1626,1.3419434194341944,3.648462315613848,28.947963438994098,5.0,0.7961287454890952,0.9148181404806272,-0.3244976414407904,0.828153643259229,-1.416416416416416,0.00219959306803,-2.357357357357357,0.5885177035407081,0.9090909090909092,0.149002896188206,0.4078675335879014,0.0666499848664805,0.0006538288644088,0.0052230555199535,7.988413794909228,0.6293811225035606,0.4835870613595372,2.2241129230262264,0.7367450172029213,0.7355968357768284,-3.3514940190841163
BBOB_F24,24,5,10,0,0.0996,0.0883999999999999,1.1266968325791855,0.2284,0.1775999999999999,1.2860360360360363,0.3264999999999999,0.1551,2.105093488072211,0.2498230008921884,0.0087870245630981,1.0,0.9021268693960386,0.9288457655101938,-0.5369286248489991,0.8544962823473428,-1.1361361361361362,0.0126795284678643,-1.6966966966966963,0.5953190638127626,0.9090909090909092,0.1282143016142388,0.1676488119644069,0.3842162789521871,0.0059004966016892,0.0063082460949678,1.0691042671157265,0.3075418780459068,0.7247016028981177,1.037480978392991,0.8708235255488697,0.7134277691220943,-3.6325023592086136
BBOB_F2,2,0,2,4,0.1,0.064,1.5625,0.25,0.1075,2.325581395348837,0.3195,0.0685,4.664233576642335,1.01189384515503,0.1154605607927345,1.0,0.4246739545900912,0.7398324714916958,-0.0962656231280277,0.601930017955458,-0.4954954954954953,0.0697981390783066,-1.076076076076076,0.3193193193193193,1.0,0.5057686030485116,0.266872040612924,0.2649688160385285,6.5261821999825e-05,0.0459722518696254,704.4279558996785,0.2665056833584353,0.9989202795670356,56865.64136915885,0.9989349949886152,0.6380569711796552,-1.8879099980498304
BBOB_F1,1,7,2,6,0.1,0.086,1.162790697674419,0.25,0.1605,1.557632398753894,0.462,0.0725,6.372413793103448,0.4683001214384852,-0.3961250395360629,1.0,0.7724215718636989,0.7568921434362924,-0.1233746688004439,0.7015035248462937,-0.6156156156156153,0.0505479682119124,-1.1761761761761762,0.3538538538538539,1.0,0.3771392134160166,0.0163608058812431,0.3269218144768705,0.0029656815349662,0.0090079722201765,3.037403751539013,0.0158683648732506,1.0,1.0000000000000009,1.0,0.1403192877153706,-4.4841306023836935
BBOB_F3,3,1,10,2,0.1022,0.0701,1.4579172610556346,0.2081,0.1252,1.662140575079872,0.2672,0.153,1.74640522875817,1.1188544433064889,1.4932755457062257,1.0,0.9072223465527396,0.9297351888479188,-0.4202107402914828,0.8327749574898717,-1.016016016016016,0.0083738065352664,-1.836836836836837,0.5681136227245449,0.9090909090909092,0.1487359299772011,0.402718869111036,0.2817783695551386,0.0010743789935812,0.01930601619073,17.96946543637987,0.4001035656970031,0.9199302965914744,20.37524692491768,0.977810707491706,0.7008750184899584,-3.7916172048658616
BBOB_F2,2,8,10,5,0.0854999999999999,0.0374,2.286096256684492,0.0784,0.0481,1.62993762993763,0.0196,0.0175,1.12,0.7739559873538836,-0.7931845738561498,2.0,0.8076413070884463,0.9190977868183778,-0.2878622456354233,0.7397384156170768,-0.9759759759759756,0.006064329395408,-1.7567567567567566,0.5353070614122825,0.8181818181818182,0.1763123880324687,0.8824423477104572,0.3172132191577292,9.701860408689589e-06,0.094047570565716,9693.766618357158,0.8819194097705607,0.9959778722682822,603005.5868919559,0.9962957010079624,0.845212464868176,-1.962039674325565
BBOB_F14,14,9,10,0,0.1055,0.0631,1.6719492868462755,0.2017999999999999,0.1095,1.842922374429224,0.2218,0.1213,1.828524319868096,2.466040128076888,8.56079614197881,5.0,0.886406208236364,0.9271320400730848,-0.3033835542757173,0.7779638989836403,-1.2162162162162162,0.0029004304938639,-2.197197197197197,0.5416083216643328,0.9090909090909092,0.1536713981129122,0.4773844755786325,0.1016565795085804,0.0002023114940453,0.0172520705569687,85.27479191618521,0.754482104032983,0.6094206839349221,9.135996388966683,0.9389090240887086,0.7268640978232228,-3.462187546930986
BBOB_F1,1,5,10,7,0.0802,0.0519,1.5452793834296723,0.1394,0.0935999999999999,1.4893162393162398,0.1669999999999999,0.1273,1.3118617439120184,0.346773783402529,-0.0197921610328757,2.0,0.9441306070766292,0.934730800181298,-0.4102434890935967,,,,,,0.9090909090909092,0.169477048181545,0.7467926589679259,0.3801215458812384,0.0006329749987325,0.0222056869159497,35.08145971075147,0.7456732705456823,1.0,1.000000000000042,1.0,0.647892302556627,-4.463209982838491
BBOB_F12,12,6,10,0,0.0666,0.0404999999999999,1.6444444444444453,0.0837999999999999,0.0633,1.323854660347551,0.0333,0.0307,1.0846905537459282,16.345825846542258,398.8808045427418,6.0,0.8484909833129746,0.9215528565412188,-0.1106214306377417,0.632421733313702,-1.7767767767767764,1e-05,-4.119119119119119,0.5027005401080216,0.9090909090909092,0.1271857976554118,0.158211858752642,0.0054389475290969,0.0001633991378472,0.0020509945325822,12.55205235231886,0.410099442565179,0.1860481198810347,70.48494524903775,0.5259920134838916,0.7217952270871948,-3.526439009296123
BBOB_F19,19,0,10,0,0.1,0.0923,1.0834236186348865,0.25,0.1931999999999999,1.2939958592132506,0.4208,0.1896,2.219409282700422,2.0085917423295894,8.181147834774576,3.0,0.919785926352252,0.9319296024383036,-0.4436077937125647,0.8218688462109252,-1.276276276276276,0.0050431594871713,-2.017017017017017,0.5616123224644929,0.9090909090909092,0.1107381535912681,0.0466007228808358,0.1076396087084496,0.0001783993218214,0.0041386841509792,23.198990381370344,0.1502433263622439,0.5627296458708902,1.6312492438459574,0.7088349051147369,0.7079772778987113,-3.7015911266971138
BBOB_F21,21,2,10,0,0.1,0.1008,0.992063492063492,0.25,0.2428999999999999,1.029230135858378,0.4351,0.3121,1.394104453700737,-2.453881729747224,12.216018446442742,3.0,0.740032175811661,0.9115219203991975,-0.6116827656022032,0.8250029009883374,-1.0960960960960962,0.0048159579101923,-1.956956956956957,0.5967193438687738,0.9090909090909092,0.1058354445588023,0.0258669917852432,0.9037573665587568,6.1077422688428575e-06,0.0034588695310985,566.3090187585518,0.1116405822560118,0.1227739173015585,3.310645626832945,0.2349206508717737,0.927957845596704,-0.913184417871733
BBOB_F1,1,4,2,3,0.1,0.0784999999999999,1.2738853503184715,0.2805000000000001,0.1305,2.149425287356322,0.284,0.16,1.775,0.7911627119982504,0.0807121432683906,1.0,0.7659481772868564,0.7559876970341503,-0.1010920081964333,0.6907198794651406,-0.6756756756756753,0.036606951475969,-1.2162162162162162,0.3498498498498498,1.0,0.5407462332259894,0.3868747857872667,0.281731214197688,0.0079966144479521,0.0428445433943606,5.357835328090993,0.386567835840256,1.0,1.000000000000001,1.0,0.1402656581302152,-4.484410336546101
BBOB_F1,1,6,10,4,0.0789999999999999,0.0513,1.539961013645224,0.1447999999999999,0.0999,1.4494494494494492,0.1646,0.1234,1.33387358184765,0.3419983201124051,-0.0258010460826141,2.0,0.9458568421321416,0.9353639179775972,-0.4138228807340014,0.8354006799891656,-1.356356356356356,0.0076362982612822,-1.896896896896897,0.542008401680336,0.9090909090909092,0.1691120306305473,0.740063309258458,0.3236225462867008,0.0003422488834337,0.017719959793276,51.77506969633633,0.7389141714769609,1.0,1.0000000000000229,1.0,0.6518099339622345,-4.413551279761142
BBOB_F4,4,2,10,0,0.0902999999999999,0.0637,1.4175824175824172,0.1692999999999999,0.1150999999999999,1.4708948740225891,0.175,0.0967,1.809720785935884,1.3113258907198748,1.027895253343145,1.0,0.8696563645775885,0.925097238043184,-0.332319660843504,0.7313353246606105,-0.9959959959959956,0.006064329395408,-1.8568568568568569,0.5626125225045009,0.9090909090909092,0.1621623768625798,0.6133660869310023,0.1837243770822751,9.678265677422427e-06,0.0464590203147197,4800.345626293344,0.6116435900670671,0.943710583558326,302.15338961927097,0.9964129691308684,0.7153373868699852,-3.608296625969389
BBOB_F1,1,0,2,6,0.101,0.039,2.589743589743589,0.188,0.08,2.35,0.1305,0.1065,1.2253521126760565,0.7461945913596539,-0.3925793272435602,1.0,0.7798998649419434,0.757425353388883,-0.0754329614711643,0.6732331547965454,-0.7557557557557554,0.036606951475969,-1.276276276276276,0.3343343343343343,0.6666666666666666,0.6258274932161961,0.7691907066674988,0.2890431911251327,0.0139917047811556,0.0679515065222709,4.8565566230206265,0.7690751562077953,1.0,1.0000000000000018,1.0,0.1423272397026712,-4.473657040716311
BBOB_F2,2,1,2,0,0.1,0.067,1.4925373134328357,0.25,0.111,2.252252252252252,0.434,0.063,6.888888888888888,0.7537191744568835,-0.5585384024090163,1.0,0.2558072360993015,0.7307194595628388,-0.1034195634547192,0.5901220432205145,-0.5155155155155153,0.0878909065341995,-0.9959959959959956,0.3208208208208208,1.0,0.4396799252523997,0.1008842773394215,0.3046112325392295,5.519273555421402e-05,0.0306503884691875,555.3337438598359,0.1004341622650205,0.9979328655418233,4368.110304992091,0.9981534822459596,0.674855394474222,-1.6959678808699303
BBOB_F1,1,2,10,6,0.0665999999999999,0.0423999999999999,1.5707547169811322,0.1072999999999999,0.0781999999999999,1.3721227621483376,0.1271,0.1021,1.2448579823702253,0.2988421400884995,-0.064778980086543,2.0,0.9304465021453292,0.932938273182003,-0.3919737945103332,0.8361471619654139,-1.336336336336336,0.0076362982612822,-1.8768768768768769,0.534006801360272,0.8181818181818182,0.1743650103848262,0.8424592138260633,0.3788562522216504,0.0028504018348171,0.0184841537646807,6.48475367188593,0.8417627516644393,1.0,1.000000000000041,1.0,0.6726658417673235,-4.149188141457975
BBOB_F1,1,6,2,9,0.1085,0.0409999999999999,2.6463414634146343,0.1629999999999999,0.086,1.895348837209302,0.145,0.1005,1.4427860696517412,0.7555170186004309,-0.2104377781598052,1.0,0.778056098280934,0.7569453852444732,-0.075764906172751,0.6722513647046234,-0.7757757757757754,0.030442722120643,-1.356356356356356,0.3488488488488488,0.6666666666666666,0.6238695109983184,0.7583677118212049,0.2728629115721393,0.0285703916948087,0.0584248175915565,2.0449428280737325,0.7582467430266858,1.0,1.0000000000000009,1.0,0.139415860555461,-4.488842916289178
BBOB_F16,16,4,2,0,0.1,0.1,1.0,0.25,0.25,1.0,0.48,0.4905,0.9785932721712536,1.4910743305880347,2.987159907369658,3.0,0.1655622316032584,0.5893037707910612,-0.4009510742651049,0.8239456543054461,0.3653653653653652,0.1675807864530769,-0.5155155155155153,0.5570570570570571,1.0,0.3573930448280556,0.0041921433760576,0.1632161804070096,0.0005301116775428,0.003283249329063,6.193505006871908,0.003807990141686,0.007168444021917,1.348699774320635,0.0348481785585496,1.0118214346771004,0.0616610984080274
BBOB_F2,2,2,10,2,0.1,0.0778,1.2853470437017998,0.3395,0.1064,3.1907894736842106,0.1731999999999999,0.1478,1.1718538565629228,1.0078796545904791,-0.1501056489131436,2.0,0.8112104812571663,0.918376889775676,-0.3375407422908237,0.8084078741536425,-0.9759759759759756,0.0132777082935542,-1.6366366366366365,0.5599119823964793,0.9090909090909092,0.1626865491687308,0.623021273598219,0.2825579844420591,1.119875241971293e-05,0.0673672188163437,6015.600335780142,0.6213488883092704,0.9969232293411354,23170.10396158673,0.9986787366858556,0.844864904069436,-1.9664452492046236
BBOB_F8,8,5,2,0,0.1,0.1,1.0,0.292,0.2339999999999999,1.247863247863248,0.262,0.219,1.1963470319634704,2.274584856297265,4.554254013685648,1.0,0.413561086560425,0.7249084909054594,-0.0714939629471971,0.583286429392934,-0.3553553553553552,0.0033306003436245,-1.996996996996997,0.3638638638638639,1.0,0.566018664513826,0.4864181769430162,0.1056883044525762,0.0082223016981478,0.0459428594444643,5.587591057965394,0.5056501849573727,0.8488915519774458,28.59346012335368,0.9820659152227852,0.5463071780025035,-2.3664807621358173
BBOB_F4,4,7,2,0,0.102,0.0665,1.533834586466165,0.145,0.0915,1.5846994535519128,0.16,0.0885,1.8079096045197744,1.5143935848650554,1.3480058747719594,2.0,0.5164560424587837,0.7015856564980831,-0.0621967542139084,0.762068351405241,-0.4954954954954953,0.0152469572701757,-1.5165165165165162,0.477977977977978,0.6666666666666666,0.5978691583124972,0.6288092885316336,0.1885595518596159,0.0167563999876792,0.0593705680620518,3.543157725150161,0.6286243694856415,0.9508762147414586,4.278667228144216,0.9972654345178558,0.2698455204916004,-3.808516347109968
BBOB_F3,3,5,10,6,0.1022,0.073,1.4,0.2135,0.1363,1.566397652237711,0.2519,0.1701999999999999,1.4800235017626326,0.9617202961483144,0.7909669924764255,1.0,0.9084439172960532,0.9295367338795332,-0.4421686804875769,0.8254514144377945,-1.036036036036036,0.0091825428356562,-1.7367367367367363,0.5714142828565714,0.9090909090909092,0.1545699605403148,0.4905454539129692,0.2929338365681712,0.0013624560451953,0.0314581868129278,23.089322348316184,0.488351460894282,0.9312854630497028,21.51443843985126,0.9855324665742076,0.6752954490231825,-4.115856040397668
BBOB_F1,1,0,2,3,0.101,0.039,2.589743589743589,0.188,0.08,2.35,0.1305,0.1065,1.2253521126760565,0.7461945913596539,-0.3925793272435602,1.0,0.7798998649419434,0.757425353388883,-0.0754329614711643,0.6633156975328571,-0.7557557557557554,0.036606951475969,-1.276276276276276,0.3358358358358358,0.6666666666666666,0.625827493216195,0.7691907066674988,0.2890431911251327,0.0139917047811556,0.0679515065222709,4.8565566230206265,0.7690751562077953,1.0,1.0000000000000018,1.0,0.1423272397026712,-4.473657040716311
BBOB_F18,18,7,10,0,0.1005,0.0863999999999999,1.1631944444444446,0.1906,0.1523999999999999,1.250656167979003,0.2077999999999999,0.1505,1.3807308970099668,4.85104676163173,64.95220804118341,4.0,0.798385903046373,0.9146916515130812,-0.294125434233819,0.8127576310507784,-1.5765765765765765,0.0013872097805416,-2.5975975975975976,0.588617723544709,0.9090909090909092,0.1484826662763573,0.4003811218390147,0.0394517197009829,1.912502527089671e-05,0.0051189122135536,267.65518691069593,0.6565580022675728,0.4743346695304726,6.490642611528196,0.7731265721578742,0.7650238155049749,-2.978486582322324
BBOB_F7,7,6,10,0,0.0992,0.0542,1.8302583025830257,0.2001,0.0848999999999999,2.356890459363958,0.2282,0.0933,2.4458735262593785,1.202308809013,1.9791702429503744,1.0,0.863270746148525,0.9266494824306838,-0.3723517226913328,0.8111113007038744,-1.2162162162162162,0.0076362982612822,-1.8768768768768769,0.5259051810362072,0.9090909090909092,0.1534490163371275,0.4727055624045977,0.2175267873648588,0.0032778489316875,0.0200392809708034,6.113546227551858,0.8690763162006979,0.5989832713990104,8.686259014641237,0.9966733327938138,0.7769559260940826,-2.827238780912918
BBOB_F1,1,7,10,2,0.0756,0.0518,1.4594594594594594,0.1357,0.0931999999999999,1.456008583690987,0.159,0.1251999999999999,1.2699680511182112,0.3375736364553301,-0.1023381897566406,1.0,0.9421354148761528,0.9343684756610148,-0.3961022272528977,,,,,,0.9090909090909092,0.1705539046387081,0.7664859004560989,0.415208633260486,0.0001231774409608,0.0247290613372109,200.75966138209915,0.7654535726476133,1.0,1.0000000000000628,1.0,0.6583492665220493,-4.330660690961221
BBOB_F1,1,7,10,9,0.0756,0.0518,1.4594594594594594,0.1357,0.0931999999999999,1.456008583690987,0.159,0.1251999999999999,1.2699680511182112,0.3375736364553301,-0.1023381897566406,1.0,0.9421354148761528,0.9343684756610148,-0.3961022272528977,0.8368392206108525,-1.256256256256256,0.0091825428356562,-1.8168168168168168,0.537007401480296,0.9090909090909092,0.1705539046387083,0.7664859004560989,0.415208633260486,0.0001231774409608,0.0247290613372109,200.75966138209915,0.7654535726476133,1.0,1.0000000000000628,1.0,0.6583492665220493,-4.330660690961221
BBOB_F18,18,3,10,0,0.0892999999999999,0.0717,1.245467224546722,0.1457,0.118,1.2347457627118643,0.1359,0.118,1.151694915254237,2.088982581768829,6.425338241110474,1.0,0.7849967009414944,0.9120960634449248,-0.3216539249460443,0.8127074722341425,-1.2162162162162162,0.004391800892596,-2.117117117117117,0.5762152430486097,0.9090909090909092,0.1627904324004575,0.6242899579621967,0.127692396633332,0.0007993428710784,0.015765422134077,19.72297834195601,0.7917153233614992,0.6680655320981567,3.312540619841982,0.8466725162358768,0.7649436049840713,-2.979503306467308
BBOB_F2,2,8,10,6,0.0854999999999999,0.0374,2.286096256684492,0.0784,0.0481,1.62993762993763,0.0196,0.0175,1.12,0.7739559873538836,-0.7931845738561498,2.0,0.8076413070884463,0.9190977868183778,-0.2878622456354233,0.7369943949136211,-0.9759759759759756,0.006064329395408,-1.7367367367367363,0.5256051210242049,0.8181818181818182,0.1763123880324684,0.8824423477104572,0.3172132191577292,9.701860408689589e-06,0.094047570565716,9693.766618357158,0.8819194097705607,0.9959778722682822,603005.5868919559,0.9962957010079624,0.845212464868176,-1.962039674325565
BBOB_F2,2,8,2,4,0.1,0.0645,1.550387596899225,0.25,0.107,2.3364485981308407,0.3555,0.0555,6.405405405405404,0.9382969400301452,-0.1482203000426345,1.0,0.4471721514363963,0.7373935968662346,-0.091224211862567,0.6012109131590931,-0.5555555555555552,0.0666536326812491,-1.036036036036036,0.3078078078078078,1.0,0.5133283679850973,0.2908706630739732,0.2845957213075361,7.442821215907137e-05,0.0509348554021943,684.3487694334783,0.290515949350742,0.9973048994728652,5679.546972497028,0.9979353032339066,0.6388192947503466,-1.8839336863757308
BBOB_F3,3,6,10,1,0.0797999999999999,0.0529,1.5085066162570884,0.1452999999999999,0.0907999999999999,1.6002202643171806,0.1746999999999999,0.1253,1.394253790901835,1.729621342058906,2.533927390832739,1.0,,,,,,,,,,,0.5843840855739829,0.1990159755640895,0.0007485243730822,0.0443161561343645,59.204693565131855,0.5825587409934103,0.9107136193790036,96.25104489520692,0.9855769577733152,,
BBOB_F9,9,0,2,0,0.1,0.1,1.0,0.25,0.2445,1.0224948875255622,0.3735,0.0905,4.127071823204421,3.287639790595158,12.84285232169527,5.0,0.4535826828470674,0.735359059089428,-0.0758239629740646,0.5774070105336572,-0.4954954954954953,0.00219959306803,-1.9369369369369367,0.3518518518518518,1.0,0.472195569247947,0.172216992431474,0.0704339002832868,0.0131315601390385,0.0137864756886624,1.049873399861829,0.5094141461388604,0.5157955650173877,3.166272593198146,0.9376811235827034,0.3971207792005189,-3.1446432668517645
BBOB_F1,1,3,2,5,0.1,0.033,3.0303030303030303,0.1755,0.075,2.339999999999999,0.096,0.087,1.1034482758620692,0.7014925920161403,-0.5513964276634358,1.0,0.7807343247543591,0.7582593008365843,-0.0708865367599614,0.6689497611260243,-0.7757757757757754,0.036606951475969,-1.336336336336336,0.3403403403403403,0.6666666666666666,0.6338744887956186,0.8128918667237119,0.3037326743510375,0.0040104345653267,0.0741410609867438,18.487039192148803,0.8127981944521055,1.0,1.0000000000000004,1.0,0.1405026167015986,-4.483174350712926
BBOB_F1,1,8,2,2,0.1275,0.0355,3.5915492957746484,0.102,0.0545,1.8715596330275228,0.1425,0.0824999999999999,1.7272727272727275,0.7269312736312639,-0.1213859971582604,1.0,0.768834995153707,0.7534473675485805,-0.0711831766428276,0.666773804124263,-0.7757757757757754,0.0265108360190853,-1.416416416416416,0.3498498498498498,0.6666666666666666,0.6306998956261155,0.7942108363721839,0.2682419792183342,0.0442122021876997,0.047932037713281,1.084135947578206,0.7941078117837203,1.0,1.0000000000000038,1.0,0.1388923265685892,-4.491573691492545
BBOB_F2,2,2,10,7,0.1,0.0778,1.2853470437017998,0.3395,0.1064,3.1907894736842106,0.1731999999999999,0.1478,1.1718538565629228,1.0078796545904791,-0.1501056489131436,2.0,0.8112104812571663,0.918376889775676,-0.3375407422908237,0.8118705579651542,-0.9759759759759756,0.0105444279352616,-1.6366366366366365,0.5600120024004801,0.9090909090909092,0.1626865491687306,0.623021273598219,0.2825579844420591,1.119875241971293e-05,0.0673672188163437,6015.600335780142,0.6213488883092704,0.9969232293411354,23170.10396158673,0.9986787366858556,0.844864904069436,-1.9664452492046236
BBOB_F1,1,1,2,9,0.1,0.0819999999999999,1.2195121951219514,0.251,0.141,1.780141843971631,0.315,0.151,2.0860927152317883,0.7307639120543777,0.0224773183066009,1.0,0.7732726534760462,0.7572328734680044,-0.1071114417231088,0.6898703317259035,-0.6756756756756753,0.0460960448682843,-1.2162162162162162,0.3478478478478478,1.0,0.5145248490964346,0.2950650893278231,0.2910473593586282,0.0081850921163707,0.0372344742960956,4.54905989654339,0.2947121765320988,1.0,1.0000000000000009,1.0,0.1429858240104272,-4.470221837382727
BBOB_F20,20,4,10,0,0.1096999999999999,0.0655,1.6748091603053432,0.1877,0.1084,1.7315498154981548,0.1735,0.1167999999999999,1.485445205479452,1.177561322957072,1.5690988596522617,2.0,0.9124479174382116,0.9299815748494644,-0.3547340982314714,0.8189739225903601,-1.1961961961961962,0.0072922720587283,-1.896896896896897,0.5473094618923785,0.9090909090909092,0.1652152181505218,0.6686041346371681,0.2089254265551993,0.0002609847602214,0.0239681424520701,91.83732579532372,0.7412720703084409,0.9195742739021192,29.738483835805265,0.998658009893866,0.7056795788598738,-3.730716060239208
BBOB_F12,12,1,2,0,0.1,0.0115,8.695652173913045,0.0445,0.001,44.5,0.0005,0.001,0.5,2.469989780056369,5.522618450631844,1.0,0.2528212240113631,0.7255487133809859,-0.0743508650257021,,,,,,1.0,0.5654497651754944,0.484395810244922,0.1024146871904023,0.000282214429953,0.0495996671400058,175.75170464621183,0.484172674395223,0.8279220931310878,379.5058336170837,0.9623503069469048,0.6397848282995516,-1.8788974229424005
BBOB_F3,3,5,10,9,0.1022,0.073,1.4,0.2135,0.1363,1.566397652237711,0.2519,0.1701999999999999,1.4800235017626326,0.9617202961483144,0.7909669924764255,1.0,0.9084439172960532,0.9295367338795332,-0.4421686804875769,0.8252317274500215,-1.036036036036036,0.0091825428356562,-1.7367367367367363,0.5718143628725745,0.9090909090909092,0.1545699605403145,0.4905454539129692,0.2929338365681712,0.0013624560451953,0.0314581868129278,23.089322348316184,0.488351460894282,0.9312854630497028,21.51443843985126,0.9855324665742076,0.6752954490231825,-4.115856040397668
BBOB_F2,2,8,10,1,0.0854999999999999,0.0374,2.286096256684492,0.0784,0.0481,1.62993762993763,0.0196,0.0175,1.12,0.7739559873538836,-0.7931845738561498,2.0,0.8076413070884463,0.9190977868183778,-0.2878622456354233,0.7364327831915791,-0.9759759759759756,0.006064329395408,-1.7567567567567566,0.5281056211242249,0.8181818181818182,0.1763123880324685,0.8824423477104572,0.3172132191577292,9.701860408689589e-06,0.094047570565716,9693.766618357158,0.8819194097705607,0.9959778722682822,603005.5868919559,0.9962957010079624,0.845212464868176,-1.962039674325565
BBOB_F7,7,8,10,0,0.1029,0.0540999999999999,1.9020332717190396,0.2001,0.0846999999999999,2.36245572609209,0.1981,0.0880999999999999,2.248581157775256,1.2892748443435689,2.107062064708588,3.0,0.8675103176664469,0.9255245810440133,-0.3486461172605698,0.809320950438776,-1.1961961961961962,0.0069637447306282,-1.916916916916917,0.5381076215243049,0.9090909090909092,0.1607059006825621,0.5880881725844838,0.2229880953778617,0.0002113464246084,0.0211930388130186,100.27630631690364,0.891450165833941,0.6914259906557981,4.598315780481464,0.9958930194352652,0.7744772309779783,-2.858657965630938
BBOB_F3,3,2,2,4,0.1,0.0865,1.1560693641618498,0.2885,0.1295,2.227799227799228,0.258,0.1129999999999999,2.283185840707965,2.079071309700508,3.5670250758663986,1.0,0.4130756942549872,0.6857206287561284,-0.069388997724139,0.7750336184518397,-0.2752752752752751,0.0201049641626049,-1.436436436436436,0.494994994994995,1.0,0.5647698142409462,0.4816276172946357,0.1485843323374657,0.002133870584963,0.0513976726938429,24.086593187061546,0.4813697334165866,0.909128386000093,41.61135682782586,0.98597479256847,0.3578865570711678,-3.3492906127755786
BBOB_F7,7,1,10,0,0.1043,0.0482,2.16390041493776,0.1638,0.0749,2.1869158878504678,0.1418999999999999,0.0779999999999999,1.8192307692307688,1.179358886121695,1.5180806908565885,2.0,0.8542760082480864,0.925036225064459,-0.3497109358367699,0.8017252523441127,-1.2362362362362362,0.0069637447306282,-1.916916916916917,0.512002400480096,0.9090909090909092,0.166500602671172,0.6907045947939215,0.2074087202061556,0.0003789884520613,0.0242257829661977,63.92221935637944,0.9262048496807544,0.7620899458134599,4.023800730113799,0.9974149787627892,0.8105944598944907,-2.400846966828317
BBOB_F1,1,0,2,1,0.101,0.039,2.589743589743589,0.188,0.08,2.35,0.1305,0.1065,1.2253521126760565,0.7461945913596539,-0.3925793272435602,1.0,0.7798998649419434,0.757425353388883,-0.0754329614711643,0.6746768976903278,-0.7557557557557554,0.036606951475969,-1.276276276276276,0.3433433433433433,0.6666666666666666,0.6258274932161959,0.7691907066674988,0.2890431911251327,0.0139917047811556,0.0679515065222709,4.8565566230206265,0.7690751562077953,1.0,1.0000000000000018,1.0,0.1423272397026712,-4.473657040716311
BBOB_F1,1,9,10,6,0.0722,0.0457,1.5798687089715535,0.1201,0.0819999999999999,1.4646341463414638,0.1455,0.1133,1.2842012356575463,0.3193655572357252,-0.0472821624481474,2.0,0.9372676789167116,0.9330489728179192,-0.3952103422675027,0.8330605756970487,-1.316316316316316,0.0076362982612822,-1.8568568568568569,0.5353070614122825,0.9090909090909092,0.1723177899754767,0.8009469324071399,0.3694888756750541,0.0075407722433881,0.0168921487019184,2.240108593218642,0.8000669512092515,1.0,1.0000000000000588,1.0,0.6598842108633476,-4.31120420376447
BBOB_F24,24,2,10,0,0.0999,0.0872999999999999,1.1443298969072166,0.2274,0.1788,1.2718120805369129,0.3288,0.1561,2.106342088404869,0.2219970752488989,-0.0685066304745394,1.0,0.920681745563828,0.9305214234358392,-0.5384887605304729,0.8537077758845029,-1.1361361361361362,0.0121082975023203,-1.6766766766766763,0.5867173434686938,0.9090909090909092,0.1282638479999002,0.1677305122485606,0.4423552991282898,0.0062411936575644,0.0065851988352539,1.0551184911996063,0.3092457769526052,0.724763636645525,1.0335910019657295,0.8715420031285068,0.7075220600656743,-3.7073613293695615
BBOB_F3,3,0,10,3,0.0674,0.0366,1.8415300546448088,0.124,0.0784,1.5816326530612246,0.1702999999999999,0.1199,1.420350291909925,1.1166735729258357,0.892931352350113,2.0,0.882142027139524,0.926100153662954,-0.3667198797507717,0.7810993516385668,-1.056056056056056,0.0066500180304311,-1.8568568568568569,0.5417083416683337,0.9090909090909092,0.1652314668243709,0.6660549988471827,0.233259360219349,0.0001527049237632,0.0374433006455359,245.20034929317717,0.6645845125347538,0.94830620043692,78.78949122512084,0.993497071096034,0.7236586681320109,-3.5028185978877886
BBOB_F3,3,3,10,1,0.0673999999999999,0.0374,1.8021390374331543,0.1278,0.0794,1.6095717884130982,0.153,0.1086,1.4088397790055247,0.954898951160814,0.2903537855015576,2.0,0.8798103730160637,0.9262669398115808,-0.3565321626472432,0.7815114162225658,-1.076076076076076,0.0076362982612822,-1.836836836836837,0.5421084216843368,0.9090909090909092,0.1669309340094565,0.699099648599641,0.235892780464796,1.2664060307581262e-05,0.043011814729168,3396.368438281936,0.6977641720746179,0.9586677685016955,97.56028293598712,0.9892790267258144,0.7242306715692984,-3.4955680564481746
BBOB_F3,3,5,2,9,0.103,0.0665,1.5488721804511278,0.2575,0.0975,2.6410256410256414,0.2755,0.0995,2.768844221105528,0.6549100878775616,-0.6787356921300685,1.0,0.4558506953102163,0.6776152371920607,-0.1085566260182332,0.832770962222214,-0.2552552552552551,0.0765391938823014,-0.8958958958958956,0.5280280280280281,1.0,0.5223237090641029,0.321267384847415,0.3407112670989293,0.016608715085597,0.0448168264880836,2.6983921547879577,0.3209300181791581,0.9538628836804368,11.829038555653533,0.985815467382449,0.3158093981284201,-3.5687668361924274
BBOB_F14,14,7,10,0,0.1045,0.0605,1.727272727272727,0.2122,0.1114999999999999,1.9031390134529151,0.2344,0.1236,1.896440129449838,3.5654743540385967,19.897352997168728,4.0,0.8874039712548882,0.9270255627933486,-0.2783636730524319,0.7855880823485065,-1.296296296296296,0.0020058677795082,-2.357357357357357,0.5403080616123225,0.9090909090909092,0.1500528961630978,0.4217081274685876,0.071336767125509,0.0012300670061071,0.0100432821728249,8.164825268022717,0.7838270685791684,0.5058267210791397,5.891429542128075,0.8845683811928355,0.7426675817231121,-3.261867395972182
BBOB_F4,4,8,2,0,0.1,0.1,1.0,0.287,0.129,2.224806201550388,0.2760000000000001,0.1475,1.8711864406779664,1.8321729393596489,2.5278385756259647,2.0,0.4950757049351484,0.6917323675255157,-0.078011166541179,0.8110593085729767,-0.3353353353353351,0.030442722120643,-1.296296296296296,0.526026026026026,1.0,0.5542756330387493,0.4383266738525823,0.1785818219385247,0.0114910993162958,0.0448124868287826,3.899756289220565,0.4380468276716769,0.8615787690211374,2.3352091196920903,0.9790385614760106,0.2986284088789029,-3.658383595731262
BBOB_F23,23,7,10,0,0.1,0.1,1.0,0.25,0.25,1.0,0.488,0.4836,1.0090984284532671,0.5373007700311094,-0.0461384069867478,2.0,0.5792161835447189,0.8795297949900593,-0.5722618075996535,0.8721600974435079,-0.8358358358358354,0.0220466873523941,-1.416416416416416,0.6622324464892979,0.9090909090909092,0.0947481555186684,0.000803920123774,0.3403078169521328,6.707414108676718e-05,0.0013606311147076,20.285479510613957,0.002329333454444,0.0013521232787735,18.49757691012296,0.0029958284641495,1.0151791543337343,0.192406339438989
BBOB_F2,2,1,2,2,0.1,0.067,1.4925373134328357,0.25,0.111,2.252252252252252,0.434,0.063,6.888888888888888,0.7537191744568835,-0.5585384024090163,1.0,0.2558072360993015,0.7307194595628388,-0.1034195634547192,0.5918637233247719,-0.5155155155155153,0.0920373199661822,-1.016016016016016,0.3258258258258258,1.0,0.4396799252523994,0.1008842773394215,0.3046112325392295,5.519273555421402e-05,0.0306503884691875,555.3337438598359,0.1004341622650205,0.9979328655418233,4368.110304992091,0.9981534822459596,0.674855394474222,-1.6959678808699303
BBOB_F3,3,4,10,9,0.0957,0.0591,1.6192893401015227,0.1638,0.1175,1.3940425531914893,0.1732,0.106,1.6339622641509433,1.4903241666663003,1.8358793717446595,2.0,0.8919323515482676,0.9273651669530872,-0.3458047116394649,0.7735845593308753,-0.9959959959959956,0.0045989920905224,-1.916916916916917,0.5499099819963993,0.9090909090909092,0.1606302002590514,0.5864639286102848,0.2070714662839515,0.0009818451544414,0.0397449856905482,40.479891875779984,0.5846631418700439,0.9197885773648808,59.68531931564807,0.9873299462107727,0.7066679715991342,-3.718187494766591
BBOB_F20,20,9,2,0,0.1,0.0685,1.45985401459854,0.358,0.0935,3.828877005347593,0.129,0.1105,1.167420814479638,1.5162105945804354,1.5200194703483536,1.0,0.4681808215769789,0.7330946508118674,-0.0631346749545795,0.5089213398826916,-0.6356356356356354,0.027761532944368,-1.5565565565565564,0.3413413413413413,0.6666666666666666,0.599878877477252,0.639669712356012,0.1627406124839982,0.0153728435465836,0.0570680676905008,3.712264911665171,0.724917446058486,0.9098124552345072,11.01287094898887,0.999085097474063,0.3879179439027902,-3.1926456412188418
BBOB_F2,2,7,10,6,0.1001,0.0617,1.6223662884927068,0.2675,0.1112,2.4055755395683454,0.3456,0.1095,3.156164383561644,0.7922375804735309,-0.0884133048662523,2.0,0.8079714199243959,0.9183790833378686,-0.4205628872757694,0.8170525780155922,-0.9759759759759756,0.0132777082935542,-1.5765765765765765,0.5628125625125024,0.9090909090909092,0.1376904114571936,0.2638777515896624,0.2852657685076014,6.969157311556475e-06,0.02922045942943,4192.825347904795,0.2606194473151687,0.9987033574403044,342208.61038158234,0.9988965779915496,0.8504530396755275,-1.895611743423132
BBOB_F19,19,3,10,0,0.1,0.0906999999999999,1.1025358324145538,0.25,0.1955,1.278772378516624,0.4342,0.1867,2.3256561328334224,2.013713283763315,7.829357637489846,3.0,0.9195685702391196,0.932449394548583,-0.4447940933623656,0.8275272911886079,-1.2362362362362362,0.0048159579101923,-1.996996996996997,0.5802160432086417,0.9090909090909092,0.1097666051078735,0.0419553143262921,0.1215872414286107,4.912522745467599e-05,0.0042534016528939,86.58283886457865,0.1599101545926212,0.5458122975625124,1.3680834273129727,0.7058898664692442,0.7150056566312976,-3.6125015374884217
BBOB_F15,15,3,2,0,0.1,0.093,1.0752688172043012,0.2985,0.0905,3.298342541436464,0.0745,0.0755,0.9867549668874172,3.1407398137505225,10.25126236361458,2.0,0.4257001428301212,0.6688171179022844,-0.0426487032035464,0.7953464258176258,-0.5355355355355353,0.0076362982612822,-1.896896896896897,0.501001001001001,1.0,0.5662704634106351,0.4868318952230717,0.0855271630925412,0.0250586996446073,0.0295600705162947,1.1796330589985804,0.7265589893062568,0.6304975780963462,1.1699397550231614,0.9885242768854888,0.4045435067294046,-3.105926009165504
BBOB_F22,22,1,10,0,0.1001,0.0944,1.0603813559322035,0.2384,0.1967,1.211997966446365,0.3545,0.2350999999999999,1.5078689919183328,-3.07667295022879,15.834130610936189,3.0,0.8022413531918623,0.918567261217638,-0.5469750193029543,0.7622097425334625,-1.1761761761761762,0.0025258200269627,-2.157157157157157,0.5840168033606722,0.9090909090909092,0.1204567750535512,0.1043181761300924,0.93926177378426,6.836847421335269e-05,0.0051676735649319,75.58562077611346,0.2461658685085432,0.199364202079599,2.662528858810276,0.4230650125574583,0.8483494276637804,-1.9222764888945336
BBOB_F11,11,9,2,0,0.1,0.0645,1.550387596899225,0.25,0.101,2.4752475247524752,0.373,0.08,4.6625,1.0472455508109366,0.2691310359220393,1.0,0.3444278200075771,0.7303637695350912,-0.0898527188087466,0.6218397881771927,-0.6556556556556553,0.0554298551568466,-1.1761761761761762,0.3503503503503503,1.0,0.4910632058679761,0.2229199244777843,0.2265979690387803,0.006561074362702,0.0357639375246634,5.450927020119076,0.3534159988808304,0.8668738561517146,25.364575403046324,0.9978752903234304,0.6719721110021631,-1.71100720822444
BBOB_F8,8,2,10,0,0.0878999999999999,0.0605,1.4528925619834707,0.1636,0.1103,1.4832275611967358,0.2079,0.1551,1.3404255319148937,0.8215044603001407,0.4252903452273839,2.0,0.9105392611656438,0.9289897631280146,-0.4132703172960964,0.8244924546969711,-1.1161161161161162,0.0087688560945874,-1.7367367367367363,0.5654130826165233,0.9090909090909092,0.162315064931609,0.6175024184366862,0.2489339251023308,0.0006500340735176,0.0312611452455875,48.09154861131995,0.6249242570810956,0.9362085826621804,115.10713013865792,0.9961632862868288,0.6765803992649814,-4.099568402302026
BBOB_F1,1,5,10,4,0.0802,0.0519,1.5452793834296723,0.1394,0.0935999999999999,1.4893162393162398,0.1669999999999999,0.1273,1.3118617439120184,0.346773783402529,-0.0197921610328757,2.0,0.9441306070766292,0.934730800181298,-0.4102434890935967,0.8317839081303042,-1.276276276276276,0.0087688560945874,-1.836836836836837,0.5393078615723145,0.9090909090909092,0.1694770481815449,0.7467926589679259,0.3801215458812384,0.0006329749987325,0.0222056869159497,35.08145971075147,0.7456732705456823,1.0,1.000000000000042,1.0,0.647892302556627,-4.463209982838491
BBOB_F1,1,6,10,0,0.0789999999999999,0.0513,1.539961013645224,0.1447999999999999,0.0999,1.4494494494494492,0.1646,0.1234,1.33387358184765,0.3419983201124051,-0.0258010460826141,2.0,0.9458568421321416,0.9353639179775972,-0.4138228807340014,0.835958674248846,-1.356356356356356,0.0076362982612822,-1.896896896896897,0.54500900180036,0.9090909090909092,0.1691120306305472,0.740063309258458,0.3236225462867008,0.0003422488834337,0.017719959793276,51.77506969633633,0.7389141714769609,1.0,1.0000000000000229,1.0,0.6518099339622345,-4.413551279761142
BBOB_F3,3,1,2,6,0.1035,0.071,1.4577464788732395,0.2239999999999999,0.096,2.333333333333333,0.1155,0.1159999999999999,0.995689655172414,0.9037995959997714,-0.3360116216953921,1.0,0.4670003234974021,0.6808012851616225,-0.0881652494383857,0.8545947491751866,-0.3353353353353351,0.0666536326812491,-0.9959959959959956,0.5455455455455456,0.6666666666666666,0.6133466213008132,0.7056881590116892,0.2996593595148904,0.0088869014380172,0.0721979680665443,8.124087857854335,0.7055411173659732,0.9839907784591057,8.836578983395492,0.9912581331932504,0.4009755735205143,-3.124536498223387
BBOB_F2,2,4,2,5,0.1,0.0394999999999999,2.5316455696202538,0.3299999999999999,0.0475,6.947368421052631,0.0045,0.0085,0.5294117647058822,1.190554444520604,0.2352551072105408,2.0,0.4862673368687326,0.7437438422965659,-0.06363738251778,0.5649347594035895,-0.5355355355355353,0.0333828586473176,-1.316316316316316,0.3208208208208208,0.6666666666666666,0.6220936129282303,0.7501916251743749,0.2431421938931958,4.80721782749183e-05,0.0839476822171461,1746.2841341838246,0.7500667215014707,0.997280110178379,2977.035515839864,0.9989368484625368,0.6300587447937555,-1.9296290818786312
BBOB_F15,15,6,10,0,0.0940999999999999,0.0623,1.510433386837881,0.1755,0.1111,1.5796579657965797,0.1914,0.131,1.461068702290076,2.2686616078196797,8.882761156486648,2.0,0.9001514692034036,0.9284900118554628,-0.3279804560570428,0.8076058790864017,-1.256256256256256,0.0036522673643081,-2.1771771771771773,0.5484096819363873,0.9090909090909092,0.1554194972328195,0.502993363477767,0.1271147354812965,0.0005733458670616,0.0124529068350284,21.71971152220544,0.6616413600136215,0.6788696651286177,3.539148659784916,0.8844085526300054,0.7082890629758072,-3.697639033974637
BBOB_F21,21,0,10,0,0.1,0.1019,0.9813542688910696,0.2503,0.2396999999999999,1.044221944096788,0.4245,0.2927,1.4502903997266825,-2.364256125642731,11.662531223040354,4.0,0.7364672754627503,0.9112055072251152,-0.5960928958604601,0.8230056257007389,-1.1561561561561562,0.0048159579101923,-1.9769769769769767,0.5924184836967393,0.9090909090909092,0.1093714423989365,0.0403242970237388,0.9056034231633232,0.0002234371279099,0.0029775092051349,13.325937515338923,0.1570009305910771,0.1352733963714432,3.2598922743944967,0.2747795112394418,0.935958213545743,-0.8117741892519081
BBOB_F3,3,5,2,3,0.103,0.0665,1.5488721804511278,0.2575,0.0975,2.6410256410256414,0.2755,0.0995,2.768844221105528,0.6549100878775616,-0.6787356921300685,1.0,0.4558506953102163,0.6776152371920607,-0.1085566260182332,0.8284648503497559,-0.2552552552552551,0.0765391938823014,-0.9159159159159156,0.5305305305305306,1.0,0.5223237090641039,0.321267384847415,0.3407112670989293,0.016608715085597,0.0448168264880836,2.6983921547879577,0.3209300181791581,0.9538628836804368,11.829038555653533,0.985815467382449,0.3158093981284201,-3.5687668361924274
BBOB_F2,2,7,2,1,0.1,0.0465,2.1505376344086025,0.4004999999999999,0.066,6.068181818181816,0.072,0.087,0.8275862068965517,1.253892012358477,0.4595664107755852,1.0,0.3016168127037359,0.732200523887074,-0.0689459222231201,0.5768429181206861,-0.4954954954954953,0.0440193518520887,-1.276276276276276,0.3123123123123123,0.6666666666666666,0.611827576075814,0.6977282542425641,0.2346448674075192,5.109980842596728e-05,0.0777484336895175,1521.5014710311173,0.6975770772112284,0.9970140616598446,2538.881630404386,0.9986479595096168,0.6790923372260574,-1.6738678100150637
BBOB_F3,3,4,10,3,0.0957,0.0591,1.6192893401015227,0.1638,0.1175,1.3940425531914893,0.1732,0.106,1.6339622641509433,1.4903241666663003,1.8358793717446595,2.0,0.8919323515482676,0.9273651669530872,-0.3458047116394649,0.7758019563366865,-0.9959959959959956,0.0045989920905224,-1.916916916916917,0.5555111022204441,0.9090909090909092,0.1606302002590513,0.5864639286102848,0.2070714662839515,0.0009818451544414,0.0397449856905482,40.479891875779984,0.5846631418700439,0.9197885773648808,59.68531931564807,0.9873299462107727,0.7066679715991342,-3.718187494766591
BBOB_F1,1,4,10,1,0.0809999999999999,0.0540999999999999,1.497227356746765,0.1392,0.096,1.45,0.1592999999999999,0.1209,1.3176178660049624,0.3455551571350047,-0.0956861309608236,1.0,0.94259229425665,0.9346491082299874,-0.4194372062135604,0.8364117146623298,-1.276276276276276,0.0100693863147602,-1.8168168168168168,0.5399079815963193,0.9090909090909092,0.1696498630009766,0.7491837548594302,0.3876835412329755,0.0009514340030115,0.0250657849454952,26.345269210637746,0.7480749370827552,1.0,1.0000000000000429,1.0,0.6461377841257404,-4.485449724351287
BBOB_F10,10,0,2,1,0.1,0.0345,2.898550724637681,0.1945,0.0595,3.2689075630252105,0.01,0.01,1.0,0.963144462411894,-0.2126729163578131,2.0,0.398282238234925,0.7388844104651525,-0.0615332472302059,0.5765640600130959,-0.6556556556556553,0.0333828586473176,-1.336336336336336,0.3288288288288288,0.6666666666666666,0.6373143492773237,0.8311274418703685,0.2346494175746975,0.009220798199915,0.0788124478637009,8.547247879736387,0.8431132317459401,0.9863379945392716,53.5317187370827,0.9987730736131892,0.6278796254715837,-1.9409954595339207
BBOB_F14,14,7,2,0,0.1,0.0829999999999999,1.2048192771084338,0.25,0.1365,1.8315018315018317,0.3379999999999999,0.086,3.930232558139535,2.268858818927617,5.656684825702159,1.0,0.7773888372696814,0.7587667732402601,-0.086038696637434,0.5916512452164482,-0.5155155155155153,0.0021004982416539,-1.5965965965965965,0.3273273273273273,1.0,0.4974564272236861,0.242099015077664,0.115067486825243,0.0103091916432351,0.0257176770456876,2.4946356548297954,0.5133126446073697,0.684742468388947,6.231848226914851,0.9786268509109556,0.145901813013217,-4.455011916610078
BBOB_F24,24,4,2,0,0.1,0.1,1.0,0.2445,0.228,1.0723684210526314,0.294,0.238,1.2352941176470589,0.640956152493427,0.2845499498638046,1.0,0.2242764186577737,0.5779659884610832,-0.4145390506112911,0.8863155455973575,0.5055055055055053,0.3842240846055061,-0.2552552552552551,0.6836836836836837,1.0,0.5382313928329807,0.3780686817493409,0.3418843148227603,0.024805889340064,0.0253139708635759,1.020482294206291,0.3846205023836269,0.5999645750756872,1.0480836103833562,0.651506124860951,0.7154347428339016,-1.484304300189081
BBOB_F12,12,8,10,0,0.0822,0.0546,1.5054945054945053,0.1365,0.0969,1.4086687306501549,0.0925,0.075,1.2333333333333334,15.210718128136389,384.9636602063126,7.0,0.8915885609678573,0.9271277451904012,-0.1314580866603902,0.7151034784387694,-1.7767767767767764,3.6354699612933176e-05,-3.6986986986986974,0.5270054010802161,0.9090909090909092,0.1337411970184488,0.2213994096811632,0.0077424405205224,0.0003219776228792,0.0022162693071161,6.883302284480102,0.507780503116955,0.2507362862556664,39.35727480715173,0.610249384726787,0.6844402767741358,-3.99993898772955
BBOB_F2,2,5,2,5,0.1,0.0115,8.695652173913045,0.0445,0.001,44.5,0.0005,0.0005,1.0,0.7051569896968048,-0.9599236634690452,2.0,0.2622009366650898,0.7289130639635922,-0.0508211809621445,0.5306314250309014,-0.6156156156156153,0.0730909932860291,-1.276276276276276,0.3058058058058058,0.6666666666666666,0.6502184982064435,0.9036472641959444,0.330428665197276,1.8429311522566924e-05,0.1092649234510054,5928.866269215165,0.903599045119718,0.9943123396131672,1301.0439180648568,0.9955653662709522,0.6325260500025945,-1.9167595145680256
BBOB_F3,3,5,2,8,0.103,0.0665,1.5488721804511278,0.2575,0.0975,2.6410256410256414,0.2755,0.0995,2.768844221105528,0.6549100878775616,-0.6787356921300685,1.0,0.4558506953102163,0.6776152371920607,-0.1085566260182332,0.8272291324091948,-0.2552552552552551,0.0765391938823014,-0.8958958958958956,0.5325325325325325,1.0,0.5223237090641032,0.321267384847415,0.3407112670989293,0.016608715085597,0.0448168264880836,2.6983921547879577,0.3209300181791581,0.9538628836804368,11.829038555653533,0.985815467382449,0.3158093981284201,-3.5687668361924274
BBOB_F1,1,2,2,5,0.058,0.0205,2.829268292682927,0.0705,0.0315,2.238095238095237,0.1159999999999999,0.0699999999999999,1.6571428571428573,0.6009146143857492,-0.337288552018498,1.0,0.7756427718348486,0.756292364073863,-0.0657412298829084,0.662509938744416,-0.8158158158158154,0.0318789129267764,-1.396396396396396,0.3453453453453453,0.6666666666666666,0.6456271449489462,0.876152181960645,0.2936891777708413,0.0421967713706397,0.0569412765739766,1.34942259145438,0.8760901798111602,1.0,1.0000000000000024,1.0,0.1400212719534694,-4.485685065079945
BBOB_F1,1,7,10,5,0.0756,0.0518,1.4594594594594594,0.1357,0.0931999999999999,1.456008583690987,0.159,0.1251999999999999,1.2699680511182112,0.3375736364553301,-0.1023381897566406,1.0,0.9421354148761528,0.9343684756610148,-0.3961022272528977,0.8347284879739607,-1.256256256256256,0.0091825428356562,-1.796796796796797,0.5358071614322865,0.9090909090909092,0.1705539046387083,0.7664859004560989,0.415208633260486,0.0001231774409608,0.0247290613372109,200.75966138209915,0.7654535726476133,1.0,1.0000000000000628,1.0,0.6583492665220493,-4.330660690961221
BBOB_F1,1,1,20,5,0.07965,0.0573999999999999,1.387630662020906,0.1419,0.10265,1.382367267413541,0.1722,0.13125,1.3119999999999998,0.2406714279169395,-0.0510375018828166,2.0,,,,,,,,,0.9047619047619048,0.0882801145875176,,,,,,,,,,,
BBOB_F24,24,9,2,0,0.1,0.101,0.99009900990099,0.237,0.2305,1.0281995661605206,0.3005,0.2409999999999999,1.2468879668049797,0.6444945831022264,0.3065068596973916,1.0,0.2151350438073353,0.583599607587,-0.3998234906427663,0.8759719964446357,0.5255255255255253,0.3195247505759213,-0.2752752752752751,0.6461461461461462,1.0,0.5376831347394201,0.3743660156090352,0.3477435897291123,0.0255771465459605,0.0257880061891968,1.0082440643977766,0.3801826568679213,0.5886158628853437,1.0166930706716797,0.6483898144471834,0.7931217173042653,-1.0790857874887267
BBOB_F1,1,5,10,5,0.0802,0.0519,1.5452793834296723,0.1394,0.0935999999999999,1.4893162393162398,0.1669999999999999,0.1273,1.3118617439120184,0.346773783402529,-0.0197921610328757,2.0,0.9441306070766292,0.934730800181298,-0.4102434890935967,0.8326499986514412,-1.276276276276276,0.0087688560945874,-1.836836836836837,0.5371074214842969,0.9090909090909092,0.169477048181545,0.7467926589679259,0.3801215458812384,0.0006329749987325,0.0222056869159497,35.08145971075147,0.7456732705456823,1.0,1.000000000000042,1.0,0.647892302556627,-4.463209982838491
BBOB_F3,3,3,2,1,0.1,0.086,1.162790697674419,0.293,0.1224999999999999,2.3918367346938783,0.2314999999999999,0.137,1.68978102189781,2.089084180006075,3.640765997785424,1.0,0.4398204383727781,0.6824821314488437,-0.0678714348399805,0.7839071418374731,-0.2752752752752751,0.0220466873523941,-1.4964964964964964,0.5035035035035035,0.6666666666666666,0.5687282844615067,0.498116580916058,0.1476036599257442,0.001951642435774,0.0522270277073179,26.760551395063537,0.497866674771043,0.9083753775232356,39.69613125370324,0.9852096827885516,0.3494388210552601,-3.393354357661887
BBOB_F3,3,6,10,5,0.0797999999999999,0.0529,1.5085066162570884,0.1452999999999999,0.0907999999999999,1.6002202643171806,0.1746999999999999,0.1253,1.394253790901835,1.729621342058906,2.533927390832739,1.0,,,,,,,,,,,0.5843840855739829,0.1990159755640895,0.0007485243730822,0.0443161561343645,59.204693565131855,0.5825587409934103,0.9107136193790036,96.25104489520692,0.9855769577733152,,
BBOB_F3,3,6,10,6,0.0797999999999999,0.0529,1.5085066162570884,0.1452999999999999,0.0907999999999999,1.6002202643171806,0.1746999999999999,0.1253,1.394253790901835,1.729621342058906,2.533927390832739,1.0,,,,,,,,,,,0.5843840855739829,0.1990159755640895,0.0007485243730822,0.0443161561343645,59.204693565131855,0.5825587409934103,0.9107136193790036,96.25104489520692,0.9855769577733152,,
BBOB_F17,17,3,2,0,0.0685,0.0525,1.3047619047619048,0.1325,0.1405,0.9430604982206404,0.25,0.2425,1.0309278350515465,0.9844825703123108,0.4236249237517806,1.0,0.3158963867848979,0.6311284330286421,-0.2963401606789126,0.7771701343471948,0.105105105105105,0.1675807864530769,-0.4754754754754753,0.4934934934934935,0.6666666666666666,0.5730929201461586,0.5177257052031587,0.2681500325588137,0.0224218476904442,0.0441451452347785,1.9688451123317756,0.5175297069088837,0.5197802667833261,2.0965003249587677,0.5203300187002219,0.1841909099082737,-4.255294383494233
BBOB_F7,7,7,2,0,0.1,0.044,2.272727272727273,0.263,0.0635,4.141732283464567,0.022,0.021,1.0476190476190477,1.0474754970089537,-0.1210780427578002,1.0,0.413629405052674,0.5110393852563045,-0.0836451254453645,0.7982384984390349,-0.1951951951951951,2.63281546564802e-05,-1.016016016016016,0.2302302302302302,0.6666666666666666,0.6300776587333567,0.792124937171611,0.2319475459424145,0.0049342272730966,0.0782162746789217,15.85177786710139,0.7981174784459218,0.9872618059522104,39.88731303110307,0.9934113617998058,0.2477150417590071,-3.9239498510983273
BBOB_F12,12,1,10,0,0.0949,0.0657,1.4444444444444442,0.1624,0.1137,1.428320140721196,0.1901,0.1252,1.5183706070287537,14.387509816697651,306.95187867805095,4.0,0.9009951704277784,0.9289980160117972,-0.1474121978220776,0.7192673371626288,-1.6766766766766763,9.140310748756225e-05,-3.358358358358358,0.5284056811362272,0.9090909090909092,0.1241081886743573,0.1322856982227523,0.0104650011302026,1.977177878722796e-05,0.0026076930277185,131.88965220484113,0.318042510180095,0.1784420353283834,7.516600411569881,0.4526597194471207,0.6735494028802584,-4.137988389767418
BBOB_F3,3,2,10,9,0.0945999999999999,0.0558,1.6953405017921144,0.1443,0.1031,1.399612027158099,0.0523,0.0497,1.0523138832997987,1.3146550894403477,0.316920399285002,2.0,0.8853972860013821,0.9269130994554896,-0.2834577318694944,0.7324198642615419,-0.8758758758758756,0.0029004304938639,-1.956956956956957,0.5298059611922384,0.9090909090909092,0.1681425746185069,0.7215348392520307,0.2360978732308534,3.057958918311634e-05,0.0792076484533725,2590.212967841464,0.7203006595862445,0.9740263702093984,186.11504862872204,0.9923972021383124,0.7049828596837256,-3.7395474604181818
BBOB_F4,4,0,2,0,0.1,0.0965,1.0362694300518136,0.25,0.156,1.6025641025641026,0.4010000000000001,0.105,3.8190476190476192,0.8966942322460807,0.4577060308683998,1.0,0.4712407439642631,0.6768416840021679,-0.1363225434833851,0.8466434349705696,-0.2152152152152151,0.0765391938823014,-0.9759759759759756,0.5755755755755756,1.0,0.4347959667613804,0.0920184708192878,0.2458402069261071,0.0082601218964079,0.0159321010975535,1.9287973346351952,0.0915647004339905,0.8487891196323188,1.8998751436023404,0.929580831806018,0.2630712259874231,-3.8438513509802
BBOB_F1,1,5,10,3,0.0802,0.0519,1.5452793834296723,0.1394,0.0935999999999999,1.4893162393162398,0.1669999999999999,0.1273,1.3118617439120184,0.346773783402529,-0.0197921610328757,2.0,0.9441306070766292,0.934730800181298,-0.4102434890935967,,,,,,0.9090909090909092,0.169477048181545,0.7467926589679259,0.3801215458812384,0.0006329749987325,0.0222056869159497,35.08145971075147,0.7456732705456823,1.0,1.000000000000042,1.0,0.647892302556627,-4.463209982838491
BBOB_F2,2,6,2,8,0.1,0.055,1.818181818181818,0.3184999999999999,0.0839999999999999,3.7916666666666665,0.1965,0.1589999999999999,1.235849056603774,1.045334811926629,-0.1368045923893994,2.0,0.2708242864509762,0.7295593038175593,-0.0735276982683075,0.6032724140167912,-0.6156156156156153,0.0607832312829723,-1.1361361361361362,0.3213213213213213,0.6666666666666666,0.5960266491859741,0.6206863567466289,0.2681462814893126,5.918768080786691e-05,0.076641358559007,1294.8870020401323,0.6204966396376408,0.996865266569142,11810.907674938113,0.9986188372108376,0.6298064308460362,-1.930945161997923
BBOB_F12,12,4,10,0,0.0851999999999999,0.0591,1.4416243654822332,0.1494,0.1015,1.47192118226601,0.1541,0.1127,1.3673469387755102,17.050228794714183,472.3035630887773,5.0,0.8909610982008056,0.9285328605069588,-0.1106698001146116,0.6859629605289523,-1.7767767767767764,1.3808297652180924e-05,-3.9989989989989994,0.5236047209441889,0.9090909090909092,0.1260932352210505,0.1486010461554616,0.0050237216825235,6.478766471268785e-05,0.0014816785979235,22.869763935685302,0.3938520456346696,0.1776804475659613,16.91664407891125,0.5102854635518032,0.6789007638382356,-4.070156167345592
BBOB_F3,3,2,2,3,0.1,0.0865,1.1560693641618498,0.2885,0.1295,2.227799227799228,0.258,0.1129999999999999,2.283185840707965,2.079071309700508,3.5670250758663986,1.0,0.4130756942549872,0.6857206287561284,-0.069388997724139,0.7774627937925143,-0.2752752752752751,0.0201049641626049,-1.4564564564564562,0.498998998998999,1.0,0.5647698142409464,0.4816276172946357,0.1485843323374657,0.002133870584963,0.0513976726938429,24.086593187061546,0.4813697334165866,0.909128386000093,41.61135682782586,0.98597479256847,0.3578865570711678,-3.3492906127755786
BBOB_F16,16,0,2,0,,,,,,,,,,1.4317987124286056,2.8003567547542207,3.0,0.1470606407918803,0.5750849472171348,-0.4313186478148179,0.8259192491242584,0.4254254254254251,0.2015135733815558,-0.4154154154154152,0.5645645645645646,1.0,0.3378355850741396,-0.0008200204856165,0.1903585231275041,1.1790074184224516e-05,0.0006900656287214,58.52937122692818,-0.0007675372384352,-0.0008748219298344,1.0176123889651048,-0.0001006251620558,1.0334297394568095,0.1743709211872639
BBOB_F3,3,5,2,0,0.103,0.0665,1.5488721804511278,0.2575,0.0975,2.6410256410256414,0.2755,0.0995,2.768844221105528,0.6549100878775616,-0.6787356921300685,1.0,0.4558506953102163,0.6776152371920607,-0.1085566260182332,0.8297067172568879,-0.2552552552552551,0.0920373199661822,-0.9159159159159156,0.527027027027027,1.0,0.5223237090641029,0.321267384847415,0.3407112670989293,0.016608715085597,0.0448168264880836,2.6983921547879577,0.3209300181791581,0.9538628836804368,11.829038555653533,0.985815467382449,0.3158093981284201,-3.5687668361924274
BBOB_F18,18,0,2,0,0.127,0.0424999999999999,2.9882352941176475,0.053,0.0525,1.0095238095238095,0.0799999999999999,0.0765,1.045751633986928,3.45501675059063,15.909861739567226,6.0,0.3669923826387687,0.6218664065223997,-0.1709261138739239,0.7043948676282757,0.4054054054054052,0.0072922720587283,-1.376376376376376,0.6561561561561562,0.6666666666666666,0.5688187123667303,,,,,,,,,,0.3726985557016171,-3.272030607529267
BBOB_F1,1,7,2,2,0.1,0.086,1.162790697674419,0.25,0.1605,1.557632398753894,0.462,0.0725,6.372413793103448,0.4683001214384852,-0.3961250395360629,1.0,0.7724215718636989,0.7568921434362924,-0.1233746688004439,0.7024998368340776,-0.6156156156156153,0.0505479682119124,-1.1361361361361362,0.3458458458458458,1.0,0.3771392134160167,0.0163608058812431,0.3269218144768705,0.0029656815349662,0.0090079722201765,3.037403751539013,0.0158683648732506,1.0,1.0000000000000009,1.0,0.1403192877153706,-4.4841306023836935
BBOB_F3,3,4,2,2,0.1095,0.063,1.7380952380952377,0.21,0.1015,2.0689655172413794,0.011,0.0104999999999999,1.0476190476190477,2.039494770378074,3.291836155068098,1.0,0.4753840744831474,0.6973040685951131,-0.0577384909454084,0.7235519612673367,-0.3153153153153152,0.0087688560945874,-1.8568568568568569,0.4729729729729729,0.6666666666666666,0.5867652141275237,0.5776644819086751,0.1436689975345291,0.0010698720035241,0.0610161802964658,57.031289813622976,0.5774537626271947,0.9045267297320986,114.12799692578288,0.9847431348522132,0.3194096591342478,-3.549987723991693
BBOB_F23,23,4,10,0,0.1,0.1,1.0,0.25,0.25,1.0,0.4986,0.5033000000000001,0.990661633220743,0.4825447419261265,-0.1631940157421851,1.0,0.5886414064735295,0.8814144550038623,-0.5776256258073839,0.8696670799416655,-0.7957957957957954,0.0241759407916913,-1.376376376376376,0.6687337467493498,0.9090909090909092,0.0930335738203444,-0.0004448452958984,0.3694651071346506,7.148796234431325e-05,0.0007734830030614,10.819765701756474,-0.0014044917258679,-0.0005550520691972,41.75446411748671,-0.0028700430376986,1.0011334683291202,0.0143674994852212
BBOB_F12,12,9,2,0,0.1,0.0615,1.6260162601626018,0.334,0.093,3.591397849462366,0.2205,0.1155,1.909090909090909,6.524249845796524,59.52691648348472,9.0,0.4147481942256567,0.7366030007303669,-0.0759032920017691,0.5653721196618959,-0.6956956956956954,0.0055302242561929,-2.117117117117117,0.3233233233233233,1.0,0.4169364005185125,0.0620880091946287,0.0385369632076604,0.0014440389387189,0.0059448238578667,4.116803015810889,0.1932625419483401,0.3419544384873419,2.586483353635234,0.784515020539577,0.6071064118802761,-2.049349411697262
BBOB_F2,2,3,2,3,0.1,0.012,8.333333333333334,0.0394999999999999,0.0174999999999999,2.257142857142857,0.0005,0.0005,1.0,0.8640870597333834,-0.3987728115600752,1.0,0.4055800221545731,0.737276668206327,-0.0587107508693155,0.5768191985680184,-0.5755755755755754,0.0333828586473176,-1.356356356356356,0.3293293293293293,0.6666666666666666,0.6473880815313638,0.8875576271828564,0.2762202394106648,1.85839013663798e-05,0.0919911247951343,4950.043749239639,0.8875015117234308,0.9977691274450224,2518.722817424278,0.998126084110714,0.6402514177306142,-1.876463672927216
BBOB_F5,5,3,10,0,0.0336,0.0157,2.1401273885350323,0.0095,0.0228999999999999,0.4148471615720525,0.0168,0.0177,0.9491525423728812,-0.0014728093052523,-0.3029414340113936,1.0,0.7785537597596687,0.9140078588264456,-0.3342773062095753,0.8220925308742894,-1.396396396396396,0.0076362982612822,-1.9369369369369367,0.5109021804360873,0.8181818181818182,0.1817785156327148,1.0,0.4933411534657755,0.0033141259107117,0.0331412591071178,9.999999999999986,1.0,1.0,62.98089991991817,1.0,0.8212166635843319,-2.2662031465072143
BBOB_F9,9,6,10,0,0.1,0.0930999999999999,1.0741138560687435,0.25,0.1878,1.331203407880724,0.4227999999999999,0.1878,2.2513312034078807,2.0707513865305303,8.11006619420955,5.0,0.931252371458556,0.9333537032953804,-0.4407540327590369,0.8252836292970338,-1.2362362362362362,0.0050431594871713,-1.9769769769769767,0.5684136827365474,0.9090909090909092,0.1122867327339098,0.0543029110638425,0.1157042858715203,1.980912247761924e-05,0.0047793458499509,241.26994294425515,0.181491457954098,0.5623849797046223,1.4155343185816258,0.7344365509029505,0.6933868965103094,-3.886534359517547
BBOB_F1,1,5,2,2,0.104,0.0325,3.2,0.1745,0.0809999999999999,2.154320987654321,0.1145,0.0985,1.1624365482233503,0.7167709360707184,-0.4738362321926064,1.0,0.7690569645689403,0.7548364441576721,-0.0705747262840053,,,,,,0.6666666666666666,0.6319737387747439,0.8019822454147366,0.2928558580295243,0.0123916991377785,0.0702862818691813,5.672045543366992,0.8018831114403571,1.0,1.0000000000000016,1.0,0.1408153535476815,-4.481543102225
BBOB_F9,9,8,10,0,0.1,0.0906999999999999,1.1025358324145538,0.25,0.1895,1.3192612137203166,0.4288,0.1945,2.2046272493573267,1.9796881871131704,8.173276709753027,3.0,0.9291918795589242,0.933521622161983,-0.447397788791506,0.8237902915361335,-1.296296296296296,0.004391800892596,-2.037037037037037,0.5721144228845769,0.9090909090909092,0.1098272605673612,0.0423105403528153,0.1019802820422932,1.22154177300213e-05,0.0026890837550842,220.13850156555844,0.1634858376169985,0.5622145876887961,1.4015094381004811,0.7258702909013683,0.7083323726851432,-3.697090053283599
BBOB_F17,17,4,10,0,0.092,0.0752,1.2234042553191489,0.1785999999999999,0.1415,1.262190812720848,0.2347999999999999,0.1882,1.2476089266737511,4.189350784259042,28.521305067057032,4.0,0.8056334604857617,0.9155089179238252,-0.2766200333461543,0.8169299266869358,-1.256256256256256,0.002412028207618,-2.357357357357357,0.5894178835767153,0.9090909090909092,0.1472333925256257,,,,,,,,,,0.7356598561557797,-3.350695191945432
BBOB_F20,20,9,10,0,0.1091,0.0672,1.6235119047619049,0.1858,0.1084,1.714022140221402,0.1767999999999999,0.1191,1.484466834592779,1.1808944413471931,1.5573931864331598,2.0,0.909955479923672,0.9307238631791293,-0.3547541193279226,0.8159761534478904,-1.1761761761761762,0.0072922720587283,-1.896896896896897,0.5476095219043808,0.9090909090909092,0.165359786928548,0.6683246617776298,0.2167263640055788,0.0001802274124594,0.0248857336756759,138.0796258242476,0.7415789199139273,0.9196991427484068,31.928841311281253,0.998661972627666,0.7003588643367238,-3.798159817782668
BBOB_F2,2,9,2,4,0.1,0.0669999999999999,1.492537313432836,0.25,0.113,2.2123893805309733,0.4945,0.0645,7.666666666666665,0.6389580777571676,-0.8693064761450122,2.0,0.390200062713736,0.7365136205236091,-0.1048901634674794,0.6063623210029352,-0.4554554554554552,0.0920373199661822,-0.9759759759759756,0.3263263263263263,1.0,0.357119076563244,0.0040934201528528,0.3333208114178385,6.811155627049279e-05,0.007329040028678,107.60347333089992,0.003594958479701,0.9984268256116958,14324.8171743414,0.9984352706631668,0.6576512269029281,-1.7857055395059596
BBOB_F9,9,3,10,0,0.1,0.0919,1.0881392818280742,0.25,0.1884999999999999,1.3262599469496024,0.4204999999999999,0.1888,2.227224576271186,1.9159487916264144,6.272609691553814,2.0,0.9354905420722142,0.9332628739563524,-0.441809456408356,0.8155303211553881,-1.1761761761761762,0.0057911226476417,-1.916916916916917,0.5659131826365273,0.9090909090909092,0.1106481224905105,0.0459145011333885,0.1312273736063267,0.0002005005606584,0.005034199730907,25.108157874350447,0.1594148451545471,0.5480771531609749,1.516767547809775,0.6966174031511327,0.6908224683561509,-3.919040270126766
BBOB_F2,2,5,2,2,0.1,0.0115,8.695652173913045,0.0445,0.001,44.5,0.0005,0.0005,1.0,0.7051569896968048,-0.9599236634690452,2.0,0.2622009366650898,0.7289130639635922,-0.0508211809621445,0.5363918917864848,-0.6156156156156153,0.0482707096560318,-1.256256256256256,0.3178178178178178,0.6666666666666666,0.6502184982064432,0.9036472641959444,0.330428665197276,1.8429311522566924e-05,0.1092649234510054,5928.866269215165,0.903599045119718,0.9943123396131672,1301.0439180648568,0.9955653662709522,0.6325260500025945,-1.9167595145680256
BBOB_F8,8,3,2,0,0.1,0.1,1.0,0.296,0.2135,1.3864168618266977,0.178,0.1639999999999999,1.0853658536585369,2.129500866820063,3.8074279056023457,1.0,0.3770957411263199,0.7243410383354008,-0.0673491811156989,0.5832923883764768,-0.4154154154154152,0.0019155005555735,-2.057057057057057,0.3668668668668668,0.6666666666666666,0.5767029675920156,0.5329275203365045,0.1095930742534868,0.0078831501410874,0.0487127284305162,6.179348047251174,0.5490003711136066,0.8781914300754401,37.680427398219535,0.9894389491627076,0.5747050439640257,-2.218356303856368
BBOB_F3,3,5,10,0,0.1022,0.073,1.4,0.2135,0.1363,1.566397652237711,0.2519,0.1701999999999999,1.4800235017626326,0.9617202961483144,0.7909669924764255,1.0,0.9084439172960532,0.9295367338795332,-0.4421686804875769,0.829974064997831,-1.036036036036036,0.0091825428356562,-1.7567567567567566,0.5668133626725345,0.9090909090909092,0.1545699605403146,0.4905454539129692,0.2929338365681712,0.0013624560451953,0.0314581868129278,23.089322348316184,0.488351460894282,0.9312854630497028,21.51443843985126,0.9855324665742076,0.6752954490231825,-4.115856040397668
BBOB_F1,1,9,2,1,0.1125,0.0414999999999999,2.7108433734939763,0.1455,0.0834999999999999,1.7425149700598803,0.146,0.0875,1.6685714285714293,0.761444397386125,-0.1282570208636371,1.0,0.7649500044970404,0.7542255413692402,-0.0727162302622876,0.6805609512136868,-0.7757757757757754,0.0241759407916913,-1.376376376376376,0.3678678678678678,0.6666666666666666,0.62403653897956,0.7590984836828416,0.2672160014523527,0.0334567520494487,0.0543370503398692,1.6240981868042546,0.758977880735916,1.0,1.0000000000000018,1.0,0.1400651094738035,-4.4854564067377805
BBOB_F4,4,9,2,0,0.1075,0.0525,2.0476190476190474,0.0955,0.04,2.3875,0.1535,0.0829999999999999,1.849397590361446,1.3754710186106276,1.4134765838644148,1.0,0.5288492572835689,0.7062425272248525,-0.0697270970753862,0.7734318524379737,-0.4754754754754753,0.0167194975973199,-1.5165165165165162,0.4784784784784784,0.6666666666666666,0.5964765225867509,0.6239241381703835,0.1929013794013816,0.0289974988215452,0.0439537916252504,1.5157787192525918,0.6237370735119787,0.9311540930403758,3.668111938914128,0.9937044757163696,0.2616146363943541,-3.851448983305853
BBOB_F8,8,4,10,0,0.0915999999999999,0.0662,1.3836858006042292,0.1882,0.1266,1.486571879936809,0.2302,0.1659999999999999,1.3867469879518075,0.7537596640905888,0.3424876082687933,2.0,0.9082890250216616,0.9294851896630232,-0.4492344057735823,0.8292123369000173,-1.076076076076076,0.0121082975023203,-1.6966966966966963,0.579615923184637,0.9090909090909092,0.1581902304877839,0.5461042939848315,0.2699668325723399,0.0012846501414541,0.0290795119006462,22.63613334267843,0.5573878526968783,0.9083262965289398,93.86535450401443,0.9936269105804888,0.6733834500443678,-4.14009195739518
BBOB_F2,2,4,2,0,0.1,0.0394999999999999,2.5316455696202538,0.3299999999999999,0.0475,6.947368421052631,0.0045,0.0085,0.5294117647058822,1.190554444520604,0.2352551072105408,2.0,0.4862673368687326,0.7437438422965659,-0.06363738251778,0.556517065157964,-0.5355355355355353,0.038333951017666,-1.316316316316316,0.3148148148148148,0.6666666666666666,0.6220936129282296,0.7501916251743749,0.2431421938931958,4.80721782749183e-05,0.0839476822171461,1746.2841341838246,0.7500667215014707,0.997280110178379,2977.035515839864,0.9989368484625368,0.6300587447937555,-1.9296290818786312
BBOB_F20,20,3,2,0,0.1,0.072,1.388888888888889,0.3655,0.097,3.768041237113402,0.1305,0.1075,1.2139534883720928,1.5209416209379585,1.5486403105671886,1.0,0.4146798658555607,0.7315098617027682,-0.0636822740351925,0.5113611896433372,-0.6356356356356354,0.0201049641626049,-1.5165165165165162,0.3368368368368368,0.6666666666666666,0.5999351572497322,0.6399391412704039,0.1634661418997766,0.0154211968038273,0.0573636311506782,3.719791134267943,0.7250971183141339,0.909894975958821,10.950527937250936,0.9990930328944124,0.4000786412899487,-3.129214934305377
BBOB_F17,17,3,10,0,0.0924,0.0751,1.2303595206391478,0.1421,0.1182999999999999,1.2011834319526629,0.1301,0.1145,1.136244541484716,2.1055751792342337,6.4250382564021,5.0,0.7967003407065736,0.914358958210692,-0.3127575032900677,0.8049187481893184,-1.2362362362362362,0.0034877274748141,-2.1371371371371373,0.5761152230446089,0.9090909090909092,0.1633169164027772,0.6335814695151099,0.1164630362263122,0.000238412570661,0.0150802862217585,63.25289887165917,0.8036493178445463,0.6799693835444462,3.222212139006829,0.8614817157091424,0.7508225107448637,-3.158497998246718
BBOB_F3,3,3,10,5,0.0673999999999999,0.0374,1.8021390374331543,0.1278,0.0794,1.6095717884130982,0.153,0.1086,1.4088397790055247,0.954898951160814,0.2903537855015576,2.0,0.8798103730160637,0.9262669398115808,-0.3565321626472432,0.7811268621117523,-1.076076076076076,0.0069637447306282,-1.8168168168168168,0.5358071614322865,0.9090909090909092,0.1669309340094567,0.699099648599641,0.235892780464796,1.2664060307581262e-05,0.043011814729168,3396.368438281936,0.6977641720746179,0.9586677685016955,97.56028293598712,0.9892790267258144,0.7242306715692984,-3.4955680564481746
BBOB_F2,2,9,10,3,0.1093,0.0548999999999999,1.9908925318761383,0.2343,0.0979,2.393258426966292,0.1820999999999999,0.1273,1.430479183032207,1.1671624943122043,0.5271952924788903,1.0,0.8089280694840091,0.9191217902141832,-0.3407834955821566,0.8095571074780346,-0.9759759759759756,0.009615746001432,-1.7167167167167163,0.5551110222044409,0.9090909090909092,0.1627040930853701,0.6234357470861417,0.2526744894426019,2.4284364778062208e-06,0.0563889315375144,23220.2621122108,0.6217727686605152,0.9975894190280165,36654.755671644685,0.9985629034440012,0.825976346749711,-2.205870851663576
BBOB_F12,12,4,2,0,0.1,0.101,0.99009900990099,0.25,0.1109999999999999,2.2522522522522523,0.354,0.1005,3.522388059701492,1.3708306739451317,1.825418069746192,1.0,0.2749646923248802,0.7256919081482444,-0.0911915284492494,0.6155974757871369,-0.6156156156156153,0.0230867799418716,-1.356356356356356,0.3448448448448448,1.0,0.4818481822974971,0.1973817789480326,0.1676722642439819,0.0084049636111282,0.0255394065512187,3.038610008662561,0.4303230661685571,0.7447326212937662,7.08770878510017,0.993525620730316,0.7220676508183629,-1.4497067743275602
BBOB_F1,1,5,10,1,0.0802,0.0519,1.5452793834296723,0.1394,0.0935999999999999,1.4893162393162398,0.1669999999999999,0.1273,1.3118617439120184,0.346773783402529,-0.0197921610328757,2.0,0.9441306070766292,0.934730800181298,-0.4102434890935967,0.8300047042309653,-1.276276276276276,0.0091825428356562,-1.836836836836837,0.5354070814162832,0.9090909090909092,0.1694770481815452,0.7467926589679259,0.3801215458812384,0.0006329749987325,0.0222056869159497,35.08145971075147,0.7456732705456823,1.0,1.000000000000042,1.0,0.647892302556627,-4.463209982838491
BBOB_F15,15,5,2,0,0.1,0.1,1.0,0.25,0.143,1.748251748251748,0.4515,0.0955,4.727748691099477,3.295518139641578,13.214350240178842,5.0,0.3960897537348503,0.6653258894287638,-0.0692465139706193,0.8173713255466921,-0.5155155155155153,0.0201049641626049,-1.5365365365365364,0.5255255255255256,1.0,0.4887763354515031,0.2172017579336222,0.0872389951741338,0.0104349544303491,0.0166261038766646,1.5933087190404092,0.5052086541836622,0.5675360648170434,3.841525211994903,0.9719011574952144,0.3779450047178935,-3.244664909716633
BBOB_F1,1,3,2,7,0.1,0.033,3.0303030303030303,0.1755,0.075,2.339999999999999,0.096,0.087,1.1034482758620692,0.7014925920161403,-0.5513964276634358,1.0,0.7807343247543591,0.7582593008365843,-0.0708865367599614,0.6719825772173902,-0.7757757757757754,0.0349577557436327,-1.316316316316316,0.3398398398398398,0.6666666666666666,0.6338744887956186,0.8128918667237119,0.3037326743510375,0.0040104345653267,0.0741410609867438,18.487039192148803,0.8127981944521055,1.0,1.0000000000000004,1.0,0.1405026167015986,-4.483174350712926
BBOB_F5,5,7,2,0,0.063,0.009,7.000000000000002,0.044,0.009,4.888888888888888,0.0075,0.0075,1.0,-0.0009530127956831,-1.1785813986402067,4.0,0.6687988648989492,0.7507053572889755,-0.0598151035198644,0.7314492747499096,-1.016016016016016,0.0554298551568466,-1.2162162162162162,0.3208208208208208,0.6666666666666666,0.666723101180251,1.0,0.4993122260312971,0.009263157100836,0.0926315710083606,10.00000000000004,1.0,1.0,27.428571428571427,1.0,0.3419536383686913,-3.4323973840665123
BBOB_F17,17,6,10,0,0.0892999999999999,0.0723999999999999,1.2334254143646408,0.1704,0.1285,1.3260700389105058,0.2054,0.1461999999999999,1.4049247606019155,6.161400304526827,69.04092919362166,5.0,0.8139274128261825,0.9176052500841472,-0.2339235620510449,0.7794552794398815,-1.4764764764764762,0.0009161402457138,-2.7177177177177176,0.5636127225445089,0.9090909090909092,0.1445332733658607,0.3472737230112251,0.0325571459278044,0.0004683729944042,0.0054772446952384,11.694194073263136,0.6453303761717634,0.4034787377179921,6.463070642098109,0.7471477094518931,0.7437426309345444,-3.248240399438602
BBOB_F9,9,5,10,0,0.1,0.0939,1.064962726304579,0.25,0.1904,1.3130252100840336,0.4215,0.1926999999999999,2.187337830825117,1.8869067012682,6.086436077675536,4.0,0.9357534201330376,0.9336239392197664,-0.4454001393406953,0.8157512525150538,-1.1761761761761762,0.0057911226476417,-1.916916916916917,0.5708141628325665,0.9090909090909092,0.1106170292489784,0.0460519726572468,0.1335554194486367,0.0004725801510731,0.0051836814651297,10.968893749257422,0.1617290277916026,0.5655578153983352,1.678782645852643,0.7198615100651123,0.682147199798464,-4.029005333406021
BBOB_F3,3,3,10,7,0.0673999999999999,0.0374,1.8021390374331543,0.1278,0.0794,1.6095717884130982,0.153,0.1086,1.4088397790055247,0.954898951160814,0.2903537855015576,2.0,0.8798103730160637,0.9262669398115808,-0.3565321626472432,0.7769317011944427,-1.076076076076076,0.0066500180304311,-1.836836836836837,0.5382076415283057,0.9090909090909092,0.1669309340094569,0.699099648599641,0.235892780464796,1.2664060307581262e-05,0.043011814729168,3396.368438281936,0.6977641720746179,0.9586677685016955,97.56028293598712,0.9892790267258144,0.7242306715692984,-3.4955680564481746
BBOB_F2,2,0,10,0,0.0979,0.0385,2.5428571428571427,0.0814999999999999,0.0366,2.2267759562841523,0.0220999999999999,0.0212999999999999,1.0375586854460097,0.8181655289845317,-0.6860036483160941,2.0,0.7994352175836019,0.9187503244895232,-0.2883700817575677,0.7425701537282852,-0.9759759759759756,0.0055302242561929,-1.7367367367367363,0.5297059411882377,0.8181818181818182,0.1758101384065824,0.8720141933925512,0.3057647058513442,8.603613683478423e-06,0.0911375816166297,10592.942101949771,0.8714453400836213,0.996810681054274,296049.23873527674,0.996884170083874,0.8575406521038749,-1.8057713259191173
BBOB_F1,1,6,10,9,0.0789999999999999,0.0513,1.539961013645224,0.1447999999999999,0.0999,1.4494494494494492,0.1646,0.1234,1.33387358184765,0.3419983201124051,-0.0258010460826141,2.0,0.9458568421321416,0.9353639179775972,-0.4138228807340014,0.8350804781179864,-1.356356356356356,0.0076362982612822,-1.896896896896897,0.5423084616923385,0.9090909090909092,0.169112030630547,0.740063309258458,0.3236225462867008,0.0003422488834337,0.017719959793276,51.77506969633633,0.7389141714769609,1.0,1.0000000000000229,1.0,0.6518099339622345,-4.413551279761142
BBOB_F13,13,2,10,0,0.0764999999999999,0.0433999999999999,1.7626728110599077,0.1142,0.07,1.631428571428571,0.1152,0.0823999999999999,1.3980582524271847,0.2068996994263292,-0.1832090669971546,1.0,0.8962244504757251,0.9283827639659548,-0.3760208732540837,0.8280366405057347,-1.356356356356356,0.0079965545258923,-1.8768768768768769,0.5207041408281656,0.8181818181818182,0.1745197501529641,0.8458763336128534,0.4461432668514237,0.0014848624247157,0.0280597922118434,18.89723367282027,0.9138760908699198,0.9221732829798256,2.1029552242218768,0.996005554209808,0.7102297916191976,-3.673038948494956
BBOB_F23,23,0,10,0,0.1,0.1,1.0,0.25,0.25,1.0,0.5013,0.4999,1.0028005601120222,0.4915258340193704,-0.1380201972092556,1.0,0.5873828903381306,0.8810587719639439,-0.5857570739849158,0.8710602770411273,-0.7957957957957954,0.0241759407916913,-1.376376376376376,0.6755351070214043,0.9090909090909092,0.0938690213496429,4.993734324987287e-05,0.3663607996996505,3.150852118042261e-05,0.0014580237993043,46.27395208285028,-0.0008377938649315,-8.108829749753355e-05,85.26162770897194,-0.0004554633163409,1.0075831929106822,0.0961222448316121
BBOB_F6,6,8,2,0,0.1,0.0545,1.8348623853211008,0.2775,0.1275,2.1764705882352944,0.3795,0.071,5.34507042253521,2.809320349518026,8.322287182514037,5.0,0.7420586496284888,0.7518671229350229,-0.0634152614431696,0.6338446741997291,-0.4554554554554552,4.793808495089107e-05,-3.798798798798799,0.3598598598598598,1.0,0.5573426094684032,0.4503484533835812,0.0669349798260818,0.0145238403188672,0.0316117927248025,2.1765450480571,0.5681552904028857,0.7134720360302341,3.4148526727477635,0.9787341210708356,0.203091538577246,-4.156707912717664
BBOB_F2,2,0,2,3,0.1,0.064,1.5625,0.25,0.1075,2.325581395348837,0.3195,0.0685,4.664233576642335,1.01189384515503,0.1154605607927345,1.0,0.4246739545900912,0.7398324714916958,-0.0962656231280277,0.604265539391911,-0.4954954954954953,0.0697981390783066,-1.056056056056056,0.3248248248248248,1.0,0.5057686030485119,0.266872040612924,0.2649688160385285,6.5261821999825e-05,0.0459722518696254,704.4279558996785,0.2665056833584353,0.9989202795670356,56865.64136915885,0.9989349949886152,0.6380569711796552,-1.8879099980498304
BBOB_F12,12,2,2,0,0.0375,0.008,4.6875,0.0145,0.0204999999999999,0.7073170731707319,0.036,0.0365,0.9863013698630136,4.859214186377439,28.907794898899155,4.0,0.5328420455843921,0.7441607538806592,-0.0498791732297565,0.5017575655705722,-0.5755755755755754,9.571521538991856e-05,-2.977977977977978,0.3473473473473473,1.0,0.5299970313595098,0.3466628710640206,0.034547525335739,0.0121884586943853,0.0154407422515679,1.266833045812492,0.5637414004314265,0.495983196640975,1.8791455733901847,0.940969962329334,0.3189357312131965,-3.552459751878025
BBOB_F1,1,8,2,6,0.1275,0.0355,3.5915492957746484,0.102,0.0545,1.8715596330275228,0.1425,0.0824999999999999,1.7272727272727275,0.7269312736312639,-0.1213859971582604,1.0,0.768834995153707,0.7534473675485805,-0.0711831766428276,0.6670168237577767,-0.7757757757757754,0.0191992066559328,-1.396396396396396,0.3488488488488488,0.6666666666666666,0.6306998956261153,,,,,,,,,,0.1388923265685892,-4.491573691492545
BBOB_F2,2,4,10,7,0.1,0.0517,1.9342359767891684,0.2612,0.0977,2.673490276356193,0.3151,0.1271,2.479150275373722,0.5205376192803268,-0.4439484324066591,2.0,0.8035581960237396,0.9186432393102786,-0.4250468733467267,0.8250663718934966,-0.9959959959959956,0.0126795284678643,-1.5565565565565564,0.5661132226445289,0.9090909090909092,0.1394883004215569,0.2846300568235939,0.3260597949483193,4.904683895323638e-06,0.0382377593662252,7796.172022968279,0.2814576541383691,0.9979017808390972,211559.73413579207,0.9979568690255206,0.8479144854753035,-1.9277896836689248
BBOB_F18,18,0,10,0,0.0988,0.0802,1.231920199501247,0.1752999999999999,0.1353,1.2956393200295635,0.181,0.135,1.3407407407407406,3.7463330231292606,21.500579107355147,5.0,0.8242407116119252,0.9185919676813872,-0.2612973610350961,0.7767382335298298,-1.256256256256256,0.0018292045048462,-2.417417417417417,0.5628125625125024,0.9090909090909092,0.1530820771275564,0.467277250827055,0.0643006808354399,0.0009467843310817,0.009334921112565,9.859606677160652,0.7098475204366022,0.5564640552296732,14.183014303594735,0.8531412097161474,0.7558394288410831,-3.094905071728176
BBOB_F21,21,0,2,0,0.1,0.1,1.0,0.25,0.25,1.0,0.4885,0.4674999999999999,1.044919786096257,1.7280464430517957,4.0603753482137455,2.0,0.2223125734363423,0.6601653413265199,-0.2836521759127258,,,,,,1.0,0.3526479774657656,0.0023204337898639,0.2035040589726706,0.0012730324381675,0.002867538204683,2.252525637768233,0.0018239801300198,0.045588194504324,2.9723509811928666,0.1663740854699967,0.3464680782465192,-3.4088498765797013
BBOB_F8,8,1,10,0,0.0948,0.0676,1.4023668639053248,0.1891,0.1326999999999999,1.425018839487566,0.2228,0.1629,1.3677102516881523,0.9077349112296564,0.4677956957514224,2.0,0.9167231354907238,0.930932387113818,-0.4326860953043187,0.8288944254345144,-1.056056056056056,0.0100693863147602,-1.7367367367367363,0.5656131226245249,0.9090909090909092,0.1590566924210985,0.5610333011032795,0.2488085945509951,0.0015917333502749,0.0352686160878475,22.157364537066407,0.570346324894919,0.917870693681847,100.61530071694234,0.9933010347859716,0.674879093369927,-4.121133637909775
BBOB_F1,1,2,10,3,0.0665999999999999,0.0423999999999999,1.5707547169811322,0.1072999999999999,0.0781999999999999,1.3721227621483376,0.1271,0.1021,1.2448579823702253,0.2988421400884995,-0.064778980086543,2.0,0.9304465021453292,0.932938273182003,-0.3919737945103332,,,,,,0.8181818181818182,0.1743650103848261,0.8424592138260633,0.3788562522216504,0.0028504018348171,0.0184841537646807,6.48475367188593,0.8417627516644393,1.0,1.000000000000041,1.0,0.6726658417673235,-4.149188141457975
BBOB_F19,19,1,2,0,0.1,0.1,1.0,0.25,0.2704999999999999,0.924214417744917,0.3815,0.1385,2.754512635379061,3.1811407314941724,12.045603826013524,5.0,0.3084527031984174,0.633527571356993,-0.0919262489690533,0.8602048690953545,-0.3353353353353351,0.036606951475969,-1.1561561561561562,0.5830830830830831,1.0,0.432649181227517,0.0881281254393211,0.079485866221438,0.0059402901186975,0.0114545665261919,1.9282840227176283,0.5246339071858983,0.4184477962991456,1.7626404957554138,0.93386011836235,0.5253771755257044,-2.475652531692871
BBOB_F3,3,2,2,8,0.1,0.0865,1.1560693641618498,0.2885,0.1295,2.227799227799228,0.258,0.1129999999999999,2.283185840707965,2.079071309700508,3.5670250758663986,1.0,0.4130756942549872,0.6857206287561284,-0.069388997724139,0.7765590698785655,-0.2752752752752751,0.0220466873523941,-1.4564564564564562,0.5025025025025025,1.0,0.5647698142409465,0.4816276172946357,0.1485843323374657,0.002133870584963,0.0513976726938429,24.086593187061546,0.4813697334165866,0.909128386000093,41.61135682782586,0.98597479256847,0.3578865570711678,-3.3492906127755786
BBOB_F2,2,9,2,3,0.1,0.0669999999999999,1.492537313432836,0.25,0.113,2.2123893805309733,0.4945,0.0645,7.666666666666665,0.6389580777571676,-0.8693064761450122,2.0,0.390200062713736,0.7365136205236091,-0.1048901634674794,0.6037574960980708,-0.4554554554554552,0.1009262190987048,-0.9559559559559556,0.3228228228228228,1.0,0.3571190765632441,0.0040934201528528,0.3333208114178385,6.811155627049279e-05,0.007329040028678,107.60347333089992,0.003594958479701,0.9984268256116958,14324.8171743414,0.9984352706631668,0.6576512269029281,-1.7857055395059596
BBOB_F3,3,2,10,8,0.0945999999999999,0.0558,1.6953405017921144,0.1443,0.1031,1.399612027158099,0.0523,0.0497,1.0523138832997987,1.3146550894403477,0.316920399285002,2.0,0.8853972860013821,0.9269130994554896,-0.2834577318694944,0.7374026006641256,-0.8758758758758756,0.0030372635797033,-1.956956956956957,0.5318063612722544,0.9090909090909092,0.1681425746185066,0.7215348392520307,0.2360978732308534,3.057958918311634e-05,0.0792076484533725,2590.212967841464,0.7203006595862445,0.9740263702093984,186.11504862872204,0.9923972021383124,0.7049828596837256,-3.7395474604181818
BBOB_F3,3,8,2,0,0.1,0.0905,1.1049723756906078,0.259,0.1279999999999999,2.0234375000000004,0.2585,0.1085,2.382488479262673,2.0762394812707226,3.5429646656074185,1.0,0.4603633876146076,0.6891595610783066,-0.0710194626298144,0.7690518545601,-0.2752752752752751,0.0201049641626049,-1.436436436436436,0.4809809809809809,1.0,0.5635174483976086,0.4762731004967758,0.1509846554276039,0.0016508242994627,0.0514936624471058,31.19269716581247,0.4760128745684436,0.9092635892105136,39.93961912161677,0.9861241737918786,0.3756357326845246,-3.25671016936488
BBOB_F19,19,7,2,0,0.1,0.1,1.0,0.25,0.255,0.9803921568627452,0.3874999999999999,0.115,3.369565217391303,2.723447318379577,8.92895730207288,3.0,0.3147821246418558,0.6313683970145147,-0.1238326545806916,0.865528055779677,-0.175175175175175,0.0697981390783066,-0.9359359359359356,0.6171171171171171,1.0,0.4893082003436799,0.2176117281169717,0.1088851928153137,0.0136111630092128,0.0181161146528325,1.3309747771421483,0.3510920400832141,0.711282486614591,9.636726811119289,0.92862018077291,0.5144741675874132,-2.532523077763628
BBOB_F4,4,8,10,0,0.1014,0.0739,1.3721244925575102,0.1994,0.1475,1.351864406779661,0.2149,0.1709,1.2574605032182564,1.298042321377359,1.0530818988103317,2.0,0.8821193079429098,0.9254253170299036,-0.3896504937990026,0.7920428719010626,-0.9959959959959956,0.0063504251685959,-1.7567567567567566,0.580616123224645,0.9090909090909092,0.1599034520264368,0.5755335718191574,0.2319335634523347,0.0003473829449038,0.0439174088392922,126.42361832543476,0.5737275702178121,0.9136187611641852,61.63254451412396,0.976131348016022,0.6952102690782808,-3.8634218439238985
BBOB_F24,24,3,10,0,0.1003,0.0875,1.1462857142857146,0.2281,0.1766,1.2916194790486977,0.3284,0.1566999999999999,2.0957243139757504,0.2204760812990816,-0.1127611318420553,2.0,0.9164005303934334,0.9301388775385898,-0.5368700887777776,0.8512736770746945,-1.1161161161161162,0.0121082975023203,-1.6766766766766763,0.587117423484697,0.9090909090909092,0.1279751433359633,0.1648807374057912,0.4209975293846767,0.0061962316310164,0.0064926178214856,1.0478332974167033,0.3030957787261531,0.7261705559335458,1.0461715541794596,0.8696911602641932,0.7075601045035363,-3.706879089656853
BBOB_F1,1,4,2,9,0.1,0.0784999999999999,1.2738853503184715,0.2805000000000001,0.1305,2.149425287356322,0.284,0.16,1.775,0.7911627119982504,0.0807121432683906,1.0,0.7659481772868564,0.7559876970341503,-0.1010920081964333,0.6947242776793592,-0.6756756756756753,0.038333951017666,-1.2162162162162162,0.3453453453453453,1.0,0.540746233225989,0.3868747857872667,0.281731214197688,0.0079966144479521,0.0428445433943606,5.357835328090993,0.386567835840256,1.0,1.000000000000001,1.0,0.1402656581302152,-4.484410336546101
BBOB_F2,2,7,2,4,0.1,0.0465,2.1505376344086025,0.4004999999999999,0.066,6.068181818181816,0.072,0.087,0.8275862068965517,1.253892012358477,0.4595664107755852,1.0,0.3016168127037359,0.732200523887074,-0.0689459222231201,0.5828997057725808,-0.5155155155155153,0.0482707096560318,-1.276276276276276,0.3148148148148148,0.6666666666666666,0.6118275760758134,0.6977282542425641,0.2346448674075192,5.109980842596728e-05,0.0777484336895175,1521.5014710311173,0.6975770772112284,0.9970140616598446,2538.881630404386,0.9986479595096168,0.6790923372260574,-1.6738678100150637
BBOB_F9,9,0,10,0,0.1,0.0911999999999999,1.0964912280701755,0.25,0.1915,1.3054830287206267,0.4286,0.1903999999999999,2.2510504201680672,2.021121628614027,6.821106515682011,4.0,0.927271587141446,0.9332981983932054,-0.4356570446976412,,,,,,0.9090909090909092,0.1099681524736262,0.0429759209446471,0.1391061532820036,0.0002301220008515,0.0040576644102914,17.632666130471666,0.1538446919609101,0.5479606850409493,1.5538411882586998,0.6921387718159062,0.6951351590184011,-3.8643739161776463
BBOB_F18,18,4,2,0,0.1,0.074,1.3513513513513515,0.2635,0.1375,1.9163636363636365,0.3695,0.218,1.6949541284403666,3.075434844651079,14.123620165470427,6.0,0.3280605398143236,0.6140036577901483,-0.2884449079012555,0.7952489258506845,0.3853853853853852,0.0730909932860291,-0.6556556556556553,0.6151151151151151,1.0,0.3901445803282029,0.027977999981905,0.0999966003599232,0.0019146635585781,0.0061063728046552,3.189266739473531,0.1258461440366896,0.3928233636922877,12.257682169705488,0.673079665530925,0.4723918804546002,-2.7520260500346483
BBOB_F5,5,4,10,0,0.0316,0.0143,2.2097902097902096,0.0086,0.0223999999999999,0.3839285714285715,0.0150999999999999,0.0149,1.0134228187919463,-0.0031236822186028,-0.3123824293711292,1.0,0.7785070281630121,0.9137394850184014,-0.336288983501133,0.8227876721245138,-1.396396396396396,0.0069637447306282,-1.916916916916917,0.5136027205441088,0.8181818181818182,0.1817684628520577,1.0,0.503906973396746,0.0033984083836997,0.0339840838369977,10.000000000000025,1.0,1.0,7.982228625691078,1.0,0.8128736079397221,-2.371957180033812
BBOB_F24,24,6,10,0,0.1003,0.0891999999999999,1.1244394618834084,0.2283,0.1803,1.2662229617304492,0.3231,0.1551,2.0831721470019344,0.2371987318945441,-0.0917850680375904,2.0,0.9089716588917476,0.9294284345231456,-0.5324355956757072,0.8531357437221962,-1.1161161161161162,0.0121082975023203,-1.6966966966966963,0.5890178035607121,0.9090909090909092,0.1284137452790646,0.1697011998400387,0.4075084098100456,0.0059494360586594,0.0065660907708906,1.1036492713176855,0.3024827952709433,0.7305635841460473,1.028769382055757,0.8697336518189175,0.7037681856866579,-3.754944298229372
BBOB_F19,19,5,10,0,0.1,0.0911999999999999,1.0964912280701755,0.25,0.192,1.3020833333333333,0.4275,0.1858,2.3008611410118407,2.051505010830637,7.702035004933155,6.0,0.9198033438122136,0.9328654256580324,-0.4318211343821204,0.825918959451361,-1.256256256256256,0.0052810797119343,-2.017017017017017,0.5673134626925385,0.9090909090909092,0.1096673723642542,0.0414738287742836,0.118382214482717,6.815243359500163e-06,0.0040072291556952,587.9803470421028,0.1629183752976573,0.5487057288390194,1.5651513270039323,0.7095638711130879,0.7099288282903805,-3.6768538680306495
BBOB_F5,5,8,10,0,0.0324,0.0173,1.8728323699421965,0.0094999999999999,0.0241,0.3941908713692945,0.0173,0.0178,0.9719101123595504,-0.0017697461413677,-0.3091884005573146,2.0,0.7832649363099013,0.9151429432889384,-0.3371437129940456,0.8219938135288396,-1.396396396396396,0.0076362982612822,-1.9369369369369367,0.5123024604920984,0.8181818181818182,0.1817962876965334,1.0,0.4945358406644947,0.0033571392073369,0.0335713920733698,10.000000000000048,1.0,1.0,7.75736370893747,1.0,0.8095544738725616,-2.414029513045822
BBOB_F1,1,0,20,2,0.07965,0.0561,1.4197860962566846,0.14715,0.1044,1.4094827586206895,0.17575,0.1383,1.2707881417208966,0.2414925792592945,-0.0551705246326887,1.0,1.0312380944204578,0.9703140335993068,-0.4698090370746143,,,,,,0.9047619047619048,0.0880839026069661,0.7223289358230384,0.4016801728637434,0.0006488920175338,0.0145082502339537,22.35849701017095,0.7202001326035669,1.0,1.000000000000008,1.0,0.782420638894918,-3.9370977233919824
BBOB_F15,15,7,10,0,0.0701,0.0419999999999999,1.6690476190476191,0.1244,0.0866999999999999,1.434832756632065,0.1639999999999999,0.117,1.4017094017094014,1.7047708664836467,6.18663866435632,3.0,0.8937303464624617,0.9286520406582957,-0.3472318227121589,0.7992069494988354,-1.4564564564564562,0.0026449801824277,-2.2572572572572573,0.5361072214442889,0.9090909090909092,0.1632726760489923,0.6331087575178538,0.1002269486640862,0.0011922468519925,0.0098245685998056,8.240381246036405,0.7782078182068558,0.7513972625116772,4.212914950503599,0.9203628042271566,0.7028603373827619,-3.766451906958952
BBOB_F1,1,2,2,2,0.058,0.0205,2.829268292682927,0.0705,0.0315,2.238095238095237,0.1159999999999999,0.0699999999999999,1.6571428571428573,,,,0.7756427718348486,0.756292364073863,-0.0657412298829084,0.6634619480593752,-0.8158158158158154,0.0290712337727257,-1.396396396396396,0.3518518518518518,0.6666666666666666,0.6456271449489471,0.876152181960645,0.2936891777708413,0.0421967713706397,0.0569412765739766,1.34942259145438,0.8760901798111602,1.0,1.0000000000000024,1.0,0.1400212719534694,-4.485685065079945
BBOB_F11,11,2,2,0,0.1,0.0199999999999999,5.000000000000001,0.11,0.0405,2.716049382716049,0.0275,0.0275,1.0,1.044390983604528,-0.1086529021879529,2.0,0.3983169520698636,0.7311959699083994,-0.0536190175183703,0.6061361218415992,-0.6756756756756753,0.030442722120643,-1.4564564564564562,0.3473473473473473,0.6666666666666666,0.637384788314994,0.8309717536494433,0.2458105763507199,0.0266934714770229,0.0804796879994087,3.014957723602331,0.8858623227056956,0.9395303872693812,13.368041391170165,0.9957355579237118,0.6840141122741129,-1.6481956252194054
BBOB_F16,16,9,2,0,0.1,0.1,1.0,0.25,0.25,1.0,0.4825,0.4845,0.995872033023736,1.39481750308414,2.448386476753055,3.0,0.1792481187190489,0.5862965171823423,-0.397036924463034,0.812045458720581,0.4254254254254251,0.1754867149648152,-0.4154154154154152,0.5535535535535535,1.0,0.3955597487081083,0.0338179926742286,0.1836242773819504,0.0016199179354128,0.0092858711655283,5.732309620463435,0.0333842384802909,0.0358630887308843,60.39936553693008,0.0553597649905387,0.9531141915973032,-0.244558340406761
BBOB_F2,2,7,2,3,0.1,0.0465,2.1505376344086025,0.4004999999999999,0.066,6.068181818181816,0.072,0.087,0.8275862068965517,1.253892012358477,0.4595664107755852,1.0,0.3016168127037359,0.732200523887074,-0.0689459222231201,0.5838140505451336,-0.4954954954954953,0.0420362168384471,-1.296296296296296,0.3283283283283283,0.6666666666666666,0.6118275760758133,0.6977282542425641,0.2346448674075192,5.109980842596728e-05,0.0777484336895175,1521.5014710311173,0.6975770772112284,0.9970140616598446,2538.881630404386,0.9986479595096168,0.6790923372260574,-1.6738678100150637
BBOB_F18,18,1,2,0,0.116,0.0415,2.7951807228915664,0.0705,0.0654999999999999,1.0763358778625955,0.0699999999999999,0.0695,1.0071942446043165,2.5643719024510485,7.531231290968074,3.0,0.3520278612835985,0.6215155153052291,-0.208874840573511,,,,,,0.6666666666666666,0.5757503409346328,0.528732624061049,0.0927766452248973,0.0054570299250159,0.0364294271713333,6.675687630799823,0.5439048297335036,0.7032762253363438,18.35560800272712,0.7499043739292017,0.458128756681543,-2.8264231010355743
BBOB_F22,22,7,10,0,0.1,0.0998,1.0020040080160322,0.252,0.2194999999999999,1.148063781321185,0.3612,0.2633,1.3718192176224842,-3.20880280574208,18.114364183983486,5.0,0.7751830236192577,0.9159516836123014,-0.5854307571939503,0.7568173295316248,-1.1161161161161162,0.0023033628731421,-2.197197197197197,0.5868173634726945,0.9090909090909092,0.1148063627673697,0.0684654796481971,0.9458705041895362,0.0007130849699289,0.0033898714492125,4.753811385970611,0.128354989935017,0.1575127106602595,3.2966666685482187,0.2655484037198122,0.8997282468798465,-1.2710142174456696
BBOB_F21,21,8,10,0,0.1,0.0996,1.0040160642570282,0.2529,0.2375999999999999,1.0643939393939394,0.3966,0.2913,1.361483007209063,-2.093032224795555,8.307631082004734,3.0,0.7745197338594049,0.915872332962545,-0.6223431537031895,0.8311254612910203,-1.016016016016016,0.0066500180304311,-1.8568568568568569,0.5950190038007601,0.9090909090909092,0.1123404842000292,0.0549328344380988,0.8690354137363641,0.0005355373465855,0.0043654925374958,8.151611769616856,0.1102460482989774,0.2440025406487631,1.486091818509797,0.3564235438983316,0.8446848719541903,-1.9687272814914236
BBOB_F2,2,5,10,0,0.0907999999999999,0.0359,2.529247910863509,0.0983,0.0475,2.0694736842105264,0.0387999999999999,0.0362,1.071823204419889,0.9669293777915896,-0.268320584799977,2.0,0.7956925174995387,0.9181809680582964,-0.3002264164367629,0.7703888928818509,-0.9759759759759756,0.0063504251685959,-1.7767767767767764,0.5409081816363273,0.8181818181818182,0.1735237102629307,0.8255637905418376,0.2812920896670975,2.54167395657718e-06,0.0790985294078703,31120.643622752745,0.8247906860498682,0.9982413519502052,57040.48559917655,0.998630444724814,0.8477948957385231,-1.929305566766395
BBOB_F2,2,3,10,4,0.0878999999999999,0.0354,2.4830508474576267,0.0775999999999999,0.0358,2.1675977653631278,0.0294,0.028,1.05,0.8296671022497943,-0.3855765314760639,1.0,0.7956305836927411,0.9179831669934368,-0.30453423582119,0.7421400412946053,-1.036036036036036,0.0072922720587283,-1.7567567567567566,0.5237047409481896,0.8181818181818182,0.1759739344117477,0.8754088532927307,0.2796502182682284,5.613029362266757e-06,0.0776490726991428,13833.71931405418,0.8748590846711828,0.9982307831533848,56292.97128658904,0.9983354723237988,0.8498471235933118,-1.9032921512260383
BBOB_F22,22,9,10,0,0.1,0.0968,1.0330578512396695,0.2512999999999999,0.1969,1.2762823768410358,0.371,0.2441999999999999,1.5192465192465194,-3.3920764796538108,22.387234484300706,2.0,0.792188467523403,0.9194072007732512,-0.5526245634154692,0.7663657211438889,-1.256256256256256,0.0023033628731421,-2.2172172172172173,0.5687137427485497,0.9090909090909092,0.1176100799225893,0.0852087429834332,0.9475949849147176,1.51771451988871e-05,0.0041182647875625,271.3464708675611,0.2085481833873184,0.1904440180735287,2.8540173949314465,0.3663775684711504,0.8738243602700764,-1.5993639983522223
BBOB_F17,17,7,2,0,0.1,0.1,1.0,0.25,0.2254999999999999,1.108647450110865,0.3984999999999999,0.2405,1.6569646569646568,3.9911812910778255,23.928294033446264,8.0,0.3505064265064239,0.6223489199363262,-0.2533229484551086,0.8171351637038731,0.2652652652652651,0.0666536326812491,-0.8558558558558554,0.581081081081081,1.0,0.4038930299949573,0.0436628320447884,0.0807163942009843,0.0033940525760251,0.0058799651177109,1.7324319485342154,0.2137197860025096,0.340368866825385,3.1872124214701065,0.6975858183183592,0.1996707160200959,-4.174551066454447
BBOB_F21,21,3,2,0,0.1,0.1,1.0,0.25,0.2435,1.026694045174538,0.502,0.4415,1.1370328425821064,1.5772073424255728,3.323435089584322,3.0,0.2414298655062658,0.6690355510085789,-0.2645183610691993,0.7435803076623181,0.065065065065065,0.1009262190987048,-0.7557557557557554,0.4539539539539539,1.0,0.4248215832681588,0.0746901728707459,0.1921665967329275,0.0086953705726231,0.0115653120639878,1.330053960023342,0.1895434335967147,0.0737907365725718,2.386894835275473,0.2627288029747844,0.4669499613156618,-2.780411328194212
BBOB_F4,4,1,10,0,0.1003,0.0925999999999999,1.0831533477321815,0.2471999999999999,0.1759,1.4053439454235357,0.2774999999999999,0.1927,1.440062272963155,1.827052342179692,2.7279094401256705,2.0,0.8762836152569509,0.9250836308438044,-0.3622680196298932,0.7483652596959038,-0.8758758758758756,0.0033306003436245,-1.796796796796797,0.5880176035207041,0.9090909090909092,0.1476053727580847,0.388343726559325,0.1658694248490088,0.000109714091333,0.0356158127875814,324.6238687741591,0.3856392424917427,0.7971493647429574,162.03442321749617,0.9571040216977736,0.705500121252212,-3.732990810242768
BBOB_F16,16,1,10,0,0.1,0.1,1.0,0.25,0.25,1.0,0.4989,0.4979999999999999,1.001807228915663,0.7300691731429036,0.7190901258260367,1.0,0.5820147429052593,0.8800526119562131,-0.5614760028866073,0.8729518320511146,-0.8758758758758756,0.0167194975973199,-1.4964964964964964,0.6719343868773755,0.9090909090909092,0.0936653923118193,-9.33324770084898e-05,0.3003576285443486,1.0479334503924938e-05,0.0007385182599316,70.4737748045923,-0.0010716382047244,0.0002029542043615,7.216107763488975,0.0033770012005704,1.0037117737035726,0.0470493135143321
BBOB_F2,2,2,2,0,0.1,0.0365,2.739726027397261,0.2535,0.0495,5.121212121212121,0.0005,0.0005,1.0,0.9329083642730936,-0.4001080774712258,2.0,0.4241499526407443,0.7391429641041081,-0.0617662863156465,0.5757510460702616,-0.5955955955955953,0.0333828586473176,-1.256256256256256,0.3193193193193193,0.6666666666666666,0.6348648411483759,0.8181057982245223,0.2673824619920479,2.644190529119708e-05,0.0897104291349396,3392.736950949056,0.8180149358129547,0.9984451306468828,7290.918182658814,0.9991404860755176,0.6635084891222642,-1.755153814442695
BBOB_F17,17,9,2,0,0.092,0.0584999999999999,1.5726495726495726,0.141,0.1185,1.1898734177215189,0.2304999999999999,0.2055,1.1216545012165449,2.936558573122699,11.01107149505194,7.0,0.3518655880410033,0.6217454545211512,-0.2429427186677076,0.791397507909334,0.4654654654654652,0.0460960448682843,-0.9959959959959956,0.6201201201201201,1.0,0.5523694533396688,0.4319015701615598,0.0855075728399998,0.0104649448536576,0.0238716073857313,2.2811020716834345,0.4462598687559033,0.653781777767307,10.434426721263996,0.7218963068162887,0.2025332554276151,-4.159619941009426
BBOB_F1,1,6,10,7,0.0789999999999999,0.0513,1.539961013645224,0.1447999999999999,0.0999,1.4494494494494492,0.1646,0.1234,1.33387358184765,0.3419983201124051,-0.0258010460826141,2.0,0.9458568421321416,0.9353639179775972,-0.4138228807340014,0.8375533784741425,-1.356356356356356,0.0076362982612822,-1.916916916916917,0.5497099419883977,0.9090909090909092,0.1691120306305473,0.740063309258458,0.3236225462867008,0.0003422488834337,0.017719959793276,51.77506969633633,0.7389141714769609,1.0,1.0000000000000229,1.0,0.6518099339622345,-4.413551279761142
BBOB_F1,1,5,10,9,0.0802,0.0519,1.5452793834296723,0.1394,0.0935999999999999,1.4893162393162398,0.1669999999999999,0.1273,1.3118617439120184,0.346773783402529,-0.0197921610328757,2.0,0.9441306070766292,0.934730800181298,-0.4102434890935967,0.8322687871299422,-1.276276276276276,0.0091825428356562,-1.836836836836837,0.5382076415283057,0.9090909090909092,0.1694770481815449,0.7467926589679259,0.3801215458812384,0.0006329749987325,0.0222056869159497,35.08145971075147,0.7456732705456823,1.0,1.000000000000042,1.0,0.647892302556627,-4.463209982838491
BBOB_F1,1,4,10,2,0.0809999999999999,0.0540999999999999,1.497227356746765,0.1392,0.096,1.45,0.1592999999999999,0.1209,1.3176178660049624,0.3455551571350047,-0.0956861309608236,1.0,0.94259229425665,0.9346491082299874,-0.4194372062135604,0.8322658655717383,-1.276276276276276,0.0100693863147602,-1.8168168168168168,0.5328065613122624,0.9090909090909092,0.1696498630009765,0.7491837548594302,0.3876835412329755,0.0009514340030115,0.0250657849454952,26.345269210637746,0.7480749370827552,1.0,1.0000000000000429,1.0,0.6461377841257404,-4.485449724351287
BBOB_F19,19,4,10,0,0.1,0.0940999999999999,1.0626992561105209,0.25,0.1913,1.3068478829064296,0.4288999999999999,0.2,2.1444999999999994,1.9331093488223927,6.189083922148658,3.0,0.9234019548231056,0.9326811493133638,-0.4470891646245853,0.8172608752000878,-1.1561561561561562,0.0063504251685959,-1.916916916916917,0.5640128025605121,0.9090909090909092,0.110551936045301,0.0457024453707888,0.1491269327125355,0.0004243211145385,0.0035774457875553,8.430986969493674,0.1540017674084284,0.5506014963296995,1.6562312220732536,0.6918359422924545,0.7058509739757932,-3.7285435079265614
BBOB_F19,19,2,10,0,0.1,0.0955,1.0471204188481675,0.25,0.1948,1.2833675564681724,0.4243,0.2009,2.111996017919363,2.01718225429023,7.339024884649994,5.0,0.9220810206931488,0.9323053815980468,-0.4454233370567398,0.8306468073430762,-1.2162162162162162,0.0055302242561929,-1.9769769769769767,0.5674134826965394,0.9090909090909092,0.1101630994716937,0.0438718435105955,0.1299101621986012,0.0001726168485076,0.0042091866354632,24.384564263877092,0.1486220796942912,0.5637344373669453,2.2840120948999703,0.7076687531869359,0.6968187896757216,-3.843032726502648
BBOB_F19,19,5,2,0,0.1,0.1,1.0,0.25,0.2544999999999999,0.982318271119843,0.3844999999999999,0.136,2.8272058823529407,3.248561751471956,12.91351323410371,6.0,0.2992811601549244,0.6317291509748574,-0.1046061260360685,0.8662858792428083,-0.2552552552552551,0.0440193518520887,-1.076076076076076,0.6046046046046046,1.0,0.4743691146198407,0.1787077960113031,0.0837150739069756,0.0123797935389022,0.013262962407715,1.071339547468021,0.4856728882096411,0.5349141321517865,3.5701388372877623,0.9286541959604286,0.5734446536858521,-2.22493055233786
BBOB_F3,3,6,2,6,0.1135,0.0615,1.845528455284553,0.1225,0.075,1.6333333333333329,0.0045,0.0045,1.0,1.722198144430501,1.755102542903451,2.0,0.4843471968227538,0.7022077877511832,-0.0509825135319357,0.6987768481910342,-0.4154154154154152,0.0072922720587283,-1.896896896896897,0.4479479479479479,0.6666666666666666,0.5995542605280417,0.6374740145109115,0.1727674278034809,0.0006997043938283,0.073496314694113,105.03909271168342,0.6372930335739864,0.9393981738687815,156.8358183382148,0.9944256518763952,0.4066791900622131,-3.094786195450017
BBOB_F21,21,4,10,0,0.1,0.1005,0.9950248756218906,0.252,0.2349999999999999,1.072340425531915,0.3856,0.3092,1.2470892626131953,-2.5396304445955207,12.731553228516916,5.0,0.7419686305379231,0.9124677849792076,-0.6208866367157007,0.8279658772864509,-1.036036036036036,0.006064329395408,-1.896896896896897,0.5968193638727746,0.9090909090909092,0.1152817742868892,0.0709622971935923,0.887317718105509,5.815270506684102e-05,0.0048194563049176,82.87587480888624,0.1211946497220787,0.1939393874937325,3.3576106680784013,0.2857031806561665,0.8919311359518869,-1.3698480219425608
BBOB_F3,3,2,10,7,0.0945999999999999,0.0558,1.6953405017921144,0.1443,0.1031,1.399612027158099,0.0523,0.0497,1.0523138832997987,1.3146550894403477,0.316920399285002,2.0,0.8853972860013821,0.9269130994554896,-0.2834577318694944,0.7284584068359918,-0.8758758758758756,0.0029004304938639,-1.956956956956957,0.5331066213242649,0.9090909090909092,0.1681425746185068,0.7215348392520307,0.2360978732308534,3.057958918311634e-05,0.0792076484533725,2590.212967841464,0.7203006595862445,0.9740263702093984,186.11504862872204,0.9923972021383124,0.7049828596837256,-3.7395474604181818
BBOB_F19,19,6,2,0,0.1,0.1,1.0,0.25,0.259,0.9652509652509652,0.3895,0.1664999999999999,2.33933933933934,3.3731593351644,13.856811479624191,6.0,0.2621386435786461,0.6243814711322796,-0.0972789436763919,0.8527488563876044,-0.3353353353353351,0.0401424249049932,-1.1361361361361362,0.6066066066066066,1.0,0.4655629260204187,0.1569886154475878,0.0780427604078568,0.0116792278100153,0.0118444109043008,1.0141433232549726,0.5245372255985,0.4751195370178503,2.5244791364063746,0.9315599168677154,0.5983022045045426,-2.0952725261269687
BBOB_F16,16,5,10,0,0.1,0.1,1.0,0.25,0.25,1.0,0.4986,0.501,0.9952095808383234,0.7521757892115727,0.808196191924702,2.0,0.5882252883368858,0.8803887983535916,-0.5602617528276949,0.8691321209465653,-0.8558558558558554,0.0167194975973199,-1.4964964964964964,0.6609321864372875,0.9090909090909092,0.0947013303976301,0.0007220635923578,0.30669851464374,3.0247069397667863e-05,0.0013504555404609,44.64748378449721,0.0014922601745147,0.0009284307786555,8.022462122612191,-0.0004582250745581,0.9937707539694416,-0.0789600263527798
BBOB_F1,1,3,10,1,0.0687,0.0427,1.6088992974238874,0.1152,0.0821999999999999,1.4014598540145988,0.137,0.1092,1.2545787545787546,0.3098255478644399,-0.080637697681893,1.0,0.9307972990015444,0.9330212305038325,-0.3822623004964153,0.837609236037249,-1.336336336336336,0.0083738065352664,-1.8768768768768769,0.5359071814362872,0.8181818181818182,0.1732658625853241,0.8220190143386898,0.3779415383152287,0.0003641683386721,0.0199775387979336,54.85797823824283,0.8212321893836285,1.0,1.0000000000000286,1.0,0.6655799965852848,-4.239006157885774
BBOB_F19,19,4,2,0,0.1,0.1,1.0,0.251,0.2565,0.9785575048732944,0.378,0.1355,2.7896678966789668,2.002200006505404,3.986603873056756,1.0,0.308930860018307,0.6363049226798781,-0.1384383748144666,0.8581884677061089,-0.055055055055055,0.0839312949816636,-0.8158158158158154,0.6061061061061062,1.0,0.4903100482940428,0.2204968184727684,0.1475445466013065,0.0136054347642721,0.0245154895967216,1.801889467075258,0.2260269346707084,0.846481832454251,20.923179222170397,0.9265759385548004,0.5562046635174811,-2.314855063140646
BBOB_F13,13,7,10,0,0.093,0.0525,1.7714285714285714,0.1749,0.0944,1.852754237288136,0.2052,0.1096,1.872262773722628,0.1113592988260272,-0.1657440843120499,1.0,0.926646196600464,0.93183903180017,-0.4221665658825736,0.8363915464562489,-1.316316316316316,0.0083738065352664,-1.8568568568568569,0.543508701740348,0.9090909090909092,0.1617986317802765,0.6083003151339095,0.4499571943424824,0.0015142682880529,0.0209713923492554,13.84919205844359,0.7904343401566285,0.8041932339575881,3.1875154032264583,0.9932214676628038,0.6947504096144373,-3.869250882495425
BBOB_F15,15,2,2,0,0.1,0.0875,1.142857142857143,0.2045,0.083,2.4638554216867465,0.067,0.056,1.1964285714285716,2.959769984504136,10.21641886217534,5.0,0.4350612821596513,0.6817605176244184,-0.0519290897203305,,,,,,0.6666666666666666,0.5822256173825286,0.5559821449700437,0.0915280495477708,0.024103188509853,0.0264614652559421,1.0978408622214058,0.7384764310968915,0.7152522035858653,2.0360712031320856,0.9826536223110512,0.3517501496013704,-3.3812983711570457
BBOB_F2,2,2,2,9,0.1,0.0365,2.739726027397261,0.2535,0.0495,5.121212121212121,0.0005,0.0005,1.0,0.9329083642730936,-0.4001080774712258,2.0,0.4241499526407443,0.7391429641041081,-0.0617662863156465,0.5799175018049638,-0.5955955955955953,0.0401424249049932,-1.276276276276276,0.3138138138138138,0.6666666666666666,0.6348648411483763,0.8181057982245223,0.2673824619920479,2.644190529119708e-05,0.0897104291349396,3392.736950949056,0.8180149358129547,0.9984451306468828,7290.918182658814,0.9991404860755176,0.6635084891222642,-1.755153814442695
BBOB_F1,1,0,20,3,0.07965,0.0561,1.4197860962566846,0.14715,0.1044,1.4094827586206895,0.17575,0.1383,1.2707881417208966,0.2414925792592945,-0.0551705246326887,1.0,1.0312380944204578,0.9703140335993068,-0.4698090370746143,,,,,,0.9047619047619048,0.0880817434263228,0.7223289358230384,0.4016801728637434,0.0006488920175338,0.0145082502339537,22.35849701017095,0.7202001326035669,1.0,1.000000000000008,1.0,0.782420638894918,-3.9370977233919824
BBOB_F18,18,6,10,0,0.0939,0.0736,1.2758152173913044,0.1813,0.1354,1.3389955686853765,0.2153999999999999,0.1548,1.3914728682170543,6.584548062136905,74.8571046077566,4.0,0.8188707233442137,0.9179292018177712,-0.2275494899723727,0.7907761098807666,-1.4564564564564562,0.0008354528058382,-2.7177177177177176,0.5632126425285057,0.9090909090909092,0.1427199833147118,0.324158056781947,0.032152230991657,0.0004701062069603,0.0053185527351746,11.31351310922613,0.6280874741932705,0.3761854252032731,9.935809092709537,0.7237064252160006,0.7640257371952567,-2.9911379191375467
BBOB_F3,3,0,10,8,0.0674,0.0366,1.8415300546448088,0.124,0.0784,1.5816326530612246,0.1702999999999999,0.1199,1.420350291909925,1.1166735729258357,0.892931352350113,2.0,0.882142027139524,0.926100153662954,-0.3667198797507717,0.7813313940415341,-1.056056056056056,0.0063504251685959,-1.8568568568568569,0.5353070614122825,0.9090909090909092,0.1652314668243708,0.6660549988471827,0.233259360219349,0.0001527049237632,0.0374433006455359,245.20034929317717,0.6645845125347538,0.94830620043692,78.78949122512084,0.993497071096034,0.7236586681320109,-3.5028185978877886
BBOB_F4,4,6,10,0,0.1005,0.0797999999999999,1.259398496240602,0.2031,0.1446,1.404564315352697,0.1995,0.1159,1.7213114754098362,1.5261218420848548,1.700342844739998,1.0,0.8808970610148295,0.925809183047517,-0.3371005409478868,0.7266061406987239,-0.9559559559559556,0.0045989920905224,-1.8568568568568569,0.5649129825965193,0.9090909090909092,0.1570055918584298,0.5280035978131004,0.1736809868580788,0.0001915906669984,0.0421786563187386,220.14984852616985,0.5259175044266187,0.8993242157539744,214.95831783863528,0.9892844889365562,0.6961055850497644,-3.852073091224838
BBOB_F3,3,6,10,7,0.0797999999999999,0.0529,1.5085066162570884,0.1452999999999999,0.0907999999999999,1.6002202643171806,0.1746999999999999,0.1253,1.394253790901835,1.729621342058906,2.533927390832739,1.0,,,,,,,,,,,0.5843840855739829,0.1990159755640895,0.0007485243730822,0.0443161561343645,59.204693565131855,0.5825587409934103,0.9107136193790036,96.25104489520692,0.9855769577733152,,
BBOB_F1,1,0,20,5,0.07965,0.0561,1.4197860962566846,0.14715,0.1044,1.4094827586206895,0.17575,0.1383,1.2707881417208966,0.2414925792592945,-0.0551705246326887,1.0,1.0312380944204578,0.9703140335993068,-0.4698090370746143,,,,,,0.9047619047619048,0.0880843970600409,0.7223289358230384,0.4016801728637434,0.0006488920175338,0.0145082502339537,22.35849701017095,0.7202001326035669,1.0,1.000000000000008,1.0,0.782420638894918,-3.9370977233919824
BBOB_F3,3,2,10,4,0.0945999999999999,0.0558,1.6953405017921144,0.1443,0.1031,1.399612027158099,0.0523,0.0497,1.0523138832997987,1.3146550894403477,0.316920399285002,2.0,0.8853972860013821,0.9269130994554896,-0.2834577318694944,0.7326265849849559,-0.8758758758758756,0.0033306003436245,-1.9369369369369367,0.5332066413282657,0.9090909090909092,0.1681425746185069,0.7215348392520307,0.2360978732308534,3.057958918311634e-05,0.0792076484533725,2590.212967841464,0.7203006595862445,0.9740263702093984,186.11504862872204,0.9923972021383124,0.7049828596837256,-3.7395474604181818
BBOB_F15,15,9,10,0,0.0866999999999999,0.0535,1.6205607476635508,0.1452,0.0943,1.5397667020148462,0.1823999999999999,0.1258999999999999,1.448768864177919,1.642469614310076,4.739447308008586,3.0,0.9064620626207556,0.9297017687616986,-0.3598924497039826,0.8029132502797546,-1.296296296296296,0.0038245697224669,-2.117117117117117,0.5313062612522504,0.9090909090909092,0.1605957525568951,0.5876097082858774,0.1383552919863674,0.0005917393732964,0.0165164120869191,27.9116327766234,0.7350596587394768,0.740843894713682,3.061472310289976,0.9146850093449986,0.6953787982499468,-3.861285619448146
BBOB_F1,1,7,10,6,0.0756,0.0518,1.4594594594594594,0.1357,0.0931999999999999,1.456008583690987,0.159,0.1251999999999999,1.2699680511182112,0.3375736364553301,-0.1023381897566406,1.0,0.9421354148761528,0.9343684756610148,-0.3961022272528977,,,,,,0.9090909090909092,0.1705539046387084,0.7664859004560989,0.415208633260486,0.0001231774409608,0.0247290613372109,200.75966138209915,0.7654535726476133,1.0,1.0000000000000628,1.0,0.6583492665220493,-4.330660690961221
BBOB_F1,1,9,2,7,0.1125,0.0414999999999999,2.7108433734939763,0.1455,0.0834999999999999,1.7425149700598803,0.146,0.0875,1.6685714285714293,0.761444397386125,-0.1282570208636371,1.0,0.7649500044970404,0.7542255413692402,-0.0727162302622876,0.68610340953702,-0.7757757757757754,0.0241759407916913,-1.396396396396396,0.3648648648648648,0.6666666666666666,0.6240365389795604,0.7590984836828416,0.2672160014523527,0.0334567520494487,0.0543370503398692,1.6240981868042546,0.758977880735916,1.0,1.0000000000000018,1.0,0.1400651094738035,-4.4854564067377805
BBOB_F14,14,5,2,0,0.1215,0.0349999999999999,3.471428571428572,0.179,0.0744999999999999,2.4026845637583896,0.0365,0.0394999999999999,0.9240506329113926,1.8659816847081028,3.118353850197856,1.0,0.7708166470896448,0.754824445853763,-0.059182876645083,0.6075565119199591,-0.6156156156156153,0.0011016459496336,-1.916916916916917,0.3523523523523523,0.6666666666666666,0.6075433835637839,0.6755274669389135,0.1300836330575416,0.0196424064864744,0.0498045187934418,2.535560947063012,0.7768890037362308,0.872326709375045,8.43108959312032,0.9994877582777728,0.1444183670104317,-4.462749633093673
BBOB_F2,2,2,2,1,0.1,0.0365,2.739726027397261,0.2535,0.0495,5.121212121212121,0.0005,0.0005,1.0,0.9329083642730936,-0.4001080774712258,2.0,0.4241499526407443,0.7391429641041081,-0.0617662863156465,0.5857391063339628,-0.5955955955955953,0.0420362168384471,-1.2362362362362362,0.3228228228228228,0.6666666666666666,0.6348648411483756,0.8181057982245223,0.2673824619920479,2.644190529119708e-05,0.0897104291349396,3392.736950949056,0.8180149358129547,0.9984451306468828,7290.918182658814,0.9991404860755176,0.6635084891222642,-1.755153814442695
BBOB_F11,11,0,10,0,0.1,0.049,2.0408163265306123,0.25,0.0764999999999999,3.267973856209151,0.3705,0.0447,8.288590604026846,2.3894579637522724,7.350293531497346,4.0,0.6925098900655686,0.9064386032264916,-0.2777761751872177,,,,,,0.9090909090909092,0.1211490475028859,0.1092548225234829,0.0883463052460085,0.0004028934597785,0.007789347083038,19.33351583150499,0.906318344206124,0.1968248452322886,709.5350039361681,0.9951046141825076,0.9780789205089092,-0.2778649303313418
BBOB_F14,14,0,10,0,0.1018,0.0613,1.6606851549755302,0.1953,0.1058,1.84593572778828,0.1997,0.102,1.9578431372549017,2.796743841681705,12.215555583943802,3.0,0.8846707629697422,0.9267385831811956,-0.287463484721457,0.7680885967042396,-1.316316316316316,0.0018292045048462,-2.3373373373373374,0.535507101420284,0.9090909090909092,0.1526717960738821,0.4604981328204135,0.0771231190002806,0.0002143879459001,0.0111348756509837,51.93797442404271,0.8025077256191957,0.536240569298609,5.751850264721464,0.896143468062076,0.7220591566776292,-3.5230935181542176
BBOB_F8,8,7,10,0,0.093,0.0673999999999999,1.3798219584569735,0.1885,0.1379999999999999,1.365942028985507,0.23,0.1647,1.3964784456587735,0.8638294543047554,0.6783734112210289,1.0,0.9179170524842836,0.930664027592097,-0.441635073294356,0.8327462710253483,-1.1161161161161162,0.0100693863147602,-1.7367367367367363,0.5757151430286057,0.9090909090909092,0.1589759474360915,0.5600212366282472,0.2347996336635747,0.0018274196527053,0.0223889601451283,12.251679635809346,0.5695399432754182,0.912605488957735,71.34735817119419,0.990372096368497,0.6639582785241006,-4.259562562339813
BBOB_F3,3,6,10,4,0.0797999999999999,0.0529,1.5085066162570884,0.1452999999999999,0.0907999999999999,1.6002202643171806,0.1746999999999999,0.1253,1.394253790901835,1.729621342058906,2.533927390832739,1.0,,,,,,,,,,,0.5843840855739829,0.1990159755640895,0.0007485243730822,0.0443161561343645,59.204693565131855,0.5825587409934103,0.9107136193790036,96.25104489520692,0.9855769577733152,,
BBOB_F11,11,5,2,0,0.1105,0.033,3.348484848484848,0.175,0.0495,3.535353535353535,0.047,0.0455,1.032967032967033,1.2800700462586063,0.6152506984678725,2.0,0.370840598896134,0.7326651588916878,-0.0553626192868543,0.6435538313520972,-0.6956956956956954,0.0253164847863135,-1.5165165165165162,0.3373373373373373,0.6666666666666666,0.6284213940551661,0.784814818031764,0.2156534855592523,0.043030271915364,0.0605057381702842,1.4061202840942446,0.9262666303149346,0.8504974393570532,2.161612970875032,0.9950478754056584,0.5488818074617359,-2.3530513870399616
BBOB_F3,3,2,2,7,0.1,0.0865,1.1560693641618498,0.2885,0.1295,2.227799227799228,0.258,0.1129999999999999,2.283185840707965,2.079071309700508,3.5670250758663986,1.0,0.4130756942549872,0.6857206287561284,-0.069388997724139,0.7833241419315736,-0.2752752752752751,0.0265108360190853,-1.436436436436436,0.495995995995996,1.0,0.5647698142409462,0.4816276172946357,0.1485843323374657,0.002133870584963,0.0513976726938429,24.086593187061546,0.4813697334165866,0.909128386000093,41.61135682782586,0.98597479256847,0.3578865570711678,-3.3492906127755786
BBOB_F1,1,1,20,7,0.07965,0.0573999999999999,1.387630662020906,0.1419,0.10265,1.382367267413541,0.1722,0.13125,1.3119999999999998,0.2406714279169395,-0.0510375018828166,2.0,,,,,,,,,0.9047619047619048,0.0882828786018435,,,,,,,,,,,
BBOB_F1,1,7,10,1,0.0756,0.0518,1.4594594594594594,0.1357,0.0931999999999999,1.456008583690987,0.159,0.1251999999999999,1.2699680511182112,0.3375736364553301,-0.1023381897566406,1.0,0.9421354148761528,0.9343684756610148,-0.3961022272528977,0.8377265253016523,-1.256256256256256,0.0087688560945874,-1.8168168168168168,0.5377075415083017,0.9090909090909092,0.1705539046387081,0.7664859004560989,0.415208633260486,0.0001231774409608,0.0247290613372109,200.75966138209915,0.7654535726476133,1.0,1.0000000000000628,1.0,0.6583492665220493,-4.330660690961221
BBOB_F1,1,3,2,6,0.1,0.033,3.0303030303030303,0.1755,0.075,2.339999999999999,0.096,0.087,1.1034482758620692,0.7014925920161403,-0.5513964276634358,1.0,0.7807343247543591,0.7582593008365843,-0.0708865367599614,0.6695781941403317,-0.7557557557557554,0.0318789129267764,-1.356356356356356,0.3498498498498498,0.6666666666666666,0.6338744887956187,0.8128918667237119,0.3037326743510375,0.0040104345653267,0.0741410609867438,18.487039192148803,0.8127981944521055,1.0,1.0000000000000004,1.0,0.1405026167015986,-4.483174350712926
BBOB_F11,11,7,10,0,0.1,0.0526,1.9011406844106464,0.2745999999999999,0.0721,3.808599167822468,0.2442,0.0423999999999999,5.759433962264152,2.419837379982547,8.680131013043738,4.0,0.6994401226853073,0.9069545220203422,-0.2767631939892708,0.7689950741291136,-1.256256256256256,0.0031805520153329,-2.1371371371371373,0.5524104820964193,0.9090909090909092,0.1417775232764106,0.3123469067022397,0.0811960108277699,0.0024725810186023,0.0128193213190755,5.184591009406757,0.919621312059635,0.3867062021671917,26.45118625550824,0.9952925187767148,0.9662522529142056,-0.4277761684430352
BBOB_F1,1,1,20,1,0.07965,0.0573999999999999,1.387630662020906,0.1419,0.10265,1.382367267413541,0.1722,0.13125,1.3119999999999998,0.2406714279169395,-0.0510375018828166,2.0,1.0242924038799497,0.9695912160194572,-0.4748104076998624,,,,,,0.9047619047619048,0.0882814017276793,,,,,,,,,,,
BBOB_F22,22,5,2,0,0.1,0.1,1.0,0.25,0.2664999999999999,0.9380863039399626,0.4639999999999999,0.3734999999999999,1.242302543507363,0.2402502066383806,-1.2562665873229673,2.0,0.3633608063800663,0.6993994524584924,-0.2341753985888593,0.723173979173952,0.3253253253253251,0.0920373199661822,-0.6756756756756753,0.4084084084084084,1.0,0.3575383001680163,0.0043062218390931,0.4272713966285982,0.00164815411912,0.0068223501227407,4.139388448929235,0.1392291732337491,0.0566544896685882,1.0457288815144887,0.3081975931306807,0.5550128375223492,-2.321071677450027
BBOB_F1,1,1,20,3,0.07965,0.0573999999999999,1.387630662020906,0.1419,0.10265,1.382367267413541,0.1722,0.13125,1.3119999999999998,0.2406714279169395,-0.0510375018828166,2.0,,,,,,,,,0.9047619047619048,0.0882825560803191,,,,,,,,,,,
BBOB_F18,18,2,2,0,0.1,0.0975,1.0256410256410258,0.313,0.1565,2.0,0.1745,0.173,1.008670520231214,,,,0.3478066369879338,0.6188498014357877,-0.2168819916565364,0.7946098316750164,0.4454454454454452,0.0460960448682843,-0.9359359359359356,0.6456456456456456,1.0,0.5492319027244859,,,,,,,,,,0.4796553306648334,-2.7141395895136946
BBOB_F18,18,8,2,0,0.1,0.072,1.388888888888889,0.344,0.1225,2.8081632653061224,0.1985,0.196,1.0127551020408163,1.257468583875643,1.0685177014553728,1.0,0.3461719887053915,0.6154221116832875,-0.3389003555890514,0.797081067465489,0.4054054054054052,0.24231727942376,-0.2952952952952952,0.6176176176176176,1.0,0.5467371441653899,0.4089759527946288,0.2360973912656225,0.0078703422374434,0.0450717144970313,5.726779489029191,0.4528220698943475,0.5286727727211407,21.339066316906003,0.6116894348380428,0.5510700197054949,-2.341637580324822
BBOB_F1,1,4,2,6,0.1,0.0784999999999999,1.2738853503184715,0.2805000000000001,0.1305,2.149425287356322,0.284,0.16,1.775,0.7911627119982504,0.0807121432683906,1.0,0.7659481772868564,0.7559876970341503,-0.1010920081964333,0.6999603619882845,-0.6756756756756753,0.038333951017666,-1.2362362362362362,0.3668668668668668,1.0,0.5407462332259887,0.3868747857872667,0.281731214197688,0.0079966144479521,0.0428445433943606,5.357835328090993,0.386567835840256,1.0,1.000000000000001,1.0,0.1402656581302152,-4.484410336546101
BBOB_F3,3,6,10,9,,,,,,,,,,1.729621342058906,2.533927390832739,1.0,,,,,,,,,,,0.5843840855739829,0.1990159755640895,0.0007485243730822,0.0443161561343645,59.204693565131855,0.5825587409934103,0.9107136193790036,96.25104489520692,0.9855769577733152,,
BBOB_F23,23,3,2,0,0.1,0.1,1.0,0.25,0.25,1.0,0.5245,0.5205,1.0076849183477423,0.0051874216772258,-1.0860377585984475,2.0,0.1698018535696344,0.5521283138258039,-0.679023392215155,0.8835170424507564,1.0260260260260257,0.8412497049736118,0.2052052052052051,0.6651651651651652,1.0,0.3340116936958375,-0.0009956467585461,0.5146110446340889,0.0001477244409838,0.0001638101132731,1.1088897150815775,-0.0012631016872497,0.0004128657214876,4.661497637723647,0.0025533541576722,1.034405763238875,0.1794619021145687
