evaluations raw_y
1 5.4274945639166035
2 5.975763756809858
3 2.3166035513041434
4 3.9503193523727407
5 8.443788147352992
6 8.033835956714805
7 2.898888284818561
8 3.543813107586814
9 -1.1872494545627665
10 2.2992773497638415
11 4.970789533958191
12 6.924410437514731
13 3.772797255553694
14 1.2205069563793884
15 2.0522892178094714
16 -0.9250226830262752
17 -2.059089514055785
18 -1.9055931584576429
19 -0.7834914745180552
20 4.222995438500302
21 6.445146695080869
22 0.3399134629953871
23 1.9250714887726066
24 2.8978938801354412
25 0.8801644759144733
26 5.057266156716463
27 2.2950716108569384
28 4.018144256610887
29 6.341403335608783
30 2.7403370648389
31 -2.663357616763644
32 2.1188743524917606
33 1.223254187012588
34 -2.186707570254347
35 -0.6747426163141578
36 6.213085193622891
37 -2.2343343151939785
38 2.081247575124536
39 3.295912888856053
40 -2.0179848238614277
41 -1.8490337136674797
42 1.1058294016804002
43 -1.4019792890523912
44 5.800927929727442
45 -2.009856324954742
46 6.567167733053109
47 2.318911222868506
48 0.42954361482305436
49 -1.3024551882120996
50 3.350051218094557
51 -1.5120500294077168
52 1.2094351714023825
53 -4.260953317033948
54 0.024506434899548624
55 -1.2387597961477583
56 2.481604469359516
57 2.8872352687940626
58 0.3743917369430898
59 2.573599097742273
60 -3.364992863897482
61 -1.662388539641686
62 -1.6311245295004402
63 -1.376496122377599
64 1.5917843980117854
65 -2.728422274247718
66 5.620596067281074
67 2.4030216715386694
68 -1.070120926498956
69 -1.6974993699275838
70 -1.6470630373434467
71 -0.9483558392977397
72 5.449622045538964
73 0.4471498717066591
74 1.3305323349238594
75 -2.5741909605982856
76 -1.1213153615866207
77 -3.0076257209472925
78 -2.2681983332462603
79 -0.4779905797074677
80 3.38148472037344
81 -1.261323995950903
82 0.1579116726032262
83 0.2019188816680295
84 1.8276336756381304
85 -5.057275512298326
86 3.669756754770906
87 -1.66669125342413
88 1.2853331996347561
89 -3.43217722399576
90 1.8310046291252267
91 -4.031647361895575
92 -2.1746182630578152
93 -4.263061714947394
94 -4.826297377497224
95 -4.053855603718119
96 -5.249810680872998
97 -3.1455486723839456
98 -0.6194469550288976
99 -1.3492129272495323
100 1.4274824973005673
101 5.25206953000853
102 0.32399538644706516
103 -0.07179964639689984
104 1.593604786179034
105 -3.4818916204014085
106 -2.3015712657468037
107 -3.0539966809612262
108 -1.2864187404865715
109 3.4891614531769464
110 -0.24180394770875338
111 0.4015166889748487
112 -1.34071246416302
113 -0.3182882331873147
114 -0.4450206806624115
115 -1.3500593323236845
116 4.425205766762451
117 -4.036549427189596
118 0.028062136894296874
119 -3.784065981130924
120 -2.4734288808610216
121 -1.4407703629452238
122 -4.423276148475571
123 -4.22440243104916
124 -5.031018174144761
125 -4.789620713739302
126 -3.198425627770812
127 -4.511899823993292
128 -0.9293951124347996
129 -1.2664904840924265
130 -2.5437618339964216
131 -0.20861814262290967
132 1.1474255142059393
133 -0.5533330991889609
134 0.1865473647336559
135 -2.086685965213396
136 -1.3280121288707103
137 -3.011393560554545
138 -2.704284176862652
139 -0.34548874409000874
140 0.40061452157798416
141 -1.6798589809259825
142 -1.3761326377657845
143 0.39616309997571825
144 0.3480098228450428
145 -5.01101384848831
146 -2.5609315299787534
147 -1.8841928581530099
148 -3.668760041886702
149 -3.4233564057576396
150 -3.1634393730642625
151 -1.546783871677676
152 0.9515255189473595
153 -1.6203757957479812
154 -3.6457357316267234
155 -2.4078224593619253
156 -1.3294899025711542
157 -4.078495642663194
158 -1.890016363497315
159 -0.15876153634917445
160 1.318629800975308
161 -3.5901164573551205
162 0.167156377152883
163 -0.9840301789912766
164 -2.577584876404522
165 1.8465509521066632
166 1.1859605972679725
167 -2.224804741046245
168 6.480978851109456
169 2.0335578857992975
170 -1.4918402109233904
171 2.1247642746661435
172 -0.8778809473047657
173 -2.152338395202436
174 -1.860938779008161
175 2.0486354327344216
176 -3.346489171287895
177 0.03861986798018402
178 -2.684457623829096
179 1.0596659307507073
180 0.9175256389733222
181 -4.314111440978895
182 -3.56445956656861
183 -5.300973242117571
184 -4.2801874430638085
185 -4.336655906633374
186 -2.9591756974906867
187 -4.605711318341441
188 -1.9217959389858785
189 -0.5092628175035374
190 -2.2004165674524385
191 -1.1624717443910915
192 -1.8934389147762576
193 -3.7382185461046786
194 -1.0886900923574692
195 -1.8901985805588877
196 -1.0799678517518325
197 -2.5097863159317253
198 -3.3402899432843975
199 -1.1695237816239263
200 0.6455951311569917
201 -0.5676961500905332
202 -2.0025020682349544
203 0.2159391766311649
204 -0.22433133130902105
205 -3.974978349101799
206 -3.4543570268797312
207 -2.8668020635361113
208 -3.7265859305145685
209 -2.8683633665523445
210 -3.092871036702567
211 -4.821578938880262
212 -4.627569134834648
213 -3.72449814191396
214 -3.1005277858210807
215 -2.7425768598711016
216 -4.424765513413568
217 -4.901247863114798
218 -3.4819764823738693
219 -3.5780722538193883
220 2.6790045940833047
221 -3.45704601014922
222 0.25057182135595407
223 -1.6634202877243256
224 -1.650998358187646
225 -5.285217498966568
226 -1.328830359378337
227 -3.3817560234352118
228 -2.267236104824603
229 -4.718225391951508
230 -2.328478776283557
231 -2.913991813166158
232 -3.969986779992079
233 -3.6274055680369224
234 -4.491088182683328
235 -2.377374312878226
236 -3.6626081273860214
237 -2.1384430262987704
238 -1.9217121708050833
239 -4.460495059603611
240 -0.2299392694167647
241 -5.60078465166538
242 -4.6564104869245755
243 -4.324517958680783
244 -5.3006639292686195
245 -5.186709816831189
246 -3.40753073597052
247 -4.483655812140612
248 -1.2611986944578883
249 -1.2027748624037922
250 -3.6693391765813894
251 -0.7638654671189039
252 -4.316092979595123
253 -4.061399072524512
254 -0.8716836315822715
255 -3.119656977539969
256 -4.3151356119472455
257 -2.454708927235453
258 -5.09997208916321
259 -3.0795575928416574
260 -1.9484752306191246
261 -1.7955151862889547
262 -1.8858867428573771
263 -0.18030981850017488
264 -4.775934530893675
265 -4.142609241931238
266 -5.262639421827705
267 -1.3060474248265526
268 -3.903995435837597
269 -3.56295988720996
270 -3.5255204150254995
271 -5.318690677982802
272 -5.080314161998687
273 -2.1746272799786928
274 -3.121968949711939
275 -3.8641293172608444
276 -2.315859132782087
277 -4.862094277664887
278 -5.31707533423667
279 -3.840267574815898
280 -3.8751056698798996
281 -4.37447499360072
282 -2.525357819627383
283 -4.779628811910416
284 -5.326347838075948
285 -2.459475355852618
286 -3.774867280267049
287 -0.8332202759731686
288 -3.9083171766732856
289 -3.112117703427071
290 -0.5451073490320912
291 -1.623973373282455
292 -4.536535421783427
293 -6.339252735854444
294 -3.6845319490964705
295 0.14087748779632664
296 -3.9355337706429463
297 -4.225719614909042
298 -2.5396879198248907
299 -3.4665279501458697
300 -5.471874352445267
301 -5.053837289659077
302 -3.8702793534691615
303 -5.009124193470154
304 -4.0919831387094625
305 -4.406201208993753
306 -5.267413669428354
307 -5.304606687841311
308 -4.709109043832171
309 -2.29385530150411
310 -3.3448241900959603
311 -4.000334837244234
312 -4.909337597763349
313 -3.9348793202862873
314 -5.030974711338597
315 -2.502221260864779
316 -3.8323368146775576
317 -3.2347970141319036
318 -4.679644207810322
319 -3.904209530443044
320 -1.9379207767140763
321 -1.8780810186301946
322 -2.691754008343875
323 -4.913956631404
324 -5.267565230102579
325 -4.018808020210422
326 -4.38709577144065
327 -4.393849091906302
328 -3.930063706544907
329 -4.101002354919027
330 -4.466969193893693
331 -4.832409866059366
332 -2.425008976529301
333 -5.161194279170456
334 -4.317956386121362
335 -3.5146125967912845
336 -4.376539089671212
337 0.888865397651404
338 -5.83955376574155
339 -1.8196759139962346
340 1.0772289959557022
341 -5.513190640202303
342 -3.9244252214890145
343 -5.730178643293225
344 -1.6850660229930954
345 -0.09939426516432814
346 -4.563190931454631
347 -4.640380748578797
348 0.7779434220675303
349 -0.5546180895388804
350 -5.4267239107043785
351 1.0999174350249346
352 -5.441934496546785
353 -5.1844577419955264
354 2.384389321913896
355 -5.433813957162209
356 -5.398138441130323
357 -5.732257356964019
358 -4.7761116138372
359 -0.46060448419199784
360 -3.9509885624942074
361 -4.6503175663083125
362 -4.4204560193885305
363 -3.894864595677115
364 -4.669120249706334
365 -4.484526043259282
366 -5.174257648401162
367 -4.676150737158327
368 -5.242975205792624
369 -2.4654085137931228
370 -4.720613868161592
371 -5.0249551524173715
372 -5.018928307212758
373 -1.97049505288639
374 -5.381081373578864
375 -2.073094402603754
376 -4.183844175690045
377 -2.90982126001445
378 -5.0467734497535215
379 -4.417849685476894
380 -4.476683970162036
381 -2.5217089217423507
382 -4.562634670241528
383 -5.1122814022795655
384 -4.782469082676322
385 -4.364551805452777
386 -5.504829531499813
387 -5.26552902335089
388 -4.313497094312768
389 -5.741925301009317
390 -3.9523341700449706
391 -3.933590940317338
392 -3.4163614797676587
393 -5.0367527401033385
394 -4.44656285471428
395 -1.1630144383151082
396 -4.831789580711213
397 -3.2942225751898992
398 -5.405363191329828
399 -4.319374683855425
400 -5.256598058431047
401 -5.383906676918326
402 -4.72145766877516
403 -2.5897040580095503
404 -3.08969536111464
405 -2.050921497295238
406 -4.725631476321066
407 -4.902828965952263
408 -4.724526241405996
409 -2.1317008189899864
410 -4.57051516501517
411 -0.6717177912800285
412 -5.2993658619154616
413 -3.8890510247379075
414 1.9450957447917794
415 0.03019406162503513
416 -5.0674369739893175
417 -4.58706472246264
418 -4.443286559726282
419 -0.3542237005174161
420 -5.28566322640939
421 -4.711824802295364
422 -4.444118479456893
423 -5.231147405498073
424 -4.633574682964006
425 -4.969022658986185
426 -5.136962425358028
427 -4.926867581204019
428 -4.9194793461757165
429 -1.6046407715324131
430 -5.204853753032654
431 -5.236025686338667
432 -4.651105752709563
433 -2.4521721455298864
434 -5.512056524940728
435 -2.013566431106368
436 -4.863085979871694
437 -2.7917781292068553
438 -4.975295821464445
439 -5.66083515088827
440 -5.053440680423466
441 -5.834855257376762
442 -5.43811310136205
443 -4.7417548153133815
444 -5.668452161042016
445 -3.513789453003486
446 -5.45405204571745
447 -4.417301094024529
448 -3.3534771083610018
449 -5.01911560073157
450 -4.427131593991707
451 -5.452564696966043
452 -3.990858575572596
453 -4.085838596749538
454 -4.854748848927828
455 -1.4527464069040135
456 -4.506121585401753
457 -3.893373122428489
458 -4.8459862511675365
459 -6.187567650142169
460 -5.213000831008662
461 -5.437823938845307
462 -3.7764418507045896
463 -4.885868191897509
464 -2.7005243648062027
465 -5.343017472098315
466 -3.5599944838371766
467 -4.427392743223447
468 -4.916710121704726
469 -2.888499554174418
470 -5.037083765164787
471 -1.1511328495352016
472 -4.160018666644435
473 -5.705622619833775
474 -5.0455463836161805
475 -5.128204333012089
476 -5.115125182096145
477 -5.496454931939306
478 -2.93162495688281
479 -2.3987408406576205
480 -5.750417768284088
481 -4.9270393271994015
482 -4.838904703635334
483 -5.011776034101756
484 -5.105360177403416
485 -3.888866778432771
486 -4.232482365174288
487 -4.379383129651167
488 -5.099305015174872
489 -2.775211217248892
490 -6.03222954263604
491 -5.243238183098026
492 -4.584926536825637
493 -5.662653528715794
494 -5.722972927179884
495 -2.6927144725484915
496 -5.74673916924981
497 -4.841432710410727
498 -5.615934873794008
499 -4.566745103764111
500 -4.654997725724369
501 -5.464135742790124
502 -5.448863025360458
503 -4.85582037719252
504 -5.840431518605592
505 -2.6218888006761665
506 -5.2587768775927355
507 -4.9943032799342415
508 -5.125582705910089
509 -4.949502800976705
510 -4.499081859859572
511 -5.006386135939329
512 -4.362099232002923
513 0.15897543706831513
514 -5.74632964971558
515 -5.371438498872709
516 -5.130679087058116
517 -4.447263287429996
518 -4.730226772043554
519 -2.630632470819249
520 -4.128971245925873
521 -4.342606238471626
522 -4.327834740988818
523 -4.944241463018479
524 -5.761223614749508
525 -4.716538850456249
526 -4.321842389797619
527 -5.160887591173357
528 -6.160692374310164
529 -5.16203016410968
530 -5.292587907704188
531 -3.4308981380490975
532 -5.718580579301121
533 -6.010883054958356
534 -5.29428130648763
535 -5.302346064810074
536 -3.3947760882865463
537 -4.718749686438898
538 -4.065173850945667
539 -5.947091020645871
540 -0.5423087015488396
541 -5.7490007013548565
542 -5.402309313872794
543 -5.463489026131679
544 -6.131844390885845
545 -5.265286816350927
546 -4.865633425242831
547 -4.172125382813361
548 -4.815809375458449
549 -4.695045871102726
550 -4.9894230457925755
551 -5.4656617219408306
552 -4.9129801826589015
553 -6.0812729276902315
554 -5.282569016378409
555 -3.4755401656189475
556 -5.613132364624456
557 -4.831350355434573
558 -4.594705157402503
559 -4.465718213924749
560 -5.279148782405197
561 -4.773037764684869
562 -5.5173655438163784
563 -4.691885260925863
564 -5.5626249319664405
565 -3.9500038142739937
566 -5.351356121635361
567 -3.8354317864224945
568 -3.268984200091766
569 -5.499163322078318
570 -5.337695994399428
571 -5.942051449474574
572 0.011143787080819534
573 -3.8445865359205342
574 -4.399847151652716
575 -3.9583462621099548
576 -5.336316137883209
577 -5.854710729656775
578 -4.825370180922841
579 -5.113016783920336
580 -5.675715177874733
581 -5.269647539139039
582 -4.604520005257683
583 -4.7420245275208
584 -5.512042042840706
585 -5.3208001383685
586 -5.224879243654684
587 -5.224608277908519
588 -4.091585718546935
589 -3.9223510143315328
590 -4.857703547425556
591 -0.4744378747438224
592 -5.449192183564512
593 -4.432154027263165
594 -4.9192914281162174
595 -5.374087113366394
596 -3.676561604153611
597 -5.635549263485793
598 -1.091044910628745
599 -2.7828458974220522
600 -4.856872335303774
601 -4.128680805873107
602 -4.477402729250378
603 -5.393291766740571
604 -5.664137438959588
605 -5.775535312960172
606 -4.183654782138115
607 -5.9139278494146055
608 -5.266430028746862
609 -5.811453240042482
610 -5.729604950930293
611 -4.621494771270533
612 -4.833764113134041
613 -5.941741678634768
614 -5.154569083517885
615 -4.0866259855734555
616 -4.944974540044709
617 -5.9603519326645475
618 -4.574201883860583
619 -5.405004124070748
620 -5.8370756667761
621 -4.987202430049893
622 -4.548451208868084
623 -5.216429851860512
624 -5.352351763900765
625 -3.309652180227049
626 -4.908229953005777
627 -4.0938140177490805
628 -4.9372697872423865
629 -4.498825280294939
630 -5.586086291520034
631 -5.16777217529481
632 -5.007714787679425
633 -5.277297574374681
634 -3.7660093971352318
635 -4.396711800557445
636 -4.8987108456231585
637 -5.481965121228202
638 -4.1181834487361915
639 -5.147391825587788
640 -5.380500394196573
641 -4.232755851972002
642 -4.813187604773719
643 -5.581520698813986
644 -5.1104548811202735
645 -5.152773167351236
646 -3.897735837201218
647 -4.468786793318797
648 -3.975089790881782
649 -5.125072862925489
650 -5.282687844359143
651 -6.016971631716789
652 -5.276434740257037
653 -5.531873556714623
654 -5.057570146981657
655 -5.1015390577832465
656 -5.089914892728848
657 -4.721465995804648
658 -5.2812708267538
659 -4.482736281511078
660 -5.797800230464439
661 -4.596017855783215
662 -5.786472120973865
663 -5.062939556125956
664 -4.550012523879934
665 -4.622711995445591
666 -5.369940580929251
667 -5.81467179171599
668 -5.471803961998546
669 -5.9830018042752275
670 -5.386908263781871
671 -5.26524427762653
672 -4.850145579313877
673 -4.770784225756244
674 -4.588013495463234
675 -5.145840410358112
676 -4.69937871209613
677 -5.475939177953361
678 -4.696976549209863
679 -5.517665961864399
680 -5.683833382255572
681 -5.410069525901566
682 -4.994045530874423
683 -5.398842232710583
684 -5.329226831888944
685 -4.908384785334004
686 -5.414697220173738
687 -4.9342521612090415
688 -4.163749471140768
689 -5.77594562066335
690 -5.708342016381249
691 -5.205995960044759
692 -5.8794741725159785
693 -4.483515593122926
694 -5.086139415233546
695 -5.359808161557742
696 -5.315218487277099
697 -5.431121252213699
698 -4.979955600133422
699 -3.7621695136492206
700 -5.081383708596825
701 -4.73726300707047
702 -5.108732858256811
703 -4.590579211878466
704 -4.277511075063499
705 -5.6196382371222136
706 -3.926241914585133
707 -4.911183620211314
708 -4.500902805566342
709 -5.309189284005495
710 -5.990187534357524
711 -4.801379383643263
712 -5.371563028139528
713 -5.062132306822491
714 -4.825535463960022
715 -6.109253546744075
716 -4.579090906976742
717 -4.994928385257654
718 -5.056124925357405
719 -5.374171247613493
720 -5.082221225946148
721 -4.7957512264167566
722 -4.489881525877355
723 -5.327359307240948
724 -5.253301669562663
725 -4.940410810584387
726 -5.549325302397764
727 -5.2137397027705
728 -4.180047669536023
729 -4.969133299266428
730 -5.072858611687968
731 -6.025734863572805
732 -5.656439695752027
733 -4.559958762542433
734 -5.820028643982398
735 -5.097995798754259
736 -5.2761900237459916
737 -4.4298820455114605
738 -6.065124302696469
739 -6.3369524031651725
740 -5.492318875652967
741 -4.88734251498178
742 -5.180146479302816
743 -4.823085441142869
744 -5.349400331405485
745 -5.53701099149631
746 -4.864808985409106
747 -5.429007419100949
748 -4.590404090247624
749 -4.56517674363346
750 -4.6132955228010175
751 -4.7087838481163935
752 -5.045415498695232
753 -4.648045755626608
754 -5.276426455303245
755 -4.770633948388392
756 -5.438511050942163
757 -5.5469130399387465
758 -5.1217972417891
759 -5.691598218439943
760 -5.149524267138796
761 -5.141779917182199
762 -4.997745841462839
763 -4.793367853790281
764 -5.5010903339061095
765 -4.989841791180187
766 -5.55823244384762
767 -5.064240554714925
768 -5.4103173647860086
769 -5.1267997926616395
770 -4.484352020890576
771 -5.393448757409917
772 -4.460377521900835
773 -4.894074651017056
774 -5.601031244512386
775 -5.287835764658709
776 -5.420976796788728
777 -3.8103588021625407
778 -5.0987731106731085
779 -5.3710529279857075
780 -4.363071344622831
781 -4.355225672201242
782 -5.356014318698463
783 -5.178162798518949
784 -6.207533897368949
785 -5.93318190934031
786 -5.677994452578835
787 -4.9067730012810475
788 -4.498904010471332
789 -5.771590878929421
790 -5.467195936032678
791 -5.134072286539388
792 -5.749529489996164
793 -5.647071143248343
794 -5.772351086211067
795 -4.550599975023593
796 -4.8466055899860665
797 -6.136013234026886
798 -5.44683474254587
799 -4.815149796860748
800 -5.703093985378189
801 -4.661474646927195
802 -5.882894075782266
803 -5.119494829282496
804 -5.695295159610163
805 -5.567452942408191
806 -5.163375290249379
807 -5.013044603422975
808 -5.528996094214558
809 -5.069580702792709
810 -4.890524292946304
811 -5.515324073386389
812 -3.299520825183931
813 -5.030128120080416
814 -5.681188567045044
815 -5.361428865382335
816 -4.98858761402258
817 -5.345119166552423
818 -5.83178009025672
819 -4.3800863179915055
820 -5.182694433473237
821 -5.522074832132854
822 -5.025104491823536
823 -4.464381498799973
824 -5.111569022841549
825 -5.7364010284847815
826 -5.065111235347538
827 -4.954402949222864
828 -5.468892441782842
829 -4.970899530520658
830 -4.304593093833369
831 -5.8361195104781505
832 -5.161551606347661
833 -5.096213352376729
834 -5.816649733758048
835 -5.93790860750463
836 -5.10453218054317
837 -4.192901595698091
838 -5.48783656672366
839 -4.385639848719484
840 -5.161271218961662
841 -4.693096796765982
842 -4.372337854762351
843 -5.198178536965715
844 -6.182118078963345
845 -4.498451316692134
846 -4.961992865864161
847 -5.020949824929824
848 -3.8391938714090412
849 -4.614848193081511
850 -5.686840545214206
851 -4.986751520392623
852 -5.573802051967512
853 -4.727932743713966
854 -4.939956326056782
855 -4.507306610819105
856 -5.221606412818362
857 -4.926394600616489
858 -4.914601881101045
859 -5.559130949609639
860 -5.241961010804621
861 -5.31960106314513
862 -5.2040567475368205
863 -5.305937191838937
864 -4.77873794201157
865 -5.470643170328794
866 -5.939644396291405
867 -5.409095092978688
868 -5.660464047603447
869 -5.575281420318299
870 -4.9071065911194065
871 -4.948845339774569
872 -5.833118328074444
873 -4.395920890508629
874 -4.19619957886585
875 -4.77930867804353
876 -5.094169731354565
877 -5.838999001951757
878 -5.312371423343796
879 -4.261947358255849
880 -6.17883224917874
881 -5.451430000549744
882 -5.1089172242899865
883 -5.438561795489458
884 -3.315806194606436
885 -4.819924135743865
886 -5.081468629592357
887 -5.618306167818778
888 -4.93595133745188
889 -6.120295237303764
890 -5.679765106537425
891 -6.0423937138480435
892 -5.356967404240818
893 -4.540464442601977
894 -4.573184814848936
895 -4.042605407441519
896 -5.81102979408906
897 -4.942142347724267
898 -5.775701681628023
899 -5.079654604504385
900 -4.9660136532754215
901 -5.008701283695088
902 -5.492954841323492
903 -4.626671153778752
904 -5.934008026035433
905 -5.778759486386453
906 -3.9392693367671736
907 -5.1414732089449355
908 -5.125572470035415
909 -4.663023684796977
910 -4.675951753934673
911 -5.112582293992234
912 -4.533459798912001
913 -4.681444648361538
914 -4.698156878150065
915 -6.204890476096692
916 -5.118729782069014
917 -5.595557229673802
918 -4.805615002992193
919 -5.018419539476122
920 -5.875529478527997
921 -4.733062944230586
922 -4.7929759737685895
923 -4.943223526165524
924 -5.133009755026536
925 -5.407649977893189
926 -5.1532675269572605
927 -4.942995625511127
928 -5.053433268541449
929 -5.54829027154448
930 -5.191367511038877
931 -4.572712235308508
932 -4.9346133834939305
933 -5.92958779271526
934 -5.816325194953507
935 -5.557020381374821
936 -4.540157324229322
937 -5.1021222614295265
938 -4.584031751230857
939 -4.807842429626614
940 -5.66289556313206
941 -4.848637951262354
942 -5.527709635897231
943 -5.634901615931474
944 -0.8479438338456364
945 -4.691784529090219
946 -4.678663497947441
947 -5.329931114197325
948 -5.6816472849829305
949 -5.23197903934147
950 -4.593417128524689
951 -4.82640149516905
952 -4.494438530836723
953 -5.118588097300562
954 -4.978114944898465
955 -4.91369312980131
956 -4.945402756178757
957 -3.875352133708928
958 -5.930452540769916
959 -5.318455190402889
960 -5.388756696494961
961 -5.040120249081863
962 -5.555336580042783
963 -4.752034376762597
964 -4.841683554638363
965 -4.494909046310889
966 -5.521538374790389
967 -5.215251707150066
968 -5.404465133404243
969 -5.195413941638004
970 -5.270852231853511
971 -4.544703088032967
972 -5.4215688301674625
973 -5.225556321562941
974 -4.626937614975697
975 -5.586227085835458
976 -5.868280386259917
977 -5.007617118683743
978 -4.60243043643779
979 -5.607581238425259
980 -5.544851892649362
981 -4.355528253979463
982 -4.629101009375182
983 -4.4594386319847
984 -4.386707785933354
985 -5.566017914348775
986 -5.012184346674801
987 -4.640157265831784
988 -5.228982671096023
989 -5.128924934186716
990 -5.702212381160047
evaluations raw_y
1 1.894572384115823
2 7.138343680747333
3 3.4099592323589727
4 0.6602349140786942
5 2.74023249316328
6 0.2886591532745366
7 2.033381363278688
8 0.8461765801939727
9 7.006875010098678
10 5.658765566599132
11 -1.1508540562278868
12 -4.089296721930259
13 5.3194870793521565
14 5.801293631217341
15 6.274155238203386
16 5.735269766864655
17 7.13672202453813
18 4.732524414652155
19 6.1053075810243405
20 4.952790483882687
21 1.2953214887090834
22 3.7058744184098673
23 5.648084418182441
24 3.0811137517447675
25 -4.372840822193336
26 6.484747232631621
27 4.497481500396058
28 5.886691354753636
29 3.2226037354410266
30 3.3090210165841736
31 -1.8101785053898611
32 3.687287834936571
33 -3.0787433881291033
34 1.4338394026218588
35 -1.8765752442339687
36 2.006979591392935
37 -2.027319167204012
38 -1.6076000753714519
39 -2.7582383239649273
40 2.747149740577421
41 -3.8073225379826803
42 3.6471712259928073
43 -2.056956353541503
44 -1.0500491530667426
45 1.2736894304867976
46 2.3178622475714183
47 1.3228362142853856
48 2.486840754156119
49 1.841219847530707
50 3.2413365551408537
51 0.7812290908679382
52 -2.222613637531084
53 -3.3075248507543438
54 -3.9512273922834438
55 -2.2407830595844365
56 -3.345297528565906
57 -3.5349596803279013
58 3.2034023848973723
59 1.8127557848099076
60 0.33218049032656577
61 -2.2294137999921033
62 -1.8654495196901406
63 2.403177648386669
64 0.1775848901653731
65 -1.5718616551780984
66 -0.3455142811236567
67 1.4285725913541665
68 1.3581502458502996
69 -2.4810987849946997
70 3.666365824218932
71 -2.6724740637939255
72 -3.522286459248923
73 -3.739742203143373
74 -1.6262895319870168
75 2.1046108200744005
76 2.731606652806595
77 0.6629856831642402
78 1.8502445548640123
79 2.961075842525537
80 0.33162380686924664
81 1.0653418045589318
82 -3.81190917862711
83 4.265161471268094
84 -2.5043377084193637
85 -4.865554072042896
86 0.23033991509708066
87 -2.967458919615039
88 0.6721174975865243
89 -3.7720683477896237
90 -1.9769945552993158
91 -2.607509369220712
92 -3.778701943915921
93 -2.518805592042858
94 -2.409623600495281
95 1.201928280217377
96 -1.7120012381746812
97 -1.6350236403814928
98 -4.060758400177391
99 -2.9104364991368317
100 -0.8009968324548826
101 -0.8448944403343771
102 -1.6475970663890194
103 1.7099263555586657
104 -0.6949787301048505
105 -3.5427518276642163
106 1.7735034250973944
107 -0.6338358938813917
108 -1.7725045073630223
109 2.512656531195929
110 4.407724283265603
111 -1.7255973069343384
112 -4.677010650957198
113 -0.37807675968987964
114 -1.340394030442309
115 -3.3226014925405174
116 -5.270013019597526
117 -0.26907392169733396
118 -3.544640984659578
119 -4.196338576904275
120 -1.4721681136891658
121 -2.63674544635125
122 -3.9614167023603595
123 -1.6895917933112474
124 0.3434812902543106
125 -2.633826197233945
126 -2.998488663530138
127 -1.888710047390955
128 1.84186902378372
129 -1.4272875844091601
130 -0.525854728071226
131 -3.452784223415466
132 -3.5668181883223506
133 -4.060216587403879
134 -1.906780379505269
135 1.3108049788232394
136 2.4413658127087903
137 0.37351965276948496
138 -0.9825834654521386
139 -2.9545313824465413
140 -4.176333394658433
141 0.2802520639418792
142 -4.406212116631796
143 -1.3223499513897217
144 -4.881497375023059
145 -4.366443643223919
146 -3.8488980756781026
147 -3.0251768926572584
148 -4.187655372882882
149 -2.995712123546215
150 -1.6999172587441727
151 -3.640110744770316
152 -4.589584132670933
153 -3.9568386833156954
154 -2.0650037049026118
155 -4.51296205384473
156 -5.307146711197558
157 -3.873239768131673
158 -5.787825932132525
159 -1.0015398196855383
160 -3.399822456460566
161 -2.3176968859809435
162 -4.362949499108143
163 -0.01240589821324356
164 -0.28177610132330644
165 -4.611842368278159
166 -0.1146095101088006
167 -1.1395411220412663
168 -4.708119371959761
169 -3.3453199451230837
170 2.253224916224599
171 -4.454041196217099
172 -4.170015002847467
173 -1.5704442088445485
174 -4.011251835667838
175 -4.698455363365106
176 -2.2908611902700695
177 -2.1853107281906223
178 -1.5105185160468475
179 -3.553789312595004
180 -4.0097540342489495
181 -4.86283579961521
182 -4.43025731822847
183 -5.002231444580084
184 -4.514394211346736
185 -3.5096634975436807
186 -4.289625342795907
187 -4.849380936046139
188 0.15777130510691542
189 -5.482084964192931
190 -0.5191835851288403
191 -3.112403003498372
192 -3.140358399248031
193 -5.408241104352367
194 -1.7600843675066327
195 2.438007712197245
196 -4.306447918344322
197 -3.4895449299353287
198 -1.6557562507385857
199 -2.6204915785148666
200 -4.597393656446967
201 -5.1064304593181635
202 -4.107844018682003
203 -4.114882144292696
204 -5.112673468477286
205 -4.389587244145864
206 -3.0815970215146757
207 -3.3274962634207195
208 -5.186827607245325
209 -3.388497715624774
210 -4.565768447767516
211 -5.844600881260905
212 -4.388347981004706
213 -4.322243108962092
214 -4.408267424673406
215 -1.5552676288280785
216 -5.029695606932377
217 -4.92461623698628
218 -5.1038158761972205
219 -3.807823128054368
220 -2.731366836315115
221 -1.925436912222152
222 -0.002002602655129526
223 -4.793774134794964
224 -1.1731387072024162
225 -5.205865931718433
226 -5.578521925789506
227 -5.184872130479646
228 -4.612557938124419
229 -0.7115099176172603
230 -4.679747203744273
231 0.4096708871485657
232 -4.757635251235215
233 -4.6093719456218905
234 -3.5451999822555313
235 -4.1135328023988755
236 -4.7608976513557195
237 -1.0804476770030045
238 -0.7436079183745525
239 -5.340310201063082
240 -5.141899479473693
241 -3.568578222959797
242 -2.364011786407393
243 -4.742846495234039
244 -4.3074138561156206
245 -4.903623426982452
246 -4.526985059158209
247 -4.469861127067539
248 -1.1847741838868784
249 -5.164781558206871
250 -4.863967290756179
251 -3.149955089793584
252 -3.2158514030305914
253 -4.341981390845692
254 -2.4999219207096175
255 1.2967026388556298
256 -5.151981425426458
257 -5.470240654008351
258 -4.643274841569314
259 -2.89642346699154
260 -4.9133568832869114
261 -5.489443677353918
262 -3.8138594778532604
263 -4.267156480910053
264 -4.778661899389524
265 -4.638390322979692
266 -4.85835452643093
267 -4.578859427701512
268 -4.4447144476258185
269 -3.5536766660539065
270 -5.053316320773029
271 -5.670235000680097
272 -2.9664439543141277
273 -4.360507222474569
274 -4.63460901782981
275 -5.571208588174325
276 -4.054287566548872
277 -5.703881283058986
278 -3.938755167182783
279 -5.004802778895477
280 -4.062170561956373
281 -3.6545333953611117
282 -1.8675541600033485
283 -4.271003508432837
284 -1.5544847963412842
285 -5.162472187981359
286 -5.3166276152098355
287 -4.800541827943524
288 -4.734352709069096
289 -4.666266253096604
290 -0.8064228020415678
291 -1.0815044157964797
292 -4.440651406737261
293 -4.8463732823833245
294 -5.409385476758455
295 -4.631466757307612
296 -3.750653612746051
297 -4.329274593879346
298 -3.7675588719548587
299 -4.65045968941998
300 -1.442732579745864
301 -5.18215600185386
302 -4.794646570562515
303 -5.234900420412582
304 -4.648456534636859
305 -4.790911823508643
306 -5.110009024202089
307 -4.900961961548544
308 -1.587278207547461
309 -4.256674702953041
310 -5.026310629803622
311 -2.5440912092133345
312 -4.516308713928134
313 -4.675555485348392
314 -5.19430374025093
315 -1.3774169626254755
316 -3.9384463936244383
317 -5.046275376860881
318 -4.066033794465948
319 -2.0145085650533736
320 -5.916165702334909
321 -4.535272174735328
322 -3.6985591608783137
323 -4.77468989428632
324 -4.423943891925802
325 -3.9820469545266084
326 -5.004623305546091
327 -5.4317859935384005
328 -4.569659986590704
329 -3.7485171147357237
330 -4.45197296395509
331 -4.697292386656759
332 -5.45202101156408
333 -4.833290227362981
334 -4.2965155140555655
335 -4.475087106197942
336 -5.179401901704728
337 -3.4203658275512447
338 -4.945471519192452
339 -4.295545367337678
340 -6.134725512349055
341 -5.119788386646745
342 -5.236230595851173
343 -4.4583487350634305
344 -0.2691909621539028
345 -4.938529850467261
346 -4.701417636692762
347 -4.267804867149621
348 -5.175645306301456
349 -5.447670431478954
350 -0.582244812115143
351 -1.517048628480036
352 -4.8462849144157225
353 -4.504363889064539
354 -3.8892704780680045
355 -5.544284964124678
356 -5.859089793404076
357 -4.952211666561665
358 -4.741330682870269
359 -1.0374163577064013
360 -5.033721119570926
361 -4.476092516719804
362 -4.4183987832735605
363 -4.336106933493341
364 -5.126965881542303
365 -4.740479415317618
366 -5.212865126801867
367 -4.373186829850221
368 -1.9277616437331997
369 -4.80386370069386
370 -4.262183305745639
371 -4.790085898784443
372 -5.517365235736172
373 -5.3010305126814234
374 -4.30404567025519
375 -1.3527081714942177
376 -5.598047534604799
377 -5.189490670369172
378 -4.5943031004920485
379 -2.640863196140682
380 -5.466257356836598
381 -5.557781823756938
382 -4.997868620238993
383 -4.133198073864601
384 -4.0183460406900835
385 -4.615475260127125
386 -4.98481569641421
387 -5.658465945488617
388 -5.70126096357457
389 -3.342094319448699
390 -5.001269898535524
391 -5.570250053027103
392 -4.091671497875876
393 -3.261206772511778
394 -5.236601171781917
395 -5.297766108019471
396 -3.9118295935641156
397 -5.0277242456143165
398 -4.18031256012488
399 -4.8422908187803175
400 -3.765998030687273
401 -2.807982804864852
402 -4.17878804834324
403 -4.509921630889132
404 -0.9320577660526767
405 -4.453404045184362
406 -5.639413916287148
407 -5.252809739919284
408 -5.337249650814978
409 -6.140793371401086
410 -1.4937317124236613
411 -1.058649186760846
412 -5.365429866943863
413 -4.616390870001904
414 -4.403142878364684
415 -6.159937336944131
416 -4.939641785214962
417 -4.288332802278186
418 -3.427703650172995
419 -5.435130165413263
420 -1.1781345295113543
421 -4.453162722032852
422 -5.33340778735919
423 -5.340733531014014
424 -5.481635168009172
425 -4.733326124826856
426 -5.402609862859477
427 -5.0378608262413795
428 -1.5115773572887248
429 -4.498204218425982
430 -4.72415556792782
431 -4.887186402185391
432 -4.804902660722114
433 -4.209370698789735
434 -4.587999087540277
435 -1.08642893216184
436 -5.021618024531407
437 -5.270783976654821
438 -5.346374450629394
439 -2.3687027397395948
440 -4.677566089881669
441 -5.809408331078194
442 -4.41503953161492
443 -5.441534057966052
444 -5.872517524949872
445 -5.009789858345762
446 -5.155234938790884
447 -4.428413349623786
448 -4.912554630379017
449 -4.059359585388832
450 -4.827276988492189
451 -4.476057066855999
452 -4.280225850331369
453 -3.9976526524393634
454 -4.545937935321864
455 -4.911524891732294
456 -4.273353048973826
457 -4.05036363532308
458 -5.070671472724515
459 -4.997789456164036
460 -5.479978105477896
461 -4.225620645521306
462 -4.385066599017343
463 -5.2537936099323534
464 -0.2858969213712229
465 -5.221686195435434
466 -4.089389406990148
467 -5.536206452036275
468 -5.2380203431353465
469 -4.999640966779459
470 -2.644866343379242
471 -1.2074609898231066
472 -5.262230280672544
473 -5.297056431077562
474 -4.378655501004478
475 -4.592273077694511
476 -5.45980071759365
477 -4.613095066608241
478 -5.977748221743321
479 -5.896844818617561
480 -4.974918354800467
481 -4.727367599794771
482 -4.955126116082452
483 -4.800520370284245
484 -5.494137061295191
485 -4.971934635920145
486 -5.067324260607272
487 -4.983885678427291
488 -1.2362177101751612
489 -4.961861806779818
490 -4.389174027453879
491 -5.13163528825129
492 -5.544368595575269
493 -4.663191442036295
494 -4.354555190634082
495 -1.6998070739210513
496 -5.354625081576526
497 -5.549895018877021
498 -4.651384331060585
499 -2.1383065989269276
500 -5.449416402673442
501 -5.71438660506392
502 -4.460908098049366
503 -4.352448980552162
504 -5.389207724672031
505 -4.206650108472596
506 -4.933742113061702
507 -5.951592047980834
508 -5.103752636865506
509 -4.894293912423993
510 -4.262727529197785
511 -4.758232853029395
512 -4.792624949449387
513 -3.9227483532286396
514 -5.319966599541833
515 -4.71995257247672
516 -5.041127265762657
517 -4.74011119666708
518 -5.550303044789487
519 -4.3221677933251215
520 -5.362219718007414
521 -4.936450466027974
522 -4.7709517360169
523 -4.906379342151347
524 0.6223715682419922
525 -4.302925737399736
526 -4.87659398253386
527 -4.821116401329704
528 -5.551591574192107
529 -4.962137482251051
530 -1.2722322765591685
531 -4.708369315383168
532 -4.627092754166871
533 -5.292080954605757
534 -4.443283816526266
535 -4.580733693844506
536 -5.701413029026421
537 -5.4316772990434625
538 -5.153493255083706
539 -4.62001405291408
540 -6.038426671946166
541 -4.432850412503633
542 -5.478685517991606
543 -4.389892777842311
544 -5.364993191977497
545 -5.081893800206093
546 -4.510211405699153
547 -4.166390255024655
548 -2.3331377660134587
549 -5.447634683360146
550 -5.357428205155871
551 -4.7497087595942045
552 -4.729674717788429
553 -5.469881053494389
554 -4.312104565005668
555 -4.87093643405432
556 -5.554193305823763
557 -4.504260502396848
558 -4.062203273807408
559 -1.505450171669723
560 -4.874269677176567
561 -4.221378161081452
562 -4.84178032384137
563 -5.537072468527448
564 -5.075013046210815
565 -4.796248869651506
566 -5.375546143911668
567 -4.4800240237360125
568 -5.3884041063093315
569 -5.435571268371636
570 -4.634366551593677
571 -4.279143100041847
572 -5.255301662434666
573 -4.978161298596668
574 -5.671385072491584
575 -4.98332835443085
576 -4.401768026698749
577 -5.35405776174667
578 -5.113868783386301
579 -4.7793966549955815
580 -5.291338565426988
581 -4.880101666680809
582 -3.8367468187392673
583 -4.739871769861612
584 1.5642292491408303
585 -4.7013644908325904
586 -5.178184531758868
587 -3.828138194621305
588 -5.083679762138214
589 -5.784403233763709
590 -5.149407657579221
591 -4.851819887764165
592 -5.1297135437667905
593 -5.081795779053217
594 -4.516851054505208
595 -5.602367505585905
596 -5.2290225231711815
597 -4.86442804247493
598 -4.936457189892193
599 -5.116245297001383
600 -4.762889746452913
601 -3.997470112952702
602 -5.343638264142486
603 -4.9709338751875265
604 -5.156459100623771
605 -6.032238732683082
606 -5.316683585579269
607 -5.399516562584322
608 -0.3917291412499637
609 -5.305346935057626
610 -3.6395985601343854
611 -5.0391820337521995
612 -4.7397489381063025
613 -4.503673562362942
614 -5.339997514534194
615 -4.3726378092828115
616 -5.620071967053735
617 -5.010006885751706
618 -4.362379083061892
619 -5.360070653031684
620 -4.108711119302237
621 -5.268128437480984
622 -5.019620771956546
623 -4.424807279043988
624 -4.928699968849183
625 -5.602754525110934
626 -5.703572579430977
627 -5.936625330226368
628 -5.0007937043870685
629 -5.165496629381362
630 -5.03295926897353
631 -5.183524240853807
632 -4.941964625231513
633 -5.231774848548589
634 -4.958914934792654
635 -4.345967679639024
636 -4.580597361630794
637 -4.501503255876584
638 -5.178918789462897
639 -3.941031671406013
640 -4.23694239526111
641 -5.908350794778527
642 -4.403407409915303
643 -3.9768983674052896
644 -3.185533574562274
645 -5.218683793716745
646 -4.516232169715659
647 -4.884757206524336
648 -4.915594057917697
649 -5.5408660041293665
650 -4.330629682911994
651 -3.884466485547331
652 -4.440052853814748
653 -4.769896283839917
654 -4.553488261689656
655 -5.137904769340786
656 -5.223984153081004
657 -5.102549372310016
658 -4.8695817942279955
659 -3.999109407270347
660 -4.673584284200957
661 -5.357039288515927
662 -5.468356502343825
663 -4.801810982169871
664 -4.400332026376917
665 -5.147838296458805
666 -4.9859691608311785
667 -5.907634726268675
668 -4.106199944782797
669 -4.338659740511885
670 -5.54740419979642
671 -4.897886179237825
672 -5.79161922438259
673 -5.3178928458623185
674 -3.791039833971329
675 -5.442675937121182
676 -5.729506729965322
677 -5.764140040816009
678 -4.799566126949439
679 -4.040686649804259
680 -4.6716810594877245
681 -5.0434010150955135
682 -5.375229257841343
683 -5.580277948451401
684 -5.350568373695488
685 -4.707421422687591
686 -5.73334882112541
687 -4.366233241802178
688 -4.855396890288744
689 -4.756380762052386
690 -6.3630649485955635
691 -4.316471437667405
692 -4.607023583536123
693 -5.486046717505222
694 -4.799192502956098
695 -5.05741652613833
696 -4.340808925047282
697 -4.66995743392367
698 -5.41689031307053
699 -5.452393107736368
700 -5.158100662129199
701 -5.129504095001257
702 -4.705478026302246
703 -5.787011758821956
704 -5.173719618830732
705 -5.314777395911331
706 -5.0013178586280125
707 -5.45402925572755
708 -5.239763030962309
709 -4.803498514135406
710 -5.874194032538408
711 -4.826768358015587
712 -4.832868124339289
713 -4.906995913959679
714 -5.053059905426594
715 -5.302970356134278
716 -5.566656328047148
717 -4.838463809629218
718 -4.92631021903361
719 -5.472287224184967
720 -4.026609586268474
721 -4.727135239347221
722 -4.855366678725808
723 -4.830152194393316
724 -4.288454689460875
725 -5.180875616734036
726 -5.17628599674698
727 -4.702137361172802
728 -5.648771484094048
729 -4.616483390174649
730 -5.440378919146181
731 -4.684010382034982
732 -5.13992442064171
733 -5.026319772699199
734 -5.570369807667108
735 -5.578679532554722
736 -4.515036772816371
737 -5.08919114181518
738 -4.53453527793522
739 -4.304582353592778
740 -4.996978419939704
741 -5.276197923508138
742 -6.16240741860112
743 -4.869632011534983
744 -4.479420958230097
745 -5.614600877849075
746 -4.229747014536997
747 -4.814400133333477
748 -4.05677939650087
749 -4.968488858801943
750 -4.410558561761939
751 -4.898438323797405
752 -5.276213547511335
753 -4.656978984130089
754 -4.244260603793779
755 -5.121412201309082
756 -5.1707052582927995
757 -4.9058566049978065
758 -5.03467581842382
759 -4.753043115229723
760 -5.330495028226806
761 -5.787213698994468
762 -5.771059660990458
763 -4.221549922978758
764 -5.569777375555358
765 -4.890043932256485
766 -4.720076860555317
767 -4.805691980504232
768 -4.13965888110507
769 -4.144893187439882
770 -4.631220712915967
771 -5.337137413401678
772 -5.197834269927301
773 -5.452809097140249
774 -5.41862425901782
775 -4.611447230964261
776 -4.103169205370916
777 -5.413818854941097
778 -5.363999904900682
779 -5.279254288793845
780 -5.108340884054117
781 -5.972708949562585
782 -5.7982105650518845
783 -4.601978705061493
784 -5.426956975792417
785 -4.311230889041708
786 -5.450254673552241
787 -5.080945398418906
788 -5.044881322392856
789 -4.5538736349762905
790 -3.791389835702323
791 -4.053818447367451
792 -5.273152205358072
793 -4.092292654831925
794 -4.74772242538083
795 -4.670013979797505
796 -5.486079176512207
797 -5.6205328094346845
798 -6.248918439103884
799 -4.693557729302052
800 -5.1782419395218495
801 -5.324460248723486
802 -4.400069761527435
803 -4.719468841822616
804 -5.272999475796587
805 -5.907108256406861
806 -5.150918940595504
807 -5.172033034576378
808 -4.943546546811471
809 -5.5683641654239
810 -4.959792250825779
811 -4.687309305403356
812 -3.9703209103799977
813 -4.754825457682756
814 -5.248164270667594
815 -4.385705354229767
816 -4.079520277673498
817 -5.644041931928207
818 -5.775783804392427
819 -5.55398932092406
820 -4.4688950759285255
821 -4.71249750927288
822 -4.584838074967388
823 -5.337652149635286
824 -5.402465969288754
825 -4.387160639593183
826 -5.866713208127728
827 -4.496631606485328
828 -4.215734568882647
829 -5.2944962067560235
830 -4.953856466193107
831 -5.378265582649746
832 -4.829571135961317
833 -5.199453255283382
834 -4.453103456383838
835 -5.365103272445333
836 -4.740051209317649
837 -5.252618918339987
838 -5.363926075942556
839 -4.847951056283447
840 -5.171180167717254
841 -4.634256349634886
842 -5.593657301121652
843 -5.666825907971127
844 -4.228164364297912
845 -5.366416896204242
846 -4.748823532065739
847 -5.331353736889538
848 -5.905156430984754
849 -4.481505635736267
850 -4.708192872634388
851 -4.75813412494397
852 -4.401993560858404
853 -4.4351309436942845
854 -4.814811244638343
855 -5.7046224939486665
856 -5.94307930909531
857 -3.9801234741189844
858 -4.998748656646623
859 -5.908489219186271
860 -4.526274491666792
861 -4.018830936549483
862 -5.011185036176899
863 -5.061373351186989
864 -5.374217884853573
865 -5.608986535882771
866 -5.332549199019454
867 -5.57536120242082
868 -4.950066470505667
869 -4.070186913669722
870 -4.2856700051268035
871 -4.7222575974454175
872 -5.038280733285422
873 -5.267442019734426
874 -4.892054138766846
875 -5.68141121950375
876 -5.089206510246502
877 -4.609167141921208
878 -4.946911647929348
879 -4.728219290107706
880 -2.9576031889820262
881 -4.68831990023787
882 -5.582143995915089
883 -5.647344623536308
884 -4.431562992958709
885 -4.00268239626773
886 -4.1367139177502406
887 -5.0297057433496075
888 -5.182853630654098
889 -4.835157121104828
890 -4.73488791295024
891 -4.6780125747065995
892 -4.377230884251336
893 -5.2961555968328495
894 -4.9214747287910185
895 -5.012112634907753
896 -5.312026062595908
897 -4.469877725934328
898 -5.065273898067508
899 -4.597108880624404
900 -4.917363831994575
901 -5.354510130176686
902 -4.960930044013446
903 -5.513700450847715
904 -5.250691196920967
905 -4.8658163894047455
906 -5.563284338660363
907 -4.0443252531011336
908 -4.735792165337072
909 -4.553524558468009
910 -5.246390875203824
911 -4.228650998137473
912 -5.161462491799975
913 -5.432863899897497
914 -5.199845129216188
915 -4.565402620330094
916 -5.15559687334862
917 -4.898960905217504
918 -4.876390223541178
919 -5.348988730363347
920 -5.381015258797286
921 -4.954429536408389
922 -5.269345934385238
923 -4.473185367507609
924 -4.515460782347082
925 -5.463148471100195
926 -4.631816236058688
927 -5.596335734030356
928 -5.686700820617774
929 -4.825604514356
930 -5.136139675249008
931 -4.970463932181333
932 -4.101525870133688
933 -5.1806062823170755
934 -4.5135780728722805
935 -5.422808552637042
936 -4.239687568073392
937 -4.423270275077733
938 -4.204660046816629
939 -4.962388977942005
940 -4.330142493151287
941 -4.2285619367810305
942 -4.44105762948734
943 -4.7953757697604
944 -3.8899483001851056
945 -4.789068098989109
946 -5.791262922376777
947 -3.935509941862935
948 -4.695617743453866
949 -4.1321419949213505
950 -5.240117420593874
951 -4.858352059641166
952 -5.238492619839429
953 -4.233395457702753
954 -4.917861310158299
955 -4.9894393716350045
956 -4.383483468972981
957 -4.492259117460427
958 -5.004575782486878
959 -5.097284268794981
960 -4.605090763825392
961 -5.378377103320155
962 -5.226092334851412
963 -5.350718764074397
964 -4.950587523038885
965 -5.498889921118785
966 -5.212697253162458
967 -4.263149594752682
968 -4.638488337316171
969 -4.898977160892241
970 -5.4233747155814385
971 -4.340483586538001
972 -4.965095455223411
973 -3.8715616414474283
974 -5.3863384410969095
975 -4.234519650593635
976 -4.613694823403205
977 -4.7993452943411254
978 -5.12089510545397
979 -5.269005020390447
980 -4.513758233037468
981 -5.893194968873916
982 -4.591907174054013
983 -5.377320385683184
984 -4.586733002378397
985 -5.010026056875838
986 -5.388847090261827
987 -4.8538612711509534
988 -4.838312110802522
989 -4.912864344445827
990 -4.981555259901493
evaluations raw_y
1 5.0808415872028645
2 1.1127617927045281
3 2.3184439391225746
4 5.351105157886423
5 5.556014235709515
6 2.9088933128501355
7 5.138264513375214
8 -3.6436644306716883
9 5.963416803540421
10 2.164637280945851
11 10.987774386555746
12 -2.164944991695615
13 2.540255991035048
14 5.435442999104941
15 4.626782943018099
16 2.0563766339512526
17 6.998808624749819
18 1.3548932719943614
19 2.5211182615589416
20 -3.512139335646522
21 3.5970715180892925
22 7.038036908734908
23 4.810137394537393
24 1.1246798773581852
25 3.609087357383735
26 1.4351288632498966
27 2.7544857708519457
28 8.272852807210441
29 2.4611688210334406
30 -0.5709831336565002
31 -5.0442150074038095
32 -0.16424250083519737
33 -0.8419243267655356
34 0.31585578931916525
35 2.994192244503729
36 -2.309903048005076
37 8.775565252568548
38 -3.6308859714470354
39 -2.9765457748352855
40 -2.982923721293509
41 0.27255208842646156
42 2.7327140759989317
43 -0.3266126888990921
44 3.714978085319054
45 -4.968778257461976
46 4.043121863776802
47 8.090810489341726
48 7.241751885975627
49 -2.866887584985152
50 1.3025807283231494
51 -0.1300253910680489
52 -4.07417821688512
53 -3.413536893943049
54 -1.4366333116307954
55 2.9488530018715897
56 2.737773313610389
57 5.807226777881437
58 3.734426769287797
59 5.794274532323362
60 1.319957410724394
61 0.6846536162069884
62 -5.375364840169684
63 -0.2637934386942585
64 -2.561811230003449
65 5.561588045264109
66 -0.9577891312140424
67 3.505326941106869
68 -3.563760360779174
69 1.0607835066695674
70 -4.408744030082859
71 3.0796511261061403
72 -2.192811387445998
73 -0.4829248936263255
74 2.9239967063578813
75 2.3074276078691525
76 1.963628862456162
77 0.11054204789622168
78 0.6639705013545136
79 1.5135231624719374
80 -4.32984743697954
81 -1.875715719817334
82 5.500011709332549
83 2.9011213422453155
84 -3.872675647927034
85 3.9456141755318095
86 -1.7353463222483017
87 1.6691456857089115
88 -0.11463568778190836
89 2.7409757706536433
90 -4.39420248053573
91 -3.254071219151644
92 -5.060942668376211
93 2.2524003904700622
94 3.502901817460436
95 5.665842988534037
96 7.048892713874669
97 6.075190678242209
98 -3.931928511339547
99 2.750100993034502
100 5.6859829685273
101 3.3418854517712475
102 4.354101841646198
103 3.259817076134813
104 4.361356178034736
105 -3.6394795358133236
106 6.6818396770089254
107 -2.0323560643293446
108 3.875558211539962
109 6.590727711590286
110 1.2363331893368086
111 -4.034945556784285
112 -3.1141435418900087
113 -4.367105659831427
114 -2.3708187248285375
115 -2.66992740387742
116 1.5064409173692148
117 1.12582399342902
118 -1.3687119839104296
119 1.0357078409796872
120 -4.985085438695406
121 0.6507703165284127
122 -4.914600435121647
123 0.16596205972256825
124 -5.420866584493049
125 5.59105566974856
126 -1.341297603600297
127 3.225543555890405
128 -3.3754359071938356
129 0.3437798323589169
130 -2.8480380296908083
131 3.184326113360971
132 -2.1117350579172185
133 0.6740135026917704
134 3.1166343672888615
135 -4.392359730095991
136 1.8073498426998094
137 -2.8056326986881053
138 0.8067675147099952
139 1.5950140276534324
140 -4.09692796952906
141 -3.2069973853023415
142 -4.933265831815893
143 -0.3658218381691385
144 -4.996528407964282
145 0.7961193209418505
146 -2.4584497564979397
147 1.908611468727679
148 -2.3971787368396527
149 1.795850756883071
150 -4.3307185697510695
151 -4.855146456792769
152 -4.666965476185805
153 0.6339243883736976
154 -1.0274443658168744
155 -3.6768338954048807
156 1.3777782744745024
157 -2.901986163817652
158 -4.8899518981770225
159 -4.920506921927532
160 -5.300039488151564
161 -1.4363244233381027
162 0.7050070162224378
163 -3.1626707806768986
164 7.172937171159774
165 -4.5275197817634485
166 -4.702960552856454
167 -3.985408594742128
168 2.308429637701241
169 -5.069224195277486
170 8.337826969173099
171 5.327720018370719
172 -4.299340527724547
173 -4.70482799600386
174 -0.6244852325070365
175 -5.84577241603143
176 -3.6334569813304523
177 -5.0089954869945155
178 -1.8775961949895588
179 2.154798655442029
180 2.559137674270174
181 -3.2415500481942927
182 -4.183174823290042
183 -0.23930911243766795
184 -4.662740483736745
185 -3.460460090456073
186 -1.4187185463593326
187 0.8896821674777214
188 -4.997130042202849
189 -3.0496374438053726
190 -4.390239262044472
191 3.5095259866255906
192 -4.790267647738592
193 0.02409647666004469
194 -3.1108834625498485
195 -4.802946807826541
196 1.287668830718893
197 -3.1710557755389255
198 -5.301775767088147
199 1.597543351654647
200 -3.8713704931052018
201 -4.601827762424761
202 -4.709187895140717
203 -4.107809005813345
204 -5.010216304907011
205 -2.875036494063597
206 -5.027725633958882
207 2.1131818244762504
208 -2.7487064075458076
209 0.7634470354225206
210 -4.298310425227029
211 -4.411535438162321
212 -3.951009594692345
213 -4.261448972663777
214 -5.238764331027734
215 -0.3596581778300547
216 1.5766479236431383
217 2.496979327484588
218 -5.536546735145821
219 -4.184647549667497
220 -4.392232301440119
221 -5.421161280350532
222 -0.9102727596690338
223 -0.597032354477211
224 -1.3818268472223716
225 -5.225301993343099
226 -5.464229974168288
227 -5.24490634165029
228 -5.010135967082485
229 -3.8212716673082676
230 4.0291823869425025
231 -3.2427558604572297
232 -3.80133706155162
233 -4.929793465045014
234 -4.642487459029039
235 -4.885195389681577
236 -4.522551061637789
237 4.351247391071275
238 -3.6383635323627597
239 -2.565777550380426
240 8.46124883893463
241 -4.248179470785332
242 -4.467518468319524
243 -1.1441068211834862
244 -5.155030414913835
245 -2.7950748137547126
246 -0.7718786995865013
247 0.9847636801527525
248 -4.658281405937295
249 -2.174363712989563
250 -4.828763415108144
251 -0.8091494011602799
252 -4.983793195880463
253 0.009273185908601211
254 -5.30621707307656
255 -4.993096050041596
256 1.7152437016736395
257 -3.944628154241673
258 -4.406586812739873
259 -2.842186352829536
260 -5.412137241090269
261 -4.923995564509533
262 -4.8164597371272055
263 -4.0592814879524735
264 -3.9685357764861346
265 -2.206890214031172
266 -4.527013494478637
267 1.212408068291031
268 -3.867341576738099
269 -3.2105101663375444
270 -5.255636099956342
271 -3.8005140863497515
272 -3.9934898054380277
273 -4.5663885567915
274 -4.619636251321124
275 -3.5165402919094153
276 -0.5449009626655106
277 -3.568813952573246
278 -4.236016109055171
279 -4.651202890412137
280 -6.152450260170887
281 -4.918341443453364
282 -5.335593334135095
283 -4.04734383435887
284 -0.7687655780949418
285 -4.72223658114651
286 -4.906144814119648
287 -4.1370650966497
288 -5.182903572831526
289 -5.074425447385701
290 -4.407948489422135
291 2.4746921233804344
292 -4.717645077558909
293 -2.8609132821008876
294 -3.4373320751368555
295 -5.017338192568279
296 -3.7829084444952623
297 -2.8132564420077237
298 -3.4160097755968595
299 -5.433123422030131
300 -4.235182773796904
301 -3.597453167238137
302 -4.734854442355285
303 -2.3776550271225827
304 -5.161418484201253
305 -3.4864867203649794
306 -1.2218087756622176
307 -2.577063235404564
308 -4.776060418132711
309 -5.470380979845147
310 -5.434785965639473
311 -4.316454227476927
312 -5.870096091085942
313 -1.047667922478637
314 -5.404310150568803
315 -4.843250002166206
316 1.4656728864949353
317 -5.629804751857568
318 -4.9437736146257985
319 -4.269808954425311
320 -4.534943830313908
321 -4.827076680172806
322 -4.7946254591484045
323 -4.698969296809469
324 -5.28538748976051
325 -4.671398512207767
326 -4.428734230339623
327 -5.079773079031141
328 -3.696471257323393
329 -4.4577867900096875
330 -5.062958904382135
331 -5.614928650590597
332 -4.897531228913871
333 -4.175161757661961
334 -3.0369467543120368
335 -3.803053152284694
336 -3.94291431044663
337 2.46301233995204
338 -4.761464562731446
339 -5.287947818063218
340 -4.934782751562555
341 -5.402861920782831
342 -2.647337645930668
343 -3.974199450978048
344 0.08335788724006862
345 -4.265783614377304
346 -3.666678041140539
347 -4.406683482545168
348 -4.1201480081391875
349 -5.371800176095994
350 -3.23560008079502
351 -4.957211347437071
352 -4.90374033904614
353 -3.97360539464701
354 -5.492241004796337
355 -4.769907747737441
356 -4.972914284392752
357 -4.859955353157257
358 -5.142121776040548
359 -4.280928548120379
360 -5.314829073091645
361 -3.6741617642278683
362 -5.599878214048168
363 -4.51682514641211
364 -4.932507626554728
365 -4.633777909088378
366 -0.8585223818404266
367 -3.526610842067276
368 -4.531004816076316
369 -5.08886983783821
370 -4.818099453440958
371 -3.2920284178659265
372 -5.33188946458239
373 -0.46609687773449826
374 -5.781322444856582
375 -5.844968276883109
376 -5.694233649670003
377 -3.949497755891762
378 -5.110477884067226
379 -4.465756963200406
380 -4.165166477728058
381 -4.308415393044854
382 -4.2660739322447725
383 -5.000392724237105
384 -4.60461457122197
385 -5.595329763406688
386 -4.711581703740611
387 -4.881369710466119
388 -4.766316872221886
389 -4.881975991566719
390 -5.374859084411025
391 -4.889939759209341
392 -4.598107074385991
393 -5.357865281880276
394 -4.178020737156405
395 -3.2166638157313447
396 -5.6024168052291605
397 -1.7406941860455214
398 -5.998452087084099
399 -4.389484899988557
400 -5.93026088430569
401 -5.543953074411396
402 -4.980475692083226
403 -5.0965155471914585
404 -3.424519759831947
405 -5.769486327895365
406 -5.963014333941437
407 -4.15882942097495
408 -5.19802019988504
409 -4.695054637710421
410 -5.03628585982639
411 -4.753979675629561
412 -5.05968987082343
413 -4.86681329025177
414 -4.279405628066685
415 -5.496460782589757
416 -3.8029551234646477
417 -4.817343494209163
418 -5.2191850156556745
419 -3.360220236440908
420 -4.137010077720219
421 -3.8857927659994473
422 -5.40148425827426
423 -3.5044254714898937
424 -4.592252202088353
425 -5.469962145943219
426 -1.438719069003432
427 -5.248362407690889
428 -4.634107957371822
429 -5.656014476396159
430 -4.805503203892815
431 -4.632013133778037
432 -4.2431593996567685
433 -2.458877143026201
434 -5.178072616619697
435 -5.125515966952299
436 -4.6256601106783695
437 -5.293386645350023
438 -4.573342400553563
439 -4.230670540785225
440 -5.2335742910051275
441 -5.593475086558402
442 -5.091118522984605
443 -4.518299672211851
444 -4.193278383863066
445 -5.542540127145732
446 -4.848883144684905
447 -4.091411951321626
448 -5.156860887080523
449 -5.572731813634297
450 -4.741931122967515
451 -5.321132194470703
452 -5.2023666850795
453 -4.0445815585405915
454 -4.748593727502465
455 0.5252496920848719
456 -5.51468584033336
457 -0.050922213479841494
458 -4.883274230225799
459 -5.546888499663926
460 -5.061309463607628
461 -3.6831367203307392
462 -4.4345117863793675
463 -4.365210777298172
464 -4.441225261681332
465 -5.115883453854013
466 -4.949413842909886
467 -6.19892357611108
468 -4.323654638001988
469 -4.855675852206544
470 -5.118726075969765
471 -2.680578796299368
472 -4.53060906713641
473 -5.4438271658512765
474 -4.708407401214766
475 -4.164813921016804
476 -5.164809366466172
477 -4.084721367428938
478 -4.456620280473904
479 -4.86986721132884
480 -4.218406549905369
481 -4.178388233295357
482 -5.157993398344656
483 -4.892062577754102
484 -4.556789300827838
485 -5.285444614689407
486 -1.3085980352413056
487 -5.61127905528161
488 -4.600969743632237
489 -4.897579726319858
490 -5.059305365598423
491 -4.339787378794314
492 -5.6503602494903475
493 -4.996436763293603
494 -4.273081344022086
495 -4.749506705647031
496 -5.466467133169412
497 -5.319261596464015
498 -5.435436402281642
499 -4.546017880907529
500 -5.3682900156779025
501 -4.950073611598498
502 -4.589103299740416
503 -5.21861281602954
504 -4.988185860431916
505 -4.743817889828866
506 -5.7370168474059575
507 -4.3010027518070695
508 -4.533990115809762
509 -6.093889050389489
510 -5.100152666868264
511 -5.012973163326757
512 -3.0702305683174407
513 -4.355772539812309
514 -5.643601179997558
515 -5.132745150169666
516 -3.3107558804325703
517 -2.816214691846442
518 -5.792295151226113
519 -5.105806671927095
520 -4.648714789730668
521 -5.318053345255252
522 -5.560253539410735
523 -5.022831123461836
524 -5.0145519626631
525 -5.680203765456636
526 -5.413075848853972
527 -4.881400082261108
528 -5.790511435002902
529 -5.024077483157199
530 -5.218477389369866
531 -4.557450458931207
532 -4.410369230941541
533 -5.3597528400983006
534 -4.3677435759879355
535 -5.752090560729894
536 -5.791668116891952
537 -5.693127113295056
538 -4.970139461544843
539 -5.231923701696649
540 -4.437018614205012
541 -3.3886340324494615
542 -4.19330119697161
543 -5.312870468436864
544 -5.565097817529776
545 -5.3469331761984
546 -3.9009844477276503
547 -4.729052934506063
548 -5.372694628300986
549 -5.5772384090353695
550 -4.800317785143462
551 -5.8030422417671685
552 -5.402584476628421
553 -4.3540352449611
554 -4.607861060376272
555 -4.811681497486148
556 -4.4761204757855975
557 -5.175974227537634
558 -4.731418830005217
559 -5.797129524568778
560 -5.463790354580677
561 -4.471555258150387
562 -5.618588545138129
563 -3.8091735219969722
564 -5.352343577037836
565 -4.7229902072815415
566 -4.654440837363845
567 -4.960339173238445
568 -5.509837920023379
569 -4.9038634920748105
570 -5.024650793019413
571 -5.157619074669651
572 -4.872859788461429
573 -5.3626276254155565
574 -3.834130820682244
575 -4.3296387540338275
576 -4.0067434330411364
577 -3.088625648743176
578 -5.09279250441878
579 -5.161485099165326
580 -4.2622139554743175
581 -5.199383337343864
582 -3.876064389649044
583 -5.237608268527747
584 -5.224895072931064
585 -5.50324644017232
586 -5.3912184243051335
587 -5.140973623975951
588 -4.527885513390805
589 -5.6277304705883795
590 -3.4094259012933823
591 -4.019393504079938
592 -5.507266204001775
593 -5.177271632369362
594 -5.450477864364914
595 -4.713635096157184
596 -4.739044921438018
597 -4.974502419503938
598 -5.131541943549575
599 -3.9405601547460853
600 -3.731456292908864
601 -3.6607526439291846
602 -5.5536311794479225
603 -5.259924666903417
604 -4.849512358841801
605 -4.155572429954237
606 -2.8015394405828147
607 -5.03943230182951
608 -5.252816544382444
609 -4.410191693222177
610 -5.842650645346051
611 -5.422446675362886
612 -5.147771922956036
613 -5.709719782430745
614 -5.586649567627492
615 -5.539985356742058
616 -5.733010881309009
617 -4.68062554667889
618 -4.848237913495193
619 -4.779349379537035
620 -5.5236799192481545
621 -4.5096681341387175
622 -4.688772765347225
623 -5.167706998879651
624 -5.988542952239009
625 -4.74997592414433
626 -4.790365935978429
627 -4.637996224019391
628 -4.866361554940217
629 -4.59201331874016
630 -4.456364057575161
631 -5.4290581314737665
632 -5.063770792626095
633 -5.298055433690969
634 -5.328861036971848
635 -5.467505655011367
636 -4.439079822075823
637 -5.759005299124167
638 -3.8276183399261283
639 -5.819457409711844
640 -5.070046946134248
641 -3.903533009334363
642 -4.418396405893139
643 -4.522109968479153
644 -5.488574596940766
645 -4.54973219932479
646 -4.722101321610985
647 -4.956977752205487
648 -5.127608053611941
649 -4.325981160908519
650 -5.007622927504617
651 -5.426696086654086
652 -4.979512321287093
653 -4.714145187976841
654 -5.317139439664659
655 -5.735806423426952
656 -4.7760407777933045
657 -4.525894761433332
658 -5.124786516583078
659 -5.2013760503981645
660 -5.482226395023386
661 -4.224714676299463
662 -5.823258721770103
663 -4.970475716572633
664 -4.547698605692915
665 -3.7047756967725256
666 -4.559389434573055
667 -4.4292849839595725
668 -5.511694729235309
669 -4.736498961917493
670 -4.548058650252844
671 -5.878298782723832
672 -5.330358925059475
673 -4.780310839333627
674 -5.040188068143379
675 -5.1694621331004
676 -4.832170025131322
677 -5.200428222947784
678 -4.7532857899072525
679 -4.719513106434378
680 -4.732414664677416
681 -4.928087075598841
682 -4.303418045177968
683 -4.969251931731064
684 -4.972887448320059
685 -4.921855277867769
686 -5.3997195400348605
687 -4.7386960625938945
688 -5.884251231514293
689 -4.019668258279182
690 -4.775242942597363
691 -4.417964384376777
692 -4.542204035675229
693 -4.1170422262729724
694 -5.518453922707901
695 -5.310841982979174
696 -5.008956722302752
697 -4.338895242934509
698 -4.678729021254226
699 -4.8179344264165325
700 -5.019801343272088
701 -5.714308881266399
702 -4.844201294591772
703 -3.794277408184894
704 -5.32931277091251
705 -4.806834366971274
706 -4.8751634072770775
707 -4.638704999267048
708 -6.186748173499964
709 -4.024412387964052
710 -4.905541168306883
711 -5.004104106714682
712 -5.013701009257676
713 -5.428114365684988
714 -5.483067720527301
715 -3.981859734398391
716 -4.643905959779467
717 -3.89944623859632
718 -5.839434986774616
719 -4.642314607463365
720 -4.502921501038728
721 -5.004271759802334
722 -4.860313750084744
723 -5.909339376700761
724 -5.2703834491003025
725 -5.359249764123426
726 -5.074871606266793
727 -4.5033022378651575
728 -4.935190194130123
729 -5.439575572815549
730 -4.527862835166129
731 -4.742964087975293
732 -5.342056493905522
733 -4.4851108065666825
734 -4.911536200798933
735 -4.996702076917532
736 -5.440586746269996
737 -5.15284881936514
738 -4.097757203879541
739 -5.010246736381026
740 -5.488928625807686
741 -4.90378856837707
742 -5.88020501670513
743 -4.5711908554539855
744 -5.487175467847103
745 -4.603849270734836
746 -4.924897864952941
747 -5.501932049184253
748 -4.836135214801564
749 -4.2306557737158474
750 -4.56216130678667
751 -5.358973144697795
752 -5.488671848782004
753 -5.555472000781714
754 -4.416557332537009
755 -5.354322909869555
756 -5.277477042759224
757 -5.566296784668891
758 -4.927404374244439
759 -4.628243359988567
760 -4.093731431520559
761 -4.834513061128055
762 -5.101833462191892
763 -4.942675336359395
764 -5.207710507612258
765 -5.215790662841639
766 -5.4164967302700875
767 -4.94958950011659
768 -5.435710842467348
769 -3.510584809597363
770 -5.492227853029243
771 -4.837395224403203
772 -5.446007668456306
773 -5.013469712541171
774 -4.320028877745888
775 -4.564282213319251
776 -5.598934541169768
777 -4.551059364833176
778 -5.2250101460940925
779 -5.020214397296847
780 -4.233612138466941
781 -4.369071909253165
782 -5.8806702494369265
783 -5.01969956790945
784 -5.682605896246623
785 -4.483144842650875
786 -5.5478930192617675
787 -4.821594338624415
788 -3.88252823948467
789 -4.218707157668947
790 -5.188726321065823
791 -4.24225957492618
792 -5.264795771010232
793 -4.204904820377007
794 -5.184677912995963
795 -4.503981740219526
796 -4.4860055659244775
797 -4.348477226183702
798 -4.617203680809832
799 -4.958661284709543
800 -5.698083665227961
801 -4.686417823803022
802 -4.862933168474447
803 -4.93563293647768
804 -4.412863760951854
805 -4.1616176262548645
806 -5.3092592311915485
807 -4.741799951971854
808 -5.098994637524033
809 -5.247441880916284
810 -5.278250411802573
811 -4.904149440455987
812 -4.445389327562463
813 -5.442091953703979
814 -5.27700345680865
815 -5.633144041140206
816 -5.544187477886016
817 -4.579898455484157
818 -4.657983118911377
819 -4.115553123331751
820 -5.4666444412005415
821 -5.100328883968575
822 -5.464288765564293
823 -4.133094929394837
824 -5.1288215010703375
825 -5.066405880489229
826 -4.327486703602804
827 -4.101405242744952
828 -3.9107219586993462
829 -5.025011048964592
830 -5.265254734486058
831 -4.633463294522916
832 -5.447101851282259
833 -5.597393274623491
834 -4.1496843567416795
835 -4.756020594597291
836 -6.067510171709424
837 -5.211241342776954
838 -5.360902939854072
839 -4.821159635775731
840 -5.135259914496281
841 -5.418015887267091
842 -4.672216704702385
843 -4.557503269103186
844 -5.597884846516199
845 -4.874721793461591
846 -4.876985176400541
847 -4.369268098994377
848 -5.880701109992931
849 -5.192891299139937
850 -5.326196744728131
851 -4.7314115434737625
852 -4.903849912639218
853 -4.981226891139104
854 -4.514334025655522
855 -4.90921202426297
856 -4.825912003973347
857 -5.230518800831656
858 -4.580675694158249
859 -5.575000683227163
860 -4.917000173890587
861 -4.047441475227064
862 -5.099448838178029
863 -4.149377876828087
864 -5.758161789386947
865 -5.190194990072806
866 -5.188420938099327
867 -5.036839513071147
868 -4.521964877041662
869 -4.183429982155397
870 -4.123532627776662
871 -5.105402284979578
872 -5.031765149615007
873 -5.57363597784265
874 -5.137797627432574
875 -5.432563082984914
876 -3.1178577157266796
877 -4.856246808181031
878 -5.484685298582531
879 -4.672897690357549
880 -5.794319983681551
881 -6.08149775908976
882 -5.48516028373493
883 -5.435913506189767
884 -4.725961692058818
885 -4.954178581262044
886 -4.416018227584672
887 -5.695907691679441
888 -4.424635091705385
889 -6.1885979876086115
890 -4.183134674721069
891 -2.748837484969398
892 -4.782524402781467
893 -5.2870234096421465
894 -5.626597197985192
895 -4.605954325684586
896 -4.058756372593141
897 -4.992827986701379
898 -5.21435708021305
899 -4.768360701381523
900 -5.546783829843558
901 -4.576920910444048
902 -4.4751526687915835
903 -5.713636331602954
904 -5.424537442011208
905 -5.494363730702929
906 -4.995820889916861
907 -5.9172279196672
908 -5.553523904149816
909 -4.439282841588405
910 -5.033528052416609
911 -5.801248911198319
912 -4.763328064674429
913 -4.924681360245014
914 -4.5299007140523875
915 -5.162819296360898
916 -5.055196812043175
917 -6.010977742556309
918 -4.899915056360451
919 -4.1577974690111486
920 -5.627550106015042
921 -3.834781438822527
922 -4.857076647222477
923 -5.4155329456046575
924 -4.741314285733034
925 -3.9941314348708645
926 -5.002698583173122
927 -5.448583041312647
928 -4.593251591146577
929 -5.358223532810522
930 -4.285071841600777
931 -5.219685302147644
932 -5.764291584420754
933 -5.178833193760319
934 -5.611250559669676
935 -5.210548430391101
936 -5.614986020630617
937 -5.24303282106217
938 -4.881701522720268
939 -4.9411462152094145
940 -5.344639009709452
941 -3.837928784718888
942 -5.319546561568406
943 -4.980288875936005
944 -5.316814880039996
945 -5.333682312053653
946 -5.086066828307905
947 -4.886479616716041
948 -4.649941470977337
949 -4.873047765675179
950 -5.112224286241946
951 -5.937767980418213
952 -5.219437837186571
953 -4.747289177084097
954 -5.803032485574339
955 -5.79424715487113
956 -5.134005640378189
957 -4.733043911333116
958 -4.26435003947641
959 -4.984096122752371
960 -5.785201760887354
961 -5.4326503546502884
962 -5.396832053345209
963 -4.670508552508471
964 -5.314498167183128
965 -4.698070718804826
966 -4.4778657554218455
967 -5.701644733760505
968 -6.184401628473647
969 -5.184761814207041
970 -5.563860674768303
971 -5.626516779425012
972 -4.99755443949078
973 -4.572056138130354
974 -5.803798127926734
975 -4.176288611316309
976 -4.02324999404678
977 -4.583407463441742
978 -4.433587054524717
979 -4.940892966202766
980 -4.595822467638868
981 -5.180951548160391
982 -4.363364514933468
983 -4.868455554984603
984 -4.574902087439763
985 -4.81634666922288
986 -5.836463082423824
987 -4.951091649622556
988 -4.51996902719034
989 -5.61826286997285
990 -5.120186229574191
evaluations raw_y
1 4.944630333197361
2 6.15295683905864
3 -2.3698283845216874
4 4.2402987587473335
5 0.810283623637098
6 1.8910560399535798
7 9.027082825660314
8 2.9278905253382375
9 1.3626514005151305
10 3.982697137267837
11 3.8444805478023447
12 -0.8576109525754254
13 0.7852549804265117
14 4.917918540654869
15 3.543017272653919
16 -0.06089186679408254
17 2.093752719533309
18 5.44520073979066
19 1.8253856983037484
20 6.719038526370897
21 5.633842814623
22 6.187983527582544
23 1.5078418822103599
24 5.185747919397308
25 6.2407878795074
26 5.636312350971603
27 6.185201485290341
28 4.443418608290943
29 2.19270808533463
30 5.073939475542911
31 1.3376189631587716
32 2.4284115965348274
33 -1.4255514759159906
34 -1.0302793284880254
35 -4.564310365705989
36 -1.014376794145917
37 1.7503231948049698
38 2.2222168006045604
39 -0.03783048678786141
40 3.2580131796850513
41 2.1178055103818147
42 -1.2589692172216995
43 6.449590126122897
44 1.7791692194456312
45 4.024095209963488
46 3.7315948344066503
47 2.5633208325839254
48 -2.0024134932363675
49 -0.0534798215590635
50 -1.4827677368001875
51 0.2855031986099312
52 -1.3178503088232683
53 -0.06441701034770675
54 0.09612366393030994
55 -1.3159982906813679
56 0.22668338246628372
57 -1.56237809057159
58 3.5195772117871704
59 -1.9775126614206444
60 -1.9476081073672042
61 -4.123221542994854
62 0.17295175925849549
63 -2.845922777381645
64 -0.906343966853574
65 1.1001082512853495
66 -1.9348151816020365
67 1.452650280778958
68 3.9765372241077994
69 1.7464077383019556
70 4.572230824898218
71 -1.1966176883494783
72 -0.9854394186960411
73 -0.16280113399101614
74 1.4078482465168909
75 -1.8995265072287728
76 -0.5975740408421337
77 2.483639723208456
78 1.1131883581599633
79 2.702985955144918
80 -0.6360783822024032
81 -0.38464090014279406
82 -1.5706539185736477
83 -1.531437095521021
84 -0.5651096815093877
85 -0.9708900595654666
86 -0.2822896849859427
87 3.0140890479035285
88 0.2770882571122739
89 -0.4898576505139053
90 -1.7976238915350728
91 -0.43469486160570725
92 -0.3645836891559514
93 -0.3617688308331469
94 -0.04541598547174974
95 -0.8976673217401221
96 1.5786867923159564
97 -2.7296802523236567
98 -2.6993324573914697
99 -0.11382068366530579
100 -0.6482041613942549
101 3.2877799129005174
102 2.2272114661038045
103 -0.38699116271605366
104 0.1976539963557612
105 -1.2009993955439198
106 3.1542487094183724
107 2.2805020310178596
108 -1.9556293822649065
109 -4.087477388270437
110 4.736025179319569
111 -1.4918238525420637
112 -2.061382518746475
113 1.3901685359798057
114 0.20144141333988436
115 -0.5302000847970367
116 -1.2766999936360395
117 -0.7319157967706942
118 -3.8580824538451637
119 0.9577212954682445
120 0.8949785863931541
121 -5.703059250454442
122 -0.6759856891374657
123 -3.3963520034987784
124 -0.4049482005516927
125 0.4749655532114769
126 -1.8246748106710997
127 -2.2612818275225086
128 -1.4397741848618595
129 2.174537404298224
130 0.21522401580925976
131 -2.8794272856917944
132 -0.9572349865380321
133 -1.348928569532751
134 2.191979198795375
135 -1.8940240491712785
136 -1.032427028941835
137 1.5662337144687226
138 -3.8027390836026433
139 -1.9242286960076398
140 -0.734502011100651
141 -1.9381979700495764
142 -2.0039335330422983
143 -1.8787839357767813
144 -0.8444878428116528
145 -1.567310698837478
146 -3.295996759352973
147 0.46011253824685816
148 -0.03434503189090051
149 -0.8929668344817374
150 -1.9090237967220072
151 -4.542223932019486
152 -3.114637688763253
153 -4.361080444268093
154 -1.7179499619980088
155 -2.4009868595995902
156 -4.2393751075228305
157 -3.246566465719596
158 -3.547517695981045
159 -0.5047767031881877
160 0.2061457941335837
161 -0.23961582537949874
162 -4.867555966509733
163 -1.1224175941597587
164 1.923250829761446
165 -4.968518154102378
166 -3.20640977817186
167 -1.3976093121412025
168 0.5605178830253416
169 -1.7271789499479853
170 1.9517741715776413
171 -1.0299356968182634
172 -3.474666450541826
173 -2.18697417055784
174 -0.423864017189596
175 -0.5991099833200333
176 -0.74355362210765
177 -2.2074292537357154
178 -3.0824325028473942
179 0.2808422064958622
180 -3.389548148181432
181 -4.774264092510088
182 -0.9935556050141832
183 -2.1460921847985137
184 -4.628149084808234
185 -3.4406997223458045
186 -2.239804110053211
187 -3.1190739225278024
188 -0.8163657301738738
189 -1.1036428527903128
190 -5.456321390942926
191 -4.751828677585973
192 -0.4027174257253308
193 -0.8054668379931357
194 1.958512984808385
195 -2.0003076600556255
196 -1.3599734734213702
197 -1.9880758313917424
198 -4.961077627491318
199 -2.5933196920730968
200 -0.1784514083638718
201 -1.8033959051710826
202 -1.7832613756054032
203 -2.3345092134669083
204 -2.6402768209193614
205 -1.9283950824117624
206 -3.2127869293654587
207 -3.489788858426925
208 -0.022951118282913185
209 -1.0743005003842026
210 -1.8396605333374398
211 -4.947280097142237
212 -5.058959409755155
213 -3.545642164659747
214 -4.590962593413181
215 -4.622823733728915
216 -1.8121068250435428
217 -1.3382753134614216
218 -4.015023632165112
219 -3.521886135538977
220 1.2875527512103044
221 -1.833580304743681
222 0.5182138614047946
223 -4.474334519541234
224 -4.30746615143647
225 -4.135393986057046
226 -3.890052340777976
227 -3.933532362076545
228 0.391204281013346
229 -3.951352896605468
230 -1.3774471598477844
231 -3.197312446508826
232 -5.055447596040562
233 -3.666009699888436
234 -3.2455555519322785
235 -4.160720911380905
236 -4.113501263639711
237 -4.33346239724188
238 -4.474234584043065
239 -1.699218704253507
240 -3.292499265225294
241 -4.26788526745317
242 -0.08147829082825253
243 -2.780871201564811
244 -4.334702477716096
245 -3.7112697772147833
246 -3.700378417566533
247 -4.940871674460196
248 -2.7463644354757353
249 -0.5849807940252795
250 -4.5293207142119405
251 -4.4692166185433075
252 -4.6347249432216175
253 -0.2666058141474698
254 -4.055047598126726
255 -3.9296157661898703
256 -2.133094221340953
257 -0.35571991078166676
258 -5.090991701996263
259 -4.166401050187928
260 -4.7006019498399185
261 -5.85690517143206
262 -4.384240321487497
263 -3.8216983029440517
264 -2.4760379372521815
265 -3.843222908522571
266 -4.290651509768427
267 -4.012843382934413
268 -4.3758387163057755
269 -0.8586197800942023
270 -4.672016527040745
271 -3.887592945105599
272 -5.056038035455093
273 -4.262963876999124
274 -2.7506274491412914
275 -5.297138235754104
276 -2.0843459653032856
277 -4.034490772969784
278 -4.39222447039133
279 -5.426901034982657
280 -5.243471316190588
281 -2.774657019835446
282 -3.6876596071424923
283 -3.7727045852586674
284 0.7732890063087812
285 -5.421087316568579
286 -2.231814710934843
287 -1.3344178747078297
288 -3.796831742273907
289 -4.753714305995401
290 -1.056465136417746
291 -0.2004091114632383
292 -4.979917914046769
293 -4.875061448543584
294 -4.358635954351115
295 -0.660046795022879
296 -4.427660892749168
297 -4.166782627704857
298 -3.5839357833040077
299 -4.766408020223278
300 -2.562054929573685
301 -4.736046814404926
302 -4.22239548463154
303 -2.768991212540229
304 -4.846492984136648
305 -4.462131077706977
306 -4.470487312531237
307 -4.172713906157207
308 -3.2426964356679417
309 -3.646953815880379
310 -3.8446245036318962
311 -4.244923453520385
312 -4.773056155825858
313 -0.6089123688297378
314 -5.028990076408189
315 -4.334081654104547
316 -1.9027792651572273
317 -0.19406491192992248
318 -4.589722037184775
319 -3.6706381068963614
320 -3.0175481348673396
321 -4.011319466192241
322 -4.400579398176423
323 -5.0604149478450715
324 -5.008616947060243
325 -3.877919770678265
326 -4.3936136178145695
327 -4.790472256771661
328 -3.096573093263264
329 -2.5202232327772505
330 -5.0764107633559306
331 -4.164377515809602
332 -4.720205025526982
333 -4.728552371801183
334 -4.080705203648051
335 -4.126056476606518
336 -4.773293874349398
337 -4.7612957747396525
338 -4.74369583033363
339 -5.435604353016311
340 -5.7400814093877175
341 -2.6875847051080353
342 -4.597092682383015
343 -4.8213074982632165
344 0.09270274068440132
345 -3.441117156297653
346 -5.291942106785675
347 -4.326804058786562
348 -5.02982382107729
349 -4.62880613378878
350 -4.788144481764896
351 -0.047173994168933975
352 -5.006312306148495
353 -3.668138419716149
354 -3.5395958499999365
355 -4.918623759664033
356 -4.380807783623145
357 -4.651345952936087
358 -4.954869696502622
359 -4.650650685401667
360 -4.237358899840327
361 -4.109418653807452
362 -4.436595581673992
363 -4.7243781591462195
364 -4.9215934448248415
365 -4.1549904413434655
366 -4.793969051122694
367 -4.521096869793125
368 -4.444031594905037
369 -4.367775006811333
370 -4.586562902050554
371 -4.630256451869277
372 -4.859906509849981
373 -0.11014589518060774
374 -3.888482442542255
375 -4.568983414629845
376 -4.2082970971294955
377 -1.0984672613661233
378 -4.212227406354712
379 -4.679718649539749
380 -4.243837751464899
381 -4.232342915724314
382 -4.39247737784763
383 -4.430295608541004
384 -4.439992395433955
385 -4.6874041799015345
386 -3.491177250043232
387 -5.028982826656646
388 -3.979793934631667
389 -4.430258611279275
390 -4.369463935849499
391 -5.0019808786321684
392 -3.937683600069666
393 -4.710592229663208
394 -3.590941015596674
395 -4.574237953510768
396 -4.610132788553192
397 -4.811890716173402
398 -5.665524670551045
399 -4.696797575207708
400 -4.257536215121921
401 -4.558695286196345
402 -4.579861643088372
403 -4.779110989153886
404 -3.7029933952291922
405 -4.81655943494168
406 -4.9538924569988385
407 -5.180723873491893
408 -4.073648943881263
409 -4.706760838518455
410 -5.303800463279496
411 -1.8990074030018205
412 -4.719296118326935
413 -4.808613269384187
414 -5.77849044201257
415 -4.776014232139773
416 -5.1824517567991775
417 -3.63544093849518
418 -4.288298140888238
419 -4.174782498800023
420 -4.411691353236332
421 -4.769612488508938
422 -5.27924805831405
423 -4.703260324587504
424 -5.072686095179052
425 -5.401282138118539
426 -4.3287759359980855
427 -4.912645348864057
428 -3.876091350181832
429 -4.447052527800325
430 -4.618160398258555
431 -5.707845635713591
432 -4.7928767464363995
433 -3.3254243660428946
434 -4.588310445472341
435 -4.420835634498293
436 -4.399432146837702
437 -0.9331386040497254
438 -3.88872076515596
439 -5.249771864876179
440 -5.075659248730909
441 -5.310063700306873
442 -4.440202356494689
443 -4.733510541785318
444 -4.1594051791760185
445 -4.357639643608938
446 -4.104159250576178
447 -4.1036324186180355
448 -4.754787894458933
449 -4.954625912919502
450 -4.64819887513755
451 -3.278551593986001
452 -4.012394310597753
453 -3.0310954585265324
454 -4.0044965660320155
455 -5.033167797858621
456 -4.196203220172398
457 -4.549018395969251
458 -4.6685013144429846
459 -3.5855888587106937
460 -4.530873692742569
461 -4.143907971833741
462 -4.126355935763984
463 -4.6009920321856566
464 -3.158112681546646
465 -4.469789723296635
466 -5.336327811213217
467 -5.219814465174127
468 -3.265357836072464
469 -4.660294494206992
470 -5.420418325906994
471 -2.7843292442055185
472 -4.791753112630721
473 -4.244279643504412
474 -5.422508413692285
475 -4.828426663492381
476 -4.346527611047857
477 -5.075993013459587
478 -2.879110787522249
479 -4.907237044690649
480 -4.744663405591326
481 -5.717837469309093
482 -4.430190735731108
483 -4.864142695469771
484 -5.116451281862587
485 -4.414957976392246
486 -4.015901636448954
487 -3.7733259077788075
488 -4.837270110790266
489 -4.614645083542674
490 -4.5488310177017715
491 -4.585682111121969
492 -4.60041116229614
493 -4.353054993747158
494 -4.18235535254042
495 -4.890791862028925
496 -5.3701076398188405
497 -2.4424110926783356
498 -4.477740090975444
499 -4.877805707885742
500 -4.686114897788962
501 -5.181941369736045
502 -4.226402054140846
503 -3.8795931542402795
504 -5.482719325461667
505 -4.233536063579327
506 -5.041505859700119
507 -5.088442440054846
508 -4.40536994322921
509 -5.148766389180912
510 -3.905533383594662
511 -4.895264905374091
512 -4.102166818782622
513 -4.0994037873514255
514 -5.443985696861436
515 -4.18465777994411
516 -4.04114832012168
517 -3.3274526630559933
518 -5.443107329607293
519 -3.933705454993862
520 -4.70038176593808
521 -5.262448280046511
522 -3.549630156660469
523 -4.8708572318453225
524 -5.3661256825569605
525 -4.508006262430683
526 -2.763704781819978
527 -3.762354329779149
528 -4.35817741097141
529 -5.224048675085715
530 -4.815742525414877
531 -3.7224967049114035
532 -4.2686184328672665
533 -4.866297863272331
534 -3.964494698010257
535 -5.41620992268863
536 -3.6206128730904914
537 -4.203267368025045
538 -3.8192300945100834
539 -5.429755053479991
540 -4.0994087085418585
541 -5.600874014983606
542 -5.162454059793094
543 -5.128175010172528
544 -4.943052139417053
545 -4.949468214729741
546 -4.370562215702116
547 -5.193433881397358
548 -5.160454374663914
549 -5.324532156609338
550 -5.206399631061471
551 -4.010535944137204
552 -5.042133342048128
553 -4.8406733981800985
554 -4.593874628662935
555 -4.651424317021462
556 -4.773200116844729
557 -4.135621714146008
558 -5.118498562165865
559 -4.14132746612455
560 -5.330768747398657
561 -5.216486286666856
562 -4.551547082093014
563 -4.387871754502114
564 -4.354620184996748
565 -4.586591648617
566 -4.299398699009023
567 -4.545287822536618
568 -4.0661845863281165
569 -4.007765495521704
570 -4.867166920118904
571 -5.389322382827471
572 -4.345396601008019
573 -4.857849887469932
574 -4.353519741500097
575 -3.5730428981938287
576 -4.176117269685358
577 -4.927043934889225
578 -5.5503386358178135
579 -4.278717131816512
580 -5.370594698960102
581 -4.547386136736894
582 -5.141614078455047
583 -2.7152979626254794
584 -4.891652475302981
585 -5.084344666169975
586 -4.014090573489614
587 -4.948997605630418
588 -4.558923667579428
589 -3.679352189677542
590 -3.9869364017365316
591 -4.693533341503219
592 -3.8606953905931176
593 -5.137688714196856
594 -4.886287018927802
595 -5.046997571191321
596 -5.510607863823526
597 -5.313643041117945
598 -4.947787867413278
599 -4.059112643950324
600 -4.865177080142214
601 -4.017402214038747
602 -4.8374221483815605
603 -4.51056555694158
604 -5.595245377342556
605 -4.551152543419042
606 -4.102297155093268
607 -4.827339973123818
608 -4.731305050305304
609 -5.28884656971628
610 -4.265386078614312
611 -4.887972381595311
612 -4.050077486122215
613 -5.140595040695822
614 -4.368368109540647
615 -4.957651199344888
616 -3.3751349889367117
617 -3.7729253975277572
618 -4.3727388645379985
619 -4.555240841127491
620 -4.467495399051269
621 -4.470122975103099
622 -4.699335252705815
623 -5.26579323358117
624 -4.692856322954463
625 -4.650053109784967
626 -4.244120781700665
627 -5.30752340187577
628 -4.182224548975885
629 -4.722327364986038
630 -4.429264971379642
631 -4.87767224799643
632 -4.217494960294846
633 -5.473540813234539
634 -4.660815948077332
635 -4.021962918562118
636 -5.39807255167878
637 -4.322161263106762
638 -4.673581233088989
639 -4.840462898060371
640 -3.7667524768244083
641 -4.3692004647653375
642 -2.69144335400847
643 -5.294696539416046
644 -3.8119313964862593
645 -4.807492883418253
646 -5.1376926812751496
647 -3.2291864138084723
648 -3.298761353226221
649 -3.003045982076628
650 -3.2422902933552304
651 -4.497883482296188
652 -3.9979083049715487
653 -4.656941296095141
654 -4.94566145169447
655 -3.4698631346465656
656 -4.090196762093385
657 -3.6623536685379436
658 -4.840391877846235
659 -4.246059082474193
660 -3.913260734168661
661 -4.954311164689081
662 -4.267790738392736
663 -5.029339014962798
664 -5.074598690534423
665 -4.848882551303485
666 -4.732766441457492
667 -5.074887281482072
668 -4.40696556938388
669 -4.762058881241703
670 -4.905003734328018
671 -4.140439015138627
672 -4.91630048813063
673 -5.233412489261246
674 -3.9727385246331095
675 -4.680837257580212
676 -4.865994729494181
677 -3.926657686403852
678 -3.682072404669127
679 -5.441952850857257
680 -4.900509208882294
681 -5.396311401937852
682 -3.606985275867087
683 -5.13029487676924
684 -5.716296187378113
685 -5.48940871766993
686 -3.6075265251730197
687 -4.94536783276903
688 -4.337822763323585
689 -4.484140639324422
690 -4.2768926747798615
691 -4.271490342009852
692 -4.5891466467305175
693 -5.1828618080840725
694 -3.436255684852777
695 -5.239180405079989
696 -4.1341947101745555
697 -3.857411461228618
698 -4.28965990853385
699 -4.321835529992733
700 -4.356434378786454
701 -5.5272391807226295
702 -4.122286190545259
703 -5.228934918344806
704 -2.9370595325385174
705 -5.149507164153169
706 -4.904213671778592
707 -4.475183934750509
708 -4.290949190749648
709 -3.2151918916365614
710 -4.495598204654974
711 -5.3019100074305285
712 -5.130787748600237
713 -4.10420817113684
714 -4.371295294374649
715 -4.958000257666221
716 -3.2388901225189284
717 -4.988250268347055
718 -4.553923108630725
719 -4.601313754807677
720 -5.576475534093896
721 -5.053375858582115
722 -4.488473292633455
723 -4.930134441839073
724 -4.758711475980045
725 -4.854120171063919
726 -4.68331732198439
727 -5.140794094588134
728 -5.233380462406345
729 -4.09625621221847
730 -4.787859645935902
731 -4.764418437927296
732 -5.652930341264194
733 -4.567204233027815
734 -4.601567654720807
735 -3.8855879159595004
736 -5.006898570577028
737 -4.963050220664736
738 -3.810214294971782
739 -4.878446773738816
740 -4.39292084953707
741 -5.37327969285181
742 -4.603900564746838
743 -4.5773267758926774
744 -4.597500095187044
745 -4.619413093681734
746 -4.108593656499022
747 -5.3360539465818535
748 -4.524595641390823
749 -4.56874509381766
750 -4.873900292963284
751 -4.421241078431894
752 -4.991646232692855
753 -3.9141031368077215
754 -3.894893758391841
755 -4.128992685289545
756 -5.004554394791875
757 -4.518581879968255
758 -4.42671933122447
759 -4.67149919245958
760 -3.773556288576253
761 -3.5383405213395744
762 -3.91767901238821
763 -4.850561279413063
764 -4.866715069423522
765 -4.074224452148839
766 -4.037569892364238
767 -4.090916069799721
768 -5.630706610223859
769 -3.8853090107653347
770 -3.964130384345563
771 -4.441349478461914
772 -4.731649984498334
773 -3.158513147097893
774 -3.68249802541924
775 -4.718468829215619
776 -4.846965545597678
777 -5.380188356715256
778 -5.092037296366177
779 -3.8700590368615364
780 -3.811484296972835
781 -5.301128443535513
782 -4.585481825097496
783 -3.845537707316272
784 -4.929191805598143
785 -4.684835844732762
786 -4.1769386985546735
787 -4.451043587308962
788 -3.7410921479195403
789 -5.158946059399774
790 -5.128975127817313
791 -5.034904335410063
792 -4.554251131952431
793 -4.649087457324435
794 -4.566105191779616
795 -4.061864158668522
796 -5.038522187504579
797 -3.773169301525402
798 -4.573243279257643
799 -5.043800010790546
800 -4.078767762522265
801 -4.819669549566529
802 -4.362213199964392
803 -4.792498215484824
804 -5.01980276652433
805 -5.396952366396802
806 -4.501365165991335
807 -4.948631032921151
808 -4.251567902164452
809 -5.422626724221339
810 -3.86085460460711
811 -4.370362419837335
812 -4.4841979261217775
813 -4.5051196316957824
814 -4.344736706988197
815 -4.592199617744208
816 -3.660067542432387
817 -4.220678935675846
818 -5.096993483996413
819 -4.9112127064047995
820 -5.071770398139182
821 -4.2243629614583105
822 -4.620262859593522
823 -4.194017964830216
824 -4.731078273847833
825 -4.668743640052613
826 -5.434659232595481
827 -4.629779136057142
828 -4.6448105967685045
829 -4.504938922063492
830 -4.600038277825899
831 -4.123594849699469
832 -4.339101217694088
833 -4.757386878500731
834 -3.797456629367066
835 -5.085860548712772
836 -4.076266704929573
837 -5.133334584354466
838 -5.175991855427246
839 -4.756487716308941
840 -4.204111212098278
841 -4.71741128026045
842 -4.999928522707276
843 -4.453298623853166
844 -5.212941706005015
845 -5.348094408647051
846 -4.360070107609951
847 -3.7063625852924944
848 -4.465830630680518
849 -4.167795496329995
850 -4.60203013133528
851 -4.19893088289694
852 -4.927974485173154
853 -4.861501998716757
854 -3.4851148290873692
855 -3.9111179543638883
856 -4.943126494002508
857 -4.797234471277529
858 -4.6471671525088745
859 -5.018152527287349
860 -4.579191767369018
861 -4.404687742617632
862 -4.597202631241099
863 -5.115404515377348
864 -4.276256171185782
865 -4.887966999388252
866 -4.447005292920835
867 -4.732713644693973
868 -5.046913910987698
869 -4.7403203119672295
870 -4.139284549368162
871 -4.857217460594274
872 -5.158494305818375
873 -4.389618103160449
874 -4.450821978859972
875 -5.2062771845129285
876 -2.072802439860276
877 -4.121486602470199
878 -5.493046475363706
879 -3.7022474928571394
880 -3.772384492877012
881 -5.158960307689231
882 -4.2824850839078215
883 -4.58095279318002
884 -4.431879812382656
885 -5.36391809831915
886 -5.7615987116123355
887 -4.627095976231529
888 -4.5665183770442015
889 -4.120625578427578
890 -4.119045625266609
891 -4.4954106565208765
892 -5.025021674506568
893 -3.9486475931961085
894 -4.150319648479237
895 -3.870396976509086
896 -4.810629168370047
897 -4.557227018696594
898 -5.457416393728183
899 -4.760390355301151
900 -4.466187155880672
901 -4.33352860920422
902 -4.625317419663157
903 -5.330668107110127
904 -4.884491853812664
905 -5.1513566302834
906 -3.461140881453364
907 -4.850059540532107
908 -5.196221940746326
909 -4.782171068888907
910 -3.538857021552298
911 -4.806996483567735
912 -4.740561449541388
913 -5.116929027356486
914 -5.380562750625704
915 -4.799643936737237
916 -5.543539177331074
917 -4.512730035105321
918 -4.616289816640184
919 -3.945972248708699
920 -4.859969225850434
921 -5.372529665720543
922 -5.880590959628459
923 -4.815781902027207
924 -4.655747189951974
925 -4.6611106087807626
926 -3.715369685385679
927 -4.903795799629963
928 -4.532907141831952
929 -5.064033370719077
930 -3.8782641704512457
931 -4.837962200226301
932 -4.469723755824073
933 -4.288454399031889
934 -5.466531771953347
935 -4.767706189676055
936 -5.261894580858299
937 -4.1426078242357205
938 -4.016262121988513
939 -3.999422246113838
940 -3.1297946140916966
941 -4.590403727796954
942 -4.409739596345152
943 -4.8995353223695925
944 -4.4817680205394534
945 -5.312504656397853
946 -4.950074222418307
947 -5.315315242823754
948 -4.127320961449392
949 -4.275958472040954
950 -3.479674813748132
951 -4.606698782491835
952 -4.633859384530806
953 -4.594465821278033
954 -4.40260216478811
955 -5.044084694910148
956 -4.316921890276631
957 -4.139720227355215
958 -4.425929937374502
959 -5.536363325853005
960 -4.28250711952326
961 -4.953644606014953
962 -4.425236189993543
963 -5.013504786879236
964 -4.656466054636478
965 -5.0041740343319026
966 -4.513283937092843
967 -5.162839475900637
968 -4.883357937663856
969 -4.658571448454812
970 -5.078687165602268
971 -4.293970039686086
972 -5.170795983755182
973 -4.3668639857824285
974 -4.729012493000333
975 -4.532658069131742
976 -4.912971022872643
977 -4.210358620111698
978 -3.457777065869629
979 -4.528467188692821
980 -5.452831134478947
981 -4.500301104424529
982 -4.537775987475724
983 -4.440971266698379
984 -4.5643043020871135
985 -4.071738662467249
986 -5.049524641967724
987 -4.7401229109364555
988 -4.241110376562381
989 -5.102978503725742
990 -4.90344359567086
evaluations raw_y
1 1.88487417465601
2 4.478277486068738
3 4.99460050101461
4 4.0714258925988975
5 8.77254295975451
6 1.151750845476482
7 6.182973252282443
8 5.828988474213359
9 -0.17139859408657407
10 3.9628824985410884
11 2.1020069607976524
12 10.807669298129998
13 3.311895929373015
14 1.7883425403007311
15 0.9520820408784105
16 4.866406256316943
17 1.8734479273624955
18 3.7947618609605085
19 7.780957541947531
20 5.446346538336923
21 5.339230004170517
22 3.2035719191289846
23 -3.444690676912216
24 -0.7557266119052364
25 4.735754332781192
26 -0.48270717069183894
27 4.091147052962447
28 -1.8093959979060488
29 3.4253381881568363
30 8.214922109862135
31 5.708110183619784
32 1.7522326258199237
33 -3.7397758615118644
34 -0.3456614765848411
35 2.5183840868359626
36 4.268100935918524
37 3.75480946913467
38 -0.364485662464367
39 -0.29903383730647737
40 1.7082180771101663
41 5.355340900423356
42 6.852239499039687
43 6.285958730043028
44 6.669625379997488
45 -2.0610205119642506
46 -0.022646653016429208
47 1.2620568133366759
48 -0.9122657986627811
49 -1.3628000854467803
50 0.7230971032011775
51 2.172000222646387
52 -4.627173793189226
53 -2.805455110676803
54 0.0002001802166390343
55 -3.712563881140337
56 3.2197512959705072
57 -1.1826778813800598
58 -4.221212271383235
59 -2.772733123113814
60 1.93185122318704
61 2.2155340310484917
62 0.5543683512543336
63 2.1410916755785823
64 -4.594615480247116
65 4.028176153175713
66 1.7901302286873348
67 5.784208161795718
68 4.8132593429984745
69 -0.2280711301533609
70 2.7232404431753503
71 2.3336389965915085
72 7.385815318592553
73 2.9985509817147404
74 0.3893322786898238
75 -2.9974050531860357
76 -1.239897095942063
77 0.7207298432240041
78 2.356215108534087
79 2.8244277420122823
80 0.8442454429757235
81 -0.34885267312678436
82 2.7528312799203154
83 -3.210386880505707
84 -0.783775154968701
85 -2.818120825337738
86 -4.109920957525971
87 -3.6413167489854916
88 -3.1537048375935437
89 -1.3684794858410358
90 2.868096240766265
91 -3.5637416029910236
92 2.431555756052387
93 6.828183198795522
94 -2.012456073423185
95 -0.5325833251302658
96 -3.7166754919156246
97 -3.135923950956954
98 -3.8065935054716875
99 2.3506061576520274
100 -0.9974077751549743
101 -4.5774169373210665
102 -4.7610602992521756
103 -1.8474149742166226
104 -1.9600542240658028
105 2.05522993852541
106 -2.7798946529207944
107 0.10478414499934655
108 1.05936923071663
109 1.9839391306306273
110 6.961277867504775
111 2.4191822329211776
112 -4.795193038693902
113 -3.2024858898205384
114 -4.189341473562103
115 -0.545830454037322
116 -2.3794798985447114
117 -3.468773779539908
118 -3.4843070016712683
119 3.9735485698457036
120 -4.476577697328069
121 0.7073901170444544
122 0.3739907817230918
123 -1.512696734891139
124 -4.271594423058785
125 -2.7447253957746707
126 0.8757200639581089
127 -3.4557669112751026
128 -2.0089297235569616
129 -3.4293848689773934
130 -2.904831822745653
131 -0.884625623205314
132 -2.2965333164108674
133 -3.989673093874453
134 0.8203069257306793
135 -2.856318809911357
136 -1.987312411356097
137 -0.2234535292562223
138 1.7098957680212166
139 1.6635723366357569
140 0.2887115901524113
141 -0.535979627355949
142 2.8548553573885442
143 -3.1567440526053305
144 -4.120551523209844
145 -3.463903358021399
146 -3.9741315062503735
147 -4.020372421842266
148 -2.6443692708270885
149 -4.463051305013637
150 -5.279861089228775
151 -3.8927191129737286
152 -4.583610370167348
153 0.6737033265472158
154 3.461021171963335
155 -2.412119179031339
156 -3.3090952153989868
157 2.7481151743349184
158 -4.545598732605463
159 -4.041160785037691
160 -4.559736746907687
161 -4.060157780223757
162 -0.03128774183664429
163 -2.476047435608872
164 8.207789097095164
165 -2.7943292616733513
166 -4.211194737765221
167 -3.8702270693554195
168 6.898018334938785
169 0.20506160694692294
170 1.1696179438872598
171 2.4676090171928635
172 -4.773502077582525
173 -3.815817463101619
174 -3.5362207006388404
175 -4.894797687706605
176 -4.273193247319099
177 -2.64756972025214
178 -4.131410054805644
179 -5.110321109316657
180 -0.7684885818526441
181 -3.3737387456722523
182 -3.0721580513317632
183 -1.8347280426793087
184 -4.019741126369825
185 -3.4526074645204057
186 0.7875624248435602
187 -4.863090040371019
188 -1.816955798487336
189 -5.046786356679989
190 -4.72089682230163
191 -2.7015347084434005
192 -4.148636612693458
193 -3.9639017352533745
194 -0.37754740554343214
195 -1.8870631457937548
196 -3.1478497262978657
197 0.25765420981303844
198 2.5392189283589577
199 2.177288089898516
200 -0.3731828273468455
201 -4.303869931556881
202 -0.20361471838006262
203 -3.902218684997752
204 -3.3020746451017926
205 -3.5604621783651567
206 -3.1485393880780235
207 -3.542557829955819
208 -3.871975966107237
209 -4.6401796563716085
210 -4.665855748775473
211 -4.686351866622219
212 -3.7896431940715427
213 -4.503832251503454
214 -3.026091153023712
215 -4.003113104265911
216 -4.036885096836033
217 5.405118438126363
218 -4.914219721603395
219 -3.95170352930219
220 -3.1553551828591107
221 -3.301811993695833
222 -0.7177674573402701
223 -3.5853169050551292
224 7.357333965810823
225 -4.87298625386453
226 -3.9167917571116746
227 3.1601317823332145
228 -2.4810184566181364
229 -4.72868854616812
230 1.6533971507938572
231 8.453854492557674
232 -3.9093640658705295
233 -4.98052519154871
234 -3.939863220870172
235 -1.9012385251593558
236 -3.6995767352486357
237 -3.524940570633728
238 -5.214038485598044
239 -4.79618117509829
240 -4.988742964520793
241 -3.6447993007930757
242 -4.2280688616186595
243 -3.895480790790182
244 -4.203771650164723
245 -3.7165052980808673
246 0.8963095682318765
247 -4.561153663685619
248 -2.429850553408029
249 -4.655154421312074
250 -4.248537568805005
251 -2.647948650129722
252 -3.893012526763653
253 -4.304085160780089
254 0.3615118399487373
255 -2.9395681951185266
256 -3.5446268299520787
257 -3.8451500001572025
258 1.3203933527995924
259 1.4231520108005178
260 -2.8300754289804124
261 -4.648096046061598
262 -4.338044978501352
263 -4.1535778410834565
264 -3.666151294528383
265 -4.957014779162745
266 -4.578718864610993
267 -5.428809296433344
268 -4.198313953948645
269 -5.004902522875824
270 -4.4709129334345565
271 -1.1269861163811306
272 -4.379682277138643
273 -4.165956050105669
274 -4.797548553954282
275 -4.045425746596216
276 -4.673942929813629
277 -0.468795115102109
278 -0.9838961311297278
279 -2.310245566399849
280 -5.076135257370557
281 -3.7228085235477715
282 -4.354319201137971
283 -4.779295736796443
284 -3.1721710305412
285 -2.158834981289383
286 -4.633651995070166
287 -4.003842754558421
288 -2.2454583038098876
289 -1.8856522165565601
290 2.778065839871325
291 2.4495647773802687
292 -3.5832699030823716
293 -2.341100586995405
294 -4.989145670160167
295 0.5431746949678402
296 -2.6026918754497586
297 -4.268742057317335
298 -5.504157873812312
299 -3.562701991985462
300 -4.433732759145226
301 -4.316505430819434
302 -5.126164532695175
303 -5.019079656403005
304 -4.135861448544103
305 -4.622832538876253
306 -0.15365856376690298
307 -4.680598118071212
308 -4.079116051229057
309 -4.87249586503016
310 -4.718298461572688
311 -4.873995405469651
312 -3.9730599584957527
313 -4.123613412515127
314 -4.164075879547524
315 -2.213311814221247
316 -4.418532645354109
317 -4.663145884037722
318 2.290770002967707
319 1.3684677700414456
320 -1.7585880128532825
321 -4.836974744320252
322 -4.653080079575993
323 -4.351595393433561
324 -4.95926091830329
325 -4.235773222310661
326 -4.542032989825227
327 -3.7329052827263762
328 -4.208279331740802
329 -3.977829223051203
330 -4.271710350860204
331 -2.1087215633890417
332 -3.89120444506617
333 -4.640078088516799
334 -4.4873162911564926
335 -3.816651943447531
336 -5.786749336768169
337 -1.1777188124256268
338 -4.604703228812359
339 -3.527284631584746
340 -5.529799882584907
341 -5.276133493021399
342 -4.943338388840138
343 -4.40755677866219
344 -4.841198497368101
345 -4.141577173970002
346 -4.249217363791498
347 -4.421545071726187
348 -4.595025737887998
349 -4.587468466586094
350 0.7396679337616625
351 -4.102457413110945
352 -4.959581494040695
353 -2.5098237716622376
354 -2.8901860550148433
355 -4.746875745867267
356 -2.889110353266332
357 -4.682589824698098
358 -4.58412791472399
359 -4.8892657870348115
360 -4.264917631624817
361 -4.960935242529456
362 -3.551321958938294
363 -3.3264873096068754
364 -4.713164285803503
365 -3.8467524882147606
366 -0.6866547263339675
367 -3.922087619951374
368 -4.285743888188698
369 -4.351845901174881
370 -5.248440768237788
371 -4.786598950351531
372 -4.153749230928903
373 -4.860801746515548
374 -5.789982240771594
375 -4.801937418939845
376 -4.919995629423022
377 -4.546745757725489
378 -4.499728423207083
379 0.7779364849524699
380 -4.802538945641386
381 -4.949845115650827
382 -3.327267376746119
383 -5.318690901330758
384 -4.514246494840527
385 -4.139750594230308
386 -2.936122900269258
387 -4.7486383574846975
388 -4.203738348484314
389 -4.89732652430893
390 -4.692421623851121
391 -4.84499540857862
392 -4.878583840281948
393 -4.288024092021543
394 -3.6125489439938203
395 -4.234818214514398
396 -4.113155564661996
397 3.8110695506385266
398 -3.8814377569883307
399 -4.553045011190941
400 -3.974394665822077
401 -4.712113433916267
402 -4.452589192289593
403 -4.688640154848978
404 -4.814177503940124
405 -4.1645982179792185
406 -1.366705140696523
407 -5.202401130635216
408 -4.991663568154963
409 -4.180070375265766
410 -3.350702312433822
411 3.219795109726904
412 -5.2662389527690685
413 -1.2399554456268387
414 -4.210690210441107
415 -4.539248323348907
416 -4.120410996498447
417 -5.055939916781835
418 -5.687502917908245
419 -4.54776073773197
420 -5.064990317566171
421 -4.328760905853577
422 -4.77430528567819
423 -3.1352659294472547
424 -5.180363151274345
425 -3.994704421970637
426 -0.46301498021016063
427 -4.771999227635181
428 -4.814952459222578
429 -4.108770040045393
430 -4.436485276088835
431 -4.390176146836969
432 -4.23432294156313
433 -4.8794736992595915
434 -5.126863431631914
435 -4.523606869930501
436 -4.656404201369407
437 -5.119976358534467
438 -4.817801352939776
439 0.7740355084178159
440 -4.613802600003028
441 -4.260216460318446
442 -4.014997443924094
443 -5.124233325342866
444 -4.699413344377997
445 -4.87208530750584
446 -4.973217765862835
447 -4.126592233765546
448 -4.3026495983703965
449 -3.775040115140083
450 -4.933519256104324
451 -3.9520525808535654
452 -4.682992546583397
453 -5.065919460974491
454 -4.060903438902916
455 -4.620614167401564
456 -4.392167641522958
457 -4.900607727348022
458 -4.927044231865427
459 -4.614748724769855
460 -4.931898482989919
461 -4.416493342719719
462 -4.670304567407448
463 -4.305326218296438
464 -3.2889468794036003
465 -5.08783076302651
466 -4.754606865141676
467 -4.601413702966097
468 -4.633276261497929
469 -3.665139985238831
470 -3.4866814589334454
471 4.049272032064484
472 -4.130842203989149
473 -5.002204344381574
474 -4.625464458801199
475 -4.396472692583041
476 -4.471286783098024
477 -4.629262117272483
478 -4.817107699648785
479 -2.0289769875536825
480 -4.711563631354885
481 -3.8438714184835945
482 -4.9705231408131505
483 -5.149386721425146
484 -4.914831519678257
485 -4.079823370251394
486 -4.5225168806834075
487 -4.434431467353568
488 -4.93467394537235
489 -4.968056464167153
490 -4.54566437161542
491 -5.3151810706816445
492 -5.203291467882887
493 -3.8095057306573583
494 -3.7323593933778034
495 -4.555396977581141
496 -4.996745356586417
497 -4.471825750008152
498 -5.265019419702213
499 1.3182853475277647
500 -4.484769231371475
501 -3.7421448886509476
502 -4.2934195111483096
503 -4.200520273461737
504 -4.646608305047762
505 -4.789592081572846
506 -4.602825782644425
507 -3.982209366013379
508 -4.571776003444282
509 -4.546835812813071
510 -5.321616375327658
511 -4.489644971027143
512 -4.908943371662963
513 -4.989709765001889
514 -4.459192022578269
515 -4.094079218271324
516 -4.528130377302582
517 -4.9867786283852436
518 -4.855784894391844
519 -3.794048763568208
520 -3.872752064390378
521 -5.05138996924561
522 -2.9197592524539644
523 -4.447555088662508
524 -4.8763063462089455
525 -3.7849804124381494
526 -5.014687209683159
527 -3.702621762466312
528 -5.011983381821477
529 -4.274779460938871
530 -5.580808714457389
531 -4.270113297129242
532 -4.711379956829434
533 -4.482764399952054
534 -2.6018898089646947
535 -4.693990716285283
536 -5.466592351627993
537 -4.058456591172909
538 -4.063695466825798
539 -4.861732745972671
540 -4.850391794179365
541 -3.5153371447076713
542 -4.5027658186564405
543 -4.8645376684912724
544 -4.014383946742624
545 -4.15672003231923
546 -5.214915594297141
547 -4.262497029802612
548 -4.706604802741854
549 -4.599559696534772
550 -4.7843429071736185
551 -4.928022496777195
552 -4.631159658216614
553 -3.514628835902328
554 -4.765177835252294
555 -3.8267312570500396
556 -4.7799204742548556
557 -4.659782644726351
558 -4.490650641172206
559 -4.018007509646821
560 -5.106976944595677
561 -3.6245627885015024
562 -4.756397011953401
563 -4.493409464563422
564 -4.451661544597113
565 -4.683050700881886
566 -3.859751642987501
567 -3.7019066315471285
568 -4.475537879296847
569 -4.688789533902896
570 -5.046232486645996
571 -4.793124264550995
572 -3.855666265804371
573 -3.8531372351497026
574 -5.4315189696078185
575 -3.5826710081288713
576 -4.1004996741715
577 -4.18540740998598
578 -5.237519350631356
579 -4.614558738051647
580 -3.7827307124960727
581 -3.983387017869064
582 -5.076075405212313
583 -4.658415400846446
584 -3.961937132794441
585 -5.231209331416611
586 -1.8289018481464763
587 -1.673778556176378
588 -4.996297323026284
589 -4.199135785797843
590 -3.4029186945855745
591 -4.891523916846353
592 -4.511154801959899
593 -3.55624944829574
594 -4.658397473823985
595 -3.9430363225748835
596 -4.514132396861724
597 -4.213454942397869
598 -4.860260207720585
599 -3.2572723455056414
600 -4.530636883106335
601 -3.847476520480732
602 -5.010751003489442
603 -3.6699718867201234
604 -4.47892862624908
605 -4.223917476351812
606 -4.788996762647521
607 -4.905751821627502
608 -3.9545361784082727
609 -5.04353533646237
610 -4.439067562532147
611 -4.493221440339984
612 -5.502749574328541
613 -5.0462871446153015
614 -4.510206831175293
615 -4.2485780826612425
616 -4.6396352387749795
617 -5.420068736323484
618 -4.584487525371429
619 -4.350014330204837
620 -4.651340189439817
621 -4.917119974531031
622 -3.7388573066056097
623 -3.3461093175061434
624 -4.841873923135796
625 -4.747891745238494
626 -4.891251491677415
627 -4.615061956472731
628 -4.578226113912649
629 -5.261045008420174
630 -4.273742069531366
631 -4.318629147472651
632 -4.9696491308992075
633 -4.231359634885485
634 -5.021816379734265
635 -4.86253781979027
636 -4.558841627419402
637 -4.637243985020447
638 -4.5074327005340775
639 -3.1773895712475486
640 -4.6312106948655485
641 -4.336665733704263
642 -4.5387938843421285
643 -3.9859195168202954
644 -4.428781201047154
645 -4.114907345288834
646 -3.805713589002851
647 -4.058620199738023
648 -3.119772957643657
649 -5.696186382108135
650 -4.005602404101464
651 -4.615707232288209
652 -5.225769547104393
653 -5.369545202399326
654 -4.538514466159291
655 -5.50493778551539
656 -4.4066579613773635
657 -4.01466099673135
658 -5.113226750488818
659 -5.399607809055731
660 -4.264790293272331
661 -4.8384297277578145
662 -4.886770484006312
663 -4.689291098134926
664 -5.129870302035962
665 -4.7645799912868885
666 -5.0395984241619765
667 -4.478443338039478
668 -5.252751358785323
669 -4.643699772100168
670 -4.1262819919246345
671 -4.975541769870523
672 -4.877924281263591
673 -4.450983947190437
674 -3.9981255446950366
675 -4.082902309031291
676 -3.4463943960360783
677 -4.754909155794027
678 -5.318505600572479
679 -3.7373167008053754
680 -4.067479042026994
681 -4.979536313040932
682 -5.424405235581407
683 -4.699566848650338
684 -3.449717762509553
685 -5.016539546550822
686 -4.578906920249311
687 -4.276734993707277
688 -4.753870516308875
689 -3.6371719320640112
690 -4.398563433551599
691 -4.670107883687324
692 -3.7042288434005854
693 -4.6419221662941625
694 -5.248490259495844
695 -4.535140077920109
696 -4.605822111409863
697 -4.854715095282121
698 -3.8721231579347646
699 -4.597951315433132
700 -5.035219625553312
701 -5.309082149043048
702 -5.1684720156696144
703 -4.147868208705969
704 -5.147896280554597
705 -4.779272296342681
706 -3.890360525547922
707 -0.6879700530443877
708 -1.8318194930945917
709 -4.017890149145145
710 -3.6167953975904448
711 -3.5884881331091636
712 -4.835724477427095
713 -5.049463095380076
714 -4.118883415083571
715 -4.566866304622347
716 -4.860860780133709
717 -4.333508412211812
718 -4.65730073541374
719 -4.916414489759562
720 -4.663804998943641
721 -5.129156222370407
722 -4.734683985500805
723 -3.798071195395445
724 -3.9246866579321664
725 -4.797131915270135
726 -4.1912591220761755
727 -4.3090819925917145
728 -4.299163327528151
729 -4.139651401938063
730 -4.957382320618645
731 -4.650875762359936
732 -4.056812012584104
733 -5.114842432619198
734 -5.010102838427574
735 -4.789983115325908
736 -4.081178216472651
737 -4.377447488126429
738 -4.721964841876109
739 -3.7364873459097088
740 -4.601372961615677
741 -4.636423006897165
742 -4.583170884194612
743 -4.229406189305856
744 -4.35883547809674
745 -5.055940782207266
746 -4.859477113917305
747 -5.086334288373266
748 -5.263961424782123
749 -4.443569420221426
750 -4.911091968557858
751 -4.45990176734383
752 -4.064234716173168
753 -4.857153749518141
754 -4.04492362025894
755 -4.9047130583045435
756 -4.597686340388402
757 -4.571123768926511
758 -4.968180528876042
759 -3.6926811223568183
760 -4.0930612494995655
761 -4.40137947451506
762 -4.19741996954518
763 -4.664334843382306
764 -4.731962071908055
765 -4.586312644523964
766 -3.9789727361859297
767 -4.153694646150017
768 -4.627006486323711
769 -4.657574967480587
770 -4.353850446584401
771 -0.14748074161419333
772 -4.813891503173716
773 -4.60033705530613
774 -3.603710669500643
775 -4.056943326411586
776 -4.98815420567
777 -5.601710484832397
778 -3.9868145535892205
779 -4.322273159740662
780 -4.216779647464404
781 -4.381045288493043
782 -4.86311495399261
783 -3.997070126273481
784 -4.712574450507104
785 -4.198754736632819
786 -4.605355989926684
787 -4.962963382316066
788 -5.231053399812089
789 -5.485642972924586
790 -4.402978962880434
791 -4.181376030074831
792 -4.76790460633805
793 -3.6396997383943024
794 -4.15172478621524
795 -3.976181138555411
796 -3.8388655487833487
797 -4.01756979532348
798 -4.422830763990738
799 -4.220150019666771
800 -5.14797674667559
801 -4.432697196611568
802 -4.930636395925865
803 -4.329223060247768
804 -4.523849894134474
805 -4.852455613498195
806 -3.9868368967406917
807 -4.451504904546532
808 -4.660112894970668
809 -5.265138617676587
810 -4.920781472738759
811 -5.194575190904362
812 -2.003478248975412
813 -5.670247459466333
814 -3.863069982487397
815 -4.733078526563781
816 -4.9434365430022025
817 -4.483031818812246
818 -4.082223783007559
819 -4.847414326894536
820 -2.7885721874393443
821 -3.9820594898002333
822 -3.693399972501754
823 -4.18831142219029
824 -4.291682166475331
825 -5.053070307506245
826 -5.0694707719154275
827 -4.44109875800018
828 -4.391118504996267
829 -4.478326587294968
830 -1.5115525369782383
831 -4.8423634172634955
832 -5.000098173837294
833 -3.7909129037254266
834 -4.116223681671183
835 -4.921891565496629
836 -4.059050104467999
837 -4.0247964894211385
838 -4.949431213702949
839 -4.199970177319617
840 -5.036867192420927
841 -4.3323252429089685
842 -5.2854294278880705
843 -5.031381201605778
844 -3.689456631139689
845 -5.18237667093061
846 -5.1624108123248575
847 -4.622822612864355
848 -4.945821438239466
849 -5.242387751822964
850 -3.337101281792345
851 -4.342289144005019
852 -5.366219377310813
853 -3.1597118031395586
854 -4.760714639659462
855 -4.686292948243388
856 -4.745145514502712
857 -5.004588545697622
858 -5.643134739764039
859 -5.716417478305605
860 -4.351432269584392
861 -5.270187538577107
862 -3.8686073245136776
863 -3.7027273122720894
864 -3.8282705176744676
865 -4.727555394762048
866 -4.115817857248443
867 -4.664559924064994
868 -4.442978238373001
869 -4.2388710533845035
870 -4.7429150407289855
871 -4.931463093873322
872 -4.120021325220784
873 -4.9342384442182095
874 -5.036636889836421
875 -5.372516204190934
876 -4.745552445298524
877 -3.7028653056779044
878 -4.665077020835616
879 -3.6657212567347015
880 -4.701175381303458
881 -4.5923047165078845
882 -3.945859195029959
883 -5.087353322681405
884 -2.679495316734265
885 -4.1784195125327726
886 -4.099324088966552
887 -4.075410490059826
888 -5.5670412407705046
889 -4.41279449934699
890 -4.5258550193634255
891 -3.8878421229023825
892 -3.2886296525795617
893 -3.9074057437937517
894 -1.862772247322496
895 -3.7919775430743683
896 -3.7808269260005782
897 -5.260405793618735
898 -4.5988338924522845
899 -4.263969247243559
900 -4.887854419357473
901 -4.860803774680213
902 -4.700772432594211
903 -4.403001531240663
904 -4.642222496360407
905 -3.964952996527172
906 -4.046641123686548
907 -4.801453882228016
908 -4.145846735873979
909 -4.731579284171786
910 -4.26994231680238
911 -5.149885712658246
912 -4.216470329384607
913 -3.9480640449503923
914 -4.43995137922979
915 -5.425701627419182
916 -4.135270016394585
917 -5.26761800831275
918 -5.222410941490194
919 -4.293720452291953
920 -4.359284265019226
921 -3.9973722040599142
922 -5.215368299746941
923 -4.437513674786766
924 -4.429824285652635
925 -4.487094867597951
926 -4.406219062694532
927 -4.150947271174875
928 -4.314617582868771
929 -4.248719763920519
930 -4.908888553662682
931 -4.231932155766959
932 -4.285919975557437
933 -4.5415139317393
934 -3.718064199671642
935 -4.998465616205648
936 -3.9446673126893845
937 -5.113161799362168
938 -3.2791720351646787
939 -3.825280768344049
940 -2.8805463557916946
941 -3.782123390516154
942 -4.3408219624968645
943 -4.3552071147653715
944 -4.439844692250371
945 -4.68629995923354
946 -3.8081334256143227
947 -3.9623707588819794
948 -4.810735244863231
949 -4.405944800898523
950 -2.7212401772130517
951 -3.749965291580136
952 -3.4714452918278456
953 -3.7419549743811924
954 -3.540606163649594
955 -3.822423254944401
956 -3.864219771903172
957 -4.386418293058234
958 -4.473609754546168
959 -4.219548519499029
960 -4.12090086865009
961 -3.879473073905637
962 -4.493489462119835
963 -4.806221569354129
964 -5.212190089496936
965 -4.321891216001705
966 -4.623662385402937
967 -4.525103480874705
968 -5.155649320226403
969 -4.625568184192571
970 -5.480095742449544
971 -4.349061713180692
972 -4.957432626513868
973 -4.208354760044369
974 -4.677791881506157
975 -3.981891133719614
976 -4.575772476916401
977 -4.505920663690236
978 -4.408555140528655
979 -4.443058148142219
980 -4.307302589757534
981 -5.13450883883988
982 -4.202335556513075
983 -4.499312195748474
984 -4.600620989737754
985 -3.880957981821801
986 -4.946580123486045
987 -4.3548575684203765
988 -4.661267757824113
989 -3.908187402675248
990 -4.943253155500943
