{
	"version": "0.3.14", 
	"suite": "unknown_suite", 
	"function_id": 1, 
	"function_name": "Sphere", 
	"maximization": false, 
	"algorithm": {"name": "DE", "info": "algorithm_info"},
	"attributes": ["evaluations", "raw_y"],
	"scenarios": [
		{"dimension": 23,
		"path": "data_f1_Sphere/IOHprofiler_f1_DIM23.dat",
		"runs": [
			{"instance": 0, "evals": 1101, "best": {"evals": 1095, "y": 82.95554448147294, "x": [-1.527914648179601, -3.5883419034038706, 1.7395106707096835, 2.7303118537322986, -0.7626716033959096, 1.4558185880193326, 3.0101614072240017, -4.390687811387341, -1.719089665492417, 2.677736282931026, -1.182436928972166, 1.8174486233159506, 3.591993192549509, 1.5909204422542715, 1.10257631232846, -0.5800482575446466, -1.6103557102739472, 1.6031222112478702, 0.45935642540510035, -0.44091739348544934, -2.031150990893617, 1.4410129775286487, 3.06785767922822]}},
			{"instance": 0, "evals": 1101, "best": {"evals": 983, "y": 79.22386144907567, "x": [-2.840465866548006, -4.964155061884857, 4.096930744375017, -0.5759425338273791, 1.626014301959459, -2.6979044420468465, 1.227611015854282, -0.7397134543694679, 2.088230680806408, -2.436533229179863, -0.7881039492378896, -0.8597895115244474, 4.822025644856142, 3.435998903663739, 2.1454355693831015, -1.8908348450859775, -2.668997479563806, -0.2623378229965101, 2.7250986337972787, 1.6960529725734002, -3.0631777932209197, 1.350054336217716, 2.364739572967577]}},
			{"instance": 0, "evals": 1101, "best": {"evals": 869, "y": 50.08271674283051, "x": [1.3081542193067142, -1.0611548683196161, -0.3398912401755725, 2.0880945808627884, 3.0627131180332947, -0.453712301533304, 2.1226012488025043, -1.094771341690672, 1.6460264175915509, 1.638402835467685, -1.1519785579920525, -1.4730912509614276, 1.7026792507228714, -0.3153913212563566, 2.5259941223177873, -3.0769452463571136, -3.853255668739588, 1.9038772227289584, 0.20748307248807185, 3.489607608312925, -2.6528850966537543, -3.1944676306426656, 1.0899502915184418]}},
			{"instance": 0, "evals": 1101, "best": {"evals": 1058, "y": 65.80457776082612, "x": [-2.498403297744508, -2.4506617974387614, 4.847069189718891, 0.33177381060781563, 1.0564145567668435, -1.0641342483793261, 3.0808424905454785, -1.973863351949673, 4.759003576130798, 3.1291419384493784, 2.0614040577429273, 3.928765096528469, 3.3106772345456363, 0.7224790878660436, -0.2951891467315654, -2.974719830228093, 0.15279481458055955, 1.3746427411104478, 1.3649330087539449, 4.332952680394104, -2.446678410474517, -1.2301393828997962, 1.6278935315965994]}},
			{"instance": 0, "evals": 1101, "best": {"evals": 988, "y": 62.10530516386934, "x": [-0.2225055892228993, -3.0592679001727516, -0.2099503995162152, -2.688322348901945, 4.0672511403343545, 1.1499855018879348, 4.421514473755552, -3.2060175883277884, 4.7450472964267085, 1.499214970767789, -3.882361025330158, 3.294757013823933, 1.6457146873421031, -0.3601425420616531, 2.68504484620483, -1.833434585733975, -2.074597147293653, 4.040994274842792, 2.320438784150822, 2.1331380524739885, -3.597279193806768, -2.446504511316454, 2.4684436381410046]}},
			{"instance": 0, "evals": 1101, "best": {"evals": 783, "y": 52.717248159706635, "x": [-0.6349015264575728, -3.0859063111491905, 1.328109616094214, -0.3844050779084711, -0.34300675727310814, -1.9357162991912036, 2.3513061527961674, -1.291034786279445, 4.41511100836237, -0.7937143697881655, -1.3034040050214046, 0.8757871818751028, 3.8327413460168414, 0.6270253726967567, 1.7426239304801117, -1.312514527407341, -0.7242261951610471, 2.5068795864212996, 1.9527324038845624, 1.2755428877030175, -4.14633773165349, -0.9669363707651166, -0.0078094422197168]}},
			{"instance": 0, "evals": 1101, "best": {"evals": 1058, "y": 79.26233086320738, "x": [1.0485098158353097, 0.5790313059683996, 1.2020081469586428, -1.2535026737422754, 2.7624820999998083, -2.3310236760590497, 2.9054343682869455, -3.3187037154222665, 0.938547946251159, 0.2741754962795473, 0.1054852806154809, 2.1727654672530603, 0.22200642098308965, 2.298078015810673, 0.3646797091364662, -3.2244271163436977, 1.0043335964526032, 1.0640817970735563, 1.034920125363874, 4.547261366597493, 0.5902523165670925, -3.4720360545289806, 1.3259056029485656]}},
			{"instance": 0, "evals": 1101, "best": {"evals": 883, "y": 42.7880393261083, "x": [-0.5235681702985175, -3.276415396396344, 2.890781876386642, 0.19072850410523, 1.6717313856460798, -1.0860772484615906, 3.395109585386227, 0.3492192611941274, 0.18793241909248248, 1.2898206364169713, -0.8843465004106288, 2.3369108390770297, 2.864387122717371, 0.09812886528005849, -0.3802104188421964, 0.2127055187891016, -1.301186960586166, 0.8951705162272292, 4.2174051861296125, 3.115178511582828, -3.361940343405244, -2.0130589559963914, 2.2473579072880367]}},
			{"instance": 0, "evals": 1101, "best": {"evals": 982, "y": 51.055856687517334, "x": [-2.5871202434011598, -3.9819200875039993, 3.0305331525019734, 4.2126610600415315, 1.0368277685173997, -0.2014509973607712, 2.0271476435767912, -1.0652688334482985, -0.4747478056214893, 2.351124301574441, -0.06215824793694624, 3.1800245758829577, 2.376758696421378, 0.00437498880439513, 1.478790321879826, -0.8881155567306576, -1.4510300574182846, 2.040401844572296, 1.3593792391477852, 3.2734326634443853, -2.5551713433464105, -3.102285331407786, 2.197657112950564]}},
			{"instance": 0, "evals": 1101, "best": {"evals": 872, "y": 59.20923137288889, "x": [0.16885869647117735, -3.0833491478026342, -2.3791141182562194, -0.15365324896709787, 1.5105143418332672, -0.3417726671687693, -0.8029898951203316, -3.5551500917413215, 2.619317559286783, -1.4176388846824128, -2.865179674381097, -1.8331323582369619, 3.4529246683611885, 2.552908133946947, 1.4442745281483251, -2.0413669138951396, -2.7616153662719114, 1.6860798528549363, 1.1893553451670282, 4.021064829903519, -2.6719360844063984, -1.8165349908482202, 2.0614297595181057]}},
			{"instance": 0, "evals": 1101, "best": {"evals": 886, "y": 71.1862193157135, "x": [-1.180476163145634, -3.287634600465249, -0.7366030596585667, 1.4026942233451325, 3.2999417436917335, 1.908025873118544, 0.32475668984977224, -3.2245894408224283, 1.4185134612144843, 0.8060240454629, -0.3366298168005686, 2.8546286556848233, 0.15375967831503523, 3.4387792975472276, 1.7664689104936384, -4.940972579631563, -4.808633030720141, 2.4989330702132717, -0.7350740327011183, 4.753238700238671, -2.8559096536411284, -0.3460074714544805, 2.797649763842195]}},
			{"instance": 0, "evals": 1101, "best": {"evals": 1078, "y": 79.07400114739382, "x": [1.3786562560090765, -2.8990437321423617, -0.07373624714636229, 1.4023209803513472, 2.226982084789641, -0.502803562206917, 1.5487141549903267, -4.566889361219522, -0.7366203371142905, 2.2144642913770722, 2.4069784929428053, 2.619776109760875, 3.6951331679045794, 1.825179476744368, 3.943593849080065, -0.17523858023267103, 0.751384928025849, 0.29506775354760295, 2.2283043665449505, 1.8871281823674737, -2.8926544303765436, 2.374131412112047, 2.2906381844859416]}},
			{"instance": 0, "evals": 1101, "best": {"evals": 987, "y": 71.69346805417872, "x": [-2.91393030020963, 0.655166032509868, 2.8387550656823235, 1.4392372134351126, 4.92852520138175, 0.5241257082838011, 3.831546893827215, -2.0571964981717032, 1.7944553836111463, 3.251761541852632, -1.8905860124839011, 2.1977110958677453, 1.1660965827240295, 1.4371163201051036, 0.5523843376273557, -0.10234961424000222, -0.6957368223488705, -0.7739434816368818, 1.1425025184348123, 3.846331673049588, -1.258791742466614, -2.2440859854016395, 0.9387000955252787]}},
			{"instance": 0, "evals": 1101, "best": {"evals": 1081, "y": 78.64299124302332,