{
	"version": "0.3.14", 
	"suite": "unknown_suite", 
	"function_id": 17, 
	"function_name": "Schaffers10", 
	"maximization": false, 
	"algorithm": {"name": "DE", "info": "algorithm_info"},
	"attributes": ["evaluations", "raw_y"],
	"scenarios": [
		{"dimension": 23,
		"path": "data_f17_Schaffers10/IOHprofiler_f17_DIM23.dat",
		"runs": [
			{"instance": 0, "evals": 2301, "best": {"evals": 2266, "y": 5.0428622884076635, "x": [3.8254773628001733, 3.149500547952029, -2.5890728600035193, 3.0023451911241064, -1.6569007136203502, 0.3685084281134675, -0.3501725904621994, 0.25866027384121126, 3.6497183951010204, -2.4771472149148095, 1.142032172410907, -2.379883407874342, 1.0801078617469084, 3.11718885287882, 2.2964143583648378, 3.6473494250521608, -3.545026851025943, 2.8646691421631223, -2.0039821222554193, -1.8461804465560392, -1.5344643417841421, -0.7461381856668416, -0.29842949578381495]}},
			{"instance": 0, "evals": 2301, "best": {"evals": 2081, "y": 6.661195391031864, "x": [2.019808869433552, 2.368343280044977, 1.6259325862612868, -1.7276523372483679, 3.5217535690943578, 2.788755850841701, 1.4157126312806332, 0.35558872971285593, -0.4185188825102868, -2.086310491596014, 1.5262798668128168, -4.768856050984657, 1.1181412276368208, 4.962657730812179, 3.523922993233431, 0.7664749914754605, -2.172437424257846, 2.215048901541117, -3.0905580109588238, -4.186977274301487, -1.7856589139356016, 0.04696980601435996, 2.6722688797012797]}},
			{"instance": 0, "evals": 2301, "best": {"evals": 1978, "y": 10.066791589372126, "x": [0.20886567836773573, 1.1584674600277411, 0.688612648106242, -0.2783482606613541, 1.9138312133926147, -1.2609353966415662, 3.776187194796342, 1.8157629138533395, -3.5061212442857945, -4.7605335137003815, -0.5678231709239681, 2.1786342155357192, 1.6595205087959266, 3.3975851539550708, 3.2739756140927527, 3.156458823870194, -4.296396976607184, 4.354097065609358, -2.240281817659284, -4.742617732500825, -2.156114139771751, -2.9643364970727295, 0.9734693783687196]}},
			{"instance": 0, "evals": 2301, "best": {"evals": 1861, "y": 7.274571510045201, "x": [1.244637299286227, 3.4853693166208637, 1.97947456865084, 1.1978104263463836, 0.05040162235111145, -1.7469710828747695, -1.2134103555873497, -0.19573392635735476, 2.503383740363226, -2.0794984691219733, -1.6574219397612857, -1.0870222505204787, 0.936152921963042, 1.7562141101268391, 2.19427316195969, 4.106715760429384, -2.304456066074268, -0.9786730295589847, -2.6878563400848017, -2.4758672819960093, -2.534437543498011, -3.5832895114713037, 0.40230390353089174]}},
			{"instance": 0, "evals": 2301, "best": {"evals": 760, "y": 9.11798599649968, "x": [-0.6362790860941159, -2.6916555328963634, 4.315313062647153, 2.2472036870802334, 0.7928466564000418, -0.8755012790576555, 3.2919668097486374, 4.386303493686254, 0.01066306894749447, -2.243396105499302, -1.0822978187480539, -0.24185143985648905, -2.1803541403072764, 1.3951605258922495, 2.534179069169328, -0.15246443454497038, -0.7596363683918947, -0.21725908643930314, -4.4341298108917835, -2.1561146343828526, -3.4202343737263403, 0.5392515784791874, -0.4867918270947482]}},
			{"instance": 0, "evals": 2301, "best": {"evals": 2257, "y": 6.85104526370848, "x": [0.19530729359093013, 2.0253543789463873, -1.5028810004806825, 0.042666471333928424, -1.2844331616114473, 2.18710647582714, -1.5594385924891097, -1.2600263478049911, 3.338811486456859, -1.9407344778031959, 2.6567653998120537, -1.7877918291918904, 0.8489653139523456, 4.086050943411517, 3.5977555629134095, 2.533708963424235, -2.591590134831535, 0.47056094497276035, -2.9996063438813474, -2.9895212719431123, 0.25033663079114843, -2.311490883591559, -0.017107255970092994]}},
			{"instance": 0, "evals": 2301, "best": {"evals": 1773, "y": 9.34393622971655, "x": [0.2971185294089569, 1.4450670848459553, -2.058070275963424, 3.8575053815847617, 2.624891448158866, 1.0309200240054093, 3.4802806519726097, -1.7093797855270345, 4.248824810182333, -2.116794155935545, -4.925534061438832, -2.987493441704518, 0.8112713880541622, 3.608568228326552, 0.23908876362913745, 1.9214767590287885, 0.228565704268058, 2.4075770040987434, -3.980915831577282, -1.6709079325013882, -4.118087480412907, -1.0613447052935372, 1.8137924583784133]}},
			{"instance": 0, "evals": 2301, "best": {"evals": 1459, "y": 8.010420834361879, "x": [0.5474180145913228, 4.6608807902520395, 2.3956086503658263, 2.212423337399308, -2.3893145933038116, -0.9795290706383364, 1.8174949996876733, -1.604130950321653, 0.14136067348625048, -1.8217050009852223, 3.897976317110076, -0.049134638457418056, -3.2643140246613958, 3.53733067690999, 3.308097770694304, 3.830705328036263, -2.262455393376916, 2.253810437172805, -4.57252451385477, -2.178465726023271, -4.376471250418602, 1.758046718995553, -1.0272162329650891]}},
			{"instance": 0, "evals": 2301, "best": {"evals": 1872, "y": 7.955541598219628, "x": [1.5548715339254677, 1.8535257933276874, 0.025069780600036617, 3.7585694244929746, 0.9384540190175219, 0.10443643959708027, 2.9510473177117813, 2.041077648458359, 0.9139904323781205, -2.557966889906824, 1.5103476342710644, -0.6341344069848299, 2.7377743965470653, 4.71784078049889, 0.1374898631579513, 2.156498540701884, -0.15403837724312464, 2.453624574541193, -4.091227595842092, 1.1944832750916456, -2.680705213761365, -3.508766359402318, -0.9456261682007989]}},
			{"instance": 0, "evals": 2301, "best": {"evals": 1975, "y": 7.802423818790717, "x": [1.6774224439980356, 3.0644860292117104, -2.056465559196762, 4.058303415242566, -0.7748738055964837, 2.5446033178955627, 1.7522541391506294, -0.8762596438983377, 1.0516676273674888, 0.2627324007487859, 0.4834870702629934, -3.240228183275659, -1.1846644572131937, 3.9197350361603864, 1.9642553251057775, -0.6051223881917256, -2.7515361633288915, 0.5593621878531787, -1.2147592507835387, -3.080077455792999, -2.683349291049585, -0.7398136048916333, 2.015011990664372]}},
			{"instance": 0, "evals": 2301, "best": {"evals": 2089, "y": 8.670085164986897, "x": [3.9690143796889688, -0.9034241572074277, -0.381816269880197, 0.5978896620036745, 0.9945551860077502, 2.492008800970466, 3.782742368740493, 2.6917768746875828, -1.6204137558639424, -0.8039544964446339, -0.5952063960580052, 0.24807224811247952, 3.547319984321275, 1.5250338912015182, 2.4283404973366034, 2.9597716501422897, 0.7847272316545553, 3.8933544275432235, -4.963865068461496, -4.050615697678589, -1.2792801285448696, -0.8980168805675919, 0.1912277153458648]}},
			{"instance": 0, "evals": 2301, "best": {"evals": 1979, "y": 8.296934550897882, "x": [0.5341097207499237, 4.466016900090347, -1.1369562369980613, 2.695611693211889, 1.313407362190766, 3.1913273573795844, 3.137715644790543, -1.4396762195488124, 3.7232704840820556, -1.856427328591603, -0.15733980488424526, 0.7556555419631943, -0.5594329997067353, 1.2454549066223035, 1.3592968339482674, 2.9132501129768373, -3.164690981010716, 2.4701293615111775, -1.4885242391276559, -3.29702460083198, 0.46158685957158485, -2.2826838864345467, 2.941168268761983]}},
			{"instance": 0, "evals": 2301, "best": {"evals": 1964, "y": 9.282932642400224, "x": [0.2010973996916644, 3.8006632227419814, -0.4746880097057151, -1.4500668690229017, 1.6975623890010036, 1.9351319799157278, 0.9151328513390846, 1.9639903544265547, 2.726013696228619, -2.6988358990496017, -3.0162890912866605, -4.2138270127819935, -1.6893744242531819, 3.420622764101098, 1.4768822088109301, 4.86240783730177, 0.3560534432919109, 1.8729158429149475, -3.2691998019396085, -2.681360762078633, -3.1982368369187792, 0.16551311647699718, 3.9491644766214087]}},
			{"instance": 0, "evals": 2301, "best": {"evals": 864, "y": 9.498411317693822,