{
	"version": "0.3.14", 
	"suite": "unknown_suite", 
	"function_id": 24, 
	"function_name": "LunacekBiRastrigin", 
	"maximization": false, 
	"algorithm": {"name": "DE", "info": "algorithm_info"},
	"attributes": ["evaluations", "raw_y"],
	"scenarios": [
		{"dimension": 23,
		"path": "data_f24_LunacekBiRastrigin/IOHprofiler_f24_DIM23.dat",
		"runs": [
			{"instance": 0, "evals": 1101, "best": {"evals": 1081, "y": 414.1297478001321, "x": [-0.6240032673590572, -1.6882417755125463, -1.2771054275475477, -0.9421450948458387, 0.8493581697173801, 0.6953365451630389, 0.5959577506606717, 4.130716512632354, 4.2147597350313415, -0.18126852513128378, 0.36656500334695896, 1.9527782632377204, -3.3823092813238422, -0.2535870853718536, -1.0812049732270503, 0.7718103517371535, -0.6291516273476301, 2.3968011437574295, -0.3888101327577118, 0.19867779014629683, -0.19858882318479987, 1.5863783032332361, 0.9254289934734949]}},
			{"instance": 0, "evals": 1101, "best": {"evals": 272, "y": 450.759191427703, "x": [1.7411564450414199, 1.8811800554402858, 2.380346472899455, -2.2774938795443904, -1.6854744625251623, 1.2099870759019082, -2.4693362747092107, 0.16212922136884078, -3.234985712958862, -0.0036029215426993666, -1.1103419068506923, -2.0210460948051683, -2.190256526355631, 2.0345211950578532, -0.4722773881010047, 4.233017794845171, -0.9492361412365842, -0.4076889197172484, 2.7652524007781416, -4.142048245230027, 1.1118449932679457, -1.7014284773872537, 2.379311673672345]}},
			{"instance": 0, "evals": 1101, "best": {"evals": 980, "y": 444.0175907418345, "x": [-3.52691700493519, 3.199618899470335, -1.8383870785547187, 3.073452295004621, 1.6709489380063933, 0.5099537408279606, -0.16500434666472685, 1.9786231096698774, 0.029527290447329158, 2.053011852091699, 2.6120416648762323, 1.1563031719686636, -1.4142267619395659, -3.675312329196429, -2.0204443434711647, 1.4910886572800808, -2.0308474099576532, -0.40413830864393874, -2.516340563558246, 0.8502570083867855, -1.3486457538334897, -1.6864932466149947, -0.2871342716070746]}},
			{"instance": 0, "evals": 1101, "best": {"evals": 769, "y": 436.84464685491366, "x": [-3.729038809541084, 3.8025774487299575, -2.4692086636956607, 3.169253660390896, 1.7216958486546545, 0.4895774786973035, 0.8675571404566895, 1.0650314236998448, 2.621243797933644, -1.9908596684074622, 1.4787773051812845, 2.230200397294506, 2.0518801622606087, -1.7039600055489905, 1.105551878360835, -3.022227637429059, 0.16115343713349306, -0.5599018723748141, -3.032103562338048, 0.7262426512874798, -3.183639741836011, -0.1053825693692394, -1.5164419581056596]}},
			{"instance": 0, "evals": 1101, "best": {"evals": 1099, "y": 469.1451929720748, "x": [-1.5360322512234035, 2.860450875960902, -3.2159175267245574, 0.3678633398166493, 3.1104296862907264, 3.320123011333107, 2.347494083949166, 0.8649647267741436, 2.5519177474812906, 0.8091001778213351, -1.9821901888399063, 2.002596682012633, -2.4474544244876104, -2.044597464859925, -0.4879328963459615, -1.2087052944090315, 1.777937767275257, -1.7577126852704072, 2.6979520043181773, -1.662757110391472, -3.4810413957117325, 3.7324535864742314, -0.736128930169655]}},
			{"instance": 0, "evals": 1101, "best": {"evals": 659, "y": 470.29167052664457, "x": [-2.0606687654186984, 1.8032463542384392, 2.2891105973715096, -0.11444800846406267, 2.063639756344461, 0.8881473343558994, 2.530880532937596, 1.202286800909392, 3.9678195372549, 2.5664303916183187, 0.9574587719505221, 1.3379902821773664, -2.3838810183835246, -2.879720613760663, -3.6683888241233955, -1.659214265824449, 2.7271095026285286, 3.526512724315424, -1.5765610756664175, 1.2662599664626288, 0.8505065641199607, -0.9284840186653596, 3.5485370909719793]}},
			{"instance": 0, "evals": 1101, "best": {"evals": 584, "y": 392.3214443134358, "x": [-2.4632406444104804, 1.9319598108251492, -0.03755828672851913, 1.1009606570007835, 1.0174383043275257, 1.9362287634702988, 1.0556340638426178, 2.107947436743687, 0.9896813390741044, 2.4315200713188023, -0.16726468940762462, 1.3310924136120508, -1.301785481246903, 0.27399573384201514, -3.1942838056706604, 0.04050983233784988, -2.9360884514951913, 4.394889291708365, 0.08248462379099886, 2.458416216355264, 1.0920669214559102, 3.4220141172589376, 0.8630999710452485]}},
			{"instance": 0, "evals": 1101, "best": {"evals": 1056, "y": 341.0583760535296, "x": [-1.1821967695157056, 0.7451439887079401, -2.736595291798156, -0.29736545649508717, 0.5696445570191102, 0.9174251594395282, 0.24437001488316845, 0.7001115011675445, 2.8982231810240844, 2.9243571833159865, -0.8276943752057926, 3.3833363622941626, -1.0657248218606936, -1.346265614422046, -1.6230403074454127, 0.8846263629771709, 2.5658432204416957, 2.2535738073924634, 1.9888041614743193, 1.7267793596319758, -3.486325083873072, 0.925657020261939, -1.9597934574180178]}},
			{"instance": 0, "evals": 1101, "best": {"evals": 1099, "y": 379.92747083127813, "x": [-1.6776499649747287, 2.4899119219578942, -1.3386547949144725, 2.2402980687964162, -0.35932408146275985, 1.727386667226714, 0.47021304885238857, -2.2953844911886967, 0.5633604895052853, 1.2893775236065306, 1.4496043012382576, 2.7413928098044593, -2.8145346626561882, -2.8318730331397965, -4.761246313852339, -1.1865279540922482, -0.23738962363934846, 3.835645072160842, -1.0499954856425684, 2.0274968208380404, -1.4524771587105647, 0.15346060480121082, 0.003606410141591909]}},
			{"instance": 0, "evals": 1101, "best": {"evals": 592, "y": 369.7258482534625, "x": [-2.4976253009971785, 1.34547307984514, -1.318281320716267, 2.2025242725596255, 1.2340173595289283, -0.7521319711696126, 2.005999043877652, 3.116920629258004, 3.9669428304105443, 0.2843246050900319, 2.876257733498082, -1.0646766176343274, -2.8440154226254464, -4.240478185772894, -2.028985052243696, 1.3610039409068964, 0.9858748527414218, 2.8423987440865233, -0.42843732423079217, 0.4847260393244692, -0.6585783942575336, 2.6110201976787355, -3.6594103733522783]}},
			{"instance": 0, "evals": 1101, "best": {"evals": 1088, "y": 428.16909962772434, "x": [-1.3233508851666547, -0.11331848829809266, 0.28011681102475494, 0.6726646502208598, 0.44329005380255415, 1.5503755635677672, 0.06980713491987167, 0.8289023915234055, 1.4041099067768172, -1.087151640050991, 4.8692495084762974, 0.926204093707998, -0.4698247592041045, -0.7977748677180516, -0.08624546325726712, -4.151955727563239, 2.20745539520711, 1.129115206009002, 1.2864181428061263, 3.9226043029043822, -0.15354945513362073, 0.6247604106398681, -2.33093156180134]}},
			{"instance": 0, "evals": 1101, "best": {"evals": 860, "y": 459.27094082805615, "x": [-2.403614579462153, 3.54875522180708, 0.40476174055808145, 2.484665231858089, 0.1469682593487076, -1.2118026798875192, 2.945649593086192, -1.2608471401687764, 0.509205917181113, 0.1265803851175029, -0.5800311923264558, 0.6969541774678496, 1.8785981277894495, -1.845915018569193, 0.39433075957600217, -1.2166529534197634, 4.533409109062344, 0.6921884652624541, 0.6739790203351081, 3.116818989016005, -1.5749944830466687, -1.251207271001289, -4.212795807747286]}},
			{"instance": 0, "evals": 1101, "best": {"evals": 982, "y": 361.68131162789075, "x": [-0.9142647951159102, -1.0624254007087102, -1.9996453701210095, 3.526180042715893, 4.426758109865128, 1.8783998154421688, 1.2134966577665132, 1.2310832521911335, 1.7460783403429274, 1.3407213321570302, 2.8930480908024387, 1.6570677769064481, 0.49423920328507354, -3.3130538284270283, -1.2446265519857338, -4.11597728278554, 0.3410475696393389, 0.8062288574405834, -1.7158522042570141, -2.7956053271329457, -1.6312789470328177, 0.992721456298266, -3.616509375525982]}},
			{"instance": 0, "evals": 1101, "best": {"evals": 870, "y": 413.9476927096994,