{
	"version": "0.3.14", 
	"suite": "unknown_suite", 
	"function_id": 14, 
	"function_name": "DifferentPowers", 
	"maximization": false, 
	"algorithm": {"name": "DE", "info": "algorithm_info"},
	"attributes": ["evaluations", "raw_y"],
	"scenarios": [
		{"dimension": 23,
		"path": "data_f14_DifferentPowers/IOHprofiler_f14_DIM23.dat",
		"runs": [
			{"instance": 0, "evals": 1101, "best": {"evals": 751, "y": 16.79717606836323, "x": [-0.11905274412940958, 3.281113190238882, 3.860149480917454, 1.6412356038533567, 0.059773825743999254, 0.5054722414861761, 2.5246923451298833, 1.837721152727977, -1.059979430239765, -1.4046179546428275, 1.8278637462240204, 0.5540311585729096, -4.682134026004926, -0.44820240676394185, 1.5655254087352082, -1.3395789859723224, -4.9246959833285615, 1.6114614749491554, -4.334954973732613, -2.402251549789103, -0.2182319897325553, -0.649708607894453, 1.4170371091904015]}},
			{"instance": 0, "evals": 1101, "best": {"evals": 578, "y": 18.320408768972737, "x": [1.9038727616738447, 0.1565708609293739, 4.228749989820517, -0.5159491022382421, 0.10985467505885271, 0.48612333680457454, 3.3467680144350886, 1.3411859440709812, -4.264519442340359, -1.8467901324634264, 2.9239807318667306, -3.2348302356077685, -4.033845774772034, 1.6464597331523758, 2.3713685475156776, 3.4896097258451197, -2.558475872722503, -0.9313969447826045, -2.1385029571588916, -2.83303870452988, 2.1603961931068403, 0.12831851913625303, 0.8620895075255007]}},
			{"instance": 0, "evals": 1101, "best": {"evals": 1079, "y": 32.875442889056124, "x": [-3.488550295492775, 0.4629445091583593, 1.4108117662123578, 2.981042399505557, 2.026014909556946, -0.8046278762639183, 4.089929805808266, 1.9645006658735034, -3.0176542712109873, -2.716590136374751, 3.405435955674877, -0.4089267665391152, -1.6275979974977757, 3.2249555475323213, 0.7524416886147538, 4.519542523084446, 1.1864815831872801, 2.5851557554527735, -0.9639333650711557, -1.6437101485800907, 0.766255118499273, -1.3719788237609363, -0.06411664994797928]}},
			{"instance": 0, "evals": 1101, "best": {"evals": 581, "y": 15.265815530429306, "x": [-1.0607865453712408, 0.2872567765785554, 2.4055437061590315, 0.8971298394553635, 0.8237434756048883, 0.5722933656315234, 3.5046487411661627, 0.3294625570206753, 0.9406077762833733, -2.4624669080476815, 1.8119468040681421, -0.21944986076946948, -2.6188513294393916, 3.275147958074607, 2.913866495777415, -2.2801208322684383, -0.10860583996048812, -1.9123282374443895, -2.011006657183698, -3.0715529777105233, -2.3504203639628356, -1.5915828336207118, -1.83072695160027]}},
			{"instance": 0, "evals": 1101, "best": {"evals": 987, "y": 27.40301444241458, "x": [0.44174657349417235, 1.7746180433499434, 2.036770312673297, -1.2506130571444847, 3.249905594074715, -2.4646579243449764, 1.5588437633495271, 1.1113265190642612, -1.3983345404218472, 4.704528430828669, 0.3595628351801725, 0.9276415604289467, -4.292426589864355, 2.690279295923977, -1.9471393944747035, -1.6508663421295489, 3.067785538225583, 0.24298565021043128, -3.6653606904894027, -3.012990988849184, -2.540470374070283, 1.7353158327040354, 4.77232367979123]}},
			{"instance": 0, "evals": 1101, "best": {"evals": 864, "y": 20.2951687259246, "x": [0.9230651797523279, -0.2483828556587202, 0.9389290842488212, 2.2446724156787665, 2.493176013611169, 1.0497511233727304, 1.7524899799216174, 3.732594113712355, -3.410185733758974, -3.908786990620834, 2.2959467961657953, 3.581355470446134, -0.08204819872303948, -0.6276485019393165, 3.9867653727043155, -0.7898930768575436, 0.1359863854756096, 3.9849871203051794, -1.953529713424711, -3.896909277299517, 1.1608815357505922, -3.335074639511195, 2.4624497556378113]}},
			{"instance": 0, "evals": 1101, "best": {"evals": 962, "y": 24.2951424114012, "x": [0.7772840915249715, -0.6158021470925519, 4.573626569688615, -0.2625027082660423, 1.1039582527243441, 2.006594475654555, 4.223453604002856, 0.8182882506886722, -1.4109787686841009, 4.375166450746818, 3.341810640235081, -0.9949951919234835, -4.921228780662906, 3.6726377761565008, 0.9514915450122132, -2.88335097232347, 3.1575029349792265, 0.9236185976097255, 0.12310661253507371, -2.0851318150762777, -1.0604256505618286, -0.5274396027845172, -0.11599707225434575]}},
			{"instance": 0, "evals": 1101, "best": {"evals": 793, "y": 23.003578517217225, "x": [0.9987397215558835, 0.2579502592031926, 2.007535153584792, -2.5457702743018435, 2.3078974928014295, -1.4355236097910695, 2.2998898498400955, -1.6064273030035667, 0.9998766833963586, 1.5393168044033936, 4.367283804428354, 0.25812817869524274, -1.542185210214299, 4.516285128863306, 1.4160368905554312, -0.4642351458148941, -3.4083121670089094, 3.2286284431435397, -3.9741722332376663, -2.158171692893865, -2.464545564337097, -0.21487855128019517, 3.671942198010263]}},
			{"instance": 0, "evals": 1101, "best": {"evals": 1072, "y": 23.50559254097168, "x": [4.896245425655951, -1.038731476818993, 0.7705717616189254, -0.8960055230450723, 2.626231012653686, 0.4992325810297784, 3.717455022396094, 1.2196264284782394, 0.968331209187208, -1.5288067269603762, 2.451582393527959, -3.384662735498516, -1.9909208381318029, -0.9543539909702945, -0.8556257441707922, -1.9997128876152424, 0.812675239315396, 0.36975549180750766, -0.5723429362265868, -0.7738501016896251, -3.9626263040269922, -1.4604160011253384, 3.2957269447811646]}},
			{"instance": 0, "evals": 1101, "best": {"evals": 963, "y": 19.652929502698004, "x": [-0.22202744644508554, -1.924720060017267, 1.0053789688072379, -2.04463586471371, 0.8099507492059841, -0.37199258889375386, 4.346987917587027, 1.0754167772819963, 0.16126988708509504, -1.6558967918013257, 4.089007305416372, -2.6590508351352873, -1.0843141416039908, -2.024986191375756, 3.6070250761873996, 0.9479849060204995, -2.2805265789890363, 3.5398116275533593, -0.47979216507597267, -2.552213028735995, -1.9933726259495477, -1.2198659858348124, 2.0195591630209395]}},
			{"instance": 0, "evals": 1101, "best": {"evals": 977, "y": 21.70623296726296, "x": [2.0625561226592897, 0.15594966891506523, 1.4442101083481709, -0.4111790717104906, 1.4032884326677078, 1.5170505727592944, 1.6941943785875495, 2.2766376622775786, 1.9815477897111924, 0.5896408650450806, -1.18265578833853, 1.0121326548639344, -2.7929877032487935, -0.2558455563912645, 2.2817402908390116, -0.6595855758583982, -2.5580545629188367, 2.8787112693463426, -3.9468649702955947, 0.32835485856447755, -2.4102948623811646, -2.1900412223560513, 2.7091995778926212]}},
			{"instance": 0, "evals": 1101, "best": {"evals": 982, "y": 21.377224004788232, "x": [4.132282849605719, -0.16015816468767774, 0.3161089372218324, 1.2353541731706175, 0.4264302234977204, -0.7191182523041313, 3.870663139311855, 1.080630346390523, -1.6092814498512564, -4.397932970901358, 4.6027626263120744, 0.7802569099766623, -3.4849965542065995, 2.34313175262725, 2.043009739846916, 0.9096648251839046, 2.3588705552553866, 0.3523491706308146, -2.424957719565477, -0.2970661440919544, -4.69684682187765, -0.7977102315097908, 1.5991215825291674]}},
			{"instance": 0, "evals": 1101, "best": {"evals": 994, "y": 24.848308299171514, "x": [3.7574049380885395, -1.4434577236643342, 4.46507835654927, -0.9143006050821436, 4.140069618340718, -2.6111976872187226, 2.8793208202753044, -0.6583225309977103, -3.0431720046440125, -3.529445937101271, -0.6517795928622685, 1.3858807599148977, -2.7213849668538383, -0.7385102133337096, 4.537414017992472, 4.541581621972439, -4.479386892847361, 0.6818831566816306, -3.46319545664585, -0.26859187266279116, 3.152226960341636, -0.9581732991053307, 0.6620737042315628]}},
			{"instance": 0, "evals": 1101, "best": {"evals": 983, "y": 18.163998383401527,