evaluations raw_y
1 7.605804478319268
2 38.3241717305814
3 44.900398207603885
4 70.93655836491232
5 53.2322441803833
6 39.848454151967914
7 34.867270507488634
8 26.569088466222492
9 26.392540177456624
10 31.270886576072478
11 48.131592268333854
12 25.622777233790785
13 53.69605679058449
14 55.01144469482096
15 54.233297050066874
16 59.97818161792344
17 27.409760597580075
18 42.19892970315124
19 28.53799712606638
20 70.02140776837604
21 40.98971790609529
22 29.6423982731692
23 29.52718333034104
24 30.997133644457037
25 29.653755819097075
26 32.71229425714944
27 22.241109389428082
28 9.195765441658525
29 42.59447611924191
30 68.93867417801056
31 58.843477452748985
32 21.896482870933255
33 7.831072718878348
34 21.804152954156834
35 39.31872237932318
36 28.79687333632084
37 49.92881020623538
38 18.98703574575405
39 22.28974521264788
40 18.65099070723686
41 24.37187846538446
42 31.921876589612733
43 63.05531695329212
44 22.461030049303186
45 86.33654138863993
46 55.68080108926831
47 32.962648980738315
48 20.09417858589692
49 46.87849531192701
50 32.402763899590106
51 -1.2081616763510858
52 16.521890467653936
53 44.92428864490079
54 -1.5756923405248764
55 39.32521754265904
56 26.219827602586665
57 39.21308731553707
58 45.42974164772961
59 39.93103157373057
60 15.547082153698323
61 14.635169229098713
62 17.2530112995963
63 24.166724301667003
64 45.24360085762935
65 29.811198080398988
66 45.37429957152222
67 16.2398295602221
68 1.6563308731843875
69 16.2398295602221
70 19.847826291244985
71 30.98223487994449
72 15.712988934657773
73 5.362163367324104
74 16.16245282896693
75 20.30816321940876
76 18.218764823196853
77 21.733356602513027
78 31.697268043341456
79 6.6006260517832125
80 15.751393641814019
81 7.018381605712703
82 6.654492420468229
83 19.423228535698115
84 22.92074291015097
85 57.68297795335634
86 18.048682051104336
87 33.99994468492625
88 47.56306517038167
89 44.4938592569841
90 20.09390262952268
91 9.550041813120163
92 63.065358730620275
93 18.03021157842277
94 11.743883610988119
95 11.706257816709318
96 19.239664299473457
97 41.09414152684003
98 4.437769130456127
99 1.528377997676365
100 7.762259096691837
101 8.814153005397204
102 2.9023909017046545
103 25.962914021032393
104 2.300705672303362
105 23.749415057081496
106 37.5574271632438
107 4.178070053954403
108 34.60537002638017
109 19.77866787532761
110 4.764570314259432
111 8.186785370512588
112 12.937548481692623
113 26.963340176629636
114 30.156552934432312
115 30.779675478838794
116 8.710667231811033
117 10.382389602288228
118 3.2178921284001456
119 10.951424798400636
120 20.74777388323
121 23.239755999016452
122 22.080468019321664
123 9.796817292116971
124 1.4791643417527136
125 19.60005233551606
126 6.77957664625762
127 10.282741589008351
128 10.247646190340879
129 8.837544586961256
130 24.43415552953005
131 10.909666247916073
132 4.972167360059498
133 10.798465093790062
134 15.354326591824732
135 4.063615747075991
136 9.338397108885154
137 14.381944311434781
138 24.976574730983366
139 4.688587022613392
140 3.9824126030352316
141 36.33961314122207
142 20.89853487725109
143 10.693989279745455
144 1.499311185784783
145 38.987483156989285
146 5.869573201320057
147 12.112804263456733
148 12.29447740642392
149 13.937188484779508
150 15.020949092080816
151 7.605804478319268
152 38.3241717305814
153 22.28974521264788
154 5.869573201320057
155 4.972167360059498
156 -1.2081616763510858
157 34.60537002638017
158 -1.5756923405248764
159 24.166724301667003
160 16.2398295602221
161 2.9023909017046545
162 20.30816321940876
163 3.2178921284001456
164 15.020949092080816
165 33.99994468492625
166 9.550041813120163
167 2.300705672303362
168 1.528377997676365
169 18.65099070723686
170 1.4791643417527136
171 8.186785370512588
172 1.6563308731843875
173 6.77957664625762
174 6.654492420468229
175 8.710667231811033
176 10.798465093790062
177 4.063615747075991
178 4.688587022613392
179 7.762259096691837
180 12.112804263456733
181 4.9634259563967476
182 8.970694828105858
183 5.524024927703156
184 12.68285184148526
185 36.974513894939335
186 6.1323216163028125
187 36.974513894939335
188 22.099723571204976
189 5.773487020952324
190 5.194907337598566
191 2.0079847281651086
192 -1.4753458617533117
193 11.4493842604306
194 7.779783013904681
195 5.878639426622927
196 7.641489667401158
197 4.517936233662554
198 5.230763038746855
199 18.700916282650653
200 12.749841134226982
201 2.1280515796827766
202 -2.217746710740294
203 5.855147757286236
204 10.98201149534859
205 6.267799162409248
206 0.5640048019299502
207 2.957043697650998
208 9.51453354640828
209 15.38805868819373
210 -1.5776617448749481
211 0.3867711771339889
212 20.01121796500646
213 20.842088652035514
214 9.708387408018714
215 28.222855689587213
216 18.498612438347717
217 6.0909605796909725
218 -1.0216202213435728
219 13.775075647043753
220 20.81686625209532
221 1.4500249373927283
222 6.446371608418914
223 2.327748419010926
224 3.2101578297613074
225 -0.6598890695901869
226 0.32653025911337075
227 -0.047150298443416006
228 21.727377640172094
229 7.036501244130231
230 14.415566504616582
231 6.401090794882991
232 20.751012331161405
233 14.434077321824605
234 -3.8571077908003017
235 9.885540416045181
236 28.888405284866028
237 0.8906660527545776
238 4.524238973848803
239 -0.08704384043240898
240 3.2122721198731754
241 7.620411305050611
242 0.9793984942579441
243 10.163389506547981
244 29.421336468075314
245 4.083712212746277
246 3.782206566731582
247 -0.2411270493279698
248 1.3464733612617776
249 8.85050217797198
250 5.454335109357985
251 7.01329914343594
252 4.934439477426008
253 5.89144541143731
254 1.703369175100057
255 8.688216262482626
256 1.350353064910278
257 -0.7731720835681086
258 5.664850982486399
259 5.317337616536866
260 20.059294718737387
261 4.331568743979398
262 8.212338967852743
263 17.92718744121525
264 9.632160365778308
265 4.059132947534639
266 0.6235609802591324
267 4.460645142453553
268 17.81671594912193
269 1.5464451125413046
270 2.569853113590082
271 2.5286987416755946
272 5.249146443740346
273 2.6739744866757897
274 1.725550475916343
275 5.05661159577226
276 8.386742224098201
277 2.4508158550430026
278 2.721036921238964
279 2.4508158550430026
280 5.531000701762837
281 10.89048906383848
282 3.3130193983906637
283 18.883826539692734
284 3.6390951767006228
285 4.75295192840115
286 1.6728926118194123
287 3.154544075848781
288 -0.9389412905441721
289 4.446002077272061
290 5.386128525438108
291 14.141263205720442
292 13.673928320772044
293 3.7668646916366195
294 1.8919372348858023
295 3.4336481398050234
296 5.539532223022267
297 2.651573121094879
298 2.7164778285412976
299 6.209469797806474
300 2.2321782605238742
301 0.32653025911337075
302 13.673928320772044
303 2.0079847281651086
304 5.869573201320057
305 0.5640048019299502
306 -3.8571077908003017
307 2.957043697650998
308 -1.5756923405248764
309 4.934439477426008
310 -0.9389412905441721
311 1.4500249373927283
312 -1.4753458617533117
313 2.2321782605238742
314 2.721036921238964
315 -0.08704384043240898
316 7.620411305050611
317 -0.2411270493279698
318 1.528377997676365
319 5.89144541143731
320 -0.7731720835681086
321 0.6235609802591324
322 0.9793984942579441
323 1.5464451125413046
324 2.569853113590082
325 2.4508158550430026
326 10.798465093790062
327 -1.5776617448749481
328 4.446002077272061
329 3.4336481398050234
330 -2.217746710740294
331 0.7197108735137505
332 1.7225638495044744
333 3.6310290713295594
334 2.7674992700160965
335 -3.326543748314945
336 0.3265166306621392
337 -1.422008511880927
338 5.819339366064094
339 4.342450679941301
340 8.59326005973845
341 5.92093862884236
342 12.103461318342575
343 3.9278281571539693
344 0.9916634663715822
345 1.9475957730691191
346 21.40197913160027
347 6.60185603306551
348 -1.9391169947644658
349 1.0987884046206644
350 25.289237254471022
351 3.274977861499778
352 2.558481763042313
353 -3.1281326032472543
354 -1.7893574810766868
355 0.38328533408230125
356 3.4304499149116854
357 2.2169784059663105
358 10.554694887921011
359 -0.8291744011315966
360 1.466335171736901
361 1.3499325334507624
362 1.3501617834640796
363 0.25918714823176514
364 -1.63244615840197
365 0.4337423654210306
366 16.01897853148264
367 0.8351449035703091
368 5.89598614046533
369 3.3848048822886634
370 0.8881476683173166
371 -2.601685709942445
372 6.38921199892779
373 1.0353604197346815
374 13.084968962092194
375 -1.7274595635636594
376 4.578578935073501
377 -0.09631633546134122
378 -2.3712932862456175
379 -0.09310447860401228
380 5.142563424004717
381 2.1324308866340402
382 1.9265404136452111
383 2.742904996319573
384 -0.3400464221033954
385 3.0925506044786624
386 2.6348673107598506
387 8.628831387570601
388 -0.5847084866827821
389 0.6787304070016749
390 0.28577157025794175
391 2.5198336710674045
392 6.326709607675385
393 3.800117246865226
394 16.412171502062044
395 4.694371090824198
396 2.2502280067636136
397 8.137525135402058
398 0.47974928889983026
399 6.5975738508980335
400 -1.190946195407665
401 2.9119360239200347
402 0.5143815362164652
403 0.25150505616982377
404 2.765588446064676
405 -0.48303344238024204
406 -2.310857674572614
407 1.618512431843794
408 0.7346173152645372
409 1.7073287830099333
410 4.969013877205267
411 2.8594699356944786
412 -0.26563978399675925
413 0.6235609802591324
414 -0.3965710429285063
415 6.832246314365026
416 2.295906026286324
417 0.6620634317182015
418 19.846810874583184
419 -3.140450722344923
420 -2.1965645040858015
421 1.3442932628216717
422 4.943235588496099
423 6.0539898174361975
424 2.8363535972906835
425 6.394863252718133
426 17.030458401983637
427 4.980414955105093
428 1.177466062659997
429 2.129787534585153
430 22.854587989183326
431 10.442322468452776
432 6.659088434577151
433 10.187983502391026
434 9.392773714360843
435 1.9044231935514109
436 1.9544803914121236
437 -3.4715917792585627
438 21.840273168701334
439 5.838137442715885
440 2.77463451908261
441 5.846396658039333
442 5.249635562421782
443 0.6084592485842419
444 2.9118896013972146
445 9.969549572117273
446 22.72895974444198
447 0.04153196986594332
448 1.8279800467630465
449 -2.217746710740294
450 19.88056609121018
451 0.32653025911337075
452 -3.326543748314945
453 2.0079847281651086
454 1.9475957730691191
455 0.28577157025794175
456 -3.8571077908003017
457 -0.26563978399675925
458 -1.5756923405248764
459 0.25918714823176514
460 -0.9389412905441721
461 -2.601685709942445
462 -1.7274595635636594
463 -1.9391169947644658
464 2.721036921238964
465 -0.08704384043240898
466 -2.3712932862456175
467 -0.3965710429285063
468 -0.5847084866827821
469 -1.7893574810766868
470 -1.63244615840197
471 0.6235609802591324
472 0.6620634317182015
473 -3.140450722344923
474 0.8881476683173166
475 2.129787534585153
476 1.9544803914121236
477 -3.4715917792585627
478 2.765588446064676
479 0.5143815362164652
480 -2.217746710740294
481 -2.2531244392765664
482 -1.1179237858933735
483 3.5983891367994016
484 18.153732554872896
485 6.480222489953496
486 -0.510575212974202
487 6.7527469088337835
488 1.8105938017081185
489 6.068151489705031
490 3.3667992073627264
491 2.619364662890895
492 21.363466804540472
493 4.362012311414934
494 5.019638737321192
495 1.8023972803893868
496 1.1360961850705507
497 2.929853230740954
498 -2.1282167404285186
499 0.8086331180814739
500 17.4568426780489
501 -1.1878038601773397
502 1.4581459038555578
503 0.7489636898039156
504 9.172522471528568
505 -0.35984815490271993
506 0.2783083182795356
507 3.8014706981364563
508 -0.6056981482979049
509 1.0464828772941313
510 0.3036701771006425
511 -1.6388502667415723
512 3.8310647580893673
513 -0.049178930080973515
514 0.4410827730526945
515 -0.049178930080973515
516 26.776824293954572
517 1.0425094474651524
518 8.176086232789803
519 6.157415372605962
520 21.48697118596163
521 -1.5596372031206533
522 -2.7390900504516735
523 -1.6373455464956232
524 4.385287295703476
525 2.3357350936011256
526 -0.7207199192538247
527 6.211194812818425
528 2.974353981936598
529 -1.6044426083115875
530 -2.5622715746397944
531 -0.905829468731675
532 7.996074687693334
533 1.6182766976073433
534 -5.465767397290804
535 4.329405799013099
536 2.8933981744954966
537 -0.33448046204691995
538 1.3035757964905694
539 1.5769476944331982
540 13.896275551321386
541 0.7544859005014598
542 5.860232524135681
543 5.74486306759477
544 3.5890846909242384
545 -1.6552682451022145
546 -4.548274534789462
547 -1.0339027994537249
548 2.9718089212746595
549 0.2758167209661522
550 4.139884070707312
551 0.08790686356181987
552 19.718520806646175
553 -0.5487048378302095
554 -5.134609327364251
555 4.329654352490785
556 -1.8647767814253022
557 2.2304674931290904
558 0.476598192072191
559 3.8690617078164062
560 -2.2033498474816264
561 1.5783139655040412
562 -2.89231497668154
563 3.1174846575626614
564 2.85925700792274
565 0.6831249963735182
566 0.1387782449219479
567 9.039341135692123
568 20.572804536519193
569 -4.6390322483628434
570 -1.6229197716097228
571 -2.386213366832912
572 9.29774453547362
573 1.7166691950436919
574 4.583436475961394
575 2.193508275277153
576 17.619551123315908
577 4.471034060060742
578 6.986829783875157
579 -0.6155386053684428
580 13.281294624871919
581 0.7397134554956502
582 0.07468122215061701
583 -0.7438642889237874
584 -1.2267842388430505
585 6.33728453077846
586 4.038158902177971
587 4.177823682437821
588 1.7276056823689308
589 4.25708650387846
590 2.8918151306089315
591 3.382301186086917
592 4.425378969196402
593 0.2026965245712553
594 4.395680956625932
595 2.314700795790134
596 -0.15717735122808674
597 0.5780596571735055
598 -1.2189092928702898
599 4.892628249553361
600 12.944283610701461
601 -2.89231497668154
602 -5.465767397290804
603 2.0079847281651086
604 1.4581459038555578
605 -2.2033498474816264
606 -3.8571077908003017
607 -0.35984815490271993
608 -4.548274534789462
609 -5.134609327364251
610 -1.2267842388430505
611 -2.601685709942445
612 -2.5622715746397944
613 -1.9391169947644658
614 -0.510575212974202
615 -0.33448046204691995
616 -2.3712932862456175
617 -1.6552682451022145
618 -1.8647767814253022
619 -2.7390900504516735
620 -1.63244615840197
621 0.6235609802591324
622 0.07468122215061701
623 -4.6390322483628434
624 0.8881476683173166
625 -2.1282167404285186
626 -0.7438642889237874
627 -3.4715917792585627
628 -0.15717735122808674
629 0.2026965245712553
630 -2.217746710740294
631 -0.31518983931780986
632 1.371075840396081
633 -2.89231497668154
634 -1.5307366484842586
635 3.400065037803981
636 -2.7883995509691752
637 -0.5697875709643729
638 -3.4520762787400323
639 -1.5296629664697494
640 -5.176924104130414
641 2.785726103711951
642 3.946529289306027
643 6.10140496599111
644 4.458339755270275
645 2.807699176563479
646 1.3501800996531506
647 -1.6991404557109995
648 -0.6714416044645422
649 7.742435946358163
650 -1.794082265541253
651 -5.443606693045458
652 1.4173566927399661
653 -5.501615860888878
654 -4.200022818398227
655 2.600971374354658
656 -3.0751051368133724
657 0.8235468819386011
658 12.150935461806474
659 -3.2829670285893133
660 2.1265453818728304
661 4.8463375717226995
662 -3.8291467356821345
663 -0.9500437069911345
664 5.574952433850998
665 -4.850791154184349
666 -2.813366997028683
667 -1.4157309423292328
668 -4.921794363465284
669 -1.8474296462021866
670 0.06432992709278196
671 4.9332318791626735
672 -1.0940850797698989
673 -0.07601990068883246
674 1.2123044008659276
675 1.1311441271722824
676 2.528802793884057
677 5.3798793197038135
678 8.244106973450045
679 8.261311505219615
680 3.45131274817579
681 -2.7883995509691752
682 -0.07835764830166347
683 1.507723185892691
684 2.122810293931786
685 0.37433052691335833
686 7.482740568081808
687 2.4904761386878884
688 -1.260161295156689
689 4.2994813395088105
690 7.688813581066971
691 1.2387361629612694
692 -2.537323043519361
693 -3.245991803825816
694 0.03679636664530861
695 3.3739783784258632
696 -0.12392584142073071
697 5.144269342009884
698 -0.4980343003151675
699 -1.035271003401267
700 -3.29023494165653
701 -3.683051663940488
702 16.360819648181685
703 5.012220782056443
704 7.539473640106044
705 -2.6863317908829223
706 10.100137880513312
707 0.9220473978672392
708 6.589015703884399
709 4.62215333171611
710 -1.742358798110301
711 0.9450679855792719
712 -0.6457391432133288
713 5.797710225694299
714 4.108022301033413
715 0.4641822971780789
716 -4.280412803115768
717 0.03707686618074346
718 14.624675846865292
719 0.21141362133822406
720 -1.3663718160585234
721 1.9911752976214503
722 -3.132440102726921
723 -0.23759456792883027
724 -2.4116008575995336
725 4.415783195628916
726 6.529586254992855
727 2.5173178118351944
728 0.409307229619958
729 1.2397630287405095
730 -2.5338276815052536
731 4.415455828828298
732 -1.8139545432724304
733 -1.2683365361520234
734 9.058200795974948
735 -3.167372450345842
736 -4.868997988868065
737 -6.128787977309895
738 4.374587298720997
739 -0.8617356085367807
740 -3.0778213644185284
741 -0.3219520266303486
742 2.1338266867433022
743 4.419697801588698
744 2.4635210829786267
745 8.100005278510231
746 14.063522400185583
747 -0.45652971212943294
748 -1.3565920007740444
749 -1.6912492037215268
750 2.8716977925637908
751 -2.89231497668154
752 -5.465767397290804
753 -1.5307366484842586
754 1.4581459038555578
755 -2.537323043519361
756 -5.501615860888878
757 -0.35984815490271993
758 -4.548274534789462
759 -5.134609327364251
760 -3.0778213644185284
761 -3.8291467356821345
762 -2.5622715746397944
763 -2.7883995509691752
764 -0.510575212974202
765 -1.0940850797698989
766 -3.245991803825816
767 -1.6552682451022145
768 -3.683051663940488
769 -2.7390900504516735
770 -3.4520762787400323
771 -4.868997988868065
772 0.03707686618074346
773 -4.6390322483628434
774 -1.8139545432724304
775 -2.1282167404285186
776 -1.2683365361520234
777 -6.128787977309895
778 -0.8617356085367807
779 0.2026965245712553
780 -2.217746710740294
781 1.3505057287489035
782 0.2660719674027623
783 -3.0683489569331597
784 3.6262286751067827
785 0.5199280563791053
786 0.9761903149298147
787 -2.9558194891880034
788 -0.5053063751124895
789 2.721198510782851
790 4.494444915405499
791 3.1030357539135283
792 3.696745922349166
793 5.5361412235905
794 -0.5360729054443567
795 -1.0745688624713727
796 17.763691152188198
797 -2.8657214725245073
798 0.3780907907572192
799 6.932376288404712
800 9.072139202995443
801 -5.661744370514227
802 1.1977033493323663
803 1.6764881351616163
804 -2.903537059206593
805 0.43482459231271675
806 3.843434697341916
807 2.3480895939357826
808 18.784036776437226
809 -0.04420481047703495
810 7.018967343546598
811 -0.46003397823625436
812 16.036314695896984
813 -1.2934329292010682
814 -1.126940987013641
815 -3.288666692498757
816 11.424869632578796
817 -1.9083449349557724
818 -1.9924360340778746
819 -3.3408621964973158
820 22.172339368306147
821 -0.7003637404803866
822 0.4158367048020468
823 1.211363838945585
824 -3.0679236260144145
825 2.892825979418562
826 -1.7573944472033105
827 -3.7519629433696657
828 17.009983817397334
829 -1.7702774460597108
830 -4.628816988540273
831 3.9987279071321806
832 9.902737873605552
833 -0.21750076914356775
834 -3.3259056700406635
835 3.8485630992382474
836 9.972477407484577
837 2.292421455375556
838 -2.094272503929671
839 8.394950323070034
840 10.86334190930243
841 4.220383354444786
842 3.444068090762904
843 0.6537048402909362
844 -1.9005668352418197
845 4.379291780221605
846 7.048640093246938
847 5.478134839070764
848 9.414368889609735
849 -1.9094655463875485
850 0.10319588969236437
851 1.7303129192889544
852 -0.37137463597245546
853 -1.2884455501002399
854 3.425582946545268
855 1.0593200879105695
856 19.98862464347587
857 -3.4415746910748197
858 -2.0736682089763816
859 5.116657557863059
860 -0.4454225453337215
861 -5.148509299360843
862 -3.126378903439969
863 -2.0266383082505284
864 -1.579801645826958
865 0.10443910524269318
866 -3.134486539785047
867 -0.36845659633058725
868 17.828582983997837
869 1.2273400729343344
870 4.048474331995127
871 1.475758275989715
872 -2.4772290303532962
873 -4.36554497459375
874 -2.700708760751972
875 -3.920297673093377
876 8.906038642357428
877 -0.6182603365914556
878 7.06977366146324
879 1.20465795409666
880 2.58571586059181
881 -0.06873010605826302
882 4.314726104123975
883 2.159813800880996
884 3.955706938030107
885 -3.586269057441656
886 6.36875145138244
887 -4.186577611101086
888 2.46422771851244
889 3.0598586734768163
890 4.665635614000708
891 2.765909602396424
892 19.09903325400894
893 4.012415494234278
894 5.393729064183651
895 -4.102008446406877
896 -2.1734277934906148
897 -2.2092995277278398
898 -3.8372280431257817
899 3.1900994302962733
900 -3.3724331147837554
901 -3.0683489569331597
902 -5.465767397290804
903 -1.5307366484842586
904 -1.0745688624713727
905 -2.903537059206593
906 -5.661744370514227
907 -0.35984815490271993
908 -4.548274534789462
909 -5.134609327364251
910 -3.3408621964973158
911 -3.8372280431257817
912 -3.7519629433696657
913 -2.7883995509691752
914 -0.510575212974202
915 -1.579801645826958
916 -3.245991803825816
917 -1.6552682451022145
918 -3.683051663940488
919 -3.126378903439969
920 -3.4520762787400323
921 -5.148509299360843
922 -0.36845659633058725
923 -4.6390322483628434
924 -4.628816988540273
925 -2.1282167404285186
926 -2.0736682089763816
927 -6.128787977309895
928 -0.8617356085367807
929 -4.102008446406877
930 -2.217746710740294
931 -1.0921757287551295
932 -4.335218531193242
933 3.483463988074261
934 3.187225907108225
935 -5.463858108112868
936 -3.0484937371995886
937 2.7416537883593186
938 -4.09562754497086
939 8.535141942374855
940 -0.647657385007911
941 1.319211453841274
942 6.49326594589215
943 1.1200293790705882
944 -0.7889486516795756
945 10.822159316913446
946 20.496366189040597
947 -2.436211276193917
948 -2.190158412847164
949 6.308782195202775
950 6.343726210882278
951 -0.7154943914672076
952 0.8702825081487989
953 4.256715873076088
954 20.632337290366387
955 2.177528654020618
956 4.697124381310552
957 -0.2071747845515315
958 5.899746443259859
959 5.9986070075551625
960 -2.0921617585558683
961 0.5464840912572073
962 2.2236733982255936
963 2.312695769054041
964 2.024474133540613
965 -2.8848401954929277
966 -4.716668283707656
967 -3.335636103570401
968 -2.8939576248052687
969 -1.8580818907785166
970 -1.4232510935033558
971 -0.49583353968508903
972 0.8971454506724684
973 -3.646884159937124
974 -0.977413750174323
975 -0.6183377390988529
976 6.223382542822596
977 -3.1063597703465637
978 12.906016948110839
979 -2.1597369820179204
980 0.9324407290726238
981 5.0909565145149
982 6.266325094837757
983 0.22828124969700836
984 -2.8145786745565173
985 8.47817562108254
986 -4.144536590835694
987 0.8824053660666076
988 -2.3398085310909207
989 9.195731760505577
990 8.746113759898629
991 2.874965871174609
992 0.7366919095606833
993 6.371841337242439
994 -0.36822552080066373
995 2.8156564599814695
996 2.500944337474662
997 -1.0091104674108973
998 1.5452770080972424
999 -0.8761707606029261
1000 -4.241840826176893
1001 -4.033581227867867
1002 2.9096910995041947
1003 -2.248493821099771
1004 -0.623083888349728
1005 -3.1522278083304185
1006 21.20328718523899
1007 -3.4425178836614627
1008 3.0070970083573485
1009 2.8896593951515377
1010 23.652323018746642
1011 3.751287274214082
1012 0.19175817444412835
1013 -0.5944985894131769
1014 -4.326226537643182
1015 -1.4452970440720407
1016 3.099363096520381
1017 1.7096191465492598
1018 14.209930861879327
1019 5.760876228757328
1020 3.1403385421662913
1021 -3.673393761567413
1022 3.9616105685047076
1023 2.9542994688450657
1024 -2.5239634815857204
1025 -6.211358631814001
1026 15.104608272354096
1027 0.008032136840145032
1028 -4.466145928873988
1029 1.0434684063842186
1030 -2.91504713765001
1031 -1.3815885960244176
1032 -4.36918483195161
1033 1.9074833760200711
1034 -4.462152629588668
1035 -3.4763998321056357
1036 1.4545072446709344
1037 -4.375525779038405
1038 -2.676830036831432
1039 3.5501666428343244
1040 1.0707421333538805
1041 2.6336784187246884
1042 3.455700385670216
1043 4.580453005394972
1044 6.4192003514346085
1045 -1.455914847911619
1046 -2.0679112649896796
1047 1.6515557884450316
1048 0.07302566604699834
1049 -0.26786679528128854
1050 20.429631231846216
1051 -3.0683489569331597
1052 -5.465767397290804
1053 -1.5307366484842586
1054 -1.0745688624713727
1055 -2.903537059206593
1056 -5.661744370514227
1057 -0.35984815490271993
1058 -4.548274534789462
1059 -5.134609327364251
1060 -3.3408621964973158
1061 -3.8372280431257817
1062 -4.144536590835694
1063 -2.91504713765001
1064 -0.510575212974202
1065 -1.579801645826958
1066 -3.245991803825816
1067 -4.09562754497086
1068 -4.033581227867867
1069 -3.1522278083304185
1070 -3.4520762787400323
1071 -5.148509299360843
1072 -1.4452970440720407
1073 -4.6390322483628434
1074 -6.211358631814001
1075 -2.1282167404285186
1076 -4.335218531193242
1077 -6.128787977309895
1078 -0.8617356085367807
1079 -4.102008446406877
1080 -2.217746710740294
1081 0.8260417384909415
1082 2.5574293979625216
1083 0.06462937890769171
1084 13.043568722132296
1085 -5.590080820302608
1086 -2.776443014244608
1087 -6.304235896331378
1088 8.156798266889211
1089 -0.6091604750080852
1090 -3.063060850085076
1091 0.12573683189897755
1092 2.8147474864676427
1093 4.377424222667587
1094 14.441248784210181
1095 8.697549048842033
1096 2.065596025850386
1097 5.739765987929644
1098 4.059758450597147
1099 -2.785173087282515
1100 3.3797249174068336
1101 7.362258340015165
1102 -5.360886280372317
1103 -2.4468806234400304
1104 -1.8129785855147498
1105 1.0176788606854328
1106 -2.003567294865764
1107 5.494478384237016
1108 19.354202619239455
1109 2.3697070870232873
1110 2.0055745464953363
1111 -3.823463786961921
1112 1.9054266728274039
1113 0.01603078824707671
1114 -0.9227046310538043
1115 7.201599209279859
1116 1.3215848187973465
1117 -3.264911395599135
1118 -0.5475393766179182
1119 6.278060117082443
1120 1.0307603221572705
1121 -3.368166337868047
1122 5.076770403744067
1123 3.1824080852163776
1124 -1.6478359380971155
1125 -4.285490655162226
1126 -5.72023253119472
1127 -3.6717769590641094
1128 10.109909107871287
1129 0.48897849509770586
1130 -2.9331013090922715
1131 0.9716225838019625
1132 3.4700981622426452
1133 1.488416733829998
1134 -0.7859952722038046
1135 -0.3879451414464099
1136 -1.0013408638627692
1137 -4.001120539846786
1138 -0.2370799488391746
1139 2.4198406612683403
1140 2.943746688410787
1141 -2.6085873500291794
1142 -3.1337382825673563
1143 13.925769459186448
1144 8.336556782883314
1145 1.0465761528264315
1146 -0.9403968068092317
1147 -2.7841232877752065
1148 6.650701177844034
1149 7.032270650686621
1150 -0.3934039093286241
1151 5.131381814276183
1152 5.045905907136293
1153 5.128373254622956
1154 -2.558793894926248
1155 3.364955498602919
1156 1.2704268167038357
1157 -4.208360114366061
1158 -4.992382998861841
1159 -3.1010681634618735
1160 8.254377267901607
1161 -0.7418830033263086
1162 0.8989337015400956
1163 -5.631746490780483
1164 -1.357861170837002
1165 2.2201020087153314
1166 3.3718708609881167
1167 5.3364630639515775
1168 2.3865437928874877
1169 6.7462331868103025
1170 -1.2235464564903187
1171 2.7211908505377824
1172 -5.324412600332837
1173 4.842496616985814
1174 3.6827766543366414
1175 -4.015982300851706
1176 5.723059706055479
1177 -0.9259864473806974
1178 -2.049484308678228
1179 3.0393609930685277
1180 12.575175481220562
1181 -0.9114215721307988
1182 -1.4908730853174754
1183 1.5710478759725284
1184 -3.87154567689979
1185 -6.135267314292216
1186 -2.2014695039295313
1187 2.4687474666347065
1188 -4.192250961374262
1189 -0.926535443038105
1190 -2.681473812976729
1191 6.071433280355082
1192 2.518708351099252
1193 1.357163134984917
1194 0.41908104230942345
1195 2.884752079254242
1196 -2.6401754474743413
1197 0.9444817097001728
1198 4.379479126537512
1199 -4.711177961188962
1200 -2.2684918580942037
1201 -3.0683489569331597
1202 -6.304235896331378
1203 -1.5307366484842586
1204 -3.87154567689979
1205 -2.903537059206593
1206 -5.661744370514227
1207 -0.35984815490271993
1208 -4.548274534789462
1209 -5.72023253119472
1210 -3.3408621964973158
1211 -3.8372280431257817
1212 -4.285490655162226
1213 -2.91504713765001
1214 -0.5475393766179182
1215 -4.001120539846786
1216 -3.245991803825816
1217 -4.09562754497086
1218 -4.033581227867867
1219 -3.1522278083304185
1220 -4.208360114366061
1221 -5.631746490780483
1222 -1.4452970440720407
1223 -5.360886280372317
1224 -6.211358631814001
1225 -2.2014695039295313
1226 -4.335218531193242
1227 -6.135267314292216
1228 -1.6478359380971155
1229 -4.992382998861841
1230 -4.711177961188962
1231 -0.20568885222173405
1232 3.699432729917491
1233 -1.6417515169779224
1234 -3.34181506535066
1235 -1.855832905184991
1236 -3.1849340136740443
1237 1.66296328247605
1238 13.230913959645331
1239 3.7148598390606016
1240 4.969434518086385
1241 -5.491985298976971
1242 -0.004668897789472659
1243 -1.580652457701528
1244 2.165741592387047
1245 1.612430585866526
1246 9.98149158690653
1247 0.7776623868571002
1248 -1.3341310108438837
1249 1.734065698705948
1250 21.386335047625735
1251 -2.909623677975239
1252 5.402191529635545
1253 -4.156434767992443
1254 1.628450017544841
1255 2.8523909368437446
1256 4.916826817947432
1257 1.3761823030210167
1258 2.788372970409829
1259 -1.7898366529459933
1260 -5.350328420683205
1261 -4.548274534789462
1262 -1.446456192211523
1263 -3.2904141225938384
1264 -1.4259242937906873
1265 3.4480294162701344
1266 -3.3946158644940096
1267 -2.114213751358518
1268 2.996216260143029
1269 1.6045815435753616
1270 4.660873904343163
1271 -2.2444089613546634
1272 -2.4916631361484765
1273 3.2476075229669887
1274 19.677610476845686
1275 -1.1512495471429813
1276 6.121527177672725
1277 -3.677855007641591
1278 -3.8854277178576164
1279 5.918958536369255
1280 -1.1101025718036222
1281 1.0287254416186504
1282 6.0096370208403425
1283 -0.6034966720838453
1284 -4.340706854516527
1285 0.90182409281923
1286 7.13449497909601
1287 -4.975154917714004
1288 -4.529332728739403
1289 -1.6646914586625152
1290 3.8723400745038274
1291 1.7879505277977548
1292 1.0390818612541015
1293 -0.3990501157552382
1294 22.63083516060324
1295 -2.9126290362136515
1296 -0.1597108118625145
1297 1.9282277542176045
1298 -2.0656925751110258
1299 -2.216781769177488
1300 -6.222553738543686
1301 1.3147270023136026
1302 3.327528928304532
1303 -2.4363147791532143
1304 -5.467603456711008
1305 -2.311825444049829
1306 -3.6561997898688645
1307 -2.454655827459675
1308 -3.4074331191452853
1309 -4.272126500760996
1310 3.6243375467083734
1311 -4.391965504255467
1312 -6.54410786235894
1313 -0.8212037159966354
1314 9.648424597728459
1315 -4.789886604947389
1316 4.352106141641949
1317 -3.7014070831042334
1318 6.379457648321137
1319 -6.768693909313458
1320 -3.815726028816886
1321 -2.7584225075197715
1322 -1.6743386981848944
1323 -5.52784012792371
1324 -3.7727664646741577
1325 1.157084997205239
1326 -5.560684921576674
1327 3.487066213867746
1328 3.459156184377867
1329 -1.90210549930965
1330 1.8849109962681312
1331 6.952122803901495
1332 5.256745777319525
1333 5.598657035653476
1334 2.9027163325237098
1335 -6.8106547579305685
1336 -3.1838061366544657
1337 -1.544168191656372
1338 -0.30567615746102295
1339 1.970275321114739
1340 6.14269558458255
1341 11.66849465574827
1342 0.4234437931760864
1343 3.4034547333692498
1344 1.5040944604400712
1345 -2.9196030515507863
1346 7.865086485797567
1347 -4.58390403486247
1348 -5.37648769668071
1349 3.274758714525629
1350 -4.104736720251273
1351 -3.6561997898688645
1352 -6.304235896331378
1353 -5.491985298976971
1354 -3.87154567689979
1355 -3.1838061366544657
1356 -5.661744370514227
1357 -0.35984815490271993
1358 -4.548274534789462
1359 -5.72023253119472
1360 -3.3408621964973158
1361 -3.8372280431257817
1362 -4.285490655162226
1363 -2.91504713765001
1364 -4.104736720251273
1365 -4.975154917714004
1366 -3.245991803825816
1367 -4.09562754497086
1368 -4.033581227867867
1369 -3.1849340136740443
1370 -4.272126500760996
1371 -5.631746490780483
1372 -4.789886604947389
1373 -6.768693909313458
1374 -6.54410786235894
1375 -2.2014695039295313
1376 -5.560684921576674
1377 -6.8106547579305685
1378 -3.34181506535066
1379 -5.350328420683205
1380 -4.711177961188962
1381 -3.6710881298419964
1382 -2.368832285074798
1383 2.7820575072620457
1384 7.200512788334612
1385 -0.8381018712878541
1386 -0.9309822056859864
1387 -4.85105840033615
1388 6.708719941585363
1389 9.952412399460597
1390 3.5391704002623268
1391 0.3387175606160002
1392 0.8385885253309135
1393 -1.943387103355793
1394 -1.878649037550732
1395 -0.7942268003084867
1396 -0.9722743811071703
1397 8.226354517918823
1398 -3.980345417023367
1399 3.4029333699135247
1400 10.503113542538678
1401 6.902527206188961
1402 -3.977870139232477
1403 -3.487758547855018
1404 2.795014018167869
1405 2.2728201012910327
1406 0.910481962288503
1407 1.8523707211431326
1408 5.707176388031837
1409 10.262815856766757
1410 0.49872889208027915
1411 4.498422284134472
1412 -1.7772421766614352
1413 -3.3654225745839224
1414 0.13917996214860362
1415 3.8751225834233884
1416 -5.567103156900064
1417 5.943338691666268
1418 -2.2980458603638363
1419 3.759305712120474
1420 -3.185233522382968
1421 -3.1133507886497727
1422 3.2644009336507995
1423 -5.293103391798441
1424 8.49778674772238
1425 3.696107968710649
1426 -2.4594019722566838
1427 -3.9588108462394596
1428 -5.3840621320586415
1429 2.7153602672701105
1430 4.492872176326613
1431 3.3856043076630833
1432 6.164761100949531
1433 -5.025112801134118
1434 -2.842402383027756
1435 -3.055560882672762
1436 -4.325826392695071
1437 4.572409206726459
1438 5.391977169771101
1439 -1.0858439525096344
1440 -3.5884860978686968
1441 -2.3212078840113612
1442 0.25979689930102323
1443 4.5156445432127965
1444 9.687319958167006
1445 -3.9067715835748262
1446 -1.4856068741015374
1447 -3.877806599114505
1448 -2.0081533246909435
1449 -2.787590068087652
1450 1.4016963880424718
1451 4.103437539464916
1452 16.65557104756204
1453 3.5249155615051664
1454 -0.4167909260810787
1455 1.4125908186219553
1456 17.671291992976716
1457 5.453039810182173
1458 -3.5052330739997037
1459 -2.464757121025378
1460 8.751729872586527
1461 2.130019867284137
1462 8.39426395632236
1463 -4.4566681226029665
1464 9.68281603845196
1465 -1.9508305091918734
1466 4.351709641037521
1467 5.218992679612071
1468 6.6897276714514735
1469 6.32238873596253
1470 -2.518658639237718
1471 -5.852957396071149
1472 -1.0621807823333738
1473 -6.5844904486371725
1474 -6.778384148293671
1475 -2.1674249783579214
1476 -0.3290799510943092
1477 4.608882285502532
1478 1.1490977619121097
1479 1.94814745531731
1480 6.534410145300511
1481 -4.200377153103034
1482 -3.6520783486470476
1483 -5.808360002863054
1484 13.140963406007629
1485 -6.843143217443812
1486 -2.600356365916326
1487 -4.111240261368636
1488 -3.901981536390009
1489 -3.117082184800857
1490 -3.117767448556494
1491 -3.0169366389434393
1492 7.367553780482563
1493 1.3463993665427654
1494 -4.315211418167914
1495 3.8151972874395765
1496 14.32402921073093
1497 -4.530597960787242
1498 4.124535166005867
1499 2.8789643193509145
1500 3.7614857593079005
1501 -3.6710881298419964
1502 -6.304235896331378
1503 -5.491985298976971
1504 -4.325826392695071
1505 -3.1838061366544657
1506 -5.661744370514227
1507 -0.35984815490271993
1508 -4.548274534789462
1509 -5.72023253119472
1510 -3.3408621964973158
1511 -5.567103156900064
1512 -4.285490655162226
1513 -3.117767448556494
1514 -5.025112801134118
1515 -4.975154917714004
1516 -3.245991803825816
1517 -4.09562754497086
1518 -4.033581227867867
1519 -3.1849340136740443
1520 -4.272126500760996
1521 -5.631746490780483
1522 -4.789886604947389
1523 -6.768693909313458
1524 -6.5844904486371725
1525 -2.2014695039295313
1526 -5.808360002863054
1527 -6.843143217443812
1528 -3.34181506535066
1529 -5.350328420683205
1530 -4.711177961188962
1531 -4.028515276694827
1532 -1.8255561865014722
1533 -1.8420751238727393
1534 -2.6834059188568418
1535 -5.983673153135953
1536 -6.612223409818571
1537 3.254369585226423
1538 -4.131405630460393
1539 -1.8655992337641665
1540 -2.2913967314270742
1541 -4.566484407471544
1542 -5.526492385243317
1543 -2.2175683117950347
1544 -4.536028916965204
1545 -3.8968537357041884
1546 15.847011123960687
1547 1.3232714722594188
1548 -1.7167763804338863
1549 0.755691026353437
1550 22.355794291463624
1551 5.643516472887411
1552 1.1719171731349867
1553 -2.446166246599671
1554 -1.166039947575018
1555 -2.7852469010072562
1556 0.6910883305389222
1557 0.20053041700898666
1558 -1.670731191345609
1559 -4.316514185117324
1560 -2.011159536238264
1561 -0.45828715133869125
1562 -3.2541237304314152
1563 -1.7819551631438362
1564 0.9477683003166997
1565 -1.5911350563923712
1566 -5.298921543661599
1567 1.9207026324341798
1568 4.387707415139034
1569 -2.1330450410861452
1570 1.1889582927332718
1571 -5.5974053359007145
1572 -4.302711604075365
1573 -6.000748032057087
1574 1.524591806683583
1575 -4.264182718327597
1576 -2.8406744280627856
1577 -4.3315943235662715
1578 0.07092419665139671
1579 -0.717268041338343
1580 -3.112454343720698
1581 -1.1307628072058955
1582 -0.9626328250972129
1583 -1.2928337869739919
1584 -5.278899726742809
1585 -2.738563602357889
1586 2.2738217104061658
1587 4.003086084283986
1588 -4.054700018866461
1589 -6.1254965271111645
1590 1.3325348494756115
1591 6.803062176988711
1592 3.680067349005554
1593 -3.819694470671392
1594 -1.3218046956534373
1595 -0.4745966382417155
1596 -2.2573435455363287
1597 -4.61066914913464
1598 -3.057833828151443
1599 3.481937690820283
1600 -4.201204211488559
1601 5.405180002765556
1602 14.821569890726089
1603 2.0445038457381717
1604 -2.792303801992121
1605 -1.6550419884530572
1606 -2.1206635743848574
1607 -3.5978883355874567
1608 -0.41704060639696483
1609 -3.63959055139551
1610 20.04714564661398
1611 -3.9611358367206275
1612 -2.8822521714482363
1613 -5.176985474285297
1614 -1.2944184600231736
1615 -0.9282314292464235
1616 5.113923313390169
1617 -0.4335318379969033
1618 9.077126875365973
1619 -6.770009845926018
1620 -5.821327005963382
1621 -4.841224547223701
1622 7.90444235612121
1623 -0.44202966438730534
1624 -4.499229241625221
1625 5.054356316329122
1626 0.2700912845954786
1627 0.12844078510102286
1628 -4.125322243362566
1629 0.30334684513225674
1630 10.334280541644747
1631 -3.8861330025555256
1632 -1.5592263503538388
1633 -5.821327005963382
1634 7.834135887671054
1635 -6.214035248298078
1636 -1.1839985290901256
1637 -6.487334444894607
1638 -2.8166747731584545
1639 -1.2369973665740868
1640 10.939112188659653
1641 -1.2832272486629335
1642 2.539136784136791
1643 1.6014454961340756
1644 -0.8363243145289974
1645 -0.36438343517862637
1646 -2.615554728737494
1647 -4.94621563749716
1648 -4.377191006472982
1649 -3.839443051222587
1650 19.62979537227987
1651 -4.028515276694827
1652 -6.304235896331378
1653 -5.491985298976971
1654 -5.278899726742809
1655 -3.1838061366544657
1656 -5.661744370514227
1657 -4.201204211488559
1658 -5.526492385243317
1659 -5.72023253119472
1660 -3.3408621964973158
1661 -6.000748032057087
1662 -4.3315943235662715
1663 -3.117767448556494
1664 -5.025112801134118
1665 -6.1254965271111645
1666 -3.819694470671392
1667 -4.61066914913464
1668 -4.033581227867867
1669 -3.1849340136740443
1670 -4.272126500760996
1671 -5.631746490780483
1672 -4.789886604947389
1673 -6.770009845926018
1674 -6.612223409818571
1675 -2.2014695039295313
1676 -5.821327005963382
1677 -6.843143217443812
1678 -3.34181506535066
1679 -5.350328420683205
1680 -4.94621563749716
1681 9.334849339861798
1682 -2.5387335436667877
1683 -6.214007158339741
1684 -3.46834295689645
1685 -6.017626397800602
1686 -4.887661410330817
1687 -6.214228060837258
1688 2.7909206022384208
1689 -5.542557821892264
1690 4.595525296363808
1691 -0.5872167741700938
1692 16.631148133913925
1693 -2.9439444143996143
1694 -2.3649371174819827
1695 -5.276242174348704
1696 -1.4689485681803456
1697 -5.696971680951004
1698 -6.631268159657585
1699 -4.186727347244592
1700 18.62819537380442
1701 7.790986994170308
1702 -3.1692590534089233
1703 -3.495050483337793
1704 0.7750706334546429
1705 -3.0605963829548157
1706 -6.183625225359997
1707 1.8627506629603576
1708 -2.9195899841384527
1709 -4.154012884375285
1710 -1.6496500520746515
1711 -5.005308779846915
1712 13.375953498060563
1713 -1.568067554642643
1714 -3.7370465494387544
1715 -2.990131779764103
1716 1.83828297246083
1717 -0.4864419407268595
1718 -0.12248699144073028
1719 -1.873905697984474
1720 -3.6580272092287838
1721 -1.7279335246956558
1722 4.214289359965566
1723 -4.075121080273364
1724 -5.353552342540972
1725 -0.6932536565932231
1726 -2.914611700034765
1727 -3.0944151135357356
1728 4.683724258762501
1729 -2.550147803477879
1730 -1.0346844699831634
1731 -2.0272598239861854
1732 0.8411378282988746
1733 -2.6851489855927033
1734 1.6207414591842735
1735 -5.15382919996025
1736 16.659809099835606
1737 -1.131876727741006
1738 3.007998973557666
1739 -5.74357401728454
1740 3.287923241127946
1741 5.442912671437739
1742 7.095898402279602
1743 1.0118510195206492
1744 2.543418857054551
1745 0.874013690322471
1746 -2.4053577160511823
1747 -0.3708272517348501
1748 5.903037035777629
1749 2.008317013122034
1750 3.0635867662193776
1751 -3.68887205017921
1752 13.112117045483041
1753 6.966041125901151
1754 6.0429744044279055
1755 -2.980535986443874
1756 8.185877791198344
1757 1.3459682846103591
1758 5.3877673028718025
1759 -4.617891103408121
1760 22.105406218671053
1761 0.08749624210726836
1762 -1.8731758438028963
1763 5.63285971841
1764 -1.5516457454308554
1765 -0.16034336129484483
1766 6.090009156733835
1767 -1.8737739088783165
1768 14.635886132985302
1769 4.320189838199605
1770 6.691548437443167
1771 -2.3261438811836577
1772 4.836621325699919
1773 3.534272013866211
1774 6.502836039627127
1775 -2.5972529070576673
1776 -3.5833921919113045
1777 6.951187739758835
1778 0.036080105534559426
1779 0.47197055021702394
1780 -0.14058775373616017
1781 5.893319446217438
1782 6.146052863704863
1783 2.1913766293509043
1784 14.79031206857726
1785 -2.6577123307444115
1786 -2.750380145041386
1787 -2.6753687016895573
1788 -2.172281302904052
1789 0.7496819412547391
1790 -0.43523935395686864
1791 0.827349009599782
1792 -1.0549021310803237
1793 -0.43270348755734067
1794 -5.9868888712791435
1795 3.663259137037567
1796 -5.844411092040209
1797 -4.167451786898164
1798 -6.714487098367236
1799 -1.4680473960311304
1800 10.94949902646437
1801 -6.214007158339741
1802 -6.304235896331378
1803 -5.542557821892264
1804 -5.278899726742809
1805 -5.9868888712791435
1806 -5.661744370514227
1807 -4.201204211488559
1808 -5.526492385243317
1809 -5.72023253119472
1810 -3.7370465494387544
1811 -6.000748032057087
1812 -4.3315943235662715
1813 -5.353552342540972
1814 -5.15382919996025
1815 -6.1254965271111645
1816 -3.819694470671392
1817 -4.61066914913464
1818 -4.033581227867867
1819 -3.1849340136740443
1820 -4.617891103408121
1821 -5.631746490780483
1822 -4.789886604947389
1823 -6.770009845926018
1824 -6.612223409818571
1825 -2.2014695039295313
1826 -6.631268159657585
1827 -6.843143217443812
1828 -3.5833921919113045
1829 -5.350328420683205
1830 -4.94621563749716
1831 6.304036807030155
1832 -6.322846306691674
1833 3.153067745507131
1834 -4.081392853738372
1835 0.12739526416838887
1836 4.105886750631997
1837 -6.045078568796107
1838 1.0610682610660307
1839 0.22220494755315368
1840 -3.568560916620801
1841 -5.69864852978562
1842 18.39287186280041
1843 -0.13495402537361478
1844 3.1742299967589243
1845 4.638804173882117
1846 9.609237587762266
1847 -3.041256335112248
1848 -6.92642883720364
1849 0.6561847181685407
1850 1.113362102184209
1851 4.560306569771625
1852 1.8074268881860032
1853 -1.6875591651319426
1854 1.0281383101506192
1855 3.072670707129135
1856 -5.591164491123635
1857 -3.1806997906534447
1858 10.520297493045037
1859 1.6200980071044966
1860 0.9780890952866004
1861 -6.320612597115101
1862 -6.210746379554914
1863 -4.386641628276559
1864 -2.65934754901517
1865 -2.19119094657891
1866 3.3585337385257583
1867 -0.5738897675142227
1868 2.971712421945767
1869 1.4321347599485579
1870 -0.7573804015294683
1871 -1.4947135396079907
1872 -0.4016046464961278
1873 -5.1444024435078965
1874 12.2695992709999
1875 6.359883626801542
1876 7.11144991942335
1877 -2.7448851267875094
1878 0.5662820700500324
1879 -2.9733618152886394
1880 2.4879734032546414
1881 -5.229840879734641
1882 10.700365896960324
1883 -4.4217212929093614
1884 -5.690912496850015
1885 -3.7444058616899203
1886 3.456450599514342
1887 -2.8395572538886724
1888 2.5139340831651715
1889 -5.4539330349057
1890 5.140048457154058
1891 7.087946310137837
1892 2.4262122892989404
1893 0.006404264235908563
1894 12.079254363817313
1895 -4.624815011276651
1896 -4.469258473244004
1897 -2.781633859369354
1898 18.592953210000893
1899 -1.8864932226345785
1900 -5.880983420517768
1901 -0.7065589658316458
1902 3.826264466411976
1903 6.561192596474604
1904 1.0665350881378934
1905 -0.16061238994853877
1906 6.949845118732871
1907 -4.522609088957271
1908 -5.65382100355855
1909 1.3269845160902225
1910 5.538810693501569
1911 -0.12154725306990466
1912 5.363496811066099
1913 -1.8655114095037497
1914 1.0856500537863818
1915 7.573750455225984
1916 0.324317202426164
1917 -3.810618801778763
1918 10.881586952358989
1919 -6.267209391518194
1920 4.228963833725399
1921 -6.55640948720586
1922 5.603423511593392
1923 -1.3545200932435988
1924 -3.407720705251053
1925 -5.708658508368223
1926 -3.44456623474868
1927 6.620506032727647
1928 0.16042723998120123
1929 -1.1466801126739516
1930 11.111084866393327
1931 -6.788058363709321
1932 -4.9975687271352545
1933 -6.4190442561465755
1934 15.910566308067779
1935 2.8757342790528115
1936 -1.4172821485679825
1937 -6.573836155020376
1938 -5.010532410163667
1939 -2.151632571923469
1940 2.1585275850070387
1941 -4.712625460879565
1942 19.873726855366986
1943 -2.439137861772968
1944 -5.6302778159389035
1945 -4.011561598269483
1946 19.42985896080095
1947 -2.7010594485452426
1948 -4.155763777513308
1949 -3.886151053293666
1950 4.254581582249308
1951 -6.214007158339741
1952 -6.304235896331378
1953 -5.69864852978562
1954 -6.210746379554914
1955 -5.9868888712791435
1956 -5.661744370514227
1957 -4.201204211488559
1958 -6.320612597115101
1959 -5.72023253119472
1960 -5.690912496850015
1961 -6.000748032057087
1962 -4.3315943235662715
1963 -5.353552342540972
1964 -5.15382919996025
1965 -6.1254965271111645
1966 -3.819694470671392
1967 -4.624815011276651
1968 -4.033581227867867
1969 -3.1849340136740443
1970 -4.617891103408121
1971 -5.631746490780483
1972 -4.789886604947389
1973 -6.770009845926018
1974 -6.612223409818571
1975 -2.2014695039295313
1976 -6.92642883720364
1977 -6.843143217443812
1978 -4.712625460879565
1979 -5.350328420683205
1980 -5.010532410163667
1981 2.070348053240955
1982 3.2617647123256837
1983 -4.490123535592172
1984 5.179776156202297
1985 -0.1773888193258572
1986 -1.9344128932096734
1987 -0.37174984580454407
1988 -3.862233758535725
1989 -2.9884148915394846
1990 -3.041866962113442
1991 -2.0642431895017777
1992 -2.4137169553618465
1993 -4.773018899718915
1994 -5.224237646000548
1995 -3.1692853143712996
1996 2.1777243881319617
1997 3.8766368900247903
1998 4.182326110399128
1999 -1.1360950780383239
2000 11.99733508789167
2001 -1.6962573494882904
2002 2.9081508813548442
2003 -1.99759886609388
2004 -0.7091580527006123
2005 8.577100735533298
2006 1.5000720524279392
2007 -0.9381156633488281
2008 4.885891266242894
2009 0.2466023205899086
2010 7.169840659163524
2011 -5.657119912620508
2012 -3.95444913262117
2013 2.9173796980444364
2014 0.04288983722062478
2015 -2.792026761238934
2016 16.144653124046528
2017 -3.552353174652394
2018 0.16875694147417963
2019 -5.6804631834048385
2020 19.044993123128865
2021 -0.3925898666288055
2022 -3.2230272151603456
2023 -4.486461589266785
2024 -2.1596445885400666
2025 1.9805522302897893
2026 0.8172445451784709
2027 -4.373988804117084
2028 20.961499882411378
2029 -6.0201012688178315
2030 -1.5004682901444653
2031 2.4295132209600014
2032 1.4761610806643954
2033 1.1816471676571827
2034 0.7337216765512132
2035 -4.886203946837516
2036 0.8180680120133488
2037 -3.672248106860272
2038 -1.5525879759028285
2039 -2.2019193477104424
2040 18.71795491552851
2041 -2.108124775166832
2042 0.2627123666705724
2043 -4.1050087848300265
2044 2.4641485209348506
2045 -0.8425981756897882
2046 2.728506112047331
2047 -2.200585359936394
2048 2.040564468387868
2049 -1.4807682176223933
2050 -4.112572640929117
2051 -4.033581227867867
2052 -4.034429940667332
2053 0.7244437003125457
2054 -0.31535413902325193
2055 4.436039714151992
2056 4.604246804361876
2057 -4.650867921194566
2058 -3.9232413655768514
2059 -2.6269091075804583
2060 -1.327990400542307
2061 -5.707108728951598
2062 -4.725421086818868
2063 0.6303454195481557
2064 -1.1575746827280202
2065 -0.762513878645692
2066 -0.7839601030037461
2067 -2.8225837410859023
2068 -0.1268318593758866
2069 4.643924342865555
2070 -1.7490383325972683
2071 0.9107685542946076
2072 -6.434409855811336
2073 -2.7799537990910785
2074 5.085989526957378
2075 -1.0392381096459862
2076 -4.744550072195583
2077 -0.3511313701910562
2078 -1.2038361910990873
2079 -1.293014908251494
2080 -0.3418903767273189
2081 3.7549641117335817
2082 -6.596279961665737
2083 7.008234045290614
2084 -1.8498466061483043
2085 -4.45405113192943
2086 -1.2627565327401062
2087 -4.042501594715516
2088 -5.558581473345456
2089 -2.4942159986826606
2090 -3.7643230240126093
2091 -4.42469484736838
2092 -6.177205855832907
2093 3.37749692070324
2094 -0.9235655602150301
2095 -3.816025195670488
2096 -3.92533100297954
2097 -6.6366549123476
2098 -5.400780649329591
2099 -6.357467394882983
2100 -3.2347866410206447
2101 -6.214007158339741
2102 -6.434409855811336
2103 -6.596279961665737
2104 -6.210746379554914
2105 -5.9868888712791435
2106 -5.661744370514227
2107 -4.201204211488559
2108 -6.320612597115101
2109 -5.72023253119472
2110 -5.690912496850015
2111 -6.000748032057087
2112 -4.373988804117084
2113 -6.0201012688178315
2114 -5.15382919996025
2115 -6.1254965271111645
2116 -4.1050087848300265
2117 -4.744550072195583
2118 -4.033581227867867
2119 -3.1849340136740443
2120 -4.650867921194566
2121 -5.707108728951598
2122 -4.789886604947389
2123 -6.770009845926018
2124 -6.612223409818571
2125 -2.2014695039295313
2126 -6.92642883720364
2127 -6.843143217443812
2128 -4.712625460879565
2129 -5.350328420683205
2130 -6.6366549123476
2131 3.9926652580262
2132 5.433047394281429
2133 -3.8588001986468963
2134 5.206856286845034
2135 -3.713322887793217
2136 -3.6589549888028667
2137 -4.694246885180988
2138 -4.112429864371915
2139 -0.9937516870731101
2140 -5.464737031915336
2141 -5.791858918658436
2142 3.2169090696059914
2143 3.2320777369767404
2144 0.720493792625757
2145 -2.5210997670546407
2146 -0.8375893593306634
2147 3.1554082454271457
2148 -6.359963483953887
2149 0.884848496917964
2150 7.461756429495407
2151 6.340009436139929
2152 -0.35161556277586636
2153 -5.837161322965161
2154 8.120382236240179
2155 -1.8330975468743573
2156 -1.8160502039809927
2157 2.523120792910599
2158 10.339817350270184
2159 -4.384433942718294
2160 -1.0723753777527434
2161 -2.0309305850796875
2162 2.3509946222714113
2163 2.7283951888715716
2164 1.8211153735261625
2165 -5.750788834624479
2166 8.356043613175817
2167 -5.804601601465338
2168 -0.523598306887952
2169 -3.8742048815258427
2170 4.9577263374896905
2171 3.4929120279220474
2172 2.129606703602033
2173 -5.813805063413241
2174 -5.6479927905950715
2175 -2.73557574974386
2176 -4.185141043407196
2177 -3.661014159457622
2178 3.8132334449373095
2179 5.801765006747987
2180 1.457339273524531
2181 -2.5377118148551827
2182 -4.160496135704058
2183 2.775557170402007
2184 0.42335420143934577
2185 -4.690370351526159
2186 8.426282068524106
2187 -5.77319391562836
2188 -3.618434541460968
2189 -5.209416755106837
2190 18.02432647377419
2191 -0.9656301630833051
2192 -5.053514341698682
2193 -1.5414220126397846
2194 -1.8351792860292848
2195 -3.528350764106085
2196 3.036264767900093
2197 -1.5125771601322928
2198 -3.4795693021290344
2199 -1.4731375416453998
2200 -6.59078966502385
2201 6.789891856667392
2202 -2.6301994834000393
2203 7.6635443446727045
2204 9.720410083299257
2205 -3.1849340136740443
2206 0.37164309052069644
2207 -3.218157133977368
2208 -6.376203656289793
2209 -0.32028739994903965
2210 -4.501084816660594
2211 -5.530091512272342
2212 -5.744706968931
2213 2.462798310810924
2214 18.502284278687032
2215 -0.15151851645164882
2216 -0.1258708168799004
2217 -4.360569629098888
2218 1.843958652021005
2219 -6.371743110991815
2220 -1.2863511714551323
2221 -6.632507543268976
2222 16.058508186952345
2223 -2.5762499990385384
2224 6.466020780444155
2225 -1.9881550770176357
2226 -1.6568590771944436
2227 -0.272355924001201
2228 -2.4310785017136967
2229 -2.1245522440331768
2230 19.557760448995893
2231 -2.40751588899449
2232 -1.3839057055473667
2233 -6.990020695836003
2234 4.06293413160547
2235 3.4810300712582825
2236 5.58168418715401
2237 -5.005965458896207
2238 -2.8404565538865594
2239 -2.678390108190232
2240 1.7246553316271558
2241 -4.1674292111391305
2242 -0.891429853975299
2243 -2.0771420086134897
2244 -5.014047211856118
2245 -5.747427053867742
2246 8.853883119539182
2247 1.9917455325402618
2248 2.613868028260754
2249 -6.481312309968413
2250 0.29664522690970063
2251 -6.59078966502385
2252 -6.434409855811336
2253 -6.596279961665737
2254 -6.210746379554914
2255 -5.9868888712791435
2256 -5.837161322965161
2257 -4.201204211488559
2258 -6.320612597115101
2259 -5.750788834624479
2260 -6.359963483953887
2261 -6.000748032057087
2262 -4.373988804117084
2263 -6.0201012688178315
2264 -5.15382919996025
2265 -6.1254965271111645
2266 -4.1050087848300265
2267 -5.464737031915336
2268 -4.033581227867867
2269 -3.1849340136740443
2270 -4.650867921194566
2271 -5.707108728951598
2272 -4.789886604947389
2273 -6.770009845926018
2274 -6.612223409818571
2275 -2.2014695039295313
2276 -6.990020695836003
2277 -6.843143217443812
2278 -4.712625460879565
2279 -5.747427053867742
2280 -6.6366549123476
2281 -4.274603753796507
2282 -0.39462482266233023
2283 -6.59078966502385
2284 4.089390958201271
2285 -6.58229569238976
2286 -1.9261640013218388
2287 3.5878235055831613
2288 0.4570018359373025
2289 0.1082978903065176
2290 -4.775472828811845
2291 5.764518615146212
2292 8.088724980156673
2293 -5.561452038968551
2294 -5.92280841483443
2295 -5.180885953601193
2296 -1.7712032386365766
2297 4.8480806907922505
2298 -2.8083804730364537
2299 2.762570709834215
2300 -3.504206253311162
2301 5.5305012301223915
2302 7.098432082791123
2303 -1.003482702198156
2304 9.155083932692165
2305 0.04198968675062709
2306 2.0493956494412515
2307 -3.9587038197988376
2308 1.6112490596642162
2309 -2.224247563245809
2310 6.9879235785899745
2311 -1.3351031076423243
2312 -3.7458115597768753
2313 0.6803165547833054
2314 0.002329162824317388
2315 -5.431646967744831
2316 -4.407217385366538
2317 -5.447222492297266
2318 -5.990277731747068
2319 -2.066706088883901
2320 13.181264091381092
2321 2.921932703028498
2322 -2.527032401627911
2323 -0.38037136209708633
2324 9.167057990481055
2325 5.347816319121363
2326 -3.6227947853251834
2327 2.358056698898085
2328 18.532997863652746
2329 2.683742484690932
2330 3.4537698159761603
2331 -3.9397532570995724
2332 -2.6862060130510947
2333 -5.072304167060637
2334 -6.577170772430541
2335 4.333620148957604
2336 -0.34034391319670054
2337 1.458836046253696
2338 -4.285364423897283
2339 -2.69488046745764
2340 -3.538127939936076
2341 1.9513084459377725
2342 2.0684675830983195
2343 -3.859617455019277
2344 6.170494356011815
2345 -2.7794539836885184
2346 -3.576882160919341
2347 -2.5266243312923664
2348 13.918843276871687
2349 2.438944752433237
2350 9.374832174536163
2351 -3.9000702000071303
2352 17.55386929183863
2353 1.1709233036168136
2354 8.389096375156715
2355 -2.793861000197204
2356 5.239816671313155
2357 -3.4420179995934115
2358 -0.7023273139444339
2359 -3.1423165193183094
2360 15.547905296262192
2361 -4.511195757901854
2362 -2.64331058984945
2363 0.38807190214983267
2364 19.159480930552782
2365 -4.754574420176126
2366 1.35235376941282
2367 -4.789886604947389
2368 -3.3433617806531455
2369 5.942249988297855
2370 -1.509567896824297
2371 -5.622846274212368
2372 -2.7013381480579115
2373 1.5915021644914025
2374 -3.5920021907337443
2375 -2.725908606432872
2376 -5.885760233055514
2377 1.9181941760676637
2378 2.492742988466734
2379 -2.775412854639052
2380 2.7500317112699717
2381 3.9264448872477025
2382 -6.9042237812932
2383 -7.03164273702313
2384 -6.314097986293242
2385 -6.860396021913372
2386 4.061513461143551
2387 -6.8347848434444725
2388 4.973073822728392
2389 -3.5676983372057505
2390 -6.165940837267021
2391 -0.6040259761352766
2392 0.28703099152921085
2393 -0.03959894251570151
2394 -0.8527607587638768
2395 -0.7689438780575575
2396 9.568031885756206
2397 -6.526710648315234
2398 -1.706688112322509
2399 -6.596803005705422
2400 16.621140745531704
2401 -6.59078966502385
2402 -6.58229569238976
2403 -6.596279961665737
2404 -6.210746379554914
2405 -5.990277731747068
2406 -6.314097986293242
2407 -4.201204211488559
2408 -6.320612597115101
2409 -5.750788834624479
2410 -6.359963483953887
2411 -6.000748032057087
2412 -4.373988804117084
2413 -6.0201012688178315
2414 -5.15382919996025
2415 -6.1254965271111645
2416 -4.1050087848300265
2417 -5.464737031915336
2418 -4.033581227867867
2419 -3.1849340136740443
2420 -4.650867921194566
2421 -5.707108728951598
2422 -4.789886604947389
2423 -6.770009845926018
2424 -6.9042237812932
2425 -2.775412854639052
2426 -7.03164273702313
2427 -6.860396021913372
2428 -4.712625460879565
2429 -5.747427053867742
2430 -6.6366549123476
evaluations raw_y
1 47.828591963189865
2 28.662689152589955
3 48.176930999833544
4 24.442603403096523
5 51.397436607550574
6 78.18913551975024
7 39.01051417137181
8 47.62423699666909
9 61.37499961411136
10 38.72298913683308
11 40.50124744861825
12 37.715391852132946
13 41.190369668520745
14 26.418227352148108
15 54.41690473476438
16 43.85278820966699
17 28.35055270067241
18 37.55640017794906
19 36.56202623100207
20 48.04454879511929
21 36.67659753235494
22 73.3364441653811
23 67.74387459834608
24 51.0517964256498
25 84.53667475934833
26 32.512154526706425
27 56.04104953418711
28 38.95028592846566
29 69.17259158927017
30 48.110804642349635
31 56.693334811885805
32 42.062338128336656
33 55.28305281820499
34 48.097021705174456
35 30.062141112478155
36 41.212526136521575
37 28.662689152589955
38 33.93458974597821
39 80.90292841379794
40 33.664137578344324
41 48.176930999833544
42 43.85726858867572
43 24.443714720528618
44 33.21389515380189
45 17.029845069311875
46 20.43825857215444
47 28.401898236699513
48 20.257501817147368
49 54.491551999762315
50 38.54063148815857
51 37.51963558034865
52 35.117713644779606
53 38.0181500272751
54 47.06277246976555
55 41.09818517895729
56 11.22403721688695
57 48.05721823759811
58 38.74196930880949
59 43.60431412877985
60 43.79831608153025
61 37.08475775284519
62 40.26755010527145
63 46.90570337216041
64 20.75602073579028
65 46.79087191110542
66 47.646799332890076
67 49.18150647678218
68 65.20023461272962
69 39.14332140765689
70 26.152009590278837
71 28.772769036526366
72 25.069386889906397
73 17.027520609627445
74 16.277898461414892
75 31.534076979705855
76 43.68127263483905
77 36.36552697508729
78 24.131446219407582
79 37.92760476978708
80 34.367800782011415
81 27.81378653568228
82 43.757889664438764
83 25.978324418200632
84 38.488995449966524
85 24.674493326195257
86 10.047579353646695
87 17.563320687387755
88 31.02749209991098
89 34.10080754034902
90 24.77108855936542
91 35.96054879026421
92 95.06834178800301
93 36.4700357737651
94 26.687268915558978
95 29.063285479777168
96 17.125774213937692
97 28.532111474434537
98 35.72085351853224
99 39.20311967134783
100 42.94427498395413
101 68.4238408322647
102 24.363231003789643
103 18.531273452599446
104 41.24834568892211
105 12.458095866889625
106 26.817063622615933
107 34.03781323491736
108 10.386333241948066
109 26.80666929562776
110 27.36582213103873
111 43.0928682686217
112 19.748091452264617
113 39.54885533780589
114 15.837056250282988
115 42.40447495091936
116 15.60545275293834
117 47.473196013277374
118 42.07892079496837
119 14.836636168911102
120 14.332834607438187
121 10.037916651190951
122 7.047391360047533
123 33.341715457249144
124 7.996903600436671
125 35.76021881939156
126 42.33887716987375
127 43.61478947697159
128 10.62165460726253
129 57.85133943087361
130 48.355970507518215
131 4.005800732759454
132 43.81357882316496
133 26.249685228966054
134 6.7758784819690145
135 17.829906509870828
136 11.220424114532122
137 25.15731559466033
138 5.237156735347745
139 15.915101552273255
140 15.358404496650193
141 14.471465494853005
142 15.16021861916345
143 12.627278287552244
144 24.64383438903426
145 12.652859152600533
146 19.567720877838156
147 21.38855201301998
148 30.872230205263552
149 27.671863940447174
150 24.845579040949897
151 43.757889664438764
152 26.817063622615933
153 30.872230205263552
154 17.029845069311875
155 19.567720877838156
156 37.51963558034865
157 7.047391360047533
158 37.08475775284519
159 46.79087191110542
160 11.220424114532122
161 17.027520609627445
162 10.62165460726253
163 10.047579353646695
164 24.64383438903426
165 15.358404496650193
166 35.96054879026421
167 15.16021861916345
168 37.55640017794906
169 12.458095866889625
170 26.80666929562776
171 34.367800782011415
172 42.40447495091936
173 5.237156735347745
174 33.341715457249144
175 40.26755010527145
176 4.005800732759454
177 6.7758784819690145
178 14.332834607438187
179 7.996903600436671
180 21.38855201301998
181 23.20488914555568
182 24.16055562545837
183 22.389702558993637
184 18.479903103440524
185 7.716146194613164
186 32.13517905805462
187 20.57264623448593
188 16.123979834109615
189 24.42927148937617
190 16.752731768933263
191 25.125085837978986
192 24.865837833965617
193 46.186095988341584
194 13.445121362150687
195 24.755316433188735
196 15.26036983514671
197 20.337042852482742
198 1.778733687492248
199 23.08961923007989
200 1.9058101090784185
201 10.947573677627071
202 -1.3471406867857798
203 10.58023066897451
204 12.942684585482567
205 1.682478650827112
206 11.031013752318737
207 3.3040681900851694
208 3.6571310819230627
209 4.829090545467679
210 13.671983962125669
211 4.346022690379893
212 7.1256763010409685
213 35.739786291653246
214 9.403636862385593
215 36.9754134456678
216 36.37135305375926
217 8.486906944858081
218 3.573934320434895
219 7.070826257959073
220 6.951663193381717
221 11.064059029207984
222 8.229185260776458
223 16.010346280632394
224 19.823183575075188
225 7.424151455748517
226 10.5502262956714
227 5.406741892103948
228 8.821959519413097
229 11.095416244437573
230 -3.9530983990553663
231 14.819360904712989
232 9.321876676605827
233 9.03250650726078
234 4.778657224633783
235 12.456734177056568
236 13.945447844695183
237 15.677545263972048
238 5.932869508336873
239 35.586479245429736
240 26.366460310557866
241 30.28397420971114
242 33.59687915841211
243 29.014348347681416
244 51.352868328345636
245 4.1595385626649755
246 12.353017815322781
247 5.834708360930994
248 3.4022996336055473
249 5.285858270929086
250 30.989189278960453
251 14.917581553479046
252 5.158261929372443
253 16.64683045802482
254 8.41686936073824
255 50.260212127973205
256 31.98657547683891
257 8.166607182562554
258 18.22728389199328
259 5.083500872007594
260 6.38802830300068
261 18.219784204088207
262 25.851053133528037
263 22.773034636679036
264 43.676717480644726
265 6.486128739886265
266 1.0131981391288392
267 19.49644195028745
268 19.204337983140604
269 6.314033428264141
270 8.553110032168641
271 40.08735386962776
272 6.181720435526042
273 7.61783706413126
274 6.989177151702994
275 6.38802830300068
276 21.444201662290045
277 6.28872973030321
278 18.113527694711237
279 3.456506059434238
280 7.231647802327366
281 4.4269166196942855
282 2.3118320095253755
283 7.726802164371187
284 3.9941557625709523
285 8.123808002531327
286 4.5844398819627115
287 13.324830615070912
288 6.855345397122814
289 -4.719393307488569
290 7.764384092004921
291 4.263458061956291
292 -3.7627278527699533
293 4.059908389764758
294 14.30942546733042
295 3.7185461890702656
296 12.598838531850298
297 7.301814193418026
298 2.9466749237495766
299 3.4521255978177354
300 16.171648845935632
301 6.989177151702994
302 -1.3471406867857798
303 8.41686936073824
304 1.9058101090784185
305 12.353017815322781
306 8.553110032168641
307 1.682478650827112
308 4.346022690379893
309 35.739786291653246
310 7.070826257959073
311 2.9466749237495766
312 3.4022996336055473
313 9.403636862385593
314 9.03250650726078
315 14.30942546733042
316 29.014348347681416
317 4.1595385626649755
318 5.285858270929086
319 6.855345397122814
320 5.083500872007594
321 -3.7627278527699533
322 6.486128739886265
323 5.158261929372443
324 6.38802830300068
325 3.456506059434238
326 4.005800732759454
327 6.7758784819690145
328 -4.719393307488569
329 1.0131981391288392
330 3.4521255978177354
331 1.4385197308645936
332 -1.2888327380250937
333 0.1830727361319502
334 0.8212316290675425
335 6.628348972698525
336 6.101645775674504
337 3.730554858203731
338 12.362795231685931
339 -3.326570596841096
340 6.019668143595037
341 11.066718433989811
342 15.818615645707151
343 -0.371827183224855
344 1.6108573990930537
345 1.0854071130335359
346 4.198693047379901
347 5.123954723445006
348 7.630989102096818
349 5.958274744294604
350 8.321171464592057
351 2.903243308105898
352 3.0218845379406276
353 4.962222380954306
354 25.174064910726546
355 1.4696520976465397
356 6.012148908903221
357 3.9260093390058257
358 4.205189172002662
359 -1.4127603021519157
360 -4.7686729552984435
361 5.7202849550417385
362 2.5967979534943186
363 28.924305094653835
364 5.522606074149781
365 40.67779330937619
366 15.511711631426296
367 7.960101510392342
368 6.658338660984345
369 6.339563233471007
370 5.21471115104294
371 2.9946495469756687
372 -2.1295479915144835
373 5.807563800159613
374 2.168557384365447
375 5.273345176977022
376 4.398123787713277
377 8.93397891809002
378 9.188004803027901
379 4.992196597361089
380 0.4473940002071899
381 5.7543480480430755
382 15.57690912826477
383 4.910265775408615
384 7.1051449068374835
385 1.9389077427051724
386 10.856562768083984
387 0.629755707232972
388 -2.3113436129620704
389 2.231966908888915
390 5.250889769489904
391 20.65173294397419
392 5.731339528205306
393 26.120437275918633
394 20.55163823005769
395 8.953606935586507
396 4.899419684483664
397 6.835520231408104
398 8.565702552841838
399 6.460229239488065
400 3.937644962894722
401 2.802918302395179
402 3.0009786665419953
403 3.3671355057726773
404 22.99396551112993
405 6.660444962950532
406 1.4877025812583033
407 4.062240810804173
408 6.774102011914565
409 3.8362329352223115
410 0.2264104981052224
411 1.2320512870349996
412 -0.8061047506871392
413 -4.906999070621442
414 -3.1753285075855473
415 1.3638342745265928
416 1.439789106957598
417 6.26459993718357
418 16.093340289904525
419 4.557524400203477
420 1.3879483232436822
421 2.877485166369979
422 6.427007113924639
423 -0.27516302852910623
424 -5.474897513348265
425 4.0063969187883925
426 7.598205942952624
427 8.867335355558911
428 7.979349912331994
429 26.62250573369216
430 22.029339980136402
431 2.8278541100852266
432 -1.0787757357911176
433 6.0755525702434525
434 0.29905174319297245
435 0.7008729528897373
436 4.6556434437357455
437 -2.261138221082052
438 14.877886431512948
439 3.6603461750015387
440 0.0487761340707169
441 4.608905753979024
442 18.62385691330179
443 1.6475183429938265
444 -1.8522801272939917
445 -0.08466234455600397
446 -4.137224023983173
447 10.801755803543923
448 -0.3694005582985116
449 6.4262163941974295
450 -1.172054190622873
451 0.1830727361319502
452 -1.3471406867857798
453 -3.326570596841096
454 -0.371827183224855
455 5.123954723445006
456 0.8212316290675425
457 1.4696520976465397
458 -1.4127603021519157
459 22.99396551112993
460 -2.3113436129620704
461 2.9466749237495766
462 -4.137224023983173
463 4.992196597361089
464 1.9389077427051724
465 0.629755707232972
466 7.979349912331994
467 4.1595385626649755
468 1.3879483232436822
469 -0.3694005582985116
470 -2.1295479915144835
471 -4.906999070621442
472 -0.8061047506871392
473 2.877485166369979
474 -0.27516302852910623
475 3.456506059434238
476 -1.172054190622873
477 -5.474897513348265
478 -4.719393307488569
479 -0.08466234455600397
480 0.29905174319297245
481 2.05155074402167
482 1.2827616891021718
483 7.466631699367451
484 5.5649148215909925
485 3.025749878083184
486 -2.058556744900276
487 -1.2679869627433122
488 9.606938938063976
489 0.11156161334095338
490 1.7714602000115935
491 0.48227844864060243
492 -3.9008405475152648
493 6.962809215699705
494 1.5285875632610706
495 0.283926308563478
496 5.980817069048571
497 1.709456798265331
498 5.0663513793776715
499 3.570108176248664
500 8.707001060422165
501 1.2328240788050193
502 6.162830059175928
503 4.083656016127596
504 12.604222151860435
505 14.331910109261692
506 3.5890425326914
507 -3.9651292442841264
508 -0.1030080869885559
509 4.206092577283824
510 0.8170683998703399
511 5.752291786591337
512 19.47004766713745
513 5.5103184205229345
514 28.60385950506349
515 2.656486866741402
516 24.204457816625712
517 -3.484757879872122
518 1.1660551149986427
519 -2.5622179081549294
520 15.452479011710974
521 1.9845138791173629
522 -0.5104073581704252
523 10.15068596767208
524 11.708210402594535
525 0.20069739970176703
526 5.111951770144961
527 2.9729110052067202
528 0.226690185224788
529 -0.7525441939553184
530 -1.5066161793931354
531 3.7668458382187953
532 16.924212568136664
533 1.7034264301206181
534 4.297935604653432
535 2.6590084380161882
536 3.4486130096674588
537 -4.596318504281373
538 1.931528586847367
539 -2.316744297450186
540 -2.371571519526591
541 5.605381051558955
542 2.664088225806763
543 3.0473647911018507
544 0.7035795096609045
545 -0.10285600517005333
546 3.300993319250762
547 3.6044964529969166
548 6.310082439050667
549 -0.4902475265799081
550 -3.641519342542839
551 0.8875138171737684
552 2.065920209080928
553 -2.390450251184719
554 -3.114539951045302
555 7.837704856883112
556 -0.5737028930749997
557 -4.377970994401647
558 1.7329130943937696
559 -3.081954728803208
560 -2.202557796325437
561 -0.5755887020731503
562 -1.6004623603741708
563 4.312513633139163
564 21.245464560692614
565 5.0052002381101985
566 -4.591173094984539
567 -3.90378719480081
568 15.0532523247964
569 0.48920336573826884
570 5.951881532150261
571 8.415985503041862
572 6.221891287266215
573 3.609737644380614
574 1.6923141568745725
575 0.7173701434072886
576 1.8540140441762007
577 -2.9041298653412415
578 -0.34895485674849036
579 0.349483275782146
580 6.8779906576392325
581 -0.4988330952852231
582 3.929092377832349
583 0.662828299645134
584 18.689699089662255
585 -4.744431122547853
586 -3.831369901733779
587 -0.6199739318073214
588 -4.0627634612421595
589 -1.5498210342463492
590 1.1649001247373596
591 -2.758882391682499
592 8.24571871820909
593 6.076308903904341
594 6.493898551701127
595 0.35776957258494235
596 26.10095206811802
597 2.984166716475504
598 2.9456141340663544
599 0.6146295895939362
600 12.85745841227471
601 0.1830727361319502
602 -4.0627634612421595
603 -3.326570596841096
604 -0.371827183224855
605 -1.5066161793931354
606 -4.591173094984539
607 -3.9651292442841264
608 -1.4127603021519157
609 2.656486866741402
610 -3.484757879872122
611 1.9845138791173629
612 -4.137224023983173
613 -0.7525441939553184
614 1.7034264301206181
615 -4.596318504281373
616 3.0473647911018507
617 -0.10285600517005333
618 -0.4902475265799081
619 -2.390450251184719
620 -4.377970994401647
621 -4.906999070621442
622 -3.90378719480081
623 0.48920336573826884
624 -0.27516302852910623
625 -2.9041298653412415
626 -1.172054190622873
627 -5.474897513348265
628 -4.719393307488569
629 -0.08466234455600397
630 0.29905174319297245
631 -2.6361231734645196
632 -3.1401658351258392
633 2.440930191217221
634 16.55028991852211
635 7.161880364326986
636 -4.527415154921405
637 -0.7384204227855762
638 14.881255815688755
639 -2.545606512063759
640 -4.426899509083695
641 4.191263324278616
642 6.293002588723473
643 -3.5267670777612077
644 -1.1922521849022019
645 2.370887281944304
646 13.499226565593856
647 -0.2864382459396706
648 -3.5893062427531084
649 -2.438080790725019
650 -2.6955516416383603
651 2.1725804683768795
652 -0.8940552735438789
653 2.6691312279545087
654 -2.237045355515561
655 0.6770982027385097
656 2.9360027587824096
657 -2.5009150005258585
658 -0.42676500905033254
659 -0.7799206145425467
660 -2.538602949985453
661 1.6184059454788526
662 9.3689313919153
663 4.883440252340986
664 7.013554140792781
665 6.064686347721226
666 5.055885334482353
667 -3.903550376597443
668 -3.9763708390492525
669 -0.08614989505983028
670 -1.900860835379893
671 5.110817766107522
672 3.854872687475929
673 3.325070064909764
674 20.704215369212765
675 -4.336115623857539
676 0.27685799579718084
677 -4.202836401334776
678 0.2648058154816686
679 -2.119385898562476
680 -3.0169199389904318
681 1.7264618457553853
682 3.3248975635377036
683 -2.447029557157434
684 3.226606222151813
685 -2.6890826617647616
686 -0.6151349646557298
687 2.828519322036144
688 -1.077471351919948
689 -2.4810454801096737
690 -1.5374223551457784
691 0.7182186909218635
692 -4.479660753177366
693 -1.460769359666152
694 3.8523571579585605
695 -0.6333348816392865
696 1.359999184036737
697 4.736741444279855
698 13.141981489804946
699 -2.0946083213488773
700 3.451957478862357
701 -0.8069402972456228
702 15.200484401287996
703 -2.4793067845853076
704 1.511787699035418
705 -1.4316972702066875
706 11.982209464380725
707 -5.431404682281353
708 -3.4639465129659444
709 -0.18162726686301622
710 8.486066697050255
711 -4.111306037729145
712 -0.34821694497354005
713 0.42497587646248647
714 1.7451932902656693
715 1.0240051963899341
716 -1.639566403746606
717 -4.896942525814548
718 -1.2432222985877899
719 -0.29058430539608837
720 1.8412260800581328
721 1.0243428921293796
722 6.910318892603009
723 1.2212172291754033
724 -0.8658921554323388
725 11.372351721320774
726 3.635254103925085
727 1.021402479086901
728 -2.2086285521205173
729 1.4048093741429475
730 3.9622338447044987
731 0.06165945402209205
732 -1.2719902772766374
733 -3.5565538997573194
734 -0.768472813518897
735 -2.9474492391794764
736 -3.1794786903332253
737 1.8081728993988162
738 -5.292782156417119
739 -0.07152362840863202
740 -2.650627526484267
741 -3.9636452423064386
742 -3.242079193732157
743 4.259473130702115
744 -0.8887208540028793
745 2.581857511241613
746 -0.031618997401439586
747 2.2348926872546064
748 1.5355074749668318
749 0.40072546207594506
750 2.0869016954852535
751 -2.6361231734645196
752 -4.0627634612421595
753 -3.4639465129659444
754 -5.292782156417119
755 -2.538602949985453
756 -4.591173094984539
757 -3.9651292442841264
758 -2.650627526484267
759 2.656486866741402
760 -4.426899509083695
761 -1.2719902772766374
762 -4.336115623857539
763 -2.119385898562476
764 -2.6890826617647616
765 -4.596318504281373
766 -1.460769359666152
767 -3.1794786903332253
768 -2.237045355515561
769 -2.4793067845853076
770 -5.431404682281353
771 -4.906999070621442
772 -4.896942525814548
773 -0.29058430539608837
774 -2.2086285521205173
775 -2.9041298653412415
776 -3.5565538997573194
777 -5.474897513348265
778 -4.719393307488569
779 -0.8940552735438789
780 0.29905174319297245
781 -2.696970721661909
782 2.581426753378096
783 1.2910471147945126
784 0.2942826260088811
785 4.947081352998307
786 -1.0878035561295407
787 -4.086127707961035
788 20.301089993663847
789 0.25913233579920725
790 0.6281792761790039
791 0.22989424361829558
792 8.005872539279899
793 1.5080972633187872
794 1.0580052593268081
795 -5.17620461603838
796 -0.19085686987139372
797 3.177044653014912
798 -3.4886035715303754
799 -1.359440242399092
800 -1.564670128415517
801 -3.105454560770582
802 -0.6574216460574206
803 4.178071859463506
804 -3.7629960226256967
805 1.5077853935300864
806 -0.12873632385156564
807 1.563273804930611
808 9.403434479793827
809 0.209810842242955
810 3.2626158441515
811 -1.5407658286838706
812 -1.488855898851404
813 1.234454367721234
814 2.76534793445074
815 -0.5951941673595196
816 4.756713332677552
817 -4.445609126526514
818 -3.2296561817432377
819 -0.9376546712460083
820 -4.479277347184703
821 -0.829003106495025
822 -2.0246289333930276
823 1.4049662281796405
824 14.548149964010879
825 -3.453011716293653
826 0.5297153129686847
827 -1.050271487883981
828 1.395017980465136
829 1.237650743962146
830 2.3625753482664216
831 -1.4469800098755563
832 21.389916788784546
833 -2.895419423662601
834 -1.0247934367750657
835 -2.9440693181205657
836 3.797795944305646
837 -3.227128533874848
838 1.3483609812560502
839 -2.0064931295205852
840 0.9607014914901142
841 4.4160153824180135
842 8.055661327355075
843 -2.577495607902929
844 0.1858027753798961
845 -4.880994500862027
846 1.0637441731652566
847 -2.3939621975401986
848 0.562108593625779
849 5.046738296775118
850 1.2172064183749554
851 1.7740511225444697
852 11.395689770181889
853 0.5012858514306768
854 6.8547869443543465
855 2.825646025918365
856 0.712339359689862
857 2.995661783112687
858 -0.903024511791267
859 -4.095149934986675
860 16.601767073341822
861 -1.9946193015915417
862 4.179000433362865
863 -6.042668847726614
864 -2.986679112551406
865 0.04410636729427486
866 -2.3316696477592336
867 -4.896942525814548
868 2.2915722089309876
869 -5.810188612723683
870 -0.03375157894741454
871 -4.470954107853882
872 4.552093625983627
873 8.539867786973797
874 -0.10202340239981689
875 0.952850794639641
876 16.508217514985866
877 0.7074400236449674
878 4.776897030642983
879 -2.208213234785629
880 7.778850230086716
881 -1.5815619885269752
882 0.1812546938010734
883 -4.603663400241774
884 12.72329301335109
885 6.349343851031942
886 -5.384031399615826
887 1.3379345192844019
888 9.17942461165888
889 6.633917302886961
890 0.7876728404104634
891 -4.091662593337382
892 -2.148816416532475
893 2.7710467758541593
894 4.14364346768306
895 6.291027516645158
896 4.918837771958973
897 8.826726284062842
898 -1.6610784053957515
899 -0.025931034457328028
900 -2.541429001595599
901 -2.696970721661909
902 -4.479277347184703
903 -3.4639465129659444
904 -5.384031399615826
905 -2.538602949985453
906 -4.591173094984539
907 -3.9651292442841264
908 -2.650627526484267
909 -1.564670128415517
910 -4.445609126526514
911 -1.2719902772766374
912 -4.336115623857539
913 -2.119385898562476
914 -2.9440693181205657
915 -4.596318504281373
916 -2.577495607902929
917 -4.880994500862027
918 -2.541429001595599
919 -2.4793067845853076
920 -5.431404682281353
921 -6.042668847726614
922 -4.896942525814548
923 -5.810188612723683
924 -2.2086285521205173
925 -2.9041298653412415
926 -4.603663400241774
927 -5.474897513348265
928 -4.719393307488569
929 -1.6610784053957515
930 -0.03375157894741454
931 4.296331622887072
932 -6.557629063874245
933 1.3252733811007669
934 0.324887323412673
935 2.2242824436529065
936 -3.3889031502505778
937 0.17208661515163115
938 18.8897876309057
939 -2.148239960715773
940 -3.719948166669635
941 1.131281067249597
942 22.677967926575246
943 -2.7531226056286084
944 1.3554473588843061
945 -1.6549437897392343
946 1.1377152375285124
947 -1.5040477692695178
948 0.30937213712712186
949 1.6405049696026197
950 20.63445028709292
951 -4.556363356920194
952 -1.7428227135751702
953 -4.7679757640142
954 -0.946686251791979
955 -4.012965974132795
956 -2.547852388930555
957 -2.0461508268492308
958 3.4763359058671144
959 -5.544326266408305
960 0.09784441151912404
961 -2.064443383685273
962 9.123424044870927
963 4.365588709221458
964 1.5122676484250959
965 3.9769208314126936
966 6.417099826865162
967 -1.883921502240966
968 -0.21219659547155112
969 -0.964493741282419
970 10.74680372925159
971 -2.905081872697942
972 3.0220159353184832
973 -2.8043991143692417
974 2.5950466808812713
975 -2.5549286144685626
976 -4.779901053850176
977 -0.9456768652021097
978 -2.1806028085439095
979 -2.2232311864660907
980 -2.282853926124913
981 2.9901369811957323
982 7.737270947287196
983 3.5922646751587832
984 1.027510016955422
985 -2.533096023632975
986 5.1650894924794954
987 3.1000758043014685
988 -5.014717371138633
989 -6.365412186163569
990 -3.501546502711194
991 1.010194672367496
992 -3.065234166922003
993 4.187649984377975
994 0.5993547627420188
995 -0.7251610164646882
996 4.443411256862839
997 -2.1442675755856837
998 8.972192912521482
999 -0.6383114669188789
1000 -0.5424416582418962
1001 1.6907046791581344
1002 0.11572376636553239
1003 -3.9607298674852944
1004 5.098973902082254
1005 -3.9864803493933576
1006 -3.415385767422385
1007 0.6975277741963684
1008 -5.580756249024693
1009 -2.247755772446295
1010 -0.885975581891409
1011 -4.74012036769103
1012 -0.8849530326410114
1013 -6.6382863173487525
1014 -3.9573146902322947
1015 2.027263851828482
1016 -2.350884245537916
1017 -5.040832169260438
1018 16.7951085681082
1019 -5.670753371731807
1020 2.940339201793662
1021 -5.5213786592038145
1022 -5.754453191932428
1023 1.1851446651599051
1024 3.193051236295062
1025 0.7988729981141082
1026 3.334932832733837
1027 1.6594719918637555
1028 1.2366918149327302
1029 -2.3119462209759027
1030 0.7005654011012021
1031 2.759489535132401
1032 -1.8947141025950542
1033 -0.5006886124803356
1034 4.506077321023362
1035 2.026170867446701
1036 -3.2992188582619946
1037 -1.2931862339712252
1038 3.598358258937295
1039 -2.526426152980425
1040 -2.7756235524481365
1041 -4.475957250394681
1042 17.233357866816863
1043 4.1912849178031975
1044 2.261073489409421
1045 1.2253249423008656
1046 20.72928923937722
1047 6.58774519867126
1048 1.2415688591322012
1049 0.8331427776572495
1050 15.006499564130864
1051 -2.696970721661909
1052 -4.479277347184703
1053 -3.4639465129659444
1054 -5.384031399615826
1055 -2.538602949985453
1056 -4.7679757640142
1057 -5.580756249024693
1058 -5.544326266408305
1059 -3.9573146902322947
1060 -4.445609126526514
1061 -2.905081872697942
1062 -4.336115623857539
1063 -5.014717371138633
1064 -2.9440693181205657
1065 -6.365412186163569
1066 -2.577495607902929
1067 -5.754453191932428
1068 -2.541429001595599
1069 -3.9864803493933576
1070 -5.431404682281353
1071 -6.6382863173487525
1072 -5.040832169260438
1073 -5.810188612723683
1074 -2.2086285521205173
1075 -2.9041298653412415
1076 -4.603663400241774
1077 -5.474897513348265
1078 -4.719393307488569
1079 -3.501546502711194
1080 -0.03375157894741454
1081 0.9128625222505456
1082 -0.17499011611114934
1083 -2.771111507642722
1084 20.60457559337325
1085 0.1724517166582875
1086 -2.8791378301735335
1087 -0.3670881777067154
1088 4.651554009875934
1089 -0.3557507477451445
1090 0.7278243078848194
1091 2.4672834373260186
1092 5.741430496417161
1093 -5.961628391943244
1094 0.3957256178431985
1095 -0.7234262397365141
1096 -5.614123047771924
1097 -0.14518405383173427
1098 5.444872866326308
1099 -2.0370799376173556
1100 -2.1719904195080666
1101 -4.250415574687462
1102 -6.063529084128972
1103 -4.142099513423638
1104 19.244039040898834
1105 5.372011561397914
1106 5.390135613255474
1107 0.7414563651519366
1108 18.54843648425242
1109 6.219680878176094
1110 -2.3769937617074977
1111 -6.03920107890935
1112 10.628042620340345
1113 -3.7607895517257877
1114 -3.8977341355529442
1115 1.3055781346056827
1116 8.366410868685762
1117 -2.0004983882651635
1118 -3.177836625711788
1119 0.3627689249132162
1120 7.9082092526548395
1121 0.2605924376835932
1122 -3.4793487533642025
1123 -2.8988703523632493
1124 20.926936470230384
1125 -3.6236251755720597
1126 0.5207024678402226
1127 0.23801371171587804
1128 -0.05028836730259423
1129 0.019076765488445946
1130 -4.670341940577376
1131 -5.014717371138633
1132 -3.6842509235320837
1133 -1.655376137983562
1134 -0.3776263040588938
1135 -2.687627200338736
1136 14.83336763216297
1137 -3.5524428726535278
1138 4.359012257461968
1139 -6.320728799542667
1140 5.835626895638365
1141 -1.8504107496000604
1142 -2.069742402428164
1143 -0.6600337334793611
1144 -2.250533452270816
1145 0.26721115316105626
1146 1.143370636087053
1147 -2.121173535461557
1148 -2.698916657891764
1149 -1.6237622622267653
1150 3.605906833940617
1151 3.9036262323939326
1152 20.737374117152857
1153 -4.026670444376525
1154 5.48276029859935
1155 4.967129570918124
1156 -0.7430260080710802
1157 4.786920094045818
1158 2.857275527153653
1159 -5.075523513525078
1160 11.674729841122627
1161 -3.3587067020134995
1162 7.14161150805244
1163 -6.614946246634775
1164 -4.312445510446128
1165 -4.108798081814951
1166 -5.827772935720182
1167 -3.6032755638880216
1168 -2.55259995977152
1169 -4.717997719316604
1170 3.1719239277221423
1171 -6.252440686896053
1172 -1.5177172976252882
1173 -1.5642045195335565
1174 -2.133514195238497
1175 -2.7798364037110517
1176 21.579648961414662
1177 7.388482290190533
1178 -1.3032814792812983
1179 0.2515980981713217
1180 -1.976932124062177
1181 -3.071103822280289
1182 -2.078416471577218
1183 5.818587030557833
1184 -4.644788431256543
1185 -0.6315954674258653
1186 -2.0606930142153623
1187 -5.480609420314876
1188 5.560559942989775
1189 2.6067136776660065
1190 5.843601881006886
1191 -4.548988579494446
1192 13.372045941648238
1193 -3.6235333469838182
1194 -4.46575291500927
1195 -0.4790899610343964
1196 8.478389026471698
1197 0.8347001420273898
1198 -2.9590305309263885
1199 1.7004410738397426
1200 22.575717730563458
1201 -2.771111507642722
1202 -4.479277347184703
1203 -5.614123047771924
1204 -5.961628391943244
1205 -2.538602949985453
1206 -4.7679757640142
1207 -5.580756249024693
1208 -6.03920107890935
1209 -3.9573146902322947
1210 -4.445609126526514
1211 -4.644788431256543
1212 -4.336115623857539
1213 -5.014717371138633
1214 -2.9440693181205657
1215 -6.365412186163569
1216 -2.577495607902929
1217 -5.754453191932428
1218 -2.541429001595599
1219 -4.026670444376525
1220 -5.431404682281353
1221 -6.6382863173487525
1222 -5.040832169260438
1223 -6.252440686896053
1224 -2.7798364037110517
1225 -2.9041298653412415
1226 -4.670341940577376
1227 -5.827772935720182
1228 -4.719393307488569
1229 -3.6235333469838182
1230 -0.03375157894741454
1231 3.3994323859486024
1232 -2.594726946767887
1233 0.952872818953499
1234 18.337532223135426
1235 5.066863293979887
1236 8.511549710627879
1237 4.529497287206068
1238 -0.8057974418827332
1239 -5.633544419498141
1240 -6.055766665839789
1241 -5.633544419498141
1242 -2.1141276446209654
1243 6.660475003852273
1244 -5.602848432002425
1245 0.8262260847619458
1246 3.9518846552297813
1247 -2.233476613402979
1248 1.4528018505634663
1249 -2.6636545660694093
1250 -3.221730040394265
1251 0.08777182281757301
1252 6.690067420839762
1253 2.4456803115543817
1254 17.078549543666036
1255 0.15187563244363878
1256 5.101340234436242
1257 -2.1700588219308856
1258 14.507839120779131
1259 -1.6517340815736326
1260 -4.477100132101171
1261 -3.749377745169706
1262 -4.992837742460601
1263 -2.2509169457812392
1264 -3.6013780331703185
1265 0.29112808895039777
1266 9.636029502372134
1267 2.7756677137886423
1268 -1.9742870105311203
1269 6.635739097528102
1270 1.3040046144956365
1271 -4.386099317228615
1272 -4.331879590125743
1273 1.388022844070249
1274 11.317049313522364
1275 5.203806312727167
1276 5.02687080795487
1277 -2.7777901688745636
1278 -6.484996901600011
1279 5.37134658681644
1280 -1.6361891233576227
1281 1.4533606875569962
1282 -5.332391035735998
1283 0.6733240000340831
1284 1.9448833476361207
1285 -0.7334824786819807
1286 2.493234763140652
1287 3.37799671828804
1288 6.320685369052897
1289 -5.7096371417000205
1290 -6.365871973564682
1291 -2.2390905284803
1292 -4.243786140632396
1293 7.017903827800402
1294 0.275390095707265
1295 -2.995204995254268
1296 -1.0919609654965958
1297 0.638142675897521
1298 -2.9197696025185245
1299 -1.4364917066682605
1300 -1.6995933127549896
1301 2.952100487931209
1302 6.444987664132325
1303 -3.616841412877066
1304 2.8413915210090894
1305 -4.739609299024351
1306 -3.910736689394948
1307 -2.031337509341054
1308 -3.290731523562919
1309 -5.951374600736111
1310 -3.2528320822060643
1311 -6.623448009393911
1312 -4.437348328254359
1313 -2.908008434227665
1314 -5.101331202263097
1315 -1.623426705956493
1316 0.6491898531878333
1317 -0.8035962127806919
1318 16.750502880116652
1319 -3.3131825142429223
1320 2.069595766558103
1321 -6.255639298759938
1322 1.1195719526930494
1323 0.5702217442479376
1324 -1.9959456143485286
1325 -2.769573659658834
1326 -1.9543326997481905
1327 0.8561967657406321
1328 2.1549166074147985
1329 0.5494569176124383
1330 23.64492239160593
1331 -3.289789362635577
1332 7.04712522739772
1333 0.08116925407419062
1334 16.638818335016026
1335 -0.9395777415190372
1336 3.1499887663719526
1337 -4.5781646922511765
1338 3.809848525376898
1339 5.005974124032246
1340 1.4108392178993787
1341 -4.699003720206537
1342 15.221851191942198
1343 6.572340732863144
1344 6.398929474022349
1345 -3.931000188352817
1346 7.056855524577269
1347 2.2172445263456675
1348 -0.9493847908255133
1349 -0.6960818575215213
1350 18.677413753336896
1351 -2.771111507642722
1352 -5.332391035735998
1353 -5.633544419498141
1354 -5.961628391943244
1355 -2.6636545660694093
1356 -4.7679757640142
1357 -5.580756249024693
1358 -6.055766665839789
1359 -4.331879590125743
1360 -4.445609126526514
1361 -4.644788431256543
1362 -4.477100132101171
1363 -5.014717371138633
1364 -2.9440693181205657
1365 -6.365412186163569
1366 -2.577495607902929
1367 -5.754453191932428
1368 -2.541429001595599
1369 -6.365871973564682
1370 -5.951374600736111
1371 -6.6382863173487525
1372 -5.040832169260438
1373 -6.255639298759938
1374 -2.7798364037110517
1375 -2.9041298653412415
1376 -5.602848432002425
1377 -5.827772935720182
1378 -4.719393307488569
1379 -3.931000188352817
1380 -1.9959456143485286
1381 -1.9034110941635414
1382 -3.7949477000339216
1383 1.1387476062910065
1384 -0.9460008667920774
1385 -2.1774521989112197
1386 -0.7296826650276789
1387 -1.450135014146196
1388 -4.3038849538934185
1389 -5.645285114550041
1390 -5.975229055504317
1391 2.061634206058753
1392 15.485948699036022
1393 -2.9215885045180086
1394 3.2867941280271307
1395 -3.983711213009294
1396 7.270104940128451
1397 4.655367366220631
1398 0.7179269829359107
1399 -2.5785846481220984
1400 18.268665416009714
1401 -4.509068339377109
1402 -2.8333506927340335
1403 1.2714988552787858
1404 5.250833862403352
1405 -3.3212046227481915
1406 -1.4032133592046814
1407 -3.9202195738840064
1408 0.22006779700762813
1409 -6.363861831479556
1410 -4.675907007079973
1411 -4.762268684335893
1412 11.33338997694402
1413 -1.0668693359455403
1414 -2.320158730695512
1415 -1.5160083988089035
1416 4.3856097965619245
1417 2.0055022077772167
1418 3.4929438457726047
1419 -1.1327707219745142
1420 -5.305917988880946
1421 3.996002992580749
1422 -3.392036170688874
1423 -3.708867432345798
1424 5.105216766541702
1425 4.715088137013998
1426 -0.9660560841624282
1427 -4.237369001554172
1428 -0.1743461559577133
1429 4.2829957256668365
1430 -2.335477251821014
1431 -2.339782708151745
1432 2.847368261758362
1433 0.7055328013367439
1434 -0.4943973496730716
1435 -2.6819003456946713
1436 6.286076054650289
1437 2.6699693172505494
1438 -3.2164313652185124
1439 -4.527099054213814
1440 8.583994468573103
1441 -3.054211301363106
1442 -3.644764257364921
1443 0.12244780543849076
1444 8.758073327143187
1445 -6.126720768296414
1446 -5.662558551555647
1447 -1.5727313583949045
1448 16.79893608477211
1449 -2.2870354639815953
1450 -2.4284581099789464
1451 1.4206021343406032
1452 1.4578231859319968
1453 -5.729590992415442
1454 -4.401456655458402
1455 -3.8063005534011056
1456 -2.9211222314264087
1457 -0.9811262306651592
1458 4.386055439824853
1459 3.5207173037966664
1460 5.729512189902185
1461 -6.38031081714984
1462 1.0544039556324472
1463 -6.603931497207808
1464 3.0976455862614642
1465 4.021110405729454
1466 -1.521530799956881
1467 -4.894763972700832
1468 15.560393601890958
1469 5.234777360625403
1470 3.998302224492908
1471 0.4715708345982279
1472 2.103384233188266
1473 0.7140641258139342
1474 6.522876896603837
1475 5.027192339625234
1476 -1.5021237465320914
1477 5.60392183250778
1478 -1.8398997117689009
1479 -2.9042763329630747
1480 3.4373743864988655
1481 -2.0269036677543273
1482 4.415562188517764
1483 -5.11087332574931
1484 15.93337525529229
1485 5.143259227005705
1486 1.5976477022109132
1487 -2.506408587548216
1488 -4.354097819626335
1489 -0.05430593779329351
1490 -3.5361873574105993
1491 2.1470627797793496
1492 -4.741515623771743
1493 -3.9767518227592067
1494 -6.339555392854475
1495 -0.8056155366681503
1496 1.0942745282588695
1497 -3.912276887147339
1498 0.9027824412548306
1499 -1.5291175018101735
1500 9.981560934781937
1501 -2.771111507642722
1502 -5.332391035735998
1503 -5.645285114550041
1504 -5.975229055504317
1505 -2.6636545660694093
1506 -4.7679757640142
1507 -5.580756249024693
1508 -6.363861831479556
1509 -4.331879590125743
1510 -4.445609126526514
1511 -4.644788431256543
1512 -4.477100132101171
1513 -5.014717371138633
1514 -4.741515623771743
1515 -6.365412186163569
1516 -3.054211301363106
1517 -6.126720768296414
1518 -2.9211222314264087
1519 -6.365871973564682
1520 -5.951374600736111
1521 -6.6382863173487525
1522 -5.040832169260438
1523 -6.255639298759938
1524 -3.5361873574105993
1525 -2.9042763329630747
1526 -5.602848432002425
1527 -5.827772935720182
1528 -4.719393307488569
1529 -3.9767518227592067
1530 -3.912276887147339
1531 -1.6518406792823936
1532 4.433118085490382
1533 -3.1655710618297714
1534 17.601690281675296
1535 -5.5423740794389555
1536 -5.338288266382854
1537 -4.350554361027195
1538 -3.3623322877556987
1539 -4.346464640193274
1540 -5.450101322551797
1541 2.4411724631896226
1542 4.439320781656835
1543 -4.83646712667996
1544 -1.3523766288874317
1545 -6.537287821131454
1546 -5.369348608323666
1547 -5.36592678270792
1548 -3.074605872505634
1549 -6.133354678057926
1550 -5.580777569818032
1551 4.554477425857572
1552 -1.8307600554856154
1553 -4.984393352768164
1554 12.75831269055412
1555 6.722029730155889
1556 2.233569112725177
1557 -2.0071372124961444
1558 -3.4047524362197654
1559 -4.795365416325309
1560 -3.764071688176732
1561 -3.0589469759263572
1562 -2.799802688141387
1563 0.5849555935888979
1564 8.65100330877722
1565 -3.8897684136020576
1566 4.423621092569922
1567 -2.9853832389838137
1568 -2.216662631556051
1569 -2.454961568931584
1570 9.06968843040334
1571 5.961946013480013
1572 -1.289559220082277
1573 -5.389437671783078
1574 5.243579338827775
1575 -4.8170686519549
1576 4.788144275177573
1577 -5.370487177613715
1578 -1.4114966698090905
1579 -1.8332663140059047
1580 -0.8240548901012537
1581 -1.1071427864823917
1582 -4.453580379144929
1583 3.148094158296293
1584 2.6100445885521797
1585 -1.8933899452953855
1586 5.3892465036902255
1587 -3.420869703758737
1588 -6.50385890044858
1589 -0.9106896169437277
1590 18.84338818930167
1591 0.8959463789782413
1592 -2.3537991515722902
1593 -3.074605872505634
1594 -0.011338839723353367
1595 -3.74674169024377
1596 -2.840816199180925
1597 -3.4591204714384367
1598 0.7446743989679216
1599 -3.031308832471307
1600 1.0466405740713274
1601 -2.07266158190076
1602 3.8819494276291824
1603 -6.233736043320032
1604 -5.637926323439293
1605 -2.824159572506802
1606 13.583173405604157
1607 -2.8273438276002647
1608 3.95843018251498
1609 -3.618523170031062
1610 2.5061527613007613
1611 -6.637119559892805
1612 0.20214416508554522
1613 -6.773325889149829
1614 16.093455541891405
1615 -0.8497510524241889
1616 4.418169122891406
1617 -4.4847654591468675
1618 -1.5298057170194155
1619 -5.766463560867115
1620 -2.3740811622613647
1621 -2.667906365003592
1622 -4.818842380262607
1623 -4.119002206352864
1624 -1.6843439469354398
1625 0.41580067567770684
1626 -2.0119107440087314
1627 -6.66565482041215
1628 -4.119225004752239
1629 -6.71312980523944
1630 16.990702655815475
1631 -1.6350220739710375
1632 5.494397865353172
1633 -3.1981690239363436
1634 1.370991318957655
1635 -2.7072319240282763
1636 0.4158093282742137
1637 -6.378448001996576
1638 -1.5913531793584865
1639 7.49934011553607
1640 -2.055635487658816
1641 -4.148759149434481
1642 -0.6711487048401139
1643 10.001349647474271
1644 -2.624311757174775
1645 -4.679522545076848
1646 6.065453688928721
1647 1.745420682083512
1648 0.22566572875026358
1649 3.0844026504568847
1650 1.9482336242075702
1651 -3.1655710618297714
1652 -5.5423740794389555
1653 -5.645285114550041
1654 -6.537287821131454
1655 -6.133354678057926
1656 -4.984393352768164
1657 -5.580756249024693
1658 -6.363861831479556
1659 -4.331879590125743
1660 -4.445609126526514
1661 -5.389437671783078
1662 -5.370487177613715
1663 -5.014717371138633
1664 -4.741515623771743
1665 -6.365412186163569
1666 -4.119225004752239
1667 -6.126720768296414
1668 -3.031308832471307
1669 -6.365871973564682
1670 -5.951374600736111
1671 -6.773325889149829
1672 -5.040832169260438
1673 -6.255639298759938
1674 -4.119002206352864
1675 -6.71312980523944
1676 -5.602848432002425
1677 -6.378448001996576
1678 -4.719393307488569
1679 -4.679522545076848
1680 -3.912276887147339
1681 0.5621665544258236
1682 -4.865414852583497
1683 -3.2074456494299666
1684 -3.574281515312901
1685 5.503936790878326
1686 -6.843637646801408
1687 -6.301981455987906
1688 13.529110184608736
1689 -3.83696207923231
1690 -4.171602685467675
1691 -5.1000927438816115
1692 3.333610830967177
1693 -5.3820342132835854
1694 6.812375710126383
1695 -5.789987544665593
1696 12.322480358583867
1697 -6.367232479313392
1698 -5.4862945021412655
1699 -6.501013905119298
1700 1.274073171210972
1701 -3.503709550119467
1702 -3.1420780569974323
1703 -4.037445500937861
1704 6.262357798371941
1705 -5.48383320460951
1706 -3.9451944781737103
1707 -1.8167514520519752
1708 -2.4737808886738764
1709 -5.522676667682957
1710 -6.456645175199427
1711 -6.527086784720144
1712 16.838903285883077
1713 0.3337398646565546
1714 10.933961909880392
1715 -3.341241023087397
1716 13.35249793805502
1717 0.2513134855165172
1718 -4.12969018660226
1719 -1.9484838504607724
1720 4.424278096991305
1721 -6.00458930635865
1722 -2.919476383452555
1723 -5.778990906308994
1724 17.344424634108243
1725 4.570847066152787
1726 -1.7138607012589164
1727 -1.0438586783729957
1728 -4.960654112993504
1729 -2.987138296958451
1730 -0.4699205788706019
1731 -4.1211487568590845
1732 -4.456933096069746
1733 -0.05029352105855828
1734 -1.7238924197754713
1735 -5.1548875295091126
1736 -5.901884334714259
1737 1.5808819668778322
1738 -5.571978009616608
1739 -3.7645510411896366
1740 0.5684677756327039
1741 6.393121248223121
1742 -2.549131316093495
1743 -2.801217482290027
1744 -2.248791783114329
1745 -4.921490651127223
1746 -2.3306602617255807
1747 -2.280532242745283
1748 -6.061415256044507
1749 -1.3888116610289942
1750 7.980503939950611
1751 -4.966048271903598
1752 16.259187040348234
1753 3.524243389430438
1754 -6.01916517688103
1755 -5.991125555243002
1756 -3.9481322800784913
1757 -5.109780552404027
1758 -5.293936689663367
1759 -5.726317516527409
1760 -2.74516387261429
1761 0.40859998128596986
1762 -6.028240731412662
1763 -3.3818590714253753
1764 -2.733453298512149
1765 2.99570819948004
1766 -6.036116005405481
1767 -1.1880049034615405
1768 -1.9116584395351346
1769 -4.853301734181384
1770 3.90980632226608
1771 -5.983693708441206
1772 -1.9124368030905767
1773 4.600609851269463
1774 -2.135867419940057
1775 -4.630526344622138
1776 1.2489117055987835
1777 -6.462816393449164
1778 -2.4663952079044384
1779 -2.0268298031127827
1780 -2.4291212185556814
1781 -3.017279248042755
1782 3.5942259000128307
1783 -5.597075902999267
1784 7.421351840322789
1785 -4.2376831530636565
1786 1.1876728839878017
1787 -5.983107722549132
1788 -6.585796141555122
1789 1.6689770020265275
1790 4.16234974278227
1791 -6.06228133808594
1792 8.130151504564283
1793 4.8021657472749535
1794 0.21784599907346514
1795 -5.589174012826097
1796 9.529700287096757
1797 -4.757227559746974
1798 -1.9018669129827355
1799 -2.5047955816154452
1800 -6.978377088478708
1801 -3.2074456494299666
1802 -6.301981455987906
1803 -6.585796141555122
1804 -6.537287821131454
1805 -6.501013905119298
1806 -4.984393352768164
1807 -5.580756249024693
1808 -6.527086784720144
1809 -4.331879590125743
1810 -4.456933096069746
1811 -6.00458930635865
1812 -5.370487177613715
1813 -6.028240731412662
1814 -5.1548875295091126
1815 -6.365412186163569
1816 -6.01916517688103
1817 -6.126720768296414
1818 -4.966048271903598
1819 -6.456645175199427
1820 -5.951374600736111
1821 -6.773325889149829
1822 -5.040832169260438
1823 -6.255639298759938
1824 -4.630526344622138
1825 -6.71312980523944
1826 -5.602848432002425
1827 -6.378448001996576
1828 -6.06228133808594
1829 -6.978377088478708
1830 -6.843637646801408
1831 1.5797099285765355
1832 3.2293147265211344
1833 -3.1871894447666635
1834 0.4861953601399316
1835 -6.532458475746085
1836 2.1290108989092444
1837 -2.858837575579868
1838 8.586987343654542
1839 -6.5829714066547185
1840 0.8767613826195213
1841 -6.5606743610272655
1842 -5.386681719088634
1843 -2.255689435621825
1844 -3.658128902838726
1845 -5.953024600872395
1846 -3.6311368700459896
1847 4.603453592404765
1848 -6.399809978036634
1849 -3.1994826502792155
1850 -2.686611545297054
1851 -4.888963188697684
1852 -6.8464616287352955
1853 -4.604304132218987
1854 7.066872362812354
1855 -6.053159425123431
1856 -5.836894973522451
1857 -6.40666003979667
1858 12.491343688194023
1859 -3.377111648868768
1860 5.736281950777127
1861 -6.7149492435337095
1862 -3.101048882383978
1863 -1.9711136592713456
1864 -6.137156074847497
1865 -4.192129202184871
1866 11.751297737902776
1867 7.246064198694511
1868 0.9422317239030986
1869 -4.21553552654976
1870 -3.9732742401478713
1871 -2.405109545654561
1872 4.263991000576684
1873 0.494603499476014
1874 0.19616227896898808
1875 6.1367818874964115
1876 1.2580606704835948
1877 -5.022441066835761
1878 -4.791821187550733
1879 -6.260804668704531
1880 -2.6782261084584373
1881 -4.039838257856855
1882 -2.9935568006617643
1883 2.4011277901645762
1884 3.9427057742147147
1885 -4.783725974277461
1886 16.442362126897237
1887 -1.5130776692420116
1888 -6.48497032200865
1889 -6.371820582281417
1890 2.146857337466842
1891 -6.505922650613471
1892 -5.547510119195151
1893 -4.811000402261563
1894 3.7450501191538033
1895 -6.0898783235709315
1896 -5.009560762695394
1897 -6.141049149699986
1898 -0.5471974754728883
1899 2.420731266192104
1900 -5.644332758658734
1901 3.9122366000169047
1902 -3.2076109617954733
1903 -6.716400831560552
1904 5.67160160065972
1905 -4.713319248628169
1906 -3.0657163677187893
1907 -5.933570489789502
1908 -5.89535232593413
1909 0.514914348701331
1910 -3.662927889346389
1911 -5.669488416719639
1912 -5.3742596755134855
1913 -4.289457269993612
1914 6.954766112127113
1915 5.029184963072272
1916 -5.8553129551653065
1917 -6.363003774308064
1918 19.328670359412563
1919 -0.6190207004382249
1920 -2.982396618347681
1921 -2.890661676610927
1922 0.4346563490917541
1923 5.262247998862485
1924 -6.816904262544986
1925 -2.7091368707712453
1926 10.751075876081991
1927 -6.085391508191381
1928 1.5027649685009647
1929 -2.407230474231885
1930 15.61123257056538
1931 -5.833232796439643
1932 -6.5183527362568485
1933 -5.198757375742746
1934 -5.812566435122084
1935 -5.586724765805155
1936 -5.514471934778259
1937 -1.573089721906003
1938 3.5048378159956837
1939 7.231349972116995
1940 -0.3502120455699995
1941 3.3120742734141073
1942 -5.714352540400216
1943 -6.641759697073079
1944 7.111240211468524
1945 -6.9998931558365385
1946 -6.510830161772459
1947 -6.47495067197967
1948 -6.38074406486545
1949 -6.529940477652452
1950 -2.2148828783541212
1951 -3.2074456494299666
1952 -6.532458475746085
1953 -6.816904262544986
1954 -6.537287821131454
1955 -6.501013905119298
1956 -4.984393352768164
1957 -6.40666003979667
1958 -6.7149492435337095
1959 -6.510830161772459
1960 -4.456933096069746
1961 -6.00458930635865
1962 -5.547510119195151
1963 -6.260804668704531
1964 -5.1548875295091126
1965 -6.371820582281417
1966 -6.5183527362568485
1967 -6.141049149699986
1968 -5.8553129551653065
1969 -6.716400831560552
1970 -5.951374600736111
1971 -6.8464616287352955
1972 -6.399809978036634
1973 -6.255639298759938
1974 -4.630526344622138
1975 -6.71312980523944
1976 -5.833232796439643
1977 -6.378448001996576
1978 -6.06228133808594
1979 -6.9998931558365385
1980 -6.843637646801408
1981 -0.358872401471627
1982 -1.1156236404795343
1983 0.36253968665213776
1984 9.32562309313592
1985 -6.668838225149
1986 -4.827381153560034
1987 -6.574468173993434
1988 4.630168392885687
1989 -3.1968432507326563
1990 -6.774331944287631
1991 -6.452533090426034
1992 3.9684597086512508
1993 -2.080801074933327
1994 6.9876870395249355
1995 -2.36290958068095
1996 14.719542990954936
1997 -5.68350344461586
1998 -0.08009886539458222
1999 -4.9132281033122
2000 -4.464025433773543
2001 -0.7969029402153307
2002 -1.7753430566520976
2003 -4.779163764741894
2004 -0.22197414001948879
2005 0.933313002784494
2006 -1.1531308038166457
2007 -6.398404824436634
2008 -2.8018616737583346
2009 6.034570688827471
2010 -2.625254446326726
2011 -6.85554249270367
2012 -6.585322777724029
2013 -4.50676315632283
2014 -0.5952851290282375
2015 -6.125065841358977
2016 20.163623571524624
2017 0.9039505754741164
2018 -4.698541200151275
2019 3.770547905337823
2020 -1.4451078375536475
2021 -5.814959455887589
2022 -6.3427693592700525
2023 -4.968200312426032
2024 -5.94892202939075
2025 1.0999487802970584
2026 -6.933320978499292
2027 -1.6670997822026694
2028 10.299829457742282
2029 -2.0497569514893557
2030 4.049729838607493
2031 -6.547882426615626
2032 11.975086481007727
2033 2.0263055500003926
2034 5.69442846471707
2035 -5.401546942486472
2036 -0.3163400053612584
2037 -6.536738461925165
2038 -4.632626467566636
2039 -6.580899399699232
2040 -4.762238221933823
2041 -6.694248690556451
2042 -3.6317598777860565
2043 -3.5539322483223836
2044 8.715988636350481
2045 -3.8959544617583903
2046 -6.01561002731737
2047 1.0905742777349257
2048 10.556549629293464
2049 -1.9106265943260858
2050 -3.401099959762709
2051 -1.412758824456846
2052 9.809853915634307
2053 -6.684681929489887
2054 -5.908868855313687
2055 -6.637674775770509
2056 0.39559977982438976
2057 -1.8261307909301214
2058 -0.8815673351600304
2059 -6.012025128227363
2060 20.299960058952994
2061 -2.653276462621994
2062 6.934974752009568
2063 -6.85575610317113
2064 5.425641722986182
2065 -2.772329521729442
2066 1.170778822108279
2067 -6.6006767519561755
2068 16.344370026161776
2069 -5.215061418933685
2070 -5.484709455126126
2071 -5.863629347206128
2072 14.383776990616404
2073 -1.3272880266219351
2074 -3.387019847416637
2075 -3.511797445662877
2076 0.28854805585863375
2077 -7.006447372859255
2078 6.195610110964848
2079 -7.052506498084106
2080 4.6409536014217165
2081 2.2125641760173886
2082 5.761776403093657
2083 -1.804844867883775
2084 9.258258434932559
2085 -6.2538565859914
2086 -5.714129422216934
2087 -2.5597139269245544
2088 0.6170654063168257
2089 2.808664962231017
2090 5.070521100877582
2091 -6.06228133808594
2092 14.505211603916404
2093 -5.388622307723323
2094 -5.936326424933973
2095 -2.0133667559411492
2096 5.754808674290594
2097 -6.350026310913833
2098 -7.045653076284407
2099 -6.457353502229183
2100 -2.626556792606583
2101 -3.2074456494299666
2102 -6.668838225149
2103 -6.816904262544986
2104 -6.585322777724029
2105 -6.501013905119298
2106 -4.984393352768164
2107 -6.40666003979667
2108 -6.85554249270367
2109 -6.510830161772459
2110 -4.456933096069746
2111 -6.00458930635865
2112 -5.547510119195151
2113 -6.547882426615626
2114 -5.94892202939075
2115 -6.580899399699232
2116 -6.694248690556451
2117 -6.141049149699986
2118 -5.908868855313687
2119 -6.716400831560552
2120 -6.012025128227363
2121 -6.85575610317113
2122 -6.933320978499292
2123 -6.255639298759938
2124 -4.630526344622138
2125 -7.052506498084106
2126 -5.833232796439643
2127 -6.378448001996576
2128 -6.06228133808594
2129 -6.9998931558365385
2130 -6.843637646801408
2131 0.48235418472258074
2132 -5.531908234422792
2133 -3.2138472573141312
2134 11.177514226210578
2135 2.9151418568810032
2136 -5.027924784500475
2137 -6.616670478648756
2138 8.726008360404848
2139 -6.932375458550112
2140 0.8215211084614569
2141 -3.08420449686942
2142 12.277697548304808
2143 -5.178193437835614
2144 -2.798398770593285
2145 -6.540933749140137
2146 4.687456647358593
2147 6.107642901818021
2148 -6.748503320765835
2149 -6.501013905119298
2150 5.251290628193805
2151 -4.778082671984025
2152 -6.180483371780592
2153 -4.984393352768164
2154 -3.4483617471651122
2155 -1.20981783286583
2156 -2.333334524745598
2157 -6.428710970198548
2158 -6.642842427451743
2159 -2.493808286629804
2160 -5.264946102027205
2161 0.7562038788858085
2162 9.51957318236277
2163 -6.916526151346039
2164 5.893953605010688
2165 -6.916526151346039
2166 -3.445659020647652
2167 -3.897612607444131
2168 0.22576986186374626
2169 0.16374051504140708
2170 19.53000018866714
2171 1.611210092142815
2172 -3.6325188386696934
2173 1.3880384672593729
2174 9.76806312350988
2175 -2.060132914246445
2176 1.8550975291397822
2177 -5.459730209559187
2178 1.9357951543302994
2179 -5.296086096144439
2180 -2.5919307364452435
2181 -6.538255125533347
2182 17.67785088123698
2183 8.468803891538453
2184 2.844041544761867
2185 -5.607073165299041
2186 13.230772853943604
2187 -2.99204733895297
2188 -5.069389000118419
2189 0.8008160004382765
2190 8.947391409259623
2191 -6.493357907016746
2192 -5.9693036503058075
2193 -6.706474990023822
2194 1.313357321401953
2195 4.5177736639209405
2196 -3.540140086853789
2197 -1.7396698130802424
2198 -1.3449245896529827
2199 1.1645991322074742
2200 -6.935648407549452
2201 1.566239139900488
2202 13.7142022694097
2203 -4.61538830349866
2204 -6.5160973699295965
2205 -5.7701679816762255
2206 2.960864562758644
2207 -6.019262863988304
2208 -6.188609242179119
2209 -5.248925017750628
2210 -6.062284462422587
2211 -6.824442133357693
2212 2.6706568782737863
2213 -6.007199760328286
2214 -0.3134986767646115
2215 -6.948143811285805
2216 -7.002797159562039
2217 -6.841436491425007
2218 -1.9008795733308275
2219 5.28715014173726
2220 -6.380081785964125
2221 2.0924329457991258
2222 19.10634632642565
2223 -4.437351295206746
2224 -5.746156525141577
2225 -4.775057929348357
2226 16.87746110622434
2227 -3.895633018436306
2228 3.687143788219307
2229 2.598057239402042
2230 -4.7755365646519365
2231 -4.016365541197251
2232 -6.579309604317674
2233 -6.627244836646089
2234 -2.568886717126137
2235 -3.930984340860106
2236 -4.235814430740123
2237 -0.6105773677222546
2238 11.982616290308897
2239 -5.347204700848835
2240 -6.414450605684516
2241 -6.106797156835131
2242 -1.092034949161989
2243 5.4117907460470445
2244 2.466194662316927
2245 -5.851974095993728
2246 5.7733907785398095
2247 -3.5611494962993286
2248 -5.241376721650572
2249 -6.926144081957153
2250 -0.019139369248076576
2251 -3.2138472573141312
2252 -6.668838225149
2253 -6.932375458550112
2254 -6.585322777724029
2255 -6.501013905119298
2256 -4.984393352768164
2257 -6.5160973699295965
2258 -6.85554249270367
2259 -6.916526151346039
2260 -4.456933096069746
2261 -6.00458930635865
2262 -5.547510119195151
2263 -6.547882426615626
2264 -5.94892202939075
2265 -6.580899399699232
2266 -6.706474990023822
2267 -6.141049149699986
2268 -5.908868855313687
2269 -6.716400831560552
2270 -6.019262863988304
2271 -6.85575610317113
2272 -6.948143811285805
2273 -6.748503320765835
2274 -4.775057929348357
2275 -7.052506498084106
2276 -6.627244836646089
2277 -6.378448001996576
2278 -6.106797156835131
2279 -6.9998931558365385
2280 -6.935648407549452
2281 1.5088432627870556
2282 1.5633010069146522
2283 -2.987774043548784
2284 -1.9703215381407913
2285 -6.929020128786435
2286 -1.0548898518670407
2287 -6.917654166703061
2288 -5.495426866931229
2289 -6.978132983722307
2290 0.5239023741018525
2291 -2.792313813269588
2292 13.692713794344597
2293 -6.542259097176149
2294 -6.07984415390036
2295 -6.334669902816013
2296 -3.541353230692839
2297 -0.38854655363506646
2298 -4.669350112674791
2299 -6.191050858443744
2300 7.497028500492775
2301 6.093621750416886
2302 0.11540428205517506
2303 -4.2682929192380525
2304 -4.2397972360197915
2305 2.768103300115147
2306 4.7184707931487715
2307 -6.540824853322381
2308 16.415980113379508
2309 -4.1319223956017215
2310 -3.692810322059795
2311 -2.1055686366475372
2312 10.198676241243923
2313 -6.355604330905554
2314 -5.2273394727098434
2315 -4.116173740090255
2316 -2.662120304153225
2317 4.537855349867815
2318 0.26109827146401665
2319 -4.456933096069746
2320 14.788762307878802
2321 -5.71197087440789
2322 -6.16484502842878
2323 -5.723499934162182
2324 -2.550704660248957
2325 3.150708726883261
2326 5.274376639140339
2327 -5.531103612577294
2328 -5.433323606324166
2329 -7.029942537576371
2330 5.710030476837865
2331 -3.3615059346338816
2332 -1.8797837887101725
2333 2.564628202131125
2334 0.0687405691634062
2335 -1.7683720039803819
2336 17.150714678652832
2337 -2.253076854408911
2338 -4.142070899861631
2339 -3.4143505456156706
2340 7.085955707200123
2341 -3.5603631273198233
2342 2.4960813867677483
2343 -6.265539102107119
2344 4.346481773118762
2345 -4.061139767047167
2346 -3.95625214735783
2347 1.0616781564634947
2348 15.877784621856705
2349 -6.384053076959077
2350 4.573904501687056
2351 -5.960051809562012
2352 11.406850190640546
2353 -3.9761045350024036
2354 -4.644961125921095
2355 -4.410873834603519
2356 12.410647459676047
2357 -3.5982265114534426
2358 -4.016025257740524
2359 -1.9057204104971084
2360 9.905383680239911
2361 -6.860516680864272
2362 -7.1139222588196205
2363 -6.745766338766572
2364 11.450434992250848
2365 1.6597543865255386
2366 -6.912127834281371
2367 2.4012081686190836
2368 -0.1593222961390257
2369 -6.938203480581356
2370 -4.9959520744030055
2371 -7.105549485186824
2372 -4.781217434750394
2373 -2.217558567824213
2374 1.8918548383962503
2375 3.4981239291514243
2376 -2.979367098961442
2377 -5.455355555598166
2378 -6.772221916669984
2379 -6.993093492657111
2380 15.113223615453144
2381 -5.835694945964092
2382 -4.83888924376139
2383 -6.793152690460581
2384 2.590954737205209
2385 -6.334326745745521
2386 -6.139746288877554
2387 -6.51753880040318
2388 17.7833759560494
2389 -4.0271950232905995
2390 -5.570198552305184
2391 -6.086063409607606
2392 -5.910205780100311
2393 6.768871589010189
2394 2.4542103351702074
2395 -3.6854591467879616
2396 -2.919824013099237
2397 -5.949110110485902
2398 -5.599497715100798
2399 -6.7985067724885475
2400 -6.172013124120743
2401 -6.172013124120743
2402 -6.929020128786435
2403 -6.978132983722307
2404 -6.585322777724029
2405 -6.501013905119298
2406 -4.984393352768164
2407 -6.540824853322381
2408 -6.85554249270367
2409 -7.1139222588196205
2410 -4.456933096069746
2411 -6.00458930635865
2412 -5.547510119195151
2413 -7.029942537576371
2414 -5.94892202939075
2415 -6.580899399699232
2416 -6.706474990023822
2417 -6.141049149699986
2418 -6.384053076959077
2419 -6.716400831560552
2420 -6.019262863988304
2421 -6.860516680864272
2422 -6.948143811285805
2423 -7.105549485186824
2424 -5.2273394727098434
2425 -7.052506498084106
2426 -6.793152690460581
2427 -6.51753880040318
2428 -6.106797156835131
2429 -6.9998931558365385
2430 -6.935648407549452
evaluations raw_y
1 24.400861282320157
2 23.663560293206842
3 30.23304231197279
4 49.42417135471427
5 48.605780924165714
6 36.150194701161574
7 14.30149203359423
8 21.689240841266383
9 41.336287885718896
10 27.21879529991787
11 34.37819229315568
12 92.66553525830376
13 30.24411146545111
14 47.035460277728234
15 23.965721644180938
16 46.24168563957543
17 31.95991637065815
18 40.654448905276006
19 37.530943011268754
20 29.49743671789047
21 48.53205249917021
22 31.447117431599047
23 23.16920311947113
24 23.93468205775119
25 38.118905065501096
26 46.82282416478299
27 32.28933982300952
28 62.212143337623026
29 43.3961714084531
30 43.806634812556965
31 21.427742000742185
32 22.97503577809075
33 21.299140048313
34 36.12641740838717
35 4.988554003997871
36 21.32993296474804
37 3.498129655320737
38 3.6533379158824824
39 12.945708928072504
40 28.9490966393915
41 67.77040322147991
42 7.95988880327599
43 23.450452543951712
44 32.58102091812574
45 23.08772844412926
46 41.889838266120265
47 30.830092628601662
48 0.2591596212545917
49 36.191895358213934
50 43.743414954981276
51 23.003258664550398
52 27.731835638495216
53 22.765167928899935
54 34.34986995435445
55 13.159260778927912
56 25.507164955066802
57 12.512788981554445
58 28.69110990043793
59 17.189648035930695
60 28.135951506070782
61 22.428624230803536
62 19.511470221164284
63 19.008881561483737
64 26.287618028136635
65 32.178719655846464
66 11.501698402214357
67 26.22783429109203
68 27.74136539030736
69 21.11710338345092
70 27.131671465672135
71 12.565350455491417
72 8.66151013697532
73 21.644202764672357
74 28.135083821128543
75 25.558858703767456
76 38.18584773509984
77 21.628212688683686
78 24.284946736934373
79 15.974160580019987
80 19.222506961822045
81 14.276055620290613
82 12.149842206909792
83 13.128450859649362
84 47.195815328803945
85 36.56112483060133
86 24.878729737000658
87 20.93043413629569
88 13.759477012430995
89 10.595858934911318
90 7.1646917851002785
91 -1.9500750020730961
92 24.346475976064184
93 9.939631892769421
94 4.601222133054002
95 22.3134025710398
96 -1.8693021982001055
97 24.77187908192296
98 32.73509159851764
99 8.336904157639749
100 21.69542447743226
101 5.918396415579174
102 23.556735763631302
103 40.57955258789702
104 7.39898732196294
105 54.30245214074712
106 37.31162112624625
107 14.349435031402635
108 16.621413993590394
109 26.198827859526716
110 12.953947577541438
111 42.99750950319234
112 3.7878233876051177
113 40.154282119669745
114 30.070386579681664
115 11.4882723796472
116 11.954285208151118
117 9.018048903224875
118 26.83883355321843
119 0.9232455776975912
120 28.903447391740958
121 7.119039957077561
122 -1.4520505278114801
123 12.903880485507077
124 26.11401222683898
125 5.5262069182519795
126 11.857657050019323
127 8.915755046198948
128 31.245893719357753
129 13.947895724420402
130 4.574402049223361
131 20.322573500561653
132 16.572591286807874
133 3.554940887135917
134 -2.075312256020801
135 23.209259718600503
136 2.135163411187134
137 17.63852080081302
138 5.273152003985156
139 11.254756562384372
140 11.955485319841669
141 48.944778997411625
142 14.752966999381654
143 7.419679928030352
144 15.947375553399876
145 2.9433917346194547
146 23.324002747287714
147 7.42548799657071
148 11.822873702816821
149 6.305559824889771
150 5.733105298121217
151 5.733105298121217
152 3.498129655320737
153 11.955485319841669
154 19.222506961822045
155 11.857657050019323
156 11.822873702816821
157 12.512788981554445
158 17.189648035930695
159 -1.8693021982001055
160 21.11710338345092
161 12.149842206909792
162 21.628212688683686
163 -2.075312256020801
164 13.128450859649362
165 10.595858934911318
166 -1.9500750020730961
167 21.32993296474804
168 4.574402049223361
169 12.953947577541438
170 11.954285208151118
171 -1.4520505278114801
172 9.018048903224875
173 0.9232455776975912
174 5.5262069182519795
175 8.915755046198948
176 3.554940887135917
177 17.63852080081302
178 11.254756562384372
179 0.2591596212545917
180 2.135163411187134
181 3.4389259131281698
182 5.364332017873513
183 5.233345206547595
184 21.900631634261465
185 5.598630068672704
186 2.617427993248848
187 9.72702635164084
188 1.4886176695320927
189 13.066203153739576
190 11.012518498283166
191 5.4057632530218696
192 13.87352551424828
193 6.403675853258099
194 7.026031588958394
195 10.195043403424878
196 10.081733572848629
197 3.827753367587092
198 9.346536483183469
199 5.399077321981507
200 27.766639772559788
201 9.506256370439297
202 3.777854303317249
203 9.35614436510967
204 23.242849886968997
205 6.115979006231264
206 7.601806597447553
207 0.771826048617644
208 8.485940283215855
209 7.097136133961688
210 4.049499216347758
211 10.375451095314656
212 10.319789342947889
213 -0.9408009864231799
214 5.884247851740913
215 6.325161832516859
216 1.7238899787059032
217 5.040689844465012
218 1.187312795001651
219 13.920341568559738
220 25.9823283498567
221 6.241239106577378
222 9.531808589874945
223 4.536744707829136
224 12.609154363654103
225 8.769195741438923
226 6.812510877213664
227 3.7187851454723404
228 17.74367567142597
229 2.372139842527072
230 4.165261537936886
231 7.218395644117967
232 4.457318040061048
233 4.103160650065799
234 1.5995903517595642
235 2.728061707018993
236 8.189608416621635
237 5.287552259201851
238 6.169034179664662
239 6.992390362774708
240 2.5752754424918307
241 -2.195984215654632
242 5.604507368347888
243 0.10171411468149438
244 -0.36606916840880666
245 1.495505654375692
246 7.797661740454168
247 0.14913361402050085
248 5.85638779600969
249 8.275426894227852
250 2.6200820625096464
251 17.909672160553708
252 28.380012777059463
253 0.9450362171151236
254 -0.38153850113811627
255 12.249311354448439
256 0.5585511779791039
257 8.634239061554705
258 1.5939114452074261
259 9.314318021719783
260 20.010101794567593
261 -3.0556194756972186
262 3.0189597366797125
263 -2.66224027279439
264 0.042019355060801455
265 4.617815784035694
266 3.0422177899122795
267 8.177450931345744
268 0.19924126917080542
269 2.7705390230843907
270 2.83780329603968
271 11.883991561854298
272 2.424242552272985
273 5.946790545704493
274 5.783929074168604
275 6.294908675033418
276 7.052410427395917
277 -1.2628674451214132
278 4.691295089158047
279 5.123664305024993
280 0.4706907071270727
281 4.4371520736041825
282 5.44490697977634
283 -1.6924647584094443
284 7.214192710889879
285 3.092101636323145
286 -0.22324115361529007
287 14.350291568162042
288 16.242258470937458
289 4.285459704087865
290 4.50316620656473
291 4.120858228212672
292 4.177830169755299
293 -0.520857501818909
294 8.10023109828554
295 6.640422861484808
296 -3.923120003378111
297 -1.3194190117961244
298 -1.4996505618206193
299 -1.352447819293074
300 10.538923325955606
301 3.4389259131281698
302 3.0422177899122795
303 5.4057632530218696
304 6.403675853258099
305 1.5939114452074261
306 -0.36606916840880666
307 0.771826048617644
308 7.097136133961688
309 -1.8693021982001055
310 5.040689844465012
311 4.049499216347758
312 2.424242552272985
313 -2.075312256020801
314 2.617427993248848
315 5.287552259201851
316 -2.195984215654632
317 -0.22324115361529007
318 4.574402049223361
319 0.9450362171151236
320 7.797661740454168
321 -3.923120003378111
322 0.4706907071270727
323 0.9232455776975912
324 5.5262069182519795
325 -1.4996505618206193
326 -1.6924647584094443
327 3.092101636323145
328 4.120858228212672
329 -0.520857501818909
330 -1.352447819293074
331 6.061660766826394
332 5.637595525808951
333 9.586232499306334
334 19.40942674289056
335 2.75870787367869
336 2.1733107859736047
337 7.130930286922805
338 6.086123294443055
339 1.6144820819754488
340 2.6991450358121916
341 9.503044011981345
342 14.985182516484281
343 5.252123853430517
344 4.353687785725116
345 2.8634132681705387
346 4.4495220900115555
347 0.9916763161624444
348 1.2493024740635583
349 2.7990264023150546
350 26.046043550809753
351 3.637314822443407
352 7.2931524855914365
353 5.790988802535025
354 25.22288104559906
355 1.0664149401381648
356 -1.6372517411353016
357 9.367731120078432
358 27.566838727488726
359 0.35449719233178767
360 0.020148384013964682
361 0.5289642504028205
362 2.784374166767111
363 4.856595279421324
364 2.951857374457086
365 7.365888277680488
366 11.716576324477105
367 0.6774088484324869
368 5.736661046352745
369 3.254076423920213
370 3.9770204993766445
371 4.322083189147341
372 2.1231281105971305
373 8.08190416084654
374 12.488536250090728
375 5.478728227644256
376 6.719452040308154
377 1.120216962963462
378 2.2263412116948618
379 0.0026301327112856487
380 4.2905140231993295
381 0.10162666377411345
382 3.239159108526316
383 2.1194889884701
384 -1.2813129626103446
385 0.956981728183496
386 15.992632279589532
387 4.944603093003845
388 -2.874002293402247
389 -0.2187909833004691
390 -0.09460763370940484
391 7.234981468385356
392 2.812964491883087
393 0.06886226952409213
394 17.126041582714233
395 5.90431606782196
396 5.650286515947999
397 8.802341367322601
398 14.556340304173252
399 4.747969755669403
400 3.8218936150185945
401 5.409861948964492
402 18.976117194116448
403 1.4718170294448014
404 1.4751605403327008
405 0.8827898611888034
406 16.39900271956425
407 5.118667976397092
408 5.540164926255282
409 11.818761947244043
410 5.762257028949793
411 1.3477846045827744
412 0.5314630111755525
413 -0.22491414677966126
414 8.900011735921941
415 -1.2869635035262004
416 -1.8897454103930287
417 -2.0355238977422796
418 14.257320239276442
419 -1.3430553692570197
420 1.1237995862276609
421 -0.9172330806241731
422 7.425222374714149
423 -2.086685207173821
424 2.6366451021108768
425 5.487559986865088
426 2.258309873757213
427 -1.6517695331352908
428 6.482266625043672
429 0.40489225498796877
430 5.4124459524003505
431 0.7962415049582784
432 0.686925288397989
433 -2.4190895046174705
434 0.2959421289781963
435 2.9590991795796304
436 3.3472114241458613
437 8.278467388073416
438 3.324280405563261
439 0.8309806764098995
440 3.108138011998201
441 0.03020315959953157
442 17.321433966076256
443 4.636718429896872
444 0.8299899599992292
445 -2.7004759824591105
446 1.1725919710723858
447 0.9188144475244755
448 -0.4416161390128963
449 1.5230411422885959
450 12.449142774903542
451 3.3472114241458613
452 -0.4416161390128963
453 1.6144820819754488
454 2.1733107859736047
455 0.9916763161624444
456 -0.36606916840880666
457 0.771826048617644
458 0.35449719233178767
459 -1.8693021982001055
460 0.6774088484324869
461 3.9770204993766445
462 1.120216962963462
463 -2.075312256020801
464 0.956981728183496
465 -0.2187909833004691
466 -2.195984215654632
467 -0.22324115361529007
468 4.4495220900115555
469 0.8827898611888034
470 5.118667976397092
471 -3.923120003378111
472 -2.0355238977422796
473 -1.3430553692570197
474 -2.086685207173821
475 -1.8897454103930287
476 -2.4190895046174705
477 2.9590991795796304
478 0.03020315959953157
479 -2.874002293402247
480 -1.352447819293074
481 5.869698543513454
482 5.824727782428865
483 3.7456546435779856
484 4.610549447836608
485 -2.414166386288916
486 -0.6274804400012921
487 -1.5182502786347611
488 7.322662163997331
489 2.2974182263094245
490 3.235024850347786
491 5.24249815066371
492 23.356220042419498
493 3.4109794036071106
494 3.9805948133860434
495 5.20255278596559
496 4.584891061115406
497 0.9841718883849846
498 0.849556920593088
499 3.738673393325879
500 5.143814072972314
501 7.753636100310991
502 2.6781324410609235
503 0.5285103059280087
504 20.378247257588818
505 0.9031902857715861
506 2.8680556823548193
507 2.608663652462648
508 22.79800985799616
509 7.289552933095435
510 -3.8979887803577724
511 4.768908548127015
512 16.29817705099627
513 4.943282849817089
514 4.529224363309674
515 3.919590102279021
516 22.703207830028507
517 3.7017472570812835
518 5.8815111053922395
519 3.264974127389541
520 10.949782548636621
521 6.57142341797381
522 0.9086331026964168
523 1.4315976966583146
524 11.839167694438062
525 1.1455522160681433
526 1.823206178711951
527 -1.5843295420507093
528 13.139401423461106
529 -3.4573801319956488
530 0.9678652863604834
531 2.7557681034683723
532 9.073526717215055
533 1.373562720638213
534 -2.392042829239866
535 1.6903613964241908
536 9.47861910755168
537 0.5834865454409446
538 -0.3534893500288885
539 0.35611603519087986
540 18.786978646879255
541 2.0198253224460365
542 6.340083872901969
543 -2.2453561419817323
544 5.553310128562508
545 -4.440754435507845
546 3.896201704110339
547 -2.2455820315939974
548 -1.462066657213295
549 3.8703901588216105
550 1.5447319940758928
551 5.094284599254746
552 7.243338708332325
553 4.424366477041594
554 1.2575043836916575
555 0.6868226216012252
556 -1.9150543706053549
557 -0.8385317085682544
558 0.29798683000757253
559 -0.6107361078430136
560 -0.4021315413562412
561 0.9334503177921403
562 1.8026486773343078
563 0.5728503814243338
564 -0.5809915926913325
565 2.092172348069295
566 2.7153912742551047
567 6.2705708067789026
568 -2.2911993901586234
569 -4.030810331809117
570 0.781959286195931
571 -3.7399148449739905
572 0.8471964248194439
573 -2.424430486317622
574 -1.5388868539853504
575 6.022008514895274
576 3.534747010814616
577 -2.6130285837062237
578 -2.5753432048005225
579 -2.052471449271412
580 -5.270954350096059
581 5.216298994434703
582 -1.4280366471005355
583 -2.133807423808003
584 7.658543360243798
585 0.4186347185550572
586 -1.1185427898394362
587 0.23933340665559122
588 4.055930512719686
589 3.381686499774834
590 -3.235369795039093
591 6.725826345624654
592 13.974452764792282
593 -1.6947862622131866
594 0.5143270073820434
595 -3.8979887803577724
596 -0.5460065126781086
597 5.7808916081455415
598 -1.8311503489786358
599 5.83740372836285
600 2.857999374661622
601 3.3472114241458613
602 -2.414166386288916
603 1.6144820819754488
604 -2.2911993901586234
605 -1.1185427898394362
606 -0.36606916840880666
607 -5.270954350096059
608 0.29798683000757253
609 -1.8693021982001055
610 -0.3534893500288885
611 0.9678652863604834
612 -1.9150543706053549
613 -3.4573801319956488
614 0.956981728183496
615 -0.2187909833004691
616 -2.2453561419817323
617 -4.440754435507845
618 3.8703901588216105
619 0.6868226216012252
620 -0.8385317085682544
621 -3.923120003378111
622 -2.0355238977422796
623 -4.030810331809117
624 -2.424430486317622
625 -2.6130285837062237
626 -2.5753432048005225
627 0.23933340665559122
628 0.03020315959953157
629 -3.8979887803577724
630 -1.352447819293074
631 4.386602553231199
632 2.3486372251017853
633 5.490343332244648
634 10.055525174523666
635 1.8582976854095707
636 5.1202973716364255
637 2.3991283475141456
638 -2.220380963297211
639 -0.5394611660588546
640 -3.148116880720057
641 -1.0038287625717257
642 23.727303117123082
643 0.8879187791426473
644 5.062923745426001
645 3.4621404860832934
646 23.58104994770952
647 0.29199227192706406
648 -2.0527544292032545
649 -1.5639868170779354
650 -2.6657406769298064
651 -0.203166844806982
652 -1.7236546937706962
653 0.08590275142553105
654 19.410128904983175
655 -4.8345690153563305
656 -0.7768794312775421
657 -4.309470346691875
658 -2.800266691651911
659 7.226931265808569
660 2.031933620281536
661 0.9596746042346573
662 16.5470493844188
663 1.3720632550713292
664 -0.5343876305257247
665 2.3022515675750066
666 0.3575637370634759
667 3.484094446807302
668 -2.2453414253734403
669 -0.5657042239788743
670 -0.21823603606981246
671 4.48960115771126
672 2.290491438084862
673 3.3457193154459697
674 11.894069928076902
675 -0.7349259469259741
676 0.2097787496590403
677 2.205506043680958
678 -3.0802945916370232
679 -1.0808785076855034
680 1.8413093088222785
681 5.255201448315113
682 1.6561779939157786
683 2.065723531523522
684 -4.37972775543413
685 0.8348411680521483
686 8.927974814781685
687 4.949484033200573
688 -4.294983131299917
689 -2.1705194582933816
690 0.2177548033664709
691 -3.794135877906341
692 2.722771391345502
693 4.831694025533747
694 3.160696648126878
695 -2.36644653201903
696 1.3633236227755945
697 -5.4486670403507595
698 16.670947418578415
699 9.395924264158687
700 2.2499152915288763
701 3.6270203301032162
702 10.292595449775849
703 -0.21148442546740442
704 -0.28646611142576683
705 0.046293598467094244
706 14.853424906509261
707 0.9689066895699272
708 1.208608404014663
709 -2.9501877639066363
710 -1.3382874382173449
711 0.9405042329850699
712 5.086456383119033
713 -2.052883406477501
714 -1.670497120497111
715 6.990387748607571
716 -1.5488060564390804
717 1.9748345467655453
718 -1.9721899052122
719 1.58020108262737
720 6.503477961672624
721 -4.030810331809117
722 -0.42528358085972284
723 2.4232498456089857
724 0.48510608084950424
725 -0.6368151651727039
726 11.132145587161215
727 -4.588314523281948
728 -0.5491549452644928
729 2.1344025786346768
730 -3.3909685226306174
731 1.827154441166022
732 -3.564843869543403
733 -2.5753432048005225
734 15.493410282825975
735 6.119447487947404
736 -0.32343961972796587
737 5.798872853363733
738 3.420760816388589
739 0.48302782129570776
740 3.425465473900333
741 0.8332891501620766
742 21.460126160071304
743 2.2099517629494976
744 4.8449558728982645
745 3.66896182064972
746 7.963006889447335
747 -3.2605198230545627
748 -0.5078336765265118
749 0.9906825212004553
750 11.084365656898946
751 2.031933620281536
752 -2.800266691651911
753 -1.5488060564390804
754 -2.2911993901586234
755 -1.5639868170779354
756 -0.36606916840880666
757 -5.270954350096059
758 -0.32343961972796587
759 -1.8693021982001055
760 -3.3909685226306174
761 -1.670497120497111
762 -1.9150543706053549
763 -3.4573801319956488
764 -0.21823603606981246
765 -2.1705194582933816
766 -3.794135877906341
767 -5.4486670403507595
768 3.6270203301032162
769 -0.5078336765265118
770 -2.9501877639066363
771 -3.923120003378111
772 -4.37972775543413
773 -4.030810331809117
774 -2.424430486317622
775 -4.588314523281948
776 -2.5753432048005225
777 0.23933340665559122
778 -2.220380963297211
779 -3.8979887803577724
780 -3.2605198230545627
781 4.028636894309201
782 -0.7924706833986792
783 0.9219640544961956
784 0.06885094855335483
785 0.9338085974989605
786 0.002668810187546722
787 5.448082314062626
788 10.845086189443172
789 4.963312122228749
790 -0.045296611298191625
791 -2.074882401069782
792 6.248973033088166
793 0.6218419532160304
794 -0.5073273675493795
795 -2.5338682880066847
796 -2.2979877777061324
797 -0.07010908397458893
798 -1.1491844650370957
799 -5.159985595031949
800 3.902187061432029
801 -2.11623987924946
802 -0.43034585622592747
803 7.433877291316223
804 6.499546566818722
805 -2.5861335068724864
806 3.8311718757248285
807 2.321025188164235
808 15.34522926312658
809 9.25292311081785
810 -2.0452482145429784
811 -0.32343961972796587
812 4.296262448436002
813 -2.0710290259858644
814 4.709539490845914
815 5.5916803945820615
816 3.7029171027042977
817 -3.645803498365728
818 3.886096529095016
819 12.14747195567033
820 -3.3624594304211897
821 -1.811989739834038
822 -1.9555221174842816
823 1.0660263554473772
824 17.84025646253768
825 -2.121921328413054
826 -2.536627537741294
827 1.774759942578191
828 18.250121920565824
829 -3.6167988854693967
830 -5.356725566269715
831 -3.586866865403965
832 21.968567869649092
833 -0.807193295974455
834 0.03979189467511812
835 4.957309623920706
836 22.492982635691575
837 4.0620417257361465
838 -1.9695322425922206
839 -2.2206018844950854
840 -2.217680063280248
841 -3.549567558597456
842 -0.7442171970469551
843 -2.5727402238278136
844 9.67059037004854
845 3.0430245729579974
846 -4.642170978725622
847 -1.5588412149123412
848 2.3161088662801337
849 3.4721396737236265
850 2.746090463174925
851 3.4721396737236265
852 3.250617626341941
853 -1.929241968006087
854 2.2789175802812776
855 -1.7140000019152501
856 14.047512877912073
857 3.579376929397542
858 2.194390615153763
859 -3.381975403101359
860 -1.8298420653558494
861 2.31877443811086
862 -1.2997456332076405
863 -3.7270726630382134
864 5.775654188145403
865 -0.7585238127639384
866 -1.4672549030898552
867 -4.216574085557762
868 -1.9693146260312515
869 -2.4860710250978957
870 -2.244909976895601
871 -0.40811555608154215
872 13.18640786440756
873 -3.052699979516834
874 3.5446090516889175
875 6.6975517686461865
876 -1.9306205978083608
877 3.2061058983906516
878 3.351451757208279
879 -5.282076485432135
880 -3.4936090578587846
881 0.6306925391267004
882 0.09110194778410186
883 0.12369354871656402
884 0.9910817606405127
885 1.8722478875566289
886 10.93808563495727
887 1.8841614294603737
888 3.545859943128418
889 -2.4190755247924827
890 -4.359210064708751
891 2.1505292694776217
892 13.534227674697856
893 -1.1681667868512062
894 1.5962784342140137
895 -2.3700555081877392
896 10.295132301641395
897 -2.927553605490517
898 -2.714978543610657
899 3.13861571087046
900 4.707687235504732
901 0.03979189467511812
902 -2.800266691651911
903 -3.4936090578587846
904 -2.714978543610657
905 -5.159985595031949
906 -2.2979877777061324
907 -5.270954350096059
908 -0.32343961972796587
909 -2.0710290259858644
910 -3.645803498365728
911 -1.811989739834038
912 -3.3624594304211897
913 -4.642170978725622
914 -2.244909976895601
915 -2.2206018844950854
916 -3.794135877906341
917 -5.4486670403507595
918 3.4721396737236265
919 -1.929241968006087
920 -3.381975403101359
921 -3.923120003378111
922 -4.37972775543413
923 -4.030810331809117
924 -3.052699979516834
925 -5.282076485432135
926 -4.359210064708751
927 0.23933340665559122
928 -2.4190755247924827
929 -3.8979887803577724
930 -3.2605198230545627
931 -0.32495298963974495
932 -4.712121157305175
933 -2.2249218123807193
934 2.51449876693773
935 6.26617937747238
936 -3.1675161244839183
937 -2.8346360242506643
938 17.227442870332204
939 4.94618966015574
940 4.464264271214362
941 -2.9387522871360456
942 10.54952324360759
943 5.105889791364983
944 -1.9186617357250129
945 1.7646132522378168
946 -1.6211874421229053
947 -4.512108252452688
948 -3.851287439400038
949 3.0292164697261903
950 8.17748434314525
951 3.331796956138134
952 4.434294531536181
953 0.12442837555872277
954 14.716390547685657
955 -5.113704371538381
956 -3.3951363369145633
957 -1.8170918885332088
958 14.512303098513136
959 -2.160754593257309
960 -1.5475413872492563
961 5.763614718605887
962 22.063837097282676
963 -1.6753039960355804
964 1.0945881628654046
965 -2.5761980853156228
966 0.46960392457243905
967 -3.650162983474224
968 -3.643951518576916
969 -3.650162983474224
970 0.29628377189037103
971 1.1275854178988463
972 -1.5443207744686935
973 2.9027282348678782
974 17.91629378597741
975 -3.1736775256973546
976 -2.200210990285097
977 6.333980956340152
978 0.15629205418983716
979 -5.314740975784879
980 3.8360958104085743
981 1.1267491699653098
982 -1.706373808687471
983 3.855286878473534
984 -2.58404959497904
985 -5.112265483986887
986 8.938605221890857
987 0.9726912719866994
988 3.5244502907131636
989 -1.4089926765515428
990 -2.940155477703859
991 -1.9096068505335375
992 -2.729039844650643
993 -2.845999354093826
994 4.030279302349188
995 -5.398828477604517
996 -4.460654643642748
997 -4.945330132848137
998 11.675901485916622
999 4.136221530028147
1000 -4.406651220102674
1001 3.123180740852465
1002 17.770301236789077
1003 1.7265054371839865
1004 -0.7684044194792736
1005 -1.9270848614739216
1006 9.49994785608029
1007 -2.247645932860987
1008 1.64721008290486
1009 -5.853816352905487
1010 9.446302023484247
1011 1.7090240452989365
1012 -2.0302695996070206
1013 -3.7029775971181804
1014 -0.9977642256533965
1015 -5.291826943031365
1016 -3.6952096575295768
1017 -0.8975011778519166
1018 -5.365819179698352
1019 -0.4550712514091675
1020 0.8650982066554036
1021 -4.461858484311275
1022 -1.5204350048035804
1023 -1.5559938001438693
1024 -0.5133477389870915
1025 -3.052699979516834
1026 3.638689352350047
1027 -3.920368407244248
1028 -1.4198074603440347
1029 -5.793888577738202
1030 3.1825878604745297
1031 3.7566644342599416
1032 -3.9725127592018756
1033 -4.3482997390929405
1034 4.14209439143653
1035 1.282767166689242
1036 -1.095191811773753
1037 7.744318212268428
1038 2.933388037252416
1039 -0.3080393957477352
1040 -2.2611834292215742
1041 -2.4570443245227467
1042 13.741587621162422
1043 -4.112261530077781
1044 -3.989962175615882
1045 1.4639425610690435
1046 -1.0959285453098142
1047 -2.110567568092977
1048 4.394039936852128
1049 -3.5336611588954936
1050 23.067206386782654
1051 -2.2249218123807193
1052 -2.8346360242506643
1053 -4.460654643642748
1054 -2.714978543610657
1055 -5.159985595031949
1056 -2.2979877777061324
1057 -5.270954350096059
1058 -2.160754593257309
1059 -2.5761980853156228
1060 -3.9725127592018756
1061 -1.811989739834038
1062 -3.3624594304211897
1063 -5.365819179698352
1064 -5.112265483986887
1065 -2.2206018844950854
1066 -3.794135877906341
1067 -5.4486670403507595
1068 3.123180740852465
1069 -2.729039844650643
1070 -5.853816352905487
1071 -3.989962175615882
1072 -5.291826943031365
1073 -4.712121157305175
1074 -3.052699979516834
1075 -5.793888577738202
1076 -4.359210064708751
1077 0.23933340665559122
1078 -2.4570443245227467
1079 -4.112261530077781
1080 -3.5336611588954936
1081 -1.2765174970477147
1082 -1.6853607252029938
1083 1.5983172143167166
1084 14.98378498768232
1085 -1.800666645873259
1086 0.5138964663293515
1087 0.9245904749978058
1088 2.7997116940707176
1089 -5.066435344612572
1090 1.1705079184581528
1091 -0.9561445147601435
1092 -2.192873661013036
1093 -0.5519086484923679
1094 -0.01600532808056032
1095 -2.714978543610657
1096 6.036242755331493
1097 -5.179267450707694
1098 -2.689232066477347
1099 -4.992694475561737
1100 -0.2712889051639322
1101 -2.3335796183544355
1102 0.9715593174579766
1103 1.6694888916330413
1104 7.447794985833586
1105 5.06376891594941
1106 -0.7101214923671995
1107 -4.12435860495005
1108 5.806319924662847
1109 2.0244661954768963
1110 -0.34855443222959837
1111 5.86478370387956
1112 -1.2746203012746804
1113 1.178920594496447
1114 -3.4668050981464713
1115 3.2254425543879104
1116 2.2592244800476475
1117 -2.8641162047061828
1118 0.1329172471327692
1119 0.9974620157059233
1120 -2.445462458891528
1121 -0.267496094981444
1122 2.930819544953784
1123 5.805261208147877
1124 -0.623067634542203
1125 -0.35923586340232805
1126 -0.2810127713124304
1127 -3.214755636975328
1128 12.57714183118518
1129 1.6556370551528758
1130 -1.894601290860234
1131 -2.357776191672218
1132 -4.556514811150009
1133 -1.0715252837391227
1134 0.29426464984415013
1135 1.199888085958678
1136 11.52063756911327
1137 -1.7667270154725103
1138 -1.8410533690012927
1139 7.8703668906059505
1140 0.4967914807840206
1141 -0.5915372342175473
1142 0.2133094849081203
1143 -3.6533556233078133
1144 2.7211636195531197
1145 0.03521703505171514
1146 1.6423713178609556
1147 1.6235376834165547
1148 16.58206315254581
1149 1.4866270476511738
1150 -3.06995106130303
1151 -0.11281956344443733
1152 3.958967816445517
1153 0.7468239782032899
1154 -2.6159108829844904
1155 -3.7472653157789315
1156 7.497239784662124
1157 -4.679436971761392
1158 -3.8749831013314173
1159 2.2033803413609165
1160 -2.2155452092202457
1161 -4.390111517008515
1162 0.5988637157267114
1163 -2.0462439980934493
1164 9.34829554576887
1165 -3.89060424632207
1166 -2.3626272892499385
1167 -2.1800645068697078
1168 5.557070934640409
1169 -2.7928618597167905
1170 -2.3040893034669683
1171 -4.712121157305175
1172 -0.9091830795886571
1173 -2.8375666699283064
1174 -4.004533971798401
1175 0.6508967826310736
1176 -4.479880260587005
1177 -5.846702994509785
1178 -4.46448794821728
1179 3.4194070953444475
1180 1.0035584229140273
1181 -4.262550346563642
1182 -1.6991794023987685
1183 3.5551372733224036
1184 -2.7734902603972924
1185 -1.9246000661639076
1186 -3.77220052663532
1187 0.03479245263702957
1188 16.05034828306829
1189 1.2180865964738645
1190 -0.8462668290725397
1191 0.039047658903807125
1192 16.40706429840738
1193 3.229687042564238
1194 -2.4611129959428215
1195 -3.2373827123693593
1196 -2.800258150543966
1197 0.663099007206154
1198 -3.4685993800807395
1199 0.9291214835490273
1200 -0.39789402355604775
1201 -2.2249218123807193
1202 -2.8346360242506643
1203 -5.066435344612572
1204 -2.714978543610657
1205 -5.179267450707694
1206 -4.004533971798401
1207 -5.270954350096059
1208 -2.160754593257309
1209 -2.5761980853156228
1210 -3.9725127592018756
1211 -1.811989739834038
1212 -3.3624594304211897
1213 -5.365819179698352
1214 -5.112265483986887
1215 -3.8749831013314173
1216 -3.794135877906341
1217 -5.4486670403507595
1218 -0.11281956344443733
1219 -3.7472653157789315
1220 -5.853816352905487
1221 -4.390111517008515
1222 -5.291826943031365
1223 -4.712121157305175
1224 -3.052699979516834
1225 -5.846702994509785
1226 -4.479880260587005
1227 -1.9246000661639076
1228 -2.7734902603972924
1229 -4.112261530077781
1230 -4.556514811150009
1231 -3.09733893646493
1232 0.6744768815927709
1233 0.2246730374742263
1234 5.687629847325969
1235 -2.0433900739131223
1236 0.31563999497091977
1237 -1.1101188461543674
1238 15.054418648836013
1239 5.262803014021021
1240 1.9112397598536766
1241 -2.4281562723775205
1242 1.4440231559860814
1243 -2.841421021437286
1244 -1.708999838979096
1245 -3.0591549726596097
1246 4.751014343050496
1247 -3.375651901986433
1248 -3.1338785690262494
1249 5.362704671272744
1250 -1.047989677581266
1251 2.641978824886656
1252 -0.40176172345707695
1253 0.8168160210833091
1254 -2.2765209292020248
1255 -0.9613079367280927
1256 -4.452135064066385
1257 -0.08325255917668062
1258 -1.0078207561389823
1259 2.572985537107435
1260 -2.635759407950307
1261 -0.6331522413431319
1262 -4.176324128346802
1263 -0.692086979384998
1264 -2.959176731923984
1265 -1.948215854274627
1266 0.1309540961057003
1267 6.988432403108677
1268 -1.4661293207386126
1269 -2.282438131929981
1270 -4.499973490696475
1271 2.899735207143942
1272 0.12406659031729772
1273 2.9277700416128516
1274 -0.9134136694288735
1275 -0.33979770336305615
1276 0.6409440722424427
1277 -2.1094101489894244
1278 8.848612517588535
1279 2.1456361621636257
1280 0.3220467031362044
1281 -5.08509732323666
1282 14.632527554838063
1283 -3.9464863237548284
1284 -0.022147581429917462
1285 -3.16626449891352
1286 15.625865455151656
1287 -0.0815644099734163
1288 2.0396426127198692
1289 4.146080258183185
1290 2.0742982018887632
1291 1.1884280425160043
1292 -2.8716068847504226
1293 -2.696267880313981
1294 5.518853311754256
1295 -5.518552635257144
1296 2.1406836471386983
1297 -3.6676217245143583
1298 15.113372980292494
1299 0.8922898634608738
1300 -2.9999800354375914
1301 6.532711248205332
1302 7.611170040983438
1303 -1.1365098432737395
1304 -3.83880026908838
1305 -3.5642082780326807
1306 -2.0655749862506365
1307 -1.2374740638615616
1308 -3.3112638822679363
1309 -2.456194205377227
1310 13.47936941747541
1311 4.066914680955611
1312 6.299741867155605
1313 -0.7357447014958394
1314 2.315035810690521
1315 -2.405621130714275
1316 0.39314953604642816
1317 -5.119551611539392
1318 19.383887523409896
1319 3.4080607355235997
1320 0.6286796443733085
1321 0.12402814462496581
1322 0.7341997412893049
1323 0.213554003229389
1324 -2.6080199898844914
1325 -1.3911747904298122
1326 -1.015230844404433
1327 2.3229954539338613
1328 0.9955304289673683
1329 -2.9322901315262513
1330 -5.072022085760441
1331 3.6593488903095066
1332 -4.06292888584576
1333 -1.1798485401328502
1334 -2.4330342787140866
1335 -1.148974442354552
1336 -3.2931633948875265
1337 3.9501983811606727
1338 8.858080985508431
1339 1.6783032650165546
1340 4.425725144934187
1341 1.8681227472079924
1342 1.3365891903076799
1343 -0.20208075584082974
1344 -3.5447956153214926
1345 -4.065064042047456
1346 12.607486484706873
1347 -2.199069511550593
1348 -4.940687589261065
1349 -3.56788884636914
1350 -3.799740200036031
1351 -5.072022085760441
1352 -4.499973490696475
1353 -5.066435344612572
1354 -3.0591549726596097
1355 -5.179267450707694
1356 -4.004533971798401
1357 -5.270954350096059
1358 -2.160754593257309
1359 -4.06292888584576
1360 -3.9725127592018756
1361 -1.811989739834038
1362 -3.3624594304211897
1363 -5.365819179698352
1364 -5.112265483986887
1365 -3.8749831013314173
1366 -3.794135877906341
1367 -5.518552635257144
1368 -0.11281956344443733
1369 -3.7472653157789315
1370 -5.853816352905487
1371 -4.390111517008515
1372 -5.291826943031365
1373 -4.712121157305175
1374 -3.052699979516834
1375 -5.846702994509785
1376 -4.479880260587005
1377 -3.5447956153214926
1378 -2.7734902603972924
1379 -4.112261530077781
1380 -4.556514811150009
1381 3.693816929084254
1382 5.737731675318194
1383 0.00970763469079472
1384 -0.5645311323798272
1385 -1.3651228046611386
1386 -1.0306386178655635
1387 -1.482689660441031
1388 20.197675187301833
1389 1.7131368014009434
1390 -2.198101743022324
1391 4.3244867698627925
1392 20.728454024703947
1393 2.233470088565398
1394 -0.5500022454196496
1395 7.177841821961696
1396 -1.367293561141583
1397 0.5809362675825197
1398 4.207099933540775
1399 2.828417314644317
1400 0.34548009664068147
1401 5.387242649374251
1402 -0.5216990717077724
1403 2.6908868099431604
1404 0.30333731468417646
1405 -4.6604591259151675
1406 -0.3042580344467344
1407 -2.6349433655595
1408 12.063637026673588
1409 -1.2913974030252908
1410 1.5406898223322982
1411 -1.5620456554338285
1412 4.286114817462459
1413 -5.744171232316312
1414 -1.8875306811440316
1415 -1.8041059721409074
1416 1.4328041095380506
1417 -0.5839764006537265
1418 2.7717338359464008
1419 0.7063829739395584
1420 5.178324783660889
1421 3.3123231456248097
1422 -0.23528709594717023
1423 5.25973531507022
1424 -2.50382517150062
1425 -3.774823645168087
1426 -4.312407670164671
1427 -3.490366015581342
1428 18.10352862978899
1429 0.684349119523004
1430 -0.10955251202784222
1431 -1.0315700222832271
1432 8.324719286633453
1433 3.149671520950479
1434 2.4276516034828406
1435 -4.791352334422356
1436 0.4377685598086165
1437 -1.3585865233040304
1438 -0.7108066702413551
1439 -3.6281270145845985
1440 -0.8004865687274005
1441 2.3674969715770007
1442 1.0815344815775967
1443 -0.5220329050999982
1444 16.267511482582293
1445 0.34760577725726627
1446 5.640996876500505
1447 -5.011794382566599
1448 -1.2181274022509874
1449 8.207620277727456
1450 -2.40927653534239
1451 0.35453004890530404
1452 20.937561782244206
1453 3.9489425541679397
1454 0.6359185628936153
1455 -0.5710145511065459
1456 -2.66672710810845
1457 -6.786290122343371
1458 -5.400104798406329
1459 -5.348285949611088
1460 4.344284253380789
1461 -1.9614813214425189
1462 -2.2170373340510663
1463 1.644443442245547
1464 -1.5792937536531917
1465 1.2060388516620075
1466 0.3902465180846074
1467 4.286286010528567
1468 3.055658613865875
1469 -2.3145963403562204
1470 -2.055150393462281
1471 0.5277079230385455
1472 -2.9576553108803996
1473 1.9431984709573418
1474 2.8468708415485287
1475 1.4748579694056874
1476 3.839332848092995
1477 -5.898066756476638
1478 -2.698214639464476
1479 -5.955390147586746
1480 6.292540835280832
1481 -4.577275826583965
1482 -3.8770528356762277
1483 -1.2742892356152817
1484 12.80769436883207
1485 -2.222569561001152
1486 0.8580070882928101
1487 -0.5579722190566514
1488 5.563274036170093
1489 -2.8198569256151176
1490 -4.543006141274381
1491 -1.1049081562032321
1492 17.318470403402294
1493 -2.6721008383891935
1494 -5.888629136529045
1495 5.214888606569261
1496 1.9506196617817726
1497 -2.2001638727015327
1498 -4.5385782796179175
1499 -0.4824667784974259
1500 -2.7397916213670004
1501 -5.072022085760441
1502 -4.543006141274381
1503 -5.066435344612572
1504 -3.0591549726596097
1505 -5.179267450707694
1506 -4.004533971798401
1507 -5.270954350096059
1508 -2.160754593257309
1509 -5.744171232316312
1510 -3.9725127592018756
1511 -1.811989739834038
1512 -3.774823645168087
1513 -5.365819179698352
1514 -5.112265483986887
1515 -3.8749831013314173
1516 -3.794135877906341
1517 -5.518552635257144
1518 -2.9576553108803996
1519 -3.7472653157789315
1520 -6.786290122343371
1521 -4.5385782796179175
1522 -5.291826943031365
1523 -4.712121157305175
1524 -3.052699979516834
1525 -5.955390147586746
1526 -4.577275826583965
1527 -3.5447956153214926
1528 -2.8198569256151176
1529 -4.112261530077781
1530 -4.556514811150009
1531 -3.39377986247944
1532 -0.6960033168763492
1533 -2.587283796388192
1534 -4.811968063611797
1535 -5.008400300016379
1536 -5.238408521766605
1537 -5.008400300016379
1538 6.396127938693792
1539 -2.5861337221488707
1540 -3.210412226341752
1541 2.6387192619478315
1542 -2.1299162295955503
1543 -2.9417670602727597
1544 -4.061699616138038
1545 7.127686995137481
1546 20.289825524525796
1547 -2.3875570143226277
1548 0.4686555137494315
1549 -0.2984770603092777
1550 11.410158423759846
1551 3.373632399660125
1552 -2.765000204299076
1553 -4.844774384891837
1554 -4.206736001594356
1555 2.6429950456172198
1556 3.4893745313048674
1557 3.096643621614614
1558 11.265377384228199
1559 -2.6660710333693687
1560 -2.2992251130162096
1561 -1.3448367675704318
1562 10.93764845064305
1563 -2.633997741956158
1564 -0.8948166456612122
1565 2.961001221206748
1566 -2.6135484483636287
1567 5.701198591714885
1568 3.171337797947458
1569 -0.47694907125322406
1570 16.520853206471795
1571 2.0818617989123216
1572 2.5188517138041604
1573 2.7305806521969664
1574 15.629881945123827
1575 -1.4739670609987185
1576 -4.945584621277528
1577 7.250193020466035
1578 12.278537228276353
1579 0.0950506969300644
1580 2.0115320049990135
1581 -1.3163194758856807
1582 -0.9126645112446221
1583 -4.263299252495983
1584 -1.182789072054365
1585 -5.197248468064307
1586 12.387201719263015
1587 2.9369914720371177
1588 1.1248940713049245
1589 6.667387718438964
1590 3.6824600097671
1591 4.568717091115108
1592 1.142137141215335
1593 -1.6430507378763493
1594 -2.9117749666891126
1595 -6.271971486035616
1596 -4.80721081101159
1597 3.5796772662672325
1598 4.80624360389919
1599 4.67206609893757
1600 1.729267249073368
1601 5.890018315551331
1602 0.9203437344537613
1603 5.143934482566072
1604 -1.9961301339835709
1605 2.3119776416530975
1606 1.447824245078059
1607 -6.295701403058784
1608 -0.00728351712066172
1609 -0.7942348402679813
1610 14.077193893211675
1611 0.690145597072281
1612 -1.1777544792950803
1613 -4.5385782796179175
1614 3.516858878204199
1615 -3.199080748967374
1616 0.7777023633398391
1617 -4.352927832637956
1618 -4.809184912268867
1619 5.167326830060261
1620 -0.38421321156912436
1621 0.06818804909603449
1622 -2.6522293245236748
1623 1.141595253341682
1624 -0.8265053414110193
1625 3.236652962679722
1626 0.4646296708785318
1627 -4.551847616569748
1628 -3.5632911970640446
1629 -5.58100062315427
1630 7.624328095885747
1631 -2.2669796465458933
1632 -2.383974709555251
1633 -2.9366670369177545
1634 2.77320925063744
1635 -0.8318055835302416
1636 0.47197701549444226
1637 -0.9308556344987338
1638 17.34829018078762
1639 0.3271074998894943
1640 -0.10837048964074159
1641 3.8994463794898344
1642 4.319046040442032
1643 2.6825929453609594
1644 -4.836143532025573
1645 -3.804411151028316
1646 7.650191623177761
1647 0.23522124831605895
1648 4.311851665121145
1649 0.8428828485022384
1650 -0.6524825882627385
1651 -5.072022085760441
1652 -5.008400300016379
1653 -5.066435344612572
1654 -3.0591549726596097
1655 -5.179267450707694
1656 -4.844774384891837
1657 -5.270954350096059
1658 -2.6660710333693687
1659 -5.744171232316312
1660 -4.811968063611797
1661 -1.811989739834038
1662 -3.774823645168087
1663 -5.365819179698352
1664 -5.197248468064307
1665 -3.8749831013314173
1666 -3.794135877906341
1667 -6.271971486035616
1668 -2.9576553108803996
1669 -3.7472653157789315
1670 -6.786290122343371
1671 -4.5385782796179175
1672 -5.291826943031365
1673 -4.712121157305175
1674 -3.052699979516834
1675 -5.955390147586746
1676 -4.577275826583965
1677 -3.5447956153214926
1678 -2.8198569256151176
1679 -4.112261530077781
1680 -4.809184912268867
1681 1.40903399187933
1682 -2.7769517255614993
1683 -3.211690382711425
1684 -3.6943839356486325
1685 2.3033287825832676
1686 1.605546742073631
1687 -3.5407667110462473
1688 0.1981033820105509
1689 2.550700423382504
1690 -0.9830018532616749
1691 -5.1885615334860065
1692 20.266910411905855
1693 -2.9027595106282673
1694 -4.7058021067261375
1695 -0.455579725992147
1696 4.215434680683584
1697 0.14394535034102085
1698 3.359194845185955
1699 -0.09569622576232817
1700 -2.845625900428249
1701 -5.545141645297313
1702 0.04016551655903233
1703 -3.1650867085248513
1704 -3.5500934197778538
1705 -0.6816056250027283
1706 0.3759488428912041
1707 -2.4903214817621127
1708 9.563886767444934
1709 -2.3242603208680634
1710 -6.696752549126236
1711 -3.132917590770174
1712 22.245806176866953
1713 1.5679981612881844
1714 5.503411451650031
1715 -2.7536016713599936
1716 4.163371166622513
1717 -4.927198432366323
1718 -2.5901351711094622
1719 2.5686120363139713
1720 10.612912114834149
1721 -0.4192900393452288
1722 -4.074644939144059
1723 -2.8100082110102256
1724 -3.7293950554076494
1725 -1.1994824050881574
1726 -4.861924526814223
1727 0.7306214813334062
1728 0.6599913936800648
1729 -0.5342740738181837
1730 0.6569837544341981
1731 -0.007354393475261123
1732 13.901329090492364
1733 -5.442374129173648
1734 -4.009259094406714
1735 -1.9376440128496393
1736 -5.237064722605532
1737 -1.0389793256949782
1738 3.9119633005085177
1739 0.8477972492341141
1740 0.27061112623312855
1741 -1.7663760546660396
1742 -1.3420473408546498
1743 1.272728662148523
1744 13.667249139748332
1745 -6.1452652179198495
1746 -3.3723931263393565
1747 -1.222316607636627
1748 16.041011945500355
1749 5.795674796616147
1750 -3.849326429725217
1751 -2.9754252076476106
1752 13.313937363696606
1753 2.7484983064840534
1754 1.8979450476824111
1755 -3.340963392796648
1756 15.98316944473067
1757 -2.7003413306266153
1758 7.058407987764803
1759 -6.189041179826205
1760 -2.414059401718344
1761 6.162801797786339
1762 3.6420934612228675
1763 -0.08197580722691633
1764 -4.413632565456603
1765 -0.5138312126050038
1766 -1.1843494130005778
1767 -2.800866631303894
1768 -2.7429844350248116
1769 0.8230930037391411
1770 1.2244360911057228
1771 -5.154043432406389
1772 17.465463542019457
1773 -1.1336703904301273
1774 3.0135613584277814
1775 2.8657653904927223
1776 1.4695429333913106
1777 8.58645360713358
1778 4.942847066132586
1779 -5.342073291410674
1780 4.7743924257432075
1781 -4.215298481791356
1782 -4.114634098245311
1783 3.802078712247673
1784 4.105511445668809
1785 -2.6170647873808224
1786 -1.8435346071861871
1787 0.03249882273886495
1788 8.853657043800041
1789 1.0094666994888173
1790 2.602879375433863
1791 5.085111231907181
1792 5.7767545015330795
1793 3.044825114162888
1794 0.3945859769863642
1795 3.8663247051607015
1796 -3.473379733364774
1797 -4.43991803668978
1798 -2.228670993296832
1799 -1.766673717187547
1800 6.610735073811393
1801 -5.072022085760441
1802 -5.237064722605532
1803 -5.1885615334860065
1804 -3.0591549726596097
1805 -5.179267450707694
1806 -5.545141645297313
1807 -5.270954350096059
1808 -3.132917590770174
1809 -5.744171232316312
1810 -4.927198432366323
1811 -2.8100082110102256
1812 -3.774823645168087
1813 -5.365819179698352
1814 -5.442374129173648
1815 -3.8749831013314173
1816 -3.794135877906341
1817 -6.271971486035616
1818 -2.9754252076476106
1819 -3.7472653157789315
1820 -6.786290122343371
1821 -4.5385782796179175
1822 -5.291826943031365
1823 -5.154043432406389
1824 -3.052699979516834
1825 -5.955390147586746
1826 -4.577275826583965
1827 -3.5447956153214926
1828 -2.8198569256151176
1829 -4.112261530077781
1830 -4.809184912268867
1831 3.0074803756028428
1832 3.368133771962777
1833 0.006761789817813835
1834 -2.7768218262786553
1835 0.575200262272139
1836 5.504516643054721
1837 1.8452896018565403
1838 -1.3092795297594613
1839 -4.218542048447284
1840 -5.103859651612199
1841 -0.975702588625222
1842 20.45255247289581
1843 2.1484739192472437
1844 -0.8571201439833249
1845 4.472859500216138
1846 -1.0629909344409936
1847 4.657770059965728
1848 0.017369623337249784
1849 0.014968952265401736
1850 13.57384012028995
1851 -3.144595984354205
1852 -1.7025983172308283
1853 -4.967063284612606
1854 9.693830540802491
1855 -0.5151765130522103
1856 2.0598638057048513
1857 -5.270954350096059
1858 -2.642555982485795
1859 0.4927803952901638
1860 -1.4828281162074965
1861 -3.148003916437003
1862 2.0793165209060005
1863 -2.3114453843314955
1864 -2.7982560582235028
1865 -5.106734933779821
1866 -0.7558088408126613
1867 7.2227638931300335
1868 2.465192113540214
1869 -4.230305338713383
1870 -2.8966977726290732
1871 -1.1101850145782701
1872 -3.2689988179135296
1873 2.791070289298632
1874 -2.857738494296565
1875 -2.9514154903901946
1876 -3.197341295023572
1877 0.045149282719589845
1878 -0.5959327371835634
1879 -3.20557310450062
1880 -1.956259753699795
1881 -5.365819179698352
1882 5.810215526218172
1883 -1.5750115094693515
1884 -2.2254160170428268
1885 -5.109957577033369
1886 -2.559341908536697
1887 1.0836480840038938
1888 4.171143581378292
1889 3.9844464701432294
1890 4.935751160319224
1891 -0.4387409926928123
1892 2.736102862989944
1893 -3.780694864532911
1894 1.9602541832314424
1895 2.9515565464287516
1896 -2.8996436902102136
1897 2.658802138610824
1898 1.3443325222819729
1899 -1.5542022527774433
1900 -2.3879169059510565
1901 2.3038395553061473
1902 -1.8930311998534988
1903 -2.759305169291554
1904 -4.482092392163168
1905 -3.244112403883093
1906 0.6367829813954144
1907 2.5541312142195522
1908 7.266978009878514
1909 1.5951658141129086
1910 0.7878151146284189
1911 3.9149665767756905
1912 -3.604857226261205
1913 -0.2396507691092271
1914 -0.8003029704437385
1915 6.717897736413736
1916 -2.3288393174378808
1917 0.6597568114083834
1918 1.0908816418434544
1919 -4.200889750117399
1920 -0.8583034549888227
1921 -1.1547713557060018
1922 12.198385999967476
1923 1.1715451367782153
1924 2.5712292449684444
1925 -3.0585126624923116
1926 18.28160198173316
1927 -2.7716307766752344
1928 1.612870433698932
1929 -0.2361507968552985
1930 -6.531143357062715
1931 1.2462681877568482
1932 -1.566804980084487
1933 -5.313655744263787
1934 3.753734735009437
1935 -2.1090882534731126
1936 0.5913715717582275
1937 -3.607760685702206
1938 -1.643529340492984
1939 -2.685479930010375
1940 -0.19466171988933212
1941 5.072214099043089
1942 -3.2415803744599563
1943 3.616053685476885
1944 3.050145821345524
1945 -1.4226662317911858
1946 7.7988430427080075
1947 -2.373233054856019
1948 -1.9822962049593296
1949 -4.217214643499586
1950 11.219144252439802
1951 -5.072022085760441
1952 -5.237064722605532
1953 -5.1885615334860065
1954 -3.0591549726596097
1955 -5.179267450707694
1956 -5.545141645297313
1957 -5.270954350096059
1958 -3.148003916437003
1959 -5.744171232316312
1960 -4.927198432366323
1961 -3.2415803744599563
1962 -4.482092392163168
1963 -5.365819179698352
1964 -5.442374129173648
1965 -3.8749831013314173
1966 -3.794135877906341
1967 -6.271971486035616
1968 -2.9754252076476106
1969 -3.7472653157789315
1970 -6.786290122343371
1971 -4.5385782796179175
1972 -5.291826943031365
1973 -5.154043432406389
1974 -3.0585126624923116
1975 -5.955390147586746
1976 -6.531143357062715
1977 -3.607760685702206
1978 -2.8198569256151176
1979 -4.112261530077781
1980 -4.809184912268867
1981 2.747107868048527
1982 4.465159948724693
1983 -5.0366086814544655
1984 0.5062839670962793
1985 -3.18749414598791
1986 -2.6166198421014957
1987 1.7953519868884653
1988 -4.344216813511474
1989 1.519816579615365
1990 -2.771691888653498
1991 1.9127471172431458
1992 -3.845223662289362
1993 0.18427627491970577
1994 2.826588002233189
1995 -0.2286287091762902
1996 -0.35698062603783054
1997 1.4130804030057083
1998 -3.0887221432154557
1999 -5.226319907254294
2000 1.1424591737623313
2001 -4.7242785150177635
2002 -2.92951475540152
2003 -1.8635198146182201
2004 16.29141584760577
2005 -2.696610435366898
2006 1.0804568247859445
2007 0.9985110706482068
2008 6.047087911332936
2009 2.046747266659125
2010 0.23756189804541283
2011 0.2672988569163821
2012 10.443627910070203
2013 -5.3096076924725555
2014 -3.002179329131435
2015 2.8656983459476324
2016 7.682155387643279
2017 2.612317328804326
2018 1.2958392104510879
2019 -3.7361001629350037
2020 10.85844559489804
2021 2.984415130979281
2022 -3.009546591542956
2023 -0.5296176651448734
2024 8.421586147888197
2025 4.376982554828956
2026 -3.2364845552586665
2027 1.1896054597814154
2028 -3.028865389805612
2029 2.209956078412456
2030 4.385356903258307
2031 -5.2200352721465535
2032 -3.79896334904223
2033 4.685978322770594
2034 -6.445996630892552
2035 -5.442374129173648
2036 4.682279774808096
2037 -5.567249671065721
2038 2.302443903422442
2039 1.9935668778120585
2040 -4.914010525809321
2041 2.812072098695901
2042 0.8381712354196813
2043 4.979493545596412
2044 3.6510391422323045
2045 -6.529241762147009
2046 -6.607251887713154
2047 -3.1475633899092683
2048 -2.132663151667397
2049 -2.349916035190562
2050 -0.9055516673052009
2051 -0.069193706639044
2052 8.079376107954939
2053 -1.464084752497962
2054 -1.8000640677815705
2055 0.2724912698459181
2056 7.57543262121404
2057 3.490656659689436
2058 6.92435416974315
2059 -1.575779378376537
2060 2.237140238856022
2061 2.113973086655424
2062 2.669486070957797
2063 0.6649057432269021
2064 21.45229098391977
2065 -2.636893142000566
2066 -2.127149283757833
2067 -3.4387908196739723
2068 9.626657225762823
2069 -1.107121166758366
2070 -5.732729657392788
2071 -4.918617420368129
2072 18.02384393379477
2073 -2.2440358983555395
2074 -1.1955183707317483
2075 -2.4452277184012057
2076 9.24663676507539
2077 2.628133703952923
2078 -4.060978468764767
2079 -5.1860596686862
2080 2.2350884930209975
2081 0.11219650507823808
2082 2.007969639466635
2083 -2.0741227386813237
2084 -4.673797078486769
2085 3.7868084545570655
2086 -0.8521865564036324
2087 -4.573571637104584
2088 4.458102840735314
2089 2.3149955836737517
2090 9.384015169075473
2091 -1.2081195393579578
2092 18.396174103587192
2093 -2.3145428360616336
2094 -5.12709807603798
2095 0.3552296372061613
2096 0.2713992087997117
2097 -1.15712810794787
2098 -4.333021798084946
2099 -4.809184912268867
2100 6.209715592141653
2101 -5.072022085760441
2102 -6.445996630892552
2103 -5.1885615334860065
2104 -3.0591549726596097
2105 -5.226319907254294
2106 -5.545141645297313
2107 -5.270954350096059
2108 -3.148003916437003
2109 -5.744171232316312
2110 -4.927198432366323
2111 -3.2415803744599563
2112 -4.914010525809321
2113 -5.365819179698352
2114 -5.442374129173648
2115 -5.567249671065721
2116 -3.794135877906341
2117 -6.529241762147009
2118 -3.2364845552586665
2119 -3.7472653157789315
2120 -6.786290122343371
2121 -4.5385782796179175
2122 -5.291826943031365
2123 -5.154043432406389
2124 -3.0585126624923116
2125 -5.955390147586746
2126 -6.607251887713154
2127 -4.573571637104584
2128 -2.8198569256151176
2129 -4.112261530077781
2130 -4.809184912268867
2131 5.029358394445938
2132 -0.406188185756843
2133 -2.3150304449727988
2134 -3.6666719630834654
2135 -4.211315845604236
2136 -6.775959216945216
2137 -5.731281558142761
2138 -0.5332180804760336
2139 -5.392415375881234
2140 -1.1694106894839496
2141 -4.778302287780753
2142 -2.532519447907714
2143 -2.2137874434731257
2144 -1.2574185189305167
2145 -0.2974968662409574
2146 -3.06821405934101
2147 -0.11031957977182344
2148 9.990976738945655
2149 -4.571729231959132
2150 3.9876268175191525
2151 5.179765574350098
2152 0.21529309670476932
2153 1.7344334207472212
2154 -1.090623296493523
2155 1.6129006739606389
2156 -2.580908854814347
2157 0.6500530580907333
2158 21.471426676712667
2159 -1.0525433779507694
2160 -3.72247011588662
2161 0.7179378807027694
2162 12.594066755392099
2163 0.6324098970784968
2164 -2.7574790543939973
2165 2.959290405827385
2166 9.764147182237242
2167 -0.8341540481329088
2168 5.2075991615181625
2169 -4.779497356769956
2170 4.550599294606373
2171 -3.242154714049506
2172 -5.227556561090391
2173 -3.073285952026311
2174 8.734610831648448
2175 -4.02121231821783
2176 -2.62196688256535
2177 -5.013481627171006
2178 21.510538690165337
2179 -2.4228541141877864
2180 -3.3226638657902243
2181 2.5698423437285856
2182 -0.013054949339654343
2183 0.6628315264776596
2184 5.469013085244466
2185 -5.204562426421983
2186 19.934137387039712
2187 -1.9081689262163997
2188 -1.0977032369572832
2189 4.8762186553301685
2190 13.369495413731755
2191 5.485361104257815
2192 -1.9006039818350713
2193 5.459381125054317
2194 19.2881271684314
2195 -5.051550364505022
2196 3.325453185321659
2197 4.339864633394803
2198 14.931516661733262
2199 0.547444210538757
2200 2.4190212347471727
2201 1.0148831722315905
2202 10.168931152700903
2203 -0.5213908536897154
2204 -1.8310393504876128
2205 4.706120573101009
2206 13.06573353208919
2207 5.242032451219548
2208 0.04760975397950873
2209 -6.266661385968301
2210 12.296364145217197
2211 -3.779198505744465
2212 -5.008100223426069
2213 0.7655011826036775
2214 -4.025522381365866
2215 -2.9045007348112635
2216 -2.1348583538355697
2217 -3.8754469813829227
2218 9.029607152689767
2219 6.828698265241492
2220 2.5180572826021344
2221 -3.3403656667679007
2222 9.36575486694428
2223 -0.8522196896732916
2224 5.247496929434028
2225 1.1367807765177762
2226 12.900088500614139
2227 -2.4982027941663563
2228 -0.7770695566929744
2229 -3.724907208956322
2230 -4.87701725426798
2231 -2.681397109175263
2232 -0.08490175661203125
2233 -5.976780906153064
2234 5.350583047300619
2235 5.549248774974621
2236 0.43741359811318503
2237 -4.728872436190178
2238 21.854413241993594
2239 1.631949259162032
2240 5.506138370174608
2241 -0.9910420387274899
2242 14.836112178727792
2243 -2.0077204479042714
2244 -4.93073989508232
2245 -4.112261530077781
2246 8.797322865455524
2247 -3.5411706452602636
2248 -4.4001818680866025
2249 -5.40912494606623
2250 3.467760309083343
2251 -5.072022085760441
2252 -6.445996630892552
2253 -5.392415375881234
2254 -3.0591549726596097
2255 -5.226319907254294
2256 -5.545141645297313
2257 -5.270954350096059
2258 -3.148003916437003
2259 -5.744171232316312
2260 -4.927198432366323
2261 -3.242154714049506
2262 -5.013481627171006
2263 -5.365819179698352
2264 -5.442374129173648
2265 -5.567249671065721
2266 -3.794135877906341
2267 -6.529241762147009
2268 -3.6666719630834654
2269 -3.7472653157789315
2270 -6.786290122343371
2271 -4.5385782796179175
2272 -5.291826943031365
2273 -5.154043432406389
2274 -3.0585126624923116
2275 -5.955390147586746
2276 -6.607251887713154
2277 -4.728872436190178
2278 -2.8198569256151176
2279 -4.112261530077781
2280 -5.40912494606623
2281 2.2521660914788852
2282 1.0258249679912366
2283 -3.9702746549515515
2284 -1.0241810090783465
2285 5.640730005555627
2286 2.8220326747263313
2287 -0.1746857015391654
2288 1.5305388199164733
2289 -1.9345579238089852
2290 -4.031385475111329
2291 -2.6873636946535244
2292 9.860297288624391
2293 0.4142510801483654
2294 4.937332094823924
2295 -2.747862152933448
2296 -1.357062164828489
2297 -3.042508783657354
2298 -0.20133457054654436
2299 -5.30620328882453
2300 -1.9153125174153471
2301 1.07363527229084
2302 2.7582674396940434
2303 2.7981529903146454
2304 3.8060931906844946
2305 -1.3406581976982306
2306 -3.356664634867723
2307 -1.7888611836710784
2308 6.303580108810838
2309 -5.533148369912756
2310 -0.7713724530623401
2311 -4.680393217865471
2312 7.641608702204369
2313 -4.509124941112671
2314 -2.3165686870970115
2315 -5.744171232316312
2316 5.951824646292028
2317 -6.3133224305792055
2318 4.558087055249461
2319 -4.129722770008671
2320 -5.830037603399414
2321 2.829212314775214
2322 7.004444836418403
2323 -4.338629776577839
2324 3.817087762728013
2325 1.1713622229233291
2326 0.6236621576889148
2327 2.568808337221265
2328 -4.704097875701169
2329 -3.0554831681309524
2330 -5.0610294679442385
2331 -5.376019799001298
2332 -5.377871906092503
2333 -3.12265129834278
2334 -5.3409314345570715
2335 -5.356903833884141
2336 -4.3136237643564295
2337 -5.681154884943744
2338 1.9288486309961552
2339 6.907591919649387
2340 16.453790989912424
2341 4.2073554963819655
2342 -1.2865783432804516
2343 0.2963949171854563
2344 1.243418866849893
2345 -5.030902193739316
2346 -6.455559224617706
2347 1.6412898970439578
2348 7.966132717851027
2349 -3.424830114995407
2350 -3.867320024540789
2351 2.8697698281930544
2352 3.164867273089944
2353 -4.590623438540782
2354 -3.6836348556232203
2355 -1.264483453253162
2356 7.953053340728683
2357 -6.776172339388557
2358 -4.482752030462191
2359 -1.930388843504271
2360 18.250062606433673
2361 -4.110331387149692
2362 -5.3648500029744595
2363 -4.92627950444062
2364 1.1381933984314871
2365 -2.137328158992046
2366 2.1828574925882416
2367 1.7038669466899312
2368 -3.9353164135426377
2369 -4.390362788253828
2370 -1.3168209704556748
2371 -4.2535288505785385
2372 11.962654598739832
2373 -2.957591006962639
2374 -6.447726543287025
2375 4.640920523860828
2376 2.9357602513446923
2377 -3.6038094559575287
2378 -0.036704709373926336
2379 -1.91572116316054
2380 15.079461439092604
2381 -2.0217663596422604
2382 6.23880886980765
2383 -2.582056411517475
2384 -2.452910617508819
2385 -3.463559820416322
2386 -3.403132265492637
2387 -4.190254728870945
2388 14.322496218664744
2389 2.285880354180293
2390 1.61383388533782
2391 -2.2747329410879322
2392 1.1149881786924705
2393 -1.3514651340472752
2394 -0.4382169667205249
2395 -3.1028747371820384
2396 -5.178660030637987
2397 -5.394412354373256
2398 -2.997159899267845
2399 -5.115076934816865
2400 8.844891765700654
2401 -5.072022085760441
2402 -6.455559224617706
2403 -5.392415375881234
2404 -3.0591549726596097
2405 -5.30620328882453
2406 -5.545141645297313
2407 -5.270954350096059
2408 -5.533148369912756
2409 -5.744171232316312
2410 -6.447726543287025
2411 -5.830037603399414
2412 -5.013481627171006
2413 -5.376019799001298
2414 -5.442374129173648
2415 -5.681154884943744
2416 -3.794135877906341
2417 -6.529241762147009
2418 -3.6666719630834654
2419 -4.704097875701169
2420 -6.786290122343371
2421 -4.92627950444062
2422 -5.291826943031365
2423 -5.154043432406389
2424 -3.0585126624923116
2425 -5.955390147586746
2426 -6.607251887713154
2427 -4.728872436190178
2428 -2.8198569256151176
2429 -4.112261530077781
2430 -5.40912494606623
evaluations raw_y
1 27.97353311599619
2 58.48783984741883
3 32.29829945630149
4 30.92638104694525
5 16.74884855106032
6 40.02906965594816
7 53.760498764710334
8 25.078378918494472
9 8.025147234453321
10 20.811306701922256
11 37.92069239237973
12 19.15669754075462
13 8.17154554692426
14 54.60270044121467
15 9.695842372185604
16 72.7933793261435
17 47.68735186196021
18 41.844808130261406
19 24.75211317499051
20 28.343106936501215
21 59.167355711592705
22 44.27210202954736
23 35.092426386280664
24 51.507269057258966
25 24.163226817734397
26 60.7997597801333
27 62.16628909542844
28 46.44430901741753
29 36.599314712296746
30 37.612279978931866
31 22.00394666344575
32 31.97830201393855
33 44.16673346125292
34 25.10222374751881
35 23.10339551476452
36 13.892130069700366
37 38.12684127778221
38 38.66128143842215
39 30.250614931511095
40 7.6729441807718475
41 64.50496142201627
42 26.299644671884042
43 10.712122461194372
44 19.92742068016139
45 30.23335679356419
46 17.50258299061136
47 22.677375831700367
48 3.0812673582839425
49 41.912167829792686
50 25.651623776991826
51 48.16551080371143
52 33.893919386037126
53 31.029838760238402
54 29.16584212072421
55 42.81445747175493
56 16.92541927251583
57 69.19935302054691
58 44.59630813253523
59 19.082674247130647
60 34.7854768105547
61 17.387973349193796
62 18.56022997299578
63 15.61584899094203
64 -0.7947219912585944
65 10.92096329277427
66 17.035336764193303
67 13.757494558880897
68 16.140706275559214
69 18.382643952039672
70 19.41053442977362
71 22.099353608909674
72 4.9525756689633145
73 8.274639918963198
74 20.99448172561768
75 13.640845997001176
76 62.93924861047146
77 49.766201801730396
78 10.426018609881895
79 13.817342169216676
80 24.031890395004357
81 9.448455204704981
82 8.715053219932853
83 28.68450257451306
84 24.087195244524107
85 12.5999843828012
86 10.400281874486147
87 1.3243332514579795
88 12.703878094196122
89 27.444509859286857
90 14.370695538825627
91 40.364670828866366
92 9.730339891835108
93 21.448196349637154
94 20.333756200129816
95 18.61570285612283
96 18.552085934716022
97 43.09233166124477
98 42.008220575103884
99 3.2192099579141082
100 22.590712601716845
101 9.7768709864073
102 15.107962752826193
103 19.64106917905296
104 31.481459951925952
105 29.584226727818894
106 10.39867530829029
107 26.8855253675642
108 14.09349982962406
109 17.757091743967703
110 30.641903420675394
111 12.503118976134544
112 14.626820102266489
113 11.156906142615448
114 12.377059053611328
115 32.66942248546735
116 30.25294213721485
117 36.62636633811856
118 35.87642625822839
119 9.516281964972423
120 8.996893382607631
121 4.565033567170683
122 10.157682508037784
123 28.19016189467747
124 8.712229224057904
125 3.2765582859289637
126 17.76101356730266
127 5.447155262419143
128 22.633817689239216
129 13.651307775610682
130 13.78292173716268
131 17.331775606137043
132 7.796982697234546
133 46.4599544512063
134 11.346962412490138
135 23.51834878619634
136 17.652894535492443
137 19.45317584108957
138 14.385454884688967
139 9.958234333964779
140 27.389222526197234
141 11.508593482947001
142 35.22576001064586
143 33.14541153675335
144 8.620454848658428
145 33.872117836160086
146 30.88399045616432
147 8.690862516410698
148 12.05450554731175
149 18.046725394319076
150 8.18226490824617
151 14.626820102266489
152 4.9525756689633145
153 19.92742068016139
154 10.712122461194372
155 12.703878094196122
156 -0.7947219912585944
157 42.81445747175493
158 8.715053219932853
159 8.025147234453321
160 13.757494558880897
161 8.274639918963198
162 8.996893382607631
163 8.17154554692426
164 11.346962412490138
165 1.3243332514579795
166 21.448196349637154
167 18.61570285612283
168 3.2192099579141082
169 8.620454848658428
170 17.757091743967703
171 7.6729441807718475
172 24.031890395004357
173 4.565033567170683
174 3.2765582859289637
175 5.447155262419143
176 17.331775606137043
177 19.41053442977362
178 9.958234333964779
179 33.14541153675335
180 8.690862516410698
181 9.452891669268972
182 8.44048703139639
183 17.800482370005287
184 10.308779521613896
185 3.3104478094149377
186 2.8077624014861087
187 7.817612710214648
188 9.445935024202171
189 7.724110929531252
190 5.417373572977869
191 7.053496876597031
192 25.37094897918388
193 -1.402722569269069
194 11.541040642492689
195 36.84275716875517
196 5.359449765515695
197 10.479706882849959
198 4.336793050214074
199 13.563327930196374
200 10.195590210119166
201 5.179148279968349
202 2.1004112066600027
203 9.522989554166607
204 3.5897709899716084
205 29.827052906947028
206 4.164904376093662
207 25.019863585263387
208 40.60687883456827
209 4.362265769442028
210 13.055635072079614
211 7.145096505282736
212 2.5421861227002465
213 20.226523664435362
214 12.96306046057139
215 15.22086957113822
216 19.93879995146351
217 3.9008925430138284
218 10.238639668054535
219 7.732987643774907
220 2.9481269200817666
221 -0.5865760241971685
222 3.4958646147001016
223 3.6440727041140444
224 16.07639116842501
225 2.080344221198029
226 5.259149887668368
227 1.2210352524847936
228 1.8386466161380906
229 6.482316708535072
230 21.704159822983414
231 4.950899911034374
232 -0.9075145560409448
233 0.17978976187925377
234 8.623449255434693
235 6.866294862050636
236 -2.0952907283568365
237 0.6815116610958531
238 2.822105678593878
239 2.83723700518679
240 4.849373543972251
241 17.555981566110244
242 15.56968507506098
243 12.083048851363918
244 22.947667921381818
245 7.751442320864998
246 6.812759805129507
247 5.296174683935997
248 24.711122119460843
249 1.5866318043612035
250 4.160548611245491
251 0.3994939384599334
252 1.3638623204880629
253 4.04293735889854
254 0.6104770824470713
255 10.26305012258246
256 17.62637553175761
257 7.083930882882305
258 8.908371021004626
259 8.449793291823465
260 13.90316064412794
261 9.785696831386947
262 3.113632815769988
263 10.27837931224539
264 22.36262961008536
265 7.0129247361755365
266 4.0250298686517105
267 8.649036509165553
268 21.925080655240716
269 1.7384085837478205
270 0.9705205115727793
271 14.114433857633253
272 23.536473810355044
273 5.835501713307361
274 2.8835594030219207
275 3.710849951464485
276 1.4103928309238802
277 3.084210376910209
278 3.6337060315989613
279 -0.7639212350483726
280 1.5430481905378146
281 8.445533458230024
282 5.475214350922646
283 8.445533458230024
284 13.940366269502986
285 11.898523754869894
286 -0.4958605061604793
287 9.979238274270353
288 10.326405834933322
289 3.83788202865271
290 2.333163814971718
291 3.5374065955178677
292 17.99262986467981
293 -3.262725726333338
294 2.9385303830573752
295 -1.595268952725562
296 -2.8675333353795187
297 -0.8531987534231757
298 3.919037127618311
299 4.135365067201516
300 1.0258403205273476
301 6.812759805129507
302 1.3638623204880629
303 2.333163814971718
304 -1.402722569269069
305 10.326405834933322
306 -0.7947219912585944
307 -2.8675333353795187
308 4.362265769442028
309 8.025147234453321
310 2.5421861227002465
311 -0.5865760241971685
312 1.2210352524847936
313 3.919037127618311
314 0.17978976187925377
315 0.6815116610958531
316 0.6104770824470713
317 5.296174683935997
318 -0.9075145560409448
319 4.04293735889854
320 0.9705205115727793
321 1.5430481905378146
322 1.4103928309238802
323 1.0258403205273476
324 3.2765582859289637
325 -0.7639212350483726
326 8.445533458230024
327 9.979238274270353
328 3.5374065955178677
329 -3.262725726333338
330 -0.8531987534231757
331 2.9487128356324974
332 3.6879833189766345
333 7.588398702473658
334 14.621699711299275
335 5.008071172490059
336 -0.9120041070163698
337 8.349999294721304
338 3.025122853374312
339 2.189571531357575
340 4.837401708774179
341 0.4210178490053633
342 2.943543451319454
343 4.923032548291971
344 -0.40978759956768895
345 2.1740864897819945
346 -3.7484801744325877
347 7.899224639989758
348 5.80958672662535
349 4.268162258075332
350 22.259517722446567
351 -0.4939973988274944
352 -1.6560325829774778
353 3.0738396968972896
354 3.757401299793311
355 5.015977891075858
356 3.3748922242351993
357 -3.7303385074282738
358 12.160496976901165
359 5.256264180093178
360 4.165547763492184
361 19.82279879934682
362 24.426842936269466
363 2.4080287687682276
364 0.6936552388179611
365 6.713262266672626
366 1.7307056903928606
367 7.122994734330327
368 12.686708404188808
369 7.335219040328437
370 13.80123856737586
371 4.103714191466187
372 8.589854636725907
373 10.482849480737265
374 11.721409636034595
375 0.07706009639039912
376 1.1830104591213049
377 5.756131738782296
378 -5.340236129941513
379 10.704170071293227
380 4.524974173334891
381 2.496423076660749
382 -4.423069641103772
383 2.5044707525620113
384 -0.7432017886424898
385 -1.556138089887508
386 -0.34404553132029747
387 7.351903682226679
388 3.7433998289497534
389 6.501740121877878
390 3.6033373616941926
391 2.5793610991917264
392 -2.7822999756522115
393 -4.725791847862458
394 1.6010100119076398
395 3.442429603262142
396 5.0893370653836145
397 8.987271458681981
398 7.538881019906086
399 4.018188104930011
400 1.1742104684866554
401 3.541277674481268
402 4.90306214664092
403 5.995808009082504
404 3.7754233328286375
405 6.8544565168707745
406 -2.485799099345704
407 4.4322325718505065
408 5.344548776392411
409 0.9705205115727793
410 4.8573311544289
411 5.245367549724705
412 4.44698017121654
413 4.797536821597058
414 3.5155457759339304
415 3.649694701637067
416 7.6720860946353415
417 1.4103928309238802
418 1.3942271195928984
419 3.231996605751081
420 -1.8911782731010744
421 7.836123322186124
422 8.980330409739167
423 3.221807465660283
424 1.8227903622221673
425 4.726394926353921
426 7.696860300751121
427 2.234441105851145
428 10.494034392901856
429 -0.1200998624884766
430 1.472104194068538
431 3.643331317546923
432 3.1460919943010563
433 5.087112506035237
434 6.717436236424174
435 10.223285839612743
436 2.8926721157175406
437 19.518788853616208
438 33.05825568848926
439 4.037577389085095
440 0.2769356843066981
441 7.254711846720971
442 21.026110019751247
443 -2.083784178503987
444 2.2851501885327288
445 -3.4692506642247674
446 5.650747776736196
447 0.3515540723525261
448 0.9017704786460246
449 7.771202941011732
450 18.77414025447593
451 1.7307056903928606
452 1.3638623204880629
453 -2.485799099345704
454 -1.402722569269069
455 1.8227903622221673
456 -4.423069641103772
457 -3.7484801744325877
458 -1.8911782731010744
459 2.4080287687682276
460 2.5421861227002465
461 -0.5865760241971685
462 0.07706009639039912
463 -5.340236129941513
464 -1.556138089887508
465 0.6815116610958531
466 -4.725791847862458
467 3.442429603262142
468 -0.9120041070163698
469 -0.40978759956768895
470 0.2769356843066981
471 -0.34404553132029747
472 1.4103928309238802
473 1.0258403205273476
474 3.221807465660283
475 -0.7639212350483726
476 3.643331317546923
477 9.979238274270353
478 3.5374065955178677
479 -3.4692506642247674
480 -0.8531987534231757
481 -0.1672957113995226
482 2.834379683724718
483 5.366682330588025
484 19.19243636369298
485 0.2102253312202206
486 2.976779872327048
487 -5.0285334400031285
488 -0.16979488246526664
489 1.114460517349794
490 2.7067542961222015
491 9.742958791619623
492 -2.860403015622623
493 -2.4176404808386827
494 -0.39239930102819365
495 5.3660087468938915
496 -3.1883605796291543
497 -0.5213487198721052
498 -0.3733648263654161
499 3.1345710536295694
500 1.671939894437886
501 -3.685579604677088
502 0.4641521097382233
503 10.358369542461197
504 -0.8034985659437295
505 -0.7560339053621261
506 4.384363481831577
507 -5.0366740304791495
508 14.60537165093878
509 -1.6585217305371298
510 -1.9213144070104753
511 -1.8900809570206993
512 20.01764287988138
513 -0.0839660321690987
514 2.9980233718020295
515 12.08084279017179
516 23.096079240384803
517 8.17878432069997
518 -2.0807564552831077
519 1.4753080984257423
520 1.6156407206494752
521 -1.5458964725624589
522 -4.974552821445017
523 -0.05736063566803962
524 5.462023944424916
525 0.7598217765433098
526 -1.64064603478456
527 5.4352464197267825
528 3.714879582612923
529 4.9478563907005215
530 1.5672780653243055
531 4.063715328948465
532 -3.8337273191960275
533 -1.4411970703040404
534 5.214609278181112
535 -1.556138089887508
536 6.485552414281571
537 -0.8751815145412176
538 -3.0830380584654984
539 2.2461233359898465
540 6.2484861405455305
541 3.384477619815825
542 5.563441340894329
543 10.29848343340861
544 4.123028985040727
545 2.4752706643054903
546 -2.0155577708177392
547 6.522455028394752
548 5.082831518732718
549 -3.2532658585032213
550 6.3850812548328415
551 -2.6561988280356355
552 0.15376183746907035
553 2.6970578726877825
554 -0.6151426517088028
555 0.35562815972749817
556 9.725848705709375
557 -1.637222126801077
558 6.02008132173393
559 2.5344768615186695
560 19.03849502650315
561 1.2422011742145154
562 -2.8514847192303785
563 8.031126882631408
564 6.252366551806087
565 4.689102948625981
566 4.117450981938486
567 1.5344770309486093
568 3.0109110195777102
569 1.6912898222504817
570 -1.2343491290418456
571 0.809484583978245
572 15.343888704708597
573 5.935660428364009
574 8.527735298762046
575 2.6372353339769723
576 -1.3072263076675714
577 -0.6329298031286693
578 9.153416208500275
579 9.032580671571498
580 9.738073765019852
581 3.515329007181939
582 0.4461695324546663
583 1.5899508931926656
584 6.038988126966023
585 2.877970996801505
586 -2.092785741874454
587 0.49191056854869064
588 12.331113303317514
589 3.924917997089512
590 4.3182523019425405
591 1.455619235667048
592 6.173599403223847
593 4.075045711125532
594 -1.5724459609148573
595 -5.727161930672564
596 16.630020120541708
597 -1.656085909059986
598 0.15431499676425897
599 3.6608984257168915
600 17.336623983965612
601 -1.3072263076675714
602 -5.0285334400031285
603 -2.485799099345704
604 -2.8514847192303785
605 -0.5213487198721052
606 -4.423069641103772
607 -5.0366740304791495
608 -1.8911782731010744
609 -3.8337273191960275
610 1.4753080984257423
611 -2.092785741874454
612 0.07706009639039912
613 -5.340236129941513
614 -1.5724459609148573
615 -0.8751815145412176
616 -4.974552821445017
617 2.4752706643054903
618 -3.2532658585032213
619 -2.860403015622623
620 -1.637222126801077
621 -0.39239930102819365
622 1.4103928309238802
623 -2.0807564552831077
624 2.6372353339769723
625 -3.0830380584654984
626 1.5899508931926656
627 0.49191056854869064
628 -1.9213144070104753
629 -5.727161930672564
630 -1.656085909059986
631 -1.431242798403113
632 4.924823392433348
633 2.7138566259382655
634 4.353272986537222
635 -2.7321607159930057
636 0.0892882815294278
637 1.9046777286731094
638 4.6115468227406025
639 -1.5381673717738908
640 6.4540642149867935
641 4.689469271343407
642 -2.6738408068316373
643 0.5020980614412142
644 -5.515885294344124
645 -4.447384662376962
646 7.962877491955867
647 1.1011096358900656
648 0.7331263198455913
649 7.533546862736991
650 1.2894938226638377
651 -2.676379476609573
652 8.42281751611016
653 -0.7678692876838467
654 18.907825157156157
655 -2.1718963897886505
656 2.5583266381365966
657 -3.6497127572761654
658 8.563685277412336
659 -1.6593722948257046
660 -4.683935036260734
661 0.6627829860379186
662 -0.8220827864127207
663 -4.302355170917412
664 -1.964733690693884
665 3.1570450469011107
666 0.7937647912617489
667 5.00441365716599
668 5.869376193620679
669 1.1481025714644928
670 15.586063847322823
671 2.2307535757408363
672 0.21844251054814556
673 5.054280236769603
674 -2.1073019047271577
675 3.257164505495757
676 6.587444937752739
677 0.07706009639039912
678 9.513653515878836
679 2.2707320028904756
680 1.5585812770291492
681 -1.5223692231639259
682 20.492739762013116
683 1.277577104874514
684 -2.4870005313363603
685 7.151495093852338
686 -3.1599651109159934
687 3.629050006993884
688 5.0871492907863685
689 0.7910850142153723
690 2.399257346534136
691 2.376147151544461
692 3.236936164123033
693 -4.784385301244838
694 15.15431310938615
695 2.3993031433679155
696 -3.8535216977492563
697 3.3523372036756136
698 15.797756799649482
699 -1.9954540502514369
700 -0.36946941938886724
701 -3.0995115784230247
702 -1.1586605577287878
703 7.48012510424011
704 -2.6998662047503093
705 5.480224083474591
706 -3.0826670724511906
707 -0.5140999405346038
708 -1.0559245391987089
709 2.693186619989569
710 16.940060674624867
711 5.42240907151365
712 7.701015775546948
713 7.195294261124221
714 18.99531695790298
715 5.158109731852162
716 0.011915133493045627
717 1.301841129287162
718 7.7520233222383
719 5.621406693460608
720 4.283547278072233
721 2.1012560843809185
722 14.022940434213712
723 2.4778737912941695
724 -2.684561262046641
725 0.9477917608641759
726 16.626867633131084
727 8.124765011224913
728 0.8876562974102007
729 -0.6896343599132146
730 -1.4948334874547977
731 0.5844387392247867
732 7.58797558679222
733 0.3815323798293577
734 17.77975983119163
735 2.3225126211256146
736 0.6238642701768735
737 5.140471356511224
738 0.03364852062345047
739 1.798150695106743
740 3.5623006083199638
741 7.3956441664661865
742 -0.38929006268610333
743 1.3272299126413274
744 -6.373734177449067
745 -0.6846685268942707
746 11.570899852053966
747 -0.9562127606358688
748 -2.2692228166944086
749 2.0049235903306637
750 16.000213134282195
751 -5.515885294344124
752 -5.0285334400031285
753 -2.485799099345704
754 -4.447384662376962
755 -0.5213487198721052
756 -4.683935036260734
757 -5.0366740304791495
758 -2.4870005313363603
759 -4.302355170917412
760 -0.36946941938886724
761 -2.6998662047503093
762 0.07706009639039912
763 -5.340236129941513
764 -1.964733690693884
765 -0.8751815145412176
766 -6.373734177449067
767 2.3993031433679155
768 -3.2532658585032213
769 -2.860403015622623
770 -2.684561262046641
771 -1.0559245391987089
772 0.21844251054814556
773 -2.0807564552831077
774 0.03364852062345047
775 -3.0830380584654984
776 0.3815323798293577
777 0.49191056854869064
778 -3.0826670724511906
779 -5.727161930672564
780 -1.656085909059986
781 4.722792689315962
782 6.614814024177343
783 1.371474822933152
784 3.528515818238364
785 -5.214535879002486
786 -5.321852468797993
787 2.2584912342822694
788 -4.431620020132355
789 -1.9874401083970792
790 6.963979369101576
791 -4.794890561648944
792 15.101320770030277
793 -5.177403855719379
794 -4.766258725128841
795 1.0790172222151104
796 12.820504661183874
797 -0.48144457590258316
798 1.233995326681051
799 -0.6920156209233344
800 0.2236294115783828
801 0.720006161521531
802 -1.9679100474429803
803 1.222238445494512
804 -5.353846753777246
805 -2.020853001225113
806 6.185944517134087
807 -3.9819793608605405
808 13.086433131831367
809 -2.2930463682663524
810 -5.868640221511464
811 -2.6922232819977823
812 2.355057653949704
813 -3.17337387171277
814 -4.229747558412902
815 2.414043583193597
816 0.30979611500678317
817 2.417046009792256
818 -2.49750731621765
819 -0.19747926902029533
820 24.871208484439542
821 0.3348569607477034
822 1.5794471533199286
823 3.61920364878973
824 3.599219687915978
825 10.402539970296882
826 -4.586066671720225
827 1.666945323495837
828 11.659835049136786
829 -3.741418155230681
830 3.3469978615809755
831 -1.2045448342682779
832 0.9648501501833167
833 7.088329749573429
834 -0.20723938447771006
835 -5.324389945568566
836 3.7777329066776772
837 4.436779834056724
838 -1.434249141618253
839 2.896464138577317
840 5.850181081497931
841 -4.404813016428512
842 -1.2149982648471918
843 -2.9460702083993153
844 18.441749214967608
845 5.508452306875059
846 -0.8851670685204516
847 1.5842316246047077
848 0.7722147763646914
849 -2.602215510240662
850 3.013852948517646
851 -2.615575777347334
852 11.398554280157473
853 4.719379701146902
854 -1.1615297468813828
855 -2.644872628687506
856 -2.842160191203137
857 3.8500471684863546
858 -1.8256837076118617
859 3.499663383981139
860 -2.691918507038234
861 7.168327404232439
862 1.314353158050492
863 2.0958545003923055
864 1.1763521227774318
865 1.1569740003150746
866 -1.3197804194562646
867 2.7872406850086042
868 4.456405916744611
869 8.830998191071128
870 5.603663287505847
871 3.429800477124064
872 -1.8152876768800836
873 8.173755351449504
874 1.6085367032128584
875 5.379261574925769
876 5.600095762825241
877 -1.8507192279750453
878 -0.10081389444126032
879 -1.0663615728610591
880 17.75826630236494
881 0.9903960380712297
882 -1.5383082884282184
883 0.6874980918649312
884 11.849420872539495
885 0.7526262569245072
886 -5.320918330144784
887 0.45270155243909205
888 -3.6194802288321006
889 0.2259176618449703
890 -2.7843151289635504
891 0.4022662155670367
892 7.4677276370734385
893 -6.026739536427905
894 -1.1172728666399396
895 -4.922315368698339
896 5.928324389099427
897 -2.8387611776581223
898 -2.776414372035763
899 -2.0530937381843226
900 21.71109857458535
901 -5.515885294344124
902 -5.320918330144784
903 -4.794890561648944
904 -5.321852468797993
905 -2.842160191203137
906 -4.683935036260734
907 -5.0366740304791495
908 -2.6922232819977823
909 -4.302355170917412
910 -3.6194802288321006
911 -2.6998662047503093
912 -1.8152876768800836
913 -5.340236129941513
914 -5.353846753777246
915 -1.2149982648471918
916 -6.373734177449067
917 1.5842316246047077
918 -3.2532658585032213
919 -2.860403015622623
920 -2.7843151289635504
921 -1.0559245391987089
922 0.21844251054814556
923 -2.0807564552831077
924 -0.8851670685204516
925 -3.0830380584654984
926 -1.434249141618253
927 0.45270155243909205
928 -3.0826670724511906
929 -6.026739536427905
930 -2.8387611776581223
931 -0.6710642873208252
932 -0.590143509200705
933 7.220629955342493
934 -4.214569229619899
935 -4.666089915807247
936 -1.2866291432307162
937 2.803129376869402
938 18.497555013063995
939 -2.065879241086926
940 -3.3380487743639926
941 -2.134947948459851
942 -1.5003434616281597
943 -6.175495094711967
944 -0.4678077078729359
945 -5.908229188901245
946 -5.746989220051548
947 -0.9668036885548105
948 -0.3620110210376819
949 -0.5819442861796893
950 14.070589407575465
951 -4.592516175044988
952 -2.7641770326168933
953 3.4753663130357975
954 8.117409602616643
955 -4.693371665449272
956 -3.2428774806010425
957 -4.117022937765783
958 -1.039371227873656
959 -2.5128487839336824
960 -2.6459732147254464
961 -0.39351757171772817
962 11.768688612302281
963 3.757790792756454
964 1.5072577691905955
965 -4.389473260897564
966 -5.498530903205605
967 -3.6354676226456415
968 -4.700279366207191
969 -3.6354676226456415
970 11.544053351424187
971 0.5515601234353283
972 -0.676611318411422
973 3.137896418771412
974 -2.307639132540139
975 -1.8145761255917054
976 -0.8720171598268038
977 1.2450891740021897
978 10.791377807104872
979 2.7428870346125818
980 -2.6176737864519883
981 5.215965090124641
982 -2.3589885948985256
983 -3.0389199922385943
984 -3.46369259147588
985 -3.2071894948095987
986 -4.775204003251639
987 2.9677702232736145
988 -1.9274268123705305
989 1.6859911974095976
990 15.573149880163214
991 6.275214323407269
992 6.380266853762378
993 -5.832194435226052
994 -1.173282871157884
995 0.14322736529461877
996 1.6538707225945315
997 2.563172026686188
998 18.311147209195276
999 2.849267202825395
1000 1.8443220891435748
1001 -3.795543856205003
1002 -0.5843224991278582
1003 2.252730456149422
1004 -0.3774475992113563
1005 1.6718822183614845
1006 1.4374448816899044
1007 5.865222080540539
1008 -1.1409766672555328
1009 0.5911897079723811
1010 -1.3750656410967506
1011 0.44831717308302055
1012 0.6950588445206023
1013 5.138083723246625
1014 8.810932042404422
1015 -0.6414114358631446
1016 -1.3680815482897248
1017 4.575014500601743
1018 12.706195223470484
1019 -2.5436893597581385
1020 -2.259067632001967
1021 6.149660794741731
1022 3.6796752675078546
1023 1.8087949023137728
1024 5.54458336110294
1025 0.7046206868582461
1026 10.563605183498485
1027 -2.0657242147988395
1028 1.8205645395082501
1029 -3.1976354231370694
1030 -1.0810451404390626
1031 5.6091056286566365
1032 -2.3489404196787134
1033 -1.9200897048291787
1034 -3.2829090540589463
1035 5.472535432494471
1036 -0.8342064425977394
1037 -0.2953708369173018
1038 14.829534024309117
1039 2.7942167412898704
1040 3.1924719975387896
1041 -2.7274422541774435
1042 12.455110593163335
1043 -2.416093250571384
1044 -0.6810627228628894
1045 -4.683029158546362
1046 -5.124714672427433
1047 1.7524894159954028
1048 -3.7094088107226977
1049 -2.3793945724441445
1050 15.593774910891502
1051 -5.515885294344124
1052 -5.320918330144784
1053 -4.794890561648944
1054 -6.175495094711967
1055 -2.842160191203137
1056 -4.700279366207191
1057 -5.0366740304791495
1058 -2.6922232819977823
1059 -4.389473260897564
1060 -5.124714672427433
1061 -2.6998662047503093
1062 -4.775204003251639
1063 -5.340236129941513
1064 -5.353846753777246
1065 -5.746989220051548
1066 -6.373734177449067
1067 -0.590143509200705
1068 -3.795543856205003
1069 -2.860403015622623
1070 -2.7843151289635504
1071 -1.0559245391987089
1072 -1.2866291432307162
1073 -2.7641770326168933
1074 -0.8851670685204516
1075 -3.1976354231370694
1076 -5.498530903205605
1077 -1.173282871157884
1078 -3.2829090540589463
1079 -6.026739536427905
1080 -2.8387611776581223
1081 -3.8905701635553727
1082 -3.127664157843544
1083 2.753206280141225
1084 12.182305260482059
1085 -3.7649886136737667
1086 -2.550671345257662
1087 -1.1292612309441425
1088 -1.4443157893839556
1089 -1.238325952810164
1090 -1.4434699771824606
1091 -3.8575504597258523
1092 12.773668270953833
1093 -5.754061933939871
1094 -6.479992754761089
1095 -0.23284642020474555
1096 14.30998034382549
1097 -3.0554684167498496
1098 -2.3950094720869073
1099 1.1736802576097611
1100 3.507372427920995
1101 2.476327274855241
1102 0.8411304715075736
1103 1.3713493493004156
1104 -5.2951680968572
1105 0.19517643355467795
1106 -1.6643089300045535
1107 0.8938573095466311
1108 -1.6459567106455628
1109 -2.236939043995831
1110 2.631282952117663
1111 2.8453841779897124
1112 -2.4664648297701968
1113 3.609798055379054
1114 0.928134918486601
1115 -3.6534523769114178
1116 -2.3096273324311904
1117 -4.960551130064662
1118 -2.9271243727174268
1119 -5.398721218836336
1120 12.77218077298778
1121 -2.645418644718117
1122 -3.520050610105053
1123 1.8189870745881602
1124 0.9088713949070792
1125 2.2563682491172257
1126 7.061287999826973
1127 -0.17928869005531967
1128 -0.6564955534418191
1129 -1.473011646456812
1130 6.5953797876123925
1131 -2.5724624150805178
1132 9.348209350898532
1133 3.7949526113799354
1134 3.909412089974989
1135 2.729025085531796
1136 -1.2139829792892467
1137 -4.73981287416105
1138 -4.275753784506362
1139 5.763688454461638
1140 -0.10692709163118419
1141 -1.0970385519136054
1142 3.0148776149898167
1143 2.68094550127456
1144 -3.9436044465756144
1145 -0.7443797798782218
1146 -3.564618742478291
1147 6.428715333417721
1148 16.275782110458092
1149 1.458629182118271
1150 -1.6309247577493848
1151 -4.401668685896636
1152 -0.10660205126314048
1153 2.8040762691279166
1154 1.9933475081166052
1155 -0.1326221072119047
1156 12.486594604165749
1157 5.891461491195779
1158 -1.4654054379007933
1159 4.248474237852433
1160 -1.7928390096022553
1161 7.8566981326245875
1162 10.127409323236396
1163 3.9954548680106723
1164 2.97471639934324
1165 0.0019542889421193532
1166 1.4184682768694792
1167 -5.0328132893554915
1168 -4.15227428116909
1169 -2.4632598950326674
1170 -3.4826623772296923
1171 0.6823822597918809
1172 -1.7556321068230005
1173 4.942738444822415
1174 6.2524209800363355
1175 16.307035428933418
1176 -4.393532021164948
1177 2.731218421066886
1178 0.8250275631581208
1179 3.6005625704146142
1180 3.442983373505155
1181 -5.4734629171332685
1182 -2.6757802013425755
1183 -4.381064191029043
1184 13.260446464615546
1185 -0.5145869064625463
1186 -6.186348734105355
1187 2.2658225307005058
1188 2.9609946589807206
1189 -0.5847882795605561
1190 2.4059779636494447
1191 1.2803894145417511
1192 1.0651746916741844
1193 2.8885543475793845
1194 -1.8400391524869213
1195 -6.477825445125053
1196 18.883862357161778
1197 -0.010693283453352631
1198 2.887964430750867
1199 2.9777649251532505
1200 -3.6734272189828268
1201 -5.515885294344124
1202 -5.320918330144784
1203 -4.794890561648944
1204 -6.175495094711967
1205 -3.9436044465756144
1206 -4.700279366207191
1207 -5.0366740304791495
1208 -4.393532021164948
1209 -4.389473260897564
1210 -5.398721218836336
1211 -2.6998662047503093
1212 -4.775204003251639
1213 -5.340236129941513
1214 -5.353846753777246
1215 -5.746989220051548
1216 -6.373734177449067
1217 -1.7556321068230005
1218 -4.401668685896636
1219 -2.860403015622623
1220 -2.7843151289635504
1221 -1.0559245391987089
1222 -5.2951680968572
1223 -2.7641770326168933
1224 -0.8851670685204516
1225 -3.1976354231370694
1226 -5.498530903205605
1227 -1.173282871157884
1228 -3.2829090540589463
1229 -6.479992754761089
1230 -2.8387611776581223
1231 -0.7422251514957576
1232 0.20682065129637217
1233 -4.66753644130209
1234 12.607524766523646
1235 -4.904745408595348
1236 -0.7177354200563437
1237 3.746149137493619
1238 -0.31551054609787554
1239 2.792486229043403
1240 3.1198996185738763
1241 -4.365135922360717
1242 -4.4952428884409725
1243 -6.086495303629517
1244 -3.4498639478343214
1245 -1.0301527023005086
1246 -6.387050917236874
1247 -3.2978677727476287
1248 -6.617385614522268
1249 -3.151935216100779
1250 -0.011606225138429238
1251 -2.1176028503017745
1252 4.204541555191852
1253 -4.382129919692462
1254 6.724419087944096
1255 7.860581607049493
1256 -0.1694373090082748
1257 -4.345416474429854
1258 0.3789546013885028
1259 -2.226419856199204
1260 1.416016840790346
1261 1.5169866178626596
1262 -1.0570713134262668
1263 8.782589493605176
1264 2.314112217593563
1265 -3.2262955818062737
1266 7.980609143116816
1267 -5.448302596082689
1268 -6.063394766579336
1269 -5.832474483991702
1270 -5.490923249086982
1271 6.43788120044796
1272 0.34933577936469506
1273 5.16792003012025
1274 2.7854769347465025
1275 0.9962191287475666
1276 -2.435978427058547
1277 -4.775204003251639
1278 17.484201869895866
1279 -1.4037938787378041
1280 5.276213624503999
1281 -4.952980289545751
1282 3.7162814040926833
1283 1.9598663308045596
1284 2.862409724337854
1285 -4.798199536275828
1286 8.057934943777154
1287 1.8780223520429267
1288 4.879747909556476
1289 2.4159954313078744
1290 3.407898684998864
1291 -6.164140187837928
1292 -2.568360896049353
1293 -5.359950467137027
1294 15.515794724608169
1295 1.2341782000103003
1296 6.469299555378935
1297 -1.8083807785328814
1298 -0.614339867331885
1299 0.42735091409445547
1300 -5.0488194626853184
1301 1.036758155941717
1302 14.487888132218012
1303 0.7336999952963139
1304 2.7947456797179213
1305 -2.9465643173441363
1306 22.166472866696825
1307 0.3683543357603196
1308 3.512540732761739
1309 -2.5620312379038803
1310 -4.398824233178759
1311 2.3331237620205707
1312 1.0142817133721584
1313 -1.0532344562628504
1314 4.069599795525811
1315 3.698219340531434
1316 4.531024719725519
1317 -5.038564089357448
1318 3.1643421076067026
1319 -1.7874190013060496
1320 -0.3153030512542677
1321 4.314349522251305
1322 17.81924436754215
1323 -5.760691933301824
1324 -4.800725343829049
1325 -0.6122854164979632
1326 -4.6463524493504025
1327 3.211709208540925
1328 4.741299848473541
1329 7.174321853740803
1330 12.425431840193752
1331 -3.7289598168849274
1332 -3.0486574590556366
1333 -3.0262780920291417
1334 -3.785194457826485
1335 -2.3107977603664134
1336 -3.6732591508211683
1337 -6.080819043869907
1338 -5.795222033877906
1339 5.495340741315658
1340 2.7795233110907156
1341 -1.1709854334188918
1342 17.567452268408616
1343 -0.8607264741322576
1344 4.913562509420689
1345 -0.5283781906119636
1346 -1.2896175129920824
1347 4.545172234031599
1348 -6.158349039754551
1349 -2.3582936662781697
1350 4.4509220182542
1351 -5.515885294344124
1352 -5.320918330144784
1353 -4.794890561648944
1354 -6.175495094711967
1355 -3.9436044465756144
1356 -4.700279366207191
1357 -5.0366740304791495
1358 -4.393532021164948
1359 -4.389473260897564
1360 -6.158349039754551
1361 -2.6998662047503093
1362 -4.775204003251639
1363 -5.340236129941513
1364 -5.353846753777246
1365 -5.746989220051548
1366 -6.373734177449067
1367 -3.785194457826485
1368 -4.401668685896636
1369 -2.9465643173441363
1370 -2.7843151289635504
1371 -5.795222033877906
1372 -5.2951680968572
1373 -2.7641770326168933
1374 -5.760691933301824
1375 -3.1976354231370694
1376 -5.498530903205605
1377 -6.617385614522268
1378 -3.4498639478343214
1379 -6.479992754761089
1380 -3.6732591508211683
1381 -5.496559846861892
1382 -5.532439397720646
1383 -3.0261866942794557
1384 -5.575700907590131
1385 -4.5606456908355515
1386 0.13563069419442564
1387 -4.673047413897338
1388 -5.857782145434128
1389 -0.8789942115468627
1390 -0.2895713352331417
1391 -1.9040081172131584
1392 3.776672112662709
1393 -2.4469661672376803
1394 -3.913870349241995
1395 -2.639020846080121
1396 10.062231310597372
1397 -1.3031405418701305
1398 4.583023518040783
1399 -4.03276929835549
1400 17.273437265643672
1401 -1.3166441502879964
1402 9.80714013015229
1403 -3.5524341082911026
1404 0.6187682040229712
1405 -0.885775292086415
1406 -0.1791360210580062
1407 -3.702001720650469
1408 -4.948365766602918
1409 0.6609090791204446
1410 -4.479007382333492
1411 -3.180215715530779
1412 22.847896701614776
1413 0.9449833190030509
1414 3.9457862423131616
1415 -3.265462198715116
1416 0.44186565212900986
1417 -2.7053909315570417
1418 -0.604152321781408
1419 4.029675618671886
1420 12.497074594537697
1421 2.164840602611264
1422 3.760775171511
1423 -1.4700331254072618
1424 13.586313529066793
1425 3.946437925550803
1426 8.777092877053995
1427 1.2427669732587399
1428 13.906613263082733
1429 1.2030307205143278
1430 -3.6355571148026886
1431 -4.296195653577786
1432 12.282762079154026
1433 0.8039542971773208
1434 2.952555516781779
1435 -4.808219033485646
1436 -5.264247297986005
1437 -5.005001571707649
1438 -1.011705542192772
1439 -3.3187634924461813
1440 -3.5257028009372533
1441 -5.738867213461374
1442 -5.591434758127326
1443 -1.1189644157156886
1444 3.269635394806805
1445 0.6299708967978216
1446 -1.1307994805308144
1447 2.3119453329699677
1448 -0.28760657547858237
1449 -3.2462126380607446
1450 -6.060284563564965
1451 -3.2986967120834585
1452 2.526719327933316
1453 -0.34486916339646445
1454 0.8034731990701309
1455 -2.9608246528826205
1456 -1.856386759612743
1457 1.6500062988016997
1458 -0.9902640588824805
1459 1.346858549591074
1460 -1.232372445730111
1461 -4.212889941333468
1462 -1.7896430952850741
1463 -2.633047434124067
1464 11.310783066839424
1465 2.1598254831599464
1466 -0.32336409831683444
1467 4.250622997398931
1468 11.6643319126947
1469 -2.651606540359204
1470 0.7486549820597594
1471 7.337256627368175
1472 -3.3719962241583317
1473 1.9985598593525107
1474 1.2009828366016155
1475 3.5584048330673967
1476 -2.525925664087797
1477 -0.1484375322526832
1478 1.8409707359503042
1479 3.4601767770057106
1480 0.032169648379859694
1481 -1.337124602903491
1482 -2.209274575460924
1483 -6.013841670907591
1484 19.51841949484129
1485 -3.1179537319246373
1486 -4.113275349593335
1487 -4.09885800631033
1488 17.59374287223107
1489 -2.1336529732807734
1490 6.611774727645573
1491 2.6507662825126617
1492 9.58621794623759
1493 -1.0441159830719897
1494 -1.7124391620810753
1495 -4.726882401237614
1496 -6.3320169229497925
1497 -1.808282838459454
1498 2.238306930768967
1499 -4.474735652371592
1500 14.404625373683077
1501 -5.515885294344124
1502 -5.320918330144784
1503 -4.794890561648944
1504 -6.175495094711967
1505 -4.03276929835549
1506 -4.700279366207191
1507 -5.857782145434128
1508 -4.393532021164948
1509 -4.389473260897564
1510 -6.158349039754551
1511 -2.6998662047503093
1512 -4.775204003251639
1513 -6.3320169229497925
1514 -5.353846753777246
1515 -5.746989220051548
1516 -6.373734177449067
1517 -3.785194457826485
1518 -4.401668685896636
1519 -2.9608246528826205
1520 -2.7843151289635504
1521 -5.795222033877906
1522 -5.2951680968572
1523 -4.948365766602918
1524 -5.760691933301824
1525 -3.1976354231370694
1526 -6.013841670907591
1527 -6.617385614522268
1528 -3.4498639478343214
1529 -6.479992754761089
1530 -5.264247297986005
1531 1.945363314962048
1532 -0.723318009736825
1533 -5.5293949300724785
1534 -3.13064985323054
1535 2.1880716740923614
1536 -1.6373510894168077
1537 4.227660311922751
1538 9.239034082593403
1539 -0.3180212320120792
1540 -0.46700678640121085
1541 1.5677462973756349
1542 6.924051677445067
1543 -1.6511101697799155
1544 -1.9475560219632098
1545 -1.3055029954782433
1546 -1.7310576208414554
1547 0.5878403924598519
1548 6.758570722014086
1549 -0.586752656035848
1550 3.1393982759752523
1551 6.249818114107781
1552 3.928899626990654
1553 0.19707113315480917
1554 -1.5136244777016352
1555 0.026151977174098118
1556 -0.6277471390263765
1557 7.690463118977485
1558 -0.6769329138665532
1559 -1.3219248989569476
1560 -4.91777559038859
1561 0.9682177285749582
1562 -1.7651289174739466
1563 -6.648158977655216
1564 6.783157759805723
1565 0.35949712019706437
1566 13.080286888631447
1567 -0.8871447152451
1568 -2.618086245536458
1569 -6.092871014694985
1570 -2.179272264145529
1571 1.3250322251852544
1572 3.918359568391759
1573 -2.775232945221291
1574 15.644562944719844
1575 -2.913956823160543
1576 -4.897772103077073
1577 -4.0032655885080715
1578 17.829857317003878
1579 7.879260395447089
1580 -0.6584554390728696
1581 1.7893619905867184
1582 0.3789999816134939
1583 4.331237754913178
1584 -1.4507148761511222
1585 2.674158763265903
1586 -5.968339146364333
1587 -2.3492909057524525
1588 -6.489813218153876
1589 -2.655679918746813
1590 5.4784306408105525
1591 -6.191423186587486
1592 -2.4838193459339752
1593 -4.324239280959575
1594 -4.899517999430471
1595 -2.8031299891940735
1596 -6.5172382398188535
1597 -4.955542030102457
1598 -5.354663583400372
1599 7.7675603320178155
1600 1.6238998710191401
1601 -5.409995135953416
1602 5.400563949725608
1603 0.8421242164503209
1604 4.265820964645995
1605 -2.77559714892507
1606 16.152432732613807
1607 -0.8677752594247478
1608 -4.465472295802364
1609 2.374681997404749
1610 0.43539724950190895
1611 3.4416552894229966
1612 2.689954972212252
1613 -5.754171448968258
1614 -2.582489353581086
1615 3.878404690670598
1616 2.039785525015907
1617 -0.5152660167498171
1618 -4.091876918351888
1619 -5.555190410013519
1620 -3.277841452742079
1621 -2.4576737337928583
1622 -0.1929771759211203
1623 -5.697240546155564
1624 -3.9061666204927876
1625 -2.3804999894682597
1626 6.8476982940918045
1627 -0.4428685972208699
1628 -1.25753868225677
1629 -3.591227472622415
1630 0.6281966618931252
1631 0.7768564734801617
1632 3.0792204242014445
1633 -3.25735825242466
1634 -3.6702147124384172
1635 -3.392684141098493
1636 -4.620545910742402
1637 0.5206056066211762
1638 14.460064215789671
1639 -0.9353378511609616
1640 -4.374934921603061
1641 -2.23946965684772
1642 -3.7695607523820316
1643 -2.67145399522835
1644 -3.8444833582656797
1645 0.2321875316793447
1646 0.9031441654779195
1647 3.420439966642786
1648 6.87831328571796
1649 -4.913210987877921
1650 10.242673342686203
1651 -5.5293949300724785
1652 -5.320918330144784
1653 -4.794890561648944
1654 -6.175495094711967
1655 -4.03276929835549
1656 -4.700279366207191
1657 -5.857782145434128
1658 -4.393532021164948
1659 -6.648158977655216
1660 -6.158349039754551
1661 -2.775232945221291
1662 -5.354663583400372
1663 -6.3320169229497925
1664 -5.353846753777246
1665 -5.746989220051548
1666 -6.373734177449067
1667 -4.955542030102457
1668 -5.409995135953416
1669 -2.9608246528826205
1670 -2.7843151289635504
1671 -5.795222033877906
1672 -5.2951680968572
1673 -5.555190410013519
1674 -5.760691933301824
1675 -3.591227472622415
1676 -6.013841670907591
1677 -6.617385614522268
1678 -4.091876918351888
1679 -6.479992754761089
1680 -5.968339146364333
1681 1.8202078852613113
1682 -0.4759467091225247
1683 -0.6509775811065444
1684 16.608185700073555
1685 -5.196338996493712
1686 -3.869480658604393
1687 -3.477645411734041
1688 8.314057026081443
1689 0.5871108550087127
1690 -2.1488082427638004
1691 -4.640121154925789
1692 -3.0272737613842366
1693 -6.169346741790837
1694 -5.273943150251787
1695 -1.9777564503063083
1696 8.869766669581542
1697 -2.89602329393226
1698 7.549631908300799
1699 -3.717763094869332
1700 3.7858976632335892
1701 -3.02924081295889
1702 0.6990736062217555
1703 -0.4978782267610833
1704 6.071017119247866
1705 -5.514151945304422
1706 -3.1551872883007546
1707 2.39990860411823
1708 0.9801046079422688
1709 1.6366166627039442
1710 -3.9606602516989904
1711 -4.464591619475478
1712 -1.5680841898467461
1713 -6.188490807640951
1714 -1.4698170534606654
1715 -6.220008593429046
1716 14.259147936152964
1717 -0.30997280345591793
1718 4.993405241742625
1719 0.1929613508791821
1720 -5.131203998450474
1721 5.241481744923069
1722 1.959437741409778
1723 -0.25948841573513737
1724 -1.604258641469437
1725 -0.46265418025906935
1726 -2.663818176746662
1727 -1.4842604515997224
1728 3.687261331914833
1729 -3.5041277753064044
1730 0.38810890647153967
1731 -0.4255431879544045
1732 -3.806882955038462
1733 -4.797353891585887
1734 -5.429780912726255
1735 -5.196837116843122
1736 -2.467552464873526
1737 -3.084899667575389
1738 -3.2661671663613583
1739 -1.526050949694903
1740 -3.7818144371841855
1741 1.00561308246236
1742 4.662342807130953
1743 -3.6924963302812355
1744 -5.3083536005015945
1745 1.683466835817374
1746 2.2851494553015987
1747 -1.8446365360228776
1748 18.457311345463875
1749 0.846814689651777
1750 -0.6663120743328053
1751 -5.32941288901188
1752 17.481433489288364
1753 -2.945528316891837
1754 -5.711750936271931
1755 0.9506393642538913
1756 3.1111555032588134
1757 -1.1279125863264408
1758 2.965438821072326
1759 4.084421520822526
1760 1.0469238661459839
1761 -1.3043138956523557
1762 -1.9033785225201094
1763 -1.9415293026409732
1764 -2.027268787517965
1765 1.8431421555625829
1766 -1.9797048042630445
1767 0.1636449153352486
1768 -5.045056593576505
1769 -5.115328667455541
1770 -4.924040760815794
1771 -5.17531715464786
1772 1.5434660676637155
1773 -1.027875734112703
1774 6.103363249425767
1775 2.3408813246531563
1776 -3.8399894031816055
1777 0.5257084862259869
1778 7.4995418952692114
1779 0.18977867897874034
1780 4.631631104906211
1781 2.660672704845184
1782 -0.7433369063323516
1783 -1.3301715960166884
1784 4.637027256503757
1785 -4.728728263695093
1786 5.8788402399805495
1787 -3.223079724436449
1788 2.0487744251214277
1789 -3.9650686714665344
1790 -4.8537906983232855
1791 0.16222648201960466
1792 14.238339120248405
1793 0.2840245955257296
1794 -2.8635888473730047
1795 -0.6621394019135751
1796 -1.100138331870637
1797 -6.104667529928172
1798 -5.01431548678309
1799 -2.6033535412401916
1800 7.126966461867243
1801 -5.5293949300724785
1802 -5.320918330144784
1803 -4.794890561648944
1804 -6.175495094711967
1805 -4.03276929835549
1806 -4.700279366207191
1807 -5.857782145434128
1808 -4.464591619475478
1809 -6.648158977655216
1810 -6.158349039754551
1811 -2.775232945221291
1812 -5.354663583400372
1813 -6.3320169229497925
1814 -5.353846753777246
1815 -5.746989220051548
1816 -6.373734177449067
1817 -5.01431548678309
1818 -5.409995135953416
1819 -2.9608246528826205
1820 -3.0272737613842366
1821 -5.795222033877906
1822 -5.2951680968572
1823 -5.555190410013519
1824 -5.760691933301824
1825 -3.591227472622415
1826 -6.013841670907591
1827 -6.617385614522268
1828 -4.091876918351888
1829 -6.479992754761089
1830 -6.104667529928172
1831 -3.6088574155648656
1832 -1.0764670104325038
1833 -0.9998413456971067
1834 0.34021720604468975
1835 1.0203816808943178
1836 -0.1892691580738951
1837 0.678432765822955
1838 3.8278122242559727
1839 -2.3433584572638946
1840 1.4555501939057136
1841 -3.8820964773062263
1842 0.9998807038212929
1843 -5.897086194344323
1844 -1.0064874049319366
1845 -6.255296091669798
1846 -5.373377704953176
1847 -0.3830242686065861
1848 0.7153702020554177
1849 0.0048488146604297455
1850 -1.2396106961784277
1851 -0.4481324704498564
1852 -1.5122257139621944
1853 -1.6267128040856633
1854 8.04301141895618
1855 -4.5089010977615285
1856 -3.8715942598704833
1857 -6.378674073584327
1858 5.261729992160085
1859 -3.1859644037122274
1860 -0.898769860445557
1861 -4.99226980305221
1862 6.572124382590644
1863 -3.4715824930291403
1864 6.923527113384965
1865 -6.715625849315277
1866 7.942274419038009
1867 -6.222957973226678
1868 -5.3792542151959974
1869 -1.1297121496070002
1870 8.69062463134315
1871 -2.5207220955362604
1872 -5.47546342649515
1873 -3.5282337451289054
1874 8.89960404796045
1875 3.756501614267205
1876 -0.06491732150269791
1877 -4.415750669587347
1878 -1.410835462587296
1879 -6.216414349482552
1880 -5.917075321403805
1881 -6.335638320230572
1882 6.684414724412759
1883 -0.6758984911734547
1884 -1.6407823160473645
1885 -5.317105334150542
1886 -1.5685990414465625
1887 -0.08750606906432168
1888 7.735930303286999
1889 -1.514711733598244
1890 1.5181648917750739
1891 -6.3972275926266695
1892 -5.97755482455616
1893 -2.1793078307059295
1894 5.814860680607067
1895 0.757478066813446
1896 1.9757525771453275
1897 -5.011633284287813
1898 0.7584867725712563
1899 1.922325909798849
1900 -1.9473956335924827
1901 -1.108398589105453
1902 1.2882731415440123
1903 -2.9578803077512434
1904 -5.394537093127665
1905 -1.4555828553318069
1906 1.0069769602464786
1907 0.7993940333844284
1908 -4.258773614068511
1909 1.2106719137650144
1910 11.416418848609734
1911 -5.040811488017958
1912 -4.668831928890593
1913 4.858348477026589
1914 3.8699980720310556
1915 -2.974883751361408
1916 -4.266059474931032
1917 -4.8589333928800515
1918 -5.264208808165664
1919 -0.9136107359906422
1920 -2.2399868734865156
1921 -1.4943079119532823
1922 -5.726604004532105
1923 7.4999833085673036
1924 1.7998963880545915
1925 3.2958079647103924
1926 -4.284940423003936
1927 0.5477125534886801
1928 -0.8840198464391835
1929 -1.5873246805519843
1930 6.861867049632435
1931 2.072175887481569
1932 -1.148491454553429
1933 -4.580131941480481
1934 -3.676084455603485
1935 4.837553776320154
1936 1.416789535011373
1937 -5.546151389284819
1938 18.657802341033097
1939 -3.111234108548374
1940 -4.467169221664745
1941 -0.3913366599933701
1942 5.019252016118589
1943 -4.450004193578833
1944 -5.539068780224712
1945 -4.460876951186003
1946 18.39544702315049
1947 4.6533232863656115
1948 -3.72329216807418
1949 -6.042191798168623
1950 11.956586258398106
1951 -5.539068780224712
1952 -5.394537093127665
1953 -4.794890561648944
1954 -6.255296091669798
1955 -4.284940423003936
1956 -4.700279366207191
1957 -6.378674073584327
1958 -5.373377704953176
1959 -6.715625849315277
1960 -6.222957973226678
1961 -3.5282337451289054
1962 -5.354663583400372
1963 -6.335638320230572
1964 -5.353846753777246
1965 -5.917075321403805
1966 -6.3972275926266695
1967 -5.01431548678309
1968 -5.409995135953416
1969 -2.9608246528826205
1970 -5.726604004532105
1971 -5.795222033877906
1972 -5.2951680968572
1973 -5.555190410013519
1974 -5.760691933301824
1975 -3.591227472622415
1976 -6.013841670907591
1977 -6.617385614522268
1978 -4.091876918351888
1979 -6.479992754761089
1980 -6.104667529928172
1981 -0.796644261347796
1982 -4.505171517102183
1983 -3.6650651513116235
1984 4.011591395866221
1985 -5.363459313570032
1986 -4.3299593005968955
1987 -0.24049856414827148
1988 21.242845756789826
1989 -1.1557580555012232
1990 2.3024121587093545
1991 1.812400715367995
1992 7.284454873204681
1993 -0.6492544564785551
1994 -6.38065552442767
1995 -2.3961221171832525
1996 -3.169819040055125
1997 -1.1885708254521414
1998 1.83006732313051
1999 -4.033744565500296
2000 -3.3258993408650985
2001 -3.6577347593782212
2002 -5.515957715503584
2003 -3.9906246780895787
2004 -1.2995634124697517
2005 -6.096253196078418
2006 -4.442784691161373
2007 -1.1990379516873104
2008 -4.211849889762092
2009 -5.066808381183765
2010 2.5536602341601307
2011 2.1187632939108463
2012 14.090690087307067
2013 -6.978033731561644
2014 -4.732633779432422
2015 -6.279537066097894
2016 0.20717629984064256
2017 1.001200179337679
2018 -1.4422910427744289
2019 -0.49598064399647246
2020 -2.0958687711250485
2021 -3.3877989508099846
2022 -5.73808760006174
2023 -2.454530380156198
2024 12.541204420991106
2025 0.0008692586138520086
2026 0.19681074825987377
2027 -0.37176798613604634
2028 6.639118476335343
2029 0.1815426086196914
2030 -1.8626547362767079
2031 -1.9300168839198673
2032 -5.835182096594442
2033 6.098682472405338
2034 4.739132763325523
2035 2.318174584926823
2036 -5.658911802716261
2037 -2.8210677428712745
2038 2.6549858426364925
2039 0.8550629907120637
2040 2.9692077355139457
2041 -5.018403112797534
2042 2.4025429723045946
2043 -3.3376944332655327
2044 -6.5794471694043555
2045 -3.186680135224622
2046 -3.0994694199532686
2047 -4.573320018876741
2048 7.668818951232403
2049 0.9932270131619636
2050 1.763991083158965
2051 -3.3251542321753202
2052 18.916032766429563
2053 -0.5947211289585392
2054 -3.4399045558402874
2055 -4.3669914001710595
2056 1.7318496021344298
2057 -3.3614246260812486
2058 -1.2371104685207515
2059 -4.606177770799784
2060 14.998381149769905
2061 6.290556816303573
2062 2.4277514689627644
2063 -0.2978793701896534
2064 16.519624310167796
2065 -4.143547144904098
2066 1.6480975624817367
2067 3.49666719453991
2068 15.463339822508713
2069 1.194596755921545
2070 -2.810630490976241
2071 -5.8827851631113734
2072 -4.9556791333160515
2073 5.819541732389608
2074 1.3896206318066202
2075 -6.540218141405564
2076 11.166354299479508
2077 1.9018871325862916
2078 3.938431594784573
2079 -5.1196067665909055
2080 -4.258749031000729
2081 0.225134336786595
2082 6.0157939960113165
2083 -2.7621050269499134
2084 3.5433876744724815
2085 8.576486980589449
2086 -0.3153556071452117
2087 -1.030984990019967
2088 -6.739888372869195
2089 -2.046396036674919
2090 0.22851111587061912
2091 -3.1630701819335205
2092 0.959993430151366
2093 -5.315537062578832
2094 1.5494242032754328
2095 -1.035281728404423
2096 -0.772190367849289
2097 7.5610381094835315
2098 1.274458437145921
2099 -6.125712950221256
2100 -4.605205687946596
2101 -5.539068780224712
2102 -5.394537093127665
2103 -4.794890561648944
2104 -6.5794471694043555
2105 -4.3299593005968955
2106 -4.700279366207191
2107 -6.378674073584327
2108 -5.373377704953176
2109 -6.978033731561644
2110 -6.222957973226678
2111 -3.5282337451289054
2112 -5.354663583400372
2113 -6.335638320230572
2114 -5.353846753777246
2115 -5.917075321403805
2116 -6.3972275926266695
2117 -5.01431548678309
2118 -5.409995135953416
2119 -5.658911802716261
2120 -6.739888372869195
2121 -5.795222033877906
2122 -5.835182096594442
2123 -5.8827851631113734
2124 -6.540218141405564
2125 -5.1196067665909055
2126 -6.013841670907591
2127 -6.617385614522268
2128 -4.091876918351888
2129 -6.479992754761089
2130 -6.125712950221256
2131 1.264474383416112
2132 2.6674643182047095
2133 0.10877749305664808
2134 2.2855518267536263
2135 -0.5850765845421866
2136 -1.644248118554179
2137 -2.168916847416886
2138 2.0636701244905566
2139 -6.982683996065805
2140 2.864152953708742
2141 -1.747789693898839
2142 19.028000398749377
2143 -4.2101335003987845
2144 -4.135539578320248
2145 -6.38510500102627
2146 -5.844646915609612
2147 -3.2008286711299445
2148 -4.6563322798362705
2149 -0.6579860431828095
2150 -2.161061292375046
2151 -0.6267827635606743
2152 -2.7943254756211657
2153 -1.7697127397440764
2154 1.0779437507815537
2155 1.2566588639664023
2156 5.196345490163758
2157 -5.053089297666143
2158 16.362292766689016
2159 -5.122075888600882
2160 -5.044569803996289
2161 1.884711806598847
2162 -5.138076921002158
2163 6.049033559683368
2164 4.5671855405552835
2165 1.52869240940286
2166 2.9995775591682934
2167 -0.05976572817448611
2168 0.8712548066800695
2169 -2.0780244940367854
2170 -1.5412248261690298
2171 2.0271732997891228
2172 3.5615426299534483
2173 -1.5564678268318293
2174 10.238513383723731
2175 -3.3112020199965198
2176 -3.631276277380491
2177 -3.1826100172951723
2178 -3.9608515906973762
2179 -1.4218093387473696
2180 -1.4337995915564457
2181 -5.494635012821321
2182 -3.420640836927263
2183 7.770583004564874
2184 -5.373171841311927
2185 -4.848655106631011
2186 13.891593506460055
2187 2.3006466190092723
2188 -3.0963967061297653
2189 -2.8118939703846833
2190 8.274732427482602
2191 0.0581764980961727
2192 -2.7366396016059333
2193 -1.2428948551603638
2194 -2.4944522924572894
2195 -2.8236288302965304
2196 -4.683050471132519
2197 -3.1753797558408996
2198 15.905493668079536
2199 0.5066659091746996
2200 2.1806537621666915
2201 0.016990110777104217
2202 11.362121425376035
2203 1.61142683969677
2204 -5.548776003387493
2205 -5.153094690920612
2206 9.256932280216459
2207 -2.7345192431465493
2208 6.6747666103757535
2209 -2.4437794560529826
2210 -0.44282962378166957
2211 -2.41074624994914
2212 0.8109820577827954
2213 -5.378981575074947
2214 -1.267743371953937
2215 -2.029938416017777
2216 -1.3515055685510635
2217 -5.093252525362321
2218 3.263954987608334
2219 0.29216105234065415
2220 0.15736729357989354
2221 -4.71777338492099
2222 7.431328323194542
2223 -3.6801932385560825
2224 4.052819510847417
2225 -6.24513165492319
2226 -3.7326841945407514
2227 -2.7781844196373564
2228 -4.997931629530278
2229 -0.939456417449017
2230 4.359580990913775
2231 0.170233645016987
2232 -0.9654812600269362
2233 -6.150544530744844
2234 -3.8212426511752655
2235 -4.494516683538463
2236 -3.2525412073079027
2237 -6.5819008350379535
2238 20.604679432495594
2239 -3.7337379078725115
2240 -5.171743159975691
2241 0.25278372932562565
2242 -3.0761079413676367
2243 0.7967796619856771
2244 6.250270455296467
2245 2.193023133048941
2246 -3.900309351306477
2247 -5.980006491820953
2248 -5.377346316199197
2249 -1.270322583428709
2250 -0.581126649845034
2251 -5.539068780224712
2252 -5.394537093127665
2253 -6.982683996065805
2254 -6.5794471694043555
2255 -4.3299593005968955
2256 -5.373171841311927
2257 -6.378674073584327
2258 -5.373377704953176
2259 -6.978033731561644
2260 -6.222957973226678
2261 -3.900309351306477
2262 -5.354663583400372
2263 -6.335638320230572
2264 -5.353846753777246
2265 -5.917075321403805
2266 -6.3972275926266695
2267 -5.01431548678309
2268 -5.409995135953416
2269 -5.658911802716261
2270 -6.739888372869195
2271 -5.795222033877906
2272 -5.835182096594442
2273 -5.8827851631113734
2274 -6.540218141405564
2275 -5.1196067665909055
2276 -6.150544530744844
2277 -6.617385614522268
2278 -4.091876918351888
2279 -6.479992754761089
2280 -6.125712950221256
2281 -5.161771593012143
2282 -4.169120921601512
2283 -2.4041924657186655
2284 3.420045971623921
2285 6.2167171042253475
2286 -6.552299155535787
2287 -5.508212357253447
2288 -5.160798969014328
2289 4.283130492845855
2290 -0.6330359524972744
2291 -0.678461791167484
2292 -6.149747909557781
2293 5.147567927289553
2294 2.1054142013126294
2295 -5.996671483046972
2296 4.34118671312952
2297 -4.365153036299631
2298 -6.554031887622222
2299 1.6741289921602593
2300 -4.27214905114145
2301 5.61471007685007
2302 -2.8170945593804495
2303 0.323213901639793
2304 5.992932998098974
2305 -3.1826799225178446
2306 -6.531211426018182
2307 3.503607311972377
2308 11.95521619759304
2309 -5.6706026270350876
2310 -5.625954257545908
2311 -5.916889841396162
2312 4.39630715391057
2313 -2.590381609692277
2314 -3.14398596041873
2315 -6.865684824355858
2316 17.555427572769304
2317 7.063521141399542
2318 -6.61041650957002
2319 -6.683470631863069
2320 -0.6850633629289646
2321 -4.293979484714769
2322 -4.98114102782915
2323 -1.439664444061848
2324 15.89357463616551
2325 -1.1381572726197131
2326 -6.091134636502945
2327 -5.5270343571437355
2328 17.711885093527876
2329 2.3848945135849373
2330 -3.0137448755819145
2331 -6.647358051871175
2332 -4.496124823252053
2333 -5.158367326929216
2334 -6.612173847812978
2335 -4.878593107734659
2336 9.208912128418614
2337 0.18280366582622554
2338 2.867942844448709
2339 -2.5938026708130195
2340 1.2567269689659497
2341 0.6615684528129825
2342 -2.9678098041061816
2343 -6.301943962287412
2344 -4.343824671801917
2345 -3.779449405244166
2346 -6.458255210943156
2347 -4.408480029371519
2348 13.75726642350746
2349 -4.485859737286335
2350 2.6004381103622087
2351 -0.5931550807705406
2352 3.6248628245095826
2353 0.0289912064151171
2354 7.246433557416465
2355 -4.997197508575325
2356 15.053809255435269
2357 -2.7564008174942307
2358 0.5889314316734818
2359 -2.9804166745565857
2360 -5.8377233793957135
2361 -4.077769904209305
2362 -5.049906107108314
2363 -5.791142472045822
2364 13.917785671239361
2365 -4.690671370247941
2366 -6.51299353475517
2367 -6.61119638526306
2368 -4.622043868603678
2369 8.528795756426856
2370 5.508500565224238
2371 -5.888524936335788
2372 0.7397772163722705
2373 -4.735760388917978
2374 -5.121217042808823
2375 -0.32565422823515977
2376 4.288488905853317
2377 -0.23948524505132984
2378 2.421606434230602
2379 -0.2346241030137155
2380 -4.1930862421186905
2381 -3.420912638881436
2382 -3.8113515561229434
2383 1.668186574278959
2384 -6.289104879757445
2385 9.774199654691689
2386 -0.05554153446265042
2387 -6.503774769817507
2388 -1.9332738092098942
2389 5.3655567656739365
2390 9.843079079035192
2391 -3.8901286993231627
2392 -3.532980939862809
2393 -5.0508191875272
2394 -0.37919592391740403
2395 -4.207392021944052
2396 -0.11216725289683982
2397 4.314217914604381
2398 0.8839233659188435
2399 -6.028452048164476
2400 9.130226683288033
2401 -5.539068780224712
2402 -5.508212357253447
2403 -6.982683996065805
2404 -6.5794471694043555
2405 -4.365153036299631
2406 -5.373171841311927
2407 -6.612173847812978
2408 -5.916889841396162
2409 -6.978033731561644
2410 -6.683470631863069
2411 -4.293979484714769
2412 -5.5270343571437355
2413 -6.647358051871175
2414 -5.8377233793957135
2415 -5.917075321403805
2416 -6.51299353475517
2417 -5.01431548678309
2418 -6.289104879757445
2419 -5.658911802716261
2420 -6.739888372869195
2421 -5.795222033877906
2422 -6.61119638526306
2423 -5.888524936335788
2424 -6.554031887622222
2425 -5.1196067665909055
2426 -6.150544530744844
2427 -6.617385614522268
2428 -4.091876918351888
2429 -6.531211426018182
2430 -6.125712950221256
evaluations raw_y
1 54.13406641216646
2 62.74566634401498
3 63.478389390856094
4 69.56543028014971
5 53.51814088238706
6 36.12857247615783
7 49.605927094078524
8 11.007437278608668
9 18.679114076650073
10 8.879718995916948
11 34.14616751127416
12 41.77732166215571
13 29.82159630574899
14 39.7254280318592
15 43.9792221032602
16 23.622074694103766
17 43.170560221106086
18 41.51364020269026
19 35.044501856645695
20 15.735392056170031
21 46.48235719104512
22 38.49997982406312
23 42.79064700854686
24 57.441511200922626
25 59.467917561674874
26 69.84097322341587
27 26.18666947737264
28 50.966698917408955
29 33.59056321334049
30 42.987929641823186
31 44.174762528016515
32 24.642817313529463
33 40.55194685980145
34 49.3917167140253
35 32.739811231673464
36 20.516387468375832
37 32.739811231673464
38 42.51870265990833
39 25.651205383937977
40 41.99126079103883
41 25.08526050161108
42 32.78361024907225
43 61.57655769262217
44 25.41815664425051
45 58.51280657579188
46 57.734591895362755
47 39.697293392978786
48 11.4017264405503
49 68.70066633843118
50 45.31823783435423
51 38.42578150656372
52 49.45586646229681
53 41.20746038355852
54 33.565134544957274
55 35.492053991467216
56 43.004788738243846
57 61.59416183699881
58 14.863804383761254
59 7.210370485842087
60 29.987163573066287
61 28.637784064228466
62 15.104849871151762
63 12.427586171442782
64 37.33614137337226
65 6.743787833691283
66 19.595665492305468
67 10.917191077746867
68 31.310431913940885
69 24.976813113088184
70 29.9486178530994
71 6.558563262543159
72 22.604907150378104
73 6.558563262543159
74 26.225753247116458
75 11.868740647984529
76 10.11671590070649
77 2.347895703006958
78 10.501837216627198
79 30.460187003698472
80 17.95614825853
81 53.77911316268958
82 32.95746346016599
83 36.70440732371381
84 29.530680322114108
85 26.493370189585804
86 8.171160317984988
87 12.632949239737245
88 2.1287458603926526
89 12.673586009109162
90 17.396384910396144
91 13.949411938652613
92 48.439354207002985
93 14.534080343368032
94 24.453848022434997
95 16.97999895787577
96 5.9695672659933985
97 18.514093921297597
98 16.13854443277658
99 23.415298623999348
100 3.7123821261054673
101 28.912276178231544
102 24.151877633287807
103 21.386557176406892
104 21.145140227432314
105 24.64775923520963
106 14.541537744739713
107 8.409900415010584
108 14.935391107300559
109 11.091139379043641
110 7.990736925607944
111 31.279094546511807
112 9.179261822217956
113 21.82957733018569
114 39.24566162758757
115 19.293110036123956
116 4.7135963622454895
117 23.800739178218777
118 18.294023532182923
119 9.050677828832605
120 18.74262390806603
121 5.066601965935551
122 6.215933200607604
123 9.95318298296786
124 21.9503647926306
125 12.81279778899423
126 10.450358768844353
127 17.181220266939714
128 21.425294991585556
129 14.541537744739713
130 14.126243131580095
131 36.183815423695954
132 51.92925245406236
133 16.238404703423992
134 13.707995722669668
135 11.908379662030985
136 12.572860526300998
137 9.393957402216323
138 20.72427713546565
139 9.41624259141458
140 -1.1366606982241345
141 19.892614374437105
142 8.849768867682196
143 14.23169272789271
144 5.949118001474623
145 22.12217206300816
146 13.811407289297359
147 23.99229252091544
148 8.616013211494273
149 23.845191183997706
150 34.11268619130766
151 10.501837216627198
152 9.179261822217956
153 25.08526050161108
154 4.7135963622454895
155 14.935391107300559
156 8.849768867682196
157 21.425294991585556
158 3.7123821261054673
159 5.9695672659933985
160 8.879718995916948
161 6.558563262543159
162 2.1287458603926526
163 13.811407289297359
164 -1.1366606982241345
165 5.949118001474623
166 8.616013211494273
167 16.97999895787577
168 21.9503647926306
169 21.386557176406892
170 8.409900415010584
171 21.82957733018569
172 19.293110036123956
173 5.066601965935551
174 8.171160317984988
175 14.541537744739713
176 16.238404703423992
177 9.393957402216323
178 9.41624259141458
179 13.707995722669668
180 23.845191183997706
181 12.03502710271928
182 6.766336130570808
183 17.026446677304342
184 13.178021310316065
185 5.669719031116207
186 18.44637927390736
187 5.155968769160835
188 7.179410936526381
189 22.500425283568337
190 17.509624060439993
191 29.47718208886768
192 27.32266751774824
193 9.114139297238502
194 2.150434654319098
195 5.121708786320584
196 23.278926432270172
197 12.856978301838133
198 20.208189512688726
199 20.323421050827555
200 11.04132142982445
201 0.8561699829938574
202 18.895682960775552
203 2.7545085227947927
204 3.1910708461134245
205 19.076076597761755
206 14.6264758973887
207 19.074236699193392
208 29.070485162770158
209 5.725923610981031
210 4.67384152188218
211 27.74238418619705
212 8.57234739610153
213 15.543881972803744
214 13.58206061047284
215 14.52567868193776
216 11.916492392403317
217 7.222428040663326
218 7.868931158578054
219 30.042976844395245
220 5.703884404333929
221 3.364125928813295
222 7.490115834301307
223 5.702064104381003
224 6.726883401552087
225 9.892815468978569
226 13.661591354313654
227 3.0261488686090496
228 25.43885377488759
229 0.7999754553837324
230 16.295580673336143
231 4.025501552388095
232 1.9808042097178578
233 4.956502271060936
234 5.0497357982980215
235 -0.03539734107215953
236 7.951491562413736
237 3.027564815566918
238 7.416547639326356
239 8.668413615096428
240 3.4187278632761995
241 -2.006416593744614
242 7.644869424019582
243 5.017045998577064
244 23.688613409132344
245 4.522700927173142
246 -1.137266135540151
247 9.194384026205741
248 19.926348676413518
249 0.2248207269037592
250 3.377945445845941
251 1.1956441898677619
252 17.364720986665194
253 17.100806051875754
254 -0.3122836595302281
255 10.992445632977411
256 13.859587953432419
257 7.379887073892158
258 -1.2679019272517775
259 1.76088747715683
260 9.599303195668494
261 -1.8424403460903367
262 7.033656420351242
263 4.823598870580885
264 15.985012001280145
265 10.491372749570344
266 2.531721958689703
267 12.629210114910013
268 32.64786908032399
269 -0.0014847272054763216
270 9.182069481305648
271 4.712134592839692
272 11.249847353428505
273 11.299403156767251
274 6.899358633990695
275 4.216616240501651
276 12.121703715648446
277 -3.015322004958455
278 5.776149133514297
279 0.4380459983146361
280 -3.9470272232175896
281 12.002440542239643
282 6.1274854560647505
283 10.301629034085156
284 21.093674456900505
285 0.015036734475247115
286 5.656548219436167
287 -1.7172481235915749
288 3.4840411850789668
289 -5.524475653904401
290 11.0944012456392
291 -0.47265599636089295
292 -0.8594270761726728
293 0.03528170433544808
294 17.96041926325749
295 1.983076476446275
296 11.087698361739228
297 8.728235096521871
298 4.460220678263721
299 7.575428431809228
300 3.603061803959268
301 10.501837216627198
302 5.155968769160835
303 22.500425283568337
304 -0.3122836595302281
305 6.899358633990695
306 0.8561699829938574
307 17.364720986665194
308 3.7123821261054673
309 -0.8594270761726728
310 7.222428040663326
311 3.364125928813295
312 2.1287458603926526
313 -3.9470272232175896
314 -1.137266135540151
315 1.9808042097178578
316 -2.006416593744614
317 4.522700927173142
318 0.2248207269037592
319 10.992445632977411
320 1.76088747715683
321 -1.8424403460903367
322 9.599303195668494
323 -0.0014847272054763216
324 4.216616240501651
325 -3.015322004958455
326 10.301629034085156
327 -1.7172481235915749
328 -5.524475653904401
329 0.03528170433544808
330 5.656548219436167
331 7.593665654813519
332 2.0667406819575502
333 10.161592323974425
334 10.996780573222537
335 2.752311498673869
336 -0.8838372367177438
337 0.8978734013532979
338 2.045900567855858
339 20.565613843602062
340 4.753710657525529
341 21.680579374364406
342 20.55553639629588
343 4.365718016889261
344 7.743851033388579
345 12.26240731982888
346 9.658220134942992
347 7.166855637709697
348 10.997082238327225
349 0.3005617384124646
350 21.535999038850665
351 4.691640035881289
352 7.6513580621504245
353 5.04998851412766
354 2.3111103521213066
355 9.113882214089237
356 2.624970528169464
357 6.548584447462726
358 20.83814431445337
359 6.585521754863278
360 -0.20848273368064607
361 13.919963271170651
362 4.6098164571813
363 -0.7018995694958745
364 -0.42874883117018747
365 11.170181890936238
366 7.165310124088033
367 11.619474259030264
368 6.996656097833416
369 7.289772729191412
370 11.702194729347651
371 -0.38016703330195156
372 1.920540993604554
373 5.076266567097685
374 22.18720284282961
375 1.7057051676144013
376 3.269578291914592
377 -0.09651307121755925
378 11.012978862665879
379 -4.221941518013572
380 1.2750650327094193
381 4.971376561868609
382 3.962736392186848
383 -1.6075196246034968
384 -4.516021653019655
385 9.596945090325235
386 0.02025336473970274
387 2.9800686571008765
388 1.0002273412496283
389 1.9808042097178578
390 7.813257402108682
391 -0.40811651647033553
392 1.0742788290174652
393 4.295048451918536
394 2.444175544201815
395 3.7564625257136277
396 7.524906453349985
397 9.506166184421124
398 20.687752035039495
399 2.6426282467748283
400 -0.3163940785798047
401 6.424891259448433
402 1.6766088886809487
403 2.321457200191843
404 -0.45089156355712845
405 3.332549751119601
406 4.324123468990099
407 -0.6036186691112944
408 6.500360962312843
409 5.6951417063610545
410 2.1428577512072664
411 -4.499676374526662
412 6.367485417687195
413 -4.103111275741487
414 8.782546307341853
415 1.7574797947879421
416 1.5718318572942196
417 4.15080627730034
418 23.320289926835212
419 -0.07674148204681419
420 0.06615569507587682
421 7.547713849342115
422 14.430049232896863
423 7.124656820464436
424 -2.9028303478789823
425 11.316003399278818
426 4.4900746788994885
427 2.570272273829186
428 3.668251698768941
429 0.5093578763069488
430 11.259837418625331
431 5.380259325811251
432 0.3383326572384786
433 3.8372837053567466
434 23.047139307217282
435 -0.8393994443312081
436 4.752062052824708
437 6.180700530633193
438 13.725742955636312
439 9.072293207066082
440 0.44129558747543496
441 -4.976092075854841
442 -2.102903330058375
443 1.6400766107067661
444 2.033757865264063
445 3.2200135314189966
446 6.659006932679616
447 1.2706807087217329
448 2.2660108899976548
449 -0.03686923640007844
450 -1.6780041820889222
451 7.524906453349985
452 0.8978734013532979
453 2.1428577512072664
454 -0.3122836595302281
455 -0.45089156355712845
456 0.8561699829938574
457 6.548584447462726
458 -2.102903330058375
459 -1.6780041820889222
460 2.033757865264063
461 -0.38016703330195156
462 -0.09651307121755925
463 -4.221941518013572
464 -1.6075196246034968
465 1.9808042097178578
466 -2.006416593744614
467 3.7564625257136277
468 0.2248207269037592
469 2.321457200191843
470 -0.6036186691112944
471 -4.499676374526662
472 -0.3163940785798047
473 -2.9028303478789823
474 4.216616240501651
475 -3.015322004958455
476 3.8372837053567466
477 -1.7172481235915749
478 -5.524475653904401
479 0.03528170433544808
480 -0.03686923640007844
481 2.0779890041953726
482 0.41109593942051625
483 0.6960826615153393
484 1.673352794157339
485 -0.951917764494016
486 1.5332853472423165
487 8.976373227030475
488 7.62018847612484
489 2.0096523119498864
490 0.9274507503695564
491 5.8680713517814285
492 8.571920217687326
493 4.816627410793121
494 9.522195808822893
495 2.5118583463017514
496 1.1217364270942571
497 0.9185976693189937
498 4.695584419464073
499 3.8608751123897473
500 10.067062715677539
501 7.476714639841277
502 5.113378293568853
503 6.297386549753064
504 9.328772904459631
505 2.1091922780437553
506 -2.0611489838820685
507 0.3271568991044176
508 7.7827108056643
509 -2.271048571301451
510 -1.2988359765659032
511 4.520600726049676
512 -1.431814229992331
513 1.6198132914875896
514 0.09186548647026616
515 2.5546402169251605
516 0.5478871937490064
517 2.4289808505224375
518 -4.283242062538211
519 -2.5068593305342977
520 20.528638950707943
521 -0.20827408011388515
522 -2.4465806014166938
523 -1.591198638257714
524 9.91356102772273
525 0.6977860578477058
526 4.9156311518408735
527 2.875246420238862
528 12.937572221723153
529 -2.8149491982578123
530 0.3221372568706662
531 8.402804339634908
532 7.714273413385022
533 1.4962463948033335
534 -0.1212502489006293
535 4.118858737314186
536 3.1475845266536746
537 4.042390765049641
538 2.093614803882641
539 2.7847507374270624
540 0.08540523208900397
541 2.255911017625434
542 1.269192735316886
543 3.3081765893779846
544 5.988062219056502
545 0.3264407249347443
546 2.4981283686707543
547 -0.26680287135410774
548 3.4392533966889465
549 10.439629228633517
550 2.915618677821383
551 4.088064012942506
552 2.223882965355772
553 3.375262340325786
554 5.41231792922542
555 9.597996496257595
556 15.7628608770584
557 -0.15572453516957863
558 2.4637447005540456
559 2.1319001052093345
560 8.931281059810589
561 -1.8777712519630225
562 1.5201697342486777
563 2.3864438585595336
564 7.21117018384693
565 1.1989747078429185
566 0.8458843354611103
567 2.775071022113945
568 2.2657615594260343
569 -2.4313115383229937
570 -4.857683771443461
571 4.007422243757851
572 6.1503570832395535
573 1.8237257868718557
574 4.096956404972584
575 -2.6673938445859324
576 1.0050505610314322
577 0.9977432789852414
578 1.557928615302174
579 -1.4864092640133801
580 0.3361944877830685
581 -0.8600071306951969
582 -5.104848521593188
583 2.2505381159787707
584 -0.5706326744785719
585 2.7810180271924505
586 11.670069954636585
587 5.402723478738715
588 -1.8740066464510594
589 9.018490876826394
590 0.26044957264929336
591 -4.216504711878226
592 3.1714822732350267
593 5.559353989927447
594 -0.01881549641838065
595 2.56274943370636
596 22.324307579962625
597 0.014406721740884754
598 -1.6270312110451441
599 5.277372974498466
600 0.35886537835741117
601 0.6960826615153393
602 -0.951917764494016
603 2.0096523119498864
604 -4.283242062538211
605 -0.45089156355712845
606 0.8561699829938574
607 0.3271568991044176
608 -2.4465806014166938
609 -1.6780041820889222
610 -2.5068593305342977
611 -1.591198638257714
612 -0.09651307121755925
613 -4.221941518013572
614 -1.6075196246034968
615 1.9808042097178578
616 -2.006416593744614
617 -0.26680287135410774
618 0.2248207269037592
619 2.321457200191843
620 -0.6036186691112944
621 -4.499676374526662
622 -0.3163940785798047
623 -2.9028303478789823
624 -2.6673938445859324
625 -3.015322004958455
626 -1.2988359765659032
627 -1.7172481235915749
628 -5.524475653904401
629 0.03528170433544808
630 -0.03686923640007844
631 -1.115874719317728
632 3.9557509760397975
633 -0.9132290860647938
634 -1.7309643342641423
635 4.340684925679943
636 3.5851071187518366
637 0.6608003937369151
638 5.644241944262754
639 2.941154662787407
640 4.498431834946442
641 3.141539680385509
642 9.70783260840107
643 1.9530902183826901
644 3.9141883291860764
645 4.775539253906551
646 17.243954973062976
647 4.925485933164203
648 2.1484793947936702
649 5.664670115384535
650 -0.40129370734014724
651 3.3923603718364115
652 0.16734344933677825
653 9.648146295484874
654 0.8998006683503919
655 -3.9117774494429405
656 -2.6669505713522996
657 1.477563841375301
658 -2.3203662572602477
659 -0.3308783627727552
660 4.490795575852505
661 7.702549169184929
662 10.471787209965548
663 0.9855276355186636
664 -0.5774187694780468
665 -2.479212464853529
666 -1.1811758096500706
667 -1.4857001652249606
668 1.4523919541285482
669 7.259434321517206
670 3.560584758781258
671 4.19380785218634
672 1.7857494189081604
673 1.4890892695480713
674 0.38451829989177355
675 0.387266597430008
676 3.58190287650158
677 3.039875498216722
678 19.781415403941534
679 2.183982478326932
680 0.8246533042341802
681 -1.7640824264103663
682 11.913728987592062
683 2.297462062432569
684 -3.820007335837894
685 6.030230928228936
686 9.594312181814143
687 6.48386393128355
688 3.6026606348281285
689 -0.4310589357926409
690 9.938070459674243
691 9.794541273004542
692 6.087928842986212
693 -0.11268912892459815
694 19.953735253578433
695 -0.003045342554145458
696 -0.35019612751696627
697 2.6520538549585324
698 1.1352037766181609
699 2.345521453797202
700 5.096523257882188
701 0.39181636698031674
702 21.1796149389982
703 2.0493900063534234
704 -4.3842149241539925
705 11.191270383855409
706 5.5755380291873555
707 2.468149457603717
708 2.2903537779778476
709 0.42441354346049476
710 23.95183273519176
711 1.2147437926337383
712 -4.783991615358986
713 -0.4497978219687586
714 0.45045049917288993
715 1.9271232520938182
716 -4.277802292835896
717 -0.5742493973524567
718 12.160706934097004
719 3.8233954231696323
720 0.8530872839314949
721 4.650000612330925
722 2.8931722395368067
723 1.9964050117983905
724 0.4232377282767368
725 5.134506219159714
726 19.798417844391373
727 3.602711254546019
728 -1.5710733049021108
729 -1.745312677596341
730 0.8817539027921191
731 7.5918876698247235
732 0.2823872054604648
733 5.544042174644003
734 17.74607917131104
735 -0.7125024763864731
736 -2.792233442442783
737 4.687573025671152
738 -1.248830677488665
739 -4.100811799789561
740 1.9571079414070234
741 -0.7800091476380178
742 3.2644174325865176
743 2.8790846017999017
744 0.7856125729411705
745 -2.0281051968548383
746 3.405302678282373
747 3.573233538854505
748 2.2013454043035727
749 0.6723097534436557
750 14.497532055093417
751 -1.115874719317728
752 -1.5710733049021108
753 -2.792233442442783
754 -4.283242062538211
755 -0.45089156355712845
756 0.8561699829938574
757 -4.783991615358986
758 -2.4465806014166938
759 -2.479212464853529
760 -2.5068593305342977
761 -1.591198638257714
762 -0.09651307121755925
763 -4.277802292835896
764 -1.6075196246034968
765 -0.4310589357926409
766 -2.006416593744614
767 -1.248830677488665
768 0.2248207269037592
769 2.0493900063534234
770 -0.6036186691112944
771 -4.499676374526662
772 -0.5742493973524567
773 -2.9028303478789823
774 -2.6673938445859324
775 -3.015322004958455
776 -1.2988359765659032
777 -1.7172481235915749
778 -5.524475653904401
779 -2.0281051968548383
780 -0.03686923640007844
781 1.7081185481249688
782 3.2276593025367832
783 -1.8833060735975566
784 0.9532534466866203
785 2.66999068588861
786 2.517869282482683
787 -0.9599014452819623
788 -2.894393384274621
789 3.0282842263875476
790 -0.01314465862590053
791 -2.5953892108829413
792 -2.8461808562117525
793 3.6382899155016406
794 -1.8763294386464304
795 1.679576211031649
796 12.037081323493705
797 2.2917592834652165
798 -0.9683236499454568
799 -0.48276721656999655
800 6.220565945639823
801 1.0048028297222882
802 -1.389488909343443
803 1.9400762188623184
804 3.965549234852608
805 8.288395152219145
806 6.704038030981225
807 4.676920541587948
808 5.254330920964367
809 1.3631763422056529
810 -0.6743000735254843
811 -1.6295189714741034
812 -0.8539276685208215
813 2.9997596725654
814 3.3361145634306446
815 -1.372318513234564
816 -0.724097329133504
817 -2.784917646612521
818 -1.3987238359562717
819 5.052072783634727
820 15.21036610929459
821 3.9708348865886354
822 2.213390815823126
823 1.3762989605974139
824 19.229414001024427
825 4.40252983026112
826 -3.7782387519087792
827 3.8666056534178677
828 3.443023563356483
829 -1.706590109878226
830 -1.4817760903846788
831 5.959075290199249
832 -1.7996314720185151
833 6.811303767465898
834 2.743624562034451
835 1.0006484441433194
836 20.854267031109295
837 -1.0411559987619683
838 1.4896771676524567
839 1.3262970591339545
840 15.091263844152405
841 -3.101272536122455
842 -3.4897788895615545
843 3.47789320898406
844 -3.5146770821404334
845 -1.8935911105611938
846 -5.33365750058208
847 6.982352988148611
848 -0.05604907198472553
849 -0.922879272204479
850 0.5660854579560068
851 -0.922879272204479
852 1.361738705341907
853 2.7622925273383707
854 3.079610158761038
855 1.9318110160533841
856 5.610478074518687
857 -1.80415086092817
858 6.180138962950304
859 -1.6730321403757515
860 19.395800895855942
861 -4.071381904260811
862 -0.4173536864812517
863 2.191120467469588
864 9.72124640450466
865 -2.5160747484415538
866 0.8605267886601622
867 -1.8396691817523745
868 -2.595999327784734
869 4.607982447636775
870 4.371995343136034
871 0.7760903386513016
872 10.491133446515377
873 -1.2092456930581736
874 -2.003744516938493
875 1.5591992208380887
876 22.433656508492316
877 -0.799129017281641
878 -6.217013924772687
879 -2.2226205537471855
880 10.99769449715172
881 3.218425609628921
882 -3.699375342775162
883 -4.711109856060697
884 -4.002342695618922
885 -0.10715122963523127
886 -1.688369402058647
887 0.49638589005415135
888 -0.9594783262553981
889 -3.641156665738055
890 7.30891943250477
891 -1.169343522149574
892 -0.2246296843489457
893 5.662607094079917
894 -2.5051523844266548
895 4.5341776404396485
896 4.052032351186083
897 2.8739490896664606
898 3.7654758713242487
899 -0.0037657675397384516
900 5.160271594797529
901 -1.8833060735975566
902 -1.5710733049021108
903 -2.792233442442783
904 -4.283242062538211
905 -3.7782387519087792
906 0.8561699829938574
907 -4.783991615358986
908 -2.4465806014166938
909 -2.479212464853529
910 -2.784917646612521
911 -2.595999327784734
912 -0.09651307121755925
913 -6.217013924772687
914 -1.6075196246034968
915 -3.699375342775162
916 -4.002342695618922
917 -1.8935911105611938
918 -0.922879272204479
919 1.9318110160533841
920 -1.80415086092817
921 -4.499676374526662
922 -2.5160747484415538
923 -2.9028303478789823
924 -2.6673938445859324
925 -3.015322004958455
926 -4.711109856060697
927 -1.7172481235915749
928 -5.524475653904401
929 -3.5146770821404334
930 -0.03686923640007844
931 0.007879518201681313
932 2.146280242611837
933 -2.7038132145979468
934 15.073460903382166
935 -0.2553693970385167
936 1.1014829358221676
937 -2.0955165425692126
938 -4.202581225141166
939 -0.25878075470466133
940 3.3390025516370216
941 -2.3340884723096194
942 1.5541624684254962
943 0.5360115380334154
944 -1.6061868681130163
945 5.12592993518831
946 12.564321212617934
947 -2.7352413108946543
948 -2.7056002961303838
949 -2.1880096236841347
950 -2.179728085929275
951 3.315510806470195
952 -0.8444189299581173
953 5.715608506717879
954 25.8182966627223
955 2.5096797826266855
956 -2.2437438860502015
957 6.752774406205563
958 -2.203251064588558
959 0.3610577682393099
960 2.9785725423657716
961 1.0049751325930583
962 8.937432794649013
963 4.2438938840780445
964 5.617947093140349
965 5.83580562627987
966 0.4869695161486063
967 3.0252847446281352
968 1.5594554727045198
969 7.412242262561863
970 -0.2793549809071929
971 4.120379125502808
972 -3.6252594729800736
973 4.580315772605699
974 -2.547602705154293
975 4.037508849911266
976 6.3917454847848045
977 9.209950527759231
978 12.837117266082283
979 4.42331358266485
980 0.8338840839045802
981 2.3045147435824953
982 -6.469832583782004
983 4.017212574440438
984 3.1100193578235835
985 -0.3771861854088425
986 11.258600789974697
987 2.96381937298902
988 -3.066377753085641
989 -5.645756877221367
990 -3.2652905361321523
991 -4.180245592978703
992 -4.088113271149786
993 -0.3260733009474519
994 0.6725350926856777
995 -2.098108365904265
996 7.847320649527312
997 -2.4601565216959207
998 3.0772551028166815
999 0.27998860845082674
1000 -1.5021713070755585
1001 1.3565745093902524
1002 4.030290013161366
1003 1.2344795734777008
1004 2.4071774857036266
1005 1.7912750749945199
1006 21.31382462449921
1007 0.5097189322860254
1008 0.8448437472266543
1009 0.9704380920048448
1010 -1.5468793076656357
1011 -0.10451737766061653
1012 6.677505002457227
1013 2.0253448383835124
1014 13.622007102208439
1015 5.6122101697582485
1016 -2.002479053247532
1017 0.556036496106465
1018 -0.8008667755950807
1019 1.0029164928056136
1020 0.5664764753280656
1021 2.6122897333864126
1022 3.8297584514273533
1023 -0.9178973504031257
1024 1.1448375539595457
1025 -1.405561011613768
1026 21.57559089834498
1027 6.497681136657517
1028 3.2260916673228084
1029 -0.009823016269956852
1030 3.0160971810839596
1031 3.1788428750469713
1032 5.447744369713553
1033 1.822421281761622
1034 6.989148409534511
1035 -1.8411690782412897
1036 -4.034226419245773
1037 -1.4100034338145457
1038 5.781218188698662
1039 -5.634963459813445
1040 -6.042588224402106
1041 -0.709225326296854
1042 3.920885749557395
1043 0.7488770872568717
1044 -0.483152214529865
1045 -3.516554316457497
1046 0.25424711420682256
1047 -3.6555094433352924
1048 -1.8452488756549872
1049 -1.6899938348740253
1050 0.7650580748854527
1051 -2.7038132145979468
1052 -2.0955165425692126
1053 -2.792233442442783
1054 -4.283242062538211
1055 -3.7782387519087792
1056 -0.2793549809071929
1057 -4.783991615358986
1058 -2.4465806014166938
1059 -2.479212464853529
1060 -3.6252594729800736
1061 -2.7056002961303838
1062 -0.09651307121755925
1063 -6.217013924772687
1064 -2.547602705154293
1065 -5.645756877221367
1066 -4.180245592978703
1067 -2.4601565216959207
1068 -0.922879272204479
1069 1.2344795734777008
1070 -1.80415086092817
1071 -6.469832583782004
1072 -2.5160747484415538
1073 -2.9028303478789823
1074 -2.6673938445859324
1075 -3.015322004958455
1076 -4.711109856060697
1077 -1.8411690782412897
1078 -5.634963459813445
1079 -4.034226419245773
1080 -3.6555094433352924
1081 -0.3931533067289281
1082 -2.953254277683101
1083 3.1005102082767944
1084 11.470982040523953
1085 -1.5594688399666403
1086 -0.2964551406963438
1087 2.209928843990372
1088 14.874585517126159
1089 -2.9566901074617604
1090 -4.209242590840569
1091 -2.8364818941598626
1092 -2.0895305367750905
1093 3.4968514292674584
1094 -0.6857965657751977
1095 6.356667752800926
1096 -0.016613392961601914
1097 -3.7645762228718898
1098 -0.44724356839919466
1099 -2.3478918106381865
1100 3.7277466145931712
1101 4.745885367150876
1102 -1.574644613937099
1103 5.557751309903391
1104 3.4436827218637616
1105 -2.980691362860384
1106 3.4307431668164177
1107 6.654581753977451
1108 -2.2231935291249445
1109 4.103974564848789
1110 0.05313023104344117
1111 -2.5013779066731896
1112 3.270084515371628
1113 0.8253141701091229
1114 2.6791612713097663
1115 -2.479212464853529
1116 16.169052017114378
1117 -4.421483475957103
1118 -0.8995565402977328
1119 -0.37615465315903496
1120 10.232866748701383
1121 5.988486250186641
1122 2.932523207736228
1123 -0.2526600399087746
1124 17.827149194218443
1125 5.612075084971677
1126 -2.6667344472203514
1127 -1.612930426079862
1128 16.346082239222714
1129 0.7570235216279779
1130 -5.08324419143791
1131 -0.9564007944529545
1132 0.0126246274520172
1133 2.8939206939305464
1134 0.6755995064303929
1135 0.4001493134577494
1136 12.153256783992392
1137 0.37211335022463066
1138 1.1136993217231024
1139 3.3656472058556672
1140 16.525232724883253
1141 -3.012603600417816
1142 -1.2220701502919833
1143 -1.4361311130298544
1144 -3.2384739875480273
1145 5.768944228398465
1146 0.14114725891300872
1147 0.8105172169237136
1148 11.972199053264694
1149 -2.48427513785574
1150 -5.868254661596044
1151 -1.3319880059752027
1152 7.633526775286778
1153 -3.4017765638118607
1154 -2.5304700794674293
1155 -3.3320952927432193
1156 12.20607390766094
1157 7.7772378162973475
1158 7.7619545306661255
1159 1.7071215497578045
1160 -1.8083382069515679
1161 -6.289382830383923
1162 -2.802848773459042
1163 -6.551449999809916
1164 15.7280109937375
1165 -1.4464081088717546
1166 4.343833995571981
1167 0.30042785802204386
1168 6.381540255137966
1169 2.0157421613725948
1170 0.3253217332387215
1171 2.8340369755869186
1172 16.820597825562714
1173 -0.04750720739323899
1174 4.338303309446244
1175 -2.086774920531253
1176 3.380827295943307
1177 -6.055859512557323
1178 6.004745547264207
1179 -1.9553829262263753
1180 6.239333619871525
1181 -1.6611701878782257
1182 0.695158084445902
1183 -1.3596514688311283
1184 -3.7881720996394064
1185 2.1432180743337748
1186 5.500597066284755
1187 0.589656502762103
1188 9.313160586675512
1189 -5.432009800986288
1190 -3.573728394486302
1191 -0.6416985899878473
1192 -0.13425967642413905
1193 -3.5856979359472607
1194 -0.24838849652075468
1195 2.021552668452889
1196 5.784978577820182
1197 -0.10035568179957843
1198 -6.342219352462882
1199 -1.6029778039720886
1200 14.852172785899825
1201 -2.7038132145979468
1202 -2.802848773459042
1203 -2.9566901074617604
1204 -4.283242062538211
1205 -3.7782387519087792
1206 -0.2793549809071929
1207 -4.783991615358986
1208 -2.5013779066731896
1209 -2.479212464853529
1210 -4.421483475957103
1211 -2.7056002961303838
1212 -1.612930426079862
1213 -6.217013924772687
1214 -2.547602705154293
1215 -5.645756877221367
1216 -4.180245592978703
1217 -3.573728394486302
1218 -2.48427513785574
1219 -3.4017765638118607
1220 -1.80415086092817
1221 -6.551449999809916
1222 -3.2384739875480273
1223 -2.9028303478789823
1224 -2.6673938445859324
1225 -6.342219352462882
1226 -4.711109856060697
1227 -2.6667344472203514
1228 -5.634963459813445
1229 -4.209242590840569
1230 -5.08324419143791
1231 2.220472519687048
1232 -0.2831662501921379
1233 6.633130634256871
1234 0.6359661856571646
1235 6.738573469791691
1236 -5.253321881613248
1237 3.8667824538485647
1238 6.355083569984107
1239 2.2848355895437438
1240 3.0165988188451784
1241 4.099589592206916
1242 -4.427164255007338
1243 -3.590632498776519
1244 -4.242430937362732
1245 -1.6692832956960117
1246 -0.05508977868714959
1247 4.549443357878501
1248 3.6932318913249302
1249 -0.931880646826049
1250 -0.23182380664302027
1251 0.10423573900716865
1252 -0.16322602235790806
1253 0.6821140623959616
1254 0.9236085793385322
1255 1.1575075336385814
1256 7.149092846475855
1257 -4.837686876232895
1258 9.820791014269606
1259 4.919739276939551
1260 1.7684506809567035
1261 -2.424921047019853
1262 16.555683255681867
1263 5.313837633254663
1264 1.361197877300228
1265 -3.3674471908471975
1266 -2.456318375316937
1267 2.3201778890187557
1268 -0.5932391621150641
1269 -4.132405360467332
1270 5.986543298384216
1271 4.620020243141048
1272 5.932986641211899
1273 1.3136617719530115
1274 15.961678091274068
1275 3.7444219112197086
1276 0.6784651506916712
1277 7.274425789372643
1278 3.9095985660519204
1279 4.545252790807995
1280 -0.4512854947487893
1281 1.6239082253469075
1282 14.01897023979106
1283 2.464885341885416
1284 0.23091737548464608
1285 1.5135451450652422
1286 2.4117219477199203
1287 -5.83386016177352
1288 -3.1575555685006993
1289 0.21702826446437395
1290 7.655935414724108
1291 1.6461576081396063
1292 -0.12545961194263833
1293 2.8707766126447467
1294 6.817564871327501
1295 -1.8362706085346066
1296 -1.6972048179099501
1297 0.5996730996189656
1298 10.022404105003826
1299 -2.131210635053839
1300 -4.310571819988953
1301 -2.7752146480704267
1302 -1.6295056330664146
1303 -3.0515288324182483
1304 -1.481680153986229
1305 -4.689319876017956
1306 13.697074988584367
1307 -0.35291555548534514
1308 -0.018194959839199498
1309 6.108143649074995
1310 11.008468095797951
1311 -1.021614751335042
1312 0.6201616922087207
1313 -3.9854921986592737
1314 -2.732013423895209
1315 -3.0217945905914534
1316 -3.3236891595532194
1317 -0.6997357986854675
1318 21.24387084336285
1319 1.617733812906136
1320 0.050390166844517026
1321 -0.2841040277189908
1322 2.2844636287936835
1323 3.5102487467120485
1324 -0.21596406216583852
1325 -2.311877042956107
1326 -1.1669266682400101
1327 -4.551568286657865
1328 -3.462198780866649
1329 6.627835076009591
1330 7.551208791473821
1331 -1.0547531254141376
1332 0.19744403380255293
1333 -0.18139876106229957
1334 4.724715381392547
1335 -4.072083370407567
1336 -1.8013428810063492
1337 -0.1812090924167582
1338 -1.7044892163000362
1339 -4.7724832222470255
1340 -2.0616330444331132
1341 1.0124259284563246
1342 -3.185907297905506
1343 -2.8528888694588646
1344 -2.221843005179963
1345 -0.683866425695874
1346 8.288736542592183
1347 1.9329063588983741
1348 -3.985633189334898
1349 -2.7474382283446106
1350 3.910236172679761
1351 -2.7038132145979468
1352 -2.802848773459042
1353 -2.9566901074617604
1354 -4.283242062538211
1355 -4.427164255007338
1356 -0.2793549809071929
1357 -4.837686876232895
1358 -2.5013779066731896
1359 -3.3674471908471975
1360 -4.421483475957103
1361 -2.7056002961303838
1362 -1.612930426079862
1363 -6.217013924772687
1364 -2.547602705154293
1365 -5.83386016177352
1366 -4.180245592978703
1367 -3.573728394486302
1368 -2.7752146480704267
1369 -4.689319876017956
1370 -1.80415086092817
1371 -6.551449999809916
1372 -3.2384739875480273
1373 -2.9028303478789823
1374 -2.6673938445859324
1375 -6.342219352462882
1376 -4.711109856060697
1377 -4.072083370407567
1378 -5.634963459813445
1379 -4.209242590840569
1380 -5.08324419143791
1381 0.8768568422811884
1382 -0.609451664368187
1383 -4.9237272633239195
1384 1.5909017535457348
1385 -1.3814103961666406
1386 -0.40898492886577764
1387 -2.9839589119092946
1388 -2.4777318693190717
1389 2.2922233215905723
1390 -3.732995378436847
1391 -2.022729349800877
1392 0.7759143378240652
1393 3.5726714645847175
1394 -1.3368453978196722
1395 1.3597073753839872
1396 -3.1908480843711025
1397 -2.0477675123594796
1398 -2.318606809888685
1399 -4.427164255007338
1400 4.668655922675604
1401 5.299022390442261
1402 0.7379825553301069
1403 2.8326225886972
1404 3.5493624455590522
1405 1.9358142034345347
1406 4.377292104963836
1407 -2.296403306130948
1408 14.412778060802662
1409 -0.22188919278551422
1410 3.8223217510617444
1411 3.8731357256777557
1412 5.009718142291028
1413 -0.4098385947298677
1414 -2.974804973151821
1415 1.552686963818616
1416 18.623358910799688
1417 -2.988880339235571
1418 3.33677677049477
1419 -4.3001274691436535
1420 -1.6606176661619707
1421 7.0050321098184085
1422 0.5067658772425654
1423 2.835442151654101
1424 0.06873788338627307
1425 8.020930532668011
1426 5.732023136476667
1427 -2.5776747285597765
1428 11.585349083668259
1429 -6.117121484438407
1430 -0.2575805076073361
1431 -6.217013924772687
1432 4.9711630047364075
1433 0.7373971289438559
1434 6.814661792854502
1435 2.8344045444115
1436 -2.8925599608810586
1437 -2.9392482475674697
1438 -0.26201175411087974
1439 -2.0567283148602105
1440 14.039972316889559
1441 -2.2039995940798502
1442 -1.663548971010997
1443 -2.2747934034798543
1444 19.061909614243156
1445 8.487753877606742
1446 -2.313609270750847
1447 2.0690776918108185
1448 5.252038025708917
1449 -2.553358137553867
1450 -6.386630893744435
1451 -2.3187929599660397
1452 14.963448459296323
1453 0.6451468861034944
1454 -2.1604037319219964
1455 -3.411351335592778
1456 -2.2821745147902686
1457 1.362748063629712
1458 -1.75921876395722
1459 1.468158338171281
1460 2.245367067033637
1461 -4.49818675313251
1462 -0.0535816861938041
1463 7.178252376632807
1464 -6.700063222891828
1465 8.31424354501011
1466 -2.454687355292061
1467 4.162091185814505
1468 18.015313536327547
1469 2.9668544104459142
1470 1.382192841444536
1471 2.0922478584478266
1472 3.4437316686514725
1473 4.599759401492648
1474 0.39690994446583394
1475 7.4441963868745775
1476 11.128629895651894
1477 -0.12338489224399307
1478 7.144588241542906
1479 1.4401929196251717
1480 13.547035555599518
1481 -3.8679964575414845
1482 1.6873858611537946
1483 1.6163636442275315
1484 8.211123670483438
1485 0.6472791332619862
1486 -0.8457506860476894
1487 -1.228533412997173
1488 -3.0302836092598087
1489 -2.0786967980513724
1490 0.9340775694372643
1491 0.8858952426041184
1492 -2.7040873462396666
1493 -4.146897792075921
1494 0.742292240887738
1495 -0.6087843441091341
1496 -3.575525186140103
1497 5.171972160053611
1498 -1.3824555738520812
1499 -2.4417199757580312
1500 17.66726974975701
1501 -4.9237272633239195
1502 -2.9839589119092946
1503 -2.9566901074617604
1504 -4.283242062538211
1505 -4.427164255007338
1506 -0.2793549809071929
1507 -4.837686876232895
1508 -2.5013779066731896
1509 -6.700063222891828
1510 -4.421483475957103
1511 -2.7056002961303838
1512 -2.5776747285597765
1513 -6.217013924772687
1514 -2.547602705154293
1515 -5.83386016177352
1516 -4.180245592978703
1517 -3.573728394486302
1518 -2.7752146480704267
1519 -4.689319876017956
1520 -1.80415086092817
1521 -6.551449999809916
1522 -3.2384739875480273
1523 -2.9028303478789823
1524 -3.575525186140103
1525 -6.342219352462882
1526 -4.711109856060697
1527 -4.072083370407567
1528 -5.634963459813445
1529 -4.209242590840569
1530 -5.08324419143791
1531 -4.278218206405362
1532 -6.4054089160948955
1533 -4.245160310073269
1534 0.060524761788896875
1535 -1.870158436305462
1536 1.2833105452017084
1537 -1.4500716356617025
1538 11.422329369138247
1539 3.413195071838898
1540 0.4709245398252383
1541 -2.8319659850944565
1542 9.175335981857577
1543 5.446121857143247
1544 3.9463054855302904
1545 -3.9029274339534727
1546 6.07055544031198
1547 -0.8510366906667528
1548 1.2960303618631532
1549 -4.425069303967902
1550 0.2256206974021222
1551 1.9888773232994474
1552 0.24354769967126888
1553 1.5272279680113252
1554 19.409864788348564
1555 -3.2462158604491034
1556 -4.67563609406892
1557 -4.837686876232895
1558 17.98237100419396
1559 0.6859440324762207
1560 -4.97319619868267
1561 -0.8424549824555951
1562 -0.4329834215881858
1563 -4.320257761626034
1564 -2.70272283563597
1565 -5.446120400475272
1566 2.4118969362341574
1567 0.5881376454945857
1568 2.1457075855302166
1569 -3.8257198531463796
1570 -3.9875802855487588
1571 -1.23580606931201
1572 2.4778932512347276
1573 -1.4601911447238867
1574 17.486118810243383
1575 6.036206117691812
1576 -2.9901322180158494
1577 1.0588652787172554
1578 6.871366774178987
1579 -5.850482783261012
1580 -3.30176777791227
1581 -1.9519001000564395
1582 0.8163721100903087
1583 2.902993827631608
1584 1.5172732296335
1585 -1.9751790492583776
1586 20.292109123397243
1587 -2.4286956702032763
1588 -1.1739314672293366
1589 -0.07189150763715269
1590 18.680851450344193
1591 -3.8513959019156747
1592 -4.874849655711932
1593 -4.3173689266391495
1594 0.9032968025471546
1595 6.1897795042927095
1596 -3.2257310462334905
1597 1.3146507257836824
1598 16.070373474229008
1599 -5.887552434886616
1600 4.064328945380169
1601 -3.2347491077201243
1602 1.3493231498608766
1603 -0.288827472394497
1604 -4.96877742492658
1605 -4.689319876017956
1606 14.413568565446369
1607 2.4903053314103047
1608 0.6544695191656731
1609 -0.1734118174056265
1610 2.437093561452594
1611 -6.310083795667714
1612 -5.89160106431757
1613 3.5290656085746015
1614 3.054415454169475
1615 8.628082929055411
1616 -0.14542727773002007
1617 4.8950823732652395
1618 1.5642885373294728
1619 1.3036462217659177
1620 3.5141430144259567
1621 4.635286174597308
1622 19.997602049697257
1623 -4.754423627367272
1624 4.819487346654638
1625 -0.43592468699591924
1626 -3.9715206954594753
1627 4.185005575921977
1628 6.051674225401892
1629 -6.054472814880032
1630 10.145686888604608
1631 -4.352404264777208
1632 -3.770943626807421
1633 -3.252116754465274
1634 4.053601718605057
1635 -0.3858444177956215
1636 3.5668351458930005
1637 -1.233218317324865
1638 -2.2576030407163676
1639 -4.511026769715716
1640 -5.78846964960121
1641 -1.9934271914525112
1642 -1.5233060361177482
1643 -1.2084319753608477
1644 -0.6512693804501529
1645 -3.0175053376264396
1646 15.347061010906751
1647 -5.365639316991739
1648 -5.306462204710554
1649 0.8711083223187062
1650 -2.4465517471559077
1651 -4.9237272633239195
1652 -2.9839589119092946
1653 -2.9566901074617604
1654 -4.283242062538211
1655 -4.427164255007338
1656 -0.2793549809071929
1657 -4.874849655711932
1658 -2.5013779066731896
1659 -6.700063222891828
1660 -4.421483475957103
1661 -2.7056002961303838
1662 -2.5776747285597765
1663 -6.217013924772687
1664 -3.9715206954594753
1665 -5.89160106431757
1666 -4.3173689266391495
1667 -3.573728394486302
1668 -5.887552434886616
1669 -4.689319876017956
1670 -1.80415086092817
1671 -6.551449999809916
1672 -3.2384739875480273
1673 -3.9875802855487588
1674 -5.78846964960121
1675 -6.342219352462882
1676 -4.711109856060697
1677 -4.072083370407567
1678 -5.634963459813445
1679 -4.209242590840569
1680 -5.365639316991739
1681 2.3470565612463603
1682 5.487168844903011
1683 -4.569777337087999
1684 2.5409652580088755
1685 1.8536128560293466
1686 -2.359276570132714
1687 0.5212488712793374
1688 10.516206358682206
1689 0.44885164809978445
1690 1.7697046866418376
1691 -2.8986351596648428
1692 14.234079080828998
1693 -1.1990186903863136
1694 -5.067222251550576
1695 2.1394483216597457
1696 9.123471330697397
1697 0.3422307456817393
1698 -3.5934676263442924
1699 7.743671246610621
1700 4.958332628897693
1701 5.1193356684775075
1702 -2.7706268530566174
1703 -4.963778725957249
1704 2.218853197702678
1705 4.95468720938938
1706 3.5769178761155054
1707 2.5893675211352605
1708 5.2768397320328475
1709 1.6650369526171824
1710 -2.786681145172067
1711 -0.06488998334383567
1712 -1.508826116990985
1713 -6.7543795878461905
1714 6.915872617206878
1715 -6.655716580318264
1716 13.044987751785317
1717 -3.832387463486454
1718 -2.4468650090807547
1719 -4.386839383443677
1720 7.883271707800445
1721 1.0392895528195878
1722 -3.4588223212147042
1723 -2.2049522091538156
1724 0.318639179141476
1725 5.308044065847234
1726 1.4757898366518662
1727 0.6679179007720766
1728 2.781677577460161
1729 7.6176189634159055
1730 0.5881181913954977
1731 -1.7590762283444237
1732 6.293318349213391
1733 -5.271000274632474
1734 -1.328882027992703
1735 -5.174807450715136
1736 -1.2511740402003602
1737 2.7248540876649763
1738 1.376524384269688
1739 -3.8405665284863932
1740 19.342531023865256
1741 -4.248009564712815
1742 -5.936040671728268
1743 6.522963771205941
1744 -0.7993004432133004
1745 -2.480167146835584
1746 1.8788483659414763
1747 -0.7067914267274884
1748 20.08047751138593
1749 -4.1250658785986225
1750 6.716396902131471
1751 -6.1528718767027355
1752 -5.549160818895776
1753 -3.8522629797336
1754 -2.3082472451390497
1755 -0.340888813686524
1756 13.277527132837267
1757 5.028310616120538
1758 1.1033398038306086
1759 -1.0650584299613541
1760 19.152858495284494
1761 -6.533352367971753
1762 -2.6675653911586044
1763 -6.525013559779982
1764 -1.3249326751339376
1765 7.206637760420987
1766 1.0124953366579403
1767 0.555479328035827
1768 0.2347635657082141
1769 -3.8894714898706173
1770 -4.468927376902169
1771 -3.675903675535986
1772 10.407212880905888
1773 -1.7348373043457141
1774 5.787879130339455
1775 -2.3563851467298127
1776 -5.763434028409231
1777 -1.4444278345152188
1778 -6.384562490677094
1779 -6.222552395407094
1780 10.196717844618512
1781 3.4677561399683974
1782 0.38803632211755
1783 -4.809581189603545
1784 20.631383407085256
1785 0.7100398928801824
1786 3.2069860096452376
1787 -4.155962834408792
1788 5.345275850087738
1789 -1.763399986652841
1790 0.057756473902018046
1791 -5.826732439349094
1792 0.16073781689880606
1793 -3.27943463620939
1794 -5.066383536549134
1795 -4.384868964982425
1796 3.5925862769894357
1797 7.299522995627366
1798 -5.116272025977634
1799 -0.47865262342215464
1800 4.307570422376755
1801 -4.9237272633239195
1802 -2.9839589119092946
1803 -2.9566901074617604
1804 -4.283242062538211
1805 -4.427164255007338
1806 -5.549160818895776
1807 -4.874849655711932
1808 -2.5013779066731896
1809 -6.7543795878461905
1810 -4.421483475957103
1811 -2.7056002961303838
1812 -2.5776747285597765
1813 -6.217013924772687
1814 -5.763434028409231
1815 -5.936040671728268
1816 -4.3173689266391495
1817 -3.573728394486302
1818 -6.1528718767027355
1819 -4.689319876017956
1820 -1.80415086092817
1821 -6.551449999809916
1822 -3.2384739875480273
1823 -3.9875802855487588
1824 -6.384562490677094
1825 -6.342219352462882
1826 -4.809581189603545
1827 -5.116272025977634
1828 -5.826732439349094
1829 -4.384868964982425
1830 -5.365639316991739
1831 -4.097250603115656
1832 -4.076019576478566
1833 -0.029847026795296716
1834 -1.3333207285167914
1835 -2.4281557098087543
1836 -6.350675912707557
1837 -4.031368523000022
1838 6.293965340641756
1839 3.5476266035762904
1840 -3.5713488742957287
1841 -1.2994162042497233
1842 15.382729809044186
1843 0.49641917804920566
1844 0.8613907573907884
1845 -3.7104720458958678
1846 17.541500958770587
1847 8.132784163658986
1848 -4.694646499423936
1849 5.170857239608114
1850 11.346316734108889
1851 -0.5835500478921731
1852 1.5704332996034878
1853 -5.549160818895776
1854 -1.6911320250579065
1855 -2.3418575269866366
1856 -1.4388315258078532
1857 2.252094794597955
1858 -4.9000247064498685
1859 2.5135080319836294
1860 0.018635032007855434
1861 2.384508254021674
1862 -2.8133692736358733
1863 -0.3754572446136797
1864 6.944831559812056
1865 -0.7905165609146456
1866 -3.4649476417338794
1867 -1.2064553610543975
1868 -2.4751234115552956
1869 -3.844040832911697
1870 4.640644587807834
1871 4.371251945586579
1872 1.3626845479521157
1873 1.5769333828362382
1874 2.875648791820507
1875 -3.8291275698942138
1876 1.9036265117341962
1877 -4.707186629524795
1878 -3.3924160169077755
1879 -0.351068490900305
1880 6.770125606784401
1881 -2.168889296754611
1882 14.897678715672848
1883 2.088637609448584
1884 1.2734697348759059
1885 -0.25803441318351483
1886 -2.9504823314173954
1887 -6.641114142246794
1888 7.346026664200892
1889 -6.545567723921225
1890 18.284992923212474
1891 -2.5592409195810504
1892 -3.4736725359972933
1893 4.771822537282527
1894 -4.260352940331041
1895 -1.1221385617842736
1896 5.028159759810309
1897 -3.573728394486302
1898 -2.1953041918051195
1899 -1.4125575804180717
1900 4.456079496203553
1901 -5.102235679067659
1902 -0.8928004661019435
1903 -3.170452213947814
1904 -4.259521628232528
1905 -4.628836639160019
1906 2.2802005150524973
1907 -5.167181970557975
1908 -3.3204319336847448
1909 -1.9668643250875126
1910 1.221151529950573
1911 -3.1072811770000905
1912 4.907760844811928
1913 -3.1472675754957247
1914 8.628151355483446
1915 -3.20889865829613
1916 -3.8954591387471336
1917 -3.17944436039992
1918 14.710073263915083
1919 -1.7963164517524386
1920 0.17196967162650456
1921 0.34812508073862314
1922 -2.3969210651618313
1923 -3.3615947749162522
1924 -4.120546461017458
1925 -2.087680693506723
1926 -4.270117401370605
1927 -2.1000795835390482
1928 -1.3593337892679076
1929 -3.0529636859733222
1930 -4.773751940633469
1931 -4.921540967465894
1932 -3.576433050907763
1933 -2.6798819223103627
1934 -1.646844431417373
1935 -1.766230240305625
1936 -6.3610775228337175
1937 -5.116272025977634
1938 1.108699435552131
1939 -5.342897677830001
1940 -3.444680604120247
1941 -5.6669532965033085
1942 -2.1372019865896994
1943 -2.057141064696
1944 0.44366012854035386
1945 -3.562761920349666
1946 15.198298142309948
1947 -3.2180929370212312
1948 -5.503360843193572
1949 0.3851534621858117
1950 -3.0358062300595527
1951 -4.9237272633239195
1952 -4.031368523000022
1953 -2.9566901074617604
1954 -4.283242062538211
1955 -4.427164255007338
1956 -5.549160818895776
1957 -4.874849655711932
1958 -4.773751940633469
1959 -6.7543795878461905
1960 -4.421483475957103
1961 -2.7056002961303838
1962 -4.707186629524795
1963 -6.350675912707557
1964 -5.763434028409231
1965 -6.641114142246794
1966 -4.3173689266391495
1967 -3.573728394486302
1968 -6.1528718767027355
1969 -4.694646499423936
1970 -5.503360843193572
1971 -6.551449999809916
1972 -3.2384739875480273
1973 -4.260352940331041
1974 -6.384562490677094
1975 -6.342219352462882
1976 -4.921540967465894
1977 -5.116272025977634
1978 -5.826732439349094
1979 -4.384868964982425
1980 -5.365639316991739
1981 -2.15383977980256
1982 -1.5367642765364777
1983 -0.04800484059472865
1984 15.083437757395139
1985 -4.206507292867106
1986 1.7705013011417934
1987 -3.4818258738452417
1988 0.38878211005352714
1989 5.317722849223333
1990 -4.3594128098197515
1991 -3.130772945320916
1992 -0.13732585200929215
1993 2.6729806662432427
1994 4.041475216132251
1995 1.4564342763030782
1996 16.844775794661377
1997 -4.741799908343995
1998 -2.971602881679605
1999 -0.5970612292423378
2000 5.994631403999623
2001 -5.156669731770832
2002 -5.811804815103687
2003 -1.0702690533110992
2004 4.684707737943017
2005 5.858750332308437
2006 -4.245327083845744
2007 -3.847511773900224
2008 11.878464732338987
2009 -5.243780609484579
2010 -2.3051940859227855
2011 -0.5927965912236348
2012 -5.189659313668193
2013 -5.376770266014191
2014 -3.0977556607201455
2015 -2.7870274334815646
2016 2.0526926014202242
2017 -5.3579135579297095
2018 -6.548452786050454
2019 -5.251850553634895
2020 -4.3466286624133135
2021 4.294250014536006
2022 -0.07654617246925088
2023 -3.509170451729859
2024 16.529442330710257
2025 -0.27260921804672006
2026 -6.350035974857433
2027 -1.0449391381011939
2028 16.570738247009565
2029 -6.310713292515927
2030 -2.906837470996723
2031 -6.4198097742950075
2032 -2.230748714049665
2033 -3.1754941536363583
2034 -5.797515858730739
2035 -5.817632904578026
2036 -3.0461352800517663
2037 -4.278449938596877
2038 -6.47920620212235
2039 -5.609475907205757
2040 13.413542121870503
2041 -3.817380676467911
2042 -3.085595272842151
2043 -4.083598338749665
2044 1.3216622646397647
2045 -1.5532942660625482
2046 5.237490145507217
2047 -2.341714917954515
2048 13.3234016494782
2049 -4.5028092075742965
2050 -5.24616859513057
2051 -2.2882560743293823
2052 -3.3374470267424177
2053 0.7495976456743705
2054 -0.2560177934257627
2055 -2.2804817957251666
2056 0.49048386906274644
2057 5.954730143696894
2058 1.7209205092956013
2059 -4.90815266282855
2060 10.416558920226324
2061 4.687645757237915
2062 -1.488434441036891
2063 -5.742997110466489
2064 2.003043144685037
2065 7.118981522897219
2066 0.7993755396024986
2067 6.821814214722204
2068 -2.050308154719441
2069 -1.9308822545268476
2070 -1.6048793369722518
2071 -4.277392468710169
2072 0.6246528219110719
2073 -6.250894321995379
2074 -3.1994913106333107
2075 -6.093260536987105
2076 -0.45275359437073615
2077 -2.7102242912380943
2078 -0.28919298432688423
2079 -1.6414121846528005
2080 1.6689259074659573
2081 -4.289948027432817
2082 -5.508413371047976
2083 2.499103213027169
2084 9.992380623552929
2085 -5.984348927914619
2086 -1.7860114982242223
2087 -5.87578223539697
2088 0.4882283671726819
2089 0.4094084497991808
2090 0.7886318976772121
2091 -1.3877645109187462
2092 -4.165975763181965
2093 2.31084071024283
2094 -1.4764845108579743
2095 -3.3705006960094583
2096 14.833980708764226
2097 -1.3180270127200202
2098 3.271399935486051
2099 -5.646170709715648
2100 11.651203409483333
2101 -4.9237272633239195
2102 -4.206507292867106
2103 -3.1994913106333107
2104 -4.283242062538211
2105 -4.741799908343995
2106 -5.549160818895776
2107 -4.874849655711932
2108 -5.243780609484579
2109 -6.7543795878461905
2110 -5.3579135579297095
2111 -3.509170451729859
2112 -4.707186629524795
2113 -6.4198097742950075
2114 -5.817632904578026
2115 -6.641114142246794
2116 -4.3173689266391495
2117 -3.573728394486302
2118 -6.1528718767027355
2119 -4.694646499423936
2120 -5.503360843193572
2121 -6.551449999809916
2122 -3.2384739875480273
2123 -4.277392468710169
2124 -6.384562490677094
2125 -6.47920620212235
2126 -4.921540967465894
2127 -5.984348927914619
2128 -5.826732439349094
2129 -4.384868964982425
2130 -5.646170709715648
2131 3.27813192595319
2132 -0.3606860573337005
2133 -2.9792178688606192
2134 -3.2310470357113084
2135 -5.059321128213781
2136 -5.845112809191848
2137 -0.7504204742639866
2138 2.0288163023412733
2139 -2.738239522328844
2140 -1.7395599876807084
2141 -2.7566385823057518
2142 11.498854368251699
2143 3.746275556536064
2144 0.2614813666738307
2145 1.7076642470203907
2146 4.792342349367139
2147 -4.42559024376525
2148 -4.408675256057437
2149 -0.5075260630981058
2150 17.703860253126106
2151 -1.5383339736454875
2152 -5.648962811687586
2153 -0.5667749366067825
2154 -0.3632592253018805
2155 2.542215371643351
2156 0.6742295926394948
2157 -4.95416555183932
2158 12.9137880181312
2159 -2.618403838252841
2160 4.404293855170378
2161 1.2319773826905465
2162 0.015544575535785476
2163 -5.422257132421223
2164 -3.133322279988899
2165 -6.701324479608289
2166 8.442928018303736
2167 -0.7171842867043181
2168 8.19998411218412
2169 -5.363858469617123
2170 -1.3202751781381235
2171 4.265994385665402
2172 3.01594946392098
2173 -2.1418232818618366
2174 10.720710581795084
2175 6.480209780140575
2176 2.237651881738117
2177 -4.35646964575774
2178 4.9628015544529696
2179 7.828263370384198
2180 1.7221255944281042
2181 -3.456452574277055
2182 5.104917123283801
2183 -3.04416676167527
2184 1.1316610775158427
2185 -4.733177798210108
2186 10.04224304924053
2187 6.152076105123884
2188 -6.357396064717083
2189 1.5031498446879665
2190 -0.660240367885514
2191 2.2635513425617244
2192 -4.169778459093895
2193 -3.6579674981238894
2194 15.21188729933004
2195 -1.2590496950465568
2196 1.6532537784854449
2197 -3.518750218048091
2198 -3.6131823379742727
2199 -2.243872689902901
2200 0.8775315429187801
2201 -2.786981881826397
2202 -2.1054749889141697
2203 -4.534807842125719
2204 -4.810529279021255
2205 -4.513337861912003
2206 -0.4345113393316131
2207 2.636411969769136
2208 -1.2836848337768552
2209 -5.503360843193572
2210 3.446975031542471
2211 3.598402745539264
2212 -1.0300772413345305
2213 5.626710093679773
2214 -5.041010927316389
2215 1.2765498509310909
2216 -3.4890975714914436
2217 3.717502718738325
2218 1.8460297478844625
2219 -0.8457611516328758
2220 0.03697045304028468
2221 3.2155373826266436
2222 6.057419784544236
2223 -0.03678833238047685
2224 -1.8746396755049548
2225 -6.348754133101496
2226 0.9332162636086156
2227 -6.6643501528656
2228 1.5180297720821618
2229 -5.933818064361331
2230 18.689986417298964
2231 4.553271436005851
2232 -1.2648900834262689
2233 -4.921540967465894
2234 16.92424487901802
2235 -4.1498902610946535
2236 -1.8465114696317142
2237 -2.4599854753303916
2238 -1.3523937595740687
2239 -3.493101898977713
2240 4.00582882755521
2241 -5.75222630537846
2242 -2.2010561748253235
2243 4.723657408015175
2244 -2.379001385461247
2245 -1.306978753096826
2246 18.80866490994242
2247 3.396678102303704
2248 -6.48162885489846
2249 -5.297258567519024
2250 -5.797444081129542
2251 -4.9237272633239195
2252 -5.059321128213781
2253 -5.041010927316389
2254 -4.283242062538211
2255 -4.810529279021255
2256 -5.549160818895776
2257 -4.95416555183932
2258 -5.243780609484579
2259 -6.7543795878461905
2260 -5.363858469617123
2261 -3.509170451729859
2262 -4.707186629524795
2263 -6.4198097742950075
2264 -5.845112809191848
2265 -6.641114142246794
2266 -4.3173689266391495
2267 -3.573728394486302
2268 -6.1528718767027355
2269 -4.694646499423936
2270 -5.503360843193572
2271 -6.551449999809916
2272 -3.2384739875480273
2273 -4.277392468710169
2274 -6.384562490677094
2275 -6.6643501528656
2276 -4.921540967465894
2277 -5.984348927914619
2278 -5.826732439349094
2279 -4.384868964982425
2280 -5.646170709715648
2281 -4.123345448334819
2282 -4.880991615317646
2283 0.07365660444348632
2284 -2.62283493561424
2285 3.742561887043705
2286 4.2614538379571885
2287 -0.9764278786037424
2288 19.56997857008345
2289 -3.934335616936102
2290 10.580506924268484
2291 -4.1528665722350535
2292 -1.4037500842393182
2293 0.2669190174287738
2294 0.9481503776289057
2295 -2.954167729140651
2296 -4.579891948941952
2297 -3.7120522057529373
2298 -5.657390845152259
2299 -4.367150512297953
2300 -0.5235319788620827
2301 -5.4947071706168735
2302 -5.883538021643782
2303 -4.708888529591444
2304 0.006519929461575202
2305 1.4582728394886646
2306 -0.13567826936778404
2307 -0.7334406838417049
2308 9.330971098931828
2309 7.995599249255025
2310 -5.351313746493877
2311 -4.142325794365932
2312 12.208374979354142
2313 1.0936535000727647
2314 -6.760940620456002
2315 -6.0349828963506305
2316 -4.384609632387827
2317 -5.482341037960522
2318 -4.2380654412184064
2319 0.06776662609013107
2320 15.18312735981978
2321 4.6773754396434
2322 0.021089710449291754
2323 -3.486099020163055
2324 10.222982320562142
2325 -0.8472245033544475
2326 -5.749982036004044
2327 -5.500853474798889
2328 -1.2125133638524277
2329 -6.4723232241098385
2330 -5.156884331780431
2331 1.1828172086737658
2332 -4.3981032756504295
2333 -3.7234907961599584
2334 0.23019476508614722
2335 -5.242180530661869
2336 -0.8279483958725908
2337 -0.08896083875389538
2338 -3.5988634588215915
2339 -1.2450881029893535
2340 -3.311292623273845
2341 7.589998684817508
2342 -2.4231507658797162
2343 0.2735045698574132
2344 -2.2209591174149335
2345 -2.834183756559966
2346 -2.3225262392455024
2347 0.16333524286263423
2348 10.427616938551495
2349 -3.2001045476988117
2350 -5.640163072326859
2351 -4.465805555770424
2352 1.8568338049762403
2353 5.559096581074916
2354 -5.307370340549031
2355 -3.8292182096414993
2356 -4.6230932292374725
2357 -5.455205963095148
2358 -5.024908857637115
2359 -5.382694099133929
2360 -5.4734226299370174
2361 -5.267133956903705
2362 -5.697578990027378
2363 -6.454043335063313
2364 3.7460180231918017
2365 -2.9071190771032347
2366 -6.442768707647453
2367 -2.591816109550839
2368 2.6605789447024963
2369 4.8888348330639015
2370 -2.731330461372136
2371 -5.279392465107731
2372 3.9243493970770436
2373 4.127765387542341
2374 -6.477858681479208
2375 0.0937611036760504
2376 -5.4172595900721
2377 -6.756612696749025
2378 -5.72680607437971
2379 -0.5426419879959548
2380 -2.9945352526937636
2381 -3.2094704106263983
2382 -5.644302310496454
2383 -4.952481662417707
2384 17.339001250286135
2385 -6.249661257866855
2386 -2.8906464870161197
2387 -1.9793173273538627
2388 -6.350929743495117
2389 -1.388838001044566
2390 -1.2927280809612745
2391 -1.472289713530965
2392 -0.36917079769955397
2393 -6.31708228614179
2394 -5.5064433846296685
2395 -6.346394545822259
2396 6.594104177594048
2397 -5.424107331566406
2398 -1.3733768407232625
2399 -4.668830804996809
2400 -5.039298916216241
2401 -4.9237272633239195
2402 -5.749982036004044
2403 -5.041010927316389
2404 -4.283242062538211
2405 -4.810529279021255
2406 -5.549160818895776
2407 -4.95416555183932
2408 -5.243780609484579
2409 -6.7543795878461905
2410 -5.482341037960522
2411 -3.509170451729859
2412 -5.500853474798889
2413 -6.4723232241098385
2414 -5.845112809191848
2415 -6.641114142246794
2416 -4.3173689266391495
2417 -3.573728394486302
2418 -6.1528718767027355
2419 -5.4172595900721
2420 -5.697578990027378
2421 -6.551449999809916
2422 -3.2384739875480273
2423 -5.307370340549031
2424 -6.384562490677094
2425 -6.760940620456002
2426 -4.952481662417707
2427 -6.249661257866855
2428 -5.826732439349094
2429 -6.350929743495117
2430 -5.646170709715648
