neval,strf
941,"square(sqrt(mul(sub(sub(9.669362755966405, sub(4.5538805163119935, 9.669362755966405)), sub(8.459612271826238, div(4.5538805163119935, x))), cos(neg(sum_vec(sub(sum_vec(mul10(x)), 8.459612271826238)))))))"
