{
	"version": "0.3.14", 
	"suite": "unknown_suite", 
	"function_id": 60, 
	"function_name": "meta_surface", 
	"maximization": false, 
	"algorithm": {"name": "EnhancedSwarmOptimizerV6", "info": "algorithm_info"},
	"attributes": ["evaluations", "raw_y"],
	"scenarios": [
		{"dimension": 45,
		"path": "data_f60_meta_surface/IOHprofiler_f60_DIM45.dat",
		"runs": [
			{"instance": 1, "evals": 4500, "best": {"evals": 835, "y": -0.004776805639266968, "x": [2.7507718214536085, 0.2899040822069652, 1.6795476396478224, 0.5712578999924809, -0.146098234619908, 0.6981773610066688, 1.4673103488574233, 1.220081439701037, 0.2460538744819005, -0.0096355224856296, 0.41452681670267955, 2.4579244262642397, 0.929232179712684, 2.2167688285005513, 0.6019729202372086, 1.0287859232897587, 2.926312691156083, 1.0890060389212213, 0.2706847014245475, 2.730038777256312, -1.2920116856894934, 0.07406489883255299, -0.20379493754654832, 1.1853299550483363, -2.426331527024873, 0.038533220741281925, 1.485635323000141, 0.36976513457663124, 1.5738034653120674, 3.715166823439038, 2.548612768558164, 1.425466083667374, 0.3621592150653, -1.0921907324368836, -2.275132260865697, -0.6954257896173079, -0.5112204855932596, -0.4450226871167886, 1.396481105332308, 1.6189028069989833, -1.4149645733982326, -1.1774694004982085, -3.2396101451330557, 2.2337728974617654, -1.1197310490373538]}},
			{"instance": 1, "evals": 4500, "best": {"evals": 1342, "y": 0.019551560282707214, "x": [3.3369733859201984, 0.39261148275649527, -2.1400663014489947, 0.984089625691605, -0.2114619689549196, 0.8399706456480553, 0.7180541670695265, 2.850622959260858, -0.13618228481871952, 1.714363479410322, 4.028638926574196, 0.6800576169882865, 1.9907913704944138, 2.9889448421346105, 0.28827365236200314, 0.985409295237874, 3.63126796420855, 1.2761830082183323, 4.03398951156571, 2.01899821678628, 1.6031599263216294, 1.7952901207173773, -1.4528566019928426, 3.449870842673708, 2.683195667966207, 0.522021788998529, -3.895663189520396, -2.1190033206777334, 3.0071953025369007, -3.222938860539092, 0.7220878096612404, 2.1424211326321188, 0.8393375634963793, -1.6799757769583936, 2.486626864898026, -5, -0.16943365943209673, -0.1409381892473726, 1.341047916738323, -2.8614545499914885, -2.561679527429671, 0.8944560468309931, -2.1349957553240637, -0.6220879596702936, 1.920496115716752]}},
			{"instance": 1, "evals": 4500, "best": {"evals": 908, "y": -0.04098941385746002, "x": [-0.3511461474998191, -2.094957248415248, 3.6339856845565315, -0.14267517505251784, 0.038623823278355965, -1.2756209483347856, -1.557566788813305, -0.24561436594666783, -3.4873231653486636, -0.7556079390569297, 0.9284538451368353, 0.2085458894977271, -1.5147385282606736, -1.2651025810656111, 1.7452944776920107, -1.477308748246681, -1.2219575035630486, -0.485666160601368, 0.17168327813615053, -0.19699868043014307, -0.7426138202753275, -1.7642999549945484, 2.2249731183856762, 1.4200256146113746, -0.8080101885568904, 2.264130678438659, 2.579617340238877, -0.6916049427640895, 0.8982141474235633, -0.8325720096263942, 0.2274270653220261, 0.3547027385760186, 2.6004505647705956, -0.8157727139846984, 0.2237416050777451, 1.725693879605991, 1.3511605398006132, 0.16852704546102643, 1.7570985986744707, 1.3982682037289909, 1.7338659178888196, 0.5781799396896211, 0.533731769033955, 0.351979619719772, 0.08963858164408615]}},
			{"instance": 1, "evals": 4500, "best": {"evals": 1317, "y": 0.049098506569862366, "x": [0.045290998442762936, 4.379262436088143, -0.22186065691908735, -2.716459478517591, 2.055188538401452, 0.7928601898108121, 1.7869825602350324, 0.5345255629296279, 1.7932349129825707, 3.402269777212728, 2.3968562997733853, 2.947271170311788, 2.5374712695159394, 0.9902994508457746, 1.577357346974519, 4.09556310961194, 0.04249788807533829, 3.292014772125333, 0.09471775231499638, 2.2128997458445596, 1.7220122858812565, 1.5781045440245236, 4.257313788627873, 0.41021199172977013, 2.1962465191540277, 0.48595908996265036, 2.448092830374454, -1.7387825591987562, -0.18981118004337344, -2.805136412468498, -1.5585777328746981, -2.6310976377654764, -1.3891232156297477, 0.5286776638431014, -1.2655779485135987, 2.172642516856562, 2.729038473061635, 0.6524173261831077, -1.5050663164008018, 0.13678365934705522, -1.9022745726067005, 0.47217003032686133, 2.819293501771437, -2.09267496795734, -1.7177006155018355]}},
			{"instance": 1, "evals": 4500, "best": {"evals": 1900, "y": -0.052040114998817444, "x": [5, -1.7985155860789368, 0.3474847384190861, 0.32864385548562275, -0.6656818712200749, 1.7551140815429565, 1.424295461657343, 0.29295485775248625, 0.9054888152739808, 1.4100349083320611, 3.3381008926510196, -0.34979720070087195, 0.6058229785183612, -2.3349578185037143, 0.13761075682951918, -1.1163517799332283, 2.8681074117457666, 0.20551110579670923, 0.7423392058582985, -0.8666117944846425, 0.2629090120703794, 1.4534575169595283, 0.18362279225150813, -0.5294147631844093, -1.4054707445402017, 3.9226485782813345, 3.6379226839761283, -0.2412626534676634, 2.2701903025862564, 2.064812706390621, -1.7806136787141325, 0.6547223534820341, 0.480593783285001, 0.2194333053777615, 0.6501325091331374, -0.6129136924479144, 0.583372400475132, 0.23070401613313102, 0.41168827940643604, 0.41425870700221856, 1.9456587620045656, 0.4448154371171007, 1.2369124647215448, 2.2039409982692613, 2.112460354273724]}},
			{"instance": 1, "evals": 4500, "best": {"evals": 2536, "y": -0.04444192349910736, "x": [-1.504903735162991, 1.6519688645954962, 3.1116572931023025, -1.9818659218642527, 1.5453522189591642, -0.927222092891996, 1.7131120096895058, -0.22550025081407846, 1.3947646300174312, -0.12890306175237293, 1.9180733583620477, 2.378875990258925, 0.520200295355163, 1.1632457483512473, 1.8627618023637107, 1.4570042912608092, 0.9632080969846167, 2.4452262272746705, 0.3872654941896892, 0.916291208171573, 3.7620122407223753, 1.6818518778075344, 0.9928690640631928, 0.9244477745258912, -1.9125597348591863, 2.5553518798374073, 1.7959818071091855, 0.48203113472788606, -2.1541254255266287, -0.35622782658228136, 1.3563350162442513, 0.188699307664745, 0.8017313154239356, -1.312486421421015, 0.643651229962515, -1.9393066231908562, 2.8614339161241262, -1.3883692479164929, 0.26399095939728046, -1.130453463482529, 1.5871177066055748, 1.5507088851628257, -0.6904301770250297, 0.24661319565550827, -0.4080038006644201]}},
			{"instance": 1, "evals": 4500, "best": {"evals": 1683, "y": 0.0027920156717300415, "x": [1.3929901516983612, 0.16598459944128421, -5, 1.4584370548777539, 1.299243915736704, 0.5482080754430058, 0.9735813258824865, 1.410051349913379, 1.063074744681112, 0.521981303846816, 0.254309975229227, 1.3318872279602585, 0.4572158439380031, 2.349606528373751, -3.38376986779298, 2.3637208054015324, -3.8424012345234293, 0.6056522910359546, 0.7343169604667406, 1.8402646847748405, 2.0983912497588753, -0.9610079644007028, -0.6006312798099789, 1.2168034499623983, 0.9018805840660004, 0.6078770286905446, 0.06403349464136415, 0.29984116329438093, -0.16163381424747936, -1.927291604662051, 0.16834793324935168, 0.5354556726438033, 0.817422671873315, 1.058292555208013, -1.4246940487251027, -0.9905470702437081, 0.6277915025063538, -1.7620078952320042, -1.3843861655855894, -1.894742608961813, -1.4572325597691438, -0.806878917750398, -0.8391705688056904, -0.880078192962405, 3.421257316039595]}},
			{"instance": 1, "evals": 4500, "best": {"evals": 1513, "y": -0.043885499238967896,