{
	"version": "0.3.14", 
	"suite": "unknown_suite", 
	"function_id": 60, 
	"function_name": "meta_surface", 
	"maximization": false, 
	"algorithm": {"name": "EnhancedEliteGuidedAdaptiveMetaheuristic", "info": "algorithm_info"},
	"attributes": ["evaluations", "raw_y"],
	"scenarios": [
		{"dimension": 45,
		"path": "data_f60_meta_surface/IOHprofiler_f60_DIM45.dat",
		"runs": [
			{"instance": 1, "evals": 4500, "best": {"evals": 1352, "y": -0.03981247544288635, "x": [1.4017915265271683, 3.9537613914819363, 0.04567324726600569, 0.47460268160075314, -4.397372322885578, -3.1850726837668857, -2.201676405443636, 1.0117705393461482, 0.17354115731056813, 4.099284178585987, 2.7355622126801897, -5, 2.672615843864888, -0.016425092004597436, 4.996212393797039, -0.7880373832357255, -2.0158143781008264, -1.07580417759611, 4.978565733143995, 5, -2.323039267654035, 4.449478852503954, -3.961348173309745, -2.0576896162447547, 3.6943910381442584, 3.194270499857563, 1.7970825956688579, 1.1221884950766066, 2.308657251002535, 1.2987408420271973, 2.316067313393863, 4.728115971697464, -3.4910132175137547, 2.2561128335346536, -0.7998914523558724, 4.009045289092002, 4.887656730940219, 0.9984017827619892, 1.4462151818485371, 3.4469994700829387, 1.022145272076875, 4.335937187857171, 4.644342688316711, 2.9623817349161348, 0.6561763093253239]}},
			{"instance": 1, "evals": 4500, "best": {"evals": 852, "y": -0.034955814480781555, "x": [2.079591082117786, -3.6627839437294027, 2.591533222498661, 4.688858518075049, -4.001498571637545, -3.160452531943998, 4.962349449906651, -0.5790886617051283, -1.8486470885641566, 5, 0.9087960398758721, -3.8731974680687253, 0.541724078975254, 0.7945142308154549, 4.20242971480275, 0.47285362054285196, -4.387948444377886, -0.37851714941653647, 4.724702348435808, 4.631742795755623, -4.363632528609724, 4.132905271633841, 0.6852326940552609, -3.5919906844181675, 1.3311701390830817, 4.8747928418451005, 0.9254415073726086, 4.506707509418448, -0.25675558150623634, -3.9402665330908335, -1.8957396763050027, -4.611838153873854, 0.19081551922606552, 3.0948160965528646, 3.477593579080301, 4.2616117817153745, 4.702599599478711, 2.1820654118582206, 0.1743917002283366, 1.4054651568801488, 5, 0.8353662219597606, -0.8716538283523129, 2.5636945429822906, -3.640922437426003]}},
			{"instance": 1, "evals": 4500, "best": {"evals": 509, "y": 0.13837482035160065, "x": [3.30438453190906, 4.612235595783589, -4.09966431407159, 0.3143408297099903, 4.838530527409383, 4.473332621863279, 4.657274536341713, 4.598822108906661, 2.397951654759213, -1.8518492134397013, 4.041844120848938, 3.556955606284438, 4.7776234602010925, -3.098409322541353, 4.990208581920844, 1.2241179909412623, 4.093020150699148, 1.0193910916556703, 5, 4.994893605222355, 2.871413138109688, 4.781559886732028, 1.0154471662678926, -3.6978344237372953, -3.015078806178227, -4.996072510031503, -4.861674288312507, 2.9654498596867445, 4.694880146494872, 3.2307223845701936, -5, -4.630420030315096, -1.9537485080056107, 0.2632224827290377, -4.953612060481743, -2.5571510186881152, -4.166878858266077, -4.766431844589378, -4.767458269443703, 4.851303700364195, 4.955523400744367, -0.508854828171087, -2.1237855560997025, -4.759483371624694, -2.6827525088322894]}},
			{"instance": 1, "evals": 4500, "best": {"evals": 551, "y": -0.040140435099601746, "x": [3.2225829400904416, 3.8777346192885758, -0.3177708902834686, -5, 4.5524969925668275, 0.9445853005801947, -4.970753584291614, -1.5501433110711966, -2.770681098879499, 4.984636572327377, -4.957586077534712, 0.3545578741900968, 4.952785749008899, 1.0045745054600819, 4.302593962354042, -5, 2.9047129809047343, 3.131121094020321, 4.961788501511902, -4.980372355832096, 2.928005901259396, 5, -5, -4.518458272972867, 3.953965146301685, 0.7241719864296261, 4.95837984694331, 1.8477513619139194, 5, -1.2179554981549088, 0.7262905178477783, 4.874494625760106, 1.6529366076247096, 2.004280480872643, 3.2019254050861057, 0.2706610972138729, 5, 4.484065725279558, 3.5606566221629037, 0.9701975224103307, -3.546242968452624, -3.1907818986188325, 4.185493990517742, 2.964348902968798, -3.913162641491002]}},
			{"instance": 1, "evals": 4500, "best": {"evals": 2995, "y": 0.0357537716627121, "x": [5, -1.6145640611270373, -3.9790252986171435, -1.6616513103783894, 1.8904753916648334, 0.6594690532390338, -4.028666466686949, 2.9765152360305005, -5, 1.9059543506398635, -1.464720821156125, 1.6520318857233633, 3.018557312378165, 1.3058883141022413, -4.540461508905477, -1.6708938924931078, 2.284674216611013, 1.5419289343613478, 1.6688836346771236, -5, 3.3788224719582107, -1.8989659527195277, 0.3524333389693762, 1.1166403872148447, 0.18415280284412378, 0.6893100101613391, 4.796520583695363, -2.3991149942557195, 0.24509852285257505, 1.8542521131211434, 4.193890020918995, 1.2780808579688403, 4.675186145617681, 0.7004927867839387, 0.3464595279131295, 0.4230745509528878, 0.4927892277025149, -4.15943133319464, 4.996148303106436, 4.57937414366619, 3.8743290197783136, 2.731726879108656, 0.9107440118350913, 4.390587850882968, 2.7454193715734116]}},
			{"instance": 1, "evals": 4500, "best": {"evals": 1306, "y": -0.05176742374897003, "x": [5, -5, -4.5287776009089304, 0.2515276268749529, -5, -4.561496296509059, -2.9969862306217463, 5, -4.692319951142201, 4.9516553376176695, 1.756860641280004, -2.7622912821023164, 1.0284123251527189, 2.489881361438143, -0.18843255364599343, -0.44435817241064, 3.7251630204808146, 4.9112808929162215, -5, 4.961155782437183, -0.7481162642696144, 4.8615548945547085, 0.5234911636671729, 5, -1.1521884364984043, 5, 3.795595561772417, -4.803646865443703, -1.6743015379708015, -5, 0.3731817849542272, 5, 1.6297417862945607, 0.1508440223506555, -3.65925549763567, 4.126422016095951, 4.09324270457976, 4.958495916128448, 0.3978044281726027, 0.19629480495656135, 4.536917525176802, 4.982793374904851, 0.7693525838997434, 0.8422794539332215, 5]}},
			{"instance": 1, "evals": 4500, "best": {"evals": 616, "y": -0.019324302673339844, "x": [-1.6329119411130761, -2.043004622604707, 0.6011422287283426, 4.375913119747834, 4.295101500255246, -3.829494442630924, -0.9602113028385764, 2.124068949340288, 2.947777652953017, 4.313178845331201, 1.1263340379003246, 3.700238967556753, 3.696645270351021, 4.041144742858011, 3.2348645462899017, -2.084078599808303, 1.7956870292424414, 2.016187315255551, 2.550772737932543, 4.126430095920469, 5, -4.1207167975469225, 1.3417668343328055, 3.649421221166914, 0.4014526206235319, 1.119403594538615, 5, 3.5788140893155864, 0.798268269492385, 0.44738340278934347, 0.9809349418199941, 3.65696970483332, 3.842065554817812, -2.668987800901788, 2.9607715402668067, 1.0768748198644325, -3.3639724020098116, 1.3524008128623273, 1.94702923048123, 4.648786415646601, 4.795317898736634, 3.0998494464541726, 4.656193233281624, 4.248796131490939, 1.9158701877501023]}},
			{"instance": 1, "evals": 4500, "best": {"evals": 1095, "y": -0.048847854137420654, "x": [-1.2325235927546232, 1.9652195854887202, -0.5405054311112796, 3.156636233972806, 5, 4.802169593831871, 0.3250286894104892, 1.4293160603974882, 4.678795504868182, 0.5012429940062778, 1.5882389862985251, -5, 3.979514410462159, 3.130157051605214, 5, 4.926573495047394, 2.0141577518733245, 3.9030547179643937, 4.999504987086001, 3.057146376563261, -2.956396855061614, 4.926945311364358, 5, 0.9002401102847115, 1.2128976129249713, 0.33507109320961825, 0.21937176605086908, 0.4683886622318051, -4.572515167693311, -0.45464392428327927, 1.9714856934542169, 0.919172472624623, 3.7130837944795365, 5, 0.49241877896739744, -5, 4.966677202897552, 1.05388261531544, -4.726053505584767, -5, 1.0410153243337468, -4.075796756025515, 0.9517539050813093, -5, -3.082666349935817]}},
			{"instance": 1, "evals": 4500, "best": {"evals": 654, "y": 0.019070282578468323,