evaluations raw_y
1 0.5935118438891958
2 -0.6543248456327783
3 -0.9538817187191342
4 -2.83895157580276
5 -1.2857607464923781
6 -1.729618081799591
7 -3.0281815319668395
8 1.7248739593058782
9 -2.4644215867219406
10 -4.959525465025322
11 -3.511972421505699
12 -4.327326531223658
13 -6.244206474670159
14 -3.9097404834617633
15 0.6214738335492477
16 -7.9807402616622305
17 -2.9925531142105126
18 -2.646602621231979
19 -3.291784637881831
20 -4.9053756586553945
21 -1.824308004904246
22 -0.49554651618014445
23 -0.6195141056943161
24 0.42204155951171846
25 0.35847826786181436
26 -3.6723443339084714
27 -2.8602413831955604
28 0.9553728960504706
29 -0.716379894863304
30 -0.743490257309019
31 -6.986400744412228
32 -3.7577071887632965
33 -5.259475839004371
34 -3.927123361655491
35 -4.354082382633516
36 -2.840406489224356
37 -2.5856437989066734
38 -3.155824695688307
39 -3.3078990401484316
40 -4.393632298668635
41 -2.1515924414721495
42 -2.8351582839543625
43 -2.203361742247191
44 -1.3820577830567842
45 -1.3293150180897788
46 -0.8520522003993761
47 -1.7973362956064922
48 -1.143654351963458
49 -0.8012234713665255
50 -1.126869485438966
51 -0.6100046432859896
52 -1.3025151950265026
53 -1.189289187486768
54 -0.9976671704070541
55 0.7021808981057533
56 -0.44139426603085985
57 0.43871397831456604
58 1.823197348146933
59 1.7901391457491518
60 -7.980644051094113
61 -6.3658006052838925
62 -7.5753321879766435
63 -8.234177784582267
64 -8.191641440999991
65 -7.986498430337742
66 -8.234177784582267
67 -6.544883650894084
68 -8.247955906868556
69 -8.247955906868556
70 -8.498151526838821
71 -8.753299577878618
72 -6.833149096714948
73 -8.753299577878618
74 -8.918973961273263
75 -7.753022403625398
76 -8.918973961273263
77 -9.173919688008205
78 -8.181918253692679
79 -9.471352354635771
80 -9.552092855925977
81 -9.284811323473846
82 -9.770367793986011
83 -8.608803670219732
84 -9.770367793986011
85 -9.46994507613696
86 -9.770367793986011
87 -9.522254722949041
88 -9.57173519619442
89 -9.770367793986011
90 -9.769623030384999
91 -9.770009914625714
92 -9.770367793986011
93 -9.76992519921351
94 -9.770233891064155
95 -9.770367793986011
96 -9.770367793986011
97 -9.770367793986011
98 -9.76949384021992
99 -9.770260967773035
100 -9.770367793986011
101 -9.770367793986011
102 -9.770004969489412
103 -9.770247346861357
104 -9.769686112702272
105 -9.769951277043187
106 -9.770367793986011
107 -9.770203136176814
108 -9.769552763369425
109 -9.77097718567684
110 -9.77097718567684
111 -9.77053597029201
112 -9.770710185184726
113 -9.770231538295347
114 -9.770385695478687
115 -9.770193097642267
116 -9.769984372422257
117 -9.772050061559348
118 -9.772050061559348
119 -6.244206474670159
120 -4.959525465025322
121 -4.9053756586553945
122 -4.327326531223658
123 -3.9097404834617633
124 -3.6723443339084714
125 -3.511972421505699
126 -3.291784637881831
127 -3.0281815319668395
128 -2.9925531142105126
129 -2.8602413831955604
130 -2.83895157580276
131 -2.646602621231979
132 -2.4644215867219406
133 -1.824308004904246
134 -1.729618081799591
135 -1.2857607464923781
136 -0.9538817187191342
137 -0.743490257309019
138 -0.716379894863304
139 -0.6543248456327783
140 -0.6195141056943161
141 -0.49554651618014445
142 0.35847826786181436
143 0.42204155951171846
144 0.5935118438891958
145 0.6214738335492477
146 0.9553728960504706
147 1.7248739593058782
148 -6.490322278567245
149 -6.059296954739684
150 -5.164173995769274
151 -4.009669773996883
152 -3.9400146233011233
153 -3.7017190972548892
154 -3.6235016054749716
155 -3.2435225174838473
156 -3.202988872581966
157 -1.837911217261718
158 -3.1023587224152296
159 -2.889749063017165
160 -2.6267499102051244
161 -3.6395775779062176
162 -1.708786824575017
163 -2.607342042340864
164 -0.9402085179944097
165 -0.7643970978041839
166 -0.6709460583144933
167 -1.2263642047344756
168 -1.5801324452544692
169 -0.06588633355602413
170 -1.3687790124132984
171 0.8900887903706542
172 0.8032091787964807
173 1.2314153874468967
174 0.6113480524262473
175 0.865009672642669
176 1.7592056629044834
177 -9.772050061559348
178 -9.724450878900765
179 -9.620198650510181
180 -9.590321768484717
181 -9.98136038110375
182 -9.75026264459757
183 -8.614437133389098
184 -9.98136038110375
185 -8.657765812839692
186 -9.857853518780288
187 -9.883256178853152
188 -9.98136038110375
189 -9.425199638834364
190 -9.594396804355618
191 -9.65062356242262
192 -9.98136038110375
193 -9.98136038110375
194 -9.550336449127318
195 -9.845249417360971
196 -9.878675477938142
197 -9.98136038110375
198 -9.98136038110375
199 -9.98136038110375
200 -9.98136038110375
201 -9.98136038110375
202 -9.98136038110375
203 -9.98136038110375
204 -9.98136038110375
205 -9.888575212047806
206 -9.98136038110375
207 -9.98136038110375
208 -9.98136038110375
209 -9.981333619957855
210 -9.98126911373528
211 -9.98136038110375
212 -9.98136038110375
213 -9.98136038110375
214 -9.98136038110375
215 -9.980356692464031
216 -9.980681808524325
217 -9.98136038110375
218 -9.980780644916354
219 -9.98136038110375
220 -9.98136038110375
221 -9.981324954650066
222 -9.98136038110375
223 -9.98136038110375
224 -9.98136038110375
225 -9.980687667896614
226 -9.980871838495059
227 -9.98136038110375
228 -9.98136038110375
229 -9.980400444474512
230 -9.98136038110375
231 -9.98136038110375
232 -9.98136038110375
233 -9.980558983539172
234 -9.980507390344059
235 -9.98136038110375
236 -6.244206474670159
237 -4.959525465025322
238 -4.9053756586553945
239 -4.327326531223658
240 -3.9097404834617633
241 -3.6723443339084714
242 -3.511972421505699
243 -3.291784637881831
244 -3.0281815319668395
245 -2.9925531142105126
246 -2.8602413831955604
247 -2.83895157580276
248 -2.646602621231979
249 -2.4644215867219406
250 -1.824308004904246
251 -1.729618081799591
252 -1.2857607464923781
253 -0.9538817187191342
254 -0.743490257309019
255 -0.716379894863304
256 -0.6543248456327783
257 -0.6195141056943161
258 -0.49554651618014445
259 0.35847826786181436
260 0.42204155951171846
261 0.5935118438891958
262 0.6214738335492477
263 0.9553728960504706
264 1.7248739593058782
265 -7.163145663662255
266 -6.2640237552601015
267 -4.2697973441434725
268 -5.492452625705754
269 -4.201284248972646
270 -4.32850110525298
271 -3.2874780803924746
272 -2.2600830323095047
273 -3.6547577398682822
274 -1.4820665113684968
275 -4.677856491640779
276 -2.9015214589292
277 -2.2283587466152452
278 -3.118009432333119
279 -1.4397922020884213
280 -3.1791816404697655
281 -1.1406182255121857
282 -1.2092990079521586
283 -0.8760213308989018
284 -1.1299878402331394
285 0.26393633940125627
286 -0.881023615704602
287 0.07443809891072417
288 0.3827423405797721
289 0.4335029081580862
290 0.21074493774952074
291 0.6539390105674883
292 1.8338466017440178
293 1.7561991359269742
294 -9.380366489908903
295 -9.98136038110375
296 -9.754702879801725
297 -9.98136038110375
298 -9.98136038110375
299 -9.98136038110375
300 -9.98136038110375
301 -9.98136038110375
302 -9.98136038110375
303 -9.98136038110375
304 -9.878208559707534
305 -9.719807248425806
306 -9.497865674232653
307 -9.342317731045206
308 -9.98136038110375
309 -9.98136038110375
310 -9.98136038110375
311 -9.98136038110375
312 -9.98136038110375
313 -9.98136038110375
314 -9.627434428591581
315 -9.979193497238557
316 -9.98136038110375
317 -9.546202895909675
318 -9.98136038110375
319 -9.98136038110375
320 -9.98136038110375
321 -9.98136038110375
322 -9.790403168174754
323 -9.98136038110375
324 -9.980958257057598
325 -9.98058565586452
326 -9.981324333285883
327 -9.98136038110375
328 -9.981007137954403
329 -9.98136038110375
330 -9.98136038110375
331 -9.98105524714873
332 -9.980378837532733
333 -9.98102497886464
334 -9.98048901819081
335 -9.98136038110375
336 -9.98136038110375
337 -9.98136038110375
338 -9.98136038110375
339 -9.980397328910001
340 -9.98136038110375
341 -9.98136038110375
342 -9.980701870353478
343 -9.98136038110375
344 -9.98136038110375
345 -9.980719606521262
346 -9.981229255586296
347 -9.98136038110375
348 -9.980817415488987
349 -9.98136038110375
350 -9.981315359887759
351 -9.98136038110375
352 -9.98136038110375
353 -6.244206474670159
354 -4.959525465025322
355 -4.9053756586553945
356 -4.327326531223658
357 -3.9097404834617633
358 -3.6723443339084714
359 -3.511972421505699
360 -3.291784637881831
361 -3.0281815319668395
362 -2.9925531142105126
363 -2.8602413831955604
364 -2.83895157580276
365 -2.646602621231979
366 -2.4644215867219406
367 -1.824308004904246
368 -1.729618081799591
369 -1.2857607464923781
370 -0.9538817187191342
371 -0.743490257309019
372 -0.716379894863304
373 -0.6543248456327783
374 -0.6195141056943161
375 -0.49554651618014445
376 0.35847826786181436
377 0.42204155951171846
378 0.5935118438891958
379 0.6214738335492477
380 0.9553728960504706
381 1.7248739593058782
382 -7.194814283596994
383 -5.987001734123303
384 -4.418154047092582
385 -4.66762111020627
386 -4.0577216311019235
387 -4.803007515235546
388 -3.8464695222806538
389 -2.970275386534568
390 -2.651766095044623
391 -1.634695036571276
392 -2.2426837805446858
393 -2.801698279351603
394 -3.1048421967215294
395 -1.4592757621421266
396 -1.5876912449704195
397 -2.364050644253262
398 -1.0266630948638977
399 -0.8814838494871754
400 -0.7008208863148474
401 -0.6686858206723592
402 -1.4476754042253321
403 -0.3514201597554595
404 -1.8070786631576148
405 1.0961339501404757
406 0.6044535222715002
407 1.6357859431561055
408 -0.03409280301359435
409 1.8291618306996342
410 1.7302079874398966
411 -9.98136038110375
412 -9.55001748360926
413 -9.98136038110375
414 -9.98136038110375
415 -9.544397735280349
416 -9.98136038110375
417 -9.950176636712346
418 -9.98136038110375
419 -9.679765855053184
420 -9.98136038110375
421 -9.98136038110375
422 -9.98136038110375
423 -9.98136038110375
424 -9.829242657793401
425 -9.671601722648417
426 -9.98136038110375
427 -8.337196259962045
428 -9.841461997984092
429 -9.98136038110375
430 -9.98136038110375
431 -9.569693900875585
432 -9.810476136425578
433 -9.98136038110375
434 -9.98136038110375
435 -9.532298171616869
436 -9.98136038110375
437 -9.44724690232584
438 -9.98136038110375
439 -9.98136038110375
440 -9.98136038110375
441 -9.98106630061743
442 -9.98136038110375
443 -9.981213332968684
444 -9.98035352910499
445 -9.980762948956809
446 -9.98136038110375
447 -9.980801522422409
448 -9.980495047738248
449 -9.98136038110375
450 -9.98136038110375
451 -9.98136038110375
452 -9.980709413880122
453 -9.98038723611602
454 -9.98136038110375
455 -9.98136038110375
456 -9.98122075475708
457 -9.98136038110375
458 -9.981133214845766
459 -9.98136038110375
460 -9.98136038110375
461 -9.98136038110375
462 -9.980485537456179
463 -9.980940481168487
464 -9.980932523061629
465 -9.98136038110375
466 -9.981045005546811
467 -9.98136038110375
468 -9.98136038110375
469 -9.98136038110375
470 -6.244206474670159
471 -4.959525465025322
472 -4.9053756586553945
473 -4.327326531223658
474 -3.9097404834617633
475 -3.6723443339084714
476 -3.511972421505699
477 -3.291784637881831
478 -3.0281815319668395
479 -2.9925531142105126
480 -2.8602413831955604
481 -2.83895157580276
482 -2.646602621231979
483 -2.4644215867219406
484 -1.824308004904246
485 -1.729618081799591
486 -1.2857607464923781
487 -0.9538817187191342
488 -0.743490257309019
489 -0.716379894863304
490 -0.6543248456327783
491 -0.6195141056943161
492 -0.49554651618014445
493 0.35847826786181436
494 0.42204155951171846
495 0.5935118438891958
496 0.6214738335492477
497 0.9553728960504706
498 1.7248739593058782
499 -5.595757690401555
500 -4.445633976353953
501 -4.835892265351465
502 -4.020555170828096
503 -3.307413366489853
504 -3.491739771235123
505 -3.7216096439100426
506 -2.885051255067082
507 -3.438052961506277
508 -1.474948398590765
509 -1.5511172289846498
510 -2.752690500635893
511 -2.2745027525191213
512 -3.7769533181044292
513 -1.4523985691659713
514 -0.8805617135023326
515 -1.274708793287127
516 -1.702459913284331
517 -0.7681677687426645
518 -1.0550499930316901
519 -0.3716385533279831
520 -0.3045405571216018
521 -1.473234398525456
522 0.30015516336598447
523 0.5114047507714565
524 -0.28541271909500676
525 0.24888234084721367
526 1.3246780519611203
527 1.7792317715198596
528 -9.923834090353434
529 -9.98136038110375
530 -9.730271995094125
531 -9.98136038110375
532 -9.98136038110375
533 -9.81915916409708
534 -9.474396631843726
535 -9.416612251452285
536 -9.98136038110375
537 -9.98136038110375
538 -9.665169390766094
539 -9.98136038110375
540 -9.68887440243924
541 -9.98136038110375
542 -9.98136038110375
543 -9.98136038110375
544 -9.98136038110375
545 -9.543717540809421
546 -9.48829740226229
547 -9.98136038110375
548 -9.57196596197895
549 -9.98136038110375
550 -9.75242708838384
551 -9.642270028399029
552 -9.899207579848241
553 -9.98136038110375
554 -9.98136038110375
555 -9.98136038110375
556 -9.961468266297327
557 -9.98136038110375
558 -9.98136038110375
559 -9.98136038110375
560 -9.980912891535386
561 -9.98136038110375
562 -9.980715214738552
563 -9.98136038110375
564 -9.98136038110375
565 -9.980949117924013
566 -9.98136038110375
567 -9.981314992296966
568 -9.981147356260053
569 -9.98136038110375
570 -9.98136038110375
571 -9.980635556463941
572 -9.98136038110375
573 -9.98136038110375
574 -9.980879757706978
575 -9.980398179639035
576 -9.981347461489799
577 -9.981288932072504
578 -9.980687291274542
579 -9.981173989773854
580 -9.98136038110375
581 -9.980902012304336
582 -9.981174415164748
583 -9.98136038110375
584 -9.981095573240196
585 -9.98136038110375
586 -9.98136038110375
587 -6.244206474670159
588 -4.959525465025322
589 -4.9053756586553945
590 -4.327326531223658
591 -3.9097404834617633
592 -3.6723443339084714
593 -3.511972421505699
594 -3.291784637881831
595 -3.0281815319668395
596 -2.9925531142105126
597 -2.8602413831955604
598 -2.83895157580276
599 -2.646602621231979
600 -2.4644215867219406
601 -1.824308004904246
602 -1.729618081799591
603 -1.2857607464923781
604 -0.9538817187191342
605 -0.743490257309019
606 -0.716379894863304
607 -0.6543248456327783
608 -0.6195141056943161
609 -0.49554651618014445
610 0.35847826786181436
611 0.42204155951171846
612 0.5935118438891958
613 0.6214738335492477
614 0.9553728960504706
615 1.7248739593058782
616 -6.067683143416947
617 -4.1657422964740425
618 -5.184228714537367
619 -3.9098133397094297
620 -3.718597498345009
621 -2.589065669988308
622 -2.6743272608007667
623 -2.5678764509817826
624 -3.057059645403455
625 -3.9970789579877763
626 -1.2255252761969273
627 -2.7478670598770645
628 -2.7077955354610204
629 -3.6873737088266942
630 -1.3738519970130398
631 -0.6074176941762314
632 -1.022980900211918
633 -1.1626842390111687
634 -0.6698671000252735
635 -1.026007463325481
636 -1.3727782273948295
637 -0.578726462619155
638 -1.3424030248423264
639 -0.14860533223774597
640 0.5520129156754652
641 1.2637849997580215
642 -0.0006063362172747389
643 0.7438163454270003
644 1.7897406836789076
645 -9.98136038110375
646 -9.772893292918923
647 -9.98136038110375
648 -9.98136038110375
649 -9.98136038110375
650 -9.98136038110375
651 -9.708347654400578
652 -9.98136038110375
653 -9.98136038110375
654 -9.978527284445596
655 -9.98136038110375
656 -9.98136038110375
657 -9.976651722394022
658 -9.98136038110375
659 -9.901641458017073
660 -9.98136038110375
661 -9.98136038110375
662 -9.326032045001309
663 -9.98136038110375
664 -9.84672569866185
665 -9.541489913478916
666 -9.98136038110375
667 -9.891586257352035
668 -9.864661613347272
669 -9.98136038110375
670 -9.98136038110375
671 -9.98136038110375
672 -9.81702841484693
673 -9.864840085810975
674 -9.981210057472513
675 -9.98136038110375
676 -9.98136038110375
677 -9.98136038110375
678 -9.98136038110375
679 -9.98136038110375
680 -9.98136038110375
681 -9.980640277386854
682 -9.98136038110375
683 -9.98109259488966
684 -9.980361719666448
685 -9.98136038110375
686 -9.980825263131312
687 -9.98136038110375
688 -9.98136038110375
689 -9.981077124279246
690 -9.98136038110375
691 -9.98089256112652
692 -9.98136038110375
693 -9.98136038110375
694 -9.980773030953202
695 -9.980984327428562
696 -9.98136038110375
697 -9.981347398663798
698 -9.98093116172688
699 -9.981086136888702
700 -9.98106413863372
701 -9.980745803778253
702 -9.980361987379109
703 -9.98136038110375
704 -6.244206474670159
705 -4.959525465025322
706 -4.9053756586553945
707 -4.327326531223658
708 -3.9097404834617633
709 -3.6723443339084714
710 -3.511972421505699
711 -3.291784637881831
712 -3.0281815319668395
713 -2.9925531142105126
714 -2.8602413831955604
715 -2.83895157580276
716 -2.646602621231979
717 -2.4644215867219406
718 -1.824308004904246
719 -1.729618081799591
720 -1.2857607464923781
721 -0.9538817187191342
722 -0.743490257309019
723 -0.716379894863304
724 -0.6543248456327783
725 -0.6195141056943161
726 -0.49554651618014445
727 0.35847826786181436
728 0.42204155951171846
729 0.5935118438891958
730 0.6214738335492477
731 0.9553728960504706
732 1.7248739593058782
733 -6.768827860358426
734 -3.9074989368084645
735 -4.593404411886096
736 -4.922112237325027
737 -3.6671950664746924
738 -3.2590607062612666
739 -2.600558754218716
740 -4.362546473491345
741 -2.58663852864148
742 -2.4301370945363896
743 -2.5805046716063105
744 -2.880416214210985
745 -3.626865292315905
746 -3.0490387708139157
747 -1.6111022653628089
748 -2.160836902009926
749 -1.1721013464368375
750 -0.8188984580380675
751 -0.6749708492229753
752 -0.7743859023659838
753 -0.24951553800177262
754 -0.17642750680849817
755 -0.24823486571656017
756 0.04583521884589514
757 -0.24368310777635116
758 1.6475641437248614
759 -0.022216975132368588
760 -0.45479276126515533
761 1.772554884311927
762 -9.98136038110375
763 -9.98136038110375
764 -9.972944325219235
765 -9.71029866405734
766 -9.98136038110375
767 -9.790754338441385
768 -9.162413590327413
769 -9.98136038110375
770 -9.98136038110375
771 -9.98136038110375
772 -9.98136038110375
773 -9.98136038110375
774 -9.98136038110375
775 -9.98136038110375
776 -9.829425431705383
777 -9.373020919006903
778 -9.98136038110375
779 -9.98136038110375
780 -9.98136038110375
781 -9.704128016065187
782 -9.98136038110375
783 -9.586212397889206
784 -9.912770346724
785 -9.981357440848356
786 -9.626112190922706
787 -9.98136038110375
788 -9.893147953044238
789 -9.703875687169038
790 -9.803144299674203
791 -9.98136038110375
792 -9.981001931553504
793 -9.98136038110375
794 -9.98136038110375
795 -9.98136038110375
796 -9.98136038110375
797 -9.98136038110375
798 -9.980653898897438
799 -9.98061028910085
800 -9.9806828080228
801 -9.980422605611357
802 -9.98136038110375
803 -9.980974632472341
804 -9.98136038110375
805 -9.980855452110662
806 -9.980464121967621
807 -9.98136038110375
808 -9.980809463341329
809 -9.981259603583268
810 -9.98136038110375
811 -9.98136038110375
812 -9.980576270503658
813 -9.980761232002742
814 -9.98034873337337
815 -9.98136038110375
816 -9.98136038110375
817 -9.98136038110375
818 -9.98041714656931
819 -9.98136038110375
820 -9.98136038110375
821 -6.244206474670159
822 -4.959525465025322
823 -4.9053756586553945
824 -4.327326531223658
825 -3.9097404834617633
826 -3.6723443339084714
827 -3.511972421505699
828 -3.291784637881831
829 -3.0281815319668395
830 -2.9925531142105126
831 -2.8602413831955604
832 -2.83895157580276
833 -2.646602621231979
834 -2.4644215867219406
835 -1.824308004904246
836 -1.729618081799591
837 -1.2857607464923781
838 -0.9538817187191342
839 -0.743490257309019
840 -0.716379894863304
841 -0.6543248456327783
842 -0.6195141056943161
843 -0.49554651618014445
844 0.35847826786181436
845 0.42204155951171846
846 0.5935118438891958
847 0.6214738335492477
848 0.9553728960504706
849 1.7248739593058782
850 -5.713891205758623
851 -4.380715290513168
852 -4.607986868569748
853 -3.467049413491084
854 -4.168600378315901
855 -3.5558836251610755
856 -3.3949301009806376
857 -2.80784034853697
858 -1.8843905907101335
859 -3.704000868568722
860 -1.8136122812865583
861 -2.8599062176597774
862 -2.479253834524359
863 -1.6270794775943158
864 -1.373601045302744
865 -3.1476706831008903
866 -1.6562312213561885
867 -0.7084101691337539
868 -0.691274329295486
869 -0.6916698783381511
870 -1.2044674692669504
871 -0.9649163328092988
872 -0.17406718940552146
873 -0.9643185041494178
874 0.7653029323250976
875 0.4090125611104335
876 0.6240967319923126
877 1.0692977613508623
878 1.7889372241917325
879 -9.98136038110375
880 -9.866961936486971
881 -8.655442228528594
882 -9.889591557712983
883 -9.98136038110375
884 -9.264325264949026
885 -9.240427513431406
886 -9.98136038110375
887 -9.499655538163159
888 -9.98136038110375
889 -9.972970847592364
890 -9.60082864408768
891 -9.98136038110375
892 -9.98136038110375
893 -9.277708904056206
894 -9.98136038110375
895 -9.886708345737382
896 -9.98136038110375
897 -9.98136038110375
898 -9.98136038110375
899 -9.842114946937574
900 -9.98136038110375
901 -9.98136038110375
902 -9.98136038110375
903 -9.542512353061731
904 -9.870161801168699
905 -9.761247133551471
906 -9.766132305698338
907 -9.794595888443808
908 -9.980580137963347
909 -9.981335185331629
910 -9.981140258267468
911 -9.98136038110375
912 -9.98136038110375
913 -9.980710601194783
914 -9.980996263676769
915 -9.980397499627227
916 -9.980850775122217
917 -9.98136038110375
918 -9.981187141739351
919 -9.980545544885377
920 -9.98136038110375
921 -9.98136038110375
922 -9.98136038110375
923 -9.98120658813026
924 -9.98136038110375
925 -9.98136038110375
926 -9.98136038110375
927 -9.98136038110375
928 -9.981002070832874
929 -9.98048842206287
930 -9.980540878361635
931 -9.98136038110375
932 -9.980392002309602
933 -9.980951967475878
934 -9.980670609703033
935 -9.980395555966899
936 -9.981018124682482
937 -9.98136038110375
938 -6.244206474670159
939 -4.959525465025322
940 -4.9053756586553945
941 -4.327326531223658
942 -3.9097404834617633
943 -3.6723443339084714
944 -3.511972421505699
945 -3.291784637881831
946 -3.0281815319668395
947 -2.9925531142105126
948 -2.8602413831955604
949 -2.83895157580276
950 -2.646602621231979
951 -2.4644215867219406
952 -1.824308004904246
953 -1.729618081799591
954 -1.2857607464923781
955 -0.9538817187191342
956 -0.743490257309019
957 -0.716379894863304
958 -0.6543248456327783
959 -0.6195141056943161
960 -0.49554651618014445
961 0.35847826786181436
962 0.42204155951171846
963 0.5935118438891958
964 0.6214738335492477
965 0.9553728960504706
966 1.7248739593058782
967 -5.812064169546462
968 -4.21686679378325
969 -4.357492098702038
970 -3.374915821177539
971 -4.141045906491059
972 -3.676148705368668
973 -2.909942207233704
974 -4.035997613261516
975 -3.854908481186708
976 -3.053765559665491
977 -3.596705002078277
978 -2.896601312661156
979 -2.46696584797378
980 -2.91033780510336
981 -1.4988343541571705
982 -0.985899330414947
983 -0.8556004517213274
984 -0.6587093092037744
985 -0.7061226789374495
986 -1.1710647843131254
987 0.1474332584219522
988 -1.2938846198509084
989 -0.8152551186020439
990 1.126481203221643
991 0.8276669370178793
992 1.0256631284494262
993 0.8352487976808207
994 -0.7433522890018177
995 1.7353799292569996
996 -9.98136038110375
997 -9.98136038110375
998 -9.483153129725025
999 -9.710822594360614
1000 -9.98136038110375
1001 -9.98136038110375
1002 -9.64320000595989
1003 -9.684616732422956
1004 -9.797208982601111
1005 -9.677001687338958
1006 -9.90248324950853
1007 -9.59930976884465
1008 -9.818722989942453
1009 -9.98136038110375
1010 -9.98136038110375
1011 -9.138637933125729
1012 -9.98136038110375
1013 -9.651816342428926
1014 -9.739432757541323
1015 -9.98136038110375
1016 -9.98136038110375
1017 -9.034252078064338
1018 -9.559962662294618
1019 -9.888185308667122
1020 -9.98136038110375
1021 -9.98136038110375
1022 -9.275733016125592
1023 -9.737352602395868
1024 -9.917641139474272
1025 -9.980791279895634
1026 -9.981173832083957
1027 -9.98136038110375
1028 -9.98136038110375
1029 -9.981077179975358
1030 -9.980431986092327
1031 -9.980742610019227
1032 -9.98136038110375
1033 -9.98131947652575
1034 -9.98136038110375
1035 -9.980417740475449
1036 -9.98136038110375
1037 -9.980736224179164
1038 -9.98136038110375
1039 -9.98136038110375
1040 -9.98136038110375
1041 -9.980449126344414
1042 -9.98136038110375
1043 -9.980643579974284
1044 -9.981233345595712
1045 -9.981000643476795
1046 -9.981247411628102
1047 -9.980785651523544
1048 -9.98096054275369
1049 -9.980623455431388
1050 -9.980805529530512
1051 -9.980716472120928
1052 -9.980488354233334
1053 -9.98136038110375
1054 -9.98136038110375
1055 -6.244206474670159
1056 -4.959525465025322
1057 -4.9053756586553945
1058 -4.327326531223658
1059 -3.9097404834617633
1060 -3.6723443339084714
1061 -3.511972421505699
1062 -3.291784637881831
1063 -3.0281815319668395
1064 -2.9925531142105126
1065 -2.8602413831955604
1066 -2.83895157580276
1067 -2.646602621231979
1068 -2.4644215867219406
1069 -1.824308004904246
1070 -1.729618081799591
1071 -1.2857607464923781
1072 -0.9538817187191342
1073 -0.743490257309019
1074 -0.716379894863304
1075 -0.6543248456327783
1076 -0.6195141056943161
1077 -0.49554651618014445
1078 0.35847826786181436
1079 0.42204155951171846
1080 0.5935118438891958
1081 0.6214738335492477
1082 0.9553728960504706
1083 1.7248739593058782
1084 -5.582901716424924
1085 -3.8473981383227573
1086 -5.052473986033172
1087 -2.97476106471525
1088 -3.426904825345166
1089 -4.09665862711443
1090 -3.2308168877778334
1091 -3.4803094459582735
1092 -4.078926615682388
1093 -3.274424112252195
1094 -1.6376911713768625
1095 -2.841282494607704
1096 -2.422345818765054
1097 -2.877494920974917
1098 -2.1114920185498622
1099 -1.555889528923113
1100 -1.2291018444784725
1101 -0.5918574177292737
1102 -0.723280753551338
1103 -0.052708182182837515
1104 0.31035446803254574
1105 -1.0156459460851726
1106 -1.7309779517353165
1107 1.0274375568559908
1108 0.009077258556741075
1109 0.24576760369703632
1110 0.5688362440835446
1111 0.396449239429039
1112 1.6568094320306161
1113 -9.408994803410971
1114 -9.98136038110375
1115 -9.860524742195835
1116 -9.98136038110375
1117 -9.712885663479435
1118 -9.98136038110375
1119 -9.948784116980912
1120 -9.98136038110375
1121 -9.98136038110375
1122 -9.98136038110375
1123 -9.98136038110375
1124 -9.956400681777959
1125 -8.832875588654684
1126 -9.736473189347103
1127 -9.98136038110375
1128 -9.98136038110375
1129 -7.864551321845263
1130 -9.98136038110375
1131 -8.532149062240684
1132 -9.98136038110375
1133 -9.98136038110375
1134 -9.87946171567701
1135 -9.215540647475757
1136 -9.98136038110375
1137 -9.98136038110375
1138 -9.914075396934717
1139 -9.98136038110375
1140 -9.751548152588153
1141 -9.98136038110375
1142 -9.981235280192426
1143 -9.980444368254016
1144 -9.981264284989663
1145 -9.98136038110375
1146 -9.981355244970693
1147 -9.981172539137603
1148 -9.980594273341078
1149 -9.980371605693872
1150 -9.980422332092756
1151 -9.98136038110375
1152 -9.981101102269376
1153 -9.98136038110375
1154 -9.98136038110375
1155 -9.98136038110375
1156 -9.9805931278783
1157 -9.98136038110375
1158 -9.98136038110375
1159 -9.98136038110375
1160 -9.980619778206657
1161 -9.981348512689225
1162 -9.98136038110375
1163 -9.981349179150541
1164 -9.980397571208893
1165 -9.98136038110375
1166 -9.98136038110375
1167 -9.981135875804252
1168 -9.980958609729758
1169 -9.98136038110375
1170 -9.98136038110375
1171 -9.98136038110375
1172 -6.244206474670159
1173 -4.959525465025322
1174 -4.9053756586553945
1175 -4.327326531223658
1176 -3.9097404834617633
1177 -3.6723443339084714
1178 -3.511972421505699
1179 -3.291784637881831
1180 -3.0281815319668395
1181 -2.9925531142105126
1182 -2.8602413831955604
1183 -2.83895157580276
1184 -2.646602621231979
1185 -2.4644215867219406
1186 -1.824308004904246
1187 -1.729618081799591
1188 -1.2857607464923781
1189 -0.9538817187191342
1190 -0.743490257309019
1191 -0.716379894863304
1192 -0.6543248456327783
1193 -0.6195141056943161
1194 -0.49554651618014445
1195 0.35847826786181436
1196 0.42204155951171846
1197 0.5935118438891958
1198 0.6214738335492477
1199 0.9553728960504706
1200 1.7248739593058782
1201 -7.088146593719161
1202 -6.093778942718887
1203 -4.32058105483046
1204 -5.590051357660518
1205 -4.334766562280018
1206 -2.804417229582642
1207 -4.159084495341922
1208 -2.9614008113049044
1209 -2.167963187325735
1210 -2.6447902744772325
1211 -1.3257456612265668
1212 -2.868086422372643
1213 -3.7239723245389893
1214 -2.2899105490068887
1215 -1.6545685940352999
1216 -0.9936713691215935
1217 -1.7818403827171232
1218 -0.7346597741614418
1219 -0.837992627114537
1220 -0.29074111704160654
1221 -0.6283611982480477
1222 -0.6851439233076851
1223 -0.4047753672620964
1224 0.7401821655783327
1225 0.801620018335391
1226 0.957203702338392
1227 0.9639553835631999
1228 1.4727824292509286
1229 0.9783209905187065
1230 -9.98136038110375
1231 -9.98136038110375
1232 -9.66298256869728
1233 -9.98136038110375
1234 -9.98136038110375
1235 -9.98136038110375
1236 -8.769260923256972
1237 -9.98136038110375
1238 -9.98136038110375
1239 -9.84202922445156
1240 -9.874069162062408
1241 -9.98136038110375
1242 -8.60712540308967
1243 -9.98136038110375
1244 -9.98136038110375
1245 -9.98136038110375
1246 -9.689112183207218
1247 -9.960920869847744
1248 -9.98136038110375
1249 -8.929548223088243
1250 -9.98136038110375
1251 -9.949365844978237
1252 -9.98136038110375
1253 -9.98136038110375
1254 -9.507265001652542
1255 -9.98136038110375
1256 -9.746392785468766
1257 -9.768661374564767
1258 -9.98136038110375
1259 -9.980398071617827
1260 -9.980377101335161
1261 -9.980691111814028
1262 -9.98090794417001
1263 -9.980609789005317
1264 -9.98136038110375
1265 -9.981326889605324
1266 -9.981121687254516
1267 -9.98136038110375
1268 -9.980592396599285
1269 -9.98136038110375
1270 -9.98136038110375
1271 -9.98136038110375
1272 -9.98136038110375
1273 -9.980722749381407
1274 -9.981312986212354
1275 -9.980488119089918
1276 -9.98136038110375
1277 -9.98136038110375
1278 -9.98136038110375
1279 -9.98136038110375
1280 -9.98136038110375
1281 -9.98136038110375
1282 -9.980413875935499
1283 -9.98136038110375
1284 -9.98136038110375
1285 -9.98136038110375
1286 -9.980638378672246
1287 -9.98136038110375
1288 -9.98136038110375
1289 -6.244206474670159
1290 -4.959525465025322
1291 -4.9053756586553945
1292 -4.327326531223658
1293 -3.9097404834617633
1294 -3.6723443339084714
1295 -3.511972421505699
1296 -3.291784637881831
1297 -3.0281815319668395
1298 -2.9925531142105126
1299 -2.8602413831955604
1300 -2.83895157580276
1301 -2.646602621231979
1302 -2.4644215867219406
1303 -1.824308004904246
1304 -1.729618081799591
1305 -1.2857607464923781
1306 -0.9538817187191342
1307 -0.743490257309019
1308 -0.716379894863304
1309 -0.6543248456327783
1310 -0.6195141056943161
1311 -0.49554651618014445
1312 0.35847826786181436
1313 0.42204155951171846
1314 0.5935118438891958
1315 0.6214738335492477
1316 0.9553728960504706
1317 1.7248739593058782
1318 -5.749025022164069
1319 -4.864826187729633
1320 -5.310267065969171
1321 -4.687891264767639
1322 -4.064746587417869
1323 -3.5082451252685756
1324 -3.01453657553577
1325 -2.5850751661608236
1326 -3.0365265854967474
1327 -3.340056805538347
1328 -4.162872176570769
1329 -2.8855599493565047
1330 -2.219479135890426
1331 -2.734274764107359
1332 -1.8107784722972557
1333 -1.3239545421917147
1334 -1.6383863478665204
1335 -1.978403078211522
1336 -0.6783531616417767
1337 -0.5632670755474173
1338 -0.6823119820773157
1339 -0.30653805302762926
1340 -0.011788512371209703
1341 0.33192083473643086
1342 -0.04059668269869798
1343 1.5578385710503573
1344 0.7002339878658157
1345 1.5564112356803232
1346 1.7901160946456953
1347 -9.98136038110375
1348 -9.516435375352188
1349 -9.98136038110375
1350 -9.98136038110375
1351 -9.98136038110375
1352 -9.98136038110375
1353 -9.98136038110375
1354 -9.98136038110375
1355 -9.725062273255414
1356 -9.820247969492637
1357 -9.98136038110375
1358 -9.98136038110375
1359 -9.125487696463697
1360 -9.98136038110375
1361 -9.98136038110375
1362 -8.712015768931403
1363 -9.80080965836337
1364 -9.885426077315577
1365 -9.98136038110375
1366 -9.98136038110375
1367 -9.98136038110375
1368 -9.640107212222771
1369 -9.98136038110375
1370 -9.368452181066118
1371 -9.970273331609812
1372 -9.839656871517647
1373 -9.98136038110375
1374 -9.98136038110375
1375 -9.495086225725553
1376 -9.981077474300678
1377 -9.98136038110375
1378 -9.98136038110375
1379 -9.980923904552915
1380 -9.98136038110375
1381 -9.980398141005693
1382 -9.98136038110375
1383 -9.98136038110375
1384 -9.98136038110375
1385 -9.98089176495424
1386 -9.98136038110375
1387 -9.980684516275083
1388 -9.981017709060929
1389 -9.98136038110375
1390 -9.98136038110375
1391 -9.98136038110375
1392 -9.980362649392788
1393 -9.980524053616758
1394 -9.98136038110375
1395 -9.98136038110375
1396 -9.980431376483452
1397 -9.981217368209174
1398 -9.98136038110375
1399 -9.981280808796894
1400 -9.98136038110375
1401 -9.981186300051743
1402 -9.980680549260052
1403 -9.98136038110375
1404 -9.980561325532321
1405 -9.98136038110375
1406 -6.244206474670159
1407 -4.959525465025322
1408 -4.9053756586553945
1409 -4.327326531223658
1410 -3.9097404834617633
1411 -3.6723443339084714
1412 -3.511972421505699
1413 -3.291784637881831
1414 -3.0281815319668395
1415 -2.9925531142105126
1416 -2.8602413831955604
1417 -2.83895157580276
1418 -2.646602621231979
1419 -2.4644215867219406
1420 -1.824308004904246
1421 -1.729618081799591
1422 -1.2857607464923781
1423 -0.9538817187191342
1424 -0.743490257309019
1425 -0.716379894863304
1426 -0.6543248456327783
1427 -0.6195141056943161
1428 -0.49554651618014445
1429 0.35847826786181436
1430 0.42204155951171846
1431 0.5935118438891958
1432 0.6214738335492477
1433 0.9553728960504706
1434 1.7248739593058782
1435 -6.18382241058268
1436 -3.440173011185639
1437 -4.352773990488089
1438 -4.0350039408775835
1439 -4.1496258011134355
1440 -4.068919216543535
1441 -2.383093812686342
1442 -3.307895892310522
1443 -4.032540416919135
1444 -3.7978088008448787
1445 -3.675171361006527
1446 -2.7469723516081768
1447 -2.7259775042625365
1448 -1.2659086454411348
1449 -1.70243243185008
1450 -3.0359500093577996
1451 -1.803967353928043
1452 -1.3326324126892948
1453 -0.6892052181550609
1454 -0.23312907257169635
1455 0.38813534276997935
1456 -0.7935565938316734
1457 -0.19370637685705094
1458 1.192708229508284
1459 0.6614054116949941
1460 1.0130598076315085
1461 0.07681675563068163
1462 0.39026998527890333
1463 1.749255696818252
1464 -9.98136038110375
1465 -9.98136038110375
1466 -9.56803156054161
1467 -9.711128878801548
1468 -9.98136038110375
1469 -8.980530749793479
1470 -9.98136038110375
1471 -9.747606357888776
1472 -9.68024984255668
1473 -9.98136038110375
1474 -9.374665066438363
1475 -9.98136038110375
1476 -8.783417953537095
1477 -9.98136038110375
1478 -9.98136038110375
1479 -9.912508013461613
1480 -9.784384084825316
1481 -9.98136038110375
1482 -9.384156803705551
1483 -9.98136038110375
1484 -9.98136038110375
1485 -9.98136038110375
1486 -9.61406745309933
1487 -9.98136038110375
1488 -9.651131821011553
1489 -9.120968448794406
1490 -9.741507896819115
1491 -9.803823557503524
1492 -9.254994471023346
1493 -9.981349915118809
1494 -9.981273921503613
1495 -9.98090567753254
1496 -9.980356470752861
1497 -9.98136038110375
1498 -9.98136038110375
1499 -9.981357123745296
1500 -9.980917427979634
1501 -9.98136038110375
1502 -9.98136038110375
1503 -9.98136038110375
1504 -9.980883848737337
1505 -9.98136038110375
1506 -9.98136038110375
1507 -9.98136038110375
1508 -9.980925384195858
1509 -9.98136038110375
1510 -9.98136038110375
1511 -9.9809922925477
1512 -9.98136038110375
1513 -9.981265124265317
1514 -9.980842699351836
1515 -9.980388539820693
1516 -9.98136038110375
1517 -9.980822922108292
1518 -9.980890868881426
1519 -9.98136038110375
1520 -9.98136038110375
1521 -9.98136038110375
1522 -9.98136038110375
1523 -6.244206474670159
1524 -4.959525465025322
1525 -4.9053756586553945
1526 -4.327326531223658
1527 -3.9097404834617633
1528 -3.6723443339084714
1529 -3.511972421505699
1530 -3.291784637881831
1531 -3.0281815319668395
1532 -2.9925531142105126
1533 -2.8602413831955604
1534 -2.83895157580276
1535 -2.646602621231979
1536 -2.4644215867219406
1537 -1.824308004904246
1538 -1.729618081799591
1539 -1.2857607464923781
1540 -0.9538817187191342
1541 -0.743490257309019
1542 -0.716379894863304
1543 -0.6543248456327783
1544 -0.6195141056943161
1545 -0.49554651618014445
1546 0.35847826786181436
1547 0.42204155951171846
1548 0.5935118438891958
1549 0.6214738335492477
1550 0.9553728960504706
1551 1.7248739593058782
1552 -6.373753953403733
1553 -4.215381426690081
1554 -4.864868685667034
1555 -3.125827412213341
1556 -3.4200148117462397
1557 -4.778538350559196
1558 -3.323089913383856
1559 -3.076171993066603
1560 -1.8751339058039085
1561 -4.553584717385681
1562 -2.7475820453503883
1563 -2.7635446394979337
1564 -3.943164728394906
1565 -2.202360040958326
1566 -1.59146947408364
1567 -1.065509226185203
1568 -1.7776498226771755
1569 -1.076647080887299
1570 -0.7063492571059373
1571 -1.0456392833086947
1572 -1.254067975128334
1573 -1.0540524199699002
1574 -0.8414778400954918
1575 -0.2598995959110585
1576 0.8286769036206295
1577 0.08965326645840421
1578 0.9668687305339771
1579 -0.12873856300274644
1580 1.7783363076957295
1581 -9.98136038110375
1582 -9.762208776190938
1583 -9.713313393429525
1584 -9.98136038110375
1585 -9.4099338478268
1586 -9.867382093020062
1587 -9.98136038110375
1588 -9.563146028130568
1589 -9.7528744879817
1590 -9.367610128028087
1591 -9.98136038110375
1592 -9.556556022255746
1593 -9.98136038110375
1594 -9.98136038110375
1595 -9.752214424840453
1596 -9.98136038110375
1597 -9.98136038110375
1598 -9.736795982923208
1599 -9.098371869689922
1600 -9.98136038110375
1601 -9.768240443500472
1602 -9.98136038110375
1603 -9.98136038110375
1604 -9.753527603263777
1605 -7.705192817572126
1606 -9.246420907339447
1607 -9.98136038110375
1608 -9.641506228910462
1609 -9.98136038110375
1610 -9.98136038110375
1611 -9.980464486371307
1612 -9.98136038110375
1613 -9.98136038110375
1614 -9.981103133898497
1615 -9.980831922191863
1616 -9.981079893791318
1617 -9.98136038110375
1618 -9.98136038110375
1619 -9.98136038110375
1620 -9.980883246581941
1621 -9.98136038110375
1622 -9.980548159679614
1623 -9.981054644565438
1624 -9.980422717876001
1625 -9.98136038110375
1626 -9.98136038110375
1627 -9.980537692867525
1628 -9.98136038110375
1629 -9.98136038110375
1630 -9.981250792768922
1631 -9.981147459856997
1632 -9.981194600249763
1633 -9.98136038110375
1634 -9.980820299062387
1635 -9.981198190485344
1636 -9.98136038110375
1637 -9.98132284797102
1638 -9.980976503254766
1639 -9.98136038110375
1640 -6.244206474670159
1641 -4.959525465025322
1642 -4.9053756586553945
1643 -4.327326531223658
1644 -3.9097404834617633
1645 -3.6723443339084714
1646 -3.511972421505699
1647 -3.291784637881831
1648 -3.0281815319668395
1649 -2.9925531142105126
1650 -2.8602413831955604
1651 -2.83895157580276
1652 -2.646602621231979
1653 -2.4644215867219406
1654 -1.824308004904246
1655 -1.729618081799591
1656 -1.2857607464923781
1657 -0.9538817187191342
1658 -0.743490257309019
1659 -0.716379894863304
1660 -0.6543248456327783
1661 -0.6195141056943161
1662 -0.49554651618014445
1663 0.35847826786181436
1664 0.42204155951171846
1665 0.5935118438891958
1666 0.6214738335492477
1667 0.9553728960504706
1668 1.7248739593058782
1669 -5.855183336924649
1670 -5.03810258853416
1671 -5.263148424802271
1672 -2.825255702976623
1673 -4.037981622096247
1674 -3.940439313422661
1675 -3.66544395745101
1676 -3.862324108368182
1677 -1.8726730616738108
1678 -3.235827026873756
1679 -2.54902910328064
1680 -2.807536587771372
1681 -2.6882004053580544
1682 -1.2938764047108156
1683 -2.1205910232507637
1684 -1.0164902747679694
1685 -1.326905006947832
1686 -1.3778381446515904
1687 -0.7867118253620572
1688 -1.049531623847082
1689 -1.3258712109583473
1690 -0.8806904107731478
1691 -0.9531633473643054
1692 0.7890197584487827
1693 0.6789123383569408
1694 -1.0625156698061788
1695 0.8947681686867555
1696 0.15315456953859097
1697 1.3450694672554766
1698 -9.708983501946687
1699 -9.688653425747404
1700 -9.466455866626854
1701 -9.551350508601697
1702 -9.98136038110375
1703 -9.98136038110375
1704 -9.98136038110375
1705 -9.98136038110375
1706 -9.98136038110375
1707 -9.933290603481783
1708 -9.98136038110375
1709 -9.329291499472511
1710 -9.678717284219585
1711 -9.783021872693666
1712 -9.98136038110375
1713 -9.98136038110375
1714 -9.98136038110375
1715 -9.98136038110375
1716 -9.98136038110375
1717 -9.388354563966805
1718 -9.98136038110375
1719 -9.822326789580302
1720 -9.96453724703267
1721 -9.817148767164129
1722 -9.659537513502165
1723 -9.98136038110375
1724 -9.98136038110375
1725 -9.98136038110375
1726 -9.98136038110375
1727 -9.981126688555312
1728 -9.98136038110375
1729 -9.981039840999482
1730 -9.980664043624813
1731 -9.98136038110375
1732 -9.98077198223978
1733 -9.98136038110375
1734 -9.980760596833765
1735 -9.98136038110375
1736 -9.98136038110375
1737 -9.981005344552004
1738 -9.98136038110375
1739 -9.98136038110375
1740 -9.980747748288401
1741 -9.981217010578384
1742 -9.98136038110375
1743 -9.980659413154235
1744 -9.980986315132814
1745 -9.98136038110375
1746 -9.981136945089931
1747 -9.98136038110375
1748 -9.980872412073408
1749 -9.98121860838626
1750 -9.98136038110375
1751 -9.981151454043456
1752 -9.98045776326493
1753 -9.980461601404292
1754 -9.98136038110375
1755 -9.98136038110375
1756 -9.98136038110375
1757 -6.244206474670159
1758 -4.959525465025322
1759 -4.9053756586553945
1760 -4.327326531223658
1761 -3.9097404834617633
1762 -3.6723443339084714
1763 -3.511972421505699
1764 -3.291784637881831
1765 -3.0281815319668395
1766 -2.9925531142105126
1767 -2.8602413831955604
1768 -2.83895157580276
1769 -2.646602621231979
1770 -2.4644215867219406
1771 -1.824308004904246
1772 -1.729618081799591
1773 -1.2857607464923781
1774 -0.9538817187191342
1775 -0.743490257309019
1776 -0.716379894863304
1777 -0.6543248456327783
1778 -0.6195141056943161
1779 -0.49554651618014445
1780 0.35847826786181436
1781 0.42204155951171846
1782 0.5935118438891958
1783 0.6214738335492477
1784 0.9553728960504706
1785 1.7248739593058782
1786 -6.859188383170224
1787 -5.8887587927667875
1788 -4.359923602482909
1789 -5.042085006110083
1790 -4.291192648930526
1791 -2.4557805281065384
1792 -4.01804058523993
1793 -4.066966684121679
1794 -3.1434759460376718
1795 -3.2041788166781178
1796 -1.4065180570826916
1797 -2.7486498804061843
1798 -3.8046450435743964
1799 -3.62237688807972
1800 -1.4273686076040293
1801 -1.8561071127927784
1802 -1.6529427064735593
1803 -0.8467468984790971
1804 -0.7507778747940891
1805 -1.0990974833645362
1806 -0.433102643401541
1807 -0.8654557840726883
1808 -1.0901568192268798
1809 0.37875247923833155
1810 0.1750680486683921
1811 -0.4507796301464513
1812 0.9601154698124383
1813 -0.2257337478437551
1814 1.447258371460059
1815 -9.98136038110375
1816 -9.702243673831896
1817 -9.98136038110375
1818 -9.93830828913234
1819 -9.98136038110375
1820 -9.649611482815457
1821 -9.98136038110375
1822 -9.98136038110375
1823 -9.962612493050955
1824 -9.98136038110375
1825 -9.98136038110375
1826 -9.98136038110375
1827 -9.98136038110375
1828 -9.866758048345527
1829 -9.98136038110375
1830 -9.98136038110375
1831 -9.98136038110375
1832 -9.98136038110375
1833 -9.715640358942533
1834 -9.98136038110375
1835 -9.98136038110375
1836 -9.531555979279007
1837 -9.98136038110375
1838 -9.757260132730398
1839 -9.98136038110375
1840 -9.895924880712395
1841 -9.813041862556492
1842 -9.353237358359241
1843 -9.806229957627176
1844 -9.98094799570142
1845 -9.98136038110375
1846 -9.98136038110375
1847 -9.980865239160185
1848 -9.981238158713953
1849 -9.980476584033694
1850 -9.980545344159678
1851 -9.98136038110375
1852 -9.98136038110375
1853 -9.98136038110375
1854 -9.98092197990675
1855 -9.98136038110375
1856 -9.98136038110375
1857 -9.980504185173547
1858 -9.98136038110375
1859 -9.98066330856073
1860 -9.98084414765013
1861 -9.98094198629513
1862 -9.98136038110375
1863 -9.98136038110375
1864 -9.98136038110375
1865 -9.98136038110375
1866 -9.98062063199089
1867 -9.98136038110375
1868 -9.98136038110375
1869 -9.98136038110375
1870 -9.98136038110375
1871 -9.98136038110375
1872 -9.98136038110375
1873 -9.98136038110375
1874 -6.244206474670159
1875 -4.959525465025322
1876 -4.9053756586553945
1877 -4.327326531223658
1878 -3.9097404834617633
1879 -3.6723443339084714
1880 -3.511972421505699
1881 -3.291784637881831
1882 -3.0281815319668395
1883 -2.9925531142105126
1884 -2.8602413831955604
1885 -2.83895157580276
1886 -2.646602621231979
1887 -2.4644215867219406
1888 -1.824308004904246
1889 -1.729618081799591
1890 -1.2857607464923781
1891 -0.9538817187191342
1892 -0.743490257309019
1893 -0.716379894863304
1894 -0.6543248456327783
1895 -0.6195141056943161
1896 -0.49554651618014445
1897 0.35847826786181436
1898 0.42204155951171846
1899 0.5935118438891958
1900 0.6214738335492477
1901 0.9553728960504706
1902 1.7248739593058782
evaluations raw_y
1 -5.1239801048902
2 -5.066317637138399
3 -3.4347766772254156
4 -3.2157437778420794
5 -0.10510391622167203
6 -4.940740315389306
7 -1.7384556767526527
8 -1.9782587086536716
9 -2.2929273097815877
10 -4.5384749144341585
11 -4.46894319584735
12 -2.5023349604233642
13 -4.552669420632666
14 1.0856080351058688
15 -3.651195237807862
16 -1.6974103708019368
17 -1.3594715177024246
18 0.5380226795088054
19 -2.470630896671375
20 -2.5871934565688384
21 -1.6454360233063643
22 -0.9753591903276042
23 -4.610770943112573
24 -0.31897926822333145
25 -7.005865797835707
26 -2.3929858790572265
27 -0.9843868055443298
28 -1.2813173653439534
29 -6.996620984430133
30 -4.543693229074651
31 -8.04765058060667
32 -3.650919880279558
33 -4.796017697964581
34 -5.076940131961566
35 -4.861527073334045
36 -3.6457951834173814
37 -5.109441801161063
38 -4.283616188134998
39 -3.263582197527072
40 -3.061707481921182
41 -3.882107460600171
42 -3.2350948391754355
43 -2.409550455733485
44 -2.0006502171333707
45 -3.5940813097443574
46 -3.9297278656186987
47 -2.4539448348614634
48 -1.9878137742302913
49 -1.5039736523628668
50 -1.6473793131671732
51 -2.0186717698634884
52 -0.6243359319523933
53 -1.2056519234803194
54 -1.1073195213818863
55 -0.9656531442755523
56 -0.46547612059604715
57 -0.1463554632194119
58 0.23955243918212488
59 -0.4211608908810677
60 -8.04765058060667
61 -6.996620984430133
62 -5.1239801048902
63 -5.066317637138399
64 -4.940740315389306
65 -4.610770943112573
66 -4.552669420632666
67 -4.543693229074651
68 -4.5384749144341585
69 -4.46894319584735
70 -3.651195237807862
71 -3.4347766772254156
72 -3.2157437778420794
73 -2.5871934565688384
74 -2.5023349604233642
75 -2.470630896671375
76 -2.3929858790572265
77 -2.2929273097815877
78 -1.9782587086536716
79 -1.7384556767526527
80 -1.6974103708019368
81 -1.6454360233063643
82 -1.3594715177024246
83 -1.2813173653439534
84 -0.9843868055443298
85 -0.9753591903276042
86 -0.31897926822333145
87 -0.10510391622167203
88 0.5380226795088054
89 1.0856080351058688
90 -6.016248259545124
91 -3.7850351508544944
92 -5.4666543859389805
93 -4.632244195563988
94 -4.9518516975626286
95 -5.712176118082988
96 -5.274375142015688
97 -4.521235762423224
98 -5.847207603194617
99 -2.864054935040208
100 -2.7628469712352963
101 -4.889722742668697
102 -3.0738200257600257
103 -2.8736259993295588
104 -3.6704073279743223
105 -1.7424066993933054
106 -2.335704365911022
107 -1.677760606806669
108 -1.5571751967110001
109 -1.3798774124968611
110 -0.894021905504207
111 -0.7654030201938411
112 -1.3174968828278817
113 -0.9418002255251802
114 -0.9573934640297826
115 -0.263970594915405
116 -0.10265154196500131
117 0.6434569504209064
118 -0.6680800899220191
119 -8.04765058060667
120 -8.152673939073324
121 -8.07624481864466
122 -7.522803947270859
123 -8.152673939073324
124 -8.094786463672056
125 -7.598112317304361
126 -8.053290558281537
127 -8.152673939073324
128 -8.054254009352018
129 -7.638469353537259
130 -7.6229315717038295
131 -8.152673939073324
132 -8.06464558974444
133 -8.080205486017274
134 -7.944062028954102
135 -8.152673939073324
136 -8.152673939073324
137 -8.152673939073324
138 -8.11443272216858
139 -8.634170655705256
140 -9.617280900778352
141 -9.617280900778352
142 -9.237484637382574
143 -9.107876626116575
144 -9.564798576464435
145 -9.617280900778352
146 -9.617280900778352
147 -9.696301004013621
148 -9.696843690955815
149 -9.697532831021059
150 -9.696742587320763
151 -9.697204662719933
152 -9.697487215639486
153 -9.697532831021059
154 -9.696822524685068
155 -9.697532831021059
156 -9.697450336811775
157 -9.697532831021059
158 -9.697532831021059
159 -9.697532831021059
160 -9.69752150497093
161 -9.698494681848315
162 -9.698276811086778
163 -9.699319681453527
164 -9.69872533207923
165 -9.700070915855271
166 -9.699701588964096
167 -9.699755426871178
168 -9.699059287713496
169 -9.701047531383061
170 -9.700463575273977
171 -9.701440612975723
172 -9.701747058107479
173 -9.700996659867664
174 -9.702368117334025
175 -9.701643291550397
176 -9.701910928864052
177 -9.702368117334025
178 -6.996620984430133
179 -5.1239801048902
180 -5.066317637138399
181 -4.940740315389306
182 -4.610770943112573
183 -4.552669420632666
184 -4.543693229074651
185 -4.5384749144341585
186 -4.46894319584735
187 -3.651195237807862
188 -3.4347766772254156
189 -3.2157437778420794
190 -2.5871934565688384
191 -2.5023349604233642
192 -2.470630896671375
193 -2.3929858790572265
194 -2.2929273097815877
195 -1.9782587086536716
196 -1.7384556767526527
197 -1.6974103708019368
198 -1.6454360233063643
199 -1.3594715177024246
200 -1.2813173653439534
201 -0.9843868055443298
202 -0.9753591903276042
203 -0.31897926822333145
204 -0.10510391622167203
205 0.5380226795088054
206 1.0856080351058688
207 -6.462167282771848
208 -4.173284024779203
209 -5.143851612221744
210 -4.948146267731648
211 -4.300171635114594
212 -4.354377562571406
213 -4.964858563829386
214 -4.578548297291137
215 -5.143583122848727
216 -4.023056033767994
217 -3.1409423975237756
218 -1.9550098360821264
219 -3.0321181951573806
220 -1.9465875079678048
221 -2.589967042902151
222 -1.9071245432288033
223 -2.34914710963146
224 -1.985941711301228
225 -2.500725825490023
226 -2.030283516640751
227 -2.381150218904586
228 -1.355332678439837
229 -0.9779756762931088
230 -0.6957084851433676
231 -0.9668680749155251
232 -0.4603220662739247
233 -0.06321541706535938
234 0.6076413204599351
235 -0.14949693632401637
236 -9.910464826073124
237 -9.910464826073124
238 -9.98136038110375
239 -9.864446711775793
240 -9.98136038110375
241 -9.810101305050544
242 -9.88365294912308
243 -9.764044242423873
244 -9.51203970144429
245 -9.135106515087625
246 -9.572956134643094
247 -9.98136038110375
248 -9.537005914512578
249 -9.481369849439005
250 -9.98136038110375
251 -9.016525255563518
252 -9.601314911157068
253 -9.622402502079712
254 -9.98136038110375
255 -9.98136038110375
256 -9.847290823842567
257 -9.98136038110375
258 -9.98136038110375
259 -9.98136038110375
260 -9.98136038110375
261 -9.483492377093851
262 -9.911870308116983
263 -9.98136038110375
264 -9.98136038110375
265 -9.980563380313534
266 -9.98136038110375
267 -9.981058019550641
268 -9.98037292051825
269 -9.980747020497525
270 -9.98136038110375
271 -9.98136038110375
272 -9.98136038110375
273 -9.980462029706088
274 -9.98136038110375
275 -9.9805600146549
276 -9.98136038110375
277 -9.98136038110375
278 -9.981329236195458
279 -9.980581867212743
280 -9.98136038110375
281 -9.981203278466369
282 -9.980706197399629
283 -9.980508047772597
284 -9.98136038110375
285 -9.98136038110375
286 -9.980466160781392
287 -9.98136038110375
288 -9.98136038110375
289 -9.98136038110375
290 -9.98136038110375
291 -9.98136038110375
292 -9.98136038110375
293 -9.98136038110375
294 -9.98136038110375
295 -6.996620984430133
296 -5.1239801048902
297 -5.066317637138399
298 -4.940740315389306
299 -4.610770943112573
300 -4.552669420632666
301 -4.543693229074651
302 -4.5384749144341585
303 -4.46894319584735
304 -3.651195237807862
305 -3.4347766772254156
306 -3.2157437778420794
307 -2.5871934565688384
308 -2.5023349604233642
309 -2.470630896671375
310 -2.3929858790572265
311 -2.2929273097815877
312 -1.9782587086536716
313 -1.7384556767526527
314 -1.6974103708019368
315 -1.6454360233063643
316 -1.3594715177024246
317 -1.2813173653439534
318 -0.9843868055443298
319 -0.9753591903276042
320 -0.31897926822333145
321 -0.10510391622167203
322 0.5380226795088054
323 1.0856080351058688
324 -5.8978081522734005
325 -4.285476089277211
326 -6.196375320781378
327 -4.889370683743666
328 -4.667916402843871
329 -4.141674287190435
330 -4.873775324546206
331 -5.5543764045347634
332 -5.039117554542736
333 -2.7668899951900734
334 -3.9921654581657684
335 -3.3311095998768767
336 -2.3884947463168897
337 -3.68733693291413
338 -3.2973774090607466
339 -1.629653980467212
340 -2.4159618997520997
341 -2.301131285064481
342 -1.324284975920562
343 -1.3905049561634188
344 -1.9220473849125361
345 -1.5033889340045674
346 -0.8831989555155432
347 -0.6855249006923495
348 -0.9755721186737885
349 -0.6102399443040343
350 -0.14269629558362695
351 0.8153504645754395
352 1.2242235800221888
353 -9.461781605540693
354 -9.98136038110375
355 -9.343428714637486
356 -9.98136038110375
357 -9.360966156426311
358 -9.98136038110375
359 -9.98136038110375
360 -9.82065408545117
361 -9.557792331989784
362 -9.98136038110375
363 -9.98136038110375
364 -9.98136038110375
365 -9.98136038110375
366 -9.67375320582317
367 -9.98136038110375
368 -9.98136038110375
369 -9.384529246107242
370 -9.49973964309294
371 -9.793515029651449
372 -9.006365361758547
373 -9.893037939584556
374 -9.797795728089945
375 -9.98136038110375
376 -9.98136038110375
377 -9.793100198792018
378 -9.98136038110375
379 -9.588526373828053
380 -9.98136038110375
381 -9.98136038110375
382 -9.98136038110375
383 -9.98136038110375
384 -9.98136038110375
385 -9.98136038110375
386 -9.980850469433223
387 -9.98136038110375
388 -9.98136038110375
389 -9.980532150891808
390 -9.980908091650647
391 -9.981203907448702
392 -9.980909019803505
393 -9.98134416727352
394 -9.981142517106584
395 -9.98136038110375
396 -9.98115492481162
397 -9.98036618293203
398 -9.98121218374229
399 -9.98050079856235
400 -9.98136038110375
401 -9.98136038110375
402 -9.98136038110375
403 -9.980652324708672
404 -9.98136038110375
405 -9.980484196483909
406 -9.981239818173359
407 -9.981055132263208
408 -9.980916365897828
409 -9.980382540778217
410 -9.98136038110375
411 -9.98136038110375
412 -6.996620984430133
413 -5.1239801048902
414 -5.066317637138399
415 -4.940740315389306
416 -4.610770943112573
417 -4.552669420632666
418 -4.543693229074651
419 -4.5384749144341585
420 -4.46894319584735
421 -3.651195237807862
422 -3.4347766772254156
423 -3.2157437778420794
424 -2.5871934565688384
425 -2.5023349604233642
426 -2.470630896671375
427 -2.3929858790572265
428 -2.2929273097815877
429 -1.9782587086536716
430 -1.7384556767526527
431 -1.6974103708019368
432 -1.6454360233063643
433 -1.3594715177024246
434 -1.2813173653439534
435 -0.9843868055443298
436 -0.9753591903276042
437 -0.31897926822333145
438 -0.10510391622167203
439 0.5380226795088054
440 1.0856080351058688
441 -7.178028965719483
442 -5.488363631671124
443 -4.355589975950322
444 -5.07315476027262
445 -4.641624227023373
446 -5.177036249414151
447 -4.299949797288296
448 -3.3220934892674605
449 -4.639516209325934
450 -3.1783253731229397
451 -3.5186962997260505
452 -2.7355720094178224
453 -3.151554108816805
454 -2.6411586728818537
455 -1.0725825493341905
456 -2.1568347418481135
457 -2.1353403259810624
458 -1.9749956038690586
459 -1.7427789987746607
460 -1.4209414606708997
461 -2.5963323841396226
462 -1.2583012565762601
463 -0.775728017924715
464 -0.9673430793675771
465 -0.9721295625113363
466 -0.5427132702394348
467 -0.06289435009419536
468 0.7494044995731803
469 1.1599320569223628
470 -9.95169528583955
471 -9.98136038110375
472 -9.74387332670525
473 -9.98136038110375
474 -9.98136038110375
475 -9.98136038110375
476 -9.48697135731578
477 -9.98136038110375
478 -9.300156345779758
479 -9.98136038110375
480 -9.446969972009725
481 -9.468118072501102
482 -9.14544898502095
483 -9.669117057087357
484 -9.98136038110375
485 -9.849763036367815
486 -9.98136038110375
487 -9.98136038110375
488 -9.783210237457425
489 -9.700906395281972
490 -9.546964818398216
491 -9.815135856771374
492 -9.98136038110375
493 -9.887705841478933
494 -9.98136038110375
495 -9.835655553185006
496 -9.98136038110375
497 -9.542389922954095
498 -9.98136038110375
499 -9.98076095093075
500 -9.98136038110375
501 -9.98136038110375
502 -9.98136038110375
503 -9.980729382405261
504 -9.98136038110375
505 -9.980565403391118
506 -9.980473775218407
507 -9.980545304791768
508 -9.981236593034646
509 -9.98136038110375
510 -9.980986932552277
511 -9.98136038110375
512 -9.98136038110375
513 -9.98082690366005
514 -9.98136038110375
515 -9.980916689689744
516 -9.98097456208496
517 -9.98136038110375
518 -9.98136038110375
519 -9.98136038110375
520 -9.981077763908822
521 -9.981090927089877
522 -9.98136038110375
523 -9.98136038110375
524 -9.98136038110375
525 -9.98059212411252
526 -9.980373265427222
527 -9.98136038110375
528 -9.98136038110375
529 -6.996620984430133
530 -5.1239801048902
531 -5.066317637138399
532 -4.940740315389306
533 -4.610770943112573
534 -4.552669420632666
535 -4.543693229074651
536 -4.5384749144341585
537 -4.46894319584735
538 -3.651195237807862
539 -3.4347766772254156
540 -3.2157437778420794
541 -2.5871934565688384
542 -2.5023349604233642
543 -2.470630896671375
544 -2.3929858790572265
545 -2.2929273097815877
546 -1.9782587086536716
547 -1.7384556767526527
548 -1.6974103708019368
549 -1.6454360233063643
550 -1.3594715177024246
551 -1.2813173653439534
552 -0.9843868055443298
553 -0.9753591903276042
554 -0.31897926822333145
555 -0.10510391622167203
556 0.5380226795088054
557 1.0856080351058688
558 -7.0252722797323965
559 -6.09933561602829
560 -6.581795587087794
561 -4.643522901573034
562 -4.383267776049366
563 -5.776770973701425
564 -4.378468379143638
565 -3.22792988817257
566 -4.080733095190775
567 -3.389774805830788
568 -3.9041111097964953
569 -4.6301994731537945
570 -3.2570411356027646
571 -3.8252563172132668
572 -0.9254266628112607
573 -3.753176692533299
574 -2.1366891252674702
575 -1.946990167146372
576 -1.7388761089023927
577 -2.0313734508206296
578 -2.710506224521666
579 -2.0191082148178126
580 -1.7148611949554502
581 -0.6740981382740087
582 -0.985481791583727
583 -0.3703090212160409
584 -0.08460129104483222
585 0.7960442453246332
586 1.314678208224275
587 -9.98136038110375
588 -9.634084622801875
589 -9.98136038110375
590 -9.566479314899311
591 -9.97048025032823
592 -9.98136038110375
593 -9.98136038110375
594 -9.86431271795881
595 -9.98136038110375
596 -9.514548193047958
597 -9.98136038110375
598 -9.941482975598706
599 -9.98136038110375
600 -9.008675404957351
601 -9.951718971880398
602 -9.53500771592133
603 -9.98136038110375
604 -9.98136038110375
605 -9.98136038110375
606 -9.98136038110375
607 -9.74024501001636
608 -9.98136038110375
609 -9.98136038110375
610 -9.98136038110375
611 -9.205293759301895
612 -9.98136038110375
613 -9.98136038110375
614 -9.068729604588814
615 -9.91635407639631
616 -9.980951788854608
617 -9.981258471609042
618 -9.98136038110375
619 -9.98136038110375
620 -9.98136038110375
621 -9.981279228464588
622 -9.98136038110375
623 -9.98136038110375
624 -9.98136038110375
625 -9.981263027835519
626 -9.98136038110375
627 -9.98136038110375
628 -9.98136038110375
629 -9.98136038110375
630 -9.981213950172156
631 -9.980777418684859
632 -9.98136038110375
633 -9.98136038110375
634 -9.98136038110375
635 -9.980389325457061
636 -9.98136038110375
637 -9.980403422133204
638 -9.98136038110375
639 -9.980822816247537
640 -9.981243796029382
641 -9.98136038110375
642 -9.98136038110375
643 -9.980963594757839
644 -9.980812260549715
645 -9.98136038110375
646 -6.996620984430133
647 -5.1239801048902
648 -5.066317637138399
649 -4.940740315389306
650 -4.610770943112573
651 -4.552669420632666
652 -4.543693229074651
653 -4.5384749144341585
654 -4.46894319584735
655 -3.651195237807862
656 -3.4347766772254156
657 -3.2157437778420794
658 -2.5871934565688384
659 -2.5023349604233642
660 -2.470630896671375
661 -2.3929858790572265
662 -2.2929273097815877
663 -1.9782587086536716
664 -1.7384556767526527
665 -1.6974103708019368
666 -1.6454360233063643
667 -1.3594715177024246
668 -1.2813173653439534
669 -0.9843868055443298
670 -0.9753591903276042
671 -0.31897926822333145
672 -0.10510391622167203
673 0.5380226795088054
674 1.0856080351058688
675 -7.632188615010304
676 -3.692146170507151
677 -3.1718414381382725
678 -4.871818570792981
679 -4.1217644821399455
680 -5.079288648406519
681 -3.8305602450279235
682 -4.73225684222437
683 -5.255656330157635
684 -2.878327594494301
685 -3.0638919915571114
686 -4.695001699550774
687 -2.1175593450965207
688 -2.161635321214927
689 -2.097970764725976
690 -1.892326476639112
691 -2.3666718100312476
692 -1.9106810810966737
693 -1.025434136925363
694 -2.0664407610932187
695 -2.460173219686588
696 -0.8664816960456115
697 -1.1669215438798974
698 -0.9550497429616229
699 -0.9626567393325409
700 -0.2644282945966274
701 -0.11302033837598213
702 0.44637715861544064
703 -0.4304585697779132
704 -9.973766500003828
705 -9.761319876514134
706 -9.98136038110375
707 -9.98136038110375
708 -9.98136038110375
709 -9.736513677132631
710 -9.98136038110375
711 -9.98136038110375
712 -9.98136038110375
713 -9.98136038110375
714 -9.620041751184688
715 -9.795683151228914
716 -9.941075471341243
717 -9.12794181135113
718 -9.174243356827462
719 -9.960732067449765
720 -9.705993366612844
721 -9.98136038110375
722 -8.857519565771977
723 -9.496137505775446
724 -9.869888149006506
725 -9.94235903303693
726 -9.948223078407679
727 -9.672386152677078
728 -9.963771041256498
729 -9.741774110154044
730 -9.98136038110375
731 -9.564648100928762
732 -9.819503330262785
733 -9.98136038110375
734 -9.98136038110375
735 -9.98136038110375
736 -9.980478149197218
737 -9.98136038110375
738 -9.980564717597115
739 -9.980404919825045
740 -9.98136038110375
741 -9.980845315249645
742 -9.98136038110375
743 -9.98107531644872
744 -9.98136038110375
745 -9.980988587181649
746 -9.98113986472911
747 -9.98136038110375
748 -9.98136038110375
749 -9.98105875019608
750 -9.98136038110375
751 -9.980897426126065
752 -9.980714646642596
753 -9.98136038110375
754 -9.98136038110375
755 -9.980423238226917
756 -9.98136038110375
757 -9.98136038110375
758 -9.981137164761272
759 -9.98136038110375
760 -9.98136038110375
761 -9.98136038110375
762 -9.98136038110375
763 -6.996620984430133
764 -5.1239801048902
765 -5.066317637138399
766 -4.940740315389306
767 -4.610770943112573
768 -4.552669420632666
769 -4.543693229074651
770 -4.5384749144341585
771 -4.46894319584735
772 -3.651195237807862
773 -3.4347766772254156
774 -3.2157437778420794
775 -2.5871934565688384
776 -2.5023349604233642
777 -2.470630896671375
778 -2.3929858790572265
779 -2.2929273097815877
780 -1.9782587086536716
781 -1.7384556767526527
782 -1.6974103708019368
783 -1.6454360233063643
784 -1.3594715177024246
785 -1.2813173653439534
786 -0.9843868055443298
787 -0.9753591903276042
788 -0.31897926822333145
789 -0.10510391622167203
790 0.5380226795088054
791 1.0856080351058688
792 -5.950414312832989
793 -4.859529060692073
794 -6.2436038034597985
795 -4.982719366467399
796 -4.770886445543457
797 -2.7605956156587994
798 -4.767724902816033
799 -2.93819219127425
800 -4.40751741999891
801 -4.088517646069576
802 -4.129472731812308
803 -3.6210579779712133
804 -3.1730542228627585
805 -2.2623008950618075
806 -2.768528562946835
807 -1.4169366350045807
808 -2.0045191070881527
809 -2.183346524367608
810 -1.9729202990323023
811 -1.7249850237168998
812 -1.5233400089627778
813 -0.9618845857235125
814 -1.2929874867624382
815 -1.0701121617961324
816 -0.9613395971903899
817 -0.5827108296744092
818 -0.09280716415072265
819 0.8945652312620227
820 0.08068597102118616
821 -9.98136038110375
822 -9.964959239059183
823 -9.98136038110375
824 -9.98136038110375
825 -9.98136038110375
826 -9.81730809405881
827 -9.377142404053998
828 -9.98136038110375
829 -9.98136038110375
830 -9.98136038110375
831 -9.98136038110375
832 -9.98136038110375
833 -9.98136038110375
834 -9.834707750912711
835 -9.98136038110375
836 -9.98136038110375
837 -9.98136038110375
838 -9.64100621830618
839 -9.762430872617529
840 -9.760230764625758
841 -9.98136038110375
842 -9.52522056712501
843 -9.98136038110375
844 -8.853657799118903
845 -9.98136038110375
846 -9.902902723186845
847 -9.98136038110375
848 -9.915091117471274
849 -9.98136038110375
850 -9.98136038110375
851 -9.98111657526289
852 -9.98117627009154
853 -9.98136038110375
854 -9.98136038110375
855 -9.981212834403884
856 -9.98136038110375
857 -9.980765492422941
858 -9.98136038110375
859 -9.98136038110375
860 -9.98136038110375
861 -9.98136038110375
862 -9.980972224393398
863 -9.980949926421767
864 -9.980935041913193
865 -9.98136038110375
866 -9.98136038110375
867 -9.98136038110375
868 -9.981031667394648
869 -9.980809585207265
870 -9.9813546002686
871 -9.98136038110375
872 -9.98136038110375
873 -9.98136038110375
874 -9.98136038110375
875 -9.981097979221323
876 -9.980977006391928
877 -9.98136038110375
878 -9.981029341983774
879 -9.98136038110375
880 -6.996620984430133
881 -5.1239801048902
882 -5.066317637138399
883 -4.940740315389306
884 -4.610770943112573
885 -4.552669420632666
886 -4.543693229074651
887 -4.5384749144341585
888 -4.46894319584735
889 -3.651195237807862
890 -3.4347766772254156
891 -3.2157437778420794
892 -2.5871934565688384
893 -2.5023349604233642
894 -2.470630896671375
895 -2.3929858790572265
896 -2.2929273097815877
897 -1.9782587086536716
898 -1.7384556767526527
899 -1.6974103708019368
900 -1.6454360233063643
901 -1.3594715177024246
902 -1.2813173653439534
903 -0.9843868055443298
904 -0.9753591903276042
905 -0.31897926822333145
906 -0.10510391622167203
907 0.5380226795088054
908 1.0856080351058688
909 -7.937619388664073
910 -5.766161718651628
911 -6.166977674926996
912 -5.0092175384574515
913 -4.179130964568836
914 -5.257540769540118
915 -4.936774509243714
916 -4.561614599465236
917 -5.7237218202796365
918 -3.5011054963594743
919 -2.828307836853505
920 -4.932138702594209
921 -3.4044654320667456
922 -2.1875410272639915
923 -1.7638660636799448
924 -1.6539491792099965
925 -2.313818603607086
926 -2.1624084239353025
927 -0.9696567261921532
928 -2.095375561438102
929 -2.526536773004898
930 -0.8505792984184266
931 -1.0766448402396152
932 -1.002915883922958
933 -0.9713339669109149
934 -0.5727411255748358
935 -0.09232742977049102
936 0.33233296687726793
937 1.2220485600457562
938 -9.90071372624
939 -9.855508780563568
940 -9.097882701677317
941 -9.98136038110375
942 -9.63071478799971
943 -9.98136038110375
944 -9.98136038110375
945 -9.98136038110375
946 -9.720094375479107
947 -8.412734908855539
948 -9.962157076755082
949 -9.32938029620318
950 -9.98136038110375
951 -9.98136038110375
952 -9.98136038110375
953 -9.939549937328403
954 -9.98136038110375
955 -8.879926705466072
956 -9.805990006311845
957 -9.98136038110375
958 -9.98136038110375
959 -9.98136038110375
960 -9.811071815414897
961 -9.692227630846299
962 -9.009064962399918
963 -9.98136038110375
964 -9.940733538827393
965 -9.98136038110375
966 -9.98136038110375
967 -9.98136038110375
968 -9.98136038110375
969 -9.98136038110375
970 -9.98136038110375
971 -9.981087728623082
972 -9.98136038110375
973 -9.98046572680693
974 -9.980463785911603
975 -9.980677393996546
976 -9.98046844355881
977 -9.98136038110375
978 -9.981255112285222
979 -9.98136038110375
980 -9.98136038110375
981 -9.980905000751296
982 -9.98136038110375
983 -9.98136038110375
984 -9.981089528593351
985 -9.980499291914205
986 -9.98136038110375
987 -9.98136038110375
988 -9.98136038110375
989 -9.98136038110375
990 -9.980373778230145
991 -9.980357637274913
992 -9.98136038110375
993 -9.98136038110375
994 -9.98136038110375
995 -9.981359928956454
996 -9.98136038110375
997 -6.996620984430133
998 -5.1239801048902
999 -5.066317637138399
1000 -4.940740315389306
1001 -4.610770943112573
1002 -4.552669420632666
1003 -4.543693229074651
1004 -4.5384749144341585
1005 -4.46894319584735
1006 -3.651195237807862
1007 -3.4347766772254156
1008 -3.2157437778420794
1009 -2.5871934565688384
1010 -2.5023349604233642
1011 -2.470630896671375
1012 -2.3929858790572265
1013 -2.2929273097815877
1014 -1.9782587086536716
1015 -1.7384556767526527
1016 -1.6974103708019368
1017 -1.6454360233063643
1018 -1.3594715177024246
1019 -1.2813173653439534
1020 -0.9843868055443298
1021 -0.9753591903276042
1022 -0.31897926822333145
1023 -0.10510391622167203
1024 0.5380226795088054
1025 1.0856080351058688
1026 -7.325505750650101
1027 -6.03560083954579
1028 -5.39483357036328
1029 -4.775207033097554
1030 -4.923196703700525
1031 -4.094026938545701
1032 -4.847689654737296
1033 -3.3963563177569753
1034 -3.476982161989265
1035 -4.077367684377873
1036 -3.4781630181492416
1037 -4.129830230925036
1038 -3.3561499442189318
1039 -2.3954449678467773
1040 -3.5720110911531906
1041 -3.3624847661535613
1042 -2.3256081559211017
1043 -1.6763232530495213
1044 -1.94869395112943
1045 -1.7547878808743032
1046 -0.9323227339787873
1047 -2.0005681222604723
1048 -1.4422414292365326
1049 -1.645171869054626
1050 -0.9748507496681776
1051 -0.2821877965498174
1052 -0.14498470760383564
1053 0.10593937806907366
1054 1.0309715338589847
1055 -9.98136038110375
1056 -9.012863306692637
1057 -9.98136038110375
1058 -9.742543112499941
1059 -9.98136038110375
1060 -9.197570730628513
1061 -9.98136038110375
1062 -9.98136038110375
1063 -9.557609764277492
1064 -9.881543495762218
1065 -9.122343995518976
1066 -9.618284235197777
1067 -9.558226080169355
1068 -9.797456447716817
1069 -9.98136038110375
1070 -9.553254537947534
1071 -9.96089409018456
1072 -9.890834346546121
1073 -9.786367228602773
1074 -9.98136038110375
1075 -9.551464949208437
1076 -9.98136038110375
1077 -9.894155790148123
1078 -9.74437739146422
1079 -9.806585624797123
1080 -9.98136038110375
1081 -9.98136038110375
1082 -9.703143695378214
1083 -9.98136038110375
1084 -9.98136038110375
1085 -9.98136038110375
1086 -9.98136038110375
1087 -9.981251014340577
1088 -9.981048818434191
1089 -9.980938884958277
1090 -9.98136038110375
1091 -9.981303068759392
1092 -9.981079024858913
1093 -9.98136038110375
1094 -9.980652955503448
1095 -9.980475182567904
1096 -9.980922508538432
1097 -9.98136038110375
1098 -9.981051298218663
1099 -9.980639507960182
1100 -9.981057888412384
1101 -9.981198191928279
1102 -9.9804609398875
1103 -9.98136038110375
1104 -9.981293879442012
1105 -9.981090980065307
1106 -9.980864263387298
1107 -9.980398448176693
1108 -9.980535620756603
1109 -9.98136038110375
1110 -9.98136038110375
1111 -9.98136038110375
1112 -9.980790743513687
1113 -9.98136038110375
1114 -6.996620984430133
1115 -5.1239801048902
1116 -5.066317637138399
1117 -4.940740315389306
1118 -4.610770943112573
1119 -4.552669420632666
1120 -4.543693229074651
1121 -4.5384749144341585
1122 -4.46894319584735
1123 -3.651195237807862
1124 -3.4347766772254156
1125 -3.2157437778420794
1126 -2.5871934565688384
1127 -2.5023349604233642
1128 -2.470630896671375
1129 -2.3929858790572265
1130 -2.2929273097815877
1131 -1.9782587086536716
1132 -1.7384556767526527
1133 -1.6974103708019368
1134 -1.6454360233063643
1135 -1.3594715177024246
1136 -1.2813173653439534
1137 -0.9843868055443298
1138 -0.9753591903276042
1139 -0.31897926822333145
1140 -0.10510391622167203
1141 0.5380226795088054
1142 1.0856080351058688
1143 -6.346860972551101
1144 -5.026481713152184
1145 -4.081168454609906
1146 -4.931543491165417
1147 -4.706862655329168
1148 -2.7742162906288623
1149 -5.57197990738069
1150 -3.147750336187854
1151 -3.3628153279615702
1152 -3.807193942322149
1153 -3.9197433170585634
1154 -2.8483883601734203
1155 -3.070747314776633
1156 -2.0301142789808337
1157 -3.295290874818816
1158 -2.9024104274396603
1159 -2.0167811643535725
1160 -1.7058342916111178
1161 -1.6599627657466893
1162 -1.4017250523348204
1163 -1.9296617702870194
1164 -0.6080833852469665
1165 -1.3405603075865382
1166 -1.1861292586976662
1167 -1.0353611884589622
1168 -0.6166949201418294
1169 -0.09645696502988416
1170 0.7920102604956211
1171 1.32074030768502
1172 -9.98136038110375
1173 -9.836562587260687
1174 -9.98136038110375
1175 -9.98136038110375
1176 -9.188256449620733
1177 -9.62394351923613
1178 -9.719470438231479
1179 -9.889232774588411
1180 -9.98136038110375
1181 -9.336691736629712
1182 -9.98136038110375
1183 -9.98136038110375
1184 -9.9648830985321
1185 -9.570965294344992
1186 -9.371442611013906
1187 -9.98136038110375
1188 -9.845907327578779
1189 -9.98136038110375
1190 -9.217735141060757
1191 -9.664593153970557
1192 -9.98136038110375
1193 -7.878984377710092
1194 -9.98136038110375
1195 -9.498096488768368
1196 -9.918429348933412
1197 -9.98136038110375
1198 -9.877565073823117
1199 -9.571547103806715
1200 -9.366933778132477
1201 -9.980430681560538
1202 -9.980540934545674
1203 -9.98136038110375
1204 -9.98136038110375
1205 -9.980743142567551
1206 -9.98136038110375
1207 -9.98058641306371
1208 -9.981124023446593
1209 -9.98136038110375
1210 -9.98136038110375
1211 -9.98136038110375
1212 -9.980536900115386
1213 -9.981061675800682
1214 -9.98136038110375
1215 -9.980987216083065
1216 -9.980807464193765
1217 -9.98136038110375
1218 -9.981054452003574
1219 -9.98136038110375
1220 -9.981037965453378
1221 -9.98136038110375
1222 -9.981115416696536
1223 -9.981235412112511
1224 -9.980593321813263
1225 -9.98136038110375
1226 -9.980523600521675
1227 -9.98136038110375
1228 -9.980704973724862
1229 -9.98136038110375
1230 -9.98136038110375
1231 -6.996620984430133
1232 -5.1239801048902
1233 -5.066317637138399
1234 -4.940740315389306
1235 -4.610770943112573
1236 -4.552669420632666
1237 -4.543693229074651
1238 -4.5384749144341585
1239 -4.46894319584735
1240 -3.651195237807862
1241 -3.4347766772254156
1242 -3.2157437778420794
1243 -2.5871934565688384
1244 -2.5023349604233642
1245 -2.470630896671375
1246 -2.3929858790572265
1247 -2.2929273097815877
1248 -1.9782587086536716
1249 -1.7384556767526527
1250 -1.6974103708019368
1251 -1.6454360233063643
1252 -1.3594715177024246
1253 -1.2813173653439534
1254 -0.9843868055443298
1255 -0.9753591903276042
1256 -0.31897926822333145
1257 -0.10510391622167203
1258 0.5380226795088054
1259 1.0856080351058688
1260 -7.20954474402955
1261 -4.568054108353002
1262 -3.1619667007135126
1263 -5.0775953837949865
1264 -4.333113814680725
1265 -2.8142138645128703
1266 -5.610468023323177
1267 -5.313558671443939
1268 -5.584402217996951
1269 -3.2094103682412367
1270 -4.119370433254416
1271 -1.7948388565457714
1272 -2.736181061910032
1273 -1.9215431409630277
1274 -3.498247754511569
1275 -2.530728678363218
1276 -2.075786485593074
1277 -1.9141079145431292
1278 -1.8227313057258063
1279 -1.6883004490506444
1280 -1.4968005298798048
1281 -1.442265795037288
1282 -1.5437141217578205
1283 -1.4531276266920268
1284 -0.9846633070414726
1285 -0.3272590878560191
1286 -0.12049076445682477
1287 0.924170963049672
1288 0.7350799512017534
1289 -9.98136038110375
1290 -8.870269446464551
1291 -9.98136038110375
1292 -9.90047248221845
1293 -9.75236485839467
1294 -9.746830733752446
1295 -9.465864990598924
1296 -9.98136038110375
1297 -9.98136038110375
1298 -9.98136038110375
1299 -9.9016239108144
1300 -9.98136038110375
1301 -9.98136038110375
1302 -9.98136038110375
1303 -9.859878769697634
1304 -9.98136038110375
1305 -9.98136038110375
1306 -9.73955649821307
1307 -9.437989173476831
1308 -9.98136038110375
1309 -9.414260548320076
1310 -9.98136038110375
1311 -9.903327333434262
1312 -9.536031250374538
1313 -9.206715116407718
1314 -9.176272087124822
1315 -9.98136038110375
1316 -9.924515417748868
1317 -9.830386607087522
1318 -9.98136038110375
1319 -9.98136038110375
1320 -9.98136038110375
1321 -9.9810985351662
1322 -9.980452566532529
1323 -9.980416135715087
1324 -9.98136038110375
1325 -9.98136038110375
1326 -9.98136038110375
1327 -9.98061502697395
1328 -9.980688566984577
1329 -9.98047136021052
1330 -9.98136038110375
1331 -9.98068751245728
1332 -9.98044597740768
1333 -9.98136038110375
1334 -9.98136038110375
1335 -9.98136038110375
1336 -9.98136038110375
1337 -9.980694635639436
1338 -9.98095858529941
1339 -9.98136038110375
1340 -9.98136038110375
1341 -9.980596728236598
1342 -9.980422517537392
1343 -9.98037197204846
1344 -9.98136038110375
1345 -9.9813340287393
1346 -9.98136038110375
1347 -9.98136038110375
1348 -6.996620984430133
1349 -5.1239801048902
1350 -5.066317637138399
1351 -4.940740315389306
1352 -4.610770943112573
1353 -4.552669420632666
1354 -4.543693229074651
1355 -4.5384749144341585
1356 -4.46894319584735
1357 -3.651195237807862
1358 -3.4347766772254156
1359 -3.2157437778420794
1360 -2.5871934565688384
1361 -2.5023349604233642
1362 -2.470630896671375
1363 -2.3929858790572265
1364 -2.2929273097815877
1365 -1.9782587086536716
1366 -1.7384556767526527
1367 -1.6974103708019368
1368 -1.6454360233063643
1369 -1.3594715177024246
1370 -1.2813173653439534
1371 -0.9843868055443298
1372 -0.9753591903276042
1373 -0.31897926822333145
1374 -0.10510391622167203
1375 0.5380226795088054
1376 1.0856080351058688
1377 -7.794015639218763
1378 -6.147444087404323
1379 -6.446608488868496
1380 -4.7158284667536945
1381 -5.010668766861468
1382 -5.454514716973856
1383 -5.559289056113698
1384 -3.966583856132095
1385 -5.267140438367509
1386 -3.7757967760108193
1387 -4.031749041399701
1388 -3.5993455637799388
1389 -2.688461855151387
1390 -2.55680034245875
1391 -2.738060615812236
1392 -3.606008252530299
1393 -2.1310723882524503
1394 -2.1925792424201984
1395 -1.9072448403858384
1396 -1.8660367728603453
1397 -2.0594377313479577
1398 -1.1195296892876336
1399 -1.2649031631183654
1400 -1.302748936012973
1401 -0.9748977562159089
1402 -0.2692848171085973
1403 -0.1418281777723981
1404 0.1832991873942305
1405 1.5530014459810433
1406 -9.98136038110375
1407 -9.98136038110375
1408 -9.92734214091587
1409 -9.641721772861754
1410 -9.98136038110375
1411 -9.98136038110375
1412 -9.938808107004796
1413 -9.070647910416218
1414 -9.674460761058826
1415 -8.82938487240083
1416 -9.811088472803723
1417 -9.88423092626501
1418 -9.976892417805509
1419 -9.398190404400403
1420 -9.665800677394861
1421 -9.98136038110375
1422 -9.98136038110375
1423 -9.98136038110375
1424 -9.98136038110375
1425 -9.806576626924233
1426 -9.98136038110375
1427 -9.98136038110375
1428 -9.98136038110375
1429 -9.444189786954855
1430 -9.632700279250884
1431 -9.98136038110375
1432 -9.98136038110375
1433 -9.98136038110375
1434 -9.98136038110375
1435 -9.981277634095575
1436 -9.98136038110375
1437 -9.980419843856073
1438 -9.980955435417485
1439 -9.980398780565432
1440 -9.98136038110375
1441 -9.98136038110375
1442 -9.980524274902425
1443 -9.980357967357131
1444 -9.98136038110375
1445 -9.98136038110375
1446 -9.981012238610832
1447 -9.981210829501443
1448 -9.98136038110375
1449 -9.980901762066562
1450 -9.98136038110375
1451 -9.98136038110375
1452 -9.98040734519558
1453 -9.98136038110375
1454 -9.98096931114031
1455 -9.98136038110375
1456 -9.980414911151806
1457 -9.98136038110375
1458 -9.98136038110375
1459 -9.98136038110375
1460 -9.98106262726451
1461 -9.981201774585028
1462 -9.980640634677421
1463 -9.98136038110375
1464 -9.98136038110375
1465 -6.996620984430133
1466 -5.1239801048902
1467 -5.066317637138399
1468 -4.940740315389306
1469 -4.610770943112573
1470 -4.552669420632666
1471 -4.543693229074651
1472 -4.5384749144341585
1473 -4.46894319584735
1474 -3.651195237807862
1475 -3.4347766772254156
1476 -3.2157437778420794
1477 -2.5871934565688384
1478 -2.5023349604233642
1479 -2.470630896671375
1480 -2.3929858790572265
1481 -2.2929273097815877
1482 -1.9782587086536716
1483 -1.7384556767526527
1484 -1.6974103708019368
1485 -1.6454360233063643
1486 -1.3594715177024246
1487 -1.2813173653439534
1488 -0.9843868055443298
1489 -0.9753591903276042
1490 -0.31897926822333145
1491 -0.10510391622167203
1492 0.5380226795088054
1493 1.0856080351058688
1494 -7.703918425070753
1495 -5.294517749329445
1496 -5.582088481149253
1497 -4.656364478117788
1498 -4.781593900799023
1499 -5.402854207269579
1500 -4.273329598458752
1501 -5.074261305570689
1502 -5.166322766221018
1503 -3.3652729011640545
1504 -2.981210688877119
1505 -4.938195676196895
1506 -2.7111421915103198
1507 -3.019803273980848
1508 -2.53189686560727
1509 -3.8485043725583825
1510 -2.298895599828855
1511 -1.8225035278596575
1512 -1.5503194293772964
1513 -2.067374671822968
1514 -2.5501361443565016
1515 -1.0695632549948708
1516 -0.9145702982509164
1517 -1.592730110058115
1518 -0.9775361916752946
1519 -0.2849393170150427
1520 -0.09819022500530145
1521 0.3324042467516462
1522 1.525689558132873
1523 -9.695552487060947
1524 -9.3464842041387
1525 -9.618936301707812
1526 -9.98136038110375
1527 -9.98136038110375
1528 -9.84652084535704
1529 -9.575054056173592
1530 -9.812474211959614
1531 -9.691261874322903
1532 -9.801121318502197
1533 -9.566913271891686
1534 -9.286536656909613
1535 -8.987304969427376
1536 -9.486827916922092
1537 -9.950639789768235
1538 -9.98136038110375
1539 -9.898402820800435
1540 -9.98136038110375
1541 -9.98136038110375
1542 -9.373929689427422
1543 -9.535365491096957
1544 -9.935362693783627
1545 -9.98136038110375
1546 -9.98136038110375
1547 -9.648266101346222
1548 -9.98136038110375
1549 -9.98136038110375
1550 -9.98136038110375
1551 -9.560559561313516
1552 -9.981141162292753
1553 -9.98136038110375
1554 -9.98052916449025
1555 -9.98136038110375
1556 -9.980642046892973
1557 -9.98136038110375
1558 -9.98136038110375
1559 -9.98110449971729
1560 -9.98136038110375
1561 -9.980995878939089
1562 -9.98136038110375
1563 -9.980676925969966
1564 -9.98114607029991
1565 -9.981130196555839
1566 -9.98136038110375
1567 -9.98136038110375
1568 -9.98136038110375
1569 -9.98092491869118
1570 -9.980530623060396
1571 -9.98087724387715
1572 -9.980641446040856
1573 -9.981312025343017
1574 -9.98055570062546
1575 -9.981112816413319
1576 -9.981043417812062
1577 -9.98136038110375
1578 -9.980882639175077
1579 -9.98136038110375
1580 -9.98136038110375
1581 -9.98136038110375
1582 -6.996620984430133
1583 -5.1239801048902
1584 -5.066317637138399
1585 -4.940740315389306
1586 -4.610770943112573
1587 -4.552669420632666
1588 -4.543693229074651
1589 -4.5384749144341585
1590 -4.46894319584735
1591 -3.651195237807862
1592 -3.4347766772254156
1593 -3.2157437778420794
1594 -2.5871934565688384
1595 -2.5023349604233642
1596 -2.470630896671375
1597 -2.3929858790572265
1598 -2.2929273097815877
1599 -1.9782587086536716
1600 -1.7384556767526527
1601 -1.6974103708019368
1602 -1.6454360233063643
1603 -1.3594715177024246
1604 -1.2813173653439534
1605 -0.9843868055443298
1606 -0.9753591903276042
1607 -0.31897926822333145
1608 -0.10510391622167203
1609 0.5380226795088054
1610 1.0856080351058688
1611 -6.211244063557631
1612 -4.66660014946008
1613 -6.850181104196866
1614 -5.086951366297088
1615 -4.190489293895304
1616 -4.060707387358079
1617 -4.385397970887045
1618 -5.327597957146916
1619 -5.833103411521291
1620 -2.8862607585829467
1621 -3.514811559857013
1622 -1.985094855645091
1623 -3.486178296758707
1624 -2.340226005444831
1625 -1.605148808387468
1626 -2.601233480094728
1627 -2.2979411029493164
1628 -1.8265635444786779
1629 -2.782747613717752
1630 -1.5211368003186025
1631 -1.7236087148960522
1632 -0.8081003258906386
1633 -1.1081219419913302
1634 -1.5775647174170624
1635 -0.9830262087526986
1636 -0.3830592123454255
1637 -0.1242890326628186
1638 0.11515424832282517
1639 -0.22047471901039756
1640 -9.98136038110375
1641 -9.98136038110375
1642 -9.98136038110375
1643 -8.671174567786009
1644 -9.98136038110375
1645 -9.948805692917055
1646 -9.98136038110375
1647 -9.194362608593412
1648 -9.98136038110375
1649 -9.98136038110375
1650 -9.714321133090099
1651 -9.98136038110375
1652 -9.732429460692586
1653 -9.807111783262567
1654 -9.670221171924688
1655 -9.300135616423779
1656 -9.885702563435228
1657 -9.98136038110375
1658 -9.98136038110375
1659 -9.98136038110375
1660 -9.948675479218473
1661 -9.98136038110375
1662 -9.907660354684774
1663 -9.98136038110375
1664 -9.101620673572935
1665 -9.756047173888854
1666 -9.975714754847687
1667 -9.98136038110375
1668 -9.98136038110375
1669 -9.98136038110375
1670 -9.98136038110375
1671 -9.98136038110375
1672 -9.981265154540523
1673 -9.981251198053911
1674 -9.980788007171094
1675 -9.981060217612917
1676 -9.98136038110375
1677 -9.98136038110375
1678 -9.98136038110375
1679 -9.98136038110375
1680 -9.980846992499448
1681 -9.98136038110375
1682 -9.98125734283648
1683 -9.98136038110375
1684 -9.98136038110375
1685 -9.980340648162112
1686 -9.980506299004913
1687 -9.98136038110375
1688 -9.98136038110375
1689 -9.98136038110375
1690 -9.98136038110375
1691 -9.981161779403928
1692 -9.98067863704252
1693 -9.98057748113984
1694 -9.980783754508145
1695 -9.98136038110375
1696 -9.98136038110375
1697 -9.98136038110375
1698 -9.98136038110375
1699 -6.996620984430133
1700 -5.1239801048902
1701 -5.066317637138399
1702 -4.940740315389306
1703 -4.610770943112573
1704 -4.552669420632666
1705 -4.543693229074651
1706 -4.5384749144341585
1707 -4.46894319584735
1708 -3.651195237807862
1709 -3.4347766772254156
1710 -3.2157437778420794
1711 -2.5871934565688384
1712 -2.5023349604233642
1713 -2.470630896671375
1714 -2.3929858790572265
1715 -2.2929273097815877
1716 -1.9782587086536716
1717 -1.7384556767526527
1718 -1.6974103708019368
1719 -1.6454360233063643
1720 -1.3594715177024246
1721 -1.2813173653439534
1722 -0.9843868055443298
1723 -0.9753591903276042
1724 -0.31897926822333145
1725 -0.10510391622167203
1726 0.5380226795088054
1727 1.0856080351058688
1728 -8.183407894056135
1729 -5.909822538439518
1730 -5.2131335056925865
1731 -4.781363205000968
1732 -4.403945098923229
1733 -5.054627253747199
1734 -4.585564118507159
1735 -3.513361663849828
1736 -3.5950792639038576
1737 -3.9024173851009514
1738 -4.237676218518494
1739 -4.765325138958075
1740 -2.2605042591414857
1741 -3.0227301895811576
1742 -2.5354007786868578
1743 -3.2539148117200924
1744 -2.07395288212572
1745 -1.9759127101377034
1746 -1.6781675106002147
1747 -1.8533060841525244
1748 -1.6217861472728703
1749 -2.1303686726453037
1750 -1.472957195416821
1751 -1.1346902442710198
1752 -0.960158054773894
1753 -0.30839214608915566
1754 -0.11070590308844797
1755 0.8569785283451342
1756 1.6309751364774894
1757 -9.98136038110375
1758 -9.98136038110375
1759 -9.872025435509753
1760 -9.805660600010036
1761 -9.873818729819773
1762 -9.681763544990588
1763 -9.833438190273283
1764 -9.98136038110375
1765 -9.98136038110375
1766 -9.98136038110375
1767 -9.98136038110375
1768 -9.413088539664859
1769 -9.98136038110375
1770 -9.98136038110375
1771 -9.98136038110375
1772 -9.8253632935659
1773 -9.669179588609207
1774 -9.98136038110375
1775 -9.254186470144946
1776 -9.98136038110375
1777 -9.98136038110375
1778 -9.98136038110375
1779 -9.98136038110375
1780 -9.454838465509443
1781 -9.98136038110375
1782 -9.72630758697582
1783 -7.726584742975601
1784 -9.81274940631807
1785 -9.98136038110375
1786 -9.980558278864255
1787 -9.98136038110375
1788 -9.98074831095454
1789 -9.980405458426862
1790 -9.98136038110375
1791 -9.98136038110375
1792 -9.98136038110375
1793 -9.98136038110375
1794 -9.980502275142527
1795 -9.98136038110375
1796 -9.980987409613892
1797 -9.98136038110375
1798 -9.9805771208412
1799 -9.980462761210289
1800 -9.98136038110375
1801 -9.980482865407012
1802 -9.981069075008202
1803 -9.98136038110375
1804 -9.980387284077928
1805 -9.980710961943316
1806 -9.98136038110375
1807 -9.981327789029585
1808 -9.980918295199297
1809 -9.981149194289406
1810 -9.98136038110375
1811 -9.98136038110375
1812 -9.98136038110375
1813 -9.98136038110375
1814 -9.980747863199372
1815 -9.98136038110375
1816 -6.996620984430133
1817 -5.1239801048902
1818 -5.066317637138399
1819 -4.940740315389306
1820 -4.610770943112573
1821 -4.552669420632666
1822 -4.543693229074651
1823 -4.5384749144341585
1824 -4.46894319584735
1825 -3.651195237807862
1826 -3.4347766772254156
1827 -3.2157437778420794
1828 -2.5871934565688384
1829 -2.5023349604233642
1830 -2.470630896671375
1831 -2.3929858790572265
1832 -2.2929273097815877
1833 -1.9782587086536716
1834 -1.7384556767526527
1835 -1.6974103708019368
1836 -1.6454360233063643
1837 -1.3594715177024246
1838 -1.2813173653439534
1839 -0.9843868055443298
1840 -0.9753591903276042
1841 -0.31897926822333145
1842 -0.10510391622167203
1843 0.5380226795088054
1844 1.0856080351058688
evaluations raw_y
1 -3.3862273142063075
2 -4.89043452864866
3 -2.724471552333312
4 -0.9524955897768854
5 -5.927348403182115
6 -5.4475789193192945
7 -1.5052834836569426
8 -1.3662683955657096
9 -0.5408865557676519
10 -0.4538217971823262
11 -3.038272862962172
12 -5.161268761478848
13 -1.7899278554815883
14 -3.2444198816207512
15 -3.0585027690201523
16 -3.4202847373082004
17 -2.044484735978795
18 -3.1936107193357386
19 -3.7555625835673014
20 -1.178813788199288
21 -0.3088968490492012
22 -1.8853596963803971
23 -1.297088813902278
24 -0.6478481156549575
25 -4.135401498002316
26 -5.759126147199083
27 -6.158815551936917
28 -2.8594373000373077
29 -2.062771554923161
30 -2.163974158406495
31 -7.530239728822084
32 -6.805089064968526
33 -5.869124124771678
34 -5.077590903082738
35 -6.213442639933268
36 -5.32392405852479
37 -4.534415549456597
38 -3.582559280271059
39 -2.4350465577409763
40 -4.2847412957926725
41 -1.8437139676062777
42 -3.306619675492656
43 -2.6429589020483495
44 -3.0794248028445876
45 -2.3976377528521136
46 -1.9182963865022629
47 -2.1000477287477626
48 -3.153886777246268
49 -2.066648711603233
50 -1.854354324458616
51 -1.4683779990904111
52 -1.317417006583843
53 -2.781236185684966
54 -1.846850838212513
55 -1.0093538535447384
56 -0.2683822412238575
57 -0.049821394160084964
58 0.4311343263154146
59 -0.3106897462321755
60 -7.530239728822084
61 -5.927348403182115
62 -5.759126147199083
63 -5.4475789193192945
64 -5.161268761478848
65 -4.89043452864866
66 -4.135401498002316
67 -3.7555625835673014
68 -3.4202847373082004
69 -3.3862273142063075
70 -3.2444198816207512
71 -3.1936107193357386
72 -3.0585027690201523
73 -3.038272862962172
74 -2.8594373000373077
75 -2.724471552333312
76 -2.163974158406495
77 -2.062771554923161
78 -2.044484735978795
79 -1.8853596963803971
80 -1.7899278554815883
81 -1.5052834836569426
82 -1.3662683955657096
83 -1.297088813902278
84 -1.178813788199288
85 -0.9524955897768854
86 -0.6478481156549575
87 -0.5408865557676519
88 -0.4538217971823262
89 -0.3088968490492012
90 -4.662441448055265
91 -4.563808907390329
92 -4.022410302938991
93 -4.745602987225883
94 -5.9871276942381515
95 -4.485733004161537
96 -4.253041162367822
97 -2.690622704935468
98 -1.7174642761556802
99 -3.7565266634528864
100 -2.97436713544885
101 -1.982498666884477
102 -1.898378974584454
103 -3.1888381318876298
104 -2.0995795378474154
105 -1.9853462887827762
106 -2.548704016268511
107 -3.5142698938303383
108 -2.0428634275094115
109 -2.1536299138042834
110 -0.15849490992027987
111 -0.963462685570484
112 -0.7034570211582858
113 -0.715678277644153
114 -1.1486427536680113
115 -1.4370343257141136
116 -0.32917039784390667
117 -0.7113998372253911
118 -0.657221139209086
119 -7.063439831117911
120 -7.794875519853066
121 -7.5744728597982025
122 -7.8870187088011106
123 -7.504759775969689
124 -8.432007910665803
125 -8.12282221389794
126 -8.56126212812945
127 -8.56126212812945
128 -8.56126212812945
129 -7.611557696129958
130 -8.56126212812945
131 -8.59006686915357
132 -8.466086510075645
133 -7.7903742097620485
134 -8.446854445816193
135 -8.135089734471304
136 -8.519204557650422
137 -8.565271419010507
138 -9.649138865766949
139 -9.11403995265952
140 -9.649138865766949
141 -9.635547112034516
142 -9.447617219933516
143 -9.451356831982821
144 -9.220227177559913
145 -9.649138865766949
146 -9.649138865766949
147 -9.598543302603206
148 -9.649138865766949
149 -9.649138865766949
150 -9.649138865766949
151 -9.648228698163264
152 -9.649138865766949
153 -9.649138865766949
154 -9.649138865766949
155 -9.649138865766949
156 -9.648313367992932
157 -9.649138865766949
158 -9.649138865766949
159 -9.649138865766949
160 -9.648385785580935
161 -9.649069067459793
162 -9.648231744441864
163 -9.649138865766949
164 -9.65027689115562
165 -9.65027689115562
166 -9.65027689115562
167 -9.65027689115562
168 -9.651290123430792
169 -9.651076969048779
170 -9.651290123430792
171 -9.651290123430792
172 -9.651290123430792
173 -9.65047873227482
174 -9.651290123430792
175 -9.650728598765413
176 -9.65056096750908
177 -9.651290123430792
178 -5.927348403182115
179 -5.759126147199083
180 -5.4475789193192945
181 -5.161268761478848
182 -4.89043452864866
183 -4.135401498002316
184 -3.7555625835673014
185 -3.4202847373082004
186 -3.3862273142063075
187 -3.2444198816207512
188 -3.1936107193357386
189 -3.0585027690201523
190 -3.038272862962172
191 -2.8594373000373077
192 -2.724471552333312
193 -2.163974158406495
194 -2.062771554923161
195 -2.044484735978795
196 -1.8853596963803971
197 -1.7899278554815883
198 -1.5052834836569426
199 -1.3662683955657096
200 -1.297088813902278
201 -1.178813788199288
202 -0.9524955897768854
203 -0.6478481156549575
204 -0.5408865557676519
205 -0.4538217971823262
206 -0.3088968490492012
207 -4.462010621705959
208 -5.550717934126094
209 -5.7530154606959325
210 -4.8037077792736635
211 -6.128977262932832
212 -4.15887226610716
213 -3.3664609812685407
214 -3.4899720750665106
215 -1.380582618182843
216 -4.169655917469916
217 -3.788696844350989
218 -2.946374913697659
219 -2.0668687424189223
220 -2.6947621989490584
221 -2.0103907544697948
222 -1.9711706103874242
223 -1.9625200673426968
224 -3.4292958902295188
225 -2.6464277068716875
226 -1.9276352841769426
227 -0.2638696998121123
228 -2.4061061667332173
229 -1.3293339987558255
230 -0.9588561082819093
231 -1.2197770676100095
232 -0.7609800950638737
233 -0.44973100391756093
234 0.31816929118346365
235 -0.627870241180043
236 -9.039278855156173
237 -9.456025943146196
238 -9.651290123430792
239 -9.331823570642486
240 -9.651290123430792
241 -9.479507526164095
242 -9.137081225149112
243 -8.740071210359599
244 -9.651290123430792
245 -8.81368133325326
246 -9.473949521022105
247 -9.870333225360152
248 -9.870333225360152
249 -9.609588025441054
250 -9.802551218076436
251 -9.690409000182575
252 -9.98136038110375
253 -9.98136038110375
254 -9.98136038110375
255 -9.906429317379164
256 -9.889525375022286
257 -9.98136038110375
258 -9.98136038110375
259 -9.105889961966161
260 -9.49109385735531
261 -9.98136038110375
262 -9.05635830914328
263 -9.98136038110375
264 -9.98136038110375
265 -9.98136038110375
266 -9.98051568043175
267 -9.98136038110375
268 -9.981204509784583
269 -9.980481552679095
270 -9.980339992104469
271 -9.98136038110375
272 -9.98108086321593
273 -9.98136038110375
274 -9.981044678044457
275 -9.98127548790968
276 -9.98136038110375
277 -9.98136038110375
278 -9.98136038110375
279 -9.980957933710485
280 -9.98136038110375
281 -9.980736668228491
282 -9.98136038110375
283 -9.98136038110375
284 -9.980660626140363
285 -9.98102478165361
286 -9.98136038110375
287 -9.98101439435565
288 -9.98136038110375
289 -9.98136038110375
290 -9.98136038110375
291 -9.980921020030936
292 -9.98136038110375
293 -9.9804401081663
294 -9.98136038110375
295 -5.927348403182115
296 -5.759126147199083
297 -5.4475789193192945
298 -5.161268761478848
299 -4.89043452864866
300 -4.135401498002316
301 -3.7555625835673014
302 -3.4202847373082004
303 -3.3862273142063075
304 -3.2444198816207512
305 -3.1936107193357386
306 -3.0585027690201523
307 -3.038272862962172
308 -2.8594373000373077
309 -2.724471552333312
310 -2.163974158406495
311 -2.062771554923161
312 -2.044484735978795
313 -1.8853596963803971
314 -1.7899278554815883
315 -1.5052834836569426
316 -1.3662683955657096
317 -1.297088813902278
318 -1.178813788199288
319 -0.9524955897768854
320 -0.6478481156549575
321 -0.5408865557676519
322 -0.4538217971823262
323 -0.3088968490492012
324 -6.676517724444878
325 -6.139544636157654
326 -6.2217243333175665
327 -4.524274934148836
328 -3.9034892350511954
329 -4.2970090773343586
330 -3.65730636669809
331 -3.5201061849640443
332 -1.1814954557118749
333 -4.017780496669628
334 -3.872769261353181
335 -3.575212443589157
336 -3.6938060748275023
337 -2.5796606977393277
338 -4.762590927614246
339 -2.110260738166751
340 -2.3876251309974443
341 -0.9687814621442443
342 -1.1962403783747908
343 -2.213630607628449
344 -1.5549731951038506
345 -0.6994385950327187
346 -2.021110885611801
347 -0.8375563736472914
348 -1.05378666096323
349 -1.474299670882385
350 -0.6694235668081863
351 -0.3019371057461538
352 -0.2854671365197923
353 -9.98136038110375
354 -9.843916043493024
355 -9.98136038110375
356 -9.98136038110375
357 -9.777930942930436
358 -9.98136038110375
359 -9.98136038110375
360 -9.98136038110375
361 -9.01266462247375
362 -9.650885216605435
363 -9.98136038110375
364 -9.830447509706197
365 -9.832152781764025
366 -9.98136038110375
367 -9.98136038110375
368 -9.98136038110375
369 -9.438090838642738
370 -9.98136038110375
371 -9.98136038110375
372 -9.98136038110375
373 -9.774629379208774
374 -9.199768508779627
375 -9.18132082153667
376 -7.979541856047463
377 -9.342815569038214
378 -7.689379405866395
379 -9.98136038110375
380 -9.98136038110375
381 -9.855823333339156
382 -9.98136038110375
383 -9.98136038110375
384 -9.98136038110375
385 -9.980967924670772
386 -9.98136038110375
387 -9.98136038110375
388 -9.980891849329257
389 -9.98136038110375
390 -9.98136038110375
391 -9.98136038110375
392 -9.981110757402407
393 -9.98136038110375
394 -9.98136038110375
395 -9.980632633200443
396 -9.98136038110375
397 -9.980395750023145
398 -9.980995723191873
399 -9.98136038110375
400 -9.98136038110375
401 -9.980357747324716
402 -9.98136038110375
403 -9.98136038110375
404 -9.980669948630007
405 -9.98136038110375
406 -9.981092227264469
407 -9.98136038110375
408 -9.980854063179839
409 -9.98136038110375
410 -9.98071312373276
411 -9.98136038110375
412 -5.927348403182115
413 -5.759126147199083
414 -5.4475789193192945
415 -5.161268761478848
416 -4.89043452864866
417 -4.135401498002316
418 -3.7555625835673014
419 -3.4202847373082004
420 -3.3862273142063075
421 -3.2444198816207512
422 -3.1936107193357386
423 -3.0585027690201523
424 -3.038272862962172
425 -2.8594373000373077
426 -2.724471552333312
427 -2.163974158406495
428 -2.062771554923161
429 -2.044484735978795
430 -1.8853596963803971
431 -1.7899278554815883
432 -1.5052834836569426
433 -1.3662683955657096
434 -1.297088813902278
435 -1.178813788199288
436 -0.9524955897768854
437 -0.6478481156549575
438 -0.5408865557676519
439 -0.4538217971823262
440 -0.3088968490492012
441 -7.6570428439777904
442 -5.499155281060856
443 -5.501481481304471
444 -5.066866721333071
445 -4.016554072561162
446 -3.358840627393738
447 -3.7503905602736958
448 -3.9801212885236152
449 -1.1813455785509859
450 -4.686588553492841
451 -2.159277557465512
452 -4.381453206168846
453 -1.6498891483098062
454 -2.701319553266238
455 -3.4385625407158558
456 -1.9573521313678681
457 -2.3607404198440314
458 -3.1229627316891335
459 -2.312486172164739
460 -1.8915676802526968
461 -3.0404173906126553
462 -0.6180009086264726
463 -1.4668571245645867
464 -0.45606998402656096
465 -1.2401432553878182
466 -0.7325363999761627
467 -0.004153123043389273
468 0.9000218824685801
469 -0.27796123280362883
470 -9.98136038110375
471 -9.98136038110375
472 -9.697517298982717
473 -9.98136038110375
474 -9.955450199097067
475 -9.98136038110375
476 -9.33771973982876
477 -9.98136038110375
478 -9.98136038110375
479 -9.730541174709044
480 -9.98136038110375
481 -9.98136038110375
482 -9.6874127383683
483 -9.965124603724083
484 -9.739852564611637
485 -9.783317809485675
486 -9.98136038110375
487 -9.689138039982694
488 -9.818469478878994
489 -9.313092134150114
490 -9.98136038110375
491 -9.885425844669307
492 -9.98136038110375
493 -9.98136038110375
494 -9.735180178155204
495 -9.98136038110375
496 -9.98136038110375
497 -9.372756316653486
498 -9.98136038110375
499 -9.98136038110375
500 -9.981285041498236
501 -9.98136038110375
502 -9.98136038110375
503 -9.98136038110375
504 -9.980347638016516
505 -9.98044970805788
506 -9.98136038110375
507 -9.980624062558888
508 -9.98136038110375
509 -9.980917353809733
510 -9.981038136230262
511 -9.980494978404113
512 -9.98070371447784
513 -9.980976316177076
514 -9.98136038110375
515 -9.98136038110375
516 -9.981217336575902
517 -9.98136038110375
518 -9.98136038110375
519 -9.980700768814739
520 -9.981241952574255
521 -9.980767463534251
522 -9.98136038110375
523 -9.98136038110375
524 -9.98136038110375
525 -9.980499776425095
526 -9.98136038110375
527 -9.98136038110375
528 -9.98136038110375
529 -5.927348403182115
530 -5.759126147199083
531 -5.4475789193192945
532 -5.161268761478848
533 -4.89043452864866
534 -4.135401498002316
535 -3.7555625835673014
536 -3.4202847373082004
537 -3.3862273142063075
538 -3.2444198816207512
539 -3.1936107193357386
540 -3.0585027690201523
541 -3.038272862962172
542 -2.8594373000373077
543 -2.724471552333312
544 -2.163974158406495
545 -2.062771554923161
546 -2.044484735978795
547 -1.8853596963803971
548 -1.7899278554815883
549 -1.5052834836569426
550 -1.3662683955657096
551 -1.297088813902278
552 -1.178813788199288
553 -0.9524955897768854
554 -0.6478481156549575
555 -0.5408865557676519
556 -0.4538217971823262
557 -0.3088968490492012
558 -6.486240304740649
559 -5.300842163827795
560 -6.774645601215281
561 -5.2699198282857225
562 -5.540050511519805
563 -4.535999836033372
564 -4.600928588681157
565 -3.3300198047505862
566 -5.725580212607838
567 -3.9415801942558177
568 -1.7134203867537372
569 -4.265561460761623
570 -2.579437440286396
571 -2.90332721239702
572 -1.6716061016944272
573 -2.2128876294680775
574 -2.3339645051969438
575 -0.6387587358071436
576 -1.3641612919679922
577 -2.2963721603167135
578 -1.3686639821165356
579 -1.7526090750747028
580 -0.25680516916463264
581 -1.8545012992358019
582 -0.8872862656502208
583 -0.004059305809996805
584 0.19247599698498813
585 0.7548597187564304
586 -0.4265396579697557
587 -9.777933164154213
588 -9.98136038110375
589 -9.98136038110375
590 -9.852306752850488
591 -9.98136038110375
592 -9.965345998016012
593 -9.740750657650368
594 -9.98136038110375
595 -9.614516066069667
596 -9.98136038110375
597 -9.98136038110375
598 -9.98136038110375
599 -9.454795152522715
600 -9.98136038110375
601 -9.98136038110375
602 -9.98136038110375
603 -9.98136038110375
604 -9.98136038110375
605 -9.98136038110375
606 -9.41894029316953
607 -9.514983280593023
608 -9.843400668638601
609 -9.98136038110375
610 -9.98136038110375
611 -9.98136038110375
612 -9.98136038110375
613 -9.854577224804324
614 -9.98136038110375
615 -9.98136038110375
616 -9.98136038110375
617 -9.980972306076342
618 -9.981128042735547
619 -9.98136038110375
620 -9.98136038110375
621 -9.98136038110375
622 -9.98132808131965
623 -9.98126325742452
624 -9.980804602643154
625 -9.98136038110375
626 -9.980821300813364
627 -9.981062788594707
628 -9.980371171424117
629 -9.980357357179326
630 -9.980706198923484
631 -9.98136038110375
632 -9.98136038110375
633 -9.980760977847632
634 -9.98136038110375
635 -9.981023186829523
636 -9.981315676855143
637 -9.98136038110375
638 -9.98136038110375
639 -9.98136038110375
640 -9.98136038110375
641 -9.98136038110375
642 -9.98136038110375
643 -9.981282155598088
644 -9.98052872666373
645 -9.98136038110375
646 -5.927348403182115
647 -5.759126147199083
648 -5.4475789193192945
649 -5.161268761478848
650 -4.89043452864866
651 -4.135401498002316
652 -3.7555625835673014
653 -3.4202847373082004
654 -3.3862273142063075
655 -3.2444198816207512
656 -3.1936107193357386
657 -3.0585027690201523
658 -3.038272862962172
659 -2.8594373000373077
660 -2.724471552333312
661 -2.163974158406495
662 -2.062771554923161
663 -2.044484735978795
664 -1.8853596963803971
665 -1.7899278554815883
666 -1.5052834836569426
667 -1.3662683955657096
668 -1.297088813902278
669 -1.178813788199288
670 -0.9524955897768854
671 -0.6478481156549575
672 -0.5408865557676519
673 -0.4538217971823262
674 -0.3088968490492012
675 -4.5894959364583485
676 -5.5114311848158675
677 -5.380131725174701
678 -4.912141308826408
679 -4.649951787779891
680 -3.7341948443947226
681 -3.775904934313555
682 -2.9453929568057617
683 -5.2668440490711
684 -4.765919383811569
685 -3.4222309137808207
686 -4.65478264023609
687 -3.996504523766664
688 -3.058304456542693
689 -1.6476794623241569
690 -2.435420591665098
691 -2.574734890364954
692 -2.871017367838977
693 -1.885976315122665
694 -2.19557449349771
695 -1.758421769699704
696 -1.071458689015735
697 -1.7345708040346128
698 -0.8411788327953448
699 -1.2682911736734737
700 -0.7692050820862824
701 -1.4834231938533984
702 -0.0690683044246175
703 -0.17228276469062143
704 -9.441960449958316
705 -9.824402351470832
706 -9.698134411466022
707 -9.98136038110375
708 -9.98136038110375
709 -9.924192268390765
710 -9.98136038110375
711 -9.98136038110375
712 -9.456561872187542
713 -9.206211378612734
714 -9.746647586210894
715 -9.98136038110375
716 -9.98136038110375
717 -9.98136038110375
718 -9.98136038110375
719 -9.98136038110375
720 -9.98136038110375
721 -9.98136038110375
722 -9.948354982473179
723 -9.942412603916116
724 -9.98136038110375
725 -9.98136038110375
726 -9.98136038110375
727 -9.519747118051182
728 -9.98136038110375
729 -9.98136038110375
730 -9.843412852385296
731 -9.772802623068458
732 -9.800404488094538
733 -9.98136038110375
734 -9.98136038110375
735 -9.980896591225362
736 -9.98136038110375
737 -9.980865164348113
738 -9.980496580662255
739 -9.98136038110375
740 -9.98136038110375
741 -9.98136038110375
742 -9.98100134797897
743 -9.98136038110375
744 -9.98131263993886
745 -9.9811245617473
746 -9.98136038110375
747 -9.98136038110375
748 -9.98136038110375
749 -9.98136038110375
750 -9.98136038110375
751 -9.98095073651082
752 -9.981041642505739
753 -9.98136038110375
754 -9.98065502805872
755 -9.98136038110375
756 -9.98136038110375
757 -9.98136038110375
758 -9.981042326705484
759 -9.981287513260229
760 -9.98136038110375
761 -9.980702487471023
762 -9.98136038110375
763 -5.927348403182115
764 -5.759126147199083
765 -5.4475789193192945
766 -5.161268761478848
767 -4.89043452864866
768 -4.135401498002316
769 -3.7555625835673014
770 -3.4202847373082004
771 -3.3862273142063075
772 -3.2444198816207512
773 -3.1936107193357386
774 -3.0585027690201523
775 -3.038272862962172
776 -2.8594373000373077
777 -2.724471552333312
778 -2.163974158406495
779 -2.062771554923161
780 -2.044484735978795
781 -1.8853596963803971
782 -1.7899278554815883
783 -1.5052834836569426
784 -1.3662683955657096
785 -1.297088813902278
786 -1.178813788199288
787 -0.9524955897768854
788 -0.6478481156549575
789 -0.5408865557676519
790 -0.4538217971823262
791 -0.3088968490492012
792 -4.949565830431178
793 -6.35743945948012
794 -4.625394874876742
795 -5.250800168020872
796 -3.1526578067656086
797 -3.3852619136595687
798 -3.6218337510209997
799 -3.1210979718971976
800 -1.2372950560229459
801 -1.7991539328554167
802 -1.5501643378265189
803 -1.8999367745635571
804 -2.137277682350622
805 -3.38370716681992
806 -1.6715846761876771
807 -2.0124547814394527
808 -1.8294074964405567
809 -2.597799509664531
810 -1.1175200453172622
811 -1.3993477597532586
812 -1.5935857573570937
813 -0.5964244382335248
814 -0.4713596537242249
815 -0.7473540008098669
816 -0.9020685790654506
817 -1.0030834901398884
818 -1.7289398129929427
819 -1.491825343036731
820 -0.17279422082748014
821 -9.842034233889404
822 -9.98136038110375
823 -9.875797554346587
824 -9.98136038110375
825 -9.98136038110375
826 -9.90857075774791
827 -9.891367753823767
828 -9.98136038110375
829 -9.67747047263695
830 -9.98136038110375
831 -9.98136038110375
832 -9.195194627830674
833 -9.98136038110375
834 -9.98136038110375
835 -9.98136038110375
836 -8.996631902950373
837 -9.98136038110375
838 -9.281217049494117
839 -9.98136038110375
840 -9.858568479106602
841 -9.98136038110375
842 -9.98136038110375
843 -9.98136038110375
844 -9.400098802934496
845 -9.98136038110375
846 -9.98136038110375
847 -9.98136038110375
848 -9.935760748211932
849 -9.98136038110375
850 -9.980525436478738
851 -9.98136038110375
852 -9.981339262899938
853 -9.980382562348007
854 -9.98136038110375
855 -9.98136038110375
856 -9.980427976631354
857 -9.980640728398432
858 -9.980738392263039
859 -9.981121111003043
860 -9.980575003590818
861 -9.98136038110375
862 -9.9812239541936
863 -9.98136038110375
864 -9.981102400859017
865 -9.98136038110375
866 -9.98136038110375
867 -9.981199697878278
868 -9.980582615177385
869 -9.981311123038715
870 -9.98136038110375
871 -9.98136038110375
872 -9.980897362635272
873 -9.98136038110375
874 -9.980903317994597
875 -9.980856388289492
876 -9.981226095139707
877 -9.98136038110375
878 -9.98136038110375
879 -9.98136038110375
880 -5.927348403182115
881 -5.759126147199083
882 -5.4475789193192945
883 -5.161268761478848
884 -4.89043452864866
885 -4.135401498002316
886 -3.7555625835673014
887 -3.4202847373082004
888 -3.3862273142063075
889 -3.2444198816207512
890 -3.1936107193357386
891 -3.0585027690201523
892 -3.038272862962172
893 -2.8594373000373077
894 -2.724471552333312
895 -2.163974158406495
896 -2.062771554923161
897 -2.044484735978795
898 -1.8853596963803971
899 -1.7899278554815883
900 -1.5052834836569426
901 -1.3662683955657096
902 -1.297088813902278
903 -1.178813788199288
904 -0.9524955897768854
905 -0.6478481156549575
906 -0.5408865557676519
907 -0.4538217971823262
908 -0.3088968490492012
909 -5.820931415658725
910 -6.504513188055426
911 -4.711043783605826
912 -5.271688934598128
913 -6.196973016779967
914 -4.558667469338767
915 -3.609949776894461
916 -3.2737045446036976
917 -1.5079275917617052
918 -3.5979215315022106
919 -4.264068121077544
920 -4.626802870411483
921 -4.000821893649883
922 -2.3384133903005795
923 -4.7161428657238655
924 -2.070719568929093
925 -2.1088277080296702
926 -3.226416559994028
927 -1.4780929845139497
928 -1.6864190609944452
929 -3.819961791624973
930 -1.0629891461557301
931 -2.664665123675238
932 -1.7184837887049311
933 -0.9074697989531166
934 -0.25706944234634405
935 -0.4088337192593078
936 0.7499857996212714
937 -0.45576063439977677
938 -9.55819922347202
939 -9.98136038110375
940 -9.98136038110375
941 -9.86070026113882
942 -9.98136038110375
943 -9.857253935311387
944 -9.98136038110375
945 -9.98136038110375
946 -9.98136038110375
947 -9.547931326340297
948 -9.98136038110375
949 -9.98136038110375
950 -9.83970666999284
951 -9.98136038110375
952 -9.98136038110375
953 -9.98136038110375
954 -9.98136038110375
955 -9.553890835150293
956 -9.98136038110375
957 -9.98136038110375
958 -8.82769388566735
959 -9.98136038110375
960 -9.629373624369789
961 -9.799717418197964
962 -9.823197660051736
963 -9.98136038110375
964 -9.628007475569465
965 -9.553052932915243
966 -7.542811902072711
967 -9.98136038110375
968 -9.980419713993722
969 -9.98136038110375
970 -9.980907433118276
971 -9.98136038110375
972 -9.98136038110375
973 -9.98136038110375
974 -9.98072352435517
975 -9.98136038110375
976 -9.98136038110375
977 -9.98085231953641
978 -9.98136038110375
979 -9.981032230001386
980 -9.98136038110375
981 -9.98136038110375
982 -9.98136038110375
983 -9.98136038110375
984 -9.980527139975749
985 -9.98136038110375
986 -9.98136038110375
987 -9.981296216740493
988 -9.98136038110375
989 -9.980796900706757
990 -9.98136038110375
991 -9.981226431469107
992 -9.980641541350014
993 -9.98136038110375
994 -9.98136038110375
995 -9.98136038110375
996 -9.98136038110375
997 -5.927348403182115
998 -5.759126147199083
999 -5.4475789193192945
1000 -5.161268761478848
1001 -4.89043452864866
1002 -4.135401498002316
1003 -3.7555625835673014
1004 -3.4202847373082004
1005 -3.3862273142063075
1006 -3.2444198816207512
1007 -3.1936107193357386
1008 -3.0585027690201523
1009 -3.038272862962172
1010 -2.8594373000373077
1011 -2.724471552333312
1012 -2.163974158406495
1013 -2.062771554923161
1014 -2.044484735978795
1015 -1.8853596963803971
1016 -1.7899278554815883
1017 -1.5052834836569426
1018 -1.3662683955657096
1019 -1.297088813902278
1020 -1.178813788199288
1021 -0.9524955897768854
1022 -0.6478481156549575
1023 -0.5408865557676519
1024 -0.4538217971823262
1025 -0.3088968490492012
1026 -5.234499528287653
1027 -4.931228748672955
1028 -4.772622837745386
1029 -5.270507554820938
1030 -5.021810185208397
1031 -3.4329279935400527
1032 -3.3309424232139104
1033 -3.7759451626417757
1034 -1.3767247793341413
1035 -2.844042604829217
1036 -3.8268344590538677
1037 -4.57503939102763
1038 -2.2207592220079624
1039 -2.925803402165702
1040 -1.5768235821352876
1041 -2.367089760793155
1042 -2.510795092691707
1043 -3.006217264280976
1044 -2.119088550405979
1045 -2.454125335137986
1046 -2.1142158060983807
1047 -1.885961685944694
1048 -0.032529934131176275
1049 -1.8312870341683927
1050 -0.8569445025152486
1051 -1.6268790343715154
1052 -0.4069949275654327
1053 0.04321028016382178
1054 -0.3320059731415188
1055 -8.84154857234468
1056 -9.98136038110375
1057 -9.521107630356376
1058 -9.527179038624816
1059 -9.98136038110375
1060 -9.284097835820551
1061 -9.563884221967621
1062 -9.611748118720211
1063 -9.65930835398258
1064 -9.98136038110375
1065 -9.854148934551983
1066 -8.445453681488933
1067 -9.820891753056854
1068 -9.872296648139013
1069 -9.68516077506996
1070 -9.872007229018589
1071 -9.98136038110375
1072 -9.833464258186542
1073 -9.712069756311568
1074 -9.98136038110375
1075 -9.933518098990028
1076 -9.674239967794204
1077 -9.966903952981912
1078 -9.98136038110375
1079 -9.98136038110375
1080 -9.98136038110375
1081 -9.334813294446649
1082 -9.747994293906752
1083 -9.565196535183365
1084 -9.98136038110375
1085 -9.98136038110375
1086 -9.98136038110375
1087 -9.98136038110375
1088 -9.980936735059945
1089 -9.98136038110375
1090 -9.98136038110375
1091 -9.981292137261635
1092 -9.98136038110375
1093 -9.98136038110375
1094 -9.98136038110375
1095 -9.98136038110375
1096 -9.98136038110375
1097 -9.98136038110375
1098 -9.980552845790104
1099 -9.980650804746846
1100 -9.98076488177675
1101 -9.981030358811438
1102 -9.98136038110375
1103 -9.98136038110375
1104 -9.981045328992593
1105 -9.98136038110375
1106 -9.980611561808907
1107 -9.98136038110375
1108 -9.98136038110375
1109 -9.981101307407402
1110 -9.98136038110375
1111 -9.980863514252754
1112 -9.98108990322422
1113 -9.98136038110375
1114 -5.927348403182115
1115 -5.759126147199083
1116 -5.4475789193192945
1117 -5.161268761478848
1118 -4.89043452864866
1119 -4.135401498002316
1120 -3.7555625835673014
1121 -3.4202847373082004
1122 -3.3862273142063075
1123 -3.2444198816207512
1124 -3.1936107193357386
1125 -3.0585027690201523
1126 -3.038272862962172
1127 -2.8594373000373077
1128 -2.724471552333312
1129 -2.163974158406495
1130 -2.062771554923161
1131 -2.044484735978795
1132 -1.8853596963803971
1133 -1.7899278554815883
1134 -1.5052834836569426
1135 -1.3662683955657096
1136 -1.297088813902278
1137 -1.178813788199288
1138 -0.9524955897768854
1139 -0.6478481156549575
1140 -0.5408865557676519
1141 -0.4538217971823262
1142 -0.3088968490492012
1143 -4.938089719677062
1144 -6.706857983980852
1145 -5.178217170661783
1146 -5.260709344853297
1147 -6.337779759811227
1148 -4.401257058859617
1149 -3.4783591720107827
1150 -3.163738332528248
1151 -3.0511613045954515
1152 -3.1695939002971016
1153 -4.634307016332715
1154 -2.7243907925836175
1155 -4.565365813908478
1156 -2.5274022040824304
1157 -1.795695748122235
1158 -2.4986368209255243
1159 -1.939870834331988
1160 -0.7079207630100337
1161 -0.843756357832364
1162 -1.4419616796956372
1163 -3.820027991457625
1164 -1.2599213610073727
1165 -0.15524286159255546
1166 -1.8760401389877663
1167 -0.8563856168790077
1168 -1.9715784703566652
1169 -1.2758516694830797
1170 0.7922037587055355
1171 -0.20161647953729167
1172 -9.98136038110375
1173 -9.859842827194868
1174 -8.924967788240933
1175 -9.757558809007694
1176 -9.98136038110375
1177 -9.98136038110375
1178 -9.98136038110375
1179 -9.777221952244071
1180 -9.98136038110375
1181 -9.98136038110375
1182 -9.866072152813103
1183 -9.98136038110375
1184 -9.267120578764034
1185 -9.98136038110375
1186 -8.406692844928157
1187 -9.610036263772463
1188 -9.98136038110375
1189 -9.98136038110375
1190 -9.98136038110375
1191 -9.887325821648254
1192 -9.98136038110375
1193 -9.910566817556036
1194 -9.98136038110375
1195 -9.98136038110375
1196 -9.98136038110375
1197 -9.98136038110375
1198 -9.634476839455193
1199 -9.491982607553105
1200 -9.783201404848832
1201 -9.98136038110375
1202 -9.98136038110375
1203 -9.98136038110375
1204 -9.980599249209252
1205 -9.981139657974122
1206 -9.98136038110375
1207 -9.98136038110375
1208 -9.98048568661911
1209 -9.98136038110375
1210 -9.98136038110375
1211 -9.98136038110375
1212 -9.981221509757749
1213 -9.98136038110375
1214 -9.98136038110375
1215 -9.980428237898515
1216 -9.98136038110375
1217 -9.98044117827527
1218 -9.980981068231687
1219 -9.98136038110375
1220 -9.98136038110375
1221 -9.98136038110375
1222 -9.98136038110375
1223 -9.980970377232584
1224 -9.98136038110375
1225 -9.98136038110375
1226 -9.98136038110375
1227 -9.98136038110375
1228 -9.98130808612029
1229 -9.98136038110375
1230 -9.98136038110375
1231 -5.927348403182115
1232 -5.759126147199083
1233 -5.4475789193192945
1234 -5.161268761478848
1235 -4.89043452864866
1236 -4.135401498002316
1237 -3.7555625835673014
1238 -3.4202847373082004
1239 -3.3862273142063075
1240 -3.2444198816207512
1241 -3.1936107193357386
1242 -3.0585027690201523
1243 -3.038272862962172
1244 -2.8594373000373077
1245 -2.724471552333312
1246 -2.163974158406495
1247 -2.062771554923161
1248 -2.044484735978795
1249 -1.8853596963803971
1250 -1.7899278554815883
1251 -1.5052834836569426
1252 -1.3662683955657096
1253 -1.297088813902278
1254 -1.178813788199288
1255 -0.9524955897768854
1256 -0.6478481156549575
1257 -0.5408865557676519
1258 -0.4538217971823262
1259 -0.3088968490492012
1260 -7.168979776253089
1261 -6.143781575459919
1262 -5.256332498197487
1263 -5.267372118847097
1264 -3.414571646316782
1265 -5.411921585183855
1266 -4.3482897731508015
1267 -3.706982939147002
1268 -2.3622133440104633
1269 -4.604318629635006
1270 -1.8057428913102682
1271 -1.5914545388067844
1272 -2.5483904921681266
1273 -2.978822688030819
1274 -3.5898487006891946
1275 -2.30731411661017
1276 -1.857891839510057
1277 -1.936780486026763
1278 -0.9058579613881039
1279 -1.790396736882597
1280 -3.0841001400861585
1281 -2.2191048427738584
1282 -0.8140922197400007
1283 -1.5731065250669862
1284 -0.8898072388205488
1285 -0.025347121201463874
1286 -1.7982159199449408
1287 -1.8678280919581354
1288 -0.21948760902319175
1289 -9.212623218300411
1290 -9.98136038110375
1291 -9.98136038110375
1292 -9.98136038110375
1293 -9.98136038110375
1294 -9.98136038110375
1295 -9.98136038110375
1296 -9.846317447803187
1297 -9.98136038110375
1298 -9.98136038110375
1299 -9.98136038110375
1300 -9.644277428859322
1301 -8.403404726242751
1302 -9.816614865330797
1303 -9.98136038110375
1304 -9.666294542623577
1305 -9.653993336469203
1306 -9.98136038110375
1307 -9.98136038110375
1308 -9.642450628099013
1309 -9.762756739644418
1310 -9.98136038110375
1311 -9.540487441452731
1312 -9.91839729974265
1313 -9.640144622625451
1314 -9.946743670186489
1315 -7.683290025939159
1316 -9.98136038110375
1317 -9.67769818431325
1318 -9.981127136217907
1319 -9.98075945830332
1320 -9.98136038110375
1321 -9.98136038110375
1322 -9.98136038110375
1323 -9.980670673343809
1324 -9.980465217371748
1325 -9.981164617083266
1326 -9.98136038110375
1327 -9.980712897739071
1328 -9.980777918693075
1329 -9.98136038110375
1330 -9.980888475379324
1331 -9.98136038110375
1332 -9.98136038110375
1333 -9.980509822124663
1334 -9.98136038110375
1335 -9.98136038110375
1336 -9.980414484132911
1337 -9.98115864730576
1338 -9.980646814535618
1339 -9.98136038110375
1340 -9.98136038110375
1341 -9.98052924150748
1342 -9.98136038110375
1343 -9.98136038110375
1344 -9.98136038110375
1345 -9.980507276440639
1346 -9.98136038110375
1347 -9.98136038110375
1348 -5.927348403182115
1349 -5.759126147199083
1350 -5.4475789193192945
1351 -5.161268761478848
1352 -4.89043452864866
1353 -4.135401498002316
1354 -3.7555625835673014
1355 -3.4202847373082004
1356 -3.3862273142063075
1357 -3.2444198816207512
1358 -3.1936107193357386
1359 -3.0585027690201523
1360 -3.038272862962172
1361 -2.8594373000373077
1362 -2.724471552333312
1363 -2.163974158406495
1364 -2.062771554923161
1365 -2.044484735978795
1366 -1.8853596963803971
1367 -1.7899278554815883
1368 -1.5052834836569426
1369 -1.3662683955657096
1370 -1.297088813902278
1371 -1.178813788199288
1372 -0.9524955897768854
1373 -0.6478481156549575
1374 -0.5408865557676519
1375 -0.4538217971823262
1376 -0.3088968490492012
1377 -4.296961862481195
1378 -6.801149018379718
1379 -5.472636389094034
1380 -5.015708773710065
1381 -6.348999645362841
1382 -4.1436965639002725
1383 -4.501403039975991
1384 -3.2350688912132695
1385 -1.5369428015629019
1386 -3.2248618499478314
1387 -1.9501547193150004
1388 -2.6812569514088254
1389 -3.5091192227932133
1390 -2.4150736662109398
1391 -2.7772485452751656
1392 -2.001035755128718
1393 -1.9252567403212315
1394 -2.2544378711253725
1395 -1.8656979501050805
1396 -1.6449687428838198
1397 -0.13895099557605223
1398 -2.0364394379746273
1399 -0.02337779433225523
1400 -1.9774186916452452
1401 -1.3742447756028597
1402 -2.124271302339861
1403 -1.322436802028633
1404 0.4051931964982151
1405 -0.47787495394067114
1406 -9.98136038110375
1407 -9.002724067432624
1408 -9.686186049683425
1409 -9.132459041354396
1410 -9.92144208884912
1411 -9.98136038110375
1412 -9.589088614744767
1413 -9.714471538925558
1414 -9.98136038110375
1415 -9.45595971785607
1416 -9.628946024596662
1417 -9.640758992799157
1418 -9.98136038110375
1419 -9.694384180732376
1420 -9.699224725498315
1421 -9.98136038110375
1422 -9.98136038110375
1423 -9.98136038110375
1424 -9.750627869228603
1425 -9.947893402142514
1426 -9.98136038110375
1427 -9.833687088937443
1428 -9.98136038110375
1429 -9.369890749177546
1430 -9.97496090874502
1431 -9.900772132917847
1432 -9.98136038110375
1433 -9.510526938104885
1434 -9.98136038110375
1435 -9.98136038110375
1436 -9.98136038110375
1437 -9.98136038110375
1438 -9.980424015773513
1439 -9.98093699209851
1440 -9.980474123452513
1441 -9.980464770529897
1442 -9.981041203588505
1443 -9.98136038110375
1444 -9.98066789803301
1445 -9.98136038110375
1446 -9.980915180288246
1447 -9.980615810076289
1448 -9.98136038110375
1449 -9.980935660057428
1450 -9.98136038110375
1451 -9.98136038110375
1452 -9.98136038110375
1453 -9.98136038110375
1454 -9.980541717770958
1455 -9.981077287562371
1456 -9.981170900719517
1457 -9.980845914441144
1458 -9.981304805020399
1459 -9.980876637784462
1460 -9.980709641146678
1461 -9.98136038110375
1462 -9.980432830075056
1463 -9.980625227875098
1464 -9.98136038110375
1465 -5.927348403182115
1466 -5.759126147199083
1467 -5.4475789193192945
1468 -5.161268761478848
1469 -4.89043452864866
1470 -4.135401498002316
1471 -3.7555625835673014
1472 -3.4202847373082004
1473 -3.3862273142063075
1474 -3.2444198816207512
1475 -3.1936107193357386
1476 -3.0585027690201523
1477 -3.038272862962172
1478 -2.8594373000373077
1479 -2.724471552333312
1480 -2.163974158406495
1481 -2.062771554923161
1482 -2.044484735978795
1483 -1.8853596963803971
1484 -1.7899278554815883
1485 -1.5052834836569426
1486 -1.3662683955657096
1487 -1.297088813902278
1488 -1.178813788199288
1489 -0.9524955897768854
1490 -0.6478481156549575
1491 -0.5408865557676519
1492 -0.4538217971823262
1493 -0.3088968490492012
1494 -6.784447012072372
1495 -4.907253820310769
1496 -5.3620884248504606
1497 -5.183572734002871
1498 -6.113981746765261
1499 -5.354824489780841
1500 -3.067373356573395
1501 -2.732636126861513
1502 -1.5011999142512797
1503 -1.5280223855954802
1504 -2.736886333883348
1505 -4.000422075768678
1506 -1.3686075573191716
1507 -3.4607170888220047
1508 -2.761616757220593
1509 -2.589592045630095
1510 -2.040182041309003
1511 -3.4548361119371322
1512 -2.3773083650658484
1513 -1.8528109296129307
1514 -0.13694043106749282
1515 -1.481051863281906
1516 -1.4250317813926199
1517 -1.9795257985447516
1518 -1.4226063513761602
1519 0.026053663603755717
1520 0.13130637935745282
1521 0.18056824660146192
1522 -0.1891516650625329
1523 -9.336996663682179
1524 -9.96197233006511
1525 -9.86912722774903
1526 -9.98136038110375
1527 -9.290928848580048
1528 -9.98136038110375
1529 -9.98136038110375
1530 -9.841397118696607
1531 -9.98136038110375
1532 -9.98136038110375
1533 -9.954964102006233
1534 -9.98136038110375
1535 -9.98136038110375
1536 -9.20240091456572
1537 -9.893229090488484
1538 -9.98136038110375
1539 -9.836346142310958
1540 -9.98136038110375
1541 -7.843723882270307
1542 -9.98136038110375
1543 -9.876653412648947
1544 -8.855846810967396
1545 -9.98136038110375
1546 -9.98136038110375
1547 -9.98136038110375
1548 -9.980542014979886
1549 -9.751897143309279
1550 -9.98136038110375
1551 -9.98136038110375
1552 -9.98136038110375
1553 -9.98136038110375
1554 -9.98136038110375
1555 -9.980839653348548
1556 -9.98136038110375
1557 -9.98136038110375
1558 -9.98136038110375
1559 -9.981068964491318
1560 -9.980873758738806
1561 -9.98136038110375
1562 -9.980444058070026
1563 -9.980358366084586
1564 -9.98136038110375
1565 -9.980988375381793
1566 -9.980910177539457
1567 -9.98136038110375
1568 -9.980685739969607
1569 -9.980429477372075
1570 -9.980570635091944
1571 -9.980431080302582
1572 -9.98136038110375
1573 -9.980867709984564
1574 -9.980841490038694
1575 -9.981058423058494
1576 -9.980388368587768
1577 -9.980550679992549
1578 -9.98075205822861
1579 -9.98136038110375
1580 -9.980656298332743
1581 -9.98136038110375
1582 -5.927348403182115
1583 -5.759126147199083
1584 -5.4475789193192945
1585 -5.161268761478848
1586 -4.89043452864866
1587 -4.135401498002316
1588 -3.7555625835673014
1589 -3.4202847373082004
1590 -3.3862273142063075
1591 -3.2444198816207512
1592 -3.1936107193357386
1593 -3.0585027690201523
1594 -3.038272862962172
1595 -2.8594373000373077
1596 -2.724471552333312
1597 -2.163974158406495
1598 -2.062771554923161
1599 -2.044484735978795
1600 -1.8853596963803971
1601 -1.7899278554815883
1602 -1.5052834836569426
1603 -1.3662683955657096
1604 -1.297088813902278
1605 -1.178813788199288
1606 -0.9524955897768854
1607 -0.6478481156549575
1608 -0.5408865557676519
1609 -0.4538217971823262
1610 -0.3088968490492012
1611 -4.214944827528312
1612 -6.321584126125074
1613 -4.5548529005110625
1614 -4.506921152746709
1615 -4.9384505393141405
1616 -4.155756750209791
1617 -4.366147799668349
1618 -3.1471009685903075
1619 -2.552938302816613
1620 -2.3341449904314437
1621 -1.9840734389363575
1622 -1.2056678748436345
1623 -2.523027012622048
1624 -2.57138363560421
1625 -1.9578882159564213
1626 -2.485922725705976
1627 -2.1572148858125972
1628 -2.649467145872737
1629 -1.3087396652494525
1630 -1.316890634186252
1631 -3.4736714704100677
1632 -0.6396323062228022
1633 -0.7295259941366143
1634 -1.0771350252121694
1635 -1.3670939835656748
1636 -0.48243842937293574
1637 0.2686992258296881
1638 -0.6151673578349178
1639 -0.3474652453532777
1640 -9.9520740441624
1641 -9.036184310577452
1642 -9.493561267008616
1643 -9.98136038110375
1644 -9.456064539384792
1645 -9.98136038110375
1646 -9.98136038110375
1647 -9.98136038110375
1648 -9.98136038110375
1649 -9.98136038110375
1650 -9.98136038110375
1651 -9.98136038110375
1652 -9.184088831248301
1653 -9.75699926822452
1654 -9.98136038110375
1655 -9.98136038110375
1656 -9.98136038110375
1657 -9.793766016690071
1658 -9.98136038110375
1659 -9.728918941389653
1660 -9.98136038110375
1661 -9.98136038110375
1662 -9.4148907965956
1663 -9.98136038110375
1664 -9.593247537242783
1665 -9.92689070948552
1666 -9.98136038110375
1667 -9.608234608209763
1668 -9.888939569050796
1669 -9.980487821766857
1670 -9.98107995966087
1671 -9.981100978424202
1672 -9.98136038110375
1673 -9.98053171151037
1674 -9.981210926581262
1675 -9.98136038110375
1676 -9.980855037135571
1677 -9.980631858170842
1678 -9.981061920536998
1679 -9.981330255262053
1680 -9.980839402513391
1681 -9.98136038110375
1682 -9.981190620433214
1683 -9.98136038110375
1684 -9.9811735983555
1685 -9.98136038110375
1686 -9.98136038110375
1687 -9.98123035942512
1688 -9.980501319932173
1689 -9.980730889999073
1690 -9.981188660505968
1691 -9.98074215422643
1692 -9.980644538732381
1693 -9.981249850985687
1694 -9.98136038110375
1695 -9.980530554530413
1696 -9.98136038110375
1697 -9.980821084152284
1698 -9.98136038110375
1699 -5.927348403182115
1700 -5.759126147199083
1701 -5.4475789193192945
1702 -5.161268761478848
1703 -4.89043452864866
1704 -4.135401498002316
1705 -3.7555625835673014
1706 -3.4202847373082004
1707 -3.3862273142063075
1708 -3.2444198816207512
1709 -3.1936107193357386
1710 -3.0585027690201523
1711 -3.038272862962172
1712 -2.8594373000373077
1713 -2.724471552333312
1714 -2.163974158406495
1715 -2.062771554923161
1716 -2.044484735978795
1717 -1.8853596963803971
1718 -1.7899278554815883
1719 -1.5052834836569426
1720 -1.3662683955657096
1721 -1.297088813902278
1722 -1.178813788199288
1723 -0.9524955897768854
1724 -0.6478481156549575
1725 -0.5408865557676519
1726 -0.4538217971823262
1727 -0.3088968490492012
1728 -4.231955662792574
1729 -6.401715008724622
1730 -5.027922817094485
1731 -5.192383321415595
1732 -4.2295814624778965
1733 -4.424764317561586
1734 -3.4710359309141303
1735 -3.023555015321862
1736 -2.9765748894469457
1737 -3.746154438714902
1738 -2.537531170273492
1739 -4.309884183051459
1740 -1.7196437559491842
1741 -3.0464603200354863
1742 -3.172850296647886
1743 -2.3967085980588934
1744 -1.9995811828425272
1745 -1.8095685892037496
1746 -1.5190265172076811
1747 -1.871098595802622
1748 -0.4900460997497907
1749 -0.777506761768795
1750 -2.4955443560431196
1751 -1.4631642284442028
1752 -1.1275155606668563
1753 -1.8673707129712211
1754 -0.09177766523363007
1755 -1.6218712190837925
1756 -0.3070416352095773
1757 -9.824219824300632
1758 -9.751761833067693
1759 -9.98136038110375
1760 -9.98136038110375
1761 -9.963485296709107
1762 -9.944046960416511
1763 -9.546975688112534
1764 -8.702807347607887
1765 -9.98136038110375
1766 -9.57710308483358
1767 -9.98136038110375
1768 -9.368419270485859
1769 -9.98136038110375
1770 -9.98136038110375
1771 -9.636867182862524
1772 -9.715806870656174
1773 -9.81448502575228
1774 -9.769197115389133
1775 -9.710609282937796
1776 -9.98136038110375
1777 -9.773324328909574
1778 -9.98136038110375
1779 -9.98136038110375
1780 -9.8571085490228
1781 -9.98136038110375
1782 -9.476861682828119
1783 -9.98136038110375
1784 -9.907115796021667
1785 -9.98136038110375
1786 -9.98136038110375
1787 -9.98136038110375
1788 -9.98136038110375
1789 -9.980404477624923
1790 -9.981254921511798
1791 -9.98136038110375
1792 -9.98136038110375
1793 -9.98136038110375
1794 -9.98136038110375
1795 -9.98136038110375
1796 -9.981244913341362
1797 -9.981295507493018
1798 -9.98136038110375
1799 -9.981112844711635
1800 -9.980554150817552
1801 -9.980600917923026
1802 -9.98136038110375
1803 -9.98125076861275
1804 -9.98136038110375
1805 -9.980981693456428
1806 -9.981153905835912
1807 -9.98136038110375
1808 -9.98136038110375
1809 -9.98136038110375
1810 -9.98136038110375
1811 -9.98136038110375
1812 -9.98136038110375
1813 -9.98136038110375
1814 -9.98136038110375
1815 -9.98136038110375
1816 -5.927348403182115
1817 -5.759126147199083
1818 -5.4475789193192945
1819 -5.161268761478848
1820 -4.89043452864866
1821 -4.135401498002316
1822 -3.7555625835673014
1823 -3.4202847373082004
1824 -3.3862273142063075
1825 -3.2444198816207512
1826 -3.1936107193357386
1827 -3.0585027690201523
1828 -3.038272862962172
1829 -2.8594373000373077
1830 -2.724471552333312
1831 -2.163974158406495
1832 -2.062771554923161
1833 -2.044484735978795
1834 -1.8853596963803971
1835 -1.7899278554815883
1836 -1.5052834836569426
1837 -1.3662683955657096
1838 -1.297088813902278
1839 -1.178813788199288
1840 -0.9524955897768854
1841 -0.6478481156549575
1842 -0.5408865557676519
1843 -0.4538217971823262
1844 -0.3088968490492012
evaluations raw_y
1 -0.38268650671111704
2 -5.437384659550318
3 -2.7262710129999754
4 -3.4233048542223368
5 -2.810320761577926
6 -3.0529719506723785
7 0.06823652234991939
8 -3.598802456439931
9 -3.9516258203596095
10 -2.4266457379599964
11 -4.982558797784305
12 0.7964704468532657
13 -2.4146093024598967
14 -5.170898101485739
15 1.471256882048941
16 -8.718746630981471
17 -2.551410124061538
18 -0.32536572605675906
19 1.4295934767551253
20 -1.7251321745705221
21 -0.4366636091076447
22 -1.213683185605406
23 -5.449217313858521
24 -3.62292626151756
25 -2.171547167070945
26 -3.721997659147162
27 -2.9122919582196976
28 -3.681729560689343
29 -1.8124412169297783
30 -1.5265257299410906
31 -6.281245646008982
32 -5.635236225698405
33 -4.028011433579037
34 -6.489978107154884
35 -1.8218525120808426
36 -3.06674565266868
37 -2.795086164806539
38 -3.8983571494990086
39 -4.47308649249716
40 -4.309765085375287
41 -2.316020085144095
42 -2.4466463927194515
43 -2.1349977008261765
44 -2.7768266381944473
45 -2.8620189169129353
46 -1.4312867698786471
47 -0.9798855288944051
48 -3.3636843354380526
49 -2.0278255736632556
50 -1.0340797947845521
51 -1.2075335002158538
52 -1.6294470892837039
53 -0.3232378038816065
54 -0.5259168033617782
55 -0.3015840457006387
56 -0.006244417995788121
57 0.9845001012948984
58 1.4666499782547937
59 1.8172721526658948
60 -8.523804863544072
61 -8.78103916018001
62 -8.990574216745662
63 -9.429304140907991
64 -8.823464093184795
65 -9.42487415914968
66 -9.429304140907991
67 -9.070166042581814
68 -9.754165350061381
69 -9.830711261238832
70 -9.830711261238832
71 -9.830711261238832
72 -9.830711261238832
73 -9.830711261238832
74 -9.830711261238832
75 -9.731405803469077
76 -9.830711261238832
77 -9.757739575628644
78 -9.681481067357653
79 -9.184215142822026
80 -9.98136038110375
81 -9.805351317331894
82 -9.400294415419708
83 -9.98136038110375
84 -9.98136038110375
85 -9.64473558001012
86 -9.755189606673515
87 -9.98136038110375
88 -9.626694910248824
89 -9.98136038110375
90 -9.98036126198085
91 -9.98136038110375
92 -9.98108886153023
93 -9.980655697050281
94 -9.98060927580287
95 -9.98136038110375
96 -9.981009209507025
97 -9.981084527456701
98 -9.98136038110375
99 -9.980599991031543
100 -9.98136038110375
101 -9.98136038110375
102 -9.98136038110375
103 -9.98136038110375
104 -9.980524521700048
105 -9.980878712944435
106 -9.98136038110375
107 -9.980512193797486
108 -9.980540175391514
109 -9.980769186413992
110 -9.98086278933998
111 -9.98050105774144
112 -9.980392023532774
113 -9.981278771969771
114 -9.98136038110375
115 -9.98136038110375
116 -9.981088237739295
117 -9.98136038110375
118 -9.98136038110375
119 -5.449217313858521
120 -5.437384659550318
121 -5.170898101485739
122 -4.982558797784305
123 -3.9516258203596095
124 -3.721997659147162
125 -3.681729560689343
126 -3.62292626151756
127 -3.598802456439931
128 -3.4233048542223368
129 -3.0529719506723785
130 -2.9122919582196976
131 -2.810320761577926
132 -2.7262710129999754
133 -2.551410124061538
134 -2.4266457379599964
135 -2.4146093024598967
136 -2.171547167070945
137 -1.8124412169297783
138 -1.7251321745705221
139 -1.5265257299410906
140 -1.213683185605406
141 -0.4366636091076447
142 -0.38268650671111704
143 -0.32536572605675906
144 0.06823652234991939
145 0.7964704468532657
146 1.4295934767551253
147 1.471256882048941
148 -5.4907400641887385
149 -4.770842485509049
150 -5.812825768860593
151 -7.043780691149483
152 -6.036818548323684
153 -3.711149432205204
154 -3.693052663742003
155 -3.331573153658441
156 -3.3843668186076057
157 -4.934338443792267
158 -3.237198271598399
159 -3.026250153465294
160 -3.3533153040236257
161 -2.648886639794638
162 -2.5092188016654293
163 -2.305358356466648
164 -1.6005563614561198
165 -2.4298468868379626
166 -1.7518769424456693
167 -2.9580665360914002
168 -1.6018892830377849
169 -0.698775945692132
170 -0.6227495658764336
171 0.18419565874779087
172 -0.449240715675021
173 -0.009497561610079197
174 0.655037801729639
175 0.6421155460483446
176 0.20467742036778744
177 -9.98136038110375
178 -9.862400825184679
179 -9.393748822702445
180 -9.98136038110375
181 -9.77278241997541
182 -9.98136038110375
183 -9.98136038110375
184 -9.98136038110375
185 -9.777982339986856
186 -9.98136038110375
187 -9.526401282542228
188 -9.98136038110375
189 -9.306577200048924
190 -9.98136038110375
191 -9.98136038110375
192 -9.054903345951303
193 -9.98136038110375
194 -9.882093909204807
195 -9.792278916894972
196 -9.526822368887666
197 -9.98136038110375
198 -9.98136038110375
199 -9.169566903367054
200 -8.716851923405704
201 -9.846139256019189
202 -9.98136038110375
203 -9.142095731988498
204 -9.006165434885673
205 -9.804977380811989
206 -9.980490847742088
207 -9.981301155696633
208 -9.981110032215794
209 -9.98136038110375
210 -9.981249437531682
211 -9.98136038110375
212 -9.98136038110375
213 -9.98136038110375
214 -9.98136038110375
215 -9.981348169562027
216 -9.980440841939792
217 -9.980960215614555
218 -9.980636996837916
219 -9.980419699684411
220 -9.98136038110375
221 -9.98112041267243
222 -9.9804307889774
223 -9.98136038110375
224 -9.980552173799154
225 -9.98136038110375
226 -9.980734973992002
227 -9.98136038110375
228 -9.98136038110375
229 -9.98136038110375
230 -9.98136038110375
231 -9.980699154768452
232 -9.98136038110375
233 -9.98136038110375
234 -9.98136038110375
235 -9.98136038110375
236 -5.449217313858521
237 -5.437384659550318
238 -5.170898101485739
239 -4.982558797784305
240 -3.9516258203596095
241 -3.721997659147162
242 -3.681729560689343
243 -3.62292626151756
244 -3.598802456439931
245 -3.4233048542223368
246 -3.0529719506723785
247 -2.9122919582196976
248 -2.810320761577926
249 -2.7262710129999754
250 -2.551410124061538
251 -2.4266457379599964
252 -2.4146093024598967
253 -2.171547167070945
254 -1.8124412169297783
255 -1.7251321745705221
256 -1.5265257299410906
257 -1.213683185605406
258 -0.4366636091076447
259 -0.38268650671111704
260 -0.32536572605675906
261 0.06823652234991939
262 0.7964704468532657
263 1.4295934767551253
264 1.471256882048941
265 -5.5078673093699955
266 -5.630920346664346
267 -4.054003465217878
268 -4.869792913379715
269 -3.6622349414275015
270 -3.4094319535724025
271 -4.294893331964269
272 -2.9054609617725795
273 -4.8508820521366545
274 -3.306772843787197
275 -2.0075289506630005
276 -2.8660626798137248
277 -3.3414459011226896
278 -2.0943899658836047
279 -2.0725517206070636
280 -2.058285077308577
281 -4.004599470338854
282 -1.3335698829365794
283 -2.2551141453376182
284 -1.3458069103283714
285 -1.1538461984863728
286 -2.0778552650823885
287 -0.4547531132201017
288 -0.0310492394791399
289 -0.6803345869948431
290 0.03359831953959658
291 0.23594679739163416
292 0.9426377272152016
293 0.43058296613459296
294 -9.625096421077492
295 -9.503950323197765
296 -9.48022946452863
297 -9.726506589438488
298 -9.98136038110375
299 -9.98136038110375
300 -9.98136038110375
301 -9.98136038110375
302 -9.98136038110375
303 -9.55992882518736
304 -9.538723158183636
305 -9.44415055844223
306 -9.123347242114415
307 -9.98136038110375
308 -9.98136038110375
309 -9.98136038110375
310 -8.938477086569899
311 -9.98136038110375
312 -9.926111807409328
313 -9.98136038110375
314 -9.736170643669006
315 -9.98136038110375
316 -9.98136038110375
317 -9.80293746868931
318 -9.764474509336381
319 -9.730456188243672
320 -9.98136038110375
321 -9.98136038110375
322 -9.98136038110375
323 -9.981144274104274
324 -9.98078104221001
325 -9.98136038110375
326 -9.98087090738236
327 -9.980675332950105
328 -9.980955342756225
329 -9.98136038110375
330 -9.981061556564992
331 -9.980417701904198
332 -9.980764419302972
333 -9.980923378745258
334 -9.980455956317309
335 -9.98136038110375
336 -9.980890636044405
337 -9.980699686569345
338 -9.981003077034243
339 -9.98136038110375
340 -9.981305981182135
341 -9.98136038110375
342 -9.980914459940061
343 -9.98136038110375
344 -9.98099034537592
345 -9.98044000564785
346 -9.98136038110375
347 -9.98136038110375
348 -9.980798631746135
349 -9.980763401180909
350 -9.98136038110375
351 -9.98136038110375
352 -9.98136038110375
353 -5.449217313858521
354 -5.437384659550318
355 -5.170898101485739
356 -4.982558797784305
357 -3.9516258203596095
358 -3.721997659147162
359 -3.681729560689343
360 -3.62292626151756
361 -3.598802456439931
362 -3.4233048542223368
363 -3.0529719506723785
364 -2.9122919582196976
365 -2.810320761577926
366 -2.7262710129999754
367 -2.551410124061538
368 -2.4266457379599964
369 -2.4146093024598967
370 -2.171547167070945
371 -1.8124412169297783
372 -1.7251321745705221
373 -1.5265257299410906
374 -1.213683185605406
375 -0.4366636091076447
376 -0.38268650671111704
377 -0.32536572605675906
378 0.06823652234991939
379 0.7964704468532657
380 1.4295934767551253
381 1.471256882048941
382 -6.516201031412304
383 -4.677409734644011
384 -6.202638395267889
385 -4.8325623528877255
386 -1.39644712994766
387 -3.526387257259222
388 -3.9598482789142144
389 -4.221382457848617
390 -2.2837318324822036
391 -3.16496884426197
392 -3.808790525325467
393 -3.3454140210453813
394 -3.218424537115596
395 -2.8724992616588625
396 -2.7480558987102333
397 -1.2036508686209588
398 -3.076573613543088
399 -1.4493450540802204
400 -1.5769187949545138
401 -1.899607769334059
402 -2.052317970544768
403 -1.5784199922516726
404 -0.6368121520196242
405 0.16950763363532395
406 -0.29009096041189386
407 0.10190563635319638
408 0.9951418091236167
409 1.261229599123928
410 1.0419982421686698
411 -9.98136038110375
412 -9.98136038110375
413 -9.91621085546002
414 -7.615778828706871
415 -9.98136038110375
416 -9.663715083875573
417 -9.9253906558458
418 -9.404745812387567
419 -9.98136038110375
420 -9.98136038110375
421 -9.98136038110375
422 -9.662049840929528
423 -9.536335856130044
424 -9.98136038110375
425 -9.78058469253478
426 -9.945026946099023
427 -9.682975593690657
428 -9.98136038110375
429 -9.98136038110375
430 -9.536159869499532
431 -9.98136038110375
432 -9.488774823300421
433 -9.097942300070619
434 -9.98136038110375
435 -9.98136038110375
436 -8.716204452751239
437 -9.157450164595032
438 -9.813972414324873
439 -9.077664206720941
440 -9.98136038110375
441 -9.98123826443549
442 -9.98136038110375
443 -9.98136038110375
444 -9.980918472951348
445 -9.981033521316686
446 -9.98136038110375
447 -9.98136038110375
448 -9.980439407753682
449 -9.980808655483534
450 -9.98097447174381
451 -9.980866709769447
452 -9.980939868306194
453 -9.98136038110375
454 -9.981218178773624
455 -9.98136038110375
456 -9.98095228763755
457 -9.98136038110375
458 -9.980896364673148
459 -9.98136038110375
460 -9.98136038110375
461 -9.98136038110375
462 -9.980776022915332
463 -9.980596909872606
464 -9.981208012329887
465 -9.98136038110375
466 -9.98136038110375
467 -9.981353081185258
468 -9.980399124819474
469 -9.98136038110375
470 -5.449217313858521
471 -5.437384659550318
472 -5.170898101485739
473 -4.982558797784305
474 -3.9516258203596095
475 -3.721997659147162
476 -3.681729560689343
477 -3.62292626151756
478 -3.598802456439931
479 -3.4233048542223368
480 -3.0529719506723785
481 -2.9122919582196976
482 -2.810320761577926
483 -2.7262710129999754
484 -2.551410124061538
485 -2.4266457379599964
486 -2.4146093024598967
487 -2.171547167070945
488 -1.8124412169297783
489 -1.7251321745705221
490 -1.5265257299410906
491 -1.213683185605406
492 -0.4366636091076447
493 -0.38268650671111704
494 -0.32536572605675906
495 0.06823652234991939
496 0.7964704468532657
497 1.4295934767551253
498 1.471256882048941
499 -3.851335112542764
500 -5.28180336181188
501 -6.083880806614094
502 -6.677957192315214
503 -2.4064324290474226
504 -3.66793588632496
505 -3.5911043039879362
506 -3.762765967360591
507 -5.159895055334611
508 -2.3571544412259096
509 -3.2618583161223187
510 -2.947345200380993
511 -3.0109131228380304
512 -3.738952487895022
513 -1.9985079046233911
514 -1.1072299527448843
515 -4.193025332873023
516 -3.4776569277656244
517 -1.8878680474889857
518 -0.718168068002317
519 -1.5422669929524102
520 -0.6901261072398881
521 -0.3492714356969078
522 -0.3913723695488559
523 -0.17813844093789355
524 0.1014882435097958
525 0.614255665080507
526 1.3802068770994016
527 1.7116919231856398
528 -9.666966989815426
529 -9.98136038110375
530 -9.98136038110375
531 -9.87554587908622
532 -9.89816677378509
533 -9.555059972932987
534 -9.924984845244785
535 -9.935269809697406
536 -9.556705268850415
537 -9.98136038110375
538 -9.98136038110375
539 -9.229950200501815
540 -9.889762532691066
541 -9.738141638376149
542 -9.98136038110375
543 -9.831260576161082
544 -9.799109065017948
545 -9.875004628432766
546 -9.98136038110375
547 -9.744088876684643
548 -9.98136038110375
549 -8.942086744854329
550 -9.98136038110375
551 -9.98136038110375
552 -9.825461887908528
553 -9.98136038110375
554 -9.813390839692813
555 -9.98136038110375
556 -9.505382525245457
557 -9.98136038110375
558 -9.98136038110375
559 -9.98136038110375
560 -9.980720196222048
561 -9.98136038110375
562 -9.98136038110375
563 -9.981155758831132
564 -9.980625451030324
565 -9.98136038110375
566 -9.98136038110375
567 -9.98136038110375
568 -9.98136038110375
569 -9.98136038110375
570 -9.980565340978035
571 -9.981308076482103
572 -9.98136038110375
573 -9.98136038110375
574 -9.98136038110375
575 -9.981216778526793
576 -9.98046404474329
577 -9.98136038110375
578 -9.98136038110375
579 -9.98136038110375
580 -9.98136038110375
581 -9.981282709882471
582 -9.9803962789969
583 -9.98136038110375
584 -9.980434619548236
585 -9.98085891076434
586 -9.98136038110375
587 -5.449217313858521
588 -5.437384659550318
589 -5.170898101485739
590 -4.982558797784305
591 -3.9516258203596095
592 -3.721997659147162
593 -3.681729560689343
594 -3.62292626151756
595 -3.598802456439931
596 -3.4233048542223368
597 -3.0529719506723785
598 -2.9122919582196976
599 -2.810320761577926
600 -2.7262710129999754
601 -2.551410124061538
602 -2.4266457379599964
603 -2.4146093024598967
604 -2.171547167070945
605 -1.8124412169297783
606 -1.7251321745705221
607 -1.5265257299410906
608 -1.213683185605406
609 -0.4366636091076447
610 -0.38268650671111704
611 -0.32536572605675906
612 0.06823652234991939
613 0.7964704468532657
614 1.4295934767551253
615 1.471256882048941
616 -4.177054298597167
617 -4.80603632438421
618 -5.504353719964376
619 -4.5627220008840395
620 -2.637465835566494
621 -4.04371373445814
622 -4.247306571589551
623 -3.6656362389985584
624 -3.5471278411585128
625 -4.015762414567542
626 -1.9321330490877404
627 -2.614410961287284
628 -1.6874315386141454
629 -2.2564335251664898
630 -2.549964294527161
631 -3.4706509234411724
632 -3.1517313347562244
633 -2.551917910905483
634 -2.2471566307223036
635 -2.2445249898078723
636 -1.1227826166625747
637 -1.1462874877726639
638 -0.2849753605403912
639 0.2952298107950815
640 -0.21494187752448635
641 0.01757058733502448
642 0.30001838838972494
643 1.478247241365806
644 1.8210390993576069
645 -9.088001813319034
646 -9.98136038110375
647 -9.98136038110375
648 -9.506680655430362
649 -9.750277050034384
650 -9.98136038110375
651 -9.377132189039632
652 -9.98136038110375
653 -9.98136038110375
654 -9.724425962424583
655 -9.545095843921393
656 -9.05796582011309
657 -9.803546437167151
658 -9.65786720894787
659 -9.98136038110375
660 -9.98136038110375
661 -9.77901569411463
662 -9.98136038110375
663 -9.881891957201056
664 -9.652066453123597
665 -9.571057339623621
666 -9.98136038110375
667 -9.546069730546265
668 -9.319367486928298
669 -9.668226259578262
670 -9.98136038110375
671 -9.98136038110375
672 -9.77753965836227
673 -9.449217708372394
674 -9.980912054020111
675 -9.980480885460473
676 -9.98104466238149
677 -9.981118318204146
678 -9.98061715051037
679 -9.98136038110375
680 -9.98136038110375
681 -9.98136038110375
682 -9.98037143138069
683 -9.981312499328347
684 -9.98085687610224
685 -9.980923450085374
686 -9.98097898419605
687 -9.98136038110375
688 -9.980672998252773
689 -9.980511664755902
690 -9.98136038110375
691 -9.980378594369002
692 -9.98136038110375
693 -9.98136038110375
694 -9.9803997057648
695 -9.980731068466865
696 -9.981238679502908
697 -9.98136038110375
698 -9.980433458417156
699 -9.981132151359056
700 -9.981293410015999
701 -9.98136038110375
702 -9.980706748288387
703 -9.98136038110375
704 -5.449217313858521
705 -5.437384659550318
706 -5.170898101485739
707 -4.982558797784305
708 -3.9516258203596095
709 -3.721997659147162
710 -3.681729560689343
711 -3.62292626151756
712 -3.598802456439931
713 -3.4233048542223368
714 -3.0529719506723785
715 -2.9122919582196976
716 -2.810320761577926
717 -2.7262710129999754
718 -2.551410124061538
719 -2.4266457379599964
720 -2.4146093024598967
721 -2.171547167070945
722 -1.8124412169297783
723 -1.7251321745705221
724 -1.5265257299410906
725 -1.213683185605406
726 -0.4366636091076447
727 -0.38268650671111704
728 -0.32536572605675906
729 0.06823652234991939
730 0.7964704468532657
731 1.4295934767551253
732 1.471256882048941
733 -7.157741101152296
734 -4.688133819360241
735 -5.7415860177414375
736 -3.751397678834858
737 -2.262838446352376
738 -2.839751820805252
739 -4.3804279424104235
740 -2.9493811179510754
741 -4.672051308625651
742 -3.5326974606675594
743 -3.5489541258769286
744 -2.677567849971928
745 -1.3062649442500929
746 -1.599628189111967
747 -2.4388722524185824
748 -2.892355320882155
749 -2.753103348047494
750 -1.203379128174944
751 -1.8463171350546608
752 -0.887902862007558
753 -2.0473155670736274
754 -1.1525578300099155
755 -0.34098920265911137
756 -0.6333583583594712
757 -0.3922054194215856
758 0.1933472428235431
759 0.9067535551145873
760 1.5002231367286472
761 1.8510648020822056
762 -9.864619414861885
763 -9.98136038110375
764 -9.98136038110375
765 -9.615887989892109
766 -9.98136038110375
767 -9.98136038110375
768 -9.972142971412401
769 -9.837134059353124
770 -9.967149045124224
771 -9.470036313857648
772 -9.955637341358486
773 -9.98136038110375
774 -9.98136038110375
775 -8.873269836801178
776 -9.75448476697322
777 -9.98136038110375
778 -9.98136038110375
779 -9.98136038110375
780 -9.928612191017436
781 -9.209902856233024
782 -9.556978031362034
783 -9.98136038110375
784 -9.98136038110375
785 -9.492136603143075
786 -9.832675562720596
787 -9.98136038110375
788 -9.825935830043182
789 -9.98136038110375
790 -9.909306651902183
791 -9.980391942541651
792 -9.981084865586276
793 -9.980446461375989
794 -9.98136038110375
795 -9.98136038110375
796 -9.981039150042932
797 -9.981265666286834
798 -9.98136038110375
799 -9.980494111829262
800 -9.981252528162393
801 -9.981059210704432
802 -9.98136038110375
803 -9.980766427363609
804 -9.98136038110375
805 -9.98136038110375
806 -9.98136038110375
807 -9.98136038110375
808 -9.980357365806455
809 -9.980722914506565
810 -9.980919766446654
811 -9.98136038110375
812 -9.98136038110375
813 -9.98136038110375
814 -9.98136038110375
815 -9.98136038110375
816 -9.9808193654251
817 -9.981039401093192
818 -9.980490489007956
819 -9.981134155408672
820 -9.98136038110375
821 -5.449217313858521
822 -5.437384659550318
823 -5.170898101485739
824 -4.982558797784305
825 -3.9516258203596095
826 -3.721997659147162
827 -3.681729560689343
828 -3.62292626151756
829 -3.598802456439931
830 -3.4233048542223368
831 -3.0529719506723785
832 -2.9122919582196976
833 -2.810320761577926
834 -2.7262710129999754
835 -2.551410124061538
836 -2.4266457379599964
837 -2.4146093024598967
838 -2.171547167070945
839 -1.8124412169297783
840 -1.7251321745705221
841 -1.5265257299410906
842 -1.213683185605406
843 -0.4366636091076447
844 -0.38268650671111704
845 -0.32536572605675906
846 0.06823652234991939
847 0.7964704468532657
848 1.4295934767551253
849 1.471256882048941
850 -4.707031849556254
851 -5.952845274002985
852 -5.913935599769259
853 -6.53655425937965
854 -4.841867747951143
855 -3.9120788052803173
856 -3.4485006934614626
857 -3.8552479736895164
858 -3.9386235153599323
859 -4.4489071949217465
860 -3.2401752258254595
861 -2.863137202562352
862 -4.124310446104889
863 -2.036899389873996
864 -2.054162048815834
865 -2.209271105662966
866 -3.08501953019746
867 -1.1528139597600204
868 -2.1237038459100663
869 -2.468092083681163
870 -1.285985331995761
871 -0.8028858378447221
872 -0.36461929984052366
873 -1.5862071446268136
874 -0.2495250949837492
875 0.04999696685488941
876 0.991405908784399
877 0.7636013443480953
878 1.5440413503951267
879 -9.838897504433342
880 -9.729782786699218
881 -9.827055569344708
882 -9.492526043484913
883 -9.98136038110375
884 -9.858628072372099
885 -9.98136038110375
886 -9.98136038110375
887 -9.816727308019088
888 -9.98136038110375
889 -9.67104926593908
890 -9.556795447781756
891 -9.41837735148771
892 -9.650823657242537
893 -9.98136038110375
894 -9.75913465635109
895 -9.98136038110375
896 -9.98136038110375
897 -9.98136038110375
898 -9.83048277225601
899 -9.86291856563022
900 -9.145599913395506
901 -9.98136038110375
902 -9.98136038110375
903 -9.98136038110375
904 -9.428270048864054
905 -9.98136038110375
906 -9.98136038110375
907 -9.969397481957444
908 -9.98136038110375
909 -9.98136038110375
910 -9.98136038110375
911 -9.980499838950562
912 -9.98136038110375
913 -9.98136038110375
914 -9.98136038110375
915 -9.980776705978236
916 -9.980890865990048
917 -9.98136038110375
918 -9.98094535994705
919 -9.98136038110375
920 -9.98136038110375
921 -9.98136038110375
922 -9.98136038110375
923 -9.98136038110375
924 -9.98136038110375
925 -9.98136038110375
926 -9.981118285138466
927 -9.98136038110375
928 -9.98136038110375
929 -9.980609883557644
930 -9.98136038110375
931 -9.98068392754527
932 -9.98136038110375
933 -9.98136038110375
934 -9.98136038110375
935 -9.98136038110375
936 -9.98136038110375
937 -9.98136038110375
938 -5.449217313858521
939 -5.437384659550318
940 -5.170898101485739
941 -4.982558797784305
942 -3.9516258203596095
943 -3.721997659147162
944 -3.681729560689343
945 -3.62292626151756
946 -3.598802456439931
947 -3.4233048542223368
948 -3.0529719506723785
949 -2.9122919582196976
950 -2.810320761577926
951 -2.7262710129999754
952 -2.551410124061538
953 -2.4266457379599964
954 -2.4146093024598967
955 -2.171547167070945
956 -1.8124412169297783
957 -1.7251321745705221
958 -1.5265257299410906
959 -1.213683185605406
960 -0.4366636091076447
961 -0.38268650671111704
962 -0.32536572605675906
963 0.06823652234991939
964 0.7964704468532657
965 1.4295934767551253
966 1.471256882048941
967 -7.390050977197626
968 -4.352657281548868
969 -4.979070766171308
970 -5.103787810334187
971 -6.291839856036144
972 -4.386636474042352
973 -3.923508550505946
974 -2.6663748182812435
975 -3.2035402148023424
976 -2.7057579263381557
977 -3.26163566865534
978 -2.689336683855008
979 -3.8372768674199658
980 -3.342156981793383
981 -2.5041589741512253
982 -3.404749766200598
983 -0.9475235743411834
984 -2.8989855070352903
985 -1.8221297886447045
986 -0.8317154658967363
987 -1.6435492611619231
988 -1.0674933000077127
989 -0.5477741142075827
990 -0.5140152101230266
991 -0.5388201878301353
992 0.07051365500612661
993 0.9674843154063523
994 1.3237491375371446
995 1.7655147243477438
996 -9.98136038110375
997 -9.98136038110375
998 -9.98136038110375
999 -9.494738873309766
1000 -9.98136038110375
1001 -9.869753084792071
1002 -9.823968404758881
1003 -9.67966516509504
1004 -9.98136038110375
1005 -9.911506205756343
1006 -8.952222136423586
1007 -9.98136038110375
1008 -9.98136038110375
1009 -9.98136038110375
1010 -9.98136038110375
1011 -9.98136038110375
1012 -9.98136038110375
1013 -9.98136038110375
1014 -9.668633198357329
1015 -9.98136038110375
1016 -9.98136038110375
1017 -9.651205106491938
1018 -9.98136038110375
1019 -9.98136038110375
1020 -9.904512481391253
1021 -9.042014990898183
1022 -9.60034003978737
1023 -9.954104046907567
1024 -9.752581838661921
1025 -9.98136038110375
1026 -9.98136038110375
1027 -9.98136038110375
1028 -9.98136038110375
1029 -9.98136038110375
1030 -9.980532219520562
1031 -9.98136038110375
1032 -9.98136038110375
1033 -9.98136038110375
1034 -9.98136038110375
1035 -9.980794912262542
1036 -9.98136038110375
1037 -9.98136038110375
1038 -9.980430232647361
1039 -9.98136038110375
1040 -9.98136038110375
1041 -9.980806420717768
1042 -9.98136038110375
1043 -9.98136038110375
1044 -9.98136038110375
1045 -9.98136038110375
1046 -9.980394951571625
1047 -9.980633854554455
1048 -9.981135447733248
1049 -9.98136038110375
1050 -9.98085493248314
1051 -9.98136038110375
1052 -9.98136038110375
1053 -9.98136038110375
1054 -9.98136038110375
1055 -5.449217313858521
1056 -5.437384659550318
1057 -5.170898101485739
1058 -4.982558797784305
1059 -3.9516258203596095
1060 -3.721997659147162
1061 -3.681729560689343
1062 -3.62292626151756
1063 -3.598802456439931
1064 -3.4233048542223368
1065 -3.0529719506723785
1066 -2.9122919582196976
1067 -2.810320761577926
1068 -2.7262710129999754
1069 -2.551410124061538
1070 -2.4266457379599964
1071 -2.4146093024598967
1072 -2.171547167070945
1073 -1.8124412169297783
1074 -1.7251321745705221
1075 -1.5265257299410906
1076 -1.213683185605406
1077 -0.4366636091076447
1078 -0.38268650671111704
1079 -0.32536572605675906
1080 0.06823652234991939
1081 0.7964704468532657
1082 1.4295934767551253
1083 1.471256882048941
1084 -6.207586593248299
1085 -4.494964065600214
1086 -5.084040531942499
1087 -3.575338031121322
1088 -3.207419765994877
1089 -3.07895708199446
1090 -4.090784505718853
1091 -3.643640537989546
1092 -3.6620656508628864
1093 -4.135616140550934
1094 -3.123399732499696
1095 -2.7723722855939825
1096 -1.4631438639174532
1097 -2.6172872458325167
1098 -3.2881366513569112
1099 -2.785723870707434
1100 -3.0953458770379916
1101 -2.8694688878650414
1102 -1.8501730510639494
1103 -2.139752345470056
1104 -1.268933707614398
1105 -1.3408986335712245
1106 -0.6181053138827365
1107 -0.8826719273548125
1108 -0.09555115719051577
1109 0.003451461585134208
1110 0.8777932511193958
1111 0.8793097998334245
1112 0.7646212771232677
1113 -9.89292823678775
1114 -9.98136038110375
1115 -9.923196578318862
1116 -9.98136038110375
1117 -9.936120445599272
1118 -9.98136038110375
1119 -9.477826768763181
1120 -9.98136038110375
1121 -9.98136038110375
1122 -9.611581733393537
1123 -9.42967964310182
1124 -9.722819729568487
1125 -9.698223569719385
1126 -9.8508856975552
1127 -9.931234443228792
1128 -9.718948966644293
1129 -9.98136038110375
1130 -9.98136038110375
1131 -9.967999466678467
1132 -9.38096555655278
1133 -9.933777349798682
1134 -9.98136038110375
1135 -9.540342807731502
1136 -9.395665000813981
1137 -9.98136038110375
1138 -9.98136038110375
1139 -9.98136038110375
1140 -9.055410196018052
1141 -9.783851806275711
1142 -9.981089875330504
1143 -9.98136038110375
1144 -9.98136038110375
1145 -9.980872722087621
1146 -9.981081704595583
1147 -9.98136038110375
1148 -9.98136038110375
1149 -9.98136038110375
1150 -9.981168444851924
1151 -9.98136038110375
1152 -9.98136038110375
1153 -9.981293583945567
1154 -9.980955119617313
1155 -9.98136038110375
1156 -9.980490155169532
1157 -9.98136038110375
1158 -9.98136038110375
1159 -9.981211131352788
1160 -9.98136038110375
1161 -9.98136038110375
1162 -9.980655668357283
1163 -9.98136038110375
1164 -9.98059697316414
1165 -9.980840649082433
1166 -9.98136038110375
1167 -9.98136038110375
1168 -9.980737490296985
1169 -9.98136038110375
1170 -9.981074629028898
1171 -9.98136038110375
1172 -5.449217313858521
1173 -5.437384659550318
1174 -5.170898101485739
1175 -4.982558797784305
1176 -3.9516258203596095
1177 -3.721997659147162
1178 -3.681729560689343
1179 -3.62292626151756
1180 -3.598802456439931
1181 -3.4233048542223368
1182 -3.0529719506723785
1183 -2.9122919582196976
1184 -2.810320761577926
1185 -2.7262710129999754
1186 -2.551410124061538
1187 -2.4266457379599964
1188 -2.4146093024598967
1189 -2.171547167070945
1190 -1.8124412169297783
1191 -1.7251321745705221
1192 -1.5265257299410906
1193 -1.213683185605406
1194 -0.4366636091076447
1195 -0.38268650671111704
1196 -0.32536572605675906
1197 0.06823652234991939
1198 0.7964704468532657
1199 1.4295934767551253
1200 1.471256882048941
1201 -6.135830182556544
1202 -4.366128474653017
1203 -5.923916925125345
1204 -5.390821510821918
1205 -4.734068192169993
1206 -3.478430647273292
1207 -3.906958927368238
1208 -4.138693297196792
1209 -3.177110558009553
1210 -3.535918613949128
1211 -2.640072995396932
1212 -2.869414337941405
1213 -3.1261901579334115
1214 -2.7211779911949043
1215 -2.1651185397675614
1216 -1.7039172380632517
1217 -2.9914308482409773
1218 -2.2165785723310334
1219 -2.237228331702361
1220 -0.9312373182394644
1221 -1.0789018850049419
1222 -0.8582359826561313
1223 -0.6211747986418277
1224 -1.3183379346426491
1225 -0.42834036793621766
1226 0.007876275493997165
1227 0.20745505678334653
1228 1.2835436525710633
1229 1.55643836875981
1230 -9.98136038110375
1231 -9.98136038110375
1232 -9.98136038110375
1233 -9.414847055876614
1234 -9.98136038110375
1235 -9.958132863483062
1236 -9.656508530279895
1237 -9.974671915222158
1238 -9.835262328198894
1239 -9.574497229723237
1240 -9.98136038110375
1241 -9.68595645778837
1242 -9.98136038110375
1243 -9.98136038110375
1244 -9.65081014619381
1245 -9.738762674673762
1246 -9.98136038110375
1247 -9.077123554633943
1248 -9.771615438430143
1249 -9.98136038110375
1250 -9.98136038110375
1251 -9.492097784645264
1252 -9.98136038110375
1253 -9.855118400559515
1254 -9.333520295567594
1255 -8.467974319445599
1256 -9.361976147462428
1257 -9.98136038110375
1258 -9.347478426855961
1259 -9.98136038110375
1260 -9.98136038110375
1261 -9.98136038110375
1262 -9.98136038110375
1263 -9.980593251525665
1264 -9.98100266143653
1265 -9.98136038110375
1266 -9.98136038110375
1267 -9.981158012520309
1268 -9.981349187182358
1269 -9.98136038110375
1270 -9.980475737894018
1271 -9.980814542523774
1272 -9.980632639567933
1273 -9.98136038110375
1274 -9.981259907900652
1275 -9.98136038110375
1276 -9.981144293275715
1277 -9.98136038110375
1278 -9.98136038110375
1279 -9.98136038110375
1280 -9.981126811026805
1281 -9.980578376713568
1282 -9.981255856856722
1283 -9.98136038110375
1284 -9.980395732842183
1285 -9.980696949840025
1286 -9.98136038110375
1287 -9.980622737061505
1288 -9.98136038110375
1289 -5.449217313858521
1290 -5.437384659550318
1291 -5.170898101485739
1292 -4.982558797784305
1293 -3.9516258203596095
1294 -3.721997659147162
1295 -3.681729560689343
1296 -3.62292626151756
1297 -3.598802456439931
1298 -3.4233048542223368
1299 -3.0529719506723785
1300 -2.9122919582196976
1301 -2.810320761577926
1302 -2.7262710129999754
1303 -2.551410124061538
1304 -2.4266457379599964
1305 -2.4146093024598967
1306 -2.171547167070945
1307 -1.8124412169297783
1308 -1.7251321745705221
1309 -1.5265257299410906
1310 -1.213683185605406
1311 -0.4366636091076447
1312 -0.38268650671111704
1313 -0.32536572605675906
1314 0.06823652234991939
1315 0.7964704468532657
1316 1.4295934767551253
1317 1.471256882048941
1318 -6.0874645988289595
1319 -4.616598595889807
1320 -4.470204233964031
1321 -5.034819440448164
1322 -6.337918303048083
1323 -2.8079153484449297
1324 -3.7363030326630344
1325 -3.2266460435762347
1326 -2.5074199364630587
1327 -2.6358353037944746
1328 -1.8230837833754379
1329 -3.06752183631062
1330 -2.722144543427509
1331 -2.5162918260398848
1332 -2.5427872822126076
1333 -3.6506382331308345
1334 -0.9996636738127596
1335 -3.551811879230189
1336 -1.9548860860972348
1337 -1.045168707936937
1338 -1.0581876652874778
1339 -0.7757506180404381
1340 -0.5392204242116843
1341 0.2777427042139541
1342 -0.3507200107058399
1343 0.28030455002578036
1344 0.6547960830194334
1345 0.9417760446698666
1346 1.7370243279055584
1347 -9.98136038110375
1348 -9.628831050246355
1349 -9.705072665464217
1350 -9.98136038110375
1351 -9.98136038110375
1352 -9.962543460154496
1353 -9.846379425364471
1354 -9.98136038110375
1355 -9.98136038110375
1356 -9.98136038110375
1357 -9.98136038110375
1358 -9.780261543839059
1359 -9.98136038110375
1360 -9.641655529668242
1361 -9.98136038110375
1362 -9.626989209230734
1363 -9.98136038110375
1364 -9.860701147841429
1365 -9.550785831803458
1366 -9.901936144273236
1367 -9.762709907219932
1368 -9.98136038110375
1369 -9.335573168438852
1370 -9.647082378909818
1371 -9.98136038110375
1372 -9.98136038110375
1373 -9.98136038110375
1374 -9.350975634082948
1375 -9.808929551693973
1376 -9.98136038110375
1377 -9.98136038110375
1378 -9.980380097580078
1379 -9.98136038110375
1380 -9.980775752048421
1381 -9.98136038110375
1382 -9.98136038110375
1383 -9.98136038110375
1384 -9.98136038110375
1385 -9.98136038110375
1386 -9.98136038110375
1387 -9.980814642776986
1388 -9.98136038110375
1389 -9.980592745120392
1390 -9.980701737655957
1391 -9.98136038110375
1392 -9.98086822851111
1393 -9.981014077866607
1394 -9.98136038110375
1395 -9.981119127065085
1396 -9.981246808911358
1397 -9.98136038110375
1398 -9.980473494459332
1399 -9.98132368125803
1400 -9.980650135980204
1401 -9.981324759998095
1402 -9.980703372743537
1403 -9.98136038110375
1404 -9.98136038110375
1405 -9.98136038110375
1406 -5.449217313858521
1407 -5.437384659550318
1408 -5.170898101485739
1409 -4.982558797784305
1410 -3.9516258203596095
1411 -3.721997659147162
1412 -3.681729560689343
1413 -3.62292626151756
1414 -3.598802456439931
1415 -3.4233048542223368
1416 -3.0529719506723785
1417 -2.9122919582196976
1418 -2.810320761577926
1419 -2.7262710129999754
1420 -2.551410124061538
1421 -2.4266457379599964
1422 -2.4146093024598967
1423 -2.171547167070945
1424 -1.8124412169297783
1425 -1.7251321745705221
1426 -1.5265257299410906
1427 -1.213683185605406
1428 -0.4366636091076447
1429 -0.38268650671111704
1430 -0.32536572605675906
1431 0.06823652234991939
1432 0.7964704468532657
1433 1.4295934767551253
1434 1.471256882048941
1435 -4.655736434357049
1436 -5.662979917968004
1437 -5.847463975647792
1438 -6.142070910198238
1439 -5.542909014208923
1440 -3.7997949594424982
1441 -3.673100434884419
1442 -4.505275658976066
1443 -5.173986437334675
1444 -4.0354171584071965
1445 -3.2052600976575247
1446 -3.081250847682397
1447 -4.475937658012075
1448 -4.0618349208399085
1449 -2.6760353231938088
1450 -3.2081077865848457
1451 -2.9514722136317326
1452 -1.4512762203485945
1453 -2.2692277267065166
1454 -1.3015725681521566
1455 -1.3107969931991796
1456 -2.316322525582396
1457 -0.46557003577762335
1458 -1.3784001562847759
1459 -0.6554387809911497
1460 0.03343416842295066
1461 0.8342418772405473
1462 0.6310361660873878
1463 1.3062140544376102
1464 -9.311950301849024
1465 -9.914406817007293
1466 -9.98136038110375
1467 -9.98136038110375
1468 -9.98136038110375
1469 -9.744376503483737
1470 -9.98136038110375
1471 -9.98136038110375
1472 -9.98136038110375
1473 -9.98136038110375
1474 -9.98136038110375
1475 -9.896378342757739
1476 -9.98136038110375
1477 -9.98136038110375
1478 -9.98136038110375
1479 -9.98136038110375
1480 -9.888897451546324
1481 -9.696639398214781
1482 -9.98136038110375
1483 -9.711371132322142
1484 -9.98136038110375
1485 -9.93328726293766
1486 -9.468131652946202
1487 -9.98136038110375
1488 -9.98136038110375
1489 -9.98136038110375
1490 -9.619961240710492
1491 -9.274627888801161
1492 -9.98136038110375
1493 -9.98136038110375
1494 -9.98136038110375
1495 -9.98136038110375
1496 -9.980892344867792
1497 -9.98136038110375
1498 -9.98136038110375
1499 -9.98136038110375
1500 -9.98084313277948
1501 -9.980529825030352
1502 -9.98136038110375
1503 -9.980721152741491
1504 -9.981245396819286
1505 -9.98136038110375
1506 -9.98136038110375
1507 -9.98136038110375
1508 -9.980595183551365
1509 -9.980653699890192
1510 -9.98136038110375
1511 -9.98136038110375
1512 -9.980652683841345
1513 -9.98136038110375
1514 -9.98136038110375
1515 -9.98136038110375
1516 -9.98136038110375
1517 -9.98136038110375
1518 -9.98136038110375
1519 -9.98055001125519
1520 -9.98136038110375
1521 -9.98136038110375
1522 -9.98136038110375
1523 -5.449217313858521
1524 -5.437384659550318
1525 -5.170898101485739
1526 -4.982558797784305
1527 -3.9516258203596095
1528 -3.721997659147162
1529 -3.681729560689343
1530 -3.62292626151756
1531 -3.598802456439931
1532 -3.4233048542223368
1533 -3.0529719506723785
1534 -2.9122919582196976
1535 -2.810320761577926
1536 -2.7262710129999754
1537 -2.551410124061538
1538 -2.4266457379599964
1539 -2.4146093024598967
1540 -2.171547167070945
1541 -1.8124412169297783
1542 -1.7251321745705221
1543 -1.5265257299410906
1544 -1.213683185605406
1545 -0.4366636091076447
1546 -0.38268650671111704
1547 -0.32536572605675906
1548 0.06823652234991939
1549 0.7964704468532657
1550 1.4295934767551253
1551 1.471256882048941
1552 -3.6684909176304976
1553 -5.338016419920502
1554 -5.8905513956804585
1555 -4.674958899217771
1556 -1.2718790445578854
1557 -4.07867797264775
1558 -3.7250041366652518
1559 -4.216304262170141
1560 -2.9059800361211963
1561 -4.2285001493118095
1562 -2.439395026736039
1563 -3.5813536792869147
1564 -2.214239351398897
1565 -2.571017696478159
1566 -2.504683711202206
1567 -3.426459686300312
1568 -4.143053817813515
1569 -2.3760429959752742
1570 -1.6261284492244332
1571 -0.7875199833501728
1572 -1.1762682422516038
1573 -0.7348047080028778
1574 -0.2866208958673293
1575 -0.021894334656654857
1576 -0.1822821164233276
1577 0.2726155820730179
1578 0.7925713438218558
1579 1.531148972388156
1580 1.8436858330318324
1581 -9.840172559731604
1582 -9.98136038110375
1583 -9.98136038110375
1584 -9.98136038110375
1585 -9.877133265540543
1586 -9.661747188542675
1587 -9.98136038110375
1588 -9.98136038110375
1589 -9.98136038110375
1590 -9.98136038110375
1591 -9.98136038110375
1592 -8.97038242323573
1593 -9.75738451979609
1594 -9.431166148497761
1595 -9.98136038110375
1596 -9.98136038110375
1597 -9.98136038110375
1598 -9.98136038110375
1599 -9.98136038110375
1600 -9.205702661445564
1601 -9.98136038110375
1602 -9.98136038110375
1603 -9.98136038110375
1604 -9.98136038110375
1605 -9.57451084644109
1606 -9.98136038110375
1607 -9.98136038110375
1608 -9.98136038110375
1609 -9.551457853565282
1610 -9.98136038110375
1611 -9.9813188305429
1612 -9.980635134335099
1613 -9.98136038110375
1614 -9.98136038110375
1615 -9.980510550944103
1616 -9.981286009874967
1617 -9.980860370363857
1618 -9.98136038110375
1619 -9.98136038110375
1620 -9.98116459056439
1621 -9.98136038110375
1622 -9.98136038110375
1623 -9.981241927489117
1624 -9.980382750360945
1625 -9.980352971198242
1626 -9.980770350088465
1627 -9.98136038110375
1628 -9.98136038110375
1629 -9.98136038110375
1630 -9.980366855519225
1631 -9.98136038110375
1632 -9.98136038110375
1633 -9.981329932330414
1634 -9.98136038110375
1635 -9.981212439329365
1636 -9.98136038110375
1637 -9.98136038110375
1638 -9.98073718273088
1639 -9.98136038110375
1640 -5.449217313858521
1641 -5.437384659550318
1642 -5.170898101485739
1643 -4.982558797784305
1644 -3.9516258203596095
1645 -3.721997659147162
1646 -3.681729560689343
1647 -3.62292626151756
1648 -3.598802456439931
1649 -3.4233048542223368
1650 -3.0529719506723785
1651 -2.9122919582196976
1652 -2.810320761577926
1653 -2.7262710129999754
1654 -2.551410124061538
1655 -2.4266457379599964
1656 -2.4146093024598967
1657 -2.171547167070945
1658 -1.8124412169297783
1659 -1.7251321745705221
1660 -1.5265257299410906
1661 -1.213683185605406
1662 -0.4366636091076447
1663 -0.38268650671111704
1664 -0.32536572605675906
1665 0.06823652234991939
1666 0.7964704468532657
1667 1.4295934767551253
1668 1.471256882048941
1669 -6.078773483509332
1670 -6.060036620895004
1671 -6.028178140459494
1672 -3.6677160796605257
1673 -1.3285299642580801
1674 -3.7219814860771576
1675 -3.4419892413436233
1676 -4.160434987272925
1677 -3.954138062924504
1678 -4.841157699438826
1679 -3.702889179217001
1680 -2.6540196078611054
1681 -1.8421724704028244
1682 -1.9064685665586267
1683 -3.4748515999005534
1684 -2.6300132720423783
1685 -1.5749596485962358
1686 -1.4009588284134273
1687 -2.0546699029536146
1688 -1.1830887488110644
1689 -1.5010689126738632
1690 -0.622834261203411
1691 -0.36523355554367753
1692 -0.24485211881872815
1693 -0.22664018810385178
1694 0.06531591817868598
1695 0.7567204795847093
1696 1.197651880327602
1697 1.7984142374894556
1698 -9.98136038110375
1699 -9.98136038110375
1700 -9.98136038110375
1701 -9.98136038110375
1702 -9.98136038110375
1703 -9.60732382116924
1704 -9.655740000396253
1705 -9.98136038110375
1706 -9.840428237551244
1707 -9.98136038110375
1708 -9.670100138498867
1709 -9.661963615077143
1710 -9.817671522992583
1711 -9.98136038110375
1712 -9.98136038110375
1713 -9.591906479988795
1714 -9.98136038110375
1715 -9.98136038110375
1716 -9.833920435000245
1717 -7.932517314569487
1718 -9.98136038110375
1719 -9.963645712633767
1720 -8.819043987197267
1721 -9.790111229810059
1722 -9.384164492317986
1723 -8.701160285097322
1724 -9.98136038110375
1725 -9.98136038110375
1726 -9.98136038110375
1727 -9.98136038110375
1728 -9.98136038110375
1729 -9.98136038110375
1730 -9.98107991359717
1731 -9.98136038110375
1732 -9.981334691839256
1733 -9.98136038110375
1734 -9.981066425225388
1735 -9.98136038110375
1736 -9.98136038110375
1737 -9.980850443871137
1738 -9.98136038110375
1739 -9.98136038110375
1740 -9.98076713873266
1741 -9.98136038110375
1742 -9.98136038110375
1743 -9.980498979312548
1744 -9.980359193408045
1745 -9.980574170038551
1746 -9.980611238687576
1747 -9.980404290099123
1748 -9.98136038110375
1749 -9.98136038110375
1750 -9.981085826406991
1751 -9.98136038110375
1752 -9.98136038110375
1753 -9.98136038110375
1754 -9.98136038110375
1755 -9.98136038110375
1756 -9.98136038110375
1757 -5.449217313858521
1758 -5.437384659550318
1759 -5.170898101485739
1760 -4.982558797784305
1761 -3.9516258203596095
1762 -3.721997659147162
1763 -3.681729560689343
1764 -3.62292626151756
1765 -3.598802456439931
1766 -3.4233048542223368
1767 -3.0529719506723785
1768 -2.9122919582196976
1769 -2.810320761577926
1770 -2.7262710129999754
1771 -2.551410124061538
1772 -2.4266457379599964
1773 -2.4146093024598967
1774 -2.171547167070945
1775 -1.8124412169297783
1776 -1.7251321745705221
1777 -1.5265257299410906
1778 -1.213683185605406
1779 -0.4366636091076447
1780 -0.38268650671111704
1781 -0.32536572605675906
1782 0.06823652234991939
1783 0.7964704468532657
1784 1.4295934767551253
1785 1.471256882048941
1786 -6.961812528347574
1787 -4.438198012664845
1788 -5.865487673075419
1789 -4.248731146955323
1790 -2.284901723824015
1791 -3.6726728231090164
1792 -3.2061232677961393
1793 -4.229085097847305
1794 -4.633706683259577
1795 -3.7577421071326915
1796 -3.5847646804520954
1797 -2.7424836515645374
1798 -2.995648121104045
1799 -2.207819405296683
1800 -2.478238559062699
1801 -2.295474564815302
1802 -3.129821224259966
1803 -1.2324400531731796
1804 -2.239702820135943
1805 -1.4647495093752738
1806 -1.2237722467285173
1807 -0.8466265326836182
1808 -0.28478927479863325
1809 0.20620650063686274
1810 -0.18134843296003822
1811 0.20850881098099266
1812 0.875109667904397
1813 1.4927805736902298
1814 1.8278832871259951
1815 -9.98136038110375
1816 -9.98136038110375
1817 -9.98136038110375
1818 -9.253112219391141
1819 -9.98136038110375
1820 -9.708852991127962
1821 -9.98136038110375
1822 -9.78072116527931
1823 -9.98136038110375
1824 -9.98136038110375
1825 -9.943319856375528
1826 -9.98136038110375
1827 -9.492800150347179
1828 -9.84727008612704
1829 -9.816877526890337
1830 -9.835558482111974
1831 -9.98136038110375
1832 -9.238070210601755
1833 -9.896329553486543
1834 -9.98136038110375
1835 -9.345919413822097
1836 -9.98136038110375
1837 -9.98136038110375
1838 -9.874829854428755
1839 -9.98136038110375
1840 -9.98136038110375
1841 -9.707487906724438
1842 -9.806613533414671
1843 -9.86285198236539
1844 -9.98136038110375
1845 -9.98136038110375
1846 -9.981258907130815
1847 -9.98033729691677
1848 -9.98136038110375
1849 -9.98136038110375
1850 -9.980861009510411
1851 -9.98136038110375
1852 -9.980542230592924
1853 -9.980763035274247
1854 -9.98136038110375
1855 -9.98136038110375
1856 -9.980373777442935
1857 -9.980364324906914
1858 -9.98136038110375
1859 -9.98136038110375
1860 -9.98136038110375
1861 -9.98136038110375
1862 -9.981081024339039
1863 -9.98136038110375
1864 -9.981093085399781
1865 -9.98036502760392
1866 -9.981224176050166
1867 -9.98136038110375
1868 -9.980977709557862
1869 -9.98136038110375
1870 -9.98136038110375
1871 -9.98136038110375
1872 -9.98136038110375
1873 -9.98136038110375
1874 -5.449217313858521
1875 -5.437384659550318
1876 -5.170898101485739
1877 -4.982558797784305
1878 -3.9516258203596095
1879 -3.721997659147162
1880 -3.681729560689343
1881 -3.62292626151756
1882 -3.598802456439931
1883 -3.4233048542223368
1884 -3.0529719506723785
1885 -2.9122919582196976
1886 -2.810320761577926
1887 -2.7262710129999754
1888 -2.551410124061538
1889 -2.4266457379599964
1890 -2.4146093024598967
1891 -2.171547167070945
1892 -1.8124412169297783
1893 -1.7251321745705221
1894 -1.5265257299410906
1895 -1.213683185605406
1896 -0.4366636091076447
1897 -0.38268650671111704
1898 -0.32536572605675906
1899 0.06823652234991939
1900 0.7964704468532657
1901 1.4295934767551253
1902 1.471256882048941
evaluations raw_y
1 1.1986021664784943
2 -5.380815951404993
3 -2.5391228640175982
4 -4.2914344134580285
5 -1.413340117213522
6 -3.3858481686753006
7 -3.099257021060544
8 0.4017660939957614
9 -2.4840915126468746
10 -0.3161402454014349
11 -1.9476846112348316
12 -2.324074261426506
13 -1.1075172164502116
14 -2.29685403220376
15 -0.8040724315675891
16 -1.7383427094172064
17 -2.8687078020066674
18 0.7058320204752532
19 -2.980124103815352
20 -2.7179674583433244
21 -2.4716574960035147
22 -0.22074879143032522
23 -3.8680566068577544
24 -1.7460077394122393
25 0.6160594440102225
26 -5.182615326238112
27 -1.1296652812553916
28 -4.213633059086823
29 -0.763087482996256
30 -1.6683038763382072
31 -6.050047640623001
32 -4.8706714035694425
33 -3.8291646002084887
34 -3.2069052503431608
35 -4.443087648483414
36 -2.4466941370123236
37 -2.275195674763795
38 -2.46783092317149
39 -3.5200017266972443
40 -2.538364971123297
41 -2.8687590495460373
42 -1.350037265914057
43 -2.739340794380173
44 -2.62080923825772
45 -0.9445738470939533
46 -1.2359016456143634
47 -0.719353120792521
48 -0.9771612914876714
49 -1.7521840381977214
50 -2.384973119040704
51 -0.9862408954999842
52 -0.5235817214115346
53 -0.05832986675228258
54 0.0013912488953284896
55 -0.3055755635732109
56 -1.117041227998075
57 0.49905171412504895
58 0.36292997137001926
59 1.1661666248576779
60 -6.050047640623001
61 -5.182615326238112
62 -4.2914344134580285
63 -4.213633059086823
64 -3.8680566068577544
65 -3.3858481686753006
66 -3.099257021060544
67 -2.980124103815352
68 -2.8687078020066674
69 -2.7179674583433244
70 -2.5391228640175982
71 -2.4840915126468746
72 -2.4716574960035147
73 -2.324074261426506
74 -2.29685403220376
75 -1.9476846112348316
76 -1.7460077394122393
77 -1.7383427094172064
78 -1.6683038763382072
79 -1.413340117213522
80 -1.1296652812553916
81 -1.1075172164502116
82 -0.8040724315675891
83 -0.763087482996256
84 -0.3161402454014349
85 -0.22074879143032522
86 0.4017660939957614
87 0.6160594440102225
88 0.7058320204752532
89 1.1986021664784943
90 -5.702701900046789
91 -4.158037863402246
92 -4.660318831122619
93 -3.8453201165313233
94 -2.279512531955737
95 -3.3976124779114785
96 -1.7924331859704092
97 -4.324066399217026
98 -2.463594861960576
99 -2.5341212789415812
100 -0.9997736380510496
101 -1.042054282258968
102 -2.295466680360139
103 -1.9334405787215652
104 -0.8534154977252362
105 -1.5384396591398004
106 -0.7481771112344922
107 -0.683832232871292
108 -1.430569324366234
109 -0.7068767904891329
110 -1.7373928411789703
111 -0.8830781213625782
112 -0.10075190708312676
113 -0.1307130188397797
114 -0.3618171620299495
115 -1.2714761265975394
116 0.5037285711440579
117 -0.08910895610826913
118 1.1384405299904525
119 -7.98091926991213
120 -7.98091926991213
121 -6.795395542299632
122 -7.201361368939641
123 -7.195129504251684
124 -7.98091926991213
125 -8.326858683499855
126 -8.326858683499855
127 -8.326858683499855
128 -8.326858683499855
129 -7.86975891173164
130 -8.326858683499855
131 -9.586816758053548
132 -8.17928880126715
133 -9.586816758053548
134 -9.51297820995528
135 -8.34966031064837
136 -9.586816758053548
137 -9.349638893042197
138 -9.586816758053548
139 -9.511186421221455
140 -9.505274704907055
141 -9.373708510927662
142 -9.586816758053548
143 -9.558034791991918
144 -9.381309038179275
145 -9.586816758053548
146 -9.586816758053548
147 -9.599536779117098
148 -9.599211264279335
149 -9.599536779117098
150 -9.598619653832454
151 -9.599536779117098
152 -9.59947347899287
153 -9.599456037712129
154 -9.598699968943908
155 -9.598696010440614
156 -9.599536779117098
157 -9.600569256130003
158 -9.60147962624323
159 -9.60147962624323
160 -9.601156073956474
161 -9.60147962624323
162 -9.600643456788319
163 -9.600891434585954
164 -9.600801446817513
165 -9.60147962624323
166 -9.60147962624323
167 -9.601353007956128
168 -9.601366971193848
169 -9.601996979595885
170 -9.601065508494418
171 -9.601391291694183
172 -9.601581209567318
173 -9.601996979595885
174 -9.601996979595885
175 -9.601996979595885
176 -9.601996979595885
177 -9.601996979595885
178 -5.182615326238112
179 -4.2914344134580285
180 -4.213633059086823
181 -3.8680566068577544
182 -3.3858481686753006
183 -3.099257021060544
184 -2.980124103815352
185 -2.8687078020066674
186 -2.7179674583433244
187 -2.5391228640175982
188 -2.4840915126468746
189 -2.4716574960035147
190 -2.324074261426506
191 -2.29685403220376
192 -1.9476846112348316
193 -1.7460077394122393
194 -1.7383427094172064
195 -1.6683038763382072
196 -1.413340117213522
197 -1.1296652812553916
198 -1.1075172164502116
199 -0.8040724315675891
200 -0.763087482996256
201 -0.3161402454014349
202 -0.22074879143032522
203 0.4017660939957614
204 0.6160594440102225
205 0.7058320204752532
206 1.1986021664784943
207 -5.59529467811583
208 -4.937572881984547
209 -4.5227725962703484
210 -3.47867315033772
211 -3.3791307813385703
212 -2.928011277559781
213 -2.687146027215369
214 -2.7877117799727613
215 -0.6155232156711812
216 -2.446800512371317
217 -0.9941405000667274
218 -1.8850553788811726
219 -1.4499393188776748
220 -1.9430911845595296
221 -0.9315076937794181
222 -1.8544864289678664
223 -2.178381824696201
224 -2.7513052916076735
225 -1.7663665440383238
226 -0.00670067032453614
227 -1.1599394452467526
228 -1.5975119537375675
229 -1.3102443122904197
230 -0.2725138614082521
231 -0.20322394300351582
232 1.350396365065334
233 0.6430890378443077
234 0.3661224371580735
235 1.1580419116593912
236 -9.056081054372001
237 -9.947903096811633
238 -9.947903096811633
239 -9.947903096811633
240 -9.183756673580268
241 -9.612791728535196
242 -9.947903096811633
243 -9.687598006744441
244 -9.947903096811633
245 -9.947903096811633
246 -9.947903096811633
247 -9.947903096811633
248 -9.98136038110375
249 -9.326893150171372
250 -9.571244431381565
251 -9.929100857914118
252 -9.165276843022227
253 -9.570726743375229
254 -9.38234892376115
255 -9.98136038110375
256 -9.87334513118083
257 -9.98136038110375
258 -9.687817426011954
259 -9.818096524909866
260 -9.922203922226217
261 -9.711903760349518
262 -9.98136038110375
263 -9.98136038110375
264 -9.98136038110375
265 -9.980725689205906
266 -9.98111152600224
267 -9.98136038110375
268 -9.98136038110375
269 -9.98136038110375
270 -9.980980262354034
271 -9.98136038110375
272 -9.981008419090966
273 -9.98136038110375
274 -9.98136038110375
275 -9.98136038110375
276 -9.980561163252148
277 -9.98136038110375
278 -9.98136038110375
279 -9.980653423166453
280 -9.980825777189532
281 -9.980396197240022
282 -9.98074750128819
283 -9.98136038110375
284 -9.98136038110375
285 -9.98136038110375
286 -9.981185406994406
287 -9.980528198491857
288 -9.980345548335452
289 -9.98136038110375
290 -9.980798852201568
291 -9.980827134624008
292 -9.98136038110375
293 -9.98136038110375
294 -9.98136038110375
295 -5.182615326238112
296 -4.2914344134580285
297 -4.213633059086823
298 -3.8680566068577544
299 -3.3858481686753006
300 -3.099257021060544
301 -2.980124103815352
302 -2.8687078020066674
303 -2.7179674583433244
304 -2.5391228640175982
305 -2.4840915126468746
306 -2.4716574960035147
307 -2.324074261426506
308 -2.29685403220376
309 -1.9476846112348316
310 -1.7460077394122393
311 -1.7383427094172064
312 -1.6683038763382072
313 -1.413340117213522
314 -1.1296652812553916
315 -1.1075172164502116
316 -0.8040724315675891
317 -0.763087482996256
318 -0.3161402454014349
319 -0.22074879143032522
320 0.4017660939957614
321 0.6160594440102225
322 0.7058320204752532
323 1.1986021664784943
324 -5.457622324272959
325 -4.117097882822172
326 -4.205385664644834
327 -4.147881262105218
328 -3.7918017645130524
329 -3.547719514067054
330 -1.974029914459948
331 -2.042764426895316
332 -4.833271449655951
333 -2.5758765029891917
334 -3.224893858455312
335 -3.3428622242295036
336 -2.7384847146465243
337 -2.329270832493332
338 -1.752902614477558
339 -1.4348362009010125
340 -0.6838925661718693
341 -1.2050998273541795
342 -1.7699334407857328
343 -0.4509016734923522
344 -0.6066186425797626
345 -1.784157958324222
346 -1.4300911452780407
347 -0.15539069049595372
348 -0.22007703533000167
349 1.0737939332169946
350 0.7393638889032436
351 0.9693627435392663
352 1.204221146249791
353 -9.98136038110375
354 -9.721696499722254
355 -9.98136038110375
356 -9.98136038110375
357 -9.98136038110375
358 -9.98136038110375
359 -9.707517648249059
360 -9.684083376452774
361 -9.98136038110375
362 -9.907761069079271
363 -9.98136038110375
364 -9.98136038110375
365 -9.955636504715006
366 -9.922558486252445
367 -9.98136038110375
368 -9.887175738532806
369 -9.303903515937751
370 -9.98136038110375
371 -9.747377665306335
372 -9.484514990527728
373 -9.98136038110375
374 -9.98136038110375
375 -9.804331314554526
376 -9.98136038110375
377 -9.937201411375671
378 -9.98136038110375
379 -9.884167617433203
380 -8.916512627542012
381 -9.258462379613714
382 -9.980982421538632
383 -9.980615029542733
384 -9.981007414516451
385 -9.98136038110375
386 -9.98136038110375
387 -9.981265843152785
388 -9.98136038110375
389 -9.98136038110375
390 -9.980585022846835
391 -9.980783774833627
392 -9.98136038110375
393 -9.980529264023405
394 -9.98136038110375
395 -9.98136038110375
396 -9.980675531296102
397 -9.980910618033358
398 -9.981156434048813
399 -9.981112228763918
400 -9.98136038110375
401 -9.98125252727259
402 -9.98099631795302
403 -9.98136038110375
404 -9.981209881488468
405 -9.98136038110375
406 -9.980780345055862
407 -9.981152174217222
408 -9.98136038110375
409 -9.98136038110375
410 -9.98136038110375
411 -9.98136038110375
412 -5.182615326238112
413 -4.2914344134580285
414 -4.213633059086823
415 -3.8680566068577544
416 -3.3858481686753006
417 -3.099257021060544
418 -2.980124103815352
419 -2.8687078020066674
420 -2.7179674583433244
421 -2.5391228640175982
422 -2.4840915126468746
423 -2.4716574960035147
424 -2.324074261426506
425 -2.29685403220376
426 -1.9476846112348316
427 -1.7460077394122393
428 -1.7383427094172064
429 -1.6683038763382072
430 -1.413340117213522
431 -1.1296652812553916
432 -1.1075172164502116
433 -0.8040724315675891
434 -0.763087482996256
435 -0.3161402454014349
436 -0.22074879143032522
437 0.4017660939957614
438 0.6160594440102225
439 0.7058320204752532
440 1.1986021664784943
441 -5.218793352288522
442 -4.736875853724904
443 -4.530954509237079
444 -4.408846116937864
445 -4.3734623610871
446 -3.537291190283454
447 -1.8220608185273477
448 -3.0866134821809155
449 -0.4813770121101614
450 -2.4102622917888437
451 -3.1349928345768543
452 -1.589320951295171
453 -2.6697504090478397
454 -2.4014674699413336
455 -3.3271507609667954
456 -1.2454470230330301
457 -2.8570365546033547
458 -0.6427469971861467
459 -1.0812444169668711
460 -0.9749953986989743
461 -0.014076529968960527
462 -1.4652149644523156
463 -0.14194277810603662
464 0.02158401405295185
465 -0.5339533929214204
466 1.1239122142531341
467 0.5822892075662176
468 -0.08374824104126921
469 1.1629557421783017
470 -9.765821194064667
471 -9.342124409953133
472 -9.98136038110375
473 -9.98136038110375
474 -9.98136038110375
475 -9.59345494048235
476 -9.98136038110375
477 -9.96234623138377
478 -9.98136038110375
479 -9.925305042177902
480 -9.98136038110375
481 -9.440115136873878
482 -9.98136038110375
483 -9.90038063068832
484 -9.98136038110375
485 -9.98136038110375
486 -9.98136038110375
487 -9.72599072090198
488 -9.98136038110375
489 -9.98136038110375
490 -9.340147153147711
491 -9.98136038110375
492 -9.595525243868815
493 -9.98136038110375
494 -9.627845082220412
495 -9.98136038110375
496 -9.98136038110375
497 -9.98136038110375
498 -9.98136038110375
499 -9.98136038110375
500 -9.980785941075638
501 -9.980825336993973
502 -9.981261383706515
503 -9.980768747861259
504 -9.980813972881585
505 -9.981163557269738
506 -9.98136038110375
507 -9.98136038110375
508 -9.98136038110375
509 -9.980394904584752
510 -9.98136038110375
511 -9.98136038110375
512 -9.980539567012618
513 -9.980566421070526
514 -9.980405310337341
515 -9.980819541965595
516 -9.98136038110375
517 -9.980591797695338
518 -9.98136038110375
519 -9.98136038110375
520 -9.980809758499385
521 -9.98136038110375
522 -9.981017154158096
523 -9.981105884050388
524 -9.980426576342019
525 -9.98136038110375
526 -9.98035116679018
527 -9.980908939293013
528 -9.98136038110375
529 -5.182615326238112
530 -4.2914344134580285
531 -4.213633059086823
532 -3.8680566068577544
533 -3.3858481686753006
534 -3.099257021060544
535 -2.980124103815352
536 -2.8687078020066674
537 -2.7179674583433244
538 -2.5391228640175982
539 -2.4840915126468746
540 -2.4716574960035147
541 -2.324074261426506
542 -2.29685403220376
543 -1.9476846112348316
544 -1.7460077394122393
545 -1.7383427094172064
546 -1.6683038763382072
547 -1.413340117213522
548 -1.1296652812553916
549 -1.1075172164502116
550 -0.8040724315675891
551 -0.763087482996256
552 -0.3161402454014349
553 -0.22074879143032522
554 0.4017660939957614
555 0.6160594440102225
556 0.7058320204752532
557 1.1986021664784943
558 -4.651855281109538
559 -4.744378279560234
560 -4.520382318151514
561 -4.190792307094388
562 -3.516628415910622
563 -2.3380621043005307
564 -2.2455720527808394
565 -2.83460168165547
566 -2.6210331872764234
567 -2.5489946062148396
568 -2.859139913283996
569 -1.9115187460649903
570 -1.228978304531098
571 -2.1316189469409146
572 -1.4529912340117466
573 -1.4761424308376
574 -1.351846994047623
575 -0.9191331664710126
576 -1.2281524739482215
577 -0.18853630012119627
578 -0.2637914662052111
579 -0.5046472747867736
580 -0.3294114704611326
581 -2.297408233177384
582 -0.20800717903484622
583 -1.4208930195388898
584 0.7668060093034197
585 0.6563197099688777
586 0.8191723250441303
587 -9.766870365400186
588 -9.762958992414164
589 -9.98136038110375
590 -9.862457021550924
591 -9.887203823353687
592 -9.98136038110375
593 -9.722026864570449
594 -9.98136038110375
595 -9.98136038110375
596 -9.661685790975099
597 -9.85556980675101
598 -8.26692599222702
599 -9.98136038110375
600 -9.07996275658818
601 -9.735475062098043
602 -9.779466215467231
603 -9.98136038110375
604 -9.75974501850148
605 -9.98136038110375
606 -9.98136038110375
607 -9.67302311840978
608 -9.330665639050574
609 -9.98136038110375
610 -9.810630160296796
611 -9.97426958452397
612 -9.98136038110375
613 -9.98136038110375
614 -9.637764175510478
615 -9.230837824924603
616 -9.980354347985575
617 -9.981133761853599
618 -9.98136038110375
619 -9.98136038110375
620 -9.98136038110375
621 -9.98136038110375
622 -9.98136038110375
623 -9.981117864881117
624 -9.98136038110375
625 -9.98136038110375
626 -9.98136038110375
627 -9.98136038110375
628 -9.98136038110375
629 -9.98136038110375
630 -9.980407520268479
631 -9.98136038110375
632 -9.981003155861837
633 -9.98136038110375
634 -9.98136038110375
635 -9.980789186806403
636 -9.981113155914574
637 -9.980798313761829
638 -9.98136038110375
639 -9.9808252404885
640 -9.981057098063026
641 -9.980836770262338
642 -9.98132529888527
643 -9.98136038110375
644 -9.98136038110375
645 -9.98136038110375
646 -5.182615326238112
647 -4.2914344134580285
648 -4.213633059086823
649 -3.8680566068577544
650 -3.3858481686753006
651 -3.099257021060544
652 -2.980124103815352
653 -2.8687078020066674
654 -2.7179674583433244
655 -2.5391228640175982
656 -2.4840915126468746
657 -2.4716574960035147
658 -2.324074261426506
659 -2.29685403220376
660 -1.9476846112348316
661 -1.7460077394122393
662 -1.7383427094172064
663 -1.6683038763382072
664 -1.413340117213522
665 -1.1296652812553916
666 -1.1075172164502116
667 -0.8040724315675891
668 -0.763087482996256
669 -0.3161402454014349
670 -0.22074879143032522
671 0.4017660939957614
672 0.6160594440102225
673 0.7058320204752532
674 1.1986021664784943
675 -4.742643363044271
676 -3.559236463967465
677 -4.5981155449012885
678 -4.047408437088924
679 -3.963498527074835
680 -3.7046128144737205
681 -2.929696758558621
682 -2.548027158103235
683 -2.0079219772175856
684 -2.4236206524321133
685 -1.9725704675491684
686 -2.044098977912879
687 -1.7696866677009977
688 -2.035440865030592
689 -1.2836747265967805
690 -1.1308040767101506
691 -2.400281400801339
692 -2.16486689261807
693 -0.9236026913599621
694 -2.454151558293161
695 -0.7892385053799824
696 -1.7378597214476592
697 -1.2909601229188743
698 0.4175162061808577
699 -0.2922532272803686
700 -0.004705687824673732
701 0.5905551612865948
702 0.9668896438524293
703 1.152860791476357
704 -9.98136038110375
705 -8.827470191622837
706 -9.98136038110375
707 -9.682771065354064
708 -8.628998999075444
709 -9.769785683903041
710 -9.98136038110375
711 -9.915230438407509
712 -9.800732762542943
713 -9.98136038110375
714 -9.98136038110375
715 -9.494243306279074
716 -9.98136038110375
717 -9.977357372782713
718 -9.774495905914149
719 -8.81717703273016
720 -9.98136038110375
721 -9.98136038110375
722 -9.77195369228031
723 -9.98136038110375
724 -9.98136038110375
725 -9.98136038110375
726 -9.98136038110375
727 -9.687530563252963
728 -9.750533297117997
729 -9.9176805729968
730 -9.707173298655851
731 -9.98136038110375
732 -9.392861837449782
733 -9.980979792678154
734 -9.980389629426274
735 -9.980346798598571
736 -9.98045575437154
737 -9.98136038110375
738 -9.98136038110375
739 -9.98136038110375
740 -9.98136038110375
741 -9.98136038110375
742 -9.98136038110375
743 -9.98084135997272
744 -9.980361232185784
745 -9.98136038110375
746 -9.98136038110375
747 -9.98103489945983
748 -9.98136038110375
749 -9.980490377096544
750 -9.980449787808809
751 -9.980857870607142
752 -9.98136038110375
753 -9.98136038110375
754 -9.98136038110375
755 -9.980610689788692
756 -9.98136038110375
757 -9.980868451415246
758 -9.98136038110375
759 -9.981336457915479
760 -9.980405883192988
761 -9.98136038110375
762 -9.98136038110375
763 -5.182615326238112
764 -4.2914344134580285
765 -4.213633059086823
766 -3.8680566068577544
767 -3.3858481686753006
768 -3.099257021060544
769 -2.980124103815352
770 -2.8687078020066674
771 -2.7179674583433244
772 -2.5391228640175982
773 -2.4840915126468746
774 -2.4716574960035147
775 -2.324074261426506
776 -2.29685403220376
777 -1.9476846112348316
778 -1.7460077394122393
779 -1.7383427094172064
780 -1.6683038763382072
781 -1.413340117213522
782 -1.1296652812553916
783 -1.1075172164502116
784 -0.8040724315675891
785 -0.763087482996256
786 -0.3161402454014349
787 -0.22074879143032522
788 0.4017660939957614
789 0.6160594440102225
790 0.7058320204752532
791 1.1986021664784943
792 -5.443001963221168
793 -4.870445428706855
794 -4.655808785953099
795 -3.8132385322743074
796 -4.451243318577419
797 -2.351336579174167
798 -2.1814966994199776
799 -4.176764644846322
800 -4.700272018642469
801 -2.5387339689030566
802 -3.783847669505028
803 -0.8741399395804886
804 -3.197168254893918
805 -2.251781267263027
806 -1.9305369280512734
807 -1.6872573268557864
808 -2.0162855533436863
809 -1.6027487340820779
810 -1.4924748241833985
811 -2.399368211979467
812 -1.8686669292645173
813 -0.502440655895128
814 -0.90053819696908
815 0.10359377980200102
816 -0.2527329276225011
817 -1.3054416071365653
818 0.4573784384472871
819 0.8501143701688689
820 1.1851539890339116
821 -9.630240598173723
822 -9.98136038110375
823 -9.98136038110375
824 -9.98136038110375
825 -9.98136038110375
826 -9.98136038110375
827 -8.914240208088312
828 -9.790280132368672
829 -9.98136038110375
830 -9.98136038110375
831 -9.951198508941973
832 -8.472303140848718
833 -9.98136038110375
834 -9.98136038110375
835 -9.98136038110375
836 -9.786162496673443
837 -9.569890702739405
838 -9.848408355122421
839 -9.751035412555806
840 -9.98136038110375
841 -9.786779789479908
842 -9.98136038110375
843 -9.98136038110375
844 -9.958124834448173
845 -9.98136038110375
846 -8.077988217953791
847 -9.98136038110375
848 -9.98136038110375
849 -9.98136038110375
850 -9.980602241930992
851 -9.98136038110375
852 -9.980461327212225
853 -9.98136038110375
854 -9.980536958371108
855 -9.98136038110375
856 -9.980702296943708
857 -9.98136038110375
858 -9.98136038110375
859 -9.98136038110375
860 -9.98136038110375
861 -9.98136038110375
862 -9.981062776780611
863 -9.981031334172194
864 -9.981068558212076
865 -9.98136038110375
866 -9.980983559769967
867 -9.98136038110375
868 -9.98136038110375
869 -9.98136038110375
870 -9.98080607997498
871 -9.98075861412725
872 -9.980693720370892
873 -9.980828912039195
874 -9.98136038110375
875 -9.9806675950344
876 -9.980694491781636
877 -9.98136038110375
878 -9.980483409603252
879 -9.98136038110375
880 -5.182615326238112
881 -4.2914344134580285
882 -4.213633059086823
883 -3.8680566068577544
884 -3.3858481686753006
885 -3.099257021060544
886 -2.980124103815352
887 -2.8687078020066674
888 -2.7179674583433244
889 -2.5391228640175982
890 -2.4840915126468746
891 -2.4716574960035147
892 -2.324074261426506
893 -2.29685403220376
894 -1.9476846112348316
895 -1.7460077394122393
896 -1.7383427094172064
897 -1.6683038763382072
898 -1.413340117213522
899 -1.1296652812553916
900 -1.1075172164502116
901 -0.8040724315675891
902 -0.763087482996256
903 -0.3161402454014349
904 -0.22074879143032522
905 0.4017660939957614
906 0.6160594440102225
907 0.7058320204752532
908 1.1986021664784943
909 -4.547098188380216
910 -4.172195486644018
911 -3.578749065051956
912 -3.314459611764784
913 -4.551362887172431
914 -2.7377735695751673
915 -2.8916366490503385
916 -2.8526825077670903
917 -1.0829706160398436
918 -2.5382669260539834
919 -2.3583792273853375
920 -1.1336876292526465
921 -2.737403495693403
922 -1.8109571427682436
923 -3.4330666445600855
924 -1.9284669984917113
925 -1.108262351591797
926 -1.5981472726263295
927 -1.4069197431193472
928 -0.45831750876894684
929 -1.7590253579318058
930 -0.8401373560583452
931 -1.065170231009133
932 0.3774251602273
933 -0.450788595018058
934 -1.9023324548853244
935 0.6786191032487104
936 -0.13318781322630596
937 1.0874329749489897
938 -9.235099647221853
939 -9.42466584872042
940 -9.98136038110375
941 -9.952234014825223
942 -9.846838315407231
943 -9.98136038110375
944 -9.98136038110375
945 -9.736463325276775
946 -9.98136038110375
947 -9.584802496672847
948 -9.98136038110375
949 -9.98136038110375
950 -9.45310490415035
951 -9.98136038110375
952 -9.98136038110375
953 -9.172283625241615
954 -9.98136038110375
955 -9.932936971214776
956 -9.98136038110375
957 -9.739835737509399
958 -7.533259317647041
959 -9.98136038110375
960 -9.98136038110375
961 -9.791515394266817
962 -9.98136038110375
963 -9.98136038110375
964 -9.55226865822252
965 -9.754464917108484
966 -9.98136038110375
967 -9.98136038110375
968 -9.98136038110375
969 -9.981115451782227
970 -9.98136038110375
971 -9.981039042437075
972 -9.980583094460478
973 -9.98136038110375
974 -9.981281785397366
975 -9.981277968133949
976 -9.980591259509543
977 -9.98136038110375
978 -9.981273350658327
979 -9.98136038110375
980 -9.980516723169377
981 -9.981279641548532
982 -9.98136038110375
983 -9.98133193374901
984 -9.980704089025343
985 -9.980744103774505
986 -9.981269781689681
987 -9.98136038110375
988 -9.98136038110375
989 -9.980835643154613
990 -9.98072621937595
991 -9.98136038110375
992 -9.98136038110375
993 -9.981338261495656
994 -9.980950766897365
995 -9.98136038110375
996 -9.98136038110375
997 -5.182615326238112
998 -4.2914344134580285
999 -4.213633059086823
1000 -3.8680566068577544
1001 -3.3858481686753006
1002 -3.099257021060544
1003 -2.980124103815352
1004 -2.8687078020066674
1005 -2.7179674583433244
1006 -2.5391228640175982
1007 -2.4840915126468746
1008 -2.4716574960035147
1009 -2.324074261426506
1010 -2.29685403220376
1011 -1.9476846112348316
1012 -1.7460077394122393
1013 -1.7383427094172064
1014 -1.6683038763382072
1015 -1.413340117213522
1016 -1.1296652812553916
1017 -1.1075172164502116
1018 -0.8040724315675891
1019 -0.763087482996256
1020 -0.3161402454014349
1021 -0.22074879143032522
1022 0.4017660939957614
1023 0.6160594440102225
1024 0.7058320204752532
1025 1.1986021664784943
1026 -5.764156002184735
1027 -3.9191560215424905
1028 -4.580362343773685
1029 -4.550755162922725
1030 -4.237813673943569
1031 -2.796419545177743
1032 -2.528967369423703
1033 -3.9232158024690214
1034 -4.707273598506591
1035 -2.4302271611939568
1036 -2.715128847872868
1037 -2.404396166819157
1038 -1.8827387763366445
1039 -1.7648431228342356
1040 -1.6193044046801028
1041 -1.5440867079746685
1042 -1.4454473234433203
1043 -1.8357193316436056
1044 -1.4251491591875753
1045 -1.906563543166657
1046 -2.0525518297936993
1047 -0.9288526159235884
1048 -1.418275786459685
1049 -1.683479520164766
1050 -0.23045564326272516
1051 0.16768577351249359
1052 0.7744357172505649
1053 0.9652673184107865
1054 1.180162157599638
1055 -9.98136038110375
1056 -9.547633666068274
1057 -9.98136038110375
1058 -9.98136038110375
1059 -9.683126125680294
1060 -9.460125811488552
1061 -9.98136038110375
1062 -9.320518221942613
1063 -9.94306810659431
1064 -9.98136038110375
1065 -9.98136038110375
1066 -9.961042939073907
1067 -9.98136038110375
1068 -9.607507991531467
1069 -9.98136038110375
1070 -9.98136038110375
1071 -9.98136038110375
1072 -9.895294866269747
1073 -9.901458386815223
1074 -9.673843681958532
1075 -9.598600840941675
1076 -9.332960613810805
1077 -9.614356513167875
1078 -9.834859192345542
1079 -9.98136038110375
1080 -9.954657242928189
1081 -9.663531131619354
1082 -9.98136038110375
1083 -9.872960546265528
1084 -9.98136038110375
1085 -9.980753716359388
1086 -9.98136038110375
1087 -9.981332866398217
1088 -9.98136038110375
1089 -9.98136038110375
1090 -9.981102120824408
1091 -9.98105788231294
1092 -9.98136038110375
1093 -9.98136038110375
1094 -9.98136038110375
1095 -9.980609184280919
1096 -9.98136038110375
1097 -9.98136038110375
1098 -9.98136038110375
1099 -9.98136038110375
1100 -9.98136038110375
1101 -9.980628366618113
1102 -9.98135220312991
1103 -9.980386813822138
1104 -9.98136038110375
1105 -9.98136038110375
1106 -9.981186314316568
1107 -9.980369156087562
1108 -9.981202920364773
1109 -9.98136038110375
1110 -9.980969772406585
1111 -9.980394659403569
1112 -9.98136038110375
1113 -9.98136038110375
1114 -5.182615326238112
1115 -4.2914344134580285
1116 -4.213633059086823
1117 -3.8680566068577544
1118 -3.3858481686753006
1119 -3.099257021060544
1120 -2.980124103815352
1121 -2.8687078020066674
1122 -2.7179674583433244
1123 -2.5391228640175982
1124 -2.4840915126468746
1125 -2.4716574960035147
1126 -2.324074261426506
1127 -2.29685403220376
1128 -1.9476846112348316
1129 -1.7460077394122393
1130 -1.7383427094172064
1131 -1.6683038763382072
1132 -1.413340117213522
1133 -1.1296652812553916
1134 -1.1075172164502116
1135 -0.8040724315675891
1136 -0.763087482996256
1137 -0.3161402454014349
1138 -0.22074879143032522
1139 0.4017660939957614
1140 0.6160594440102225
1141 0.7058320204752532
1142 1.1986021664784943
1143 -4.551133142694113
1144 -4.162157390421131
1145 -4.971737269925894
1146 -3.37814807756484
1147 -3.5203723267373435
1148 -2.1271837252060637
1149 -3.3639560806368305
1150 -3.070084560476941
1151 -1.7036644068800784
1152 -2.4833969103739184
1153 -3.858829721319569
1154 -2.349644692755738
1155 -1.4357741408290354
1156 -2.417977422912406
1157 -0.9685136919609734
1158 -1.8972849022398792
1159 -2.7310219910457194
1160 -1.6387048599296468
1161 -1.694556323810568
1162 -0.9927114326150122
1163 -1.0312111421497496
1164 -0.7436741722686204
1165 -1.0595883280392298
1166 0.32604792249248116
1167 -0.234596817807472
1168 -0.4842073599647565
1169 0.61548670168907
1170 0.8579993465550756
1171 1.1515534620303498
1172 -9.98136038110375
1173 -9.91403716021022
1174 -9.336939990151876
1175 -9.941319735440779
1176 -9.343901347033878
1177 -9.98136038110375
1178 -9.783534340741634
1179 -9.98136038110375
1180 -9.942628736088944
1181 -9.98136038110375
1182 -9.501828851847494
1183 -9.98136038110375
1184 -9.98136038110375
1185 -9.98136038110375
1186 -9.85255748082417
1187 -9.98136038110375
1188 -9.590816035780096
1189 -9.86367967440101
1190 -9.574337568875544
1191 -9.98136038110375
1192 -9.123047468843103
1193 -9.812534971807608
1194 -9.98136038110375
1195 -9.98136038110375
1196 -9.98136038110375
1197 -9.250062898403154
1198 -9.98136038110375
1199 -9.480432512922892
1200 -9.98136038110375
1201 -9.98136038110375
1202 -9.98136038110375
1203 -9.980683094188798
1204 -9.981262575861644
1205 -9.980823153854736
1206 -9.98136038110375
1207 -9.980735158972422
1208 -9.980465898984676
1209 -9.980854031561021
1210 -9.98136038110375
1211 -9.98136038110375
1212 -9.98136038110375
1213 -9.981178106959723
1214 -9.98136038110375
1215 -9.980812635031203
1216 -9.98058098658519
1217 -9.980471001073361
1218 -9.980582901174891
1219 -9.98136038110375
1220 -9.98136038110375
1221 -9.98136038110375
1222 -9.98136038110375
1223 -9.980945551730878
1224 -9.98136038110375
1225 -9.98136038110375
1226 -9.98136038110375
1227 -9.980780411168272
1228 -9.98136038110375
1229 -9.98136038110375
1230 -9.98136038110375
1231 -5.182615326238112
1232 -4.2914344134580285
1233 -4.213633059086823
1234 -3.8680566068577544
1235 -3.3858481686753006
1236 -3.099257021060544
1237 -2.980124103815352
1238 -2.8687078020066674
1239 -2.7179674583433244
1240 -2.5391228640175982
1241 -2.4840915126468746
1242 -2.4716574960035147
1243 -2.324074261426506
1244 -2.29685403220376
1245 -1.9476846112348316
1246 -1.7460077394122393
1247 -1.7383427094172064
1248 -1.6683038763382072
1249 -1.413340117213522
1250 -1.1296652812553916
1251 -1.1075172164502116
1252 -0.8040724315675891
1253 -0.763087482996256
1254 -0.3161402454014349
1255 -0.22074879143032522
1256 0.4017660939957614
1257 0.6160594440102225
1258 0.7058320204752532
1259 1.1986021664784943
1260 -4.796971226302433
1261 -4.244475283639934
1262 -4.898616042879261
1263 -2.9409679972276566
1264 -3.074928120351601
1265 -2.9172051415862006
1266 -3.5716284863491783
1267 -2.967745806932924
1268 -4.8905531740564925
1269 -2.4887517348818187
1270 -2.693066849193019
1271 -2.1894422562445635
1272 -3.2133834762043048
1273 -1.8700678226928156
1274 -1.1434929054280296
1275 -1.756732534472442
1276 -2.140284148350839
1277 -1.8497340968301716
1278 -1.4635730723539813
1279 -2.1432987766787046
1280 -1.460534981447132
1281 -0.9181499405998756
1282 -1.2111128585204445
1283 0.5562848355224983
1284 -0.3190917319191511
1285 0.058844094949006165
1286 0.4054627760354812
1287 0.1942839416658882
1288 1.160266890247391
1289 -9.6211872014015
1290 -8.362168606266208
1291 -9.951984428206966
1292 -9.98136038110375
1293 -9.98136038110375
1294 -9.028938057910743
1295 -9.98136038110375
1296 -9.98136038110375
1297 -9.98136038110375
1298 -9.927130334626792
1299 -8.291304214917242
1300 -9.976645146795764
1301 -9.98136038110375
1302 -9.381779694566255
1303 -9.98136038110375
1304 -9.98136038110375
1305 -9.98136038110375
1306 -9.648651185220775
1307 -9.832408044329565
1308 -9.98136038110375
1309 -9.98136038110375
1310 -9.98136038110375
1311 -9.64572228413948
1312 -9.72970719983517
1313 -9.929504263648028
1314 -9.98136038110375
1315 -8.338065373209892
1316 -9.98136038110375
1317 -9.822072741800259
1318 -9.980783035571104
1319 -9.98136038110375
1320 -9.98136038110375
1321 -9.98046203764508
1322 -9.98136038110375
1323 -9.981075820971821
1324 -9.98136038110375
1325 -9.98136038110375
1326 -9.98136038110375
1327 -9.980821891536248
1328 -9.98136038110375
1329 -9.98136038110375
1330 -9.98136038110375
1331 -9.98136038110375
1332 -9.980362141484282
1333 -9.981185461651158
1334 -9.980436581162735
1335 -9.98136038110375
1336 -9.980573693292516
1337 -9.981168877311404
1338 -9.98076414044117
1339 -9.98136038110375
1340 -9.98136038110375
1341 -9.980822373917702
1342 -9.980368483297774
1343 -9.980927631125347
1344 -9.98136038110375
1345 -9.98136038110375
1346 -9.981344040596113
1347 -9.98136038110375
1348 -5.182615326238112
1349 -4.2914344134580285
1350 -4.213633059086823
1351 -3.8680566068577544
1352 -3.3858481686753006
1353 -3.099257021060544
1354 -2.980124103815352
1355 -2.8687078020066674
1356 -2.7179674583433244
1357 -2.5391228640175982
1358 -2.4840915126468746
1359 -2.4716574960035147
1360 -2.324074261426506
1361 -2.29685403220376
1362 -1.9476846112348316
1363 -1.7460077394122393
1364 -1.7383427094172064
1365 -1.6683038763382072
1366 -1.413340117213522
1367 -1.1296652812553916
1368 -1.1075172164502116
1369 -0.8040724315675891
1370 -0.763087482996256
1371 -0.3161402454014349
1372 -0.22074879143032522
1373 0.4017660939957614
1374 0.6160594440102225
1375 0.7058320204752532
1376 1.1986021664784943
1377 -5.536717514983045
1378 -4.960050720430525
1379 -3.7264655127411435
1380 -2.9513038083011223
1381 -2.766728761621834
1382 -3.771044220276883
1383 -2.678975321879202
1384 -2.5042806526367247
1385 -1.7921447854708163
1386 -2.57669831567675
1387 -2.263386503074372
1388 -2.0580468685241358
1389 -2.868160220493966
1390 -2.078230221464221
1391 -2.826201682698303
1392 -1.7187938647383831
1393 -1.5687026332295675
1394 -0.8578918739940047
1395 -1.787322712379315
1396 -1.4675941897102502
1397 -1.2464420047230607
1398 -1.7290306879309851
1399 -0.13644796812765714
1400 -1.5045914945283958
1401 -0.26756653674717834
1402 -0.8424684207842181
1403 0.5817543976689499
1404 0.7981016292768891
1405 1.1014185631523592
1406 -9.918986302883042
1407 -9.98136038110375
1408 -9.98136038110375
1409 -8.765705029463248
1410 -9.98136038110375
1411 -9.98136038110375
1412 -9.98136038110375
1413 -9.98136038110375
1414 -9.92226283660442
1415 -9.708586170157004
1416 -9.81089710820171
1417 -9.98136038110375
1418 -9.1304828819294
1419 -9.98136038110375
1420 -9.98136038110375
1421 -9.98136038110375
1422 -9.98136038110375
1423 -9.98136038110375
1424 -9.658576793251502
1425 -9.98136038110375
1426 -9.916134159215877
1427 -9.98136038110375
1428 -9.74835510444278
1429 -9.937364705314865
1430 -9.66493636943366
1431 -9.727201116909477
1432 -9.98136038110375
1433 -9.848840038448953
1434 -9.98136038110375
1435 -9.98136038110375
1436 -9.98136038110375
1437 -9.98136038110375
1438 -9.98136038110375
1439 -9.98136038110375
1440 -9.981046330102728
1441 -9.98136038110375
1442 -9.981262410602126
1443 -9.98136038110375
1444 -9.980550393240307
1445 -9.98136038110375
1446 -9.980720057392675
1447 -9.980431459146846
1448 -9.980462626867585
1449 -9.98136038110375
1450 -9.981329800415798
1451 -9.980552380273274
1452 -9.980788664471596
1453 -9.98136038110375
1454 -9.98136038110375
1455 -9.98136038110375
1456 -9.98136038110375
1457 -9.980360757303423
1458 -9.980443892045763
1459 -9.981233608388877
1460 -9.980683495606984
1461 -9.980781835604903
1462 -9.981209873458603
1463 -9.980843514497607
1464 -9.98136038110375
1465 -5.182615326238112
1466 -4.2914344134580285
1467 -4.213633059086823
1468 -3.8680566068577544
1469 -3.3858481686753006
1470 -3.099257021060544
1471 -2.980124103815352
1472 -2.8687078020066674
1473 -2.7179674583433244
1474 -2.5391228640175982
1475 -2.4840915126468746
1476 -2.4716574960035147
1477 -2.324074261426506
1478 -2.29685403220376
1479 -1.9476846112348316
1480 -1.7460077394122393
1481 -1.7383427094172064
1482 -1.6683038763382072
1483 -1.413340117213522
1484 -1.1296652812553916
1485 -1.1075172164502116
1486 -0.8040724315675891
1487 -0.763087482996256
1488 -0.3161402454014349
1489 -0.22074879143032522
1490 0.4017660939957614
1491 0.6160594440102225
1492 0.7058320204752532
1493 1.1986021664784943
1494 -5.781702841518022
1495 -4.703368054636018
1496 -3.9456978678803853
1497 -3.7719156899860877
1498 -3.8992481335252496
1499 -2.748178861717635
1500 -3.3262821020365956
1501 -2.119030008910003
1502 -4.989939518145839
1503 -2.5385739572005153
1504 -2.976912142045867
1505 -3.1990172466894644
1506 -2.089216368251924
1507 -2.72788053475539
1508 -0.8109853937959494
1509 -1.842181541732689
1510 -2.0511453271522475
1511 -2.0229163205537546
1512 -1.5194641888066447
1513 -2.6637283089522756
1514 -1.6750763706290452
1515 -0.7560067133427082
1516 -0.4777141984529939
1517 -1.337768749428264
1518 -0.6093001022308031
1519 0.6601436858199512
1520 0.6505323301403353
1521 0.012883119907910745
1522 1.1715042691334658
1523 -9.910217218912695
1524 -9.271185557340619
1525 -9.969402145052623
1526 -9.98136038110375
1527 -9.746942684584551
1528 -9.63383506120729
1529 -9.868470355256278
1530 -9.931943776482955
1531 -9.98136038110375
1532 -9.98136038110375
1533 -9.98136038110375
1534 -9.74109202429441
1535 -9.890539581332874
1536 -9.69120770899227
1537 -9.945020550017926
1538 -9.98136038110375
1539 -9.837191069899003
1540 -9.98136038110375
1541 -9.98136038110375
1542 -9.98136038110375
1543 -9.502509666607363
1544 -9.98136038110375
1545 -9.98136038110375
1546 -9.98136038110375
1547 -9.98136038110375
1548 -9.789311732198815
1549 -9.877924561321507
1550 -9.98136038110375
1551 -9.90096413686385
1552 -9.98136038110375
1553 -9.9808271292827
1554 -9.98136038110375
1555 -9.980742149042747
1556 -9.98136038110375
1557 -9.98136038110375
1558 -9.98136038110375
1559 -9.981224544127304
1560 -9.980658752963809
1561 -9.980961331232868
1562 -9.9804527915097
1563 -9.98136038110375
1564 -9.980918726256727
1565 -9.98136038110375
1566 -9.980474860687131
1567 -9.980955083707835
1568 -9.98136038110375
1569 -9.980388719165818
1570 -9.980854271721347
1571 -9.98136038110375
1572 -9.980507523656204
1573 -9.98136038110375
1574 -9.98136038110375
1575 -9.980587669807775
1576 -9.98051101309937
1577 -9.980413254336964
1578 -9.98136038110375
1579 -9.98136038110375
1580 -9.980886848306227
1581 -9.98136038110375
1582 -5.182615326238112
1583 -4.2914344134580285
1584 -4.213633059086823
1585 -3.8680566068577544
1586 -3.3858481686753006
1587 -3.099257021060544
1588 -2.980124103815352
1589 -2.8687078020066674
1590 -2.7179674583433244
1591 -2.5391228640175982
1592 -2.4840915126468746
1593 -2.4716574960035147
1594 -2.324074261426506
1595 -2.29685403220376
1596 -1.9476846112348316
1597 -1.7460077394122393
1598 -1.7383427094172064
1599 -1.6683038763382072
1600 -1.413340117213522
1601 -1.1296652812553916
1602 -1.1075172164502116
1603 -0.8040724315675891
1604 -0.763087482996256
1605 -0.3161402454014349
1606 -0.22074879143032522
1607 0.4017660939957614
1608 0.6160594440102225
1609 0.7058320204752532
1610 1.1986021664784943
1611 -5.09043271116577
1612 -4.585713981806631
1613 -3.491295680619496
1614 -3.2049793810335068
1615 -2.5820211621151845
1616 -4.572656521796306
1617 -3.1089778193429867
1618 -4.12015746951504
1619 -4.542343395014406
1620 -2.538130301742436
1621 -2.4765008267643376
1622 -2.4747919208156652
1623 -3.024048547593588
1624 -2.0267558396032914
1625 -1.0825678438439499
1626 -1.3096550209464088
1627 -1.6868513073851754
1628 -0.6771909024517283
1629 -1.019599444374523
1630 -0.707175609610372
1631 -2.1190264819527114
1632 -0.7359495473633881
1633 -1.1032343000454046
1634 0.43773288583957
1635 -0.6004288140644041
1636 0.13445957814929094
1637 0.6117987794592963
1638 0.9185595157639306
1639 1.1974589121983614
1640 -9.98136038110375
1641 -9.98136038110375
1642 -9.98136038110375
1643 -8.898816465500984
1644 -9.98136038110375
1645 -9.605762167324661
1646 -9.637279828974457
1647 -9.98136038110375
1648 -9.98136038110375
1649 -9.76616072135766
1650 -9.711109422183167
1651 -9.98136038110375
1652 -9.813833295231943
1653 -9.841100528845145
1654 -9.98136038110375
1655 -9.98136038110375
1656 -9.98136038110375
1657 -9.98136038110375
1658 -9.78833124153603
1659 -9.98136038110375
1660 -9.775121438619822
1661 -9.98136038110375
1662 -9.95416016445017
1663 -9.98136038110375
1664 -9.523365152638938
1665 -9.98136038110375
1666 -9.98136038110375
1667 -9.98136038110375
1668 -9.70110827421168
1669 -9.981075787082126
1670 -9.98136038110375
1671 -9.980792802798444
1672 -9.981328789903216
1673 -9.98136038110375
1674 -9.98136038110375
1675 -9.98049572552869
1676 -9.980735630310521
1677 -9.98136038110375
1678 -9.981347301181088
1679 -9.98136038110375
1680 -9.98136038110375
1681 -9.980784342386901
1682 -9.98136038110375
1683 -9.98136038110375
1684 -9.98136038110375
1685 -9.98136038110375
1686 -9.98136038110375
1687 -9.980792763035266
1688 -9.980817346016991
1689 -9.981127611703931
1690 -9.98136038110375
1691 -9.98136038110375
1692 -9.98136038110375
1693 -9.980927599737903
1694 -9.980864060796936
1695 -9.98136038110375
1696 -9.98136038110375
1697 -9.980728717367866
1698 -9.98136038110375
1699 -5.182615326238112
1700 -4.2914344134580285
1701 -4.213633059086823
1702 -3.8680566068577544
1703 -3.3858481686753006
1704 -3.099257021060544
1705 -2.980124103815352
1706 -2.8687078020066674
1707 -2.7179674583433244
1708 -2.5391228640175982
1709 -2.4840915126468746
1710 -2.4716574960035147
1711 -2.324074261426506
1712 -2.29685403220376
1713 -1.9476846112348316
1714 -1.7460077394122393
1715 -1.7383427094172064
1716 -1.6683038763382072
1717 -1.413340117213522
1718 -1.1296652812553916
1719 -1.1075172164502116
1720 -0.8040724315675891
1721 -0.763087482996256
1722 -0.3161402454014349
1723 -0.22074879143032522
1724 0.4017660939957614
1725 0.6160594440102225
1726 0.7058320204752532
1727 1.1986021664784943
1728 -4.89583488927546
1729 -4.595738833906916
1730 -4.1644685313275325
1731 -4.837852807276227
1732 -3.0047089797834516
1733 -2.753157153899956
1734 -3.8627354807202186
1735 -3.756924263918915
1736 -4.818027596667729
1737 -2.539870636491835
1738 -3.8050691746329166
1739 -3.010690546185767
1740 -1.036410821591393
1741 -2.4141205713979303
1742 -2.1374484682858066
1743 -1.5105761929413377
1744 -0.8474232170421243
1745 -1.042935105831421
1746 -1.1224397046057402
1747 -0.22459965081334066
1748 -0.5845807263591034
1749 -1.817679795609116
1750 -1.3861453465564757
1751 -0.200529581451665
1752 -0.20736058259272672
1753 0.4038206453570197
1754 0.632907057791594
1755 0.2713260065806265
1756 1.1797765760459877
1757 -9.6098435218054
1758 -9.34656785496367
1759 -9.98136038110375
1760 -9.98136038110375
1761 -9.98136038110375
1762 -9.98136038110375
1763 -9.968303997471766
1764 -9.416432818796574
1765 -9.98136038110375
1766 -9.881083339594323
1767 -9.98136038110375
1768 -9.755765416129732
1769 -9.98136038110375
1770 -9.98136038110375
1771 -9.595496217473112
1772 -9.98136038110375
1773 -9.674649662550484
1774 -9.98136038110375
1775 -9.98136038110375
1776 -9.98136038110375
1777 -9.578376380918332
1778 -9.607517885769143
1779 -9.832853029018564
1780 -9.98136038110375
1781 -9.98136038110375
1782 -9.530980340091695
1783 -9.98136038110375
1784 -9.765737699471128
1785 -9.98136038110375
1786 -9.98136038110375
1787 -9.981150692439055
1788 -9.98080994955224
1789 -9.98136038110375
1790 -9.980990078816635
1791 -9.980862659176179
1792 -9.981032740072886
1793 -9.98136038110375
1794 -9.98087852597051
1795 -9.98136038110375
1796 -9.98136038110375
1797 -9.980564603392844
1798 -9.981170293609859
1799 -9.98136038110375
1800 -9.98136038110375
1801 -9.98136038110375
1802 -9.98136038110375
1803 -9.980782230414572
1804 -9.98048853757837
1805 -9.98136038110375
1806 -9.980742630883677
1807 -9.98136038110375
1808 -9.981234725613072
1809 -9.98136038110375
1810 -9.98061979795607
1811 -9.98043564004771
1812 -9.980629085428976
1813 -9.98136038110375
1814 -9.98136038110375
1815 -9.98136038110375
1816 -5.182615326238112
1817 -4.2914344134580285
1818 -4.213633059086823
1819 -3.8680566068577544
1820 -3.3858481686753006
1821 -3.099257021060544
1822 -2.980124103815352
1823 -2.8687078020066674
1824 -2.7179674583433244
1825 -2.5391228640175982
1826 -2.4840915126468746
1827 -2.4716574960035147
1828 -2.324074261426506
1829 -2.29685403220376
1830 -1.9476846112348316
1831 -1.7460077394122393
1832 -1.7383427094172064
1833 -1.6683038763382072
1834 -1.413340117213522
1835 -1.1296652812553916
1836 -1.1075172164502116
1837 -0.8040724315675891
1838 -0.763087482996256
1839 -0.3161402454014349
1840 -0.22074879143032522
1841 0.4017660939957614
1842 0.6160594440102225
1843 0.7058320204752532
1844 1.1986021664784943
