{
	"version": "0.3.14", 
	"suite": "unknown_suite", 
	"function_id": 60, 
	"function_name": "meta_surface", 
	"maximization": false, 
	"algorithm": {"name": "HybridOptimizer", "info": "algorithm_info"},
	"attributes": ["evaluations", "raw_y"],
	"scenarios": [
		{"dimension": 45,
		"path": "data_f60_meta_surface/IOHprofiler_f60_DIM45.dat",
		"runs": [
			{"instance": 1, "evals": 4520, "best": {"evals": 3529, "y": -0.022998616099357605, "x": [5, 1.7409279988950845, -5, 4.695219766135926, 5, 5, 2.960356819110564, 1.7200867213131268, 4.284784140897585, 5, 5, 3.6009868309567796, 5, 4.845750827645732, 5, -5, 5, 5, 1.5635909215992136, 3.9729387375193204, 0.9310694308135306, 5, -5, 5, 5, 1.7888364703314459, 5, 4.535923637742388, -1.3676092043415142, 4.042848926414292, 5, 5, 2.4088388173569073, 4.977070121211088, 5, 0.8773906470713051, -5, -5, -5, 2.398817377464651, -5, -3.238195768350572, -5, -0.737486837840156, -5]}},
			{"instance": 1, "evals": 4520, "best": {"evals": 3888, "y": -0.048071980476379395, "x": [1.3666619256323593, -5, 5, 3.178267055345991, -2.412550541023526, 5, 1.8560126837844861, 5, -0.46610374149685807, 3.5125211801120595, 5, 2.9397915116631643, 4.904346081588202, 4.573776636305902, 5, 4.1063005311910485, 3.735391872544948, 4.5495041517119805, 5, 3.2507577550061004, 5, 3.6943642466149216, 5, 5, 3.243489340731511, 3.5044577780406065, 0.32421535719289496, 4.240657204117532, 1.4443275876985366, 5, 3.8606398599075993, 3.1184569258314685, 2.451237077906381, 1.8289883852443132, 5, 3.278277216013573, 5, -5, -4.06902100482001, 1.9029478139052902, 4.875372722686846, -4.0203557018099305, -4.996228456435207, -3.080851704629672, -1.6224029400002888]}},
			{"instance": 1, "evals": 4520, "best": {"evals": 1696, "y": -0.03044763207435608, "x": [-1.9882670053830234, -4.433979645311188, 5, 1.4855227344731683, -4.000344660744806, 3.1036178051118384, -1.3692162290812426, 3.367927161891825, 1.7396338615748275, 1.1309213322162681, 5, 4.004878371790932, 1.4208558861423417, 2.4980656656077356, 2.571587876740329, 0.41776116910928796, 3.732997881488508, 2.0946394608152232, 5, 0.8181225656887343, 5, 3.7357963009355926, 5, -1.370080686536502, -5, 5, 1.7728590334143384, 2.321497495726418, 0.4445826497869585, -5, 0.38869293994046084, 0.45062795126520955, 1.761581239683818, 0.8317489004902265, 5, 0.8457728457109676, 3.1062126918576722, 3.819840443127501, -1.1724421519833395, -2.6505968067944488, 2.807576789479011, -2.933166983603934, 3.339091620868243, -3.4674512571224385, 0.027270115971145703]}},
			{"instance": 1, "evals": 4520, "best": {"evals": 4510, "y": -0.05274456739425659, "x": [-5, 0.010435537019606755, 5, -5, 2.275076905259841, 0.5211659808106264, -3.5774335204715606, -1.6160493354792869, 1.6098228126739058, -5, 0.6374744994721042, -5, 1.6709600502321877, -2.0455357871714384, 5, -1.2729448130609153, -5, -5, -3.4717662933880336, -5, -0.13334840437137707, 5, 3.0623459003864624, 3.510605054564241, -4.231955629579819, 3.672060738496165, 5, -3.861426096326043, 2.420432377569441, 1.767579216496268, -0.011650024015943394, 4.595002608935429, 5, 3.452008440300697, -3.190382566786935, 1.4316725410050986, 5, 5, 5, 5, 0.7385006540743797, 5, 4.117821144153214, 5, 5]}},
			{"instance": 1, "evals": 4520, "best": {"evals": 2505, "y": -0.04810537397861481, "x": [-4.673041137469759, 4.655840879295994, 1.7407234533560578, 5, -5, -0.7044954833958379, -1.4584942306714326, 4.525861840764328, -4.254826896380146, -5, 4.403484130486779, 2.201639861918385, 4.6724964238707924, 5, 4.094364247924789, 5, 5, 4.910158435788084, 3.3825321310918053, 5, 5, 5, 2.5450314433928676, 4.556824554981938, 3.445963927482036, 5, 2.899520377414555, 1.3133684735765871, 4.81853894850933, 0.17926516798215975, 4.255829759197636, 4.490035523232028, 5, 5, 5, 5, -1.637659117609104, 3.4012290496016977, -5, 5, -1.2352985538341592, 5, -5, -5, 5]}},
			{"instance": 1, "evals": 4520, "best": {"evals": 3594, "y": -0.05184662342071533, "x": [1.0341962281903492, -1.9262718781063095, -4.449931207119382, 5, 4.621172323992265, 3.446293943291866, 1.4614389642056347, 2.9533619217329194, -1.0177346447013413, -5, 2.547035783921471, 4.994227298450702, 0.8579760076635209, 5, 3.4985321591604257, 3.3544850579395518, 5, 4.0627509783984594, 2.4132880588818075, 2.1175227664458025, 5, -0.38618322571928265, 2.0694668997286287, 3.0885189502636177, 0.6913936824904188, 5, 3.294830097785144, -5, 5, 5, 3.9040110357306546, 3.168033055214748, 5, 1.2604195008127426, 3.890129302749979, -5, -2.0190825465270903, -3.844460380609678, -4.433153059877315, 5, -3.1795937922092383, 3.4283218083268476, 4.751568141739304, -5, -4.6481980623689205]}},
			{"instance": 1, "evals": 4520, "best": {"evals": 3833, "y": -0.052709877490997314, "x": [5, 5, 5, 0.2737027553343827, 2.8844867052639414, -5, -5, -5, -5, 5, 0.08811595372992675, 5, -3.277489936948292, 5, -5, -5, -5, -5, 5, -5, 2.4222898491311855, -5, 3.1605920852315967, 5, 5, -1.041567816236856, -4.861056868853169, 5, 5, -5, 4.8851120442420966, 2.1110189129137025, 3.77811124891931, 5, 0.35283753109056337, 5, 3.549728633114516, 2.223623263135095, 0.3969053463747425, 5, 2.8460807132336825, 5, 5, 5, 5]}},
			{"instance": 1, "evals": 4520, "best": {"evals": 2686, "y": -0.057088106870651245, "x": [2.0271106013236118, 3.1362790218313434, 4.703201057429216, -1.137299268376223, 4.998925632193964, 3.524786552939619, -2.1664432410582455, 1.4264315809870896, -0.10862915895619585, -5, 1.8230860964924815, 5, 3.418139136556431, 2.7097168223389563, -3.243961777984316, -2.86432098663045, -1.856653981228086, 5, 5, 1.3346795714722521, -2.592434570971425, -5, 1.5892429663905032, 5, 4.3657499905564165, 5, 5, -0.5865450960410001, -5, -1.6707898334543803, 5, 5, 3.15601993385178, 3.7589651665488715, -1.5341605102926985, 4.358581386044996, 5, 5, 5, 5, 5, 5, 5, 5, 4.8847298964863715]}},
			{"instance": 1, "evals": 4520, "best": {"evals": 4520, "y": -0.053696706891059875, "x": [5, -0.23873330303195894, -5, -3.2339279604340465, 2.15202043134333, 2.9251554548081704, 3.8763999144527572, -5, 2.782839415708583, -0.5529125501393519, 5, 5, 5, 5, 5, 3.319078670508987, 5, 5, 3.990856899647201, 4.186399850744183, 2.2056014472773198, 5, 2.118685616273865, 4.708012569114407, 5, 5, 5, 5, 5, 5, 3.1385316488409147, 5, 5, 4.548096663896858, 5, 4.428047955837525, -5, -5, -1.367462381480158, -5, 5, -3.0886030369342334, -3.782648728167957, -5, 5]}},
			{"instance": 1, "evals": 4520, "best": {"evals": 3267, "y": -0.05683903396129608, "x": [5, -4.0122452778304725, 5, 5, 0.9362017355698518, 3.9866335976383716, -5, -3.708390822221447, -2.1495009371712945, -5, 0.24089512772324007, -5, 4.1544210000566375, 3.6535835550379296, -5, -5, -3.0429326730089015, 5, -5, -5, -5, 1.3033632690419634, 5, -4.445706699961584, 2.4609506094051787, 4.019653357595581, 3.994520476850754, -1.2052073637911627, 5, 5, 5, -5, 4.420855708934643, 5, -3.5933442057831195, 5, 5, 5, 5, 3.491127165784694, 5, 5, 2.025987284009492, 1.968778266522425, 5]}}
		]}
	]
}
