{
	"version": "0.3.14", 
	"suite": "unknown_suite", 
	"function_id": 5, 
	"function_name": "LinearSlope", 
	"maximization": false, 
	"algorithm": {"name": "DE", "info": "algorithm_info"},
	"attributes": ["evaluations", "raw_y"],
	"scenarios": [
		{"dimension": 23,
		"path": "data_f5_LinearSlope/IOHprofiler_f5_DIM23.dat",
		"runs": [
			{"instance": 0, "evals": 221, "best": {"evals": 171, "y": 288.04936487576305, "x": [-0.19203031315557073, 4.2424682761756705, -1.2467795614022323, 0.986584841970366, 1.1371537372374578, -0.5503622033636033, -4.419163878318005, 3.6617614577493516, 2.6558477100402684, -3.8083725681919343, -3.277665874184547, -0.34623318587903196, -2.0062806774876085, -2.8766088932172384, -3.181750327928994, -3.165954901465662, -1.9575775704046228, 0.7315084925738873, 0.6108518359704709, 0.9477153325832592, 1.118528947223795, -2.99506637757056, 4.578468209156767]}},
			{"instance": 0, "evals": 221, "best": {"evals": 100, "y": 212.21176296865923, "x": [0.328363023419072, 0.2905824895535476, -2.615260350106511, 3.8868403231785704, -2.649687011880814, 3.4147738800948204, -1.3194363619804794, 0.9604359547764716, -1.849260470591922, -4.15612052105013, 4.333294191163473, -4.071716365777853, 2.7218466316750254, -3.2974084787456404, -2.885687420010888, -2.3482925881664443, 1.828646430705744, 4.6544863460062125, 4.158143481907439, 0.02875520065584869, 2.951102825267247, -4.715461566379241, 4.774381842040123]}},
			{"instance": 0, "evals": 221, "best": {"evals": 215, "y": 272.046775128388, "x": [0.5634667582431455, 1.324502509446861, -0.6424349710066399, -1.5202505829428679, -0.7257719763056354, 2.352111299357301, -2.1407955836036807, 1.182094631302499, -3.980661946173915, -2.269766482478779, -0.8874747919512618, -2.288496388227804, 2.9668364607302644, -3.079902234764055, 0.5289377662621682, -2.232199185342253, -2.4310145500795546, -1.7765263295734965, 4.413877960568275, 3.5910736896999804, 2.1203373133418966, -4.2401777678034005, 3.311895822003093]}},
			{"instance": 0, "evals": 221, "best": {"evals": 139, "y": 270.1400742891009, "x": [-1.1333544319799618, 3.802156244855679, 4.8053387128864, 3.4562923623150867, 3.864163878063751, 0.09654416241878216, 1.7767230857167502, -1.0034621508162975, 2.66540536797393, 1.865219609944116, -2.441896931699584, -0.7852776653488198, 3.4690764224939326, 0.890154901463188, -1.3293849514711207, -4.048994698586986, -3.437598538948974, 0.7218289700119263, 1.6848542730677885, 4.384060316092901, 4.877158687446709, -3.0617531910946623, 0.7376930557936392]}},
			{"instance": 0, "evals": 221, "best": {"evals": 219, "y": 292.91269053834867, "x": [0.5584774549117846, 0.8437959580987235, 0.994994908693311, 0.2590807056708755, -1.479259804742957, 3.5500862885992603, -0.2390535524679187, -1.1382382261596309, -1.3972569987613292, -2.7789658658441803, -1.129024237725336, -2.766335202656581, 3.9461723467971916, -1.3474059159303302, -0.11864486514162653, -0.7227448464568074, 1.262567303206703, 2.429607627857384, -3.235557339260634, 4.714391022363895, 3.6645051564829583, -4.919494578357745, 3.377895647279219]}},
			{"instance": 0, "evals": 221, "best": {"evals": 111, "y": 274.0490958072187, "x": [-1.7360875680968535, -3.1767714974358543, -2.435846659115623, -1.317234485884378, -2.387846623413431, 2.513139935777096, -2.6820653249480753, 3.9454098071111776, 0.728409994158596, 3.5049018858256353, 1.4164449709122025, -4.79662172094364, 3.2382757165653255, -0.7644937462417747, -4.123216537053362, -4.718350059832339, -2.6339065740902723, -0.7622044519711104, 1.8727680126926716, -1.7834826169708795, 3.2355801206528554, -4.930536639423996, 3.029051813024851]}},
			{"instance": 0, "evals": 221, "best": {"evals": 217, "y": 250.74269429844549, "x": [-4.700232303539666, -1.1566385183096712, -1.6238632037866498, 4.554212485986197, 1.9571676597547594, 2.109379444927514, -0.22857908255957182, 1.279418640474431, -1.0006876087160967, 1.7437572544084037, 1.239283684325669, 0.008031104309321746, 4.726431078253098, 0.9188071649202616, -3.0301376406567497, -3.687685814575125, -4.2314866226131915, 3.517065619705344, 1.7070330409640686, 0.20560641095459964, 3.611994403848973, -1.8292938195508803, 4.732526815471237]}},
			{"instance": 0, "evals": 221, "best": {"evals": 218, "y": 255.88250153131145, "x": [-2.1433883560811577, 2.4485953214320046, 4.76779051738129, 1.5346949740884872, 2.021810461711172, 0.9939711162878258, -0.7894969203582916, 1.193739286373976, -0.16302604464273873, -3.7807133105375277, 2.088110926753038, -4.615329666571909, -4.1242039809154685, -2.879957908452404, -4.56411085249151, -2.8648860267287577, -4.394732976404888, 0.5045106974019067, 4.4640173491741315, -1.3743399865176413, 1.1915746946662902, -3.447060886132653, 3.37868953017073]}},
			{"instance": 0, "evals": 221, "best": {"evals": 115, "y": 276.0995951292194, "x": [-1.6157598354440506, 3.5122193659446825, 1.7250001518572182, 4.1529480043440365, -0.08815533049753999, 3.003238271536734, -3.4621743702225594, 1.7070931228362962, 3.3302252408600674, 0.26451116090631643, 4.613342263276174, -3.435923740361504, 2.9474400600909267, 1.7150125453058864, 3.929798059283371, -3.7364448198564015, -4.224279895582904, 0.5511678613990263, 3.2159902433687755, 1.5626994972702928, 4.955726987353151, -3.278455756273231, -1.0294576381457676]}},
			{"instance": 0, "evals": 221, "best": {"evals": 215, "y": 265.74870123136697, "x": [-2.3971117557860064, 4.787840656993941, 4.394349352347025, 1.201857359746728, 0.0027149864657669553, 2.1126543694717004, -2.321181090035717, 0.9770828317242997, -0.37230452718358453, -3.610237924888683, 3.2286619964510423, 2.1191803209978692, 2.928667759692183, -1.6498559395016343, -4.809634783101884, 0.34836343397689107, -0.8272235777505461, 4.312023976746156, -0.22628570543496274, 4.374348599210677, -0.8585793752216331, -4.1055184003512135, 3.0168716990858355]}},
			{"instance": 0, "evals": 221, "best": {"evals": 153, "y": 230.31701884866595, "x": [-1.1022306363825116, 1.2993673690869119, 4.153068537588612, 3.686801331323773, 0.6595750512718749, -1.7530839797529258, -2.8967313294290675, 3.002982654665346, 4.649140800432622, -0.8595561312434548, -0.08908763283038734, 0.066507107652793, 1.5238168752283787, -3.360566502025609, -0.4985138719469093, -2.2304550660317837, -3.696969329299573, -0.011622042479615402, 4.6736605790433146, 2.954293316705847, 4.796708469272623, -4.5274131824555806, 0.960916548984041]}},
			{"instance": 0, "evals": 221, "best": {"evals": 158, "y": 253.09022782462614, "x": [-3.146384550372633, 0.19755688345442657, -1.485564336785894, -0.8874510715019632, 2.25901068076631, 3.1721731783129634, -0.376045126303576, 4.187466823327081, 1.3214419237708954, -1.851234217690135, 1.6074539563622103, -0.5574315372232146, 4.4130247261547435, -2.865557522562648, -2.3664458859262014, -2.1867029228767563, -2.4866419486847553, -1.247378071848718, 3.1127193728586526, 2.9114903286206806, 4.686999362862867, 0.8607521182851268, 4.677442571932994]}},
			{"instance": 0, "evals": 221, "best": {"evals": 171, "y": 226.0089339097304, "x": [2.547346487985426, 0.09742954225170963, 1.901264941087769, -0.9390620396056937, 1.7585944670769136, 2.831209381501024, -0.10009921710878356, -4.281116825362754, 2.788332086951856, -2.7413830949222344, -4.217416458990986, -2.444688275354726, 4.361241484803482, 0.9858100334630882, -3.8770083296694158, -4.2379152671660005, -4.421802556466611, 3.788715653293721, 4.9381944780539335, 2.0182542027501094, 0.7744791284321986, -4.728849509281132, 3.451699150006963]}},
			{"instance": 0, "evals": 221, "best": {"evals": 194, "y": 230.91033037075744,