problem_type,function_id,instance_id,dim,n_samples,pc1,pc2,pca_explained_var_ratio_pc1,pca_explained_var_ratio_pc2
BBOB,1,1,5,1000,-2.8038169927284544,4.081605036793376,0.3681760910585835,0.11975365903639158
BBOB,1,2,5,1000,-2.3925346496443853,5.499124041263601,0.3681760910585835,0.11975365903639158
BBOB,1,3,5,1000,-2.0289206378284934,6.090022469007067,0.3681760910585835,0.11975365903639158
BBOB,1,4,5,1000,-2.3826894407043144,6.587850911841963,0.3681760910585835,0.11975365903639158
BBOB,1,5,5,1000,-2.153578794980294,7.112639356198055,0.3681760910585835,0.11975365903639158
BBOB,2,1,5,1000,10.824572559656948,7.712637610494064,0.3681760910585835,0.11975365903639158
BBOB,2,2,5,1000,15.18251280648712,6.5552134899579295,0.3681760910585835,0.11975365903639158
BBOB,2,3,5,1000,7.464334951359942,10.823067757106262,0.3681760910585835,0.11975365903639158
BBOB,2,4,5,1000,6.556794297525922,10.99040935679983,0.3681760910585835,0.11975365903639158
BBOB,2,5,5,1000,15.670457343736228,5.143244804056402,0.3681760910585835,0.11975365903639158
BBOB,3,1,5,1000,2.7850879838775096,9.187376415942657,0.3681760910585835,0.11975365903639158
BBOB,3,2,5,1000,-0.19556780317135938,7.736904988348205,0.3681760910585835,0.11975365903639158
BBOB,3,3,5,1000,-0.7128889842695865,10.31181079028429,0.3681760910585835,0.11975365903639158
BBOB,3,4,5,1000,-0.9920672068142097,6.2702442205226845,0.3681760910585835,0.11975365903639158
BBOB,3,5,5,1000,0.018820895856423887,7.183871555305156,0.3681760910585835,0.11975365903639158
BBOB,4,1,5,1000,5.330826573856219,7.067200311341599,0.3681760910585835,0.11975365903639158
BBOB,4,2,5,1000,2.676729541318835,5.085710731004635,0.3681760910585835,0.11975365903639158
BBOB,4,3,5,1000,1.4343212326679537,6.322152099126254,0.3681760910585835,0.11975365903639158
BBOB,4,4,5,1000,4.082518404989623,4.260788627098853,0.3681760910585835,0.11975365903639158
BBOB,4,5,5,1000,5.438058768550275,3.3966704644659895,0.3681760910585835,0.11975365903639158
BBOB,5,1,5,1000,3.381660895848507,6.317607189585822,0.3681760910585835,0.11975365903639158
BBOB,5,2,5,1000,3.2214465004687836,6.914082754177624,0.3681760910585835,0.11975365903639158
BBOB,5,3,5,1000,3.367529411221114,7.481642127433707,0.3681760910585835,0.11975365903639158
BBOB,5,4,5,1000,2.422592840146591,6.413360135234929,0.3681760910585835,0.11975365903639158
BBOB,5,5,5,1000,3.4719794245644926,6.4883792179288164,0.3681760910585835,0.11975365903639158
BBOB,6,1,5,1000,5.05609012181477,20.32561482758896,0.3681760910585835,0.11975365903639158
BBOB,6,2,5,1000,1.7164452150448781,11.8345594235818,0.3681760910585835,0.11975365903639158
BBOB,6,3,5,1000,2.2982754497625293,8.74808030267698,0.3681760910585835,0.11975365903639158
BBOB,6,4,5,1000,3.6631264115979136,17.48377347871038,0.3681760910585835,0.11975365903639158
BBOB,6,5,5,1000,2.140341361339738,9.346193885450294,0.3681760910585835,0.11975365903639158
BBOB,7,1,5,1000,10.41816801779472,3.5685934988573362,0.3681760910585835,0.11975365903639158
BBOB,7,2,5,1000,1.715411656316963,6.695494097099182,0.3681760910585835,0.11975365903639158
BBOB,7,3,5,1000,3.0789272258346694,9.02815258289989,0.3681760910585835,0.11975365903639158
BBOB,7,4,5,1000,3.915178714601257,4.363967682803113,0.3681760910585835,0.11975365903639158
BBOB,7,5,5,1000,8.272027288123612,6.260596146809366,0.3681760910585835,0.11975365903639158
BBOB,8,1,5,1000,3.462154715160413,5.550110777622919,0.3681760910585835,0.11975365903639158
BBOB,8,2,5,1000,1.3933096321681442,8.532376689751263,0.3681760910585835,0.11975365903639158
BBOB,8,3,5,1000,0.6283596000061985,8.839561479484873,0.3681760910585835,0.11975365903639158
BBOB,8,4,5,1000,0.4782856854416247,8.139376411191824,0.3681760910585835,0.11975365903639158
BBOB,8,5,5,1000,0.24011679961271654,7.197399202720004,0.3681760910585835,0.11975365903639158
BBOB,9,1,5,1000,6.084818117654639,4.531325895920325,0.3681760910585835,0.11975365903639158
BBOB,9,2,5,1000,5.727626462612201,4.9232408050767535,0.3681760910585835,0.11975365903639158
BBOB,9,3,5,1000,5.20461705988041,3.989752077799608,0.3681760910585835,0.11975365903639158
BBOB,9,4,5,1000,5.906359656050269,4.4911125132549685,0.3681760910585835,0.11975365903639158
BBOB,9,5,5,1000,5.145015216714955,4.641388080419964,0.3681760910585835,0.11975365903639158
BBOB,10,1,5,1000,11.803132224772776,8.282880860331044,0.3681760910585835,0.11975365903639158
BBOB,10,2,5,1000,8.211109559426518,8.2962834842601,0.3681760910585835,0.11975365903639158
BBOB,10,3,5,1000,16.686750867776905,4.599632947967233,0.3681760910585835,0.11975365903639158
BBOB,10,4,5,1000,6.6431484147033,11.308073894337495,0.3681760910585835,0.11975365903639158
BBOB,10,5,5,1000,7.30503169341933,9.698062368478121,0.3681760910585835,0.11975365903639158
BBOB,11,1,5,1000,16.55508566269448,10.648601979388838,0.3681760910585835,0.11975365903639158
BBOB,11,2,5,1000,16.869341750381437,9.771497742991222,0.3681760910585835,0.11975365903639158
BBOB,11,3,5,1000,13.832262972029989,14.6876660066829,0.3681760910585835,0.11975365903639158
BBOB,11,4,5,1000,18.28234174481589,5.410723123704238,0.3681760910585835,0.11975365903639158
BBOB,11,5,5,1000,18.57362867211581,5.361104445571076,0.3681760910585835,0.11975365903639158
BBOB,12,1,5,1000,0.9282314274358575,18.332462998791144,0.3681760910585835,0.11975365903639158
BBOB,12,2,5,1000,0.608540147230779,18.21651925357053,0.3681760910585835,0.11975365903639158
BBOB,12,3,5,1000,-0.749368051195038,21.045829063810032,0.3681760910585835,0.11975365903639158
BBOB,12,4,5,1000,-0.15227362325341373,18.992746051263186,0.3681760910585835,0.11975365903639158
BBOB,12,5,5,1000,3.776293077245774,12.625177849318325,0.3681760910585835,0.11975365903639158
BBOB,13,1,5,1000,2.4641521050064235,6.335808283377691,0.3681760910585835,0.11975365903639158
BBOB,13,2,5,1000,0.5738142786899363,8.72148316831239,0.3681760910585835,0.11975365903639158
BBOB,13,3,5,1000,3.776164021788368,22.50336395151225,0.3681760910585835,0.11975365903639158
BBOB,13,4,5,1000,2.045789054676241,6.429513012038786,0.3681760910585835,0.11975365903639158
BBOB,13,5,5,1000,4.399170630566907,4.43292720407438,0.3681760910585835,0.11975365903639158
BBOB,14,1,5,1000,-0.256354489637058,8.617803390946651,0.3681760910585835,0.11975365903639158
BBOB,14,2,5,1000,-0.39314880947865743,7.7814463216979295,0.3681760910585835,0.11975365903639158
BBOB,14,3,5,1000,1.4140582396078245,5.514515785641361,0.3681760910585835,0.11975365903639158
BBOB,14,4,5,1000,4.138010311236077,3.0352008807794233,0.3681760910585835,0.11975365903639158
BBOB,14,5,5,1000,-0.5997023679869068,6.269222844682657,0.3681760910585835,0.11975365903639158
BBOB,15,1,5,1000,-0.6728403221031034,7.660076089414132,0.3681760910585835,0.11975365903639158
BBOB,15,2,5,1000,1.5824621108398953,7.598061296739118,0.3681760910585835,0.11975365903639158
BBOB,15,3,5,1000,1.2350841173258063,4.4715916905015005,0.3681760910585835,0.11975365903639158
BBOB,15,4,5,1000,0.7669092728717265,5.88707100765825,0.3681760910585835,0.11975365903639158
BBOB,15,5,5,1000,3.6600122051893447,4.966745130202596,0.3681760910585835,0.11975365903639158
BBOB,16,1,5,1000,25.843773339922873,-0.06666115995065768,0.3681760910585835,0.11975365903639158
BBOB,16,2,5,1000,26.480762186632035,-1.2732162147502004,0.3681760910585835,0.11975365903639158
BBOB,16,3,5,1000,26.825263076796137,-1.2253545166916455,0.3681760910585835,0.11975365903639158
BBOB,16,4,5,1000,25.263312262126117,-1.8149646875409249,0.3681760910585835,0.11975365903639158
BBOB,16,5,5,1000,25.13043861713651,-1.7905785286525362,0.3681760910585835,0.11975365903639158
BBOB,17,1,5,1000,4.442340390601973,5.083054064280141,0.3681760910585835,0.11975365903639158
BBOB,17,2,5,1000,6.737571681157541,1.4393594794810516,0.3681760910585835,0.11975365903639158
BBOB,17,3,5,1000,6.426642350948081,3.1239187266573034,0.3681760910585835,0.11975365903639158
BBOB,17,4,5,1000,2.4804393879063027,4.748019428745663,0.3681760910585835,0.11975365903639158
BBOB,17,5,5,1000,7.037859022663981,1.2445490557214143,0.3681760910585835,0.11975365903639158
BBOB,18,1,5,1000,5.16528127907062,5.572046752822275,0.3681760910585835,0.11975365903639158
BBOB,18,2,5,1000,9.70089748214748,3.4318614851029596,0.3681760910585835,0.11975365903639158
BBOB,18,3,5,1000,5.442063646676936,3.054590244680923,0.3681760910585835,0.11975365903639158
BBOB,18,4,5,1000,4.624463914684309,4.651941855891766,0.3681760910585835,0.11975365903639158
BBOB,18,5,5,1000,8.05987013109952,2.537646223598457,0.3681760910585835,0.11975365903639158
BBOB,19,1,5,1000,7.978307722404189,1.9204687187652947,0.3681760910585835,0.11975365903639158
BBOB,19,2,5,1000,8.50097525644756,2.8631124922139133,0.3681760910585835,0.11975365903639158
BBOB,19,3,5,1000,6.851086451089559,2.8338183621782016,0.3681760910585835,0.11975365903639158
BBOB,19,4,5,1000,6.904620281387072,3.1619453486943065,0.3681760910585835,0.11975365903639158
BBOB,19,5,5,1000,7.2533302068273136,3.001090437955675,0.3681760910585835,0.11975365903639158
BBOB,20,1,5,1000,2.3173923265975778,6.622339259522869,0.3681760910585835,0.11975365903639158
BBOB,20,2,5,1000,3.5142660146767817,6.487866512458921,0.3681760910585835,0.11975365903639158
BBOB,20,3,5,1000,2.8287272833804455,6.976008206282589,0.3681760910585835,0.11975365903639158
BBOB,20,4,5,1000,3.419606726368256,8.02672095315694,0.3681760910585835,0.11975365903639158
BBOB,20,5,5,1000,2.756967773485038,6.395092505502653,0.3681760910585835,0.11975365903639158
BBOB,21,1,5,1000,19.02712620373926,0.2639811490540898,0.3681760910585835,0.11975365903639158
BBOB,21,2,5,1000,21.04542546999572,-0.6002695317443064,0.3681760910585835,0.11975365903639158
BBOB,21,3,5,1000,22.98422839186416,-0.30889309618705935,0.3681760910585835,0.11975365903639158
BBOB,21,4,5,1000,24.78340967849436,4.976696346339067,0.3681760910585835,0.11975365903639158
BBOB,21,5,5,1000,17.873555191644865,-1.0509620578412953,0.3681760910585835,0.11975365903639158
BBOB,22,1,5,1000,20.31821429026625,1.6686497127618003,0.3681760910585835,0.11975365903639158
BBOB,22,2,5,1000,19.71318487943632,1.3022227417575931,0.3681760910585835,0.11975365903639158
BBOB,22,3,5,1000,20.655672877938834,2.3915974838964056,0.3681760910585835,0.11975365903639158
BBOB,22,4,5,1000,17.52876884238318,1.482925974840965,0.3681760910585835,0.11975365903639158
BBOB,22,5,5,1000,19.51885753523506,2.1383710735207777,0.3681760910585835,0.11975365903639158
BBOB,23,1,5,1000,25.434723831957466,-2.235728193744803,0.3681760910585835,0.11975365903639158
BBOB,23,2,5,1000,25.554800343161354,-1.4260507377057645,0.3681760910585835,0.11975365903639158
BBOB,23,3,5,1000,26.367572240539793,-1.648909251887133,0.3681760910585835,0.11975365903639158
BBOB,23,4,5,1000,24.820090038795627,-2.5000810173245394,0.3681760910585835,0.11975365903639158
BBOB,23,5,5,1000,25.177245069984096,-1.9801226511824603,0.3681760910585835,0.11975365903639158
BBOB,24,1,5,1000,7.121624631108597,2.045971385163027,0.3681760910585835,0.11975365903639158
BBOB,24,2,5,1000,6.031024940639676,3.3721876061189606,0.3681760910585835,0.11975365903639158
BBOB,24,3,5,1000,6.450767094088438,1.5075736249686147,0.3681760910585835,0.11975365903639158
BBOB,24,4,5,1000,6.250668890829625,3.1861599606008038,0.3681760910585835,0.11975365903639158
BBOB,24,5,5,1000,6.030534200795801,2.83076427813285,0.3681760910585835,0.11975365903639158
MA-BBOB,-1,1,5,5000,3.3243714554691914,-5.286915774185574,0.3681760910585835,0.11975365903639158
MA-BBOB,-1,2,5,5000,2.2411845589417867,-1.0616266933836236,0.3681760910585835,0.11975365903639158
MA-BBOB,-1,3,5,5000,-4.099637193506721,-0.8158713101200824,0.3681760910585835,0.11975365903639158
MA-BBOB,-1,4,5,5000,-4.35910449620786,0.46595137470576087,0.3681760910585835,0.11975365903639158
MA-BBOB,-1,5,5,5000,1.5862505541209964,-2.1447774208810717,0.3681760910585835,0.11975365903639158
MA-BBOB,-1,6,5,5000,4.292870263731324,-1.1317345078223202,0.3681760910585835,0.11975365903639158
MA-BBOB,-1,7,5,5000,0.8813118321826837,-0.37961832768583803,0.3681760910585835,0.11975365903639158
MA-BBOB,-1,8,5,5000,1.5458468161094292,-1.4987768651116935,0.3681760910585835,0.11975365903639158
MA-BBOB,-1,9,5,5000,-1.388941968478269,-1.396218045227092,0.3681760910585835,0.11975365903639158
MA-BBOB,-1,10,5,5000,-3.773786002808327,1.3173146390669828,0.3681760910585835,0.11975365903639158
MA-BBOB,-1,11,5,5000,-3.349984322694657,-0.02379979929041475,0.3681760910585835,0.11975365903639158
MA-BBOB,-1,12,5,5000,-4.5799530109683895,1.7086960839854906,0.3681760910585835,0.11975365903639158
MA-BBOB,-1,13,5,5000,-1.4916490124052493,-1.3289722650884954,0.3681760910585835,0.11975365903639158
MA-BBOB,-1,14,5,5000,-1.059998465814377,-0.38708328238256023,0.3681760910585835,0.11975365903639158
MA-BBOB,-1,15,5,5000,-3.052306948363828,2.671296155679597,0.3681760910585835,0.11975365903639158
MA-BBOB,-1,16,5,5000,-1.7054643046323814,-0.36275307518719624,0.3681760910585835,0.11975365903639158
MA-BBOB,-1,17,5,5000,-1.5186228579799037,-1.39780342809656,0.3681760910585835,0.11975365903639158
MA-BBOB,-1,18,5,5000,-4.252955302524735,-0.6033947178464668,0.3681760910585835,0.11975365903639158
MA-BBOB,-1,19,5,5000,-2.043110967801986,-1.7106080306188387,0.3681760910585835,0.11975365903639158
MA-BBOB,-1,20,5,5000,1.9888822866437088,-1.9302635714456873,0.3681760910585835,0.11975365903639158
MA-BBOB,-1,21,5,5000,-1.557277942884995,-0.1758470587317583,0.3681760910585835,0.11975365903639158
MA-BBOB,-1,22,5,5000,-2.9397580773388685,-1.4269163678334718,0.3681760910585835,0.11975365903639158
MA-BBOB,-1,23,5,5000,-0.04535033650524926,-2.5956054729547873,0.3681760910585835,0.11975365903639158
MA-BBOB,-1,24,5,5000,-0.8147213134472496,-1.6688468028571195,0.3681760910585835,0.11975365903639158
MA-BBOB,-1,25,5,5000,-3.651010429562436,1.1891122620396761,0.3681760910585835,0.11975365903639158
MA-BBOB,-1,26,5,5000,3.9932264305056826,-0.09755897174037172,0.3681760910585835,0.11975365903639158
MA-BBOB,-1,27,5,5000,-2.508508628473624,0.46044013662798455,0.3681760910585835,0.11975365903639158
MA-BBOB,-1,28,5,5000,-3.3795845668805384,0.6522049889789016,0.3681760910585835,0.11975365903639158
MA-BBOB,-1,29,5,5000,1.3209518400378613,-0.7695148286437161,0.3681760910585835,0.11975365903639158
MA-BBOB,-1,30,5,5000,-2.7067083577588655,0.18122998534616,0.3681760910585835,0.11975365903639158
MA-BBOB,-1,31,5,5000,-2.5108294794090242,0.9925516704531271,0.3681760910585835,0.11975365903639158
MA-BBOB,-1,32,5,5000,-3.6714434432946415,1.2208098068012685,0.3681760910585835,0.11975365903639158
MA-BBOB,-1,33,5,5000,3.858111369995108,-1.4298287751157315,0.3681760910585835,0.11975365903639158
MA-BBOB,-1,34,5,5000,3.298021902826168,0.0636458169945489,0.3681760910585835,0.11975365903639158
MA-BBOB,-1,35,5,5000,2.8880257940593834,-2.528900011528545,0.3681760910585835,0.11975365903639158
MA-BBOB,-1,36,5,5000,-1.4743760625624807,-0.7605638466351565,0.3681760910585835,0.11975365903639158
MA-BBOB,-1,37,5,5000,3.861405723516733,-3.847796363676128,0.3681760910585835,0.11975365903639158
MA-BBOB,-1,38,5,5000,1.0871100029217504,-0.82896953464459,0.3681760910585835,0.11975365903639158
MA-BBOB,-1,39,5,5000,-4.361475713125582,0.6014313018611028,0.3681760910585835,0.11975365903639158
MA-BBOB,-1,40,5,5000,3.9622898451709325,-0.34337765132609605,0.3681760910585835,0.11975365903639158
MA-BBOB,-1,41,5,5000,-3.814485698626673,0.3496615166625527,0.3681760910585835,0.11975365903639158
MA-BBOB,-1,42,5,5000,-4.907858414017985,0.3362487928867087,0.3681760910585835,0.11975365903639158
MA-BBOB,-1,43,5,5000,-1.1136147240370748,-1.3213079777381174,0.3681760910585835,0.11975365903639158
MA-BBOB,-1,44,5,5000,-4.061172831441065,2.02609282045156,0.3681760910585835,0.11975365903639158
MA-BBOB,-1,45,5,5000,-2.7885877871302784,-0.8514698691900858,0.3681760910585835,0.11975365903639158
MA-BBOB,-1,46,5,5000,-2.645949699331381,-0.2275113457968619,0.3681760910585835,0.11975365903639158
MA-BBOB,-1,47,5,5000,-3.268901123919764,-0.48553500380194187,0.3681760910585835,0.11975365903639158
MA-BBOB,-1,48,5,5000,-0.24934473804124407,0.18249928467835458,0.3681760910585835,0.11975365903639158
MA-BBOB,-1,49,5,5000,-4.647531018586875,0.4393014452713117,0.3681760910585835,0.11975365903639158
MA-BBOB,-1,50,5,5000,-3.0637758192482725,1.1772773019579037,0.3681760910585835,0.11975365903639158
MA-BBOB,-1,51,5,5000,4.264083502312431,0.5320154145055898,0.3681760910585835,0.11975365903639158
MA-BBOB,-1,52,5,5000,0.5850356006809588,-1.7153560142020017,0.3681760910585835,0.11975365903639158
MA-BBOB,-1,53,5,5000,-4.588434678473119,0.7329504362796968,0.3681760910585835,0.11975365903639158
MA-BBOB,-1,54,5,5000,-1.559991689596694,-1.9618607678258013,0.3681760910585835,0.11975365903639158
MA-BBOB,-1,55,5,5000,3.875564056764854,-3.32942770158203,0.3681760910585835,0.11975365903639158
MA-BBOB,-1,56,5,5000,-1.2586577824696228,-0.5519635078417189,0.3681760910585835,0.11975365903639158
MA-BBOB,-1,57,5,5000,-0.6466992754723133,-0.48661791791814724,0.3681760910585835,0.11975365903639158
MA-BBOB,-1,58,5,5000,0.507952799958355,-1.803341769878186,0.3681760910585835,0.11975365903639158
MA-BBOB,-1,59,5,5000,2.221750284187384,-2.0373360631131834,0.3681760910585835,0.11975365903639158
MA-BBOB,-1,60,5,5000,-1.224126858533861,-0.5807733013343368,0.3681760910585835,0.11975365903639158
MA-BBOB,-1,61,5,5000,-3.2010722810107524,-0.00715959114159082,0.3681760910585835,0.11975365903639158
MA-BBOB,-1,62,5,5000,3.995045975452558,-3.983066384583176,0.3681760910585835,0.11975365903639158
MA-BBOB,-1,63,5,5000,1.1496850696436318,-2.3692910444573108,0.3681760910585835,0.11975365903639158
MA-BBOB,-1,64,5,5000,-0.2957076577381925,-1.315136211488413,0.3681760910585835,0.11975365903639158
MA-BBOB,-1,65,5,5000,-4.881812488195691,-0.314336968328128,0.3681760910585835,0.11975365903639158
MA-BBOB,-1,66,5,5000,4.508666540519203,-3.1404783134227983,0.3681760910585835,0.11975365903639158
MA-BBOB,-1,67,5,5000,7.756944011460638,-1.5262138184181577,0.3681760910585835,0.11975365903639158
MA-BBOB,-1,68,5,5000,-2.959152926650215,-0.3097498636117301,0.3681760910585835,0.11975365903639158
MA-BBOB,-1,69,5,5000,-4.883244337553993,0.03403261677479509,0.3681760910585835,0.11975365903639158
MA-BBOB,-1,70,5,5000,-4.171754130887552,-0.3928885006069893,0.3681760910585835,0.11975365903639158
MA-BBOB,-1,71,5,5000,-4.806628115871942,0.6784841361841069,0.3681760910585835,0.11975365903639158
MA-BBOB,-1,72,5,5000,-3.5152031055056834,0.1449631114300941,0.3681760910585835,0.11975365903639158
MA-BBOB,-1,73,5,5000,2.1097609629145384,-1.5378829104681602,0.3681760910585835,0.11975365903639158
MA-BBOB,-1,74,5,5000,0.26324936721332426,-0.8114601097027858,0.3681760910585835,0.11975365903639158
MA-BBOB,-1,75,5,5000,-3.9451844198877333,-0.8666671888570207,0.3681760910585835,0.11975365903639158
MA-BBOB,-1,76,5,5000,-3.1255460930222876,-0.36450029371106923,0.3681760910585835,0.11975365903639158
MA-BBOB,-1,77,5,5000,-1.4555888424157595,-1.533108124629288,0.3681760910585835,0.11975365903639158
MA-BBOB,-1,78,5,5000,-1.2691164440726932,1.0691662430096263,0.3681760910585835,0.11975365903639158
MA-BBOB,-1,79,5,5000,-1.4030801427780024,0.28250595807110024,0.3681760910585835,0.11975365903639158
MA-BBOB,-1,80,5,5000,0.13679351017106853,-0.10106345894308363,0.3681760910585835,0.11975365903639158
MA-BBOB,-1,81,5,5000,-2.589895730468543,-1.6881479698191453,0.3681760910585835,0.11975365903639158
MA-BBOB,-1,82,5,5000,6.377466451263642,-1.8652700288283843,0.3681760910585835,0.11975365903639158
MA-BBOB,-1,83,5,5000,-3.261977905984226,-0.26106143064953036,0.3681760910585835,0.11975365903639158
MA-BBOB,-1,84,5,5000,1.6199219653398733,-2.506641947111707,0.3681760910585835,0.11975365903639158
MA-BBOB,-1,85,5,5000,-1.683760323635025,-2.116551370747318,0.3681760910585835,0.11975365903639158
MA-BBOB,-1,86,5,5000,-4.251832989672112,-0.31945663527803003,0.3681760910585835,0.11975365903639158
MA-BBOB,-1,87,5,5000,-4.1096287689785935,-0.01952045893992171,0.3681760910585835,0.11975365903639158
MA-BBOB,-1,88,5,5000,-1.6485127754534579,1.990626066610992,0.3681760910585835,0.11975365903639158
MA-BBOB,-1,89,5,5000,-3.247663239172247,1.203301683951759,0.3681760910585835,0.11975365903639158
MA-BBOB,-1,90,5,5000,-1.7359732644519397,0.1360175472879834,0.3681760910585835,0.11975365903639158
MA-BBOB,-1,91,5,5000,-2.1633267130198015,-1.5880293491994608,0.3681760910585835,0.11975365903639158
MA-BBOB,-1,92,5,5000,2.6411803980961652,-3.6030120815120807,0.3681760910585835,0.11975365903639158
MA-BBOB,-1,93,5,5000,-4.81092577171235,1.2081830306369288,0.3681760910585835,0.11975365903639158
MA-BBOB,-1,94,5,5000,-1.760316711535413,-1.6529007442111572,0.3681760910585835,0.11975365903639158
MA-BBOB,-1,95,5,5000,-4.755506007386816,0.1796697586105706,0.3681760910585835,0.11975365903639158
MA-BBOB,-1,96,5,5000,4.172624476291695,-3.2271019333868343,0.3681760910585835,0.11975365903639158
MA-BBOB,-1,97,5,5000,4.304319117003309,-3.567383381331383,0.3681760910585835,0.11975365903639158
MA-BBOB,-1,98,5,5000,-4.1319071435665204,1.3795765359638723,0.3681760910585835,0.11975365903639158
MA-BBOB,-1,99,5,5000,0.2752964758355173,-1.850181162999245,0.3681760910585835,0.11975365903639158
MA-BBOB,-1,100,5,5000,-5.296295000470396,0.6286552563773277,0.3681760910585835,0.11975365903639158
MA-BBOB,-1,101,5,5000,3.5111920859319725,-1.3796478780717794,0.3681760910585835,0.11975365903639158
MA-BBOB,-1,102,5,5000,0.2041305653187508,-1.5517922023504036,0.3681760910585835,0.11975365903639158
MA-BBOB,-1,103,5,5000,1.5216604020399924,-0.33707746623831564,0.3681760910585835,0.11975365903639158
MA-BBOB,-1,104,5,5000,-1.3519952019799468,-0.9822108907982535,0.3681760910585835,0.11975365903639158
MA-BBOB,-1,105,5,5000,2.881430423050667,-1.895763625858365,0.3681760910585835,0.11975365903639158
MA-BBOB,-1,106,5,5000,-0.9661831783828662,0.8186572631194308,0.3681760910585835,0.11975365903639158
MA-BBOB,-1,107,5,5000,-1.0426601540361577,1.585976438173445,0.3681760910585835,0.11975365903639158
MA-BBOB,-1,108,5,5000,-3.687941937811919,0.6716006432778661,0.3681760910585835,0.11975365903639158
MA-BBOB,-1,109,5,5000,-2.230979398531122,-1.1309339638640208,0.3681760910585835,0.11975365903639158
MA-BBOB,-1,110,5,5000,-1.4627649700763408,-0.4893841076958631,0.3681760910585835,0.11975365903639158
MA-BBOB,-1,111,5,5000,-3.4526805843553094,0.7236483817958541,0.3681760910585835,0.11975365903639158
MA-BBOB,-1,112,5,5000,-1.3231672863158277,-1.4872526606450707,0.3681760910585835,0.11975365903639158
MA-BBOB,-1,113,5,5000,-0.413623109983816,2.111157985628735,0.3681760910585835,0.11975365903639158
MA-BBOB,-1,114,5,5000,7.36798743454319,-4.387262477939488,0.3681760910585835,0.11975365903639158
MA-BBOB,-1,115,5,5000,-2.634077084888528,-1.233279012821692,0.3681760910585835,0.11975365903639158
MA-BBOB,-1,116,5,5000,-1.884196733500364,0.42273173542185205,0.3681760910585835,0.11975365903639158
MA-BBOB,-1,117,5,5000,-2.5734303569608104,-0.5618343240182908,0.3681760910585835,0.11975365903639158
MA-BBOB,-1,118,5,5000,-0.4462871261946511,2.082406332337255,0.3681760910585835,0.11975365903639158
MA-BBOB,-1,119,5,5000,-4.790338423497811,-0.01570306097780552,0.3681760910585835,0.11975365903639158
MA-BBOB,-1,120,5,5000,0.42647785657188897,-0.9484765910644127,0.3681760910585835,0.11975365903639158
MA-BBOB,-1,121,5,5000,-2.2276886761606773,-0.8052282251124324,0.3681760910585835,0.11975365903639158
MA-BBOB,-1,122,5,5000,-5.150972179489552,-0.6676779573176096,0.3681760910585835,0.11975365903639158
MA-BBOB,-1,123,5,5000,4.844480107991294,-2.5877838542064993,0.3681760910585835,0.11975365903639158
MA-BBOB,-1,124,5,5000,-3.2999554985943584,0.6751285583992285,0.3681760910585835,0.11975365903639158
MA-BBOB,-1,125,5,5000,-5.426086569633073,0.45219102858588306,0.3681760910585835,0.11975365903639158
MA-BBOB,-1,126,5,5000,-1.8189831439507702,-0.9787432223142105,0.3681760910585835,0.11975365903639158
MA-BBOB,-1,127,5,5000,1.5979820875117785,-1.2972139153810218,0.3681760910585835,0.11975365903639158
MA-BBOB,-1,128,5,5000,-3.4261513839262157,0.4075381261741992,0.3681760910585835,0.11975365903639158
MA-BBOB,-1,129,5,5000,-4.232722831624641,0.6108821552636796,0.3681760910585835,0.11975365903639158
MA-BBOB,-1,130,5,5000,-1.6373273945749807,-1.5546995677652091,0.3681760910585835,0.11975365903639158
MA-BBOB,-1,131,5,5000,-2.2639536012344785,-1.3504205528002695,0.3681760910585835,0.11975365903639158
MA-BBOB,-1,132,5,5000,-2.5509721907802114,-0.5084062878863101,0.3681760910585835,0.11975365903639158
MA-BBOB,-1,133,5,5000,1.6744112452569504,-2.1203670391021787,0.3681760910585835,0.11975365903639158
MA-BBOB,-1,134,5,5000,-4.180298201896075,-1.2502409864264408,0.3681760910585835,0.11975365903639158
MA-BBOB,-1,135,5,5000,-4.01674589193557,0.7812479251150246,0.3681760910585835,0.11975365903639158
MA-BBOB,-1,136,5,5000,-0.4789096686070699,-2.131869147403463,0.3681760910585835,0.11975365903639158
MA-BBOB,-1,137,5,5000,-2.5184967469927773,-0.07450362967489572,0.3681760910585835,0.11975365903639158
MA-BBOB,-1,138,5,5000,-2.6951940349236443,-1.1079020770714294,0.3681760910585835,0.11975365903639158
MA-BBOB,-1,139,5,5000,1.8904871268709618,-1.7971509590724786,0.3681760910585835,0.11975365903639158
MA-BBOB,-1,140,5,5000,-4.252775221854571,0.1387137912864336,0.3681760910585835,0.11975365903639158
MA-BBOB,-1,141,5,5000,0.5351872544561941,-2.267290864469583,0.3681760910585835,0.11975365903639158
MA-BBOB,-1,142,5,5000,-2.8535370491327563,-0.7524746879157174,0.3681760910585835,0.11975365903639158
MA-BBOB,-1,143,5,5000,-5.914783455478363,1.53702686445864,0.3681760910585835,0.11975365903639158
MA-BBOB,-1,144,5,5000,-0.5526538606432805,1.9819371537772774,0.3681760910585835,0.11975365903639158
MA-BBOB,-1,145,5,5000,-2.8637608292980405,-0.18962691115899638,0.3681760910585835,0.11975365903639158
MA-BBOB,-1,146,5,5000,-3.4713296783996697,1.3244781376908228,0.3681760910585835,0.11975365903639158
MA-BBOB,-1,147,5,5000,4.996750464318144,-1.1304442547180549,0.3681760910585835,0.11975365903639158
MA-BBOB,-1,148,5,5000,-1.956548982682246,1.5742231065417482,0.3681760910585835,0.11975365903639158
MA-BBOB,-1,149,5,5000,-0.9696016363649473,-2.2722271178581988,0.3681760910585835,0.11975365903639158
MA-BBOB,-1,150,5,5000,-3.6866385898422656,0.28468382057708674,0.3681760910585835,0.11975365903639158
MA-BBOB,-1,151,5,5000,-2.9086050750789063,0.14203905983705295,0.3681760910585835,0.11975365903639158
MA-BBOB,-1,152,5,5000,-4.215043771011611,-0.22438850739086966,0.3681760910585835,0.11975365903639158
MA-BBOB,-1,153,5,5000,-2.8075415088086233,-0.3661522774352167,0.3681760910585835,0.11975365903639158
MA-BBOB,-1,154,5,5000,-2.1092794095994454,-0.753789202845266,0.3681760910585835,0.11975365903639158
MA-BBOB,-1,155,5,5000,-2.885509132204944,-0.13922843767987814,0.3681760910585835,0.11975365903639158
MA-BBOB,-1,156,5,5000,-3.7101475646307573,0.319079306770417,0.3681760910585835,0.11975365903639158
MA-BBOB,-1,157,5,5000,-3.05128646934587,-0.16812082120908445,0.3681760910585835,0.11975365903639158
MA-BBOB,-1,158,5,5000,-2.046927804486802,-0.7701385447094179,0.3681760910585835,0.11975365903639158
MA-BBOB,-1,159,5,5000,0.1611904322088267,-1.458751258929473,0.3681760910585835,0.11975365903639158
MA-BBOB,-1,160,5,5000,-4.609654483918639,0.6868044133011127,0.3681760910585835,0.11975365903639158
MA-BBOB,-1,161,5,5000,4.364736847545627,-1.0755607723958556,0.3681760910585835,0.11975365903639158
MA-BBOB,-1,162,5,5000,7.2290755478359765,-1.774745919840008,0.3681760910585835,0.11975365903639158
MA-BBOB,-1,163,5,5000,2.3913897111721703,1.755575233720221,0.3681760910585835,0.11975365903639158
MA-BBOB,-1,164,5,5000,-2.1797247764167818,0.3598673574747961,0.3681760910585835,0.11975365903639158
MA-BBOB,-1,165,5,5000,-2.2653066029381415,-0.8190397460519745,0.3681760910585835,0.11975365903639158
MA-BBOB,-1,166,5,5000,5.087183951272636,-3.002062242257604,0.3681760910585835,0.11975365903639158
MA-BBOB,-1,167,5,5000,0.9450856275739025,-2.1080470753358744,0.3681760910585835,0.11975365903639158
MA-BBOB,-1,168,5,5000,-1.2095856616580656,-1.3768580793963163,0.3681760910585835,0.11975365903639158
MA-BBOB,-1,169,5,5000,-2.6470583917797605,-1.0927075717900996,0.3681760910585835,0.11975365903639158
MA-BBOB,-1,170,5,5000,6.983621357055411,-1.2001090755844162,0.3681760910585835,0.11975365903639158
MA-BBOB,-1,171,5,5000,-2.0558188156910475,0.5512144338288509,0.3681760910585835,0.11975365903639158
MA-BBOB,-1,172,5,5000,-2.5058136440923495,-1.0015408393404033,0.3681760910585835,0.11975365903639158
MA-BBOB,-1,173,5,5000,5.595360149336515,-3.112737918228861,0.3681760910585835,0.11975365903639158
MA-BBOB,-1,174,5,5000,-3.2274563790682715,0.6608549589214593,0.3681760910585835,0.11975365903639158
MA-BBOB,-1,175,5,5000,-2.0266774715835836,-1.61497508715708,0.3681760910585835,0.11975365903639158
MA-BBOB,-1,176,5,5000,7.676873266715715,-4.128431348629976,0.3681760910585835,0.11975365903639158
MA-BBOB,-1,177,5,5000,4.46416321876161,-3.309003116241494,0.3681760910585835,0.11975365903639158
MA-BBOB,-1,178,5,5000,-4.3513616121857615,0.23027314222284737,0.3681760910585835,0.11975365903639158
MA-BBOB,-1,179,5,5000,-0.8045135995378644,-0.8891594532852937,0.3681760910585835,0.11975365903639158
MA-BBOB,-1,180,5,5000,-1.6709153344132308,-0.8170729906534159,0.3681760910585835,0.11975365903639158
MA-BBOB,-1,181,5,5000,9.154372836685518,-1.8153486418632914,0.3681760910585835,0.11975365903639158
MA-BBOB,-1,182,5,5000,-3.0092980897884805,-0.6723650937809589,0.3681760910585835,0.11975365903639158
MA-BBOB,-1,183,5,5000,-0.0974121083457775,-2.090363464881409,0.3681760910585835,0.11975365903639158
MA-BBOB,-1,184,5,5000,-0.5766577048631741,0.6450694933059555,0.3681760910585835,0.11975365903639158
MA-BBOB,-1,185,5,5000,-1.804968146685738,-0.7776685373534981,0.3681760910585835,0.11975365903639158
MA-BBOB,-1,186,5,5000,-2.714680342888076,-1.196228287116413,0.3681760910585835,0.11975365903639158
MA-BBOB,-1,187,5,5000,-0.4297017054006964,-0.9083987845787072,0.3681760910585835,0.11975365903639158
MA-BBOB,-1,188,5,5000,0.028884057016294127,-1.2474156406989132,0.3681760910585835,0.11975365903639158
MA-BBOB,-1,189,5,5000,0.9150316698777858,-1.660522760109924,0.3681760910585835,0.11975365903639158
MA-BBOB,-1,190,5,5000,0.8054071878078923,-0.9858882991962449,0.3681760910585835,0.11975365903639158
MA-BBOB,-1,191,5,5000,-0.7247089713669188,-1.57639234846253,0.3681760910585835,0.11975365903639158
MA-BBOB,-1,192,5,5000,7.264884072022179,-4.182554192116311,0.3681760910585835,0.11975365903639158
MA-BBOB,-1,193,5,5000,2.4097878314529404,-2.067693973132574,0.3681760910585835,0.11975365903639158
MA-BBOB,-1,194,5,5000,-4.02569188911452,-0.0005970579581967551,0.3681760910585835,0.11975365903639158
MA-BBOB,-1,195,5,5000,-1.277110870682116,0.32147962241292527,0.3681760910585835,0.11975365903639158
MA-BBOB,-1,196,5,5000,-2.4441763546666055,-0.3553883204632196,0.3681760910585835,0.11975365903639158
MA-BBOB,-1,197,5,5000,-5.066808446868195,0.4741261821668233,0.3681760910585835,0.11975365903639158
MA-BBOB,-1,198,5,5000,-0.5634387407081376,0.20809188212362204,0.3681760910585835,0.11975365903639158
MA-BBOB,-1,199,5,5000,-3.7331887343796213,0.03861478719588305,0.3681760910585835,0.11975365903639158
MA-BBOB,-1,200,5,5000,1.1458802496243181,-1.532010986800772,0.3681760910585835,0.11975365903639158
MA-BBOB,-1,201,5,5000,-5.708934463148588,0.35303610481568193,0.3681760910585835,0.11975365903639158
MA-BBOB,-1,202,5,5000,-2.019090193505988,-0.6854086694638073,0.3681760910585835,0.11975365903639158
MA-BBOB,-1,203,5,5000,-2.0178236065678,-1.8027142506921265,0.3681760910585835,0.11975365903639158
MA-BBOB,-1,204,5,5000,8.272109993945806,-3.6563659592388214,0.3681760910585835,0.11975365903639158
MA-BBOB,-1,205,5,5000,-4.872190202776866,-0.9281909254161743,0.3681760910585835,0.11975365903639158
MA-BBOB,-1,206,5,5000,-1.5007562861603625,-1.4753758871119567,0.3681760910585835,0.11975365903639158
MA-BBOB,-1,207,5,5000,6.012634661623273,-4.388861374950243,0.3681760910585835,0.11975365903639158
MA-BBOB,-1,208,5,5000,-3.4876987364026646,1.6213038004700817,0.3681760910585835,0.11975365903639158
MA-BBOB,-1,209,5,5000,-1.790737251124467,-0.9052346068478392,0.3681760910585835,0.11975365903639158
MA-BBOB,-1,210,5,5000,-2.399143988682684,-0.003773993125621814,0.3681760910585835,0.11975365903639158
MA-BBOB,-1,211,5,5000,-4.90573201453084,0.3746899474501582,0.3681760910585835,0.11975365903639158
MA-BBOB,-1,212,5,5000,-2.1938236592213705,1.5246898958879265,0.3681760910585835,0.11975365903639158
MA-BBOB,-1,213,5,5000,-3.1747014376361267,0.6940991680742276,0.3681760910585835,0.11975365903639158
MA-BBOB,-1,214,5,5000,-1.5986532907009687,-0.08846661801217309,0.3681760910585835,0.11975365903639158
MA-BBOB,-1,215,5,5000,-1.530737888982264,0.10423580858243069,0.3681760910585835,0.11975365903639158
MA-BBOB,-1,216,5,5000,-5.3013376219099335,-0.04754545287816834,0.3681760910585835,0.11975365903639158
MA-BBOB,-1,217,5,5000,9.748909657647678,-3.3796324180489408,0.3681760910585835,0.11975365903639158
MA-BBOB,-1,218,5,5000,-2.980490991580704,-1.0977157772168957,0.3681760910585835,0.11975365903639158
MA-BBOB,-1,219,5,5000,-4.8694323977531,1.2711371142127006,0.3681760910585835,0.11975365903639158
MA-BBOB,-1,220,5,5000,14.266231214219035,-5.662337002439346,0.3681760910585835,0.11975365903639158
MA-BBOB,-1,221,5,5000,-3.0712065413965353,0.3151833630058131,0.3681760910585835,0.11975365903639158
MA-BBOB,-1,222,5,5000,-2.463440809105976,-0.9683216810814614,0.3681760910585835,0.11975365903639158
MA-BBOB,-1,223,5,5000,-3.6814624647069287,-0.5040545935914692,0.3681760910585835,0.11975365903639158
MA-BBOB,-1,224,5,5000,-2.07609863681436,-0.4076939784766843,0.3681760910585835,0.11975365903639158
MA-BBOB,-1,225,5,5000,-0.57002358809618,-1.572630474034037,0.3681760910585835,0.11975365903639158
MA-BBOB,-1,226,5,5000,-2.2657439596521445,0.5587141767742113,0.3681760910585835,0.11975365903639158
MA-BBOB,-1,227,5,5000,-1.5015194283512219,-0.025521194603614048,0.3681760910585835,0.11975365903639158
MA-BBOB,-1,228,5,5000,-4.1670069705741435,-0.08267078246639063,0.3681760910585835,0.11975365903639158
MA-BBOB,-1,229,5,5000,-4.046099795794548,0.7553008485921362,0.3681760910585835,0.11975365903639158
MA-BBOB,-1,230,5,5000,0.12599817280069728,-1.9630207072536532,0.3681760910585835,0.11975365903639158
MA-BBOB,-1,231,5,5000,-2.0660463696763776,0.9279706889497484,0.3681760910585835,0.11975365903639158
MA-BBOB,-1,232,5,5000,-1.9083205545975295,-1.6187253910085533,0.3681760910585835,0.11975365903639158
MA-BBOB,-1,233,5,5000,-2.277108230531732,-1.8198542343724513,0.3681760910585835,0.11975365903639158
MA-BBOB,-1,234,5,5000,-3.9756193888796316,0.9209468016185576,0.3681760910585835,0.11975365903639158
MA-BBOB,-1,235,5,5000,-2.58827918767985,0.9656382512896392,0.3681760910585835,0.11975365903639158
MA-BBOB,-1,236,5,5000,-3.7651897405022248,0.3185820652894138,0.3681760910585835,0.11975365903639158
MA-BBOB,-1,237,5,5000,-2.0183352794773475,-0.720733562964497,0.3681760910585835,0.11975365903639158
MA-BBOB,-1,238,5,5000,4.066949362501543,-1.8159445438944337,0.3681760910585835,0.11975365903639158
MA-BBOB,-1,239,5,5000,-4.718421389087532,0.24037559291641997,0.3681760910585835,0.11975365903639158
MA-BBOB,-1,240,5,5000,-0.2861170773265891,-1.5876199256677257,0.3681760910585835,0.11975365903639158
MA-BBOB,-1,241,5,5000,0.0562547323667293,-1.9383444221332538,0.3681760910585835,0.11975365903639158
MA-BBOB,-1,242,5,5000,-0.08205732289569155,-1.0081990545554884,0.3681760910585835,0.11975365903639158
MA-BBOB,-1,243,5,5000,0.42910404325882734,-0.4349985340844174,0.3681760910585835,0.11975365903639158
MA-BBOB,-1,244,5,5000,-4.351902498613728,0.22735988125521797,0.3681760910585835,0.11975365903639158
MA-BBOB,-1,245,5,5000,-0.6744446393671016,0.5905469301253871,0.3681760910585835,0.11975365903639158
MA-BBOB,-1,246,5,5000,-4.237634421783414,2.134543639256061,0.3681760910585835,0.11975365903639158
MA-BBOB,-1,247,5,5000,-1.2873741973364585,0.17734250528237264,0.3681760910585835,0.11975365903639158
MA-BBOB,-1,248,5,5000,-2.839051310297636,2.4797516128691006,0.3681760910585835,0.11975365903639158
MA-BBOB,-1,249,5,5000,0.27660657664269694,-1.1819301258085586,0.3681760910585835,0.11975365903639158
MA-BBOB,-1,250,5,5000,-0.5810360003866214,-0.4231813808796276,0.3681760910585835,0.11975365903639158
MA-BBOB,-1,251,5,5000,1.854023778271173,-2.4781862014479987,0.3681760910585835,0.11975365903639158
MA-BBOB,-1,252,5,5000,4.258299320970075,-3.2784434186022353,0.3681760910585835,0.11975365903639158
MA-BBOB,-1,253,5,5000,-4.374800564679813,0.1560097762293571,0.3681760910585835,0.11975365903639158
MA-BBOB,-1,254,5,5000,-0.9047917055220556,-1.607056205110384,0.3681760910585835,0.11975365903639158
MA-BBOB,-1,255,5,5000,-5.4629934280290895,0.11936969707894622,0.3681760910585835,0.11975365903639158
MA-BBOB,-1,256,5,5000,-3.408381290321881,-1.7348648092562204,0.3681760910585835,0.11975365903639158
MA-BBOB,-1,257,5,5000,5.867865071979961,-0.6113222735140925,0.3681760910585835,0.11975365903639158
MA-BBOB,-1,258,5,5000,0.7753601089808083,-1.343853789643049,0.3681760910585835,0.11975365903639158
MA-BBOB,-1,259,5,5000,-4.14620239769713,2.634143084387295,0.3681760910585835,0.11975365903639158
MA-BBOB,-1,260,5,5000,5.671117443689237,-4.181343223276631,0.3681760910585835,0.11975365903639158
MA-BBOB,-1,261,5,5000,-3.9685163968684263,0.19303397531937586,0.3681760910585835,0.11975365903639158
MA-BBOB,-1,262,5,5000,-2.3571896835238753,-0.3140298420695748,0.3681760910585835,0.11975365903639158
MA-BBOB,-1,263,5,5000,-3.570440026444344,-0.4947612606573764,0.3681760910585835,0.11975365903639158
MA-BBOB,-1,264,5,5000,5.674446240301356,-2.9517877455822594,0.3681760910585835,0.11975365903639158
MA-BBOB,-1,265,5,5000,2.007650665723368,-1.295786640104041,0.3681760910585835,0.11975365903639158
MA-BBOB,-1,266,5,5000,5.56415815192101,-4.032913889384287,0.3681760910585835,0.11975365903639158
MA-BBOB,-1,267,5,5000,0.49648417892445934,-1.2739659163732762,0.3681760910585835,0.11975365903639158
MA-BBOB,-1,268,5,5000,8.885915662322322,-4.126322509567137,0.3681760910585835,0.11975365903639158
MA-BBOB,-1,269,5,5000,-1.4211297280860176,-1.795635488839074,0.3681760910585835,0.11975365903639158
MA-BBOB,-1,270,5,5000,3.6820740607273295,-3.772019603952974,0.3681760910585835,0.11975365903639158
MA-BBOB,-1,271,5,5000,-3.1478373473051517,0.9130927907381536,0.3681760910585835,0.11975365903639158
MA-BBOB,-1,272,5,5000,-2.8980237484023315,-0.365624690236882,0.3681760910585835,0.11975365903639158
MA-BBOB,-1,273,5,5000,-4.3014344508045275,-0.3373097530469192,0.3681760910585835,0.11975365903639158
MA-BBOB,-1,274,5,5000,-1.110572946342033,-0.43436369755083265,0.3681760910585835,0.11975365903639158
MA-BBOB,-1,275,5,5000,3.7985187997943917,-0.06591961016562095,0.3681760910585835,0.11975365903639158
MA-BBOB,-1,276,5,5000,-4.043097078931173,-0.1991505214772774,0.3681760910585835,0.11975365903639158
MA-BBOB,-1,277,5,5000,-4.051687857100915,-0.22362646918582169,0.3681760910585835,0.11975365903639158
MA-BBOB,-1,278,5,5000,0.42708789113847867,-0.7113542384075471,0.3681760910585835,0.11975365903639158
MA-BBOB,-1,279,5,5000,1.8532924638260133,0.6469232537047052,0.3681760910585835,0.11975365903639158
MA-BBOB,-1,280,5,5000,-2.8791989105472218,-1.1812065641236684,0.3681760910585835,0.11975365903639158
MA-BBOB,-1,281,5,5000,-0.007754946449153744,-1.2098220325346247,0.3681760910585835,0.11975365903639158
MA-BBOB,-1,282,5,5000,-3.337438448291737,0.8860810663035641,0.3681760910585835,0.11975365903639158
MA-BBOB,-1,283,5,5000,-3.9927328676950427,-0.4262448145311895,0.3681760910585835,0.11975365903639158
MA-BBOB,-1,284,5,5000,5.888740479712115,-2.5635270530761907,0.3681760910585835,0.11975365903639158
MA-BBOB,-1,285,5,5000,-0.7118962271394297,0.5980863382309484,0.3681760910585835,0.11975365903639158
MA-BBOB,-1,286,5,5000,-0.6822522287817682,-1.931412354045218,0.3681760910585835,0.11975365903639158
MA-BBOB,-1,287,5,5000,-5.020579723897274,0.751033122092881,0.3681760910585835,0.11975365903639158
MA-BBOB,-1,288,5,5000,3.6152097800904226,-2.9329168748361276,0.3681760910585835,0.11975365903639158
MA-BBOB,-1,289,5,5000,1.179867217071955,-3.320516897874428,0.3681760910585835,0.11975365903639158
MA-BBOB,-1,290,5,5000,-0.1841155333485047,-1.0162829459501976,0.3681760910585835,0.11975365903639158
MA-BBOB,-1,291,5,5000,0.3235995683314028,-0.4391410921469473,0.3681760910585835,0.11975365903639158
MA-BBOB,-1,292,5,5000,1.466463889022687,-0.41273271095883735,0.3681760910585835,0.11975365903639158
MA-BBOB,-1,293,5,5000,-1.2521030765782737,-1.7532513883097265,0.3681760910585835,0.11975365903639158
MA-BBOB,-1,294,5,5000,-2.7646727045196617,0.6812751178841239,0.3681760910585835,0.11975365903639158
MA-BBOB,-1,295,5,5000,-0.30182410057469433,-1.9089601542413148,0.3681760910585835,0.11975365903639158
MA-BBOB,-1,296,5,5000,-2.3062254901126,-1.3221337753794475,0.3681760910585835,0.11975365903639158
MA-BBOB,-1,297,5,5000,1.2333984098678414,-0.748102169375297,0.3681760910585835,0.11975365903639158
MA-BBOB,-1,298,5,5000,-0.10587790854446394,-1.203103493187425,0.3681760910585835,0.11975365903639158
MA-BBOB,-1,299,5,5000,-2.2441579622520247,-0.8336677541048073,0.3681760910585835,0.11975365903639158
MA-BBOB,-1,300,5,5000,-0.33271175298281763,-0.6846389831946529,0.3681760910585835,0.11975365903639158
MA-BBOB,-1,301,5,5000,-2.911451122362225,-0.6737013512463929,0.3681760910585835,0.11975365903639158
MA-BBOB,-1,302,5,5000,-0.18852773417259902,-0.3943297527765181,0.3681760910585835,0.11975365903639158
MA-BBOB,-1,303,5,5000,-3.4770915629979444,-1.2098957596810547,0.3681760910585835,0.11975365903639158
MA-BBOB,-1,304,5,5000,-2.5058153504211256,-0.17672066806596812,0.3681760910585835,0.11975365903639158
MA-BBOB,-1,305,5,5000,-3.6448927426676385,-0.6579112084227371,0.3681760910585835,0.11975365903639158
MA-BBOB,-1,306,5,5000,-2.6887302747857946,-1.4234626845575997,0.3681760910585835,0.11975365903639158
MA-BBOB,-1,307,5,5000,-3.120091467917425,2.911595634688141,0.3681760910585835,0.11975365903639158
MA-BBOB,-1,308,5,5000,-3.286254581392646,0.8258023497171078,0.3681760910585835,0.11975365903639158
MA-BBOB,-1,309,5,5000,-0.30329683641201777,-1.9684819780477265,0.3681760910585835,0.11975365903639158
MA-BBOB,-1,310,5,5000,-4.184421236071337,0.265467830070729,0.3681760910585835,0.11975365903639158
MA-BBOB,-1,311,5,5000,-2.6744229143377836,-1.6510426948324035,0.3681760910585835,0.11975365903639158
MA-BBOB,-1,312,5,5000,-4.429225740497178,0.69134917827107,0.3681760910585835,0.11975365903639158
MA-BBOB,-1,313,5,5000,-3.058215857730662,0.5323362584174365,0.3681760910585835,0.11975365903639158
MA-BBOB,-1,314,5,5000,-0.8207529407765104,0.5007259993864469,0.3681760910585835,0.11975365903639158
MA-BBOB,-1,315,5,5000,-3.897688851714212,1.0291272225127743,0.3681760910585835,0.11975365903639158
MA-BBOB,-1,316,5,5000,-2.682534873137194,-1.3251519149106943,0.3681760910585835,0.11975365903639158
MA-BBOB,-1,317,5,5000,6.99374939552539,-2.755808800068656,0.3681760910585835,0.11975365903639158
MA-BBOB,-1,318,5,5000,-3.6626355651656186,-0.6196775451288062,0.3681760910585835,0.11975365903639158
MA-BBOB,-1,319,5,5000,-3.834551738595454,1.7451644993071063,0.3681760910585835,0.11975365903639158
MA-BBOB,-1,320,5,5000,-3.150021309458445,-0.6903567881538518,0.3681760910585835,0.11975365903639158
MA-BBOB,-1,321,5,5000,2.1556760112565945,-1.0795400709930638,0.3681760910585835,0.11975365903639158
MA-BBOB,-1,322,5,5000,-2.9330103212263445,0.49968204637091673,0.3681760910585835,0.11975365903639158
MA-BBOB,-1,323,5,5000,1.8860352045633169,-1.4039814914066648,0.3681760910585835,0.11975365903639158
MA-BBOB,-1,324,5,5000,14.373178629803538,-2.953387617725945,0.3681760910585835,0.11975365903639158
MA-BBOB,-1,325,5,5000,-3.6711301610033216,0.2421874747580393,0.3681760910585835,0.11975365903639158
MA-BBOB,-1,326,5,5000,-4.773962781447898,0.6395659790113548,0.3681760910585835,0.11975365903639158
MA-BBOB,-1,327,5,5000,10.273197006660101,-3.030774963733807,0.3681760910585835,0.11975365903639158
MA-BBOB,-1,328,5,5000,-2.0809340683049125,-0.1753842118017385,0.3681760910585835,0.11975365903639158
MA-BBOB,-1,329,5,5000,-2.9441069579889225,1.2992357209514074,0.3681760910585835,0.11975365903639158
MA-BBOB,-1,330,5,5000,0.8099165332154905,-0.9338821393390018,0.3681760910585835,0.11975365903639158
MA-BBOB,-1,331,5,5000,-0.43453974806059054,-0.9914609774354095,0.3681760910585835,0.11975365903639158
MA-BBOB,-1,332,5,5000,-3.702047035561382,0.053445550383422975,0.3681760910585835,0.11975365903639158
MA-BBOB,-1,333,5,5000,0.5581279662723412,-1.3147942781293507,0.3681760910585835,0.11975365903639158
MA-BBOB,-1,334,5,5000,-3.4067307120729606,-0.05480264081430552,0.3681760910585835,0.11975365903639158
MA-BBOB,-1,335,5,5000,-2.4776133356841052,1.6960029577181823,0.3681760910585835,0.11975365903639158
MA-BBOB,-1,336,5,5000,-1.639142291690213,-0.3368882090718821,0.3681760910585835,0.11975365903639158
MA-BBOB,-1,337,5,5000,-4.474303217806724,-0.237081616206218,0.3681760910585835,0.11975365903639158
MA-BBOB,-1,338,5,5000,1.898136021210036,-1.5465151682554892,0.3681760910585835,0.11975365903639158
MA-BBOB,-1,339,5,5000,-3.5952284887072286,-1.4346004878038203,0.3681760910585835,0.11975365903639158
MA-BBOB,-1,340,5,5000,0.34483857399535267,-1.2659854484821498,0.3681760910585835,0.11975365903639158
MA-BBOB,-1,341,5,5000,-4.574174912803471,1.3033008483098485,0.3681760910585835,0.11975365903639158
MA-BBOB,-1,342,5,5000,-2.2832910509580278,-0.21664651182641328,0.3681760910585835,0.11975365903639158
MA-BBOB,-1,343,5,5000,-1.4100589496239968,-1.9274493971317335,0.3681760910585835,0.11975365903639158
MA-BBOB,-1,344,5,5000,-1.3474994882758486,0.8319718515515969,0.3681760910585835,0.11975365903639158
MA-BBOB,-1,345,5,5000,-1.5332411965489692,-2.8515966428932176,0.3681760910585835,0.11975365903639158
MA-BBOB,-1,346,5,5000,-0.04932777353419309,1.11950113370501,0.3681760910585835,0.11975365903639158
MA-BBOB,-1,347,5,5000,-2.9837742297111554,-1.3490375313429748,0.3681760910585835,0.11975365903639158
MA-BBOB,-1,348,5,5000,2.7611359958688166,-1.639645746939474,0.3681760910585835,0.11975365903639158
MA-BBOB,-1,349,5,5000,5.3311454198553365,-3.452252316449307,0.3681760910585835,0.11975365903639158
MA-BBOB,-1,350,5,5000,1.4639716744557996,-0.5907203008371416,0.3681760910585835,0.11975365903639158
MA-BBOB,-1,351,5,5000,0.11775634859158585,-1.4787898987330912,0.3681760910585835,0.11975365903639158
MA-BBOB,-1,352,5,5000,-1.8972316879956934,-0.2371956351692023,0.3681760910585835,0.11975365903639158
MA-BBOB,-1,353,5,5000,-1.2336528713344943,-1.1533387524193257,0.3681760910585835,0.11975365903639158
MA-BBOB,-1,354,5,5000,3.125466453208572,-0.8769458465328279,0.3681760910585835,0.11975365903639158
MA-BBOB,-1,355,5,5000,-2.632209859775014,-1.693034305211233,0.3681760910585835,0.11975365903639158
MA-BBOB,-1,356,5,5000,-2.074451335876098,-2.1783472587089405,0.3681760910585835,0.11975365903639158
MA-BBOB,-1,357,5,5000,-2.8864077591695114,-0.24650447696833294,0.3681760910585835,0.11975365903639158
MA-BBOB,-1,358,5,5000,-0.41657051623704944,-1.2452886820454394,0.3681760910585835,0.11975365903639158
MA-BBOB,-1,359,5,5000,16.42119121282171,-5.967839490025865,0.3681760910585835,0.11975365903639158
MA-BBOB,-1,360,5,5000,10.424172756276972,-2.9847099974419766,0.3681760910585835,0.11975365903639158
MA-BBOB,-1,361,5,5000,8.868360708889828,-4.742218050759333,0.3681760910585835,0.11975365903639158
MA-BBOB,-1,362,5,5000,-3.272901382155308,0.24553158886856313,0.3681760910585835,0.11975365903639158
MA-BBOB,-1,363,5,5000,-3.4960376797145822,0.6544462290821017,0.3681760910585835,0.11975365903639158
MA-BBOB,-1,364,5,5000,-2.4626234046299538,-1.9669670874356735,0.3681760910585835,0.11975365903639158
MA-BBOB,-1,365,5,5000,-4.410714249634477,1.1769055840937224,0.3681760910585835,0.11975365903639158
MA-BBOB,-1,366,5,5000,-2.186178027710891,-0.40264805799360176,0.3681760910585835,0.11975365903639158
MA-BBOB,-1,367,5,5000,-0.37337012306872897,-1.0213584606658452,0.3681760910585835,0.11975365903639158
MA-BBOB,-1,368,5,5000,-1.747623144729037,0.4586946109645924,0.3681760910585835,0.11975365903639158
MA-BBOB,-1,369,5,5000,-2.5018470684476855,-0.5457102162552794,0.3681760910585835,0.11975365903639158
MA-BBOB,-1,370,5,5000,-3.394132452352631,0.5417648392879827,0.3681760910585835,0.11975365903639158
MA-BBOB,-1,371,5,5000,1.4970354128418342,-1.4821660838033885,0.3681760910585835,0.11975365903639158
MA-BBOB,-1,372,5,5000,-3.997051254249298,-0.7315687890584948,0.3681760910585835,0.11975365903639158
MA-BBOB,-1,373,5,5000,1.7494037549476988,-2.935139729377586,0.3681760910585835,0.11975365903639158
MA-BBOB,-1,374,5,5000,-3.8160413225719836,-0.8925454812071543,0.3681760910585835,0.11975365903639158
MA-BBOB,-1,375,5,5000,-3.785227565915348,1.228013260961413,0.3681760910585835,0.11975365903639158
MA-BBOB,-1,376,5,5000,-1.7909182875898841,-1.4981055976946664,0.3681760910585835,0.11975365903639158
MA-BBOB,-1,377,5,5000,-4.380482248864579,0.9491379227477464,0.3681760910585835,0.11975365903639158
MA-BBOB,-1,378,5,5000,1.057947351150768,-0.9227097229151189,0.3681760910585835,0.11975365903639158
MA-BBOB,-1,379,5,5000,-3.6086053684794077,0.7937787696169848,0.3681760910585835,0.11975365903639158
MA-BBOB,-1,380,5,5000,-0.7797436669421244,-0.9418596507240954,0.3681760910585835,0.11975365903639158
MA-BBOB,-1,381,5,5000,-1.3829390339081313,-0.23668475471035683,0.3681760910585835,0.11975365903639158
MA-BBOB,-1,382,5,5000,-3.5844225686867177,0.8380012484189293,0.3681760910585835,0.11975365903639158
MA-BBOB,-1,383,5,5000,-2.4740408134668614,-1.5175384056429144,0.3681760910585835,0.11975365903639158
MA-BBOB,-1,384,5,5000,0.5014371919654744,-1.8285140699659015,0.3681760910585835,0.11975365903639158
MA-BBOB,-1,385,5,5000,-0.6724954465403825,-0.9916241071980562,0.3681760910585835,0.11975365903639158
MA-BBOB,-1,386,5,5000,-2.373404536762742,0.06832364065268963,0.3681760910585835,0.11975365903639158
MA-BBOB,-1,387,5,5000,0.5602925069997425,0.6497723327433962,0.3681760910585835,0.11975365903639158
MA-BBOB,-1,388,5,5000,6.074448644683076,-3.40108918367968,0.3681760910585835,0.11975365903639158
MA-BBOB,-1,389,5,5000,-3.990617615501202,0.9076072146479297,0.3681760910585835,0.11975365903639158
MA-BBOB,-1,390,5,5000,1.036664157599279,1.158512637990435,0.3681760910585835,0.11975365903639158
MA-BBOB,-1,391,5,5000,-4.109330709875346,0.11779317853977495,0.3681760910585835,0.11975365903639158
MA-BBOB,-1,392,5,5000,-3.28813779070409,0.9789006204692422,0.3681760910585835,0.11975365903639158
MA-BBOB,-1,393,5,5000,-5.0654685575516165,0.40575130506058016,0.3681760910585835,0.11975365903639158
MA-BBOB,-1,394,5,5000,-3.7388713607065376,0.08089569537947942,0.3681760910585835,0.11975365903639158
MA-BBOB,-1,395,5,5000,-3.484626898752797,0.1286549033212196,0.3681760910585835,0.11975365903639158
MA-BBOB,-1,396,5,5000,-2.341902130226177,1.3459555649494666,0.3681760910585835,0.11975365903639158
MA-BBOB,-1,397,5,5000,-3.7614867612720677,0.0695593672553015,0.3681760910585835,0.11975365903639158
MA-BBOB,-1,398,5,5000,-4.330813324661514,0.7419524412202503,0.3681760910585835,0.11975365903639158
MA-BBOB,-1,399,5,5000,-4.021504400896517,-0.3439706285925377,0.3681760910585835,0.11975365903639158
MA-BBOB,-1,400,5,5000,9.83632331412467,-5.0752862516951796,0.3681760910585835,0.11975365903639158
MA-BBOB,-1,401,5,5000,-3.7640906612390244,0.08360754179185573,0.3681760910585835,0.11975365903639158
MA-BBOB,-1,402,5,5000,-2.2518823099447998,-0.6245994115893508,0.3681760910585835,0.11975365903639158
MA-BBOB,-1,403,5,5000,-2.3065434869682195,-0.9124392573041225,0.3681760910585835,0.11975365903639158
MA-BBOB,-1,404,5,5000,3.2577812400157597,1.711313049311071,0.3681760910585835,0.11975365903639158
MA-BBOB,-1,405,5,5000,0.8176879613003987,-1.325484815931068,0.3681760910585835,0.11975365903639158
MA-BBOB,-1,406,5,5000,-3.6029414096912373,0.2403934496714984,0.3681760910585835,0.11975365903639158
MA-BBOB,-1,407,5,5000,1.3944716366795604,-2.891863896189027,0.3681760910585835,0.11975365903639158
MA-BBOB,-1,408,5,5000,-4.684816018569494,0.08384006704561865,0.3681760910585835,0.11975365903639158
MA-BBOB,-1,409,5,5000,-2.8602686140320994,-0.5878996191404033,0.3681760910585835,0.11975365903639158
MA-BBOB,-1,410,5,5000,-2.2847407531756065,0.2718086090362149,0.3681760910585835,0.11975365903639158
MA-BBOB,-1,411,5,5000,-2.7896167249750152,2.1766970123248313,0.3681760910585835,0.11975365903639158
MA-BBOB,-1,412,5,5000,-2.8019972152754375,-0.6456045572626158,0.3681760910585835,0.11975365903639158
MA-BBOB,-1,413,5,5000,4.867621475208991,-1.4471718080706482,0.3681760910585835,0.11975365903639158
MA-BBOB,-1,414,5,5000,0.4547032193053051,-0.3069586860666754,0.3681760910585835,0.11975365903639158
MA-BBOB,-1,415,5,5000,1.5326650254552265,-2.216440045387116,0.3681760910585835,0.11975365903639158
MA-BBOB,-1,416,5,5000,-2.9731799901336804,-0.387797650869391,0.3681760910585835,0.11975365903639158
MA-BBOB,-1,417,5,5000,-0.8434623344003456,-1.9906511047279676,0.3681760910585835,0.11975365903639158
MA-BBOB,-1,418,5,5000,0.9150658715281663,-0.6144744111311474,0.3681760910585835,0.11975365903639158
MA-BBOB,-1,419,5,5000,1.7747468309173826,-2.144061378710423,0.3681760910585835,0.11975365903639158
MA-BBOB,-1,420,5,5000,0.3703956549790516,-0.5075802144118505,0.3681760910585835,0.11975365903639158
MA-BBOB,-1,421,5,5000,11.947857543477783,-3.835289416382451,0.3681760910585835,0.11975365903639158
MA-BBOB,-1,422,5,5000,-3.570640895289103,-0.42173142192688867,0.3681760910585835,0.11975365903639158
MA-BBOB,-1,423,5,5000,-4.031407438027288,0.7283424668575768,0.3681760910585835,0.11975365903639158
MA-BBOB,-1,424,5,5000,-2.2983195289560094,0.997155698396363,0.3681760910585835,0.11975365903639158
MA-BBOB,-1,425,5,5000,-0.8439657024364859,0.07545024158940235,0.3681760910585835,0.11975365903639158
MA-BBOB,-1,426,5,5000,-2.485023321008068,0.9366832233903899,0.3681760910585835,0.11975365903639158
MA-BBOB,-1,427,5,5000,-4.169076691537429,-0.7158068562887155,0.3681760910585835,0.11975365903639158
MA-BBOB,-1,428,5,5000,-4.5883969442264725,0.9521146796534352,0.3681760910585835,0.11975365903639158
MA-BBOB,-1,429,5,5000,-4.377379300281618,0.9212257144917594,0.3681760910585835,0.11975365903639158
MA-BBOB,-1,430,5,5000,9.33037852851243,-2.0365043728123307,0.3681760910585835,0.11975365903639158
MA-BBOB,-1,431,5,5000,-4.153326273266337,-1.3534828417855707,0.3681760910585835,0.11975365903639158
MA-BBOB,-1,432,5,5000,-3.4746839827719325,-0.5797947199652234,0.3681760910585835,0.11975365903639158
MA-BBOB,-1,433,5,5000,-3.7328891334099614,-0.9540454160739653,0.3681760910585835,0.11975365903639158
MA-BBOB,-1,434,5,5000,-3.7583866257240697,1.7040703562917996,0.3681760910585835,0.11975365903639158
MA-BBOB,-1,435,5,5000,-0.9469782218661538,-0.46300941705836146,0.3681760910585835,0.11975365903639158
MA-BBOB,-1,436,5,5000,-1.449517550611729,-0.9336618720021219,0.3681760910585835,0.11975365903639158
MA-BBOB,-1,437,5,5000,-0.07547730066969878,1.4338340655498951,0.3681760910585835,0.11975365903639158
MA-BBOB,-1,438,5,5000,-3.7456371935276778,0.33395138727036766,0.3681760910585835,0.11975365903639158
MA-BBOB,-1,439,5,5000,-3.7279325760142323,-0.5368136782494208,0.3681760910585835,0.11975365903639158
MA-BBOB,-1,440,5,5000,13.29329373773603,-2.5876828128523655,0.3681760910585835,0.11975365903639158
MA-BBOB,-1,441,5,5000,-3.398024594536056,0.2608516895497934,0.3681760910585835,0.11975365903639158
MA-BBOB,-1,442,5,5000,-2.8740147268541034,-0.359555939817227,0.3681760910585835,0.11975365903639158
MA-BBOB,-1,443,5,5000,-3.4414477567397674,0.5210343276184604,0.3681760910585835,0.11975365903639158
MA-BBOB,-1,444,5,5000,2.8754724868758954,-2.348069220494911,0.3681760910585835,0.11975365903639158
MA-BBOB,-1,445,5,5000,5.066623937262361,-1.9436951185169382,0.3681760910585835,0.11975365903639158
MA-BBOB,-1,446,5,5000,0.7485684079424384,-1.575978313278965,0.3681760910585835,0.11975365903639158
MA-BBOB,-1,447,5,5000,-2.262913783267627,-0.3709922506160625,0.3681760910585835,0.11975365903639158
MA-BBOB,-1,448,5,5000,0.31283772518076985,-1.8595626564663752,0.3681760910585835,0.11975365903639158
MA-BBOB,-1,449,5,5000,2.5802817059964727,-2.5215648475788957,0.3681760910585835,0.11975365903639158
MA-BBOB,-1,450,5,5000,-3.6061994509347977,0.5356374755501946,0.3681760910585835,0.11975365903639158
MA-BBOB,-1,451,5,5000,-2.2461980842057403,2.3083770073312357,0.3681760910585835,0.11975365903639158
MA-BBOB,-1,452,5,5000,-4.981967960176599,0.9461048762425942,0.3681760910585835,0.11975365903639158
MA-BBOB,-1,453,5,5000,-0.8985089256156341,-2.0827081500357005,0.3681760910585835,0.11975365903639158
MA-BBOB,-1,454,5,5000,-1.0552032813579948,0.6220961114860425,0.3681760910585835,0.11975365903639158
MA-BBOB,-1,455,5,5000,-5.246498513251442,0.24765677899672872,0.3681760910585835,0.11975365903639158
MA-BBOB,-1,456,5,5000,1.1330472173414388,-1.3926411358991266,0.3681760910585835,0.11975365903639158
MA-BBOB,-1,457,5,5000,-2.296013509931501,-0.23880068457263856,0.3681760910585835,0.11975365903639158
MA-BBOB,-1,458,5,5000,-2.3462658213093297,0.3972619991845849,0.3681760910585835,0.11975365903639158
MA-BBOB,-1,459,5,5000,-4.539765857977122,0.8320357027906596,0.3681760910585835,0.11975365903639158
MA-BBOB,-1,460,5,5000,-3.863853090089016,-0.8440672001079926,0.3681760910585835,0.11975365903639158
MA-BBOB,-1,461,5,5000,10.5303245428747,-1.699728368489787,0.3681760910585835,0.11975365903639158
MA-BBOB,-1,462,5,5000,-4.672531951497138,1.158847896159711,0.3681760910585835,0.11975365903639158
MA-BBOB,-1,463,5,5000,-0.2712439071026119,-0.37804922879070496,0.3681760910585835,0.11975365903639158
MA-BBOB,-1,464,5,5000,1.0870002268409398,-1.7752424532017823,0.3681760910585835,0.11975365903639158
MA-BBOB,-1,465,5,5000,-2.7652867215430414,-0.5564622970126668,0.3681760910585835,0.11975365903639158
MA-BBOB,-1,466,5,5000,7.180969659409885,-2.4384685350105593,0.3681760910585835,0.11975365903639158
MA-BBOB,-1,467,5,5000,-4.490465146778438,1.3964468797734513,0.3681760910585835,0.11975365903639158
MA-BBOB,-1,468,5,5000,3.2375478072589456,-1.5343801341226966,0.3681760910585835,0.11975365903639158
MA-BBOB,-1,469,5,5000,-3.392031337985346,0.03824565846552629,0.3681760910585835,0.11975365903639158
MA-BBOB,-1,470,5,5000,-2.173752548136551,-2.012484283416635,0.3681760910585835,0.11975365903639158
MA-BBOB,-1,471,5,5000,-4.491653851245996,-1.010141856135063,0.3681760910585835,0.11975365903639158
MA-BBOB,-1,472,5,5000,-3.9975851207752493,-0.5548825932561631,0.3681760910585835,0.11975365903639158
MA-BBOB,-1,473,5,5000,-1.9126158382711496,-0.9522324254038886,0.3681760910585835,0.11975365903639158
MA-BBOB,-1,474,5,5000,-1.9464127604385133,-0.027698398585258632,0.3681760910585835,0.11975365903639158
MA-BBOB,-1,475,5,5000,-0.16283857555313266,-0.9774549011681214,0.3681760910585835,0.11975365903639158
MA-BBOB,-1,476,5,5000,10.541842115775335,-5.488506300674802,0.3681760910585835,0.11975365903639158
MA-BBOB,-1,477,5,5000,-4.000293012294272,-0.39545016438967484,0.3681760910585835,0.11975365903639158
MA-BBOB,-1,478,5,5000,-3.8549919591736415,0.7614179743860797,0.3681760910585835,0.11975365903639158
MA-BBOB,-1,479,5,5000,3.228141709029766,-3.3865340776062514,0.3681760910585835,0.11975365903639158
MA-BBOB,-1,480,5,5000,-4.39734786903535,0.24307466060342403,0.3681760910585835,0.11975365903639158
MA-BBOB,-1,481,5,5000,-4.4127783132957035,0.6206548832544858,0.3681760910585835,0.11975365903639158
MA-BBOB,-1,482,5,5000,-0.8094898828798538,-0.7279912303230258,0.3681760910585835,0.11975365903639158
MA-BBOB,-1,483,5,5000,-1.927873097223785,0.7109818987165644,0.3681760910585835,0.11975365903639158
MA-BBOB,-1,484,5,5000,2.047743300671008,-3.123004622834794,0.3681760910585835,0.11975365903639158
MA-BBOB,-1,485,5,5000,-1.7730806529626688,-1.0169441589019785,0.3681760910585835,0.11975365903639158
MA-BBOB,-1,486,5,5000,4.100299002425423,-1.722080587980683,0.3681760910585835,0.11975365903639158
MA-BBOB,-1,487,5,5000,0.529704420255773,-0.5203429051779916,0.3681760910585835,0.11975365903639158
MA-BBOB,-1,488,5,5000,-2.656582955915101,-1.0614777489150662,0.3681760910585835,0.11975365903639158
MA-BBOB,-1,489,5,5000,0.21181468115047403,-0.9835501434509389,0.3681760910585835,0.11975365903639158
MA-BBOB,-1,490,5,5000,-1.1137654877352692,-1.5680104790414682,0.3681760910585835,0.11975365903639158
MA-BBOB,-1,491,5,5000,8.439774088581284,-3.4817917636621436,0.3681760910585835,0.11975365903639158
MA-BBOB,-1,492,5,5000,6.431934407395618,-0.5468403191470098,0.3681760910585835,0.11975365903639158
MA-BBOB,-1,493,5,5000,-3.8608178286179498,-1.6327092898424935,0.3681760910585835,0.11975365903639158
MA-BBOB,-1,494,5,5000,-2.660809307905551,1.8797927230508904,0.3681760910585835,0.11975365903639158
MA-BBOB,-1,495,5,5000,-2.8001181631325993,-0.5277704697962865,0.3681760910585835,0.11975365903639158
MA-BBOB,-1,496,5,5000,-1.6554129255790557,-0.3136632317035072,0.3681760910585835,0.11975365903639158
MA-BBOB,-1,497,5,5000,1.0934655170650032,-1.4372875298374732,0.3681760910585835,0.11975365903639158
MA-BBOB,-1,498,5,5000,1.628806766834301,-2.411933848421491,0.3681760910585835,0.11975365903639158
MA-BBOB,-1,499,5,5000,-0.9976001714545221,-0.27199979623051496,0.3681760910585835,0.11975365903639158
MA-BBOB,-1,500,5,5000,-0.25577395008283366,-1.048890864256227,0.3681760910585835,0.11975365903639158
MA-BBOB,-1,501,5,5000,-0.3493068791625736,-1.1820008155232713,0.3681760910585835,0.11975365903639158
MA-BBOB,-1,502,5,5000,-2.0020462177741165,0.2967921700660594,0.3681760910585835,0.11975365903639158
MA-BBOB,-1,503,5,5000,-1.9393240229887527,0.6828264544085993,0.3681760910585835,0.11975365903639158
MA-BBOB,-1,504,5,5000,-3.166620467669981,-1.1438731804343532,0.3681760910585835,0.11975365903639158
MA-BBOB,-1,505,5,5000,-0.7304986644754534,0.33463420650540726,0.3681760910585835,0.11975365903639158
MA-BBOB,-1,506,5,5000,-4.876564303180098,1.1043884700667825,0.3681760910585835,0.11975365903639158
MA-BBOB,-1,507,5,5000,-4.8944444663359965,-0.13059295937126122,0.3681760910585835,0.11975365903639158
MA-BBOB,-1,508,5,5000,-0.9885902840865983,1.083118693025013,0.3681760910585835,0.11975365903639158
MA-BBOB,-1,509,5,5000,-1.7156118188110452,0.0102980424776571,0.3681760910585835,0.11975365903639158
MA-BBOB,-1,510,5,5000,-1.878725803802174,-0.6446019017933065,0.3681760910585835,0.11975365903639158
MA-BBOB,-1,511,5,5000,-1.6769673331384143,-0.16807999515967859,0.3681760910585835,0.11975365903639158
MA-BBOB,-1,512,5,5000,-3.723182154139685,0.7954913348482479,0.3681760910585835,0.11975365903639158
MA-BBOB,-1,513,5,5000,-2.3898681751936515,0.5081380738886118,0.3681760910585835,0.11975365903639158
MA-BBOB,-1,514,5,5000,-3.6722382282939168,0.4870761776970088,0.3681760910585835,0.11975365903639158
MA-BBOB,-1,515,5,5000,-4.12787228626936,-0.3227551115706757,0.3681760910585835,0.11975365903639158
MA-BBOB,-1,516,5,5000,-1.8937462721912528,-1.6788308484069623,0.3681760910585835,0.11975365903639158
MA-BBOB,-1,517,5,5000,-2.480319807552782,0.09425597689136532,0.3681760910585835,0.11975365903639158
MA-BBOB,-1,518,5,5000,-2.3860450548462384,-0.9509243844409773,0.3681760910585835,0.11975365903639158
MA-BBOB,-1,519,5,5000,9.21172544255058,-3.8265743132992815,0.3681760910585835,0.11975365903639158
MA-BBOB,-1,520,5,5000,4.925694356671755,-1.2892774235458595,0.3681760910585835,0.11975365903639158
MA-BBOB,-1,521,5,5000,-2.645437861972076,-1.5015028861007367,0.3681760910585835,0.11975365903639158
MA-BBOB,-1,522,5,5000,-3.9498333011574482,1.2919445712356434,0.3681760910585835,0.11975365903639158
MA-BBOB,-1,523,5,5000,0.2004062548597074,1.1089088282736477,0.3681760910585835,0.11975365903639158
MA-BBOB,-1,524,5,5000,3.201360823227984e-05,-1.9109165817920009,0.3681760910585835,0.11975365903639158
MA-BBOB,-1,525,5,5000,2.8740397849891135,-2.003785466655517,0.3681760910585835,0.11975365903639158
MA-BBOB,-1,526,5,5000,-4.95985267403011,-1.211701612031055,0.3681760910585835,0.11975365903639158
MA-BBOB,-1,527,5,5000,-3.5482163752613505,0.4935006382515261,0.3681760910585835,0.11975365903639158
MA-BBOB,-1,528,5,5000,5.6422330164646395,0.10973144036712769,0.3681760910585835,0.11975365903639158
MA-BBOB,-1,529,5,5000,5.1744839141828205,-2.913208952674798,0.3681760910585835,0.11975365903639158
MA-BBOB,-1,530,5,5000,0.06196828120584318,1.970619958021237,0.3681760910585835,0.11975365903639158
MA-BBOB,-1,531,5,5000,3.580773785534284,-0.21459034971903188,0.3681760910585835,0.11975365903639158
MA-BBOB,-1,532,5,5000,-1.6154046665451043,0.105469913537697,0.3681760910585835,0.11975365903639158
MA-BBOB,-1,533,5,5000,-2.771093736033249,-0.44964964523592066,0.3681760910585835,0.11975365903639158
MA-BBOB,-1,534,5,5000,-1.8742472026469237,-1.503400171109689,0.3681760910585835,0.11975365903639158
MA-BBOB,-1,535,5,5000,-2.7196083019528103,0.24399138583377508,0.3681760910585835,0.11975365903639158
MA-BBOB,-1,536,5,5000,2.1914370592606995,-2.758588896162193,0.3681760910585835,0.11975365903639158
MA-BBOB,-1,537,5,5000,-3.4764982564814777,-0.6293435052437546,0.3681760910585835,0.11975365903639158
MA-BBOB,-1,538,5,5000,-2.3844730635972153,-0.5132438568325655,0.3681760910585835,0.11975365903639158
MA-BBOB,-1,539,5,5000,-1.978093482155748,-0.07259331642110256,0.3681760910585835,0.11975365903639158
MA-BBOB,-1,540,5,5000,-3.071797449714307,-0.2014739109499191,0.3681760910585835,0.11975365903639158
MA-BBOB,-1,541,5,5000,6.864093186204388,-3.7490088516941693,0.3681760910585835,0.11975365903639158
MA-BBOB,-1,542,5,5000,-0.4839356964675164,-1.196804216379077,0.3681760910585835,0.11975365903639158
MA-BBOB,-1,543,5,5000,-2.6342721046396034,-0.5031674083239442,0.3681760910585835,0.11975365903639158
MA-BBOB,-1,544,5,5000,-3.1806205003350994,0.06976054128571621,0.3681760910585835,0.11975365903639158
MA-BBOB,-1,545,5,5000,-4.23687026018166,-0.8254681110690433,0.3681760910585835,0.11975365903639158
MA-BBOB,-1,546,5,5000,2.365676838332246,-2.5098254111284977,0.3681760910585835,0.11975365903639158
MA-BBOB,-1,547,5,5000,-4.5251949118201775,0.7089428152111328,0.3681760910585835,0.11975365903639158
MA-BBOB,-1,548,5,5000,-5.1454869479077034,1.2870990191573028,0.3681760910585835,0.11975365903639158
MA-BBOB,-1,549,5,5000,-5.059362138249765,1.0069561418859978,0.3681760910585835,0.11975365903639158
MA-BBOB,-1,550,5,5000,-2.8484191917956037,-0.3378159746152107,0.3681760910585835,0.11975365903639158
MA-BBOB,-1,551,5,5000,-5.524511444598897,1.2378197877928854,0.3681760910585835,0.11975365903639158
MA-BBOB,-1,552,5,5000,-3.020671326435707,-0.19714601296810527,0.3681760910585835,0.11975365903639158
MA-BBOB,-1,553,5,5000,-2.1277136325767354,-0.852133492604209,0.3681760910585835,0.11975365903639158
MA-BBOB,-1,554,5,5000,-4.0684198390891675,0.012023259543894578,0.3681760910585835,0.11975365903639158
MA-BBOB,-1,555,5,5000,0.7058759072349146,-0.3786318308157634,0.3681760910585835,0.11975365903639158
MA-BBOB,-1,556,5,5000,1.1092122401850568,2.158668075649057,0.3681760910585835,0.11975365903639158
MA-BBOB,-1,557,5,5000,-1.7645060039684635,-0.5413547470238153,0.3681760910585835,0.11975365903639158
MA-BBOB,-1,558,5,5000,3.0374857241039743,-2.0853335039025023,0.3681760910585835,0.11975365903639158
MA-BBOB,-1,559,5,5000,-3.8664084230165114,0.026810692600849728,0.3681760910585835,0.11975365903639158
MA-BBOB,-1,560,5,5000,-3.5421573275682627,0.5413996061790836,0.3681760910585835,0.11975365903639158
MA-BBOB,-1,561,5,5000,-4.079944211897433,0.45185267709995103,0.3681760910585835,0.11975365903639158
MA-BBOB,-1,562,5,5000,-1.5186504619264602,0.12406618925116779,0.3681760910585835,0.11975365903639158
MA-BBOB,-1,563,5,5000,1.940936718722189,-0.1931428145906038,0.3681760910585835,0.11975365903639158
MA-BBOB,-1,564,5,5000,-2.3961577275558135,-0.5355479410062457,0.3681760910585835,0.11975365903639158
MA-BBOB,-1,565,5,5000,9.156256853569401,-2.112743741304828,0.3681760910585835,0.11975365903639158
MA-BBOB,-1,566,5,5000,-0.07493704278501884,-1.6315191379880483,0.3681760910585835,0.11975365903639158
MA-BBOB,-1,567,5,5000,5.032285426825471,-2.081813355248848,0.3681760910585835,0.11975365903639158
MA-BBOB,-1,568,5,5000,1.2494112107096105,-1.7783150325655157,0.3681760910585835,0.11975365903639158
MA-BBOB,-1,569,5,5000,14.425715941826297,-4.492140105293334,0.3681760910585835,0.11975365903639158
MA-BBOB,-1,570,5,5000,-3.457313674238066,-0.3885438977606441,0.3681760910585835,0.11975365903639158
MA-BBOB,-1,571,5,5000,1.3375509913132362,-0.9923227921430701,0.3681760910585835,0.11975365903639158
MA-BBOB,-1,572,5,5000,-4.067370338369476,-0.5102589980934891,0.3681760910585835,0.11975365903639158
MA-BBOB,-1,573,5,5000,-1.4807704914110504,0.3674007311089395,0.3681760910585835,0.11975365903639158
MA-BBOB,-1,574,5,5000,-0.024851631222353412,-1.1979618591888652,0.3681760910585835,0.11975365903639158
MA-BBOB,-1,575,5,5000,8.232949463248996,-4.1871049888414875,0.3681760910585835,0.11975365903639158
MA-BBOB,-1,576,5,5000,-2.2090374515346225,0.822360515945571,0.3681760910585835,0.11975365903639158
MA-BBOB,-1,577,5,5000,4.031888961673423,-2.7941963523118893,0.3681760910585835,0.11975365903639158
MA-BBOB,-1,578,5,5000,-4.522309519673529,0.7539519840419597,0.3681760910585835,0.11975365903639158
MA-BBOB,-1,579,5,5000,-0.4398599604753395,-1.2616759070443184,0.3681760910585835,0.11975365903639158
MA-BBOB,-1,580,5,5000,-1.8813220711901129,-0.7456924298343705,0.3681760910585835,0.11975365903639158
MA-BBOB,-1,581,5,5000,-3.180305387724259,-0.8646134045395685,0.3681760910585835,0.11975365903639158
MA-BBOB,-1,582,5,5000,-2.508397119647161,-0.5828809504187029,0.3681760910585835,0.11975365903639158
MA-BBOB,-1,583,5,5000,-1.4146979174460623,-1.4853337889512255,0.3681760910585835,0.11975365903639158
MA-BBOB,-1,584,5,5000,-2.248316133472354,-0.1395023100921084,0.3681760910585835,0.11975365903639158
MA-BBOB,-1,585,5,5000,-3.32061531230214,0.3000565487837967,0.3681760910585835,0.11975365903639158
MA-BBOB,-1,586,5,5000,-2.5873176441980728,0.21603144207133562,0.3681760910585835,0.11975365903639158
MA-BBOB,-1,587,5,5000,-3.018260758627577,-0.3616703998499189,0.3681760910585835,0.11975365903639158
MA-BBOB,-1,588,5,5000,-2.5359824866553775,-0.32062305062928825,0.3681760910585835,0.11975365903639158
MA-BBOB,-1,589,5,5000,-3.9517903953401765,-0.17479798849536232,0.3681760910585835,0.11975365903639158
MA-BBOB,-1,590,5,5000,0.582977547072547,-0.9554044748151244,0.3681760910585835,0.11975365903639158
MA-BBOB,-1,591,5,5000,-4.623173782294959,0.6491683076823864,0.3681760910585835,0.11975365903639158
MA-BBOB,-1,592,5,5000,0.28694416408919404,-3.6071102228081773,0.3681760910585835,0.11975365903639158
MA-BBOB,-1,593,5,5000,-2.996293539002482,0.2691625564975317,0.3681760910585835,0.11975365903639158
MA-BBOB,-1,594,5,5000,-2.1918051862093315,-0.5897650183888479,0.3681760910585835,0.11975365903639158
MA-BBOB,-1,595,5,5000,-1.9373068486808287,0.5599253882302925,0.3681760910585835,0.11975365903639158
MA-BBOB,-1,596,5,5000,-4.5189097823035995,0.8428767629949139,0.3681760910585835,0.11975365903639158
MA-BBOB,-1,597,5,5000,8.835063618104417,-2.016521598466865,0.3681760910585835,0.11975365903639158
MA-BBOB,-1,598,5,5000,-1.1971158110549867,-0.7187796063266829,0.3681760910585835,0.11975365903639158
MA-BBOB,-1,599,5,5000,-0.05241019052607187,-1.8410503126688067,0.3681760910585835,0.11975365903639158
MA-BBOB,-1,600,5,5000,-1.4142099198026843,-0.08496744532863565,0.3681760910585835,0.11975365903639158
MA-BBOB,-1,601,5,5000,1.3800030624696742,-2.6744944882710557,0.3681760910585835,0.11975365903639158
MA-BBOB,-1,602,5,5000,-4.331750581218374,0.7896166076854318,0.3681760910585835,0.11975365903639158
MA-BBOB,-1,603,5,5000,-5.489583080482198,1.257571175351631,0.3681760910585835,0.11975365903639158
MA-BBOB,-1,604,5,5000,-2.684207582438005,-0.6261148965150074,0.3681760910585835,0.11975365903639158
MA-BBOB,-1,605,5,5000,-3.0795462353947984,1.3000492365382412,0.3681760910585835,0.11975365903639158
MA-BBOB,-1,606,5,5000,-0.2214580219299167,-0.6697920599594697,0.3681760910585835,0.11975365903639158
MA-BBOB,-1,607,5,5000,-4.410892258625143,-0.5624938547248793,0.3681760910585835,0.11975365903639158
MA-BBOB,-1,608,5,5000,19.722258698166343,-6.671998646203191,0.3681760910585835,0.11975365903639158
MA-BBOB,-1,609,5,5000,4.101052857598633,-1.22950989375601,0.3681760910585835,0.11975365903639158
MA-BBOB,-1,610,5,5000,-4.587960881533366,1.0068666221371816,0.3681760910585835,0.11975365903639158
MA-BBOB,-1,611,5,5000,-2.4506913917668234,-0.9122813941693622,0.3681760910585835,0.11975365903639158
MA-BBOB,-1,612,5,5000,-4.522221789019377,-0.81200075424833,0.3681760910585835,0.11975365903639158
MA-BBOB,-1,613,5,5000,-2.789538989617443,1.3359132369692885,0.3681760910585835,0.11975365903639158
MA-BBOB,-1,614,5,5000,-3.9463609778265156,-1.140309121341763,0.3681760910585835,0.11975365903639158
MA-BBOB,-1,615,5,5000,0.065700356302501,-0.3746200896069582,0.3681760910585835,0.11975365903639158
MA-BBOB,-1,616,5,5000,-3.6273589542690123,-0.537307469096443,0.3681760910585835,0.11975365903639158
MA-BBOB,-1,617,5,5000,7.892597094897363,-2.154877895380802,0.3681760910585835,0.11975365903639158
MA-BBOB,-1,618,5,5000,-2.1233843387486107,-2.418942994080741,0.3681760910585835,0.11975365903639158
MA-BBOB,-1,619,5,5000,-3.416465381605739,0.793994261937834,0.3681760910585835,0.11975365903639158
MA-BBOB,-1,620,5,5000,-4.5053077279307745,-0.2849653788988087,0.3681760910585835,0.11975365903639158
MA-BBOB,-1,621,5,5000,-0.8311698431765201,-1.3971569721991053,0.3681760910585835,0.11975365903639158
MA-BBOB,-1,622,5,5000,-1.672373833936649,-1.1042975160011355,0.3681760910585835,0.11975365903639158
MA-BBOB,-1,623,5,5000,-4.624844202777155,1.1147684904290907,0.3681760910585835,0.11975365903639158
MA-BBOB,-1,624,5,5000,-0.5996736432903336,-1.6999866802450905,0.3681760910585835,0.11975365903639158
MA-BBOB,-1,625,5,5000,-2.728061960624184,-0.5973508756710852,0.3681760910585835,0.11975365903639158
MA-BBOB,-1,626,5,5000,4.0075419066480045,-4.2454378874718035,0.3681760910585835,0.11975365903639158
MA-BBOB,-1,627,5,5000,-0.6296583618671296,-0.8783348196896604,0.3681760910585835,0.11975365903639158
MA-BBOB,-1,628,5,5000,-3.1623486731386707,1.1166722936041247,0.3681760910585835,0.11975365903639158
MA-BBOB,-1,629,5,5000,-0.12358564021934937,-2.3421327328531296,0.3681760910585835,0.11975365903639158
MA-BBOB,-1,630,5,5000,-4.179725205978198,0.442632291088084,0.3681760910585835,0.11975365903639158
MA-BBOB,-1,631,5,5000,-2.0680637482529685,-0.7092308487293867,0.3681760910585835,0.11975365903639158
MA-BBOB,-1,632,5,5000,-1.8704582765503752,-0.2066962727895399,0.3681760910585835,0.11975365903639158
MA-BBOB,-1,633,5,5000,-0.17298149404714197,-0.9145007268002855,0.3681760910585835,0.11975365903639158
MA-BBOB,-1,634,5,5000,-0.48687130730100875,0.2640997747259918,0.3681760910585835,0.11975365903639158
MA-BBOB,-1,635,5,5000,-2.8957554858346235,-1.4220154722207832,0.3681760910585835,0.11975365903639158
MA-BBOB,-1,636,5,5000,-4.733794241534851,0.09339593691346251,0.3681760910585835,0.11975365903639158
MA-BBOB,-1,637,5,5000,-4.536178677769642,0.5613528558274387,0.3681760910585835,0.11975365903639158
MA-BBOB,-1,638,5,5000,-3.7088955404935002,-1.3297979729558003,0.3681760910585835,0.11975365903639158
MA-BBOB,-1,639,5,5000,2.166382211593003,-2.034565668221056,0.3681760910585835,0.11975365903639158
MA-BBOB,-1,640,5,5000,-4.120073983245333,-0.11832694150074863,0.3681760910585835,0.11975365903639158
MA-BBOB,-1,641,5,5000,-2.759896036472198,0.3779793895312502,0.3681760910585835,0.11975365903639158
MA-BBOB,-1,642,5,5000,-2.2293616905499567,2.894979930149728,0.3681760910585835,0.11975365903639158
MA-BBOB,-1,643,5,5000,-1.020112762553139,-1.5124973340528889,0.3681760910585835,0.11975365903639158
MA-BBOB,-1,644,5,5000,-3.5910561399546364,-1.0754344548114445,0.3681760910585835,0.11975365903639158
MA-BBOB,-1,645,5,5000,-2.1831974595514003,-0.5726827298460816,0.3681760910585835,0.11975365903639158
MA-BBOB,-1,646,5,5000,-1.3851638169899763,-0.09210410016584145,0.3681760910585835,0.11975365903639158
MA-BBOB,-1,647,5,5000,1.022283532447327,-1.033185554627052,0.3681760910585835,0.11975365903639158
MA-BBOB,-1,648,5,5000,-4.22551749254088,0.15362440390806134,0.3681760910585835,0.11975365903639158
MA-BBOB,-1,649,5,5000,-2.8078060006484935,0.6055412648549687,0.3681760910585835,0.11975365903639158
MA-BBOB,-1,650,5,5000,-5.082962703908929,-0.7167297424051966,0.3681760910585835,0.11975365903639158
MA-BBOB,-1,651,5,5000,0.9065632644943287,-0.8974164852477653,0.3681760910585835,0.11975365903639158
MA-BBOB,-1,652,5,5000,-0.8454922999579395,-0.39833290148236544,0.3681760910585835,0.11975365903639158
MA-BBOB,-1,653,5,5000,-2.815315081454342,0.47705949378905094,0.3681760910585835,0.11975365903639158
MA-BBOB,-1,654,5,5000,-1.6703215952688002,-1.2754357339741105,0.3681760910585835,0.11975365903639158
MA-BBOB,-1,655,5,5000,-3.140699775827426,0.5111035287030598,0.3681760910585835,0.11975365903639158
MA-BBOB,-1,656,5,5000,-2.5664360640988115,-1.0488485293579324,0.3681760910585835,0.11975365903639158
MA-BBOB,-1,657,5,5000,9.016083418622705,-5.508737132951882,0.3681760910585835,0.11975365903639158
MA-BBOB,-1,658,5,5000,-0.8911732309728025,-2.6198635943167576,0.3681760910585835,0.11975365903639158
MA-BBOB,-1,659,5,5000,-2.9581379321866064,-0.5509927911582762,0.3681760910585835,0.11975365903639158
MA-BBOB,-1,660,5,5000,-1.2938327845177273,-0.18902001251369854,0.3681760910585835,0.11975365903639158
MA-BBOB,-1,661,5,5000,-2.5869823845724453,-1.8706191922111466,0.3681760910585835,0.11975365903639158
MA-BBOB,-1,662,5,5000,-3.6821543726545243,0.8859270227931426,0.3681760910585835,0.11975365903639158
MA-BBOB,-1,663,5,5000,-4.586213693537144,0.20442639561381795,0.3681760910585835,0.11975365903639158
MA-BBOB,-1,664,5,5000,-2.144773299077208,0.02796370939595329,0.3681760910585835,0.11975365903639158
MA-BBOB,-1,665,5,5000,-2.86155101805278,-0.07972072570646832,0.3681760910585835,0.11975365903639158
MA-BBOB,-1,666,5,5000,2.8046724431268206,-1.698642128117463,0.3681760910585835,0.11975365903639158
MA-BBOB,-1,667,5,5000,-1.547158566465093,-0.9183715382716313,0.3681760910585835,0.11975365903639158
MA-BBOB,-1,668,5,5000,1.9420351896190606,-3.097985043872218,0.3681760910585835,0.11975365903639158
MA-BBOB,-1,669,5,5000,-0.01008441903955311,-2.2664044687698373,0.3681760910585835,0.11975365903639158
MA-BBOB,-1,670,5,5000,-4.908933010939781,-0.4742365420300058,0.3681760910585835,0.11975365903639158
MA-BBOB,-1,671,5,5000,-0.01059126904842845,0.31652447166496683,0.3681760910585835,0.11975365903639158
MA-BBOB,-1,672,5,5000,-4.676830825235632,-1.4350268665933417,0.3681760910585835,0.11975365903639158
MA-BBOB,-1,673,5,5000,-0.036328863406955444,-1.6827562677889951,0.3681760910585835,0.11975365903639158
MA-BBOB,-1,674,5,5000,-2.916559165177209,-0.15716283366101505,0.3681760910585835,0.11975365903639158
MA-BBOB,-1,675,5,5000,-4.264152991904906,0.2715891196814844,0.3681760910585835,0.11975365903639158
MA-BBOB,-1,676,5,5000,3.805362096398565,-3.022389378356396,0.3681760910585835,0.11975365903639158
MA-BBOB,-1,677,5,5000,-2.5916231096383497,1.1893221360588593,0.3681760910585835,0.11975365903639158
MA-BBOB,-1,678,5,5000,-2.485249179420335,-1.1037468415331813,0.3681760910585835,0.11975365903639158
MA-BBOB,-1,679,5,5000,-3.844621251613303,1.62954650723381,0.3681760910585835,0.11975365903639158
MA-BBOB,-1,680,5,5000,4.941486438586561,-2.3731856775863314,0.3681760910585835,0.11975365903639158
MA-BBOB,-1,681,5,5000,2.213583799830057,-2.88850721324135,0.3681760910585835,0.11975365903639158
MA-BBOB,-1,682,5,5000,-2.6905418851347327,-0.9894992194147012,0.3681760910585835,0.11975365903639158
MA-BBOB,-1,683,5,5000,-1.3796244496725751,-1.336304731779497,0.3681760910585835,0.11975365903639158
MA-BBOB,-1,684,5,5000,-1.8604956430040611,0.3938978182526324,0.3681760910585835,0.11975365903639158
MA-BBOB,-1,685,5,5000,-2.4350308994950605,0.8755307267159594,0.3681760910585835,0.11975365903639158
MA-BBOB,-1,686,5,5000,-4.971812812350501,1.3892676618774913,0.3681760910585835,0.11975365903639158
MA-BBOB,-1,687,5,5000,4.399429519418681,-3.5032421795160595,0.3681760910585835,0.11975365903639158
MA-BBOB,-1,688,5,5000,-3.100789390214402,1.8023985381595888,0.3681760910585835,0.11975365903639158
MA-BBOB,-1,689,5,5000,-0.8690992274412831,-0.1224455104959136,0.3681760910585835,0.11975365903639158
MA-BBOB,-1,690,5,5000,-4.546490688870679,-1.1668539864348053,0.3681760910585835,0.11975365903639158
MA-BBOB,-1,691,5,5000,1.4177029629276747,-1.2003076129954413,0.3681760910585835,0.11975365903639158
MA-BBOB,-1,692,5,5000,-5.106504564853777,0.5133658563643207,0.3681760910585835,0.11975365903639158
MA-BBOB,-1,693,5,5000,-3.580356033077229,0.6594321833991729,0.3681760910585835,0.11975365903639158
MA-BBOB,-1,694,5,5000,1.3776769983676214,-2.439028254951245,0.3681760910585835,0.11975365903639158
MA-BBOB,-1,695,5,5000,9.08701740785593,-3.060402310235702,0.3681760910585835,0.11975365903639158
MA-BBOB,-1,696,5,5000,-1.1632327422214006,-0.6729984258583749,0.3681760910585835,0.11975365903639158
MA-BBOB,-1,697,5,5000,-3.7225786074967653,0.1478151741788003,0.3681760910585835,0.11975365903639158
MA-BBOB,-1,698,5,5000,-4.273712018236988,-1.0673050450934698,0.3681760910585835,0.11975365903639158
MA-BBOB,-1,699,5,5000,2.584138409032792,-1.3908611945651312,0.3681760910585835,0.11975365903639158
MA-BBOB,-1,700,5,5000,-1.3709206804687195,2.62106283790578,0.3681760910585835,0.11975365903639158
MA-BBOB,-1,701,5,5000,-2.250367512858397,-1.0849160825717654,0.3681760910585835,0.11975365903639158
MA-BBOB,-1,702,5,5000,-4.288770724547202,0.12320986611640078,0.3681760910585835,0.11975365903639158
MA-BBOB,-1,703,5,5000,-1.1070499629262351,-0.031787958921772726,0.3681760910585835,0.11975365903639158
MA-BBOB,-1,704,5,5000,-3.766581455910467,1.090715463600636,0.3681760910585835,0.11975365903639158
MA-BBOB,-1,705,5,5000,-3.5547766117378283,-0.398134920650153,0.3681760910585835,0.11975365903639158
MA-BBOB,-1,706,5,5000,0.8853665880807094,-1.7140611064031495,0.3681760910585835,0.11975365903639158
MA-BBOB,-1,707,5,5000,-1.4773785690211807,-1.9770133689849463,0.3681760910585835,0.11975365903639158
MA-BBOB,-1,708,5,5000,-2.143475076555598,0.14878293957498778,0.3681760910585835,0.11975365903639158
MA-BBOB,-1,709,5,5000,4.631497620357479,-1.9283392786752052,0.3681760910585835,0.11975365903639158
MA-BBOB,-1,710,5,5000,-0.7143412863928663,-1.5762786841085565,0.3681760910585835,0.11975365903639158
MA-BBOB,-1,711,5,5000,-1.352731076262405,-1.3971594668724923,0.3681760910585835,0.11975365903639158
MA-BBOB,-1,712,5,5000,-2.040486135114447,-0.5255092996591415,0.3681760910585835,0.11975365903639158
MA-BBOB,-1,713,5,5000,2.1635581990173,-2.269086072726955,0.3681760910585835,0.11975365903639158
MA-BBOB,-1,714,5,5000,8.89604386264709,-2.583973026769853,0.3681760910585835,0.11975365903639158
MA-BBOB,-1,715,5,5000,-0.3717189566150161,-2.064086528091153,0.3681760910585835,0.11975365903639158
MA-BBOB,-1,716,5,5000,-3.7134529624256256,0.03447669559128638,0.3681760910585835,0.11975365903639158
MA-BBOB,-1,717,5,5000,-2.344033967998305,0.1006310675719012,0.3681760910585835,0.11975365903639158
MA-BBOB,-1,718,5,5000,-2.822601253722616,1.0953239032110653,0.3681760910585835,0.11975365903639158
MA-BBOB,-1,719,5,5000,2.797634391464814,-2.096732554421594,0.3681760910585835,0.11975365903639158
MA-BBOB,-1,720,5,5000,-5.416368678229089,0.4719238753356405,0.3681760910585835,0.11975365903639158
MA-BBOB,-1,721,5,5000,-1.8652705950636213,1.0949063179861005,0.3681760910585835,0.11975365903639158
MA-BBOB,-1,722,5,5000,-3.750487714518383,-0.6531191732964833,0.3681760910585835,0.11975365903639158
MA-BBOB,-1,723,5,5000,-0.5884025424632215,-1.6734313873997244,0.3681760910585835,0.11975365903639158
MA-BBOB,-1,724,5,5000,-3.1228049950929355,-0.06276926551734399,0.3681760910585835,0.11975365903639158
MA-BBOB,-1,725,5,5000,-2.9125759780060165,0.3931278406600821,0.3681760910585835,0.11975365903639158
MA-BBOB,-1,726,5,5000,-2.131203484760035,-0.7272761134708844,0.3681760910585835,0.11975365903639158
MA-BBOB,-1,727,5,5000,-3.8612068289042716,1.524012598252661,0.3681760910585835,0.11975365903639158
MA-BBOB,-1,728,5,5000,-1.8561615517861412,-0.1609830693367965,0.3681760910585835,0.11975365903639158
MA-BBOB,-1,729,5,5000,-1.7037189200536853,-0.6490385889420519,0.3681760910585835,0.11975365903639158
MA-BBOB,-1,730,5,5000,-0.5730922181965563,-1.9161212024836292,0.3681760910585835,0.11975365903639158
MA-BBOB,-1,731,5,5000,4.8261009770220396,0.9526280635579467,0.3681760910585835,0.11975365903639158
MA-BBOB,-1,732,5,5000,-2.212480286112627,-1.2993194157699965,0.3681760910585835,0.11975365903639158
MA-BBOB,-1,733,5,5000,-1.798908558896012,-2.439693391940162,0.3681760910585835,0.11975365903639158
MA-BBOB,-1,734,5,5000,-3.9489457193383815,0.4000692512269576,0.3681760910585835,0.11975365903639158
MA-BBOB,-1,735,5,5000,-2.1023926225732166,-1.3983987465372878,0.3681760910585835,0.11975365903639158
MA-BBOB,-1,736,5,5000,-2.6390697310560123,-1.5262486799487367,0.3681760910585835,0.11975365903639158
MA-BBOB,-1,737,5,5000,-0.5358234309857356,-0.1516502568672869,0.3681760910585835,0.11975365903639158
MA-BBOB,-1,738,5,5000,9.354975085930777,-1.5581997402901098,0.3681760910585835,0.11975365903639158
MA-BBOB,-1,739,5,5000,2.5857358802506285,1.7836620794132605,0.3681760910585835,0.11975365903639158
MA-BBOB,-1,740,5,5000,5.449877677108275,-2.6724385829038684,0.3681760910585835,0.11975365903639158
MA-BBOB,-1,741,5,5000,6.6217563828928805,-2.861434806676268,0.3681760910585835,0.11975365903639158
MA-BBOB,-1,742,5,5000,-3.408028664586618,1.3717510552145713,0.3681760910585835,0.11975365903639158
MA-BBOB,-1,743,5,5000,-0.8294107814803281,0.743276300264138,0.3681760910585835,0.11975365903639158
MA-BBOB,-1,744,5,5000,-5.308164202494614,0.22038852092087693,0.3681760910585835,0.11975365903639158
MA-BBOB,-1,745,5,5000,2.7088327015350036,-0.47045565510711096,0.3681760910585835,0.11975365903639158
MA-BBOB,-1,746,5,5000,-1.9018777020301363,-0.5077034764989019,0.3681760910585835,0.11975365903639158
MA-BBOB,-1,747,5,5000,-0.3108411091384634,0.04119895873628134,0.3681760910585835,0.11975365903639158
MA-BBOB,-1,748,5,5000,-1.8163964499879066,-0.907309395616395,0.3681760910585835,0.11975365903639158
MA-BBOB,-1,749,5,5000,1.3615811340431219,-2.605482866756653,0.3681760910585835,0.11975365903639158
MA-BBOB,-1,750,5,5000,0.4421434009773372,-0.612920457236977,0.3681760910585835,0.11975365903639158
MA-BBOB,-1,751,5,5000,1.5355337678259673,-0.8801550714703501,0.3681760910585835,0.11975365903639158
MA-BBOB,-1,752,5,5000,-4.509312857330167,-0.5203870957735549,0.3681760910585835,0.11975365903639158
MA-BBOB,-1,753,5,5000,-2.419037992648834,-1.482338003994432,0.3681760910585835,0.11975365903639158
MA-BBOB,-1,754,5,5000,-2.152573557748691,-1.2589006976866994,0.3681760910585835,0.11975365903639158
MA-BBOB,-1,755,5,5000,-3.5853342811932647,-1.4774923014620638,0.3681760910585835,0.11975365903639158
MA-BBOB,-1,756,5,5000,4.096413771409954,-2.1074761292413684,0.3681760910585835,0.11975365903639158
MA-BBOB,-1,757,5,5000,0.4528851726394994,-2.5649034741092365,0.3681760910585835,0.11975365903639158
MA-BBOB,-1,758,5,5000,-0.08853892386237547,-0.7858408200743437,0.3681760910585835,0.11975365903639158
MA-BBOB,-1,759,5,5000,9.894554333559404,-4.427486633631868,0.3681760910585835,0.11975365903639158
MA-BBOB,-1,760,5,5000,-1.7182270214549915,-0.9905273000908941,0.3681760910585835,0.11975365903639158
MA-BBOB,-1,761,5,5000,8.222302364293727,-2.388312889379372,0.3681760910585835,0.11975365903639158
MA-BBOB,-1,762,5,5000,1.9668579572035134,-1.0691069590397766,0.3681760910585835,0.11975365903639158
MA-BBOB,-1,763,5,5000,2.2960397040385887,-1.3021050198411943,0.3681760910585835,0.11975365903639158
MA-BBOB,-1,764,5,5000,13.167516836353254,-2.82488448547965,0.3681760910585835,0.11975365903639158
MA-BBOB,-1,765,5,5000,-1.479658158125314,-0.44301711691222617,0.3681760910585835,0.11975365903639158
MA-BBOB,-1,766,5,5000,3.271378018134023,-1.1512848763971273,0.3681760910585835,0.11975365903639158
MA-BBOB,-1,767,5,5000,-5.186428019095635,0.30976482562237856,0.3681760910585835,0.11975365903639158
MA-BBOB,-1,768,5,5000,-2.0621322930440664,-1.8700391518192776,0.3681760910585835,0.11975365903639158
MA-BBOB,-1,769,5,5000,1.3332962950410723,-0.8523946199114899,0.3681760910585835,0.11975365903639158
MA-BBOB,-1,770,5,5000,-2.6960637403320513,0.733637763945311,0.3681760910585835,0.11975365903639158
MA-BBOB,-1,771,5,5000,-2.337663148901196,1.0265002920397543,0.3681760910585835,0.11975365903639158
MA-BBOB,-1,772,5,5000,10.13316945201262,-3.74382463939137,0.3681760910585835,0.11975365903639158
MA-BBOB,-1,773,5,5000,11.82353288937579,-5.289443661963933,0.3681760910585835,0.11975365903639158
MA-BBOB,-1,774,5,5000,-2.0559412403008217,0.35876469045404336,0.3681760910585835,0.11975365903639158
MA-BBOB,-1,775,5,5000,-4.6751621589774235,-0.3316397817756383,0.3681760910585835,0.11975365903639158
MA-BBOB,-1,776,5,5000,-4.02721009064429,0.24558020391551025,0.3681760910585835,0.11975365903639158
MA-BBOB,-1,777,5,5000,-4.84711316778146,1.1873731872879563,0.3681760910585835,0.11975365903639158
MA-BBOB,-1,778,5,5000,-2.4132768846248367,-0.670045856160676,0.3681760910585835,0.11975365903639158
MA-BBOB,-1,779,5,5000,12.672016227769559,-2.667831178025968,0.3681760910585835,0.11975365903639158
MA-BBOB,-1,780,5,5000,-1.2155881827483626,-0.9369509163752604,0.3681760910585835,0.11975365903639158
MA-BBOB,-1,781,5,5000,-4.305664380601878,-0.4574018182176829,0.3681760910585835,0.11975365903639158
MA-BBOB,-1,782,5,5000,2.892126849375592,-1.7875872296120852,0.3681760910585835,0.11975365903639158
MA-BBOB,-1,783,5,5000,2.2833309084952527,0.5768344332452648,0.3681760910585835,0.11975365903639158
MA-BBOB,-1,784,5,5000,-1.0116271007683024,1.1296006900918731,0.3681760910585835,0.11975365903639158
MA-BBOB,-1,785,5,5000,0.1980663786382792,-1.8016988045126439,0.3681760910585835,0.11975365903639158
MA-BBOB,-1,786,5,5000,-2.5175457306154065,-1.3700707694568974,0.3681760910585835,0.11975365903639158
MA-BBOB,-1,787,5,5000,0.555892125838305,0.3496537382162461,0.3681760910585835,0.11975365903639158
MA-BBOB,-1,788,5,5000,-0.08120494029447263,-0.8574433938786798,0.3681760910585835,0.11975365903639158
MA-BBOB,-1,789,5,5000,0.7796049503106682,-0.32683705330113993,0.3681760910585835,0.11975365903639158
MA-BBOB,-1,790,5,5000,0.9228642837268043,-2.284340367087401,0.3681760910585835,0.11975365903639158
MA-BBOB,-1,791,5,5000,-2.472584383737849,0.5600236349247433,0.3681760910585835,0.11975365903639158
MA-BBOB,-1,792,5,5000,-1.300549424550063,-0.5867325484234742,0.3681760910585835,0.11975365903639158
MA-BBOB,-1,793,5,5000,-2.494633132990179,-0.06666990468172017,0.3681760910585835,0.11975365903639158
MA-BBOB,-1,794,5,5000,-3.130903767442762,-1.0416265052728881,0.3681760910585835,0.11975365903639158
MA-BBOB,-1,795,5,5000,3.144864690988686,-1.4665125109876787,0.3681760910585835,0.11975365903639158
MA-BBOB,-1,796,5,5000,-4.1853152360532295,-0.29680209634772975,0.3681760910585835,0.11975365903639158
MA-BBOB,-1,797,5,5000,-1.5614330338453044,-0.21246880928175094,0.3681760910585835,0.11975365903639158
MA-BBOB,-1,798,5,5000,2.7475772158125964,-2.6836174073143058,0.3681760910585835,0.11975365903639158
MA-BBOB,-1,799,5,5000,-3.2732432921336683,-0.0923683485268397,0.3681760910585835,0.11975365903639158
MA-BBOB,-1,800,5,5000,4.24305540815817,-2.0897499673637454,0.3681760910585835,0.11975365903639158
MA-BBOB,-1,801,5,5000,-2.628319411501511,-0.46479231255811554,0.3681760910585835,0.11975365903639158
MA-BBOB,-1,802,5,5000,-3.201796993972959,-0.8117566455178032,0.3681760910585835,0.11975365903639158
MA-BBOB,-1,803,5,5000,-0.6839411674398186,-0.7005086880575238,0.3681760910585835,0.11975365903639158
MA-BBOB,-1,804,5,5000,-2.228270817096407,-0.6799628499517844,0.3681760910585835,0.11975365903639158
MA-BBOB,-1,805,5,5000,-3.999001398114874,-0.7632763706142173,0.3681760910585835,0.11975365903639158
MA-BBOB,-1,806,5,5000,-4.855515382753108,0.14822128547677002,0.3681760910585835,0.11975365903639158
MA-BBOB,-1,807,5,5000,-3.6985941781515703,0.5303216263031594,0.3681760910585835,0.11975365903639158
MA-BBOB,-1,808,5,5000,-3.712995209632351,-1.1530653734819687,0.3681760910585835,0.11975365903639158
MA-BBOB,-1,809,5,5000,-2.7365756154198366,-1.1596776512625655,0.3681760910585835,0.11975365903639158
MA-BBOB,-1,810,5,5000,4.562185707358266,-1.8836192855991307,0.3681760910585835,0.11975365903639158
MA-BBOB,-1,811,5,5000,-1.985183840310477,0.9704547606311045,0.3681760910585835,0.11975365903639158
MA-BBOB,-1,812,5,5000,6.0166444335321785,-1.3942152713920815,0.3681760910585835,0.11975365903639158
MA-BBOB,-1,813,5,5000,2.544347935823977,-2.5658898686592106,0.3681760910585835,0.11975365903639158
MA-BBOB,-1,814,5,5000,-2.3900940510623734,-1.788499510523208,0.3681760910585835,0.11975365903639158
MA-BBOB,-1,815,5,5000,-2.960803183830985,-0.5486508230840883,0.3681760910585835,0.11975365903639158
MA-BBOB,-1,816,5,5000,-1.191495722599719,-0.10344046474693681,0.3681760910585835,0.11975365903639158
MA-BBOB,-1,817,5,5000,-0.20765341653287117,-1.2916014075290354,0.3681760910585835,0.11975365903639158
MA-BBOB,-1,818,5,5000,-3.846349298037407,0.4433005036464218,0.3681760910585835,0.11975365903639158
MA-BBOB,-1,819,5,5000,-0.6514501978823689,-1.054245189730159,0.3681760910585835,0.11975365903639158
MA-BBOB,-1,820,5,5000,-4.107029478689481,0.1449783854147942,0.3681760910585835,0.11975365903639158
MA-BBOB,-1,821,5,5000,-2.663404533216281,0.2617247306641203,0.3681760910585835,0.11975365903639158
MA-BBOB,-1,822,5,5000,-2.8094512403271312,-0.9769839306714989,0.3681760910585835,0.11975365903639158
MA-BBOB,-1,823,5,5000,-1.7291260610792156,-0.17297263510669594,0.3681760910585835,0.11975365903639158
MA-BBOB,-1,824,5,5000,-1.8118359989198578,-1.8196079794684754,0.3681760910585835,0.11975365903639158
MA-BBOB,-1,825,5,5000,-4.561879532756003,0.5896859707279211,0.3681760910585835,0.11975365903639158
MA-BBOB,-1,826,5,5000,-3.318500707735257,-0.02677201701193765,0.3681760910585835,0.11975365903639158
MA-BBOB,-1,827,5,5000,-0.38824892627745444,-1.6473282112826093,0.3681760910585835,0.11975365903639158
MA-BBOB,-1,828,5,5000,-1.7890691725877363,-0.5877072742289442,0.3681760910585835,0.11975365903639158
MA-BBOB,-1,829,5,5000,-4.358774447377924,0.08174233568708394,0.3681760910585835,0.11975365903639158
MA-BBOB,-1,830,5,5000,3.884268789367394,-2.4075572065401456,0.3681760910585835,0.11975365903639158
MA-BBOB,-1,831,5,5000,-1.9578835798561127,-1.1548561183346735,0.3681760910585835,0.11975365903639158
MA-BBOB,-1,832,5,5000,-2.00434010866844,-1.1684452215717396,0.3681760910585835,0.11975365903639158
MA-BBOB,-1,833,5,5000,-0.4497742969057792,-1.6991469107328059,0.3681760910585835,0.11975365903639158
MA-BBOB,-1,834,5,5000,-4.41814702562841,1.0464047151675762,0.3681760910585835,0.11975365903639158
MA-BBOB,-1,835,5,5000,0.7319979226819667,-1.2136442375561842,0.3681760910585835,0.11975365903639158
MA-BBOB,-1,836,5,5000,4.173102191880214,-2.4048836812219,0.3681760910585835,0.11975365903639158
MA-BBOB,-1,837,5,5000,-2.544517418275195,0.20842093002555248,0.3681760910585835,0.11975365903639158
MA-BBOB,-1,838,5,5000,-0.8891645835505436,-1.744995916504971,0.3681760910585835,0.11975365903639158
MA-BBOB,-1,839,5,5000,2.8178960507168633,-2.7521668694741805,0.3681760910585835,0.11975365903639158
MA-BBOB,-1,840,5,5000,2.141052327966463,-1.3303419084291006,0.3681760910585835,0.11975365903639158
MA-BBOB,-1,841,5,5000,-0.2362265576322115,-1.3450190248379192,0.3681760910585835,0.11975365903639158
MA-BBOB,-1,842,5,5000,-2.4075510789883006,-0.8659986898212769,0.3681760910585835,0.11975365903639158
MA-BBOB,-1,843,5,5000,-1.6010781903788172,-1.0238717356989473,0.3681760910585835,0.11975365903639158
MA-BBOB,-1,844,5,5000,10.137007550244968,-3.2088893512190646,0.3681760910585835,0.11975365903639158
MA-BBOB,-1,845,5,5000,-3.3232920184852897,0.3909665007842105,0.3681760910585835,0.11975365903639158
MA-BBOB,-1,846,5,5000,-3.5270794496674895,0.3896307394445815,0.3681760910585835,0.11975365903639158
MA-BBOB,-1,847,5,5000,-0.6722288872533927,-0.15352425631464148,0.3681760910585835,0.11975365903639158
MA-BBOB,-1,848,5,5000,4.335371631302204,-4.7937954323080945,0.3681760910585835,0.11975365903639158
MA-BBOB,-1,849,5,5000,1.6242002612391275,-1.2808648482135006,0.3681760910585835,0.11975365903639158
MA-BBOB,-1,850,5,5000,-4.006166027105449,-0.8856332254558887,0.3681760910585835,0.11975365903639158
MA-BBOB,-1,851,5,5000,-1.8683312969491968,-0.5119676088747072,0.3681760910585835,0.11975365903639158
MA-BBOB,-1,852,5,5000,-2.7674116766374923,-0.008721129519905889,0.3681760910585835,0.11975365903639158
MA-BBOB,-1,853,5,5000,-1.0688131900908546,-2.1154691045512464,0.3681760910585835,0.11975365903639158
MA-BBOB,-1,854,5,5000,-3.384242790616167,0.982884019077623,0.3681760910585835,0.11975365903639158
MA-BBOB,-1,855,5,5000,3.514499391777203,-1.258484838946213,0.3681760910585835,0.11975365903639158
MA-BBOB,-1,856,5,5000,-3.8101616217132572,0.5840330290881367,0.3681760910585835,0.11975365903639158
MA-BBOB,-1,857,5,5000,-1.8721921609750705,-0.6187533326481064,0.3681760910585835,0.11975365903639158
MA-BBOB,-1,858,5,5000,-4.0221217922028965,-0.5593132206288983,0.3681760910585835,0.11975365903639158
MA-BBOB,-1,859,5,5000,5.711487783419287,-3.1337889186201213,0.3681760910585835,0.11975365903639158
MA-BBOB,-1,860,5,5000,-1.0505194947672343,-1.5384518833258358,0.3681760910585835,0.11975365903639158
MA-BBOB,-1,861,5,5000,-1.6416960860896297,-1.5366492111867511,0.3681760910585835,0.11975365903639158
MA-BBOB,-1,862,5,5000,0.2667542137396554,-2.6099118625515807,0.3681760910585835,0.11975365903639158
MA-BBOB,-1,863,5,5000,-1.734745690383152,-1.0248070251781898,0.3681760910585835,0.11975365903639158
MA-BBOB,-1,864,5,5000,-2.1614205132706377,1.2977046168460988,0.3681760910585835,0.11975365903639158
MA-BBOB,-1,865,5,5000,-3.1065029844269283,1.2832239476030152,0.3681760910585835,0.11975365903639158
MA-BBOB,-1,866,5,5000,-3.7799111634904756,0.7872709977455439,0.3681760910585835,0.11975365903639158
MA-BBOB,-1,867,5,5000,0.14297379409954514,-0.5582499406800857,0.3681760910585835,0.11975365903639158
MA-BBOB,-1,868,5,5000,-4.36410718668234,0.16084414135179473,0.3681760910585835,0.11975365903639158
MA-BBOB,-1,869,5,5000,-1.6686213160285126,-1.45384815803057,0.3681760910585835,0.11975365903639158
MA-BBOB,-1,870,5,5000,1.7399968894397015,-0.43764720554967634,0.3681760910585835,0.11975365903639158
MA-BBOB,-1,871,5,5000,1.9227440755369813,-1.64675884152417,0.3681760910585835,0.11975365903639158
MA-BBOB,-1,872,5,5000,-1.8505821233907076,-1.1783783909619763,0.3681760910585835,0.11975365903639158
MA-BBOB,-1,873,5,5000,-2.3892790645417925,0.4504593599907798,0.3681760910585835,0.11975365903639158
MA-BBOB,-1,874,5,5000,-2.2796461628471554,0.9745534307821699,0.3681760910585835,0.11975365903639158
MA-BBOB,-1,875,5,5000,-2.2191567242759622,0.7031627885357642,0.3681760910585835,0.11975365903639158
MA-BBOB,-1,876,5,5000,1.3989561215862987,-1.900370975951842,0.3681760910585835,0.11975365903639158
MA-BBOB,-1,877,5,5000,2.6841203907687907,-1.8201538203000707,0.3681760910585835,0.11975365903639158
MA-BBOB,-1,878,5,5000,5.933356648990016,-2.579120978628559,0.3681760910585835,0.11975365903639158
MA-BBOB,-1,879,5,5000,0.48752909622468626,-1.2606457428602054,0.3681760910585835,0.11975365903639158
MA-BBOB,-1,880,5,5000,-5.111110922198164,1.758370340838919,0.3681760910585835,0.11975365903639158
MA-BBOB,-1,881,5,5000,-4.809492811495471,-1.1112006938778507,0.3681760910585835,0.11975365903639158
MA-BBOB,-1,882,5,5000,-3.0875632053788955,-1.3172820078502585,0.3681760910585835,0.11975365903639158
MA-BBOB,-1,883,5,5000,-2.5866252457957906,-0.6077950379764634,0.3681760910585835,0.11975365903639158
MA-BBOB,-1,884,5,5000,-3.0533753195763578,-0.8241028400528752,0.3681760910585835,0.11975365903639158
MA-BBOB,-1,885,5,5000,-2.7576368132006333,-0.7361155256701156,0.3681760910585835,0.11975365903639158
MA-BBOB,-1,886,5,5000,-0.8898423721068945,-0.27731320996099834,0.3681760910585835,0.11975365903639158
MA-BBOB,-1,887,5,5000,3.0405794612703074,-3.370369495628186,0.3681760910585835,0.11975365903639158
MA-BBOB,-1,888,5,5000,-1.3950701531109408,-1.6987071645534721,0.3681760910585835,0.11975365903639158
MA-BBOB,-1,889,5,5000,-2.5492290778215487,-0.2007996053756774,0.3681760910585835,0.11975365903639158
MA-BBOB,-1,890,5,5000,-3.5868584712967286,-0.1866927827055044,0.3681760910585835,0.11975365903639158
MA-BBOB,-1,891,5,5000,5.495243196194692,-3.741213347447792,0.3681760910585835,0.11975365903639158
MA-BBOB,-1,892,5,5000,-1.162373306268119,-0.4696883551080788,0.3681760910585835,0.11975365903639158
MA-BBOB,-1,893,5,5000,-1.0417025545181873,-0.7731831173615517,0.3681760910585835,0.11975365903639158
MA-BBOB,-1,894,5,5000,-3.828528147861188,-0.5721978884244511,0.3681760910585835,0.11975365903639158
MA-BBOB,-1,895,5,5000,-4.3761928701699935,-0.07624782454595497,0.3681760910585835,0.11975365903639158
MA-BBOB,-1,896,5,5000,-2.138638733552833,-0.5052353146407021,0.3681760910585835,0.11975365903639158
MA-BBOB,-1,897,5,5000,-1.6175098958057734,-1.4697878978893941,0.3681760910585835,0.11975365903639158
MA-BBOB,-1,898,5,5000,-3.2500024868249673,1.6145498617934715,0.3681760910585835,0.11975365903639158
MA-BBOB,-1,899,5,5000,-3.4052254294263897,0.22358737793444922,0.3681760910585835,0.11975365903639158
MA-BBOB,-1,900,5,5000,-3.379651096102677,0.3463913657363202,0.3681760910585835,0.11975365903639158
MA-BBOB,-1,901,5,5000,2.6392124342218994,-2.088372598740532,0.3681760910585835,0.11975365903639158
MA-BBOB,-1,902,5,5000,-0.5411920637766774,-0.9852938628574746,0.3681760910585835,0.11975365903639158
MA-BBOB,-1,903,5,5000,-2.269624479907533,-1.2560245341653864,0.3681760910585835,0.11975365903639158
MA-BBOB,-1,904,5,5000,-5.407782405128808,1.0791318698167465,0.3681760910585835,0.11975365903639158
MA-BBOB,-1,905,5,5000,-3.806786462660457,1.0685337296862387,0.3681760910585835,0.11975365903639158
MA-BBOB,-1,906,5,5000,0.821236431108625,-1.4955064841255914,0.3681760910585835,0.11975365903639158
MA-BBOB,-1,907,5,5000,-4.443835310710934,0.020800310933169974,0.3681760910585835,0.11975365903639158
MA-BBOB,-1,908,5,5000,-0.2348906432874672,-2.069456427199449,0.3681760910585835,0.11975365903639158
MA-BBOB,-1,909,5,5000,-1.4197300495587848,1.248950221247736,0.3681760910585835,0.11975365903639158
MA-BBOB,-1,910,5,5000,-3.7047314070414736,-0.995923145817207,0.3681760910585835,0.11975365903639158
MA-BBOB,-1,911,5,5000,-1.8147707471598662,-1.0894644466656318,0.3681760910585835,0.11975365903639158
MA-BBOB,-1,912,5,5000,-3.465076872333516,0.35608312287377036,0.3681760910585835,0.11975365903639158
MA-BBOB,-1,913,5,5000,-3.3208495396420115,-0.054335524256387276,0.3681760910585835,0.11975365903639158
MA-BBOB,-1,914,5,5000,-2.0129622404389123,-1.236038689670181,0.3681760910585835,0.11975365903639158
MA-BBOB,-1,915,5,5000,-3.1972089394773824,0.1072519410002693,0.3681760910585835,0.11975365903639158
MA-BBOB,-1,916,5,5000,1.7162506034620328,-0.87272410197835,0.3681760910585835,0.11975365903639158
MA-BBOB,-1,917,5,5000,-4.374810212821653,0.2006000173875501,0.3681760910585835,0.11975365903639158
MA-BBOB,-1,918,5,5000,8.98142563040635,-4.05701753877659,0.3681760910585835,0.11975365903639158
MA-BBOB,-1,919,5,5000,3.6757206421180797,-2.743189716330439,0.3681760910585835,0.11975365903639158
MA-BBOB,-1,920,5,5000,-3.4350447503102033,0.8420340275240424,0.3681760910585835,0.11975365903639158
MA-BBOB,-1,921,5,5000,-4.282893634806058,-0.5351573565337198,0.3681760910585835,0.11975365903639158
MA-BBOB,-1,922,5,5000,8.25605622173061,-4.585414605159993,0.3681760910585835,0.11975365903639158
MA-BBOB,-1,923,5,5000,-1.7161585872410139,-1.002550028619795,0.3681760910585835,0.11975365903639158
MA-BBOB,-1,924,5,5000,-3.6341822431061774,0.5726790767799318,0.3681760910585835,0.11975365903639158
MA-BBOB,-1,925,5,5000,-1.0835541308285157,-0.6084490189326085,0.3681760910585835,0.11975365903639158
MA-BBOB,-1,926,5,5000,-1.7407400854334374,-0.5954329899258398,0.3681760910585835,0.11975365903639158
MA-BBOB,-1,927,5,5000,-3.8582207472933034,0.11592236853525373,0.3681760910585835,0.11975365903639158
MA-BBOB,-1,928,5,5000,-1.583163452566362,-0.9288133989490597,0.3681760910585835,0.11975365903639158
MA-BBOB,-1,929,5,5000,-4.405445089686766,0.22718935144446742,0.3681760910585835,0.11975365903639158
MA-BBOB,-1,930,5,5000,-2.3065231932047077,-0.636472905601475,0.3681760910585835,0.11975365903639158
MA-BBOB,-1,931,5,5000,-1.529106340410415,0.09915792882713985,0.3681760910585835,0.11975365903639158
MA-BBOB,-1,932,5,5000,-0.3891802738127853,-1.6048496184983472,0.3681760910585835,0.11975365903639158
MA-BBOB,-1,933,5,5000,-3.724965060309513,-0.7344860698653208,0.3681760910585835,0.11975365903639158
MA-BBOB,-1,934,5,5000,-0.4096786608447371,-2.3256164077617374,0.3681760910585835,0.11975365903639158
MA-BBOB,-1,935,5,5000,-1.1415849067422603,0.4157386979838455,0.3681760910585835,0.11975365903639158
MA-BBOB,-1,936,5,5000,-4.804980513683229,1.0577682106340671,0.3681760910585835,0.11975365903639158
MA-BBOB,-1,937,5,5000,-2.7429521276328135,-0.3270099706710762,0.3681760910585835,0.11975365903639158
MA-BBOB,-1,938,5,5000,-3.6043409999619134,-0.36670391389217344,0.3681760910585835,0.11975365903639158
MA-BBOB,-1,939,5,5000,-2.2419650144618966,-0.5049676207153592,0.3681760910585835,0.11975365903639158
MA-BBOB,-1,940,5,5000,-1.2114541049664436,0.6526639980389435,0.3681760910585835,0.11975365903639158
MA-BBOB,-1,941,5,5000,0.8847994827373796,-1.0038616497221178,0.3681760910585835,0.11975365903639158
MA-BBOB,-1,942,5,5000,2.97819696087917,-2.1784819518012473,0.3681760910585835,0.11975365903639158
MA-BBOB,-1,943,5,5000,5.705162953557338,-4.247085365329678,0.3681760910585835,0.11975365903639158
MA-BBOB,-1,944,5,5000,-4.202712346788728,-0.4489638132837039,0.3681760910585835,0.11975365903639158
MA-BBOB,-1,945,5,5000,-3.3239197929644995,0.4611611701553841,0.3681760910585835,0.11975365903639158
MA-BBOB,-1,946,5,5000,-3.0291026474911704,-0.07656114342850799,0.3681760910585835,0.11975365903639158
MA-BBOB,-1,947,5,5000,-1.501843188833428,-0.4652448340431711,0.3681760910585835,0.11975365903639158
MA-BBOB,-1,948,5,5000,-1.512617957142881,-1.8791275610851075,0.3681760910585835,0.11975365903639158
MA-BBOB,-1,949,5,5000,4.446203872748246,-1.001847391238666,0.3681760910585835,0.11975365903639158
MA-BBOB,-1,950,5,5000,6.537138554795968,-2.5138027167543084,0.3681760910585835,0.11975365903639158
MA-BBOB,-1,951,5,5000,-1.885359806716815,-1.1031790194776128,0.3681760910585835,0.11975365903639158
MA-BBOB,-1,952,5,5000,-2.0704162792988545,-1.1835357957891102,0.3681760910585835,0.11975365903639158
MA-BBOB,-1,953,5,5000,-4.123391923738459,0.10186669139841421,0.3681760910585835,0.11975365903639158
MA-BBOB,-1,954,5,5000,1.3402835059635652,-0.0033745219665030505,0.3681760910585835,0.11975365903639158
MA-BBOB,-1,955,5,5000,3.3497853108483073,-0.929597572533818,0.3681760910585835,0.11975365903639158
MA-BBOB,-1,956,5,5000,-4.357801208835117,0.2664655758510887,0.3681760910585835,0.11975365903639158
MA-BBOB,-1,957,5,5000,-1.8790526705206625,-1.0454269292130087,0.3681760910585835,0.11975365903639158
MA-BBOB,-1,958,5,5000,-0.38288675973829234,-0.8939837707689015,0.3681760910585835,0.11975365903639158
MA-BBOB,-1,959,5,5000,-3.2202235553159957,0.3197806742635373,0.3681760910585835,0.11975365903639158
MA-BBOB,-1,960,5,5000,-3.20517671415744,-0.359585774434535,0.3681760910585835,0.11975365903639158
MA-BBOB,-1,961,5,5000,8.34235063827188,-3.700657875601296,0.3681760910585835,0.11975365903639158
MA-BBOB,-1,962,5,5000,-2.5494789464734255,-0.26188160161672636,0.3681760910585835,0.11975365903639158
MA-BBOB,-1,963,5,5000,-1.4642911666390697,-0.14907232882764793,0.3681760910585835,0.11975365903639158
MA-BBOB,-1,964,5,5000,-0.7547645139915087,-2.0022514383067676,0.3681760910585835,0.11975365903639158
MA-BBOB,-1,965,5,5000,-2.831435947913021,-1.9952504765799726,0.3681760910585835,0.11975365903639158
MA-BBOB,-1,966,5,5000,-2.7128798924602013,-0.18777577210447866,0.3681760910585835,0.11975365903639158
MA-BBOB,-1,967,5,5000,-3.997559933581071,0.14845628389584886,0.3681760910585835,0.11975365903639158
MA-BBOB,-1,968,5,5000,-5.079760684293169,-0.7434234531570789,0.3681760910585835,0.11975365903639158
MA-BBOB,-1,969,5,5000,-4.35196657902371,2.1214574474786256,0.3681760910585835,0.11975365903639158
MA-BBOB,-1,970,5,5000,-5.103997550576516,0.39503005217065945,0.3681760910585835,0.11975365903639158
MA-BBOB,-1,971,5,5000,-2.6078235419397964,0.7773364594628103,0.3681760910585835,0.11975365903639158
MA-BBOB,-1,972,5,5000,-4.56010771435498,-0.28154515012961195,0.3681760910585835,0.11975365903639158
MA-BBOB,-1,973,5,5000,-3.0813035622762652,0.6461966503611055,0.3681760910585835,0.11975365903639158
MA-BBOB,-1,974,5,5000,6.00774073130212,-3.630082129341142,0.3681760910585835,0.11975365903639158
MA-BBOB,-1,975,5,5000,8.354292680012092,-3.0396579462504945,0.3681760910585835,0.11975365903639158
MA-BBOB,-1,976,5,5000,-0.6763519144265877,-0.7059746319163567,0.3681760910585835,0.11975365903639158
MA-BBOB,-1,977,5,5000,-2.2266630530164777,-0.5511945738773946,0.3681760910585835,0.11975365903639158
MA-BBOB,-1,978,5,5000,-3.8592857429661276,0.34046388588700677,0.3681760910585835,0.11975365903639158
MA-BBOB,-1,979,5,5000,-2.1006849819295925,-0.47629337388609094,0.3681760910585835,0.11975365903639158
MA-BBOB,-1,980,5,5000,-1.853700077996916,-2.2518068741949313,0.3681760910585835,0.11975365903639158
MA-BBOB,-1,981,5,5000,1.0151736378024219,-1.0299672258519,0.3681760910585835,0.11975365903639158
MA-BBOB,-1,982,5,5000,0.8669499784353012,-1.48533142452264,0.3681760910585835,0.11975365903639158
MA-BBOB,-1,983,5,5000,-4.993167872309675,0.16788909735188012,0.3681760910585835,0.11975365903639158
MA-BBOB,-1,984,5,5000,-3.844303818400864,0.1837599611768801,0.3681760910585835,0.11975365903639158
MA-BBOB,-1,985,5,5000,-2.48579982050606,-1.102066991453445,0.3681760910585835,0.11975365903639158
MA-BBOB,-1,986,5,5000,-2.615839521566324,-0.28417665353138266,0.3681760910585835,0.11975365903639158
MA-BBOB,-1,987,5,5000,-3.3314634789649373,0.3833480114692037,0.3681760910585835,0.11975365903639158
MA-BBOB,-1,988,5,5000,0.5745518468525261,-0.4330570688382241,0.3681760910585835,0.11975365903639158
MA-BBOB,-1,989,5,5000,-0.9774779017326282,-0.45984914112199565,0.3681760910585835,0.11975365903639158
MA-BBOB,-1,990,5,5000,-4.241873145807477,0.931570318900312,0.3681760910585835,0.11975365903639158
MA-BBOB,-1,991,5,5000,2.7202024155975137,-0.41621331123085265,0.3681760910585835,0.11975365903639158
MA-BBOB,-1,992,5,5000,-2.9060182275340662,0.42408985907777824,0.3681760910585835,0.11975365903639158
MA-BBOB,-1,993,5,5000,6.685175032507909,-1.860339334134334,0.3681760910585835,0.11975365903639158
MA-BBOB,-1,994,5,5000,-4.939801051832942,-0.20647930403085207,0.3681760910585835,0.11975365903639158
MA-BBOB,-1,995,5,5000,-4.129832853130534,-0.5593875303750675,0.3681760910585835,0.11975365903639158
MA-BBOB,-1,996,5,5000,1.1693950060965643,-1.4095403509695148,0.3681760910585835,0.11975365903639158
MA-BBOB,-1,997,5,5000,-0.23068262537315293,-0.6432321933580006,0.3681760910585835,0.11975365903639158
MA-BBOB,-1,998,5,5000,-2.3263674085546517,-0.7005547510039604,0.3681760910585835,0.11975365903639158
MA-BBOB,-1,999,5,5000,-0.5765641765840244,-2.270568472709601,0.3681760910585835,0.11975365903639158
MA-BBOB,-1,1000,5,5000,-0.14755567246653398,-1.0399945756316715,0.3681760910585835,0.11975365903639158
