problem_type,function_id,instance_id,dim,n_samples,y_min,y_max,y_mean,y_std,ela_meta.ela_meta.lin_simple.adj_r2,ela_meta.ela_meta.lin_simple.intercept,ela_meta.ela_meta.lin_simple.coef.min,ela_meta.ela_meta.lin_simple.coef.max,ela_meta.ela_meta.lin_simple.coef.max_by_min,ela_meta.ela_meta.lin_w_interact.adj_r2,ela_meta.ela_meta.quad_simple.adj_r2,ela_meta.ela_meta.quad_simple.cond,ela_meta.ela_meta.quad_w_interact.adj_r2,ela_meta.ela_meta.costs_runtime,ela_distribution.ela_distr.skewness,ela_distribution.ela_distr.kurtosis,ela_distribution.ela_distr.number_of_peaks,ela_distribution.ela_distr.costs_runtime,ela_level.ela_level.mmce_lda_10,ela_level.ela_level.mmce_qda_10,ela_level.ela_level.lda_qda_10,ela_level.ela_level.mmce_lda_25,ela_level.ela_level.mmce_qda_25,ela_level.ela_level.lda_qda_25,ela_level.ela_level.mmce_lda_50,ela_level.ela_level.mmce_qda_50,ela_level.ela_level.lda_qda_50,ela_level.ela_level.costs_runtime,pca.pca.expl_var.cov_x,pca.pca.expl_var.cor_x,pca.pca.expl_var.cov_init,pca.pca.expl_var.cor_init,pca.pca.expl_var_PC1.cov_x,pca.pca.expl_var_PC1.cor_x,pca.pca.expl_var_PC1.cov_init,pca.pca.expl_var_PC1.cor_init,pca.pca.costs_runtime,limo.limo.avg_length,limo.limo.avg_length_norm,limo.limo.length_mean,limo.limo.length_sd,limo.limo.cor,limo.limo.cor_norm,limo.limo.ratio_mean,limo.limo.ratio_sd,limo.limo.sd_ratio_reg,limo.limo.sd_ratio_norm,limo.limo.sd_mean_reg,limo.limo.sd_mean_norm,limo.limo.costs_runtime,nbc.nbc.nn_nb.sd_ratio,nbc.nbc.nn_nb.mean_ratio,nbc.nbc.nn_nb.cor,nbc.nbc.dist_ratio.coeff_var,nbc.nbc.nb_fitness.cor,nbc.nbc.costs_runtime,dispersion.disp.ratio_mean_02,dispersion.disp.ratio_mean_05,dispersion.disp.ratio_mean_10,dispersion.disp.ratio_mean_25,dispersion.disp.ratio_median_02,dispersion.disp.ratio_median_05,dispersion.disp.ratio_median_10,dispersion.disp.ratio_median_25,dispersion.disp.diff_mean_02,dispersion.disp.diff_mean_05,dispersion.disp.diff_mean_10,dispersion.disp.diff_mean_25,dispersion.disp.diff_median_02,dispersion.disp.diff_median_05,dispersion.disp.diff_median_10,dispersion.disp.diff_median_25,dispersion.disp.costs_runtime,information_content.ic.h_max,information_content.ic.eps_s,information_content.ic.eps_max,information_content.ic.eps_ratio,information_content.ic.m0,information_content.ic.costs_runtime
BBOB,1,1,5,1000,82.56769545178864,228.69319869129288,133.95448046784475,26.536063375548384,0.49309519639815036,3.79628309085472,0.011272621517728855,0.11462876925224626,10.168776541638119,0.5106231925246627,0.8383668807311659,1.4858734052989233,0.9457337702385764,0.064912,-1.2939698391979104,3.0055010965785254,3,0.038518,0.10400000000000001,0.06800000000000002,1.529411764705882,0.195,0.11699999999999999,1.6666666666666667,0.20400000000000001,0.133,1.5338345864661656,0.22724,1.0,1.0,0.8333333333333334,0.8333333333333334,0.20217691329649162,0.20221194254808195,0.20340518646228725,0.2841551565124029,0.014039,0.06301430507415282,,0.30180724280200144,0.35264692397301844,-0.07110077208492663,,,,1.1559956305363728,,0.20556105933956995,,0.848629,0.9627844718482073,0.9146968099728806,0.6860467571619678,0.13358937857021133,-0.443264561747644,0.181215,0.4067631192440791,0.5157051526165074,0.603236797401741,0.7335671326215658,0.41235344899701837,0.5144133539712985,0.6051526816601382,0.7331281341969356,-5.215629663921563,-4.257831321746426,-3.4882691824337435,-2.342428819954602,-5.191472759028551,-4.289840280187831,-3.488217694187515,-2.35763831014249,0.055705,0.8092801840964325,-0.33533533533533516,0.0505479682119124,-1.036036036036036,0.5190380761523046,1.547378
BBOB,1,2,5,1000,396.6258158713197,671.9793928569912,490.1396408902908,45.59582543555856,0.7679835664220492,4.3944977849458695,0.02304512907572559,0.10192954573709445,4.4230407823777895,0.8628319809308052,0.8337235563588866,2.0828192297656005,0.9488110371619733,0.025671,-1.60250717650897,4.980626253901183,5,0.042971,0.05700000000000001,0.034,1.6764705882352942,0.10700000000000001,0.06500000000000002,1.6461538461538459,0.11499999999999999,0.09,1.2777777777777777,0.222754,1.0,1.0,0.8333333333333334,0.8333333333333334,0.20095339014955935,0.20100486408600213,0.20604196928860669,0.31320694485999817,0.015385,0.1062256685616501,,0.21792538982511342,0.3202016555409688,-0.007802716095657835,,,,1.9147561082418734,,0.1632441486001796,,0.861254,0.8666855127021496,0.8930598793059746,0.6193365707015959,0.1499967467980323,-0.3323784358196756,0.178183,0.47595072705134994,0.5583511619071929,0.6437317809212914,0.7711050543477492,0.4755671564116828,0.5597473947404346,0.6382787246853813,0.769674582359043,-4.607318224175457,-3.882872938610662,-3.13222657331443,-2.0123906452372884,-4.626199054598407,-3.8836167702629734,-3.1908654126976144,-2.031778219781038,0.058108,0.7879103382889766,-0.4954954954954953,0.03833395101766601,-1.1561561561561562,0.4939879759519038,1.074118
BBOB,1,3,5,1000,-244.07677534339837,-28.61551352729927,-167.25889993369685,39.44553159030066,0.7183739269385548,4.184587489332881,0.0072939419199187505,0.11854050844165895,16.25191285358897,0.7858019889749313,0.8334943909914705,2.1968261025990876,0.9466105866835687,0.024491,-1.4911753923581623,4.112529815539537,4,0.016178,0.07100000000000001,0.054000000000000006,1.3148148148148149,0.11800000000000002,0.083,1.421686746987952,0.138,0.11000000000000001,1.2545454545454544,0.226953,1.0,1.0,0.8333333333333334,0.8333333333333334,0.20175387809905398,0.2016025711341332,0.2068103138691745,0.3089402895084689,0.017909,0.15835467615540977,,0.3546021322949882,1.4689017138169063,-0.19920486696869982,,,,3.980404829864487,,0.5999940859837837,,0.846098,0.9375001691684967,0.8990630046113504,0.6542997194011375,0.14747310121241247,-0.36547590160809734,0.252759,0.45080606097151094,0.5637971446076953,0.6395763234034685,0.7654178501603645,0.4456855707873012,0.5590378334823322,0.633536082174337,0.7621446606887861,-4.829654284067057,-3.836001892144777,-3.169593890334866,-2.062933700511733,-4.893554835970672,-3.8928673487852326,-3.2351877973510437,-2.099815708569996,0.051076,0.7883517076351558,-0.33533533533533516,0.05542985515684669,-1.0960960960960962,0.4779559118236473,1.147295
BBOB,1,4,5,1000,-149.81348430221476,41.121761044375404,-76.17330220472174,37.66973554534641,0.7217199833172152,4.149004455555737,0.008666453615255938,0.12477471458431959,14.39743638212904,0.7835220059868762,0.8538310524748757,2.234595649292901,0.9587514620528066,0.027451,-1.263402908021467,2.84590415253815,2,0.016959,0.08199999999999999,0.046,1.7826086956521736,0.118,0.086,1.372093023255814,0.14100000000000001,0.10400000000000001,1.3557692307692308,0.294302,1.0,1.0,0.8333333333333334,0.8333333333333334,0.20201138666855473,0.2020712325907211,0.20625521621127432,0.30905645411414784,0.018586,0.10722068868485839,,0.2532820362554522,0.2974651251728652,0.06061368375688399,,,,1.7318125496962495,,0.16554437359205604,,0.979831,0.9516169150509848,0.9074607215598516,0.6312014755068541,0.1421023675539789,-0.37860196311331984,0.173894,0.4621569903789446,0.555471305852389,0.6360717181800665,0.7606168081836825,0.46248348180274507,0.5526640346224639,0.6342472038897425,0.7606018916645836,-4.727692326727342,-3.9074504246369095,-3.198964966843013,-2.1042015213600704,-4.745667392251349,-3.9494743554920815,-3.2291865633201464,-2.113616527180138,0.054578,0.80669529536193,-0.43543543543543517,0.046096044868284336,-1.0960960960960962,0.49899799599198397,1.181586
BBOB,1,5,5,1000,-22.346200394740176,168.4072882029302,47.439420147649635,36.21830438672166,0.6955980729974831,4.086990678988154,0.021439385352667872,0.12347340518762216,5.759185870142373,0.7631386951953203,0.8401435907617433,2.0785804345048184,0.9523649308371862,0.034981,-1.3771706163210624,3.3923047688971115,4,0.024262,0.07,0.044,1.590909090909091,0.12600000000000003,0.08299999999999999,1.518072289156627,0.149,0.11499999999999999,1.2956521739130435,0.218653,1.0,1.0,0.8333333333333334,0.8333333333333334,0.20332149699348367,0.203229527696167,0.2051371237751669,0.30524141943545713,0.011789,0.11823934792757386,,0.27704782949705165,0.34120097451951437,-0.020189571289335094,,,,1.2086925810010698,,0.18902665748444578,,0.845191,0.9235278320535817,0.9066887754580429,0.6703450104610881,0.13642391788502908,-0.3712248540500864,0.177982,0.46244619246661933,0.5503842898347779,0.6332619003991901,0.7490695944377341,0.4642502017215719,0.5538576236925522,0.6292462295577546,0.7486316274689029,-4.725087780349627,-3.952113571110714,-3.2236209449689834,-2.2056735091897037,-4.727635854859764,-3.9369099183631997,-3.2716555826984832,-2.2181588020648455,0.059846,0.7876818785403752,-0.3953953953953952,0.052932660583605615,-1.1161161161161162,0.48096192384769537,1.150011
BBOB,2,1,5,1000,6265.461776869995,41801299.52941601,11332834.983166156,11506755.929974932,0.38794910704032637,15.471048956021994,0.0018467349663923716,0.3334785268762645,180.5773610967688,0.38632098643674384,0.6104754062276351,139.54550311120724,0.7996143417393999,0.025222,-1.6201758248509914,9.139351055212444,4,0.025679,0.101,0.06000000000000001,1.6833333333333331,0.36100000000000004,0.088,4.102272727272728,0.16999999999999998,0.149,1.1409395973154361,0.214733,1.0,1.0,0.8333333333333334,0.8333333333333334,0.20198588301113046,0.20196497843592304,0.21517230194601109,0.271133821118515,0.017058,0.16051114678229791,,1.0635475144694397,2.5577542229483887,-0.10632371620785892,,,,4.681107469590372,,1.1119789059441776,,0.837159,0.6793826995702323,0.877137351315987,0.47915955151113193,0.160372778625548,-0.458951178324409,0.182168,0.7095014322059183,0.8191914133824267,0.8265534283315383,0.8924164413700575,0.6866546669156894,0.7956692470262171,0.8189749272274874,0.8909428608621085,-2.554209683871613,-1.589760136762897,-1.5250295943074939,-0.9459288194245161,-2.7652056499586255,-1.8031752604126963,-1.597507609535823,-0.9624059638739872,0.056654,0.7844737583804917,0.1851851851851851,0.11067360180959745,-0.5955955955955953,0.49498997995991983,1.516455
BBOB,2,2,5,1000,4234.368241641653,26684601.67541553,8656028.124563117,7384221.869691859,0.008956719442544281,15.331086971807819,0.0013206990641707293,0.05553691752475344,42.05115232638196,-0.000274057549446427,0.6526920065613776,639.4729759341224,0.6578375327966457,0.023724,-2.0036146534701307,11.374686715923323,3,0.023617,0.1,0.06599999999999999,1.5151515151515156,0.25,0.12800000000000003,1.9531249999999996,0.458,0.06700000000000002,6.835820895522387,0.217908,1.0,1.0,0.8333333333333334,1.0,0.2020516020729087,0.2019928671313655,0.19209532866797932,0.18623446715134376,0.014262,0.36305905346576994,,1.217236018919991,4.896121948497104,-0.06713651856604397,,,,4.0014307937208065,,2.0932134743935142,,0.840848,0.6605791764619074,0.8757689757617921,0.48086241463714285,0.16629742857029756,-0.5320531416756474,0.183501,0.7737494280141516,0.8086307607186894,0.8222996278806259,0.8863927354047655,0.7657859272879672,0.8027581766130133,0.8183473748981712,0.8858364575982401,-1.989595987921863,-1.682857494431305,-1.5626565905125878,-0.9990364039901483,-2.0682640463570605,-1.7417748089406562,-1.6041119522584033,-1.0081390388724882,0.057978,0.8202146559069635,0.2652652652652651,0.15282140360258709,-0.5555555555555552,0.49298597194388777,0.933387
BBOB,2,3,5,1000,4867.1497475146,67671718.87624313,18901965.823513422,20450177.94568663,0.7345847527757061,15.761203259165573,0.0015616158237004864,0.5344958631878971,342.27103431964963,0.7405870068242185,0.7398134106053464,7.627155657263802,0.8318683711543874,0.021185,-1.2509348971164622,5.1232558147374245,3,0.0126,0.11800000000000002,0.038,3.1052631578947376,0.13599999999999998,0.078,1.7435897435897434,0.008,0.008,1.0,0.21637,1.0,1.0,0.8333333333333334,0.8333333333333334,0.20200023305417059,0.20199228505551758,0.2437431215812003,0.30965063678308846,0.017856,0.17093701329915337,,0.9909174565878585,2.026886748567305,-0.10938461693304549,,,,2.1457182458521333,,0.9716980585532561,,0.86483,0.7484339576546167,0.8828290978421157,0.5307473431276374,0.16277625848113553,-0.42025626389274207,0.184406,0.7457946960506494,0.8017842294996191,0.8336283979584121,0.88029477875234,0.7429004799751536,0.7926101607006089,0.8210684435263649,0.8759549619215605,-2.2353777202843075,-1.7430286083795572,-1.463003984235801,-1.0526388726807943,-2.272803693314879,-1.8333616207065768,-1.5817855372291483,-1.0965793349393111,0.055483,0.7796300546070176,0.2652652652652651,0.09203731996618221,-0.6156156156156153,0.4849699398797595,1.189477
BBOB,2,4,5,1000,3091.9103667644654,70157015.87661453,21291389.76774914,22340082.125092916,0.7954232194898399,15.838181240610664,0.001504589966564586,0.582109511477686,386.88913552096216,0.7955860982311693,0.8048809658044056,52.92888608158454,0.8485616478191925,0.023699,-1.2152612934130695,4.300830167311391,4,0.017458,0.11299999999999999,0.036,3.138888888888889,0.046,0.048,0.9583333333333333,0.011000000000000001,0.006999999999999999,1.5714285714285718,0.217606,1.0,1.0,0.8333333333333334,0.8333333333333334,0.2017194139427776,0.20163199190332376,0.2517109815734145,0.3154691815802994,0.016279,0.2508841287114912,,0.7534982458755953,1.4051737605462369,-0.11676531023676207,,,,1.5494155030863337,,0.6949344335186886,,0.844625,0.7089759032921941,0.8872067986840145,0.559657625387941,0.15018725144998737,-0.33832410237198995,0.184273,0.7770955640962152,0.7833720084566518,0.8269695785655741,0.8816545188184357,0.7484222501682609,0.7697821831210214,0.8234824418255141,0.8793129885123989,-1.9605946836228902,-1.9053891270567638,-1.521919126435848,-1.040928235880962,-2.2232673590076306,-2.0345032820722677,-1.5599381330166988,-1.0665469958135034,0.046091,0.792674753661218,0.2052052052052051,0.11589483034398118,-0.6756756756756753,0.5070140280561122,0.912401
BBOB,2,5,5,1000,17308.185139798767,25585376.07017875,8539980.66905417,7361250.3942881515,-0.003229058738184687,15.286775494316931,0.000864419768459539,0.01759952004570751,20.359923139045257,-0.012635442412989084,0.6454849089697745,94.59817178308859,0.6425273441050798,0.024584,-1.9692225077107632,10.41398265797183,4,0.017325,0.1,0.08499999999999999,1.1764705882352944,0.25,0.11900000000000002,2.1008403361344534,0.4709999999999999,0.068,6.926470588235293,0.202708,1.0,1.0,0.8333333333333334,1.0,0.2025107701888165,0.2025210047781639,0.19173240918333662,0.17443355158996893,0.016541,0.16023539798445088,,1.0098415224009638,1.8174075467806488,0.1420421270150035,,,,1.4920855863261657,,0.9167869911586786,,0.840688,0.7063152833097819,0.8785434782025223,0.47546916746660883,0.1643324365995696,-0.5602021571069997,0.182943,0.8130518145455488,0.8259607789444589,0.8442411044744359,0.8874043802345751,0.8274065745081591,0.8207114984525239,0.8335530564108146,0.8845624307654523,-1.6437483207879637,-1.530245809371559,-1.369515421321453,-0.9900008415037043,-1.523704299464237,-1.582810352560644,-1.4694413930124615,-1.0191159950683986,0.05498,0.7747078182033141,0.3053053053053052,0.13936192742241435,-0.5355355355355353,0.5270541082164328,1.178733
BBOB,3,1,5,1000,-416.18363012000725,320.5237516842471,-142.31639781606265,156.52801054562553,0.4751480163358581,5.418154083760581,0.006344395876561437,0.1504419624594701,23.712574906502727,0.4841646955684096,0.7759072732116731,5.3352981623588445,0.8921879477936148,0.029213,-1.3200902265294314,4.901165748985518,4,0.026056,0.10700000000000001,0.06700000000000002,1.597014925373134,0.23199999999999998,0.12999999999999998,1.7846153846153847,0.189,0.15799999999999997,1.1962025316455698,0.299388,1.0,1.0,0.8333333333333334,0.8333333333333334,0.20182939580599116,0.20179937142339127,0.20353446290767244,0.28166858522603994,0.01601,0.54188059288629,,0.9046819697464537,8.000649400093506,0.10651936015861545,,,,20.005829431686898,,2.679800582011368,,0.964463,0.8042461455912303,0.8993536097971815,0.5525244859105989,0.14405018157562896,-0.4657946133795151,0.176727,0.5313038532094493,0.587999889720001,0.6749090030108618,0.7801393093247038,0.5203499219760575,0.5744875273821226,0.6598306225271287,0.7703273050812732,-4.120193348451574,-3.6217923393672544,-2.8577955517835765,-1.932741631245234,-4.242727175221733,-3.763854971960508,-3.0089557535949547,-2.031561400245309,0.045344,0.8226885520310991,-0.09509509509509509,0.0697981390783066,-0.8958958958958956,0.5280561122244489,1.117686
BBOB,3,2,5,1000,129.83777356102115,6176.081498909841,1166.8677009961052,1424.6777235008324,0.7588682355677743,6.117791150133859,0.017069682710713577,0.3815417869031875,22.352013998697085,0.7935046434619677,0.9037464579466877,10.131856281682865,0.9604648081719587,0.029812,-0.021710774946517842,0.04185187044454297,3,0.017272,0.08399999999999999,0.045,1.8666666666666665,0.12800000000000003,0.08399999999999999,1.5238095238095244,0.097,0.08199999999999999,1.1829268292682928,0.223696,1.0,1.0,0.8333333333333334,0.8333333333333334,0.2019250596356,0.20194645038986397,0.22382380972326785,0.3115384190561609,0.015186,0.2858688825499784,,0.5610184153558303,1.2612526798023282,-0.11291835743593363,,,,2.313071869799195,,0.5711724399206826,,0.844077,0.7900063367256308,0.8873038619853073,0.5729608021078123,0.15470688560162862,-0.3395558834613058,0.176516,0.5275067798040063,0.6172492175007845,0.677253326437864,0.7874677052305464,0.5140112177419393,0.6034811736637146,0.6689070189902776,0.7800871409266467,-4.154179629659184,-3.365160463540204,-2.83760189468102,-1.8685925889259387,-4.2883069648370356,-3.4988347606838133,-2.9215249164305153,-1.9404848005745192,0.056796,0.7908821817194942,-0.13513513513513511,0.09637934799615785,-0.7757757757757754,0.47194388777555113,1.178539
BBOB,3,3,5,1000,164.51554585956606,8650.026125481105,1983.7164352525922,2422.216141629925,0.8888745686087989,6.478121103520427,0.004542608858514811,0.5007910807963195,110.24305556434177,0.9127011135848396,0.9296347651054936,12.534337076294232,0.9789522963062078,0.025129,-0.032393393325890064,-0.6684170115377595,3,0.02977,0.08299999999999999,0.041999999999999996,1.9761904761904763,0.083,0.049,1.6938775510204083,0.019000000000000003,0.018000000000000002,1.0555555555555556,0.213097,1.0,1.0,0.8333333333333334,0.8333333333333334,0.20199049893809734,0.20208799288836654,0.23898375375856218,0.32367913934159026,0.015861,0.2877502267142931,,0.6079946693100554,2.2404007786833597,-0.10068327022301027,,,,4.211028330942272,,0.9616768820712902,,0.86621,0.7955647711723413,0.9048363676322397,0.5954548598356542,0.13519745535482547,-0.3303308629415744,0.180857,0.5587889873419422,0.6045127839693334,0.6848036716524809,0.8168494454033947,0.5356521690928919,0.5920657909630905,0.6733905893391187,0.8105471250891167,-3.878071650305489,-3.4761774220160317,-2.7704520290209267,-1.6098214984250374,-4.097503603410251,-3.5996978562766886,-2.882070611757376,-1.6717722921356124,0.050203,0.7769376365757087,-0.1551551551551551,0.09203731996618221,-0.6556556556556553,0.46693386773547096,1.331375
BBOB,3,4,5,1000,38.9630187524581,1176.184786108297,429.78295391813606,226.3479719879741,0.7807889776618215,5.757543371862452,0.02363877660351279,0.1685979915264457,7.132263837266078,0.8516422189283698,0.8369379946865887,4.052108813823012,0.9358100464203786,0.031496,-1.2492031009921571,3.949405096655587,2,0.01958,0.06600000000000002,0.037000000000000005,1.783783783783784,0.09,0.06200000000000001,1.451612903225806,0.11400000000000002,0.079,1.4430379746835444,0.216234,1.0,1.0,0.8333333333333334,0.8333333333333334,0.2022015866039823,0.20229810802844575,0.20759818594214022,0.31394283139470947,0.01533,0.10600608383192202,,0.28417309029927146,0.3206048888746226,-0.09261713007859243,,,,1.408089112206455,,0.18436269605042527,,0.838119,0.8382735995396011,0.8954944957219488,0.5842699584523502,0.14826179076502055,-0.3439003970588209,0.174427,0.5103522229180869,0.5985869686140949,0.6732913257251368,0.7899937871357322,0.48275859555441125,0.5718721030505609,0.657785089994139,0.782969228826037,-4.306513782097121,-3.5304780964778937,-2.873443880171041,-1.8470310544771351,-4.571478375063789,-3.783876166610681,-3.0245607704067012,-1.9181594292681154,0.055592,0.8224601698755156,-0.33533533533533516,0.0607832312829723,-1.036036036036036,0.5070140280561122,1.355702
BBOB,3,5,5,1000,176.52031187590256,7623.92758788556,1365.760077878903,1481.6324123285601,0.7403509931589557,6.334554036225743,0.01487577866250106,0.3472626156992484,23.344163931037087,0.7910074029122197,0.894639751378287,22.726385981011834,0.9683394164714877,0.023838,-0.12249401494056919,-0.2836503870699505,3,0.02679,0.08199999999999999,0.053000000000000005,1.5471698113207544,0.11600000000000002,0.071,1.633802816901409,0.135,0.095,1.4210526315789473,0.207471,1.0,1.0,0.8333333333333334,0.8333333333333334,0.20166423018646965,0.20164737400992622,0.2223902369880828,0.31011293372565524,0.014132,0.2126067732058983,,0.4980293589192903,0.4767729820227049,-0.04099308397575267,,,,1.5278600285256059,,0.2909341087622348,,0.837102,0.8878362561271338,0.8871387391436539,0.6170806948113653,0.15872738594578356,-0.3539989596451001,0.177034,0.5437552957567775,0.598032475182275,0.6849463636795055,0.7955537858248062,0.5182516971558946,0.5789265621344301,0.6671346880612393,0.7821868817120756,-4.0112845648093485,-3.5340818487536705,-2.7699385367238065,-1.797482657064383,-4.260033632555659,-3.7234941908319215,-2.943481929461253,-1.9260912888335575,0.052152,0.795957129571673,-0.19519519519519515,0.14593657991557576,-0.7357357357357354,0.4969939879759519,1.173268
BBOB,4,1,5,1000,-395.8755117358498,9355.33818008298,811.0529865978137,1718.9677748394815,0.161742024123534,6.340479432472903,0.021770219687240105,0.12770813129559078,5.866184775822115,0.15545063169071138,0.7105551451110834,20.322617256426444,0.8870899134374165,0.027491,0.02830654238480161,0.4533932814641859,4,0.017221,0.1,0.089,1.1235955056179776,0.26199999999999996,0.16499999999999998,1.587878787878788,0.304,0.16999999999999998,1.7882352941176471,0.218132,1.0,1.0,0.8333333333333334,0.8333333333333334,0.20271264607477474,0.20266593560192261,0.2013186990210525,0.23526838728281343,0.014534,0.7917650690335218,,1.7016758633290436,13.292763958742224,-0.1985377447304814,,,,4.7910264283545585,,5.340554833420476,,0.761246,0.8315253012944824,0.8948120284351349,0.5270398671442834,0.15447078257413302,-0.494464309188145,0.158691,0.5367702840142106,0.6037781778808767,0.6893930420109264,0.7941186148635392,0.5323049335557013,0.5934745208030155,0.6806648888244384,0.7869376365476765,-4.073743107583032,-3.484461081035839,-2.7315453016277083,-1.8105657835324065,-4.138130079779856,-3.5969062629877326,-2.8254525734725,-1.8851594518071622,0.045766,0.8064096804834796,0.2652652652652651,0.11589483034398118,-0.6956956956956954,0.501002004008016,0.91879
BBOB,4,2,5,1000,131.2938929241917,11067.682128491693,1573.3286036457637,1736.220308639483,0.30046259028095235,6.607119553506801,0.013335273946196574,0.19156082706982813,14.364971266635601,0.30189945700780585,0.753176577447419,27.732600137281302,0.9043047694694348,0.023151,-0.0856948442246881,0.10681308517258259,3,0.019957,0.10700000000000001,0.07300000000000002,1.4657534246575339,0.23400000000000004,0.13800000000000004,1.6956521739130432,0.275,0.175,1.5714285714285716,0.230863,1.0,1.0,0.8333333333333334,0.8333333333333334,0.20192618969718504,0.20193805277030755,0.20458514395591784,0.25830254918918,0.015188,0.3388034902557064,,0.8620214176862179,2.862069797810595,-0.18936748982790372,,,,2.7410859560103633,,1.255217525171767,,0.837596,0.8579085714554157,0.9094463925756389,0.6093582746523478,0.1331564722495312,-0.43726088906462124,0.172977,0.5488172291444112,0.6210357918302531,0.6860858893246631,0.7811388380076244,0.527241419364089,0.6053664311295224,0.6700537760864869,0.7746585810523448,-3.967751448433745,-3.3326533790700372,-2.7605955895743186,-1.9246893910740388,-4.174702596104673,-3.4848183659778327,-2.9135956785678836,-1.9898811893066002,0.058222,0.8267448570575332,0.12512512512512505,0.07653919388230147,-0.7557557557557554,0.530060120240481,1.377575
BBOB,4,3,5,1000,184.3128787047171,8571.628850155601,1799.833197070899,1910.374192770213,0.5446308573336573,6.6699554716197,0.007646482915174502,0.3139208721578586,41.054282817382656,0.56085047048293,0.7778769929189592,15.204508192884251,0.867711749323786,0.026472,-0.3641473582852565,0.5523764688421196,4,0.024402,0.10800000000000001,0.06000000000000001,1.7999999999999998,0.201,0.13799999999999998,1.456521739130435,0.192,0.16799999999999998,1.142857142857143,0.211724,1.0,1.0,0.8333333333333334,0.8333333333333334,0.20167831609658907,0.20170282452420646,0.21549292970905334,0.28984534661340644,0.012982,0.11200639945903795,,0.8648726416936238,2.665497217926831,0.06021941718494324,,,,3.025419232679664,,1.1164126485026622,,0.804488,0.8698743080229593,0.9069038601781249,0.6312532108637005,0.14101354822271886,-0.4157601150936605,0.177248,0.5092354316878113,0.6235332262628726,0.6758746235346896,0.7824109922107902,0.4964657119311509,0.6089516046317545,0.6610881775199243,0.7715458748609021,-4.314757513070441,-3.309861683760265,-2.849680872623317,-1.9130227949194811,-4.452215169408443,-3.457622726167317,-2.996634773223901,-2.019975492352475,0.057122,0.7977562341978053,0.12512512512512505,0.09203731996618221,-0.6756756756756753,0.5230460921843687,1.156321
BBOB,4,4,5,1000,51.574621965501784,5617.5634613632255,989.646401603612,938.8391858880814,0.24746363927269077,6.393732195046754,0.00696107873616247,0.1437382596771334,20.648848422072867,0.24520938016693117,0.6716436832805595,12.058021165275226,0.8599722066430474,0.03001,-0.4072315240690365,1.7764288129837746,4,0.029363,0.10700000000000001,0.06600000000000002,1.6212121212121209,0.24099999999999996,0.13299999999999998,1.8120300751879699,0.32,0.19,1.6842105263157894,0.215105,1.0,1.0,0.8333333333333334,0.8333333333333334,0.20193058981815218,0.20202859174641058,0.2033697569745395,0.2512974510323109,0.015698,0.20386067633715724,,0.6642814109115229,0.8204224326076099,-0.0943697803169671,,,,1.4849708465736904,,0.45789266155689834,,0.854135,0.8810249069394424,0.8978045837119325,0.5734693682571463,0.1512439249965471,-0.4935832453617408,0.177045,0.5665011869681865,0.6378076324480308,0.7080709446316167,0.7907445690199583,0.5415255284154153,0.6226214200077571,0.6950187233891917,0.785201659874842,-3.811309004982875,-3.184384802192252,-2.5666317971209995,-1.839767686693242,-4.051987893653508,-3.3352640817005836,-2.6954182123747668,-1.898383285673158,0.053724,0.8060880255772009,0.08508508508508503,0.07309099328602911,-0.8158158158158154,0.5430861723446894,0.927981
BBOB,4,5,5,1000,203.78909465321976,7569.688269387056,1064.339080183357,1337.814595303147,0.09805055333877377,6.074859034692152,0.013906402005365352,0.10023039396686546,7.207500108812811,0.09061104573427725,0.667344341689412,22.043613677128832,0.8672407231029935,0.037032,0.1612984032884841,1.4792838834115045,3,0.01139,0.10200000000000001,0.079,1.2911392405063291,0.283,0.148,1.912162162162162,0.43100000000000005,0.121,3.5619834710743805,0.259705,1.0,1.0,0.8333333333333334,1.0,0.20201510596752895,0.20207147660910837,0.19895872842073747,0.22054943931199522,0.013903,0.2430082144680352,,0.7153022049569597,0.995772541663029,0.07915135361486643,,,,2.4405347451554875,,0.5053603332513096,,0.848535,0.8069623886748374,0.8940570058247072,0.5706944612711599,0.14738976447938654,-0.4546076384090574,0.180786,0.5521580005058216,0.6293733412484576,0.7028018568875968,0.8026784830326266,0.5141897683513378,0.6176993770317322,0.6940978427971796,0.7961717648891989,-3.937540652199891,-3.258643756663081,-2.613041589634607,-1.7349009148099865,-4.290545578978364,-3.376376496128275,-2.7016457511246816,-1.8001562668982087,0.061871,0.8193042612387522,0.1651651651651651,0.07309099328602911,-0.8758758758758756,0.5360721442885772,1.309441
BBOB,5,1,5,1000,15.153503816854084,193.36568491170718,98.57290020960349,34.84691053212428,0.8407369053937511,4.317824690043278,0.014077886133070703,0.14391686784134394,10.222903245627576,0.9113739363683924,0.8701259685452458,34.44716692058035,0.967209149666894,0.018705,-1.9699701452253648,7.761014451594422,5,0.027108,0.035,0.015,2.3333333333333335,0.012,0.018,0.6666666666666667,0.027000000000000003,0.026000000000000002,1.0384615384615385,0.208793,1.0,1.0,0.8333333333333334,0.8333333333333334,0.20198813337028967,0.20199723897551655,0.20522152323419238,0.31952380681943615,0.013692,0.11684536515166219,,0.17819929667949785,0.22308603317159093,-0.0879686225048478,,,,1.6835236960623583,,0.11417130355679146,,0.769044,0.6949791984249101,0.8667616994423182,0.585632094713025,0.16722933023776965,-0.326756795969329,0.182523,0.6832069126411996,0.736739075152705,0.8010985851384615,0.869773744336147,0.6515161409949699,0.718581791039288,0.7881784724581635,0.8642058562777369,-2.7857523543214686,-2.31501181830894,-1.7490598969441482,-1.1451578736601817,-3.077370625740186,-2.485131254792517,-1.8705410018638897,-1.1991628829856404,0.05193,0.7833839085814243,-0.3953953953953952,0.03044272212064303,-1.316316316316316,0.45490981963927857,1.102471
BBOB,5,2,5,1000,673.2500432976844,856.4713839171402,763.8356548683181,34.944834156949504,0.8754686615376175,4.422518238614161,0.01429223743749649,0.12739831070157928,8.913811518925836,0.933282187210582,0.8993581739087708,20.55055885301029,0.9733061272723633,0.025112,-1.7578721951004734,7.944533797565853,3,0.025782,0.034999999999999996,0.019000000000000003,1.8421052631578942,0.015,0.023,0.6521739130434783,0.039,0.039,1.0,0.222658,1.0,1.0,0.8333333333333334,0.8333333333333334,0.20226682556289016,0.2022623287192505,0.20520485670116878,0.32347506290170885,0.01474,0.1061131837135787,,0.15685303599037956,0.2734108793638591,0.010563134780909644,,,,1.4391184984474303,,0.13188426085269062,,0.84808,0.73343321992211,0.891414393730788,0.6006548758705436,0.14523725726598705,-0.3056335191079123,0.181824,0.7161169427979303,0.7354705781117801,0.8057055198220154,0.8675229931733837,0.7240327747989566,0.7306312108971215,0.7948224607266425,0.8605678683762906,-2.496665078116627,-2.326455746503366,-1.7087608126817813,-1.165094950918471,-2.4362146079980214,-2.3779641893094263,-1.8112894313688646,-1.2308947036682358,0.053435,0.7946438647281344,-0.5955955955955953,0.019199206655932846,-1.376376376376376,0.4589178356713427,0.662764
BBOB,5,3,5,1000,80.15272784877864,272.8706687052389,174.50921001097228,34.85439915844146,0.8753546435773313,4.473089208985341,0.013422662808714068,0.12047682754035594,8.975627955292277,0.9305261192717396,0.896890937919772,693.2918690580169,0.9686345385565029,0.030351,-1.8797016251354788,10.254999421008156,4,0.026687,0.038,0.015,2.533333333333333,0.01,0.023,0.4347826086956522,0.041,0.039,1.0512820512820513,0.213498,1.0,1.0,0.8333333333333334,0.8333333333333334,0.20189191188375544,0.20190565785884512,0.20390744453200726,0.3227637630184451,0.018178,0.10040603054124793,,0.147887881914745,0.2272997823175343,-0.07727776266509587,,,,1.4074186624678966,,0.11200249795547912,,0.870027,0.7554520328832918,0.8877166619200808,0.5913545186105336,0.15274746963404515,-0.31192134006631245,0.18187,0.6963599879933186,0.7382217298032163,0.7942682775634129,0.8682164308995098,0.6710783283015707,0.7216567385107332,0.7860888943494532,0.8612479241387774,-2.6699072574325946,-2.3018168745862253,-1.8089994635010926,-1.1587731973348303,-2.9068577451685833,-2.45986912719264,-1.8904475069309834,-1.2262267314061557,0.044153,0.8003013747924175,-0.6356356356356354,0.025316484786313556,-1.316316316316316,0.4559118236472946,1.162644
BBOB,5,4,5,1000,952.789583487643,1138.2497736982023,1049.4754752051188,34.84352362063221,0.8810266246993875,4.502305988238682,0.012944052994178884,0.11651499833616395,9.00143088015495,0.9327418008020723,0.901092952364488,67.18992692970127,0.9694812790316917,0.038236,-1.8830286315949238,11.224802122245363,3,0.031339,0.043,0.017000000000000005,2.5294117647058814,0.021,0.022,0.9545454545454547,0.029000000000000005,0.030000000000000006,0.9666666666666667,0.213658,1.0,1.0,0.8333333333333334,0.8333333333333334,0.20208033332459227,0.20214159789997846,0.20358510513685454,0.3230073261396622,0.018502,0.08767391529192133,,0.13368233411020533,0.2024880175238377,-0.07971932445632905,,,,1.472015498441554,,0.10015640528809042,,0.857861,0.7015916077488119,0.8711983919820572,0.584021115836714,0.1643183206366099,-0.28610203699494524,0.185049,0.6980491907434018,0.7088626873843606,0.7781371810898754,0.8599305724046099,0.6863352898407987,0.6940294055787058,0.7682008353917472,0.854297221735788,-2.6549810963870275,-2.559900612124463,-1.950786592186116,-1.2315969060095693,-2.7692916901781874,-2.7013616678130923,-2.0465148916946134,-1.2863847287065324,0.050632,0.79309184854025,-0.6556556556556553,0.025316484786313556,-1.376376376376376,0.46092184368737477,1.322191
BBOB,5,5,5,1000,-16.168728438498384,161.6274272501119,70.37559990877189,34.81534003588295,0.8616662897765962,4.365941031315729,0.014328449684884094,0.1359169143745762,9.485807422554778,0.9270099518601106,0.8882902413560173,30.541238400353663,0.972080420154322,0.019892,-1.8026556032626166,7.01266942873351,4,0.016062,0.036,0.015,2.4,0.009999999999999998,0.016,0.6249999999999999,0.028000000000000004,0.025,1.12,0.212351,1.0,1.0,0.8333333333333334,0.8333333333333334,0.20277244192478286,0.20274689528735287,0.2041969506914955,0.32111849943922827,0.019276,0.1211770673625016,,0.17638019110936196,0.2351976927796822,-0.009241732358241262,,,,1.369970968418495,,0.11886550036288668,,0.765997,0.6966076706802846,0.8707181851568324,0.5655861613341682,0.167311706972804,-0.3357596746387153,0.158048,0.7213026839205899,0.7132277505259268,0.8037485256246945,0.8554129296193957,0.7009846581520273,0.6999508053112423,0.7992468266218792,0.8502814920343873,-2.450545299732644,-2.5215470243072273,-1.725610905987252,-1.2713332539677067,-2.6389782594608278,-2.6481025911872598,-1.7717594581885594,-1.321349884986991,0.044261,0.7972499185258901,-0.43543543543543517,0.03044272212064303,-1.296296296296296,0.47995991983967934,1.311881
BBOB,6,1,5,1000,74.42172936868687,1076734.0593354672,230338.8892580388,186841.75233039111,0.4963059670796196,11.661909847633735,0.05126131755577715,0.3476239459544236,6.781408721618908,0.6771300182105708,0.5418515836810253,2.075317096789298,0.7814010365107198,0.024251,-2.7878190092990573,10.057117464916658,3,0.017972,0.07600000000000001,0.04,1.9000000000000004,0.125,0.077,1.6233766233766234,0.189,0.10300000000000001,1.8349514563106795,0.253861,1.0,1.0,0.8333333333333334,0.8333333333333334,0.20343551795852893,0.20341243898487044,0.22915979794459818,0.2836334339993375,0.015211,2.579158450660767,,3.5601579999699244,41.131238644745565,-0.19453498881268397,,,,5.93943100353009,,15.419522892338566,,0.842723,0.8140437595787754,0.8894676472242105,0.6219320412528663,0.14812574369154313,-0.33872664103857447,0.177942,0.5177570284854933,0.641120075643585,0.7124759016004838,0.8082463840054496,0.5146713755095522,0.6206700636344527,0.6969942009372039,0.7947566679527487,-4.239822914830367,-3.1552296598129796,-2.5278777151105434,-1.6858750113910599,-4.287777799401255,-3.3513013610193463,-2.6769934282680374,-1.813282296199418,0.046151,0.7695892428689008,0.3653653653653652,0.08015006961565405,-0.7957957957957954,0.46693386773547096,0.935177
BBOB,6,2,5,1000,54.73441854066938,1466247.832903728,234679.92908708524,263175.4157602235,0.5990283418756612,11.212680667782475,0.1296400106907696,0.38875105007599947,2.99869652898508,0.7146582550380747,0.6385442181127082,213.196935356376,0.8340642402943986,0.034942,-1.6777610355783654,2.5968373672674785,3,0.025501,0.08299999999999999,0.05500000000000001,1.5090909090909088,0.121,0.07899999999999999,1.5316455696202533,0.12000000000000002,0.08800000000000001,1.3636363636363638,0.262074,1.0,1.0,0.8333333333333334,0.8333333333333334,0.20222683663442756,0.2022912001294245,0.26165226128466634,0.29690120006121296,0.011472,0.3106673029243092,,1.328836480466186,5.083084062536679,-0.0627443551134752,,,,3.6964672255622286,,2.1790973177896595,,0.839318,0.8760926325964437,0.887248659929341,0.6325364533140903,0.1562702083411545,-0.3636238355206458,0.175918,0.5069100227132953,0.5933138120959321,0.6907471480551782,0.8184633513102646,0.48248665548248315,0.5863093498572305,0.6819786941600952,0.8062080450140404,-4.334654468512419,-3.5750961951831606,-2.718579404025083,-1.595852038550344,-4.56959869601401,-3.652853159193465,-2.80810100814997,-1.7111664349978373,0.050761,0.7803537048794345,0.38538538538538525,0.10568759711848051,-0.6756756756756753,0.501002004008016,1.345385
BBOB,6,3,5,1000,-986.2961973620025,1234393.9640509686,326642.8415945624,227589.1368077476,0.542679499034362,12.3082605426667,0.05499182645457246,0.2033396071694341,3.697633271690085,0.690706165030712,0.5714848532550454,19.764911844652964,0.7755265767834033,0.027099,-3.4281914499269295,21.195759903771364,5,0.027877,0.06200000000000001,0.034999999999999996,1.771428571428572,0.121,0.066,1.8333333333333333,0.146,0.092,1.5869565217391304,0.218879,1.0,1.0,0.8333333333333334,0.8333333333333334,0.2020544555519014,0.20204669034780148,0.2146555530553097,0.29020978034284833,0.013399,0.17250451086316296,,0.48627866569513356,0.8963446997955431,-0.011060719766406546,,,,1.3687647919099966,,0.4465756852566076,,0.865817,0.873278347555228,0.8921517409707791,0.6244123754251657,0.15534071442189276,-0.357930593046449,0.179514,0.5309881510220923,0.6166249853038558,0.7089955313347229,0.8150408660215852,0.5270098875751041,0.6000365982073882,0.6905835074853871,0.7999002116911219,-4.123931711102289,-3.370943364853469,-2.5587467758362266,-1.6263103790103406,-4.1796027337663055,-3.534298251962533,-2.734175586369801,-1.7681926117951239,0.05731,0.7904974183333081,0.005005005005004979,0.06665363268124913,-1.0160160160160159,0.48396793587174347,1.388882
BBOB,6,4,5,1000,13192.416432893771,2797987.7722574975,863477.6440350156,564546.5400877108,0.7280778629570448,13.36011400892932,0.007619564797079134,0.20724333183209784,27.198841056059003,0.7871353862211254,0.7542038678926453,6.917028569964925,0.8375117861881228,0.022813,-3.4949236706343383,38.952756996871436,4,0.021136,0.05500000000000001,0.03,1.8333333333333337,0.05800000000000001,0.047,1.2340425531914896,0.06899999999999999,0.053000000000000005,1.30188679245283,0.210634,1.0,1.0,0.8333333333333334,0.8333333333333334,0.20265249727605672,0.2026722270495726,0.21251715725269843,0.30954769692572376,0.01722,1.9982511974993036,,2.2686006684477213,29.936736452862984,-0.19962226823613194,,,,4.2716910954717315,,12.31508454037563,,0.853041,0.8604759534629595,0.8976785579876826,0.6497800226139444,0.1451313019640302,-0.3482369277332036,0.180438,0.5691089311704852,0.6596324001153125,0.7191944946584561,0.822377209331934,0.5288783519358085,0.6458299851469661,0.7027766669190478,0.8120188054614706,-3.78817234703416,-2.9923366321145766,-2.468697374302428,-1.5615680910713632,-4.163786297561047,-3.1301644934200192,-2.626868127760643,-1.6613830530496854,0.043817,0.775942351438492,-0.2752752752752751,0.04203621683844714,-1.0960960960960962,0.46392785571142287,1.119015
BBOB,6,5,5,1000,614.9507585578585,2820302.1026996817,714247.2694348604,522105.1599891674,0.6883400033297168,13.043509583895357,0.03385406419684555,0.25681898143765536,7.586060567037774,0.8301547862024482,0.6948650232774174,3.2553278562569403,0.8581254723736653,0.027965,-3.3489322806917796,20.85410001662047,7,0.022451,0.044,0.027000000000000003,1.6296296296296293,0.05900000000000001,0.041999999999999996,1.404761904761905,0.063,0.045,1.4000000000000001,0.217951,1.0,1.0,0.8333333333333334,0.8333333333333334,0.20192807161874382,0.20185082807537555,0.22084053393904396,0.3049976315571728,0.016099,0.1910389944274239,,0.4452369876804273,0.7876381998844365,-0.025894937793626525,,,,1.7448856257431502,,0.389773178954309,,0.836446,0.796786994697413,0.8796561993166127,0.6115693157654826,0.16300409903507912,-0.29679196756541476,0.173144,0.5924473821193806,0.6329010118761902,0.7092648875623476,0.829605252620899,0.5719625768274766,0.6062174612742467,0.6978183699350766,0.8204598246097409,-3.5852960313409667,-3.229419926374047,-2.5576364843754167,-1.498985860320463,-3.783248026813162,-3.480483088571485,-2.6708600552001744,-1.586882308664662,0.054042,0.7783187242171137,0.045045045045045015,0.052932660583605615,-0.9959959959959955,0.45390781563126253,1.126802
BBOB,7,1,5,1000,104.78011734168032,3384.8617165342853,639.0543720367406,505.8963369237041,0.008831172744780846,5.8292796959141375,0.005897277502133288,0.031498048094842454,5.341116826102946,0.5111394251761655,0.2206571726969242,2.9000229338234726,0.7455046777195016,0.033786,-0.6679984362164415,1.0017780442724566,2,0.026188,0.1,0.06899999999999999,1.4492753623188408,0.25,0.11600000000000002,2.155172413793103,0.461,0.086,5.36046511627907,0.208128,1.0,1.0,0.8333333333333334,1.0,0.20258693208378453,0.20250616504214863,0.19739533656054994,0.18660764011156292,0.014281,0.07857390702140175,,0.6586291105807945,1.3609724705644064,-0.1424699709047998,,,,1.5785183647668886,,0.6661387009790886,,0.838872,0.8490528729256474,0.885989083592431,0.5819068480715952,0.16263917879627812,-0.45975807610382236,0.181752,0.6850875106560287,0.7479954202473067,0.8038807024426232,0.8836750297754706,0.6516156346566893,0.7307880446153475,0.7868991248227137,0.8704405749292643,-2.768428637250789,-2.215398623151059,-1.7241052611359216,-1.022624982158706,-3.0790898011186743,-2.379348411193032,-1.8834276065208755,-1.1450717772050014,0.050249,0.8223138485609645,0.005005005005004979,0.10568759711848051,-0.7357357357357354,0.5,0.924828
BBOB,7,2,5,1000,45.69531990243347,3460.465537182837,870.042506683652,589.9355990734961,0.7154907610446204,6.36956036235255,0.0609636547804108,0.2009884968949073,3.2968577362833917,0.8203635530643917,0.7499836504356752,229.29362982053252,0.9038627897309666,0.027288,-1.3529086283943228,3.1849175863753594,3,0.023476,0.08499999999999999,0.035,2.428571428571428,0.11200000000000002,0.06300000000000001,1.7777777777777777,0.12400000000000003,0.069,1.7971014492753625,0.211635,1.0,1.0,0.8333333333333334,0.8333333333333334,0.20116514874872438,0.20101190982121847,0.21291014908119646,0.3082678553566059,0.018305,0.10016900943850585,,0.3993956936043255,0.9883340325140069,0.10210136016832431,,,,2.4595181948328086,,0.45668996727945943,,0.838447,0.8085290405124768,0.881222488721679,0.6190643367212375,0.15902478240092166,-0.3618388562139804,0.17451,0.5513569797289457,0.6779997273959798,0.7379603659991474,0.824558643042465,0.5325378921603422,0.6569068612145439,0.7190939285791164,0.8125820618545808,-3.9448666599026057,-2.831311493729938,-2.304084470362456,-1.5426357450333539,-4.130285268122556,-3.031416906213842,-2.481959904467425,-1.655940740269469,0.04989,0.7986174469092329,-0.09509509509509509,0.06665363268124913,-0.9959959959959955,0.47995991983967934,1.402518
BBOB,7,3,5,1000,9.27453431293689,8083.484232626993,1234.8329423547948,1170.7049534583568,0.7616078746811931,6.578787768152466,0.017875358461311885,0.22161934567801156,12.398036445404337,0.7916903117319468,0.7853567329147455,7.776295719907317,0.8948247349613859,0.024636,-0.7118941035155923,0.7354763017118948,2,0.017748,0.11799999999999997,0.05,2.359999999999999,0.097,0.05600000000000001,1.732142857142857,0.037,0.04,0.9249999999999999,0.257769,1.0,1.0,0.8333333333333334,0.8333333333333334,0.20449271888294068,0.20451601332413788,0.21851567381476686,0.31183219143903523,0.014044,0.18623705203378083,,0.4859262749627006,0.679887434526008,-0.055174030966822676,,,,1.610410276447992,,0.3588448767729737,,0.829246,0.7970169023770911,0.9034444904589859,0.6141049107653479,0.13514920880160472,-0.374810618405156,0.180516,0.6150322501039132,0.6890153820848234,0.7497139413563003,0.839400114969198,0.5670106195674502,0.6552011236573687,0.7371452526902476,0.829847158133324,-3.385220128907253,-2.7346482624353676,-2.2008945007321143,-1.4122376839442055,-3.8243866810621148,-3.045442428663347,-2.3216693990534534,-1.50287811107449,0.053991,0.813886548677689,-0.09509509509509509,0.11589483034398118,-0.8358358358358354,0.48897795591182364,1.386203
BBOB,7,4,5,1000,28.975905928201023,2553.3585686703937,577.1432509101492,370.19848869925534,0.34150096581957934,6.051329916490587,0.012468193939104137,0.11464313376938104,9.194846850258278,0.6138177030152965,0.533224899033549,12.154860881602248,0.8635309583340619,0.036024,-1.118875122336124,3.6015105263649074,3,0.029984,0.10400000000000001,0.054000000000000006,1.9259259259259258,0.227,0.10400000000000001,2.1826923076923075,0.281,0.098,2.86734693877551,0.212827,1.0,1.0,0.8333333333333334,0.8333333333333334,0.20191128884812234,0.20190093884249405,0.20177752703567464,0.2637969963626175,0.015503,0.12236026734132167,,0.3838588528892154,0.5564336711130508,-0.1160605323933301,,,,1.9936404097171674,,0.2883727627714639,,0.832324,0.8058968686100149,0.9069386516073814,0.5990058727333437,0.13487240787732827,-0.43407272803775443,0.1791,0.6098082183609701,0.6753547675018662,0.7452672882790056,0.8211390002911609,0.5912841443176072,0.6478712814515438,0.7169127324016364,0.8025548743342382,-3.4304143525969852,-2.8541545913287534,-2.2395109058756297,-1.572476329316089,-3.6098157159080397,-3.11003295949092,-2.5002525675053224,-1.743853358631541,0.056502,0.8186325492649736,-0.19519519519519515,0.0697981390783066,-0.9359359359359355,0.5,1.420753
BBOB,7,5,5,1000,74.49262061324748,2922.726280169435,556.3272954098487,394.12427405777254,0.15995103219279927,5.814716183479699,0.016000576300570585,0.11224329865163374,7.014953495620724,0.5328523008461652,0.3709923013746662,2.5389973707284996,0.8029647316818478,0.020988,-0.9205548540598918,2.0659020835270123,2,0.022942,0.1,0.06300000000000001,1.587301587301587,0.2820000000000001,0.11299999999999999,2.495575221238939,0.33599999999999997,0.097,3.4639175257731956,0.204023,1.0,1.0,0.8333333333333334,0.8333333333333334,0.20222021898277753,0.2021910723871657,0.20031489755843987,0.2344670730621623,0.01616,0.4275440484680779,,0.8795282263177747,4.71344521208752,0.07743314243093447,,,,10.193536556847546,,1.5478066650961682,,0.834002,0.6755530164671087,0.8864358520601323,0.4716032083398673,0.1545681113619547,-0.442953980265658,0.181035,0.620209209849073,0.7725082150032221,0.8010325616562023,0.8256069579485281,0.5919374942327918,0.7404351871188346,0.7698894753384226,0.804984805912491,-3.3403881554728816,-2.000867013569853,-1.7499857595395678,-1.5338456517971961,-3.6046576298258053,-2.292889618533505,-2.0327024578380914,-1.7226846313111812,0.054913,0.8111518602122807,-0.015015015015014989,0.09203731996618221,-0.8358358358358354,0.5020040080160321,0.909289
BBOB,8,1,5,1000,257.8979281933665,335140.8320080488,69527.50989804514,57828.71623130079,0.2680222797865671,10.645542963225942,0.007524496378732981,0.1266106646447494,16.826463629193594,0.2820929565668572,0.7161762294600912,39.01263412726732,0.8656872805773651,0.01941,-1.6673587305427209,6.812231029070919,3,0.022401,0.101,0.087,1.1609195402298853,0.24699999999999997,0.15799999999999997,1.5632911392405064,0.28,0.18,1.5555555555555558,0.217802,1.0,1.0,0.8333333333333334,0.8333333333333334,0.20260089825080552,0.202560311047629,0.20343059574636305,0.2531276708659639,0.014566,0.07239149320771149,,0.8185649649562704,1.090071639122531,-0.08767417509614099,,,,1.3090674342881925,,0.6059694910958873,,0.838304,0.881007662183524,0.9011984407577683,0.5773430564118268,0.15035445277037532,-0.5094852063111365,0.174884,0.5218827946677139,0.6097913671175241,0.6545214312517685,0.7606903550650673,0.47705711189390804,0.5880964185582256,0.639546676105309,0.7545968833226252,-4.203634217131406,-3.4307369463202155,-3.037467626512923,-2.1040242867623062,-4.615918499909416,-3.6357954281430107,-3.181653683340267,-2.166127146903114,0.055369,0.8217601972221187,0.025025025025024978,0.14593657991557576,-0.6156156156156153,0.5160320641282565,0.954555
BBOB,8,2,5,1000,-826.5684067254963,967689.8570758812,176772.22106420048,177740.86975105005,0.6132217822228654,11.412997884874082,0.01142998741022129,0.3376891764051837,29.5441424636395,0.6629539624829552,0.7693219723479751,36.57019536733561,0.9111347326820171,0.022069,-1.2874243955110358,4.382923498565206,2,0.011748,0.10500000000000001,0.06200000000000001,1.693548387096774,0.15600000000000003,0.11499999999999999,1.3565217391304352,0.147,0.10200000000000001,1.441176470588235,0.211134,1.0,1.0,0.8333333333333334,0.8333333333333334,0.20195679859661306,0.20197969718823222,0.2219368033779526,0.2974591789608834,0.01501,0.2644669688638204,,0.7616979830183067,2.315949930013502,0.32068729466801377,,,,3.2253839370047617,,0.9924407812160432,,0.836162,0.8401985741054427,0.9001536366006919,0.5930669094410077,0.14414052318104173,-0.40982559539192254,0.178512,0.5313400788373902,0.6191030635249087,0.6681980641757558,0.7825537113713142,0.49035981135238865,0.5974925430562192,0.6548346640953063,0.7763804480670945,-4.121304967795532,-3.3495342051411,-2.917802237162432,-1.9121807286848505,-4.503632931231182,-3.556913050692601,-3.0501871872092536,-1.9761007875470948,0.056803,0.7921129948674224,-0.055055055055055056,0.11067360180959745,-0.6956956956956954,0.49498997995991983,1.410562
BBOB,8,3,5,1000,229.85196632722847,797603.1791907485,162715.38983731484,144131.16271770804,0.55352000835285,11.388419973685659,0.03787559594072892,0.2635684066378833,6.958792332940144,0.6463366840835889,0.7314026547879497,13.466619369522776,0.8928479261532356,0.029475,-1.502697244235911,4.79855837342822,3,0.041489,0.099,0.057999999999999996,1.7068965517241381,0.154,0.098,1.5714285714285714,0.20600000000000002,0.144,1.4305555555555558,0.209627,1.0,1.0,0.8333333333333334,0.8333333333333334,0.20287267927015912,0.2028822166827625,0.21793059663677905,0.2903204535773339,0.013712,0.29260131573630166,,0.6901921080858637,1.6712326923601253,-0.07508590497900189,,,,3.872346887374699,,0.7124618768591561,,0.842378,0.9451713993652776,0.9152701778035265,0.6358548783896643,0.13504784507089043,-0.42960550617031784,0.176268,0.5137364756991485,0.5901131976545743,0.6545945707527231,0.7709779411076345,0.4972680447366762,0.567423341462465,0.6365627839185874,0.7629133771076947,-4.275891954014673,-3.604283670517007,-3.0372755141667733,-2.013874226568274,-4.443140933462949,-3.823108991355107,-3.2120551610237946,-2.09536964563459,0.057635,0.8036614816272862,-0.03503503503503503,0.11067360180959745,-0.6556556556556553,0.49799599198396793,1.382933
BBOB,8,4,5,1000,266.2982326182024,756517.3069532615,155483.80746099207,138687.02470881832,0.5303967621486203,11.33722408178919,0.032179628868741206,0.27396636375593875,8.513658279697111,0.6208019554519744,0.7234897836875163,7.4922647192081735,0.8905802657369994,0.018291,-1.4756430149707278,4.545175483074691,2,0.017394,0.095,0.05900000000000001,1.6101694915254234,0.156,0.101,1.5445544554455444,0.22400000000000003,0.15500000000000003,1.4451612903225806,0.215445,1.0,1.0,0.8333333333333334,0.8333333333333334,0.20221264282119938,0.20232193280289196,0.21801253926493167,0.2885665383998045,0.018417,0.20311914253144073,,0.6383481181509585,0.822658759585459,0.1439697235344112,,,,1.9091484250153559,,0.44524561617949987,,0.838851,0.8773272045216993,0.9055138859402622,0.621262784187564,0.1380322028442581,-0.4557855567351726,0.174447,0.4849889600567537,0.5726607605474071,0.6562657689726831,0.7666302219574338,0.4571834372964231,0.5501729160510322,0.6425757231053627,0.7589744391196326,-4.529203587700651,-3.7581843230142056,-3.022929979435024,-2.052342870334922,-4.798698285194911,-3.976637053278173,-3.159762215210728,-2.1307547063857113,0.05083,0.7876583554457159,-0.055055055055055056,0.12708787092020596,-0.6356356356356354,0.4879759519038076,1.115654
BBOB,8,5,5,1000,255.52745559306385,787866.1872439019,172912.62775688953,148749.52607105026,0.5638611361270085,11.47457758322588,0.040935495711658665,0.23679173238628132,5.784508731839827,0.6661079154503301,0.7206864017474777,17.268267099760966,0.8815505033004492,0.029296,-1.6792385449776448,5.853848556595574,3,0.034705,0.08299999999999999,0.053000000000000005,1.5660377358490563,0.15,0.10300000000000001,1.4563106796116503,0.20500000000000002,0.142,1.4436619718309862,0.201081,1.0,1.0,0.8333333333333334,0.8333333333333334,0.20154100314654028,0.20157408772907578,0.2181678371539769,0.2915983902878064,0.016033,0.18989156596037393,,0.5865411856833492,0.6337761234207206,-0.012408223255021378,,,,1.3823322910441407,,0.3745064895776148,,0.83759,0.8718035249318753,0.8982094387062207,0.6186259858307532,0.14886084816854758,-0.40716724092383066,0.176745,0.45297841768916697,0.591267934387958,0.6589500751459552,0.7724230845587244,0.4433332348764179,0.5686773337190222,0.6444443479929172,0.7654600779721306,-4.811194613929712,-3.594902973125487,-2.9996212482280677,-2.001597131141418,-4.918721970721434,-3.811178263238692,-3.1416989605139527,-2.0724008325405627,0.059673,0.797364520131389,0.045045045045045015,0.11589483034398118,-0.6756756756756753,0.4909819639278557,0.952594
BBOB,9,1,5,1000,585.8483891254624,811301.8539346842,75394.60109219709,80579.05877334764,0.040127961498948816,10.612111255066669,0.0034890706482475055,0.086229560887885,24.714191709243973,0.28539605826715897,0.5276389212138695,1.5961671335115408,0.8359406403949405,0.021082,-1.228851519680517,4.571143461568996,2,0.015651,0.1,0.091,1.098901098901099,0.25,0.15600000000000003,1.6025641025641022,0.413,0.17,2.429411764705882,0.220014,1.0,1.0,0.8333333333333334,1.0,0.2024520961392971,0.2025662383060764,0.1946180394258151,0.20185378761978767,0.01762,0.08928942162334282,,0.7319018607924158,0.7488859254559905,-0.04887830235165591,,,,1.1531600898000323,,0.46650013470695395,,0.839324,0.9283171484056015,0.9079408324373488,0.6446337968348655,0.1414633543230911,-0.5501966795054428,0.176626,0.6176423189035476,0.648402312583903,0.7028451500035092,0.7887656187998933,0.5697776799532371,0.6062997535519334,0.6581308548398687,0.7633877167636983,-3.3611400372921185,-3.090742314381422,-2.6121590149166902,-1.8568695517462475,-3.7979517319324785,-3.475539187964845,-3.0179803591177397,-2.0887852374003577,0.052069,0.8192832661566151,0.045045045045045015,0.16003103137387018,-0.5955955955955953,0.5180360721442886,0.900625
BBOB,9,2,5,1000,218.50185408553077,497151.2361578274,72695.58579618206,72441.76656203516,0.04063669625032207,10.654090034328284,0.009675836416093243,0.054558148513084985,5.638597653670711,0.14615242610271384,0.6444009253901708,4.808619637857821,0.8306319351338766,0.029345,-1.4931084931008374,6.88605624222197,3,0.016407,0.1,0.093,1.0752688172043012,0.251,0.175,1.4342857142857144,0.41200000000000003,0.183,2.2513661202185795,0.201177,1.0,1.0,0.8333333333333334,1.0,0.2032501785116185,0.2032891282596251,0.19621038341739497,0.20162428337317348,0.01546,0.0596086493789614,,0.77918186501913,0.9190675640484355,0.008386031499295043,,,,1.359339652972472,,0.5346243720713371,,0.836231,0.857451615673805,0.9029649065358359,0.6139262394787014,0.13967561804934053,-0.5334810088972196,0.174011,0.5178881341744133,0.6302462532143784,0.6839579277412734,0.7702670874126906,0.5082665048305821,0.5888841776313987,0.6532457462148781,0.7557428171867172,-4.238843143347982,-3.250963615271126,-2.7787176918147782,-2.0198668615104554,-4.34240305676761,-3.630484035104981,-3.0621195146873355,-2.1569877742829213,0.059497,0.8335669887933893,0.025025025025024978,0.13936192742241435,-0.6356356356356354,0.5230460921843687,0.922993
BBOB,9,3,5,1000,414.477540784305,431062.0029883713,73699.36624852623,73712.21067718529,0.044141279955949186,10.611750672302456,0.011424828812088136,0.07958609453983642,6.96606451167388,0.2861862016359019,0.5369962634173506,1.6095562063150854,0.8342107809324921,0.029289,-1.2526861636263757,4.84888377581039,3,0.024152,0.1,0.087,1.149425287356322,0.25,0.14900000000000002,1.6778523489932884,0.41400000000000003,0.15,2.7600000000000002,0.202907,1.0,1.0,0.8333333333333334,1.0,0.20162447878590373,0.20160612771422537,0.19485554082819387,0.20340749898939503,0.017711,0.07861543267240535,,0.7188392736701902,0.9789703074518112,-0.05259100673364978,,,,1.5395233553619772,,0.5350412212281184,,0.839779,0.9916557300666501,0.9115619756382839,0.6619179571088102,0.14465232783989965,-0.5391199365486479,0.178077,0.5549254905764164,0.6303957083759864,0.712670503909351,0.7985290755628355,0.5088577199580407,0.5838618886024616,0.6733424658836495,0.7687124187903566,-3.911762126648701,-3.2484539986217147,-2.52534040228928,-1.7707289794126373,-4.338054230029617,-3.675573795582012,-2.8852293016260298,-2.042866417312098,0.055177,0.8166863448220569,0.025025025025024978,0.16003103137387018,-0.5955955955955953,0.5260521042084169,1.167332
BBOB,9,4,5,1000,267.9437886109213,550561.6746611485,72043.40469163946,74444.79575050516,0.04055213925748491,10.596271123698493,0.004387536111061165,0.06741997737110828,15.366250137779984,0.23961730518577906,0.5462616857389084,2.007624978009155,0.8258481542122469,0.019304,-1.4078223241781622,5.477963187629321,2,0.011448,0.1,0.089,1.1235955056179776,0.25,0.16599999999999998,1.5060240963855422,0.403,0.16099999999999998,2.503105590062112,0.204955,1.0,1.0,0.8333333333333334,1.0,0.20250741256631016,0.2025074555738584,0.19466271063431165,0.20157279355756771,0.020191,0.05708065799218211,,0.7626847620327999,0.9136112423228457,-0.04490842027667341,,,,1.8885945400650328,,0.520020509467468,,0.835322,0.8500302958083376,0.8986536121269746,0.6065019427328572,0.14520038020236453,-0.5078845246657171,0.174292,0.5649053748773654,0.599966845538054,0.7023917733443213,0.789950357724172,0.551335434339438,0.5711363547768175,0.6677092464003718,0.7649098627588475,-3.8256657119501813,-3.5173799773715544,-2.616786148507395,-1.8469079318907733,-3.96544110372691,-3.7904342282041954,-2.9368920872375046,-2.077801914052092,0.045608,0.8207354315251865,0.08508508508508503,0.1675807864530769,-0.5955955955955953,0.503006012024048,1.200397
BBOB,9,5,5,1000,399.09005362385125,564030.7340197378,73115.64161583241,74616.51818756688,0.03593669913495734,10.6163399646808,0.013914290911798896,0.06249111705022213,4.491146365010348,0.26790905475364113,0.5525352290265764,1.878999648159567,0.8351670854351874,0.024821,-1.2630814524759204,4.864099452567674,2,0.022645,0.1,0.089,1.1235955056179776,0.25,0.154,1.6233766233766234,0.43200000000000005,0.16,2.7,0.21007,1.0,1.0,0.8333333333333334,1.0,0.20263703464089836,0.20258077732864113,0.19505711421563615,0.19954769198800346,0.019962,0.09033872680605472,,0.7351000470385487,0.7840928688346512,-0.0034382715929548004,,,,1.2435809918406882,,0.4776962636661889,,0.863252,0.9209881374190406,0.9083245949798388,0.5817263158089122,0.14306963603144185,-0.5393350527613281,0.184592,0.548535699657201,0.5959615152767341,0.7006655835350564,0.777330884157127,0.5190173974076018,0.5606136451705395,0.6515079277228844,0.7540975758619942,-3.969827320660386,-3.5528014375328185,-2.6321149725331123,-1.957979709290714,-4.249145127106418,-3.8816713504351625,-3.078683891621753,-2.1723760519361806,0.06351,0.8141593905462092,0.005005005005004979,0.15282140360258709,-0.6156156156156153,0.5250501002004008,1.196383
BBOB,10,1,5,1000,30239.038317391696,86751207.65369691,14200829.212824201,16986070.142668203,0.455261262233259,15.602576876738667,0.03906519753963759,0.2864254584549264,7.331985411421616,0.5640939494323514,0.4900658071795212,6.671131605722469,0.6872939484849035,0.017999,-1.4564532477275565,8.382489785694101,2,0.025144,0.11200000000000002,0.05800000000000001,1.9310344827586206,0.319,0.084,3.7976190476190474,0.098,0.076,1.2894736842105263,0.223947,1.0,1.0,0.8333333333333334,0.8333333333333334,0.20207939178854964,0.2020957018338832,0.22113142237136668,0.2805356259686962,0.017042,0.34481505510759786,,0.9384207300910503,2.3055563441866824,0.18806051157643439,,,,2.5373556572596265,,1.0262644978316915,,0.849209,0.6446072632777902,0.8739693619206956,0.4861352063349304,0.16795469405138952,-0.4450025083903339,0.182934,0.8643325434422539,0.8239959827646501,0.8443517331915112,0.8865288839535171,0.8701275414370516,0.8128283771118823,0.8401361000505921,0.8825464895075101,-1.192770063972425,-1.5474036900504249,-1.3684386651660718,-0.9976228181750937,-1.1460687496383244,-1.651709301454309,-1.410730357726468,-1.0364768589139723,0.050781,0.799764740949569,0.2052052052052051,0.14593657991557576,-0.5755755755755754,0.4819639278557114,1.472333
BBOB,10,2,5,1000,8522.304599586032,91387930.98786892,15460128.531299446,18086251.682827525,0.5188810096921213,15.699374368588261,0.03179913907355056,0.27145750352779136,8.536630595561641,0.6091455681633657,0.5335087943941508,1.7878825488710848,0.7079077265986782,0.023048,-1.4878463193796458,8.591388572249103,3,0.038709,0.11099999999999999,0.048,2.3124999999999996,0.263,0.06200000000000001,4.241935483870967,0.077,0.06300000000000001,1.2222222222222219,0.301201,1.0,1.0,0.8333333333333334,0.8333333333333334,0.20159596428774487,0.20155535195957772,0.22362992252800842,0.28723735836488057,0.018194,0.3419710252342152,,0.8402703278369884,1.5783588439501672,-0.03145483103313005,,,,1.6904825898610314,,0.7707251975132292,,0.907062,0.7212731845757191,0.8758642396768195,0.5197551261952232,0.16441701585317092,-0.42583662937751887,0.181964,0.6600494544977877,0.7811190205744003,0.8273701356054566,0.884998599951345,0.6458744305367942,0.7764311666921819,0.8102599069184864,0.8771359281902468,-2.9887672268094514,-1.9243513697345405,-1.5177221742908298,-1.0110659331193403,-3.1295551502514805,-1.97577089611117,-1.6768122290987044,-1.085800975331808,0.049587,0.7985138724444816,0.1651651651651651,0.11067360180959745,-0.6756756756756753,0.4789579158316633,1.138303
BBOB,10,3,5,1000,6389.097036389318,54146388.67577405,8524397.833495604,8467532.472125446,-0.0016905193931480156,15.225917791685884,0.002006854208464872,0.024405523124084498,12.16108425870822,0.16064905174819044,0.42888867099713135,66.21092168163038,0.5932096736017747,0.018086,-1.8678150559274196,9.575358579014303,3,0.033216,0.1,0.07400000000000001,1.3513513513513513,0.25,0.12000000000000002,2.083333333333333,0.52,0.083,6.265060240963855,0.243715,1.0,1.0,0.8333333333333334,1.0,0.20135775127365144,0.201362679501382,0.1900135471879926,0.17612311811354878,0.011232,0.20887917940697645,,1.3919405039573174,4.0186658720695565,-0.05515636305974714,,,,2.061249874687352,,1.8343906661956928,,0.847598,0.6261012450323079,0.8870168202823006,0.46275711159204364,0.15347856691012188,-0.5556552814512704,0.190352,0.8553197766225863,0.8675355874462946,0.9050983186019481,0.9032868582923284,0.8584545739562318,0.8545529701877639,0.8948343526067668,0.8977817327602108,-1.2722402591281767,-1.1648209728911505,-0.834514468633353,-0.850443478693693,-1.251307166791082,-1.2857986010529947,-0.9296982033364003,-0.9036424132459322,0.05184,0.7756795394154757,0.3053053053053052,0.15282140360258709,-0.4954954954954953,0.503006012024048,1.402545
BBOB,10,4,5,1000,30271.20570923766,152870970.91419092,24554407.87630389,25966857.11653348,0.7262766041167402,16.24308277404255,0.033889687853230085,0.3719256724964424,10.974597172661582,0.7416582383437214,0.7349178830857757,18.883655532919224,0.7913745636560463,0.020308,-1.919504779069867,10.15652564453303,3,0.020168,0.11200000000000002,0.029000000000000005,3.862068965517241,0.033999999999999996,0.033999999999999996,1.0,0.024,0.025,0.96,0.222926,1.0,1.0,0.8333333333333334,0.8333333333333334,0.20212703099007276,0.202097371697526,0.23443734155546106,0.3080891623438526,0.014191,0.2700618533249952,,0.9068196477258411,4.266757392898301,-0.1823399381703958,,,,3.24886603507633,,1.8283583684749765,,0.843112,0.7308880189694317,0.8754466906347076,0.5846067436807741,0.16278726493008117,-0.3669302452927509,0.185332,0.7835759852911841,0.7816058063132284,0.8262993488474459,0.856186872315095,0.7908940840604854,0.773459854037524,0.8157847785843944,0.8461631527685185,-1.9034228846471066,-1.9207503691156713,-1.5276760988225364,-1.2648189652909805,-1.8480731615248276,-2.0021564759663244,-1.6280897893917556,-1.3596064336330507,0.050078,0.7971043979178487,0.22522522522522512,0.08789090653419955,-0.7957957957957954,0.4939879759519038,1.279525
BBOB,10,5,5,1000,18205.907958683645,158842123.50401565,20731261.49379837,23111220.831287485,0.672416127486815,15.987249524904936,0.08267402142133906,0.3349033461023416,4.050889751637259,0.678909377716852,0.674389876468849,9.604906443354201,0.74652418930039,0.033047,-1.6541517807738932,7.545946614615714,2,0.021998,0.125,0.039,3.2051282051282053,0.07100000000000002,0.039,1.8205128205128212,0.012,0.017000000000000005,0.7058823529411763,0.254683,1.0,1.0,0.8333333333333334,0.8333333333333334,0.20183109206945918,0.20182399363236248,0.23646394885023397,0.30401082644973887,0.016203,0.1838895496250696,,0.757324196674876,1.0547453357028653,-0.07083106342472563,,,,1.5509160999779281,,0.567612187986242,,0.87117,0.6291527194312818,0.8814297858797019,0.5099669595318503,0.15152280334106516,-0.4015075081989236,0.186074,0.7434304764810379,0.7931800288767041,0.837612166140091,0.8691042166083844,0.7512568136167407,0.7902039788863665,0.8376519459671603,0.8671813503933159,-2.2552547174974986,-1.81795448325739,-1.427394506384907,-1.150578326473192,-2.1963915659441318,-1.8524897829066065,-1.4335262879352166,-1.1727829253852606,0.052772,0.7974139212964015,0.24524524524524513,0.11589483034398118,-0.6756756756756753,0.4879759519038076,1.387362
BBOB,11,1,5,1000,106.92836114327258,79512056.049748,13443767.567234226,16432965.901734224,0.3757992920835803,15.251126204160112,0.013750448069029753,0.41773563677147524,30.37978360227727,0.45744487466532635,0.4037001570343558,139.9527572727833,0.6322005815758731,0.023628,-1.664935840234959,4.801973831307757,4,0.01735,0.1,0.06400000000000002,1.5624999999999998,0.33399999999999996,0.073,4.575342465753424,0.1,0.091,1.098901098901099,0.224831,1.0,1.0,0.8333333333333334,0.8333333333333334,0.20307888137300412,0.20312071599537346,0.23225938454759376,0.269493163014407,0.01512,0.4691474380954018,,1.3950297209572555,4.970674134883605,-0.07017426862480032,,,,5.914198600839443,,1.8674042076593804,,0.858058,0.5899507568249984,0.8722155114177715,0.4526550327481966,0.16558668817740033,-0.5101208678012372,0.197225,0.9686453664627516,0.9232659734304619,0.9389447231830348,0.9155284076441849,0.9707668184490825,0.9153153568769438,0.9400904351097507,0.9116432399742737,-0.2756316351868673,-0.6745518231845491,-0.5367234085467736,-0.7425710493542272,-0.2582757421834021,-0.748190511390213,-0.5293022009582877,-0.7806337374814074,0.053269,0.7933776263254707,0.5055055055055053,0.12136237983442417,-0.5755755755755754,0.501002004008016,0.717593
BBOB,11,2,5,1000,5.9592233402766475,86478126.5824171,9890949.040905813,12372784.837152414,0.17117878620998384,14.947260851477173,0.02312156596981832,0.2242104608759125,9.697027492367303,0.396173471966764,0.21850527400156505,19.138517422017124,0.5161923417235668,0.019891,-1.4832075883337192,3.847043955386675,5,0.012517,0.1,0.05600000000000001,1.7857142857142856,0.286,0.065,4.3999999999999995,0.23399999999999999,0.053000000000000005,4.415094339622641,0.225654,1.0,1.0,0.8333333333333334,0.8333333333333334,0.20187992651535966,0.20191679641149926,0.20845918440734365,0.2366425106872442,0.019679,0.7355334844436792,,2.036300491347417,11.35324283981586,-0.19255738455689128,,,,5.266924146553583,,4.69442418357223,,0.857934,0.6018222318476373,0.8780433242161717,0.4262407413010713,0.16149446418413538,-0.5598142929569571,0.194286,0.9563221861500151,0.8946915798452517,0.9050847589274537,0.9184539238524733,0.9506168105285069,0.899931322359927,0.9026743960779026,0.9131631891719466,-0.3840835159654308,-0.9260360056645682,-0.8346429524851935,-0.7170803865665007,-0.43627835281056804,-0.8840619311141209,-0.8598281038517657,-0.7671643163764355,0.051108,0.7749953472884734,0.4854854854854853,0.13936192742241435,-0.4154154154154152,0.48697394789579157,0.948669
BBOB,11,3,5,1000,74.32857901604953,89857571.84308882,14465524.29171498,17644816.36691951,0.4188391356846908,15.315760102729326,0.003954897506300292,0.4144839852739055,104.80271223555549,0.48449985291354125,0.4367406373151793,3.662971818502367,0.616274908453164,0.020187,-1.6589097457365662,5.007823630216601,4,0.015819,0.101,0.051000000000000004,1.9803921568627452,0.308,0.052000000000000005,5.9230769230769225,0.07800000000000001,0.07,1.1142857142857143,0.214076,1.0,1.0,0.8333333333333334,0.8333333333333334,0.20258194388780038,0.2025531176207533,0.23599615854259381,0.2748409628408536,0.019591,1.083659736731192,,2.2355834875137237,13.524291261038977,-0.03459683182256046,,,,4.627121105925976,,5.6003853874680996,,1.050561,0.6458138348993713,0.8668000598400512,0.41590689884068754,0.1784417185569272,-0.4712706305556291,0.187896,0.8598002933108204,0.8539148497847853,0.8630307570598147,0.886886618696173,0.8451848673155561,0.8450082208226848,0.8561283760244747,0.8797394909784165,-1.2329933716896528,-1.284753200782185,-1.204582895776003,-0.9947813208070491,-1.368377765893376,-1.3699391063713824,-1.271650438670994,-1.0629568557459894,0.049021,0.7802802255940665,0.5055055055055053,0.12708787092020596,-0.5555555555555552,0.5080160320641283,1.391085
BBOB,11,4,5,1000,965.6936733646979,68475508.04265149,8199839.2008162765,9609862.644140474,-0.0036390400877372997,14.791497433768551,0.007725624106981353,0.014637395418926752,1.8946553982220664,0.3223057727865345,0.1340262454649983,18.158746295626305,0.48547055372832015,0.030964,-1.6261419784016469,4.062578801644905,3,0.015542,0.1,0.053000000000000005,1.8867924528301885,0.25,0.07600000000000001,3.2894736842105257,0.4879999999999999,0.077,6.337662337662336,0.209301,1.0,1.0,0.8333333333333334,1.0,0.20136545510179416,0.20125163552267566,0.1812703915893595,0.17261073287328293,0.01705,0.3408101714031969,,1.797478785118569,6.119149719512534,-0.02176617316540943,,,,3.3022182207389537,,2.5698187055624278,,0.861939,0.6196194421576542,0.8712844924536033,0.46198472484191433,0.16832542929773522,-0.563472353878467,0.190725,0.8411041927683287,0.8835712946518862,0.9430088938460686,0.9499665592959491,0.8206712302128374,0.8725762958191683,0.9405121105739036,0.9479944941610569,-1.3968548525807103,-1.0235260758522147,-0.5010094638242535,-0.4398445475459489,-1.5841184968587427,-1.1256099451899662,-0.5254921789226081,-0.4593958004381662,0.055027,0.7735398928365413,0.5655655655655653,0.12136237983442417,-0.3753753753753752,0.5190380761523046,1.161003
BBOB,11,5,5,1000,19.628020551517196,57292534.35143669,8341566.714595415,9106580.777070692,0.00704168519094861,14.924851018497879,0.0021719547846794137,0.07412448277290107,34.128004549524746,0.18552221515578016,0.3253550170873608,104.62193692764413,0.5130921527136711,0.023336,-1.7064800801957751,4.624014137377174,4,0.025417,0.1,0.048,2.0833333333333335,0.25,0.095,2.6315789473684212,0.4210000000000001,0.092,4.57608695652174,0.216922,1.0,1.0,0.8333333333333334,1.0,0.20193537558235164,0.20192176294650474,0.18513486019621772,0.18518729192862501,0.017335,0.1490398352258043,,1.5215017525013503,3.1502703981761444,0.10027917198563166,,,,2.5625921949724058,,1.4442601033153593,,0.836693,0.609778865127624,0.8617321518089063,0.45051112085558254,0.17792290961614604,-0.5518107121969338,0.188395,0.9122813744058935,0.938187456067426,0.9164527018750347,0.9198705137300925,0.8873879422961655,0.9392960305525723,0.912706304559588,0.9156672156219953,-0.7711478759148029,-0.5434035432686652,-0.7344770970946044,-0.7044305894748888,-0.9940888435748567,-0.5358674729761379,-0.7705896732653343,-0.7444520756228385,0.055714,0.7726074122566081,0.5055055055055053,0.22097561147959033,-0.3953953953953952,0.49498997995991983,1.452146
BBOB,12,1,5,1000,1682427.0258134902,52623694113.940094,763086677.4922935,3189122725.0230613,0.5362315943208671,18.620980915835716,0.1188335332230777,0.2949315119941605,2.481887931754976,0.7173711280717945,0.6523056979486126,7.238206072321537,0.8611096334786417,0.036475,-0.606567366687275,16.917652909320164,2,0.017864,0.091,0.048,1.8958333333333333,0.159,0.10500000000000001,1.5142857142857142,0.173,0.129,1.3410852713178294,0.20763,1.0,1.0,0.8333333333333334,0.8333333333333334,0.201973095810134,0.20196196923227222,0.2268327115465617,0.2901269307932307,0.016592,0.26411866723180955,,0.5600679546887806,0.6923833371020064,-0.10851572005105421,,,,1.3893769866784877,,0.37727783936391107,,0.808779,0.9415793197244111,0.9115934018068307,0.6372536949205932,0.13653269802789095,-0.33935686500351503,0.163291,0.6081206446112407,0.6416491492021426,0.6810930158058806,0.7784974254229858,0.5611890804723391,0.6017163353260269,0.661838774356312,0.771097098137598,-3.4460869876426257,-3.1512458795388305,-2.804386588340374,-1.9478370817006905,-3.8765320659292675,-3.5185072402172786,-2.9873751457068405,-2.0221680900945005,0.048554,0.780445419917143,0.005005005005004979,0.09203731996618221,-0.8758758758758756,0.45390781563126253,1.413282
BBOB,12,2,5,1000,1833381.4890580876,17252193162.7632,753580006.3836987,1518931986.402145,0.7961845838280837,19.237133705491722,0.09357125303852523,0.40163954623045584,4.29233908051966,0.8127669497253648,0.8346369245313284,9.242735150789423,0.8948792856416866,0.030279,-1.396075860242007,14.849187911749901,3,0.034069,0.076,0.041999999999999996,1.8095238095238098,0.098,0.076,1.2894736842105263,0.076,0.06100000000000001,1.245901639344262,0.222912,1.0,1.0,0.8333333333333334,0.8333333333333334,0.20293652618058353,0.20297220298281018,0.24226698388790693,0.31528501091061106,0.014076,0.29799295075601046,,0.6476648715444225,0.8103544541370159,-0.05281813550375545,,,,1.689166878200321,,0.43816585160701677,,0.84322,0.8670340922140887,0.8988149203706604,0.6142985540958683,0.14348022768591168,-0.344506445402164,0.179567,0.5054343713592826,0.5969298295607183,0.6686681709839782,0.807372026988744,0.4990905402299152,0.583801637319823,0.6611085790212363,0.8019215735391175,-4.349752830772555,-3.5450413723391074,-2.914095678562557,-1.6941817675331823,-4.42387889261389,-3.6757364347768613,-2.992985209031615,-1.7493679802028028,0.055055,0.8020603147301377,-0.055055055055055056,0.13936192742241435,-0.6556556556556553,0.48396793587174347,1.178249
BBOB,12,3,5,1000,574146.8967538974,43455322606.36067,1857353034.7735438,4931643566.08548,0.8082842952164652,19.524014007412568,0.0019805851277571278,0.473899899697786,239.2726740478174,0.8576320947507312,0.8376320332824914,5.252299679946898,0.9104102455611751,0.034548,-0.6055470828487953,8.485272685511571,2,0.052769,0.07300000000000001,0.043000000000000003,1.6976744186046513,0.096,0.07200000000000001,1.3333333333333333,0.064,0.061,1.0491803278688525,0.29825,1.0,1.0,0.8333333333333334,0.8333333333333334,0.20148484424023747,0.2014779838289805,0.25691375185547716,0.31627121952632437,0.014079,0.3314375150103633,,0.6735748994783446,0.8973490870598395,0.039288391065868566,,,,1.208356096537882,,0.47847668095338775,,0.918859,0.8211738377891123,0.8912995371634186,0.5931746630841912,0.1497984480591569,-0.31324711025167135,0.185605,0.47968761039550234,0.5775731084340345,0.6538474870067325,0.8050102982516546,0.46182078990370007,0.5686646406120769,0.6449967460866347,0.7961354997165137,-4.574749618747163,-3.7141096382672885,-3.043481394029512,-1.7144105763288078,-4.755396438528242,-3.8113152521770575,-3.136838394451315,-1.8013637472487272,0.067547,0.7891170459264222,-0.07507507507507503,0.13936192742241435,-0.6356356356356354,0.4759519038076152,1.356731
BBOB,12,4,5,1000,1424549.3279964395,32929400983.485924,976868872.0122956,2431986096.051573,0.6612393698774812,19.129854722428938,0.06609029342105543,0.4444635945438731,6.72509640276878,0.7722518381990876,0.7437898558133562,2.8161610607734304,0.8956604691548579,0.040298,-0.809971769551244,10.541654543521584,2,0.029694,0.08,0.048,1.6666666666666667,0.136,0.08099999999999999,1.6790123456790127,0.151,0.10800000000000001,1.398148148148148,0.263779,1.0,1.0,0.8333333333333334,0.8333333333333334,0.2025897100997734,0.20263243686134147,0.24144975974071498,0.3025249647132344,0.012263,0.36401215480338145,,0.8403949002565241,1.7333743144926934,-0.07112938141315017,,,,2.285886170273366,,0.8138872205606011,,0.873381,0.9304377123887593,0.8939797649647677,0.6457181749693777,0.15433059477948277,-0.37346832623931636,0.181501,0.4719333154830745,0.5538381749340958,0.6605587540274481,0.7912268384996436,0.4528701823488636,0.5443519977091775,0.650827366148546,0.781485867986183,-4.641873061699881,-3.9219034596489397,-2.9837958384957144,-1.8351820760307058,-4.834015947823013,-4.025753374443159,-3.0850193612689285,-1.9306218833297404,0.051941,0.788031161750424,-0.03503503503503503,0.12136237983442417,-0.6156156156156153,0.46292585170340683,1.335782
BBOB,12,5,5,1000,155506.2473843196,31069723223.461582,433774689.3020778,1683579329.4955251,0.4528290162442644,18.293181715793622,0.040774309874792955,0.3107266929445574,7.620648734429015,0.6082774534742492,0.64251076236302,3.357894194419645,0.8285990088378998,0.031555,-0.7614571646649095,16.00400465063574,2,0.020036,0.10500000000000001,0.06899999999999999,1.521739130434783,0.231,0.119,1.9411764705882355,0.22999999999999998,0.144,1.5972222222222223,0.22355,1.0,1.0,0.8333333333333334,0.8333333333333334,0.20169536804423774,0.2015188678583683,0.21978036901743056,0.2790490307404084,0.011828,0.33186924904133763,,1.0344356579514582,2.6167232147841633,0.1156451214522333,,,,2.803125947707002,,1.1961464246711029,,0.849689,0.8410204293858519,0.8957689686156697,0.6299028329241356,0.14781209028990241,-0.3958256967495957,0.172192,0.651416339418394,0.6580550425040204,0.7037492644345831,0.7819398155342099,0.6141153446703747,0.6107521470980808,0.6668941737772517,0.7624698907368018,-3.0654759849196456,-3.0070946343823186,-2.605255547191552,-1.9176408258256181,-3.412509469068862,-3.442251370964387,-2.9457683027487462,-2.100559677236265,0.046926,0.8001612800168247,0.045045045045045015,0.12708787092020596,-0.6756756756756753,0.48697394789579157,1.115219
BBOB,13,1,5,1000,340.5649956471008,3409.6036943559757,1577.6889250403926,584.4166965275034,0.544023447403333,6.972430389353345,0.01634773806944821,0.11990692108081161,7.33477136539776,0.639329916858745,0.6241451284408928,3.5166631035024754,0.7948618271572738,0.03237,-2.573320364842281,17.849447835059486,5,0.022398,0.094,0.05500000000000001,1.7090909090909088,0.153,0.081,1.8888888888888888,0.134,0.079,1.6962025316455698,0.25699,1.0,1.0,0.8333333333333334,0.8333333333333334,0.2024083075470437,0.20240473026837708,0.20248842491958063,0.2890889392324804,0.016751,0.18238981332049975,,0.3780607414485597,1.5864316289447635,0.01761221390326484,,,,3.4378690317873444,,0.683861153916205,,0.789479,0.8462245970797259,0.9038923620395308,0.5852510055399942,0.13749360787966436,-0.41886554351656613,0.161673,0.5839498757415729,0.6506504528544016,0.6960857973644929,0.803678612383839,0.5712072902365664,0.6236661012615772,0.6712841053432601,0.7936873080415432,-3.6581797892800925,-3.071705494716711,-2.6722087770987306,-1.726183674769847,-3.786151973187259,-3.3229513954932495,-2.9024941535486075,-1.8216988954477307,0.050423,0.780044112259267,-0.17517517517517506,0.0505479682119124,-1.0960960960960962,0.4779559118236473,1.320076
BBOB,13,2,5,1000,135.58846104434502,3068.5477367292156,1597.060404842158,543.8426787324993,0.5983964682144549,7.189575572587764,0.0360216768804376,0.09017347964374671,2.503311546074011,0.7259400403514467,0.6274700722414595,3.550042189436252,0.781616597315954,0.016789,-4.076831247050836,39.58519248594611,5,0.013853,0.06499999999999999,0.033,1.9696969696969693,0.11299999999999999,0.067,1.6865671641791042,0.131,0.085,1.5411764705882351,0.220447,1.0,1.0,0.8333333333333334,0.8333333333333334,0.2024475100239059,0.20245908473659413,0.20228370813821409,0.2952808518206573,0.014073,0.07504372328332168,,0.2887105775805342,1.087650876920061,-0.09886373287118695,,,,2.202534944527721,,0.4839992357196003,,0.861452,0.8852517677177034,0.9156166720872356,0.647625175527505,0.12320197374700342,-0.374635415349193,0.183032,0.5016353221222375,0.5860401223459111,0.6778476277552691,0.8033850940401647,0.48427713067510947,0.5777239386411828,0.6592112926050957,0.7923069863414152,-4.381567947643747,-3.6394901405604134,-2.83232855606016,-1.7286168306532872,-4.55554438493396,-3.73009896329285,-3.010295208459608,-1.8346185489135793,0.044302,0.7970506462626238,-0.4754754754754753,0.031878912926776456,-1.316316316316316,0.467935871743487,1.139614
BBOB,13,3,5,1000,-7.837905668183339,3907.96967997718,1882.4132689827222,783.7404197340793,0.7556572400727788,7.42936798687004,0.005156853491322156,0.12675142139250883,24.57921707603356,0.8266795320332513,0.7763041157588099,17.76541120438856,0.8697919459974298,0.017466,-3.1511277202666528,30.55653151611699,3,0.013751,0.052000000000000005,0.032,1.625,0.046,0.031999999999999994,1.4375000000000002,0.073,0.05,1.4599999999999997,0.203487,1.0,1.0,0.8333333333333334,0.8333333333333334,0.20184310552978244,0.2017781674888734,0.20438831292632614,0.3117694867398034,0.016,3.4554359242653976,,3.6597163081848385,54.09898325861231,-0.1998687889268567,,,,19.89215100895245,,18.831314691693564,,0.851475,0.8663528837587059,0.8992661871121541,0.634637348141912,0.14219247509374203,-0.334993560840287,0.176583,0.5117607623133045,0.6280581160121516,0.7209504309907553,0.8188017924917226,0.49466653593713616,0.6127121959030934,0.7066540061587115,0.8107657338271725,-4.293805487083708,-3.271031861163327,-2.4540931537114954,-1.5935422587810075,-4.465171408892653,-3.42210946404135,-2.5920312778857966,-1.672090797439406,0.060808,0.7989379332074238,-0.4754754754754753,0.03044272212064303,-1.336336336336336,0.4969939879759519,1.146836
BBOB,13,4,5,1000,1170.3141380341124,4194.387526407319,2329.400297006171,527.1993983654653,0.4171932462993193,6.925219710094366,0.012689937170502125,0.09214864089766359,7.26155217788343,0.5663116976984076,0.5470699480219599,1.6140872576319414,0.7840620733109724,0.020369,-2.585487867467873,20.71258634277561,4,0.017482,0.10499999999999998,0.05900000000000001,1.779661016949152,0.22000000000000003,0.093,2.3655913978494625,0.196,0.09500000000000001,2.063157894736842,0.215223,1.0,1.0,0.8333333333333334,0.8333333333333334,0.20170551698047204,0.2017357296272367,0.20333126419890207,0.2756049987529404,0.015431,0.12636484421032343,,0.39435325812015737,1.924179629026783,-0.1251771384995551,,,,3.8897165321761458,,0.7808093059952816,,0.83388,0.9201060347051954,0.9075870274807776,0.6676967544499256,0.13653515853776363,-0.4267427342289693,0.180452,0.5323722518183402,0.613938850499249,0.7050346368558225,0.798516001073354,0.5208856321618359,0.5926480911608395,0.6855445948014293,0.7825075648391334,-4.1122937368639905,-3.3950013730188564,-2.5939098356892307,-1.7718396525573281,-4.234463490023356,-3.600219282410233,-2.7791901515331325,-1.9222211602638595,0.052171,0.7831390555699342,-0.23523523523523512,0.04203621683844714,-1.0760760760760761,0.4559118236472946,1.445711
BBOB,13,5,5,1000,335.943521859517,2914.598731275501,1392.0418011187262,430.77537176467354,0.2291562163751738,6.859717055174761,0.01677705015442813,0.059400863853867884,3.5406023888049014,0.4668238065506436,0.4428856008563804,1.6372316678097554,0.7541339119123353,0.027097,-3.0275318752207867,30.0901787075167,4,0.036092,0.10600000000000001,0.071,1.4929577464788735,0.24800000000000005,0.10500000000000001,2.3619047619047624,0.307,0.10500000000000001,2.9238095238095236,0.224279,1.0,1.0,0.8333333333333334,0.8333333333333334,0.2016541794473812,0.2016519768643946,0.2009361292999512,0.24749560931847372,0.011785,0.04629211464330746,,0.25730232305137274,0.31730630745794497,-0.008021643463753758,,,,1.2938359347745316,,0.18090766636728262,,0.836938,0.8412920003846698,0.9035549883108492,0.590993282110513,0.13974953873144863,-0.4542920805397655,0.177099,0.5868659795317844,0.6399864348503508,0.7187830386309265,0.8079339128559617,0.5521891461998245,0.6043221287047494,0.6909862097682256,0.7908187515858831,-3.632562343991186,-3.165490265378052,-2.4726555881386494,-1.6887789461793785,-3.9578468727843283,-3.4970845665001917,-2.7311291205590287,-1.848788038197858,0.053817,0.8062788802697191,-0.35535535535535523,0.044019351852088745,-1.1561561561561562,0.5140280561122245,1.164871
BBOB,14,1,5,1000,-49.89687048519603,2016.080895145874,122.70383793423028,239.4778501629157,0.834342068757266,4.297199564833576,0.13756576793476974,0.2858551569375413,2.0779526856789454,0.8637135249816537,0.8664402729658964,2.105937899195733,0.9569094725970805,0.028222,-0.19094947073085344,-0.5963337717101909,1,0.024466,0.098,0.047,2.0851063829787235,0.13999999999999999,0.084,1.6666666666666663,0.06300000000000001,0.053000000000000005,1.188679245283019,0.218957,1.0,1.0,0.8333333333333334,0.8333333333333334,0.2027834472280284,0.20284167740431064,0.23195210552514117,0.3198286094808613,0.019065,0.24148935986574105,,0.5114166457866078,0.4434684555022833,-0.02762613992299188,,,,1.3448324652645767,,0.2815710763157978,,0.835818,0.8763782871321966,0.883901278855326,0.6191839230395753,0.1654703267669631,-0.33504793130608035,0.181239,0.5259654759904907,0.636307114173178,0.6966370611528898,0.8091828712754218,0.48812188311533855,0.6044745732640269,0.6779990433567554,0.7966433286389025,-4.16827603386547,-3.198020951842955,-2.6675282147467367,-1.6778914282153137,-4.525286306617439,-3.4966640270160614,-2.8466669540079614,-1.797785703109147,0.058657,0.7951802675974925,-0.17517517517517506,0.11067360180959745,-0.7557557557557554,0.467935871743487,1.350901
BBOB,14,2,5,1000,-177.49904439596222,1363.4356977268692,-30.21102231896385,198.66271548258726,0.803110065032225,4.2673478066404495,0.023138522071659146,0.2886742970004359,12.47591769718145,0.8394831013924854,0.8678341179678852,9.591752477657352,0.9629302508550567,0.025149,0.021049349126955035,-0.4981881670616164,1,0.01708,0.10200000000000001,0.05800000000000001,1.7586206896551722,0.172,0.10500000000000001,1.6380952380952378,0.07300000000000001,0.05900000000000001,1.2372881355932204,0.203642,1.0,1.0,0.8333333333333334,0.8333333333333334,0.20275885031249086,0.20276483736780798,0.22239172327471116,0.3157183068226792,0.017911,0.20125074518605804,,0.42312016575024336,0.48471555120895204,0.22240912925483727,,,,1.4490431265702335,,0.2701239278679777,,0.841321,0.8546795384426947,0.902289824873831,0.6458107443146157,0.13473550106237947,-0.3422319969080159,0.1777,0.48752271377150075,0.594926317147872,0.6944694377428539,0.8085272601676838,0.47032347367340344,0.5847016164345117,0.6772760424188151,0.7974968613401799,-4.506540462000833,-3.5620719023454965,-2.6867255938749626,-1.6837422313381465,-4.6810221981097255,-3.6702040881276696,-2.85207656789357,-1.789623742300833,0.057076,0.8014865702412737,-0.19519519519519515,0.07309099328602911,-0.8358358358358354,0.4779559118236473,0.942253
BBOB,14,3,5,1000,78.86237982033262,586.9513352613433,148.23790490908746,84.10219159282173,0.4231192963899505,3.691268102300701,0.0015116153935968778,0.23258761958166146,153.86692975401695,0.5866061129980934,0.7007364652232138,10.951853934999045,0.9234999339642589,0.028773,-0.021735594726611195,-0.16784103267271755,2,0.01607,0.101,0.06400000000000002,1.5781249999999998,0.27599999999999997,0.133,2.0751879699248117,0.251,0.129,1.945736434108527,0.210413,1.0,1.0,0.8333333333333334,0.8333333333333334,0.2017323557116626,0.20176129217617023,0.2071593143790842,0.275467049846476,0.016295,0.0982324029161582,,0.5576858369365738,1.170886517592942,0.13056624847334386,,,,4.0023136723956405,,0.4977832073901693,,0.861755,0.8820106962611103,0.9050431163046676,0.6181648656200687,0.13839991942622623,-0.43186939593395746,0.17822,0.4823220184071105,0.606051870968554,0.7017968009171034,0.8005297849967831,0.4589555096103626,0.5779317833242528,0.6678076628146471,0.7854991674253889,-4.55262568623399,-3.464505802919816,-2.6224942766246304,-1.7542048469359415,-4.7827531941925265,-3.7310205488264527,-2.9365310801249356,-1.8961556034224918,0.049749,0.8054655669221027,-0.17517517517517506,0.10092621909870483,-0.6956956956956954,0.46092184368737477,1.320852
BBOB,14,4,5,1000,42.71691131160824,485.20901937492147,94.43951951573818,57.47081218744749,0.06861619249878714,3.506259913947351,0.00017335187569750277,0.08481733991454195,489.2784665482786,0.4573167722882242,0.4631763876255591,4.654887517908653,0.899064744959353,0.024958,-0.10669374772836211,-0.0018028987891565151,1,0.017625,0.1,0.07899999999999999,1.2658227848101269,0.251,0.153,1.6405228758169934,0.389,0.13499999999999998,2.8814814814814818,0.217986,1.0,1.0,0.8333333333333334,1.0,0.20215326259701163,0.20210446192840187,0.19858014723818465,0.21204174456208244,0.015484,0.04710643820489424,,0.48686961000639306,0.40358819393401346,-0.12418493472914213,,,,1.7076800021630607,,0.2782912309689502,,0.831459,0.8261737022026706,0.9053659852107898,0.540503091305107,0.13828769198274712,-0.45862923457321997,0.175812,0.4909178911506613,0.5901815384061844,0.6974270028499591,0.8177750426683725,0.47353692356972493,0.5735748473353366,0.674027761742866,0.8007724633708512,-4.476295122792976,-3.6034823243136653,-2.660486408553819,-1.602281191139098,-4.652775840387534,-3.768660589655771,-2.880877734263499,-1.7607332986262962,0.051657,0.8126542382275945,-0.11511511511511509,0.10568759711848051,-0.7157157157157155,0.5060120240480962,1.1446
BBOB,14,5,5,1000,-54.537170731767375,1254.5338278902227,45.84176779149469,115.20248479314617,0.572001126860091,4.156060927256323,0.039989180387302876,0.19952862145930833,4.989565165548165,0.8170057217087817,0.6618296864785442,6.170448706983187,0.9439330684754202,0.018676,-0.3908013674798372,0.6357894533146045,1,0.01228,0.077,0.035,2.1999999999999997,0.154,0.092,1.673913043478261,0.199,0.131,1.5190839694656488,0.216352,1.0,1.0,0.8333333333333334,0.8333333333333334,0.20174533993491833,0.20186228165823278,0.2108781518901955,0.2937715098875543,0.019809,0.14455067342959987,,0.3690269965020193,0.27806244111240486,-0.08545659588763091,,,,1.4915663986073677,,0.19409390967332368,,0.83322,0.8616377955271844,0.8983166683862184,0.6557883326946424,0.14314590413376346,-0.34728394077529307,0.176515,0.48897880932625437,0.5853671717774567,0.6885316417614451,0.8085432780222161,0.4777798764301654,0.5715729268766055,0.6615748560539314,0.7942674699918159,-4.493069427459357,-3.645590668464288,-2.738534103013486,-1.6833516102645678,-4.610730118338044,-3.7826225386683943,-2.987987121845107,-1.816431672426293,0.046889,0.7919946574169537,-0.23523523523523512,0.08015006961565405,-0.8958958958958956,0.46392785571142287,1.101895
BBOB,15,1,5,1000,1030.6720288460774,8875.533640194408,2057.723836765837,1111.9194698298652,0.7258871663713313,6.4695262848729325,0.025310300080492357,0.27568325896306095,10.892137117550055,0.8822067137442361,0.7850726700209739,3.043273749180076,0.9537459776208534,0.026361,-0.33401382716287215,1.447794557590143,2,0.022013,0.07100000000000001,0.037,1.9189189189189193,0.10400000000000001,0.072,1.4444444444444446,0.12199999999999997,0.089,1.3707865168539324,0.20379,1.0,1.0,0.8333333333333334,0.8333333333333334,0.2021299880754848,0.2021226349834732,0.21259998077149855,0.3085618256083585,0.013547,0.195129780663783,,0.40254390095941683,1.019238922289705,-0.04734602381770516,,,,2.536694370770138,,0.4622654556634525,,0.833303,0.8084952044415233,0.9063860998829091,0.6356299029603415,0.13199994974419357,-0.3513710491280532,0.176851,0.5023307082797638,0.619619916363528,0.6871122088766488,0.8105867305082212,0.48821756019958673,0.6031929825601728,0.6717977130167626,0.8002026014887379,-4.377042035294327,-3.34547387826684,-2.7518736575918243,-1.6659051631301143,-4.52155674455946,-3.5057581238881044,-2.89964084126768,-1.765193966280556,0.051012,0.7874960615804975,-0.3153153153153152,0.06365079081295572,-0.9559559559559555,0.46092184368737477,1.34286
BBOB,15,2,5,1000,109.60684241091316,1509.6879724232465,457.63320385449157,227.73400872860304,0.5355524200355999,5.625563068872671,0.029637672303997,0.1103588596142971,3.7236007768199078,0.6514397323777472,0.6830727004574211,2.34273691699597,0.8736273663021483,0.016633,-1.1227022170628054,4.429183102271743,3,0.011606,0.10600000000000001,0.048,2.2083333333333335,0.16499999999999998,0.1,1.6499999999999997,0.20800000000000002,0.127,1.6377952755905514,0.214609,1.0,1.0,0.8333333333333334,0.8333333333333334,0.201591912595851,0.2015968991638125,0.20481159369655194,0.2888403894943575,0.012578,0.1804503501719556,,0.617128656803182,3.58641615865701,0.6461981167008481,,,,9.238704816047791,,1.4440869767200804,,0.838134,0.8986227233201861,0.9014019042756175,0.605231023610818,0.14558232911484795,-0.4434128383153292,0.176322,0.518498063443611,0.612573953925046,0.6858332883356415,0.7907542272273324,0.5022094856939144,0.5858646421907949,0.6682707221012291,0.7801481235100687,-4.235361848813388,-3.407856480324483,-2.7634566005417334,-1.840556591246533,-4.398879065817107,-3.6596345320502195,-2.931427847920503,-1.9427887620966349,0.054475,0.8185385907243605,-0.23523523523523512,0.06365079081295572,-0.8958958958958956,0.46893787575150303,1.140516
BBOB,15,3,5,1000,2.136657171069551,2806.6076696381215,317.80110957078085,229.75134410650722,0.41322453625829614,5.511063975871035,0.015580991683397294,0.11272014035259637,7.234465086885841,0.5344604483534618,0.6799300539661399,3.9091106167980643,0.8584834245603499,0.027082,-0.9763313814234553,3.487554755003961,2,0.016631,0.10700000000000001,0.069,1.5507246376811594,0.20800000000000002,0.10500000000000001,1.980952380952381,0.23300000000000004,0.13599999999999998,1.7132352941176476,0.215779,1.0,1.0,0.8333333333333334,0.8333333333333334,0.20163220648263583,0.20163610953417455,0.20426974100615397,0.2747310490364902,0.01732,0.0877431047499958,,0.364081994220753,0.39043382306789404,-0.07506946931440857,,,,1.3462803485282386,,0.23414360319858982,,0.850013,0.8305587437667905,0.9114299809177012,0.58172364276582,0.1305130403675423,-0.45339643989396816,0.177727,0.517468974825174,0.6087509034854317,0.6688557734156257,0.7789000938107062,0.5080290472939993,0.596612713750747,0.658469065821215,0.7685574907652163,-4.242082319408546,-3.439594115648185,-2.911193261114845,-1.9437589583564527,-4.344785813304004,-3.5624691842534846,-3.016191808607056,-2.0439583377592045,0.05167,0.8097750940828263,-0.1551551551551551,0.08393129498166364,-0.9159159159159155,0.4969939879759519,1.129594
BBOB,15,4,5,1000,71.68463039364451,4284.435180544495,535.4306339370152,518.6692085063089,0.5319971263448124,5.725398883761829,0.03130147811450129,0.17101677954156064,5.463536862891222,0.6748750629202883,0.7311889832210425,3.5340640402211045,0.9079019405664962,0.037145,-0.3225370920538507,1.6126395269283895,3,0.032249,0.099,0.06400000000000002,1.5468749999999998,0.16199999999999998,0.10500000000000001,1.5428571428571425,0.21400000000000002,0.126,1.6984126984126986,0.228808,1.0,1.0,0.8333333333333334,0.8333333333333334,0.2027688013012254,0.20269837160250467,0.2054561174976599,0.28704091357025574,0.011986,0.19841668674302512,,0.6869358763403035,3.114690409096911,-0.23099110812496648,,,,2.3848183363744178,,1.3608279292552914,,0.832678,0.8796054067724401,0.889347097192325,0.5954058629542471,0.15819820890294342,-0.3964282328589457,0.175826,0.5116861348278273,0.5700685135116768,0.6611737667765112,0.7830181258301164,0.5109726674424963,0.5547869241346831,0.6424836376782275,0.7725141883836513,-4.292465938911298,-3.7792624650662843,-2.9784123881238562,-1.9073537957128623,-4.316530978073837,-3.9297926841138278,-3.1557141091878247,-2.007964560546875,0.043189,0.8195960437927237,-0.19519519519519515,0.08015006961565405,-0.9159159159159155,0.5280561122244489,1.210761
BBOB,15,5,5,1000,-60.02064536698717,1958.9860814587992,235.72460679515888,225.7192497548265,0.2892294715532059,5.429726979877505,0.006143645856923495,0.10303049213185177,16.770252474065217,0.4073818450842188,0.6993062453343708,3.5640827485360407,0.8875109112087091,0.035973,-0.6986919353409826,3.0645116919680024,3,0.016454,0.10200000000000001,0.078,1.3076923076923077,0.25600000000000006,0.13799999999999998,1.8550724637681166,0.28300000000000003,0.15299999999999997,1.8496732026143796,0.217493,1.0,1.0,0.8333333333333334,0.8333333333333334,0.20258477622276813,0.20261165592453154,0.2010859739879211,0.256311382543121,0.011694,0.1813590963365843,,0.6278231096016368,2.5641104904233805,0.030111229142880135,,,,5.526419895110134,,0.9619901413042561,,0.838085,0.8308141892102585,0.8845105244941427,0.5607019985463526,0.1649349277258003,-0.4914839866204998,0.172868,0.5736130543349064,0.6005260987707414,0.6608546379697159,0.7843508325509121,0.5451665383459824,0.5917200275607356,0.6516754923121457,0.7704988512521534,-3.748850738909055,-3.5122276725949684,-2.9818111318150837,-1.8960161631487278,-4.016516490031247,-3.6054146849450985,-3.0759635052412033,-2.02666519977378,0.054803,0.8248252871742168,-0.19519519519519515,0.10092621909870483,-0.8558558558558554,0.5220440881763527,1.140622
BBOB,16,1,5,1000,77.9371750068571,370.44028531527533,157.63226021559254,45.3024709989746,0.00020645169722699475,4.212527612953231,0.0020388546889294965,0.011794904351623656,5.785063749597862,0.0015883841470401006,0.0002611030972926587,4.46435995579681,0.003871416136218331,0.028976,-1.081186034816608,2.843460154299228,3,0.017861,0.1,0.1,1.0,0.25,0.254,0.984251968503937,0.49700000000000005,0.497,1.0000000000000002,0.216509,1.0,1.0,0.8333333333333334,1.0,0.20224308437347704,0.2023112501916479,0.20018881318315432,0.17874003358482538,0.016079,0.40363696677524463,,1.650752534884687,7.0151246793710955,0.028601977943458312,,,,2.8233559315181065,,3.049063330003396,,0.839417,0.49926259613873036,0.8048620528436855,0.3432181209515479,0.22675399364427348,-0.6920341052512232,0.196875,0.9393563989218624,1.0067153525792034,1.0015412960378944,0.9869515479571305,0.9509350723764224,1.0248915734612338,1.0051973441335635,0.9850782024916495,-0.5333266916073516,0.05905778532888917,0.013554840116084321,-0.11475386743036964,-0.4337265278617366,0.22003773883421296,0.04594373484961167,-0.13190642962739751,0.053474,0.8593116005014897,0.1651651651651651,0.1330834724654076,-0.5955955955955953,0.6482965931863728,1.158902
BBOB,16,2,5,1000,-347.5859118247419,-61.1584411293199,-266.17763014934866,46.41633975913128,-0.001416713340397946,4.226666893485219,0.00010818023707409759,0.009924773428167125,91.74294396645844,-0.00423478785236675,-0.005289353868945357,10.329744119398216,-0.009210630019653943,0.024702,-1.2472732129672972,3.5664158851011667,4,0.016831,0.1,0.1,1.0,0.25,0.25,1.0,0.5,0.47400000000000003,1.0548523206751055,0.204893,1.0,1.0,0.8333333333333334,1.0,0.20233827783511882,0.20236695146637462,0.2001593163176883,0.17688020333892696,0.011981,0.0653462086234742,,0.8663115194783,0.910734965763751,0.058895842868769144,,,,1.3097068488266992,,0.5590741958287462,,0.861529,0.42247836516242315,0.8255885076415264,0.34332908594376543,0.20486478769389496,-0.7093061556002183,0.201512,0.9990506949426311,0.9941485680859007,1.0172245553695671,1.0066088303118856,1.0262272598508773,0.9967128439313953,1.0208011766524105,1.0065789333649973,-0.008346095523194208,-0.05144459025415671,0.15143476097915354,0.05810348175375424,0.2319175393981041,-0.029067052806237115,0.1839367792610247,0.05817496934675859,0.054137,0.8733581717029449,0.1851851851851851,0.1675807864530769,-0.5555555555555552,0.6713426853707415,1.336568
BBOB,16,3,5,1000,107.3066027273924,373.5380176258366,184.8425086647432,43.9832664324103,-0.002797570017522011,4.184801306168099,0.0003074127728890834,0.008689089794183067,28.26522044781187,9.622097107819805e-05,-0.0023294172638266275,2.0862775483012683,0.002592240215291919,0.025027,-0.9929199832399015,2.4722601962393114,4,0.018382,0.1,0.1,1.0,0.25,0.251,0.9960159362549801,0.533,0.516,1.0329457364341086,0.214301,1.0,1.0,0.8333333333333334,1.0,0.20187068442626718,0.20188207411797662,0.1998488726594106,0.17497643558250844,0.015453,0.22635624067482946,,1.301466359515142,4.799702690188044,-0.1777808417048377,,,,2.9130991307573897,,2.0585655989160108,,0.841896,0.39854319058908805,0.8018288601980713,0.3480987099491711,0.2191077541729186,-0.6756077849127596,0.192569,1.0332279682383456,1.0112971857824293,1.0060652357133728,1.0036641591934052,1.0592703588922423,1.0016644237688312,1.0044167604962668,1.002584984732872,0.2921643532935274,0.09933303638924507,0.05332994353008225,0.0322179404237648,0.5233416140356226,0.014696422257253872,0.03899882859031578,0.022824732423474714,0.043798,0.8555468426984497,0.12512512512512505,0.18376562003881725,-0.5355355355355353,0.657314629258517,1.328527
BBOB,16,4,5,1000,-511.83327920255675,-221.93110660274561,-430.0686116297958,45.960529023001754,-0.0005522002165476714,4.245247165799892,0.00030441954874340163,0.012265527909779398,40.29152516784701,-0.00602584108649884,-0.001758681324825817,116.63607951575476,-0.015493037340757354,0.022887,-0.9292636772106371,2.381992967130108,3,0.026907,0.1,0.1,1.0,0.25,0.25,1.0,0.47700000000000004,0.493,0.9675456389452334,0.2174,1.0,1.0,0.8333333333333334,1.0,0.20134026339744998,0.20139901982957314,0.19943327938724242,0.17754720653466038,0.012739,0.16688022907751024,,1.0640006702097733,2.7677416192915736,0.38211774949497723,,,,1.8936931547600988,,1.2948390495730213,,0.841722,0.4567352845857922,0.8258854499019315,0.3274630500517452,0.20524564162464787,-0.7109285306871562,0.192251,0.970092927708574,0.9755816004575961,0.9979954688606064,0.983075906627474,0.9851921370994714,0.9853665740368313,0.9989844514067109,0.9800044117582761,-0.26312839926841924,-0.21483795945253625,-0.01763626559138487,-0.1489015559526603,-0.1309351097318725,-0.12939269137697984,-0.008979754026194442,-0.17680637362532536,0.054888,0.8818793784254266,0.12512512512512505,0.14593657991557576,-0.5755755755755754,0.6953907815631263,1.360558
BBOB,16,5,5,1000,-52.28182984850102,269.69823933981655,27.40040339174199,45.685309430785736,-0.0021846636834692568,4.216767932294934,0.0008394789658670505,0.00784352243755614,9.3433221753865,-0.010735118312598102,-0.001613557739392979,247.1635844895017,-0.009244329681297181,0.025943,-0.9423607491291348,2.7333508196046283,3,0.018549,0.1,0.1,1.0,0.25,0.25,1.0,0.512,0.534,0.9588014981273408,0.228226,1.0,1.0,0.8333333333333334,1.0,0.20206516399795685,0.20208863248610767,0.20012186570382545,0.17557686565461275,0.015346,0.14012579519724636,,1.0842931248196082,2.1105724196630677,0.02420311314622081,,,,1.599167469674593,,1.043819953293021,,0.833553,0.4633128605578819,0.8093088228954801,0.3247269552437496,0.2205332762991231,-0.6830508412617967,0.198192,0.9520292717680124,0.9608670403996779,0.9652024837184854,0.9940260627893647,0.9624123538630809,0.9614137795429948,0.962050139155964,0.9940163681981946,-0.42169888749583784,-0.344008234523141,-0.30589641734369444,-0.05251541447342589,-0.3323523248228568,-0.3411817815965019,-0.3355550499830535,-0.052907647714089734,0.044115,0.8651868164324662,0.1451451451451451,0.12136237983442417,-0.5955955955955953,0.6933867735470942,1.336222
BBOB,17,1,5,1000,-13.691679065758454,644.1297904906166,44.89294042311015,82.35424203140322,0.7070485033608976,3.420296210191706,0.0035537682943761638,0.3168314086573017,89.15364830022465,0.7738581436570944,0.8146992841127285,9.218210976154943,0.8963555758500045,0.021183,0.45984293668796894,-0.4112383535566506,1,0.019561,0.10800000000000001,0.087,1.2413793103448278,0.21600000000000003,0.169,1.2781065088757397,0.12700000000000003,0.11500000000000002,1.1043478260869566,0.204236,1.0,1.0,0.8333333333333334,0.8333333333333334,0.20244686952791782,0.20249404813286825,0.21499666017622185,0.30654363182945404,0.015544,0.26571052268763123,,0.6097519500172033,1.2888860770983577,-0.037187678709460804,,,,3.071152667338721,,0.5530968096237641,,0.835693,0.7867796504132745,0.8767207765069875,0.49566958649985854,0.17050519727043464,-0.3613808182328524,0.174493,0.5545598139962215,0.6887336518459881,0.743509077758927,0.8347744285866349,0.5312211927921332,0.6743911634444028,0.7302195623720247,0.8282794253149542,-3.916037902437397,-2.7364635150229697,-2.2549114442014995,-1.4525622528837712,-4.136174778836823,-2.872943564896425,-2.3803530039821013,-1.515141681105698,0.048979,0.8427203612407079,-0.1551551551551551,0.11067360180959745,-0.7557557557557554,0.5551102204408818,1.133807
BBOB,17,2,5,1000,22.457578720204268,325.7788362218179,46.704026184306244,26.756194313486056,0.31898754707713717,2.8962014646139917,0.01217253222575459,0.12216199756066166,10.035873826005721,0.48257680746343523,0.5199958046146598,1.9814455068658774,0.7335822311597979,0.030492,0.06486852978892996,0.8207468581759967,1,0.023797,0.101,0.098,1.030612244897959,0.266,0.197,1.350253807106599,0.27699999999999997,0.203,1.3645320197044333,0.216637,1.0,1.0,0.8333333333333334,0.8333333333333334,0.20199676916702336,0.20194715140960418,0.2023750465829854,0.26136356821852336,0.013496,0.08974097829623259,,0.5914314603767427,1.0144607333159144,-0.12416835247542893,,,,2.3438302267760416,,0.49870195826753927,,0.839449,0.6304618369968285,0.8665294942004621,0.4066063260261742,0.173638665129186,-0.48827907496243456,0.17261,0.5795365444415009,0.6711919823718633,0.733373416597728,0.8228547448185758,0.528955089704776,0.6407004628429936,0.7172577993865862,0.8085021108122638,-3.6976119488355135,-2.891581750522815,-2.3447498888004166,-1.5578391024929825,-4.161774377173474,-3.1744820393731343,-2.4980829219045244,-1.691921494289855,0.047612,0.8610443691555056,-0.11511511511511509,0.12136237983442417,-0.7557557557557554,0.5891783567134269,1.327337
BBOB,17,3,5,1000,276.88091660589123,1177.1197660486466,308.357307789868,48.906411751243546,0.44254356896933833,3.091794947739369,0.03536528636171736,0.12270922327336287,3.469764729692522,0.63282263634392,0.5558097407968491,4.7412713044764345,0.7749281882491931,0.023442,0.3739900088261033,1.606797687721361,2,0.019444,0.096,0.073,1.315068493150685,0.16499999999999998,0.15199999999999997,1.0855263157894737,0.258,0.20299999999999999,1.2709359605911332,0.218194,1.0,1.0,0.8333333333333334,0.8333333333333334,0.2021474115745231,0.20208827818138408,0.2055249461626379,0.27882392079752943,0.009416,0.13681143576502044,,0.6122760495123413,0.7780365406922088,0.01472652636174887,,,,1.4470402228117691,,0.43491040588777813,,0.83231,0.6663384819759205,0.8690700435634381,0.49606821120305855,0.17230293792807516,-0.4429429519205701,0.175095,0.6297693386806624,0.6957164489375123,0.7391356204973804,0.8383964295590974,0.5822764743610839,0.6766348609440725,0.7209556311290527,0.8288711103715467,-3.256412525223338,-2.676366034537198,-2.294466994629154,-1.421405480111381,-3.6923289119455927,-2.8582791697578127,-2.466520384079182,-1.5126372063384173,0.050857,0.8524198536271651,-0.1551551551551551,0.10092621909870483,-0.7757757757757754,0.6152304609218436,0.683041
BBOB,17,4,5,1000,40.694663020355094,782.4010851640012,112.21922654526749,77.31390165627658,0.6783017800205242,3.8186683652659617,0.02125923623294352,0.19430307192381369,9.139701435873777,0.7863943500923452,0.7531693786090975,14.493093776845143,0.8862974863627668,0.027112,-0.2284192003024909,-0.005832251822640355,1,0.012869,0.08499999999999999,0.054000000000000006,1.5740740740740737,0.13,0.088,1.4772727272727275,0.172,0.13499999999999998,1.2740740740740741,0.217872,1.0,1.0,0.8333333333333334,0.8333333333333334,0.20188666905709252,0.20188527334433978,0.21145085527960442,0.3036795699776455,0.019707,0.18184316092646202,,0.5500880680969461,0.7561384892870869,-0.06103560321697952,,,,1.5013702294659559,,0.4065378892547652,,0.834566,0.7949676657436991,0.8675537427904422,0.5396856227278465,0.17825692990416622,-0.4076516885392424,0.175782,0.5513365131251959,0.6309966084512686,0.7027699359206615,0.820417789335246,0.5369262702242099,0.6116867501618891,0.6890143361563345,0.808377482063738,-3.943933461381686,-3.243689013852082,-2.612772444703606,-1.5786002436771787,-4.088961319038079,-3.4288230062775993,-2.7460170345828327,-1.6920352274732293,0.05367,0.8498457943406406,-0.13513513513513511,0.12708787092020596,-0.7157157157157155,0.533066132264529,1.116807
BBOB,17,5,5,1000,-144.64917049062987,-30.929826428806024,-125.04238860699414,12.235427135184443,0.34355333300996793,2.862619452575365,0.008251748974056623,0.08298244703466283,10.05634651460659,0.386153655937545,0.5219311512851087,2.224961354571707,0.6352191538980114,0.021678,-0.48155495566484324,1.0581265558000625,2,0.028686,0.11199999999999999,0.093,1.204301075268817,0.23500000000000001,0.181,1.2983425414364642,0.28500000000000003,0.23899999999999996,1.1924686192468623,0.214042,1.0,1.0,0.8333333333333334,0.8333333333333334,0.20178797773168525,0.20174212254215385,0.20219202207430662,0.2652816826781653,0.018728,0.07807605029034394,,0.4805665350926222,0.9967305649634886,0.301829982414837,,,,1.6532060648486617,,0.48561511560372284,,0.839318,0.6992632158123843,0.8668999326984996,0.47096486461422343,0.17761046711900072,-0.521798030507932,0.17879,0.5659949614311652,0.6813672600172206,0.7284902387069294,0.8268173717792107,0.5520399394485667,0.6584193475122427,0.7135537198855315,0.8167030964952372,-3.8174182628677364,-2.8026274643466627,-2.3881435218467857,-1.523278462299741,-3.960776413983729,-3.020190215576916,-2.532702734154796,-1.620675850575208,0.055569,0.8574392943029319,-0.1551551551551551,0.07653919388230147,-0.7957957957957954,0.6232464929859719,1.115682
BBOB,18,1,5,1000,-5.1644768423435625,1835.3690119137066,210.05487912406872,275.7699594117665,0.6362388509558463,4.817326436345852,0.01309860365640663,0.275893699665666,21.06283287155759,0.711071782480251,0.7425337520434958,6.454805773330715,0.8561001974954525,0.024388,0.23360933850183377,0.16111225289557174,2,0.013378,0.11099999999999999,0.088,1.2613636363636362,0.20400000000000001,0.16199999999999998,1.2592592592592595,0.146,0.13999999999999999,1.042857142857143,0.209099,1.0,1.0,0.8333333333333334,0.8333333333333334,0.20343138369283875,0.20341468468635382,0.21290884417086964,0.30061589912998277,0.016083,0.2146006112990563,,0.652241505635756,1.0111839055461485,0.03533986150542097,,,,1.5724755740035892,,0.5228019735734788,,0.869677,0.7297292207359427,0.8659204859002779,0.4669022396519629,0.18323970132641765,-0.3935165891382863,0.179391,0.6026198585514647,0.6385917248707254,0.7201785138526811,0.8294823928587001,0.563651853295973,0.6080666763560082,0.7094007305903486,0.8185275879985224,-3.493826031873705,-3.1775559673878817,-2.4602326352176442,-1.499216474561158,-3.856388528002464,-3.463856061861023,-2.568278786703358,-1.6038297242181825,0.053037,0.8491618650578315,-0.07507507507507503,0.11067360180959745,-0.7557557557557554,0.5671342685370742,1.13666
BBOB,18,2,5,1000,31.32082734293297,1500.760218154979,141.95314949448374,122.32525149010407,0.2591085742288982,4.350096353169933,0.0020263711211076507,0.12608456867379197,62.221854309131636,0.47776254688475006,0.4778217710790159,2.7088088691215253,0.7403957824868097,0.032964,0.058186463823192626,1.1608068370174793,3,0.022049,0.1,0.098,1.0204081632653061,0.256,0.185,1.3837837837837839,0.322,0.22800000000000004,1.4122807017543857,0.218028,1.0,1.0,0.8333333333333334,0.8333333333333334,0.20221034465401228,0.202235448047362,0.2017165983642639,0.252173177369407,0.018845,0.4800416506671796,,1.2447854893455965,6.67695614577794,0.44047919823886145,,,,1.7881512012186251,,2.9765655252558583,,0.827983,0.6840671469578441,0.8718176654197476,0.4801169400492458,0.1701290474281495,-0.490034153462875,0.178245,0.737868385618157,0.7188943016077519,0.7927645612986182,0.8319963339011077,0.6917966050062546,0.7041725263156963,0.7665241928047499,0.8162749323428431,-2.305961778910709,-2.47287606973753,-1.8230422225419316,-1.4779218205118454,-2.7277432850437524,-2.6182106296726317,-2.0663694029390482,-1.6260522360767284,0.04546,0.8509084780035534,-0.055055055055055056,0.11589483034398118,-0.7157157157157155,0.5751503006012024,1.432192
BBOB,18,3,5,1000,281.1489790057493,3304.7204818977007,438.2384624223631,243.5342851174874,0.5113394672774595,4.608485558696851,0.03752353525623646,0.1643838304521389,4.380819379880207,0.6613387774344619,0.6112097972583178,6.135906721526322,0.7954070397378157,0.020051,0.17150280801554676,2.0787197213582775,3,0.034836,0.10300000000000001,0.074,1.391891891891892,0.186,0.15099999999999997,1.231788079470199,0.21200000000000002,0.16499999999999998,1.2848484848484851,0.230244,1.0,1.0,0.8333333333333334,0.8333333333333334,0.20183339050636634,0.20178840847093463,0.20772308620220484,0.2870960790445226,0.012262,0.09856445426564452,,0.5059524201613967,0.5148102557691139,-0.06100062385889795,,,,1.3085672588881574,,0.31873041509809236,,0.839971,0.7160909846665312,0.8652288537657706,0.5038199723611921,0.17663247011176098,-0.44578883009488035,0.176386,0.5688073462393352,0.6765345152941468,0.759526811917922,0.8337227690057692,0.5253203912516972,0.6541000211663559,0.7394692602631889,0.823269701168212,-3.7909962587519734,-2.8438713685412687,-2.1142126341867655,-1.4618903061475814,-4.192840068725765,-3.055330931213679,-2.301265326277134,-1.5610568995238063,0.048718,0.8573722416714502,-0.09509509509509509,0.09203731996618221,-0.7157157157157155,0.5821643286573146,1.334697
BBOB,18,4,5,1000,47.36690321264738,4526.257526660585,389.4385658495233,426.12713597376614,0.6037166815129329,5.302374810622806,0.013512425284881004,0.18806253350148466,13.91774826032948,0.7471131484571208,0.6969697874980798,9.625064203522328,0.8572483251259111,0.018537,-0.19875343161459455,0.38918788212896027,3,0.013493,0.091,0.06000000000000001,1.5166666666666664,0.14900000000000002,0.10400000000000001,1.4326923076923077,0.20500000000000002,0.136,1.5073529411764706,0.217283,1.0,1.0,0.8333333333333334,0.8333333333333334,0.20217939517918382,0.20211479428143303,0.21204062645381502,0.2965924497880274,0.019048,0.09478780827833372,,0.6849422832341198,1.4818261524950196,-0.09998385710636697,,,,2.1229538183194343,,0.6946250274883669,,0.832077,0.7568564128976573,0.8620631646821926,0.5235726017936831,0.1816863780683641,-0.4012750826770229,0.1757,0.6124424572889539,0.6681614041353512,0.7272987734677429,0.8316264153246173,0.599475160779159,0.6441874415549095,0.7052888073250068,0.8182207070673327,-3.40802716574896,-2.9180568682516848,-2.3980263205660597,-1.4806104573639143,-3.5403719192318874,-3.145145237133411,-2.6050499960492655,-1.6068074715380982,0.048874,0.8503315787368408,-0.055055055055055056,0.09637934799615785,-0.7357357357357354,0.5701402805611222,1.323228
BBOB,18,5,5,1000,-137.3293647652443,213.9734548778479,-53.4070417758639,47.85538507476148,0.27999055799783035,4.275391988424283,0.024466174148722472,0.07389685168411524,3.020368090038051,0.316435753458123,0.45080431421643996,3.7374426192100834,0.5758050144409179,0.029567,-0.9951874326829683,3.277293808832707,3,0.019624,0.11000000000000001,0.091,1.208791208791209,0.244,0.191,1.2774869109947644,0.297,0.25,1.188,0.216736,1.0,1.0,0.8333333333333334,0.8333333333333334,0.20243008840279367,0.2024298241932542,0.20179406983669104,0.2554086595068367,0.013914,0.11921118413557516,,0.7204721945831931,2.31238522522717,-0.09593386296178967,,,,3.7002443383581665,,0.9417648838413071,,0.838828,0.6989775753015699,0.8730138126679192,0.4575018701414139,0.16859721767471678,-0.5498284912854424,0.172538,0.5861026906592922,0.641660738122798,0.7242177888932694,0.8467924463520294,0.5683016450419949,0.6249796480041323,0.710423872231185,0.8372728018364978,-3.6394166951946074,-3.1508924141037795,-2.4249647453332797,-1.3471605540623592,-3.8128612140981204,-3.3122677865232237,-2.5576043397382016,-1.4372448151136306,0.051109,0.8570645724311488,-0.055055055055055056,0.10568759711848051,-0.7557557557557554,0.6302605210420842,1.364166
BBOB,19,1,5,1000,-98.90785567866658,364.3370585667286,-46.299337063823174,48.06552128916858,0.05063012848635551,3.6388425361044474,0.001530936864010738,0.042442738146173394,27.72337589087913,0.2643590077629533,0.6064459243971434,2.689181864818889,0.84957212247342,0.03358,-0.17080362786269263,-0.09980756204914654,2,0.023939,0.1,0.093,1.0752688172043012,0.25,0.174,1.4367816091954024,0.41500000000000004,0.176,2.357954545454546,0.215181,1.0,1.0,0.8333333333333334,1.0,0.20165473963791553,0.20156164775185842,0.1982354875135926,0.2054103776067184,0.012625,0.26421451771743076,,0.8781370345125793,3.8385348032820885,-0.028833085133735947,,,,1.608994337683857,,1.7273457027975545,,0.833716,0.7195830900940579,0.8831957298558724,0.49989647143866833,0.16404595125752713,-0.5238697826512041,0.184476,0.7125803701129051,0.7319731924893538,0.717933670064559,0.7957036346177674,0.6671094023800876,0.6841740463733792,0.6800285201922127,0.7728838040894007,-2.5263642421580164,-2.3559049975141226,-2.479309747025874,-1.7957264523208387,-2.9431743281548446,-2.7923012711227493,-2.8289529708713665,-2.0079947048413667,0.044432,0.8328913514950792,-0.11511511511511509,0.12708787092020596,-0.6956956956956954,0.5601202404809619,1.407048
BBOB,19,2,5,1000,74.86558351245183,413.16670824427723,128.4489380012006,47.901585863822866,0.05347290926032422,3.664853907064441,0.0013842953697913978,0.06047849393516573,43.689009769843665,0.27879974895422266,0.6108777133819727,2.1576056007994326,0.8709833202524735,0.033875,-0.18433325774465809,0.03254433249313582,3,0.01722,0.1,0.098,1.0204081632653061,0.25,0.16899999999999998,1.4792899408284026,0.43,0.16599999999999998,2.5903614457831328,0.21409,1.0,1.0,0.8333333333333334,1.0,0.20214330422460489,0.20202666308541062,0.198855979890549,0.2068137817580524,0.01879,0.2863990026050748,,0.9165845152496869,4.140321706828779,0.08889011753382112,,,,4.90921295901237,,1.6093360492744346,,0.838328,0.7569357933952173,0.880070446986266,0.44755824553111795,0.17675480855647907,-0.5121231821963721,0.179097,0.6788435614721744,0.7207112546744917,0.7386585244461842,0.7989818427452613,0.6463378823638488,0.6782203230975435,0.7014507277090378,0.7762014345259174,-2.8244126586411724,-2.456206923109937,-2.2983695272178277,-1.767855661152545,-3.125229042095846,-2.8434914039800434,-2.63820977631595,-1.9776553425452237,0.052926,0.8448677109927134,-0.17517517517517506,0.12136237983442417,-0.7157157157157155,0.5360721442885772,0.903527
BBOB,19,3,5,1000,218.39572957569268,629.0409669020445,269.07067504491135,44.02994193706671,0.0488820969515813,3.616165086719582,0.014284935908755647,0.042872369293125365,3.0012293766643823,0.18500131409882437,0.682698253814349,4.541463577259188,0.8667081392039496,0.025481,-0.26085343569550257,-0.029218661827675962,2,0.017182,0.1,0.097,1.0309278350515465,0.25,0.184,1.358695652173913,0.41900000000000004,0.176,2.3806818181818183,0.213824,1.0,1.0,0.8333333333333334,1.0,0.2026816729676652,0.2027144158200231,0.19931839776856072,0.20466076343369619,0.013557,0.06952010760708588,,0.5819047869502764,0.8384098644865233,0.10169803026266008,,,,1.8261838375398258,,0.44709013574308376,,0.843994,0.7528995107472901,0.8969950055981402,0.5149021637979078,0.1455474374103601,-0.5520980440047892,0.179757,0.6613900201274372,0.6770743640181298,0.6908374654479938,0.77603387178346,0.6448739154766219,0.6457361740175953,0.6686957308401725,0.760425988651461,-2.977369023403078,-2.839457909058118,-2.7184401177967565,-1.9693152951203992,-3.1406610028159054,-3.1330353681695104,-2.929985837602411,-2.118742574881174,0.053979,0.8346205993487741,-0.13513513513513511,0.12708787092020596,-0.7157157157157155,0.5370741482965932,1.156789
BBOB,19,4,5,1000,-54.26306108748155,409.72865198325815,-1.4247120716737616,50.50500383054366,0.043853119032369325,3.6184394454941926,0.01876060999833861,0.04394508629101711,2.3424124426076105,0.30067602344873834,0.5769121917950165,1.5546735762392832,0.8634126678814058,0.021133,-0.13766348299920955,-0.12788453927755583,2,0.019431,0.1,0.094,1.0638297872340425,0.25,0.16099999999999998,1.5527950310559009,0.44400000000000006,0.178,2.4943820224719104,0.219827,1.0,1.0,0.8333333333333334,1.0,0.2022911660972825,0.20228032937739004,0.19871507718049242,0.20363342470378418,0.019093,0.21158615869139238,,0.7601614028158274,2.686408215978199,0.2400468978858589,,,,2.7124238261316593,,1.1731539254335177,,0.835968,0.7775578442171481,0.8911960688466214,0.5235511988179601,0.15760499155079705,-0.5095461900741276,0.17996,0.5750223296286691,0.6823594241927843,0.7272018677974897,0.8061434255904926,0.5688341941087518,0.6377113847173673,0.6894004367469984,0.7774498329766121,-3.7362635617191637,-2.7925912156161488,-2.3983512361077803,-1.7043230872179107,-3.8101172263328404,-3.201464668886092,-2.744699904936824,-1.966626790699018,0.050366,0.827058671726451,-0.09509509509509509,0.11067360180959745,-0.6756756756756753,0.5260521042084169,1.134381
BBOB,19,5,5,1000,-606.4018318708693,-81.88393162752016,-555.218392083525,51.37987809445957,0.043379793674000244,3.5447995701525232,0.005792247822440498,0.05751943637733,9.930417022988294,0.1913493385306838,0.6460090176241232,4.180965979216714,0.8252770444622675,0.027498,-0.3494974409398559,0.3048295499516098,2,0.019067,0.1,0.093,1.0752688172043012,0.25,0.17099999999999999,1.4619883040935673,0.41200000000000003,0.16299999999999998,2.5276073619631907,0.221344,1.0,1.0,0.8333333333333334,1.0,0.20265692921084863,0.20266583734727672,0.19908216655572497,0.203748418676468,0.016608,0.11807310385927633,,0.7862855952864488,1.7955189732360513,-0.1554501503153108,,,,3.241626424895643,,0.8173945096753495,,0.842702,0.8118225639660946,0.86885035016767,0.5127092063372777,0.18474774401303035,-0.5248465066000583,0.180991,0.646614408445277,0.6517584989243637,0.7044997305927982,0.7929006318372779,0.6207864694864917,0.6224711364338611,0.6754032680211633,0.775727041939458,-3.106882085564873,-3.061656465341689,-2.5979680984210702,-1.8207683964866108,-3.3502226807420143,-3.335339220732214,-2.867701825137006,-1.9813753738008186,0.046142,0.8176292739736006,0.045045045045045015,0.12136237983442417,-0.6756756756756753,0.5110220440881763,1.14818
BBOB,20,1,5,1000,-543.8733992637558,282325.9834458206,58648.263477706554,55704.61717140231,0.4618819654608197,10.424289706918943,0.008941931517928202,0.22870673942772585,25.57688335782692,0.4758704435077057,0.7050372976561887,7.597738856923444,0.8570637849493374,0.021299,-1.5273954805570242,5.6252693174726165,4,0.011219,0.10600000000000001,0.07600000000000001,1.394736842105263,0.24000000000000005,0.11400000000000002,2.1052631578947367,0.15499999999999997,0.10200000000000002,1.5196078431372544,0.214091,1.0,1.0,0.8333333333333334,0.8333333333333334,0.2019910643515392,0.20196350752195147,0.21361617590490195,0.2811564431910763,0.016533,0.16293185151713407,,0.6524617552100386,0.9744345573993686,-0.10800450100693966,,,,1.695230256609871,,0.5115195664344828,,0.832794,0.8798051702465555,0.9088198654379036,0.6143698653063817,0.13632762119006434,-0.43459188299327106,0.176229,0.5228603965870809,0.6028407259476585,0.6857304820801572,0.7908283430550783,0.5038539838338939,0.581820032558116,0.6676511317161322,0.7830637422987115,-4.19561545079089,-3.4923271401490634,-2.7634554660012443,-1.8393020186718019,-4.381821867349581,-3.693247685396938,-2.935211593329777,-1.9159199244648253,0.053278,0.8067364927536667,0.08508508508508503,0.12708787092020596,-0.7357357357357354,0.5120240480961924,1.361023
BBOB,20,2,5,1000,1002.6300027862618,338519.84419138136,60117.7285301784,55943.003989219236,0.4328260738013393,10.419963361262488,0.006428040953012345,0.22862514535717104,35.566846419986085,0.44644182609666927,0.662564297302378,6.528048021216355,0.8076259465842843,0.024049,-2.054014040529439,9.951337919740041,6,0.024219,0.10700000000000001,0.07600000000000001,1.407894736842105,0.23499999999999996,0.123,1.9105691056910565,0.16499999999999998,0.11499999999999999,1.434782608695652,0.210843,1.0,1.0,0.8333333333333334,0.8333333333333334,0.20182971923392182,0.2018388574312743,0.2124319537502002,0.27690967484563245,0.01161,0.15819922356785437,,0.6608137256231831,1.1423061916612651,-0.01841570762571898,,,,2.13828932830732,,0.570868199371731,,0.836327,0.8349842118029699,0.89906287272744,0.6087684547940472,0.14084980950166825,-0.4734321969268305,0.174997,0.5460406290884217,0.641269135922815,0.6936419428883254,0.7909836197676994,0.5030038140876764,0.6172114396046914,0.676556192104706,0.7795565353893688,-3.9926468699813977,-3.1550965866116556,-2.694469188650716,-1.8383332293230383,-4.39241137818345,-3.383053785478004,-2.858569748164829,-1.9482611932412972,0.050024,0.7985854445736053,0.1851851851851851,0.09203731996618221,-0.8158158158158154,0.5160320641282565,1.341789
BBOB,20,3,5,1000,209.94402898071004,318268.3760405637,59246.84159055257,55621.66711329566,0.4299659298631544,10.409043745634547,0.012770921297408398,0.23214364110027344,18.17751716529506,0.4453881707755355,0.6568548551778421,8.225270765727021,0.8121457876166309,0.025052,-2.01750374322874,8.88254315661484,6,0.022809,0.10800000000000001,0.071,1.5211267605633807,0.23200000000000004,0.11100000000000002,2.09009009009009,0.15899999999999997,0.11300000000000002,1.4070796460176986,0.215818,1.0,1.0,0.8333333333333334,0.8333333333333334,0.20173017386748604,0.20179802414135534,0.21255927442678652,0.2762783838300185,0.012758,0.13795591055249956,,0.790566636212383,1.516455254166412,-0.08240491456447521,,,,2.0776967266510726,,0.7437809870770371,,0.86139,0.8426684588957116,0.8959497651171069,0.5904447246546802,0.14888533801191564,-0.43935323898824075,0.177818,0.47192201226691205,0.6280052837954894,0.6928238302231106,0.7940331559425842,0.4560990031212578,0.6017939966852798,0.6762356593838579,0.7834436710696642,-4.64306153671573,-3.270718338564116,-2.700809145651446,-1.8109384479117416,-4.802813828823245,-3.516282026353318,-2.858939147592178,-1.9122592848229116,0.053348,0.7882620620974271,0.1851851851851851,0.07653919388230147,-0.7757757757757754,0.48997995991983967,1.141996
BBOB,20,4,5,1000,-141.7376156411907,327748.9445079765,58998.0559088532,56006.66650727131,0.44578912260129744,10.414918076558418,0.009371194900850928,0.2284347064923118,24.37626246270573,0.45854135668874385,0.6783338613298825,6.951550979875146,0.8255387424064216,0.026412,-1.89087661471675,9.044223359115778,4,0.017859,0.10400000000000001,0.075,1.386666666666667,0.22400000000000003,0.10600000000000001,2.1132075471698113,0.15100000000000002,0.10500000000000001,1.438095238095238,0.224771,1.0,1.0,0.8333333333333334,0.8333333333333334,0.20184457163881367,0.20181398764324454,0.21356850378961237,0.27902001622882994,0.015709,0.315052338509893,,1.0656091096640856,4.454466337026071,0.3453180887455834,,,,2.282202699014206,,1.974871493302454,,0.857016,0.9302099783850291,0.889584499457074,0.6351954156260398,0.15939561554573017,-0.48300273017867884,0.182323,0.5485990563189094,0.6062423921767166,0.6849987106866176,0.7905494165270508,0.532939730401476,0.5833556572480775,0.6638762535264998,0.7800331507916309,-3.968039625444611,-3.461325928833052,-2.769018575523204,-1.8411751823459293,-4.127425897589572,-3.6818988089838287,-2.970335835206182,-1.9438537789014116,0.049662,0.8055685743635426,0.1851851851851851,0.12708787092020596,-0.7557557557557554,0.5020040080160321,0.693144
BBOB,20,5,5,1000,73.61240206952495,300769.9815470086,59017.95955871815,55538.57818497428,0.4875162942038678,10.434403385594148,0.0017577868101154009,0.2271758694263242,129.23971673869247,0.5034824228111927,0.72840687124006,8.68731805378886,0.8682363846206017,0.022207,-1.3497231172803992,5.31393029882889,2,0.017103,0.10400000000000001,0.08299999999999999,1.2530120481927713,0.223,0.12000000000000002,1.858333333333333,0.15499999999999997,0.10700000000000001,1.448598130841121,0.213292,1.0,1.0,0.8333333333333334,0.8333333333333334,0.20179310406999862,0.2018608843722273,0.21213837157199575,0.2833058052001328,0.011083,0.17673983675551683,,0.6651820287271903,0.917746157794477,-0.07947162360990563,,,,1.495500725999478,,0.4968119372658687,,0.86291,0.8146344839811573,0.9056878530882091,0.5909385323060433,0.13481868406636244,-0.45206620457116486,0.179407,0.5546920803425136,0.6313824929734175,0.6910801956945508,0.7914025376884114,0.5326376543404675,0.6084164159082139,0.6709804877687723,0.7816482049266471,-3.91633917162945,-3.24187178891178,-2.716849795584351,-1.8345472350496923,-4.131056988726185,-3.4612418325015444,-2.90823248396706,-1.9300307725171235,0.048141,0.8184334580830688,0.1451451451451451,0.10568759711848051,-0.7557557557557554,0.48396793587174347,1.369719
BBOB,21,1,5,1000,45.035764557888704,126.43943931839503,101.62026695966902,16.53416976495368,0.029119048644270396,3.984344535008049,0.005321400298996927,0.016990081019372195,3.192783866038943,0.06289917674690326,0.07334542185114501,8.521979296739978,0.1614385572212821,0.026104,-2.7666847579566247,11.46676433547506,5,0.02311,0.1,0.1,1.0,0.251,0.255,0.984313725490196,0.42000000000000004,0.371,1.1320754716981134,0.216475,1.0,1.0,0.8333333333333334,1.0,0.20245721901672922,0.2023078554122974,0.20153309974004166,0.19682385223741095,0.019752,0.139518065984339,,0.5131029176712162,1.621249312699793,-0.16917649418336786,,,,2.3124777506225427,,0.7121559520166667,,0.839508,0.51036679634691,0.8763335870138093,0.3949479863812791,0.16194314208697286,-0.6018814628274243,0.18756,0.9448246838353567,0.8876279064363566,0.9099241946865839,0.9167055285229081,0.9309819168938704,0.8832970518864651,0.9081918247785006,0.9141061666286231,-0.4851305603027338,-0.988034876868638,-0.7919941187291251,-0.7323690451944493,-0.6096907854991827,-1.0309285465955274,-0.8110135191667105,-0.7587675052812326,0.042424,0.792236988356587,-0.11511511511511509,0.03660695147596903,-1.1561561561561562,0.6092184368737475,1.335719
BBOB,21,2,5,1000,1.75328774104451,82.3320502574545,57.800899899657715,16.826438557639044,0.01551327654748269,3.969244583892952,4.9031906316795645e-05,0.017027604475177805,347.2760036120619,0.039792891701034505,0.04150814372766842,3.284614155931799,0.12959641835289337,0.027292,-2.8458375257632365,11.626096888484305,7,0.033598,0.1,0.101,0.9900990099009901,0.25,0.25599999999999995,0.9765625000000002,0.41600000000000004,0.388,1.0721649484536082,0.211988,1.0,1.0,0.8333333333333334,1.0,0.20217936612776266,0.202155137264397,0.20117641045668586,0.19059171227698482,0.020029,0.054961527449898996,,0.38073284615362457,0.7754394159502833,-0.11156022989007335,,,,2.1074599996278045,,0.3677061168879121,,0.834528,0.5342802403058513,0.8582077914131938,0.4029389043619704,0.18228764298409478,-0.6328743289503352,0.189726,0.972248031240349,0.9626452098298816,0.9404783171633163,0.9232775689196355,1.0159019318136482,0.9676019050595234,0.9410650797067662,0.9205124107685769,-0.2440276807330637,-0.32846688782446165,-0.5233840648121131,-0.6746331072541576,0.14042455191746406,-0.2860965584754407,-0.5204342385222525,-0.7019278683638888,0.050226,0.7915142147075134,-0.03503503503503503,0.029071233772725785,-1.0760760760760761,0.5761523046092184,1.296735
BBOB,21,3,5,1000,-367.06891372712147,-288.334769574254,-311.023104299043,16.246587950827305,0.019927345549053177,3.971229804220576,0.004095372807855243,0.014888307805540391,3.6353974360975054,0.04173157086300605,0.022925590353628955,3.97116187948435,0.08757620329650218,0.023657,-3.3601309611912553,16.554678794771203,5,0.017106,0.1,0.1,1.0,0.25199999999999995,0.253,0.9960474308300393,0.44699999999999995,0.404,1.1064356435643563,0.209226,1.0,1.0,0.8333333333333334,1.0,0.20242934640274793,0.20241135747741365,0.20141577234557304,0.19303655283952478,0.011379,0.040679172151635294,,0.43140573445806957,0.6325412365611845,-0.08098224576349602,,,,1.119047015348418,,0.3419144124828988,,0.834477,0.4830243552654882,0.8411542019708202,0.3296754464227636,0.1938640810271094,-0.640711361838991,0.194441,0.9406282799407083,0.9593066756381294,0.9661339070475249,0.9740961874822509,0.9442044731204178,0.9677971750085412,0.9800907725886673,0.9797308780389659,-0.5221012800017313,-0.3578477550530934,-0.2978106489333161,-0.22779218218598807,-0.49308884252616814,-0.28459008435175903,-0.17594632489144502,-0.17912686635898467,0.055947,0.7998516368671719,0.045045045045045015,0.02417594079169131,-1.1161161161161162,0.5971943887775552,0.961953
BBOB,21,4,5,1000,-27.52694773837389,52.015760679692036,28.155823050907145,15.858569090085583,0.008385349876095183,3.9721719245190656,0.00042704407323892357,0.011379921967742356,26.648120605986005,0.0558308521019536,0.016981901646038633,2.9698242972775737,0.10530490453676622,0.026019,-3.066588904421936,14.867553989063854,6,0.016877,0.1,0.1,1.0,0.25,0.255,0.9803921568627451,0.45499999999999996,0.372,1.2231182795698923,0.20469,1.0,1.0,0.8333333333333334,1.0,0.2016585664419318,0.20163653577004595,0.2007714919874176,0.18581154855570348,0.011608,1.3193731172174008,,1.8889985385738721,21.06616837291031,-0.17052610979807012,,,,9.805573309230331,,8.13926501650952,,0.840759,0.5003291335243469,0.8374370238734904,0.4003499764209333,0.19909230587553187,-0.6132804052063056,0.198757,0.9856894095463361,1.0346445642065796,0.9947227345825715,0.9682817067716422,0.9746887726034601,1.0457386222422644,1.0015117084945906,0.9688437129091522,-0.12586091165588265,0.30469717158626963,-0.0464132796363792,-0.27896076788834634,-0.22373148466384585,0.4042937033602527,0.013362322599967058,-0.27539724795808596,0.05484,0.7965958938104114,-0.09509509509509509,0.02651083601908539,-1.0760760760760761,0.5871743486973948,1.421565
BBOB,21,5,5,1000,517.7162599968418,600.4530290299866,573.7734524773068,17.868925696383055,0.018792042019005306,3.962753345994316,0.0002987485767696134,0.017475555782104385,58.49586287931021,0.04067881552283725,0.11845859347464704,3.2051681447809837,0.1865477519828852,0.042682,-2.515284594699572,9.096704812059821,3,0.02884,0.1,0.1,1.0,0.25,0.248,1.0080645161290323,0.422,0.34199999999999997,1.2339181286549707,0.20399,1.0,1.0,0.8333333333333334,1.0,0.20189845750954824,0.20184614775933882,0.20081857859566493,0.19270122485182728,0.015814,0.04941230904808843,,0.4246965478311494,0.6190226602576723,-0.13016298590591158,,,,1.2655823930834338,,0.3340757153192346,,0.836729,0.6057081450873006,0.8473425094749962,0.39950406211376743,0.19808192217388207,-0.6121920516350189,0.187453,0.8754624919551017,0.8847880564298937,0.9056640452495862,0.8935273266673891,0.8820774532157912,0.8753965280530852,0.8947270849765354,0.8842593543905468,-1.0952221791251855,-1.0132102197886308,-0.8296201807278383,-0.9363543171474529,-1.0419847651870064,-1.101018617717627,-0.9302103510536259,-1.0227050952236416,0.055953,0.7913491054049155,-0.07507507507507503,0.03660695147596903,-1.056056056056056,0.6032064128256514,1.308324
BBOB,22,1,5,1000,-993.5476249133899,-913.4400744944835,-924.7054090974044,12.80079932061956,0.04582464913908546,4.212107844300942,0.0015161836150351003,0.0200992162332483,13.256452605038206,0.09587819487924143,0.06846025757683039,8.34576676496859,0.15580751276886107,0.029248,-6.093308399835328,51.84976266608629,9,0.024774,0.1,0.101,0.9900990099009901,0.259,0.23000000000000004,1.126086956521739,0.402,0.311,1.2926045016077172,0.212702,1.0,1.0,0.8333333333333334,1.0,0.2020480182676291,0.2020175873677495,0.2015109864789843,0.20333510200364402,0.011922,0.0496456454499171,,0.21645276847227757,0.38643311104080036,0.05345741140319289,,,,1.3049642489685829,,0.19586592553409707,,0.832048,0.6596567174457941,0.8575785242626327,0.47639624914982454,0.1858987370874562,-0.4977228021202931,0.190898,0.9300301811756053,0.8757936661801455,0.9331812874656025,0.9335154424788181,0.9908443849437264,0.8872891928607195,0.9471042898746759,0.9384999911947831,-0.6153418012703362,-1.092318809252757,-0.5876297469437777,-0.584691057789076,-0.08092153634384758,-0.9961899468475366,-0.46751661172200976,-0.5435653603924955,0.057261,0.7726696581509022,-0.055055055055055056,0.01596626022101425,-1.4764764764764762,0.5501002004008017,1.360481
BBOB,22,2,5,1000,1008.7897314931355,1086.553317483867,1073.8834331943856,12.898922575263738,0.023022966405458423,4.152206984628412,0.004219282121775379,0.015666338271985658,3.713034070685374,0.07421884948309077,0.05535309346921069,29.891525198021846,0.1366769079212613,0.029569,-5.852823018950819,46.856875226364465,8,0.031007,0.1,0.101,0.9900990099009901,0.25199999999999995,0.24700000000000003,1.0202429149797567,0.41400000000000003,0.308,1.3441558441558443,0.204623,1.0,1.0,0.8333333333333334,1.0,0.20189759217345793,0.20191469117340724,0.20127162809114582,0.19417010418492744,0.015886,0.0272662894629505,,0.21647029942110296,0.363107875310185,-0.04787727999500069,,,,1.4725201838434046,,0.18713512548853523,,0.836445,0.640877797495621,0.8648750523835448,0.4611292175163041,0.17468465327049015,-0.5517308110042579,0.181153,0.8571446198987845,0.8813784829521082,0.9137920295769112,0.9381565925576061,0.8912366494471488,0.9006873552854944,0.9240326470037119,0.9419654617926344,-1.2562779566868896,-1.0431640512974747,-0.7581175651663141,-0.5438542775304569,-0.9607221017730989,-0.8772426766716936,-0.6710304037688513,-0.5126273072556593,0.055368,0.783274562196133,0.005005005005004979,0.01524695727017573,-1.4364364364364361,0.56312625250501,0.879944
BBOB,22,3,5,1000,-44.4057490859883,37.42957920292259,25.291953011035954,12.632888611644674,0.03360837314883269,4.229389421785589,0.0007112408407404514,0.016117276830969918,22.66078648435136,0.08458914839404508,0.061050994880561205,2.7133077293850487,0.16409400259644225,0.016055,-5.807977599641906,54.284268237777326,7,0.025252,0.1,0.1,1.0,0.255,0.24900000000000003,1.0240963855421685,0.445,0.308,1.4448051948051948,0.202751,1.0,1.0,0.8333333333333334,1.0,0.20305491410028245,0.20311007350852664,0.20265971829679463,0.19981604608448045,0.015802,0.021908523784932986,,0.22461456162335777,0.41466621606296306,0.09376503575081552,,,,1.3773927750671024,,0.20933825331760364,,0.839691,0.5359615434204701,0.8614433412733908,0.42736207398563625,0.17330577021530508,-0.5458211784490368,0.1851,0.9501999917182898,0.9226447374188615,0.9064067435772972,0.9107993639386479,0.9447864117327303,0.9198529882708449,0.911717629819559,0.9157639740008537,-0.4379756713684273,-0.6803156110176385,-0.8231237449883197,-0.7844920074001198,-0.4873454749151609,-0.7074215735645311,-0.7792287183719857,-0.7435134607952154,0.055498,0.7973734877380133,-0.17517517517517506,0.01750827031735725,-1.4564564564564562,0.56312625250501,1.121194
BBOB,22,4,5,1000,305.40630160662784,384.23534629211895,371.02369452963046,13.507306287297453,0.029010320299976855,4.158700186802556,0.0013105645167411466,0.01888364107554785,14.408784027286169,0.05700702777063782,0.08512057073129353,6.586093228078143,0.20322170364190462,0.021963,-5.46740810839561,43.35036276179363,6,0.022268,0.1,0.10200000000000001,0.9803921568627451,0.25,0.25299999999999995,0.9881422924901188,0.382,0.309,1.2362459546925566,0.206022,1.0,1.0,0.8333333333333334,1.0,0.20208853160165297,0.20204521272254056,0.20151308541378693,0.19755930332538676,0.016985,0.05364317223245136,,0.23725986635178123,0.6283372097198873,0.1493255443621125,,,,2.0702998313223455,,0.28877413004463826,,0.835647,0.6357351444602583,0.8566530199733925,0.4662139990389537,0.18488407158125297,-0.5121101095907438,0.184606,0.8686270864023279,0.8251678356369277,0.8663818193392823,0.9015720577905335,0.8771541875848572,0.8219686906870155,0.8572118431475543,0.8983104436687008,-1.1552074913514483,-1.5373597225675564,-1.174950901619856,-0.865510957204636,-1.0858436737039234,-1.5736325653938321,-1.2621156045117239,-0.8988418836040761,0.054649,0.7848405913078831,-0.19519519519519515,0.019199206655932846,-1.4564564564564562,0.5571142284569138,1.374392
BBOB,22,5,5,1000,54.990328124070096,138.1265951100412,125.98681616493795,13.041357522498545,0.05039703089659253,4.246530821591745,0.00010281806920987673,0.021052371976671654,204.75362101673622,0.11118368131643419,0.07507578531746228,3.5059441074074287,0.18656257811195953,0.020429,-5.912462196814287,54.48546728749995,6,0.021118,0.1,0.10200000000000001,0.9803921568627451,0.279,0.233,1.1974248927038627,0.30600000000000005,0.231,1.324675324675325,0.218247,1.0,1.0,0.8333333333333334,1.0,0.2021631437019031,0.20217739538706678,0.20180626045216885,0.2065776508251966,0.012952,0.07698841835041996,,0.31326749584336994,1.0925930869705227,-0.147140460722212,,,,1.8526541954460976,,0.494770591139588,,0.836712,0.6041364590286413,0.8701025646294183,0.39140274161914945,0.17105607643803752,-0.5162976331765524,0.180371,0.8779103681787813,0.8956277265427874,0.9272044322518981,0.9320845880540298,0.9034934748237742,0.9117263662117853,0.9363238211749929,0.935176337370895,-1.073451033986295,-0.917674360966279,-0.6400418799136602,-0.5971339915560012,-0.8530485842675333,-0.7802757191151848,-0.5628518289208895,-0.5729947641552506,0.04739,0.7891645583016167,-0.21521521521521514,0.013277708293554291,-1.4964964964964964,0.5621242484969939,1.325207
BBOB,23,1,5,1000,8.136660671290144,53.871432544628426,26.814170761264954,8.918431496464454,0.0011972579442671716,2.8590400685477237,0.0014604694889616687,0.010717987793962849,7.338727631744556,0.006243897757760464,-0.0028325103593731527,19.137967189232217,0.008180584746737662,0.030569,-0.9001040117991738,1.4291304698348197,2,0.040051,0.1,0.1,1.0,0.25,0.25,1.0,0.496,0.48100000000000004,1.031185031185031,0.214237,1.0,1.0,0.8333333333333334,1.0,0.20228259549309607,0.20237771446499386,0.20094920295199753,0.17972050481290638,0.014414,0.09797990809803338,,0.8873560643251164,1.7678543457772604,-0.025549734468269934,,,,2.3239002817910634,,0.840672302516067,,0.831696,0.4379987904626025,0.8150309563305861,0.2734948455307235,0.21867080914309273,-0.7075395280412525,0.194673,1.015730115613183,1.0064916642000745,0.9973091408216924,0.9885800648963642,1.009610350992454,1.001593818192174,0.9992396751763852,0.9872357572917447,0.1383340194448266,0.05708909100005499,-0.02366399428007604,-0.1004293651447199,0.08487690543011261,0.014076317928051196,-0.00671505319636978,-0.112731514393829,0.046656,0.854225964077945,0.025025025025024978,0.10568759711848051,-0.6356356356356354,0.6613226452905812,1.339017
BBOB,23,2,5,1000,2.2278685714370927,46.27841461502032,20.354455808083024,9.257242397899876,-0.0010387216679923483,2.8094951705220037,0.0009663077979716068,0.008940683535450864,9.252417867493573,0.0010592907279592945,-0.002067465484350217,4.902187402804815,-0.007480875403872211,0.021773,-0.8379127723279624,0.7418057888376586,2,0.016817,0.1,0.1,1.0,0.25,0.25,1.0,0.515,0.5020000000000001,1.0258964143426292,0.20411,1.0,1.0,0.8333333333333334,1.0,0.20243871192925153,0.2024735501146066,0.2008502422833075,0.17730977754336089,0.02252,0.23813996732185178,,1.0676301836870241,3.1294623640607657,-0.07542129424452289,,,,1.8937563662591497,,1.4325066760290548,,0.840609,0.4904307526606306,0.7996616980515744,0.35847693417226845,0.23208898863816835,-0.7368639772707557,0.192575,0.9397163494649714,0.9683480932703156,1.0014342710188233,1.013419609898011,0.9373274205271599,0.9695247914520287,1.004056536535503,1.014278772984244,-0.5300408905628551,-0.27829775871429696,0.01261075401669487,0.11799122843788012,-0.5532127916741025,-0.2690056056329997,0.035807173092438305,0.1260391694539642,0.053979,0.8526153314604882,0.10510510510510505,0.12708787092020596,-0.5755755755755754,0.654308617234469,1.154958
BBOB,23,3,5,1000,-128.68721006798484,-83.50478380595155,-110.33772676022255,9.222263306421148,-0.0008248892392241913,2.8238167271376255,0.0016130294673462383,0.009093184112481287,5.637332917073998,-0.006192789161342471,-0.002345894931810255,7.762039814306007,-0.0028582095214242376,0.020669,-0.903714566897748,0.9668963370194494,2,0.009916,0.1,0.1,1.0,0.25,0.25,1.0,0.49800000000000005,0.49000000000000005,1.0163265306122449,0.203036,1.0,1.0,0.8333333333333334,1.0,0.20249260378721792,0.20259313728160336,0.20093070090020182,0.17778192738534374,0.015635,0.11421546982602743,,0.8828737745353276,1.3574392240303463,-0.036680739859184894,,,,1.562160213712955,,0.713064462463086,,0.84419,0.4433514781544333,0.8000251406527361,0.35489915037198694,0.22595507500169315,-0.7017986143128616,0.194157,0.9980873029448788,1.0133832016377233,1.0101672404337843,1.004763967854328,0.995184950912218,1.0231668296526593,1.0053677534748922,1.0049469737816967,-0.016814097036684572,0.11764876742801,0.08937796332734749,0.04187898839905024,-0.04251259022655951,0.20454244970651025,0.04739247715964545,0.04367736764646146,0.054112,0.8626514984586826,0.08508508508508503,0.1675807864530769,-0.5955955955955953,0.6643286573146293,1.375707
BBOB,23,4,5,1000,-222.03192764164945,-177.99191755671848,-202.9142129885718,9.132980989991902,0.011637948697418299,2.8783057926114215,0.0006087821127872937,0.022324333042725825,36.67048123427021,0.010935352635605522,0.017828871396084245,27.054298359763077,0.02059337064352973,0.023595,-0.9233509191380852,1.402889098110287,3,0.018482,0.1,0.1,1.0,0.25,0.24900000000000003,1.004016064257028,0.4879999999999999,0.491,0.9938900203665986,0.217067,1.0,1.0,0.8333333333333334,1.0,0.20181683413166654,0.20183598647941864,0.2004423853500546,0.18817350844979522,0.015143,0.08095858879842698,,0.7556415075900071,1.2279169976956394,-0.051377542437175114,,,,1.8968495977244484,,0.6261993409550441,,0.826235,0.48241290119070235,0.8023016132226816,0.3298781493528444,0.2288650724734695,-0.6766081608524357,0.193783,0.8803397257309604,1.001739598983434,0.997702351247336,1.006021127143141,0.8712286036299457,1.0116093404349222,1.0015675374162558,1.007473013089411,-1.0526847630716993,0.015303736807409152,-0.020213056067229118,0.05296953261072268,-1.1397834756334824,0.10275678266858534,0.013874612645739859,0.06614525486720702,0.049931,0.8590369314163456,0.045045045045045015,0.14593657991557576,-0.6356356356356354,0.6663326653306614,1.356757
BBOB,23,5,5,1000,-43.818658580009846,2.0463023159560194,-24.317321257677644,9.15198503197963,0.0001210148896819696,2.9004057453912866,0.0017083330224859207,0.009224045846267546,5.399442453465519,-0.0019442843408155053,0.00531451809026573,3.592937428425964,0.008134691882426659,0.038118,-0.9748211986752575,1.5493833515354822,3,0.024729,0.1,0.1,1.0,0.25,0.25,1.0,0.5119999999999999,0.528,0.9696969696969695,0.201734,1.0,1.0,0.8333333333333334,1.0,0.20228112369215556,0.20227899558967213,0.20093505342634485,0.17838562877715095,0.015176,0.11449094424240253,,0.7207118760054738,1.3026805288495797,-0.07245126297660764,,,,1.732331608106207,,0.6487834882829107,,0.836483,0.4965801175837487,0.8418730680033218,0.3772228297892138,0.19037273835293314,-0.6948538076364009,0.189319,0.9918009307840834,0.9930203114734993,1.0173923049693345,1.0057911329203044,1.0230242805022522,0.9932552136520044,1.023573101875327,1.0084371128694984,-0.07209617161634618,-0.061373896058636745,0.15293426251833253,0.0509226720595084,0.2033895095289484,-0.05958139656360473,0.2082376310534304,0.07453089568639548,0.052074,0.8625409465922701,0.06506506506506508,0.12708787092020596,-0.6756756756756753,0.6462925851703407,1.350881
BBOB,24,1,5,1000,129.7953576075945,454.499029565015,247.3678838718587,44.06939839818428,0.1615234865700751,4.696146118021667,0.026957051462835845,0.027774476514180545,1.0303232366667265,0.28469869699606143,0.5333627088959345,1.0676245534341224,0.6665721945654176,0.032958,-1.8381086691796207,13.678961919165992,2,0.030532,0.10200000000000001,0.091,1.120879120879121,0.23500000000000001,0.174,1.3505747126436782,0.29400000000000004,0.16099999999999998,1.8260869565217397,0.214982,1.0,1.0,0.8333333333333334,0.8333333333333334,0.2020092694068518,0.2019876101005746,0.2014039101756207,0.2347228936027267,0.013888,0.074814878454099,,0.43925505736483744,0.9456033821985902,0.19031264809866028,,,,1.8396423929476753,,0.45478005625859375,,0.836379,0.7162888596517336,0.8837797492036389,0.46432825346910245,0.15914644877041895,-0.5319151560989176,0.182731,0.7336456460917147,0.6926642883628625,0.7048009588464655,0.775918555990568,0.7386890606907823,0.6600789752612192,0.6836647736024094,0.7684208127768519,-2.3422583038002918,-2.7026388421055394,-2.5959117816930206,-1.9705201557898233,-2.3095379342687288,-3.0043154847058497,-2.795857713580805,-2.0467605339938943,0.051945,0.8564358515199669,-0.2752752752752751,0.0607832312829723,-1.036036036036036,0.5901803607214429,1.206074
BBOB,24,2,5,1000,129.71124736894947,415.8247355964553,238.29952826329549,46.76398131310841,0.2118190840085642,4.587879119240011,0.03555049442625784,0.03842819021720141,1.0809467164208575,0.32216009257115086,0.5882560695014538,1.168725253881241,0.7180501186641859,0.024267,-1.4661493662706038,6.922984980115245,3,0.019044,0.101,0.097,1.041237113402062,0.215,0.16099999999999998,1.3354037267080747,0.29300000000000004,0.181,1.6187845303867405,0.221511,1.0,1.0,0.8333333333333334,0.8333333333333334,0.2033126901847186,0.2032767423183734,0.20251251969374115,0.24450428033723307,0.019165,0.09377180093726308,,0.3722512198583382,0.5261201388503866,-0.06342936145123793,,,,1.6481475961770042,,0.2816581487937631,,0.835032,0.7387260982316667,0.8941588817960102,0.4627539608236242,0.15124618261895553,-0.5619458632913046,0.178269,0.6407520378298428,0.6838601250967574,0.7146230431516717,0.7728437471103675,0.5817068431522507,0.6483581359770088,0.699456037401527,0.7667098390126665,-3.159329090285504,-2.7802242700209367,-2.509686390485448,-1.9976769066668982,-3.695617499272659,-3.106753732127703,-2.655304083504136,-2.061117154892237,0.048088,0.8404342704762265,-0.21521521521521514,0.05804485942768978,-0.9359359359359355,0.5490981963927856,1.110246
BBOB,24,3,5,1000,56.90153816358867,334.6799985481657,158.06846597301748,46.42053043620916,0.18309173857892824,4.499945795730781,0.03325940173737616,0.04144707400362016,1.2461761739100339,0.31000418941312935,0.5559111439573757,1.1150765886485705,0.6921566267158639,0.031883,-1.4314848719318156,5.265571721053666,3,0.022339,0.1,0.098,1.0204081632653061,0.22200000000000003,0.16599999999999998,1.3373493975903619,0.32199999999999995,0.183,1.7595628415300544,0.244034,1.0,1.0,0.8333333333333334,0.8333333333333334,0.2019510824072373,0.20194957997009108,0.20100039007515058,0.238744668823789,0.018148,0.08034440186956773,,0.42736957485099303,0.4715313460523765,0.038378754254403936,,,,1.3357056291080707,,0.28085800830133384,,0.834243,0.7488989995610289,0.876413391166422,0.4602816158583855,0.17510593363769839,-0.5769291894966823,0.17976,0.665261965787047,0.6960228944517809,0.6963689342566389,0.7813259526862979,0.6249948953797779,0.6649421462288256,0.685601524290217,0.7682225210450333,-2.9432942510142297,-2.6728186693921803,-2.6697760006059585,-1.9227634762740315,-3.3163659495764986,-2.9630915518075973,-2.780389884288665,-2.049729269321219,0.053495,0.842934158256269,-0.1551551551551551,0.06665363268124913,-0.9359359359359355,0.5601202404809619,1.145337
BBOB,24,4,5,1000,231.26723173286172,484.44835307068587,338.6980452537498,46.28755653647638,0.2012704794398793,4.574033856821578,0.03466398504609837,0.03930792862921867,1.1339702742470172,0.3205137259116063,0.5498859275307311,1.1003967571149416,0.6757639315006418,0.017945,-1.6897727580000885,7.91085159104421,4,0.023167,0.101,0.094,1.074468085106383,0.21000000000000002,0.156,1.3461538461538463,0.303,0.199,1.522613065326633,0.217552,1.0,1.0,0.8333333333333334,0.8333333333333334,0.20231354475412636,0.20234062700271943,0.2010144992069441,0.2420711188893605,0.014144,0.07212760748941754,,0.4624307608862735,1.0537558736876689,0.009606974400142443,,,,2.28212481997028,,0.49241708380999627,,0.834599,0.7304038621385238,0.8987962416760897,0.4951294235397309,0.14494062966638943,-0.5636654519003079,0.178997,0.6604044841925841,0.6558627526615218,0.7077881162348737,0.7879933571481698,0.6421575945060267,0.6420641138258466,0.6881996183361707,0.77751468178178,-2.9862263900287527,-3.026164015595562,-2.56955936742784,-1.8642761823291156,-3.163056650869117,-3.1638829494928453,-2.7560799274302727,-1.9666022100969949,0.05604,0.8215890781748083,-0.13513513513513511,0.0697981390783066,-0.9559559559559555,0.5671342685370742,1.402859
BBOB,24,5,5,1000,-111.35890171027809,188.4754862802785,10.639923210176214,46.60066395148883,0.2103073077123765,4.727991273666171,0.029189604903527153,0.03466663184614545,1.187636213669904,0.3298640792208757,0.5693710931730276,1.0383317901629978,0.7021682450108896,0.041511,-1.8214205162041934,12.521438721555551,2,0.025737,0.10600000000000001,0.086,1.232558139534884,0.23199999999999993,0.179,1.29608938547486,0.296,0.196,1.510204081632653,0.213095,1.0,1.0,0.8333333333333334,0.8333333333333334,0.20246794308353952,0.2024784404125033,0.2023647229178875,0.2450067590362507,0.013234,0.15563234769982637,,0.5335990244832987,1.8907711466414308,-0.13155913304633868,,,,2.468997105469516,,0.8432470438918482,,0.844967,0.8463579205762168,0.8741724970126614,0.5218311135017263,0.18101887247437842,-0.5579568021168586,0.18279,0.6306308035471963,0.6515626279696365,0.7097359168253227,0.7883536915556734,0.5972455353289117,0.6284437506431856,0.6909895599945628,0.7822238792847243,-3.2480933849886497,-3.0640268166467513,-2.552472857817021,-1.8611378020070592,-3.5558256396332633,-3.280383841574264,-2.7281814154016164,-1.9226947971182469,0.053358,0.8486585855282647,-0.29529529529529525,0.052932660583605615,-1.036036036036036,0.5871743486973948,1.162917
