{
	"version": "0.3.14", 
	"suite": "unknown_suite", 
	"function_id": 16, 
	"function_name": "Weierstrass", 
	"maximization": false, 
	"algorithm": {"name": "DE", "info": "algorithm_info"},
	"attributes": ["evaluations", "raw_y"],
	"scenarios": [
		{"dimension": 23,
		"path": "data_f16_Weierstrass/IOHprofiler_f16_DIM23.dat",
		"runs": [
			{"instance": 0, "evals": 1101, "best": {"evals": 598, "y": 29.281728817904224, "x": [-2.0387315511840045, -4.471056837126422, -4.097201753970956, 1.0046027399464978, -3.2623842275189894, 1.0602728878327339, 0.3179844378340091, -0.18700248729316193, -1.6144866461061111, 4.854248337097257, -1.8000475516725798, -2.136504707957484, -4.781486976421029, 1.2389303954515984, 2.6033271924981927, 1.197775373462822, 2.800285341400083, -1.6390957467764098, -3.359474373862251, 4.690476170563144, 3.1821778924510813, -2.6338034698694432, -2.799786893199143]}},
			{"instance": 0, "evals": 1101, "best": {"evals": 251, "y": 35.99626351809564, "x": [-0.13062881235920454, -1.1074871631928742, -0.3146759025235957, -3.4211182634974757, -4.718551805382598, -3.936794407250288, -4.013610897258678, -0.8644501856301474, -4.327413074350023, -0.1990973078727727, 0.8078395427059668, 4.607675333661451, -3.955702678398799, 3.09705227338274, 2.3144960959807515, 2.4565029001083634, 0.13064289635324622, 4.654791807682118, 1.4064827036635226, 3.843014602925349, -3.745282826709102, -2.6199803634269134, 1.185926177858263]}},
			{"instance": 0, "evals": 1101, "best": {"evals": 882, "y": 24.41772594639419, "x": [0.16374308110915692, -2.6759889262476833, 1.5808854252480797, -3.1433954697546653, -2.107025823791452, 0.028727096606374403, 4.569160846564818, 3.780352684374659, -3.175379835632171, 2.5211471905106384, 1.434148733885423, 0.40234442680051963, -2.258713886006297, 0.5283748775541408, -1.6671364322528246, -1.1587339363642566, -2.3419968358914156, 3.0177076851655578, 1.7749961191103987, -0.3541318232933035, 1.7893974371359347, 3.428539195285963, -4.713365330579393]}},
			{"instance": 0, "evals": 1101, "best": {"evals": 261, "y": 32.63860175512587, "x": [-2.4796415788528456, 0.7845031317975302, -0.5560929065583275, -4.700593663419569, -3.030042325815905, -1.6323098214284624, 1.4486483285722294, -3.1401796375934548, 0.2929812096300335, 1.6679359163615057, -1.1878804224132167, 3.95597087130429, -4.991964428856153, -0.6693946916595932, -0.8196749423408356, -0.6873752049923176, -2.403336008428999, 0.2942857341827052, -0.6273657588640749, -1.9272378440480464, -1.491569662544967, -2.933904038388229, 3.131103120895631]}},
			{"instance": 0, "evals": 1101, "best": {"evals": 1079, "y": 37.29444160548619, "x": [2.639868102842163, 0.9397895353436434, 0.43883114780478394, 0.8976134397339692, -0.3753473434832082, 1.2332281921657908, 0.22450413911325007, 2.1483478674184955, -1.0127828665974636, -4.219050382474538, -2.063440246100493, 4.640657658000817, 1.2537620908084235, 1.1726767352718115, 1.0430767591971004, -0.0004909633713499062, 0.976038228654895, 0.6377876675680181, 0.557478536757531, 3.5499624599421864, -2.3849095670616767, -2.4895067279276377, 3.0779872652981926]}},
			{"instance": 0, "evals": 1101, "best": {"evals": 45, "y": 32.12999173696488, "x": [0.5086385485569656, 0.49813895020379384, 1.4471809925219077, -4.914141090102083, 2.76960692070035, 2.1439624997104803, -1.4411087600721895, -0.13925005940090251, 4.4134101342530005, -1.4777466048688126, -0.49567081998379336, -0.9982420538178891, -3.1605806554747495, -1.754457783598995, -1.5883802345521958, -4.236144786328611, -1.2680867054112186, -1.342899075522733, 3.7402193104101062, 1.889630606964003, -3.0926698136782194, 2.214121137582615, 3.7732916580136298]}},
			{"instance": 0, "evals": 1101, "best": {"evals": 276, "y": 29.4530429369427, "x": [0.1078863130825638, 4.150513141035928, 4.463407332578157, -0.7635699070930224, 4.252277607448475, 0.4208381861154251, -2.1502631551829237, -1.6400739687659591, 0.4177614399092464, 0.09054315833307935, 2.8872283691462606, -3.7722185385719564, 2.4231015006025527, 3.700612329208411, -0.6478663250408978, -1.4256522754832202, -1.6276860765702574, 2.788760873538304, 3.607131468501981, -2.2688517682999976, -0.29951762040484464, -4.976607997752153, 2.0208192562323046]}},
			{"instance": 0, "evals": 1101, "best": {"evals": 266, "y": 37.4839909254843, "x": [2.1908378582554966, -0.9278997902488504, 0.725511807051781, -0.8582474888403624, -4.763047359637713, -1.2425493178378675, -3.7485998952621142, -2.7422541186600755, -3.0729528392239533, 4.344139856130344, -3.0674471642971555, -1.1396364147635554, 2.2905296973454394, 3.4955216523363557, -3.7700017904295837, 1.6624558397352742, 3.166578684470064, -0.9898249452222723, 3.031667082183545, 2.1992474797550807, -2.72523131033449, 4.798427477934124, 4.752448563074438]}},
			{"instance": 0, "evals": 1101, "best": {"evals": 186, "y": 30.116279628065467, "x": [2.2185929128189006, 3.4459404028836866, -3.2475072031140573, -3.0403025885887605, 1.5202283555032832, -2.8280276215712243, -4.003287657380737, 1.6359911413268695, 2.5229307737396223, -1.8675948392030328, 1.6668453176669606, 0.222048518941107, -2.677773307539826, 1.6320156629234823, 1.2709384814744364, -0.18223494551583386, -4.914666467024391, 1.3198486429642928, -1.4654664885829183, -0.9572212961222082, -0.5207976057980446, 3.3062146280015057, 2.5814900620775427]}},
			{"instance": 0, "evals": 1101, "best": {"evals": 464, "y": 27.789072388785847, "x": [-2.4780131401740713, -2.78428746723852, 4.128523226065456, -3.6176578217264153, -4.791984934197678, -1.6243932236213132, -2.7883161888785617, -4.958062382847225, 3.5558170414674564, 0.23846388210214053, -4.966426034362436, -1.7423217976694274, -1.9017646727611037, 1.6767715010031008, -1.8879264134591702, 1.502714304178054, -1.2826596318731118, 2.936413141839953, -2.9463261667378133, 2.5477218800500667, -4.735739385595315, -2.710637919389121, -4.9438023502113015]}},
			{"instance": 0, "evals": 1101, "best": {"evals": 796, "y": 32.7509066646166, "x": [-1.0074404621645074, 4.633350241410309, -4.685327092857451, 2.1336512705843544, 0.7932128374864957, 2.735321645667285, -1.0511340052176132, -0.7826027972440528, 1.526849605680157, 4.985578969161634, 2.209087733103516, 1.6858324071155737, 3.943812701265246, 2.932660497527081, 3.4643532937234163, 0.6090264882682761, -4.052660996443398, 1.8887714540687135, 4.733080920769172, 1.222319892305367, -2.4962131307257374, 2.175388178424668, 0.34402051543653034]}},
			{"instance": 0, "evals": 1101, "best": {"evals": 47, "y": 25.856218700558095, "x": [4.908881299405483, -3.065666433600885, -0.23031145018135035, 3.5229564063295964, -0.33341520158672644, -4.872606324683927, 2.1347583908277423, 2.070399135049385, -4.61102404040362, -4.828526844415712, -3.677925976258958, 1.0937288599152506, -1.1224532362537278, -3.340673276270242, -4.182506774661313, -1.565834279224548, -1.2924004090295504, 2.813087009771862, 0.1230216554009278, -0.16719870407636428, 4.454390905957409, -3.609100650033421, 2.8607073316605893]}},
			{"instance": 0, "evals": 1101, "best": {"evals": 292, "y": 34.22146936438124, "x": [4.665550505250096, 4.951650356187052, 3.0689333642653343, 0.3174465465833123, -1.029197947539418, -4.174812110059131, 1.0948322265873491, 1.1260614218832563, 4.331649322694606, 3.5312206302558278, 4.915684183671672, 2.4626385130564863, -0.4608411713602507, 2.6119134129678487, -3.9166994090723115, 3.661936141839213, -1.2179536188114337, 0.23839448141576813, 4.479188915786725, -2.288507459147495, 0.1989091065190678, 3.4072285267666427, 1.3867642138707295]}},
			{"instance": 0, "evals": 1101, "best": {"evals": 49, "y": 34.83574399392428,