{
	"version": "0.3.14", 
	"suite": "unknown_suite", 
	"function_id": 24, 
	"function_name": "LunacekBiRastrigin", 
	"maximization": false, 
	"algorithm": {"name": "DE", "info": "algorithm_info"},
	"attributes": ["evaluations", "raw_y"],
	"scenarios": [
		{"dimension": 23,
		"path": "data_f24_LunacekBiRastrigin/IOHprofiler_f24_DIM23.dat",
		"runs": [
			{"instance": 0, "evals": 2301, "best": {"evals": 2281, "y": 371.36679570923354, "x": [-0.10773914506850701, 0.47884372795185026, -0.04591377439636113, 2.500641145641591, 0.1957943330330656, 1.6775118389874557, 1.0880161593298583, 1.5313466146438355, 0.5971246671484225, -0.2716725499344713, 3.120999573006541, 3.398595481769797, -3.1789077529154177, -0.29510692226560753, -0.30904498973770733, -0.07798634641330127, -0.04618355517960515, 1.914331157518859, 2.3399432758078085, -0.26717502503740176, -3.7678082583371584, 2.6540370248064646, 0.2959879812845887]}},
			{"instance": 0, "evals": 2301, "best": {"evals": 754, "y": 340.44825071746436, "x": [-1.9586797448889293, 2.5948136468686265, -0.3017643412097408, 0.41686944400040726, -0.14871229988471235, -0.1428231064505059, 2.774964164957286, 2.511418433229851, 4.61998895227987, -1.8132616203002647, -2.2718824924486927, 0.5179799099955513, -2.773111218015533, -0.3000479220237908, 0.04381750841648291, 0.31497521607487267, 1.6516848335447865, 2.502959249437344, -1.4120796201899353, 1.8416133362662561, 0.9407949854320927, 0.5245940271096359, 0.49607992038654003]}},
			{"instance": 0, "evals": 2301, "best": {"evals": 1860, "y": 357.3012076740631, "x": [-2.5085985686638432, -0.2878804084993867, -1.3654180873363941, 1.3772751692830754, 1.9336418782456004, 1.4098130777901479, -0.6673394716212191, 0.04248683508153084, 0.8615338013546683, 0.9314626641724234, 1.7228393735458605, 0.05035526229661014, 1.7669418426332864, 2.87678691051123, -3.219179403917149, -2.01469410390404, 0.9940239968637057, 0.07118094755636095, -1.7272378478329165, -0.2738816323162343, 0.22652001479690398, -0.5086218276790335, -0.3826015858642613]}},
			{"instance": 0, "evals": 2301, "best": {"evals": 2258, "y": 353.4442430463384, "x": [-1.1786142114586462, 2.880547465671585, 0.5223684284822481, 1.4836164183434386, 3.2489852408554896, 1.0504674007338166, 2.834024056178019, 2.8273635317108106, 0.9331222987657246, 1.1530155011369514, 2.0050257998925987, 2.290871215248165, 1.9690573864831826, -2.3268706188105304, -0.19710895669568607, 2.5025605536677045, 0.051746265473966435, -0.3047062583621365, -3.4725916621238317, -0.7440402692799042, -2.026837890167688, 3.122774440177185, -2.441704994765952]}},
			{"instance": 0, "evals": 2301, "best": {"evals": 2261, "y": 329.7706708787745, "x": [0.8039888635527495, 0.020747560297110113, -0.953022950666689, 2.992837107397932, -0.56508128145326, 3.5793220647321355, 4.203422915647704, 1.6454038083252818, 1.4313426855822198, 2.154528241933183, 0.5465115739424626, 0.8819980252236781, 0.12492777300082913, -0.4634280946236764, -1.8082434490904378, 0.8983658955640417, 2.187798395392196, -0.4267072676147263, -0.9295362617286854, 1.4906071179130476, -1.0261754045972977, 1.8705301667006082, -0.4211999122650437]}},
			{"instance": 0, "evals": 2301, "best": {"evals": 2057, "y": 345.6241539013347, "x": [0.4614497005513154, 0.8542563820956981, -2.6095841588551174, 1.2626534746387001, 0.3829408410846802, 2.103804089218293, 1.2992037766117281, 2.3728276759645226, -0.12088180068710763, 2.0410699299609387, 0.6021178592496632, 3.219407577009216, 0.6431163655193171, -0.16164318495148366, -2.748651977875363, 0.6337787359737814, 2.0325261749797137, 0.3527647506843641, -0.07889226540928584, 0.41389548927122966, 0.1133304723618429, 2.3727026689721633, -3.5612844848604777]}},
			{"instance": 0, "evals": 2301, "best": {"evals": 2176, "y": 311.83093558088854, "x": [1.0471374736142403, 4.7161018936257815, -2.096542953774855, 1.086584463333219, 1.5120809569777125, 0.7896408026503969, -1.0662643175101607, 2.313373577173982, 1.2865538572315365, 0.4742711815322811, 1.345170971312369, -1.178181076995644, -2.273896571695694, 0.3793333612909072, 0.012991904446507885, -1.7408664462154793, 0.05936753818918872, -0.025246310236693326, -3.196428625793642, 1.105737608677574, -0.8839077858712955, -0.5249383262278611, 1.3660057923016187]}},
			{"instance": 0, "evals": 2301, "best": {"evals": 1886, "y": 354.8060530079209, "x": [-3.4720120207156375, 2.9823118233000168, 0.4092575482299792, 1.1524744381354226, 0.9648979828109072, -0.9454160903333847, 1.7287927015504834, 2.11998479290561, 3.9495458209220082, 2.126560804116094, 2.1788988718575055, 1.7463824479232086, -1.2384116999780423, -2.813777248150426, -0.7630602717645627, -3.451387677681308, 2.5786990173842055, -2.5397337792456467, -0.5750426949699214, -0.09542913609577242, -0.8972635479108961, 2.334135131930683, -0.16677447576086069]}},
			{"instance": 0, "evals": 2301, "best": {"evals": 2193, "y": 365.991711974681, "x": [0.7340420319959495, 0.6667272258073607, -0.28597824784912396, 0.09623552466262009, -0.26378659375763824, -2.802393859502221, -2.2452467124648234, -0.44791314894421164, -2.387571938560915, -0.66911781111889, 0.790405745465419, 0.7834214149080253, 1.6099024290665245, -0.20315510958318317, 2.755285936623986, 2.8799805863850922, -1.429203797481876, -0.29306076785706225, 2.7777232980996343, -1.6296512366601177, 4.11395309214986, -3.4323362546842944, 1.0650989891657232]}},
			{"instance": 0, "evals": 2301, "best": {"evals": 1984, "y": 386.93777377098854, "x": [-4.360565580446012, 2.3241725912372235, -1.5359458797150305, 1.2939248925105364, -0.0586409610450338, 0.38234159272546775, 1.4124849019281078, 2.7157295580422938, 0.6251475919888332, 2.7272145572715116, 1.581781242564706, 3.020592036588236, -0.6907939503239948, -0.6648088889492361, 1.2791782109899246, -0.8466785812065307, 0.8158378126975165, 1.4286553525233021, 1.8051010600142416, 3.274322087691478, 0.932674369908043, 1.989527015028012, -0.4848814323235062]}},
			{"instance": 0, "evals": 2301, "best": {"evals": 1388, "y": 375.0509690575582, "x": [-2.5961835174381465, 1.9194761522523862, -0.7797067752463134, -1.0938374108938387, 1.98318342050126, 0.9021838520478467, -0.9211936973061121, 0.18373266379127795, 1.152927387187209, -0.9615615177588613, 0.926343285381007, 1.8036717698295082, 0.15194591962198267, 0.09255923701988777, 0.831181750125118, -3.295008668352591, 2.7979384096440203, 1.0017547843915415, -0.23373597836627513, 1.6980585402226553, 0.5770236438880576, 0.5828757602559309, 1.4752896767697514]}},
			{"instance": 0, "evals": 2301, "best": {"evals": 2073, "y": 370.3900708516022, "x": [-2.4581731319586826, 0.523201630528332, -2.341951699924568, -0.9829780931038439, 1.0588601701557399, 0.17250173325953955, 1.6717919314696235, 3.6075247137926176, -1.4531568679007738, -0.7034845362430646, 2.763642863543587, 0.9344500496333517, -0.8971537250918347, -1.1126738906577338, -2.8958795091069263, -0.8726393634763512, 2.5239741892507235, 0.9480596165125594, 1.6130688940334674, 3.51724061551241, -0.6177935713974176, 2.568224756342235, -3.082051823998877]}},
			{"instance": 0, "evals": 2301, "best": {"evals": 2095, "y": 382.6572718570942, "x": [2.465936261858718, -0.16093528180924244, -1.2013822755522623, 1.5400451193620492, 0.256100275182483, 3.135831456891701, 4.037908982552723, 0.4874402648864694, -0.04713521591714209, -0.5922049983970012, 1.4765959205902948, 3.119273929730504, -2.99989459715741, -1.9717372346205537, 0.6569774701967974, -2.2210997674694353, -0.9403088823567574, 1.9685572915620237, -0.21794348655754692, 1.5689521801168, -0.6677660185166552, 2.3438104653166065, -3.1657806894358274]}},
			{"instance": 0, "evals": 2301, "best": {"evals": 2069, "y": 377.5375707858002,