{
	"version": "0.3.14", 
	"suite": "unknown_suite", 
	"function_id": 8, 
	"function_name": "Rosenbrock", 
	"maximization": false, 
	"algorithm": {"name": "DE", "info": "algorithm_info"},
	"attributes": ["evaluations", "raw_y"],
	"scenarios": [
		{"dimension": 23,
		"path": "data_f8_Rosenbrock/IOHprofiler_f8_DIM23.dat",
		"runs": [
			{"instance": 0, "evals": 1101, "best": {"evals": 1088, "y": 10230.699174157098, "x": [-2.4972663743004597, -3.8736441304333447, 1.7886900906885987, -0.03894435473411795, 1.146609511514595, -0.009776217447841518, 0.15999086969688303, -0.9769795760921272, 1.3543424859404327, -0.28046913424377773, -2.172583891598065, 0.4238560312085893, -2.3383122184839804, 0.3793704922184905, -2.3157761935317, 1.926771877587651, -3.8779757003423727, 1.1123315772733933, -3.007240471697654, 0.47154518623244535, -1.8522934176350385, 2.336193370576022, -2.0952659288104076]}},
			{"instance": 0, "evals": 1101, "best": {"evals": 388, "y": 58279.027143370906, "x": [-3.2142756670476693, -1.0433612694301608, 2.175775297561267, 3.196393306791183, -1.4019193373224506, -1.5399603250431948, -4.938904858177484, -1.917992988125, -0.9765781555175324, -0.42555263700657076, 0.16259476000520268, -1.6192977639714257, -0.4012140047050272, 3.4733878119654413, 0.7054530277839943, 0.9049390095407612, -2.943705821075364, 1.8829655976189663, -0.699746255828023, 1.1125480682413489, 0.43368192221981605, 2.6973885510465525, -2.642032051989149]}},
			{"instance": 0, "evals": 1101, "best": {"evals": 594, "y": 49286.124856321854, "x": [-1.411061578445406, -1.2387408742258832, 0.7080149318035396, 0.9723732499558926, -2.6073542628804223, -0.5094068320802116, -2.3255589488688084, -0.5456924573672084, 1.9546545340949502, -0.09441066099525064, -1.5037809735988175, 3.0379544132791256, 1.2809586032833593, 2.2964188627180193, 1.1447557270701378, 2.0725599710361244, -0.6253219861518651, 1.8251260663931372, 0.3843377780930295, -2.251956437148309, -0.3179743928531442, 1.1330381858123668, 2.158311537821329]}},
			{"instance": 0, "evals": 1101, "best": {"evals": 956, "y": 22594.55302789394, "x": [-2.821385865482603, -2.1661746111118187, -1.2784963509397826, 1.7965387291878545, -1.4887768902202927, 0.9989645772366362, -0.525573154958128, -1.7415282300033608, -0.11801885353370678, -2.3535368158474252, -0.7104242065189768, 2.9788036375771427, -1.9061838685399426, -1.8079086052490558, -2.5897430705117364, 1.3733563534574178, -1.954851904267734, 2.2491486635362365, -3.87223825684858, -0.656739505608814, -0.6921748377461152, 1.692428196047781, 2.643583457597487]}},
			{"instance": 0, "evals": 1101, "best": {"evals": 981, "y": 27110.073163944853, "x": [-2.71074227590088, -2.6530076219992855, 2.0064896326692585, -0.976498635963468, 1.4281401839090786, 1.6882693995802078, -0.9977555560134252, -2.2949078518514607, -3.3406507567854065, -0.05023744318799572, -1.2558218859272547, 0.4323081629809349, -2.8545644838836965, 1.9836880276755378, -0.7457002031196245, 2.0324273358397926, -2.464020137403418, 2.8297944841458165, -1.2410280486927345, 2.122131238225519, -0.5380371576613148, -1.2637186820873336, 2.350970976451306]}},
			{"instance": 0, "evals": 1101, "best": {"evals": 1084, "y": 73960.01459916525, "x": [-0.9648402730051435, -3.8819368305894795, -1.0696879888999613, 1.8961836356249995, 1.1339176699489504, -0.14414005020693033, 0.3714403266572375, 0.8035120499706668, 2.966173825604428, -0.2518053448479105, -1.9149408440580293, 2.1342377807123256, -0.19479593634774384, -3.009657949365015, 2.0140879668812106, 1.1636808359997306, -1.5023439150499573, 1.4695238929357932, -2.1813110014982926, 3.329620561062505, -1.530411105318424, 1.861896959925605, -0.9614054305079498]}},
			{"instance": 0, "evals": 1101, "best": {"evals": 796, "y": 45160.39562307228, "x": [-3.39779652100777, -4.431809617258828, -0.7897567675362556, 0.5440698265412056, -1.1542748798242828, 2.1142037947075334, -0.21072575332282728, 0.745224438966011, 0.9923160792699806, 0.7077011180574946, -1.960249431950908, -0.49356186427371807, -2.2190697554360588, 2.2738875748458454, -0.7125968552488473, 0.679182841572048, -3.327496800781499, 4.366902878171469, -0.991836207447987, -3.0113339408037696, 2.060917621942039, 3.1268579750587957, 4.255753793316817]}},
			{"instance": 0, "evals": 1101, "best": {"evals": 882, "y": 27763.65052214952, "x": [-0.9298338898595322, -3.8395486678395807, -0.5343809453751192, 2.9603422998185724, -0.4922922045509557, -0.6081816736781276, -0.1343631364822815, -0.6291950939669965, 2.7437886141052585, -2.486598996243997, -0.1735169987326608, 1.2025045326941488, -2.793679827453374, 1.2383938579285587, -2.2132886751080116, 0.887498185453226, -4.6956335249895975, -0.025624733458433413, -2.7538049397869866, -0.9340733568934454, -1.3125045858757471, -1.4242330124234934, 2.9156640348386436]}},
			{"instance": 0, "evals": 1101, "best": {"evals": 1083, "y": 44627.66115064221, "x": [-1.5408474160721295, -1.803962470712524, 1.8973241072856557, 0.2584257063483859, -0.6787794890897567, -0.4150945999321709, -2.0679720441402205, -1.6688874698858125, -1.6196025721371585, -0.7678519009454252, -1.1234469875771498, 0.7399727209967133, -2.316589099357705, 1.9673237367587344, 2.982788812933568, -2.7669832910826777, -2.8051079532026635, 1.4790575394131658, -0.9232133362528134, -2.1954138817171973, -0.527700260280149, -1.9606302947533667, 0.4325308602489417]}},
			{"instance": 0, "evals": 1101, "best": {"evals": 1067, "y": 35167.24901906591, "x": [-2.1023129673564425, -4.868690088449549, 3.6640388689841332, 4.9570144785551165, 1.125571498190355, 3.149454374019699, -0.6467279004437536, -1.539833376147352, 1.7160871792556085, -3.6819748346895773, -3.1059671118145875, 4.234036192108084, 0.014661627010756906, 0.6829151304780221, -0.42553749066575275, -1.545086090616028, -2.4929434177232492, 0.4017691289516785, -4.0049630632289785, 0.4366515932768249, 0.129113688019995, -1.2742130111799634, 4.63517302863857]}},
			{"instance": 0, "evals": 1101, "best": {"evals": 892, "y": 40197.532087952495, "x": [-2.2528179562764326, -3.7813022541667993, 3.4627416834434563, 1.0087608907893273, -0.35282247605948425, -0.5365537229065325, 1.5605764023558981, -1.800693351324754, 0.7693952648017879, -2.042408015120266, -2.0551053182752543, -0.9207411230219129, -2.02904509528456, 2.162394274488734, -3.376651352380999, -0.8694804161364151, -2.8140104099795904, -1.8674883795960442, 0.9222816741997246, -1.469082149868024, -0.19419301513719933, -1.1136100481711437, -1.9891333165749894]}},
			{"instance": 0, "evals": 1101, "best": {"evals": 893, "y": 43702.75427364092, "x": [-1.9867485882481652, -1.1083944625075313, -0.4227979441759302, 2.135324415976095, -2.8689403169083927, -1.256421902460584, 1.2766268143231374, -2.032652365088593, 1.4159945290052645, -2.3651522305133494, -2.389349916731864, 0.47461629447416387, -2.3228052608075207, -3.4979096641292236, 0.4958789158056227, 3.3986888179081376, -2.646308124991056, 1.0608045971918036, 0.9377014006679452, 0.7206305890930227, -1.0544430114246854, 2.6234397174530737, -2.310006253908694]}},
			{"instance": 0, "evals": 1101, "best": {"evals": 889, "y": 40548.087219555855, "x": [-1.596993294220891, -4.005999582263984, -1.7463968948316273, 2.431255433357764, -0.22465414718594978, 3.5881792793730973, -0.3745018926365513, -2.4726680326636297, 0.0988916162914002, -2.410100536154226, -3.6470238425430717, 0.11076910478430335, 0.06372081384937767, 1.5873774468390636, -2.6564550207420563, 1.4450700437022557, -4.28694352058376, 3.471880660031756, -0.19531037724108358, 1.49658255578407, -0.5100609699652614, 3.3295257742853988, 2.0874305031406832]}},
			{"instance": 0, "evals": 1101, "best": {"evals": 1077, "y": 93967.97847931301,