{
	"version": "0.3.14", 
	"suite": "unknown_suite", 
	"function_id": 6, 
	"function_name": "AttractiveSector", 
	"maximization": false, 
	"algorithm": {"name": "DE", "info": "algorithm_info"},
	"attributes": ["evaluations", "raw_y"],
	"scenarios": [
		{"dimension": 23,
		"path": "data_f6_AttractiveSector/IOHprofiler_f6_DIM23.dat",
		"runs": [
			{"instance": 0, "evals": 221, "best": {"evals": 195, "y": 197654.75801392808, "x": [-1.7813338661490383, 0.6127719756949626, 2.7096717995456103, -0.06851533390917997, -2.3871871057212157, -0.8681904009832793, -1.8124089448752625, 4.460402229289121, -4.326480453539809, 2.791423231434486, -1.856440189236733, -2.5062955638347018, -4.068174006162019, -2.5070777085112503, -1.0046989363744414, -2.2529861243094955, -2.7120183450837754, 1.9594586321493201, -3.2271500243625626, -3.3177870457780303, 4.29697652342573, 2.4278349280545357, -3.5250722575614843]}},
			{"instance": 0, "evals": 221, "best": {"evals": 216, "y": 150690.10994018742, "x": [0.28172106250315254, -4.339446921778399, 2.5897683185403064, -3.0731140979221787, 1.0134780184831267, -3.533854428401577, -1.0842075949599517, 2.8667632986077525, -0.1186856221535102, -2.3185677038807917, -2.788288271908872, 2.465702475687567, -4.458157962075894, -2.1861245525997197, -1.775764740535212, 3.6969588485163385, 2.0726791866643914, 2.7394185574445857, -4.3952247799181325, -3.6136802030836117, -1.8135018032891546, -4.814416634764744, -2.5534494539528696]}},
			{"instance": 0, "evals": 221, "best": {"evals": 178, "y": 152409.97407730468, "x": [-1.321123103244171, -0.06607753983406028, 1.3919135523358155, -0.08715483812213964, -0.10339793115746776, -4.52601422068836, 1.1272205194175697, -0.17182505649588897, -2.833365242682334, 3.81544450405932, -0.8859140222446613, 3.9788216216771484, -4.49166142620347, -0.296836157016094, 3.4025410235266094, -1.9120797019940405, -0.8983623076936267, 1.1577640117930628, -3.8359968216962415, -4.299573235826047, -1.2303585880202803, 1.451371239357206, -2.226822458304377]}},
			{"instance": 0, "evals": 221, "best": {"evals": 193, "y": 245612.63120611402, "x": [2.7237389932341087, -1.3491246839334152, -1.8667402349511142, -0.2527127340386941, 0.09643117776603916, -3.2096532764766517, -2.543899059297734, 1.0330662793446939, 0.29753904029772427, 2.6470331115694794, -1.7974826962981894, 0.336582095700823, 0.07253234707413192, -3.165905363826492, 1.3429642618488358, -0.6589535211803648, -2.9316106531806305, -0.13065364271886426, -3.3278285876077924, -1.9531600256560975, -4.07022007487174, 2.877714800885684, -0.6349959982098135]}},
			{"instance": 0, "evals": 221, "best": {"evals": 3, "y": 322978.15401630744, "x": [3.13254951121899, -0.12246290429021389, 2.5395749401210033, 3.677410586716949, -1.0860997353000048, -4.864304300959841, -2.45073433979091, 4.14915041084409, 1.8754226055229095, 2.3721871643694037, -1.7471138573457856, 2.0127298467499513, 1.462821454094252, -3.21626336522971, 4.686907774306446, -1.4597440665226005, -1.7071302615995778, -1.3083845576980204, -4.082803846792307, 1.2496351709321587, -2.613757562536032, 3.033127563841809, -1.058438198660542]}},
			{"instance": 0, "evals": 221, "best": {"evals": 171, "y": 191091.6848149143, "x": [0.2641048604597853, -3.1767714974358543, -0.03237850521896313, 0.9355008950433721, 1.0635224486214543, -4.678783315278746, 3.4293185707637823, 3.9454098071111776, -0.26779999767479756, 1.3252419579342956, -1.7389175538881885, 3.3321341817080334, -2.026555154735863, -0.7120896031618389, 3.084515825085413, -3.2064031044967036, 2.6956403148132075, -1.0534937300133516, -0.4555142199851283, -1.7834826169708795, 3.2355801206528554, 3.5362360760517904, -4.803374100241182]}},
			{"instance": 0, "evals": 221, "best": {"evals": 211, "y": 148136.91134376585, "x": [1.0970368476162555, -4.895752439316263, -4.297684353389222, -3.08846116471873, -2.2095756715102888, -2.7526950286072385, 2.282197701031335, 3.8548056853214323, 0.10070538964952913, 2.4270462778083255, -4.750508480592827, 1.6751194641893594, 0.7083486636969507, -1.072368878806972, 0.20539609870024345, -1.0602671504546657, 2.2217895536742294, -2.001637975610032, 3.465847191845556, -0.5471271812462044, -0.994868648177563, -4.385757554730577, -1.3222386734815328]}},
			{"instance": 0, "evals": 221, "best": {"evals": 215, "y": 234084.1656773168, "x": [1.0830106861709918, -0.2303955520301968, -0.6212699343307908, -1.963843966517478, -2.0666213226960357, -1.9694301593910568, 4.138464422354095, 4.600784960512993, 2.8592959580293016, 0.5121790189647326, -2.228154003677502, 4.474729434438673, 1.3250641001735524, -0.6992839320827011, 0.006847418561974905, -3.983376911026705, -2.0108979813668637, -0.159161408828131, 0.6409872046673184, -0.8726481728640834, -2.771876435246844, 0.12712579664190038, -1.5268131983237159]}},
			{"instance": 0, "evals": 221, "best": {"evals": 137, "y": 146242.51253324028, "x": [4.051248314509442, -0.5686199440147628, 2.214970765734737, -1.0306214506180442, -0.2434954146461279, -1.930376620059376, -1.6130413722294557, 3.5221187643732543, 0.3054878384741204, 0.06976904478402446, -2.7579045985214696, 1.1791293467466986, -4.291038936713192, 0.7065038344280294, -2.579826642769124, 2.8933105450992445, -2.901567279583925, 0.6796536135384934, -0.09288206637524721, -0.489794536699115, 0.257965560831235, 0.5710215702829209, -4.373100357881775]}},
			{"instance": 0, "evals": 221, "best": {"evals": 212, "y": 261258.20153989035, "x": [-3.0995566398247063, 3.1586785153661214, -1.416118247483507, 0.4125077844867049, 1.8658122346045856, -3.6225228249225534, 2.9147112285763708, 3.245277658748465, -1.0488482736570637, -2.542732807323452, -3.890166217347342, 0.40029704480030226, -3.581573557155261, -2.1253448442223624, -0.09807750975127849, 0.5347870359400475, -2.0263190398161544, 2.455102458888237, -0.8325872919113003, -4.693819473779871, 1.48195779138703, 4.627341514613841, -3.1772298940189723]}},
			{"instance": 0, "evals": 221, "best": {"evals": 215, "y": 215131.62227942236, "x": [3.94004700638183, 0.05364892024170276, 1.3378370336684413, -2.737790816257207, 1.3725145079163354, -4.027950046455556, -1.304135383405872, 3.0687380683129133, -1.731309184790905, -2.2746743468474264, -3.7597204880126394, -3.5905124112503217, 0.5455772733331519, -3.4484909979993215, -1.6793030263726045, 3.5067536742709233, -0.15556190263519376, 2.3236567713572702, 2.2867442107635374, -2.4856803683559505, -2.1033321539994843, 4.149370992815951, -3.96491630085659]}},
			{"instance": 0, "evals": 221, "best": {"evals": 213, "y": 212343.82615866498, "x": [1.355249660560304, 0.703311004111927, -1.4855643367858937, 1.2099844870874046, 1.3724548226036641, -3.1756565553108818, 2.8759447791799415, 1.989289460016474, -0.42664944250540593, 1.9155301081148322, -0.35480709390413756, -1.5783623152662787, -1.1330315287197479, 2.935230676133566, 2.268754302280763, -0.2944064675437272, 1.7552496661283956, 2.831795862871339, -0.9596743738469291, -3.146954318090287, -1.2182768379033453, 0.11170998737833315, -3.7597281987642384]}},
			{"instance": 0, "evals": 221, "best": {"evals": 98, "y": 63749.996217563865, "x": [1.3971337531966732, -4.711938261272744, -2.7176372575767203, -1.6757047992961143, 0.3048622569712722, -4.531605066058569, -4.113064480776863, 3.472007762401173, 2.187167738624675, 1.2512515295266626, -3.8436535048732905, 0.23882109203275337, -1.2304253814530375, -0.9348408289236021, 4.036206753524043, 0.46919650815305314, -1.752501077751536, 3.788715653293721, -0.31478746747527797, -3.678604331305913, -2.899267897506804, -3.9516512849593166, -4.520580647164797]}},
			{"instance": 0, "evals": 221, "best": {"evals": 214, "y": 215502.00101623594,