evaluations raw_y
1 4.69913603595142
2 19.728748032277704
3 22.459706918568457
4 36.63950310468074
5 27.44286836916826
6 17.760213469460904
7 17.470518548363852
8 12.720598175944762
9 14.699182905623358
10 14.722894601802382
11 24.32228373917607
12 12.423954867245467
13 26.05972596588529
14 27.15404619068409
15 25.727246350271255
16 29.146858745582318
17 12.748911728690898
18 19.463509777949685
19 14.199933678580518
20 35.570680145850304
21 20.46441102751537
22 15.360349794964467
23 13.575342787844752
24 16.927840250604664
25 14.397230904337484
26 16.788524329656695
27 9.166157829646952
28 2.780587789401238
29 19.963331969637416
30 34.40958790321386
31 5.806371166284448
32 8.142423841593383
33 8.146834558001698
34 12.019938439625086
35 12.026975745790892
36 27.235246128509544
37 24.82668642793
38 17.52739257057214
39 17.565969223258445
40 14.036059647746335
41 8.051882483774065
42 4.059319713626183
43 4.570042657630113
44 11.330954698850658
45 6.452890230323167
46 17.118439596200307
47 17.13330170836392
48 11.607932682819202
49 12.865222701847866
50 20.248555459485413
51 12.773610161726321
52 12.77067137228274
53 1.4397103787151986
54 1.4422064856028654
55 20.01523399545839
56 7.919748037865058
57 7.918161184380518
58 15.347661995985064
59 10.371540845545045
60 10.36525976231349
61 13.844184840143573
62 9.914637155392677
63 9.520195768316004
64 4.263215210103797
65 2.780587789401238
66 7.205869839714719
67 12.98132729121783
68 1.4422064856028654
69 2.780587789401238
70 4.059319713626183
71 4.263215210103797
72 4.570042657630113
73 4.69913603595142
74 6.452890230323167
75 7.205869839714719
76 7.918161184380518
77 8.051882483774065
78 8.146834558001698
79 9.520195768316004
80 9.914637155392677
81 10.36525976231349
82 11.330954698850658
83 11.607932682819202
84 12.026975745790892
85 12.748911728690898
86 12.77067137228274
87 12.865222701847866
88 12.98132729121783
89 13.844184840143573
90 14.036059647746335
91 15.347661995985064
92 17.13330170836392
93 17.565969223258445
94 20.01523399545839
95 20.248555459485413
96 24.82668642793
97 0.838669693278368
98 0.23180980466947948
99 0.08375346105460779
100 -0.15143047614014238
101 -0.6680979467090691
102 -0.44806373744841
103 -0.3322185038397921
104 0.8904491946423417
105 3.8105220355770126
106 1.010721333554667
107 1.1458352758959989
108 0.8297750850907732
109 1.8910188249985775
110 2.6464796008429228
111 4.984731856185743
112 3.3326162673282234
113 4.672779475662537
114 4.8845311100274875
115 7.6109467514961695
116 7.392054893990802
117 9.72749198154581
118 8.940550920189063
119 11.214292630516981
120 12.767833688406187
121 12.81345293026819
122 4.259427923727723
123 0.7497014827773729
124 6.7116010575819445
125 12.091513788884724
126 10.5513197637914
127 5.571948407946772
128 10.125112305438115
129 13.878165815565149
130 13.707087572582349
131 10.87787545411579
132 11.705852354953706
133 18.77355360126508
134 0.838669693278368
135 0.8906058337722138
136 -0.6680979467090691
137 -0.3322185038397921
138 0.08375346105460779
139 0.7497014827773729
140 0.8297750850907732
141 0.8904491946423417
142 0.8906058337722138
143 1.1458352758959989
144 1.8910188249985775
145 2.6464796008429228
146 3.3326162673282234
147 3.8105220355770126
148 4.259427923727723
149 4.672779475662537
150 4.8845311100274875
151 4.984731856185743
152 5.571948407946772
153 6.7116010575819445
154 7.392054893990802
155 8.940550920189063
156 9.72749198154581
157 10.125112305438115
158 10.5513197637914
159 10.87787545411579
160 11.214292630516981
161 11.705852354953706
162 12.091513788884724
163 12.81345293026819
164 13.707087572582349
165 13.245495533878028
166 -0.6680979467090691
167 0.34085640848939347
168 2.7676699027952996
169 2.219281874091288
170 0.7833538104499937
171 0.7449792212687562
172 1.7356979156753423
173 -0.857234137763006
174 0.0025521010171076774
175 0.06496677662084505
176 0.9264547459863273
177 0.9631622520096074
178 2.995246198032831
179 2.3948187708532966
180 2.3797690134049514
181 2.3829723417724793
182 1.3356147691001439
183 3.5744769167980697
184 3.6349282297962353
185 4.975227241220794
186 5.011039661171748
187 3.9518721822648426
188 7.555016166446157
189 7.373833872358201
190 2.030255944271318
191 1.9726199335129266
192 7.705046126505346
193 7.635012272416818
194 3.9348943493032946
195 7.199525185801992
196 2.077854874954499
197 4.835206787796275
198 4.8035683163743075
199 2.4827534115470913
200 2.424588674516196
201 3.2957817363347415
202 3.9457593037753944
203 6.490520863505285
204 6.530470310080421
205 9.828534259844872
206 -0.857234137763006
207 -0.6680979467090691
208 -0.3322185038397921
209 0.06496677662084505
210 0.08375346105460779
211 0.7449792212687562
212 0.7833538104499937
213 0.8904491946423417
214 0.9631622520096074
215 1.3356147691001439
216 1.9726199335129266
217 2.077854874954499
218 2.3797690134049514
219 2.3829723417724793
220 2.424588674516196
221 2.6464796008429228
222 3.2957817363347415
223 3.6349282297962353
224 3.9348943493032946
225 3.9457593037753944
226 3.9518721822648426
227 4.8035683163743075
228 4.8845311100274875
229 4.984731856185743
230 6.530470310080421
231 6.7116010575819445
232 7.199525185801992
233 7.373833872358201
234 7.635012272416818
235 0.5876351494817095
236 -0.857234137763006
237 -0.2129400806972811
238 1.5402167806650895
239 -0.7951346155957338
240 -0.5435354489796099
241 0.5824197984247175
242 0.5579391997631438
243 1.7024983362468844
244 0.9129271956061227
245 0.868575273513098
246 0.63369527396705
247 0.873451525032264
248 0.5172164256101677
249 0.5479416902401886
250 1.757927286365907
251 2.642283811318525
252 2.3833404378348653
253 2.15802166529716
254 0.7327319632444492
255 2.896982760209979
256 0.4766799946629221
257 0.04492592572447718
258 0.7222141822008596
259 3.098745163845306
260 -0.2139068675728798
261 2.0616037379235816
262 3.3530306171819766
263 3.2104840855474954
264 1.684718559089303
265 3.693367621640414
266 2.6441673214531916
267 2.6751050511083134
268 2.6641840909338814
269 0.8313642152515921
270 0.4726331077861008
271 -0.857234137763006
272 -0.7951346155957338
273 -0.6680979467090691
274 -0.5435354489796099
275 -0.2139068675728798
276 0.04492592572447718
277 0.08375346105460779
278 0.4726331077861008
279 0.5172164256101677
280 0.5479416902401886
281 0.5579391997631438
282 0.63369527396705
283 0.7222141822008596
284 0.7327319632444492
285 0.8313642152515921
286 0.868575273513098
287 0.873451525032264
288 0.9129271956061227
289 1.684718559089303
290 1.757927286365907
291 2.0616037379235816
292 2.15802166529716
293 2.3833404378348653
294 2.6441673214531916
295 2.6641840909338814
296 2.896982760209979
297 3.098745163845306
298 3.2104840855474954
299 3.3530306171819766
300 21.193345461649752
301 -0.857234137763006
302 -0.7659476069073498
303 2.5651328306409664
304 -0.7986911555322839
305 1.345547192559201
306 0.2507792044498247
307 2.036444088292783
308 -0.6266690301109537
309 -0.4052795189976591
310 -1.0459843986051187
311 -0.38558603361461086
312 1.5659231643304037
313 0.4238146896685543
314 0.38727720786624154
315 0.7649272075521745
316 0.9478752491045694
317 0.2897845772977167
318 -0.02292412262023455
319 0.5611923219264521
320 0.81842336360867
321 0.24501139909862468
322 0.019494206067301234
323 -0.27208701348165054
324 0.02894939023046128
325 1.4839896994592474
326 1.3638992080548422
327 2.150779714236355
328 2.3224104613026544
329 0.03456169137106441
330 0.025545627108438218
331 -0.009847514666737611
332 -0.07486603533646186
333 0.24139567067606094
334 2.1355326744078873
335 1.266835422087113
336 2.3248997934326554
337 6.567058689820189
338 -1.0459843986051187
339 -0.7986911555322839
340 -0.7659476069073498
341 -0.6680979467090691
342 -0.6266690301109537
343 -0.5435354489796099
344 -0.4052795189976591
345 -0.38558603361461086
346 -0.2139068675728798
347 -0.02292412262023455
348 -0.009847514666737611
349 0.019494206067301234
350 0.02894939023046128
351 0.03456169137106441
352 0.24139567067606094
353 0.24501139909862468
354 0.2897845772977167
355 0.38727720786624154
356 0.4238146896685543
357 0.5479416902401886
358 0.5611923219264521
359 0.7222141822008596
360 0.7327319632444492
361 0.81842336360867
362 1.266835422087113
363 1.3638992080548422
364 2.1355326744078873
365 2.3224104613026544
366 2.3248997934326554
367 27.959799604191687
368 -1.0459843986051187
369 0.4839217407714795
370 -0.19313193084399705
371 0.6650664990445541
372 -0.964891041163876
373 0.020887965318256707
374 -0.539693752188534
375 -0.712775113120564
376 -0.9130815042610949
377 0.028959373916703002
378 1.210931390249208
379 1.9344468110188608
380 -0.11903608505099073
381 0.32711823284208125
382 0.8391186821568166
383 1.2399291036852769
384 0.2976047616525434
385 0.2422622970923461
386 0.18868610565289334
387 -0.4609418456315407
388 0.8307376728585731
389 0.5452792878115152
390 0.543003898402585
391 0.37287706573703655
392 0.3770423147135974
393 1.0053194035149358
394 1.6221254436819699
395 0.727519953281621
396 -0.9202958180281463
397 1.1878773511742189
398 0.9556276868768132
399 1.3630556490126615
400 1.3627590459925814
401 0.9546818395944947
402 0.9544657565732142
403 1.695335224507582
404 1.6877317400047354
405 14.739063391712357
406 -1.0459843986051187
407 -0.964891041163876
408 -0.9202958180281463
409 -0.9130815042610949
410 -0.7986911555322839
411 -0.7659476069073498
412 -0.712775113120564
413 -0.6680979467090691
414 -0.539693752188534
415 -0.4609418456315407
416 -0.2139068675728798
417 -0.11903608505099073
418 -0.02292412262023455
419 -0.009847514666737611
420 0.02894939023046128
421 0.03456169137106441
422 0.18868610565289334
423 0.24139567067606094
424 0.2422622970923461
425 0.3770423147135974
426 0.4238146896685543
427 0.543003898402585
428 0.7222141822008596
429 0.727519953281621
430 0.9544657565732142
431 0.9556276868768132
432 1.1878773511742189
433 1.3627590459925814
434 1.6877317400047354
435 0.4478957060722001
436 -1.0459843986051187
437 -0.9559366130267006
438 0.9132905544450733
439 -0.29800095677845195
440 -1.3264633214405437
441 2.0944709924373246
442 -0.6241452271827982
443 -0.6664914163731779
444 -0.930205363669587
445 0.7523558741887114
446 1.2495622083360622
447 -1.3945439765643617
448 -1.0399260781243491
449 -0.9189389424537209
450 -0.2899565002603878
451 0.9064526143510576
452 2.0097536541813144
453 0.732699522962106
454 0.26700561343080154
455 0.8303000625308494
456 -0.027778336169972884
457 1.3779968022240694
458 0.24387372273796287
459 0.8042841053694961
460 0.8904904112368978
461 0.8749294637455884
462 0.9533203053863096
463 0.8438670775315257
464 1.686067506725472
465 -0.49880237731150945
466 0.4111437255285658
467 0.6258254433664071
468 0.9709659942578355
469 -1.4120310652643355
470 -0.9742892188818214
471 1.0337741542495569
472 0.38836303270227773
473 -1.3264633214405437
474 -1.0399260781243491
475 -0.9742892188818214
476 -0.964891041163876
477 -0.9559366130267006
478 -0.930205363669587
479 -0.9202958180281463
480 -0.9189389424537209
481 -0.7659476069073498
482 -0.6680979467090691
483 -0.6241452271827982
484 -0.539693752188534
485 -0.49880237731150945
486 -0.2899565002603878
487 -0.027778336169972884
488 -0.02292412262023455
489 -0.009847514666737611
490 0.03456169137106441
491 0.24139567067606094
492 0.2422622970923461
493 0.26700561343080154
494 0.3770423147135974
495 0.38836303270227773
496 0.4111437255285658
497 0.4238146896685543
498 0.7222141822008596
499 0.727519953281621
500 0.9533203053863096
501 0.9709659942578355
502 25.54582548072642
503 -1.3264633214405437
504 -1.3271087192653355
505 1.3032213897752092
506 1.8592490058264173
507 2.256630262312266
508 2.3962000655812266
509 1.0311339259043701
510 -0.9185795819667627
511 -0.18371883959189117
512 1.5286684867560991
513 1.185222650990755
514 2.058106588796474
515 -0.6606359871095411
516 1.004638935949342
517 1.9787105684742388
518 -0.5412984421613809
519 -0.08597160051304775
520 -0.4996177423949368
521 1.2755827315122408
522 1.5065213435971172
523 -0.6164549303856985
524 -0.6164928456611216
525 1.1233021264453238
526 -0.017760554172256304
527 0.7866880254675506
528 -0.28370864541564705
529 -0.2587292249939326
530 -0.21253254913008468
531 -0.116291368202174
532 0.8296931373067549
533 -0.32878492499600487
534 0.020719177484816137
535 0.20110619204812244
536 0.4568226126534508
537 0.4588640981473105
538 0.936995265362468
539 -0.7455121417799809
540 1.6516175439425476
541 0.9655430981226549
542 18.800708387888886
543 -1.3271087192653355
544 -1.0399260781243491
545 -0.9742892188818214
546 -0.964891041163876
547 -0.9559366130267006
548 -0.9202958180281463
549 -0.9189389424537209
550 -0.9185795819667627
551 -0.7659476069073498
552 -0.7455121417799809
553 -0.6606359871095411
554 -0.6241452271827982
555 -0.6164928456611216
556 -0.5412984421613809
557 -0.4996177423949368
558 -0.32878492499600487
559 -0.2899565002603878
560 -0.2587292249939326
561 -0.21253254913008468
562 -0.116291368202174
563 -0.027778336169972884
564 -0.017760554172256304
565 0.020719177484816137
566 0.03456169137106441
567 0.20110619204812244
568 0.3770423147135974
569 0.4588640981473105
570 0.727519953281621
571 0.9655430981226549
572 -1.0921570058556755
573 -1.3271087192653355
574 -1.3700277596102048
575 1.8852554645334192
576 -1.1019219861834626
577 1.4912215439660284
578 -0.7401954447939545
579 -0.7565124129039382
580 1.6948644306967884
581 -0.9332896993560835
582 1.631099066952039
583 -0.4391970029280001
584 -0.7398019065337058
585 2.391054106190513
586 1.4422558575840965
587 1.0209028213023577
588 -0.30305090068477425
589 0.9933733381659497
590 -1.1715727809770633
591 0.19471956893160852
592 0.23950743211322545
593 -0.28497144186601464
594 -0.0858766025989614
595 1.0817016000475745
596 -0.16924424775825056
597 -0.28234366286922186
598 -0.7204227424022742
599 0.4051362680976514
600 -0.5343625762778446
601 0.1676546584694638
602 2.294438318800979
603 0.2388697432478739
604 -0.2284796651696343
605 -0.2717842328056402
606 -0.003877414960560932
607 -1.1976519244125077
608 -1.3700277596102048
609 -1.1976519244125077
610 -1.1715727809770633
611 -1.1019219861834626
612 -0.9742892188818214
613 -0.964891041163876
614 -0.9559366130267006
615 -0.9332896993560835
616 -0.9202958180281463
617 -0.9185795819667627
618 -0.7659476069073498
619 -0.7455121417799809
620 -0.7204227424022742
621 -0.6606359871095411
622 -0.6241452271827982
623 -0.6164928456611216
624 -0.5412984421613809
625 -0.5343625762778446
626 -0.4996177423949368
627 -0.2899565002603878
628 -0.28497144186601464
629 -0.28234366286922186
630 -0.2717842328056402
631 -0.21253254913008468
632 -0.16924424775825056
633 -0.003877414960560932
634 0.020719177484816137
635 0.1676546584694638
636 0.2388697432478739
637 42.54560986957933
638 -1.3700277596102048
639 -0.8470168598937994
640 0.968504507293114
641 0.8391524065374791
642 1.9639949545483466
643 1.6864483757058524
644 -0.14070983540823234
645 -0.9559362404794854
646 -0.3621720300403954
647 1.260009212537692
648 -0.920295884414277
649 0.49080788572961476
650 -0.17455639659472677
651 0.7826925085422988
652 -0.7455120019772832
653 1.6199429017748643
654 -0.959983098338649
655 1.402603918329905
656 0.35448510336947714
657 2.216135101228106
658 -0.5412984725573149
659 -0.48703137921896866
660 -0.5343626387123177
661 2.4049487473981155
662 0.26750867963607355
663 0.4020594350454626
664 -0.020163061204637317
665 -0.2823438118240853
666 0.5238661180142823
667 0.3920233193385013
668 0.3858947200057315
669 1.147486283381916
670 0.6762086691135949
671 0.02071919254936956
672 0.03195277393999929
673 0.3965603016613292
674 0.23886958224986266
675 4.258595911931217
676 -1.3700277596102048
677 -1.1976519244125077
678 -1.1715727809770633
679 -1.1019219861834626
680 -0.9742892188818214
681 -0.964891041163876
682 -0.959983098338649
683 -0.9559362404794854
684 -0.9332896993560835
685 -0.920295884414277
686 -0.9185795819667627
687 -0.7659476069073498
688 -0.7455120019772832
689 -0.7204227424022742
690 -0.6241452271827982
691 -0.6164928456611216
692 -0.5412984725573149
693 -0.5343626387123177
694 -0.4996177423949368
695 -0.2899565002603878
696 -0.28497144186601464
697 -0.2823438118240853
698 -0.2717842328056402
699 -0.21253254913008468
700 -0.16924424775825056
701 -0.003877414960560932
702 0.02071919254936956
703 0.03195277393999929
704 0.23886958224986266
705 -1.4520731454717577
706 -1.381986820645902
707 -1.4014821638864456
708 0.33078333136873445
709 -1.1551663257923233
710 -0.6790316188667144
711 -0.9470861314891815
712 1.6367287162882813
713 -1.1348091185341018
714 -0.6645147125978248
715 0.6198521873584727
716 -0.5842628980157196
717 1.123907837743746
718 1.6348427091140336
719 0.40659647402499344
720 -0.8697758524247297
721 0.6021143066214156
722 0.3979895391192373
723 -0.9098681132148659
724 1.2175322640355564
725 1.5401323103093536
726 1.255346175087051
727 -0.5713754052443174
728 -0.4712517482190981
729 0.05284588281844689
730 0.030716543595482926
731 -1.3200696761389363
732 -1.3140962590941534
733 1.3341380056603231
734 1.8539092881474293
735 0.01582172543682403
736 -0.2850701853010164
737 0.09584232859158348
738 0.7227955343913623
739 0.7931051656522036
740 0.07796872392906584
741 0.2078396888538626
742 -0.36329616076581794
743 0.1396758337023027
744 -1.4520731454717577
745 -1.4520731454717577
746 -1.4014821638864456
747 -1.3140962590941534
748 -1.1551663257923233
749 -1.1348091185341018
750 -1.1019219861834626
751 -0.964891041163876
752 -0.9559362404794854
753 -0.9470861314891815
754 -0.9332896993560835
755 -0.9185795819667627
756 -0.9098681132148659
757 -0.8697758524247297
758 -0.7455120019772832
759 -0.7204227424022742
760 -0.6241452271827982
761 -0.6164928456611216
762 -0.5842628980157196
763 -0.5412984725573149
764 -0.5343626387123177
765 -0.4996177423949368
766 -0.36329616076581794
767 -0.2850701853010164
768 -0.28497144186601464
769 -0.2823438118240853
770 -0.21253254913008468
771 -0.16924424775825056
772 0.02071919254936956
773 0.07796872392906584
774 18.11172749796391
775 -1.4520731454717577
776 2.049657710542999
777 0.7686287079546584
778 1.1079971223232647
779 -1.1481091603559077
780 -0.43352100542314165
781 -1.2479018990380994
782 -1.2189356323577214
783 -1.200486893840099
784 0.5276051088481333
785 -0.2674070154450642
786 1.9943051534515368
787 -0.9248766099127065
788 1.5348706252197104
789 -0.8197133698607337
790 0.3313284516643892
791 -0.8934912440924201
792 -0.09978502163475456
793 -0.7329047136042985
794 0.8877172202403906
795 0.14943625568259944
796 1.0019620834966825
797 -0.6240484276809821
798 1.491329247513516
799 -0.8933057826150141
800 1.1218939345270074
801 0.15009112180974993
802 -0.725330174258304
803 -0.6646297082682133
804 -0.3192917251834839
805 1.1176448779584969
806 1.9159845120348147
807 0.8301363032254563
808 -0.21254925134535096
809 -0.28657408405135054
810 -0.7950053218353909
811 0.002935074898646084
812 0.003551001760306649
813 15.908230104643021
814 -1.4520731454717577
815 -1.4014821638864456
816 -1.3140962590941534
817 -1.2479018990380994
818 -1.200486893840099
819 -1.1481091603559077
820 -1.1348091185341018
821 -0.9559362404794854
822 -0.9470861314891815
823 -0.9248766099127065
824 -0.9185795819667627
825 -0.9098681132148659
826 -0.8934912440924201
827 -0.8933057826150141
828 -0.7950053218353909
829 -0.7329047136042985
830 -0.7204227424022742
831 -0.6646297082682133
832 -0.6241452271827982
833 -0.6240484276809821
834 -0.5842628980157196
835 -0.5343626387123177
836 -0.4996177423949368
837 -0.3192917251834839
838 -0.28657408405135054
839 -0.28497144186601464
840 -0.2823438118240853
841 -0.21254925134535096
842 0.003551001760306649
843 0.531533397702148
844 -1.4520731454717577
845 -1.7539162242081263
846 1.8411320785922045
847 0.8780061381518465
848 -1.663044084276081
849 -1.5876741397220646
850 0.6272876760061319
851 0.25482937882466267
852 1.8599304406526405
853 0.8605651490831265
854 1.54570984720214
855 -0.0669175752848723
856 1.5485569366203094
857 1.028256441917282
858 1.3093713745663735
859 -0.7988142411098593
860 0.98176620351036
861 1.0097142166100765
862 -0.3258674028608446
863 -0.7803901106948194
864 -0.2870528821506405
865 1.317399326941728
866 -0.12431627532917705
867 -0.6616608854038033
868 1.2788661692970245
869 -0.3817327858627968
870 -0.8388045372158981
871 1.6016371678612085
872 -0.15284024158148468
873 -0.5430177976357631
874 -0.3415440238297809
875 0.7267311378078469
876 0.6966795791907092
877 2.1631188691066807
878 0.14613437617010677
879 0.7034020516386442
880 2.1585071889245553
881 -1.7539162242081263
882 -1.5876741397220646
883 -1.4014821638864456
884 -1.3140962590941534
885 -1.200486893840099
886 -1.1481091603559077
887 -1.1348091185341018
888 -0.9559362404794854
889 -0.9470861314891815
890 -0.9248766099127065
891 -0.9185795819667627
892 -0.9098681132148659
893 -0.8933057826150141
894 -0.8388045372158981
895 -0.7988142411098593
896 -0.7950053218353909
897 -0.7803901106948194
898 -0.7204227424022742
899 -0.6646297082682133
900 -0.6616608854038033
901 -0.6240484276809821
902 -0.5343626387123177
903 -0.4996177423949368
904 -0.3415440238297809
905 -0.28657408405135054
906 -0.28497144186601464
907 -0.2823438118240853
908 -0.21254925134535096
909 0.003551001760306649
910 3.432061721573835
911 -1.7539162242081263
912 -0.5933966299190836
913 -1.6782912295225172
914 0.9880639530958618
915 -1.5653463478760963
916 -0.8088002707346021
917 -1.0961032467758856
918 0.761854268442661
919 2.125637954489291
920 -1.0649835697938081
921 0.3833276488728373
922 -1.051883553149413
923 0.46327851793350294
924 -0.45243965956022447
925 1.5789367048241068
926 -0.9723625332713052
927 -1.1207964448330914
928 1.3160474516383365
929 1.4088875865480472
930 -0.8459642614369625
931 -0.09151405670407964
932 -0.44938516109562676
933 -0.47165657488507057
934 0.7718824701932037
935 -0.06280596911972497
936 -1.4187489143624517
937 -0.6331634155795293
938 -1.2941246638864365
939 -0.49063480789108593
940 1.4492155941678475
941 1.1234853469142976
942 0.15256517374935763
943 -1.0476779012429305
944 -0.758635109733669
945 -0.8531207637958909
946 -0.6890154735674869
947 0.49271434508114
948 0.11447715199412356
949 1.1914000064628576
950 2.878921504339673
951 2.7163628390914147
952 -1.7539162242081263
953 -1.6782912295225172
954 -1.5876741397220646
955 -1.5653463478760963
956 -1.4187489143624517
957 -1.2941246638864365
958 -1.1481091603559077
959 -1.1207964448330914
960 -1.0961032467758856
961 -1.0649835697938081
962 -1.051883553149413
963 -1.0476779012429305
964 -0.9723625332713052
965 -0.9098681132148659
966 -0.8531207637958909
967 -0.8459642614369625
968 -0.8388045372158981
969 -0.7950053218353909
970 -0.7803901106948194
971 -0.6890154735674869
972 -0.6646297082682133
973 -0.6240484276809821
974 -0.5343626387123177
975 -0.47165657488507057
976 -0.45243965956022447
977 -0.2823438118240853
978 -0.21254925134535096
979 0.003551001760306649
980 0.15256517374935763
981 3.73158627700028
982 -1.7539162242081263
983 0.6584244893517505
984 -0.5981048746624099
985 0.8986961987503472
986 1.651779799168283
987 -0.7919428507915892
988 -1.4120241133048912
989 -1.150361357827784
990 1.708634481731426
991 -0.8829476686226435
992 0.6208521281477187
993 -0.3713385247321035
994 -0.3560383440435605
995 -1.0903138449227605
996 1.133693835972378
997 0.9215867143633636
998 -0.42374551571607383
999 2.431513591613009
1000 1.474552294701017
1001 -0.2634545475538876
1002 -0.1241871309621978
1003 1.6606330329920345
1004 0.49247710402809197
1005 -0.6314922681783177
1006 -0.5597364418701734
1007 -0.20441887619176408
1008 1.271589495397954
1009 -0.5316562313119462
1010 1.1628214460339177
1011 -0.6530039956646443
1012 1.0430029520093174
1013 -1.6339272454857035
1014 -0.6037546699236267
1015 1.3326798354813763
1016 0.3443685586773719
1017 0.26736859035230215
1018 1.7454637239384125
1019 -1.7539162242081263
1020 -1.6782912295225172
1021 -1.6339272454857035
1022 -1.5876741397220646
1023 -1.5653463478760963
1024 -1.4120241133048912
1025 -1.150361357827784
1026 -1.1207964448330914
1027 -1.0961032467758856
1028 -1.0903138449227605
1029 -1.0649835697938081
1030 -1.051883553149413
1031 -0.9723625332713052
1032 -0.9098681132148659
1033 -0.8531207637958909
1034 -0.8459642614369625
1035 -0.7950053218353909
1036 -0.7919428507915892
1037 -0.7803901106948194
1038 -0.6646297082682133
1039 -0.6530039956646443
1040 -0.6314922681783177
1041 -0.6240484276809821
1042 -0.6037546699236267
1043 -0.5316562313119462
1044 -0.45243965956022447
1045 -0.2634545475538876
1046 0.15256517374935763
1047 0.3443685586773719
1048 0.7023659198566317
1049 -1.7539162242081263
1050 1.1314702964702332
1051 1.7664971707950445
1052 -1.5181237915907562
1053 -1.587670819049592
1054 1.1866386311977657
1055 1.9469709377969615
1056 -1.6883305384971437
1057 1.8560277379799115
1058 0.766652923279906
1059 -0.954987650252903
1060 -1.0903084848602997
1061 1.3410129822316978
1062 -1.064985903706407
1063 -0.9476076549894209
1064 -1.146726274900317
1065 0.5197842907952298
1066 1.7878949779707
1067 -0.8531161353752876
1068 -1.8969802884232556
1069 0.6818291384745272
1070 1.3566989277704895
1071 -0.9566131080065439
1072 -0.684219415774041
1073 1.2542987371007914
1074 0.7164901676161826
1075 0.04854466757372736
1076 0.7445346906996515
1077 -0.6037559273140527
1078 1.0321967094910112
1079 1.1143294995110766
1080 -0.021168849107327026
1081 0.8532962633905512
1082 0.1525752010361453
1083 0.10837779481393639
1084 -2.1009999532895147
1085 -2.101000289227607
1086 -2.101000289227607
1087 -1.8969802884232556
1088 -1.7539162242081263
1089 -1.6883305384971437
1090 -1.6782912295225172
1091 -1.6339272454857035
1092 -1.587670819049592
1093 -1.5653463478760963
1094 -1.4120241133048912
1095 -1.146726274900317
1096 -1.1207964448330914
1097 -1.0961032467758856
1098 -1.0903084848602997
1099 -1.064985903706407
1100 -1.051883553149413
1101 -0.9566131080065439
1102 -0.9098681132148659
1103 -0.8531161353752876
1104 -0.7950053218353909
1105 -0.7919428507915892
1106 -0.684219415774041
1107 -0.6530039956646443
1108 -0.6314922681783177
1109 -0.6240484276809821
1110 -0.6037559273140527
1111 -0.5316562313119462
1112 -0.45243965956022447
1113 -0.2634545475538876
1114 0.10837779481393639
1115 38.5813746294377
evaluations raw_y
1 23.856744026064924
2 15.516508059560573
3 24.675018291024543
4 13.476217423666021
5 25.765216789689486
6 38.56696436011888
7 19.851196925706596
8 24.326353822815143
9 31.275810673569396
10 18.371055832315783
11 19.48804275120966
12 18.923723924451966
13 19.046107926958282
14 12.815789389902202
15 26.186657770879112
16 21.473782041037527
17 16.651643209371898
18 21.295392283652923
19 18.102554744005204
20 24.490600445073593
21 17.879220172351378
22 35.00223998986436
23 31.58139146540293
24 25.382152366943476
25 44.16770269960303
26 15.53587100934931
27 27.402577934041343
28 19.868750256852554
29 33.543447747357945
30 26.65515339815468
31 15.282302238556616
32 6.042753500867461
33 18.44314731228969
34 18.420711349206375
35 10.17038990197337
36 25.0217744500101
37 8.282488576053415
38 14.517550895241328
39 14.583444565822521
40 14.466550066682286
41 19.778770669253525
42 14.259489837576403
43 13.968247579995873
44 6.56601332601549
45 6.42668006401129
46 13.97471868299796
47 12.384842113741264
48 12.815789389902202
49 12.37467869307261
50 17.863290333251605
51 14.46131751978574
52 14.159768351727953
53 5.6430304610028434
54 14.253115440613236
55 14.356781423453933
56 12.318339636831185
57 12.109312477328636
58 7.531784395871799
59 7.6381765991623665
60 8.031686743213664
61 8.169207904916624
62 19.791891512681996
63 20.472843632485645
64 13.672130684265037
65 2.758900355460322
66 10.118291747976262
67 8.17469807842514
68 16.362990939772963
69 9.859968964766436
70 10.149308087491963
71 10.2967563557638
72 2.758900355460322
73 5.6430304610028434
74 6.042753500867461
75 6.42668006401129
76 7.6381765991623665
77 8.169207904916624
78 8.17469807842514
79 8.282488576053415
80 10.118291747976262
81 10.149308087491963
82 10.17038990197337
83 10.2967563557638
84 12.109312477328636
85 12.37467869307261
86 12.384842113741264
87 13.672130684265037
88 13.968247579995873
89 13.97471868299796
90 14.159768351727953
91 14.356781423453933
92 14.466550066682286
93 14.583444565822521
94 15.282302238556616
95 16.362990939772963
96 17.863290333251605
97 18.420711349206375
98 19.778770669253525
99 19.791891512681996
100 20.472843632485645
101 -0.6740998644688849
102 1.5713297915663142
103 0.8650280194854569
104 1.7627112758368895
105 4.220360603428727
106 4.649392625165412
107 4.750512249372591
108 3.45528920528938
109 0.7556558872675994
110 -0.4939329218601135
111 3.015976174153546
112 2.810236873675229
113 7.061925408374503
114 7.521516668286211
115 7.596990659180857
116 10.664817448964467
117 9.051504554814157
118 6.139386314354236
119 8.848140455265035
120 8.735407510334166
121 9.27847810533397
122 3.2919480263900205
123 6.735978196689341
124 11.048431200661227
125 5.06248873232052
126 3.7896128700930642
127 6.178861211438231
128 5.51374198568681
129 7.137653130807809
130 7.145315077561711
131 8.25290839466751
132 8.193869698592199
133 5.670075465200277
134 5.671447787262539
135 5.493569303366055
136 3.135005823718543
137 -0.6740998644688849
138 -0.6482468065348502
139 -0.6482468065348502
140 -0.4939329218601135
141 0.7556558872675994
142 0.8650280194854569
143 1.5713297915663142
144 1.7627112758368895
145 2.810236873675229
146 3.015976174153546
147 3.135005823718543
148 3.2919480263900205
149 3.45528920528938
150 3.7896128700930642
151 4.220360603428727
152 4.750512249372591
153 5.06248873232052
154 5.493569303366055
155 5.51374198568681
156 5.671447787262539
157 6.139386314354236
158 6.178861211438231
159 6.735978196689341
160 7.061925408374503
161 7.145315077561711
162 7.596990659180857
163 8.193869698592199
164 8.735407510334166
165 9.051504554814157
166 9.27847810533397
167 10.664817448964467
168 16.593193170355057
169 -0.6069303147164622
170 -0.6383234263359346
171 1.529062069097204
172 1.9773983274497904
173 0.23216614545946299
174 2.6079183380409567
175 1.2459411170920875
176 -0.37823453375996124
177 2.6171754124491904
178 1.0449520767583822
179 1.044947320883383
180 1.7022956384730663
181 3.092910752693006
182 3.0922525977315187
183 2.495902484573408
184 3.112908912510293
185 4.270075758870354
186 0.5860458938920098
187 4.474710443059845
188 2.3129703138862596
189 2.213282429051363
190 3.506534455692087
191 6.94136440376663
192 3.32271967678032
193 6.308117217898136
194 6.308542712895356
195 3.6764210790239633
196 3.6767998845588776
197 2.119540222121387
198 1.9253285870821335
199 4.166532543170852
200 4.166205864775199
201 2.6680118188514887
202 2.668865177978634
203 5.29685073388956
204 13.989221564349952
205 13.989007762110084
206 -0.6482468065348502
207 -0.6383234263359346
208 -0.37823453375996124
209 0.23216614545946299
210 0.5860458938920098
211 0.7556558872675994
212 0.8650280194854569
213 1.044947320883383
214 1.2459411170920875
215 1.7022956384730663
216 1.7627112758368895
217 1.9253285870821335
218 2.119540222121387
219 2.213282429051363
220 2.3129703138862596
221 2.495902484573408
222 2.6171754124491904
223 2.668865177978634
224 3.0922525977315187
225 3.112908912510293
226 3.32271967678032
227 3.506534455692087
228 3.6767998845588776
229 4.166205864775199
230 4.270075758870354
231 4.474710443059845
232 5.29685073388956
233 6.308542712895356
234 6.735978196689341
235 0.26203011225675926
236 -0.48364270986250446
237 -0.7541687350107779
238 -0.7954102091335304
239 -0.746500323567525
240 1.1221567088763216
241 -0.18532907497285633
242 0.5427251624967233
243 0.08923009934072351
244 0.3191873488786734
245 -0.32929532677852946
246 1.2591745861505812
247 1.4220934063162483
248 0.4228052550649054
249 1.1993139738794145
250 -0.03843228269455767
251 -0.5277899774294297
252 0.9822013656175901
253 1.5188546774859482
254 1.9804896479587533
255 1.2152584520833822
256 1.0490143690932014
257 1.3475410684258213
258 2.764767333480678
259 3.8895070425279465
260 2.4934618376847375
261 2.4829095167142445
262 1.3457186592349495
263 3.263022367061014
264 0.21183294918752882
265 1.7934901172135065
266 1.8743145080442265
267 3.835649302120519
268 4.980027195831715
269 3.4932225789236866
270 0.7275027109894452
271 -0.7541687350107779
272 -0.746500323567525
273 -0.5277899774294297
274 -0.37823453375996124
275 -0.32929532677852946
276 -0.18532907497285633
277 -0.03843228269455767
278 0.08923009934072351
279 0.21183294918752882
280 0.26203011225675926
281 0.3191873488786734
282 0.4228052550649054
283 0.5427251624967233
284 0.9822013656175901
285 1.1993139738794145
286 1.2152584520833822
287 1.3457186592349495
288 1.3475410684258213
289 1.4220934063162483
290 1.5188546774859482
291 1.7934901172135065
292 1.8743145080442265
293 1.9804896479587533
294 2.4829095167142445
295 2.764767333480678
296 3.112908912510293
297 3.263022367061014
298 3.4932225789236866
299 3.835649302120519
300 -0.5617250858832709
301 -0.7541687350107779
302 -0.8778741511442572
303 -0.7902018529533017
304 0.3331225045754182
305 -0.33322388772528433
306 0.0679420054984201
307 -0.25039022422731144
308 0.2678167107131385
309 0.6882294566788385
310 0.11796639473388387
311 -0.03667567945223499
312 -0.05562240625143802
313 2.641196796032948
314 0.4653912676323657
315 0.40969947203360235
316 0.38761444594099853
317 0.7606077661164716
318 -0.03879712260331486
319 1.0762511673750352
320 0.7238777815882331
321 1.33841261227347
322 0.3746203228780589
323 0.4520246666729927
324 1.9358005764163133
325 0.9485301637143235
326 0.9351577928572363
327 1.4249756791350974
328 -1.0510720991393803
329 2.170464601417866
330 0.8235852477743095
331 0.8428794785650346
332 2.497228219946657
333 -0.5609946808479005
334 0.9506186415378658
335 -1.0510720991393803
336 -0.8778741511442572
337 -0.7902018529533017
338 -0.7541687350107779
339 -0.5617250858832709
340 -0.5609946808479005
341 -0.37823453375996124
342 -0.33322388772528433
343 -0.25039022422731144
344 -0.05562240625143802
345 -0.03879712260331486
346 -0.03843228269455767
347 0.08923009934072351
348 0.11796639473388387
349 0.3191873488786734
350 0.3746203228780589
351 0.38761444594099853
352 0.40969947203360235
353 0.4520246666729927
354 0.7238777815882331
355 0.7606077661164716
356 0.8428794785650346
357 0.9351577928572363
358 0.9485301637143235
359 1.0762511673750352
360 1.33841261227347
361 1.4249756791350974
362 1.7934901172135065
363 2.170464601417866
364 20.377662612666768
365 -1.0510720991393803
366 0.012679121538512639
367 0.7905838449552975
368 0.22396066733057662
369 0.4773026420667746
370 -0.325726592606539
371 2.064607454185241
372 1.2096960360988498
373 1.0881122125660332
374 0.8841534975608039
375 -0.26294050600833674
376 0.7804295443142122
377 1.5380161381312392
378 1.7906075893621662
379 0.12872861562054455
380 -0.001437972301558732
381 -0.12157916509897618
382 -0.014632047660704306
383 -0.7078395854094655
384 -0.8592437029360355
385 -0.10873338296513241
386 -0.08696413955976066
387 0.20254859085655802
388 1.1523184378489768
389 0.7565753118254877
390 -0.34278942405784546
391 0.74870281970846
392 0.8364537007429298
393 1.7643203281308497
394 0.04469636086769546
395 1.7017821957437502
396 -0.14952822429519574
397 -0.03686238106548928
398 2.6659084424827006
399 0.8911161207352889
400 14.623476617081426
401 14.495107142437268
402 -1.0510720991393803
403 -0.8778741511442572
404 -0.8592437029360355
405 -0.7902018529533017
406 -0.7541687350107779
407 -0.5609946808479005
408 -0.37823453375996124
409 -0.34278942405784546
410 -0.33322388772528433
411 -0.325726592606539
412 -0.26294050600833674
413 -0.10873338296513241
414 -0.08696413955976066
415 -0.05562240625143802
416 -0.03879712260331486
417 -0.03843228269455767
418 -0.03686238106548928
419 -0.014632047660704306
420 -0.001437972301558732
421 0.04469636086769546
422 0.20254859085655802
423 0.4520246666729927
424 0.7238777815882331
425 0.74870281970846
426 0.8364537007429298
427 0.8911161207352889
428 0.9485301637143235
429 1.33841261227347
430 1.7934901172135065
431 41.14773164947116
432 -1.0510720991393803
433 -1.0510126898905487
434 0.3525925793214555
435 -0.8778390237984024
436 1.4760159662187982
437 0.3917778697904959
438 0.840007148610962
439 -0.7394407817380145
440 0.611398228887733
441 -0.37830719351663744
442 1.1740464368704695
443 -0.36486174975481867
444 -0.320357106808314
445 -0.2867429039213169
446 -0.2866987423604114
447 0.9000914666790243
448 1.1916653673575721
449 -0.5105047454400797
450 0.7831398507658246
451 1.403817685903206
452 -1.020869739014016
453 0.34908517384314197
454 -0.014669856581735946
455 -0.1923131995691263
456 -0.8524732485756457
457 -0.13125404234929938
458 0.3725618345789179
459 0.7161925111283172
460 -0.4741417496684448
461 1.444499228365069
462 1.9767803126835854
463 0.5222379289491392
464 -0.38600628967369555
465 1.9941531389886364
466 12.417193407463344
467 -1.0510126898905487
468 -1.020869739014016
469 -0.8778390237984024
470 -0.8592437029360355
471 -0.8524732485756457
472 -0.7902018529533017
473 -0.7541687350107779
474 -0.7394407817380145
475 -0.5105047454400797
476 -0.4741417496684448
477 -0.38600628967369555
478 -0.37830719351663744
479 -0.36486174975481867
480 -0.34278942405784546
481 -0.325726592606539
482 -0.2866987423604114
483 -0.1923131995691263
484 -0.13125404234929938
485 -0.10873338296513241
486 -0.08696413955976066
487 -0.03879712260331486
488 -0.03843228269455767
489 -0.014669856581735946
490 0.3725618345789179
491 0.5222379289491392
492 0.7161925111283172
493 0.8364537007429298
494 0.8911161207352889
495 1.7934901172135065
496 14.885287887618794
497 -1.0823521800646116
498 -0.9587692713177789
499 1.4088383189975109
500 0.8582307754269679
501 -0.8530992790774634
502 1.3181180067326257
503 -0.6952451220011712
504 0.10977759106914836
505 -0.7500672127919887
506 1.444672701062848
507 -0.11600680740931424
508 -0.5114413001707061
509 -0.44469028967262525
510 -0.6490339682732091
511 -0.5082104670322584
512 -0.08336918371034714
513 0.6732743327573782
514 -0.34798570626756664
515 -1.6226260748682306
516 2.4037255277520195
517 -0.75024909074034
518 1.0505370599153645
519 0.4554363454375775
520 0.22785387389749906
521 1.8306034542463174
522 -0.32055284500753345
523 1.9356240387127572
524 1.0354629880162975
525 0.5396635529794773
526 1.9494837436638015
527 0.9856926461101422
528 0.0008388236033428087
529 2.7062498303843725
530 1.8173480137321418
531 11.682689334938575
532 -1.6226260748682306
533 -1.0823521800646116
534 -1.020869739014016
535 -0.8778390237984024
536 -0.8530992790774634
537 -0.8524732485756457
538 -0.7902018529533017
539 -0.75024909074034
540 -0.7500672127919887
541 -0.7394407817380145
542 -0.6490339682732091
543 -0.5114413001707061
544 -0.5082104670322584
545 -0.4741417496684448
546 -0.36486174975481867
547 -0.34798570626756664
548 -0.34278942405784546
549 -0.32055284500753345
550 -0.1923131995691263
551 -0.10873338296513241
552 -0.08696413955976066
553 -0.03879712260331486
554 -0.03843228269455767
555 0.0008388236033428087
556 0.3725618345789179
557 0.5396635529794773
558 0.7161925111283172
559 0.8364537007429298
560 1.8173480137321418
561 0.35567832395043425
562 -1.6226260748682306
563 0.17681347306112882
564 -0.1603675239375093
565 -0.6343988535959832
566 -0.9782035996671056
567 1.4882437282657723
568 -1.0651560343542785
569 1.4096577745015995
570 -0.2916701871384827
571 1.073031662930478
572 1.0861331438948159
573 -0.39860827861592013
574 1.1553446109172107
575 0.5698336880863106
576 -0.5759631412148519
577 -0.1217058325954494
578 1.0392972882833418
579 -0.14567175860503195
580 -0.36305587468363737
581 1.0804806032726462
582 1.2829268046435773
583 -0.4627455332651599
584 -0.007853671740842505
585 0.888168977974181
586 0.6147612936052473
587 0.23667164048819406
588 0.2583698710187926
589 -0.21867760096905403
590 2.1502229636381176
591 -0.1694936314211587
592 0.8654232614471854
593 0.013674693542216398
594 -0.05299212478885884
595 1.140335801275901
596 1.5609563254915264
597 0.9859312069475098
598 -1.6226260748682306
599 -1.0823521800646116
600 -1.0651560343542785
601 -1.020869739014016
602 -0.9782035996671056
603 -0.8778390237984024
604 -0.7902018529533017
605 -0.75024909074034
606 -0.7500672127919887
607 -0.7394407817380145
608 -0.6490339682732091
609 -0.5759631412148519
610 -0.5114413001707061
611 -0.5082104670322584
612 -0.4627455332651599
613 -0.36486174975481867
614 -0.36305587468363737
615 -0.32055284500753345
616 -0.21867760096905403
617 -0.1694936314211587
618 -0.14567175860503195
619 -0.10873338296513241
620 -0.08696413955976066
621 -0.05299212478885884
622 0.0008388236033428087
623 0.23667164048819406
624 0.35567832395043425
625 0.5396635529794773
626 0.8364537007429298
627 0.1365385056818557
628 -1.6226260748682306
629 -0.5915878460925013
630 1.5076936611399434
631 0.7477362390048372
632 -1.0209468785819813
633 -1.3824815851763002
634 1.5847322161861839
635 2.076272697160331
636 -0.7894589750598162
637 -0.3254153341993026
638 -0.0152256990488287
639 -0.7438234321992087
640 1.192898694399275
641 1.2571934815073882
642 -0.06216474408299277
643 -0.5949103759041539
644 1.5658735208627177
645 0.2101048005592845
646 -0.5105553069649899
647 0.01092312190916922
648 1.8000735070317502
649 0.6384974903602816
650 -0.3625137224109239
651 -0.33466769280882797
652 -0.3373579089355654
653 0.35642876668503326
654 0.7371649591805567
655 0.6484741820406044
656 0.5454224408531627
657 0.6620010439128524
658 -0.032955350974011366
659 -0.04915583930467993
660 1.1789217866646466
661 1.9900527033846516
662 1.485699631083343
663 0.3727444945421772
664 2.0135069484182413
665 -0.34160177829101307
666 -0.33943940742057466
667 -0.2668745657494397
668 -0.26135094859234154
669 -1.6226260748682306
670 -1.3824815851763002
671 -1.0823521800646116
672 -1.0651560343542785
673 -1.0209468785819813
674 -0.8778390237984024
675 -0.7894589750598162
676 -0.75024909074034
677 -0.7438234321992087
678 -0.7394407817380145
679 -0.6490339682732091
680 -0.5949103759041539
681 -0.5114413001707061
682 -0.5105553069649899
683 -0.4627455332651599
684 -0.36486174975481867
685 -0.3625137224109239
686 -0.33943940742057466
687 -0.3373579089355654
688 -0.26135094859234154
689 -0.21867760096905403
690 -0.1694936314211587
691 -0.14567175860503195
692 -0.10873338296513241
693 -0.08696413955976066
694 -0.04915583930467993
695 0.0008388236033428087
696 0.23667164048819406
697 0.3727444945421772
698 -0.7612574399657692
699 -1.6226260748682306
700 0.0778334789954967
701 -1.353190920115581
702 -0.8483427830387643
703 -0.31453841916897063
704 -1.3680199653328184
705 1.5912926163563383
706 2.1239190121176366
707 -0.769634307154754
708 0.18491847358649072
709 0.9084468639072636
710 0.8580176876448984
711 -0.1183004861396395
712 2.052285742352661
713 1.331780666909171
714 -0.3877517047144165
715 0.3607740281449242
716 -0.2560408150877398
717 -0.01484662824185412
718 2.1059506194391933
719 1.1744471105476761
720 0.887478856618526
721 0.7591904720627538
722 -0.19652930434810428
723 0.5735782333123989
724 0.5536617100424621
725 1.286707082428215
726 -0.11440938958205119
727 -0.5071738279396396
728 -0.5722677501443607
729 -0.23293497058379642
730 3.070622986205186
731 2.4811331227535174
732 0.5723007168379042
733 -1.6226260748682306
734 -1.3680199653328184
735 -1.353190920115581
736 -1.0823521800646116
737 -1.0651560343542785
738 -0.8778390237984024
739 -0.769634307154754
740 -0.7612574399657692
741 -0.75024909074034
742 -0.7438234321992087
743 -0.7394407817380145
744 -0.6490339682732091
745 -0.5949103759041539
746 -0.5722677501443607
747 -0.5114413001707061
748 -0.5105553069649899
749 -0.4627455332651599
750 -0.36486174975481867
751 -0.3625137224109239
752 -0.33943940742057466
753 -0.3373579089355654
754 -0.26135094859234154
755 -0.23293497058379642
756 -0.19652930434810428
757 -0.1694936314211587
758 -0.14567175860503195
759 -0.11440938958205119
760 -0.10873338296513241
761 0.23667164048819406
762 0.49111379682152484
763 -1.6226260748682306
764 2.0549019501056294
765 -1.3716971843868886
766 1.6479421667534913
767 1.608340100687003
768 -1.0896270716216896
769 4.331621997873562
770 1.3148250743981285
771 -0.886052665722999
772 1.0895657776600207
773 -0.7896079533511176
774 0.09635762819875426
775 2.4456834737713278
776 1.6651976489727645
777 1.6022543800138118
778 0.6486909224904382
779 1.199261315235627
780 0.7314409655426205
781 0.4589063743763281
782 1.788883735687902
783 0.34905297605717345
784 2.0095668583291726
785 0.2075063266878726
786 -0.4894149881818779
787 0.1836135861785086
788 0.6239162275617254
789 -0.3252526267396909
790 1.7535643733588349
791 -0.2834296328271885
792 1.536335468553659
793 1.524406629424963
794 1.3389680641555866
795 -0.09798756271299958
796 0.7027711066804712
797 1.2016206891339427
798 -1.6226260748682306
799 -1.3716971843868886
800 -1.353190920115581
801 -1.0896270716216896
802 -1.0651560343542785
803 -0.886052665722999
804 -0.7896079533511176
805 -0.7612574399657692
806 -0.75024909074034
807 -0.7438234321992087
808 -0.7394407817380145
809 -0.6490339682732091
810 -0.5949103759041539
811 -0.5722677501443607
812 -0.5114413001707061
813 -0.5105553069649899
814 -0.4894149881818779
815 -0.4627455332651599
816 -0.36486174975481867
817 -0.3625137224109239
818 -0.3373579089355654
819 -0.3252526267396909
820 -0.2834296328271885
821 -0.26135094859234154
822 -0.19652930434810428
823 -0.14567175860503195
824 -0.11440938958205119
825 -0.09798756271299958
826 0.23667164048819406
827 13.28500760250814
828 -1.6226260748682306
829 2.6871098893784424
830 1.6620294121092094
831 0.5546169731799983
832 3.5137016282100397
833 1.3477741616108148
834 -0.7822618096787819
835 1.1857664017614944
836 -0.2011362465213392
837 0.33344529593797534
838 0.4227942847968549
839 0.97236041106486
840 0.6001232552263078
841 0.5061748168192073
842 -0.4425323575312592
843 1.2780946437572163
844 0.8047970331386842
845 0.9079020990743234
846 -0.2239177761981056
847 1.2885380706890404
848 -0.34544663528923747
849 0.27535432589281356
850 -0.895116500888431
851 -0.20192555934771939
852 0.030411042091724627
853 -0.2671956053640484
854 0.1104432922014269
855 -0.21897630770880655
856 2.650993008820852
857 0.6560161073244742
858 -0.055652173423691886
859 0.9090706443358058
860 2.2069358412748543
861 13.142790412911152
862 -1.6226260748682306
863 -1.3716971843868886
864 -1.353190920115581
865 -1.0896270716216896
866 -1.0651560343542785
867 -0.895116500888431
868 -0.886052665722999
869 -0.7896079533511176
870 -0.75024909074034
871 -0.7438234321992087
872 -0.7394407817380145
873 -0.6490339682732091
874 -0.5949103759041539
875 -0.5722677501443607
876 -0.5114413001707061
877 -0.5105553069649899
878 -0.4627455332651599
879 -0.36486174975481867
880 -0.3373579089355654
881 -0.2834296328271885
882 -0.2671956053640484
883 -0.26135094859234154
884 -0.2239177761981056
885 -0.2011362465213392
886 -0.19652930434810428
887 -0.14567175860503195
888 -0.11440938958205119
889 -0.09798756271299958
890 0.23667164048819406
891 0.6637624367019549
892 -1.6226260748682306
893 -1.621602351826533
894 1.5927906273384294
895 2.4195595662212295
896 -1.3527942509831794
897 1.4242508362909474
898 -1.0892074590970355
899 0.06908279232950498
900 -1.064879909888665
901 -0.8981547377785233
902 0.6700498136872763
903 -1.2485848175366479
904 2.420747195693171
905 -0.5658675330151788
906 -0.5541819232739871
907 1.0327652014239692
908 -0.6486668658271002
909 1.3190312439846439
910 -0.5951818718327266
911 0.7190691225008348
912 0.5922736738724691
913 0.6912386169077659
914 -0.11832308760804389
915 0.8434204992936969
916 0.5892768864209763
917 -0.3375271399115054
918 1.8830916034732785
919 -1.1287761785801578
920 -0.2590828639628962
921 -0.9902211620296116
922 0.8018043827863189
923 0.9938176779079708
924 1.4596567038020605
925 2.304335334246957
926 1.019193033624589
927 0.07075682441305425
928 2.6794548707843715
929 0.6638894909780797
930 -1.621602351826533
931 -1.3716971843868886
932 -1.3527942509831794
933 -1.2485848175366479
934 -1.1287761785801578
935 -1.0892074590970355
936 -1.064879909888665
937 -0.9902211620296116
938 -0.8981547377785233
939 -0.886052665722999
940 -0.75024909074034
941 -0.7438234321992087
942 -0.7394407817380145
943 -0.6486668658271002
944 -0.5951818718327266
945 -0.5722677501443607
946 -0.5114413001707061
947 -0.5105553069649899
948 -0.4627455332651599
949 -0.36486174975481867
950 -0.3375271399115054
951 -0.2834296328271885
952 -0.26135094859234154
953 -0.2011362465213392
954 -0.19652930434810428
955 -0.14567175860503195
956 -0.11440938958205119
957 -0.09798756271299958
958 0.07075682441305425
959 0.6706344953554526
960 -1.6510587846609797
961 2.061761685518116
962 -1.3018294435184858
963 1.754929734515689
964 0.19121859073392145
965 -1.2800216677604108
966 -0.7488505011670362
967 -0.9424185951600585
968 2.2469145611953945
969 -0.7044391996308252
970 2.373507748743263
971 -1.184417727329853
972 -0.8323064505935144
973 -0.9744858380724619
974 1.7613181198492276
975 1.374249609978149
976 0.38225654217594346
977 1.0280647525238629
978 1.5968867806061793
979 2.2148192678723486
980 -0.5709319183997746
981 0.6777769858389278
982 -0.3153074236870517
983 1.7303700358570322
984 -0.17513264127144826
985 0.07425768869959604
986 1.2971071079333347
987 0.9194363407985915
988 0.227061044593313
989 -0.21729205869869633
990 -0.5462664746380461
991 1.2383172195440897
992 -0.3930265452459296
993 1.3097094437870334
994 -0.061169369128132756
995 0.1753790517012283
996 -0.11876590328287767
997 -0.37528843254780575
998 0.6112244478323781
999 -1.6510587846609797
1000 -1.3527942509831794
1001 -1.3018294435184858
1002 -1.2800216677604108
1003 -1.2485848175366479
1004 -1.184417727329853
1005 -0.9744858380724619
1006 -0.9424185951600585
1007 -0.8981547377785233
1008 -0.75024909074034
1009 -0.7438234321992087
1010 -0.7394407817380145
1011 -0.7044391996308252
1012 -0.6486668658271002
1013 -0.5951818718327266
1014 -0.5722677501443607
1015 -0.5709319183997746
1016 -0.5462664746380461
1017 -0.3930265452459296
1018 -0.37528843254780575
1019 -0.36486174975481867
1020 -0.3375271399115054
1021 -0.3153074236870517
1022 -0.2834296328271885
1023 -0.21729205869869633
1024 -0.17513264127144826
1025 -0.14567175860503195
1026 -0.11876590328287767
1027 -0.11440938958205119
1028 29.751143164283054
1029 -1.6510587846609797
1030 2.774937282661726
1031 -0.3211315340244769
1032 -1.3305331258690243
1033 -1.0916217962557586
1034 -0.45193640565832266
1035 -0.6188721771022385
1036 -0.15967071368595498
1037 -0.6016117034189477
1038 0.37540884261373075
1039 -0.24477908122210335
1040 1.2182067917609651
1041 1.7171778252152001
1042 -0.449689444395161
1043 0.8714645491167732
1044 2.2014486678426066
1045 -1.2055281162757556
1046 1.3308253676807782
1047 -0.13695143134947918
1048 0.697453378633254
1049 -0.6916465721938986
1050 1.10178605917294
1051 0.9362620006733418
1052 -0.6681251284966897
1053 0.8795936215060123
1054 2.2201204529159075
1055 -0.19059599806315453
1056 1.7957771924118067
1057 1.2189434616252612
1058 0.14228649952262978
1059 -0.12920192602700575
1060 -0.3717088900286049
1061 1.6044253245048106
1062 3.155674040581501
1063 0.8350721864868045
1064 -0.17116336236664031
1065 1.0131972807425216
1066 -0.2199828547697506
1067 0.23387547761632133
1068 20.164401170757493
1069 20.39758535591329
1070 -1.6510587846609797
1071 -1.3527942509831794
1072 -1.3018294435184858
1073 -1.2485848175366479
1074 -1.2055281162757556
1075 -1.184417727329853
1076 -1.0916217962557586
1077 -0.9424185951600585
1078 -0.8981547377785233
1079 -0.75024909074034
1080 -0.7394407817380145
1081 -0.6916465721938986
1082 -0.6681251284966897
1083 -0.6486668658271002
1084 -0.6016117034189477
1085 -0.5951818718327266
1086 -0.5709319183997746
1087 -0.449689444395161
1088 -0.3930265452459296
1089 -0.37528843254780575
1090 -0.3717088900286049
1091 -0.36486174975481867
1092 -0.3375271399115054
1093 -0.2199828547697506
1094 -0.21729205869869633
1095 -0.17513264127144826
1096 -0.17116336236664031
1097 -0.11440938958205119
1098 0.14228649952262978
1099 47.366627917569026
evaluations raw_y
1 13.611969095483644
2 10.829387096040694
3 12.387389619381032
4 24.34153141790419
5 25.42461532137607
6 18.65547504359346
7 6.094078159660798
8 13.773623119616325
9 18.826075705038853
10 15.045221172002629
11 15.287980309139044
12 47.43299759842893
13 14.747921752622485
14 23.03418960100386
15 11.621994410038688
16 22.293412563980514
17 14.657026360082257
18 20.76201470217512
19 19.878629882586495
20 14.401471873407818
21 25.391636805497836
22 15.72590172927092
23 12.56598622907788
24 12.20157327532708
25 18.9034803787036
26 22.826090275938178
27 16.03360425002974
28 32.446188369983275
29 20.650628533557256
30 23.317304633920116
31 9.014272897142508
32 12.683570218578506
33 6.02778738574526
34 18.4259880863635
35 18.48227955100416
36 13.169409101357113
37 11.301361628228339
38 6.094078159660798
39 11.88265299850324
40 9.451479800910459
41 8.148976942842243
42 8.260837236355432
43 6.91382425421482
44 19.66076854685082
45 2.8834555745735524
46 22.013143153600016
47 22.03822859236066
48 11.390825982826955
49 9.895333425905676
50 9.576501698212876
51 16.289765269274962
52 9.58634127403649
53 3.182340709094032
54 4.230359206280422
55 4.266955833841204
56 15.233948271774938
57 15.187674780704786
58 5.57638637528774
59 5.5242587946292865
60 4.59334184956425
61 2.4893127393377394
62 17.98718057798053
63 12.771831710226266
64 12.73103206540175
65 8.353482484887174
66 13.489426692185713
67 2.0282276067658493
68 2.0282276067658493
69 2.4893127393377394
70 2.8834555745735524
71 3.182340709094032
72 4.266955833841204
73 4.59334184956425
74 5.5242587946292865
75 6.02778738574526
76 6.094078159660798
77 6.91382425421482
78 8.260837236355432
79 8.353482484887174
80 9.014272897142508
81 9.451479800910459
82 9.576501698212876
83 9.58634127403649
84 9.895333425905676
85 10.829387096040694
86 11.301361628228339
87 11.390825982826955
88 11.88265299850324
89 12.73103206540175
90 13.169409101357113
91 13.489426692185713
92 15.187674780704786
93 16.289765269274962
94 17.98718057798053
95 18.48227955100416
96 19.66076854685082
97 21.14023307789413
98 2.0282276067658493
99 1.8220477727635387
100 0.8622880631341283
101 2.6908818143236544
102 2.063119277605272
103 4.003652661362248
104 3.703184221486758
105 4.2226266566409105
106 2.7294302056065343
107 2.731821063076838
108 5.787973542456008
109 5.858656721881972
110 3.773270019614559
111 2.216937760161055
112 2.179413460761252
113 2.479936001502503
114 8.407900305904235
115 7.065716618896781
116 7.121257466792223
117 7.038271409710111
118 6.224736423039515
119 6.971024785349989
120 2.942384583625154
121 8.597922960387907
122 8.850202914677025
123 5.480291499882568
124 11.868767457344827
125 7.21026779054657
126 8.301011443394438
127 11.865847628011124
128 10.678335983855794
129 5.957084133114178
130 6.760100737552977
131 9.367277817037008
132 15.863256753540275
133 15.241547479938697
134 0.8622880631341283
135 1.8220477727635387
136 2.0282276067658493
137 2.063119277605272
138 2.179413460761252
139 2.479936001502503
140 2.6908818143236544
141 2.731821063076838
142 2.942384583625154
143 3.703184221486758
144 3.773270019614559
145 4.2226266566409105
146 5.480291499882568
147 5.858656721881972
148 5.957084133114178
149 6.224736423039515
150 6.760100737552977
151 6.971024785349989
152 7.038271409710111
153 7.065716618896781
154 7.21026779054657
155 8.301011443394438
156 8.407900305904235
157 8.850202914677025
158 9.367277817037008
159 10.678335983855794
160 11.865847628011124
161 11.868767457344827
162 15.241547479938697
163 13.2650516072078
164 0.8622880631341283
165 0.915885352402023
166 3.450993388019321
167 1.7423010799133625
168 1.3335536232939944
169 1.4858387854395465
170 0.025665615344267256
171 -0.19901697991476916
172 2.6344480271945816
173 2.65399761806305
174 1.2865156447067925
175 1.1069978700403202
176 4.189437994125025
177 3.011669897244336
178 0.7831938921050302
179 3.249174515162668
180 2.317632192565692
181 5.0967570294818785
182 5.159658653829879
183 3.8310072014502623
184 4.438956872046193
185 1.2841112153293728
186 1.2624948072295212
187 4.701855294533266
188 0.6736692690026302
189 3.3174664774595257
190 0.7478226913209932
191 1.2409848626495663
192 1.9738218703668458
193 9.552401304951031
194 0.3310732046949625
195 1.4869827694647952
196 2.1453363525216704
197 5.864324569868327
198 6.7594346465168265
199 6.753182115316409
200 -0.19901697991476916
201 0.025665615344267256
202 0.3310732046949625
203 0.6736692690026302
204 0.7478226913209932
205 0.7831938921050302
206 0.915885352402023
207 1.1069978700403202
208 1.2409848626495663
209 1.2624948072295212
210 1.3335536232939944
211 1.4858387854395465
212 1.4869827694647952
213 1.7423010799133625
214 1.8220477727635387
215 1.9738218703668458
216 2.1453363525216704
217 2.317632192565692
218 2.65399761806305
219 3.011669897244336
220 3.249174515162668
221 3.3174664774595257
222 3.703184221486758
223 3.8310072014502623
224 4.438956872046193
225 4.701855294533266
226 5.159658653829879
227 5.864324569868327
228 6.753182115316409
229 0.9416749306590595
230 -0.19901697991476916
231 1.5469784585145616
232 1.4264178612431198
233 1.1152262272441
234 0.5840633848634742
235 0.48646313075703973
236 1.8471166155777707
237 1.5101163514613571
238 2.21305620857447
239 1.3778062175131995
240 1.6297044256349704
241 -0.04317877871142334
242 0.054661836433467115
243 3.0018635374223988
244 0.7807445129266875
245 1.163582674296594
246 1.938135680279746
247 3.054255704469038
248 0.5011964117107826
249 0.3541990831757633
250 2.635241044417958
251 0.44174265091209264
252 1.719628116711053
253 2.187699844032822
254 2.268948730769016
255 2.0229655327476754
256 0.4456483254760612
257 4.086671728525112
258 0.6062650599811013
259 3.5266076860510918
260 2.7861955687026274
261 3.5861652923911578
262 1.808526186353783
263 5.84222268585595
264 6.316607542248696
265 1.6759839266256502
266 -0.19901697991476916
267 0.025665615344267256
268 0.054661836433467115
269 0.3310732046949625
270 0.3541990831757633
271 0.44174265091209264
272 0.4456483254760612
273 0.48646313075703973
274 0.6062650599811013
275 0.6736692690026302
276 0.7807445129266875
277 0.7831938921050302
278 0.915885352402023
279 0.9416749306590595
280 1.1069978700403202
281 1.163582674296594
282 1.3335536232939944
283 1.6297044256349704
284 1.719628116711053
285 1.7423010799133625
286 1.808526186353783
287 1.8220477727635387
288 2.0229655327476754
289 2.1453363525216704
290 2.268948730769016
291 2.7861955687026274
292 3.5266076860510918
293 3.5861652923911578
294 3.703184221486758
295 0.38508787983522536
296 -0.19901697991476916
297 1.1100088785381226
298 -0.06265457551603537
299 0.0221128418572738
300 0.9811828665569585
301 -0.5854272578530842
302 0.8436723942756953
303 1.0583786230789713
304 0.49812739920560406
305 -0.0789592768868772
306 -0.15860923240688524
307 -1.316786282146287
308 -0.8454898556456162
309 1.1718154419635405
310 -0.6979560063461822
311 -0.643670842971576
312 0.9290988799664072
313 1.0791004223560907
314 1.2413281445059545
315 1.2921925400824634
316 1.5643397058884274
317 1.3161807437029935
318 0.7869708529986628
319 1.3825452461290202
320 0.5935160547065557
321 1.9538266709088785
322 0.9390232799527068
323 0.9253887249132016
324 -0.40860022154181186
325 -0.5880335749905156
326 1.3297268983117134
327 1.2962132938698039
328 0.07457973070667512
329 2.468735284588308
330 0.4582808579507953
331 0.35340212139415716
332 2.6716118055617537
333 2.378316498774825
334 -1.316786282146287
335 -0.8454898556456162
336 -0.643670842971576
337 -0.5880335749905156
338 -0.5854272578530842
339 -0.40860022154181186
340 -0.19901697991476916
341 -0.15860923240688524
342 -0.06265457551603537
343 0.0221128418572738
344 0.07457973070667512
345 0.3310732046949625
346 0.35340212139415716
347 0.38508787983522536
348 0.44174265091209264
349 0.49812739920560406
350 0.5935160547065557
351 0.7807445129266875
352 0.7869708529986628
353 0.915885352402023
354 0.9253887249132016
355 0.9416749306590595
356 1.2921925400824634
357 1.2962132938698039
358 1.3161807437029935
359 1.3297268983117134
360 1.3825452461290202
361 1.7423010799133625
362 2.468735284588308
363 13.257941909164801
364 -1.316786282146287
365 0.5193956280421532
366 0.4661149848661621
367 0.9761189106814558
368 0.36182557864003095
369 0.05357713371474859
370 0.6492653819440797
371 0.4108358636321006
372 0.09528009580410202
373 -0.012843462099062175
374 -0.32268889977445275
375 -0.6951583860903828
376 1.4689239230618627
377 0.6302446666475809
378 0.3817199274234413
379 2.7871455357121198
380 1.8574330883377475
381 -0.1292610188447459
382 1.6657566759421096
383 2.1619565343355522
384 0.4456503454889037
385 0.6202814421295105
386 0.775378211893992
387 -0.9466724320240395
388 0.9232088268149927
389 0.03750726451820163
390 1.5972527864359989
391 2.1848198653779107
392 1.0744911527836782
393 0.628569303172949
394 1.3833957685432219
395 1.9236472877340125
396 1.5141601795423547
397 2.256343032837537
398 2.7801522419262374
399 9.277415745743248
400 8.8606207191187
401 -1.316786282146287
402 -0.9466724320240395
403 -0.8454898556456162
404 -0.6951583860903828
405 -0.643670842971576
406 -0.5880335749905156
407 -0.5854272578530842
408 -0.40860022154181186
409 -0.32268889977445275
410 -0.19901697991476916
411 -0.15860923240688524
412 -0.1292610188447459
413 -0.012843462099062175
414 0.03750726451820163
415 0.3310732046949625
416 0.35340212139415716
417 0.3817199274234413
418 0.5935160547065557
419 0.6202814421295105
420 0.628569303172949
421 0.775378211893992
422 0.7807445129266875
423 0.9232088268149927
424 1.2962132938698039
425 1.3161807437029935
426 1.5141601795423547
427 1.8574330883377475
428 1.9236472877340125
429 2.7801522419262374
430 0.4041970067890798
431 -1.316786282146287
432 -1.2717894818096336
433 1.0954830229481916
434 0.941551276370115
435 -0.7754798302178889
436 1.638863137469028
437 0.574018429454481
438 -0.8055670230969003
439 1.7299037756714222
440 3.0336524081110383
441 -0.6735521166094969
442 1.7928507913079204
443 0.9731695070909888
444 -0.2848520192399982
445 0.8040550518198686
446 -0.10945143099080906
447 -1.2283794569901412
448 1.1187524371868292
449 0.9088263334773868
450 -1.6312363308959443
451 0.5318895938501271
452 -0.31925150246318174
453 -0.28456804764859234
454 -0.016939100366623827
455 1.1526994843052407
456 0.1788286303657109
457 0.1105187508319237
458 2.740029587517979
459 1.0938661441994098
460 0.5876391428736241
461 0.6223915308184423
462 1.4419258827207564
463 1.8438113534614136
464 3.7331584895089485
465 2.143664277430685
466 1.3088725163198158
467 -0.11862344483151441
468 1.0324355678567558
469 -1.6312363308959443
470 -1.2717894818096336
471 -1.2283794569901412
472 -0.9466724320240395
473 -0.8055670230969003
474 -0.7754798302178889
475 -0.6951583860903828
476 -0.6735521166094969
477 -0.5880335749905156
478 -0.5854272578530842
479 -0.32268889977445275
480 -0.31925150246318174
481 -0.2848520192399982
482 -0.28456804764859234
483 -0.11862344483151441
484 -0.10945143099080906
485 -0.016939100366623827
486 -0.012843462099062175
487 0.03750726451820163
488 0.1105187508319237
489 0.35340212139415716
490 0.4041970067890798
491 0.6223915308184423
492 0.628569303172949
493 0.7807445129266875
494 0.9232088268149927
495 1.3088725163198158
496 1.3161807437029935
497 1.5141601795423547
498 -0.018406860175926416
499 -1.6312363308959443
500 -0.7922539835619485
501 -0.7379407893703094
502 0.06677248500557365
503 2.0868153478021814
504 -0.8138988855023414
505 -0.09191036890949553
506 0.2475313102339758
507 -0.776996215426548
508 -0.4377535767185192
509 -0.5770462098967863
510 0.9460200931317928
511 0.3005469956502499
512 -0.14021455479204997
513 1.0231648872255983
514 0.7796600230598778
515 2.01619393163052
516 0.19764934689258562
517 -0.6010605739319024
518 0.323379988085608
519 0.603261741910398
520 1.401506945108462
521 0.26881581677016775
522 0.17103497074285318
523 0.3361856412707356
524 0.35991699760737356
525 -0.43145669630516265
526 -0.4322319892941262
527 0.9718514851447836
528 2.645889254604481
529 0.9458611190127918
530 1.1927714642290241
531 0.7237984987056247
532 0.7238860576768944
533 1.4457344394619445
534 0.3789047110830627
535 0.0001983096667251302
536 -1.6312363308959443
537 -1.2717894818096336
538 -1.2283794569901412
539 -0.9466724320240395
540 -0.8138988855023414
541 -0.776996215426548
542 -0.7754798302178889
543 -0.6951583860903828
544 -0.6010605739319024
545 -0.5854272578530842
546 -0.5770462098967863
547 -0.4322319892941262
548 -0.32268889977445275
549 -0.31925150246318174
550 -0.2848520192399982
551 -0.28456804764859234
552 -0.11862344483151441
553 -0.10945143099080906
554 -0.012843462099062175
555 0.0001983096667251302
556 0.03750726451820163
557 0.1105187508319237
558 0.17103497074285318
559 0.26881581677016775
560 0.35991699760737356
561 0.7238860576768944
562 0.7807445129266875
563 0.9458611190127918
564 1.1927714642290241
565 10.808471142749084
566 -1.6312363308959443
567 0.4104538307233654
568 -1.222844839017719
569 3.5075323016597593
570 -1.3401352750310682
571 0.7760595931508721
572 0.6124447793603615
573 1.1735688007193772
574 2.8771049226163417
575 -0.008251384861569233
576 1.8064645039175575
577 -0.20329266291394482
578 1.1297567385810354
579 0.7548241127966665
580 0.007095340362394786
581 0.7150335269753765
582 1.6054269979426792
583 0.3178469851093688
584 0.37005920691659944
585 1.4158884232377666
586 -0.00524404532309336
587 1.315561320227007
588 1.2125184107030047
589 0.24226263152055724
590 -0.040180045347081195
591 0.1293980412216154
592 0.34126098101612
593 0.04222012830695976
594 -0.862728011071651
595 0.07751839021040613
596 -0.6844091743994803
597 0.39364197766152614
598 0.6421999050880018
599 0.7611334780562518
600 0.5501942254450731
601 2.0734313077455013
602 2.3041812981295093
603 7.777175719406436
604 -1.6312363308959443
605 -1.3401352750310682
606 -1.222844839017719
607 -0.9466724320240395
608 -0.862728011071651
609 -0.8138988855023414
610 -0.776996215426548
611 -0.6844091743994803
612 -0.6010605739319024
613 -0.5854272578530842
614 -0.5770462098967863
615 -0.4322319892941262
616 -0.32268889977445275
617 -0.28456804764859234
618 -0.20329266291394482
619 -0.11862344483151441
620 -0.10945143099080906
621 -0.008251384861569233
622 -0.00524404532309336
623 0.0001983096667251302
624 0.03750726451820163
625 0.07751839021040613
626 0.1293980412216154
627 0.35991699760737356
628 0.37005920691659944
629 0.5501942254450731
630 0.7611334780562518
631 0.9458611190127918
632 1.1927714642290241
633 0.18833893257977044
634 -1.6312363308959443
635 -0.6940950453154638
636 1.352397050332785
637 0.8153661866806903
638 -1.336143959833414
639 -1.0286631060179017
640 0.6558843388117271
641 -0.9223877590775627
642 -1.5898529790828557
643 1.2109842155587325
644 -0.7047329776633835
645 -0.5150965185206708
646 -0.708234121717079
647 -0.1340522522818049
648 -0.652818708965835
649 -0.7936292931868509
650 -0.927753641961498
651 0.7478143921416261
652 -0.4482733851433481
653 -0.7331630051451206
654 1.6696626209601948
655 2.1141673952337805
656 0.43522032490688733
657 1.0287833018377128
658 0.43821900185129953
659 -0.18648520502416233
660 0.5517852751953987
661 0.213798321658561
662 0.5452517459783077
663 0.5335840734721423
664 1.9688469671938498
665 1.2261057097129342
666 -0.05904803481019971
667 1.4727903698251192
668 1.421152473674695
669 0.5681704160674831
670 -0.008531629694811527
671 0.39786772176532226
672 1.7312209350766
673 1.3802827765512644
674 2.8929591982509226
675 -0.8616401538384193
676 0.9180859580402284
677 -1.6312363308959443
678 -1.5898529790828557
679 -1.3401352750310682
680 -1.336143959833414
681 -1.222844839017719
682 -1.0286631060179017
683 -0.927753641961498
684 -0.9223877590775627
685 -0.8616401538384193
686 -0.7331630051451206
687 -0.708234121717079
688 -0.7047329776633835
689 -0.652818708965835
690 -0.4482733851433481
691 -0.28456804764859234
692 -0.18648520502416233
693 -0.11862344483151441
694 -0.05904803481019971
695 -0.00524404532309336
696 0.0001983096667251302
697 0.03750726451820163
698 0.1293980412216154
699 0.18833893257977044
700 0.213798321658561
701 0.39786772176532226
702 0.43522032490688733
703 0.5501942254450731
704 0.5681704160674831
705 0.7611334780562518
706 -0.04431120076426036
707 -1.6312363308959443
708 -1.7400180223689172
709 1.1060916433839327
710 1.127289750044881
711 2.416151331012986
712 -0.950835659252496
713 -0.7403520382977034
714 2.425058708805256
715 -0.830432079041655
716 -0.1893109162994423
717 0.40806715285209993
718 -1.020044503326309
719 -0.681500430681257
720 1.0726287578164737
721 -0.36993089250441535
722 0.01301531711478221
723 2.370515250683622
724 0.7732420271048218
725 0.33926191586549215
726 -1.0336038265811136
727 -1.133609045878893
728 0.09282913597422748
729 -0.47631966387214086
730 -0.9552345956594983
731 1.6379583261414918
732 -0.8085956704956728
733 1.948967252797496
734 1.385789004740034
735 0.22440683902471528
736 1.3134111763801841
737 0.25631846044089013
738 3.0628560550319293
739 1.6569882005465597
740 0.3070853025882226
741 0.4857569257649357
742 0.35735681948008535
743 0.24093291506165926
744 2.406114890384429
745 1.4718059818999363
746 -1.7400180223689172
747 -1.6312363308959443
748 -1.3401352750310682
749 -1.336143959833414
750 -1.222844839017719
751 -1.133609045878893
752 -1.0286631060179017
753 -1.020044503326309
754 -0.9552345956594983
755 -0.927753641961498
756 -0.8616401538384193
757 -0.830432079041655
758 -0.8085956704956728
759 -0.708234121717079
760 -0.652818708965835
761 -0.4482733851433481
762 -0.36993089250441535
763 -0.28456804764859234
764 -0.18648520502416233
765 -0.05904803481019971
766 -0.04431120076426036
767 0.03750726451820163
768 0.18833893257977044
769 0.213798321658561
770 0.22440683902471528
771 0.24093291506165926
772 0.3070853025882226
773 0.39786772176532226
774 0.4857569257649357
775 0.23536860367121032
776 -1.7400180223689172
777 2.7422095925405574
778 -1.5836867080499233
779 0.8905770315992891
780 2.2646887360697625
781 1.7838679691825892
782 -1.3000496904635894
783 -1.1209202309352133
784 0.8738943759609644
785 2.191606187821135
786 0.8250948535350464
787 0.5863885826826816
788 -0.9479251133460993
789 1.1183308240496648
790 -0.10188047568260261
791 -1.066349110009707
792 -0.28824512252257106
793 -0.3407389648093173
794 0.7227203795889983
795 -0.47858546777802746
796 1.250157351271623
797 -0.70155690916695
798 -0.51178639720369
799 1.1327065018639988
800 0.12547289331525702
801 0.8665701215125793
802 0.20242486172647378
803 1.5501472280313822
804 0.6697117739958651
805 -0.8138420432947782
806 -0.768371338761218
807 2.3209831195093615
808 1.4865545626361312
809 0.13736648730830409
810 -0.18792106798719227
811 -1.6961364592310515
812 0.7325269106394997
813 1.4647686033931
814 0.21835676420915684
815 -1.7400180223689172
816 -1.6961364592310515
817 -1.5836867080499233
818 -1.3401352750310682
819 -1.336143959833414
820 -1.222844839017719
821 -1.1209202309352133
822 -1.066349110009707
823 -1.0286631060179017
824 -1.020044503326309
825 -0.9552345956594983
826 -0.9479251133460993
827 -0.8616401538384193
828 -0.8085956704956728
829 -0.768371338761218
830 -0.708234121717079
831 -0.652818708965835
832 -0.51178639720369
833 -0.47858546777802746
834 -0.36993089250441535
835 -0.18792106798719227
836 -0.04431120076426036
837 0.03750726451820163
838 0.12547289331525702
839 0.13736648730830409
840 0.20242486172647378
841 0.213798321658561
842 0.21835676420915684
843 0.22440683902471528
844 -0.4228230295908932
845 -1.7400180223689172
846 0.01863529652828877
847 1.2860177556461927
848 0.7859035229150702
849 -0.5132046213000341
850 1.405191555983306
851 -0.5655271404961371
852 0.38225166855277554
853 -1.1292062827794052
854 1.7598004958972904
855 -1.0891821701320543
856 1.264179775845926
857 -1.0824147965187103
858 -1.1285017715102859
859 -0.31261759879670814
860 2.2085847306857955
861 -0.6640515668552615
862 -0.10184098738353489
863 0.5791469642514082
864 1.783894427501747
865 -0.48068383782977997
866 -0.21949198232021966
867 -0.37332244350657223
868 -0.24700264069591155
869 -0.3276390346297327
870 -1.346824217695501
871 -1.3700881788525283
872 2.2990901119729275
873 0.0391473362947618
874 0.430254836365399
875 -0.03486526910772375
876 0.1753721126174873
877 0.008431510162200007
878 0.7505213345658013
879 2.0294207032987543
880 1.0824652603672817
881 -0.662277439000743
882 -1.7400180223689172
883 -1.6961364592310515
884 -1.5836867080499233
885 -1.3700881788525283
886 -1.3401352750310682
887 -1.336143959833414
888 -1.222844839017719
889 -1.1292062827794052
890 -1.1285017715102859
891 -1.1209202309352133
892 -1.0891821701320543
893 -1.0824147965187103
894 -1.0286631060179017
895 -0.8616401538384193
896 -0.8085956704956728
897 -0.768371338761218
898 -0.708234121717079
899 -0.662277439000743
900 -0.652818708965835
901 -0.48068383782977997
902 -0.47858546777802746
903 -0.37332244350657223
904 -0.3276390346297327
905 -0.03486526910772375
906 0.008431510162200007
907 0.0391473362947618
908 0.12547289331525702
909 0.1753721126174873
910 0.21835676420915684
911 -0.5956606688124476
912 -1.7400180223689172
913 1.7970549726711034
914 -1.70606636762077
915 2.7222814832643785
916 1.332672969813135
917 -1.1533338022899657
918 -1.4550321753745519
919 1.3445761475306797
920 2.3187909923870254
921 -0.29771871415257767
922 0.35283473592338954
923 1.415366902826706
924 -0.6185650001418216
925 1.9203109528697853
926 -1.0642835810411813
927 0.636244082185834
928 -0.8405815911019108
929 -1.3705825971005854
930 0.9335614811665413
931 -0.7895540722577492
932 0.3228879931454318
933 1.7536105942807216
934 -0.029156553998426482
935 0.6445289892768931
936 -0.029800352285643816
937 -0.06776852038707493
938 -0.42526629696281676
939 -0.42083644562434364
940 1.4770596011441681
941 -0.06836838416141705
942 1.2160835591507273
943 0.21452326288925513
944 0.2788847593166054
945 1.205699721115257
946 0.14386475932863152
947 0.40563974658860813
948 1.3416084591536568
949 -1.7400180223689172
950 -1.70606636762077
951 -1.5836867080499233
952 -1.4550321753745519
953 -1.3705825971005854
954 -1.3700881788525283
955 -1.3401352750310682
956 -1.222844839017719
957 -1.1292062827794052
958 -1.1285017715102859
959 -1.1209202309352133
960 -1.0891821701320543
961 -1.0824147965187103
962 -1.0642835810411813
963 -0.8405815911019108
964 -0.7895540722577492
965 -0.708234121717079
966 -0.662277439000743
967 -0.652818708965835
968 -0.5956606688124476
969 -0.48068383782977997
970 -0.47858546777802746
971 -0.42083644562434364
972 -0.37332244350657223
973 -0.06836838416141705
974 0.008431510162200007
975 0.0391473362947618
976 0.12547289331525702
977 0.14386475932863152
978 25.590003472863202
979 -1.7400180223689172
980 -0.7847686194514544
981 2.0499808378878397
982 1.709634934500667
983 -1.390083596963728
984 0.9874111671742622
985 -1.2695305501105145
986 -0.5073234060829346
987 0.5784104885800405
988 -0.25701754996870463
989 0.6597108033256747
990 1.2777062431081783
991 0.2469474914952191
992 -1.109499828325528
993 1.9005886231692668
994 -0.5815764166930597
995 0.5429070499365969
996 0.13075898437060673
997 0.8191451249581007
998 1.2175412988393024
999 0.16805485878015264
1000 -0.4075910193798873
1001 0.7583448567273104
1002 2.2233019033498516
1003 -1.0272838436194383
1004 0.7603085492586308
1005 -0.2815909322489927
1006 1.4290188591005553
1007 1.0253339644532395
1008 1.4293922913353319
1009 -0.04673588313053781
1010 -0.37242230428975687
1011 1.1623201563473733
1012 0.23132254031351895
1013 0.573650285183565
1014 0.28789624482878917
1015 0.4236562631524965
1016 0.03164957817884184
1017 11.2656438148851
1018 -1.7400180223689172
1019 -1.70606636762077
1020 -1.5836867080499233
1021 -1.390083596963728
1022 -1.3705825971005854
1023 -1.3700881788525283
1024 -1.3401352750310682
1025 -1.222844839017719
1026 -1.1292062827794052
1027 -1.1285017715102859
1028 -1.1209202309352133
1029 -1.109499828325528
1030 -1.0642835810411813
1031 -1.0272838436194383
1032 -0.8405815911019108
1033 -0.7895540722577492
1034 -0.708234121717079
1035 -0.652818708965835
1036 -0.5815764166930597
1037 -0.48068383782977997
1038 -0.47858546777802746
1039 -0.42083644562434364
1040 -0.4075910193798873
1041 -0.37332244350657223
1042 -0.37242230428975687
1043 -0.04673588313053781
1044 0.03164957817884184
1045 0.23132254031351895
1046 0.28789624482878917
1047 6.655544243165338
1048 -1.7400180223689172
1049 -1.5194883579613856
1050 -0.44405832195174383
1051 -0.043511792705545504
1052 2.2254297053683607
1053 -0.7808732148233787
1054 1.6326819605179734
1055 -1.2130946774780043
1056 1.1094775621245168
1057 -0.272106986974866
1058 -1.5510763836196841
1059 -1.2085583997473968
1060 0.04797256466854649
1061 -1.0504627062390968
1062 -1.1593586538733138
1063 1.75971775460928
1064 -0.46051703573533653
1065 1.249758673181237
1066 -0.3630154301592894
1067 -0.692728039021073
1068 1.9897038935576847
1069 1.5695098694999259
1070 -0.6311764907854376
1071 -1.088447727180589
1072 -0.05852704994878466
1073 -0.38501392082137087
1074 0.38269827389292055
1075 -0.41892638907022234
1076 0.951536078422867
1077 0.8507379341199393
1078 0.11099886047753355
1079 -0.06959398724487353
1080 1.3772081478045632
1081 2.9137718712777003
1082 1.7103448136242272
1083 2.1184247715757314
1084 0.4145335114226204
1085 3.665094916086373
1086 3.5539061796107
1087 -1.7400180223689172
1088 -1.70606636762077
1089 -1.5836867080499233
1090 -1.5510763836196841
1091 -1.390083596963728
1092 -1.3401352750310682
1093 -1.222844839017719
1094 -1.2130946774780043
1095 -1.2085583997473968
1096 -1.1593586538733138
1097 -1.088447727180589
1098 -1.0642835810411813
1099 -1.0504627062390968
1100 -1.0272838436194383
1101 -0.8405815911019108
1102 -0.7808732148233787
1103 -0.708234121717079
1104 -0.692728039021073
1105 -0.6311764907854376
1106 -0.42083644562434364
1107 -0.41892638907022234
1108 -0.38501392082137087
1109 -0.37332244350657223
1110 -0.37242230428975687
1111 -0.04673588313053781
1112 0.03164957817884184
1113 0.11099886047753355
1114 0.23132254031351895
1115 0.28789624482878917
1116 -0.5684183346455138
evaluations raw_y
1 12.684320372354916
2 27.74945090281221
3 16.328109742752787
4 15.600070702311768
5 10.221060923870233
6 20.684195202397074
7 27.464842371268567
8 13.863920256157433
9 5.321838395756071
10 11.782001521073186
11 16.645920679027356
12 9.616626870709572
13 4.463417454130948
14 27.46791426635012
15 5.218694088681362
16 38.53201191098972
17 24.505255112679603
18 20.452906576145367
19 12.613198140637289
20 16.12334821894279
21 28.140357921828898
22 21.20457635736299
23 17.631121766823398
24 24.430431767563686
25 9.459212336720228
26 31.08575963390832
27 30.0563002141298
28 22.889768491601576
29 19.128931576271714
30 17.583708379163667
31 9.904494142763319
32 10.127763802175782
33 9.146748126566516
34 8.882048808667763
35 13.478775618201835
36 9.750844142089745
37 9.963072451796581
38 6.130040816373468
39 2.600010186332301
40 10.888307694364244
41 10.873314923337139
42 14.509732857631422
43 4.459312019111198
44 10.047538278315601
45 10.137479581004088
46 6.979152432339289
47 7.807126470854227
48 4.463417454130948
49 21.66196947430378
50 4.14642015195376
51 9.391592024507933
52 10.176150712917416
53 11.770056816755153
54 12.312314050901566
55 11.120886303270975
56 15.02803118713785
57 4.879644643401421
58 7.903791828402832
59 18.81276417838
60 17.629395638978718
61 9.927748041039242
62 12.09638636134594
63 18.057715063480344
64 18.121697896096236
65 22.619812435280185
66 18.60223586133204
67 8.520091125094591
68 2.600010186332301
69 4.14642015195376
70 4.459312019111198
71 4.463417454130948
72 4.879644643401421
73 6.130040816373468
74 6.979152432339289
75 7.807126470854227
76 7.903791828402832
77 8.520091125094591
78 8.882048808667763
79 9.391592024507933
80 9.459212336720228
81 9.963072451796581
82 10.127763802175782
83 10.137479581004088
84 10.176150712917416
85 10.873314923337139
86 11.120886303270975
87 12.09638636134594
88 12.312314050901566
89 13.478775618201835
90 13.863920256157433
91 15.02803118713785
92 17.629395638978718
93 17.631121766823398
94 18.121697896096236
95 18.60223586133204
96 21.66196947430378
97 0.21711432619202073
98 2.935982157164594
99 0.956488899760203
100 0.972580770834896
101 1.1267667941760142
102 0.4639849983587254
103 1.7567088924792
104 1.6570401948481068
105 3.9580902451187887
106 3.8927509779535754
107 3.3052333032393015
108 2.235824090982227
109 0.6656699907972717
110 2.2415333405747773
111 1.8448453753935117
112 5.4161634715844285
113 5.360067091278863
114 2.11719510227402
115 1.3578108588099451
116 1.964315253060438
117 3.389211445865202
118 3.5060750632309556
119 7.3592080854982
120 10.017238980924247
121 6.83632765127028
122 4.2902510254993524
123 4.145124495503395
124 4.141321037310682
125 0.44543620979792165
126 0.49141065340575807
127 3.3989520545990417
128 5.049687458225772
129 4.510584046164647
130 1.9088963419750926
131 5.378587704611042
132 8.383949809814844
133 3.4050976118980314
134 3.7317497668474573
135 5.425774947100086
136 9.003957651880427
137 0.21711432619202073
138 -0.009570266314054193
139 -0.009570266314054193
140 0.4639849983587254
141 0.49141065340575807
142 0.6656699907972717
143 0.956488899760203
144 1.1267667941760142
145 1.6570401948481068
146 1.8448453753935117
147 1.9088963419750926
148 1.964315253060438
149 2.11719510227402
150 2.235824090982227
151 2.600010186332301
152 3.3052333032393015
153 3.3989520545990417
154 3.5060750632309556
155 3.7317497668474573
156 3.8927509779535754
157 4.141321037310682
158 4.145124495503395
159 4.510584046164647
160 5.049687458225772
161 5.360067091278863
162 5.378587704611042
163 5.425774947100086
164 6.83632765127028
165 7.3592080854982
166 8.383949809814844
167 9.003957651880427
168 12.810402342652267
169 -0.009570266314054193
170 -0.35115765876438415
171 0.13571858593453012
172 -0.6521820911792932
173 1.8179069223193616
174 0.9480414646367559
175 0.0003015056799205995
176 0.7641877792156053
177 0.7260611574627025
178 0.14025520261680424
179 1.230871651525626
180 0.09071519306838927
181 -0.5096557163600367
182 0.9263019385543361
183 2.2120537202651227
184 1.6584076125530618
185 1.457646810946712
186 1.2293723690430702
187 1.3275235642145655
188 3.0993920213967305
189 0.8447850518670366
190 0.8412790885708805
191 1.7539892017222383
192 3.1865328258591537
193 2.7389883544272724
194 2.632135191520665
195 2.8796596644723182
196 5.89225064409331
197 1.1095420372854732
198 1.0929566741095362
199 1.7449659889484068
200 1.537337327118357
201 3.769481694860079
202 6.065227161640269
203 6.194937212041672
204 3.479022337374206
205 3.5758740254980266
206 9.346981245904454
207 -0.6521820911792932
208 -0.5096557163600367
209 -0.35115765876438415
210 -0.009570266314054193
211 0.0003015056799205995
212 0.09071519306838927
213 0.13571858593453012
214 0.14025520261680424
215 0.7260611574627025
216 0.8412790885708805
217 0.9263019385543361
218 0.9480414646367559
219 1.0929566741095362
220 1.2293723690430702
221 1.230871651525626
222 1.3275235642145655
223 1.457646810946712
224 1.537337327118357
225 1.7449659889484068
226 1.7539892017222383
227 2.2120537202651227
228 2.632135191520665
229 2.8796596644723182
230 3.0993920213967305
231 3.1865328258591537
232 3.5758740254980266
233 3.769481694860079
234 5.360067091278863
235 6.194937212041672
236 0.2764470830698983
237 -0.6521820911792932
238 -0.791628271234808
239 0.35811915096018465
240 1.224080582113361
241 0.7792744490157008
242 3.85338818821746
243 0.3936860076731409
244 -0.11368028436344868
245 2.5672550101118197
246 0.5430216042519882
247 1.1721526825232822
248 1.2343903382139916
249 1.8982450059342937
250 0.9831035093663236
251 1.9626778352381038
252 0.8587976579328795
253 2.538786812488915
254 0.8623037458717209
255 -0.02986988714955563
256 0.9755722873735082
257 0.7103985309882564
258 0.7601087061341851
259 1.2538376464858954
260 0.9858218039342466
261 1.0462562633841277
262 1.7562210147793802
263 1.8382350932976048
264 1.9638869466721307
265 0.021667149345399705
266 3.099860780592252
267 0.7358267489421338
268 0.745250928834107
269 1.4891111205269385
270 2.9523341190115464
271 2.1905467837024473
272 3.390002997174072
273 -0.791628271234808
274 -0.6521820911792932
275 -0.35115765876438415
276 -0.11368028436344868
277 -0.02986988714955563
278 -0.009570266314054193
279 0.0003015056799205995
280 0.021667149345399705
281 0.09071519306838927
282 0.13571858593453012
283 0.2764470830698983
284 0.5430216042519882
285 0.7103985309882564
286 0.7358267489421338
287 0.745250928834107
288 0.7601087061341851
289 0.8412790885708805
290 0.8587976579328795
291 0.8623037458717209
292 0.9263019385543361
293 0.9831035093663236
294 0.9858218039342466
295 1.0462562633841277
296 1.2293723690430702
297 1.4891111205269385
298 1.8382350932976048
299 1.9638869466721307
300 2.1905467837024473
301 2.9523341190115464
302 16.258497514005832
303 -0.791628271234808
304 0.19232828287285253
305 1.9451142017730367
306 2.702428300822981
307 -0.027203498900701395
308 -0.8579846872589991
309 -0.345987830246622
310 0.644992733839922
311 -0.6793311794037591
312 1.670780342688819
313 1.109669509132299
314 0.6874692041949432
315 1.436731564959317
316 1.7762518307861557
317 0.2923551193823686
318 2.1849022121724824
319 0.5490492910759592
320 2.5497553162462605
321 0.4572128010240313
322 0.4434991093435517
323 0.40876911850161457
324 1.1732492405075463
325 0.5622872706295478
326 1.9678295038931588
327 1.8664704700451666
328 1.5521026564739135
329 1.2073538815082752
330 0.4004028678031901
331 0.364854587204378
332 0.5146866132147757
333 2.557504924534612
334 0.3591891706516125
335 0.26324882874760824
336 -0.018215924635592295
337 5.842540734433462
338 5.9931424901797685
339 -0.8579846872589991
340 -0.791628271234808
341 -0.6793311794037591
342 -0.6521820911792932
343 -0.35115765876438415
344 -0.345987830246622
345 -0.027203498900701395
346 -0.018215924635592295
347 0.0003015056799205995
348 0.09071519306838927
349 0.13571858593453012
350 0.26324882874760824
351 0.2764470830698983
352 0.2923551193823686
353 0.4004028678031901
354 0.40876911850161457
355 0.4434991093435517
356 0.5146866132147757
357 0.5430216042519882
358 0.5490492910759592
359 0.5622872706295478
360 0.7103985309882564
361 0.7601087061341851
362 0.8623037458717209
363 0.9831035093663236
364 0.9858218039342466
365 1.0462562633841277
366 1.2073538815082752
367 1.9638869466721307
368 0.09784106549080332
369 -0.8579846872589991
370 0.6800225966775244
371 1.4639098494304013
372 -0.49343150646239886
373 0.27268413568775896
374 0.4601613505302691
375 0.6058419300394254
376 0.6494925523993821
377 0.3049490202082834
378 -0.0483071591370199
379 0.9736457263599702
380 -0.09387357614293701
381 -0.5478527397120814
382 -0.6249098770397995
383 1.8692537624032561
384 0.4474977564189739
385 0.17651754196592273
386 0.582816612499077
387 0.36592820572261153
388 0.5752498396394484
389 0.6144650906531619
390 0.46422024461203365
391 0.9522804372846164
392 0.38490090130714616
393 0.2366782808435119
394 2.241040420734574
395 1.6217830680141505
396 2.1822581103561656
397 1.7164416666389584
398 0.460964373139343
399 0.3819904121705554
400 2.05857981987885
401 0.2694241173867388
402 3.0868558457138286
403 0.17159394169502928
404 -0.8579846872589991
405 -0.791628271234808
406 -0.6521820911792932
407 -0.6249098770397995
408 -0.5478527397120814
409 -0.49343150646239886
410 -0.35115765876438415
411 -0.345987830246622
412 -0.09387357614293701
413 -0.0483071591370199
414 -0.027203498900701395
415 -0.018215924635592295
416 0.09784106549080332
417 0.17651754196592273
418 0.2366782808435119
419 0.2694241173867388
420 0.2764470830698983
421 0.2923551193823686
422 0.36592820572261153
423 0.3819904121705554
424 0.38490090130714616
425 0.4434991093435517
426 0.46422024461203365
427 0.5430216042519882
428 0.7103985309882564
429 0.7601087061341851
430 0.8623037458717209
431 0.9831035093663236
432 1.0462562633841277
433 0.22446644550115924
434 -0.8579846872589991
435 1.2436887837606931
436 1.019924726054263
437 -0.8919701608750035
438 3.2000231945797575
439 2.723458697213526
440 -0.57244008613197
441 0.9943313719335676
442 3.01595015578868
443 1.354485152615359
444 0.7013513005375144
445 -0.015369196833379811
446 -0.42311366593911415
447 -0.40870562755865736
448 1.3118554289486732
449 1.6913991597919682
450 2.315563335264028
451 1.9534268204571008
452 0.08895217369859136
453 1.498610815589924
454 -0.2586294129453453
455 -0.45930742004540304
456 -1.1388206917308956
457 -1.0863849019241054
458 0.19560374102555111
459 0.5796995055119865
460 3.907306447575432
461 0.40915290060538784
462 1.8186795684140746
463 1.340202740793773
464 0.7780402112139448
465 -0.5641194094138542
466 2.11992403558128
467 0.7401655465419429
468 0.7546551437610485
469 2.351591906784735
470 0.7421122642914073
471 0.21740943391870393
472 -1.0863849019241054
473 -0.8919701608750035
474 -0.8579846872589991
475 -0.791628271234808
476 -0.6521820911792932
477 -0.57244008613197
478 -0.5641194094138542
479 -0.5478527397120814
480 -0.45930742004540304
481 -0.42311366593911415
482 -0.40870562755865736
483 -0.35115765876438415
484 -0.345987830246622
485 -0.09387357614293701
486 -0.015369196833379811
487 0.08895217369859136
488 0.09784106549080332
489 0.17651754196592273
490 0.19560374102555111
491 0.21740943391870393
492 0.2366782808435119
493 0.2694241173867388
494 0.2923551193823686
495 0.40915290060538784
496 0.4434991093435517
497 0.5430216042519882
498 0.7546551437610485
499 0.7780402112139448
500 0.8623037458717209
501 16.73476874457622
502 -1.0863849019241054
503 -1.0553808028467722
504 -0.9250836491073542
505 -0.985772182587315
506 -1.2181720611755866
507 -0.4056295659375386
508 1.3617734643848642
509 1.5346105518522557
510 -0.009654853326042823
511 -0.44857073522463864
512 1.974834410237095
513 -0.5740564804822756
514 -0.48129572083651184
515 -0.46594458404720984
516 -0.5032487830307082
517 -0.44626863659621413
518 1.692199495533821
519 -0.030999233860433795
520 1.2484571472017347
521 -0.4928073053644916
522 0.45432002903571866
523 0.24825280873972316
524 0.27684394640567966
525 0.13531524387956115
526 -0.004332722690425839
527 0.628123687056768
528 -0.11486646133919717
529 0.8999437740752645
530 0.23930586215865424
531 -0.048750155988638244
532 3.1013680842796143
533 1.0892727089410765
534 0.3758914608849526
535 -0.3233433383221702
536 1.987185307316268
537 0.7733082103235809
538 -0.059323951444708756
539 7.862052758383942
540 -1.2181720611755866
541 -1.0553808028467722
542 -0.985772182587315
543 -0.791628271234808
544 -0.6521820911792932
545 -0.5740564804822756
546 -0.57244008613197
547 -0.4928073053644916
548 -0.46594458404720984
549 -0.44857073522463864
550 -0.44626863659621413
551 -0.40870562755865736
552 -0.35115765876438415
553 -0.345987830246622
554 -0.3233433383221702
555 -0.11486646133919717
556 -0.059323951444708756
557 -0.048750155988638244
558 -0.015369196833379811
559 -0.004332722690425839
560 0.08895217369859136
561 0.13531524387956115
562 0.19560374102555111
563 0.2366782808435119
564 0.23930586215865424
565 0.3758914608849526
566 0.40915290060538784
567 0.4434991093435517
568 0.7733082103235809
569 -0.2011662033888507
570 -1.2181720611755866
571 0.2453125096461488
572 2.099864955604297
573 1.8915277452128259
574 -0.7849259742957881
575 -0.7045137339245594
576 0.722650629921431
577 -0.5863096403226934
578 0.7793188700793864
579 -0.5744089514285982
580 2.2104311090273354
581 -0.5094407772958753
582 2.037219136666566
583 0.3386904593723083
584 -0.047154580757692965
585 -0.8764029867423031
586 0.3229676946243697
587 1.070150720615959
588 -0.1341656448184365
589 1.3262778187547712
590 0.8779788629885531
591 0.3768064464404804
592 0.37741011914596045
593 0.8635907378923843
594 -0.20050394920360595
595 1.0342310301132007
596 1.2337000627299026
597 2.140208906169867
598 0.2505498483914925
599 2.2506672655656246
600 1.6815908026618156
601 1.9075027294040507
602 0.7534263643480321
603 0.419625684099017
604 1.4022595343245907
605 1.7451533861328132
606 -1.2181720611755866
607 -1.0553808028467722
608 -0.985772182587315
609 -0.8764029867423031
610 -0.7849259742957881
611 -0.7045137339245594
612 -0.5863096403226934
613 -0.5744089514285982
614 -0.5094407772958753
615 -0.46594458404720984
616 -0.44857073522463864
617 -0.44626863659621413
618 -0.35115765876438415
619 -0.345987830246622
620 -0.3233433383221702
621 -0.2011662033888507
622 -0.20050394920360595
623 -0.11486646133919717
624 -0.059323951444708756
625 -0.048750155988638244
626 -0.015369196833379811
627 -0.004332722690425839
628 0.13531524387956115
629 0.19560374102555111
630 0.23930586215865424
631 0.2505498483914925
632 0.3758914608849526
633 0.40915290060538784
634 0.419625684099017
635 -0.47356270222484115
636 -1.2181720611755866
637 1.435705718829997
638 1.7984895356664592
639 -0.6823904783739735
640 1.255252192501525
641 1.8691808789779136
642 0.23656083998695632
643 0.08642650900721827
644 -0.7048937243581527
645 1.9406704015531073
646 2.0070231070530387
647 1.7722457711058883
648 1.088660392797184
649 0.09072104238134043
650 1.270011933739132
651 -0.9968142199851747
652 1.8052756198493178
653 0.786691965555498
654 -0.34970777958317023
655 -0.05526327098428219
656 -0.07166682881206388
657 0.11105548431111584
658 -0.14726702723758311
659 0.9427801809742185
660 0.9156999032230029
661 0.8546772499559085
662 0.2166965598617972
663 0.2554371918675862
664 1.001886465001555
665 1.5159179362056876
666 0.4722811903740946
667 0.7855033655723345
668 -0.08365694600521043
669 1.7447355679829526
670 3.753482169439308
671 0.6446952101389282
672 -0.2631604961787189
673 -1.2181720611755866
674 -1.0553808028467722
675 -0.9968142199851747
676 -0.8764029867423031
677 -0.7849259742957881
678 -0.7048937243581527
679 -0.7045137339245594
680 -0.6823904783739735
681 -0.5863096403226934
682 -0.5094407772958753
683 -0.47356270222484115
684 -0.46594458404720984
685 -0.44857073522463864
686 -0.44626863659621413
687 -0.35115765876438415
688 -0.34970777958317023
689 -0.3233433383221702
690 -0.20050394920360595
691 -0.14726702723758311
692 -0.11486646133919717
693 -0.08365694600521043
694 -0.048750155988638244
695 -0.015369196833379811
696 -0.004332722690425839
697 0.19560374102555111
698 0.2554371918675862
699 0.3758914608849526
700 0.40915290060538784
701 0.419625684099017
702 20.149487307560634
703 -1.2181720611755866
704 3.591009407094208
705 0.3805404760077582
706 0.8842261551090664
707 3.130797425754122
708 2.3573312188186897
709 2.186460664336163
710 1.7167104417379049
711 0.1294440271326942
712 0.8034814891877767
713 2.1355181551151605
714 0.10055482473834099
715 -0.48173040993778293
716 1.2700068162571259
717 0.8102380559268111
718 -0.24986884298114453
719 -0.37278931529042747
720 0.45230153016879415
721 1.0563039769383427
722 1.6577376554323486
723 -0.2577303563578095
724 1.0683010773207422
725 0.435638483688101
726 1.4956832039479375
727 0.05131818466913313
728 -0.33710461089213717
729 1.531842544769129
730 1.0549236974628764
731 1.7413023739803184
732 3.161030715711426
733 0.42328032855350267
734 -0.06157107128923145
735 11.604633249917459
736 11.694450651001114
737 -1.2181720611755866
738 -1.0553808028467722
739 -0.9968142199851747
740 -0.8764029867423031
741 -0.7849259742957881
742 -0.7048937243581527
743 -0.7045137339245594
744 -0.6823904783739735
745 -0.5863096403226934
746 -0.5094407772958753
747 -0.48173040993778293
748 -0.47356270222484115
749 -0.44857073522463864
750 -0.44626863659621413
751 -0.37278931529042747
752 -0.34970777958317023
753 -0.33710461089213717
754 -0.3233433383221702
755 -0.2577303563578095
756 -0.20050394920360595
757 -0.11486646133919717
758 -0.08365694600521043
759 -0.06157107128923145
760 -0.048750155988638244
761 -0.015369196833379811
762 0.19560374102555111
763 0.2554371918675862
764 0.3758914608849526
765 0.42328032855350267
766 7.907250947139026
767 -1.2181720611755866
768 1.10776567638587
769 -1.2317914993828432
770 -0.4646963561483354
771 -1.0462833144109536
772 1.1090507003680505
773 1.8777537096075414
774 -0.45681392673834187
775 0.8983527818973425
776 2.057632533277627
777 1.7648932525841727
778 -0.28742385363357653
779 2.3343147076999724
780 -0.6697232423883109
781 -0.17912316973482767
782 1.8964626056611915
783 1.7238405020409364
784 -0.5974632212387453
785 1.089099061798084
786 -0.3248117193223898
787 -0.46550887061743157
788 0.6688255342887455
789 0.3765469590927131
790 0.1312231217585598
791 -0.577526365236153
792 1.035582241772397
793 -0.3749369979015992
794 1.0781717150936823
795 1.3284328251421262
796 0.9344603132593338
797 1.2313382711866252
798 -0.13642385934245171
799 1.9587110712096902
800 2.416623266539584
801 1.7047725761473607
802 7.332782147199776
803 -1.2317914993828432
804 -1.2181720611755866
805 -1.0462833144109536
806 -0.8764029867423031
807 -0.7849259742957881
808 -0.7048937243581527
809 -0.7045137339245594
810 -0.6823904783739735
811 -0.6697232423883109
812 -0.5974632212387453
813 -0.577526365236153
814 -0.48173040993778293
815 -0.47356270222484115
816 -0.46550887061743157
817 -0.44857073522463864
818 -0.3749369979015992
819 -0.37278931529042747
820 -0.33710461089213717
821 -0.3233433383221702
822 -0.28742385363357653
823 -0.2577303563578095
824 -0.13642385934245171
825 -0.08365694600521043
826 -0.06157107128923145
827 -0.048750155988638244
828 -0.015369196833379811
829 0.2554371918675862
830 0.3758914608849526
831 0.42328032855350267
832 35.360707928920085
833 -1.2317914993828432
834 0.7758902438424039
835 0.7379742296032104
836 -0.09005462365479033
837 1.3876147129380378
838 -0.9454346943962201
839 -1.790477831223158
840 1.0896127646875133
841 1.1652394959146353
842 1.023942509838632
843 -0.5107183364035963
844 -0.43669714148445504
845 -0.9753896438251561
846 -1.0508255876652346
847 -0.7836873570623281
848 0.7976931485127914
849 1.3608416746988459
850 -0.5023574521843398
851 -0.6476150153744159
852 -0.7335847783901503
853 -1.4733635790366402
854 0.47543257115577464
855 -0.20856352249846732
856 -0.11240717556575869
857 -0.03486950029614655
858 -0.05753767463279569
859 0.7527489220940144
860 -0.926260018118781
861 0.26452371204663305
862 0.5313676230726836
863 -0.38670601909316593
864 0.32383347339995466
865 0.3853716987169915
866 0.8791993601153831
867 2.6138496051361764
868 22.047696696936335
869 22.111950621575215
870 -1.790477831223158
871 -1.4733635790366402
872 -1.2317914993828432
873 -1.2181720611755866
874 -1.0508255876652346
875 -1.0462833144109536
876 -0.9454346943962201
877 -0.926260018118781
878 -0.8764029867423031
879 -0.7836873570623281
880 -0.7335847783901503
881 -0.7045137339245594
882 -0.6823904783739735
883 -0.6697232423883109
884 -0.5023574521843398
885 -0.47356270222484115
886 -0.43669714148445504
887 -0.38670601909316593
888 -0.33710461089213717
889 -0.3233433383221702
890 -0.28742385363357653
891 -0.2577303563578095
892 -0.20856352249846732
893 -0.08365694600521043
894 -0.06157107128923145
895 -0.015369196833379811
896 0.2554371918675862
897 0.3758914608849526
898 0.42328032855350267
899 -0.1500609975359741
900 -1.790477831223158
901 1.6412742590252496
902 -1.4703071668114402
903 1.6284016335563396
904 -0.8802874333203156
905 2.2381877749419483
906 0.8547626608395
907 -1.3882930774831315
908 0.7427752981269575
909 0.7495419596153725
910 0.5451267033401133
911 -0.7863028934483802
912 1.325979572606903
913 0.5438594494880806
914 0.9722827619986224
915 -0.7030159500643588
916 -0.3675223610777668
917 0.7165033786046273
918 0.33852522828301224
919 0.8165664772085919
920 0.9554620632396047
921 0.7260367886386063
922 -0.341412060297812
923 1.8809771997924043
924 2.1151842660553912
925 0.8251430266165964
926 -0.27474355306675863
927 0.717428110420161
928 1.7102346195548956
929 -0.07592962875402329
930 1.2172834043633898
931 0.7431494762410134
932 2.6970601270871883
933 1.688282876275214
934 0.760201498585322
935 2.4471885773224846
936 -1.790477831223158
937 -1.4703071668114402
938 -1.3882930774831315
939 -1.2317914993828432
940 -1.2181720611755866
941 -1.0508255876652346
942 -1.0462833144109536
943 -0.926260018118781
944 -0.8764029867423031
945 -0.7863028934483802
946 -0.7335847783901503
947 -0.7045137339245594
948 -0.7030159500643588
949 -0.6697232423883109
950 -0.5023574521843398
951 -0.47356270222484115
952 -0.43669714148445504
953 -0.38670601909316593
954 -0.341412060297812
955 -0.3233433383221702
956 -0.28742385363357653
957 -0.27474355306675863
958 -0.20856352249846732
959 -0.1500609975359741
960 -0.07592962875402329
961 -0.06157107128923145
962 -0.015369196833379811
963 0.2554371918675862
964 0.3758914608849526
965 7.546926542581661
966 -1.790477831223158
967 -0.497774052511637
968 -1.4756567763855193
969 -0.03696413912723909
970 -1.393121399621429
971 -0.8045768127920707
972 -1.229879018902796
973 1.5867048061031412
974 -1.023824522723791
975 -0.41369441767118437
976 0.7687934385515327
977 -0.609260945164332
978 -0.7145921298152069
979 -0.7808302077378095
980 0.5163648892752465
981 -0.46857220933709387
982 -0.7111676393143678
983 -0.21458730926167124
984 -0.32892501469544344
985 -0.3922725996551946
986 0.9632417903927957
987 -0.6251098514620317
988 0.46984919668515057
989 1.1544615149828676
990 -0.34666607702962526
991 -0.03417123060931182
992 -0.4069718701945402
993 1.024398548907977
994 -0.2893584304180403
995 0.5261990085658788
996 -0.3172540236771167
997 -0.04901581468254568
998 -0.049119128799316236
999 -0.1490817721234435
1000 2.782164366342838
1001 2.3983395162826016
1002 2.2014286500461107
1003 -1.790477831223158
1004 -1.4756567763855193
1005 -1.393121399621429
1006 -1.229879018902796
1007 -1.2181720611755866
1008 -1.0508255876652346
1009 -1.0462833144109536
1010 -0.926260018118781
1011 -0.8764029867423031
1012 -0.7808302077378095
1013 -0.7335847783901503
1014 -0.7111676393143678
1015 -0.7030159500643588
1016 -0.6697232423883109
1017 -0.6251098514620317
1018 -0.5023574521843398
1019 -0.47356270222484115
1020 -0.4069718701945402
1021 -0.38670601909316593
1022 -0.34666607702962526
1023 -0.3233433383221702
1024 -0.3172540236771167
1025 -0.2893584304180403
1026 -0.27474355306675863
1027 -0.1500609975359741
1028 -0.1490817721234435
1029 -0.049119128799316236
1030 0.2554371918675862
1031 0.3758914608849526
1032 0.14214016698927998
1033 -1.790477831223158
1034 1.8949656188466335
1035 1.9584930343802747
1036 -0.01953669020380633
1037 2.542562737187601
1038 -0.6205195770505972
1039 0.847762661243329
1040 -1.0140866453270139
1041 1.0459813930579043
1042 -0.2823983747763275
1043 2.6291805035907263
1044 2.7824225112821113
1045 1.275976419407511
1046 1.3091226715261974
1047 0.9539865165779462
1048 -0.9179757707729721
1049 -0.9592665055795709
1050 -0.12438310850895756
1051 -0.18708797873882677
1052 0.22799776621035645
1053 -0.3817078430513676
1054 1.6164674514789288
1055 -0.38054387569812875
1056 0.07135897325325133
1057 -0.5089655553174173
1058 -0.47411256304214866
1059 1.0549517238967985
1060 -0.3558495582035689
1061 0.8418020150802212
1062 1.0758185827802271
1063 -0.2802423964145158
1064 1.2746043606035622
1065 0.187857659032036
1066 1.414843564840498
1067 2.2491077478029298
1068 -0.379754435082162
1069 -0.05172179500474125
1070 -0.05541457688058844
1071 -1.790477831223158
1072 -1.4756567763855193
1073 -1.393121399621429
1074 -1.229879018902796
1075 -1.2181720611755866
1076 -1.0508255876652346
1077 -1.0140866453270139
1078 -0.9592665055795709
1079 -0.926260018118781
1080 -0.8764029867423031
1081 -0.7808302077378095
1082 -0.7335847783901503
1083 -0.7111676393143678
1084 -0.7030159500643588
1085 -0.6697232423883109
1086 -0.5023574521843398
1087 -0.47411256304214866
1088 -0.47356270222484115
1089 -0.3817078430513676
1090 -0.38054387569812875
1091 -0.379754435082162
1092 -0.3558495582035689
1093 -0.34666607702962526
1094 -0.2893584304180403
1095 -0.2802423964145158
1096 -0.1500609975359741
1097 -0.1490817721234435
1098 -0.05541457688058844
1099 -0.049119128799316236
1100 0.12729404881221723
evaluations raw_y
1 26.14915707774347
2 29.62860799300322
3 32.80939084274485
4 34.10106298923735
5 27.62397224773391
6 17.073630413948187
7 23.000577689422084
8 2.3894587130573504
9 10.44166744296969
10 5.799132921753732
11 14.332387948216006
12 20.81211019502012
13 15.042611128903724
14 19.22931444006387
15 20.085335952584607
16 10.56056862918365
17 19.368541318987873
18 18.769740926846197
19 17.943015581495903
20 7.800677508681048
21 22.849619738498614
22 19.23826204760499
23 21.62135913283844
24 29.682413575945045
25 29.78239901700479
26 34.563350831207764
27 15.23072877784056
28 25.0490686305426
29 16.633633985799378
30 21.48312134172429
31 7.836087961877657
32 6.519191657183126
33 6.3099981723092196
34 16.558005370532694
35 9.600597696507108
36 9.562433392095283
37 5.507925134245177
38 5.54695960024525
39 11.105419054384425
40 21.19953879785243
41 2.3894587130573504
42 1.5497905038236919
43 6.837428444651898
44 10.1001137802258
45 3.4975506231576237
46 4.682313972872194
47 8.893268285819687
48 12.080244515749726
49 11.390273080474662
50 8.724576623614894
51 13.47560447859899
52 12.764184207061273
53 5.526287016857173
54 4.3142957562663025
55 4.078096884869389
56 6.938065238473317
57 7.275328583444206
58 3.37239316805844
59 10.142615798840747
60 16.040787539446804
61 15.587668355820572
62 20.695033742404103
63 32.26351392622854
64 32.323805204409396
65 12.62501617939927
66 12.282212010146445
67 5.345641927965099
68 11.872748067418138
69 7.390562750527344
70 1.5497905038236919
71 2.3894587130573504
72 3.37239316805844
73 3.4975506231576237
74 4.078096884869389
75 4.682313972872194
76 5.345641927965099
77 5.526287016857173
78 5.54695960024525
79 5.799132921753732
80 6.3099981723092196
81 7.275328583444206
82 7.390562750527344
83 7.836087961877657
84 8.724576623614894
85 8.893268285819687
86 9.562433392095283
87 10.1001137802258
88 10.142615798840747
89 11.105419054384425
90 11.390273080474662
91 11.872748067418138
92 12.282212010146445
93 12.764184207061273
94 13.47560447859899
95 15.587668355820572
96 16.558005370532694
97 20.695033742404103
98 21.19953879785243
99 18.536490988309737
100 1.5497905038236919
101 1.6262404057483015
102 3.644304707861428
103 1.5862119491381679
104 -0.3706846457093773
105 -0.36986014208502405
106 3.81467730851279
107 1.1052182223618707
108 0.875821256784873
109 2.570340889044186
110 2.7562545671364456
111 2.8098070570059983
112 2.9212950888326663
113 1.5392805632476911
114 1.719629687102369
115 1.7605949634315663
116 3.2602782581654166
117 7.1678824584634055
118 4.28078674268654
119 4.527003159737692
120 4.639592112539563
121 2.278756086493583
122 2.2172538962843853
123 6.069877931940351
124 6.165464870160164
125 7.392045886805584
126 4.299464719677571
127 11.220917393578574
128 6.738681767627192
129 7.691484922703338
130 7.777989730909146
131 10.467587591831757
132 6.121096892524159
133 3.9655188318152566
134 9.64826558897732
135 10.709072647667265
136 7.130884649124097
137 -0.36986014208502405
138 0.875821256784873
139 1.5392805632476911
140 1.5862119491381679
141 1.6262404057483015
142 1.7605949634315663
143 2.2172538962843853
144 2.3894587130573504
145 2.570340889044186
146 2.7562545671364456
147 2.8098070570059983
148 2.9212950888326663
149 3.2602782581654166
150 3.81467730851279
151 3.9655188318152566
152 4.28078674268654
153 4.299464719677571
154 4.639592112539563
155 6.121096892524159
156 6.165464870160164
157 6.738681767627192
158 7.130884649124097
159 7.1678824584634055
160 7.392045886805584
161 7.691484922703338
162 7.777989730909146
163 9.64826558897732
164 10.467587591831757
165 10.709072647667265
166 24.468873675381356
167 -0.36986014208502405
168 1.503659236726031
169 3.877013441743839
170 1.8686439462937274
171 1.2957932313149811
172 1.6240838656365668
173 1.2920701903121468
174 0.7982077340477969
175 1.1840763322271048
176 1.1408280546849217
177 0.6824857645515203
178 1.3141165971303181
179 1.2401139688275453
180 2.3552115436951557
181 3.588493429262075
182 1.6765118540199861
183 6.2006117975610255
184 1.5274258572123336
185 0.5213234935379434
186 3.533727095205494
187 2.94137003588556
188 4.568917735366266
189 3.5271450374096576
190 3.765319959414008
191 3.3888576292061567
192 6.588967168609886
193 3.0656276027884797
194 4.046982979766844
195 3.928601964007087
196 3.72901377745442
197 5.317600261233265
198 4.856723503809685
199 5.298565929160206
200 5.57932700887088
201 6.983987555801755
202 -0.36986014208502405
203 0.5213234935379434
204 0.6824857645515203
205 0.7982077340477969
206 0.875821256784873
207 1.1408280546849217
208 1.1840763322271048
209 1.2401139688275453
210 1.2957932313149811
211 1.5274258572123336
212 1.5392805632476911
213 1.5862119491381679
214 1.6240838656365668
215 1.6765118540199861
216 2.3552115436951557
217 2.94137003588556
218 3.0656276027884797
219 3.2602782581654166
220 3.3888576292061567
221 3.5271450374096576
222 3.533727095205494
223 3.72901377745442
224 3.9655188318152566
225 4.046982979766844
226 4.568917735366266
227 4.856723503809685
228 5.317600261233265
229 5.57932700887088
230 6.588967168609886
231 34.249466595130876
232 -0.36986014208502405
233 1.664703760320015
234 0.4533942786307763
235 1.3573510996981657
236 0.7577070912147719
237 1.9011317688082328
238 0.8609984455353158
239 3.531755079842606
240 1.1682546826676021
241 0.874134067017039
242 0.9599824173408003
243 0.9344732009909158
244 2.492256616642235
245 0.9181768403515694
246 2.050232823825892
247 1.528032713550763
248 5.123936784975992
249 1.636672480579687
250 1.665736545386361
251 -1.2605997939421973
252 0.3273311491951165
253 3.620782184260123
254 3.2089903151596855
255 3.8044547609623462
256 3.2573748092646166
257 3.122032418890008
258 5.495385354551117
259 3.554728678176821
260 -0.029379626360343414
261 3.732676728602924
262 3.6966193298964676
263 3.841444854630158
264 0.9739727553734671
265 3.44754637450494
266 3.411386132238433
267 5.506672881867501
268 4.817138693919686
269 1.6258261450506444
270 4.885545631387079
271 3.045096927541116
272 3.039109511558059
273 9.509419580322769
274 -1.2605997939421973
275 -0.36986014208502405
276 -0.029379626360343414
277 0.3273311491951165
278 0.4533942786307763
279 0.5213234935379434
280 0.7577070912147719
281 0.8609984455353158
282 0.874134067017039
283 0.9181768403515694
284 0.9344732009909158
285 0.9739727553734671
286 1.1682546826676021
287 1.2957932313149811
288 1.528032713550763
289 1.6240838656365668
290 1.6258261450506444
291 1.636672480579687
292 2.94137003588556
293 3.039109511558059
294 3.0656276027884797
295 3.122032418890008
296 3.2573748092646166
297 3.411386132238433
298 3.554728678176821
299 3.6966193298964676
300 3.841444854630158
301 4.817138693919686
302 4.885545631387079
303 41.75405182935999
304 -1.2605997939421973
305 0.4685491241735912
306 1.7074329399097485
307 -0.5916202010092195
308 1.1903979151060757
309 0.45888398862328245
310 2.25431051562476
311 1.9461121957417562
312 2.0008553204097925
313 1.0205732799238176
314 1.44482940962151
315 1.077564106780819
316 1.8926819159309143
317 0.7584174355787131
318 0.4407711215425886
319 2.3200157545148614
320 1.4350950924571866
321 1.1997551959452113
322 2.0727901718993276
323 0.5054341640882025
324 3.3554106836046986
325 1.3449775741268895
326 1.338102062356941
327 0.5759232603372726
328 1.8534239909290353
329 2.1708771543781893
330 1.8786240774691354
331 1.215271847796743
332 2.909428411266463
333 3.548634365173569
334 0.07286537004972815
335 12.621840069043806
336 -1.2605997939421973
337 -0.5916202010092195
338 -0.36986014208502405
339 -0.029379626360343414
340 0.07286537004972815
341 0.4407711215425886
342 0.45888398862328245
343 0.5054341640882025
344 0.5213234935379434
345 0.5759232603372726
346 0.7577070912147719
347 0.7584174355787131
348 0.8609984455353158
349 0.874134067017039
350 0.9181768403515694
351 0.9344732009909158
352 0.9739727553734671
353 1.1997551959452113
354 1.215271847796743
355 1.338102062356941
356 1.4350950924571866
357 1.528032713550763
358 1.636672480579687
359 1.8534239909290353
360 1.8786240774691354
361 2.1708771543781893
362 2.909428411266463
363 3.039109511558059
364 3.548634365173569
365 16.473273766251637
366 -1.2605997939421973
367 0.5049894003800456
368 -0.382376181731782
369 0.009186808455712514
370 0.2447872216252001
371 1.0985646450883837
372 0.4946337913345842
373 1.0679146199171092
374 1.0236618164289153
375 0.5245259518917742
376 1.824013240378038
377 1.6855870573970502
378 1.3296929523599594
379 1.6733892388479434
380 2.1192864751105254
381 1.513592980796346
382 2.6713956604486
383 1.0273804519138006
384 0.6147365641133736
385 2.258590394943574
386 1.1144713824121275
387 1.8499953777832494
388 3.670015833782384
389 1.472457132995141
390 1.599366707707873
391 1.5815155975115993
392 0.8609618160965455
393 0.9316769953028663
394 0.8849310419947524
395 0.7166725207412561
396 3.283728504333276
397 4.926273397661891
398 2.519913170779743
399 11.242678292872606
400 -1.2605997939421973
401 -0.382376181731782
402 -0.36986014208502405
403 -0.029379626360343414
404 0.07286537004972815
405 0.4407711215425886
406 0.45888398862328245
407 0.5213234935379434
408 0.5245259518917742
409 0.5759232603372726
410 0.6147365641133736
411 0.7166725207412561
412 0.7577070912147719
413 0.7584174355787131
414 0.8609618160965455
415 0.8609984455353158
416 0.874134067017039
417 0.9316769953028663
418 0.9739727553734671
419 1.0273804519138006
420 1.1144713824121275
421 1.215271847796743
422 1.338102062356941
423 1.4350950924571866
424 1.528032713550763
425 1.5815155975115993
426 2.519913170779743
427 2.909428411266463
428 3.039109511558059
429 31.800598033942123
430 -1.2605997939421973
431 1.496320403061202
432 0.27736352800035213
433 -0.35218191180421304
434 0.3915853419959819
435 1.3476928901023482
436 0.3899592875155984
437 1.2326596178826146
438 0.9985437201140601
439 0.7070372677429462
440 2.285840856039524
441 0.4138974805531306
442 1.794034097568407
443 1.1610297776374607
444 0.6735157221182758
445 2.0075159250610928
446 0.9521742828277193
447 -0.5440228360958403
448 -0.3567300954171213
449 0.04378945066499873
450 0.7654811347286288
451 0.7048409925963814
452 1.775987172832136
453 1.0340507309076912
454 1.1661732714674904
455 2.242519594753163
456 2.6555816103376535
457 1.0927593859684186
458 1.488203764186379
459 1.1071345878230279
460 1.1581987038936417
461 2.046736919392555
462 1.763920382963358
463 0.633552511479276
464 0.8320318166956764
465 1.5956101803347793
466 0.45408112482533314
467 2.8403779067020984
468 3.0941768246617665
469 3.819181942756945
470 21.170812318826012
471 -1.2605997939421973
472 -0.382376181731782
473 -0.36986014208502405
474 -0.3567300954171213
475 -0.35218191180421304
476 0.04378945066499873
477 0.07286537004972815
478 0.3899592875155984
479 0.4138974805531306
480 0.45408112482533314
481 0.45888398862328245
482 0.5245259518917742
483 0.6147365641133736
484 0.6735157221182758
485 0.7048409925963814
486 0.7070372677429462
487 0.8320318166956764
488 0.9316769953028663
489 0.9521742828277193
490 0.9739727553734671
491 1.0340507309076912
492 1.0927593859684186
493 1.1144713824121275
494 1.1581987038936417
495 1.528032713550763
496 1.763920382963358
497 2.519913170779743
498 2.909428411266463
499 3.039109511558059
500 25.004235295507478
501 -1.2605997939421973
502 -1.291288779906778
503 0.886838434143465
504 1.0725335012130484
505 2.1997051907081433
506 -0.3487450452916919
507 1.5305619493956508
508 0.0992190079966151
509 1.7357027540473196
510 -0.4299033092725951
511 -0.5430436536464484
512 1.504314403664225
513 0.5945669292024278
514 1.055612795169239
515 0.5069878931633027
516 1.2720944550246749
517 0.573522599094489
518 3.3181803627670945
519 1.3538502665287635
520 0.7337236204130679
521 1.75144602226313
522 1.0163420205632991
523 -0.03264189402089901
524 1.8379299747646476
525 1.665332094752244
526 1.1042896491654468
527 1.6633797744316572
528 0.24553838654805205
529 0.18332996002675905
530 -0.00521450320569683
531 -0.028980608751495773
532 0.9312675445496293
533 3.2620338456980926
534 0.6842645856927395
535 2.1540817685954634
536 2.640619418051407
537 2.957342969984924
538 8.36096020312378
539 8.380145474924118
540 -1.291288779906778
541 -0.5430436536464484
542 -0.382376181731782
543 -0.36986014208502405
544 -0.3567300954171213
545 -0.35218191180421304
546 -0.03264189402089901
547 -0.028980608751495773
548 0.07286537004972815
549 0.0992190079966151
550 0.18332996002675905
551 0.5069878931633027
552 0.5245259518917742
553 0.573522599094489
554 0.5945669292024278
555 0.6147365641133736
556 0.6735157221182758
557 0.6842645856927395
558 0.7048409925963814
559 0.7070372677429462
560 0.9312675445496293
561 0.9316769953028663
562 0.9521742828277193
563 0.9739727553734671
564 1.0340507309076912
565 1.528032713550763
566 2.1540817685954634
567 2.640619418051407
568 2.957342969984924
569 10.092197345431954
570 -1.291288779906778
571 -0.4703619516897315
572 0.2994087304854465
573 -0.029694128751181825
574 -0.5198840688594172
575 2.4307699122193904
576 1.8906357763597095
577 -0.5439971756740816
578 4.265544866364117
579 -1.2665012753278098
580 1.685197527697337
581 1.5810385399742348
582 -0.6448715103864533
583 0.43076161137755464
584 0.7604303759922577
585 2.0233846095838346
586 0.6490758948263375
587 0.6619166552936631
588 0.4399285826654977
589 2.8187927960336587
590 -0.7710122999755255
591 1.200058833497625
592 1.7782667777056873
593 0.5876003242813091
594 0.08827299318312204
595 -0.0600368779319187
596 0.8961404445584468
597 1.7482324232240032
598 2.7984715210548075
599 0.9069448080052896
600 1.3176054113289732
601 0.9346579149438203
602 1.1511146206564584
603 1.3223180816797162
604 0.38553074061236403
605 0.21238422673710344
606 1.98946147684239
607 2.9554697456104835
608 4.292447790806609
609 -1.2665012753278098
610 -0.7710122999755255
611 -0.5439971756740816
612 -0.5430436536464484
613 -0.5198840688594172
614 -0.4703619516897315
615 -0.36986014208502405
616 -0.0600368779319187
617 -0.03264189402089901
618 -0.028980608751495773
619 0.08827299318312204
620 0.0992190079966151
621 0.18332996002675905
622 0.21238422673710344
623 0.43076161137755464
624 0.4399285826654977
625 0.5876003242813091
626 0.5945669292024278
627 0.6619166552936631
628 0.7048409925963814
629 0.7070372677429462
630 0.9069448080052896
631 0.9312675445496293
632 0.9346579149438203
633 0.9521742828277193
634 1.0340507309076912
635 1.3223180816797162
636 1.98946147684239
637 2.9554697456104835
638 15.385427968849234
639 1.4254525321754155
640 2.5985851263648096
641 -0.704489105079674
642 -0.21108723724383793
643 1.83271094060481
644 0.4378294336271741
645 -0.6797582858793993
646 0.467315541522703
647 -0.2669479109069731
648 2.139453227233327
649 2.857173981345129
650 0.21782793542158946
651 2.240091116048469
652 0.4744778125722801
653 1.4768478509048126
654 -0.08275180775728375
655 1.9555086835198168
656 2.7739387422016994
657 0.6412606072342031
658 0.3757148856856967
659 1.844088043714346
660 1.9779706691540666
661 2.6265754827490264
662 0.44814127047832386
663 3.270940525339954
664 0.9693188261320386
665 0.3985237174127796
666 0.49457164697749734
667 1.1475026163019977
668 1.5914341801781329
669 1.7756758714321839
670 0.12907127932116258
671 1.6035953099019769
672 1.3645530551426281
673 1.8019542956890175
674 1.721625986297935
675 3.1782220299485324
676 6.164034929050141
677 6.295822568430951
678 -1.2665012753278098
679 -0.704489105079674
680 -0.6797582858793993
681 -0.5439971756740816
682 -0.5430436536464484
683 -0.36986014208502405
684 -0.2669479109069731
685 -0.08275180775728375
686 -0.0600368779319187
687 -0.03264189402089901
688 -0.028980608751495773
689 0.08827299318312204
690 0.12907127932116258
691 0.18332996002675905
692 0.21238422673710344
693 0.3757148856856967
694 0.4399285826654977
695 0.44814127047832386
696 0.49457164697749734
697 0.5876003242813091
698 0.6619166552936631
699 0.7048409925963814
700 0.9069448080052896
701 0.9312675445496293
702 0.9346579149438203
703 1.0340507309076912
704 1.3223180816797162
705 1.721625986297935
706 2.9554697456104835
707 0.7744805767227048
708 1.547089088117635
709 -1.2798533258402878
710 -0.45430452442170133
711 -0.7036034919034154
712 2.739031627920406
713 2.0265243228688092
714 1.2381218944935957
715 0.8102215971740147
716 -0.3907534882710493
717 2.052758379398298
718 -0.34064277755741124
719 3.9714737784296394
720 -0.548028223160047
721 0.705498568331464
722 0.44227203780163993
723 0.9290462299766034
724 0.11492254049712036
725 2.456727711101336
726 0.47463926882820917
727 0.2956814465060607
728 1.5716400968171573
729 0.7885517263817541
730 1.4473500389564133
731 1.4075219041528975
732 0.5904738261881685
733 0.1147988591045892
734 0.9814932498754511
735 0.4936516902145903
736 2.4029812343406753
737 0.9384083256409783
738 0.8785886418415196
739 1.3070995681731663
740 0.8611636067149865
741 2.0783765701534236
742 0.4709111687999167
743 0.8539739989311901
744 -1.2798533258402878
745 -0.7036034919034154
746 -0.6797582858793993
747 -0.548028223160047
748 -0.5439971756740816
749 -0.5430436536464484
750 -0.3907534882710493
751 -0.34064277755741124
752 -0.2669479109069731
753 -0.0600368779319187
754 -0.028980608751495773
755 0.08827299318312204
756 0.1147988591045892
757 0.11492254049712036
758 0.18332996002675905
759 0.21238422673710344
760 0.2956814465060607
761 0.4399285826654977
762 0.44814127047832386
763 0.4709111687999167
764 0.4936516902145903
765 0.49457164697749734
766 0.5904738261881685
767 0.7048409925963814
768 0.7744805767227048
769 0.8611636067149865
770 0.8785886418415196
771 0.9384083256409783
772 1.0340507309076912
773 14.341907661769676
774 1.844062673836382
775 -1.030552229332104
776 1.574334369406464
777 0.9150928761662812
778 -0.6213672563278856
779 2.4998705834591015
780 1.3006697015105355
781 -0.09213068477048669
782 0.03200455915429257
783 -0.3539527020880431
784 -0.676765000468444
785 3.0322870483623623
786 1.0244630619633395
787 0.06652184615431855
788 0.8291082236172383
789 2.3768769039273905
790 0.05960429154430427
791 0.8953310052254759
792 1.7520047475909792
793 2.5687374561928484
794 0.6369294666116909
795 0.3044035997721693
796 0.49812746365497623
797 0.60010816151455
798 1.9914895856947668
799 0.1885728689668319
800 2.303527446656422
801 0.4665669798636237
802 0.880647601553562
803 1.520316940930855
804 0.713072314837767
805 2.502708052166217
806 1.6103543212825158
807 0.44755583276267075
808 0.39672797195143195
809 0.9508838700654161
810 0.6093810865304135
811 6.268413130876672
812 6.223100933704297
813 -1.2798533258402878
814 -1.030552229332104
815 -0.6797582858793993
816 -0.676765000468444
817 -0.6213672563278856
818 -0.5439971756740816
819 -0.5430436536464484
820 -0.3907534882710493
821 -0.3539527020880431
822 -0.0600368779319187
823 0.05960429154430427
824 0.06652184615431855
825 0.08827299318312204
826 0.11492254049712036
827 0.18332996002675905
828 0.1885728689668319
829 0.21238422673710344
830 0.3044035997721693
831 0.39672797195143195
832 0.4399285826654977
833 0.44814127047832386
834 0.4665669798636237
835 0.4709111687999167
836 0.5904738261881685
837 0.6093810865304135
838 0.713072314837767
839 0.7744805767227048
840 0.8611636067149865
841 0.9384083256409783
842 23.152999388300795
843 3.5572836539734833
844 1.2183418967966242
845 -0.8752311824570185
846 -0.6485947237025597
847 1.7735061648478978
848 0.5550666039341281
849 2.053008506562218
850 -0.5454705965678913
851 1.7926649689776566
852 -0.4267409679424924
853 -0.2285693893352636
854 2.11859821987294
855 -0.3687828367121775
856 2.7152337969548106
857 1.2963967099874596
858 0.8373734724312585
859 0.12584970089756947
860 0.3032998451071294
861 1.7860593122617265
862 1.3498979505376927
863 0.13849385261916947
864 -0.0012538160549446786
865 0.7891780735197651
866 -0.4911729849842197
867 0.016007418405617257
868 1.501589570542397
869 1.4329799401658936
870 1.379368524417493
871 0.9385490839363604
872 1.9021704127061454
873 1.2861632522037105
874 0.7443237687159089
875 0.97959442963176
876 1.6430831660575282
877 1.3265584197822262
878 0.31669704187911196
879 19.512751996428058
880 -1.2798533258402878
881 -0.8752311824570185
882 -0.6797582858793993
883 -0.676765000468444
884 -0.6213672563278856
885 -0.5454705965678913
886 -0.4911729849842197
887 -0.4267409679424924
888 -0.3907534882710493
889 -0.3687828367121775
890 -0.0600368779319187
891 -0.0012538160549446786
892 0.016007418405617257
893 0.05960429154430427
894 0.06652184615431855
895 0.08827299318312204
896 0.11492254049712036
897 0.18332996002675905
898 0.1885728689668319
899 0.3044035997721693
900 0.31669704187911196
901 0.44814127047832386
902 0.4665669798636237
903 0.4709111687999167
904 0.5904738261881685
905 0.6093810865304135
906 0.7443237687159089
907 0.7744805767227048
908 1.3265584197822262
909 9.184093705951788
910 0.34207241718444803
911 2.957234616101762
912 1.3890118617151928
913 -0.7731067271169537
914 -0.34901360053287467
915 2.722973025800243
916 -0.5423770513351656
917 1.5541185098750403
918 2.1516565879637803
919 1.904995377733211
920 -0.456308388680827
921 -0.2139116667288936
922 4.789855170367815
923 2.9229344801902624
924 0.6550962107523101
925 -0.27063218710222914
926 -0.5606772526722347
927 0.9533425362345274
928 0.2480538609702045
929 2.525761032017485
930 1.604843149897301
931 1.3028779409240219
932 0.6271239771878829
933 0.4570520234495481
934 0.3840597878468237
935 0.3654585775131767
936 0.9408721825567643
937 1.0895446652836165
938 0.6348703489724118
939 0.7656443295614641
940 0.3288755768695296
941 0.25514599141992245
942 -0.2720422209019655
943 0.9359779616551385
944 1.0470334057271649
945 3.8804098234349262
946 -1.2798533258402878
947 -0.8752311824570185
948 -0.7731067271169537
949 -0.676765000468444
950 -0.6213672563278856
951 -0.5606772526722347
952 -0.5454705965678913
953 -0.4911729849842197
954 -0.456308388680827
955 -0.4267409679424924
956 -0.3687828367121775
957 -0.2720422209019655
958 -0.0600368779319187
959 -0.0012538160549446786
960 0.016007418405617257
961 0.06652184615431855
962 0.08827299318312204
963 0.11492254049712036
964 0.18332996002675905
965 0.1885728689668319
966 0.25514599141992245
967 0.3044035997721693
968 0.3288755768695296
969 0.3654585775131767
970 0.3840597878468237
971 0.4665669798636237
972 0.4709111687999167
973 0.5904738261881685
974 1.0470334057271649
975 19.085207040727408
976 3.5422485176532317
977 -0.9938658795474624
978 -0.8741154033804184
979 3.1545926380028773
980 1.0152573713901885
981 -0.7895755900888732
982 3.0203266118537333
983 -0.6647436923743603
984 1.5992228628821583
985 -0.18255830914096438
986 -0.701623155440297
987 -0.8292098330131468
988 -0.5598346501600677
989 -0.1494039600847039
990 0.43880445333761364
991 -0.29744393244950595
992 1.8277464774287169
993 0.7612119251592806
994 1.8734713976411106
995 0.605207581025013
996 1.4144655587505417
997 -0.0979036791168969
998 1.9979626129980788
999 1.9801863224515541
1000 0.6051630967110646
1001 1.008974438896041
1002 1.3459034095140412
1003 2.583311972568367
1004 0.28453647283665745
1005 0.39002024592776696
1006 1.2863238166512767
1007 1.774873095811558
1008 0.4438082607589757
1009 0.38697554624416575
1010 0.6186551133616923
1011 0.4922193244980708
1012 3.2600604796010915
1013 3.4588608661698195
1014 -1.2798533258402878
1015 -0.8741154033804184
1016 -0.8292098330131468
1017 -0.7895755900888732
1018 -0.7731067271169537
1019 -0.676765000468444
1020 -0.6647436923743603
1021 -0.5598346501600677
1022 -0.4267409679424924
1023 -0.29744393244950595
1024 -0.2720422209019655
1025 -0.18255830914096438
1026 -0.0979036791168969
1027 -0.0600368779319187
1028 -0.0012538160549446786
1029 0.016007418405617257
1030 0.06652184615431855
1031 0.11492254049712036
1032 0.18332996002675905
1033 0.1885728689668319
1034 0.25514599141992245
1035 0.3044035997721693
1036 0.3288755768695296
1037 0.3840597878468237
1038 0.38697554624416575
1039 0.39002024592776696
1040 0.4665669798636237
1041 0.4922193244980708
1042 0.5904738261881685
1043 0.2731896009214301
1044 -1.3480114605083593
1045 2.4122431420365507
1046 1.6043004853435978
1047 -0.8208056170204534
1048 0.7270679859151363
1049 1.1701885837201473
1050 -1.1523661646603918
1051 2.778483392706727
1052 -0.6571091737270891
1053 1.325745926708044
1054 -0.28199421174972383
1055 -0.3589736325201951
1056 2.0725803102187674
1057 1.2780661789918195
1058 -0.6346907339225158
1059 0.6232846456113148
1060 1.1741686242601606
1061 0.8781336015073089
1062 -0.015519207303199556
1063 0.28642990211096825
1064 3.0108337576376387
1065 0.15638486134625673
1066 0.08357066586888484
1067 0.07648906320656135
1068 2.1737324305482857
1069 1.2841760483841778
1070 1.6154327435720892
1071 1.2874876873457992
1072 0.3393554306903856
1073 0.2344790758237345
1074 1.3708860721609224
1075 0.08110929211767315
1076 1.1215649438154507
1077 1.7490362632446534
1078 1.6499624821419125
1079 1.5950872500790454
1080 0.36745915931921774
1081 -1.3480114605083593
1082 -1.1523661646603918
1083 -0.8741154033804184
1084 -0.8208056170204534
1085 -0.7895755900888732
1086 -0.7731067271169537
1087 -0.6647436923743603
1088 -0.6571091737270891
1089 -0.6346907339225158
1090 -0.4267409679424924
1091 -0.3589736325201951
1092 -0.2720422209019655
1093 -0.0979036791168969
1094 -0.0600368779319187
1095 -0.015519207303199556
1096 0.016007418405617257
1097 0.07648906320656135
1098 0.08110929211767315
1099 0.15638486134625673
1100 0.18332996002675905
1101 0.1885728689668319
1102 0.2344790758237345
1103 0.25514599141992245
1104 0.2731896009214301
1105 0.3393554306903856
1106 0.3840597878468237
1107 0.39002024592776696
1108 0.4665669798636237
1109 0.4922193244980708
1110 22.30975624939174
