{
	"version": "0.3.14", 
	"suite": "unknown_suite", 
	"function_id": 20, 
	"function_name": "Schwefel", 
	"maximization": false, 
	"algorithm": {"name": "DE", "info": "algorithm_info"},
	"attributes": ["evaluations", "raw_y"],
	"scenarios": [
		{"dimension": 23,
		"path": "data_f20_Schwefel/IOHprofiler_f20_DIM23.dat",
		"runs": [
			{"instance": 0, "evals": 2301, "best": {"evals": 2291, "y": 4949.276321341199, "x": [-0.7557711128527296, 0.5932697609807704, 1.319549645702188, -0.34322894365875767, 1.0620329536273143, -0.4037778633278801, 0.20699883790362522, -0.28412992528053493, 2.532259212672095, 0.21524808354841074, 1.3836265466770605, 0.18997422055705937, -4.109978833654163, 2.0578331425271097, -1.0442225248979469, 1.815908757799125, 1.0011026958934468, 1.483812852432754, -0.13611517949683144, -1.655944012301318, -1.03445037091717, 0.9657560382460173, 1.9277301577927046]}},
			{"instance": 0, "evals": 2301, "best": {"evals": 2261, "y": 4494.916703913794, "x": [-2.3549992824199686, 0.8545276506549899, -2.642990892188078, -0.4461706888040007, -1.4369113414394334, 3.8942152593376855, 0.020727821147978, 3.9257060857784714, -0.9249124085673768, -2.4266090754933147, -0.20210884687432706, -3.7010584881390187, 1.1231554039246525, 0.20650785006134376, -0.27432790279096686, 1.0510834122216846, -0.27212607484942697, 0.9231025214969621, -2.0660955626112694, -1.3974857094110935, -1.025008940777397, 1.1498868957417234, 2.8586714558888424]}},
			{"instance": 0, "evals": 2301, "best": {"evals": 2269, "y": 1044.652356282312, "x": [1.1608196738454941, -1.2522745311319818, 3.2688455925858846, 1.4687644839477851, 0.20496774448063437, -1.48474446980875, -1.6563606577213177, -0.21374646832745325, 2.2735211115406457, 0.9911449498590905, -1.56449556460333, 0.6242879977743889, -3.1269516798622234, -0.767754851466717, -0.7658584814578351, -0.2009195558572583, 0.9709814638136189, 2.639806637851125, -0.9292068226626116, -1.081292269110659, -1.3473713294266902, 1.1083733062639056, 1.5146774271129482]}},
			{"instance": 0, "evals": 2301, "best": {"evals": 2286, "y": 5165.888988605608, "x": [0.23017689769386362, -1.100521380010675, -0.5776403090914917, -1.4175438366396276, -0.4329287790866494, 3.866677180033545, -1.232745922769362, -0.010774967644170408, 0.6326505520965042, 0.27692868999010933, 0.4182042152928118, 0.10333180075475923, -3.5146919265445487, -0.10253452021080434, -3.9687710409893784, -0.28647165659097995, 1.947208857387623, 1.0606736043210496, -0.7138874840699483, -2.856302823043318, -0.2779791823028669, 3.14682256187604, 2.4018011732650066]}},
			{"instance": 0, "evals": 2301, "best": {"evals": 2191, "y": 2965.7307037920323, "x": [-2.1482765584435386, 0.6495484811522071, 2.6608703859917986, -2.2671561229408956, 1.6630804956024394, 0.8375660097776352, -2.703452792077374, 1.1286738953533153, -0.7429831299505643, 0.8036822429112793, -1.1435048194234856, -1.3310601987788164, -1.2546125627136129, 1.6786173579339954, -2.4766183072287267, 1.9412715604456592, -0.4525430457429369, 0.7987107985351343, -0.044815869000599085, -2.698127852488482, -1.0129962969530646, 2.4291116687059606, 2.5581711609683717]}},
			{"instance": 0, "evals": 2301, "best": {"evals": 2177, "y": 2579.6740526070357, "x": [1.9194232498899388, -1.6835215454377077, -1.529144666470427, 1.9565591009245722, -1.1993158529246197, -0.19703685775617208, -0.060751910369524875, 0.5031188888574363, 1.2997592356530467, -2.5199392358872976, 1.4850921038482767, -1.7479372882082127, -2.2400538402756425, 0.6765301933089345, -1.0262638577920034, 2.104744333999691, 1.8653572089454302, 2.8582602882558485, -2.400702645431578, -1.290778346795038, -0.8474773248684218, 2.4744669346006005, 1.6624468005836948]}},
			{"instance": 0, "evals": 2301, "best": {"evals": 2282, "y": 1327.9623226357007, "x": [-1.1947270563167027, -1.893189227420268, 0.6732619013028067, 1.7071926140038403, 1.6177803713205936, 2.4150612783272365, -0.4829638235752426, -1.0687387304161118, -0.6985193373062248, -2.2720056826788264, -2.911101090490126, -1.6565367680391208, -0.4764898716525552, -0.30698871923213367, -2.465521665416346, 1.6617917992178062, 1.13670456513292, 1.2331773004156803, -1.7836805615476767, -1.427855060620367, -0.5067407787854721, 1.974703552145428, 1.100190012611777]}},
			{"instance": 0, "evals": 2301, "best": {"evals": 1782, "y": 4659.74041882922, "x": [-0.22166735068080756, -1.3961631443695406, -1.465611876557685, -1.1595342574378273, 2.755112226707655, 2.7429659006572624, 0.4933764844863844, 2.02893192711138, -0.2160292709187055, -2.438566679212285, 1.3771016232311322, -0.1923532347710888, -2.8613684138694926, 3.164073459339974, -0.16598658782998754, 1.7422640032223766, 0.8897414584076028, 1.584538744049278, -3.1623180015087415, 0.31115342235627885, -1.7469787343511287, 1.630895737028818, 1.2562654433704417]}},
			{"instance": 0, "evals": 2301, "best": {"evals": 2155, "y": 1596.9015334070655, "x": [0.5493838259592407, -0.002476481443369316, 1.8662495404160415, 0.5743554845249703, 1.4522254523766809, -1.0384833531700726, -0.8869522164835646, 2.7094599737171396, -0.9895357078504562, -2.2603395110692897, -0.8059015395733453, -0.5973781218880503, -0.7206950347203582, 0.6440330164371859, -1.3685680166984437, -0.46951346709501385, 2.7578764828246474, 0.8673623074358665, -2.3281100730178226, -0.8064678138192138, -1.40386718955141, 0.993220813350266, 2.9435647894926324]}},
			{"instance": 0, "evals": 2301, "best": {"evals": 1667, "y": 5289.150887254347, "x": [-1.952339351703299, -2.431340714156195, -0.20678461675322213, -3.6168142895762077, 0.5236691818311241, 3.7768296141117705, 0.8654347059651675, 1.7232547107285066, 0.5244431411666746, 0.9726745236568934, 1.3140447735873588, -2.747103481871439, -0.7902010787544604, 1.900198602782924, -1.410762774427938, 3.1688832421287834, -0.32303432768793794, 1.2218297436915269, -0.18817133102972883, -2.0971838742931364, -1.48286590348925, 0.43669724231125584, 1.2386629403226546]}},
			{"instance": 0, "evals": 2301, "best": {"evals": 2199, "y": 1657.1632851450133, "x": [-3.2776700609475977, 0.23820860194930926, -0.4429829699095382, -1.7321940412045962, 0.2689180029526179, 2.263487191692559, 0.6654755446430238, 3.8904248804589745, -1.7166152208197445, -1.0132175278686324, -2.3696378262839253, -2.761242445677017, -0.3054768033573425, 2.6596670902958044, -2.268894166710708, 2.7015333242345267, 1.8582208075751572, 0.2686661221537814, -1.0342864698353988, -2.5488167989011106, -1.3494321187749332, 2.229522564117331, 1.689992386212726]}},
			{"instance": 0, "evals": 2301, "best": {"evals": 2297, "y": 3335.9381834513115, "x": [1.5611910419882955, -0.6750736790934067, 3.041226015355799, 2.917649233713137, -1.3273944413786278, 1.1508973409216154, -1.4092986650608266, 2.299905377790176, -1.5569163912547914, -2.6951308875844755, -1.9994773848236096, -0.5147782836407082, -0.5611055378271348, 3.432567022041596, -0.6831353655749779, 2.0942589874668283, -0.5445273425708809, 2.033848190722055, -0.8031385391479118, -0.45866224383455134, -1.3492437246523832, 0.6162833335561453, 1.8302303028185618]}},
			{"instance": 0, "evals": 2301, "best": {"evals": 2287, "y": 7246.816833500788, "x": [1.5257855476403395, 2.199438761969027, -3.0346920012044833, -1.9949896042894375, 0.9304275125333783, 0.6819855421948042, -1.6040313105786552, 1.886069122569781, 0.3007605321991129, -0.39156844931570944, -3.265033053235211, 1.2822346229607406, -3.820242863865579, 1.7860909673098404, 1.269372304899112, 2.6165912758708316, -0.7141673680440284, 3.607069348727658, -2.4673215683956053, -1.4836324378437973, -1.1665098759522692, 2.5115085794976895, 1.9159934004425694]}},
			{"instance": 0, "evals": 2301, "best": {"evals": 2268, "y": 3359.509378079778,