{
	"version": "0.3.14", 
	"suite": "unknown_suite", 
	"function_id": 3, 
	"function_name": "Rastrigin", 
	"maximization": false, 
	"algorithm": {"name": "DE", "info": "algorithm_info"},
	"attributes": ["evaluations", "raw_y"],
	"scenarios": [
		{"dimension": 23,
		"path": "data_f3_Rastrigin/IOHprofiler_f3_DIM23.dat",
		"runs": [
			{"instance": 0, "evals": 2301, "best": {"evals": 1983, "y": 331.66658661323163, "x": [3.2305532595850344, 1.973105510159452, 3.860388077320703, 4.0498992539016605, -2.8440063914990974, 0.3247978469481372, -3.7932686711211367, -1.463454643005742, -4.396093016486764, 3.3083823801528984, 2.0457927305933366, 1.6225728442853762, 2.3372873137817463, -2.5157284242221682, -3.3255778094701656, 1.2538429935564195, -2.0021338645779267, 3.422063498028753, -2.2430967441849647, -4.438343068781023, 2.293937511296477, -3.6311724748965886, -2.0987134968261953]}},
			{"instance": 0, "evals": 2301, "best": {"evals": 1980, "y": 333.5640886588048, "x": [3.013560251327813, 1.6783265996479653, 3.5128652229770942, -4.949797065361291, -3.611175867163227, 3.881446032704852, -3.759798577590561, 1.0773260278671342, -2.696750717773816, 4.3743586111269295, 1.9770476744133487, 0.8189861607677551, 4.164371277170415, -4.020444712941893, -2.281328438572077, 2.708998820792603, -3.9660076793402763, 2.345951654142231, -4.766390574162745, -3.3209212285083263, 0.4539368301162927, -4.44183336034517, -2.6098501198568402]}},
			{"instance": 0, "evals": 2301, "best": {"evals": 2288, "y": 384.7213437796638, "x": [-1.193841046402401, -3.3941451871736223, 2.5686072811601637, 0.6119454708559391, -4.892344188188328, 3.697238705020543, 1.1508503557515717, -0.5730252060632799, -4.074060209912028, 1.9929722471664681, 0.18404597465243855, 3.9497474383326554, 2.399706080369012, -4.483963832271361, -4.871230639651824, 2.6353904864149187, -2.2935324355964504, 0.9823295111824109, -2.0796374830379474, -2.9465321509318683, 1.5969588668499668, -3.728643012367375, -3.5448662583480193]}},
			{"instance": 0, "evals": 2301, "best": {"evals": 1980, "y": 302.9472387427428, "x": [1.3972840412886973, -1.4345104284081946, 2.1854294583576923, -0.9020448609996157, -3.430188773739669, 1.2867115402993539, -2.0966853326465125, -3.782070690713869, -4.321048056187284, 1.633794184880565, 2.8094305387400977, 2.624329561057262, 0.24002865434477227, -3.8981505415118383, -1.3535746149027807, 0.7102241338727451, -1.4224872513219513, 0.509237260850048, -3.3840738117088853, -3.1804700261589653, 1.2769137672810709, -4.552350893049988, -2.923476039615171]}},
			{"instance": 0, "evals": 2301, "best": {"evals": 2088, "y": 461.09231399241435, "x": [-2.983641506145884, -3.3048348027281973, 2.481648449121728, 3.419776170573588, -0.2734275046999557, 3.138556816251945, -1.0345537275793637, 1.351113168328904, -1.7150770865142613, 1.614167355567055, 4.077657346929155, -0.5983568694708323, 2.777166679470782, -1.675967986937636, -0.2822869657750686, 2.144122000087127, -2.8571288805029855, 3.4190083121306727, -3.9902433920161062, -2.4064877361354755, 1.5653196991959168, -3.175811992437798, -3.993975224487971]}},
			{"instance": 0, "evals": 2301, "best": {"evals": 2091, "y": 370.0302950414326, "x": [0.37384924568832556, -0.7506235419564029, 3.097151915964275, 1.8961962070171496, -1.8645592460386915, 3.379632981744515, -4.716312054251056, -1.5934384176409355, -1.9416471740025503, 4.02271868376396, 3.9892490341469307, -0.875859672731516, -0.15307035407129388, -3.06488522670786, -4.252506297401492, 0.21705979313256796, -4.046265592618926, 1.9421559936360995, -4.24328110732854, -1.519152246747808, 2.2089024115536127, -4.854264417221833, -3.5169685680024676]}},
			{"instance": 0, "evals": 2301, "best": {"evals": 2283, "y": 312.03957145902046, "x": [4.0126829017056185, -2.3634814970757234, 3.5986833896944477, 0.49211932688585147, 0.1295046927767327, 2.739838731526838, -2.2691770963436872, -2.2128466154379964, -0.9256130289941327, 3.9191165233206116, 2.8139380810937262, 3.8926234447661603, 3.061875828289773, -3.147268082453742, -1.0407248289175646, 0.5278401692316841, -2.6348738029338223, -0.6466010333052363, -3.5188440538368084, -3.150340980581496, 1.34259478610738, -3.448487632265927, -2.4126929473552448]}},
			{"instance": 0, "evals": 2301, "best": {"evals": 2261, "y": 453.5419382871364, "x": [4.998360674994419, -1.6046563335124304, 0.060888468451250954, -1.5741137507302136, -1.5045169484911547, 3.079692561121348, -4.220025194885892, -3.2890072860895234, 0.11311148926296433, 0.8153136368195681, 0.40684408475402645, 2.4685285064232154, -0.5916203725895861, -1.6956271872059825, -4.154994064682619, 2.526921898560291, -4.423912027056939, -0.48977044501314193, -3.3295312904124543, -2.517534063485358, 1.015058707497889, -3.2751964419941606, -3.2943503718322886]}},
			{"instance": 0, "evals": 2301, "best": {"evals": 2191, "y": 388.1333835924512, "x": [3.375072084407731, 0.9166241309002636, -1.0427102025749733, -1.9964964697520062, -3.4295990025681125, 0.3084287176633186, -3.967025599571944, -4.365236143800008, 0.4172421435633513, 4.099907087993152, 4.983404488727492, 3.309148401912595, 2.1434766308834563, -1.509797166408247, -2.482598755124603, 2.6374442671820963, -2.7630568947278245, 0.34677258056940996, -2.528069746812881, -2.539680291953502, 1.9821746024219669, -2.120414200472748, -2.8307842246050177]}},
			{"instance": 0, "evals": 2301, "best": {"evals": 2163, "y": 387.0268068764751, "x": [1.3105923482776891, 0.5473834063418789, 2.336783270657024, 4.486928557523669, 0.7350846544721343, 4.829928124607035, 0.044266331522541336, -2.38361839967195, -1.039925481207593, 3.3059692754847743, 0.23621434527138474, 0.33208198253762755, 0.3216694026424566, -1.4760853967953638, -3.4822562859932393, 0.9573719477949496, -1.4711260579563001, 1.417863749497442, -3.911506175126587, -4.322317054601697, 2.0025169410182455, -3.741765567618403, -3.25250885140263]}},
			{"instance": 0, "evals": 2301, "best": {"evals": 2291, "y": 383.53268199898514, "x": [2.431463820337221, 1.4918719771289868, -0.9997746037010904, 2.141339566895311, -4.293348880949049, 0.6885822300391595, -0.4151066053663075, 0.6968417487954364, -2.4026211038328578, 3.200362224699841, 2.969982851670528, 4.941675483744407, -0.16087677057344152, -1.4561209021458097, -3.3179580268825473, 2.055298777611771, -1.7792723025912003, 2.9872498013549698, -4.749960875639112, -3.042084749590342, 1.8729385651461472, -4.3539736025409495, -1.656419947830403]}},
			{"instance": 0, "evals": 2301, "best": {"evals": 2288, "y": 339.0271015366873, "x": [2.3920393998659213, -1.1930642218625902, 3.4552498569608447, -1.068141077565814, -3.6630806335388, 3.361290181594578, -2.472594670125118, 1.1363889735965054, -1.2354042696372944, 2.783524255062958, 3.378062922020087, 3.2228238312648423, 0.33908239718720523, -3.388346669532894, -2.7509584439974906, 0.9391398622323477, -3.364738843101219, 0.7857167049440758, -3.4681553721670055, -1.4326397887849605, 0.7484729331933451, -2.70315471861099, -2.239567028073945]}},
			{"instance": 0, "evals": 2301, "best": {"evals": 2080, "y": 448.79110656993043, "x": [0.8695860636185029, 3.066951699315849, -0.5817400624983586, -2.621274754831324, -4.499178645104367, 3.356495062070376, -0.46423874646214913, -3.8310028878047695, -0.5777681806716253, 1.2786857931785658, 1.0223995713449283, 3.933972355719238, 4.110448583594991, -3.2364284058065973, -1.6353831139173807, 1.0759184701856082, -3.2751170232676072, 1.5258035102665943, -1.7907749051840414, -3.1080192622898712, 3.5673706622930355, -4.341893687192091, -3.2911429296427235]}},
			{"instance": 0, "evals": 2301, "best": {"evals": 2056, "y": 380.78862009143575,