neval,strf
1344,"sub(add(div(sub(1.0686808226656992, 5.043220782279738), mul(x, x)), sqrt(sub(4.852820708841654, sub(reciprocal(4.852820708841654), x)))), div(mul(sum_vec(x), sub(mul(sum_vec(x), sub(9.233098180677409, sub(reciprocal(div(mul(sum_vec(x), sub(5.043220782279738, 9.233098180677409)), 4.852820708841654)), 5.043220782279738))), sub(sub(reciprocal(4.852820708841654), sub(9.233098180677409, sub(reciprocal(roundoff(exp(x))), 5.043220782279738))), 5.043220782279738))), 4.852820708841654))"
