instance_id,dim,n_samples,y_min,y_max,y_mean,y_std,ela_meta.ela_meta.lin_simple.adj_r2,ela_meta.ela_meta.lin_simple.intercept,ela_meta.ela_meta.lin_simple.coef.min,ela_meta.ela_meta.lin_simple.coef.max,ela_meta.ela_meta.lin_simple.coef.max_by_min,ela_meta.ela_meta.lin_w_interact.adj_r2,ela_meta.ela_meta.quad_simple.adj_r2,ela_meta.ela_meta.quad_simple.cond,ela_meta.ela_meta.quad_w_interact.adj_r2,ela_meta.ela_meta.costs_runtime,ela_distribution.ela_distr.skewness,ela_distribution.ela_distr.kurtosis,ela_distribution.ela_distr.number_of_peaks,ela_distribution.ela_distr.costs_runtime,ela_level.ela_level.mmce_lda_10,ela_level.ela_level.mmce_qda_10,ela_level.ela_level.lda_qda_10,ela_level.ela_level.mmce_lda_25,ela_level.ela_level.mmce_qda_25,ela_level.ela_level.lda_qda_25,ela_level.ela_level.mmce_lda_50,ela_level.ela_level.mmce_qda_50,ela_level.ela_level.lda_qda_50,ela_level.ela_level.costs_runtime,pca.pca.expl_var.cov_x,pca.pca.expl_var.cor_x,pca.pca.expl_var.cov_init,pca.pca.expl_var.cor_init,pca.pca.expl_var_PC1.cov_x,pca.pca.expl_var_PC1.cor_x,pca.pca.expl_var_PC1.cov_init,pca.pca.expl_var_PC1.cor_init,pca.pca.costs_runtime,limo.limo.avg_length,limo.limo.avg_length_norm,limo.limo.length_mean,limo.limo.length_sd,limo.limo.cor,limo.limo.cor_norm,limo.limo.ratio_mean,limo.limo.ratio_sd,limo.limo.sd_ratio_reg,limo.limo.sd_ratio_norm,limo.limo.sd_mean_reg,limo.limo.sd_mean_norm,limo.limo.costs_runtime,nbc.nbc.nn_nb.sd_ratio,nbc.nbc.nn_nb.mean_ratio,nbc.nbc.nn_nb.cor,nbc.nbc.dist_ratio.coeff_var,nbc.nbc.nb_fitness.cor,nbc.nbc.costs_runtime,dispersion.disp.ratio_mean_02,dispersion.disp.ratio_mean_05,dispersion.disp.ratio_mean_10,dispersion.disp.ratio_mean_25,dispersion.disp.ratio_median_02,dispersion.disp.ratio_median_05,dispersion.disp.ratio_median_10,dispersion.disp.ratio_median_25,dispersion.disp.diff_mean_02,dispersion.disp.diff_mean_05,dispersion.disp.diff_mean_10,dispersion.disp.diff_mean_25,dispersion.disp.diff_median_02,dispersion.disp.diff_median_05,dispersion.disp.diff_median_10,dispersion.disp.diff_median_25,dispersion.disp.costs_runtime,information_content.ic.h_max,information_content.ic.eps_s,information_content.ic.eps_max,information_content.ic.eps_ratio,information_content.ic.m0,information_content.ic.costs_runtime
1,5,1000,0.018122474833062355,32.354256085561396,15.96174805561743,5.855689219428559,0.37146303258535074,2.732303614937336,0.005240488202932339,0.08700649810890741,16.602746679254526,0.5057809565913747,0.41650292231927977,24.788567134881223,0.5858924983553111,0.050342,-3.162619524638281,13.335988191271852,2,0.043695,0.094,0.07000000000000002,1.3428571428571425,0.174,0.147,1.183673469387755,0.252,0.195,1.2923076923076924,0.291918,1.0,1.0,0.8333333333333334,0.8333333333333334,0.2014976773291282,0.20145514140884857,0.2013193645108256,0.26836377006359563,0.016711,0.07719585802190078,,0.30820319176001687,0.5119917760926429,0.048211294921042216,,,,1.6132552665413065,,0.2595423331601758,,0.977373,0.7180693914268018,0.8736641404430795,0.5035693369510014,0.16567132826575706,-0.38868871292548685,0.187898,0.5188910087744242,0.6204325092409296,0.733423417684429,0.8283372440834323,0.5173164558950442,0.5953705765106606,0.718849934332249,0.8183532595341607,-4.2302264983327404,-3.337406879934715,-2.343916540561131,-1.5093717891350158,-4.268640935336872,-3.578364628011397,-2.486367505043953,-1.6064038676951302,0.054164,0.8637734628103981,0.025025025025024978,0.04827070965603183,-1.0960960960960962,0.6192384769539078,2.116244
2,5,1000,2.85616468039506,259.7563431736942,66.37840261780701,50.26904194027423,0.44498675614968786,3.8212594430215776,0.013814543939020665,0.15124342605644725,10.94813022594571,0.5686979336254316,0.6654351396113511,4.016443281600207,0.8310054135728235,0.031086,-0.5257442823686176,0.18843008355492952,4,0.033028,0.10400000000000001,0.06699999999999999,1.5522388059701495,0.18,0.12200000000000003,1.4754098360655734,0.25199999999999995,0.137,1.8394160583941601,0.222214,1.0,1.0,0.8333333333333334,0.8333333333333334,0.20208447209108168,0.20217014535437508,0.20603821156502988,0.27867516968367645,0.01227,0.13796401390232016,,0.5217794214643869,0.6807734566453134,-0.07451266474333706,,,,2.1208789484586883,,0.36060325171473784,,0.870633,0.6526802434661206,0.8853322289416674,0.5136914847626772,0.1530165818794855,-0.4444644920481433,0.193248,0.712025667909356,0.6938699786337039,0.7180803775402765,0.8017692192176967,0.7050403603227992,0.675243223473381,0.7014114898853485,0.7913356108225794,-2.531539755213471,-2.6911437339810957,-2.478313698482399,-1.7426174708496225,-2.6055625121519306,-2.868779211322269,-2.637618588649805,-1.8432627279338005,0.053496,0.8169799536188423,-0.09509509509509509,0.08789090653419955,-0.7557557557557554,0.5100200400801603,1.400471
3,5,1000,0.7474952088028501,12.289208628983964,4.978260905979854,2.000795600408135,0.5147476160658313,1.573254595356433,0.005520188058717292,0.06336641805206356,11.47903248549612,0.5281073454136602,0.8983329854961296,2.158345083712326,0.9778876939365614,0.026357,-0.6403976080122109,0.30696911323241105,1,0.033142,0.099,0.069,1.434782608695652,0.20400000000000001,0.133,1.5338345864661656,0.22400000000000003,0.146,1.5342465753424661,0.219015,1.0,1.0,0.8333333333333334,0.8333333333333334,0.20205400255594386,0.2019935784381366,0.20185162692733963,0.2866079034033864,0.013903,0.06214735082824225,,0.22254973102557,0.3202416128674987,0.044328465153138284,,,,1.6957698886542871,,0.16980006080277948,,0.868079,0.9180134558143876,0.8974916662942575,0.5922792050836063,0.15547005683103673,-0.4468578870222232,0.238657,0.45633304207635417,0.531699301758189,0.6159463616043374,0.7394410542678758,0.4693075929184239,0.5335790473748425,0.6171039864594545,0.7387180339715258,-4.7823052359279385,-4.119354410913183,-3.378284626292663,-2.2919774547299294,-4.694698464844586,-4.126129752453915,-3.387237697349593,-2.3113955060165354,0.04904,0.7994495331876889,-0.5555555555555552,0.04203621683844714,-1.1361361361361362,0.4819639278557114,1.14572
4,5,1000,0.49558972585658584,142.25962668234789,45.61120851019659,29.15015423626486,0.7588995014330149,3.594999357813025,0.0013273814876633115,0.18740788536397215,141.18615266654066,0.8144697424146352,0.8736067597426013,3.1281795641728865,0.9739250608367828,0.02837,-0.6752792597809141,0.3161674178679106,2,0.021822,0.08399999999999999,0.05,1.6799999999999997,0.132,0.089,1.4831460674157304,0.10900000000000001,0.091,1.197802197802198,0.22936,1.0,1.0,0.8333333333333334,0.8333333333333334,0.20255180223838434,0.2025148395849516,0.20707883488216638,0.31142527573438133,0.015279,0.08919505115385379,,0.3925381807328602,1.2526345505260736,-0.17918312465629657,,,,3.6999282596235563,,0.5536852903490629,,0.859208,0.9166915892644909,0.9134627453606774,0.6693629312527587,0.13028293047305906,-0.37251866839265124,0.179236,0.46914187914199534,0.5837122484929899,0.6638065636785347,0.7829511354856443,0.45378901577884023,0.5770502334762725,0.6555828085847527,0.7761158040691876,-4.666383833171884,-3.659279866417241,-2.955229569688764,-1.9079171488251934,-4.81987067130842,-3.732190003485994,-3.0392034718302536,-1.9755971610037566,0.053982,0.821758141434271,-0.3953953953953952,0.0607832312829723,-0.9959959959959955,0.49298597194388777,0.884148
5,5,1000,1.7396498508742564,61.018906907568756,20.38420062544173,11.715179067951782,0.4646068079570169,2.767588116275393,0.002198338352351642,0.11845149853978192,53.88228723438777,0.5935210918950173,0.6664835585414193,8.228886793249945,0.8361154970651011,0.021212,-0.7683838636217453,0.5641084087806276,1,0.026458,0.097,0.06900000000000002,1.405797101449275,0.18,0.11299999999999999,1.592920353982301,0.229,0.135,1.6962962962962962,0.2301,1.0,1.0,0.8333333333333334,0.8333333333333334,0.20236342199614907,0.20237189700446656,0.2049169928509342,0.28162676581113416,0.020448,0.09184449015813968,,0.3739755758661329,0.5157125931486591,-0.13219563564221573,,,,1.8879521764682845,,0.27581709195902904,,0.869052,0.6665021561809216,0.875389499026358,0.5063661888834572,0.1694009145675943,-0.44498997338485097,0.190427,0.6952604800467307,0.6986606655086249,0.7403348658453158,0.8055040021828478,0.6644935140789416,0.6824905376647491,0.7222419117093397,0.794418754362711,-2.6799019204408365,-2.6500004375265664,-2.283514431601702,-1.7104122174510596,-2.9631130136070105,-2.804167607091544,-2.453092982060298,-1.8156443760813623,0.051511,0.8161997657951324,-0.1551551551551551,0.08015006961565405,-0.8958958958958956,0.5070140280561122,0.908911
6,5,1000,9.622662988859103,262.87662285427814,95.17867121241362,43.499783348443785,0.6110981563352851,4.300577486652662,0.0008050682715643048,0.12478749948556041,155.00238165278756,0.6177855783784152,0.6587573429527445,1.896392132635237,0.7353462775613138,0.030141,-1.4367514681977538,3.994612352768394,3,0.040351,0.119,0.06000000000000001,1.983333333333333,0.131,0.11200000000000002,1.169642857142857,0.091,0.087,1.0459770114942528,0.315088,1.0,1.0,0.8333333333333334,0.8333333333333334,0.20362200750676906,0.203675848220555,0.20303083675468941,0.29590875004694833,0.023986,0.11034635824668756,,0.4233274602576334,1.1296380103368358,0.3538607648829374,,,,2.4639139325167,,0.5184231856871588,,0.916679,0.7012831860807806,0.8829281692185651,0.4929200108523203,0.15561210959672933,-0.4368163956191545,0.182606,0.7479250120740685,0.7495568561118561,0.7604812006721829,0.8299729202584022,0.7476319654880029,0.739208290515368,0.750334263174699,0.8224581179854134,-2.216790660055765,-2.2024399438208873,-2.106369384866108,-1.4952472890268727,-2.228609352622799,-2.3029970652496,-2.204745926694919,-1.5678352431006939,0.054779,0.8121241872172564,-0.09509509509509509,0.0607832312829723,-1.0160160160160159,0.5350701402805611,1.105917
7,5,1000,0.9406919192541224,76.37631125103145,26.46931097502589,13.936222910826709,0.6199804891346294,3.116524437442937,0.044753928446603516,0.12250360217154749,2.7372703676216514,0.646660672401819,0.7936283221277978,7.068143325374323,0.8618925967437708,0.021551,-0.8675447859826806,1.2585696750018887,3,0.020938,0.10700000000000001,0.06200000000000001,1.725806451612903,0.147,0.10800000000000001,1.361111111111111,0.188,0.133,1.413533834586466,0.232387,1.0,1.0,0.8333333333333334,0.8333333333333334,0.20311511010489658,0.20308845352258023,0.2054563359899777,0.29896239951553716,0.014202,0.09464246829403158,,0.36468659772654294,0.9756676008596268,-0.146426534286881,,,,1.8712453834719278,,0.45501410331340253,,0.811233,0.7754774549062744,0.8881559757954895,0.5681352644448463,0.1572124428502022,-0.41169912534123226,0.163076,0.6559655788297434,0.6779094590198601,0.7269314154488636,0.8010550920256477,0.6430649704968914,0.6573476440309745,0.7166316427153507,0.7952490871425315,-3.0244830965639684,-2.8315695663355847,-2.4006066467658522,-1.7489689237174586,-3.1504818157332757,-3.024416006748866,-2.5011466597220666,-1.8072309367064383,0.044723,0.8140115926001563,-0.2552552552552551,0.0505479682119124,-1.056056056056056,0.5450901803607214,1.144327
8,5,1000,2.5973047745247464,88.2204234285958,28.707534295815883,17.561390587934323,0.43829528584880195,3.063013852909545,0.007724691117483647,0.14252427187183406,18.45048167029648,0.47011984225969417,0.7324071973131232,3.0581777273684754,0.8432731259560204,0.019599,-0.5038966278089959,-0.05151009266540907,2,0.019358,0.10300000000000001,0.08199999999999999,1.25609756097561,0.24500000000000002,0.15599999999999997,1.570512820512821,0.229,0.18699999999999997,1.2245989304812837,0.204494,1.0,1.0,0.8333333333333334,0.8333333333333334,0.20192698491552502,0.20194872039337458,0.2029536436013118,0.27705175667913456,0.018761,0.1310000136711063,,0.4853516513634602,0.59682567432593,0.01583272827295925,,,,1.854157041891306,,0.32986339042797436,,0.851211,0.7999279136243527,0.89652827339897,0.5183008466650324,0.15162246466327714,-0.49646254766262826,0.182167,0.5853394668626312,0.7017392518825835,0.7237336293060055,0.7902690532385844,0.5509538451970654,0.6857073321391994,0.714094717101788,0.782312758808362,-3.6468879273082555,-2.6231662639062723,-2.429728444089534,-1.844557648011686,-3.966701625496702,-2.776340968852641,-2.525577690133291,-1.9229656556433774,0.054486,0.8235023532223646,-0.19519519519519515,0.09637934799615785,-0.8558558558558554,0.5400801603206413,1.181934
9,5,1000,0.4973192882920519,36.21653825636341,6.943617744545415,4.659801819322172,0.43382108062854796,1.8471786332980709,0.02594122860733952,0.07353661413732411,2.834739065385611,0.5110802001106844,0.7812180551768309,5.636590225722685,0.9023772319826827,0.026895,0.09460688620140288,0.06779387795940206,1,0.015329,0.101,0.08099999999999999,1.2469135802469138,0.22999999999999998,0.13599999999999998,1.6911764705882353,0.244,0.16599999999999998,1.4698795180722892,0.221883,1.0,1.0,0.8333333333333334,0.8333333333333334,0.20171336459278907,0.20165099437579842,0.20277024222632337,0.27733602696246146,0.015624,1.0481696057003336,,1.448247945800244,16.676518361482316,-0.21492913280566334,,,,15.298490938520583,,6.193561470885722,,0.852087,0.7969807018558989,0.8943113367322131,0.540057471399981,0.1526821288769842,-0.43883771875801875,0.176068,0.5585623461699201,0.6186326650263333,0.685671339534313,0.7872922164876932,0.5428877953926385,0.5949750001871833,0.6703501350947328,0.7745077097331649,-3.8808703269309284,-3.352766038688971,-2.7633999064673995,-1.8700065981637142,-4.0411677089730365,-3.5806831103454764,-2.9143181387308683,-1.993497773334302,0.052735,0.8139993800113132,-0.3953953953953952,0.06365079081295572,-0.9759759759759755,0.503006012024048,1.31162
10,5,1000,1.6119856599384297,199.2814370608951,49.06150276513814,29.74372403502839,0.7319605203692364,3.638462001210331,0.026673906214068066,0.13971801704899645,5.2380036102589225,0.8275568194417566,0.8222646730576118,2.0127210607440884,0.9473904471936068,0.033306,-1.0487666059153762,1.1548443434686142,2,0.020841,0.067,0.040999999999999995,1.634146341463415,0.135,0.08099999999999999,1.666666666666667,0.13200000000000003,0.10200000000000002,1.2941176470588236,0.220557,1.0,1.0,0.8333333333333334,0.8333333333333334,0.20146784360916167,0.20150035810056086,0.20864004997086547,0.30977869408106795,0.014211,0.13222902345775328,,0.29084070963632813,0.22602251168981216,-0.041550903774954226,,,,1.6308625269639745,,0.15188205182239534,,0.831047,0.9177533042379951,0.9048252282556603,0.6247723782606555,0.14323607007179562,-0.36049012838002087,0.178278,0.5096728298070189,0.5722384375427322,0.652885787596574,0.7753140887944271,0.4884927784535697,0.5508436808068774,0.6386443048275718,0.7671308727713714,-4.313274388382549,-3.762901800761451,-3.053469057433663,-1.9765006818854562,-4.522530237612613,-3.9712499636357395,-3.194954028234555,-2.0589302065256074,0.052787,0.8093983045424494,-0.3153153153153152,0.0697981390783066,-0.9559559559559555,0.4909819639278557,1.383513
11,5,1000,0.36352887210352386,19.022849709563314,5.046885704416086,3.0352172325371742,0.658018802352578,1.5952477249857173,0.015221413686161426,0.10828101396035604,7.1137291314012385,0.7284242473232817,0.855935956929117,3.9154171584099973,0.9684023881476068,0.03142,-0.2229504543773591,-0.34128959214067045,1,0.024642,0.10700000000000001,0.06200000000000001,1.725806451612903,0.16299999999999998,0.11000000000000001,1.4818181818181815,0.173,0.12200000000000004,1.4180327868852454,0.215025,1.0,1.0,0.8333333333333334,0.8333333333333334,0.20136354585901833,0.20132089879493628,0.2042926230558593,0.3028116900567734,0.012066,0.10231025476319994,,0.2768067942597323,0.4880494535618273,-0.07784654537677156,,,,2.107608753849577,,0.23931873994620667,,0.846745,0.8641893308811864,0.8919702234838105,0.590486877769502,0.15280463394628935,-0.3912516227197168,0.175091,0.4606267074665949,0.5687268253909304,0.6662291074194667,0.7787173937398577,0.44861463469932034,0.5573569799394472,0.6507902623284336,0.7706512477293748,-4.744729346747533,-3.7938001683794775,-2.936097450577596,-1.946566673547803,-4.8712288633872225,-3.9105416849793135,-3.0851028347369844,-2.026187730305976,0.056415,0.8281266352951229,-0.5155155155155153,0.05804485942768978,-1.1161161161161162,0.5100200400801603,1.233665
12,5,1000,0.9420398842176515,83.79480159593021,21.805293398454502,13.745746409380224,0.7736551849639405,2.840407230142189,0.06373078834239611,0.12753044217961915,2.0010805686955724,0.850615431422368,0.8681246709255435,1.8286328285948807,0.9687423217964969,0.036694,-0.7601119545644159,0.11309877712906768,1,0.017722,0.05700000000000001,0.036,1.5833333333333337,0.126,0.08199999999999999,1.5365853658536588,0.15,0.11400000000000002,1.3157894736842102,0.243795,1.0,1.0,0.8333333333333334,0.8333333333333334,0.20168063134180256,0.2017869056974108,0.20938288249571832,0.31427317937942306,0.018209,0.16991970918192056,,0.3523304037717688,0.9954491890251497,-0.10372183682769134,,,,3.6184082362507053,,0.4251412522747686,,0.867229,0.9032136025951237,0.9014994079432467,0.6033003433457796,0.14485955320423427,-0.36395110089931854,0.177506,0.49980055667973083,0.5731106031168837,0.64488597436782,0.7680040670437658,0.5012467535799343,0.5662610091569585,0.6392234886875072,0.7624918282181573,-4.39818634869159,-3.7535809822370245,-3.122469808036829,-2.039908998112897,-4.407409873569922,-3.8328883561467793,-3.188129540056302,-2.0988251582891753,0.053725,0.8193038913540795,-0.3753753753753752,0.05804485942768978,-0.9759759759759755,0.5110220440881763,1.36324
13,5,1000,2.745975877381615,28.56959540346742,13.104523868482207,5.1369007326598615,0.43623650818464554,2.3069685851142645,0.01842055900445252,0.0772375761974279,4.193009353231812,0.5703809919034103,0.6873800954613293,1.7024882959720173,0.8660579853936237,0.033347,-0.9399019118601829,1.224084077385145,1,0.033224,0.101,0.06300000000000001,1.6031746031746028,0.186,0.129,1.441860465116279,0.242,0.15299999999999997,1.5816993464052291,0.246206,1.0,1.0,0.8333333333333334,0.8333333333333334,0.20177731595591175,0.20171526822199418,0.20275873051684856,0.2775958522207157,0.012162,0.1279738682272511,,0.3978235189113948,1.9816063286500216,0.21415311862885594,,,,3.1106934514962172,,0.83632024419881,,0.838116,0.7846051234248329,0.8904223564336968,0.5435213022880185,0.1532797757323502,-0.4524028631644018,0.177769,0.48758744231321094,0.5725319156218002,0.6530991501901818,0.7815358588765193,0.4854150044757272,0.5647484060026352,0.6435240309115787,0.7749800193675134,-4.5052489874961665,-3.758397653300648,-3.050032008236899,-1.9207869437157559,-4.543393899794237,-3.8429403388036922,-3.147411520869298,-1.9867551837492954,0.050108,0.8113006246201411,-0.33533533533533516,0.05804485942768978,-1.0160160160160159,0.5260521042084169,1.330125
14,5,1000,1.9200362472741734,79.49555350771482,34.149346753986045,15.112304355214851,0.716658622763487,3.3781584360933605,0.011723254005056638,0.14716389276125882,12.553160811646837,0.7608920364239791,0.7981670011258895,2.2363552368938326,0.8879682702336275,0.029286,-1.1526780966844135,3.2582895289955083,3,0.017679,0.078,0.059,1.3220338983050848,0.12000000000000002,0.088,1.363636363636364,0.10700000000000001,0.10500000000000001,1.019047619047619,0.225583,1.0,1.0,0.8333333333333334,0.8333333333333334,0.20225240323039476,0.20223040050723537,0.20405302269925532,0.3077314642232893,0.015601,0.09765130488984071,,0.2736917668020718,0.44541201486152704,0.05750477159730778,,,,1.3692861548246726,,0.22783278604159532,,0.85124,0.7627920600979734,0.8930011281053776,0.5710999530960972,0.14614077829479258,-0.40102975432454374,0.17611,0.581365639282927,0.6064139316534951,0.6679544556244152,0.8003281898287894,0.5743786396809645,0.5975710496687693,0.6627807268194966,0.7946163810948186,-3.6809684135475482,-3.4607237760279856,-2.919610226480584,-1.7556743910297792,-3.7589465151647605,-3.5541188518243114,-2.9782086378796695,-1.8138799189421952,0.055235,0.8337729303768169,-0.3953953953953952,0.04203621683844714,-1.1161161161161162,0.5110220440881763,1.119327
15,5,1000,2.9704521638283476,1154.6110186592314,170.44627252923115,213.98516036726156,0.7261821630193818,4.082293971334016,0.052554513774505394,0.43167638263847646,8.213878345267577,0.7597099540862711,0.8560201708746237,2.944044067442977,0.9424539724283574,0.05271,-0.25607400253861967,-1.1026537692333405,2,0.028288,0.097,0.053000000000000005,1.8301886792452828,0.148,0.093,1.5913978494623655,0.154,0.11700000000000002,1.316239316239316,0.224141,1.0,1.0,0.8333333333333334,0.8333333333333334,0.20195214760671423,0.20199153799096442,0.236541389826023,0.3084121763891943,0.011677,0.3255869780116614,,0.9882704039183571,3.237645004081113,-0.1603671526734401,,,,1.9178079639019319,,1.456589074941337,,0.857847,0.9361882196093632,0.9095030841355768,0.6293946157255905,0.13984038616892197,-0.3738704160573719,0.173665,0.4826817295276611,0.5639399867374018,0.6630482497751862,0.7740781941999505,0.4632747402673564,0.5593182201308321,0.6524724443480924,0.7682417563054342,-4.54965666124936,-3.835015032879541,-2.963388038721755,-1.9869134870129042,-4.7461395362746455,-3.89684886341065,-3.073107221832676,-2.0493854971615626,0.048476,0.8225040613022236,0.025025025025024978,0.15282140360258709,-0.6356356356356354,0.49799599198396793,1.412509
16,5,1000,0.33741132574669314,41.05479685845481,10.51889624028177,8.562274101418234,0.5003678260157229,2.073920074111439,0.03970770434888709,0.1378458585955615,3.4715141773091447,0.546195675103367,0.801127092835201,15.084746858804577,0.9110777507043978,0.035261,-0.20226883003275348,-1.0728425332439089,2,0.020687,0.099,0.06500000000000002,1.5230769230769228,0.189,0.12000000000000002,1.5749999999999997,0.242,0.16499999999999998,1.4666666666666668,0.219381,1.0,1.0,0.8333333333333334,0.8333333333333334,0.20213950604081787,0.20216871197893177,0.20638765552935376,0.28514796089597755,0.014929,0.16629551182061442,,0.5304617525523005,0.7646248266675996,-0.010822150254972396,,,,1.852191901702138,,0.3983444944761027,,0.846038,0.8116909599473994,0.8991676400914104,0.5888906370151342,0.14211404930338076,-0.4429717144922008,0.177665,0.4903953641290337,0.600148602933319,0.6779996326167713,0.7696362123559225,0.4715614589156581,0.5905236294490868,0.6657071952575594,0.7651828094342216,-4.481085837766478,-3.5159971210707885,-2.8314328098105044,-2.0256485786905145,-4.669247614519232,-3.618105830194711,-2.9537888699254733,-2.074828994583826,0.051252,0.8243280232411544,-0.17517517517517506,0.08789090653419955,-0.8358358358358354,0.5220440881763527,1.176589
17,5,1000,0.766904275815459,15.310299448954437,4.123357047784366,2.1607201023541225,0.6711620470035693,1.3679747996756462,0.004330880086720713,0.12429381999578398,28.69943695206248,0.8043860423707802,0.7850375595461334,10.460240292178774,0.938672113605926,0.030229,0.2882768013142161,0.06441339031939375,1,0.015801,0.08499999999999999,0.05600000000000001,1.5178571428571426,0.14200000000000002,0.1,1.4200000000000002,0.13699999999999998,0.11200000000000002,1.2232142857142854,0.224477,1.0,1.0,0.8333333333333334,0.8333333333333334,0.20246674548192437,0.20245979811671563,0.20296315192422035,0.3032784289001997,0.009471,0.09039025949181911,,0.19004761977688372,0.2638040045896948,0.044545966942224166,,,,1.8330179322649034,,0.13676310312201984,,0.846534,0.759347299726039,0.8824526442030628,0.4919094889872319,0.1662087269336967,-0.3529044820602535,0.181456,0.6280716970820567,0.6424727497884586,0.7183851456561852,0.8001803415800329,0.6081623932326499,0.6179811368924617,0.703196449568994,0.7905482735662239,-3.269816018013249,-3.143208840107686,-2.4758233090075734,-1.7567190092540361,-3.464275509618373,-3.3774670139343357,-2.624069903367916,-1.851783682321832,0.054825,0.7890279935197925,-0.4954954954954953,0.031878912926776456,-1.256256256256256,0.49298597194388777,1.323985
18,5,1000,0.3399469332342419,51.071821627953,9.988475914421297,7.32949738324359,0.6553453878522416,2.1436215752589813,0.058601847206522346,0.10701536249356977,1.8261431609217096,0.7100377763898151,0.8700272247018759,1.6978516481548158,0.9621971872510258,0.040951,-0.26048227984066735,-0.14892991930926547,1,0.022167,0.089,0.05500000000000001,1.618181818181818,0.15,0.10300000000000001,1.4563106796116503,0.197,0.14000000000000004,1.4071428571428568,0.255926,1.0,1.0,0.8333333333333334,0.8333333333333334,0.20176969049575888,0.20176978148092967,0.20419632753631944,0.3007629526223046,0.019126,0.13058233154817492,,0.35000059775904113,0.4328644770981505,0.1115082188686535,,,,1.6090019542014162,,0.23861946260062267,,0.897383,0.878217908827343,0.8964024178571649,0.5787829720040302,0.15172724491380138,-0.39229300519638577,0.174323,0.45568015543836105,0.5495988165455665,0.6142109434164412,0.7554416302128112,0.44952755050512005,0.5482020110731626,0.6137421716226164,0.7510726662974473,-4.785924022470729,-3.960145611409396,-3.3920444605441737,-2.1502757772930066,-4.863659553303247,-3.9918284866455354,-3.4127531336939354,-2.199379470764934,0.042512,0.8311356314952576,-0.4554554554554552,0.06665363268124913,-0.9359359359359355,0.5130260521042084,1.425835
19,5,1000,1.3444218283273153,38.14691548563573,14.531606673320285,6.502182227841326,0.4053381811149187,2.532765797941899,0.013936546328888662,0.06928937220611076,4.971774969992589,0.5999287611888793,0.653456393772075,2.0341337407936515,0.906685299912565,0.026907,-0.7683056733818543,0.8769630174918195,2,0.065207,0.095,0.065,1.4615384615384615,0.196,0.10600000000000001,1.8490566037735847,0.266,0.139,1.9136690647482013,0.226148,1.0,1.0,0.8333333333333334,0.8333333333333334,0.2021861873323284,0.20215879586636598,0.20177861259320504,0.2729595716851481,0.013422,0.049058855509549804,,0.24979347439026744,0.22442412163120062,-0.01575679335944531,,,,1.422686451663135,,0.14769961821069427,,0.77991,0.8999339571359076,0.9054848998663189,0.6106082145430239,0.1410681348365958,-0.43043484881273314,0.168457,0.5212146159847297,0.5781642689222743,0.65338298232208,0.7738736962008681,0.5174451043412696,0.5679442425879387,0.643150390987875,0.7624654598921299,-4.20987795973857,-3.7091294057499553,-3.047744129018879,-1.9882898982788326,-4.264496893499114,-3.81821934017883,-3.1535977829034554,-2.0991711357646983,0.050358,0.8156472934305152,-0.43543543543543517,0.05542985515684669,-1.056056056056056,0.5130260521042084,1.104928
20,5,1000,2.302165032270078,58.607188777713354,20.24006238396921,9.325688090267487,0.45612981859725077,2.796868721010771,0.01739279358670539,0.101963095490402,5.862375988198929,0.6715844685365631,0.5439145974186974,2.234449101735873,0.7973551789346396,0.029017,-0.9774162885781724,1.5205225545996575,1,0.021944,0.087,0.05600000000000001,1.5535714285714282,0.185,0.11299999999999999,1.6371681415929205,0.256,0.15899999999999997,1.6100628930817613,0.211507,1.0,1.0,0.8333333333333334,0.8333333333333334,0.20287814539493262,0.20289522331930962,0.20215981459499482,0.2789133202929715,0.015829,0.07478030846176853,,0.3222317981000655,0.3229023888087366,-0.12840872031440062,,,,1.3769265196822968,,0.1997454959656694,,0.849297,0.7055666846785972,0.8742196063298965,0.5205438669509163,0.1675469278706309,-0.452044201244467,0.176996,0.5854757503669822,0.6603056750238524,0.7363326400579596,0.8285130069023324,0.5678145151481578,0.6391628541631875,0.7127389085571658,0.8185672923179184,-3.6439997385299367,-2.986184843200517,-2.317847005424369,-1.5075078443840484,-3.821094512902116,-3.1902802993973056,-2.539770118977442,-1.6041064498559843,0.055002,0.8168797555603149,-0.21521521521521514,0.0697981390783066,-0.9559559559559555,0.5250501002004008,1.129184
21,5,1000,2.109957668883506,32.08844227824307,14.559471369362912,6.546813461692882,0.7799505007330076,2.4620916987715824,0.007465543732707504,0.16166192627159393,21.654407509975773,0.7958555685592962,0.8642655304094442,21.975284522753046,0.9295735350911,0.020298,-0.6756071903125859,0.44716005610336174,2,0.028663,0.096,0.06000000000000001,1.5999999999999996,0.11699999999999999,0.101,1.1584158415841583,0.10600000000000001,0.093,1.1397849462365592,0.236102,1.0,1.0,0.8333333333333334,0.8333333333333334,0.2020994867966543,0.2020989902108894,0.20406886956653036,0.3133794567390465,0.020155,0.10413693433352243,,0.2307567581223406,0.3965923515730153,-0.13637918456008782,,,,1.8779260592656914,,0.19540853331154123,,0.840819,0.8090028504434992,0.900588550410432,0.6226624442869302,0.13700600807667748,-0.37429917448439914,0.172957,0.5238820317404141,0.6283606005692157,0.7142070343030014,0.8215310124511764,0.5104184868589373,0.6183260194213631,0.7089594750950714,0.8130336615709124,-4.187015413465856,-3.2682234181498124,-2.5132837494195117,-1.5694690213522007,-4.324190079427925,-3.3711053136076465,-2.5705924687208803,-1.6513654297013431,0.049606,0.8061177703817396,-0.35535535535535523,0.046096044868284336,-1.0960960960960962,0.501002004008016,1.366471
22,5,1000,1.4740802094981005,26.923608053352254,9.028551909110146,4.343129902250259,0.4604218036187818,2.0166299313662828,0.013996883636230792,0.10182722958505643,7.274992936390332,0.5559739644574595,0.7898700694319987,1.5118682620333448,0.9324375412501712,0.028375,-0.3432043612019248,0.10128221551737848,2,0.02047,0.10600000000000001,0.07400000000000002,1.432432432432432,0.229,0.14,1.6357142857142857,0.24800000000000005,0.148,1.675675675675676,0.215351,1.0,1.0,0.8333333333333334,0.8333333333333334,0.20253494977023845,0.20251328152717116,0.2021552751781273,0.28004857233769076,0.012269,0.1340570460567874,,0.418549609265522,2.4323763824050633,0.21338763097482846,,,,6.569611904490576,,0.940597797165141,,0.838288,0.9126872845352691,0.9069845886556556,0.6256688256393101,0.13723036964065993,-0.43243553424897596,0.180631,0.47745999387988575,0.566852731883181,0.6378535632879063,0.757230526487216,0.45830211011067024,0.5578264386673074,0.6324980987116652,0.7522921547333826,-4.593818737893117,-3.807938173608222,-3.1837468276961483,-2.134265210987727,-4.786497564701626,-3.9070904908394173,-3.247284119750235,-2.1887716756075664,0.04984,0.8330659202692652,-0.43543543543543517,0.046096044868284336,-1.036036036036036,0.5160320641282565,1.11998
23,5,1000,1.7063858529496645,47.653807473576975,15.498950633978405,7.616143509327963,0.41430691084518223,2.5503663272452863,0.0007079426369200362,0.09605165070226686,135.6771660485765,0.5078410930081166,0.7033677975574231,2.3326269926772913,0.8382233163776331,0.014905,-0.6237776853273733,0.6317378041939019,2,0.015501,0.1,0.07500000000000001,1.3333333333333333,0.21200000000000002,0.15899999999999997,1.3333333333333337,0.248,0.15999999999999998,1.5500000000000003,0.213944,1.0,1.0,0.8333333333333334,0.8333333333333334,0.20252418618954082,0.20257834639764,0.2014049601214073,0.2737151625254381,0.016823,0.07502825972924304,,0.34929722144079467,0.43122330860310437,-0.01344301854512171,,,,1.3924395116359225,,0.244359852001982,,0.840979,0.7774079749146442,0.8799016262930193,0.5234016047674196,0.16847766110062648,-0.47088201756926246,0.178842,0.5330361340144781,0.5976804145273299,0.6812193846157075,0.7829278187845659,0.49677285618228406,0.5783637666551388,0.6611623081241174,0.7693214611305781,-4.105996445013805,-3.537581616136073,-2.8030264627537598,-1.9087078665088821,-4.446699480536118,-3.7257322917162465,-2.9940940328058296,-2.0383601154333792,0.042236,0.827786425965813,-0.33533533533533516,0.06365079081295572,-0.9559559559559555,0.5240480961923848,1.417252
24,5,1000,0.049031786781065206,43.67850038325937,15.473429363621722,8.487803506464617,0.38983744249568464,2.6316409346195155,0.018650194227092572,0.09195035783679537,4.930262747785322,0.4624319163966141,0.6597006825777404,1.7584256244682765,0.7914581465553994,0.029338,-1.1136373188930782,2.140724212890478,2,0.019055,0.11000000000000001,0.071,1.5492957746478877,0.20600000000000002,0.12800000000000003,1.6093749999999998,0.25,0.17400000000000002,1.4367816091954022,0.259048,1.0,1.0,0.8333333333333334,0.8333333333333334,0.20179470306980457,0.20176132877624015,0.20096669599874759,0.2702769148138875,0.016798,0.1668666517935606,,0.5583775763890209,2.197413002142664,0.09393077881454315,,,,2.915042371565103,,0.9260810506066722,,0.836312,0.9262481972308243,0.8955740354030669,0.5850717670036352,0.16304689702413766,-0.4487041154825698,0.174633,0.5526010127015631,0.6234104520787643,0.660269015302634,0.7589065309097621,0.5191728280664905,0.5984009682028234,0.6463629940148233,0.7556193824280127,-3.9329369875843696,-3.310474552257171,-2.9864630754147408,-2.119373197010673,-4.245855720258325,-3.546246231363228,-3.1227264023357257,-2.157958001553556,0.04184,0.8300631286354416,-0.07507507507507503,0.06665363268124913,-0.9559559559559555,0.5340681362725451,1.410291
25,5,1000,1.6614106237371058,53.31727787534679,20.97088809989333,12.412994299077637,0.7824451728194456,2.789021980785999,0.01369380650482141,0.2038094143412762,14.883328041002885,0.8454245197403591,0.8384971397666016,5.715602231053525,0.9397458241330214,0.018592,-0.5713984268993872,-0.11830528168659527,3,0.008437,0.076,0.047,1.6170212765957446,0.11900000000000002,0.071,1.6760563380281694,0.068,0.06799999999999999,1.0000000000000002,0.23111,1.0,1.0,0.8333333333333334,0.8333333333333334,0.20182376743337382,0.2017667530856489,0.2074702731274906,0.31423141866198484,0.014771,0.11005327468963438,,0.26035231644846185,0.3575792008216959,-0.08495432544640599,,,,1.739854061706018,,0.1875474434797669,,0.848836,0.829329941934786,0.8868061468154095,0.5766587460359884,0.15928853804541865,-0.3076164747694071,0.177388,0.48978716332375155,0.5999499896629682,0.6774405216725427,0.7930718698671385,0.46871826627126095,0.5778184274982714,0.6653534346849994,0.7849204726384281,-4.48616842765908,-3.5175354221781134,-2.8361813809734473,-1.819465088812784,-4.695428741466838,-3.7312095707292166,-2.9575816393783443,-1.9008569848370813,0.052962,0.8135390216832089,-0.35535535535535523,0.0505479682119124,-1.056056056056056,0.48296593186372744,1.102074
26,5,1000,2.396250973484783,3549.890336672942,593.519130395399,574.1043793515863,0.470077248979232,5.705065663903257,0.043799182513641205,0.21970177393853274,5.016115857187674,0.5729981306587841,0.5965810453641186,3.540673264217766,0.8061924687497178,0.029739,-0.8008313756516803,0.10908288888919104,3,0.028228,0.10500000000000001,0.07000000000000002,1.4999999999999998,0.181,0.133,1.3609022556390977,0.22599999999999998,0.175,1.2914285714285714,0.220921,1.0,1.0,0.8333333333333334,0.8333333333333334,0.2017502439550178,0.2017450924879297,0.21400271527010556,0.28044531631788355,0.014025,0.15945204592479328,,0.7567466201314298,0.9055354106938295,-0.02416114519656647,,,,1.5724421212905249,,0.5179656039661042,,0.854573,0.619881127921441,0.8769287748755732,0.4626232344295698,0.1637965988479212,-0.417399756792315,0.182811,0.6633060051310813,0.7194333246421171,0.7557653875047935,0.8061879838588042,0.6570826199743498,0.6973337632933957,0.7363162745771401,0.7941838926638298,-2.960942265299078,-2.4673494032022285,-2.147839277821218,-1.7044146877009512,-3.024124691074414,-2.6691573332053062,-2.325377805657183,-1.8150540283772658,0.050262,0.7964018263438256,0.10510510510510505,0.11067360180959745,-0.6556556556556553,0.533066132264529,1.152532
27,5,1000,0.004460699572714557,44.32380414117184,14.083777055405227,9.474863117289457,0.8302071413199522,2.4887983275103305,0.024645046619086886,0.2104516563091686,8.539308509409748,0.8673433864213796,0.8708098761139698,3.8882156175733322,0.9338958638046091,0.027581,-0.6283503787038844,0.5076519308780654,3,0.023415,0.075,0.05,1.4999999999999998,0.10800000000000001,0.07299999999999998,1.4794520547945211,0.06900000000000002,0.06000000000000001,1.1500000000000001,0.259006,1.0,1.0,0.8333333333333334,0.8333333333333334,0.20157780447178011,0.2016350377891336,0.2079667407093102,0.3186270428991775,0.015136,0.11134590744312778,,0.27750463713490947,0.4105294597849841,-0.011564051409828968,,,,1.9787534433755323,,0.2102196738452045,,0.847291,0.9339239649040049,0.8954878801157621,0.6089132792566601,0.15679974440550204,-0.3245540243725286,0.176398,0.5935089645768068,0.6566807392560946,0.6955610798650121,0.802961244583015,0.5502488835017151,0.6319804689874812,0.6852167036821769,0.7983020909907625,-3.573866346147957,-3.018460544104366,-2.6766248608541376,-1.7323633623027304,-3.9726791790722107,-3.2507390748210145,-2.7805001507012435,-1.7816099931492984,0.052551,0.8142789994153219,-0.21521521521521514,0.052932660583605615,-1.0760760760760761,0.49899799599198397,1.138842
28,5,1000,0.06749312200217451,134.28661192436627,39.22010793322344,22.654372480657397,0.7845997078348919,3.522212704339998,0.03039865162570945,0.13962759920490678,4.593216861198465,0.8420731386733113,0.8738007321116654,1.9609350134512427,0.9498336754142076,0.017865,-0.5809430450599061,0.7146690417737838,2,0.026183,0.06100000000000001,0.03300000000000001,1.8484848484848484,0.11199999999999999,0.07300000000000001,1.5342465753424654,0.139,0.11000000000000001,1.2636363636363637,0.208758,1.0,1.0,0.8333333333333334,0.8333333333333334,0.20196103946903649,0.20193655960589635,0.20647783042852544,0.3151427724066259,0.018553,0.13643079752033596,,0.3649941051473537,0.8391192114376856,-0.11282688599890942,,,,1.9620129615029647,,0.3899691566417713,,0.847202,0.8227262080622074,0.8891265142109066,0.6109225418958321,0.1526420370607642,-0.34740269774821303,0.181298,0.5175806691675819,0.5996900186144491,0.6623739789651508,0.7769974421356782,0.5169415066417891,0.5877531476959856,0.6515363429533055,0.768906087240906,-4.2424577817202955,-3.5203775783590823,-2.9691267507440076,-1.9611132400572675,-4.265990373698832,-3.6406379924934953,-3.0773552830231417,-2.040838575049423,0.049669,0.825875262389916,-0.4554554554554552,0.04827070965603183,-1.0760760760760761,0.5120240480961924,1.101524
29,5,1000,1.3230935096462653,64.80880103198987,21.68450483393611,12.439736957012894,0.6485553178916857,2.8585912814562526,0.00024555345199875345,0.1658552444890241,675.4343835893868,0.6992443674678459,0.7250483108915562,1.9431360727537021,0.8572466746785596,0.019104,-0.7714360636227469,0.5530264628783432,2,0.011857,0.11300000000000002,0.06100000000000001,1.8524590163934425,0.16899999999999998,0.10899999999999999,1.5504587155963303,0.10600000000000001,0.093,1.1397849462365592,0.223841,1.0,1.0,0.8333333333333334,0.8333333333333334,0.2018571541567469,0.20183723934734568,0.2057634706906544,0.3011618551661894,0.015488,0.09389739954192808,,0.3173791977571917,0.5680606407961593,-0.13175908051731894,,,,1.5467860123275454,,0.2839580657651539,,0.847235,0.742138440052485,0.8928272399241799,0.5283350590362366,0.14822512720630265,-0.38037419995509614,0.17984,0.5890259574682966,0.6718806696647301,0.7232145176168425,0.8265645232708898,0.5480591184854124,0.6519720782444153,0.706449856588188,0.8184095950530743,-3.613459343495194,-2.884965319652527,-2.433616199456419,-1.5249188002719203,-3.9897663882259975,-3.0724153560331553,-2.591481636975046,-1.6030930675126518,0.047481,0.8151720641929936,-0.2552552552552551,0.05804485942768978,-1.0760760760760761,0.5200400801603207,1.187631
30,5,1000,1.7911761163418527,278.50365370865103,37.09789252650372,35.160066074033566,0.693987485387377,3.248789506579411,0.03189871946233541,0.1722792122472266,5.400819065813793,0.7966191726610775,0.826584885937443,2.8925681939925716,0.9527846752387972,0.027595,0.10712785614267925,-0.033376405416658095,2,0.020521,0.09,0.06300000000000001,1.4285714285714282,0.146,0.093,1.5698924731182795,0.176,0.129,1.3643410852713178,0.207288,1.0,1.0,0.8333333333333334,0.8333333333333334,0.20115806577825163,0.20115733649995168,0.20911776432558069,0.3064222407790554,0.015865,0.14764273702630998,,0.34275966688596815,0.2975775196564225,0.10096891327088078,,,,1.5635541871791627,,0.1896806486583275,,0.845175,0.8397330038678903,0.9079531794070346,0.61768882117992,0.13315607562114307,-0.37438716105526015,0.175018,0.4825098224749823,0.5846965829013724,0.6577132073765954,0.7785318872759743,0.4613903425050318,0.5738276958992331,0.6452932186850872,0.770084511461772,-4.551261295858653,-3.6525415367665577,-3.0103694698150782,-1.9477843125998087,-4.762891599112485,-3.7686150976505957,-3.136649938158249,-2.0331283214594036,0.046688,0.8362073248213159,-0.2752752752752751,0.07653919388230147,-0.8958958958958956,0.5420841683366734,1.151848
31,5,1000,0.001211965480008555,21.28669202314151,7.9782195513925345,4.443534954305108,0.8049385552087449,2.0458769523024953,0.011937822944201532,0.17415653656268062,14.588634575726587,0.8762228308203881,0.8576272609468709,285.6469483797477,0.9535364457234042,0.021542,-0.7656792770240043,0.34533085605149516,2,0.018046,0.08099999999999999,0.043,1.883720930232558,0.10300000000000001,0.067,1.537313432835821,0.07000000000000002,0.061,1.1475409836065578,0.209791,1.0,1.0,0.8333333333333334,0.8333333333333334,0.20243672645395863,0.20247748019255277,0.2056802687994928,0.31639124385414424,0.016317,0.1040845315277743,,0.1807572917362759,0.15961521756310143,-0.04640098084872739,,,,1.4722336735005357,,0.09643979710118597,,0.842208,0.8213373727288559,0.8800618082940417,0.5858144240968325,0.1638681672776083,-0.33437634455313897,0.176505,0.5542052243763579,0.639295304378578,0.7195459080788886,0.8131101292971195,0.5271739027367212,0.6169853663476133,0.6982831970725648,0.8080788599484828,-3.9199351441697123,-3.171726297275308,-2.466071635114658,-1.6433484919887036,-4.175047169634432,-3.3820133267063586,-2.6641547312730545,-1.694660716070695,0.05202,0.786710594872988,-0.4754754754754753,0.044019351852088745,-1.1961961961961962,0.46693386773547096,1.120453
32,5,1000,3.6084104103806864,142.9775747641132,39.73210640345231,25.40642296626444,0.7513456475934062,3.3378109810382193,0.015134753752614312,0.22422095917556256,14.814972403289456,0.8074611525925672,0.8598928448619234,3.4467994132805844,0.956961825730295,0.025092,-0.7617413778186716,0.723371297433538,1,0.027756,0.08399999999999999,0.05,1.6799999999999997,0.12400000000000003,0.093,1.3333333333333337,0.10400000000000001,0.095,1.0947368421052632,0.220939,1.0,1.0,0.8333333333333334,0.8333333333333334,0.20204334154520778,0.20212820790717395,0.20943450496089616,0.31157869216972417,0.014537,82.89331292171866,,83.28426031546236,1293.2923245148531,-0.19999995262344422,,,,2.3936883581794577,,557.1470201283224,,0.85541,0.8628744763032503,0.8933777712179974,0.5947037599220736,0.15205018301987747,-0.36703079376344894,0.175631,0.4885100740991505,0.5892310054268015,0.660045299884283,0.7892435077627358,0.4853710430841353,0.5816414515087647,0.6586301906911586,0.7831167664272547,-4.496681794239806,-3.61120985185062,-2.9886573194658084,-1.852831959479996,-4.550014774369231,-3.6988543902126194,-3.0181699941396225,-1.9175405965939394,0.052311,0.796872386198694,-0.2752752752752751,0.05804485942768978,-0.9759759759759755,0.4909819639278557,1.331716
33,5,1000,0.356833763455221,14.406055030750371,3.853205016209805,2.360886048631681,0.5223083700245872,1.368824846013054,0.0003758556498132705,0.07143945620379952,190.07152410584084,0.6812716487825112,0.600106078150227,3.279455142105771,0.8319391967822329,0.018059,-0.0447086378060265,-0.6933079841430168,2,0.028003,0.10500000000000001,0.063,1.6666666666666667,0.29500000000000004,0.101,2.920792079207921,0.12100000000000002,0.08199999999999999,1.4756097560975614,0.220167,1.0,1.0,0.8333333333333334,0.8333333333333334,0.20221374347908389,0.20221233481488565,0.20274655029841948,0.2875733875687942,0.01172,0.07719836822751058,,0.24536458153406268,0.35438441875374627,0.23531236285791107,,,,1.757935998383296,,0.1848650585313321,,0.838165,0.6910143464957015,0.8764213391171678,0.4940265358855236,0.16537809067627515,-0.37411379342677903,0.183338,0.7923099314642328,0.7716826217485974,0.8012221704294534,0.8670467175106388,0.7872402090389101,0.7647161561710818,0.787432753538715,0.8605798149225166,-1.8262410807274634,-2.007619230646532,-1.747874806238305,-1.1690724935064498,-1.8793545368825093,-2.078314503683173,-1.8776537485069174,-1.2315294923667537,0.051667,0.8238171006879362,-0.4754754754754753,0.04827070965603183,-1.1161161161161162,0.5290581162324649,1.118339
34,5,1000,2.931122226323152,223.13015307022783,68.01680367567798,42.673048241245766,0.7091010933456601,3.9338943496652172,5.0961368622769484e-05,0.18153883184524883,3562.283289309806,0.7357619536473112,0.7385772170128349,1.997389279671714,0.8047902880971627,0.016522,-0.925483216821432,1.2704285376058646,2,0.018174,0.11200000000000002,0.054000000000000006,2.074074074074074,0.12599999999999997,0.093,1.354838709677419,0.087,0.073,1.1917808219178083,0.206297,1.0,1.0,0.8333333333333334,0.8333333333333334,0.20239085523351222,0.2024044160620651,0.20726957493800152,0.306419486346258,0.016607,0.15315072006111818,,0.4000216644134964,0.7096837427297152,-0.0987459642048845,,,,1.8255158688152189,,0.35179677681386934,,0.836777,0.6310646306946449,0.8769034061876001,0.49025555955818373,0.1613902028767578,-0.400723762618876,0.178895,0.7219308035730982,0.7618218330779428,0.8057025915820482,0.8400385350177868,0.718534935719553,0.7349884438441854,0.7897766403187675,0.829840501653715,-2.444935735635096,-2.0941920904528537,-1.7083685761907699,-1.4064682715130061,-2.4866677311780396,-2.341305436135154,-1.8572665357086393,-1.5033131545929619,0.054049,0.8151745409110811,-0.07507507507507503,0.06665363268124913,-0.8958958958958956,0.5060120240480962,1.143329
35,5,1000,1.8650952573212523,33.9195897376886,13.956596672463297,5.813859792824783,0.1686874621338259,2.467249085897146,0.008321521243673281,0.04103585787934108,4.931292810258699,0.4185484944375357,0.509731632469632,5.472346707030877,0.784699337915701,0.019881,-0.590899543782052,0.9134124256107317,3,0.022766,0.1,0.077,1.2987012987012987,0.24900000000000003,0.16,1.5562500000000001,0.368,0.16199999999999998,2.2716049382716053,0.217235,1.0,1.0,0.8333333333333334,0.8333333333333334,0.2017922436223457,0.20174864124337638,0.2008606901765179,0.23594102697042518,0.016624,0.07088147746200882,,0.35376255087247466,0.6313599589840811,0.10624524888982259,,,,1.4067858861151492,,0.3197951089666015,,0.848569,0.8319253794456488,0.8893533077470924,0.5709975248456463,0.1534101247803545,-0.4860772419089339,0.178903,0.5869081020494615,0.6560225571742001,0.7099283227729307,0.8220213756207764,0.5755570794099342,0.6459609277656203,0.7019857573481443,0.8153658425126387,-3.6323123103792154,-3.024589700906012,-2.5505969236181594,-1.5649639983847319,-3.749584772419454,-3.127627885148927,-2.632697147258458,-1.631082512627751,0.052338,0.8291080529610003,-0.3753753753753752,0.0505479682119124,-0.9959959959959955,0.5430861723446894,1.322139
36,5,1000,0.40720299233575075,11.901481994637491,4.480150837383893,1.7385263374564237,0.3568096828305667,1.5632013087922016,0.001062184834924821,0.061191420737758226,57.60901372884806,0.6017678893696323,0.6021885105185061,2.2181193253451017,0.9066591599271212,0.03481,-0.4630473659512761,0.505606701936963,2,0.036129,0.10200000000000001,0.068,1.5,0.201,0.11600000000000002,1.732758620689655,0.284,0.12000000000000002,2.366666666666666,0.209892,1.0,1.0,0.8333333333333334,0.8333333333333334,0.20200236600373636,0.20185408498031654,0.20178052465800483,0.26671981620795865,0.01395,0.05924563943595087,,0.21398807157934702,0.5749620892078303,-0.1056884487220799,,,,5.040280149632376,,0.23690631437256413,,0.842826,0.8747906876565047,0.8934932745751608,0.6155044616147374,0.15280784933976133,-0.42388987865498,0.17974,0.5174091408344538,0.6234646065910832,0.6781115938633606,0.7919073378239326,0.4949727381824345,0.6104846260906407,0.6674802001945307,0.781959726407288,-4.242115665997296,-3.309856912632667,-2.829493813322987,-1.82919573678324,-4.464058099114042,-3.4430205873868953,-2.939222924511352,-1.9273107074686902,0.053079,0.7920725733431273,-0.5955955955955953,0.03833395101766601,-1.1961961961961962,0.48897795591182364,1.127681
37,5,1000,1.9718917901458046,40.479348423818124,18.636929366683674,6.1479359595762615,0.25445415301982854,2.803354062113774,0.00699076163047194,0.05197076943185319,7.4342070548248245,0.43383422883802447,0.47757777828309844,4.309128322324277,0.7024007191632837,0.029715,-1.1553691744034413,4.0764995355142135,4,0.028945,0.10200000000000001,0.088,1.1590909090909092,0.23200000000000004,0.156,1.4871794871794874,0.32999999999999996,0.207,1.5942028985507246,0.203225,1.0,1.0,0.8333333333333334,0.8333333333333334,0.20230443098214396,0.20213107165088295,0.20210952544747215,0.25182096679391336,0.012624,0.12114173753931805,,0.45807945157353414,1.2139326568462476,0.21650898110093247,,,,2.0335597729263455,,0.5605932834540857,,0.7645,0.6893232507915144,0.8618401768244411,0.46468043670303993,0.1817636910123597,-0.5237720270014323,0.158575,0.5985340328051556,0.6624489848200236,0.739604739075371,0.8288607006779498,0.575359208345581,0.6527269053112474,0.7249069478649522,0.8185507844909734,-3.5295841747570176,-2.967660570775551,-2.2893272836131393,-1.5046121263697243,-3.7500649904225636,-3.0668195333618,-2.429387011786851,-1.6024045828687132,0.042226,0.8626555061097151,-0.33533533533533516,0.0505479682119124,-1.036036036036036,0.5721442885771543,0.876665
38,5,1000,0.03971728720062208,56.02222584580948,15.083771564452165,8.915943683678258,0.5926170589055995,2.6061598967171897,0.005367297277406849,0.129643409557083,24.15431880451362,0.6271400126277629,0.7584683206571287,6.093813265689093,0.8304890875918689,0.021868,-0.7620957660119896,1.2619319066287726,2,0.014554,0.093,0.071,1.3098591549295775,0.178,0.121,1.4710743801652892,0.2,0.16199999999999998,1.234567901234568,0.220443,1.0,1.0,0.8333333333333334,0.8333333333333334,0.20272570535223722,0.20270930908541276,0.20487124578443788,0.2957165421814756,0.014645,0.1121955377979372,,0.4324382148697678,1.022843092793432,0.05218121952669401,,,,1.7514383496472647,,0.4836275061704159,,0.841177,0.7005565003353172,0.879171522290639,0.455381352453208,0.16126302155470454,-0.4288970971021467,0.177194,0.6234223443756177,0.6404013717937367,0.7235291533505787,0.797411636291608,0.5961636393404354,0.6264813063897895,0.7070177440052243,0.789843490390662,-3.3107685449694317,-3.161493544022078,-2.4306566494772834,-1.7811019111861066,-3.5675297278738967,-3.2997005054093744,-2.5882337744273816,-1.8565430668823861,0.052833,0.8210957343444263,-0.17517517517517506,0.06665363268124913,-0.9759759759759755,0.5280561122244489,1.332632
39,5,1000,1.275749178674809,45.629839081788695,21.08275131078552,10.100682533244758,0.6229274009854886,2.850423546382302,0.01577658851556929,0.11697383524934327,7.414393494126212,0.7641479739848966,0.7276251542481997,2.0649016103613334,0.9108214417232136,0.020452,-1.2089414395131615,0.6202939624866675,3,0.014544,0.071,0.047,1.5106382978723403,0.13999999999999999,0.08199999999999999,1.7073170731707317,0.183,0.122,1.5,0.219871,1.0,1.0,0.8333333333333334,0.8333333333333334,0.2014428597155356,0.20143221529701175,0.20592914879818203,0.2991023751142327,0.013478,0.10548238877896002,,0.25403283972401575,0.30652341532814553,-0.05628902605369805,,,,1.6718884437328547,,0.16928994294011107,,0.850306,0.9168243921919956,0.9071045290697864,0.6466172292296393,0.13420620315227205,-0.36402143980996327,0.177532,0.4781523132712669,0.5539798010787865,0.6442056007831946,0.7783455968565958,0.48163483439294424,0.5549736037384337,0.6323670440258653,0.7701310505336912,-4.591311283826679,-3.9241671932256432,-3.130344124138298,-1.9501559327428657,-4.582153116416745,-3.933865976757086,-3.2497370708573934,-2.0319550638225854,0.053314,0.7906148192346946,-0.3153153153153152,0.03833395101766601,-1.1561561561561562,0.5050100200400801,1.273561
40,5,1000,4.899654719522694,585.0471024770869,142.76241197914075,96.41122061461776,0.468052537450507,4.6130160910626925,0.04969243908236943,0.14753409527663758,2.96894453162356,0.5976281523699831,0.5362323195573726,4.286441294734209,0.6923998328166292,0.029767,-1.200845934220022,2.0171233134206465,3,0.018188,0.096,0.07100000000000001,1.352112676056338,0.178,0.11300000000000002,1.5752212389380529,0.22999999999999998,0.138,1.6666666666666663,0.229112,1.0,1.0,0.8333333333333334,0.8333333333333334,0.20156682949040816,0.20154056613610888,0.2059859211662057,0.2809206646433259,0.015917,0.14655520174357664,,0.4473924712160596,0.4780556214713838,0.13087176809368942,,,,1.6326706049129784,,0.2824798836691832,,0.850949,0.6118015851554478,0.8790353526920861,0.4712529482530182,0.15839963182806688,-0.45387335559489206,0.186229,0.7823150235312827,0.790888096273233,0.7951779614124366,0.8419835096719598,0.7793852700874233,0.7735891465399284,0.7751635171160343,0.8299951832357176,-1.914257630865622,-1.8388685517363932,-1.8011447399634442,-1.3895505207568775,-1.95011416558709,-2.001348743803793,-1.987432164600019,-1.5027500725878093,0.053095,0.7971584390339349,0.08508508508508503,0.09203731996618221,-0.7957957957957954,0.5320641282565131,1.413158
41,5,1000,0.38675051913092034,46.694549059963364,10.1094807135846,5.645356896284761,0.6528330900585702,2.2196382745413072,0.031455202486946485,0.10397307531033906,3.30543334933185,0.7883954945980025,0.7851496373836684,5.667067241431565,0.9578851455192092,0.026037,-0.6625572639524825,0.4033005612439351,1,0.01794,0.07500000000000001,0.046,1.630434782608696,0.142,0.077,1.844155844155844,0.189,0.11300000000000002,1.6725663716814156,0.210762,1.0,1.0,0.8333333333333334,0.8333333333333334,0.20252008878203562,0.20250757966634642,0.2042500417205248,0.3016691994893644,0.018824,0.09478907305319123,,0.2512241411757814,0.4386787489972949,-0.050406361840273896,,,,2.4942019940351874,,0.21072184344653788,,0.850837,0.8933162358142149,0.8959401717156017,0.6529911305815737,0.14510722189495953,-0.4020522809746135,0.174417,0.4774958572725694,0.5782222290538516,0.6740660568716654,0.8015015010444866,0.46911884434883844,0.5652828823029477,0.6600301738438611,0.7860467829937012,-4.594158378827858,-3.708513908197685,-2.8657995857241847,-1.7453135154125352,-4.691894390211559,-3.842002648125593,-3.0046320220703375,-1.890905126229777,0.055622,0.7989219802166636,-0.4954954954954953,0.05804485942768978,-1.0960960960960962,0.49298597194388777,1.139131
42,5,1000,0.05766787994200546,18.94897083590815,3.886898569713241,2.8823228925921227,0.7857668859053458,1.4149709479369021,0.009715203297014459,0.14108923265078502,14.522519842085302,0.8162411402716316,0.9331337923223002,2.125218187937486,0.9866738516111639,0.016055,0.11240754446494902,-0.5772976958187752,1,0.015202,0.10300000000000001,0.05500000000000001,1.8727272727272726,0.125,0.074,1.6891891891891893,0.15099999999999997,0.10200000000000001,1.4803921568627447,0.23207,1.0,1.0,0.8333333333333334,0.8333333333333334,0.2021293619538889,0.20211161980196762,0.2035043891875406,0.3137206074899726,0.017079,0.10414887016001578,,0.2122055024219779,0.20715162960195455,-0.07919870332168069,,,,1.5447733947141016,,0.12283046195683922,,0.850114,0.8781382802067396,0.8917953297057567,0.6113414222435192,0.15558740622962036,-0.36145262615213414,0.177236,0.4673397497686301,0.5661652248923246,0.659929387018417,0.7788087081538264,0.44972504399222696,0.5552714993602325,0.6468468301096019,0.7715409713837494,-4.684468552853717,-3.8153501415649336,-2.9907433332409257,-1.9452618256541836,-4.858113528570359,-3.926294522239437,-3.117819870904346,-2.0169551340238927,0.048375,0.8183587705015191,-0.6156156156156153,0.0505479682119124,-1.0760760760760761,0.4819639278557114,1.288352
43,5,1000,0.002802065681158764,9.546934284618672,3.626143615985723,2.322091788641618,0.3410454079159223,1.3355709094571215,0.0016764184557768493,0.11756298050595652,70.12746734017436,0.5083341670425496,0.49844976144500674,2.0332347160617035,0.7326226440240104,0.024666,-1.017661828216361,-0.3410061516047751,2,0.022788,0.10700000000000001,0.086,1.2441860465116281,0.195,0.13200000000000003,1.4772727272727268,0.244,0.16499999999999998,1.478787878787879,0.225807,1.0,1.0,0.8333333333333334,0.8333333333333334,0.2018236103474909,0.2017346083903556,0.20345149020933848,0.26533668961828344,0.016983,0.046452080544687156,,0.2928121267059339,0.5542783164595839,0.004645430165101683,,,,1.9817541421171028,,0.2727428891946483,,0.844811,0.9208833693338591,0.8940895543715845,0.6101268110039552,0.16152762164401605,-0.34220942280907224,0.173887,0.45379761773393,0.5789624228499105,0.6361776955439988,0.7891280075295846,0.44846822435774675,0.5792985300025897,0.6318603003412105,0.7783353316917522,-4.802089919313499,-3.7016687779653834,-3.1986448198948105,-1.8539396791104732,-4.873016356098873,-3.7170753071206386,-3.2526698496701663,-1.9585010364588138,0.05466,0.7745167782686179,-0.07507507507507503,0.03495775574363275,-1.2162162162162162,0.5050100200400801,0.873378
44,5,1000,3.6076549803008757,1103.1377075322644,115.14718827822674,117.58040061937982,0.8453811448223424,4.19847478459069,0.05335586731389279,0.22084264625330427,4.13905081804942,0.8858848105750471,0.8989395784624551,1.708032486008437,0.970445337837704,0.029386,-0.41885223203754207,-0.22647421308938487,1,0.026884,0.076,0.045,1.6888888888888889,0.089,0.06300000000000001,1.4126984126984123,0.099,0.08,1.2375,0.220101,1.0,1.0,0.8333333333333334,0.8333333333333334,0.2025753865863027,0.202547777906979,0.22133225531621295,0.32160550157241374,0.012919,0.1992727854398296,,0.42777191838012424,0.44828152651938635,0.08380607127692011,,,,1.766717315224514,,0.25709200460756854,,0.845948,0.8494030350473173,0.8829049896069843,0.6335895328723364,0.1594085746142185,-0.348148147232511,0.176497,0.4871720182469446,0.5854213633485799,0.661161569074516,0.794845151120633,0.4955706118806336,0.5721491342316792,0.6506004897753499,0.78773217392957,-4.509993925110296,-3.6459538077209714,-2.9798671668499157,-1.804205610992585,-4.459353500372918,-3.782369348096065,-3.0888286163457517,-1.8765307801212554,0.056618,0.8222671806418984,-0.23523523523523512,0.09637934799615785,-0.8358358358358354,0.4589178356713427,1.392328
45,5,1000,4.643137749562608e-06,30.906338956388048,6.0086373355547495,5.247136532979379,0.578935580796635,1.7136982222670698,0.008028269060889277,0.14733235696624,18.351696467671733,0.6985242948484239,0.75976174379878,11.197440083301196,0.9189300462092551,0.031695,-0.02147672034095066,0.14272640385129076,2,0.028471,0.089,0.06000000000000001,1.483333333333333,0.23399999999999999,0.13300000000000003,1.7593984962406009,0.196,0.136,1.4411764705882353,0.223602,1.0,1.0,0.8333333333333334,0.8333333333333334,0.20301146073339882,0.20302260850414328,0.20393019247125185,0.2932721904935209,0.010111,0.10475242353860734,,0.31824145856198405,0.9468892112887778,0.22819214772218538,,,,4.263179348423457,,0.39490761774127603,,0.845025,0.905518823195983,0.9111555728614392,0.6328108892440635,0.1331245443706071,-0.36229414320976183,0.175691,0.5074421138862971,0.5977137480289458,0.6664633254652732,0.7827314397166971,0.49923523936505143,0.5878584563688994,0.6577570849160824,0.7748508600937433,-4.330994992589039,-3.5372487011036355,-2.9327429485541536,-1.910413117244853,-4.419869444497298,-3.637659753041177,-3.0207177538952426,-1.9872201124231044,0.053812,0.8038420127649462,-0.35535535535535523,0.052932660583605615,-1.056056056056056,0.48096192384769537,1.399248
46,5,1000,6.536781961410332e-07,6.907288894294003,2.0952216137669404,1.4499106953677914,0.6677911142536905,1.0100144086167213,0.009433954165464078,0.13573730024151848,14.388166177277718,0.7891431416534813,0.7570920881545734,12.548630345085607,0.9206637601845161,0.034283,-0.34265741206797884,-0.6824062801643946,3,0.0187,0.081,0.05700000000000001,1.4210526315789471,0.174,0.10300000000000001,1.6893203883495143,0.11400000000000002,0.093,1.2258064516129035,0.251829,1.0,1.0,0.8333333333333334,0.8333333333333334,0.20185875680343118,0.20189874312784512,0.20377000883666246,0.3034864167655457,0.011641,0.057582780568505985,,0.1857972554932657,0.1961534130619482,-0.026551430665650022,,,,1.4662781038397377,,0.11722793173100714,,0.844984,0.8370077027326069,0.9070258740536716,0.6181803314388299,0.13095261533215033,-0.32274543681796763,0.176605,0.4685663488643979,0.5805802220278662,0.7007858685872242,0.8200984831917048,0.4583433264460311,0.5722581924098713,0.6831264677805403,0.8086971700120896,-4.673203786229272,-3.688200945217691,-2.6311630978270424,-1.5819781974672038,-4.781935849680329,-3.7762552996930836,-2.7974711242694443,-1.6888887472986003,0.05217,0.7850087225186162,-0.4154154154154152,0.03660695147596903,-1.2362362362362362,0.48096192384769537,0.915729
47,5,1000,0.8409893092068438,66.28300816688933,20.15967289141328,16.06349504080531,0.6338107328646425,2.652667817202119,0.014618366183694678,0.20943939668510392,14.327141217649382,0.6667910223610004,0.8391468724010075,3.664008424328217,0.9277836816636138,0.03964,-0.06271893792591837,-1.2915893825053302,2,0.020811,0.092,0.06700000000000002,1.3731343283582085,0.16199999999999998,0.101,1.6039603960396036,0.196,0.14899999999999997,1.3154362416107386,0.227278,1.0,1.0,0.8333333333333334,0.8333333333333334,0.20255436688631437,0.20250001387103905,0.21034510592994365,0.3008121749476924,0.011529,0.18364305156094443,,0.47402451828689385,0.8533028751243321,-0.035906900749832535,,,,2.106117330681118,,0.41270131524230164,,0.840593,0.9300954328940705,0.8956181519246306,0.6047993871922439,0.1588196427655737,-0.41110002397207906,0.176869,0.453237763381125,0.5665680737942662,0.6396670529930264,0.749589455968825,0.4444122861945691,0.5580699459547439,0.6331726235770938,0.7486049479248705,-4.808691943986064,-3.8119688453625056,-3.1690742764903215,-2.2023232131359487,-4.903534632028592,-3.900409010311699,-3.2375639337766904,-2.2187753860279456,0.052898,0.809966648202338,-0.13513513513513511,0.0697981390783066,-0.8158158158158154,0.5170340681362725,1.165154
48,5,1000,0.00156984541732374,32.613578108082876,8.697326600557986,6.4017373944003575,0.5995823779683296,2.0123749826077493,0.018324975287436308,0.14874899776580255,8.117282311850406,0.6740716722791622,0.7551004790068104,6.585056793336289,0.872071826663622,0.029055,-0.6269349718293904,-0.15401228567222347,2,0.028073,0.101,0.06100000000000001,1.6557377049180326,0.14,0.098,1.4285714285714286,0.219,0.15999999999999998,1.3687500000000001,0.22002,1.0,1.0,0.8333333333333334,0.8333333333333334,0.20277666130702426,0.20273705825627206,0.2061873181423605,0.2958080822064427,0.011782,0.14433345590764737,,0.3524747405004316,0.3991091050302805,0.17324885671477902,,,,1.8483512085338287,,0.2253629277474214,,0.852257,0.8188118532708675,0.9025183806473245,0.5941835723988024,0.13874082317319153,-0.36189470811482716,0.184262,0.5350586861554998,0.7062609910782678,0.7462901179711683,0.796799730151334,0.5328993496676219,0.6838063652309407,0.7239426805423597,0.7838790319604633,-4.088535391706223,-2.5830406938258763,-2.2310381999036872,-1.7868738916980487,-4.125136508163673,-2.792421516661724,-2.437963051496906,-1.9086432331129837,0.055276,0.8248111764716944,-0.19519519519519515,0.0697981390783066,-0.9759759759759755,0.5070140280561122,1.37343
49,5,1000,0.28142946764135596,54.857897215098276,7.473297047275362,6.7188339383999285,0.7904373559947104,1.8378727145649303,0.053111718138560374,0.15983167250926472,3.0093485601856873,0.8075355859591455,0.9313268025052338,2.010419129254889,0.972268371323872,0.015623,0.25253210306863666,-0.44625525991557113,1,0.028838,0.096,0.06600000000000002,1.4545454545454541,0.13399999999999998,0.097,1.381443298969072,0.12400000000000003,0.10200000000000001,1.215686274509804,0.218015,1.0,1.0,0.8333333333333334,0.8333333333333334,0.2023267872927709,0.2022768083459948,0.20702114375669725,0.3146363303017638,0.013056,0.14770125352225202,,0.29922855312812213,0.30049341345903235,-0.10988168884171896,,,,1.5002961984248844,,0.17580173871998603,,0.835175,0.8040906862461001,0.8936098345810178,0.5741656372353012,0.14642056186917562,-0.3506958317109743,0.176955,0.45536795712030165,0.5623923705158682,0.6429376758865573,0.7591635802001816,0.45734867434824483,0.5543668904463305,0.6406382278978298,0.7574964299168564,-4.788915345368112,-3.8478564004535167,-3.139626589281253,-2.1176595126585767,-4.788493835149225,-3.932380327778941,-3.171100021238799,-2.139913413000718,0.046799,0.8098054189507369,-0.4554554554554552,0.06365079081295572,-0.9959959959959955,0.4939879759519038,1.340348
50,5,1000,0.2878774575379733,36.558847563965344,7.640231908295811,6.141650209709324,0.8927415130125602,1.8619017613107056,0.012641352454649465,0.20443106849051662,16.171613695916474,0.8996950995964385,0.9317297857801645,6.88134900162445,0.9788371379530643,0.017311,-0.05236847307043775,-0.7550933193709759,1,0.022423,0.073,0.048,1.5208333333333333,0.10400000000000001,0.07200000000000001,1.4444444444444444,0.054000000000000006,0.05200000000000001,1.0384615384615383,0.310742,1.0,1.0,0.8333333333333334,0.8333333333333334,0.20349286147075937,0.2034787928645787,0.20935763556744133,0.32424545874960065,0.018682,0.38184413831874847,,0.6187456493414285,5.921858613305092,-0.1998190509078684,,,,4.189054293112633,,2.447876585869607,,1.087993,0.8205035413291468,0.8956763347341523,0.6223821165869119,0.14670595322760754,-0.3122591857932461,0.214472,0.540359762800558,0.6395954883352707,0.7099450575905331,0.8267947361266115,0.5222331792298411,0.6225256040533756,0.7034342674301483,0.8201095973029099,-4.041147340705442,-3.168668919775617,-2.550156979985804,-1.5228170530997591,-4.220866050045026,-3.3348252606658946,-2.6200317347131374,-1.5892549680387953,0.055544,0.7973596644417444,-0.4554554554554552,0.04827070965603183,-1.056056056056056,0.4649298597194389,1.358649
51,5,1000,1.8910339221757713,1901.6727165472453,513.2821695602432,364.6454255158494,0.6626170510680278,5.892235408380762,0.009192650635761843,0.20935751072960918,22.77444439312782,0.6953926856630981,0.6860782764509457,6.745151670421491,0.7999845210886225,0.031275,-1.4608715379788406,3.619559729410452,3,0.036527,0.11100000000000002,0.05700000000000001,1.9473684210526316,0.10300000000000001,0.092,1.1195652173913044,0.096,0.09,1.0666666666666667,0.217678,1.0,1.0,0.8333333333333334,0.8333333333333334,0.20241518562523034,0.20237660508752048,0.21162553810721385,0.3026752912988306,0.009301,0.1905719006334621,,0.6159056617124528,2.50313557444253,-0.14753368093280214,,,,3.9070792424880567,,1.0709805423288121,,0.752026,0.6754729952548659,0.8625212113080831,0.4710929569739575,0.1813015958622923,-0.4383031303110797,0.16024,0.740904359170529,0.7449740327568345,0.7871597885105686,0.8433396348064747,0.7301672457267154,0.7230929991345519,0.7746220629285157,0.8316003214383128,-2.2777936408044885,-2.2420158230636726,-1.8711471898409675,-1.3772519771522598,-2.3850796375681913,-2.4476096352460006,-1.9921389080952778,-1.4885021849635214,0.047768,0.8140228044536112,0.12512512512512505,0.08789090653419955,-0.8958958958958956,0.5460921843687375,1.163246
52,5,1000,0.08217382528702931,10.882094366258611,4.499524597278243,1.7732262735604722,0.3739588920666733,1.62800749906087,0.01768552808757693,0.06392152252098943,3.6143406181854774,0.4279456058962646,0.685369109220856,5.463922865416109,0.8245419620419457,0.030909,-1.1471715049918991,2.973522215743632,2,0.021722,0.10700000000000001,0.081,1.3209876543209877,0.21000000000000002,0.147,1.4285714285714288,0.271,0.188,1.4414893617021278,0.209136,1.0,1.0,0.8333333333333334,0.8333333333333334,0.20169506367459733,0.20161710948651237,0.20219254635850895,0.26994581178583965,0.01667,2.34012247379552,,2.5902976264546522,37.061163827330425,-0.19996137958262158,,,,1.7842517509036644,,16.267646581240328,,0.849526,0.7948687937833089,0.8927852468474655,0.5329368216228005,0.15278596427693186,-0.43105131689377213,0.173943,0.5920761661916881,0.664994016549347,0.6842338303968064,0.7738152463304822,0.5663873354496988,0.6367135464156751,0.6646917322499215,0.7676284508958809,-3.5873583967325304,-2.9461051992663725,-2.776906682197895,-1.9891109762184502,-3.831559026982431,-3.2101310787475406,-2.962905664787421,-2.053319423931388,0.057329,0.845708267385435,-0.3153153153153152,0.03660695147596903,-1.1961961961961962,0.531062124248497,1.358725
53,5,1000,0.293815030731522,46.63279679745294,15.847799040857096,8.562365557444055,0.7913167507633669,2.6550118696563056,0.02512321575181676,0.12412962293760882,4.9408333775357764,0.8484496414014802,0.882503250682012,2.3436302131477116,0.9689925779110646,0.028274,-0.6761107707048181,0.3924065808039052,2,0.017506,0.069,0.041999999999999996,1.6428571428571432,0.10300000000000001,0.08199999999999999,1.25609756097561,0.122,0.09500000000000001,1.2842105263157892,0.208776,1.0,1.0,0.8333333333333334,0.8333333333333334,0.2014557710311782,0.20149026133239983,0.20526068302487574,0.3150807072776695,0.020182,0.13122496482745538,,0.2653285586515907,0.9615538754336829,-0.16540126206307956,,,,4.377132224760292,,0.38613784295401743,,0.846038,0.8940005952084775,0.8932901410225896,0.597544890788949,0.1559579335732135,-0.34343658962335827,0.175681,0.49620886550387155,0.5722300871829962,0.6552116615519661,0.7835678650109833,0.490767937895514,0.5648340305691056,0.650035325902311,0.7800087938955257,-4.430376545065466,-3.7618402918595173,-3.032094181649404,-1.9033202229983885,-4.49425230414311,-3.840578404896627,-3.088630233595765,-1.941543077315881,0.057185,0.8067246697666589,-0.5155155155155153,0.04203621683844714,-1.0960960960960962,0.4729458917835671,1.13461
54,5,1000,0.1921662285778413,15.149460779365938,4.692276113097739,2.799428409613771,0.38462112148244776,1.5632760747316652,0.001920054657122916,0.0977667515152623,50.91873356447039,0.536931894881137,0.7390700504264152,12.637737618312826,0.93667789503508,0.027108,-0.37067618470785774,-0.5908324029024157,1,0.022277,0.10999999999999999,0.064,1.7187499999999998,0.20099999999999998,0.118,1.7033898305084745,0.27199999999999996,0.144,1.8888888888888888,0.213901,1.0,1.0,0.8333333333333334,0.8333333333333334,0.20147025781682854,0.2014585736129546,0.20186342320187767,0.27046194151211955,0.013991,0.0754348102723313,,0.3528992076036848,1.1584624321068322,-0.12466850452384329,,,,3.136667508066047,,0.4943315042520194,,0.792204,0.9178642709451745,0.9008264392979328,0.6369182859684626,0.14832801140942772,-0.4362327044627469,0.174029,0.539214791695969,0.6296258274353396,0.6941319457171797,0.7795713567229512,0.5192695067453482,0.6082806366522431,0.6795595059072735,0.7711562134291357,-4.051805970440514,-3.25679786731411,-2.6895785415326072,-1.9382872470523163,-4.24637407112874,-3.4601236472799446,-2.83050529256575,-2.0214160226334554,0.054159,0.813595839248169,-0.4954954954954953,0.05542985515684669,-1.0160160160160159,0.5090180360721442,1.100955
55,5,1000,1.1127005471336964,48.53107031652786,13.690631540442613,7.549841425237946,0.5027398613074976,2.4505944312548675,0.015239176206891913,0.09797758791130488,6.4293231196443905,0.5721324341965145,0.6802390811262671,6.652384659201594,0.8214156147978339,0.036611,-0.42454697203467223,0.2618679914629727,2,0.023925,0.101,0.089,1.1348314606741574,0.253,0.13599999999999998,1.860294117647059,0.16999999999999998,0.14700000000000002,1.1564625850340133,0.210226,1.0,1.0,0.8333333333333334,0.8333333333333334,0.2024031398961441,0.2023954182419286,0.20413716819969965,0.28589696067613307,0.017533,0.1069235537910673,,0.40492379626828423,1.0572683435432553,0.01748369927111182,,,,2.6469874094164814,,0.48458450986183027,,0.849817,0.670659066173921,0.8972902743488816,0.4889452748566137,0.1442994662263422,-0.45431653301265773,0.18069,0.693419460909839,0.7196774499870628,0.7599804354882757,0.8355226210078083,0.6808603256093072,0.7003361477227281,0.7458036448082853,0.8227457822512604,-2.695659810602386,-2.464782123216323,-2.1104114949131363,-1.4461944049621431,-2.8200754992113612,-2.6479775334102813,-2.2462043136241574,-1.5663056545992209,0.059494,0.8224091013971855,-0.2752752752752751,0.06665363268124913,-0.9359359359359355,0.5220440881763527,1.370912
56,5,1000,0.8793420112584986,62.56320900676945,16.825089671918956,10.01728777725025,0.6793001409848172,2.6378016611858643,0.00958584311019591,0.16753164075639046,17.476985470187458,0.7609941945920262,0.7689801633252461,3.0882276380440006,0.893587368526707,0.03466,-0.5741589012946031,0.2623916910100834,2,0.030286,0.09300000000000001,0.05900000000000001,1.576271186440678,0.126,0.089,1.4157303370786518,0.16999999999999998,0.123,1.3821138211382114,0.216757,1.0,1.0,0.8333333333333334,0.8333333333333334,0.20201035793278332,0.20200150023299207,0.20462039196346019,0.30357647584422326,0.015632,0.09100182487166844,,0.3098058495947563,0.6157249364676263,-0.1646078700712883,,,,1.7046192741442847,,0.29986161832844077,,0.830372,0.7871593779579527,0.903765008767728,0.5868071508163532,0.13608738502215642,-0.40123548144028204,0.179158,0.44769427167673925,0.6095767645847179,0.7009268791018758,0.8065024383263018,0.4381400725408488,0.5876501281042864,0.6826733632672788,0.798484341369258,-4.857796298422417,-3.433961392318561,-2.630492904839496,-1.7019047434215562,-4.961471526583012,-3.64123164585265,-2.8021344748602157,-1.779472344608057,0.053771,0.8176284317872574,-0.33533533533533516,0.06365079081295572,-0.9959959959959955,0.501002004008016,1.400165
57,5,1000,0.458220446063787,14.008106678168867,5.320844958096154,3.0186926120044855,0.7047205886248884,1.625583056486398,0.0028772485355765855,0.15089085537299485,52.442760334138846,0.705720940459906,0.8422134341483483,5.483193065912856,0.9471912635607985,0.033299,-0.3118960677723616,-0.5731091369756354,2,0.019532,0.10700000000000001,0.06800000000000002,1.5735294117647056,0.225,0.12000000000000002,1.8749999999999998,0.076,0.08499999999999999,0.8941176470588236,0.221033,1.0,1.0,0.8333333333333334,0.8333333333333334,0.20213659811889012,0.20219779334556542,0.2047627141039113,0.3072737214548748,0.01406,0.04557792410662793,,0.25690019168277667,0.27419500165987004,-0.07766397068487207,,,,1.9170026244624927,,0.1629117803751961,,0.847869,0.8189339655730239,0.8886578245288783,0.5765620109456632,0.15786728961499696,-0.3771132721273197,0.176376,0.5992080182721287,0.666081913269168,0.7249244288496859,0.8119261297054519,0.581677665358035,0.6539189943795386,0.7171994955324338,0.8035501147872969,-3.5242629118661064,-2.936224231815576,-2.4188074551443126,-1.6537800055596765,-3.6935590920978285,-3.055707379348667,-2.4969749115118036,-1.734545826461746,0.052364,0.8329428140440127,-0.43543543543543517,0.05804485942768978,-1.036036036036036,0.5160320641282565,1.143664
58,5,1000,3.1864721786779113,71.31049350555524,21.051142540420805,12.6154565023831,0.604549979285649,2.69892378809969,0.005250916041206404,0.1436612879942386,27.359281098166683,0.6902047806655215,0.746525115286067,2.4087927878103548,0.8674938487401508,0.027266,-0.49342198018594324,0.08577814535978456,2,0.018219,0.099,0.07899999999999999,1.2531645569620256,0.16099999999999998,0.11400000000000002,1.4122807017543855,0.183,0.12000000000000002,1.5249999999999997,0.231,1.0,1.0,0.8333333333333334,0.8333333333333334,0.20155690328806355,0.20156090102285873,0.20505831145821668,0.296154994229653,0.016722,0.16031691253312247,,0.4749596965202894,1.1979946355214592,0.08524729438228515,,,,3.2053242246950613,,0.5317646426072961,,0.840553,0.7867135669009343,0.8894300586326763,0.5426588413151915,0.15348903783844534,-0.42316602772901707,0.180287,0.5688014190820121,0.6397826717239121,0.6840247670146257,0.7911203785455577,0.5346574462014944,0.62221261205486,0.6734721021197843,0.7825729186208423,-3.7909055054446794,-3.166870006880001,-2.7779132476696233,-1.8363764214183504,-4.111131950245715,-3.3376139540714522,-2.884755031888158,-1.9208890607790376,0.048417,0.8476844902580741,-0.19519519519519515,0.08015006961565405,-0.8558558558558554,0.5450901803607214,0.920905
59,5,1000,1.4699515999865769,29.730076753946257,12.656753942760277,4.845317142012337,0.4589948992745996,2.4016231660315253,0.016986702414086376,0.06178804290758275,3.637436001489286,0.6043346228401384,0.5636189957035409,8.853022382208476,0.7537753647220083,0.016871,-1.3096694475839987,2.7556562439724788,3,0.011081,0.097,0.067,1.4477611940298507,0.186,0.133,1.3984962406015036,0.23200000000000004,0.172,1.348837209302326,0.221851,1.0,1.0,0.8333333333333334,0.8333333333333334,0.20176168685306883,0.20176180379105707,0.2009257947700939,0.2790883458079897,0.016829,0.019395569379122422,,0.3642498300747909,0.7097557414476473,0.11289035764024158,,,,1.752442088800881,,0.34707787042291904,,0.844325,0.7463330832209881,0.8682797113893811,0.5111263849860902,0.17407699483041178,-0.41296114382378624,0.176941,0.4978999999769604,0.6230164084743512,0.7376198859491594,0.8285323688582215,0.46341606122178974,0.6029988068130678,0.7173720265098711,0.8177925845153702,-4.416314831310333,-3.3158299668172946,-2.3078135611839334,-1.508175746796133,-4.743492351158116,-3.5095573817785137,-2.4984788652570575,-1.61074422697709,0.045214,0.8373474630793822,-0.3153153153153152,0.04827070965603183,-1.036036036036036,0.5841683366733467,1.147928
60,5,1000,0.5626908439048746,15.491867561695067,5.68082961431288,2.9268717098138772,0.7010270362638223,1.690032347884215,0.005587311165014143,0.0976537999290437,17.477780822467672,0.7409842752643946,0.8139662975241667,4.521732146726861,0.939904097519428,0.022393,-0.41614928905864434,-0.1501947604103968,1,0.025447,0.10700000000000001,0.051000000000000004,2.0980392156862746,0.17099999999999999,0.097,1.762886597938144,0.128,0.11500000000000002,1.1130434782608694,0.240024,1.0,1.0,0.8333333333333334,0.8333333333333334,0.20203016516486205,0.20199524124219126,0.20393947834333953,0.30678028002623986,0.012418,0.2601108157888023,,0.4452083197531859,3.6672104475681446,-0.15083445253564068,,,,19.81316414214868,,1.3371397034689667,,0.850352,0.8850378532912971,0.8994221059686539,0.6094414285536711,0.14778405032403916,-0.3592742676730181,0.177153,0.5391777107534015,0.6322141794935637,0.6932219841146039,0.7978482850354144,0.5297420215916399,0.6140152649901609,0.6820417449766396,0.7909466741140316,-4.051987827130009,-3.233922712635156,-2.6974840735916015,-1.7775101321794464,-4.151115909400504,-3.4072093358375994,-2.8067180814666415,-1.8453798273354378,0.057972,0.8090393697151813,-0.4554554554554552,0.044019351852088745,-1.1561561561561562,0.5100200400801603,1.335751
61,5,1000,4.547855358727953,112.1096859733721,41.53109795052509,17.988354010921316,0.7106852807628995,3.4961778358843603,0.043673701931310996,0.10310630031133433,2.360832623565952,0.791388847954937,0.798124991856581,4.918031045352693,0.9093272233213318,0.034429,-1.5304299260966234,4.715948572876503,3,0.034511,0.07100000000000001,0.03899999999999999,1.820512820512821,0.11600000000000002,0.08299999999999999,1.3975903614457836,0.129,0.10400000000000001,1.2403846153846154,0.300632,1.0,1.0,0.8333333333333334,0.8333333333333334,0.20205899340534025,0.2020379218651204,0.20562997323580232,0.3081238903758439,0.01782,0.08840845755043761,,0.2783523761277,0.4661249113463719,0.22760755716400533,,,,1.5084544700041491,,0.23654131091225855,,0.865854,0.8328939178938266,0.890972710240545,0.60007500887024,0.15605351229622788,-0.36004332835854647,0.177995,0.4980585046401533,0.5860631241079582,0.6682831359609233,0.7754648891310738,0.4799062799984398,0.5700852704238915,0.6603304322583485,0.7710209006985007,-4.413346614394529,-3.6395614363014683,-2.9166377204874987,-1.9742366003345726,-4.591402792360631,-3.795299989099636,-2.9986130226765066,-2.0214342828865,0.055669,0.8148168427354647,-0.35535535535535523,0.04827070965603183,-1.1561561561561562,0.49198396793587174,1.104794
62,5,1000,0.6148166474925246,38.83351435444914,17.28369971966714,5.020112384768277,0.35628029595850375,2.8262594886962256,0.006602229342892555,0.0376052213454488,5.695836874544756,0.37797022584038065,0.5690524325276923,1.7356859022525557,0.6221037539176697,0.022828,-1.2937894370438316,6.396225255772656,2,0.017562,0.10400000000000001,0.093,1.1182795698924732,0.21600000000000003,0.178,1.213483146067416,0.28300000000000003,0.21800000000000003,1.2981651376146788,0.21522,1.0,1.0,0.8333333333333334,0.8333333333333334,0.20182833787312449,0.20181699945578638,0.20148727871736782,0.26635615563641907,0.017608,0.16649376572414726,,0.42314390287056164,2.501841114581391,0.0018104384641134176,,,,10.574444623366315,,0.9765787014684528,,0.88302,0.6704723561546521,0.8530792255048555,0.4316901341695291,0.19039793210697456,-0.555063288383829,0.175601,0.5655779143671824,0.646478075512816,0.7005080632974238,0.7954891130791641,0.5599241841393834,0.6408598954557521,0.6914651602309024,0.78933591626165,-3.8197858557880746,-3.1084470415449648,-2.633372246884349,-1.7982230163941502,-3.8901867699373938,-3.1747304280280435,-2.7273894826218985,-1.8622305564718342,0.056223,0.8710328419372269,-0.3953953953953952,0.0505479682119124,-1.056056056056056,0.6422845691382766,1.144301
63,5,1000,2.236030498105739,47.133128279983715,16.88005981254164,7.574933196542932,0.5711659203410685,2.615773052317245,0.0002851458987132294,0.11161381897175368,391.4270535730323,0.646341208448401,0.6640888936432421,1.7274623794631372,0.8027499556063401,0.026546,-0.8936896135577072,1.4462150174075585,2,0.033204,0.096,0.07,1.3714285714285712,0.178,0.11300000000000002,1.5752212389380529,0.181,0.148,1.222972972972973,0.247077,1.0,1.0,0.8333333333333334,0.8333333333333334,0.20183055828074978,0.20177873434103014,0.20371674359824557,0.293396083665692,0.018449,0.14058944813164811,,0.3898857468029778,1.395737577140239,0.16255178742401366,,,,2.1950593024390335,,0.6191125228441606,,0.93466,0.7424558580741685,0.8922701441176353,0.5742324993859458,0.14323660384823267,-0.4664246717675478,0.178283,0.5241248149459772,0.6521318275821578,0.6948708028519259,0.8126539416659961,0.5022050593747187,0.6306813282511511,0.6813646738719039,0.8040102362065816,-4.184857370399978,-3.05916074422984,-2.683313208408599,-1.6475255648084204,-4.399159866246513,-3.263777403145615,-2.8158738152508658,-1.7320190156857374,0.055116,0.8434780594298759,-0.3153153153153152,0.05804485942768978,-0.9759759759759755,0.5851703406813628,1.188593
64,5,1000,6.067537362349558,103.35997642155324,37.12526115597106,18.83685972587158,0.5723295818120178,3.262384004193319,0.03222910306990531,0.1626015340882493,5.045177141156072,0.6464275547857588,0.7229832551070601,2.319952298915592,0.85057523553755,0.024846,-0.8928528025313753,1.3583489006868579,3,0.040731,0.088,0.05800000000000001,1.5172413793103445,0.182,0.11200000000000002,1.6249999999999998,0.201,0.16399999999999998,1.2256097560975612,0.220584,1.0,1.0,0.8333333333333334,0.8333333333333334,0.20165465345645245,0.20170418185733568,0.2049788121099608,0.29325726152644344,0.013095,0.08968225256320157,,0.4276466372134659,0.5429694723388981,-0.03302201586495004,,,,1.783587959971913,,0.3012970343513324,,0.84988,0.7913619597336374,0.8935490841979297,0.5384356860679655,0.1482714482590311,-0.4372657413877712,0.175328,0.5144998831414124,0.6144568190518409,0.6758395135613228,0.7921291743789953,0.5080946942334446,0.6011716425506008,0.6620005415047547,0.7872032097484962,-4.2674118854004455,-3.388818036458865,-2.84928111151933,-1.8271271233111914,-4.346961664372929,-3.5244417170814657,-2.9868974199577254,-1.880482846354747,0.0511,0.8476318581164057,-0.2552552552552551,0.07653919388230147,-0.9159159159159155,0.5420841683366734,1.459163
65,5,1000,0.33471509426061913,28.549362353369006,6.883412910201358,4.605608519172105,0.7284927262718879,1.8445101844104426,0.013080708165271343,0.15254588520767834,11.661898062421452,0.7488727987562314,0.9113450532526997,2.4906293105983743,0.981612071183199,0.034896,-0.07387121111454038,-0.43999694702616576,1,0.03162,0.10800000000000001,0.05800000000000001,1.8620689655172413,0.185,0.11400000000000002,1.6228070175438594,0.13100000000000003,0.10700000000000001,1.224299065420561,0.246084,1.0,1.0,0.8333333333333334,0.8333333333333334,0.20211628838423443,0.20207119591777029,0.20563564830534287,0.3096311190362746,0.014031,0.08418972470356488,,0.24168349485487292,0.20115265049900818,0.042609188501179986,,,,1.565518069832827,,0.13394803594194107,,0.840351,0.9147992950796358,0.8969906275528153,0.6342686584655233,0.15084312424709123,-0.38062835438970755,0.173368,0.43366096408110755,0.5430303509215839,0.6261329065659924,0.7620280995001081,0.4286694767823763,0.5382191308313886,0.6197450944693157,0.756435660050809,-4.979767785083923,-4.018092684622395,-3.287379448892983,-2.0924653409098104,-5.0442163398714905,-4.0770141118700804,-3.357230061842075,-2.1504036165660017,0.054887,0.8080093222736504,-0.5355355355355353,0.05804485942768978,-1.056056056056056,0.4879759519038076,1.190297
66,5,1000,4.17333120359488,176.5711023092713,38.188473161509656,25.56028805866417,0.44822858783560127,3.317019645502,0.014920005927037572,0.10121801987257453,6.7840468943212935,0.6075316993272395,0.5411373499632799,2.2651712890398104,0.7394508959857848,0.037046,-0.3400608294587812,0.6409437620839911,3,0.016844,0.11199999999999999,0.073,1.5342465753424657,0.219,0.133,1.6466165413533833,0.257,0.185,1.3891891891891892,0.258235,1.0,1.0,0.8333333333333334,0.8333333333333334,0.20144058226285294,0.20139557370540392,0.2037837443456662,0.2788294590603484,0.021184,0.10241985031709215,,0.6115356223736708,1.2051637979438377,-0.13380641610957747,,,,1.8700556331255678,,0.5893148834223408,,0.927517,0.6425149943179944,0.845633701488141,0.4519903782037581,0.19326348066668977,-0.4818541099149983,0.18867,0.6710820730090529,0.7158961624395247,0.7741659923108117,0.8429072087244689,0.6362720192608982,0.6987783364464085,0.7539920494217667,0.8286861833574174,-2.891922496581981,-2.497906656297954,-1.9855848335916537,-1.3811961582533927,-3.2104730871936322,-2.658756255577063,-2.1714081577177193,-1.5121146211458063,0.049653,0.8545454947608518,-0.09509509509509509,0.08393129498166364,-0.7757757757757754,0.6042084168336673,1.163338
67,5,1000,3.46189248583234,343.5747134664049,76.6768243528986,54.53912815391391,0.35831768592494473,4.002931642402532,0.002773431849460606,0.1441608900205897,51.97924371158679,0.5279551644688693,0.4682831075312225,3.311705119734237,0.6748377427569345,0.024734,-0.8722351780949121,1.1842575779048445,1,0.034404,0.1,0.06399999999999999,1.5625000000000004,0.274,0.11500000000000002,2.382608695652174,0.229,0.132,1.7348484848484849,0.263944,1.0,1.0,0.8333333333333334,0.8333333333333334,0.2018332142694739,0.2018247873740898,0.20444909832866856,0.26766417426108,0.01753,0.2018929328480603,,0.59320172690077,1.432673852765024,0.3227433922433094,,,,2.3767144592769345,,0.6640072976049819,,0.84443,0.6929825878664637,0.8907859998924746,0.46182853480094266,0.15862479237517293,-0.4726508158074126,0.189533,0.7839148687578655,0.8397551521528991,0.8269603073323857,0.860656833630762,0.7522285089461618,0.8195692982151517,0.808135210537442,0.8478288606327006,-1.9002904167939025,-1.4092212034858704,-1.5217413054337534,-1.2254081628618305,-2.1895700039777033,-1.5944758242541566,-1.6955194725588125,-1.3447445499585378,0.051347,0.8020201455100708,0.045045045045045015,0.07653919388230147,-0.7957957957957954,0.48997995991983967,1.425141
68,5,1000,1.6139531481688907,97.14404315543018,23.569981701073118,17.720551463760327,0.6350945986256002,2.8212369521357266,5.529369900478948e-06,0.186766348551191,33777.14855629636,0.7028814935498364,0.8301772690680095,2.263510321669701,0.9432430303555457,0.024125,-0.186636347146477,-0.5781236172386022,2,0.019627,0.08399999999999999,0.05100000000000001,1.6470588235294112,0.16699999999999998,0.11100000000000002,1.5045045045045042,0.20500000000000002,0.15099999999999997,1.3576158940397356,0.222521,1.0,1.0,0.8333333333333334,0.8333333333333334,0.20199315084730182,0.20190750629540793,0.20689285035201743,0.29922684255914683,0.015453,0.18343111302878137,,0.4580949126718237,0.5587913412984791,-0.03924051995789868,,,,2.262238504265141,,0.29952151539437943,,0.857182,0.8591100682675017,0.8951837983391152,0.5879507034983162,0.15294141767656955,-0.4179993465553808,0.177294,0.5086638676205236,0.5960629490000897,0.6632820863280642,0.7657690227248389,0.48605299558404036,0.5790515814579978,0.656957253108067,0.7604717395024849,-4.320077220954091,-3.551620037128325,-2.960595187039573,-2.059477906637478,-4.538638598222391,-3.717373043990209,-3.0293922106876536,-2.1152612995468036,0.059912,0.8248024112699183,-0.2752752752752751,0.09203731996618221,-0.8158158158158154,0.5130260521042084,1.138785
69,5,1000,0.49950422966081554,26.896230472884067,9.07842973751125,4.724769847269271,0.619881847378108,2.1251420744649807,0.004345598586282827,0.1118488677922842,25.738426035332083,0.7173586705738593,0.8443103152602358,1.5108235101723193,0.970105993736241,0.020469,-0.5370632440873123,-0.010735199069932033,1,0.024575,0.08299999999999999,0.052000000000000005,1.5961538461538458,0.161,0.10200000000000001,1.5784313725490196,0.193,0.123,1.5691056910569106,0.220722,1.0,1.0,0.8333333333333334,0.8333333333333334,0.2018841728420847,0.2018893539540163,0.20448191901358934,0.29911868367978534,0.012268,0.08104777739612551,,0.22163688789873912,0.2653567326089123,-0.04469754370104817,,,,2.3351168456140257,,0.14201776584843062,,0.862153,0.822760545148675,0.8955618597634317,0.6105590517382752,0.14409444243845426,-0.38068978130959924,0.179006,0.5023899509892433,0.5530333084946111,0.6406813212315843,0.7544299421312181,0.48794743836903504,0.555515848414296,0.6332712219015135,0.7527801323499738,-4.374801189173151,-3.9295637566119472,-3.1589952540010096,-2.1589599794566112,-4.517968488699527,-3.92179541919338,-3.2357402100887143,-2.1812830469311386,0.055323,0.809975602857477,-0.5555555555555552,0.0505479682119124,-1.0960960960960962,0.48096192384769537,1.360414
70,5,1000,0.6388679902857016,36.28115194544961,9.927752770452411,5.8455161284833235,0.6982465949127512,2.162917712700293,0.04068145480278088,0.14300142297551352,3.5151501751539698,0.7492015506173408,0.8655606417651767,1.5302131506842929,0.9515249447754793,0.030331,-0.4402353390074162,0.07882879018096656,1,0.049563,0.08299999999999999,0.05700000000000001,1.4561403508771926,0.158,0.1,1.5799999999999998,0.16999999999999998,0.132,1.2878787878787876,0.218057,1.0,1.0,0.8333333333333334,0.8333333333333334,0.20195224218629929,0.20198643333877236,0.20508092383031137,0.3062870562070121,0.020456,0.0817862470362107,,0.2715029305488504,0.28808452030196957,-0.01047591565810393,,,,1.1254142597041072,,0.17320346967696834,,0.837726,0.8441199030418692,0.8807871127589312,0.593972872220382,0.16504309212909582,-0.38600204807565264,0.174606,0.4597151224686545,0.5580275883934788,0.6431704149922765,0.7648872887463711,0.4561196300544,0.5524765216315778,0.638257715253931,0.7619249880578413,-4.751190382617879,-3.886644173722048,-3.1379099490414024,-2.067548619246052,-4.800398672925723,-3.9499331661441532,-3.192810918713314,-2.101298437187989,0.049949,0.8321654005732746,-0.43543543543543517,0.0607832312829723,-1.0160160160160159,0.5210420841683366,1.163569
71,5,1000,0.8802461118640632,33.572735318169386,9.456379443219397,6.496741452197991,0.7929383762284871,2.0307331681389944,0.016455789654197153,0.19502231668320857,11.851288864370414,0.8291960638234269,0.9148845407851808,3.168743702260075,0.9796190678472666,0.019534,-0.18203784912278884,-0.4526182116402122,1,0.017174,0.077,0.049,1.5714285714285714,0.128,0.094,1.3617021276595744,0.11000000000000001,0.091,1.208791208791209,0.259856,1.0,1.0,0.8333333333333334,0.8333333333333334,0.20129487474622798,0.20130391516893195,0.20771769840948562,0.31567146371726873,0.015615,0.11259424114128387,,0.25026711140493874,0.19070729211041915,0.0023170222241957637,,,,1.6320898303026463,,0.12938761753383093,,0.932075,0.8718863128980109,0.9006889658327566,0.6010159420157183,0.1443693302548288,-0.3478266208525614,0.179814,0.4934116230099329,0.5646528283467503,0.64564633095021,0.7746268027453928,0.48631802756013065,0.5634203039405696,0.6430140951383861,0.7698974428087617,-4.454525154378588,-3.828088079200044,-3.1158972531254605,-1.981748144831716,-4.538184784530642,-3.857015508022026,-3.153834646055291,-2.0328685450395225,0.053696,0.812788897294437,-0.4954954954954953,0.06665363268124913,-0.9959959959959955,0.48997995991983967,1.168832
72,5,1000,0.6739294086656139,24.74606117059994,7.655701367971788,4.1648552576226905,0.7671122961579449,1.9317282097712807,0.029064486039026352,0.12476844021099176,4.292814262858765,0.8580114224823003,0.8320118965414465,5.411135483196456,0.9546689458121508,0.029696,-0.48749344313869925,0.0782083973226162,1,0.024532,0.075,0.038,1.9736842105263157,0.11800000000000002,0.086,1.3720930232558144,0.128,0.097,1.3195876288659794,0.202797,1.0,1.0,0.8333333333333334,0.8333333333333334,0.20216454904096265,0.2021056693136086,0.20526596698436578,0.3131002734740649,0.015525,0.16640565503968857,,0.33144013268519895,1.991487976210733,-0.19997961680889326,,,,5.331515050424118,,0.8101252329197981,,0.838778,0.9090794769942568,0.8989381595764129,0.6557082014647737,0.14748833744853854,-0.36567055973221463,0.176881,0.5426517004877968,0.6199698764359891,0.6980079492140366,0.8044619370837003,0.5087115762825283,0.596692182557249,0.6765595061827546,0.7923676051358808,-4.021371297907502,-3.3415281807553265,-2.655355156064145,-1.7193267247275674,-4.344364914885009,-3.5663700738952,-2.860119362797743,-1.8360515898497258,0.056883,0.8228774656360082,-0.4954954954954953,0.046096044868284336,-1.1161161161161162,0.47995991983967934,1.144446
73,5,1000,10.411539263719552,348.4497769975953,84.73012890559853,47.853023159163214,0.6402650846074294,4.089478780784277,0.01460482179865126,0.14159478893805694,9.69507131892106,0.7233324242919098,0.7181882918619424,3.9707402020033906,0.8155441125216535,0.020233,-0.9270587562749125,1.6088235426064523,2,0.018302,0.09,0.069,1.3043478260869563,0.135,0.10700000000000001,1.2616822429906542,0.191,0.131,1.4580152671755724,0.205467,1.0,1.0,0.8333333333333334,0.8333333333333334,0.20236102803112826,0.20230472601751584,0.2049323277121314,0.29922535365252173,0.013552,0.7010064464676118,,1.3522347583595775,9.610936143496813,0.001707494066568982,,,,2.573431621864688,,4.144006566623029,,0.832876,0.6629844653874956,0.891503289119395,0.4674456935394992,0.14847348151522963,-0.4103701453326134,0.179331,0.592209626530788,0.6460243069684384,0.7210695574111431,0.8128599081156171,0.5643611373574,0.6370360560711057,0.7123673984023292,0.8058882548096942,-3.5860348091873764,-3.112798239984059,-2.452863876987034,-1.6456761300732081,-3.847524116225749,-3.205665626605348,-2.5403458372530707,-1.714377859523263,0.052407,0.8476250166080455,-0.11511511511511509,0.07309099328602911,-0.8958958958958956,0.5821643286573146,1.10834
74,5,1000,0.016528093630247452,16.025695213508765,6.567229534133154,2.9171982513200496,0.31601882870293085,1.9080930929357203,0.0016703279831056517,0.09015398958193152,53.97382459839272,0.4687827835299656,0.44347677112936257,10.579575178266595,0.6763844523029896,0.038811,-1.9726154547578747,4.429094280547675,2,0.020969,0.10800000000000001,0.05399999999999999,2.0000000000000004,0.21399999999999997,0.137,1.5620437956204376,0.24300000000000005,0.148,1.6418918918918923,0.232193,1.0,1.0,0.8333333333333334,0.8333333333333334,0.2020702211810504,0.2020773271076775,0.20142171796121935,0.2609417398987898,0.011943,0.21454626333024213,,0.5043939463029188,2.8520955534454924,-0.20158260586654672,,,,3.7187433022803047,,1.2103995401012522,,0.758695,0.8435458357767243,0.8928769271776135,0.5735040942842634,0.15242111818457593,-0.3627325898535717,0.175216,0.49459614087976184,0.6410359913042295,0.7474884439401438,0.7912121890282389,0.47407533124062806,0.628295130561121,0.7217414152462679,0.7763928695877733,-4.4437540961091315,-3.15618441611086,-2.220203192569852,-1.8357629714946313,-4.646889855272874,-3.2842566427347775,-2.4585973456710253,-1.9757158536228836,0.056196,0.8153861892677303,0.005005005005004979,0.04827070965603183,-1.1761761761761762,0.5470941883767535,1.10902
75,5,1000,0.16463409560365014,9.742130183783587,2.8488553956591787,1.5792117112326214,0.6525759280327292,1.2160788049213667,0.013612305936635982,0.08868127223795977,6.5147868884789135,0.729547301967197,0.8540504301273395,4.346019412163402,0.9585816744062294,0.017635,-0.09734708481564268,-0.20401577383810388,1,0.01466,0.09000000000000001,0.05,1.8,0.146,0.097,1.5051546391752575,0.193,0.137,1.4087591240875912,0.223376,1.0,1.0,0.8333333333333334,0.8333333333333334,0.20266985660891837,0.20264446154450894,0.20301428704818342,0.30145255404037724,0.015501,0.05879021964629187,,0.18852139698693035,0.2997279396468755,-0.13739037515949168,,,,1.6788004191059738,,0.15427440015518523,,0.841607,0.8357838283068306,0.8959090043560786,0.6188698467746516,0.14869016874171176,-0.39283228783226476,0.1747,0.5415001763938698,0.5983851208310271,0.6610823865059534,0.7685426328027626,0.5185981086634036,0.5800472099479942,0.6493318188681335,0.7631467186467087,-4.032378816629278,-3.5320915032571047,-2.9806864362284795,-2.0356033664272193,-4.253427587670457,-3.7104939030608044,-3.0983295715837045,-2.092717746374537,0.052445,0.809298116902176,-0.6356356356356354,0.03338285864731761,-1.1961961961961962,0.4779559118236473,1.404559
76,5,1000,0.8565430265969551,26.093543166831445,11.403957129602176,4.778543096691198,0.7286233009342148,2.3391578057485285,0.012299522269863982,0.09112055555310847,7.4084629918001,0.833467786886032,0.8078351216338782,2.004439447655825,0.9277920079990699,0.024279,-1.1381947362311882,1.7752599569949163,1,0.031491,0.067,0.042,1.5952380952380953,0.11000000000000001,0.079,1.3924050632911393,0.146,0.11000000000000003,1.327272727272727,0.222081,1.0,1.0,0.8333333333333334,0.8333333333333334,0.20231386208545826,0.202337329362937,0.2025349978984677,0.30826715988968806,0.013522,0.06385090179681595,,0.23224019137341098,0.4026347163222142,-0.10313316499650269,,,,2.6985926483240137,,0.19120971620902982,,0.849161,0.8513508429716968,0.8948809679359881,0.60248937163315,0.14976711661406375,-0.3644370865631125,0.177015,0.5028796188671746,0.5742624354567275,0.661289922165123,0.7847940302362785,0.5010067655295996,0.5660256888322786,0.6503183948814084,0.7772958100563466,-4.370941401681884,-3.743306486193325,-2.978115479799225,-1.8922030132536802,-4.4058215475093645,-3.8317420740935892,-3.0874862506588556,-1.9663491426206292,0.051944,0.8212569224647186,-0.4754754754754753,0.04203621683844714,-1.1361361361361362,0.5050100200400801,0.897998
77,5,1000,5.20338335190462,66.55773369664733,25.459237861451214,11.010622463719141,0.5885884315882706,2.9022371562747327,0.0300992549251764,0.09803896486865066,3.2571890936292367,0.6167975111838218,0.7722207353362256,1.8440719092929385,0.8583216308549411,0.029278,-0.9158421557483707,1.6791278745945428,3,0.047567,0.098,0.072,1.3611111111111112,0.177,0.12100000000000002,1.4628099173553715,0.178,0.154,1.155844155844156,0.241289,1.0,1.0,0.8333333333333334,0.8333333333333334,0.20104239402195512,0.2010803774535265,0.20413165979105063,0.2952046630317598,0.013777,0.11696594523338331,,0.3648874781151935,0.47079385536257634,-0.0640475067906888,,,,1.3632585295130901,,0.2599956396085226,,0.842497,0.848208495084977,0.8882672604241351,0.5641671688886256,0.15861125447177696,-0.45102126944374593,0.174211,0.5107885350225283,0.595778255403687,0.6739412243174513,0.7840129220330835,0.5143556648556272,0.5850788459747223,0.6639371095251448,0.7783415981714714,-4.302020108741236,-3.554638838490596,-2.8672905482345303,-1.8993437790439458,-4.291929987236069,-3.66690685843228,-2.9699891316501734,-1.9589281144355741,0.057589,0.8509887416365184,-0.2752752752752751,0.06665363268124913,-0.9759759759759755,0.56312625250501,1.36313
78,5,1000,0.04899734251931515,101.89938024585251,38.288847005355294,22.29294750132292,0.8225853004618254,3.46677929373426,0.017863006196320697,0.18872945577881847,10.565380412715285,0.8646701833189728,0.8435222209650348,2.4013694352160146,0.9166754578993835,0.025186,-0.9684763193802852,1.6100835291747035,2,0.012495,0.07000000000000002,0.053000000000000005,1.3207547169811322,0.091,0.071,1.2816901408450705,0.07300000000000001,0.064,1.1406250000000002,0.222924,1.0,1.0,0.8333333333333334,0.8333333333333334,0.20214372136363304,0.20217326813155947,0.2073233676004807,0.31769775653112264,0.015207,0.12461192969744207,,0.2670695285399529,0.39149635835809377,-0.05269700151603516,,,,2.2806321305934585,,0.19540286957582237,,0.847518,0.7816585478605825,0.89242778886568,0.5472484875118663,0.14860310667727367,-0.3367110823688773,0.178654,0.6211974940825046,0.6683551889428346,0.724526851943337,0.8127094543165344,0.599988355467341,0.6388854842478892,0.7117580615174773,0.8030860806467083,-3.3304925006721513,-2.9158744698307117,-2.422004182673205,-1.646688572808535,-3.535424376766475,-3.1916397416025672,-2.5475697761451848,-1.7403850115903712,0.052656,0.813253723652879,-0.3153153153153152,0.052932660583605615,-1.0760760760760761,0.5,1.406686
79,5,1000,1.6030800400700786,89.3114550859676,20.725021491682238,15.241144294302236,0.7380749502676713,2.7012388448013875,0.03244683499121521,0.208474546234021,6.425111918942611,0.7646781975476982,0.8695156949500138,1.9147712764960185,0.9358538095154216,0.027283,-0.17054606746194095,-0.7951404606401069,2,0.019051,0.11000000000000001,0.073,1.5068493150684934,0.147,0.11200000000000002,1.3124999999999998,0.13999999999999999,0.11399999999999999,1.2280701754385965,0.233339,1.0,1.0,0.8333333333333334,0.8333333333333334,0.2035182406032847,0.20343135797565665,0.20919240077277837,0.30984981469782674,0.01302,0.12011761205668085,,0.4188459756849826,0.6881609815710402,0.11922803452463349,,,,2.1467196640910684,,0.34412190472966286,,0.842436,0.8028340914219758,0.8948098924831637,0.5850386451594062,0.14861153150606077,-0.39239564295385154,0.174906,0.5469912105054769,0.6311056086744511,0.6689900382491744,0.782903397536053,0.5192243772835916,0.6086818123682214,0.6549368354133404,0.7732484756515099,-3.983242361976325,-3.2436363282553113,-2.9105238848748485,-1.9088997909741057,-4.246945408148064,-3.456720560617737,-3.0481254729231075,-2.003016167253623,0.05495,0.8265253642491039,-0.2552552552552551,0.08393129498166364,-0.8958958958958956,0.5110220440881763,1.184007
80,5,1000,0.057233833853300026,98.07635348552165,26.94402092099087,20.118450192745655,0.4210808579144917,2.9811969631414854,0.034507726707696404,0.14878282907627308,4.311580137879364,0.5100962103361715,0.5925239731334659,3.828984350133934,0.7409441972625843,0.029958,-1.0855759654966133,1.1674923391570777,2,0.025128,0.10400000000000001,0.06499999999999999,1.6000000000000005,0.198,0.12200000000000003,1.622950819672131,0.22300000000000003,0.156,1.4294871794871797,0.218856,1.0,1.0,0.8333333333333334,0.8333333333333334,0.2017998398382876,0.20170202229773032,0.20696365989649618,0.27619569153496165,0.014828,0.12371555362055668,,0.4903533523507063,0.7726514639218269,0.11978589667613444,,,,1.2713743957788657,,0.40402777453288463,,0.842323,0.8857109195143661,0.8875496024808758,0.598171062298703,0.16209311396581816,-0.3809759953323991,0.177532,0.5059270843403569,0.5721921829698078,0.7333317276129661,0.7962230171384347,0.49887081139546735,0.57157843055371,0.7050762479498476,0.7838602767238267,-4.344503545620731,-3.761818385552419,-2.344879102193328,-1.7918606677234612,-4.424858563488328,-3.782866561068599,-2.6041107153809513,-1.9084653761872739,0.053537,0.8121602583350345,0.10510510510510505,0.06665363268124913,-0.8358358358358354,0.5100200400801603,1.158246
81,5,1000,0.1971728480545878,74.23684402862487,18.211595490322033,12.189924288218693,0.4944508189327207,2.7409641381131244,0.015043597565255834,0.10406230574927486,6.917381650092363,0.5179090021045651,0.8295406107298923,3.1911002548453307,0.9201753734587291,0.022131,-0.41373243064508214,0.4008030521939956,2,0.020583,0.10899999999999999,0.07400000000000002,1.4729729729729724,0.198,0.13000000000000003,1.5230769230769228,0.227,0.16799999999999998,1.3511904761904763,0.251098,1.0,1.0,0.8333333333333334,0.8333333333333334,0.20166485631638287,0.20169735826971985,0.20407228919393272,0.28468914616580704,0.010562,0.09813879775296062,,0.362805379983487,0.4597524380822541,0.04498923945611142,,,,1.625328426408831,,0.25326767359992275,,0.842621,0.8100830677401644,0.9034074388995844,0.5899581019436416,0.1357827795829076,-0.4677364953109115,0.176234,0.48821994852538875,0.582932775656609,0.6349491122371547,0.7649939091964452,0.4794205883498521,0.5730385803975601,0.631652105650385,0.762473121787159,-4.500425546786721,-3.6675520778002424,-3.2101375120647555,-2.066566314289539,-4.595365420119202,-3.7689614676591097,-3.2515561283962295,-2.09674600658565,0.057857,0.8327398936320052,-0.29529529529529525,0.0697981390783066,-0.8758758758758756,0.5160320641282565,1.102952
82,5,1000,0.9566976382281737,230.71020580385866,73.51334612302388,43.262918564588034,0.33101226511792436,4.083204075680547,0.03796922251618552,0.08390613832281398,2.209846100668679,0.5820177587343776,0.4286240887888083,1.6080241780415183,0.6972374947194555,0.026241,-0.9894725778412831,1.4914424164388782,2,0.023908,0.098,0.06400000000000002,1.5312499999999998,0.209,0.129,1.62015503875969,0.28900000000000003,0.131,2.2061068702290076,0.227738,1.0,1.0,0.8333333333333334,0.8333333333333334,0.20134439904168355,0.20140213353727607,0.20216259110128076,0.2628500721916831,0.014681,0.061405377075984514,,0.5771026523526482,1.860959982890469,-0.12612827414673147,,,,3.5135533480627084,,0.7756589005260199,,0.857274,0.6696392496125309,0.8801719287628211,0.49325385584520287,0.16225132268545192,-0.4686547668624154,0.181929,0.6666480868302477,0.7084081955255724,0.7924997734662949,0.8563724055874011,0.6436267032708622,0.6842712180719971,0.776858687850884,0.843273664787679,-2.9316430132300946,-2.5643862912744133,-1.8248480519487114,-1.2631240950830334,-3.147490724971928,-2.788518168577535,-1.9707851760880386,-1.3842077702430977,0.055331,0.8295546478269666,-0.09509509509509509,0.06665363268124913,-0.9159159159159155,0.5360721442885772,1.39822
83,5,1000,3.7175292043395887,138.90165368074923,37.346266904032106,21.20785110031404,0.6793790952768493,3.321595733438787,0.016943156835671214,0.12729619693842525,7.513133365467212,0.7541687385713703,0.8106987471902977,1.458096343310615,0.9205919742189127,0.037894,-0.8776991422416847,1.035569087235972,2,0.02295,0.08299999999999999,0.05500000000000001,1.5090909090909088,0.14300000000000002,0.10300000000000001,1.3883495145631068,0.16599999999999998,0.119,1.3949579831932772,0.219099,1.0,1.0,0.8333333333333334,0.8333333333333334,0.20310862656652398,0.20310929788653825,0.20603845172134727,0.3038161870502069,0.015855,0.11502152501298112,,0.41296138925241443,1.4000940121113057,0.10247647150251087,,,,3.4314318854704635,,0.6148898625466163,,0.855322,0.8937218112511434,0.9043146035736718,0.6245485071875452,0.1399740422753796,-0.3987792831699293,0.179862,0.5052726425526,0.5636677320989504,0.6434416632650863,0.7765890478046187,0.5008019876005354,0.5636170100766495,0.6373629297748487,0.7695329835637577,-4.3496749215473205,-3.836261517744851,-3.1348839558147406,-1.9642435400726281,-4.409052225992827,-3.854252912303898,-3.2029089499344234,-2.0355471908870717,0.059698,0.8254680098779023,-0.2552552552552551,0.06665363268124913,-0.9559559559559555,0.5440881763527055,1.138517
84,5,1000,0.4931741089458344,12.729243420602586,4.514433559023977,2.2070076575998994,0.35504232043886363,1.513212268284322,0.009471698822715802,0.05454255195344255,5.7584761693049344,0.4257192935744246,0.7389762424110556,11.087094700541394,0.8582843161772244,0.018587,-0.347344625231053,-0.17782372979002536,1,0.032233,0.10400000000000001,0.079,1.3164556962025318,0.266,0.133,2.0,0.24900000000000003,0.125,1.9920000000000002,0.255554,1.0,1.0,0.8333333333333334,0.8333333333333334,0.20216381077902587,0.20212752933747735,0.20149783400306404,0.265680691579286,0.011293,0.042125618467078865,,0.21386214825108066,0.1642270419180947,0.10014354654398723,,,,1.59174999542499,,0.11741439326253529,,0.849305,0.8180495196226353,0.8993814835751043,0.5642798949929234,0.145675985994848,-0.44170128953752363,0.178597,0.6251902047341961,0.6505960790221775,0.7193686851713859,0.8279155352271126,0.5876391053237179,0.6349435662772525,0.7076672898846599,0.8193228373834149,-3.2961637582141394,-3.0727386419777787,-2.4679364868308014,-1.5133504601549026,-3.6414280691142213,-3.223697401307456,-2.5814972997619163,-1.5955026286293226,0.051003,0.8310967113896452,-0.4554554554554552,0.052932660583605615,-1.0760760760760761,0.5260521042084169,1.135105
85,5,1000,0.1346026926818783,13.420481493964612,2.585253534491586,1.60129354712267,0.46196694063865706,1.1435517348401378,0.014543431474111284,0.07609080756060774,5.231970714480743,0.5793537010531729,0.7904179374187758,6.511199570652526,0.9293723982488442,0.027515,0.22747286087658602,-0.325776278309418,2,0.024824,0.10400000000000001,0.06500000000000002,1.5999999999999996,0.23200000000000004,0.122,1.9016393442622954,0.248,0.134,1.8507462686567162,0.304666,1.0,1.0,0.8333333333333334,0.8333333333333334,0.2023892965138329,0.2023852939663724,0.20154163859144777,0.2799310930807419,0.02048,0.07275091448339081,,0.19674256952513774,0.1888423362195538,-0.070863066780228,,,,1.8546041186445492,,0.11396741586006365,,0.922917,0.8380925862592556,0.897495175690797,0.5789039955347378,0.14483351008171408,-0.39609694471770185,0.173642,0.5376289666616386,0.6275331695803206,0.6835962415619659,0.7948265956920424,0.507136219166031,0.6117732918356571,0.6691164498556273,0.784835256038079,-4.06608131712829,-3.2754656135890725,-2.7824481165380233,-1.8042906797271039,-4.352365822088803,-3.428340084104782,-2.921955945520999,-1.9000699871955566,0.059498,0.8339319258606886,-0.6356356356356354,0.046096044868284336,-1.1561561561561562,0.5390781563126252,1.358472
86,5,1000,0.45038580736113626,14.693918067305113,4.80597720898486,2.620885796347961,0.7202045968680422,1.554769789403329,0.02205641557527996,0.11557482347848355,5.23996399523845,0.7314499848032713,0.8845368179026261,1.5637090664174034,0.9568218405131202,0.028578,-0.28092243927425065,-0.36852319870933936,1,0.020134,0.096,0.066,1.4545454545454546,0.15699999999999997,0.118,1.330508474576271,0.13400000000000004,0.11400000000000002,1.1754385964912282,0.24889,1.0,1.0,0.8333333333333334,0.8333333333333334,0.2016847245540249,0.20164778103229242,0.20377273618985675,0.3085702347204572,0.012604,0.07926972857281221,,0.23546387466717036,0.2829577262736792,0.11727780026882381,,,,1.9731355093548815,,0.15620027162604114,,0.850724,0.8755074776899278,0.9090855292137179,0.5733539098000195,0.13729993335225665,-0.3952443330896838,0.181997,0.46438718760869857,0.5676645923309778,0.6325294659560811,0.7647015825778513,0.4663845158455632,0.5671510393348902,0.6266345211651051,0.7597203324744218,-4.7109988465970885,-3.802619279734248,-3.2320983030827755,-2.0695744153932516,-4.7211593320882645,-3.8296282074104013,-3.3033485103494655,-2.1258727085984184,0.052735,0.8202286803356285,-0.5355355355355353,0.0607832312829723,-1.0760760760760761,0.5160320641282565,0.870913
87,5,1000,4.22012814470163e-07,10.0008707783013,3.424564149809378,1.8977219327519252,0.7984625803102141,1.3871107652965309,0.010729636528074153,0.11093935605526468,10.339526018890878,0.8555660530991565,0.90046549845128,11.840176736087292,0.9827810707582574,0.028718,-0.4457846575783766,-0.2883809066654499,1,0.011869,0.07600000000000001,0.044000000000000004,1.7272727272727273,0.10200000000000001,0.07600000000000001,1.3421052631578947,0.13300000000000003,0.099,1.3434343434343436,0.214961,1.0,1.0,0.8333333333333334,0.8333333333333334,0.20178326478097688,0.20175241495513277,0.20366541213081196,0.315817282318902,0.014459,0.09756637608041382,,0.21662499332073262,0.901880096009038,0.9317853791941964,,,,3.432300847692085,,0.384781156153265,,0.847372,0.9024755602462282,0.9041310896359719,0.6620372738275836,0.13926437281366716,-0.3785247824521086,0.178437,0.5139999295942037,0.6135037794467477,0.6958074362234444,0.787859015860734,0.4868443936464886,0.5955865129871712,0.6789920629757257,0.7803172567117346,-4.272104113304847,-3.397431799184023,-2.6739549684869157,-1.8647906165634325,-4.534415750455567,-3.5735337634494124,-2.836534235701931,-1.9411907010977183,0.05564,0.8105659441693319,-0.6956956956956954,0.04203621683844714,-1.1761761761761762,0.46993987975951906,1.405399
88,5,1000,2.2876789325655678e-05,11.59682564113264,4.9458072882697,2.9139473030731518,0.9421224711101536,1.6386952902859608,0.0028619521103667007,0.18314863980743287,63.99430624433688,0.9569972808918872,0.9571063660187045,9.886909232883621,0.9828855940138989,0.041001,-0.5131675241108304,-0.70988293925984,1,0.020023,0.06300000000000001,0.028000000000000004,2.25,0.042,0.026000000000000002,1.6153846153846154,0.027000000000000003,0.027000000000000003,1.0,0.209184,1.0,1.0,0.8333333333333334,0.8333333333333334,0.20168149827530651,0.2016734529059964,0.2057695986425135,0.3283346718495102,0.014354,0.11287334845748387,,0.18785444306172125,0.5708795608830368,-0.007170455882294258,,,,4.890978906701991,,0.2355787381854532,,0.842992,0.7796417293946215,0.8861660902104719,0.5824648348532764,0.1559825802257686,-0.24865031909363414,0.177128,0.6348937155474158,0.6956444422029285,0.7633495471777653,0.8548177428015922,0.6154512556616212,0.6864959185115596,0.755538902272557,0.8501519725454261,-3.209480689525101,-2.6754491146706085,-2.080284812514564,-1.2762301575788682,-3.394393607146621,-2.767285723035269,-2.157846565718878,-1.3227014622306577,0.043903,0.8081481259356729,-0.6156156156156153,0.025316484786313556,-1.276276276276276,0.4819639278557114,1.158252
89,5,1000,1.0372277936256133,149.71398998961217,29.833794535275977,27.09691913832952,0.6701389966188004,2.7454553008288607,0.0036162765724661317,0.26823741178957844,74.1750268306091,0.7437434059068546,0.8102409224128759,8.371362367945165,0.9270658923856956,0.033079,-0.43228608324736606,-1.262001751242906,2,0.025361,0.08399999999999999,0.043,1.9534883720930232,0.133,0.095,1.4000000000000001,0.18,0.10200000000000001,1.764705882352941,0.286885,1.0,1.0,0.8333333333333334,0.8333333333333334,0.20219406863301012,0.20215067234082262,0.22174235088292918,0.3039087217960255,0.021449,0.19234302925146832,,0.5392378370710383,0.8654599546850423,0.45560711768904555,,,,2.293881794285631,,0.4294573906214387,,0.995612,0.8423443270929527,0.8897814268560466,0.6227063886363337,0.15361725695276948,-0.3452732485282758,0.180371,0.4735583002146582,0.5666946528918785,0.6468703023674731,0.7819390052799595,0.45987351118234665,0.5487692841235767,0.6326803781083343,0.7758820977988209,-4.630109335962933,-3.8109654569271925,-3.105812306435487,-1.9178690591461685,-4.770514997229399,-3.9853681348069445,-3.2442470445147915,-1.9794582116102521,0.061029,0.7960697548726126,-0.015015015015014989,0.06665363268124913,-0.8358358358358354,0.531062124248497,1.028766
90,5,1000,0.6856692573152143,35.968114166079395,9.3303279984687,5.99799816234702,0.6136661971564821,2.0618880584292905,0.010491448087758176,0.1442440537338304,13.74872682276719,0.7221917616777508,0.7437416647323394,2.581708895877681,0.9441979977163368,0.031391,-0.3771671878327043,-0.295135868858063,1,0.020248,0.11400000000000002,0.051000000000000004,2.235294117647059,0.18,0.09000000000000001,1.9999999999999998,0.15,0.10699999999999998,1.4018691588785048,0.219414,1.0,1.0,0.8333333333333334,0.8333333333333334,0.20257668398366127,0.20261389180762385,0.20567827875471198,0.2980131866145455,0.016539,0.11617702694524078,,0.2857767145934057,0.5116501562312068,0.28152749231800955,,,,2.6108892482547352,,0.2456728604421729,,0.846923,0.8587185520538634,0.8895582107049657,0.5868936703061198,0.15761654354567955,-0.4229675480669326,0.177548,0.5792655101035338,0.613263375633432,0.6850691867117286,0.804529660253791,0.5526981023119928,0.6091457903458144,0.6742921965066973,0.7937996310008151,-3.7005623365725793,-3.401534746191862,-2.7699680778904856,-1.719255717209844,-3.953510510796388,-3.45459349500602,-2.8787922233617245,-1.822517030180327,0.055391,0.8154214257378675,-0.35535535535535523,0.07309099328602911,-0.9959959959959955,0.5050100200400801,1.142585
91,5,1000,2.1964545449116692,68.7976132726532,19.0250808364794,10.248437748937741,0.6314559503999517,2.7099946347472073,8.674281994433541e-05,0.14965770921556756,1725.3037117262948,0.6534255198270151,0.8571399284409454,1.2521457203695425,0.9256261943874816,0.021717,-0.35659022239359767,-0.07660850333625246,2,0.018928,0.10800000000000001,0.077,1.4025974025974028,0.191,0.11800000000000002,1.6186440677966099,0.175,0.14700000000000002,1.1904761904761902,0.210461,1.0,1.0,0.8333333333333334,0.8333333333333334,0.20166404883700506,0.20167394792959073,0.20472025216643372,0.29979283184279054,0.020335,0.2327311637025515,,0.6941110538918402,3.1422072505507948,0.022858242403449313,,,,2.112584965385159,,1.3811477279213127,,0.79515,0.8761519640691842,0.8850694110248551,0.5499116536548947,0.16817152778795758,-0.4212274221479889,0.162133,0.5104995218357976,0.5604540969536007,0.6405778796312472,0.7547906030668629,0.5048316473096138,0.5564607755543456,0.6365902613018584,0.750348287327978,-4.303904178635148,-3.8646815135260555,-3.1601978644647373,-2.1559892077308964,-4.371129422075098,-3.91537008228598,-3.2080220645387616,-2.2038160165184184,0.05282,0.8421714547553231,-0.35535535535535523,0.06665363268124913,-0.9359359359359355,0.5400801603206413,1.357761
92,5,1000,1.273815501690723,30.70071124571506,12.355230039985985,5.279833443970526,0.2823602900769179,2.384875362150328,0.01838395290643058,0.06407580108860784,3.485420214832827,0.283540158788122,0.6767944413137205,2.7559292407496914,0.778257934336628,0.024961,-0.6825897751022824,0.6309395939056728,3,0.018302,0.101,0.092,1.0978260869565217,0.271,0.193,1.4041450777202074,0.29400000000000004,0.21400000000000002,1.3738317757009346,0.213676,1.0,1.0,0.8333333333333334,0.8333333333333334,0.2019429568281256,0.20198706207387,0.20110925585010808,0.25498254207384485,0.018769,0.05025498520755979,,0.4142054794217361,0.5420484248005863,0.07330838892507555,,,,1.7993837098306444,,0.2994795601046899,,0.853604,0.758398241053033,0.8767726034583514,0.5202559371417083,0.1659320912223484,-0.5515024148339818,0.175646,0.5810410013676066,0.6375540623085253,0.689319046430473,0.778698270590987,0.563110182580542,0.6191773546630461,0.678967045695267,0.7748930362057866,-3.683501895815735,-3.1866371243375244,-2.731517607218927,-1.9456924006557728,-3.8568562689937247,-3.3618961772057743,-2.8340737481070892,-1.9872406494434065,0.052361,0.8374886828409256,-0.2752752752752751,0.05804485942768978,-0.9559559559559555,0.5771543086172345,1.399819
93,5,1000,0.49003239009253197,24.22186190866066,9.45261522853485,5.6122285468695186,0.8461344928782144,2.1318670872099705,0.00023099267563705158,0.1827118947898678,790.9856634456877,0.8627147790191779,0.9240482236373273,2.0249739721468387,0.9767848113253953,0.030608,-0.285001301574217,-0.2931476496911478,3,0.013517,0.092,0.05500000000000001,1.6727272727272724,0.121,0.08499999999999999,1.423529411764706,0.046,0.043,1.0697674418604652,0.21366,1.0,1.0,0.8333333333333334,0.8333333333333334,0.20191689838269924,0.20193996813957962,0.20625783528032923,0.32033385521035745,0.01996,0.09337485543915314,,0.217634073064257,0.3125427941031028,0.12351452428983793,,,,1.9255413992811183,,0.16064063725900338,,0.847247,0.8688457178315303,0.9022666710926838,0.6360968823450116,0.13913504566240145,-0.3286694904337594,0.177566,0.5014314858109178,0.5891690836021077,0.6525887500285642,0.7846481936452794,0.48602145944020714,0.5765384174888736,0.6490288368685849,0.7777537562892313,-4.382985061133748,-3.6116716518944614,-3.0541405551276384,-1.8931876427778995,-4.539450293950253,-3.740005960391155,-3.099771729593485,-1.962875289002115,0.058662,0.8179192182059027,-0.5555555555555552,0.052932660583605615,-1.1161161161161162,0.4879759519038076,1.179503
94,5,1000,1.9228979069034564,55.383763918058946,13.468585799852223,8.13857993172581,0.3921998539416588,2.3269236529001125,0.011661964329084687,0.13626215925966578,11.684323104970481,0.5022144735272771,0.7765983784125958,1.5643388584397924,0.9352731630546687,0.02997,-0.1710072538638807,-0.3016002819251211,2,0.023236,0.1,0.087,1.149425287356322,0.267,0.14699999999999996,1.8163265306122454,0.25,0.15699999999999997,1.5923566878980895,0.21941,1.0,1.0,0.8333333333333334,0.8333333333333334,0.20199837844538227,0.20209222831970983,0.2024039392562326,0.2711071284118125,0.014821,0.07692881454268483,,0.3577462686022228,0.47366393813446855,0.01382608422387963,,,,1.500306152381802,,0.26113748457378894,,0.846706,0.8261903936496503,0.8949955859479143,0.559240735346144,0.14700801014999162,-0.47154222894869996,0.174947,0.5232837118680269,0.5819571494866067,0.6704935759715592,0.7762517046165353,0.49813382388010075,0.566241224583194,0.6489861194195818,0.7650878603048185,-4.192334361315181,-3.676348910957003,-2.897742615721363,-1.9676853725671668,-4.429953470511783,-3.8287720590748746,-3.0983860488409114,-2.0735604390669273,0.055081,0.8306561034746148,-0.35535535535535523,0.0697981390783066,-0.8758758758758756,0.5320641282565131,1.209236
95,5,1000,0.217445715155173,15.373423816007412,4.833192179178519,2.6330155669458826,0.8131183546247744,1.6098264168868066,0.01200718916204492,0.1139961756399681,9.493993481864463,0.8683899095140899,0.8877122451977933,2.1835230465508046,0.9685195144764159,0.027121,-0.44979580382087164,0.041390337554762624,1,0.016927,0.071,0.037,1.9189189189189189,0.10200000000000001,0.07600000000000001,1.3421052631578947,0.11099999999999999,0.09,1.2333333333333332,0.207167,1.0,1.0,0.8333333333333334,0.8333333333333334,0.202160464911572,0.20215258997754992,0.20421114806897483,0.3170664032800117,0.01221,0.07342920166541575,,0.16956605057445095,0.15246314470101752,-0.025879441535685867,,,,1.8483003201585875,,0.09465370790750197,,0.851892,0.9083369706232612,0.9029123133717647,0.6437628054502228,0.14297473902467342,-0.3468722929628347,0.178075,0.5018203376450419,0.5681918210753392,0.6643207211703538,0.782354137263893,0.4874323226626545,0.5627612053017124,0.6534472283619962,0.7732384045505378,-4.380042794011037,-3.7964984229853824,-2.951324025124528,-1.9135630471489735,-4.530107199487853,-3.8643455280823034,-3.0628564289405045,-2.00413405201295,0.056717,0.8165888610780758,-0.6356356356356354,0.03833395101766601,-1.1761761761761762,0.5090180360721442,1.139078
96,5,1000,1.6566619010035977,40.8562518943703,13.329134984444233,6.539824058086397,0.3752794260218357,2.3967453327606716,0.017591179502836445,0.094571099708222,5.376052225092304,0.45017638550603367,0.5773395812180343,3.4400785346990714,0.7025514209777277,0.025412,-0.6168703438535105,0.6543026728802279,1,0.018882,0.10700000000000001,0.088,1.215909090909091,0.22300000000000003,0.14999999999999997,1.4866666666666672,0.269,0.22400000000000003,1.200892857142857,0.208185,1.0,1.0,0.8333333333333334,0.8333333333333334,0.20235795398369216,0.20237247670149175,0.20204150389442824,0.26936956888752683,0.012959,0.06355604793141735,,0.477548746514884,0.7258253015674713,-0.05339164513643966,,,,1.5558370894969609,,0.382950357201801,,0.841175,0.7256888116712867,0.8590734477468659,0.48219688177719794,0.18487233128942615,-0.5318831877155275,0.172826,0.6378552297855549,0.6709863222104923,0.7494209530689446,0.8153334851462838,0.6234627391311133,0.6554179220526909,0.7278340881425411,0.8059907775707321,-3.1838298132022826,-2.8925546976069,-2.202989262306585,-1.6235130363563428,-3.324303929083955,-3.0421838013290907,-2.402849078103623,-1.7128334627810275,0.055857,0.8494269259349785,-0.19519519519519515,0.07309099328602911,-0.8758758758758756,0.6022044088176353,1.117873
97,5,1000,0.9869219751003857,51.253874434453074,20.24866204096432,8.560711507682372,0.49500486024095125,2.8982201731971147,0.014859509833215594,0.09953928836396955,6.698692586848894,0.6128523007506819,0.538599877159768,18.344415053043026,0.6775012297413396,0.032514,-1.4299577565430135,4.12033164815801,2,0.020952,0.077,0.064,1.203125,0.16999999999999998,0.144,1.1805555555555556,0.23999999999999994,0.20700000000000002,1.159420289855072,0.209428,1.0,1.0,0.8333333333333334,0.8333333333333334,0.2014815678063005,0.20151614072590976,0.2031173981323574,0.28495566353875784,0.01471,0.09723590879291776,,0.45272602960113084,0.6308623123960269,-0.10253777424423735,,,,1.2933956273691452,,0.3426324685021208,,0.760559,0.5588961236089169,0.8600636644963672,0.47333051059860565,0.17174587745856426,-0.46035167639195745,0.160286,0.5898398720006399,0.6506084403601682,0.7656634367658474,0.8536366981044007,0.5555837680059299,0.6437007580846724,0.7486486496685874,0.8446104008357908,-3.606991503046957,-3.072586292100932,-2.060780497026111,-1.2871343415812149,-3.923181017761123,-3.145309108654571,-2.2188587531653923,-1.3717355080915894,0.048447,0.8552016935739036,-0.2552552552552551,0.06365079081295572,-0.9159159159159155,0.5991983967935872,1.410452
98,5,1000,1.1317677872661904,122.37504306757138,31.217048534778474,21.198479799914782,0.7747484626704306,3.160030044681607,0.007226050431735422,0.18653069765621427,25.813644593041776,0.8617289835102573,0.8694972703976998,3.854328890411857,0.9731842181227289,0.033279,-0.6927635644252172,0.24750579685962304,1,0.024668,0.06600000000000002,0.034999999999999996,1.8857142857142863,0.099,0.05500000000000001,1.7999999999999998,0.14800000000000002,0.10600000000000001,1.3962264150943398,0.210099,1.0,1.0,0.8333333333333334,0.8333333333333334,0.2020824003614159,0.20215992713547976,0.20739833989325218,0.31188847684123905,0.016128,0.14210729623351626,,0.27491070435010945,0.25707145080080396,-0.02080699138062747,,,,1.8543563683091864,,0.15263721753305765,,0.82242,0.85975384719284,0.8962387332832815,0.637932213779441,0.14736759435347788,-0.37094545186646244,0.175963,0.47784259452588257,0.5890546345368959,0.660887009332543,0.7842973720734876,0.46934098833734766,0.5822244658312639,0.6514321797028116,0.7766352501869669,-4.59144913097981,-3.613536304100694,-2.981897852986094,-1.896722392827078,-4.688176191471017,-3.690892399117626,-3.0794678321020914,-1.9733449900461606,0.058956,0.79286867238665,-0.43543543543543517,0.06365079081295572,-0.9559559559559555,0.48096192384769537,1.151077
99,5,1000,4.781061869161029,167.1084826177033,42.02006949361997,31.92393571761538,0.49290321799294634,3.255015357257489,0.005766155013833022,0.15715807141179144,27.255263001908343,0.5230790104634592,0.7748386272106371,4.724661119795025,0.8833517062733969,0.029098,-0.2612200136026021,-0.5976492698871514,2,0.026125,0.10600000000000001,0.081,1.308641975308642,0.187,0.14399999999999996,1.2986111111111114,0.246,0.16399999999999998,1.5000000000000002,0.207357,1.0,1.0,0.8333333333333334,0.8333333333333334,0.20189665783900437,0.20159902718671754,0.20742140218779867,0.2844087631711077,0.015324,0.17610142258864014,,0.9122507441983754,3.909526020808615,-0.17065742972512918,,,,2.612675379694637,,1.7149949993420175,,0.84405,0.8133292327182767,0.8829312149417464,0.5568916212066122,0.16361876008758153,-0.47913285740208045,0.172628,0.524587585413294,0.6039817342475376,0.6808675150411471,0.7833233071432322,0.5149408198890478,0.5876641163184191,0.666912240760236,0.7770945583664839,-4.180259011726704,-3.4821533334573616,-2.8061035119239106,-1.905218858731442,-4.287052414277192,-3.6443090206557827,-2.94389786023301,-1.9700839627278137,0.051185,0.8470826397742695,-0.03503503503503503,0.11589483034398118,-0.6756756756756753,0.5651302605210421,1.474294
100,5,1000,0.7134330023503979,10.005186163992997,4.841088715614636,1.619132586050413,0.7676499180326856,1.57918478191522,0.020441422262849868,0.060706304089107106,2.9697690947578743,0.8223255991872434,0.8866422734481854,3.816703177278087,0.9691527884896962,0.031753,-0.7302553850079562,0.6595147242967552,2,0.023747,0.079,0.049,1.6122448979591837,0.131,0.089,1.4719101123595506,0.14100000000000001,0.098,1.4387755102040818,0.223432,1.0,1.0,0.8333333333333334,0.8333333333333334,0.20187552700788317,0.20193118063785348,0.20138076733324997,0.31210038805481605,0.016105,0.042717165100408766,,0.13495708857540367,0.20089586912315707,-0.16080592162731938,,,,1.5899003418722344,,0.10541646011406854,,0.858528,0.9036941360358198,0.9033843364639492,0.6273538360246533,0.1426752660533331,-0.3702911121469513,0.177431,0.46754067474274913,0.5635300254146044,0.647238833824339,0.7727380994979726,0.46894364691271756,0.5548523049348084,0.6352664488527595,0.7666512781215675,-4.682187770041153,-3.838104208253948,-3.1020097492238303,-1.9984303789079183,-4.692530386595887,-3.9334226461522306,-3.2228656371768363,-2.061920475524163,0.058236,0.8158234960674696,-0.7157157157157155,0.03660695147596903,-1.296296296296296,0.5060120240480962,1.117425
