evaluations raw_y
1 10.90083648528129
2 36.70151586787523
3 18.779858768279265
4 36.6701676316038
5 47.12494849722155
6 19.3545695545089
7 22.310331765955027
8 23.191318884530858
9 29.347296536525224
10 5.602631852256197
11 38.0828502350287
12 29.439906582146556
13 30.3341439220284
14 26.011476675787968
15 15.590934311178478
16 47.966338407857734
17 29.27513670811723
18 17.15480893185152
19 25.252231354075043
20 41.95413462630119
21 19.140589929131416
22 18.408183127970773
23 30.26617266532936
24 26.8937692056432
25 4.9782814341042325
26 28.06881809124272
27 25.415370771977397
28 11.296787765020811
29 35.25009553746456
30 17.761862816115606
31 4.936002933597439
32 6.2974904285424484
33 13.98151439485212
34 9.853206368795222
35 19.012318007672683
36 11.834762769830714
37 29.356886422677267
38 7.666655360619069
39 34.52677096932433
40 22.025123378502435
41 15.615303876078741
42 17.75051660514789
43 16.276828270984648
44 24.20810324631904
45 25.4651007456427
46 42.98682222844437
47 25.682705734481182
48 30.959204307626894
49 31.71296717376847
50 19.154158576020933
51 31.344995289583636
52 32.20238655129974
53 19.903234917001704
54 35.87406797884277
55 34.76708739175373
56 34.00578985034325
57 44.721345727680244
58 38.66237731524626
59 48.05568849838479
60 58.353612698683904
61 46.30542560991076
62 4.936002933597439
63 5.602631852256197
64 10.90083648528129
65 9.853206368795222
66 15.590934311178478
67 11.834762769830714
68 17.761862816115606
69 7.666655360619069
70 18.779858768279265
71 19.140589929131416
72 15.615303876078741
73 17.75051660514789
74 16.276828270984648
75 24.20810324631904
76 25.415370771977397
77 26.011476675787968
78 25.682705734481182
79 28.06881809124272
80 29.27513670811723
81 19.154158576020933
82 29.439906582146556
83 30.26617266532936
84 19.903234917001704
85 35.25009553746456
86 34.76708739175373
87 34.00578985034325
88 38.0828502350287
89 38.66237731524626
90 58.353612698683904
91 46.30542560991076
92 8.894995409240837
93 6.621155533547427
94 8.03300603109157
95 13.406549211146464
96 13.541802926184937
97 11.834762769830714
98 15.75469605616638
99 9.152657318005527
100 28.97486899947119
101 17.75051660514789
102 17.013247018181048
103 19.87022524895932
104 24.830455604589062
105 22.54250058271859
106 30.539357423305653
107 16.35664949890859
108 36.57545375772945
109 43.68572521720491
110 27.940720552627827
111 28.101728871867685
112 29.589387196682285
113 36.538343150719584
114 28.529472955255894
115 41.91713771790329
116 34.76708739175373
117 42.705768355576296
118 35.83129940442635
119 50.002873844228496
120 21.946370120672185
121 42.08251177173099
122 58.689399223028275
123 58.689399223028275
124 4.936002933597439
125 5.602631852256197
126 7.666655360619069
127 9.853206368795222
128 10.90083648528129
129 11.834762769830714
130 15.590934311178478
131 9.152657318005527
132 16.276828270984648
133 17.75051660514789
134 17.013247018181048
135 18.779858768279265
136 19.140589929131416
137 19.154158576020933
138 19.903234917001704
139 16.35664949890859
140 25.415370771977397
141 25.682705734481182
142 26.011476675787968
143 28.06881809124272
144 29.27513670811723
145 29.439906582146556
146 28.529472955255894
147 34.00578985034325
148 34.76708739175373
149 35.25009553746456
150 35.83129940442635
151 21.946370120672185
152 42.08251177173099
153 58.689399223028275
154 4.889099236410416
155 7.175780134077835
156 8.825260797571005
157 10.146454187863915
158 9.277746756723271
159 10.847941382834895
160 30.3139739212141
161 15.465194413191606
162 17.736827018635598
163 15.064756595747257
164 12.888943743099118
165 19.35133005499526
166 22.140219040571537
167 17.378846153441394
168 19.848896779711932
169 22.832783674834708
170 17.62752730205551
171 28.408458831253142
172 25.681456306319326
173 25.81103041728739
174 29.191317217782725
175 28.448519875769396
176 29.51663539070512
177 30.012650006978866
178 34.240092320074154
179 31.693065350652656
180 36.82947189697289
181 11.457574177832903
182 19.391002459209787
183 56.534647702556676
184 4.889099236410416
185 5.602631852256197
186 7.666655360619069
187 9.152657318005527
188 9.277746756723271
189 10.847941382834895
190 11.834762769830714
191 15.465194413191606
192 16.276828270984648
193 15.064756595747257
194 12.888943743099118
195 17.75051660514789
196 18.779858768279265
197 17.378846153441394
198 19.154158576020933
199 19.903234917001704
200 17.62752730205551
201 25.415370771977397
202 25.681456306319326
203 25.81103041728739
204 28.06881809124272
205 28.448519875769396
206 29.27513670811723
207 29.439906582146556
208 34.00578985034325
209 31.693065350652656
210 35.25009553746456
211 11.457574177832903
212 19.391002459209787
213 56.534647702556676
214 4.177906880343249
215 2.895436728268108
216 7.808412730084834
217 18.53073549663832
218 10.521927666315102
219 10.967885266202352
220 11.457574177832903
221 11.834170485985762
222 22.294264639537808
223 13.603067290673915
224 15.816307148306791
225 21.404662757638757
226 31.041891487409202
227 17.538312666049748
228 17.71453432377902
229 21.45498685831989
230 25.475435040642985
231 22.126509594497318
232 19.767306704724618
233 25.415370771977397
234 27.99562089484636
235 26.955687208412066
236 28.978072776085927
237 30.207648196790423
238 18.764113824601417
239 31.805849725537374
240 33.317670172583355
241 35.84399484579127
242 19.881668608073582
243 35.266650146022236
244 58.689399223028275
245 58.689399223028275
246 58.689399223028275
247 4.177906880343249
248 2.895436728268108
249 7.666655360619069
250 9.152657318005527
251 9.277746756723271
252 10.847941382834895
253 11.457574177832903
254 11.834170485985762
255 12.888943743099118
256 13.603067290673915
257 15.465194413191606
258 16.276828270984648
259 17.378846153441394
260 17.538312666049748
261 17.71453432377902
262 18.779858768279265
263 19.154158576020933
264 19.391002459209787
265 19.767306704724618
266 25.415370771977397
267 25.681456306319326
268 25.81103041728739
269 28.06881809124272
270 28.448519875769396
271 18.764113824601417
272 29.439906582146556
273 31.693065350652656
274 19.881668608073582
275 58.689399223028275
276 58.689399223028275
277 8.098725630233748
278 3.7192079328375818
279 21.33416340185435
280 13.52424902880396
281 2.7301533310466546
282 7.921993887203165
283 10.907120944487088
284 11.926580528940175
285 32.561972557678914
286 13.603067290673915
287 15.362868370746616
288 16.953399542952944
289 28.83877513547868
290 17.34894029961771
291 17.71453432377902
292 17.077735920165065
293 19.670880466256015
294 14.296506809448118
295 40.22735809408309
296 17.44967499069757
297 19.99695947992854
298 25.566403956183763
299 29.49251229749497
300 27.472471093071885
301 37.12803026233841
302 28.360406708511253
303 30.420145188499973
304 30.30437950254204
305 56.42517251291713
306 54.77689387123549
307 2.895436728268108
308 3.7192079328375818
309 7.666655360619069
310 9.152657318005527
311 2.7301533310466546
312 7.921993887203165
313 10.907120944487088
314 11.834170485985762
315 12.888943743099118
316 13.603067290673915
317 15.362868370746616
318 16.276828270984648
319 17.378846153441394
320 17.34894029961771
321 17.71453432377902
322 17.077735920165065
323 18.779858768279265
324 14.296506809448118
325 19.391002459209787
326 17.44967499069757
327 19.881668608073582
328 25.415370771977397
329 25.681456306319326
330 25.81103041728739
331 28.06881809124272
332 28.360406708511253
333 29.439906582146556
334 30.30437950254204
335 56.42517251291713
336 54.77689387123549
337 3.0775681033445403
338 3.296272072751831
339 3.7192079328375818
340 9.120010172018024
341 6.317095773694843
342 9.159951916123777
343 10.969579367615356
344 26.323287273058426
345 12.897888215571886
346 26.892963983321792
347 14.246603904131353
348 19.69676989032188
349 24.29531563714755
350 17.38310351578972
351 18.283334035243854
352 9.802626778666978
353 17.45807011335542
354 17.85213350235773
355 16.380127349327456
356 21.909720385640718
357 17.59449751231077
358 25.323093052873503
359 25.673764631895327
360 28.811762783335062
361 26.27679137742964
362 30.886084773647145
363 31.076846834057065
364 28.389607370947548
365 51.53907200020093
366 56.42517251291713
367 58.689399223028275
368 2.7301533310466546
369 2.895436728268108
370 3.7192079328375818
371 7.666655360619069
372 6.317095773694843
373 9.152657318005527
374 10.907120944487088
375 11.834170485985762
376 12.888943743099118
377 13.603067290673915
378 14.246603904131353
379 15.362868370746616
380 16.276828270984648
381 17.077735920165065
382 17.34894029961771
383 9.802626778666978
384 17.44967499069757
385 17.71453432377902
386 16.380127349327456
387 19.391002459209787
388 17.59449751231077
389 25.323093052873503
390 25.673764631895327
391 25.81103041728739
392 26.27679137742964
393 28.360406708511253
394 29.439906582146556
395 28.389607370947548
396 51.53907200020093
397 58.689399223028275
398 2.804267521743186
399 2.609472475698447
400 5.761436128998771
401 6.7983615264999955
402 9.919169870147917
403 9.71009658344541
404 7.20867727512363
405 7.253199634712212
406 11.915643600157082
407 10.427563569098009
408 3.3331051281101036
409 15.857400095093812
410 27.296844965062803
411 18.571981470842044
412 17.0887874453825
413 6.9626674124985675
414 16.95231620566659
415 39.304477017892594
416 29.42618461663035
417 18.924776493125755
418 18.58268977862241
419 29.94155648820796
420 27.284302450473756
421 32.392751513219096
422 24.7782889150679
423 21.74352846847546
424 30.938022662635152
425 29.718877525474586
426 52.22252899215995
427 15.849558394803807
428 58.689399223028275
429 58.44412340660495
430 2.7301533310466546
431 2.609472475698447
432 3.7192079328375818
433 6.317095773694843
434 7.666655360619069
435 9.152657318005527
436 7.20867727512363
437 7.253199634712212
438 11.834170485985762
439 10.427563569098009
440 3.3331051281101036
441 14.246603904131353
442 15.362868370746616
443 16.276828270984648
444 16.380127349327456
445 6.9626674124985675
446 16.95231620566659
447 17.44967499069757
448 17.59449751231077
449 17.71453432377902
450 18.58268977862241
451 25.323093052873503
452 25.673764631895327
453 25.81103041728739
454 24.7782889150679
455 21.74352846847546
456 28.389607370947548
457 52.22252899215995
458 15.849558394803807
459 58.44412340660495
460 2.6916083000558144
461 2.6488790944243137
462 12.738516130097256
463 3.6680019946789897
464 6.274307537962161
465 11.375799979093095
466 25.329721594794172
467 20.77398104475255
468 5.956353300642977
469 9.15638575213432
470 12.425086191412586
471 14.44562117287995
472 15.122149592589214
473 49.13560395461896
474 15.849558394803807
475 15.466547457873691
476 17.544943959243252
477 21.158838029951095
478 17.446625812274434
479 15.49527498396996
480 17.92402478711064
481 14.387790620766575
482 17.79241279872288
483 26.633661766538896
484 26.16854155531227
485 24.564828805224604
486 21.60859800311565
487 31.60380105122747
488 48.62050851793399
489 55.40614842586373
490 56.618042027478495
491 22.073747379576464
492 2.609472475698447
493 2.6488790944243137
494 3.3331051281101036
495 3.6680019946789897
496 6.274307537962161
497 6.9626674124985675
498 7.20867727512363
499 7.253199634712212
500 5.956353300642977
501 9.152657318005527
502 10.427563569098009
503 11.834170485985762
504 14.246603904131353
505 15.362868370746616
506 15.849558394803807
507 15.466547457873691
508 16.380127349327456
509 16.95231620566659
510 17.446625812274434
511 15.49527498396996
512 17.71453432377902
513 14.387790620766575
514 17.79241279872288
515 24.7782889150679
516 25.323093052873503
517 24.564828805224604
518 21.60859800311565
519 48.62050851793399
520 56.618042027478495
521 22.073747379576464
522 2.6096998605925084
523 2.659044119864761
524 7.013599601857049
525 3.912297709354516
526 32.77754669613651
527 6.2692431644999695
528 8.439508646367678
529 6.210881862013318
530 8.732758081154353
531 10.9677615836978
532 10.53260463853871
533 10.774071386261536
534 17.234477960601232
535 20.060688015250953
536 15.698974119381269
537 12.81422406405782
538 30.556757848782958
539 15.807279049512072
540 28.825627277008493
541 12.5031736099799
542 22.865962555376974
543 17.92402478711064
544 16.689824248957386
545 20.53147865565819
546 22.073747379576464
547 24.56838700694572
548 24.81721688434637
549 9.061143678765637
550 50.818948880181814
551 58.689399223028275
552 58.479711457628994
553 58.38900198302956
554 2.609472475698447
555 2.6488790944243137
556 3.3331051281101036
557 3.6680019946789897
558 5.956353300642977
559 6.2692431644999695
560 6.9626674124985675
561 6.210881862013318
562 7.253199634712212
563 9.152657318005527
564 10.427563569098009
565 10.774071386261536
566 14.246603904131353
567 14.387790620766575
568 15.362868370746616
569 12.81422406405782
570 15.49527498396996
571 15.807279049512072
572 16.380127349327456
573 12.5031736099799
574 17.446625812274434
575 17.71453432377902
576 16.689824248957386
577 20.53147865565819
578 22.073747379576464
579 24.564828805224604
580 24.7782889150679
581 9.061143678765637
582 58.689399223028275
583 58.38900198302956
584 2.08398483015276
585 3.499035487050048
586 17.768399949504513
587 1.502229531451064
588 5.1743605993675015
589 6.456862791557357
590 6.1354739565971
591 9.687917837244783
592 8.84904919230566
593 4.2829776798329275
594 20.1740957451217
595 9.471658661339845
596 12.73657120385657
597 12.778212033197937
598 20.342502751098916
599 13.865287755858859
600 16.67518036559942
601 16.290780125622547
602 17.710767925007424
603 19.259072605401364
604 17.544943959243252
605 20.856885997522145
606 17.446625812274434
607 17.785174338202616
608 22.349820151034585
609 40.297283530745574
610 21.81913354395225
611 24.803692522357128
612 35.50679205050384
613 50.50995532181953
614 32.46040364549846
615 2.08398483015276
616 2.6488790944243137
617 3.3331051281101036
618 1.502229531451064
619 5.1743605993675015
620 6.210881862013318
621 6.1354739565971
622 6.9626674124985675
623 7.253199634712212
624 4.2829776798329275
625 9.152657318005527
626 9.471658661339845
627 10.774071386261536
628 12.5031736099799
629 12.81422406405782
630 13.865287755858859
631 14.387790620766575
632 15.362868370746616
633 15.49527498396996
634 15.807279049512072
635 16.380127349327456
636 16.689824248957386
637 17.446625812274434
638 17.71453432377902
639 20.53147865565819
640 22.073747379576464
641 21.81913354395225
642 35.50679205050384
643 50.50995532181953
644 32.46040364549846
645 2.627530678536497
646 5.588388070848696
647 4.375384357977385
648 3.13473818604536
649 4.284844039807543
650 6.169258771219041
651 9.393530420736237
652 27.564899352272008
653 8.357913714312627
654 2.7519780508281433
655 9.112848623067773
656 12.614199340104735
657 12.579579581765127
658 12.60342331787087
659 18.314704036729843
660 13.624210633338617
661 14.428024043124765
662 16.57691713549862
663 15.61845988718445
664 15.807279049512072
665 15.199429220979923
666 16.673993624187563
667 17.446625812274434
668 42.89948723292352
669 11.233378559875128
670 24.449870924850366
671 19.94936702555108
672 32.46040364549846
673 31.451145499634748
674 36.84337626258869
675 35.79910641175306
676 52.672089248759285
677 23.20073322625546
678 1.502229531451064
679 2.08398483015276
680 2.6488790944243137
681 3.13473818604536
682 4.2829776798329275
683 5.1743605993675015
684 6.1354739565971
685 6.210881862013318
686 6.9626674124985675
687 2.7519780508281433
688 9.112848623067773
689 9.471658661339845
690 10.774071386261536
691 12.5031736099799
692 12.81422406405782
693 13.624210633338617
694 14.387790620766575
695 15.362868370746616
696 15.49527498396996
697 15.807279049512072
698 15.199429220979923
699 16.673993624187563
700 17.446625812274434
701 17.71453432377902
702 11.233378559875128
703 21.81913354395225
704 19.94936702555108
705 31.451145499634748
706 35.79910641175306
707 23.20073322625546
708 3.8755861763129413
709 2.079030560297875
710 20.99915474589941
711 3.0373786263260802
712 3.9188805066243715
713 4.386627041477021
714 36.04662184793154
715 6.757864641398315
716 26.357981816786477
717 6.99955253804483
718 9.495519961097356
719 10.48906149591577
720 11.031362997338768
721 21.19140491522394
722 49.141702305519125
723 12.808307453105957
724 11.395835462860004
725 14.255922381329565
726 33.3028806020813
727 15.698974119381269
728 16.23961438932542
729 11.868511607186468
730 16.570028878196304
731 8.919434531014122
732 16.649944427781044
733 15.452358738457622
734 21.756926631414444
735 25.964606822428173
736 32.62573279027288
737 39.32423085390871
738 32.106577634322235
739 38.93703388732973
740 54.47500737416233
741 1.502229531451064
742 2.079030560297875
743 2.6488790944243137
744 2.7519780508281433
745 3.13473818604536
746 4.2829776798329275
747 5.1743605993675015
748 6.1354739565971
749 6.210881862013318
750 6.9626674124985675
751 9.112848623067773
752 9.471658661339845
753 10.774071386261536
754 11.233378559875128
755 12.5031736099799
756 12.808307453105957
757 11.395835462860004
758 14.255922381329565
759 15.199429220979923
760 15.362868370746616
761 15.49527498396996
762 11.868511607186468
763 16.570028878196304
764 8.919434531014122
765 16.649944427781044
766 15.452358738457622
767 21.756926631414444
768 32.62573279027288
769 32.106577634322235
770 54.47500737416233
771 9.569168115565708
772 6.6906575789029645
773 2.6488790944243137
774 23.456614762346188
775 20.80159626679579
776 2.844349117257459
777 20.206189957480866
778 6.134967092610945
779 40.98973334750991
780 7.386397071948281
781 8.885468113727544
782 8.333187662403988
783 9.469694269982014
784 14.025727602805867
785 13.35342517692763
786 11.767261254915336
787 11.868511607186468
788 35.47555737705899
789 12.790232448967915
790 14.007845807199104
791 16.393650387301975
792 15.698974119381269
793 46.493916817280464
794 15.325762235050236
795 20.09590791340308
796 16.628941433138507
797 29.92719312747002
798 19.05141512648025
799 29.45232244506125
800 54.47500737416233
801 33.90149055110796
802 1.502229531451064
803 2.079030560297875
804 2.6488790944243137
805 2.7519780508281433
806 3.13473818604536
807 2.844349117257459
808 5.1743605993675015
809 6.134967092610945
810 6.210881862013318
811 6.9626674124985675
812 8.885468113727544
813 8.333187662403988
814 9.469694269982014
815 10.774071386261536
816 11.233378559875128
817 11.395835462860004
818 11.868511607186468
819 12.5031736099799
820 12.790232448967915
821 14.007845807199104
822 15.199429220979923
823 15.362868370746616
824 15.452358738457622
825 15.325762235050236
826 16.570028878196304
827 16.628941433138507
828 21.756926631414444
829 19.05141512648025
830 29.45232244506125
831 33.90149055110796
832 1.9861991737938924
833 2.2717535663222534
834 2.6488790944243137
835 2.841730624921298
836 5.027648973987262
837 15.042536664249303
838 5.039621540762168
839 6.658659105071226
840 6.456862791557357
841 7.474487589939788
842 9.248736739729736
843 23.03206631167837
844 31.06039016242842
845 6.175582364546123
846 13.056384345283224
847 10.944795333559801
848 11.532330073103285
849 9.096800774169143
850 12.802716981626235
851 13.91116329174862
852 30.095023318881374
853 17.590634885263544
854 45.387033309128384
855 15.939978632817141
856 14.624836257874016
857 16.962274813915084
858 17.85487730534041
859 21.566007615860034
860 26.288291816940212
861 18.922869911943636
862 1.502229531451064
863 2.079030560297875
864 2.6488790944243137
865 2.7519780508281433
866 2.844349117257459
867 3.13473818604536
868 5.039621540762168
869 6.134967092610945
870 6.210881862013318
871 6.9626674124985675
872 8.333187662403988
873 8.885468113727544
874 9.469694269982014
875 6.175582364546123
876 11.233378559875128
877 10.944795333559801
878 11.532330073103285
879 9.096800774169143
880 12.790232448967915
881 13.91116329174862
882 15.199429220979923
883 15.325762235050236
884 15.362868370746616
885 15.452358738457622
886 14.624836257874016
887 16.628941433138507
888 17.85487730534041
889 21.566007615860034
890 26.288291816940212
891 18.922869911943636
892 13.384407966170041
893 13.19578697041663
894 2.640841188085128
895 16.41357939898324
896 5.108948886141493
897 2.887125381457116
898 14.525844743377402
899 6.120581747380516
900 6.175582364546123
901 7.267047184388629
902 10.88311124726016
903 11.35209255840507
904 9.93929755355458
905 8.185896553690192
906 9.266259245624475
907 11.42923950796575
908 11.370910458867186
909 27.04964520604477
910 12.753300478528633
911 13.91116329174862
912 16.53825045951012
913 35.86077210924055
914 45.9755253419526
915 14.316594093323896
916 16.088124514209184
917 21.333005641637538
918 16.320622631511597
919 16.562542910228046
920 21.59779431569524
921 5.088030350673284
922 31.130518931526684
923 29.57192067209037
924 1.502229531451064
925 2.079030560297875
926 2.640841188085128
927 2.7519780508281433
928 2.844349117257459
929 2.887125381457116
930 5.039621540762168
931 6.120581747380516
932 6.175582364546123
933 6.210881862013318
934 6.9626674124985675
935 8.333187662403988
936 8.885468113727544
937 8.185896553690192
938 9.266259245624475
939 10.944795333559801
940 11.233378559875128
941 11.532330073103285
942 12.753300478528633
943 13.91116329174862
944 14.624836257874016
945 15.199429220979923
946 15.325762235050236
947 14.316594093323896
948 15.452358738457622
949 16.628941433138507
950 16.320622631511597
951 16.562542910228046
952 5.088030350673284
953 29.57192067209037
954 17.72631395215747
955 26.1541736704158
956 2.4441928281801166
957 2.0931774783229278
958 3.040470852678598
959 2.8827026561632145
960 5.515924198626044
961 5.123973507868838
962 6.393276534508192
963 7.465909685841432
964 6.677386555732934
965 7.037749269631854
966 8.141274324978134
967 11.207032872946728
968 29.481844889993415
969 18.080692501846997
970 10.654178554424838
971 11.239368591124355
972 29.04754711089649
973 12.368987378261158
974 15.697926173931666
975 14.658772641906463
976 14.565581091356368
977 15.190731834063172
978 16.413192455806286
979 15.452358738457622
980 16.320622631511597
981 16.893279213541646
982 26.256063790578295
983 42.514475365824325
984 13.73888472341451
985 22.224852296027862
986 1.502229531451064
987 2.079030560297875
988 2.4441928281801166
989 2.0931774783229278
990 2.844349117257459
991 2.8827026561632145
992 5.039621540762168
993 5.088030350673284
994 6.120581747380516
995 6.175582364546123
996 6.210881862013318
997 6.9626674124985675
998 8.141274324978134
999 8.333187662403988
1000 8.885468113727544
1001 9.266259245624475
1002 10.654178554424838
1003 11.233378559875128
1004 11.532330073103285
1005 12.368987378261158
1006 13.91116329174862
1007 14.316594093323896
1008 14.565581091356368
1009 15.190731834063172
1010 15.325762235050236
1011 15.452358738457622
1012 16.320622631511597
1013 26.256063790578295
1014 13.73888472341451
1015 22.224852296027862
evaluations raw_y
1 23.596271401474244
2 30.807408973443806
3 20.408377501144475
4 29.79072018196891
5 14.227682971795664
6 44.671691759825116
7 25.063463791648882
8 31.66521163092498
9 48.260661160351454
10 36.41307110276305
11 34.39018083698118
12 21.22490461002534
13 26.270569446364465
14 23.233582509600375
15 40.38701604235316
16 21.11237853239177
17 26.88393447966825
18 23.528950908699038
19 22.78928302671131
20 14.037278218204795
21 20.213883033972404
22 42.318536062614825
23 36.42580545535629
24 34.281283174118926
25 48.834492860908426
26 15.4745104117722
27 41.360246276145546
28 23.76063603903879
29 50.11205101412827
30 43.73158750460105
31 13.401903766331259
32 13.774781293381174
33 13.336034513056555
34 22.395723690455306
35 18.633670210698163
36 27.06535816043381
37 20.881359896564444
38 24.657575236477502
39 31.580629309244088
40 26.03337479865465
41 26.737933329680743
42 17.93477734779761
43 41.797254044695094
44 12.609079841141213
45 23.628074641725437
46 27.473580452525077
47 30.807408973443806
48 25.333540083801648
49 33.92967522614101
50 43.22434857311027
51 31.884488331780787
52 37.838793542032676
53 27.023962944123692
54 41.54170888612049
55 42.38236049703613
56 42.859955425557715
57 38.80138774228149
58 50.688999083470534
59 58.689399223028275
60 20.788611518882632
61 50.40133934884604
62 58.689399223028275
63 13.401903766331259
64 13.774781293381174
65 13.336034513056555
66 20.213883033972404
67 18.633670210698163
68 21.11237853239177
69 20.881359896564444
70 22.78928302671131
71 23.233582509600375
72 23.528950908699038
73 23.596271401474244
74 17.93477734779761
75 25.063463791648882
76 12.609079841141213
77 23.628074641725437
78 27.473580452525077
79 30.807408973443806
80 25.333540083801648
81 33.92967522614101
82 34.39018083698118
83 31.884488331780787
84 36.42580545535629
85 27.023962944123692
86 41.360246276145546
87 42.318536062614825
88 42.859955425557715
89 38.80138774228149
90 58.689399223028275
91 20.788611518882632
92 58.689399223028275
93 12.609079841141213
94 20.172877569465168
95 13.092582584956329
96 13.918100958034023
97 24.622754795608234
98 17.4565001928652
99 9.128800169184355
100 20.730974650772612
101 20.885141834573396
102 16.238143281062158
103 22.78928302671131
104 30.973428070136837
105 27.043947770623067
106 23.866167769752806
107 22.901902841260664
108 27.359599129679616
109 10.696468857983696
110 28.335383217933206
111 27.8668827663804
112 30.725266672372015
113 23.69486879820154
114 30.800107881263525
115 30.284629670894255
116 39.132007081547314
117 42.98265029606527
118 34.65984726736568
119 43.90596101641128
120 44.13687232109403
121 58.689399223028275
122 68.66757214540276
123 58.689399223028275
124 56.420855883792214
125 12.609079841141213
126 13.336034513056555
127 13.092582584956329
128 13.774781293381174
129 17.93477734779761
130 17.4565001928652
131 9.128800169184355
132 20.730974650772612
133 20.881359896564444
134 16.238143281062158
135 22.78928302671131
136 23.233582509600375
137 23.528950908699038
138 23.596271401474244
139 22.901902841260664
140 25.063463791648882
141 10.696468857983696
142 27.023962944123692
143 27.473580452525077
144 30.725266672372015
145 23.69486879820154
146 30.800107881263525
147 30.284629670894255
148 36.42580545535629
149 38.80138774228149
150 34.65984726736568
151 42.318536062614825
152 58.689399223028275
153 58.689399223028275
154 56.420855883792214
155 23.92058158498842
156 11.897011613631179
157 12.648244480807415
158 13.058985623475156
159 28.149881068612896
160 13.594379570108858
161 17.256035637600434
162 8.599951023841083
163 15.349505325839528
164 18.249619257116393
165 22.636385818616088
166 22.83188784762851
167 14.70432064949224
168 23.233526252657462
169 23.14669678643902
170 24.31898721020793
171 22.438312423042788
172 25.061511483091554
173 27.02879129102927
174 27.443023666204493
175 33.06843516292202
176 39.36601805487114
177 48.75729856253831
178 34.6854307671739
179 43.53970350294226
180 42.235646698946525
181 9.124114017384375
182 56.420855883792214
183 58.689399223028275
184 58.689399223028275
185 58.689399223028275
186 58.0465406048059
187 9.128800169184355
188 10.696468857983696
189 12.609079841141213
190 13.058985623475156
191 13.336034513056555
192 13.594379570108858
193 16.238143281062158
194 8.599951023841083
195 15.349505325839528
196 18.249619257116393
197 20.881359896564444
198 22.78928302671131
199 14.70432064949224
200 23.233526252657462
201 23.14669678643902
202 23.596271401474244
203 22.438312423042788
204 25.061511483091554
205 27.023962944123692
206 27.443023666204493
207 30.284629670894255
208 30.725266672372015
209 30.800107881263525
210 34.65984726736568
211 36.42580545535629
212 38.80138774228149
213 9.124114017384375
214 58.689399223028275
215 58.689399223028275
216 58.0465406048059
217 7.771242888620618
218 9.15549688419047
219 9.085593168669417
220 12.764931775163094
221 22.949524419448323
222 12.132684895314195
223 10.728472639286743
224 13.219672125663145
225 15.141832540084469
226 15.35137972299585
227 17.420087333704846
228 16.74798993077154
229 20.881359896564444
230 28.481304523492504
231 26.82748513770357
232 11.727604305510969
233 27.791910431429997
234 22.959408301590063
235 26.064690085453137
236 13.964193717348966
237 29.341201635666003
238 30.31630255857537
239 36.780303774109065
240 33.061663193657886
241 32.24125650939475
242 20.93594287443529
243 41.716531156958446
244 58.0465406048059
245 57.97652454304311
246 58.689399223028275
247 58.689399223028275
248 58.689399223028275
249 58.689399223028275
250 7.771242888620618
251 9.124114017384375
252 9.085593168669417
253 10.696468857983696
254 12.609079841141213
255 12.132684895314195
256 10.728472639286743
257 13.219672125663145
258 14.70432064949224
259 15.349505325839528
260 16.238143281062158
261 16.74798993077154
262 20.881359896564444
263 22.438312423042788
264 22.78928302671131
265 11.727604305510969
266 23.233526252657462
267 22.959408301590063
268 25.061511483091554
269 13.964193717348966
270 27.443023666204493
271 30.284629670894255
272 30.725266672372015
273 30.800107881263525
274 32.24125650939475
275 20.93594287443529
276 38.80138774228149
277 57.97652454304311
278 58.689399223028275
279 58.689399223028275
280 35.13209815222274
281 9.085593168669417
282 9.132912566479144
283 27.10111262481462
284 10.251511208482903
285 12.048331980657506
286 29.10793195924588
287 12.596605288311807
288 13.750398110195947
289 30.520513493810043
290 15.011960926481803
291 6.1970894736138185
292 15.49045361806661
293 17.2956173561339
294 20.328583054141923
295 24.57745698779388
296 17.037657560369457
297 22.83971230729671
298 22.959408301590063
299 27.85415518223717
300 25.270443719110176
301 24.85919224517122
302 32.737106280026865
303 26.230700283284566
304 31.004181267530274
305 12.78482990940174
306 34.2409726915114
307 54.10080839455975
308 58.689399223028275
309 58.689399223028275
310 58.689399223028275
311 58.689399223028275
312 7.771242888620618
313 9.085593168669417
314 9.124114017384375
315 10.696468857983696
316 10.251511208482903
317 11.727604305510969
318 12.132684895314195
319 12.596605288311807
320 13.219672125663145
321 13.964193717348966
322 14.70432064949224
323 6.1970894736138185
324 15.49045361806661
325 16.74798993077154
326 20.328583054141923
327 20.93594287443529
328 17.037657560369457
329 22.78928302671131
330 22.959408301590063
331 23.233526252657462
332 25.061511483091554
333 24.85919224517122
334 30.284629670894255
335 26.230700283284566
336 30.800107881263525
337 12.78482990940174
338 34.2409726915114
339 54.10080839455975
340 58.689399223028275
341 58.689399223028275
342 1.3364750125191431
343 8.782242386518016
344 39.496159688880844
345 42.404966338197504
346 10.559585071001095
347 10.319750803041607
348 11.706327581765755
349 12.751252295654126
350 12.638726325714408
351 19.00867032217103
352 41.044716552094634
353 13.985243398021282
354 22.555876660976047
355 27.925647038333384
356 16.502042507459358
357 16.495144303731724
358 9.409701252845716
359 19.831246515543768
360 26.468786915831195
361 22.959408301590063
362 24.846531159794093
363 29.237931916344692
364 26.579307422770004
365 28.044058980274052
366 28.743704114291965
367 33.061663193657886
368 37.543163894267515
369 54.10080839455975
370 66.74352277731943
371 54.93372968424762
372 50.895873624018364
373 1.3364750125191431
374 7.771242888620618
375 9.085593168669417
376 9.124114017384375
377 10.251511208482903
378 10.319750803041607
379 11.706327581765755
380 12.132684895314195
381 12.596605288311807
382 12.78482990940174
383 13.219672125663145
384 13.964193717348966
385 14.70432064949224
386 15.49045361806661
387 16.502042507459358
388 16.495144303731724
389 9.409701252845716
390 19.831246515543768
391 22.78928302671131
392 22.959408301590063
393 23.233526252657462
394 24.85919224517122
395 25.061511483091554
396 26.230700283284566
397 28.743704114291965
398 30.800107881263525
399 34.2409726915114
400 66.74352277731943
401 54.93372968424762
402 50.895873624018364
403 0.6707438067751983
404 35.28641120544106
405 5.720024766147805
406 23.250848165271016
407 9.409701252845716
408 9.91906059836648
409 16.395922937267336
410 11.875029041971136
411 11.207690920415626
412 48.42592910482041
413 15.528896143872249
414 16.709294872632395
415 13.908337701180628
416 14.741349150064964
417 20.61051927753733
418 10.070342095065964
419 13.337018965297258
420 19.50913679567985
421 28.15001499459549
422 30.48410778387173
423 23.309614341357346
424 22.18061926685816
425 25.034830172709476
426 26.89881248258169
427 10.335718477788312
428 32.0061168166346
429 29.1945392822685
430 46.676760921083314
431 42.73322674937991
432 66.74352277731943
433 58.689399223028275
434 0.6707438067751983
435 7.771242888620618
436 5.720024766147805
437 9.124114017384375
438 9.409701252845716
439 9.91906059836648
440 10.319750803041607
441 11.706327581765755
442 11.207690920415626
443 12.596605288311807
444 12.78482990940174
445 13.219672125663145
446 13.908337701180628
447 14.70432064949224
448 15.49045361806661
449 10.070342095065964
450 13.337018965297258
451 19.50913679567985
452 22.78928302671131
453 22.959408301590063
454 23.233526252657462
455 22.18061926685816
456 25.034830172709476
457 26.230700283284566
458 10.335718477788312
459 30.800107881263525
460 29.1945392822685
461 46.676760921083314
462 42.73322674937991
463 58.689399223028275
464 0.6743465475486136
465 19.851668520167728
466 9.641815347154095
467 11.977027087944958
468 11.041699802524032
469 9.596040754854712
470 22.00319361383218
471 8.410687882724977
472 8.813425848832075
473 11.27820705824318
474 7.410379263569137
475 12.13558924497316
476 25.650680254102678
477 14.380310254494866
478 13.296981241817852
479 14.056190577124225
480 14.667540271963455
481 19.54703711961731
482 16.257207452769638
483 32.36987932251934
484 22.78928302671131
485 23.598486034759844
486 23.252272521388452
487 26.035562424823347
488 26.251234929092345
489 30.025057561198942
490 43.33018494753291
491 42.73322674937991
492 34.16020630456024
493 46.84627777727205
494 58.689399223028275
495 58.689399223028275
496 58.1268590465947
497 0.6707438067751983
498 5.720024766147805
499 7.771242888620618
500 9.124114017384375
501 9.409701252845716
502 9.596040754854712
503 10.070342095065964
504 8.410687882724977
505 8.813425848832075
506 11.207690920415626
507 7.410379263569137
508 12.13558924497316
509 12.78482990940174
510 13.219672125663145
511 13.296981241817852
512 13.908337701180628
513 14.667540271963455
514 15.49045361806661
515 16.257207452769638
516 22.18061926685816
517 22.78928302671131
518 22.959408301590063
519 23.233526252657462
520 25.034830172709476
521 26.230700283284566
522 29.1945392822685
523 30.800107881263525
524 34.16020630456024
525 58.689399223028275
526 58.1268590465947
527 0.6807994010302146
528 7.776542031774009
529 12.814875931016072
530 8.340080617839982
531 8.410687882724977
532 12.199002168666421
533 9.368020891061699
534 10.195955247059562
535 13.448706549945591
536 1.9112651919431007
537 11.553413606145565
538 12.195533884448311
539 35.16351352875658
540 12.307397256656582
541 13.245672823644828
542 14.301342476599114
543 15.129746597103907
544 16.188823388864904
545 16.331955952961955
546 26.810909840305246
547 31.068345873035476
548 13.538259588184008
549 23.17919914308543
550 24.662057912637337
551 33.91966412714267
552 40.636389581843765
553 30.432867863568667
554 34.16020630456024
555 63.711404041463844
556 58.1268590465947
557 59.69803530336331
558 58.689399223028275
559 58.689399223028275
560 0.6707438067751983
561 5.720024766147805
562 7.410379263569137
563 7.771242888620618
564 8.410687882724977
565 8.813425848832075
566 9.124114017384375
567 9.409701252845716
568 9.596040754854712
569 1.9112651919431007
570 11.207690920415626
571 12.13558924497316
572 12.78482990940174
573 12.307397256656582
574 13.245672823644828
575 13.908337701180628
576 14.667540271963455
577 15.49045361806661
578 16.257207452769638
579 22.18061926685816
580 22.78928302671131
581 13.538259588184008
582 23.17919914308543
583 24.662057912637337
584 26.230700283284566
585 29.1945392822685
586 30.432867863568667
587 63.711404041463844
588 59.69803530336331
589 58.689399223028275
590 11.273707285815927
591 2.1413409281211973
592 5.914297851849287
593 7.859990563550873
594 7.771242888620618
595 13.847511344167952
596 25.2569828268188
597 10.283077214203466
598 10.850680540543076
599 12.62931737626026
600 40.00750039463412
601 12.13558924497316
602 39.54241566832582
603 15.118378629907543
604 13.307038713235892
605 46.52250592191716
606 42.51529051137591
607 14.655065762732827
608 17.616820681231815
609 16.64253495981472
610 22.18061926685816
611 22.79243267571719
612 37.169565161181616
613 24.699886102804978
614 26.86002632700678
615 39.11483869212335
616 12.675096152499982
617 25.316326228889032
618 57.21955190648316
619 57.09669597224928
620 0.6707438067751983
621 1.9112651919431007
622 5.720024766147805
623 7.410379263569137
624 7.771242888620618
625 8.410687882724977
626 8.813425848832075
627 9.124114017384375
628 9.409701252845716
629 9.596040754854712
630 11.207690920415626
631 12.13558924497316
632 12.307397256656582
633 12.78482990940174
634 13.245672823644828
635 13.538259588184008
636 13.908337701180628
637 14.655065762732827
638 15.49045361806661
639 16.257207452769638
640 22.18061926685816
641 22.78928302671131
642 23.17919914308543
643 24.662057912637337
644 26.230700283284566
645 29.1945392822685
646 12.675096152499982
647 25.316326228889032
648 57.21955190648316
649 57.09669597224928
650 0.9020020553090833
651 1.8114258162201655
652 35.404284062593845
653 7.553703542170434
654 34.19046145378125
655 12.390163828362457
656 9.600248527827308
657 9.132912566479144
658 9.28443059083719
659 17.503639751781634
660 25.391995418044687
661 10.131121753508463
662 12.790036146875996
663 8.742858263790428
664 14.269844549917185
665 13.30719281426888
666 11.80272966595469
667 13.90835009123207
668 14.49478171119714
669 9.703075522343624
670 16.257207452769638
671 22.305795615451355
672 22.783996306954293
673 23.15354289347471
674 29.531518495819583
675 46.94790739583242
676 27.86810714167259
677 29.660542195747496
678 49.3350706183099
679 57.620194815767356
680 55.95470616554879
681 39.4931406814525
682 0.6707438067751983
683 1.8114258162201655
684 5.720024766147805
685 7.410379263569137
686 7.771242888620618
687 8.410687882724977
688 8.813425848832075
689 9.124114017384375
690 9.28443059083719
691 9.596040754854712
692 11.207690920415626
693 10.131121753508463
694 12.307397256656582
695 8.742858263790428
696 12.78482990940174
697 13.245672823644828
698 11.80272966595469
699 13.908337701180628
700 14.49478171119714
701 9.703075522343624
702 16.257207452769638
703 22.18061926685816
704 22.783996306954293
705 23.15354289347471
706 24.662057912637337
707 25.316326228889032
708 26.230700283284566
709 49.3350706183099
710 55.95470616554879
711 39.4931406814525
712 5.328304831138228
713 2.3052833661915897
714 4.52206117035995
715 6.3442107131493515
716 5.397832219885076
717 10.266460288132773
718 8.314636713417274
719 8.813425848832075
720 41.497352928269024
721 9.433831055601082
722 17.61924363504842
723 6.491566913475808
724 12.000221789017363
725 11.244060764442148
726 14.361272297554176
727 12.401586693330152
728 10.418810910010269
729 13.136968551072043
730 13.908337701180628
731 22.195732224976442
732 16.303319017391992
733 13.099203718775614
734 29.934059915867042
735 10.806377970779023
736 32.846174978265324
737 25.316326228889032
738 26.314733550945135
739 33.11955197681402
740 49.3350706183099
741 58.689399223028275
742 57.213080742624015
743 58.689399223028275
744 0.6707438067751983
745 1.8114258162201655
746 4.52206117035995
747 6.3442107131493515
748 5.397832219885076
749 8.410687882724977
750 8.314636713417274
751 8.813425848832075
752 9.124114017384375
753 9.28443059083719
754 9.596040754854712
755 6.491566913475808
756 10.131121753508463
757 11.207690920415626
758 11.80272966595469
759 12.307397256656582
760 10.418810910010269
761 13.136968551072043
762 13.908337701180628
763 14.49478171119714
764 16.257207452769638
765 13.099203718775614
766 22.783996306954293
767 10.806377970779023
768 24.662057912637337
769 25.316326228889032
770 26.230700283284566
771 33.11955197681402
772 58.689399223028275
773 58.689399223028275
774 0.650714219229881
775 5.319234727355277
776 4.747922264982601
777 5.43550462702496
778 6.356135797541205
779 12.174817416171269
780 6.564823008228304
781 8.574920097161105
782 8.813425848832075
783 44.23767887102318
784 9.602671428945744
785 5.0296207405623505
786 10.125063612949177
787 11.602608410876542
788 10.705754765923793
789 12.568510940410611
790 10.07910589862469
791 12.25167815628711
792 8.152986975054633
793 13.319618309509538
794 11.408234134101711
795 12.748555676733027
796 14.364530782534452
797 19.540276003984552
798 26.451893777772852
799 25.316326228889032
800 11.518087475645096
801 33.109949620345944
802 50.97273775500385
803 18.525488601517164
804 0.650714219229881
805 1.8114258162201655
806 4.52206117035995
807 5.397832219885076
808 6.3442107131493515
809 6.491566913475808
810 6.564823008228304
811 8.410687882724977
812 8.813425848832075
813 9.124114017384375
814 9.28443059083719
815 5.0296207405623505
816 10.125063612949177
817 10.418810910010269
818 10.705754765923793
819 11.207690920415626
820 10.07910589862469
821 12.25167815628711
822 8.152986975054633
823 13.136968551072043
824 11.408234134101711
825 12.748555676733027
826 14.364530782534452
827 19.540276003984552
828 24.662057912637337
829 25.316326228889032
830 11.518087475645096
831 33.109949620345944
832 50.97273775500385
833 18.525488601517164
834 2.3756668128971685
835 1.7966434127941224
836 4.6782723891063505
837 20.566186916001804
838 5.37482929082605
839 22.385372562693185
840 7.105917827778719
841 7.032255980492968
842 7.771875836307996
843 13.528555973667103
844 8.326688436669935
845 4.967022997313683
846 18.871442842881613
847 26.826091951491716
848 10.3114077104144
849 15.243369910718569
850 10.752707043981589
851 7.694895299533544
852 11.951648228575667
853 11.518087475645096
854 13.583621704085397
855 11.40328885197927
856 13.150041244140384
857 15.86491800695987
858 18.525488601517164
859 17.92139385054751
860 23.645166168025334
861 27.73432781494453
862 27.616941559891412
863 32.02062588161375
864 30.613684706432082
865 0.650714219229881
866 1.7966434127941224
867 4.52206117035995
868 5.0296207405623505
869 5.37482929082605
870 6.3442107131493515
871 6.491566913475808
872 6.564823008228304
873 7.771875836307996
874 8.410687882724977
875 8.326688436669935
876 4.967022997313683
877 9.28443059083719
878 10.07910589862469
879 10.125063612949177
880 10.418810910010269
881 10.705754765923793
882 7.694895299533544
883 11.408234134101711
884 11.518087475645096
885 12.25167815628711
886 11.40328885197927
887 13.136968551072043
888 14.364530782534452
889 18.525488601517164
890 17.92139385054751
891 23.645166168025334
892 27.616941559891412
893 32.02062588161375
894 30.613684706432082
895 11.939010393521796
896 1.8096964688543107
897 8.470553238595585
898 4.967022997313683
899 4.6034968053976675
900 4.388942781376011
901 5.289693059519607
902 7.640935459218181
903 5.1171508607190415
904 25.01736953043516
905 10.560556379286705
906 8.7466564123985
907 8.566403077690047
908 43.973722681859826
909 14.06702438176163
910 10.311985738567902
911 6.232456288625464
912 10.711244972318543
913 16.86804504456462
914 11.38765412199747
915 6.931857753441279
916 12.25167815628711
917 13.128652904512236
918 29.969170629119443
919 17.904937595238756
920 15.831437884786084
921 24.737469612806482
922 21.61537483134618
923 25.345775956841777
924 18.398583761418827
925 0.650714219229881
926 1.7966434127941224
927 4.52206117035995
928 4.967022997313683
929 4.6034968053976675
930 4.388942781376011
931 5.289693059519607
932 6.491566913475808
933 5.1171508607190415
934 7.694895299533544
935 7.771875836307996
936 8.326688436669935
937 8.410687882724977
938 9.28443059083719
939 10.07910589862469
940 10.125063612949177
941 6.232456288625464
942 10.705754765923793
943 11.40328885197927
944 11.38765412199747
945 6.931857753441279
946 12.25167815628711
947 13.128652904512236
948 14.364530782534452
949 17.904937595238756
950 15.831437884786084
951 23.645166168025334
952 21.61537483134618
953 25.345775956841777
954 18.398583761418827
955 12.659104957495051
956 1.260459320419125
957 5.433909734262404
958 2.422880287305189
959 2.06802875183835
960 18.015141178505438
961 5.362876430769095
962 5.289693059519607
963 4.5597675899339
964 6.464060677740554
965 6.882017907188609
966 7.771454956266743
967 5.429202090247484
968 10.729301400938594
969 19.096976809868714
970 9.440602210276863
971 5.286587649974515
972 10.348451391900294
973 28.816979121701088
974 8.56138018351963
975 11.386077900595696
976 12.132249337948004
977 13.135953143899656
978 14.364530782534452
979 15.831437884786084
980 18.845470641327317
981 35.391701809614915
982 22.201167316818157
983 8.653539514390696
984 27.706459412946202
985 1.6254907093707387
986 25.42155378853931
987 18.564967891063795
988 0.650714219229881
989 1.260459320419125
990 4.388942781376011
991 2.422880287305189
992 2.06802875183835
993 4.967022997313683
994 5.1171508607190415
995 5.289693059519607
996 4.5597675899339
997 6.464060677740554
998 6.882017907188609
999 7.694895299533544
1000 5.429202090247484
1001 8.326688436669935
1002 8.410687882724977
1003 9.28443059083719
1004 5.286587649974515
1005 10.125063612949177
1006 10.705754765923793
1007 8.56138018351963
1008 11.386077900595696
1009 12.132249337948004
1010 13.128652904512236
1011 14.364530782534452
1012 15.831437884786084
1013 17.904937595238756
1014 18.398583761418827
1015 8.653539514390696
1016 1.6254907093707387
1017 18.564967891063795
evaluations raw_y
1 26.617140472780367
2 3.1222090520430825
3 21.541423543209884
4 26.519927764167832
5 45.185265492023305
6 21.42512537920961
7 18.09658358007462
8 16.083752559427975
9 7.106450922004657
10 28.00495600764501
11 33.25941185352012
12 64.15751860143746
13 29.60410353010206
14 37.56369542069194
15 26.531576920157427
16 40.296185468222355
17 26.52405987957971
18 7.413190044734355
19 19.134916616703695
20 5.497662634143746
21 23.26241814591506
22 29.023623716772402
23 4.662504366930271
24 26.139174586570636
25 29.550712296578524
26 15.985271082045582
27 35.131821196348724
28 47.78017621469218
29 19.48965653046763
30 12.435231498465551
31 6.353266271783518
32 8.27559100731163
33 24.343308938058787
34 38.819313573233
35 24.129679738602633
36 15.78010931334935
37 17.123923634211693
38 16.267512930005424
39 9.289195182784406
40 18.80160678179845
41 18.110882299216037
42 24.098042479391374
43 14.048125258562106
44 31.16838314620413
45 26.09639732759166
46 16.78200506266092
47 26.895065221262193
48 24.225182525152153
49 27.504155710524444
50 28.00414254455982
51 33.161440080518666
52 36.8738605744951
53 27.57872172874955
54 39.25413874462019
55 30.955925439874903
56 39.11922804148237
57 38.70362777921295
58 35.77688465045489
59 45.30425043365696
60 64.98477639460171
61 58.689399223028275
62 3.1222090520430825
63 4.662504366930271
64 5.497662634143746
65 7.106450922004657
66 7.413190044734355
67 12.435231498465551
68 15.985271082045582
69 16.083752559427975
70 9.289195182784406
71 18.80160678179845
72 18.110882299216037
73 21.42512537920961
74 14.048125258562106
75 23.26241814591506
76 26.09639732759166
77 16.78200506266092
78 26.52405987957971
79 24.225182525152153
80 26.617140472780367
81 28.00414254455982
82 29.023623716772402
83 29.550712296578524
84 27.57872172874955
85 33.25941185352012
86 30.955925439874903
87 37.56369542069194
88 38.70362777921295
89 35.77688465045489
90 45.30425043365696
91 58.689399223028275
92 6.4661522511101275
93 4.535861583314367
94 5.4429921896916245
95 43.306937741425926
96 7.241613408010935
97 9.288484329537138
98 11.748060264467345
99 13.068906772243412
100 15.741381747755625
101 16.083752559427975
102 16.620834228068713
103 15.52331471999217
104 19.12933608354987
105 22.64591183940272
106 40.8666899731707
107 24.58619762306978
108 4.221768808477451
109 26.57008465080056
110 26.683842734570018
111 27.87958792415096
112 30.216232388770475
113 29.084883449663604
114 28.455986245784487
115 30.93339039276001
116 30.497274836508364
117 35.98123566663155
118 38.916580920246844
119 12.697274686762913
120 42.88783361066863
121 58.689399223028275
122 58.689399223028275
123 3.1222090520430825
124 4.535861583314367
125 5.4429921896916245
126 7.106450922004657
127 7.241613408010935
128 9.288484329537138
129 11.748060264467345
130 13.068906772243412
131 15.741381747755625
132 16.083752559427975
133 16.620834228068713
134 15.52331471999217
135 18.80160678179845
136 21.42512537920961
137 23.26241814591506
138 24.225182525152153
139 4.221768808477451
140 26.52405987957971
141 26.617140472780367
142 27.57872172874955
143 28.00414254455982
144 29.023623716772402
145 28.455986245784487
146 30.93339039276001
147 30.497274836508364
148 35.77688465045489
149 37.56369542069194
150 12.697274686762913
151 42.88783361066863
152 58.689399223028275
153 6.3236310786123
154 23.278772428415103
155 4.776586992394119
156 23.72685914578008
157 6.992203880567364
158 7.264938333349796
159 3.6759325101040745
160 12.06339236037119
161 43.69743409806441
162 13.05684036087401
163 20.71999812992297
164 14.343494332979809
165 12.225214906864743
166 16.63468382636095
167 20.637182145676125
168 16.098286013609325
169 13.091971245033717
170 21.081188965297756
171 27.964924650597894
172 28.057594066467775
173 33.00152500917638
174 29.219079355608045
175 21.752859057829436
176 40.072073081409634
177 9.871128284759635
178 35.843396410443304
179 35.77097725359705
180 40.26983637816684
181 29.550734680827404
182 42.64006134669422
183 58.689399223028275
184 58.689399223028275
185 3.1222090520430825
186 4.221768808477451
187 4.535861583314367
188 5.4429921896916245
189 6.992203880567364
190 7.241613408010935
191 3.6759325101040745
192 11.748060264467345
193 12.697274686762913
194 13.05684036087401
195 15.52331471999217
196 14.343494332979809
197 12.225214906864743
198 16.620834228068713
199 18.80160678179845
200 16.098286013609325
201 13.091971245033717
202 21.081188965297756
203 26.52405987957971
204 26.617140472780367
205 27.57872172874955
206 28.00414254455982
207 21.752859057829436
208 29.023623716772402
209 9.871128284759635
210 30.93339039276001
211 35.77097725359705
212 29.550734680827404
213 42.64006134669422
214 58.689399223028275
215 16.210342673623806
216 7.083553543856365
217 20.384604781670532
218 11.643499759888872
219 5.468898304891095
220 6.977692102298643
221 20.327800710987034
222 18.850861425942778
223 22.760250704885024
224 27.76899539068899
225 15.043467992621466
226 10.203313903256829
227 26.931212987123345
228 16.356229860250053
229 14.683144674803572
230 15.885101974763751
231 16.605331599624915
232 15.718255787450808
233 9.187278974201398
234 18.537061230891183
235 38.27084121236651
236 15.955004819819802
237 23.980505050561483
238 28.00394885851985
239 25.937227684876028
240 57.36499200588616
241 28.446005080554542
242 37.7758009404642
243 28.906010050292103
244 45.821016991366555
245 19.837222038405812
246 59.664338016102334
247 58.689399223028275
248 3.1222090520430825
249 3.6759325101040745
250 4.221768808477451
251 4.535861583314367
252 5.4429921896916245
253 6.977692102298643
254 7.241613408010935
255 9.871128284759635
256 11.748060264467345
257 12.225214906864743
258 12.697274686762913
259 10.203313903256829
260 13.091971245033717
261 14.343494332979809
262 14.683144674803572
263 15.885101974763751
264 16.605331599624915
265 15.718255787450808
266 9.187278974201398
267 18.537061230891183
268 26.52405987957971
269 15.955004819819802
270 23.980505050561483
271 28.00394885851985
272 25.937227684876028
273 29.550734680827404
274 28.446005080554542
275 28.906010050292103
276 19.837222038405812
277 58.689399223028275
278 38.227756925753965
279 9.227878333026052
280 4.371212270406005
281 4.6111519468563005
282 29.530848894476996
283 7.369026800016561
284 8.012672036361984
285 11.41280413862421
286 23.17506912393796
287 10.892706741595369
288 16.67052132624106
289 5.523992742819839
290 25.535770562201236
291 14.180062791530403
292 14.690619488042994
293 14.683144674803572
294 19.36682457412405
295 18.054888279411834
296 15.926170733052153
297 12.886210020912802
298 20.312401706440266
299 19.837222038405812
300 27.861965720162747
301 25.39307584233382
302 3.625446693792076
303 27.622380055096066
304 29.001393205609013
305 28.906010050292103
306 51.82976373563968
307 30.578928875935617
308 40.92704198241694
309 58.689399223028275
310 58.689399223028275
311 3.1222090520430825
312 3.6759325101040745
313 4.221768808477451
314 4.535861583314367
315 5.4429921896916245
316 6.977692102298643
317 7.241613408010935
318 9.187278974201398
319 9.871128284759635
320 10.203313903256829
321 11.748060264467345
322 5.523992742819839
323 12.697274686762913
324 13.091971245033717
325 14.343494332979809
326 14.683144674803572
327 15.718255787450808
328 15.885101974763751
329 15.926170733052153
330 12.886210020912802
331 18.537061230891183
332 19.837222038405812
333 23.980505050561483
334 25.39307584233382
335 3.625446693792076
336 27.622380055096066
337 28.446005080554542
338 51.82976373563968
339 40.92704198241694
340 58.689399223028275
341 7.0367159933294054
342 21.18148067457707
343 8.51939571981536
344 4.63849758287502
345 4.464486584652365
346 34.94605375804223
347 8.048930009308709
348 8.130655601668535
349 7.318357152002381
350 5.317813502705462
351 10.003608475351971
352 10.7335485981502
353 11.386401986364508
354 39.265674224702046
355 11.96098761874767
356 17.31161490370379
357 25.10465838171416
358 34.00430597193977
359 15.470157970944163
360 19.488769626360867
361 16.144928211897366
362 25.060888335523458
363 19.660642316118235
364 30.437308719413682
365 28.787108969930113
366 27.622380055096066
367 23.969556269067667
368 40.92704198241694
369 58.689399223028275
370 51.82976373563968
371 55.0366652034524
372 58.689399223028275
373 58.689399223028275
374 3.1222090520430825
375 3.625446693792076
376 3.6759325101040745
377 4.221768808477451
378 4.464486584652365
379 5.4429921896916245
380 5.523992742819839
381 6.977692102298643
382 7.241613408010935
383 5.317813502705462
384 9.871128284759635
385 10.203313903256829
386 11.386401986364508
387 12.697274686762913
388 11.96098761874767
389 13.091971245033717
390 14.343494332979809
391 14.683144674803572
392 15.470157970944163
393 15.885101974763751
394 15.926170733052153
395 18.537061230891183
396 19.660642316118235
397 23.980505050561483
398 25.39307584233382
399 27.622380055096066
400 23.969556269067667
401 58.689399223028275
402 55.0366652034524
403 58.689399223028275
404 32.72125944689995
405 2.9065012956668492
406 3.833775111407403
407 17.390492776664132
408 11.631419268104068
409 5.733099653023253
410 40.960160184603566
411 5.523992742819839
412 6.977692102298643
413 7.413256607551551
414 10.76266892865787
415 23.235185228623955
416 9.983100676561179
417 7.041489479374814
418 11.924707220743784
419 13.091971245033717
420 16.321684983329
421 17.681974560694215
422 17.160749716020433
423 30.608905796001466
424 16.442496285712426
425 6.025050834697612
426 32.4387428785922
427 23.381180409306378
428 23.81498762654742
429 5.188282863848157
430 22.126330447194697
431 27.02991727891927
432 50.867794931670986
433 59.55786680420387
434 59.053395458929614
435 3.1222090520430825
436 2.9065012956668492
437 3.6759325101040745
438 4.221768808477451
439 4.464486584652365
440 5.317813502705462
441 5.4429921896916245
442 5.523992742819839
443 6.977692102298643
444 7.241613408010935
445 9.871128284759635
446 10.203313903256829
447 9.983100676561179
448 7.041489479374814
449 11.924707220743784
450 13.091971245033717
451 14.343494332979809
452 14.683144674803572
453 15.470157970944163
454 15.885101974763751
455 15.926170733052153
456 6.025050834697612
457 19.660642316118235
458 23.381180409306378
459 23.81498762654742
460 5.188282863848157
461 22.126330447194697
462 27.02991727891927
463 50.867794931670986
464 59.053395458929614
465 2.9178661360186346
466 14.093531026823694
467 2.6746180242143214
468 7.3341195409929245
469 4.430447650138548
470 5.188282863848157
471 5.317813502705462
472 17.845719960642633
473 4.922119271318637
474 16.190208171400585
475 6.879639726691776
476 7.419768810833224
477 7.244191076980835
478 24.871267219204274
479 6.3505188058265265
480 9.2867993212909
481 19.24198265143371
482 10.44725986009397
483 19.436980894044808
484 14.350037619418295
485 30.74201422783208
486 6.7527589725209625
487 28.045704429143548
488 18.278243908445873
489 19.064513870222008
490 34.824271678987735
491 21.756623060332437
492 46.38089805341964
493 48.054219661526176
494 50.867794931670986
495 38.434395591649384
496 58.689399223028275
497 2.9065012956668492
498 3.1222090520430825
499 2.6746180242143214
500 4.221768808477451
501 4.430447650138548
502 5.188282863848157
503 5.317813502705462
504 5.4429921896916245
505 4.922119271318637
506 6.025050834697612
507 6.879639726691776
508 7.041489479374814
509 7.241613408010935
510 9.871128284759635
511 6.3505188058265265
512 9.2867993212909
513 11.924707220743784
514 10.44725986009397
515 14.343494332979809
516 14.350037619418295
517 15.470157970944163
518 6.7527589725209625
519 15.926170733052153
520 18.278243908445873
521 19.064513870222008
522 23.381180409306378
523 21.756623060332437
524 48.054219661526176
525 38.434395591649384
526 58.689399223028275
527 2.674536149739663
528 14.781164327375793
529 37.157300230987744
530 4.755710600796904
531 17.01409618333174
532 1.8420186836568366
533 5.276413489995873
534 5.34575301043124
535 6.293354478672659
536 30.362678383094824
537 3.6066575123497344
538 6.229555282681616
539 6.879639726691776
540 7.112170824038874
541 5.272026543153584
542 7.753297822410389
543 8.921449192579423
544 37.324153856022306
545 10.84840125324166
546 31.092623363966613
547 14.686075072761959
548 15.573109891670391
549 9.62077684073586
550 26.7572158931167
551 22.231841095893202
552 22.152996144687606
553 23.42820941676407
554 33.99464589979643
555 64.2114826294162
556 58.689399223028275
557 44.19076093601569
558 2.674536149739663
559 2.9065012956668492
560 3.1222090520430825
561 4.221768808477451
562 4.430447650138548
563 1.8420186836568366
564 5.188282863848157
565 5.317813502705462
566 5.4429921896916245
567 6.025050834697612
568 3.6066575123497344
569 6.229555282681616
570 6.879639726691776
571 7.041489479374814
572 5.272026543153584
573 7.753297822410389
574 8.921449192579423
575 10.44725986009397
576 10.84840125324166
577 14.343494332979809
578 14.350037619418295
579 15.470157970944163
580 9.62077684073586
581 18.278243908445873
582 19.064513870222008
583 21.756623060332437
584 23.381180409306378
585 33.99464589979643
586 58.689399223028275
587 44.19076093601569
588 1.9172029885403659
589 20.301209843370557
590 21.12832329209263
591 8.23860815183544
592 3.013123030272868
593 4.216671412504235
594 11.598881248664963
595 27.805942542788344
596 6.054653080055627
597 14.912103778508504
598 5.5819454191543265
599 4.070328975352027
600 4.6204942594983756
601 7.57142327654294
602 7.860379443373047
603 7.363421333767992
604 13.387731963881748
605 10.77181638410352
606 30.89686347694951
607 10.060653055293189
608 14.885936876009076
609 26.928275004453276
610 16.900861695467153
611 18.281800929785597
612 18.368835854646164
613 21.85266795509332
614 23.358204824117173
615 49.924316609422796
616 46.97495639813405
617 41.07428032264865
618 58.689399223028275
619 58.689399223028275
620 1.8420186836568366
621 2.674536149739663
622 2.9065012956668492
623 3.1222090520430825
624 3.013123030272868
625 4.216671412504235
626 4.430447650138548
627 5.188282863848157
628 5.272026543153584
629 5.317813502705462
630 5.4429921896916245
631 4.070328975352027
632 4.6204942594983756
633 6.879639726691776
634 7.041489479374814
635 7.363421333767992
636 8.921449192579423
637 9.62077684073586
638 10.44725986009397
639 10.060653055293189
640 14.343494332979809
641 14.350037619418295
642 15.470157970944163
643 18.278243908445873
644 18.368835854646164
645 21.756623060332437
646 23.358204824117173
647 46.97495639813405
648 41.07428032264865
649 58.689399223028275
650 6.8897799692814505
651 7.687887850773787
652 12.546240651223794
653 15.721736642469873
654 15.140431163345651
655 6.212248954062725
656 4.220291304203796
657 4.663503860475882
658 3.45585115987549
659 24.135480245563734
660 8.816398755350372
661 3.45278345795831
662 4.697180934195509
663 6.912545802047912
664 8.263483142719116
665 7.349084011025696
666 8.400975476276212
667 23.801169275102637
668 10.140540361281872
669 11.773637118296794
670 13.839346004819848
671 19.11757335716271
672 21.89680736823488
673 32.92218035219653
674 10.267891538482072
675 21.671141020302883
676 24.53569086872761
677 41.07428032264865
678 41.15832977300037
679 46.97495639813405
680 50.535486412417754
681 50.81507087685105
682 1.8420186836568366
683 2.674536149739663
684 2.9065012956668492
685 3.013123030272868
686 3.1222090520430825
687 4.070328975352027
688 4.216671412504235
689 4.430447650138548
690 3.45585115987549
691 5.188282863848157
692 5.272026543153584
693 3.45278345795831
694 4.697180934195509
695 6.879639726691776
696 7.041489479374814
697 7.349084011025696
698 8.400975476276212
699 9.62077684073586
700 10.060653055293189
701 10.44725986009397
702 13.839346004819848
703 14.350037619418295
704 15.470157970944163
705 18.278243908445873
706 10.267891538482072
707 21.671141020302883
708 23.358204824117173
709 41.15832977300037
710 50.535486412417754
711 50.81507087685105
712 2.1396780669356654
713 2.2857226644546462
714 1.9354741578780201
715 22.585471698306158
716 3.2276826460109076
717 3.457378789738306
718 5.938926447787602
719 4.882189728300851
720 4.31725108405555
721 16.6624703932192
722 22.888941260737628
723 5.499363194063506
724 6.461779746296732
725 8.982107346250741
726 7.2661126452230285
727 27.239632901248882
728 7.2000408552238415
729 4.98360586932575
730 10.066238860667607
731 10.262644524835723
732 10.44725986009397
733 14.952990945369875
734 27.652706329913542
735 10.630909445775952
736 18.279487039208473
737 23.970128310603748
738 23.285210919102497
739 31.622723050000033
740 52.19094008190699
741 58.689399223028275
742 50.81507087685105
743 53.55506691184446
744 1.8420186836568366
745 2.2857226644546462
746 1.9354741578780201
747 3.013123030272868
748 3.1222090520430825
749 3.45278345795831
750 3.45585115987549
751 4.070328975352027
752 4.216671412504235
753 4.430447650138548
754 4.697180934195509
755 5.188282863848157
756 5.272026543153584
757 6.879639726691776
758 7.041489479374814
759 7.349084011025696
760 7.2000408552238415
761 4.98360586932575
762 10.060653055293189
763 10.262644524835723
764 10.44725986009397
765 13.839346004819848
766 14.350037619418295
767 10.630909445775952
768 18.278243908445873
769 21.671141020302883
770 23.285210919102497
771 31.622723050000033
772 58.689399223028275
773 53.55506691184446
774 1.8420186836568366
775 1.9559140682493876
776 10.105710541473481
777 22.585471698306158
778 3.708968011533464
779 3.45278345795831
780 3.5006046004308806
781 17.71526520342689
782 6.360573137543367
783 4.6052638573129006
784 11.5671834069211
785 10.47874647022082
786 12.604298807033974
787 5.082777937208372
788 7.106233801252716
789 8.923316624482007
790 10.19800729330992
791 7.228806835549204
792 13.489992765667433
793 22.247663486788625
794 9.33351659528903
795 15.236318663127047
796 11.278861743501515
797 14.077040586884104
798 18.281800929785597
799 20.189805017034963
800 12.539098229819505
801 33.28694507974925
802 33.869379796748426
803 54.64953627268715
804 23.275535691107194
805 52.589049384808824
806 1.8420186836568366
807 1.9354741578780201
808 2.2857226644546462
809 3.013123030272868
810 3.1222090520430825
811 3.45278345795831
812 3.45585115987549
813 4.070328975352027
814 4.216671412504235
815 4.430447650138548
816 4.697180934195509
817 4.98360586932575
818 5.188282863848157
819 5.082777937208372
820 6.879639726691776
821 7.041489479374814
822 7.2000408552238415
823 7.228806835549204
824 10.060653055293189
825 10.262644524835723
826 9.33351659528903
827 10.630909445775952
828 11.278861743501515
829 14.077040586884104
830 18.278243908445873
831 20.189805017034963
832 12.539098229819505
833 33.869379796748426
834 23.275535691107194
835 52.589049384808824
836 5.514165038148527
837 3.502010987834315
838 2.285823483530853
839 5.39139236381431
840 18.171389507161788
841 3.4547528605809705
842 2.1370054231127615
843 4.100374690038189
844 4.769695929439702
845 4.421130738105629
846 35.39481798433771
847 5.442367407143192
848 5.25628680865168
849 4.7827767585131244
850 8.278927448592478
851 11.118613673517618
852 7.255176882179312
853 8.173250268039773
854 8.407115710075992
855 11.056238992699647
856 10.30588415598838
857 21.89680736823488
858 11.362116804981794
859 12.49011955456659
860 14.077040586884104
861 18.278243908445873
862 20.286094161725895
863 23.348675899750553
864 9.611126603746909
865 28.52369674874826
866 58.41061224262921
867 15.974740446332646
868 1.8420186836568366
869 1.9354741578780201
870 2.2857226644546462
871 3.013123030272868
872 3.1222090520430825
873 3.45278345795831
874 2.1370054231127615
875 4.070328975352027
876 4.216671412504235
877 4.421130738105629
878 4.697180934195509
879 4.98360586932575
880 5.082777937208372
881 4.7827767585131244
882 6.879639726691776
883 7.041489479374814
884 7.2000408552238415
885 7.228806835549204
886 8.407115710075992
887 10.060653055293189
888 10.262644524835723
889 10.630909445775952
890 11.278861743501515
891 12.49011955456659
892 14.077040586884104
893 18.278243908445873
894 20.189805017034963
895 9.611126603746909
896 28.52369674874826
897 15.974740446332646
898 1.8774189592483108
899 9.299830745871517
900 0.9625765669116523
901 1.6963208808840755
902 22.443633720575765
903 4.981550720242333
904 11.292741997938622
905 3.530747738121966
906 4.245735546748632
907 4.636786381425597
908 6.8580978708178275
909 0.7029795228766202
910 6.808783226871247
911 1.3491797555941238
912 10.607276153055494
913 42.57705133496912
914 10.21627524451868
915 9.346769768407839
916 8.708447108028782
917 9.615047768424485
918 10.046372621800863
919 10.163898965015076
920 11.597129072769498
921 11.024495086508953
922 12.86821176436523
923 12.767935742600084
924 16.89018544535697
925 54.605072912496155
926 8.796449669648375
927 21.060086000454255
928 21.52105584979927
929 32.35917027675644
930 12.616269710047183
931 1.8420186836568366
932 1.9354741578780201
933 0.9625765669116523
934 1.6963208808840755
935 3.013123030272868
936 3.1222090520430825
937 3.45278345795831
938 3.530747738121966
939 4.216671412504235
940 4.421130738105629
941 4.697180934195509
942 0.7029795228766202
943 4.98360586932575
944 1.3491797555941238
945 6.879639726691776
946 7.041489479374814
947 7.2000408552238415
948 7.228806835549204
949 8.407115710075992
950 9.611126603746909
951 10.046372621800863
952 10.163898965015076
953 10.630909445775952
954 11.024495086508953
955 12.49011955456659
956 12.767935742600084
957 15.974740446332646
958 8.796449669648375
959 21.52105584979927
960 12.616269710047183
961 1.2530529657656433
962 0.9778373299136569
963 0.958641341404306
964 1.7074283977387756
965 1.989500126854861
966 2.078376637288546
967 3.7475878808485215
968 12.967591122441508
969 24.225600660389624
970 3.249955357737702
971 4.895269205365473
972 11.285959940010486
973 4.697180934195509
974 6.8981995985108355
975 8.002669842345291
976 15.309505705955857
977 3.240992074274933
978 7.233117877052694
979 8.407115710075992
980 8.715087107619606
981 6.567548561091881
982 10.829184669321808
983 10.204871887881698
984 43.17817388274662
985 11.024495086508953
986 14.41329209838192
987 12.920095539069411
988 12.768780220423995
989 27.923831531362257
990 11.925883282758718
991 22.29095553258616
992 2.216095097155236
993 0.7029795228766202
994 0.9625765669116523
995 0.958641341404306
996 1.6963208808840755
997 1.8420186836568366
998 1.9354741578780201
999 3.013123030272868
1000 3.1222090520430825
1001 3.45278345795831
1002 3.249955357737702
1003 4.216671412504235
1004 4.421130738105629
1005 4.697180934195509
1006 4.98360586932575
1007 6.879639726691776
1008 7.041489479374814
1009 3.240992074274933
1010 7.228806835549204
1011 8.407115710075992
1012 8.715087107619606
1013 6.567548561091881
1014 10.046372621800863
1015 10.163898965015076
1016 10.630909445775952
1017 11.024495086508953
1018 12.49011955456659
1019 12.616269710047183
1020 27.923831531362257
1021 11.925883282758718
1022 2.216095097155236
evaluations raw_y
1 22.981541140397308
2 40.97273307684512
3 12.30544389185248
4 27.966397330462282
5 22.21123223749749
6 37.40512732420744
7 41.76671136175281
8 28.45805868883701
9 14.95283003776832
10 19.82192428615607
11 27.82770225608042
12 5.970008470511439
13 5.913213764479947
14 44.673508904993064
15 16.74488419711051
16 45.84169291256134
17 23.252238767061957
18 33.65135681588061
19 10.937070706599496
20 27.446344259704215
21 46.638065573686426
22 40.202890999590565
23 24.91912800358919
24 40.13820100260797
25 24.124762115858093
26 33.09648161249707
27 35.40304543480984
28 38.53763656786096
29 38.2749148540812
30 36.54145974069605
31 10.309012290120036
32 4.594753031261703
33 12.878422729598318
34 12.339221887668314
35 23.7167408744535
36 6.017946543919889
37 20.351440145730678
38 23.615041433020437
39 21.58616126928082
40 20.23170436616737
41 24.700862637821526
42 26.818001474624328
43 34.49027501447321
44 29.65736568990906
45 15.392700242060975
46 30.37856816024854
47 25.838094341731413
48 32.241704268154265
49 35.03377168106879
50 35.19372371688425
51 37.98087275681555
52 29.415822376677806
53 38.115431468513094
54 34.79421850420207
55 42.87660286284677
56 50.92931079521556
57 41.83076592132606
58 52.65383726199397
59 57.43345519466825
60 48.261909663518054
61 58.38261532258366
62 49.671100559943355
63 58.689399223028275
64 5.913213764479947
65 4.594753031261703
66 10.937070706599496
67 12.30544389185248
68 14.95283003776832
69 6.017946543919889
70 19.82192428615607
71 22.21123223749749
72 21.58616126928082
73 20.23170436616737
74 24.124762115858093
75 24.91912800358919
76 27.446344259704215
77 27.82770225608042
78 15.392700242060975
79 28.45805868883701
80 25.838094341731413
81 32.241704268154265
82 35.03377168106879
83 35.19372371688425
84 37.40512732420744
85 29.415822376677806
86 38.115431468513094
87 34.79421850420207
88 40.202890999590565
89 40.97273307684512
90 41.76671136175281
91 57.43345519466825
92 58.38261532258366
93 58.689399223028275
94 4.123243288960893
95 14.47926938612983
96 38.03000742927332
97 10.305587568716124
98 12.300261987705547
99 9.920252813119625
100 15.412908563301368
101 19.81364907612362
102 20.70310167290102
103 29.436068800169974
104 22.21123223749749
105 22.01100101118898
106 23.52870997725251
107 25.88471192597037
108 24.113896954975374
109 31.481207324881325
110 27.973762091946554
111 41.73009739199428
112 32.277372492641454
113 34.79421850420207
114 31.741162029702412
115 29.497392029464525
116 29.475159578940303
117 38.901259913637155
118 9.841351541829436
119 40.97877747021126
120 49.23629226485589
121 57.43345519466825
122 58.689399223028275
123 58.689399223028275
124 58.689399223028275
125 58.689399223028275
126 58.689399223028275
127 4.123243288960893
128 5.913213764479947
129 6.017946543919889
130 10.305587568716124
131 12.300261987705547
132 9.920252813119625
133 15.392700242060975
134 19.81364907612362
135 20.23170436616737
136 21.58616126928082
137 22.21123223749749
138 22.01100101118898
139 23.52870997725251
140 25.838094341731413
141 24.113896954975374
142 27.82770225608042
143 27.973762091946554
144 29.415822376677806
145 32.241704268154265
146 34.79421850420207
147 31.741162029702412
148 29.497392029464525
149 29.475159578940303
150 38.115431468513094
151 9.841351541829436
152 40.97273307684512
153 41.76671136175281
154 58.689399223028275
155 58.689399223028275
156 58.689399223028275
157 13.785886295763984
158 5.913213764479947
159 5.074487016786419
160 28.496457098668927
161 9.92121076592554
162 10.874985321375926
163 12.271089787380024
164 16.00926128761106
165 20.298784546208346
166 12.319821697412845
167 25.726615444305065
168 21.08251352081672
169 28.705115392025842
170 23.006043703301323
171 22.868905624588187
172 27.557327322501127
173 39.764931283259585
174 32.66574020862311
175 41.73009739199428
176 29.4276783906837
177 29.878213786117215
178 42.49278074650093
179 8.083176498516002
180 40.04118750846911
181 37.65464065351164
182 35.80767879377001
183 41.9603250323016
184 69.5640598776792
185 58.689399223028275
186 52.35321120306132
187 56.2714829826182
188 4.123243288960893
189 5.913213764479947
190 5.074487016786419
191 9.841351541829436
192 9.920252813119625
193 10.305587568716124
194 12.271089787380024
195 15.392700242060975
196 19.81364907612362
197 12.319821697412845
198 21.58616126928082
199 21.08251352081672
200 22.21123223749749
201 23.006043703301323
202 22.868905624588187
203 25.838094341731413
204 27.82770225608042
205 27.973762091946554
206 29.415822376677806
207 29.4276783906837
208 29.497392029464525
209 31.741162029702412
210 8.083176498516002
211 34.79421850420207
212 37.65464065351164
213 35.80767879377001
214 41.76671136175281
215 58.689399223028275
216 52.35321120306132
217 56.2714829826182
218 5.348431280417506
219 4.945187217484911
220 5.6795392784802194
221 35.62264464150135
222 35.43943043334151
223 8.766092962348612
224 6.617618563337824
225 13.998752510474887
226 12.36362989065462
227 15.391668481224997
228 21.284439412231265
229 20.715697196552277
230 25.79676361222298
231 24.972747706554063
232 25.46422332584312
233 21.579169258042477
234 43.29803128687531
235 31.64795955312149
236 24.944524100418207
237 23.962043846118565
238 28.043809410823588
239 27.120675213360762
240 34.709800876698026
241 31.1201193096575
242 41.951168596725005
243 24.675074487567144
244 42.622046121698716
245 50.68168498667246
246 62.0178412785209
247 58.689399223028275
248 51.0280755937905
249 4.123243288960893
250 4.945187217484911
251 5.6795392784802194
252 8.083176498516002
253 9.841351541829436
254 8.766092962348612
255 6.617618563337824
256 12.271089787380024
257 12.319821697412845
258 15.391668481224997
259 19.81364907612362
260 20.715697196552277
261 21.58616126928082
262 22.21123223749749
263 22.868905624588187
264 21.579169258042477
265 25.838094341731413
266 27.82770225608042
267 24.944524100418207
268 23.962043846118565
269 28.043809410823588
270 27.120675213360762
271 31.741162029702412
272 31.1201193096575
273 35.80767879377001
274 24.675074487567144
275 41.76671136175281
276 50.68168498667246
277 58.689399223028275
278 51.0280755937905
279 3.6999434351331453
280 5.028741967738499
281 7.744762769214679
282 5.454850733352275
283 7.106841561295692
284 11.908353858961078
285 9.829656344433872
286 38.648036134036964
287 25.319211608231633
288 15.312293750255257
289 19.1269026912491
290 20.336311022195847
291 21.579169258042477
292 17.56544635141839
293 22.21123223749749
294 23.197185352168514
295 28.930398896955737
296 16.052634127192768
297 26.215970537345324
298 27.557327322501127
299 24.48369135041912
300 30.522460573166317
301 28.02290210659827
302 29.254310309767256
303 31.689308447979606
304 42.4553982175369
305 40.33933408266998
306 50.68168498667246
307 54.90987105501373
308 50.891573100161864
309 50.81371954308479
310 3.6999434351331453
311 4.945187217484911
312 5.6795392784802194
313 5.454850733352275
314 7.106841561295692
315 8.766092962348612
316 9.829656344433872
317 12.271089787380024
318 12.319821697412845
319 15.312293750255257
320 19.1269026912491
321 20.336311022195847
322 21.579169258042477
323 17.56544635141839
324 22.21123223749749
325 22.868905624588187
326 23.962043846118565
327 16.052634127192768
328 24.944524100418207
329 25.838094341731413
330 24.48369135041912
331 27.82770225608042
332 28.02290210659827
333 29.254310309767256
334 31.689308447979606
335 35.80767879377001
336 40.33933408266998
337 54.90987105501373
338 50.891573100161864
339 50.81371954308479
340 4.997155885005599
341 6.291065213103389
342 7.287944799905463
343 5.3351256030617265
344 5.1405072041301665
345 8.765884932461397
346 10.575415612719567
347 12.2987978264545
348 12.109292836451193
349 20.82594375164138
350 11.716922750211202
351 35.21345914496616
352 38.40309639629898
353 30.755318637924066
354 22.81294713147845
355 22.390893648024846
356 9.111358608114724
357 23.04355326165726
358 25.337837213034884
359 36.14744053327378
360 25.838094341731413
361 32.53777003967727
362 19.395121261736563
363 10.759920372937469
364 33.91409537670107
365 35.80767879377001
366 34.11043386553366
367 50.81371954308479
368 58.63346227506952
369 41.8993297112128
370 54.90987105501373
371 58.689399223028275
372 3.6999434351331453
373 4.945187217484911
374 5.454850733352275
375 5.3351256030617265
376 5.1405072041301665
377 8.765884932461397
378 9.829656344433872
379 12.271089787380024
380 12.109292836451193
381 15.312293750255257
382 11.716922750211202
383 17.56544635141839
384 19.1269026912491
385 20.336311022195847
386 21.579169258042477
387 22.21123223749749
388 9.111358608114724
389 23.04355326165726
390 24.48369135041912
391 24.944524100418207
392 25.838094341731413
393 27.82770225608042
394 19.395121261736563
395 10.759920372937469
396 31.689308447979606
397 35.80767879377001
398 34.11043386553366
399 58.63346227506952
400 41.8993297112128
401 58.689399223028275
402 7.193477978846811
403 8.132463056727362
404 1.5013991211154014
405 5.218652034144211
406 5.425404737083262
407 8.76087495266939
408 11.82522623240692
409 12.008707047967167
410 10.400208715408336
411 21.92921907613829
412 13.114977316278974
413 12.091546169344774
414 30.59422610248367
415 17.275733924720825
416 12.256430831066572
417 8.562155996352068
418 21.64555553884882
419 33.00611814245153
420 22.329610447667278
421 34.1704756741318
422 28.388977926504104
423 30.30744123218224
424 25.80325275615577
425 17.26685334315586
426 34.49940922183251
427 34.14287246440383
428 36.905070568278546
429 33.112954468312836
430 58.63346227506952
431 58.689399223028275
432 58.689399223028275
433 58.689399223028275
434 3.6999434351331453
435 4.945187217484911
436 1.5013991211154014
437 5.218652034144211
438 5.425404737083262
439 8.76087495266939
440 9.111358608114724
441 9.829656344433872
442 10.400208715408336
443 11.716922750211202
444 12.109292836451193
445 12.091546169344774
446 15.312293750255257
447 17.275733924720825
448 12.256430831066572
449 8.562155996352068
450 20.336311022195847
451 21.579169258042477
452 22.21123223749749
453 23.04355326165726
454 24.48369135041912
455 24.944524100418207
456 25.80325275615577
457 17.26685334315586
458 31.689308447979606
459 34.11043386553366
460 35.80767879377001
461 33.112954468312836
462 58.689399223028275
463 58.689399223028275
464 3.011239876071995
465 3.7428771379576555
466 17.002304809645317
467 5.227561562041754
468 20.87296918141824
469 8.509612435019065
470 8.47378709807682
471 19.41065080561255
472 11.013743288591943
473 11.949182142093902
474 21.92921907613829
475 12.13166362610058
476 12.057761605062083
477 12.320058826138007
478 15.352574280485648
479 30.306912726986575
480 13.807657355722128
481 20.36347653603893
482 15.561141678606607
483 19.613844693740415
484 5.829834440807321
485 24.34834129414476
486 22.69533317733017
487 26.070193639450316
488 31.686582274238063
489 33.109466137925935
490 34.815287568302004
491 30.298034709307213
492 51.35474012151738
493 58.689399223028275
494 58.689399223028275
495 1.5013991211154014
496 3.6999434351331453
497 4.945187217484911
498 5.218652034144211
499 5.425404737083262
500 8.509612435019065
501 8.47378709807682
502 9.111358608114724
503 9.829656344433872
504 10.400208715408336
505 11.716922750211202
506 12.091546169344774
507 12.057761605062083
508 12.256430831066572
509 15.312293750255257
510 17.26685334315586
511 13.807657355722128
512 20.336311022195847
513 15.561141678606607
514 19.613844693740415
515 5.829834440807321
516 24.34834129414476
517 22.69533317733017
518 25.80325275615577
519 31.686582274238063
520 33.109466137925935
521 34.11043386553366
522 30.298034709307213
523 51.35474012151738
524 58.689399223028275
525 1.4162508253657453
526 7.323104163734145
527 5.044119970244447
528 9.950445465680952
529 5.869586880103476
530 22.11948012938742
531 13.281014903991988
532 8.899933624538338
533 17.162011074031398
534 12.763939579740804
535 11.520931930872282
536 46.27408059270082
537 12.28213638902438
538 13.77017787579052
539 6.6781306666052895
540 13.916514313523436
541 15.30147720490828
542 12.684348933528035
543 17.259117441970893
544 17.036328119468468
545 22.606553106809912
546 24.77829063694363
547 23.979488446660515
548 25.855860625678897
549 33.24812305644913
550 42.36240024900603
551 33.109466137925935
552 25.423686580004652
553 51.35474012151738
554 57.22306454386823
555 47.241933601802195
556 1.4162508253657453
557 3.6999434351331453
558 4.945187217484911
559 5.218652034144211
560 5.425404737083262
561 5.829834440807321
562 8.47378709807682
563 8.509612435019065
564 9.111358608114724
565 9.829656344433872
566 10.400208715408336
567 11.716922750211202
568 12.057761605062083
569 12.091546169344774
570 6.6781306666052895
571 13.807657355722128
572 15.30147720490828
573 12.684348933528035
574 17.259117441970893
575 17.036328119468468
576 20.336311022195847
577 22.69533317733017
578 23.979488446660515
579 25.80325275615577
580 30.298034709307213
581 31.686582274238063
582 33.109466137925935
583 25.423686580004652
584 57.22306454386823
585 47.241933601802195
586 8.151911661785626
587 6.295975789745468
588 5.01748589195673
589 5.318164800624568
590 5.3830015838422325
591 4.862210884168528
592 6.733227501648404
593 9.799544380097657
594 18.27596623487385
595 9.324821644309765
596 9.494382049477915
597 10.166544218491637
598 12.229036511925784
599 12.752961886523538
600 36.086076984631
601 13.639336439920566
602 13.857452912815585
603 19.709824427469837
604 15.824902876045128
605 17.227444939533434
606 19.646615255047497
607 22.6744622281182
608 24.964737405125675
609 25.287122921638055
610 18.78355250590993
611 31.126294777365942
612 42.36240024900603
613 33.244843939076894
614 29.187745330368045
615 47.241933601802195
616 47.29559682411676
617 57.22306454386823
618 29.120085541114435
619 1.4162508253657453
620 3.6999434351331453
621 4.945187217484911
622 5.218652034144211
623 5.3830015838422325
624 4.862210884168528
625 6.6781306666052895
626 8.47378709807682
627 8.509612435019065
628 9.111358608114724
629 9.494382049477915
630 10.166544218491637
631 11.716922750211202
632 12.057761605062083
633 12.091546169344774
634 12.684348933528035
635 13.807657355722128
636 15.30147720490828
637 15.824902876045128
638 17.227444939533434
639 19.646615255047497
640 22.6744622281182
641 23.979488446660515
642 25.287122921638055
643 18.78355250590993
644 30.298034709307213
645 31.686582274238063
646 29.187745330368045
647 47.29559682411676
648 29.120085541114435
649 1.223941599264086
650 5.23488700059561
651 3.563605351552451
652 4.940273334364953
653 5.145772003822918
654 5.4986022209956875
655 6.704533792408347
656 8.963522639894531
657 22.329264283556807
658 12.11679676249754
659 9.86699607522661
660 7.023793240842522
661 6.755033690424444
662 15.365618544296684
663 13.007360024350763
664 12.684348933528035
665 25.314344572870475
666 15.392568896012184
667 17.1979884431319
668 18.303620902628058
669 18.24784666101362
670 16.762334357920235
671 22.55378275909289
672 24.191026120442277
673 25.287122921638055
674 32.1061746694069
675 29.187745330368045
676 14.08086172749416
677 31.68320914847348
678 47.29559682411676
679 42.26193324232463
680 1.223941599264086
681 3.6999434351331453
682 3.563605351552451
683 4.940273334364953
684 5.145772003822918
685 5.3830015838422325
686 6.6781306666052895
687 8.47378709807682
688 8.509612435019065
689 9.111358608114724
690 9.494382049477915
691 7.023793240842522
692 6.755033690424444
693 12.057761605062083
694 12.091546169344774
695 12.684348933528035
696 13.807657355722128
697 15.30147720490828
698 15.824902876045128
699 17.227444939533434
700 18.24784666101362
701 16.762334357920235
702 22.55378275909289
703 23.979488446660515
704 25.287122921638055
705 29.120085541114435
706 29.187745330368045
707 14.08086172749416
708 31.68320914847348
709 42.26193324232463
710 1.223941599264086
711 2.362246089111294
712 3.7278151758196625
713 5.011834376434461
714 9.517108978702762
715 8.41283046779774
716 10.707123969120536
717 3.914611088232035
718 7.347516889437126
719 10.696410432148472
720 8.677924132815518
721 14.311176186156773
722 11.502926386245672
723 12.65009108837749
724 12.906436295021125
725 12.85013788344931
726 7.8077850618245
727 14.50571413678502
728 19.31859341819453
729 9.015715052455596
730 16.28988422669154
731 17.227444939533434
732 21.272296754633636
733 21.431987272711265
734 23.95845278144857
735 28.892498455400535
736 29.742144699477095
737 29.206223678885422
738 45.19389317847476
739 28.424271003052866
740 42.26193324232463
741 21.825715370971636
742 1.223941599264086
743 2.362246089111294
744 3.6999434351331453
745 4.940273334364953
746 5.145772003822918
747 5.3830015838422325
748 6.6781306666052895
749 3.914611088232035
750 7.023793240842522
751 8.47378709807682
752 8.509612435019065
753 9.111358608114724
754 9.494382049477915
755 12.057761605062083
756 12.091546169344774
757 12.684348933528035
758 7.8077850618245
759 14.08086172749416
760 15.30147720490828
761 9.015715052455596
762 16.28988422669154
763 17.227444939533434
764 18.24784666101362
765 21.431987272711265
766 23.95845278144857
767 25.287122921638055
768 29.120085541114435
769 45.19389317847476
770 28.424271003052866
771 21.825715370971636
772 6.684140800607299
773 25.78956885267927
774 23.73341110908259
775 3.914611088232035
776 6.526218227017556
777 11.84145909109166
778 7.3233860011577825
779 7.0174861893937655
780 7.107368605400093
781 10.343385851400269
782 9.498606030483586
783 8.72901809188771
784 11.456763458616377
785 9.073110912699718
786 18.521489660802835
787 16.55448266963088
788 37.84846167570204
789 14.34334990550217
790 11.984045301033913
791 9.763939254368157
792 19.003164728567825
793 17.206042245084348
794 8.272282385385122
795 21.431987272711265
796 19.077319378330774
797 14.48847547185919
798 25.287122921638055
799 31.98650253570112
800 10.045684498151074
801 54.51702105783653
802 14.746972493164058
803 43.270421313161215
804 1.223941599264086
805 2.362246089111294
806 3.6999434351331453
807 3.914611088232035
808 4.940273334364953
809 5.145772003822918
810 5.3830015838422325
811 6.6781306666052895
812 7.023793240842522
813 7.8077850618245
814 8.47378709807682
815 8.509612435019065
816 9.015715052455596
817 9.073110912699718
818 9.494382049477915
819 12.057761605062083
820 12.091546169344774
821 12.684348933528035
822 11.984045301033913
823 9.763939254368157
824 16.28988422669154
825 17.206042245084348
826 8.272282385385122
827 21.431987272711265
828 19.077319378330774
829 14.48847547185919
830 25.287122921638055
831 10.045684498151074
832 14.746972493164058
833 43.270421313161215
834 1.13497573594961
835 2.362246089111294
836 33.60717902006307
837 3.882267836520934
838 6.473000310468585
839 9.654941793728877
840 4.407939721719153
841 6.680660745585121
842 7.023793240842522
843 13.324493294569898
844 8.26317650799357
845 10.98491972839211
846 8.504690763489727
847 9.03593859211946
848 6.750435913695046
849 8.521705983473678
850 9.76522108324153
851 9.184830916592073
852 11.659823337186252
853 12.14983874731999
854 17.332995860027633
855 13.509771158821792
856 33.18068952036051
857 14.391640983846742
858 16.297751797964743
859 23.307501521005506
860 29.721102085787287
861 4.026940694364171
862 25.292176990534582
863 24.645181411407687
864 43.42933163258541
865 10.210591029892962
866 1.13497573594961
867 2.362246089111294
868 3.6999434351331453
869 3.882267836520934
870 4.940273334364953
871 5.145772003822918
872 4.407939721719153
873 6.6781306666052895
874 7.023793240842522
875 7.8077850618245
876 8.26317650799357
877 8.47378709807682
878 8.504690763489727
879 9.015715052455596
880 6.750435913695046
881 8.521705983473678
882 9.763939254368157
883 9.184830916592073
884 11.659823337186252
885 12.057761605062083
886 12.091546169344774
887 12.684348933528035
888 14.48847547185919
889 14.391640983846742
890 16.28988422669154
891 17.206042245084348
892 19.077319378330774
893 4.026940694364171
894 24.645181411407687
895 10.210591029892962
896 1.1452381978607864
897 2.3608715723869707
898 4.058258867161953
899 3.9588466390660155
900 5.90325808973189
901 5.9690928736209425
902 5.709437410026139
903 5.139511678251399
904 33.15186731170101
905 6.750435913695046
906 6.886794301621062
907 9.57367429978451
908 8.383666209912418
909 9.525219386829766
910 8.484512345948975
911 8.425755333438168
912 17.269906286302213
913 25.825749316346
914 4.591533292151572
915 9.202002480261656
916 35.90630119611191
917 12.066910018816372
918 12.211504495292576
919 10.98560105699902
920 16.327647802663076
921 15.078673066543098
922 11.623192488226506
923 33.18964254528598
924 14.330341290348226
925 15.106550580309982
926 16.193016502924834
927 1.13497573594961
928 2.3608715723869707
929 3.6999434351331453
930 3.882267836520934
931 4.026940694364171
932 4.407939721719153
933 4.940273334364953
934 5.139511678251399
935 6.6781306666052895
936 6.750435913695046
937 6.886794301621062
938 7.8077850618245
939 8.26317650799357
940 8.47378709807682
941 8.484512345948975
942 8.425755333438168
943 9.015715052455596
944 9.184830916592073
945 4.591533292151572
946 9.202002480261656
947 11.659823337186252
948 12.057761605062083
949 12.091546169344774
950 10.98560105699902
951 14.391640983846742
952 14.48847547185919
953 11.623192488226506
954 14.330341290348226
955 15.106550580309982
956 16.193016502924834
957 12.858616596570707
958 6.854639857353446
959 17.19555927329003
960 6.864257865755887
961 17.07537629300647
962 4.954521742939755
963 6.014826044528418
964 4.938335473915364
965 12.565536498386642
966 6.675541424735354
967 6.915336463149465
968 6.967764727556791
969 7.807762926775647
970 8.195206137684927
971 8.173709430049547
972 6.116080365960073
973 22.154049230170926
974 11.900273286613043
975 9.184830916592073
976 8.911246798995917
977 11.042065490063722
978 11.662984738869902
979 11.676734492368531
980 16.890013038388417
981 12.091546169344774
982 20.47810182260568
983 13.554420456734334
984 12.932128729938395
985 14.588405597665266
986 16.779217413662085
987 18.132701299949197
988 1.13497573594961
989 2.3608715723869707
990 3.6999434351331453
991 3.882267836520934
992 4.026940694364171
993 4.407939721719153
994 4.591533292151572
995 4.938335473915364
996 5.139511678251399
997 6.675541424735354
998 6.750435913695046
999 6.886794301621062
1000 7.807762926775647
1001 8.195206137684927
1002 8.173709430049547
1003 6.116080365960073
1004 8.484512345948975
1005 9.015715052455596
1006 9.184830916592073
1007 8.911246798995917
1008 10.98560105699902
1009 11.623192488226506
1010 11.659823337186252
1011 12.057761605062083
1012 12.091546169344774
1013 14.330341290348226
1014 13.554420456734334
1015 12.932128729938395
1016 14.588405597665266
1017 18.132701299949197
evaluations raw_y
1 19.255982200611896
2 11.916338367057906
3 37.50370815251334
4 45.340728420728134
5 43.71093879288501
6 25.980035166577405
7 43.02313024675297
8 11.714476822468038
9 14.761033929487866
10 18.303781416308688
11 27.97540736041598
12 19.621261420122973
13 24.197319081210257
14 29.043473770665486
15 8.499115818143453
16 27.645763791797876
17 33.70488120330752
18 11.879552863847849
19 12.3067895405084
20 6.831707837849125
21 37.48062834245966
22 26.61002948234097
23 25.62681592773687
24 41.53924694794304
25 45.54793139276295
26 38.34038562226286
27 26.398990948872587
28 17.860228642810295
29 22.493892653762288
30 36.14988956007215
31 17.57256491514361
32 18.96908994372733
33 26.87737324438334
34 14.236957087986312
35 11.209732319610985
36 25.771664749523946
37 34.81235476408423
38 27.19197280986594
39 18.736543290231815
40 18.98354079038102
41 19.600752671991458
42 30.35451777373755
43 23.675940149941802
44 19.655247604591864
45 6.374876575567365
46 23.89290487329215
47 26.932069426776778
48 30.198170497126085
49 28.555591976607964
50 29.2055543182487
51 20.661120434288037
52 43.50291960470541
53 40.36439391236324
54 16.38035640679166
55 43.27048744947884
56 39.801761592363846
57 36.342253051451756
58 26.3992551044647
59 46.56458263822617
60 56.910464136975705
61 55.56953218985885
62 29.01886248984725
63 6.831707837849125
64 8.499115818143453
65 11.714476822468038
66 11.879552863847849
67 11.209732319610985
68 12.3067895405084
69 14.761033929487866
70 17.860228642810295
71 18.303781416308688
72 18.98354079038102
73 19.600752671991458
74 22.493892653762288
75 23.675940149941802
76 19.655247604591864
77 6.374876575567365
78 23.89290487329215
79 26.61002948234097
80 27.645763791797876
81 27.97540736041598
82 29.043473770665486
83 20.661120434288037
84 36.14988956007215
85 37.48062834245966
86 16.38035640679166
87 38.34038562226286
88 39.801761592363846
89 36.342253051451756
90 26.3992551044647
91 56.910464136975705
92 29.01886248984725
93 31.216209771561367
94 6.832556979343502
95 19.258051585325788
96 44.350591086018994
97 9.638984846437628
98 11.861296013027141
99 12.379675176747824
100 18.25160873901764
101 14.91922679408302
102 21.25154580780582
103 29.061318454494312
104 18.48598414617659
105 23.321701616103258
106 24.83320510373028
107 18.558721349050046
108 31.2297566982938
109 24.59412374267673
110 24.824960394788945
111 26.3992551044647
112 22.23170470941794
113 28.48191842327732
114 27.887356968250344
115 22.428731147314995
116 18.852478570478752
117 41.12282650786341
118 42.54303199089903
119 37.83271829514759
120 37.11177306591546
121 45.78182031958596
122 30.68970604961036
123 56.1928263446176
124 6.374876575567365
125 6.831707837849125
126 8.499115818143453
127 11.209732319610985
128 9.638984846437628
129 11.861296013027141
130 12.3067895405084
131 14.761033929487866
132 14.91922679408302
133 17.860228642810295
134 18.303781416308688
135 18.48598414617659
136 19.600752671991458
137 19.655247604591864
138 18.558721349050046
139 22.493892653762288
140 23.675940149941802
141 23.89290487329215
142 26.3992551044647
143 22.23170470941794
144 27.645763791797876
145 27.887356968250344
146 22.428731147314995
147 18.852478570478752
148 36.14988956007215
149 36.342253051451756
150 37.48062834245966
151 37.11177306591546
152 30.68970604961036
153 56.1928263446176
154 24.136021327415055
155 6.985896642252689
156 8.486203374055648
157 4.11483259520053
158 9.2978421805818
159 12.501315353787254
160 14.38183067486165
161 34.81235476408423
162 15.77731326901759
163 17.897448623196038
164 12.315655235925849
165 17.565636409428258
166 20.870032195812236
167 18.852478570478752
168 26.551012303876746
169 23.8913290013709
170 23.986996187287147
171 24.851637393451377
172 30.122108406429433
173 23.171533553672134
174 34.36519358134716
175 44.82363403278734
176 13.37404848899292
177 22.60011637568197
178 43.49807806672835
179 37.268380793162635
180 36.40216882974684
181 36.96982878232227
182 39.317760945148855
183 46.495317457643715
184 56.910464136975705
185 58.689399223028275
186 6.374876575567365
187 6.831707837849125
188 8.486203374055648
189 4.11483259520053
190 9.2978421805818
191 11.861296013027141
192 12.3067895405084
193 14.761033929487866
194 14.91922679408302
195 17.860228642810295
196 12.315655235925849
197 17.565636409428258
198 18.558721349050046
199 18.852478570478752
200 19.600752671991458
201 19.655247604591864
202 22.23170470941794
203 22.428731147314995
204 22.493892653762288
205 23.171533553672134
206 23.89290487329215
207 26.3992551044647
208 13.37404848899292
209 22.60011637568197
210 30.68970604961036
211 36.14988956007215
212 36.342253051451756
213 36.96982878232227
214 46.495317457643715
215 58.689399223028275
216 3.8474209739570457
217 25.786373054405555
218 9.128063133665822
219 5.238378143592093
220 34.46665028136362
221 13.072345841032387
222 12.988577191398308
223 13.187576399394748
224 13.174830326828516
225 34.81235476408423
226 14.91922679408302
227 20.20208920726956
228 11.112097581460784
229 22.008139757457492
230 38.08164249996442
231 19.94749142127263
232 20.237919797231044
233 27.97244439829695
234 17.95097103228877
235 23.997522047714288
236 22.000836941690558
237 22.092578527629968
238 18.056975473908587
239 23.973634722580243
240 30.542051098193333
241 42.477812598644675
242 16.746547136682175
243 37.68332480226656
244 58.689399223028275
245 44.31749684243721
246 58.689399223028275
247 58.689399223028275
248 3.8474209739570457
249 6.374876575567365
250 6.831707837849125
251 5.238378143592093
252 9.2978421805818
253 11.861296013027141
254 12.3067895405084
255 12.315655235925849
256 13.174830326828516
257 14.761033929487866
258 14.91922679408302
259 17.565636409428258
260 11.112097581460784
261 18.558721349050046
262 18.852478570478752
263 19.600752671991458
264 19.655247604591864
265 22.23170470941794
266 17.95097103228877
267 22.493892653762288
268 22.000836941690558
269 22.092578527629968
270 18.056975473908587
271 23.973634722580243
272 30.542051098193333
273 36.14988956007215
274 16.746547136682175
275 58.689399223028275
276 44.31749684243721
277 58.689399223028275
278 5.2796283760211224
279 5.705130082215741
280 8.072932300937435
281 6.820529111361049
282 9.2978421805818
283 38.35167250143339
284 12.501315353787254
285 11.243817428363247
286 10.804831071812028
287 14.64905227038677
288 26.905750258242342
289 14.006671579606351
290 22.1601618644818
291 18.06176373045347
292 17.95097103228877
293 18.06197223988333
294 18.08672019770848
295 23.935270629510377
296 29.241467665548768
297 19.584634046750338
298 30.9929923642419
299 27.66627053913799
300 29.262486069427634
301 22.493892653762288
302 36.979945101804375
303 37.478629798757304
304 36.48236564709878
305 41.5048206552382
306 58.689399223028275
307 58.689399223028275
308 61.879651283312334
309 58.689399223028275
310 3.8474209739570457
311 5.238378143592093
312 6.374876575567365
313 6.820529111361049
314 9.2978421805818
315 11.112097581460784
316 11.861296013027141
317 11.243817428363247
318 10.804831071812028
319 13.174830326828516
320 14.761033929487866
321 14.006671579606351
322 16.746547136682175
323 17.565636409428258
324 17.95097103228877
325 18.056975473908587
326 18.08672019770848
327 18.852478570478752
328 19.600752671991458
329 19.584634046750338
330 22.000836941690558
331 22.092578527629968
332 22.23170470941794
333 22.493892653762288
334 23.973634722580243
335 30.542051098193333
336 36.14988956007215
337 41.5048206552382
338 58.689399223028275
339 58.689399223028275
340 16.160452213822722
341 5.238378143592093
342 7.483170361232556
343 14.132683014454562
344 9.612194219734167
345 20.168702487461882
346 11.999236455803025
347 11.492268241621748
348 18.358001237117175
349 14.880616064747707
350 11.521937474329786
351 6.774732317522762
352 15.789860582275704
353 16.53020611684841
354 17.95097103228877
355 18.06607729007797
356 3.4480079535145247
357 20.420756324876546
358 23.81153445810753
359 19.66541999302226
360 23.924625694363293
361 22.092578527629968
362 23.185372368273903
363 28.105955371532623
364 19.03848182621872
365 53.61098403026883
366 17.202002422422005
367 42.22726245874267
368 58.689399223028275
369 58.689399223028275
370 53.473824292564174
371 55.8697716987691
372 3.8474209739570457
373 5.238378143592093
374 6.374876575567365
375 6.820529111361049
376 9.2978421805818
377 10.804831071812028
378 11.112097581460784
379 11.243817428363247
380 11.861296013027141
381 13.174830326828516
382 11.521937474329786
383 6.774732317522762
384 15.789860582275704
385 16.53020611684841
386 17.95097103228877
387 18.056975473908587
388 3.4480079535145247
389 18.852478570478752
390 19.584634046750338
391 19.600752671991458
392 22.000836941690558
393 22.092578527629968
394 22.23170470941794
395 22.493892653762288
396 19.03848182621872
397 30.542051098193333
398 17.202002422422005
399 58.689399223028275
400 53.473824292564174
401 55.8697716987691
402 3.4512451758650937
403 11.471810499324203
404 8.280988542174594
405 2.901337905678189
406 3.8982136518745634
407 8.19084093308817
408 9.926223814067516
409 10.652230683467513
410 13.445194634872953
411 7.103111390814641
412 11.521937474329786
413 11.670365496282468
414 13.558748623379536
415 15.67344091367254
416 32.4998824638652
417 9.168455571706264
418 21.704790736308027
419 33.19770986453926
420 18.86114975866345
421 17.462335785103555
422 21.7797501766184
423 19.61944315958526
424 20.515889076600594
425 21.561358829659707
426 21.561315352291658
427 24.38411530295757
428 30.542051098193333
429 52.947512583042574
430 55.8697716987691
431 65.27846869666608
432 58.689399223028275
433 58.689399223028275
434 3.4480079535145247
435 3.8474209739570457
436 5.238378143592093
437 2.901337905678189
438 3.8982136518745634
439 6.820529111361049
440 9.2978421805818
441 10.652230683467513
442 11.112097581460784
443 7.103111390814641
444 11.521937474329786
445 11.670365496282468
446 13.174830326828516
447 15.67344091367254
448 16.53020611684841
449 9.168455571706264
450 17.95097103228877
451 18.056975473908587
452 18.852478570478752
453 17.462335785103555
454 19.584634046750338
455 19.600752671991458
456 20.515889076600594
457 21.561358829659707
458 21.561315352291658
459 22.493892653762288
460 30.542051098193333
461 52.947512583042574
462 65.27846869666608
463 58.689399223028275
464 3.1042014592354787
465 3.452928070298203
466 3.8779879725621162
467 4.283151731836712
468 5.60031069425912
469 21.89504571210015
470 7.204358253233736
471 9.456965818969099
472 9.2978421805818
473 10.783274912092534
474 11.139958431843716
475 9.926179874848637
476 15.461502871407625
477 7.718967021453578
478 17.313554856777188
479 42.449807853072386
480 17.731264959401354
481 31.215305887342357
482 24.15969314444815
483 18.852478570478752
484 21.70936019185912
485 19.681051755803725
486 20.091012600782843
487 26.557759950236107
488 21.813456465027052
489 22.493892653762288
490 42.558133489505565
491 52.947512583042574
492 58.689399223028275
493 58.689399223028275
494 58.689399223028275
495 65.27846869666608
496 62.48587308518226
497 2.901337905678189
498 3.4480079535145247
499 3.8474209739570457
500 3.8982136518745634
501 5.238378143592093
502 6.820529111361049
503 7.103111390814641
504 9.168455571706264
505 9.2978421805818
506 10.652230683467513
507 11.112097581460784
508 9.926179874848637
509 11.670365496282468
510 7.718967021453578
511 15.67344091367254
512 16.53020611684841
513 17.462335785103555
514 17.95097103228877
515 18.056975473908587
516 18.852478570478752
517 19.584634046750338
518 19.600752671991458
519 20.091012600782843
520 21.561315352291658
521 21.561358829659707
522 22.493892653762288
523 30.542051098193333
524 58.689399223028275
525 58.689399223028275
526 62.48587308518226
527 16.742064662466653
528 3.359876498526263
529 6.002807025945364
530 5.043983489446182
531 33.26954978406228
532 8.16825206335428
533 9.634607116037893
534 6.8489921605798285
535 4.055543097562967
536 8.281765663987056
537 12.001964354496634
538 2.733891283896078
539 7.269231292961017
540 42.10767115076674
541 18.51543212733011
542 16.415011123147398
543 19.248694119746443
544 15.600474956645066
545 19.836084637462022
546 16.86354960561699
547 19.57731463556901
548 24.39506869859416
549 10.312481304656451
550 22.48639053350454
551 27.111941907218934
552 24.498278903033494
553 15.341453451345377
554 58.689399223028275
555 54.73031091113727
556 51.660160569778576
557 55.198275286776486
558 2.901337905678189
559 3.359876498526263
560 3.8474209739570457
561 3.8982136518745634
562 5.238378143592093
563 6.820529111361049
564 7.103111390814641
565 6.8489921605798285
566 4.055543097562967
567 8.281765663987056
568 9.926179874848637
569 2.733891283896078
570 7.269231292961017
571 11.670365496282468
572 15.67344091367254
573 16.415011123147398
574 17.462335785103555
575 15.600474956645066
576 18.056975473908587
577 16.86354960561699
578 19.57731463556901
579 19.600752671991458
580 10.312481304656451
581 21.561315352291658
582 21.561358829659707
583 22.493892653762288
584 15.341453451345377
585 54.73031091113727
586 51.660160569778576
587 55.198275286776486
588 2.7162768491312637
589 6.960154552789981
590 19.403687904069013
591 13.086432885335004
592 6.671387892729008
593 3.616181874924766
594 5.223936921452598
595 7.0080573280067995
596 4.019758395208428
597 12.91045786710449
598 11.392843843671887
599 8.342591121021984
600 11.851840500302457
601 11.833181395724415
602 11.731968183464623
603 13.954667372216836
604 15.600474956645066
605 15.678927932817087
606 40.109733962712994
607 3.9254031706901875
608 17.530536912333996
609 14.182755148671143
610 19.895263964817396
611 23.72906941978605
612 19.846624941678044
613 11.402858606955162
614 16.37515297684776
615 53.28447736508858
616 63.51146273285709
617 27.219938065907847
618 55.57298445614965
619 18.554666130914455
620 2.7162768491312637
621 2.901337905678189
622 3.359876498526263
623 3.8474209739570457
624 3.8982136518745634
625 3.616181874924766
626 5.223936921452598
627 6.820529111361049
628 4.019758395208428
629 7.103111390814641
630 7.269231292961017
631 8.281765663987056
632 9.926179874848637
633 10.312481304656451
634 11.670365496282468
635 13.954667372216836
636 15.600474956645066
637 15.67344091367254
638 16.415011123147398
639 3.9254031706901875
640 17.462335785103555
641 14.182755148671143
642 19.57731463556901
643 19.600752671991458
644 19.846624941678044
645 11.402858606955162
646 16.37515297684776
647 63.51146273285709
648 27.219938065907847
649 18.554666130914455
650 2.7327425623685735
651 12.402414451853582
652 3.3570281237987967
653 3.7024662031397555
654 3.8474209739570457
655 18.744610256956626
656 5.883899214237305
657 4.137748923163188
658 13.026304759057627
659 6.877698682145887
660 8.127953961897905
661 8.126687949548618
662 20.450091562820354
663 9.800770999045572
664 10.373591364375423
665 11.42991873426347
666 10.76387823053765
667 15.474080204219398
668 26.493580769359454
669 23.652369068760073
670 15.355693418169583
671 21.892732241566026
672 16.529323812225975
673 18.967926908464506
674 18.554666130914455
675 19.561274247555588
676 16.35381068712335
677 25.67045393145677
678 8.201006844810372
679 25.9192055505564
680 54.58036286111563
681 2.7162768491312637
682 2.901337905678189
683 3.3570281237987967
684 3.616181874924766
685 3.8474209739570457
686 3.8982136518745634
687 3.9254031706901875
688 4.019758395208428
689 5.223936921452598
690 6.820529111361049
691 7.103111390814641
692 7.269231292961017
693 8.281765663987056
694 9.800770999045572
695 10.312481304656451
696 11.402858606955162
697 10.76387823053765
698 13.954667372216836
699 14.182755148671143
700 15.600474956645066
701 15.355693418169583
702 16.37515297684776
703 16.415011123147398
704 17.462335785103555
705 18.554666130914455
706 19.561274247555588
707 16.35381068712335
708 8.201006844810372
709 25.9192055505564
710 54.58036286111563
711 2.673018509033824
712 2.910436530848724
713 3.1965449700170123
714 6.724232225362764
715 4.020811376685869
716 3.8982136518745634
717 4.443872627766794
718 4.565376295010166
719 4.987875846109771
720 6.809086532216632
721 7.041366456691579
722 7.242821613345495
723 8.41071318495457
724 35.275047591231
725 9.800770999045572
726 12.268573330721537
727 9.755806426399262
728 25.508193776207495
729 47.21990659343186
730 14.182689308379818
731 18.569003931938322
732 22.959857543653325
733 8.329851271436436
734 20.46664520765153
735 16.415011123147398
736 17.462335785103555
737 13.72081240229683
738 19.5732254839139
739 14.142277181065243
740 25.81018440891299
741 47.292121295381975
742 2.673018509033824
743 2.901337905678189
744 3.1965449700170123
745 3.616181874924766
746 3.8474209739570457
747 3.8982136518745634
748 3.9254031706901875
749 4.019758395208428
750 4.987875846109771
751 6.809086532216632
752 7.041366456691579
753 7.242821613345495
754 8.201006844810372
755 8.281765663987056
756 9.800770999045572
757 10.312481304656451
758 9.755806426399262
759 11.402858606955162
760 13.954667372216836
761 14.182689308379818
762 15.355693418169583
763 15.600474956645066
764 8.329851271436436
765 16.37515297684776
766 16.415011123147398
767 17.462335785103555
768 13.72081240229683
769 14.142277181065243
770 25.81018440891299
771 47.292121295381975
772 3.4703661098846044
773 11.099874786295064
774 3.398501831659125
775 3.7855346496420417
776 10.727310609332772
777 2.575294224224059
778 7.348028091226487
779 4.049986865448225
780 4.9874572271826025
781 6.860750216077487
782 6.950091525020971
783 16.456601050459952
784 8.69956551473873
785 8.365028905733784
786 25.52157694087057
787 33.08075686851232
788 12.606196256409042
789 10.367681164264253
790 11.388843506765095
791 17.055624001900288
792 15.194915560782364
793 27.50179026722708
794 10.327440365395157
795 15.317947785847162
796 17.23123175462344
797 26.22883677681635
798 24.89528754222633
799 17.45467721089674
800 27.114174096339056
801 11.415900435501344
802 53.41613756895785
803 28.388524147003572
804 2.673018509033824
805 2.901337905678189
806 3.1965449700170123
807 3.616181874924766
808 3.8474209739570457
809 2.575294224224059
810 3.9254031706901875
811 4.019758395208428
812 4.9874572271826025
813 6.809086532216632
814 6.950091525020971
815 7.242821613345495
816 8.201006844810372
817 8.281765663987056
818 8.329851271436436
819 9.755806426399262
820 9.800770999045572
821 10.312481304656451
822 11.388843506765095
823 13.72081240229683
824 13.954667372216836
825 14.142277181065243
826 10.327440365395157
827 15.317947785847162
828 15.600474956645066
829 16.37515297684776
830 16.415011123147398
831 17.45467721089674
832 11.415900435501344
833 28.388524147003572
834 2.593629625899361
835 2.722209970284858
836 14.7889749860698
837 3.522350542009232
838 3.486020682213127
839 4.043666247661187
840 31.40059278935831
841 7.7123001117046455
842 4.9874572271826025
843 6.839669270700805
844 3.498387110258018
845 7.336138542414127
846 11.5199884163322
847 8.266295316105294
848 6.8215934420198785
849 7.45868643451176
850 39.30514971260894
851 10.404445252369566
852 10.328119768280493
853 12.632340387377191
854 14.374383646379538
855 13.72081240229683
856 11.140034225325085
857 17.960107542905135
858 17.629373718118902
859 15.600474956645066
860 24.498278903033494
861 16.46632801554671
862 10.200994179797608
863 17.45467721089674
864 34.32996818034358
865 29.56535129870801
866 1.644320739029813
867 2.575294224224059
868 2.673018509033824
869 2.901337905678189
870 3.1965449700170123
871 3.486020682213127
872 3.8474209739570457
873 3.9254031706901875
874 4.019758395208428
875 4.9874572271826025
876 6.809086532216632
877 3.498387110258018
878 7.242821613345495
879 8.201006844810372
880 8.266295316105294
881 6.8215934420198785
882 7.45868643451176
883 9.800770999045572
884 10.312481304656451
885 10.327440365395157
886 11.388843506765095
887 11.415900435501344
888 13.72081240229683
889 11.140034225325085
890 14.142277181065243
891 15.317947785847162
892 15.600474956645066
893 16.37515297684776
894 10.200994179797608
895 34.32996818034358
896 1.644320739029813
897 1.6785474771305233
898 2.520125754371251
899 22.416401590201986
900 2.926315700664194
901 2.3777697212399813
902 2.4644842401437392
903 7.609475036866099
904 3.6610487677089054
905 4.787478695238844
906 3.800468514688433
907 4.997177236066406
908 12.501367293449968
909 6.5682956446414575
910 13.557013753946233
911 6.850685657927354
912 5.189695032457939
913 19.36158896805366
914 7.797863988612891
915 11.478532908181185
916 23.185611077944237
917 19.609437424931258
918 11.38159385703081
919 11.388843506765095
920 34.136013836519155
921 10.677977780769123
922 13.487884749508625
923 41.63111042781024
924 15.604560344722014
925 16.21201782009515
926 20.08815066393693
927 24.358844370365215
928 46.44898754975961
929 10.173272686500848
930 1.644320739029813
931 2.520125754371251
932 2.673018509033824
933 2.901337905678189
934 2.3777697212399813
935 2.4644842401437392
936 3.498387110258018
937 3.6610487677089054
938 3.9254031706901875
939 3.800468514688433
940 4.9874572271826025
941 6.809086532216632
942 6.5682956446414575
943 7.242821613345495
944 6.850685657927354
945 5.189695032457939
946 8.266295316105294
947 7.797863988612891
948 10.200994179797608
949 10.312481304656451
950 10.327440365395157
951 11.140034225325085
952 11.388843506765095
953 11.415900435501344
954 10.677977780769123
955 13.487884749508625
956 15.317947785847162
957 16.21201782009515
958 24.358844370365215
959 10.173272686500848
960 1.5875613865881437
961 1.5513539366022648
962 4.3160977094129445
963 2.1411638047279578
964 2.405684244551096
965 11.841460713224844
966 3.530291108695481
967 3.6733537404051155
968 3.2210228900345923
969 25.236491916131502
970 5.008232599630709
971 4.768200807280575
972 6.614803205367927
973 12.84088152682422
974 4.7526737142851445
975 9.676974642953114
976 20.500816504556816
977 8.063943121652663
978 10.03381369295727
979 10.573121375119072
980 10.402114829829918
981 15.115624839899363
982 10.783826842062563
983 11.347034287413909
984 9.770427512486947
985 11.590293092704439
986 13.747356674787255
987 24.037768636500434
988 19.84063130454338
989 3.103735479220951
990 25.10412174896361
991 13.738240411552411
992 1.5875613865881437
993 1.5513539366022648
994 2.4644842401437392
995 2.1411638047279578
996 2.405684244551096
997 2.901337905678189
998 3.498387110258018
999 3.6610487677089054
1000 3.2210228900345923
1001 3.9254031706901875
1002 4.9874572271826025
1003 4.768200807280575
1004 6.5682956446414575
1005 6.809086532216632
1006 4.7526737142851445
1007 7.242821613345495
1008 7.797863988612891
1009 8.063943121652663
1010 10.03381369295727
1011 10.200994179797608
1012 10.312481304656451
1013 10.327440365395157
1014 10.677977780769123
1015 11.140034225325085
1016 9.770427512486947
1017 11.415900435501344
1018 13.487884749508625
1019 19.84063130454338
1020 3.103735479220951
1021 13.738240411552411
