evaluations raw_y
1 2.461262846584711
2 -16.403926182195097
3 9.255780243878888
4 -6.788650273328813
5 -5.4981845521220425
6 5.077448605179643
7 0.18815668539391106
8 2.8688925901997635
9 -2.4461220301954296
10 5.860248296720494
11 -4.315010704513108
12 -23.681835497193905
13 4.461761842010352
14 -25.23981328863088
15 -6.06144438225326
16 2.770611970743736
17 -8.898753863654216
18 14.070312561350638
19 -1.7468554503769524
20 6.3083837478389615
21 0.1411437075212978
22 7.338556467843233
23 -14.153277901011947
24 -2.7936721635950517
25 -3.2327360023802503
26 -8.44823742642995
27 0.19935434580671396
28 -11.613254008857238
29 -3.531522988279951
30 4.072138291199141
31 -1.8074902120551282
32 -0.6020528719437599
33 0.40878116655256913
34 -24.208893838305375
35 3.425362261011235
36 -11.608803980972539
37 -5.223429905721689
38 -0.9342574028150957
39 -16.19201148923304
40 10.136507633183413
41 -9.627051534851306
42 -22.20885916822074
43 22.12023117293234
44 1.1817204644259973
45 11.168135443609383
46 -7.6271464528555795
47 20.880359784120195
48 -0.2559637379904476
49 18.97284369900812
50 -3.8611657480770067
51 -10.729439504356636
52 6.485731585278096
53 2.697545657838997
54 -33.28608683414775
55 -11.247782283095075
56 -19.038080472617423
57 -4.703564505674968
58 -2.043837155406156
59 5.172499202792611
60 5.8667433160984
61 -1.8074902120551282
62 -16.403926182195097
63 0.40878116655256913
64 -24.208893838305375
65 -5.4981845521220425
66 -11.608803980972539
67 -5.223429905721689
68 -0.9342574028150957
69 -16.19201148923304
70 5.860248296720494
71 -9.627051534851306
72 -23.681835497193905
73 4.461761842010352
74 -25.23981328863088
75 -6.06144438225326
76 -7.6271464528555795
77 -8.898753863654216
78 -0.2559637379904476
79 -1.7468554503769524
80 -3.8611657480770067
81 -10.729439504356636
82 6.485731585278096
83 -14.153277901011947
84 -33.28608683414775
85 -11.247782283095075
86 -19.038080472617423
87 -4.703564505674968
88 -11.613254008857238
89 -3.531522988279951
90 4.072138291199141
91 -5.258925392225589
92 6.247737967986383
93 0.5321106515213712
94 -9.180731361826961
95 -1.3799814233576235
96 -6.8600682116794705
97 -17.095764231487344
98 8.532257998515258
99 6.128838114583711
100 19.093336153820243
101 -29.275436296482106
102 -15.309323520708384
103 -0.49517634934103194
104 -9.414763616155655
105 -14.626641394329981
106 -10.56851542136147
107 -5.316043197845286
108 -10.795544917502301
109 -8.34419083341005
110 1.928706647961233
111 0.6003117329820921
112 -26.754478827524242
113 10.47368756403957
114 6.463084948559773
115 -9.504451138018094
116 -17.402787368066466
117 -16.988868692750493
118 -4.507221170249916
119 -7.618923294162935
120 2.811379743861373
121 -5.258925392225589
122 -16.403926182195097
123 0.40878116655256913
124 -24.208893838305375
125 -5.4981845521220425
126 -11.608803980972539
127 -17.095764231487344
128 -0.9342574028150957
129 -16.19201148923304
130 5.860248296720494
131 -29.275436296482106
132 -23.681835497193905
133 -0.49517634934103194
134 -25.23981328863088
135 -14.626641394329981
136 -10.56851542136147
137 -8.898753863654216
138 -10.795544917502301
139 -8.34419083341005
140 -3.8611657480770067
141 -10.729439504356636
142 -26.754478827524242
143 -14.153277901011947
144 -33.28608683414775
145 -11.247782283095075
146 -19.038080472617423
147 -16.988868692750493
148 -11.613254008857238
149 -7.618923294162935
150 2.811379743861373
151 -8.132251275423643
152 -8.912959652890933
153 14.530593736941409
154 -9.165333230554745
155 0.9739389713856931
156 -23.455730876745843
157 -1.2170729916243226
158 -9.465970295041997
159 -3.1398731990153657
160 7.011892838368175
161 1.643429364028854
162 6.830498039745949
163 -27.18686721802534
164 -2.821884776207283
165 -19.56050487478843
166 -2.043795078884129
167 10.854301336428243
168 -7.7308865993236395
169 1.9967481122574633
170 1.1238667387159507
171 -6.565481870954494
172 -10.576502731711136
173 -2.917465871790215
174 2.828920918732304
175 1.7578692406030323
176 -7.62795802842467
177 -27.6859980328157
178 5.266168683416048
179 10.52123438099613
180 5.180265098643698
181 -8.132251275423643
182 -16.403926182195097
183 0.40878116655256913
184 -24.208893838305375
185 -5.4981845521220425
186 -23.455730876745843
187 -17.095764231487344
188 -9.465970295041997
189 -16.19201148923304
190 5.860248296720494
191 -29.275436296482106
192 -23.681835497193905
193 -27.18686721802534
194 -25.23981328863088
195 -19.56050487478843
196 -10.56851542136147
197 -8.898753863654216
198 -10.795544917502301
199 -8.34419083341005
200 -3.8611657480770067
201 -10.729439504356636
202 -26.754478827524242
203 -14.153277901011947
204 -33.28608683414775
205 -11.247782283095075
206 -19.038080472617423
207 -27.6859980328157
208 -11.613254008857238
209 -7.618923294162935
210 2.811379743861373
211 3.11697156823789
212 -16.24365646326398
213 7.157056966799469
214 -1.7855307377035257
215 11.627528322123977
216 11.092047027241444
217 -23.226745632351104
218 12.396773861393775
219 3.4994893548095916
220 -1.6405781462162725
221 -14.527642096672238
222 -5.931490876069805
223 -20.536976133259856
224 6.256855913718423
225 -5.098142632468063
226 9.551301529122451
227 -7.4443757988167505
228 -1.158827630706667
229 -15.96634841147423
230 19.791035720123926
231 4.274797158277881
232 -16.233722509844632
233 -1.4664924190634423
234 -9.084715277091316
235 6.348578198823221
236 4.281536930240341
237 -14.337545686957048
238 -0.8033844516504265
239 22.958820037659716
240 5.667032746478131
241 -8.132251275423643
242 -16.403926182195097
243 0.40878116655256913
244 -24.208893838305375
245 -5.4981845521220425
246 -23.455730876745843
247 -23.226745632351104
248 -9.465970295041997
249 -16.19201148923304
250 -1.6405781462162725
251 -29.275436296482106
252 -23.681835497193905
253 -27.18686721802534
254 -25.23981328863088
255 -19.56050487478843
256 -10.56851542136147
257 -8.898753863654216
258 -10.795544917502301
259 -15.96634841147423
260 -3.8611657480770067
261 -10.729439504356636
262 -26.754478827524242
263 -14.153277901011947
264 -33.28608683414775
265 -11.247782283095075
266 -19.038080472617423
267 -27.6859980328157
268 -11.613254008857238
269 -7.618923294162935
270 2.811379743861373
271 1.4800582971304612
272 15.657199917883975
273 2.6707057444745663
274 -42.41723007334622
275 -8.840745588866373
276 12.060120670018607
277 -1.8093542746955265
278 -7.127293380115756
279 -1.087326823444597
280 -3.5829874434278075
281 7.302166111901587
282 -1.3088168620869223
283 -3.8178627944276617
284 -9.651833144301156
285 -20.219534478362988
286 -1.517269135235448
287 23.14568453595921
288 -9.09770508993791
289 1.761183716537585
290 -4.69234243106099
291 -6.293424889822662
292 -0.9637624878605211
293 -5.8525470848491
294 -13.604299538035354
295 -4.050563257762172
296 -22.37975696981069
297 -2.586773773502573
298 -5.444790704978738
299 1.0516606965571886
300 -9.788106846282442
301 -8.132251275423643
302 -16.403926182195097
303 0.40878116655256913
304 -42.41723007334622
305 -8.840745588866373
306 -23.455730876745843
307 -23.226745632351104
308 -9.465970295041997
309 -16.19201148923304
310 -3.5829874434278075
311 -29.275436296482106
312 -23.681835497193905
313 -27.18686721802534
314 -25.23981328863088
315 -20.219534478362988
316 -10.56851542136147
317 -8.898753863654216
318 -10.795544917502301
319 -15.96634841147423
320 -4.69234243106099
321 -10.729439504356636
322 -26.754478827524242
323 -14.153277901011947
324 -33.28608683414775
325 -11.247782283095075
326 -22.37975696981069
327 -27.6859980328157
328 -11.613254008857238
329 -7.618923294162935
330 -9.788106846282442
331 -1.5996148281679157
332 -29.34400421071791
333 -14.732371124422386
334 -25.70657473235176
335 -6.467125255041106
336 -1.5114753926006246
337 -6.927559403737787
338 8.38378009433994
339 -13.370444724252083
340 -34.98379849929885
341 -1.4372274021431728
342 -10.731928415903552
343 -11.555550455022459
344 7.500516361996869
345 -0.7548886693388298
346 3.5808346535449376
347 -3.73629778901568
348 -14.751650062572155
349 -21.355006154525512
350 -14.602205710030114
351 -4.303240713665794
352 -9.499360243720206
353 -5.797863019794859
354 -12.539335439371245
355 -2.953406316567007
356 -2.5305986056939718
357 -11.563526824940835
358 -21.207685982295537
359 -11.6224484100337
360 -6.6249542831439925
361 -8.132251275423643
362 -29.34400421071791
363 -14.732371124422386
364 -42.41723007334622
365 -8.840745588866373
366 -23.455730876745843
367 -23.226745632351104
368 -9.465970295041997
369 -16.19201148923304
370 -34.98379849929885
371 -29.275436296482106
372 -23.681835497193905
373 -27.18686721802534
374 -25.23981328863088
375 -20.219534478362988
376 -10.56851542136147
377 -8.898753863654216
378 -14.751650062572155
379 -21.355006154525512
380 -14.602205710030114
381 -10.729439504356636
382 -26.754478827524242
383 -14.153277901011947
384 -33.28608683414775
385 -11.247782283095075
386 -22.37975696981069
387 -27.6859980328157
388 -21.207685982295537
389 -11.6224484100337
390 -9.788106846282442
391 -11.484241054370672
392 -3.1313757104981477
393 -12.022401219781955
394 -7.163868755372447
395 -13.658878263835252
396 -5.1229145864802135
397 -12.763789598607785
398 4.845630943360396
399 -4.300664369100495
400 -8.730745427808213
401 6.4958905815
402 -22.884008363546886
403 -12.763789598607785
404 17.552107951758742
405 -32.45552894003533
406 -9.65905594116705
407 -8.735524882598774
408 -11.228730544251565
409 15.686440463829058
410 -11.042982858196773
411 -2.776972063895557
412 -7.626802293067403
413 -0.5951074153937657
414 -11.06130008678244
415 -8.114790153796825
416 3.0857507079043938
417 -12.763789598607785
418 -16.985129531749624
419 -5.989114221183318
420 -14.378170013580498
421 -11.484241054370672
422 -29.34400421071791
423 -14.732371124422386
424 -42.41723007334622
425 -13.658878263835252
426 -23.455730876745843
427 -23.226745632351104
428 -9.465970295041997
429 -16.19201148923304
430 -34.98379849929885
431 -29.275436296482106
432 -23.681835497193905
433 -27.18686721802534
434 -25.23981328863088
435 -32.45552894003533
436 -10.56851542136147
437 -8.898753863654216
438 -14.751650062572155
439 -21.355006154525512
440 -14.602205710030114
441 -10.729439504356636
442 -26.754478827524242
443 -14.153277901011947
444 -33.28608683414775
445 -11.247782283095075
446 -22.37975696981069
447 -27.6859980328157
448 -21.207685982295537
449 -11.6224484100337
450 -14.378170013580498
451 -4.905758135508023
452 -6.001469855624427
453 -12.746908060900306
454 -22.54942203884716
455 -19.03885255537424
456 -1.931719894087886
457 -5.246453305083019
458 -33.57935582842657
459 -15.183449822128368
460 -13.534033221934424
461 -1.2856908752201892
462 -13.972741331855739
463 -21.081535631406812
464 1.1117492004727203
465 -6.755529187457836
466 -5.655828866838817
467 -21.599275998476795
468 -14.751650062572155
469 1.884962643507171
470 27.581074996441213
471 1.7008115227352043
472 -1.0341481311225822
473 -4.228165338262594
474 -36.3917896675325
475 -8.1209600410147
476 -11.606100054776466
477 -8.630239014157778
478 -5.858544873631741
479 -8.486596639247711
480 -6.253906389169833
481 -11.484241054370672
482 -29.34400421071791
483 -14.732371124422386
484 -42.41723007334622
485 -19.03885255537424
486 -23.455730876745843
487 -23.226745632351104
488 -33.57935582842657
489 -16.19201148923304
490 -34.98379849929885
491 -29.275436296482106
492 -23.681835497193905
493 -27.18686721802534
494 -25.23981328863088
495 -32.45552894003533
496 -10.56851542136147
497 -21.599275998476795
498 -14.751650062572155
499 -21.355006154525512
500 -14.602205710030114
501 -10.729439504356636
502 -26.754478827524242
503 -14.153277901011947
504 -36.3917896675325
505 -11.247782283095075
506 -22.37975696981069
507 -27.6859980328157
508 -21.207685982295537
509 -11.6224484100337
510 -14.378170013580498
511 -19.425648062820393
512 4.242241025974921
513 -18.768077187688164
514 -6.447489102862161
515 -12.64500431786423
516 -24.836501505568418
517 -29.934612150513978
518 1.6891696339068367
519 -11.108234138965983
520 -14.378170013580498
521 -20.169206493701736
522 -16.971911976838484
523 -5.510466198273397
524 -10.976631208045749
525 -0.7488170511326233
526 -0.23080375978837753
527 -12.163945548679564
528 -2.987000305993646
529 -5.841082738338529
530 -5.446127258740781
531 -3.662760166083216
532 -11.997709175591517
533 -3.76573205279142
534 -17.851428157076356
535 -8.751346780359526
536 -6.778212387624647
537 -4.814409211800019
538 -3.1822113343243874
539 0.6284340856430939
540 4.524660444424585
541 -19.425648062820393
542 -29.34400421071791
543 -18.768077187688164
544 -42.41723007334622
545 -19.03885255537424
546 -24.836501505568418
547 -29.934612150513978
548 -33.57935582842657
549 -16.19201148923304
550 -34.98379849929885
551 -29.275436296482106
552 -23.681835497193905
553 -27.18686721802534
554 -25.23981328863088
555 -32.45552894003533
556 -10.56851542136147
557 -21.599275998476795
558 -14.751650062572155
559 -21.355006154525512
560 -14.602205710030114
561 -10.729439504356636
562 -26.754478827524242
563 -14.153277901011947
564 -36.3917896675325
565 -11.247782283095075
566 -22.37975696981069
567 -27.6859980328157
568 -21.207685982295537
569 -11.6224484100337
570 -14.378170013580498
571 -9.21497597567178
572 -20.33267222176762
573 2.188759687248784
574 -28.487173891108622
575 -12.763789598607785
576 -11.948658565555977
577 -5.169021155354217
578 -13.025819768801846
579 -12.852175039603711
580 1.9834956055665702
581 -1.6737603046177032
582 -3.9047373581570337
583 2.907861782765881
584 7.679862254153866
585 -6.93469390545553
586 -2.8019750277616002
587 -19.651173471348756
588 -18.601517072139906
589 -18.256488007748555
590 -15.427325940346954
591 -6.565481870954494
592 -10.95404096492703
593 -16.58781584562876
594 3.50372455890546
595 -0.8852196455510513
596 -10.475471722330141
597 0.07454622111112191
598 -13.364210596214374
599 -6.678042673226043
600 6.5988483011086005
601 -19.425648062820393
602 -29.34400421071791
603 -18.768077187688164
604 -42.41723007334622
605 -19.03885255537424
606 -24.836501505568418
607 -29.934612150513978
608 -33.57935582842657
609 -16.19201148923304
610 -34.98379849929885
611 -29.275436296482106
612 -23.681835497193905
613 -27.18686721802534
614 -25.23981328863088
615 -32.45552894003533
616 -10.56851542136147
617 -21.599275998476795
618 -18.601517072139906
619 -21.355006154525512
620 -15.427325940346954
621 -10.729439504356636
622 -26.754478827524242
623 -16.58781584562876
624 -36.3917896675325
625 -11.247782283095075
626 -22.37975696981069
627 -27.6859980328157
628 -21.207685982295537
629 -11.6224484100337
630 -14.378170013580498
631 13.748935597208952
632 10.370508924686405
633 -4.725523828251452
634 -6.463307319703838
635 -1.8311416319726366
636 0.44325543222060987
637 -4.563989075177326
638 5.220198761629501
639 -19.03396169977559
640 5.328021332812332
641 -37.37988992995244
642 -19.147376679244907
643 -15.945395323837259
644 -4.086352971509571
645 -6.132346129171343
646 -1.4482326714566303
647 2.262270112136014
648 -6.638759210244967
649 11.549272644737348
650 -5.437341268621941
651 -21.267960772375037
652 -4.656341017631972
653 -2.875420740697924
654 -13.607430335041249
655 -3.4245873537003346
656 -4.822001118139858
657 2.3852134813867583
658 10.593961536924454
659 -15.353090755253461
660 -32.38233367180226
661 -19.425648062820393
662 -29.34400421071791
663 -18.768077187688164
664 -42.41723007334622
665 -19.03885255537424
666 -24.836501505568418
667 -29.934612150513978
668 -33.57935582842657
669 -19.03396169977559
670 -34.98379849929885
671 -37.37988992995244
672 -23.681835497193905
673 -27.18686721802534
674 -25.23981328863088
675 -32.45552894003533
676 -10.56851542136147
677 -21.599275998476795
678 -18.601517072139906
679 -21.355006154525512
680 -15.427325940346954
681 -21.267960772375037
682 -26.754478827524242
683 -16.58781584562876
684 -36.3917896675325
685 -11.247782283095075
686 -22.37975696981069
687 -27.6859980328157
688 -21.207685982295537
689 -15.353090755253461
690 -32.38233367180226
691 4.733271081304058
692 -11.10318018380541
693 -17.813215744824134
694 -16.45729861451887
695 -15.032891306106725
696 5.275623819065417
697 -10.938235905618027
698 -14.13389133475294
699 -1.7426819132112756
700 -3.263754541018768
701 -34.650965958951375
702 -16.350927565094434
703 -5.343417260745335
704 -9.847803870077371
705 5.392425556631199
706 -3.7248709921181136
707 -14.790521570184488
708 -14.314694753546668
709 -2.0994102977068074
710 -1.9067217152085076
711 -18.254261667113067
712 -9.357177167652871
713 -13.952404623829487
714 -12.230690683848543
715 -10.901477025514842
716 -12.539335439371245
717 -13.15095810050393
718 -13.894380117517926
719 6.40033291536462
720 -9.365542901491589
721 -19.425648062820393
722 -29.34400421071791
723 -18.768077187688164
724 -42.41723007334622
725 -19.03885255537424
726 -24.836501505568418
727 -29.934612150513978
728 -33.57935582842657
729 -19.03396169977559
730 -34.98379849929885
731 -37.37988992995244
732 -23.681835497193905
733 -27.18686721802534
734 -25.23981328863088
735 -32.45552894003533
736 -10.56851542136147
737 -21.599275998476795
738 -18.601517072139906
739 -21.355006154525512
740 -15.427325940346954
741 -21.267960772375037
742 -26.754478827524242
743 -16.58781584562876
744 -36.3917896675325
745 -11.247782283095075
746 -22.37975696981069
747 -27.6859980328157
748 -21.207685982295537
749 -15.353090755253461
750 -32.38233367180226
751 -6.4910382251493175
752 -26.55280372016444
753 -18.768077187688164
754 -11.712112500588711
755 20.899632592966185
756 2.0900041064700448
757 -23.576962300560883
758 4.500522746392191
759 11.689992837367916
760 -9.396390766190175
761 -21.85316886277916
762 -10.231957760297634
763 -5.622090588309796
764 -7.760553190037323
765 -0.8050129981461037
766 -16.192256909461808
767 -21.210943608601752
768 10.089280789993337
769 -5.381800494857392
770 -16.852972825622334
771 -19.94895577845103
772 -7.905782181366668
773 3.2798390763839356
774 -23.652432335522068
775 0.6066564800673702
776 -29.688680030693785
777 -22.885596765227348
778 -21.507470125461893
779 6.072181910341746
780 -8.142955438020822
781 -19.425648062820393
782 -29.34400421071791
783 -18.768077187688164
784 -42.41723007334622
785 -19.03885255537424
786 -24.836501505568418
787 -29.934612150513978
788 -33.57935582842657
789 -19.03396169977559
790 -34.98379849929885
791 -37.37988992995244
792 -23.681835497193905
793 -27.18686721802534
794 -25.23981328863088
795 -32.45552894003533
796 -16.192256909461808
797 -21.599275998476795
798 -18.601517072139906
799 -21.355006154525512
800 -16.852972825622334
801 -21.267960772375037
802 -26.754478827524242
803 -16.58781584562876
804 -36.3917896675325
805 -11.247782283095075
806 -29.688680030693785
807 -27.6859980328157
808 -21.507470125461893
809 -15.353090755253461
810 -32.38233367180226
811 -0.22934525519414706
812 -16.546849663917733
813 1.4712640718093375
814 -7.130527278996401
815 -35.3921397401972
816 10.41453530282585
817 -9.065409877788698
818 -7.767795946319539
819 -16.605059913113152
820 -1.1346977136094094
821 0.3477331360255076
822 -23.86124503197501
823 -14.297966992360388
824 -15.420406477163745
825 -8.340765097370651
826 -0.032341504647791675
827 -12.339898616450963
828 2.4982438002367164
829 -3.0423521687265747
830 -7.869116502203674
831 -17.001107478085068
832 -3.520301262624692
833 -7.072437947003659
834 -17.130355300101947
835 -4.892165415089082
836 -7.656624057326981
837 -10.344922695619513
838 -3.6945899016310055
839 -9.043037679948183
840 10.334393731260981
841 -19.425648062820393
842 -29.34400421071791
843 -18.768077187688164
844 -42.41723007334622
845 -35.3921397401972
846 -24.836501505568418
847 -29.934612150513978
848 -33.57935582842657
849 -19.03396169977559
850 -34.98379849929885
851 -37.37988992995244
852 -23.86124503197501
853 -27.18686721802534
854 -25.23981328863088
855 -32.45552894003533
856 -16.192256909461808
857 -21.599275998476795
858 -18.601517072139906
859 -21.355006154525512
860 -16.852972825622334
861 -21.267960772375037
862 -26.754478827524242
863 -16.58781584562876
864 -36.3917896675325
865 -11.247782283095075
866 -29.688680030693785
867 -27.6859980328157
868 -21.507470125461893
869 -15.353090755253461
870 -32.38233367180226
871 12.7078533612615
872 -6.194107120210105
873 -0.98302158536925
874 -16.21909144557685
875 -20.394754808668242
876 0.9542430634477785
877 3.0177314510723545
878 -33.57935582842657
879 -4.12848791338248
880 -11.950496895761718
881 -4.084189235312745
882 3.9515102166340483
883 -5.544502386071035
884 -0.979138574730659
885 -16.393238839167054
886 -24.28234793198523
887 -24.596828697503007
888 -15.977048862204333
889 23.984247699890574
890 -15.081391801161317
891 -0.6415132515840785
892 -6.313208042785236
893 -2.025909129043275
894 -5.862931870396123
895 -22.455671823139507
896 -14.378170013580498
897 -3.051838664627967
898 -1.108822772163262
899 -7.503528506796649
900 -25.43965706697678
901 -19.425648062820393
902 -29.34400421071791
903 -18.768077187688164
904 -42.41723007334622
905 -35.3921397401972
906 -24.836501505568418
907 -29.934612150513978
908 -33.57935582842657
909 -19.03396169977559
910 -34.98379849929885
911 -37.37988992995244
912 -23.86124503197501
913 -27.18686721802534
914 -25.23981328863088
915 -32.45552894003533
916 -24.28234793198523
917 -24.596828697503007
918 -18.601517072139906
919 -21.355006154525512
920 -16.852972825622334
921 -21.267960772375037
922 -26.754478827524242
923 -16.58781584562876
924 -36.3917896675325
925 -22.455671823139507
926 -29.688680030693785
927 -27.6859980328157
928 -21.507470125461893
929 -15.353090755253461
930 -32.38233367180226
931 4.59503212640685
932 -9.114485535490612
933 -11.399603444141691
934 -9.357574553862552
935 -12.049582872220089
936 -4.451185278683591
937 1.9278122870462342
938 -21.57150051182074
939 -10.550504104730047
940 0.2402049763053482
941 -3.2064637582513376
942 -3.664380023119672
943 -6.882938256311343
944 -23.7900894956701
945 -1.0778571875419602
946 1.8231115771801822
947 16.86084075128606
948 -7.713346033385817
949 -9.873501906736971
950 -7.546348421915667
951 -7.448465297769873
952 -1.9047876522892713
953 -12.244663093227835
954 0.4044409083692724
955 -2.3279466252066423
956 -50.982888857927726
957 -12.61508375942792
958 -1.2156026927726873
959 -24.882921550350815
960 -10.079025214781396
961 -19.425648062820393
962 -29.34400421071791
963 -18.768077187688164
964 -42.41723007334622
965 -35.3921397401972
966 -24.836501505568418
967 -29.934612150513978
968 -33.57935582842657
969 -19.03396169977559
970 -34.98379849929885
971 -37.37988992995244
972 -23.86124503197501
973 -27.18686721802534
974 -25.23981328863088
975 -32.45552894003533
976 -24.28234793198523
977 -24.596828697503007
978 -18.601517072139906
979 -21.355006154525512
980 -16.852972825622334
981 -21.267960772375037
982 -26.754478827524242
983 -16.58781584562876
984 -36.3917896675325
985 -22.455671823139507
986 -50.982888857927726
987 -27.6859980328157
988 -21.507470125461893
989 -24.882921550350815
990 -32.38233367180226
evaluations raw_y
1 -3.816523112429165
2 15.551918680353234
3 0.33657223114546614
4 6.576616996537551
5 -8.41941031969969
6 -10.666018878499623
7 2.9560565844625186
8 2.957112775415085
9 -2.2785616238286757
10 1.709329645066954
11 -1.006672348553665
12 6.098809742069419
13 -11.808591484141198
14 27.052649441314564
15 -0.46170780179991316
16 38.05221168026284
17 9.007387923338849
18 -9.076623219052273
19 9.083338052995659
20 4.027292151348193
21 23.384336581735315
22 8.9612744430362
23 18.18222755770532
24 22.995454368738923
25 -1.5789277567184565
26 4.87896488654648
27 3.5637684271869143
28 -9.09567494385962
29 1.2657270892401864
30 5.256490623536753
31 1.7200828743650103
32 23.895857340148147
33 -3.860218978590369
34 -0.7778254882810892
35 1.8472395476803123
36 -9.909790991921449
37 12.121583911258442
38 -2.8871368892018854
39 -0.9918214434071062
40 2.9538221315076454
41 -10.584012785937656
42 -3.6467274969239
43 3.13248062568414
44 9.17601981679052
45 -4.780585407609395
46 8.694490864103972
47 -4.338371718514969
48 -0.776578381530499
49 -1.1070876494063482
50 -0.2970866084237266
51 17.728385274258333
52 13.004532130873486
53 -2.30755375087156
54 21.338717366095594
55 -6.609764726431487
56 -0.10629620145130791
57 -1.9482096254840835
58 -6.266438605342048
59 3.3688907611616576
60 -4.96207218262929
61 -3.816523112429165
62 15.551918680353234
63 -3.860218978590369
64 -0.7778254882810892
65 -8.41941031969969
66 -10.666018878499623
67 2.9560565844625186
68 -2.8871368892018854
69 -2.2785616238286757
70 1.709329645066954
71 -10.584012785937656
72 -3.6467274969239
73 -11.808591484141198
74 9.17601981679052
75 -4.780585407609395
76 8.694490864103972
77 -4.338371718514969
78 -9.076623219052273
79 -1.1070876494063482
80 -0.2970866084237266
81 17.728385274258333
82 8.9612744430362
83 -2.30755375087156
84 21.338717366095594
85 -6.609764726431487
86 -0.10629620145130791
87 -1.9482096254840835
88 -9.09567494385962
89 1.2657270892401864
90 -4.96207218262929
91 13.986092949583655
92 16.554852641453017
93 -11.239906922318054
94 -7.022589796548937
95 14.506833619113323
96 -3.741947614608742
97 0.26776425615182897
98 -0.34215751776415315
99 -5.119622907607382
100 -9.359470552178767
101 2.978021218241184
102 -6.005770319274657
103 -3.41308206365413
104 0.7974941050053199
105 -0.9574010327578328
106 4.2508342940007475
107 -9.432208221135648
108 -20.66247527832608
109 -7.6539786323350425
110 9.10393553721146
111 -1.5572856087237992
112 1.9049639661809257
113 15.196382283589408
114 2.306323102489514
115 -3.1030992859397553
116 2.765313522541102
117 -18.000312420629147
118 24.081603081778486
119 -12.999724808903949
120 -5.831198075438565
121 -3.816523112429165
122 15.551918680353234
123 -11.239906922318054
124 -7.022589796548937
125 -8.41941031969969
126 -10.666018878499623
127 0.26776425615182897
128 -2.8871368892018854
129 -5.119622907607382
130 -9.359470552178767
131 -10.584012785937656
132 -6.005770319274657
133 -11.808591484141198
134 0.7974941050053199
135 -4.780585407609395
136 4.2508342940007475
137 -9.432208221135648
138 -20.66247527832608
139 -7.6539786323350425
140 -0.2970866084237266
141 -1.5572856087237992
142 1.9049639661809257
143 -2.30755375087156
144 2.306323102489514
145 -6.609764726431487
146 -0.10629620145130791
147 -18.000312420629147
148 -9.09567494385962
149 -12.999724808903949
150 -5.831198075438565
151 -0.7824194449390517
152 12.053308960392554
153 -7.224292051397669
154 -8.235054532885622
155 -11.914721415520734
156 -3.7088947016272895
157 11.834718315322492
158 -1.1066584934692663
159 6.764360959244693
160 3.96419923996653
161 -0.6667512069419876
162 1.1673721641044084
163 -10.96771104246174
164 -4.3775687112426045
165 7.119507203595263
166 5.588638503375133
167 3.090298583656417
168 -4.648107891564794
169 2.0430045918682787
170 0.06314472669230797
171 -6.277704065766916
172 -4.077196273411857
173 -9.56955719563743
174 -0.9679173050245499
175 17.33216749373888
176 -19.291066607483117
177 1.1111425930810392
178 5.631182370947201
179 0.6567197676004498
180 -7.694365081362226
181 -3.816523112429165
182 12.053308960392554
183 -11.239906922318054
184 -8.235054532885622
185 -11.914721415520734
186 -10.666018878499623
187 0.26776425615182897
188 -2.8871368892018854
189 -5.119622907607382
190 -9.359470552178767
191 -10.584012785937656
192 -6.005770319274657
193 -11.808591484141198
194 -4.3775687112426045
195 -4.780585407609395
196 4.2508342940007475
197 -9.432208221135648
198 -20.66247527832608
199 -7.6539786323350425
200 -0.2970866084237266
201 -6.277704065766916
202 -4.077196273411857
203 -9.56955719563743
204 -0.9679173050245499
205 -6.609764726431487
206 -19.291066607483117
207 -18.000312420629147
208 -9.09567494385962
209 -12.999724808903949
210 -7.694365081362226
211 -2.6013435704427006
212 -1.5439450458415256
213 -6.151898082533588
214 -10.85423534361533
215 -19.45092923899531
216 -15.794896492553725
217 -3.184494340168669
218 -8.446974876841018
219 0.10829630001968721
220 -1.1230317497588853
221 -14.27448888364191
222 -11.452598114264868
223 2.3139560898455778
224 -22.13315034418557
225 -12.990907514016492
226 -6.398371709552567
227 1.1047175034451662
228 2.9721836834738835
229 0.029825620544752088
230 -17.53462330138906
231 3.702851045818347
232 -6.876945302449846
233 -14.317360715529379
234 23.015806148787032
235 4.250302165583086
236 -5.369527999833095
237 2.2918793776295745
238 -6.54257334884154
239 -1.1483955075755259
240 6.377851415792432
241 -3.816523112429165
242 -1.5439450458415256
243 -11.239906922318054
244 -10.85423534361533
245 -19.45092923899531
246 -15.794896492553725
247 -3.184494340168669
248 -8.446974876841018
249 -5.119622907607382
250 -9.359470552178767
251 -14.27448888364191
252 -11.452598114264868
253 -11.808591484141198
254 -22.13315034418557
255 -12.990907514016492
256 -6.398371709552567
257 -9.432208221135648
258 -20.66247527832608
259 -7.6539786323350425
260 -17.53462330138906
261 -6.277704065766916
262 -6.876945302449846
263 -14.317360715529379
264 -0.9679173050245499
265 -6.609764726431487
266 -19.291066607483117
267 -18.000312420629147
268 -9.09567494385962
269 -12.999724808903949
270 -7.694365081362226
271 4.81848453754156
272 -13.478929431914985
273 -6.098272572682527
274 -15.092833984360892
275 -2.0171960862683056
276 -17.260061589111302
277 -10.704581654234987
278 -8.297326859533454
279 3.1828539356595167
280 -13.372007675133133
281 2.423261123152873
282 -6.3372903135328595
283 7.966949683708879
284 -13.808456953287292
285 -9.96647434427387
286 -2.803111845906045
287 -24.48879566559014
288 -27.321192377134132
289 8.360606195137263
290 9.123552075575539
291 12.167153014546797
292 -0.9165195525961932
293 4.404082172512076
294 -19.551045992336533
295 -2.541454192279791
296 -11.452598114264868
297 1.4141922897954275
298 -8.968484140850448
299 -6.598309912882517
300 2.0239864907628458
301 -3.816523112429165
302 -13.478929431914985
303 -11.239906922318054
304 -15.092833984360892
305 -19.45092923899531
306 -17.260061589111302
307 -10.704581654234987
308 -8.446974876841018
309 -5.119622907607382
310 -13.372007675133133
311 -14.27448888364191
312 -11.452598114264868
313 -11.808591484141198
314 -22.13315034418557
315 -12.990907514016492
316 -6.398371709552567
317 -24.48879566559014
318 -27.321192377134132
319 -7.6539786323350425
320 -17.53462330138906
321 -6.277704065766916
322 -6.876945302449846
323 -14.317360715529379
324 -19.551045992336533
325 -6.609764726431487
326 -19.291066607483117
327 -18.000312420629147
328 -9.09567494385962
329 -12.999724808903949
330 -7.694365081362226
331 -4.261483880222975
332 3.4988756698241334
333 -16.005052894394225
334 -9.229747148533756
335 6.904259027317877
336 4.563344496918748
337 -3.287079676793813
338 -17.474230918531617
339 -1.1545011319263772
340 -2.993610027029302
341 -5.1856067289989305
342 -6.978173053232277
343 -9.802958703580249
344 -6.7033779956201895
345 1.081572229185794
346 -16.239430774103223
347 -5.871465023202826
348 -22.069422824330108
349 -0.11212475051664039
350 20.75140743739595
351 -7.160486030677764
352 -16.79998427353947
353 -7.065702468154397
354 -12.018728635849815
355 -3.6676481071971785
356 -7.723019463024052
357 -3.0647670832224247
358 -16.869884084931687
359 2.884643303306756
360 6.6690750292813785
361 -4.261483880222975
362 -13.478929431914985
363 -16.005052894394225
364 -15.092833984360892
365 -19.45092923899531
366 -17.260061589111302
367 -10.704581654234987
368 -17.474230918531617
369 -5.119622907607382
370 -13.372007675133133
371 -14.27448888364191
372 -11.452598114264868
373 -11.808591484141198
374 -22.13315034418557
375 -12.990907514016492
376 -16.239430774103223
377 -24.48879566559014
378 -27.321192377134132
379 -7.6539786323350425
380 -17.53462330138906
381 -7.160486030677764
382 -16.79998427353947
383 -14.317360715529379
384 -19.551045992336533
385 -6.609764726431487
386 -19.291066607483117
387 -18.000312420629147
388 -16.869884084931687
389 -12.999724808903949
390 -7.694365081362226
391 -9.144487784006941
392 -11.842354889551043
393 -2.1700637922659265
394 -3.255063943607336
395 -12.476921751869964
396 -11.545089144553863
397 -10.937409104488074
398 -19.326550251374417
399 -11.966983188965369
400 -7.836226993816352
401 -26.30812914548099
402 -10.067568839214921
403 9.093423418407435
404 -20.161021897868434
405 -0.715078953737241
406 6.040763215035014
407 -3.460412340219538
408 -14.987437588572668
409 -19.703520232650014
410 -28.398060225751415
411 0.37521403542827736
412 0.07388153672174087
413 -3.712686826844977
414 -9.925627880483285
415 -2.4711231673766196
416 -6.144541601492878
417 -2.966624388577044
418 -3.974111409755111
419 -15.092945642026738
420 -15.426493529813653
421 -9.144487784006941
422 -13.478929431914985
423 -16.005052894394225
424 -15.092833984360892
425 -19.45092923899531
426 -17.260061589111302
427 -10.937409104488074
428 -19.326550251374417
429 -11.966983188965369
430 -13.372007675133133
431 -26.30812914548099
432 -11.452598114264868
433 -11.808591484141198
434 -22.13315034418557
435 -12.990907514016492
436 -16.239430774103223
437 -24.48879566559014
438 -27.321192377134132
439 -19.703520232650014
440 -28.398060225751415
441 -7.160486030677764
442 -16.79998427353947
443 -14.317360715529379
444 -19.551045992336533
445 -6.609764726431487
446 -19.291066607483117
447 -18.000312420629147
448 -16.869884084931687
449 -15.092945642026738
450 -15.426493529813653
451 -4.594751466022718
452 -17.407932174130966
453 -10.074622202768722
454 -3.5081454249630037
455 2.7640483985629847
456 0.9535184043596472
457 8.288123614618208
458 -12.755220623654866
459 -26.25818027597447
460 -9.162695625908881
461 -2.9394927799723414
462 -14.378170013580498
463 -2.1217777811832685
464 3.8280466879175474
465 8.200224922169168
466 -5.81114245825321
467 -23.902148292841073
468 -19.415375438542924
469 -19.703520232650014
470 -39.89048003621788
471 1.9109217728676728
472 -16.45729861451887
473 -3.9869883967335658
474 -10.060370060784413
475 -23.902148292841073
476 -6.293691101432977
477 -1.875645045937274
478 -4.2677782298483
479 -1.9424079605803761
480 0.27982282302384665
481 -9.144487784006941
482 -17.407932174130966
483 -16.005052894394225
484 -15.092833984360892
485 -19.45092923899531
486 -17.260061589111302
487 -10.937409104488074
488 -19.326550251374417
489 -26.25818027597447
490 -13.372007675133133
491 -26.30812914548099
492 -14.378170013580498
493 -11.808591484141198
494 -22.13315034418557
495 -12.990907514016492
496 -16.239430774103223
497 -24.48879566559014
498 -27.321192377134132
499 -19.703520232650014
500 -39.89048003621788
501 -7.160486030677764
502 -16.79998427353947
503 -14.317360715529379
504 -19.551045992336533
505 -23.902148292841073
506 -19.291066607483117
507 -18.000312420629147
508 -16.869884084931687
509 -15.092945642026738
510 -15.426493529813653
511 -1.2028771395535114
512 8.55823057382593
513 -12.778771399741586
514 -10.684128505760285
515 -2.737394455209251
516 -18.380356899845136
517 -8.768350993013783
518 -14.3140271976403
519 -2.7925482609060537
520 1.703193048129939
521 -13.792791422817437
522 3.50082863698685
523 -1.5439450458415256
524 -32.80140209880004
525 3.6922766646028062
526 -5.391866306409367
527 -29.01153547247797
528 -6.381480882737404
529 -20.551384526482273
530 -5.235567661948835
531 -26.388595491171674
532 -10.74406314717116
533 -9.685060107331678
534 -5.741839730462498
535 1.5041348754912232
536 -3.7928903407815513
537 -22.109583490776796
538 -6.97024342412451
539 0.40699348514378153
540 -2.8559223414285118
541 -9.144487784006941
542 -17.407932174130966
543 -16.005052894394225
544 -15.092833984360892
545 -19.45092923899531
546 -18.380356899845136
547 -10.937409104488074
548 -19.326550251374417
549 -26.25818027597447
550 -13.372007675133133
551 -26.30812914548099
552 -14.378170013580498
553 -11.808591484141198
554 -32.80140209880004
555 -12.990907514016492
556 -16.239430774103223
557 -29.01153547247797
558 -27.321192377134132
559 -20.551384526482273
560 -39.89048003621788
561 -26.388595491171674
562 -16.79998427353947
563 -14.317360715529379
564 -19.551045992336533
565 -23.902148292841073
566 -19.291066607483117
567 -22.109583490776796
568 -16.869884084931687
569 -15.092945642026738
570 -15.426493529813653
571 -1.973751412205372
572 -3.0194574066629896
573 6.881740460285613
574 9.443492177490624
575 -23.788883532752582
576 -11.929338635884193
577 -10.271249684628696
578 -7.551975380725835
579 -0.2753110443271833
580 8.049616302264258
581 -10.393704694507722
582 -14.378170013580498
583 9.759953402282035
584 9.263926326579982
585 -8.940306114015229
586 -6.4771590555521765
587 -6.4164056780060745
588 -12.04631733067151
589 -24.5493153839276
590 -46.299117738085904
591 4.10873222982765
592 -2.5386211870794506
593 -20.22298677949334
594 -10.060370060784413
595 -2.934683512304303
596 -6.2582315615072055
597 -3.8608233971966173
598 5.991199825094944
599 -20.480264144036475
600 -5.845571346793959
601 -9.144487784006941
602 -17.407932174130966
603 -16.005052894394225
604 -15.092833984360892
605 -23.788883532752582
606 -18.380356899845136
607 -10.937409104488074
608 -19.326550251374417
609 -26.25818027597447
610 -13.372007675133133
611 -26.30812914548099
612 -14.378170013580498
613 -11.808591484141198
614 -32.80140209880004
615 -12.990907514016492
616 -16.239430774103223
617 -29.01153547247797
618 -27.321192377134132
619 -24.5493153839276
620 -46.299117738085904
621 -26.388595491171674
622 -16.79998427353947
623 -20.22298677949334
624 -19.551045992336533
625 -23.902148292841073
626 -19.291066607483117
627 -22.109583490776796
628 -16.869884084931687
629 -20.480264144036475
630 -15.426493529813653
631 -3.0130927140121955
632 9.326953107282298
633 1.2624064312202505
634 18.116204068971783
635 -16.015943075688057
636 -15.975200784719888
637 7.106418166942447
638 -25.98688096213685
639 -0.795110436950307
640 -15.563919048337757
641 -18.65078634940225
642 -11.872413664498009
643 -5.771904833362509
644 -10.785014561533803
645 -9.897972608558806
646 -1.5970886514894187
647 -5.820028374654216
648 -3.274496533936294
649 -5.052918026265136
650 -6.95246826799884
651 -3.9678126125105466
652 -4.274355116806185
653 -9.166682635175317
654 -8.234595567044966
655 -11.950826627088547
656 18.772035259338864
657 3.83600824402368
658 11.761653505063398
659 14.887445191627378
660 -24.297927713584127
661 -9.144487784006941
662 -17.407932174130966
663 -16.005052894394225
664 -15.092833984360892
665 -23.788883532752582
666 -18.380356899845136
667 -10.937409104488074
668 -25.98688096213685
669 -26.25818027597447
670 -15.563919048337757
671 -26.30812914548099
672 -14.378170013580498
673 -11.808591484141198
674 -32.80140209880004
675 -12.990907514016492
676 -16.239430774103223
677 -29.01153547247797
678 -27.321192377134132
679 -24.5493153839276
680 -46.299117738085904
681 -26.388595491171674
682 -16.79998427353947
683 -20.22298677949334
684 -19.551045992336533
685 -23.902148292841073
686 -19.291066607483117
687 -22.109583490776796
688 -16.869884084931687
689 -20.480264144036475
690 -24.297927713584127
691 -6.582638596330124
692 -12.393108274652377
693 4.50305956894487
694 -1.7023169289512825
695 9.738229471182803
696 -6.300111294700784
697 -21.09463111027523
698 -10.45398127124219
699 2.718794501974085
700 -14.432622701723862
701 -5.740523331453973
702 -2.048233565166794
703 1.7120182226821372
704 -9.802115320606834
705 2.797826615758466
706 -9.152679844407798
707 -12.763789598607785
708 -29.127602525266028
709 -11.90347621778615
710 -2.0890789396830938
711 -6.679975634436533
712 -6.1598432350083066
713 4.464309141004422
714 -12.834475324878628
715 -18.054222212611883
716 1.8621936912240593
717 0.491780686028618
718 -3.460412340219538
719 -0.9102726536239782
720 -4.157961324526228
721 -9.144487784006941
722 -17.407932174130966
723 -16.005052894394225
724 -15.092833984360892
725 -23.788883532752582
726 -18.380356899845136
727 -21.09463111027523
728 -25.98688096213685
729 -26.25818027597447
730 -15.563919048337757
731 -26.30812914548099
732 -14.378170013580498
733 -11.808591484141198
734 -32.80140209880004
735 -12.990907514016492
736 -16.239430774103223
737 -29.01153547247797
738 -29.127602525266028
739 -24.5493153839276
740 -46.299117738085904
741 -26.388595491171674
742 -16.79998427353947
743 -20.22298677949334
744 -19.551045992336533
745 -23.902148292841073
746 -19.291066607483117
747 -22.109583490776796
748 -16.869884084931687
749 -20.480264144036475
750 -24.297927713584127
751 -14.378170013580498
752 -19.33025288231707
753 -3.3808731752645413
754 -4.479451570307421
755 -3.8895617193887557
756 -12.539335439371245
757 -8.296335057933325
758 4.746994479899106
759 -16.49575462907579
760 1.6173236203821177
761 1.1506304947046029
762 -14.658218066987475
763 3.2420741406403457
764 -7.763869135073456
765 7.606601576219455
766 -7.9065358523629765
767 -0.3514110959079416
768 -3.4960858528592675
769 -11.875524190811365
770 -8.250522661822627
771 -1.354901332826194
772 -21.3863079288613
773 -14.378170013580498
774 -11.749109605302642
775 3.7414548758316233
776 -24.937014017642177
777 -6.766401751409279
778 -16.708516542202368
779 -16.96853533367833
780 -6.214172510893429
781 -14.378170013580498
782 -19.33025288231707
783 -16.005052894394225
784 -15.092833984360892
785 -23.788883532752582
786 -18.380356899845136
787 -21.09463111027523
788 -25.98688096213685
789 -26.25818027597447
790 -15.563919048337757
791 -26.30812914548099
792 -14.658218066987475
793 -11.808591484141198
794 -32.80140209880004
795 -12.990907514016492
796 -16.239430774103223
797 -29.01153547247797
798 -29.127602525266028
799 -24.5493153839276
800 -46.299117738085904
801 -26.388595491171674
802 -21.3863079288613
803 -20.22298677949334
804 -19.551045992336533
805 -23.902148292841073
806 -24.937014017642177
807 -22.109583490776796
808 -16.869884084931687
809 -20.480264144036475
810 -24.297927713584127
811 -14.378170013580498
812 -22.685650006266716
813 -14.613934365660041
814 -7.322127567897004
815 -3.9516511868059014
816 -15.249844917183694
817 -5.940942640256285
818 -5.329186556784023
819 -12.539335439371245
820 -14.078496708639985
821 -7.855126979041628
822 -7.898473709635714
823 2.305499076190165
824 -28.287968505755146
825 -20.33169093404104
826 -14.158846468574952
827 -29.01153547247797
828 -25.63156109716143
829 -16.713971951915816
830 -27.690700783476125
831 -7.270332960942888
832 -7.23070761743503
833 -9.856647444500457
834 -2.8087904304570164
835 -4.218005479159872
836 1.14679453417405
837 -3.4013692261757598
838 -19.82493186343994
839 -20.25848311794774
840 -8.711108273139537
841 -14.378170013580498
842 -22.685650006266716
843 -16.005052894394225
844 -15.092833984360892
845 -23.788883532752582
846 -18.380356899845136
847 -21.09463111027523
848 -25.98688096213685
849 -26.25818027597447
850 -15.563919048337757
851 -26.30812914548099
852 -14.658218066987475
853 -11.808591484141198
854 -32.80140209880004
855 -20.33169093404104
856 -16.239430774103223
857 -29.01153547247797
858 -29.127602525266028
859 -24.5493153839276
860 -46.299117738085904
861 -26.388595491171674
862 -21.3863079288613
863 -20.22298677949334
864 -19.551045992336533
865 -23.902148292841073
866 -24.937014017642177
867 -22.109583490776796
868 -19.82493186343994
869 -20.480264144036475
870 -24.297927713584127
871 -2.9419516883814087
872 -10.746093318183267
873 -12.222204165412693
874 -19.295382458722024
875 -10.293979508290658
876 -17.949695940096284
877 -14.658218066987475
878 -5.07127399897615
879 -12.539335439371245
880 2.871425394843458
881 -0.5165825098113922
882 -14.919071983884365
883 5.193617074633898
884 -15.506789069010813
885 -8.201783187498238
886 -1.4954487794518445
887 -10.570049050690834
888 -7.3040074193496505
889 -13.699680640181386
890 -14.221176834263952
891 -26.44911147152896
892 -10.593237625741022
893 -4.695030679822362
894 -10.060370060784413
895 -0.2270230026172176
896 -4.1133631570775036
897 -6.30329380036468
898 -18.786922319476936
899 -20.480264144036475
900 -23.096930639207695
901 -14.378170013580498
902 -22.685650006266716
903 -16.005052894394225
904 -19.295382458722024
905 -23.788883532752582
906 -18.380356899845136
907 -21.09463111027523
908 -25.98688096213685
909 -26.25818027597447
910 -15.563919048337757
911 -26.30812914548099
912 -14.919071983884365
913 -11.808591484141198
914 -32.80140209880004
915 -20.33169093404104
916 -16.239430774103223
917 -29.01153547247797
918 -29.127602525266028
919 -24.5493153839276
920 -46.299117738085904
921 -26.44911147152896
922 -21.3863079288613
923 -20.22298677949334
924 -19.551045992336533
925 -23.902148292841073
926 -24.937014017642177
927 -22.109583490776796
928 -19.82493186343994
929 -20.480264144036475
930 -24.297927713584127
931 -0.4382271195925176
932 1.3229269675042743
933 -5.90688319823584
934 -1.5439450458415256
935 -11.324579443467682
936 -3.7020962469864864
937 -17.223435781873413
938 -12.106833843293565
939 -33.09308621169038
940 -6.8227549285759075
941 -6.281321782403141
942 -14.004442295003662
943 1.3440296193056565
944 5.942460036537851
945 -7.099802697839273
946 -12.91394239961422
947 -17.86816179499065
948 -22.481541757872524
949 -7.539550160798299
950 6.491866775254884
951 4.280299755335326
952 2.383700329619031
953 -17.68652142675355
954 -8.225264480830946
955 2.5769930651791917
956 -9.242215823471863
957 9.604616032644028
958 -9.26141684052213
959 -33.803846841634915
960 -5.124048068496051
961 -14.378170013580498
962 -22.685650006266716
963 -16.005052894394225
964 -19.295382458722024
965 -23.788883532752582
966 -18.380356899845136
967 -21.09463111027523
968 -25.98688096213685
969 -33.09308621169038
970 -15.563919048337757
971 -26.30812914548099
972 -14.919071983884365
973 -11.808591484141198
974 -32.80140209880004
975 -20.33169093404104
976 -16.239430774103223
977 -29.01153547247797
978 -29.127602525266028
979 -24.5493153839276
980 -46.299117738085904
981 -26.44911147152896
982 -21.3863079288613
983 -20.22298677949334
984 -19.551045992336533
985 -23.902148292841073
986 -24.937014017642177
987 -22.109583490776796
988 -19.82493186343994
989 -33.803846841634915
990 -24.297927713584127
evaluations raw_y
1 -11.391759229836994
2 -1.4721852287211727
3 34.15708172147748
4 -11.049425203059013
5 -6.252452509492918
6 4.834232845569106
7 -7.7051870014083
8 5.579938734655336
9 4.73665733956778
10 1.5832501577365907
11 -1.5550139128971914
12 -22.32141215818545
13 6.8299500741064865
14 5.581972189757751
15 -6.661231021271893
16 3.7521413812680384
17 -0.8527024753514333
18 15.170007747180447
19 -5.093339458106785
20 -9.074290943526508
21 7.094566949449888
22 30.89852175987984
23 1.9077676824772531
24 -4.713328218428643
25 9.14087494349487
26 5.066196400916396
27 -17.61416827843844
28 -15.303819882817637
29 -2.3053545882107853
30 -9.863846254186294
31 6.812890641212673
32 3.7827622679297
33 -4.701142803853278
34 -10.79963774525431
35 -15.458631969853167
36 2.684370894591935
37 -6.601842293852656
38 -1.4949484097869163
39 11.807059058849884
40 -27.562106309212936
41 5.324468550976831
42 13.528057892761172
43 10.024408074454506
44 -3.0984940854241003
45 -4.29141664240605
46 -7.745246759895895
47 1.6744733616774947
48 2.199679501040236
49 9.45032869403668
50 -11.696937938045611
51 -0.3272861305715225
52 8.545281947244932
53 -9.29810419515136
54 -0.12291802908929192
55 -0.24992285299909833
56 -15.653603042593186
57 7.760608544533902
58 3.863451632542867
59 2.1557877959644864
60 -17.030068633005865
61 -11.391759229836994
62 -1.4721852287211727
63 -4.701142803853278
64 -11.049425203059013
65 -15.458631969853167
66 2.684370894591935
67 -7.7051870014083
68 -1.4949484097869163
69 4.73665733956778
70 -27.562106309212936
71 -1.5550139128971914
72 -22.32141215818545
73 6.8299500741064865
74 -3.0984940854241003
75 -6.661231021271893
76 -7.745246759895895
77 -0.8527024753514333
78 2.199679501040236
79 -5.093339458106785
80 -11.696937938045611
81 -0.3272861305715225
82 8.545281947244932
83 -9.29810419515136
84 -4.713328218428643
85 -0.24992285299909833
86 -15.653603042593186
87 -17.61416827843844
88 -15.303819882817637
89 -2.3053545882107853
90 -17.030068633005865
91 5.403631819498366
92 1.94773795823077
93 11.620377466686485
94 3.9194086573998668
95 -3.974111409755111
96 -2.2746211110513967
97 -27.899211204597172
98 13.124959731783306
99 -2.2439737403497224
100 -11.172114836839375
101 16.9134340716907
102 -11.84692547185874
103 -5.974302466005765
104 10.648539355847234
105 -22.714785322159937
106 -14.89959117823308
107 0.8779499413905015
108 -7.604136827614042
109 -13.975483284793492
110 -14.198968314123853
111 -4.269491193871355
112 3.500509764445633
113 -18.532675305053765
114 -10.720509629191238
115 9.081431644889582
116 7.0034389707943605
117 3.649484112223564
118 -3.240232967293512
119 7.732935910974157
120 9.615392371042095
121 -11.391759229836994
122 -1.4721852287211727
123 -4.701142803853278
124 -11.049425203059013
125 -15.458631969853167
126 -2.2746211110513967
127 -27.899211204597172
128 -1.4949484097869163
129 -2.2439737403497224
130 -27.562106309212936
131 -1.5550139128971914
132 -22.32141215818545
133 -5.974302466005765
134 -3.0984940854241003
135 -22.714785322159937
136 -14.89959117823308
137 -0.8527024753514333
138 -7.604136827614042
139 -13.975483284793492
140 -14.198968314123853
141 -4.269491193871355
142 3.500509764445633
143 -18.532675305053765
144 -10.720509629191238
145 -0.24992285299909833
146 -15.653603042593186
147 -17.61416827843844
148 -15.303819882817637
149 -2.3053545882107853
150 -17.030068633005865
151 -0.4963398627036449
152 -8.162269345023693
153 4.051293666231719
154 -7.906135166895269
155 -8.170687195681472
156 0.7635764284180033
157 3.5255143187689066
158 6.664449542573712
159 -7.802666848681727
160 -2.293338946604856
161 -14.356031237068548
162 7.86648792950402
163 -11.48028949563784
164 -9.515632736158748
165 -18.74083007238917
166 1.4815215985312797
167 -7.446405846414424
168 -5.8169992089821205
169 -21.981368227055587
170 -0.015374011707991908
171 -0.13450499068666688
172 0.1052109637136002
173 -4.805718600558738
174 -0.3943411965271788
175 0.26910837769501994
176 2.1901385427774365
177 6.2698714825996085
178 3.7671894527460448
179 9.446893585563437
180 2.5008822593248157
181 -11.391759229836994
182 -8.162269345023693
183 -4.701142803853278
184 -11.049425203059013
185 -15.458631969853167
186 -2.2746211110513967
187 -27.899211204597172
188 -1.4949484097869163
189 -7.802666848681727
190 -27.562106309212936
191 -14.356031237068548
192 -22.32141215818545
193 -11.48028949563784
194 -9.515632736158748
195 -22.714785322159937
196 -14.89959117823308
197 -7.446405846414424
198 -7.604136827614042
199 -21.981368227055587
200 -14.198968314123853
201 -4.269491193871355
202 0.1052109637136002
203 -18.532675305053765
204 -10.720509629191238
205 -0.24992285299909833
206 -15.653603042593186
207 -17.61416827843844
208 -15.303819882817637
209 -2.3053545882107853
210 -17.030068633005865
211 -2.4809159778566965
212 -0.11974929092848274
213 12.663202496152419
214 -11.934659501303827
215 -2.0774431648687286
216 -16.45729861451887
217 -12.15658654114883
218 7.016151480155038
219 2.3017460476156577
220 -24.87712571015887
221 -24.16532542425407
222 -6.713319095807993
223 -12.104602342043831
224 -2.9353375587538793
225 -3.667120090882891
226 -3.161976729458748
227 6.724076213366734
228 -0.7981355633034455
229 3.089401074952776
230 -4.017349404052012
231 7.880080191484085
232 -2.8843573070411725
233 -4.411447525313438
234 -14.557129285131493
235 -1.9166048918830059
236 -15.653603042593186
237 -0.7186686804811566
238 -8.623719950573657
239 0.347165235295783
240 -24.94944220151055
241 -11.391759229836994
242 -8.162269345023693
243 -4.701142803853278
244 -11.934659501303827
245 -15.458631969853167
246 -16.45729861451887
247 -27.899211204597172
248 -1.4949484097869163
249 -7.802666848681727
250 -27.562106309212936
251 -24.16532542425407
252 -22.32141215818545
253 -12.104602342043831
254 -9.515632736158748
255 -22.714785322159937
256 -14.89959117823308
257 -7.446405846414424
258 -7.604136827614042
259 -21.981368227055587
260 -14.198968314123853
261 -4.269491193871355
262 -2.8843573070411725
263 -18.532675305053765
264 -14.557129285131493
265 -1.9166048918830059
266 -15.653603042593186
267 -17.61416827843844
268 -15.303819882817637
269 -2.3053545882107853
270 -24.94944220151055
271 -30.02634020239973
272 8.261509881958274
273 -1.2545472159335729
274 -17.34827822268815
275 15.006825909578955
276 -1.7301953451356964
277 -8.52194755366121
278 -5.60263155466435
279 5.056003094806974
280 1.5641683039280903
281 12.376421452102598
282 -8.98384362226796
283 -6.373932619859927
284 -16.45729861451887
285 -3.625127195933862
286 -11.19504808044454
287 0.8606286219925403
288 -1.599896427167284
289 -17.911266474886173
290 -12.791604871197727
291 -2.535061824130411
292 -8.253096546179954
293 -0.6261390314979925
294 -2.4233621251009057
295 3.3242183845989484
296 -7.241614273264192
297 -5.769623493140433
298 -4.10294690750846
299 6.52937457774164
300 -2.809232275737741
301 -30.02634020239973
302 -8.162269345023693
303 -4.701142803853278
304 -17.34827822268815
305 -15.458631969853167
306 -16.45729861451887
307 -27.899211204597172
308 -5.60263155466435
309 -7.802666848681727
310 -27.562106309212936
311 -24.16532542425407
312 -22.32141215818545
313 -12.104602342043831
314 -16.45729861451887
315 -22.714785322159937
316 -14.89959117823308
317 -7.446405846414424
318 -7.604136827614042
319 -21.981368227055587
320 -14.198968314123853
321 -4.269491193871355
322 -8.253096546179954
323 -18.532675305053765
324 -14.557129285131493
325 -1.9166048918830059
326 -15.653603042593186
327 -17.61416827843844
328 -15.303819882817637
329 -2.3053545882107853
330 -24.94944220151055
331 -14.092938548647943
332 -17.241264588535596
333 1.8232904795651543
334 -26.361562684622932
335 -15.458631969853167
336 -2.456107030115948
337 -25.838684464857103
338 0.5444934083554696
339 -7.956690550392535
340 -21.811057767627748
341 -13.722080347861597
342 -3.1279174367941787
343 8.74067928665494
344 -13.861095205349189
345 -20.091803495171426
346 6.220333642178715
347 1.0209761899804448
348 1.3351991302868247
349 -25.43342564412913
350 -10.435232264526004
351 8.435679443356113
352 -3.063460267609148
353 -25.61387511937213
354 -8.203604898603329
355 -2.4096909056094717
356 -4.209337411061583
357 6.06498719734163
358 6.906819604594427
359 -3.7990039087477796
360 -17.654428021513205
361 -30.02634020239973
362 -17.241264588535596
363 -4.701142803853278
364 -26.361562684622932
365 -15.458631969853167
366 -16.45729861451887
367 -27.899211204597172
368 -5.60263155466435
369 -7.956690550392535
370 -27.562106309212936
371 -24.16532542425407
372 -22.32141215818545
373 -12.104602342043831
374 -16.45729861451887
375 -22.714785322159937
376 -14.89959117823308
377 -7.446405846414424
378 -7.604136827614042
379 -25.43342564412913
380 -14.198968314123853
381 -4.269491193871355
382 -8.253096546179954
383 -25.61387511937213
384 -14.557129285131493
385 -2.4096909056094717
386 -15.653603042593186
387 -17.61416827843844
388 -15.303819882817637
389 -3.7990039087477796
390 -24.94944220151055
391 0.9130730328840254
392 -36.036405930038654
393 -1.704916232122924
394 -1.6690278342854326
395 -4.047320993381899
396 -2.999767012059769
397 -3.7990039087477796
398 -5.897481365605485
399 3.899806485207116
400 -4.697865172493693
401 -3.9903809489089976
402 -3.6497506048993857
403 -12.660746931922212
404 -17.950966681163127
405 -7.860797710577872
406 7.266923635786968
407 0.8492574670296629
408 -8.825668165409974
409 5.2484174771682435
410 -4.2609226533206055
411 -16.012574421729113
412 -8.826752970522605
413 -3.848877870195882
414 -1.7636290186130954
415 -3.712689398229119
416 -24.33629241456236
417 12.59907220357844
418 -4.761180159595413
419 -7.896512694177974
420 -24.94944220151055
421 -30.02634020239973
422 -36.036405930038654
423 -4.701142803853278
424 -26.361562684622932
425 -15.458631969853167
426 -16.45729861451887
427 -27.899211204597172
428 -5.897481365605485
429 -7.956690550392535
430 -27.562106309212936
431 -24.16532542425407
432 -22.32141215818545
433 -12.660746931922212
434 -17.950966681163127
435 -22.714785322159937
436 -14.89959117823308
437 -7.446405846414424
438 -8.825668165409974
439 -25.43342564412913
440 -14.198968314123853
441 -16.012574421729113
442 -8.826752970522605
443 -25.61387511937213
444 -14.557129285131493
445 -3.712689398229119
446 -24.33629241456236
447 -17.61416827843844
448 -15.303819882817637
449 -7.896512694177974
450 -24.94944220151055
451 -30.02634020239973
452 -1.7121066553972115
453 -37.49228452110968
454 -4.726111960596887
455 -4.127658517946166
456 -12.967373696295322
457 -2.326065918765153
458 -5.897481365605485
459 -6.877026714852213
460 7.375314078048466
461 -15.669981847480631
462 14.090530186231025
463 1.6643745290273777
464 -8.601538762574165
465 11.815402175414125
466 -0.6502321718311599
467 -8.051119366992436
468 -12.44636022394655
469 -8.301587155207601
470 -14.930760544095081
471 -19.916482932985687
472 -6.717199870188786
473 -5.400140708544259
474 5.34371356723715
475 -12.721456065055586
476 -12.756460576056835
477 21.833181421603616
478 -4.756305661743401
479 3.8974226977355153
480 -11.193526368868158
481 -30.02634020239973
482 -36.036405930038654
483 -37.49228452110968
484 -26.361562684622932
485 -15.458631969853167
486 -16.45729861451887
487 -27.899211204597172
488 -5.897481365605485
489 -7.956690550392535
490 -27.562106309212936
491 -24.16532542425407
492 -22.32141215818545
493 -12.660746931922212
494 -17.950966681163127
495 -22.714785322159937
496 -14.89959117823308
497 -8.051119366992436
498 -12.44636022394655
499 -25.43342564412913
500 -14.930760544095081
501 -19.916482932985687
502 -8.826752970522605
503 -25.61387511937213
504 -14.557129285131493
505 -12.721456065055586
506 -24.33629241456236
507 -17.61416827843844
508 -15.303819882817637
509 -7.896512694177974
510 -24.94944220151055
511 -22.312212759418543
512 -0.8051790730739453
513 -11.264582096423414
514 -3.2416823296279396
515 -0.432246207198582
516 -12.539335439371245
517 -24.666828354057145
518 -1.2024456975705557
519 -7.703279889114032
520 -13.938957865587218
521 -19.58754021822305
522 -23.57979053552793
523 -5.981496372635113
524 10.882800462837361
525 -4.035830515653914
526 -25.089633157431738
527 -1.4062027998705837
528 -3.3845039604051728
529 -6.504508130767275
530 -17.225685141312567
531 4.468398674160464
532 3.168943287429059
533 -3.708163307628832
534 2.652001418632672
535 -7.332406492896365
536 -2.1428419924407147
537 -15.763792307661097
538 -10.768511245899631
539 -11.56704762411419
540 -5.699361808197513
541 -30.02634020239973
542 -36.036405930038654
543 -37.49228452110968
544 -26.361562684622932
545 -15.458631969853167
546 -16.45729861451887
547 -27.899211204597172
548 -5.897481365605485
549 -7.956690550392535
550 -27.562106309212936
551 -24.16532542425407
552 -23.57979053552793
553 -12.660746931922212
554 -17.950966681163127
555 -22.714785322159937
556 -25.089633157431738
557 -8.051119366992436
558 -12.44636022394655
559 -25.43342564412913
560 -17.225685141312567
561 -19.916482932985687
562 -8.826752970522605
563 -25.61387511937213
564 -14.557129285131493
565 -12.721456065055586
566 -24.33629241456236
567 -17.61416827843844
568 -15.303819882817637
569 -11.56704762411419
570 -24.94944220151055
571 -4.125050740672704
572 -0.3772023711623298
573 -27.948818012480892
574 -4.4953944556397
575 -0.26293043245964676
576 -16.45729861451887
577 -19.796690376026923
578 -0.3221956041759111
579 9.809807462693474
580 -4.639013055104341
581 -1.7352797583690125
582 -27.662569221983713
583 -12.35653797306695
584 -11.928390474481063
585 -2.997774956183173
586 -6.795503923135606
587 -3.2944893543029075
588 -11.266889840901332
589 -11.325144517813737
590 -5.052918026265136
591 -40.67381014372401
592 -4.209318971247658
593 0.2765399531685899
594 -8.252631693195415
595 -3.1503058895994362
596 -14.398133514287984
597 -11.099934897783129
598 -17.13874863664547
599 -11.26135412275114
600 -17.995105046402934
601 -30.02634020239973
602 -36.036405930038654
603 -37.49228452110968
604 -26.361562684622932
605 -15.458631969853167
606 -16.45729861451887
607 -27.899211204597172
608 -5.897481365605485
609 -7.956690550392535
610 -27.562106309212936
611 -24.16532542425407
612 -27.662569221983713
613 -12.660746931922212
614 -17.950966681163127
615 -22.714785322159937
616 -25.089633157431738
617 -8.051119366992436
618 -12.44636022394655
619 -25.43342564412913
620 -17.225685141312567
621 -40.67381014372401
622 -8.826752970522605
623 -25.61387511937213
624 -14.557129285131493
625 -12.721456065055586
626 -24.33629241456236
627 -17.61416827843844
628 -17.13874863664547
629 -11.56704762411419
630 -24.94944220151055
631 2.9064602226394873
632 -5.269607226077579
633 -11.524398064867437
634 -19.379841151580482
635 -21.167485651489727
636 -16.45729861451887
637 -8.106661175191523
638 -12.218536224475374
639 -14.892388107050792
640 -3.49894581085794
641 -3.596631140557782
642 -0.7721905581296467
643 -21.496630731062467
644 0.7133431390743078
645 -13.031263601876502
646 -15.26435216925347
647 -21.90858444813793
648 -15.887761462447878
649 -13.123220130725311
650 -17.661415748388926
651 -22.41041572493893
652 -22.117767962547337
653 -14.708052020257117
654 -16.45729861451887
655 17.35918069430266
656 -21.16532938982685
657 -15.336062519623137
658 5.892469716756596
659 -6.613921455898392
660 -2.4265559132641323
661 -30.02634020239973
662 -36.036405930038654
663 -37.49228452110968
664 -26.361562684622932
665 -21.167485651489727
666 -16.45729861451887
667 -27.899211204597172
668 -12.218536224475374
669 -14.892388107050792
670 -27.562106309212936
671 -24.16532542425407
672 -27.662569221983713
673 -21.496630731062467
674 -17.950966681163127
675 -22.714785322159937
676 -25.089633157431738
677 -21.90858444813793
678 -15.887761462447878
679 -25.43342564412913
680 -17.661415748388926
681 -40.67381014372401
682 -22.117767962547337
683 -25.61387511937213
684 -16.45729861451887
685 -12.721456065055586
686 -24.33629241456236
687 -17.61416827843844
688 -17.13874863664547
689 -11.56704762411419
690 -24.94944220151055
691 -13.997390372712543
692 -37.46616357220929
693 -21.007489519822666
694 -3.6205181357866714
695 -13.011540572969151
696 3.0691569994283663
697 -35.93602461268712
698 -11.531570613228514
699 4.7335289709288
700 -3.4647150948073158
701 -34.32065144970887
702 9.789696511846422
703 -4.334465511619581
704 -3.40916061926971
705 -30.48868316311446
706 -4.286927402066866
707 -13.873567119159443
708 -12.458614811416684
709 -18.771441120778743
710 -1.669878618392615
711 -17.325001114778036
712 3.7631290814222997
713 -6.030980091768376
714 0.22042965932907177
715 -2.387733598460098
716 -11.689296218402863
717 -9.06301906332997
718 1.0601697641195231
719 2.208274415007107
720 -0.8636013440703516
721 -30.02634020239973
722 -37.46616357220929
723 -37.49228452110968
724 -26.361562684622932
725 -21.167485651489727
726 -16.45729861451887
727 -35.93602461268712
728 -12.218536224475374
729 -14.892388107050792
730 -27.562106309212936
731 -34.32065144970887
732 -27.662569221983713
733 -21.496630731062467
734 -17.950966681163127
735 -30.48868316311446
736 -25.089633157431738
737 -21.90858444813793
738 -15.887761462447878
739 -25.43342564412913
740 -17.661415748388926
741 -40.67381014372401
742 -22.117767962547337
743 -25.61387511937213
744 -16.45729861451887
745 -12.721456065055586
746 -24.33629241456236
747 -17.61416827843844
748 -17.13874863664547
749 -11.56704762411419
750 -24.94944220151055
751 -0.9894610921953951
752 -18.220084138620273
753 -9.7497246046187
754 -4.789631830324831
755 -5.07134474585475
756 -16.45729861451887
757 -14.535586988923301
758 1.491524370865028
759 -13.311249191888127
760 -2.6779317556322386
761 -2.0159865318556673
762 0.8794358086681993
763 -17.864716844844725
764 -6.435106478218656
765 -20.85150388896521
766 -10.600635341693968
767 -15.321020197838386
768 -16.45729861451887
769 -5.507858084547834
770 -14.157541715051869
771 -11.500542317776203
772 -6.435295761293542
773 -3.429505111964186
774 -19.982244833243367
775 5.084320325093486
776 28.083530243024814
777 -12.528186901433548
778 10.528966198651979
779 -5.127029639195135
780 6.980206563075961
781 -30.02634020239973
782 -37.46616357220929
783 -37.49228452110968
784 -26.361562684622932
785 -21.167485651489727
786 -16.45729861451887
787 -35.93602461268712
788 -12.218536224475374
789 -14.892388107050792
790 -27.562106309212936
791 -34.32065144970887
792 -27.662569221983713
793 -21.496630731062467
794 -17.950966681163127
795 -30.48868316311446
796 -25.089633157431738
797 -21.90858444813793
798 -16.45729861451887
799 -25.43342564412913
800 -17.661415748388926
801 -40.67381014372401
802 -22.117767962547337
803 -25.61387511937213
804 -19.982244833243367
805 -12.721456065055586
806 -24.33629241456236
807 -17.61416827843844
808 -17.13874863664547
809 -11.56704762411419
810 -24.94944220151055
811 -9.685765470709274
812 -8.693842713797437
813 -12.064991989133096
814 0.17176936066520676
815 -7.218299241305203
816 -0.47170422510991683
817 -0.20233369553353758
818 -9.13662447374287
819 -5.030993212217009
820 -17.18478335349574
821 1.5140042290829525
822 -18.24719842480752
823 -1.9069773374131795
824 -24.21869334608679
825 -14.27120198054597
826 -5.117944518292994
827 -3.706283177985765
828 -12.71424025792717
829 -12.54952304576195
830 -23.90215099301916
831 -12.539335439371245
832 -5.843088444817755
833 1.9899109995201971
834 -5.52299965687448
835 4.398983972044569
836 -8.055491694854386
837 -3.4638078228680484
838 -13.46427228420974
839 -6.021178907410928
840 -12.763789598607785
841 -30.02634020239973
842 -37.46616357220929
843 -37.49228452110968
844 -26.361562684622932
845 -21.167485651489727
846 -16.45729861451887
847 -35.93602461268712
848 -12.218536224475374
849 -14.892388107050792
850 -27.562106309212936
851 -34.32065144970887
852 -27.662569221983713
853 -21.496630731062467
854 -24.21869334608679
855 -30.48868316311446
856 -25.089633157431738
857 -21.90858444813793
858 -16.45729861451887
859 -25.43342564412913
860 -23.90215099301916
861 -40.67381014372401
862 -22.117767962547337
863 -25.61387511937213
864 -19.982244833243367
865 -12.721456065055586
866 -24.33629241456236
867 -17.61416827843844
868 -17.13874863664547
869 -11.56704762411419
870 -24.94944220151055
871 -16.45729861451887
872 -5.5984339396213825
873 -12.383491363719852
874 -9.549565086301241
875 -12.539335439371245
876 -0.9782812484009973
877 -4.742819081991917
878 -8.379968523813222
879 -10.248789232358305
880 -21.68856735493033
881 -27.989282526581565
882 -23.995103127859313
883 3.6281936703086393
884 -22.663593282484776
885 -30.48868316311446
886 6.3838384686433365
887 -13.148268394391403
888 -25.011416543331713
889 -5.706144693756303
890 -35.25291085343399
891 -10.966644530181044
892 -12.114239644407084
893 -10.948088338691287
894 -2.079509331104913
895 -5.341769182677382
896 -24.33629241456236
897 -6.734799710080036
898 -2.732746342714826
899 -33.6091903147016
900 -8.315042831208382
901 -30.02634020239973
902 -37.46616357220929
903 -37.49228452110968
904 -26.361562684622932
905 -21.167485651489727
906 -16.45729861451887
907 -35.93602461268712
908 -12.218536224475374
909 -14.892388107050792
910 -27.562106309212936
911 -34.32065144970887
912 -27.662569221983713
913 -21.496630731062467
914 -24.21869334608679
915 -30.48868316311446
916 -25.089633157431738
917 -21.90858444813793
918 -25.011416543331713
919 -25.43342564412913
920 -35.25291085343399
921 -40.67381014372401
922 -22.117767962547337
923 -25.61387511937213
924 -19.982244833243367
925 -12.721456065055586
926 -24.33629241456236
927 -17.61416827843844
928 -17.13874863664547
929 -33.6091903147016
930 -24.94944220151055
931 -8.089526965353732
932 -12.22471604946275
933 -14.927066875114786
934 -14.333385716008753
935 -1.5704417921237568
936 -10.981498171484846
937 -1.5934887465005056
938 -7.001026658477675
939 -28.276931324866315
940 0.11148411017832184
941 -12.333974291186498
942 -16.45729861451887
943 12.421898674419104
944 -9.748832890049824
945 -42.070551616793914
946 -2.9510682712443566
947 -14.004982651239706
948 -16.642572951086866
949 -16.36393691135002
950 -7.8084757134605685
951 -9.215686876402424
952 -9.102453433003506
953 -9.718371347568608
954 -15.763792307661097
955 -0.5619101554040203
956 -10.087833307689825
957 -6.301400216184891
958 -20.067032045932663
959 -23.20539334009934
960 -16.282052659018735
961 -30.02634020239973
962 -37.46616357220929
963 -37.49228452110968
964 -26.361562684622932
965 -21.167485651489727
966 -16.45729861451887
967 -35.93602461268712
968 -12.218536224475374
969 -28.276931324866315
970 -27.562106309212936
971 -34.32065144970887
972 -27.662569221983713
973 -21.496630731062467
974 -24.21869334608679
975 -42.070551616793914
976 -25.089633157431738
977 -21.90858444813793
978 -25.011416543331713
979 -25.43342564412913
980 -35.25291085343399
981 -40.67381014372401
982 -22.117767962547337
983 -25.61387511937213
984 -19.982244833243367
985 -12.721456065055586
986 -24.33629241456236
987 -17.61416827843844
988 -20.067032045932663
989 -33.6091903147016
990 -24.94944220151055
evaluations raw_y
1 7.3994090313667
2 -1.3307295468021634
3 -15.983478052502216
4 -1.3019815856319936
5 3.4634166168189493
6 3.8194204830219824
7 1.3558691260271643
8 -3.6033269192922233
9 -10.391555144304546
10 -1.6858727967434448
11 -5.446569833006556
12 11.931941241790435
13 10.375775324137376
14 -25.70382466181578
15 -8.65404712085433
16 -16.27336773497005
17 33.91432118303675
18 4.8404623052421
19 -14.342836720247766
20 10.00358376946495
21 8.392662045448716
22 0.2521613776772148
23 -17.665153832214063
24 -9.273114340592723
25 -14.244037249434445
26 -13.761430447945724
27 0.1618642479287179
28 -1.8720055969218359
29 4.199975957419456
30 10.886787237086528
31 -1.5555655966117836
32 5.151380995538052
33 -0.5251263430346587
34 -4.244805373463225
35 -7.710040764847428
36 -2.931647435586722
37 -2.047297741865159
38 -11.705174205885994
39 -2.3002577240581834
40 12.011795309838206
41 19.030426059059256
42 10.303758262259096
43 -4.566306247862802
44 -4.49353315523395
45 8.475947180396687
46 -13.39609926977528
47 16.21004716646105
48 -2.9660440631566107
49 1.8264219164059747
50 1.9525708055672544
51 13.819842719875723
52 4.916348037886869
53 26.25562938684517
54 -4.627170401751008
55 1.8155844173646898
56 -3.4029513565172618
57 8.986147139305979
58 16.53241548891459
59 -3.842513991219082
60 5.681093820183867
61 -1.5555655966117836
62 -1.3307295468021634
63 -15.983478052502216
64 -4.244805373463225
65 -7.710040764847428
66 -2.931647435586722
67 -2.047297741865159
68 -11.705174205885994
69 -10.391555144304546
70 -1.6858727967434448
71 -5.446569833006556
72 10.303758262259096
73 -4.566306247862802
74 -25.70382466181578
75 -8.65404712085433
76 -16.27336773497005
77 16.21004716646105
78 -2.9660440631566107
79 -14.342836720247766
80 1.9525708055672544
81 8.392662045448716
82 0.2521613776772148
83 -17.665153832214063
84 -9.273114340592723
85 -14.244037249434445
86 -13.761430447945724
87 0.1618642479287179
88 -1.8720055969218359
89 -3.842513991219082
90 5.681093820183867
91 19.913948268795316
92 14.785535222156636
93 12.03213543808413
94 -0.17433018590668253
95 -0.08530771051203434
96 17.620501485581162
97 -24.33154713940393
98 -0.9482240199370101
99 4.488850553939173
100 -4.710678468842016
101 -9.718767654154004
102 -3.875631469363526
103 -2.644707092796587
104 -4.1431085652328195
105 7.348078765643716
106 -4.182515714034501
107 16.91679020170908
108 -5.373691027871104
109 4.243569406100908
110 7.615735389612881
111 3.381788976278637
112 -4.501094278571761
113 -13.225616954177598
114 -7.027621258860846
115 -17.865959440418685
116 -11.387675074403502
117 -2.764777598427565
118 6.738121242144074
119 -5.86254353965295
120 7.150417549185871
121 -1.5555655966117836
122 -1.3307295468021634
123 -15.983478052502216
124 -4.244805373463225
125 -7.710040764847428
126 -2.931647435586722
127 -24.33154713940393
128 -11.705174205885994
129 -10.391555144304546
130 -4.710678468842016
131 -9.718767654154004
132 -3.875631469363526
133 -4.566306247862802
134 -25.70382466181578
135 -8.65404712085433
136 -16.27336773497005
137 16.21004716646105
138 -5.373691027871104
139 -14.342836720247766
140 1.9525708055672544
141 3.381788976278637
142 -4.501094278571761
143 -17.665153832214063
144 -9.273114340592723
145 -17.865959440418685
146 -13.761430447945724
147 -2.764777598427565
148 -1.8720055969218359
149 -5.86254353965295
150 5.681093820183867
151 21.492069823636612
152 15.240441949413885
153 -25.49845467401051
154 5.58105741267244
155 -22.95421105622454
156 -2.612223290365087
157 3.0186952737775483
158 7.343613178934774
159 -8.177036373378815
160 1.9215855072124381
161 1.814718683540772
162 -18.35746906140035
163 1.4712269382101093
164 -4.197602446711883
165 -3.3960038041002187
166 -16.887913029398675
167 11.326148702900868
168 -5.607216784305226
169 -1.6470581805491764
170 4.552290414343748
171 -0.9048481420817454
172 -21.545549990101016
173 -5.052918026265136
174 2.91126601807533
175 -15.85781415961963
176 -29.632982032244296
177 5.303130840723889
178 -29.05867245266085
179 8.840490123970307
180 -9.576699086185755
181 -1.5555655966117836
182 -1.3307295468021634
183 -25.49845467401051
184 -4.244805373463225
185 -22.95421105622454
186 -2.931647435586722
187 -24.33154713940393
188 -11.705174205885994
189 -10.391555144304546
190 -4.710678468842016
191 -9.718767654154004
192 -18.35746906140035
193 -4.566306247862802
194 -25.70382466181578
195 -8.65404712085433
196 -16.887913029398675
197 11.326148702900868
198 -5.607216784305226
199 -14.342836720247766
200 1.9525708055672544
201 -0.9048481420817454
202 -21.545549990101016
203 -17.665153832214063
204 -9.273114340592723
205 -17.865959440418685
206 -29.632982032244296
207 -2.764777598427565
208 -29.05867245266085
209 -5.86254353965295
210 -9.576699086185755
211 2.487057407460848
212 -0.9765814597544633
213 1.527778784625965
214 -10.687126037096121
215 -2.15443268506309
216 0.9942306999494039
217 7.211514360481048
218 3.217617300465824
219 -19.575152059008225
220 -1.9034383405276578
221 9.853770727819597
222 -22.117666164310048
223 -10.259322605012315
224 -2.3481035203258216
225 -9.227278605507614
226 -10.492571893121038
227 15.46851429257157
228 -2.5359808198722718
229 -9.93256901064426
230 18.236359368422605
231 -3.336898378021017
232 8.42202061918446
233 -20.03810840368728
234 3.8500829942027814
235 -9.499455018382005
236 -19.793055118908484
237 -4.515362182974715
238 -18.985224711052567
239 -0.7432948377981811
240 -3.7938598354420847
241 -1.5555655966117836
242 -1.3307295468021634
243 -25.49845467401051
244 -10.687126037096121
245 -22.95421105622454
246 -2.931647435586722
247 -24.33154713940393
248 -11.705174205885994
249 -19.575152059008225
250 -4.710678468842016
251 -9.718767654154004
252 -22.117666164310048
253 -10.259322605012315
254 -25.70382466181578
255 -9.227278605507614
256 -16.887913029398675
257 11.326148702900868
258 -5.607216784305226
259 -14.342836720247766
260 1.9525708055672544
261 -3.336898378021017
262 -21.545549990101016
263 -20.03810840368728
264 -9.273114340592723
265 -17.865959440418685
266 -29.632982032244296
267 -4.515362182974715
268 -29.05867245266085
269 -5.86254353965295
270 -9.576699086185755
271 -4.415412973807218
272 43.81668165755516
273 10.354269225167103
274 -3.435389343670003
275 -7.260081052452541
276 1.4269042074593201
277 -4.903168637598609
278 0.5227124757213722
279 9.344631899037648
280 11.841142251821672
281 -6.611744087341715
282 -5.052918026265136
283 19.870373478972397
284 -3.3707027886643877
285 -9.325144230964346
286 -12.029217353456174
287 -16.558318121567726
288 3.6904986769407055
289 -13.711512436901685
290 1.8107207228989228
291 -9.83581744268215
292 -4.0525668069629965
293 -11.531595802965963
294 -2.204955960985666
295 -2.333575152379572
296 -11.808391655979234
297 2.4182647026588246
298 -8.191132895405513
299 -13.882040460141983
300 -6.81982388582631
301 -4.415412973807218
302 -1.3307295468021634
303 -25.49845467401051
304 -10.687126037096121
305 -22.95421105622454
306 -2.931647435586722
307 -24.33154713940393
308 -11.705174205885994
309 -19.575152059008225
310 -4.710678468842016
311 -9.718767654154004
312 -22.117666164310048
313 -10.259322605012315
314 -25.70382466181578
315 -9.325144230964346
316 -16.887913029398675
317 -16.558318121567726
318 -5.607216784305226
319 -14.342836720247766
320 1.8107207228989228
321 -9.83581744268215
322 -21.545549990101016
323 -20.03810840368728
324 -9.273114340592723
325 -17.865959440418685
326 -29.632982032244296
327 -4.515362182974715
328 -29.05867245266085
329 -13.882040460141983
330 -9.576699086185755
331 -8.747226254916193
332 -12.77685495953949
333 11.736602267332405
334 -8.332611927461631
335 7.096459135449388
336 -8.904009627004193
337 1.0154276604492751
338 4.7834865839231036
339 12.314781526707868
340 -0.8049607153123401
341 11.62870358010908
342 -30.403618456138325
343 -5.052201566952476
344 3.225433515343415
345 -14.899465987382461
346 -4.419458716659511
347 14.339952365353966
348 11.431692612824152
349 -11.488521076433639
350 -12.539335439371245
351 14.622291446815746
352 -21.545549990101016
353 1.6643745290273777
354 -8.481830004444165
355 -7.2638572870204605
356 10.727983503315235
357 -14.562085158010216
358 -4.640696002066604
359 -1.5706428022393701
360 4.658695369340003
361 -8.747226254916193
362 -12.77685495953949
363 -25.49845467401051
364 -10.687126037096121
365 -22.95421105622454
366 -8.904009627004193
367 -24.33154713940393
368 -11.705174205885994
369 -19.575152059008225
370 -4.710678468842016
371 -9.718767654154004
372 -30.403618456138325
373 -10.259322605012315
374 -25.70382466181578
375 -14.899465987382461
376 -16.887913029398675
377 -16.558318121567726
378 -5.607216784305226
379 -14.342836720247766
380 -12.539335439371245
381 -9.83581744268215
382 -21.545549990101016
383 -20.03810840368728
384 -9.273114340592723
385 -17.865959440418685
386 -29.632982032244296
387 -14.562085158010216
388 -29.05867245266085
389 -13.882040460141983
390 -9.576699086185755
391 -7.631376409617271
392 2.002576602899227
393 -13.26088273841262
394 -10.092306034911333
395 -2.5896502255549594
396 -7.559027312877418
397 -2.6216923263250544
398 -9.38166305252478
399 -1.1122106544378076
400 -9.123665751022422
401 -25.597630931003213
402 -1.2509436244004675
403 -13.700270426314649
404 -1.7249089649586231
405 -12.539335439371245
406 -20.8830837018593
407 -21.81031750375422
408 3.084594159696487
409 -1.304249837778473
410 -16.45729861451887
411 -22.96379368690601
412 13.783936377247677
413 -15.485935319912763
414 -6.556962788064853
415 -4.62004697391256
416 -5.764381117574248
417 7.393917280435353
418 -5.7427206164086915
419 2.3282455712845183
420 0.25574674378618145
421 -8.747226254916193
422 -12.77685495953949
423 -25.49845467401051
424 -10.687126037096121
425 -22.95421105622454
426 -8.904009627004193
427 -24.33154713940393
428 -11.705174205885994
429 -19.575152059008225
430 -9.123665751022422
431 -25.597630931003213
432 -30.403618456138325
433 -13.700270426314649
434 -25.70382466181578
435 -14.899465987382461
436 -20.8830837018593
437 -21.81031750375422
438 -5.607216784305226
439 -14.342836720247766
440 -16.45729861451887
441 -22.96379368690601
442 -21.545549990101016
443 -20.03810840368728
444 -9.273114340592723
445 -17.865959440418685
446 -29.632982032244296
447 -14.562085158010216
448 -29.05867245266085
449 -13.882040460141983
450 -9.576699086185755
451 -7.590525437776172
452 -6.929247759877383
453 3.2485141483186837
454 -0.1507672364181899
455 -2.3215428090584056
456 -3.470496010060536
457 0.6763147128259877
458 -14.378170013580498
459 -36.49140004337229
460 -14.650921292260657
461 -22.347463798704933
462 0.9377824596122485
463 -18.62993136842984
464 -2.416082920587348
465 -6.8259365624441175
466 -6.025213536049584
467 -13.299549883922733
468 5.710067483181756
469 2.020578177696771
470 -11.018430989129739
471 -14.951606428330784
472 4.823351847712269
473 -2.3251846233868587
474 -9.483452812857943
475 12.55308663016574
476 1.829206964092647
477 -9.68849622481678
478 -29.00391637789484
479 -5.470340765215678
480 -4.810450952701615
481 -8.747226254916193
482 -12.77685495953949
483 -25.49845467401051
484 -10.687126037096121
485 -22.95421105622454
486 -8.904009627004193
487 -24.33154713940393
488 -14.378170013580498
489 -36.49140004337229
490 -14.650921292260657
491 -25.597630931003213
492 -30.403618456138325
493 -18.62993136842984
494 -25.70382466181578
495 -14.899465987382461
496 -20.8830837018593
497 -21.81031750375422
498 -5.607216784305226
499 -14.342836720247766
500 -16.45729861451887
501 -22.96379368690601
502 -21.545549990101016
503 -20.03810840368728
504 -9.483452812857943
505 -17.865959440418685
506 -29.632982032244296
507 -14.562085158010216
508 -29.05867245266085
509 -13.882040460141983
510 -9.576699086185755
511 2.557176767309621
512 -23.012281984185194
513 -26.663031420816903
514 -5.878176102674826
515 -9.010405137367053
516 -8.918768715151899
517 7.49121957670015
518 -2.3215354070536622
519 1.9991686342831794
520 -5.839424707344572
521 -6.655615155147119
522 -1.7054509426139857
523 -18.62993136842984
524 4.599963137106536
525 -6.072289868859294
526 -7.366787505509106
527 -15.422549856919776
528 -11.64176678265709
529 7.171892355328016
530 -2.8751483693310913
531 -11.619644094622844
532 -5.644641236714392
533 31.675626762624933
534 -5.8144949622474185
535 -1.2585483109821367
536 1.4409161942267499
537 -15.005523245880335
538 -10.697712438875289
539 -12.979435799121639
540 -4.1923863257519125
541 -8.747226254916193
542 -23.012281984185194
543 -26.663031420816903
544 -10.687126037096121
545 -22.95421105622454
546 -8.918768715151899
547 -24.33154713940393
548 -14.378170013580498
549 -36.49140004337229
550 -14.650921292260657
551 -25.597630931003213
552 -30.403618456138325
553 -18.62993136842984
554 -25.70382466181578
555 -14.899465987382461
556 -20.8830837018593
557 -21.81031750375422
558 -11.64176678265709
559 -14.342836720247766
560 -16.45729861451887
561 -22.96379368690601
562 -21.545549990101016
563 -20.03810840368728
564 -9.483452812857943
565 -17.865959440418685
566 -29.632982032244296
567 -15.005523245880335
568 -29.05867245266085
569 -13.882040460141983
570 -9.576699086185755
571 -18.82474090489315
572 -5.084635756339579
573 -26.21103267963859
574 -16.81174950013699
575 -8.033560884408024
576 14.811355529323128
577 -30.403618456138325
578 -12.305026396310453
579 -4.463930881789269
580 -2.3565758550197473
581 -3.171195899362357
582 -13.152964139283238
583 -1.2234434923853748
584 -2.0048436709648163
585 -7.411727965074078
586 -17.64808400586873
587 -9.296768555657176
588 -1.533879181682019
589 -22.312120310837788
590 -12.12375586185827
591 14.299542647140777
592 -29.60735074551758
593 -5.184420981339553
594 -9.584185772616033
595 -27.239096044184336
596 -17.649211422709847
597 -9.591270912554355
598 17.177734069368586
599 -7.222130793343184
600 -9.217325510999748
601 -18.82474090489315
602 -23.012281984185194
603 -26.663031420816903
604 -16.81174950013699
605 -22.95421105622454
606 -8.918768715151899
607 -30.403618456138325
608 -14.378170013580498
609 -36.49140004337229
610 -14.650921292260657
611 -25.597630931003213
612 -30.403618456138325
613 -18.62993136842984
614 -25.70382466181578
615 -14.899465987382461
616 -20.8830837018593
617 -21.81031750375422
618 -11.64176678265709
619 -22.312120310837788
620 -16.45729861451887
621 -22.96379368690601
622 -29.60735074551758
623 -20.03810840368728
624 -9.584185772616033
625 -27.239096044184336
626 -29.632982032244296
627 -15.005523245880335
628 -29.05867245266085
629 -13.882040460141983
630 -9.576699086185755
631 -7.090230716874435
632 -12.431704275307306
633 -12.74071685492142
634 -4.658517635172221
635 -5.052918026265136
636 -3.9010281762673595
637 -22.52837933945133
638 -5.806139606651185
639 -7.667769494567207
640 -16.45729861451887
641 -22.934785314339866
642 -12.74952145592651
643 -22.58298828198678
644 -6.369991810626503
645 7.213542646459298
646 -7.019777910149259
647 8.533983360463768
648 -23.51501610993648
649 -26.663031420816903
650 -15.72411363050691
651 1.0172343025717916
652 -0.16759219394472816
653 -12.461551048501242
654 -7.639580304553023
655 -6.126249574225322
656 -1.9037902531741842
657 -20.533549688269268
658 -23.892227955151213
659 -33.49733520534802
660 -5.135164438622231
661 -18.82474090489315
662 -23.012281984185194
663 -26.663031420816903
664 -16.81174950013699
665 -22.95421105622454
666 -8.918768715151899
667 -30.403618456138325
668 -14.378170013580498
669 -36.49140004337229
670 -16.45729861451887
671 -25.597630931003213
672 -30.403618456138325
673 -22.58298828198678
674 -25.70382466181578
675 -14.899465987382461
676 -20.8830837018593
677 -21.81031750375422
678 -23.51501610993648
679 -26.663031420816903
680 -16.45729861451887
681 -22.96379368690601
682 -29.60735074551758
683 -20.03810840368728
684 -9.584185772616033
685 -27.239096044184336
686 -29.632982032244296
687 -20.533549688269268
688 -29.05867245266085
689 -33.49733520534802
690 -9.576699086185755
691 -11.359126319448885
692 -5.792184592965301
693 -5.243430484980342
694 -9.211595776814784
695 -15.724229228960834
696 8.415744403518806
697 -11.798640429167236
698 -21.137905946690314
699 -17.685988373317233
700 -16.37054227845158
701 -8.145302627484345
702 -14.336753460377123
703 -14.803418045938434
704 -20.39964288251386
705 -13.838536550331495
706 -5.2208827335364285
707 2.707655998054495
708 -8.25298477206673
709 -9.671494578034961
710 -17.447324455481922
711 -8.952763938743468
712 -2.7156188011416473
713 -6.4338264405475085
714 -14.391027560252997
715 -8.823365726335622
716 -23.490752404794712
717 -5.138228653937185
718 -16.663030753948036
719 -25.281892963739878
720 -5.472548140361916
721 -18.82474090489315
722 -23.012281984185194
723 -26.663031420816903
724 -16.81174950013699
725 -22.95421105622454
726 -8.918768715151899
727 -30.403618456138325
728 -21.137905946690314
729 -36.49140004337229
730 -16.45729861451887
731 -25.597630931003213
732 -30.403618456138325
733 -22.58298828198678
734 -25.70382466181578
735 -14.899465987382461
736 -20.8830837018593
737 -21.81031750375422
738 -23.51501610993648
739 -26.663031420816903
740 -17.447324455481922
741 -22.96379368690601
742 -29.60735074551758
743 -20.03810840368728
744 -14.391027560252997
745 -27.239096044184336
746 -29.632982032244296
747 -20.533549688269268
748 -29.05867245266085
749 -33.49733520534802
750 -9.576699086185755
751 -18.32744709025839
752 5.073724558800357
753 -17.447324455481922
754 -4.836386077816456
755 -17.786571429222665
756 -8.918768715151899
757 -7.671902700501314
758 -3.136450731887123
759 -19.664663599425857
760 -12.624551297777122
761 -14.378170013580498
762 -3.336898378021017
763 -9.124378384379982
764 -10.821497943326875
765 -33.81498535453076
766 -29.83383485376801
767 -2.906773984931365
768 -18.819239417835938
769 -4.76460581436974
770 -5.22799396255494
771 -9.498177747846887
772 -5.34458998103046
773 -6.986107825944362
774 -19.615357100206655
775 -0.27153920840493173
776 -1.5873544827892494
777 -1.060211190659131
778 -23.21474912872264
779 -8.02708261177624
780 -5.515845625294145
781 -18.82474090489315
782 -23.012281984185194
783 -26.663031420816903
784 -16.81174950013699
785 -22.95421105622454
786 -8.918768715151899
787 -30.403618456138325
788 -21.137905946690314
789 -36.49140004337229
790 -16.45729861451887
791 -25.597630931003213
792 -30.403618456138325
793 -22.58298828198678
794 -25.70382466181578
795 -33.81498535453076
796 -29.83383485376801
797 -21.81031750375422
798 -23.51501610993648
799 -26.663031420816903
800 -17.447324455481922
801 -22.96379368690601
802 -29.60735074551758
803 -20.03810840368728
804 -19.615357100206655
805 -27.239096044184336
806 -29.632982032244296
807 -20.533549688269268
808 -29.05867245266085
809 -33.49733520534802
810 -9.576699086185755
811 -9.180873194401805
812 -16.377392689207788
813 -4.004901855157238
814 -8.799398013922293
815 -13.190263820679355
816 -9.285538961636343
817 -16.45729861451887
818 -22.652351712849185
819 -41.2209039737113
820 5.151518969593221
821 -16.184402056221625
822 -27.854652108971788
823 -15.75761076370004
824 -12.069535074039614
825 -8.494003302763526
826 0.003769933301384032
827 -12.819088785869734
828 -20.041672989404326
829 -1.3327704160930698
830 9.109053118259535
831 -21.921970037304856
832 14.584434831729837
833 -3.223601451692664
834 -5.835060264579173
835 -12.976065097508387
836 -11.222534937513807
837 -13.360463465412248
838 -2.4659443464592607
839 -7.947757658410736
840 -14.40716899297597
841 -18.82474090489315
842 -23.012281984185194
843 -26.663031420816903
844 -16.81174950013699
845 -22.95421105622454
846 -9.285538961636343
847 -30.403618456138325
848 -22.652351712849185
849 -41.2209039737113
850 -16.45729861451887
851 -25.597630931003213
852 -30.403618456138325
853 -22.58298828198678
854 -25.70382466181578
855 -33.81498535453076
856 -29.83383485376801
857 -21.81031750375422
858 -23.51501610993648
859 -26.663031420816903
860 -17.447324455481922
861 -22.96379368690601
862 -29.60735074551758
863 -20.03810840368728
864 -19.615357100206655
865 -27.239096044184336
866 -29.632982032244296
867 -20.533549688269268
868 -29.05867245266085
869 -33.49733520534802
870 -14.40716899297597
871 -9.170254080644424
872 -10.097164192343756
873 -11.777458402634084
874 -8.697128416876629
875 3.3769692181291133
876 -2.2488962081899992
877 -12.539335439371245
878 -9.192809577445955
879 -3.974111409755111
880 -9.285538961636343
881 -17.447324455481922
882 -22.821759423813763
883 -9.519132528698172
884 -8.240460788221347
885 -10.60265255885305
886 -26.900701065667718
887 -30.403618456138325
888 -12.083920194087101
889 -14.15569516177547
890 -3.840475628368708
891 -16.518410731304765
892 -28.65940597036845
893 -12.719030352295505
894 -11.82548060741599
895 -3.478268544444041
896 -14.478226103766628
897 -8.002456332255795
898 -19.780245955649693
899 -11.264547249593104
900 -1.6555008475298054
901 -18.82474090489315
902 -23.012281984185194
903 -26.663031420816903
904 -16.81174950013699
905 -22.95421105622454
906 -9.285538961636343
907 -30.403618456138325
908 -22.652351712849185
909 -41.2209039737113
910 -16.45729861451887
911 -25.597630931003213
912 -30.403618456138325
913 -22.58298828198678
914 -25.70382466181578
915 -33.81498535453076
916 -29.83383485376801
917 -30.403618456138325
918 -23.51501610993648
919 -26.663031420816903
920 -17.447324455481922
921 -22.96379368690601
922 -29.60735074551758
923 -20.03810840368728
924 -19.615357100206655
925 -27.239096044184336
926 -29.632982032244296
927 -20.533549688269268
928 -29.05867245266085
929 -33.49733520534802
930 -14.40716899297597
931 -6.8095483934269065
932 -9.19131268421151
933 -15.933908698284355
934 -10.05934900439881
935 -19.259400490605607
936 3.5344916711032126
937 4.699674780986541
938 -8.02708261177624
939 -16.442021583160763
940 -18.531456863660363
941 -1.6039106183545848
942 -5.643218925650385
943 -23.937922672278326
944 -18.87765790213214
945 5.652936686439519
946 -24.539041346152413
947 -1.2622840719393493
948 -16.63657178059886
949 -9.430019974835641
950 -5.498947714658812
951 -21.16468812125268
952 -13.48907586333956
953 -10.515145520455963
954 -1.7739464219000047
955 -15.975236918364775
956 -14.702794205567459
957 -1.7458070980125684
958 -18.553962486126395
959 -20.969052256642644
960 -14.40716899297597
961 -18.82474090489315
962 -23.012281984185194
963 -26.663031420816903
964 -16.81174950013699
965 -22.95421105622454
966 -9.285538961636343
967 -30.403618456138325
968 -22.652351712849185
969 -41.2209039737113
970 -18.531456863660363
971 -25.597630931003213
972 -30.403618456138325
973 -23.937922672278326
974 -25.70382466181578
975 -33.81498535453076
976 -29.83383485376801
977 -30.403618456138325
978 -23.51501610993648
979 -26.663031420816903
980 -17.447324455481922
981 -22.96379368690601
982 -29.60735074551758
983 -20.03810840368728
984 -19.615357100206655
985 -27.239096044184336
986 -29.632982032244296
987 -20.533549688269268
988 -29.05867245266085
989 -33.49733520534802
990 -14.40716899297597
evaluations raw_y
1 7.165643092239092
2 -15.848687545901068
3 6.093650985928113
4 7.691338937576522
5 4.3757532536855805
6 2.476419952035882
7 35.60827335870568
8 -3.1137546758923325
9 9.526197745509442
10 0.0672716424480137
11 2.857504982960328
12 -0.1323612051717451
13 12.100759567893066
14 -15.884121561542255
15 7.393224904422917
16 9.548080160606238
17 26.45142013226496
18 -1.0262475201876737
19 18.31107002330911
20 -10.001340832134282
21 -11.335801733573806
22 -7.240019693627501
23 10.40737029579376
24 8.117080504974828
25 3.8277597060229462
26 -3.279669065836398
27 1.6775025257865193
28 0.7461265477881774
29 21.23426824521766
30 13.706998197482383
31 -5.842404422618101
32 -0.4972079110787635
33 11.179375310338996
34 4.706508098217441
35 6.372544177920278
36 -1.0938578248722888
37 7.480315320114332
38 12.536519596914138
39 8.468762858717234
40 -6.8352250644119925
41 3.8478659780333113
42 -17.041613824323804
43 -7.146829088869876
44 -9.338540508383183
45 6.924085002627146
46 -1.8028346046613322
47 17.362409818402575
48 1.513776787075657
49 -15.22419170704914
50 -13.992357527922579
51 -11.031256014229141
52 1.8088999108517274
53 -7.332510626519246
54 26.693408855432413
55 0.535733564254307
56 -14.221080013739629
57 -16.74157818009766
58 -10.320064478219834
59 18.74721068875885
60 7.675397221748369
61 -5.842404422618101
62 -15.848687545901068
63 6.093650985928113
64 4.706508098217441
65 4.3757532536855805
66 -1.0938578248722888
67 7.480315320114332
68 -3.1137546758923325
69 8.468762858717234
70 -6.8352250644119925
71 2.857504982960328
72 -17.041613824323804
73 -7.146829088869876
74 -15.884121561542255
75 6.924085002627146
76 -1.8028346046613322
77 17.362409818402575
78 -1.0262475201876737
79 -15.22419170704914
80 -13.992357527922579
81 -11.335801733573806
82 -7.240019693627501
83 -7.332510626519246
84 8.117080504974828
85 0.535733564254307
86 -14.221080013739629
87 -16.74157818009766
88 -10.320064478219834
89 18.74721068875885
90 7.675397221748369
91 0.5297671512559122
92 1.081204422202171
93 -0.7245496342564766
94 13.076190232786026
95 3.2406718038089917
96 -6.6311622619215775
97 -5.871650348309206
98 6.266739005543262
99 9.52785600386911
100 -5.344245254659
101 7.451700220162902
102 1.7206926330252417
103 13.199173594999404
104 -4.430548931449934
105 7.4126066004278535
106 3.382300804694001
107 -3.1983903143762173
108 20.57000450350499
109 -3.512849575096494
110 2.611461450871258
111 -5.642070249447185
112 -2.963463645894508
113 -13.173216304603672
114 5.601116989279241
115 -22.712619896223547
116 -10.628378621560294
117 6.902446977781895
118 -1.1187248659460962
119 1.7555065906975074
120 -0.44370361277902853
121 -5.842404422618101
122 -15.848687545901068
123 -0.7245496342564766
124 4.706508098217441
125 3.2406718038089917
126 -6.6311622619215775
127 -5.871650348309206
128 -3.1137546758923325
129 8.468762858717234
130 -6.8352250644119925
131 2.857504982960328
132 -17.041613824323804
133 -7.146829088869876
134 -15.884121561542255
135 6.924085002627146
136 -1.8028346046613322
137 -3.1983903143762173
138 -1.0262475201876737
139 -15.22419170704914
140 -13.992357527922579
141 -11.335801733573806
142 -7.240019693627501
143 -13.173216304603672
144 5.601116989279241
145 -22.712619896223547
146 -14.221080013739629
147 -16.74157818009766
148 -10.320064478219834
149 1.7555065906975074
150 -0.44370361277902853
151 -1.2289452932756042
152 4.1097655583983626
153 -2.150345952816674
154 -3.1797075700569386
155 -0.7769008694637967
156 5.670059231837755
157 -4.735879814631415
158 5.215957305578358
159 12.713572457560268
160 -6.8352250644119925
161 5.0390529418900485
162 -4.315688675287176
163 -1.8482547059971195
164 -13.248758071969455
165 13.204662502342039
166 6.6690750292813785
167 -10.737696560866864
168 24.750523920057482
169 1.6154262175295804
170 -1.5571396276840117
171 -11.86165669577495
172 -16.418071826612707
173 -9.65122574688031
174 -8.100590341966521
175 1.1661712473020844
176 1.9595138767416265
177 -24.602666590009957
178 -12.539335439371245
179 -23.36640012175476
180 -5.694169880591762
181 -5.842404422618101
182 -15.848687545901068
183 -2.150345952816674
184 -3.1797075700569386
185 -0.7769008694637967
186 -6.6311622619215775
187 -5.871650348309206
188 -3.1137546758923325
189 8.468762858717234
190 -6.8352250644119925
191 2.857504982960328
192 -17.041613824323804
193 -7.146829088869876
194 -15.884121561542255
195 6.924085002627146
196 -1.8028346046613322
197 -10.737696560866864
198 -1.0262475201876737
199 -15.22419170704914
200 -13.992357527922579
201 -11.86165669577495
202 -16.418071826612707
203 -13.173216304603672
204 -8.100590341966521
205 -22.712619896223547
206 -14.221080013739629
207 -24.602666590009957
208 -12.539335439371245
209 -23.36640012175476
210 -5.694169880591762
211 -5.507210212847805
212 -2.0176128499039963
213 5.121383451930485
214 -10.179455731534297
215 -5.355265464890089
216 -6.6311622619215775
217 4.947651506749775
218 -4.9951898213025245
219 -12.539335439371245
220 1.7299989843277004
221 -5.487983767827383
222 -25.418517999017403
223 -25.820898163676752
224 1.798717472025297
225 4.652149541191409
226 -5.414238062914915
227 -2.8390259090850916
228 14.23696913596489
229 -18.779729861913925
230 -8.19769454066204
231 -8.572976235106594
232 -0.6933949775143557
233 -14.724724704449873
234 8.561293390339058
235 -13.906448950886258
236 -2.034414313954223
237 2.975566013370292
238 -0.289991094361978
239 10.54397816890295
240 1.5099471525094876
241 -5.842404422618101
242 -15.848687545901068
243 -2.150345952816674
244 -10.179455731534297
245 -5.355265464890089
246 -6.6311622619215775
247 -5.871650348309206
248 -4.9951898213025245
249 -12.539335439371245
250 -6.8352250644119925
251 -5.487983767827383
252 -25.418517999017403
253 -25.820898163676752
254 -15.884121561542255
255 4.652149541191409
256 -5.414238062914915
257 -10.737696560866864
258 -1.0262475201876737
259 -18.779729861913925
260 -13.992357527922579
261 -11.86165669577495
262 -16.418071826612707
263 -14.724724704449873
264 -8.100590341966521
265 -22.712619896223547
266 -14.221080013739629
267 -24.602666590009957
268 -12.539335439371245
269 -23.36640012175476
270 -5.694169880591762
271 -2.34023335878885
272 -9.38632634964257
273 -0.025940666202363127
274 -6.982880084139978
275 -2.5387449742450743
276 1.8829675690061856
277 0.8074948372076107
278 -5.773600251837276
279 -17.654325640268983
280 -5.644181260386619
281 6.622803738309024
282 -28.993288081592496
283 -1.009219665576184
284 -13.824290760780201
285 5.8063604685348436
286 3.8957605691599215
287 -9.494206142768208
288 -3.594198954994913
289 -12.232444889625885
290 -3.547150629013178
291 -17.29083472926278
292 -12.763789598607785
293 2.6297916297223263
294 -3.6117855459557493
295 -13.245968750014326
296 2.219584483197867
297 -5.77677482809414
298 -12.147225356474916
299 -28.149732565684367
300 3.593436421288604
301 -5.842404422618101
302 -15.848687545901068
303 -2.150345952816674
304 -10.179455731534297
305 -5.355265464890089
306 -6.6311622619215775
307 -5.871650348309206
308 -5.773600251837276
309 -17.654325640268983
310 -6.8352250644119925
311 -5.487983767827383
312 -28.993288081592496
313 -25.820898163676752
314 -15.884121561542255
315 4.652149541191409
316 -5.414238062914915
317 -10.737696560866864
318 -3.594198954994913
319 -18.779729861913925
320 -13.992357527922579
321 -17.29083472926278
322 -16.418071826612707
323 -14.724724704449873
324 -8.100590341966521
325 -22.712619896223547
326 -14.221080013739629
327 -24.602666590009957
328 -12.539335439371245
329 -28.149732565684367
330 -5.694169880591762
331 -18.31330283883364
332 -12.718206515872962
333 1.8770981441668184
334 0.6806021467060321
335 21.67853474948339
336 6.865256920145805
337 9.05297010222261
338 -24.883666644689836
339 -15.253737024622815
340 -17.973503172376297
341 15.980658278946539
342 -5.311392403432381
343 -3.379412050959535
344 -3.591567969339885
345 5.153447478268378
346 -5.342527622995771
347 -0.8619307531851033
348 -14.556523619491895
349 -14.780493482187346
350 17.34068389139657
351 -24.17508791338529
352 -2.5812809399258843
353 -25.33814347946397
354 4.008509218150363
355 -4.459154192829775
356 -5.764690694767344
357 -10.766445688697187
358 -17.83520730057357
359 -19.374017713077286
360 -3.734699508497824
361 -18.31330283883364
362 -15.848687545901068
363 -2.150345952816674
364 -10.179455731534297
365 -5.355265464890089
366 -6.6311622619215775
367 -5.871650348309206
368 -24.883666644689836
369 -17.654325640268983
370 -17.973503172376297
371 -5.487983767827383
372 -28.993288081592496
373 -25.820898163676752
374 -15.884121561542255
375 4.652149541191409
376 -5.414238062914915
377 -10.737696560866864
378 -14.556523619491895
379 -18.779729861913925
380 -13.992357527922579
381 -24.17508791338529
382 -16.418071826612707
383 -25.33814347946397
384 -8.100590341966521
385 -22.712619896223547
386 -14.221080013739629
387 -24.602666590009957
388 -17.83520730057357
389 -28.149732565684367
390 -5.694169880591762
391 6.935372428135327
392 -6.830790447639021
393 2.107916065734134
394 1.2785495812546448
395 -17.21154244023828
396 -11.942619364815926
397 17.28018274884422
398 -9.504164912051355
399 -4.049408686764346
400 -6.299502169930191
401 -5.455844888051927
402 -9.744401497961805
403 -8.494945361064064
404 -0.9005555855491305
405 -3.6982538946417898
406 -0.43026363387479594
407 6.5124128811096185
408 -14.378170013580498
409 -8.183197902010566
410 0.0872276354266528
411 -18.147285879507315
412 -30.758558138721742
413 1.588388402981937
414 0.419359217187523
415 -9.585540454460658
416 -6.971470235612539
417 6.6690750292813785
418 -9.036155451364909
419 -13.947299865660803
420 -3.589630908981523
421 -18.31330283883364
422 -15.848687545901068
423 -2.150345952816674
424 -10.179455731534297
425 -17.21154244023828
426 -11.942619364815926
427 -5.871650348309206
428 -24.883666644689836
429 -17.654325640268983
430 -17.973503172376297
431 -5.487983767827383
432 -28.993288081592496
433 -25.820898163676752
434 -15.884121561542255
435 -3.6982538946417898
436 -5.414238062914915
437 -10.737696560866864
438 -14.556523619491895
439 -18.779729861913925
440 -13.992357527922579
441 -24.17508791338529
442 -30.758558138721742
443 -25.33814347946397
444 -8.100590341966521
445 -22.712619896223547
446 -14.221080013739629
447 -24.602666590009957
448 -17.83520730057357
449 -28.149732565684367
450 -5.694169880591762
451 -4.003987798287955
452 -1.7107801729973138
453 2.3359601432285673
454 -5.031315292741208
455 -12.505375858317187
456 -12.207088943356005
457 0.28338680338160904
458 -40.47690757322231
459 -17.654325640268983
460 -14.379541351605363
461 -5.408016224100637
462 -29.07182727575525
463 12.72524853608351
464 -5.599771252376658
465 -6.401859978639376
466 -17.102005497768765
467 -24.261049898915108
468 0.4517149913394751
469 -25.302565045975378
470 -10.60570942710216
471 20.77478917753806
472 -11.61071081596833
473 -23.995963770113324
474 -3.580448084203125
475 -8.41280064034793
476 -6.8549490903351415
477 -20.14397445393086
478 -0.8636013440703516
479 -10.81746866908685
480 1.8882742336529892
481 -18.31330283883364
482 -15.848687545901068
483 -2.150345952816674
484 -10.179455731534297
485 -17.21154244023828
486 -12.207088943356005
487 -5.871650348309206
488 -40.47690757322231
489 -17.654325640268983
490 -17.973503172376297
491 -5.487983767827383
492 -29.07182727575525
493 -25.820898163676752
494 -15.884121561542255
495 -6.401859978639376
496 -17.102005497768765
497 -24.261049898915108
498 -14.556523619491895
499 -25.302565045975378
500 -13.992357527922579
501 -24.17508791338529
502 -30.758558138721742
503 -25.33814347946397
504 -8.100590341966521
505 -22.712619896223547
506 -14.221080013739629
507 -24.602666590009957
508 -17.83520730057357
509 -28.149732565684367
510 -5.694169880591762
511 1.6643745290273777
512 -1.8647821653580265
513 -4.2064197884676835
514 17.66183132688838
515 -21.55766420847922
516 1.8882513265308971
517 -4.388067030927332
518 1.2172291330725977
519 -15.77039670834647
520 -24.828432503108342
521 5.965356643388716
522 -8.698701142036002
523 0.5784284516321544
524 -25.517295340930875
525 6.481787908342964
526 -17.126770309560648
527 -11.617876939785033
528 -10.967732605397199
529 -0.8636013440703516
530 3.6026363619499566
531 -8.97075087504454
532 -3.137854507860658
533 -13.240345363890635
534 -6.222576077617403
535 -5.7338569486599775
536 -4.9687189910710945
537 -4.8064225361053685
538 -5.451983888110259
539 -4.3461042486918355
540 11.990405472095519
541 -18.31330283883364
542 -15.848687545901068
543 -4.2064197884676835
544 -10.179455731534297
545 -21.55766420847922
546 -12.207088943356005
547 -5.871650348309206
548 -40.47690757322231
549 -17.654325640268983
550 -24.828432503108342
551 -5.487983767827383
552 -29.07182727575525
553 -25.820898163676752
554 -25.517295340930875
555 -6.401859978639376
556 -17.126770309560648
557 -24.261049898915108
558 -14.556523619491895
559 -25.302565045975378
560 -13.992357527922579
561 -24.17508791338529
562 -30.758558138721742
563 -25.33814347946397
564 -8.100590341966521
565 -22.712619896223547
566 -14.221080013739629
567 -24.602666590009957
568 -17.83520730057357
569 -28.149732565684367
570 -5.694169880591762
571 -25.302565045975378
572 -1.0041623049398922
573 -4.615857202779205
574 5.908344077379138
575 -9.248186576168886
576 1.5782357135177916
577 -19.62711746110627
578 4.372131924817762
579 2.8385723997394896
580 -21.29927965356878
581 -3.460412340219538
582 -4.9840338668113695
583 -11.176972089614184
584 -7.550907930109911
585 -15.192023635942364
586 -3.6989592213109894
587 -17.24763374112641
588 -13.39922617825835
589 -30.587027868277776
590 -0.4577159504469955
591 -25.67712059112162
592 -21.658481802552217
593 -3.942398816415801
594 -28.36058387285202
595 -19.754306973488127
596 5.865323647759821
597 -12.934401641759072
598 -2.8352736955182727
599 -22.968910207431474
600 -19.514048445177497
601 -25.302565045975378
602 -15.848687545901068
603 -4.615857202779205
604 -10.179455731534297
605 -21.55766420847922
606 -12.207088943356005
607 -19.62711746110627
608 -40.47690757322231
609 -17.654325640268983
610 -24.828432503108342
611 -5.487983767827383
612 -29.07182727575525
613 -25.820898163676752
614 -25.517295340930875
615 -15.192023635942364
616 -17.126770309560648
617 -24.261049898915108
618 -14.556523619491895
619 -30.587027868277776
620 -13.992357527922579
621 -25.67712059112162
622 -30.758558138721742
623 -25.33814347946397
624 -28.36058387285202
625 -22.712619896223547
626 -14.221080013739629
627 -24.602666590009957
628 -17.83520730057357
629 -28.149732565684367
630 -19.514048445177497
631 -0.6479176044153834
632 -4.82120730777189
633 -14.130267059915782
634 -6.8897605314186965
635 -0.5466200100941709
636 -12.539335439371245
637 -2.2839441663697055
638 -6.0718250108307865
639 -6.719185276729042
640 -17.827991209367266
641 -2.467058063399058
642 -25.57193425216546
643 3.0918133610668557
644 -4.231478817257538
645 -18.45443824785786
646 -15.165646929266321
647 -6.127141277995766
648 1.3888131801618768
649 -27.50719723516871
650 -19.399797825435655
651 -17.7526544338123
652 -10.05495748962083
653 -10.699611136796175
654 -11.452598114264868
655 -18.294312385404385
656 -0.6455391485526163
657 -0.45206580043972244
658 -24.828432503108342
659 -7.86885957488827
660 -19.079319651391145
661 -25.302565045975378
662 -15.848687545901068
663 -14.130267059915782
664 -10.179455731534297
665 -21.55766420847922
666 -12.539335439371245
667 -19.62711746110627
668 -40.47690757322231
669 -17.654325640268983
670 -24.828432503108342
671 -5.487983767827383
672 -29.07182727575525
673 -25.820898163676752
674 -25.517295340930875
675 -18.45443824785786
676 -17.126770309560648
677 -24.261049898915108
678 -14.556523619491895
679 -30.587027868277776
680 -19.399797825435655
681 -25.67712059112162
682 -30.758558138721742
683 -25.33814347946397
684 -28.36058387285202
685 -22.712619896223547
686 -14.221080013739629
687 -24.602666590009957
688 -24.828432503108342
689 -28.149732565684367
690 -19.514048445177497
691 -13.381776571007133
692 -11.656858947619009
693 -14.772490747315093
694 -3.8709561192830586
695 2.1912410008289798
696 -12.539335439371245
697 -20.17753388417144
698 -20.925728999943882
699 -29.796983924714468
700 -26.504584433182508
701 5.036604319003599
702 -26.912335242071208
703 -11.243583460450635
704 11.534699562931754
705 -26.117086206063057
706 -8.49884626068431
707 -9.003217336650867
708 6.809765616448802
709 -0.048933687262251765
710 -10.866279636947935
711 -16.80185538294288
712 -2.860768403558869
713 1.3852521530436648
714 13.596636020878474
715 -17.942162935664502
716 -2.7068027154682337
717 -20.389183432359953
718 -28.341189457907923
719 -28.149732565684367
720 -1.0809129509847404
721 -25.302565045975378
722 -15.848687545901068
723 -14.772490747315093
724 -10.179455731534297
725 -21.55766420847922
726 -12.539335439371245
727 -20.17753388417144
728 -40.47690757322231
729 -29.796983924714468
730 -26.504584433182508
731 -5.487983767827383
732 -29.07182727575525
733 -25.820898163676752
734 -25.517295340930875
735 -26.117086206063057
736 -17.126770309560648
737 -24.261049898915108
738 -14.556523619491895
739 -30.587027868277776
740 -19.399797825435655
741 -25.67712059112162
742 -30.758558138721742
743 -25.33814347946397
744 -28.36058387285202
745 -22.712619896223547
746 -14.221080013739629
747 -24.602666590009957
748 -28.341189457907923
749 -28.149732565684367
750 -19.514048445177497
751 -8.696205729616965
752 11.671429221920024
753 -14.772490747315093
754 0.9782493706382956
755 -17.7526544338123
756 -4.665960059752852
757 5.198600356271905
758 -8.424973677644958
759 -1.6883888894346868
760 -16.585417651710586
761 -11.985227630449241
762 -11.154461949126246
763 -11.176972089614184
764 -20.070648519635178
765 -8.738606591720568
766 -6.675347255568196
767 -2.5601486324384233
768 -1.034134162995554
769 -36.79019235702437
770 -0.30297203457729477
771 -21.6548739258602
772 -2.7780815928165543
773 -14.102538982505171
774 -14.378170013580498
775 11.24362925024846
776 -6.303606155094862
777 -2.753612514656237
778 -6.9278363839204875
779 -11.670990906986862
780 -16.01667875872494
781 -25.302565045975378
782 -15.848687545901068
783 -14.772490747315093
784 -10.179455731534297
785 -21.55766420847922
786 -12.539335439371245
787 -20.17753388417144
788 -40.47690757322231
789 -29.796983924714468
790 -26.504584433182508
791 -11.985227630449241
792 -29.07182727575525
793 -25.820898163676752
794 -25.517295340930875
795 -26.117086206063057
796 -17.126770309560648
797 -24.261049898915108
798 -14.556523619491895
799 -36.79019235702437
800 -19.399797825435655
801 -25.67712059112162
802 -30.758558138721742
803 -25.33814347946397
804 -28.36058387285202
805 -22.712619896223547
806 -14.221080013739629
807 -24.602666590009957
808 -28.341189457907923
809 -28.149732565684367
810 -19.514048445177497
811 -8.253006547548159
812 -5.6206013113727575
813 -24.73498975976711
814 1.4516703591971756
815 -7.372252761112967
816 -4.565026490056987
817 -17.31321514501453
818 -22.502212049729273
819 -2.049918318824409
820 -14.57774071737087
821 -4.349594996611075
822 -11.768243040180833
823 -10.179455731534297
824 -1.7292963175321874
825 0.9219263304679433
826 -12.763789598607785
827 -17.73859070549027
828 1.2005128314327318
829 -20.085606011481463
830 7.517057038096235
831 -22.70405997435141
832 0.3321375926384993
833 -5.616753030184359
834 -16.705268247526625
835 -14.231513058336386
836 -2.837823955173856
837 -12.125303826381808
838 18.27430060215307
839 -16.45729861451887
840 -16.80185538294288
841 -25.302565045975378
842 -15.848687545901068
843 -24.73498975976711
844 -10.179455731534297
845 -21.55766420847922
846 -12.539335439371245
847 -20.17753388417144
848 -40.47690757322231
849 -29.796983924714468
850 -26.504584433182508
851 -11.985227630449241
852 -29.07182727575525
853 -25.820898163676752
854 -25.517295340930875
855 -26.117086206063057
856 -17.126770309560648
857 -24.261049898915108
858 -14.556523619491895
859 -36.79019235702437
860 -19.399797825435655
861 -25.67712059112162
862 -30.758558138721742
863 -25.33814347946397
864 -28.36058387285202
865 -22.712619896223547
866 -14.221080013739629
867 -24.602666590009957
868 -28.341189457907923
869 -28.149732565684367
870 -19.514048445177497
871 -0.10660267798600437
872 -19.394416594721516
873 -11.422298089581602
874 -2.5447962251674747
875 -10.870680481715384
876 -3.318103343215673
877 -2.7277976909950636
878 14.438673320920074
879 -4.801732025309881
880 -12.763789598607785
881 -12.539335439371245
882 -5.2241048803784595
883 -24.66079554727209
884 -24.041141537737047
885 -9.43555608702134
886 -15.168710925363305
887 -3.567716131043838
888 -14.556523619491895
889 -19.454813739392566
890 -14.890822029085234
891 -8.982721126438864
892 -21.658481802552217
893 2.975566013370292
894 -11.537632102420766
895 -2.5464937819643407
896 1.8106760117685978
897 -15.341690516598147
898 1.7967682456123548
899 -12.055580825971832
900 -6.303606155094862
901 -25.302565045975378
902 -19.394416594721516
903 -24.73498975976711
904 -10.179455731534297
905 -21.55766420847922
906 -12.539335439371245
907 -20.17753388417144
908 -40.47690757322231
909 -29.796983924714468
910 -26.504584433182508
911 -12.539335439371245
912 -29.07182727575525
913 -25.820898163676752
914 -25.517295340930875
915 -26.117086206063057
916 -17.126770309560648
917 -24.261049898915108
918 -14.556523619491895
919 -36.79019235702437
920 -19.399797825435655
921 -25.67712059112162
922 -30.758558138721742
923 -25.33814347946397
924 -28.36058387285202
925 -22.712619896223547
926 -14.221080013739629
927 -24.602666590009957
928 -28.341189457907923
929 -28.149732565684367
930 -19.514048445177497
931 2.0802727148434306
932 -14.085589028290645
933 -6.062800811047783
934 -7.261000478078163
935 -8.001106935396862
936 -7.231602674544411
937 -1.0346986357321015
938 -23.22252698975264
939 -6.316033340573016
940 -13.727193758987017
941 -12.539335439371245
942 7.208518647340446
943 -12.539335439371245
944 -9.584640709992492
945 -11.649760944640962
946 -10.930901473340962
947 -4.755925795633837
948 -34.82015049135316
949 -10.463279885535295
950 -11.252201784388244
951 -1.1446939928069422
952 -2.585709863533438
953 -11.086405741124251
954 -16.565835412010106
955 -18.377867336233546
956 -4.8629999655634615
957 -25.294779266131915
958 -15.538159091295585
959 -12.253128789913186
960 -16.3372087694604
961 -25.302565045975378
962 -19.394416594721516
963 -24.73498975976711
964 -10.179455731534297
965 -21.55766420847922
966 -12.539335439371245
967 -20.17753388417144
968 -40.47690757322231
969 -29.796983924714468
970 -26.504584433182508
971 -12.539335439371245
972 -29.07182727575525
973 -25.820898163676752
974 -25.517295340930875
975 -26.117086206063057
976 -17.126770309560648
977 -24.261049898915108
978 -34.82015049135316
979 -36.79019235702437
980 -19.399797825435655
981 -25.67712059112162
982 -30.758558138721742
983 -25.33814347946397
984 -28.36058387285202
985 -22.712619896223547
986 -14.221080013739629
987 -25.294779266131915
988 -28.341189457907923
989 -28.149732565684367
990 -19.514048445177497
