{
	"version": "0.3.14", 
	"suite": "unknown_suite", 
	"function_id": 20, 
	"function_name": "Schwefel", 
	"maximization": false, 
	"algorithm": {"name": "DE", "info": "algorithm_info"},
	"attributes": ["evaluations", "raw_y"],
	"scenarios": [
		{"dimension": 23,
		"path": "data_f20_Schwefel/IOHprofiler_f20_DIM23.dat",
		"runs": [
			{"instance": 0, "evals": 221, "best": {"evals": 200, "y": 9205.044521046742, "x": [-2.818180257955423, -2.282255962701657, 2.4684209023831905, -2.192928966224373, 0.3207349424591752, -1.9797569640504604, -0.5505435845421562, -1.7081292071734362, 0.39437842017253144, 2.3351401852648266, -2.3538965333778092, -2.2240280779531996, -1.2459116199871363, 3.1728000501617797, -0.7056824877708496, 3.3554427806767175, -0.4809286876838921, 2.4556127348934558, -2.469845694028293, -2.7955399575458104, -1.7830862105110896, 2.0651283710956503, 2.5298383792747807]}},
			{"instance": 0, "evals": 221, "best": {"evals": 213, "y": 30360.8200031869, "x": [-0.7869911836663537, 0.2939439642540149, 4.243543461938003, 0.28580758200062895, 0.5057063454136426, -3.075068493641729, 2.268136396899171, 0.9604359547764716, 4.566035132260204, -3.2231457051744785, 2.2226868861541433, -2.1960030983011523, 0.9568293060482094, -0.87667743061497, -4.345540193458973, 2.6512116114432054, 3.607653699067707, 0.824350768882959, -2.1683628952205973, -2.209970548569262, -0.3589948263901599, 3.4608187237611654, 0.8779844937168484]}},
			{"instance": 0, "evals": 221, "best": {"evals": 195, "y": 23811.54480331318, "x": [-2.9178760242838004, -4.014320305353393, -2.47039505542371, 1.834454732257659, 3.5288967782274003, 1.7997547193655057, -1.1513453120514476, -1.2749275688572221, -1.207489665982691, 0.407694154761312, 1.9654706428570403, -2.531314525112413, -2.697993894412883, 1.7675111870731222, 0.10645240596437122, 1.321396800061334, 1.5103480105325136, -0.11798479996374556, -1.5922806575111286, -1.350024855660724, -0.5254285267219414, -0.015670414850833536, -0.3747536375056655]}},
			{"instance": 0, "evals": 221, "best": {"evals": 219, "y": 23814.02940830279, "x": [0.9188544759322737, -0.5623409859107968, -2.5259652349638477, 3.2657302989116355, 2.702368891744956, 3.25613212295653, 1.1100084880515872, 0.7341024665624012, -3.829435410354134, -0.6620167664557282, 0.7989383074928096, -1.0631893783436566, 0.042307056841184965, 0.6089364380391062, 0.8284942391972043, -0.5441057679589936, 1.5912844209554091, 0.46090040507530516, 0.3753477799030649, -1.1911285170530395, -0.9895694642759136, 2.6318643796280714, 0.248123490077647]}},
			{"instance": 0, "evals": 221, "best": {"evals": 198, "y": 12600.420193090307, "x": [-2.8789779584244064, 3.1498336447854083, 2.2023305581305626, 1.9142700984853307, -1.1457632759394563, 0.6726203387679437, 2.254568524640694, 2.2184750714062975, -1.5710835980831732, 0.1173732630583193, -1.1221994980121004, -0.7622825322047824, -0.10613541961164041, 0.7717854421768477, -2.137098397878669, 0.11249531388830025, 3.335234421809975, 0.505290238947242, -3.9247295621574207, -2.0412542440162693, -2.667937293711809, -0.7045882460479094, 2.9524631126209666]}},
			{"instance": 0, "evals": 221, "best": {"evals": 173, "y": 23040.987741585275, "x": [-1.6572776193821794, 3.7201875592063463, 4.922574291941477, 2.2641558815577367, -1.586107986794465, -3.4606022859850474, -3.7097110316093165, -0.42932143577610504, -0.37671525582663934, -2.122191562857305, 0.03875724119222945, -3.5179586733128665, 1.90816449113027, 0.7152229088082296, -3.4922849318889906, 0.8020161869826665, 2.1185022287630613, 1.0394887600617944, -0.22635975615796777, 0.7197531222011768, -2.327376125719995, 0.20053972061008452, 1.2266886796674275]}},
			{"instance": 0, "evals": 221, "best": {"evals": 173, "y": 25219.403741661987, "x": [-4.016220863807574, -4.769804838222475, -1.5857187697709376, -2.838192733644131, -0.13207300037802083, -0.8601035330309692, -2.1519557885854113, 1.5989086542035498, -0.9565850181504487, -4.210597215018098, 0.19833955811140536, 0.8153779866989221, 1.1313189017804473, 3.5962307414688244, 1.4378341217962016, 1.0020038733264005, 0.1699058106584459, 2.027767865200351, -1.7600749953439445, -1.7300919013218183, -4.3939249611833535, 0.9862994628683461, 0.601258434017232]}},
			{"instance": 0, "evals": 221, "best": {"evals": 214, "y": 21446.231758658552, "x": [-1.4572022924627506, 2.112933425062804, 2.639780976739593, 1.9009312205171476, 2.069910305911799, -3.1569966521011352, 0.1828036734099232, 0.35358549086143154, 2.2595337871680248, -1.4765520870514521, -2.864230291454655, -1.961707114468188, 2.7917097019832253, 4.559405872977413, -2.561602611441993, -1.1040545600751281, 1.2079922815350788, 0.5045106974019067, -1.2671056079380838, -0.5953649946850559, 0.16875336827399856, 3.594523647963261, 1.428872356802387]}},
			{"instance": 0, "evals": 221, "best": {"evals": 216, "y": 5956.246421600654, "x": [0.2760499697177786, 0.995900521750666, 0.611381992355394, -2.723678435704594, -1.1627350984249851, 1.2528319781705095, -1.077493695335775, -0.6810430231914453, 3.6609505516167777, -0.9161590719141666, 0.6906156914285793, -2.6597192555980813, 0.6540352467975143, 1.7503129057770723, -2.075669590366486, -0.39545625528866224, 0.5562149291970716, 1.7177687448307497, -1.8318563274143749, -0.7170717919756031, 0.33591621917932324, 0.8405696538810981, 0.7531393321121984]}},
			{"instance": 0, "evals": 221, "best": {"evals": 199, "y": 15858.382976607903, "x": [-3.604508729234416, -0.6474722673641597, 0.6224438321602141, 3.540141676425833, 0.43617346337103036, 3.717807701837115, -3.5312887221051437, 4.222231863518969, -3.047862678214179, -1.6883739024182773, 0.012154421288360195, -1.2745746927900061, -3.1737866225980653, 0.6986271468639225, 0.5844614118371194, 2.219905700576364, 0.702823284207839, 0.13911035171865416, 0.042913110610481864, -3.065811604849581, -0.7885107317763564, 1.9449141159576095, 1.2089415584393892]}},
			{"instance": 0, "evals": 221, "best": {"evals": 197, "y": 31916.54925311811, "x": [0.13706895922248785, 1.1538442658775043, 0.04009717136522983, -2.252625128662673, 2.8321122416938485, 2.827154156103522, -1.1837567689979887, 1.5365042305350833, -3.733832330949831, -4.068335629263734, -3.919059118293826, 1.772525231196905, -3.1576500896877393, 0.21849599887867033, -0.48792615767648895, 3.1256953692843785, 1.0916380539158972, 2.4567999225125794, 1.2810136931540157, -4.744843622007497, -1.1850792810499353, 1.9904797605611266, -0.2487810558050585]}},
			{"instance": 0, "evals": 221, "best": {"evals": 197, "y": 23655.405907484484, "x": [2.35310725753111, 0.9466092779836628, 2.824259797947658, -0.8015908847918911, -3.9299845604693093, 0.7265628087900544, 1.002767444699003, 1.403715079338507, -2.8587023882035543, -1.116146667937231, 0.429222635336429, -2.2800981027268925, -2.661492085266295, 0.32247317357869365, -1.6093607958351743, 0.2914681753163295, 1.6105984549995895, 1.6235261175375015, -0.554709605908736, -1.493357281497477, -4.548857227321129, 0.45844032845552896, 2.7931691106966565]}},
			{"instance": 0, "evals": 221, "best": {"evals": 197, "y": 2698.884894531555, "x": [0.829737756086586, -3.770634495453811, 0.49119616160792656, -2.3759683722235785, -0.8668004607849114, 2.831209381501024, -1.9700027081188287, 0.08540877076525799, 2.9128697105408135, -0.46244878321102334, -2.3144268536986754, 0.18867938147372332, -0.2652489167404304, 0.5413276879045119, -1.1857598314898485, -0.15609245682109618, 1.1613579671701744, 2.754354806680506, -2.1921006618212253, -2.229159295029013, -2.0562770560483834, 1.46100730419729, 1.085861181650912]}},
			{"instance": 0, "evals": 221, "best": {"evals": 191, "y": 35907.18967765339,