{
	"version": "0.3.14", 
	"suite": "unknown_suite", 
	"function_id": 21, 
	"function_name": "Gallagher101", 
	"maximization": false, 
	"algorithm": {"name": "DE", "info": "algorithm_info"},
	"attributes": ["evaluations", "raw_y"],
	"scenarios": [
		{"dimension": 23,
		"path": "data_f21_Gallagher101/IOHprofiler_f21_DIM23.dat",
		"runs": [
			{"instance": 0, "evals": 221, "best": {"evals": 199, "y": 72.8235891236764, "x": [1.439941558820622, 2.618761695012539, 0.3068715993917852, 0.5520081159946235, 0.8244774645928479, 1.7162290321890914, -4.114444157767586, -1.6092248356976302, -1.7976366572184808, 2.6500703114899293, -1.609702089512993, 2.7947168431708787, 1.5663593614239766, 3.479782402806886, -2.438673586371432, -0.006539879127066328, 1.4203164615428774, -0.025351060201094455, -1.8873850542913904, 0.09980795869256465, 1.6139768850466671, 0.7786517890586491, 2.2270101353748553]}},
			{"instance": 0, "evals": 221, "best": {"evals": 152, "y": 78.54491299058256, "x": [1.5855830659677963, -4.339446921778399, 2.5897683185403064, -1.3994009806927399, -0.22132645086864144, -1.4471602576307738, -1.0780475287212163, 2.8667632986077525, 2.1532231052913566, -1.3832714141752902, 0.9368461990873325, -3.7474876890379205, -2.3446925741597062, -2.5686845518040533, -1.2217711458212905, -1.152553689028026, -2.622794872611426, 2.10665968086238, -3.415447349772483, -0.8416942535681184, 1.707650254430357, -0.6086909603761024, -2.666197467794401]}},
			{"instance": 0, "evals": 221, "best": {"evals": 172, "y": 74.15813193417489, "x": [-0.7576097734495244, -4.796131073055281, -3.4003708253234577, -2.082708855469013, 1.9521220051030825, 1.3818172622525045, -0.9190483612706545, -1.259587497205579, -0.006018753877183647, 2.8681144218174746, 1.2138460807382891, 3.168200264638685, 3.2764256707601436, 0.4309266493045769, -0.84083467067284, -2.606724974788709, 3.889833924182553, -2.1423297894573556, -1.9128115381090018, -2.106851322874798, -1.4999303568932012, -2.5777370222998885, -0.3747536375056655]}},
			{"instance": 0, "evals": 221, "best": {"evals": 218, "y": 74.69782273712018, "x": [-3.2002037725931833, 2.319297505886171, -2.5792207392454904, -4.752856206115167, 2.4144050448527494, -4.291964862870783, 3.303769134907746, 1.7305553501396762, -3.0430660390473028, -3.586850265972432, 3.8475691026245755, 0.8971466369202813, 1.2376626698658917, 3.8056841611454884, -1.3651043375162226, -2.389776917893996, -1.4019052273136658, -2.4573302571278237, -1.2544903659670248, 0.7133235680613275, 1.5943856111610373, 2.3945875201776827, -3.9866451586740306]}},
			{"instance": 0, "evals": 221, "best": {"evals": 91, "y": 72.52174693070977, "x": [0.8773970271366172, 2.5695879043071193, 2.6717133017180874, 0.892401322191442, -1.6423110078820926, 4.107141426580581, 2.254568524640694, 0.8527507566531041, -0.44961492534458736, 1.1584335586899295, -1.4188378349572996, -2.0664349368566954, -1.8174322236687934, 1.7963218300169945, 0.8006445398438933, -1.3353840982588512, -1.2862068309743733, -4.500380353281601, -3.6472017052213968, 1.8147439059751207, 0.342704866019119, 4.761813997282548, 3.6219229328745395]}},
			{"instance": 0, "evals": 221, "best": {"evals": 177, "y": 73.065519054141, "x": [0.9195125462936597, -0.8330071795656115, -1.2147695653674684, 4.302959407264291, -3.9346847568339904, -0.29209221957784415, -3.1276616038467053, 1.3228561666481327, 2.685968683940506, -1.9596053810943581, 2.498828091434453, -0.91328224172916, -4.270421102854364, -0.5355668970489398, 2.1360422679474778, 1.4131773254362923, 3.582296560840507, 2.1242932225589843, -0.8963176180955612, -4.608262929178094, 0.11870530274607916, -0.38149633050888276, -0.6772915407878854]}},
			{"instance": 0, "evals": 221, "best": {"evals": 20, "y": 76.6613791514612, "x": [4.942079899060504, -1.4252241064185336, 1.270494173976454, -0.9937099387856247, 1.129510556865974, 0.6585725510960856, 0.6922945475620823, -0.03539289076614516, -2.714729135908639, 1.8951667915276817, 3.851299079293277, 0.8629222024564278, 1.9865851424457452, -4.896072974557915, -0.672493729516213, -3.7986248082673315, 2.2121800639239915, -0.8347860711215631, 1.8107239109792435, 1.2818973767736423, -3.3660345293275817, 1.7557986006023283, -2.2276952680545925]}},
			{"instance": 0, "evals": 221, "best": {"evals": 215, "y": 76.27472060802944, "x": [1.5479657712486485, 1.441704402114242, 2.1884780299746156, -1.227321284143407, 0.6246034345798552, -1.9694301593910568, 3.8486249146810114, -1.2752176819883427, -2.9612669076788487, 0.5121790189647326, -3.1857527458533053, 1.1592626574163454, 1.3250641001735524, -4.3659072600964315, -0.9776821399889819, -3.8890866738336496, 3.024013279141401, -3.9523332766942056, 2.8727983477014094, -1.419477759484463, -0.1721120144316226, 1.4358418401955384, -3.749535535852393]}},
			{"instance": 0, "evals": 221, "best": {"evals": 151, "y": 73.62922671156743, "x": [-0.3371411099802213, 4.243711510426891, -2.0921825585148475, -2.3756812113461567, -1.912966148112389, -1.2386838482657128, -2.9050647604806135, 0.39680650063156087, 3.8534095084746802, 4.173197742816453, -0.9905342238771864, -0.3555798121379712, -1.9467782952571677, 3.08913630499449, -1.412539258479928, -0.9419867862553584, -0.5258808258042071, -2.5668381098050626, -4.1418352932956655, -3.2436962224497456, 0.09014291447072331, 0.4304170881889582, -4.103650704437488]}},
			{"instance": 0, "evals": 221, "best": {"evals": 192, "y": 76.22507855147536, "x": [-1.7383059186589938, 2.284699159412469, -0.8498923710447923, -2.2503164454149402, 1.2995252343303156, 1.5575021686353145, 1.3110636463229477, -0.9767410055867387, -1.0488482736570637, -0.8685601180607221, -0.0956986429766733, -3.111834897547905, -2.2939442514621797, 1.2263619683962412, 0.3653763661137801, 0.5347870359400475, -1.0448942882776464, -1.8091221324801077, -1.9934502109633914, 4.160197526572181, -2.9858767342513772, 4.627341514613841, 2.050399528549077]}},
			{"instance": 0, "evals": 221, "best": {"evals": 136, "y": 74.75346308581304, "x": [-4.333395887860108, 2.870907224938591, -1.7489019355145439, 4.579102764321558, 3.3029206734525385, 1.2245881963464438, -1.5573542060262833, 2.125628688361403, -1.2136709105223122, 3.670259064890158, 3.4115321036375157, 3.6606985099904428, 3.1838882787551728, -3.9286436067410886, -2.447689509550918, -1.133344858939314, 2.6680486618360133, 1.9789271085217655, -0.5664156957817914, -2.9456151417340957, -4.581601320513179, -1.680643201188822, -0.9400236779551772]}},
			{"instance": 0, "evals": 221, "best": {"evals": 220, "y": 70.94409353667199, "x": [2.109148523107351, -3.93764527977131, 4.685209301540642, 1.8218761513320159, -4.80766162495742, 3.589867236803745, 1.0658014993975904, 0.3995885126707286, -3.341751723059705, -4.000834328386348, -1.76822467721684, 4.496024928541106, 2.406087775225193, -0.2545114089046496, -2.0867219666641637, 1.791804615393847, 0.060409040223064814, 1.8633564279486485, -3.527106332335228, -2.203006306791091, -1.5014633565535451, 1.634413930728686, 4.531573664299488]}},
			{"instance": 0, "evals": 221, "best": {"evals": 120, "y": 75.94039125637717, "x": [-2.6225273131028306, -4.837206881120738, 2.153016190795949, 4.770667551943239, -2.1356576705493167, -4.837212066497495, 4.18310107401148, -0.24419441130900554, -4.928458811049653, -2.7587753720904784, -0.18207624718335746, 3.96511733631725, -4.983584216706549, -0.5864849017144502, -0.08047889566939403, 2.842027148945, 0.22364388488500442, -3.7526246417237274, -0.7351979204298207, 4.345909157605462, -2.631956910875547, -2.0053167155633824, 3.8709245590227175]}},
			{"instance": 0, "evals": 221, "best": {"evals": 214, "y": 70.45811401893212,