{
	"version": "0.3.14", 
	"suite": "unknown_suite", 
	"function_id": 12, 
	"function_name": "BentCigar", 
	"maximization": false, 
	"algorithm": {"name": "DE", "info": "algorithm_info"},
	"attributes": ["evaluations", "raw_y"],
	"scenarios": [
		{"dimension": 23,
		"path": "data_f12_BentCigar/IOHprofiler_f12_DIM23.dat",
		"runs": [
			{"instance": 0, "evals": 2301, "best": {"evals": 2172, "y": 72475825.89194389, "x": [1.1621117650691337, -1.671125801405454, 1.3122231981960626, 0.9202038924783036, -3.712907319435695, 2.0091202706690447, 3.2152235371105817, -3.0148001809183413, -0.1140919757165344, -1.918024678286601, -1.75553178670354, -2.269521447291802, 4.145040528940552, 2.863600179276573, 0.7959050630117355, 3.0404788349743956, -1.136272893775398, -2.1278754298408433, 2.5079530867391098, 1.4281820211561866, -4.136804275888418, 2.1941378973072956, -2.0881416012888963]}},
			{"instance": 0, "evals": 2301, "best": {"evals": 2262, "y": 80014380.17390203, "x": [-2.875644474791091, -2.031184702378037, 2.0632656938286518, -2.6432020869476363, -3.9083561168602645, -0.6114878671397908, 3.6871864454608643, -3.069436637771277, -2.7091753697330736, -2.8358398839199284, 0.8315582465609426, -1.8859278293539092, 2.069933994549367, 2.398756180994459, 1.9348221095687235, 3.1958159882086195, 0.4914105943810392, 2.9018593854827524, -1.5586149438231007, 1.3392289618244824, -4.170040184540737, -1.7127971553214194, -4.0409145602212915]}},
			{"instance": 0, "evals": 2301, "best": {"evals": 2270, "y": 61661845.9132679, "x": [-1.6970291495467995, -1.4475914576785889, 2.1673224043068346, -3.082176771883611, -3.9230116154294254, 3.0269294676820255, 3.831548765581795, -2.18411105719544, -2.9603905632595016, -2.7531830624314155, 4.254180332973983, -2.296643454919303, 2.762482408035625, 4.995657942451978, -2.08759460792062, 3.925951856190118, -2.787982675931102, 0.5389496349063396, 3.7271042348204877, 2.412182320517127, -2.1365585934053124, 2.9731537117166527, -1.5762298560396708]}},
			{"instance": 0, "evals": 2301, "best": {"evals": 2086, "y": 78245030.42650153, "x": [-1.7177620974335408, -4.1007117236249275, 1.5220038150471609, -0.7669974664448374, -2.732536696536, -1.7663806637599966, -2.4863823064577293, -1.4054030197453051, 1.0877996337836677, 0.43458322162409546, -0.6013171284837968, 0.34607467937100145, 2.5632900004252113, 0.4768728569562044, -0.2730040671955445, 2.3006439545612123, -1.2946279290667717, -0.438826074924608, 1.8143997502119233, -3.1450618106696204, -1.9846936763211653, 1.304281222547847, -3.158799383131715]}},
			{"instance": 0, "evals": 2301, "best": {"evals": 2253, "y": 67246260.24197012, "x": [-2.234372684627724, -0.09373329411745002, 2.830411273688041, -2.7506233273715495, -3.799594492030807, 0.6127532365642843, 2.4684031541420826, -3.7305984588574614, 0.16365515313834855, -3.034785033799976, -1.2871684300778903, 1.4711206918062087, 4.877516204042816, 2.148078224922682, 1.0353017915593299, 1.2264172605255048, 0.5652247869229128, -2.3323856364971256, 4.6207261459443965, -2.3840010460740397, -3.0283241472749287, 2.293314220581257, -3.2174168779912513]}},
			{"instance": 0, "evals": 2301, "best": {"evals": 1967, "y": 65892098.84415268, "x": [-2.7659980413647287, -0.3396289084402815, 2.036683285386864, -1.0637687841762873, -4.44677493052235, 3.8806804704947826, 0.9629343005824342, -4.459919359106895, -1.6131665672389788, -0.7223236685112449, 0.2711387537066492, 2.2492528704609906, 3.969200597771459, 1.9416531245842608, 1.6426010133975089, 3.8211932473413674, -1.2132997988289151, -1.238714981931414, 2.287683595936967, 0.7359561100893701, -2.368868444821388, 0.20496254172870287, 0.12341991653323969]}},
			{"instance": 0, "evals": 2301, "best": {"evals": 2288, "y": 80391224.96624604, "x": [-0.7623242055451349, 0.24058676832356696, 1.2338258773761566, -4.296926311742762, -2.3005257391191396, 0.13681946537203116, 1.817181075893743, -0.7868513331771887, -0.5360217575516261, 0.477746979942673, 1.180970020218501, 0.13696672676423605, 1.6510392048350253, 1.4539953291675682, 3.0616900711038957, 2.7037263974106045, 0.5707620555846875, -0.46887645646805276, 2.092625610017385, 0.5689445027106077, -1.484942419907152, -0.7933150881981788, -3.6661005918175698]}},
			{"instance": 0, "evals": 2301, "best": {"evals": 1870, "y": 70924458.67344649, "x": [0.8535090670895165, -1.157493893728442, 2.941306730532873, -3.5232852576667124, -4.218904119979433, 1.465814081018372, 4.521099632219183, -2.710097935436858, -3.0505420782761123, -2.5887862408380364, -1.5608501830103294, 3.7691930553888473, 2.7623003284897303, 1.5668170489244782, 1.9241684001077493, 4.058556127092208, -1.6332990776279885, 0.9613048907662534, 0.6335869312803784, 1.1490926244405744, -2.1758324427501887, 1.3805812445054038, -1.74540230737561]}},
			{"instance": 0, "evals": 2301, "best": {"evals": 1798, "y": 59926881.0763367, "x": [-3.530715759397827, 0.1948888877677426, 1.5344069492149064, -2.5305911996961528, -3.1702225982956564, 0.4516347642018439, 3.4143372454076713, -0.09888669754207458, -1.7000205172034957, -1.5708255945310463, 2.9328030431453764, 1.9380373432590587, 1.6197165632282022, 3.542534223703659, 0.9974767007751937, 2.948392550865795, -0.9017162328634858, -2.169557126484943, -1.284893444244017, -0.9114699712848917, -2.5018866323531075, 0.1410845755115897, -0.9438639503843407]}},
			{"instance": 0, "evals": 2301, "best": {"evals": 2167, "y": 65837635.58478733, "x": [-1.4016307528036287, -2.864198200739602, 2.2075224141563705, -1.9393725696388746, -3.7077405348001715, 0.614137358202858, 2.1785728271244174, -2.691014736900949, 0.08572726034166944, -3.762931587215091, 0.05629166487853077, -3.6358929105528457, 3.800876294522611, 2.5069168983757852, -1.755146822970749, 2.8775655337004986, -2.2764045808944102, -1.5612774345784963, 0.30198023841228405, -1.9623751392330504, -2.564539972725055, -0.7371854494430461, -0.3002008783894333]}},
			{"instance": 0, "evals": 2301, "best": {"evals": 1866, "y": 57255332.73240714, "x": [0.09321276176856896, -1.3636262168675635, 2.037127255056106, 0.10981225032313358, -1.3008078945287793, -1.047828249927448, 2.475076062803735, -4.344767814587193, -0.029550082693981405, -4.709478979040634, 0.05739799666080403, 1.1096460664547418, 2.2705829576924947, 0.9529857524644862, 1.7148579928194305, 3.924040760231118, 0.9945705153530806, -2.629897160343612, 3.003395044560058, -2.20065151273441, -2.238184757825862, -0.21018745728019916, -3.296465746568642]}},
			{"instance": 0, "evals": 2301, "best": {"evals": 1892, "y": 52524898.574014, "x": [-0.5414006381271657, -3.9498328042907285, 2.57453962216598, -1.333931751237784, -4.363789192110219, -1.776965515118313, 2.9907113348065177, -1.1731327582516093, -1.6785876484844229, -1.841220212121908, 3.3167966241973543, -0.39003046948254494, 0.31754869336446356, -0.3802696607398399, 1.8659655615111645, 2.93698232902251, 1.6106999244355278, -3.1439433343782914, 3.218984419709042, -3.2455801114247453, -2.900044261781789, 0.7304102984050822, -3.3287698968637938]}},
			{"instance": 0, "evals": 2301, "best": {"evals": 1997, "y": 79377729.57846282, "x": [-3.302660787602511, 0.7885750018944946, 2.22855352622941, -3.718350946820266, -0.20658679334645758, -0.8974828958799144, 3.6839801672928782, -0.9969412190067422, -3.9255773043167705, -0.46658162646726753, 0.0014123397851993902, 1.7914711099379164, 0.8039123506909793, 1.1712733823749548, 2.4992674983586163, 1.004035959210935, 2.3816828560254866, -2.2420754185068974, 1.9093240670714684, -0.9121047694881623, -2.785239013402297, 2.5135139713365247, -1.511951754831244]}},
			{"instance": 0, "evals": 2301, "best": {"evals": 1562, "y": 85992223.39727366,