evaluations raw_y
1 -0.047361562149210876
2 0.025901729310916277
3 -13.123271296947703
4 -899.6097350609316
5 -85.49419950717677
6 -1.1884645852829905
7 -1.4310445980593098
8 -12.882071662233148
9 -1.6184850615322977
10 44.38476393535872
11 -36.255814324214604
12 -2.7278235378074216
13 33.26029754107935
14 280.31985963418924
15 11.422276520286156
16 425.6391667829643
17 -13.331259466902342
18 -11.87261805212584
19 -75.23365526036068
20 629.621627726453
21 1.7898717899081413
22 0.6558844205640106
23 -5.456613318651782
24 -101.68664741106004
25 -1.6395969233001717
26 -64.60768897077847
27 1.7037212656886624
28 -2.4471278626278474
29 -68.71322919597102
30 2032.5985790627924
31 808.0977224198265
32 -125.46657743527486
33 146.35171396078678
34 18.23659888241923
35 130.59709654045596
36 -4.929241386227711
37 259.44651458791316
38 -4.597160515333593
39 -7.54505529304419
40 10.26156113871532
41 -30.999444000722665
42 -23.755751906756483
43 -2.1953988612486306
44 -2.5546015484587614
45 -1.4414880795760825
46 1.3528401051444057
47 -4.0446299031325506
48 0.2367782157116231
49 1.3847866371201545
50 -4.092981983764268
51 -7.00854351948903
52 1.859963859804692
53 -6.155257631938422
54 11.103612030700425
55 -44.26997674155575
56 44.28666275136886
57 -278.37326680625574
58 742.1087584726127
59 1114.769197404265
60 27.56839765538336
61 1597.3072314072742
62 -899.6097350609316
63 -125.46657743527486
64 -85.49419950717677
65 -75.23365526036068
66 -68.71322919597102
67 -64.60768897077847
68 -36.255814324214604
69 -13.331259466902342
70 -13.123271296947703
71 -12.882071662233148
72 -30.999444000722665
73 -23.755751906756483
74 -2.7278235378074216
75 -2.5546015484587614
76 -1.6395969233001717
77 -1.6184850615322977
78 -4.0446299031325506
79 -1.1884645852829905
80 -0.047361562149210876
81 -4.092981983764268
82 -7.00854351948903
83 1.7037212656886624
84 -6.155257631938422
85 11.103612030700425
86 -44.26997674155575
87 44.28666275136886
88 -278.37326680625574
89 1114.769197404265
90 27.56839765538336
91 1597.3072314072742
92 -181.25704260093048
93 4.372103121451662
94 134.50562747729992
95 -113.7648259513603
96 -5.887853326720103
97 14.099139364836837
98 86.62562606904397
99 -44.26997674155575
100 -480.62326041729233
101 -148.8480404932577
102 -18.135169279957417
103 -5.418984237107187
104 67.953134777849
105 5.1116060688720975
106 4.771192462900775
107 37.412932078762545
108 5.288912538836686
109 -3.7517800233287253
110 -2.7813661008904385
111 1.9131891352683765
112 -2.7335757710069104
113 5.121690131835063
114 -0.9299503790919945
115 -0.0067770469757669006
116 -5.051071079330157
117 -70.39489017126014
118 68.28410611715607
119 23.021029537443315
120 225.05273720032585
121 -334.2284824398469
122 -899.6097350609316
123 -278.37326680625574
124 -125.46657743527486
125 -113.7648259513603
126 -75.23365526036068
127 -68.71322919597102
128 -64.60768897077847
129 -44.26997674155575
130 -480.62326041729233
131 -148.8480404932577
132 -23.755751906756483
133 -13.331259466902342
134 -13.123271296947703
135 -12.882071662233148
136 -7.00854351948903
137 -6.155257631938422
138 -4.092981983764268
139 -4.0446299031325506
140 -2.7813661008904385
141 -2.5546015484587614
142 -2.7335757710069104
143 -1.6184850615322977
144 -1.1884645852829905
145 -0.047361562149210876
146 -5.051071079330157
147 -70.39489017126014
148 27.56839765538336
149 23.021029537443315
150 225.05273720032585
151 -334.2284824398469
152 -2606.5428013054066
153 644.587325273046
154 489.16416767633103
155 149.03010117036732
156 -870.8567134331666
157 -110.08112312557171
158 -7.009742433418378
159 5.612632891465835
160 0.7539575998078245
161 -2.260563930778648
162 -25.227864006163948
163 -3.3190596188506127
164 -15.006081545061404
165 -13.331259466902342
166 -61.67625718563956
167 -16.036282933558773
168 12.210433011314363
169 108.46760585192975
170 -5.1294227701430035
171 0.08010553821528532
172 -3.5015705833380415
173 -3.5648448669902257
174 1.8415627787990196
175 -2.9073712759472
176 0.6280737468496943
177 -1.8668019346201552
178 -0.5433713253439729
179 54.62143003273357
180 506.8468617023889
181 -12.088776264616891
182 397.88699200311254
183 -10185.496939368019
184 -2606.5428013054066
185 -480.62326041729233
186 -334.2284824398469
187 -278.37326680625574
188 -870.8567134331666
189 -125.46657743527486
190 -113.7648259513603
191 -75.23365526036068
192 -70.39489017126014
193 -68.71322919597102
194 -64.60768897077847
195 -44.26997674155575
196 -23.755751906756483
197 -13.331259466902342
198 -61.67625718563956
199 -16.036282933558773
200 -7.00854351948903
201 -6.155257631938422
202 -5.1294227701430035
203 -4.092981983764268
204 -4.0446299031325506
205 -3.5648448669902257
206 -2.7335757710069104
207 -2.9073712759472
208 -1.6184850615322977
209 -1.8668019346201552
210 -0.5433713253439729
211 506.8468617023889
212 -12.088776264616891
213 -10185.496939368019
214 2941.0093774607376
215 -2606.5428013054066
216 233.3571390736146
217 -527.7422653251805
218 417.42561982132656
219 -243.36017082716847
220 -168.17010373117907
221 -190.23883083123587
222 32.57806153619462
223 -98.07912844090654
224 147.3920593292504
225 5.115389326667007
226 -82.45520031900924
227 -272.2820086071304
228 -23.755751906756483
229 -17.128397847311117
230 -1.5814017089255252
231 3.0517582670961456
232 -4.6249582153420965
233 -8.84875344700958
234 -4.074132006000848
235 -4.092981983764268
236 -2.587854256663069
237 -2.6606111593411077
238 -1.134320930453929
239 -2.1178383930351705
240 -1.2532511763681928
241 3.474849211132817
242 -399.68387400454407
243 -0.5750076098601679
244 286.2130594521972
245 -10185.496939368019
246 -2606.5428013054066
247 -870.8567134331666
248 -527.7422653251805
249 -334.2284824398469
250 -278.37326680625574
251 -168.17010373117907
252 -190.23883083123587
253 -75.23365526036068
254 -98.07912844090654
255 -68.71322919597102
256 -64.60768897077847
257 -82.45520031900924
258 -272.2820086071304
259 -23.755751906756483
260 -17.128397847311117
261 -13.331259466902342
262 -12.088776264616891
263 -7.00854351948903
264 -8.84875344700958
265 -5.1294227701430035
266 -4.092981983764268
267 -4.0446299031325506
268 -3.5648448669902257
269 -2.9073712759472
270 -2.7335757710069104
271 -1.8668019346201552
272 -399.68387400454407
273 -0.5750076098601679
274 286.2130594521972
275 2537.495452768302
276 -2606.5428013054066
277 966.8854343899635
278 503.699279871136
279 -32.57624856959169
280 111.82421412197709
281 518.3416150438625
282 -246.233415626283
283 -235.22380449817862
284 231.81765215412122
285 -98.07912844090654
286 -53.934806308948616
287 -77.42311801714591
288 -72.7465387061433
289 30.841883543832253
290 -23.755751906756483
291 -17.128397847311117
292 -34.46424320966548
293 -3.8635261583766978
294 -2.7211772659354185
295 -16.527879463630438
296 -4.992596266346641
297 -9.500153353373253
298 -4.014375172167951
299 -3.5648448669902257
300 -3.15455814649337
301 -2.719337563057248
302 -0.47529225759831983
303 22.279022698002787
304 0.3397558743553025
305 -8505.239663950835
306 54.755180930434044
307 -10185.496939368019
308 -2606.5428013054066
309 -870.8567134331666
310 -527.7422653251805
311 -399.68387400454407
312 -334.2284824398469
313 -278.37326680625574
314 -272.2820086071304
315 -235.22380449817862
316 -168.17010373117907
317 -98.07912844090654
318 -82.45520031900924
319 -77.42311801714591
320 -72.7465387061433
321 -64.60768897077847
322 -23.755751906756483
323 -17.128397847311117
324 -34.46424320966548
325 -12.088776264616891
326 -8.84875344700958
327 -16.527879463630438
328 -5.1294227701430035
329 -9.500153353373253
330 -4.0446299031325506
331 -3.5648448669902257
332 -3.15455814649337
333 -2.7335757710069104
334 22.279022698002787
335 -8505.239663950835
336 54.755180930434044
337 -10185.496939368019
338 10570.242513487805
339 -3320.027056136948
340 1076.4879784761592
341 -516.1690908894847
342 -399.68387400454407
343 -154.57922287571284
344 -352.8853913909393
345 -253.88887931526764
346 -191.77242869532623
347 169.92857594932104
348 -605.9991886929308
349 150.19073967953713
350 26.129799504887668
351 14.241749147468463
352 -15.79481037159421
353 -1.7490796743025858
354 13.25817302130271
355 33.25866728688495
356 -2.3093587646227927
357 -3.0929730711448045
358 1.0091473272529417
359 -15.92524495671029
360 -3.4333613485099117
361 -4.0446299031325506
362 -1.24283860991447
363 -2.012829161969315
364 -3.8468434399670532
365 21.094645255106695
366 -259.4320941432893
367 -10185.496939368019
368 -8505.239663950835
369 -3320.027056136948
370 -870.8567134331666
371 -527.7422653251805
372 -399.68387400454407
373 -334.2284824398469
374 -352.8853913909393
375 -272.2820086071304
376 -235.22380449817862
377 -168.17010373117907
378 -605.9991886929308
379 -82.45520031900924
380 -77.42311801714591
381 -72.7465387061433
382 -64.60768897077847
383 -34.46424320966548
384 -23.755751906756483
385 -17.128397847311117
386 -16.527879463630438
387 -12.088776264616891
388 -9.500153353373253
389 -15.92524495671029
390 -5.1294227701430035
391 -4.0446299031325506
392 -3.5648448669902257
393 -3.15455814649337
394 -3.8468434399670532
395 21.094645255106695
396 -259.4320941432893
397 6780.657506093951
398 -7642.686959156917
399 -4328.283016365613
400 -73.65442354919553
401 -121.57152244353838
402 260.9005845384226
403 97.77954431278799
404 -1456.0337342073954
405 -334.2284824398469
406 -14.03017758782565
407 915.7336266400833
408 -54.17185251108494
409 49.888825033571585
410 107.12735689590345
411 -15.65962978007179
412 -117.96239744278937
413 2.2545114269670443
414 20.768423497323386
415 -709.5387784745961
416 -25.847223778290907
417 -40.34818790290715
418 -12.020868887858464
419 -17.516901442823507
420 6.359989907113082
421 -5.153983659904812
422 -3.229168284731941
423 -4.80386748906464
424 -3.1728777359103164
425 -89.54156350439139
426 -2.1732280281382104
427 -689.0247359834459
428 21.094645255106695
429 23730.46874999993
430 -10185.496939368019
431 -8505.239663950835
432 -4328.283016365613
433 -870.8567134331666
434 -605.9991886929308
435 -527.7422653251805
436 -399.68387400454407
437 -1456.0337342073954
438 -334.2284824398469
439 -272.2820086071304
440 -259.4320941432893
441 -235.22380449817862
442 -168.17010373117907
443 -82.45520031900924
444 -77.42311801714591
445 -117.96239744278937
446 -64.60768897077847
447 -34.46424320966548
448 -709.5387784745961
449 -25.847223778290907
450 -40.34818790290715
451 -15.92524495671029
452 -17.516901442823507
453 -9.500153353373253
454 -5.153983659904812
455 -4.0446299031325506
456 -4.80386748906464
457 -89.54156350439139
458 -689.0247359834459
459 23730.46874999993
460 -10185.496939368019
461 23730.46874999993
462 -3456.5109642525235
463 -849.4321798168824
464 449.28165733463754
465 -709.5387784745961
466 -689.0247359834459
467 -64.83324286684127
468 7.765964817383583
469 -399.68387400454407
470 384.3738843003193
471 1035.3834649659352
472 -141.56943840289335
473 -235.22380449817862
474 450.3742542903178
475 116.0717841555415
476 -89.54156350439139
477 10.917974371824311
478 40.85430458675842
479 -3.6050977330704885
480 37.05443666701995
481 6.715976258168604
482 76.81661255319933
483 1.6608209742820443
484 -15.92524495671029
485 2.443657646927318
486 -3.3951060241286464
487 -6.072165898443792
488 -4.723367409093251
489 23730.46874999993
490 23730.46874999993
491 -10185.496939368019
492 -8505.239663950835
493 -4328.283016365613
494 -1456.0337342073954
495 -870.8567134331666
496 -709.5387784745961
497 -689.0247359834459
498 -605.9991886929308
499 -527.7422653251805
500 -399.68387400454407
501 -334.2284824398469
502 -272.2820086071304
503 -259.4320941432893
504 -235.22380449817862
505 -168.17010373117907
506 -117.96239744278937
507 -89.54156350439139
508 -82.45520031900924
509 -77.42311801714591
510 -64.60768897077847
511 -40.34818790290715
512 -34.46424320966548
513 -25.847223778290907
514 -17.516901442823507
515 -15.92524495671029
516 -9.500153353373253
517 -5.153983659904812
518 -6.072165898443792
519 -4.723367409093251
520 23730.46874999993
521 -7247.084230232255
522 -8505.239663950835
523 -7712.708762872658
524 -81.6233667514418
525 128.01404777890278
526 941.1141277292687
527 17.461629773821493
528 45.02513123874566
529 -940.7305519408486
530 -297.71463848628963
531 75.58854001172516
532 -43.9886413346871
533 -1328.9879047903612
534 -126.8184888557678
535 -834.1253837441926
536 226.44915684410802
537 -42.017937402656415
538 56.70529976333758
539 -9.18028609501251
540 1.6564532702036847
541 -9.842214881235362
542 17.441847143283656
543 -26.8171151154416
544 11.246892538617695
545 -15.92524495671029
546 1.3053680589557066
547 -11.022845371835292
548 -5.551273682839337
549 -3.9314585756210065
550 2779.27522528362
551 23730.46874999993
552 15552.496259458905
553 -10185.496939368019
554 -8505.239663950835
555 -7712.708762872658
556 -1456.0337342073954
557 -870.8567134331666
558 -709.5387784745961
559 -689.0247359834459
560 -605.9991886929308
561 -940.7305519408486
562 -399.68387400454407
563 -334.2284824398469
564 -272.2820086071304
565 -1328.9879047903612
566 -235.22380449817862
567 -834.1253837441926
568 -117.96239744278937
569 -89.54156350439139
570 -82.45520031900924
571 -77.42311801714591
572 -64.60768897077847
573 -40.34818790290715
574 -34.46424320966548
575 -26.8171151154416
576 -17.516901442823507
577 -15.92524495671029
578 -9.500153353373253
579 -11.022845371835292
580 -5.551273682839337
581 2779.27522528362
582 15552.496259458905
583 -10185.496939368019
584 -8505.239663950835
585 10159.356784077572
586 -1170.9441713715707
587 -716.8333423350725
588 -384.97882114762615
589 455.15872383001647
590 1043.8512696118653
591 -1243.4465610518337
592 -275.0770005276702
593 2938.884147826679
594 -2981.329573004771
595 489.16416767633103
596 1035.3834649659352
597 177.9080201651922
598 -91.73668999331242
599 -89.54156350439139
600 -127.25536136162346
601 -77.62416175369836
602 -375.793126388384
603 -40.34818790290715
604 35.994124040822705
605 -26.8171151154416
606 171.4853847968846
607 36.57344945510946
608 22.06630080470488
609 -0.20869446957543847
610 -2.0030108707259466
611 -42.911633236738766
612 -10242.630080642793
613 15552.496259458905
614 23730.46874999993
615 -10185.496939368019
616 -8505.239663950835
617 -7712.708762872658
618 -1456.0337342073954
619 -1328.9879047903612
620 -940.7305519408486
621 -870.8567134331666
622 -834.1253837441926
623 -1243.4465610518337
624 -689.0247359834459
625 -605.9991886929308
626 -2981.329573004771
627 -334.2284824398469
628 -272.2820086071304
629 -235.22380449817862
630 -117.96239744278937
631 -89.54156350439139
632 -127.25536136162346
633 -77.62416175369836
634 -375.793126388384
635 -40.34818790290715
636 -34.46424320966548
637 -26.8171151154416
638 -17.516901442823507
639 -15.92524495671029
640 -11.022845371835292
641 -9.500153353373253
642 -42.911633236738766
643 -10242.630080642793
644 23730.46874999993
645 13142.080427764438
646 -8638.469341597724
647 -8557.929843650949
648 -6564.261411536544
649 -3417.8025245321937
650 -9.390095177521882
651 1385.6703068117577
652 -1243.4465610518337
653 -882.7408516240152
654 -1477.8662073047142
655 825.758161068023
656 1.456935345934935
657 -7.320721121206507
658 -141.62394549386255
659 -424.3447417490628
660 -404.2106519004883
661 -294.3422611503136
662 -411.7567666107559
663 144.19744939779156
664 -89.54156350439139
665 50.81613326910905
666 -42.911633236738766
667 0.8725830571837969
668 -73.7046700701518
669 -3.302754254813906
670 -15.696631628877075
671 11.783306830414052
672 0.9362690480587159
673 23730.46874999993
674 13.12879224289193
675 271.90855053931875
676 23730.46874999993
677 1363.154695935488
678 -10242.630080642793
679 -10185.496939368019
680 -8557.929843650949
681 -7712.708762872658
682 -3417.8025245321937
683 -1456.0337342073954
684 -1328.9879047903612
685 -1243.4465610518337
686 -940.7305519408486
687 -1477.8662073047142
688 -834.1253837441926
689 -689.0247359834459
690 -605.9991886929308
691 -375.793126388384
692 -424.3447417490628
693 -404.2106519004883
694 -294.3422611503136
695 -411.7567666107559
696 -117.96239744278937
697 -89.54156350439139
698 -77.62416175369836
699 -42.911633236738766
700 -40.34818790290715
701 -73.7046700701518
702 -26.8171151154416
703 -17.516901442823507
704 -15.92524495671029
705 23730.46874999993
706 271.90855053931875
707 1363.154695935488
708 -10242.630080642793
709 -5122.972353044985
710 -7867.904431068999
711 408.5052766468881
712 -2159.2138127197186
713 -1450.9034061374612
714 -715.044461843547
715 -1392.5968210708636
716 2522.6055873747555
717 -979.5614454380013
718 -924.1412061165136
719 -689.0247359834459
720 2286.06048103574
721 -1071.82068209188
722 -122.75137817033348
723 -391.5956054267491
724 -473.8576522682618
725 -4362.650131742364
726 -117.96239744278937
727 -381.1406688188091
728 -6.242364556596332
729 0.1757044541644186
730 -42.9521066989779
731 -40.34818790290715
732 23.176428396633227
733 22.85411551916735
734 20.305248342394115
735 503.32316109574265
736 218.431878626155
737 5137.389757690238
738 -1394.3369866432945
739 -18768.846439117973
740 -10242.630080642793
741 -10185.496939368019
742 -8557.929843650949
743 -7712.708762872658
744 -3417.8025245321937
745 -1477.8662073047142
746 -1456.0337342073954
747 -1392.5968210708636
748 -1243.4465610518337
749 -979.5614454380013
750 -924.1412061165136
751 -689.0247359834459
752 -605.9991886929308
753 -1071.82068209188
754 -411.7567666107559
755 -404.2106519004883
756 -473.8576522682618
757 -4362.650131742364
758 -117.96239744278937
759 -381.1406688188091
760 -77.62416175369836
761 -73.7046700701518
762 -42.9521066989779
763 -40.34818790290715
764 -26.8171151154416
765 -17.516901442823507
766 -15.92524495671029
767 218.431878626155
768 -1394.3369866432945
769 -18768.846439117973
770 -531.5284722604205
771 6240.722150951084
772 -10185.496939368019
773 282.61886096824094
774 -7840.13041308156
775 -1683.9348789036162
776 -3354.116625470202
777 2016.2646076464152
778 -100.36719088207964
779 -89.19832186813164
780 -2200.190205044713
781 -1246.7583600310468
782 -1447.1322555256388
783 1232.0772298703298
784 25.467519227418144
785 -94.17007159324905
786 363.65557512436953
787 200.49974221905387
788 552.5203145496696
789 1534.502782518135
790 3789.3747250211145
791 144.19744939779156
792 40.97182492700391
793 -114.87441833891266
794 47.86120252077272
795 -40.34818790290715
796 -3.6230344426030254
797 -20.670612125916822
798 13.299202626545078
799 -568.4010503350129
800 7.394833860845242
801 -18768.846439117973
802 -10242.630080642793
803 -10185.496939368019
804 -8557.929843650949
805 -7840.13041308156
806 -4362.650131742364
807 -3417.8025245321937
808 -1477.8662073047142
809 -1456.0337342073954
810 -1394.3369866432945
811 -2200.190205044713
812 -1246.7583600310468
813 -1447.1322555256388
814 -979.5614454380013
815 -924.1412061165136
816 -689.0247359834459
817 -605.9991886929308
818 -473.8576522682618
819 -411.7567666107559
820 -404.2106519004883
821 -381.1406688188091
822 -117.96239744278937
823 -77.62416175369836
824 -114.87441833891266
825 -42.9521066989779
826 -40.34818790290715
827 -26.8171151154416
828 -20.670612125916822
829 -568.4010503350129
830 7.394833860845242
831 12962.2950825953
832 -10242.630080642793
833 -13605.349764986402
834 3461.5453329321
835 -1891.1558932141052
836 -3947.8415865261013
837 -7.329299983887151
838 627.1096819570812
839 2308.751419236731
840 340.69123805758596
841 -765.2228015328055
842 2399.446498085748
843 -863.8811482561
844 308.3934566294071
845 -1.2061035293028632
846 -1610.4904545794311
847 -174.40353012996806
848 854.0462302824834
849 -1283.1293331055292
850 1130.7118313836254
851 -403.7331112361252
852 -1049.443508616749
853 -69.56372330026451
854 211.47787847650858
855 116.09081891473139
856 -31.71447091323429
857 -2.843672468683186
858 -61.03602919402409
859 -0.6545071493807373
860 23730.46874999993
861 5.683284292370737
862 -18768.846439117973
863 -10242.630080642793
864 -13605.349764986402
865 -8557.929843650949
866 -7840.13041308156
867 -4362.650131742364
868 -3417.8025245321937
869 -2200.190205044713
870 -1477.8662073047142
871 -1456.0337342073954
872 -1447.1322555256388
873 -1394.3369866432945
874 -1246.7583600310468
875 -979.5614454380013
876 -924.1412061165136
877 -1610.4904545794311
878 -605.9991886929308
879 -568.4010503350129
880 -1283.1293331055292
881 -411.7567666107559
882 -404.2106519004883
883 -1049.443508616749
884 -117.96239744278937
885 -114.87441833891266
886 -77.62416175369836
887 -42.9521066989779
888 -40.34818790290715
889 -61.03602919402409
890 23730.46874999993
891 5.683284292370737
892 -3407.7144654105728
893 14226.111889377084
894 -10242.630080642793
895 2437.0613592811605
896 8395.302124150003
897 -4362.650131742364
898 2866.7702614561476
899 35.31134134332531
900 -1610.4904545794311
901 -1477.8662073047142
902 -1729.0272553637544
903 3750.6605206555078
904 -867.7617286581752
905 -2191.70721550501
906 3830.621284755819
907 -1049.443508616749
908 6815.00823475257
909 -166.6127861265273
910 467.23728021719165
911 288.50377871954686
912 -411.7567666107559
913 -182.44445807590412
914 85.24689861162311
915 -63.47275773934228
916 -77.62416175369836
917 13.466174961100595
918 -5.672059905512544
919 89.72182207132256
920 31.060325829312795
921 7.094962983014271
922 -43.330972109943076
923 23730.46874999993
924 47.560366646880574
925 -18768.846439117973
926 -13605.349764986402
927 -10242.630080642793
928 -8557.929843650949
929 -7840.13041308156
930 -4362.650131742364
931 -3417.8025245321937
932 -2200.190205044713
933 -1610.4904545794311
934 -1477.8662073047142
935 -1729.0272553637544
936 -1447.1322555256388
937 -1394.3369866432945
938 -2191.70721550501
939 -1246.7583600310468
940 -1049.443508616749
941 -979.5614454380013
942 -924.1412061165136
943 -605.9991886929308
944 -568.4010503350129
945 -411.7567666107559
946 -404.2106519004883
947 -117.96239744278937
948 -114.87441833891266
949 -77.62416175369836
950 -61.03602919402409
951 -42.9521066989779
952 31.060325829312795
953 -43.330972109943076
954 47.560366646880574
955 -504.7982314288469
956 -7624.909616791052
957 -10242.630080642793
958 3139.5052657027054
959 -7840.13041308156
960 -10833.891581131356
961 -3417.8025245321937
962 -4055.6843662185265
963 188.57546017929533
964 -1729.0272553637544
965 6261.4138637149845
966 -474.5423564836632
967 440.4352729934539
968 816.6650355341752
969 -675.562453252867
970 -1049.443508616749
971 -479.80087098779046
972 -1195.4367778329108
973 -605.9991886929308
974 -568.4010503350129
975 -4.201035177584874
976 -810.6133315643503
977 -60.92596207821278
978 190.95864370776988
979 443.50173112354906
980 92.92556244366526
981 151.22689102565542
982 -64.62057836051093
983 2.7194415265978273
984 -24.414776765357555
985 -18768.846439117973
986 -13605.349764986402
987 -10242.630080642793
988 -8557.929843650949
989 -7840.13041308156
990 -10833.891581131356
991 -3417.8025245321937
992 -4055.6843662185265
993 -2191.70721550501
994 -1729.0272553637544
995 -1610.4904545794311
996 -1477.8662073047142
997 -1447.1322555256388
998 -1394.3369866432945
999 -1246.7583600310468
1000 -1049.443508616749
1001 -979.5614454380013
1002 -1195.4367778329108
1003 -605.9991886929308
1004 -568.4010503350129
1005 -411.7567666107559
1006 -810.6133315643503
1007 -117.96239744278937
1008 -114.87441833891266
1009 -77.62416175369836
1010 -61.03602919402409
1011 -43.330972109943076
1012 -64.62057836051093
1013 2.7194415265978273
1014 -24.414776765357555
evaluations raw_y
1 34.15056188806779
2 2.1937508709800646
3 219.77274751624273
4 2.6792332033081285
5 -512.5882870250226
6 -958.7073603458546
7 3.5577236285972718
8 -0.2891696528251051
9 99.71919689474146
10 -12.446030706144938
11 8.03030920477288
12 0.2308452968789214
13 -4.215538558351307
14 -0.26401460580429015
15 -155.01263987311265
16 -0.3082799804483065
17 2.8177469954434113
18 17.56123699063724
19 -2.2237692066289867
20 77.28147076072744
21 -9.274578513243693
22 692.7028421493898
23 209.12808745144952
24 -16.060704298021825
25 96.10495147956908
26 -1.5068987563900815
27 37.935151518901364
28 -8.708982503985638
29 2.297660918423771
30 87.77276597501353
31 1291.5361082216018
32 744.4696105444004
33 -9.367474182275835
34 33.149741639313724
35 -11.604046158701045
36 5.617569866804411
37 -38.440925460982854
38 -4.474308858342304
39 -0.847175427146426
40 2.298984605295426
41 -0.6092853383168477
42 0.8875096403953784
43 -1.5873371933688902
44 -3.2538341224082306
45 -3.463041719950729
46 5.117649871833739
47 2.6792332033081285
48 7.690983893355882
49 -19.868894335606257
50 -85.03375119516788
51 -22.789080184253216
52 -123.40627954864324
53 0.485012402131013
54 4.13467707611823
55 98.33131269792752
56 3.9128394085328857
57 -188.72051507571996
58 212.0947031302128
59 -13816.32651879489
60 57.47860205114577
61 698.2454073536119
62 23730.46874999993
63 -958.7073603458546
64 -512.5882870250226
65 -155.01263987311265
66 -16.060704298021825
67 -12.446030706144938
68 -9.274578513243693
69 -38.440925460982854
70 -4.474308858342304
71 -2.2237692066289867
72 -1.5068987563900815
73 -0.6092853383168477
74 -0.2891696528251051
75 -1.5873371933688902
76 -3.2538341224082306
77 -3.463041719950729
78 2.297660918423771
79 2.6792332033081285
80 2.8177469954434113
81 -19.868894335606257
82 -85.03375119516788
83 -22.789080184253216
84 -123.40627954864324
85 0.485012402131013
86 4.13467707611823
87 87.77276597501353
88 3.9128394085328857
89 -188.72051507571996
90 -13816.32651879489
91 57.47860205114577
92 23730.46874999993
93 -13816.32651879489
94 -256.2105601826814
95 268.04110961859976
96 -175.562428854828
97 -683.4778302209569
98 -29.389985432205755
99 58.999046486810784
100 318.4717064070731
101 -67.70617337605694
102 -19.2104818313699
103 -16.060704298021825
104 -5.773592430083207
105 -0.6735738452614766
106 -4.113766659763983
107 1.4148627643396925
108 -1.3382043135636252
109 -3.320071388700517
110 -2.614778994854176
111 -0.39698124778815647
112 7.827263086204758
113 -0.9186437705870207
114 -0.058083470984647154
115 -2.1571790365803194
116 2.2824341487482536
117 0.9140188195121538
118 2.4372712720391987
119 108.9352739346146
120 91.87414440145596
121 23730.46874999993
122 94.78887995811819
123 -702.7553853143667
124 -18341.047209070766
125 -13816.32651879489
126 -958.7073603458546
127 -512.5882870250226
128 -188.72051507571996
129 -683.4778302209569
130 -123.40627954864324
131 -85.03375119516788
132 -38.440925460982854
133 -67.70617337605694
134 -19.868894335606257
135 -16.060704298021825
136 -12.446030706144938
137 -9.274578513243693
138 -4.474308858342304
139 -3.463041719950729
140 -3.2538341224082306
141 -3.320071388700517
142 -2.614778994854176
143 -1.5068987563900815
144 -0.6092853383168477
145 -0.9186437705870207
146 -0.058083470984647154
147 -2.1571790365803194
148 2.2824341487482536
149 0.9140188195121538
150 2.4372712720391987
151 4.13467707611823
152 23730.46874999993
153 -702.7553853143667
154 -18341.047209070766
155 -18341.047209070766
156 -13816.32651879489
157 -1301.584811694177
158 -702.7553853143667
159 234.48476228360403
160 -361.7222374025743
161 -186.35806803971948
162 180.8004027959073
163 -106.59469503822271
164 -76.27878772825905
165 -113.77839244147576
166 -19.868894335606257
167 63.01406835746988
168 -10.076167618053027
169 41.81204065532645
170 -4.277337538346139
171 -3.596211552062081
172 -4.316892022709683
173 6.512700203545222
174 -4.3064550164630555
175 5.52774172933815
176 -0.252976717680754
177 0.3106674270574141
178 0.6893443043895829
179 0.1296855967002892
180 0.3653213749185672
181 -14.276322942404764
182 131.93112757683232
183 1526.1389766648747
184 -0.82091836166272
185 23730.46874999993
186 23730.46874999993
187 -18341.047209070766
188 -13816.32651879489
189 -1301.584811694177
190 -702.7553853143667
191 -683.4778302209569
192 -512.5882870250226
193 -188.72051507571996
194 -123.40627954864324
195 -106.59469503822271
196 -76.27878772825905
197 -113.77839244147576
198 -19.868894335606257
199 -16.060704298021825
200 -12.446030706144938
201 -9.274578513243693
202 -4.474308858342304
203 -3.596211552062081
204 -4.316892022709683
205 -3.2538341224082306
206 -4.3064550164630555
207 -2.1571790365803194
208 -1.5068987563900815
209 -0.9186437705870207
210 -0.6092853383168477
211 -0.058083470984647154
212 0.3653213749185672
213 -14.276322942404764
214 1526.1389766648747
215 -0.82091836166272
216 23730.46874999993
217 -18341.047209070766
218 -11919.519947709055
219 1633.3761083349489
220 89.41459425595666
221 -681.0346211815823
222 -24.00169026839473
223 -162.67547631920638
224 10.791698930042743
225 1073.2961083875334
226 50.033270971339306
227 187.89410976104526
228 20.374621730834697
229 2.149972612597548
230 28.761701813801068
231 -5.442956291633621
232 0.37407352350190304
233 -4.493291676057441
234 9.8913788251465
235 -1.8046396144348869
236 -2.5678269875413973
237 -3.2236871370244176
238 61.85993846830712
239 -0.252976717680754
240 0.06029293563552751
241 -1.7224619841213757
242 -0.6092853383168477
243 0.1390362618125219
244 1.1194567344415507
245 2192.6239916883496
246 589.8361326152831
247 23730.46874999993
248 23730.46874999993
249 -18341.047209070766
250 -13816.32651879489
251 -1301.584811694177
252 -702.7553853143667
253 -683.4778302209569
254 -512.5882870250226
255 -188.72051507571996
256 -123.40627954864324
257 -113.77839244147576
258 -106.59469503822271
259 -76.27878772825905
260 -19.868894335606257
261 -16.060704298021825
262 -14.276322942404764
263 -12.446030706144938
264 -9.274578513243693
265 -4.493291676057441
266 -4.316892022709683
267 -4.3064550164630555
268 -3.596211552062081
269 -3.2538341224082306
270 -2.1571790365803194
271 -1.5068987563900815
272 -0.9186437705870207
273 -1.7224619841213757
274 -0.6092853383168477
275 -0.058083470984647154
276 2192.6239916883496
277 589.8361326152831
278 23730.46874999993
279 -18341.047209070766
280 -12267.740239367731
281 -875.9980688361128
282 -702.7553853143667
283 -1140.2464931152606
284 848.3685904980435
285 -199.92054280373205
286 454.4034432061304
287 -113.77839244147576
288 372.8881666553571
289 -73.17333993798638
290 0.4374039606462259
291 7.287518577648528
292 11.459966726104854
293 -12.381257699703951
294 -24.61210835000791
295 -2.7866428189393293
296 -2.5499091761762833
297 -4.3064550164630555
298 -1.6754959333996533
299 -0.9272259211830516
300 -23.581539787180574
301 -46.539698091009726
302 -6.144406260151449
303 -0.870571907624669
304 -0.15435532520294537
305 -0.13026296132921558
306 8969.437822025326
307 -757.1358194073812
308 2192.6239916883496
309 23730.46874999993
310 1099.8033144204994
311 -18341.047209070766
312 -13816.32651879489
313 -1301.584811694177
314 -702.7553853143667
315 -1140.2464931152606
316 -512.5882870250226
317 -199.92054280373205
318 -123.40627954864324
319 -113.77839244147576
320 -106.59469503822271
321 -76.27878772825905
322 -19.868894335606257
323 -16.060704298021825
324 -14.276322942404764
325 -12.446030706144938
326 -24.61210835000791
327 -4.493291676057441
328 -4.316892022709683
329 -4.3064550164630555
330 -3.596211552062081
331 -3.2538341224082306
332 -23.581539787180574
333 -46.539698091009726
334 -6.144406260151449
335 -0.9186437705870207
336 -0.6092853383168477
337 -0.13026296132921558
338 -757.1358194073812
339 23730.46874999993
340 1099.8033144204994
341 -18341.047209070766
342 -13816.32651879489
343 -1938.1309170139878
344 553.7966167496144
345 -757.1358194073812
346 231.7398006413254
347 -167.53819430144588
348 -155.86743592930594
349 118.86022700155175
350 -48.00672126332086
351 95.25440033520383
352 -76.27878772825905
353 -8.845117867767161
354 1.541262154329996
355 8.404946126442608
356 -20.074190969915257
357 -0.5120858097525467
358 12.391756093373015
359 7.487567184705947
360 29.490567632988803
361 -2.7048740659481325
362 -4.066866815236515
363 3.4857121851198793
364 -3.4094030657551477
365 29.810797708831394
366 0.7785881038207881
367 -15.130987401969417
368 0.3055177589820087
369 -14.943882302617276
370 1099.8033144204994
371 23730.46874999993
372 -16294.177595533218
373 -18341.047209070766
374 -13816.32651879489
375 -1938.1309170139878
376 -1140.2464931152606
377 -757.1358194073812
378 -702.7553853143667
379 -512.5882870250226
380 -199.92054280373205
381 -123.40627954864324
382 -113.77839244147576
383 -106.59469503822271
384 -76.27878772825905
385 -46.539698091009726
386 -24.61210835000791
387 -23.581539787180574
388 -20.074190969915257
389 -16.060704298021825
390 -14.276322942404764
391 -12.446030706144938
392 -6.144406260151449
393 -4.493291676057441
394 -4.316892022709683
395 -4.3064550164630555
396 -3.596211552062081
397 -3.2538341224082306
398 -0.9186437705870207
399 -15.130987401969417
400 -14.943882302617276
401 23730.46874999993
402 -16294.177595533218
403 -18341.047209070766
404 -7677.366985198434
405 -13816.32651879489
406 -1595.1045379744537
407 -1255.7609174850606
408 -757.1358194073812
409 -34.75276576362786
410 799.1943588081172
411 -199.92054280373205
412 -5.7293322385903735
413 -306.1827760884691
414 -134.70906366297623
415 -74.51901616116251
416 -46.547491035958465
417 88.73808409038644
418 73.19301828329536
419 15.378649182382404
420 7.953449862823706
421 -21.856965610750045
422 -13.089800390572517
423 -12.724740376178714
424 -0.7022893404687562
425 -2.2923229070301216
426 -3.6209736323933175
427 -4.316892022709683
428 3.4857121851198793
429 -4.208275094659385
430 -0.7795648681872406
431 -68.98662339342994
432 -312.1419766261442
433 23730.46874999993
434 23730.46874999993
435 -18341.047209070766
436 -16294.177595533218
437 -13816.32651879489
438 -1938.1309170139878
439 -1255.7609174850606
440 -757.1358194073812
441 -702.7553853143667
442 -512.5882870250226
443 -199.92054280373205
444 -123.40627954864324
445 -306.1827760884691
446 -134.70906366297623
447 -76.27878772825905
448 -46.547491035958465
449 -24.61210835000791
450 -23.581539787180574
451 -20.074190969915257
452 -16.060704298021825
453 -21.856965610750045
454 -14.943882302617276
455 -14.276322942404764
456 -12.446030706144938
457 -6.144406260151449
458 -4.493291676057441
459 -4.316892022709683
460 -4.3064550164630555
461 -4.208275094659385
462 -68.98662339342994
463 -312.1419766261442
464 23730.46874999993
465 -13915.375327596405
466 -10158.391058021529
467 -13816.32651879489
468 2489.239324978305
469 29.245172790726794
470 -183.47177304594015
471 -702.7553853143667
472 45.24887532184717
473 434.4256422757545
474 -183.5264419941967
475 91.26093792349023
476 -51.27403412669913
477 -91.83515865850976
478 7.490801123549479
479 -512.7289210866929
480 -209.37879958185076
481 -370.7375234947739
482 33.934985858921344
483 29.714488583224036
484 61.17469588058363
485 29.265752181333426
486 -10.819154069045453
487 -161.09483102920544
488 -33.821816584219896
489 -6.525075805667044
490 -4.249028200435767
491 10.980551715481507
492 -9.11594777747371
493 -4.213020324509608
494 23730.46874999993
495 8784.858733303514
496 -18341.047209070766
497 -16294.177595533218
498 -13816.32651879489
499 -1938.1309170139878
500 -1255.7609174850606
501 -757.1358194073812
502 -702.7553853143667
503 -512.5882870250226
504 -312.1419766261442
505 -306.1827760884691
506 -199.92054280373205
507 -134.70906366297623
508 -123.40627954864324
509 -76.27878772825905
510 -512.7289210866929
511 -209.37879958185076
512 -370.7375234947739
513 -23.581539787180574
514 -21.856965610750045
515 -20.074190969915257
516 -16.060704298021825
517 -14.943882302617276
518 -161.09483102920544
519 -33.821816584219896
520 -6.525075805667044
521 -4.493291676057441
522 -4.316892022709683
523 -9.11594777747371
524 -4.213020324509608
525 8784.858733303514
526 -18748.91465780656
527 -16294.177595533218
528 23730.46874999993
529 1146.8350583822269
530 1562.4333413268814
531 -298.642486841585
532 -702.7553853143667
533 -205.7000737134499
534 1416.3028284931363
535 715.3781283362853
536 -71.65784602833386
537 -508.54095008210777
538 324.47641230414905
539 -199.92054280373205
540 -65.51726022054275
541 69.9122235166107
542 95.14680558659613
543 -93.72039304019755
544 37.51109548723166
545 -36.67715300435372
546 18.525195615602097
547 -11.628416371496305
548 -16.537280511723182
549 -8.496115023557955
550 -9.11594777747371
551 0.024582052882323513
552 -5.288413894740413
553 -3.7923666031838446
554 -756.2312829294652
555 -4.61995995340692
556 8784.858733303514
557 23730.46874999993
558 -18748.91465780656
559 -16294.177595533218
560 -13816.32651879489
561 -1938.1309170139878
562 -1255.7609174850606
563 -757.1358194073812
564 -702.7553853143667
565 -512.7289210866929
566 -512.5882870250226
567 -370.7375234947739
568 -312.1419766261442
569 -508.54095008210777
570 -209.37879958185076
571 -199.92054280373205
572 -161.09483102920544
573 -134.70906366297623
574 -123.40627954864324
575 -93.72039304019755
576 -33.821816584219896
577 -36.67715300435372
578 -21.856965610750045
579 -20.074190969915257
580 -16.537280511723182
581 -14.943882302617276
582 -9.11594777747371
583 -6.525075805667044
584 -5.288413894740413
585 -756.2312829294652
586 -4.61995995340692
587 23730.46874999993
588 -3902.9024022498384
589 6550.920557761643
590 -7433.399856813715
591 -872.573043407273
592 -44.991692859317766
593 -757.1358194073812
594 -756.2312829294652
595 -107.78442222794725
596 -512.7289210866929
597 -24.157957701406723
598 -508.54095008210777
599 209.20484181520487
600 2027.546423418352
601 81.40038349100615
602 -187.59549040796722
603 314.4398321705267
604 -134.70906366297623
605 -15.75718820096941
606 113.70214172424474
607 -4.898782849808942
608 5.385349658874451
609 11.316700123924418
610 -2.743895780202664
611 35.61596059360404
612 -2.826973018236022
613 50.681337120676986
614 -6.480827129795405
615 -5.9697520392172665
616 -3.592150973250954
617 -0.26291457511802924
618 23730.46874999993
619 23730.46874999993
620 -18748.91465780656
621 -16294.177595533218
622 -13816.32651879489
623 -1938.1309170139878
624 -1255.7609174850606
625 -757.1358194073812
626 -756.2312829294652
627 -702.7553853143667
628 -512.7289210866929
629 -512.5882870250226
630 -508.54095008210777
631 -370.7375234947739
632 -312.1419766261442
633 -209.37879958185076
634 -199.92054280373205
635 -161.09483102920544
636 -134.70906366297623
637 -123.40627954864324
638 -93.72039304019755
639 -36.67715300435372
640 -33.821816584219896
641 -21.856965610750045
642 -20.074190969915257
643 -16.537280511723182
644 -14.943882302617276
645 -9.11594777747371
646 -6.525075805667044
647 -5.9697520392172665
648 -0.26291457511802924
649 23730.46874999993
650 -16602.188992863532
651 -5017.20384447109
652 10296.872524951965
653 2434.5032497686097
654 -1349.6376282559822
655 69.7936305755773
656 1158.7201428752983
657 -702.7553853143667
658 -512.7289210866929
659 -171.1301141192207
660 -256.94999719793816
661 -361.3339757127272
662 -385.4102764081973
663 532.3523031469322
664 -369.05170236131244
665 -283.7943478604427
666 -472.92442389437974
667 -123.29516764745318
668 -72.60350035245654
669 -3.5902406691291686
670 -33.821816584219896
671 3.8961660152275943
672 7.089682402842607
673 18.043171749357306
674 -19.946253230300805
675 1.0175036067604675
676 -65.57787130085015
677 -3.866854942364776
678 428.74256703818645
679 0.401803182145541
680 6.867124108257551
681 23730.46874999993
682 23730.46874999993
683 -18748.91465780656
684 -16294.177595533218
685 -13816.32651879489
686 -1938.1309170139878
687 -1349.6376282559822
688 -757.1358194073812
689 -756.2312829294652
690 -702.7553853143667
691 -512.7289210866929
692 -512.5882870250226
693 -508.54095008210777
694 -370.7375234947739
695 -385.4102764081973
696 -209.37879958185076
697 -369.05170236131244
698 -283.7943478604427
699 -472.92442389437974
700 -123.40627954864324
701 -93.72039304019755
702 -36.67715300435372
703 -33.821816584219896
704 -21.856965610750045
705 -20.074190969915257
706 -16.537280511723182
707 -19.946253230300805
708 -9.11594777747371
709 -65.57787130085015
710 428.74256703818645
711 6.867124108257551
712 23730.46874999993
713 -18748.91465780656
714 -9816.482298505434
715 2899.6612145957542
716 974.117568419934
717 5133.458539286369
718 -757.1358194073812
719 -756.2312829294652
720 -702.7553853143667
721 -806.2950624644295
722 -19.255339819220904
723 -508.54095008210777
724 -876.7296590857447
725 -52.27287922838282
726 465.8445674626958
727 9.086653563396355
728 -302.5581686903863
729 212.2252768874281
730 142.1431008670162
731 203.17542442803253
732 23.327324296019125
733 -178.31942560697982
734 -340.3591125108124
735 6.06809351580278
736 -216.7912575545862
737 -19.946253230300805
738 -2.4965191143457934
739 -19.377518399814583
740 6.183215148832845
741 457.6946738855936
742 -118.84844551114239
743 23730.46874999993
744 2591.59689865335
745 -18748.91465780656
746 -16294.177595533218
747 -13816.32651879489
748 -1938.1309170139878
749 -1349.6376282559822
750 -757.1358194073812
751 -756.2312829294652
752 -702.7553853143667
753 -806.2950624644295
754 -512.5882870250226
755 -508.54095008210777
756 -876.7296590857447
757 -385.4102764081973
758 -370.7375234947739
759 -369.05170236131244
760 -302.5581686903863
761 -209.37879958185076
762 -123.40627954864324
763 -93.72039304019755
764 -65.57787130085015
765 -178.31942560697982
766 -340.3591125108124
767 -21.856965610750045
768 -216.7912575545862
769 -19.946253230300805
770 -16.537280511723182
771 -19.377518399814583
772 6.183215148832845
773 -118.84844551114239
774 2591.59689865335
775 -10045.682221979227
776 -16294.177595533218
777 -15904.592149173322
778 2698.2968373202857
779 3343.9280141802014
780 -876.7296590857447
781 -1167.2959842254322
782 -757.1358194073812
783 -756.2312829294652
784 -327.32596527145165
785 -610.6195259104143
786 -508.54095008210777
787 -1238.6096336261355
788 229.8489524364037
789 522.4644307215204
790 -114.1228756155784
791 -281.5920678005763
792 55.21669539544652
793 789.1162405393728
794 -232.6693546029295
795 -390.4696318830499
796 -22.150894996001433
797 104.79345463641613
798 -19.318741343074166
799 -907.091977229309
800 -19.946253230300805
801 -19.909730827942305
802 14.428040025229434
803 404.23695511425444
804 -43.42875627396785
805 2591.59689865335
806 -1287.411421886114
807 -18748.91465780656
808 -16294.177595533218
809 -15904.592149173322
810 -1938.1309170139878
811 -1349.6376282559822
812 -876.7296590857447
813 -1167.2959842254322
814 -757.1358194073812
815 -756.2312829294652
816 -702.7553853143667
817 -610.6195259104143
818 -508.54095008210777
819 -1238.6096336261355
820 -370.7375234947739
821 -369.05170236131244
822 -340.3591125108124
823 -302.5581686903863
824 -216.7912575545862
825 -209.37879958185076
826 -232.6693546029295
827 -390.4696318830499
828 -118.84844551114239
829 -93.72039304019755
830 -65.57787130085015
831 -907.091977229309
832 -19.946253230300805
833 -19.909730827942305
834 404.23695511425444
835 -43.42875627396785
836 -1287.411421886114
837 -18748.91465780656
838 8640.71295655652
839 -9359.193852825794
840 -196.35089501070215
841 5133.458539286369
842 -956.3958561109032
843 -1473.4209928032394
844 -1167.2959842254322
845 532.6300864690922
846 -876.7296590857447
847 -757.1358194073812
848 -756.2312829294652
849 -702.7553853143667
850 15.07508974073869
851 -49.18450598119471
852 144.08135563932808
853 62.3243482134411
854 -369.05170236131244
855 -505.8614676694001
856 575.0550869068793
857 -652.7713655288355
858 508.4593357426869
859 -153.42373172677
860 769.9109976389342
861 -93.72039304019755
862 159.15331801804862
863 59.66265865976461
864 -71.31197272488505
865 -9.338623352600518
866 -119.1050552489639
867 404.23695511425444
868 1982.3607964233197
869 -18748.91465780656
870 -16294.177595533218
871 -15904.592149173322
872 -1938.1309170139878
873 -1349.6376282559822
874 -1287.411421886114
875 -1473.4209928032394
876 -1167.2959842254322
877 -907.091977229309
878 -876.7296590857447
879 -757.1358194073812
880 -756.2312829294652
881 -702.7553853143667
882 -610.6195259104143
883 -508.54095008210777
884 -390.4696318830499
885 -370.7375234947739
886 -369.05170236131244
887 -505.8614676694001
888 -302.5581686903863
889 -652.7713655288355
890 -216.7912575545862
891 -209.37879958185076
892 -118.84844551114239
893 -93.72039304019755
894 -65.57787130085015
895 -43.42875627396785
896 -71.31197272488505
897 -119.1050552489639
898 1982.3607964233197
899 -18748.91465780656
900 -16294.177595533218
901 -15904.592149173322
902 -3374.9461049924143
903 -563.9540823319965
904 1679.1570862386268
905 -1278.7822734447764
906 229.36683519308485
907 -907.091977229309
908 -967.2100636456847
909 -17496.696793282565
910 8.324882830819252
911 -702.7553853143667
912 52.304363240596196
913 -274.892529554747
914 0.9033472767119566
915 595.0662792694554
916 73.33733377213146
917 176.16718482388092
918 37.08548869334499
919 -264.055069170732
920 24.483063625960398
921 -18.555888862783252
922 668.8397691948882
923 70.66100183591308
924 19.783112972251615
925 -71.31197272488505
926 13.566456017520999
927 -4974.08511582961
928 -10.346883680443248
929 1090.7419667904983
930 1982.3607964233197
931 -78.10424198033625
932 -18748.91465780656
933 -16294.177595533218
934 -15904.592149173322
935 -3374.9461049924143
936 -1473.4209928032394
937 -1349.6376282559822
938 -1287.411421886114
939 -1167.2959842254322
940 -907.091977229309
941 -967.2100636456847
942 -17496.696793282565
943 -756.2312829294652
944 -702.7553853143667
945 -652.7713655288355
946 -610.6195259104143
947 -508.54095008210777
948 -505.8614676694001
949 -390.4696318830499
950 -370.7375234947739
951 -369.05170236131244
952 -302.5581686903863
953 -216.7912575545862
954 -209.37879958185076
955 -119.1050552489639
956 -118.84844551114239
957 -93.72039304019755
958 -71.31197272488505
959 -4974.08511582961
960 1090.7419667904983
961 -78.10424198033625
962 3856.5510399583854
963 -17496.696793282565
964 -16294.177595533218
965 -11044.679158514913
966 -132.24807157344432
967 -3434.457632665256
968 -1473.4209928032394
969 -1098.47041718699
970 -1287.411421886114
971 -906.5229898585413
972 -967.2100636456847
973 68.8228221417483
974 -609.6442208179744
975 -37.65995671802249
976 1038.3047895368627
977 -33.49979624826131
978 -365.1696040671068
979 245.46496266879475
980 32.960258344181085
981 143.81177259114864
982 -369.05170236131244
983 482.68408000692875
984 49.5292553118065
985 -478.4866662299577
986 -119.1050552489639
987 -114.92128040781984
988 -193.42755643996574
989 -78.10424198033625
990 -4689.58596588699
991 -43.30653335926469
992 -1650.7895371326154
993 -531.3547203578752
994 -18748.91465780656
995 -17496.696793282565
996 -16294.177595533218
997 -15904.592149173322
998 -4974.08511582961
999 -3434.457632665256
1000 -1473.4209928032394
1001 -1349.6376282559822
1002 -1287.411421886114
1003 -1167.2959842254322
1004 -967.2100636456847
1005 -907.091977229309
1006 -756.2312829294652
1007 -702.7553853143667
1008 -652.7713655288355
1009 -610.6195259104143
1010 -508.54095008210777
1011 -505.8614676694001
1012 -390.4696318830499
1013 -370.7375234947739
1014 -369.05170236131244
1015 -302.5581686903863
1016 -216.7912575545862
1017 -478.4866662299577
1018 -119.1050552489639
1019 -118.84844551114239
1020 -193.42755643996574
1021 -4689.58596588699
1022 -1650.7895371326154
1023 -531.3547203578752
evaluations raw_y
1 0.49000105309824593
2 49.111853232241245
3 -1.4544560408005411
4 -2.0421152330384835
5 -4.124227002183448
6 1.7680086479630295
7 -2.146854936537677
8 38.11553424325538
9 -4.02082265360556
10 -0.8921344675341155
11 -3.900346399098937
12 -160.28363557900673
13 102.2669570529819
14 -2.544358940452129
15 0.004671994492507103
16 121.53678134403354
17 0.46290530859914686
18 -0.13457510793205496
19 -13.019341411924534
20 -8.227759814703802
21 -15.86159965426527
22 2.1554039703501577
23 1.0574995178790214
24 2.49869840735799
25 -0.5510166329375084
26 -248.34845523466947
27 47.42062477978362
28 0.4602793790775182
29 -8.846785549290011
30 -26.256095298909376
31 473.23448516864346
32 29.09802233686272
33 -225.1257192266485
34 -32.895707734278155
35 -52.513708982037926
36 14.424977771037899
37 -21.226683030978137
38 -4.2174211863370585
39 -27.111582853139662
40 -2.8434604822397116
41 -1.8430535914360304
42 -2.0771820908786354
43 -3.3300053784835604
44 -3.091967529864425
45 -1.552234800567638
46 211.822519265914
47 0.7379658614177824
48 27.34132749428384
49 -0.5093611044024712
50 -1.3098778961236262
51 -0.3086504268410431
52 -1.8684581858653497
53 2.3117483150288747
54 0.49981391730865177
55 -15.835390682305658
56 290.4619008130883
57 -42.515545446030686
58 -25.0098102047659
59 157.0165739175596
60 4317.408159399876
61 -59.01037298122773
62 -248.34845523466947
63 -160.28363557900673
64 -225.1257192266485
65 -32.895707734278155
66 -52.513708982037926
67 -8.846785549290011
68 -21.226683030978137
69 -4.2174211863370585
70 -27.111582853139662
71 -3.900346399098937
72 -2.544358940452129
73 -2.146854936537677
74 -3.3300053784835604
75 -3.091967529864425
76 -1.552234800567638
77 -0.5510166329375084
78 -0.13457510793205496
79 0.004671994492507103
80 -0.5093611044024712
81 -1.3098778961236262
82 -0.3086504268410431
83 -1.8684581858653497
84 1.7680086479630295
85 0.49981391730865177
86 -15.835390682305658
87 38.11553424325538
88 -42.515545446030686
89 -25.0098102047659
90 4317.408159399876
91 -59.01037298122773
92 70.92600732115369
93 233.49443245393294
94 362.4173784481968
95 -298.28396738731055
96 -190.03410410642147
97 -41.66587653686569
98 -696.4759816805871
99 -26.613939579577053
100 62.655549843600745
101 -21.226683030978137
102 -3.9255829364763226
103 -8.474288894252975
104 -8.520465664481108
105 -4.014725657062092
106 -2.830175515323517
107 -4.745277354182621
108 -1.813900497640266
109 -2.9396113983689114
110 -2.1342118809973387
111 -0.9398817289716808
112 -1.6481428377996392
113 -1.7458177169120601
114 0.36547150598439193
115 0.29012524554156444
116 1.4977657538849036
117 0.4832967368611807
118 -0.7790348041934827
119 1.952234494490782
120 -8666.07790734775
121 166.70255849065134
122 -14.398348935052844
123 -310.3691470559156
124 -248.34845523466947
125 -225.1257192266485
126 -160.28363557900673
127 -298.28396738731055
128 -190.03410410642147
129 -42.515545446030686
130 -696.4759816805871
131 -27.111582853139662
132 -25.0098102047659
133 -21.226683030978137
134 -15.835390682305658
135 -8.846785549290011
136 -8.520465664481108
137 -4.014725657062092
138 -3.3300053784835604
139 -4.745277354182621
140 -2.544358940452129
141 -2.9396113983689114
142 -2.1342118809973387
143 -1.552234800567638
144 -1.6481428377996392
145 -1.7458177169120601
146 -0.5093611044024712
147 -0.3086504268410431
148 -0.13457510793205496
149 0.004671994492507103
150 -0.7790348041934827
151 -8666.07790734775
152 -14.398348935052844
153 -310.3691470559156
154 23730.46874999993
155 561.4252002638914
156 85.90098633380613
157 200.15550801781308
158 -1594.6224264206412
159 77.66983314996297
160 -27.124658204025607
161 -259.5335752615503
162 -40.95430618049786
163 37.744676092523854
164 -8.528073178816175
165 7.317699707733011
166 -0.1175542487330885
167 -8.093124157073445
168 11.446780376361765
169 13.405334058785181
170 -3.8245830721822407
171 -3.2839562659865353
172 -8.77551622448352
173 -2.6849229183382413
174 -1.3896545539348204
175 -6.2092565874823045
176 -0.9188229944920621
177 -2.864988083827448
178 -1.6294831380638792
179 0.7753932735729877
180 -0.5063230701454918
181 4.400860259458007
182 -18863.526733788654
183 0.06133590878226612
184 -205.12247328920122
185 -11.009510339855566
186 -8666.07790734775
187 -696.4759816805871
188 -310.3691470559156
189 -298.28396738731055
190 -1594.6224264206412
191 -225.1257192266485
192 -190.03410410642147
193 -259.5335752615503
194 -42.515545446030686
195 -27.111582853139662
196 -25.0098102047659
197 -21.226683030978137
198 -15.835390682305658
199 -14.398348935052844
200 -8.846785549290011
201 -8.520465664481108
202 -4.745277354182621
203 -4.014725657062092
204 -8.77551622448352
205 -2.9396113983689114
206 -2.544358940452129
207 -6.2092565874823045
208 -1.7458177169120601
209 -2.864988083827448
210 -1.6294831380638792
211 -0.7790348041934827
212 -0.5093611044024712
213 -18863.526733788654
214 -205.12247328920122
215 -11.009510339855566
216 23730.46874999993
217 -9068.33004134575
218 -1715.2112378574968
219 903.6212432799424
220 -310.3691470559156
221 -832.3732052765956
222 -259.5335752615503
223 37.183279492139796
224 -205.12247328920122
225 -186.94522548255676
226 -120.09595069328324
227 -6.371034169364368
228 2.391881617369503
229 -3.936117546723695
230 -37.42184553398697
231 5.9751920633678886
232 41.82579261198042
233 111.83128004547888
234 19.115765313946373
235 24.265159058500814
236 -2.1762113074229155
237 -4.079277932118469
238 -5.722715315829236
239 -2.8692724741597164
240 -2.7073862855578286
241 -2.3216231734542925
242 -3.6811374539275334
243 -0.24868231709807304
244 1029.9855368560204
245 -7.680036539839374
246 -0.27367813705619193
247 -18613.9168730601
248 -18863.526733788654
249 -9068.33004134575
250 -1715.2112378574968
251 -696.4759816805871
252 -310.3691470559156
253 -832.3732052765956
254 -259.5335752615503
255 -225.1257192266485
256 -205.12247328920122
257 -190.03410410642147
258 -120.09595069328324
259 -27.111582853139662
260 -25.0098102047659
261 -21.226683030978137
262 -37.42184553398697
263 -14.398348935052844
264 -11.009510339855566
265 -8.846785549290011
266 -8.77551622448352
267 -8.520465664481108
268 -6.2092565874823045
269 -4.745277354182621
270 -5.722715315829236
271 -2.9396113983689114
272 -2.864988083827448
273 -2.544358940452129
274 -3.6811374539275334
275 1029.9855368560204
276 -7.680036539839374
277 -18613.9168730601
278 -18863.526733788654
279 -18613.9168730601
280 5214.320191891169
281 1205.4784769739163
282 -832.3732052765956
283 -83.24181960360845
284 -310.3691470559156
285 108.69836451576757
286 -5.182882527706729
287 -205.12247328920122
288 -166.37023460290607
289 147.68709739283273
290 -30.99941681629566
291 31.098169122999696
292 108.15624630629425
293 -21.226683030978137
294 5.5212146232556565
295 -50.8245119213503
296 19.264345365733732
297 -2.160678486754972
298 -3.804966032955438
299 -7.680036539839374
300 -6.548481250855444
301 -5.086038106284004
302 -2.884603513800084
303 0.49686280319548937
304 -3.6368021612773953
305 -1.7294921431002968
306 -240.71529596141195
307 -0.2209300493954749
308 -46.682931445129284
309 1029.9855368560204
310 23730.46874999993
311 -18863.526733788654
312 -18613.9168730601
313 -9068.33004134575
314 -1715.2112378574968
315 -832.3732052765956
316 -696.4759816805871
317 -310.3691470559156
318 -259.5335752615503
319 -225.1257192266485
320 -205.12247328920122
321 -190.03410410642147
322 -120.09595069328324
323 -37.42184553398697
324 -27.111582853139662
325 -25.0098102047659
326 -21.226683030978137
327 -14.398348935052844
328 -50.8245119213503
329 -8.846785549290011
330 -8.77551622448352
331 -8.520465664481108
332 -7.680036539839374
333 -6.548481250855444
334 -5.722715315829236
335 -4.745277354182621
336 -3.6811374539275334
337 -3.6368021612773953
338 -240.71529596141195
339 -46.682931445129284
340 23730.46874999993
341 -3661.306326949623
342 23730.46874999993
343 -9068.33004134575
344 253.9363643386104
345 -33.55758464808964
346 -1624.7594977880317
347 2.36097429909858
348 -268.5599327782136
349 -157.55685972153444
350 9.469377094198174
351 -205.12247328920122
352 31.401035022013318
353 -108.28343901299115
354 111.57834121608205
355 -9.517301754913682
356 13.015081501001339
357 21.06802712269557
358 -14.78216039626406
359 6.417243414861713
360 6.190261125601226
361 -2.908409693276743
362 -10.82953670228096
363 -6.504010417520815
364 35.393810364223825
365 5.195578304095344
366 -5.722715315829236
367 -3.4738936873406967
368 2.7137186976284466
369 -5960.536658594644
370 -0.7486802528114349
371 -2692.066638965658
372 23730.46874999993
373 23730.46874999993
374 -18863.526733788654
375 -18613.9168730601
376 -9068.33004134575
377 -1715.2112378574968
378 -832.3732052765956
379 -1624.7594977880317
380 -310.3691470559156
381 -268.5599327782136
382 -240.71529596141195
383 -225.1257192266485
384 -205.12247328920122
385 -190.03410410642147
386 -120.09595069328324
387 -50.8245119213503
388 -46.682931445129284
389 -37.42184553398697
390 -27.111582853139662
391 -25.0098102047659
392 -21.226683030978137
393 -14.398348935052844
394 -8.846785549290011
395 -10.82953670228096
396 -8.520465664481108
397 -7.680036539839374
398 -6.548481250855444
399 -5.722715315829236
400 -4.745277354182621
401 -5960.536658594644
402 -2692.066638965658
403 23730.46874999993
404 -18863.526733788654
405 -11803.374908810174
406 -9068.33004134575
407 -5960.536658594644
408 6898.685784511015
409 -73.81364770629416
410 2266.1979513163715
411 -832.3732052765956
412 -310.3691470559156
413 -226.00989118795079
414 -76.69998550096558
415 -60.222464133314425
416 73.79077556929386
417 -190.03410410642147
418 38.54262976121775
419 15.592046817311498
420 -46.682931445129284
421 -30.614357197017185
422 31.098169122999696
423 -21.961831440398687
424 8.760361061736168
425 19.429854392160436
426 -0.9667003544520952
427 -0.4935157035161535
428 -6.538291046953772
429 0.5736400028010353
430 -8.117607570814068
431 54.77457285100633
432 -18042.998095150127
433 -3.239698595836834
434 23730.46874999993
435 23730.46874999993
436 23730.46874999993
437 -18863.526733788654
438 -18613.9168730601
439 -9068.33004134575
440 -5960.536658594644
441 -2692.066638965658
442 -1715.2112378574968
443 -1624.7594977880317
444 -832.3732052765956
445 -310.3691470559156
446 -268.5599327782136
447 -240.71529596141195
448 -225.1257192266485
449 -205.12247328920122
450 -190.03410410642147
451 -120.09595069328324
452 -50.8245119213503
453 -46.682931445129284
454 -37.42184553398697
455 -27.111582853139662
456 -25.0098102047659
457 -21.226683030978137
458 -14.398348935052844
459 -10.82953670228096
460 -8.846785549290011
461 -8.520465664481108
462 -7.680036539839374
463 -8.117607570814068
464 -18042.998095150127
465 23730.46874999993
466 23730.46874999993
467 -18863.526733788654
468 -18613.9168730601
469 -18042.998095150127
470 7917.035438307524
471 -148.94700985312235
472 -2692.066638965658
473 -1620.428121066324
474 -805.1003367702391
475 -918.8594282284392
476 -310.3691470559156
477 1377.4859753755804
478 -1528.9008450376714
479 -318.7249682667364
480 120.4109801542331
481 -60.683988188361596
482 270.99447739679016
483 -107.13840310734778
484 -6176.04502167517
485 14.662051252627716
486 37.744676092523854
487 28.31694036832865
488 -6.321613053417888
489 -14.398348935052844
490 9.644613934198391
491 44.85825957168755
492 -1.9181178675379948
493 -23.978717745332688
494 23.59434113847958
495 -1.7719328602316655
496 23730.46874999993
497 23730.46874999993
498 23730.46874999993
499 14504.820843374082
500 -18863.526733788654
501 -18613.9168730601
502 -18042.998095150127
503 -9068.33004134575
504 -5960.536658594644
505 -2692.066638965658
506 -1715.2112378574968
507 -1624.7594977880317
508 -918.8594282284392
509 -310.3691470559156
510 -268.5599327782136
511 -1528.9008450376714
512 -318.7249682667364
513 -205.12247328920122
514 -190.03410410642147
515 -120.09595069328324
516 -107.13840310734778
517 -6176.04502167517
518 -37.42184553398697
519 -27.111582853139662
520 -25.0098102047659
521 -21.226683030978137
522 -14.398348935052844
523 -10.82953670228096
524 -8.846785549290011
525 -8.520465664481108
526 -23.978717745332688
527 -1.7719328602316655
528 23730.46874999993
529 14504.820843374082
530 -18863.526733788654
531 -18613.9168730601
532 -5124.641093724585
533 -9068.33004134575
534 -6176.04502167517
535 800.73146876535
536 -5005.602229567817
537 -1715.2112378574968
538 -351.08294067506586
539 1049.3495668894002
540 -1543.5196255319895
541 -519.3699150238923
542 -918.7806546773147
543 -268.5599327782136
544 249.77402514510925
545 324.0572788017774
546 -119.10059642799067
547 65.49767976712401
548 -84.15203690153145
549 6.541537964239071
550 -29.385199468373752
551 -23.978717745332688
552 23.269390353900317
553 21.854055231381828
554 -3.4235340110883676
555 19.264345365733732
556 13.405334058785181
557 -3.092424469751409
558 6167.547595062472
559 18414.5637819784
560 -18863.526733788654
561 -18613.9168730601
562 -18042.998095150127
563 -9068.33004134575
564 -6176.04502167517
565 -5960.536658594644
566 -5005.602229567817
567 -1715.2112378574968
568 -1624.7594977880317
569 -1528.9008450376714
570 -1543.5196255319895
571 -519.3699150238923
572 -918.7806546773147
573 -268.5599327782136
574 -205.12247328920122
575 -190.03410410642147
576 -120.09595069328324
577 -107.13840310734778
578 -84.15203690153145
579 -27.111582853139662
580 -29.385199468373752
581 -23.978717745332688
582 -21.226683030978137
583 -14.398348935052844
584 -10.82953670228096
585 -8.846785549290011
586 -8.520465664481108
587 -3.092424469751409
588 6167.547595062472
589 18414.5637819784
590 -18863.526733788654
591 -18613.9168730601
592 -18042.998095150127
593 -9068.33004134575
594 -2445.3894637041076
595 2539.6647387926255
596 3896.5587942768257
597 1358.197023520467
598 138.2289228431755
599 -1563.3933511660737
600 -1528.9008450376714
601 -918.7806546773147
602 153.13158182359163
603 -81.40040149907756
604 -205.12247328920122
605 -3.2875067853530746
606 160.2077392769804
607 -17.84516021078484
608 37.401849726591884
609 119.02270081735756
610 21.426469478095594
611 15.593130809208482
612 -6.034970427160311
613 -14.398348935052844
614 2.0597864291241725
615 1.9229966566371925
616 9.689289858163004
617 -4.771572111877391
618 6167.547595062472
619 23730.46874999993
620 15212.42697352716
621 -18863.526733788654
622 -18613.9168730601
623 -18042.998095150127
624 -9068.33004134575
625 -6176.04502167517
626 -5960.536658594644
627 -5005.602229567817
628 -1715.2112378574968
629 -1624.7594977880317
630 -1563.3933511660737
631 -1528.9008450376714
632 -918.7806546773147
633 -519.3699150238923
634 -268.5599327782136
635 -205.12247328920122
636 -190.03410410642147
637 -120.09595069328324
638 -107.13840310734778
639 -84.15203690153145
640 -29.385199468373752
641 -27.111582853139662
642 -23.978717745332688
643 -21.226683030978137
644 -14.398348935052844
645 -10.82953670228096
646 -8.846785549290011
647 -8.520465664481108
648 -4.771572111877391
649 23730.46874999993
650 15212.42697352716
651 -606.960983745543
652 13943.588397899961
653 350.3309820447679
654 -9068.33004134575
655 -98.93539839190643
656 -5960.536658594644
657 9788.903848952554
658 -1715.2112378574968
659 3932.211048695294
660 25.882510850658882
661 -1525.8217730918318
662 -918.7806546773147
663 1328.4260978512764
664 -226.9283754528373
665 -205.12247328920122
666 -42.46623592872279
667 614.7286688689669
668 242.20400016233182
669 -84.15203690153145
670 1.9903527836982962
671 19.81575391930032
672 -23.978717745332688
673 -2.754768857992552
674 -2.22771740840482
675 -10.82953670228096
676 -86.89930651655101
677 -248.07025562593938
678 -4.4489682579312655
679 9090.786414676513
680 15212.42697352716
681 242.5138630347869
682 23730.46874999993
683 21849.885462481954
684 -18863.526733788654
685 -18613.9168730601
686 -18042.998095150127
687 -9068.33004134575
688 -6176.04502167517
689 -5960.536658594644
690 -5005.602229567817
691 -1715.2112378574968
692 -1624.7594977880317
693 -1563.3933511660737
694 -1528.9008450376714
695 -918.7806546773147
696 -519.3699150238923
697 -268.5599327782136
698 -205.12247328920122
699 -190.03410410642147
700 -120.09595069328324
701 -107.13840310734778
702 -84.15203690153145
703 -29.385199468373752
704 -27.111582853139662
705 -23.978717745332688
706 -21.226683030978137
707 -14.398348935052844
708 -10.82953670228096
709 -86.89930651655101
710 -248.07025562593938
711 9090.786414676513
712 242.5138630347869
713 21849.885462481954
714 -18863.526733788654
715 -18613.9168730601
716 -18042.998095150127
717 6425.493329087894
718 -6176.04502167517
719 -5103.684017933229
720 -5005.602229567817
721 -1715.2112378574968
722 484.9203427093255
723 1531.839584673048
724 -2047.0437300464005
725 752.6262421167874
726 -522.4178231638779
727 -4113.582272356627
728 -87.33811184503581
729 248.57200898334054
730 -190.03410410642147
731 211.5045324860406
732 -52.6880262798099
733 226.9290193968221
734 115.85833225714944
735 65.10127881271752
736 -4.197244767827829
737 -130.19484175117367
738 3.3050951123845205
739 -14.398348935052844
740 -5.248860532103597
741 19.657146236105557
742 9090.786414676513
743 -75.59848394640963
744 21851.212903063104
745 -1206.43053302983
746 -18863.526733788654
747 -18613.9168730601
748 -18042.998095150127
749 -9068.33004134575
750 -6176.04502167517
751 -5960.536658594644
752 -5005.602229567817
753 -1715.2112378574968
754 -1624.7594977880317
755 -1563.3933511660737
756 -2047.0437300464005
757 -918.7806546773147
758 -522.4178231638779
759 -4113.582272356627
760 -248.07025562593938
761 -205.12247328920122
762 -190.03410410642147
763 -120.09595069328324
764 -107.13840310734778
765 -86.89930651655101
766 -84.15203690153145
767 -29.385199468373752
768 -27.111582853139662
769 -130.19484175117367
770 -21.226683030978137
771 -14.398348935052844
772 -10.82953670228096
773 19.657146236105557
774 -75.59848394640963
775 -1206.43053302983
776 -18856.02263902478
777 -11055.797016126575
778 -18042.998095150127
779 -3268.911638787135
780 -6176.04502167517
781 1617.7372565815347
782 -2717.608278710432
783 -5005.06425319332
784 -18485.608936309363
785 1135.3230802704138
786 818.005305746314
787 -2638.5033748393753
788 195.49310419705674
789 -918.7806546773147
790 -869.8336678114412
791 -78.97198200441684
792 124.50694326510256
793 295.33970878432126
794 -117.74071977852381
795 -114.59494193543651
796 -330.4432099793193
797 -83.21367034823838
798 109.22011643137057
799 48.030095370871926
800 -7.2339165859753045
801 -74.07987134849759
802 -21.226683030978137
803 -311.3257921163186
804 -1.3168678619459402
805 -5.584526901608027
806 304.57072737495656
807 -17430.542090430983
808 -18863.526733788654
809 -18613.9168730601
810 -18042.998095150127
811 -9068.33004134575
812 -6176.04502167517
813 -5960.536658594644
814 -5005.602229567817
815 -5005.06425319332
816 -18485.608936309363
817 -1715.2112378574968
818 -1624.7594977880317
819 -2638.5033748393753
820 -1206.43053302983
821 -918.7806546773147
822 -869.8336678114412
823 -248.07025562593938
824 -205.12247328920122
825 -190.03410410642147
826 -130.19484175117367
827 -120.09595069328324
828 -330.4432099793193
829 -86.89930651655101
830 -84.15203690153145
831 -75.59848394640963
832 -29.385199468373752
833 -74.07987134849759
834 -21.226683030978137
835 -311.3257921163186
836 -5.584526901608027
837 -17430.542090430983
838 -18863.526733788654
839 -17642.694479654914
840 -13199.689915630017
841 -2883.016721225574
842 -17430.542090430983
843 -9068.33004134575
844 1465.8078499547346
845 -1891.6324442193043
846 -5005.602229567817
847 422.26342077052016
848 -2638.5033748393753
849 -1715.2112378574968
850 60.53272786712213
851 1479.8352643889657
852 -918.7806546773147
853 -869.8336678114412
854 106.21735636268825
855 275.6970068259058
856 608.9748575776108
857 -205.12247328920122
858 132.16754470080903
859 -130.19484175117367
860 82.49738793626861
861 130.12243967711655
862 -172.5172432381339
863 -2.7678806019771796
864 -88.48907490155587
865 76.8134668027114
866 866.9999017390248
867 -38.05876766353705
868 -5.64834907066645
869 -18863.526733788654
870 -18613.9168730601
871 -18485.608936309363
872 -18042.998095150127
873 -17430.542090430983
874 -9068.33004134575
875 -6176.04502167517
876 -5960.536658594644
877 -5005.602229567817
878 -5005.06425319332
879 -2638.5033748393753
880 -1715.2112378574968
881 -1624.7594977880317
882 -1206.43053302983
883 -918.7806546773147
884 -869.8336678114412
885 -330.4432099793193
886 -311.3257921163186
887 -248.07025562593938
888 -205.12247328920122
889 -190.03410410642147
890 -130.19484175117367
891 -120.09595069328324
892 -86.89930651655101
893 -172.5172432381339
894 -75.59848394640963
895 -88.48907490155587
896 866.9999017390248
897 -38.05876766353705
898 -5.64834907066645
899 15061.637976147274
900 -18613.9168730601
901 -18485.608936309363
902 -18042.998095150127
903 -17430.542090430983
904 -9068.33004134575
905 -6176.04502167517
906 -4033.280223660782
907 1031.5549095514227
908 2022.8246243797068
909 4934.283463569575
910 5537.339523493845
911 3932.211048695294
912 1455.280544768653
913 -260.4234086441798
914 -1671.0428644630947
915 -358.9057260317346
916 -311.3257921163186
917 -30.559504823510466
918 -205.12247328920122
919 115.31312375863824
920 -172.5172432381339
921 132.20489971486617
922 54.68439321101884
923 42.637161891975616
924 -35.47337763298975
925 -187.4526271979664
926 -621.5400183952434
927 -4.6414590700015665
928 -773.8301042130955
929 4610.7552528966135
930 23730.46874999993
931 -18863.526733788654
932 -18613.9168730601
933 -18485.608936309363
934 -18042.998095150127
935 -17430.542090430983
936 -9068.33004134575
937 -6176.04502167517
938 -5960.536658594644
939 -5005.602229567817
940 -5005.06425319332
941 -2638.5033748393753
942 -1715.2112378574968
943 -1624.7594977880317
944 -1206.43053302983
945 -918.7806546773147
946 -1671.0428644630947
947 -358.9057260317346
948 -311.3257921163186
949 -248.07025562593938
950 -205.12247328920122
951 -190.03410410642147
952 -172.5172432381339
953 -130.19484175117367
954 -120.09595069328324
955 -88.48907490155587
956 -86.89930651655101
957 -187.4526271979664
958 -621.5400183952434
959 -773.8301042130955
960 23730.46874999993
961 -18863.526733788654
962 -15757.401841925695
963 -18485.608936309363
964 -18042.998095150127
965 402.6561803320785
966 -9068.33004134575
967 -2839.795927305712
968 23730.46874999993
969 5336.1251633018865
970 -5005.06425319332
971 -9755.536575217411
972 -246.38699105539908
973 -1671.0428644630947
974 -2386.849650323223
975 -1206.43053302983
976 -2232.820561228853
977 -12777.666515731578
978 515.5504488578015
979 518.5209895950054
980 2983.546756399607
981 -101.34610064022424
982 -205.12247328920122
983 -1746.634528371153
984 -39.95250020312351
985 -172.5172432381339
986 1431.903422124993
987 -7.49701876664475
988 116.13839256644316
989 791.5351894231361
990 -108.13929011246405
991 23730.46874999993
992 -528.3392796160575
993 -18863.526733788654
994 -18613.9168730601
995 -18485.608936309363
996 -18042.998095150127
997 -17430.542090430983
998 -9068.33004134575
999 -6176.04502167517
1000 -5960.536658594644
1001 -5005.602229567817
1002 -5005.06425319332
1003 -9755.536575217411
1004 -1715.2112378574968
1005 -1671.0428644630947
1006 -2386.849650323223
1007 -1206.43053302983
1008 -2232.820561228853
1009 -12777.666515731578
1010 -621.5400183952434
1011 -358.9057260317346
1012 -311.3257921163186
1013 -248.07025562593938
1014 -205.12247328920122
1015 -1746.634528371153
1016 -187.4526271979664
1017 -172.5172432381339
1018 -130.19484175117367
1019 -120.09595069328324
1020 791.5351894231361
1021 -108.13929011246405
1022 -528.3392796160575
evaluations raw_y
1 -0.5768227052154107
2 3.6834226341285534
3 -0.8423268834002562
4 -2.6269912042531764
5 -2.1526989359155655
6 134.36194046506378
7 50.36943043746944
8 -1.2918046732810295
9 -2.047585111914935
10 0.12450795514373914
11 0.975235295100402
12 5.773148800215886
13 -4.274879756628061
14 1.0286646489674949
15 -2.733802210142974
16 -110.8594696741772
17 -0.5028767775024103
18 5.653020052202585
19 -1.1934466381685644
20 2.9068637591265274
21 27.965714129684056
22 -5.24033264572378
23 -4.3294000617362
24 -1.9691354629935542
25 -2.7642545502083427
26 -0.4382521091201943
27 -12.746227021269744
28 -38.51897982590972
29 -26.751048360886053
30 5.1987625983103705
31 145.21738543295345
32 -12.202475715651055
33 67.81946552122686
34 10.285506644749827
35 -5.527766629869625
36 -7.315772338290506
37 -1.7003745121451725
38 -4.295185718030568
39 -1.249615212912655
40 -13.97038697876002
41 -0.1354269068854803
42 1.2066444103470957
43 33.57570895376528
44 5.18183387803418
45 -0.748983890041891
46 -0.8648368943083278
47 -0.1330935577750945
48 0.08958971386523992
49 0.12099386275574653
50 -0.6407785440591036
51 -0.6690887848172671
52 -58.98730380428857
53 3.319591381172416
54 2.836029237889207
55 0.13884630737811132
56 -29.551297822299517
57 7.317244363255156
58 -22.408755576340486
59 49.65046579411118
60 -365.6905376520127
61 -110.8594696741772
62 -38.51897982590972
63 -26.751048360886053
64 -12.746227021269744
65 -5.527766629869625
66 -7.315772338290506
67 -4.274879756628061
68 -4.295185718030568
69 -2.733802210142974
70 -13.97038697876002
71 -2.1526989359155655
72 -2.047585111914935
73 -1.9691354629935542
74 -1.2918046732810295
75 -1.1934466381685644
76 -0.8648368943083278
77 -0.5768227052154107
78 -0.5028767775024103
79 -0.4382521091201943
80 -0.6407785440591036
81 -0.6690887848172671
82 -58.98730380428857
83 2.9068637591265274
84 2.836029237889207
85 0.13884630737811132
86 -29.551297822299517
87 5.773148800215886
88 -22.408755576340486
89 49.65046579411118
90 -365.6905376520127
91 -1397.859673547063
92 -277.432735215075
93 -195.47568153581096
94 -36.1209898418161
95 43.11443392030521
96 -25.87654756698749
97 -3.724680080051706
98 7.340085779093296
99 -14.118882640648689
100 -103.25190733486149
101 -5.427470275510494
102 -3.1394868930967914
103 -6.149539496363477
104 -2.060506598013237
105 -0.6631485299430491
106 -3.629870503099278
107 -1.7130006016649157
108 -4.182114333737281
109 -1.3199826205981944
110 2.8828816072227803
111 -1.1643500441109453
112 -0.372709474450978
113 -0.576574659265937
114 2.1403958712652726
115 -3.4886888314143296
116 0.025188889194447034
117 -19.534362538012985
118 1.7272511361335487
119 22.51263229076097
120 -1888.5586389425703
121 -229.6098479798498
122 -1397.859673547063
123 -277.432735215075
124 -195.47568153581096
125 -38.51897982590972
126 -29.551297822299517
127 -26.751048360886053
128 -22.408755576340486
129 -13.97038697876002
130 -14.118882640648689
131 -103.25190733486149
132 -5.527766629869625
133 -4.295185718030568
134 -6.149539496363477
135 -2.733802210142974
136 -2.1526989359155655
137 -3.629870503099278
138 -1.9691354629935542
139 -4.182114333737281
140 -1.3199826205981944
141 -0.8648368943083278
142 -1.1643500441109453
143 -0.6407785440591036
144 -0.5768227052154107
145 -0.5028767775024103
146 -3.4886888314143296
147 0.025188889194447034
148 -19.534362538012985
149 1.7272511361335487
150 -1888.5586389425703
151 -229.6098479798498
152 -1888.5586389425703
153 -1397.859673547063
154 -175.61847981814714
155 244.26777239149092
156 -46.11132824062964
157 13.184486551114855
158 -166.50823234216318
159 -45.135000875278735
160 -9.32627286884323
161 21.72304224573064
162 -16.1032649737455
163 -11.104539505502721
164 -0.5124659570743586
165 -2.109838583154974
166 -4.466010278154059
167 -4.93614382852366
168 5.723993955529905
169 -2.1663501703544767
170 -1.8216413409625856
171 -2.63072381303317
172 -1.9696149250202788
173 -9.783367042568887
174 -7.075346569859489
175 -2.5156026366360873
176 8.833536771845349
177 -19.680537535923783
178 -2.1054430959619723
179 2.1913395026549254
180 -257.7162537681561
181 0.4140610743463815
182 23730.46874999993
183 1.749633725040399
184 -9025.986040633785
185 -1888.5586389425703
186 -1397.859673547063
187 -277.432735215075
188 -229.6098479798498
189 -195.47568153581096
190 -103.25190733486149
191 -166.50823234216318
192 -45.135000875278735
193 -26.751048360886053
194 -22.408755576340486
195 -19.534362538012985
196 -14.118882640648689
197 -13.97038697876002
198 -6.149539496363477
199 -5.527766629869625
200 -4.93614382852366
201 -4.182114333737281
202 -3.629870503099278
203 -3.4886888314143296
204 -2.733802210142974
205 -2.1526989359155655
206 -9.783367042568887
207 -7.075346569859489
208 -2.5156026366360873
209 -0.8648368943083278
210 -19.680537535923783
211 -2.1054430959619723
212 -257.7162537681561
213 23730.46874999993
214 -9025.986040633785
215 -9025.986040633785
216 681.254193759508
217 -1062.848995621278
218 -230.46013031797463
219 -1807.7834055737053
220 247.81577414825165
221 -137.6738952282721
222 -179.3114215334571
223 -254.83049503382372
224 -15.039754289745575
225 -26.64945734303667
226 -141.0060150391448
227 -23.56913477765541
228 -19.61928274469411
229 -49.3110901508488
230 -17.216796843157496
231 -0.599730987283905
232 -7.075346569859489
233 -4.411298887731606
234 -3.3519355244658118
235 -3.5306630224673956
236 6.289607528444867
237 -4.961606663017225
238 -1.4587397939404954
239 -2.231676262926778
240 -2.1264616416609283
241 -2.5987859484785125
242 -0.40535913358054954
243 23730.46874999993
244 -0.11803645925689099
245 5198.017419994763
246 23730.46874999993
247 23730.46874999993
248 -9025.986040633785
249 -1888.5586389425703
250 -1397.859673547063
251 -277.432735215075
252 -1807.7834055737053
253 -229.6098479798498
254 -195.47568153581096
255 -179.3114215334571
256 -254.83049503382372
257 -45.135000875278735
258 -26.751048360886053
259 -141.0060150391448
260 -23.56913477765541
261 -19.61928274469411
262 -49.3110901508488
263 -17.216796843157496
264 -9.783367042568887
265 -7.075346569859489
266 -6.149539496363477
267 -5.527766629869625
268 -4.93614382852366
269 -4.182114333737281
270 -4.961606663017225
271 -3.4886888314143296
272 -2.733802210142974
273 -2.5156026366360873
274 -2.5987859484785125
275 23730.46874999993
276 5198.017419994763
277 23730.46874999993
278 -2773.1086402961987
279 -1888.5586389425703
280 2637.6892174168484
281 -1397.859673547063
282 2168.5281620349815
283 -111.44774548585198
284 -238.05470700640666
285 -128.6414535346098
286 255.11931922196428
287 -134.83318573638272
288 -161.99215101866218
289 79.75817585588885
290 -23.031889670294728
291 33.515806751410146
292 16.245436165312878
293 29.51531634666803
294 -18.79364213277201
295 -14.488879205463041
296 -1.1057810169160103
297 -0.5360265788376717
298 -3.576276808424723
299 -4.832276162255239
300 3.753450045315203
301 -6.173030443808514
302 -1.9470417258603834
303 -8.026770999142848
304 -2.4809695463531862
305 3804.5077838414936
306 23730.46874999993
307 23730.46874999993
308 23730.46874999993
309 20318.94086119055
310 -9025.986040633785
311 -1888.5586389425703
312 -1807.7834055737053
313 -1397.859673547063
314 -277.432735215075
315 -254.83049503382372
316 -238.05470700640666
317 -195.47568153581096
318 -179.3114215334571
319 -141.0060150391448
320 -161.99215101866218
321 -45.135000875278735
322 -26.751048360886053
323 -23.56913477765541
324 -19.61928274469411
325 -17.216796843157496
326 -18.79364213277201
327 -14.488879205463041
328 -6.149539496363477
329 -5.527766629869625
330 -4.961606663017225
331 -4.93614382852366
332 -4.182114333737281
333 -6.173030443808514
334 -2.733802210142974
335 -8.026770999142848
336 -2.5156026366360873
337 3804.5077838414936
338 23730.46874999993
339 20318.94086119055
340 -9025.986040633785
341 -1619.605780457236
342 -1807.7834055737053
343 -77.27255489218923
344 -140.34394034588848
345 -301.10600461872224
346 -120.09505309763037
347 -210.17178773723262
348 -15.430306984368329
349 -161.99215101866218
350 21.059335455326757
351 -74.54535698519139
352 11.530859965085046
353 -7.728698348795826
354 11.39621620122987
355 -474.2393947330445
356 -40.24565917554721
357 -3.188697689851483
358 -8.98564957357776
359 -79.28687075253852
360 -6.149539496363477
361 -3.5055446653662052
362 3.721576290048072
363 -3.9906340885921936
364 2.820087107371261
365 -2.733802210142974
366 -3.933475115461675
367 -1191.2983294180272
368 20318.94086119055
369 23730.46874999993
370 23730.46874999993
371 18680.75827315834
372 -9025.986040633785
373 -1888.5586389425703
374 -1807.7834055737053
375 -1397.859673547063
376 -277.432735215075
377 -301.10600461872224
378 -238.05470700640666
379 -210.17178773723262
380 -179.3114215334571
381 -161.99215101866218
382 -141.0060150391448
383 -74.54535698519139
384 -26.751048360886053
385 -23.56913477765541
386 -19.61928274469411
387 -474.2393947330445
388 -40.24565917554721
389 -14.488879205463041
390 -8.98564957357776
391 -79.28687075253852
392 -6.149539496363477
393 -5.527766629869625
394 -4.961606663017225
395 -4.93614382852366
396 -4.182114333737281
397 -2.733802210142974
398 -3.933475115461675
399 -1191.2983294180272
400 23730.46874999993
401 18680.75827315834
402 -9025.986040633785
403 -225.51277034644244
404 -1807.7834055737053
405 -58.366126982042665
406 -1191.2983294180272
407 -410.0158511652309
408 438.0162707332453
409 -277.432735215075
410 -238.05470700640666
411 -198.19422693907543
412 -1.2044021983076818
413 -178.70301436099135
414 -170.4073337860018
415 -4.771547166158829
416 6.4207776302093515
417 -2.5705865284635343
418 1.3995648660398392
419 8.657706534957047
420 16.245436165312878
421 -60.94233238550561
422 2.9896831065126235
423 -8.509525683327691
424 -33.00596510397313
425 2.3047731231844404
426 -4.177786276260653
427 -2.5698613664343966
428 2.729867277259219
429 -1.7047282980849199
430 106.71801531742749
431 18680.75827315834
432 23730.46874999993
433 23730.46874999993
434 1080.9060311950984
435 -9025.986040633785
436 -1888.5586389425703
437 -1807.7834055737053
438 -1397.859673547063
439 -1191.2983294180272
440 -474.2393947330445
441 -301.10600461872224
442 -277.432735215075
443 -238.05470700640666
444 -210.17178773723262
445 -179.3114215334571
446 -178.70301436099135
447 -170.4073337860018
448 -79.28687075253852
449 -74.54535698519139
450 -40.24565917554721
451 -26.751048360886053
452 -23.56913477765541
453 -19.61928274469411
454 -60.94233238550561
455 -8.98564957357776
456 -8.509525683327691
457 -33.00596510397313
458 -4.961606663017225
459 -4.93614382852366
460 -4.182114333737281
461 -3.933475115461675
462 106.71801531742749
463 23730.46874999993
464 1080.9060311950984
465 -9025.986040633785
466 23730.46874999993
467 1714.2304205999683
468 261.20290592290405
469 -1191.2983294180272
470 -726.0412793995314
471 -309.6898775574336
472 -162.83937983400628
473 176.80970778615148
474 -247.1060694643374
475 -170.36601939164876
476 -1092.6167974424982
477 -408.3274621602995
478 35.30368725727775
479 127.90120134190643
480 -124.52627931970709
481 52.881098359086025
482 34.304116167015756
483 -64.92136322354122
484 3.8442898111864445
485 -30.425813502662436
486 -3.294619384029903
487 11.880445875309993
488 -1.8774824955897462
489 -5.2043310864241885
490 8.647103209246938
491 2.529094040273109
492 106.71801531742749
493 433.5377193402629
494 1080.9060311950984
495 23730.46874999993
496 23730.46874999993
497 23730.46874999993
498 -9025.986040633785
499 -1888.5586389425703
500 -1807.7834055737053
501 -1397.859673547063
502 -1191.2983294180272
503 -726.0412793995314
504 -309.6898775574336
505 -277.432735215075
506 -238.05470700640666
507 -247.1060694643374
508 -179.3114215334571
509 -1092.6167974424982
510 -408.3274621602995
511 -79.28687075253852
512 -74.54535698519139
513 -124.52627931970709
514 -40.24565917554721
515 -33.00596510397313
516 -64.92136322354122
517 -23.56913477765541
518 -30.425813502662436
519 -8.98564957357776
520 -8.509525683327691
521 -4.961606663017225
522 -5.2043310864241885
523 -4.182114333737281
524 -3.933475115461675
525 433.5377193402629
526 23730.46874999993
527 23730.46874999993
528 2450.5758680975655
529 -1056.0047482906004
530 -1807.7834055737053
531 -3061.1277563227914
532 -1191.2358060806757
533 -56.03337014093132
534 954.375444421179
535 982.6652216986689
536 450.21185366162445
537 -396.5951601085242
538 -111.89634942247712
539 -238.45022820461438
540 -181.59028627044938
541 -124.52627931970709
542 -52.925340485094274
543 16.248740247115382
544 -369.48658158755836
545 3.058066469405427
546 -11.956985983937448
547 -28.918966226376593
548 68.63419454092691
549 2.000056892419585
550 -20.08602570739657
551 -5.2043310864241885
552 -8.893053316043728
553 -5.171887199158515
554 -2.300419088471182
555 2207.1142267049486
556 23730.46874999993
557 23730.46874999993
558 23730.46874999993
559 23730.46874999993
560 -5027.61464104579
561 -9025.986040633785
562 -1888.5586389425703
563 -1807.7834055737053
564 -3061.1277563227914
565 -1191.2983294180272
566 -1092.6167974424982
567 -726.0412793995314
568 -408.3274621602995
569 -309.6898775574336
570 -396.5951601085242
571 -247.1060694643374
572 -238.45022820461438
573 -181.59028627044938
574 -124.52627931970709
575 -79.28687075253852
576 -74.54535698519139
577 -369.48658158755836
578 -40.24565917554721
579 -33.00596510397313
580 -30.425813502662436
581 -23.56913477765541
582 -8.98564957357776
583 -20.08602570739657
584 -5.2043310864241885
585 -8.893053316043728
586 -5.171887199158515
587 -3.933475115461675
588 23730.46874999993
589 23730.46874999993
590 -5027.61464104579
591 -4529.084389477982
592 -5027.61464104579
593 1710.5841691178227
594 -1438.021282506318
595 124.70232788456667
596 -1191.2983294180272
597 -1158.4711403913766
598 542.9785914695133
599 982.6652216986689
600 -396.5951601085242
601 278.312660403442
602 234.2778291003227
603 134.8146332338096
604 -238.45022820461438
605 -126.62158124898984
606 340.6261711452564
607 -79.28687075253852
608 127.90120134190643
609 44.77913354544213
610 -4.168194779515101
611 -329.5039287967762
612 -20.984555678777124
613 -13.349367982883713
614 -5.45002020916077
615 0.9985224225083882
616 -3.1085757266526697
617 -3.514029384135381
618 -5.428656488934585
619 23730.46874999993
620 4694.633098085803
621 12443.113688931266
622 -9025.986040633785
623 -5027.61464104579
624 -3061.1277563227914
625 -1888.5586389425703
626 -1807.7834055737053
627 -1191.2983294180272
628 -1158.4711403913766
629 -726.0412793995314
630 -408.3274621602995
631 -396.5951601085242
632 -369.48658158755836
633 -309.6898775574336
634 -247.1060694643374
635 -238.45022820461438
636 -181.59028627044938
637 -124.52627931970709
638 -79.28687075253852
639 -74.54535698519139
640 -40.24565917554721
641 -33.00596510397313
642 -329.5039287967762
643 -23.56913477765541
644 -20.08602570739657
645 -8.98564957357776
646 -8.893053316043728
647 -5.2043310864241885
648 -5.171887199158515
649 -5.428656488934585
650 4694.633098085803
651 12443.113688931266
652 -9025.986040633785
653 -5027.61464104579
654 -3061.1277563227914
655 -1888.5586389425703
656 3298.582469118519
657 -1608.3453930687913
658 -1693.1484146744165
659 -1548.7443402492158
660 2689.1817317357704
661 -173.23710721401332
662 68.14053731216563
663 -329.5039287967762
664 336.53209150875557
665 -122.5613181791952
666 -46.38458925571285
667 -1.2058988338764842
668 -124.52627931970709
669 41.26479271505365
670 225.83925271180533
671 -57.58098620517493
672 -575.9982623962342
673 13.160244293205132
674 -1.7379695336043306
675 -4.783421099980347
676 -8.214729372789687
677 -25.166292980466668
678 41.57385716194521
679 -2.129664476803604
680 -5008.166141557233
681 4694.633098085803
682 2.8367550596624977
683 12443.113688931266
684 -12639.47647785063
685 -9025.986040633785
686 -5027.61464104579
687 -3061.1277563227914
688 -1888.5586389425703
689 -1807.7834055737053
690 -1608.3453930687913
691 -1693.1484146744165
692 -1548.7443402492158
693 -408.3274621602995
694 -396.5951601085242
695 -369.48658158755836
696 -329.5039287967762
697 -309.6898775574336
698 -247.1060694643374
699 -238.45022820461438
700 -181.59028627044938
701 -124.52627931970709
702 -79.28687075253852
703 -74.54535698519139
704 -57.58098620517493
705 -575.9982623962342
706 -23.56913477765541
707 -20.08602570739657
708 -8.98564957357776
709 -8.893053316043728
710 -25.166292980466668
711 -5.2043310864241885
712 -5008.166141557233
713 2.8367550596624977
714 -12639.47647785063
715 23730.46874999993
716 3508.72896343957
717 23730.46874999993
718 -5008.166141557233
719 1457.2410176036428
720 -1888.5586389425703
721 -1807.7834055737053
722 -2184.6792057276757
723 1234.0450887028655
724 -646.7881236263681
725 651.7219092222805
726 -97.27009497212957
727 -452.59127874911434
728 292.4194700496869
729 -329.5039287967762
730 -309.6898775574336
731 608.6987703379169
732 -238.45022820461438
733 228.26583380340466
734 193.32001760687973
735 -79.28687075253852
736 30.66884652161757
737 -57.58098620517493
738 -20.17385099446182
739 134.0220669110507
740 37.28725457087407
741 4.890737829963955
742 -2.666453022306204
743 -10.959801432797416
744 -3.143984418042491
745 5.068112561290726
746 13.885595106343194
747 -3.4424693099865005
748 -12639.47647785063
749 -9025.986040633785
750 -5027.61464104579
751 -5008.166141557233
752 -3061.1277563227914
753 -1888.5586389425703
754 -1807.7834055737053
755 -2184.6792057276757
756 -1608.3453930687913
757 -1548.7443402492158
758 -575.9982623962342
759 -408.3274621602995
760 -452.59127874911434
761 -369.48658158755836
762 -329.5039287967762
763 -309.6898775574336
764 -247.1060694643374
765 -238.45022820461438
766 -181.59028627044938
767 -124.52627931970709
768 -79.28687075253852
769 -74.54535698519139
770 -57.58098620517493
771 -25.166292980466668
772 -23.56913477765541
773 -20.08602570739657
774 -8.98564957357776
775 -10.959801432797416
776 5.068112561290726
777 -3.4424693099865005
778 -12639.47647785063
779 -1218.0890289454167
780 -5027.61464104579
781 -5008.166141557233
782 8066.800775353916
783 4336.598417573892
784 -58.51692927133873
785 -1807.7834055737053
786 223.25129195459346
787 -1022.8152649063111
788 758.795815012551
789 164.6375023892525
790 126.47890162583536
791 20.670056400029985
792 -329.5039287967762
793 -24.87543336521966
794 18.856933019108926
795 163.86233919499054
796 -346.12822701471305
797 340.6261711452564
798 -54.09493748085754
799 -70.97165683276998
800 33.67702247993881
801 6.765246552415081
802 -1.9528268266997804
803 -102.35299306443919
804 2.429811740741245
805 -2.31029570872333
806 97.27835899975031
807 -3.02877737609875
808 3784.3398132802504
809 0.5911890913702134
810 -12639.47647785063
811 -9025.986040633785
812 -5027.61464104579
813 -5008.166141557233
814 -3061.1277563227914
815 -2184.6792057276757
816 -1888.5586389425703
817 -1807.7834055737053
818 -1608.3453930687913
819 -1548.7443402492158
820 -575.9982623962342
821 -452.59127874911434
822 -408.3274621602995
823 -369.48658158755836
824 -329.5039287967762
825 -309.6898775574336
826 -247.1060694643374
827 -238.45022820461438
828 -346.12822701471305
829 -124.52627931970709
830 -79.28687075253852
831 -74.54535698519139
832 -57.58098620517493
833 -25.166292980466668
834 -23.56913477765541
835 -102.35299306443919
836 -10.959801432797416
837 97.27835899975031
838 3784.3398132802504
839 0.5911890913702134
840 -12639.47647785063
841 -4681.923953451895
842 14005.42257599802
843 -5008.166141557233
844 -3061.1277563227914
845 -2184.6792057276757
846 -304.5359931877004
847 -1807.7834055737053
848 -1605.6660914438592
849 64.17694569475358
850 -1189.8892759787377
851 -45.61809673227777
852 2689.1817317357704
853 -5.894164127981719
854 248.89468881485072
855 -449.03395260589895
856 211.34637868874228
857 592.7884500367968
858 -44.1322635131052
859 -7.057296100244384
860 -102.35299306443919
861 -79.28687075253852
862 -79.31245237346229
863 -276.40254972427226
864 -25.063788529188262
865 -18.432794393930106
866 16.134023928540614
867 0.8145439611401506
868 -6809.659701646436
869 -244.32106651200283
870 2353.4816396689653
871 -12639.47647785063
872 -9025.986040633785
873 -5027.61464104579
874 -5008.166141557233
875 -3061.1277563227914
876 -2184.6792057276757
877 -1888.5586389425703
878 -1807.7834055737053
879 -1608.3453930687913
880 -1548.7443402492158
881 -1189.8892759787377
882 -452.59127874911434
883 -408.3274621602995
884 -369.48658158755836
885 -346.12822701471305
886 -449.03395260589895
887 -309.6898775574336
888 -247.1060694643374
889 -238.45022820461438
890 -124.52627931970709
891 -102.35299306443919
892 -79.28687075253852
893 -79.31245237346229
894 -276.40254972427226
895 -25.166292980466668
896 -23.56913477765541
897 -10.959801432797416
898 -6809.659701646436
899 -244.32106651200283
900 2353.4816396689653
901 -12639.47647785063
902 -788.2596119621529
903 -6809.659701646436
904 -5027.61464104579
905 976.8306757484265
906 8066.800775353916
907 205.9248637752583
908 -13181.01234895657
909 -1807.7834055737053
910 -96.7235157924124
911 1694.5119003580455
912 -269.1426484609284
913 -298.94887990727597
914 -211.585357711488
915 2689.1817317357704
916 -369.48658158755836
917 -178.46843272619992
918 -143.58762583139853
919 -276.40254972427226
920 789.9504504741909
921 -228.11888080132948
922 -1615.9482680801384
923 -72.11444525500697
924 140.41668074363193
925 -76.46855670224697
926 58.59017102902535
927 511.21321351644747
928 -16.201217738187115
929 23730.46874999993
930 -139.70337436486872
931 2353.4816396689653
932 206.0134517475888
933 -12639.47647785063
934 -9025.986040633785
935 -6809.659701646436
936 -5027.61464104579
937 -5008.166141557233
938 -3061.1277563227914
939 -2184.6792057276757
940 -13181.01234895657
941 -1807.7834055737053
942 -1608.3453930687913
943 -1548.7443402492158
944 -1189.8892759787377
945 -452.59127874911434
946 -449.03395260589895
947 -408.3274621602995
948 -369.48658158755836
949 -346.12822701471305
950 -309.6898775574336
951 -276.40254972427226
952 -247.1060694643374
953 -244.32106651200283
954 -1615.9482680801384
955 -124.52627931970709
956 -102.35299306443919
957 -79.31245237346229
958 -79.28687075253852
959 -25.166292980466668
960 23730.46874999993
961 -139.70337436486872
962 206.0134517475888
963 -2641.2406251980397
964 23730.46874999993
965 4889.441698033789
966 -6809.659701646436
967 -5027.61464104579
968 -4954.662365857578
969 175.9526257040126
970 -2184.6792057276757
971 2514.6267839030875
972 23.851867387052053
973 -1129.3915212609434
974 -1960.7279947721759
975 549.5751122023281
976 286.347356310162
977 -4538.282212828578
978 2689.1817317357704
979 487.1528572139254
980 -346.12822701471305
981 193.49476850432904
982 -276.40254972427226
983 71.11597945166744
984 910.9737651691225
985 -277.3743998696978
986 193.35857895364697
987 -7.309741764541731
988 131.40586394932112
989 278.2533447044384
990 -365.63467777325627
991 253.21270459880543
992 -4.39047054990597
993 23730.46874999993
994 -2.086926534702382
995 -13181.01234895657
996 -12639.47647785063
997 -9025.986040633785
998 -6809.659701646436
999 -5027.61464104579
1000 -5008.166141557233
1001 -3061.1277563227914
1002 -2184.6792057276757
1003 -1807.7834055737053
1004 -1615.9482680801384
1005 -1608.3453930687913
1006 -1960.7279947721759
1007 -1189.8892759787377
1008 -452.59127874911434
1009 -4538.282212828578
1010 -408.3274621602995
1011 -369.48658158755836
1012 -346.12822701471305
1013 -309.6898775574336
1014 -276.40254972427226
1015 -247.1060694643374
1016 -244.32106651200283
1017 -277.3743998696978
1018 -124.52627931970709
1019 -102.35299306443919
1020 -79.31245237346229
1021 -79.28687075253852
1022 -365.63467777325627
1023 -4.39047054990597
1024 -2.086926534702382
evaluations raw_y
1 7.327746033130535
2 19.38019180105501
3 436.97736648044804
4 27.830525103523264
5 -1.309046073676508
6 38.944938393230544
7 -3.484162215170808
8 -3.166768572700997
9 20.824615911781482
10 -1.8715340272463066
11 -0.826622492981268
12 -35.766529606753814
13 -9.888695896114882
14 -12.40473421592298
15 7.545380547598115
16 -6.231918710950506
17 -1.8386161415742959
18 -4.808068256794427
19 2.656597600163801
20 2.0151317211804
21 49.415285747678624
22 -92.49358582103727
23 -3.573564280504491
24 -38.22988505548463
25 -3.978619309492455
26 2.8221679349249493
27 0.18162174552498073
28 -301.5383978219172
29 -17.04862942112065
30 -3.1874450966404257
31 3.3816056384680135
32 31.446945141591435
33 -84.75913409983849
34 11.86291799439341
35 -21.59392602618228
36 -7.456416361432339
37 -6.176675986902705
38 -17.848081742575506
39 -3.7426453862759406
40 62.135347386302364
41 1.2473520895809829
42 0.013795529612594226
43 128.72153324642076
44 -3.7214542234833816
45 -0.4810858919330197
46 -3.2044392588520925
47 -4.772476504946305
48 -1.4265775803344276
49 0.48773748899944647
50 0.2955281575687796
51 1.3797026465823814
52 -34.18743513035109
53 5.8678526027015465
54 3.0376854654138334
55 -26.955401699693617
56 -44.61987592382834
57 138.6723157761485
58 -73.56486198677554
59 36.42285075394324
60 -195.87236826238566
61 -301.5383978219172
62 -92.49358582103727
63 -84.75913409983849
64 -35.766529606753814
65 -21.59392602618228
66 -12.40473421592298
67 -9.888695896114882
68 -17.848081742575506
69 -4.808068256794427
70 -3.978619309492455
71 -3.573564280504491
72 -3.484162215170808
73 -3.1874450966404257
74 -3.7214542234833816
75 -1.8715340272463066
76 -3.2044392588520925
77 -4.772476504946305
78 -1.4265775803344276
79 0.18162174552498073
80 0.2955281575687796
81 1.3797026465823814
82 -34.18743513035109
83 5.8678526027015465
84 3.0376854654138334
85 -26.955401699693617
86 -44.61987592382834
87 27.830525103523264
88 -73.56486198677554
89 36.42285075394324
90 -195.87236826238566
91 -306.21235929546293
92 -264.8707633170044
93 128.74141598031454
94 32.00514029142988
95 -73.56486198677554
96 64.52145065896758
97 21.189911654658573
98 -2.3724785572120854
99 7.267931649954408
100 -7.389135812432132
101 -8.203118213684682
102 -157.46454034899526
103 -1.2945894742469417
104 -2.6289646590127003
105 1.3249443627148871
106 4.418845008283252
107 -3.437315482170199
108 -5.427903345430154
109 9.306779927210146
110 -8.064853272359084
111 -4.345817276546368
112 -2.176251931978243
113 -2.881260281494195
114 1.2677654951625397
115 0.4729443568335723
116 2.1375206429337177
117 -2.3914449559352704
118 -3.4339102151592407
119 148.46465013880035
120 -1047.0361553978337
121 6.659806145651524
122 -306.21235929546293
123 -264.8707633170044
124 -92.49358582103727
125 -84.75913409983849
126 -73.56486198677554
127 -44.61987592382834
128 -35.766529606753814
129 -34.18743513035109
130 -26.955401699693617
131 -21.59392602618228
132 -17.848081742575506
133 -157.46454034899526
134 -9.888695896114882
135 -4.808068256794427
136 -4.772476504946305
137 -3.978619309492455
138 -3.7214542234833816
139 -5.427903345430154
140 -3.484162215170808
141 -8.064853272359084
142 -4.345817276546368
143 -2.176251931978243
144 -2.881260281494195
145 0.18162174552498073
146 0.2955281575687796
147 1.3797026465823814
148 -2.3914449559352704
149 -3.4339102151592407
150 -1047.0361553978337
151 6.659806145651524
152 -4287.3125487502075
153 9.576936477196282
154 -241.1417614788153
155 28.58109242923485
156 -244.46907544776298
157 -84.75913409983849
158 22.11085573988848
159 106.95890829847247
160 -98.2551035544909
161 -61.1909122201704
162 294.97065539519434
163 -14.157225825290766
164 19.531678167432187
165 -2.400540437399202
166 -8.064853272359084
167 1.97372904947786
168 -4.784645259106648
169 58.79637784689802
170 -4.345817276546368
171 -17.22867028602933
172 -4.4997434058256065
173 -3.2394552426675105
174 12.200111844077776
175 2.312863083021898
176 0.9623771121043153
177 -2.176251931978243
178 0.016422240813776093
179 0.8358094961179228
180 -796.0404476101572
181 -3.461815660546051
182 4.209825742333232
183 -4287.3125487502075
184 -306.21235929546293
185 -264.8707633170044
186 -157.46454034899526
187 -244.46907544776298
188 -84.75913409983849
189 -73.56486198677554
190 -44.61987592382834
191 -98.2551035544909
192 -61.1909122201704
193 -26.955401699693617
194 -21.59392602618228
195 -17.848081742575506
196 -9.888695896114882
197 -8.064853272359084
198 -5.427903345430154
199 -4.808068256794427
200 -4.772476504946305
201 -4.345817276546368
202 -17.22867028602933
203 -4.4997434058256065
204 -3.484162215170808
205 -3.4339102151592407
206 -2.881260281494195
207 -2.3914449559352704
208 -2.176251931978243
209 0.016422240813776093
210 -796.0404476101572
211 -3.461815660546051
212 4.209825742333232
213 5847.316443135704
214 -479.89313523150827
215 378.16554662998493
216 -316.4231730028445
217 390.3425736504041
218 327.52496327383875
219 -54.06359192756771
220 -18.48986371046708
221 9.148189416298013
222 59.729666157137004
223 116.07026094067149
224 -83.91673541653662
225 33.415269946151085
226 -17.848081742575506
227 -17.22867028602933
228 21.988448988155923
229 3.3642041878617683
230 -8.48857933230778
231 -3.2492399852041247
232 27.61250037179204
233 -4.463323727650213
234 -4.345817276546368
235 -3.484162215170808
236 -11.076021172199974
237 3.4243554104163807
238 -1.6311806648712723
239 0.2210347664953084
240 -0.354613588396261
241 4782.9551060556505
242 2.1339751242041896
243 10769.036253965349
244 -13.526649121729532
245 -4287.3125487502075
246 -796.0404476101572
247 -306.21235929546293
248 -316.4231730028445
249 -244.46907544776298
250 -157.46454034899526
251 -98.2551035544909
252 -84.75913409983849
253 -73.56486198677554
254 -61.1909122201704
255 -44.61987592382834
256 -83.91673541653662
257 -21.59392602618228
258 -17.848081742575506
259 -17.22867028602933
260 -9.888695896114882
261 -8.064853272359084
262 -8.48857933230778
263 -4.808068256794427
264 -4.772476504946305
265 -4.4997434058256065
266 -4.345817276546368
267 -3.484162215170808
268 -11.076021172199974
269 -3.4339102151592407
270 -2.881260281494195
271 -2.3914449559352704
272 4782.9551060556505
273 10769.036253965349
274 -13.526649121729532
275 929.1364389481329
276 5125.606121655211
277 89.71573552178221
278 -112.34392131517406
279 172.73848946175247
280 -157.46454034899526
281 -38.6370823347885
282 494.7621573987778
283 105.08182942536907
284 23.575376494282853
285 135.47254218433469
286 -49.86274322243499
287 -5.211510860836788
288 -6.44951983239023
289 253.9463704083328
290 -2.9331286272096047
291 -2.2303748906595677
292 0.4461360551704221
293 -28.594722989384934
294 -7.225195643380181
295 -7.302347343219424
296 -12.449659563131668
297 -6.210758857502027
298 -1.4131841064127997
299 28.90982389857331
300 160.48780077658571
301 -2.881260281494195
302 5.096391306009686
303 59.38234134422154
304 -4298.253222535404
305 10769.036253965349
306 23730.46874999993
307 -4287.3125487502075
308 -796.0404476101572
309 -316.4231730028445
310 -306.21235929546293
311 -244.46907544776298
312 -157.46454034899526
313 -98.2551035544909
314 -84.75913409983849
315 -83.91673541653662
316 -73.56486198677554
317 -61.1909122201704
318 -49.86274322243499
319 -21.59392602618228
320 -17.848081742575506
321 -17.22867028602933
322 -13.526649121729532
323 -11.076021172199974
324 -9.888695896114882
325 -28.594722989384934
326 -8.064853272359084
327 -7.302347343219424
328 -12.449659563131668
329 -6.210758857502027
330 -4.345817276546368
331 -3.484162215170808
332 -3.4339102151592407
333 -2.881260281494195
334 59.38234134422154
335 -4298.253222535404
336 23730.46874999993
337 -13408.602019691461
338 -4287.3125487502075
339 -796.0404476101572
340 -376.5039687873066
341 -306.21235929546293
342 -278.36863813483166
343 5.860188818555271
344 140.03647037423275
345 416.29759992672837
346 -73.96742675792831
347 43.44235014141903
348 102.67438448893589
349 -7.404647340374133
350 -41.44436092800161
351 -21.59392602618228
352 16.05433834253087
353 -13.94215373796489
354 -6.302097396881134
355 -11.816119103485825
356 -3.597211679342794
357 8.634815460193222
358 -4.037545811386478
359 57.47543642274709
360 -4.6945538385180745
361 -4.596948258080935
362 -3.1133527128162566
363 -2.9043183262369303
364 -2.881260281494195
365 -18374.35579901772
366 -9.056610256245339
367 23730.46874999993
368 23730.46874999993
369 -13408.602019691461
370 -4287.3125487502075
371 -796.0404476101572
372 -376.5039687873066
373 -306.21235929546293
374 -278.36863813483166
375 -157.46454034899526
376 -98.2551035544909
377 -84.75913409983849
378 -83.91673541653662
379 -73.56486198677554
380 -61.1909122201704
381 -49.86274322243499
382 -41.44436092800161
383 -21.59392602618228
384 -17.848081742575506
385 -17.22867028602933
386 -13.526649121729532
387 -12.449659563131668
388 -11.076021172199974
389 -9.888695896114882
390 -8.064853272359084
391 -7.302347343219424
392 -6.210758857502027
393 -4.596948258080935
394 -3.484162215170808
395 -3.4339102151592407
396 -18374.35579901772
397 -9.056610256245339
398 23730.46874999993
399 -613.2011924096086
400 -13408.602019691461
401 -4287.3125487502075
402 -796.0404476101572
403 160.3753817940403
404 -310.62197595372544
405 385.3027220672816
406 -16.01876722499144
407 -46.054273510227105
408 -0.3179116705664011
409 -65.35586603443357
410 147.84957482290324
411 -109.56143225810474
412 -7.265611572643092
413 9.49876589182617
414 -110.67173921428909
415 -94.60873102060455
416 35.514458958160155
417 -13.526649121729532
418 526.5289393494643
419 5.095928471100972
420 -4.747980524598535
421 -9.056610256245339
422 -2.1243074999298615
423 -7.302347343219424
424 -5.208241888867605
425 -1.1588830711849367
426 2.4232805147516348
427 -753.459989193492
428 -2.8073798680352215
429 -165.30004896548706
430 23730.46874999993
431 23730.46874999993
432 -18374.35579901772
433 -13408.602019691461
434 -4287.3125487502075
435 -796.0404476101572
436 -376.5039687873066
437 -310.62197595372544
438 -278.36863813483166
439 -157.46454034899526
440 -98.2551035544909
441 -84.75913409983849
442 -83.91673541653662
443 -73.56486198677554
444 -109.56143225810474
445 -49.86274322243499
446 -41.44436092800161
447 -110.67173921428909
448 -94.60873102060455
449 -17.22867028602933
450 -13.526649121729532
451 -12.449659563131668
452 -11.076021172199974
453 -9.888695896114882
454 -9.056610256245339
455 -8.064853272359084
456 -7.302347343219424
457 -6.210758857502027
458 -4.596948258080935
459 -753.459989193492
460 -165.30004896548706
461 23730.46874999993
462 -2573.1033314812967
463 -13408.602019691461
464 -199.73278118892014
465 174.73854193595275
466 -469.85994885384116
467 -376.5039687873066
468 307.8104398802411
469 596.2709724518794
470 -165.30004896548706
471 240.4491287772767
472 118.61488205062457
473 -100.33585793327205
474 -181.8356823488666
475 -132.69515961836944
476 -84.75913409983849
477 39.658851481528814
478 -3.1074455067359574
479 208.61477832125533
480 127.44086452586875
481 6.546851872947276
482 -13.526649121729532
483 42.023181911674634
484 -11.076021172199974
485 -13.042514425211165
486 -9.056610256245339
487 0.8185046147245028
488 -5.20968793382705
489 -3.4095782281565787
490 -4140.996199022279
491 -13.947264835010243
492 8928.597454280174
493 -18374.35579901772
494 -13408.602019691461
495 -4287.3125487502075
496 -796.0404476101572
497 -753.459989193492
498 -376.5039687873066
499 -310.62197595372544
500 -278.36863813483166
501 -165.30004896548706
502 -157.46454034899526
503 -110.67173921428909
504 -109.56143225810474
505 -181.8356823488666
506 -132.69515961836944
507 -84.75913409983849
508 -83.91673541653662
509 -73.56486198677554
510 -49.86274322243499
511 -41.44436092800161
512 -17.22867028602933
513 -13.526649121729532
514 -12.449659563131668
515 -11.076021172199974
516 -13.042514425211165
517 -9.056610256245339
518 -8.064853272359084
519 -7.302347343219424
520 -4140.996199022279
521 -13.947264835010243
522 8928.597454280174
523 -18374.35579901772
524 -23730.46875000007
525 -4287.3125487502075
526 -4140.996199022279
527 152.04028278716572
528 13.487771186191972
529 141.3307706073052
530 -15.556361249157812
531 -400.4230554278206
532 8.399224303327053
533 -132.81730199647993
534 641.5599974291194
535 184.52626102083846
536 39.88478747579991
537 -79.22442034528615
538 11.026673840011744
539 302.0506431807945
540 -199.37442637128729
541 -62.80627666248789
542 10.697713094788945
543 -0.7321700672070033
544 -13.947264835010243
545 -20.466928118732774
546 51.34568508650003
547 11.744044798523058
548 30.475649516179836
549 -3.3505365534585487
550 2.011311955821663
551 3575.9803454692637
552 -25.832870944962405
553 8390.204600742902
554 -18374.35579901772
555 -23730.46875000007
556 -4287.3125487502075
557 -4140.996199022279
558 -796.0404476101572
559 -753.459989193492
560 -376.5039687873066
561 -310.62197595372544
562 -400.4230554278206
563 -181.8356823488666
564 -165.30004896548706
565 -157.46454034899526
566 -132.69515961836944
567 -110.67173921428909
568 -109.56143225810474
569 -84.75913409983849
570 -83.91673541653662
571 -199.37442637128729
572 -62.80627666248789
573 -41.44436092800161
574 -17.22867028602933
575 -13.947264835010243
576 -20.466928118732774
577 -13.042514425211165
578 -12.449659563131668
579 -11.076021172199974
580 -9.056610256245339
581 3575.9803454692637
582 -25.832870944962405
583 8390.204600742902
584 -23730.46875000007
585 -18374.35579901772
586 91.92489056285241
587 -4140.996199022279
588 1390.4818389572742
589 -2149.0685782332685
590 646.1838841348681
591 -376.5039687873066
592 86.80249083292014
593 -199.37442637128729
594 -682.3667261507181
595 2266.1757849472765
596 527.4031584258502
597 -132.69515961836944
598 -39.15829169159997
599 -121.51445556112664
600 416.29759992672837
601 46.58055646836864
602 -26.69782641551293
603 -41.44436092800161
604 -25.832870944962405
605 -4.675863764185821
606 -26.437467630103033
607 1.3977227043866802
608 10.64306353856472
609 24.901441010641935
610 -22.65478251173786
611 -9.056610256245339
612 -839.3120217458793
613 3575.9803454692637
614 0.8671441971562801
615 8390.204600742902
616 328.63233710178196
617 -23730.46875000007
618 -18374.35579901772
619 -4287.3125487502075
620 -4140.996199022279
621 -796.0404476101572
622 -2149.0685782332685
623 -400.4230554278206
624 -376.5039687873066
625 -310.62197595372544
626 -199.37442637128729
627 -682.3667261507181
628 -165.30004896548706
629 -157.46454034899526
630 -132.69515961836944
631 -110.67173921428909
632 -121.51445556112664
633 -84.75913409983849
634 -83.91673541653662
635 -62.80627666248789
636 -41.44436092800161
637 -25.832870944962405
638 -20.466928118732774
639 -26.437467630103033
640 -13.947264835010243
641 -13.042514425211165
642 -12.449659563131668
643 -22.65478251173786
644 -839.3120217458793
645 0.8671441971562801
646 328.63233710178196
647 -3441.9794584907745
648 14694.860726431183
649 1300.7619462242442
650 -4140.996199022279
651 -2149.0685782332685
652 597.999255444908
653 -138.95588938134975
654 -529.1001927091557
655 718.5074966667119
656 -1052.4730820053246
657 272.925223994821
658 -156.12858126102117
659 -276.9629655943536
660 -32.8390565428567
661 110.06510161085727
662 910.4835574359157
663 -85.84577631695274
664 416.29759992672837
665 101.3328439250862
666 -122.26865322465486
667 -3.1449173554537793
668 -34.808190707904856
669 -0.34103265440293273
670 -118.51333676607851
671 -5.497881841378296
672 365.14072151118614
673 -12.495266775384268
674 -4.7936235283987925
675 -9572.741074957896
676 0.8671441971562801
677 -7166.761012403856
678 328.63233710178196
679 23730.46874999993
680 -23730.46875000007
681 -18374.35579901772
682 -4287.3125487502075
683 -4140.996199022279
684 -2149.0685782332685
685 -839.3120217458793
686 -796.0404476101572
687 -682.3667261507181
688 -400.4230554278206
689 -1052.4730820053246
690 -310.62197595372544
691 -199.37442637128729
692 -276.9629655943536
693 -157.46454034899526
694 -132.69515961836944
695 -121.51445556112664
696 -110.67173921428909
697 -84.75913409983849
698 -83.91673541653662
699 -122.26865322465486
700 -41.44436092800161
701 -34.808190707904856
702 -25.832870944962405
703 -118.51333676607851
704 -20.466928118732774
705 -13.947264835010243
706 -13.042514425211165
707 -9572.741074957896
708 -7166.761012403856
709 23730.46874999993
710 -355.363144340336
711 12197.592791621248
712 18793.913649700644
713 323.43409423766764
714 5345.120087593278
715 4712.118681657376
716 -2149.0685782332685
717 -135.13544058858
718 667.6840310296454
719 -796.0404476101572
720 -682.3667261507181
721 -121.941657593328
722 -221.13624304495465
723 2066.3576851125044
724 -199.37442637128729
725 -157.46454034899526
726 -62.12060401719207
727 -125.82359033703061
728 -230.77644888827672
729 7.726124488045709
730 -41.01988562901919
731 -147.1742224537197
732 -345.1551229245388
733 861.5571310859965
734 -6.835214138069084
735 2.322755650020503
736 22.801950347183357
737 648.8467220554606
738 -868.173430683442
739 23.567644743089375
740 2563.13119086816
741 23730.46874999993
742 853.8279723514064
743 -23730.46875000007
744 -18374.35579901772
745 -9572.741074957896
746 -7166.761012403856
747 -4287.3125487502075
748 -4140.996199022279
749 -2149.0685782332685
750 -1052.4730820053246
751 -839.3120217458793
752 -796.0404476101572
753 -682.3667261507181
754 -400.4230554278206
755 -310.62197595372544
756 -276.9629655943536
757 -199.37442637128729
758 -157.46454034899526
759 -132.69515961836944
760 -125.82359033703061
761 -230.77644888827672
762 -118.51333676607851
763 -110.67173921428909
764 -147.1742224537197
765 -345.1551229245388
766 -41.44436092800161
767 -34.808190707904856
768 -25.832870944962405
769 -20.466928118732774
770 -868.173430683442
771 2563.13119086816
772 853.8279723514064
773 -23730.46875000007
774 -647.9253514685706
775 -9572.741074957896
776 -7166.761012403856
777 -7824.687372739043
778 -349.5278759398146
779 -447.03292480414547
780 -953.9552667540977
781 -3252.545707115819
782 -67.98649037165974
783 145.96178630438905
784 -357.19584531852746
785 478.1908757858865
786 233.1750319008135
787 207.53496029328298
788 -68.63335363421032
789 6.48717208049047
790 -199.37442637128729
791 -157.46454034899526
792 28.821346499739104
793 -461.1282661141411
794 -231.93382434814063
795 58.41411123235976
796 -11.296426071873128
797 -41.44436092800161
798 -34.808190707904856
799 0.6606350566534251
800 -7.469119483195135
801 -30.33964458517808
802 853.8279723514064
803 85.22961825387728
804 2945.6239652685576
805 -1989.4849363945696
806 -23730.46875000007
807 -18374.35579901772
808 -9572.741074957896
809 -7166.761012403856
810 -7824.687372739043
811 -4140.996199022279
812 -2149.0685782332685
813 -1052.4730820053246
814 -3252.545707115819
815 -839.3120217458793
816 -796.0404476101572
817 -682.3667261507181
818 -400.4230554278206
819 -345.1551229245388
820 -310.62197595372544
821 -276.9629655943536
822 -230.77644888827672
823 -199.37442637128729
824 -157.46454034899526
825 -147.1742224537197
826 -461.1282661141411
827 -231.93382434814063
828 -118.51333676607851
829 -110.67173921428909
830 -41.44436092800161
831 -34.808190707904856
832 -25.832870944962405
833 -30.33964458517808
834 85.22961825387728
835 -1989.4849363945696
836 -23730.46875000007
837 -2886.771778221287
838 -9572.741074957896
839 7809.308734575011
840 -892.919012515457
841 -4136.922875922007
842 264.35045251057045
843 -2149.0685782332685
844 -1989.4849363945696
845 -538.9040531702975
846 -166.94234571689097
847 -434.3899005997305
848 610.734446890066
849 -461.1282661141411
850 -202.93184262732828
851 298.8588279631064
852 567.8579359718841
853 -29.389149518588333
854 -8.495565833807435
855 -288.4484574391745
856 -199.37442637128729
857 -95.1828332711432
858 -306.8905295876448
859 -1.10244642476578
860 307.0409684198487
861 -41.44436092800161
862 -43.56681771254732
863 -20.36635667023088
864 23730.46874999993
865 2.1522252921102822
866 -20.870238098048816
867 85.22961825387728
868 23199.803160355954
869 -23730.46875000007
870 -18374.35579901772
871 -9572.741074957896
872 -7824.687372739043
873 -7166.761012403856
874 -4140.996199022279
875 -3252.545707115819
876 -2149.0685782332685
877 -1989.4849363945696
878 -1052.4730820053246
879 -839.3120217458793
880 -796.0404476101572
881 -682.3667261507181
882 -461.1282661141411
883 -400.4230554278206
884 -345.1551229245388
885 -310.62197595372544
886 -276.9629655943536
887 -231.93382434814063
888 -288.4484574391745
889 -199.37442637128729
890 -157.46454034899526
891 -306.8905295876448
892 -118.51333676607851
893 -110.67173921428909
894 -41.44436092800161
895 -43.56681771254732
896 23730.46874999993
897 -20.870238098048816
898 23199.803160355954
899 -23730.46875000007
900 -18374.35579901772
901 752.6964232196701
902 5189.603433714836
903 11047.791045644131
904 -5063.493798207922
905 8528.35225166508
906 -2149.0685782332685
907 5395.411291591196
908 3646.3571721548205
909 1252.2828883221928
910 -826.7787108762185
911 -317.58657677533853
912 534.3062988306655
913 -7.515814293147879
914 -26.553007743125956
915 -151.82676491541673
916 20.435629143099256
917 -288.4484574391745
918 -3879.037415932497
919 -46.01823780066439
920 -644.8868518406451
921 -157.46454034899526
922 715.9159209123328
923 45.44200094814964
924 160.79576771740668
925 381.71661175573274
926 25.28021403535027
927 -11111.767512481352
928 23730.46874999993
929 3.510151821956474
930 23730.46874999993
931 -170.04584330699132
932 -23730.46875000007
933 -18374.35579901772
934 -9572.741074957896
935 -7824.687372739043
936 -7166.761012403856
937 -5063.493798207922
938 -3252.545707115819
939 -2149.0685782332685
940 -1989.4849363945696
941 -1052.4730820053246
942 -839.3120217458793
943 -826.7787108762185
944 -682.3667261507181
945 -461.1282661141411
946 -400.4230554278206
947 -345.1551229245388
948 -310.62197595372544
949 -306.8905295876448
950 -288.4484574391745
951 -3879.037415932497
952 -231.93382434814063
953 -644.8868518406451
954 -157.46454034899526
955 -118.51333676607851
956 -110.67173921428909
957 -43.56681771254732
958 -41.44436092800161
959 -11111.767512481352
960 3.510151821956474
961 -170.04584330699132
962 -11948.763448555048
963 -19021.183472740515
964 5032.219334521762
965 -9572.741074957896
966 -7824.687372739043
967 760.5292137288418
968 3103.100999395804
969 -3879.037415932497
970 -3252.545707115819
971 -1452.1914775890452
972 -2115.597502121279
973 2175.5787390223677
974 -2654.75415629648
975 518.3556722899392
976 42.535421987456935
977 2769.2706895205683
978 296.88364206610004
979 283.3940015199157
980 -337.95417851746964
981 -21.856495724145464
982 -4.672133903783233
983 243.15492347971605
984 -129.78624949176077
985 -16.071863060608763
986 641.5599974291194
987 -119.25915931990252
988 -162.39042382661032
989 8.46776162680179
990 94.58664899287744
991 -5.9650305034585145
992 -3756.7152103184953
993 123.92688075166538
994 7656.142835254225
995 -23730.46875000007
996 -19021.183472740515
997 -11111.767512481352
998 -9572.741074957896
999 -7824.687372739043
1000 -7166.761012403856
1001 -5063.493798207922
1002 -3879.037415932497
1003 -3252.545707115819
1004 -2149.0685782332685
1005 -2115.597502121279
1006 -1052.4730820053246
1007 -2654.75415629648
1008 -826.7787108762185
1009 -682.3667261507181
1010 -644.8868518406451
1011 -461.1282661141411
1012 -400.4230554278206
1013 -345.1551229245388
1014 -310.62197595372544
1015 -306.8905295876448
1016 -288.4484574391745
1017 -231.93382434814063
1018 -170.04584330699132
1019 -157.46454034899526
1020 -119.25915931990252
1021 -162.39042382661032
1022 94.58664899287744
1023 -3756.7152103184953
1024 7656.142835254225
