evaluations raw_y
1 8.746345420950442
2 5.887505328403514
3 9.46213382569424
4 6.69762783747352
5 5.370204462628701
6 8.62002916727399
7 5.777694547174628
8 8.426417005964687
9 4.904281985536782
10 3.4104346164367003
11 6.063526181731581
12 2.280054076166434
13 5.501886338623811
14 5.8163739850254395
15 6.866624350237345
16 4.410621568654649
17 6.0932736643708925
18 8.666611481389143
19 4.327342031088427
20 8.372876218680972
21 3.432299291306152
22 9.524866670808144
23 3.8182765074180454
24 6.993545248834337
25 8.783841396929507
26 5.444668899179164
27 6.073022872661599
28 8.743574826586837
29 4.427602978296168
30 7.648268522006722
31 7.007943000724212
32 1.8980759679020964
33 3.619193088072461
34 10.55234760657983
35 6.0005743385034025
36 1.9746850122227841
37 9.33649121709819
38 2.5320196669880755
39 8.318949949511326
40 7.274853244039329
41 1.9859038125223
42 1.9289650425632505
43 6.695647677793971
44 4.037470131866787
45 4.109309782141869
46 5.172529456857949
47 5.309943710715222
48 1.890168426395261
49 10.801926661005524
50 8.904786935815222
51 8.286728346143564
52 9.50754162824181
53 1.6658828257062863
54 1.6029793381829345
55 6.861797034888325
56 9.12526209742508
57 2.1683989482388286
58 11.514613157974456
59 8.77189307636687
60 6.118713052893332
61 1.9746850122227841
62 3.619193088072461
63 9.33649121709819
64 6.69762783747352
65 5.370204462628701
66 6.0005743385034025
67 1.8980759679020964
68 4.037470131866787
69 4.904281985536782
70 3.4104346164367003
71 6.063526181731581
72 2.280054076166434
73 1.9859038125223
74 1.9289650425632505
75 6.866624350237345
76 4.410621568654649
77 1.890168426395261
78 8.286728346143564
79 4.327342031088427
80 8.372876218680972
81 3.432299291306152
82 6.118713052893332
83 3.8182765074180454
84 6.993545248834337
85 8.77189307636687
86 1.6029793381829345
87 6.073022872661599
88 8.743574826586837
89 1.6658828257062863
90 2.1683989482388286
91 4.682366758958822
92 2.116109822510938
93 4.7896138425525105
94 1.733660533107645
95 2.723476672541193
96 9.41482115068716
97 9.800481255095477
98 6.157072815638253
99 3.52132612113747
100 5.019876360770253
101 5.998286774627326
102 9.697869702934188
103 6.74559534591279
104 7.35174453219235
105 7.008186910499733
106 8.047291860288485
107 5.256475667274824
108 2.0367017357196797
109 4.719894138135469
110 7.187329761655111
111 3.5971736701422437
112 3.0785735508994585
113 5.487385216662686
114 5.198383282299585
115 8.306314779860122
116 10.253376123380901
117 6.025904813352003
118 3.6736344563033674
119 7.575914076949558
120 3.9825632085306966
121 1.9746850122227841
122 3.619193088072461
123 9.33649121709819
124 6.69762783747352
125 1.733660533107645
126 2.723476672541193
127 1.8980759679020964
128 4.037470131866787
129 4.904281985536782
130 3.4104346164367003
131 6.063526181731581
132 2.280054076166434
133 1.9859038125223
134 1.9289650425632505
135 4.719894138135469
136 2.0367017357196797
137 1.890168426395261
138 7.187329761655111
139 4.327342031088427
140 3.5971736701422437
141 3.432299291306152
142 6.025904813352003
143 3.8182765074180454
144 3.6736344563033674
145 3.9825632085306966
146 1.6029793381829345
147 6.073022872661599
148 7.575914076949558
149 1.6658828257062863
150 2.1683989482388286
151 1.9221840764553964
152 1.9396789962971137
153 5.017277360554456
154 1.9560704490216354
155 5.753021683695103
156 3.0065265623691424
157 6.34795798983628
158 3.957860065274036
159 5.121418585850634
160 5.302936621102606
161 10.18379738091269
162 5.234461927773276
163 8.668421143080899
164 2.534255760836675
165 1.7677686057466988
166 3.6729800781684436
167 9.780436322343421
168 3.2346662511811672
169 5.435222750859621
170 3.444424550301979
171 5.208074978904587
172 1.742843078681284
173 1.944193453308047
174 1.3172957956718376
175 2.0036708963267653
176 9.878448430222148
177 5.39372193346582
178 6.829561279148908
179 3.9719830742214333
180 1.4899532230889345
181 1.9746850122227841
182 3.619193088072461
183 6.34795798983628
184 3.0065265623691424
185 1.733660533107645
186 1.9560704490216354
187 1.8980759679020964
188 4.037470131866787
189 4.904281985536782
190 3.4104346164367003
191 2.534255760836675
192 2.280054076166434
193 1.9859038125223
194 1.9289650425632505
195 3.444424550301979
196 2.0367017357196797
197 1.7677686057466988
198 5.208074978904587
199 4.327342031088427
200 3.2346662511811672
201 3.432299291306152
202 6.025904813352003
203 3.8182765074180454
204 2.0036708963267653
205 3.9825632085306966
206 1.6029793381829345
207 3.9719830742214333
208 1.4899532230889345
209 1.6658828257062863
210 1.3172957956718376
211 5.901042069446739
212 1.545585109253492
213 7.946439701026017
214 3.6600048389098676
215 5.593667968159024
216 9.593446794936144
217 4.252822427890874
218 1.7226802909602408
219 1.3848660117624771
220 1.9232276047086088
221 2.5012861944250573
222 1.5276528811886767
223 2.214722396513693
224 1.947929268557955
225 1.34883944082011
226 1.493400220075268
227 6.716075593552249
228 5.396292772594547
229 2.209209995331701
230 4.172916232597462
231 1.490195038401444
232 1.3337532574968887
233 5.707054233136532
234 5.472477102118699
235 1.5901813699261003
236 9.824604851528626
237 1.3274733046850213
238 8.847194584414979
239 9.255825668127137
240 2.220596517013158
241 1.9746850122227841
242 3.619193088072461
243 4.252822427890874
244 3.0065265623691424
245 1.733660533107645
246 1.9560704490216354
247 1.545585109253492
248 2.214722396513693
249 1.947929268557955
250 1.5276528811886767
251 2.5012861944250573
252 1.9232276047086088
253 1.3848660117624771
254 1.7226802909602408
255 2.209209995331701
256 1.493400220075268
257 1.34883944082011
258 1.490195038401444
259 4.172916232597462
260 3.2346662511811672
261 3.432299291306152
262 2.220596517013158
263 1.3274733046850213
264 2.0036708963267653
265 3.9825632085306966
266 1.6029793381829345
267 3.9719830742214333
268 1.4899532230889345
269 1.5901813699261003
270 1.3172957956718376
271 1.7401250771825163
272 3.40152418746297
273 6.323259204310474
274 5.46559102083504
275 1.8895299490436932
276 1.804463570195367
277 6.621093290956905
278 1.5032527721407567
279 5.294171031966671
280 4.147461052968035
281 2.0256902532158847
282 7.228100195912885
283 1.7963378585750283
284 5.467894962623639
285 2.085180454162527
286 1.5138378451183103
287 2.0388657145951763
288 1.8697423461780915
289 2.5214470308373826
290 11.219255410024282
291 9.05715197548782
292 5.4591758588316885
293 2.4032835569798285
294 1.7339930090337636
295 5.648562209159962
296 4.400138620198228
297 6.837083762452802
298 2.711344871984376
299 10.86026361982336
300 8.00304363938886
301 1.9746850122227841
302 1.804463570195367
303 4.252822427890874
304 1.8895299490436932
305 1.733660533107645
306 1.9560704490216354
307 1.545585109253492
308 1.7963378585750283
309 1.947929268557955
310 1.5276528811886767
311 2.5012861944250573
312 1.9232276047086088
313 1.3848660117624771
314 1.7226802909602408
315 1.8697423461780915
316 1.493400220075268
317 1.34883944082011
318 1.490195038401444
319 4.172916232597462
320 2.5214470308373826
321 3.432299291306152
322 2.220596517013158
323 1.3274733046850213
324 2.0036708963267653
325 3.9825632085306966
326 1.6029793381829345
327 3.9719830742214333
328 1.4899532230889345
329 1.5901813699261003
330 1.3172957956718376
331 1.5204736471586653
332 1.9833283335413305
333 5.292515471133151
334 1.3840095851592844
335 1.5286555928357606
336 2.0891867037662575
337 1.626389238195828
338 1.2687691052306944
339 1.3304694617948076
340 7.390736113417501
341 1.2690517541212214
342 1.2669765188807809
343 1.2335448284207489
344 2.331329841845948
345 1.3497350323619535
346 1.1871016817197384
347 1.3810128918739584
348 2.036887280313567
349 1.233696612409494
350 1.73620168452715
351 3.3322149896804394
352 1.4400497441289961
353 1.5596620457830037
354 1.7066471654245425
355 1.770267440024572
356 4.1989044443867005
357 1.3126788217854015
358 1.1707620384233106
359 10.50837817017363
360 4.1485861228169805
361 1.9746850122227841
362 1.804463570195367
363 1.626389238195828
364 1.3840095851592844
365 1.733660533107645
366 1.5286555928357606
367 1.5204736471586653
368 1.2690517541212214
369 1.2335448284207489
370 1.3304694617948076
371 2.331329841845948
372 1.2669765188807809
373 1.2687691052306944
374 1.7226802909602408
375 1.8697423461780915
376 1.3810128918739584
377 1.34883944082011
378 1.1871016817197384
379 3.3322149896804394
380 1.233696612409494
381 1.73620168452715
382 1.1707620384233106
383 1.3274733046850213
384 1.3126788217854015
385 3.9825632085306966
386 1.6029793381829345
387 3.9719830742214333
388 1.4899532230889345
389 1.5901813699261003
390 1.3172957956718376
391 2.2081135280386137
392 2.1963892981654585
393 1.0723495277842614
394 1.3332399447559837
395 1.4414395860830063
396 1.4463989124926013
397 1.8439954278762025
398 1.8326572512785102
399 1.1840845207839532
400 1.2562045110731979
401 1.5039253379392103
402 1.832220287682504
403 8.172480122906325
404 1.1274622531127239
405 1.1247142102815004
406 1.5523078279944502
407 2.7426050700130546
408 1.4677512124927639
409 5.4261527072136335
410 1.0948453829378206
411 2.130287512158377
412 1.1985545080882603
413 1.5081734827105164
414 1.072876320076521
415 4.262517605328521
416 5.951199984442544
417 1.4660512325796076
418 6.422841786210861
419 6.945821379206449
420 7.478836708871771
421 1.8439954278762025
422 1.4463989124926013
423 1.3332399447559837
424 1.3840095851592844
425 1.4414395860830063
426 1.0723495277842614
427 1.5204736471586653
428 1.2690517541212214
429 1.2335448284207489
430 1.3304694617948076
431 1.1274622531127239
432 1.1840845207839532
433 1.2562045110731979
434 1.7226802909602408
435 1.0948453829378206
436 1.3810128918739584
437 1.34883944082011
438 1.1247142102815004
439 2.130287512158377
440 1.233696612409494
441 1.73620168452715
442 1.1707620384233106
443 1.3274733046850213
444 1.3126788217854015
445 3.9825632085306966
446 1.6029793381829345
447 3.9719830742214333
448 1.4899532230889345
449 1.4660512325796076
450 1.072876320076521
451 1.0728027841045435
452 1.106553098153555
453 1.8571082883677994
454 1.141735133241657
455 1.0642815772886638
456 1.8003802655726147
457 1.0684666098038658
458 1.0783436589499253
459 1.0463461458426113
460 4.079903541408181
461 2.7845524901083767
462 1.293825073441945
463 3.8053257007053216
464 7.668777395258437
465 1.0654439235588078
466 1.0640975006587965
467 1.7635618958957586
468 1.0646115038391684
469 1.50565086556787
470 2.583863243222164
471 1.4957109875042716
472 1.1173655186265588
473 1.0721720506237364
474 1.1871237464820077
475 1.332773592623326
476 1.0470856425105453
477 1.0429709459004683
478 3.005288885360915
479 9.739549481937468
480 7.195561630706589
481 1.0684666098038658
482 1.0642815772886638
483 1.106553098153555
484 1.3840095851592844
485 1.141735133241657
486 1.0723495277842614
487 1.5204736471586653
488 1.2690517541212214
489 1.2335448284207489
490 1.3304694617948076
491 1.0783436589499253
492 1.0463461458426113
493 1.2562045110731979
494 1.7226802909602408
495 1.0654439235588078
496 1.3810128918739584
497 1.0646115038391684
498 1.0640975006587965
499 1.4957109875042716
500 1.233696612409494
501 1.73620168452715
502 1.0721720506237364
503 1.3274733046850213
504 1.1871237464820077
505 3.9825632085306966
506 1.6029793381829345
507 3.9719830742214333
508 1.0429709459004683
509 1.0470856425105453
510 1.072876320076521
511 1.048540367550243
512 1.0480750981688625
513 1.0441391646571554
514 1.0445939620222326
515 1.0597460177626938
516 1.0431092935769415
517 7.453242154969739
518 1.0441385081597672
519 1.240315703601933
520 1.0443089597242663
521 1.9627879484202628
522 5.450424281619022
523 3.857635043144755
524 2.040051049880967
525 1.080177496673615
526 1.0520406734503942
527 1.0504458248980926
528 1.4898467363979526
529 1.057004959561252
530 0.905803194607754
531 4.1851284808040905
532 1.0465191174042034
533 1.0439352819723715
534 1.0258139323481645
535 1.0936259049413535
536 1.1049397114175876
537 2.769341413925975
538 8.33543067663076
539 9.404243228560237
540 8.163826814463178
541 1.0480750981688625
542 1.048540367550243
543 1.0445939620222326
544 1.0431092935769415
545 1.0597460177626938
546 1.0441391646571554
547 1.5204736471586653
548 1.2690517541212214
549 1.0443089597242663
550 1.3304694617948076
551 1.0783436589499253
552 1.0441385081597672
553 1.2562045110731979
554 1.7226802909602408
555 1.0504458248980926
556 1.057004959561252
557 1.0520406734503942
558 1.0640975006587965
559 0.905803194607754
560 1.233696612409494
561 1.73620168452715
562 1.0258139323481645
563 1.3274733046850213
564 1.1049397114175876
565 3.9825632085306966
566 1.6029793381829345
567 3.9719830742214333
568 1.0429709459004683
569 1.0439352819723715
570 1.072876320076521
571 1.0186374060356151
572 1.0062058843581971
573 0.9494340833933372
574 0.8871621153714748
575 1.078345948829784
576 1.5610579942613598
577 6.030292218590995
578 0.9006068604578521
579 1.0119021687069913
580 0.8914918246727512
581 2.0971758738309756
582 0.9953516119837664
583 0.8958809756598294
584 4.052194458349398
585 0.9022703796971758
586 2.331914240665416
587 0.8930741428797326
588 1.2850798708915985
589 0.9220278628933178
590 1.2779798641957036
591 5.316729687134585
592 0.8905346630914921
593 0.9672988792067159
594 0.92446003481008
595 0.9007695285371609
596 0.95057911942742
597 2.2242431207201356
598 7.017805369208789
599 10.187357917413202
600 8.416671694227887
601 0.8871621153714748
602 1.048540367550243
603 0.9494340833933372
604 1.0186374060356151
605 1.0597460177626938
606 1.0062058843581971
607 1.5204736471586653
608 0.9953516119837664
609 1.0119021687069913
610 0.8958809756598294
611 0.8914918246727512
612 0.9006068604578521
613 1.2562045110731979
614 1.7226802909602408
615 1.0504458248980926
616 1.057004959561252
617 0.8930741428797326
618 0.9220278628933178
619 0.9022703796971758
620 1.233696612409494
621 1.73620168452715
622 0.8905346630914921
623 1.3274733046850213
624 0.95057911942742
625 3.9825632085306966
626 1.6029793381829345
627 3.9719830742214333
628 0.9672988792067159
629 0.92446003481008
630 0.9007695285371609
631 0.8846243997322094
632 0.8844130088156372
633 0.8790071703485896
634 0.8802290849265353
635 0.8846740868274563
636 0.8916202175270924
637 1.6110953974936315
638 0.8908242667612978
639 0.959681966358146
640 0.8905212722787532
641 1.2389949979323935
642 0.8831713462067614
643 1.2218324041430624
644 6.625357206318775
645 0.8884312830973722
646 0.8803111588630277
647 0.9050346036173873
648 1.4361649949395572
649 0.9487837392124039
650 1.0213415349408528
651 1.0963533660554254
652 0.8922180859337652
653 0.8902922999402338
654 0.8930762498674054
655 0.8861635141386368
656 0.8936695359358893
657 1.1887256463152356
658 2.946979182933777
659 10.084872270545581
660 8.950270181269621
661 0.8846243997322094
662 0.8846740868274563
663 0.8844130088156372
664 0.8802290849265353
665 0.8916202175270924
666 0.8790071703485896
667 1.5204736471586653
668 0.9953516119837664
669 0.8831713462067614
670 0.8958809756598294
671 0.8908242667612978
672 0.8905212722787532
673 1.2218324041430624
674 1.7226802909602408
675 1.0504458248980926
676 0.9487837392124039
677 0.8884312830973722
678 0.9050346036173873
679 0.8803111588630277
680 1.0213415349408528
681 1.0963533660554254
682 0.8905346630914921
683 1.1887256463152356
684 0.8861635141386368
685 3.9825632085306966
686 1.6029793381829345
687 3.9719830742214333
688 0.8936695359358893
689 0.8930762498674054
690 0.8902922999402338
691 0.874156564200584
692 0.882329328605165
693 0.8750557034925994
694 0.8687836550433188
695 0.8711733271928634
696 0.8699419487332738
697 6.285972111791733
698 0.8844951831403356
699 1.0025994429345586
700 0.8964097712731087
701 0.8766981928885771
702 0.8837913972960907
703 1.1255068253896554
704 9.10839573027777
705 0.881743123815524
706 0.9197678267883891
707 0.876789936009581
708 0.8959965390880458
709 0.9146739618772035
710 2.4004409734960013
711 0.967452027291938
712 0.8898542210651519
713 0.8776457966795379
714 0.8784131437552807
715 0.8925858040347958
716 0.8774353406258528
717 0.8728999295418491
718 0.8974427541066543
719 1.6945223317971703
720 1.3608598804202354
721 0.8687836550433188
722 0.8711733271928634
723 0.8750557034925994
724 0.8802290849265353
725 0.8699419487332738
726 0.874156564200584
727 1.5204736471586653
728 0.8837913972960907
729 0.8831713462067614
730 0.8766981928885771
731 0.8908242667612978
732 0.8905212722787532
733 1.1255068253896554
734 1.7226802909602408
735 1.0504458248980926
736 0.8959965390880458
737 0.8884312830973722
738 0.876789936009581
739 0.8803111588630277
740 0.9146739618772035
741 0.967452027291938
742 0.8784131437552807
743 0.8728999295418491
744 0.8861635141386368
745 1.3608598804202354
746 0.8974427541066543
747 1.6945223317971703
748 0.8774353406258528
749 0.8925858040347958
750 0.8776457966795379
751 0.8688128138746096
752 0.8891551944431402
753 0.8700935538425421
754 0.87444364947544
755 0.8807060059230232
756 0.873662576500724
757 1.7716460143329564
758 0.8690759463790962
759 0.8803877658887094
760 0.8767006759383205
761 0.8666271475922724
762 0.8850016437882011
763 1.2896441173430297
764 10.325060960479494
765 0.878231604497204
766 0.8710483246875009
767 0.8703469438077163
768 0.8689477226390623
769 0.8669658591492564
770 0.9436622900625342
771 0.9767610998381444
772 0.867075361950649
773 0.8750972408257078
774 0.8606358629990447
775 0.875031434764572
776 0.8668891587546115
777 0.8764520178798445
778 0.8673855847903371
779 1.5435540251155375
780 1.0083182394661179
781 0.8687836550433188
782 0.8700935538425421
783 0.8750557034925994
784 0.873662576500724
785 0.8699419487332738
786 0.874156564200584
787 1.5204736471586653
788 0.8767006759383205
789 0.8803877658887094
790 0.8690759463790962
791 0.8850016437882011
792 0.8666271475922724
793 1.1255068253896554
794 1.7226802909602408
795 0.9767610998381444
796 0.8689477226390623
797 0.8703469438077163
798 0.876789936009581
799 0.8710483246875009
800 0.8669658591492564
801 0.9436622900625342
802 0.875031434764572
803 0.867075361950649
804 0.8668891587546115
805 1.3608598804202354
806 0.8673855847903371
807 1.0083182394661179
808 0.8750972408257078
809 0.8764520178798445
810 0.8606358629990447
811 0.8645061993521772
812 0.8660310278394954
813 0.8604719122154549
814 0.8674236004296585
815 0.8609826496373905
816 1.0165826527148878
817 1.5414146560192914
818 0.8609166804864394
819 0.8773209742598251
820 0.8904955166624409
821 0.8586137249817078
822 0.8599769481400599
823 0.8849471231822454
824 2.3347243992174453
825 0.8616338268402122
826 0.859862493536395
827 0.861616186978132
828 0.8605723186617964
829 0.8853757330368588
830 0.9123047119812231
831 0.9367875149252403
832 0.8606171950314536
833 0.8620519449935076
834 0.864706456510572
835 0.8704437663556612
836 0.8636614154982563
837 0.8603180721154646
838 1.0087363201812718
839 0.9376322657404674
840 5.688473947880341
841 0.8645061993521772
842 0.8604719122154549
843 0.8750557034925994
844 0.8674236004296585
845 0.8660310278394954
846 0.8609826496373905
847 1.5204736471586653
848 0.8767006759383205
849 0.8586137249817078
850 0.8690759463790962
851 0.8599769481400599
852 0.8609166804864394
853 0.8849471231822454
854 1.7226802909602408
855 0.9367875149252403
856 0.859862493536395
857 0.861616186978132
858 0.876789936009581
859 0.8605723186617964
860 0.8616338268402122
861 0.9123047119812231
862 0.8636614154982563
863 0.864706456510572
864 0.8620519449935076
865 1.3608598804202354
866 0.8673855847903371
867 0.9376322657404674
868 0.8603180721154646
869 0.8764520178798445
870 0.8606171950314536
871 0.8595917481363529
872 0.8580617794874501
873 0.8595705020451627
874 0.8637409117201269
875 0.8584057798669555
876 1.0216332187819916
877 7.777586980890025
878 0.859740158149513
879 0.8579187010067268
880 0.8584248423068643
881 0.8700259624248705
882 0.8627047912357642
883 0.8591141458901108
884 4.913652877326632
885 0.8581862046614592
886 0.8587570763040582
887 0.8579212475072511
888 0.8616613070066228
889 0.8876269871598921
890 1.1654890709742338
891 0.8837196729570322
892 0.8578737650924089
893 0.8579056794991105
894 0.8640581364635165
895 0.8614291270378118
896 0.8582329545663088
897 0.8577127339768404
898 0.8602883862387769
899 1.6040388118606157
900 1.0482740509388861
901 0.8595705020451627
902 0.8595917481363529
903 0.8750557034925994
904 0.8584057798669555
905 0.8637409117201269
906 0.8580617794874501
907 1.5204736471586653
908 0.8627047912357642
909 0.8586137249817078
910 0.8690759463790962
911 0.8579187010067268
912 0.8584248423068643
913 0.8591141458901108
914 1.7226802909602408
915 0.8837196729570322
916 0.8581862046614592
917 0.8579212475072511
918 0.876789936009581
919 0.8587570763040582
920 0.8616338268402122
921 0.9123047119812231
922 0.8614291270378118
923 0.8582329545663088
924 0.8620519449935076
925 1.0482740509388861
926 0.8577127339768404
927 0.9376322657404674
928 0.8578737650924089
929 0.8602883862387769
930 0.8579056794991105
931 0.8578630018247473
932 0.8614728808765468
933 0.8595538384806554
934 0.8585613291525362
935 0.8727785014049407
936 0.8589773729794754
937 3.6985790347739895
938 0.8580557070746646
939 0.8580058584176908
940 0.857901341913577
941 0.8593260764026804
942 0.8593986683747412
943 0.8579635481166383
944 8.691324075500034
945 0.8577216224820832
946 0.8577158167303993
947 0.8579279832255986
948 0.8602264362248397
949 0.8692799159647386
950 0.8734792618557496
951 0.8580520578598698
952 0.8577395906821377
953 0.8577174302594526
954 0.8579492232347934
955 0.8578743496491608
956 0.8595785075469111
957 0.8588558924009628
958 0.8676103828647654
959 0.8358287886440827
960 1.1735490198050451
961 0.8595538384806554
962 0.8585613291525362
963 0.8589773729794754
964 0.8584057798669555
965 0.8637409117201269
966 0.8578630018247473
967 1.5204736471586653
968 0.8593986683747412
969 0.857901341913577
970 0.8579635481166383
971 0.8579187010067268
972 0.8580058584176908
973 0.8591141458901108
974 1.7226802909602408
975 0.8734792618557496
976 0.8577158167303993
977 0.8577216224820832
978 0.8692799159647386
979 0.8579279832255986
980 0.8602264362248397
981 0.8580520578598698
982 0.8588558924009628
983 0.8578743496491608
984 0.8620519449935076
985 1.0482740509388861
986 0.8577127339768404
987 0.8358287886440827
988 0.8577174302594526
989 0.8595785075469111
990 0.8579056794991105
evaluations raw_y
1 4.997434678320474
2 5.537851094386959
3 4.362396072762957
4 5.397628464666204
5 5.602563454079073
6 6.476553545989099
7 8.074294085999211
8 5.893048565842424
9 5.010374323462592
10 2.8790158058168025
11 3.672652305723084
12 9.354945481802808
13 4.662273054016477
14 12.355758774214681
15 5.092370679203684
16 4.728439187491074
17 4.602389343152022
18 6.821517401764115
19 6.390191512545578
20 7.924958773346418
21 7.122941057628374
22 8.583677463849398
23 6.268568343416311
24 6.320597153725458
25 5.797731467802498
26 7.893321694434176
27 9.790333755094563
28 2.6815862063485874
29 8.299460829497631
30 7.246431649995975
31 9.23264416821159
32 3.636941218148224
33 1.4251024994548076
34 5.435578901407041
35 7.723067143033851
36 9.380661598637733
37 8.581327419659566
38 2.405449785476229
39 10.729445589530066
40 11.480734526244781
41 3.585959059417951
42 8.899503389068043
43 5.367725242338018
44 5.411247219741226
45 8.997768560134041
46 11.352827711310688
47 8.682785877000454
48 7.17269536253607
49 12.546168307749333
50 5.474909452644663
51 8.25000622258432
52 4.947729246774717
53 8.863304221872374
54 3.785580394060066
55 5.961033200135384
56 7.446444304309074
57 4.129286959559503
58 10.560233154147484
59 10.111568790855799
60 8.547645442050857
61 3.636941218148224
62 5.435578901407041
63 4.362396072762957
64 1.4251024994548076
65 5.602563454079073
66 6.476553545989099
67 8.074294085999211
68 5.893048565842424
69 3.585959059417951
70 2.405449785476229
71 3.672652305723084
72 5.367725242338018
73 4.662273054016477
74 5.411247219741226
75 5.092370679203684
76 4.728439187491074
77 4.602389343152022
78 6.821517401764115
79 6.390191512545578
80 7.924958773346418
81 5.474909452644663
82 8.583677463849398
83 3.785580394060066
84 5.961033200135384
85 5.797731467802498
86 4.129286959559503
87 8.547645442050857
88 2.6815862063485874
89 8.299460829497631
90 7.246431649995975
91 1.4687530563395987
92 4.9354691651081435
93 4.0667289483598745
94 3.1464581907379805
95 8.50613454949415
96 10.551163617396668
97 4.735574006045153
98 1.362585800513492
99 1.5893236251607619
100 1.3919203126597621
101 11.588987671431095
102 1.1447565551122008
103 2.622217839398915
104 2.9725634032655597
105 1.760007906052692
106 6.782372233545627
107 5.991634363251424
108 5.85356482495113
109 1.299679129404038
110 6.813890142266089
111 7.556505361874599
112 9.545377128493676
113 8.300238535226333
114 2.516444213502843
115 5.103716855613621
116 2.7217815167486457
117 9.541864998342056
118 1.7251865590785607
119 5.622393218832512
120 2.301638318109382
121 3.636941218148224
122 3.1464581907379805
123 4.0667289483598745
124 1.4251024994548076
125 5.602563454079073
126 6.476553545989099
127 4.735574006045153
128 2.9725634032655597
129 1.5893236251607619
130 1.362585800513492
131 1.3919203126597621
132 1.1447565551122008
133 4.662273054016477
134 2.622217839398915
135 5.092370679203684
136 4.728439187491074
137 1.760007906052692
138 6.813890142266089
139 1.299679129404038
140 7.556505361874599
141 5.474909452644663
142 2.301638318109382
143 3.785580394060066
144 2.7217815167486457
145 5.103716855613621
146 2.516444213502843
147 5.622393218832512
148 2.6815862063485874
149 1.7251865590785607
150 7.246431649995975
151 0.9872943343777241
152 2.1540414321876877
153 6.6444930982073895
154 1.1302753609956422
155 1.5747295462454907
156 7.9260226669408524
157 1.5678137041499656
158 1.31643283307552
159 0.6718428029696015
160 0.9633576644062808
161 0.9673720002199058
162 4.207597794768255
163 6.070508365631476
164 6.969808599201672
165 2.1899607584585086
166 1.9374271841510828
167 9.532665818114005
168 1.9223156951957225
169 4.115291178615368
170 2.0596492484980033
171 10.924336345624365
172 0.5815997807122166
173 1.8020311178427582
174 5.678929730436434
175 5.255160718793403
176 1.262651899505825
177 7.10843910028158
178 4.693237038487818
179 1.553688885606063
180 3.9279701125805966
181 3.636941218148224
182 2.1540414321876877
183 1.1302753609956422
184 0.9872943343777241
185 5.602563454079073
186 1.5678137041499656
187 1.5747295462454907
188 2.9725634032655597
189 0.9673720002199058
190 0.6718428029696015
191 0.9633576644062808
192 1.1447565551122008
193 4.662273054016477
194 2.622217839398915
195 1.9223156951957225
196 4.728439187491074
197 1.760007906052692
198 2.0596492484980033
199 1.299679129404038
200 7.556505361874599
201 4.115291178615368
202 1.8020311178427582
203 3.785580394060066
204 1.262651899505825
205 4.693237038487818
206 2.516444213502843
207 1.553688885606063
208 2.6815862063485874
209 0.5815997807122166
210 3.9279701125805966
211 2.2097534201895677
212 0.8908876218351778
213 5.327528839699504
214 3.588366393925255
215 1.4038949435746968
216 3.9500364729121715
217 2.118120945131192
218 0.5799084346309331
219 0.7383152884295121
220 7.304752014341018
221 3.56471419669244
222 7.527187426395102
223 10.698600897037075
224 8.588429244478512
225 7.654284020623551
226 4.240296202666799
227 0.9723887285380177
228 0.6455413855708958
229 1.5542397922675915
230 0.8922172463525051
231 1.8132408761726135
232 0.3790611055255373
233 4.099805594057315
234 1.108910447905268
235 1.870801852462828
236 4.232712167789602
237 5.455897407632339
238 6.114443721386408
239 0.6031498212065585
240 6.724966801083333
241 3.636941218148224
242 1.4038949435746968
243 0.8908876218351778
244 0.9872943343777241
245 2.118120945131192
246 1.5678137041499656
247 1.5747295462454907
248 2.9725634032655597
249 0.9673720002199058
250 0.5799084346309331
251 0.7383152884295121
252 1.1447565551122008
253 4.662273054016477
254 2.622217839398915
255 0.9723887285380177
256 0.8922172463525051
257 1.760007906052692
258 0.6455413855708958
259 1.299679129404038
260 1.8132408761726135
261 1.5542397922675915
262 1.8020311178427582
263 3.785580394060066
264 1.262651899505825
265 4.693237038487818
266 2.516444213502843
267 1.108910447905268
268 2.6815862063485874
269 0.3790611055255373
270 0.6031498212065585
271 0.8462031066200038
272 0.9357198193495982
273 0.7378342161911031
274 2.1173537626671166
275 5.154910810327066
276 2.9660027724702864
277 9.237655260566555
278 0.5201969644965778
279 1.1305378563085695
280 2.612135330766292
281 1.2259315470742738
282 5.211404804072037
283 0.5770346236024928
284 2.441853510501504
285 0.4426252883236874
286 0.8881594179809615
287 2.17319229637218
288 1.4012254404014195
289 1.7196195652735056
290 1.491471822610186
291 0.5014317032694919
292 0.4126105103199629
293 0.7023876581126107
294 0.5839576231701102
295 0.8329140280787928
296 7.493142467545592
297 2.0989457530436173
298 8.013706445467285
299 2.8648867010205623
300 7.469050685499113
301 3.636941218148224
302 0.7378342161911031
303 0.8462031066200038
304 0.9357198193495982
305 2.118120945131192
306 1.5678137041499656
307 1.5747295462454907
308 0.5770346236024928
309 0.9673720002199058
310 0.5201969644965778
311 0.7383152884295121
312 1.1447565551122008
313 2.441853510501504
314 2.622217839398915
315 0.9723887285380177
316 0.8881594179809615
317 1.491471822610186
318 0.4426252883236874
319 1.299679129404038
320 0.5014317032694919
321 1.5542397922675915
322 1.8020311178427582
323 2.8648867010205623
324 0.8329140280787928
325 4.693237038487818
326 2.0989457530436173
327 0.5839576231701102
328 2.6815862063485874
329 0.3790611055255373
330 0.6031498212065585
331 0.4284806828374097
332 0.5264314490385273
333 0.7263630599444542
334 2.442254317884128
335 10.728314571291302
336 1.9092366100582872
337 10.69390947979495
338 0.4846852106503088
339 0.27794423287735914
340 0.8230150415965289
341 2.088470241885844
342 0.9452780149133437
343 6.697432993168395
344 2.6338518674066407
345 0.6985197062333679
346 0.5929827962612706
347 0.36943813768531375
348 0.41430188958150493
349 0.35001342454446527
350 0.4254698452134511
351 1.1175737592599873
352 0.2564944528642914
353 0.25347422827656296
354 0.3238362573354203
355 0.24620874753985422
356 1.1645495535282122
357 0.2685544825546662
358 2.085092411853584
359 1.5922803127589908
360 2.566030276573483
361 3.636941218148224
362 0.4284806828374097
363 0.5264314490385273
364 0.7263630599444542
365 1.9092366100582872
366 1.5678137041499656
367 1.5747295462454907
368 0.27794423287735914
369 0.9673720002199058
370 0.4846852106503088
371 0.7383152884295121
372 0.9452780149133437
373 2.441853510501504
374 2.622217839398915
375 0.41430188958150493
376 0.36943813768531375
377 0.4254698452134511
378 0.4426252883236874
379 0.35001342454446527
380 0.5014317032694919
381 1.1175737592599873
382 1.1645495535282122
383 1.5922803127589908
384 0.24620874753985422
385 2.566030276573483
386 0.2685544825546662
387 0.25347422827656296
388 2.085092411853584
389 0.2564944528642914
390 0.3238362573354203
391 0.2554598560348038
392 0.2971150845885193
393 0.36059707882308123
394 1.580576491794086
395 4.330658534630326
396 3.0576126527568874
397 0.7387270919068667
398 0.3005995582512182
399 0.24918924984996305
400 0.20331879984297907
401 0.8683344738274523
402 0.2958548524136124
403 3.5532800873948442
404 0.5541905594753884
405 0.30772524954424507
406 0.2379080264252078
407 0.5579491381080572
408 0.4820764391193815
409 0.31594975947467496
410 0.26591631543357397
411 0.2893188963044182
412 0.24183181269849707
413 0.26590644552633735
414 0.31506527649565386
415 0.24302900114033643
416 0.23917195551816062
417 0.41770768650751644
418 0.37599821240423936
419 0.28919150475531685
420 2.1536028820604978
421 0.7387270919068667
422 0.2554598560348038
423 0.2971150845885193
424 0.36059707882308123
425 1.9092366100582872
426 1.5678137041499656
427 1.5747295462454907
428 0.27794423287735914
429 0.2958548524136124
430 0.24918924984996305
431 0.20331879984297907
432 0.8683344738274523
433 2.441853510501504
434 0.5541905594753884
435 0.41430188958150493
436 0.2379080264252078
437 0.4254698452134511
438 0.31594975947467496
439 0.30772524954424507
440 0.26591631543357397
441 0.2893188963044182
442 0.41770768650751644
443 0.37599821240423936
444 0.24183181269849707
445 2.1536028820604978
446 0.24302900114033643
447 0.25347422827656296
448 0.28919150475531685
449 0.2564944528642914
450 0.23917195551816062
451 0.23163317381985138
452 0.2060971265056255
453 0.20924070305964304
454 0.9614644320374344
455 0.2100255958302395
456 5.963226701795686
457 0.2265021113607879
458 0.20265166105790544
459 0.2015978187252745
460 0.25559081102512615
461 0.1989637893172782
462 0.20564071408193585
463 4.232496814423505
464 0.6637028142338568
465 0.19867538159784237
466 0.3756579425048594
467 0.2850750987596187
468 0.2000407022281585
469 0.42049516060928793
470 0.3415335463866549
471 0.19330933044724818
472 0.20328629702782108
473 0.3239451616146931
474 0.30665563836103704
475 0.22976997481517292
476 0.20859706018527047
477 0.27233249219221767
478 0.31757545583607816
479 0.3583969837350107
480 1.7772124281591029
481 0.7387270919068667
482 0.23163317381985138
483 0.2060971265056255
484 0.20924070305964304
485 0.2265021113607879
486 0.2100255958302395
487 1.5747295462454907
488 0.25559081102512615
489 0.1989637893172782
490 0.2015978187252745
491 0.20265166105790544
492 0.8683344738274523
493 0.6637028142338568
494 0.20564071408193585
495 0.3415335463866549
496 0.19867538159784237
497 0.19330933044724818
498 0.31594975947467496
499 0.2000407022281585
500 0.26591631543357397
501 0.2850750987596187
502 0.3583969837350107
503 0.31757545583607816
504 0.24183181269849707
505 1.7772124281591029
506 0.24302900114033643
507 0.22976997481517292
508 0.27233249219221767
509 0.20859706018527047
510 0.20328629702782108
511 0.1938017678024504
512 0.19129333300845963
513 0.19274429514239788
514 0.28969883784292905
515 0.38417692245934476
516 0.525227684239211
517 0.8837902617794615
518 0.19322224983403813
519 0.2003555742977836
520 0.19342967949108414
521 0.19162671721371338
522 0.205251214924131
523 0.223717537946706
524 0.5045219140215667
525 0.19906180450764221
526 0.2048844047422349
527 0.23321393360514753
528 0.22850850635461373
529 0.19630059836331637
530 0.4143942844038997
531 0.20139839607720122
532 0.191605873004
533 0.22502783348620947
534 0.2032908159688822
535 0.2509634645249097
536 0.7886822108606382
537 0.19080334424304746
538 0.3109286636884159
539 0.38955084243818305
540 0.6301196288587174
541 0.525227684239211
542 0.23163317381985138
543 0.1938017678024504
544 0.19129333300845963
545 0.2265021113607879
546 0.19274429514239788
547 0.8837902617794615
548 0.205251214924131
549 0.19322224983403813
550 0.2003555742977836
551 0.19342967949108414
552 0.5045219140215667
553 0.223717537946706
554 0.19162671721371338
555 0.20139839607720122
556 0.19867538159784237
557 0.19330933044724818
558 0.31594975947467496
559 0.2000407022281585
560 0.22850850635461373
561 0.19630059836331637
562 0.3583969837350107
563 0.3109286636884159
564 0.24183181269849707
565 0.6301196288587174
566 0.24302900114033643
567 0.2032908159688822
568 0.19080334424304746
569 0.20859706018527047
570 0.191605873004
571 0.2121344246418364
572 0.219268543130835
573 0.1914484369152063
574 0.191310505574958
575 0.48350454592773273
576 0.3386405760603106
577 0.1899090881981742
578 0.18703725727438547
579 0.18995890524129178
580 0.1959030414492906
581 0.18652714874588794
582 0.19527643239432702
583 0.23659962160439196
584 0.23250497049656316
585 0.19160520983425178
586 0.18596448411034605
587 0.1908428201172856
588 0.2626742838527514
589 0.18666287313687246
590 0.1843243225991531
591 0.5698868588628836
592 0.19955517995418526
593 0.19570331672396368
594 0.19669065726949975
595 0.18565344419730212
596 0.18719912734446909
597 0.18540454316114863
598 0.37194233635318596
599 0.1887783166695136
600 0.5142150795597735
601 0.3386405760603106
602 0.23163317381985138
603 0.1914484369152063
604 0.19129333300845963
605 0.191310505574958
606 0.19274429514239788
607 0.1899090881981742
608 0.19527643239432702
609 0.18995890524129178
610 0.18652714874588794
611 0.19342967949108414
612 0.23250497049656316
613 0.223717537946706
614 0.18703725727438547
615 0.18666287313687246
616 0.1908428201172856
617 0.19160520983425178
618 0.31594975947467496
619 0.2000407022281585
620 0.1843243225991531
621 0.18596448411034605
622 0.1887783166695136
623 0.3109286636884159
624 0.18719912734446909
625 0.5142150795597735
626 0.18540454316114863
627 0.19669065726949975
628 0.19080334424304746
629 0.18565344419730212
630 0.191605873004
631 0.2105145083963944
632 0.187800987796787
633 0.1876306123769771
634 0.18385027569899037
635 0.26865507193480354
636 0.2262861957924336
637 0.21898589247481026
638 0.18477240056666622
639 0.18431283917779218
640 0.24125061903658884
641 0.1834044692889878
642 0.18406208809693214
643 0.5817146618830875
644 0.1826279760152001
645 0.1840609084868703
646 0.19190498580226012
647 0.19841147760746658
648 0.1861800803796625
649 0.27091185903040715
650 0.18833629512617622
651 0.3358293458022743
652 0.18094336548555168
653 0.18248846503591243
654 0.2402494365173531
655 0.1821718800270753
656 0.18265492720937293
657 0.18128268529887892
658 0.18378919576894326
659 0.97368127230376
660 0.5269338697226211
661 0.21898589247481026
662 0.2262861957924336
663 0.18385027569899037
664 0.187800987796787
665 0.1876306123769771
666 0.19274429514239788
667 0.1899090881981742
668 0.18406208809693214
669 0.18995890524129178
670 0.18477240056666622
671 0.1834044692889878
672 0.1826279760152001
673 0.223717537946706
674 0.18431283917779218
675 0.18666287313687246
676 0.1861800803796625
677 0.19160520983425178
678 0.31594975947467496
679 0.18833629512617622
680 0.1840609084868703
681 0.18596448411034605
682 0.1821718800270753
683 0.3109286636884159
684 0.18719912734446909
685 0.5142150795597735
686 0.18094336548555168
687 0.18378919576894326
688 0.18265492720937293
689 0.18248846503591243
690 0.18128268529887892
691 0.18103746061860004
692 0.1823619156734435
693 0.20056097444714793
694 0.18378410861907257
695 0.18353671590818466
696 0.2310721735705592
697 0.20717391112608818
698 0.18134130177804852
699 0.18231627562748676
700 0.1928324304130824
701 0.18318022349311858
702 0.21179161715148087
703 0.18311884323738958
704 0.30967320925846065
705 0.1816500495894724
706 0.18281743457381006
707 0.1817188479511056
708 0.19154110160589743
709 0.18214733873441236
710 0.24388892393133332
711 0.1810416527710068
712 0.18093946415678985
713 0.18110716307274477
714 0.1813753093054944
715 0.18671961131073433
716 0.19106584288322925
717 0.18103921304424486
718 0.19378352233469132
719 0.18444763834215983
720 0.5713915311170803
721 0.21898589247481026
722 0.20717391112608818
723 0.18103746061860004
724 0.187800987796787
725 0.1823619156734435
726 0.18353671590818466
727 0.18378410861907257
728 0.18406208809693214
729 0.18311884323738958
730 0.18477240056666622
731 0.18231627562748676
732 0.18134130177804852
733 0.223717537946706
734 0.18318022349311858
735 0.18666287313687246
736 0.1817188479511056
737 0.19160520983425178
738 0.1810416527710068
739 0.18214733873441236
740 0.1816500495894724
741 0.18281743457381006
742 0.1813753093054944
743 0.18444763834215983
744 0.18719912734446909
745 0.5142150795597735
746 0.18093946415678985
747 0.18103921304424486
748 0.18265492720937293
749 0.18248846503591243
750 0.18110716307274477
751 0.18082330633451593
752 0.18310101691281377
753 0.20160093696637915
754 0.18104650525822974
755 0.18081768192432257
756 0.23285144059795404
757 0.21274163077846286
758 0.18112870207435217
759 0.18103897749940212
760 0.21642249859510843
761 0.18051216014602578
762 0.18057618879726278
763 0.18665817958569697
764 0.3901345022513565
765 0.1844109692643705
766 0.1811503419519247
767 0.18026536439691077
768 0.18026610281910482
769 0.18259683096117496
770 0.1798341323054813
771 0.23485886827663682
772 0.1810192130511743
773 0.18102428191883058
774 0.18116512645845817
775 0.18125341979342235
776 0.1818318879181231
777 0.1808245793327743
778 0.1848249411225691
779 0.20225061878029282
780 0.3617764232449652
781 0.21274163077846286
782 0.20717391112608818
783 0.18082330633451593
784 0.18081768192432257
785 0.1823619156734435
786 0.18353671590818466
787 0.18104650525822974
788 0.18057618879726278
789 0.18311884323738958
790 0.18477240056666622
791 0.18103897749940212
792 0.18112870207435217
793 0.223717537946706
794 0.18051216014602578
795 0.1798341323054813
796 0.18026536439691077
797 0.19160520983425178
798 0.1810416527710068
799 0.18026610281910482
800 0.1811503419519247
801 0.18259683096117496
802 0.18125341979342235
803 0.18444763834215983
804 0.18719912734446909
805 0.3617764232449652
806 0.18093946415678985
807 0.18102428191883058
808 0.1808245793327743
809 0.1818318879181231
810 0.18110716307274477
811 0.18066719774217943
812 0.17995301819099385
813 0.18061140113599827
814 0.18034355996303542
815 0.18067974674659126
816 0.4138977257601917
817 0.18289197080057806
818 0.17992601471176184
819 0.17995110696335637
820 0.18182895037354907
821 0.17975421141788872
822 0.18314772409822244
823 0.18938564929111967
824 0.2012118443127242
825 0.17979408599046276
826 0.1798121416020837
827 0.17976420812874694
828 0.17989457081570803
829 0.17956117019126272
830 0.1809920282469759
831 0.18514281045947456
832 0.18009594234640103
833 0.17994230592857585
834 0.18006666523156323
835 0.1806698566038374
836 0.18304130336176438
837 0.18764106866942232
838 0.1792652341723806
839 0.18003827311130993
840 0.6672711438975758
841 0.18289197080057806
842 0.20717391112608818
843 0.17995301819099385
844 0.18066719774217943
845 0.18034355996303542
846 0.18067974674659126
847 0.18061140113599827
848 0.17995110696335637
849 0.18311884323738958
850 0.18477240056666622
851 0.18103897749940212
852 0.17975421141788872
853 0.2012118443127242
854 0.17992601471176184
855 0.17979408599046276
856 0.1798121416020837
857 0.18514281045947456
858 0.17989457081570803
859 0.17976420812874694
860 0.17956117019126272
861 0.1809920282469759
862 0.18125341979342235
863 0.1792652341723806
864 0.18003827311130993
865 0.3617764232449652
866 0.17994230592857585
867 0.18006666523156323
868 0.18009594234640103
869 0.1818318879181231
870 0.1806698566038374
871 0.18739719566857915
872 0.18676536752275896
873 0.18334299952161826
874 0.17874948544611424
875 0.18445307743765227
876 0.1788081934620247
877 0.250707708244138
878 0.1790984302520875
879 0.179067764098094
880 0.17910748052745062
881 0.1790558648451761
882 0.1791737081514937
883 0.20152452562892198
884 0.1792961858870108
885 0.18097056173152248
886 0.17866360441146178
887 0.17890698068170718
888 0.17885453014825226
889 0.1812067870149332
890 0.20260749579897896
891 0.17875056469488437
892 0.18047080713091446
893 0.18066636311848727
894 0.17874367985740247
895 0.1787308515437156
896 0.18093099835736037
897 0.19299409839163428
898 0.179700965465331
899 0.179218972852224
900 0.5991753156511952
901 0.1788081934620247
902 0.20717391112608818
903 0.17995301819099385
904 0.17874948544611424
905 0.18034355996303542
906 0.18067974674659126
907 0.18061140113599827
908 0.17910748052745062
909 0.1791737081514937
910 0.18477240056666622
911 0.1790558648451761
912 0.1790984302520875
913 0.1792961858870108
914 0.179067764098094
915 0.17890698068170718
916 0.17885453014825226
917 0.17875056469488437
918 0.17989457081570803
919 0.17866360441146178
920 0.17956117019126272
921 0.1809920282469759
922 0.179700965465331
923 0.1792652341723806
924 0.17874367985740247
925 0.3617764232449652
926 0.17994230592857585
927 0.1787308515437156
928 0.18009594234640103
929 0.179218972852224
930 0.1806698566038374
931 0.1792142365595777
932 0.17978296389748527
933 0.18592928842375311
934 0.17888513096348713
935 0.1844635041181435
936 0.19929382672162355
937 0.18756026461637387
938 0.17899531572981897
939 0.17916540414938886
940 0.17860300249351502
941 0.17883349911601099
942 0.17865418554309898
943 0.17970008405011662
944 0.17917803285633105
945 0.17860512784809512
946 0.17879691488274307
947 0.17872752012015836
948 0.17861427734238333
949 0.17859501485605422
950 0.1823030632286995
951 0.21849950029349596
952 0.1786940791197773
953 0.1786037915711538
954 0.17883491679642516
955 0.17875501968132013
956 0.17860213969817718
957 0.1795986079094487
958 0.20818628811096018
959 0.17859862222530576
960 0.208338249017608
961 0.1788081934620247
962 0.18756026461637387
963 0.17995301819099385
964 0.17874948544611424
965 0.17888513096348713
966 0.18067974674659126
967 0.18061140113599827
968 0.17883349911601099
969 0.17865418554309898
970 0.17917803285633105
971 0.17899531572981897
972 0.17860300249351502
973 0.1792961858870108
974 0.179067764098094
975 0.17861427734238333
976 0.17872752012015836
977 0.17875056469488437
978 0.17989457081570803
979 0.17860512784809512
980 0.17859501485605422
981 0.1809920282469759
982 0.17860213969817718
983 0.17875501968132013
984 0.1786037915711538
985 0.208338249017608
986 0.1795986079094487
987 0.1786940791197773
988 0.18009594234640103
989 0.17883491679642516
990 0.17859862222530576
evaluations raw_y
1 4.654409784903059
2 2.169565451066062
3 10.555406311158425
4 5.364418037715636
5 8.083635037919116
6 3.6673839398577437
7 6.999982150155512
8 6.254005514316068
9 10.427985545472037
10 6.275640089481793
11 5.804730144914067
12 6.5819346099057405
13 4.8326246884791395
14 7.392158659044673
15 5.435805381228096
16 3.800204874080555
17 7.3211272564930825
18 6.624143386232776
19 4.167984635843519
20 5.58976650089828
21 5.183197146777857
22 6.620194622205708
23 5.719640699238516
24 7.02475047628783
25 5.621086567273194
26 4.269403364256705
27 1.6395010325048402
28 6.658084866531645
29 4.577278943516034
30 5.353400843399601
31 5.044047042973416
32 5.136758026394611
33 5.672105696376457
34 4.614246239142446
35 4.900770026903406
36 11.49342343341354
37 5.605929622147159
38 9.491923781723427
39 6.0988836798689
40 6.872341637820518
41 6.719612112874133
42 10.22682805088424
43 8.345390611074048
44 7.19094513653486
45 5.550393813197578
46 1.822155633286436
47 4.29338472446929
48 6.139780955734132
49 2.619307898417129
50 1.397101769118213
51 9.001416043039812
52 0.25876941899611894
53 3.30334033499126
54 12.043614276987553
55 1.2626793791977482
56 6.352365252263903
57 10.867816116766623
58 9.123835178337126
59 6.347634358582421
60 1.2102412621769318
61 4.654409784903059
62 2.169565451066062
63 5.605929622147159
64 4.614246239142446
65 8.083635037919116
66 3.6673839398577437
67 4.900770026903406
68 6.254005514316068
69 7.19094513653486
70 6.275640089481793
71 5.804730144914067
72 6.5819346099057405
73 4.8326246884791395
74 7.392158659044673
75 5.435805381228096
76 3.800204874080555
77 7.3211272564930825
78 1.397101769118213
79 1.822155633286436
80 2.619307898417129
81 4.29338472446929
82 6.620194622205708
83 5.719640699238516
84 1.2102412621769318
85 5.621086567273194
86 3.30334033499126
87 0.25876941899611894
88 6.347634358582421
89 4.577278943516034
90 1.2626793791977482
91 0.27146055538530234
92 5.1258336663491395
93 8.775720484706278
94 3.7011592010865293
95 0.04960148534689812
96 5.76433560528641
97 2.6616548786201877
98 1.0912308435085798
99 0.6620670604325065
100 8.749220513336919
101 6.839297937771819
102 9.546690027806623
103 5.340823201100109
104 7.130650644664652
105 0.17658623850253763
106 1.4935710040257963
107 5.397006179644629
108 9.310373081756678
109 2.530458933251043
110 8.671001359351031
111 2.986266450460803
112 0.3359579568203666
113 -0.12865587306030735
114 7.496482563258272
115 3.79209067235777
116 8.064925744717243
117 5.8630339056342065
118 5.188437487553017
119 0.404272850064755
120 4.908516928983374
121 3.7011592010865293
122 0.27146055538530234
123 5.605929622147159
124 4.614246239142446
125 2.6616548786201877
126 3.6673839398577437
127 0.04960148534689812
128 6.254005514316068
129 5.340823201100109
130 6.275640089481793
131 0.6620670604325065
132 6.5819346099057405
133 1.0912308435085798
134 7.130650644664652
135 5.435805381228096
136 3.800204874080555
137 2.986266450460803
138 0.17658623850253763
139 1.4935710040257963
140 2.619307898417129
141 2.530458933251043
142 4.908516928983374
143 5.188437487553017
144 -0.12865587306030735
145 5.621086567273194
146 3.30334033499126
147 0.25876941899611894
148 0.404272850064755
149 4.577278943516034
150 1.2626793791977482
151 -0.31458062572549006
152 -0.025883561334646643
153 0.6622590431842998
154 4.118675480189894
155 1.0372686246044398
156 0.7693122951723352
157 5.770416775524941
158 -0.4319480644571069
159 -0.1304974462612527
160 1.4913847365201804
161 1.1850945306718517
162 4.7333918423210255
163 8.711855508295445
164 4.709898324006982
165 1.2194460236897005
166 -0.44920869934491614
167 -0.31708100210221213
168 0.008620162661118869
169 0.9013733418086846
170 4.900828918211828
171 4.375323977154212
172 0.08753190403783911
173 -0.39562797695338314
174 -0.038744292355359033
175 -0.1759746942961503
176 1.3182152337572663
177 0.8937843935455267
178 5.9818293726034515
179 0.5828203508121457
180 -0.4228909302681667
181 1.0372686246044398
182 -0.025883561334646643
183 5.605929622147159
184 0.7693122951723352
185 0.6622590431842998
186 3.6673839398577437
187 -0.31458062572549006
188 1.1850945306718517
189 1.4913847365201804
190 4.7333918423210255
191 -0.4319480644571069
192 6.5819346099057405
193 -0.1304974462612527
194 4.709898324006982
195 4.375323977154212
196 3.800204874080555
197 0.9013733418086846
198 0.17658623850253763
199 -0.44920869934491614
200 0.008620162661118869
201 -0.31708100210221213
202 4.908516928983374
203 0.5828203508121457
204 -0.12865587306030735
205 -0.4228909302681667
206 1.3182152337572663
207 -0.39562797695338314
208 -0.038744292355359033
209 0.8937843935455267
210 -0.1759746942961503
211 -0.43181475489793186
212 -0.5056092282975576
213 0.7133634078385601
214 -0.47239830840962227
215 0.9925764229216372
216 -0.507676016835271
217 0.7915828200278443
218 -0.43324926750473314
219 -0.016636725345686276
220 -0.281739582941963
221 -0.3019017255927807
222 9.178882760154023
223 9.925753018281299
224 6.053617964539507
225 -0.5371069907271675
226 0.8729013487756269
227 0.2444664656323099
228 -0.30172886277676947
229 -0.2123088770295497
230 0.624777252158301
231 -0.34984840747413204
232 -0.4044787376591621
233 0.06403434186461571
234 0.06476328052032126
235 -0.5040235406715287
236 -0.04827181114399637
237 -0.15680079311245632
238 -0.4040258419753511
239 1.7757613235926524
240 0.4979409972384321
241 0.9925764229216372
242 -0.5056092282975576
243 0.7915828200278443
244 -0.47239830840962227
245 0.6622590431842998
246 -0.507676016835271
247 -0.43181475489793186
248 -0.281739582941963
249 -0.3019017255927807
250 4.7333918423210255
251 -0.43324926750473314
252 6.053617964539507
253 -0.1304974462612527
254 4.709898324006982
255 -0.34984840747413204
256 0.624777252158301
257 -0.2123088770295497
258 -0.30172886277676947
259 -0.5371069907271675
260 0.008620162661118869
261 -0.31708100210221213
262 0.4979409972384321
263 -0.15680079311245632
264 -0.5040235406715287
265 -0.4228909302681667
266 1.3182152337572663
267 -0.39562797695338314
268 -0.04827181114399637
269 -0.4040258419753511
270 -0.1759746942961503
271 4.602453467452468
272 -1.1360134637796517
273 -0.5055194306301547
274 3.778196290453592
275 1.5661648868735971
276 4.928422994423668
277 2.814157948756293
278 -0.47384556477531836
279 0.3954616140656126
280 -0.47761043838991424
281 -0.4407575548704348
282 2.3487078895242117
283 0.5516177051584676
284 1.1099546479917555
285 -0.2948641933513648
286 -0.35920528859682854
287 0.12284894789711442
288 -0.8486456210329464
289 3.2722750139882826
290 -0.0417890120697445
291 -1.13459489026824
292 -0.35646856976010066
293 3.8303149841037176
294 -0.12478696586740523
295 4.380949765799664
296 5.270506190208923
297 -0.5165198138381925
298 -0.34179841015789436
299 0.6921786934335151
300 6.254520920700609
301 0.9925764229216372
302 -1.1360134637796517
303 0.7915828200278443
304 -0.5055194306301547
305 0.6622590431842998
306 -0.507676016835271
307 -0.43181475489793186
308 -0.47761043838991424
309 -0.3019017255927807
310 0.5516177051584676
311 -0.47384556477531836
312 1.1099546479917555
313 -0.4407575548704348
314 2.3487078895242117
315 -0.35920528859682854
316 -1.13459489026824
317 -0.2123088770295497
318 -0.8486456210329464
319 -0.5371069907271675
320 -0.0417890120697445
321 -0.31708100210221213
322 0.4979409972384321
323 -0.5165198138381925
324 -0.5040235406715287
325 -0.4228909302681667
326 1.3182152337572663
327 -0.39562797695338314
328 -0.34179841015789436
329 -0.4040258419753511
330 -0.1759746942961503
331 0.9628008966833189
332 2.997987628597211
333 1.1824769560612185
334 -0.3880596304570012
335 8.478269475218532
336 -0.6925000904386298
337 -1.0078369589273661
338 -0.6364069698311716
339 -0.5152803195135446
340 -0.9957129511514343
341 1.0319365681502262
342 -0.258156536051118
343 0.32632318014288186
344 -0.3366726190846864
345 -1.1362714807362462
346 0.8815057226819609
347 1.6152842247519115
348 -0.06459524297489905
349 -1.1521996487604733
350 -1.2832887894106384
351 -1.186569820595326
352 -0.8651749908504545
353 5.297803478103548
354 -1.2198507021515583
355 -0.5850215589286144
356 1.3177967828772483
357 2.8520085130435415
358 -0.24953774680020602
359 0.8555743419289885
360 1.016175539838726
361 -1.0078369589273661
362 -1.1360134637796517
363 -0.6925000904386298
364 -0.5055194306301547
365 0.6622590431842998
366 -0.507676016835271
367 -0.43181475489793186
368 -0.6364069698311716
369 -0.3019017255927807
370 -0.258156536051118
371 -0.5152803195135446
372 0.32632318014288186
373 -0.9957129511514343
374 -0.3366726190846864
375 -0.35920528859682854
376 -1.1362714807362462
377 -1.2832887894106384
378 -0.8486456210329464
379 -0.5371069907271675
380 -1.186569820595326
381 -1.1521996487604733
382 0.4979409972384321
383 -0.8651749908504545
384 -0.5040235406715287
385 -1.2198507021515583
386 1.016175539838726
387 -0.39562797695338314
388 -0.34179841015789436
389 -0.5850215589286144
390 -0.24953774680020602
391 -1.2803725848678775
392 -0.8851222462976804
393 0.5184347061459356
394 -0.45627041679918867
395 -0.4569706010599346
396 1.1962838320186306
397 3.385291726591836
398 0.49421427308751764
399 -1.385916828709551
400 -1.2703208489069981
401 -0.8963034178902481
402 -0.9374784841726814
403 3.6399966743231476
404 -0.6618751121806166
405 -1.2853402984200168
406 -0.7441099836126406
407 -1.343831823543221
408 -1.3402674626435034
409 -0.9581189347119498
410 -1.0410802808140815
411 -0.5682771687510288
412 -1.2975741360694828
413 -0.6908666694316596
414 -0.7074170942529721
415 -1.1299295560626468
416 2.425095798648153
417 -0.4648317519446563
418 -1.2253815273958617
419 -1.2772724538121203
420 -0.11101744337221486
421 -1.0078369589273661
422 -1.2803725848678775
423 -0.6925000904386298
424 -0.5055194306301547
425 0.6622590431842998
426 -0.507676016835271
427 -0.43181475489793186
428 -1.385916828709551
429 -0.9374784841726814
430 -0.258156536051118
431 -1.2703208489069981
432 -0.6618751121806166
433 -0.9957129511514343
434 -0.8963034178902481
435 -0.5682771687510288
436 -1.3402674626435034
437 -1.2853402984200168
438 -0.9581189347119498
439 -1.0410802808140815
440 -1.186569820595326
441 -1.343831823543221
442 -1.2772724538121203
443 -0.8651749908504545
444 -1.1299295560626468
445 -1.2975741360694828
446 -0.11101744337221486
447 -0.39562797695338314
448 -0.4648317519446563
449 -0.7074170942529721
450 -1.2253815273958617
451 -1.3711121428070276
452 -1.3491445439067584
453 -1.3226774140759763
454 -0.8982712803262662
455 -0.9561591234031185
456 -1.094244971713003
457 3.705091438312566
458 -1.3873145802336917
459 -1.387766067462249
460 -1.3745457073903977
461 -0.9831415710527645
462 -1.3736304651889535
463 -1.3451117775133952
464 -1.359677916915467
465 -1.376907240943443
466 -1.3393589642949832
467 -1.383888871943173
468 -1.2071423149258373
469 -1.375960041047891
470 -1.3772234554228806
471 -1.4225268432688707
472 -1.3642159625283836
473 -0.7752654237391267
474 -1.2533559292254421
475 0.32272833551867314
476 -1.3498397807850575
477 -1.2598654071857955
478 1.196166123668541
479 1.5249951496146175
480 3.06235696197456
481 -1.3491445439067584
482 -1.3711121428070276
483 -1.3226774140759763
484 -0.9561591234031185
485 0.6622590431842998
486 -0.8982712803262662
487 -1.094244971713003
488 -1.3873145802336917
489 -0.9831415710527645
490 -1.359677916915467
491 -1.387766067462249
492 -1.3451117775133952
493 -1.3745457073903977
494 -1.3736304651889535
495 -1.4225268432688707
496 -1.3402674626435034
497 -1.383888871943173
498 -1.3772234554228806
499 -1.375960041047891
500 -1.2071423149258373
501 -1.376907240943443
502 -1.2772724538121203
503 -1.3498397807850575
504 -1.1299295560626468
505 -1.3642159625283836
506 -0.11101744337221486
507 -0.39562797695338314
508 -0.4648317519446563
509 -1.2598654071857955
510 -1.2533559292254421
511 -1.4214710704770914
512 -1.3957794232052068
513 -0.9675259827955547
514 -1.4215392005268965
515 -1.4201818058634053
516 -1.1164563786057282
517 6.875491530280168
518 -1.2404540072665367
519 -1.4442945615560552
520 -1.205029931238429
521 -1.442597692203143
522 -1.4180568420406254
523 -1.4364494727667503
524 -1.360914235389524
525 -1.4327965364254824
526 -1.434309082929477
527 -1.4412683565120654
528 -0.38883035661153964
529 -1.4248910783969917
530 -1.4456139534331447
531 -1.4216682628754271
532 -1.4203009817096999
533 -1.419490175430067
534 -1.3818304523279326
535 -1.456739413146197
536 -1.3869989809513381
537 -0.841047207182439
538 -0.6059732419399528
539 -1.3621780409287652
540 -0.9118810663628059
541 -1.3957794232052068
542 -1.4214710704770914
543 -1.3226774140759763
544 -1.4201818058634053
545 0.6622590431842998
546 -1.1164563786057282
547 -1.4215392005268965
548 -1.4442945615560552
549 -1.360914235389524
550 -1.4180568420406254
551 -1.387766067462249
552 -1.4364494727667503
553 -1.3745457073903977
554 -1.442597692203143
555 -1.4327965364254824
556 -1.4456139534331447
557 -1.434309082929477
558 -1.4412683565120654
559 -1.4248910783969917
560 -1.4216682628754271
561 -1.376907240943443
562 -1.3818304523279326
563 -1.419490175430067
564 -1.1299295560626468
565 -1.4203009817096999
566 -0.9118810663628059
567 -1.3621780409287652
568 -0.6059732419399528
569 -1.456739413146197
570 -1.3869989809513381
571 -1.4564439334275168
572 -1.435737592440015
573 -1.456521267743589
574 -1.4524492390574228
575 -1.2520883322842882
576 -1.3537511338127635
577 4.048981989960768
578 -1.4574364107673343
579 -1.4428956313497159
580 -1.3234065944963993
581 -1.4390418386262496
582 -1.4440806143335978
583 -1.0980271338918892
584 -1.4440378053168528
585 -1.4573488995587227
586 -1.4473706387828398
587 -1.4168541769379832
588 -1.4368008859815502
589 -1.4217744224189064
590 -1.4556574717432937
591 -1.4528709668665396
592 -1.4566125192602313
593 -1.4545033316752058
594 -1.4569049402136198
595 -1.3970930982707526
596 -1.350356455547835
597 -1.113109636716177
598 -1.4536178482771867
599 -1.3890594204895117
600 0.6532545334919477
601 -1.4524492390574228
602 -1.435737592440015
603 -1.3226774140759763
604 -1.456521267743589
605 0.6622590431842998
606 -1.3537511338127635
607 -1.4564439334275168
608 -1.4574364107673343
609 -1.4440378053168528
610 -1.4390418386262496
611 -1.4440806143335978
612 -1.4364494727667503
613 -1.3745457073903977
614 -1.4428956313497159
615 -1.4368008859815502
616 -1.4573488995587227
617 -1.434309082929477
618 -1.4473706387828398
619 -1.4248910783969917
620 -1.4556574717432937
621 -1.4528709668665396
622 -1.3818304523279326
623 -1.4569049402136198
624 -1.4536178482771867
625 -1.4545033316752058
626 -1.3890594204895117
627 -1.3621780409287652
628 -0.6059732419399528
629 -1.456739413146197
630 -1.3970930982707526
631 -1.4568094500536224
632 -1.4579604230051755
633 -1.4572353402273626
634 -1.4562190782385342
635 -0.5195157615908004
636 -1.432894890636065
637 3.0571846180597433
638 -1.4573326148459396
639 -1.4576631961070938
640 -1.4582798347888373
641 -1.4538328437465449
642 -1.4578798546246938
643 -1.4500521998577964
644 -1.421950857753509
645 -1.458279120752643
646 -1.4566863639808325
647 -1.4584197207586276
648 -1.4572910075392187
649 -1.432412069847763
650 -1.4577349739112435
651 -1.4358640281442072
652 -1.4563345933399703
653 -1.4584087099350707
654 -1.45841617160252
655 -1.4577261677057476
656 -1.0865967867149355
657 -1.3723078343840833
658 -1.4575182492094294
659 -1.3974453670465425
660 -1.2008909267259331
661 -1.4572353402273626
662 -1.4562190782385342
663 -1.432894890636065
664 -1.4568094500536224
665 0.6622590431842998
666 -1.3537511338127635
667 -1.4579604230051755
668 -1.4574364107673343
669 -1.4582798347888373
670 -1.4578798546246938
671 -1.4576631961070938
672 -1.4500521998577964
673 -1.421950857753509
674 -1.4538328437465449
675 -1.4368008859815502
676 -1.458279120752643
677 -1.4577349739112435
678 -1.4572910075392187
679 -1.4358640281442072
680 -1.4566863639808325
681 -1.4584197207586276
682 -1.4575182492094294
683 -1.4569049402136198
684 -1.4577261677057476
685 -1.45841617160252
686 -1.3890594204895117
687 -1.3974453670465425
688 -1.2008909267259331
689 -1.4584087099350707
690 -1.3970930982707526
691 -1.4584745518144948
692 -1.4571072217212215
693 -1.4547008414067224
694 -1.4584334202462519
695 -1.4566552023550243
696 -1.4067892439469305
697 0.7039081817386328
698 -1.4580833104873765
699 -1.4584035740725052
700 -1.4584700144377432
701 -1.4584763808840173
702 -1.458036190813751
703 -1.4577325756164785
704 -1.381547090094804
705 -1.4583744362646958
706 -1.4585601674084132
707 -1.4583553397170268
708 -1.4567417347000267
709 -1.4559185783287312
710 -1.3623936370756164
711 -1.4584736900127369
712 -1.4584746928928571
713 -1.4584731961242707
714 -1.4584707945616207
715 -1.454384108836651
716 -1.44971451385222
717 -1.4379500435117656
718 -1.4557437735923944
719 -1.4262318909868812
720 -1.4410742434736588
721 -1.4572353402273626
722 -1.4584334202462519
723 -1.4566552023550243
724 -1.4568094500536224
725 0.6622590431842998
726 -1.4067892439469305
727 -1.4584745518144948
728 -1.4584763808840173
729 -1.4582798347888373
730 -1.4584035740725052
731 -1.4584700144377432
732 -1.4577325756164785
733 -1.421950857753509
734 -1.458036190813751
735 -1.4368008859815502
736 -1.4585601674084132
737 -1.4583553397170268
738 -1.4572910075392187
739 -1.4584736900127369
740 -1.4566863639808325
741 -1.4584197207586276
742 -1.4575182492094294
743 -1.4569049402136198
744 -1.4584707945616207
745 -1.4584746928928571
746 -1.4262318909868812
747 -1.4379500435117656
748 -1.4410742434736588
749 -1.4584731961242707
750 -1.4557437735923944
751 -1.4585393832029632
752 -1.4589856908599774
753 -1.458623827557612
754 -1.456226405738669
755 -1.458476062861978
756 -1.4578798214180884
757 -0.9810289564995378
758 -1.4584874092211533
759 -1.4584053250004825
760 -1.4585354667448622
761 -1.4588795454821004
762 -1.4570893159346456
763 -1.4580259778102973
764 -1.4446058862699953
765 -1.4588645046571236
766 -1.4587454722584094
767 -1.4587604498861144
768 -1.4586111038994816
769 -1.4584374879505457
770 -1.4583700299212454
771 -1.4568483552494613
772 -1.4582320070566661
773 -1.4587350033102202
774 -1.4586040983498818
775 -1.4557202487715468
776 -1.4589656079785165
777 -1.4584214766638919
778 -1.4584060339510225
779 -1.4366292029304533
780 -1.451940908619024
781 -1.458623827557612
782 -1.4589856908599774
783 -1.458476062861978
784 -1.4568094500536224
785 -0.9810289564995378
786 -1.4578798214180884
787 -1.4585393832029632
788 -1.4584874092211533
789 -1.4588795454821004
790 -1.4585354667448622
791 -1.4584700144377432
792 -1.4580259778102973
793 -1.4446058862699953
794 -1.458036190813751
795 -1.4568483552494613
796 -1.4588645046571236
797 -1.4586111038994816
798 -1.4584374879505457
799 -1.4587454722584094
800 -1.4583700299212454
801 -1.4587604498861144
802 -1.4575182492094294
803 -1.4589656079785165
804 -1.4586040983498818
805 -1.4584746928928571
806 -1.451940908619024
807 -1.4379500435117656
808 -1.4584060339510225
809 -1.4587350033102202
810 -1.4584214766638919
811 -1.4589585366392643
812 -1.4588486771197025
813 -1.459121373935845
814 -1.459861731973029
815 -1.458288865367118
816 -1.455216654328998
817 -1.3524490105765914
818 -1.4589264737215708
819 -1.4593721325664861
820 -1.4594680761588426
821 -1.458887103098009
822 -1.458493605860383
823 -1.4590856745482315
824 -1.4420283489627286
825 -1.4590191075860495
826 -1.458991733054393
827 -1.4597436170350653
828 -1.4583946332228614
829 -1.4583408901580979
830 -1.459786393958375
831 -1.4586072189975814
832 -1.457990363031291
833 -1.459566790012223
834 -1.4571382751687416
835 -1.4597996503338666
836 -1.4586340796802435
837 -1.458550895992003
838 -1.45969879408884
839 -1.4591634661764061
840 -1.4427360652658878
841 -1.4588486771197025
842 -1.4589856908599774
843 -1.459861731973029
844 -1.4568094500536224
845 -1.3524490105765914
846 -1.458288865367118
847 -1.459121373935845
848 -1.4594680761588426
849 -1.4589264737215708
850 -1.4593721325664861
851 -1.458887103098009
852 -1.4590856745482315
853 -1.4446058862699953
854 -1.458493605860383
855 -1.4586072189975814
856 -1.4590191075860495
857 -1.4586111038994816
858 -1.4584374879505457
859 -1.4597436170350653
860 -1.459786393958375
861 -1.458991733054393
862 -1.45969879408884
863 -1.4589656079785165
864 -1.4586040983498818
865 -1.4597996503338666
866 -1.4591634661764061
867 -1.4427360652658878
868 -1.458550895992003
869 -1.459566790012223
870 -1.4586340796802435
871 -1.4598123692495495
872 -1.4595955483546021
873 -1.4602615964457804
874 -1.4578401124256735
875 -1.460429816366828
876 -1.4496655623954116
877 -1.4446897881129286
878 -1.4597545732475279
879 -1.4596496427058552
880 -1.4592304441156223
881 -1.459953290505255
882 -1.4596726076356838
883 -1.459950713820778
884 -1.4596464788798156
885 -1.4599416788197892
886 -1.4599509447006005
887 -1.4602078317548561
888 -1.459691253728054
889 -1.459771610569049
890 -1.4590711988430052
891 -1.4599555385123768
892 -1.459138470778773
893 -1.4602137832167983
894 -1.4600872208597622
895 -1.457470194716074
896 -1.4592893781403091
897 -1.459829563750946
898 -1.4581816606986653
899 -1.4596087612354758
900 -1.4345174452842653
901 -1.4588486771197025
902 -1.4602615964457804
903 -1.459861731973029
904 -1.4568094500536224
905 -1.4446897881129286
906 -1.460429816366828
907 -1.4595955483546021
908 -1.4597545732475279
909 -1.459953290505255
910 -1.4596496427058552
911 -1.4596726076356838
912 -1.4592304441156223
913 -1.4596464788798156
914 -1.459950713820778
915 -1.4590711988430052
916 -1.4602078317548561
917 -1.459771610569049
918 -1.4599555385123768
919 -1.4599509447006005
920 -1.4599416788197892
921 -1.459691253728054
922 -1.4602137832167983
923 -1.4592893781403091
924 -1.4586040983498818
925 -1.4597996503338666
926 -1.4591634661764061
927 -1.4427360652658878
928 -1.4596087612354758
929 -1.4600872208597622
930 -1.459829563750946
931 -1.460184251123151
932 -1.4602858285207239
933 -1.4577181811277486
934 -1.4490119135775945
935 -1.4618382273537371
936 -1.4603868489569236
937 -1.0909557480656806
938 -1.460265472339333
939 -1.4590339537264603
940 -1.4602777823002935
941 -1.461023003171214
942 -1.461583688277225
943 -1.4603915697561907
944 -1.4604485500851259
945 -1.4606687066614268
946 -1.461360875370831
947 -1.4583841272096196
948 -1.458754733569267
949 -1.4608874605109503
950 -1.4603993664935224
951 -1.4598444239208765
952 -1.460822668693277
953 -1.460882964499179
954 -1.4604826234275738
955 -1.4612947874330215
956 -1.4610164485545913
957 -1.453895886851906
958 -1.4614413405267528
959 -1.4614267845910462
960 -1.4245938036206294
961 -1.4618382273537371
962 -1.4602858285207239
963 -1.459861731973029
964 -1.4603868489569236
965 -1.4446897881129286
966 -1.460429816366828
967 -1.4595955483546021
968 -1.4602777823002935
969 -1.460265472339333
970 -1.461583688277225
971 -1.461023003171214
972 -1.4604485500851259
973 -1.4603915697561907
974 -1.459950713820778
975 -1.4598444239208765
976 -1.4606687066614268
977 -1.4608874605109503
978 -1.461360875370831
979 -1.4599509447006005
980 -1.4599416788197892
981 -1.4603993664935224
982 -1.460822668693277
983 -1.4592893781403091
984 -1.4614267845910462
985 -1.4612947874330215
986 -1.4614413405267528
987 -1.4427360652658878
988 -1.4610164485545913
989 -1.460882964499179
990 -1.4604826234275738
evaluations raw_y
1 9.359819947077742
2 4.439467736213227
3 4.868002331048784
4 6.597180423865944
5 5.1715553054277255
6 2.8567809628012046
7 5.991723095431997
8 6.076893663335175
9 0.6487407587029137
10 3.371824253599155
11 5.9822766245526875
12 5.805564004227798
13 5.523060975948688
14 2.697183215390562
15 7.086768175097104
16 5.514816027228222
17 7.531403525810477
18 6.420387619809699
19 5.291211106334891
20 6.57186008967607
21 5.055118822842058
22 7.24488593185721
23 2.8451013338481586
24 6.336727452211473
25 3.108084509610432
26 6.700118966495741
27 8.207821165832183
28 4.575734982740681
29 4.237687400764182
30 4.9625336186055655
31 8.78388741500272
32 0.1283483372340133
33 5.561722434091513
34 8.844456991991938
35 4.166542096459543
36 8.998631666285535
37 0.5359333454806432
38 3.159386138357862
39 1.2580135626129552
40 4.176289256216638
41 8.20258749653703
42 4.96305008738194
43 2.710468417990994
44 5.955111008699128
45 8.244933173362984
46 4.50936567773817
47 8.662572503771733
48 8.992351890169603
49 0.27782342337611055
50 4.131239360439816
51 9.651487877709808
52 1.7964527596279443
53 6.639843244323979
54 1.0537696568563957
55 4.90629913180142
56 7.43989047131101
57 7.179007558499096
58 10.219585849029869
59 9.22329378299317
60 5.988514803463557
61 0.5359333454806432
62 0.1283483372340133
63 4.868002331048784
64 6.597180423865944
65 5.1715553054277255
66 2.8567809628012046
67 4.166542096459543
68 5.955111008699128
69 0.6487407587029137
70 3.371824253599155
71 2.710468417990994
72 4.96305008738194
73 5.523060975948688
74 1.2580135626129552
75 4.131239360439816
76 5.514816027228222
77 7.531403525810477
78 6.420387619809699
79 4.50936567773817
80 0.27782342337611055
81 5.055118822842058
82 7.24488593185721
83 1.7964527596279443
84 6.336727452211473
85 3.108084509610432
86 6.700118966495741
87 5.988514803463557
88 4.575734982740681
89 1.0537696568563957
90 4.9625336186055655
91 0.29872306421646
92 3.8339301211336956
93 6.990612140539676
94 0.5102165151131621
95 8.65258081708328
96 0.4242130508640656
97 1.2370965819348385
98 5.199771228914044
99 6.1413637268213614
100 0.06429377562848426
101 4.9135732849171445
102 2.7854604675268204
103 1.892571023127191
104 3.0634233888613442
105 0.9364356985651521
106 1.2856405813518714
107 1.4178016100019037
108 5.977748526293946
109 9.92871047124062
110 1.2970676355978843
111 5.841006363477494
112 3.2299109929613503
113 3.419160680056694
114 4.922823266568122
115 5.061240747875331
116 2.0531714279156943
117 3.247942320842496
118 0.707439370464956
119 10.10992107409239
120 7.003876994298313
121 0.5359333454806432
122 0.1283483372340133
123 4.868002331048784
124 1.2370965819348385
125 0.4242130508640656
126 2.8567809628012046
127 0.5102165151131621
128 3.0634233888613442
129 0.6487407587029137
130 3.371824253599155
131 0.06429377562848426
132 2.7854604675268204
133 1.892571023127191
134 1.2580135626129552
135 1.2856405813518714
136 5.514816027228222
137 5.841006363477494
138 1.2970676355978843
139 1.4178016100019037
140 0.27782342337611055
141 5.055118822842058
142 7.003876994298313
143 1.7964527596279443
144 0.707439370464956
145 3.108084509610432
146 6.700118966495741
147 3.247942320842496
148 4.575734982740681
149 1.0537696568563957
150 2.0531714279156943
151 0.19879774788637072
152 -0.3624476620146566
153 -0.6180792288917782
154 4.3347618208476675
155 7.200950551539145
156 7.790023110263237
157 6.7321960725943235
158 0.3302035096562136
159 0.5081415457378005
160 -0.41285858841370393
161 4.18998851312887
162 -0.06449740966122541
163 3.7958639344211265
164 0.5522339805530356
165 -0.2924782400991748
166 -0.4489041590003744
167 -0.030350388110484294
168 -0.5594116917503562
169 5.660072871554452
170 3.9442345399672947
171 4.109953093220802
172 -0.4963126519778589
173 -0.6079956524213423
174 0.5705531418584285
175 -0.4447707723459067
176 9.606612863910154
177 2.0817082426664015
178 6.106159204176539
179 -0.39751415284158664
180 5.441423935192195
181 0.5359333454806432
182 0.1283483372340133
183 4.868002331048784
184 1.2370965819348385
185 -0.3624476620146566
186 2.8567809628012046
187 -0.6180792288917782
188 3.0634233888613442
189 0.5081415457378005
190 0.5522339805530356
191 0.06429377562848426
192 -0.06449740966122541
193 1.892571023127191
194 -0.41285858841370393
195 -0.4489041590003744
196 3.9442345399672947
197 4.109953093220802
198 -0.030350388110484294
199 -0.5594116917503562
200 -0.2924782400991748
201 5.055118822842058
202 5.441423935192195
203 0.5705531418584285
204 -0.4963126519778589
205 3.108084509610432
206 -0.39751415284158664
207 2.0817082426664015
208 4.575734982740681
209 -0.6079956524213423
210 -0.4447707723459067
211 3.0845110488240346
212 0.13179770810810942
213 -0.4111741533480162
214 3.9136500816286564
215 9.979529516121932
216 6.9234283523056215
217 10.432617615630985
218 -0.2269852967937882
219 -0.6294723910031053
220 1.564522604158185
221 0.7065464980888332
222 -0.7106176050155418
223 4.363467421994163
224 -0.7210278972621789
225 -0.7097954326040152
226 -0.7073439907653847
227 -0.6965910422184154
228 -0.50028887166001
229 3.8265580942568147
230 5.465432102970077
231 -0.6670610816769835
232 0.6416285001664699
233 -0.6428648097326426
234 -0.07500735291264982
235 -0.707967932605359
236 -0.6870671866642188
237 4.540341759560918
238 8.50012323004763
239 9.561206464755092
240 4.255446759933704
241 0.5359333454806432
242 -0.4111741533480162
243 4.868002331048784
244 1.2370965819348385
245 -0.3624476620146566
246 2.8567809628012046
247 -0.6180792288917782
248 -0.7210278972621789
249 0.5081415457378005
250 -0.7106176050155418
251 0.06429377562848426
252 -0.6294723910031053
253 1.892571023127191
254 -0.41285858841370393
255 -0.7073439907653847
256 3.8265580942568147
257 4.109953093220802
258 -0.50028887166001
259 -0.7097954326040152
260 -0.6965910422184154
261 -0.6670610816769835
262 4.255446759933704
263 -0.6870671866642188
264 -0.6428648097326426
265 3.108084509610432
266 -0.707967932605359
267 2.0817082426664015
268 4.575734982740681
269 -0.6079956524213423
270 -0.4447707723459067
271 -0.722457721265493
272 -0.032236204760436094
273 -0.72343211598816
274 1.9548101876870931
275 -0.5653089045575437
276 4.2865502325803835
277 6.940117308349573
278 -0.721779624240475
279 -0.6577223094046185
280 -0.48593165644963054
281 -0.7014517627068675
282 -0.3039962358640389
283 -0.27626649976204076
284 4.950105274833399
285 -0.7159893454848103
286 -0.7104037172903028
287 -0.7066111864365039
288 -0.7141130532834914
289 -0.816685769956049
290 3.872999795503199
291 2.0110325889119833
292 -0.6817520325375293
293 -0.7453472729643114
294 -0.33913885370613417
295 -0.5866738804229632
296 -0.8164403687713095
297 1.3804718281627593
298 -0.7933951914762891
299 3.6993543819362946
300 -0.7084730149645777
301 0.5359333454806432
302 -0.4111741533480162
303 4.868002331048784
304 -0.5653089045575437
305 -0.72343211598816
306 2.8567809628012046
307 -0.722457721265493
308 -0.721779624240475
309 -0.27626649976204076
310 -0.7106176050155418
311 -0.3039962358640389
312 -0.6294723910031053
313 1.892571023127191
314 -0.7014517627068675
315 -0.7104037172903028
316 3.8265580942568147
317 2.0110325889119833
318 -0.816685769956049
319 -0.7159893454848103
320 -0.7066111864365039
321 -0.7141130532834914
322 3.6993543819362946
323 -0.7453472729643114
324 -0.6428648097326426
325 -0.7933951914762891
326 -0.707967932605359
327 1.3804718281627593
328 -0.7084730149645777
329 -0.6079956524213423
330 -0.8164403687713095
331 -0.8106984158061488
332 -0.8407712676662717
333 -0.823839316228377
334 -0.6090183354113488
335 -0.8714615284326876
336 6.968323463414258
337 5.365515671214161
338 -0.7022174972037474
339 -0.9951854932440989
340 -0.8327784042312361
341 -0.6718182728306672
342 -0.7155450946575259
343 0.7721932974637583
344 4.589584499371766
345 3.175781032549926
346 2.4303657674029626
347 2.7326203094542674
348 -0.44364494869946514
349 -0.7874138600095486
350 1.2202478494701203
351 3.527332501109759
352 -0.7982347103241096
353 -0.8317562851299967
354 -0.9292230024180808
355 -0.5775327918501656
356 -0.8607829359861441
357 -0.7673931589881806
358 3.284599466113826
359 8.064036345316659
360 3.5443268371004573
361 -0.8714615284326876
362 -0.6090183354113488
363 4.868002331048784
364 -0.823839316228377
365 -0.8106984158061488
366 2.8567809628012046
367 -0.8407712676662717
368 -0.721779624240475
369 -0.27626649976204076
370 -0.9951854932440989
371 -0.7155450946575259
372 -0.6718182728306672
373 1.892571023127191
374 -0.8327784042312361
375 -0.7104037172903028
376 3.527332501109759
377 1.2202478494701203
378 -0.816685769956049
379 -0.7159893454848103
380 -0.7874138600095486
381 -0.7141130532834914
382 3.5443268371004573
383 -0.9292230024180808
384 -0.7673931589881806
385 -0.8317562851299967
386 -0.8607829359861441
387 1.3804718281627593
388 -0.7084730149645777
389 -0.6079956524213423
390 -0.8164403687713095
391 -1.2651153756006885
392 -0.859010600777719
393 -0.9787616115585448
394 -1.1118356861932015
395 -0.9904438553135851
396 0.5285153557821788
397 7.214705979550439
398 -1.2153730453077198
399 1.1381030325678987
400 -0.5172988439432614
401 -1.2942594130728486
402 -1.2734268289522697
403 -0.31299530900270467
404 -1.1053557699764456
405 -0.7497975518200862
406 -0.9113944607021942
407 -0.5562307690007897
408 -0.7459907585386578
409 -0.7717030130655813
410 2.742798716353245
411 7.651352559742804
412 -0.943376724847308
413 0.5895607170957141
414 -1.2589602828414064
415 -0.5130930721282334
416 1.564446451774512
417 -0.6801504151566151
418 0.39246461826295787
419 1.401141560777577
420 0.0024137066620293357
421 -1.2651153756006885
422 -0.9904438553135851
423 4.868002331048784
424 -0.9787616115585448
425 -1.1118356861932015
426 0.5285153557821788
427 -0.859010600777719
428 -0.721779624240475
429 -0.31299530900270467
430 -1.2153730453077198
431 -1.2942594130728486
432 -1.2734268289522697
433 -1.1053557699764456
434 -0.8327784042312361
435 -0.7717030130655813
436 3.527332501109759
437 1.2202478494701203
438 -0.816685769956049
439 -0.7159893454848103
440 -0.9113944607021942
441 -0.7459907585386578
442 0.0024137066620293357
443 -0.943376724847308
444 -0.7673931589881806
445 -1.2589602828414064
446 -0.8607829359861441
447 1.3804718281627593
448 -0.7084730149645777
449 -0.6079956524213423
450 -0.8164403687713095
451 -1.3662374312039556
452 -0.582676680694498
453 0.5147803586159716
454 -1.3687219186107122
455 2.512740278624911
456 -0.6997864884877709
457 6.0626205472702335
458 -1.3816191254394217
459 -1.3745393642237347
460 -1.3438455673831902
461 -1.3421827812623621
462 -1.3642021573727081
463 -1.1727282039772042
464 -1.1316815680966164
465 -0.13945629832744633
466 1.1946879252532854
467 -0.8851834530029323
468 -1.2939515030455904
469 1.1306729302419054
470 2.5189497037582393
471 9.899456117322813
472 -1.3497222828225734
473 -0.7767339754979297
474 1.9189130440511264
475 -0.9270110515408041
476 -0.6214386777318618
477 0.2498492809968904
478 -1.3356544144271851
479 -1.0936744744645968
480 -1.330193282574787
481 -1.3662374312039556
482 -0.9904438553135851
483 4.868002331048784
484 -1.3687219186107122
485 -1.1118356861932015
486 -0.6997864884877709
487 -0.859010600777719
488 -1.1727282039772042
489 -1.1316815680966164
490 -1.3438455673831902
491 -1.3816191254394217
492 -1.3745393642237347
493 -1.3421827812623621
494 -1.3642021573727081
495 -0.8851834530029323
496 3.527332501109759
497 1.2202478494701203
498 -0.816685769956049
499 -0.7159893454848103
500 -0.9113944607021942
501 -1.2939515030455904
502 -1.0936744744645968
503 -0.943376724847308
504 -0.7673931589881806
505 -1.3497222828225734
506 -0.8607829359861441
507 -1.330193282574787
508 -0.7084730149645777
509 -1.3356544144271851
510 -0.9270110515408041
511 -1.378178373179153
512 -1.357264624908788
513 -1.371674566654273
514 -1.2706264105107676
515 -1.2422221869880876
516 -1.2516446896092954
517 -0.5115830160059216
518 -1.3749880991768935
519 -1.380442909093167
520 -1.372609639078095
521 -1.373097010421575
522 -1.3943578521924076
523 -1.3463920735424164
524 -1.385527596272705
525 -1.3054062611125534
526 -0.8147108153850329
527 3.1594289772203865
528 -0.5569674709124804
529 -0.5099512995044381
530 6.2041228161002255
531 9.843362973563892
532 -1.3723170622755527
533 -1.3124046152357791
534 -1.307882716521168
535 -0.3161048830559481
536 -1.1385287943942668
537 -1.233179589411317
538 -1.1847370892612026
539 3.1244507492182056
540 -0.9414685679531896
541 -1.3662374312039556
542 -1.2706264105107676
543 -0.5115830160059216
544 -1.378178373179153
545 -1.371674566654273
546 -1.2516446896092954
547 -1.2422221869880876
548 -1.3463920735424164
549 -1.385527596272705
550 -1.373097010421575
551 -1.3816191254394217
552 -1.380442909093167
553 -1.3943578521924076
554 -1.372609639078095
555 -0.8851834530029323
556 3.527332501109759
557 1.2202478494701203
558 -0.816685769956049
559 -0.7159893454848103
560 -0.9113944607021942
561 -1.3054062611125534
562 -1.0936744744645968
563 -1.1385287943942668
564 -0.7673931589881806
565 -1.3723170622755527
566 -1.1847370892612026
567 -1.330193282574787
568 -0.9414685679531896
569 -1.3356544144271851
570 -1.233179589411317
571 -1.3773907845080475
572 -1.3838446508935465
573 -1.1392005033256034
574 -1.3582268193279246
575 -1.4089538693190562
576 -0.9118158079197566
577 -1.392337130500245
578 -1.3932796779163235
579 -1.3696859455942367
580 -1.3359754455025024
581 -1.3859120191057426
582 -1.3766014915431344
583 -1.3929705083501958
584 -1.372687065190119
585 -1.3511728778104253
586 2.723170559178614
587 0.7684196162530366
588 -1.204536493113768
589 2.853080528721288
590 6.323083667348897
591 6.287089798116556
592 -1.3772433945374822
593 -1.3950412991817847
594 -1.301288892879731
595 -1.2959780925398876
596 -1.153715830972614
597 -1.008125464296429
598 -1.3160573485310658
599 -1.3946482313072637
600 0.08963949490600687
601 -1.3662374312039556
602 -1.3582268193279246
603 -1.392337130500245
604 -1.378178373179153
605 -1.3838446508935465
606 -1.4089538693190562
607 -1.2422221869880876
608 -1.372687065190119
609 -1.385527596272705
610 -1.3766014915431344
611 -1.3816191254394217
612 -1.3859120191057426
613 -1.3943578521924076
614 -1.3929705083501958
615 -0.8851834530029323
616 3.527332501109759
617 1.2202478494701203
618 -1.204536493113768
619 -0.7159893454848103
620 -0.9113944607021942
621 -1.3511728778104253
622 -1.3160573485310658
623 -1.1385287943942668
624 -0.7673931589881806
625 -1.3772433945374822
626 -1.1847370892612026
627 -1.330193282574787
628 -1.3946482313072637
629 -1.3950412991817847
630 -1.2959780925398876
631 -1.411632297400017
632 -1.4017927629370643
633 -0.9360973899182568
634 -1.0502645360102587
635 -1.2751420342092596
636 -1.3837178664979906
637 -1.258295884058096
638 -1.4015250021796173
639 -1.4029824137349531
640 -1.4037469434671204
641 -1.4007698655381997
642 -1.4234556318428755
643 -1.3098182285522153
644 -1.3997231192329473
645 -0.811737495661572
646 -1.376446375159782
647 -1.334343692731685
648 2.14145272159901
649 -0.369696424240914
650 1.369204975945886
651 -1.1889813000441956
652 -1.4168468876977927
653 -1.4038609462740248
654 -1.12586252617016
655 -1.4154411910004172
656 -0.8937157103000909
657 -1.4182058416161012
658 -1.4114565886019643
659 -1.419879729368121
660 -0.700249222751693
661 -1.3662374312039556
662 -1.3837178664979906
663 -1.4017927629370643
664 -1.378178373179153
665 -1.3838446508935465
666 -1.411632297400017
667 -1.258295884058096
668 -1.3997231192329473
669 -1.4007698655381997
670 -1.3766014915431344
671 -1.4234556318428755
672 -1.4037469434671204
673 -1.4015250021796173
674 -1.4029824137349531
675 -0.8851834530029323
676 -1.1889813000441956
677 1.2202478494701203
678 -1.376446375159782
679 -0.7159893454848103
680 -1.334343692731685
681 -1.3511728778104253
682 -1.3160573485310658
683 -1.419879729368121
684 -0.7673931589881806
685 -1.3772433945374822
686 -1.4114565886019643
687 -1.4154411910004172
688 -1.4038609462740248
689 -1.4168468876977927
690 -1.4182058416161012
691 -1.4230564896847313
692 -1.4234925035502135
693 -1.0048829359139502
694 -1.4011941349908763
695 -1.2651767097395332
696 -1.3200453023588996
697 -0.958842851868707
698 -1.4069998019665326
699 -1.3771776700700826
700 -1.384812052095888
701 -1.4164865465751282
702 -1.3752954396927546
703 -1.4176360374499883
704 -1.403319408910039
705 -1.4200242442196886
706 -1.4239313045509259
707 -1.2382000054835405
708 -0.14657672631543417
709 -0.69024010728303
710 2.198693761347383
711 2.7550310459881957
712 -1.4229504174185448
713 -1.4089876965616739
714 -1.4231577184662556
715 -1.4228734137290382
716 -1.4152350448353759
717 -1.4231320056033705
718 -1.3244478403770237
719 -1.3940488438437972
720 2.537032022580028
721 -1.3662374312039556
722 -1.4011941349908763
723 -1.4234925035502135
724 -1.378178373179153
725 -1.3838446508935465
726 -1.4230564896847313
727 -1.258295884058096
728 -1.4176360374499883
729 -1.4007698655381997
730 -1.403319408910039
731 -1.4234556318428755
732 -1.4037469434671204
733 -1.4164865465751282
734 -1.4029824137349531
735 -0.8851834530029323
736 -1.1889813000441956
737 1.2202478494701203
738 -1.4200242442196886
739 -0.7159893454848103
740 -1.334343692731685
741 -1.4239313045509259
742 -1.3940488438437972
743 -1.4229504174185448
744 -0.7673931589881806
745 -1.3772433945374822
746 -1.4152350448353759
747 -1.4228734137290382
748 -1.4231320056033705
749 -1.4231577184662556
750 -1.4182058416161012
751 -1.4211945417178495
752 -1.4235968579693847
753 -1.4204622340836113
754 -1.4133512292786412
755 -1.1919212463686963
756 -1.4107101341983923
757 -1.4239532190694635
758 -1.4231385847541782
759 -1.4241575958958927
760 -1.4215637344599208
761 -1.423644370942235
762 -1.3960941660784516
763 -1.3446508735444693
764 -1.407984358687011
765 -1.4234814544143126
766 -1.4242238215712426
767 -1.0915787704729727
768 -1.4191209757353818
769 0.7856319283158306
770 -0.163053885012566
771 6.878465902156615
772 -1.423884529513355
773 -1.4236413899188494
774 -1.4243921537978617
775 -1.4242466647052927
776 -1.4093468565361627
777 -1.4212171034954322
778 -1.4450791151261217
779 -1.3652198241210542
780 -0.5363833303998611
781 -1.4107101341983923
782 -1.4204622340836113
783 -1.4234925035502135
784 -1.378178373179153
785 -1.4133512292786412
786 -1.4235968579693847
787 -1.4239532190694635
788 -1.4241575958958927
789 -1.407984358687011
790 -1.403319408910039
791 -1.4234556318428755
792 -1.423644370942235
793 -1.4215637344599208
794 -1.4029824137349531
795 -0.8851834530029323
796 -1.4191209757353818
797 1.2202478494701203
798 -1.4242238215712426
799 -0.7159893454848103
800 -1.334343692731685
801 -1.4239313045509259
802 -1.4450791151261217
803 -1.4243921537978617
804 -0.7673931589881806
805 -1.3772433945374822
806 -1.4212171034954322
807 -1.4242466647052927
808 -1.4236413899188494
809 -1.423884529513355
810 -1.4182058416161012
811 -1.4416491543158394
812 -1.4416248451170308
813 -1.4367626314557858
814 -1.4410251271244094
815 -1.4274279561657637
816 -1.4438674654083554
817 -1.4426915922254446
818 -1.425029731170226
819 -1.4442552747091764
820 -1.4429908815378956
821 -1.445436113593285
822 -1.3249113459366078
823 -1.4451343108214814
824 -1.3980700048936432
825 -1.4424810411575753
826 -1.4426791782616992
827 -1.4040108541004457
828 -1.4047817999640622
829 0.6833760146196268
830 -1.2460714421018675
831 7.773421861116947
832 -1.4451208326717273
833 -1.3976386690423306
834 -1.3966001476195613
835 -1.4437998479017322
836 -1.4444417689527183
837 -1.4440570929277579
838 -1.4463323497325677
839 -1.4334069787135755
840 0.3861081248451671
841 -1.4438674654083554
842 -1.4410251271244094
843 -1.4367626314557858
844 -1.4426915922254446
845 -1.4274279561657637
846 -1.4416248451170308
847 -1.4416491543158394
848 -1.425029731170226
849 -1.407984358687011
850 -1.4451343108214814
851 -1.4429908815378956
852 -1.4442552747091764
853 -1.445436113593285
854 -1.4029824137349531
855 -0.8851834530029323
856 -1.4191209757353818
857 1.2202478494701203
858 -1.4424810411575753
859 -1.2460714421018675
860 -1.4047817999640622
861 -1.4426791782616992
862 -1.4451208326717273
863 -1.4243921537978617
864 -0.7673931589881806
865 -1.4334069787135755
866 -1.4440570929277579
867 -1.4242466647052927
868 -1.4444417689527183
869 -1.4437998479017322
870 -1.4463323497325677
871 -1.4463473195789014
872 -1.446667703434252
873 -1.4475046635977589
874 -1.4448078283584287
875 -1.4432152646105894
876 -1.444547037087394
877 -1.4142293167468072
878 -1.4340070814858774
879 -1.4405839987798386
880 -1.4499174685040512
881 -1.446737673702116
882 -1.4273673407193481
883 -1.4253366485135084
884 -1.4466979873337489
885 -1.447339736773192
886 -1.4434842227455937
887 -1.3993301585104714
888 -1.4253911218011512
889 -1.455778032535299
890 -1.4626952643314586
891 1.3088418310817196
892 -1.448513129902447
893 -1.4486116480210782
894 -1.4393250810792895
895 -1.4487265562228577
896 -1.4329522436052005
897 -1.4423596717974934
898 -1.44922170562301
899 -1.438633903390563
900 -0.469970132068106
901 -1.4463473195789014
902 -1.4432152646105894
903 -1.444547037087394
904 -1.446667703434252
905 -1.4274279561657637
906 -1.4448078283584287
907 -1.4475046635977589
908 -1.4273673407193481
909 -1.4253366485135084
910 -1.4451343108214814
911 -1.446737673702116
912 -1.4499174685040512
913 -1.445436113593285
914 -1.4466979873337489
915 -1.4626952643314586
916 -1.4191209757353818
917 1.2202478494701203
918 -1.4434842227455937
919 -1.455778032535299
920 -1.4253911218011512
921 -1.447339736773192
922 -1.4486116480210782
923 -1.44922170562301
924 -0.7673931589881806
925 -1.4423596717974934
926 -1.4487265562228577
927 -1.438633903390563
928 -1.4444417689527183
929 -1.4437998479017322
930 -1.448513129902447
931 -1.4629141770767726
932 -1.4558574670207183
933 -1.4520672391461749
934 -1.458926878678298
935 -1.4437472064377574
936 -1.45780713903248
937 -1.4601561722148961
938 -1.4621432644267147
939 -1.4589997302634803
940 -1.4640004068384003
941 -1.4688791530044008
942 -1.463011446248017
943 -1.4425345364071278
944 -1.4610133389681925
945 -1.462529313613803
946 -1.458325764405855
947 -1.4618516932299785
948 -1.462196724459656
949 -1.4680712539826595
950 -1.454806603752503
951 -1.215041913247846
952 -1.4687387639466851
953 -1.464805036501401
954 -1.4301335549035732
955 -1.4555662332720516
956 -1.4464414998317379
957 -1.4478330541686404
958 -1.1681047758041672
959 -1.4251286806461652
960 -0.7485189476972993
961 -1.4520672391461749
962 -1.45780713903248
963 -1.444547037087394
964 -1.4558574670207183
965 -1.4601561722148961
966 -1.458926878678298
967 -1.4629141770767726
968 -1.4425345364071278
969 -1.4610133389681925
970 -1.463011446248017
971 -1.4589997302634803
972 -1.4621432644267147
973 -1.4688791530044008
974 -1.4640004068384003
975 -1.4626952643314586
976 -1.454806603752503
977 -1.215041913247846
978 -1.462196724459656
979 -1.458325764405855
980 -1.4680712539826595
981 -1.4618516932299785
982 -1.4486116480210782
983 -1.4687387639466851
984 -0.7673931589881806
985 -1.4423596717974934
986 -1.464805036501401
987 -1.438633903390563
988 -1.4464414998317379
989 -1.4478330541686404
990 -1.4555662332720516
evaluations raw_y
1 9.31728274782327
2 3.5241890552232045
3 4.745319570963916
4 8.137036750108336
5 4.448669270322059
6 5.295437769805121
7 10.787028458468901
8 10.225108151041889
9 4.417499460601014
10 9.199253284277422
11 5.4797136005977904
12 3.1381285842745283
13 5.930211665979863
14 6.282061585066327
15 9.482977911595954
16 7.823724900582429
17 10.690719159379467
18 7.859223229699601
19 4.44972247242573
20 3.060566965219137
21 3.126252060809043
22 6.702081201191822
23 6.455424182822838
24 4.980199187123575
25 6.391763596893137
26 9.48656159107407
27 6.107068753828505
28 6.591180266034329
29 4.171621545244648
30 6.405108384449932
31 5.675170287014611
32 6.450955753535773
33 9.76932423594235
34 10.008216320204136
35 5.309524306564036
36 9.159309110556192
37 6.489126862150195
38 4.797109544410194
39 3.4228636047774765
40 7.251345093908437
41 8.088117827969
42 8.487275006874444
43 4.687791651556481
44 10.258080560627159
45 3.866408323236641
46 5.984024674991397
47 6.279025833967415
48 4.25212021449022
49 5.431918756663775
50 8.95809572114115
51 9.199888042018202
52 4.571101289555508
53 4.903612036957377
54 6.669903505286831
55 2.462987699283052
56 3.5395861414850156
57 5.0700911606482615
58 9.004842741667957
59 6.482390199900151
60 9.936380712995643
61 9.159309110556192
62 3.5241890552232045
63 4.745319570963916
64 5.309524306564036
65 4.448669270322059
66 5.295437769805121
67 6.489126862150195
68 10.225108151041889
69 3.4228636047774765
70 4.687791651556481
71 5.4797136005977904
72 3.1381285842745283
73 5.930211665979863
74 6.282061585066327
75 8.95809572114115
76 4.25212021449022
77 9.199888042018202
78 5.431918756663775
79 4.44972247242573
80 3.060566965219137
81 3.126252060809043
82 6.482390199900151
83 5.0700911606482615
84 4.903612036957377
85 2.462987699283052
86 9.48656159107407
87 6.107068753828505
88 6.591180266034329
89 4.171621545244648
90 3.5395861414850156
91 4.061346306337446
92 10.590907535011006
93 9.85314123033282
94 2.84108630568234
95 3.2423960338322853
96 3.680809683157654
97 6.536592620891218
98 2.579167635791401
99 11.530193715556955
100 8.836462662021308
101 4.810747471662553
102 10.876986834898046
103 9.2130093659659
104 2.638764096727958
105 3.752443433749533
106 5.452774038952573
107 4.748154530568487
108 6.2637149914169905
109 6.339587898165692
110 2.32013838638668
111 10.156803331783733
112 3.211319351345505
113 7.149828458704183
114 10.52569346305652
115 11.39338081291236
116 8.55125732374528
117 8.74937289471421
118 5.050211565465842
119 6.773821618019172
120 5.254764000793861
121 6.536592620891218
122 3.5241890552232045
123 4.745319570963916
124 3.2423960338322853
125 4.448669270322059
126 2.84108630568234
127 3.680809683157654
128 2.638764096727958
129 3.4228636047774765
130 4.687791651556481
131 4.810747471662553
132 2.579167635791401
133 5.930211665979863
134 6.282061585066327
135 2.32013838638668
136 4.25212021449022
137 9.199888042018202
138 5.431918756663775
139 4.44972247242573
140 3.060566965219137
141 3.126252060809043
142 5.050211565465842
143 5.0700911606482615
144 4.903612036957377
145 2.462987699283052
146 5.254764000793861
147 6.107068753828505
148 6.591180266034329
149 4.171621545244648
150 3.5395861414850156
151 5.878663471402248
152 7.373728047922844
153 7.717884500534879
154 8.145052270564836
155 7.23144349984081
156 9.976588303315781
157 7.143692844299144
158 3.2210283731890508
159 2.4793464057694927
160 6.853220159981616
161 4.271073352677476
162 2.3459996009637663
163 9.716811261930628
164 8.710750399349832
165 2.319144879029081
166 1.9726517604955314
167 5.7889890744755945
168 6.993293144981051
169 2.748947238871751
170 2.7394585219225087
171 3.875130647555006
172 4.798947899980747
173 9.081934919843706
174 8.265621126993812
175 9.483060523298324
176 6.505714461204893
177 4.78990543201611
178 3.7373247303396853
179 5.755997149193496
180 7.854200943056629
181 6.536592620891218
182 3.5241890552232045
183 4.745319570963916
184 3.2423960338322853
185 4.448669270322059
186 2.84108630568234
187 3.680809683157654
188 2.4793464057694927
189 3.4228636047774765
190 4.271073352677476
191 2.3459996009637663
192 2.579167635791401
193 5.930211665979863
194 6.282061585066327
195 2.319144879029081
196 4.25212021449022
197 3.875130647555006
198 2.7394585219225087
199 2.748947238871751
200 1.9726517604955314
201 3.126252060809043
202 5.050211565465842
203 4.78990543201611
204 4.903612036957377
205 2.462987699283052
206 3.7373247303396853
207 5.755997149193496
208 6.591180266034329
209 4.171621545244648
210 3.5395861414850156
211 1.9572762230755285
212 3.2536035795693046
213 2.595278972966251
214 2.073534998629028
215 7.767972304800141
216 7.96006777756107
217 5.737198647605421
218 7.140673666957413
219 1.6908637340809831
220 3.463084047593492
221 2.509569334324525
222 10.453740386715598
223 4.7833664583177775
224 10.287031024485108
225 1.8412679598783008
226 2.4458864730404297
227 5.633081652352118
228 1.6310945810987365
229 3.4169461506461367
230 2.8570714930029255
231 6.84840196327436
232 6.6648177730701175
233 3.505117617163078
234 2.073565453360283
235 2.4420294533184586
236 4.320029533360201
237 3.045854998290121
238 2.8351233099520616
239 4.546630062376448
240 6.146808743086854
241 5.737198647605421
242 2.595278972966251
243 4.745319570963916
244 3.2423960338322853
245 4.448669270322059
246 1.9572762230755285
247 2.073534998629028
248 1.6908637340809831
249 2.509569334324525
250 4.271073352677476
251 2.3459996009637663
252 2.579167635791401
253 4.7833664583177775
254 6.282061585066327
255 2.319144879029081
256 4.25212021449022
257 2.8570714930029255
258 2.7394585219225087
259 1.6310945810987365
260 1.8412679598783008
261 3.126252060809043
262 2.8351233099520616
263 4.320029533360201
264 3.045854998290121
265 2.462987699283052
266 2.073565453360283
267 4.546630062376448
268 6.146808743086854
269 2.4420294533184586
270 3.505117617163078
271 1.7798624510825984
272 2.0300101887928044
273 2.2243370914850993
274 5.105792519053858
275 2.6431992425529636
276 5.78003953722582
277 6.434607200787424
278 1.6472232663029172
279 1.6403069642397163
280 2.048743151909605
281 6.327161200821996
282 1.8589855615995494
283 2.2963067112263884
284 8.348821500134335
285 1.5392266264426269
286 1.8286378161545858
287 1.7922498687053559
288 8.435312336654858
289 2.2826450012850574
290 2.6956380544114715
291 7.068981206047564
292 1.636978732256011
293 9.373248115006703
294 5.5365932044056585
295 9.334357918792744
296 10.324559080667425
297 1.9303121524896494
298 4.955103176574112
299 9.566809856734974
300 1.8887534860708355
301 5.737198647605421
302 2.2243370914850993
303 4.745319570963916
304 3.2423960338322853
305 2.6431992425529636
306 1.7798624510825984
307 2.0300101887928044
308 1.6472232663029172
309 2.048743151909605
310 1.8589855615995494
311 1.6403069642397163
312 2.579167635791401
313 2.2963067112263884
314 6.282061585066327
315 1.7922498687053559
316 4.25212021449022
317 2.2826450012850574
318 2.7394585219225087
319 1.5392266264426269
320 1.8286378161545858
321 2.6956380544114715
322 2.8351233099520616
323 4.320029533360201
324 3.045854998290121
325 2.462987699283052
326 1.636978732256011
327 4.546630062376448
328 1.8887534860708355
329 2.4420294533184586
330 1.9303121524896494
331 1.6052045607401868
332 1.7891836599436022
333 2.113672709467619
334 1.6404175859809218
335 3.677522562717671
336 5.839154231923553
337 1.6325293544936312
338 1.5590083913800556
339 1.5277535231402706
340 1.4819554990994155
341 1.8212808312727573
342 2.4698646600151846
343 2.24475180391426
344 7.964640487377903
345 1.5690600581232856
346 1.7872847587301157
347 2.668751917211674
348 1.5111464348740604
349 2.6755601627673697
350 3.5861577495512558
351 1.6085105471614636
352 1.5939097288852058
353 1.8724224023221463
354 1.7155109505794521
355 2.4898273902899293
356 6.188716878203438
357 1.7013906322003725
358 2.1322627723338154
359 1.6689292087219223
360 8.226900106262985
361 1.6325293544936312
362 2.113672709467619
363 4.745319570963916
364 3.2423960338322853
365 1.6404175859809218
366 1.6052045607401868
367 1.7891836599436022
368 1.5277535231402706
369 1.8212808312727573
370 1.4819554990994155
371 1.5590083913800556
372 2.24475180391426
373 2.2963067112263884
374 6.282061585066327
375 1.7872847587301157
376 1.6085105471614636
377 1.5111464348740604
378 2.7394585219225087
379 1.5392266264426269
380 1.8286378161545858
381 2.6755601627673697
382 1.7013906322003725
383 1.6689292087219223
384 2.1322627723338154
385 2.462987699283052
386 1.5939097288852058
387 4.546630062376448
388 1.8724224023221463
389 2.4420294533184586
390 1.7155109505794521
391 1.619222450129881
392 1.4268923460720933
393 2.014150173362005
394 1.4645461923054859
395 5.682514109920797
396 2.283260671388711
397 8.413681681495977
398 1.4891797358994798
399 2.0211621765015977
400 1.4850996679283657
401 1.5366628136582476
402 5.91907865313312
403 5.3469695582770616
404 2.5659669370846228
405 1.4311662738606354
406 1.4418659471577948
407 1.4511719545737427
408 1.724584037536007
409 1.6735376403281308
410 2.073967055433999
411 1.7490532559976073
412 1.4741694916897106
413 1.5011316084572626
414 1.488992714659611
415 1.467607039125293
416 1.8668004458894867
417 1.4944889540753097
418 1.4992278365563256
419 2.091836496573455
420 2.2518232330384915
421 1.4268923460720933
422 2.113672709467619
423 4.745319570963916
424 2.283260671388711
425 1.6404175859809218
426 1.6052045607401868
427 1.4645461923054859
428 1.5277535231402706
429 1.5366628136582476
430 1.4819554990994155
431 1.4850996679283657
432 2.24475180391426
433 2.2963067112263884
434 2.5659669370846228
435 1.724584037536007
436 1.4511719545737427
437 1.4311662738606354
438 1.7490532559976073
439 1.4418659471577948
440 1.6735376403281308
441 2.073967055433999
442 1.488992714659611
443 1.5011316084572626
444 1.4944889540753097
445 2.091836496573455
446 1.4741694916897106
447 2.2518232330384915
448 1.8668004458894867
449 1.4992278365563256
450 1.467607039125293
451 1.5021206793879027
452 1.389890632993846
453 1.7644791466881853
454 1.7029778740067716
455 2.574787304489008
456 2.774662695002374
457 7.538848669061795
458 1.4843534635763918
459 1.4414581556275174
460 1.579527506407252
461 5.390707619539894
462 5.606483707771744
463 1.8987497730664409
464 1.420553902592856
465 1.3961822414232907
466 1.6698067171231155
467 1.3964299987567586
468 2.0209219494455812
469 1.3639886651042328
470 1.917754053519088
471 2.018970523022638
472 1.5330553409747227
473 1.3943796426079689
474 1.4439995780039672
475 1.4653568986103649
476 1.3565456062443892
477 1.5168693536189373
478 1.554995330167075
479 5.235123543362162
480 1.832070280210194
481 1.4268923460720933
482 2.113672709467619
483 4.745319570963916
484 2.283260671388711
485 1.6404175859809218
486 1.6052045607401868
487 1.389890632993846
488 1.5277535231402706
489 1.5366628136582476
490 1.4819554990994155
491 1.4414581556275174
492 2.24475180391426
493 1.8987497730664409
494 1.420553902592856
495 1.3639886651042328
496 1.3964299987567586
497 1.3961822414232907
498 1.7490532559976073
499 1.4418659471577948
500 1.6735376403281308
501 2.018970523022638
502 1.4439995780039672
503 1.5011316084572626
504 1.4653568986103649
505 2.091836496573455
506 1.3943796426079689
507 1.832070280210194
508 1.554995330167075
509 1.3565456062443892
510 1.467607039125293
511 1.3705719830130207
512 1.3365435689224128
513 1.3621713621730291
514 1.4373929789906863
515 1.9539015853017823
516 1.237965809058826
517 3.8236449851604104
518 1.361289068072139
519 2.0113296918975925
520 1.3789382180519498
521 1.6094921444338703
522 2.008195619647082
523 2.1756878784149096
524 1.292537171611724
525 1.2353549017137997
526 1.3003060258885557
527 1.2471945111463698
528 1.2481572229118632
529 1.6452013791243285
530 1.3431345581448093
531 1.2352679498018906
532 1.5507368467215508
533 1.2665885145496572
534 1.249833462622619
535 1.3552154664328326
536 1.5189113295525756
537 1.3296717982717365
538 1.4416355814231538
539 1.335490450675471
540 2.2702308069186916
541 1.3365435689224128
542 1.9539015853017823
543 3.8236449851604104
544 1.237965809058826
545 1.4373929789906863
546 1.3621713621730291
547 1.3705719830130207
548 1.5277535231402706
549 1.5366628136582476
550 1.3789382180519498
551 1.4414581556275174
552 1.292537171611724
553 1.8987497730664409
554 1.361289068072139
555 1.2353549017137997
556 1.2471945111463698
557 1.3003060258885557
558 1.3431345581448093
559 1.2481572229118632
560 1.6452013791243285
561 1.2352679498018906
562 1.249833462622619
563 1.3296717982717365
564 1.3552154664328326
565 2.091836496573455
566 1.2665885145496572
567 1.335490450675471
568 1.4416355814231538
569 1.3565456062443892
570 1.467607039125293
571 1.276544315374844
572 1.310453565459552
573 1.236703549908856
574 1.8151581705023625
575 1.2361547882913944
576 1.604673012820973
577 1.28270686280649
578 1.2346827793689272
579 1.2483736594701977
580 1.318948943490524
581 1.2953649845310804
582 1.2458042089704553
583 2.1897322470276497
584 2.4670307930156437
585 1.2355301121097548
586 1.2344477892512806
587 1.2929263468539063
588 1.3152377524944618
589 1.2344270199817151
590 1.24024339027338
591 1.5440980694683348
592 1.2341830437516101
593 1.247811787148876
594 1.2350505559634966
595 1.2341626144074642
596 1.5890543273027837
597 1.238967353303079
598 1.3160508636028692
599 1.40903564045786
600 2.1215037728990507
601 1.310453565459552
602 1.604673012820973
603 1.28270686280649
604 1.237965809058826
605 1.2361547882913944
606 1.236703549908856
607 1.3705719830130207
608 1.2458042089704553
609 1.5366628136582476
610 1.318948943490524
611 1.2953649845310804
612 1.2346827793689272
613 1.8987497730664409
614 1.2483736594701977
615 1.2344477892512806
616 1.2471945111463698
617 1.2344270199817151
618 1.24024339027338
619 1.2481572229118632
620 1.5440980694683348
621 1.2352679498018906
622 1.2341830437516101
623 1.2350505559634966
624 1.3552154664328326
625 2.091836496573455
626 1.247811787148876
627 1.2341626144074642
628 1.3160508636028692
629 1.238967353303079
630 1.40903564045786
631 1.2369606621326814
632 1.2338102293917708
633 1.2321680526698542
634 1.3172343868850398
635 1.2447499619034947
636 1.4591798103085347
637 1.2174040513415878
638 1.2345553265381808
639 1.236688605148705
640 1.2378632331235055
641 1.2344576653250192
642 1.378533642928659
643 1.2558451284259462
644 2.157697355415064
645 1.2403097489860198
646 1.2342903780868641
647 1.2338971577882623
648 1.2332647176718474
649 1.2337896338732188
650 1.5561510971198986
651 1.213519588495669
652 1.232850751459425
653 1.2368539344396388
654 1.2358492625954454
655 1.2391066821214158
656 1.2332719134544357
657 1.2213761185820249
658 1.2316925373414669
659 1.4498710494785019
660 1.4548667970071874
661 1.2447499619034947
662 1.2174040513415878
663 1.28270686280649
664 1.2321680526698542
665 1.2361547882913944
666 1.2338102293917708
667 1.3705719830130207
668 1.236688605148705
669 1.2558451284259462
670 1.318948943490524
671 1.2344576653250192
672 1.2345553265381808
673 1.8987497730664409
674 1.2378632331235055
675 1.2342903780868641
676 1.2337896338732188
677 1.2344270199817151
678 1.2332647176718474
679 1.2481572229118632
680 1.213519588495669
681 1.2338971577882623
682 1.2341830437516101
683 1.2350505559634966
684 1.2316925373414669
685 1.4548667970071874
686 1.2332719134544357
687 1.232850751459425
688 1.2213761185820249
689 1.238967353303079
690 1.40903564045786
691 1.2172238121186045
692 1.2043126147983239
693 1.2211428306121435
694 1.217466754692641
695 1.2788158442970188
696 1.3228826328954988
697 1.218240071337946
698 1.2182471615660502
699 1.2380084338720834
700 1.4747967859821223
701 1.2217773401757712
702 1.2614785168946152
703 1.212586628884286
704 2.3989731403066017
705 1.2141535576603941
706 1.2131492586820876
707 1.252124996395254
708 1.2129862469171346
709 1.3794741211912567
710 1.2355290000969126
711 1.2633484165832984
712 1.235005681247037
713 1.2091672391294328
714 1.217479419486175
715 1.214208918189142
716 1.2287080574990585
717 1.2484095158748183
718 1.2093215651487654
719 1.2849742318058843
720 1.2688014649050485
721 1.2447499619034947
722 1.2172238121186045
723 1.28270686280649
724 1.2043126147983239
725 1.217466754692641
726 1.2211428306121435
727 1.218240071337946
728 1.236688605148705
729 1.2558451284259462
730 1.212586628884286
731 1.2182471615660502
732 1.2345553265381808
733 1.8987497730664409
734 1.2217773401757712
735 1.2342903780868641
736 1.2337896338732188
737 1.2344270199817151
738 1.2131492586820876
739 1.2481572229118632
740 1.213519588495669
741 1.2129862469171346
742 1.2287080574990585
743 1.2350505559634966
744 1.2091672391294328
745 1.2688014649050485
746 1.214208918189142
747 1.217479419486175
748 1.2213761185820249
749 1.2093215651487654
750 1.2849742318058843
751 1.2127382515826552
752 1.2112641149734973
753 1.201837438523232
754 1.2068996736044753
755 1.2059444096720453
756 1.20380629055916
757 1.2464099304827712
758 1.1991393109307185
759 1.2045631622726496
760 1.2122197588056043
761 1.2077891887994516
762 1.2067126590575474
763 1.208550960076794
764 1.8447000000116653
765 1.2041309855939453
766 1.202236644445602
767 1.1979377013158252
768 1.2402890621397527
769 1.2370910176290704
770 1.2441885465354767
771 1.2110134839093303
772 1.2024177733112278
773 1.2021417148616718
774 1.2090054755318373
775 1.257567230577031
776 1.2070142231865746
777 1.207977512560036
778 1.2465527537077183
779 1.245038808570468
780 1.3507727915875254
781 1.20380629055916
782 1.2112641149734973
783 1.2464099304827712
784 1.2043126147983239
785 1.201837438523232
786 1.2059444096720453
787 1.2068996736044753
788 1.2067126590575474
789 1.208550960076794
790 1.1991393109307185
791 1.2045631622726496
792 1.2077891887994516
793 1.8447000000116653
794 1.2122197588056043
795 1.2342903780868641
796 1.2337896338732188
797 1.2344270199817151
798 1.202236644445602
799 1.2110134839093303
800 1.1979377013158252
801 1.2041309855939453
802 1.207977512560036
803 1.2350505559634966
804 1.2024177733112278
805 1.245038808570468
806 1.2090054755318373
807 1.217479419486175
808 1.2070142231865746
809 1.2021417148616718
810 1.2849742318058843
811 1.2004700865113136
812 1.2001633350101337
813 1.2089366058653142
814 1.1969059704805636
815 1.1867603291124038
816 1.2023480838925193
817 1.865704032463477
818 1.1979467013525702
819 1.2359022211490909
820 1.1991414586546285
821 1.216173591915431
822 1.1943410476370493
823 1.2025175116147198
824 1.259718660542219
825 1.1999246864553887
826 1.201738100144236
827 1.2069244268268209
828 1.2081289951205798
829 1.4964342697284978
830 1.2069032151364583
831 1.194949276949688
832 1.209663822059771
833 1.2293369193269004
834 1.194804007850596
835 1.2083645074516673
836 1.1988602495497018
837 1.218008753305652
838 1.2192346242187282
839 1.1882902352949611
840 1.204363840883516
841 1.2001633350101337
842 1.2023480838925193
843 1.2464099304827712
844 1.2043126147983239
845 1.2004700865113136
846 1.1969059704805636
847 1.1867603291124038
848 1.1991414586546285
849 1.1943410476370493
850 1.1979467013525702
851 1.2045631622726496
852 1.2077891887994516
853 1.259718660542219
854 1.2025175116147198
855 1.2069032151364583
856 1.2337896338732188
857 1.194949276949688
858 1.201738100144236
859 1.2081289951205798
860 1.1979377013158252
861 1.2041309855939453
862 1.207977512560036
863 1.2192346242187282
864 1.2024177733112278
865 1.1882902352949611
866 1.1988602495497018
867 1.217479419486175
868 1.194804007850596
869 1.2021417148616718
870 1.204363840883516
871 1.1878647242766514
872 1.1876033669062795
873 1.1876958841353242
874 1.197204144059568
875 1.1899479912386373
876 1.215412475804401
877 1.3611850410716435
878 1.193517984987736
879 1.1963636367128738
880 1.2064864237118544
881 1.1914661886649702
882 1.1917913709669796
883 1.1926463698566687
884 1.2027971842953797
885 1.1880217104557427
886 1.1851430562474705
887 1.2204032059680783
888 1.1954484301275987
889 1.1864266716236351
890 1.1937355534351815
891 1.2064829778847614
892 1.187342759359141
893 1.1833366181693468
894 1.1866801689169078
895 1.211967540647464
896 1.2012656755521407
897 1.186714511595675
898 1.203662377404404
899 1.2538654104425768
900 1.2407742521186156
901 1.1876958841353242
902 1.1899479912386373
903 1.2464099304827712
904 1.2043126147983239
905 1.197204144059568
906 1.1876033669062795
907 1.1867603291124038
908 1.1991414586546285
909 1.193517984987736
910 1.1963636367128738
911 1.1917913709669796
912 1.1926463698566687
913 1.2027971842953797
914 1.1914661886649702
915 1.1864266716236351
916 1.2064829778847614
917 1.1880217104557427
918 1.201738100144236
919 1.1937355534351815
920 1.1851430562474705
921 1.1954484301275987
922 1.203662377404404
923 1.2192346242187282
924 1.2012656755521407
925 1.187342759359141
926 1.1866801689169078
927 1.217479419486175
928 1.1833366181693468
929 1.2021417148616718
930 1.186714511595675
931 1.1901535808461314
932 1.184832945545085
933 1.1845654238397716
934 1.186850622433387
935 1.1816976701606687
936 1.190509402784137
937 1.447905565177544
938 1.1822498644621726
939 1.181320620424219
940 1.1827219169848575
941 1.1907701444633663
942 1.1864439682792614
943 1.1890077611980088
944 1.1860040175180981
945 1.1845387257999112
946 1.18321690982111
947 1.1829434516884922
948 1.186227379516535
949 1.2292611306597656
950 1.1862392990086927
951 1.1943114948725477
952 1.1829764521829618
953 1.1904536741503204
954 1.1837423439176566
955 1.1830057853425624
956 1.1892900417194252
957 1.2269800659113104
958 1.488440926846411
959 1.3912873817952267
960 1.1830534937367143
961 1.1845654238397716
962 1.186850622433387
963 1.2464099304827712
964 1.190509402784137
965 1.1816976701606687
966 1.184832945545085
967 1.1867603291124038
968 1.1890077611980088
969 1.1907701444633663
970 1.1864439682792614
971 1.181320620424219
972 1.1827219169848575
973 1.1860040175180981
974 1.1822498644621726
975 1.18321690982111
976 1.1943114948725477
977 1.1829434516884922
978 1.1862392990086927
979 1.186227379516535
980 1.1845387257999112
981 1.1954484301275987
982 1.203662377404404
983 1.1830534937367143
984 1.1892900417194252
985 1.1830057853425624
986 1.1866801689169078
987 1.217479419486175
988 1.1829764521829618
989 1.2021417148616718
990 1.1837423439176566
