{
	"version": "0.3.14", 
	"suite": "unknown_suite", 
	"function_id": 2, 
	"function_name": "Ellipsoid", 
	"maximization": false, 
	"algorithm": {"name": "DE", "info": "algorithm_info"},
	"attributes": ["evaluations", "raw_y"],
	"scenarios": [
		{"dimension": 23,
		"path": "data_f2_Ellipsoid/IOHprofiler_f2_DIM23.dat",
		"runs": [
			{"instance": 0, "evals": 1101, "best": {"evals": 1080, "y": 888481.9395607136, "x": [0.1956898985048563, -0.9638494073682637, -2.434888406424132, -2.104957394125732, -4.174489018245696, -4.575695334122198, 3.406302555877275, -1.0158772116678212, -0.685210573950652, 0.4800583042355857, 1.0315441656086586, -2.487500203451593, -4.330807669108826, -2.2863600068865972, 1.031267555918902, -3.6310155573794924, -1.863900915566293, -1.6253640699548615, 2.0200476684116384, 3.0577614464606793, 1.487591009853562, 2.574767999454537, 2.9172388818294395]}},
			{"instance": 0, "evals": 1101, "best": {"evals": 689, "y": 786746.4521765393, "x": [0.8227389425721185, -2.4645501114366697, 1.4841949693467975, 0.4343980963641707, 3.5890119467648187, -2.914720089010924, 2.767851128839456, 0.2023228719325869, 3.902224625613872, -1.4392518019842964, 3.6282327623733974, -4.151006288299998, -2.577520664772682, -1.0722811347008916, -2.080306452607, 0.25350920796986065, -0.4202239605925193, -2.550765466530419, 2.674750835870448, 2.9085158345026993, 2.505979769333754, 2.200631392757843, 2.100003653117816]}},
			{"instance": 0, "evals": 1101, "best": {"evals": 1081, "y": 1326192.3371811814, "x": [2.708937723367214, -2.3413287262914855, 3.904196490503531, 1.7060187335644077, -4.733012931025536, 2.797481068312565, -0.7097912231148333, 1.3775833210682695, 4.240389468513384, -1.5695969743525549, -0.17693573692299935, 3.8483960011530645, 0.5774934469185, -1.5487994149184914, 1.7661712938542502, -1.8926907866165303, 0.8640877823322977, -1.723664127285618, 3.6255119729944676, 2.6399794775429166, 0.8557355016803392, 3.094052833751706, 3.3576316282081624]}},
			{"instance": 0, "evals": 1101, "best": {"evals": 860, "y": 773761.9660535222, "x": [2.937824014122868, 3.4865429715855947, -4.849316929566184, 4.562721061892169, 2.1699157798561624, -4.07811285420101, -0.261726079658386, 1.1030436968762451, 0.19965873541162255, 1.053421494354723, -0.055003684017840726, 2.212830671712222, 1.4996344552660243, -0.7290266725854613, 2.7447272221397085, -3.523796132425323, 1.5745789033492263, -3.143385782992283, 3.200959599194765, 2.6132997180165574, 1.0601440646234415, 2.961349133734453, 2.689952863799987]}},
			{"instance": 0, "evals": 1101, "best": {"evals": 787, "y": 684600.3867451146, "x": [-0.1212984483296271, -3.774479217337239, -1.278424068994744, -2.150604931756244, 3.166334111101083, -2.4646579243449764, 2.875103930566711, -1.4626074053084892, -2.090533562266146, 0.27579035838419763, 0.3595628351801725, 4.571933476522096, -4.815209232873514, 1.9089422542239816, -1.748431326062347, -1.6508663421295489, 0.6138039073561585, 0.24298565021043128, 3.9710750372046273, 2.5812891876926747, 2.7039885073709344, 2.3227236998591794, 2.7195189645622184]}},
			{"instance": 0, "evals": 1101, "best": {"evals": 995, "y": 771482.8988540217, "x": [0.5086385485569656, 0.49813895020379384, 1.4471809925219077, 0.8311856491260938, 4.625730903353606, 2.5791336314274154, 0.6279534429735971, -1.7768885566878763, 4.4134101342530005, 4.377942634324608, 0.7575334857634775, -0.9982420538178891, 1.0594823753045621, 0.7592087070915075, -2.147218757579715, -4.236144786328611, -1.2680867054112186, -1.342899075522733, 3.7402193104101062, 3.867234964420962, 2.646853421870178, 2.214121137582615, 2.137053027488516]}},
			{"instance": 0, "evals": 1101, "best": {"evals": 751, "y": 821897.639853408, "x": [1.2058991305679885, 3.5497073760304514, -3.2606888919869146, -2.311279146851035, 4.93406328255589, 3.790988506069697, 2.508648384802284, 4.849094357999116, 1.0817864009949858, -0.2404661104622159, 3.3637148742470195, -0.7663744849090186, -3.750810363305974, 1.5497920926540223, -0.06790627472411448, -3.271881670140222, -1.2591115606381753, -1.1894577365087398, 4.582887908437208, 1.5032936653283375, 1.5271880961551183, 2.7394660425757564, 2.212385882729211]}},
			{"instance": 0, "evals": 1101, "best": {"evals": 997, "y": 844960.7160097213, "x": [2.3151812857962604, 2.1985601760315276, -1.1513231538571231, 4.180514094925366, -1.3507896501495482, 3.135503660396777, -3.0091526040169345, -4.6660780523160525, -2.327799871578021, -2.75313874034109, 1.6080685893487254, -0.3316528993874561, 4.963434693124233, -3.7916617539593886, 3.4180753797463104, 2.171426622009477, 1.674525175464609, -2.261920740951064, 3.6152459956001772, 2.730858595822966, 2.431320135429411, 3.89513231158506, 2.2998267747950596]}},
			{"instance": 0, "evals": 1101, "best": {"evals": 787, "y": 543396.3346136758, "x": [-2.731244876621056, -0.159500404119147, 2.2991130302201768, 4.452194905237402, -0.767316334857167, 3.7589925861530396, 1.5008447566395717, 4.596003944252544, 0.052729796811247454, 2.6921178406433244, 4.049159251781642, 4.55194084525742, 1.3808675698244122, -4.1513052478841805, 1.8292136284449714, -0.31413815570895753, -0.645023254580356, -0.7967765624452134, 3.344338992275894, 2.977270272642569, 1.2459398574312648, 3.167084347638726, 2.8857011309915905]}},
			{"instance": 0, "evals": 1101, "best": {"evals": 974, "y": 436648.8692313641, "x": [-0.8131479916200128, 0.13975740039211626, 3.4638141897702095, -0.14252366584925347, -2.7451882693244847, 1.01979334096833, 2.1210569786771414, -0.052330185593762124, 1.743489883839752, -3.480899098766317, 0.48882117477009723, -2.7714981923070168, 1.3062744506159194, 0.5994286038589891, 0.6886989600521147, 0.9753858733022931, -0.7207048526670243, -1.529534958207051, 3.981124207920878, 2.1019845198297267, 2.3461467242259175, 2.8423738144420505, 2.093327186299296]}},
			{"instance": 0, "evals": 1101, "best": {"evals": 898, "y": 596625.2578039821, "x": [3.795732560649302, 2.6245879876565184, -0.3893980152866463, -3.064453746328301, -4.1223881918756415, 0.9593638721873579, -2.0223070364857576, -3.46224187054235, -4.838087274237461, 3.0178871644713663, 2.9831576535185267, -0.9421087334905227, -0.5466633863441854, -2.882043121910532, -0.5741478225369102, -1.4521740256584086, 0.7992724166178364, 0.18905236812755621, 3.4996181495725835, 3.301256905293341, 2.0634893344188394, 2.266699799937876, 2.9302347543402965]}},
			{"instance": 0, "evals": 1101, "best": {"evals": 1066, "y": 1035794.9418779466, "x": [3.032026962511269, 4.1913675627567475, -3.8803668662323587, -1.3142909581059357, 1.2846821121084417, -0.24207175497720268, -4.247123398066059, -2.2973154179015176, 2.053948793746585, -2.6835074075875034, 0.8771903618736174, -2.9232566837350875, 1.543151653661126, -2.5189515218202803, 1.5086828911828747, -0.9478992087512302, -1.109329982360724, -0.5871708250598786, 3.181062495273655, 1.9417417271800068, 2.0397029826020763, 1.861702126250126, 2.564767565210661]}},
			{"instance": 0, "evals": 1101, "best": {"evals": 1080, "y": 973351.1695430252, "x": [-3.6468245150193854, 1.7126224420829113, 4.860307995787329, 3.297517457827386, 1.9407167119053987, -1.15924800969273, -2.334788228097122, 1.0787125470594043, 4.114023988462396, -0.5606843756075851, 2.7831901965048034, 0.9604793092771446, 1.326382976710067, -3.402053081718456, -3.6879527969028794, 2.4833872913793122, 1.6901280399203131, -3.0710495342622717, 2.9439096724408547, 2.096507998761915, 2.92731072790766, 2.509560645293938, 2.3526039519766515]}},
			{"instance": 0, "evals": 1101, "best": {"evals": 1053, "y": 1715668.5646105006,