{
	"version": "0.3.14", 
	"suite": "unknown_suite", 
	"function_id": 11, 
	"function_name": "Discus", 
	"maximization": false, 
	"algorithm": {"name": "DE", "info": "algorithm_info"},
	"attributes": ["evaluations", "raw_y"],
	"scenarios": [
		{"dimension": 23,
		"path": "data_f11_Discus/IOHprofiler_f11_DIM23.dat",
		"runs": [
			{"instance": 0, "evals": 221, "best": {"evals": 151, "y": 334.59708692680834, "x": [-0.693985476946493, -4.728249839091559, -1.5425239432166142, -3.527576617579632, -1.4205039469001033, 2.2818781787321596, -4.419163878318005, 3.6617614577493516, -3.7554392901053193, 0.6838568048053364, -4.7941550570419755, 2.349624525759136, 3.324426408004218, -1.7690967159132993, 1.3508910590971883, -3.165954901465662, -2.6117248014653, -2.147101255657698, 0.7129216449515758, 2.524031200388227, -1.4164930851405086, -2.99506637757056, 0.405544859187033]}},
			{"instance": 0, "evals": 221, "best": {"evals": 120, "y": 1160.4918971716797, "x": [0.4830803238089678, 0.2939439642540149, -3.5390343445867978, 3.2300357444693475, -2.649687011880814, 1.522811128184463, -2.3353986236838518, 0.9604359547764716, -3.925494473710919, -4.830872000783927, 4.095644273803012, -0.7245814464028797, 3.1967700278045914, 1.8560306654487437, -2.885687420010888, 0.9504077163921316, 1.3872618224921958, 2.794031894938612, 3.8374379860697667, -1.9115272521838, 2.951102825267247, -3.6425414690009896, 4.774381842040123]}},
			{"instance": 0, "evals": 221, "best": {"evals": 199, "y": 3064.921973538625, "x": [4.266643973558139, 2.4656199772935516, -3.405846373270747, -2.1813846837599247, 1.4692834109824684, -4.382196760629649, -1.1823260480266151, -2.5108263002235263, -3.5744374286506, -0.15857426381185968, 4.6764709273280864, 3.1948072170062183, 4.854904670807142, 1.399306874505247, -3.1040450982330725, 3.606017498602906, -0.5631332566001714, -2.9309596286713164, 0.47762298045623997, -1.5834256328760183, -2.4078994862359164, -1.2222350052380246, -1.766653935109182]}},
			{"instance": 0, "evals": 221, "best": {"evals": 211, "y": 978.4469365196038, "x": [4.566343228639369, -0.5988586709460297, -2.726276614971516, 3.295844713634313, -1.7404815320974336, 4.844609579738654, -2.103024625218241, -0.9810573188300342, -1.2969173576248911, -1.7037002077001593, -1.8262716869734614, -0.031393594558515314, -3.135831447898153, 4.158577418457908, 0.7691090789837931, -3.7394739104759314, -0.879855026013457, -0.016399622623104015, -0.26638756140069453, -3.434001434049555, -4.41802229869713, 3.731025656089301, 4.782236685813746]}},
			{"instance": 0, "evals": 221, "best": {"evals": 119, "y": 292.404583414627, "x": [4.240764213938123, 1.3774317116565045, -3.0651589301893467, 4.220096204897768, 2.3251596993271395, 2.6283203732558973, -0.2390535524679187, -1.4568227220001115, 2.2610195016457832, -1.6551939187594336, 2.5662468646714927, -0.6536835838479105, -1.8980739525585986, -0.9430886231631113, -3.002816896956401, -2.0979700398657775, -1.4005809985086284, -3.398072973984889, -3.235557339260634, -3.4084404867798828, 2.977065734873767, -3.898463604203731, -1.8532889563052226]}},
			{"instance": 0, "evals": 221, "best": {"evals": 18, "y": 396.0229339113491, "x": [-0.031361442552601204, -4.722072100329219, 1.3631284007625197, 0.2253523558511823, 2.8619857683502827, -2.9181512199145887, 2.767473661838907, -4.30711796909688, 0.8041002317797261, -4.073752003221828, -0.7483212701322985, -2.9248537474976977, 1.3300779253203832, -0.744156398586493, -4.838826955122357, -4.718350059832339, -0.288656815285778, -3.1677413309464564, 0.8504204814474239, -0.9180821822797869, 1.544198355397227, -0.4515827912678416, 0.2873613479525359]}},
			{"instance": 0, "evals": 221, "best": {"evals": 196, "y": 3090.256401389791, "x": [-2.3405414410220837, -3.6607423751422505, -0.25305837671024545, -3.859758611596982, -2.276250351759442, -3.7107283773601316, -1.8043194645633664, 3.7706727676214644, 0.9613667760868436, -1.812601146278615, -3.093573221966551, -2.0469022500327076, 4.174074953697837, 4.165993889009446, -1.351402849851235, -4.593905096971093, -3.781943180937441, -3.0043190246971987, -1.8182805912728863, -1.0298822124766447, 3.3783941230885546, -0.7440169527718545, -2.0625723155643247]}},
			{"instance": 0, "evals": 221, "best": {"evals": 58, "y": 3605.832342578158, "x": [-2.3920751778033935, 2.4485953214320046, -3.731638999395094, -2.9522589894160536, 4.0762639486887196, 0.4613750460242825, 1.208496424772198, -0.44233854634920533, 0.17439071401923822, -2.508697146770121, 0.8921958626135176, 1.3962339023070802, -0.9696687640998958, -0.34467474040660395, -2.96477727443508, -4.632696190635923, 2.2313622203251215, -1.8159655907763286, 3.0252826207971975, 3.7955809331071517, -2.299860411400358, 4.0495657976428525, 0.4806509517768287]}},
			{"instance": 0, "evals": 221, "best": {"evals": 215, "y": 1056.969676369349, "x": [-0.7180542150344822, 1.1366484927789204, 2.090104469898096, 1.078317433235556, 1.5349895732231262, -0.5578129530662501, -2.5285875325308607, -4.452525056618548, 2.4607776042906684, 0.26451116090631643, -1.6397214820898443, -3.435923740361504, 4.552363950752013, 2.1635783898191483, 0.3132832820585314, -3.7364448198564015, 1.254121021327099, -1.4838124980972816, -0.11562443547597945, 0.9601204177137879, 3.735997989399013, 0.36526764727483796, -2.434628385689578]}},
			{"instance": 0, "evals": 221, "best": {"evals": 52, "y": 826.9404888148246, "x": [1.757863491430185, 2.284699159412469, 1.2883984726771676, 2.837372382686569, 3.8450999827857375, 3.0570821901831096, -0.6969467028480283, 2.041288243797154, -1.0488482736570637, 0.11344650981068805, -0.0956986429766733, -3.111834897547905, -2.2939442514621797, 1.2263619683962412, 0.3653763661137801, 4.374180986516638, 1.4343667323832854, -4.198824783303017, 3.8223813380567826, 2.6463081396977772, 1.48195779138703, 4.627341514613841, -3.1772298940189723]}},
			{"instance": 0, "evals": 221, "best": {"evals": 194, "y": 281.9387603234975, "x": [-4.939255655998861, 4.337783075431494, -4.729289964910681, -1.7692973543416142, 4.031055303317008, 1.3840869317314741, -0.3234656258074282, -3.2291422560636045, 4.92494425788923, -2.706533408869843, -0.8348092938268459, 4.221877097768811, 3.7263815601274963, -2.873343019852105, -2.38837932911293, -2.2077402983402603, 4.929307552475672, 2.375990689925505, 1.2625379945839275, -2.8854565511287857, -1.090267909295978, -1.89851533914986, -4.691170138235712]}},
			{"instance": 0, "evals": 221, "best": {"evals": 9, "y": 563.8118718738275, "x": [0.3075140803546521, 0.6470300139994487, -1.435171751766994, 0.3673062230241131, 2.497371876241443, 0.6192015409432177, 1.4126288989169016, -0.27531922045109525, 2.1639971072282984, 3.995590170883766, -4.489488000890348, -3.92703469318324, 1.8560911450342141, -1.2229558472940258, -2.1838156200640757, -3.2140671653764388, 0.7263627677128319, -1.5246760440938645, 0.07960826111384822, 4.585612282138145, 2.5826764566581524, 2.9595086927335776, -3.7580209693697517]}},
			{"instance": 0, "evals": 221, "best": {"evals": 133, "y": 814.2113586358615, "x": [0.42538331116643646, -1.3377719052600288, 3.199815129877228, -1.152825863990163, 3.0783114143077057, -4.225998065619644, -2.0164151435638136, -3.0044315819874634, 4.706024559894928, 1.9005267119378213, 3.685411164608377, -2.480983421159544, 3.3073883974634875, -2.282898726785726, -2.736755709490967, 2.3211068923546874, 0.9896603011933678, -2.938764755185832, 1.1582747604661567, -1.3306999866751568, 3.1442505389439734, -4.2619355216944745, -4.648337206357186]}},
			{"instance": 0, "evals": 221, "best": {"evals": 60, "y": 1986.4749806419018,