{
	"version": "0.3.14", 
	"suite": "unknown_suite", 
	"function_id": 22, 
	"function_name": "Gallagher21", 
	"maximization": false, 
	"algorithm": {"name": "DE", "info": "algorithm_info"},
	"attributes": ["evaluations", "raw_y"],
	"scenarios": [
		{"dimension": 23,
		"path": "data_f22_Gallagher21/IOHprofiler_f22_DIM23.dat",
		"runs": [
			{"instance": 0, "evals": 1101, "best": {"evals": 277, "y": 71.9929483610675, "x": [3.9516790110297304, 2.955558455264031, -0.43883433683797746, -1.617750789789072, 4.2458755356910665, -4.016660576478962, 4.213289097030382, 2.242407284084914, 4.079315336974926, 1.59625550429059, -0.5686400817217896, -1.2056179618853369, 4.075266417762629, 2.6144121905599693, -0.5821458906478101, -0.06897003356787135, 3.5867495379730783, 2.626851106280741, 3.332133667733334, 0.24444653624266666, 3.6257009161713594, 1.236001822902253, 2.2908174135331265]}},
			{"instance": 0, "evals": 1101, "best": {"evals": 1065, "y": 76.81076075061658, "x": [1.9038727616738447, 3.0687116338213656, 3.87475574796275, 4.548386906997341, -3.8546140796106387, 1.9291957607102574, 3.1794733766633345, 3.076046975539839, 1.904123161808314, -1.8467901324634264, 1.5646900995209319, -3.2348302356077685, -0.16410206531589067, 0.19549978129411816, -2.1764467528493667, -2.0742429856813605, -2.7259107740928004, -0.3217072558318197, 0.4930076837109001, 4.427858086597656, 0.3505411834908396, 2.192320292670493, -4.011244933621737]}},
			{"instance": 0, "evals": 1101, "best": {"evals": 270, "y": 76.20084745425937, "x": [-1.9988065220203186, 0.8510696626025926, 4.467911487395931, 2.871750651534094, -1.8848611357195986, 2.5316946232644195, 4.388767301304322, 3.9444399668681696, -1.6571982221067474, -3.2179044062129476, 3.619784604055724, -3.2946154639664926, 2.3897417904345817, -3.4445533452457875, -1.4899603276818274, -2.448623688292079, 1.2346034419442977, 0.24276055780167383, -0.8609275128266924, 1.3818004834168534, 0.5783184770106646, -2.121231869139744, -3.2097361381193745]}},
			{"instance": 0, "evals": 1101, "best": {"evals": 574, "y": 77.20043798259299, "x": [2.415816561417267, 4.474932812320646, -4.408064745920223, 0.6998421950619527, -1.3699613501365087, -1.7434045893878976, 1.9424457606681806, -0.7720858743928334, 1.239733331095353, 2.6218524261287595, -1.0362366333057493, -1.1597485288524831, 4.783750413843457, 4.654868614012049, -1.8320860079443468, 3.2756528950356536, 2.607261924985802, 3.6786268895581884, 2.991143552830435, -0.6760544768035339, -2.0935837912871844, -2.953890139219446, 1.426870065156045]}},
			{"instance": 0, "evals": 1101, "best": {"evals": 673, "y": 79.72669656347675, "x": [0.7373831794226242, -3.5464184188171632, 3.006474536355517, 0.17787979257686803, -2.7817719695742618, 1.378900350926294, -0.6114602493012464, -1.980892850957873, 0.6404376039517339, -4.138407475603144, -2.4471962015449487, 0.8591810122904109, -0.08315834240871922, 1.2380522742392124, -1.0795920221993076, -3.6266775210397437, -0.7015035293057466, 0.9827731283651548, 1.3361759427313447, -2.148903890186432, 1.890753141803407, -3.882701532612182, 1.8004885917922966]}},
			{"instance": 0, "evals": 1101, "best": {"evals": 1080, "y": 71.76491476674383, "x": [-4.568160764256235, -1.1994947303390213, 0.2307357894122799, 1.0941095244556345, -3.039669975238754, 4.139522137435989, -0.1061372428478311, 2.8146309477934417, 3.480090750989758, -0.5207210332591645, -0.5031917971498825, 0.8935395106863062, 2.9253331423237006, 1.345299575493757, -1.4205409048753366, -4.783781695302505, 0.9712042323065662, 2.3243283937287265, 1.7714731305739315, 2.7799764242570504, 0.3141586532398797, 0.7164935545797357, 1.2310440599617936]}},
			{"instance": 0, "evals": 1101, "best": {"evals": 776, "y": 74.8247718612526, "x": [0.1078863130825638, 4.150513141035928, 1.2076475326117408, -0.7635699070930224, 4.252277607448475, -0.3469654496536192, 4.803619374056249, -1.6400739687659591, 0.4177614399092464, 0.891946875671008, 2.8872283691462606, -3.7722185385719564, 1.7535282911551509, 3.700612329208411, -0.6478663250408978, 4.577804252265688, 2.342972835726263, 2.2738606077461965, 3.607131468501981, 2.703722488834382, -0.29951762040484464, -3.8646819411869413, 0.6106759814829141]}},
			{"instance": 0, "evals": 1101, "best": {"evals": 879, "y": 78.0477242386009, "x": [-0.07289717961592102, -4.0227606208035915, 0.1599042618748472, -0.6932228336549877, -2.4341735596401195, 4.6100139456111915, -2.628432988255722, 3.0927518923409245, 0.5557631121599007, -1.7868211176810433, -0.9857490065836081, 2.515762315240212, -0.9573401891009867, 1.2568858290007983, -3.91790125372514, -4.079984282746098, -1.7774090294093279, 2.537418604149219, 2.7785831009211117, -1.8016984362309234, 3.3923756336510937, -4.073606429050169, 1.8950766647567103]}},
			{"instance": 0, "evals": 1101, "best": {"evals": 978, "y": 74.346480826722, "x": [2.785869754139822, -2.315017773568755, 3.5198863802421365, 2.2158502763930663, 3.8826295114088083, 1.3233595802942675, 2.9129211560733603, 0.6198914001383233, -3.554773061874732, 3.3407646561861206, 3.2260887893841836, 4.086731113844785, -0.18185966524925867, -3.4369278193081647, -2.6173248549339077, -3.3879661615134937, 0.5055426937004972, 1.5222375105911925, 1.0437618320170292, 2.022332121869283, -1.005485955998683, 4.052480101116234, -1.2635780527029263]}},
			{"instance": 0, "evals": 1101, "best": {"evals": 756, "y": 75.74150567278129, "x": [0.11055389738859, 4.3843635748534435, 2.85788834790102, -2.0389588027433367, -1.1505849072532146, -1.821549905351477, -0.6906616448649048, 4.531467283826887, 2.2306028942469984, -2.624524700961338, -0.49356812689478935, -0.4522888100980764, 0.24258922824217244, 0.5697381230389951, -4.793945326164709, 1.1076644827571762, 2.3609160722267486, 2.3359099272866537, 3.7773069911847763, 0.5794023160693209, 1.495649959225882, -4.140863289570538, 3.985676503075582]}},
			{"instance": 0, "evals": 1101, "best": {"evals": 985, "y": 75.34073876960332, "x": [2.6819173500914357, 2.7058306134468957, 0.24156243785036224, -0.08881814558634815, 2.05522597763798, -1.187197019677042, -1.0242376307496226, 2.287411314904357, 2.4969414304132727, 0.6296149686231476, 4.787677706750822, -3.6830443626891434, 2.5556206260415326, -1.2891480310025398, -4.684491643638027, 1.3991117617298312, 4.554581886066519, 0.9979050314115334, 2.8438116027484464, 0.7318073080397309, 1.3520326573402566, -3.7491106164050247, 0.516628630159442]}},
			{"instance": 0, "evals": 1101, "best": {"evals": 1093, "y": 70.6533573297247, "x": [-1.9867485882481652, -0.28934426515685896, 4.601702193396031, 3.3612850539385493, 1.5011147030091703, 1.362545595225328, 2.542750175168409, 0.20268009804575993, 2.3259700709406625, 2.214764634712422, 2.6651186038705323, -0.07015501942813085, -1.0409596793404705, -1.4092455496624556, -0.5694919648858936, 3.3986888179081376, 0.09103860550869891, 1.0608045971918036, 1.2313325987276205, -1.1434420200966589, 1.5445879177563118, 3.4920360710436116, -2.310006253908694]}},
			{"instance": 0, "evals": 1101, "best": {"evals": 982, "y": 72.89561051877469, "x": [-3.6394334363475456, -4.2395549613340044, 3.0800257983933905, 2.1362684364434905, 4.426758109865128, 1.8783998154421688, 4.35301192157754, 0.5719051404688935, 3.344511144729858, 0.9053637708467965, -0.25590434682063323, -2.635067815336237, -0.4484561498274475, -1.7505128241486236, -1.6970893826701827, 3.686012419188966, 0.3410475696393389, 0.566683462039089, 3.6139673073642946, -1.1093269553422367, 0.7068995990820546, 2.2762248380658265, 2.615419654817048]}},
			{"instance": 0, "evals": 1101, "best": {"evals": 658, "y": 72.43561604299045,