{
	"version": "0.3.14", 
	"suite": "unknown_suite", 
	"function_id": 2, 
	"function_name": "Ellipsoid", 
	"maximization": false, 
	"algorithm": {"name": "DE", "info": "algorithm_info"},
	"attributes": ["evaluations", "raw_y"],
	"scenarios": [
		{"dimension": 23,
		"path": "data_f2_Ellipsoid/IOHprofiler_f2_DIM23.dat",
		"runs": [
			{"instance": 0, "evals": 2301, "best": {"evals": 1986, "y": 247924.21505308288, "x": [-0.6947363339256003, -2.0321152616566263, -2.7817480842124516, -0.8575656724771825, 3.0438576114274127, 3.1433368663753516, 1.8911499294200558, 2.2943161591644525, -3.529256986300916, 4.1718485362071505, 3.2025062588531137, -0.4142190596489669, 0.27413764148240993, -0.5268223335129698, -1.4148825239247327, -2.8678552823147907, 1.9416566059858824, -2.721518831392694, 3.6091722864976146, 3.0306741460914055, 1.9802837820290313, 3.092661308132283, 2.415970319771475]}},
			{"instance": 0, "evals": 2301, "best": {"evals": 2195, "y": 264370.55171612493, "x": [-4.652307673601329, 1.407793237170195, -0.9518172234356612, -3.065698729010543, -2.675285743499467, -0.7412443671391351, 3.862341907182154, -1.0011285784704471, -1.0161038508070543, 3.7570273198754855, 2.8256600657847137, -0.4707276004507106, 1.2833697386262441, 2.4815921339164007, 1.0215350968876795, -0.25701991252644163, 0.48948443763807625, -0.9918219637001622, 3.0526916725083284, 3.398536254446847, 2.149683085977352, 3.2459541494567965, 2.6885533802380013]}},
			{"instance": 0, "evals": 2301, "best": {"evals": 1665, "y": 314572.84320000466, "x": [-1.4339002751281371, 2.151260602650361, 2.2197011466464067, -4.166762488788935, 4.239477906693554, 2.92621379406762, -1.8148394711441442, 2.553089051545775, 0.9511035892804007, -4.005659933492822, -0.5768485336737719, -1.2837690950768965, -0.8153516258377127, -3.961608929541677, 0.2629713284767453, -0.5272156961827128, 2.0669176558919466, -0.796601738389314, 3.280495161257475, 3.055025649893202, 1.9935085868816405, 2.999947568396882, 2.821979371766097]}},
			{"instance": 0, "evals": 2301, "best": {"evals": 2288, "y": 133593.66121820372, "x": [-0.9622759029327626, -4.10182774680756, 2.8941103819141163, -3.0740765393006626, -1.9044890451814434, 2.492785195365218, -1.7467732632122939, 3.145604718049011, -4.021349683809853, 3.1533421329955242, 0.7208854742164812, -2.388362431454282, 3.4300138337939927, -0.7741149110530733, 0.6802525415487942, -1.7145905945067887, 0.24514104658671165, -1.7130024979556118, 3.8977791151853918, 3.3085603451510393, 2.0230797162820924, 3.0952366984291997, 2.230809033731728]}},
			{"instance": 0, "evals": 2301, "best": {"evals": 1852, "y": 232039.44251711643, "x": [-3.434608211414126, 2.594823290387268, -2.298732879382448, 1.1913715056029233, -1.2502842193778254, -4.152935293045482, -4.6348069598143855, -1.8366139485291235, -4.2526193611762615, -1.9051841321045857, -0.6809815496838942, -3.856658870396399, 4.538057283924782, 1.7012368962476945, -0.9127076512477004, -0.610819486476664, -0.5837605920979585, -1.912156919412285, 3.9320384906256245, 3.3519284656340425, 2.0112992912075836, 3.3201081298413513, 2.5914377308566]}},
			{"instance": 0, "evals": 2301, "best": {"evals": 2172, "y": 176825.8623500276, "x": [3.8928494959151845, -0.04763523376366585, -3.5672476221756018, 3.8325657801090665, 4.543175400623687, 2.514323912141173, 1.6532596374141846, -1.781073688485625, 0.5133972417816088, -2.62187553436561, 2.434604880141177, -3.624869479702291, 2.8481149421014553, -2.1308371754885136, -0.32125202262196195, -1.426931577569459, -0.6560788214916737, -1.7401631201322854, 3.873528200404955, 2.9755968586326134, 1.8857482963599006, 2.6724479955766496, 2.728359036065047]}},
			{"instance": 0, "evals": 2301, "best": {"evals": 2273, "y": 344413.48409911647, "x": [0.2971185294089569, 1.9896432115428189, -1.7608339090568443, 2.336498931692292, 1.989445004214245, 2.741181205768738, -3.749619155261763, 3.986946603577419, 2.2774432025563556, -3.304852728078671, -1.046539074155926, 2.6300492863009834, 1.0731865531408968, -2.8126753735210395, 1.3027128561924763, -4.481646776048146, -1.3694710932624061, -1.567352024709174, 3.8211256897934627, 3.2521435509788823, 2.1451089811388298, 3.192951554094064, 2.792305781470451]}},
			{"instance": 0, "evals": 2301, "best": {"evals": 2298, "y": 155341.91073715588, "x": [4.4221198243356294, -4.184905888223341, -3.24513576778644, -1.582471137569323, -2.4682812364237217, 2.4804380695018864, 3.2052072518679857, -2.795485111796661, -2.1536016922222943, 0.05577856510195467, -3.985996473475423, 0.3527118336443563, -0.33584052775533824, -1.6657990329458232, 0.6078960566450968, -0.9188698715181838, 0.7385785733939607, -0.8077392437225828, 3.655975577780504, 3.0599345110825924, 1.8755535462546, 2.966187185938619, 2.2795829809614383]}},
			{"instance": 0, "evals": 2301, "best": {"evals": 2199, "y": 338000.27300220926, "x": [4.381442125564131, 1.0443767941208117, 0.648950720844073, 4.181722952318777, -2.3508702597383007, -0.20268796228450614, -2.6690451757735167, 3.6400845559001382, 3.2293487474941625, 0.13488276384131126, -3.5212613969620783, 0.6305895507553536, 3.0403774714041103, -2.5397799263960708, -2.513264308713949, -3.3746509251702057, -0.01035134397059323, -1.2474662168372912, 2.9813035565196113, 3.8010713982503566, 2.0908472495564165, 3.4264024337607673, 2.5281560674212367]}},
			{"instance": 0, "evals": 2301, "best": {"evals": 1999, "y": 206716.70245260702, "x": [0.026302198704189372, 0.9801306272853016, -2.048206069391523, -3.4272407575326893, -1.622808432497831, 2.8714785032546453, -0.5940647648503514, -2.999672191172837, -3.4732996605014486, 2.3755632269175804, 1.7806633905357234, 0.6644816877172086, 1.6264020258121985, -0.888289397081667, 1.004498827877921, 0.10542428333326903, 0.23001670092531512, -1.8263739258535627, 4.1600090518314925, 3.237256883418807, 1.5822855675978367, 2.920991107520997, 2.4086108792577967]}},
			{"instance": 0, "evals": 2301, "best": {"evals": 2180, "y": 254991.962017333, "x": [1.1374200910575096, 0.3696972320518509, -2.407955196437449, -0.7993910851235262, 0.2512331047032976, -3.5475198830255037, 3.077719767857161, 4.225603037825466, -1.4449311939822171, 0.7880624492864086, 1.6288452649576368, 3.657031500317883, 0.9512939530607958, -1.1818524732420321, -0.6931275578469276, -3.4208490774796725, 0.03977494920592051, 0.6093537505477795, 3.7115625021631797, 3.2087165704865885, 2.2132860099072342, 2.9288734040496913, 2.3771744911064108]}},
			{"instance": 0, "evals": 2301, "best": {"evals": 1985, "y": 316434.24129276176, "x": [-4.57490751653001, 1.6544020870278224, 2.6729941329563744, 2.0910138822766626, -0.9161403824764214, 0.533835264113943, 2.2325032928087243, -1.4828692265018286, 4.75875916341545, 1.1916982340573696, -0.3919496662021791, 1.4795779260303248, 0.661325040084441, 0.4405974817546596, 1.88626687337403, -1.8352548766090262, 0.39979871093207087, -2.934479567747227, 3.575776584465196, 3.401665689224653, 1.8001531464652356, 2.932072168717503, 2.7011578646826626]}},
			{"instance": 0, "evals": 2301, "best": {"evals": 2294, "y": 130609.68851751537, "x": [2.3578969541034924, -4.314046801048878, -1.4407522367027612, 0.581822710036171, 1.8346714368432064, -0.26188465253594817, 0.5639141386225324, -0.6223284029481511, 3.035886373897184, 3.0250109405323, 0.2688334200301812, 0.3632927933254948, 0.7838590083410777, 1.0404435232162725, -0.8086278539741729, -1.3118603378622138, -0.5085451852111036, -1.8334424108245095, 3.268546920055405, 2.9342374413055645, 2.387705940810724, 3.092387634248834, 2.553729670088641]}},
			{"instance": 0, "evals": 2301, "best": {"evals": 2276, "y": 270095.1279587714,