{
	"version": "0.3.14", 
	"suite": "unknown_suite", 
	"function_id": 17, 
	"function_name": "Schaffers10", 
	"maximization": false, 
	"algorithm": {"name": "DE", "info": "algorithm_info"},
	"attributes": ["evaluations", "raw_y"],
	"scenarios": [
		{"dimension": 23,
		"path": "data_f17_Schaffers10/IOHprofiler_f17_DIM23.dat",
		"runs": [
			{"instance": 0, "evals": 221, "best": {"evals": 159, "y": 13.71462122132258, "x": [1.0929166131878771, -2.168306092921425, 0.3068715993917852, 2.2649730408713746, 0.29650578356006463, 0.3975113893057509, 1.3264063361997915, 3.5701467437348002, -3.361685734007798, 1.7756436184228246, -0.5870037326215323, -1.507904253873391, 2.201342878539692, 4.656000094273688, 3.4318383361419746, -2.3951722441450904, 0.6950227106715396, -1.242975383815457, -2.1420958465819058, 0.6711592100322497, 1.6139768850466671, 3.2636374112615965, 1.322711912538432]}},
			{"instance": 0, "evals": 221, "best": {"evals": 193, "y": 12.567247656884708, "x": [1.3097044487005816, -1.1749147005392837, -0.20088631632199472, 0.7576337652347251, -0.8426575167661268, 2.5756930668685163, 1.1128849079155405, 0.8913340315603824, -3.97083827761148, -1.3917634184439969, 2.2226868861541433, -3.579662545174143, -2.9691060978944672, -0.38566745750416587, 1.93541961747122, 1.6637637714841524, -2.997973187756357, 0.824350768882959, -3.908052902787187, -0.31690501678937766, -3.6696382145086246, -4.7628363969420935, 2.2008063812878342]}},
			{"instance": 0, "evals": 221, "best": {"evals": 174, "y": 11.770806109857402, "x": [0.43296111584639796, -1.4836502666215123, 0.41464474254773265, -2.8132020341975794, -0.3246851898742702, 2.0457506138828343, 1.1120666655726852, 2.9716097204592615, 0.6913737226320302, 0.12433232569315145, -4.65274773084851, 3.1948072170062183, 2.451116087959329, 2.531091647791481, 1.559817526591727, -1.2685926466813553, -1.668958721966174, -3.801066128551266, -4.826661424527572, -0.45106808863253534, -2.865384838610312, -0.7361010523057487, -2.2494555231949964]}},
			{"instance": 0, "evals": 221, "best": {"evals": 193, "y": 14.340894041275622, "x": [-2.8330721579381186, -3.7804353831559014, -2.163969727403673, 0.7964505670974358, -4.013603671261866, 4.705422561557597, 0.05541149773290854, -1.2267222569778067, -0.12874676165386845, 0.23921084334386222, 4.636832722605021, -2.330883398489929, -0.06460324539179108, 2.035850589987712, -0.435941128166085, -0.6589535211803648, -2.1311362461556147, -0.6083280944567404, -4.915480377001499, -3.140824083337674, -4.07022007487174, 2.877714800885684, 1.7984306633245195]}},
			{"instance": 0, "evals": 221, "best": {"evals": 72, "y": 12.391375498502699, "x": [0.9639925924743395, 3.637905348306109, 3.17109395192114, 1.9520714410817392, -1.7540016540009447, 3.7861905570497925, 1.624873960354586, -1.7229665115488113, 0.3434141595508864, 3.835200936741689, -1.414722219999642, -1.363318865628269, -0.14771845496542335, 4.229811327341476, -2.4704714866642927, 0.15013386911281046, 0.305866875502133, -4.9457505489323985, -2.5371027706361775, -0.47987253306022737, 0.047552090325542196, 3.346737219213346, 0.681595214523508]}},
			{"instance": 0, "evals": 221, "best": {"evals": 220, "y": 15.541951155969658, "x": [0.9506422801783705, -1.1953290751102688, 4.4779505748665125, 3.366989247651428, -1.8216443433559717, 3.5823544063456367, 2.4587954532078813, 4.874983679118487, 1.5414559224127222, 1.9919890275723304, -1.5488153556531516, 1.6751659194419646, -1.5145956861104846, 4.47348996354534, -1.1608159202544637, -4.026216699855603, -1.3440715712442177, 0.13228019287939774, -4.602508239462289, -0.44777878091558865, 2.195802535455867, 3.951130790294883, -1.919831036513656]}},
			{"instance": 0, "evals": 221, "best": {"evals": 180, "y": 14.741114295922003, "x": [1.7565721202812368, -2.61661242192678, 1.270494173976454, -2.068232415909989, -1.4383131744480484, 4.52060621787668, 0.88742209235303, -0.03539289076614516, -2.0529558496137423, -3.8087280341490715, -2.2364720625963654, 3.290201288187574, 2.8884393685847387, 2.6604816968568805, 1.1447478128561182, -0.18103814348713243, -2.6183443704392815, 0.5456779036901942, -3.2571093016544355, 1.6533208940510016, 0.7426580272685861, -1.5169900478808243, -0.6196425224781739]}},
			{"instance": 0, "evals": 221, "best": {"evals": 19, "y": 14.754924312820691, "x": [4.850164536522589, 1.7794845514108024, -3.731638999395094, 1.9009312205171476, 4.0762639486887196, 0.4613750460242825, 1.208496424772198, -0.44233854634920533, 2.3656872565912455, 4.169604520931779, -0.7760988125609867, -4.735979250963886, -3.869528860625484, 4.7191144174993465, 3.7320254122383325, -4.632696190635923, 4.608994120683175, -3.1439445422437795, -3.8903363250280543, 1.0144007791531457, -1.1787970296521921, -1.6023036404299331, 2.3415189516481147]}},
			{"instance": 0, "evals": 221, "best": {"evals": 117, "y": 12.425942774694251, "x": [-2.025993488330128, 0.4513814663536255, 2.214970765734737, 0.9085860631451119, 4.517348037411855, -1.930376620059376, -2.1846530400014768, -3.7935578137269688, 0.2075977531447677, -3.2241805241752606, -3.343632620314636, 1.0169301038271827, -3.112844318163167, 2.275689280930444, 1.4192248058461248, 2.8933105450992445, -2.551577091663317, 0.7975248689682983, -0.5155586079447576, -3.823854247317339, 0.9296655155966387, 3.4087811955672853, 1.6209721634586298]}},
			{"instance": 0, "evals": 221, "best": {"evals": 5, "y": 13.338362613566735, "x": [1.6392948828716305, -3.162058310938841, -3.460078886393423, -3.4463727080200126, 3.819839634032027, 2.1126543694717004, -1.6363122237695285, 4.0256121871789325, 4.535457008247889, -1.0172620848957479, 0.10447564801545095, -1.4191535639046506, -2.724441769668103, 2.8000988724297526, 1.4906267196628695, -1.33109612649036, -4.85620016822044, 2.6367339533714684, -0.22628570543496274, -4.269146746810067, -3.7549762161184908, 1.2837787274680554, 0.46332354468014536]}},
			{"instance": 0, "evals": 221, "best": {"evals": 172, "y": 13.058946870231045, "x": [2.1305495969189083, 2.1449399616222777, 3.177719202125319, 1.2873216970703747, -3.5942632296704202, 2.6958171631667747, -0.4048074666152748, -0.11073660673961716, -0.18144671876614638, -1.5916195713885934, 3.164378486552563, 1.471906062757737, -1.4740148307187904, 1.5772056475709393, 4.814197354208082, -4.737551113146824, -1.904800760381827, 0.23619522373283086, -1.8023909084788303, -1.8745564546243645, -1.8263499369122629, -1.4266787894265933, 2.2623346675678393]}},
			{"instance": 0, "evals": 221, "best": {"evals": 220, "y": 13.643855136770153, "x": [3.386846138991572, 0.9466092779836628, 1.7533333723604425, -0.9718948829918854, -0.6721206564418898, 3.0347016754206737, 4.757899660856879, 1.7903987401259118, 1.007618820436122, -3.314381987423877, -2.5201954320976627, 3.626231678458646, 3.55725246548465, 3.2211123494950575, -2.0867219666641637, -0.796665724592251, 0.7936210218726865, 1.8633564279486485, -3.527106332335228, -2.203006306791091, -4.186540201607391, -0.9461756778291581, 4.531573664299488]}},
			{"instance": 0, "evals": 221, "best": {"evals": 151, "y": 13.662196184147227, "x": [3.0103202117105647, 0.8663193680930403, 0.9956443280499845, 0.1952567740152087, 3.3457661881234384, 2.831209381501024, 1.1045423716970326, -2.7328278785210243, 4.618424433388263, 3.130425566600164, -4.32540905628608, 1.8690929707794357, -4.261546644299058, 3.8600955218641646, -0.8650491185992175, -2.2381578704483815, -4.063942741294699, -2.059673578783501, -3.006469895618765, -0.25509879699151816, -0.38835103669582693, 2.456264796472202, -0.5779174207753515]}},
			{"instance": 0, "evals": 221, "best": {"evals": 134, "y": 12.65575823314724,