{
	"version": "0.3.14", 
	"suite": "unknown_suite", 
	"function_id": 60, 
	"function_name": "fluid_dynamics_3pipes_iid0", 
	"maximization": false, 
	"algorithm": {"name": "HybridPSOSA", "info": "algorithm_info"},
	"attributes": ["evaluations", "raw_y"],
	"scenarios": [
		{"dimension": 23,
		"path": "data_f60_fluid_dynamics_3pipes_iid0/IOHprofiler_f60_DIM23.dat",
		"runs": [
			{"instance": 1, "evals": 240, "best": {"evals": 192, "y": 0.29081952571868896, "x": [2.432846650672859, 2.3522980011967007, -0.6971107937125055, 2.4306110981660667, 4.146605723910975, -1.8501951744379852, -3.1915793870286584, -3.156594366642671, -4.393207053807032, 0.3960244230880233, 0.007721144849436756, 4.6430680772829, 1.0962961602628054, -1.3424144653382206, -0.11352656799087502, -0.6361469314077876, 0.7744228320040482, -1.2936584070799202, 3.377874375412661, 1.3103360905827675, 2.4739940138534258, 0.18996560960576153, -0.6988253275577732]}},
			{"instance": 1, "evals": 240, "best": {"evals": 233, "y": 0.23229911923408508, "x": [-1.22719171988877, -2.262205430904082, -2.7293822761053987, 2.3000307302245626, -2.193119740966187, 2.245294902817826, 2.637386421155571, -2.1906703886213066, -2.3336868737617906, -2.712815629503488, -4.084277029753146, 0.3814496569592587, -2.7123390913960392, -1.4945779719180634, -1.4669962769096094, 0.5977278808651723, 1.4409682469195522, -3.188950246982931, -2.531469560286042, 0.3036054606272476, 2.159615251590475, 1.0108532953821558, -1.685380369628324]}},
			{"instance": 1, "evals": 240, "best": {"evals": 183, "y": 0.27314192056655884, "x": [0.11212266734049514, 2.727768288193541, 0.6129782160790547, -3.0017369706647936, -1.2001020015372785, -0.35930113431366584, 0.456963037758617, 2.709870144921103, -1.9150988067760921, -1.3583336208329455, 0.7476114748989804, 1.914805752873099, -3.0937239499312126, 3.5491670589418685, 4.154288223120347, 3.887450540399734, 0.672316863749749, -0.8162491749869041, -2.727358088952571, -0.06932257209900715, -2.2532157798205783, -0.07195769235454086, -2.320619528868972]}}
		]}
	]
}
