evaluations raw_y
1 34.56175707730145
2 96.11214988246458
3 75.52424275139488
4 41.33238532839652
5 81.58885139748868
6 13.340245738036561
7 22.683634243262603
8 105.47838807277168
9 23.57579665151374
10 -30.173777578019134
11 28.365739414324644
12 5.631017449564263
13 -50.30880352063793
14 52.244429880777844
15 116.32171787812601
16 -46.31841297497625
17 24.033342424100397
18 66.17320132103157
19 33.47749480365738
20 30.133680230100413
21 61.937536708668105
22 70.3634597208411
23 66.67758761142603
24 100.21699668194918
25 69.90781483627318
26 -34.529512619829404
27 3.488497708936439
28 42.34224620689024
29 105.72550552417707
30 94.79804644259491
31 -52.024800847751806
32 -48.47075921965667
33 -43.5574845794187
34 -30.787850294745716
35 3.962384003215467
36 2.3810845151905795
37 6.153656340813217
38 21.497134446226728
39 25.674047568358045
40 30.56908230438936
41 28.092801417756135
42 34.15154646990199
43 38.44417702804262
44 34.552425385224666
45 46.82377934527152
46 48.16893104113921
47 52.338201189571905
48 61.9476481187119
49 60.57362194738832
50 64.85659436841397
51 75.46557592433984
52 68.86775935977754
53 86.54938081239496
54 88.11821844018748
55 78.26910424805385
56 91.39654602824277
57 78.85894827516942
58 109.50792182752333
59 96.70399662529684
60 110.04168542862088
61 -85.99059969361873
62 97.60898928737993
63 -52.024800847751806
64 -48.47075921965667
65 -43.5574845794187
66 -30.787850294745716
67 3.488497708936439
68 2.3810845151905795
69 6.153656340813217
70 21.497134446226728
71 23.57579665151374
72 24.033342424100397
73 28.092801417756135
74 30.133680230100413
75 33.47749480365738
76 34.552425385224666
77 41.33238532839652
78 42.34224620689024
79 52.244429880777844
80 61.937536708668105
81 60.57362194738832
82 64.85659436841397
83 69.90781483627318
84 68.86775935977754
85 75.52424275139488
86 81.58885139748868
87 78.26910424805385
88 91.39654602824277
89 78.85894827516942
90 96.70399662529684
91 -85.99059969361873
92 97.60898928737993
93 -83.75439698968815
94 -52.20114954965221
95 -51.666787551579986
96 -46.768821348156365
97 -35.01188729257564
98 6.3719765638520816
99 -7.89069125240597
100 13.973862682168818
101 5.937241177012339
102 22.594658203581723
103 20.01645503093108
104 0.06216606200255903
105 35.42462110319532
106 36.01538256295992
107 51.45196002264037
108 34.6551693356013
109 41.604441999572664
110 51.79153034050723
111 70.833802233182
112 75.10732816442734
113 54.27944976238755
114 64.39695274836534
115 51.54144630152319
116 70.29824039803715
117 78.26910424805385
118 72.47502012558171
119 20.855320444619075
120 91.01091438607963
121 78.7298925666671
122 74.39805187966945
123 -85.99059969361873
124 -52.20114954965221
125 -51.666787551579986
126 -46.768821348156365
127 -35.01188729257564
128 2.3810845151905795
129 -7.89069125240597
130 6.153656340813217
131 5.937241177012339
132 22.594658203581723
133 20.01645503093108
134 0.06216606200255903
135 30.133680230100413
136 33.47749480365738
137 34.552425385224666
138 34.6551693356013
139 41.604441999572664
140 51.79153034050723
141 60.57362194738832
142 61.937536708668105
143 54.27944976238755
144 64.39695274836534
145 51.54144630152319
146 70.29824039803715
147 78.26910424805385
148 72.47502012558171
149 20.855320444619075
150 91.01091438607963
151 78.7298925666671
152 74.39805187966945
153 -85.99059969361873
154 -55.08296169764547
155 -48.99616018502377
156 -48.00011151244679
157 -35.01188729257564
158 49.13678485260772
159 3.8193940772673685
160 2.6823499683110894
161 9.463236195158334
162 0.28137945006080844
163 61.23340376549308
164 20.561194671318958
165 8.250868032693935
166 30.133680230100413
167 38.08954504014729
168 30.726099349040695
169 51.614320195612365
170 46.89200629021512
171 28.542098754637255
172 60.157211222595926
173 45.97037740935937
174 60.70112182187853
175 48.80883973915446
176 64.40512363393958
177 74.23855512832634
178 72.4555203257718
179 77.38659545113958
180 83.25785325359699
181 -79.76256492841416
182 52.781974685646574
183 93.67662793339055
184 -82.50291023329383
185 -85.99059969361873
186 -55.08296169764547
187 -51.666787551579986
188 -48.00011151244679
189 -35.01188729257564
190 -7.89069125240597
191 0.06216606200255903
192 2.3810845151905795
193 5.937241177012339
194 0.28137945006080844
195 20.01645503093108
196 20.561194671318958
197 8.250868032693935
198 30.133680230100413
199 33.47749480365738
200 30.726099349040695
201 34.6551693356013
202 41.604441999572664
203 28.542098754637255
204 51.79153034050723
205 45.97037740935937
206 60.57362194738832
207 48.80883973915446
208 64.39695274836534
209 70.29824039803715
210 72.4555203257718
211 74.39805187966945
212 -79.76256492841416
213 52.781974685646574
214 -82.50291023329383
215 -73.34184084611859
216 -82.50291023329383
217 -72.01243680171707
218 -62.88722969142043
219 -49.045799905040894
220 -45.226420507350085
221 -37.39347602884048
222 11.014753822409954
223 -1.1690073921992985
224 -7.181690077823192
225 -5.372670917388614
226 -10.746240353127533
227 8.250868032693935
228 20.01645503093108
229 17.446233591481455
230 34.09985984270393
231 31.450728630876796
232 31.37036723799904
233 59.33783114362326
234 44.41784966233436
235 41.73519409711721
236 45.97037740935937
237 55.38362351495618
238 51.74276700184514
239 61.9541323200092
240 60.57362194738832
241 65.32050703433791
242 72.9244138232639
243 -72.12213364913609
244 69.7323326105358
245 66.39001725455849
246 -85.99059969361873
247 -82.50291023329383
248 -79.76256492841416
249 -62.88722969142043
250 -51.666787551579986
251 -48.00011151244679
252 -37.39347602884048
253 -7.89069125240597
254 -1.1690073921992985
255 -7.181690077823192
256 -5.372670917388614
257 -10.746240353127533
258 8.250868032693935
259 20.01645503093108
260 17.446233591481455
261 28.542098754637255
262 30.133680230100413
263 30.726099349040695
264 33.47749480365738
265 34.6551693356013
266 41.604441999572664
267 45.97037740935937
268 48.80883973915446
269 51.74276700184514
270 52.781974685646574
271 60.57362194738832
272 64.39695274836534
273 -72.12213364913609
274 69.7323326105358
275 66.39001725455849
276 -74.52277190990998
277 -82.50291023329383
278 -79.76256492841416
279 -78.97388105899584
280 -61.184399462206905
281 -34.13879445869946
282 -49.56844772348053
283 -36.183513968537376
284 -8.291404674834617
285 -11.883919173293666
286 -6.663646800326626
287 -0.49288650448351756
288 -1.0763788310352664
289 2.7632759772688438
290 14.242196085578597
291 40.10240848128413
292 28.542098754637255
293 30.013791285701075
294 35.6010389344179
295 20.86647243036648
296 -8.13742753557899
297 75.16014141304804
298 41.38657709334915
299 55.38362351495618
300 51.74276700184514
301 49.05600700889824
302 62.21597769465726
303 85.95776217763647
304 -91.18778733576917
305 68.20080202191005
306 -103.45666158248827
307 65.10781899550699
308 -85.99059969361873
309 -82.50291023329383
310 -79.76256492841416
311 -78.97388105899584
312 -62.88722969142043
313 -51.666787551579986
314 -49.56844772348053
315 -37.39347602884048
316 -10.746240353127533
317 -11.883919173293666
318 -7.181690077823192
319 -5.372670917388614
320 -1.1690073921992985
321 2.7632759772688438
322 14.242196085578597
323 20.01645503093108
324 28.542098754637255
325 30.013791285701075
326 30.726099349040695
327 20.86647243036648
328 -8.13742753557899
329 41.604441999572664
330 41.38657709334915
331 48.80883973915446
332 51.74276700184514
333 49.05600700889824
334 60.57362194738832
335 -91.18778733576917
336 -103.45666158248827
337 65.10781899550699
338 -103.45666158248827
339 -89.3572883040565
340 -92.94531540936535
341 -75.26396900110439
342 -77.82195990397653
343 -78.97388105899584
344 -72.81565789871081
345 -51.433840017289526
346 8.443327707120456
347 -38.118770776015765
348 -15.910068906712114
349 51.69248511569407
350 0.8003350996164489
351 -20.333760109034664
352 -8.472473415482842
353 -1.3619295639852744
354 4.4779441669947575
355 14.571885488177095
356 77.50617354144127
357 22.55489749221349
358 29.88612180197746
359 30.12369090428154
360 22.82474738002265
361 9.273402029219978
362 41.604441999572664
363 41.1597806742189
364 49.697514454916224
365 18.994734555288073
366 60.57362194738832
367 -83.09640547821598
368 63.414179015353774
369 -103.45666158248827
370 -91.18778733576917
371 -92.94531540936535
372 -82.50291023329383
373 -79.76256492841416
374 -78.97388105899584
375 -72.81565789871081
376 -51.666787551579986
377 -49.56844772348053
378 -38.118770776015765
379 -15.910068906712114
380 -10.746240353127533
381 -8.13742753557899
382 -20.333760109034664
383 -8.472473415482842
384 -1.3619295639852744
385 2.7632759772688438
386 14.242196085578597
387 20.01645503093108
388 20.86647243036648
389 28.542098754637255
390 30.013791285701075
391 22.82474738002265
392 9.273402029219978
393 41.604441999572664
394 41.1597806742189
395 49.05600700889824
396 18.994734555288073
397 -83.09640547821598
398 63.414179015353774
399 -103.45666158248827
400 -87.08248069829492
401 -91.18778733576917
402 -83.09640547821598
403 -82.50291023329383
404 -79.76256492841416
405 -77.73518016565487
406 -74.33311418953309
407 -51.70049863054136
408 18.904636047539327
409 -38.118770776015765
410 -16.723152976266324
411 -15.741942299676529
412 -10.499573046928667
413 -3.8779364371579437
414 -8.13742753557899
415 16.462496277463778
416 -31.420271687995804
417 15.762301275881153
418 13.554568812899191
419 22.7404595276929
420 20.01645503093108
421 23.13762017641902
422 22.82474738002265
423 20.70159769912415
424 30.013791285701075
425 -29.981835244858523
426 25.408161630853133
427 12.340073372342395
428 89.4208685779008
429 -62.06757846449817
430 -103.45666158248827
431 -92.94531540936535
432 -91.18778733576917
433 -83.09640547821598
434 -82.50291023329383
435 -79.76256492841416
436 -78.97388105899584
437 -74.33311418953309
438 -51.70049863054136
439 -49.56844772348053
440 -38.118770776015765
441 -20.333760109034664
442 -15.910068906712114
443 -10.746240353127533
444 -8.472473415482842
445 -8.13742753557899
446 -1.3619295639852744
447 -31.420271687995804
448 9.273402029219978
449 13.554568812899191
450 18.994734555288073
451 20.01645503093108
452 20.86647243036648
453 22.82474738002265
454 20.70159769912415
455 30.013791285701075
456 -29.981835244858523
457 25.408161630853133
458 12.340073372342395
459 -62.06757846449817
460 -103.45666158248827
461 -92.94531540936535
462 -86.27715291544976
463 -84.81199471162869
464 -73.83998798933894
465 -76.1457487269863
466 -69.49209959008108
467 -82.1054848621891
468 -62.06757846449817
469 -52.40107482332215
470 -49.426557411407835
471 -38.118770776015765
472 -31.420271687995804
473 -48.99774665193819
474 -11.57697395714661
475 2.5442751409277626
476 -15.030774689065964
477 22.67057600657551
478 -17.89813363680292
479 -0.3717957574341977
480 28.00284934956767
481 -2.1343388655767424
482 15.956644207946765
483 22.82612519877615
484 18.605743495990968
485 21.471429341161752
486 20.089175584791775
487 27.980769054067167
488 -82.39875629406825
489 14.945787090958227
490 29.612398646240756
491 -103.45666158248827
492 -92.94531540936535
493 -91.18778733576917
494 -84.81199471162869
495 -82.50291023329383
496 -79.76256492841416
497 -78.97388105899584
498 -82.1054848621891
499 -62.06757846449817
500 -52.40107482332215
501 -49.56844772348053
502 -38.118770776015765
503 -31.420271687995804
504 -48.99774665193819
505 -20.333760109034664
506 -15.910068906712114
507 -15.030774689065964
508 -8.472473415482842
509 -17.89813363680292
510 -1.3619295639852744
511 9.273402029219978
512 -2.1343388655767424
513 13.554568812899191
514 18.994734555288073
515 18.605743495990968
516 20.70159769912415
517 20.089175584791775
518 -82.39875629406825
519 14.945787090958227
520 29.612398646240756
521 -86.55769304280275
522 -92.94531540936535
523 -91.18778733576917
524 -84.81199471162869
525 -77.0126246404945
526 -82.39875629406825
527 -82.00456488420303
528 -78.88978396260353
529 -77.48115475473665
530 -62.68366154541306
531 -49.77134612141679
532 -48.641804432313336
533 -48.99579314016504
534 -35.33667203950502
535 -31.420271687995804
536 -0.058600078092519325
537 -19.673373628075492
538 -15.425511881486216
539 -9.113231395087869
540 -2.113912870645726
541 -5.775384207877419
542 18.20273901612666
543 14.889696530773945
544 12.197956712054767
545 13.342661676229586
546 38.16750876843576
547 18.42997746960105
548 18.951525962125782
549 29.362521953275344
550 -47.42963677477057
551 29.709561973164945
552 -103.45666158248827
553 -103.45666158248827
554 -92.94531540936535
555 -91.18778733576917
556 -84.81199471162869
557 -82.50291023329383
558 -82.39875629406825
559 -82.1054848621891
560 -79.76256492841416
561 -78.97388105899584
562 -62.68366154541306
563 -52.40107482332215
564 -49.56844772348053
565 -48.99774665193819
566 -38.118770776015765
567 -31.420271687995804
568 -20.333760109034664
569 -19.673373628075492
570 -15.910068906712114
571 -15.030774689065964
572 -8.472473415482842
573 -5.775384207877419
574 -1.3619295639852744
575 9.273402029219978
576 12.197956712054767
577 13.342661676229586
578 18.605743495990968
579 18.42997746960105
580 18.951525962125782
581 -47.42963677477057
582 -103.45666158248827
583 -99.97781315240023
584 -101.85961704078481
585 -92.94531540936535
586 -91.18778733576917
587 -84.96711953038846
588 -80.8528679061
589 -82.39875629406825
590 -82.1054848621891
591 -73.57993641642302
592 -78.97388105899584
593 -58.81146023889353
594 -38.72591175991516
595 -48.9780707564977
596 -31.277174639162045
597 -47.42963677477057
598 -40.89372576533695
599 -31.327096154293656
600 -5.565155143220771
601 -18.056429592120033
602 -15.910068906712114
603 1.8672224798583361
604 5.974975425641569
605 -0.31222355054660067
606 -1.3619295639852744
607 6.8648755803519315
608 10.942411199092875
609 17.092356328630384
610 2.6832074457681134
611 8.931367449045236
612 33.370074806146434
613 -77.28184823308253
614 -103.45666158248827
615 -103.45666158248827
616 -92.94531540936535
617 -91.18778733576917
618 -84.96711953038846
619 -82.50291023329383
620 -82.39875629406825
621 -82.1054848621891
622 -79.76256492841416
623 -78.97388105899584
624 -62.68366154541306
625 -52.40107482332215
626 -49.56844772348053
627 -48.99774665193819
628 -47.42963677477057
629 -40.89372576533695
630 -31.420271687995804
631 -20.333760109034664
632 -19.673373628075492
633 -15.910068906712114
634 -15.030774689065964
635 -8.472473415482842
636 -5.775384207877419
637 -1.3619295639852744
638 6.8648755803519315
639 10.942411199092875
640 13.342661676229586
641 2.6832074457681134
642 8.931367449045236
643 -77.28184823308253
644 -103.45666158248827
645 -103.45666158248827
646 -92.94531540936535
647 -91.26013240220715
648 -84.95814329543421
649 -78.25655341261624
650 -78.33217948066415
651 -86.49422032340344
652 -79.76256492841416
653 -74.53473334241998
654 -77.20657005275783
655 -53.27070150222366
656 -35.21060685832237
657 -47.12894763920182
658 -48.031836217329705
659 -50.60281099023294
660 -41.17583786757657
661 -30.240486481904576
662 -0.058600078092519325
663 -19.673373628075492
664 -6.484042988499587
665 -15.494210088982825
666 -0.7519538768771348
667 -5.2208611543577845
668 -30.233829161912617
669 -1.20673193720968
670 2.4639488410153483
671 8.931367449045236
672 -103.45666158248827
673 50.41468224208692
674 -103.45666158248827
675 14.895545046787541
676 -76.44012684005484
677 -103.45666158248827
678 -103.45666158248827
679 -92.94531540936535
680 -91.26013240220715
681 -84.96711953038846
682 -82.50291023329383
683 -82.39875629406825
684 -86.49422032340344
685 -79.76256492841416
686 -78.97388105899584
687 -77.28184823308253
688 -62.68366154541306
689 -52.40107482332215
690 -49.56844772348053
691 -48.99774665193819
692 -50.60281099023294
693 -41.17583786757657
694 -31.420271687995804
695 -20.333760109034664
696 -19.673373628075492
697 -15.910068906712114
698 -15.494210088982825
699 -8.472473415482842
700 -5.775384207877419
701 -30.233829161912617
702 -1.20673193720968
703 2.4639488410153483
704 -103.45666158248827
705 -103.45666158248827
706 -76.44012684005484
707 -103.45666158248827
708 -103.45666158248827
709 -86.11429620577591
710 -103.45666158248827
711 -92.1806977645567
712 -89.8269318107537
713 -86.88108762013502
714 -84.96711953038846
715 -73.32933075885848
716 -80.79644857129703
717 -77.20830324465983
718 -78.34147959698868
719 -76.78724719640628
720 -76.44012684005484
721 -48.69333599392187
722 -51.782196379115916
723 -59.635545807989104
724 -49.666125617200564
725 -48.99774665193819
726 -39.033114577774555
727 -19.60499236401526
728 -29.32914956026033
729 -21.616479725824675
730 -19.673373628075492
731 -16.600364709580198
732 -7.289917649853818
733 -7.331115208626929
734 2.4491353148387534
735 -61.91797450575854
736 -27.415826476569844
737 -19.87845214641137
738 -103.45666158248827
739 -103.45666158248827
740 -103.45666158248827
741 -103.45666158248827
742 -92.94531540936535
743 -91.26013240220715
744 -86.88108762013502
745 -84.96711953038846
746 -82.50291023329383
747 -82.39875629406825
748 -79.76256492841416
749 -78.97388105899584
750 -77.28184823308253
751 -76.44012684005484
752 -62.68366154541306
753 -52.40107482332215
754 -59.635545807989104
755 -49.666125617200564
756 -48.99774665193819
757 -41.17583786757657
758 -31.420271687995804
759 -30.233829161912617
760 -21.616479725824675
761 -19.673373628075492
762 -16.600364709580198
763 -15.494210088982825
764 -8.472473415482842
765 -61.91797450575854
766 -27.415826476569844
767 -19.87845214641137
768 -103.45666158248827
769 -99.9260428850278
770 -103.45666158248827
771 -103.45666158248827
772 -92.94531540936535
773 -82.16658368905222
774 -88.5686444252211
775 -84.96711953038846
776 -89.80811356278792
777 -82.26736095212203
778 -78.79549745985155
779 -78.97388105899584
780 -75.4168603400109
781 -52.01944545074945
782 -62.68366154541306
783 -64.07357008813757
784 -59.635545807989104
785 -52.40107482332215
786 -68.9783642911132
787 -48.99774665193819
788 -40.46316871560613
789 -32.76003283680768
790 -30.233829161912617
791 -26.09159539376222
792 -21.616479725824675
793 -19.1690474368543
794 -63.24024840564087
795 -16.04828596653414
796 -46.67205991768327
797 -33.89405260686006
798 -9.085374654229692
799 -103.45666158248827
800 -103.45666158248827
801 -103.45666158248827
802 -103.45666158248827
803 -92.94531540936535
804 -91.26013240220715
805 -88.5686444252211
806 -84.96711953038846
807 -89.80811356278792
808 -82.39875629406825
809 -79.76256492841416
810 -78.97388105899584
811 -77.28184823308253
812 -76.44012684005484
813 -62.68366154541306
814 -64.07357008813757
815 -59.635545807989104
816 -52.40107482332215
817 -68.9783642911132
818 -48.99774665193819
819 -41.17583786757657
820 -32.76003283680768
821 -30.233829161912617
822 -27.415826476569844
823 -21.616479725824675
824 -19.87845214641137
825 -63.24024840564087
826 -46.67205991768327
827 -33.89405260686006
828 -9.085374654229692
829 -103.45666158248827
830 -103.45666158248827
831 -102.78927693591112
832 -103.45666158248827
833 -90.81909558168387
834 -81.91778124978741
835 -96.7894039880077
836 -88.12473191738961
837 -84.96711953038846
838 -82.39875629406825
839 -46.25090219344228
840 -76.52382294816518
841 -77.32829430099586
842 -76.44012684005484
843 -67.16389009666528
844 -63.70493884044884
845 -64.19046376823212
846 -73.13449943853092
847 -59.73392157930464
848 -44.716277869618914
849 -49.55559279809978
850 -46.67205991768327
851 -34.97995299611878
852 -46.43267198071243
853 -49.71987575007717
854 -18.32814290324121
855 -39.11001653026968
856 -23.550944770469762
857 -18.166544795362398
858 -96.07158299558317
859 -9.085374654229692
860 -103.45666158248827
861 -103.45666158248827
862 -103.45666158248827
863 -103.45666158248827
864 -103.45666158248827
865 -92.94531540936535
866 -91.26013240220715
867 -96.7894039880077
868 -88.5686444252211
869 -84.96711953038846
870 -82.39875629406825
871 -79.76256492841416
872 -78.97388105899584
873 -77.32829430099586
874 -76.44012684005484
875 -68.9783642911132
876 -64.07357008813757
877 -64.19046376823212
878 -73.13449943853092
879 -59.73392157930464
880 -52.40107482332215
881 -49.55559279809978
882 -46.67205991768327
883 -41.17583786757657
884 -46.43267198071243
885 -49.71987575007717
886 -30.233829161912617
887 -39.11001653026968
888 -23.550944770469762
889 -96.07158299558317
890 -103.45666158248827
891 -92.84889377908733
892 -103.45666158248827
893 -92.14547716276623
894 -103.45666158248827
895 -103.45666158248827
896 -97.9377537652042
897 -95.94649300468352
898 -93.53992381615002
899 -91.26013240220715
900 -88.86184846583241
901 -84.22797907848539
902 -82.39875629406825
903 -79.36670475641608
904 -78.97388105899584
905 -85.71455706603905
906 -84.43078423659568
907 -66.77910362014308
908 -68.9783642911132
909 -50.23474167929286
910 -54.416036821183575
911 -58.32101781889031
912 -51.785923446009946
913 -49.71987575007717
914 -60.890686349436386
915 -46.67205991768327
916 -46.377601681545634
917 -41.17583786757657
918 -37.658328437906135
919 -103.45666158248827
920 -30.092470959731365
921 -91.06635943259127
922 -15.240040304063145
923 -92.79646886305983
924 -103.45666158248827
925 -103.45666158248827
926 -103.45666158248827
927 -103.45666158248827
928 -103.45666158248827
929 -97.9377537652042
930 -96.07158299558317
931 -93.53992381615002
932 -91.26013240220715
933 -88.86184846583241
934 -84.96711953038846
935 -82.39875629406825
936 -79.76256492841416
937 -78.97388105899584
938 -85.71455706603905
939 -84.43078423659568
940 -73.13449943853092
941 -68.9783642911132
942 -64.19046376823212
943 -64.07357008813757
944 -59.73392157930464
945 -52.40107482332215
946 -49.71987575007717
947 -60.890686349436386
948 -46.67205991768327
949 -46.43267198071243
950 -41.17583786757657
951 -103.45666158248827
952 -91.06635943259127
953 -92.79646886305983
954 -103.45666158248827
955 -103.45666158248827
956 -94.10925530164994
957 -103.45666158248827
958 -103.45666158248827
959 -102.1374967758811
960 -97.9377537652042
961 -96.07158299558317
962 -96.91687800726817
963 -92.79646886305983
964 -89.60157904631865
965 -91.06635943259127
966 -88.78865981014998
967 -81.40085722081179
968 -87.9260536821568
969 -84.43078423659568
970 -82.39875629406825
971 -79.76256492841416
972 -98.16132578017132
973 -74.54151110398429
974 -68.19576469205268
975 -45.05013982338949
976 -60.21269638140168
977 -49.45668218850793
978 -59.73392157930464
979 -53.49089697389143
980 -49.71987575007717
981 -46.67205991768327
982 -98.34113266307462
983 -53.749572092889146
984 -27.052177561898283
985 -67.22760707333674
986 -103.45666158248827
987 -103.45666158248827
988 -103.45666158248827
989 -103.45666158248827
990 -103.45666158248827
991 -103.45666158248827
992 -97.9377537652042
993 -96.07158299558317
994 -96.91687800726817
995 -92.79646886305983
996 -91.26013240220715
997 -91.06635943259127
998 -88.86184846583241
999 -85.71455706603905
1000 -87.9260536821568
1001 -84.43078423659568
1002 -82.39875629406825
1003 -79.76256492841416
1004 -98.16132578017132
1005 -74.54151110398429
1006 -68.9783642911132
1007 -64.19046376823212
1008 -64.07357008813757
1009 -60.890686349436386
1010 -59.73392157930464
1011 -53.49089697389143
1012 -49.71987575007717
1013 -98.34113266307462
1014 -53.749572092889146
1015 -67.22760707333674
evaluations raw_y
1 -4.884921073248192
2 -31.65123396840554
3 57.34013834798933
4 -6.302929932651197
5 108.83023468094053
6 10.128456068873877
7 57.174510588239876
8 60.87274311945585
9 81.32960098444343
10 9.470458317867681
11 -3.6513571524754287
12 30.89836323960273
13 -6.922106582010473
14 90.72811634755938
15 22.518811681186524
16 74.69194728878611
17 42.51701121571875
18 96.35104613485228
19 25.658871845012616
20 29.088465485349616
21 84.77641321070976
22 75.03992814349446
23 12.215740413670632
24 84.19434876461742
25 -39.645742174851634
26 20.609432548383232
27 56.5122656597694
28 94.87754440185864
29 -56.89518558933277
30 -15.693460206109918
31 -78.8912691804261
32 -25.394094027401508
33 -6.429257308401117
34 -3.501586954112339
35 -5.057231605691657
36 -3.37281263384246
37 -3.0233267625373177
38 -3.478861019944363
39 29.49307361664084
40 8.490468454499307
41 10.944644872838651
42 22.10061483455915
43 6.191621132159352
44 23.939194887320877
45 37.93154322806564
46 26.623848092345575
47 42.51701121571875
48 78.0219939628325
49 53.79495702947588
50 89.46162297604978
51 57.733665942715234
52 77.44631995459486
53 138.85290522174023
54 84.41827787103921
55 83.92455303696087
56 78.31577464475815
57 88.62100140149298
58 117.27371133393531
59 -103.45666158248827
60 70.51518892140389
61 108.94463527732637
62 -103.45666158248827
63 -78.8912691804261
64 -39.645742174851634
65 -31.65123396840554
66 -15.693460206109918
67 -6.922106582010473
68 -6.302929932651197
69 -4.884921073248192
70 -3.6513571524754287
71 9.470458317867681
72 8.490468454499307
73 10.944644872838651
74 20.609432548383232
75 6.191621132159352
76 23.939194887320877
77 29.088465485349616
78 26.623848092345575
79 42.51701121571875
80 56.5122656597694
81 53.79495702947588
82 57.34013834798933
83 57.733665942715234
84 74.69194728878611
85 75.03992814349446
86 81.32960098444343
87 83.92455303696087
88 78.31577464475815
89 88.62100140149298
90 -103.45666158248827
91 70.51518892140389
92 -103.45666158248827
93 -103.45666158248827
94 -81.59988805738847
95 -78.88477488238915
96 -40.53592977559184
97 -27.329299628942092
98 -21.427346029295165
99 13.194704353559422
100 -6.430870565864273
101 37.32088650473748
102 -3.9708454688636827
103 6.191621132159352
104 46.70961496020469
105 16.76243845767566
106 8.87772827061631
107 20.60967790186804
108 77.14181583035969
109 24.485794240975615
110 27.043719604775177
111 32.80897637927584
112 47.80157532096833
113 59.21479906021162
114 58.349556694591335
115 56.93967206400585
116 81.37308349343286
117 84.24909780541545
118 84.89124011563509
119 81.134875281201
120 81.37877025195203
121 -65.40887057256525
122 24.326175848752705
123 76.38231338967077
124 -103.45666158248827
125 -103.45666158248827
126 -78.8912691804261
127 -40.53592977559184
128 -31.65123396840554
129 -21.427346029295165
130 -6.922106582010473
131 -6.430870565864273
132 -4.884921073248192
133 -3.9708454688636827
134 6.191621132159352
135 8.490468454499307
136 9.470458317867681
137 8.87772827061631
138 20.609432548383232
139 23.939194887320877
140 24.485794240975615
141 27.043719604775177
142 32.80897637927584
143 47.80157532096833
144 56.5122656597694
145 57.34013834798933
146 56.93967206400585
147 70.51518892140389
148 74.69194728878611
149 75.03992814349446
150 78.31577464475815
151 -65.40887057256525
152 24.326175848752705
153 76.38231338967077
154 -93.50651518735846
155 -103.45666158248827
156 -82.6688971450095
157 -65.40887057256525
158 -40.62528736820404
159 -39.8195069274031
160 -20.789764304874332
161 -18.204203927702306
162 17.470772682536534
163 -0.2358853604198039
164 -4.741176355101393
165 14.360912744662468
166 9.217812122966073
167 1.4044787990983387
168 9.632435967144591
169 19.37910547555606
170 24.66851482112241
171 28.851222924804915
172 11.04766398474285
173 10.980300184832657
174 68.99545250791894
175 53.13832310271129
176 52.58115803716746
177 60.171845382945165
178 61.72797785554705
179 68.72211102264876
180 14.781624856746514
181 73.08471449116479
182 81.30528376190077
183 -94.26353624672852
184 99.87366181490889
185 -103.45666158248827
186 -103.45666158248827
187 -103.45666158248827
188 -82.6688971450095
189 -65.40887057256525
190 -40.62528736820404
191 -39.8195069274031
192 -21.427346029295165
193 -18.204203927702306
194 -6.430870565864273
195 -4.884921073248192
196 -4.741176355101393
197 6.191621132159352
198 8.490468454499307
199 1.4044787990983387
200 9.470458317867681
201 19.37910547555606
202 23.939194887320877
203 24.326175848752705
204 11.04766398474285
205 10.980300184832657
206 32.80897637927584
207 47.80157532096833
208 52.58115803716746
209 56.93967206400585
210 57.34013834798933
211 68.72211102264876
212 14.781624856746514
213 73.08471449116479
214 -94.26353624672852
215 -103.45666158248827
216 -92.80741919478997
217 -90.91895231612686
218 -103.45666158248827
219 -94.69130388705102
220 -82.62238836046791
221 -58.01332709641675
222 -40.62528736820404
223 -25.774140462937286
224 -21.328428422783386
225 -10.453035967558089
226 -8.029586997966826
227 2.6600453966794806
228 -7.950317189787545
229 -2.8147897391564456
230 13.715664977453088
231 -19.903805740593718
232 7.0287519897305595
233 6.332082021533342
234 12.617773799090791
235 14.7794799522629
236 25.160359511229657
237 25.686023075928777
238 22.94641925152519
239 44.718977285647085
240 47.80157532096833
241 52.958243815952905
242 61.11769405768557
243 57.52227080365027
244 -94.70393087746753
245 76.40113229401332
246 -103.45666158248827
247 -0.09805411157485455
248 -103.45666158248827
249 -103.45666158248827
250 -103.45666158248827
251 -94.69130388705102
252 -82.6688971450095
253 -65.40887057256525
254 -40.62528736820404
255 -39.8195069274031
256 -21.427346029295165
257 -18.204203927702306
258 -8.029586997966826
259 -4.884921073248192
260 -7.950317189787545
261 -2.8147897391564456
262 6.191621132159352
263 -19.903805740593718
264 7.0287519897305595
265 6.332082021533342
266 11.04766398474285
267 14.7794799522629
268 19.37910547555606
269 23.939194887320877
270 22.94641925152519
271 32.80897637927584
272 47.80157532096833
273 52.58115803716746
274 56.93967206400585
275 -94.70393087746753
276 -103.45666158248827
277 -0.09805411157485455
278 -103.45666158248827
279 -103.45666158248827
280 -103.45666158248827
281 -103.45666158248827
282 -94.70393087746753
283 -94.69130388705102
284 -82.60141637538308
285 -67.02201213007265
286 -37.4341887456101
287 -34.70813972855896
288 -24.39184973443721
289 -10.475703031285539
290 -16.938829876886814
291 -13.949576727748052
292 23.798473564184132
293 -5.761310176032909
294 -2.7180063664539116
295 45.38425107267719
296 1.9801142149605173
297 6.371722735891425
298 7.214135362292551
299 13.485817632653253
300 52.90930877593597
301 18.634838679899797
302 -10.252250982033434
303 7.791614655896757
304 32.80897637927584
305 15.086872483627834
306 52.32932320798426
307 26.643840723396476
308 -103.45666158248827
309 -103.45666158248827
310 -103.45666158248827
311 -103.45666158248827
312 -94.70393087746753
313 -94.69130388705102
314 -82.6688971450095
315 -67.02201213007265
316 -40.62528736820404
317 -39.8195069274031
318 -24.39184973443721
319 -19.903805740593718
320 -18.204203927702306
321 -13.949576727748052
322 -7.950317189787545
323 -5.761310176032909
324 -2.8147897391564456
325 -0.09805411157485455
326 1.9801142149605173
327 6.332082021533342
328 7.0287519897305595
329 11.04766398474285
330 14.7794799522629
331 18.634838679899797
332 -10.252250982033434
333 7.791614655896757
334 32.80897637927584
335 15.086872483627834
336 52.32932320798426
337 26.643840723396476
338 -103.45666158248827
339 -103.45666158248827
340 -103.45666158248827
341 -101.85172702993727
342 -94.70393087746753
343 -94.69130388705102
344 -83.89971596334352
345 -67.02201213007265
346 -45.14635061888251
347 -35.80823541380855
348 -24.405495365211088
349 -13.987047361520393
350 -13.806791641463082
351 -6.628930283202548
352 21.114536570620565
353 -6.714862824788212
354 -5.634218032099601
355 16.514912928548867
356 72.46390753839702
357 0.6516314878654512
358 5.940533062492825
359 10.923752480484865
360 7.233732147524695
361 11.04766398474285
362 12.680444841843439
363 14.885708323262413
364 27.699848779221362
365 21.202175856380652
366 44.83641570552352
367 -103.45666158248827
368 59.144162539081904
369 -85.59115938964594
370 -103.45666158248827
371 -103.45666158248827
372 -103.45666158248827
373 -103.45666158248827
374 -94.70393087746753
375 -94.69130388705102
376 -83.89971596334352
377 -67.02201213007265
378 -45.14635061888251
379 -39.8195069274031
380 -24.405495365211088
381 -19.903805740593718
382 -18.204203927702306
383 -13.949576727748052
384 -10.252250982033434
385 -7.950317189787545
386 -5.761310176032909
387 -2.8147897391564456
388 -0.09805411157485455
389 0.6516314878654512
390 5.940533062492825
391 7.0287519897305595
392 7.233732147524695
393 11.04766398474285
394 12.680444841843439
395 14.885708323262413
396 18.634838679899797
397 21.202175856380652
398 -103.45666158248827
399 -85.59115938964594
400 -102.5273912285802
401 -103.45666158248827
402 -98.59618370579385
403 -103.45666158248827
404 -103.45666158248827
405 -94.70393087746753
406 -101.35211233864857
407 -84.7996265823754
408 -83.77046709913644
409 -67.2005339403374
410 -45.14635061888251
411 -52.48711794031815
412 -21.14291665807779
413 -28.63036333952817
414 -18.817376672645395
415 -13.212444504248422
416 2.2950022228591758
417 -7.950317189787545
418 -9.067518139166374
419 -5.275079213980286
420 -39.68881678245656
421 -4.091084004785452
422 -22.860291016245935
423 7.234011860311546
424 6.532116775847823
425 54.57171222189179
426 12.680444841843439
427 4.359402152163989
428 33.06257519032906
429 -84.58068429972316
430 -15.27249674135556
431 -103.45666158248827
432 -103.45666158248827
433 -103.45666158248827
434 -103.45666158248827
435 -103.45666158248827
436 -94.70393087746753
437 -101.35211233864857
438 -85.59115938964594
439 -83.89971596334352
440 -67.2005339403374
441 -45.14635061888251
442 -52.48711794031815
443 -24.405495365211088
444 -28.63036333952817
445 -18.817376672645395
446 -13.949576727748052
447 -10.252250982033434
448 -7.950317189787545
449 -9.067518139166374
450 -5.275079213980286
451 -39.68881678245656
452 -4.091084004785452
453 -22.860291016245935
454 7.0287519897305595
455 6.532116775847823
456 11.04766398474285
457 12.680444841843439
458 4.359402152163989
459 -84.58068429972316
460 -15.27249674135556
461 -92.67502583378631
462 -68.0079521580466
463 -103.45666158248827
464 -103.45666158248827
465 -103.45666158248827
466 -101.35211233864857
467 -94.70393087746753
468 -54.76590387806257
469 -84.58068429972316
470 -93.38291440643542
471 -65.82930729672435
472 -51.67897416445825
473 -45.73119412494642
474 -13.952647233749817
475 -28.491789552584795
476 -30.033606166133872
477 -42.506261921936
478 -24.895387014533764
479 -15.357563363872373
480 -15.934746257657258
481 -21.87159582605477
482 -9.075419760190645
483 -15.270493782706323
484 -24.910978623509525
485 9.310615247618292
486 9.696149933906947
487 6.04880812087523
488 7.212058835389529
489 -55.49145886229163
490 -19.37303330195659
491 50.810273665516505
492 -81.09733730879088
493 -103.45666158248827
494 -103.45666158248827
495 -103.45666158248827
496 -103.45666158248827
497 -103.45666158248827
498 -101.35211233864857
499 -94.70393087746753
500 -85.59115938964594
501 -84.58068429972316
502 -93.38291440643542
503 -67.2005339403374
504 -52.48711794031815
505 -45.73119412494642
506 -39.68881678245656
507 -28.63036333952817
508 -30.033606166133872
509 -42.506261921936
510 -24.895387014533764
511 -15.357563363872373
512 -15.934746257657258
513 -21.87159582605477
514 -9.075419760190645
515 -15.270493782706323
516 -24.910978623509525
517 -4.091084004785452
518 4.359402152163989
519 6.04880812087523
520 -55.49145886229163
521 -19.37303330195659
522 -81.09733730879088
523 -103.45666158248827
524 -103.45666158248827
525 -95.10230462971506
526 -99.47017573999536
527 -103.45666158248827
528 -101.35211233864857
529 -94.70393087746753
530 -93.33496713977614
531 -85.59115938964594
532 -84.58068429972316
533 -81.09733730879088
534 -66.93411350374944
535 -55.49145886229163
536 -64.4155533719113
537 -47.51685143635182
538 -42.2585710343631
539 -43.58261199984438
540 -29.69273817612313
541 -32.01808663715513
542 -35.250084619345905
543 -30.365195614339925
544 -21.87159582605477
545 -16.63066380012188
546 -8.175670922937766
547 -19.427757913542017
548 -14.153174018361888
549 -9.46558307400725
550 -4.229885967779719
551 9.696149933906947
552 -103.45666158248827
553 31.755357794617296
554 -55.72402927202698
555 -103.45666158248827
556 -103.45666158248827
557 -103.45666158248827
558 -103.45666158248827
559 -103.45666158248827
560 -101.35211233864857
561 -94.70393087746753
562 -93.38291440643542
563 -85.59115938964594
564 -84.58068429972316
565 -81.09733730879088
566 -67.2005339403374
567 -55.49145886229163
568 -64.4155533719113
569 -47.51685143635182
570 -42.506261921936
571 -43.58261199984438
572 -30.033606166133872
573 -32.01808663715513
574 -35.250084619345905
575 -30.365195614339925
576 -21.87159582605477
577 -19.37303330195659
578 -15.934746257657258
579 -19.427757913542017
580 -15.270493782706323
581 -9.46558307400725
582 -4.229885967779719
583 -103.45666158248827
584 -55.72402927202698
585 -96.47904801864458
586 -103.45666158248827
587 -103.45666158248827
588 -103.45666158248827
589 -103.45666158248827
590 -103.45666158248827
591 -92.89746430788423
592 -101.79876925736218
593 -93.38291440643542
594 -74.85401634862318
595 -84.58068429972316
596 -63.64175915598071
597 -67.2005339403374
598 -65.03986656853259
599 -55.72402927202698
600 -55.49145886229163
601 -46.367883671058266
602 -38.25255938044078
603 -42.506261921936
604 -70.84634075338859
605 -31.149792009239754
606 -28.82319794395206
607 -42.159897250107036
608 -42.97336196180123
609 -22.376425578253162
610 -19.37303330195659
611 -23.748336075929526
612 -11.79530715834653
613 -102.23572683311531
614 -9.291886312285529
615 -102.17153836461439
616 -33.805329606445994
617 -103.45666158248827
618 -103.45666158248827
619 -103.45666158248827
620 -103.45666158248827
621 -103.45666158248827
622 -103.45666158248827
623 -101.35211233864857
624 -101.79876925736218
625 -93.38291440643542
626 -85.59115938964594
627 -84.58068429972316
628 -81.09733730879088
629 -67.2005339403374
630 -65.03986656853259
631 -55.72402927202698
632 -55.49145886229163
633 -47.51685143635182
634 -43.58261199984438
635 -42.506261921936
636 -70.84634075338859
637 -32.01808663715513
638 -30.365195614339925
639 -42.159897250107036
640 -42.97336196180123
641 -22.376425578253162
642 -19.37303330195659
643 -23.748336075929526
644 -102.23572683311531
645 -102.17153836461439
646 -33.805329606445994
647 -103.45666158248827
648 -103.45666158248827
649 -103.45666158248827
650 -103.45666158248827
651 -103.45666158248827
652 -102.56781894453799
653 -90.99409259643093
654 -102.17153836461439
655 -101.79876925736218
656 -101.35211233864857
657 -94.11376136085808
658 -85.59115938964594
659 -84.63219587388073
660 -84.42616358455129
661 -54.58035756601466
662 -70.19297706406297
663 -54.545198862017834
664 -55.72402927202698
665 -55.49145886229163
666 -47.51408210533359
667 -41.65622194748378
668 -42.97336196180123
669 -42.21080334714292
670 -43.11003169800799
671 -40.24504162323778
672 -30.62681861152206
673 -31.366227613197076
674 -23.748336075929526
675 -100.89717925041276
676 -22.639495831157593
677 7.949819802220281
678 -103.45666158248827
679 -103.45666158248827
680 -103.45666158248827
681 -103.45666158248827
682 -103.45666158248827
683 -103.45666158248827
684 -103.45666158248827
685 -102.23572683311531
686 -102.17153836461439
687 -101.79876925736218
688 -101.35211233864857
689 -94.11376136085808
690 -85.59115938964594
691 -84.63219587388073
692 -84.42616358455129
693 -70.84634075338859
694 -70.19297706406297
695 -65.03986656853259
696 -55.72402927202698
697 -55.49145886229163
698 -47.51685143635182
699 -43.58261199984438
700 -42.97336196180123
701 -42.506261921936
702 -43.11003169800799
703 -40.24504162323778
704 -32.01808663715513
705 -31.366227613197076
706 -100.89717925041276
707 -22.639495831157593
708 -103.45666158248827
709 -103.45666158248827
710 -103.45666158248827
711 -103.45666158248827
712 -98.5584869600418
713 -100.24495805620694
714 -103.45666158248827
715 -97.31257887703468
716 -102.23572683311531
717 -102.17153836461439
718 -101.79876925736218
719 -101.35211233864857
720 -100.89717925041276
721 -88.68721114205816
722 -85.59115938964594
723 -83.90536509665553
724 -81.0112653102054
725 -70.72673432359365
726 -67.76005020221693
727 -60.195506922525
728 -55.72402927202698
729 -55.208337711801164
730 -48.14948224114862
731 -31.96397455820025
732 -62.1934428206942
733 -42.97336196180123
734 -42.74585554309147
735 -37.1693134761016
736 -27.878570730427047
737 -75.39239665334875
738 -12.589130369590574
739 -103.45666158248827
740 -22.89022867582785
741 -103.45666158248827
742 -103.45666158248827
743 -103.45666158248827
744 -103.45666158248827
745 -103.45666158248827
746 -103.45666158248827
747 -103.45666158248827
748 -102.23572683311531
749 -102.17153836461439
750 -101.79876925736218
751 -101.35211233864857
752 -100.89717925041276
753 -94.11376136085808
754 -85.59115938964594
755 -84.63219587388073
756 -84.42616358455129
757 -70.84634075338859
758 -70.19297706406297
759 -65.03986656853259
760 -55.72402927202698
761 -55.49145886229163
762 -48.14948224114862
763 -43.58261199984438
764 -62.1934428206942
765 -42.97336196180123
766 -42.74585554309147
767 -40.24504162323778
768 -75.39239665334875
769 -103.45666158248827
770 -22.89022867582785
771 -98.5251651928044
772 -103.45666158248827
773 -103.45666158248827
774 -103.45666158248827
775 -103.45666158248827
776 -103.45666158248827
777 -103.45666158248827
778 -103.45666158248827
779 -102.23572683311531
780 -102.2061900886374
781 -101.79876925736218
782 -101.35211233864857
783 -102.45167887384892
784 -98.29928649934104
785 -70.78244606788637
786 -84.63219587388073
787 -84.42616358455129
788 -75.53422387527988
789 -70.75001656963855
790 -70.66295491368972
791 -64.90925934641983
792 -62.34448021246294
793 -55.68212397116537
794 -55.49145886229163
795 -47.949567088037185
796 -76.2736950472054
797 -46.21846010597998
798 -40.29713156300041
799 -102.13710207367271
800 -35.12129928143532
801 -103.45666158248827
802 -69.9383354447354
803 -103.45666158248827
804 -103.45666158248827
805 -103.45666158248827
806 -103.45666158248827
807 -103.45666158248827
808 -103.45666158248827
809 -103.45666158248827
810 -103.45666158248827
811 -102.23572683311531
812 -102.2061900886374
813 -101.79876925736218
814 -101.35211233864857
815 -102.45167887384892
816 -98.29928649934104
817 -85.59115938964594
818 -84.63219587388073
819 -84.42616358455129
820 -75.53422387527988
821 -70.84634075338859
822 -70.66295491368972
823 -65.03986656853259
824 -62.34448021246294
825 -55.72402927202698
826 -55.49145886229163
827 -48.14948224114862
828 -76.2736950472054
829 -46.21846010597998
830 -102.13710207367271
831 -103.45666158248827
832 -69.9383354447354
833 -103.35779076248997
834 -91.73237590999877
835 -103.45666158248827
836 -103.24087340989962
837 -103.45666158248827
838 -103.43301423575258
839 -103.45666158248827
840 -103.45666158248827
841 -101.86671707276635
842 -102.27399360568702
843 -103.45666158248827
844 -102.21791812242482
845 -102.13710207367271
846 -101.79876925736218
847 -101.90184790882148
848 -101.74813568604755
849 -85.59115938964594
850 -84.63219587388073
851 -84.42616358455129
852 -73.967780677593
853 -56.82995923073405
854 -70.88078224456989
855 -71.15874658125132
856 -69.97789811015328
857 -66.22077362553559
858 -81.92420867206734
859 -55.72402927202698
860 -55.49145886229163
861 -67.17820465148755
862 -47.496294218192816
863 -60.10660989678454
864 -43.49784400901212
865 -95.31458705889614
866 -103.45666158248827
867 -103.45666158248827
868 -103.45666158248827
869 -103.45666158248827
870 -103.45666158248827
871 -103.45666158248827
872 -103.45666158248827
873 -103.45666158248827
874 -103.45666158248827
875 -102.45167887384892
876 -103.45666158248827
877 -102.21791812242482
878 -102.13710207367271
879 -101.79876925736218
880 -101.90184790882148
881 -101.74813568604755
882 -85.59115938964594
883 -84.63219587388073
884 -84.42616358455129
885 -76.2736950472054
886 -75.53422387527988
887 -70.88078224456989
888 -71.15874658125132
889 -69.97789811015328
890 -66.22077362553559
891 -81.92420867206734
892 -55.72402927202698
893 -67.17820465148755
894 -60.10660989678454
895 -95.31458705889614
896 -103.45666158248827
897 -103.45666158248827
898 -103.45666158248827
899 -103.45666158248827
900 -103.45666158248827
901 -103.45666158248827
902 -103.45666158248827
903 -103.45666158248827
904 -103.45666158248827
905 -103.45666158248827
906 -102.45167887384892
907 -101.74039217914753
908 -102.54701796697579
909 -101.90184790882148
910 -82.8827793848294
911 -79.31183210275442
912 -94.03619851964322
913 -84.88057834008895
914 -85.63294920716663
915 -89.61058803463533
916 -82.15249149720907
917 -76.2736950472054
918 -78.45451851648939
919 -71.18986469447088
920 -70.88078224456989
921 -69.98279959896084
922 -67.17820465148755
923 -63.00251408973775
924 -94.14569026187354
925 -92.46145508758408
926 -55.72402927202698
927 -103.45666158248827
928 -103.45666158248827
929 -103.45666158248827
930 -103.45666158248827
931 -103.45666158248827
932 -103.45666158248827
933 -103.45666158248827
934 -103.45666158248827
935 -103.45666158248827
936 -103.45666158248827
937 -103.45666158248827
938 -102.45167887384892
939 -102.21791812242482
940 -102.54701796697579
941 -101.90184790882148
942 -101.79876925736218
943 -101.74813568604755
944 -95.31458705889614
945 -85.59115938964594
946 -85.63294920716663
947 -89.61058803463533
948 -82.15249149720907
949 -76.2736950472054
950 -78.45451851648939
951 -71.18986469447088
952 -70.88078224456989
953 -69.98279959896084
954 -67.17820465148755
955 -94.14569026187354
956 -92.46145508758408
957 -103.45666158248827
958 -98.9556437362034
959 -103.45666158248827
960 -95.23638895819808
961 -103.45666158248827
962 -103.45666158248827
963 -103.45666158248827
964 -103.45666158248827
965 -88.72847819468194
966 -103.45666158248827
967 -102.38380071204844
968 -102.81006657405081
969 -102.57295763236846
970 -102.45167887384892
971 -102.21791812242482
972 -101.90184790882148
973 -101.79876925736218
974 -101.74813568604755
975 -91.7206337500877
976 -94.14569026187354
977 -92.00957294855979
978 -89.61058803463533
979 -90.01290163267164
980 -85.59115938964594
981 -82.15249149720907
982 -78.45451851648939
983 -86.7716277501376
984 -71.13756751229543
985 -70.88078224456989
986 -103.45666158248827
987 -77.91397400430793
988 -67.17820465148755
989 -103.45666158248827
990 -103.45666158248827
991 -103.45666158248827
992 -103.45666158248827
993 -103.45666158248827
994 -103.45666158248827
995 -103.45666158248827
996 -103.45666158248827
997 -103.45666158248827
998 -103.45666158248827
999 -103.45666158248827
1000 -103.45666158248827
1001 -102.57295763236846
1002 -102.45167887384892
1003 -102.21791812242482
1004 -101.90184790882148
1005 -101.79876925736218
1006 -101.74813568604755
1007 -95.31458705889614
1008 -94.14569026187354
1009 -92.46145508758408
1010 -89.61058803463533
1011 -90.01290163267164
1012 -85.59115938964594
1013 -82.15249149720907
1014 -78.45451851648939
1015 -86.7716277501376
1016 -71.18986469447088
1017 -103.45666158248827
1018 -77.91397400430793
1019 -103.45666158248827
evaluations raw_y
1 -47.70602127502723
2 -29.16548748535554
3 6.543043822653343
4 74.48252632910142
5 -60.449910918906056
6 -35.69078924785535
7 -8.906996096619771
8 41.59331638383637
9 69.63549552194908
10 86.31518880166145
11 2.4236823220479247
12 88.69219966690568
13 31.139966214617687
14 51.632186706485996
15 27.544955828670993
16 26.321809379430096
17 -38.1665465277946
18 54.400554530876
19 -20.801289103374025
20 64.72897735837459
21 72.54174176341905
22 20.89086117345532
23 43.01346710407557
24 44.29932413402669
25 3.2496353741348414
26 -60.764301122067934
27 -30.398875110911973
28 49.00250780771381
29 22.47375097766554
30 33.45463715493049
31 -59.36006591810338
32 -9.084444628466827
33 -48.43016770188293
34 -42.57548230175145
35 -57.013719841859654
36 -33.00440759906868
37 -26.538077725724364
38 -20.779699715968817
39 37.17471865812297
40 41.02306945694027
41 4.166877765292535
42 1.2429637298842122
43 20.604991662158866
44 37.476974210146274
45 23.239593596047534
46 40.26614389921833
47 30.93523931948323
48 43.13809895415038
49 38.030271015849955
50 31.94257360548539
51 34.960949202518066
52 62.72547319839855
53 37.977829190994235
54 59.139709026580704
55 71.29701554505374
56 82.88970791375444
57 44.93057034576699
58 22.708757139541564
59 80.7708759774441
60 93.72623154981657
61 -103.45666158248827
62 -60.764301122067934
63 -60.449910918906056
64 -48.43016770188293
65 -42.57548230175145
66 -57.013719841859654
67 -33.00440759906868
68 -29.16548748535554
69 -20.801289103374025
70 -8.906996096619771
71 2.4236823220479247
72 3.2496353741348414
73 1.2429637298842122
74 20.604991662158866
75 22.47375097766554
76 23.239593596047534
77 27.544955828670993
78 30.93523931948323
79 33.45463715493049
80 38.030271015849955
81 31.94257360548539
82 34.960949202518066
83 49.00250780771381
84 37.977829190994235
85 54.400554530876
86 64.72897735837459
87 69.63549552194908
88 44.93057034576699
89 22.708757139541564
90 80.7708759774441
91 -103.45666158248827
92 -85.41757815090166
93 -59.73495284953453
94 -55.19965597774055
95 -70.03430046017436
96 -52.436680962336396
97 -37.56146752364313
98 -32.974461963283794
99 -31.816813054236164
100 -21.207005545438484
101 -8.906996096619771
102 10.301663573271162
103 1.6680522232273427
104 3.1453468675604257
105 8.205933879863366
106 29.38161530600121
107 25.71118486699107
108 13.034344523367867
109 17.705226554319793
110 22.832299970388547
111 31.86083296859414
112 29.84563905239511
113 35.58251845985624
114 5.435413315423971
115 55.90803139075946
116 44.68636578350066
117 48.15034431505846
118 39.83229927575139
119 -0.1587318863133511
120 64.24014983256907
121 105.08830179688634
122 -80.16234544254333
123 -103.45666158248827
124 -60.764301122067934
125 -60.449910918906056
126 -70.03430046017436
127 -52.436680962336396
128 -42.57548230175145
129 -33.00440759906868
130 -31.816813054236164
131 -21.207005545438484
132 -8.906996096619771
133 1.2429637298842122
134 1.6680522232273427
135 3.1453468675604257
136 8.205933879863366
137 22.47375097766554
138 22.708757139541564
139 13.034344523367867
140 17.705226554319793
141 22.832299970388547
142 31.86083296859414
143 29.84563905239511
144 34.960949202518066
145 5.435413315423971
146 38.030271015849955
147 44.68636578350066
148 48.15034431505846
149 39.83229927575139
150 -0.1587318863133511
151 64.24014983256907
152 -80.16234544254333
153 -98.71507358946164
154 -81.54598247227202
155 -45.255403639383154
156 -40.56957211445259
157 -60.57621093307306
158 -51.85355502417521
159 18.154675331346276
160 -29.777149276611873
161 -37.0758281208987
162 -16.119588797936164
163 -40.06965900794824
164 8.395089013623789
165 -7.754527726318761
166 0.534076963658138
167 5.640224571003231
168 11.571107715567514
169 -12.784854104371057
170 13.450675264839028
171 1.9627717587399758
172 -3.1385546807512847
173 24.48161879988195
174 24.701321295893656
175 28.36248222786272
176 33.274216182857415
177 25.458039717678442
178 60.01707691648826
179 46.22854977481813
180 44.20402465187258
181 3.741169240802358
182 68.17392735261363
183 -68.90324585475932
184 -103.45666158248827
185 -81.54598247227202
186 -70.03430046017436
187 -60.764301122067934
188 -60.57621093307306
189 -52.436680962336396
190 -42.57548230175145
191 -33.00440759906868
192 -37.0758281208987
193 -21.207005545438484
194 -40.06965900794824
195 -0.1587318863133511
196 -7.754527726318761
197 0.534076963658138
198 3.1453468675604257
199 5.435413315423971
200 -12.784854104371057
201 13.034344523367867
202 1.9627717587399758
203 -3.1385546807512847
204 22.708757139541564
205 22.832299970388547
206 28.36248222786272
207 31.86083296859414
208 25.458039717678442
209 38.030271015849955
210 39.83229927575139
211 44.20402465187258
212 3.741169240802358
213 -68.90324585475932
214 -103.45666158248827
215 -81.21134921621028
216 -72.90093452528028
217 -68.90324585475932
218 -58.9650829115725
219 -71.57657272600052
220 -54.259259574100646
221 -42.259748815074936
222 -39.98474837646769
223 -41.021093957836925
224 -25.61874185457464
225 -28.35003629236953
226 -12.784854104371057
227 -7.432041876816292
228 -1.708239418544359
229 -7.273454315454821
230 1.8259595708919587
231 22.0879073535857
232 0.46772262305172596
233 5.609805800160749
234 9.864070647767498
235 48.045618422708394
236 21.196738515414957
237 -28.06843706154953
238 16.405926162015586
239 26.028212877201582
240 33.274216182857415
241 65.26713869305553
242 -52.354464834383776
243 9.153070489482639
244 75.30456052941894
245 -84.26975745074523
246 -103.45666158248827
247 -81.54598247227202
248 -72.90093452528028
249 -68.90324585475932
250 -60.764301122067934
251 -71.57657272600052
252 -54.259259574100646
253 -42.57548230175145
254 -40.06965900794824
255 -41.021093957836925
256 -33.00440759906868
257 -28.35003629236953
258 -12.784854104371057
259 -7.754527726318761
260 -3.1385546807512847
261 -7.273454315454821
262 0.534076963658138
263 1.9627717587399758
264 0.46772262305172596
265 3.741169240802358
266 5.435413315423971
267 13.034344523367867
268 21.196738515414957
269 -28.06843706154953
270 16.405926162015586
271 26.028212877201582
272 31.86083296859414
273 -52.354464834383776
274 9.153070489482639
275 -84.26975745074523
276 -102.14726436647966
277 -84.26975745074523
278 -82.23962827994964
279 -42.56661627287409
280 -72.79503511530983
281 -68.28410040675614
282 -61.192094539484145
283 -58.73195997449315
284 -40.63329928444651
285 -38.20430502823355
286 -44.74918331159371
287 -41.14155093408652
288 -28.132988626114404
289 -28.4614356540155
290 -9.083364812006648
291 -11.789581703867139
292 -7.707963090983558
293 -8.719890031937538
294 -3.5587119771805122
295 -0.7372538354364222
296 2.456450455344151
297 -2.7699013875813776
298 3.5508267653150014
299 -23.148677231259022
300 19.27602258625714
301 19.959574571228508
302 15.111511901851555
303 1.1367479398329499
304 26.188306421356657
305 -103.45666158248827
306 15.744065628633997
307 -103.45666158248827
308 -84.26975745074523
309 -82.23962827994964
310 -72.90093452528028
311 -72.79503511530983
312 -68.90324585475932
313 -61.192094539484145
314 -58.73195997449315
315 -52.354464834383776
316 -42.57548230175145
317 -44.74918331159371
318 -41.14155093408652
319 -33.00440759906868
320 -28.4614356540155
321 -28.06843706154953
322 -12.784854104371057
323 -7.754527726318761
324 -8.719890031937538
325 -3.5587119771805122
326 -0.7372538354364222
327 0.534076963658138
328 -2.7699013875813776
329 3.5508267653150014
330 -23.148677231259022
331 9.153070489482639
332 13.034344523367867
333 15.111511901851555
334 1.1367479398329499
335 -103.45666158248827
336 15.744065628633997
337 -103.45666158248827
338 -88.22875045429245
339 -78.58272248249396
340 -82.1107721312552
341 -78.93043824207628
342 -73.98547341089193
343 -53.45408576797321
344 -55.926994601854005
345 -58.73195997449315
346 -52.354464834383776
347 -39.68618842944182
348 -42.57548230175145
349 -39.75643725793421
350 -33.00440759906868
351 -0.9715258352291212
352 -29.09584739484404
353 -23.148677231259022
354 1.838647893865704
355 -29.04545350310875
356 -6.939307487061351
357 -1.5296296511737708
358 18.455674876817504
359 -0.8931023544961949
360 5.278663685080757
361 1.8171365113334277
362 14.982754903399538
363 -1.2202858420255378
364 48.045618422708394
365 -101.61083210086537
366 13.061017942273065
367 15.214334090305282
368 -103.45666158248827
369 -103.45666158248827
370 -84.26975745074523
371 -82.23962827994964
372 -78.93043824207628
373 -73.98547341089193
374 -68.90324585475932
375 -61.192094539484145
376 -58.73195997449315
377 -52.354464834383776
378 -44.74918331159371
379 -42.57548230175145
380 -41.14155093408652
381 -33.00440759906868
382 -28.4614356540155
383 -29.09584739484404
384 -23.148677231259022
385 -12.784854104371057
386 -29.04545350310875
387 -7.754527726318761
388 -3.5587119771805122
389 -2.7699013875813776
390 -0.8931023544961949
391 0.534076963658138
392 1.1367479398329499
393 3.5508267653150014
394 -1.2202858420255378
395 -101.61083210086537
396 13.061017942273065
397 15.214334090305282
398 -103.45666158248827
399 -86.53264002286694
400 -101.61083210086537
401 -88.80425789142191
402 -83.64698013179142
403 -78.00436736017429
404 -72.70473772780483
405 -70.47383573204894
406 -68.2092721050045
407 -56.278046005202825
408 -64.10927461263132
409 -32.40599541674601
410 -17.601899300840195
411 -41.14155093408652
412 -25.84403323535552
413 -43.32703482513372
414 -38.81034995901192
415 -34.67825701126788
416 -37.63225895328178
417 -45.45893240570957
418 -5.0370669359514
419 -28.199751418491772
420 9.49641843357809
421 12.172875767713132
422 2.267816831195794
423 1.3369743365062652
424 -23.44018281378724
425 3.3451644566034893
426 -3.870754140240911
427 -48.874094891187056
428 -103.45666158248827
429 -103.45666158248827
430 -101.61083210086537
431 -88.80425789142191
432 -83.64698013179142
433 -78.93043824207628
434 -73.98547341089193
435 -70.47383573204894
436 -68.2092721050045
437 -58.73195997449315
438 -64.10927461263132
439 -44.74918331159371
440 -42.57548230175145
441 -41.14155093408652
442 -33.00440759906868
443 -43.32703482513372
444 -38.81034995901192
445 -34.67825701126788
446 -37.63225895328178
447 -45.45893240570957
448 -7.754527726318761
449 -28.199751418491772
450 -2.7699013875813776
451 -1.2202858420255378
452 -0.8931023544961949
453 0.534076963658138
454 -23.44018281378724
455 3.3451644566034893
456 -3.870754140240911
457 -48.874094891187056
458 -93.95043389475163
459 -102.7762158902388
460 -101.61083210086537
461 -89.16105189252444
462 -83.64698013179142
463 -75.2979942300846
464 -73.98547341089193
465 -70.47383573204894
466 -64.9765385382836
467 -60.77374724635168
468 -50.154018685864514
469 -48.87530210747807
470 -17.09188199463111
471 -38.76610809355382
472 -33.41715732207224
473 -48.50415925262868
474 -49.39776619407719
475 -38.7999435420725
476 -39.23554491644675
477 -31.79450161299532
478 -26.866351082682435
479 -58.19227012799803
480 -12.978444665744107
481 -7.754527726318761
482 -2.949730613357299
483 0.4314659768845708
484 1.3198582682785256
485 17.125996773544376
486 -103.45666158248827
487 10.553589942416448
488 -103.45666158248827
489 -0.8632917718214133
490 -103.45666158248827
491 -103.45666158248827
492 -101.61083210086537
493 -89.16105189252444
494 -83.64698013179142
495 -78.93043824207628
496 -73.98547341089193
497 -70.47383573204894
498 -68.2092721050045
499 -64.10927461263132
500 -58.73195997449315
501 -48.87530210747807
502 -45.45893240570957
503 -44.74918331159371
504 -43.32703482513372
505 -48.50415925262868
506 -49.39776619407719
507 -38.81034995901192
508 -39.23554491644675
509 -34.67825701126788
510 -33.00440759906868
511 -58.19227012799803
512 -23.44018281378724
513 -7.754527726318761
514 -3.870754140240911
515 -2.7699013875813776
516 -1.2202858420255378
517 -103.45666158248827
518 -103.45666158248827
519 -0.8632917718214133
520 -103.45666158248827
521 -103.45666158248827
522 -103.45666158248827
523 -103.2598610589583
524 -101.61083210086537
525 -89.16105189252444
526 -78.64607339967615
527 -78.9346316780547
528 -89.28396836240016
529 -70.01667837988415
530 -66.45423573101179
531 -60.223905633956704
532 -46.632533526645275
533 -59.49238738554176
534 -54.75705722586845
535 -50.00564408531534
536 -52.288224624323384
537 -45.45893240570957
538 -45.48055736239443
539 -41.10780835700175
540 -39.39897166006097
541 -56.68644688736439
542 -33.89303292150476
543 -37.487458483126865
544 -36.576257352710705
545 -9.655458991599698
546 -7.280790685949432
547 -1.2415878416422386
548 -86.53886845912437
549 0.6696195365746007
550 -93.79690308078047
551 -0.8632917718214133
552 -103.45666158248827
553 -103.45666158248827
554 -103.45666158248827
555 -103.45666158248827
556 -103.45666158248827
557 -101.61083210086537
558 -89.16105189252444
559 -83.64698013179142
560 -78.9346316780547
561 -89.28396836240016
562 -70.47383573204894
563 -68.2092721050045
564 -64.10927461263132
565 -58.73195997449315
566 -59.49238738554176
567 -54.75705722586845
568 -50.00564408531534
569 -52.288224624323384
570 -45.45893240570957
571 -45.48055736239443
572 -43.32703482513372
573 -39.39897166006097
574 -56.68644688736439
575 -34.67825701126788
576 -37.487458483126865
577 -36.576257352710705
578 -9.655458991599698
579 -7.280790685949432
580 -86.53886845912437
581 -93.79690308078047
582 -103.45666158248827
583 -103.45666158248827
584 -103.45666158248827
585 -103.45666158248827
586 -103.45666158248827
587 -103.45666158248827
588 -101.61083210086537
589 -93.79690308078047
590 -89.28396836240016
591 -89.16105189252444
592 -86.53389402892473
593 -82.01002148314943
594 -78.9346316780547
595 -70.47383573204894
596 -66.65207221923785
597 -56.58160553203007
598 -66.18698972887859
599 -61.186944906112174
600 -56.5891658370468
601 -52.69090782326428
602 -60.396898362175726
603 -61.557485655211806
604 -44.83999655499998
605 -45.45893240570957
606 -52.459250202826404
607 -39.61429505153258
608 -27.079124405080847
609 -33.29712802973701
610 -0.9715258352291212
611 -84.1553434623753
612 -13.65621437273267
613 -11.465565237336207
614 -103.45666158248827
615 -103.45666158248827
616 -103.45666158248827
617 -103.45666158248827
618 -103.45666158248827
619 -101.61083210086537
620 -93.79690308078047
621 -89.28396836240016
622 -89.16105189252444
623 -86.53886845912437
624 -83.64698013179142
625 -78.9346316780547
626 -70.47383573204894
627 -68.2092721050045
628 -64.10927461263132
629 -66.18698972887859
630 -61.186944906112174
631 -56.68644688736439
632 -54.75705722586845
633 -60.396898362175726
634 -61.557485655211806
635 -45.48055736239443
636 -45.45893240570957
637 -52.459250202826404
638 -39.61429505153258
639 -37.487458483126865
640 -36.576257352710705
641 -84.1553434623753
642 -13.65621437273267
643 -11.465565237336207
644 -103.45666158248827
645 -103.45666158248827
646 -102.22292571050218
647 -103.45666158248827
648 -103.45666158248827
649 -101.61083210086537
650 -93.79690308078047
651 -89.83734646781447
652 -84.91187038290587
653 -88.2133217333734
654 -84.1553434623753
655 -83.64648667934043
656 -76.09498457303064
657 -90.32620215202908
658 -71.17735604888973
659 -64.50712273422087
660 -67.55465395831916
661 -65.24158453983034
662 -61.186944906112174
663 -52.872470629001086
664 -56.32326049495201
665 -55.83074461470257
666 -44.06648795692103
667 -38.71934385378042
668 -42.633947656362224
669 -39.359322252719934
670 -40.22692619531201
671 -29.771338248600124
672 -82.3865091340401
673 -15.234503118064708
674 -18.102753903207095
675 -103.45666158248827
676 -103.45666158248827
677 -103.45666158248827
678 -103.45666158248827
679 -103.45666158248827
680 -101.61083210086537
681 -93.79690308078047
682 -89.83734646781447
683 -89.16105189252444
684 -88.2133217333734
685 -84.1553434623753
686 -83.64698013179142
687 -78.9346316780547
688 -90.32620215202908
689 -71.17735604888973
690 -66.18698972887859
691 -67.55465395831916
692 -65.24158453983034
693 -61.186944906112174
694 -60.396898362175726
695 -56.68644688736439
696 -55.83074461470257
697 -52.459250202826404
698 -45.48055736239443
699 -45.45893240570957
700 -39.61429505153258
701 -40.22692619531201
702 -82.3865091340401
703 -15.234503118064708
704 -18.102753903207095
705 -103.45666158248827
706 -103.45666158248827
707 -103.45666158248827
708 -103.45666158248827
709 -100.7102487197472
710 -101.63660789955887
711 -93.79690308078047
712 -89.40586049670394
713 -89.83734646781447
714 -89.16105189252444
715 -88.2133217333734
716 -84.1553434623753
717 -82.8199307458115
718 -82.3865091340401
719 -41.580592074991934
720 -70.0452929276235
721 -67.55465395831916
722 -63.135183095600844
723 -65.22839985762413
724 -67.16591417460893
725 -60.396898362175726
726 -56.188491166586644
727 -55.83074461470257
728 -52.3341529901398
729 -44.59373272779739
730 -45.45893240570957
731 -40.22692619531201
732 -52.5866966309581
733 38.08455901248665
734 -80.02861043741814
735 -15.072747509098864
736 -92.01253961802658
737 -103.45666158248827
738 -103.45666158248827
739 -103.45666158248827
740 -103.45666158248827
741 -103.45666158248827
742 -101.63660789955887
743 -93.79690308078047
744 -90.32620215202908
745 -89.83734646781447
746 -89.16105189252444
747 -88.2133217333734
748 -84.1553434623753
749 -83.64698013179142
750 -82.3865091340401
751 -78.9346316780547
752 -71.17735604888973
753 -67.55465395831916
754 -66.18698972887859
755 -65.24158453983034
756 -67.16591417460893
757 -60.396898362175726
758 -56.68644688736439
759 -55.83074461470257
760 -52.459250202826404
761 -45.48055736239443
762 -45.45893240570957
763 -40.22692619531201
764 -52.5866966309581
765 -80.02861043741814
766 -92.01253961802658
767 -103.1882121237696
768 -103.45666158248827
769 -103.45666158248827
770 -103.45666158248827
771 -103.45666158248827
772 -101.63660789955887
773 -94.16004915489918
774 -101.23898244397355
775 -84.11327734012832
776 -89.75376312076943
777 -89.16555197746874
778 -87.3553490926778
779 -83.71634327716004
780 -84.44307448570747
781 -82.3865091340401
782 -70.61578127301345
783 -78.9346316780547
784 -71.73484040658053
785 -68.01727597879636
786 -66.61339600134238
787 -63.09921167837551
788 -62.45252155677638
789 -67.15011275395199
790 -56.68644688736439
791 -55.83074461470257
792 -55.01222999049342
793 -58.91383844514855
794 -45.920399010137515
795 -12.955549202184104
796 -69.80347114386956
797 -40.22692619531201
798 -103.26240723376046
799 -103.45666158248827
800 -103.45666158248827
801 -103.45666158248827
802 -103.45666158248827
803 -103.45666158248827
804 -101.63660789955887
805 -94.16004915489918
806 -101.23898244397355
807 -90.32620215202908
808 -89.83734646781447
809 -89.16555197746874
810 -88.2133217333734
811 -84.1553434623753
812 -84.44307448570747
813 -82.3865091340401
814 -80.02861043741814
815 -78.9346316780547
816 -71.73484040658053
817 -68.01727597879636
818 -67.16591417460893
819 -66.18698972887859
820 -65.24158453983034
821 -67.15011275395199
822 -56.68644688736439
823 -55.83074461470257
824 -55.01222999049342
825 -58.91383844514855
826 -45.920399010137515
827 -69.80347114386956
828 -103.26240723376046
829 -103.45666158248827
830 -103.45666158248827
831 -103.45666158248827
832 -103.45666158248827
833 -101.86139097090215
834 -103.26240723376046
835 -97.13261562467505
836 -101.23898244397355
837 -94.16004915489918
838 -90.32620215202908
839 -89.80184112340409
840 -89.16555197746874
841 -88.36107593036834
842 -84.00846295515402
843 -83.46968217211237
844 -82.3865091340401
845 -80.02861043741814
846 -77.31596208481433
847 -66.10709780071478
848 -69.5631409480803
849 -68.01727597879636
850 -68.70276755455563
851 -68.7030425834632
852 -63.86901418940219
853 -63.21477551778644
854 -54.45019464810115
855 -18.28714407875229
856 -55.83074461470257
857 -75.13643214384737
858 -56.445726228234925
859 -48.08645197330305
860 -103.45666158248827
861 -103.45666158248827
862 -103.45666158248827
863 -103.45666158248827
864 -103.45666158248827
865 -103.26240723376046
866 -101.63660789955887
867 -101.23898244397355
868 -94.16004915489918
869 -90.32620215202908
870 -89.83734646781447
871 -89.16555197746874
872 -88.36107593036834
873 -84.44307448570747
874 -84.1553434623753
875 -82.3865091340401
876 -80.02861043741814
877 -78.9346316780547
878 -71.73484040658053
879 -69.80347114386956
880 -68.01727597879636
881 -68.70276755455563
882 -68.7030425834632
883 -66.18698972887859
884 -65.24158453983034
885 -58.91383844514855
886 -56.68644688736439
887 -75.13643214384737
888 -56.445726228234925
889 -48.08645197330305
890 -103.45666158248827
891 -103.45666158248827
892 -103.45666158248827
893 -103.45666158248827
894 -103.45666158248827
895 -94.2297380255759
896 -101.52596556523888
897 -98.11552929245939
898 -94.16004915489918
899 -90.32620215202908
900 -89.83734646781447
901 -89.16555197746874
902 -87.45035308252216
903 -84.44307448570747
904 -84.1553434623753
905 -70.96842151583205
906 -79.4325341181748
907 -77.79451639467787
908 -75.9467533335082
909 -72.5696727817201
910 -68.3830664399206
911 -67.20000002623175
912 -72.72149390807108
913 -68.01727597879636
914 -66.56343090856966
915 -60.171178176382064
916 -58.75431557014397
917 -33.555862540712695
918 -78.44817047304339
919 -57.30326022693315
920 -47.92521928595245
921 -100.08958692182237
922 -103.45666158248827
923 -103.45666158248827
924 -103.45666158248827
925 -103.45666158248827
926 -103.45666158248827
927 -103.26240723376046
928 -101.63660789955887
929 -101.23898244397355
930 -94.16004915489918
931 -90.32620215202908
932 -89.83734646781447
933 -89.16555197746874
934 -88.36107593036834
935 -84.44307448570747
936 -84.1553434623753
937 -82.3865091340401
938 -80.02861043741814
939 -78.9346316780547
940 -75.9467533335082
941 -72.5696727817201
942 -69.80347114386956
943 -68.7030425834632
944 -72.72149390807108
945 -68.01727597879636
946 -66.56343090856966
947 -65.24158453983034
948 -58.91383844514855
949 -78.44817047304339
950 -57.30326022693315
951 -100.08958692182237
952 -102.90543257347491
953 -103.45666158248827
954 -103.45666158248827
955 -103.45666158248827
956 -103.45666158248827
957 -86.33198939640886
958 -101.63660789955887
959 -101.38921296885115
960 -100.8896855991817
961 -93.61865653533712
962 -90.3306399623976
963 -89.83734646781447
964 -89.16555197746874
965 -88.36107593036834
966 -79.45192609803297
967 -84.1553434623753
968 -81.46880283095435
969 -79.75513068392016
970 -82.44035291143365
971 -78.44817047304339
972 -75.9467533335082
973 -78.17479546629687
974 -71.72800741107022
975 -69.85648746881013
976 -68.71597903127119
977 -68.01727597879636
978 -67.4367822533201
979 -73.61205155838414
980 -47.30405221185335
981 -70.42549951442852
982 -57.61353286692651
983 -103.45666158248827
984 -103.45666158248827
985 -103.45666158248827
986 -103.45666158248827
987 -103.45666158248827
988 -103.26240723376046
989 -101.63660789955887
990 -101.38921296885115
991 -100.8896855991817
992 -94.16004915489918
993 -90.3306399623976
994 -89.83734646781447
995 -89.16555197746874
996 -88.36107593036834
997 -84.44307448570747
998 -84.1553434623753
999 -82.3865091340401
1000 -80.02861043741814
1001 -82.44035291143365
1002 -78.44817047304339
1003 -75.9467533335082
1004 -78.17479546629687
1005 -72.5696727817201
1006 -69.85648746881013
1007 -68.71597903127119
1008 -68.01727597879636
1009 -67.4367822533201
1010 -73.61205155838414
1011 -70.42549951442852
1012 -57.61353286692651
evaluations raw_y
1 74.91342967843411
2 -23.494819485845916
3 10.699299753376259
4 -53.03812414267157
5 16.04718869214958
6 53.97921362139486
7 120.54253010789216
8 0.1294715103523849
9 -1.868068372437497
10 25.774456311130816
11 -32.93432020252351
12 80.73447429452997
13 24.096252595077203
14 11.43355064021058
15 52.956150851262194
16 -73.38410774909943
17 81.89861908034622
18 117.29041285008076
19 87.22439069807147
20 42.04905662552608
21 141.52194664772492
22 52.7164287995293
23 -15.287120890232266
24 25.728579515751612
25 22.48690520315427
26 12.640787516654225
27 51.79541316003076
28 34.718571234966184
29 35.635485284633425
30 58.39673924114191
31 -74.96165023246384
32 -57.18015308964699
33 -40.55208065081867
34 -30.126057846149223
35 -14.997491204830496
36 -8.301436418091878
37 -0.784787144144051
38 11.528541637026862
39 10.967761880950134
40 15.839587348182935
41 16.837811554465286
42 22.90545437703981
43 39.516351666226015
44 16.7967817846163
45 24.318052268666786
46 18.102945632847096
47 57.40487078292932
48 46.89505095492781
49 51.78872616565902
50 37.8125052367575
51 49.888296531453065
52 45.61681164575789
53 58.389547493013744
54 50.31276140535744
55 115.9493647064087
56 80.4246442768546
57 86.42769273153353
58 106.33042819053375
59 105.576142552113
60 165.2877217298085
61 -36.52912913669913
62 -74.96165023246384
63 -57.18015308964699
64 -40.55208065081867
65 -30.126057846149223
66 -15.287120890232266
67 -8.301436418091878
68 -0.784787144144051
69 10.699299753376259
70 10.967761880950134
71 12.640787516654225
72 16.04718869214958
73 22.48690520315427
74 24.096252595077203
75 16.7967817846163
76 24.318052268666786
77 18.102945632847096
78 35.635485284633425
79 42.04905662552608
80 51.78872616565902
81 37.8125052367575
82 49.888296531453065
83 45.61681164575789
84 58.389547493013744
85 50.31276140535744
86 80.73447429452997
87 80.4246442768546
88 86.42769273153353
89 106.33042819053375
90 105.576142552113
91 -36.52912913669913
92 -53.111365078107056
93 -58.259982045727284
94 -37.80029964409919
95 -38.16824063973222
96 -28.064888109157536
97 -2.874955285099986
98 -7.33741376830976
99 -0.6867209194730659
100 28.371080395584627
101 10.898368169387837
102 13.359531180335491
103 15.358676110315221
104 27.98248099918562
105 19.24042313404802
106 21.257927979419314
107 24.077799125556403
108 23.149152812476043
109 34.65595375429303
110 80.57680761961693
111 42.13546521472969
112 53.21137885984515
113 49.86732886151339
114 48.94212982312978
115 52.63053986770285
116 51.469422209626906
117 75.3354900720378
118 82.06741765660091
119 82.23817033661126
120 130.6212675470366
121 -48.953199405819035
122 131.79115726019182
123 -103.45666158248827
124 -74.96165023246384
125 -58.259982045727284
126 -40.55208065081867
127 -38.16824063973222
128 -30.126057846149223
129 -15.287120890232266
130 -8.301436418091878
131 -0.784787144144051
132 10.699299753376259
133 10.898368169387837
134 12.640787516654225
135 15.358676110315221
136 16.7967817846163
137 18.102945632847096
138 21.257927979419314
139 24.077799125556403
140 23.149152812476043
141 34.65595375429303
142 37.8125052367575
143 42.04905662552608
144 45.61681164575789
145 49.86732886151339
146 48.94212982312978
147 51.78872616565902
148 51.469422209626906
149 75.3354900720378
150 80.73447429452997
151 82.23817033661126
152 -48.953199405819035
153 -103.45666158248827
154 -103.45666158248827
155 -74.96165023246384
156 -39.03094709141359
157 -31.95416928260476
158 -35.19683219277767
159 9.47358436249571
160 -26.246866479283415
161 -13.894748910266669
162 -8.924996280218826
163 -1.8592069090191892
164 8.234187489490477
165 16.271064582811796
166 12.178145386502655
167 0.4862183749035962
168 -23.84465708779632
169 16.84860879863242
170 13.756219437784615
171 7.207584667551614
172 24.67418679948492
173 51.72594376156723
174 50.09878302853236
175 19.85600159409293
176 2.3473357491921814
177 40.47564985071814
178 51.03448921881592
179 51.48654459014503
180 48.16611328140739
181 46.90608077161909
182 79.47409297546768
183 91.25956864336081
184 -80.6589396417581
185 -103.45666158248827
186 -74.96165023246384
187 -58.259982045727284
188 -48.953199405819035
189 -40.55208065081867
190 -38.16824063973222
191 -30.126057846149223
192 -15.287120890232266
193 -8.924996280218826
194 -1.8592069090191892
195 8.234187489490477
196 10.898368169387837
197 12.178145386502655
198 0.4862183749035962
199 -23.84465708779632
200 16.84860879863242
201 13.756219437784615
202 7.207584667551614
203 24.077799125556403
204 34.65595375429303
205 37.8125052367575
206 19.85600159409293
207 2.3473357491921814
208 40.47564985071814
209 49.86732886151339
210 51.469422209626906
211 48.16611328140739
212 46.90608077161909
213 79.47409297546768
214 -80.6589396417581
215 -103.45666158248827
216 -74.9448189705145
217 -75.68682482091833
218 -58.634978193517895
219 -48.71838179518537
220 -39.989037522145864
221 -38.16824063973222
222 -11.417920479783866
223 -0.028041453248857096
224 -15.695320172650856
225 -6.955493621550114
226 -1.8592069090191892
227 0.5074437997011367
228 7.401206093553295
229 3.637562116827514
230 11.809192842250198
231 19.07500482780111
232 11.119271584487509
233 13.69758877376212
234 17.954950327270055
235 17.76326647494612
236 21.598793660180526
237 -7.5785370358272885
238 7.7643201091549425
239 40.04369140672544
240 22.71903068935506
241 68.93255243279549
242 104.46236218661402
243 -87.04180770293532
244 62.602323208448944
245 -58.06449084740046
246 68.90688049112208
247 -103.45666158248827
248 -80.6589396417581
249 -75.68682482091833
250 -58.634978193517895
251 -48.953199405819035
252 -40.55208065081867
253 -38.16824063973222
254 -30.126057846149223
255 -23.84465708779632
256 -15.695320172650856
257 -8.924996280218826
258 -1.8592069090191892
259 0.4862183749035962
260 2.3473357491921814
261 3.637562116827514
262 8.234187489490477
263 10.898368169387837
264 11.119271584487509
265 13.69758877376212
266 16.84860879863242
267 17.76326647494612
268 21.598793660180526
269 -7.5785370358272885
270 7.7643201091549425
271 40.04369140672544
272 22.71903068935506
273 48.16611328140739
274 -87.04180770293532
275 -58.06449084740046
276 68.90688049112208
277 -40.1318520703146
278 -87.04180770293532
279 -79.795869766283
280 -75.23604423456499
281 -50.54627412637858
282 -54.38896277931386
283 -40.90774108233766
284 -51.82782566430031
285 -38.16824063973222
286 -14.221331166912039
287 1.4448487940910733
288 -16.405305325819437
289 -8.924996280218826
290 -37.3646573656515
291 -3.8172292427149497
292 1.4737444210212853
293 -1.995673309658038
294 3.637562116827514
295 7.7643201091549425
296 8.234187489490477
297 11.052307690980966
298 11.105794986523286
299 -12.049892353000882
300 12.366398873943837
301 12.829796102980604
302 23.903137598250563
303 22.307762984625562
304 37.873354635589585
305 45.9997977665919
306 106.5951575769242
307 -103.45666158248827
308 -103.45666158248827
309 -87.04180770293532
310 -80.6589396417581
311 -75.68682482091833
312 -58.634978193517895
313 -58.06449084740046
314 -48.953199405819035
315 -51.82782566430031
316 -38.16824063973222
317 -30.126057846149223
318 -23.84465708779632
319 -16.405305325819437
320 -8.924996280218826
321 -37.3646573656515
322 -3.8172292427149497
323 0.4862183749035962
324 -1.995673309658038
325 3.637562116827514
326 7.7643201091549425
327 8.234187489490477
328 10.898368169387837
329 11.105794986523286
330 -12.049892353000882
331 12.366398873943837
332 12.829796102980604
333 21.598793660180526
334 22.307762984625562
335 37.873354635589585
336 45.9997977665919
337 -103.45666158248827
338 -103.4274951566974
339 -99.69132433515665
340 -87.29633978948733
341 -80.6589396417581
342 -71.48521707215231
343 -57.54583792719653
344 -52.45866824731889
345 -53.09422448623531
346 -48.89149001724004
347 -26.642217699019746
348 -48.997612048789534
349 -16.90649541102984
350 -24.37401100862431
351 -23.015873193504962
352 -16.949485078571296
353 -21.39186011579689
354 -7.847055390303755
355 8.677457843156331
356 0.7495676914400269
357 0.32323267670709566
358 7.7643201091549425
359 15.737815025354482
360 16.193017399593096
361 9.945020981197523
362 6.911454462959547
363 53.82868549303238
364 -4.732453811542872
365 22.488228321329476
366 -78.36883448474543
367 24.039639404215592
368 46.24082074467492
369 -103.45666158248827
370 -103.45666158248827
371 -103.45666158248827
372 -87.29633978948733
373 -80.6589396417581
374 -75.68682482091833
375 -58.634978193517895
376 -58.06449084740046
377 -53.09422448623531
378 -48.953199405819035
379 -38.16824063973222
380 -48.997612048789534
381 -30.126057846149223
382 -24.37401100862431
383 -23.015873193504962
384 -16.949485078571296
385 -21.39186011579689
386 -7.847055390303755
387 -1.995673309658038
388 0.4862183749035962
389 0.32323267670709566
390 7.7643201091549425
391 8.234187489490477
392 10.898368169387837
393 9.945020981197523
394 6.911454462959547
395 12.829796102980604
396 -4.732453811542872
397 -78.36883448474543
398 24.039639404215592
399 -103.45666158248827
400 -86.17585726095318
401 -103.45666158248827
402 -103.45666158248827
403 -87.29633978948733
404 -80.6589396417581
405 -78.36883448474543
406 -75.68682482091833
407 -60.37158603708151
408 -58.20316021699946
409 -38.10945551101338
410 -50.45926254915206
411 -45.816619016143406
412 -43.01792160014044
413 -30.747388058839825
414 -24.565638000715495
415 -22.55503894831584
416 -20.895114821623473
417 -30.34463681121019
418 -11.63835405066832
419 -24.99205989183189
420 -2.7124242312294777
421 -0.03325429592931339
422 -15.461594743773846
423 15.420103360249106
424 9.287809417831102
425 2.963629846640668
426 7.838164232527287
427 0.604844318774334
428 25.912303586409053
429 -82.11893282947085
430 21.122695472347395
431 -103.45666158248827
432 -103.45666158248827
433 -103.45666158248827
434 -87.29633978948733
435 -80.6589396417581
436 -78.36883448474543
437 -75.68682482091833
438 -60.37158603708151
439 -58.20316021699946
440 -53.09422448623531
441 -50.45926254915206
442 -48.953199405819035
443 -43.01792160014044
444 -30.747388058839825
445 -24.565638000715495
446 -23.015873193504962
447 -21.39186011579689
448 -30.34463681121019
449 -11.63835405066832
450 -24.99205989183189
451 -2.7124242312294777
452 -0.03325429592931339
453 -15.461594743773846
454 6.911454462959547
455 7.7643201091549425
456 2.963629846640668
457 7.838164232527287
458 0.604844318774334
459 -82.11893282947085
460 21.122695472347395
461 -103.45666158248827
462 -103.45666158248827
463 -103.45666158248827
464 -72.45266295601762
465 -80.72290266981778
466 -63.65696441716028
467 -78.36883448474543
468 -73.70623352192554
469 -60.37158603708151
470 -57.09117200589161
471 -51.813130803021046
472 -50.62178191892823
473 -48.953199405819035
474 -63.678170257899126
475 -23.629448101914626
476 -30.33835054806336
477 -24.93939692549513
478 -22.58887391977818
479 -17.453909597294846
480 -21.957601845638905
481 -16.80070815340192
482 -9.274513272632435
483 -8.814508486637994
484 -1.4619176387138095
485 0.24691423738418194
486 -19.232491500425184
487 19.50226053937092
488 38.89943406132544
489 -33.07921165188087
490 8.446157446612206
491 -93.71024638225708
492 21.787619961773302
493 -99.1875923962953
494 -103.45666158248827
495 -103.45666158248827
496 -103.45666158248827
497 -87.29633978948733
498 -82.11893282947085
499 -80.6589396417581
500 -78.36883448474543
501 -75.68682482091833
502 -60.37158603708151
503 -58.20316021699946
504 -53.09422448623531
505 -50.62178191892823
506 -48.953199405819035
507 -63.678170257899126
508 -30.747388058839825
509 -30.34463681121019
510 -24.99205989183189
511 -24.565638000715495
512 -23.015873193504962
513 -21.957601845638905
514 -16.80070815340192
515 -11.63835405066832
516 -8.814508486637994
517 -1.4619176387138095
518 0.24691423738418194
519 -19.232491500425184
520 6.911454462959547
521 -33.07921165188087
522 -93.71024638225708
523 -99.1875923962953
524 -91.70142743546593
525 -103.45666158248827
526 -103.45666158248827
527 -100.06324391378055
528 -93.71024638225708
529 -87.44591902133746
530 -82.11893282947085
531 -80.6589396417581
532 -78.36883448474543
533 -75.68682482091833
534 -63.678170257899126
535 -56.89318823939446
536 -59.04878943633072
537 -46.546088848464436
538 -50.62178191892823
539 -55.825772603940486
540 -33.21462200359037
541 -29.696702405981853
542 -29.81313708769276
543 -26.526343579080866
544 -24.565638000715495
545 -21.949200427149044
546 -13.846565839225875
547 -23.300794288468055
548 -15.675723387930804
549 -4.194695658075499
550 -8.814508486637994
551 -0.5037426081548544
552 -35.9899862976962
553 26.013755788025158
554 -87.1063342612854
555 8.192089460852275
556 -81.92487653303736
557 -103.45666158248827
558 -103.45666158248827
559 -103.45666158248827
560 -100.06324391378055
561 -93.71024638225708
562 -87.44591902133746
563 -82.11893282947085
564 -80.6589396417581
565 -78.36883448474543
566 -75.68682482091833
567 -63.678170257899126
568 -60.37158603708151
569 -59.04878943633072
570 -53.09422448623531
571 -50.62178191892823
572 -55.825772603940486
573 -33.21462200359037
574 -30.747388058839825
575 -30.34463681121019
576 -26.526343579080866
577 -24.565638000715495
578 -23.015873193504962
579 -21.957601845638905
580 -23.300794288468055
581 -16.80070815340192
582 -11.63835405066832
583 -8.814508486637994
584 -35.9899862976962
585 -87.1063342612854
586 -81.92487653303736
587 -103.45666158248827
588 -103.45666158248827
589 -102.22512401251093
590 -100.43501750472
591 -93.71024638225708
592 -21.044424980399757
593 -87.1063342612854
594 -82.11893282947085
595 -81.92487653303736
596 -80.6589396417581
597 -78.36883448474543
598 -87.85906063213773
599 -49.19167295962488
600 -54.7904057605381
601 -55.95756811108176
602 -54.22085080161653
603 -54.34623174270888
604 -32.703429236223855
605 -34.27370654729475
606 -41.7624679958058
607 -19.92782976408511
608 -40.804846780774845
609 -26.39754273927724
610 -13.37993878614618
611 -77.20359952246945
612 -22.982976783983837
613 -21.487127133062906
614 -16.673476694128226
615 -99.70249818682949
616 -17.830352789267977
617 -9.624397248900033
618 -103.45666158248827
619 -103.45666158248827
620 -103.45666158248827
621 -100.43501750472
622 -93.71024638225708
623 -87.44591902133746
624 -87.1063342612854
625 -82.11893282947085
626 -81.92487653303736
627 -80.6589396417581
628 -78.36883448474543
629 -87.85906063213773
630 -63.678170257899126
631 -60.37158603708151
632 -59.04878943633072
633 -55.825772603940486
634 -54.34623174270888
635 -50.62178191892823
636 -35.9899862976962
637 -41.7624679958058
638 -30.747388058839825
639 -40.804846780774845
640 -26.526343579080866
641 -24.565638000715495
642 -77.20359952246945
643 -23.015873193504962
644 -21.957601845638905
645 -99.70249818682949
646 -17.830352789267977
647 -9.624397248900033
648 -103.45666158248827
649 -103.45666158248827
650 -103.45666158248827
651 -83.31978285243066
652 -99.70249818682949
653 -83.98248995434871
654 -85.53175212684832
655 -88.44326434821576
656 -86.4688879100655
657 -82.11893282947085
658 -81.92487653303736
659 -77.11579964947568
660 -71.25239165966819
661 -77.42209849064514
662 -65.46996697418042
663 -62.044006170468336
664 -59.04878943633072
665 -69.56893382802296
666 -49.933796774723504
667 -50.76624562397089
668 -45.89221071115845
669 -39.6160035270842
670 -19.1106475126804
671 -19.92782976408511
672 -17.215786471144526
673 -21.93001836833531
674 -60.38860979752293
675 -25.70085643310377
676 -17.73488184361144
677 -93.05517985850747
678 1.0487339039143357
679 -86.93951059657837
680 -103.45666158248827
681 -103.45666158248827
682 -103.45666158248827
683 -100.43501750472
684 -99.70249818682949
685 -93.71024638225708
686 -87.85906063213773
687 -88.44326434821576
688 -87.1063342612854
689 -82.11893282947085
690 -81.92487653303736
691 -80.6589396417581
692 -78.36883448474543
693 -77.42209849064514
694 -65.46996697418042
695 -62.044006170468336
696 -59.04878943633072
697 -69.56893382802296
698 -54.34623174270888
699 -50.76624562397089
700 -45.89221071115845
701 -40.804846780774845
702 -35.9899862976962
703 -30.747388058839825
704 -26.526343579080866
705 -24.565638000715495
706 -60.38860979752293
707 -25.70085643310377
708 -93.05517985850747
709 -86.93951059657837
710 -101.02584287922579
711 -103.45666158248827
712 -103.45666158248827
713 -100.43501750472
714 -99.70249818682949
715 -93.71340249929928
716 -93.05517985850747
717 -88.44326434821576
718 -87.66788613709458
719 -87.1063342612854
720 -78.25112906704835
721 -82.11893282947085
722 -81.92487653303736
723 -78.97918600332136
724 -72.50385645892308
725 -80.19302629234517
726 -97.6855462240431
727 -65.46996697418042
728 -62.2902292756837
729 -60.24613791062525
730 -78.26293862651279
731 -54.99183720882292
732 -24.40138889474221
733 -45.819431450714774
734 -41.21303927431728
735 -35.9899862976962
736 -18.603921905714103
737 -40.64327335003958
738 -19.91352760245922
739 -93.5478491129978
740 -45.50108979396469
741 -103.45666158248827
742 -103.45666158248827
743 -103.45666158248827
744 -100.43501750472
745 -99.70249818682949
746 -93.71340249929928
747 -93.05517985850747
748 -88.44326434821576
749 -87.85906063213773
750 -87.1063342612854
751 -86.93951059657837
752 -82.11893282947085
753 -81.92487653303736
754 -80.6589396417581
755 -78.36883448474543
756 -80.19302629234517
757 -97.6855462240431
758 -65.46996697418042
759 -62.2902292756837
760 -60.38860979752293
761 -78.26293862651279
762 -54.99183720882292
763 -50.76624562397089
764 -45.89221071115845
765 -41.21303927431728
766 -35.9899862976962
767 -30.747388058839825
768 -40.64327335003958
769 -93.5478491129978
770 -45.50108979396469
771 -103.45666158248827
772 -103.45666158248827
773 -103.45666158248827
774 -102.78964464051712
775 -99.70249818682949
776 -97.6855462240431
777 -93.71340249929928
778 -93.5478491129978
779 -93.05517985850747
780 -78.57805413862656
781 -88.36421675180998
782 -87.1063342612854
783 -86.93951059657837
784 -82.11893282947085
785 -72.91544977092819
786 -47.37977969677978
787 -80.25460810112449
788 -78.36883448474543
789 -62.06503918506137
790 -64.93620336900096
791 -64.80478385734257
792 -60.05391656168346
793 -49.849228079643815
794 -63.96663173713994
795 -45.89221071115845
796 -34.31539057939538
797 -38.88860842720137
798 -38.4030973904982
799 -103.45666158248827
800 -35.9899862976962
801 -93.82401113432317
802 -28.970682156383617
803 -103.45666158248827
804 -103.45666158248827
805 -103.45666158248827
806 -103.45666158248827
807 -102.78964464051712
808 -99.70249818682949
809 -97.6855462240431
810 -93.71340249929928
811 -93.5478491129978
812 -93.05517985850747
813 -88.44326434821576
814 -88.36421675180998
815 -87.1063342612854
816 -86.93951059657837
817 -82.11893282947085
818 -81.92487653303736
819 -80.6589396417581
820 -80.25460810112449
821 -78.36883448474543
822 -78.26293862651279
823 -65.46996697418042
824 -64.80478385734257
825 -60.38860979752293
826 -54.99183720882292
827 -63.96663173713994
828 -45.89221071115845
829 -45.50108979396469
830 -41.21303927431728
831 -103.45666158248827
832 -93.82401113432317
833 -103.45666158248827
834 -103.45666158248827
835 -103.45666158248827
836 -103.45666158248827
837 -103.45666158248827
838 -103.45666158248827
839 -102.78964464051712
840 -99.70249818682949
841 -99.71547099139444
842 -93.82401113432317
843 -93.9173948545962
844 -91.91766718669007
845 -93.05517985850747
846 -88.39467453774648
847 -88.36421675180998
848 -88.39933373968972
849 -86.93951059657837
850 -82.11893282947085
851 -79.54457435632618
852 -80.6589396417581
853 -42.3764649040849
854 -78.36883448474543
855 -68.85577078082962
856 -65.53834496554664
857 -64.64002088559528
858 -77.4246538849567
859 -55.29242854043378
860 -84.98438500892303
861 -63.13116989581451
862 -37.449498670998906
863 -103.45666158248827
864 -38.21180153595462
865 -103.45666158248827
866 -103.45666158248827
867 -103.45666158248827
868 -103.45666158248827
869 -103.45666158248827
870 -103.45666158248827
871 -102.78964464051712
872 -99.70249818682949
873 -99.71547099139444
874 -93.82401113432317
875 -93.9173948545962
876 -93.5478491129978
877 -93.05517985850747
878 -88.44326434821576
879 -88.36421675180998
880 -88.39933373968972
881 -86.93951059657837
882 -82.11893282947085
883 -81.92487653303736
884 -80.6589396417581
885 -80.25460810112449
886 -78.36883448474543
887 -78.26293862651279
888 -65.53834496554664
889 -64.80478385734257
890 -77.4246538849567
891 -60.38860979752293
892 -84.98438500892303
893 -63.13116989581451
894 -103.45666158248827
895 -103.45666158248827
896 -103.45666158248827
897 -103.45666158248827
898 -103.45666158248827
899 -103.45666158248827
900 -103.45666158248827
901 -93.08648068822691
902 -103.02181715874946
903 -102.78964464051712
904 -99.71547099139444
905 -99.70249818682949
906 -93.9173948545962
907 -84.16058054665447
908 -93.5478491129978
909 -92.18490571411682
910 -87.3117103853552
911 -86.40200708098436
912 -85.89008222225651
913 -86.20489450657219
914 -85.41289192039098
915 -82.11893282947085
916 -81.92487653303736
917 -80.6589396417581
918 -80.04937117791731
919 -78.36883448474543
920 -77.75875342161468
921 -77.4246538849567
922 -65.53834496554664
923 -62.65267366914169
924 -96.08607402687682
925 -75.16724100470647
926 -60.96319394638153
927 -103.45666158248827
928 -103.45666158248827
929 -103.45666158248827
930 -103.45666158248827
931 -103.45666158248827
932 -103.45666158248827
933 -103.45666158248827
934 -102.78964464051712
935 -99.71547099139444
936 -99.70249818682949
937 -93.9173948545962
938 -93.82401113432317
939 -93.5478491129978
940 -93.05517985850747
941 -88.44326434821576
942 -88.39933373968972
943 -88.36421675180998
944 -86.93951059657837
945 -85.41289192039098
946 -82.11893282947085
947 -81.92487653303736
948 -80.6589396417581
949 -80.25460810112449
950 -78.36883448474543
951 -78.26293862651279
952 -77.4246538849567
953 -65.53834496554664
954 -96.08607402687682
955 -75.16724100470647
956 -60.96319394638153
957 -103.45666158248827
958 -101.56856825267451
959 -103.45666158248827
960 -103.45666158248827
961 -103.45666158248827
962 -103.45666158248827
963 -103.45666158248827
964 -101.98205826799642
965 -99.71547099139444
966 -99.70249818682949
967 -102.99367915911404
968 -93.88109016418836
969 -93.82401113432317
970 -91.57019591980708
971 -93.05517985850747
972 -88.44326434821576
973 -76.55574568337934
974 -88.36421675180998
975 -86.87887777218158
976 -83.27105030832273
977 -79.67166526460043
978 -81.92487653303736
979 -80.6589396417581
980 -80.25460810112449
981 -78.36883448474543
982 -78.6353390955422
983 -77.4246538849567
984 -80.32221965111661
985 -65.53834496554664
986 -90.45429179465665
987 -61.40854929369458
988 -103.45666158248827
989 -103.45666158248827
990 -103.45666158248827
991 -103.45666158248827
992 -103.45666158248827
993 -103.45666158248827
994 -103.45666158248827
995 -102.78964464051712
996 -99.71547099139444
997 -99.70249818682949
998 -102.99367915911404
999 -93.9173948545962
1000 -93.82401113432317
1001 -93.5478491129978
1002 -93.05517985850747
1003 -88.44326434821576
1004 -88.39933373968972
1005 -88.36421675180998
1006 -86.93951059657837
1007 -85.41289192039098
1008 -82.11893282947085
1009 -81.92487653303736
1010 -80.6589396417581
1011 -80.25460810112449
1012 -78.36883448474543
1013 -78.6353390955422
1014 -77.4246538849567
1015 -80.32221965111661
1016 -90.45429179465665
1017 -61.40854929369458
evaluations raw_y
1 128.1361883658238
2 1.6112601169514402
3 73.6858931488074
4 -1.103217575090091
5 82.89134342600873
6 26.445052316956463
7 10.161867183697883
8 33.20932817772152
9 21.2980287054447
10 41.65224783760043
11 19.759988034197026
12 59.273949950853485
13 75.0614488368603
14 33.014865785609324
15 41.61275571711346
16 1.322173987571695
17 -24.00063678510913
18 104.31895186021512
19 17.548112890018306
20 14.77924272262701
21 113.31611643876838
22 38.72198438834249
23 -17.373256292440722
24 96.7246681773892
25 165.2265475649835
26 -54.492915100022714
27 69.86548763541289
28 -39.367720356351754
29 103.92916856670296
30 71.91448429806995
31 15.90808092195337
32 -46.12486508398239
33 -35.054685444891696
34 -17.79723385718666
35 -2.669003347642388
36 -19.59875170601372
37 2.14541226773828
38 11.403637827484026
39 22.319449737202792
40 22.91721580854191
41 37.769340068893186
42 21.29946611822098
43 20.6074971868907
44 11.224935749917858
45 32.171680607615244
46 43.42478584770556
47 40.98501854801761
48 34.90619072694293
49 68.13730093516378
50 68.49250189837943
51 81.92921985652166
52 89.76354230264539
53 75.47367901854204
54 83.90378910902653
55 92.51729144984878
56 107.14506706044219
57 97.14895023930657
58 98.02037656322554
59 129.1286997625426
60 -77.19736933072384
61 168.76014968809199
62 -53.73923356284104
63 -54.492915100022714
64 -46.12486508398239
65 -35.054685444891696
66 -17.79723385718666
67 -2.669003347642388
68 -19.59875170601372
69 1.6112601169514402
70 10.161867183697883
71 14.77924272262701
72 17.548112890018306
73 19.759988034197026
74 21.2980287054447
75 20.6074971868907
76 11.224935749917858
77 32.171680607615244
78 38.72198438834249
79 40.98501854801761
80 34.90619072694293
81 59.273949950853485
82 68.49250189837943
83 71.91448429806995
84 73.6858931488074
85 75.0614488368603
86 82.89134342600873
87 92.51729144984878
88 103.92916856670296
89 97.14895023930657
90 98.02037656322554
91 -77.19736933072384
92 -53.73923356284104
93 -77.19736933072384
94 -53.39415714980613
95 -53.73923356284104
96 -43.19825967534424
97 -39.44969818734127
98 -24.450093459739463
99 -24.535018815168023
100 12.412233400898725
101 11.390097129432839
102 10.205927992077163
103 12.486389004058143
104 7.279010172569685
105 20.98036033784208
106 11.988553724833473
107 30.688569607465965
108 21.28308674534703
109 35.35120561920782
110 53.66672416929203
111 38.72198438834249
112 63.19875926738058
113 52.34182729843586
114 69.55288055641724
115 35.470097878480345
116 43.0671532588848
117 90.13208132398462
118 104.87287560809513
119 90.85352343054306
120 115.81868944513585
121 -98.59820914381221
122 100.66459321722844
123 -83.62295738820623
124 105.42830851403548
125 -103.45666158248827
126 -77.19736933072384
127 -54.492915100022714
128 -53.73923356284104
129 -46.12486508398239
130 -39.44969818734127
131 -24.450093459739463
132 -24.535018815168023
133 -2.669003347642388
134 1.6112601169514402
135 10.161867183697883
136 11.224935749917858
137 7.279010172569685
138 17.548112890018306
139 11.988553724833473
140 20.6074971868907
141 21.28308674534703
142 32.171680607615244
143 34.90619072694293
144 38.72198438834249
145 40.98501854801761
146 52.34182729843586
147 68.49250189837943
148 35.470097878480345
149 43.0671532588848
150 75.0614488368603
151 82.89134342600873
152 90.85352343054306
153 -98.59820914381221
154 -83.62295738820623
155 -103.45666158248827
156 -103.45666158248827
157 -97.26020475997444
158 -81.37432306699205
159 -77.14617659195774
160 -55.13494408915427
161 -53.73923356284104
162 -42.542962585437216
163 -39.44969818734127
164 -34.10042994270003
165 -25.33498453416592
166 -1.7636796571900888
167 1.4577243047992425
168 6.123828181857191
169 11.33104365076467
170 8.946632364856248
171 15.934662770656818
172 14.067886243985956
173 23.772986415867674
174 21.06009083050835
175 20.2678805224999
176 22.349966484807773
177 35.470097878480345
178 54.37399953597662
179 51.781624850854655
180 35.97662245221135
181 51.84070450936019
182 68.38052526244779
183 82.82204736951063
184 -102.09767802731164
185 104.87287560809513
186 -92.26560173340147
187 92.04871161787678
188 -103.45666158248827
189 -103.45666158248827
190 -98.59820914381221
191 -83.62295738820623
192 -77.19736933072384
193 -55.13494408915427
194 -53.73923356284104
195 -46.12486508398239
196 -39.44969818734127
197 -34.10042994270003
198 -25.33498453416592
199 -2.669003347642388
200 1.4577243047992425
201 6.123828181857191
202 10.161867183697883
203 8.946632364856248
204 11.988553724833473
205 14.067886243985956
206 20.6074971868907
207 21.06009083050835
208 20.2678805224999
209 22.349966484807773
210 35.470097878480345
211 38.72198438834249
212 40.98501854801761
213 35.97662245221135
214 51.84070450936019
215 68.38052526244779
216 -102.09767802731164
217 -92.26560173340147
218 -103.45666158248827
219 -80.61811844802274
220 -101.85474658159352
221 -101.51060700676454
222 -98.59820914381221
223 -92.26560173340147
224 -83.62295738820623
225 -77.19736933072384
226 -57.90648133338275
227 -53.73923356284104
228 5.944091433343495
229 7.4429899271843585
230 -44.059937716199784
231 16.99534162803686
232 -2.585615395507431
233 -0.024799074470381655
234 10.3155569869288
235 22.438026717523183
236 10.516506694721773
237 12.091803370957058
238 19.382920637733584
239 21.45176555986861
240 27.827931191540745
241 37.062611168328466
242 26.92685392554575
243 47.002996259804576
244 36.00497570863809
245 67.20349341774967
246 62.239981973675654
247 -103.45666158248827
248 48.73742978237695
249 78.45572445315975
250 -78.55459119401017
251 -103.45666158248827
252 -103.45666158248827
253 -102.09767802731164
254 -98.59820914381221
255 -92.26560173340147
256 -83.62295738820623
257 -77.19736933072384
258 -57.90648133338275
259 -53.73923356284104
260 -46.12486508398239
261 -39.44969818734127
262 -44.059937716199784
263 -25.33498453416592
264 -2.669003347642388
265 -0.024799074470381655
266 6.123828181857191
267 8.946632364856248
268 10.161867183697883
269 11.988553724833473
270 14.067886243985956
271 20.2678805224999
272 20.6074971868907
273 21.06009083050835
274 22.349966484807773
275 35.470097878480345
276 35.97662245221135
277 38.72198438834249
278 -103.45666158248827
279 48.73742978237695
280 -78.55459119401017
281 -103.45666158248827
282 -103.45666158248827
283 -103.45666158248827
284 -85.49984374389801
285 -98.9051058242588
286 -92.26560173340147
287 -89.82338993087009
288 -78.55459119401017
289 -95.62659037519178
290 -59.434828922887476
291 -53.73923356284104
292 -45.38297791872279
293 -40.61098302833099
294 -39.66891029348182
295 -28.49657808753318
296 4.689193440229637
297 3.658673630293034
298 4.997321125307337
299 12.614458832217839
300 11.33104365076467
301 -0.8765054137156247
302 11.81876440442958
303 18.721565511288716
304 16.772023103262207
305 19.829100656054518
306 20.922181917833537
307 46.13919709448869
308 35.97662245221135
309 -103.45666158248827
310 13.716492028811654
311 41.690759825631794
312 -103.45666158248827
313 -103.45666158248827
314 -103.45666158248827
315 -102.09767802731164
316 -98.9051058242588
317 -92.26560173340147
318 -89.82338993087009
319 -78.55459119401017
320 -95.62659037519178
321 -59.434828922887476
322 -53.73923356284104
323 -46.12486508398239
324 -44.059937716199784
325 -39.66891029348182
326 -28.49657808753318
327 -2.669003347642388
328 -0.024799074470381655
329 4.997321125307337
330 8.946632364856248
331 10.161867183697883
332 -0.8765054137156247
333 11.81876440442958
334 18.721565511288716
335 16.772023103262207
336 19.829100656054518
337 20.922181917833537
338 35.470097878480345
339 -103.45666158248827
340 13.716492028811654
341 41.690759825631794
342 -103.45666158248827
343 -85.77015406547663
344 -103.45666158248827
345 -103.45666158248827
346 -102.09767802731164
347 -98.9051058242588
348 -94.45746914893779
349 -92.26560173340147
350 -90.82847888559374
351 -76.8196551700523
352 -45.18303250879241
353 -53.18440048484501
354 -44.9671031597464
355 -43.60909516399112
356 -44.504988852884935
357 -28.49657808753318
358 -1.4205183108360293
359 16.330624529198218
360 33.65729260264365
361 -19.179083047784793
362 10.556802164805047
363 10.154187183600111
364 33.17651296258981
365 22.462256324923494
366 18.13502514322191
367 33.807768633804805
368 21.962633837881356
369 -13.929685121426548
370 37.06305021944486
371 -103.45666158248827
372 34.89468422352209
373 -103.45666158248827
374 -103.45666158248827
375 -103.45666158248827
376 -103.45666158248827
377 -102.09767802731164
378 -98.9051058242588
379 -95.62659037519178
380 -92.26560173340147
381 -90.82847888559374
382 -78.55459119401017
383 -59.434828922887476
384 -53.73923356284104
385 -46.12486508398239
386 -44.059937716199784
387 -44.504988852884935
388 -28.49657808753318
389 -2.669003347642388
390 -0.8765054137156247
391 -0.024799074470381655
392 -19.179083047784793
393 8.946632364856248
394 10.154187183600111
395 11.81876440442958
396 13.716492028811654
397 16.772023103262207
398 18.721565511288716
399 19.829100656054518
400 -13.929685121426548
401 -103.45666158248827
402 34.89468422352209
403 -103.45666158248827
404 -103.45666158248827
405 -103.45666158248827
406 -103.45666158248827
407 -103.45666158248827
408 -100.75939638615934
409 -98.9051058242588
410 -95.62659037519178
411 -92.26560173340147
412 -83.0114879672124
413 -78.55459119401017
414 -59.434828922887476
415 -41.669890365306216
416 -48.6560281211542
417 -58.11263610104844
418 -44.059937716199784
419 -28.388490436197962
420 -30.949174218531702
421 -24.83313206921464
422 4.280550640888428
423 8.463201770508277
424 -0.45137317540748256
425 10.506567465692523
426 11.323363650666899
427 -2.1051533235918116
428 18.797819873408013
429 30.195698272238644
430 17.08943310267236
431 19.551966688859846
432 33.72934756829311
433 -103.45666158248827
434 -103.45666158248827
435 -103.45666158248827
436 -103.45666158248827
437 -103.45666158248827
438 -102.09767802731164
439 -98.9051058242588
440 -95.62659037519178
441 -92.26560173340147
442 -90.82847888559374
443 -78.55459119401017
444 -59.434828922887476
445 -53.73923356284104
446 -48.6560281211542
447 -58.11263610104844
448 -44.059937716199784
449 -28.49657808753318
450 -30.949174218531702
451 -24.83313206921464
452 -2.669003347642388
453 -0.8765054137156247
454 -0.45137317540748256
455 8.946632364856248
456 10.154187183600111
457 -2.1051533235918116
458 13.716492028811654
459 16.772023103262207
460 17.08943310267236
461 19.551966688859846
462 33.72934756829311
463 -103.45666158248827
464 -103.45666158248827
465 -103.45666158248827
466 -94.9090397740648
467 -103.45666158248827
468 -102.09767802731164
469 -98.01692847355648
470 -95.62659037519178
471 -92.03015866633123
472 -93.1277328067699
473 -78.55459119401017
474 -59.434828922887476
475 -47.916923454838816
476 -88.82534212448971
477 -37.12525697069836
478 -59.712012754626386
479 -27.10790448620527
480 -27.93137768697943
481 -24.810543744975604
482 56.408455168138104
483 -8.487545303979282
484 0.9774177082479594
485 -0.5590476338309909
486 12.769844181643702
487 12.088592514587795
488 -4.720083734626549
489 16.78700395079408
490 33.29656696523244
491 -89.25166982354976
492 16.550012354464254
493 33.688838209885034
494 -103.45666158248827
495 -103.45666158248827
496 -103.45666158248827
497 -103.45666158248827
498 -103.45666158248827
499 -102.09767802731164
500 -98.9051058242588
501 -95.62659037519178
502 -92.26560173340147
503 -93.1277328067699
504 -78.55459119401017
505 -59.434828922887476
506 -58.11263610104844
507 -88.82534212448971
508 -48.6560281211542
509 -59.712012754626386
510 -30.949174218531702
511 -28.49657808753318
512 -24.83313206921464
513 -2.669003347642388
514 -8.487545303979282
515 -0.8765054137156247
516 -0.5590476338309909
517 8.946632364856248
518 10.154187183600111
519 -4.720083734626549
520 16.772023103262207
521 -89.25166982354976
522 16.550012354464254
523 33.688838209885034
524 -103.45666158248827
525 -103.45666158248827
526 -103.45666158248827
527 -96.51533140161331
528 -92.21500496788026
529 -100.51085727485216
530 -98.46610261319748
531 -95.62659037519178
532 -93.1277328067699
533 -75.24406967125914
534 -88.22037088894933
535 -88.31645418167776
536 -78.55459119401017
537 -59.79009225289754
538 -50.80200848996678
539 -56.92834343404596
540 -53.78358242657807
541 -45.73991486521738
542 -14.943854107786025
543 -26.344848840654464
544 -17.96154374720261
545 -28.611605468386713
546 -10.878146697452149
547 1.6467192533708426
548 -2.2036362663673463
549 22.97152174689085
550 12.211493371398689
551 16.451844462677652
552 9.175512998868195
553 23.04864388766967
554 -103.45666158248827
555 -103.45666158248827
556 -103.45666158248827
557 -103.45666158248827
558 -103.45666158248827
559 -102.09767802731164
560 -98.9051058242588
561 -95.62659037519178
562 -93.1277328067699
563 -92.26560173340147
564 -89.25166982354976
565 -88.82534212448971
566 -78.55459119401017
567 -59.79009225289754
568 -59.434828922887476
569 -58.11263610104844
570 -53.78358242657807
571 -45.73991486521738
572 -28.49657808753318
573 -26.344848840654464
574 -17.96154374720261
575 -28.611605468386713
576 -10.878146697452149
577 -0.8765054137156247
578 -2.2036362663673463
579 8.946632364856248
580 10.154187183600111
581 16.451844462677652
582 9.175512998868195
583 23.04864388766967
584 -103.45666158248827
585 -103.45666158248827
586 -103.45666158248827
587 -103.45666158248827
588 -96.36060785436628
589 -103.45666158248827
590 -95.52518060595546
591 -95.62659037519178
592 -92.95391734245243
593 -96.25413196037653
594 -71.91794150956505
595 -88.82534212448971
596 -78.55459119401017
597 -59.79009225289754
598 -11.146320499862982
599 -50.802858222214844
600 -44.528634557514884
601 -45.73991486521738
602 -27.578618909926767
603 -34.930292028096986
604 16.3595355510918
605 -17.96154374720261
606 -10.878146697452149
607 1.575345441571809
608 15.338946984132722
609 7.743298023370331
610 49.51634897722111
611 10.90073156212874
612 -64.52498945574948
613 26.078150672989707
614 -103.45666158248827
615 24.330913809126578
616 -102.54171788268994
617 -103.45666158248827
618 -103.45666158248827
619 -103.45666158248827
620 -103.45666158248827
621 -103.45666158248827
622 -103.45666158248827
623 -98.9051058242588
624 -95.62659037519178
625 -93.1277328067699
626 -96.25413196037653
627 -89.25166982354976
628 -88.82534212448971
629 -78.55459119401017
630 -59.79009225289754
631 -59.434828922887476
632 -58.11263610104844
633 -53.78358242657807
634 -45.73991486521738
635 -28.611605468386713
636 -34.930292028096986
637 -26.344848840654464
638 -17.96154374720261
639 -10.878146697452149
640 -2.2036362663673463
641 -0.8765054137156247
642 7.743298023370331
643 9.175512998868195
644 -64.52498945574948
645 -103.45666158248827
646 -102.54171788268994
647 -103.45666158248827
648 -103.45666158248827
649 -103.45666158248827
650 -95.29996830945977
651 -103.45666158248827
652 -97.47480346937738
653 -103.45666158248827
654 -96.41484108732652
655 -85.74522320520245
656 -94.46479002082303
657 -95.62659037519178
658 -93.1277328067699
659 -89.25166982354976
660 -90.50668614506411
661 -73.82606235189695
662 -64.52498945574948
663 -59.46059057901666
664 -59.434828922887476
665 -73.11344294849242
666 -53.904681226662746
667 -47.51214007650179
668 0.24217766784398265
669 -19.553842066577428
670 -25.910108886732438
671 -17.96154374720261
672 -13.485193840755928
673 -6.325144772016262
674 35.97994596220832
675 -103.45666158248827
676 6.9921875032630085
677 38.70469388399997
678 -91.39957662903666
679 -103.45666158248827
680 -103.45666158248827
681 -103.45666158248827
682 -103.45666158248827
683 -103.45666158248827
684 -103.45666158248827
685 -103.45666158248827
686 -102.54171788268994
687 -98.9051058242588
688 -96.25413196037653
689 -95.62659037519178
690 -93.1277328067699
691 -89.25166982354976
692 -90.50668614506411
693 -78.55459119401017
694 -64.52498945574948
695 -59.79009225289754
696 -59.434828922887476
697 -73.11344294849242
698 -53.904681226662746
699 -47.51214007650179
700 -34.930292028096986
701 -28.611605468386713
702 -26.344848840654464
703 -17.96154374720261
704 -13.485193840755928
705 -6.325144772016262
706 -103.45666158248827
707 6.9921875032630085
708 -91.39957662903666
709 -102.82771848944746
710 -91.06563373139282
711 -101.86100014285944
712 -103.45666158248827
713 -103.45666158248827
714 -103.45666158248827
715 -103.45666158248827
716 -103.45666158248827
717 -102.29313254227793
718 -91.06160408342869
719 -96.25413196037653
720 -95.62659037519178
721 -93.1277328067699
722 -91.39957662903666
723 -90.50668614506411
724 -89.25166982354976
725 -74.78885424927053
726 -69.30349995795413
727 -61.88423617295082
728 -59.79009225289754
729 -59.04723150570233
730 -55.61030523175704
731 -42.63978359486482
732 37.40005195523357
733 -17.854595703759475
734 -24.3125261259413
735 -11.868022708685832
736 -13.485193840755928
737 -99.12766458138633
738 -6.325144772016262
739 -74.57666438445787
740 6.904169014301853
741 -103.45666158248827
742 -103.45666158248827
743 -103.45666158248827
744 -103.45666158248827
745 -103.45666158248827
746 -103.45666158248827
747 -103.45666158248827
748 -103.45666158248827
749 -102.54171788268994
750 -98.9051058242588
751 -96.25413196037653
752 -95.62659037519178
753 -93.1277328067699
754 -91.39957662903666
755 -90.50668614506411
756 -89.25166982354976
757 -78.55459119401017
758 -73.11344294849242
759 -64.52498945574948
760 -59.79009225289754
761 -59.434828922887476
762 -55.61030523175704
763 -47.51214007650179
764 -34.930292028096986
765 -28.611605468386713
766 -26.344848840654464
767 -17.96154374720261
768 -99.12766458138633
769 -74.57666438445787
770 6.904169014301853
771 -103.45666158248827
772 -103.45666158248827
773 -103.45666158248827
774 -103.45666158248827
775 -103.17067984850587
776 -103.45666158248827
777 -103.45666158248827
778 -103.45666158248827
779 -102.54171788268994
780 -98.25368363515882
781 -98.9051058242588
782 -93.59089029111902
783 -95.62659037519178
784 -93.1277328067699
785 -89.32635525918441
786 -90.50668614506411
787 -89.25166982354976
788 -78.55459119401017
789 -68.15142011241248
790 -81.5860734458346
791 -64.52498945574948
792 -59.40420952290286
793 -59.434828922887476
794 -56.94804137673408
795 -47.51214007650179
796 -34.930292028096986
797 -19.73639668686168
798 -19.878032818488244
799 -83.44759879491303
800 4.09773048665941
801 -103.45666158248827
802 7.132064902298142
803 -103.45666158248827
804 -103.45666158248827
805 -103.45666158248827
806 -103.45666158248827
807 -103.45666158248827
808 -103.45666158248827
809 -103.45666158248827
810 -103.45666158248827
811 -103.45666158248827
812 -102.54171788268994
813 -99.12766458138633
814 -98.9051058242588
815 -96.25413196037653
816 -95.62659037519178
817 -93.1277328067699
818 -91.39957662903666
819 -90.50668614506411
820 -89.25166982354976
821 -78.55459119401017
822 -74.57666438445787
823 -81.5860734458346
824 -64.52498945574948
825 -59.79009225289754
826 -59.434828922887476
827 -56.94804137673408
828 -47.51214007650179
829 -34.930292028096986
830 -28.611605468386713
831 -83.44759879491303
832 -103.45666158248827
833 -103.45666158248827
834 -103.45666158248827
835 -103.45666158248827
836 -103.45666158248827
837 -103.45666158248827
838 -98.96460928518619
839 -103.45666158248827
840 -103.45666158248827
841 -103.45666158248827
842 -103.45666158248827
843 -100.06414087595131
844 -102.54171788268994
845 -99.12766458138633
846 -99.3675352032359
847 -96.25413196037653
848 -94.3302486781164
849 -93.10050743576866
850 -103.45666158248827
851 -90.50668614506411
852 -89.53680295922055
853 -83.44759879491303
854 -79.68099817943018
855 -77.5378393419844
856 -80.21050864791556
857 -62.61156252123004
858 -32.167749643126186
859 -11.146320499862982
860 -0.6422978171421097
861 -47.51214007650179
862 -103.45666158248827
863 -34.930292028096986
864 -103.45666158248827
865 -30.65438232024986
866 -103.45666158248827
867 -103.45666158248827
868 -103.45666158248827
869 -103.45666158248827
870 -103.45666158248827
871 -103.45666158248827
872 -103.45666158248827
873 -103.45666158248827
874 -103.45666158248827
875 -103.45666158248827
876 -102.54171788268994
877 -99.12766458138633
878 -99.3675352032359
879 -96.25413196037653
880 -95.62659037519178
881 -93.1277328067699
882 -103.45666158248827
883 -90.50668614506411
884 -89.53680295922055
885 -83.44759879491303
886 -81.5860734458346
887 -78.55459119401017
888 -80.21050864791556
889 -64.52498945574948
890 -59.79009225289754
891 -59.434828922887476
892 -56.94804137673408
893 -103.45666158248827
894 -103.45666158248827
895 -30.65438232024986
896 -103.45666158248827
897 -103.45666158248827
898 -103.45666158248827
899 -102.43681281760144
900 -103.45666158248827
901 -103.45666158248827
902 -103.45666158248827
903 -103.45666158248827
904 -103.45666158248827
905 -103.45666158248827
906 -103.45666158248827
907 -103.45666158248827
908 -103.45666158248827
909 -101.50957547144958
910 -99.3675352032359
911 -99.12766458138633
912 -96.16533106747963
913 -95.62659037519178
914 -93.1277328067699
915 -76.32614534403481
916 -88.56422066050256
917 -84.94883138577268
918 -84.55338334615796
919 -75.21927742366574
920 -78.55459119401017
921 -65.68363249041172
922 -64.9203603372056
923 -56.523421080869234
924 -66.36839272011709
925 -69.8152852468345
926 -29.005035830958835
927 -99.26332826985342
928 -103.45666158248827
929 -103.45666158248827
930 -103.45666158248827
931 -103.45666158248827
932 -103.45666158248827
933 -103.45666158248827
934 -103.45666158248827
935 -103.45666158248827
936 -103.45666158248827
937 -103.45666158248827
938 -103.45666158248827
939 -103.45666158248827
940 -103.45666158248827
941 -102.54171788268994
942 -99.3675352032359
943 -99.12766458138633
944 -96.25413196037653
945 -95.62659037519178
946 -93.1277328067699
947 -90.50668614506411
948 -89.53680295922055
949 -84.94883138577268
950 -84.55338334615796
951 -80.21050864791556
952 -78.55459119401017
953 -65.68363249041172
954 -64.9203603372056
955 -66.36839272011709
956 -69.8152852468345
957 -99.26332826985342
958 -103.45666158248827
959 -103.45666158248827
960 -99.27181157157176
961 -103.45666158248827
962 -103.45666158248827
963 -103.45666158248827
964 -103.45666158248827
965 -103.45666158248827
966 -103.45666158248827
967 -103.45666158248827
968 -103.45666158248827
969 -103.45666158248827
970 -103.45666158248827
971 -100.01729100806828
972 -100.1862459999495
973 -99.26332826985342
974 -92.07811127340734
975 -96.25413196037653
976 -94.34090734842462
977 -93.50498849674587
978 -82.28496919026432
979 -89.25479872582196
980 -84.94883138577268
981 -84.55338334615796
982 -80.21050864791556
983 -76.96255799670473
984 -39.61704596138323
985 -67.02705140376051
986 -40.10668899504508
987 -103.45666158248827
988 -66.54938423348642
989 -103.45666158248827
990 -103.45666158248827
991 -103.45666158248827
992 -103.45666158248827
993 -103.45666158248827
994 -103.45666158248827
995 -103.45666158248827
996 -103.45666158248827
997 -103.45666158248827
998 -103.45666158248827
999 -103.45666158248827
1000 -103.45666158248827
1001 -103.45666158248827
1002 -102.54171788268994
1003 -100.1862459999495
1004 -99.26332826985342
1005 -99.12766458138633
1006 -96.25413196037653
1007 -95.62659037519178
1008 -93.50498849674587
1009 -90.50668614506411
1010 -89.53680295922055
1011 -84.94883138577268
1012 -84.55338334615796
1013 -80.21050864791556
1014 -78.55459119401017
1015 -69.8152852468345
1016 -67.02705140376051
1017 -103.45666158248827
1018 -66.54938423348642
