evaluations raw_y
1 16.352939566110933
2 702.1781348699207
3 218.50107333120857
4 624.6640207862945
5 256.1779680262971
6 137.51743213128557
7 173.77869647634054
8 188.74343398049908
9 41.0014503399895
10 125.56092405618347
11 119.35470340956755
12 63.73543207517804
13 179.05766930300496
14 144.45987533124747
15 262.84832553962985
16 158.56147523100162
17 46.38897890785023
18 75.3408357101779
19 128.48572109973188
20 243.05596104036664
21 587.6909625869155
22 94.68876354180598
23 68.8339330645324
24 244.7895611682586
25 175.6286814798853
26 546.3432710682122
27 121.05159168756515
28 16.732515688614168
29 219.2651230257007
30 412.81472628391344
31 9.942064272908876
32 624.6640207862945
33 865.0614898787021
34 995.8997177305127
35 230.43964439814417
36 354.7599460978538
37 437.9274188322015
38 33.42574167152912
39 550.8022065646703
40 203.7383608367173
41 61.068717966631375
42 193.09418691936816
43 231.45690408584196
44 25.582977442876626
45 368.4015097508906
46 100.6512384893951
47 140.97980308530322
48 171.89398668266557
49 335.93130416680447
50 711.9908176997983
51 64.7902917995138
52 590.7051701072052
53 240.17815310435242
54 315.7569131219862
55 11.527719480296327
56 89.71308940124055
57 88.19088880343399
58 174.80124926572188
59 16.301035951407826
60 18.84692771496751
61 92.90137732309029
62 554.0684902636524
63 15.681033836428433
64 935.0858201034298
65 274.1809091186145
66 615.9041941394171
67 36.96724807119406
68 56.81784941613619
69 550.8022065646703
70 202.66212920999928
71 349.14657418536694
72 102.70205483668086
73 775.7085368930052
74 10.234151653217369
75 456.5095614479768
76 516.3589065696531
77 17.320165697458485
78 470.59835418904106
79 20.97247893041272
80 33.829833149404564
81 72.74198892526341
82 271.3082202471349
83 20.97451189772381
84 55.83245639788899
85 625.0403144644379
86 42.741763331248315
87 151.31415513233284
88 49.58252038503327
89 5.0
90 21.75360660823707
91 9.942064272908876
92 554.0684902636524
93 15.681033836428433
94 546.3432710682122
95 230.43964439814417
96 262.84832553962985
97 36.96724807119406
98 33.42574167152912
99 243.05596104036664
100 202.66212920999928
101 61.068717966631375
102 102.70205483668086
103 179.05766930300496
104 10.234151653217369
105 173.77869647634054
106 100.6512384893951
107 17.320165697458485
108 137.51743213128557
109 20.97247893041272
110 33.829833149404564
111 64.7902917995138
112 119.35470340956755
113 20.97451189772381
114 55.83245639788899
115 11.527719480296327
116 42.741763331248315
117 46.38897890785023
118 41.0014503399895
119 5.0
120 16.352939566110933
121 6.203406263570725
122 546.3432710682122
123 654.8533718097286
124 71.38255915121653
125 297.9286233068759
126 363.34244036994517
127 44.482505890785404
128 359.1801346504959
129 822.3172836768747
130 100.75105293971484
131 76.67478136352364
132 102.40146231260012
133 89.51661637913664
134 98.33697998743726
135 10.533619820727347
136 66.73117669851392
137 30.836423577530844
138 38.325722516712254
139 87.06553606323592
140 32.86752452938947
141 33.363724562409764
142 12.25817854333341
143 55.17856229988949
144 59.26151318213948
145 153.71154719538632
146 465.51446765442853
147 286.29474140844763
148 12.087799883561871
149 18.159898761616848
150 1121.137733112877
151 7.013362367884392
152 97.7612487662162
153 353.74968093132014
154 752.6571516008125
155 399.96507412733456
156 103.01789924647154
157 117.97675415230802
158 8.443511530463487
159 458.28647887584947
160 7.419184752517019
161 6.668738654092927
162 29.224016214671025
163 5.0
164 322.66936889219113
165 6.336995663626372
166 9.595332804642378
167 161.8542270676937
168 245.66342786395364
169 13.793814800576612
170 5.0
171 535.0139277029052
172 6.255136658198433
173 5.0
174 29.14593327930925
175 15.646337469851005
176 526.2592749997466
177 9.360710272038396
178 642.332410780356
179 23.45536724173161
180 8.173241737313678
181 6.203406263570725
182 97.7612487662162
183 262.84832553962985
184 71.38255915121653
185 230.43964439814417
186 103.01789924647154
187 44.482505890785404
188 8.443511530463487
189 137.51743213128557
190 7.419184752517019
191 6.668738654092927
192 29.224016214671025
193 5.0
194 61.068717966631375
195 6.336995663626372
196 9.595332804642378
197 30.836423577530844
198 38.325722516712254
199 13.793814800576612
200 5.0
201 33.363724562409764
202 6.255136658198433
203 5.0
204 17.320165697458485
205 15.646337469851005
206 15.681033836428433
207 9.360710272038396
208 10.234151653217369
209 9.942064272908876
210 5.0
211 66.38227022805722
212 844.6614144406974
213 146.4754786126284
214 368.1636153389417
215 132.0154960259789
216 1049.0620495093024
217 543.773567770904
218 26.23493806718856
219 30.939520702546034
220 60.43754780642996
221 48.9800041610797
222 24.466064252765015
223 30.575775653095207
224 16.01084712602915
225 156.17878984479628
226 30.26352937933317
227 9.7449909795844
228 219.65996337317554
229 163.97845034710775
230 47.44793982062641
231 10.86805424231369
232 61.627199956986914
233 656.8476275320837
234 149.5915614451231
235 884.1783423257234
236 45.71190958937813
237 6.486675761860095
238 78.18444900121693
239 5.0
240 6.020042596077154
241 22.67303269845302
242 25.416910016159534
243 11.72377588374209
244 8.37757755744808
245 960.6390147632737
246 680.9334978230639
247 805.8294865112564
248 576.1146582149285
249 8.287006666730075
250 8.663106166260432
251 21.30060634311813
252 10.832088271379398
253 5.0
254 5.0
255 11.63379868108133
256 9.94097878617649
257 16.658459365205477
258 274.2368580632988
259 6.6586057592607695
260 32.083143771467306
261 9.434023752199144
262 5.0
263 6.689889510955533
264 8.621621848363699
265 5.0
266 111.02921343381065
267 8.654551920192802
268 9.828257655019835
269 5.0
270 5.0
271 22.67303269845302
272 25.416910016159534
273 11.72377588374209
274 8.37757755744808
275 97.7612487662162
276 71.38255915121653
277 61.068717966631375
278 26.23493806718856
279 8.287006666730075
280 8.663106166260432
281 21.30060634311813
282 10.832088271379398
283 5.0
284 5.0
285 11.63379868108133
286 9.94097878617649
287 9.7449909795844
288 9.942064272908876
289 6.6586057592607695
290 9.360710272038396
291 8.443511530463487
292 5.0
293 6.668738654092927
294 6.336995663626372
295 5.0
296 6.203406263570725
297 5.0
298 5.0
299 5.0
300 5.0
301 8.942910009154085
302 71.38255915121653
303 543.9062817529968
304 26.772806520053358
305 341.40034728528155
306 10.95438458451707
307 83.15920738138799
308 75.29344744868337
309 26.32898631675635
310 11.672899527136403
311 10.132415531037328
312 7.781508352296042
313 10.907300335982264
314 48.80285164433843
315 23.702865146901335
316 7.860092416192799
317 21.521334065789407
318 6.703341584190785
319 9.119255744275655
320 9.21661763853481
321 8.68298136091215
322 9.607370355082958
323 5.0
324 5.0
325 30.92775743173398
326 5.0
327 60.411780624424246
328 263.1514643761234
329 306.3754370984751
330 7.069349414128082
331 5.0
332 58.286059449671626
333 6.369804815620725
334 5.0
335 14.702859034811269
336 222.5977517634426
337 742.2565803794616
338 94.6058477106689
339 8.578090189889966
340 101.91501351854139
341 71.78760411913093
342 8.565074749801116
343 14.92714639632489
344 11.204087756332378
345 6.968912380287191
346 22.604503518375378
347 8.255338795178577
348 8.542053747321674
349 5.0
350 7.572557765783458
351 5.0
352 6.616060161014041
353 5.0
354 5.0
355 8.640329458963569
356 5.0
357 5.0
358 8.698260845750927
359 5.0
360 5.0
361 5.0
362 58.286059449671626
363 6.369804815620725
364 5.0
365 14.702859034811269
366 10.95438458451707
367 21.30060634311813
368 11.72377588374209
369 8.578090189889966
370 10.832088271379398
371 9.942064272908876
372 7.781508352296042
373 9.7449909795844
374 9.360710272038396
375 6.968912380287191
376 7.860092416192799
377 8.255338795178577
378 6.703341584190785
379 5.0
380 6.6586057592607695
381 5.0
382 6.203406263570725
383 5.0
384 5.0
385 5.0
386 5.0
387 5.0
388 5.0
389 5.0
390 5.0
391 53.78575489983428
392 21.24178273424868
393 15.215870587678042
394 451.5849006570601
395 12.042566567540648
396 24.86500693540934
397 14.758132301438604
398 103.5814447300636
399 8.879303687930285
400 13.027247271165894
401 33.851849275405705
402 21.00268279794313
403 30.73867874154667
404 5.0
405 7.558640554368234
406 6.433271275750519
407 8.31283259846128
408 54.512171919616264
409 8.190984604657892
410 6.236528811815079
411 8.719145947981282
412 11.442133809161085
413 10.124242664893158
414 5.0
415 338.15896406805587
416 7.199071579975778
417 38.54339008774521
418 5.0
419 6.956244693845569
420 11.872190481795286
421 7.545439645619158
422 5.0
423 11.93183417485442
424 5.0
425 10.493365327666218
426 5.0
427 5.0
428 121.78493037182946
429 5.0
430 15.953834461079833
431 7.779348656653331
432 7.3685499285861304
433 7.165986570112988
434 5.0
435 7.107712080614361
436 5.0
437 11.320534642708115
438 5.0
439 19.436184453090252
440 8.74825715762037
441 11.02031449691015
442 5.0
443 5.0
444 21.968316049515273
445 5.0
446 5.0
447 5.0
448 5.0
449 5.0
450 8.675260601563673
451 7.545439645619158
452 5.0
453 11.93183417485442
454 5.0
455 10.493365327666218
456 5.0
457 5.0
458 9.7449909795844
459 5.0
460 8.578090189889966
461 7.779348656653331
462 7.3685499285861304
463 7.165986570112988
464 5.0
465 6.703341584190785
466 5.0
467 6.369804815620725
468 5.0
469 5.0
470 5.0
471 5.0
472 5.0
473 5.0
474 5.0
475 5.0
476 5.0
477 5.0
478 5.0
479 5.0
480 5.0
481 27.368489119753356
482 10.493365327666218
483 10.840287539827582
484 8.476718344879524
485 13.158004394238201
486 10.094116879097099
487 22.82689407293016
488 10.769219851388948
489 7.501307790266239
490 10.219506552786882
491 9.695637942201618
492 5.0
493 7.614134974454629
494 238.22073227808752
495 5.0
496 60.9208931506321
497 8.50963115488426
498 5.0
499 6.24701471594936
500 5.0
501 5.0
502 6.890535958587552
503 6.614055336253047
504 6.739072046561303
505 5.0
506 6.414376804703844
507 5.0
508 10.753769410215424
509 5.0
510 5.0
511 5.0
512 64.40311158622102
513 5.0
514 5.0
515 8.245044871344762
516 13.125825804278563
517 5.0
518 5.0
519 5.0
520 61.53949850647477
521 7.916475478564173
522 5.0
523 8.297468622408786
524 5.0
525 5.0
526 7.522746050887843
527 6.273954496692414
528 7.3094853095921035
529 5.0
530 5.0
531 8.603868483703764
532 8.47551487982388
533 5.0
534 9.742398275189146
535 5.0
536 8.629528322144214
537 5.0
538 5.0
539 8.257170248716879
540 8.653222044105219
541 5.0
542 10.493365327666218
543 5.0
544 5.0
545 7.779348656653331
546 7.545439645619158
547 5.0
548 5.0
549 5.0
550 6.369804815620725
551 5.0
552 5.0
553 5.0
554 5.0
555 5.0
556 5.0
557 5.0
558 5.0
559 5.0
560 5.0
561 5.0
562 5.0
563 5.0
564 5.0
565 5.0
566 5.0
567 5.0
568 5.0
569 5.0
570 5.0
571 10.291471359549593
572 7.945456333900685
573 20.946217276466598
574 9.019656659762072
575 689.453652195641
576 5.0
577 38.21852439359454
578 11.994869210753215
579 5.0
580 11.193610096050579
581 279.75004213837724
582 5.0
583 5.0
584 5.0
585 7.4361429588762125
586 8.1168231531474
587 10.279705237529825
588 5.0
589 6.881306609750043
590 6.607079143035177
591 8.63593173728696
592 5.0
593 8.632997152034342
594 6.678944475551894
595 8.134297972188984
596 5.0
597 10.115490233627192
598 521.2164986892483
599 97.7203558463092
600 5.0
601 5.0
602 9.582687701176674
603 7.091733391993986
604 5.0
605 5.0
606 8.848277757558773
607 8.717496841229945
608 5.0
609 5.0
610 5.0
611 6.933734476610879
612 5.0
613 5.0
614 5.0
615 8.636037076128023
616 9.837846096677447
617 7.196245815154401
618 5.0
619 5.0
620 5.0
621 5.0
622 43.69497162982835
623 5.0
624 5.0
625 5.0
626 5.0
627 5.0
628 5.0
629 19.60177585503478
630 6.959844294602783
631 5.0
632 7.779348656653331
633 7.091733391993986
634 5.0
635 5.0
636 5.0
637 5.0
638 5.0
639 5.0
640 5.0
641 5.0
642 5.0
643 5.0
644 5.0
645 5.0
646 5.0
647 5.0
648 5.0
649 5.0
650 5.0
651 5.0
652 5.0
653 5.0
654 5.0
655 5.0
656 5.0
657 5.0
658 5.0
659 5.0
660 5.0
661 7.221835516593764
662 7.091733391993986
663 60.53931597872301
664 5.0
665 5.0
666 5.0
667 5.0
668 5.0
669 5.0
670 5.0
671 6.8959958416553295
672 5.0
673 5.0
674 12.683798523394895
675 6.882295335458514
676 8.61560974615979
677 5.0
678 5.0
679 6.021145975099933
680 20.52534928697963
681 6.148510777977208
682 43.1636115111819
683 9.82179025550995
684 10.790307390905973
685 12.970576908055595
686 6.682332398768775
687 102.86625562095898
688 6.545930178680025
689 5.0
690 5.0
691 14.689468538211804
692 5.0
693 5.0
694 8.629092655431144
695 5.0
696 8.68227498369308
697 5.0
698 6.121768268621007
699 8.569358139544413
700 8.678161347903377
701 5.0
702 5.0
703 5.0
704 9.763039850321967
705 8.654801173788622
706 6.918704067499355
707 6.979808578279961
708 7.765177936023862
709 5.0
710 5.0
711 20.74613984588705
712 8.219003174687657
713 5.0
714 5.0
715 6.900638713794795
716 8.604717426869142
717 5.0
718 8.632923980758806
719 5.0
720 9.719414671578283
721 7.221835516593764
722 5.0
723 5.0
724 5.0
725 5.0
726 5.0
727 5.0
728 5.0
729 5.0
730 5.0
731 5.0
732 5.0
733 5.0
734 5.0
735 5.0
736 5.0
737 5.0
738 5.0
739 5.0
740 5.0
741 5.0
742 5.0
743 5.0
744 5.0
745 5.0
746 5.0
747 5.0
748 5.0
749 5.0
750 5.0
751 5.0
752 5.0
753 9.971315387943484
754 5.0
755 5.0
756 8.377588570008118
757 5.0
758 6.06191598150475
759 5.0
760 5.0
761 5.0
762 5.0
763 6.316287696156791
764 5.0
765 5.0
766 5.0
767 5.0
768 5.0
769 28.288766004000806
770 5.0
771 12.413239729822315
772 8.968635753174704
773 6.93913877316087
774 5.0
775 6.69456759647602
776 6.919640730913702
777 6.890739087408164
778 7.92004836762092
779 5.0
780 5.0
781 8.61228796108508
782 5.0
783 5.0
784 5.0
785 8.461367097284658
786 5.0
787 5.0
788 19.796747162124134
789 6.897727023024823
790 5.0
791 5.0
792 5.0
793 5.0
794 5.0
795 6.1148438929551965
796 9.757230635002017
797 6.683225575842126
798 5.0
799 5.0
800 5.0
801 5.0
802 5.0
803 8.626691099247488
804 8.705441203249837
805 8.63671688470425
806 15.811388981557783
807 5.0
808 5.0
809 5.0
810 5.0
811 5.0
812 5.0
813 5.0
814 5.0
815 5.0
816 5.0
817 5.0
818 5.0
819 5.0
820 5.0
821 5.0
822 5.0
823 5.0
824 5.0
825 5.0
826 5.0
827 5.0
828 5.0
829 5.0
830 5.0
831 5.0
832 5.0
833 5.0
834 5.0
835 5.0
836 5.0
837 5.0
838 5.0
839 5.0
840 5.0
841 10.841161079028554
842 5.0
843 5.0
844 5.0
845 5.0
846 6.720925815285167
847 5.0
848 8.594679286602297
849 6.081385149575501
850 6.895397161990541
851 5.0
852 18.064603831643772
853 6.34324692373487
854 5.0
855 5.0
856 5.0
857 5.0
858 62.034555944392395
859 5.0
860 23.52875484015534
861 381.88096563772734
862 7.08074022156467
863 5.0
864 6.657100747957683
865 6.944764945268842
866 5.0
867 5.0
868 5.0
869 21.036461187279368
870 7.016276478363935
871 9.702303031873662
872 6.895014945105342
873 7.049386731338844
874 5.0
875 5.0
876 7.086279224539336
877 5.0
878 5.0
879 6.622633513378125
880 5.0
881 5.0
882 5.0
883 8.599354118161843
884 5.0
885 8.718913531935941
886 5.0
887 14.858832824344095
888 5.0
889 5.0
890 9.890935893414275
891 11.063695383797818
892 5.0
893 8.72131690297202
894 8.652417901532452
895 19.455129014713364
896 5.0
897 8.55173596070233
898 5.0
899 5.0
900 5.0
901 5.0
902 5.0
903 5.0
904 5.0
905 5.0
906 5.0
907 5.0
908 5.0
909 5.0
910 5.0
911 5.0
912 5.0
913 5.0
914 5.0
915 5.0
916 5.0
917 5.0
918 5.0
919 5.0
920 5.0
921 5.0
922 5.0
923 5.0
924 5.0
925 5.0
926 5.0
927 5.0
928 5.0
929 5.0
930 5.0
931 5.0
932 5.0
933 5.0
934 5.0
935 5.0
936 5.0
937 9.44160771577963
938 5.0
939 5.0
940 5.0
941 53.17958185094681
942 7.41871431377643
943 21.655304598104255
944 6.734655085742768
945 6.187171696788713
946 5.0
947 7.769572130717142
948 5.0
949 7.58174477683383
950 8.577614523996
951 8.66639499372445
952 5.0
953 5.0
954 5.0
955 5.0
956 6.926864278499702
957 6.892906992915451
958 5.0
959 5.0
960 5.0
961 5.0
962 8.678353475093475
963 7.04131383739513
964 8.47614849164718
965 8.40944166936782
966 82.52533166553147
967 5.0
968 6.872493630603409
969 8.50425720216116
970 22.135556000803675
971 21.896996671260826
972 8.441222538520476
973 5.0
974 5.0
975 5.0
976 10.246835378447683
977 5.0
978 9.751331289551903
979 5.0
980 5.0
981 8.701592810011565
982 5.0
983 5.0
984 8.680423724192645
985 5.0
986 6.879280107098654
987 9.92853335272866
988 8.65915022166662
989 5.0
990 5.0
991 5.0
992 5.0
993 5.0
994 5.0
995 5.0
996 5.0
997 5.0
998 5.0
999 5.0
1000 5.0
1001 5.0
1002 5.0
1003 5.0
1004 5.0
1005 5.0
1006 5.0
1007 5.0
1008 5.0
1009 5.0
1010 5.0
1011 5.0
1012 5.0
1013 5.0
1014 5.0
1015 5.0
1016 5.0
1017 5.0
1018 5.0
1019 5.0
1020 5.0
1021 8.301360897827546
1022 5.0
1023 5.0
1024 5.0
1025 5.0
1026 8.406491803120103
1027 5.0
1028 6.124640360730629
1029 5.0
1030 5.0
1031 5.0
1032 5.0
1033 5.0
1034 5.0
1035 5.0
1036 5.0
1037 11.77642581433383
1038 5.0
1039 5.0
1040 5.0
1041 5.0
1042 7.013290289011586
1043 5.0
1044 5.0
1045 5.0
1046 5.0
1047 8.893343068323048
1048 5.0
1049 5.0
1050 5.0
1051 5.0
1052 8.668270277935044
1053 5.0
1054 8.581041665420505
1055 8.740268646273554
1056 5.0
1057 6.133364380526354
1058 8.742230863030695
1059 8.767225233269535
1060 19.608447071097746
1061 9.776056210543768
1062 5.0
1063 5.0
1064 9.758212450705162
1065 5.0
1066 8.685939465116906
1067 22.49945994547974
1068 5.0
1069 5.0
1070 5.0
1071 6.883340508804671
1072 9.863846641244534
1073 5.0
1074 8.662010620753417
1075 5.0
1076 5.0
1077 8.722600257935829
1078 5.0
1079 6.959746191223208
1080 49.6888458356868
1081 5.0
1082 5.0
1083 5.0
1084 5.0
1085 5.0
1086 5.0
1087 5.0
1088 5.0
1089 5.0
1090 5.0
1091 5.0
1092 5.0
1093 5.0
1094 5.0
1095 5.0
1096 5.0
1097 5.0
1098 5.0
1099 5.0
1100 5.0
1101 5.0
1102 5.0
1103 5.0
1104 5.0
1105 5.0
1106 5.0
1107 5.0
1108 5.0
1109 5.0
1110 5.0
1111 5.0
1112 5.0
1113 7.062095418517796
1114 6.635913927635325
1115 6.903779025704384
1116 6.609534499057819
1117 5.0
1118 5.0
1119 5.0
1120 5.0
1121 8.772423775850354
1122 5.0
1123 6.230023029400945
1124 5.0
1125 5.0
1126 6.881724104055344
1127 5.0
1128 5.0
1129 5.0
1130 7.565676231082547
1131 5.0
1132 5.0
1133 5.0
1134 5.0
1135 5.0
1136 6.92374386016238
1137 5.0
1138 5.0
1139 5.0
1140 6.8890013180995595
1141 5.0
1142 8.739492887248693
1143 5.0
1144 8.581624775323357
1145 5.0
1146 7.053759647708974
1147 8.7257487482478
1148 22.126975263247896
1149 6.990614989558781
1150 5.0
1151 8.626776215829205
1152 8.63787937978549
1153 5.0
1154 5.0
1155 8.654573016309957
1156 8.67240274490705
1157 12.982674526335492
1158 5.0
1159 8.490917641284494
1160 19.890758460712508
1161 9.806695103652132
1162 5.0
1163 5.0
1164 8.630422882509711
1165 5.0
1166 8.684478125189768
1167 5.0
1168 5.0
1169 8.229633185570197
1170 8.320941082388
1171 5.0
1172 5.0
1173 5.0
1174 5.0
1175 5.0
1176 5.0
1177 5.0
1178 5.0
1179 5.0
1180 5.0
1181 5.0
1182 5.0
1183 5.0
1184 5.0
1185 5.0
1186 5.0
1187 5.0
1188 5.0
1189 5.0
1190 5.0
1191 5.0
1192 5.0
1193 5.0
1194 5.0
1195 5.0
1196 5.0
1197 5.0
1198 5.0
1199 5.0
1200 5.0
1201 5.0
1202 5.0
1203 8.761698363390863
1204 6.408752956953769
1205 5.0
1206 5.0
1207 5.0
1208 6.121272468587729
1209 185.97146861290815
1210 5.0
1211 5.0
1212 5.0
1213 5.0
1214 6.90861506296439
1215 6.615005940884385
1216 5.0
1217 7.41562296574136
1218 5.0
1219 6.872186656329175
1220 5.0
1221 5.0
1222 5.0
1223 5.0
1224 5.0
1225 6.944611777563738
1226 5.0
1227 5.0
1228 5.0
1229 5.0
1230 5.0
1231 8.707131552447883
1232 5.0
1233 12.398626563583186
1234 8.801490013241201
1235 22.0672772197478
1236 5.0
1237 6.071814185518507
1238 5.0
1239 5.0
1240 9.60223691749123
1241 5.0
1242 8.52680533088288
1243 5.0
1244 5.0
1245 5.0
1246 5.0
1247 5.0
1248 5.0
1249 5.0
1250 5.0
1251 8.589338391782462
1252 5.0
1253 5.0
1254 5.0
1255 9.70705079271449
1256 5.0
1257 5.0
1258 8.62467014764727
1259 9.715768419878069
1260 8.718916865981495
1261 5.0
1262 5.0
1263 5.0
1264 5.0
1265 5.0
1266 5.0
1267 5.0
1268 5.0
1269 5.0
1270 5.0
1271 5.0
1272 5.0
1273 5.0
1274 5.0
1275 5.0
1276 5.0
1277 5.0
1278 5.0
1279 5.0
1280 5.0
1281 5.0
1282 5.0
1283 5.0
1284 5.0
1285 5.0
1286 5.0
1287 5.0
1288 5.0
1289 5.0
1290 5.0
1291 9.882065980145057
1292 5.0
1293 5.0
1294 5.0
1295 5.0
1296 6.674136598664437
1297 10.634232790592236
1298 6.115425698787862
1299 5.0
1300 5.0
1301 5.0
1302 5.0
1303 6.325779184593093
1304 140.63757002188086
1305 5.0
1306 5.0
1307 7.607510238048634
1308 5.0
1309 8.737010175815781
1310 5.0
1311 8.701779255107564
1312 5.0
1313 5.0
1314 5.0
1315 5.0
1316 6.88543203371724
1317 5.0
1318 5.0
1319 5.0
1320 6.958301038662796
1321 8.599894624978658
1322 5.0
1323 16.891427004206058
1324 5.0
1325 21.891282981730548
1326 6.904221499456483
1327 6.939466924577982
1328 6.133016728533853
1329 13.31166791561214
1330 5.0
1331 5.0
1332 9.768755949688366
1333 10.983717070776787
1334 5.0
1335 5.0
1336 5.0
1337 5.0
1338 8.53886640471321
1339 5.0
1340 12.413149379137652
1341 8.733913551122967
1342 5.0
1343 8.661743252165618
1344 19.322722847448446
1345 8.725965799006524
1346 9.823968268013262
1347 8.4861484705889
1348 5.0
1349 5.0
1350 5.0
1351 5.0
1352 5.0
1353 5.0
1354 5.0
1355 5.0
1356 5.0
1357 5.0
1358 5.0
1359 5.0
1360 5.0
1361 5.0
1362 5.0
1363 5.0
1364 5.0
1365 5.0
1366 5.0
1367 5.0
1368 5.0
1369 5.0
1370 5.0
1371 5.0
1372 5.0
1373 5.0
1374 5.0
1375 5.0
1376 5.0
1377 5.0
1378 5.0
1379 5.0
1380 5.0
1381 8.618334229785708
1382 5.0
1383 8.916379979092852
1384 5.0
1385 5.0
1386 10.908356607285143
1387 5.0
1388 8.632559984230726
1389 5.0
1390 5.0
1391 5.0
1392 5.0
1393 6.250987242856688
1394 5.0
1395 5.0
1396 5.0
1397 7.417675155151322
1398 5.0
1399 8.458614341061761
1400 5.0
1401 8.684680710379311
1402 6.737461538101639
1403 6.894242728513809
1404 8.760725176467513
1405 5.0
1406 5.0
1407 5.0
1408 5.0
1409 180.03398080253828
1410 5.0
1411 6.923183407596408
1412 5.0
1413 9.255085517317553
1414 5.0
1415 8.601629439265185
1416 6.89082775728988
1417 8.597945191400681
1418 5.0
1419 33.17791999548052
1420 5.0
1421 6.969724655412789
1422 19.66146071460197
1423 5.0
1424 8.600171432771512
1425 7.7717606653268785
1426 5.0
1427 7.000423258013818
1428 5.0
1429 6.953719541556305
1430 8.686843735709306
1431 7.021562273430876
1432 8.4546539177614
1433 8.723413091229219
1434 5.0
1435 9.298870206763443
1436 5.0
1437 8.68012102997626
1438 5.0
1439 5.0
1440 5.0
1441 5.0
1442 5.0
1443 5.0
1444 5.0
1445 5.0
1446 5.0
1447 5.0
1448 5.0
1449 5.0
1450 5.0
1451 5.0
1452 5.0
1453 5.0
1454 5.0
1455 5.0
1456 5.0
1457 5.0
1458 5.0
1459 5.0
1460 5.0
1461 5.0
1462 5.0
1463 5.0
1464 5.0
1465 5.0
1466 5.0
1467 5.0
1468 5.0
1469 5.0
1470 5.0
evaluations raw_y
1 83.73359241187765
2 36.212739069582874
3 316.7542848401266
4 75.60138311952801
5 75.51453299888439
6 242.5050292523179
7 185.61162465540144
8 130.2256082512942
9 272.4677984944554
10 70.5485645425297
11 141.9655129128517
12 158.10635467641853
13 84.52821175836688
14 176.93284109858766
15 221.41878102985072
16 72.74324640396486
17 55.42813545754474
18 153.04787408756374
19 43.652820751484384
20 113.42779274043015
21 208.65936469539406
22 746.9730917482543
23 200.93819047372293
24 205.91010617087665
25 735.649759319136
26 89.13449103207769
27 92.66992606556373
28 254.77095493838766
29 181.3553117786578
30 158.6303210038052
31 31.73949190622902
32 715.6859137482494
33 288.23615973858284
34 231.87056756404155
35 45.918614378046826
36 100.8838497769065
37 844.9545037178141
38 93.92322314585681
39 107.84911978409257
40 974.0207761023162
41 77.48164052179432
42 887.8734383741744
43 203.89837565192195
44 105.33161556391121
45 162.10471409214307
46 333.6398750767194
47 242.92635318531092
48 72.41822329338856
49 151.3041567198657
50 101.06599732622921
51 411.19027010812886
52 224.95463891094516
53 399.61177022878667
54 479.2354267406327
55 721.8675079899366
56 176.03006159345188
57 129.0025413567681
58 248.62718672860785
59 57.16365416941869
60 565.7854517016963
61 20.28287057116086
62 715.6859137482494
63 383.749988601821
64 810.1463400359047
65 733.7700222378567
66 558.9590649552994
67 154.43213034500542
68 19.77114590748989
69 440.12636203987523
70 508.76992104580626
71 33.831174513297086
72 573.355196993355
73 314.6709242479482
74 17.995804335209925
75 1050.2305103642316
76 130.5081730311043
77 334.170692359511
78 147.2257512490724
79 570.4961088455775
80 95.56521830235349
81 1030.9779410196952
82 614.1177591864938
83 24.080795997768128
84 33.541985843138015
85 530.9340263105265
86 175.38330977422862
87 489.95266917960305
88 546.1938203040487
89 31.83139462969859
90 35.69832296137393
91 20.28287057116086
92 715.6859137482494
93 288.23615973858284
94 231.87056756404155
95 45.918614378046826
96 100.8838497769065
97 154.43213034500542
98 19.77114590748989
99 107.84911978409257
100 200.93819047372293
101 33.831174513297086
102 181.3553117786578
103 176.93284109858766
104 17.995804335209925
105 158.10635467641853
106 130.5081730311043
107 141.9655129128517
108 72.41822329338856
109 113.42779274043015
110 92.66992606556373
111 89.13449103207769
112 84.52821175836688
113 24.080795997768128
114 33.541985843138015
115 75.51453299888439
116 72.74324640396486
117 70.5485645425297
118 55.42813545754474
119 31.83139462969859
120 35.69832296137393
121 45.57098276209553
122 621.7922169769478
123 365.29112651260755
124 609.7419760814363
125 85.6134255673591
126 431.0554123234508
127 51.5816025265629
128 682.7212639805965
129 126.44030049672824
130 600.7535255393321
131 125.01089247326281
132 689.258405626269
133 89.04348170777547
134 241.17018462842293
135 33.306799229758944
136 345.55085454806783
137 666.1782554721176
138 83.9752882610208
139 779.7612974638384
140 95.82605047899557
141 62.69707143887058
142 183.6026621297705
143 45.935985457128005
144 25.17791882837041
145 198.4774435191278
146 34.78253875106665
147 715.2571013987804
148 28.39664104405567
149 20.935239199494493
150 14.11911619174192
151 26.537327121842534
152 65.1828936766465
153 730.5037385388745
154 879.1913283486704
155 22.27237967661941
156 576.478163772317
157 538.5536790341837
158 23.05886893750573
159 10.029742235481004
160 317.3967571950194
161 1036.1417756949675
162 10.418003435233611
163 33.052279963967166
164 230.77526152092682
165 148.79708897899673
166 484.45602131239616
167 81.25845341155335
168 237.21822454277356
169 220.94820338286002
170 551.5227563436739
171 555.9204004896953
172 40.860871615625925
173 27.20548643705069
174 10.060129691258034
175 6.12710017415537
176 132.09610353557022
177 123.65909112927422
178 22.729035958740344
179 39.9403871847844
180 5.0
181 26.537327121842534
182 65.1828936766465
183 231.87056756404155
184 200.93819047372293
185 22.27237967661941
186 176.93284109858766
187 51.5816025265629
188 23.05886893750573
189 10.029742235481004
190 130.5081730311043
191 113.42779274043015
192 10.418003435233611
193 33.052279963967166
194 92.66992606556373
195 33.306799229758944
196 84.52821175836688
197 75.51453299888439
198 72.74324640396486
199 72.41822329338856
200 70.5485645425297
201 55.42813545754474
202 40.860871615625925
203 27.20548643705069
204 10.060129691258034
205 6.12710017415537
206 31.83139462969859
207 24.080795997768128
208 20.28287057116086
209 19.77114590748989
210 5.0
211 11.085033800540977
212 200.93819047372293
213 185.21494200877837
214 364.83684310777465
215 99.3309006708399
216 900.7700207004314
217 129.16470632184655
218 393.1859643420404
219 60.72087982634564
220 82.11148347632948
221 250.90245136405815
222 65.16599263879914
223 33.00860967441811
224 51.14808524364187
225 275.386107560532
226 12.843667824626705
227 33.945518525864834
228 18.514842043746057
229 23.28160651947371
230 389.23251159774946
231 659.2088518351435
232 66.35779926094601
233 38.99627990674207
234 618.0510081539701
235 12.387948802089703
236 218.05694404372383
237 6.358285428287727
238 14.934983264531478
239 16.70032976103933
240 5.0
241 7.796635903174327
242 514.3903436336744
243 51.96496328546456
244 18.444409784571075
245 6.120302438773853
246 909.2079071097567
247 314.41363595585
248 10.683933270023436
249 16.51578619856464
250 5.0
251 28.76828989204094
252 8.173064648976638
253 241.86706058721495
254 118.98467267569522
255 473.6519073688489
256 5.0
257 35.28231660595248
258 5.0
259 5.0
260 5.0
261 23.82700477886853
262 6.107773634530805
263 20.205748376811542
264 11.17765680696637
265 16.44247236909243
266 49.9067117911261
267 6.738377378147879
268 5.0
269 12.949262295234202
270 10.504964658387593
271 7.796635903174327
272 200.93819047372293
273 51.96496328546456
274 18.444409784571075
275 6.120302438773853
276 92.66992606556373
277 84.52821175836688
278 10.683933270023436
279 16.51578619856464
280 5.0
281 28.76828989204094
282 8.173064648976638
283 33.00860967441811
284 51.14808524364187
285 40.860871615625925
286 5.0
287 33.052279963967166
288 5.0
289 5.0
290 5.0
291 23.82700477886853
292 6.107773634530805
293 20.205748376811542
294 11.17765680696637
295 12.387948802089703
296 10.418003435233611
297 6.358285428287727
298 5.0
299 6.12710017415537
300 5.0
301 21.362108063605945
302 98.73646003289801
303 422.0113317068949
304 84.9354354402648
305 365.8277019272021
306 21.10606927117941
307 52.488794923114945
308 178.6848178206736
309 58.1984536548761
310 570.9368394698279
311 465.47275434517127
312 18.454122183676418
313 559.173548115332
314 408.29438829867195
315 20.552080346656446
316 307.3779054108424
317 10.64318052922008
318 8.201092232713126
319 11.356547202916841
320 154.55828532693948
321 82.61056036642789
322 50.672649163509575
323 5.0
324 7.584267896725476
325 5.0
326 14.406445614335412
327 24.14488873453187
328 28.874529295441302
329 5.0
330 5.0
331 217.0312079443959
332 911.5330510149279
333 21.382330265714955
334 57.43779573920658
335 8.789995045309494
336 7.063222165608208
337 9.988850110325899
338 11.752208552515246
339 185.6254018690048
340 717.2061625880282
341 81.9298357051972
342 10.897826314342508
343 60.59228463846982
344 15.805181302467526
345 314.7197014844157
346 6.2640538157269905
347 5.0
348 9.330984783215325
349 9.331302367323989
350 11.145580950100246
351 5.0
352 5.0
353 6.362230658040357
354 6.248541005866308
355 12.321723042069365
356 7.212723904091317
357 5.0
358 5.0
359 5.0
360 5.0
361 21.362108063605945
362 92.66992606556373
363 21.382330265714955
364 51.96496328546456
365 8.789995045309494
366 7.063222165608208
367 9.988850110325899
368 11.752208552515246
369 28.76828989204094
370 23.82700477886853
371 20.205748376811542
372 10.897826314342508
373 16.51578619856464
374 12.387948802089703
375 11.17765680696637
376 6.2640538157269905
377 5.0
378 8.173064648976638
379 7.796635903174327
380 6.358285428287727
381 5.0
382 5.0
383 5.0
384 5.0
385 5.0
386 5.0
387 5.0
388 5.0
389 5.0
390 5.0
391 31.750037780702918
392 51.96496328546456
393 66.73191687224909
394 296.67014226505484
395 30.007380433419165
396 211.21039091347333
397 34.99186954983118
398 78.73817000954713
399 142.30455211246908
400 56.34466641832461
401 529.7377857429425
402 19.886467678795697
403 8.043322342464434
404 34.85884185738955
405 16.378633515072533
406 809.05874160809
407 22.078327066141448
408 23.679589972527033
409 8.666292617300885
410 76.27011374213598
411 10.836556028586799
412 7.938824824421067
413 10.851926559398763
414 6.215548437262221
415 19.685681025646552
416 5.0
417 5.0
418 9.585794964126466
419 7.694567815850165
420 5.0
421 1102.5206320193677
422 53.553129335387474
423 11.434255343956359
424 232.2887248099842
425 6.272812554057019
426 58.376992383092656
427 36.97556293612642
428 57.870299271457604
429 10.360831606018298
430 5.0
431 5.0
432 6.5268258026494
433 12.63569398873791
434 10.628722460437045
435 34.94341936306167
436 5.0
437 6.407828459432291
438 10.341447494009218
439 5.0
440 5.0
441 5.0
442 11.523041000255807
443 5.0
444 7.454075290910175
445 5.0
446 14.054624445781688
447 5.0
448 8.499957034629004
449 5.0
450 6.186285738723999
451 31.750037780702918
452 51.96496328546456
453 11.434255343956359
454 23.82700477886853
455 6.272812554057019
456 21.362108063605945
457 20.205748376811542
458 16.51578619856464
459 10.360831606018298
460 5.0
461 5.0
462 6.5268258026494
463 8.043322342464434
464 8.789995045309494
465 8.173064648976638
466 5.0
467 6.407828459432291
468 6.358285428287727
469 5.0
470 5.0
471 5.0
472 5.0
473 5.0
474 5.0
475 5.0
476 5.0
477 5.0
478 5.0
479 5.0
480 5.0
481 5.0
482 46.48274073543337
483 37.356774932564804
484 46.540342442768875
485 214.72505199454125
486 232.59816541856253
487 67.55917829643442
488 391.82255829941334
489 8.785944903606639
490 20.99971885004318
491 24.18049318427969
492 10.581673132965522
493 634.2328855199579
494 9.856965029277097
495 7.601375317695462
496 5.0
497 19.077337960969665
498 10.495466343731085
499 5.0
500 8.920168594443574
501 5.0
502 5.0
503 8.088202365797171
504 5.0
505 30.38727146129002
506 5.0
507 543.8252749829235
508 5.0
509 6.568709674619302
510 100.40428976746342
511 5.0
512 5.0
513 13.905188971227041
514 23.409190965363557
515 10.196482174392854
516 21.053090995708068
517 14.386322291232016
518 5.0
519 305.0386796563645
520 10.901429914243476
521 76.99226536925876
522 5.0
523 9.343329453633906
524 5.0
525 5.0
526 5.0
527 10.855372787634256
528 6.183433785527823
529 5.0
530 25.558240012737247
531 9.92533240822968
532 7.114927539897314
533 6.6607461278851146
534 5.0
535 5.0
536 8.818561438027023
537 8.48775329852494
538 11.380963993643544
539 5.0
540 5.0
541 5.0
542 5.0
543 13.905188971227041
544 21.362108063605945
545 10.196482174392854
546 16.51578619856464
547 11.434255343956359
548 5.0
549 8.785944903606639
550 8.173064648976638
551 8.043322342464434
552 5.0
553 6.407828459432291
554 5.0
555 5.0
556 5.0
557 5.0
558 5.0
559 5.0
560 5.0
561 5.0
562 5.0
563 5.0
564 5.0
565 5.0
566 5.0
567 5.0
568 5.0
569 5.0
570 5.0
571 11.18957892039262
572 16.51578619856464
573 10.68150478912564
574 22.39112080458495
575 9.317750402730852
576 9.436479502619786
577 11.8111512949489
578 8.16062874547503
579 15.615992664793364
580 10.33537250886449
581 15.904410173510747
582 7.663678427617297
583 11.182121976997308
584 9.952679193877591
585 7.499040338185997
586 8.886384415405555
587 5.0
588 14.850255247211209
589 5.0
590 5.0
591 5.0
592 10.01767741516329
593 5.0
594 7.0934246362189715
595 715.6859137482494
596 5.0
597 17.012982800089784
598 13.965477667464322
599 5.0
600 6.1182261746368445
601 8.697308504479233
602 5.0
603 218.30849252215637
604 12.447280067664284
605 17.81418790782442
606 5.0
607 6.505261314776579
608 10.654341997280989
609 12.255454550795545
610 5.0
611 5.0
612 29.963146941807903
613 8.768381209259719
614 6.407935591429192
615 6.194662158903667
616 5.0
617 5.0
618 6.166563227577845
619 8.653318903933213
620 10.209787205252248
621 5.0
622 12.34742067778648
623 9.010027444720153
624 15.720009256781156
625 5.0
626 5.0
627 6.189831342033053
628 5.0
629 5.0
630 5.0
631 8.697308504479233
632 5.0
633 10.68150478912564
634 11.434255343956359
635 9.317750402730852
636 5.0
637 6.505261314776579
638 8.043322342464434
639 6.407828459432291
640 5.0
641 5.0
642 5.0
643 5.0
644 5.0
645 5.0
646 5.0
647 5.0
648 5.0
649 5.0
650 5.0
651 5.0
652 5.0
653 5.0
654 5.0
655 5.0
656 5.0
657 5.0
658 5.0
659 5.0
660 5.0
661 9.550266388151954
662 10.693823638245954
663 24.100510208683612
664 133.4337894826302
665 7.999556103336406
666 6.32458643753969
667 70.10461593249943
668 152.74958186768848
669 8.775858205495265
670 5.0
671 60.56792057028241
672 5.0
673 8.575005251780889
674 195.38000674064247
675 5.0
676 5.0
677 8.87819002403745
678 170.0325269856663
679 5.0
680 8.971705942737668
681 5.0
682 8.725017096981118
683 5.0
684 9.66097870438929
685 5.0
686 8.49224518807288
687 5.0
688 21.507539186363623
689 5.0
690 274.80382347725276
691 6.13714408235874
692 15.95923759816103
693 35.31982820800715
694 12.64374545080777
695 5.0
696 6.372115061581939
697 5.0
698 5.0
699 5.0
700 6.630858032059789
701 12.692062099691071
702 5.0
703 5.0
704 5.0
705 8.65610567138313
706 11.787517881279491
707 5.0
708 5.0
709 5.0
710 13.168261324263248
711 5.0
712 10.592302441714775
713 5.0
714 8.69541637340281
715 5.0
716 5.0
717 7.584155174997258
718 10.70162217283701
719 10.260139795957265
720 5.0
721 6.13714408235874
722 10.68150478912564
723 9.317750402730852
724 8.697308504479233
725 5.0
726 6.32458643753969
727 5.0
728 5.0
729 5.0
730 5.0
731 5.0
732 5.0
733 5.0
734 5.0
735 5.0
736 5.0
737 5.0
738 5.0
739 5.0
740 5.0
741 5.0
742 5.0
743 5.0
744 5.0
745 5.0
746 5.0
747 5.0
748 5.0
749 5.0
750 5.0
751 6.373763580074548
752 9.317750402730852
753 6.227539446921682
754 17.59921469055801
755 6.1576611544282995
756 5.0
757 5.0
758 5.0
759 7.499919152934328
760 5.0
761 5.0
762 5.0
763 25.923543867980104
764 5.0
765 7.059300828053836
766 6.373243319592719
767 5.0
768 13.317695008617994
769 5.0
770 25.260565167621127
771 5.0
772 5.0
773 703.4137136857762
774 12.89708486362077
775 7.876905039046287
776 6.1274761926638615
777 138.3847790740556
778 6.94278643135449
779 5.0
780 7.7893228532480165
781 9.431382452998363
782 18.35240010403228
783 5.0
784 19.93505611386684
785 5.0
786 5.0
787 7.341390469714008
788 10.321648723005737
789 5.0
790 5.0
791 11.04809385359323
792 9.168196913625975
793 8.648737763664206
794 10.006165684743953
795 7.501763628538969
796 7.083336261827457
797 7.894176380651111
798 6.199710593086533
799 9.892070193094101
800 6.2303968840207835
801 5.0
802 5.0
803 6.3671200368829055
804 6.254402217957221
805 5.0
806 5.0
807 8.830594952921379
808 5.0
809 5.0
810 5.0
811 6.373763580074548
812 9.317750402730852
813 5.0
814 6.32458643753969
815 5.0
816 5.0
817 5.0
818 5.0
819 5.0
820 5.0
821 5.0
822 5.0
823 5.0
824 5.0
825 5.0
826 5.0
827 5.0
828 5.0
829 5.0
830 5.0
831 5.0
832 5.0
833 5.0
834 5.0
835 5.0
836 5.0
837 5.0
838 5.0
839 5.0
840 5.0
841 6.7720380149817725
842 6.526819615225851
843 18.642852370726214
844 5.0
845 5.0
846 5.0
847 6.954712089820127
848 8.538496269554685
849 6.758839245998246
850 5.0
851 11.028056138466045
852 8.771117733384852
853 9.834112047368334
854 9.907635198688629
855 5.0
856 7.84112871876666
857 5.0
858 1000.425880618152
859 22.33306916879456
860 5.0
861 10.754704104583478
862 6.0514116509505635
863 58.70654557970926
864 8.312575479789242
865 6.176456179642823
866 5.0
867 5.0
868 5.0
869 6.194340193371094
870 180.45831789905895
871 5.0
872 8.647348064446376
873 8.999430900472788
874 5.0
875 5.0
876 11.685263243624181
877 8.773389997978386
878 6.240492383949057
879 5.0
880 5.0
881 8.803298039892946
882 5.0
883 5.0
884 6.190961217472127
885 5.0
886 7.554212890916792
887 9.80837145931994
888 8.664914282663183
889 9.96894865412678
890 5.0
891 5.0
892 7.668857653536728
893 8.618472276061755
894 8.773786508054481
895 5.0
896 5.0
897 5.0
898 5.0
899 5.0
900 5.0
901 5.0
902 6.373763580074548
903 6.32458643753969
904 5.0
905 5.0
906 5.0
907 5.0
908 5.0
909 5.0
910 5.0
911 5.0
912 5.0
913 5.0
914 5.0
915 5.0
916 5.0
917 5.0
918 5.0
919 5.0
920 5.0
921 5.0
922 5.0
923 5.0
924 5.0
925 5.0
926 5.0
927 5.0
928 5.0
929 5.0
930 5.0
931 12.136038873724733
932 6.206530242546311
933 5.0
934 5.0
935 5.0
936 5.0
937 5.0
938 8.094415962372404
939 6.137808546530085
940 10.676610268097155
941 5.0
942 5.0
943 23.31218025685097
944 5.0
945 5.0
946 7.432469819427238
947 5.0
948 5.0
949 12.354770437750588
950 5.0
951 5.0
952 5.0
953 7.057885481746288
954 130.72317593231773
955 5.0
956 5.0
957 5.0
958 5.0
959 5.0
960 6.092516244345681
961 11.864882959904593
962 5.0
963 6.49110450635453
964 8.657530077979908
965 7.500101529693004
966 5.0
967 19.712767193176308
968 8.706516788228313
969 5.0
970 6.229256212592929
971 5.0
972 21.354322450234385
973 7.8284871328593075
974 7.499500771274204
975 8.668640214993797
976 10.382174090766757
977 5.0
978 78.95644127067095
979 6.1539377447562025
980 5.0
981 5.0
982 6.1061085449387615
983 5.0
984 7.580144250446523
985 5.0
986 5.0
987 5.0
988 7.369717937444617
989 7.595307315553944
990 6.1819886641399115
991 6.373763580074548
992 5.0
993 5.0
994 5.0
995 5.0
996 5.0
997 5.0
998 5.0
999 5.0
1000 5.0
1001 5.0
1002 5.0
1003 5.0
1004 5.0
1005 5.0
1006 5.0
1007 5.0
1008 5.0
1009 5.0
1010 5.0
1011 5.0
1012 5.0
1013 5.0
1014 5.0
1015 5.0
1016 5.0
1017 5.0
1018 5.0
1019 5.0
1020 5.0
1021 5.0
1022 6.218370035468041
1023 6.395097927630758
1024 5.0
1025 5.0
1026 5.0
1027 7.083468211002254
1028 5.0
1029 5.0
1030 5.0
1031 5.0
1032 7.62059874255085
1033 6.313299939459953
1034 5.0
1035 6.263495012858184
1036 6.2241188857869965
1037 5.0
1038 9.570679537903187
1039 5.0
1040 8.93074520726172
1041 6.392958315399554
1042 6.080812377665884
1043 715.6859137482494
1044 7.226622982398183
1045 5.0
1046 5.0
1047 6.0972509449764285
1048 578.7598242081436
1049 5.0
1050 5.0
1051 5.0
1052 8.44385703843956
1053 5.0
1054 10.007154672662553
1055 69.65409427216053
1056 8.810793047948831
1057 6.097894119369086
1058 16.165777829842277
1059 7.538834043050967
1060 5.0
1061 6.118174157821212
1062 8.74520478058909
1063 6.254768338085178
1064 6.2749200326046015
1065 5.0
1066 12.153959097236834
1067 11.031356341901155
1068 5.0
1069 6.268403217752439
1070 13.141206727831667
1071 5.0
1072 59.54875061048662
1073 8.88006576552625
1074 10.268124547162833
1075 5.0
1076 5.0
1077 9.122820118118916
1078 18.196559965050792
1079 117.94534603897753
1080 8.679540055571575
1081 5.0
1082 5.0
1083 5.0
1084 5.0
1085 5.0
1086 5.0
1087 5.0
1088 5.0
1089 5.0
1090 5.0
1091 5.0
1092 5.0
1093 5.0
1094 5.0
1095 5.0
1096 5.0
1097 5.0
1098 5.0
1099 5.0
1100 5.0
1101 5.0
1102 5.0
1103 5.0
1104 5.0
1105 5.0
1106 5.0
1107 5.0
1108 5.0
1109 5.0
1110 5.0
1111 5.0
1112 5.0
1113 7.659246384673889
1114 5.0
1115 5.0
1116 5.0
1117 691.6433351844952
1118 5.0
1119 6.190789734565537
1120 5.0
1121 5.0
1122 8.759501582099634
1123 10.71423480660982
1124 715.6859137482494
1125 5.0
1126 5.0
1127 601.9562468517141
1128 5.0
1129 5.0
1130 10.898584208048193
1131 7.605771725136
1132 8.788476426615086
1133 8.174258010966408
1134 8.741877575688225
1135 5.0
1136 8.801178174916203
1137 9.141582893250817
1138 5.0
1139 5.0
1140 5.0
1141 12.304928612678268
1142 13.100715434139925
1143 10.321857342986466
1144 5.0
1145 13.741497287906208
1146 5.0
1147 24.277188822619465
1148 5.0
1149 5.0
1150 5.0
1151 8.667510182591208
1152 7.526099003740416
1153 5.0
1154 7.459153067653084
1155 5.0
1156 9.075948241137137
1157 7.219187025825089
1158 6.2439934568823645
1159 6.180523389260349
1160 8.705308638693364
1161 7.519308442414475
1162 11.259279255503355
1163 32.196775660365155
1164 5.0
1165 5.0
1166 10.24690347162776
1167 5.0
1168 5.0
1169 5.0
1170 8.657868506227137
1171 5.0
1172 5.0
1173 5.0
1174 5.0
1175 5.0
1176 5.0
1177 5.0
1178 5.0
1179 5.0
1180 5.0
1181 5.0
1182 5.0
1183 5.0
1184 5.0
1185 5.0
1186 5.0
1187 5.0
1188 5.0
1189 5.0
1190 5.0
1191 5.0
1192 5.0
1193 5.0
1194 5.0
1195 5.0
1196 5.0
1197 5.0
1198 5.0
1199 5.0
1200 5.0
1201 5.0
1202 5.0
1203 5.0
1204 7.581234774454416
1205 5.0
1206 5.0
1207 8.365036010265815
1208 7.843757158212414
1209 8.62693548574074
1210 5.0
1211 6.093910337381091
1212 8.816308647822911
1213 5.0
1214 6.4886539656981395
1215 5.0
1216 5.0
1217 5.0
1218 13.38833778379643
1219 884.1783423257234
1220 10.677724561420607
1221 11.183407847091354
1222 8.276122180451278
1223 11.057583944971704
1224 6.234106958791498
1225 6.200700134718108
1226 8.704959393570427
1227 5.0
1228 5.0
1229 5.0
1230 6.260705605873433
1231 5.0
1232 20.812071633024264
1233 8.85463389658555
1234 5.0
1235 7.622758175455092
1236 5.0
1237 10.566942484007004
1238 5.0
1239 7.572643031892747
1240 5.0
1241 7.5302038590017535
1242 8.663472813818544
1243 8.427325300771368
1244 9.871394596581714
1245 6.244460919752984
1246 8.49266539256701
1247 9.929661462571907
1248 17.920378002777586
1249 5.0
1250 27.382276237422854
1251 5.0
1252 14.742597222433382
1253 11.330943192709665
1254 5.0
1255 5.0
1256 5.0
1257 5.0
1258 12.943347546773287
1259 5.0
1260 6.212156673879827
1261 5.0
1262 5.0
1263 5.0
1264 5.0
1265 5.0
1266 5.0
1267 5.0
1268 5.0
1269 5.0
1270 5.0
1271 5.0
1272 5.0
1273 5.0
1274 5.0
1275 5.0
1276 5.0
1277 5.0
1278 5.0
1279 5.0
1280 5.0
1281 5.0
1282 5.0
1283 5.0
1284 5.0
1285 5.0
1286 5.0
1287 5.0
1288 5.0
1289 5.0
1290 5.0
1291 5.0
1292 5.0
1293 106.8047304062776
1294 5.0
1295 5.0
1296 6.431740876377904
1297 5.0
1298 9.503249793185777
1299 5.0
1300 9.209647294490875
1301 11.024750763523762
1302 8.716779692255933
1303 5.0
1304 5.0
1305 7.343142729888417
1306 5.0
1307 10.075883906650859
1308 5.0
1309 25.367627728457833
1310 9.000613183237274
1311 5.0
1312 731.5648116099792
1313 10.969143927704266
1314 6.268171357907008
1315 5.0
1316 6.190584485419635
1317 6.248085495320586
1318 33.06019809100884
1319 5.0
1320 5.0
1321 5.0
1322 6.086815637826252
1323 7.225814700186978
1324 5.0
1325 5.0
1326 8.75774290406952
1327 5.0
1328 5.0
1329 5.0
1330 5.0
1331 5.0
1332 5.0
1333 6.231692112403961
1334 6.152508257404228
1335 5.0
1336 12.174508092877309
1337 7.500688558011197
1338 10.664706208167136
1339 6.264099916840121
1340 65.049844109971
1341 5.0
1342 11.676510829617653
1343 8.69483618080567
1344 5.0
1345 5.0
1346 5.0
1347 12.623454436989173
1348 5.0
1349 5.0
1350 5.0
1351 5.0
1352 5.0
1353 5.0
1354 5.0
1355 5.0
1356 5.0
1357 5.0
1358 5.0
1359 5.0
1360 5.0
1361 5.0
1362 5.0
1363 5.0
1364 5.0
1365 5.0
1366 5.0
1367 5.0
1368 5.0
1369 5.0
1370 5.0
1371 5.0
1372 5.0
1373 5.0
1374 5.0
1375 5.0
1376 5.0
1377 5.0
1378 5.0
1379 5.0
1380 5.0
1381 5.0
1382 5.0
1383 19.488472648853413
1384 5.0
1385 5.0
1386 6.274279899323545
1387 8.29562914942831
1388 7.704250084827662
1389 10.097214092505517
1390 6.085470165064319
1391 10.81646936724428
1392 7.632921574574677
1393 5.0
1394 8.405270018617934
1395 5.0
1396 8.413287260146006
1397 5.0
1398 7.635909120574736
1399 5.0
1400 5.0
1401 5.0
1402 8.738758523830022
1403 8.02465377260889
1404 5.0
1405 8.817665836994
1406 5.0
1407 6.120405424629583
1408 5.0
1409 6.144313966250134
1410 5.0
1411 5.0
1412 6.902747480836464
1413 6.124424584559627
1414 6.152214980101771
1415 433.28579683669483
1416 10.231992240899935
1417 5.0
1418 5.0
1419 17.671783085466945
1420 10.706941190174701
1421 7.674826469928025
1422 5.0
1423 5.0
1424 5.0
1425 5.0
1426 25.909183198989908
1427 25.528917658771537
1428 8.65225296903737
1429 5.0
1430 7.615385814829343
1431 5.0
1432 9.052607927958658
1433 6.647886599175397
1434 5.0
1435 8.659264563425761
1436 5.0
1437 5.0
1438 5.0
1439 5.0
1440 5.0
1441 5.0
1442 5.0
1443 5.0
1444 5.0
1445 5.0
1446 5.0
1447 5.0
1448 5.0
1449 5.0
1450 5.0
1451 5.0
1452 5.0
1453 5.0
1454 5.0
1455 5.0
1456 5.0
1457 5.0
1458 5.0
1459 5.0
1460 5.0
1461 5.0
1462 5.0
1463 5.0
1464 5.0
1465 5.0
1466 5.0
1467 5.0
1468 5.0
1469 5.0
1470 5.0
evaluations raw_y
1 575.472192904861
2 49.11830063660333
3 117.30048959206485
4 169.48900276077268
5 220.78600365712092
6 107.83983286821255
7 14.97845818629831
8 86.93498131409225
9 306.973407752372
10 79.03708320749558
11 307.0366314311989
12 553.3001324411281
13 63.215724601137595
14 474.4570419641024
15 33.41415271852952
16 88.17684606860037
17 576.2524133387027
18 505.14949364782615
19 691.3223679636201
20 46.29912216527235
21 296.25781074534666
22 145.80598574723072
23 47.54295415261375
24 63.24892876905525
25 81.33827306309071
26 496.8435467510042
27 81.20942891808612
28 165.97579758133043
29 242.44950541427175
30 142.36826153621743
31 17.283157802883533
32 404.181726485982
33 661.2400476209145
34 661.3684470190852
35 68.38778194966133
36 369.10192468488026
37 529.520362290795
38 236.0498292837289
39 544.0576466090754
40 187.05703732712945
41 135.4437141670227
42 711.9908176997983
43 632.2292577309931
44 69.34221731533873
45 81.31011834252381
46 267.7728962620661
47 67.4582851944213
48 448.69280300791706
49 250.94375638244594
50 102.20010668790356
51 284.7782212887182
52 102.48676864328607
53 869.3605175350981
54 64.56476574706241
55 559.1405053583733
56 42.24284522786243
57 77.44382063413173
58 228.59574182695508
59 73.70925013540017
60 153.6955350077665
61 432.5694941559448
62 24.84855904413808
63 16.013713633539915
64 584.1456112205866
65 425.15135410459163
66 485.16519817618257
67 13.82805301379392
68 14.502032327064015
69 208.37179248012467
70 137.65098187671234
71 721.6043212068892
72 561.9399843005867
73 16.310256046218164
74 430.0170447767351
75 472.46246039615494
76 456.71018143060866
77 155.83052410872634
78 64.13009826902385
79 1203.16546564562
80 173.54641321591902
81 14.911205903654245
82 25.415750635429355
83 550.86906029877
84 503.9093569441835
85 625.8801088850075
86 761.3283920367608
87 725.3049516827832
88 65.57194934319331
89 449.4956670090151
90 64.39725481327211
91 17.283157802883533
92 24.84855904413808
93 16.013713633539915
94 553.3001324411281
95 68.38778194966133
96 369.10192468488026
97 13.82805301379392
98 14.502032327064015
99 208.37179248012467
100 137.65098187671234
101 135.4437141670227
102 220.78600365712092
103 16.310256046218164
104 69.34221731533873
105 81.31011834252381
106 142.36826153621743
107 67.4582851944213
108 64.13009826902385
109 88.17684606860037
110 86.93498131409225
111 14.911205903654245
112 25.415750635429355
113 79.03708320749558
114 63.24892876905525
115 63.215724601137595
116 42.24284522786243
117 47.54295415261375
118 46.29912216527235
119 33.41415271852952
120 14.97845818629831
121 27.284778016783477
122 30.84596006110091
123 187.66078124963383
124 434.63718976131037
125 147.70560475809688
126 110.41465767018713
127 609.9370838312934
128 483.6380553092108
129 94.09618804969634
130 81.41825547729346
131 161.793645409055
132 612.7585411046512
133 407.8880712350747
134 237.9671273099297
135 104.76609681299341
136 547.9509647085956
137 84.4677634490181
138 453.59836150598517
139 323.73273538832575
140 562.6491079851353
141 609.250098605375
142 19.28771440834432
143 20.25956957530959
144 12.961596534836398
145 18.98675007347363
146 35.76476079448602
147 157.78461318317858
148 832.3444536930483
149 33.30524755928165
150 1203.16546564562
151 14.348270956537656
152 42.59399033980769
153 555.9423783564446
154 16.766614899081013
155 503.14544029880153
156 1217.7402894163317
157 136.75674089456564
158 111.73320303929958
159 11.823087564843743
160 17.70754448888286
161 402.4263437104843
162 399.9366766843477
163 1096.509422654005
164 758.602499769499
165 839.020753964708
166 62.41288309764466
167 11.373784356026379
168 34.86866028632969
169 40.39144601434246
170 533.4683467901441
171 394.1445716755414
172 147.0049501136642
173 240.97751662220276
174 189.41030412489954
175 10.817352760229728
176 47.697607524794435
177 432.4295454197968
178 74.67841573963464
179 20.31001273600647
180 432.2406125769315
181 14.348270956537656
182 30.84596006110091
183 187.66078124963383
184 16.766614899081013
185 142.36826153621743
186 110.41465767018713
187 135.4437141670227
188 88.17684606860037
189 11.823087564843743
190 17.70754448888286
191 79.03708320749558
192 69.34221731533873
193 68.38778194966133
194 67.4582851944213
195 64.13009826902385
196 62.41288309764466
197 11.373784356026379
198 34.86866028632969
199 40.39144601434246
200 42.24284522786243
201 33.41415271852952
202 19.28771440834432
203 20.25956957530959
204 12.961596534836398
205 10.817352760229728
206 16.013713633539915
207 14.97845818629831
208 14.911205903654245
209 14.502032327064015
210 13.82805301379392
211 16.10228994065039
212 894.2086334648845
213 1081.1523820652783
214 370.5547615011394
215 1062.5868248514714
216 56.43376213113307
217 76.62199699768689
218 232.57219595827578
219 113.64495633939215
220 95.9267520191827
221 18.35225181119617
222 452.8339442229619
223 66.82537883276723
224 41.028472972683396
225 33.519432775060224
226 25.815387496559133
227 207.18557558090282
228 17.685229232803078
229 17.68867074080542
230 12.914127316218911
231 15.553825724960278
232 581.5813118209585
233 14.6294828614575
234 14.332527861359168
235 11.986553818943719
236 13.77742147338882
237 183.63639953168482
238 206.0864106384133
239 197.31676623355304
240 49.74601000306471
241 19.46998070546532
242 473.85436773677975
243 503.9277103969461
244 22.357906781724576
245 604.7198337504801
246 209.86950795645117
247 9.724781624951234
248 527.0144470235757
249 19.42583026549709
250 165.7163125037129
251 17.7597874162526
252 7.514336507201631
253 10.604562689404482
254 447.7845969232353
255 27.402254662931835
256 390.42616011266574
257 473.4168310442555
258 9.055421939358705
259 434.3110000928163
260 43.945849768803576
261 160.58523218853207
262 139.17405069182058
263 383.4899126897646
264 10.162597975282013
265 753.5165433994686
266 10.819328214780615
267 10.634535810498289
268 380.01362294197196
269 15.848030434183556
270 13.952240802450433
271 16.10228994065039
272 142.36826153621743
273 135.4437141670227
274 22.357906781724576
275 88.17684606860037
276 56.43376213113307
277 9.724781624951234
278 68.38778194966133
279 19.42583026549709
280 64.13009826902385
281 17.7597874162526
282 7.514336507201631
283 10.604562689404482
284 34.86866028632969
285 27.402254662931835
286 25.815387496559133
287 20.25956957530959
288 9.055421939358705
289 17.68867074080542
290 12.914127316218911
291 15.553825724960278
292 14.97845818629831
293 14.6294828614575
294 10.162597975282013
295 11.986553818943719
296 10.819328214780615
297 10.634535810498289
298 11.823087564843743
299 11.373784356026379
300 10.817352760229728
301 8.08800642334716
302 135.4437141670227
303 569.1655698874079
304 68.1305594289443
305 163.6522594560823
306 115.21621751106818
307 7.962863765179133
308 730.0749261894055
309 390.4801072559013
310 832.2294701715111
311 516.8883717372947
312 12.093944293593584
313 19.636238729296895
314 18.88153985812843
315 45.776891801536344
316 118.03248213378671
317 174.37026182346798
318 24.610636521093333
319 191.2289329850866
320 283.62916034191403
321 12.09741381563618
322 25.842407550023555
323 22.33475530864938
324 14.79952713823295
325 16.088179378764366
326 65.37222023908188
327 7.034356152032916
328 78.45911031368618
329 16.77538218939919
330 7.512816472468475
331 10.038508707728692
332 223.89803996145974
333 481.6246982812042
334 86.51129122877181
335 535.2175657919864
336 9.795034844399828
337 5.0
338 22.436013324692375
339 293.4028219531601
340 36.716087861429926
341 43.1524614695488
342 7.701094780011138
343 7.273436721660193
344 7.493675114608822
345 7.810579641794098
346 594.143745100286
347 15.399665345271247
348 12.312084467579751
349 42.80998167441619
350 34.04505969605238
351 20.99082452021551
352 86.66498879813507
353 18.422211681222453
354 608.4900667478366
355 21.242280980817576
356 7.541491909127473
357 5.0
358 9.651839947795448
359 19.73879378221454
360 9.142413510468272
361 8.08800642334716
362 135.4437141670227
363 88.17684606860037
364 68.1305594289443
365 64.13009826902385
366 9.795034844399828
367 5.0
368 22.436013324692375
369 25.815387496559133
370 22.357906781724576
371 20.25956957530959
372 7.701094780011138
373 7.273436721660193
374 7.493675114608822
375 7.810579641794098
376 15.553825724960278
377 14.97845818629831
378 12.312084467579751
379 12.914127316218911
380 11.986553818943719
381 11.823087564843743
382 11.373784356026379
383 10.819328214780615
384 10.817352760229728
385 10.634535810498289
386 7.541491909127473
387 5.0
388 9.651839947795448
389 9.055421939358705
390 7.512816472468475
391 5.0
392 1203.16546564562
393 66.65619467062567
394 390.0197321648137
395 343.0643846174981
396 8.117244845116048
397 13.870255079389441
398 34.42648626101564
399 365.1075498181286
400 695.3972116036833
401 73.22691139163786
402 24.09630904538178
403 12.568843967818854
404 100.53358651743912
405 469.1328786590762
406 5.0
407 11.397255760160892
408 113.55524032943404
409 18.385210509397677
410 32.64411400183005
411 13.907757764565057
412 72.53922797021733
413 5.0
414 10.781083526639804
415 70.13835899673924
416 222.20439072256787
417 9.383946268787174
418 10.383421969026505
419 5.0
420 5.0
421 5.0
422 688.0968419587575
423 10.206465947121158
424 68.2386829260528
425 214.00076304248435
426 27.952361853264204
427 58.75042512011032
428 8.736817036226356
429 393.23330307148836
430 5.0
431 6.237333949909264
432 5.0
433 68.64509022936343
434 17.751651607134473
435 9.809390647895023
436 8.862814691414876
437 105.11088415422381
438 62.22352764074899
439 20.579092762580057
440 9.157979094496762
441 10.133742528978004
442 5.0
443 30.866079756513603
444 22.975879694055365
445 5.0
446 32.607049506492096
447 5.0
448 76.89998754646605
449 5.0
450 38.3572964500341
451 5.0
452 88.17684606860037
453 10.206465947121158
454 64.13009826902385
455 25.815387496559133
456 8.117244845116048
457 13.870255079389441
458 8.736817036226356
459 15.553825724960278
460 5.0
461 6.237333949909264
462 5.0
463 11.986553818943719
464 11.823087564843743
465 9.809390647895023
466 5.0
467 10.817352760229728
468 10.634535810498289
469 9.795034844399828
470 9.157979094496762
471 9.055421939358705
472 5.0
473 5.0
474 7.701094780011138
475 5.0
476 7.512816472468475
477 5.0
478 7.273436721660193
479 5.0
480 5.0
481 24.86979643961542
482 59.949044172517645
483 48.093748551957766
484 866.9245872285072
485 446.45187404604735
486 16.968622347827925
487 17.06398297406406
488 14.562776853269547
489 388.9434445850635
490 10.187371737405567
491 7.084622229840967
492 36.103938728075676
493 66.80433994672414
494 15.35226358303244
495 9.59080297799966
496 22.802423199022254
497 80.74518073040068
498 72.02788404489367
499 62.64440825578131
500 5.0
501 356.28518847100077
502 9.095463981608633
503 11.331828154869745
504 5.0
505 10.298840453554867
506 11.620766199419814
507 10.403870514999086
508 5.0
509 8.139387839755752
510 12.009469806426813
511 19.487413229759994
512 63.511371717136626
513 27.743394281350827
514 13.310774746519096
515 7.599665903110596
516 74.57189787151225
517 7.564907394370133
518 7.667755820610584
519 73.50597378056376
520 6.088719760070157
521 6.370066186955887
522 24.203335762659705
523 10.390789949403644
524 5.0
525 548.5503764205605
526 7.353540872940819
527 64.34852737393575
528 9.531411731549163
529 10.14576194063969
530 9.950974343671085
531 9.672293601567834
532 7.6209091635795065
533 5.0
534 8.868949988233801
535 5.0
536 10.15567968604531
537 12.0350996272361
538 5.0
539 5.0
540 5.0
541 19.487413229759994
542 59.949044172517645
543 25.815387496559133
544 13.310774746519096
545 7.599665903110596
546 11.986553818943719
547 7.564907394370133
548 7.667755820610584
549 10.634535810498289
550 6.088719760070157
551 6.370066186955887
552 9.795034844399828
553 9.157979094496762
554 5.0
555 8.736817036226356
556 7.353540872940819
557 7.701094780011138
558 7.512816472468475
559 7.273436721660193
560 5.0
561 5.0
562 5.0
563 5.0
564 5.0
565 5.0
566 5.0
567 5.0
568 5.0
569 5.0
570 5.0
571 5.0
572 193.36720897699075
573 67.50704729824554
574 461.9334201095846
575 14.288543656001217
576 12.31347146486154
577 22.995961961569996
578 206.37466109883417
579 8.971166864802472
580 5.0
581 93.18545049257771
582 7.500172456264332
583 6.140526770051494
584 22.407650686947974
585 10.67403999627085
586 60.76570120415728
587 5.0
588 6.118939165883818
589 7.407442190791048
590 5.0
591 6.395586674108843
592 5.0
593 7.648582895430945
594 9.643479897124866
595 5.0
596 7.703908510090221
597 9.464792653367951
598 5.0
599 6.190878042573246
600 385.7852962671261
601 7.7099188797457145
602 5.0
603 5.0
604 5.0
605 876.7899375255038
606 12.855415570162702
607 10.196718521576635
608 9.581630074795989
609 7.851630677009383
610 5.0
611 5.0
612 10.396057680197424
613 13.497111252707354
614 7.8978852883928425
615 8.963858383899547
616 5.0
617 5.0
618 7.960945901548694
619 5.0
620 7.859128720156077
621 5.0
622 5.0
623 7.813117182188858
624 5.0
625 5.0
626 9.260783440091723
627 7.714067373504209
628 9.216741188869479
629 5.0
630 58.653870584598764
631 5.0
632 5.0
633 5.0
634 5.0
635 11.986553818943719
636 10.634535810498289
637 9.795034844399828
638 9.157979094496762
639 7.851630677009383
640 5.0
641 5.0
642 7.500172456264332
643 6.140526770051494
644 7.512816472468475
645 7.353540872940819
646 5.0
647 5.0
648 6.088719760070157
649 5.0
650 5.0
651 5.0
652 5.0
653 5.0
654 5.0
655 5.0
656 5.0
657 5.0
658 5.0
659 5.0
660 5.0
661 26.74244588338831
662 64.80033936136451
663 21.564484568995244
664 9.336366979720538
665 9.499890326299834
666 38.72742046307749
667 11.926147929694466
668 891.4176222445228
669 13.214277446962422
670 9.776389044677888
671 19.31271834982586
672 14.657964105205833
673 13.503799294587674
674 568.8863150542775
675 9.263613338992268
676 7.6061733932764355
677 9.846560933853747
678 5.0
679 5.0
680 5.0
681 5.0
682 12.415562799551596
683 12.34204191028589
684 7.588697331904964
685 141.10045377307117
686 6.260492112229089
687 8.78702150468529
688 5.0
689 18.88481321814963
690 9.124363398697618
691 25.49221771287563
692 382.02021294925595
693 6.548958800951381
694 9.246156290494866
695 6.093890731575451
696 18.89344805851419
697 10.393316025474215
698 7.6111065298313685
699 5.0
700 8.953869817995784
701 5.0
702 5.0
703 6.2749957388554325
704 6.20046416884891
705 6.324979625572977
706 5.0
707 6.236017897419077
708 5.0
709 9.351290522173242
710 5.0
711 5.0
712 5.0
713 5.0
714 9.654613601854503
715 5.0
716 31.364956915014268
717 10.40040641437674
718 18.792435977904397
719 9.22293183873602
720 10.179217102828305
721 11.986553818943719
722 10.634535810498289
723 6.548958800951381
724 9.157979094496762
725 6.093890731575451
726 7.512816472468475
727 7.500172456264332
728 7.353540872940819
729 5.0
730 6.088719760070157
731 5.0
732 5.0
733 5.0
734 5.0
735 5.0
736 5.0
737 5.0
738 5.0
739 5.0
740 5.0
741 5.0
742 5.0
743 5.0
744 5.0
745 5.0
746 5.0
747 5.0
748 5.0
749 5.0
750 5.0
751 6.3733883780985785
752 10.634535810498289
753 7.833234757975745
754 6.37591571829685
755 7.394233644013144
756 66.95144816123496
757 9.347902231195135
758 5.0
759 6.046606322269369
760 586.6353012001061
761 6.364360611295835
762 6.679364690855463
763 5.0
764 5.0
765 678.708943044878
766 7.40808727724596
767 5.0
768 7.982463237139586
769 5.0
770 60.774108558771246
771 5.0
772 5.0
773 5.0
774 7.554988439415261
775 5.0
776 15.16832893752738
777 8.935206310914323
778 5.0
779 6.245057615568639
780 370.92566629734154
781 8.43766177962501
782 97.25856386666572
783 15.057378649579295
784 5.0
785 6.198547026543684
786 8.91371490876145
787 5.0
788 5.0
789 7.670209444324577
790 6.225611183908011
791 9.903060359418607
792 6.7154121626867775
793 5.0
794 5.0
795 5.0
796 5.0
797 5.0
798 5.0
799 8.915638145394645
800 5.0
801 22.38393260991456
802 29.826274655209907
803 5.0
804 13.390558562769925
805 5.0
806 5.0
807 5.0
808 9.599596260046717
809 9.908641497147531
810 5.0
811 6.3733883780985785
812 10.634535810498289
813 7.833234757975745
814 5.0
815 6.198547026543684
816 7.353540872940819
817 5.0
818 5.0
819 6.046606322269369
820 5.0
821 5.0
822 5.0
823 5.0
824 5.0
825 5.0
826 5.0
827 5.0
828 5.0
829 5.0
830 5.0
831 5.0
832 5.0
833 5.0
834 5.0
835 5.0
836 5.0
837 5.0
838 5.0
839 5.0
840 5.0
841 10.367830229052363
842 10.63739541988957
843 6.044816253043799
844 6.123693593204738
845 6.193249963633855
846 6.021107169624335
847 5.0
848 7.463363017918557
849 10.457121441744775
850 27.172182010027115
851 5.0
852 5.0
853 600.399308505356
854 7.593078494957204
855 8.155064302779595
856 5.0
857 5.0
858 5.0
859 5.0
860 10.373603636964052
861 6.3766206324210195
862 13.040776663649758
863 5.0
864 5.0
865 7.47765374896266
866 32.92602524960918
867 6.528884897505044
868 9.043782660355758
869 5.0
870 12.51918280138948
871 5.0
872 5.0
873 21.667629241347953
874 9.281506247316429
875 10.637458020777654
876 10.373337660257283
877 5.0
878 5.0
879 5.0
880 9.002799220334285
881 7.738143633230324
882 29.63068048711834
883 5.0
884 5.0
885 6.470273691772941
886 5.0
887 7.6746303161004885
888 22.298578420985706
889 5.0
890 5.0
891 22.949753694735175
892 22.71639311200276
893 5.0
894 5.0
895 20.13653578543261
896 5.0
897 7.73141118118391
898 6.184836150756102
899 7.915373534570675
900 11.604358475415117
901 5.0
902 5.0
903 6.044816253043799
904 6.123693593204738
905 6.193249963633855
906 6.021107169624335
907 5.0
908 5.0
909 5.0
910 5.0
911 5.0
912 5.0
913 5.0
914 5.0
915 5.0
916 5.0
917 5.0
918 5.0
919 5.0
920 5.0
921 5.0
922 5.0
923 5.0
924 5.0
925 5.0
926 5.0
927 5.0
928 5.0
929 5.0
930 5.0
931 8.623102026719007
932 55.53943341011573
933 6.118390085703949
934 392.39217214182526
935 48.7694716533672
936 10.377954733880127
937 5.0
938 10.549554358656069
939 7.563748063936641
940 11.94748720412559
941 8.124702273287397
942 5.0
943 70.69019318878823
944 9.12033241281183
945 5.0
946 8.092456708059892
947 6.185140292406974
948 5.0
949 5.0
950 5.0
951 6.441611372571394
952 5.0
953 13.399725703093843
954 5.0
955 50.92632492429925
956 5.0
957 5.0
958 5.0
959 6.1944239288926175
960 11.580530047087219
961 5.0
962 5.0
963 5.0
964 23.86271116497172
965 5.0
966 9.477027048215882
967 5.0
968 30.186995845142576
969 9.349221347782017
970 30.05494115840304
971 5.0
972 5.0
973 5.0
974 5.0
975 5.0
976 5.0
977 5.0
978 5.0
979 5.0
980 5.0
981 30.938138479690508
982 14.661483820086714
983 5.0
984 8.002150055392848
985 19.20810483329318
986 10.264850061073815
987 5.0
988 9.3246774684785
989 5.0
990 6.2033199041680405
991 5.0
992 5.0
993 5.0
994 6.021107169624335
995 5.0
996 5.0
997 5.0
998 5.0
999 5.0
1000 5.0
1001 5.0
1002 5.0
1003 5.0
1004 5.0
1005 5.0
1006 5.0
1007 5.0
1008 5.0
1009 5.0
1010 5.0
1011 5.0
1012 5.0
1013 5.0
1014 5.0
1015 5.0
1016 5.0
1017 5.0
1018 5.0
1019 5.0
1020 5.0
1021 5.0
1022 5.0
1023 5.0
1024 5.0
1025 68.93366707022372
1026 5.0
1027 5.0
1028 5.0
1029 5.0
1030 5.0
1031 6.411223670069794
1032 6.362399438751499
1033 5.0
1034 8.293614083710299
1035 5.0
1036 5.0
1037 9.01698074604596
1038 6.672105120321889
1039 5.0
1040 5.0
1041 6.419069075611226
1042 7.633997315699327
1043 5.0
1044 9.050971176438559
1045 5.0
1046 6.324009889688709
1047 5.0
1048 5.0
1049 5.0
1050 5.0
1051 5.0
1052 5.0
1053 6.254311704502257
1054 6.202375425836028
1055 5.0
1056 5.0
1057 5.0
1058 30.427693383935456
1059 8.9328234103713
1060 5.0
1061 9.872042197461637
1062 5.0
1063 5.0
1064 6.202111935429207
1065 21.52163266139697
1066 5.0
1067 19.135651169679225
1068 5.0
1069 5.0
1070 32.38778435120459
1071 9.060887142676235
1072 13.021995513155538
1073 5.0
1074 5.0
1075 7.848972512464451
1076 5.0
1077 12.19248177594388
1078 10.371192502098243
1079 5.0
1080 5.0
1081 5.0
1082 5.0
1083 5.0
1084 5.0
1085 5.0
1086 5.0
1087 5.0
1088 5.0
1089 5.0
1090 5.0
1091 5.0
1092 5.0
1093 5.0
1094 5.0
1095 5.0
1096 5.0
1097 5.0
1098 5.0
1099 5.0
1100 5.0
1101 5.0
1102 5.0
1103 5.0
1104 5.0
1105 5.0
1106 5.0
1107 5.0
1108 5.0
1109 5.0
1110 5.0
1111 6.301101196799209
1112 5.0
1113 7.658561194439782
1114 5.0
1115 10.889681702601083
1116 9.506446750488546
1117 9.348896855409002
1118 5.0
1119 5.0
1120 5.0
1121 5.0
1122 5.0
1123 5.0
1124 9.254480846004727
1125 5.0
1126 6.304185394797475
1127 5.0
1128 6.60451091634901
1129 6.681499163550214
1130 5.0
1131 6.196791650925473
1132 7.548585489686419
1133 16.010292592734007
1134 5.0
1135 5.0
1136 5.0
1137 5.0
1138 6.386223628133857
1139 9.096092531510696
1140 5.0
1141 5.0
1142 6.2207654273606385
1143 5.0
1144 5.0
1145 7.7706904673817245
1146 5.0
1147 7.7716465862663044
1148 5.0
1149 6.271926206894911
1150 5.0
1151 10.635599868147608
1152 6.225388109203199
1153 7.825844893686885
1154 5.0
1155 5.0
1156 10.384307276344764
1157 32.57232702738655
1158 9.122337853900914
1159 9.51509288916185
1160 5.0
1161 9.388237771673918
1162 9.649183289112814
1163 5.0
1164 8.970759364349915
1165 5.0
1166 5.0
1167 22.669687063779413
1168 5.0
1169 5.0
1170 9.84944556179255
1171 5.0
1172 5.0
1173 5.0
1174 5.0
1175 5.0
1176 5.0
1177 5.0
1178 5.0
1179 5.0
1180 5.0
1181 5.0
1182 5.0
1183 5.0
1184 5.0
1185 5.0
1186 5.0
1187 5.0
1188 5.0
1189 5.0
1190 5.0
1191 5.0
1192 5.0
1193 5.0
1194 5.0
1195 5.0
1196 5.0
1197 5.0
1198 5.0
1199 5.0
1200 5.0
1201 10.021633748543401
1202 5.0
1203 6.371653843445105
1204 5.0
1205 14.930586578920899
1206 6.228208021392823
1207 5.0
1208 5.0
1209 5.0
1210 5.0
1211 5.0
1212 5.0
1213 6.259436863273461
1214 9.233232372152255
1215 5.0
1216 49.81448208880338
1217 5.0
1218 5.0
1219 9.191469154989186
1220 5.0
1221 9.351812733508506
1222 5.0
1223 10.229347723403038
1224 5.0
1225 5.0
1226 808.5653288080936
1227 5.0
1228 5.0
1229 6.281097311286111
1230 22.044099836999013
1231 5.0
1232 5.0
1233 7.669854215171776
1234 9.440579604107187
1235 5.0
1236 12.156278051527359
1237 9.314947116989979
1238 28.820013353429474
1239 22.726491485891536
1240 5.0
1241 9.207048445625635
1242 5.0
1243 5.0
1244 6.228513109851755
1245 11.63155185584948
1246 5.0
1247 5.0
1248 6.179087210479825
1249 7.623565934816528
1250 5.0
1251 5.0
1252 9.707846312976526
1253 6.220451342442776
1254 9.3956371242006
1255 5.0
1256 5.0
1257 6.28071954690053
1258 10.079882328257572
1259 5.0
1260 5.0
1261 5.0
1262 5.0
1263 5.0
1264 5.0
1265 5.0
1266 5.0
1267 5.0
1268 5.0
1269 5.0
1270 5.0
1271 5.0
1272 5.0
1273 5.0
1274 5.0
1275 5.0
1276 5.0
1277 5.0
1278 5.0
1279 5.0
1280 5.0
1281 5.0
1282 5.0
1283 5.0
1284 5.0
1285 5.0
1286 5.0
1287 5.0
1288 5.0
1289 5.0
1290 5.0
1291 5.0
1292 7.578443987285768
1293 5.0
1294 5.0
1295 12.461382823698017
1296 5.0
1297 5.0
1298 7.634323216838597
1299 5.0
1300 8.093995989844109
1301 6.425423496615949
1302 5.0
1303 9.282610616122973
1304 7.730159773396878
1305 6.498175097434448
1306 7.653089111300591
1307 8.876456849489468
1308 6.1038783443989395
1309 8.970527818524063
1310 10.136155252565837
1311 5.0
1312 5.0
1313 7.627071977895019
1314 5.0
1315 5.0
1316 5.0
1317 5.0
1318 5.0
1319 129.67577180079223
1320 84.18839844661915
1321 9.439238156058913
1322 49.30578101234018
1323 29.362312971399945
1324 7.375575623718248
1325 6.690638109873735
1326 40.19539596389224
1327 6.209357766171157
1328 5.0
1329 7.778809647998868
1330 6.292715984033757
1331 6.262223703728786
1332 9.426032954110998
1333 5.0
1334 5.0
1335 5.0
1336 7.855457808207181
1337 5.0
1338 6.1042913551038165
1339 5.0
1340 7.736394462160653
1341 6.456456108010005
1342 11.207122707576248
1343 9.259341796535061
1344 13.114985924473089
1345 5.0
1346 10.614711107616285
1347 20.491451786902395
1348 5.0
1349 30.533536338178678
1350 6.184336994832991
1351 5.0
1352 5.0
1353 5.0
1354 5.0
1355 5.0
1356 5.0
1357 5.0
1358 5.0
1359 5.0
1360 5.0
1361 5.0
1362 5.0
1363 5.0
1364 5.0
1365 5.0
1366 5.0
1367 5.0
1368 5.0
1369 5.0
1370 5.0
1371 5.0
1372 5.0
1373 5.0
1374 5.0
1375 5.0
1376 5.0
1377 5.0
1378 5.0
1379 5.0
1380 5.0
1381 6.3888439942646595
1382 7.608422352329857
1383 5.0
1384 7.6637419693377655
1385 5.0
1386 5.0
1387 5.0
1388 6.1171468990495494
1389 5.0
1390 12.421371459344071
1391 5.0
1392 5.0
1393 5.0
1394 6.18643765465168
1395 22.07371631310629
1396 5.0
1397 5.0
1398 6.390866112486794
1399 6.374065915241994
1400 7.7349694880183115
1401 5.0
1402 5.0
1403 7.571078525362227
1404 5.0
1405 5.0
1406 5.0
1407 5.0
1408 5.0
1409 6.185575260829168
1410 5.0
1411 18.75172412509884
1412 19.591129649882546
1413 5.0
1414 6.283224142506486
1415 8.571723947918281
1416 9.473103125467908
1417 9.144139838850197
1418 9.618471187193007
1419 9.147114423704085
1420 5.0
1421 5.0
1422 6.369247858065694
1423 19.925139749802113
1424 5.0
1425 7.789547295050367
1426 7.740876505357939
1427 19.462324854095705
1428 12.74440271112318
1429 5.0
1430 10.355148396309314
1431 10.219127329952773
1432 5.0
1433 6.194107900419362
1434 9.03040651249792
1435 9.569909513382791
1436 10.577474174190147
1437 9.66035210643836
1438 20.3968328440942
1439 30.100980118694146
1440 6.234545075268706
1441 5.0
1442 5.0
1443 5.0
1444 5.0
1445 5.0
1446 5.0
1447 5.0
1448 5.0
1449 5.0
1450 5.0
1451 5.0
1452 5.0
1453 5.0
1454 5.0
1455 5.0
1456 5.0
1457 5.0
1458 5.0
1459 5.0
1460 5.0
1461 5.0
1462 5.0
1463 5.0
1464 5.0
1465 5.0
1466 5.0
1467 5.0
1468 5.0
1469 5.0
1470 5.0
evaluations raw_y
1 34.645832109708735
2 165.7874398761594
3 90.04597581856248
4 574.7329619308435
5 41.56642757036643
6 92.0266217614314
7 357.43845249758385
8 55.32028777008544
9 25.676518380086115
10 39.70722517459052
11 58.91638782910692
12 34.38543285284776
13 27.780950688817985
14 730.392077592618
15 26.025406549090654
16 269.66055472101516
17 657.8809987671435
18 207.5323596000199
19 73.67499673641422
20 44.60017651609823
21 556.9135783709851
22 347.66695487053556
23 86.97906677135242
24 193.94837479469095
25 56.70206272222544
26 91.81427266415096
27 102.71276138234892
28 218.19341434780117
29 57.56343607536333
30 46.7604165545456
31 46.66651138376805
32 657.8809987671435
33 697.1729929091732
34 35.91002695948042
35 22.571938582047927
36 1199.8991819466382
37 733.7700222378567
38 55.26558098649125
39 206.89228545543207
40 158.60823518220064
41 747.8127617838579
42 429.46449557407186
43 114.16593153361137
44 79.91499458761481
45 514.1859564254327
46 259.9312611296941
47 89.17342170229806
48 591.0739382566703
49 449.9352047991251
50 416.035240192255
51 54.392103398406455
52 884.1783423257234
53 895.2581475596637
54 43.62885748809197
55 124.66340064690014
56 217.07211261396614
57 26.12593563088999
58 27.532832588514363
59 74.51050766421399
60 9.921084843636647
61 25.097459585095997
62 374.9901774130243
63 210.1205817597196
64 23.337367184532724
65 13.133347385909458
66 72.99284574937319
67 88.53882303651575
68 229.80220426477555
69 23.24788344824904
70 104.60928871357349
71 364.71534533970254
72 680.3943654550613
73 59.389023056552944
74 69.93741367041633
75 24.22709190935239
76 561.4782086000642
77 152.26742719411604
78 15.80751269408414
79 30.996582792711948
80 86.83717598692455
81 143.46390717702704
82 24.420042028916782
83 198.49421127840077
84 170.41259824975248
85 532.0384997779519
86 375.8482605896198
87 89.85046166194408
88 103.28249750595128
89 8.552456524500544
90 48.68195749967663
91 25.097459585095997
92 374.9901774130243
93 210.1205817597196
94 23.337367184532724
95 13.133347385909458
96 72.99284574937319
97 88.53882303651575
98 55.26558098649125
99 23.24788344824904
100 104.60928871357349
101 165.7874398761594
102 102.71276138234892
103 59.389023056552944
104 69.93741367041633
105 24.22709190935239
106 86.97906677135242
107 73.67499673641422
108 15.80751269408414
109 30.996582792711948
110 56.70206272222544
111 54.392103398406455
112 24.420042028916782
113 44.60017651609823
114 41.56642757036643
115 39.70722517459052
116 34.645832109708735
117 26.12593563088999
118 27.532832588514363
119 8.552456524500544
120 9.921084843636647
121 24.22968526900844
122 198.70428429315902
123 84.9985486089903
124 194.31380108748738
125 728.8514564592001
126 720.0081495731328
127 25.984217089855512
128 866.8301499455814
129 225.82371767560346
130 82.07605283771103
131 432.2505057243563
132 58.271874610997855
133 110.43890326308784
134 9.284938152025552
135 40.225733100369375
136 100.3282509085521
137 381.53481839650567
138 272.94417840676107
139 144.3981644448571
140 30.156252745214367
141 352.7988419100084
142 121.527830357418
143 23.05175982172014
144 24.982789699681874
145 58.98437065254316
146 327.20574132414276
147 60.7514273560001
148 104.70575186115266
149 244.31071597203325
150 24.04041197607969
151 66.31933745185249
152 200.98472715258686
153 8.57249784389963
154 8.343562114869279
155 838.0749704904799
156 83.1931362458811
157 75.77921126945239
158 57.787140367773056
159 833.6123908715904
160 15.355234553670897
161 56.399136329383964
162 839.5412071697142
163 79.84314280894253
164 359.0590684451552
165 482.7656546608629
166 19.694051946301784
167 8.509401588656239
168 17.341813176310758
169 10.119721878516756
170 8.228125622972222
171 8.732079756302804
172 22.390424945456655
173 8.51374085458945
174 29.577542348191614
175 18.244161484374715
176 89.58799813350048
177 78.83616566751363
178 13.852259215718743
179 9.344778728160135
180 23.316597038495686
181 24.22968526900844
182 198.70428429315902
183 8.57249784389963
184 8.343562114869279
185 102.71276138234892
186 83.1931362458811
187 25.984217089855512
188 57.787140367773056
189 72.99284574937319
190 15.355234553670897
191 56.399136329383964
192 56.70206272222544
193 55.26558098649125
194 9.284938152025552
195 40.225733100369375
196 19.694051946301784
197 8.509401588656239
198 17.341813176310758
199 10.119721878516756
200 8.228125622972222
201 8.732079756302804
202 22.390424945456655
203 8.51374085458945
204 24.22709190935239
205 18.244161484374715
206 23.24788344824904
207 15.80751269408414
208 13.133347385909458
209 9.344778728160135
210 8.552456524500544
211 14.417071111079355
212 102.71276138234892
213 136.19426084737577
214 98.03272817903974
215 346.35683913904916
216 155.2558108034458
217 74.1415022483852
218 232.973094709267
219 40.00048412852458
220 715.8156576045778
221 416.56129086676464
222 1045.7957658103203
223 78.0746883236578
224 26.820448969729775
225 20.59738430546605
226 39.1488906276122
227 48.184507592162326
228 12.633808726391166
229 11.708233071391781
230 99.53018809594906
231 10.068040319806155
232 9.213969072326838
233 7.075663132813337
234 54.018904648690324
235 9.680481781484323
236 661.4824316902025
237 20.345314750977725
238 6.079305028918994
239 10.83110959163473
240 9.523739686539157
241 8.646155348877452
242 865.3867864072731
243 103.64963377778244
244 14.764712823858655
245 39.493216722335035
246 57.5667110846611
247 90.30724762919218
248 9.587967958588816
249 9.626834147526258
250 620.634476664878
251 30.24049239219128
252 8.265137191721488
253 88.52224821697692
254 219.8621453069848
255 7.5391328130331665
256 196.28252677774427
257 66.75249384299028
258 19.237196779840815
259 9.278662701303857
260 99.46024882922794
261 213.95073523220336
262 8.253199968042068
263 6.337321920441541
264 5.0
265 59.2610408337064
266 7.856778903200912
267 85.55971301778511
268 11.115004676844002
269 8.25189947997298
270 12.671519039668983
271 8.646155348877452
272 102.71276138234892
273 83.1931362458811
274 14.764712823858655
275 39.493216722335035
276 56.70206272222544
277 56.399136329383964
278 9.587967958588816
279 9.626834147526258
280 25.984217089855512
281 24.22968526900844
282 8.265137191721488
283 23.24788344824904
284 22.390424945456655
285 7.5391328130331665
286 18.244161484374715
287 17.341813176310758
288 12.633808726391166
289 9.278662701303857
290 13.133347385909458
291 10.068040319806155
292 8.253199968042068
293 6.337321920441541
294 5.0
295 8.57249784389963
296 7.856778903200912
297 8.51374085458945
298 6.079305028918994
299 8.25189947997298
300 8.228125622972222
301 32.976760998920746
302 83.1931362458811
303 39.04857363252799
304 152.43232228712415
305 29.421535149908255
306 718.2021975391314
307 427.2654101604809
308 22.237639778894092
309 9.506099489950925
310 18.222155790598777
311 19.54480327582953
312 14.942547869414224
313 74.9114364953249
314 779.2166104565785
315 15.106183146197365
316 8.117218986999891
317 9.874524170164202
318 37.89191889450603
319 10.554121785374619
320 8.606976418242548
321 34.43469298086518
322 33.908973262402114
323 9.779711594100462
324 10.39776565359384
325 7.406816977490935
326 17.321293853881716
327 351.8800417653845
328 10.146592376781065
329 6.118512790896325
330 11.578935421273059
331 5.0
332 103.9637367963064
333 5.0
334 23.79347495078023
335 9.628747757122662
336 7.552363171683751
337 17.84940133908372
338 11.299412216081246
339 7.657221913902532
340 5.0
341 9.746352129720314
342 9.363936081251369
343 8.33974958032815
344 446.9627781209404
345 11.795887611670143
346 7.40690366503815
347 57.626504527921895
348 5.0
349 8.099744193885419
350 11.644534246792581
351 14.125120174661642
352 8.540931583094558
353 8.499779266373988
354 5.0
355 7.504194619670538
356 5.0
357 8.474335445379065
358 14.010915276943072
359 8.09655092938559
360 5.0
361 5.0
362 83.1931362458811
363 5.0
364 23.79347495078023
365 9.628747757122662
366 7.552363171683751
367 17.84940133908372
368 11.299412216081246
369 7.657221913902532
370 5.0
371 9.746352129720314
372 9.363936081251369
373 8.33974958032815
374 12.633808726391166
375 10.068040319806155
376 7.40690366503815
377 9.587967958588816
378 5.0
379 8.099744193885419
380 8.57249784389963
381 8.51374085458945
382 8.265137191721488
383 8.253199968042068
384 5.0
385 7.406816977490935
386 5.0
387 7.5391328130331665
388 6.337321920441541
389 6.079305028918994
390 5.0
391 8.245939721653137
392 222.00252403502208
393 79.15693707921751
394 208.91008501764682
395 8.623160507650393
396 73.37291845418626
397 24.885349651380018
398 59.28377653240107
399 7.333097188557703
400 12.573354606465426
401 23.956262298638197
402 20.87244577504643
403 9.728698335838871
404 21.05117676295981
405 8.250113242746222
406 8.14202652390562
407 8.670627609101505
408 7.297012979536189
409 12.00363440138934
410 562.151525117941
411 13.163693198142372
412 66.02139463244973
413 12.608421709848473
414 5.0
415 5.0
416 9.305311173720515
417 7.6663156082427255
418 22.30787775775469
419 8.154879749946016
420 6.287442385827996
421 204.4940548570704
422 343.03718241855665
423 11.883286539719858
424 66.36071980422278
425 9.29293424900064
426 9.502672043184237
427 201.27727547724774
428 8.974897696523627
429 194.66296695539552
430 12.268825253109114
431 110.5693222642732
432 6.918794615343344
433 5.0
434 7.585720741392862
435 5.0
436 7.538455214249582
437 8.347851002004157
438 5.0
439 7.610081123731373
440 5.0
441 5.0
442 9.391667091902617
443 5.0
444 8.942400120336345
445 21.945975420186624
446 5.0
447 5.0
448 7.596651118562456
449 5.0
450 5.0
451 8.245939721653137
452 23.79347495078023
453 11.883286539719858
454 12.633808726391166
455 8.623160507650393
456 9.502672043184237
457 9.746352129720314
458 8.974897696523627
459 7.333097188557703
460 9.363936081251369
461 8.57249784389963
462 6.918794615343344
463 5.0
464 7.585720741392862
465 5.0
466 7.538455214249582
467 7.657221913902532
468 5.0
469 7.5391328130331665
470 5.0
471 5.0
472 6.337321920441541
473 5.0
474 5.0
475 5.0
476 5.0
477 5.0
478 5.0
479 5.0
480 5.0
481 8.910845963534097
482 602.320678557997
483 97.71355137805995
484 19.30748653507702
485 27.674031192430288
486 13.14307446567504
487 7.606940173402382
488 9.741023528608311
489 13.095228773654922
490 57.71860090514292
491 7.563676630282952
492 10.901858615567328
493 9.370418974810907
494 7.663522457932985
495 205.28500392830404
496 7.0025768527349515
497 15.391040930164525
498 8.916506767488238
499 6.430013528485201
500 11.568825948335743
501 7.231328683407588
502 7.6205561489289195
503 715.2571013987804
504 5.0
505 9.794157104620256
506 5.0
507 5.0
508 9.457371626272668
509 8.905460272922033
510 5.0
511 8.014184515704699
512 9.62364144612646
513 80.08635988197679
514 15.083986848160587
515 11.243870309579762
516 7.621231925725545
517 5.0
518 20.74290063222098
519 5.0
520 6.375465795684354
521 5.0
522 5.0
523 14.539014182009133
524 10.303421364224576
525 11.983479984727726
526 8.565385335262608
527 5.0
528 8.42978851009541
529 5.0
530 11.489174672996636
531 5.0
532 8.88172859646423
533 9.05152807516825
534 5.0
535 7.6053552684940975
536 11.87264729913977
537 7.579155033300408
538 5.0
539 5.0
540 12.55189832760678
541 8.014184515704699
542 9.62364144612646
543 11.883286539719858
544 9.746352129720314
545 9.502672043184237
546 7.621231925725545
547 5.0
548 8.623160507650393
549 5.0
550 6.375465795684354
551 5.0
552 5.0
553 7.5391328130331665
554 7.538455214249582
555 7.333097188557703
556 6.918794615343344
557 5.0
558 5.0
559 5.0
560 5.0
561 5.0
562 5.0
563 5.0
564 5.0
565 5.0
566 5.0
567 5.0
568 5.0
569 5.0
570 5.0
571 8.140544598919666
572 66.58916944301725
573 8.45617925152465
574 8.913846769106113
575 22.97063210019041
576 8.495391646232424
577 11.615801635974472
578 16.971765165695736
579 7.6027667298328865
580 10.804014813404335
581 11.39134897296918
582 7.771653591115171
583 8.807937202215491
584 5.0
585 5.0
586 9.18315243045086
587 7.145976558331957
588 5.0
589 5.0
590 8.927393848055198
591 5.0
592 7.572302142370533
593 7.541173517722888
594 8.132185189489407
595 11.42581903241983
596 22.29937705224522
597 7.56087037470005
598 5.0
599 6.995692087027646
600 11.529109816161272
601 6.04322900964215
602 5.0
603 140.7196627634725
604 5.0
605 5.0
606 5.0
607 8.93955888859192
608 5.0
609 5.0
610 7.266985569661754
611 8.937447951412272
612 5.0
613 5.0
614 5.0
615 8.922779549604531
616 12.347704249917575
617 5.0
618 7.66182939610602
619 11.66505181254519
620 5.0
621 10.071876201305217
622 5.0
623 5.0
624 8.906460550259593
625 5.0
626 5.0
627 5.0
628 5.0
629 23.762058057098827
630 5.0
631 6.04322900964215
632 5.0
633 8.45617925152465
634 5.0
635 5.0
636 5.0
637 7.621231925725545
638 5.0
639 5.0
640 7.266985569661754
641 6.918794615343344
642 5.0
643 5.0
644 5.0
645 5.0
646 5.0
647 5.0
648 5.0
649 5.0
650 5.0
651 5.0
652 5.0
653 5.0
654 5.0
655 5.0
656 5.0
657 5.0
658 5.0
659 5.0
660 5.0
661 10.410773010165201
662 7.594830650068729
663 10.947664466205492
664 120.91315124498647
665 6.378397784591776
666 5.0
667 242.77964164838056
668 5.0
669 14.318779416528539
670 7.806852736028704
671 5.0
672 5.0
673 9.73623435231934
674 10.876137094059318
675 5.0
676 5.0
677 5.0
678 6.8802925388940785
679 5.0
680 10.870537259974103
681 5.0
682 14.458706727801427
683 6.7447197881832
684 12.272044100618961
685 5.0
686 7.037400665147682
687 10.814060024433827
688 5.0
689 5.0
690 7.549744935677028
691 11.352062870302653
692 5.0
693 12.63419603124656
694 8.975559877171237
695 8.834532383942992
696 5.0
697 5.0
698 9.714600748823393
699 5.0
700 5.0
701 28.65670373353172
702 13.062012790443513
703 5.0
704 5.0
705 12.32860038370624
706 5.0
707 5.0
708 10.725210047852602
709 5.0
710 5.0
711 10.729778501044594
712 8.821875857214987
713 5.0
714 8.89364463961563
715 22.172746676802262
716 5.0
717 5.0
718 7.296582962419716
719 9.987013260117811
720 5.0
721 8.45617925152465
722 5.0
723 7.266985569661754
724 6.918794615343344
725 6.04322900964215
726 5.0
727 5.0
728 5.0
729 5.0
730 5.0
731 5.0
732 5.0
733 5.0
734 5.0
735 5.0
736 5.0
737 5.0
738 5.0
739 5.0
740 5.0
741 5.0
742 5.0
743 5.0
744 5.0
745 5.0
746 5.0
747 5.0
748 5.0
749 5.0
750 5.0
751 40.31492819623241
752 7.266985569661754
753 18.643686619085855
754 116.66686735607658
755 5.0
756 8.798510332672926
757 7.6743014318457945
758 7.610773398851007
759 8.474157113978775
760 5.0
761 8.791110989504084
762 962.7669178136434
763 5.0
764 5.0
765 23.46281446973623
766 21.048588217165555
767 7.6117156568107065
768 5.0
769 5.0
770 5.0
771 5.0
772 5.0
773 8.152401142463177
774 8.788479629782847
775 5.0
776 12.500446787154406
777 5.0
778 5.0
779 5.0
780 5.0
781 6.167830050553839
782 5.0
783 5.0
784 5.0
785 8.981861759588734
786 12.754866469499127
787 5.0
788 5.0
789 5.0
790 5.0
791 12.466752812863236
792 9.216212851064112
793 5.0
794 9.158995235658209
795 5.0
796 5.0
797 5.0
798 11.305445685750383
799 6.103123302591344
800 5.0
801 5.0
802 12.351763396614835
803 12.841911191243193
804 5.0
805 5.0
806 5.0
807 5.0
808 8.964981347743182
809 5.0
810 8.95656142784788
811 6.167830050553839
812 5.0
813 5.0
814 5.0
815 5.0
816 5.0
817 5.0
818 5.0
819 5.0
820 5.0
821 5.0
822 5.0
823 5.0
824 5.0
825 5.0
826 5.0
827 5.0
828 5.0
829 5.0
830 5.0
831 5.0
832 5.0
833 5.0
834 5.0
835 5.0
836 5.0
837 5.0
838 5.0
839 5.0
840 5.0
841 14.306359242779978
842 5.0
843 6.033407738150028
844 5.0
845 5.0
846 17.436384639946752
847 5.0
848 5.0
849 5.0
850 5.0
851 10.16145508598161
852 14.820362946574898
853 5.0
854 5.0
855 5.0
856 5.0
857 5.0
858 5.0
859 5.0
860 5.0
861 5.0
862 5.0
863 10.172194131514686
864 8.759602538622655
865 5.0
866 9.055365866999416
867 8.748913601836374
868 5.0
869 5.0
870 5.0
871 8.508762609983934
872 5.0
873 5.0
874 11.48074286672648
875 5.0
876 5.0
877 11.424840645098888
878 7.538319891545836
879 10.712659417356079
880 5.0
881 12.944165627663194
882 9.36147788977553
883 5.0
884 5.0
885 5.0
886 8.231477393729921
887 11.504847879182583
888 9.530985659823159
889 5.0
890 5.0
891 5.0
892 5.0
893 7.515505104121719
894 5.0
895 8.955613705883266
896 11.986245549700268
897 5.0
898 12.272400685369968
899 5.0
900 12.642009833606302
901 6.167830050553839
902 5.0
903 5.0
904 5.0
905 5.0
906 5.0
907 5.0
908 5.0
909 5.0
910 5.0
911 5.0
912 5.0
913 5.0
914 5.0
915 5.0
916 5.0
917 5.0
918 5.0
919 5.0
920 5.0
921 5.0
922 5.0
923 5.0
924 5.0
925 5.0
926 5.0
927 5.0
928 5.0
929 5.0
930 5.0
931 8.996174994278874
932 96.77026783729934
933 6.041366460044873
934 5.0
935 5.0
936 5.0
937 6.209756682012305
938 8.016124437260942
939 8.713861128845766
940 5.0
941 10.208564333773891
942 6.190927414228954
943 5.0
944 6.875397197312971
945 5.0
946 5.0
947 5.0
948 5.0
949 5.0
950 5.0
951 8.75032546851333
952 5.0
953 5.0
954 5.0
955 5.0
956 6.3719842431099565
957 405.2432171488028
958 5.0
959 7.657011117500017
960 12.000870934800597
961 8.694266464090928
962 5.0
963 5.0
964 9.010460089357963
965 12.532940263253245
966 7.579613429498524
967 5.0
968 7.513609812269108
969 7.612348721267053
970 5.0
971 5.0
972 12.25959979158467
973 5.0
974 8.688326468787022
975 5.0
976 7.561163422701964
977 5.0
978 9.621727279030837
979 5.0
980 12.634574806414866
981 10.104007784741864
982 5.0
983 7.471243666489684
984 5.0
985 5.0
986 5.0
987 8.78592212743311
988 9.926978037782236
989 12.747657871934637
990 5.0
991 6.167830050553839
992 5.0
993 5.0
994 5.0
995 5.0
996 5.0
997 5.0
998 5.0
999 5.0
1000 5.0
1001 5.0
1002 5.0
1003 5.0
1004 5.0
1005 5.0
1006 5.0
1007 5.0
1008 5.0
1009 5.0
1010 5.0
1011 5.0
1012 5.0
1013 5.0
1014 5.0
1015 5.0
1016 5.0
1017 5.0
1018 5.0
1019 5.0
1020 5.0
1021 9.188502095244893
1022 5.0
1023 5.0
1024 5.0
1025 10.636585954445097
1026 5.0
1027 6.230828946589535
1028 756.6079587139683
1029 6.135378673948402
1030 14.368933537007152
1031 11.121040542913056
1032 9.4214763029957
1033 7.4759555916807106
1034 5.0
1035 5.0
1036 5.0
1037 5.0
1038 11.675492656302643
1039 5.0
1040 25.894904506855056
1041 12.002581727256564
1042 8.725705273004197
1043 11.530513605222358
1044 5.0
1045 5.0
1046 6.230685826877295
1047 5.0
1048 56.85982768741566
1049 5.0
1050 5.0
1051 5.0
1052 7.596617724245519
1053 8.55536073858588
1054 11.571632043396292
1055 5.0
1056 28.957460804589665
1057 5.0
1058 5.0
1059 9.271664885894825
1060 6.418056577101252
1061 12.67215697415678
1062 5.0
1063 5.0
1064 9.505165263826346
1065 9.562534225215977
1066 8.244862678907468
1067 5.0
1068 7.668694491163725
1069 11.773017535271135
1070 5.0
1071 5.0
1072 7.454332668110316
1073 5.0
1074 5.0
1075 5.0
1076 5.0
1077 7.609581536095741
1078 5.0
1079 5.0
1080 5.0
1081 5.0
1082 5.0
1083 5.0
1084 5.0
1085 5.0
1086 5.0
1087 5.0
1088 5.0
1089 5.0
1090 5.0
1091 5.0
1092 5.0
1093 5.0
1094 5.0
1095 5.0
1096 5.0
1097 5.0
1098 5.0
1099 5.0
1100 5.0
1101 5.0
1102 5.0
1103 5.0
1104 5.0
1105 5.0
1106 5.0
1107 5.0
1108 5.0
1109 5.0
1110 5.0
1111 5.0
1112 5.0
1113 9.056076139977119
1114 5.0
1115 5.0
1116 5.0
1117 8.45098515117664
1118 7.306245223815034
1119 5.0
1120 5.0
1121 9.089119595976932
1122 5.0
1123 5.0
1124 5.0
1125 5.0
1126 5.0
1127 7.576945087208644
1128 8.525385630671376
1129 5.0
1130 8.671791903350657
1131 5.0
1132 5.0
1133 5.0
1134 5.0
1135 5.0
1136 5.0
1137 5.0
1138 7.555943910177391
1139 5.0
1140 5.0
1141 30.505038128044056
1142 5.0
1143 26.01087098234362
1144 5.0
1145 5.0
1146 5.0
1147 5.0
1148 7.591586454507253
1149 12.243958946629354
1150 5.0
1151 5.0
1152 5.0
1153 5.0
1154 5.0
1155 5.0
1156 9.434972073816201
1157 5.0
1158 5.0
1159 5.0
1160 5.0
1161 10.746483694333367
1162 7.390818062440395
1163 26.331013970037834
1164 8.705188217423967
1165 5.0
1166 5.0
1167 5.0
1168 11.954507944882813
1169 5.0
1170 5.0
1171 5.0
1172 5.0
1173 5.0
1174 5.0
1175 5.0
1176 5.0
1177 5.0
1178 5.0
1179 5.0
1180 5.0
1181 5.0
1182 5.0
1183 5.0
1184 5.0
1185 5.0
1186 5.0
1187 5.0
1188 5.0
1189 5.0
1190 5.0
1191 5.0
1192 5.0
1193 5.0
1194 5.0
1195 5.0
1196 5.0
1197 5.0
1198 5.0
1199 5.0
1200 5.0
1201 8.937345540189217
1202 5.0
1203 855.0420017096346
1204 5.0
1205 5.0
1206 5.0
1207 5.0
1208 7.4923377591493665
1209 8.953849507578438
1210 5.0
1211 12.841036875234042
1212 5.0
1213 7.581046869702569
1214 5.0
1215 195.41489232353962
1216 5.0
1217 5.0
1218 8.224013242990587
1219 5.0
1220 7.593430196215477
1221 5.0
1222 5.0
1223 5.0
1224 5.0
1225 5.0
1226 5.0
1227 5.0
1228 5.0
1229 5.0
1230 5.0
1231 7.59439883977327
1232 5.0
1233 5.0
1234 5.0
1235 5.0
1236 5.0
1237 7.780529973769164
1238 5.0
1239 9.024898831905759
1240 5.0
1241 5.0
1242 12.678378186226269
1243 5.0
1244 7.52178287373933
1245 5.0
1246 12.469015329682403
1247 7.611898885534609
1248 12.117362636226298
1249 5.0
1250 7.611761852260526
1251 11.805132965468342
1252 5.0
1253 5.0
1254 5.0
1255 5.0
1256 11.829110754729067
1257 5.0
1258 9.342793711312858
1259 5.0
1260 23.899496061232618
1261 5.0
1262 5.0
1263 5.0
1264 5.0
1265 5.0
1266 5.0
1267 5.0
1268 5.0
1269 5.0
1270 5.0
1271 5.0
1272 5.0
1273 5.0
1274 5.0
1275 5.0
1276 5.0
1277 5.0
1278 5.0
1279 5.0
1280 5.0
1281 5.0
1282 5.0
1283 5.0
1284 5.0
1285 5.0
1286 5.0
1287 5.0
1288 5.0
1289 5.0
1290 5.0
1291 7.316344428821466
1292 5.0
1293 9.017424796951886
1294 5.0
1295 5.0
1296 5.0
1297 5.0
1298 5.0
1299 5.0
1300 5.0
1301 7.619739195026394
1302 8.119953955599028
1303 5.0
1304 5.0
1305 5.0
1306 5.0
1307 5.0
1308 5.0
1309 7.548804816532855
1310 5.0
1311 7.38227229117312
1312 5.0
1313 8.953069097022997
1314 7.588876631593682
1315 5.0
1316 5.0
1317 5.0
1318 7.578777532135856
1319 5.0
1320 5.0
1321 5.0
1322 5.0
1323 5.0
1324 7.5660108210243475
1325 12.662433859587427
1326 5.0
1327 7.541629113279628
1328 5.0
1329 5.0
1330 5.0
1331 7.77572283363448
1332 11.601418899934293
1333 12.501622608000533
1334 14.61624138682119
1335 5.0
1336 5.0
1337 5.0
1338 9.360438553450109
1339 5.0
1340 5.0
1341 5.0
1342 5.0
1343 5.0
1344 5.0
1345 13.06330530209948
1346 6.058838138697362
1347 12.698125584600522
1348 5.0
1349 5.0
1350 7.718770240845239
1351 5.0
1352 5.0
1353 5.0
1354 5.0
1355 5.0
1356 5.0
1357 5.0
1358 5.0
1359 5.0
1360 5.0
1361 5.0
1362 5.0
1363 5.0
1364 5.0
1365 5.0
1366 5.0
1367 5.0
1368 5.0
1369 5.0
1370 5.0
1371 5.0
1372 5.0
1373 5.0
1374 5.0
1375 5.0
1376 5.0
1377 5.0
1378 5.0
1379 5.0
1380 5.0
1381 5.0
1382 5.0
1383 7.613978249257874
1384 11.028924515905754
1385 5.0
1386 5.0
1387 8.384576520279339
1388 5.0
1389 21.34587385558956
1390 5.0
1391 8.783956719466282
1392 8.054622939832203
1393 5.0
1394 5.0
1395 7.541348058220207
1396 9.12196015490957
1397 7.5912558278243765
1398 5.0
1399 5.0
1400 9.844122716723119
1401 5.0
1402 9.065951665651765
1403 5.0
1404 5.0
1405 8.156720266344605
1406 5.0
1407 5.0
1408 36.691832088792204
1409 12.437650263261958
1410 5.0
1411 5.0
1412 7.522000618331905
1413 5.0
1414 5.0
1415 12.362788871664307
1416 5.0
1417 5.0
1418 5.0
1419 5.0
1420 8.638007403154353
1421 12.803644989193254
1422 5.0
1423 5.0
1424 5.0
1425 7.602436681799068
1426 6.369073409691433
1427 5.0
1428 5.0
1429 9.035185972472046
1430 5.0
1431 5.0
1432 5.0
1433 5.0
1434 5.0
1435 7.5623068540778515
1436 5.0
1437 6.102148932804205
1438 20.944454408445516
1439 5.0
1440 8.95635513007188
1441 5.0
1442 5.0
1443 5.0
1444 5.0
1445 5.0
1446 5.0
1447 5.0
1448 5.0
1449 5.0
1450 5.0
1451 5.0
1452 5.0
1453 5.0
1454 5.0
1455 5.0
1456 5.0
1457 5.0
1458 5.0
1459 5.0
1460 5.0
1461 5.0
1462 5.0
1463 5.0
1464 5.0
1465 5.0
1466 5.0
1467 5.0
1468 5.0
1469 5.0
1470 5.0
evaluations raw_y
1 246.22213455719975
2 112.7107200632111
3 647.3794378238155
4 540.0434883313541
5 212.5507644427337
6 72.80871413192477
7 58.79459249044036
8 11.087035000483393
9 43.43464414436181
10 22.417789281542174
11 48.23806013422676
12 86.65532441738817
13 39.984161930226776
14 88.96356005509102
15 75.46097360908122
16 113.93703002386286
17 159.9690782876417
18 58.08977731122383
19 228.74033534960742
20 28.1286325935179
21 294.209348515012
22 181.7698531219615
23 258.10772379106857
24 136.5682235358303
25 579.8970325225865
26 592.8802415178806
27 45.155346680635475
28 493.49154181956567
29 244.7546428237691
30 159.51433173165628
31 22.78929521303923
32 592.8802415178806
33 247.64890613294085
34 614.7639605703846
35 1342.9260200232825
36 226.4485292947481
37 242.0008948846274
38 701.0408486009178
39 75.00592635533417
40 56.20627884624361
41 246.33681412863208
42 80.22204946244017
43 891.6534683743085
44 922.5999842699464
45 387.17370975886655
46 247.86313977148805
47 107.16798062046794
48 691.3153995786129
49 111.36578948442386
50 349.33265147459406
51 275.1111516410333
52 98.83499818502607
53 36.9017979553001
54 56.95826891784415
55 197.9644890188374
56 72.68177865068179
57 250.67831595517782
58 1049.0620495093024
59 59.93461671115212
60 18.97824160868907
61 13.982763465486377
62 99.98831376553164
63 75.5917459592421
64 754.2383804825897
65 1203.16546564562
66 547.7470766913332
67 83.29016266822828
68 363.87282838615886
69 180.80803505156732
70 5.0
71 219.98116949186482
72 24.673459857117837
73 41.937689346866506
74 94.04786529693541
75 164.5423056984774
76 82.20480516829025
77 1220.7222006104894
78 259.47252009535316
79 238.9677189877067
80 36.483288448453244
81 181.45687190989764
82 192.75407859327822
83 329.08275120471677
84 11.067014121759746
85 216.23355393616828
86 48.521990904546655
87 111.56423790028819
88 484.170072366771
89 58.4790895270964
90 53.48195355077941
91 13.982763465486377
92 99.98831376553164
93 75.5917459592421
94 540.0434883313541
95 493.49154181956567
96 226.4485292947481
97 83.29016266822828
98 246.22213455719975
99 75.00592635533417
100 5.0
101 212.5507644427337
102 24.673459857117837
103 41.937689346866506
104 94.04786529693541
105 136.5682235358303
106 82.20480516829025
107 107.16798062046794
108 88.96356005509102
109 86.65532441738817
110 36.483288448453244
111 72.80871413192477
112 58.79459249044036
113 36.9017979553001
114 11.067014121759746
115 45.155346680635475
116 43.43464414436181
117 39.984161930226776
118 28.1286325935179
119 22.417789281542174
120 11.087035000483393
121 12.430432086151404
122 493.49154181956567
123 24.55984936685702
124 97.02039757872198
125 233.10726187883483
126 257.5570244980638
127 35.69131294305718
128 28.598780560324673
129 414.78289891795976
130 68.46599958828864
131 884.6071546751923
132 9.217548040110403
133 55.409410103813826
134 151.0798722970568
135 627.4478258953883
136 510.0962099801161
137 263.13503191131366
138 445.6789862933058
139 190.69858391735778
140 82.16420890841673
141 456.0577148257436
142 31.658777349295292
143 1049.0620495093024
144 149.64719488140287
145 23.055004735516622
146 16.143734213443544
147 9.791218050420463
148 24.184467297591386
149 5.0
150 8.492518784607585
151 72.55603217580084
152 9.66890301104707
153 83.40270432800796
154 455.6757373178068
155 611.3010272503539
156 37.528023889475996
157 50.59584996520038
158 14.755521845369355
159 75.20857297638395
160 136.88171120863038
161 216.58115512190048
162 6.244886943940992
163 5.0
164 5.0
165 584.795445695067
166 545.6499852671154
167 5.0
168 639.6590088192763
169 307.6081533399513
170 8.171599838376702
171 453.3465294028724
172 59.79099962319066
173 20.941700625559648
174 294.1126153585096
175 5.0
176 14.710569636898423
177 5.0
178 5.0
179 59.9372194832029
180 8.134350646189397
181 12.430432086151404
182 9.66890301104707
183 24.55984936685702
184 97.02039757872198
185 212.5507644427337
186 37.528023889475996
187 35.69131294305718
188 14.755521845369355
189 75.20857297638395
190 68.46599958828864
191 86.65532441738817
192 6.244886943940992
193 5.0
194 5.0
195 75.00592635533417
196 72.80871413192477
197 5.0
198 45.155346680635475
199 43.43464414436181
200 8.171599838376702
201 39.984161930226776
202 31.658777349295292
203 20.941700625559648
204 28.1286325935179
205 5.0
206 14.710569636898423
207 5.0
208 5.0
209 5.0
210 5.0
211 27.407613409760145
212 140.75324355483593
213 64.10799017493238
214 265.2205687151149
215 77.43833819370253
216 82.74238640838621
217 312.2361563473425
218 300.6657684736325
219 43.92075669665853
220 84.44459127617591
221 79.52146957239387
222 21.859277951895354
223 483.8942638981297
224 512.2018711300136
225 9.834292058902472
226 691.0031375357521
227 72.08511874371825
228 8.89518563801179
229 12.824203418978925
230 107.14062139023912
231 20.715766903732288
232 13.614247269789837
233 23.537871594517192
234 186.51542283285931
235 10.450508107812695
236 58.1903790408611
237 5.0
238 12.458204248526753
239 29.624360236678385
240 9.712512958927984
241 12.906653495866326
242 6.221347295911043
243 5.0
244 5.0
245 7.193143340394245
246 57.94890224690115
247 16.432486386244875
248 376.28318517312744
249 8.288034939480145
250 544.1304305128979
251 5.0
252 226.5478881068936
253 329.19357744480305
254 55.79013912389251
255 29.14014933622549
256 243.617658081861
257 167.1264607748616
258 65.95786702286817
259 62.35272783907883
260 10.003151152774032
261 20.212434368293973
262 19.143394293455767
263 23.331543758965985
264 7.241986161020046
265 5.0
266 5.0
267 9.75037969181674
268 12.975199215346024
269 9.864842465514347
270 7.494979421887914
271 12.906653495866326
272 6.221347295911043
273 5.0
274 5.0
275 7.193143340394245
276 57.94890224690115
277 16.432486386244875
278 45.155346680635475
279 8.288034939480145
280 39.984161930226776
281 5.0
282 21.859277951895354
283 31.658777349295292
284 28.1286325935179
285 9.834292058902472
286 20.941700625559648
287 14.755521845369355
288 8.89518563801179
289 12.430432086151404
290 9.66890301104707
291 8.171599838376702
292 6.244886943940992
293 5.0
294 5.0
295 5.0
296 5.0
297 5.0
298 5.0
299 5.0
300 5.0
301 44.25178559364672
302 45.155346680635475
303 297.47874993148923
304 29.84605471528564
305 19.924068222686426
306 26.723438290774364
307 237.4836667450366
308 204.31040158590895
309 78.81879523175624
310 55.32136285909917
311 27.26076444421923
312 54.636895304322465
313 14.435594552041236
314 8.707066122306001
315 11.045661997620956
316 40.82437699424563
317 21.101380032375097
318 9.815040157811588
319 327.8763266410146
320 18.832238145816582
321 6.597210059324901
322 633.8960090119795
323 7.333832904876378
324 5.0
325 6.3334757031948
326 9.134497009487344
327 6.106823712388263
328 31.407857424888054
329 12.122280735802011
330 11.91269360785769
331 470.48459513951946
332 7.8185847403668625
333 474.0037078761044
334 339.23172470561224
335 22.623671540025697
336 8.741347090187654
337 376.8656554996354
338 5.0
339 7.646863110368699
340 31.43222695064064
341 69.32359810086565
342 180.65882754037585
343 9.26307821485241
344 7.376308407159049
345 6.387135030333568
346 24.17169597747204
347 20.000356598809947
348 29.532436871613108
349 8.656716428230325
350 9.551846433757714
351 12.444864120792195
352 5.0
353 5.0
354 5.0
355 7.66659140380675
356 5.0
357 7.016427394918004
358 30.654456736825413
359 5.0
360 20.568579222856304
361 44.25178559364672
362 7.8185847403668625
363 39.984161930226776
364 29.84605471528564
365 19.924068222686426
366 8.741347090187654
367 20.941700625559648
368 5.0
369 7.646863110368699
370 12.906653495866326
371 12.430432086151404
372 9.834292058902472
373 9.26307821485241
374 7.376308407159049
375 6.387135030333568
376 8.171599838376702
377 7.193143340394245
378 6.244886943940992
379 6.221347295911043
380 5.0
381 5.0
382 5.0
383 5.0
384 5.0
385 5.0
386 5.0
387 5.0
388 5.0
389 5.0
390 5.0
391 17.724608407437035
392 116.64505626092523
393 94.68359027217433
394 80.04253536910177
395 184.73371198459733
396 346.94074944874416
397 77.93155046624248
398 774.3931667370649
399 54.90227499345616
400 554.0684902636524
401 21.610201081101007
402 16.00181208253959
403 414.78289891795976
404 34.33510287308142
405 6.9667543405240355
406 32.408768124844144
407 52.30758281166729
408 6.239224543606139
409 41.071144984211344
410 5.0
411 8.391435895767858
412 18.287725348661485
413 6.02805077424946
414 7.605855934075519
415 8.793059368671075
416 7.606580109721078
417 6.065352232024552
418 6.130638595084886
419 7.094677921828064
420 5.0
421 63.98530460205185
422 55.76963047092427
423 36.536875159852215
424 5.0
425 76.48011192010685
426 77.188317011005
427 203.8319804362155
428 80.4436094413714
429 7.53924990057879
430 62.975573403344825
431 5.0
432 5.0
433 6.9321135951151245
434 8.552854807355677
435 8.664884217713718
436 5.0
437 10.669302314376576
438 9.00789250790692
439 5.0
440 5.0
441 9.998815765522622
442 5.0
443 9.590351035916056
444 5.0
445 8.299459393811167
446 5.0
447 10.101752413449155
448 5.0
449 20.404034766893297
450 5.0
451 17.724608407437035
452 39.984161930226776
453 29.84605471528564
454 5.0
455 19.924068222686426
456 12.906653495866326
457 12.430432086151404
458 9.834292058902472
459 7.53924990057879
460 8.741347090187654
461 5.0
462 5.0
463 6.9321135951151245
464 7.376308407159049
465 6.9667543405240355
466 5.0
467 6.244886943940992
468 6.221347295911043
469 5.0
470 5.0
471 5.0
472 5.0
473 5.0
474 5.0
475 5.0
476 5.0
477 5.0
478 5.0
479 5.0
480 5.0
481 13.23322430295788
482 47.69131762383543
483 16.53278667325509
484 197.69512845126792
485 563.477477359136
486 85.17654324482235
487 256.8236930219098
488 8.923555795982551
489 5.0
490 54.30285099742902
491 5.0
492 8.82293872287816
493 31.15887060447978
494 26.181220957040594
495 6.640460642055265
496 5.0
497 5.0
498 11.147235534640652
499 1090.9963808844127
500 47.42188069989432
501 5.0
502 11.421084622166592
503 234.35829302617148
504 5.0
505 10.364908102463103
506 10.337780098503952
507 5.0
508 5.0
509 6.0148482106643275
510 1113.9065488815509
511 16.09172839001078
512 11.418810886713397
513 5.0
514 84.74576954386825
515 91.20327823467687
516 30.610568856433527
517 5.0
518 5.0
519 5.0
520 9.412059120148504
521 5.0
522 6.8957263823432635
523 5.0
524 5.0
525 5.0
526 5.0
527 10.071826483756478
528 10.94940911715046
529 5.0
530 5.0
531 9.209161703526142
532 5.0
533 9.55597949730329
534 5.0
535 20.64915607689177
536 5.0
537 10.463978579356525
538 5.0
539 21.915767939709845
540 8.154376874403496
541 13.23322430295788
542 11.418810886713397
543 5.0
544 17.724608407437035
545 12.906653495866326
546 12.430432086151404
547 5.0
548 5.0
549 5.0
550 7.376308407159049
551 5.0
552 6.8957263823432635
553 5.0
554 5.0
555 5.0
556 5.0
557 5.0
558 5.0
559 5.0
560 5.0
561 5.0
562 5.0
563 5.0
564 5.0
565 5.0
566 5.0
567 5.0
568 5.0
569 5.0
570 5.0
571 8.296288922275208
572 26.831566193789804
573 689.0112180407277
574 561.5621725325605
575 24.448326354885012
576 6.138531743929442
577 7.450219354426986
578 11.228089882052632
579 5.0
580 596.0962358971343
581 160.49783696046254
582 8.61361998977342
583 5.0
584 6.111748425590896
585 5.0
586 5.0
587 8.058089056767693
588 9.877360606997469
589 8.25373665481565
590 10.26019735930136
591 6.11510999506315
592 11.180054695846085
593 6.270488407335524
594 6.5578653544257115
595 5.0
596 9.64571817360073
597 5.0
598 5.0
599 37.909667456450286
600 8.05314953511926
601 5.0
602 12.610281478960571
603 6.055043039709867
604 10.680482820174268
605 11.305253848367457
606 5.0
607 5.0
608 5.0
609 7.636426677074073
610 5.0
611 12.902049918091933
612 5.0
613 5.0
614 6.5428531962708
615 6.1162902268069175
616 8.536240678062914
617 5.0
618 5.0
619 5.0
620 8.13284078303618
621 5.0
622 8.085072092852736
623 5.0
624 10.14844017498507
625 6.9672510166095005
626 5.0
627 5.0
628 5.0
629 5.0
630 5.0
631 5.0
632 12.610281478960571
633 6.055043039709867
634 10.680482820174268
635 11.305253848367457
636 5.0
637 5.0
638 5.0
639 5.0
640 5.0
641 5.0
642 5.0
643 5.0
644 5.0
645 5.0
646 5.0
647 5.0
648 5.0
649 5.0
650 5.0
651 5.0
652 5.0
653 5.0
654 5.0
655 5.0
656 5.0
657 5.0
658 5.0
659 5.0
660 5.0
661 7.593332468412338
662 11.305253848367457
663 6.961972540013948
664 6.019574183108885
665 11.157742997233507
666 5.0
667 6.307507501293989
668 5.0
669 6.661693236499561
670 18.30620582588837
671 10.551946530253742
672 7.641106843942569
673 9.31702596249864
674 6.326232243438821
675 5.0
676 6.926532327394048
677 5.0
678 5.0
679 5.0
680 230.29383329229162
681 5.0
682 6.095255344288983
683 45.758192179666146
684 5.0
685 6.4227992674696575
686 6.1460794835011185
687 6.0672544121863385
688 22.474767819829168
689 6.18487070435482
690 9.465178643964979
691 8.142754487490036
692 32.524553438646016
693 8.146361881710284
694 5.0
695 7.499037867718425
696 5.0
697 9.778929582412577
698 5.0
699 42.054168410885175
700 5.0
701 5.0
702 5.0
703 5.0
704 5.0
705 5.0
706 8.293874893315149
707 10.236218484562158
708 6.885675785529077
709 5.0
710 5.0
711 5.0
712 5.0
713 9.339257599616554
714 5.0
715 7.832090533768645
716 7.537996278034663
717 5.0
718 5.0
719 169.2258281273379
720 27.622989859928204
721 7.593332468412338
722 11.305253848367457
723 6.961972540013948
724 5.0
725 5.0
726 5.0
727 5.0
728 5.0
729 5.0
730 5.0
731 5.0
732 5.0
733 5.0
734 5.0
735 5.0
736 5.0
737 5.0
738 5.0
739 5.0
740 5.0
741 5.0
742 5.0
743 5.0
744 5.0
745 5.0
746 5.0
747 5.0
748 5.0
749 5.0
750 5.0
751 8.498374087537055
752 7.705857319395749
753 21.580809490381842
754 5.0
755 32.20526275367067
756 5.0
757 7.641437747575605
758 5.0
759 9.510459090344735
760 6.186647198949759
761 9.852708366904787
762 7.612256325798991
763 46.57889037248354
764 5.0
765 5.0
766 8.532733134063353
767 5.0
768 6.9360578555742505
769 11.331443729258948
770 5.0
771 5.0
772 8.496857543234968
773 11.187998427287413
774 5.0
775 5.0
776 5.0
777 10.477704551195535
778 11.255036906341843
779 5.0
780 24.589073401148575
781 6.167807843804128
782 10.26034602371544
783 46.25816349242566
784 5.0
785 8.763688815315078
786 8.038421847515279
787 5.0
788 9.520461405487735
789 6.879551969578095
790 5.0
791 10.073347057945574
792 11.442980368489849
793 20.147177014750326
794 9.937170279903503
795 5.0
796 5.0
797 5.0
798 5.0
799 6.90247458019574
800 7.488834260339242
801 5.0
802 7.069028715191462
803 5.0
804 9.05773419455266
805 5.0
806 5.0
807 8.068653150473205
808 10.039978170479285
809 6.026531097446718
810 9.862065136498316
811 6.167807843804128
812 7.593332468412338
813 6.961972540013948
814 5.0
815 5.0
816 5.0
817 5.0
818 5.0
819 5.0
820 5.0
821 5.0
822 5.0
823 5.0
824 5.0
825 5.0
826 5.0
827 5.0
828 5.0
829 5.0
830 5.0
831 5.0
832 5.0
833 5.0
834 5.0
835 5.0
836 5.0
837 5.0
838 5.0
839 5.0
840 5.0
841 5.0
842 6.961972540013948
843 47.20999536033467
844 5.0
845 69.23221539076748
846 5.0
847 5.0
848 5.0
849 9.966308679588952
850 20.786020849462055
851 6.880840291942483
852 5.0
853 6.103874514956274
854 5.0
855 5.0
856 5.0
857 10.985806844542388
858 5.0
859 7.742731060597283
860 8.055077552665113
861 5.0
862 5.0
863 5.0
864 5.0
865 5.0
866 9.501997298810391
867 5.0
868 5.0
869 5.0
870 48.12842461413175
871 5.0
872 6.461120040107533
873 8.590131856611928
874 106.59705809959672
875 5.0
876 8.305086963414661
877 5.0
878 5.0
879 5.0
880 5.0
881 5.0
882 24.399899285743157
883 7.526981068276731
884 5.0
885 6.135951240851508
886 5.0
887 5.0
888 5.0
889 5.0
890 10.24707099670109
891 6.871128920859176
892 5.0
893 10.115640466375321
894 5.0
895 5.0
896 10.264119541782588
897 5.0
898 5.0
899 7.231848821274279
900 5.0
901 5.0
902 6.461120040107533
903 6.167807843804128
904 5.0
905 5.0
906 5.0
907 5.0
908 5.0
909 5.0
910 5.0
911 5.0
912 5.0
913 5.0
914 5.0
915 5.0
916 5.0
917 5.0
918 5.0
919 5.0
920 5.0
921 5.0
922 5.0
923 5.0
924 5.0
925 5.0
926 5.0
927 5.0
928 5.0
929 5.0
930 5.0
931 11.418156586879372
932 5.0
933 5.0
934 5.0
935 8.89793575002647
936 5.0
937 6.118750718276289
938 139.16745355701897
939 8.07374247401638
940 6.244343784149666
941 5.0
942 5.0
943 6.1463120437349446
944 5.0
945 8.096300302959115
946 5.0
947 5.0
948 5.0
949 8.917660424403282
950 9.162594276181226
951 486.64846621306276
952 8.051629594503234
953 6.159778539595093
954 6.466085341240525
955 5.0
956 5.0
957 10.310892089312993
958 21.240011924838637
959 5.0
960 5.0
961 5.0
962 5.0
963 5.0
964 5.0
965 5.0
966 9.923992179359864
967 5.0
968 8.071894715082927
969 10.313241447807101
970 5.0
971 9.536663293097703
972 11.360436552687009
973 7.015814548616306
974 9.708287709992458
975 5.0
976 8.89198813749243
977 9.532680758583485
978 5.0
979 5.0
980 5.0
981 30.970155796549147
982 5.0
983 5.0
984 5.0
985 5.0
986 9.719241023044138
987 6.899601957825916
988 5.0
989 7.281690467481464
990 5.0
991 5.0
992 5.0
993 5.0
994 5.0
995 5.0
996 5.0
997 5.0
998 5.0
999 5.0
1000 5.0
1001 5.0
1002 5.0
1003 5.0
1004 5.0
1005 5.0
1006 5.0
1007 5.0
1008 5.0
1009 5.0
1010 5.0
1011 5.0
1012 5.0
1013 5.0
1014 5.0
1015 5.0
1016 5.0
1017 5.0
1018 5.0
1019 5.0
1020 5.0
1021 10.449928096929746
1022 19.4505873451838
1023 5.0
1024 7.581260085506482
1025 7.629029255090798
1026 6.468435501594872
1027 7.770049576243647
1028 20.298777568795987
1029 9.449668626414368
1030 5.0
1031 9.878999239066177
1032 5.0
1033 6.125510086185185
1034 10.847452963417897
1035 5.0
1036 5.0
1037 5.0
1038 5.0
1039 24.75687894932472
1040 6.87872001584259
1041 5.0
1042 10.151997462637517
1043 5.0
1044 5.0
1045 6.191036569611054
1046 5.0
1047 5.0
1048 7.822517717848168
1049 392.616669009228
1050 9.90554783544355
1051 5.0
1052 5.0
1053 5.0
1054 5.0
1055 8.039752793431889
1056 8.189813595092561
1057 5.0
1058 5.0
1059 7.777119710193075
1060 6.874398349448621
1061 5.0
1062 5.0
1063 7.445946195766816
1064 5.0
1065 6.094017789918402
1066 5.0
1067 5.0
1068 5.0
1069 8.32141581845123
1070 5.0
1071 5.0
1072 5.0
1073 5.0
1074 10.158592931337049
1075 8.196946660164285
1076 38.42985521274754
1077 5.0
1078 23.876624741277276
1079 8.36900076944393
1080 10.622862210807702
1081 5.0
1082 5.0
1083 5.0
1084 5.0
1085 5.0
1086 5.0
1087 5.0
1088 5.0
1089 5.0
1090 5.0
1091 5.0
1092 5.0
1093 5.0
1094 5.0
1095 5.0
1096 5.0
1097 5.0
1098 5.0
1099 5.0
1100 5.0
1101 5.0
1102 5.0
1103 5.0
1104 5.0
1105 5.0
1106 5.0
1107 5.0
1108 5.0
1109 5.0
1110 5.0
1111 5.0
1112 6.542764267692332
1113 7.602326290484658
1114 5.0
1115 7.608410476287037
1116 5.0
1117 9.307991576929533
1118 6.115128766003695
1119 5.0
1120 10.850052181270744
1121 5.0
1122 5.0
1123 5.0
1124 5.0
1125 5.0
1126 5.0
1127 6.111193493596135
1128 12.062728944894776
1129 7.5733073061882585
1130 5.0
1131 5.0
1132 5.0
1133 5.0
1134 6.471819136286889
1135 5.0
1136 5.0
1137 5.0
1138 8.398699254090955
1139 6.02740710804942
1140 6.9065527288453294
1141 5.0
1142 5.0
1143 5.0
1144 9.604215937361271
1145 25.740672925977954
1146 8.203148592226132
1147 5.0
1148 5.0
1149 5.0
1150 5.0
1151 5.0
1152 6.89513732960236
1153 9.649152253617887
1154 6.101303684484174
1155 5.0
1156 8.102022372329373
1157 5.0
1158 5.0
1159 30.70888625841767
1160 5.0
1161 5.0
1162 5.0
1163 5.0
1164 23.427053280338065
1165 9.519677269370192
1166 24.249885640075366
1167 5.0
1168 5.0
1169 5.0
1170 5.0
1171 5.0
1172 5.0
1173 5.0
1174 5.0
1175 5.0
1176 5.0
1177 5.0
1178 5.0
1179 5.0
1180 5.0
1181 5.0
1182 5.0
1183 5.0
1184 5.0
1185 5.0
1186 5.0
1187 5.0
1188 5.0
1189 5.0
1190 5.0
1191 5.0
1192 5.0
1193 5.0
1194 5.0
1195 5.0
1196 5.0
1197 5.0
1198 5.0
1199 5.0
1200 5.0
1201 5.0
1202 5.0
1203 5.0
1204 5.0
1205 5.0
1206 5.0
1207 5.0
1208 5.0
1209 7.608251267281306
1210 5.0
1211 8.678866805184414
1212 5.0
1213 5.0
1214 5.0
1215 5.0
1216 6.179858033181857
1217 5.0
1218 6.125688119901293
1219 7.86798492945153
1220 5.0
1221 5.0
1222 6.100852685345195
1223 9.501021583401819
1224 5.0
1225 5.0
1226 6.135371276307675
1227 5.0
1228 5.0
1229 9.918034601845385
1230 5.0
1231 5.0
1232 8.774019048444966
1233 32.83144896776437
1234 5.0
1235 8.477607573515167
1236 9.77194856800708
1237 10.124150019384688
1238 5.0
1239 9.005124954424787
1240 5.0
1241 8.898938848187608
1242 5.0
1243 6.123928601744178
1244 5.0
1245 5.0
1246 8.094476575269965
1247 9.821339449212696
1248 27.723915116885863
1249 5.0
1250 9.673077171007845
1251 8.25796009945949
1252 9.071818782060483
1253 5.0
1254 11.021392677903062
1255 28.021464748243154
1256 8.38644366865188
1257 7.0746099512977345
1258 9.684215166105052
1259 9.807747975886905
1260 5.0
1261 5.0
1262 5.0
1263 5.0
1264 5.0
1265 5.0
1266 5.0
1267 5.0
1268 5.0
1269 5.0
1270 5.0
1271 5.0
1272 5.0
1273 5.0
1274 5.0
1275 5.0
1276 5.0
1277 5.0
1278 5.0
1279 5.0
1280 5.0
1281 5.0
1282 5.0
1283 5.0
1284 5.0
1285 5.0
1286 5.0
1287 5.0
1288 5.0
1289 5.0
1290 5.0
1291 5.0
1292 5.0
1293 5.0
1294 10.674661703716001
1295 5.0
1296 8.029565071785935
1297 5.0
1298 8.27004522208241
1299 7.535706299337504
1300 5.0
1301 8.238373767801937
1302 5.0
1303 5.0
1304 5.0
1305 5.0
1306 5.0
1307 9.366336337282993
1308 5.0
1309 9.913908393182801
1310 5.0
1311 5.0
1312 13.174862229815767
1313 9.472941853550566
1314 5.0
1315 5.0
1316 5.0
1317 6.362630261290635
1318 5.0
1319 7.230171342435035
1320 5.0
1321 10.214190774101649
1322 48.0919302131408
1323 5.0
1324 8.11017045984489
1325 5.0
1326 9.804832585400963
1327 5.0
1328 5.0
1329 5.0
1330 6.269598019976357
1331 8.73782944205419
1332 5.0
1333 6.104715767429276
1334 9.55958213176012
1335 8.016611596542889
1336 5.0
1337 5.0
1338 7.5160391342471655
1339 5.0
1340 5.0
1341 5.0
1342 10.375008660089833
1343 5.0
1344 5.0
1345 9.912695708678278
1346 10.799094642648521
1347 5.0
1348 5.0
1349 19.362396945055384
1350 5.0
1351 5.0
1352 5.0
1353 5.0
1354 5.0
1355 5.0
1356 5.0
1357 5.0
1358 5.0
1359 5.0
1360 5.0
1361 5.0
1362 5.0
1363 5.0
1364 5.0
1365 5.0
1366 5.0
1367 5.0
1368 5.0
1369 5.0
1370 5.0
1371 5.0
1372 5.0
1373 5.0
1374 5.0
1375 5.0
1376 5.0
1377 5.0
1378 5.0
1379 5.0
1380 5.0
1381 5.0
1382 6.453583021044441
1383 5.0
1384 5.0
1385 7.560259168711495
1386 5.0
1387 5.0
1388 9.969042410202247
1389 5.0
1390 5.0
1391 5.0
1392 5.0
1393 5.0
1394 6.143666172278394
1395 5.0
1396 5.0
1397 5.0
1398 5.0
1399 5.0
1400 5.0
1401 6.281739997401219
1402 10.433106802950476
1403 10.889351567339027
1404 5.0
1405 5.0
1406 5.0
1407 5.0
1408 5.0
1409 6.014943064352764
1410 5.0
1411 6.913670975229683
1412 48.379571024428685
1413 5.0
1414 5.0
1415 5.0
1416 5.0
1417 9.679867823309733
1418 5.0
1419 24.93917534490674
1420 8.305815406505683
1421 10.123524136809054
1422 9.71223734282191
1423 8.14668818840419
1424 5.0
1425 5.0
1426 9.73073881558223
1427 10.171337288036103
1428 5.0
1429 28.836682945843606
1430 5.0
1431 9.410630626151162
1432 8.693678543315558
1433 5.0
1434 5.0
1435 8.070456708767395
1436 9.717739975428593
1437 9.703653529981988
1438 5.0
1439 40.19530719991164
1440 9.739109614283613
1441 5.0
1442 5.0
1443 5.0
1444 5.0
1445 5.0
1446 5.0
1447 5.0
1448 5.0
1449 5.0
1450 5.0
1451 5.0
1452 5.0
1453 5.0
1454 5.0
1455 5.0
1456 5.0
1457 5.0
1458 5.0
1459 5.0
1460 5.0
1461 5.0
1462 5.0
1463 5.0
1464 5.0
1465 5.0
1466 5.0
1467 5.0
1468 5.0
1469 5.0
1470 5.0
