evaluations raw_y
1 4.931524466649353
2 3.8737216798477583
3 6.553115506668497
4 4.260139212643461
5 0.8534138021888937
6 4.464909504158899
7 4.258190254078713
8 5.655308706911286
9 3.341501779640486
10 5.152829963135136
11 2.317656384087759
12 6.050041542530106
13 3.1382529697804276
14 3.419880554569913
15 2.4778664522993217
16 7.744211864295101
17 5.007224829036797
18 9.295645582661653
19 8.043672554874664
20 2.674912039579895
21 7.112911444779289
22 5.814569298471081
23 5.648520290526952
24 7.234159895608194
25 4.197182437139471
26 8.045049090178999
27 5.023203181014426
28 4.1269346746143665
29 5.433584981254287
30 5.343326240184135
31 3.6472370933988585
32 3.0372516791501463
33 6.093750083590182
34 3.1753746628667194
35 6.272279557682493
36 10.154214586658403
37 0.34685860180753725
38 4.089538002920104
39 4.079995905505178
40 4.4670438712752745
41 5.170412343982157
42 3.584201536592111
43 0.5635748194505616
44 1.658615930572386
45 4.950985576880557
46 3.8727348151071097
47 6.959097292185627
48 2.489619069748014
49 4.108352795378455
50 3.531181409137077
51 7.4011110267452676
52 1.7902171684938337
53 2.704694973172474
54 1.3570192853464855
55 2.4464363797354505
56 4.107953681756198
57 4.312940162807015
58 4.389543561140649
59 3.3478344797870374
60 2.437974503687011
61 4.931524466649353
62 0.34685860180753725
63 4.950985576880557
64 4.079995905505178
65 0.8534138021888937
66 4.464909504158899
67 4.089538002920104
68 0.5635748194505616
69 3.341501779640486
70 3.584201536592111
71 2.317656384087759
72 1.658615930572386
73 3.1382529697804276
74 3.419880554569913
75 2.4778664522993217
76 4.312940162807015
77 4.108352795378455
78 2.437974503687011
79 4.389543561140649
80 2.674912039579895
81 2.4464363797354505
82 1.3570192853464855
83 2.704694973172474
84 4.107953681756198
85 2.489619069748014
86 3.3478344797870374
87 3.531181409137077
88 4.1269346746143665
89 1.7902171684938337
90 5.343326240184135
91 4.450878743805561
92 1.3696835855408516
93 2.3792840362836944
94 8.79314469106178
95 1.9041461577064265
96 0.33653504312576965
97 5.140740813947482
98 5.184760722921712
99 3.523618381879095
100 1.4755888503041787
101 5.998680571803055
102 2.1382007411842063
103 8.543139026343228
104 5.350295133373655
105 3.190788206042931
106 3.1431698462399447
107 1.0646028726997319
108 6.111680952392439
109 4.3780998413681
110 6.634663786817304
111 1.7620440751854494
112 5.041750505932367
113 1.6971534863944986
114 6.31355673868627
115 -1.6147345526528678
116 3.244255997202684
117 4.483087264488224
118 6.793799699228793
119 3.301408022777482
120 3.014668418321814
121 4.931524466649353
122 0.34685860180753725
123 3.190788206042931
124 4.079995905505178
125 0.8534138021888937
126 4.464909504158899
127 2.1382007411842063
128 0.5635748194505616
129 3.341501779640486
130 1.4755888503041787
131 1.9041461577064265
132 1.658615930572386
133 3.1382529697804276
134 3.419880554569913
135 0.33653504312576965
136 4.312940162807015
137 3.244255997202684
138 2.437974503687011
139 3.301408022777482
140 1.7620440751854494
141 2.4464363797354505
142 1.3570192853464855
143 2.704694973172474
144 -1.6147345526528678
145 2.489619069748014
146 1.6971534863944986
147 3.531181409137077
148 4.1269346746143665
149 1.0646028726997319
150 3.014668418321814
151 1.560003822335335
152 0.05308130930575716
153 -2.9160206509805815
154 2.8159847984563124
155 3.3943892320061195
156 3.2242227834772246
157 2.7150480423810706
158 4.4812281313723386
159 4.194540813782604
160 2.24879573647274
161 1.725271714278319
162 3.5115267334276954
163 0.03613580714717113
164 3.5886165447653218
165 3.6959013342231897
166 2.5917776169780415
167 3.5061618177844833
168 -0.8542128194010243
169 5.316719764313888
170 4.026200748117693
171 5.356833261200218
172 2.188964348846317
173 0.9952676789773369
174 1.4921703851385208
175 5.7515446709797065
176 2.6881195169201257
177 2.5749050684610735
178 5.311369762037351
179 1.9428027899498153
180 4.433048248086784
181 3.6959013342231897
182 0.05308130930575716
183 2.24879573647274
184 0.03613580714717113
185 0.8534138021888937
186 3.5886165447653218
187 2.1382007411842063
188 -2.9160206509805815
189 1.725271714278319
190 1.4755888503041787
191 1.9041461577064265
192 1.658615930572386
193 3.1382529697804276
194 3.419880554569913
195 0.33653504312576965
196 4.312940162807015
197 2.6881195169201257
198 2.437974503687011
199 2.5749050684610735
200 1.7620440751854494
201 2.188964348846317
202 -0.8542128194010243
203 1.4921703851385208
204 -1.6147345526528678
205 0.9952676789773369
206 1.6971534863944986
207 3.531181409137077
208 1.9428027899498153
209 1.0646028726997319
210 3.014668418321814
211 4.151463629304591
212 2.7262763666960335
213 3.1036712053310342
214 0.6923553240813352
215 5.155518118478697
216 -0.5440211108893704
217 5.749288350593378
218 1.8419558726142342
219 4.705699822611633
220 2.9345495562449777
221 1.6489221647435037
222 6.220280377050669
223 3.945414222224037
224 5.418962845788325
225 1.6622517186421017
226 -0.3006328322409364
227 5.817007689853064
228 5.981301657664685
229 6.6508495460741255
230 0.5918039135252089
231 3.8515138728162643
232 4.360539890671295
233 6.318002101821904
234 0.5880712884550441
235 0.6706159602297324
236 -0.07811850569564971
237 4.749893231987992
238 3.273476703451535
239 4.167743138558049
240 2.6442681916942234
241 1.6622517186421017
242 0.05308130930575716
243 1.658615930572386
244 0.03613580714717113
245 0.8534138021888937
246 3.5886165447653218
247 2.1382007411842063
248 -2.9160206509805815
249 1.725271714278319
250 -0.5440211108893704
251 1.9041461577064265
252 1.6489221647435037
253 3.1382529697804276
254 3.419880554569913
255 0.33653504312576965
256 2.6442681916942234
257 2.6881195169201257
258 0.6706159602297324
259 -0.07811850569564971
260 1.7620440751854494
261 0.5880712884550441
262 -0.8542128194010243
263 0.5918039135252089
264 -1.6147345526528678
265 0.9952676789773369
266 1.6971534863944986
267 3.531181409137077
268 1.9428027899498153
269 1.0646028726997319
270 3.014668418321814
271 -1.163208612633241
272 0.4423126942831601
273 1.4963251881072415
274 1.6649757071468203
275 6.8856685222101
276 -0.37254371346986836
277 0.4573848316991498
278 3.665219727834376
279 5.755852132732295
280 0.5873636538510749
281 3.6384136850160456
282 -1.2821480231606013
283 4.0960228206576215
284 8.176856507867779
285 3.732100494692872
286 -0.07237050647244336
287 -1.098467882416478
288 0.3027702772009415
289 -0.09181248515602736
290 4.288806258332903
291 5.408867122492963
292 2.8008132093082767
293 5.353606195702597
294 3.8930910387249194
295 0.8123434215057603
296 -1.4131195769648532
297 4.062090636252763
298 1.4924958406969466
299 1.9992821740827413
300 4.665791623327159
301 0.05308130930575716
302 1.6622517186421017
303 1.658615930572386
304 0.03613580714717113
305 -0.37254371346986836
306 3.5886165447653218
307 -1.2821480231606013
308 -2.9160206509805815
309 0.5873636538510749
310 -0.5440211108893704
311 1.9041461577064265
312 0.4573848316991498
313 3.1382529697804276
314 3.419880554569913
315 0.33653504312576965
316 2.6442681916942234
317 1.4924958406969466
318 0.6706159602297324
319 -0.07811850569564971
320 0.8123434215057603
321 -0.09181248515602736
322 -1.098467882416478
323 0.5918039135252089
324 -1.6147345526528678
325 0.9952676789773369
326 1.6971534863944986
327 3.531181409137077
328 -1.4131195769648532
329 1.0646028726997319
330 1.9992821740827413
331 3.743702071022961
332 0.08419544840578719
333 -0.39866813457016415
334 0.7751212182132154
335 4.816820390206915
336 -0.23698936059617948
337 3.9072003477445416
338 -0.2454852744479301
339 1.1818570013868535
340 2.926651541965133
341 -0.23011836713334644
342 2.2276917731871273
343 7.653176174471755
344 4.76681004097684
345 1.6905773893169411
346 3.507606117038624
347 -1.0955700809530358
348 3.0705842330778186
349 -0.8934954410379956
350 -1.4294387801976947
351 -0.34251047326218
352 3.2405016431397553
353 0.8961540996191122
354 5.649092659253381
355 -0.23548532928698584
356 4.177249611272568
357 6.369157425187128
358 2.526309237558199
359 4.660417261830966
360 4.78346042603225
361 -0.23698936059617948
362 -0.23011836713334644
363 1.658615930572386
364 0.03613580714717113
365 -0.37254371346986836
366 1.6905773893169411
367 -1.2821480231606013
368 -0.09181248515602736
369 0.5873636538510749
370 -0.5440211108893704
371 1.9041461577064265
372 -0.2454852744479301
373 3.1382529697804276
374 3.419880554569913
375 0.33653504312576965
376 2.6442681916942234
377 1.4924958406969466
378 0.6706159602297324
379 -1.4294387801976947
380 0.8123434215057603
381 -2.9160206509805815
382 -1.098467882416478
383 -0.34251047326218
384 -1.6147345526528678
385 0.9952676789773369
386 1.6971534863944986
387 3.531181409137077
388 -1.4131195769648532
389 -0.23548532928698584
390 1.9992821740827413
391 -1.051582656914186
392 3.2717650396975455
393 -2.7201055544468495
394 1.4054188328634378
395 2.9172975048853997
396 1.1771328672659984
397 -0.7977928313232736
398 3.035135590459441
399 -1.7863404027299885
400 1.4397539374058441
401 5.243857097215265
402 1.9263008531908923
403 3.7929227613111705
404 5.1631179801855485
405 1.5111304974278683
406 -2.6101267179674608
407 0.5426507394638063
408 5.47183471425125
409 3.936047274063663
410 3.1193297143278143
411 5.062337754408228
412 1.8975676191330895
413 6.134038318679242
414 0.6652104756034047
415 4.761573136849097
416 1.8783256972298559
417 1.9267189187918308
418 5.768957101798552
419 5.270521461492507
420 1.2959642493889612
421 -0.23698936059617948
422 -0.23011836713334644
423 1.658615930572386
424 0.03613580714717113
425 -2.7201055544468495
426 1.6905773893169411
427 -1.2821480231606013
428 -0.7977928313232736
429 0.5873636538510749
430 -0.5440211108893704
431 1.9041461577064265
432 -0.2454852744479301
433 3.1382529697804276
434 1.5111304974278683
435 -1.7863404027299885
436 2.6442681916942234
437 1.4924958406969466
438 0.6706159602297324
439 -1.4294387801976947
440 0.6652104756034047
441 -2.9160206509805815
442 -1.098467882416478
443 -0.34251047326218
444 -1.6147345526528678
445 0.9952676789773369
446 1.6971534863944986
447 1.2959642493889612
448 -1.4131195769648532
449 -0.23548532928698584
450 1.9992821740827413
451 -0.5386413350760537
452 1.3279976219324103
453 -2.7201055544468495
454 -1.6604335951356433
455 6.414621001697402
456 -2.804348772012005
457 -2.7201055544468495
458 -0.9177071106046601
459 -0.7176180673077921
460 -1.2481518091780082
461 -2.9966360857281824
462 5.259336161071724
463 2.3082004623289842
464 4.225298292810221
465 3.757707701785982
466 -1.63206333266811
467 0.6880516454504662
468 2.4958402752360183
469 2.4755561644684616
470 4.932366531787496
471 3.5377316649543378
472 2.596739453798062
473 4.7218530238869025
474 2.685629157651238
475 -1.271483118550632
476 3.793168455914371
477 2.4334989334877646
478 1.0076135514997366
479 7.021401972259569
480 5.061461043279127
481 -2.7201055544468495
482 -0.9177071106046601
483 1.658615930572386
484 -0.7176180673077921
485 -2.7201055544468495
486 1.6905773893169411
487 -2.7201055544468495
488 -1.6604335951356433
489 -1.2481518091780082
490 -0.5440211108893704
491 1.9041461577064265
492 -2.804348772012005
493 3.1382529697804276
494 -2.9966360857281824
495 -1.7863404027299885
496 2.6442681916942234
497 1.4924958406969466
498 0.6706159602297324
499 -1.4294387801976947
500 0.6652104756034047
501 -2.9160206509805815
502 -1.098467882416478
503 -0.34251047326218
504 -1.6147345526528678
505 -1.271483118550632
506 1.0076135514997366
507 1.2959642493889612
508 -1.4131195769648532
509 -0.23548532928698584
510 1.9992821740827413
511 -1.3171222131276465
512 7.507410585337373
513 -0.7586679511260135
514 -0.618556227655088
515 0.9410702010573271
516 0.7054402410416869
517 0.009593292801912678
518 -0.23824424670426758
519 -0.21798690282976363
520 -2.0794118399303065
521 -0.5440211108893704
522 2.0409966677883453
523 1.306240322128819
524 0.8755714535599104
525 3.5833914390472197
526 -1.3676079947021025
527 7.72214050197195
528 -1.8203449297585492
529 1.7997961539002978
530 -0.40549240911347484
531 -0.1233932281247947
532 2.7470363410250864
533 -0.3873078370833678
534 3.0701149738597544
535 3.0459582474858093
536 3.209009143659477
537 -1.0174926897195653
538 5.81369632838034
539 -0.5051042233146941
540 5.549159646327977
541 -2.7201055544468495
542 -0.9177071106046601
543 1.658615930572386
544 -2.0794118399303065
545 -2.7201055544468495
546 1.306240322128819
547 -2.7201055544468495
548 -1.6604335951356433
549 -1.2481518091780082
550 -0.5440211108893704
551 0.8755714535599104
552 -2.804348772012005
553 3.1382529697804276
554 -2.9966360857281824
555 -1.7863404027299885
556 2.6442681916942234
557 1.4924958406969466
558 0.6706159602297324
559 -1.8203449297585492
560 0.6652104756034047
561 -2.9160206509805815
562 -1.098467882416478
563 -0.34251047326218
564 -1.6147345526528678
565 -1.271483118550632
566 1.0076135514997366
567 -1.0174926897195653
568 -1.4131195769648532
569 -0.3873078370833678
570 -0.5051042233146941
571 1.5712466268423038
572 -0.07644392572056624
573 -0.43867910842044333
574 -2.7201055544468495
575 -1.0426422606298162
576 0.21042804020790484
577 2.42641399878452
578 -2.7201055544468495
579 6.506119856678717
580 0.15719163013845305
581 1.055277710626246
582 6.9622811507992335
583 5.243657435577884
584 4.7817060828066
585 3.048665343785832
586 -1.63206333266811
587 -0.5682885281581695
588 1.376817954247774
589 3.596503877647926
590 -1.2136458886044998
591 2.0641469515662525
592 1.0133537031626494
593 2.293471256288867
594 1.4840716290078304
595 5.790617605278638
596 0.6652104756034047
597 -0.13271243257073229
598 7.557150425462339
599 5.272018587994055
600 7.374660928952538
601 -2.7201055544468495
602 -0.9177071106046601
603 1.658615930572386
604 -2.0794118399303065
605 -2.7201055544468495
606 1.306240322128819
607 -2.7201055544468495
608 -2.7201055544468495
609 -1.2481518091780082
610 -0.5440211108893704
611 0.8755714535599104
612 -2.804348772012005
613 3.048665343785832
614 -2.9966360857281824
615 -1.7863404027299885
616 2.6442681916942234
617 1.4924958406969466
618 -0.13271243257073229
619 -1.8203449297585492
620 0.6652104756034047
621 -2.9160206509805815
622 -1.098467882416478
623 -0.34251047326218
624 -1.6147345526528678
625 -1.271483118550632
626 1.0076135514997366
627 -1.0174926897195653
628 -1.4131195769648532
629 -0.3873078370833678
630 -0.5051042233146941
631 3.5278201815363968
632 -1.63206333266811
633 -1.4391052258514456
634 -2.5336277010472954
635 0.02437494225803505
636 -2.7201055544468495
637 -2.525615803153019
638 0.6353606916073424
639 -1.2481518091780082
640 8.910809578212003
641 1.626485250126632
642 4.343733083290832
643 3.6285652495983056
644 1.6080527232283783
645 3.4851447505281405
646 4.538312234382595
647 1.017069534202994
648 -0.10475375043708235
649 4.26247680885386
650 -0.1542095423305101
651 -1.0927204195566147
652 0.04322969081462613
653 0.19733359231718284
654 -0.3873078370833678
655 1.000325494519235
656 -2.7201055544468495
657 3.4678699990424544
658 1.2224622010531956
659 -2.097500142800876
660 5.0959905986584175
661 -2.7201055544468495
662 -0.9177071106046601
663 1.6080527232283783
664 -2.525615803153019
665 -2.7201055544468495
666 1.306240322128819
667 -2.7201055544468495
668 -2.7201055544468495
669 -1.2481518091780082
670 -0.5440211108893704
671 0.8755714535599104
672 -2.804348772012005
673 3.048665343785832
674 -2.9966360857281824
675 -1.7863404027299885
676 2.6442681916942234
677 -2.097500142800876
678 -2.7201055544468495
679 -1.8203449297585492
680 0.6652104756034047
681 -2.9160206509805815
682 -1.098467882416478
683 -0.34251047326218
684 -1.6147345526528678
685 -1.271483118550632
686 1.0076135514997366
687 -1.0174926897195653
688 -1.4131195769648532
689 -0.3873078370833678
690 -0.5051042233146941
691 1.4195697452154277
692 -0.08106301645351444
693 -0.861772128301793
694 0.9927496383616994
695 -0.19243212949113797
696 -0.34826721307466846
697 -2.1649903697691903
698 0.5261241061182762
699 0.18879354020956596
700 1.776807866905582
701 -0.48162591687105616
702 6.199174941927366
703 -0.13463003191675815
704 4.048245767455207
705 4.2346600786531665
706 1.4490200859864624
707 -2.7201055544468495
708 -0.19157642992960833
709 -1.63206333266811
710 4.462820168608313
711 2.3596409731423202
712 -1.3358712421070513
713 2.2804148979222703
714 1.1493406745302783
715 2.3477677153313987
716 -1.2685321940391487
717 -0.3873078370833678
718 7.126248426675196
719 2.410881626106658
720 5.279753096826344
721 -2.097500142800876
722 -0.9177071106046601
723 1.6080527232283783
724 0.6652104756034047
725 -2.7201055544468495
726 -0.13463003191675815
727 -2.7201055544468495
728 -2.7201055544468495
729 -1.2481518091780082
730 -0.5440211108893704
731 0.8755714535599104
732 -2.804348772012005
733 3.048665343785832
734 -2.9966360857281824
735 -1.7863404027299885
736 2.6442681916942234
737 -2.7201055544468495
738 -2.7201055544468495
739 -1.8203449297585492
740 -2.525615803153019
741 -2.9160206509805815
742 -1.098467882416478
743 -0.34251047326218
744 -1.6147345526528678
745 -1.271483118550632
746 1.0076135514997366
747 -1.0174926897195653
748 -1.4131195769648532
749 -0.3873078370833678
750 -1.2685321940391487
751 -0.9801282500355057
752 -0.6072939805071207
753 0.09944781588561247
754 -2.7201055544468495
755 -1.1906355819717707
756 -1.1711111333730022
757 1.7145259208878378
758 0.9243773418465357
759 2.53868983587205
760 -0.202279264474428
761 5.408310847960006
762 -1.2874050504564272
763 4.265750484076105
764 0.20405299542536248
765 3.6029408364843665
766 -2.0972921662127857
767 0.7366909595020963
768 0.7568458154293332
769 -2.291704860045302
770 0.815210848937856
771 -1.6515027695822502
772 -0.36750382224758793
773 -1.228231141910702
774 1.4932596656431998
775 5.989432235760275
776 -0.7073800030407913
777 -0.08238221443835325
778 -2.1339257180423665
779 2.235637317339669
780 6.728687947804654
781 -2.097500142800876
782 -0.9177071106046601
783 0.20405299542536248
784 -1.2874050504564272
785 -2.7201055544468495
786 -0.13463003191675815
787 -2.7201055544468495
788 -2.7201055544468495
789 -1.2481518091780082
790 -0.5440211108893704
791 0.8755714535599104
792 -2.804348772012005
793 3.048665343785832
794 -2.9966360857281824
795 -1.7863404027299885
796 2.6442681916942234
797 -2.7201055544468495
798 -2.7201055544468495
799 -1.8203449297585492
800 -2.525615803153019
801 -2.9160206509805815
802 -1.098467882416478
803 -2.1339257180423665
804 -1.6515027695822502
805 -1.271483118550632
806 1.0076135514997366
807 -1.0174926897195653
808 -1.4131195769648532
809 -0.3873078370833678
810 -1.2685321940391487
811 0.213112092682314
812 0.6035973625774775
813 0.5748707483291291
814 -2.7201055544468495
815 -2.7201055544468495
816 -0.012077146907560454
817 1.3726286885202725
818 1.8657978093765486
819 3.163367373313774
820 0.39155123486361587
821 -0.5508230521640183
822 2.8339042218410384
823 -2.7495644823181147
824 0.24231684975449808
825 4.603721055513083
826 -1.2378098459970022
827 0.7600524117848941
828 -2.7201055544468495
829 -2.7201055544468495
830 -0.11944396958680681
831 2.0970377861329443
832 1.1891950116357348
833 1.8792292597251383
834 -2.7201055544468495
835 0.1942372612661365
836 0.5345154230352085
837 -0.9417397663321498
838 -2.4277333830394836
839 0.8354079973198869
840 6.233896819696753
841 -2.097500142800876
842 -0.9177071106046601
843 -2.7495644823181147
844 -1.2874050504564272
845 -2.7201055544468495
846 -0.13463003191675815
847 -2.7201055544468495
848 -2.7201055544468495
849 -1.2481518091780082
850 -0.5508230521640183
851 0.24231684975449808
852 -2.804348772012005
853 3.048665343785832
854 -2.9966360857281824
855 -1.7863404027299885
856 2.6442681916942234
857 -2.7201055544468495
858 -2.7201055544468495
859 -1.8203449297585492
860 -2.7201055544468495
861 -2.9160206509805815
862 -1.098467882416478
863 -2.1339257180423665
864 -1.6515027695822502
865 -2.7201055544468495
866 0.8354079973198869
867 -1.0174926897195653
868 -1.4131195769648532
869 -2.4277333830394836
870 -1.2685321940391487
871 -0.5170197027935366
872 -0.10705964787014333
873 1.4126179786635429
874 0.4316923398933743
875 -2.7201055544468495
876 -0.7804770874606421
877 -1.46591124880366
878 4.065637466750635
879 3.395884383086515
880 0.526952201718708
881 0.14798761387402237
882 -0.5440211108893704
883 7.889971240789018
884 -0.9333352758382891
885 5.152849098599797
886 -0.3765078744410526
887 -2.7201055544468495
888 0.004212829319447664
889 -2.7201055544468495
890 -2.7201055544468495
891 -1.86038898931108
892 3.4663995165004153
893 0.9734228662316426
894 -0.3532861450400544
895 -1.8588692446575004
896 -0.4649423481169843
897 -1.098467882416478
898 -2.7023056623558244
899 1.2396989378191838
900 5.364741308379529
901 -2.097500142800876
902 -0.9177071106046601
903 -2.7495644823181147
904 -1.2874050504564272
905 -2.7201055544468495
906 -0.13463003191675815
907 -2.7201055544468495
908 -2.7201055544468495
909 -1.2481518091780082
910 -0.5508230521640183
911 -0.9333352758382891
912 -2.804348772012005
913 3.048665343785832
914 -2.9966360857281824
915 -1.7863404027299885
916 2.6442681916942234
917 -2.7201055544468495
918 -2.7201055544468495
919 -1.8203449297585492
920 -2.7201055544468495
921 -2.9160206509805815
922 -1.098467882416478
923 -2.1339257180423665
924 -1.6515027695822502
925 -2.7201055544468495
926 0.8354079973198869
927 -2.7023056623558244
928 -1.8588692446575004
929 -2.4277333830394836
930 -1.2685321940391487
931 0.11087623798643476
932 -2.30697266934672
933 -1.0694632801684323
934 -0.9505334478648386
935 -0.9724906287627393
936 -2.605922995389235
937 -1.63206333266811
938 3.040127184028787
939 4.90227830471081
940 0.9821358620820675
941 -1.4752758788249762
942 2.4199459502737968
943 1.748596451895689
944 2.261368633101554
945 4.094837448890317
946 -1.6425910950809128
947 -2.7201055544468495
948 -1.3208833302796394
949 -2.7201055544468495
950 -2.7201055544468495
951 -2.6951368495385464
952 -0.03517614958753201
953 -2.1339257180423665
954 -2.7201055544468495
955 -1.8203449297585492
956 -1.6515027695822502
957 -1.2685321940391487
958 0.968993711343916
959 0.802411703361253
960 2.5501608276833783
961 -2.097500142800876
962 -0.9177071106046601
963 -2.7495644823181147
964 -1.2874050504564272
965 -2.7201055544468495
966 -0.13463003191675815
967 -2.7201055544468495
968 -2.7201055544468495
969 -1.2481518091780082
970 -0.5508230521640183
971 -1.4752758788249762
972 -2.804348772012005
973 3.048665343785832
974 -2.9966360857281824
975 -1.7863404027299885
976 2.5501608276833783
977 -2.7201055544468495
978 -2.7201055544468495
979 -1.8203449297585492
980 -2.7201055544468495
981 -2.9160206509805815
982 -1.098467882416478
983 -2.1339257180423665
984 -1.6515027695822502
985 -2.7201055544468495
986 0.802411703361253
987 -2.7023056623558244
988 -2.7201055544468495
989 -2.4277333830394836
990 -1.2685321940391487
evaluations raw_y
1 3.6551287883158476
2 3.371414326227921
3 4.01739068755542
4 2.8883021816917562
5 6.7283068610265175
6 7.265544644785638
7 4.691881880605707
8 5.100369050124332
9 3.147352561601392
10 9.306150453608263
11 6.557239521627579
12 4.618760213167087
13 1.1101025060144927
14 8.31064663825375
15 3.0652552519003526
16 4.251016478142942
17 7.243677658890258
18 5.197761576749073
19 2.7874610295622966
20 7.104506276538348
21 10.464494029267971
22 4.441380934764116
23 4.957051821023997
24 4.251845680963664
25 5.035663880494786
26 8.639729019731535
27 3.243677383732898
28 2.836943677600524
29 4.350158828402664
30 5.0400284758623854
31 6.163499188617982
32 5.739985676322258
33 2.220440108132877
34 3.952116986723246
35 3.756826393577041
36 4.182569028784567
37 -0.15648761833328795
38 3.18265149512077
39 1.6625254030870855
40 2.350901673738228
41 4.831371024822467
42 2.046145101046636
43 2.8737325510741725
44 5.662786923613256
45 4.8533866664092145
46 2.352476433735674
47 1.504851409198988
48 5.114840308689438
49 2.8416217416399667
50 4.533511750655039
51 1.0551906684698715
52 0.6341549771190644
53 4.326416512312712
54 4.680507937066675
55 7.292292414223331
56 3.286730395136531
57 1.7990468281574654
58 2.4003554109859593
59 4.074153052361407
60 5.390315362723707
61 2.8416217416399667
62 3.371414326227921
63 -0.15648761833328795
64 2.8883021816917562
65 2.046145101046636
66 2.8737325510741725
67 2.220440108132877
68 2.350901673738228
69 3.147352561601392
70 4.8533866664092145
71 4.831371024822467
72 3.18265149512077
73 1.1101025060144927
74 5.662786923613256
75 1.6625254030870855
76 3.6551287883158476
77 2.4003554109859593
78 3.286730395136531
79 2.352476433735674
80 1.7990468281574654
81 5.390315362723707
82 0.6341549771190644
83 4.326416512312712
84 4.251845680963664
85 4.680507937066675
86 4.074153052361407
87 3.243677383732898
88 1.504851409198988
89 1.0551906684698715
90 5.0400284758623854
91 5.470538518040146
92 0.9149719888858043
93 7.30552797257088
94 4.944741889598122
95 5.231268990228413
96 2.987828460176208
97 8.936756634913475
98 4.505865496132988
99 5.145651803043429
100 3.4862018898079414
101 4.3486011123482164
102 6.386916492090887
103 -0.08481533641252703
104 6.670885931413872
105 4.6964246148151725
106 0.19252404043885463
107 3.6422246941106877
108 -0.31202463725766494
109 -1.3998412217725424
110 7.912240535494803
111 3.2714429523137154
112 3.4518069954982034
113 2.725508988999449
114 5.410600717619358
115 2.379786312770257
116 4.185552831585824
117 4.3330420352767725
118 4.509667076944984
119 1.9790314295441953
120 4.947405022971976
121 2.8416217416399667
122 3.371414326227921
123 -0.15648761833328795
124 2.8883021816917562
125 2.046145101046636
126 2.8737325510741725
127 2.220440108132877
128 2.350901673738228
129 3.147352561601392
130 4.8533866664092145
131 -0.08481533641252703
132 3.18265149512077
133 0.9149719888858043
134 4.6964246148151725
135 1.6625254030870855
136 3.6551287883158476
137 2.4003554109859593
138 2.725508988999449
139 2.352476433735674
140 -1.3998412217725424
141 4.947405022971976
142 0.19252404043885463
143 4.326416512312712
144 4.185552831585824
145 4.509667076944984
146 2.379786312770257
147 3.243677383732898
148 -0.31202463725766494
149 1.0551906684698715
150 1.9790314295441953
151 -0.6623132977374011
152 6.303070105049292
153 7.4129828513067615
154 1.591956235998401
155 1.7952360423167084
156 1.7884734220240475
157 4.200873451520259
158 2.329864549400481
159 0.8345211988576042
160 5.085161383528859
161 -1.1002175550593734
162 2.6807107841283475
163 0.740685176170039
164 7.420640547752785
165 5.0471668214911345
166 7.60869652162358
167 0.8178038780260577
168 6.5268555921552895
169 3.2665114189427893
170 5.312484478791581
171 4.429393193411599
172 0.89784797749375
173 4.136930066758018
174 2.001078706170604
175 2.7338070401219587
176 3.518166596686563
177 0.3870974278068262
178 -0.17677897833686496
179 8.419598244066378
180 5.335887244725198
181 2.329864549400481
182 0.740685176170039
183 -0.6623132977374011
184 2.8883021816917562
185 1.7952360423167084
186 0.8345211988576042
187 1.7884734220240475
188 2.350901673738228
189 -1.1002175550593734
190 4.8533866664092145
191 -0.08481533641252703
192 2.6807107841283475
193 0.9149719888858043
194 4.6964246148151725
195 1.591956235998401
196 3.518166596686563
197 2.4003554109859593
198 2.001078706170604
199 2.352476433735674
200 -1.3998412217725424
201 4.947405022971976
202 0.19252404043885463
203 -0.17677897833686496
204 0.3870974278068262
205 4.509667076944984
206 0.89784797749375
207 2.7338070401219587
208 -0.31202463725766494
209 1.0551906684698715
210 1.9790314295441953
211 2.89981195025792
212 1.4849660008544268
213 3.8218937930644286
214 1.6593068351089038
215 -0.09165479303899371
216 9.46112080621128
217 3.7742729699082487
218 -0.6926371626556369
219 1.4653410299534593
220 -0.30886134343612426
221 2.397479421818732
222 5.8701356422065265
223 4.244129466824679
224 3.9298202879195987
225 1.2756619457378853
226 5.664503052130665
227 1.0901282834129522
228 1.734495406698728
229 0.1641793144007826
230 0.7176580959575705
231 5.148317780630155
232 6.740951036106569
233 3.598651052847804
234 2.7182327463744156
235 8.080989937775257
236 3.477685850143703
237 3.6339024857614524
238 2.907082218199344
239 1.725974835224299
240 -0.2735119895733147
241 -0.30886134343612426
242 0.740685176170039
243 -0.6623132977374011
244 2.8883021816917562
245 1.4653410299534593
246 -0.09165479303899371
247 -0.6926371626556369
248 2.350901673738228
249 -1.1002175550593734
250 1.2756619457378853
251 -0.08481533641252703
252 2.6807107841283475
253 0.9149719888858043
254 3.9298202879195987
255 1.591956235998401
256 2.907082218199344
257 2.4003554109859593
258 2.001078706170604
259 2.352476433735674
260 -1.3998412217725424
261 -0.2735119895733147
262 0.1641793144007826
263 -0.17677897833686496
264 0.3870974278068262
265 1.725974835224299
266 0.89784797749375
267 2.7338070401219587
268 -0.31202463725766494
269 1.0551906684698715
270 1.9790314295441953
271 1.191285365035152
272 2.8576179122634424
273 -0.7173959095335594
274 7.016554591979991
275 1.9463479315202448
276 3.3621668148362462
277 1.7983350752231295
278 6.810619037354007
279 1.7448610460521392
280 0.6910670005994435
281 -0.40394120534819145
282 2.4058371731087096
283 1.5486381268144092
284 4.810311680162307
285 4.991615438897609
286 2.901341518270855
287 4.180229375521334
288 6.341853180913434
289 7.774859930705287
290 1.1583003716343028
291 3.332896921798172
292 5.4115402327477975
293 2.5785804809933763
294 2.5066101295118366
295 4.77272509023073
296 2.1283339284699374
297 1.8376136734141628
298 1.6645508851369635
299 1.95184845522058
300 3.3478332890881286
301 -0.30886134343612426
302 0.740685176170039
303 -0.7173959095335594
304 2.8883021816917562
305 0.6910670005994435
306 -0.09165479303899371
307 -0.6926371626556369
308 2.350901673738228
309 -1.1002175550593734
310 1.2756619457378853
311 -0.08481533641252703
312 1.5486381268144092
313 0.9149719888858043
314 3.9298202879195987
315 -0.40394120534819145
316 2.907082218199344
317 1.6645508851369635
318 2.001078706170604
319 1.8376136734141628
320 -1.3998412217725424
321 -0.2735119895733147
322 0.1641793144007826
323 -0.17677897833686496
324 0.3870974278068262
325 1.725974835224299
326 0.89784797749375
327 1.95184845522058
328 -0.31202463725766494
329 1.0551906684698715
330 1.9790314295441953
331 2.82157293931042
332 -0.5440211108893704
333 -0.6926371626556369
334 -1.0856719045953804
335 1.5843159459938954
336 1.050452969496301
337 5.259905176686736
338 -0.01479649255269333
339 6.996648808445806
340 2.5816295984083784
341 6.354493853655539
342 -0.5905665475089581
343 2.5225514799581945
344 2.8401486849184856
345 5.463477704862759
346 3.1262727882623667
347 2.6695727520234582
348 3.8979635071303615
349 1.2413990511648834
350 1.9942946427937245
351 -1.6513630944801725
352 -2.381471335851403
353 4.263142394015726
354 1.7487518206745674
355 2.4555953340487227
356 3.555672505326375
357 4.399553081521811
358 2.5193712274909257
359 5.6696897975030724
360 1.3691525514425242
361 -0.30886134343612426
362 0.740685176170039
363 -0.7173959095335594
364 2.8401486849184856
365 -0.01479649255269333
366 -0.09165479303899371
367 -0.6926371626556369
368 2.350901673738228
369 -1.1002175550593734
370 1.2756619457378853
371 -0.08481533641252703
372 -0.5905665475089581
373 0.9149719888858043
374 3.9298202879195987
375 -1.0856719045953804
376 1.3691525514425242
377 1.6645508851369635
378 2.001078706170604
379 1.8376136734141628
380 -1.3998412217725424
381 -0.2735119895733147
382 0.1641793144007826
383 -0.17677897833686496
384 -1.6513630944801725
385 1.725974835224299
386 -2.381471335851403
387 1.95184845522058
388 -0.31202463725766494
389 1.0551906684698715
390 1.9790314295441953
391 -0.6956900232494991
392 -1.0202498419024102
393 -0.5440211108893704
394 2.7385292343993504
395 2.693749983692774
396 4.961616990419862
397 4.09704607142015
398 3.312065901284651
399 6.087892989336466
400 6.5469276359523345
401 1.623663625871289
402 3.8002441219822196
403 4.520455676792752
404 3.8332488961352778
405 5.883060221410219
406 -0.12466364161845966
407 1.5700341570868392
408 3.061789605769008
409 4.388859147403164
410 3.5343166249050295
411 0.273031903815129
412 0.7720046947949335
413 -0.8280610382388298
414 3.202648944456631
415 4.843386352159266
416 4.346776795174742
417 2.702295034895654
418 5.3329603500192855
419 2.38121691552244
420 2.309979479677863
421 -0.30886134343612426
422 0.740685176170039
423 -0.7173959095335594
424 2.8401486849184856
425 -0.01479649255269333
426 -0.09165479303899371
427 -0.6926371626556369
428 2.350901673738228
429 -1.1002175550593734
430 1.2756619457378853
431 -0.08481533641252703
432 -0.5905665475089581
433 0.9149719888858043
434 3.9298202879195987
435 -1.0856719045953804
436 1.3691525514425242
437 1.6645508851369635
438 2.001078706170604
439 1.8376136734141628
440 -1.3998412217725424
441 -0.2735119895733147
442 0.1641793144007826
443 -0.17677897833686496
444 -1.6513630944801725
445 1.725974835224299
446 -2.381471335851403
447 1.95184845522058
448 -0.31202463725766494
449 -0.8280610382388298
450 1.9790314295441953
451 -1.4154924343506163
452 4.354786599272471
453 1.2155982911707444
454 0.07155480566863393
455 -0.5901882028440428
456 4.524746384464192
457 2.462919140555271
458 5.160867028599318
459 -0.007471121183460383
460 4.90283487129234
461 3.1433291636317646
462 0.9194977128965967
463 1.1098473178579598
464 3.251785867931515
465 3.7608802049456997
466 -3.0691606570080694
467 -0.4138884786402577
468 5.204778195597107
469 6.136167853718613
470 0.2644159334218945
471 2.542895831304816
472 5.7043228028809825
473 5.832273299844946
474 2.8173608805330974
475 0.7407054930539756
476 4.500448228113384
477 2.0707837930106745
478 5.271130918851339
479 6.4574509273579
480 2.6077618250245873
481 -0.30886134343612426
482 0.740685176170039
483 -0.7173959095335594
484 2.8401486849184856
485 -0.01479649255269333
486 -0.09165479303899371
487 -0.6926371626556369
488 1.1098473178579598
489 -1.4154924343506163
490 0.9194977128965967
491 -0.08481533641252703
492 -0.5905665475089581
493 0.9149719888858043
494 3.7608802049456997
495 -1.0856719045953804
496 1.3691525514425242
497 0.7407054930539756
498 2.001078706170604
499 1.8376136734141628
500 -1.3998412217725424
501 -0.2735119895733147
502 0.1641793144007826
503 -0.17677897833686496
504 -1.6513630944801725
505 1.725974835224299
506 -3.0691606570080694
507 1.95184845522058
508 -0.31202463725766494
509 -0.8280610382388298
510 1.9790314295441953
511 3.1255505972348034
512 -0.13777329079238942
513 5.084187093831375
514 2.4915227384600773
515 4.78956970385147
516 2.6649593221346777
517 1.9445920542716912
518 5.598326686027573
519 -0.34047316070623257
520 0.9373886606328758
521 0.5700679713461163
522 1.0103290124221864
523 4.376891853724202
524 -0.2212897200577415
525 5.373626601750412
526 3.457927569917275
527 1.1089135751924628
528 1.3019550728739198
529 4.673252983757184
530 3.400603475266674
531 0.5440211108893696
532 6.066926527785423
533 3.371033219935934
534 4.362941153407365
535 2.1750543751447746
536 0.6479597342643295
537 3.0388749320942097
538 3.132577891829363
539 6.334605355566655
540 2.150518141155952
541 -0.30886134343612426
542 0.740685176170039
543 -0.7173959095335594
544 -0.2212897200577415
545 -0.34047316070623257
546 -0.09165479303899371
547 -0.6926371626556369
548 1.1098473178579598
549 -1.4154924343506163
550 0.9194977128965967
551 -0.08481533641252703
552 -0.5905665475089581
553 0.5700679713461163
554 3.7608802049456997
555 -1.0856719045953804
556 1.3691525514425242
557 0.7407054930539756
558 2.001078706170604
559 1.8376136734141628
560 -1.3998412217725424
561 -0.2735119895733147
562 0.1641793144007826
563 -0.17677897833686496
564 -1.6513630944801725
565 0.6479597342643295
566 -3.0691606570080694
567 1.95184845522058
568 -0.31202463725766494
569 -0.8280610382388298
570 1.9790314295441953
571 -0.9036218929083555
572 1.4698973233084793
573 -0.4737734600659813
574 3.974183460607152
575 5.234857821998796
576 -0.516440457583915
577 2.815151051429093
578 1.8462043158040022
579 3.4840975728821695
580 0.8904926702456009
581 0.07851720779322857
582 4.147740716490897
583 0.8600406704958172
584 6.444956298124488
585 5.144191573587671
586 -0.310211059455328
587 3.423269896113909
588 5.213871434855392
589 0.847329577636942
590 4.528619801765771
591 -0.0724062968872543
592 1.3268504348376853
593 0.13705181604928995
594 1.0780352856303983
595 2.587480560436666
596 2.7061637860496224
597 5.212471491907933
598 3.7878366155476764
599 1.6882396997937024
600 -0.14777977052804125
601 -0.30886134343612426
602 0.740685176170039
603 -0.7173959095335594
604 -0.2212897200577415
605 -0.516440457583915
606 -0.09165479303899371
607 -0.6926371626556369
608 1.1098473178579598
609 -1.4154924343506163
610 0.8600406704958172
611 -0.08481533641252703
612 -0.5905665475089581
613 0.07851720779322857
614 3.7608802049456997
615 -1.0856719045953804
616 1.3691525514425242
617 0.7407054930539756
618 -0.14777977052804125
619 1.8376136734141628
620 -1.3998412217725424
621 -0.2735119895733147
622 0.13705181604928995
623 -0.17677897833686496
624 -1.6513630944801725
625 0.6479597342643295
626 -3.0691606570080694
627 1.95184845522058
628 -0.31202463725766494
629 -0.8280610382388298
630 1.6882396997937024
631 3.2793266726173154
632 0.303898456792588
633 -0.6841756414304321
634 2.660344594245748
635 -0.32299362735110915
636 -0.7495366055630477
637 5.911926118804496
638 0.5895397611509563
639 1.9655302319632169
640 4.359574322591943
641 2.1021802535708773
642 4.9743083785432844
643 3.926812782603525
644 0.8308126441986139
645 4.129668317153879
646 3.559927328811339
647 -1.6170784209259814
648 3.0846653624570717
649 1.3426388779796077
650 2.935874602483927
651 1.144522580332755
652 0.9272947091760795
653 5.822331087974877
654 -1.63206333266811
655 0.01991278956947573
656 2.0280192155606294
657 5.109985775073881
658 2.7407586721849704
659 2.3266130433684347
660 4.218120223389725
661 -0.30886134343612426
662 0.740685176170039
663 -0.7173959095335594
664 -0.2212897200577415
665 -0.7495366055630477
666 -0.09165479303899371
667 -0.6926371626556369
668 0.8308126441986139
669 -1.4154924343506163
670 0.8600406704958172
671 -0.08481533641252703
672 -0.5905665475089581
673 0.07851720779322857
674 3.7608802049456997
675 -1.0856719045953804
676 1.3691525514425242
677 0.7407054930539756
678 -0.14777977052804125
679 1.8376136734141628
680 -1.3998412217725424
681 -0.2735119895733147
682 -1.63206333266811
683 -0.17677897833686496
684 -1.6513630944801725
685 0.01991278956947573
686 -3.0691606570080694
687 1.95184845522058
688 -0.31202463725766494
689 -0.8280610382388298
690 1.6882396997937024
691 5.1122034872923265
692 9.131669047316487
693 1.7649623313284764
694 4.960782096854763
695 0.5083499898978978
696 2.665823771568723
697 5.157544248495357
698 3.9075558804720654
699 2.087924129789939
700 5.025747915653592
701 1.2958183703040658
702 0.5018696518918553
703 2.693154693498234
704 0.08964131333683234
705 3.501545415600213
706 1.490005221952714
707 3.2820819036010853
708 0.10393937460814673
709 4.33283826901728
710 3.189000890771488
711 1.2721090582344607
712 0.203722946911169
713 4.67379391035341
714 5.701160202543008
715 1.1309395862468956
716 0.7464557046110163
717 1.3821600271118752
718 5.581575871424684
719 2.7704897355126272
720 2.876417540624816
721 -0.30886134343612426
722 0.5018696518918553
723 -0.7173959095335594
724 -0.2212897200577415
725 -0.7495366055630477
726 -0.09165479303899371
727 -0.6926371626556369
728 0.8308126441986139
729 -1.4154924343506163
730 0.08964131333683234
731 -0.08481533641252703
732 1.95184845522058
733 0.07851720779322857
734 3.501545415600213
735 -1.0856719045953804
736 1.3691525514425242
737 0.7407054930539756
738 -0.14777977052804125
739 1.8376136734141628
740 -1.3998412217725424
741 -0.2735119895733147
742 -1.63206333266811
743 -0.17677897833686496
744 -1.6513630944801725
745 0.01991278956947573
746 -3.0691606570080694
747 -0.5905665475089581
748 -0.31202463725766494
749 -0.8280610382388298
750 1.6882396997937024
751 1.7270257176629435
752 -1.1221927494430686
753 3.60809098264465
754 2.7739465365318825
755 2.437834475608669
756 3.8484893922528585
757 1.192431303723139
758 2.014033062212728
759 5.521542547634
760 0.34934895187199366
761 1.735382826711371
762 -0.10855393657483914
763 3.1248062944895505
764 2.9932625993075144
765 2.1998939815153378
766 1.5005810449838506
767 3.075418975448292
768 0.054408668387231796
769 0.26058421347266014
770 1.060386306362668
771 3.9915799135402183
772 2.0110794627436688
773 2.209263863366944
774 5.361769244308256
775 2.5584737758274754
776 3.279297360150061
777 6.078237993035368
778 0.8790191584682567
779 0.8317637263687971
780 6.760470284283205
781 -0.30886134343612426
782 -0.10855393657483914
783 -0.7173959095335594
784 -0.2212897200577415
785 -0.7495366055630477
786 -0.09165479303899371
787 -0.6926371626556369
788 0.8308126441986139
789 -1.4154924343506163
790 0.08964131333683234
791 -0.08481533641252703
792 0.8317637263687971
793 0.07851720779322857
794 2.1998939815153378
795 -1.1221927494430686
796 0.8790191584682567
797 0.7407054930539756
798 -0.14777977052804125
799 1.8376136734141628
800 -1.3998412217725424
801 -0.2735119895733147
802 -1.63206333266811
803 -0.17677897833686496
804 -1.6513630944801725
805 0.01991278956947573
806 -3.0691606570080694
807 -0.5905665475089581
808 -0.31202463725766494
809 -0.8280610382388298
810 1.95184845522058
811 1.4958773652508706
812 2.566997760855794
813 2.756179396487781
814 -0.9461173020004772
815 1.58592473281325
816 -1.822195333975317
817 1.9131423978801303
818 3.808293582695023
819 4.836524627831432
820 3.6040633552878756
821 1.6593854333242493
822 3.2902086895908114
823 -0.2717431723607997
824 -0.3351860709901775
825 2.3732573684993254
826 2.1535996051338575
827 6.784144124995956
828 -0.3571630371870187
829 1.4663395539912054
830 1.470418581122554
831 2.0676147578707185
832 3.6061339777045736
833 0.5440211108893696
834 1.4408782413044623
835 2.5994762061404937
836 2.8419597340352922
837 2.9148990017710488
838 0.6204055913688267
839 0.15685333453797146
840 5.292237564313755
841 -1.822195333975317
842 -0.10855393657483914
843 -0.9461173020004772
844 -0.2212897200577415
845 -0.7495366055630477
846 -0.09165479303899371
847 2.1998939815153378
848 -0.2717431723607997
849 -1.4154924343506163
850 0.08964131333683234
851 -0.08481533641252703
852 -0.3351860709901775
853 0.07851720779322857
854 -0.6926371626556369
855 -1.1221927494430686
856 0.6204055913688267
857 0.7407054930539756
858 -0.14777977052804125
859 0.15685333453797146
860 -1.3998412217725424
861 -0.2735119895733147
862 -1.63206333266811
863 -0.17677897833686496
864 -1.6513630944801725
865 0.01991278956947573
866 -3.0691606570080694
867 -0.5905665475089581
868 -0.31202463725766494
869 -0.8280610382388298
870 1.95184845522058
871 2.3385787847766046
872 1.8220420163983322
873 2.7269651476348638
874 4.898723764507811
875 -1.63206333266811
876 0.4388368009018402
877 1.8056568223959548
878 -0.4860575677061565
879 3.46935924368847
880 3.2896482839895063
881 2.6947089103058928
882 3.230073484002272
883 -1.1059962700653965
884 -0.2963964123630336
885 6.293135481148514
886 1.9956217447202271
887 0.8692704059660104
888 5.3571210103648355
889 5.1863775422318215
890 1.3629350963904274
891 3.6989364695921108
892 2.5562295404584594
893 5.825735098346561
894 3.753481720184868
895 -0.3011381154153727
896 1.9150272059275633
897 2.901982131075788
898 3.8537678866235874
899 6.957361330972222
900 0.592369030839917
901 -1.822195333975317
902 -0.10855393657483914
903 -0.9461173020004772
904 -0.2212897200577415
905 -1.63206333266811
906 -0.09165479303899371
907 2.1998939815153378
908 -0.4860575677061565
909 -1.4154924343506163
910 -0.2963964123630336
911 -0.08481533641252703
912 -0.3351860709901775
913 -1.1059962700653965
914 -0.6926371626556369
915 -1.1221927494430686
916 0.6204055913688267
917 0.7407054930539756
918 -0.3011381154153727
919 0.15685333453797146
920 -1.3998412217725424
921 -0.2735119895733147
922 -1.63206333266811
923 -0.17677897833686496
924 -1.6513630944801725
925 0.01991278956947573
926 -3.0691606570080694
927 -0.5905665475089581
928 -0.31202463725766494
929 -0.8280610382388298
930 0.592369030839917
931 0.18586801859700808
932 -1.63206333266811
933 -0.17560452686515626
934 3.336192709208166
935 2.4937146090617537
936 3.341436794322934
937 0.29182179732696145
938 -1.0157506739953854
939 2.327688559192411
940 2.9570743998963653
941 1.5715958110681374
942 0.039123722614288425
943 3.5566718708231426
944 3.3194178403655332
945 0.5991190034939402
946 4.4558378999630275
947 1.0537231987364297
948 -1.2576393582711565
949 -3.028623963000112
950 5.48014984888934
951 0.9930942035200827
952 3.405924583101351
953 0.31200307571364494
954 2.6848779544405317
955 4.246824252993292
956 2.3633847810245823
957 1.7771774503616422
958 4.110530909660282
959 1.132213909199582
960 1.8392939193423814
961 -1.822195333975317
962 -0.10855393657483914
963 -0.9461173020004772
964 -0.2212897200577415
965 -1.63206333266811
966 -0.09165479303899371
967 0.5991190034939402
968 -1.0157506739953854
969 -1.4154924343506163
970 -0.2963964123630336
971 -0.08481533641252703
972 -0.3351860709901775
973 -1.1059962700653965
974 -0.6926371626556369
975 -1.1221927494430686
976 0.6204055913688267
977 0.7407054930539756
978 -0.3011381154153727
979 0.15685333453797146
980 -3.028623963000112
981 -0.2735119895733147
982 -1.63206333266811
983 -0.17677897833686496
984 -1.6513630944801725
985 0.01991278956947573
986 -3.0691606570080694
987 -0.5905665475089581
988 -0.31202463725766494
989 -0.8280610382388298
990 0.592369030839917
evaluations raw_y
1 0.6261819129484127
2 8.334582339513608
3 5.909387051987467
4 5.7145208398163
5 4.012882735322388
6 4.651899843437393
7 5.894992946629575
8 1.527283881107243
9 8.384179257532454
10 1.8929700722398313
11 3.7435769964100234
12 3.0382785185227648
13 3.2574918540993387
14 2.956580963874419
15 6.61333298875647
16 2.5805147512028994
17 4.016809385534197
18 2.9855238951205862
19 5.192498285531904
20 4.386000033832888
21 2.405681874548239
22 7.573406242526496
23 7.308102336713641
24 4.253905411637712
25 5.9838853514782
26 6.915372585908997
27 8.366163983743407
28 4.844343020843709
29 4.733447051549535
30 3.6146169325965842
31 3.1792487039288027
32 9.143212682419085
33 4.319234821180138
34 5.45982854639723
35 3.206221993380311
36 3.987808071190471
37 5.349080153051453
38 4.3132038948640306
39 2.650022656783142
40 2.8434894859920288
41 2.2929001257624027
42 6.935574210817009
43 0.601873613472744
44 2.1183947908487855
45 6.591708653820556
46 2.6296897083618482
47 1.75969951672921
48 2.1570277099795594
49 2.942662552301481
50 0.6789076357694492
51 3.7794685507555617
52 7.446137037845629
53 4.4855287458357775
54 4.230971498728833
55 3.083582261285968
56 3.212572406404829
57 3.5966504144850173
58 2.450041426566356
59 3.1924584882784157
60 2.13533652765223
61 0.6261819129484127
62 2.1183947908487855
63 5.909387051987467
64 2.8434894859920288
65 4.012882735322388
66 2.650022656783142
67 2.2929001257624027
68 1.527283881107243
69 6.591708653820556
70 1.8929700722398313
71 3.7435769964100234
72 3.0382785185227648
73 3.2574918540993387
74 2.956580963874419
75 0.601873613472744
76 1.75969951672921
77 0.6789076357694492
78 2.1570277099795594
79 3.083582261285968
80 4.386000033832888
81 2.405681874548239
82 3.1924584882784157
83 2.450041426566356
84 3.7794685507555617
85 3.212572406404829
86 3.5966504144850173
87 2.13533652765223
88 4.230971498728833
89 4.4855287458357775
90 2.942662552301481
91 1.926543420502505
92 5.699580572610184
93 5.333296741679635
94 5.003649984281166
95 6.3433624875989825
96 4.561561861313891
97 4.614028198382027
98 4.336176738869074
99 3.1338520073812752
100 5.861750847862689
101 6.595848918595183
102 5.790073087403964
103 2.698039987230034
104 4.736683721805615
105 1.5279682444248053
106 2.80250073804046
107 3.6799680395596974
108 3.633721174460927
109 2.037152584955944
110 2.9964699453310395
111 4.673586833875426
112 6.395666714933563
113 3.703696241438996
114 5.542027988357123
115 0.4467861716485704
116 3.1124860681304947
117 2.670979286141499
118 1.0346100993758318
119 5.673549682565763
120 5.611717827773683
121 0.6261819129484127
122 2.1183947908487855
123 4.736683721805615
124 2.8434894859920288
125 2.698039987230034
126 2.650022656783142
127 2.2929001257624027
128 1.527283881107243
129 1.5279682444248053
130 1.8929700722398313
131 3.7435769964100234
132 3.0382785185227648
133 3.2574918540993387
134 2.956580963874419
135 0.601873613472744
136 1.75969951672921
137 0.6789076357694492
138 2.037152584955944
139 3.083582261285968
140 4.386000033832888
141 2.405681874548239
142 3.1924584882784157
143 2.450041426566356
144 2.670979286141499
145 0.4467861716485704
146 3.1124860681304947
147 2.13533652765223
148 1.0346100993758318
149 4.4855287458357775
150 2.942662552301481
151 -0.10121133089815526
152 4.754125750464367
153 4.66425920137272
154 1.1181967280573097
155 0.13291951075867203
156 4.4699868801050116
157 5.3207401268173955
158 5.040519100583316
159 0.5440211108893696
160 5.1241692939605805
161 0.9910553029828624
162 4.403586721318108
163 2.708586912174273
164 4.213990045908627
165 5.987145485413367
166 -0.13108230622138262
167 1.9029156491839743
168 3.5524427684240387
169 -0.1442236939253725
170 7.87033650572285
171 4.076910443336729
172 -2.0207996165706823
173 1.56583091201699
174 4.455340980462972
175 2.7026192355930148
176 5.317685433348034
177 2.6037063268727465
178 1.7206184667721462
179 4.982994554978534
180 0.07195163234926305
181 0.6261819129484127
182 2.1183947908487855
183 4.736683721805615
184 2.8434894859920288
185 0.5440211108893696
186 2.650022656783142
187 2.2929001257624027
188 1.527283881107243
189 1.1181967280573097
190 0.13291951075867203
191 3.7435769964100234
192 3.0382785185227648
193 2.708586912174273
194 0.9910553029828624
195 -0.10121133089815526
196 -0.1442236939253725
197 0.6789076357694492
198 2.037152584955944
199 3.083582261285968
200 4.386000033832888
201 -2.0207996165706823
202 1.7206184667721462
203 1.56583091201699
204 2.670979286141499
205 -0.13108230622138262
206 2.6037063268727465
207 2.13533652765223
208 1.0346100993758318
209 0.07195163234926305
210 2.7026192355930148
211 2.8842466707090915
212 0.8688070399801204
213 3.1614246352188253
214 4.878138761383831
215 4.092637037845407
216 4.056345384303025
217 3.491506274486517
218 4.338559130944765
219 0.6071019555006267
220 3.3657287124273587
221 0.022882848715716442
222 6.849661760678885
223 7.809065084968804
224 6.149672559716593
225 3.284914450977195
226 4.10793058464767
227 4.388173948602277
228 3.5759583761254867
229 -0.7742500075274079
230 3.8857728407540844
231 2.8815152614267507
232 6.2528663466181005
233 3.401666532117995
234 3.9166299876893382
235 5.84636280290559
236 0.7622730461477909
237 4.073188744020867
238 4.632447354196807
239 3.6734836095104355
240 3.5884313591017767
241 0.6261819129484127
242 2.1183947908487855
243 3.284914450977195
244 2.8434894859920288
245 0.5440211108893696
246 2.650022656783142
247 0.6071019555006267
248 1.527283881107243
249 1.1181967280573097
250 0.13291951075867203
251 3.7435769964100234
252 3.0382785185227648
253 0.022882848715716442
254 0.9910553029828624
255 -0.10121133089815526
256 -0.1442236939253725
257 0.6789076357694492
258 2.037152584955944
259 3.083582261285968
260 3.5884313591017767
261 -2.0207996165706823
262 1.7206184667721462
263 1.56583091201699
264 2.670979286141499
265 -0.13108230622138262
266 0.7622730461477909
267 2.13533652765223
268 1.0346100993758318
269 -0.7742500075274079
270 2.7026192355930148
271 0.5440211108893696
272 0.7691720022410813
273 1.2728207999680774
274 0.36616708441475776
275 0.5440211108893696
276 4.195601037463593
277 2.046564024214757
278 2.4574900478154285
279 1.750215412992321
280 1.462318791456982
281 2.413676236299863
282 3.9736061572456807
283 1.602547424668654
284 10.079193116705792
285 0.6450345158722404
286 3.4576070074060135
287 -1.2283964342521254
288 2.03614186567267
289 3.3531140363154
290 1.056071526045128
291 -0.399497328409145
292 4.347105653219173
293 -0.8844191775241304
294 -0.9507637148904884
295 2.5007047256960506
296 2.5536395309211013
297 3.1190927712367573
298 1.3881222443353805
299 3.956376277114652
300 3.4018374160340885
301 0.6261819129484127
302 1.462318791456982
303 3.284914450977195
304 2.8434894859920288
305 0.36616708441475776
306 2.413676236299863
307 0.5440211108893696
308 1.527283881107243
309 1.1181967280573097
310 0.13291951075867203
311 0.6450345158722404
312 1.602547424668654
313 0.022882848715716442
314 0.9910553029828624
315 -0.10121133089815526
316 -0.1442236939253725
317 0.6789076357694492
318 2.037152584955944
319 3.083582261285968
320 3.4018374160340885
321 -2.0207996165706823
322 -0.9507637148904884
323 -0.8844191775241304
324 2.670979286141499
325 -0.13108230622138262
326 -0.399497328409145
327 2.13533652765223
328 1.0346100993758318
329 -1.2283964342521254
330 1.3881222443353805
331 0.5440211108893696
332 4.691965424351478
333 -0.007172556374759331
334 4.007181569660931
335 4.58183320503978
336 8.085012624826918
337 1.393170844920368
338 4.176713611414278
339 3.34384484089676
340 1.529140834943525
341 2.925340997332342
342 0.967141477382059
343 3.41659503831549
344 -0.5611996058813613
345 5.250122151972742
346 -2.0207996165706823
347 -1.2752914047009258
348 -0.19632084435933628
349 0.6685111282562746
350 5.1671895234502045
351 4.648654284351122
352 0.6724260544113374
353 0.8899263084382536
354 2.3988596290183573
355 0.7486962653256453
356 3.1451777451315603
357 5.037879213505167
358 2.8397523528813067
359 3.3838241222872822
360 6.701630199269956
361 0.6261819129484127
362 1.462318791456982
363 3.284914450977195
364 -0.5611996058813613
365 0.36616708441475776
366 2.413676236299863
367 0.5440211108893696
368 1.527283881107243
369 1.1181967280573097
370 -0.007172556374759331
371 0.6450345158722404
372 0.967141477382059
373 0.022882848715716442
374 0.9910553029828624
375 -0.10121133089815526
376 -0.1442236939253725
377 0.6789076357694492
378 2.037152584955944
379 3.083582261285968
380 3.4018374160340885
381 -2.0207996165706823
382 -0.9507637148904884
383 -0.8844191775241304
384 2.670979286141499
385 -0.13108230622138262
386 -0.399497328409145
387 2.13533652765223
388 1.0346100993758318
389 -1.2752914047009258
390 0.7486962653256453
391 -1.8831784137201386
392 4.257456917195079
393 4.429901589737565
394 5.163242866079942
395 3.678358095348519
396 0.9048562792273875
397 3.3021964525468563
398 3.4176758459983776
399 6.424462111778763
400 4.404347504677349
401 1.6338786524735984
402 7.920245744652716
403 7.804154784931463
404 5.837719586302624
405 5.822591319720919
406 -1.6749522558498895
407 -0.12933088228708378
408 -0.6616783337120467
409 -1.441936725999144
410 -0.42926727393679176
411 0.146036806753282
412 -1.980708774253153
413 0.8459778663259274
414 -0.6917531067520049
415 4.2904366594157555
416 1.3889213357470966
417 1.52420983191901
418 -1.3491841866334853
419 6.713902797146837
420 2.542402156142532
421 0.6261819129484127
422 1.462318791456982
423 3.284914450977195
424 -1.8831784137201386
425 0.36616708441475776
426 2.413676236299863
427 0.5440211108893696
428 1.527283881107243
429 1.1181967280573097
430 -0.007172556374759331
431 0.6450345158722404
432 0.967141477382059
433 0.022882848715716442
434 0.9910553029828624
435 -0.10121133089815526
436 -1.2752914047009258
437 0.6789076357694492
438 1.3889213357470966
439 3.083582261285968
440 2.542402156142532
441 -2.0207996165706823
442 -0.9507637148904884
443 -1.441936725999144
444 -1.3491841866334853
445 -1.980708774253153
446 -0.42926727393679176
447 1.52420983191901
448 1.0346100993758318
449 -0.1442236939253725
450 -0.6917531067520049
451 1.5864037821987642
452 4.358468949984424
453 8.850987046528651
454 0.08167960416411102
455 4.8494623438712665
456 6.56225938701928
457 1.5418320055705426
458 6.269647284794239
459 3.6297899131602605
460 6.070678230133048
461 -0.0065931645910852765
462 5.939414743001901
463 -0.3969451321202717
464 5.049891244938584
465 3.18675301917739
466 1.0368822912674291
467 1.7321158279481157
468 -0.667689140511305
469 -0.8613033499492055
470 -0.6373872241133469
471 -0.6362091239635976
472 -0.2374927531426021
473 -0.47261066102542326
474 0.10539564232880405
475 -0.4177240594092302
476 2.0101263374862577
477 2.7997578576305373
478 1.725423179890801
479 2.799233091772572
480 6.476547600277549
481 0.6261819129484127
482 1.462318791456982
483 3.18675301917739
484 -1.8831784137201386
485 0.36616708441475776
486 2.413676236299863
487 0.5440211108893696
488 -0.3969451321202717
489 -0.0065931645910852765
490 -0.007172556374759331
491 0.6450345158722404
492 0.967141477382059
493 0.022882848715716442
494 0.9910553029828624
495 -0.10121133089815526
496 -1.2752914047009258
497 -0.4177240594092302
498 1.3889213357470966
499 3.083582261285968
500 2.542402156142532
501 -2.0207996165706823
502 -0.9507637148904884
503 -1.441936725999144
504 -1.3491841866334853
505 -1.980708774253153
506 -0.47261066102542326
507 1.52420983191901
508 1.0346100993758318
509 -0.1442236939253725
510 -0.6917531067520049
511 1.7912037144492348
512 2.1477723136265325
513 3.447246206869061
514 11.240152422538214
515 -0.9732278978039122
516 4.195679672798065
517 6.928836904587394
518 2.3565800593612396
519 2.167032947206158
520 5.689396995398681
521 8.799062892301771
522 4.131059365304258
523 5.373259568851062
524 1.5456286006906628
525 2.2011065384208073
526 1.0899093034051894
527 -0.11616279998946188
528 1.4368628772533352
529 3.050568217953698
530 -0.9603158148403117
531 0.3262323351595078
532 0.765787326732454
533 2.4876731277073847
534 1.178816804665081
535 3.114123948238984
536 3.792574407734918
537 0.13378630541830372
538 2.835192601257453
539 -2.0074779802797416
540 3.349664200803972
541 0.6261819129484127
542 1.462318791456982
543 2.2011065384208073
544 -1.8831784137201386
545 0.36616708441475776
546 1.5456286006906628
547 0.5440211108893696
548 -0.3969451321202717
549 -0.9732278978039122
550 -0.007172556374759331
551 0.6450345158722404
552 0.967141477382059
553 0.022882848715716442
554 0.9910553029828624
555 -0.10121133089815526
556 -1.2752914047009258
557 -0.4177240594092302
558 0.13378630541830372
559 3.083582261285968
560 -2.0074779802797416
561 -2.0207996165706823
562 -0.9507637148904884
563 -1.441936725999144
564 -1.3491841866334853
565 -1.980708774253153
566 -0.47261066102542326
567 1.52420983191901
568 1.0346100993758318
569 -0.1442236939253725
570 -0.6917531067520049
571 6.42837161869198
572 3.156371230643035
573 4.223792096900542
574 3.2883760110904894
575 2.099052272599838
576 -0.01966734025799477
577 3.6859842997729886
578 3.395761609418413
579 6.445465677935634
580 5.082163000662923
581 4.964786848847794
582 5.3438504370401665
583 6.319081527078648
584 3.9448712545709315
585 1.3598367124954986
586 -1.4032077795180213
587 0.5736756752145507
588 -0.5334311809025394
589 -0.8713923686313612
590 1.9263639147241252
591 -1.234629582440558
592 0.23236423845272913
593 -0.5440211108893704
594 -0.47261066102542326
595 4.192721667059185
596 2.2592241435550235
597 -0.2911501753198218
598 4.979174763061878
599 1.6193492741492617
600 3.5334628009932354
601 0.6261819129484127
602 1.462318791456982
603 1.3598367124954986
604 -1.8831784137201386
605 0.36616708441475776
606 1.5456286006906628
607 0.5440211108893696
608 -0.3969451321202717
609 -0.9732278978039122
610 -0.007172556374759331
611 0.6450345158722404
612 0.967141477382059
613 -0.01966734025799477
614 0.9910553029828624
615 -0.10121133089815526
616 -1.2752914047009258
617 -0.4177240594092302
618 -0.2911501753198218
619 3.083582261285968
620 -2.0074779802797416
621 -2.0207996165706823
622 -0.9507637148904884
623 -1.441936725999144
624 -1.3491841866334853
625 -1.980708774253153
626 -0.47261066102542326
627 1.52420983191901
628 1.0346100993758318
629 -0.1442236939253725
630 -0.6917531067520049
631 0.42278423903405304
632 3.1862103773517023
633 7.138719855929835
634 7.2217359734242255
635 -0.4232269567285196
636 10.354157452034832
637 1.625305433774753
638 3.533550092357254
639 3.081442304246081
640 0.9648741257542865
641 3.2212321805866817
642 8.174892349299082
643 4.307208990748912
644 3.2543393773301954
645 5.404250399566889
646 0.24375220693242783
647 -0.5440211108893704
648 0.8381525274632051
649 2.3996954944409405
650 0.7411063956653328
651 -0.7127602134841728
652 0.20551455341890357
653 -0.5440211108893704
654 -0.47261066102542326
655 4.678455880047617
656 -0.45319724031178943
657 0.3998248296063025
658 0.6241753212324022
659 2.4247170542947822
660 3.010886692536649
661 0.6261819129484127
662 1.462318791456982
663 1.3598367124954986
664 -1.8831784137201386
665 0.36616708441475776
666 1.5456286006906628
667 0.5440211108893696
668 -0.1442236939253725
669 -0.9732278978039122
670 -0.007172556374759331
671 0.6450345158722404
672 0.967141477382059
673 -0.4232269567285196
674 0.9910553029828624
675 -0.10121133089815526
676 -1.2752914047009258
677 -0.4177240594092302
678 -0.45319724031178943
679 3.010886692536649
680 -2.0074779802797416
681 -2.0207996165706823
682 -0.9507637148904884
683 -1.441936725999144
684 -1.3491841866334853
685 -1.980708774253153
686 -0.47261066102542326
687 1.52420983191901
688 0.6241753212324022
689 -0.3969451321202717
690 -0.6917531067520049
691 1.3345790540657805
692 3.262496477211749
693 1.5760903993998538
694 0.8673907563326577
695 3.7335254281654637
696 6.730947323438361
697 6.104876396237891
698 1.8604594132189463
699 3.0611945412756802
700 2.723474001735108
701 7.26338754280474
702 1.8917689230899462
703 5.94483226875346
704 -1.151551536787922
705 6.2157461146356425
706 -1.63206333266811
707 -2.022351030156434
708 -0.7268843069014967
709 -0.12634010615069924
710 1.6047850895545106
711 0.7658316640602907
712 1.31855749678923
713 -1.0097640405117687
714 -0.47261066102542326
715 0.9976585651629155
716 -0.14554260343264813
717 3.072753586743099
718 -1.0513800298847786
719 0.38263108238912036
720 2.3152758854420705
721 0.6261819129484127
722 -1.151551536787922
723 1.3598367124954986
724 -1.8831784137201386
725 0.36616708441475776
726 1.5456286006906628
727 0.5440211108893696
728 -0.1442236939253725
729 -0.9732278978039122
730 -0.007172556374759331
731 0.6450345158722404
732 0.967141477382059
733 -0.4232269567285196
734 0.9910553029828624
735 -0.10121133089815526
736 -1.2752914047009258
737 -0.4177240594092302
738 -0.45319724031178943
739 2.3152758854420705
740 -2.022351030156434
741 -2.0207996165706823
742 -0.9507637148904884
743 -1.441936725999144
744 -1.3491841866334853
745 -1.980708774253153
746 -0.47261066102542326
747 0.38263108238912036
748 -1.0513800298847786
749 -0.3969451321202717
750 -1.0097640405117687
751 0.3706104486025734
752 2.9293094224599536
753 0.733028172233471
754 2.8986079040209543
755 0.7285245545318344
756 -0.8147611437509545
757 7.059448796776165
758 1.0040149375263772
759 3.2136637095316747
760 2.3983885140949837
761 8.737660136779503
762 2.4986463130873746
763 -0.08005504128825458
764 1.3589088025721536
765 3.820276682330437
766 -0.5440211108893704
767 -0.5440211108893704
768 0.7992652525853483
769 0.24185223656378518
770 2.75366757602701
771 0.21887832874034086
772 1.5365433991915336
773 0.7700320708567432
774 -1.2627043899515593
775 -0.5440211108893704
776 -1.2694754509045065
777 -0.5440211108893704
778 1.37326163351604
779 -1.229508501331484
780 2.834972320229924
781 0.6261819129484127
782 -1.151551536787922
783 1.3589088025721536
784 -1.8831784137201386
785 0.36616708441475776
786 1.5456286006906628
787 0.5440211108893696
788 -0.1442236939253725
789 -0.9732278978039122
790 -0.007172556374759331
791 0.6450345158722404
792 0.967141477382059
793 -0.4232269567285196
794 -0.08005504128825458
795 -0.8147611437509545
796 -1.2752914047009258
797 -0.5440211108893704
798 -1.2694754509045065
799 2.3152758854420705
800 -2.022351030156434
801 -2.0207996165706823
802 -1.2627043899515593
803 -1.441936725999144
804 -1.3491841866334853
805 -1.980708774253153
806 -0.5440211108893704
807 -1.229508501331484
808 -1.0513800298847786
809 -0.3969451321202717
810 -1.0097640405117687
811 7.401388942181604
812 5.11433697083583
813 -0.057970460113093925
814 2.8945469982836114
815 0.5690002043626992
816 1.02207260617381
817 2.488222361290729
818 0.34280464866000226
819 0.5440211108893696
820 4.027604230854447
821 1.7521418468515186
822 4.056108048629142
823 0.9613532925288286
824 -0.5440211108893704
825 4.639703673672482
826 -0.20783350454118654
827 0.9076534641204472
828 1.5367649376522472
829 -2.6184103593556065
830 4.587488998965605
831 -1.7989901942771267
832 -1.089457430735607
833 0.5613564025804498
834 -1.229508501331484
835 -2.030264483212575
836 -0.9503257030546135
837 -0.5440211108893704
838 -0.6672284859037965
839 0.9653025146984908
840 3.125363540250075
841 0.6261819129484127
842 -1.151551536787922
843 -0.5440211108893704
844 -1.8831784137201386
845 0.36616708441475776
846 1.5456286006906628
847 0.5440211108893696
848 -0.1442236939253725
849 -0.9732278978039122
850 -0.007172556374759331
851 0.6450345158722404
852 0.9613532925288286
853 -0.4232269567285196
854 -0.08005504128825458
855 -0.8147611437509545
856 -1.7989901942771267
857 -0.5440211108893704
858 -1.2694754509045065
859 2.3152758854420705
860 -2.022351030156434
861 -2.0207996165706823
862 -1.2627043899515593
863 -2.6184103593556065
864 -1.3491841866334853
865 -1.980708774253153
866 -0.6672284859037965
867 -1.229508501331484
868 -2.030264483212575
869 -0.3969451321202717
870 -1.0097640405117687
871 9.26182475606214
872 4.361169791073023
873 -0.2840435801899446
874 4.388813716362513
875 -0.08185560469837005
876 -1.977858340439739
877 1.8026188682737194
878 -0.5440211108893704
879 4.761361940305287
880 0.5440211108893696
881 0.7457459262246666
882 5.965165355269434
883 5.741113530978701
884 4.439305121537306
885 9.785525761004951
886 2.0643634294598905
887 1.229322275239828
888 0.93501282172363
889 -1.0691475467466869
890 -1.0142066428188024
891 1.0914571869955272
892 0.9604749121057861
893 -0.0037632713826729614
894 -0.4429326083935594
895 -0.596785881650856
896 -0.5440211108893704
897 -0.07142608942401418
898 -1.5498652806451259
899 -0.38810935215120157
900 2.7414723983189364
901 0.6261819129484127
902 -1.151551536787922
903 -0.5440211108893704
904 -1.8831784137201386
905 0.36616708441475776
906 1.5456286006906628
907 0.5440211108893696
908 -0.1442236939253725
909 -0.9732278978039122
910 -2.6184103593556065
911 0.6450345158722404
912 0.9613532925288286
913 -1.977858340439739
914 -0.5440211108893704
915 -0.8147611437509545
916 -1.7989901942771267
917 -0.5440211108893704
918 -1.2694754509045065
919 2.3152758854420705
920 -2.022351030156434
921 -2.0207996165706823
922 -1.2627043899515593
923 -0.38810935215120157
924 -1.3491841866334853
925 -1.980708774253153
926 -0.6672284859037965
927 -1.229508501331484
928 -2.030264483212575
929 -1.5498652806451259
930 -1.0097640405117687
931 -0.4563225652679712
932 -0.22773592852016433
933 4.3691044407945725
934 1.830546447438567
935 3.2394724033324724
936 1.0830851890572184
937 3.7276652764631377
938 2.6632572404277064
939 2.3685530616735844
940 0.529327862937965
941 6.345919282668945
942 5.424777227446746
943 3.1338484423197692
944 2.2821834803612613
945 3.736962281163448
946 -0.20121842579970872
947 1.7145012651931317
948 -1.1395396119211991
949 -0.5664012644335843
950 -2.022534675905694
951 5.119847708492266
952 0.5406160353744127
953 -1.8970476911792629
954 -1.3104066835443455
955 3.769450339094739
956 -1.0243499556915587
957 -0.5440211108893704
958 -0.7022914451350291
959 0.6012926924439759
960 4.8083352939604875
961 0.6261819129484127
962 -1.151551536787922
963 -0.5440211108893704
964 -1.8831784137201386
965 0.36616708441475776
966 1.5456286006906628
967 0.5440211108893696
968 -0.1442236939253725
969 -0.9732278978039122
970 -2.6184103593556065
971 0.6450345158722404
972 0.9613532925288286
973 -1.977858340439739
974 -0.5440211108893704
975 -0.8147611437509545
976 -2.022534675905694
977 -0.7022914451350291
978 -1.8970476911792629
979 2.3152758854420705
980 -2.022351030156434
981 -2.0207996165706823
982 -1.3104066835443455
983 -0.38810935215120157
984 -1.3491841866334853
985 -1.980708774253153
986 -0.6672284859037965
987 -1.229508501331484
988 -2.030264483212575
989 -1.5498652806451259
990 -1.0243499556915587
evaluations raw_y
1 10.894639771403263
2 4.588252055438965
3 6.071841463997746
4 4.425545796772362
5 6.073661197283185
6 4.4398672199809575
7 5.5388411235713075
8 5.14809638855424
9 5.917921509362532
10 9.091305224557777
11 5.431618048804191
12 4.176863565486537
13 5.805411022054277
14 3.9544871210244414
15 5.405211869857686
16 3.2826500270141716
17 5.258941619452273
18 9.156404106655405
19 4.842170733378323
20 5.849254667454203
21 2.4701617678497536
22 6.66315622108659
23 3.706880565977943
24 4.13984380254879
25 6.2873378198422865
26 3.4048785782079083
27 5.084150959092694
28 8.750246209136343
29 6.897390644557468
30 3.533247154532976
31 3.1381827463858434
32 2.090101720949537
33 6.013023346139843
34 5.415782800212723
35 5.456982339628847
36 2.482199207871275
37 1.30270893529869
38 7.025356161288778
39 1.6638803807995708
40 1.6611132361328118
41 1.3045064058321385
42 6.003619745283424
43 5.642000533236617
44 5.448701011990974
45 0.9947229576843342
46 -0.7141298975854373
47 5.510850241554357
48 1.8818874831049808
49 5.690955875487295
50 5.762985188362588
51 2.3484219691595554
52 5.163722100297475
53 2.591714584848367
54 2.746724841159291
55 3.663395732213832
56 8.776078960738865
57 4.201265243497851
58 8.470799048677808
59 4.562227285345501
60 5.261706625286841
61 0.9947229576843342
62 4.588252055438965
63 6.003619745283424
64 4.425545796772362
65 5.642000533236617
66 4.4398672199809575
67 1.6638803807995708
68 2.482199207871275
69 1.3045064058321385
70 5.448701011990974
71 5.431618048804191
72 2.090101720949537
73 1.6611132361328118
74 3.1381827463858434
75 1.30270893529869
76 3.2826500270141716
77 2.746724841159291
78 5.261706625286841
79 1.8818874831049808
80 3.663395732213832
81 -0.7141298975854373
82 4.201265243497851
83 3.706880565977943
84 2.3484219691595554
85 6.2873378198422865
86 4.842170733378323
87 2.591714584848367
88 4.562227285345501
89 6.897390644557468
90 3.533247154532976
91 3.841583104653621
92 4.618166616995371
93 0.02230722429699572
94 4.618809028541248
95 5.48927949692553
96 2.19981581012312
97 6.93475805294083
98 1.4195341903744034
99 2.3016766086693137
100 0.8317494863993242
101 5.354633475237241
102 1.5808833392150703
103 2.0329896238882244
104 -0.4318121646169093
105 0.24520185448118892
106 1.296737616248179
107 2.732112828390925
108 3.880110871395807
109 6.322540479905864
110 2.2718505595289535
111 4.717239777206908
112 1.6740535481281258
113 2.9204229734966667
114 3.714437994775796
115 -0.9654094229281629
116 -0.07042305090763001
117 7.653476797045766
118 4.4531552982084115
119 4.591438791815206
120 3.038822587423425
121 0.9947229576843342
122 4.588252055438965
123 0.24520185448118892
124 2.3016766086693137
125 -0.4318121646169093
126 0.8317494863993242
127 1.6638803807995708
128 2.482199207871275
129 0.02230722429699572
130 2.0329896238882244
131 1.5808833392150703
132 2.090101720949537
133 1.6611132361328118
134 1.4195341903744034
135 1.30270893529869
136 3.2826500270141716
137 2.2718505595289535
138 4.4531552982084115
139 1.8818874831049808
140 2.9204229734966667
141 -0.7141298975854373
142 -0.9654094229281629
143 3.706880565977943
144 2.3484219691595554
145 4.591438791815206
146 4.842170733378323
147 2.591714584848367
148 -0.07042305090763001
149 3.038822587423425
150 1.6740535481281258
151 4.1910738824128
152 4.205290122261015
153 3.6340942652716146
154 2.253447918519587
155 8.510568013989927
156 7.363878820118278
157 3.5231910315030843
158 0.9278009486907166
159 4.952688724552422
160 1.1507525041441855
161 2.459009112896351
162 5.202883433306878
163 3.18271995190761
164 2.456341861795652
165 2.3222199174219296
166 0.9272112534023158
167 -0.6521317367972319
168 2.011329084206235
169 1.7311106872230966
170 5.144199620948422
171 3.8655294674074843
172 5.233193046296014
173 -1.63206333266811
174 3.63918514972572
175 -0.1381603751505418
176 3.1249231872193324
177 1.066235824938936
178 3.7260602850629603
179 2.2600797207564383
180 0.15472937349754634
181 0.9947229576843342
182 2.3222199174219296
183 0.24520185448118892
184 2.3016766086693137
185 -0.4318121646169093
186 0.8317494863993242
187 1.1507525041441855
188 2.456341861795652
189 0.02230722429699572
190 2.0329896238882244
191 0.9278009486907166
192 2.090101720949537
193 1.6611132361328118
194 1.4195341903744034
195 1.30270893529869
196 3.1249231872193324
197 2.2718505595289535
198 3.7260602850629603
199 1.8818874831049808
200 2.9204229734966667
201 -0.7141298975854373
202 -0.9654094229281629
203 1.066235824938936
204 2.3484219691595554
205 2.2600797207564383
206 0.15472937349754634
207 -1.63206333266811
208 -0.07042305090763001
209 -0.1381603751505418
210 1.6740535481281258
211 3.884321280143283
212 1.7594348216552265
213 4.1505158365220876
214 3.404839904159193
215 2.8459018679135397
216 2.055018558977072
217 3.554740512583514
218 7.321434291985722
219 2.1040644283857213
220 7.128359033369632
221 5.882319815863685
222 3.903927081162861
223 6.8224225552274405
224 0.5194222925855123
225 -0.1476544950620977
226 -1.63206333266811
227 0.10152596711275574
228 -0.549520784451726
229 7.46885915160217
230 -1.63206333266811
231 -0.5238728134555695
232 0.602855329751919
233 0.7190754410181857
234 3.0706434708321457
235 -0.7740085886621988
236 2.9101541266138673
237 2.7525619025341754
238 4.3312490861148065
239 6.132465606298787
240 4.477658766345245
241 0.9947229576843342
242 0.5194222925855123
243 0.24520185448118892
244 2.3016766086693137
245 -0.4318121646169093
246 0.8317494863993242
247 1.1507525041441855
248 -0.1476544950620977
249 0.02230722429699572
250 2.0329896238882244
251 0.9278009486907166
252 2.090101720949537
253 1.6611132361328118
254 1.4195341903744034
255 1.30270893529869
256 3.1249231872193324
257 2.2718505595289535
258 3.7260602850629603
259 1.8818874831049808
260 2.9204229734966667
261 -0.7141298975854373
262 -0.9654094229281629
263 0.602855329751919
264 2.3484219691595554
265 -0.7740085886621988
266 -0.5238728134555695
267 -1.63206333266811
268 -1.63206333266811
269 -0.1381603751505418
270 0.7190754410181857
271 5.13262713766402
272 4.979926873457918
273 3.7169383289938187
274 1.4074820465073041
275 1.0063944932924356
276 4.822537795734666
277 2.5327894261212105
278 1.9757754189779222
279 3.7037103470307087
280 5.590241691004234
281 0.985466901048524
282 4.693433140522678
283 4.547325478751281
284 6.31113956087224
285 5.3056009172308665
286 -1.2107776646635107
287 -1.63206333266811
288 3.379109514605495
289 2.4035626556313683
290 1.8775909505555344
291 2.919603508956659
292 6.684781994712338
293 6.836440808659259
294 1.897811556604864
295 1.8818874831049808
296 -1.1996882821000199
297 2.742746542027329
298 5.782701130123968
299 3.494351085121101
300 3.599171794883465
301 0.9947229576843342
302 0.5194222925855123
303 2.9204229734966667
304 2.3016766086693137
305 -0.4318121646169093
306 0.8317494863993242
307 1.1507525041441855
308 -0.1476544950620977
309 0.02230722429699572
310 2.0329896238882244
311 0.9278009486907166
312 2.090101720949537
313 1.6611132361328118
314 0.985466901048524
315 1.30270893529869
316 3.1249231872193324
317 -1.1996882821000199
318 3.599171794883465
319 1.8818874831049808
320 0.24520185448118892
321 -0.7141298975854373
322 -0.9654094229281629
323 0.602855329751919
324 2.3484219691595554
325 -0.7740085886621988
326 -0.5238728134555695
327 -1.63206333266811
328 -1.63206333266811
329 -0.1381603751505418
330 0.7190754410181857
331 0.7726097117226103
332 4.3732720859011245
333 6.5245343880691085
334 3.8929505860641687
335 2.8782285586993113
336 3.6976975963217864
337 2.8078829170319333
338 3.6595392749956264
339 5.21254272378678
340 5.224159134897099
341 7.417091701730535
342 2.545165801697293
343 3.5054984485046683
344 8.090812072839055
345 -0.9817920369014215
346 -1.63206333266811
347 -1.63206333266811
348 -1.3411756410945235
349 -1.2968231812022482
350 -0.5051454027891444
351 2.514622346906001
352 3.1610798911411546
353 6.395556185970508
354 1.7379350038133081
355 6.647162021965604
356 1.111066278044646
357 1.5957018913421166
358 2.2683803353322634
359 2.2558857461438455
360 1.7284157348657656
361 0.9947229576843342
362 0.5194222925855123
363 -0.9817920369014215
364 2.3016766086693137
365 -0.4318121646169093
366 0.8317494863993242
367 1.1507525041441855
368 -0.1476544950620977
369 0.02230722429699572
370 2.0329896238882244
371 0.9278009486907166
372 2.090101720949537
373 1.6611132361328118
374 0.985466901048524
375 1.30270893529869
376 2.2558857461438455
377 -1.3411756410945235
378 1.7284157348657656
379 1.5957018913421166
380 0.24520185448118892
381 -0.7141298975854373
382 -1.2968231812022482
383 0.602855329751919
384 2.2683803353322634
385 -0.7740085886621988
386 -0.5238728134555695
387 -1.63206333266811
388 -1.63206333266811
389 -0.1381603751505418
390 0.7190754410181857
391 5.967602084145706
392 5.250774046476952
393 0.6728568265895802
394 3.3764037568537306
395 3.6342785775337028
396 2.086848297151622
397 4.01181756115551
398 3.9661652094871056
399 2.217417525546394
400 6.718369701089985
401 1.2151994617014146
402 3.6249662264511118
403 6.500803193801
404 4.300973398754893
405 6.50228985884892
406 -1.63206333266811
407 -1.63206333266811
408 -1.63206333266811
409 0.14421441120818157
410 -1.3766664438702976
411 0.008783655512630606
412 4.78592256142991
413 1.1690594381405617
414 2.6107604177480574
415 1.1501940545273825
416 2.8097954657717623
417 3.365501828172558
418 6.480860310612124
419 6.114765244923684
420 2.8020224843325874
421 0.9947229576843342
422 0.5194222925855123
423 -0.9817920369014215
424 2.3016766086693137
425 -0.4318121646169093
426 0.8317494863993242
427 1.1507525041441855
428 -0.1476544950620977
429 0.02230722429699572
430 2.0329896238882244
431 0.9278009486907166
432 2.090101720949537
433 1.6611132361328118
434 0.985466901048524
435 1.2151994617014146
436 2.2558857461438455
437 -1.63206333266811
438 1.7284157348657656
439 1.5957018913421166
440 0.24520185448118892
441 -0.7141298975854373
442 -1.2968231812022482
443 0.602855329751919
444 2.2683803353322634
445 -1.3766664438702976
446 -0.5238728134555695
447 -1.63206333266811
448 -1.63206333266811
449 -0.1381603751505418
450 0.7190754410181857
451 5.180440185189744
452 4.655880773985164
453 4.076537469582643
454 1.407693158808069
455 2.8599242295840357
456 1.9923661975111564
457 4.362563312243157
458 5.574461215554399
459 8.79869106615434
460 2.5405585741252223
461 0.7932497292968472
462 2.3977143733149564
463 -0.22145621561277196
464 4.8028632212545155
465 3.015058274979725
466 7.9932193035001
467 12.254505673485383
468 -1.63206333266811
469 -1.63206333266811
470 5.886111548691874
471 4.076789136997055
472 3.413632089972449
473 5.248487876248149
474 3.796506020118856
475 1.3071876024383546
476 -0.1959289924352552
477 2.3896220596430124
478 6.181038943614427
479 -0.5353502033595037
480 0.6517052934834697
481 0.9947229576843342
482 0.5194222925855123
483 -0.9817920369014215
484 2.3016766086693137
485 -0.4318121646169093
486 0.8317494863993242
487 1.1507525041441855
488 -0.1476544950620977
489 0.02230722429699572
490 -0.5238728134555695
491 0.9278009486907166
492 2.090101720949537
493 1.6611132361328118
494 0.985466901048524
495 0.7932497292968472
496 -0.5353502033595037
497 -1.63206333266811
498 1.7284157348657656
499 1.5957018913421166
500 0.24520185448118892
501 -0.7141298975854373
502 -1.2968231812022482
503 0.602855329751919
504 0.6517052934834697
505 -1.63206333266811
506 -0.22145621561277196
507 -1.63206333266811
508 -1.63206333266811
509 -0.1381603751505418
510 -0.1959289924352552
511 5.949350907809608
512 0.18109336543806887
513 6.018663066457553
514 -0.1685912992015366
515 1.991389885164529
516 2.7941457641433467
517 1.5315555220443344
518 -0.26654167120313854
519 1.0400276202608647
520 3.060179069112529
521 2.791807992444616
522 3.3413942466036937
523 4.327899722800607
524 2.188219591440487
525 2.1047417937586306
526 -1.63206333266811
527 -1.63206333266811
528 -1.63206333266811
529 -1.63206333266811
530 -0.8905047166680564
531 -1.63206333266811
532 -0.5353502033595037
533 0.5741278554825451
534 -1.63206333266811
535 3.4445790697719394
536 2.9514479084138143
537 3.1583010548954387
538 0.904959535972119
539 3.337993804488173
540 0.25782518489061257
541 0.9947229576843342
542 0.5194222925855123
543 -0.9817920369014215
544 2.1047417937586306
545 -0.4318121646169093
546 -0.26654167120313854
547 1.1507525041441855
548 -0.1685912992015366
549 0.02230722429699572
550 -0.5238728134555695
551 0.9278009486907166
552 2.090101720949537
553 1.6611132361328118
554 0.985466901048524
555 0.7932497292968472
556 -0.5353502033595037
557 -1.63206333266811
558 0.25782518489061257
559 1.5957018913421166
560 0.24520185448118892
561 -1.63206333266811
562 -1.2968231812022482
563 0.602855329751919
564 0.6517052934834697
565 -1.63206333266811
566 -0.22145621561277196
567 -1.63206333266811
568 -1.63206333266811
569 -0.1381603751505418
570 -1.63206333266811
571 6.838471752809555
572 -0.8202944100726577
573 0.6335222236909281
574 1.8605508701910125
575 8.134957620859387
576 3.808354578786742
577 -0.8663721287291906
578 -0.6215791578876244
579 1.3257049383895003
580 0.563333419087436
581 7.821650889160423
582 1.2604158367858795
583 5.184956304660279
584 6.441904025937225
585 4.346611229664433
586 -1.63206333266811
587 -1.63206333266811
588 -1.63206333266811
589 -1.63206333266811
590 -1.63206333266811
591 -1.63206333266811
592 -1.2968231812022482
593 -2.020573651235512
594 4.270270651680821
595 0.9613562267321072
596 7.418863916034012
597 0.7098184868105379
598 2.7056103682432466
599 0.07337765768949644
600 5.127995433704398
601 0.9947229576843342
602 -0.8663721287291906
603 -0.9817920369014215
604 2.1047417937586306
605 -0.4318121646169093
606 -0.26654167120313854
607 1.1507525041441855
608 -0.1685912992015366
609 0.02230722429699572
610 -0.8202944100726577
611 0.9278009486907166
612 2.090101720949537
613 1.6611132361328118
614 0.563333419087436
615 -0.6215791578876244
616 -2.020573651235512
617 -1.63206333266811
618 0.25782518489061257
619 1.5957018913421166
620 0.24520185448118892
621 -1.63206333266811
622 -1.2968231812022482
623 0.602855329751919
624 0.07337765768949644
625 -1.63206333266811
626 -0.22145621561277196
627 -1.63206333266811
628 -1.63206333266811
629 -0.1381603751505418
630 -1.63206333266811
631 3.9728352422188253
632 3.407767614016193
633 3.365732763935749
634 4.503720973936044
635 7.020807909495198
636 0.20286931833145472
637 6.879020198010673
638 1.7323845720321591
639 3.3727594440052533
640 1.3784904232317174
641 4.348453743523034
642 1.288588149266459
643 3.1646161736946334
644 5.9263604506350855
645 2.431698961256799
646 0.14670071564363152
647 -1.2155735108007288
648 0.0990306939091199
649 -0.10403394154982504
650 -1.63206333266811
651 1.5402665195065248
652 -1.63206333266811
653 1.0007610034318035
654 3.6427122962566436
655 0.831061800271157
656 3.6316268046758027
657 5.626302157556957
658 0.9291008721144882
659 -0.5440211108893704
660 1.6425171453251926
661 0.9947229576843342
662 -0.8663721287291906
663 -0.6215791578876244
664 2.1047417937586306
665 -0.4318121646169093
666 -0.26654167120313854
667 1.1507525041441855
668 -0.1685912992015366
669 0.02230722429699572
670 -0.8202944100726577
671 0.9278009486907166
672 2.090101720949537
673 1.6611132361328118
674 0.563333419087436
675 -0.9817920369014215
676 -2.020573651235512
677 -1.63206333266811
678 0.25782518489061257
679 1.5957018913421166
680 0.24520185448118892
681 -1.63206333266811
682 -1.2968231812022482
683 -0.5440211108893704
684 0.07337765768949644
685 -1.63206333266811
686 -0.22145621561277196
687 -1.63206333266811
688 -1.63206333266811
689 -0.1381603751505418
690 -1.63206333266811
691 6.539254867545695
692 3.0866737822487726
693 4.46830672845477
694 0.7610763288077367
695 0.30984357097194026
696 1.7888110744715457
697 4.875776040111149
698 1.528825689782522
699 4.659252166376638
700 0.40247026519147955
701 2.874136064329046
702 3.2089870222721872
703 2.64370871102854
704 6.465302165753566
705 0.9571077460635169
706 -2.020573651235512
707 -2.0214820647636906
708 0.49625311397090677
709 0.6159614925507011
710 -1.63206333266811
711 -1.63206333266811
712 -1.63206333266811
713 -1.63206333266811
714 -0.5440211108893704
715 -0.22145621561277196
716 -0.163156095065085
717 1.6562342169498914
718 1.714309352186596
719 -1.63206333266811
720 1.4196920606622419
721 0.9947229576843342
722 -0.8663721287291906
723 -0.6215791578876244
724 0.9571077460635169
725 -0.4318121646169093
726 -0.26654167120313854
727 1.1507525041441855
728 -0.1685912992015366
729 0.02230722429699572
730 -0.8202944100726577
731 0.40247026519147955
732 2.090101720949537
733 1.6611132361328118
734 0.563333419087436
735 -0.9817920369014215
736 -2.020573651235512
737 -2.0214820647636906
738 -1.63206333266811
739 1.4196920606622419
740 0.24520185448118892
741 -1.63206333266811
742 -1.63206333266811
743 -0.5440211108893704
744 0.07337765768949644
745 -1.63206333266811
746 -0.22145621561277196
747 -1.63206333266811
748 -1.63206333266811
749 -0.163156095065085
750 -1.63206333266811
751 1.7687622890976409
752 3.901110103830261
753 3.8680072020275515
754 -0.6553181037365858
755 4.824694191597981
756 3.17990097285768
757 -0.10837775183301046
758 -0.15322374285893137
759 5.466685595494612
760 3.8737468235638834
761 4.057788428006591
762 7.995695900235452
763 5.572545507335386
764 5.9203768832671075
765 2.687278362556992
766 -0.8925857353144568
767 0.9353904178157446
768 -0.23388211454813845
769 0.7689047407824288
770 -1.63206333266811
771 -1.63206333266811
772 -1.63206333266811
773 -1.3956699591976656
774 -1.63206333266811
775 0.920758759957482
776 4.366783424993098
777 -2.4452474608068373
778 1.9648472493991949
779 1.016929049402067
780 1.5957018913421166
781 0.9947229576843342
782 -0.8663721287291906
783 2.090101720949537
784 0.9571077460635169
785 -0.4318121646169093
786 -0.26654167120313854
787 1.1507525041441855
788 -0.1685912992015366
789 -0.15322374285893137
790 -0.8202944100726577
791 0.40247026519147955
792 -0.6553181037365858
793 1.6611132361328118
794 0.563333419087436
795 -0.9817920369014215
796 -2.020573651235512
797 -2.0214820647636906
798 -1.63206333266811
799 1.4196920606622419
800 0.24520185448118892
801 -1.63206333266811
802 -1.63206333266811
803 -0.5440211108893704
804 0.07337765768949644
805 -1.63206333266811
806 -0.22145621561277196
807 -1.63206333266811
808 -1.63206333266811
809 -2.4452474608068373
810 -1.63206333266811
811 7.254523442782062
812 0.6029498854355144
813 9.805834705480873
814 2.90167996488863
815 4.807866404835144
816 7.61556451844461
817 2.214618062421622
818 5.737593558554622
819 3.2435972029696516
820 3.5944296635582154
821 2.790783543116001
822 3.0133222874716123
823 1.2768225594684872
824 1.9271765925219704
825 4.041767140360069
826 2.0162771226116583
827 -1.5959789872239258
828 1.5087421958360097
829 4.788626356096677
830 -0.8246219282676783
831 0.5138539638188178
832 -1.0821863587711547
833 -1.63206333266811
834 0.24902593708802945
835 1.6243369433420303
836 2.9626824182415996
837 0.8371093114543475
838 7.853929978081747
839 3.1886516510840925
840 3.1603773651692966
841 0.9947229576843342
842 -0.8663721287291906
843 2.090101720949537
844 0.9571077460635169
845 -0.4318121646169093
846 -0.26654167120313854
847 1.1507525041441855
848 -0.1685912992015366
849 -0.15322374285893137
850 -0.8202944100726577
851 0.40247026519147955
852 -0.6553181037365858
853 1.6611132361328118
854 0.563333419087436
855 -0.9817920369014215
856 -2.020573651235512
857 -2.0214820647636906
858 -1.63206333266811
859 1.4196920606622419
860 0.24520185448118892
861 -1.63206333266811
862 -1.63206333266811
863 -0.5440211108893704
864 0.07337765768949644
865 -1.63206333266811
866 -0.22145621561277196
867 -1.63206333266811
868 -1.63206333266811
869 -2.4452474608068373
870 -1.63206333266811
871 1.295653462918899
872 2.823932730017422
873 4.682430250560071
874 0.7825813696110464
875 0.35037694100427985
876 -0.4949966134195227
877 6.435350450959515
878 0.9728683606925332
879 2.2886628089017345
880 0.8140386824177788
881 0.32663543607232626
882 3.9272754555971954
883 1.2054544040449806
884 2.399356841466697
885 3.6180391017653672
886 -0.88231895641443
887 3.4099460913022064
888 -2.020573651235512
889 6.00112815503272
890 7.864132245532117
891 6.515310103698443
892 -1.6211547697090278
893 -1.63206333266811
894 4.751562386251371
895 3.7667833666077915
896 -0.21767336744557575
897 5.7910558794089075
898 4.256319939031256
899 1.4531612100279685
900 6.5320411987725775
901 0.9947229576843342
902 -0.8663721287291906
903 2.090101720949537
904 0.32663543607232626
905 -0.4318121646169093
906 -0.4949966134195227
907 1.1507525041441855
908 -0.1685912992015366
909 -0.15322374285893137
910 -0.8202944100726577
911 0.40247026519147955
912 -0.6553181037365858
913 1.6611132361328118
914 0.563333419087436
915 -0.9817920369014215
916 -2.020573651235512
917 -2.0214820647636906
918 -1.63206333266811
919 1.4196920606622419
920 0.24520185448118892
921 -1.63206333266811
922 -1.63206333266811
923 -0.5440211108893704
924 0.07337765768949644
925 -1.63206333266811
926 -0.22145621561277196
927 -1.63206333266811
928 -1.63206333266811
929 -2.4452474608068373
930 -1.63206333266811
931 -0.5784043262569116
932 2.896428182882384
933 -1.598159563242238
934 3.816580858526257
935 5.504754692520076
936 2.1351032165776647
937 2.597666576434277
938 7.170551387352297
939 3.8783687587227895
940 3.90745922633414
941 0.0901315023259639
942 3.5464908979503624
943 2.8622987946598974
944 4.475349716617005
945 2.0189868922716316
946 1.5028614499826127
947 3.432802665912872
948 -1.8657826514634808
949 -1.63206333266811
950 -1.339488699437028
951 2.2543878553781336
952 1.712832758830646
953 -0.35266760700918987
954 4.004485467636838
955 -1.63206333266811
956 -0.17599145228836832
957 2.222118590053831
958 3.568835584435524
959 5.125632117537547
960 4.564484634050189
961 0.9947229576843342
962 -0.8663721287291906
963 2.0189868922716316
964 -0.5440211108893704
965 -0.4318121646169093
966 -0.4949966134195227
967 1.1507525041441855
968 -0.1685912992015366
969 -0.15322374285893137
970 -1.598159563242238
971 0.40247026519147955
972 -0.6553181037365858
973 1.6611132361328118
974 0.0901315023259639
975 -0.9817920369014215
976 -2.020573651235512
977 -2.0214820647636906
978 -1.63206333266811
979 1.4196920606622419
980 0.24520185448118892
981 -1.63206333266811
982 -1.63206333266811
983 0.32663543607232626
984 0.07337765768949644
985 -1.63206333266811
986 -0.22145621561277196
987 -1.63206333266811
988 -1.63206333266811
989 -2.4452474608068373
990 -1.63206333266811
evaluations raw_y
1 5.038663662436021
2 2.9562271001502114
3 2.06952863268615
4 2.2744843461064526
5 3.0838525985982717
6 1.4948833345246015
7 7.5575208374014355
8 5.343899402009674
9 -0.5706969843674035
10 8.127134064722105
11 6.308191305549598
12 2.1422296206591014
13 6.611402883349437
14 6.8040541371035825
15 7.367698821681889
16 3.4335943273614693
17 6.432879144674551
18 7.612073113466223
19 4.992999067107634
20 0.9452569707525273
21 3.610265905841544
22 4.287483958808494
23 3.154208102380046
24 2.2699873441944596
25 0.8127749271855622
26 4.453772121158512
27 7.281609733225363
28 5.870228219777788
29 2.594337951461624
30 0.3619596017540503
31 1.757860921214308
32 3.5354257663967656
33 5.297224013144729
34 3.797942745389737
35 5.470821667106075
36 4.5501007653699155
37 3.186325539819204
38 3.537156784801306
39 3.3253508893348394
40 5.253597566523788
41 4.251182153531401
42 5.22231156732952
43 2.596301953984273
44 5.599793567436432
45 5.924362404647962
46 2.198864206503223
47 6.170856994444284
48 8.567195016329514
49 1.7496764486936502
50 3.9315869283082368
51 4.472888044032744
52 3.8844827214314046
53 0.6596115306031818
54 3.121318405116236
55 7.49510712317849
56 1.9362683008274306
57 -0.5012959100454004
58 2.2254300741655064
59 5.7368050591651
60 1.0520598215378762
61 3.537156784801306
62 2.9562271001502114
63 2.06952863268615
64 2.2744843461064526
65 3.0838525985982717
66 1.4948833345246015
67 5.599793567436432
68 3.3253508893348394
69 -0.5706969843674035
70 5.924362404647962
71 5.253597566523788
72 2.1422296206591014
73 4.251182153531401
74 5.22231156732952
75 2.596301953984273
76 3.4335943273614693
77 2.2254300741655064
78 1.0520598215378762
79 1.9362683008274306
80 0.9452569707525273
81 0.6596115306031818
82 3.121318405116236
83 3.154208102380046
84 1.7496764486936502
85 0.8127749271855622
86 4.453772121158512
87 5.7368050591651
88 -0.5012959100454004
89 2.594337951461624
90 0.3619596017540503
91 -0.03199434089799791
92 2.8112521957887537
93 4.888610515551845
94 0.6170534233762228
95 5.3521268941732405
96 -0.05592892676272809
97 4.413141464854167
98 1.0039003395821218
99 3.2065755895838013
100 4.894884736540386
101 1.9011881658038345
102 6.511754799388187
103 8.54254796206331
104 2.5230587888625546
105 5.773630731470731
106 0.31755839734921487
107 4.480818176572059
108 -0.5100136079492703
109 1.0687443301660604
110 7.343849004257138
111 3.49808130442784
112 0.32293776941766117
113 2.6778749921539973
114 2.5198622063188485
115 10.51245405447797
116 3.4321192525394193
117 3.256008183531349
118 5.821921121569482
119 1.8842970367756506
120 4.292025664391041
121 3.537156784801306
122 2.9562271001502114
123 2.06952863268615
124 2.2744843461064526
125 1.0039003395821218
126 1.4948833345246015
127 2.5230587888625546
128 3.2065755895838013
129 -0.5706969843674035
130 5.773630731470731
131 5.253597566523788
132 0.6170534233762228
133 1.9011881658038345
134 5.22231156732952
135 -0.05592892676272809
136 3.4335943273614693
137 2.2254300741655064
138 1.0520598215378762
139 1.9362683008274306
140 0.9452569707525273
141 -0.5100136079492703
142 3.121318405116236
143 3.154208102380046
144 0.32293776941766117
145 0.8127749271855622
146 1.8842970367756506
147 4.292025664391041
148 -0.5012959100454004
149 2.594337951461624
150 0.3619596017540503
151 5.457882465156283
152 1.79075803219743
153 3.8350802377659736
154 3.7698461828592382
155 6.157793996561045
156 0.7482378746752474
157 1.8297147138790866
158 1.9959549599926838
159 5.717203635694949
160 4.3907391839039045
161 3.0457172904937693
162 2.8957546961076206
163 2.952222614680413
164 5.072392347172199
165 6.842510963109194
166 5.679641742311166
167 0.11411203789758506
168 1.5454260141475804
169 2.1779916345270873
170 2.7080263478435773
171 6.86746872475197
172 0.699761651006896
173 6.800385858025121
174 3.6992888157607697
175 4.190445141459706
176 5.055459248162282
177 3.3155448220433685
178 7.360467521220052
179 3.077095467967096
180 6.167139055816196
181 2.8957546961076206
182 2.9562271001502114
183 1.8297147138790866
184 1.9959549599926838
185 1.0039003395821218
186 1.4948833345246015
187 2.5230587888625546
188 3.0457172904937693
189 -0.5706969843674035
190 5.773630731470731
191 5.072392347172199
192 0.6170534233762228
193 0.7482378746752474
194 2.952222614680413
195 -0.05592892676272809
196 3.077095467967096
197 2.2254300741655064
198 0.699761651006896
199 1.9362683008274306
200 0.9452569707525273
201 -0.5100136079492703
202 3.121318405116236
203 3.154208102380046
204 0.32293776941766117
205 0.8127749271855622
206 1.8842970367756506
207 4.292025664391041
208 -0.5012959100454004
209 2.594337951461624
210 0.3619596017540503
211 6.678872418256145
212 1.0466877724271204
213 -0.3564770665823085
214 8.687897864858316
215 3.267413864456752
216 3.4856780095580664
217 6.33371155584827
218 7.392953354486492
219 5.692520295168521
220 -0.2274815538166164
221 1.7811543276530424
222 2.1678129945566385
223 0.8206102380944733
224 6.537191934034725
225 5.420270742570448
226 4.222321512435849
227 2.219300112139961
228 2.7463065097324786
229 5.783786990436619
230 1.5961893832125833
231 -0.8635229764819567
232 2.874525006763703
233 3.1749161135056316
234 4.984178450888326
235 3.7844366038669373
236 1.234932303747067
237 5.089199152084296
238 5.849209407241635
239 4.157433471469046
240 2.239187025367783
241 -0.2274815538166164
242 2.1678129945566385
243 1.8297147138790866
244 1.9959549599926838
245 1.0039003395821218
246 1.7811543276530424
247 2.5230587888625546
248 0.8206102380944733
249 -0.5706969843674035
250 5.420270742570448
251 5.072392347172199
252 -0.3564770665823085
253 2.2254300741655064
254 1.4948833345246015
255 -0.05592892676272809
256 3.077095467967096
257 0.7482378746752474
258 0.699761651006896
259 1.9362683008274306
260 0.9452569707525273
261 -0.5100136079492703
262 3.121318405116236
263 3.154208102380046
264 0.32293776941766117
265 -0.8635229764819567
266 1.8842970367756506
267 2.239187025367783
268 -0.5012959100454004
269 1.234932303747067
270 0.3619596017540503
271 0.5777822596517002
272 3.964257924715708
273 5.593609099189187
274 0.17648904870147675
275 5.455236384662051
276 3.5057487985118834
277 3.726539350855166
278 1.672153687576181
279 1.0672677493985607
280 2.308584468062258
281 5.249925216149941
282 -0.3273932147372225
283 7.814489774869824
284 2.4332583191118577
285 6.305194453939607
286 0.30633344412820573
287 3.612329931948469
288 3.856141152783866
289 1.622885649643207
290 0.7315252461796482
291 2.677100934452552
292 2.0268221228955943
293 4.801341629647076
294 3.945954401839886
295 1.7898140282390989
296 5.161531325438149
297 4.182580648993499
298 7.671458182073305
299 3.378870937201336
300 3.0399343394348133
301 -0.2274815538166164
302 2.1678129945566385
303 0.699761651006896
304 1.9959549599926838
305 1.0039003395821218
306 1.672153687576181
307 2.5230587888625546
308 0.8206102380944733
309 -0.5706969843674035
310 5.420270742570448
311 2.4332583191118577
312 -0.3564770665823085
313 -0.3273932147372225
314 1.4948833345246015
315 3.077095467967096
316 -0.05592892676272809
317 0.7482378746752474
318 1.0672677493985607
319 1.9362683008274306
320 0.9452569707525273
321 -0.5100136079492703
322 3.121318405116236
323 3.0399343394348133
324 0.32293776941766117
325 -0.8635229764819567
326 1.8842970367756506
327 2.239187025367783
328 -0.5012959100454004
329 1.234932303747067
330 0.3619596017540503
331 3.895376785992193
332 -0.07431562318256457
333 1.0204912496426939
334 5.613669179620081
335 2.1153203919584627
336 6.833146560215472
337 6.201670000664058
338 4.136056095792915
339 2.4280050816686685
340 2.629851866365371
341 1.8262924345341673
342 2.96459294835463
343 2.2734346813052233
344 6.636116397316539
345 5.901395373875659
346 2.2191447667939714
347 5.384497452787227
348 3.4578238349274417
349 7.268573092491556
350 -1.310624920069289
351 -0.11590409915372257
352 3.03670347597284
353 5.724711291518015
354 6.389636210247499
355 3.4712396109723276
356 3.2652854444348467
357 5.733041703525228
358 1.1674235254238186
359 1.4144278336329572
360 3.8292647152930868
361 -0.2274815538166164
362 1.8262924345341673
363 0.699761651006896
364 1.9959549599926838
365 1.0039003395821218
366 1.672153687576181
367 2.2734346813052233
368 0.8206102380944733
369 -0.5706969843674035
370 5.420270742570448
371 2.4332583191118577
372 -0.3564770665823085
373 -0.3273932147372225
374 1.4948833345246015
375 3.077095467967096
376 -0.05592892676272809
377 0.7482378746752474
378 1.0672677493985607
379 1.9362683008274306
380 0.9452569707525273
381 -0.5100136079492703
382 3.121318405116236
383 1.4144278336329572
384 -1.310624920069289
385 -0.8635229764819567
386 1.8842970367756506
387 1.1674235254238186
388 -0.5012959100454004
389 1.234932303747067
390 -0.11590409915372257
391 4.145168838961935
392 4.139767449382492
393 3.14933148089542
394 0.012273370432561492
395 3.3216373932310432
396 2.6293170236287935
397 3.727568050032397
398 1.760013712160072
399 3.4917971134071135
400 3.1954086478076826
401 1.727550763807518
402 1.5660679122748162
403 0.6233208302458135
404 4.271548003046966
405 5.41797082993546
406 -2.252246446001199
407 3.9958299997849736
408 4.63194140623867
409 -0.17355660394913386
410 3.6758970974277307
411 1.6374650308582233
412 3.896876717964816
413 3.273418742205137
414 0.47398603034060294
415 3.6189164277520076
416 3.348527850159437
417 1.8858658690185663
418 4.977390063088989
419 8.994958021584821
420 7.172449567734099
421 -0.2274815538166164
422 1.8262924345341673
423 0.699761651006896
424 1.727550763807518
425 1.0039003395821218
426 1.672153687576181
427 1.5660679122748162
428 0.8206102380944733
429 -0.5706969843674035
430 5.41797082993546
431 0.6233208302458135
432 -0.3564770665823085
433 -0.3273932147372225
434 1.4948833345246015
435 3.077095467967096
436 -0.05592892676272809
437 0.7482378746752474
438 0.47398603034060294
439 1.9362683008274306
440 0.9452569707525273
441 -0.5100136079492703
442 3.121318405116236
443 1.4144278336329572
444 -2.252246446001199
445 -0.8635229764819567
446 1.8842970367756506
447 1.1674235254238186
448 -0.5012959100454004
449 1.234932303747067
450 -0.11590409915372257
451 6.545405924628729
452 1.3652637569764097
453 1.660467489929287
454 1.4078000838658906
455 2.114316864399107
456 2.875592676327165
457 4.192969355541056
458 3.06583984747299
459 6.665795652246694
460 2.940354012272498
461 5.453257340681963
462 6.280392287078365
463 3.2589633024539104
464 8.900905408646237
465 -0.3740464107404309
466 4.129069338864662
467 3.0568911541417805
468 3.1025172528861207
469 1.1707309836263229
470 1.8599985329683166
471 2.466052734164394
472 1.0421149302011403
473 5.059010100333985
474 4.02284558296785
475 2.2797618213742186
476 1.2210362233681824
477 -0.27143407860300783
478 2.3104703335671175
479 2.4372289910602865
480 8.439977256245808
481 -0.2274815538166164
482 1.8262924345341673
483 0.699761651006896
484 1.727550763807518
485 1.0039003395821218
486 1.672153687576181
487 1.5660679122748162
488 0.8206102380944733
489 -0.5706969843674035
490 -0.3740464107404309
491 0.6233208302458135
492 -0.3564770665823085
493 -0.3273932147372225
494 1.4948833345246015
495 3.077095467967096
496 -0.05592892676272809
497 0.7482378746752474
498 0.47398603034060294
499 1.9362683008274306
500 0.9452569707525273
501 -0.5100136079492703
502 3.121318405116236
503 -0.27143407860300783
504 -2.252246446001199
505 -0.8635229764819567
506 1.8842970367756506
507 1.1674235254238186
508 -0.5012959100454004
509 1.2210362233681824
510 -0.11590409915372257
511 3.102492997159514
512 0.2207458310233239
513 -0.5765824483118118
514 7.186931433474542
515 5.9823591018333415
516 4.811109051167151
517 5.82478777220375
518 3.753232256146146
519 2.5095910627216003
520 5.805861453559645
521 2.603284541767793
522 7.202814820194396
523 6.437459921311825
524 3.3031180728879472
525 4.280343867560194
526 7.281540469571844
527 0.5234164057845936
528 3.587781101598735
529 4.559634315632827
530 -0.6597201790705323
531 2.139468674788041
532 1.7021371501792029
533 6.450478146715348
534 2.8452203130411795
535 4.863789789512122
536 7.230249260797777
537 1.4877278756071903
538 9.148108438954583
539 3.2734922777871223
540 -2.4668659682295346
541 -0.2274815538166164
542 -2.252246446001199
543 0.699761651006896
544 1.727550763807518
545 1.0039003395821218
546 1.672153687576181
547 1.5660679122748162
548 0.8206102380944733
549 1.8262924345341673
550 -0.3740464107404309
551 0.6233208302458135
552 -0.5765824483118118
553 -0.3273932147372225
554 1.4948833345246015
555 3.077095467967096
556 -0.05592892676272809
557 0.7482378746752474
558 0.47398603034060294
559 1.9362683008274306
560 0.9452569707525273
561 -0.5100136079492703
562 -2.4668659682295346
563 -0.6597201790705323
564 -0.5706969843674035
565 -0.8635229764819567
566 1.8842970367756506
567 1.1674235254238186
568 -0.5012959100454004
569 1.2210362233681824
570 -0.11590409915372257
571 -0.03207560650766217
572 1.9744976348585406
573 -0.32700605572371977
574 3.252209236734797
575 0.9414982328158823
576 0.9794196818061099
577 2.042508073277163
578 5.973463698522046
579 2.1920869739477418
580 2.789657485639733
581 1.4928282048057033
582 0.8194132370917409
583 7.975290696788585
584 2.257539507669277
585 1.9397411085269232
586 3.6916603981855123
587 -1.3342887642703611
588 3.2741173561718586
589 -0.22173368829764284
590 2.8223788817956854
591 1.4966270833735242
592 0.8100835639796347
593 4.073293069709106
594 2.2011390913077236
595 6.26521149347686
596 2.8741210241943107
597 -2.050502954670635
598 0.659747682748722
599 4.303715448648433
600 3.631555745052577
601 -0.2274815538166164
602 -2.252246446001199
603 0.699761651006896
604 1.727550763807518
605 1.0039003395821218
606 0.8194132370917409
607 1.4928282048057033
608 0.8206102380944733
609 1.8262924345341673
610 -0.3740464107404309
611 0.6233208302458135
612 -0.5765824483118118
613 -0.3273932147372225
614 1.4948833345246015
615 1.9397411085269232
616 -0.05592892676272809
617 0.7482378746752474
618 0.47398603034060294
619 1.9362683008274306
620 0.9452569707525273
621 -0.5100136079492703
622 -2.4668659682295346
623 -0.6597201790705323
624 -0.5706969843674035
625 -1.3342887642703611
626 1.8842970367756506
627 -2.050502954670635
628 -0.5012959100454004
629 0.659747682748722
630 -0.11590409915372257
631 1.2711072493393871
632 0.49570917103395296
633 3.91735810930002
634 2.3007349710777514
635 -0.9618479615115825
636 2.899919993556585
637 1.2474483860939105
638 4.289798514932389
639 5.382784014009472
640 2.702813261925551
641 2.59827077457065
642 0.5830842711904594
643 3.7577401990585737
644 2.38145826601012
645 4.692962028732126
646 4.688985249899431
647 0.8284626612517139
648 3.106521637156029
649 2.3470442039050408
650 2.6641255420910914
651 3.5590766968690524
652 0.33103033177797414
653 10.037921381683002
654 1.070069497391473
655 2.4605572907763786
656 4.088412720135111
657 7.248178740448411
658 5.565609525346753
659 3.5676239811205317
660 1.1422900613968001
661 -0.9618479615115825
662 -2.252246446001199
663 0.699761651006896
664 1.727550763807518
665 1.0039003395821218
666 0.8194132370917409
667 1.4928282048057033
668 0.8206102380944733
669 1.8262924345341673
670 -0.3740464107404309
671 0.6233208302458135
672 -0.5765824483118118
673 -0.3273932147372225
674 0.5830842711904594
675 1.9397411085269232
676 -0.05592892676272809
677 0.7482378746752474
678 0.47398603034060294
679 1.1422900613968001
680 0.9452569707525273
681 -0.5100136079492703
682 -2.4668659682295346
683 -0.6597201790705323
684 -0.5706969843674035
685 -1.3342887642703611
686 1.8842970367756506
687 -2.050502954670635
688 -0.5012959100454004
689 0.659747682748722
690 -0.11590409915372257
691 -2.7201055544468495
692 -0.4859373913208076
693 2.558661015341693
694 5.952004601988693
695 0.730592766240437
696 0.44386202682341214
697 -2.394468290455509
698 0.7797176697576158
699 0.934275934755227
700 5.602599104687799
701 2.234892363226048
702 1.7151777988706947
703 2.150675509324407
704 5.368638016896504
705 2.431462579984606
706 -1.2855777384717957
707 3.7363856790282752
708 -1.4474999480357993
709 1.562308900805652
710 3.0069273145369744
711 2.394724195591135
712 3.8954763231257683
713 4.244829006996014
714 1.4286807249571516
715 6.911876355919866
716 9.485534846995392
717 2.1575405144061035
718 0.11329648243592105
719 7.404164633522499
720 1.9209034344157345
721 -0.9618479615115825
722 -2.7201055544468495
723 0.699761651006896
724 1.727550763807518
725 1.0039003395821218
726 0.8194132370917409
727 1.4928282048057033
728 0.8206102380944733
729 1.8262924345341673
730 -0.3740464107404309
731 -2.394468290455509
732 -0.5765824483118118
733 -0.3273932147372225
734 0.44386202682341214
735 1.9397411085269232
736 -0.05592892676272809
737 0.7482378746752474
738 0.47398603034060294
739 1.1422900613968001
740 0.11329648243592105
741 -0.5100136079492703
742 -2.4668659682295346
743 -0.6597201790705323
744 -0.5706969843674035
745 -1.4474999480357993
746 1.8842970367756506
747 -2.050502954670635
748 -0.5012959100454004
749 0.659747682748722
750 -0.11590409915372257
751 -1.2729700264032426
752 3.473786382927324
753 3.7428394469970416
754 3.6738711783563094
755 0.01710491069809761
756 0.8703363570596787
757 3.8373070799385873
758 -1.63206333266811
759 0.05208846596136363
760 1.8418668164755818
761 0.3001285813132819
762 -1.6265618758564706
763 5.319547577604276
764 6.083346336397179
765 4.636455223022454
766 3.910410618816611
767 2.3156182438835704
768 -1.566805179652587
769 -0.8154271847883114
770 7.162142577439332
771 4.520484489725223
772 10.66913646065095
773 -0.48606869080241877
774 2.9521245877753852
775 3.117064873841848
776 5.475856076848525
777 2.0587354732777383
778 5.895281824586091
779 3.614571008726574
780 2.276440264886343
781 -0.9618479615115825
782 -2.7201055544468495
783 -1.63206333266811
784 1.727550763807518
785 0.3001285813132819
786 0.05208846596136363
787 -1.6265618758564706
788 0.8206102380944733
789 1.8262924345341673
790 -0.3740464107404309
791 -2.394468290455509
792 -0.5765824483118118
793 -0.3273932147372225
794 0.44386202682341214
795 1.9397411085269232
796 1.8842970367756506
797 0.7482378746752474
798 0.47398603034060294
799 1.1422900613968001
800 0.11329648243592105
801 -0.5100136079492703
802 -2.4668659682295346
803 -0.8154271847883114
804 -0.5706969843674035
805 -1.566805179652587
806 -0.05592892676272809
807 -2.050502954670635
808 -0.5012959100454004
809 0.659747682748722
810 -0.48606869080241877
811 1.3690519349264862
812 1.4502501861928012
813 -1.484946251897525
814 0.7261527745024754
815 1.6234029371606442
816 3.066842338081915
817 2.54840830425983
818 1.0964757491182242
819 3.6998972255063522
820 3.3535145371932913
821 0.6804311125900853
822 2.300292507259176
823 1.947127848494314
824 -0.25568975918276227
825 6.345408422739639
826 4.668412023356855
827 3.5066422373237627
828 0.95964500143215
829 2.211864874854365
830 4.631847951309544
831 0.434987861110276
832 5.2582012470777055
833 1.856023845543872
834 0.3666132422877473
835 0.453126476164452
836 0.8817440714361915
837 6.275084620579037
838 3.5046336287352657
839 4.7898419220904245
840 5.296871934072238
841 -0.5765824483118118
842 -2.7201055544468495
843 -1.63206333266811
844 1.727550763807518
845 0.3001285813132819
846 0.05208846596136363
847 -1.6265618758564706
848 0.8206102380944733
849 -0.25568975918276227
850 -0.3740464107404309
851 -2.394468290455509
852 -0.9618479615115825
853 -0.3273932147372225
854 0.44386202682341214
855 1.9397411085269232
856 1.8842970367756506
857 0.7482378746752474
858 0.47398603034060294
859 1.1422900613968001
860 0.11329648243592105
861 -0.5100136079492703
862 -2.4668659682295346
863 -0.8154271847883114
864 -0.5706969843674035
865 -1.566805179652587
866 -0.05592892676272809
867 -2.050502954670635
868 -0.5012959100454004
869 0.659747682748722
870 -0.48606869080241877
871 0.2535000009273971
872 0.8724774930031858
873 -0.598150777640241
874 0.3274070684217465
875 0.7008542110898124
876 6.851578358732788
877 0.7276122931812918
878 0.49072379747929284
879 1.0607630936024748
880 3.4166987947834904
881 1.8640600068434137
882 -2.7201055544468495
883 3.6164167809878327
884 5.1608644779739485
885 3.1832569673856623
886 3.046190258596373
887 -1.2461432287213583
888 -1.63206333266811
889 -1.63206333266811
890 -0.6286924628473356
891 0.6241864646202231
892 1.2282039116376486
893 3.2368236609042356
894 -0.9446415463136142
895 6.375447977641752
896 0.027011437936714344
897 1.788495223229162
898 4.264506888931824
899 0.2980430545465875
900 8.619992267389364
901 -0.5765824483118118
902 -2.050502954670635
903 -1.63206333266811
904 1.727550763807518
905 0.3001285813132819
906 0.05208846596136363
907 -1.6265618758564706
908 0.8206102380944733
909 -0.25568975918276227
910 -0.3740464107404309
911 -2.394468290455509
912 -0.9618479615115825
913 -0.3273932147372225
914 -2.7201055544468495
915 1.9397411085269232
916 1.8842970367756506
917 0.7482378746752474
918 0.027011437936714344
919 0.2980430545465875
920 0.11329648243592105
921 -0.5100136079492703
922 -2.4668659682295346
923 -1.63206333266811
924 -0.6286924628473356
925 -1.63206333266811
926 -0.9446415463136142
927 -2.7201055544468495
928 -0.5012959100454004
929 0.659747682748722
930 -0.48606869080241877
931 1.9286930578784087
932 0.5149012292654302
933 -1.074615057916691
934 -0.19585219511102192
935 -1.6320633326681095
936 4.538540581492791
937 -0.5440211108893704
938 3.3425086953803564
939 2.093878005197869
940 -0.41237686959924114
941 -0.6487156093461883
942 0.39025646174526196
943 5.57643656529789
944 3.845871566459235
945 -0.19066384423669014
946 4.529038886898621
947 1.7268315084687997
948 -0.41510924556193496
949 -1.63206333266811
950 5.346952922498544
951 4.90567537606321
952 2.1561933064983982
953 -0.9919029950510319
954 1.376314594743372
955 3.7038983889646095
956 4.7486002994348215
957 -2.7201055544468495
958 5.319592177393031
959 1.9497516270218318
960 4.11208313477375
961 -0.5765824483118118
962 -2.050502954670635
963 -1.63206333266811
964 1.727550763807518
965 0.3001285813132819
966 -0.6487156093461883
967 -1.6320633326681095
968 0.8206102380944733
969 -0.41237686959924114
970 -0.3740464107404309
971 -2.394468290455509
972 -0.9618479615115825
973 -0.3273932147372225
974 -2.7201055544468495
975 -0.19066384423669014
976 1.8842970367756506
977 0.7482378746752474
978 0.027011437936714344
979 -2.7201055544468495
980 0.11329648243592105
981 -0.5100136079492703
982 -2.4668659682295346
983 -1.63206333266811
984 -0.6286924628473356
985 -1.63206333266811
986 -0.9446415463136142
987 -2.7201055544468495
988 -0.9919029950510319
989 0.659747682748722
990 -0.48606869080241877
