{
	"version": "0.3.14", 
	"suite": "unknown_suite", 
	"function_id": 15, 
	"function_name": "RastriginRotated", 
	"maximization": false, 
	"algorithm": {"name": "DE", "info": "algorithm_info"},
	"attributes": ["evaluations", "raw_y"],
	"scenarios": [
		{"dimension": 23,
		"path": "data_f15_RastriginRotated/IOHprofiler_f15_DIM23.dat",
		"runs": [
			{"instance": 0, "evals": 1101, "best": {"evals": 1051, "y": 542.2884407443302, "x": [0.0550402050547949, -4.760725296161647, 3.1314827496757363, 2.0091630574995443, 2.851867634473234, -4.6931894190538515, -3.223807548598704, 0.9068098994476985, -0.4935753742196347, 2.953812464868234, 1.607830811140781, -2.70552320458654, -2.974976372644754, 3.753246181965693, 1.6907955555468874, -4.2689417429080745, 3.3047243915104962, 0.6321450336076072, -1.7091585992909115, 3.000485714249275, 2.986556662764743, -1.0675472838942044, 0.06911651259635221]}},
			{"instance": 0, "evals": 1101, "best": {"evals": 989, "y": 580.9333178079422, "x": [-0.4536848674227958, -2.4645501114366697, 1.5815087644918862, -1.633062740839406, -1.368197235581368, -1.903863342193203, -4.234097185790244, 0.6420538279941024, 3.902224625613872, 1.6379887423697026, 3.0273430082302983, -2.1324747383306732, -1.3305332265865504, 2.1560183285870558, -0.5223518387193353, -0.12623870821603045, -0.4202239605925193, -2.177859654095516, -3.1816850837665167, 0.427314538143449, 1.3052387730846196, -2.5152952101521744, 1.502681154936775]}},
			{"instance": 0, "evals": 1101, "best": {"evals": 493, "y": 597.6110142367235, "x": [3.152633810591288, -2.777617306223558, -0.6771360600349938, 0.6098990883707827, -1.7877169682478917, -0.2433522563925692, -1.4906543665763827, 3.0903377483200476, 3.8136235732276984, 3.95305577590128, 4.595969347341507, -1.9466429390869413, -3.59738896165171, -1.5500160719173326, 4.366122022353183, -4.327633234594545, 2.0879223551489474, 1.2294672434779268, -1.9882373582310562, 3.856364304770219, -2.513009677913085, -2.4332241243816046, 3.9444834372724267]}},
			{"instance": 0, "evals": 1101, "best": {"evals": 969, "y": 394.66532042759746, "x": [0.22681436165120705, -2.6862682945824985, -0.2329899205681869, 3.4753648160119828, 1.9935760459499914, 1.2914400978080842, -1.2959977982122486, -0.9099644759843883, 2.180843038746442, 1.7478474305815346, 1.2268421180492683, -4.1831367418686884, -1.5975566816857096, -1.614302662013587, 1.105551878360835, -2.5520183057049755, -0.8112935545126834, 0.07511257544174454, -2.0643287455475985, 3.2414609270577768, 1.7020507360220254, 0.3294056340878968, -1.069534552709964]}},
			{"instance": 0, "evals": 1101, "best": {"evals": 968, "y": 520.4603244079909, "x": [4.221156111990963, 0.2657292048659241, 1.6032291625411785, 2.1804041931752507, 4.444863925009341, -2.5783361465024446, 4.591798096211271, 0.024169335763914335, 4.6332557656033355, 4.079193399065183, 1.4464205602239097, -2.451618272773013, 0.38974054240437384, -1.3631191128058742, -0.9599604458280431, -1.582294830697229, 0.8618581399573682, -2.3241494248790673, -1.9190704771443952, 2.665383077585189, 4.747498064656939, 2.0348853108734914, 1.1411014687664198]}},
			{"instance": 0, "evals": 1101, "best": {"evals": 964, "y": 499.85022879146766, "x": [3.64284737823904, -1.5014558709743875, 1.4793792623543398, 1.7620552790102066, 1.1839177357125568, 3.0790360869816435, -0.8181728855337509, 2.162011414882424, 1.9443794515553505, 1.4214636285541156, 2.2959467961657953, -3.3604067126358355, -3.1709436011987675, -1.3958198924118972, 2.660121136616107, -1.322889460355285, 1.3914058055578695, -3.0349345263457934, -1.953529713424711, 2.713578295230334, 1.5710093742521423, -1.5322736000441737, 2.4624497556378113]}},
			{"instance": 0, "evals": 1101, "best": {"evals": 1074, "y": 528.8155270966631, "x": [1.1900027818992371, -2.6344661126104145, -1.8882300563738097, 3.230632484225721, 2.3123842505176104, -0.35324765043662376, -1.3041868738057443, -0.6268378155526548, 2.9555146834464536, 4.249736116987902, 1.2523323739314804, -2.798454631994657, 2.161558794476141, -0.10603598513442192, -0.25008326854195406, -1.8671863296965459, -0.5739483740297548, -4.331495201865351, -0.7553389005752087, -1.5625443008869482, 2.5415483398048915, 1.4243835903190942, 0.07263815658028783]}},
			{"instance": 0, "evals": 1101, "best": {"evals": 89, "y": 581.8507352858727, "x": [-2.9320121356543547, 0.6511996120198376, -0.3000378555735814, 4.503570581551689, 2.4826426597581497, -1.5228798405639088, 1.9032569048707728, 3.889847500720294, 3.209563958609717, 0.6203018864240735, 1.7382644766627244, -4.0665161127731135, -0.8239971164251796, -1.668326778932792, 3.5717892378063034, -0.9400373667592667, -1.0903204041519254, -1.5298310540345539, -4.839286406794625, 3.357791296506063, 3.6897768768077466, 1.2263848019094015, -3.6114173505818705]}},
			{"instance": 0, "evals": 1101, "best": {"evals": 1065, "y": 512.3581852433308, "x": [1.7653538853819857, -3.048673519709985, -2.7207940280484753, 1.2785301227472887, 0.7983289535966474, -0.6526871043222702, -4.791301092255127, 1.63776102119164, -0.4880875150313051, -0.966344531754254, 0.09796272070499867, -3.739092408385969, 1.4428788733884539, 0.43847586158123164, -0.26859917381857024, -2.2388107032804214, -0.560519913739032, -3.339758665139887, -0.4845868978294079, 1.3115881709817259, 4.232635323660682, -1.3808726154568518, 1.417053766741661]}},
			{"instance": 0, "evals": 1101, "best": {"evals": 788, "y": 589.0098804892348, "x": [0.4665113382374573, -1.5450871582325143, 0.34565283706263283, 0.6366917856667516, 2.5995699238204084, 1.469381004890277, 1.7399077139713304, 0.5793496200803228, 0.016325427558068206, -0.6112752933980365, 3.510484195242709, -4.232653822755511, 0.5003910250783274, 2.4806660575698243, 0.3339277188053773, -3.687196615070399, -3.8176938131484937, 1.0386540815573406, 3.0517748141235597, -2.029387991789231, 1.6544858703638052, -0.8034070611881567, 0.27355202613177987]}},
			{"instance": 0, "evals": 1101, "best": {"evals": 1070, "y": 631.994900389891, "x": [-0.6873415586046399, -2.0918429333649358, 3.645252879165083, 2.6250578610974045, 3.332656711458054, 1.6735107193116665, -2.677888118330523, -2.301865498551442, 3.0078060927888135, 2.7334947883857854, 1.9566858826104339, -4.541654556903231, -2.0929068738343783, -2.7073537528283538, -0.3112089222254717, 0.8062264031326825, 0.5063866270791781, -1.2725029056416077, 0.7249562733132793, 2.2895933316992174, 0.09570852970295429, -1.1740876700605822, -1.526935218262066]}},
			{"instance": 0, "evals": 1101, "best": {"evals": 1072, "y": 603.7728340128681, "x": [-0.3046303242148056, -3.949515180048876, -0.24629176300065803, -0.1372158626640374, 4.54343976917454, -0.4373806584594253, 0.45591711138150726, 3.613731436551571, 4.757267120501181, 1.6702543328730175, 2.620848836333602, -0.47444560000227387, 0.7987291551977642, 0.9436351586069636, 0.7325278232687884, -2.360324664764713, 0.8515360253299158, -1.2611612820516696, 1.2313992141126957, -1.2620357494973087, 4.89134481681119, -0.9431832099809946, 0.014134580268835961]}},
			{"instance": 0, "evals": 1101, "best": {"evals": 600, "y": 530.4300539975459, "x": [1.4098342333142377, -3.5227907982231272, -1.9311320514483943, -0.11330617755927808, 0.26531218226362974, -3.481062569158926, -2.422052553537756, 0.7210565392744321, 1.929337132950034, 2.528802806265543, 0.12203179388303376, -3.502389783617733, 2.6605722775108482, 2.3852454109489667, -2.6454126311114585, -4.011941929671524, 1.133447262396023, 0.5676981267471215, -1.7173775168317915, 0.3484337351308504, 4.937597003609991, 0.4138416146430086, -1.1341094947585866]}},
			{"instance": 0, "evals": 1101, "best": {"evals": 681, "y": 574.754727374375,