{
	"version": "0.3.14", 
	"suite": "unknown_suite", 
	"function_id": 1, 
	"function_name": "Sphere", 
	"maximization": false, 
	"algorithm": {"name": "DE", "info": "algorithm_info"},
	"attributes": ["evaluations", "raw_y"],
	"scenarios": [
		{"dimension": 23,
		"path": "data_f1_Sphere/IOHprofiler_f1_DIM23.dat",
		"runs": [
			{"instance": 0, "evals": 221, "best": {"evals": 218, "y": 85.19476770586917, "x": [1.3230583059357945, -2.4003444776329097, 2.391000447709517, -0.506211809664022, 1.9960326766389063, -1.7921993502826417, 2.5804770016821017, -2.4559742166814904, 0.9089294318824184, -0.7940984014759525, -2.220979027511322, 2.061074857116573, 2.704857255333451, -0.35230005448959645, -3.2563357099500854, -2.0306870034905877, -1.041486170275749, -3.014350788774113, -0.5001182728256977, 0.5167018992425094, -3.8652647875941093, 0.24159170726162227, 3.7733935338098092]}},
			{"instance": 0, "evals": 221, "best": {"evals": 192, "y": 123.89130813338603, "x": [0.2531826445072136, -1.8264570279785728, 1.9753613826185128, -1.3994009806927399, -0.22405224953605352, 2.1687160078657777, 2.6979518311040667, -2.1884600592872516, 2.1532231052913566, -3.515728784023075, 1.2471991441487489, -0.2716354349008525, -0.4859733999826563, 4.764900340442491, 3.7550140981702986, -1.8046866751243766, -1.0664122217668532, 2.053805596474173, -0.25525389054288805, 1.219626241309765, -2.4639090156470562, -1.2700932191774816, 0.16543405217716978]}},
			{"instance": 0, "evals": 221, "best": {"evals": 215, "y": 87.38412542872977, "x": [1.2859592430691023, -1.3022936272624555, 1.9306686238530257, 0.06863721471180306, 2.4708552678333824, 0.564402180392666, -1.9645686503668138, -1.959640328168295, -2.7746235669276373, 0.006199484190981375, -0.35667004744540787, 3.668474276938438, 0.7637250776031239, 1.8038392531133876, 2.7235377056985053, -0.963189362270547, -0.28589843708810103, 2.006451657987258, 1.9229082554479802, 3.883110725872725, 0.5805336073857328, -0.8990804752279649, 1.5320629462003348]}},
			{"instance": 0, "evals": 221, "best": {"evals": 179, "y": 58.16688459715858, "x": [0.5517787501645688, -2.797407391126338, 4.5451680010413735, 3.2657302989116355, 0.8619015671088368, -3.0016947348184226, 1.6560322490303103, -4.149495799957625, 1.1520033250706385, 1.865219609944116, -2.441896931699584, 3.5759606062608125, 1.5400784543091448, -0.9940777001857164, 2.8207143655363938, -1.9762318841043487, -3.437598538948974, 0.7218289700119263, 1.6848542730677885, 4.192335623152367, -0.9895694642759136, -3.0648666345598516, 2.075623256172182]}},
			{"instance": 0, "evals": 221, "best": {"evals": 218, "y": 89.83890256804766, "x": [-0.6864051489401739, 0.5873347762111363, 4.924232665070894, -0.9371939077104976, 2.81867874375057, 1.6877789912699135, 2.362059768552255, 0.1239430016793619, -2.8294048494926987, 0.9753365767384838, -1.288816869082102, -0.4849984336596316, 2.05855710536352, -1.1378742482587039, -0.9952313796323009, -3.2372623762827955, -2.100817640714202, -0.5208679409443531, 1.2158109090863978, 2.0227946389528313, -2.8548012718827143, -0.6640909702867359, 3.81633766307508]}},
			{"instance": 0, "evals": 221, "best": {"evals": 178, "y": 76.34201348902413, "x": [-0.031361442552601204, -1.4618658864794196, 0.31989889490977474, 0.2253523558511823, 2.8619857683502827, 0.15054945159558408, 2.767473661838907, -0.3534540459656492, 2.3364753175323187, -4.138714411429242, -1.3361074184339223, -0.03963044674333638, 3.3023763313512404, -0.4929097154951123, 1.0440429666747846, -4.718350059832339, -3.21673390065751, 2.864804536799194, -0.14934600491306993, 0.5323141316640139, -3.681529801071532, -2.7817299502256483, 4.27615817425399]}},
			{"instance": 0, "evals": 221, "best": {"evals": 212, "y": 109.64218016916924, "x": [0.12419991801819785, -2.3076080841407935, -1.1996065398982347, 1.5654731423579227, 2.906112222541261, 1.781743897148143, 1.2545061855895012, -1.7531544316281837, -2.3462009179298695, 2.3706071602727454, 1.8879888772093558, 4.606914466003278, 3.486550327275941, 3.026467593928203, 1.551849016031177, -3.9687630903434634, 1.0692951586815864, 2.4222832726497714, 2.231427078539375, -1.4969689476510248, -3.217828504510314, -0.5028476475669668, 2.1681904501074634]}},
			{"instance": 0, "evals": 221, "best": {"evals": 213, "y": 105.06761793558167, "x": [-2.5568825006636153, -2.022659268576087, 1.6137897527972667, -2.82516706862269, 3.9287783352206604, -3.8731626113464586, 1.0275711103540486, -0.018922332702788758, 0.7746164791907981, -1.480089377423457, 0.6453527345134198, 3.4267097381478364, 4.537601271802743, -0.06313932213104789, -0.4932105390270385, -3.9771953841537906, -3.9309727547281494, -0.9178421708166286, 0.053763438203342506, 1.2695582770459075, -0.38430177744791405, -0.0915912718452272, -0.046379752436685795]}},
			{"instance": 0, "evals": 221, "best": {"evals": 211, "y": 124.29266846846843, "x": [-0.10290535139918, 0.04370662148134219, 1.45852150693722, 4.290043125426642, 1.8088342258419399, -2.0538464988226126, 2.19526208082639, -3.0311555818267504, 3.706404490885186, 2.596164284505898, -0.9905342238771864, -0.5086897660387004, 2.191973176137839, 2.7032276602698753, 3.087500889807228, -3.2611642564612318, -3.0116624471337423, 4.018630111233657, 0.1849942810064853, -1.6082870092921264, 2.7296769726297727, -1.9767539469971573, 4.369577172446012]}},
			{"instance": 0, "evals": 221, "best": {"evals": 176, "y": 102.12597239065805, "x": [-2.595217314272402, -3.6012071411260624, 3.8473427703985177, -3.651330949226134, 4.195295134255924, 1.1994187320166771, -2.474477173082615, 1.5659999139900895, 0.5908817648311306, 1.0776152308308031, -1.3331046820804617, -2.1492637267088273, 0.8586024439662401, 1.6446535687591837, 1.8965978531072647, 0.9285303506293365, -2.8907184759931193, 3.6178859771227057, 0.9007890687218223, 1.9419855792911322, -2.7616892305878626, -2.3850899643670465, 2.9944722558581853]}},
			{"instance": 0, "evals": 221, "best": {"evals": 173, "y": 76.86966764981587, "x": [-1.1022306363825116, -2.8895197906046204, 3.296887977878497, -2.4815650889089365, 2.9453166114696474, -1.7530839797529258, -3.184288667690648, -3.392696895477824, 4.649140800432622, -0.8595561312434548, -3.6759086985862313, 0.066507107652793, 1.5238168752283787, -1.2179199753633978, 1.2972265847714644, -1.9896200228510044, -3.696969329299573, 0.2655463746245643, 4.6736605790433146, 2.954293316705847, -2.894433904123372, 0.8517242646567489, 2.914090374578798]}},
			{"instance": 0, "evals": 221, "best": {"evals": 212, "y": 109.49860811737051, "x": [-4.798197708164386, -2.640108455661192, 4.954739500762209, -0.06511263112667254, 1.5446651960502211, 0.8794116207670024, 0.4769458371915467, -1.7674907478934365, 2.2923256950066397, 2.5923994452727213, -3.5158139283348566, -1.5094289695755103, -0.4252726929645201, 0.4647078183511395, -1.7320898962132336, -2.8786578226720603, -1.0374009233302404, 3.29283120346447, 2.493360049661021, 2.3725199578103124, 1.2064021291204856, -0.7566914926072184, -0.11489222219406581]}},
			{"instance": 0, "evals": 221, "best": {"evals": 197, "y": 73.52340362774176, "x": [0.829737756086586, -2.1801203204833532, 1.1553048777180135, -2.3759683722235785, 2.532328347990588, 0.6346802403859262, 1.0617241310430319, 0.3900570604010434, 1.2275616941215222, -1.9122960338377135, -2.889618788720726, 0.007042621169950136, 4.346483044097516, 0.5413276879045119, 0.4098620587182631, 1.1968397459409255, -2.7674278072676657, 4.033477294613072, 2.3732587598001773, 1.181015655393793, -2.012253470645767, -0.31305341044668045, 1.8486034334490045]}},
			{"instance": 0, "evals": 221, "best": {"evals": 176, "y": 80.49129157389916,